{
"type": "FeatureCollection",
"name": "isochrone_shop_bakery_drive",
"crs": { "type": "name", "properties": { "name": "urn:ogc:def:crs:OGC:1.3:CRS84" } },
"features": [
{ "type": "Feature", "properties": { "threshold_s": "300", "time_label": "5 min drive" }, "geometry": { "type": "Polygon", "coordinates": [ [ [ 105.8242384, 21.0652249 ], [ 105.825410799999986, 21.0680456 ], [ 105.826035299999987, 21.0684484 ], [ 105.8263191, 21.0685624 ], [ 105.827299699999983, 21.0671643 ], [ 105.8315554, 21.0680995 ], [ 105.8336961, 21.0677917 ], [ 105.8350823, 21.0674844 ], [ 105.8372885, 21.0640611 ], [ 105.837448599999988, 21.063779 ], [ 105.8370781, 21.0623407 ], [ 105.8373781, 21.0588464 ], [ 105.8368274, 21.0552363 ], [ 105.837592, 21.0525554 ], [ 105.8339102, 21.0561637 ], [ 105.8337692, 21.0561987 ], [ 105.8330831, 21.0565613 ], [ 105.832645699999986, 21.0568351 ], [ 105.8324125, 21.0582621 ], [ 105.8317713, 21.0608811 ], [ 105.8293449, 21.0627201 ], [ 105.8250106, 21.062725 ], [ 105.824286499999985, 21.0622978 ], [ 105.8240645, 21.0641052 ], [ 105.8242384, 21.0652249 ] ] ] } },
{ "type": "Feature", "properties": { "threshold_s": "600", "time_label": "10 min drive" }, "geometry": { "type": "Polygon", "coordinates": [ [ [ 105.819147699999988, 21.0746625 ], [ 105.8187864, 21.0750424 ], [ 105.8188372, 21.0750797 ], [ 105.8214633, 21.0767496 ], [ 105.8226494, 21.0770309 ], [ 105.826889699999981, 21.0742817 ], [ 105.8290271, 21.0726398 ], [ 105.833167299999985, 21.0696651 ], [ 105.83456409999998, 21.0684068 ], [ 105.837913199999988, 21.0640415 ], [ 105.8381526, 21.0625215 ], [ 105.8392422, 21.0589809 ], [ 105.8412143, 21.0575768 ], [ 105.8440772, 21.0570868 ], [ 105.8448187, 21.0565981 ], [ 105.8443236, 21.0542526 ], [ 105.844048699999988, 21.0528946 ], [ 105.844027199999985, 21.049822 ], [ 105.8457522, 21.0453652 ], [ 105.843057499999986, 21.0443714 ], [ 105.842345499999979, 21.044652 ], [ 105.8409974, 21.0454008 ], [ 105.8360875, 21.0436361 ], [ 105.8408523, 21.0465531 ], [ 105.838508299999987, 21.0487951 ], [ 105.835914299999985, 21.0526278 ], [ 105.832645699999986, 21.0568351 ], [ 105.8324125, 21.0582621 ], [ 105.8317713, 21.0608811 ], [ 105.8261921, 21.0612048 ], [ 105.8230532, 21.0569821 ], [ 105.8208852, 21.0546983 ], [ 105.820405799999989, 21.0550064 ], [ 105.820428099999987, 21.0568115 ], [ 105.8209989, 21.0621614 ], [ 105.819245, 21.0667666 ], [ 105.8193864, 21.0672773 ], [ 105.821453099999985, 21.0683428 ], [ 105.8213389, 21.0727396 ], [ 105.8197134, 21.0740943 ], [ 105.819147699999988, 21.0746625 ] ] ] } },
{ "type": "Feature", "properties": { "threshold_s": "900", "time_label": "15 min drive" }, "geometry": { "type": "Polygon", "coordinates": [ [ [ 105.8157867, 21.0857758 ], [ 105.8160341, 21.0862992 ], [ 105.8161364, 21.0863269 ], [ 105.8162355, 21.0863521 ], [ 105.8216434, 21.0832042 ], [ 105.822218299999989, 21.082718 ], [ 105.8320226, 21.0815984 ], [ 105.8360514, 21.0785898 ], [ 105.8368812, 21.0776944 ], [ 105.833167299999985, 21.0696651 ], [ 105.83456409999998, 21.0684068 ], [ 105.8350823, 21.0674844 ], [ 105.837913199999988, 21.0640415 ], [ 105.8460751, 21.0600606 ], [ 105.848916, 21.0612404 ], [ 105.8498942, 21.0617944 ], [ 105.8496843, 21.0596697 ], [ 105.848315199999988, 21.0591785 ], [ 105.8443236, 21.0542526 ], [ 105.8481324, 21.0481674 ], [ 105.8492648, 21.0462351 ], [ 105.850106499999981, 21.0449387 ], [ 105.8513591, 21.04259 ], [ 105.8523166, 21.0409591 ], [ 105.8532212, 21.0390552 ], [ 105.853116, 21.0377241 ], [ 105.852869699999985, 21.0375029 ], [ 105.847722399999981, 21.0362416 ], [ 105.840904899999984, 21.0341906 ], [ 105.836186500000011, 21.0349715 ], [ 105.828665499999985, 21.0395817 ], [ 105.826639699999987, 21.0413859 ], [ 105.8285905, 21.0410636 ], [ 105.8363039, 21.0440074 ], [ 105.835914299999985, 21.0526278 ], [ 105.832645699999986, 21.0568351 ], [ 105.8230532, 21.0569821 ], [ 105.8208852, 21.0546983 ], [ 105.820405799999989, 21.0550064 ], [ 105.820428099999987, 21.0568115 ], [ 105.8209989, 21.0621614 ], [ 105.819245, 21.0667666 ], [ 105.8123599, 21.0688327 ], [ 105.811427699999982, 21.0692303 ], [ 105.811393899999985, 21.0692696 ], [ 105.8105879, 21.0736839 ], [ 105.811242299999989, 21.0752984 ], [ 105.8126328, 21.0779007 ], [ 105.8157867, 21.0857758 ] ] ] } },
{ "type": "Feature", "properties": { "threshold_s": "300", "time_label": "5 min drive" }, "geometry": { "type": "Polygon", "coordinates": [ [ [ 105.843830299999979, 21.0403251 ], [ 105.84381639999998, 21.0420858 ], [ 105.8461124, 21.0421516 ], [ 105.8482371, 21.042392 ], [ 105.850356799999986, 21.0411413 ], [ 105.8512049, 21.039884 ], [ 105.852338599999982, 21.0385754 ], [ 105.8538807, 21.0382553 ], [ 105.8552544, 21.038343 ], [ 105.8554699, 21.0374189 ], [ 105.8547385, 21.0352913 ], [ 105.855330399999986, 21.0338854 ], [ 105.85726, 21.0315916 ], [ 105.8567475, 21.030865 ], [ 105.855437800000018, 21.0289498 ], [ 105.8539092, 21.0313985 ], [ 105.853331499999982, 21.0313059 ], [ 105.8510791, 21.0304701 ], [ 105.8511617, 21.0278966 ], [ 105.8495631, 21.0288558 ], [ 105.8494419, 21.0291799 ], [ 105.8464, 21.0291195 ], [ 105.845987099999988, 21.0275442 ], [ 105.8444581, 21.028869 ], [ 105.8445748, 21.0289326 ], [ 105.8442948, 21.0318292 ], [ 105.843290199999984, 21.0323602 ], [ 105.8449379, 21.0348636 ], [ 105.8454918, 21.0375308 ], [ 105.8454121, 21.0400507 ], [ 105.843830299999979, 21.0403251 ] ] ] } },
{ "type": "Feature", "properties": { "threshold_s": "600", "time_label": "10 min drive" }, "geometry": { "type": "Polygon", "coordinates": [ [ [ 105.84031760000002, 21.0464223 ], [ 105.84063, 21.0502383 ], [ 105.8418845, 21.0488831 ], [ 105.8481324, 21.0481674 ], [ 105.8492648, 21.0462351 ], [ 105.8532054, 21.0410502 ], [ 105.8559408, 21.0375631 ], [ 105.859561899999989, 21.032523 ], [ 105.861271699999989, 21.0304235 ], [ 105.86210149999998, 21.0246067 ], [ 105.8598823, 21.0218612 ], [ 105.8541891, 21.018715 ], [ 105.8498371, 21.0169606 ], [ 105.8484518, 21.0170395 ], [ 105.8443164, 21.0198187 ], [ 105.841405499999979, 21.0199175 ], [ 105.8392509, 21.024602 ], [ 105.8357768, 21.0272036 ], [ 105.8341838, 21.0320229 ], [ 105.8356272, 21.033863 ], [ 105.837023599999981, 21.0388764 ], [ 105.835097299999987, 21.0418506 ], [ 105.8351095, 21.0426739 ], [ 105.8363039, 21.0440074 ], [ 105.84031760000002, 21.0464223 ] ] ] } },
{ "type": "Feature", "properties": { "threshold_s": "900", "time_label": "15 min drive" }, "geometry": { "type": "Polygon", "coordinates": [ [ [ 105.835914299999985, 21.0526278 ], [ 105.8350074, 21.0583501 ], [ 105.83505959999998, 21.0583942 ], [ 105.8412143, 21.0575768 ], [ 105.8440772, 21.0570868 ], [ 105.8443236, 21.0542526 ], [ 105.8481324, 21.0481674 ], [ 105.8492648, 21.0462351 ], [ 105.850106499999981, 21.0449387 ], [ 105.8532054, 21.0410502 ], [ 105.8539648, 21.0399026 ], [ 105.8552544, 21.038343 ], [ 105.8559408, 21.0375631 ], [ 105.8654306, 21.0378592 ], [ 105.8652272, 21.0404883 ], [ 105.8645302, 21.0425052 ], [ 105.8645845, 21.0429123 ], [ 105.8653748, 21.0454184 ], [ 105.8655464, 21.0455702 ], [ 105.872754699999987, 21.0440955 ], [ 105.8728378, 21.0353082 ], [ 105.8697685, 21.0332234 ], [ 105.8695364, 21.0331021 ], [ 105.8613337, 21.0288933 ], [ 105.861773199999988, 21.025698 ], [ 105.8620378, 21.0248247 ], [ 105.86210149999998, 21.0246067 ], [ 105.863899, 21.018973 ], [ 105.864448899999985, 21.0179396 ], [ 105.865231599999987, 21.0153725 ], [ 105.8655468, 21.0144409 ], [ 105.8642533, 21.0115155 ], [ 105.86402, 21.0114232 ], [ 105.8639262, 21.0113862 ], [ 105.8599639, 21.0106306 ], [ 105.8532377, 21.0085837 ], [ 105.8501247, 21.0075054 ], [ 105.846089299999988, 21.0079147 ], [ 105.84115509999998, 21.010313 ], [ 105.8410532, 21.0107455 ], [ 105.8372522, 21.018501 ], [ 105.833795699999982, 21.0192431 ], [ 105.8301104, 21.0187796 ], [ 105.829942399999979, 21.0188712 ], [ 105.829659, 21.0191776 ], [ 105.827208899999988, 21.0252373 ], [ 105.8259543, 21.0303509 ], [ 105.8256225, 21.0318746 ], [ 105.8259982, 21.0359947 ], [ 105.823096299999989, 21.0430757 ], [ 105.823222, 21.0436032 ], [ 105.8247218, 21.0424488 ], [ 105.8285905, 21.0410636 ], [ 105.8363039, 21.0440074 ], [ 105.835914299999985, 21.0526278 ] ] ] } },
{ "type": "Feature", "properties": { "threshold_s": "300", "time_label": "5 min drive" }, "geometry": { "type": "Polygon", "coordinates": [ [ [ 105.84381639999998, 21.0420858 ], [ 105.8442339, 21.0428116 ], [ 105.8461124, 21.0421516 ], [ 105.8482371, 21.042392 ], [ 105.8499291, 21.0406957 ], [ 105.8512049, 21.039884 ], [ 105.8515241, 21.0390352 ], [ 105.853296899999989, 21.0369383 ], [ 105.8546701, 21.035414 ], [ 105.8547385, 21.0352913 ], [ 105.8544595, 21.0330415 ], [ 105.85453219999998, 21.0321868 ], [ 105.853111199999987, 21.0316465 ], [ 105.8510791, 21.0304701 ], [ 105.850585599999988, 21.0291892 ], [ 105.8495631, 21.0288558 ], [ 105.8474725, 21.0304548 ], [ 105.8464, 21.0291195 ], [ 105.845987099999988, 21.0275442 ], [ 105.845615399999986, 21.0263771 ], [ 105.84332, 21.0279736 ], [ 105.8428205, 21.0303654 ], [ 105.840682299999983, 21.0328473 ], [ 105.843290199999984, 21.0323602 ], [ 105.8447768, 21.0340917 ], [ 105.8449379, 21.0348636 ], [ 105.8454918, 21.0375308 ], [ 105.8454121, 21.0400507 ], [ 105.843830299999979, 21.0403251 ], [ 105.8434716, 21.0414843 ], [ 105.84381639999998, 21.0420858 ] ] ] } },
{ "type": "Feature", "properties": { "threshold_s": "600", "time_label": "10 min drive" }, "geometry": { "type": "Polygon", "coordinates": [ [ [ 105.839150499999988, 21.0499531 ], [ 105.8392683, 21.050126 ], [ 105.839988199999979, 21.0507474 ], [ 105.840159, 21.0507738 ], [ 105.8403246, 21.0507423 ], [ 105.84063, 21.0502383 ], [ 105.8418845, 21.0488831 ], [ 105.8481324, 21.0481674 ], [ 105.8492648, 21.0462351 ], [ 105.8532054, 21.0410502 ], [ 105.8559408, 21.0375631 ], [ 105.859561899999989, 21.032523 ], [ 105.861271699999989, 21.0304235 ], [ 105.8613337, 21.0288933 ], [ 105.86021479999998, 21.024606 ], [ 105.8577393, 21.0220815 ], [ 105.8529487, 21.0201152 ], [ 105.8499867, 21.0186208 ], [ 105.8474562, 21.0183772 ], [ 105.8413912, 21.0188449 ], [ 105.8376116, 21.0232408 ], [ 105.833689599999985, 21.0280189 ], [ 105.831555699999981, 21.0325215 ], [ 105.83272119999998, 21.034424 ], [ 105.837023599999981, 21.0388764 ], [ 105.835097299999987, 21.0418506 ], [ 105.8351095, 21.0426739 ], [ 105.8363039, 21.0440074 ], [ 105.8389686, 21.0494783 ], [ 105.839150499999988, 21.0499531 ] ] ] } },
{ "type": "Feature", "properties": { "threshold_s": "900", "time_label": "15 min drive" }, "geometry": { "type": "Polygon", "coordinates": [ [ [ 105.835914299999985, 21.0526278 ], [ 105.8350074, 21.0583501 ], [ 105.83505959999998, 21.0583942 ], [ 105.8392422, 21.0589809 ], [ 105.8440772, 21.0570868 ], [ 105.8448187, 21.0565981 ], [ 105.8443236, 21.0542526 ], [ 105.8481324, 21.0481674 ], [ 105.8492648, 21.0462351 ], [ 105.850106499999981, 21.0449387 ], [ 105.8532054, 21.0410502 ], [ 105.8539648, 21.0399026 ], [ 105.8552544, 21.038343 ], [ 105.8559408, 21.0375631 ], [ 105.8580411, 21.033791 ], [ 105.8654306, 21.0378592 ], [ 105.8652272, 21.0404883 ], [ 105.8645302, 21.0425052 ], [ 105.8647652, 21.0430675 ], [ 105.865444, 21.0433917 ], [ 105.8657297, 21.0435362 ], [ 105.86995349999998, 21.0417416 ], [ 105.8700365, 21.0416674 ], [ 105.8704177, 21.0367973 ], [ 105.8682662, 21.0353155 ], [ 105.861271699999989, 21.0304235 ], [ 105.8613337, 21.0288933 ], [ 105.861773199999988, 21.025698 ], [ 105.8620378, 21.0248247 ], [ 105.86210149999998, 21.0246067 ], [ 105.863899, 21.018973 ], [ 105.864448899999985, 21.0179396 ], [ 105.862791499999986, 21.0140733 ], [ 105.8588168, 21.0120837 ], [ 105.8514097, 21.008583 ], [ 105.8483495, 21.0083185 ], [ 105.8412842, 21.0083362 ], [ 105.8410532, 21.0107455 ], [ 105.8372522, 21.018501 ], [ 105.8294371, 21.0178042 ], [ 105.8286247, 21.0192495 ], [ 105.8269312, 21.0241688 ], [ 105.822679, 21.0300568 ], [ 105.82168369999998, 21.0311603 ], [ 105.820920199999989, 21.0323015 ], [ 105.821467899999988, 21.0351968 ], [ 105.823096299999989, 21.0430757 ], [ 105.823222, 21.0436032 ], [ 105.8247218, 21.0424488 ], [ 105.8285905, 21.0410636 ], [ 105.8363039, 21.0440074 ], [ 105.838508299999987, 21.0487951 ], [ 105.835914299999985, 21.0526278 ] ] ] } },
{ "type": "Feature", "properties": { "threshold_s": "300", "time_label": "5 min drive" }, "geometry": { "type": "Polygon", "coordinates": [ [ [ 105.8481044, 21.0392503 ], [ 105.8477713, 21.0400597 ], [ 105.849651, 21.0397493 ], [ 105.8505606, 21.0383929 ], [ 105.8505999, 21.0381423 ], [ 105.850764, 21.0370967 ], [ 105.8525179, 21.0367986 ], [ 105.853116, 21.0377241 ], [ 105.854314099999982, 21.0377085 ], [ 105.853879400000011, 21.0368754 ], [ 105.8550415, 21.0355011 ], [ 105.855808, 21.0348872 ], [ 105.8567919, 21.0336774 ], [ 105.8588286, 21.0330955 ], [ 105.859561899999989, 21.032523 ], [ 105.858440299999984, 21.031784 ], [ 105.858137099999979, 21.0313081 ], [ 105.8598143, 21.0299614 ], [ 105.8583197, 21.0293284 ], [ 105.8581333, 21.0279368 ], [ 105.8573312, 21.0277371 ], [ 105.8564625, 21.025904 ], [ 105.8553119, 21.0254087 ], [ 105.8555511, 21.0261522 ], [ 105.8558255, 21.0270181 ], [ 105.8559552, 21.0275369 ], [ 105.855437800000018, 21.0289498 ], [ 105.853811899999982, 21.0288128 ], [ 105.851678599999985, 21.0259447 ], [ 105.8511617, 21.0278966 ], [ 105.8495631, 21.0288558 ], [ 105.8494419, 21.0291799 ], [ 105.8491746, 21.029779 ], [ 105.8474725, 21.0304548 ], [ 105.846568, 21.0299584 ], [ 105.845974500000011, 21.0317052 ], [ 105.8455033, 21.033579 ], [ 105.8449379, 21.0348636 ], [ 105.846130299999984, 21.0366717 ], [ 105.8479192, 21.0377886 ], [ 105.8481044, 21.0392503 ] ] ] } },
{ "type": "Feature", "properties": { "threshold_s": "600", "time_label": "10 min drive" }, "geometry": { "type": "Polygon", "coordinates": [ [ [ 105.84, 21.0410016 ], [ 105.838064499999987, 21.0427637 ], [ 105.8401771, 21.0433484 ], [ 105.8409974, 21.0454008 ], [ 105.842097, 21.0463187 ], [ 105.842786799999985, 21.04652 ], [ 105.8438635, 21.0467884 ], [ 105.8464868, 21.045385 ], [ 105.8475641, 21.0457311 ], [ 105.8492648, 21.0462351 ], [ 105.850106499999981, 21.0449387 ], [ 105.8513591, 21.04259 ], [ 105.8532054, 21.0410502 ], [ 105.8552544, 21.038343 ], [ 105.8559408, 21.0375631 ], [ 105.8559647, 21.0363109 ], [ 105.8580411, 21.033791 ], [ 105.8588286, 21.0330955 ], [ 105.859561899999989, 21.032523 ], [ 105.861271699999989, 21.0304235 ], [ 105.8613337, 21.0288933 ], [ 105.861773199999988, 21.025698 ], [ 105.8620378, 21.0248247 ], [ 105.86210149999998, 21.0246067 ], [ 105.8607254, 21.0240373 ], [ 105.8598823, 21.0218612 ], [ 105.862065, 21.0195265 ], [ 105.861804899999981, 21.0185343 ], [ 105.8597317, 21.0187694 ], [ 105.8583461, 21.0169388 ], [ 105.8575245, 21.0165817 ], [ 105.855323499999983, 21.0172067 ], [ 105.8531376, 21.0152821 ], [ 105.850354399999986, 21.0169123 ], [ 105.8498371, 21.0169606 ], [ 105.849252299999989, 21.0169984 ], [ 105.8484518, 21.0170395 ], [ 105.8478307, 21.0170696 ], [ 105.8474562, 21.0183772 ], [ 105.845936099999989, 21.020136 ], [ 105.8461235, 21.0206578 ], [ 105.845411900000016, 21.0229745 ], [ 105.8427541, 21.0238309 ], [ 105.8414355, 21.021993 ], [ 105.8395402, 21.0242642 ], [ 105.8392509, 21.024602 ], [ 105.8380997, 21.0259862 ], [ 105.8361111, 21.0279427 ], [ 105.8364437, 21.0287371 ], [ 105.836268899999979, 21.0316267 ], [ 105.837565, 21.033506 ], [ 105.8381949, 21.0336649 ], [ 105.840804, 21.0342079 ], [ 105.840904899999984, 21.0341906 ], [ 105.843290199999984, 21.0323602 ], [ 105.8447768, 21.0340917 ], [ 105.8449379, 21.0348636 ], [ 105.8454918, 21.0375308 ], [ 105.843830299999979, 21.0403251 ], [ 105.8420285, 21.0406404 ], [ 105.841936899999979, 21.0406599 ], [ 105.8410772, 21.0408157 ], [ 105.840077, 21.0409934 ], [ 105.84, 21.0410016 ] ] ] } },
{ "type": "Feature", "properties": { "threshold_s": "900", "time_label": "15 min drive" }, "geometry": { "type": "Polygon", "coordinates": [ [ [ 105.837166, 21.0521616 ], [ 105.8394795, 21.0549056 ], [ 105.839774399999982, 21.0550947 ], [ 105.8426652, 21.053922 ], [ 105.844046, 21.0533014 ], [ 105.8481324, 21.0481674 ], [ 105.8492648, 21.0462351 ], [ 105.850106499999981, 21.0449387 ], [ 105.8532054, 21.0410502 ], [ 105.8539648, 21.0399026 ], [ 105.8645302, 21.0425052 ], [ 105.8645845, 21.0429123 ], [ 105.8644483, 21.0456788 ], [ 105.8652837, 21.0475541 ], [ 105.865604499999989, 21.0475113 ], [ 105.8719968, 21.0457875 ], [ 105.8746437, 21.0450437 ], [ 105.8736422, 21.0365277 ], [ 105.8742088, 21.0341147 ], [ 105.8708742, 21.0315621 ], [ 105.87011769999998, 21.0316959 ], [ 105.8620378, 21.0248247 ], [ 105.86210149999998, 21.0246067 ], [ 105.863899, 21.018973 ], [ 105.864448899999985, 21.0179396 ], [ 105.865231599999987, 21.0153725 ], [ 105.8655468, 21.0144409 ], [ 105.8657318, 21.0120932 ], [ 105.866515899999982, 21.0078988 ], [ 105.860795, 21.0076553 ], [ 105.8512375, 21.0063684 ], [ 105.8506003, 21.0064369 ], [ 105.8449471, 21.0079814 ], [ 105.8414099, 21.0174645 ], [ 105.8372522, 21.018501 ], [ 105.833795699999982, 21.0192431 ], [ 105.830986, 21.0208954 ], [ 105.827496, 21.0262322 ], [ 105.8256498, 21.031761 ], [ 105.8256225, 21.0318746 ], [ 105.8285905, 21.0410636 ], [ 105.8363039, 21.0440074 ], [ 105.837166, 21.0521616 ] ] ] } },
{ "type": "Feature", "properties": { "threshold_s": "300", "time_label": "5 min drive" }, "geometry": { "type": "Polygon", "coordinates": [ [ [ 105.8454121, 21.0400507 ], [ 105.8452169, 21.0406891 ], [ 105.8472071, 21.0419565 ], [ 105.8482371, 21.042392 ], [ 105.850356799999986, 21.0411413 ], [ 105.852290599999989, 21.040453 ], [ 105.8539648, 21.0399026 ], [ 105.8552544, 21.038343 ], [ 105.8559408, 21.0375631 ], [ 105.8559647, 21.0363109 ], [ 105.856505, 21.0347543 ], [ 105.8575259, 21.0325659 ], [ 105.8594201, 21.0325236 ], [ 105.859561899999989, 21.032523 ], [ 105.858440299999984, 21.031784 ], [ 105.8585383, 21.0299404 ], [ 105.8583197, 21.0293284 ], [ 105.857796199999981, 21.028661 ], [ 105.8558255, 21.0270181 ], [ 105.8559552, 21.0275369 ], [ 105.853811899999982, 21.0288128 ], [ 105.853331499999982, 21.0313059 ], [ 105.8510791, 21.0304701 ], [ 105.85069, 21.0302351 ], [ 105.8501894, 21.0298974 ], [ 105.8486543, 21.0310594 ], [ 105.8474725, 21.0304548 ], [ 105.845974500000011, 21.0317052 ], [ 105.8455033, 21.033579 ], [ 105.8447768, 21.0340917 ], [ 105.8449379, 21.0348636 ], [ 105.845924, 21.0356714 ], [ 105.8454918, 21.0375308 ], [ 105.8454121, 21.0400507 ] ] ] } },
{ "type": "Feature", "properties": { "threshold_s": "600", "time_label": "10 min drive" }, "geometry": { "type": "Polygon", "coordinates": [ [ [ 105.8351095, 21.0426739 ], [ 105.8363039, 21.0440074 ], [ 105.84031760000002, 21.0464223 ], [ 105.841624, 21.0490301 ], [ 105.8481324, 21.0481674 ], [ 105.8492648, 21.0462351 ], [ 105.8532054, 21.0410502 ], [ 105.8559408, 21.0375631 ], [ 105.859561899999989, 21.032523 ], [ 105.861271699999989, 21.0304235 ], [ 105.86210149999998, 21.0246067 ], [ 105.862065, 21.0195265 ], [ 105.858707, 21.0183789 ], [ 105.854072, 21.0179264 ], [ 105.8528936, 21.0180897 ], [ 105.8496135, 21.0195834 ], [ 105.845411900000016, 21.0229745 ], [ 105.841464500000015, 21.024215 ], [ 105.839705899999984, 21.0250751 ], [ 105.8385407, 21.0267578 ], [ 105.838567399999988, 21.0304156 ], [ 105.838526, 21.0333247 ], [ 105.8392334, 21.0385243 ], [ 105.836188, 21.041554 ], [ 105.8351095, 21.0426739 ] ] ] } },
{ "type": "Feature", "properties": { "threshold_s": "900", "time_label": "15 min drive" }, "geometry": { "type": "Polygon", "coordinates": [ [ [ 105.835914299999985, 21.0526278 ], [ 105.8359029, 21.0567171 ], [ 105.835981499999988, 21.0567613 ], [ 105.8363703, 21.0569683 ], [ 105.8418824, 21.056518 ], [ 105.842661399999983, 21.0560142 ], [ 105.8443236, 21.0542526 ], [ 105.8481324, 21.0481674 ], [ 105.8492648, 21.0462351 ], [ 105.850106499999981, 21.0449387 ], [ 105.8532054, 21.0410502 ], [ 105.8539648, 21.0399026 ], [ 105.8552544, 21.038343 ], [ 105.8559408, 21.0375631 ], [ 105.8652272, 21.0404883 ], [ 105.8645302, 21.0425052 ], [ 105.8645845, 21.0429123 ], [ 105.8644483, 21.0456788 ], [ 105.8655464, 21.0455702 ], [ 105.8684807, 21.045031 ], [ 105.8725829, 21.0444941 ], [ 105.872712899999982, 21.0441993 ], [ 105.872754699999987, 21.0440955 ], [ 105.8729175, 21.0433116 ], [ 105.8728378, 21.0353082 ], [ 105.869877699999989, 21.0326259 ], [ 105.8683177, 21.0331559 ], [ 105.8613337, 21.0288933 ], [ 105.861773199999988, 21.025698 ], [ 105.8620378, 21.0248247 ], [ 105.86210149999998, 21.0246067 ], [ 105.863899, 21.018973 ], [ 105.864448899999985, 21.0179396 ], [ 105.865231599999987, 21.0153725 ], [ 105.8655468, 21.0144409 ], [ 105.8657318, 21.0120932 ], [ 105.8657599, 21.0099729 ], [ 105.865509500000016, 21.0090308 ], [ 105.8632327, 21.0087893 ], [ 105.8608904, 21.0091442 ], [ 105.8510329, 21.0085965 ], [ 105.8505767, 21.008786 ], [ 105.8485957, 21.0097069 ], [ 105.8463087, 21.0126788 ], [ 105.8414099, 21.0174645 ], [ 105.8372522, 21.018501 ], [ 105.833795699999982, 21.0192431 ], [ 105.8304305, 21.0240979 ], [ 105.8269642, 21.0320424 ], [ 105.8269784, 21.0321598 ], [ 105.8270189, 21.0323507 ], [ 105.82651319999998, 21.0400574 ], [ 105.8247218, 21.0424488 ], [ 105.8285905, 21.0410636 ], [ 105.8363039, 21.0440074 ], [ 105.835914299999985, 21.0526278 ] ] ] } },
{ "type": "Feature", "properties": { "threshold_s": "300", "time_label": "5 min drive" }, "geometry": { "type": "Polygon", "coordinates": [ [ [ 105.8454918, 21.0375308 ], [ 105.8471661, 21.0403179 ], [ 105.8492253, 21.0404711 ], [ 105.8502396, 21.0404039 ], [ 105.851149600000014, 21.0394834 ], [ 105.8535585, 21.0372254 ], [ 105.853879400000011, 21.0368754 ], [ 105.8546701, 21.035414 ], [ 105.8552948, 21.0346717 ], [ 105.8565389, 21.033051 ], [ 105.8588286, 21.0330955 ], [ 105.859561899999989, 21.032523 ], [ 105.8585383, 21.0299404 ], [ 105.8581333, 21.0279368 ], [ 105.8555511, 21.0261522 ], [ 105.8544024, 21.0251211 ], [ 105.851322199999984, 21.0247186 ], [ 105.850098599999981, 21.0263959 ], [ 105.8474105, 21.0258729 ], [ 105.8454267, 21.0257694 ], [ 105.843603699999989, 21.0264842 ], [ 105.8415518, 21.0276316 ], [ 105.8415987, 21.0301523 ], [ 105.8428205, 21.0303654 ], [ 105.8452826, 21.0324584 ], [ 105.8447768, 21.0340917 ], [ 105.8449379, 21.0348636 ], [ 105.8454918, 21.0375308 ] ] ] } },
{ "type": "Feature", "properties": { "threshold_s": "600", "time_label": "10 min drive" }, "geometry": { "type": "Polygon", "coordinates": [ [ [ 105.838000199999982, 21.0413454 ], [ 105.836316, 21.042721 ], [ 105.838064499999987, 21.0427637 ], [ 105.8401771, 21.0433484 ], [ 105.840307699999983, 21.0458038 ], [ 105.84031760000002, 21.0464223 ], [ 105.8420736, 21.0478426 ], [ 105.8438635, 21.0467884 ], [ 105.8464956, 21.0461629 ], [ 105.8492648, 21.0462351 ], [ 105.850106499999981, 21.0449387 ], [ 105.8513591, 21.04259 ], [ 105.8532054, 21.0410502 ], [ 105.8539648, 21.0399026 ], [ 105.8552544, 21.038343 ], [ 105.8559408, 21.0375631 ], [ 105.8559647, 21.0363109 ], [ 105.8580411, 21.033791 ], [ 105.8588286, 21.0330955 ], [ 105.859561899999989, 21.032523 ], [ 105.861271699999989, 21.0304235 ], [ 105.8613337, 21.0288933 ], [ 105.861773199999988, 21.025698 ], [ 105.8620378, 21.0248247 ], [ 105.86210149999998, 21.0246067 ], [ 105.8607254, 21.0240373 ], [ 105.8598823, 21.0218612 ], [ 105.862065, 21.0195265 ], [ 105.861804899999981, 21.0185343 ], [ 105.8597317, 21.0187694 ], [ 105.8583461, 21.0169388 ], [ 105.8556233, 21.0172861 ], [ 105.8531376, 21.0152821 ], [ 105.851557799999981, 21.0151545 ], [ 105.849150399999985, 21.0133873 ], [ 105.847263, 21.0153508 ], [ 105.846956799999987, 21.0171098 ], [ 105.844269199999985, 21.017305 ], [ 105.8435857, 21.0172651 ], [ 105.8414099, 21.0174645 ], [ 105.8394154, 21.0189573 ], [ 105.8375214, 21.02013 ], [ 105.8368905, 21.022215 ], [ 105.8376116, 21.0232408 ], [ 105.8380997, 21.0259862 ], [ 105.8357768, 21.0272036 ], [ 105.833379799999989, 21.0259305 ], [ 105.8330833, 21.0252794 ], [ 105.8330075, 21.0253066 ], [ 105.832603, 21.0262411 ], [ 105.8318088, 21.0286941 ], [ 105.831823799999981, 21.0287574 ], [ 105.8319699, 21.029207 ], [ 105.8327536, 21.0313977 ], [ 105.8313025, 21.0325661 ], [ 105.8311704, 21.0325889 ], [ 105.831352, 21.0329976 ], [ 105.83272119999998, 21.034424 ], [ 105.833620399999987, 21.0342652 ], [ 105.8363518, 21.0356501 ], [ 105.8367548, 21.0351557 ], [ 105.836976299999989, 21.0349265 ], [ 105.8381949, 21.0336649 ], [ 105.840804, 21.0342079 ], [ 105.840904899999984, 21.0341906 ], [ 105.843290199999984, 21.0323602 ], [ 105.8447768, 21.0340917 ], [ 105.8449379, 21.0348636 ], [ 105.8454918, 21.0375308 ], [ 105.843830299999979, 21.0403251 ], [ 105.8420285, 21.0406404 ], [ 105.8397245, 21.0384477 ], [ 105.839639700000021, 21.0384598 ], [ 105.8392334, 21.0385243 ], [ 105.838000199999982, 21.0413454 ] ] ] } },
{ "type": "Feature", "properties": { "threshold_s": "900", "time_label": "15 min drive" }, "geometry": { "type": "Polygon", "coordinates": [ [ [ 105.8363039, 21.0440074 ], [ 105.835914299999985, 21.0526278 ], [ 105.8395775, 21.0554078 ], [ 105.840919299999982, 21.0557136 ], [ 105.841105099999979, 21.0557457 ], [ 105.8443236, 21.0542526 ], [ 105.8481324, 21.0481674 ], [ 105.8492648, 21.0462351 ], [ 105.850106499999981, 21.0449387 ], [ 105.8532054, 21.0410502 ], [ 105.8539648, 21.0399026 ], [ 105.8552544, 21.038343 ], [ 105.8645302, 21.0425052 ], [ 105.8645845, 21.0429123 ], [ 105.8644483, 21.0456788 ], [ 105.865506699999983, 21.047481 ], [ 105.8739517, 21.0446976 ], [ 105.872379699999982, 21.0381393 ], [ 105.873858699999985, 21.0346581 ], [ 105.8708277, 21.0324059 ], [ 105.8683511, 21.0322908 ], [ 105.86210149999998, 21.0246067 ], [ 105.863899, 21.018973 ], [ 105.864448899999985, 21.0179396 ], [ 105.865231599999987, 21.0153725 ], [ 105.8655468, 21.0144409 ], [ 105.8657318, 21.0120932 ], [ 105.8662889, 21.0082262 ], [ 105.860795, 21.0076553 ], [ 105.8510544, 21.0044032 ], [ 105.8504813, 21.0044425 ], [ 105.8413113, 21.0063215 ], [ 105.8407724, 21.0079662 ], [ 105.8410532, 21.0107455 ], [ 105.8372522, 21.018501 ], [ 105.8309465, 21.0170993 ], [ 105.8290405, 21.016959 ], [ 105.8289753, 21.016992 ], [ 105.825887899999984, 21.0213994 ], [ 105.824814299999986, 21.0276475 ], [ 105.8202169, 21.0311016 ], [ 105.821467899999988, 21.0351968 ], [ 105.826639699999987, 21.0413859 ], [ 105.8285905, 21.0410636 ], [ 105.8363039, 21.0440074 ] ] ] } },
{ "type": "Feature", "properties": { "threshold_s": "300", "time_label": "5 min drive" }, "geometry": { "type": "Polygon", "coordinates": [ [ [ 105.864450299999987, 21.0029831 ], [ 105.8622648, 21.0030021 ], [ 105.8637836, 21.004457 ], [ 105.864432399999984, 21.0044235 ], [ 105.8659852, 21.0041362 ], [ 105.8667563, 21.0037343 ], [ 105.866774799999988, 21.0032778 ], [ 105.8667825, 21.002999 ], [ 105.866798799999984, 21.001117 ], [ 105.8668002, 21.0010488 ], [ 105.866809099999983, 21.0005882 ], [ 105.8669798, 20.9997182 ], [ 105.8684402, 20.9986578 ], [ 105.869474200000013, 21.000123 ], [ 105.869958, 21.001092 ], [ 105.8700165, 21.0022999 ], [ 105.8697268, 21.0030382 ], [ 105.8698084, 21.0030465 ], [ 105.8700831, 21.0023225 ], [ 105.8710229, 21.0000322 ], [ 105.8711866, 20.9998324 ], [ 105.8713287, 20.9995973 ], [ 105.8711588, 20.9994913 ], [ 105.870827, 20.9992868 ], [ 105.869530699999984, 20.9987091 ], [ 105.871008499999988, 20.9970232 ], [ 105.870110399999987, 20.9963046 ], [ 105.8690626, 20.995638 ], [ 105.868592399999983, 20.9956375 ], [ 105.8675617, 20.9968455 ], [ 105.865731199999985, 20.9968327 ], [ 105.864467299999987, 20.996614 ], [ 105.863668, 20.9951736 ], [ 105.863252099999983, 20.994348 ], [ 105.8627062, 20.9943137 ], [ 105.8616772, 20.9942866 ], [ 105.860374299999989, 20.9955514 ], [ 105.8602766, 20.9958028 ], [ 105.8616527, 20.9962507 ], [ 105.861793, 20.9982791 ], [ 105.8617857, 20.998366 ], [ 105.8617132, 20.9990108 ], [ 105.862124, 20.9992158 ], [ 105.8622047, 20.9984039 ], [ 105.862215500000019, 20.9983207 ], [ 105.863344799999979, 20.9970396 ], [ 105.865451, 20.9975804 ], [ 105.8649244, 20.9990268 ], [ 105.8660055, 21.0006746 ], [ 105.8652569, 21.0029825 ], [ 105.864450299999987, 21.0029831 ] ] ] } },
{ "type": "Feature", "properties": { "threshold_s": "600", "time_label": "10 min drive" }, "geometry": { "type": "Polygon", "coordinates": [ [ [ 105.8573793, 21.0092148 ], [ 105.8588168, 21.0120837 ], [ 105.863692700000016, 21.0129662 ], [ 105.8640881, 21.0128463 ], [ 105.8650836, 21.0125263 ], [ 105.8657318, 21.0120932 ], [ 105.8680303, 21.0100022 ], [ 105.869068899999988, 21.0055396 ], [ 105.8723518, 21.0030253 ], [ 105.8750687, 21.0030983 ], [ 105.877117699999985, 21.0018883 ], [ 105.8817579, 21.0012315 ], [ 105.8807143, 20.99933 ], [ 105.876992299999984, 20.9987781 ], [ 105.87523920000001, 20.9956397 ], [ 105.8736989, 20.9927108 ], [ 105.8731078, 20.9919049 ], [ 105.869182, 20.9903482 ], [ 105.868981299999987, 20.9865912 ], [ 105.864904, 20.985281 ], [ 105.863866, 20.9836303 ], [ 105.863358799999986, 20.9836269 ], [ 105.863343900000018, 20.983769 ], [ 105.8629999, 20.9850216 ], [ 105.8596536, 20.9877396 ], [ 105.857643199999984, 20.9876336 ], [ 105.8575928, 20.9914745 ], [ 105.8542342, 20.9953722 ], [ 105.849826799999988, 20.9953234 ], [ 105.849362299999981, 20.99538 ], [ 105.849142799999981, 20.9959335 ], [ 105.8491692, 20.9962061 ], [ 105.8501337, 20.9976528 ], [ 105.851024099999989, 21.0031371 ], [ 105.8508919, 21.0032041 ], [ 105.8541624, 21.0055026 ], [ 105.8573793, 21.0092148 ] ] ] } },
{ "type": "Feature", "properties": { "threshold_s": "900", "time_label": "15 min drive" }, "geometry": { "type": "Polygon", "coordinates": [ [ [ 105.849888399999983, 21.0152015 ], [ 105.8519368, 21.0197634 ], [ 105.8526638, 21.0201921 ], [ 105.8561315, 21.0216867 ], [ 105.8580477, 21.0211556 ], [ 105.863899, 21.018973 ], [ 105.864448899999985, 21.0179396 ], [ 105.865231599999987, 21.0153725 ], [ 105.8680303, 21.0100022 ], [ 105.8697744, 21.0049515 ], [ 105.8750687, 21.0030983 ], [ 105.8817006, 21.0013437 ], [ 105.8827187, 21.0011365 ], [ 105.8855343, 21.000653 ], [ 105.8871947, 20.999932 ], [ 105.8879176, 20.9996089 ], [ 105.8887571, 20.9991883 ], [ 105.8918318, 20.9967252 ], [ 105.886302700000016, 20.9952721 ], [ 105.8824586, 20.9920496 ], [ 105.8818619, 20.9912852 ], [ 105.879313499999981, 20.983786 ], [ 105.879764499999979, 20.9819873 ], [ 105.8760449, 20.9806161 ], [ 105.869331, 20.9764125 ], [ 105.8662513, 20.9733583 ], [ 105.8658974, 20.9732574 ], [ 105.8605559, 20.9801403 ], [ 105.8589313, 20.980695 ], [ 105.851773499999979, 20.983517 ], [ 105.8457374, 20.9859479 ], [ 105.8410438, 20.9919552 ], [ 105.8374806, 20.9988543 ], [ 105.8414512, 21.0030306 ], [ 105.8460661, 21.0081019 ], [ 105.8479992, 21.0117844 ], [ 105.849888399999983, 21.0152015 ] ] ] } },
{ "type": "Feature", "properties": { "threshold_s": "300", "time_label": "5 min drive" }, "geometry": { "type": "Polygon", "coordinates": [ [ [ 105.849608599999982, 21.0398489 ], [ 105.849021, 21.0420414 ], [ 105.8491672, 21.0420917 ], [ 105.849774, 21.0421874 ], [ 105.849854599999986, 21.0420923 ], [ 105.8499976, 21.0419116 ], [ 105.850356799999986, 21.0411413 ], [ 105.8532054, 21.0410502 ], [ 105.8539648, 21.0399026 ], [ 105.8552544, 21.038343 ], [ 105.8559408, 21.0375631 ], [ 105.8559647, 21.0363109 ], [ 105.856505, 21.0347543 ], [ 105.8588286, 21.0330955 ], [ 105.859561899999989, 21.032523 ], [ 105.8598143, 21.0299614 ], [ 105.8581333, 21.0279368 ], [ 105.8558255, 21.0270181 ], [ 105.853811899999982, 21.0288128 ], [ 105.853331499999982, 21.0313059 ], [ 105.8510791, 21.0304701 ], [ 105.851011899999989, 21.0314044 ], [ 105.8485186, 21.0323719 ], [ 105.848055599999981, 21.0324216 ], [ 105.846995, 21.0337203 ], [ 105.8470836, 21.0362915 ], [ 105.8486487, 21.0382787 ], [ 105.849608599999982, 21.0398489 ] ] ] } },
{ "type": "Feature", "properties": { "threshold_s": "600", "time_label": "10 min drive" }, "geometry": { "type": "Polygon", "coordinates": [ [ [ 105.8401771, 21.0433484 ], [ 105.841624, 21.0490301 ], [ 105.8418845, 21.0488831 ], [ 105.8481324, 21.0481674 ], [ 105.8492648, 21.0462351 ], [ 105.850106499999981, 21.0449387 ], [ 105.8532054, 21.0410502 ], [ 105.8539648, 21.0399026 ], [ 105.8552544, 21.038343 ], [ 105.8559408, 21.0375631 ], [ 105.8580411, 21.033791 ], [ 105.8588286, 21.0330955 ], [ 105.859561899999989, 21.032523 ], [ 105.866446499999981, 21.0358959 ], [ 105.8654306, 21.0378592 ], [ 105.8652272, 21.0404883 ], [ 105.8645302, 21.0425052 ], [ 105.8645845, 21.0429123 ], [ 105.8653748, 21.0454184 ], [ 105.8655464, 21.0455702 ], [ 105.8684807, 21.045031 ], [ 105.872712899999982, 21.0441993 ], [ 105.872754699999987, 21.0440955 ], [ 105.872489499999986, 21.0426025 ], [ 105.8720104, 21.0367702 ], [ 105.8722855, 21.0363757 ], [ 105.8728378, 21.0353082 ], [ 105.8697685, 21.0332234 ], [ 105.8695364, 21.0331021 ], [ 105.8683177, 21.0331559 ], [ 105.867567699999981, 21.0338859 ], [ 105.861271699999989, 21.0304235 ], [ 105.8613337, 21.0288933 ], [ 105.861773199999988, 21.025698 ], [ 105.8620378, 21.0248247 ], [ 105.86210149999998, 21.0246067 ], [ 105.862065, 21.0195265 ], [ 105.861804899999981, 21.0185343 ], [ 105.858707, 21.0183789 ], [ 105.854072, 21.0179264 ], [ 105.8528936, 21.0180897 ], [ 105.851603, 21.0182926 ], [ 105.8498841, 21.0203782 ], [ 105.848836100000014, 21.0227009 ], [ 105.8451257, 21.0249069 ], [ 105.8432716, 21.0254436 ], [ 105.8414982, 21.0259455 ], [ 105.8402245, 21.0273746 ], [ 105.8403743, 21.0308374 ], [ 105.840432, 21.0313369 ], [ 105.840804, 21.0342079 ], [ 105.840904899999984, 21.0341906 ], [ 105.8454918, 21.0375308 ], [ 105.8420285, 21.0406404 ], [ 105.841936899999979, 21.0406599 ], [ 105.8410772, 21.0408157 ], [ 105.840151, 21.0428157 ], [ 105.8401771, 21.0433484 ] ] ] } },
{ "type": "Feature", "properties": { "threshold_s": "900", "time_label": "15 min drive" }, "geometry": { "type": "Polygon", "coordinates": [ [ [ 105.835914299999985, 21.0526278 ], [ 105.8350074, 21.0583501 ], [ 105.83505959999998, 21.0583942 ], [ 105.8412143, 21.0575768 ], [ 105.8431225, 21.0562568 ], [ 105.843301, 21.055945 ], [ 105.8443236, 21.0542526 ], [ 105.8481324, 21.0481674 ], [ 105.8492648, 21.0462351 ], [ 105.850106499999981, 21.0449387 ], [ 105.8532054, 21.0410502 ], [ 105.8539648, 21.0399026 ], [ 105.8552544, 21.038343 ], [ 105.8559408, 21.0375631 ], [ 105.8580411, 21.033791 ], [ 105.8654306, 21.0378592 ], [ 105.8652272, 21.0404883 ], [ 105.8645302, 21.0425052 ], [ 105.8645845, 21.0429123 ], [ 105.8644483, 21.0456788 ], [ 105.863881599999985, 21.0508246 ], [ 105.8638711, 21.0513272 ], [ 105.8641684, 21.0533366 ], [ 105.8652916, 21.0554953 ], [ 105.8662408, 21.0558952 ], [ 105.866383299999981, 21.0559059 ], [ 105.8728613, 21.0516541 ], [ 105.8773687, 21.0501996 ], [ 105.8830187, 21.0491131 ], [ 105.8824341, 21.0463683 ], [ 105.8800709, 21.0411756 ], [ 105.8811667, 21.0365539 ], [ 105.8816505, 21.0286156 ], [ 105.8761077, 21.0262559 ], [ 105.8748008, 21.0263374 ], [ 105.8745219, 21.026564 ], [ 105.870419399999989, 21.0286352 ], [ 105.86210149999998, 21.0246067 ], [ 105.863899, 21.018973 ], [ 105.864448899999985, 21.0179396 ], [ 105.865231599999987, 21.0153725 ], [ 105.8655468, 21.0144409 ], [ 105.8657318, 21.0120932 ], [ 105.8662889, 21.0082262 ], [ 105.8628271, 21.0086717 ], [ 105.8623304, 21.0088016 ], [ 105.8606679, 21.0091734 ], [ 105.854610399999984, 21.0102562 ], [ 105.8510329, 21.0085965 ], [ 105.8505767, 21.008786 ], [ 105.8463087, 21.0126788 ], [ 105.8414099, 21.0174645 ], [ 105.8372522, 21.018501 ], [ 105.8350263, 21.0211537 ], [ 105.8315616, 21.0258355 ], [ 105.8299453, 21.0290504 ], [ 105.8292725, 21.0326242 ], [ 105.8285905, 21.0410636 ], [ 105.8363039, 21.0440074 ], [ 105.835914299999985, 21.0526278 ] ] ] } },
{ "type": "Feature", "properties": { "threshold_s": "300", "time_label": "5 min drive" }, "geometry": { "type": "Polygon", "coordinates": [ [ [ 105.8434716, 21.0414843 ], [ 105.8443967, 21.0432368 ], [ 105.8456115, 21.0434219 ], [ 105.8487795, 21.0432045 ], [ 105.850918, 21.0428162 ], [ 105.8513591, 21.04259 ], [ 105.852290599999989, 21.040453 ], [ 105.8546021, 21.0386962 ], [ 105.8552544, 21.038343 ], [ 105.8555772, 21.0374457 ], [ 105.855188, 21.0355451 ], [ 105.8559161, 21.032665 ], [ 105.8568546, 21.0314209 ], [ 105.8567475, 21.030865 ], [ 105.8539092, 21.0313985 ], [ 105.853331499999982, 21.0313059 ], [ 105.851011899999989, 21.0314044 ], [ 105.8501894, 21.0298974 ], [ 105.8474725, 21.0304548 ], [ 105.846568, 21.0299584 ], [ 105.845064, 21.0313485 ], [ 105.8447768, 21.0340917 ], [ 105.8449379, 21.0348636 ], [ 105.8454918, 21.0375308 ], [ 105.8454121, 21.0400507 ], [ 105.843830299999979, 21.0403251 ], [ 105.8434716, 21.0414843 ] ] ] } },
{ "type": "Feature", "properties": { "threshold_s": "600", "time_label": "10 min drive" }, "geometry": { "type": "Polygon", "coordinates": [ [ [ 105.8389686, 21.0494783 ], [ 105.839200599999984, 21.0509968 ], [ 105.8398226, 21.05119 ], [ 105.8407957, 21.0510767 ], [ 105.8418845, 21.0488831 ], [ 105.843499699999981, 21.0473729 ], [ 105.8481324, 21.0481674 ], [ 105.8492648, 21.0462351 ], [ 105.850106499999981, 21.0449387 ], [ 105.8532054, 21.0410502 ], [ 105.8539648, 21.0399026 ], [ 105.8552544, 21.038343 ], [ 105.8559408, 21.0375631 ], [ 105.8580411, 21.033791 ], [ 105.8588286, 21.0330955 ], [ 105.865565599999982, 21.0396641 ], [ 105.8660828, 21.0398137 ], [ 105.866129799999982, 21.0394213 ], [ 105.859561899999989, 21.032523 ], [ 105.861271699999989, 21.0304235 ], [ 105.8613337, 21.0288933 ], [ 105.8620378, 21.0248247 ], [ 105.86210149999998, 21.0246067 ], [ 105.8598823, 21.0218612 ], [ 105.8580477, 21.0211556 ], [ 105.8537007, 21.0205574 ], [ 105.8498841, 21.0203782 ], [ 105.8483011, 21.0210518 ], [ 105.845411900000016, 21.0229745 ], [ 105.8414355, 21.021993 ], [ 105.8395402, 21.0242642 ], [ 105.8361111, 21.0279427 ], [ 105.836006399999988, 21.0304587 ], [ 105.836268899999979, 21.0316267 ], [ 105.8366268, 21.0336787 ], [ 105.836976299999989, 21.0349265 ], [ 105.837023599999981, 21.0388764 ], [ 105.835097299999987, 21.0418506 ], [ 105.8351095, 21.0426739 ], [ 105.8363039, 21.0440074 ], [ 105.84031760000002, 21.0464223 ], [ 105.8389686, 21.0494783 ] ] ] } },
{ "type": "Feature", "properties": { "threshold_s": "900", "time_label": "15 min drive" }, "geometry": { "type": "Polygon", "coordinates": [ [ [ 105.835914299999985, 21.0526278 ], [ 105.8337915, 21.059953 ], [ 105.8338327, 21.0599829 ], [ 105.8392422, 21.0589809 ], [ 105.8434512, 21.0579885 ], [ 105.8448187, 21.0565981 ], [ 105.8481324, 21.0481674 ], [ 105.8492648, 21.0462351 ], [ 105.850106499999981, 21.0449387 ], [ 105.8532054, 21.0410502 ], [ 105.8539648, 21.0399026 ], [ 105.8552544, 21.038343 ], [ 105.8645302, 21.0425052 ], [ 105.8645845, 21.0429123 ], [ 105.8644483, 21.0456788 ], [ 105.8649809, 21.0473095 ], [ 105.8652837, 21.0475541 ], [ 105.865604499999989, 21.0475113 ], [ 105.871485199999981, 21.0466784 ], [ 105.8751927, 21.0453025 ], [ 105.875490899999988, 21.0451634 ], [ 105.874603199999981, 21.0358066 ], [ 105.8746544, 21.0343807 ], [ 105.873688499999986, 21.0332723 ], [ 105.8708742, 21.0315621 ], [ 105.8691818, 21.0308484 ], [ 105.86210149999998, 21.0246067 ], [ 105.863899, 21.018973 ], [ 105.864448899999985, 21.0179396 ], [ 105.865231599999987, 21.0153725 ], [ 105.8655468, 21.0144409 ], [ 105.86402, 21.0114232 ], [ 105.8639262, 21.0113862 ], [ 105.8593349, 21.0114263 ], [ 105.8499467, 21.0097837 ], [ 105.8490179, 21.0095714 ], [ 105.8463087, 21.0126788 ], [ 105.8414099, 21.0174645 ], [ 105.8372522, 21.018501 ], [ 105.833795699999982, 21.0192431 ], [ 105.830986, 21.0208954 ], [ 105.8275674, 21.0264161 ], [ 105.8261858, 21.0299931 ], [ 105.8256498, 21.031761 ], [ 105.8256225, 21.0318746 ], [ 105.8267433, 21.0343099 ], [ 105.823096299999989, 21.0430757 ], [ 105.823222, 21.0436032 ], [ 105.8247218, 21.0424488 ], [ 105.8285905, 21.0410636 ], [ 105.8363039, 21.0440074 ], [ 105.835914299999985, 21.0526278 ] ] ] } },
{ "type": "Feature", "properties": { "threshold_s": "300", "time_label": "5 min drive" }, "geometry": { "type": "Polygon", "coordinates": [ [ [ 105.8385407, 21.0267578 ], [ 105.8364437, 21.0287371 ], [ 105.839164299999979, 21.0281474 ], [ 105.8415837, 21.0296129 ], [ 105.841048699999988, 21.030708 ], [ 105.840926, 21.0308319 ], [ 105.841431199999988, 21.0306338 ], [ 105.8428205, 21.0303654 ], [ 105.845064, 21.0313485 ], [ 105.846937399999987, 21.0315 ], [ 105.847795099999985, 21.0291543 ], [ 105.847791199999989, 21.0281196 ], [ 105.850098599999981, 21.0263959 ], [ 105.849699099999981, 21.0251837 ], [ 105.8516746, 21.0229846 ], [ 105.8502802, 21.0215614 ], [ 105.8491719, 21.0206684 ], [ 105.847805799999989, 21.0195767 ], [ 105.845692299999982, 21.0195002 ], [ 105.843634699999981, 21.0174211 ], [ 105.8435857, 21.0172651 ], [ 105.8424924, 21.0173642 ], [ 105.8414099, 21.0174645 ], [ 105.8375088, 21.0190623 ], [ 105.8394154, 21.0189573 ], [ 105.841418299999987, 21.0206551 ], [ 105.8414355, 21.021993 ], [ 105.8395402, 21.0242642 ], [ 105.8380997, 21.0259862 ], [ 105.8385407, 21.0267578 ] ] ] } },
{ "type": "Feature", "properties": { "threshold_s": "600", "time_label": "10 min drive" }, "geometry": { "type": "Polygon", "coordinates": [ [ [ 105.830069, 21.0327886 ], [ 105.8317055, 21.0344357 ], [ 105.83272119999998, 21.034424 ], [ 105.8363518, 21.0356501 ], [ 105.837023599999981, 21.0388764 ], [ 105.839878699999986, 21.040146 ], [ 105.8420995, 21.0407793 ], [ 105.8467549, 21.0397937 ], [ 105.8471661, 21.0403179 ], [ 105.8482846, 21.041106 ], [ 105.8492253, 21.0404711 ], [ 105.8505606, 21.0383929 ], [ 105.8525179, 21.0367986 ], [ 105.853383100000016, 21.0355166 ], [ 105.8559161, 21.032665 ], [ 105.857796199999981, 21.028661 ], [ 105.8600125, 21.0249853 ], [ 105.86021479999998, 21.024606 ], [ 105.8598823, 21.0218612 ], [ 105.861804899999981, 21.0185343 ], [ 105.8583461, 21.0169388 ], [ 105.8572754, 21.0143557 ], [ 105.854312099999987, 21.0138532 ], [ 105.8509461, 21.0117911 ], [ 105.849074699999989, 21.0106586 ], [ 105.8488907, 21.0108647 ], [ 105.8479992, 21.0117844 ], [ 105.8441307, 21.0076739 ], [ 105.8440142, 21.0074152 ], [ 105.8413113, 21.0063215 ], [ 105.838181099999986, 21.0097637 ], [ 105.8410532, 21.0107455 ], [ 105.841156, 21.0107456 ], [ 105.8413476, 21.010746 ], [ 105.8463087, 21.0126788 ], [ 105.846647899999979, 21.0134641 ], [ 105.844269199999985, 21.017305 ], [ 105.8435857, 21.0172651 ], [ 105.8424924, 21.0173642 ], [ 105.8414099, 21.0174645 ], [ 105.8372522, 21.018501 ], [ 105.833795699999982, 21.0192431 ], [ 105.83106290000002, 21.0172386 ], [ 105.8309465, 21.0170993 ], [ 105.8290405, 21.016959 ], [ 105.8289753, 21.016992 ], [ 105.827027, 21.0199082 ], [ 105.8271174, 21.0200666 ], [ 105.830986, 21.0208954 ], [ 105.8301057, 21.0241313 ], [ 105.827835599999986, 21.0267721 ], [ 105.829957599999986, 21.0291222 ], [ 105.830216, 21.0321081 ], [ 105.830069, 21.0327886 ] ] ] } },
{ "type": "Feature", "properties": { "threshold_s": "900", "time_label": "15 min drive" }, "geometry": { "type": "Polygon", "coordinates": [ [ [ 105.8202169, 21.0311016 ], [ 105.820262, 21.0352954 ], [ 105.8203401, 21.0352888 ], [ 105.821467899999988, 21.0351968 ], [ 105.8259982, 21.0359947 ], [ 105.828665499999985, 21.0395817 ], [ 105.8351095, 21.0426739 ], [ 105.8363039, 21.0440074 ], [ 105.841624, 21.0490301 ], [ 105.8418845, 21.0488831 ], [ 105.8475641, 21.0457311 ], [ 105.850106499999981, 21.0449387 ], [ 105.8532054, 21.0410502 ], [ 105.8559408, 21.0375631 ], [ 105.859561899999989, 21.032523 ], [ 105.861271699999989, 21.0304235 ], [ 105.86210149999998, 21.0246067 ], [ 105.863899, 21.018973 ], [ 105.865231599999987, 21.0153725 ], [ 105.8655468, 21.0144409 ], [ 105.8657318, 21.0120932 ], [ 105.865791, 21.008757 ], [ 105.8655822, 21.0085059 ], [ 105.860888599999981, 21.006907 ], [ 105.8549485, 21.0048029 ], [ 105.8523702, 21.0030067 ], [ 105.847927199999987, 21.0001016 ], [ 105.8448576, 20.9967877 ], [ 105.8427149, 20.9951975 ], [ 105.8409087, 20.9943954 ], [ 105.8398059, 20.9951096 ], [ 105.8347146, 21.0009086 ], [ 105.8333233, 21.0020869 ], [ 105.832980599999985, 21.0026681 ], [ 105.8310576, 21.0060273 ], [ 105.8307843, 21.0063522 ], [ 105.822957099999982, 21.0066213 ], [ 105.823373799999985, 21.0090523 ], [ 105.8202578, 21.0152392 ], [ 105.8200999, 21.015375 ], [ 105.821050299999982, 21.0190995 ], [ 105.820237399999982, 21.023779 ], [ 105.8202169, 21.0311016 ] ] ] } },
{ "type": "Feature", "properties": { "threshold_s": "300", "time_label": "5 min drive" }, "geometry": { "type": "Polygon", "coordinates": [ [ [ 105.8491471, 21.0375518 ], [ 105.8509799, 21.0396982 ], [ 105.8513909, 21.04004 ], [ 105.8539648, 21.0399026 ], [ 105.8559408, 21.0375631 ], [ 105.8559647, 21.0363109 ], [ 105.856505, 21.0347543 ], [ 105.8588286, 21.0330955 ], [ 105.859561899999989, 21.032523 ], [ 105.861271699999989, 21.0304235 ], [ 105.8613337, 21.0288933 ], [ 105.8603817, 21.0291546 ], [ 105.8588605, 21.0264696 ], [ 105.8602138, 21.0257388 ], [ 105.860299, 21.0256005 ], [ 105.86021479999998, 21.024606 ], [ 105.858269399999983, 21.0246894 ], [ 105.8568687, 21.0238846 ], [ 105.855198799999982, 21.0227635 ], [ 105.85428570000002, 21.0222221 ], [ 105.854508, 21.0229623 ], [ 105.8532351, 21.0254925 ], [ 105.851678599999985, 21.0259447 ], [ 105.8511617, 21.0278966 ], [ 105.8495631, 21.0288558 ], [ 105.8464, 21.0291195 ], [ 105.846568, 21.0299584 ], [ 105.846356699999987, 21.0327226 ], [ 105.847024799999986, 21.0344199 ], [ 105.8484865, 21.0367305 ], [ 105.8491471, 21.0375518 ] ] ] } },
{ "type": "Feature", "properties": { "threshold_s": "600", "time_label": "10 min drive" }, "geometry": { "type": "Polygon", "coordinates": [ [ [ 105.8415842, 21.0436763 ], [ 105.843499699999981, 21.0473729 ], [ 105.8481324, 21.0481674 ], [ 105.8492648, 21.0462351 ], [ 105.850106499999981, 21.0449387 ], [ 105.8532054, 21.0410502 ], [ 105.8539648, 21.0399026 ], [ 105.8552544, 21.038343 ], [ 105.8559408, 21.0375631 ], [ 105.8580411, 21.033791 ], [ 105.8588286, 21.0330955 ], [ 105.859561899999989, 21.032523 ], [ 105.8654306, 21.0378592 ], [ 105.865565599999982, 21.0396641 ], [ 105.865384399999982, 21.0405012 ], [ 105.8654574, 21.0407182 ], [ 105.867414899999986, 21.0403182 ], [ 105.867557199999979, 21.0399065 ], [ 105.8675851, 21.0384081 ], [ 105.866810799999982, 21.0376376 ], [ 105.861271699999989, 21.0304235 ], [ 105.8613337, 21.0288933 ], [ 105.861773199999988, 21.025698 ], [ 105.8620378, 21.0248247 ], [ 105.86210149999998, 21.0246067 ], [ 105.863899, 21.018973 ], [ 105.864448899999985, 21.0179396 ], [ 105.863748199999989, 21.0177798 ], [ 105.859316299999989, 21.0134843 ], [ 105.8530265, 21.0134566 ], [ 105.851722, 21.0136037 ], [ 105.849888399999983, 21.0152015 ], [ 105.8478307, 21.0170696 ], [ 105.845936099999989, 21.020136 ], [ 105.8414355, 21.021993 ], [ 105.8395402, 21.0242642 ], [ 105.8361111, 21.0279427 ], [ 105.836268899999979, 21.0316267 ], [ 105.837565, 21.033506 ], [ 105.8381949, 21.0336649 ], [ 105.840804, 21.0342079 ], [ 105.840904899999984, 21.0341906 ], [ 105.8454918, 21.0375308 ], [ 105.8420285, 21.0406404 ], [ 105.841936899999979, 21.0406599 ], [ 105.841385499999987, 21.0426028 ], [ 105.8415842, 21.0436763 ] ] ] } },
{ "type": "Feature", "properties": { "threshold_s": "900", "time_label": "15 min drive" }, "geometry": { "type": "Polygon", "coordinates": [ [ [ 105.8368274, 21.0552363 ], [ 105.8361613, 21.0562297 ], [ 105.841105099999979, 21.0557457 ], [ 105.8443236, 21.0542526 ], [ 105.8481324, 21.0481674 ], [ 105.8492648, 21.0462351 ], [ 105.850106499999981, 21.0449387 ], [ 105.8532054, 21.0410502 ], [ 105.8539648, 21.0399026 ], [ 105.8552544, 21.038343 ], [ 105.8559408, 21.0375631 ], [ 105.8580411, 21.033791 ], [ 105.8654306, 21.0378592 ], [ 105.8652272, 21.0404883 ], [ 105.8645302, 21.0425052 ], [ 105.8645845, 21.0429123 ], [ 105.8644483, 21.0456788 ], [ 105.8643728, 21.050685 ], [ 105.8729485, 21.0474515 ], [ 105.8773688, 21.0459496 ], [ 105.8771305, 21.0452164 ], [ 105.8759689, 21.0369131 ], [ 105.877210599999984, 21.033413 ], [ 105.876977399999987, 21.0329215 ], [ 105.876701, 21.0326932 ], [ 105.8728034, 21.0312449 ], [ 105.8721804, 21.0309784 ], [ 105.8717063, 21.0309165 ], [ 105.8691818, 21.0308484 ], [ 105.861773199999988, 21.025698 ], [ 105.8620378, 21.0248247 ], [ 105.86210149999998, 21.0246067 ], [ 105.863899, 21.018973 ], [ 105.864448899999985, 21.0179396 ], [ 105.865231599999987, 21.0153725 ], [ 105.8655468, 21.0144409 ], [ 105.8680303, 21.0100022 ], [ 105.8688699, 21.0056204 ], [ 105.860888599999981, 21.006907 ], [ 105.8546658, 21.0067839 ], [ 105.8510544, 21.0044032 ], [ 105.8504813, 21.0044425 ], [ 105.8449471, 21.0079814 ], [ 105.8463087, 21.0126788 ], [ 105.8414099, 21.0174645 ], [ 105.8372522, 21.018501 ], [ 105.833795699999982, 21.0192431 ], [ 105.830986, 21.0208954 ], [ 105.827496, 21.0262322 ], [ 105.8256498, 21.031761 ], [ 105.8256225, 21.0318746 ], [ 105.8267433, 21.0343099 ], [ 105.8273127, 21.0355162 ], [ 105.8282168, 21.0361744 ], [ 105.835097299999987, 21.0418506 ], [ 105.8351095, 21.0426739 ], [ 105.8363039, 21.0440074 ], [ 105.838508299999987, 21.0487951 ], [ 105.8368274, 21.0552363 ] ] ] } },
{ "type": "Feature", "properties": { "threshold_s": "300", "time_label": "5 min drive" }, "geometry": { "type": "Polygon", "coordinates": [ [ [ 105.8447768, 21.0340917 ], [ 105.8449379, 21.0348636 ], [ 105.845924, 21.0356714 ], [ 105.8470901, 21.0365581 ], [ 105.8494544, 21.0368842 ], [ 105.850024, 21.0353227 ], [ 105.8506755, 21.0340786 ], [ 105.8531632, 21.0322152 ], [ 105.853924899999981, 21.0307624 ], [ 105.855437800000018, 21.0289498 ], [ 105.8560726, 21.0275487 ], [ 105.856075, 21.0274672 ], [ 105.856691499999982, 21.0251668 ], [ 105.85825819999998, 21.024727 ], [ 105.8583466, 21.0247255 ], [ 105.8574777, 21.022875 ], [ 105.8549505, 21.0220242 ], [ 105.8522331, 21.0209829 ], [ 105.8496135, 21.0195834 ], [ 105.8491719, 21.0206684 ], [ 105.8486244, 21.0220391 ], [ 105.846901399999979, 21.0243922 ], [ 105.8463801, 21.0245553 ], [ 105.8450233, 21.0265514 ], [ 105.8426329, 21.0278385 ], [ 105.842570599999988, 21.0292003 ], [ 105.8439386, 21.0301487 ], [ 105.8452826, 21.0324584 ], [ 105.8447768, 21.0340917 ] ] ] } },
{ "type": "Feature", "properties": { "threshold_s": "600", "time_label": "10 min drive" }, "geometry": { "type": "Polygon", "coordinates": [ [ [ 105.839639700000021, 21.0384598 ], [ 105.841385499999987, 21.0426028 ], [ 105.842816, 21.0433331 ], [ 105.845941399999987, 21.0443697 ], [ 105.8505349, 21.0426335 ], [ 105.8510793, 21.042542 ], [ 105.853999, 21.0394404 ], [ 105.8552544, 21.038343 ], [ 105.8559408, 21.0375631 ], [ 105.8559647, 21.0363109 ], [ 105.8588286, 21.0330955 ], [ 105.859561899999989, 21.032523 ], [ 105.861271699999989, 21.0304235 ], [ 105.8613337, 21.0288933 ], [ 105.86210149999998, 21.0246067 ], [ 105.8598823, 21.0218612 ], [ 105.862065, 21.0195265 ], [ 105.861804899999981, 21.0185343 ], [ 105.8590371, 21.0147101 ], [ 105.8601202, 21.0135956 ], [ 105.8582827, 21.0127586 ], [ 105.8558751, 21.0133974 ], [ 105.8522802, 21.011966 ], [ 105.8508371, 21.0105585 ], [ 105.8499467, 21.0097837 ], [ 105.8490179, 21.0095714 ], [ 105.8485957, 21.0097069 ], [ 105.8483954, 21.0097738 ], [ 105.8463087, 21.0126788 ], [ 105.846647899999979, 21.0134641 ], [ 105.8435857, 21.0172651 ], [ 105.8424924, 21.0173642 ], [ 105.8414099, 21.0174645 ], [ 105.840549, 21.0188823 ], [ 105.8368905, 21.022215 ], [ 105.8376116, 21.0232408 ], [ 105.8357768, 21.0272036 ], [ 105.8336277, 21.0266555 ], [ 105.832633099999981, 21.0283721 ], [ 105.8327536, 21.0313977 ], [ 105.832906799999989, 21.0329523 ], [ 105.833620399999987, 21.0342652 ], [ 105.8363518, 21.0356501 ], [ 105.839639700000021, 21.0384598 ] ] ] } },
{ "type": "Feature", "properties": { "threshold_s": "900", "time_label": "15 min drive" }, "geometry": { "type": "Polygon", "coordinates": [ [ [ 105.838508299999987, 21.0487951 ], [ 105.8387138, 21.0521127 ], [ 105.8420137, 21.0516091 ], [ 105.8481324, 21.0481674 ], [ 105.8492648, 21.0462351 ], [ 105.850106499999981, 21.0449387 ], [ 105.8532054, 21.0410502 ], [ 105.8539648, 21.0399026 ], [ 105.8552544, 21.038343 ], [ 105.8559408, 21.0375631 ], [ 105.8580411, 21.033791 ], [ 105.8588286, 21.0330955 ], [ 105.865565599999982, 21.0396641 ], [ 105.8660828, 21.0398137 ], [ 105.8669011, 21.0389734 ], [ 105.866112099999981, 21.0389781 ], [ 105.859561899999989, 21.032523 ], [ 105.861271699999989, 21.0304235 ], [ 105.8613337, 21.0288933 ], [ 105.861773199999988, 21.025698 ], [ 105.8620378, 21.0248247 ], [ 105.86210149999998, 21.0246067 ], [ 105.863899, 21.018973 ], [ 105.864448899999985, 21.0179396 ], [ 105.8680303, 21.0100022 ], [ 105.866515899999982, 21.0078988 ], [ 105.8612991, 21.0029993 ], [ 105.8536735, 21.0017773 ], [ 105.8503963, 20.9994987 ], [ 105.8458635, 21.0030043 ], [ 105.8412431, 21.0041897 ], [ 105.8397447, 21.0060986 ], [ 105.838181099999986, 21.0097637 ], [ 105.8410532, 21.0107455 ], [ 105.8372522, 21.018501 ], [ 105.8309465, 21.0170993 ], [ 105.8290405, 21.016959 ], [ 105.8289753, 21.016992 ], [ 105.828375799999989, 21.018124 ], [ 105.826638299999985, 21.0231269 ], [ 105.824814299999986, 21.0276475 ], [ 105.82168369999998, 21.0311603 ], [ 105.82163319999998, 21.0313084 ], [ 105.8215891, 21.0314693 ], [ 105.8259982, 21.0359947 ], [ 105.828665499999985, 21.0395817 ], [ 105.8363039, 21.0440074 ], [ 105.838508299999987, 21.0487951 ] ] ] } },
{ "type": "Feature", "properties": { "threshold_s": "300", "time_label": "5 min drive" }, "geometry": { "type": "Polygon", "coordinates": [ [ [ 105.8432716, 21.0254436 ], [ 105.8414982, 21.0259455 ], [ 105.843603699999989, 21.0264842 ], [ 105.8437592, 21.0269191 ], [ 105.8442028, 21.0280671 ], [ 105.8447258, 21.0278981 ], [ 105.845987099999988, 21.0275442 ], [ 105.847791199999989, 21.0281196 ], [ 105.847795099999985, 21.0291543 ], [ 105.8477212, 21.029978 ], [ 105.8486543, 21.0310594 ], [ 105.8488561, 21.0305684 ], [ 105.8491746, 21.029779 ], [ 105.850585599999988, 21.0291892 ], [ 105.8511617, 21.0278966 ], [ 105.851678599999985, 21.0259447 ], [ 105.8533791, 21.0260713 ], [ 105.8535709, 21.0273332 ], [ 105.8536648, 21.0278918 ], [ 105.853811899999982, 21.0288128 ], [ 105.853889, 21.0303709 ], [ 105.853686900000014, 21.0307099 ], [ 105.853331499999982, 21.0313059 ], [ 105.853009, 21.0316982 ], [ 105.8539092, 21.0313985 ], [ 105.853924899999981, 21.0307624 ], [ 105.8567112, 21.0297654 ], [ 105.8569206, 21.0290628 ], [ 105.8573312, 21.0277371 ], [ 105.857814499999989, 21.0261832 ], [ 105.8592416, 21.0249399 ], [ 105.8600125, 21.0249853 ], [ 105.859451399999983, 21.0232707 ], [ 105.8597332, 21.0223358 ], [ 105.8598823, 21.0218612 ], [ 105.8580477, 21.0211556 ], [ 105.857780299999988, 21.0199268 ], [ 105.8587079, 21.019044 ], [ 105.86021839999998, 21.0190576 ], [ 105.8597317, 21.0187694 ], [ 105.8582629, 21.0174014 ], [ 105.856659099999987, 21.0186561 ], [ 105.8556233, 21.0172861 ], [ 105.856344399999983, 21.0159717 ], [ 105.855323499999983, 21.0172067 ], [ 105.8540474, 21.0169953 ], [ 105.85375, 21.0153541 ], [ 105.853255, 21.0147894 ], [ 105.852267399999988, 21.0152083 ], [ 105.850940899999983, 21.0151728 ], [ 105.850418, 21.0151848 ], [ 105.849888399999983, 21.0152015 ], [ 105.8491983, 21.0152083 ], [ 105.8483814, 21.0152195 ], [ 105.847806599999984, 21.0152294 ], [ 105.847263, 21.0153508 ], [ 105.846956799999987, 21.0171098 ], [ 105.8474562, 21.0183772 ], [ 105.845692299999982, 21.0195002 ], [ 105.8443164, 21.0198187 ], [ 105.8445276, 21.0204246 ], [ 105.8447516, 21.0210682 ], [ 105.845411900000016, 21.0229745 ], [ 105.8451257, 21.0249069 ], [ 105.8432716, 21.0254436 ] ] ] } },
{ "type": "Feature", "properties": { "threshold_s": "600", "time_label": "10 min drive" }, "geometry": { "type": "Polygon", "coordinates": [ [ [ 105.8341838, 21.0320229 ], [ 105.8363518, 21.0356501 ], [ 105.840804, 21.0342079 ], [ 105.840904899999984, 21.0341906 ], [ 105.8449379, 21.0348636 ], [ 105.8454918, 21.0375308 ], [ 105.8467549, 21.0397937 ], [ 105.847634699999986, 21.0403282 ], [ 105.8513909, 21.04004 ], [ 105.853999, 21.0394404 ], [ 105.8552544, 21.038343 ], [ 105.8559408, 21.0375631 ], [ 105.8559647, 21.0363109 ], [ 105.8588286, 21.0330955 ], [ 105.859561899999989, 21.032523 ], [ 105.861271699999989, 21.0304235 ], [ 105.8613337, 21.0288933 ], [ 105.86210149999998, 21.0246067 ], [ 105.8598823, 21.0218612 ], [ 105.862065, 21.0195265 ], [ 105.863899, 21.018973 ], [ 105.865231599999987, 21.0153725 ], [ 105.8655468, 21.0144409 ], [ 105.8657318, 21.0120932 ], [ 105.865302699999987, 21.0105281 ], [ 105.8650208, 21.0103071 ], [ 105.8628271, 21.0086717 ], [ 105.860888599999981, 21.006907 ], [ 105.858537899999988, 21.0092217 ], [ 105.8555713, 21.0090207 ], [ 105.853795, 21.0077751 ], [ 105.8510544, 21.0044032 ], [ 105.8491994, 21.0056317 ], [ 105.8449471, 21.0079814 ], [ 105.8413476, 21.010746 ], [ 105.8463087, 21.0126788 ], [ 105.846647899999979, 21.0134641 ], [ 105.8435857, 21.0172651 ], [ 105.8424924, 21.0173642 ], [ 105.8414099, 21.0174645 ], [ 105.8372522, 21.018501 ], [ 105.8370701, 21.0188496 ], [ 105.8371473, 21.019088 ], [ 105.8375214, 21.02013 ], [ 105.8376116, 21.0232408 ], [ 105.8357768, 21.0272036 ], [ 105.834130499999986, 21.0277474 ], [ 105.833415599999981, 21.0280593 ], [ 105.8341838, 21.0320229 ] ] ] } },
{ "type": "Feature", "properties": { "threshold_s": "900", "time_label": "15 min drive" }, "geometry": { "type": "Polygon", "coordinates": [ [ [ 105.8259982, 21.0359947 ], [ 105.828665499999985, 21.0395817 ], [ 105.8363039, 21.0440074 ], [ 105.843499699999981, 21.0473729 ], [ 105.84759219999998, 21.0475335 ], [ 105.848446, 21.0470645 ], [ 105.8492648, 21.0462351 ], [ 105.850106499999981, 21.0449387 ], [ 105.8532054, 21.0410502 ], [ 105.8539648, 21.0399026 ], [ 105.865565599999982, 21.0396641 ], [ 105.867414899999986, 21.0403182 ], [ 105.867186, 21.0388216 ], [ 105.866579299999984, 21.0385083 ], [ 105.8613337, 21.0288933 ], [ 105.861773199999988, 21.025698 ], [ 105.8620378, 21.0248247 ], [ 105.86210149999998, 21.0246067 ], [ 105.863899, 21.018973 ], [ 105.864448899999985, 21.0179396 ], [ 105.8680303, 21.0100022 ], [ 105.8721878, 21.0029618 ], [ 105.8704661, 21.0012324 ], [ 105.8619848, 20.9963671 ], [ 105.8594959, 20.9979125 ], [ 105.8496927, 20.99414 ], [ 105.841148899999979, 20.99853 ], [ 105.8360473, 21.0034138 ], [ 105.8341507, 21.0086164 ], [ 105.828305499999985, 21.0144022 ], [ 105.827412899999985, 21.0152724 ], [ 105.8260288, 21.0176949 ], [ 105.824664799999979, 21.021128 ], [ 105.824814299999986, 21.0276475 ], [ 105.8259982, 21.0359947 ] ] ] } },
{ "type": "Feature", "properties": { "threshold_s": "300", "time_label": "5 min drive" }, "geometry": { "type": "Polygon", "coordinates": [ [ [ 105.8438212, 21.0181427 ], [ 105.8443164, 21.0198187 ], [ 105.8461235, 21.0206578 ], [ 105.8467389, 21.0204695 ], [ 105.8486244, 21.0220391 ], [ 105.848836100000014, 21.0227009 ], [ 105.850819799999982, 21.023226 ], [ 105.852939699999979, 21.0242487 ], [ 105.8547547, 21.023716 ], [ 105.855856599999981, 21.0247221 ], [ 105.856691499999982, 21.0251668 ], [ 105.858025399999988, 21.0255058 ], [ 105.859451399999983, 21.0232707 ], [ 105.8580477, 21.0211556 ], [ 105.8587079, 21.019044 ], [ 105.86021839999998, 21.0190576 ], [ 105.861804899999981, 21.0185343 ], [ 105.8597317, 21.0187694 ], [ 105.8583461, 21.0169388 ], [ 105.859686499999981, 21.014865 ], [ 105.860863499999979, 21.013714 ], [ 105.861001699999989, 21.0130866 ], [ 105.8599639, 21.0106306 ], [ 105.8593349, 21.0114263 ], [ 105.8565774, 21.0110102 ], [ 105.8564286, 21.0105414 ], [ 105.854610399999984, 21.0102562 ], [ 105.8545289, 21.0113244 ], [ 105.8522802, 21.011966 ], [ 105.851554299999989, 21.0105215 ], [ 105.850718599999979, 21.0090174 ], [ 105.8505725, 21.0091717 ], [ 105.849074699999989, 21.0106586 ], [ 105.8488907, 21.0108647 ], [ 105.8479992, 21.0117844 ], [ 105.8463087, 21.0126788 ], [ 105.846647899999979, 21.0134641 ], [ 105.847263, 21.0153508 ], [ 105.846956799999987, 21.0171098 ], [ 105.844269199999985, 21.017305 ], [ 105.8435857, 21.0172651 ], [ 105.8424984, 21.0175268 ], [ 105.8438212, 21.0181427 ] ] ] } },
{ "type": "Feature", "properties": { "threshold_s": "600", "time_label": "10 min drive" }, "geometry": { "type": "Polygon", "coordinates": [ [ [ 105.841517, 21.02649 ], [ 105.8415518, 21.0276316 ], [ 105.846937399999987, 21.0315 ], [ 105.84769249999998, 21.0324873 ], [ 105.85204490000001, 21.0339261 ], [ 105.8546701, 21.035414 ], [ 105.8547385, 21.0352913 ], [ 105.85726, 21.0315916 ], [ 105.861271699999989, 21.0304235 ], [ 105.86210149999998, 21.0246067 ], [ 105.863899, 21.018973 ], [ 105.864448899999985, 21.0179396 ], [ 105.865231599999987, 21.0153725 ], [ 105.8680303, 21.0100022 ], [ 105.8691535, 21.0053046 ], [ 105.863635099999982, 21.0020735 ], [ 105.8614664, 21.0011413 ], [ 105.8610535, 21.0011089 ], [ 105.8605877, 21.0010885 ], [ 105.857958899999986, 21.0027343 ], [ 105.853645299999982, 21.0016252 ], [ 105.850651, 20.99949 ], [ 105.8503963, 20.9994987 ], [ 105.849368499999983, 21.0012654 ], [ 105.84689849999998, 21.0038539 ], [ 105.8413113, 21.0063215 ], [ 105.8407724, 21.0079662 ], [ 105.8410532, 21.0107455 ], [ 105.841156, 21.0107456 ], [ 105.8413476, 21.010746 ], [ 105.8463087, 21.0126788 ], [ 105.8435857, 21.0172651 ], [ 105.8424924, 21.0173642 ], [ 105.8414099, 21.0174645 ], [ 105.8372522, 21.018501 ], [ 105.8370701, 21.0188496 ], [ 105.8371473, 21.019088 ], [ 105.8375214, 21.02013 ], [ 105.841464500000015, 21.024215 ], [ 105.8414982, 21.0259455 ], [ 105.841517, 21.02649 ] ] ] } },
{ "type": "Feature", "properties": { "threshold_s": "900", "time_label": "15 min drive" }, "geometry": { "type": "Polygon", "coordinates": [ [ [ 105.832906799999989, 21.0329523 ], [ 105.833620399999987, 21.0342652 ], [ 105.8363518, 21.0356501 ], [ 105.8446083, 21.0412085 ], [ 105.8482906, 21.0432002 ], [ 105.8487795, 21.0432045 ], [ 105.850918, 21.0428162 ], [ 105.8513591, 21.04259 ], [ 105.8532054, 21.0410502 ], [ 105.8559408, 21.0375631 ], [ 105.861271699999989, 21.0304235 ], [ 105.86210149999998, 21.0246067 ], [ 105.864448899999985, 21.0179396 ], [ 105.8680303, 21.0100022 ], [ 105.8750687, 21.0030983 ], [ 105.877117699999985, 21.0018883 ], [ 105.878845, 21.0009046 ], [ 105.8711588, 20.9994913 ], [ 105.8675617, 20.9968455 ], [ 105.8641417, 20.9908512 ], [ 105.8628237, 20.9894197 ], [ 105.8612569, 20.9927051 ], [ 105.852709600000011, 20.9941669 ], [ 105.8495471, 20.9930515 ], [ 105.843394, 20.9943756 ], [ 105.8409289, 20.9960477 ], [ 105.8347146, 21.0009086 ], [ 105.8332182, 21.0024163 ], [ 105.832980599999985, 21.0026681 ], [ 105.8320781, 21.0070219 ], [ 105.8268687, 21.0134918 ], [ 105.824664799999979, 21.021128 ], [ 105.8248003, 21.021338 ], [ 105.826765699999982, 21.0230936 ], [ 105.831823799999981, 21.0287574 ], [ 105.832906799999989, 21.0329523 ] ] ] } },
{ "type": "Feature", "properties": { "threshold_s": "300", "time_label": "5 min drive" }, "geometry": { "type": "Polygon", "coordinates": [ [ [ 105.8467549, 21.0397937 ], [ 105.8471661, 21.0403179 ], [ 105.847634699999986, 21.0403282 ], [ 105.8485616, 21.0402888 ], [ 105.851149600000014, 21.0394834 ], [ 105.8525179, 21.0367986 ], [ 105.853296899999989, 21.0369383 ], [ 105.8546701, 21.035414 ], [ 105.8547385, 21.0352913 ], [ 105.854767599999988, 21.0338265 ], [ 105.8575259, 21.0325659 ], [ 105.8583561, 21.0320441 ], [ 105.858440299999984, 21.031784 ], [ 105.857538, 21.0291314 ], [ 105.856075, 21.0274672 ], [ 105.855956299999988, 21.0274741 ], [ 105.853811899999982, 21.0288128 ], [ 105.851678599999985, 21.0259447 ], [ 105.8511617, 21.0278966 ], [ 105.8495631, 21.0288558 ], [ 105.847795099999985, 21.0291543 ], [ 105.845987099999988, 21.0275442 ], [ 105.845615399999986, 21.0263771 ], [ 105.8428379, 21.0278811 ], [ 105.8439386, 21.0301487 ], [ 105.843290199999984, 21.0323602 ], [ 105.8449379, 21.0348636 ], [ 105.8454918, 21.0375308 ], [ 105.8467549, 21.0397937 ] ] ] } },
{ "type": "Feature", "properties": { "threshold_s": "600", "time_label": "10 min drive" }, "geometry": { "type": "Polygon", "coordinates": [ [ [ 105.840307699999983, 21.0458038 ], [ 105.8408523, 21.0465531 ], [ 105.8438635, 21.0467884 ], [ 105.8464956, 21.0461629 ], [ 105.8492648, 21.0462351 ], [ 105.850106499999981, 21.0449387 ], [ 105.8513591, 21.04259 ], [ 105.8532054, 21.0410502 ], [ 105.8552544, 21.038343 ], [ 105.8559408, 21.0375631 ], [ 105.8559647, 21.0363109 ], [ 105.8580411, 21.033791 ], [ 105.8588286, 21.0330955 ], [ 105.859561899999989, 21.032523 ], [ 105.861271699999989, 21.0304235 ], [ 105.8613337, 21.0288933 ], [ 105.861773199999988, 21.025698 ], [ 105.8620378, 21.0248247 ], [ 105.86210149999998, 21.0246067 ], [ 105.8598823, 21.0218612 ], [ 105.8587797, 21.0187029 ], [ 105.856659099999987, 21.0186561 ], [ 105.855011, 21.0183662 ], [ 105.8529519, 21.0168194 ], [ 105.8514047, 21.0168343 ], [ 105.8491983, 21.0152083 ], [ 105.846956799999987, 21.0171098 ], [ 105.8438212, 21.0181427 ], [ 105.8412242, 21.0188454 ], [ 105.841405499999979, 21.0199175 ], [ 105.841418299999987, 21.0206551 ], [ 105.8414355, 21.021993 ], [ 105.8395402, 21.0242642 ], [ 105.8376116, 21.0232408 ], [ 105.8380997, 21.0259862 ], [ 105.8357768, 21.0272036 ], [ 105.834130499999986, 21.0277474 ], [ 105.833415599999981, 21.0280593 ], [ 105.833445, 21.0281154 ], [ 105.8340213, 21.0310333 ], [ 105.833105, 21.0322249 ], [ 105.834611099999989, 21.0340502 ], [ 105.8363518, 21.0356501 ], [ 105.8367548, 21.0351557 ], [ 105.836976299999989, 21.0349265 ], [ 105.8381949, 21.0336649 ], [ 105.840804, 21.0342079 ], [ 105.840904899999984, 21.0341906 ], [ 105.843290199999984, 21.0323602 ], [ 105.8447768, 21.0340917 ], [ 105.8449379, 21.0348636 ], [ 105.8454918, 21.0375308 ], [ 105.843830299999979, 21.0403251 ], [ 105.8420285, 21.0406404 ], [ 105.8399584, 21.0401369 ], [ 105.839878699999986, 21.040146 ], [ 105.838000199999982, 21.0413454 ], [ 105.838064499999987, 21.0427637 ], [ 105.8401771, 21.0433484 ], [ 105.840307699999983, 21.0458038 ] ] ] } },
{ "type": "Feature", "properties": { "threshold_s": "900", "time_label": "15 min drive" }, "geometry": { "type": "Polygon", "coordinates": [ [ [ 105.8363039, 21.0440074 ], [ 105.836611, 21.0526526 ], [ 105.8395775, 21.0554078 ], [ 105.840919299999982, 21.0557136 ], [ 105.8443236, 21.0542526 ], [ 105.8481324, 21.0481674 ], [ 105.8492648, 21.0462351 ], [ 105.850106499999981, 21.0449387 ], [ 105.8532054, 21.0410502 ], [ 105.8539648, 21.0399026 ], [ 105.8552544, 21.038343 ], [ 105.8559408, 21.0375631 ], [ 105.8652272, 21.0404883 ], [ 105.8645302, 21.0425052 ], [ 105.8645845, 21.0429123 ], [ 105.8653748, 21.0454184 ], [ 105.8655464, 21.0455702 ], [ 105.8715437, 21.0431633 ], [ 105.8720792, 21.0420892 ], [ 105.8716481, 21.0363361 ], [ 105.8695364, 21.0331021 ], [ 105.8613337, 21.0288933 ], [ 105.861773199999988, 21.025698 ], [ 105.8620378, 21.0248247 ], [ 105.86210149999998, 21.0246067 ], [ 105.863899, 21.018973 ], [ 105.864448899999985, 21.0179396 ], [ 105.865231599999987, 21.0153725 ], [ 105.8655468, 21.0144409 ], [ 105.8657318, 21.0120932 ], [ 105.865302699999987, 21.0105281 ], [ 105.8650208, 21.0103071 ], [ 105.8608043, 21.0089478 ], [ 105.8512375, 21.0063684 ], [ 105.8506003, 21.0064369 ], [ 105.8495537, 21.0066265 ], [ 105.8412842, 21.0083362 ], [ 105.8410532, 21.0107455 ], [ 105.8372522, 21.018501 ], [ 105.830088799999984, 21.0177414 ], [ 105.8292934, 21.0175367 ], [ 105.8285186, 21.0190792 ], [ 105.826638299999985, 21.0231269 ], [ 105.824814299999986, 21.0276475 ], [ 105.82163319999998, 21.0313084 ], [ 105.8215891, 21.0314693 ], [ 105.8259982, 21.0359947 ], [ 105.8263463, 21.0409169 ], [ 105.826639699999987, 21.0413859 ], [ 105.8285905, 21.0410636 ], [ 105.8363039, 21.0440074 ] ] ] } },
{ "type": "Feature", "properties": { "threshold_s": "300", "time_label": "5 min drive" }, "geometry": { "type": "Polygon", "coordinates": [ [ [ 105.8424984, 21.0175268 ], [ 105.8443164, 21.0198187 ], [ 105.846486, 21.0216764 ], [ 105.848836100000014, 21.0227009 ], [ 105.850819799999982, 21.023226 ], [ 105.852939699999979, 21.0242487 ], [ 105.85428570000002, 21.0222221 ], [ 105.856357099999983, 21.0224236 ], [ 105.857519, 21.0212525 ], [ 105.857780299999988, 21.0199268 ], [ 105.8597317, 21.0187694 ], [ 105.8583461, 21.0169388 ], [ 105.8590371, 21.0147101 ], [ 105.8601202, 21.0135956 ], [ 105.8593349, 21.0114263 ], [ 105.8564286, 21.0105414 ], [ 105.854610399999984, 21.0102562 ], [ 105.853603, 21.0086552 ], [ 105.85227949999998, 21.0069421 ], [ 105.8512375, 21.0063684 ], [ 105.8506003, 21.0064369 ], [ 105.850159199999979, 21.0065327 ], [ 105.849472099999986, 21.0070666 ], [ 105.847775899999988, 21.0083897 ], [ 105.8483954, 21.0097738 ], [ 105.8479992, 21.0117844 ], [ 105.8463087, 21.0126788 ], [ 105.846647899999979, 21.0134641 ], [ 105.847263, 21.0153508 ], [ 105.846956799999987, 21.0171098 ], [ 105.844269199999985, 21.017305 ], [ 105.8435857, 21.0172651 ], [ 105.8424924, 21.0173642 ], [ 105.8424984, 21.0175268 ] ] ] } },
{ "type": "Feature", "properties": { "threshold_s": "600", "time_label": "10 min drive" }, "geometry": { "type": "Polygon", "coordinates": [ [ [ 105.8415518, 21.0276316 ], [ 105.842570599999988, 21.0292003 ], [ 105.8467815, 21.03166 ], [ 105.84769249999998, 21.0324873 ], [ 105.85204490000001, 21.0339261 ], [ 105.854767599999988, 21.0338265 ], [ 105.8559161, 21.032665 ], [ 105.8567492, 21.0313753 ], [ 105.857538, 21.0291314 ], [ 105.857796199999981, 21.028661 ], [ 105.861773199999988, 21.025698 ], [ 105.8620378, 21.0248247 ], [ 105.86210149999998, 21.0246067 ], [ 105.8598823, 21.0218612 ], [ 105.863899, 21.018973 ], [ 105.864448899999985, 21.0179396 ], [ 105.865231599999987, 21.0153725 ], [ 105.8655468, 21.0144409 ], [ 105.8680303, 21.0100022 ], [ 105.866515899999982, 21.0078988 ], [ 105.8634401, 21.0082779 ], [ 105.860888599999981, 21.006907 ], [ 105.8622648, 21.0030021 ], [ 105.8614664, 21.0011413 ], [ 105.857958899999986, 21.0027343 ], [ 105.8546476, 21.0020295 ], [ 105.853301299999984, 20.9989462 ], [ 105.8499095, 20.9958483 ], [ 105.849957300000014, 20.9961284 ], [ 105.8501337, 20.9976528 ], [ 105.848264199999988, 21.0002543 ], [ 105.845359299999984, 21.0001914 ], [ 105.8412301, 21.0030328 ], [ 105.8398285, 21.0042077 ], [ 105.8397447, 21.0060986 ], [ 105.838181099999986, 21.0097637 ], [ 105.837626899999989, 21.0104747 ], [ 105.8410532, 21.0107455 ], [ 105.841156, 21.0107456 ], [ 105.8413476, 21.010746 ], [ 105.8463087, 21.0126788 ], [ 105.846647899999979, 21.0134641 ], [ 105.8435857, 21.0172651 ], [ 105.8424924, 21.0173642 ], [ 105.8414099, 21.0174645 ], [ 105.8372522, 21.018501 ], [ 105.8370701, 21.0188496 ], [ 105.8375347, 21.0215521 ], [ 105.841464500000015, 21.024215 ], [ 105.8414982, 21.0259455 ], [ 105.841517, 21.02649 ], [ 105.8415518, 21.0276316 ] ] ] } },
{ "type": "Feature", "properties": { "threshold_s": "900", "time_label": "15 min drive" }, "geometry": { "type": "Polygon", "coordinates": [ [ [ 105.832906799999989, 21.0329523 ], [ 105.833620399999987, 21.0342652 ], [ 105.839639700000021, 21.0384598 ], [ 105.8446083, 21.0412085 ], [ 105.8458083, 21.0416206 ], [ 105.8487683, 21.0426265 ], [ 105.85079, 21.0424231 ], [ 105.8532054, 21.0410502 ], [ 105.8559408, 21.0375631 ], [ 105.861271699999989, 21.0304235 ], [ 105.86210149999998, 21.0246067 ], [ 105.864448899999985, 21.0179396 ], [ 105.8680303, 21.0100022 ], [ 105.8742909, 21.0023561 ], [ 105.8766061, 21.0020298 ], [ 105.8767031, 21.002003 ], [ 105.877117699999985, 21.0018883 ], [ 105.8775448, 21.0016264 ], [ 105.8711588, 20.9994913 ], [ 105.8646271, 20.9951815 ], [ 105.8630818, 20.9910893 ], [ 105.8552671, 20.9886771 ], [ 105.846579300000016, 20.9860837 ], [ 105.841289799999984, 20.9919597 ], [ 105.837911700000021, 20.9942429 ], [ 105.8343962, 20.9993929 ], [ 105.830331199999989, 21.0041204 ], [ 105.8295224, 21.0070673 ], [ 105.8268687, 21.0134918 ], [ 105.8247558, 21.0191646 ], [ 105.824664799999979, 21.021128 ], [ 105.8248003, 21.021338 ], [ 105.826638299999985, 21.0231269 ], [ 105.831823799999981, 21.0287574 ], [ 105.832906799999989, 21.0329523 ] ] ] } },
{ "type": "Feature", "properties": { "threshold_s": "300", "time_label": "5 min drive" }, "geometry": { "type": "Polygon", "coordinates": [ [ [ 105.840151, 21.0428157 ], [ 105.8401771, 21.0433484 ], [ 105.842345499999979, 21.044652 ], [ 105.846347699999981, 21.0444049 ], [ 105.850239499999986, 21.0429333 ], [ 105.850918, 21.0428162 ], [ 105.8513591, 21.04259 ], [ 105.852290599999989, 21.040453 ], [ 105.85325779999998, 21.0370348 ], [ 105.8536025, 21.0366394 ], [ 105.8546701, 21.035414 ], [ 105.8547385, 21.0352913 ], [ 105.854413799999989, 21.0338031 ], [ 105.8538341, 21.0321923 ], [ 105.853111199999987, 21.0316465 ], [ 105.8491377, 21.0313156 ], [ 105.8486543, 21.0310594 ], [ 105.8464, 21.0291195 ], [ 105.8450687, 21.0291861 ], [ 105.8439386, 21.0301487 ], [ 105.843290199999984, 21.0323602 ], [ 105.8449379, 21.0348636 ], [ 105.8454918, 21.0375308 ], [ 105.843830299999979, 21.0403251 ], [ 105.8420285, 21.0406404 ], [ 105.841936899999979, 21.0406599 ], [ 105.840151, 21.0428157 ] ] ] } },
{ "type": "Feature", "properties": { "threshold_s": "600", "time_label": "10 min drive" }, "geometry": { "type": "Polygon", "coordinates": [ [ [ 105.838508299999987, 21.0487951 ], [ 105.838671, 21.0522312 ], [ 105.8419165, 21.0518834 ], [ 105.8420238, 21.0518513 ], [ 105.8421703, 21.0516693 ], [ 105.843499699999981, 21.0473729 ], [ 105.8481324, 21.0481674 ], [ 105.8492648, 21.0462351 ], [ 105.8532054, 21.0410502 ], [ 105.8559408, 21.0375631 ], [ 105.859561899999989, 21.032523 ], [ 105.861271699999989, 21.0304235 ], [ 105.8613337, 21.0288933 ], [ 105.860299, 21.0256005 ], [ 105.8600125, 21.0249853 ], [ 105.85428570000002, 21.0222221 ], [ 105.8498841, 21.0203782 ], [ 105.8479737, 21.0200887 ], [ 105.8414355, 21.021993 ], [ 105.8395402, 21.0242642 ], [ 105.8357768, 21.0272036 ], [ 105.8343437, 21.0291363 ], [ 105.833105, 21.0322249 ], [ 105.832906799999989, 21.0329523 ], [ 105.833620399999987, 21.0342652 ], [ 105.837023599999981, 21.0388764 ], [ 105.835097299999987, 21.0418506 ], [ 105.8351095, 21.0426739 ], [ 105.8363039, 21.0440074 ], [ 105.838508299999987, 21.0487951 ] ] ] } },
{ "type": "Feature", "properties": { "threshold_s": "900", "time_label": "15 min drive" }, "geometry": { "type": "Polygon", "coordinates": [ [ [ 105.831838, 21.0610843 ], [ 105.8318571, 21.0612589 ], [ 105.8326984, 21.0611397 ], [ 105.8392422, 21.0589809 ], [ 105.842760199999987, 21.0584602 ], [ 105.8434512, 21.0579885 ], [ 105.8448187, 21.0565981 ], [ 105.8481324, 21.0481674 ], [ 105.8492648, 21.0462351 ], [ 105.850106499999981, 21.0449387 ], [ 105.8532054, 21.0410502 ], [ 105.8539648, 21.0399026 ], [ 105.8552544, 21.038343 ], [ 105.8559408, 21.0375631 ], [ 105.8652272, 21.0404883 ], [ 105.8645302, 21.0425052 ], [ 105.8645845, 21.0429123 ], [ 105.8644483, 21.0456788 ], [ 105.8655464, 21.0455702 ], [ 105.8684807, 21.045031 ], [ 105.8725829, 21.0444941 ], [ 105.872712899999982, 21.0441993 ], [ 105.872754699999987, 21.0440955 ], [ 105.8729175, 21.0433116 ], [ 105.8728378, 21.0353082 ], [ 105.869877699999989, 21.0326259 ], [ 105.8683177, 21.0331559 ], [ 105.8613337, 21.0288933 ], [ 105.861773199999988, 21.025698 ], [ 105.8620378, 21.0248247 ], [ 105.86210149999998, 21.0246067 ], [ 105.863899, 21.018973 ], [ 105.864448899999985, 21.0179396 ], [ 105.8590371, 21.0147101 ], [ 105.85839679999998, 21.0145685 ], [ 105.8497945, 21.0106296 ], [ 105.8410532, 21.0107455 ], [ 105.8372522, 21.018501 ], [ 105.833795699999982, 21.0192431 ], [ 105.829942399999979, 21.0188712 ], [ 105.827208899999988, 21.0252373 ], [ 105.82168369999998, 21.0311603 ], [ 105.82163319999998, 21.0313084 ], [ 105.8215891, 21.0314693 ], [ 105.8259982, 21.0359947 ], [ 105.823096299999989, 21.0430757 ], [ 105.8185603, 21.0434901 ], [ 105.823222, 21.0436032 ], [ 105.8251749, 21.0431721 ], [ 105.8351095, 21.0426739 ], [ 105.8363039, 21.0440074 ], [ 105.835914299999985, 21.0526278 ], [ 105.8337692, 21.0561987 ], [ 105.831838, 21.0610843 ] ] ] } },
{ "type": "Feature", "properties": { "threshold_s": "300", "time_label": "5 min drive" }, "geometry": { "type": "Polygon", "coordinates": [ [ [ 105.8474105, 21.0258729 ], [ 105.84686929999998, 21.0260006 ], [ 105.8502936, 21.0269683 ], [ 105.851678599999985, 21.0259447 ], [ 105.8535709, 21.0273332 ], [ 105.8536648, 21.0278918 ], [ 105.853811899999982, 21.0288128 ], [ 105.853686900000014, 21.0307099 ], [ 105.8545659, 21.0314536 ], [ 105.8565198, 21.0313238 ], [ 105.8567475, 21.030865 ], [ 105.857538, 21.0291314 ], [ 105.857796199999981, 21.028661 ], [ 105.8581333, 21.0279368 ], [ 105.8588605, 21.0264696 ], [ 105.8602138, 21.0257388 ], [ 105.861773199999988, 21.025698 ], [ 105.8620378, 21.0248247 ], [ 105.86210149999998, 21.0246067 ], [ 105.8607254, 21.0240373 ], [ 105.8598823, 21.0218612 ], [ 105.8580477, 21.0211556 ], [ 105.8587079, 21.019044 ], [ 105.86021839999998, 21.0190576 ], [ 105.861804899999981, 21.0185343 ], [ 105.8597317, 21.0187694 ], [ 105.8583461, 21.0169388 ], [ 105.8590371, 21.0147101 ], [ 105.8599559, 21.0135821 ], [ 105.859316299999989, 21.0134843 ], [ 105.8572754, 21.0143557 ], [ 105.855307499999981, 21.0154971 ], [ 105.854272899999984, 21.0153954 ], [ 105.85375, 21.0153541 ], [ 105.8531376, 21.0152821 ], [ 105.8514047, 21.0168343 ], [ 105.8505078, 21.0185114 ], [ 105.849970199999987, 21.0206242 ], [ 105.848836100000014, 21.0227009 ], [ 105.8491985, 21.0237053 ], [ 105.849699099999981, 21.0251837 ], [ 105.8474105, 21.0258729 ] ] ] } },
{ "type": "Feature", "properties": { "threshold_s": "600", "time_label": "10 min drive" }, "geometry": { "type": "Polygon", "coordinates": [ [ [ 105.8364437, 21.0287371 ], [ 105.8389488, 21.0328868 ], [ 105.840682299999983, 21.0328473 ], [ 105.846130299999984, 21.0366717 ], [ 105.8502071, 21.0410105 ], [ 105.850356799999986, 21.0411413 ], [ 105.8532054, 21.0410502 ], [ 105.8559408, 21.0375631 ], [ 105.859561899999989, 21.032523 ], [ 105.861271699999989, 21.0304235 ], [ 105.86210149999998, 21.0246067 ], [ 105.863899, 21.018973 ], [ 105.864448899999985, 21.0179396 ], [ 105.865231599999987, 21.0153725 ], [ 105.8680303, 21.0100022 ], [ 105.866515899999982, 21.0078988 ], [ 105.860888599999981, 21.006907 ], [ 105.8546658, 21.0067839 ], [ 105.8506448, 21.0078411 ], [ 105.848933099999982, 21.008593 ], [ 105.8485991, 21.0091879 ], [ 105.8463087, 21.0126788 ], [ 105.8424924, 21.0173642 ], [ 105.8414099, 21.0174645 ], [ 105.8412242, 21.0188454 ], [ 105.8395402, 21.0242642 ], [ 105.8380997, 21.0259862 ], [ 105.8364437, 21.0287371 ] ] ] } },
{ "type": "Feature", "properties": { "threshold_s": "900", "time_label": "15 min drive" }, "geometry": { "type": "Polygon", "coordinates": [ [ [ 105.8269784, 21.0321598 ], [ 105.8270189, 21.0323507 ], [ 105.837023599999981, 21.0388764 ], [ 105.8401771, 21.0433484 ], [ 105.842786799999985, 21.04652 ], [ 105.843499699999981, 21.0473729 ], [ 105.8481324, 21.0481674 ], [ 105.8492648, 21.0462351 ], [ 105.850106499999981, 21.0449387 ], [ 105.8532054, 21.0410502 ], [ 105.865201199999987, 21.0414737 ], [ 105.8688469, 21.0404499 ], [ 105.8687567, 21.0378597 ], [ 105.8613337, 21.0288933 ], [ 105.861773199999988, 21.025698 ], [ 105.8620378, 21.0248247 ], [ 105.86210149999998, 21.0246067 ], [ 105.863899, 21.018973 ], [ 105.864448899999985, 21.0179396 ], [ 105.8680303, 21.0100022 ], [ 105.877117699999985, 21.0018883 ], [ 105.8775448, 21.0016264 ], [ 105.8711588, 20.9994913 ], [ 105.8627062, 20.9943137 ], [ 105.8613057, 20.9941357 ], [ 105.8501337, 20.9976528 ], [ 105.8457171, 21.0008499 ], [ 105.8412431, 21.0041897 ], [ 105.8397447, 21.0060986 ], [ 105.838181099999986, 21.0097637 ], [ 105.8301962, 21.0189764 ], [ 105.8300353, 21.0190116 ], [ 105.8276909, 21.0268084 ], [ 105.8269642, 21.0320424 ], [ 105.8269784, 21.0321598 ] ] ] } },
{ "type": "Feature", "properties": { "threshold_s": "300", "time_label": "5 min drive" }, "geometry": { "type": "Polygon", "coordinates": [ [ [ 105.8188734, 21.0294725 ], [ 105.818209, 21.0308137 ], [ 105.8202933, 21.0312925 ], [ 105.820920199999989, 21.0323015 ], [ 105.8215891, 21.0314693 ], [ 105.8224826, 21.0302632 ], [ 105.822679, 21.0300568 ], [ 105.8211359, 21.0291565 ], [ 105.8220755, 21.0274604 ], [ 105.823913799999985, 21.0276116 ], [ 105.824737399999989, 21.0278021 ], [ 105.825924199999989, 21.0286925 ], [ 105.8259543, 21.0303509 ], [ 105.8269642, 21.0320424 ], [ 105.8269784, 21.0321598 ], [ 105.8270189, 21.0323507 ], [ 105.829258, 21.0317249 ], [ 105.8299959, 21.0321698 ], [ 105.8298109, 21.0315576 ], [ 105.829957599999986, 21.0291222 ], [ 105.8299453, 21.0290504 ], [ 105.8296151, 21.0291865 ], [ 105.827500199999989, 21.0288101 ], [ 105.827835599999986, 21.0267721 ], [ 105.829699199999979, 21.0261137 ], [ 105.8291369, 21.0239736 ], [ 105.826765699999982, 21.0230936 ], [ 105.826638299999985, 21.0231269 ], [ 105.8248003, 21.021338 ], [ 105.8255177, 21.0206878 ], [ 105.824664799999979, 21.021128 ], [ 105.822719, 21.021974 ], [ 105.8200632, 21.021484 ], [ 105.818435199999982, 21.0213584 ], [ 105.8170904, 21.0194987 ], [ 105.8166276, 21.0188775 ], [ 105.8165241, 21.0189461 ], [ 105.815283099999988, 21.0205997 ], [ 105.814029199999979, 21.0226909 ], [ 105.8163864, 21.0236247 ], [ 105.815483199999989, 21.0270157 ], [ 105.8153298, 21.02723 ], [ 105.8154612, 21.0271893 ], [ 105.8177825, 21.0272186 ], [ 105.8188734, 21.0294725 ] ] ] } },
{ "type": "Feature", "properties": { "threshold_s": "600", "time_label": "10 min drive" }, "geometry": { "type": "Polygon", "coordinates": [ [ [ 105.8095655, 21.0323613 ], [ 105.810305, 21.0348404 ], [ 105.8145478, 21.0373863 ], [ 105.8152145, 21.0374458 ], [ 105.8173165, 21.0373304 ], [ 105.821467899999988, 21.0351968 ], [ 105.8271558, 21.0347458 ], [ 105.8317055, 21.0344357 ], [ 105.836186500000011, 21.0349715 ], [ 105.836976299999989, 21.0349265 ], [ 105.838055199999985, 21.0334157 ], [ 105.840203, 21.0292587 ], [ 105.8397764, 21.0286428 ], [ 105.8358943, 21.02522 ], [ 105.835375899999988, 21.0248546 ], [ 105.8329958, 21.0216565 ], [ 105.8338068, 21.0193064 ], [ 105.8341558, 21.0143481 ], [ 105.834042, 21.014199 ], [ 105.833890399999987, 21.0140474 ], [ 105.8288915, 21.0135822 ], [ 105.827148, 21.0133393 ], [ 105.826930600000011, 21.0134586 ], [ 105.8214795, 21.0115675 ], [ 105.8187493, 21.0100776 ], [ 105.8160708, 21.0104471 ], [ 105.8116969, 21.0096309 ], [ 105.810426099999987, 21.0098763 ], [ 105.810258099999984, 21.0099816 ], [ 105.8090202, 21.0149024 ], [ 105.8078179, 21.0193691 ], [ 105.8072926, 21.0203603 ], [ 105.8093012, 21.0228278 ], [ 105.8073506, 21.0274834 ], [ 105.8066167, 21.0279661 ], [ 105.8095655, 21.0323613 ] ] ] } },
{ "type": "Feature", "properties": { "threshold_s": "900", "time_label": "15 min drive" }, "geometry": { "type": "Polygon", "coordinates": [ [ [ 105.7974634, 21.033904 ], [ 105.7982784, 21.0391219 ], [ 105.802945599999987, 21.0401025 ], [ 105.806136099999989, 21.0438464 ], [ 105.8118943, 21.0466978 ], [ 105.815235299999983, 21.0455385 ], [ 105.817391, 21.0446957 ], [ 105.823096299999989, 21.0430757 ], [ 105.828665499999985, 21.0395817 ], [ 105.8351095, 21.0426739 ], [ 105.8363039, 21.0440074 ], [ 105.840151, 21.0428157 ], [ 105.8420995, 21.0407793 ], [ 105.8420285, 21.0406404 ], [ 105.8457273, 21.0347159 ], [ 105.847024799999986, 21.0344199 ], [ 105.848055599999981, 21.0324216 ], [ 105.847791199999989, 21.0281196 ], [ 105.849699099999981, 21.0251837 ], [ 105.8491985, 21.0237053 ], [ 105.8443164, 21.0198187 ], [ 105.844269199999985, 21.017305 ], [ 105.8435857, 21.0172651 ], [ 105.8413476, 21.010746 ], [ 105.8419506, 21.0075241 ], [ 105.8413254, 21.007045 ], [ 105.836326799999981, 21.0070954 ], [ 105.831343799999985, 21.0061057 ], [ 105.827431599999983, 21.0045071 ], [ 105.8208163, 21.0028548 ], [ 105.817849399999986, 21.0015574 ], [ 105.8117191, 21.0028656 ], [ 105.8103037, 21.0011768 ], [ 105.8058806, 21.0026384 ], [ 105.801389, 21.003105 ], [ 105.8010661, 21.0057129 ], [ 105.7993146, 21.0104976 ], [ 105.798323399999987, 21.0137879 ], [ 105.799750399999979, 21.0192064 ], [ 105.799222199999988, 21.0224034 ], [ 105.7989074, 21.0235191 ], [ 105.7982647, 21.0257885 ], [ 105.7980311, 21.0268446 ], [ 105.7977371, 21.033649 ], [ 105.7974634, 21.033904 ] ] ] } },
{ "type": "Feature", "properties": { "threshold_s": "300", "time_label": "5 min drive" }, "geometry": { "type": "Polygon", "coordinates": [ [ [ 105.8211359, 21.0291565 ], [ 105.8215891, 21.0314693 ], [ 105.8227084, 21.0314793 ], [ 105.822679, 21.0300568 ], [ 105.823913799999985, 21.0276116 ], [ 105.824737399999989, 21.0278021 ], [ 105.825924199999989, 21.0286925 ], [ 105.8259543, 21.0303509 ], [ 105.8256498, 21.031761 ], [ 105.8256225, 21.0318746 ], [ 105.8271908, 21.0334056 ], [ 105.8267433, 21.0343099 ], [ 105.8271558, 21.0347458 ], [ 105.827135, 21.0343028 ], [ 105.828823, 21.0325515 ], [ 105.82998929999998, 21.0333873 ], [ 105.8314281, 21.0326715 ], [ 105.832906799999989, 21.0329523 ], [ 105.8334198, 21.0329248 ], [ 105.8341838, 21.0320229 ], [ 105.8340213, 21.0310333 ], [ 105.8351408, 21.0292001 ], [ 105.835208699999981, 21.0291554 ], [ 105.8348712, 21.0288185 ], [ 105.8342281, 21.0277521 ], [ 105.83421460000001, 21.0259824 ], [ 105.8330833, 21.0252794 ], [ 105.8330075, 21.0253066 ], [ 105.8318917, 21.0265264 ], [ 105.829699199999979, 21.0261137 ], [ 105.8291369, 21.0239736 ], [ 105.826765699999982, 21.0230936 ], [ 105.8263876, 21.0220651 ], [ 105.8271174, 21.0200666 ], [ 105.8286247, 21.0192495 ], [ 105.829659, 21.0191776 ], [ 105.8285186, 21.0190792 ], [ 105.8263958, 21.0183198 ], [ 105.8242829, 21.0179336 ], [ 105.8241401, 21.0179988 ], [ 105.823109699999989, 21.0187853 ], [ 105.822857899999988, 21.0193572 ], [ 105.8229064, 21.0200294 ], [ 105.822719, 21.021974 ], [ 105.822012199999989, 21.0225246 ], [ 105.8228313, 21.0222185 ], [ 105.8248003, 21.021338 ], [ 105.826251, 21.022117 ], [ 105.826638299999985, 21.0231269 ], [ 105.8269312, 21.0241688 ], [ 105.827208899999988, 21.0252373 ], [ 105.827496, 21.0262322 ], [ 105.8275674, 21.0264161 ], [ 105.8276362, 21.0266314 ], [ 105.8276909, 21.0268084 ], [ 105.8260244, 21.0285731 ], [ 105.824814299999986, 21.0276475 ], [ 105.823184399999988, 21.0262688 ], [ 105.8218932, 21.0251753 ], [ 105.8217474, 21.0253173 ], [ 105.82144959999998, 21.0255664 ], [ 105.8220755, 21.0274604 ], [ 105.8211359, 21.0291565 ] ] ] } },
{ "type": "Feature", "properties": { "threshold_s": "600", "time_label": "10 min drive" }, "geometry": { "type": "Polygon", "coordinates": [ [ [ 105.8144585, 21.0357243 ], [ 105.8145478, 21.0373863 ], [ 105.8152145, 21.0374458 ], [ 105.8173165, 21.0373304 ], [ 105.822601899999981, 21.0387205 ], [ 105.8226508, 21.039099 ], [ 105.8259982, 21.0359947 ], [ 105.828665499999985, 21.0395817 ], [ 105.8282168, 21.0361744 ], [ 105.8317055, 21.0344357 ], [ 105.83272119999998, 21.034424 ], [ 105.8363518, 21.0356501 ], [ 105.837023599999981, 21.0388764 ], [ 105.836976299999989, 21.0349265 ], [ 105.840804, 21.0342079 ], [ 105.840904899999984, 21.0341906 ], [ 105.843290199999984, 21.0323602 ], [ 105.8447427, 21.0299832 ], [ 105.8450233, 21.0265514 ], [ 105.8432716, 21.0254436 ], [ 105.841464500000015, 21.024215 ], [ 105.8376116, 21.0232408 ], [ 105.8377091, 21.0200259 ], [ 105.8375088, 21.0190623 ], [ 105.8372522, 21.018501 ], [ 105.8351638, 21.0156491 ], [ 105.836346799999987, 21.0120401 ], [ 105.8367665, 21.0113112 ], [ 105.831711399999989, 21.011869 ], [ 105.831076, 21.0113157 ], [ 105.8307755, 21.0110954 ], [ 105.8277159, 21.0104577 ], [ 105.824347299999985, 21.0093907 ], [ 105.8214795, 21.0115675 ], [ 105.81725059999998, 21.0119342 ], [ 105.8159375, 21.0105436 ], [ 105.817155, 21.012083 ], [ 105.81468, 21.0163706 ], [ 105.8144784, 21.0168468 ], [ 105.8131721, 21.0204556 ], [ 105.8114669, 21.0247893 ], [ 105.8123611, 21.0288809 ], [ 105.810790299999979, 21.03192 ], [ 105.810830899999985, 21.0320409 ], [ 105.8144585, 21.0357243 ] ] ] } },
{ "type": "Feature", "properties": { "threshold_s": "900", "time_label": "15 min drive" }, "geometry": { "type": "Polygon", "coordinates": [ [ [ 105.800883399999989, 21.0378334 ], [ 105.801152299999984, 21.0381361 ], [ 105.8066715, 21.0413439 ], [ 105.8095014, 21.0427311 ], [ 105.815235299999983, 21.0455385 ], [ 105.817391, 21.0446957 ], [ 105.8233287, 21.0412791 ], [ 105.828665499999985, 21.0395817 ], [ 105.8351095, 21.0426739 ], [ 105.8363039, 21.0440074 ], [ 105.8407961, 21.0470259 ], [ 105.842786799999985, 21.04652 ], [ 105.845791899999981, 21.0438666 ], [ 105.8472071, 21.0419565 ], [ 105.850764, 21.0370967 ], [ 105.8530192, 21.033042 ], [ 105.8531632, 21.0322152 ], [ 105.8545573, 21.025672 ], [ 105.85545, 21.0235114 ], [ 105.8549505, 21.0220242 ], [ 105.8537007, 21.0205574 ], [ 105.8529487, 21.0201152 ], [ 105.8484518, 21.0170395 ], [ 105.8478307, 21.0170696 ], [ 105.846956799999987, 21.0171098 ], [ 105.844269199999985, 21.017305 ], [ 105.8413476, 21.010746 ], [ 105.8460661, 21.0081019 ], [ 105.846089299999988, 21.0079147 ], [ 105.845651, 21.0061208 ], [ 105.8414512, 21.0030306 ], [ 105.8412301, 21.0030328 ], [ 105.8360473, 21.0034138 ], [ 105.830331199999989, 21.0041204 ], [ 105.8253808, 21.0039239 ], [ 105.8182251, 21.0017879 ], [ 105.817849399999986, 21.0015574 ], [ 105.8164429, 21.0049643 ], [ 105.812051, 21.0071526 ], [ 105.808682399999981, 21.0080303 ], [ 105.8085143, 21.0080851 ], [ 105.80812659999998, 21.0127721 ], [ 105.8065127, 21.0169883 ], [ 105.8054028, 21.0235924 ], [ 105.8046822, 21.0287825 ], [ 105.8016402, 21.0301634 ], [ 105.801661, 21.0366779 ], [ 105.800883399999989, 21.0378334 ] ] ] } },
{ "type": "Feature", "properties": { "threshold_s": "300", "time_label": "5 min drive" }, "geometry": { "type": "Polygon", "coordinates": [ [ [ 105.8130802, 21.0095154 ], [ 105.8131552, 21.0096202 ], [ 105.8159375, 21.0105436 ], [ 105.8187493, 21.0100776 ], [ 105.820315399999984, 21.008217 ], [ 105.8233913, 21.0098098 ], [ 105.8254518, 21.0112777 ], [ 105.825529, 21.0112402 ], [ 105.824786499999988, 21.008971 ], [ 105.823827799999989, 21.0080473 ], [ 105.8231971, 21.0067615 ], [ 105.8255086, 21.0041199 ], [ 105.8271192, 21.0014607 ], [ 105.829166299999983, 21.00106 ], [ 105.8292945, 21.0004617 ], [ 105.8278881, 20.9994964 ], [ 105.825473099999982, 20.9982643 ], [ 105.8234955, 20.9974402 ], [ 105.8219954, 20.995766 ], [ 105.819956099999985, 20.9983138 ], [ 105.8193652, 20.9999298 ], [ 105.8158904, 21.0003156 ], [ 105.814307500000012, 20.9987879 ], [ 105.811802599999979, 20.9975768 ], [ 105.813767, 20.998893 ], [ 105.814378, 21.0017673 ], [ 105.81620239999998, 21.0026156 ], [ 105.8164429, 21.0049643 ], [ 105.814768299999983, 21.0063694 ], [ 105.8130802, 21.0095154 ] ] ] } },
{ "type": "Feature", "properties": { "threshold_s": "600", "time_label": "10 min drive" }, "geometry": { "type": "Polygon", "coordinates": [ [ [ 105.804187200000015, 21.0149442 ], [ 105.804193399999988, 21.0163781 ], [ 105.8063072, 21.0165963 ], [ 105.813385, 21.0173423 ], [ 105.8165241, 21.0189461 ], [ 105.824457, 21.0182561 ], [ 105.8271174, 21.0200666 ], [ 105.830986, 21.0208954 ], [ 105.8310544, 21.0208665 ], [ 105.8341558, 21.0143481 ], [ 105.8365606, 21.0106011 ], [ 105.83625, 21.0083741 ], [ 105.8360473, 21.0034138 ], [ 105.8404852, 20.9978347 ], [ 105.836330800000013, 20.9954175 ], [ 105.8328399, 20.9917502 ], [ 105.8317973, 20.9911681 ], [ 105.8315062, 20.9910072 ], [ 105.827045, 20.9918182 ], [ 105.824332399999989, 20.9938038 ], [ 105.8174286, 20.994913 ], [ 105.8147673, 20.9940025 ], [ 105.806733599999987, 20.9941675 ], [ 105.80396159999998, 20.9917608 ], [ 105.803761399999985, 20.9916192 ], [ 105.8027891, 20.9914954 ], [ 105.802927400000016, 20.9921822 ], [ 105.8040869, 20.9973946 ], [ 105.8045555, 21.005355 ], [ 105.8046479, 21.0099789 ], [ 105.804187200000015, 21.0149442 ] ] ] } },
{ "type": "Feature", "properties": { "threshold_s": "900", "time_label": "15 min drive" }, "geometry": { "type": "Polygon", "coordinates": [ [ [ 105.794687899999985, 21.0157342 ], [ 105.7975731, 21.0237727 ], [ 105.7976002, 21.023785 ], [ 105.7990048, 21.0236119 ], [ 105.8036281, 21.0234259 ], [ 105.8114669, 21.0247893 ], [ 105.813858499999981, 21.0239011 ], [ 105.8163864, 21.0236247 ], [ 105.822770899999981, 21.0267136 ], [ 105.8274018, 21.0293992 ], [ 105.8360782, 21.0304375 ], [ 105.8395402, 21.0242642 ], [ 105.8426704, 21.0202983 ], [ 105.8424924, 21.0173642 ], [ 105.8413476, 21.010746 ], [ 105.8460661, 21.0081019 ], [ 105.846089299999988, 21.0079147 ], [ 105.8467549, 21.0021344 ], [ 105.849957300000014, 20.9961284 ], [ 105.849826799999988, 20.9953234 ], [ 105.848337199999989, 20.9935 ], [ 105.8452993, 20.9909589 ], [ 105.840966499999979, 20.9869198 ], [ 105.8349189, 20.982977 ], [ 105.834600599999987, 20.9828719 ], [ 105.826665199999979, 20.9840852 ], [ 105.8238136, 20.9842945 ], [ 105.8195182, 20.9846359 ], [ 105.813462499999986, 20.9862914 ], [ 105.8084121, 20.9842139 ], [ 105.8069433, 20.9832705 ], [ 105.80144, 20.98468 ], [ 105.7949749, 20.9854498 ], [ 105.7948058, 20.9856848 ], [ 105.7943971, 20.9923757 ], [ 105.7958977, 21.0004443 ], [ 105.7956549, 21.0077665 ], [ 105.7942709, 21.0132583 ], [ 105.794687899999985, 21.0157342 ] ] ] } },
{ "type": "Feature", "properties": { "threshold_s": "300", "time_label": "5 min drive" }, "geometry": { "type": "Polygon", "coordinates": [ [ [ 105.840151, 21.0428157 ], [ 105.8401771, 21.0433484 ], [ 105.842345499999979, 21.044652 ], [ 105.846347699999981, 21.0444049 ], [ 105.850239499999986, 21.0429333 ], [ 105.850918, 21.0428162 ], [ 105.8513591, 21.04259 ], [ 105.852290599999989, 21.040453 ], [ 105.85325779999998, 21.0370348 ], [ 105.8536025, 21.0366394 ], [ 105.8546701, 21.035414 ], [ 105.8547385, 21.0352913 ], [ 105.854413799999989, 21.0338031 ], [ 105.8538341, 21.0321923 ], [ 105.853111199999987, 21.0316465 ], [ 105.8491377, 21.0313156 ], [ 105.8486543, 21.0310594 ], [ 105.8464, 21.0291195 ], [ 105.8450687, 21.0291861 ], [ 105.8439386, 21.0301487 ], [ 105.843290199999984, 21.0323602 ], [ 105.8449379, 21.0348636 ], [ 105.8454918, 21.0375308 ], [ 105.843830299999979, 21.0403251 ], [ 105.8420285, 21.0406404 ], [ 105.841936899999979, 21.0406599 ], [ 105.840151, 21.0428157 ] ] ] } },
{ "type": "Feature", "properties": { "threshold_s": "600", "time_label": "10 min drive" }, "geometry": { "type": "Polygon", "coordinates": [ [ [ 105.838508299999987, 21.0487951 ], [ 105.838671, 21.0522312 ], [ 105.8419165, 21.0518834 ], [ 105.8420238, 21.0518513 ], [ 105.8421703, 21.0516693 ], [ 105.843499699999981, 21.0473729 ], [ 105.8481324, 21.0481674 ], [ 105.8492648, 21.0462351 ], [ 105.8532054, 21.0410502 ], [ 105.8559408, 21.0375631 ], [ 105.859561899999989, 21.032523 ], [ 105.861271699999989, 21.0304235 ], [ 105.8613337, 21.0288933 ], [ 105.860299, 21.0256005 ], [ 105.8600125, 21.0249853 ], [ 105.85428570000002, 21.0222221 ], [ 105.8498841, 21.0203782 ], [ 105.8479737, 21.0200887 ], [ 105.8414355, 21.021993 ], [ 105.8395402, 21.0242642 ], [ 105.8357768, 21.0272036 ], [ 105.8343437, 21.0291363 ], [ 105.833105, 21.0322249 ], [ 105.832906799999989, 21.0329523 ], [ 105.833620399999987, 21.0342652 ], [ 105.837023599999981, 21.0388764 ], [ 105.835097299999987, 21.0418506 ], [ 105.8351095, 21.0426739 ], [ 105.8363039, 21.0440074 ], [ 105.838508299999987, 21.0487951 ] ] ] } },
{ "type": "Feature", "properties": { "threshold_s": "900", "time_label": "15 min drive" }, "geometry": { "type": "Polygon", "coordinates": [ [ [ 105.831838, 21.0610843 ], [ 105.8318571, 21.0612589 ], [ 105.8326984, 21.0611397 ], [ 105.8392422, 21.0589809 ], [ 105.842760199999987, 21.0584602 ], [ 105.8434512, 21.0579885 ], [ 105.8448187, 21.0565981 ], [ 105.8481324, 21.0481674 ], [ 105.8492648, 21.0462351 ], [ 105.850106499999981, 21.0449387 ], [ 105.8532054, 21.0410502 ], [ 105.8539648, 21.0399026 ], [ 105.8552544, 21.038343 ], [ 105.8559408, 21.0375631 ], [ 105.8652272, 21.0404883 ], [ 105.8645302, 21.0425052 ], [ 105.8645845, 21.0429123 ], [ 105.8644483, 21.0456788 ], [ 105.8655464, 21.0455702 ], [ 105.8684807, 21.045031 ], [ 105.8725829, 21.0444941 ], [ 105.872712899999982, 21.0441993 ], [ 105.872754699999987, 21.0440955 ], [ 105.8729175, 21.0433116 ], [ 105.8728378, 21.0353082 ], [ 105.869877699999989, 21.0326259 ], [ 105.8683177, 21.0331559 ], [ 105.8613337, 21.0288933 ], [ 105.861773199999988, 21.025698 ], [ 105.8620378, 21.0248247 ], [ 105.86210149999998, 21.0246067 ], [ 105.863899, 21.018973 ], [ 105.864448899999985, 21.0179396 ], [ 105.8590371, 21.0147101 ], [ 105.85839679999998, 21.0145685 ], [ 105.8497945, 21.0106296 ], [ 105.8410532, 21.0107455 ], [ 105.8372522, 21.018501 ], [ 105.833795699999982, 21.0192431 ], [ 105.829942399999979, 21.0188712 ], [ 105.827208899999988, 21.0252373 ], [ 105.82168369999998, 21.0311603 ], [ 105.82163319999998, 21.0313084 ], [ 105.8215891, 21.0314693 ], [ 105.8259982, 21.0359947 ], [ 105.823096299999989, 21.0430757 ], [ 105.8185603, 21.0434901 ], [ 105.823222, 21.0436032 ], [ 105.8251749, 21.0431721 ], [ 105.8351095, 21.0426739 ], [ 105.8363039, 21.0440074 ], [ 105.835914299999985, 21.0526278 ], [ 105.8337692, 21.0561987 ], [ 105.831838, 21.0610843 ] ] ] } },
{ "type": "Feature", "properties": { "threshold_s": "300", "time_label": "5 min drive" }, "geometry": { "type": "Polygon", "coordinates": [ [ [ 105.8360691, 21.0561833 ], [ 105.8350074, 21.0583501 ], [ 105.8363703, 21.0569683 ], [ 105.8412143, 21.0575768 ], [ 105.8431225, 21.0562568 ], [ 105.8443236, 21.0542526 ], [ 105.844048699999988, 21.0528946 ], [ 105.844027199999985, 21.049822 ], [ 105.8464956, 21.0461629 ], [ 105.8468339, 21.0433172 ], [ 105.8468183, 21.0432116 ], [ 105.8425574, 21.0423547 ], [ 105.841829, 21.0425259 ], [ 105.841385499999987, 21.0426028 ], [ 105.836188, 21.041554 ], [ 105.835097299999987, 21.0418506 ], [ 105.8351095, 21.0426739 ], [ 105.8363039, 21.0440074 ], [ 105.84031760000002, 21.0464223 ], [ 105.838508299999987, 21.0487951 ], [ 105.835914299999985, 21.0526278 ], [ 105.8360691, 21.0561833 ] ] ] } },
{ "type": "Feature", "properties": { "threshold_s": "600", "time_label": "10 min drive" }, "geometry": { "type": "Polygon", "coordinates": [ [ [ 105.8293449, 21.0627201 ], [ 105.8276535, 21.0650398 ], [ 105.8293603, 21.0657912 ], [ 105.8320576, 21.0663145 ], [ 105.8332252, 21.0661651 ], [ 105.836126, 21.0657657 ], [ 105.8370781, 21.0623407 ], [ 105.842760199999987, 21.0584602 ], [ 105.8460751, 21.0600606 ], [ 105.848916, 21.0612404 ], [ 105.8498942, 21.0617944 ], [ 105.8496843, 21.0596697 ], [ 105.8448187, 21.0565981 ], [ 105.8443236, 21.0542526 ], [ 105.8481324, 21.0481674 ], [ 105.8492648, 21.0462351 ], [ 105.850106499999981, 21.0449387 ], [ 105.8539648, 21.0399026 ], [ 105.8546021, 21.0386962 ], [ 105.8542072, 21.0356567 ], [ 105.8499357, 21.033994 ], [ 105.8472542, 21.0337414 ], [ 105.840432, 21.0313369 ], [ 105.836268899999979, 21.0316267 ], [ 105.833620399999987, 21.0342652 ], [ 105.828665499999985, 21.0395817 ], [ 105.82651319999998, 21.0400574 ], [ 105.8247218, 21.0424488 ], [ 105.8251749, 21.0431721 ], [ 105.8285905, 21.0410636 ], [ 105.8351095, 21.0426739 ], [ 105.8363039, 21.0440074 ], [ 105.838508299999987, 21.0487951 ], [ 105.835914299999985, 21.0526278 ], [ 105.832645699999986, 21.0568351 ], [ 105.8293449, 21.0627201 ] ] ] } },
{ "type": "Feature", "properties": { "threshold_s": "900", "time_label": "15 min drive" }, "geometry": { "type": "Polygon", "coordinates": [ [ [ 105.819245, 21.0667666 ], [ 105.8213389, 21.0727396 ], [ 105.826889699999981, 21.0742817 ], [ 105.8290271, 21.0726398 ], [ 105.833167299999985, 21.0696651 ], [ 105.843461599999983, 21.0672316 ], [ 105.8486768, 21.0669306 ], [ 105.8498942, 21.0617944 ], [ 105.8496843, 21.0596697 ], [ 105.848315199999988, 21.0591785 ], [ 105.8481324, 21.0481674 ], [ 105.8492648, 21.0462351 ], [ 105.850106499999981, 21.0449387 ], [ 105.8532054, 21.0410502 ], [ 105.8552544, 21.038343 ], [ 105.8559408, 21.0375631 ], [ 105.859561899999989, 21.032523 ], [ 105.861271699999989, 21.0304235 ], [ 105.86082039999998, 21.0293792 ], [ 105.8588605, 21.0264696 ], [ 105.8553119, 21.0254087 ], [ 105.846901399999979, 21.0243922 ], [ 105.8414355, 21.021993 ], [ 105.832224299999979, 21.0234152 ], [ 105.832154499999987, 21.0234448 ], [ 105.8261858, 21.0299931 ], [ 105.8256498, 21.031761 ], [ 105.8256225, 21.0318746 ], [ 105.8259982, 21.0359947 ], [ 105.8161021, 21.0410852 ], [ 105.815249, 21.0412048 ], [ 105.814005599999987, 21.0414615 ], [ 105.814111499999981, 21.0446838 ], [ 105.8142918, 21.0448188 ], [ 105.815235299999983, 21.0455385 ], [ 105.820405799999989, 21.0550064 ], [ 105.820428099999987, 21.0568115 ], [ 105.819245, 21.0667666 ] ] ] } },
{ "type": "Feature", "properties": { "threshold_s": "300", "time_label": "5 min drive" }, "geometry": { "type": "Polygon", "coordinates": [ [ [ 105.8481044, 21.0392503 ], [ 105.8477713, 21.0400597 ], [ 105.849651, 21.0397493 ], [ 105.8505606, 21.0383929 ], [ 105.8505999, 21.0381423 ], [ 105.850764, 21.0370967 ], [ 105.8525179, 21.0367986 ], [ 105.853116, 21.0377241 ], [ 105.854314099999982, 21.0377085 ], [ 105.853879400000011, 21.0368754 ], [ 105.8550415, 21.0355011 ], [ 105.855808, 21.0348872 ], [ 105.8567919, 21.0336774 ], [ 105.8588286, 21.0330955 ], [ 105.859561899999989, 21.032523 ], [ 105.858440299999984, 21.031784 ], [ 105.858137099999979, 21.0313081 ], [ 105.8598143, 21.0299614 ], [ 105.8583197, 21.0293284 ], [ 105.8581333, 21.0279368 ], [ 105.8573312, 21.0277371 ], [ 105.8564625, 21.025904 ], [ 105.8553119, 21.0254087 ], [ 105.8555511, 21.0261522 ], [ 105.8558255, 21.0270181 ], [ 105.8559552, 21.0275369 ], [ 105.855437800000018, 21.0289498 ], [ 105.853811899999982, 21.0288128 ], [ 105.851678599999985, 21.0259447 ], [ 105.8511617, 21.0278966 ], [ 105.8495631, 21.0288558 ], [ 105.8494419, 21.0291799 ], [ 105.8491746, 21.029779 ], [ 105.8474725, 21.0304548 ], [ 105.846568, 21.0299584 ], [ 105.845974500000011, 21.0317052 ], [ 105.8455033, 21.033579 ], [ 105.8449379, 21.0348636 ], [ 105.846130299999984, 21.0366717 ], [ 105.8479192, 21.0377886 ], [ 105.8481044, 21.0392503 ] ] ] } },
{ "type": "Feature", "properties": { "threshold_s": "600", "time_label": "10 min drive" }, "geometry": { "type": "Polygon", "coordinates": [ [ [ 105.84, 21.0410016 ], [ 105.838064499999987, 21.0427637 ], [ 105.8401771, 21.0433484 ], [ 105.8409974, 21.0454008 ], [ 105.842097, 21.0463187 ], [ 105.842786799999985, 21.04652 ], [ 105.8438635, 21.0467884 ], [ 105.8464868, 21.045385 ], [ 105.8475641, 21.0457311 ], [ 105.8492648, 21.0462351 ], [ 105.850106499999981, 21.0449387 ], [ 105.8513591, 21.04259 ], [ 105.8532054, 21.0410502 ], [ 105.8552544, 21.038343 ], [ 105.8559408, 21.0375631 ], [ 105.8559647, 21.0363109 ], [ 105.8580411, 21.033791 ], [ 105.8588286, 21.0330955 ], [ 105.859561899999989, 21.032523 ], [ 105.861271699999989, 21.0304235 ], [ 105.8613337, 21.0288933 ], [ 105.861773199999988, 21.025698 ], [ 105.8620378, 21.0248247 ], [ 105.86210149999998, 21.0246067 ], [ 105.8607254, 21.0240373 ], [ 105.8598823, 21.0218612 ], [ 105.862065, 21.0195265 ], [ 105.861804899999981, 21.0185343 ], [ 105.8597317, 21.0187694 ], [ 105.8583461, 21.0169388 ], [ 105.8575245, 21.0165817 ], [ 105.855323499999983, 21.0172067 ], [ 105.8531376, 21.0152821 ], [ 105.850354399999986, 21.0169123 ], [ 105.8498371, 21.0169606 ], [ 105.849252299999989, 21.0169984 ], [ 105.8484518, 21.0170395 ], [ 105.8478307, 21.0170696 ], [ 105.8474562, 21.0183772 ], [ 105.845936099999989, 21.020136 ], [ 105.8461235, 21.0206578 ], [ 105.845411900000016, 21.0229745 ], [ 105.8427541, 21.0238309 ], [ 105.8414355, 21.021993 ], [ 105.8395402, 21.0242642 ], [ 105.8392509, 21.024602 ], [ 105.8380997, 21.0259862 ], [ 105.8361111, 21.0279427 ], [ 105.8364437, 21.0287371 ], [ 105.836268899999979, 21.0316267 ], [ 105.837565, 21.033506 ], [ 105.8381949, 21.0336649 ], [ 105.840804, 21.0342079 ], [ 105.840904899999984, 21.0341906 ], [ 105.843290199999984, 21.0323602 ], [ 105.8447768, 21.0340917 ], [ 105.8449379, 21.0348636 ], [ 105.8454918, 21.0375308 ], [ 105.843830299999979, 21.0403251 ], [ 105.8420285, 21.0406404 ], [ 105.841936899999979, 21.0406599 ], [ 105.8410772, 21.0408157 ], [ 105.840077, 21.0409934 ], [ 105.84, 21.0410016 ] ] ] } },
{ "type": "Feature", "properties": { "threshold_s": "900", "time_label": "15 min drive" }, "geometry": { "type": "Polygon", "coordinates": [ [ [ 105.837166, 21.0521616 ], [ 105.8394795, 21.0549056 ], [ 105.839774399999982, 21.0550947 ], [ 105.8426652, 21.053922 ], [ 105.844046, 21.0533014 ], [ 105.8481324, 21.0481674 ], [ 105.8492648, 21.0462351 ], [ 105.850106499999981, 21.0449387 ], [ 105.8532054, 21.0410502 ], [ 105.8539648, 21.0399026 ], [ 105.8645302, 21.0425052 ], [ 105.8645845, 21.0429123 ], [ 105.8644483, 21.0456788 ], [ 105.8652837, 21.0475541 ], [ 105.865604499999989, 21.0475113 ], [ 105.8719968, 21.0457875 ], [ 105.8746437, 21.0450437 ], [ 105.8736422, 21.0365277 ], [ 105.8742088, 21.0341147 ], [ 105.8708742, 21.0315621 ], [ 105.87011769999998, 21.0316959 ], [ 105.8620378, 21.0248247 ], [ 105.86210149999998, 21.0246067 ], [ 105.863899, 21.018973 ], [ 105.864448899999985, 21.0179396 ], [ 105.865231599999987, 21.0153725 ], [ 105.8655468, 21.0144409 ], [ 105.8657318, 21.0120932 ], [ 105.866515899999982, 21.0078988 ], [ 105.860795, 21.0076553 ], [ 105.8512375, 21.0063684 ], [ 105.8506003, 21.0064369 ], [ 105.8449471, 21.0079814 ], [ 105.8414099, 21.0174645 ], [ 105.8372522, 21.018501 ], [ 105.833795699999982, 21.0192431 ], [ 105.830986, 21.0208954 ], [ 105.827496, 21.0262322 ], [ 105.8256498, 21.031761 ], [ 105.8256225, 21.0318746 ], [ 105.8285905, 21.0410636 ], [ 105.8363039, 21.0440074 ], [ 105.837166, 21.0521616 ] ] ] } },
{ "type": "Feature", "properties": { "threshold_s": "300", "time_label": "5 min drive" }, "geometry": { "type": "Polygon", "coordinates": [ [ [ 105.8467549, 21.0397937 ], [ 105.8471661, 21.0403179 ], [ 105.847634699999986, 21.0403282 ], [ 105.8485616, 21.0402888 ], [ 105.8505606, 21.0383929 ], [ 105.852603500000015, 21.0366534 ], [ 105.852792800000017, 21.0360548 ], [ 105.8537816, 21.033787 ], [ 105.855508299999983, 21.0325438 ], [ 105.8545659, 21.0314536 ], [ 105.853111199999987, 21.0316465 ], [ 105.8510791, 21.0304701 ], [ 105.8511617, 21.0278966 ], [ 105.851678599999985, 21.0259447 ], [ 105.8491985, 21.0237053 ], [ 105.8463276, 21.0227121 ], [ 105.8451257, 21.0249069 ], [ 105.841464500000015, 21.024215 ], [ 105.839868899999985, 21.0264119 ], [ 105.8385407, 21.0267578 ], [ 105.8388391, 21.0280565 ], [ 105.8386072, 21.0311749 ], [ 105.840682299999983, 21.0328473 ], [ 105.843290199999984, 21.0323602 ], [ 105.8447768, 21.0340917 ], [ 105.8449379, 21.0348636 ], [ 105.8454918, 21.0375308 ], [ 105.8467549, 21.0397937 ] ] ] } },
{ "type": "Feature", "properties": { "threshold_s": "600", "time_label": "10 min drive" }, "geometry": { "type": "Polygon", "coordinates": [ [ [ 105.840307699999983, 21.0458038 ], [ 105.8408523, 21.0465531 ], [ 105.8438635, 21.0467884 ], [ 105.848109099999988, 21.0450692 ], [ 105.850106499999981, 21.0449387 ], [ 105.8532054, 21.0410502 ], [ 105.8559408, 21.0375631 ], [ 105.8588286, 21.0330955 ], [ 105.859561899999989, 21.032523 ], [ 105.861271699999989, 21.0304235 ], [ 105.8613337, 21.0288933 ], [ 105.860767399999986, 21.0242371 ], [ 105.8607254, 21.0240373 ], [ 105.8598823, 21.0218612 ], [ 105.8587797, 21.0187029 ], [ 105.8556233, 21.0172861 ], [ 105.8531376, 21.0152821 ], [ 105.849150399999985, 21.0133873 ], [ 105.847263, 21.0153508 ], [ 105.8424924, 21.0173642 ], [ 105.8414099, 21.0174645 ], [ 105.8372522, 21.018501 ], [ 105.8338068, 21.0193064 ], [ 105.832154499999987, 21.0234448 ], [ 105.830492399999983, 21.0270872 ], [ 105.8299453, 21.0290504 ], [ 105.8288446, 21.0324006 ], [ 105.828823, 21.0325515 ], [ 105.8317055, 21.0344357 ], [ 105.83272119999998, 21.034424 ], [ 105.8363518, 21.0356501 ], [ 105.837023599999981, 21.0388764 ], [ 105.838064499999987, 21.0427637 ], [ 105.840307699999983, 21.0458038 ] ] ] } },
{ "type": "Feature", "properties": { "threshold_s": "900", "time_label": "15 min drive" }, "geometry": { "type": "Polygon", "coordinates": [ [ [ 105.817228499999985, 21.0308395 ], [ 105.8178814, 21.0355613 ], [ 105.820262, 21.0352954 ], [ 105.8263463, 21.0409169 ], [ 105.826639699999987, 21.0413859 ], [ 105.8285905, 21.0410636 ], [ 105.8363039, 21.0440074 ], [ 105.838508299999987, 21.0487951 ], [ 105.836611, 21.0526526 ], [ 105.8395775, 21.0554078 ], [ 105.8404866, 21.0555921 ], [ 105.8435297, 21.0542126 ], [ 105.844046, 21.0533014 ], [ 105.8481324, 21.0481674 ], [ 105.8492648, 21.0462351 ], [ 105.850106499999981, 21.0449387 ], [ 105.8532054, 21.0410502 ], [ 105.8539648, 21.0399026 ], [ 105.8552544, 21.038343 ], [ 105.8559408, 21.0375631 ], [ 105.8580411, 21.033791 ], [ 105.8654306, 21.0378592 ], [ 105.865565599999982, 21.0396641 ], [ 105.865384399999982, 21.0405012 ], [ 105.8650849, 21.0413692 ], [ 105.865201199999987, 21.0414737 ], [ 105.8688469, 21.0404499 ], [ 105.8687567, 21.0378597 ], [ 105.866810799999982, 21.0376376 ], [ 105.861271699999989, 21.0304235 ], [ 105.8613337, 21.0288933 ], [ 105.861773199999988, 21.025698 ], [ 105.8620378, 21.0248247 ], [ 105.86210149999998, 21.0246067 ], [ 105.863899, 21.018973 ], [ 105.864448899999985, 21.0179396 ], [ 105.8655468, 21.0144409 ], [ 105.8642533, 21.0115155 ], [ 105.860795, 21.0076553 ], [ 105.854656399999982, 21.0073922 ], [ 105.8510544, 21.0044032 ], [ 105.8504813, 21.0044425 ], [ 105.8496358, 21.0050672 ], [ 105.8414512, 21.0030306 ], [ 105.8412301, 21.0030328 ], [ 105.8398285, 21.0042077 ], [ 105.838181099999986, 21.0097637 ], [ 105.837626899999989, 21.0104747 ], [ 105.8370897, 21.0112297 ], [ 105.8288915, 21.0135822 ], [ 105.827148, 21.0133393 ], [ 105.8268687, 21.0134918 ], [ 105.8243228, 21.0183481 ], [ 105.82144959999998, 21.0255664 ], [ 105.8172566, 21.030683 ], [ 105.817228499999985, 21.0308395 ] ] ] } },
{ "type": "Feature", "properties": { "threshold_s": "300", "time_label": "5 min drive" }, "geometry": { "type": "Polygon", "coordinates": [ [ [ 105.846356699999987, 21.0327226 ], [ 105.846995, 21.0337203 ], [ 105.848043799999985, 21.0342979 ], [ 105.850261500000016, 21.0331052 ], [ 105.8508815, 21.0317597 ], [ 105.851011899999989, 21.0314044 ], [ 105.8510791, 21.0304701 ], [ 105.850585599999988, 21.0291892 ], [ 105.8511617, 21.0278966 ], [ 105.8536648, 21.0278918 ], [ 105.8553119, 21.0254087 ], [ 105.855856599999981, 21.0247221 ], [ 105.852939699999979, 21.0242487 ], [ 105.851756499999979, 21.0224385 ], [ 105.8491985, 21.0237053 ], [ 105.849699099999981, 21.0251837 ], [ 105.847790500000016, 21.0270442 ], [ 105.8464, 21.0291195 ], [ 105.8450687, 21.0291861 ], [ 105.845974500000011, 21.0317052 ], [ 105.846356699999987, 21.0327226 ] ] ] } },
{ "type": "Feature", "properties": { "threshold_s": "600", "time_label": "10 min drive" }, "geometry": { "type": "Polygon", "coordinates": [ [ [ 105.836138799999986, 21.030881 ], [ 105.8366268, 21.0336787 ], [ 105.8381949, 21.0336649 ], [ 105.840804, 21.0342079 ], [ 105.840904899999984, 21.0341906 ], [ 105.8449379, 21.0348636 ], [ 105.8454918, 21.0375308 ], [ 105.8446083, 21.0412085 ], [ 105.8458083, 21.0416206 ], [ 105.8482371, 21.042392 ], [ 105.8512049, 21.039884 ], [ 105.8535585, 21.0372254 ], [ 105.8546701, 21.035414 ], [ 105.8547385, 21.0352913 ], [ 105.8594201, 21.0325236 ], [ 105.859561899999989, 21.032523 ], [ 105.8585383, 21.0299404 ], [ 105.861773199999988, 21.025698 ], [ 105.8620378, 21.0248247 ], [ 105.86210149999998, 21.0246067 ], [ 105.862065, 21.0195265 ], [ 105.861804899999981, 21.0185343 ], [ 105.8583461, 21.0169388 ], [ 105.8575245, 21.0165817 ], [ 105.853558199999981, 21.0137765 ], [ 105.849114, 21.0118669 ], [ 105.8463087, 21.0126788 ], [ 105.8435857, 21.0172651 ], [ 105.842423599999989, 21.0195967 ], [ 105.8414355, 21.021993 ], [ 105.8395402, 21.0242642 ], [ 105.8357768, 21.0272036 ], [ 105.836138799999986, 21.030881 ] ] ] } },
{ "type": "Feature", "properties": { "threshold_s": "900", "time_label": "15 min drive" }, "geometry": { "type": "Polygon", "coordinates": [ [ [ 105.8256225, 21.0318746 ], [ 105.8273644, 21.0362036 ], [ 105.8282168, 21.0361744 ], [ 105.8317055, 21.0344357 ], [ 105.83272119999998, 21.034424 ], [ 105.837023599999981, 21.0388764 ], [ 105.835097299999987, 21.0418506 ], [ 105.8351095, 21.0426739 ], [ 105.8363039, 21.0440074 ], [ 105.84031760000002, 21.0464223 ], [ 105.841624, 21.0490301 ], [ 105.8481324, 21.0481674 ], [ 105.8492648, 21.0462351 ], [ 105.8532054, 21.0410502 ], [ 105.8559408, 21.0375631 ], [ 105.859561899999989, 21.032523 ], [ 105.861271699999989, 21.0304235 ], [ 105.86210149999998, 21.0246067 ], [ 105.863899, 21.018973 ], [ 105.864448899999985, 21.0179396 ], [ 105.8655468, 21.0144409 ], [ 105.8662889, 21.0082262 ], [ 105.8662304, 21.0081725 ], [ 105.860888599999981, 21.006907 ], [ 105.85495, 21.005205 ], [ 105.850789299999988, 21.0022022 ], [ 105.847204199999979, 21.0041071 ], [ 105.8413254, 21.007045 ], [ 105.8407724, 21.0079662 ], [ 105.8410532, 21.0107455 ], [ 105.841156, 21.0107456 ], [ 105.8413476, 21.010746 ], [ 105.8463087, 21.0126788 ], [ 105.8435857, 21.0172651 ], [ 105.8424924, 21.0173642 ], [ 105.8414099, 21.0174645 ], [ 105.8372522, 21.018501 ], [ 105.833795699999982, 21.0192431 ], [ 105.830562599999979, 21.0190758 ], [ 105.8306589, 21.0202038 ], [ 105.827208899999988, 21.0252373 ], [ 105.827496, 21.0262322 ], [ 105.8256498, 21.031761 ], [ 105.8256225, 21.0318746 ] ] ] } },
{ "type": "Feature", "properties": { "threshold_s": "300", "time_label": "5 min drive" }, "geometry": { "type": "Polygon", "coordinates": [ [ [ 105.8366268, 21.0336787 ], [ 105.836976299999989, 21.0349265 ], [ 105.8381949, 21.0336649 ], [ 105.840804, 21.0342079 ], [ 105.840904899999984, 21.0341906 ], [ 105.843290199999984, 21.0323602 ], [ 105.8447768, 21.0340917 ], [ 105.8449379, 21.0348636 ], [ 105.8454918, 21.0375308 ], [ 105.8471313, 21.0386835 ], [ 105.8480787, 21.0375461 ], [ 105.850024, 21.0353227 ], [ 105.850261500000016, 21.0331052 ], [ 105.8513365, 21.0323003 ], [ 105.85069, 21.0302351 ], [ 105.850585599999988, 21.0291892 ], [ 105.850098599999981, 21.0263959 ], [ 105.851322199999984, 21.0247186 ], [ 105.848836100000014, 21.0227009 ], [ 105.8486244, 21.0220391 ], [ 105.8463276, 21.0227121 ], [ 105.845411900000016, 21.0229745 ], [ 105.84309709999998, 21.021558 ], [ 105.841418299999987, 21.0206551 ], [ 105.8414355, 21.021993 ], [ 105.8395402, 21.0242642 ], [ 105.8392509, 21.024602 ], [ 105.8380997, 21.0259862 ], [ 105.8357768, 21.0272036 ], [ 105.8361111, 21.0279427 ], [ 105.836006399999988, 21.0304587 ], [ 105.836268899999979, 21.0316267 ], [ 105.8366268, 21.0336787 ] ] ] } },
{ "type": "Feature", "properties": { "threshold_s": "600", "time_label": "10 min drive" }, "geometry": { "type": "Polygon", "coordinates": [ [ [ 105.8267433, 21.0343099 ], [ 105.8273644, 21.0362036 ], [ 105.8282168, 21.0361744 ], [ 105.8317055, 21.0344357 ], [ 105.83272119999998, 21.034424 ], [ 105.8363518, 21.0356501 ], [ 105.837023599999981, 21.0388764 ], [ 105.836188, 21.041554 ], [ 105.8351095, 21.0426739 ], [ 105.8358527, 21.042708 ], [ 105.8359577, 21.042714 ], [ 105.836316, 21.042721 ], [ 105.838064499999987, 21.0427637 ], [ 105.84105959999998, 21.044674 ], [ 105.842786799999985, 21.04652 ], [ 105.846347699999981, 21.0444049 ], [ 105.850239499999986, 21.0429333 ], [ 105.850918, 21.0428162 ], [ 105.8513591, 21.04259 ], [ 105.852290599999989, 21.040453 ], [ 105.8546021, 21.0386962 ], [ 105.8552544, 21.038343 ], [ 105.8559408, 21.0375631 ], [ 105.8562679, 21.035083 ], [ 105.8588286, 21.0330955 ], [ 105.859561899999989, 21.032523 ], [ 105.8598143, 21.0299614 ], [ 105.859122499999984, 21.0260143 ], [ 105.8600125, 21.0249853 ], [ 105.8607254, 21.0240373 ], [ 105.8598823, 21.0218612 ], [ 105.8597317, 21.0187694 ], [ 105.8575245, 21.0165817 ], [ 105.856344399999983, 21.0159717 ], [ 105.855307499999981, 21.0154971 ], [ 105.853255, 21.0147894 ], [ 105.8510471, 21.0135674 ], [ 105.849117899999982, 21.0124376 ], [ 105.8463087, 21.0126788 ], [ 105.841200599999979, 21.0103061 ], [ 105.84115509999998, 21.010313 ], [ 105.8410532, 21.0107455 ], [ 105.841156, 21.0107456 ], [ 105.8413476, 21.010746 ], [ 105.8435857, 21.0172651 ], [ 105.8424924, 21.0173642 ], [ 105.8414099, 21.0174645 ], [ 105.8372522, 21.018501 ], [ 105.833795699999982, 21.0192431 ], [ 105.8301962, 21.0189764 ], [ 105.830306599999986, 21.01926 ], [ 105.8306589, 21.0202038 ], [ 105.8301057, 21.0241313 ], [ 105.827367, 21.0251872 ], [ 105.827208899999988, 21.0252373 ], [ 105.827496, 21.0262322 ], [ 105.8261858, 21.0299931 ], [ 105.8256498, 21.031761 ], [ 105.8256225, 21.0318746 ], [ 105.8267433, 21.0343099 ] ] ] } },
{ "type": "Feature", "properties": { "threshold_s": "900", "time_label": "15 min drive" }, "geometry": { "type": "Polygon", "coordinates": [ [ [ 105.81288859999998, 21.0314836 ], [ 105.8145478, 21.0373863 ], [ 105.8152145, 21.0374458 ], [ 105.8173165, 21.0373304 ], [ 105.8247218, 21.0424488 ], [ 105.8285905, 21.0410636 ], [ 105.8363039, 21.0440074 ], [ 105.838508299999987, 21.0487951 ], [ 105.838671, 21.0522312 ], [ 105.8394795, 21.0549056 ], [ 105.8426652, 21.053922 ], [ 105.844046, 21.0533014 ], [ 105.8481324, 21.0481674 ], [ 105.8492648, 21.0462351 ], [ 105.850106499999981, 21.0449387 ], [ 105.8532054, 21.0410502 ], [ 105.8539648, 21.0399026 ], [ 105.8552544, 21.038343 ], [ 105.8559408, 21.0375631 ], [ 105.8580411, 21.033791 ], [ 105.8588286, 21.0330955 ], [ 105.859561899999989, 21.032523 ], [ 105.865565599999982, 21.0396641 ], [ 105.8658247, 21.0397037 ], [ 105.861271699999989, 21.0304235 ], [ 105.8613337, 21.0288933 ], [ 105.8620378, 21.0248247 ], [ 105.86210149999998, 21.0246067 ], [ 105.864448899999985, 21.0179396 ], [ 105.865231599999987, 21.0153725 ], [ 105.8655468, 21.0144409 ], [ 105.865340099999983, 21.0119355 ], [ 105.864910599999988, 21.0110211 ], [ 105.8644658, 21.0103583 ], [ 105.8628271, 21.0086717 ], [ 105.860888599999981, 21.006907 ], [ 105.8546658, 21.0067839 ], [ 105.851024099999989, 21.0031371 ], [ 105.850875299999984, 21.002847 ], [ 105.84689849999998, 21.0038539 ], [ 105.84123, 21.0008729 ], [ 105.837045499999988, 21.0036744 ], [ 105.8346042, 21.0089868 ], [ 105.8281555, 21.0107348 ], [ 105.8249361, 21.010282 ], [ 105.8222877, 21.0162242 ], [ 105.819080499999984, 21.0224513 ], [ 105.818984799999981, 21.0231983 ], [ 105.8164399, 21.0296201 ], [ 105.813433900000021, 21.0311917 ], [ 105.813089, 21.0312839 ], [ 105.81288859999998, 21.0314836 ] ] ] } },
{ "type": "Feature", "properties": { "threshold_s": "300", "time_label": "5 min drive" }, "geometry": { "type": "Polygon", "coordinates": [ [ [ 105.8182347, 21.0306756 ], [ 105.818209, 21.0308137 ], [ 105.8202933, 21.0312925 ], [ 105.820920199999989, 21.0323015 ], [ 105.8215891, 21.0314693 ], [ 105.8224826, 21.0302632 ], [ 105.822679, 21.0300568 ], [ 105.8220755, 21.0274604 ], [ 105.823913799999985, 21.0276116 ], [ 105.824737399999989, 21.0278021 ], [ 105.825924199999989, 21.0286925 ], [ 105.8259543, 21.0303509 ], [ 105.8256498, 21.031761 ], [ 105.8256225, 21.0318746 ], [ 105.8271908, 21.0334056 ], [ 105.827135, 21.0343028 ], [ 105.828823, 21.0325515 ], [ 105.8311704, 21.0325889 ], [ 105.830216, 21.0321081 ], [ 105.8298109, 21.0315576 ], [ 105.829957599999986, 21.0291222 ], [ 105.8319699, 21.029207 ], [ 105.832633099999981, 21.0283721 ], [ 105.8318088, 21.0286941 ], [ 105.8299453, 21.0290504 ], [ 105.8296151, 21.0291865 ], [ 105.827500199999989, 21.0288101 ], [ 105.827835599999986, 21.0267721 ], [ 105.829699199999979, 21.0261137 ], [ 105.8291369, 21.0239736 ], [ 105.826765699999982, 21.0230936 ], [ 105.8263876, 21.0220651 ], [ 105.8258047, 21.0212306 ], [ 105.824664799999979, 21.021128 ], [ 105.822719, 21.021974 ], [ 105.8200632, 21.021484 ], [ 105.8166276, 21.0188775 ], [ 105.8165241, 21.0189461 ], [ 105.8169691, 21.0195738 ], [ 105.818328699999981, 21.0214228 ], [ 105.816100899999981, 21.022873 ], [ 105.814029199999979, 21.0226909 ], [ 105.8163864, 21.0236247 ], [ 105.815483199999989, 21.0270157 ], [ 105.8153298, 21.02723 ], [ 105.8154612, 21.0271893 ], [ 105.8177825, 21.0272186 ], [ 105.8188734, 21.0294725 ], [ 105.8182347, 21.0306756 ] ] ] } },
{ "type": "Feature", "properties": { "threshold_s": "600", "time_label": "10 min drive" }, "geometry": { "type": "Polygon", "coordinates": [ [ [ 105.8095655, 21.0323613 ], [ 105.810559499999982, 21.0361601 ], [ 105.813328, 21.0379498 ], [ 105.8173165, 21.0373304 ], [ 105.821467899999988, 21.0351968 ], [ 105.8271558, 21.0347458 ], [ 105.827953199999982, 21.034706 ], [ 105.8317055, 21.0344357 ], [ 105.8363518, 21.0356501 ], [ 105.8390036, 21.0332408 ], [ 105.8415987, 21.0301523 ], [ 105.842234, 21.0286721 ], [ 105.8401315, 21.0281957 ], [ 105.8358943, 21.02522 ], [ 105.8338068, 21.0193064 ], [ 105.833795699999982, 21.0192431 ], [ 105.8309465, 21.0170993 ], [ 105.8293595, 21.0141892 ], [ 105.826930600000011, 21.0134586 ], [ 105.8214795, 21.0115675 ], [ 105.8160708, 21.0104471 ], [ 105.810426099999987, 21.0098763 ], [ 105.810258099999984, 21.0099816 ], [ 105.8090202, 21.0149024 ], [ 105.8072926, 21.0203603 ], [ 105.8093012, 21.0228278 ], [ 105.8073506, 21.0274834 ], [ 105.8074361, 21.0277515 ], [ 105.8095655, 21.0323613 ] ] ] } },
{ "type": "Feature", "properties": { "threshold_s": "900", "time_label": "15 min drive" }, "geometry": { "type": "Polygon", "coordinates": [ [ [ 105.7982389, 21.0331615 ], [ 105.7977663, 21.0390763 ], [ 105.7982784, 21.0391219 ], [ 105.802945599999987, 21.0401025 ], [ 105.806136099999989, 21.0438464 ], [ 105.8063383, 21.0445226 ], [ 105.8118943, 21.0466978 ], [ 105.815235299999983, 21.0455385 ], [ 105.817391, 21.0446957 ], [ 105.823222, 21.0436032 ], [ 105.828665499999985, 21.0395817 ], [ 105.8351095, 21.0426739 ], [ 105.8363039, 21.0440074 ], [ 105.8401771, 21.0433484 ], [ 105.841385499999987, 21.0426028 ], [ 105.8420995, 21.0407793 ], [ 105.846130299999984, 21.0366717 ], [ 105.847499, 21.0350358 ], [ 105.848043799999985, 21.0342979 ], [ 105.8491377, 21.0313156 ], [ 105.8502936, 21.0269683 ], [ 105.851322199999984, 21.0247186 ], [ 105.8486244, 21.0220391 ], [ 105.844269199999985, 21.017305 ], [ 105.8435857, 21.0172651 ], [ 105.8413476, 21.010746 ], [ 105.8415593, 21.0075309 ], [ 105.8413254, 21.007045 ], [ 105.836326799999981, 21.0070954 ], [ 105.831191599999983, 21.0061473 ], [ 105.831103499999983, 21.0061784 ], [ 105.8307843, 21.0063522 ], [ 105.829480099999984, 21.0069778 ], [ 105.8226959, 21.0056371 ], [ 105.8221002, 21.0048876 ], [ 105.820782600000015, 21.0033732 ], [ 105.8182251, 21.0017879 ], [ 105.8117191, 21.0028656 ], [ 105.8103037, 21.0011768 ], [ 105.8053594, 21.0035834 ], [ 105.801389, 21.003105 ], [ 105.8009168, 21.0098895 ], [ 105.799657499999981, 21.0135718 ], [ 105.799617399999988, 21.0146808 ], [ 105.799750399999979, 21.0192064 ], [ 105.7989074, 21.0235191 ], [ 105.798635, 21.0265314 ], [ 105.7982389, 21.0331615 ] ] ] } },
{ "type": "Feature", "properties": { "threshold_s": "300", "time_label": "5 min drive" }, "geometry": { "type": "Polygon", "coordinates": [ [ [ 105.8356272, 21.033863 ], [ 105.8363518, 21.0356501 ], [ 105.8367548, 21.0351557 ], [ 105.836976299999989, 21.0349265 ], [ 105.8381949, 21.0336649 ], [ 105.840804, 21.0342079 ], [ 105.840904899999984, 21.0341906 ], [ 105.843290199999984, 21.0323602 ], [ 105.8447768, 21.0340917 ], [ 105.8449379, 21.0348636 ], [ 105.8454918, 21.0375308 ], [ 105.8467549, 21.0397937 ], [ 105.8471764, 21.0398976 ], [ 105.8491471, 21.0375518 ], [ 105.850948099999982, 21.0356251 ], [ 105.850261500000016, 21.0331052 ], [ 105.8519128, 21.0322701 ], [ 105.8529359, 21.0322265 ], [ 105.8510791, 21.0304701 ], [ 105.850585599999988, 21.0291892 ], [ 105.8495631, 21.0288558 ], [ 105.847790500000016, 21.0270442 ], [ 105.849699099999981, 21.0251837 ], [ 105.8491985, 21.0237053 ], [ 105.848836100000014, 21.0227009 ], [ 105.8463276, 21.0227121 ], [ 105.8451257, 21.0249069 ], [ 105.8427541, 21.0238309 ], [ 105.8414355, 21.021993 ], [ 105.8395402, 21.0242642 ], [ 105.8392509, 21.024602 ], [ 105.8380997, 21.0259862 ], [ 105.8361111, 21.0279427 ], [ 105.836006399999988, 21.0304587 ], [ 105.8341838, 21.0320229 ], [ 105.8356272, 21.033863 ] ] ] } },
{ "type": "Feature", "properties": { "threshold_s": "600", "time_label": "10 min drive" }, "geometry": { "type": "Polygon", "coordinates": [ [ [ 105.8259982, 21.0359947 ], [ 105.828665499999985, 21.0395817 ], [ 105.8282168, 21.0361744 ], [ 105.8317055, 21.0344357 ], [ 105.83272119999998, 21.034424 ], [ 105.8363518, 21.0356501 ], [ 105.837023599999981, 21.0388764 ], [ 105.835097299999987, 21.0418506 ], [ 105.8351095, 21.0426739 ], [ 105.8363039, 21.0440074 ], [ 105.840918499999987, 21.0459972 ], [ 105.842786799999985, 21.04652 ], [ 105.8438635, 21.0467884 ], [ 105.847211800000011, 21.0443291 ], [ 105.850000399999985, 21.0443066 ], [ 105.850342499999982, 21.0441496 ], [ 105.8513591, 21.04259 ], [ 105.8539648, 21.0399026 ], [ 105.8559408, 21.0375631 ], [ 105.8559647, 21.0363109 ], [ 105.8588286, 21.0330955 ], [ 105.859561899999989, 21.032523 ], [ 105.861271699999989, 21.0304235 ], [ 105.8610955, 21.0294989 ], [ 105.8600125, 21.0249853 ], [ 105.8598823, 21.0218612 ], [ 105.8588143, 21.0185725 ], [ 105.8556233, 21.0172861 ], [ 105.8531376, 21.0152821 ], [ 105.849150399999985, 21.0133873 ], [ 105.8482749, 21.0133237 ], [ 105.846647899999979, 21.0134641 ], [ 105.8435857, 21.0172651 ], [ 105.8424924, 21.0173642 ], [ 105.8414099, 21.0174645 ], [ 105.8372522, 21.018501 ], [ 105.833795699999982, 21.0192431 ], [ 105.8307261, 21.0201732 ], [ 105.8306589, 21.0202038 ], [ 105.8301057, 21.0241313 ], [ 105.827496, 21.0262322 ], [ 105.8259543, 21.0303509 ], [ 105.8256225, 21.0318746 ], [ 105.8259982, 21.0359947 ] ] ] } },
{ "type": "Feature", "properties": { "threshold_s": "900", "time_label": "15 min drive" }, "geometry": { "type": "Polygon", "coordinates": [ [ [ 105.81288859999998, 21.0314836 ], [ 105.8145478, 21.0373863 ], [ 105.8152145, 21.0374458 ], [ 105.8173165, 21.0373304 ], [ 105.8247218, 21.0424488 ], [ 105.8285905, 21.0410636 ], [ 105.8363039, 21.0440074 ], [ 105.837166, 21.0521616 ], [ 105.8395775, 21.0554078 ], [ 105.8435297, 21.0542126 ], [ 105.8481324, 21.0481674 ], [ 105.8492648, 21.0462351 ], [ 105.850106499999981, 21.0449387 ], [ 105.8532054, 21.0410502 ], [ 105.8539648, 21.0399026 ], [ 105.8552544, 21.038343 ], [ 105.8559408, 21.0375631 ], [ 105.8580411, 21.033791 ], [ 105.8588286, 21.0330955 ], [ 105.865565599999982, 21.0396641 ], [ 105.8660828, 21.0398137 ], [ 105.866220199999987, 21.0393304 ], [ 105.8661962, 21.0391784 ], [ 105.866112099999981, 21.0389781 ], [ 105.859561899999989, 21.032523 ], [ 105.861271699999989, 21.0304235 ], [ 105.8613337, 21.0288933 ], [ 105.861773199999988, 21.025698 ], [ 105.8620378, 21.0248247 ], [ 105.86210149999998, 21.0246067 ], [ 105.863899, 21.018973 ], [ 105.8655468, 21.0144409 ], [ 105.8642533, 21.0115155 ], [ 105.8628271, 21.0086717 ], [ 105.860795, 21.0076553 ], [ 105.854656399999982, 21.0073922 ], [ 105.8510544, 21.0044032 ], [ 105.8504813, 21.0044425 ], [ 105.8426162, 21.0027603 ], [ 105.84123, 21.0008729 ], [ 105.8375076, 21.0037912 ], [ 105.835409, 21.0096526 ], [ 105.8282054, 21.0118709 ], [ 105.825529, 21.0112402 ], [ 105.8254518, 21.0112777 ], [ 105.8233283, 21.0163032 ], [ 105.818328699999981, 21.0214228 ], [ 105.818984799999981, 21.0231983 ], [ 105.8164399, 21.0296201 ], [ 105.813172599999987, 21.0307143 ], [ 105.812923699999985, 21.0307452 ], [ 105.81288859999998, 21.0314836 ] ] ] } },
{ "type": "Feature", "properties": { "threshold_s": "300", "time_label": "5 min drive" }, "geometry": { "type": "Polygon", "coordinates": [ [ [ 105.8360691, 21.0561833 ], [ 105.8350074, 21.0583501 ], [ 105.83505959999998, 21.0583942 ], [ 105.8392422, 21.0589809 ], [ 105.842760199999987, 21.0584602 ], [ 105.8434512, 21.0579885 ], [ 105.8448187, 21.0565981 ], [ 105.8443236, 21.0542526 ], [ 105.844048699999988, 21.0528946 ], [ 105.844027199999985, 21.049822 ], [ 105.8464956, 21.0461629 ], [ 105.8464868, 21.045385 ], [ 105.846347699999981, 21.0444049 ], [ 105.845791899999981, 21.0438666 ], [ 105.842816, 21.0433331 ], [ 105.84207259999998, 21.0435298 ], [ 105.84105959999998, 21.044674 ], [ 105.8359577, 21.042714 ], [ 105.8358527, 21.042708 ], [ 105.8360875, 21.0436361 ], [ 105.840307699999983, 21.0458038 ], [ 105.84031760000002, 21.0464223 ], [ 105.838508299999987, 21.0487951 ], [ 105.835914299999985, 21.0526278 ], [ 105.8360691, 21.0561833 ] ] ] } },
{ "type": "Feature", "properties": { "threshold_s": "600", "time_label": "10 min drive" }, "geometry": { "type": "Polygon", "coordinates": [ [ [ 105.8293449, 21.0627201 ], [ 105.8276535, 21.0650398 ], [ 105.8315554, 21.0680995 ], [ 105.8336961, 21.0677917 ], [ 105.8350823, 21.0674844 ], [ 105.836126, 21.0657657 ], [ 105.8372885, 21.0640611 ], [ 105.837448599999988, 21.063779 ], [ 105.8392422, 21.0589809 ], [ 105.842760199999987, 21.0584602 ], [ 105.8460751, 21.0600606 ], [ 105.848916, 21.0612404 ], [ 105.8498942, 21.0617944 ], [ 105.8496843, 21.0596697 ], [ 105.848315199999988, 21.0591785 ], [ 105.8443236, 21.0542526 ], [ 105.8481324, 21.0481674 ], [ 105.8492648, 21.0462351 ], [ 105.850106499999981, 21.0449387 ], [ 105.8539648, 21.0399026 ], [ 105.8546021, 21.0386962 ], [ 105.854314099999982, 21.0377085 ], [ 105.853879400000011, 21.0368754 ], [ 105.8536025, 21.0366394 ], [ 105.847024799999986, 21.0344199 ], [ 105.840904899999984, 21.0341906 ], [ 105.8366268, 21.0336787 ], [ 105.8356272, 21.033863 ], [ 105.836186500000011, 21.0349715 ], [ 105.8363518, 21.0356501 ], [ 105.837023599999981, 21.0388764 ], [ 105.835097299999987, 21.0418506 ], [ 105.828665499999985, 21.0395817 ], [ 105.8267934, 21.040593 ], [ 105.8257707, 21.041239 ], [ 105.826639699999987, 21.0413859 ], [ 105.8285905, 21.0410636 ], [ 105.8351095, 21.0426739 ], [ 105.8363039, 21.0440074 ], [ 105.838508299999987, 21.0487951 ], [ 105.835914299999985, 21.0526278 ], [ 105.832645699999986, 21.0568351 ], [ 105.8293449, 21.0627201 ] ] ] } },
{ "type": "Feature", "properties": { "threshold_s": "900", "time_label": "15 min drive" }, "geometry": { "type": "Polygon", "coordinates": [ [ [ 105.819245, 21.0667666 ], [ 105.8213389, 21.0727396 ], [ 105.8246076, 21.0748029 ], [ 105.826889699999981, 21.0742817 ], [ 105.8290271, 21.0726398 ], [ 105.833167299999985, 21.0696651 ], [ 105.843461599999983, 21.0672316 ], [ 105.8486768, 21.0669306 ], [ 105.8498942, 21.0617944 ], [ 105.8496843, 21.0596697 ], [ 105.848315199999988, 21.0591785 ], [ 105.8481324, 21.0481674 ], [ 105.8492648, 21.0462351 ], [ 105.850106499999981, 21.0449387 ], [ 105.8532054, 21.0410502 ], [ 105.8552544, 21.038343 ], [ 105.8559408, 21.0375631 ], [ 105.859561899999989, 21.032523 ], [ 105.861271699999989, 21.0304235 ], [ 105.86082039999998, 21.0293792 ], [ 105.8555511, 21.0261522 ], [ 105.851678599999985, 21.0259447 ], [ 105.8427541, 21.0238309 ], [ 105.8337883, 21.0250219 ], [ 105.8330075, 21.0253066 ], [ 105.8318917, 21.0265264 ], [ 105.8269642, 21.0320424 ], [ 105.8267433, 21.0343099 ], [ 105.82651319999998, 21.0400574 ], [ 105.8163784, 21.0419711 ], [ 105.815235299999983, 21.0455385 ], [ 105.820405799999989, 21.0550064 ], [ 105.820428099999987, 21.0568115 ], [ 105.819245, 21.0667666 ] ] ] } },
{ "type": "Feature", "properties": { "threshold_s": "300", "time_label": "5 min drive" }, "geometry": { "type": "Polygon", "coordinates": [ [ [ 105.785069, 21.0815586 ], [ 105.783963199999988, 21.0826907 ], [ 105.7842636, 21.0828496 ], [ 105.786264499999987, 21.083494 ], [ 105.787166099999979, 21.0855222 ], [ 105.787698099999986, 21.0859484 ], [ 105.7890474, 21.086491 ], [ 105.7890305, 21.0863273 ], [ 105.7902595, 21.0849678 ], [ 105.7918261, 21.0862353 ], [ 105.7914187, 21.0873153 ], [ 105.792019, 21.0872172 ], [ 105.7941449, 21.0863377 ], [ 105.7946125, 21.0863216 ], [ 105.794922299999982, 21.0859566 ], [ 105.7972182, 21.0842785 ], [ 105.7972048, 21.0841595 ], [ 105.794922, 21.0857924 ], [ 105.7930235, 21.0843787 ], [ 105.7930504, 21.0840217 ], [ 105.79199269999998, 21.083089 ], [ 105.7917953, 21.0828263 ], [ 105.7913455, 21.0820422 ], [ 105.7912572, 21.0804967 ], [ 105.7924673, 21.0788464 ], [ 105.793587, 21.0784211 ], [ 105.7947111, 21.0772756 ], [ 105.7961365, 21.0767396 ], [ 105.796093899999988, 21.0766443 ], [ 105.7938133, 21.0762182 ], [ 105.7936869, 21.0762697 ], [ 105.7935283, 21.0763341 ], [ 105.7922979, 21.0768051 ], [ 105.790213599999987, 21.0776303 ], [ 105.7900699, 21.0776874 ], [ 105.7878739, 21.0767528 ], [ 105.7859883, 21.0762494 ], [ 105.7858259, 21.0764684 ], [ 105.78582320000001, 21.076654 ], [ 105.7858225, 21.076776 ], [ 105.7869001, 21.077979 ], [ 105.786079699999988, 21.0790406 ], [ 105.7858856, 21.0792911 ], [ 105.7859394, 21.081157 ], [ 105.785283799999988, 21.0815086 ], [ 105.785069, 21.0815586 ] ] ] } },
{ "type": "Feature", "properties": { "threshold_s": "600", "time_label": "10 min drive" }, "geometry": { "type": "Polygon", "coordinates": [ [ [ 105.777215900000016, 21.0849871 ], [ 105.776813, 21.086321 ], [ 105.7787405, 21.0867897 ], [ 105.7802015, 21.0886703 ], [ 105.781002, 21.0903123 ], [ 105.782826799999981, 21.0921254 ], [ 105.7857849, 21.0914784 ], [ 105.7861354, 21.0913813 ], [ 105.7879221, 21.0908939 ], [ 105.7912534, 21.0917776 ], [ 105.791930899999983, 21.0919728 ], [ 105.793764, 21.092168 ], [ 105.7965106, 21.0913972 ], [ 105.7976586, 21.0911044 ], [ 105.799597799999987, 21.0906189 ], [ 105.8025, 21.0896626 ], [ 105.803338499999981, 21.089667 ], [ 105.8039281, 21.0871731 ], [ 105.8055217, 21.0865661 ], [ 105.8057871, 21.0864528 ], [ 105.8061842, 21.0860621 ], [ 105.80646179999998, 21.0849133 ], [ 105.806441399999983, 21.0847536 ], [ 105.806279, 21.0834295 ], [ 105.8062653, 21.0833214 ], [ 105.804927699999979, 21.082464 ], [ 105.8042514, 21.0825242 ], [ 105.8027194, 21.0826598 ], [ 105.8016201, 21.0827745 ], [ 105.8008096, 21.0828546 ], [ 105.7989645, 21.083039 ], [ 105.798853599999987, 21.0830525 ], [ 105.79710679999998, 21.0830702 ], [ 105.7972048, 21.0841595 ], [ 105.794922, 21.0857924 ], [ 105.7930504, 21.0840217 ], [ 105.79199269999998, 21.083089 ], [ 105.7917953, 21.0828263 ], [ 105.7913455, 21.0820422 ], [ 105.7912572, 21.0804967 ], [ 105.793587, 21.0784211 ], [ 105.795351899999986, 21.078059 ], [ 105.7955371, 21.077987 ], [ 105.796521, 21.0776026 ], [ 105.7977378, 21.0771315 ], [ 105.8005158, 21.0783822 ], [ 105.8010484, 21.078983 ], [ 105.8012022, 21.0790142 ], [ 105.8011594, 21.0785159 ], [ 105.801336599999985, 21.0770292 ], [ 105.802951799999988, 21.0751522 ], [ 105.804986199999988, 21.0750326 ], [ 105.8051718, 21.0750137 ], [ 105.80584469999998, 21.0741556 ], [ 105.8049605, 21.0719151 ], [ 105.8034607, 21.0717943 ], [ 105.801426899999981, 21.0703597 ], [ 105.7994288, 21.0697814 ], [ 105.7985012, 21.0701743 ], [ 105.795374699999982, 21.0713879 ], [ 105.793762, 21.0709835 ], [ 105.7918575, 21.069457 ], [ 105.7919427, 21.067572 ], [ 105.7920659, 21.0668269 ], [ 105.7919894, 21.066467 ], [ 105.788775699999988, 21.0674761 ], [ 105.7884463, 21.0671071 ], [ 105.7868171, 21.0676314 ], [ 105.7849309, 21.067122 ], [ 105.783786399999983, 21.0672642 ], [ 105.783050599999982, 21.0684502 ], [ 105.7845553, 21.0706098 ], [ 105.784051, 21.0715906 ], [ 105.780854300000016, 21.0715323 ], [ 105.780768499999979, 21.0715327 ], [ 105.782508399999983, 21.0733432 ], [ 105.7812971, 21.0756004 ], [ 105.781347899999986, 21.0760813 ], [ 105.782697099999979, 21.0763663 ], [ 105.785032, 21.0776989 ], [ 105.7833223, 21.0797558 ], [ 105.783431599999986, 21.0807951 ], [ 105.781692199999981, 21.0830028 ], [ 105.7815382, 21.0830695 ], [ 105.778867199999979, 21.0810627 ], [ 105.778017899999981, 21.081092 ], [ 105.778030199999989, 21.083733 ], [ 105.777215900000016, 21.0849871 ] ] ] } },
{ "type": "Feature", "properties": { "threshold_s": "900", "time_label": "15 min drive" }, "geometry": { "type": "Polygon", "coordinates": [ [ [ 105.767793899999987, 21.0882586 ], [ 105.7679065, 21.088584 ], [ 105.769914799999981, 21.0905751 ], [ 105.772747399999986, 21.0929291 ], [ 105.7754959, 21.094425 ], [ 105.7834107, 21.0939139 ], [ 105.7864684, 21.0932015 ], [ 105.793764, 21.092168 ], [ 105.7965106, 21.0913972 ], [ 105.7976586, 21.0911044 ], [ 105.799597799999987, 21.0906189 ], [ 105.801606799999988, 21.090186 ], [ 105.80620709999998, 21.0898452 ], [ 105.8116425, 21.0905974 ], [ 105.814548499999987, 21.0881385 ], [ 105.8162355, 21.0863521 ], [ 105.8163747, 21.0856066 ], [ 105.8142968, 21.0811318 ], [ 105.813926199999983, 21.0805584 ], [ 105.8126126, 21.0730197 ], [ 105.812451, 21.0690924 ], [ 105.8123599, 21.0688327 ], [ 105.811406, 21.0670372 ], [ 105.8077291, 21.0624526 ], [ 105.804329899999985, 21.0619905 ], [ 105.8006653, 21.0621106 ], [ 105.794958099999988, 21.0623888 ], [ 105.7912129, 21.0597339 ], [ 105.790295900000018, 21.059732 ], [ 105.790012799999985, 21.0597285 ], [ 105.789871599999984, 21.0597314 ], [ 105.7825837, 21.0565908 ], [ 105.781958599999982, 21.0556003 ], [ 105.780327199999988, 21.057261 ], [ 105.7782884, 21.0597461 ], [ 105.7778303, 21.0624865 ], [ 105.7723981, 21.0674079 ], [ 105.7698172, 21.0699916 ], [ 105.7714031, 21.0715253 ], [ 105.772121199999987, 21.0761333 ], [ 105.7664779, 21.0796402 ], [ 105.7662338, 21.0796949 ], [ 105.766295499999984, 21.0804182 ], [ 105.767793899999987, 21.0882586 ] ] ] } },
{ "type": "Feature", "properties": { "threshold_s": "300", "time_label": "5 min drive" }, "geometry": { "type": "Polygon", "coordinates": [ [ [ 105.8606927, 21.0086974 ], [ 105.8606679, 21.0091734 ], [ 105.8609009, 21.0093976 ], [ 105.8614453, 21.0088242 ], [ 105.8612373, 21.0071328 ], [ 105.860888599999981, 21.006907 ], [ 105.8637836, 21.004457 ], [ 105.865614599999986, 21.0050545 ], [ 105.8667563, 21.0037343 ], [ 105.868990199999985, 21.0051393 ], [ 105.8688699, 21.0056204 ], [ 105.868933700000014, 21.005681 ], [ 105.869068899999988, 21.0055396 ], [ 105.8691535, 21.0053046 ], [ 105.8698084, 21.0030465 ], [ 105.8700831, 21.0023225 ], [ 105.870847899999987, 21.0002565 ], [ 105.8709313, 20.9999575 ], [ 105.8698135, 20.9991771 ], [ 105.869474200000013, 21.000123 ], [ 105.866809099999983, 21.0005882 ], [ 105.8664894, 21.0002278 ], [ 105.8660107, 21.0000615 ], [ 105.866007400000015, 21.0004529 ], [ 105.8660055, 21.0006746 ], [ 105.8652569, 21.0029825 ], [ 105.863635099999982, 21.0020735 ], [ 105.8614664, 21.0011413 ], [ 105.8617132, 20.9990108 ], [ 105.8622047, 20.9984039 ], [ 105.861793, 20.9982791 ], [ 105.8617857, 20.998366 ], [ 105.8606387, 21.0004732 ], [ 105.858854799999989, 21.0009864 ], [ 105.855178399999986, 21.0027894 ], [ 105.857958899999986, 21.0027343 ], [ 105.85866679999998, 21.0027918 ], [ 105.8600789, 21.0047048 ], [ 105.860795, 21.0076553 ], [ 105.8606927, 21.0086974 ] ] ] } },
{ "type": "Feature", "properties": { "threshold_s": "600", "time_label": "10 min drive" }, "geometry": { "type": "Polygon", "coordinates": [ [ [ 105.85375, 21.0153541 ], [ 105.855323499999983, 21.0172067 ], [ 105.8556233, 21.0172861 ], [ 105.8583461, 21.0169388 ], [ 105.863765, 21.0150427 ], [ 105.8641047, 21.0151079 ], [ 105.8655468, 21.0144409 ], [ 105.8680303, 21.0100022 ], [ 105.8697744, 21.0049515 ], [ 105.8750687, 21.0030983 ], [ 105.877117699999985, 21.0018883 ], [ 105.878845, 21.0009046 ], [ 105.8792541, 21.0005829 ], [ 105.8800635, 20.9997488 ], [ 105.879564, 20.9997288 ], [ 105.876992299999984, 20.9987781 ], [ 105.87523920000001, 20.9956397 ], [ 105.8736989, 20.9927108 ], [ 105.8690626, 20.995638 ], [ 105.8675726, 20.9932359 ], [ 105.8664988, 20.9903953 ], [ 105.866450799999981, 20.9902503 ], [ 105.8657786, 20.989084 ], [ 105.863434700000013, 20.9877233 ], [ 105.8607242, 20.9887458 ], [ 105.859659099999988, 20.9894745 ], [ 105.8612569, 20.9927051 ], [ 105.856193300000015, 20.9951509 ], [ 105.8542342, 20.9953722 ], [ 105.8501337, 20.9976528 ], [ 105.8457171, 21.0008499 ], [ 105.8449863, 21.0018106 ], [ 105.845777899999987, 21.004206 ], [ 105.8486125, 21.0062745 ], [ 105.8499467, 21.0097837 ], [ 105.8529977, 21.013714 ], [ 105.85375, 21.0153541 ] ] ] } },
{ "type": "Feature", "properties": { "threshold_s": "900", "time_label": "15 min drive" }, "geometry": { "type": "Polygon", "coordinates": [ [ [ 105.8443164, 21.0198187 ], [ 105.8463276, 21.0227121 ], [ 105.8559552, 21.0275369 ], [ 105.8560444, 21.0275669 ], [ 105.8573312, 21.0277371 ], [ 105.860299, 21.0256005 ], [ 105.863899, 21.018973 ], [ 105.864448899999985, 21.0179396 ], [ 105.865231599999987, 21.0153725 ], [ 105.8680303, 21.0100022 ], [ 105.8750687, 21.0030983 ], [ 105.8817006, 21.0013437 ], [ 105.8827187, 21.0011365 ], [ 105.8855343, 21.000653 ], [ 105.8871947, 20.999932 ], [ 105.8879176, 20.9996089 ], [ 105.8887571, 20.9991883 ], [ 105.8904308, 20.9977159 ], [ 105.89053629999998, 20.9972954 ], [ 105.8824586, 20.9920496 ], [ 105.8768342, 20.9860419 ], [ 105.8750599, 20.9837653 ], [ 105.8704337, 20.9815077 ], [ 105.8650228, 20.9791881 ], [ 105.8648825, 20.9791602 ], [ 105.8580399, 20.9824479 ], [ 105.8469413, 20.9876115 ], [ 105.8426636, 20.9920662 ], [ 105.842293500000011, 20.9926682 ], [ 105.839206299999987, 20.9991234 ], [ 105.8360473, 21.0034138 ], [ 105.841156, 21.0107456 ], [ 105.8435857, 21.0172651 ], [ 105.843634699999981, 21.0174211 ], [ 105.8443164, 21.0198187 ] ] ] } },
{ "type": "Feature", "properties": { "threshold_s": "300", "time_label": "5 min drive" }, "geometry": { "type": "Polygon", "coordinates": [ [ [ 105.8474105, 21.0258729 ], [ 105.84686929999998, 21.0260006 ], [ 105.847790500000016, 21.0270442 ], [ 105.8502936, 21.0269683 ], [ 105.851678599999985, 21.0259447 ], [ 105.8535709, 21.0273332 ], [ 105.8536648, 21.0278918 ], [ 105.853811899999982, 21.0288128 ], [ 105.853686900000014, 21.0307099 ], [ 105.855508299999983, 21.0325438 ], [ 105.8565198, 21.0313238 ], [ 105.8567475, 21.030865 ], [ 105.857538, 21.0291314 ], [ 105.857796199999981, 21.028661 ], [ 105.8581333, 21.0279368 ], [ 105.8588605, 21.0264696 ], [ 105.8602138, 21.0257388 ], [ 105.861773199999988, 21.025698 ], [ 105.8620378, 21.0248247 ], [ 105.86210149999998, 21.0246067 ], [ 105.8607254, 21.0240373 ], [ 105.8598823, 21.0218612 ], [ 105.86021839999998, 21.0190576 ], [ 105.861804899999981, 21.0185343 ], [ 105.8597317, 21.0187694 ], [ 105.8583461, 21.0169388 ], [ 105.8590371, 21.0147101 ], [ 105.85839679999998, 21.0145685 ], [ 105.8572754, 21.0143557 ], [ 105.854312099999987, 21.0138532 ], [ 105.852267399999988, 21.0152083 ], [ 105.850354399999986, 21.0169123 ], [ 105.8499867, 21.0186208 ], [ 105.8491719, 21.0206684 ], [ 105.8486244, 21.0220391 ], [ 105.848836100000014, 21.0227009 ], [ 105.8491985, 21.0237053 ], [ 105.8474105, 21.0258729 ] ] ] } },
{ "type": "Feature", "properties": { "threshold_s": "600", "time_label": "10 min drive" }, "geometry": { "type": "Polygon", "coordinates": [ [ [ 105.837117299999989, 21.0314635 ], [ 105.838526, 21.0333247 ], [ 105.840804, 21.0342079 ], [ 105.8462821, 21.0373809 ], [ 105.8502071, 21.0410105 ], [ 105.850356799999986, 21.0411413 ], [ 105.8532054, 21.0410502 ], [ 105.8559408, 21.0375631 ], [ 105.859561899999989, 21.032523 ], [ 105.861271699999989, 21.0304235 ], [ 105.86210149999998, 21.0246067 ], [ 105.863899, 21.018973 ], [ 105.864448899999985, 21.0179396 ], [ 105.865231599999987, 21.0153725 ], [ 105.8680303, 21.0100022 ], [ 105.866515899999982, 21.0078988 ], [ 105.860888599999981, 21.006907 ], [ 105.8546658, 21.0067839 ], [ 105.8512375, 21.0063684 ], [ 105.847775899999988, 21.0083897 ], [ 105.8463087, 21.0126788 ], [ 105.8424924, 21.0173642 ], [ 105.8414099, 21.0174645 ], [ 105.840549, 21.0188823 ], [ 105.8392509, 21.024602 ], [ 105.8380997, 21.0259862 ], [ 105.8361111, 21.0279427 ], [ 105.837117299999989, 21.0314635 ] ] ] } },
{ "type": "Feature", "properties": { "threshold_s": "900", "time_label": "15 min drive" }, "geometry": { "type": "Polygon", "coordinates": [ [ [ 105.8269642, 21.0320424 ], [ 105.8271558, 21.0347458 ], [ 105.836243199999984, 21.0416562 ], [ 105.843499699999981, 21.0473729 ], [ 105.8481324, 21.0481674 ], [ 105.8492648, 21.0462351 ], [ 105.850106499999981, 21.0449387 ], [ 105.8532054, 21.0410502 ], [ 105.865201199999987, 21.0414737 ], [ 105.8688469, 21.0404499 ], [ 105.8687567, 21.0378597 ], [ 105.8613337, 21.0288933 ], [ 105.861773199999988, 21.025698 ], [ 105.8620378, 21.0248247 ], [ 105.86210149999998, 21.0246067 ], [ 105.863899, 21.018973 ], [ 105.864448899999985, 21.0179396 ], [ 105.8680303, 21.0100022 ], [ 105.8767031, 21.002003 ], [ 105.8711588, 20.9994913 ], [ 105.8627062, 20.9943137 ], [ 105.8616772, 20.9942866 ], [ 105.8499095, 20.9958483 ], [ 105.8412301, 21.0030328 ], [ 105.8401133, 21.004217 ], [ 105.837626899999989, 21.0104747 ], [ 105.8295901, 21.0181958 ], [ 105.829181299999988, 21.0189074 ], [ 105.827496, 21.0262322 ], [ 105.8269642, 21.0320424 ] ] ] } },
{ "type": "Feature", "properties": { "threshold_s": "300", "time_label": "5 min drive" }, "geometry": { "type": "Polygon", "coordinates": [ [ [ 105.7822279, 21.0335996 ], [ 105.7811606, 21.0368103 ], [ 105.7816941, 21.0367458 ], [ 105.7841586, 21.0366755 ], [ 105.785947800000017, 21.0366187 ], [ 105.7867063, 21.0364598 ], [ 105.7879618, 21.0365313 ], [ 105.790186599999984, 21.0378069 ], [ 105.7904322, 21.0396836 ], [ 105.788551899999987, 21.0416396 ], [ 105.787763199999986, 21.0416469 ], [ 105.7888515, 21.0426176 ], [ 105.7900675, 21.0434697 ], [ 105.7902967, 21.0435905 ], [ 105.7908237, 21.0425142 ], [ 105.7925589, 21.041633 ], [ 105.7932463, 21.0416223 ], [ 105.7936197, 21.041626 ], [ 105.7945388, 21.0403086 ], [ 105.796106099999989, 21.0388576 ], [ 105.797031499999989, 21.037659 ], [ 105.7965453, 21.0373905 ], [ 105.793998799999983, 21.0364838 ], [ 105.7951802, 21.0347263 ], [ 105.7959785, 21.0344811 ], [ 105.7962622, 21.0343942 ], [ 105.7962208, 21.034265 ], [ 105.79426789999998, 21.0328237 ], [ 105.794641399999989, 21.0305549 ], [ 105.794807799999987, 21.0298557 ], [ 105.7948587, 21.0286539 ], [ 105.792260399999989, 21.0275136 ], [ 105.7911298, 21.0260393 ], [ 105.788198499999979, 21.0261786 ], [ 105.7856109, 21.0259907 ], [ 105.783715299999983, 21.0280866 ], [ 105.783705899999987, 21.0282181 ], [ 105.7835066, 21.0303114 ], [ 105.781713, 21.0305931 ], [ 105.7818297, 21.0312477 ], [ 105.782134299999981, 21.0328446 ], [ 105.7822279, 21.0335996 ] ] ] } },
{ "type": "Feature", "properties": { "threshold_s": "600", "time_label": "10 min drive" }, "geometry": { "type": "Polygon", "coordinates": [ [ [ 105.7717417, 21.0377733 ], [ 105.771668399999982, 21.0385164 ], [ 105.775715299999987, 21.0409035 ], [ 105.7760617, 21.0372582 ], [ 105.7788294, 21.0365074 ], [ 105.780627399999986, 21.0392619 ], [ 105.7806568, 21.0394598 ], [ 105.780682700000014, 21.0399814 ], [ 105.7807356, 21.0408854 ], [ 105.780896100000021, 21.0431582 ], [ 105.78106409999998, 21.0453649 ], [ 105.781101599999985, 21.0460456 ], [ 105.781114, 21.0462401 ], [ 105.7815381, 21.0474529 ], [ 105.784473, 21.0500744 ], [ 105.7868482, 21.0503655 ], [ 105.7883336, 21.0532798 ], [ 105.7887644, 21.053691 ], [ 105.7926413, 21.0518087 ], [ 105.7955761, 21.050289 ], [ 105.797746, 21.0483795 ], [ 105.800947599999986, 21.0463141 ], [ 105.8009458, 21.046128 ], [ 105.8006251, 21.0415975 ], [ 105.8023652, 21.0395429 ], [ 105.8026409, 21.037999 ], [ 105.8054881, 21.0346669 ], [ 105.805490899999981, 21.0340445 ], [ 105.8036961, 21.0321755 ], [ 105.8061133, 21.0290877 ], [ 105.8073506, 21.0274834 ], [ 105.803818, 21.026045 ], [ 105.799663, 21.0275852 ], [ 105.7987959, 21.0264564 ], [ 105.7984135, 21.0257321 ], [ 105.7982647, 21.0257885 ], [ 105.7941908, 21.027382 ], [ 105.792539299999987, 21.0249285 ], [ 105.792066599999984, 21.0223365 ], [ 105.795708099999985, 21.0208178 ], [ 105.7960494, 21.0203426 ], [ 105.7961247, 21.0202444 ], [ 105.796250799999981, 21.0200502 ], [ 105.7963459, 21.0199034 ], [ 105.796274199999985, 21.018608 ], [ 105.796058099999982, 21.0180446 ], [ 105.7952117, 21.017107 ], [ 105.7943377, 21.0175959 ], [ 105.7902277, 21.0175435 ], [ 105.7873571, 21.017362 ], [ 105.7850638, 21.0175458 ], [ 105.7827861, 21.0181343 ], [ 105.78416, 21.0191663 ], [ 105.7856934, 21.0202049 ], [ 105.7849225, 21.0242181 ], [ 105.7843605, 21.0258818 ], [ 105.7809856, 21.028491 ], [ 105.7788409, 21.0251049 ], [ 105.7787783, 21.0224366 ], [ 105.7784963, 21.0251352 ], [ 105.7760815, 21.0278919 ], [ 105.7756853, 21.0283157 ], [ 105.7747937, 21.0295595 ], [ 105.7742317, 21.0314186 ], [ 105.7774912, 21.0311847 ], [ 105.7788414, 21.0334386 ], [ 105.7759986, 21.0370857 ], [ 105.7756511, 21.0371893 ], [ 105.774931199999983, 21.0376031 ], [ 105.7737524, 21.0379533 ], [ 105.7717417, 21.0377733 ] ] ] } },
{ "type": "Feature", "properties": { "threshold_s": "900", "time_label": "15 min drive" }, "geometry": { "type": "Polygon", "coordinates": [ [ [ 105.7605538, 21.0420992 ], [ 105.760826399999985, 21.0426626 ], [ 105.7678056, 21.0458744 ], [ 105.769119599999982, 21.0463217 ], [ 105.777164699999986, 21.049454 ], [ 105.77960370000001, 21.0522238 ], [ 105.78234329999998, 21.05665 ], [ 105.7832477, 21.0590333 ], [ 105.7835488, 21.0601892 ], [ 105.783853099999988, 21.061227 ], [ 105.7850316, 21.0600215 ], [ 105.7912133, 21.0568266 ], [ 105.7949603, 21.0598534 ], [ 105.797784899999982, 21.05953 ], [ 105.800978499999985, 21.0567031 ], [ 105.802653799999987, 21.0550503 ], [ 105.8078578, 21.0508195 ], [ 105.8095014, 21.0427311 ], [ 105.812730099999982, 21.0389323 ], [ 105.8145478, 21.0373863 ], [ 105.8163595, 21.0304337 ], [ 105.81385109999998, 21.0272941 ], [ 105.8114669, 21.0247893 ], [ 105.8087031, 21.0196015 ], [ 105.8047308, 21.0148001 ], [ 105.8006932, 21.0114927 ], [ 105.795791, 21.0076046 ], [ 105.7910489, 21.0083575 ], [ 105.788717299999988, 21.0093097 ], [ 105.783124199999989, 21.0114267 ], [ 105.7765911, 21.0116549 ], [ 105.7750771, 21.0126558 ], [ 105.773430499999989, 21.0150475 ], [ 105.7700552, 21.0218948 ], [ 105.767683299999987, 21.0252949 ], [ 105.7641248, 21.0329567 ], [ 105.7635729, 21.0345506 ], [ 105.7605538, 21.0420992 ] ] ] } },
{ "type": "Feature", "properties": { "threshold_s": "300", "time_label": "5 min drive" }, "geometry": { "type": "Polygon", "coordinates": [ [ [ 105.8454918, 21.0375308 ], [ 105.8471661, 21.0403179 ], [ 105.8492253, 21.0404711 ], [ 105.8502396, 21.0404039 ], [ 105.851149600000014, 21.0394834 ], [ 105.8535585, 21.0372254 ], [ 105.853879400000011, 21.0368754 ], [ 105.8546701, 21.035414 ], [ 105.8552948, 21.0346717 ], [ 105.8565389, 21.033051 ], [ 105.8588286, 21.0330955 ], [ 105.859561899999989, 21.032523 ], [ 105.8585383, 21.0299404 ], [ 105.8581333, 21.0279368 ], [ 105.8555511, 21.0261522 ], [ 105.8544024, 21.0251211 ], [ 105.851322199999984, 21.0247186 ], [ 105.850098599999981, 21.0263959 ], [ 105.8474105, 21.0258729 ], [ 105.8454267, 21.0257694 ], [ 105.843603699999989, 21.0264842 ], [ 105.8415518, 21.0276316 ], [ 105.8415987, 21.0301523 ], [ 105.8428205, 21.0303654 ], [ 105.8452826, 21.0324584 ], [ 105.8447768, 21.0340917 ], [ 105.8449379, 21.0348636 ], [ 105.8454918, 21.0375308 ] ] ] } },
{ "type": "Feature", "properties": { "threshold_s": "600", "time_label": "10 min drive" }, "geometry": { "type": "Polygon", "coordinates": [ [ [ 105.838000199999982, 21.0413454 ], [ 105.836316, 21.042721 ], [ 105.838064499999987, 21.0427637 ], [ 105.8401771, 21.0433484 ], [ 105.840307699999983, 21.0458038 ], [ 105.84031760000002, 21.0464223 ], [ 105.8420736, 21.0478426 ], [ 105.8438635, 21.0467884 ], [ 105.8464956, 21.0461629 ], [ 105.8492648, 21.0462351 ], [ 105.850106499999981, 21.0449387 ], [ 105.8513591, 21.04259 ], [ 105.8532054, 21.0410502 ], [ 105.8539648, 21.0399026 ], [ 105.8552544, 21.038343 ], [ 105.8559408, 21.0375631 ], [ 105.8559647, 21.0363109 ], [ 105.8580411, 21.033791 ], [ 105.8588286, 21.0330955 ], [ 105.859561899999989, 21.032523 ], [ 105.861271699999989, 21.0304235 ], [ 105.8613337, 21.0288933 ], [ 105.861773199999988, 21.025698 ], [ 105.8620378, 21.0248247 ], [ 105.86210149999998, 21.0246067 ], [ 105.8607254, 21.0240373 ], [ 105.8598823, 21.0218612 ], [ 105.862065, 21.0195265 ], [ 105.861804899999981, 21.0185343 ], [ 105.8597317, 21.0187694 ], [ 105.8583461, 21.0169388 ], [ 105.8556233, 21.0172861 ], [ 105.8531376, 21.0152821 ], [ 105.851557799999981, 21.0151545 ], [ 105.849150399999985, 21.0133873 ], [ 105.847263, 21.0153508 ], [ 105.846956799999987, 21.0171098 ], [ 105.844269199999985, 21.017305 ], [ 105.8435857, 21.0172651 ], [ 105.8414099, 21.0174645 ], [ 105.8394154, 21.0189573 ], [ 105.8375214, 21.02013 ], [ 105.8368905, 21.022215 ], [ 105.8376116, 21.0232408 ], [ 105.8380997, 21.0259862 ], [ 105.8357768, 21.0272036 ], [ 105.833379799999989, 21.0259305 ], [ 105.8330833, 21.0252794 ], [ 105.8330075, 21.0253066 ], [ 105.832603, 21.0262411 ], [ 105.8318088, 21.0286941 ], [ 105.831823799999981, 21.0287574 ], [ 105.8319699, 21.029207 ], [ 105.8327536, 21.0313977 ], [ 105.8313025, 21.0325661 ], [ 105.8311704, 21.0325889 ], [ 105.831352, 21.0329976 ], [ 105.83272119999998, 21.034424 ], [ 105.833620399999987, 21.0342652 ], [ 105.8363518, 21.0356501 ], [ 105.8367548, 21.0351557 ], [ 105.836976299999989, 21.0349265 ], [ 105.8381949, 21.0336649 ], [ 105.840804, 21.0342079 ], [ 105.840904899999984, 21.0341906 ], [ 105.843290199999984, 21.0323602 ], [ 105.8447768, 21.0340917 ], [ 105.8449379, 21.0348636 ], [ 105.8454918, 21.0375308 ], [ 105.843830299999979, 21.0403251 ], [ 105.8420285, 21.0406404 ], [ 105.8397245, 21.0384477 ], [ 105.839639700000021, 21.0384598 ], [ 105.8392334, 21.0385243 ], [ 105.838000199999982, 21.0413454 ] ] ] } },
{ "type": "Feature", "properties": { "threshold_s": "900", "time_label": "15 min drive" }, "geometry": { "type": "Polygon", "coordinates": [ [ [ 105.8363039, 21.0440074 ], [ 105.835914299999985, 21.0526278 ], [ 105.8395775, 21.0554078 ], [ 105.840919299999982, 21.0557136 ], [ 105.841105099999979, 21.0557457 ], [ 105.8443236, 21.0542526 ], [ 105.8481324, 21.0481674 ], [ 105.8492648, 21.0462351 ], [ 105.850106499999981, 21.0449387 ], [ 105.8532054, 21.0410502 ], [ 105.8539648, 21.0399026 ], [ 105.8552544, 21.038343 ], [ 105.8645302, 21.0425052 ], [ 105.8645845, 21.0429123 ], [ 105.8644483, 21.0456788 ], [ 105.865506699999983, 21.047481 ], [ 105.8739517, 21.0446976 ], [ 105.872379699999982, 21.0381393 ], [ 105.873858699999985, 21.0346581 ], [ 105.8708277, 21.0324059 ], [ 105.8683511, 21.0322908 ], [ 105.86210149999998, 21.0246067 ], [ 105.863899, 21.018973 ], [ 105.864448899999985, 21.0179396 ], [ 105.865231599999987, 21.0153725 ], [ 105.8655468, 21.0144409 ], [ 105.8657318, 21.0120932 ], [ 105.8662889, 21.0082262 ], [ 105.860795, 21.0076553 ], [ 105.8510544, 21.0044032 ], [ 105.8504813, 21.0044425 ], [ 105.8413113, 21.0063215 ], [ 105.8407724, 21.0079662 ], [ 105.8410532, 21.0107455 ], [ 105.8372522, 21.018501 ], [ 105.8309465, 21.0170993 ], [ 105.8290405, 21.016959 ], [ 105.8289753, 21.016992 ], [ 105.825887899999984, 21.0213994 ], [ 105.824814299999986, 21.0276475 ], [ 105.8202169, 21.0311016 ], [ 105.821467899999988, 21.0351968 ], [ 105.826639699999987, 21.0413859 ], [ 105.8285905, 21.0410636 ], [ 105.8363039, 21.0440074 ] ] ] } },
{ "type": "Feature", "properties": { "threshold_s": "300", "time_label": "5 min drive" }, "geometry": { "type": "Polygon", "coordinates": [ [ [ 105.8718431, 21.1191501 ], [ 105.8734536, 21.1208279 ], [ 105.878924799999979, 21.1194703 ], [ 105.880229499999984, 21.1199333 ], [ 105.8800399, 21.1156359 ], [ 105.883237099999988, 21.1149153 ], [ 105.885599499999984, 21.1160394 ], [ 105.8862492, 21.116369 ], [ 105.883874799999987, 21.1144711 ], [ 105.881375599999984, 21.1121404 ], [ 105.8776069, 21.1095539 ], [ 105.8727953, 21.1093892 ], [ 105.8723018, 21.1090865 ], [ 105.874018399999983, 21.1029396 ], [ 105.874096099999988, 21.1026256 ], [ 105.873779, 21.1026631 ], [ 105.871324799999982, 21.1091765 ], [ 105.869457700000012, 21.1113928 ], [ 105.868402099999983, 21.1148005 ], [ 105.8688364, 21.1155471 ], [ 105.8718431, 21.1191501 ] ] ] } },
{ "type": "Feature", "properties": { "threshold_s": "600", "time_label": "10 min drive" }, "geometry": { "type": "Polygon", "coordinates": [ [ [ 105.861957299999986, 21.1152525 ], [ 105.860765599999979, 21.1191626 ], [ 105.865155, 21.1173005 ], [ 105.8660922, 21.1217797 ], [ 105.8683401, 21.1258066 ], [ 105.8682181, 21.1261005 ], [ 105.870627199999987, 21.1287474 ], [ 105.870982399999988, 21.1288583 ], [ 105.8727517, 21.1275949 ], [ 105.876371899999981, 21.1254612 ], [ 105.879722099999981, 21.1229544 ], [ 105.883423800000017, 21.1254256 ], [ 105.883654199999981, 21.1257266 ], [ 105.8849645, 21.1257691 ], [ 105.8869301, 21.1256128 ], [ 105.8891031, 21.1232897 ], [ 105.8894776, 21.122867 ], [ 105.893113, 21.1206025 ], [ 105.8941939, 21.1206432 ], [ 105.8949503, 21.1204837 ], [ 105.8951354, 21.1201864 ], [ 105.8962432, 21.1181743 ], [ 105.8964687, 21.1168853 ], [ 105.895181599999987, 21.1136079 ], [ 105.8939567, 21.1130792 ], [ 105.8905845, 21.1107889 ], [ 105.889155499999987, 21.1076405 ], [ 105.889056499999981, 21.1073444 ], [ 105.888887199999985, 21.1067706 ], [ 105.888465499999981, 21.1053624 ], [ 105.888167, 21.1038843 ], [ 105.885226100000011, 21.100331 ], [ 105.8833601, 21.0998451 ], [ 105.8832685, 21.1008785 ], [ 105.8847727, 21.103701 ], [ 105.8851281, 21.104291 ], [ 105.885846199999989, 21.10659 ], [ 105.8865562, 21.1072174 ], [ 105.887570199999985, 21.1101399 ], [ 105.888435199999989, 21.111147 ], [ 105.8901722, 21.1109342 ], [ 105.8917966, 21.1152785 ], [ 105.891136599999982, 21.1155211 ], [ 105.886745599999983, 21.1167016 ], [ 105.8862492, 21.116369 ], [ 105.885599499999984, 21.1160394 ], [ 105.883874799999987, 21.1144711 ], [ 105.881375599999984, 21.1121404 ], [ 105.8776069, 21.1095539 ], [ 105.8741172, 21.1070907 ], [ 105.874018399999983, 21.1029396 ], [ 105.874096099999988, 21.1026256 ], [ 105.873779, 21.1026631 ], [ 105.869165199999983, 21.1027568 ], [ 105.8686571, 21.1013029 ], [ 105.8679257, 21.0992935 ], [ 105.8672573, 21.0969637 ], [ 105.864419699999985, 21.1002547 ], [ 105.8629771, 21.1026817 ], [ 105.862881099999981, 21.1029997 ], [ 105.8627587, 21.1072114 ], [ 105.8619377, 21.1083383 ], [ 105.8613449, 21.110275 ], [ 105.8595166, 21.1129244 ], [ 105.861957299999986, 21.1152525 ] ] ] } },
{ "type": "Feature", "properties": { "threshold_s": "900", "time_label": "15 min drive" }, "geometry": { "type": "Polygon", "coordinates": [ [ [ 105.8578387, 21.1328301 ], [ 105.860831799999985, 21.1376776 ], [ 105.8615053, 21.1374098 ], [ 105.8688595, 21.1376665 ], [ 105.872640800000013, 21.1372469 ], [ 105.873758199999983, 21.1354213 ], [ 105.875273299999989, 21.1315343 ], [ 105.8818326, 21.1313513 ], [ 105.8826373, 21.131483 ], [ 105.88507580000001, 21.1319738 ], [ 105.887122, 21.1327348 ], [ 105.8891044, 21.1265334 ], [ 105.891074499999988, 21.1240315 ], [ 105.897966199999985, 21.1246439 ], [ 105.89977829999998, 21.1259505 ], [ 105.9033859, 21.1224828 ], [ 105.9047259, 21.1199747 ], [ 105.9044928, 21.1149178 ], [ 105.898215, 21.1139026 ], [ 105.8939567, 21.1130792 ], [ 105.889155499999987, 21.1076405 ], [ 105.889056499999981, 21.1073444 ], [ 105.8889663, 21.1070564 ], [ 105.888887199999985, 21.1067706 ], [ 105.888465499999981, 21.1053624 ], [ 105.888167, 21.1038843 ], [ 105.8879216, 21.1026794 ], [ 105.8905703, 21.0962649 ], [ 105.8933921, 21.0933809 ], [ 105.8920319, 21.0932585 ], [ 105.884469699999983, 21.0922898 ], [ 105.882732799999985, 21.0914045 ], [ 105.8825344, 21.0914047 ], [ 105.880616599999982, 21.0933003 ], [ 105.873307, 21.0948405 ], [ 105.8712984, 21.090662 ], [ 105.8695854, 21.0887122 ], [ 105.869492399999984, 21.0886372 ], [ 105.8683683, 21.0877307 ], [ 105.865546699999982, 21.0882054 ], [ 105.865482, 21.0908503 ], [ 105.8654936, 21.0935351 ], [ 105.862486899999979, 21.0987667 ], [ 105.8581987, 21.1023516 ], [ 105.857833, 21.1026517 ], [ 105.8522876, 21.1062254 ], [ 105.851882299999986, 21.1066481 ], [ 105.8543095, 21.1125207 ], [ 105.8524816, 21.1140721 ], [ 105.851465, 21.1184207 ], [ 105.851773799999989, 21.1215849 ], [ 105.8544382, 21.117884 ], [ 105.860765599999979, 21.1191626 ], [ 105.8660922, 21.1217797 ], [ 105.8682181, 21.1261005 ], [ 105.8659907, 21.1294773 ], [ 105.861064299999981, 21.1294715 ], [ 105.8578387, 21.1328301 ] ] ] } },
{ "type": "Feature", "properties": { "threshold_s": "300", "time_label": "5 min drive" }, "geometry": { "type": "Polygon", "coordinates": [ [ [ 105.8688364, 21.1155471 ], [ 105.872252099999983, 21.119055 ], [ 105.8727777, 21.119493 ], [ 105.8728263, 21.119488 ], [ 105.8730756, 21.1194621 ], [ 105.873400899999979, 21.1194312 ], [ 105.878924799999979, 21.1194703 ], [ 105.87902, 21.118011 ], [ 105.883237099999988, 21.1149153 ], [ 105.885599499999984, 21.1160394 ], [ 105.883874799999987, 21.1144711 ], [ 105.881375599999984, 21.1121404 ], [ 105.8776069, 21.1095539 ], [ 105.8727953, 21.1093892 ], [ 105.8723018, 21.1090865 ], [ 105.874018399999983, 21.1029396 ], [ 105.874096099999988, 21.1026256 ], [ 105.873779, 21.1026631 ], [ 105.871324799999982, 21.1091765 ], [ 105.869457700000012, 21.1113928 ], [ 105.8688364, 21.1155471 ] ] ] } },
{ "type": "Feature", "properties": { "threshold_s": "600", "time_label": "10 min drive" }, "geometry": { "type": "Polygon", "coordinates": [ [ [ 105.861957299999986, 21.1152525 ], [ 105.860765599999979, 21.1191626 ], [ 105.865155, 21.1173005 ], [ 105.8660922, 21.1217797 ], [ 105.8682181, 21.1261005 ], [ 105.8690952, 21.1265272 ], [ 105.8710572, 21.1274165 ], [ 105.876371899999981, 21.1254612 ], [ 105.879722099999981, 21.1229544 ], [ 105.883423800000017, 21.1254256 ], [ 105.88378969999998, 21.1255183 ], [ 105.884538, 21.1254621 ], [ 105.8877338, 21.1240277 ], [ 105.8891031, 21.1232897 ], [ 105.893113, 21.1206025 ], [ 105.8941939, 21.1206432 ], [ 105.8949503, 21.1204837 ], [ 105.8951354, 21.1201864 ], [ 105.895291599999979, 21.1198885 ], [ 105.8964687, 21.1168853 ], [ 105.895181599999987, 21.1136079 ], [ 105.8939567, 21.1130792 ], [ 105.8905845, 21.1107889 ], [ 105.889155499999987, 21.1076405 ], [ 105.889056499999981, 21.1073444 ], [ 105.888887199999985, 21.1067706 ], [ 105.888465499999981, 21.1053624 ], [ 105.888167, 21.1038843 ], [ 105.8858323, 21.1001636 ], [ 105.8833601, 21.0998451 ], [ 105.8832685, 21.1008785 ], [ 105.8847727, 21.103701 ], [ 105.8851281, 21.104291 ], [ 105.885846199999989, 21.10659 ], [ 105.8865562, 21.1072174 ], [ 105.887570199999985, 21.1101399 ], [ 105.888435199999989, 21.111147 ], [ 105.891136599999982, 21.1155211 ], [ 105.8862492, 21.116369 ], [ 105.885599499999984, 21.1160394 ], [ 105.883874799999987, 21.1144711 ], [ 105.881375599999984, 21.1121404 ], [ 105.8776069, 21.1095539 ], [ 105.873535599999983, 21.1070505 ], [ 105.874018399999983, 21.1029396 ], [ 105.874096099999988, 21.1026256 ], [ 105.873779, 21.1026631 ], [ 105.8686571, 21.1013029 ], [ 105.8679257, 21.0992935 ], [ 105.8672573, 21.0969637 ], [ 105.8671403, 21.0965324 ], [ 105.864146199999979, 21.1000878 ], [ 105.8634563, 21.1010005 ], [ 105.862946, 21.1019204 ], [ 105.862881099999981, 21.1029997 ], [ 105.8629248, 21.1037616 ], [ 105.8619377, 21.1083383 ], [ 105.8595166, 21.1129244 ], [ 105.861957299999986, 21.1152525 ] ] ] } },
{ "type": "Feature", "properties": { "threshold_s": "900", "time_label": "15 min drive" }, "geometry": { "type": "Polygon", "coordinates": [ [ [ 105.8584859, 21.1329322 ], [ 105.861069400000019, 21.1372484 ], [ 105.86248879999998, 21.1367502 ], [ 105.8688118, 21.1369835 ], [ 105.8720912, 21.1370111 ], [ 105.8725622, 21.136575 ], [ 105.872867, 21.1355378 ], [ 105.872983, 21.1350723 ], [ 105.875273299999989, 21.1315343 ], [ 105.8818326, 21.1313513 ], [ 105.8826373, 21.131483 ], [ 105.88507580000001, 21.1319738 ], [ 105.887122, 21.1327348 ], [ 105.8891044, 21.1265334 ], [ 105.891074499999988, 21.1240315 ], [ 105.897966199999985, 21.1246439 ], [ 105.89977829999998, 21.1259505 ], [ 105.9033859, 21.1224828 ], [ 105.902409899999981, 21.1183262 ], [ 105.904374799999985, 21.1150164 ], [ 105.898215, 21.1139026 ], [ 105.8939567, 21.1130792 ], [ 105.889155499999987, 21.1076405 ], [ 105.889056499999981, 21.1073444 ], [ 105.8889663, 21.1070564 ], [ 105.888887199999985, 21.1067706 ], [ 105.888465499999981, 21.1053624 ], [ 105.888167, 21.1038843 ], [ 105.8879216, 21.1026794 ], [ 105.8905703, 21.0962649 ], [ 105.8933921, 21.0933809 ], [ 105.893218799999985, 21.0930635 ], [ 105.8918951, 21.0928032 ], [ 105.885598699999989, 21.0923657 ], [ 105.88369849999998, 21.0913697 ], [ 105.8828133, 21.0907641 ], [ 105.882716699999989, 21.0907467 ], [ 105.880616599999982, 21.0933003 ], [ 105.873307, 21.0948405 ], [ 105.871604099999985, 21.0903402 ], [ 105.870768899999987, 21.0866913 ], [ 105.8669658, 21.0874065 ], [ 105.865546699999982, 21.0882054 ], [ 105.864895499999989, 21.0889129 ], [ 105.865182, 21.0911745 ], [ 105.865390399999981, 21.0934418 ], [ 105.862486899999979, 21.0987667 ], [ 105.8581987, 21.1023516 ], [ 105.857833, 21.1026517 ], [ 105.8522876, 21.1062254 ], [ 105.851882299999986, 21.1066481 ], [ 105.852458199999987, 21.1071904 ], [ 105.8524816, 21.1140721 ], [ 105.851465, 21.1184207 ], [ 105.853947399999981, 21.1179366 ], [ 105.8544382, 21.117884 ], [ 105.860765599999979, 21.1191626 ], [ 105.8660922, 21.1217797 ], [ 105.8682181, 21.1261005 ], [ 105.8659907, 21.1294773 ], [ 105.861064299999981, 21.1294715 ], [ 105.8584859, 21.1329322 ] ] ] } },
{ "type": "Feature", "properties": { "threshold_s": "300", "time_label": "5 min drive" }, "geometry": { "type": "Polygon", "coordinates": [ [ [ 105.7658288, 21.0702156 ], [ 105.7620942, 21.0728699 ], [ 105.7638201, 21.0743442 ], [ 105.7644781, 21.0724792 ], [ 105.7650067, 21.0715146 ], [ 105.7698172, 21.0699916 ], [ 105.7714031, 21.0715253 ], [ 105.7725014, 21.0744243 ], [ 105.772121199999987, 21.0761333 ], [ 105.7718437, 21.0771504 ], [ 105.770986, 21.0790901 ], [ 105.7705254, 21.0796674 ], [ 105.7704744, 21.07978 ], [ 105.770781499999984, 21.0807699 ], [ 105.773715199999984, 21.0788035 ], [ 105.7757708, 21.0782023 ], [ 105.777415099999985, 21.0761416 ], [ 105.7790688, 21.073907 ], [ 105.780854300000016, 21.0715323 ], [ 105.7779345, 21.0698037 ], [ 105.7766151, 21.0677275 ], [ 105.7755595, 21.0671928 ], [ 105.7729826, 21.065249 ], [ 105.7730948, 21.0629846 ], [ 105.7731046, 21.0623175 ], [ 105.773106699999985, 21.0620448 ], [ 105.7731141, 21.0616283 ], [ 105.7714856, 21.0625754 ], [ 105.771414, 21.0642173 ], [ 105.771193199999985, 21.0656565 ], [ 105.7712522, 21.0670907 ], [ 105.7658288, 21.0702156 ] ] ] } },
{ "type": "Feature", "properties": { "threshold_s": "600", "time_label": "10 min drive" }, "geometry": { "type": "Polygon", "coordinates": [ [ [ 105.7674327, 21.0886469 ], [ 105.7684072, 21.0899014 ], [ 105.769914799999981, 21.0905751 ], [ 105.7715794, 21.0894853 ], [ 105.771842399999983, 21.0892711 ], [ 105.7735047, 21.0875949 ], [ 105.776813, 21.086321 ], [ 105.7811693, 21.0861932 ], [ 105.781692199999981, 21.0830028 ], [ 105.7852723, 21.0813791 ], [ 105.7856191, 21.081205 ], [ 105.7885959, 21.0783105 ], [ 105.788442299999986, 21.0747952 ], [ 105.784051, 21.0715906 ], [ 105.7838765, 21.0682445 ], [ 105.783786399999983, 21.0672642 ], [ 105.7840136, 21.0635912 ], [ 105.7806751, 21.0621189 ], [ 105.777259, 21.0594841 ], [ 105.773319, 21.0584563 ], [ 105.77369969999998, 21.0551575 ], [ 105.7714174, 21.0517516 ], [ 105.7732819, 21.0554077 ], [ 105.772979, 21.0584829 ], [ 105.771548399999986, 21.061554 ], [ 105.7686719, 21.062429 ], [ 105.7683775, 21.0625252 ], [ 105.7637426, 21.0640006 ], [ 105.7623518, 21.0644106 ], [ 105.7596799, 21.065543 ], [ 105.761534, 21.0695959 ], [ 105.7620942, 21.0728699 ], [ 105.763151899999983, 21.0757881 ], [ 105.764316, 21.077022 ], [ 105.766295499999984, 21.0804182 ], [ 105.766964, 21.0820587 ], [ 105.7673174, 21.0827057 ], [ 105.7672615, 21.0874117 ], [ 105.7674327, 21.0886469 ] ] ] } },
{ "type": "Feature", "properties": { "threshold_s": "900", "time_label": "15 min drive" }, "geometry": { "type": "Polygon", "coordinates": [ [ [ 105.757970299999982, 21.0884345 ], [ 105.7585474, 21.089627 ], [ 105.762763, 21.0916199 ], [ 105.7671833, 21.0916249 ], [ 105.773665900000012, 21.0936495 ], [ 105.7754959, 21.094425 ], [ 105.7785681, 21.0941344 ], [ 105.7861354, 21.0913813 ], [ 105.78682, 21.0909511 ], [ 105.79262319999998, 21.086162 ], [ 105.7930235, 21.0843787 ], [ 105.7930504, 21.0840217 ], [ 105.796521, 21.0776026 ], [ 105.7977378, 21.0771315 ], [ 105.798075400000016, 21.0770003 ], [ 105.798464400000015, 21.0744277 ], [ 105.79855640000001, 21.0735069 ], [ 105.795374699999982, 21.0713879 ], [ 105.7919894, 21.066467 ], [ 105.7900166, 21.0650799 ], [ 105.7898878, 21.0650828 ], [ 105.7835488, 21.0601892 ], [ 105.7832477, 21.0590333 ], [ 105.7832245, 21.0589547 ], [ 105.7825837, 21.0565908 ], [ 105.7817224, 21.0531725 ], [ 105.7813345, 21.0528291 ], [ 105.7783507, 21.0513826 ], [ 105.774008499999979, 21.047858 ], [ 105.7682347, 21.0446127 ], [ 105.7660032, 21.043376 ], [ 105.7673859, 21.0460407 ], [ 105.769493299999979, 21.0488897 ], [ 105.7714174, 21.0517516 ], [ 105.7732819, 21.0554077 ], [ 105.772979, 21.0584829 ], [ 105.7652414, 21.0584979 ], [ 105.765067, 21.0582826 ], [ 105.7639553, 21.0584065 ], [ 105.763594, 21.0588548 ], [ 105.7596272, 21.0654404 ], [ 105.7532938, 21.0651318 ], [ 105.7530997, 21.0651808 ], [ 105.7537699, 21.0677561 ], [ 105.7538413, 21.0680072 ], [ 105.754036699999986, 21.0679372 ], [ 105.761534, 21.0695959 ], [ 105.7620942, 21.0728699 ], [ 105.7626659, 21.0741508 ], [ 105.7611901, 21.0811943 ], [ 105.7578354, 21.0838766 ], [ 105.7577709, 21.0875938 ], [ 105.757970299999982, 21.0884345 ] ] ] } },
{ "type": "Feature", "properties": { "threshold_s": "300", "time_label": "5 min drive" }, "geometry": { "type": "Polygon", "coordinates": [ [ [ 105.772494100000017, 21.0715306 ], [ 105.7725014, 21.0744243 ], [ 105.773545199999987, 21.0754348 ], [ 105.77429979999998, 21.0760237 ], [ 105.7776627, 21.077793 ], [ 105.777415099999985, 21.0761416 ], [ 105.7790688, 21.073907 ], [ 105.784178699999984, 21.0727744 ], [ 105.784051, 21.0715906 ], [ 105.780854300000016, 21.0715323 ], [ 105.780768499999979, 21.0715327 ], [ 105.778659099999985, 21.0732403 ], [ 105.777115499999979, 21.0715521 ], [ 105.7775964, 21.0702112 ], [ 105.7779345, 21.0698037 ], [ 105.7766418, 21.0675819 ], [ 105.7806751, 21.0621189 ], [ 105.7757945, 21.0667366 ], [ 105.774959, 21.0662146 ], [ 105.7755595, 21.0671928 ], [ 105.7757278, 21.0675412 ], [ 105.7758064, 21.0677028 ], [ 105.776008099999984, 21.0681381 ], [ 105.7761494, 21.068443 ], [ 105.7764291, 21.0690467 ], [ 105.7765287, 21.0692989 ], [ 105.7745198, 21.0715458 ], [ 105.7725305, 21.0699632 ], [ 105.772551599999986, 21.0691135 ], [ 105.7714641, 21.0705273 ], [ 105.7714031, 21.0715253 ], [ 105.772494100000017, 21.0715306 ] ] ] } },
{ "type": "Feature", "properties": { "threshold_s": "600", "time_label": "10 min drive" }, "geometry": { "type": "Polygon", "coordinates": [ [ [ 105.769895, 21.083519 ], [ 105.7703493, 21.0840921 ], [ 105.77151259999998, 21.0849097 ], [ 105.77374, 21.0827519 ], [ 105.776813, 21.086321 ], [ 105.779046799999989, 21.0871955 ], [ 105.7811693, 21.0861932 ], [ 105.781692199999981, 21.0830028 ], [ 105.7851183, 21.0824037 ], [ 105.785350699999981, 21.082382 ], [ 105.788843799999981, 21.0808619 ], [ 105.790213599999987, 21.0776303 ], [ 105.7895824, 21.0750623 ], [ 105.7885718, 21.0741977 ], [ 105.785307099999983, 21.0711377 ], [ 105.783786399999983, 21.0672642 ], [ 105.7840136, 21.0635912 ], [ 105.783525699999984, 21.0614066 ], [ 105.7810871, 21.0615189 ], [ 105.777259, 21.0594841 ], [ 105.773319, 21.0584563 ], [ 105.772979, 21.0584829 ], [ 105.771548399999986, 21.061554 ], [ 105.7714856, 21.0625754 ], [ 105.771414, 21.0642173 ], [ 105.770685, 21.0662565 ], [ 105.7698172, 21.0699916 ], [ 105.7658288, 21.0702156 ], [ 105.7620191, 21.0691397 ], [ 105.761534, 21.0695959 ], [ 105.7620942, 21.0728699 ], [ 105.763151899999983, 21.0757881 ], [ 105.763889, 21.0762088 ], [ 105.765732299999982, 21.076758 ], [ 105.76491510000001, 21.0734619 ], [ 105.7714031, 21.0715253 ], [ 105.7725014, 21.0744243 ], [ 105.772121199999987, 21.0761333 ], [ 105.7718437, 21.0771504 ], [ 105.770986, 21.0790901 ], [ 105.7705254, 21.0796674 ], [ 105.7704744, 21.07978 ], [ 105.7704583, 21.0807874 ], [ 105.7700663, 21.0827388 ], [ 105.769895, 21.083519 ] ] ] } },
{ "type": "Feature", "properties": { "threshold_s": "900", "time_label": "15 min drive" }, "geometry": { "type": "Polygon", "coordinates": [ [ [ 105.7662449, 21.0906576 ], [ 105.7671833, 21.0916249 ], [ 105.773665900000012, 21.0936495 ], [ 105.7754959, 21.094425 ], [ 105.7785681, 21.0941344 ], [ 105.779807199999979, 21.0937495 ], [ 105.7861354, 21.0913813 ], [ 105.7879221, 21.0908939 ], [ 105.788616799999986, 21.0906277 ], [ 105.7941449, 21.0863377 ], [ 105.7972182, 21.0842785 ], [ 105.7972048, 21.0841595 ], [ 105.7992544, 21.0765419 ], [ 105.800101699999985, 21.0739485 ], [ 105.800082299999985, 21.073816 ], [ 105.7987053, 21.0714302 ], [ 105.7920659, 21.0668269 ], [ 105.7919894, 21.066467 ], [ 105.790019, 21.0638615 ], [ 105.7850316, 21.0600215 ], [ 105.7817224, 21.0531725 ], [ 105.7814974, 21.0505196 ], [ 105.7732853, 21.0497619 ], [ 105.7698313, 21.0488705 ], [ 105.769493299999979, 21.0488897 ], [ 105.7714174, 21.0517516 ], [ 105.7732819, 21.0554077 ], [ 105.772979, 21.0584829 ], [ 105.7686719, 21.062429 ], [ 105.7683775, 21.0625252 ], [ 105.7637426, 21.0640006 ], [ 105.7623518, 21.0644106 ], [ 105.7596272, 21.0654404 ], [ 105.758651, 21.0659367 ], [ 105.7620942, 21.0728699 ], [ 105.763151899999983, 21.0757881 ], [ 105.764316, 21.077022 ], [ 105.765509, 21.083909 ], [ 105.764953700000021, 21.0870066 ], [ 105.7655337, 21.0889872 ], [ 105.7662449, 21.0906576 ] ] ] } },
{ "type": "Feature", "properties": { "threshold_s": "300", "time_label": "5 min drive" }, "geometry": { "type": "Polygon", "coordinates": [ [ [ 105.7717109, 21.0803456 ], [ 105.7716566, 21.0833118 ], [ 105.771859299999988, 21.0833272 ], [ 105.7737735, 21.0809776 ], [ 105.776163299999979, 21.0804207 ], [ 105.7776627, 21.077793 ], [ 105.777415099999985, 21.0761416 ], [ 105.7790688, 21.073907 ], [ 105.780854300000016, 21.0715323 ], [ 105.7779345, 21.0698037 ], [ 105.776861599999989, 21.0683331 ], [ 105.776805, 21.0683784 ], [ 105.773470399999979, 21.0685899 ], [ 105.7726015, 21.0674079 ], [ 105.7723981, 21.0674079 ], [ 105.7698172, 21.0699916 ], [ 105.7714031, 21.0715253 ], [ 105.7725014, 21.0744243 ], [ 105.772121199999987, 21.0761333 ], [ 105.7718437, 21.0771504 ], [ 105.7717404, 21.0795122 ], [ 105.7717109, 21.0803456 ] ] ] } },
{ "type": "Feature", "properties": { "threshold_s": "600", "time_label": "10 min drive" }, "geometry": { "type": "Polygon", "coordinates": [ [ [ 105.766070199999987, 21.0893326 ], [ 105.767041099999986, 21.0903211 ], [ 105.7693505, 21.0914998 ], [ 105.772747399999986, 21.0929291 ], [ 105.7759467, 21.0904735 ], [ 105.7802015, 21.0886703 ], [ 105.7811693, 21.0861932 ], [ 105.781692199999981, 21.0830028 ], [ 105.785069, 21.0815586 ], [ 105.7867702, 21.0770667 ], [ 105.7878739, 21.0767528 ], [ 105.7869726, 21.0758256 ], [ 105.784178699999984, 21.0727744 ], [ 105.784051, 21.0715906 ], [ 105.7838765, 21.0682445 ], [ 105.783786399999983, 21.0672642 ], [ 105.783558199999987, 21.0660276 ], [ 105.7831324, 21.0640515 ], [ 105.7806751, 21.0621189 ], [ 105.7781998, 21.0617471 ], [ 105.7769382, 21.0617091 ], [ 105.773319, 21.0584563 ], [ 105.772979, 21.0584829 ], [ 105.771548399999986, 21.061554 ], [ 105.7686719, 21.062429 ], [ 105.7683775, 21.0625252 ], [ 105.770685, 21.0662565 ], [ 105.7698172, 21.0699916 ], [ 105.7658288, 21.0702156 ], [ 105.7620191, 21.0691397 ], [ 105.761534, 21.0695959 ], [ 105.7620942, 21.0728699 ], [ 105.763151899999983, 21.0757881 ], [ 105.763889, 21.0762088 ], [ 105.766295499999984, 21.0804182 ], [ 105.766964, 21.0820587 ], [ 105.7673174, 21.0827057 ], [ 105.7677403, 21.0852755 ], [ 105.7661708, 21.0881757 ], [ 105.765847599999987, 21.0884692 ], [ 105.766070199999987, 21.0893326 ] ] ] } },
{ "type": "Feature", "properties": { "threshold_s": "900", "time_label": "15 min drive" }, "geometry": { "type": "Polygon", "coordinates": [ [ [ 105.7557737, 21.0835353 ], [ 105.756485799999979, 21.0875474 ], [ 105.7585474, 21.089627 ], [ 105.759115199999982, 21.0899107 ], [ 105.762763, 21.0916199 ], [ 105.7671833, 21.0916249 ], [ 105.772747399999986, 21.0929291 ], [ 105.773665900000012, 21.0936495 ], [ 105.7754959, 21.094425 ], [ 105.7785681, 21.0941344 ], [ 105.783042599999987, 21.0930413 ], [ 105.7861354, 21.0913813 ], [ 105.786485, 21.0911056 ], [ 105.7890474, 21.086491 ], [ 105.7929559, 21.0844247 ], [ 105.7930235, 21.0843787 ], [ 105.7930504, 21.0840217 ], [ 105.793587, 21.0784211 ], [ 105.7963446, 21.0771987 ], [ 105.7949451, 21.0713989 ], [ 105.7919427, 21.067572 ], [ 105.7918736, 21.0675299 ], [ 105.788247699999985, 21.0663437 ], [ 105.7840136, 21.0635912 ], [ 105.783525699999984, 21.0614066 ], [ 105.7832477, 21.0590333 ], [ 105.7832245, 21.0589547 ], [ 105.7825837, 21.0565908 ], [ 105.781909899999988, 21.054616 ], [ 105.7800668, 21.0554788 ], [ 105.774179, 21.0534005 ], [ 105.7732853, 21.0497619 ], [ 105.771060300000016, 21.0479432 ], [ 105.7701466, 21.0478528 ], [ 105.769493299999979, 21.0488897 ], [ 105.7714174, 21.0517516 ], [ 105.7732819, 21.0554077 ], [ 105.772979, 21.0584829 ], [ 105.7686719, 21.062429 ], [ 105.7683775, 21.0625252 ], [ 105.7637426, 21.0640006 ], [ 105.7623518, 21.0644106 ], [ 105.7596272, 21.0654404 ], [ 105.758651, 21.0659367 ], [ 105.761534, 21.0695959 ], [ 105.7620942, 21.0728699 ], [ 105.760534, 21.0786701 ], [ 105.7578354, 21.0838766 ], [ 105.7557737, 21.0835353 ] ] ] } },
{ "type": "Feature", "properties": { "threshold_s": "300", "time_label": "5 min drive" }, "geometry": { "type": "Polygon", "coordinates": [ [ [ 105.7796203, 21.0933315 ], [ 105.779807199999979, 21.0937495 ], [ 105.78169, 21.0929387 ], [ 105.7834107, 21.0939139 ], [ 105.784863, 21.09286 ], [ 105.7865476, 21.0913714 ], [ 105.7879221, 21.0908939 ], [ 105.7900366, 21.0903393 ], [ 105.791746, 21.0901166 ], [ 105.7941222, 21.0900396 ], [ 105.7917478, 21.0900499 ], [ 105.789799699999989, 21.0885868 ], [ 105.788936, 21.0894878 ], [ 105.7858461, 21.0883256 ], [ 105.785817899999984, 21.0876656 ], [ 105.787166099999979, 21.0855222 ], [ 105.787549, 21.0837859 ], [ 105.7876257, 21.0836179 ], [ 105.785069, 21.0815586 ], [ 105.78442320000002, 21.0824404 ], [ 105.7842636, 21.0828496 ], [ 105.785333199999982, 21.0854769 ], [ 105.783142499999983, 21.087836 ], [ 105.782224, 21.0878462 ], [ 105.780830399999985, 21.0874907 ], [ 105.7804629, 21.087273 ], [ 105.7787405, 21.0867897 ], [ 105.779046799999989, 21.0871955 ], [ 105.779315200000013, 21.087551 ], [ 105.779597599999988, 21.0879077 ], [ 105.7787065, 21.0907532 ], [ 105.7796203, 21.0933315 ] ] ] } },
{ "type": "Feature", "properties": { "threshold_s": "600", "time_label": "10 min drive" }, "geometry": { "type": "Polygon", "coordinates": [ [ [ 105.771858, 21.0919265 ], [ 105.772747399999986, 21.0929291 ], [ 105.773665900000012, 21.0936495 ], [ 105.7754959, 21.094425 ], [ 105.7785681, 21.0941344 ], [ 105.7834107, 21.0939139 ], [ 105.7864684, 21.0932015 ], [ 105.7870933, 21.0929863 ], [ 105.791930899999983, 21.0919728 ], [ 105.793764, 21.092168 ], [ 105.7965106, 21.0913972 ], [ 105.7976586, 21.0911044 ], [ 105.799597799999987, 21.0906189 ], [ 105.80492049999998, 21.0897035 ], [ 105.8029761, 21.0871183 ], [ 105.8010503, 21.0852381 ], [ 105.79710679999998, 21.0830702 ], [ 105.7930504, 21.0840217 ], [ 105.7913455, 21.0820422 ], [ 105.7924673, 21.0788464 ], [ 105.7895824, 21.0750623 ], [ 105.7885718, 21.0741977 ], [ 105.784051, 21.0715906 ], [ 105.782508399999983, 21.0733432 ], [ 105.7812971, 21.0756004 ], [ 105.781347899999986, 21.0760813 ], [ 105.7833223, 21.0797558 ], [ 105.778867199999979, 21.0810627 ], [ 105.778017899999981, 21.081092 ], [ 105.777215900000016, 21.0849871 ], [ 105.77306, 21.0870878 ], [ 105.7712623, 21.0874824 ], [ 105.7708047, 21.0894553 ], [ 105.771858, 21.0919265 ] ] ] } },
{ "type": "Feature", "properties": { "threshold_s": "900", "time_label": "15 min drive" }, "geometry": { "type": "Polygon", "coordinates": [ [ [ 105.766964, 21.0820587 ], [ 105.7667676, 21.0889272 ], [ 105.7696482, 21.0914473 ], [ 105.773665900000012, 21.0936495 ], [ 105.7754959, 21.094425 ], [ 105.7834107, 21.0939139 ], [ 105.7864684, 21.0932015 ], [ 105.793764, 21.092168 ], [ 105.7965106, 21.0913972 ], [ 105.7976586, 21.0911044 ], [ 105.799597799999987, 21.0906189 ], [ 105.801606799999988, 21.090186 ], [ 105.80620709999998, 21.0898452 ], [ 105.8116425, 21.0905974 ], [ 105.815183, 21.0876498 ], [ 105.8113177, 21.0834917 ], [ 105.807740899999985, 21.0795317 ], [ 105.8020869, 21.0743281 ], [ 105.7987053, 21.0714302 ], [ 105.7920659, 21.0668269 ], [ 105.7919894, 21.066467 ], [ 105.790019, 21.0638615 ], [ 105.783525699999984, 21.0614066 ], [ 105.782334, 21.0637162 ], [ 105.776498599999982, 21.0683209 ], [ 105.772494100000017, 21.0715306 ], [ 105.7725014, 21.0744243 ], [ 105.765732299999982, 21.076758 ], [ 105.766295499999984, 21.0804182 ], [ 105.766964, 21.0820587 ] ] ] } },
{ "type": "Feature", "properties": { "threshold_s": "300", "time_label": "5 min drive" }, "geometry": { "type": "Polygon", "coordinates": [ [ [ 105.784051, 21.0715906 ], [ 105.783279599999986, 21.0728269 ], [ 105.784178699999984, 21.0727744 ], [ 105.7838765, 21.0682445 ], [ 105.783786399999983, 21.0672642 ], [ 105.783558199999987, 21.0660276 ], [ 105.7840136, 21.0635912 ], [ 105.783525699999984, 21.0614066 ], [ 105.782887299999985, 21.0590263 ], [ 105.782904699999989, 21.0591802 ], [ 105.7831894, 21.0603298 ], [ 105.7810871, 21.0615189 ], [ 105.7793856, 21.0602586 ], [ 105.779219399999988, 21.0601544 ], [ 105.779204300000018, 21.0601991 ], [ 105.7806751, 21.0621189 ], [ 105.7821956, 21.0640302 ], [ 105.7814363, 21.0653273 ], [ 105.7812256, 21.0657607 ], [ 105.780353, 21.0670785 ], [ 105.780323699999983, 21.0674895 ], [ 105.781253799999988, 21.0684529 ], [ 105.781799099999986, 21.0684525 ], [ 105.7820969, 21.0684542 ], [ 105.782382, 21.0684495 ], [ 105.783050599999982, 21.0684502 ], [ 105.784051, 21.0715906 ] ] ] } },
{ "type": "Feature", "properties": { "threshold_s": "600", "time_label": "10 min drive" }, "geometry": { "type": "Polygon", "coordinates": [ [ [ 105.7714031, 21.0715253 ], [ 105.7735879, 21.0747779 ], [ 105.7776627, 21.077793 ], [ 105.783486599999989, 21.0814884 ], [ 105.783963199999988, 21.0826907 ], [ 105.7842636, 21.0828496 ], [ 105.7892519, 21.0811417 ], [ 105.790213599999987, 21.0776303 ], [ 105.7895297, 21.072502 ], [ 105.785252200000016, 21.0705572 ], [ 105.783786399999983, 21.0672642 ], [ 105.7858398, 21.0626698 ], [ 105.7858364, 21.0624672 ], [ 105.7850316, 21.0600215 ], [ 105.7817224, 21.0531725 ], [ 105.7817062, 21.0505083 ], [ 105.7812602, 21.0483001 ], [ 105.7779095, 21.051782 ], [ 105.7750603, 21.0540461 ], [ 105.772979, 21.0584829 ], [ 105.7683775, 21.0625252 ], [ 105.771414, 21.0642173 ], [ 105.7714641, 21.0705273 ], [ 105.7714031, 21.0715253 ] ] ] } },
{ "type": "Feature", "properties": { "threshold_s": "900", "time_label": "15 min drive" }, "geometry": { "type": "Polygon", "coordinates": [ [ [ 105.7620942, 21.0728699 ], [ 105.763151899999983, 21.0757881 ], [ 105.763889, 21.0762088 ], [ 105.76458839999998, 21.0746651 ], [ 105.76491510000001, 21.0734619 ], [ 105.7714031, 21.0715253 ], [ 105.7725014, 21.0744243 ], [ 105.772121199999987, 21.0761333 ], [ 105.7718437, 21.0771504 ], [ 105.770986, 21.0790901 ], [ 105.7705254, 21.0796674 ], [ 105.7704744, 21.07978 ], [ 105.7704583, 21.0807874 ], [ 105.7716566, 21.0833118 ], [ 105.7771014, 21.0873548 ], [ 105.780798299999987, 21.089424 ], [ 105.782826799999981, 21.0921254 ], [ 105.7857849, 21.0914784 ], [ 105.7900366, 21.0903393 ], [ 105.794359499999985, 21.0875805 ], [ 105.797344699999982, 21.0857322 ], [ 105.797326399999989, 21.0855668 ], [ 105.7972182, 21.0842785 ], [ 105.7972048, 21.0841595 ], [ 105.79710679999998, 21.0830702 ], [ 105.798075400000016, 21.0770003 ], [ 105.7992544, 21.0765419 ], [ 105.800279799999984, 21.0761598 ], [ 105.8004185, 21.0761087 ], [ 105.8014639, 21.0745677 ], [ 105.801085299999983, 21.0736206 ], [ 105.8010124, 21.0734495 ], [ 105.799923799999988, 21.0710496 ], [ 105.799713899999986, 21.0711195 ], [ 105.7992522, 21.0712801 ], [ 105.794215199999982, 21.0666859 ], [ 105.7979708, 21.0624663 ], [ 105.798109199999985, 21.062374 ], [ 105.794960399999979, 21.0597426 ], [ 105.7912147, 21.0560624 ], [ 105.7898735, 21.0564361 ], [ 105.7895791, 21.0568201 ], [ 105.7825837, 21.0565908 ], [ 105.7822674, 21.0552068 ], [ 105.7849757, 21.0508114 ], [ 105.7857119, 21.0501774 ], [ 105.7863676, 21.0462624 ], [ 105.7875212, 21.042533 ], [ 105.7871272, 21.042081 ], [ 105.786176699999984, 21.0416528 ], [ 105.7805141, 21.0380521 ], [ 105.777668, 21.0414585 ], [ 105.78106409999998, 21.0453649 ], [ 105.7771092, 21.0489633 ], [ 105.7708369, 21.0475872 ], [ 105.7699932, 21.0475781 ], [ 105.769546299999988, 21.0480948 ], [ 105.769493299999979, 21.0488897 ], [ 105.7714174, 21.0517516 ], [ 105.7732819, 21.0554077 ], [ 105.772979, 21.0584829 ], [ 105.7686719, 21.062429 ], [ 105.7683775, 21.0625252 ], [ 105.7637426, 21.0640006 ], [ 105.7623518, 21.0644106 ], [ 105.7596272, 21.0654404 ], [ 105.758651, 21.0659367 ], [ 105.761534, 21.0695959 ], [ 105.7620942, 21.0728699 ] ] ] } },
{ "type": "Feature", "properties": { "threshold_s": "300", "time_label": "5 min drive" }, "geometry": { "type": "Polygon", "coordinates": [ [ [ 105.8434716, 21.0414843 ], [ 105.8443967, 21.0432368 ], [ 105.8456115, 21.0434219 ], [ 105.8482906, 21.0432002 ], [ 105.8497539, 21.043425 ], [ 105.8513591, 21.04259 ], [ 105.852290599999989, 21.040453 ], [ 105.8546021, 21.0386962 ], [ 105.8552544, 21.038343 ], [ 105.8555772, 21.0374457 ], [ 105.855188, 21.0355451 ], [ 105.855330399999986, 21.0338854 ], [ 105.85726, 21.0315916 ], [ 105.8567475, 21.030865 ], [ 105.8539092, 21.0313985 ], [ 105.853331499999982, 21.0313059 ], [ 105.851011899999989, 21.0314044 ], [ 105.8501894, 21.0298974 ], [ 105.8474725, 21.0304548 ], [ 105.846568, 21.0299584 ], [ 105.845064, 21.0313485 ], [ 105.8447768, 21.0340917 ], [ 105.8449379, 21.0348636 ], [ 105.8454918, 21.0375308 ], [ 105.8454121, 21.0400507 ], [ 105.843830299999979, 21.0403251 ], [ 105.8434716, 21.0414843 ] ] ] } },
{ "type": "Feature", "properties": { "threshold_s": "600", "time_label": "10 min drive" }, "geometry": { "type": "Polygon", "coordinates": [ [ [ 105.8389686, 21.0494783 ], [ 105.839200599999984, 21.0509968 ], [ 105.8398226, 21.05119 ], [ 105.8407957, 21.0510767 ], [ 105.8418845, 21.0488831 ], [ 105.843499699999981, 21.0473729 ], [ 105.8481324, 21.0481674 ], [ 105.8492648, 21.0462351 ], [ 105.850106499999981, 21.0449387 ], [ 105.8532054, 21.0410502 ], [ 105.8539648, 21.0399026 ], [ 105.8552544, 21.038343 ], [ 105.8559408, 21.0375631 ], [ 105.8580411, 21.033791 ], [ 105.8588286, 21.0330955 ], [ 105.865565599999982, 21.0396641 ], [ 105.8660828, 21.0398137 ], [ 105.866129799999982, 21.0394213 ], [ 105.859561899999989, 21.032523 ], [ 105.861271699999989, 21.0304235 ], [ 105.8613337, 21.0288933 ], [ 105.8620378, 21.0248247 ], [ 105.86210149999998, 21.0246067 ], [ 105.8598823, 21.0218612 ], [ 105.8580477, 21.0211556 ], [ 105.8537007, 21.0205574 ], [ 105.8498841, 21.0203782 ], [ 105.8483011, 21.0210518 ], [ 105.845411900000016, 21.0229745 ], [ 105.8414355, 21.021993 ], [ 105.8395402, 21.0242642 ], [ 105.8361111, 21.0279427 ], [ 105.836006399999988, 21.0304587 ], [ 105.836268899999979, 21.0316267 ], [ 105.8366268, 21.0336787 ], [ 105.836976299999989, 21.0349265 ], [ 105.837023599999981, 21.0388764 ], [ 105.835097299999987, 21.0418506 ], [ 105.8351095, 21.0426739 ], [ 105.8363039, 21.0440074 ], [ 105.84031760000002, 21.0464223 ], [ 105.8389686, 21.0494783 ] ] ] } },
{ "type": "Feature", "properties": { "threshold_s": "900", "time_label": "15 min drive" }, "geometry": { "type": "Polygon", "coordinates": [ [ [ 105.835914299999985, 21.0526278 ], [ 105.8337915, 21.059953 ], [ 105.8338327, 21.0599829 ], [ 105.8392422, 21.0589809 ], [ 105.8434512, 21.0579885 ], [ 105.8448187, 21.0565981 ], [ 105.8481324, 21.0481674 ], [ 105.8492648, 21.0462351 ], [ 105.850106499999981, 21.0449387 ], [ 105.8532054, 21.0410502 ], [ 105.8539648, 21.0399026 ], [ 105.8552544, 21.038343 ], [ 105.8645302, 21.0425052 ], [ 105.8645845, 21.0429123 ], [ 105.8644483, 21.0456788 ], [ 105.8649809, 21.0473095 ], [ 105.8653541, 21.0490072 ], [ 105.871485199999981, 21.0466784 ], [ 105.8751927, 21.0453025 ], [ 105.875490899999988, 21.0451634 ], [ 105.874603199999981, 21.0358066 ], [ 105.8746544, 21.0343807 ], [ 105.873688499999986, 21.0332723 ], [ 105.8708742, 21.0315621 ], [ 105.8691818, 21.0308484 ], [ 105.86210149999998, 21.0246067 ], [ 105.863899, 21.018973 ], [ 105.864448899999985, 21.0179396 ], [ 105.865231599999987, 21.0153725 ], [ 105.8655468, 21.0144409 ], [ 105.86402, 21.0114232 ], [ 105.8639262, 21.0113862 ], [ 105.8593349, 21.0114263 ], [ 105.8499467, 21.0097837 ], [ 105.8490179, 21.0095714 ], [ 105.8463087, 21.0126788 ], [ 105.8414099, 21.0174645 ], [ 105.8372522, 21.018501 ], [ 105.833795699999982, 21.0192431 ], [ 105.830986, 21.0208954 ], [ 105.8275674, 21.0264161 ], [ 105.8261858, 21.0299931 ], [ 105.8256498, 21.031761 ], [ 105.8256225, 21.0318746 ], [ 105.8267433, 21.0343099 ], [ 105.823096299999989, 21.0430757 ], [ 105.823222, 21.0436032 ], [ 105.8247218, 21.0424488 ], [ 105.8285905, 21.0410636 ], [ 105.8363039, 21.0440074 ], [ 105.835914299999985, 21.0526278 ] ] ] } },
{ "type": "Feature", "properties": { "threshold_s": "300", "time_label": "5 min drive" }, "geometry": { "type": "Polygon", "coordinates": [ [ [ 105.7938505, 21.0100126 ], [ 105.7935036, 21.0105444 ], [ 105.7943365, 21.0102796 ], [ 105.7949778, 21.0100491 ], [ 105.7953437, 21.0097815 ], [ 105.7968093, 21.0086027 ], [ 105.798126899999986, 21.0093354 ], [ 105.7993146, 21.0104976 ], [ 105.7994228, 21.0105902 ], [ 105.800564799999989, 21.0116311 ], [ 105.8011874, 21.0119471 ], [ 105.8032536, 21.0118782 ], [ 105.8038243, 21.0123675 ], [ 105.8048908, 21.0114872 ], [ 105.8046479, 21.0099789 ], [ 105.8046726, 21.0096398 ], [ 105.805341399999989, 21.0076337 ], [ 105.806700299999989, 21.0068397 ], [ 105.806824399999982, 21.0067137 ], [ 105.8070191, 21.0062683 ], [ 105.806894799999981, 21.0052618 ], [ 105.806988799999985, 21.0037853 ], [ 105.807011599999981, 21.0034512 ], [ 105.8060017, 21.0027345 ], [ 105.8058806, 21.0026384 ], [ 105.805804699999982, 21.0025808 ], [ 105.8037477, 21.0039009 ], [ 105.801894, 21.0032603 ], [ 105.8006883, 21.001738 ], [ 105.803644, 21.0010914 ], [ 105.8020453, 20.9999631 ], [ 105.8015778, 20.9984711 ], [ 105.8040869, 20.9973946 ], [ 105.800981799999988, 20.9969847 ], [ 105.8002289, 20.9969084 ], [ 105.79862559999998, 20.9976062 ], [ 105.797835, 20.9980607 ], [ 105.797691499999985, 20.9982203 ], [ 105.795963799999981, 20.9989184 ], [ 105.7950569, 20.9982233 ], [ 105.7958977, 21.0004443 ], [ 105.7961782, 21.0006617 ], [ 105.7942658, 21.0030488 ], [ 105.7952323, 21.0037605 ], [ 105.792721299999982, 21.0059212 ], [ 105.793491599999982, 21.0062728 ], [ 105.795342599999984, 21.007529 ], [ 105.7945565, 21.00919 ], [ 105.7938505, 21.0100126 ] ] ] } },
{ "type": "Feature", "properties": { "threshold_s": "600", "time_label": "10 min drive" }, "geometry": { "type": "Polygon", "coordinates": [ [ [ 105.7864023, 21.0171779 ], [ 105.7867914, 21.0188526 ], [ 105.78838, 21.0187434 ], [ 105.7926225, 21.0191739 ], [ 105.792965699999982, 21.0192261 ], [ 105.7954995, 21.0188203 ], [ 105.799750399999979, 21.0192064 ], [ 105.8010362, 21.0201792 ], [ 105.8017515, 21.020406 ], [ 105.8018031, 21.0203137 ], [ 105.8038896, 21.0185426 ], [ 105.8078754, 21.0200564 ], [ 105.808519499999989, 21.0201974 ], [ 105.8087031, 21.0196015 ], [ 105.8094024, 21.0155057 ], [ 105.814237, 21.0155163 ], [ 105.814929899999981, 21.0139064 ], [ 105.8160708, 21.0104471 ], [ 105.816321, 21.0061894 ], [ 105.814768299999983, 21.0063694 ], [ 105.8117191, 21.0028656 ], [ 105.811178499999983, 20.9998658 ], [ 105.8103759, 20.996621 ], [ 105.809529, 20.9955864 ], [ 105.806733599999987, 20.9941675 ], [ 105.805248, 20.9926706 ], [ 105.8044844, 20.9895284 ], [ 105.7996568, 20.9891354 ], [ 105.7972095, 20.9899087 ], [ 105.7937964, 20.9898664 ], [ 105.7910963, 20.9904794 ], [ 105.789428, 20.9924121 ], [ 105.78532079999998, 20.9919103 ], [ 105.7852402, 20.9920241 ], [ 105.786029199999987, 20.9965445 ], [ 105.785598799999988, 20.9980257 ], [ 105.782586699999982, 21.0027176 ], [ 105.78265540000001, 21.0027023 ], [ 105.782811700000011, 21.0026587 ], [ 105.7850597, 21.0021777 ], [ 105.789256599999987, 21.003581 ], [ 105.790268399999988, 21.0074236 ], [ 105.788717299999988, 21.0093097 ], [ 105.7868004, 21.0117028 ], [ 105.7862154, 21.0151354 ], [ 105.7864023, 21.0171779 ] ] ] } },
{ "type": "Feature", "properties": { "threshold_s": "900", "time_label": "15 min drive" }, "geometry": { "type": "Polygon", "coordinates": [ [ [ 105.7849225, 21.0242181 ], [ 105.7843605, 21.0258818 ], [ 105.78746, 21.0281025 ], [ 105.792486899999986, 21.0280313 ], [ 105.799663, 21.0275852 ], [ 105.8049193, 21.0278456 ], [ 105.8106065, 21.0265398 ], [ 105.812605099999985, 21.0298162 ], [ 105.812866, 21.0297957 ], [ 105.81385109999998, 21.0272941 ], [ 105.820237399999982, 21.023779 ], [ 105.820607599999988, 21.0227058 ], [ 105.8240572, 21.0171092 ], [ 105.8245191, 21.0155657 ], [ 105.8242748, 21.0092517 ], [ 105.822957099999982, 21.0066213 ], [ 105.8241532, 21.0018904 ], [ 105.8234333, 20.9999103 ], [ 105.8185945, 20.9996866 ], [ 105.8139974, 20.9985801 ], [ 105.8114354, 20.9968636 ], [ 105.810396399999988, 20.9907259 ], [ 105.813462499999986, 20.9862914 ], [ 105.8115972, 20.9798449 ], [ 105.8074205, 20.9805767 ], [ 105.805067599999987, 20.9815521 ], [ 105.798100399999981, 20.9820403 ], [ 105.7980401, 20.9821257 ], [ 105.7908205, 20.9827338 ], [ 105.790108, 20.9818069 ], [ 105.7898992, 20.9820119 ], [ 105.7884031, 20.9849095 ], [ 105.7881676, 20.9858034 ], [ 105.78490429999998, 20.9896581 ], [ 105.7805231, 20.9852545 ], [ 105.779400399999986, 20.9850361 ], [ 105.7790576, 20.9852499 ], [ 105.777643499999982, 20.9866488 ], [ 105.7775639, 20.9867327 ], [ 105.777601, 20.9921166 ], [ 105.777511299999986, 20.993552 ], [ 105.777797299999989, 20.9940176 ], [ 105.778632, 20.9952913 ], [ 105.77908979999998, 20.9960677 ], [ 105.7802089, 20.9980136 ], [ 105.777231699999987, 21.0041364 ], [ 105.7764318, 21.0042964 ], [ 105.77287, 21.0037687 ], [ 105.772822199999979, 21.0050869 ], [ 105.7770969, 21.0085531 ], [ 105.777923699999988, 21.0086651 ], [ 105.7793593, 21.0155211 ], [ 105.7781173, 21.0159072 ], [ 105.7778273, 21.0164823 ], [ 105.779546399999987, 21.0183829 ], [ 105.7812926, 21.0190509 ], [ 105.7849225, 21.0242181 ] ] ] } },
{ "type": "Feature", "properties": { "threshold_s": "300", "time_label": "5 min drive" }, "geometry": { "type": "Polygon", "coordinates": [ [ [ 105.770072199999987, 21.0200665 ], [ 105.7696709, 21.0218802 ], [ 105.7704229, 21.0219308 ], [ 105.7711799, 21.0204443 ], [ 105.773841, 21.0189416 ], [ 105.7754048, 21.0188542 ], [ 105.77548729999998, 21.0188399 ], [ 105.778520499999985, 21.0183861 ], [ 105.7807247, 21.0192201 ], [ 105.7843214, 21.0190777 ], [ 105.783598399999988, 21.0156847 ], [ 105.781464, 21.0147435 ], [ 105.7779471, 21.0141632 ], [ 105.778566500000011, 21.0102916 ], [ 105.776223, 21.0098138 ], [ 105.773423, 21.0097387 ], [ 105.7712683, 21.0117854 ], [ 105.768936599999989, 21.0151629 ], [ 105.771013399999987, 21.0182867 ], [ 105.770072199999987, 21.0200665 ] ] ] } },
{ "type": "Feature", "properties": { "threshold_s": "600", "time_label": "10 min drive" }, "geometry": { "type": "Polygon", "coordinates": [ [ [ 105.762151, 21.0230848 ], [ 105.760161699999983, 21.026054 ], [ 105.762595399999981, 21.0252716 ], [ 105.7666211, 21.0290602 ], [ 105.767187600000014, 21.0293219 ], [ 105.769045899999981, 21.0297729 ], [ 105.7694675, 21.0296261 ], [ 105.775385, 21.0299339 ], [ 105.780066, 21.0323896 ], [ 105.783705899999987, 21.0282181 ], [ 105.7883152, 21.0262422 ], [ 105.7919473, 21.0257926 ], [ 105.792539299999987, 21.0249285 ], [ 105.792066599999984, 21.0223365 ], [ 105.7927621, 21.0191284 ], [ 105.7927045, 21.018752 ], [ 105.791419599999983, 21.0130853 ], [ 105.7912707, 21.0111346 ], [ 105.790268399999988, 21.0074236 ], [ 105.788717299999988, 21.0093097 ], [ 105.783039299999984, 21.0089995 ], [ 105.77818, 21.005696 ], [ 105.778905, 21.0044907 ], [ 105.7793972, 21.0037043 ], [ 105.779503299999988, 21.0035166 ], [ 105.7795729, 21.0033601 ], [ 105.773880399999982, 21.0035708 ], [ 105.772818499999985, 21.0034659 ], [ 105.7706557, 21.0055121 ], [ 105.765931, 21.0065024 ], [ 105.76400959999998, 21.0067677 ], [ 105.7634275, 21.0070067 ], [ 105.765238, 21.0108684 ], [ 105.768694599999989, 21.0149199 ], [ 105.7671956, 21.0165248 ], [ 105.7666999, 21.017074 ], [ 105.7665758, 21.0173618 ], [ 105.7664541, 21.0181283 ], [ 105.766706200000016, 21.0204948 ], [ 105.762334699999982, 21.0230327 ], [ 105.762151, 21.0230848 ] ] ] } },
{ "type": "Feature", "properties": { "threshold_s": "900", "time_label": "15 min drive" }, "geometry": { "type": "Polygon", "coordinates": [ [ [ 105.756578299999987, 21.0288773 ], [ 105.7553919, 21.0322715 ], [ 105.7596387, 21.0344939 ], [ 105.767261199999979, 21.037941 ], [ 105.771668399999982, 21.0385164 ], [ 105.7720108, 21.0384125 ], [ 105.7721936, 21.0383636 ], [ 105.7750251, 21.0378724 ], [ 105.7812151, 21.0431395 ], [ 105.7811362, 21.0418407 ], [ 105.7867063, 21.0364598 ], [ 105.7879618, 21.0365313 ], [ 105.7898509, 21.0364114 ], [ 105.79426789999998, 21.0328237 ], [ 105.794641399999989, 21.0305549 ], [ 105.7983321, 21.0240783 ], [ 105.8018031, 21.0203137 ], [ 105.801889, 21.0143779 ], [ 105.7988016, 21.0085256 ], [ 105.797615899999983, 21.0054319 ], [ 105.7974424, 20.9996758 ], [ 105.797120199999981, 20.998951 ], [ 105.795963799999981, 20.9989184 ], [ 105.7924043, 21.000565 ], [ 105.785174799999979, 21.0018572 ], [ 105.7802089, 20.9980136 ], [ 105.77165669999998, 20.9978645 ], [ 105.7707189, 20.9965195 ], [ 105.7690241, 20.9940823 ], [ 105.7689261, 20.994171 ], [ 105.762958199999986, 20.9997724 ], [ 105.761852, 20.9998071 ], [ 105.7589111, 21.0010108 ], [ 105.7558906, 21.0080486 ], [ 105.7535641, 21.0088091 ], [ 105.7533249, 21.0088607 ], [ 105.757116599999989, 21.0106024 ], [ 105.7577216, 21.0109844 ], [ 105.7591771, 21.0118565 ], [ 105.7615731, 21.0114551 ], [ 105.7666999, 21.017074 ], [ 105.7622641, 21.0196614 ], [ 105.76206569999998, 21.0196613 ], [ 105.7588941, 21.0215077 ], [ 105.756578299999987, 21.0288773 ] ] ] } },
{ "type": "Feature", "properties": { "threshold_s": "300", "time_label": "5 min drive" }, "geometry": { "type": "Polygon", "coordinates": [ [ [ 105.9039974, 21.0683472 ], [ 105.9042375, 21.0686162 ], [ 105.905014, 21.0676088 ], [ 105.907223299999984, 21.067285 ], [ 105.907792700000016, 21.0678866 ], [ 105.9086758, 21.0689608 ], [ 105.9107255, 21.06836 ], [ 105.9108435, 21.0679321 ], [ 105.9111431, 21.0668458 ], [ 105.911257699999979, 21.0664303 ], [ 105.9113731, 21.0660121 ], [ 105.9126642, 21.065033 ], [ 105.9138468, 21.0653336 ], [ 105.9132385, 21.0644032 ], [ 105.9128651, 21.0643082 ], [ 105.9120579, 21.063529 ], [ 105.913484, 21.0619715 ], [ 105.9154132, 21.0617296 ], [ 105.914844099999982, 21.0602636 ], [ 105.9162818, 21.058832 ], [ 105.916692600000019, 21.0582697 ], [ 105.9167874, 21.0572879 ], [ 105.9167162, 21.0573592 ], [ 105.91639379999998, 21.0577002 ], [ 105.9158633, 21.0581014 ], [ 105.9148798, 21.0584708 ], [ 105.9135766, 21.0580225 ], [ 105.914549199999982, 21.0562707 ], [ 105.9145895, 21.0561839 ], [ 105.9144309, 21.0561043 ], [ 105.912758199999985, 21.0559101 ], [ 105.911037099999987, 21.0550489 ], [ 105.910247, 21.0540029 ], [ 105.9096729, 21.0537145 ], [ 105.9084856, 21.0537721 ], [ 105.908162, 21.0543456 ], [ 105.907926, 21.0547511 ], [ 105.9076946, 21.0552003 ], [ 105.905488099999985, 21.0552836 ], [ 105.9049469, 21.0540499 ], [ 105.9047982, 21.0539821 ], [ 105.904428899999985, 21.0538138 ], [ 105.9039733, 21.0539272 ], [ 105.9037142, 21.0540122 ], [ 105.9035297, 21.0543761 ], [ 105.9034945, 21.0555624 ], [ 105.9019856, 21.0565434 ], [ 105.9008968, 21.0561181 ], [ 105.9002127, 21.0580128 ], [ 105.900261199999989, 21.0583852 ], [ 105.901169899999985, 21.0593428 ], [ 105.9012937, 21.0594058 ], [ 105.9017665, 21.0615188 ], [ 105.9017001, 21.0615897 ], [ 105.9015444, 21.0618897 ], [ 105.9020012, 21.0619079 ], [ 105.902097899999987, 21.0618691 ], [ 105.9020404, 21.0612808 ], [ 105.9020083, 21.0591139 ], [ 105.903722799999983, 21.0583543 ], [ 105.9051345, 21.0586917 ], [ 105.906635499999979, 21.0596112 ], [ 105.9072749, 21.0606847 ], [ 105.9075584, 21.0614792 ], [ 105.9076069, 21.0615791 ], [ 105.908112, 21.0636902 ], [ 105.9078824, 21.0649907 ], [ 105.9077211, 21.0652141 ], [ 105.9068903, 21.0659131 ], [ 105.905067799999983, 21.0654708 ], [ 105.9045227, 21.0644313 ], [ 105.9044232, 21.0644672 ], [ 105.9042074, 21.064543 ], [ 105.903705, 21.0647043 ], [ 105.9016961, 21.0642319 ], [ 105.9012577, 21.065472 ], [ 105.9032774, 21.065903 ], [ 105.9038395, 21.066497 ], [ 105.9039974, 21.0683472 ] ] ] } },
{ "type": "Feature", "properties": { "threshold_s": "600", "time_label": "10 min drive" }, "geometry": { "type": "Polygon", "coordinates": [ [ [ 105.8969738, 21.0737153 ], [ 105.896679899999981, 21.0762657 ], [ 105.8973688, 21.0763596 ], [ 105.8993639, 21.0755187 ], [ 105.90139139999998, 21.0765484 ], [ 105.9027922, 21.0764806 ], [ 105.903009699999984, 21.07604 ], [ 105.90436219999998, 21.0744942 ], [ 105.9068257, 21.0757295 ], [ 105.9075875, 21.0764921 ], [ 105.90784450000001, 21.0749874 ], [ 105.9087223, 21.0728854 ], [ 105.9113051, 21.0706636 ], [ 105.9107255, 21.06836 ], [ 105.9108435, 21.0679321 ], [ 105.9111431, 21.0668458 ], [ 105.9138468, 21.0653336 ], [ 105.9146964, 21.0655496 ], [ 105.9150707, 21.0656448 ], [ 105.916263699999988, 21.0659481 ], [ 105.91753970000002, 21.0684464 ], [ 105.916923499999982, 21.0693622 ], [ 105.9167924, 21.0703742 ], [ 105.9160295, 21.071745 ], [ 105.914409, 21.074401 ], [ 105.9171553, 21.0722376 ], [ 105.9191528, 21.0701208 ], [ 105.919139499999986, 21.0683346 ], [ 105.9179433, 21.0663751 ], [ 105.9190238, 21.064671 ], [ 105.9207025, 21.0642711 ], [ 105.922104499999989, 21.0646928 ], [ 105.9230349, 21.0624031 ], [ 105.924877699999982, 21.0619993 ], [ 105.9233585, 21.0616068 ], [ 105.9247236, 21.0582194 ], [ 105.9230427, 21.0581603 ], [ 105.920851099999979, 21.0566068 ], [ 105.919221899999982, 21.0561139 ], [ 105.9203147, 21.0528808 ], [ 105.9225509, 21.0533322 ], [ 105.9238889, 21.0522471 ], [ 105.924249, 21.0518856 ], [ 105.9234107, 21.0503006 ], [ 105.921127, 21.0492486 ], [ 105.9188062, 21.0484174 ], [ 105.9169027, 21.0468661 ], [ 105.9168198, 21.0476514 ], [ 105.9167889, 21.0479981 ], [ 105.913145, 21.048381 ], [ 105.9117256, 21.0473484 ], [ 105.9106052, 21.0462827 ], [ 105.910457699999981, 21.0462209 ], [ 105.907483, 21.0452983 ], [ 105.9047721, 21.0452293 ], [ 105.9020385, 21.0463654 ], [ 105.9002853, 21.0474028 ], [ 105.899390199999985, 21.0484601 ], [ 105.8962099, 21.0487705 ], [ 105.8951382, 21.0503374 ], [ 105.895773, 21.0519032 ], [ 105.8948156, 21.0540245 ], [ 105.89230929999998, 21.0545765 ], [ 105.8915407, 21.0557281 ], [ 105.8918411, 21.0586443 ], [ 105.8923845, 21.0596104 ], [ 105.8930484, 21.0605377 ], [ 105.8932471, 21.0631636 ], [ 105.8935548, 21.0651464 ], [ 105.8958207, 21.0668842 ], [ 105.8955976, 21.0696485 ], [ 105.8961364, 21.0702146 ], [ 105.8967446, 21.0708538 ], [ 105.8969738, 21.0737153 ] ] ] } },
{ "type": "Feature", "properties": { "threshold_s": "900", "time_label": "15 min drive" }, "geometry": { "type": "Polygon", "coordinates": [ [ [ 105.886722399999982, 21.0726719 ], [ 105.888289599999979, 21.0752651 ], [ 105.8950308, 21.0763228 ], [ 105.898644499999989, 21.0769878 ], [ 105.9064976, 21.0801491 ], [ 105.9073911, 21.080925 ], [ 105.911549899999983, 21.0840194 ], [ 105.916255899999982, 21.0843071 ], [ 105.917482299999989, 21.0809843 ], [ 105.9175922, 21.080672 ], [ 105.920892499999979, 21.0729392 ], [ 105.9248684, 21.0684054 ], [ 105.9258135, 21.066384 ], [ 105.9298183, 21.0594854 ], [ 105.9305024, 21.0587947 ], [ 105.9316778, 21.0538847 ], [ 105.931230499999984, 21.045937 ], [ 105.928343399999989, 21.0406612 ], [ 105.927948799999982, 21.0400249 ], [ 105.922100799999981, 21.0380405 ], [ 105.9200577, 21.0381713 ], [ 105.9127753, 21.0363185 ], [ 105.9106948, 21.0353669 ], [ 105.9022441, 21.0364882 ], [ 105.8985775, 21.038429 ], [ 105.8978931, 21.0393738 ], [ 105.8951291, 21.0452643 ], [ 105.895041, 21.0454002 ], [ 105.8933262, 21.0475664 ], [ 105.884739599999989, 21.0507516 ], [ 105.8846079, 21.0508208 ], [ 105.884385099999989, 21.0544904 ], [ 105.8845604, 21.05652 ], [ 105.884642200000016, 21.0578536 ], [ 105.8847394, 21.0582911 ], [ 105.886250599999983, 21.0623977 ], [ 105.8844325, 21.0669751 ], [ 105.885011399999982, 21.06858 ], [ 105.886722399999982, 21.0726719 ] ] ] } },
{ "type": "Feature", "properties": { "threshold_s": "300", "time_label": "5 min drive" }, "geometry": { "type": "Polygon", "coordinates": [ [ [ 105.849608599999982, 21.0398489 ], [ 105.849692, 21.0416741 ], [ 105.850356799999986, 21.0411413 ], [ 105.8532054, 21.0410502 ], [ 105.8539648, 21.0399026 ], [ 105.8552544, 21.038343 ], [ 105.8559408, 21.0375631 ], [ 105.8559647, 21.0363109 ], [ 105.856505, 21.0347543 ], [ 105.8588286, 21.0330955 ], [ 105.859561899999989, 21.032523 ], [ 105.861271699999989, 21.0304235 ], [ 105.8613337, 21.0288933 ], [ 105.8603817, 21.0291546 ], [ 105.8581333, 21.0279368 ], [ 105.8588605, 21.0264696 ], [ 105.8602138, 21.0257388 ], [ 105.860299, 21.0256005 ], [ 105.86021479999998, 21.024606 ], [ 105.858269399999983, 21.0246894 ], [ 105.85825819999998, 21.024727 ], [ 105.8564625, 21.025904 ], [ 105.8551509, 21.0249161 ], [ 105.8545573, 21.025672 ], [ 105.8535709, 21.0273332 ], [ 105.853811899999982, 21.0288128 ], [ 105.853889, 21.0303709 ], [ 105.8510791, 21.0304701 ], [ 105.850585599999988, 21.0291892 ], [ 105.8501894, 21.0298974 ], [ 105.8474725, 21.0304548 ], [ 105.845974500000011, 21.0317052 ], [ 105.8455033, 21.033579 ], [ 105.8449379, 21.0348636 ], [ 105.8470901, 21.0365581 ], [ 105.8479192, 21.0377886 ], [ 105.8481044, 21.0392503 ], [ 105.849608599999982, 21.0398489 ] ] ] } },
{ "type": "Feature", "properties": { "threshold_s": "600", "time_label": "10 min drive" }, "geometry": { "type": "Polygon", "coordinates": [ [ [ 105.8401771, 21.0433484 ], [ 105.841624, 21.0490301 ], [ 105.8481324, 21.0481674 ], [ 105.8492648, 21.0462351 ], [ 105.850106499999981, 21.0449387 ], [ 105.8532054, 21.0410502 ], [ 105.8539648, 21.0399026 ], [ 105.8552544, 21.038343 ], [ 105.8559408, 21.0375631 ], [ 105.8580411, 21.033791 ], [ 105.8588286, 21.0330955 ], [ 105.859561899999989, 21.032523 ], [ 105.8654306, 21.0378592 ], [ 105.865565599999982, 21.0396641 ], [ 105.865384399999982, 21.0405012 ], [ 105.8654574, 21.0407182 ], [ 105.867414899999986, 21.0403182 ], [ 105.867557199999979, 21.0399065 ], [ 105.8675851, 21.0384081 ], [ 105.8673477, 21.0381365 ], [ 105.866810799999982, 21.0376376 ], [ 105.861271699999989, 21.0304235 ], [ 105.8613337, 21.0288933 ], [ 105.861773199999988, 21.025698 ], [ 105.8620378, 21.0248247 ], [ 105.86210149999998, 21.0246067 ], [ 105.863899, 21.018973 ], [ 105.864448899999985, 21.0179396 ], [ 105.863748199999989, 21.0177798 ], [ 105.8575245, 21.0165817 ], [ 105.856344399999983, 21.0159717 ], [ 105.855307499999981, 21.0154971 ], [ 105.853255, 21.0147894 ], [ 105.852267399999988, 21.0152083 ], [ 105.850354399999986, 21.0169123 ], [ 105.8479737, 21.0200887 ], [ 105.845411900000016, 21.0229745 ], [ 105.841464500000015, 21.024215 ], [ 105.839705899999984, 21.0250751 ], [ 105.8385407, 21.0267578 ], [ 105.838567399999988, 21.0304156 ], [ 105.8386072, 21.0311749 ], [ 105.8389488, 21.0328868 ], [ 105.840804, 21.0342079 ], [ 105.840904899999984, 21.0341906 ], [ 105.8454918, 21.0375308 ], [ 105.8420285, 21.0406404 ], [ 105.841936899999979, 21.0406599 ], [ 105.8410772, 21.0408157 ], [ 105.84, 21.0410016 ], [ 105.8401771, 21.0433484 ] ] ] } },
{ "type": "Feature", "properties": { "threshold_s": "900", "time_label": "15 min drive" }, "geometry": { "type": "Polygon", "coordinates": [ [ [ 105.835914299999985, 21.0526278 ], [ 105.8359029, 21.0567171 ], [ 105.835981499999988, 21.0567613 ], [ 105.8363703, 21.0569683 ], [ 105.8424942, 21.0566574 ], [ 105.8431225, 21.0562568 ], [ 105.8443236, 21.0542526 ], [ 105.8481324, 21.0481674 ], [ 105.8492648, 21.0462351 ], [ 105.850106499999981, 21.0449387 ], [ 105.8532054, 21.0410502 ], [ 105.8539648, 21.0399026 ], [ 105.8552544, 21.038343 ], [ 105.8559408, 21.0375631 ], [ 105.8580411, 21.033791 ], [ 105.8588286, 21.0330955 ], [ 105.859561899999989, 21.032523 ], [ 105.866446499999981, 21.0358959 ], [ 105.8654306, 21.0378592 ], [ 105.8652272, 21.0404883 ], [ 105.8645302, 21.0425052 ], [ 105.8645845, 21.0429123 ], [ 105.8644483, 21.0456788 ], [ 105.8643728, 21.050685 ], [ 105.870636, 21.0482143 ], [ 105.877593899999979, 21.0464868 ], [ 105.8774005, 21.0458993 ], [ 105.8771305, 21.0452164 ], [ 105.8757231, 21.0403446 ], [ 105.8762219, 21.0374923 ], [ 105.877210599999984, 21.033413 ], [ 105.876977399999987, 21.0329215 ], [ 105.876701, 21.0326932 ], [ 105.8728034, 21.0312449 ], [ 105.8721804, 21.0309784 ], [ 105.8717063, 21.0309165 ], [ 105.8691818, 21.0308484 ], [ 105.861271699999989, 21.0304235 ], [ 105.8613337, 21.0288933 ], [ 105.861773199999988, 21.025698 ], [ 105.8620378, 21.0248247 ], [ 105.86210149999998, 21.0246067 ], [ 105.863899, 21.018973 ], [ 105.864448899999985, 21.0179396 ], [ 105.865231599999987, 21.0153725 ], [ 105.8655468, 21.0144409 ], [ 105.8680303, 21.0100022 ], [ 105.866515899999982, 21.0078988 ], [ 105.860888599999981, 21.006907 ], [ 105.8546881, 21.0087332 ], [ 105.8523093, 21.0071934 ], [ 105.851691599999981, 21.0066964 ], [ 105.8512375, 21.0063684 ], [ 105.847775899999988, 21.0083897 ], [ 105.8463087, 21.0126788 ], [ 105.8414099, 21.0174645 ], [ 105.8372522, 21.018501 ], [ 105.833795699999982, 21.0192431 ], [ 105.832154499999987, 21.0234448 ], [ 105.830492399999983, 21.0270872 ], [ 105.8269784, 21.0321598 ], [ 105.8270189, 21.0323507 ], [ 105.828823, 21.0325515 ], [ 105.8317055, 21.0344357 ], [ 105.828956799999986, 21.040745 ], [ 105.8285905, 21.0410636 ], [ 105.8351095, 21.0426739 ], [ 105.8363039, 21.0440074 ], [ 105.838508299999987, 21.0487951 ], [ 105.835914299999985, 21.0526278 ] ] ] } },
{ "type": "Feature", "properties": { "threshold_s": "300", "time_label": "5 min drive" }, "geometry": { "type": "Polygon", "coordinates": [ [ [ 105.732135699999986, 21.0094235 ], [ 105.732460399999979, 21.0099631 ], [ 105.732613599999979, 21.0093984 ], [ 105.7341681, 21.008149 ], [ 105.7357459, 21.0081237 ], [ 105.736902699999987, 21.009829 ], [ 105.737669899999986, 21.0093593 ], [ 105.7390231, 21.0072675 ], [ 105.738396699999981, 21.0056804 ], [ 105.7407615, 21.0048413 ], [ 105.7409848, 21.0048015 ], [ 105.741548899999984, 21.0046447 ], [ 105.7440155, 21.0089986 ], [ 105.744094200000021, 21.009271 ], [ 105.744621199999983, 21.0093632 ], [ 105.745822499999989, 21.0092213 ], [ 105.746884599999987, 21.0090642 ], [ 105.7421365, 21.0045049 ], [ 105.7404643, 21.0028289 ], [ 105.740734099999983, 21.0046855 ], [ 105.7383139, 21.0054738 ], [ 105.7376544, 21.0037914 ], [ 105.7370046, 21.0021001 ], [ 105.736705799999982, 21.0013251 ], [ 105.7347165, 21.0008438 ], [ 105.7338056, 21.0006038 ], [ 105.7326648, 21.0026368 ], [ 105.7318887, 21.0033703 ], [ 105.7310173, 21.0052296 ], [ 105.7309849, 21.0053368 ], [ 105.731635499999982, 21.0077621 ], [ 105.732135699999986, 21.0094235 ] ] ] } },
{ "type": "Feature", "properties": { "threshold_s": "600", "time_label": "10 min drive" }, "geometry": { "type": "Polygon", "coordinates": [ [ [ 105.7202276, 21.008255 ], [ 105.720448799999986, 21.0089544 ], [ 105.7226535, 21.0105576 ], [ 105.7259868, 21.0113152 ], [ 105.7310343, 21.0100493 ], [ 105.732460399999979, 21.0099631 ], [ 105.7365187, 21.0098496 ], [ 105.7388069, 21.0105284 ], [ 105.7408413, 21.0112248 ], [ 105.7469027, 21.0118648 ], [ 105.7500733, 21.0094849 ], [ 105.7533249, 21.0088607 ], [ 105.756886599999987, 21.007439 ], [ 105.7573238, 21.0070316 ], [ 105.7558466, 21.0073405 ], [ 105.7512158, 21.0063132 ], [ 105.750561499999989, 21.0018566 ], [ 105.7462972, 21.0045169 ], [ 105.7404643, 21.0028289 ], [ 105.7405098, 20.9991565 ], [ 105.7405501, 20.9990177 ], [ 105.741413199999982, 20.9961415 ], [ 105.7412619, 20.9961002 ], [ 105.7358571, 20.9933621 ], [ 105.7356994, 20.993321 ], [ 105.7298657, 20.9953626 ], [ 105.7297362, 20.9953614 ], [ 105.728063099999986, 20.9990322 ], [ 105.723866499999986, 21.0002187 ], [ 105.720445699999985, 21.0007047 ], [ 105.719058, 21.0017086 ], [ 105.719002599999982, 21.0030059 ], [ 105.7190493, 21.0034333 ], [ 105.7202276, 21.008255 ] ] ] } },
{ "type": "Feature", "properties": { "threshold_s": "900", "time_label": "15 min drive" }, "geometry": { "type": "Polygon", "coordinates": [ [ [ 105.7145115, 21.0112451 ], [ 105.7172921, 21.0158045 ], [ 105.721015799999989, 21.0189015 ], [ 105.7242872, 21.01553 ], [ 105.7296432, 21.0110654 ], [ 105.732460399999979, 21.0099631 ], [ 105.7365187, 21.0098496 ], [ 105.739342, 21.0160189 ], [ 105.739132, 21.0165043 ], [ 105.7439226, 21.0192486 ], [ 105.7440711, 21.0192972 ], [ 105.7497704, 21.0185986 ], [ 105.7481528, 21.0167919 ], [ 105.7472121, 21.0120294 ], [ 105.7500733, 21.0094849 ], [ 105.7533249, 21.0088607 ], [ 105.757116599999989, 21.0106024 ], [ 105.7577216, 21.0109844 ], [ 105.7630178, 21.0097696 ], [ 105.7671446, 21.0048687 ], [ 105.7669424, 21.0045431 ], [ 105.761552, 21.0021249 ], [ 105.7569286, 20.9998322 ], [ 105.755908399999981, 20.9955275 ], [ 105.752811899999983, 20.9956532 ], [ 105.747720199999989, 20.9962222 ], [ 105.746207199999986, 20.9957946 ], [ 105.746127499999986, 20.9957933 ], [ 105.7441695, 20.9955352 ], [ 105.743525, 20.9883321 ], [ 105.74147739999998, 20.9849511 ], [ 105.740901, 20.9838963 ], [ 105.740747, 20.9838179 ], [ 105.740463099999985, 20.9836793 ], [ 105.739991, 20.9834627 ], [ 105.7381172, 20.9843495 ], [ 105.730873799999983, 20.9839346 ], [ 105.7302587, 20.984108 ], [ 105.7306202, 20.9850194 ], [ 105.7290873, 20.9898242 ], [ 105.724738099999982, 20.9900468 ], [ 105.7238487, 20.9897969 ], [ 105.722453500000015, 20.9894684 ], [ 105.7243841, 20.9950312 ], [ 105.7213604, 20.9968419 ], [ 105.7185004, 20.9970844 ], [ 105.7155663, 20.9963606 ], [ 105.7107302, 20.9976084 ], [ 105.709324899999984, 20.9984561 ], [ 105.709227299999981, 20.9989718 ], [ 105.7086425, 21.0028809 ], [ 105.7096457, 21.0074104 ], [ 105.710327100000015, 21.00822 ], [ 105.711955499999988, 21.0097827 ], [ 105.7145115, 21.0112451 ] ] ] } },
{ "type": "Feature", "properties": { "threshold_s": "300", "time_label": "5 min drive" }, "geometry": { "type": "Polygon", "coordinates": [ [ [ 105.8454918, 21.0375308 ], [ 105.8471661, 21.0403179 ], [ 105.8492253, 21.0404711 ], [ 105.8502396, 21.0404039 ], [ 105.851149600000014, 21.0394834 ], [ 105.8535585, 21.0372254 ], [ 105.853879400000011, 21.0368754 ], [ 105.8546701, 21.035414 ], [ 105.8552948, 21.0346717 ], [ 105.8565389, 21.033051 ], [ 105.8588286, 21.0330955 ], [ 105.859561899999989, 21.032523 ], [ 105.8585383, 21.0299404 ], [ 105.8581333, 21.0279368 ], [ 105.8555511, 21.0261522 ], [ 105.8544024, 21.0251211 ], [ 105.851322199999984, 21.0247186 ], [ 105.850098599999981, 21.0263959 ], [ 105.8474105, 21.0258729 ], [ 105.8454267, 21.0257694 ], [ 105.843603699999989, 21.0264842 ], [ 105.8415518, 21.0276316 ], [ 105.8415987, 21.0301523 ], [ 105.8428205, 21.0303654 ], [ 105.8452826, 21.0324584 ], [ 105.8447768, 21.0340917 ], [ 105.8449379, 21.0348636 ], [ 105.8454918, 21.0375308 ] ] ] } },
{ "type": "Feature", "properties": { "threshold_s": "600", "time_label": "10 min drive" }, "geometry": { "type": "Polygon", "coordinates": [ [ [ 105.838000199999982, 21.0413454 ], [ 105.836316, 21.042721 ], [ 105.838064499999987, 21.0427637 ], [ 105.8401771, 21.0433484 ], [ 105.840307699999983, 21.0458038 ], [ 105.84031760000002, 21.0464223 ], [ 105.8420736, 21.0478426 ], [ 105.8438635, 21.0467884 ], [ 105.8464956, 21.0461629 ], [ 105.8492648, 21.0462351 ], [ 105.850106499999981, 21.0449387 ], [ 105.8513591, 21.04259 ], [ 105.8532054, 21.0410502 ], [ 105.8539648, 21.0399026 ], [ 105.8552544, 21.038343 ], [ 105.8559408, 21.0375631 ], [ 105.8559647, 21.0363109 ], [ 105.8580411, 21.033791 ], [ 105.8588286, 21.0330955 ], [ 105.859561899999989, 21.032523 ], [ 105.861271699999989, 21.0304235 ], [ 105.8613337, 21.0288933 ], [ 105.861773199999988, 21.025698 ], [ 105.8620378, 21.0248247 ], [ 105.86210149999998, 21.0246067 ], [ 105.8607254, 21.0240373 ], [ 105.8598823, 21.0218612 ], [ 105.862065, 21.0195265 ], [ 105.861804899999981, 21.0185343 ], [ 105.8597317, 21.0187694 ], [ 105.8583461, 21.0169388 ], [ 105.8556233, 21.0172861 ], [ 105.8531376, 21.0152821 ], [ 105.851557799999981, 21.0151545 ], [ 105.849150399999985, 21.0133873 ], [ 105.847263, 21.0153508 ], [ 105.846956799999987, 21.0171098 ], [ 105.844269199999985, 21.017305 ], [ 105.8435857, 21.0172651 ], [ 105.8414099, 21.0174645 ], [ 105.8394154, 21.0189573 ], [ 105.8375214, 21.02013 ], [ 105.8368905, 21.022215 ], [ 105.8376116, 21.0232408 ], [ 105.8380997, 21.0259862 ], [ 105.8357768, 21.0272036 ], [ 105.833379799999989, 21.0259305 ], [ 105.8330833, 21.0252794 ], [ 105.8330075, 21.0253066 ], [ 105.832603, 21.0262411 ], [ 105.8318088, 21.0286941 ], [ 105.831823799999981, 21.0287574 ], [ 105.8319699, 21.029207 ], [ 105.8327536, 21.0313977 ], [ 105.8313025, 21.0325661 ], [ 105.8311704, 21.0325889 ], [ 105.831352, 21.0329976 ], [ 105.83272119999998, 21.034424 ], [ 105.833620399999987, 21.0342652 ], [ 105.8363518, 21.0356501 ], [ 105.8367548, 21.0351557 ], [ 105.836976299999989, 21.0349265 ], [ 105.8381949, 21.0336649 ], [ 105.840804, 21.0342079 ], [ 105.840904899999984, 21.0341906 ], [ 105.843290199999984, 21.0323602 ], [ 105.8447768, 21.0340917 ], [ 105.8449379, 21.0348636 ], [ 105.8454918, 21.0375308 ], [ 105.843830299999979, 21.0403251 ], [ 105.8420285, 21.0406404 ], [ 105.8397245, 21.0384477 ], [ 105.839639700000021, 21.0384598 ], [ 105.8392334, 21.0385243 ], [ 105.838000199999982, 21.0413454 ] ] ] } },
{ "type": "Feature", "properties": { "threshold_s": "900", "time_label": "15 min drive" }, "geometry": { "type": "Polygon", "coordinates": [ [ [ 105.8363039, 21.0440074 ], [ 105.835914299999985, 21.0526278 ], [ 105.8395775, 21.0554078 ], [ 105.840919299999982, 21.0557136 ], [ 105.841105099999979, 21.0557457 ], [ 105.8443236, 21.0542526 ], [ 105.8481324, 21.0481674 ], [ 105.8492648, 21.0462351 ], [ 105.850106499999981, 21.0449387 ], [ 105.8532054, 21.0410502 ], [ 105.8539648, 21.0399026 ], [ 105.8552544, 21.038343 ], [ 105.8645302, 21.0425052 ], [ 105.8645845, 21.0429123 ], [ 105.8644483, 21.0456788 ], [ 105.865506699999983, 21.047481 ], [ 105.8739517, 21.0446976 ], [ 105.872379699999982, 21.0381393 ], [ 105.873858699999985, 21.0346581 ], [ 105.8708277, 21.0324059 ], [ 105.8683511, 21.0322908 ], [ 105.86210149999998, 21.0246067 ], [ 105.863899, 21.018973 ], [ 105.864448899999985, 21.0179396 ], [ 105.865231599999987, 21.0153725 ], [ 105.8655468, 21.0144409 ], [ 105.8657318, 21.0120932 ], [ 105.8662889, 21.0082262 ], [ 105.860795, 21.0076553 ], [ 105.8510544, 21.0044032 ], [ 105.8504813, 21.0044425 ], [ 105.8413113, 21.0063215 ], [ 105.8407724, 21.0079662 ], [ 105.8410532, 21.0107455 ], [ 105.8372522, 21.018501 ], [ 105.8309465, 21.0170993 ], [ 105.8290405, 21.016959 ], [ 105.8289753, 21.016992 ], [ 105.825887899999984, 21.0213994 ], [ 105.824814299999986, 21.0276475 ], [ 105.8202169, 21.0311016 ], [ 105.821467899999988, 21.0351968 ], [ 105.826639699999987, 21.0413859 ], [ 105.8285905, 21.0410636 ], [ 105.8363039, 21.0440074 ] ] ] } },
{ "type": "Feature", "properties": { "threshold_s": "300", "time_label": "5 min drive" }, "geometry": { "type": "Polygon", "coordinates": [ [ [ 105.8454121, 21.0400507 ], [ 105.8446083, 21.0412085 ], [ 105.8472071, 21.0419565 ], [ 105.8482371, 21.042392 ], [ 105.8499291, 21.0406957 ], [ 105.8512049, 21.039884 ], [ 105.8515241, 21.0390352 ], [ 105.852869699999985, 21.0375029 ], [ 105.8534407, 21.0371391 ], [ 105.853756099999984, 21.0368066 ], [ 105.8546701, 21.035414 ], [ 105.8547385, 21.0352913 ], [ 105.855330399999986, 21.0338854 ], [ 105.8559161, 21.032665 ], [ 105.8545659, 21.0314536 ], [ 105.8539092, 21.0313985 ], [ 105.853111199999987, 21.0316465 ], [ 105.8510791, 21.0304701 ], [ 105.8511617, 21.0278966 ], [ 105.8495631, 21.0288558 ], [ 105.8494419, 21.0291799 ], [ 105.8491746, 21.029779 ], [ 105.8464, 21.0291195 ], [ 105.845987099999988, 21.0275442 ], [ 105.84686929999998, 21.0260006 ], [ 105.8450233, 21.0265514 ], [ 105.8437592, 21.0269191 ], [ 105.8426329, 21.0278385 ], [ 105.842570599999988, 21.0292003 ], [ 105.841431199999988, 21.0306338 ], [ 105.840682299999983, 21.0328473 ], [ 105.843290199999984, 21.0323602 ], [ 105.8447768, 21.0340917 ], [ 105.8449379, 21.0348636 ], [ 105.8454918, 21.0375308 ], [ 105.8454121, 21.0400507 ] ] ] } },
{ "type": "Feature", "properties": { "threshold_s": "600", "time_label": "10 min drive" }, "geometry": { "type": "Polygon", "coordinates": [ [ [ 105.8351095, 21.0426739 ], [ 105.8363039, 21.0440074 ], [ 105.84031760000002, 21.0464223 ], [ 105.841624, 21.0490301 ], [ 105.8481324, 21.0481674 ], [ 105.8492648, 21.0462351 ], [ 105.8532054, 21.0410502 ], [ 105.8559408, 21.0375631 ], [ 105.859561899999989, 21.032523 ], [ 105.861271699999989, 21.0304235 ], [ 105.861773199999988, 21.025698 ], [ 105.8607254, 21.0240373 ], [ 105.8580477, 21.0211556 ], [ 105.8572955, 21.0206445 ], [ 105.8532227, 21.0191659 ], [ 105.849252299999989, 21.0169984 ], [ 105.8435857, 21.0172651 ], [ 105.8414099, 21.0174645 ], [ 105.8377091, 21.0200259 ], [ 105.8368905, 21.022215 ], [ 105.833308499999987, 21.0259561 ], [ 105.832633099999981, 21.0283721 ], [ 105.830216, 21.0321081 ], [ 105.8317055, 21.0344357 ], [ 105.83272119999998, 21.034424 ], [ 105.837023599999981, 21.0388764 ], [ 105.835097299999987, 21.0418506 ], [ 105.8351095, 21.0426739 ] ] ] } },
{ "type": "Feature", "properties": { "threshold_s": "900", "time_label": "15 min drive" }, "geometry": { "type": "Polygon", "coordinates": [ [ [ 105.835914299999985, 21.0526278 ], [ 105.8359029, 21.0567171 ], [ 105.835981499999988, 21.0567613 ], [ 105.8363703, 21.0569683 ], [ 105.8412143, 21.0575768 ], [ 105.8431225, 21.0562568 ], [ 105.8443236, 21.0542526 ], [ 105.8481324, 21.0481674 ], [ 105.8492648, 21.0462351 ], [ 105.850106499999981, 21.0449387 ], [ 105.8532054, 21.0410502 ], [ 105.8539648, 21.0399026 ], [ 105.8552544, 21.038343 ], [ 105.8559408, 21.0375631 ], [ 105.8645302, 21.0425052 ], [ 105.8645845, 21.0429123 ], [ 105.8647652, 21.0430675 ], [ 105.865444, 21.0433917 ], [ 105.8657297, 21.0435362 ], [ 105.8715437, 21.0431633 ], [ 105.870872299999988, 21.0371756 ], [ 105.8688705, 21.0342946 ], [ 105.8613337, 21.0288933 ], [ 105.861773199999988, 21.025698 ], [ 105.8620378, 21.0248247 ], [ 105.86210149999998, 21.0246067 ], [ 105.863899, 21.018973 ], [ 105.864448899999985, 21.0179396 ], [ 105.863243899999986, 21.0130353 ], [ 105.8599639, 21.0106306 ], [ 105.8506448, 21.0078411 ], [ 105.8413254, 21.007045 ], [ 105.8407724, 21.0079662 ], [ 105.8410532, 21.0107455 ], [ 105.8372522, 21.018501 ], [ 105.8309465, 21.0170993 ], [ 105.8290405, 21.016959 ], [ 105.8289753, 21.016992 ], [ 105.828375799999989, 21.018124 ], [ 105.826251, 21.022117 ], [ 105.824814299999986, 21.0276475 ], [ 105.8202169, 21.0311016 ], [ 105.820262, 21.0352954 ], [ 105.8247218, 21.0424488 ], [ 105.8285905, 21.0410636 ], [ 105.8363039, 21.0440074 ], [ 105.835914299999985, 21.0526278 ] ] ] } },
{ "type": "Feature", "properties": { "threshold_s": "300", "time_label": "5 min drive" }, "geometry": { "type": "Polygon", "coordinates": [ [ [ 105.819147699999988, 21.0746625 ], [ 105.8187864, 21.0750424 ], [ 105.8188372, 21.0750797 ], [ 105.8191833, 21.0746916 ], [ 105.8215213, 21.074802 ], [ 105.821857099999988, 21.0763553 ], [ 105.8221015, 21.0765014 ], [ 105.82284319999998, 21.0758682 ], [ 105.8246076, 21.0748029 ], [ 105.826889699999981, 21.0742817 ], [ 105.827345399999984, 21.0738397 ], [ 105.8290271, 21.0726398 ], [ 105.8292492, 21.0722103 ], [ 105.83081869999998, 21.0704346 ], [ 105.8315554, 21.0680995 ], [ 105.832018, 21.0675052 ], [ 105.8318382, 21.0665497 ], [ 105.831849199999979, 21.0655135 ], [ 105.8333885, 21.0636568 ], [ 105.8325547, 21.0614855 ], [ 105.8329185, 21.0609307 ], [ 105.832837899999987, 21.0608721 ], [ 105.831838, 21.0610843 ], [ 105.8318571, 21.0612589 ], [ 105.8320883, 21.0627856 ], [ 105.829448, 21.0628147 ], [ 105.8293449, 21.0627201 ], [ 105.829119500000019, 21.0645152 ], [ 105.8276535, 21.0650398 ], [ 105.826243099999985, 21.0642614 ], [ 105.8261068, 21.0629845 ], [ 105.826293799999988, 21.0625528 ], [ 105.8261921, 21.0612048 ], [ 105.824286499999985, 21.0622978 ], [ 105.8225334, 21.0633438 ], [ 105.8213548, 21.0622598 ], [ 105.8209989, 21.0621614 ], [ 105.8210202, 21.0626814 ], [ 105.821765299999981, 21.0651393 ], [ 105.8199638, 21.0665025 ], [ 105.819245, 21.0667666 ], [ 105.8193864, 21.0672773 ], [ 105.8206155, 21.0674371 ], [ 105.8223804, 21.0679662 ], [ 105.8224138, 21.0679825 ], [ 105.8241143, 21.0690826 ], [ 105.8242285, 21.069144 ], [ 105.8260165, 21.0705868 ], [ 105.8256411, 21.0729142 ], [ 105.82145, 21.0727569 ], [ 105.8213389, 21.0727396 ], [ 105.8197134, 21.0740943 ], [ 105.819147699999988, 21.0746625 ] ] ] } },
{ "type": "Feature", "properties": { "threshold_s": "600", "time_label": "10 min drive" }, "geometry": { "type": "Polygon", "coordinates": [ [ [ 105.8154037, 21.0815297 ], [ 105.8163747, 21.0856066 ], [ 105.8216434, 21.0832042 ], [ 105.822218299999989, 21.082718 ], [ 105.8240937, 21.0778059 ], [ 105.8253094, 21.0758282 ], [ 105.826889699999981, 21.0742817 ], [ 105.8324816, 21.0774658 ], [ 105.831623099999987, 21.0786732 ], [ 105.8314745, 21.0788741 ], [ 105.8316711, 21.0793161 ], [ 105.8320226, 21.0815984 ], [ 105.8360514, 21.0785898 ], [ 105.8368812, 21.0776944 ], [ 105.8345935, 21.077639 ], [ 105.832833, 21.0769895 ], [ 105.8292492, 21.0722103 ], [ 105.83081869999998, 21.0704346 ], [ 105.833167299999985, 21.0696651 ], [ 105.83456409999998, 21.0684068 ], [ 105.8350823, 21.0674844 ], [ 105.837913199999988, 21.0640415 ], [ 105.8392422, 21.0589809 ], [ 105.839712899999981, 21.05716 ], [ 105.8395894, 21.0564418 ], [ 105.8387138, 21.0521127 ], [ 105.8385757, 21.0521229 ], [ 105.837592, 21.0525554 ], [ 105.8337692, 21.0561987 ], [ 105.8330831, 21.0565613 ], [ 105.832645699999986, 21.0568351 ], [ 105.8324125, 21.0582621 ], [ 105.8317713, 21.0608811 ], [ 105.8261921, 21.0612048 ], [ 105.8230532, 21.0569821 ], [ 105.8208852, 21.0546983 ], [ 105.820405799999989, 21.0550064 ], [ 105.820428099999987, 21.0568115 ], [ 105.8209989, 21.0621614 ], [ 105.819245, 21.0667666 ], [ 105.8193864, 21.0672773 ], [ 105.8213389, 21.0727396 ], [ 105.8197134, 21.0740943 ], [ 105.8141544, 21.0722116 ], [ 105.812451, 21.0690924 ], [ 105.8123599, 21.0688327 ], [ 105.8115159, 21.0746862 ], [ 105.8126328, 21.0779007 ], [ 105.812666099999987, 21.0779555 ], [ 105.813476899999984, 21.0792037 ], [ 105.813756399999988, 21.0796482 ], [ 105.8154037, 21.0815297 ] ] ] } },
{ "type": "Feature", "properties": { "threshold_s": "900", "time_label": "15 min drive" }, "geometry": { "type": "Polygon", "coordinates": [ [ [ 105.806078, 21.084948 ], [ 105.8090144, 21.0898845 ], [ 105.8116425, 21.0905974 ], [ 105.815461699999986, 21.0878261 ], [ 105.8216434, 21.0832042 ], [ 105.822218299999989, 21.082718 ], [ 105.8240937, 21.0778059 ], [ 105.8320226, 21.0815984 ], [ 105.8360514, 21.0785898 ], [ 105.8368812, 21.0776944 ], [ 105.833167299999985, 21.0696651 ], [ 105.83456409999998, 21.0684068 ], [ 105.8350823, 21.0674844 ], [ 105.837913199999988, 21.0640415 ], [ 105.8381526, 21.0625215 ], [ 105.8465789, 21.0592395 ], [ 105.8443236, 21.0542526 ], [ 105.8464956, 21.0461629 ], [ 105.8464868, 21.045385 ], [ 105.846347699999981, 21.0444049 ], [ 105.845791899999981, 21.0438666 ], [ 105.842816, 21.0433331 ], [ 105.8359577, 21.042714 ], [ 105.8358527, 21.042708 ], [ 105.8360875, 21.0436361 ], [ 105.835914299999985, 21.0526278 ], [ 105.832645699999986, 21.0568351 ], [ 105.8230532, 21.0569821 ], [ 105.8208852, 21.0546983 ], [ 105.820405799999989, 21.0550064 ], [ 105.820428099999987, 21.0568115 ], [ 105.8209989, 21.0621614 ], [ 105.8210202, 21.0626814 ], [ 105.819245, 21.0667666 ], [ 105.8108022, 21.0649311 ], [ 105.8100873, 21.0626012 ], [ 105.8093435, 21.0612735 ], [ 105.808911199999983, 21.0596708 ], [ 105.8088139, 21.0595789 ], [ 105.8054955, 21.0644768 ], [ 105.8037226, 21.0675209 ], [ 105.8034876, 21.0686117 ], [ 105.8034654, 21.069582 ], [ 105.8034607, 21.0717943 ], [ 105.803717599999985, 21.0723703 ], [ 105.805290099999979, 21.0743367 ], [ 105.8060405, 21.0746043 ], [ 105.8084273, 21.0831139 ], [ 105.806441399999983, 21.0847536 ], [ 105.806078, 21.084948 ] ] ] } },
{ "type": "Feature", "properties": { "threshold_s": "300", "time_label": "5 min drive" }, "geometry": { "type": "Polygon", "coordinates": [ [ [ 105.7737837, 20.9785168 ], [ 105.7728969, 20.9791044 ], [ 105.7746283, 20.979983 ], [ 105.774721299999982, 20.9800133 ], [ 105.7755015, 20.9779809 ], [ 105.779429, 20.9802623 ], [ 105.7795236, 20.9763414 ], [ 105.7820377, 20.9758094 ], [ 105.7839855, 20.9773192 ], [ 105.78418379999998, 20.9771059 ], [ 105.782236899999987, 20.9755971 ], [ 105.7823024, 20.9729477 ], [ 105.7836656, 20.9722347 ], [ 105.785342, 20.971212 ], [ 105.785007599999986, 20.9694922 ], [ 105.7838322, 20.9693354 ], [ 105.782434499999979, 20.9677519 ], [ 105.7828925, 20.9657168 ], [ 105.78301759999998, 20.9648731 ], [ 105.783082, 20.9638945 ], [ 105.7807088, 20.9654936 ], [ 105.7803948, 20.9654352 ], [ 105.778443199999984, 20.9648385 ], [ 105.778122, 20.9646056 ], [ 105.7768191, 20.9646965 ], [ 105.775055399999985, 20.9648538 ], [ 105.7724994, 20.9653142 ], [ 105.77149439999998, 20.966156 ], [ 105.7712763, 20.9663823 ], [ 105.7710864, 20.9665886 ], [ 105.770692399999987, 20.9670221 ], [ 105.770571, 20.9671594 ], [ 105.7706158, 20.9699298 ], [ 105.76934319999998, 20.9702499 ], [ 105.7704544, 20.9710828 ], [ 105.770585, 20.9707257 ], [ 105.7709891, 20.9701775 ], [ 105.7738588, 20.9701993 ], [ 105.774579499999987, 20.9707656 ], [ 105.775198399999979, 20.9728116 ], [ 105.774608699999987, 20.9741274 ], [ 105.77491879999998, 20.9743462 ], [ 105.775208899999981, 20.974531 ], [ 105.7757611, 20.9748728 ], [ 105.7763301, 20.9763621 ], [ 105.7751928, 20.977702 ], [ 105.7748358, 20.9779171 ], [ 105.7737837, 20.9785168 ] ] ] } },
{ "type": "Feature", "properties": { "threshold_s": "600", "time_label": "10 min drive" }, "geometry": { "type": "Polygon", "coordinates": [ [ [ 105.7659978, 20.9838375 ], [ 105.7665155, 20.9878347 ], [ 105.7678869, 20.9859315 ], [ 105.773405699999984, 20.9840764 ], [ 105.775194699999986, 20.9851302 ], [ 105.776139499999985, 20.9856124 ], [ 105.7775639, 20.9867327 ], [ 105.77858209999998, 20.9874577 ], [ 105.778734799999981, 20.9875632 ], [ 105.7808261, 20.9888688 ], [ 105.784906299999989, 20.9881419 ], [ 105.7894569, 20.9855937 ], [ 105.7942737, 20.984951 ], [ 105.794309299999981, 20.9798554 ], [ 105.7933259, 20.9782733 ], [ 105.792778299999981, 20.9778981 ], [ 105.7919978, 20.9774723 ], [ 105.7909556, 20.9766622 ], [ 105.793677, 20.9714318 ], [ 105.794303899999989, 20.9658046 ], [ 105.7944982, 20.9643288 ], [ 105.793443, 20.9638584 ], [ 105.790810799999988, 20.9590872 ], [ 105.7898784, 20.9581687 ], [ 105.7897602, 20.9583031 ], [ 105.7857013, 20.9618166 ], [ 105.7828485, 20.9579483 ], [ 105.7821066, 20.9592301 ], [ 105.7818123, 20.9607068 ], [ 105.7754767, 20.9617853 ], [ 105.7723309, 20.9575391 ], [ 105.772352899999987, 20.95673 ], [ 105.7723643, 20.9566017 ], [ 105.772387899999984, 20.9560917 ], [ 105.7718246, 20.9560681 ], [ 105.76868850000001, 20.9571023 ], [ 105.76298, 20.9592767 ], [ 105.7615605, 20.9595336 ], [ 105.7613447, 20.9597335 ], [ 105.760888, 20.9601916 ], [ 105.761722899999981, 20.9611851 ], [ 105.7633335, 20.9633578 ], [ 105.760965299999981, 20.9678286 ], [ 105.7607165, 20.9707368 ], [ 105.7606386, 20.9715322 ], [ 105.760624799999988, 20.9717866 ], [ 105.7609929, 20.9729588 ], [ 105.7613611, 20.9739913 ], [ 105.762261599999988, 20.9750462 ], [ 105.762329099999988, 20.9751233 ], [ 105.76494169999998, 20.9770693 ], [ 105.766084599999985, 20.9815542 ], [ 105.7661102, 20.9821128 ], [ 105.7659978, 20.9838375 ] ] ] } },
{ "type": "Feature", "properties": { "threshold_s": "900", "time_label": "15 min drive" }, "geometry": { "type": "Polygon", "coordinates": [ [ [ 105.7583219, 20.9919877 ], [ 105.7601512, 20.9939875 ], [ 105.7689261, 20.994171 ], [ 105.7690241, 20.9940823 ], [ 105.7726264, 20.9922371 ], [ 105.778632, 20.9952913 ], [ 105.7801566, 20.9954988 ], [ 105.787565699999988, 20.9932025 ], [ 105.790146299999989, 20.9948176 ], [ 105.7902791, 20.9947345 ], [ 105.7941866, 20.9907492 ], [ 105.8025775, 20.9912337 ], [ 105.803761399999985, 20.9916192 ], [ 105.802983899999987, 20.9857667 ], [ 105.8022422, 20.977147 ], [ 105.8002968, 20.9692917 ], [ 105.8015374, 20.9663642 ], [ 105.803708299999983, 20.961511 ], [ 105.80363149999998, 20.9604917 ], [ 105.8010507, 20.9558466 ], [ 105.7943618, 20.953814 ], [ 105.787731, 20.952513 ], [ 105.787388199999981, 20.9525444 ], [ 105.781845799999985, 20.9530171 ], [ 105.773762, 20.948726 ], [ 105.772753599999987, 20.9490402 ], [ 105.7710435, 20.9496085 ], [ 105.7689014, 20.9503057 ], [ 105.7670251, 20.9509596 ], [ 105.763412200000019, 20.9521108 ], [ 105.7542351, 20.9540731 ], [ 105.7541209, 20.9541829 ], [ 105.7528592, 20.9629212 ], [ 105.751914, 20.9695578 ], [ 105.7523135, 20.9730055 ], [ 105.752845199999982, 20.9774097 ], [ 105.7543655, 20.9806982 ], [ 105.7547244, 20.9811579 ], [ 105.7556236, 20.9821897 ], [ 105.7564212, 20.9831898 ], [ 105.7583219, 20.9919877 ] ] ] } },
{ "type": "Feature", "properties": { "threshold_s": "300", "time_label": "5 min drive" }, "geometry": { "type": "Polygon", "coordinates": [ [ [ 105.7717404, 21.0795122 ], [ 105.7717109, 21.0803456 ], [ 105.774535199999988, 21.0806209 ], [ 105.774978, 21.0799184 ], [ 105.7757708, 21.0782023 ], [ 105.7776627, 21.077793 ], [ 105.777415099999985, 21.0761416 ], [ 105.7773094, 21.074569 ], [ 105.7790688, 21.073907 ], [ 105.778659099999985, 21.0732403 ], [ 105.777115499999979, 21.0715521 ], [ 105.7775964, 21.0702112 ], [ 105.7779345, 21.0698037 ], [ 105.7771957, 21.0699053 ], [ 105.7751817, 21.0715603 ], [ 105.7745198, 21.0715458 ], [ 105.7725305, 21.0699632 ], [ 105.772551599999986, 21.0691135 ], [ 105.7714641, 21.0705273 ], [ 105.7714031, 21.0715253 ], [ 105.772494100000017, 21.0715306 ], [ 105.774298099999982, 21.0741798 ], [ 105.773599499999989, 21.0744617 ], [ 105.7725014, 21.0744243 ], [ 105.772121199999987, 21.0761333 ], [ 105.7718437, 21.0771504 ], [ 105.7717404, 21.0795122 ] ] ] } },
{ "type": "Feature", "properties": { "threshold_s": "600", "time_label": "10 min drive" }, "geometry": { "type": "Polygon", "coordinates": [ [ [ 105.7674327, 21.0886469 ], [ 105.7682763, 21.0896267 ], [ 105.771858, 21.0919265 ], [ 105.7742612, 21.0904764 ], [ 105.774179899999979, 21.0895032 ], [ 105.776813, 21.086321 ], [ 105.779046799999989, 21.0871955 ], [ 105.7811693, 21.0861932 ], [ 105.781692199999981, 21.0830028 ], [ 105.778867199999979, 21.0810627 ], [ 105.7776627, 21.077793 ], [ 105.782697099999979, 21.0763663 ], [ 105.785032, 21.0776989 ], [ 105.786158699999987, 21.0766583 ], [ 105.7859883, 21.0762494 ], [ 105.784178699999984, 21.0727744 ], [ 105.784051, 21.0715906 ], [ 105.7838765, 21.0682445 ], [ 105.783786399999983, 21.0672642 ], [ 105.783558199999987, 21.0660276 ], [ 105.783455299999986, 21.065673 ], [ 105.7806751, 21.0621189 ], [ 105.7781998, 21.0617471 ], [ 105.7731141, 21.0616283 ], [ 105.773319, 21.0584563 ], [ 105.772979, 21.0584829 ], [ 105.771548399999986, 21.061554 ], [ 105.7714856, 21.0625754 ], [ 105.771414, 21.0642173 ], [ 105.770685, 21.0662565 ], [ 105.7698172, 21.0699916 ], [ 105.7658288, 21.0702156 ], [ 105.7620191, 21.0691397 ], [ 105.761534, 21.0695959 ], [ 105.7620942, 21.0728699 ], [ 105.763151899999983, 21.0757881 ], [ 105.763889, 21.0762088 ], [ 105.766295499999984, 21.0804182 ], [ 105.766964, 21.0820587 ], [ 105.7673174, 21.0827057 ], [ 105.7672615, 21.0874117 ], [ 105.7674327, 21.0886469 ] ] ] } },
{ "type": "Feature", "properties": { "threshold_s": "900", "time_label": "15 min drive" }, "geometry": { "type": "Polygon", "coordinates": [ [ [ 105.757970299999982, 21.0884345 ], [ 105.7585474, 21.089627 ], [ 105.762763, 21.0916199 ], [ 105.7671833, 21.0916249 ], [ 105.772747399999986, 21.0929291 ], [ 105.773665900000012, 21.0936495 ], [ 105.7754959, 21.094425 ], [ 105.7785681, 21.0941344 ], [ 105.779807199999979, 21.0937495 ], [ 105.785210800000016, 21.091441 ], [ 105.7856014, 21.0912063 ], [ 105.785852299999988, 21.0884317 ], [ 105.78941660000001, 21.0844596 ], [ 105.791389700000011, 21.0825132 ], [ 105.7924673, 21.0788464 ], [ 105.7947111, 21.0772756 ], [ 105.795571699999982, 21.0755534 ], [ 105.7932824, 21.0713483 ], [ 105.7918575, 21.069457 ], [ 105.7915187, 21.0692897 ], [ 105.7912694, 21.0692365 ], [ 105.7859972, 21.0681243 ], [ 105.7840136, 21.0635912 ], [ 105.783525699999984, 21.0614066 ], [ 105.7831894, 21.0603298 ], [ 105.782887299999985, 21.0590263 ], [ 105.7825837, 21.0565908 ], [ 105.781958599999982, 21.0556003 ], [ 105.780327199999988, 21.057261 ], [ 105.777259, 21.0594841 ], [ 105.77369969999998, 21.0551575 ], [ 105.773333699999981, 21.0528243 ], [ 105.7732853, 21.0497619 ], [ 105.7698313, 21.0488705 ], [ 105.769493299999979, 21.0488897 ], [ 105.7714174, 21.0517516 ], [ 105.7732819, 21.0554077 ], [ 105.772979, 21.0584829 ], [ 105.7686719, 21.062429 ], [ 105.7683775, 21.0625252 ], [ 105.7637426, 21.0640006 ], [ 105.7623518, 21.0644106 ], [ 105.7596272, 21.0654404 ], [ 105.758651, 21.0659367 ], [ 105.761534, 21.0695959 ], [ 105.7620942, 21.0728699 ], [ 105.7626659, 21.0741508 ], [ 105.763151899999983, 21.0757881 ], [ 105.7611901, 21.0811943 ], [ 105.7578354, 21.0838766 ], [ 105.757970299999982, 21.0884345 ] ] ] } },
{ "type": "Feature", "properties": { "threshold_s": "300", "time_label": "5 min drive" }, "geometry": { "type": "Polygon", "coordinates": [ [ [ 105.7717109, 21.0803456 ], [ 105.7716566, 21.0833118 ], [ 105.771859299999988, 21.0833272 ], [ 105.7722489, 21.0833429 ], [ 105.77374, 21.0827519 ], [ 105.776163299999979, 21.0804207 ], [ 105.778286499999979, 21.0830262 ], [ 105.778030199999989, 21.083733 ], [ 105.7785799, 21.0837875 ], [ 105.778966899999986, 21.0838013 ], [ 105.778867199999979, 21.0810627 ], [ 105.7776627, 21.077793 ], [ 105.777415099999985, 21.0761416 ], [ 105.7790688, 21.073907 ], [ 105.778659099999985, 21.0732403 ], [ 105.7779345, 21.0698037 ], [ 105.7771957, 21.0699053 ], [ 105.7745198, 21.0715458 ], [ 105.772551599999986, 21.0691135 ], [ 105.7714641, 21.0705273 ], [ 105.7714031, 21.0715253 ], [ 105.7725014, 21.0744243 ], [ 105.772121199999987, 21.0761333 ], [ 105.7718437, 21.0771504 ], [ 105.7717404, 21.0795122 ], [ 105.7717109, 21.0803456 ] ] ] } },
{ "type": "Feature", "properties": { "threshold_s": "600", "time_label": "10 min drive" }, "geometry": { "type": "Polygon", "coordinates": [ [ [ 105.7655337, 21.0889872 ], [ 105.7662449, 21.0906576 ], [ 105.767494099999979, 21.0910024 ], [ 105.7693505, 21.0914998 ], [ 105.772747399999986, 21.0929291 ], [ 105.7737001, 21.0934223 ], [ 105.7775972, 21.0913813 ], [ 105.781193, 21.0903318 ], [ 105.783353, 21.0882227 ], [ 105.7811693, 21.0861932 ], [ 105.7842636, 21.0828496 ], [ 105.785350699999981, 21.082382 ], [ 105.7880858, 21.0807357 ], [ 105.7869001, 21.077979 ], [ 105.7856361, 21.0766496 ], [ 105.784178699999984, 21.0727744 ], [ 105.784051, 21.0715906 ], [ 105.7838765, 21.0682445 ], [ 105.783786399999983, 21.0672642 ], [ 105.783558199999987, 21.0660276 ], [ 105.783455299999986, 21.065673 ], [ 105.7806751, 21.0621189 ], [ 105.7827716, 21.0667876 ], [ 105.7826361, 21.0670199 ], [ 105.781253799999988, 21.0684529 ], [ 105.7766418, 21.0675819 ], [ 105.7757945, 21.0667366 ], [ 105.774959, 21.0662146 ], [ 105.7730948, 21.0629846 ], [ 105.7731046, 21.0623175 ], [ 105.773106699999985, 21.0620448 ], [ 105.7731141, 21.0616283 ], [ 105.771548399999986, 21.061554 ], [ 105.7714856, 21.0625754 ], [ 105.771414, 21.0642173 ], [ 105.770685, 21.0662565 ], [ 105.7698172, 21.0699916 ], [ 105.7658288, 21.0702156 ], [ 105.7620191, 21.0691397 ], [ 105.761534, 21.0695959 ], [ 105.7620942, 21.0728699 ], [ 105.763151899999983, 21.0757881 ], [ 105.764316, 21.077022 ], [ 105.766295499999984, 21.0804182 ], [ 105.766964, 21.0820587 ], [ 105.7660231, 21.0859212 ], [ 105.7655337, 21.0889872 ] ] ] } },
{ "type": "Feature", "properties": { "threshold_s": "900", "time_label": "15 min drive" }, "geometry": { "type": "Polygon", "coordinates": [ [ [ 105.7558151, 21.0872406 ], [ 105.756591299999982, 21.0889722 ], [ 105.759115199999982, 21.0899107 ], [ 105.762763, 21.0916199 ], [ 105.7671833, 21.0916249 ], [ 105.772747399999986, 21.0929291 ], [ 105.773665900000012, 21.0936495 ], [ 105.7754959, 21.094425 ], [ 105.7785681, 21.0941344 ], [ 105.7834107, 21.0939139 ], [ 105.784863, 21.09286 ], [ 105.7900366, 21.0903393 ], [ 105.792019, 21.0872172 ], [ 105.79262319999998, 21.086162 ], [ 105.7930235, 21.0843787 ], [ 105.7930504, 21.0840217 ], [ 105.793587, 21.0784211 ], [ 105.7961365, 21.0767396 ], [ 105.796093899999988, 21.0766443 ], [ 105.79423610000002, 21.0756905 ], [ 105.7920688, 21.0701893 ], [ 105.7894537, 21.0695811 ], [ 105.7859972, 21.0681243 ], [ 105.7840136, 21.0635912 ], [ 105.783525699999984, 21.0614066 ], [ 105.7831894, 21.0603298 ], [ 105.782887299999985, 21.0590263 ], [ 105.7825837, 21.0565908 ], [ 105.78211490000001, 21.0562566 ], [ 105.777259, 21.0594841 ], [ 105.77369969999998, 21.0551575 ], [ 105.7728453, 21.0520699 ], [ 105.772719, 21.0510341 ], [ 105.7725097, 21.0500264 ], [ 105.7714174, 21.0517516 ], [ 105.7732819, 21.0554077 ], [ 105.772979, 21.0584829 ], [ 105.7686719, 21.062429 ], [ 105.7683775, 21.0625252 ], [ 105.7637426, 21.0640006 ], [ 105.7623518, 21.0644106 ], [ 105.7596272, 21.0654404 ], [ 105.758651, 21.0659367 ], [ 105.761534, 21.0695959 ], [ 105.7620942, 21.0728699 ], [ 105.760534, 21.0786701 ], [ 105.7578354, 21.0838766 ], [ 105.7557737, 21.0835353 ], [ 105.7558151, 21.0872406 ] ] ] } },
{ "type": "Feature", "properties": { "threshold_s": "300", "time_label": "5 min drive" }, "geometry": { "type": "Polygon", "coordinates": [ [ [ 105.7717109, 21.0803456 ], [ 105.7716566, 21.0833118 ], [ 105.771859299999988, 21.0833272 ], [ 105.7722489, 21.0833429 ], [ 105.77374, 21.0827519 ], [ 105.776163299999979, 21.0804207 ], [ 105.778286499999979, 21.0830262 ], [ 105.778030199999989, 21.083733 ], [ 105.7785799, 21.0837875 ], [ 105.778966899999986, 21.0838013 ], [ 105.778867199999979, 21.0810627 ], [ 105.7776627, 21.077793 ], [ 105.777415099999985, 21.0761416 ], [ 105.7790688, 21.073907 ], [ 105.778659099999985, 21.0732403 ], [ 105.7779345, 21.0698037 ], [ 105.7771957, 21.0699053 ], [ 105.7745198, 21.0715458 ], [ 105.772551599999986, 21.0691135 ], [ 105.7714641, 21.0705273 ], [ 105.7714031, 21.0715253 ], [ 105.7725014, 21.0744243 ], [ 105.772121199999987, 21.0761333 ], [ 105.7718437, 21.0771504 ], [ 105.7717404, 21.0795122 ], [ 105.7717109, 21.0803456 ] ] ] } },
{ "type": "Feature", "properties": { "threshold_s": "600", "time_label": "10 min drive" }, "geometry": { "type": "Polygon", "coordinates": [ [ [ 105.7655337, 21.0889872 ], [ 105.7662449, 21.0906576 ], [ 105.767494099999979, 21.0910024 ], [ 105.7693505, 21.0914998 ], [ 105.772747399999986, 21.0929291 ], [ 105.7737001, 21.0934223 ], [ 105.7775972, 21.0913813 ], [ 105.781193, 21.0903318 ], [ 105.783353, 21.0882227 ], [ 105.7811693, 21.0861932 ], [ 105.7842636, 21.0828496 ], [ 105.785350699999981, 21.082382 ], [ 105.7880858, 21.0807357 ], [ 105.7869001, 21.077979 ], [ 105.7856361, 21.0766496 ], [ 105.784178699999984, 21.0727744 ], [ 105.784051, 21.0715906 ], [ 105.7838765, 21.0682445 ], [ 105.783786399999983, 21.0672642 ], [ 105.783558199999987, 21.0660276 ], [ 105.783455299999986, 21.065673 ], [ 105.7806751, 21.0621189 ], [ 105.7827716, 21.0667876 ], [ 105.7826361, 21.0670199 ], [ 105.781253799999988, 21.0684529 ], [ 105.7766418, 21.0675819 ], [ 105.7757945, 21.0667366 ], [ 105.774959, 21.0662146 ], [ 105.7730948, 21.0629846 ], [ 105.7731046, 21.0623175 ], [ 105.773106699999985, 21.0620448 ], [ 105.7731141, 21.0616283 ], [ 105.771548399999986, 21.061554 ], [ 105.7714856, 21.0625754 ], [ 105.771414, 21.0642173 ], [ 105.770685, 21.0662565 ], [ 105.7698172, 21.0699916 ], [ 105.7658288, 21.0702156 ], [ 105.7620191, 21.0691397 ], [ 105.761534, 21.0695959 ], [ 105.7620942, 21.0728699 ], [ 105.763151899999983, 21.0757881 ], [ 105.764316, 21.077022 ], [ 105.766295499999984, 21.0804182 ], [ 105.766964, 21.0820587 ], [ 105.7660231, 21.0859212 ], [ 105.7655337, 21.0889872 ] ] ] } },
{ "type": "Feature", "properties": { "threshold_s": "900", "time_label": "15 min drive" }, "geometry": { "type": "Polygon", "coordinates": [ [ [ 105.7558151, 21.0872406 ], [ 105.756591299999982, 21.0889722 ], [ 105.759115199999982, 21.0899107 ], [ 105.762763, 21.0916199 ], [ 105.7671833, 21.0916249 ], [ 105.772747399999986, 21.0929291 ], [ 105.773665900000012, 21.0936495 ], [ 105.7754959, 21.094425 ], [ 105.7785681, 21.0941344 ], [ 105.7834107, 21.0939139 ], [ 105.784863, 21.09286 ], [ 105.7900366, 21.0903393 ], [ 105.792019, 21.0872172 ], [ 105.79262319999998, 21.086162 ], [ 105.7930235, 21.0843787 ], [ 105.7930504, 21.0840217 ], [ 105.793587, 21.0784211 ], [ 105.7961365, 21.0767396 ], [ 105.796093899999988, 21.0766443 ], [ 105.79423610000002, 21.0756905 ], [ 105.7920688, 21.0701893 ], [ 105.7894537, 21.0695811 ], [ 105.7859972, 21.0681243 ], [ 105.7840136, 21.0635912 ], [ 105.783525699999984, 21.0614066 ], [ 105.7831894, 21.0603298 ], [ 105.782887299999985, 21.0590263 ], [ 105.7825837, 21.0565908 ], [ 105.78211490000001, 21.0562566 ], [ 105.777259, 21.0594841 ], [ 105.77369969999998, 21.0551575 ], [ 105.7728453, 21.0520699 ], [ 105.772719, 21.0510341 ], [ 105.7725097, 21.0500264 ], [ 105.7714174, 21.0517516 ], [ 105.7732819, 21.0554077 ], [ 105.772979, 21.0584829 ], [ 105.7686719, 21.062429 ], [ 105.7683775, 21.0625252 ], [ 105.7637426, 21.0640006 ], [ 105.7623518, 21.0644106 ], [ 105.7596272, 21.0654404 ], [ 105.758651, 21.0659367 ], [ 105.761534, 21.0695959 ], [ 105.7620942, 21.0728699 ], [ 105.760534, 21.0786701 ], [ 105.7578354, 21.0838766 ], [ 105.7557737, 21.0835353 ], [ 105.7558151, 21.0872406 ] ] ] } },
{ "type": "Feature", "properties": { "threshold_s": "300", "time_label": "5 min drive" }, "geometry": { "type": "Polygon", "coordinates": [ [ [ 105.846130299999984, 21.0366717 ], [ 105.8460762, 21.03742 ], [ 105.8480787, 21.0375461 ], [ 105.8491471, 21.0375518 ], [ 105.850764, 21.0370967 ], [ 105.8508355, 21.0363358 ], [ 105.850948099999982, 21.0356251 ], [ 105.8506755, 21.0340786 ], [ 105.8530192, 21.033042 ], [ 105.853804, 21.0330302 ], [ 105.85453219999998, 21.0321868 ], [ 105.853111199999987, 21.0316465 ], [ 105.8510791, 21.0304701 ], [ 105.850585599999988, 21.0291892 ], [ 105.8511617, 21.0278966 ], [ 105.851678599999985, 21.0259447 ], [ 105.8533791, 21.0260713 ], [ 105.8544024, 21.0251211 ], [ 105.852939699999979, 21.0242487 ], [ 105.850819799999982, 21.023226 ], [ 105.849699099999981, 21.0251837 ], [ 105.8474105, 21.0258729 ], [ 105.8451257, 21.0249069 ], [ 105.843603699999989, 21.0264842 ], [ 105.8415518, 21.0276316 ], [ 105.8415987, 21.0301523 ], [ 105.8413857, 21.0303675 ], [ 105.8428205, 21.0303654 ], [ 105.845064, 21.0313485 ], [ 105.8452826, 21.0324584 ], [ 105.8447768, 21.0340917 ], [ 105.8449379, 21.0348636 ], [ 105.846130299999984, 21.0366717 ] ] ] } },
{ "type": "Feature", "properties": { "threshold_s": "600", "time_label": "10 min drive" }, "geometry": { "type": "Polygon", "coordinates": [ [ [ 105.8311704, 21.0325889 ], [ 105.8317055, 21.0344357 ], [ 105.83272119999998, 21.034424 ], [ 105.833620399999987, 21.0342652 ], [ 105.8363518, 21.0356501 ], [ 105.837023599999981, 21.0388764 ], [ 105.8396991, 21.038879 ], [ 105.841936899999979, 21.0406599 ], [ 105.840151, 21.0428157 ], [ 105.8415842, 21.0436763 ], [ 105.843057499999986, 21.0443714 ], [ 105.846347699999981, 21.0444049 ], [ 105.8490031, 21.0437421 ], [ 105.8497539, 21.043425 ], [ 105.8513591, 21.04259 ], [ 105.852290599999989, 21.040453 ], [ 105.8539648, 21.0399026 ], [ 105.8559408, 21.0375631 ], [ 105.8559647, 21.0363109 ], [ 105.8580411, 21.033791 ], [ 105.8588286, 21.0330955 ], [ 105.859561899999989, 21.032523 ], [ 105.861271699999989, 21.0304235 ], [ 105.8613337, 21.0288933 ], [ 105.861773199999988, 21.025698 ], [ 105.8620378, 21.0248247 ], [ 105.86210149999998, 21.0246067 ], [ 105.8598823, 21.0218612 ], [ 105.86021839999998, 21.0190576 ], [ 105.8583461, 21.0169388 ], [ 105.856344399999983, 21.0159717 ], [ 105.853255, 21.0147894 ], [ 105.851557799999981, 21.0151545 ], [ 105.849150399999985, 21.0133873 ], [ 105.8482749, 21.0133237 ], [ 105.847263, 21.0153508 ], [ 105.844269199999985, 21.017305 ], [ 105.8435857, 21.0172651 ], [ 105.8424924, 21.0173642 ], [ 105.8414099, 21.0174645 ], [ 105.8394154, 21.0189573 ], [ 105.8371473, 21.019088 ], [ 105.8368905, 21.022215 ], [ 105.8376116, 21.0232408 ], [ 105.8380997, 21.0259862 ], [ 105.8357768, 21.0272036 ], [ 105.833379799999989, 21.0259305 ], [ 105.8330833, 21.0252794 ], [ 105.8330075, 21.0253066 ], [ 105.832603, 21.0262411 ], [ 105.8318088, 21.0286941 ], [ 105.831823799999981, 21.0287574 ], [ 105.8319699, 21.029207 ], [ 105.8311704, 21.0325889 ] ] ] } },
{ "type": "Feature", "properties": { "threshold_s": "900", "time_label": "15 min drive" }, "geometry": { "type": "Polygon", "coordinates": [ [ [ 105.8202169, 21.0311016 ], [ 105.821467899999988, 21.0351968 ], [ 105.8259982, 21.0359947 ], [ 105.828665499999985, 21.0395817 ], [ 105.8351095, 21.0426739 ], [ 105.8363039, 21.0440074 ], [ 105.838508299999987, 21.0487951 ], [ 105.838671, 21.0522312 ], [ 105.8419165, 21.0518834 ], [ 105.8420238, 21.0518513 ], [ 105.8481324, 21.0481674 ], [ 105.8492648, 21.0462351 ], [ 105.850106499999981, 21.0449387 ], [ 105.8532054, 21.0410502 ], [ 105.8539648, 21.0399026 ], [ 105.8552544, 21.038343 ], [ 105.8559408, 21.0375631 ], [ 105.8580411, 21.033791 ], [ 105.8588286, 21.0330955 ], [ 105.8654306, 21.0378592 ], [ 105.865565599999982, 21.0396641 ], [ 105.865384399999982, 21.0405012 ], [ 105.8654574, 21.0407182 ], [ 105.867414899999986, 21.0403182 ], [ 105.867557199999979, 21.0399065 ], [ 105.8675851, 21.0384081 ], [ 105.867046, 21.037756 ], [ 105.866810799999982, 21.0376376 ], [ 105.861271699999989, 21.0304235 ], [ 105.8613337, 21.0288933 ], [ 105.861773199999988, 21.025698 ], [ 105.8620378, 21.0248247 ], [ 105.86210149999998, 21.0246067 ], [ 105.863899, 21.018973 ], [ 105.864448899999985, 21.0179396 ], [ 105.865231599999987, 21.0153725 ], [ 105.8655468, 21.0144409 ], [ 105.8657318, 21.0120932 ], [ 105.865302699999987, 21.0105281 ], [ 105.8632327, 21.0087893 ], [ 105.860888599999981, 21.006907 ], [ 105.8546658, 21.0067839 ], [ 105.850956, 21.0034801 ], [ 105.847816, 21.0061364 ], [ 105.8413113, 21.0063215 ], [ 105.8407724, 21.0079662 ], [ 105.8410532, 21.0107455 ], [ 105.8414099, 21.0174645 ], [ 105.8372522, 21.018501 ], [ 105.8309465, 21.0170993 ], [ 105.8290405, 21.016959 ], [ 105.8289753, 21.016992 ], [ 105.8255579, 21.0213209 ], [ 105.824814299999986, 21.0276475 ], [ 105.8202169, 21.0311016 ] ] ] } },
{ "type": "Feature", "properties": { "threshold_s": "300", "time_label": "5 min drive" }, "geometry": { "type": "Polygon", "coordinates": [ [ [ 105.804361899999989, 21.0345534 ], [ 105.804505, 21.0349784 ], [ 105.806910299999984, 21.0367763 ], [ 105.8101548, 21.0382785 ], [ 105.8116046, 21.0391913 ], [ 105.8124306, 21.0393141 ], [ 105.8127786, 21.0392611 ], [ 105.8152145, 21.0374458 ], [ 105.8173165, 21.0373304 ], [ 105.8203401, 21.0352888 ], [ 105.820920199999989, 21.0323015 ], [ 105.8215891, 21.0314693 ], [ 105.822679, 21.0300568 ], [ 105.8211359, 21.0291565 ], [ 105.8177825, 21.0272186 ], [ 105.815483199999989, 21.0270157 ], [ 105.8132557, 21.0270837 ], [ 105.8114669, 21.0247893 ], [ 105.80992089999998, 21.0226339 ], [ 105.8093012, 21.0228278 ], [ 105.810573299999987, 21.0241547 ], [ 105.809760399999988, 21.0268737 ], [ 105.8123611, 21.0288809 ], [ 105.810790299999979, 21.03192 ], [ 105.809536300000019, 21.03226 ], [ 105.806420599999981, 21.0333888 ], [ 105.804361899999989, 21.0345534 ] ] ] } },
{ "type": "Feature", "properties": { "threshold_s": "600", "time_label": "10 min drive" }, "geometry": { "type": "Polygon", "coordinates": [ [ [ 105.7946806, 21.0394819 ], [ 105.797530399999985, 21.0428548 ], [ 105.7977229, 21.042873 ], [ 105.79772029999998, 21.0411466 ], [ 105.800271, 21.0388099 ], [ 105.8023652, 21.0395429 ], [ 105.802945599999987, 21.0401025 ], [ 105.806134599999979, 21.0426071 ], [ 105.806136099999989, 21.0438464 ], [ 105.805762099999981, 21.0466775 ], [ 105.8062704, 21.0465187 ], [ 105.80631, 21.0461517 ], [ 105.809707299999985, 21.0441632 ], [ 105.811321, 21.0459144 ], [ 105.811661799999982, 21.0464801 ], [ 105.8118943, 21.0466978 ], [ 105.815235299999983, 21.0455385 ], [ 105.817391, 21.0446957 ], [ 105.8185603, 21.0434901 ], [ 105.823222, 21.0436032 ], [ 105.8251749, 21.0431721 ], [ 105.82651319999998, 21.0400574 ], [ 105.8257412, 21.0373635 ], [ 105.8271558, 21.0347458 ], [ 105.82998929999998, 21.0333873 ], [ 105.832906799999989, 21.0329523 ], [ 105.8334198, 21.0329248 ], [ 105.8340213, 21.0310333 ], [ 105.8315881, 21.029859 ], [ 105.829699199999979, 21.0261137 ], [ 105.8292747, 21.0258817 ], [ 105.826765699999982, 21.0230936 ], [ 105.8271174, 21.0200666 ], [ 105.827027, 21.0199082 ], [ 105.8245384, 21.0187625 ], [ 105.822719, 21.021974 ], [ 105.8200632, 21.021484 ], [ 105.8184616, 21.0191027 ], [ 105.8149631, 21.016443 ], [ 105.8148522, 21.0162793 ], [ 105.811803899999987, 21.0159316 ], [ 105.8090202, 21.0149024 ], [ 105.8047308, 21.0148001 ], [ 105.8032963, 21.0139555 ], [ 105.803197199999985, 21.0177194 ], [ 105.8022092, 21.0192473 ], [ 105.8001907, 21.0225723 ], [ 105.7989074, 21.0235191 ], [ 105.7982647, 21.0257885 ], [ 105.7980311, 21.0268446 ], [ 105.799534799999989, 21.0277085 ], [ 105.80046440000001, 21.0310117 ], [ 105.7987529, 21.0324956 ], [ 105.7962208, 21.034265 ], [ 105.7959785, 21.0344811 ], [ 105.7944599, 21.0376676 ], [ 105.794270699999984, 21.0394771 ], [ 105.7946806, 21.0394819 ] ] ] } },
{ "type": "Feature", "properties": { "threshold_s": "900", "time_label": "15 min drive" }, "geometry": { "type": "Polygon", "coordinates": [ [ [ 105.7862228, 21.0428144 ], [ 105.7863306, 21.0435279 ], [ 105.7902893, 21.046245 ], [ 105.7936633, 21.0496153 ], [ 105.79773609999998, 21.0529469 ], [ 105.7981392, 21.05326 ], [ 105.8043423, 21.0567917 ], [ 105.808881099999979, 21.0568396 ], [ 105.811723299999983, 21.0547895 ], [ 105.813290599999988, 21.0506848 ], [ 105.817391, 21.0446957 ], [ 105.823222, 21.0436032 ], [ 105.8251749, 21.0431721 ], [ 105.8285905, 21.0410636 ], [ 105.8351095, 21.0426739 ], [ 105.836243199999984, 21.0416562 ], [ 105.837023599999981, 21.0388764 ], [ 105.840682299999983, 21.0328473 ], [ 105.8439386, 21.0301487 ], [ 105.8445748, 21.0289326 ], [ 105.843603699999989, 21.0264842 ], [ 105.8414982, 21.0259455 ], [ 105.8375088, 21.0190623 ], [ 105.8341953, 21.0140257 ], [ 105.832628299999982, 21.0125632 ], [ 105.8282054, 21.0118709 ], [ 105.8233913, 21.0098098 ], [ 105.820315399999984, 21.008217 ], [ 105.8131836, 21.0084469 ], [ 105.8085143, 21.0080851 ], [ 105.802399899999983, 21.0066372 ], [ 105.7964433, 21.0068101 ], [ 105.795342599999984, 21.007529 ], [ 105.7939871, 21.0130562 ], [ 105.7922812, 21.0187945 ], [ 105.789710099999979, 21.0208615 ], [ 105.7899896, 21.0232306 ], [ 105.7880541, 21.0305666 ], [ 105.787004399999987, 21.0321523 ], [ 105.785947800000017, 21.0366187 ], [ 105.7862228, 21.0428144 ] ] ] } },
{ "type": "Feature", "properties": { "threshold_s": "300", "time_label": "5 min drive" }, "geometry": { "type": "Polygon", "coordinates": [ [ [ 105.8437592, 21.0269191 ], [ 105.8426329, 21.0278385 ], [ 105.8434703, 21.0283452 ], [ 105.8439851, 21.0285916 ], [ 105.8444581, 21.028869 ], [ 105.8445748, 21.0289326 ], [ 105.8450687, 21.0291861 ], [ 105.846568, 21.0299584 ], [ 105.8467815, 21.03166 ], [ 105.84769249999998, 21.0324873 ], [ 105.848055599999981, 21.0324216 ], [ 105.8485186, 21.0323719 ], [ 105.8507011, 21.0323117 ], [ 105.85204490000001, 21.0339261 ], [ 105.854767599999988, 21.0338265 ], [ 105.8559161, 21.032665 ], [ 105.8567492, 21.0313753 ], [ 105.857538, 21.0291314 ], [ 105.857796199999981, 21.028661 ], [ 105.8581333, 21.0279368 ], [ 105.8588605, 21.0264696 ], [ 105.8602138, 21.0257388 ], [ 105.861773199999988, 21.025698 ], [ 105.8607254, 21.0240373 ], [ 105.8598823, 21.0218612 ], [ 105.8580477, 21.0211556 ], [ 105.8587079, 21.019044 ], [ 105.8597317, 21.0187694 ], [ 105.858891499999984, 21.0183814 ], [ 105.858707, 21.0183789 ], [ 105.856659099999987, 21.0186561 ], [ 105.855011, 21.0183662 ], [ 105.8529519, 21.0168194 ], [ 105.851603, 21.0182926 ], [ 105.8505078, 21.0185114 ], [ 105.848517199999989, 21.0181574 ], [ 105.8471909, 21.0203307 ], [ 105.8463276, 21.0227121 ], [ 105.8451257, 21.0249069 ], [ 105.8437592, 21.0269191 ] ] ] } },
{ "type": "Feature", "properties": { "threshold_s": "600", "time_label": "10 min drive" }, "geometry": { "type": "Polygon", "coordinates": [ [ [ 105.833105, 21.0322249 ], [ 105.834611099999989, 21.0340502 ], [ 105.8363518, 21.0356501 ], [ 105.840804, 21.0342079 ], [ 105.840904899999984, 21.0341906 ], [ 105.8449379, 21.0348636 ], [ 105.8454918, 21.0375308 ], [ 105.8446083, 21.0412085 ], [ 105.8458083, 21.0416206 ], [ 105.8487683, 21.0426265 ], [ 105.8499464, 21.0427059 ], [ 105.8505349, 21.0426335 ], [ 105.8532054, 21.0410502 ], [ 105.8559408, 21.0375631 ], [ 105.8580411, 21.033791 ], [ 105.8588286, 21.0330955 ], [ 105.859561899999989, 21.032523 ], [ 105.861271699999989, 21.0304235 ], [ 105.8613337, 21.0288933 ], [ 105.86210149999998, 21.0246067 ], [ 105.8598823, 21.0218612 ], [ 105.862065, 21.0195265 ], [ 105.863899, 21.018973 ], [ 105.864448899999985, 21.0179396 ], [ 105.8655468, 21.0144409 ], [ 105.8648353, 21.0117503 ], [ 105.8608043, 21.0089478 ], [ 105.8564286, 21.0105414 ], [ 105.8520403, 21.0085585 ], [ 105.851396599999987, 21.0083109 ], [ 105.8483495, 21.0083185 ], [ 105.847775899999988, 21.0083897 ], [ 105.8463087, 21.0126788 ], [ 105.846647899999979, 21.0134641 ], [ 105.8435857, 21.0172651 ], [ 105.8424924, 21.0173642 ], [ 105.8414099, 21.0174645 ], [ 105.8394154, 21.0189573 ], [ 105.8376116, 21.0232408 ], [ 105.8357768, 21.0272036 ], [ 105.834130499999986, 21.0277474 ], [ 105.833415599999981, 21.0280593 ], [ 105.833105, 21.0322249 ] ] ] } },
{ "type": "Feature", "properties": { "threshold_s": "900", "time_label": "15 min drive" }, "geometry": { "type": "Polygon", "coordinates": [ [ [ 105.8259982, 21.0359947 ], [ 105.828665499999985, 21.0395817 ], [ 105.8363039, 21.0440074 ], [ 105.84063, 21.0502383 ], [ 105.8481324, 21.0481674 ], [ 105.8492648, 21.0462351 ], [ 105.850106499999981, 21.0449387 ], [ 105.8532054, 21.0410502 ], [ 105.8539648, 21.0399026 ], [ 105.8645302, 21.0425052 ], [ 105.865307, 21.0433171 ], [ 105.865444, 21.0433917 ], [ 105.8657297, 21.0435362 ], [ 105.86995349999998, 21.0417416 ], [ 105.8700365, 21.0416674 ], [ 105.8704177, 21.0367973 ], [ 105.8682662, 21.0353155 ], [ 105.8613337, 21.0288933 ], [ 105.861773199999988, 21.025698 ], [ 105.8620378, 21.0248247 ], [ 105.86210149999998, 21.0246067 ], [ 105.863899, 21.018973 ], [ 105.864448899999985, 21.0179396 ], [ 105.865231599999987, 21.0153725 ], [ 105.8680303, 21.0100022 ], [ 105.8697744, 21.0049515 ], [ 105.8700831, 21.0023225 ], [ 105.8617857, 20.998366 ], [ 105.858854799999989, 21.0009864 ], [ 105.8501337, 20.9976528 ], [ 105.8412301, 21.0030328 ], [ 105.839297499999986, 21.0040633 ], [ 105.8392324, 21.0041845 ], [ 105.8367867, 21.0108849 ], [ 105.8290405, 21.016959 ], [ 105.8289753, 21.016992 ], [ 105.826638299999985, 21.0231269 ], [ 105.82163319999998, 21.0313084 ], [ 105.8215891, 21.0314693 ], [ 105.8259982, 21.0359947 ] ] ] } },
{ "type": "Feature", "properties": { "threshold_s": "300", "time_label": "5 min drive" }, "geometry": { "type": "Polygon", "coordinates": [ [ [ 105.846130299999984, 21.0366717 ], [ 105.8460762, 21.03742 ], [ 105.8480787, 21.0375461 ], [ 105.8491471, 21.0375518 ], [ 105.850764, 21.0370967 ], [ 105.8508355, 21.0363358 ], [ 105.850948099999982, 21.0356251 ], [ 105.8506755, 21.0340786 ], [ 105.8530192, 21.033042 ], [ 105.853804, 21.0330302 ], [ 105.85453219999998, 21.0321868 ], [ 105.853111199999987, 21.0316465 ], [ 105.8510791, 21.0304701 ], [ 105.850585599999988, 21.0291892 ], [ 105.8511617, 21.0278966 ], [ 105.851678599999985, 21.0259447 ], [ 105.8533791, 21.0260713 ], [ 105.8544024, 21.0251211 ], [ 105.852939699999979, 21.0242487 ], [ 105.850819799999982, 21.023226 ], [ 105.849699099999981, 21.0251837 ], [ 105.8474105, 21.0258729 ], [ 105.8451257, 21.0249069 ], [ 105.843603699999989, 21.0264842 ], [ 105.8415518, 21.0276316 ], [ 105.8415987, 21.0301523 ], [ 105.8413857, 21.0303675 ], [ 105.8428205, 21.0303654 ], [ 105.845064, 21.0313485 ], [ 105.8452826, 21.0324584 ], [ 105.8447768, 21.0340917 ], [ 105.8449379, 21.0348636 ], [ 105.846130299999984, 21.0366717 ] ] ] } },
{ "type": "Feature", "properties": { "threshold_s": "600", "time_label": "10 min drive" }, "geometry": { "type": "Polygon", "coordinates": [ [ [ 105.8311704, 21.0325889 ], [ 105.8317055, 21.0344357 ], [ 105.83272119999998, 21.034424 ], [ 105.833620399999987, 21.0342652 ], [ 105.8363518, 21.0356501 ], [ 105.837023599999981, 21.0388764 ], [ 105.8396991, 21.038879 ], [ 105.841936899999979, 21.0406599 ], [ 105.840151, 21.0428157 ], [ 105.8415842, 21.0436763 ], [ 105.843057499999986, 21.0443714 ], [ 105.846347699999981, 21.0444049 ], [ 105.8490031, 21.0437421 ], [ 105.8497539, 21.043425 ], [ 105.8513591, 21.04259 ], [ 105.852290599999989, 21.040453 ], [ 105.8539648, 21.0399026 ], [ 105.8559408, 21.0375631 ], [ 105.8559647, 21.0363109 ], [ 105.8580411, 21.033791 ], [ 105.8588286, 21.0330955 ], [ 105.859561899999989, 21.032523 ], [ 105.861271699999989, 21.0304235 ], [ 105.8613337, 21.0288933 ], [ 105.861773199999988, 21.025698 ], [ 105.8620378, 21.0248247 ], [ 105.86210149999998, 21.0246067 ], [ 105.8598823, 21.0218612 ], [ 105.86021839999998, 21.0190576 ], [ 105.8583461, 21.0169388 ], [ 105.856344399999983, 21.0159717 ], [ 105.853255, 21.0147894 ], [ 105.851557799999981, 21.0151545 ], [ 105.849150399999985, 21.0133873 ], [ 105.8482749, 21.0133237 ], [ 105.847263, 21.0153508 ], [ 105.844269199999985, 21.017305 ], [ 105.8435857, 21.0172651 ], [ 105.8424924, 21.0173642 ], [ 105.8414099, 21.0174645 ], [ 105.8394154, 21.0189573 ], [ 105.8371473, 21.019088 ], [ 105.8368905, 21.022215 ], [ 105.8376116, 21.0232408 ], [ 105.8380997, 21.0259862 ], [ 105.8357768, 21.0272036 ], [ 105.833379799999989, 21.0259305 ], [ 105.8330833, 21.0252794 ], [ 105.8330075, 21.0253066 ], [ 105.832603, 21.0262411 ], [ 105.8318088, 21.0286941 ], [ 105.831823799999981, 21.0287574 ], [ 105.8319699, 21.029207 ], [ 105.8311704, 21.0325889 ] ] ] } },
{ "type": "Feature", "properties": { "threshold_s": "900", "time_label": "15 min drive" }, "geometry": { "type": "Polygon", "coordinates": [ [ [ 105.8202169, 21.0311016 ], [ 105.821467899999988, 21.0351968 ], [ 105.8259982, 21.0359947 ], [ 105.828665499999985, 21.0395817 ], [ 105.8351095, 21.0426739 ], [ 105.8363039, 21.0440074 ], [ 105.838508299999987, 21.0487951 ], [ 105.838671, 21.0522312 ], [ 105.8419165, 21.0518834 ], [ 105.8420238, 21.0518513 ], [ 105.8481324, 21.0481674 ], [ 105.8492648, 21.0462351 ], [ 105.850106499999981, 21.0449387 ], [ 105.8532054, 21.0410502 ], [ 105.8539648, 21.0399026 ], [ 105.8552544, 21.038343 ], [ 105.8559408, 21.0375631 ], [ 105.8580411, 21.033791 ], [ 105.8588286, 21.0330955 ], [ 105.8654306, 21.0378592 ], [ 105.865565599999982, 21.0396641 ], [ 105.865384399999982, 21.0405012 ], [ 105.8654574, 21.0407182 ], [ 105.867414899999986, 21.0403182 ], [ 105.867557199999979, 21.0399065 ], [ 105.8675851, 21.0384081 ], [ 105.867046, 21.037756 ], [ 105.866810799999982, 21.0376376 ], [ 105.861271699999989, 21.0304235 ], [ 105.8613337, 21.0288933 ], [ 105.861773199999988, 21.025698 ], [ 105.8620378, 21.0248247 ], [ 105.86210149999998, 21.0246067 ], [ 105.863899, 21.018973 ], [ 105.864448899999985, 21.0179396 ], [ 105.865231599999987, 21.0153725 ], [ 105.8655468, 21.0144409 ], [ 105.8657318, 21.0120932 ], [ 105.865302699999987, 21.0105281 ], [ 105.8632327, 21.0087893 ], [ 105.860888599999981, 21.006907 ], [ 105.8546658, 21.0067839 ], [ 105.850956, 21.0034801 ], [ 105.847816, 21.0061364 ], [ 105.8413113, 21.0063215 ], [ 105.8407724, 21.0079662 ], [ 105.8410532, 21.0107455 ], [ 105.8414099, 21.0174645 ], [ 105.8372522, 21.018501 ], [ 105.8309465, 21.0170993 ], [ 105.8290405, 21.016959 ], [ 105.8289753, 21.016992 ], [ 105.8255579, 21.0213209 ], [ 105.824814299999986, 21.0276475 ], [ 105.8202169, 21.0311016 ] ] ] } },
{ "type": "Feature", "properties": { "threshold_s": "300", "time_label": "5 min drive" }, "geometry": { "type": "Polygon", "coordinates": [ [ [ 105.7841808, 21.0280199 ], [ 105.784171200000017, 21.0281528 ], [ 105.7857651, 21.0277852 ], [ 105.78776809999998, 21.027241 ], [ 105.791498, 21.0263117 ], [ 105.7919473, 21.0257926 ], [ 105.792539299999987, 21.0249285 ], [ 105.792066599999984, 21.0223365 ], [ 105.794681, 21.0204381 ], [ 105.795708099999985, 21.0208178 ], [ 105.7961247, 21.0202444 ], [ 105.796250799999981, 21.0200502 ], [ 105.796058099999982, 21.0180446 ], [ 105.7943377, 21.0175959 ], [ 105.7909456, 21.0165351 ], [ 105.791419599999983, 21.0130853 ], [ 105.792380499999979, 21.0119247 ], [ 105.7903258, 21.012315 ], [ 105.788019799999987, 21.0125531 ], [ 105.7851037, 21.014335 ], [ 105.782255399999983, 21.0153136 ], [ 105.779243399999984, 21.0156483 ], [ 105.779430199999979, 21.0170183 ], [ 105.781024799999983, 21.0188455 ], [ 105.7812926, 21.0190509 ], [ 105.78416, 21.0191663 ], [ 105.7856934, 21.0202049 ], [ 105.786251799999988, 21.0225455 ], [ 105.7849225, 21.0242181 ], [ 105.7843605, 21.0258818 ], [ 105.7841808, 21.0280199 ] ] ] } },
{ "type": "Feature", "properties": { "threshold_s": "600", "time_label": "10 min drive" }, "geometry": { "type": "Polygon", "coordinates": [ [ [ 105.7774912, 21.0311847 ], [ 105.780775199999979, 21.0359563 ], [ 105.7835314, 21.0365758 ], [ 105.7841586, 21.0366755 ], [ 105.7867063, 21.0364598 ], [ 105.7918017, 21.0365907 ], [ 105.794612799999982, 21.0347664 ], [ 105.79426789999998, 21.0328237 ], [ 105.794641399999989, 21.0305549 ], [ 105.7980311, 21.0268446 ], [ 105.798635, 21.0265314 ], [ 105.7987959, 21.0264564 ], [ 105.8010002, 21.0216993 ], [ 105.8017515, 21.020406 ], [ 105.805033900000012, 21.0153596 ], [ 105.8047308, 21.0148001 ], [ 105.8023038, 21.0131912 ], [ 105.8003217, 21.0096757 ], [ 105.7999489, 21.0071095 ], [ 105.799625599999985, 21.0042545 ], [ 105.799217, 21.0035337 ], [ 105.7952323, 21.0037605 ], [ 105.7931714, 21.0038899 ], [ 105.7909653, 21.0047734 ], [ 105.790268399999988, 21.0074236 ], [ 105.788717299999988, 21.0093097 ], [ 105.783039299999984, 21.0089995 ], [ 105.776223, 21.0098138 ], [ 105.773423, 21.0097387 ], [ 105.7712683, 21.0117854 ], [ 105.769728699999987, 21.0144535 ], [ 105.7718419, 21.0188669 ], [ 105.773841, 21.0189416 ], [ 105.7785636, 21.0223194 ], [ 105.7784963, 21.0251352 ], [ 105.7756853, 21.0283157 ], [ 105.7747937, 21.0295595 ], [ 105.775260599999982, 21.0298653 ], [ 105.775385, 21.0299339 ], [ 105.7774912, 21.0311847 ] ] ] } },
{ "type": "Feature", "properties": { "threshold_s": "900", "time_label": "15 min drive" }, "geometry": { "type": "Polygon", "coordinates": [ [ [ 105.763777499999989, 21.035137 ], [ 105.76382049999998, 21.0352572 ], [ 105.766599199999987, 21.0366201 ], [ 105.771668399999982, 21.0385164 ], [ 105.775715299999987, 21.0409035 ], [ 105.781114, 21.0462401 ], [ 105.7893599, 21.0470573 ], [ 105.7916258, 21.0460838 ], [ 105.7926632, 21.0456289 ], [ 105.7945958, 21.0446542 ], [ 105.7977229, 21.042873 ], [ 105.8019457, 21.0369881 ], [ 105.8047742, 21.0350973 ], [ 105.8054881, 21.0346669 ], [ 105.806502, 21.0334697 ], [ 105.8081098, 21.0294211 ], [ 105.8107808, 21.0241301 ], [ 105.813385, 21.0173423 ], [ 105.8136905, 21.0148285 ], [ 105.813823299999981, 21.0090666 ], [ 105.8133317, 21.0085866 ], [ 105.8131836, 21.0084469 ], [ 105.807011599999981, 21.0034512 ], [ 105.806925899999982, 21.0012418 ], [ 105.805649699999989, 20.9984274 ], [ 105.8040869, 20.9973946 ], [ 105.799583, 20.9958415 ], [ 105.7926218, 20.9963759 ], [ 105.7875051, 20.9973598 ], [ 105.7809994, 20.9995076 ], [ 105.773880399999982, 21.0035708 ], [ 105.772818499999985, 21.0034659 ], [ 105.765931, 21.0065024 ], [ 105.76400959999998, 21.0067677 ], [ 105.7634275, 21.0070067 ], [ 105.76400839999998, 21.0076761 ], [ 105.764553599999985, 21.0082501 ], [ 105.7649002, 21.0084142 ], [ 105.7671956, 21.0165248 ], [ 105.7666999, 21.017074 ], [ 105.7665758, 21.0173618 ], [ 105.766706200000016, 21.0204948 ], [ 105.7665695, 21.0238549 ], [ 105.76662, 21.0239745 ], [ 105.766879399999979, 21.0297846 ], [ 105.7648208, 21.033055 ], [ 105.763777499999989, 21.035137 ] ] ] } },
{ "type": "Feature", "properties": { "threshold_s": "300", "time_label": "5 min drive" }, "geometry": { "type": "Polygon", "coordinates": [ [ [ 105.826930600000011, 21.0134586 ], [ 105.8268687, 21.0134918 ], [ 105.8271703, 21.0138554 ], [ 105.8285938, 21.0125027 ], [ 105.8293299, 21.0123177 ], [ 105.831711399999989, 21.011869 ], [ 105.83229, 21.012374 ], [ 105.832488899999987, 21.0126973 ], [ 105.833890399999987, 21.0140474 ], [ 105.8343608, 21.0146277 ], [ 105.8351638, 21.0156491 ], [ 105.8358302, 21.0130518 ], [ 105.836983800000013, 21.0118796 ], [ 105.8391601, 21.0123792 ], [ 105.8410532, 21.0107455 ], [ 105.841156, 21.0107456 ], [ 105.8413476, 21.010746 ], [ 105.841200599999979, 21.0103061 ], [ 105.841418099999984, 21.0082831 ], [ 105.8419506, 21.0075241 ], [ 105.8413113, 21.0063215 ], [ 105.8401133, 21.004217 ], [ 105.839297499999986, 21.0040633 ], [ 105.8375076, 21.0037912 ], [ 105.837045499999988, 21.0036744 ], [ 105.8360583, 21.0015565 ], [ 105.8376052, 21.000258 ], [ 105.8347146, 21.0009086 ], [ 105.833879, 21.0017786 ], [ 105.8333233, 21.0020869 ], [ 105.832980599999985, 21.0026681 ], [ 105.8322107, 21.0040287 ], [ 105.830331199999989, 21.0041204 ], [ 105.829533699999985, 21.0019292 ], [ 105.8292945, 21.0004617 ], [ 105.828897699999985, 21.0002704 ], [ 105.828788599999982, 21.0009003 ], [ 105.827431599999983, 21.0045071 ], [ 105.8255086, 21.0041199 ], [ 105.827990299999982, 21.0076612 ], [ 105.828027399999982, 21.0077298 ], [ 105.8280752, 21.0078308 ], [ 105.828260899999989, 21.0082453 ], [ 105.8248463, 21.0091472 ], [ 105.8242748, 21.0092517 ], [ 105.824347299999985, 21.0093907 ], [ 105.824699, 21.0096805 ], [ 105.8277159, 21.0104577 ], [ 105.8279393, 21.0108629 ], [ 105.8282054, 21.0118709 ], [ 105.827148, 21.0133393 ], [ 105.826930600000011, 21.0134586 ] ] ] } },
{ "type": "Feature", "properties": { "threshold_s": "600", "time_label": "10 min drive" }, "geometry": { "type": "Polygon", "coordinates": [ [ [ 105.817155, 21.012083 ], [ 105.8157537, 21.0160122 ], [ 105.8160131, 21.0161086 ], [ 105.8200999, 21.015375 ], [ 105.823222700000017, 21.0165348 ], [ 105.8245384, 21.0187625 ], [ 105.824664799999979, 21.021128 ], [ 105.8248003, 21.021338 ], [ 105.826765699999982, 21.0230936 ], [ 105.8291791, 21.0232128 ], [ 105.832154499999987, 21.0234448 ], [ 105.832224299999979, 21.0234152 ], [ 105.834126, 21.0213059 ], [ 105.8368905, 21.022215 ], [ 105.8376116, 21.0232408 ], [ 105.8414355, 21.021993 ], [ 105.84309709999998, 21.021558 ], [ 105.8447516, 21.0210682 ], [ 105.845936099999989, 21.020136 ], [ 105.845692299999982, 21.0195002 ], [ 105.844269199999985, 21.017305 ], [ 105.8435857, 21.0172651 ], [ 105.8424924, 21.0173642 ], [ 105.8414099, 21.0174645 ], [ 105.8368257, 21.0180745 ], [ 105.8351638, 21.0156491 ], [ 105.8358302, 21.0130518 ], [ 105.8391601, 21.0123792 ], [ 105.8413476, 21.010746 ], [ 105.8449471, 21.0079814 ], [ 105.8460661, 21.0081019 ], [ 105.847140399999986, 21.0124731 ], [ 105.8479992, 21.0117844 ], [ 105.851554299999989, 21.0105215 ], [ 105.8521654, 21.0099279 ], [ 105.853603, 21.0086552 ], [ 105.85227949999998, 21.0069421 ], [ 105.8512375, 21.0063684 ], [ 105.8481198, 21.0031246 ], [ 105.8472641, 21.0008258 ], [ 105.845359299999984, 21.0001914 ], [ 105.8448576, 20.9967877 ], [ 105.8427149, 20.9951975 ], [ 105.8409087, 20.9943954 ], [ 105.837911700000021, 20.9942429 ], [ 105.836739699999981, 20.9941109 ], [ 105.8328399, 20.9917502 ], [ 105.8317973, 20.9911681 ], [ 105.8315062, 20.9910072 ], [ 105.8301577, 20.9934766 ], [ 105.826654299999987, 20.9941394 ], [ 105.824332399999989, 20.9938038 ], [ 105.8227404, 20.9977613 ], [ 105.821921799999984, 20.9980767 ], [ 105.8222007, 21.0002549 ], [ 105.817849399999986, 21.0015574 ], [ 105.817312499999986, 21.0012525 ], [ 105.817900599999987, 21.0043221 ], [ 105.818031, 21.0044283 ], [ 105.820315399999984, 21.008217 ], [ 105.8187493, 21.0100776 ], [ 105.81725059999998, 21.0119342 ], [ 105.817155, 21.012083 ] ] ] } },
{ "type": "Feature", "properties": { "threshold_s": "900", "time_label": "15 min drive" }, "geometry": { "type": "Polygon", "coordinates": [ [ [ 105.8078179, 21.0193691 ], [ 105.8072926, 21.0203603 ], [ 105.8116463, 21.0240932 ], [ 105.818984799999981, 21.0231983 ], [ 105.821269199999989, 21.0268254 ], [ 105.8220755, 21.0274604 ], [ 105.8270189, 21.0323507 ], [ 105.834611099999989, 21.0340502 ], [ 105.8366268, 21.0336787 ], [ 105.8428205, 21.0303654 ], [ 105.846761799999982, 21.0313864 ], [ 105.8502936, 21.0269683 ], [ 105.850573, 21.0262615 ], [ 105.851322199999984, 21.0247186 ], [ 105.8555751, 21.0199953 ], [ 105.8567825, 21.0190575 ], [ 105.8590371, 21.0147101 ], [ 105.8616343, 21.0117289 ], [ 105.864485299999984, 21.0087346 ], [ 105.864485, 21.0085702 ], [ 105.859619900000013, 21.0028637 ], [ 105.854921, 20.9980591 ], [ 105.8542342, 20.9953722 ], [ 105.852709600000011, 20.9941669 ], [ 105.850962, 20.9937682 ], [ 105.847151399999987, 20.9886826 ], [ 105.8469413, 20.9876115 ], [ 105.8436302, 20.9849503 ], [ 105.840925200000015, 20.9838166 ], [ 105.834600599999987, 20.9828719 ], [ 105.830879699999983, 20.9839017 ], [ 105.826665199999979, 20.9840852 ], [ 105.8238136, 20.9842945 ], [ 105.8237121, 20.9900689 ], [ 105.82001990000002, 20.9954377 ], [ 105.818173, 20.9965335 ], [ 105.8114354, 20.9968636 ], [ 105.809529, 20.9955864 ], [ 105.8090066, 20.9957036 ], [ 105.809277, 20.998049 ], [ 105.8108259, 21.0027854 ], [ 105.8085143, 21.0080851 ], [ 105.80812659999998, 21.0127721 ], [ 105.8078179, 21.0193691 ] ] ] } },
{ "type": "Feature", "properties": { "threshold_s": "300", "time_label": "5 min drive" }, "geometry": { "type": "Polygon", "coordinates": [ [ [ 105.8229064, 21.0200294 ], [ 105.822012199999989, 21.0225246 ], [ 105.8228313, 21.0222185 ], [ 105.8248003, 21.021338 ], [ 105.826638299999985, 21.0231269 ], [ 105.8269312, 21.0241688 ], [ 105.8270572, 21.024139 ], [ 105.8301057, 21.0241313 ], [ 105.830584, 21.0244109 ], [ 105.833308499999987, 21.0259561 ], [ 105.8335221, 21.0262479 ], [ 105.8337883, 21.0250219 ], [ 105.832224299999979, 21.0234152 ], [ 105.834126, 21.0213059 ], [ 105.8350263, 21.0211537 ], [ 105.8375214, 21.02013 ], [ 105.8377091, 21.0200259 ], [ 105.8375088, 21.0190623 ], [ 105.8372522, 21.018501 ], [ 105.837206899999984, 21.0184229 ], [ 105.8368257, 21.0180745 ], [ 105.8351638, 21.0156491 ], [ 105.8343608, 21.0146277 ], [ 105.8341953, 21.0140257 ], [ 105.836346799999987, 21.0120401 ], [ 105.836983800000013, 21.0118796 ], [ 105.837311499999984, 21.0115962 ], [ 105.8380906, 21.0096135 ], [ 105.837589, 21.009484 ], [ 105.835219399999986, 21.009495 ], [ 105.8321006, 21.0098374 ], [ 105.8313437, 21.0095462 ], [ 105.8303068, 21.0098276 ], [ 105.8282054, 21.0118709 ], [ 105.825529, 21.0112402 ], [ 105.8254518, 21.0112777 ], [ 105.8268687, 21.0134918 ], [ 105.8263639, 21.015934 ], [ 105.8242829, 21.0179336 ], [ 105.8241401, 21.0179988 ], [ 105.823109699999989, 21.0187853 ], [ 105.822857899999988, 21.0193572 ], [ 105.8229064, 21.0200294 ] ] ] } },
{ "type": "Feature", "properties": { "threshold_s": "600", "time_label": "10 min drive" }, "geometry": { "type": "Polygon", "coordinates": [ [ [ 105.82075949999998, 21.0264236 ], [ 105.8211359, 21.0291565 ], [ 105.8224826, 21.0302632 ], [ 105.8256225, 21.0318746 ], [ 105.8267433, 21.0343099 ], [ 105.8271558, 21.0347458 ], [ 105.830069, 21.0327886 ], [ 105.83272119999998, 21.034424 ], [ 105.833620399999987, 21.0342652 ], [ 105.8363518, 21.0356501 ], [ 105.8390036, 21.0332408 ], [ 105.8391606, 21.0326673 ], [ 105.8387149, 21.0311558 ], [ 105.8415837, 21.0296129 ], [ 105.841569, 21.0288646 ], [ 105.8415518, 21.0276316 ], [ 105.841464500000015, 21.024215 ], [ 105.8428231, 21.0240652 ], [ 105.845411900000016, 21.0229745 ], [ 105.8463276, 21.0227121 ], [ 105.8479737, 21.0200887 ], [ 105.848459399999982, 21.0189279 ], [ 105.8484518, 21.0170395 ], [ 105.8478307, 21.0170696 ], [ 105.846956799999987, 21.0171098 ], [ 105.844269199999985, 21.017305 ], [ 105.8435857, 21.0172651 ], [ 105.8424924, 21.0173642 ], [ 105.8414099, 21.0174645 ], [ 105.8394154, 21.0189573 ], [ 105.837206899999984, 21.0184229 ], [ 105.8368257, 21.0180745 ], [ 105.8351638, 21.0156491 ], [ 105.8358302, 21.0130518 ], [ 105.8391601, 21.0123792 ], [ 105.8413476, 21.010746 ], [ 105.841200599999979, 21.0103061 ], [ 105.8413355, 21.0087937 ], [ 105.84379269999998, 21.0076335 ], [ 105.8449471, 21.0079814 ], [ 105.8460661, 21.0081019 ], [ 105.848313599999983, 21.0084886 ], [ 105.8483495, 21.0083185 ], [ 105.8472555, 21.006807 ], [ 105.845651, 21.0061208 ], [ 105.8440142, 21.0074152 ], [ 105.8413113, 21.0063215 ], [ 105.8412431, 21.0041897 ], [ 105.8426162, 21.0027603 ], [ 105.84123, 21.0008729 ], [ 105.8412301, 21.0030328 ], [ 105.839297499999986, 21.0040633 ], [ 105.8375076, 21.0037912 ], [ 105.8360583, 21.0015565 ], [ 105.8333233, 21.0020869 ], [ 105.832980599999985, 21.0026681 ], [ 105.829533699999985, 21.0019292 ], [ 105.8292945, 21.0004617 ], [ 105.828897699999985, 21.0002704 ], [ 105.828788599999982, 21.0009003 ], [ 105.827431599999983, 21.0045071 ], [ 105.827990299999982, 21.0076612 ], [ 105.824786499999988, 21.008971 ], [ 105.823827799999989, 21.0080473 ], [ 105.8231971, 21.0067615 ], [ 105.8226959, 21.0056371 ], [ 105.8221002, 21.0048876 ], [ 105.820782600000015, 21.0033732 ], [ 105.8193971, 21.003419 ], [ 105.8205414, 21.0034963 ], [ 105.820555899999988, 21.0067454 ], [ 105.820315399999984, 21.008217 ], [ 105.8187493, 21.0100776 ], [ 105.8160708, 21.0104471 ], [ 105.8159375, 21.0105436 ], [ 105.817155, 21.012083 ], [ 105.817265399999982, 21.0140984 ], [ 105.8157537, 21.0160122 ], [ 105.815507699999984, 21.0161979 ], [ 105.8150487, 21.0165795 ], [ 105.8160131, 21.0161086 ], [ 105.8161381, 21.0160229 ], [ 105.816606599999986, 21.0157019 ], [ 105.8200999, 21.015375 ], [ 105.8222877, 21.0162242 ], [ 105.821050299999982, 21.0190995 ], [ 105.818435199999982, 21.0213584 ], [ 105.818328699999981, 21.0214228 ], [ 105.8163864, 21.0236247 ], [ 105.818984799999981, 21.0231983 ], [ 105.8200922, 21.023869 ], [ 105.82075949999998, 21.0264236 ] ] ] } },
{ "type": "Feature", "properties": { "threshold_s": "900", "time_label": "15 min drive" }, "geometry": { "type": "Polygon", "coordinates": [ [ [ 105.81288859999998, 21.0314836 ], [ 105.814126, 21.0338598 ], [ 105.8169117, 21.0360644 ], [ 105.820262, 21.0352954 ], [ 105.8203401, 21.0352888 ], [ 105.821467899999988, 21.0351968 ], [ 105.8259982, 21.0359947 ], [ 105.828665499999985, 21.0395817 ], [ 105.835097299999987, 21.0418506 ], [ 105.8351095, 21.0426739 ], [ 105.8363039, 21.0440074 ], [ 105.8401771, 21.0433484 ], [ 105.841385499999987, 21.0426028 ], [ 105.8420995, 21.0407793 ], [ 105.845924, 21.0356714 ], [ 105.8470504, 21.0355456 ], [ 105.847499, 21.0350358 ], [ 105.848043799999985, 21.0342979 ], [ 105.850585599999988, 21.0291892 ], [ 105.8533791, 21.0260713 ], [ 105.856357099999983, 21.0224236 ], [ 105.8580477, 21.0211556 ], [ 105.8597317, 21.0187694 ], [ 105.8583461, 21.0169388 ], [ 105.8572754, 21.0143557 ], [ 105.8596026, 21.0089879 ], [ 105.8596067, 21.0088936 ], [ 105.858652, 21.0085882 ], [ 105.8549485, 21.0048029 ], [ 105.854924899999986, 21.0028 ], [ 105.853645299999982, 21.0016252 ], [ 105.850294299999987, 20.9988078 ], [ 105.849142799999981, 20.9959335 ], [ 105.8437706, 20.9925135 ], [ 105.840867799999984, 20.9903535 ], [ 105.840672, 20.9908931 ], [ 105.840121199999984, 20.992156 ], [ 105.836739699999981, 20.9941109 ], [ 105.8328399, 20.9917502 ], [ 105.8312542, 20.9928465 ], [ 105.826654299999987, 20.9941394 ], [ 105.824332399999989, 20.9938038 ], [ 105.8227404, 20.9977613 ], [ 105.8177049, 21.0011416 ], [ 105.816250399999987, 21.0005568 ], [ 105.8158904, 21.0003156 ], [ 105.814307500000012, 20.9987879 ], [ 105.8114354, 20.9968636 ], [ 105.8103759, 20.996621 ], [ 105.8109895, 20.9970321 ], [ 105.8111729, 20.997155 ], [ 105.811802599999979, 20.9975768 ], [ 105.814378, 21.0017673 ], [ 105.812051, 21.0071526 ], [ 105.808682399999981, 21.0080303 ], [ 105.8085143, 21.0080851 ], [ 105.80812659999998, 21.0127721 ], [ 105.806664799999979, 21.0169709 ], [ 105.806616299999988, 21.0172689 ], [ 105.8072926, 21.0203603 ], [ 105.8097448, 21.0227257 ], [ 105.809760399999988, 21.0268737 ], [ 105.81288859999998, 21.0314836 ] ] ] } },
{ "type": "Feature", "properties": { "threshold_s": "300", "time_label": "5 min drive" }, "geometry": { "type": "Polygon", "coordinates": [ [ [ 105.781114, 21.0462401 ], [ 105.7814899, 21.0469047 ], [ 105.7834723, 21.0488545 ], [ 105.784443399999986, 21.0490411 ], [ 105.784439799999987, 21.048853 ], [ 105.7844339, 21.0485474 ], [ 105.7844267, 21.0481792 ], [ 105.7863676, 21.0462624 ], [ 105.7882641, 21.0466839 ], [ 105.7893599, 21.0470573 ], [ 105.7916258, 21.0460838 ], [ 105.792659699999987, 21.0460863 ], [ 105.7932617, 21.0460921 ], [ 105.7938622, 21.0456937 ], [ 105.7945958, 21.0446542 ], [ 105.7977229, 21.042873 ], [ 105.797530399999985, 21.0428548 ], [ 105.7966368, 21.0428386 ], [ 105.7945053, 21.0416307 ], [ 105.7945388, 21.0403086 ], [ 105.7946806, 21.0394819 ], [ 105.794717100000014, 21.039215 ], [ 105.7951181, 21.0377898 ], [ 105.79379179999998, 21.0359227 ], [ 105.79149, 21.0358196 ], [ 105.7893957, 21.0360937 ], [ 105.7867063, 21.0364598 ], [ 105.784155399999989, 21.036558 ], [ 105.7816941, 21.0367458 ], [ 105.7811606, 21.0368103 ], [ 105.780682700000014, 21.0399814 ], [ 105.7807356, 21.0408854 ], [ 105.780896100000021, 21.0431582 ], [ 105.7813337, 21.0440453 ], [ 105.781101599999985, 21.0460456 ], [ 105.781114, 21.0462401 ] ] ] } },
{ "type": "Feature", "properties": { "threshold_s": "600", "time_label": "10 min drive" }, "geometry": { "type": "Polygon", "coordinates": [ [ [ 105.7821671, 21.0550224 ], [ 105.78234329999998, 21.05665 ], [ 105.7839626, 21.0571386 ], [ 105.78672, 21.05667 ], [ 105.7872162, 21.0565856 ], [ 105.787263199999984, 21.0562552 ], [ 105.7887644, 21.053691 ], [ 105.791311599999986, 21.0513645 ], [ 105.7926413, 21.0518087 ], [ 105.792978399999981, 21.0519259 ], [ 105.7949453, 21.0542618 ], [ 105.7981392, 21.05326 ], [ 105.7988334, 21.0517999 ], [ 105.8006184, 21.050296 ], [ 105.8052279, 21.0463207 ], [ 105.8055269, 21.0461122 ], [ 105.805620799999986, 21.0460004 ], [ 105.8050187, 21.0461308 ], [ 105.8025166, 21.0461361 ], [ 105.8009458, 21.046128 ], [ 105.7989297, 21.0457572 ], [ 105.7989495, 21.0428763 ], [ 105.8006251, 21.0415975 ], [ 105.8023652, 21.0395429 ], [ 105.8026409, 21.037999 ], [ 105.8019457, 21.0369881 ], [ 105.804505, 21.0349784 ], [ 105.8047742, 21.0350973 ], [ 105.8049793, 21.034438 ], [ 105.804361899999989, 21.0345534 ], [ 105.8017885, 21.0297974 ], [ 105.8015154, 21.0300109 ], [ 105.8010315, 21.0303453 ], [ 105.7987529, 21.0324956 ], [ 105.7982389, 21.0331615 ], [ 105.7977371, 21.033649 ], [ 105.79426789999998, 21.0328237 ], [ 105.794641399999989, 21.0305549 ], [ 105.794807799999987, 21.0298557 ], [ 105.7948587, 21.0286539 ], [ 105.7933893, 21.027693 ], [ 105.791498, 21.0263117 ], [ 105.7911298, 21.0260393 ], [ 105.788198499999979, 21.0261786 ], [ 105.7856109, 21.0259907 ], [ 105.783715299999983, 21.0280866 ], [ 105.783705899999987, 21.0282181 ], [ 105.7816375, 21.0301082 ], [ 105.7795231, 21.0287072 ], [ 105.7788552, 21.0274225 ], [ 105.778789799999984, 21.0289411 ], [ 105.775845, 21.0302874 ], [ 105.7764822, 21.030736 ], [ 105.7774912, 21.0311847 ], [ 105.7788414, 21.0334386 ], [ 105.7788294, 21.0365074 ], [ 105.7759986, 21.0370857 ], [ 105.7756511, 21.0371893 ], [ 105.774931199999983, 21.0376031 ], [ 105.7717417, 21.0377733 ], [ 105.771668399999982, 21.0385164 ], [ 105.7721413, 21.0387172 ], [ 105.7737524, 21.0379533 ], [ 105.775715299999987, 21.0409035 ], [ 105.7736732, 21.0425953 ], [ 105.7735501, 21.0426467 ], [ 105.77440919999998, 21.0451202 ], [ 105.7757684, 21.0471959 ], [ 105.7771092, 21.0489633 ], [ 105.7795499, 21.0513928 ], [ 105.779597599999988, 21.0514401 ], [ 105.781120099999981, 21.0528384 ], [ 105.7821671, 21.0550224 ] ] ] } },
{ "type": "Feature", "properties": { "threshold_s": "900", "time_label": "15 min drive" }, "geometry": { "type": "Polygon", "coordinates": [ [ [ 105.7851607, 21.0666063 ], [ 105.785367199999982, 21.0676782 ], [ 105.79271319999998, 21.0623862 ], [ 105.794957499999981, 21.0624837 ], [ 105.7977213, 21.0631087 ], [ 105.7991904, 21.0623741 ], [ 105.8007574, 21.0607922 ], [ 105.8088956, 21.0551081 ], [ 105.811321, 21.0459144 ], [ 105.813328, 21.0379498 ], [ 105.8139284, 21.0339223 ], [ 105.8138053, 21.0329266 ], [ 105.813433900000021, 21.0311917 ], [ 105.8131428, 21.0302472 ], [ 105.8109821, 21.0253586 ], [ 105.81083150000002, 21.0251376 ], [ 105.806216599999985, 21.0234112 ], [ 105.8008861, 21.021622 ], [ 105.796896599999982, 21.0177831 ], [ 105.7952117, 21.017107 ], [ 105.7873571, 21.017362 ], [ 105.7850638, 21.0175458 ], [ 105.779546399999987, 21.0183829 ], [ 105.7771203, 21.0192173 ], [ 105.7706375, 21.0248261 ], [ 105.766866199999981, 21.0284364 ], [ 105.7641248, 21.0329567 ], [ 105.7605538, 21.0420992 ], [ 105.760826399999985, 21.0426626 ], [ 105.7678056, 21.0458744 ], [ 105.772767, 21.052902 ], [ 105.773661899999979, 21.0549367 ], [ 105.776778799999988, 21.058301 ], [ 105.77712, 21.0583625 ], [ 105.777708299999986, 21.0584795 ], [ 105.783853099999988, 21.061227 ], [ 105.7851607, 21.0666063 ] ] ] } },
{ "type": "Feature", "properties": { "threshold_s": "300", "time_label": "5 min drive" }, "geometry": { "type": "Polygon", "coordinates": [ [ [ 105.843830299999979, 21.0403251 ], [ 105.84381639999998, 21.0420858 ], [ 105.8461124, 21.0421516 ], [ 105.8482371, 21.042392 ], [ 105.850356799999986, 21.0411413 ], [ 105.8512049, 21.039884 ], [ 105.8515241, 21.0390352 ], [ 105.854314099999982, 21.0377085 ], [ 105.8547385, 21.0352913 ], [ 105.855330399999986, 21.0338854 ], [ 105.8559161, 21.032665 ], [ 105.8565198, 21.0313238 ], [ 105.855826199999981, 21.0312919 ], [ 105.8545659, 21.0314536 ], [ 105.8539092, 21.0313985 ], [ 105.853331499999982, 21.0313059 ], [ 105.8510791, 21.0304701 ], [ 105.8511617, 21.0278966 ], [ 105.8495631, 21.0288558 ], [ 105.8494419, 21.0291799 ], [ 105.8464, 21.0291195 ], [ 105.8453413, 21.0287033 ], [ 105.8444581, 21.028869 ], [ 105.8439386, 21.0301487 ], [ 105.843290199999984, 21.0323602 ], [ 105.8449379, 21.0348636 ], [ 105.8454918, 21.0375308 ], [ 105.8454121, 21.0400507 ], [ 105.843830299999979, 21.0403251 ] ] ] } },
{ "type": "Feature", "properties": { "threshold_s": "600", "time_label": "10 min drive" }, "geometry": { "type": "Polygon", "coordinates": [ [ [ 105.84031760000002, 21.0464223 ], [ 105.84063, 21.0502383 ], [ 105.8418845, 21.0488831 ], [ 105.8481324, 21.0481674 ], [ 105.8492648, 21.0462351 ], [ 105.8532054, 21.0410502 ], [ 105.8559408, 21.0375631 ], [ 105.859561899999989, 21.032523 ], [ 105.861271699999989, 21.0304235 ], [ 105.86210149999998, 21.0246067 ], [ 105.8598823, 21.0218612 ], [ 105.8580477, 21.0211556 ], [ 105.8528403, 21.0190524 ], [ 105.8505078, 21.0185114 ], [ 105.848517199999989, 21.0181574 ], [ 105.8443164, 21.0198187 ], [ 105.841418299999987, 21.0206551 ], [ 105.8392509, 21.024602 ], [ 105.8357768, 21.0272036 ], [ 105.8348712, 21.0288185 ], [ 105.833105, 21.0322249 ], [ 105.834611099999989, 21.0340502 ], [ 105.8363518, 21.0356501 ], [ 105.835097299999987, 21.0418506 ], [ 105.8351095, 21.0426739 ], [ 105.8363039, 21.0440074 ], [ 105.84031760000002, 21.0464223 ] ] ] } },
{ "type": "Feature", "properties": { "threshold_s": "900", "time_label": "15 min drive" }, "geometry": { "type": "Polygon", "coordinates": [ [ [ 105.835914299999985, 21.0526278 ], [ 105.8350074, 21.0583501 ], [ 105.83505959999998, 21.0583942 ], [ 105.8412143, 21.0575768 ], [ 105.8440772, 21.0570868 ], [ 105.8443236, 21.0542526 ], [ 105.8481324, 21.0481674 ], [ 105.8492648, 21.0462351 ], [ 105.850106499999981, 21.0449387 ], [ 105.8532054, 21.0410502 ], [ 105.8539648, 21.0399026 ], [ 105.8552544, 21.038343 ], [ 105.8559408, 21.0375631 ], [ 105.8580411, 21.033791 ], [ 105.8654306, 21.0378592 ], [ 105.8652272, 21.0404883 ], [ 105.8645302, 21.0425052 ], [ 105.8645845, 21.0429123 ], [ 105.8653748, 21.0454184 ], [ 105.8655464, 21.0455702 ], [ 105.8678261, 21.0446746 ], [ 105.8715437, 21.0431633 ], [ 105.8720792, 21.0420892 ], [ 105.8716481, 21.0363361 ], [ 105.8695364, 21.0331021 ], [ 105.8613337, 21.0288933 ], [ 105.861773199999988, 21.025698 ], [ 105.8620378, 21.0248247 ], [ 105.86210149999998, 21.0246067 ], [ 105.863899, 21.018973 ], [ 105.864448899999985, 21.0179396 ], [ 105.865231599999987, 21.0153725 ], [ 105.8637369, 21.0118001 ], [ 105.862713899999989, 21.01172 ], [ 105.8593349, 21.0114263 ], [ 105.8520403, 21.0085585 ], [ 105.851396599999987, 21.0083109 ], [ 105.8483495, 21.0083185 ], [ 105.847775899999988, 21.0083897 ], [ 105.84115509999998, 21.010313 ], [ 105.8410532, 21.0107455 ], [ 105.8372522, 21.018501 ], [ 105.833795699999982, 21.0192431 ], [ 105.829942399999979, 21.0188712 ], [ 105.827208899999988, 21.0252373 ], [ 105.8227084, 21.0314793 ], [ 105.8259982, 21.0359947 ], [ 105.823096299999989, 21.0430757 ], [ 105.823222, 21.0436032 ], [ 105.8247218, 21.0424488 ], [ 105.8285905, 21.0410636 ], [ 105.8363039, 21.0440074 ], [ 105.835914299999985, 21.0526278 ] ] ] } },
{ "type": "Feature", "properties": { "threshold_s": "300", "time_label": "5 min drive" }, "geometry": { "type": "Polygon", "coordinates": [ [ [ 105.819147699999988, 21.0746625 ], [ 105.8187864, 21.0750424 ], [ 105.8188372, 21.0750797 ], [ 105.821857099999988, 21.0763553 ], [ 105.82284319999998, 21.0758682 ], [ 105.8246076, 21.0748029 ], [ 105.826889699999981, 21.0742817 ], [ 105.8290271, 21.0726398 ], [ 105.83081869999998, 21.0704346 ], [ 105.8315554, 21.0680995 ], [ 105.831257099999988, 21.0661537 ], [ 105.8318183, 21.0638633 ], [ 105.832237699999979, 21.0628438 ], [ 105.832837899999987, 21.0608721 ], [ 105.831838, 21.0610843 ], [ 105.8293449, 21.0627201 ], [ 105.8261068, 21.0629845 ], [ 105.8256513, 21.0626422 ], [ 105.8252575, 21.0623719 ], [ 105.824286499999985, 21.0622978 ], [ 105.8209989, 21.0621614 ], [ 105.8210202, 21.0626814 ], [ 105.8214042, 21.0633275 ], [ 105.821765299999981, 21.0651393 ], [ 105.8199638, 21.0665025 ], [ 105.819245, 21.0667666 ], [ 105.8193864, 21.0672773 ], [ 105.821453099999985, 21.0683428 ], [ 105.8241143, 21.0690826 ], [ 105.8242285, 21.069144 ], [ 105.8260165, 21.0705868 ], [ 105.8256411, 21.0729142 ], [ 105.82145, 21.0727569 ], [ 105.8213389, 21.0727396 ], [ 105.8197134, 21.0740943 ], [ 105.819147699999988, 21.0746625 ] ] ] } },
{ "type": "Feature", "properties": { "threshold_s": "600", "time_label": "10 min drive" }, "geometry": { "type": "Polygon", "coordinates": [ [ [ 105.813756399999988, 21.0796482 ], [ 105.8154037, 21.0815297 ], [ 105.817357799999982, 21.0829138 ], [ 105.8184824, 21.0833738 ], [ 105.8216434, 21.0832042 ], [ 105.822218299999989, 21.082718 ], [ 105.8240937, 21.0778059 ], [ 105.8253094, 21.0758282 ], [ 105.826889699999981, 21.0742817 ], [ 105.8324816, 21.0774658 ], [ 105.831623099999987, 21.0786732 ], [ 105.8314745, 21.0788741 ], [ 105.8316711, 21.0793161 ], [ 105.8320226, 21.0815984 ], [ 105.8360514, 21.0785898 ], [ 105.8368812, 21.0776944 ], [ 105.8345935, 21.077639 ], [ 105.832833, 21.0769895 ], [ 105.8292492, 21.0722103 ], [ 105.83081869999998, 21.0704346 ], [ 105.833167299999985, 21.0696651 ], [ 105.83456409999998, 21.0684068 ], [ 105.8350823, 21.0674844 ], [ 105.837913199999988, 21.0640415 ], [ 105.8392422, 21.0589809 ], [ 105.839712899999981, 21.05716 ], [ 105.8395894, 21.0564418 ], [ 105.8387138, 21.0521127 ], [ 105.8385757, 21.0521229 ], [ 105.837592, 21.0525554 ], [ 105.8337692, 21.0561987 ], [ 105.8330831, 21.0565613 ], [ 105.832645699999986, 21.0568351 ], [ 105.8324125, 21.0582621 ], [ 105.8317713, 21.0608811 ], [ 105.8261921, 21.0612048 ], [ 105.8230532, 21.0569821 ], [ 105.8208852, 21.0546983 ], [ 105.820405799999989, 21.0550064 ], [ 105.820428099999987, 21.0568115 ], [ 105.8209989, 21.0621614 ], [ 105.819245, 21.0667666 ], [ 105.8193864, 21.0672773 ], [ 105.8213389, 21.0727396 ], [ 105.8197134, 21.0740943 ], [ 105.8141544, 21.0722116 ], [ 105.812451, 21.0690924 ], [ 105.8123599, 21.0688327 ], [ 105.811437899999987, 21.069474 ], [ 105.8111243, 21.0735135 ], [ 105.811102, 21.0749521 ], [ 105.811242299999989, 21.0752984 ], [ 105.8126328, 21.0779007 ], [ 105.812666099999987, 21.0779555 ], [ 105.813756399999988, 21.0796482 ] ] ] } },
{ "type": "Feature", "properties": { "threshold_s": "900", "time_label": "15 min drive" }, "geometry": { "type": "Polygon", "coordinates": [ [ [ 105.806078, 21.084948 ], [ 105.8090144, 21.0898845 ], [ 105.8116425, 21.0905974 ], [ 105.815461699999986, 21.0878261 ], [ 105.8216434, 21.0832042 ], [ 105.822218299999989, 21.082718 ], [ 105.8240937, 21.0778059 ], [ 105.8320226, 21.0815984 ], [ 105.8360514, 21.0785898 ], [ 105.8368812, 21.0776944 ], [ 105.833167299999985, 21.0696651 ], [ 105.83456409999998, 21.0684068 ], [ 105.8350823, 21.0674844 ], [ 105.837913199999988, 21.0640415 ], [ 105.8381526, 21.0625215 ], [ 105.8465789, 21.0592395 ], [ 105.8443236, 21.0542526 ], [ 105.844048699999988, 21.0528946 ], [ 105.846174499999989, 21.0450774 ], [ 105.846347699999981, 21.0444049 ], [ 105.845941399999987, 21.0443697 ], [ 105.843057499999986, 21.0443714 ], [ 105.8360875, 21.0436361 ], [ 105.835914299999985, 21.0526278 ], [ 105.832645699999986, 21.0568351 ], [ 105.8230532, 21.0569821 ], [ 105.8208852, 21.0546983 ], [ 105.820405799999989, 21.0550064 ], [ 105.820428099999987, 21.0568115 ], [ 105.8209989, 21.0621614 ], [ 105.8210202, 21.0626814 ], [ 105.819245, 21.0667666 ], [ 105.8108022, 21.0649311 ], [ 105.8100873, 21.0626012 ], [ 105.8093435, 21.0612735 ], [ 105.808911199999983, 21.0596708 ], [ 105.8088139, 21.0595789 ], [ 105.808046099999984, 21.0588757 ], [ 105.8047693, 21.0633387 ], [ 105.8034678, 21.0666154 ], [ 105.8010124, 21.0734495 ], [ 105.8051718, 21.0750137 ], [ 105.8084273, 21.0831139 ], [ 105.806441399999983, 21.0847536 ], [ 105.806078, 21.084948 ] ] ] } },
{ "type": "Feature", "properties": { "threshold_s": "300", "time_label": "5 min drive" }, "geometry": { "type": "Polygon", "coordinates": [ [ [ 105.8238399, 21.0700129 ], [ 105.8238678, 21.0707104 ], [ 105.824252699999988, 21.0701405 ], [ 105.8240676, 21.069914 ], [ 105.8238399, 21.0700129 ] ] ] } },
{ "type": "Feature", "properties": { "threshold_s": "600", "time_label": "10 min drive" }, "geometry": { "type": "Polygon", "coordinates": [ [ [ 105.8238399, 21.0700129 ], [ 105.8238678, 21.0707104 ], [ 105.824252699999988, 21.0701405 ], [ 105.8240676, 21.069914 ], [ 105.8238399, 21.0700129 ] ] ] } },
{ "type": "Feature", "properties": { "threshold_s": "900", "time_label": "15 min drive" }, "geometry": { "type": "Polygon", "coordinates": [ [ [ 105.8238399, 21.0700129 ], [ 105.8238678, 21.0707104 ], [ 105.824252699999988, 21.0701405 ], [ 105.8240676, 21.069914 ], [ 105.8238399, 21.0700129 ] ] ] } },
{ "type": "Feature", "properties": { "threshold_s": "300", "time_label": "5 min drive" }, "geometry": { "type": "Polygon", "coordinates": [ [ [ 105.837117299999989, 21.0314635 ], [ 105.838526, 21.0333247 ], [ 105.840804, 21.0342079 ], [ 105.840904899999984, 21.0341906 ], [ 105.843290199999984, 21.0323602 ], [ 105.8447768, 21.0340917 ], [ 105.8449379, 21.0348636 ], [ 105.8454918, 21.0375308 ], [ 105.8471313, 21.0386835 ], [ 105.8494544, 21.0368842 ], [ 105.850948099999982, 21.0356251 ], [ 105.850261500000016, 21.0331052 ], [ 105.8519128, 21.0322701 ], [ 105.8529359, 21.0322265 ], [ 105.8531632, 21.0322152 ], [ 105.8510791, 21.0304701 ], [ 105.8511617, 21.0278966 ], [ 105.850573, 21.0262615 ], [ 105.851322199999984, 21.0247186 ], [ 105.852939699999979, 21.0242487 ], [ 105.850819799999982, 21.023226 ], [ 105.8502802, 21.0215614 ], [ 105.848243499999981, 21.0208928 ], [ 105.8463276, 21.0227121 ], [ 105.845411900000016, 21.0229745 ], [ 105.8427541, 21.0238309 ], [ 105.841464500000015, 21.024215 ], [ 105.8395402, 21.0242642 ], [ 105.8380997, 21.0259862 ], [ 105.8385407, 21.0267578 ], [ 105.8364437, 21.0287371 ], [ 105.837117299999989, 21.0314635 ] ] ] } },
{ "type": "Feature", "properties": { "threshold_s": "600", "time_label": "10 min drive" }, "geometry": { "type": "Polygon", "coordinates": [ [ [ 105.8269642, 21.0320424 ], [ 105.8271558, 21.0347458 ], [ 105.827953199999982, 21.034706 ], [ 105.8317055, 21.0344357 ], [ 105.83272119999998, 21.034424 ], [ 105.8363518, 21.0356501 ], [ 105.837023599999981, 21.0388764 ], [ 105.836188, 21.041554 ], [ 105.836243199999984, 21.0416562 ], [ 105.840151, 21.0428157 ], [ 105.8401771, 21.0433484 ], [ 105.8415026, 21.0446876 ], [ 105.843328099999979, 21.0455598 ], [ 105.846347699999981, 21.0444049 ], [ 105.8497539, 21.043425 ], [ 105.8513591, 21.04259 ], [ 105.8539648, 21.0399026 ], [ 105.8559408, 21.0375631 ], [ 105.8559647, 21.0363109 ], [ 105.856505, 21.0347543 ], [ 105.8588286, 21.0330955 ], [ 105.859561899999989, 21.032523 ], [ 105.861271699999989, 21.0304235 ], [ 105.8610955, 21.0294989 ], [ 105.860299, 21.0256005 ], [ 105.860767399999986, 21.0242371 ], [ 105.8607254, 21.0240373 ], [ 105.8598823, 21.0218612 ], [ 105.86021839999998, 21.0190576 ], [ 105.8583461, 21.0169388 ], [ 105.8575245, 21.0165817 ], [ 105.856344399999983, 21.0159717 ], [ 105.854312099999987, 21.0138532 ], [ 105.8530265, 21.0134566 ], [ 105.849114, 21.0118669 ], [ 105.8463087, 21.0126788 ], [ 105.846647899999979, 21.0134641 ], [ 105.847263, 21.0153508 ], [ 105.844269199999985, 21.017305 ], [ 105.8435857, 21.0172651 ], [ 105.8424924, 21.0173642 ], [ 105.8414099, 21.0174645 ], [ 105.8372522, 21.018501 ], [ 105.833795699999982, 21.0192431 ], [ 105.8329958, 21.0216565 ], [ 105.8301057, 21.0241313 ], [ 105.827835599999986, 21.0267721 ], [ 105.8299453, 21.0290504 ], [ 105.829957599999986, 21.0291222 ], [ 105.8289611, 21.031505 ], [ 105.8269642, 21.0320424 ] ] ] } },
{ "type": "Feature", "properties": { "threshold_s": "900", "time_label": "15 min drive" }, "geometry": { "type": "Polygon", "coordinates": [ [ [ 105.815964, 21.0306627 ], [ 105.8169117, 21.0360644 ], [ 105.820262, 21.0352954 ], [ 105.8203401, 21.0352888 ], [ 105.821467899999988, 21.0351968 ], [ 105.826639699999987, 21.0413859 ], [ 105.8285905, 21.0410636 ], [ 105.8363039, 21.0440074 ], [ 105.838508299999987, 21.0487951 ], [ 105.838671, 21.0522312 ], [ 105.842954, 21.0528872 ], [ 105.8481324, 21.0481674 ], [ 105.8492648, 21.0462351 ], [ 105.850106499999981, 21.0449387 ], [ 105.8532054, 21.0410502 ], [ 105.8539648, 21.0399026 ], [ 105.8552544, 21.038343 ], [ 105.8559408, 21.0375631 ], [ 105.8580411, 21.033791 ], [ 105.8588286, 21.0330955 ], [ 105.865565599999982, 21.0396641 ], [ 105.8660828, 21.0398137 ], [ 105.8669011, 21.0389734 ], [ 105.866112099999981, 21.0389781 ], [ 105.859561899999989, 21.032523 ], [ 105.861271699999989, 21.0304235 ], [ 105.8613337, 21.0288933 ], [ 105.861773199999988, 21.025698 ], [ 105.8620378, 21.0248247 ], [ 105.86210149999998, 21.0246067 ], [ 105.863899, 21.018973 ], [ 105.864448899999985, 21.0179396 ], [ 105.865231599999987, 21.0153725 ], [ 105.8655468, 21.0144409 ], [ 105.8657318, 21.0120932 ], [ 105.865302699999987, 21.0105281 ], [ 105.864485, 21.0085702 ], [ 105.860888599999981, 21.006907 ], [ 105.85495, 21.005205 ], [ 105.8523702, 21.0030067 ], [ 105.850789299999988, 21.0022022 ], [ 105.8426162, 21.0027603 ], [ 105.8412301, 21.0030328 ], [ 105.839297499999986, 21.0040633 ], [ 105.8392324, 21.0041845 ], [ 105.836551, 21.0105942 ], [ 105.8285938, 21.0125027 ], [ 105.8268687, 21.0134918 ], [ 105.823109699999989, 21.0187853 ], [ 105.8200922, 21.023869 ], [ 105.815964, 21.0306627 ] ] ] } },
{ "type": "Feature", "properties": { "threshold_s": "300", "time_label": "5 min drive" }, "geometry": { "type": "Polygon", "coordinates": [ [ [ 105.8424984, 21.0175268 ], [ 105.8443164, 21.0198187 ], [ 105.846486, 21.0216764 ], [ 105.848836100000014, 21.0227009 ], [ 105.850819799999982, 21.023226 ], [ 105.852939699999979, 21.0242487 ], [ 105.85428570000002, 21.0222221 ], [ 105.856357099999983, 21.0224236 ], [ 105.857519, 21.0212525 ], [ 105.857780299999988, 21.0199268 ], [ 105.8597317, 21.0187694 ], [ 105.8583461, 21.0169388 ], [ 105.8590371, 21.0147101 ], [ 105.8601202, 21.0135956 ], [ 105.8593349, 21.0114263 ], [ 105.8564286, 21.0105414 ], [ 105.854610399999984, 21.0102562 ], [ 105.853603, 21.0086552 ], [ 105.85227949999998, 21.0069421 ], [ 105.8512375, 21.0063684 ], [ 105.8506003, 21.0064369 ], [ 105.850159199999979, 21.0065327 ], [ 105.849472099999986, 21.0070666 ], [ 105.847775899999988, 21.0083897 ], [ 105.8483954, 21.0097738 ], [ 105.8479992, 21.0117844 ], [ 105.8463087, 21.0126788 ], [ 105.846647899999979, 21.0134641 ], [ 105.847263, 21.0153508 ], [ 105.846956799999987, 21.0171098 ], [ 105.844269199999985, 21.017305 ], [ 105.8435857, 21.0172651 ], [ 105.8424924, 21.0173642 ], [ 105.8424984, 21.0175268 ] ] ] } },
{ "type": "Feature", "properties": { "threshold_s": "600", "time_label": "10 min drive" }, "geometry": { "type": "Polygon", "coordinates": [ [ [ 105.8415518, 21.0276316 ], [ 105.842570599999988, 21.0292003 ], [ 105.8467815, 21.03166 ], [ 105.84769249999998, 21.0324873 ], [ 105.85204490000001, 21.0339261 ], [ 105.854767599999988, 21.0338265 ], [ 105.8559161, 21.032665 ], [ 105.8567492, 21.0313753 ], [ 105.857538, 21.0291314 ], [ 105.857796199999981, 21.028661 ], [ 105.861773199999988, 21.025698 ], [ 105.8620378, 21.0248247 ], [ 105.86210149999998, 21.0246067 ], [ 105.8598823, 21.0218612 ], [ 105.863899, 21.018973 ], [ 105.864448899999985, 21.0179396 ], [ 105.865231599999987, 21.0153725 ], [ 105.8655468, 21.0144409 ], [ 105.8680303, 21.0100022 ], [ 105.866515899999982, 21.0078988 ], [ 105.8634401, 21.0082779 ], [ 105.860888599999981, 21.006907 ], [ 105.8622648, 21.0030021 ], [ 105.8614664, 21.0011413 ], [ 105.857958899999986, 21.0027343 ], [ 105.8546476, 21.0020295 ], [ 105.853301299999984, 20.9989462 ], [ 105.8499095, 20.9958483 ], [ 105.849957300000014, 20.9961284 ], [ 105.8501337, 20.9976528 ], [ 105.848264199999988, 21.0002543 ], [ 105.845359299999984, 21.0001914 ], [ 105.8412301, 21.0030328 ], [ 105.8398285, 21.0042077 ], [ 105.8397447, 21.0060986 ], [ 105.838181099999986, 21.0097637 ], [ 105.837626899999989, 21.0104747 ], [ 105.8410532, 21.0107455 ], [ 105.841156, 21.0107456 ], [ 105.8413476, 21.010746 ], [ 105.8463087, 21.0126788 ], [ 105.846647899999979, 21.0134641 ], [ 105.8435857, 21.0172651 ], [ 105.8424924, 21.0173642 ], [ 105.8414099, 21.0174645 ], [ 105.8372522, 21.018501 ], [ 105.8370701, 21.0188496 ], [ 105.8375347, 21.0215521 ], [ 105.841464500000015, 21.024215 ], [ 105.8414982, 21.0259455 ], [ 105.841517, 21.02649 ], [ 105.8415518, 21.0276316 ] ] ] } },
{ "type": "Feature", "properties": { "threshold_s": "900", "time_label": "15 min drive" }, "geometry": { "type": "Polygon", "coordinates": [ [ [ 105.832906799999989, 21.0329523 ], [ 105.833620399999987, 21.0342652 ], [ 105.839639700000021, 21.0384598 ], [ 105.8446083, 21.0412085 ], [ 105.8458083, 21.0416206 ], [ 105.8487683, 21.0426265 ], [ 105.85079, 21.0424231 ], [ 105.8532054, 21.0410502 ], [ 105.8559408, 21.0375631 ], [ 105.861271699999989, 21.0304235 ], [ 105.86210149999998, 21.0246067 ], [ 105.864448899999985, 21.0179396 ], [ 105.8680303, 21.0100022 ], [ 105.8742909, 21.0023561 ], [ 105.8766061, 21.0020298 ], [ 105.8767031, 21.002003 ], [ 105.877117699999985, 21.0018883 ], [ 105.8775448, 21.0016264 ], [ 105.8711588, 20.9994913 ], [ 105.8646271, 20.9951815 ], [ 105.8630818, 20.9910893 ], [ 105.8552671, 20.9886771 ], [ 105.846579300000016, 20.9860837 ], [ 105.841289799999984, 20.9919597 ], [ 105.837911700000021, 20.9942429 ], [ 105.8343962, 20.9993929 ], [ 105.830331199999989, 21.0041204 ], [ 105.8295224, 21.0070673 ], [ 105.8268687, 21.0134918 ], [ 105.8247558, 21.0191646 ], [ 105.824664799999979, 21.021128 ], [ 105.8248003, 21.021338 ], [ 105.826638299999985, 21.0231269 ], [ 105.831823799999981, 21.0287574 ], [ 105.832906799999989, 21.0329523 ] ] ] } },
{ "type": "Feature", "properties": { "threshold_s": "300", "time_label": "5 min drive" }, "geometry": { "type": "Polygon", "coordinates": [ [ [ 105.8358527, 21.042708 ], [ 105.8363039, 21.0440074 ], [ 105.838064499999987, 21.0427637 ], [ 105.840307699999983, 21.0458038 ], [ 105.84031760000002, 21.0464223 ], [ 105.841624, 21.0490301 ], [ 105.8418845, 21.0488831 ], [ 105.843499699999981, 21.0473729 ], [ 105.844319199999987, 21.0465561 ], [ 105.84759219999998, 21.0475335 ], [ 105.848109099999988, 21.0450692 ], [ 105.85023, 21.042391 ], [ 105.8513909, 21.04004 ], [ 105.85325779999998, 21.0370348 ], [ 105.8536025, 21.0366394 ], [ 105.850024, 21.0353227 ], [ 105.846995, 21.0337203 ], [ 105.8449379, 21.0348636 ], [ 105.8454918, 21.0375308 ], [ 105.843830299999979, 21.0403251 ], [ 105.8420285, 21.0406404 ], [ 105.8397836, 21.0388744 ], [ 105.8396991, 21.038879 ], [ 105.838000199999982, 21.0413454 ], [ 105.8358527, 21.042708 ] ] ] } },
{ "type": "Feature", "properties": { "threshold_s": "600", "time_label": "10 min drive" }, "geometry": { "type": "Polygon", "coordinates": [ [ [ 105.835914299999985, 21.0526278 ], [ 105.8359029, 21.0567171 ], [ 105.835981499999988, 21.0567613 ], [ 105.8363703, 21.0569683 ], [ 105.8418824, 21.056518 ], [ 105.842661399999983, 21.0560142 ], [ 105.8443236, 21.0542526 ], [ 105.8481324, 21.0481674 ], [ 105.8492648, 21.0462351 ], [ 105.8532054, 21.0410502 ], [ 105.8559408, 21.0375631 ], [ 105.859561899999989, 21.032523 ], [ 105.8598143, 21.0299614 ], [ 105.8581333, 21.0279368 ], [ 105.8558255, 21.0270181 ], [ 105.851678599999985, 21.0259447 ], [ 105.8463801, 21.0245553 ], [ 105.8451257, 21.0249069 ], [ 105.8432716, 21.0254436 ], [ 105.841517, 21.02649 ], [ 105.8402245, 21.0273746 ], [ 105.836006399999988, 21.0304587 ], [ 105.833620399999987, 21.0342652 ], [ 105.828665499999985, 21.0395817 ], [ 105.8267934, 21.040593 ], [ 105.8257707, 21.041239 ], [ 105.826639699999987, 21.0413859 ], [ 105.8285905, 21.0410636 ], [ 105.8363039, 21.0440074 ], [ 105.838508299999987, 21.0487951 ], [ 105.835914299999985, 21.0526278 ] ] ] } },
{ "type": "Feature", "properties": { "threshold_s": "900", "time_label": "15 min drive" }, "geometry": { "type": "Polygon", "coordinates": [ [ [ 105.8293449, 21.0627201 ], [ 105.82913, 21.0649113 ], [ 105.8291765, 21.0649526 ], [ 105.8293679, 21.0651174 ], [ 105.831849199999979, 21.0655135 ], [ 105.835482299999981, 21.0653062 ], [ 105.8359063, 21.0642599 ], [ 105.8370781, 21.0623407 ], [ 105.842760199999987, 21.0584602 ], [ 105.8460751, 21.0600606 ], [ 105.848916, 21.0612404 ], [ 105.8498942, 21.0617944 ], [ 105.8495562, 21.059866 ], [ 105.8443236, 21.0542526 ], [ 105.8481324, 21.0481674 ], [ 105.8492648, 21.0462351 ], [ 105.850106499999981, 21.0449387 ], [ 105.8532054, 21.0410502 ], [ 105.8539648, 21.0399026 ], [ 105.8552544, 21.038343 ], [ 105.8559408, 21.0375631 ], [ 105.8580411, 21.033791 ], [ 105.8654306, 21.0378592 ], [ 105.8652272, 21.0404883 ], [ 105.8645302, 21.0425052 ], [ 105.8645845, 21.0429123 ], [ 105.8653748, 21.0454184 ], [ 105.8655464, 21.0455702 ], [ 105.8676925, 21.0446034 ], [ 105.8715437, 21.0431633 ], [ 105.8720792, 21.0420892 ], [ 105.8716481, 21.0363361 ], [ 105.8692877, 21.0335259 ], [ 105.8682308, 21.0337724 ], [ 105.8613337, 21.0288933 ], [ 105.861773199999988, 21.025698 ], [ 105.8620378, 21.0248247 ], [ 105.86210149999998, 21.0246067 ], [ 105.862065, 21.0195265 ], [ 105.861804899999981, 21.0185343 ], [ 105.8584719, 21.0179013 ], [ 105.8529519, 21.0168194 ], [ 105.8491983, 21.0152083 ], [ 105.8414099, 21.0174645 ], [ 105.8370701, 21.0188496 ], [ 105.832154499999987, 21.0234448 ], [ 105.8301057, 21.0241313 ], [ 105.827835599999986, 21.0267721 ], [ 105.8259543, 21.0303509 ], [ 105.8256498, 21.031761 ], [ 105.8256225, 21.0318746 ], [ 105.8259982, 21.0359947 ], [ 105.823096299999989, 21.0430757 ], [ 105.8163784, 21.0419711 ], [ 105.816428500000015, 21.0435567 ], [ 105.8172402, 21.0447458 ], [ 105.817391, 21.0446957 ], [ 105.823222, 21.0436032 ], [ 105.8251749, 21.0431721 ], [ 105.8285905, 21.0410636 ], [ 105.8351095, 21.0426739 ], [ 105.8363039, 21.0440074 ], [ 105.838508299999987, 21.0487951 ], [ 105.835914299999985, 21.0526278 ], [ 105.8337692, 21.0561987 ], [ 105.832954499999985, 21.057045 ], [ 105.8324125, 21.0582621 ], [ 105.8293449, 21.0627201 ] ] ] } },
{ "type": "Feature", "properties": { "threshold_s": "300", "time_label": "5 min drive" }, "geometry": { "type": "Polygon", "coordinates": [ [ [ 105.862796799999984, 21.0619301 ], [ 105.863706599999986, 21.0646591 ], [ 105.8647721, 21.0649188 ], [ 105.867001699999989, 21.0649132 ], [ 105.870210899999989, 21.0660615 ], [ 105.8712769, 21.0664883 ], [ 105.8739598, 21.067521 ], [ 105.8747133, 21.0678109 ], [ 105.8748562, 21.0674968 ], [ 105.8737089, 21.0641264 ], [ 105.8762803, 21.0624965 ], [ 105.8765918, 21.0608135 ], [ 105.8755895, 21.0588598 ], [ 105.875602900000018, 21.0573151 ], [ 105.875605199999981, 21.0564633 ], [ 105.87358, 21.0549484 ], [ 105.872411499999984, 21.0536898 ], [ 105.870085599999982, 21.0542606 ], [ 105.869977899999981, 21.0544543 ], [ 105.869635, 21.0552312 ], [ 105.869044099999982, 21.0558177 ], [ 105.866141699999986, 21.0551059 ], [ 105.865294, 21.0548999 ], [ 105.8656635, 21.0553969 ], [ 105.864819299999979, 21.0581746 ], [ 105.8637456, 21.0601015 ], [ 105.862597899999983, 21.061343 ], [ 105.862328599999984, 21.0616769 ], [ 105.862796799999984, 21.0619301 ] ] ] } },
{ "type": "Feature", "properties": { "threshold_s": "600", "time_label": "10 min drive" }, "geometry": { "type": "Polygon", "coordinates": [ [ [ 105.8566887, 21.0682744 ], [ 105.8554159, 21.0695275 ], [ 105.858906, 21.0684699 ], [ 105.859707699999987, 21.0679259 ], [ 105.8613168, 21.066908 ], [ 105.867001699999989, 21.0649132 ], [ 105.870210899999989, 21.0660615 ], [ 105.8712769, 21.0664883 ], [ 105.8739598, 21.067521 ], [ 105.8747133, 21.0678109 ], [ 105.8797958, 21.0707875 ], [ 105.8818048, 21.0717699 ], [ 105.8839868, 21.0721666 ], [ 105.8851281, 21.0722029 ], [ 105.8854483, 21.0721671 ], [ 105.8844325, 21.0669751 ], [ 105.8832004, 21.0655483 ], [ 105.8847394, 21.0582911 ], [ 105.885313, 21.0558664 ], [ 105.8806019, 21.0528925 ], [ 105.8774361, 21.0498848 ], [ 105.8718654, 21.0455552 ], [ 105.8710851, 21.0449996 ], [ 105.865666499999989, 21.0453045 ], [ 105.8653748, 21.0454184 ], [ 105.863881599999985, 21.0508246 ], [ 105.8624137, 21.0556878 ], [ 105.86223339999998, 21.056369 ], [ 105.861555, 21.0593849 ], [ 105.85935, 21.065246 ], [ 105.8578995, 21.0670333 ], [ 105.8566887, 21.0682744 ] ] ] } },
{ "type": "Feature", "properties": { "threshold_s": "900", "time_label": "15 min drive" }, "geometry": { "type": "Polygon", "coordinates": [ [ [ 105.8532525, 21.0695637 ], [ 105.8480326, 21.0750821 ], [ 105.8485577, 21.0755759 ], [ 105.8504364, 21.0751424 ], [ 105.856910499999984, 21.0704523 ], [ 105.859707699999987, 21.0679259 ], [ 105.8712769, 21.0664883 ], [ 105.8739598, 21.067521 ], [ 105.8747133, 21.0678109 ], [ 105.8797958, 21.0707875 ], [ 105.8839025, 21.0731669 ], [ 105.8864478, 21.0743811 ], [ 105.888289599999979, 21.0752651 ], [ 105.8911496, 21.0757106 ], [ 105.8950308, 21.0763228 ], [ 105.8935548, 21.0651464 ], [ 105.8930138, 21.0617944 ], [ 105.8919146, 21.0499274 ], [ 105.8918177, 21.0498801 ], [ 105.8842314, 21.04506 ], [ 105.87893649999998, 21.0361188 ], [ 105.8751846, 21.035424 ], [ 105.8682662, 21.0353155 ], [ 105.867281899999981, 21.0355422 ], [ 105.8654306, 21.0378592 ], [ 105.8645302, 21.0425052 ], [ 105.8644483, 21.0456788 ], [ 105.8624137, 21.0556878 ], [ 105.86223339999998, 21.056369 ], [ 105.8621446, 21.0569473 ], [ 105.861555, 21.0593849 ], [ 105.8532525, 21.0695637 ] ] ] } },
{ "type": "Feature", "properties": { "threshold_s": "300", "time_label": "5 min drive" }, "geometry": { "type": "Polygon", "coordinates": [ [ [ 105.7804951, 21.0190562 ], [ 105.7784963, 21.0251352 ], [ 105.7788409, 21.0251049 ], [ 105.7807247, 21.0192201 ], [ 105.7812926, 21.0190509 ], [ 105.78416, 21.0191663 ], [ 105.7856934, 21.0202049 ], [ 105.786251799999988, 21.0225455 ], [ 105.787397899999988, 21.0233746 ], [ 105.7874737, 21.0234345 ], [ 105.79007129999998, 21.0230922 ], [ 105.789710099999979, 21.0208615 ], [ 105.7893161, 21.0187282 ], [ 105.788621399999982, 21.0165585 ], [ 105.7883783, 21.0147211 ], [ 105.7870771, 21.0118958 ], [ 105.7868004, 21.0117028 ], [ 105.783859099999987, 21.0133271 ], [ 105.783124199999989, 21.0114267 ], [ 105.782756699999979, 21.0121474 ], [ 105.7826004, 21.0124237 ], [ 105.782111599999979, 21.0132381 ], [ 105.781464, 21.0147435 ], [ 105.7793593, 21.0155211 ], [ 105.7773068, 21.0142567 ], [ 105.7754973, 21.0127595 ], [ 105.775398399999986, 21.0126783 ], [ 105.7750771, 21.0126558 ], [ 105.775172499999982, 21.0131286 ], [ 105.7760008, 21.0158586 ], [ 105.775900399999983, 21.0178109 ], [ 105.778520499999985, 21.0183861 ], [ 105.7804951, 21.0190562 ] ] ] } },
{ "type": "Feature", "properties": { "threshold_s": "600", "time_label": "10 min drive" }, "geometry": { "type": "Polygon", "coordinates": [ [ [ 105.7747937, 21.0295595 ], [ 105.7742317, 21.0314186 ], [ 105.7774912, 21.0311847 ], [ 105.780489, 21.0346752 ], [ 105.7806267, 21.035279 ], [ 105.783308199999979, 21.0331045 ], [ 105.7879122, 21.0323334 ], [ 105.789942399999987, 21.0314818 ], [ 105.7939922, 21.0313289 ], [ 105.794641399999989, 21.0305549 ], [ 105.794807799999987, 21.0298557 ], [ 105.7948587, 21.0286539 ], [ 105.7941908, 21.027382 ], [ 105.792539299999987, 21.0249285 ], [ 105.792066599999984, 21.0223365 ], [ 105.795708099999985, 21.0208178 ], [ 105.7971266, 21.0216502 ], [ 105.7982825, 21.0227415 ], [ 105.7984205, 21.0224283 ], [ 105.798757899999984, 21.0202513 ], [ 105.798380599999987, 21.0173283 ], [ 105.7982259, 21.0168721 ], [ 105.797121499999989, 21.0139697 ], [ 105.7953437, 21.0097815 ], [ 105.7959188, 21.0076968 ], [ 105.795791, 21.0076046 ], [ 105.793632699999989, 21.005824 ], [ 105.7940627, 21.0027568 ], [ 105.789256599999987, 21.003581 ], [ 105.790268399999988, 21.0074236 ], [ 105.788717299999988, 21.0093097 ], [ 105.784318899999988, 21.00993 ], [ 105.7827904, 21.0053748 ], [ 105.782722199999981, 21.0048577 ], [ 105.7780838, 21.0050415 ], [ 105.7765343, 21.0047294 ], [ 105.7759166, 21.0053256 ], [ 105.773389699999981, 21.0085997 ], [ 105.7701618, 21.0089145 ], [ 105.770048499999987, 21.0090598 ], [ 105.7712683, 21.0117854 ], [ 105.76957, 21.0142555 ], [ 105.768936599999989, 21.0151629 ], [ 105.7666999, 21.017074 ], [ 105.7665758, 21.0173618 ], [ 105.767461299999979, 21.0201478 ], [ 105.769758699999983, 21.0230124 ], [ 105.7736682, 21.0261405 ], [ 105.7747937, 21.0295595 ] ] ] } },
{ "type": "Feature", "properties": { "threshold_s": "900", "time_label": "15 min drive" }, "geometry": { "type": "Polygon", "coordinates": [ [ [ 105.763777499999989, 21.035137 ], [ 105.7641045, 21.0361102 ], [ 105.7657995, 21.036808 ], [ 105.7680028, 21.0377061 ], [ 105.771668399999982, 21.0385164 ], [ 105.775715299999987, 21.0409035 ], [ 105.780896100000021, 21.0431582 ], [ 105.7813836, 21.045339 ], [ 105.7814075, 21.0456891 ], [ 105.7814371, 21.0460459 ], [ 105.7814526, 21.0462375 ], [ 105.7840377, 21.0417303 ], [ 105.784003, 21.0405566 ], [ 105.7867063, 21.0364598 ], [ 105.7904322, 21.0396836 ], [ 105.7904295, 21.0401321 ], [ 105.790427799999989, 21.0402707 ], [ 105.790419299999982, 21.041258 ], [ 105.7904034, 21.0416374 ], [ 105.7908237, 21.0425142 ], [ 105.7917859, 21.0416366 ], [ 105.7970147, 21.0390054 ], [ 105.7970803, 21.0389315 ], [ 105.7976465, 21.0376646 ], [ 105.7988408, 21.0325776 ], [ 105.8010315, 21.0303453 ], [ 105.8013826, 21.0294161 ], [ 105.799663, 21.0275852 ], [ 105.8036281, 21.0234259 ], [ 105.8023428, 21.0193091 ], [ 105.806779, 21.0172304 ], [ 105.806664799999979, 21.0169709 ], [ 105.8061252, 21.0161234 ], [ 105.8045465, 21.0111886 ], [ 105.8046479, 21.0099789 ], [ 105.8039222, 21.0059679 ], [ 105.803480599999986, 21.0042422 ], [ 105.8020453, 20.9999631 ], [ 105.8004645, 20.996626 ], [ 105.799583, 20.9958415 ], [ 105.793465, 20.9954524 ], [ 105.7934023, 20.9954081 ], [ 105.793215, 20.9956305 ], [ 105.7875051, 20.9973598 ], [ 105.78659279999998, 20.9975136 ], [ 105.7797219, 20.9947227 ], [ 105.779253199999985, 20.994969 ], [ 105.778632, 20.9952913 ], [ 105.77908979999998, 20.9960677 ], [ 105.7802089, 20.9980136 ], [ 105.7794161, 21.0030366 ], [ 105.773880399999982, 21.0035708 ], [ 105.77165669999998, 20.9978645 ], [ 105.7707189, 20.9965195 ], [ 105.771524699999986, 20.9979288 ], [ 105.772818499999985, 21.0034659 ], [ 105.7706557, 21.0055121 ], [ 105.767886599999983, 21.0060766 ], [ 105.763071199999985, 21.0051121 ], [ 105.7622969, 21.0054086 ], [ 105.761326, 21.0071801 ], [ 105.7615731, 21.0114551 ], [ 105.765238, 21.0108684 ], [ 105.7654784, 21.0109014 ], [ 105.7687134, 21.0137138 ], [ 105.7671956, 21.0165248 ], [ 105.7666999, 21.017074 ], [ 105.7665758, 21.0173618 ], [ 105.7664541, 21.0181283 ], [ 105.766706200000016, 21.0204948 ], [ 105.762334699999982, 21.0230327 ], [ 105.762151, 21.0230848 ], [ 105.7595664, 21.0262791 ], [ 105.760161699999983, 21.026054 ], [ 105.764995099999979, 21.0290241 ], [ 105.7646188, 21.0324377 ], [ 105.764211599999982, 21.033245 ], [ 105.7637691, 21.0341793 ], [ 105.7635729, 21.0345506 ], [ 105.763777499999989, 21.035137 ] ] ] } },
{ "type": "Feature", "properties": { "threshold_s": "300", "time_label": "5 min drive" }, "geometry": { "type": "Polygon", "coordinates": [ [ [ 105.8389686, 21.0494783 ], [ 105.838671, 21.0522312 ], [ 105.8419165, 21.0518834 ], [ 105.8420238, 21.0518513 ], [ 105.8421703, 21.0516693 ], [ 105.8418845, 21.0488831 ], [ 105.843302199999982, 21.0471728 ], [ 105.8438635, 21.0467884 ], [ 105.845952499999981, 21.0446982 ], [ 105.847460799999979, 21.0437773 ], [ 105.848697199999989, 21.0418008 ], [ 105.8485616, 21.0402888 ], [ 105.8471764, 21.0398976 ], [ 105.8459856, 21.0399317 ], [ 105.8454121, 21.0400507 ], [ 105.843830299999979, 21.0403251 ], [ 105.8420285, 21.0406404 ], [ 105.8397245, 21.0384477 ], [ 105.839639700000021, 21.0384598 ], [ 105.8392334, 21.0385243 ], [ 105.838000199999982, 21.0413454 ], [ 105.836188, 21.041554 ], [ 105.835097299999987, 21.0418506 ], [ 105.8351095, 21.0426739 ], [ 105.8363039, 21.0440074 ], [ 105.838064499999987, 21.0427637 ], [ 105.8401771, 21.0433484 ], [ 105.840307699999983, 21.0458038 ], [ 105.84031760000002, 21.0464223 ], [ 105.838508299999987, 21.0487951 ], [ 105.8389686, 21.0494783 ] ] ] } },
{ "type": "Feature", "properties": { "threshold_s": "600", "time_label": "10 min drive" }, "geometry": { "type": "Polygon", "coordinates": [ [ [ 105.8337692, 21.0561987 ], [ 105.8324893, 21.061005 ], [ 105.8329185, 21.0609307 ], [ 105.8338327, 21.0599829 ], [ 105.8392422, 21.0589809 ], [ 105.842760199999987, 21.0584602 ], [ 105.8434512, 21.0579885 ], [ 105.8448187, 21.0565981 ], [ 105.8443236, 21.0542526 ], [ 105.844048699999988, 21.0528946 ], [ 105.844027199999985, 21.049822 ], [ 105.8481324, 21.0481674 ], [ 105.8492648, 21.0462351 ], [ 105.850106499999981, 21.0449387 ], [ 105.8513591, 21.04259 ], [ 105.8539648, 21.0399026 ], [ 105.8546021, 21.0386962 ], [ 105.855188, 21.0355451 ], [ 105.855330399999986, 21.0338854 ], [ 105.8544595, 21.0330415 ], [ 105.8529359, 21.0322265 ], [ 105.8474725, 21.0304548 ], [ 105.846568, 21.0299584 ], [ 105.843894599999985, 21.0280896 ], [ 105.841517, 21.02649 ], [ 105.840414599999988, 21.0277838 ], [ 105.835208699999981, 21.0291554 ], [ 105.8351408, 21.0292001 ], [ 105.833105, 21.0322249 ], [ 105.8317055, 21.0344357 ], [ 105.828665499999985, 21.0395817 ], [ 105.82651319999998, 21.0400574 ], [ 105.8247218, 21.0424488 ], [ 105.8285905, 21.0410636 ], [ 105.828956799999986, 21.040745 ], [ 105.835097299999987, 21.0418506 ], [ 105.8351095, 21.0426739 ], [ 105.8363039, 21.0440074 ], [ 105.838508299999987, 21.0487951 ], [ 105.835914299999985, 21.0526278 ], [ 105.8337692, 21.0561987 ] ] ] } },
{ "type": "Feature", "properties": { "threshold_s": "900", "time_label": "15 min drive" }, "geometry": { "type": "Polygon", "coordinates": [ [ [ 105.825410799999986, 21.0680456 ], [ 105.8262703, 21.0690716 ], [ 105.8307534, 21.0691798 ], [ 105.8328761, 21.0689699 ], [ 105.83456409999998, 21.0684068 ], [ 105.8350823, 21.0674844 ], [ 105.836126, 21.0657657 ], [ 105.837913199999988, 21.0640415 ], [ 105.8381526, 21.0625215 ], [ 105.8460751, 21.0600606 ], [ 105.8469571, 21.0656444 ], [ 105.8498942, 21.0617944 ], [ 105.8496843, 21.0596697 ], [ 105.848315199999988, 21.0591785 ], [ 105.8443236, 21.0542526 ], [ 105.8481324, 21.0481674 ], [ 105.8492648, 21.0462351 ], [ 105.850106499999981, 21.0449387 ], [ 105.8532054, 21.0410502 ], [ 105.8539648, 21.0399026 ], [ 105.8552544, 21.038343 ], [ 105.8559408, 21.0375631 ], [ 105.8580411, 21.033791 ], [ 105.8588286, 21.0330955 ], [ 105.865565599999982, 21.0396641 ], [ 105.8660828, 21.0398137 ], [ 105.8669011, 21.0389734 ], [ 105.866112099999981, 21.0389781 ], [ 105.859561899999989, 21.032523 ], [ 105.861271699999989, 21.0304235 ], [ 105.8613337, 21.0288933 ], [ 105.860767399999986, 21.0242371 ], [ 105.8607254, 21.0240373 ], [ 105.859451399999983, 21.0232707 ], [ 105.854508, 21.0229623 ], [ 105.8498841, 21.0203782 ], [ 105.847805799999989, 21.0195767 ], [ 105.8424924, 21.0173642 ], [ 105.8414099, 21.0174645 ], [ 105.8370701, 21.0188496 ], [ 105.8307261, 21.0201732 ], [ 105.8306589, 21.0202038 ], [ 105.827496, 21.0262322 ], [ 105.824737399999989, 21.0278021 ], [ 105.82168369999998, 21.0311603 ], [ 105.82163319999998, 21.0313084 ], [ 105.8215891, 21.0314693 ], [ 105.820262, 21.0352954 ], [ 105.815249, 21.0412048 ], [ 105.814005599999987, 21.0414615 ], [ 105.814111499999981, 21.0446838 ], [ 105.8142918, 21.0448188 ], [ 105.815235299999983, 21.0455385 ], [ 105.8172402, 21.0447458 ], [ 105.817391, 21.0446957 ], [ 105.823222, 21.0436032 ], [ 105.8251749, 21.0431721 ], [ 105.8285905, 21.0410636 ], [ 105.8351095, 21.0426739 ], [ 105.8363039, 21.0440074 ], [ 105.838508299999987, 21.0487951 ], [ 105.835914299999985, 21.0526278 ], [ 105.832645699999986, 21.0568351 ], [ 105.8324125, 21.0582621 ], [ 105.8293449, 21.0627201 ], [ 105.824286499999985, 21.0622978 ], [ 105.8240645, 21.0641052 ], [ 105.8242384, 21.0652249 ], [ 105.825410799999986, 21.0680456 ] ] ] } },
{ "type": "Feature", "properties": { "threshold_s": "300", "time_label": "5 min drive" }, "geometry": { "type": "Polygon", "coordinates": [ [ [ 105.838508299999987, 21.0487951 ], [ 105.839200599999984, 21.0509968 ], [ 105.8398226, 21.05119 ], [ 105.841027, 21.0512202 ], [ 105.8418845, 21.0488831 ], [ 105.8438635, 21.0467884 ], [ 105.844857099999984, 21.0458724 ], [ 105.8464868, 21.045385 ], [ 105.847460799999979, 21.0437773 ], [ 105.8482371, 21.042392 ], [ 105.8499291, 21.0406957 ], [ 105.8512049, 21.039884 ], [ 105.851149600000014, 21.0394834 ], [ 105.849608599999982, 21.0398489 ], [ 105.8480787, 21.0375461 ], [ 105.8462821, 21.0373809 ], [ 105.8460762, 21.03742 ], [ 105.8454918, 21.0375308 ], [ 105.8454121, 21.0400507 ], [ 105.843830299999979, 21.0403251 ], [ 105.8420285, 21.0406404 ], [ 105.8397836, 21.0388744 ], [ 105.8397245, 21.0384477 ], [ 105.840904899999984, 21.0341906 ], [ 105.840804, 21.0342079 ], [ 105.839639700000021, 21.0384598 ], [ 105.8392334, 21.0385243 ], [ 105.837023599999981, 21.0388764 ], [ 105.836188, 21.041554 ], [ 105.835097299999987, 21.0418506 ], [ 105.8351095, 21.0426739 ], [ 105.8363039, 21.0440074 ], [ 105.838064499999987, 21.0427637 ], [ 105.8401771, 21.0433484 ], [ 105.840307699999983, 21.0458038 ], [ 105.84031760000002, 21.0464223 ], [ 105.8407961, 21.0470259 ], [ 105.838508299999987, 21.0487951 ] ] ] } },
{ "type": "Feature", "properties": { "threshold_s": "600", "time_label": "10 min drive" }, "geometry": { "type": "Polygon", "coordinates": [ [ [ 105.834449899999981, 21.0573804 ], [ 105.8337915, 21.059953 ], [ 105.8338327, 21.0599829 ], [ 105.8392422, 21.0589809 ], [ 105.842760199999987, 21.0584602 ], [ 105.8434512, 21.0579885 ], [ 105.8448187, 21.0565981 ], [ 105.8443236, 21.0542526 ], [ 105.844048699999988, 21.0528946 ], [ 105.8481324, 21.0481674 ], [ 105.8492648, 21.0462351 ], [ 105.8532054, 21.0410502 ], [ 105.8559408, 21.0375631 ], [ 105.85726, 21.0315916 ], [ 105.8567475, 21.030865 ], [ 105.850585599999988, 21.0291892 ], [ 105.845615399999986, 21.0263771 ], [ 105.841464500000015, 21.024215 ], [ 105.839868899999985, 21.0264119 ], [ 105.8342281, 21.0277521 ], [ 105.834130499999986, 21.0277474 ], [ 105.8311704, 21.0325889 ], [ 105.831352, 21.0329976 ], [ 105.8317055, 21.0344357 ], [ 105.828665499999985, 21.0395817 ], [ 105.82651319999998, 21.0400574 ], [ 105.823096299999989, 21.0430757 ], [ 105.823222, 21.0436032 ], [ 105.8247218, 21.0424488 ], [ 105.8285905, 21.0410636 ], [ 105.8351095, 21.0426739 ], [ 105.8363039, 21.0440074 ], [ 105.838508299999987, 21.0487951 ], [ 105.835914299999985, 21.0526278 ], [ 105.834449899999981, 21.0573804 ] ] ] } },
{ "type": "Feature", "properties": { "threshold_s": "900", "time_label": "15 min drive" }, "geometry": { "type": "Polygon", "coordinates": [ [ [ 105.8265473, 21.0663962 ], [ 105.827230799999981, 21.0671114 ], [ 105.827299699999983, 21.0671643 ], [ 105.829994, 21.067886 ], [ 105.8315554, 21.0680995 ], [ 105.8336961, 21.0677917 ], [ 105.8350823, 21.0674844 ], [ 105.837913199999988, 21.0640415 ], [ 105.842760199999987, 21.0584602 ], [ 105.8460751, 21.0600606 ], [ 105.848916, 21.0612404 ], [ 105.8498942, 21.0617944 ], [ 105.8496843, 21.0596697 ], [ 105.848315199999988, 21.0591785 ], [ 105.8443236, 21.0542526 ], [ 105.8481324, 21.0481674 ], [ 105.8492648, 21.0462351 ], [ 105.850106499999981, 21.0449387 ], [ 105.8532054, 21.0410502 ], [ 105.8539648, 21.0399026 ], [ 105.8552544, 21.038343 ], [ 105.8559408, 21.0375631 ], [ 105.8580411, 21.033791 ], [ 105.8654306, 21.0378592 ], [ 105.865565599999982, 21.0396641 ], [ 105.865384399999982, 21.0405012 ], [ 105.8650849, 21.0413692 ], [ 105.8651778, 21.0421476 ], [ 105.865293399999985, 21.0421459 ], [ 105.8693654, 21.0411658 ], [ 105.8694211, 21.0406331 ], [ 105.868978799999979, 21.0375202 ], [ 105.866810799999982, 21.0376376 ], [ 105.861271699999989, 21.0304235 ], [ 105.8613337, 21.0288933 ], [ 105.861773199999988, 21.025698 ], [ 105.8620378, 21.0248247 ], [ 105.86210149999998, 21.0246067 ], [ 105.8598823, 21.0218612 ], [ 105.8580477, 21.0211556 ], [ 105.852676499999987, 21.0194209 ], [ 105.848517199999989, 21.0181574 ], [ 105.844269199999985, 21.017305 ], [ 105.8435857, 21.0172651 ], [ 105.8424924, 21.0173642 ], [ 105.8414099, 21.0174645 ], [ 105.8372522, 21.018501 ], [ 105.8297141, 21.0180563 ], [ 105.8295901, 21.0181958 ], [ 105.829181299999988, 21.0189074 ], [ 105.8269312, 21.0241688 ], [ 105.824737399999989, 21.0278021 ], [ 105.8202169, 21.0311016 ], [ 105.8150405, 21.0375771 ], [ 105.813010599999984, 21.0408524 ], [ 105.811661799999982, 21.0464801 ], [ 105.8118943, 21.0466978 ], [ 105.815235299999983, 21.0455385 ], [ 105.8172402, 21.0447458 ], [ 105.817391, 21.0446957 ], [ 105.823222, 21.0436032 ], [ 105.8251749, 21.0431721 ], [ 105.8285905, 21.0410636 ], [ 105.8351095, 21.0426739 ], [ 105.8363039, 21.0440074 ], [ 105.838508299999987, 21.0487951 ], [ 105.835914299999985, 21.0526278 ], [ 105.832645699999986, 21.0568351 ], [ 105.8324125, 21.0582621 ], [ 105.8293449, 21.0627201 ], [ 105.825054599999987, 21.0635553 ], [ 105.8250878, 21.0642798 ], [ 105.8265473, 21.0663962 ] ] ] } },
{ "type": "Feature", "properties": { "threshold_s": "300", "time_label": "5 min drive" }, "geometry": { "type": "Polygon", "coordinates": [ [ [ 105.793477599999989, 21.2153055 ], [ 105.7884325, 21.21677 ], [ 105.7878807, 21.2170297 ], [ 105.796125599999982, 21.2150242 ], [ 105.797734, 21.2141543 ], [ 105.7985253, 21.2139289 ], [ 105.7984946, 21.2138362 ], [ 105.796215600000011, 21.2132947 ], [ 105.7960057, 21.2146809 ], [ 105.7941911, 21.2151938 ], [ 105.793477599999989, 21.2153055 ] ] ] } },
{ "type": "Feature", "properties": { "threshold_s": "600", "time_label": "10 min drive" }, "geometry": { "type": "Polygon", "coordinates": [ [ [ 105.7839124, 21.2185568 ], [ 105.783949800000016, 21.2186464 ], [ 105.7878807, 21.2170297 ], [ 105.793477599999989, 21.2153055 ], [ 105.796125599999982, 21.2150242 ], [ 105.797891599999986, 21.2146074 ], [ 105.803599700000021, 21.2133013 ], [ 105.8082145, 21.2115988 ], [ 105.808583199999987, 21.2107344 ], [ 105.8034136, 21.2089002 ], [ 105.8023097, 21.2073417 ], [ 105.798865099999986, 21.2056494 ], [ 105.796671300000014, 21.204474 ], [ 105.791753699999987, 21.2047547 ], [ 105.7910487, 21.2064196 ], [ 105.7874878, 21.2102934 ], [ 105.7867234, 21.2107685 ], [ 105.7867822, 21.2114871 ], [ 105.7869311, 21.2117659 ], [ 105.787707399999988, 21.2129344 ], [ 105.7879624, 21.2152578 ], [ 105.7837458, 21.2181108 ], [ 105.7839124, 21.2185568 ] ] ] } },
{ "type": "Feature", "properties": { "threshold_s": "900", "time_label": "15 min drive" }, "geometry": { "type": "Polygon", "coordinates": [ [ [ 105.774119899999988, 21.2190078 ], [ 105.7795648, 21.2253485 ], [ 105.7850949, 21.2208732 ], [ 105.7941911, 21.2151938 ], [ 105.796125599999982, 21.2150242 ], [ 105.797891599999986, 21.2146074 ], [ 105.803599700000021, 21.2133013 ], [ 105.810116399999984, 21.2110616 ], [ 105.815506, 21.2095264 ], [ 105.816536, 21.209223 ], [ 105.8168611, 21.2086566 ], [ 105.8171715, 21.2064472 ], [ 105.8172342, 21.2058805 ], [ 105.808071, 21.2045504 ], [ 105.8043693, 21.2020334 ], [ 105.79845539999998, 21.1980143 ], [ 105.7902259, 21.1964854 ], [ 105.789843, 21.1966374 ], [ 105.7887838, 21.1971378 ], [ 105.787734199999989, 21.1976518 ], [ 105.786705399999988, 21.1981828 ], [ 105.7859717, 21.1985662 ], [ 105.7846498, 21.1992942 ], [ 105.783821, 21.2009671 ], [ 105.7831652, 21.2033215 ], [ 105.779497299999989, 21.2130911 ], [ 105.774119899999988, 21.2190078 ] ] ] } },
{ "type": "Feature", "properties": { "threshold_s": "300", "time_label": "5 min drive" }, "geometry": { "type": "Polygon", "coordinates": [ [ [ 105.793444599999987, 21.213597 ], [ 105.793477599999989, 21.2153055 ], [ 105.7941911, 21.2151938 ], [ 105.79506619999998, 21.2135262 ], [ 105.7960057, 21.2146809 ], [ 105.796125599999982, 21.2150242 ], [ 105.7969922, 21.2142647 ], [ 105.797891599999986, 21.2146074 ], [ 105.7989968, 21.2142728 ], [ 105.7989671, 21.2141924 ], [ 105.798837799999987, 21.2138405 ], [ 105.798804799999985, 21.2137479 ], [ 105.7984946, 21.2138362 ], [ 105.797848099999982, 21.2140206 ], [ 105.7967976, 21.2136075 ], [ 105.79669029999998, 21.2126423 ], [ 105.7969906, 21.2122245 ], [ 105.7972643, 21.2115771 ], [ 105.797562, 21.2108421 ], [ 105.7985403, 21.2103737 ], [ 105.7988588, 21.210226 ], [ 105.799445, 21.2099741 ], [ 105.7981009, 21.2094414 ], [ 105.7965401, 21.2093316 ], [ 105.7955076, 21.2087233 ], [ 105.794868699999981, 21.2081848 ], [ 105.794674599999979, 21.2089691 ], [ 105.79411, 21.2097442 ], [ 105.793089899999984, 21.2103817 ], [ 105.792708600000012, 21.2107179 ], [ 105.7925007, 21.2117648 ], [ 105.791422499999982, 21.211992 ], [ 105.7915985, 21.2133827 ], [ 105.7926114, 21.213327 ], [ 105.793444599999987, 21.213597 ] ] ] } },
{ "type": "Feature", "properties": { "threshold_s": "600", "time_label": "10 min drive" }, "geometry": { "type": "Polygon", "coordinates": [ [ [ 105.7785801, 21.2176937 ], [ 105.7799927, 21.2191886 ], [ 105.7814687, 21.2201035 ], [ 105.7843509, 21.2212331 ], [ 105.7850949, 21.2208732 ], [ 105.7884325, 21.21677 ], [ 105.793477599999989, 21.2153055 ], [ 105.7941911, 21.2151938 ], [ 105.796125599999982, 21.2150242 ], [ 105.797891599999986, 21.2146074 ], [ 105.803599700000021, 21.2133013 ], [ 105.810116399999984, 21.2110616 ], [ 105.812766699999983, 21.20972 ], [ 105.8135627, 21.2084821 ], [ 105.811380699999987, 21.2080976 ], [ 105.808534899999984, 21.208634 ], [ 105.8036119, 21.2042602 ], [ 105.8032027, 21.2034903 ], [ 105.8011814, 21.2029273 ], [ 105.7988236, 21.2036096 ], [ 105.7926843, 21.2018867 ], [ 105.7889611, 21.1999517 ], [ 105.7853982, 21.2069936 ], [ 105.7831434, 21.2083959 ], [ 105.7821008, 21.2138333 ], [ 105.7785801, 21.2176937 ] ] ] } },
{ "type": "Feature", "properties": { "threshold_s": "900", "time_label": "15 min drive" }, "geometry": { "type": "Polygon", "coordinates": [ [ [ 105.7691214, 21.2202291 ], [ 105.770104, 21.2213492 ], [ 105.773834, 21.2244207 ], [ 105.7786021, 21.2276017 ], [ 105.784196399999985, 21.228507 ], [ 105.7850949, 21.2208732 ], [ 105.793477599999989, 21.2153055 ], [ 105.7941911, 21.2151938 ], [ 105.796125599999982, 21.2150242 ], [ 105.797891599999986, 21.2146074 ], [ 105.7989968, 21.2142728 ], [ 105.803599700000021, 21.2133013 ], [ 105.810116399999984, 21.2110616 ], [ 105.815506, 21.2095264 ], [ 105.816536, 21.209223 ], [ 105.8220355, 21.2075905 ], [ 105.820626099999984, 21.2025446 ], [ 105.818162799999982, 21.201113 ], [ 105.8127485, 21.1996786 ], [ 105.8090982, 21.1990666 ], [ 105.801912499999986, 21.1976162 ], [ 105.7964201, 21.1937095 ], [ 105.7915378, 21.1938901 ], [ 105.78962, 21.1947453 ], [ 105.7803265, 21.2008718 ], [ 105.7751294, 21.209863 ], [ 105.7691214, 21.2202291 ] ] ] } },
{ "type": "Feature", "properties": { "threshold_s": "300", "time_label": "5 min drive" }, "geometry": { "type": "Polygon", "coordinates": [ [ [ 105.8242384, 21.0652249 ], [ 105.825410799999986, 21.0680456 ], [ 105.826035299999987, 21.0684484 ], [ 105.8263191, 21.0685624 ], [ 105.829994, 21.067886 ], [ 105.8315554, 21.0680995 ], [ 105.83456409999998, 21.0684068 ], [ 105.8350823, 21.0674844 ], [ 105.837913199999988, 21.0640415 ], [ 105.8378928, 21.0629911 ], [ 105.8373781, 21.0588464 ], [ 105.8368274, 21.0552363 ], [ 105.837592, 21.0525554 ], [ 105.8339102, 21.0561637 ], [ 105.8337692, 21.0561987 ], [ 105.8330831, 21.0565613 ], [ 105.832645699999986, 21.0568351 ], [ 105.8324125, 21.0582621 ], [ 105.8317713, 21.0608811 ], [ 105.8293449, 21.0627201 ], [ 105.8250106, 21.062725 ], [ 105.824541599999989, 21.0632504 ], [ 105.824149099999985, 21.063906 ], [ 105.8242384, 21.0652249 ] ] ] } },
{ "type": "Feature", "properties": { "threshold_s": "600", "time_label": "10 min drive" }, "geometry": { "type": "Polygon", "coordinates": [ [ [ 105.819147699999988, 21.0746625 ], [ 105.8187864, 21.0750424 ], [ 105.8188372, 21.0750797 ], [ 105.8214633, 21.0767496 ], [ 105.822004299999989, 21.076813 ], [ 105.8220906, 21.076801 ], [ 105.826889699999981, 21.0742817 ], [ 105.8290271, 21.0726398 ], [ 105.833167299999985, 21.0696651 ], [ 105.83456409999998, 21.0684068 ], [ 105.837913199999988, 21.0640415 ], [ 105.8381526, 21.0625215 ], [ 105.8392422, 21.0589809 ], [ 105.8434512, 21.0579885 ], [ 105.8448187, 21.0565981 ], [ 105.8443236, 21.0542526 ], [ 105.844048699999988, 21.0528946 ], [ 105.844027199999985, 21.049822 ], [ 105.846174499999989, 21.0450774 ], [ 105.845952499999981, 21.0446982 ], [ 105.843057499999986, 21.0443714 ], [ 105.8415026, 21.0446876 ], [ 105.8360875, 21.0436361 ], [ 105.84031760000002, 21.0464223 ], [ 105.838508299999987, 21.0487951 ], [ 105.835914299999985, 21.0526278 ], [ 105.832645699999986, 21.0568351 ], [ 105.8324125, 21.0582621 ], [ 105.8317713, 21.0608811 ], [ 105.8261921, 21.0612048 ], [ 105.8230532, 21.0569821 ], [ 105.8208852, 21.0546983 ], [ 105.820405799999989, 21.0550064 ], [ 105.820428099999987, 21.0568115 ], [ 105.8209989, 21.0621614 ], [ 105.819245, 21.0667666 ], [ 105.8193864, 21.0672773 ], [ 105.821453099999985, 21.0683428 ], [ 105.8213389, 21.0727396 ], [ 105.8197134, 21.0740943 ], [ 105.819147699999988, 21.0746625 ] ] ] } },
{ "type": "Feature", "properties": { "threshold_s": "900", "time_label": "15 min drive" }, "geometry": { "type": "Polygon", "coordinates": [ [ [ 105.8157867, 21.0857758 ], [ 105.8160341, 21.0862992 ], [ 105.8161364, 21.0863269 ], [ 105.8162355, 21.0863521 ], [ 105.8216434, 21.0832042 ], [ 105.822218299999989, 21.082718 ], [ 105.8320226, 21.0815984 ], [ 105.8360514, 21.0785898 ], [ 105.8368812, 21.0776944 ], [ 105.833167299999985, 21.0696651 ], [ 105.83456409999998, 21.0684068 ], [ 105.8350823, 21.0674844 ], [ 105.837913199999988, 21.0640415 ], [ 105.8460751, 21.0600606 ], [ 105.848916, 21.0612404 ], [ 105.8498942, 21.0617944 ], [ 105.8496843, 21.0596697 ], [ 105.848315199999988, 21.0591785 ], [ 105.8443236, 21.0542526 ], [ 105.8481324, 21.0481674 ], [ 105.8492648, 21.0462351 ], [ 105.850106499999981, 21.0449387 ], [ 105.8513591, 21.04259 ], [ 105.8523166, 21.0409591 ], [ 105.8532212, 21.0390552 ], [ 105.853296899999989, 21.0369383 ], [ 105.8470504, 21.0355456 ], [ 105.840904899999984, 21.0341906 ], [ 105.836186500000011, 21.0349715 ], [ 105.828665499999985, 21.0395817 ], [ 105.8263463, 21.0409169 ], [ 105.826639699999987, 21.0413859 ], [ 105.8285905, 21.0410636 ], [ 105.8363039, 21.0440074 ], [ 105.835914299999985, 21.0526278 ], [ 105.832645699999986, 21.0568351 ], [ 105.8230532, 21.0569821 ], [ 105.8208852, 21.0546983 ], [ 105.820405799999989, 21.0550064 ], [ 105.820428099999987, 21.0568115 ], [ 105.8209989, 21.0621614 ], [ 105.819245, 21.0667666 ], [ 105.8123599, 21.0688327 ], [ 105.811427699999982, 21.0692303 ], [ 105.811393899999985, 21.0692696 ], [ 105.810789199999988, 21.0736171 ], [ 105.811102, 21.0749521 ], [ 105.811242299999989, 21.0752984 ], [ 105.8126328, 21.0779007 ], [ 105.8157867, 21.0857758 ] ] ] } },
{ "type": "Feature", "properties": { "threshold_s": "300", "time_label": "5 min drive" }, "geometry": { "type": "Polygon", "coordinates": [ [ [ 105.836268899999979, 21.0316267 ], [ 105.8366268, 21.0336787 ], [ 105.8381949, 21.0336649 ], [ 105.840804, 21.0342079 ], [ 105.840904899999984, 21.0341906 ], [ 105.840682299999983, 21.0328473 ], [ 105.843290199999984, 21.0323602 ], [ 105.8447768, 21.0340917 ], [ 105.8449379, 21.0348636 ], [ 105.8454918, 21.0375308 ], [ 105.8460762, 21.03742 ], [ 105.8462821, 21.0373809 ], [ 105.8484865, 21.0367305 ], [ 105.849394799999985, 21.0353124 ], [ 105.850261500000016, 21.0331052 ], [ 105.8513365, 21.0323003 ], [ 105.8501894, 21.0298974 ], [ 105.8494419, 21.0291799 ], [ 105.8502936, 21.0269683 ], [ 105.851322199999984, 21.0247186 ], [ 105.8491985, 21.0237053 ], [ 105.848836100000014, 21.0227009 ], [ 105.8463276, 21.0227121 ], [ 105.845411900000016, 21.0229745 ], [ 105.8427541, 21.0238309 ], [ 105.8414355, 21.021993 ], [ 105.841464500000015, 21.024215 ], [ 105.8395402, 21.0242642 ], [ 105.8392509, 21.024602 ], [ 105.8380997, 21.0259862 ], [ 105.8357768, 21.0272036 ], [ 105.8361111, 21.0279427 ], [ 105.8364437, 21.0287371 ], [ 105.836138799999986, 21.030881 ], [ 105.836268899999979, 21.0316267 ] ] ] } },
{ "type": "Feature", "properties": { "threshold_s": "600", "time_label": "10 min drive" }, "geometry": { "type": "Polygon", "coordinates": [ [ [ 105.8267433, 21.0343099 ], [ 105.8273644, 21.0362036 ], [ 105.8282168, 21.0361744 ], [ 105.8317055, 21.0344357 ], [ 105.83272119999998, 21.034424 ], [ 105.8363518, 21.0356501 ], [ 105.837023599999981, 21.0388764 ], [ 105.836188, 21.041554 ], [ 105.8351095, 21.0426739 ], [ 105.8358527, 21.042708 ], [ 105.8359577, 21.042714 ], [ 105.836316, 21.042721 ], [ 105.838064499999987, 21.0427637 ], [ 105.84105959999998, 21.044674 ], [ 105.8418049, 21.0450949 ], [ 105.843328099999979, 21.0455598 ], [ 105.846347699999981, 21.0444049 ], [ 105.8496778, 21.0429992 ], [ 105.850239499999986, 21.0429333 ], [ 105.850918, 21.0428162 ], [ 105.8513591, 21.04259 ], [ 105.852290599999989, 21.040453 ], [ 105.8546021, 21.0386962 ], [ 105.8552544, 21.038343 ], [ 105.8555772, 21.0374457 ], [ 105.8562679, 21.035083 ], [ 105.8588286, 21.0330955 ], [ 105.859561899999989, 21.032523 ], [ 105.8598143, 21.0299614 ], [ 105.8588605, 21.0264696 ], [ 105.859122499999984, 21.0260143 ], [ 105.8600125, 21.0249853 ], [ 105.860767399999986, 21.0242371 ], [ 105.8607254, 21.0240373 ], [ 105.8598823, 21.0218612 ], [ 105.858891499999984, 21.0183814 ], [ 105.856344399999983, 21.0159717 ], [ 105.853255, 21.0147894 ], [ 105.8504595, 21.0134998 ], [ 105.8498801, 21.0134519 ], [ 105.849150399999985, 21.0133873 ], [ 105.8482749, 21.0133237 ], [ 105.8474309, 21.0132433 ], [ 105.846647899999979, 21.0134641 ], [ 105.847263, 21.0153508 ], [ 105.844269199999985, 21.017305 ], [ 105.8435857, 21.0172651 ], [ 105.8424924, 21.0173642 ], [ 105.8413476, 21.010746 ], [ 105.841156, 21.0107456 ], [ 105.8410532, 21.0107455 ], [ 105.8414099, 21.0174645 ], [ 105.8394154, 21.0189573 ], [ 105.8372522, 21.018501 ], [ 105.833795699999982, 21.0192431 ], [ 105.8307709, 21.0191322 ], [ 105.8306589, 21.0202038 ], [ 105.830986, 21.0208954 ], [ 105.8301057, 21.0241313 ], [ 105.827496, 21.0262322 ], [ 105.8271781, 21.0298033 ], [ 105.8270011, 21.0301355 ], [ 105.8256498, 21.031761 ], [ 105.8256225, 21.0318746 ], [ 105.8267433, 21.0343099 ] ] ] } },
{ "type": "Feature", "properties": { "threshold_s": "900", "time_label": "15 min drive" }, "geometry": { "type": "Polygon", "coordinates": [ [ [ 105.8133726, 21.0313635 ], [ 105.814906399999984, 21.0372027 ], [ 105.8152145, 21.0374458 ], [ 105.8226508, 21.039099 ], [ 105.8257707, 21.041239 ], [ 105.826639699999987, 21.0413859 ], [ 105.8285905, 21.0410636 ], [ 105.8363039, 21.0440074 ], [ 105.838508299999987, 21.0487951 ], [ 105.838671, 21.0522312 ], [ 105.842954, 21.0528872 ], [ 105.8481324, 21.0481674 ], [ 105.8492648, 21.0462351 ], [ 105.850106499999981, 21.0449387 ], [ 105.8532054, 21.0410502 ], [ 105.8539648, 21.0399026 ], [ 105.8552544, 21.038343 ], [ 105.8559408, 21.0375631 ], [ 105.8580411, 21.033791 ], [ 105.8588286, 21.0330955 ], [ 105.865565599999982, 21.0396641 ], [ 105.859561899999989, 21.032523 ], [ 105.861271699999989, 21.0304235 ], [ 105.8613337, 21.0288933 ], [ 105.8620378, 21.0248247 ], [ 105.86210149999998, 21.0246067 ], [ 105.864448899999985, 21.0179396 ], [ 105.8655468, 21.0144409 ], [ 105.8648353, 21.0117503 ], [ 105.8628271, 21.0086717 ], [ 105.860888599999981, 21.006907 ], [ 105.8546658, 21.0067839 ], [ 105.850946, 21.0031354 ], [ 105.850884399999984, 21.0031438 ], [ 105.850735700000016, 21.0032328 ], [ 105.8426162, 21.0027603 ], [ 105.84123, 21.0008729 ], [ 105.837045499999988, 21.0036744 ], [ 105.835219399999986, 21.009495 ], [ 105.8282054, 21.0118709 ], [ 105.824968499999983, 21.0104696 ], [ 105.822892399999986, 21.0162416 ], [ 105.818984799999981, 21.0231983 ], [ 105.8164399, 21.0296201 ], [ 105.813433900000021, 21.0311917 ], [ 105.8133726, 21.0313635 ] ] ] } },
{ "type": "Feature", "properties": { "threshold_s": "300", "time_label": "5 min drive" }, "geometry": { "type": "Polygon", "coordinates": [ [ [ 105.7912707, 21.0111346 ], [ 105.791419599999983, 21.0130853 ], [ 105.7942709, 21.0132583 ], [ 105.7951466, 21.0118049 ], [ 105.7953437, 21.0097815 ], [ 105.798126899999986, 21.0093354 ], [ 105.7993146, 21.0104976 ], [ 105.7994228, 21.0105902 ], [ 105.800564799999989, 21.0116311 ], [ 105.8011874, 21.0119471 ], [ 105.8019372, 21.0111425 ], [ 105.80215029999998, 21.0096249 ], [ 105.8019615, 21.0088848 ], [ 105.8014832, 21.0059956 ], [ 105.801285800000016, 21.0054173 ], [ 105.8008379, 21.00379 ], [ 105.8006883, 21.001738 ], [ 105.8001273, 21.0022571 ], [ 105.7999173, 21.0026244 ], [ 105.7997997, 21.0028296 ], [ 105.799217, 21.0035337 ], [ 105.7987746, 21.0040641 ], [ 105.797615899999983, 21.0054319 ], [ 105.7952323, 21.0037605 ], [ 105.7942658, 21.0030488 ], [ 105.793236899999982, 21.0038012 ], [ 105.7929724, 21.0040937 ], [ 105.78948339999998, 21.0037129 ], [ 105.7909653, 21.0047734 ], [ 105.7905424, 21.0076094 ], [ 105.7903689, 21.0078747 ], [ 105.7901466, 21.0081487 ], [ 105.790286499999979, 21.0093129 ], [ 105.7912707, 21.0111346 ] ] ] } },
{ "type": "Feature", "properties": { "threshold_s": "600", "time_label": "10 min drive" }, "geometry": { "type": "Polygon", "coordinates": [ [ [ 105.784113, 21.0190752 ], [ 105.78416, 21.0191663 ], [ 105.7872487, 21.0213248 ], [ 105.7911157, 21.0216057 ], [ 105.795708099999985, 21.0208178 ], [ 105.797428699999983, 21.0211545 ], [ 105.8017515, 21.020406 ], [ 105.8018031, 21.0203137 ], [ 105.8038896, 21.0185426 ], [ 105.8072926, 21.0203603 ], [ 105.8088205, 21.0207171 ], [ 105.8087031, 21.0196015 ], [ 105.8094024, 21.0155057 ], [ 105.809237599999989, 21.0151535 ], [ 105.8105007, 21.0103209 ], [ 105.809562699999987, 21.0088686 ], [ 105.809437299999985, 21.0086567 ], [ 105.808682399999981, 21.0080303 ], [ 105.806988799999985, 21.0037853 ], [ 105.807011599999981, 21.0034512 ], [ 105.8078813, 20.9999022 ], [ 105.805649699999989, 20.9984274 ], [ 105.806733599999987, 20.9941675 ], [ 105.8040869, 20.9973946 ], [ 105.8006622, 20.9951087 ], [ 105.799583, 20.9958415 ], [ 105.79920509999998, 20.9963297 ], [ 105.7943199, 20.9964602 ], [ 105.7937428, 20.9951049 ], [ 105.793679199999985, 20.9950583 ], [ 105.793351799999982, 20.9948254 ], [ 105.7926218, 20.9963759 ], [ 105.7875051, 20.9973598 ], [ 105.7872112, 20.9976783 ], [ 105.786944099999985, 20.9980744 ], [ 105.7850597, 21.0021777 ], [ 105.782811700000011, 21.0026587 ], [ 105.782586699999982, 21.0027176 ], [ 105.781925299999983, 21.002862 ], [ 105.781528899999984, 21.0029385 ], [ 105.7794161, 21.0030366 ], [ 105.7793972, 21.0037043 ], [ 105.7827904, 21.0053748 ], [ 105.783039299999984, 21.0089995 ], [ 105.7826429, 21.0103564 ], [ 105.7829245, 21.0111937 ], [ 105.7851037, 21.014335 ], [ 105.7835125, 21.0163004 ], [ 105.784113, 21.0190752 ] ] ] } },
{ "type": "Feature", "properties": { "threshold_s": "900", "time_label": "15 min drive" }, "geometry": { "type": "Polygon", "coordinates": [ [ [ 105.7784963, 21.0251352 ], [ 105.7810001, 21.0286052 ], [ 105.7834581, 21.0309914 ], [ 105.7839023, 21.0313876 ], [ 105.788362599999985, 21.0318306 ], [ 105.7939922, 21.0313289 ], [ 105.799663, 21.0275852 ], [ 105.8052995, 21.0280274 ], [ 105.809760399999988, 21.0268737 ], [ 105.812605099999985, 21.0298162 ], [ 105.8131428, 21.0302472 ], [ 105.8153298, 21.02723 ], [ 105.816100899999981, 21.022873 ], [ 105.8184616, 21.0191027 ], [ 105.81886919999998, 21.0140586 ], [ 105.8188893, 21.0137777 ], [ 105.8182137, 21.0130422 ], [ 105.8176724, 21.0124305 ], [ 105.81725059999998, 21.0119342 ], [ 105.816423700000016, 21.0062468 ], [ 105.818031, 21.0044283 ], [ 105.8184915, 21.0037492 ], [ 105.814307500000012, 20.9987879 ], [ 105.8139974, 20.9985801 ], [ 105.8114354, 20.9968636 ], [ 105.809424799999988, 20.9912138 ], [ 105.8083588, 20.9889901 ], [ 105.807060599999986, 20.9861469 ], [ 105.807001299999982, 20.9861054 ], [ 105.8052457, 20.9857683 ], [ 105.803923200000014, 20.9857854 ], [ 105.8032916, 20.9859797 ], [ 105.7962296, 20.9866976 ], [ 105.793361099999984, 20.9867809 ], [ 105.7880489, 20.9893615 ], [ 105.78490429999998, 20.9896581 ], [ 105.7827364, 20.9903608 ], [ 105.778632, 20.9952913 ], [ 105.77908979999998, 20.9960677 ], [ 105.7802089, 20.9980136 ], [ 105.7794161, 21.0030366 ], [ 105.773880399999982, 21.0035708 ], [ 105.772818499999985, 21.0034659 ], [ 105.7676894, 21.0061173 ], [ 105.768984, 21.0080703 ], [ 105.773423, 21.0097387 ], [ 105.774902, 21.0150757 ], [ 105.7749083, 21.0171869 ], [ 105.775181099999983, 21.0186764 ], [ 105.775832, 21.0184264 ], [ 105.778520499999985, 21.0183861 ], [ 105.7784963, 21.0251352 ] ] ] } },
{ "type": "Feature", "properties": { "threshold_s": "300", "time_label": "5 min drive" }, "geometry": { "type": "Polygon", "coordinates": [ [ [ 105.8519265, 20.8677245 ], [ 105.851104299999989, 20.8697431 ], [ 105.852967899999982, 20.8703635 ], [ 105.854015, 20.8697753 ], [ 105.8562233, 20.8704512 ], [ 105.856301299999984, 20.8699095 ], [ 105.858225499999989, 20.8683685 ], [ 105.8597502, 20.8698686 ], [ 105.8593627, 20.8709286 ], [ 105.8590434, 20.8722998 ], [ 105.8584006, 20.8730438 ], [ 105.8582561, 20.8750705 ], [ 105.8578506, 20.8759146 ], [ 105.85852269999998, 20.8760708 ], [ 105.8594175, 20.8759246 ], [ 105.859985699999982, 20.8754761 ], [ 105.8622988, 20.8750321 ], [ 105.8627716, 20.8749757 ], [ 105.864062, 20.8744134 ], [ 105.8655777, 20.8742427 ], [ 105.866386799999987, 20.873207 ], [ 105.86808, 20.8720865 ], [ 105.8686159, 20.8717481 ], [ 105.8682568, 20.8717995 ], [ 105.8678672, 20.8718551 ], [ 105.865806299999988, 20.8709503 ], [ 105.8660341, 20.8691122 ], [ 105.8670238, 20.8666919 ], [ 105.8683397, 20.8670675 ], [ 105.8683569, 20.8668499 ], [ 105.8671935, 20.8647531 ], [ 105.866876099999985, 20.8646563 ], [ 105.8667182, 20.8646127 ], [ 105.8659154, 20.8648559 ], [ 105.8634383, 20.8657009 ], [ 105.8622453, 20.8657643 ], [ 105.8612446, 20.8658086 ], [ 105.8602048, 20.8658472 ], [ 105.8607425, 20.8605474 ], [ 105.860563899999988, 20.860529 ], [ 105.857498, 20.8630118 ], [ 105.85566, 20.8648181 ], [ 105.854087, 20.864222 ], [ 105.8532365, 20.8649021 ], [ 105.851407499999979, 20.8662572 ], [ 105.8519265, 20.8677245 ] ] ] } },
{ "type": "Feature", "properties": { "threshold_s": "600", "time_label": "10 min drive" }, "geometry": { "type": "Polygon", "coordinates": [ [ [ 105.8407642, 20.8688018 ], [ 105.839488499999987, 20.8689132 ], [ 105.8400313, 20.8702877 ], [ 105.8423039, 20.8714962 ], [ 105.8435226, 20.8715462 ], [ 105.8450736, 20.8714011 ], [ 105.8485749, 20.8722832 ], [ 105.852455799999987, 20.8717503 ], [ 105.8531293, 20.8719073 ], [ 105.8562233, 20.8704512 ], [ 105.8584006, 20.8730438 ], [ 105.8582561, 20.8750705 ], [ 105.8578506, 20.8759146 ], [ 105.857131200000012, 20.8767667 ], [ 105.8529483, 20.8791857 ], [ 105.852262199999984, 20.8788589 ], [ 105.851104299999989, 20.8788921 ], [ 105.850762299999985, 20.8788553 ], [ 105.8501253, 20.8787866 ], [ 105.850778399999982, 20.8803391 ], [ 105.852803399999985, 20.8800516 ], [ 105.8564204, 20.8797603 ], [ 105.857046199999985, 20.8798927 ], [ 105.857214699999986, 20.8799283 ], [ 105.8591813, 20.88207 ], [ 105.85755, 20.8843001 ], [ 105.858756, 20.8844536 ], [ 105.8601579, 20.8843718 ], [ 105.8636919, 20.8842588 ], [ 105.8672354, 20.8822131 ], [ 105.868379799999985, 20.881499 ], [ 105.869293499999984, 20.8777326 ], [ 105.8704634, 20.8775674 ], [ 105.8720084, 20.8770974 ], [ 105.8750212, 20.8744039 ], [ 105.877422399999986, 20.8720609 ], [ 105.877896399999983, 20.8705434 ], [ 105.878505, 20.8681955 ], [ 105.8786508, 20.86567 ], [ 105.878529799999981, 20.8654309 ], [ 105.8777145, 20.8638596 ], [ 105.874431900000019, 20.861285 ], [ 105.8727287, 20.8585291 ], [ 105.872161099999985, 20.8584805 ], [ 105.8707576, 20.8582569 ], [ 105.86968, 20.8543816 ], [ 105.8697256, 20.8542763 ], [ 105.8691987, 20.8538193 ], [ 105.8686285, 20.8541673 ], [ 105.8689887, 20.854762 ], [ 105.8691086, 20.8575791 ], [ 105.8679937, 20.8592165 ], [ 105.8644429, 20.8574658 ], [ 105.8613164, 20.8567323 ], [ 105.861139899999984, 20.8566669 ], [ 105.8601371, 20.8562953 ], [ 105.8576713, 20.8553943 ], [ 105.8586477, 20.8518408 ], [ 105.8555696, 20.8543874 ], [ 105.85581089999998, 20.8576555 ], [ 105.8590436, 20.8585261 ], [ 105.860563899999988, 20.860529 ], [ 105.857498, 20.8630118 ], [ 105.8542772, 20.8620914 ], [ 105.8523998, 20.8615463 ], [ 105.8523551, 20.8615336 ], [ 105.8501789, 20.862791 ], [ 105.846758699999981, 20.8589891 ], [ 105.84769249999998, 20.8569696 ], [ 105.845058199999983, 20.8589406 ], [ 105.8466402, 20.8590402 ], [ 105.8468413, 20.8632853 ], [ 105.8463285, 20.8641559 ], [ 105.8419792, 20.8649877 ], [ 105.8418599, 20.8650738 ], [ 105.8407642, 20.8688018 ] ] ] } },
{ "type": "Feature", "properties": { "threshold_s": "900", "time_label": "15 min drive" }, "geometry": { "type": "Polygon", "coordinates": [ [ [ 105.828960599999988, 20.8692218 ], [ 105.82965489999998, 20.8712045 ], [ 105.833506299999982, 20.8741553 ], [ 105.836670499999983, 20.8778875 ], [ 105.83885189999998, 20.8797339 ], [ 105.8463499, 20.8793455 ], [ 105.84967469999998, 20.882438 ], [ 105.8516116, 20.8872571 ], [ 105.856173399999989, 20.8932332 ], [ 105.8559039, 20.8945279 ], [ 105.855826, 20.8947803 ], [ 105.8584131, 20.8939039 ], [ 105.8658678, 20.8915189 ], [ 105.8695827, 20.8889053 ], [ 105.8706303, 20.8857128 ], [ 105.8738653, 20.8796498 ], [ 105.8788773, 20.8752367 ], [ 105.8803998, 20.8753676 ], [ 105.884410599999981, 20.8759785 ], [ 105.887578199999979, 20.8705483 ], [ 105.889452299999988, 20.8677534 ], [ 105.8864178, 20.8643573 ], [ 105.8850194, 20.8602642 ], [ 105.882436499999983, 20.854577 ], [ 105.880603799999989, 20.856092 ], [ 105.8745561, 20.8522065 ], [ 105.8756424, 20.8500164 ], [ 105.8770776, 20.8485861 ], [ 105.877945399999987, 20.8480528 ], [ 105.877598, 20.8469297 ], [ 105.877384899999981, 20.8466366 ], [ 105.8736499, 20.84531 ], [ 105.8719242, 20.8467134 ], [ 105.8677755, 20.8505817 ], [ 105.863949, 20.8457536 ], [ 105.8605018, 20.8450611 ], [ 105.858173399999984, 20.8458091 ], [ 105.852472599999984, 20.8438985 ], [ 105.8515433, 20.8437757 ], [ 105.847465799999981, 20.8470675 ], [ 105.843520899999987, 20.8472642 ], [ 105.840488099999988, 20.8504514 ], [ 105.8369958, 20.8535056 ], [ 105.8348849, 20.8555258 ], [ 105.8357242, 20.8608409 ], [ 105.8352765, 20.8650664 ], [ 105.8304741, 20.8676279 ], [ 105.8298129, 20.8677544 ], [ 105.828756899999988, 20.8679943 ], [ 105.828960599999988, 20.8692218 ] ] ] } },
{ "type": "Feature", "properties": { "threshold_s": "300", "time_label": "5 min drive" }, "geometry": { "type": "Polygon", "coordinates": [ [ [ 105.8519265, 20.8677245 ], [ 105.851104299999989, 20.8697431 ], [ 105.852967899999982, 20.8703635 ], [ 105.854015, 20.8697753 ], [ 105.8562233, 20.8704512 ], [ 105.856301299999984, 20.8699095 ], [ 105.858225499999989, 20.8683685 ], [ 105.8597502, 20.8698686 ], [ 105.8593627, 20.8709286 ], [ 105.8590434, 20.8722998 ], [ 105.8584006, 20.8730438 ], [ 105.8582561, 20.8750705 ], [ 105.8578506, 20.8759146 ], [ 105.85852269999998, 20.8760708 ], [ 105.8594175, 20.8759246 ], [ 105.859985699999982, 20.8754761 ], [ 105.8622988, 20.8750321 ], [ 105.8627716, 20.8749757 ], [ 105.864062, 20.8744134 ], [ 105.8655777, 20.8742427 ], [ 105.866386799999987, 20.873207 ], [ 105.86808, 20.8720865 ], [ 105.8686159, 20.8717481 ], [ 105.8682568, 20.8717995 ], [ 105.8678672, 20.8718551 ], [ 105.865806299999988, 20.8709503 ], [ 105.8660341, 20.8691122 ], [ 105.8670238, 20.8666919 ], [ 105.8683397, 20.8670675 ], [ 105.8683569, 20.8668499 ], [ 105.8671935, 20.8647531 ], [ 105.866876099999985, 20.8646563 ], [ 105.8667182, 20.8646127 ], [ 105.8659154, 20.8648559 ], [ 105.8634383, 20.8657009 ], [ 105.8622453, 20.8657643 ], [ 105.8612446, 20.8658086 ], [ 105.8602048, 20.8658472 ], [ 105.8607425, 20.8605474 ], [ 105.860563899999988, 20.860529 ], [ 105.857498, 20.8630118 ], [ 105.85566, 20.8648181 ], [ 105.854087, 20.864222 ], [ 105.8532365, 20.8649021 ], [ 105.851407499999979, 20.8662572 ], [ 105.8519265, 20.8677245 ] ] ] } },
{ "type": "Feature", "properties": { "threshold_s": "600", "time_label": "10 min drive" }, "geometry": { "type": "Polygon", "coordinates": [ [ [ 105.8407642, 20.8688018 ], [ 105.839488499999987, 20.8689132 ], [ 105.8400313, 20.8702877 ], [ 105.8423039, 20.8714962 ], [ 105.8435226, 20.8715462 ], [ 105.8450736, 20.8714011 ], [ 105.8485749, 20.8722832 ], [ 105.852455799999987, 20.8717503 ], [ 105.8531293, 20.8719073 ], [ 105.8562233, 20.8704512 ], [ 105.8584006, 20.8730438 ], [ 105.8582561, 20.8750705 ], [ 105.8578506, 20.8759146 ], [ 105.857131200000012, 20.8767667 ], [ 105.8529483, 20.8791857 ], [ 105.852262199999984, 20.8788589 ], [ 105.851104299999989, 20.8788921 ], [ 105.850762299999985, 20.8788553 ], [ 105.8501253, 20.8787866 ], [ 105.850778399999982, 20.8803391 ], [ 105.852803399999985, 20.8800516 ], [ 105.8564204, 20.8797603 ], [ 105.857046199999985, 20.8798927 ], [ 105.857214699999986, 20.8799283 ], [ 105.8591813, 20.88207 ], [ 105.85755, 20.8843001 ], [ 105.858756, 20.8844536 ], [ 105.8601579, 20.8843718 ], [ 105.8636919, 20.8842588 ], [ 105.8672354, 20.8822131 ], [ 105.868379799999985, 20.881499 ], [ 105.869293499999984, 20.8777326 ], [ 105.8704634, 20.8775674 ], [ 105.8720084, 20.8770974 ], [ 105.8750212, 20.8744039 ], [ 105.877422399999986, 20.8720609 ], [ 105.877896399999983, 20.8705434 ], [ 105.878505, 20.8681955 ], [ 105.8786508, 20.86567 ], [ 105.878529799999981, 20.8654309 ], [ 105.8777145, 20.8638596 ], [ 105.874431900000019, 20.861285 ], [ 105.8727287, 20.8585291 ], [ 105.872161099999985, 20.8584805 ], [ 105.8707576, 20.8582569 ], [ 105.86968, 20.8543816 ], [ 105.8697256, 20.8542763 ], [ 105.8691987, 20.8538193 ], [ 105.8686285, 20.8541673 ], [ 105.8689887, 20.854762 ], [ 105.8691086, 20.8575791 ], [ 105.8679937, 20.8592165 ], [ 105.8644429, 20.8574658 ], [ 105.8613164, 20.8567323 ], [ 105.861139899999984, 20.8566669 ], [ 105.8601371, 20.8562953 ], [ 105.8576713, 20.8553943 ], [ 105.8586477, 20.8518408 ], [ 105.8555696, 20.8543874 ], [ 105.85581089999998, 20.8576555 ], [ 105.8590436, 20.8585261 ], [ 105.860563899999988, 20.860529 ], [ 105.857498, 20.8630118 ], [ 105.8542772, 20.8620914 ], [ 105.8523998, 20.8615463 ], [ 105.8523551, 20.8615336 ], [ 105.8501789, 20.862791 ], [ 105.846758699999981, 20.8589891 ], [ 105.84769249999998, 20.8569696 ], [ 105.845058199999983, 20.8589406 ], [ 105.8466402, 20.8590402 ], [ 105.8468413, 20.8632853 ], [ 105.8463285, 20.8641559 ], [ 105.8419792, 20.8649877 ], [ 105.8418599, 20.8650738 ], [ 105.8407642, 20.8688018 ] ] ] } },
{ "type": "Feature", "properties": { "threshold_s": "900", "time_label": "15 min drive" }, "geometry": { "type": "Polygon", "coordinates": [ [ [ 105.828960599999988, 20.8692218 ], [ 105.82965489999998, 20.8712045 ], [ 105.833506299999982, 20.8741553 ], [ 105.836670499999983, 20.8778875 ], [ 105.83885189999998, 20.8797339 ], [ 105.8463499, 20.8793455 ], [ 105.84967469999998, 20.882438 ], [ 105.8516116, 20.8872571 ], [ 105.856173399999989, 20.8932332 ], [ 105.8559039, 20.8945279 ], [ 105.855826, 20.8947803 ], [ 105.8584131, 20.8939039 ], [ 105.8658678, 20.8915189 ], [ 105.8695827, 20.8889053 ], [ 105.8706303, 20.8857128 ], [ 105.8738653, 20.8796498 ], [ 105.8788773, 20.8752367 ], [ 105.8803998, 20.8753676 ], [ 105.884410599999981, 20.8759785 ], [ 105.887578199999979, 20.8705483 ], [ 105.889452299999988, 20.8677534 ], [ 105.8864178, 20.8643573 ], [ 105.8850194, 20.8602642 ], [ 105.882436499999983, 20.854577 ], [ 105.880603799999989, 20.856092 ], [ 105.8745561, 20.8522065 ], [ 105.8756424, 20.8500164 ], [ 105.8770776, 20.8485861 ], [ 105.877945399999987, 20.8480528 ], [ 105.877598, 20.8469297 ], [ 105.877384899999981, 20.8466366 ], [ 105.8736499, 20.84531 ], [ 105.8719242, 20.8467134 ], [ 105.8677755, 20.8505817 ], [ 105.863949, 20.8457536 ], [ 105.8605018, 20.8450611 ], [ 105.858173399999984, 20.8458091 ], [ 105.852472599999984, 20.8438985 ], [ 105.8515433, 20.8437757 ], [ 105.847465799999981, 20.8470675 ], [ 105.843520899999987, 20.8472642 ], [ 105.840488099999988, 20.8504514 ], [ 105.8369958, 20.8535056 ], [ 105.8348849, 20.8555258 ], [ 105.8357242, 20.8608409 ], [ 105.8352765, 20.8650664 ], [ 105.8304741, 20.8676279 ], [ 105.8298129, 20.8677544 ], [ 105.828756899999988, 20.8679943 ], [ 105.828960599999988, 20.8692218 ] ] ] } },
{ "type": "Feature", "properties": { "threshold_s": "300", "time_label": "5 min drive" }, "geometry": { "type": "Polygon", "coordinates": [ [ [ 105.818312800000015, 21.0387461 ], [ 105.8189915, 21.0421277 ], [ 105.82078340000001, 21.0419242 ], [ 105.8235539, 21.0417525 ], [ 105.826639699999987, 21.0413859 ], [ 105.828665499999985, 21.0395817 ], [ 105.82651319999998, 21.0400574 ], [ 105.8257707, 21.041239 ], [ 105.8233287, 21.0412791 ], [ 105.8226508, 21.039099 ], [ 105.822601899999981, 21.0387205 ], [ 105.8195728, 21.0371042 ], [ 105.818312800000015, 21.0387461 ] ] ] } },
{ "type": "Feature", "properties": { "threshold_s": "600", "time_label": "10 min drive" }, "geometry": { "type": "Polygon", "coordinates": [ [ [ 105.816428500000015, 21.0435567 ], [ 105.8172402, 21.0447458 ], [ 105.817391, 21.0446957 ], [ 105.8185603, 21.0434901 ], [ 105.823222, 21.0436032 ], [ 105.8251749, 21.0431721 ], [ 105.8285905, 21.0410636 ], [ 105.8351095, 21.0426739 ], [ 105.8363039, 21.0440074 ], [ 105.838064499999987, 21.0427637 ], [ 105.838000199999982, 21.0413454 ], [ 105.836188, 21.041554 ], [ 105.835097299999987, 21.0418506 ], [ 105.828956799999986, 21.040745 ], [ 105.828665499999985, 21.0395817 ], [ 105.8280025, 21.0355165 ], [ 105.8317055, 21.0344357 ], [ 105.83272119999998, 21.034424 ], [ 105.833620399999987, 21.0342652 ], [ 105.834611099999989, 21.0340502 ], [ 105.8356272, 21.033863 ], [ 105.8366268, 21.0336787 ], [ 105.833105, 21.0322249 ], [ 105.832906799999989, 21.0329523 ], [ 105.8271908, 21.0334056 ], [ 105.8267433, 21.0343099 ], [ 105.821467899999988, 21.0351968 ], [ 105.8205961, 21.0335635 ], [ 105.8202052, 21.0333502 ], [ 105.8172566, 21.030683 ], [ 105.815964, 21.0306627 ], [ 105.8139284, 21.0339223 ], [ 105.812700599999985, 21.0387141 ], [ 105.812730099999982, 21.0389323 ], [ 105.8163784, 21.0419711 ], [ 105.816428500000015, 21.0435567 ] ] ] } },
{ "type": "Feature", "properties": { "threshold_s": "900", "time_label": "15 min drive" }, "geometry": { "type": "Polygon", "coordinates": [ [ [ 105.806134599999979, 21.0426071 ], [ 105.8051624, 21.0484623 ], [ 105.8064247, 21.0486989 ], [ 105.8065021, 21.0486522 ], [ 105.811723299999983, 21.0547895 ], [ 105.813290599999988, 21.0506848 ], [ 105.817391, 21.0446957 ], [ 105.823222, 21.0436032 ], [ 105.8251749, 21.0431721 ], [ 105.8285905, 21.0410636 ], [ 105.8351095, 21.0426739 ], [ 105.8363039, 21.0440074 ], [ 105.838508299999987, 21.0487951 ], [ 105.838671, 21.0522312 ], [ 105.8419165, 21.0518834 ], [ 105.8420238, 21.0518513 ], [ 105.8421703, 21.0516693 ], [ 105.8438635, 21.0467884 ], [ 105.847460799999979, 21.0437773 ], [ 105.8502396, 21.0404039 ], [ 105.8480787, 21.0375461 ], [ 105.845064, 21.0313485 ], [ 105.8445748, 21.0289326 ], [ 105.8437592, 21.0269191 ], [ 105.8414982, 21.0259455 ], [ 105.835375899999988, 21.0248546 ], [ 105.832224299999979, 21.0234152 ], [ 105.832154499999987, 21.0234448 ], [ 105.827208899999988, 21.0252373 ], [ 105.8195594, 21.022956 ], [ 105.819179799999986, 21.0223888 ], [ 105.819080499999984, 21.0224513 ], [ 105.818984799999981, 21.0231983 ], [ 105.815483199999989, 21.0270157 ], [ 105.8107808, 21.0241301 ], [ 105.810573299999987, 21.0241547 ], [ 105.809760399999988, 21.0268737 ], [ 105.806420599999981, 21.0333888 ], [ 105.804361899999989, 21.0345534 ], [ 105.804505, 21.0349784 ], [ 105.805903299999983, 21.0400077 ], [ 105.806134599999979, 21.0426071 ] ] ] } },
{ "type": "Feature", "properties": { "threshold_s": "300", "time_label": "5 min drive" }, "geometry": { "type": "Polygon", "coordinates": [ [ [ 105.743760899999984, 20.6920804 ], [ 105.7444006, 20.6944114 ], [ 105.746372, 20.6952419 ], [ 105.747825299999988, 20.6958633 ], [ 105.750265499999983, 20.6961771 ], [ 105.7506085, 20.696303 ], [ 105.7517472, 20.6967424 ], [ 105.752412399999983, 20.69678 ], [ 105.753096299999982, 20.6964426 ], [ 105.7547612, 20.6950788 ], [ 105.755596299999979, 20.6954547 ], [ 105.756661, 20.6960323 ], [ 105.7581255, 20.6950688 ], [ 105.758839, 20.6944841 ], [ 105.758073699999983, 20.6938978 ], [ 105.7568344, 20.6931089 ], [ 105.755489899999986, 20.6932731 ], [ 105.7530601, 20.6926299 ], [ 105.7534271, 20.6913628 ], [ 105.7542408, 20.6900553 ], [ 105.7543712, 20.6898457 ], [ 105.7544508, 20.6897242 ], [ 105.7545639, 20.6895284 ], [ 105.7547233, 20.6892625 ], [ 105.754881, 20.6890032 ], [ 105.7551697, 20.6885287 ], [ 105.755609899999982, 20.687824 ], [ 105.755744599999986, 20.6875916 ], [ 105.755318499999987, 20.6873053 ], [ 105.753861499999985, 20.6855208 ], [ 105.7535564, 20.6861222 ], [ 105.7516694, 20.6841694 ], [ 105.750548899999984, 20.685232 ], [ 105.7482701, 20.6847151 ], [ 105.747613799999982, 20.6837092 ], [ 105.746176299999988, 20.6839318 ], [ 105.7437865, 20.6836519 ], [ 105.744703099999981, 20.6847407 ], [ 105.743547699999979, 20.6861362 ], [ 105.742436799999979, 20.6859499 ], [ 105.7418165, 20.6857414 ], [ 105.74116859999998, 20.6851649 ], [ 105.740977099999981, 20.6855253 ], [ 105.741141399999989, 20.686983 ], [ 105.7418783, 20.687756 ], [ 105.742735199999984, 20.6899648 ], [ 105.743760899999984, 20.6920804 ] ] ] } },
{ "type": "Feature", "properties": { "threshold_s": "600", "time_label": "10 min drive" }, "geometry": { "type": "Polygon", "coordinates": [ [ [ 105.736071, 20.6911746 ], [ 105.735018299999979, 20.6925638 ], [ 105.735265, 20.6927896 ], [ 105.7384807, 20.695438 ], [ 105.7424192, 20.6983674 ], [ 105.74522140000002, 20.6980572 ], [ 105.7506085, 20.696303 ], [ 105.751324499999981, 20.6965576 ], [ 105.7517472, 20.6967424 ], [ 105.755338699999982, 20.6974575 ], [ 105.756679799999986, 20.6977824 ], [ 105.760890799999984, 20.69989 ], [ 105.7621583, 20.7011215 ], [ 105.7622366, 20.7011249 ], [ 105.764201699999987, 20.6987549 ], [ 105.765426, 20.6972259 ], [ 105.7621756, 20.696959 ], [ 105.7637058, 20.6916808 ], [ 105.7644898, 20.6903821 ], [ 105.7651016, 20.6895908 ], [ 105.765164299999981, 20.6894939 ], [ 105.7650489, 20.6894193 ], [ 105.7635919, 20.6886033 ], [ 105.761220099999989, 20.6872379 ], [ 105.760864, 20.6831826 ], [ 105.7611483, 20.6827246 ], [ 105.761469199999979, 20.682243 ], [ 105.762126, 20.6812177 ], [ 105.7626412, 20.679562 ], [ 105.7613147, 20.6780195 ], [ 105.7572761, 20.6772017 ], [ 105.751770599999986, 20.6760644 ], [ 105.751101199999979, 20.6766095 ], [ 105.750436, 20.6771717 ], [ 105.7451257, 20.6792805 ], [ 105.7410457, 20.6760614 ], [ 105.737186, 20.6775329 ], [ 105.738638200000011, 20.6783307 ], [ 105.7437995, 20.6814318 ], [ 105.741573599999981, 20.6842377 ], [ 105.7382367, 20.6842741 ], [ 105.7374784, 20.6839497 ], [ 105.732583099999985, 20.6862037 ], [ 105.730578699999981, 20.6864046 ], [ 105.7326015, 20.6863177 ], [ 105.7350487, 20.6861753 ], [ 105.736071, 20.6911746 ] ] ] } },
{ "type": "Feature", "properties": { "threshold_s": "900", "time_label": "15 min drive" }, "geometry": { "type": "Polygon", "coordinates": [ [ [ 105.738718399999982, 20.7011991 ], [ 105.73843890000002, 20.7042249 ], [ 105.739521, 20.7052286 ], [ 105.7414965, 20.7070377 ], [ 105.746507799999989, 20.7041475 ], [ 105.752289, 20.7023966 ], [ 105.756070599999987, 20.7009391 ], [ 105.7560844, 20.7009314 ], [ 105.7621583, 20.7011215 ], [ 105.7638703, 20.7060958 ], [ 105.764170599999986, 20.706604 ], [ 105.7670159, 20.7112562 ], [ 105.7671312, 20.7112566 ], [ 105.767764, 20.7104879 ], [ 105.7682617, 20.7095047 ], [ 105.76729330000002, 20.7052558 ], [ 105.7670988, 20.7001811 ], [ 105.77095180000002, 20.6977887 ], [ 105.773919099999986, 20.6941782 ], [ 105.774785499999979, 20.6912678 ], [ 105.7740055, 20.6909099 ], [ 105.772247299999989, 20.6842321 ], [ 105.7707978, 20.678879 ], [ 105.77102979999998, 20.6724108 ], [ 105.7653293, 20.6715255 ], [ 105.763162699999981, 20.6698545 ], [ 105.759491199999985, 20.6701306 ], [ 105.7543275, 20.6702815 ], [ 105.74781969999998, 20.6682369 ], [ 105.7425096, 20.6680079 ], [ 105.738453199999981, 20.6678331 ], [ 105.7383185, 20.6679367 ], [ 105.7327706, 20.6725048 ], [ 105.731176299999987, 20.6737 ], [ 105.7285139, 20.6759944 ], [ 105.7238545, 20.6780123 ], [ 105.7234284, 20.6786782 ], [ 105.7259834, 20.6789716 ], [ 105.728772699999979, 20.6848437 ], [ 105.7290205, 20.6865228 ], [ 105.7333134, 20.6913703 ], [ 105.7313356, 20.6946498 ], [ 105.7384807, 20.695438 ], [ 105.738718399999982, 20.7011991 ] ] ] } },
{ "type": "Feature", "properties": { "threshold_s": "300", "time_label": "5 min drive" }, "geometry": { "type": "Polygon", "coordinates": [ [ [ 105.838508299999987, 21.0487951 ], [ 105.839200599999984, 21.0509968 ], [ 105.8398226, 21.05119 ], [ 105.841027, 21.0512202 ], [ 105.8418845, 21.0488831 ], [ 105.8438635, 21.0467884 ], [ 105.844857099999984, 21.0458724 ], [ 105.8464868, 21.045385 ], [ 105.847460799999979, 21.0437773 ], [ 105.8482371, 21.042392 ], [ 105.8499291, 21.0406957 ], [ 105.8512049, 21.039884 ], [ 105.851149600000014, 21.0394834 ], [ 105.849608599999982, 21.0398489 ], [ 105.8480787, 21.0375461 ], [ 105.8462821, 21.0373809 ], [ 105.8460762, 21.03742 ], [ 105.8454918, 21.0375308 ], [ 105.8454121, 21.0400507 ], [ 105.843830299999979, 21.0403251 ], [ 105.8420285, 21.0406404 ], [ 105.8397836, 21.0388744 ], [ 105.8397245, 21.0384477 ], [ 105.840904899999984, 21.0341906 ], [ 105.840804, 21.0342079 ], [ 105.839639700000021, 21.0384598 ], [ 105.8392334, 21.0385243 ], [ 105.837023599999981, 21.0388764 ], [ 105.836188, 21.041554 ], [ 105.835097299999987, 21.0418506 ], [ 105.8351095, 21.0426739 ], [ 105.8363039, 21.0440074 ], [ 105.838064499999987, 21.0427637 ], [ 105.8401771, 21.0433484 ], [ 105.840307699999983, 21.0458038 ], [ 105.84031760000002, 21.0464223 ], [ 105.8407961, 21.0470259 ], [ 105.838508299999987, 21.0487951 ] ] ] } },
{ "type": "Feature", "properties": { "threshold_s": "600", "time_label": "10 min drive" }, "geometry": { "type": "Polygon", "coordinates": [ [ [ 105.834449899999981, 21.0573804 ], [ 105.8337915, 21.059953 ], [ 105.8338327, 21.0599829 ], [ 105.8392422, 21.0589809 ], [ 105.842760199999987, 21.0584602 ], [ 105.8434512, 21.0579885 ], [ 105.8448187, 21.0565981 ], [ 105.8443236, 21.0542526 ], [ 105.844048699999988, 21.0528946 ], [ 105.8481324, 21.0481674 ], [ 105.8492648, 21.0462351 ], [ 105.8532054, 21.0410502 ], [ 105.8559408, 21.0375631 ], [ 105.85726, 21.0315916 ], [ 105.8567475, 21.030865 ], [ 105.850585599999988, 21.0291892 ], [ 105.845615399999986, 21.0263771 ], [ 105.841464500000015, 21.024215 ], [ 105.839868899999985, 21.0264119 ], [ 105.8342281, 21.0277521 ], [ 105.834130499999986, 21.0277474 ], [ 105.8311704, 21.0325889 ], [ 105.831352, 21.0329976 ], [ 105.8317055, 21.0344357 ], [ 105.828665499999985, 21.0395817 ], [ 105.82651319999998, 21.0400574 ], [ 105.823096299999989, 21.0430757 ], [ 105.823222, 21.0436032 ], [ 105.8247218, 21.0424488 ], [ 105.8285905, 21.0410636 ], [ 105.8351095, 21.0426739 ], [ 105.8363039, 21.0440074 ], [ 105.838508299999987, 21.0487951 ], [ 105.835914299999985, 21.0526278 ], [ 105.834449899999981, 21.0573804 ] ] ] } },
{ "type": "Feature", "properties": { "threshold_s": "900", "time_label": "15 min drive" }, "geometry": { "type": "Polygon", "coordinates": [ [ [ 105.8265473, 21.0663962 ], [ 105.827230799999981, 21.0671114 ], [ 105.827299699999983, 21.0671643 ], [ 105.829994, 21.067886 ], [ 105.8315554, 21.0680995 ], [ 105.8336961, 21.0677917 ], [ 105.8350823, 21.0674844 ], [ 105.837913199999988, 21.0640415 ], [ 105.842760199999987, 21.0584602 ], [ 105.8460751, 21.0600606 ], [ 105.848916, 21.0612404 ], [ 105.8498942, 21.0617944 ], [ 105.8496843, 21.0596697 ], [ 105.848315199999988, 21.0591785 ], [ 105.8443236, 21.0542526 ], [ 105.8481324, 21.0481674 ], [ 105.8492648, 21.0462351 ], [ 105.850106499999981, 21.0449387 ], [ 105.8532054, 21.0410502 ], [ 105.8539648, 21.0399026 ], [ 105.8552544, 21.038343 ], [ 105.8559408, 21.0375631 ], [ 105.8580411, 21.033791 ], [ 105.8654306, 21.0378592 ], [ 105.865565599999982, 21.0396641 ], [ 105.865384399999982, 21.0405012 ], [ 105.8650849, 21.0413692 ], [ 105.8651778, 21.0421476 ], [ 105.865293399999985, 21.0421459 ], [ 105.8693654, 21.0411658 ], [ 105.8694211, 21.0406331 ], [ 105.868978799999979, 21.0375202 ], [ 105.866810799999982, 21.0376376 ], [ 105.861271699999989, 21.0304235 ], [ 105.8613337, 21.0288933 ], [ 105.861773199999988, 21.025698 ], [ 105.8620378, 21.0248247 ], [ 105.86210149999998, 21.0246067 ], [ 105.8598823, 21.0218612 ], [ 105.8580477, 21.0211556 ], [ 105.852676499999987, 21.0194209 ], [ 105.848517199999989, 21.0181574 ], [ 105.844269199999985, 21.017305 ], [ 105.8435857, 21.0172651 ], [ 105.8424924, 21.0173642 ], [ 105.8414099, 21.0174645 ], [ 105.8372522, 21.018501 ], [ 105.8297141, 21.0180563 ], [ 105.8295901, 21.0181958 ], [ 105.829181299999988, 21.0189074 ], [ 105.8269312, 21.0241688 ], [ 105.824737399999989, 21.0278021 ], [ 105.8202169, 21.0311016 ], [ 105.8150405, 21.0375771 ], [ 105.813010599999984, 21.0408524 ], [ 105.811661799999982, 21.0464801 ], [ 105.8118943, 21.0466978 ], [ 105.815235299999983, 21.0455385 ], [ 105.8172402, 21.0447458 ], [ 105.817391, 21.0446957 ], [ 105.823222, 21.0436032 ], [ 105.8251749, 21.0431721 ], [ 105.8285905, 21.0410636 ], [ 105.8351095, 21.0426739 ], [ 105.8363039, 21.0440074 ], [ 105.838508299999987, 21.0487951 ], [ 105.835914299999985, 21.0526278 ], [ 105.832645699999986, 21.0568351 ], [ 105.8324125, 21.0582621 ], [ 105.8293449, 21.0627201 ], [ 105.825054599999987, 21.0635553 ], [ 105.8250878, 21.0642798 ], [ 105.8265473, 21.0663962 ] ] ] } },
{ "type": "Feature", "properties": { "threshold_s": "300", "time_label": "5 min drive" }, "geometry": { "type": "Polygon", "coordinates": [ [ [ 105.838508299999987, 21.0487951 ], [ 105.839200599999984, 21.0509968 ], [ 105.8398226, 21.05119 ], [ 105.8416451, 21.0514676 ], [ 105.8418845, 21.0488831 ], [ 105.843302199999982, 21.0471728 ], [ 105.8438635, 21.0467884 ], [ 105.8464956, 21.0461629 ], [ 105.847211800000011, 21.0443291 ], [ 105.847460799999979, 21.0437773 ], [ 105.8482371, 21.042392 ], [ 105.8499291, 21.0406957 ], [ 105.8512049, 21.039884 ], [ 105.8515241, 21.0390352 ], [ 105.849608599999982, 21.0398489 ], [ 105.8480787, 21.0375461 ], [ 105.8470901, 21.0365581 ], [ 105.8454918, 21.0375308 ], [ 105.8454121, 21.0400507 ], [ 105.843830299999979, 21.0403251 ], [ 105.8420285, 21.0406404 ], [ 105.8397836, 21.0388744 ], [ 105.8397245, 21.0384477 ], [ 105.840904899999984, 21.0341906 ], [ 105.840804, 21.0342079 ], [ 105.839639700000021, 21.0384598 ], [ 105.8392334, 21.0385243 ], [ 105.837023599999981, 21.0388764 ], [ 105.836188, 21.041554 ], [ 105.835097299999987, 21.0418506 ], [ 105.8351095, 21.0426739 ], [ 105.8363039, 21.0440074 ], [ 105.838064499999987, 21.0427637 ], [ 105.8401771, 21.0433484 ], [ 105.840307699999983, 21.0458038 ], [ 105.84031760000002, 21.0464223 ], [ 105.8407961, 21.0470259 ], [ 105.838508299999987, 21.0487951 ] ] ] } },
{ "type": "Feature", "properties": { "threshold_s": "600", "time_label": "10 min drive" }, "geometry": { "type": "Polygon", "coordinates": [ [ [ 105.834449899999981, 21.0573804 ], [ 105.8337915, 21.059953 ], [ 105.8338327, 21.0599829 ], [ 105.8392422, 21.0589809 ], [ 105.842760199999987, 21.0584602 ], [ 105.8434512, 21.0579885 ], [ 105.8448187, 21.0565981 ], [ 105.8443236, 21.0542526 ], [ 105.844048699999988, 21.0528946 ], [ 105.8481324, 21.0481674 ], [ 105.8492648, 21.0462351 ], [ 105.8532054, 21.0410502 ], [ 105.8559408, 21.0375631 ], [ 105.8583561, 21.0320441 ], [ 105.858137099999979, 21.0313081 ], [ 105.857199, 21.0298779 ], [ 105.8511617, 21.0278966 ], [ 105.8454267, 21.0257694 ], [ 105.841464500000015, 21.024215 ], [ 105.839705899999984, 21.0250751 ], [ 105.8343437, 21.0291363 ], [ 105.833606499999988, 21.0295805 ], [ 105.8314281, 21.0326715 ], [ 105.831352, 21.0329976 ], [ 105.8317055, 21.0344357 ], [ 105.828665499999985, 21.0395817 ], [ 105.82651319999998, 21.0400574 ], [ 105.823096299999989, 21.0430757 ], [ 105.823222, 21.0436032 ], [ 105.8247218, 21.0424488 ], [ 105.8285905, 21.0410636 ], [ 105.8351095, 21.0426739 ], [ 105.8363039, 21.0440074 ], [ 105.838508299999987, 21.0487951 ], [ 105.835914299999985, 21.0526278 ], [ 105.834449899999981, 21.0573804 ] ] ] } },
{ "type": "Feature", "properties": { "threshold_s": "900", "time_label": "15 min drive" }, "geometry": { "type": "Polygon", "coordinates": [ [ [ 105.8247192, 21.064041 ], [ 105.8260746, 21.0681488 ], [ 105.8311369, 21.068628 ], [ 105.83456409999998, 21.0684068 ], [ 105.8350823, 21.0674844 ], [ 105.837913199999988, 21.0640415 ], [ 105.8378928, 21.0629911 ], [ 105.8460751, 21.0600606 ], [ 105.848916, 21.0612404 ], [ 105.8498942, 21.0617944 ], [ 105.8496843, 21.0596697 ], [ 105.848315199999988, 21.0591785 ], [ 105.8443236, 21.0542526 ], [ 105.8481324, 21.0481674 ], [ 105.8492648, 21.0462351 ], [ 105.850106499999981, 21.0449387 ], [ 105.8532054, 21.0410502 ], [ 105.8539648, 21.0399026 ], [ 105.8552544, 21.038343 ], [ 105.8559408, 21.0375631 ], [ 105.8580411, 21.033791 ], [ 105.8654306, 21.0378592 ], [ 105.8652272, 21.0404883 ], [ 105.8650849, 21.0413692 ], [ 105.8651778, 21.0421476 ], [ 105.865399599999989, 21.0430106 ], [ 105.86995349999998, 21.0417416 ], [ 105.8700365, 21.0416674 ], [ 105.869966, 21.0370761 ], [ 105.8679039, 21.0359146 ], [ 105.861271699999989, 21.0304235 ], [ 105.8613337, 21.0288933 ], [ 105.861773199999988, 21.025698 ], [ 105.8620378, 21.0248247 ], [ 105.86210149999998, 21.0246067 ], [ 105.8598823, 21.0218612 ], [ 105.8572955, 21.0206445 ], [ 105.8532227, 21.0191659 ], [ 105.849252299999989, 21.0169984 ], [ 105.8435857, 21.0172651 ], [ 105.8424924, 21.0173642 ], [ 105.8414099, 21.0174645 ], [ 105.8372522, 21.018501 ], [ 105.829696299999981, 21.018444 ], [ 105.829425199999989, 21.0188249 ], [ 105.8269312, 21.0241688 ], [ 105.824737399999989, 21.0278021 ], [ 105.8202169, 21.0311016 ], [ 105.820170899999979, 21.0338372 ], [ 105.820262, 21.0352954 ], [ 105.815249, 21.0412048 ], [ 105.814005599999987, 21.0414615 ], [ 105.814111499999981, 21.0446838 ], [ 105.8142918, 21.0448188 ], [ 105.815235299999983, 21.0455385 ], [ 105.8172402, 21.0447458 ], [ 105.817391, 21.0446957 ], [ 105.823222, 21.0436032 ], [ 105.8251749, 21.0431721 ], [ 105.8285905, 21.0410636 ], [ 105.8351095, 21.0426739 ], [ 105.8363039, 21.0440074 ], [ 105.838508299999987, 21.0487951 ], [ 105.835914299999985, 21.0526278 ], [ 105.832645699999986, 21.0568351 ], [ 105.8324125, 21.0582621 ], [ 105.8293449, 21.0627201 ], [ 105.824541599999989, 21.0632504 ], [ 105.8247192, 21.064041 ] ] ] } },
{ "type": "Feature", "properties": { "threshold_s": "300", "time_label": "5 min drive" }, "geometry": { "type": "Polygon", "coordinates": [ [ [ 105.8269784, 21.0321598 ], [ 105.8270189, 21.0323507 ], [ 105.828823, 21.0325515 ], [ 105.8317055, 21.0344357 ], [ 105.83272119999998, 21.034424 ], [ 105.8363518, 21.0356501 ], [ 105.8390036, 21.0332408 ], [ 105.8415987, 21.0301523 ], [ 105.842234, 21.0286721 ], [ 105.8401315, 21.0281957 ], [ 105.8375424, 21.0274354 ], [ 105.8358943, 21.02522 ], [ 105.835375899999988, 21.0248546 ], [ 105.832224299999979, 21.0234152 ], [ 105.83131659999998, 21.0214207 ], [ 105.8310544, 21.0208665 ], [ 105.8307261, 21.0201732 ], [ 105.8306589, 21.0202038 ], [ 105.8301057, 21.0241313 ], [ 105.827367, 21.0251872 ], [ 105.827208899999988, 21.0252373 ], [ 105.827500199999989, 21.0288101 ], [ 105.8269642, 21.0320424 ], [ 105.8269784, 21.0321598 ] ] ] } },
{ "type": "Feature", "properties": { "threshold_s": "600", "time_label": "10 min drive" }, "geometry": { "type": "Polygon", "coordinates": [ [ [ 105.820170899999979, 21.0338372 ], [ 105.820262, 21.0352954 ], [ 105.8203401, 21.0352888 ], [ 105.821467899999988, 21.0351968 ], [ 105.8259982, 21.0359947 ], [ 105.828665499999985, 21.0395817 ], [ 105.8282168, 21.0361744 ], [ 105.8317055, 21.0344357 ], [ 105.83272119999998, 21.034424 ], [ 105.8363518, 21.0356501 ], [ 105.837023599999981, 21.0388764 ], [ 105.835097299999987, 21.0418506 ], [ 105.8351095, 21.0426739 ], [ 105.8363039, 21.0440074 ], [ 105.8401771, 21.0433484 ], [ 105.841385499999987, 21.0426028 ], [ 105.8420995, 21.0407793 ], [ 105.8420285, 21.0406404 ], [ 105.8397245, 21.0384477 ], [ 105.840904899999984, 21.0341906 ], [ 105.8449379, 21.0348636 ], [ 105.846130299999984, 21.0366717 ], [ 105.8475795, 21.0354757 ], [ 105.848043799999985, 21.0342979 ], [ 105.8491377, 21.0313156 ], [ 105.8502936, 21.0269683 ], [ 105.851322199999984, 21.0247186 ], [ 105.8486244, 21.0220391 ], [ 105.8443164, 21.0198187 ], [ 105.8414115, 21.0176273 ], [ 105.8372522, 21.018501 ], [ 105.8351638, 21.0156491 ], [ 105.8341953, 21.0140257 ], [ 105.832628299999982, 21.0125632 ], [ 105.83229, 21.012374 ], [ 105.8282054, 21.0118709 ], [ 105.8250728, 21.0106684 ], [ 105.8254518, 21.0112777 ], [ 105.8229104, 21.0156257 ], [ 105.8222877, 21.0162242 ], [ 105.821050299999982, 21.0190995 ], [ 105.819717199999985, 21.0234327 ], [ 105.82075949999998, 21.0264236 ], [ 105.8188734, 21.0294725 ], [ 105.815964, 21.0306627 ], [ 105.820170899999979, 21.0338372 ] ] ] } },
{ "type": "Feature", "properties": { "threshold_s": "900", "time_label": "15 min drive" }, "geometry": { "type": "Polygon", "coordinates": [ [ [ 105.805307899999988, 21.0343825 ], [ 105.80857469999998, 21.0376916 ], [ 105.813010599999984, 21.0408524 ], [ 105.816428500000015, 21.0435567 ], [ 105.823096299999989, 21.0430757 ], [ 105.8247218, 21.0424488 ], [ 105.8285905, 21.0410636 ], [ 105.8363039, 21.0440074 ], [ 105.838508299999987, 21.0487951 ], [ 105.838671, 21.0522312 ], [ 105.842954, 21.0528872 ], [ 105.8464956, 21.0461629 ], [ 105.850356799999986, 21.0411413 ], [ 105.853879400000011, 21.0368754 ], [ 105.8583561, 21.0320441 ], [ 105.858440299999984, 21.031784 ], [ 105.860767399999986, 21.0242371 ], [ 105.86021839999998, 21.0190576 ], [ 105.8575245, 21.0165817 ], [ 105.853558199999981, 21.0137765 ], [ 105.849114, 21.0118669 ], [ 105.8448073, 21.0077811 ], [ 105.8412431, 21.0041897 ], [ 105.835244499999988, 21.0061472 ], [ 105.830331199999989, 21.0041204 ], [ 105.827431599999983, 21.0045071 ], [ 105.820782600000015, 21.0033732 ], [ 105.8193971, 21.003419 ], [ 105.814281800000018, 21.0087548 ], [ 105.8136905, 21.0148285 ], [ 105.812224, 21.019037 ], [ 105.810573299999987, 21.0241547 ], [ 105.8106065, 21.0265398 ], [ 105.806420599999981, 21.0333888 ], [ 105.805307899999988, 21.0343825 ] ] ] } },
{ "type": "Feature", "properties": { "threshold_s": "300", "time_label": "5 min drive" }, "geometry": { "type": "Polygon", "coordinates": [ [ [ 105.833105, 21.0322249 ], [ 105.834611099999989, 21.0340502 ], [ 105.8363518, 21.0356501 ], [ 105.8367548, 21.0351557 ], [ 105.836976299999989, 21.0349265 ], [ 105.8381949, 21.0336649 ], [ 105.840804, 21.0342079 ], [ 105.840904899999984, 21.0341906 ], [ 105.843290199999984, 21.0323602 ], [ 105.8447768, 21.0340917 ], [ 105.8449379, 21.0348636 ], [ 105.8454918, 21.0375308 ], [ 105.8471313, 21.0386835 ], [ 105.8494544, 21.0368842 ], [ 105.850024, 21.0353227 ], [ 105.850261500000016, 21.0331052 ], [ 105.8519128, 21.0322701 ], [ 105.8510791, 21.0304701 ], [ 105.850585599999988, 21.0291892 ], [ 105.8501894, 21.0298974 ], [ 105.8474725, 21.0304548 ], [ 105.8464, 21.0291195 ], [ 105.847790500000016, 21.0270442 ], [ 105.849699099999981, 21.0251837 ], [ 105.846901399999979, 21.0243922 ], [ 105.8463276, 21.0227121 ], [ 105.8451257, 21.0249069 ], [ 105.8427541, 21.0238309 ], [ 105.8395402, 21.0242642 ], [ 105.8380997, 21.0259862 ], [ 105.8364437, 21.0287371 ], [ 105.8348712, 21.0288185 ], [ 105.8340213, 21.0310333 ], [ 105.833105, 21.0322249 ] ] ] } },
{ "type": "Feature", "properties": { "threshold_s": "600", "time_label": "10 min drive" }, "geometry": { "type": "Polygon", "coordinates": [ [ [ 105.8259982, 21.0359947 ], [ 105.828665499999985, 21.0395817 ], [ 105.8282168, 21.0361744 ], [ 105.8317055, 21.0344357 ], [ 105.83272119999998, 21.034424 ], [ 105.8363518, 21.0356501 ], [ 105.837023599999981, 21.0388764 ], [ 105.835097299999987, 21.0418506 ], [ 105.8351095, 21.0426739 ], [ 105.8363039, 21.0440074 ], [ 105.84031760000002, 21.0464223 ], [ 105.8407961, 21.0470259 ], [ 105.8420736, 21.0478426 ], [ 105.8438635, 21.0467884 ], [ 105.846347699999981, 21.0444049 ], [ 105.849202299999988, 21.0435343 ], [ 105.8497539, 21.043425 ], [ 105.850918, 21.0428162 ], [ 105.8513591, 21.04259 ], [ 105.853999, 21.0394404 ], [ 105.8552544, 21.038343 ], [ 105.8559408, 21.0375631 ], [ 105.856505, 21.0347543 ], [ 105.8588286, 21.0330955 ], [ 105.859561899999989, 21.032523 ], [ 105.86078879999998, 21.0302755 ], [ 105.8603817, 21.0291546 ], [ 105.8592416, 21.0249399 ], [ 105.859451399999983, 21.0232707 ], [ 105.8597332, 21.0223358 ], [ 105.857780299999988, 21.0199268 ], [ 105.8556233, 21.0172861 ], [ 105.855323499999983, 21.0172067 ], [ 105.8540474, 21.0169953 ], [ 105.850940899999983, 21.0151728 ], [ 105.847806599999984, 21.0152294 ], [ 105.847263, 21.0153508 ], [ 105.8435857, 21.0172651 ], [ 105.8424924, 21.0173642 ], [ 105.8414099, 21.0174645 ], [ 105.8372522, 21.018501 ], [ 105.833795699999982, 21.0192431 ], [ 105.8307261, 21.0201732 ], [ 105.8306589, 21.0202038 ], [ 105.8301057, 21.0241313 ], [ 105.827367, 21.0251872 ], [ 105.827208899999988, 21.0252373 ], [ 105.825924199999989, 21.0286925 ], [ 105.8227084, 21.0314793 ], [ 105.8256225, 21.0318746 ], [ 105.8267433, 21.0343099 ], [ 105.8259982, 21.0359947 ] ] ] } },
{ "type": "Feature", "properties": { "threshold_s": "900", "time_label": "15 min drive" }, "geometry": { "type": "Polygon", "coordinates": [ [ [ 105.81137, 21.0318838 ], [ 105.813328, 21.0379498 ], [ 105.8152145, 21.0374458 ], [ 105.8173165, 21.0373304 ], [ 105.823096299999989, 21.0430757 ], [ 105.823222, 21.0436032 ], [ 105.8247218, 21.0424488 ], [ 105.8285905, 21.0410636 ], [ 105.8363039, 21.0440074 ], [ 105.838508299999987, 21.0487951 ], [ 105.835914299999985, 21.0526278 ], [ 105.8368274, 21.0552363 ], [ 105.841105099999979, 21.0557457 ], [ 105.8443236, 21.0542526 ], [ 105.8481324, 21.0481674 ], [ 105.8492648, 21.0462351 ], [ 105.850106499999981, 21.0449387 ], [ 105.8532054, 21.0410502 ], [ 105.8539648, 21.0399026 ], [ 105.8552544, 21.038343 ], [ 105.8559408, 21.0375631 ], [ 105.8580411, 21.033791 ], [ 105.8588286, 21.0330955 ], [ 105.865565599999982, 21.0396641 ], [ 105.8660828, 21.0398137 ], [ 105.866082599999984, 21.0395099 ], [ 105.859561899999989, 21.032523 ], [ 105.861271699999989, 21.0304235 ], [ 105.8613337, 21.0288933 ], [ 105.8620378, 21.0248247 ], [ 105.86210149999998, 21.0246067 ], [ 105.862065, 21.0195265 ], [ 105.8634656, 21.0149609 ], [ 105.8637369, 21.0118001 ], [ 105.8614453, 21.0088242 ], [ 105.8606927, 21.0086974 ], [ 105.853795, 21.0077751 ], [ 105.8510544, 21.0044032 ], [ 105.8426162, 21.0027603 ], [ 105.8412301, 21.0030328 ], [ 105.839297499999986, 21.0040633 ], [ 105.8392324, 21.0041845 ], [ 105.836551, 21.0105942 ], [ 105.831711399999989, 21.011869 ], [ 105.8279393, 21.0108629 ], [ 105.8249361, 21.010282 ], [ 105.822892399999986, 21.0162416 ], [ 105.818328699999981, 21.0214228 ], [ 105.8177825, 21.0272186 ], [ 105.812605099999985, 21.0298162 ], [ 105.81133269999998, 21.031766 ], [ 105.81137, 21.0318838 ] ] ] } },
{ "type": "Feature", "properties": { "threshold_s": "300", "time_label": "5 min drive" }, "geometry": { "type": "Polygon", "coordinates": [ [ [ 105.831823799999981, 21.0287574 ], [ 105.8319699, 21.029207 ], [ 105.833606499999988, 21.0295805 ], [ 105.8344304, 21.02951 ], [ 105.8360782, 21.0304375 ], [ 105.837117299999989, 21.0314635 ], [ 105.838861599999987, 21.0329771 ], [ 105.838902399999981, 21.0332579 ], [ 105.8390036, 21.0332408 ], [ 105.8391606, 21.0326673 ], [ 105.8387149, 21.0311558 ], [ 105.83973779999998, 21.0293919 ], [ 105.8413857, 21.0303675 ], [ 105.841431199999988, 21.0306338 ], [ 105.8428205, 21.0303654 ], [ 105.845064, 21.0313485 ], [ 105.846568, 21.0299584 ], [ 105.847791199999989, 21.0281196 ], [ 105.847790500000016, 21.0270442 ], [ 105.8474105, 21.0258729 ], [ 105.849699099999981, 21.0251837 ], [ 105.8491985, 21.0237053 ], [ 105.848836100000014, 21.0227009 ], [ 105.8463276, 21.0227121 ], [ 105.8447516, 21.0210682 ], [ 105.8425112, 21.0198425 ], [ 105.8413912, 21.0188449 ], [ 105.8412242, 21.0188454 ], [ 105.8413984, 21.0193508 ], [ 105.841405499999979, 21.0199175 ], [ 105.841418299999987, 21.0206551 ], [ 105.8414355, 21.021993 ], [ 105.8375347, 21.0215521 ], [ 105.8377091, 21.0200259 ], [ 105.8375088, 21.0190623 ], [ 105.8370701, 21.0188496 ], [ 105.8371473, 21.019088 ], [ 105.8375214, 21.02013 ], [ 105.8368905, 21.022215 ], [ 105.8376116, 21.0232408 ], [ 105.8392509, 21.024602 ], [ 105.8380997, 21.0259862 ], [ 105.8375424, 21.0274354 ], [ 105.8357768, 21.0272036 ], [ 105.83421460000001, 21.0259824 ], [ 105.8330833, 21.0252794 ], [ 105.8330075, 21.0253066 ], [ 105.832603, 21.0262411 ], [ 105.832633099999981, 21.0283721 ], [ 105.8318088, 21.0286941 ], [ 105.831823799999981, 21.0287574 ] ] ] } },
{ "type": "Feature", "properties": { "threshold_s": "600", "time_label": "10 min drive" }, "geometry": { "type": "Polygon", "coordinates": [ [ [ 105.8256225, 21.0318746 ], [ 105.827135, 21.0343028 ], [ 105.827953199999982, 21.034706 ], [ 105.8317055, 21.0344357 ], [ 105.83272119999998, 21.034424 ], [ 105.8363518, 21.0356501 ], [ 105.837023599999981, 21.0388764 ], [ 105.836188, 21.041554 ], [ 105.836243199999984, 21.0416562 ], [ 105.8401771, 21.0433484 ], [ 105.841385499999987, 21.0426028 ], [ 105.8420995, 21.0407793 ], [ 105.8420285, 21.0406404 ], [ 105.8397245, 21.0384477 ], [ 105.839639700000021, 21.0384598 ], [ 105.8392334, 21.0385243 ], [ 105.836976299999989, 21.0349265 ], [ 105.840804, 21.0342079 ], [ 105.840904899999984, 21.0341906 ], [ 105.8449379, 21.0348636 ], [ 105.8454918, 21.0375308 ], [ 105.8467549, 21.0397937 ], [ 105.8471661, 21.0403179 ], [ 105.847634699999986, 21.0403282 ], [ 105.8485616, 21.0402888 ], [ 105.8505606, 21.0383929 ], [ 105.852603500000015, 21.0366534 ], [ 105.852792800000017, 21.0360548 ], [ 105.8537816, 21.033787 ], [ 105.855508299999983, 21.0325438 ], [ 105.857538, 21.0291314 ], [ 105.8581333, 21.0279368 ], [ 105.8600125, 21.0249853 ], [ 105.86021479999998, 21.024606 ], [ 105.8598823, 21.0218612 ], [ 105.8588143, 21.0185725 ], [ 105.8556233, 21.0172861 ], [ 105.85375, 21.0153541 ], [ 105.853255, 21.0147894 ], [ 105.849150399999985, 21.0133873 ], [ 105.8482749, 21.0133237 ], [ 105.846647899999979, 21.0134641 ], [ 105.847263, 21.0153508 ], [ 105.844269199999985, 21.017305 ], [ 105.8435857, 21.0172651 ], [ 105.8424924, 21.0173642 ], [ 105.8413476, 21.010746 ], [ 105.8413355, 21.0087937 ], [ 105.8412842, 21.0083362 ], [ 105.84115509999998, 21.010313 ], [ 105.8410532, 21.0107455 ], [ 105.841156, 21.0107456 ], [ 105.8414099, 21.0174645 ], [ 105.8372522, 21.018501 ], [ 105.833795699999982, 21.0192431 ], [ 105.83106290000002, 21.0172386 ], [ 105.8309465, 21.0170993 ], [ 105.8278801, 21.0150273 ], [ 105.8278134, 21.0150609 ], [ 105.8267419, 21.0189434 ], [ 105.8257942, 21.0208211 ], [ 105.8255579, 21.0213209 ], [ 105.826638299999985, 21.0231269 ], [ 105.8269312, 21.0241688 ], [ 105.824814299999986, 21.0276475 ], [ 105.824737399999989, 21.0278021 ], [ 105.8256225, 21.0318746 ] ] ] } },
{ "type": "Feature", "properties": { "threshold_s": "900", "time_label": "15 min drive" }, "geometry": { "type": "Polygon", "coordinates": [ [ [ 105.815964, 21.0306627 ], [ 105.8169117, 21.0360644 ], [ 105.820262, 21.0352954 ], [ 105.8203401, 21.0352888 ], [ 105.821467899999988, 21.0351968 ], [ 105.8259982, 21.0359947 ], [ 105.826639699999987, 21.0413859 ], [ 105.8285905, 21.0410636 ], [ 105.8351095, 21.0426739 ], [ 105.8363039, 21.0440074 ], [ 105.838508299999987, 21.0487951 ], [ 105.839200599999984, 21.0509968 ], [ 105.8403246, 21.0507423 ], [ 105.8464956, 21.0461629 ], [ 105.850106499999981, 21.0449387 ], [ 105.8532054, 21.0410502 ], [ 105.8559408, 21.0375631 ], [ 105.859561899999989, 21.032523 ], [ 105.861271699999989, 21.0304235 ], [ 105.86210149999998, 21.0246067 ], [ 105.863899, 21.018973 ], [ 105.8655468, 21.0144409 ], [ 105.8642533, 21.0115155 ], [ 105.8628271, 21.0086717 ], [ 105.860888599999981, 21.006907 ], [ 105.8546658, 21.0067839 ], [ 105.850956, 21.0034801 ], [ 105.8449863, 21.0018106 ], [ 105.8414352, 20.9982681 ], [ 105.8411369, 20.9979543 ], [ 105.840468299999984, 20.9981316 ], [ 105.8360473, 21.0034138 ], [ 105.8327433, 21.0075279 ], [ 105.827990299999982, 21.0076612 ], [ 105.8225293, 21.0057479 ], [ 105.822243, 21.005964 ], [ 105.8214795, 21.0115675 ], [ 105.8187277, 21.0139023 ], [ 105.818328699999981, 21.0214228 ], [ 105.816100899999981, 21.022873 ], [ 105.8163864, 21.0236247 ], [ 105.815964, 21.0306627 ] ] ] } },
{ "type": "Feature", "properties": { "threshold_s": "300", "time_label": "5 min drive" }, "geometry": { "type": "Polygon", "coordinates": [ [ [ 105.87225309999998, 21.0569832 ], [ 105.8717868, 21.0574817 ], [ 105.872277399999987, 21.0574603 ], [ 105.875602900000018, 21.0573151 ], [ 105.8774143, 21.057236 ], [ 105.880417699999981, 21.0565259 ], [ 105.882812699999988, 21.056523 ], [ 105.8845604, 21.05652 ], [ 105.885313, 21.0558664 ], [ 105.88240159999998, 21.054782 ], [ 105.8822004, 21.0541262 ], [ 105.8846079, 21.0508208 ], [ 105.8842, 21.0507515 ], [ 105.8806019, 21.0528925 ], [ 105.8780216, 21.0515061 ], [ 105.877947, 21.0488486 ], [ 105.8802937, 21.047917 ], [ 105.8803531, 21.0478124 ], [ 105.8807421, 21.0455967 ], [ 105.8796616, 21.0447558 ], [ 105.87842689999998, 21.0455038 ], [ 105.8751258, 21.0453941 ], [ 105.872633, 21.0461429 ], [ 105.8713705, 21.0466144 ], [ 105.871485199999981, 21.0466784 ], [ 105.874004, 21.0487043 ], [ 105.8740397, 21.0487227 ], [ 105.8755337, 21.0494455 ], [ 105.8773687, 21.0501996 ], [ 105.8763895, 21.0534954 ], [ 105.875601, 21.0548581 ], [ 105.8731076, 21.0560165 ], [ 105.87225309999998, 21.0569832 ] ] ] } },
{ "type": "Feature", "properties": { "threshold_s": "600", "time_label": "10 min drive" }, "geometry": { "type": "Polygon", "coordinates": [ [ [ 105.8637456, 21.0601015 ], [ 105.8654938, 21.062989 ], [ 105.8685165, 21.064959 ], [ 105.870841199999987, 21.0638241 ], [ 105.8733167, 21.0616941 ], [ 105.876316099999983, 21.0616213 ], [ 105.878011299999983, 21.061263 ], [ 105.882012499999988, 21.0633939 ], [ 105.8812153, 21.0658066 ], [ 105.8811332, 21.0660458 ], [ 105.8820268, 21.0661942 ], [ 105.8843442, 21.0656165 ], [ 105.884661, 21.0645755 ], [ 105.8877244, 21.0619083 ], [ 105.890345499999981, 21.0633357 ], [ 105.8918148, 21.063126 ], [ 105.892889, 21.0629493 ], [ 105.8930138, 21.0617944 ], [ 105.891715399999981, 21.0601282 ], [ 105.8908299, 21.0567934 ], [ 105.8888368, 21.0539842 ], [ 105.889862199999982, 21.0505532 ], [ 105.889131799999987, 21.0489586 ], [ 105.8883377, 21.0479859 ], [ 105.8854625, 21.045539 ], [ 105.886104299999985, 21.0430979 ], [ 105.8824581, 21.0396397 ], [ 105.882816799999986, 21.0384564 ], [ 105.8828095, 21.03807 ], [ 105.8817383, 21.0370899 ], [ 105.88112049999998, 21.0370708 ], [ 105.8762219, 21.0374923 ], [ 105.8718483, 21.0376861 ], [ 105.8709886, 21.0383167 ], [ 105.865565599999982, 21.0396641 ], [ 105.8652272, 21.0404883 ], [ 105.8645302, 21.0425052 ], [ 105.8644483, 21.0456788 ], [ 105.8649809, 21.0473095 ], [ 105.8653541, 21.0490072 ], [ 105.865389599999986, 21.0490727 ], [ 105.86709279999998, 21.0517438 ], [ 105.865294, 21.0548999 ], [ 105.864855399999982, 21.0570369 ], [ 105.8637456, 21.0601015 ] ] ] } },
{ "type": "Feature", "properties": { "threshold_s": "900", "time_label": "15 min drive" }, "geometry": { "type": "Polygon", "coordinates": [ [ [ 105.8578995, 21.0670333 ], [ 105.8566887, 21.0682744 ], [ 105.8580177, 21.0682459 ], [ 105.859707699999987, 21.0679259 ], [ 105.8613168, 21.066908 ], [ 105.8712769, 21.0664883 ], [ 105.8739598, 21.067521 ], [ 105.8747133, 21.0678109 ], [ 105.8797958, 21.0707875 ], [ 105.8839025, 21.0731669 ], [ 105.8850748, 21.0729808 ], [ 105.893567800000014, 21.0715039 ], [ 105.8984457, 21.0687352 ], [ 105.8999394, 21.0658866 ], [ 105.9005692, 21.0625349 ], [ 105.900261199999989, 21.0583852 ], [ 105.9000016, 21.05094 ], [ 105.899390199999985, 21.0484601 ], [ 105.8972646, 21.0472444 ], [ 105.895198799999989, 21.0460571 ], [ 105.886104299999985, 21.0430979 ], [ 105.882826699999981, 21.036284 ], [ 105.8822659, 21.0281472 ], [ 105.876000199999979, 21.0303009 ], [ 105.8691818, 21.0308484 ], [ 105.8683511, 21.0322908 ], [ 105.867767599999979, 21.0331813 ], [ 105.867567699999981, 21.0338859 ], [ 105.866446499999981, 21.0358959 ], [ 105.8654306, 21.0378592 ], [ 105.855188, 21.0355451 ], [ 105.8550415, 21.0355011 ], [ 105.8548032, 21.0355297 ], [ 105.8644483, 21.0456788 ], [ 105.863881599999985, 21.0508246 ], [ 105.8624137, 21.0556878 ], [ 105.86223339999998, 21.056369 ], [ 105.861555, 21.0593849 ], [ 105.8578995, 21.0670333 ] ] ] } },
{ "type": "Feature", "properties": { "threshold_s": "300", "time_label": "5 min drive" }, "geometry": { "type": "Polygon", "coordinates": [ [ [ 105.875601, 21.0548581 ], [ 105.873587, 21.0574031 ], [ 105.875602900000018, 21.0573151 ], [ 105.8774143, 21.057236 ], [ 105.880417699999981, 21.0565259 ], [ 105.882812699999988, 21.056523 ], [ 105.882804299999989, 21.0559253 ], [ 105.882643799999983, 21.0552741 ], [ 105.88240159999998, 21.054782 ], [ 105.8822004, 21.0541262 ], [ 105.8806019, 21.0528925 ], [ 105.8842, 21.0507515 ], [ 105.8846079, 21.0508208 ], [ 105.8847999, 21.0508254 ], [ 105.885744, 21.0502765 ], [ 105.882271299999985, 21.0487561 ], [ 105.8823705, 21.0477639 ], [ 105.8820979, 21.0465375 ], [ 105.8819352, 21.0462297 ], [ 105.880217, 21.043724 ], [ 105.8782281, 21.043756 ], [ 105.876931, 21.0442496 ], [ 105.8743622, 21.0450265 ], [ 105.8718654, 21.0455552 ], [ 105.869719099999983, 21.0457049 ], [ 105.870636, 21.0482143 ], [ 105.874004, 21.0487043 ], [ 105.8740397, 21.0487227 ], [ 105.8755337, 21.0494455 ], [ 105.8773687, 21.0501996 ], [ 105.8763895, 21.0534954 ], [ 105.875601, 21.0548581 ] ] ] } },
{ "type": "Feature", "properties": { "threshold_s": "600", "time_label": "10 min drive" }, "geometry": { "type": "Polygon", "coordinates": [ [ [ 105.8673301, 21.0617222 ], [ 105.8667468, 21.0636817 ], [ 105.86721, 21.063979 ], [ 105.867452599999979, 21.0641233 ], [ 105.870395799999983, 21.0634943 ], [ 105.8733167, 21.0616941 ], [ 105.8754391, 21.0603149 ], [ 105.8764416, 21.0595152 ], [ 105.8774143, 21.057236 ], [ 105.880417699999981, 21.0565259 ], [ 105.883233599999983, 21.0600576 ], [ 105.882611299999979, 21.0615392 ], [ 105.8824996, 21.0618914 ], [ 105.882012499999988, 21.0633939 ], [ 105.8822479, 21.0637229 ], [ 105.88359509999998, 21.0645344 ], [ 105.8877244, 21.0619083 ], [ 105.8904722, 21.0619611 ], [ 105.8922083, 21.0619829 ], [ 105.8926457, 21.0588211 ], [ 105.892088799999982, 21.0560067 ], [ 105.8917998, 21.05534 ], [ 105.8909716, 21.0548841 ], [ 105.889862199999982, 21.0505532 ], [ 105.8919146, 21.0499274 ], [ 105.8925687, 21.048952 ], [ 105.8883377, 21.0479859 ], [ 105.8854625, 21.045539 ], [ 105.886104299999985, 21.0430979 ], [ 105.8820299, 21.0430102 ], [ 105.8824581, 21.0396397 ], [ 105.882816799999986, 21.0384564 ], [ 105.8828095, 21.03807 ], [ 105.882826699999981, 21.036284 ], [ 105.8803056, 21.0357476 ], [ 105.8761415, 21.0360489 ], [ 105.8736422, 21.0365277 ], [ 105.870167199999983, 21.0372456 ], [ 105.8663986, 21.038415499999989 ], [ 105.865565599999982, 21.0396641 ], [ 105.8652272, 21.0404883 ], [ 105.8645302, 21.0425052 ], [ 105.8644483, 21.0456788 ], [ 105.8649809, 21.0473095 ], [ 105.863881599999985, 21.0508246 ], [ 105.8638711, 21.0513272 ], [ 105.865294, 21.0548999 ], [ 105.864819299999979, 21.0581746 ], [ 105.864545899999982, 21.0589774 ], [ 105.8646738, 21.0590307 ], [ 105.8673301, 21.0617222 ] ] ] } },
{ "type": "Feature", "properties": { "threshold_s": "900", "time_label": "15 min drive" }, "geometry": { "type": "Polygon", "coordinates": [ [ [ 105.861555, 21.0593849 ], [ 105.8578995, 21.0670333 ], [ 105.8613168, 21.066908 ], [ 105.8712769, 21.0664883 ], [ 105.8739598, 21.067521 ], [ 105.8797958, 21.0707875 ], [ 105.8818048, 21.0717699 ], [ 105.8839868, 21.0721666 ], [ 105.8880877, 21.0711148 ], [ 105.89748969999998, 21.0680069 ], [ 105.8999394, 21.0658866 ], [ 105.9018465, 21.0616035 ], [ 105.901332699999983, 21.0572499 ], [ 105.90160539999998, 21.0517778 ], [ 105.8994959, 21.04471 ], [ 105.8962565, 21.0456354 ], [ 105.895198799999989, 21.0460571 ], [ 105.886104299999985, 21.0430979 ], [ 105.882826699999981, 21.036284 ], [ 105.883907099999988, 21.0304082 ], [ 105.8840768, 21.029866 ], [ 105.8839432, 21.0289352 ], [ 105.883682600000014, 21.0278123 ], [ 105.8832885, 21.0269207 ], [ 105.877792200000016, 21.0298985 ], [ 105.872086899999985, 21.0299132 ], [ 105.8691818, 21.0308484 ], [ 105.8683511, 21.0322908 ], [ 105.867767599999979, 21.0331813 ], [ 105.8549241, 21.0353016 ], [ 105.854507, 21.0350528 ], [ 105.8543559, 21.0353829 ], [ 105.8548032, 21.0355297 ], [ 105.855188, 21.0355451 ], [ 105.867567699999981, 21.0338859 ], [ 105.866446499999981, 21.0358959 ], [ 105.8654306, 21.0378592 ], [ 105.8652272, 21.0404883 ], [ 105.8645302, 21.0425052 ], [ 105.8645845, 21.0429123 ], [ 105.8644483, 21.0456788 ], [ 105.863881599999985, 21.0508246 ], [ 105.8624137, 21.0556878 ], [ 105.86223339999998, 21.056369 ], [ 105.861555, 21.0593849 ] ] ] } },
{ "type": "Feature", "properties": { "threshold_s": "300", "time_label": "5 min drive" }, "geometry": { "type": "Polygon", "coordinates": [ [ [ 105.87351529999998, 21.0559983 ], [ 105.872277399999987, 21.0574603 ], [ 105.873587, 21.0574031 ], [ 105.875602900000018, 21.0573151 ], [ 105.8774143, 21.057236 ], [ 105.880417699999981, 21.0565259 ], [ 105.8811251, 21.0564034 ], [ 105.882812699999988, 21.056523 ], [ 105.8847394, 21.0582911 ], [ 105.885258099999987, 21.0578386 ], [ 105.8862151, 21.0563322 ], [ 105.885313, 21.0558664 ], [ 105.8822004, 21.0541262 ], [ 105.8806019, 21.0528925 ], [ 105.8780216, 21.0515061 ], [ 105.877947, 21.0488486 ], [ 105.878501, 21.0477685 ], [ 105.879897500000013, 21.0460013 ], [ 105.8787194, 21.0457371 ], [ 105.875916, 21.0469084 ], [ 105.8743952, 21.0472186 ], [ 105.8729485, 21.0474515 ], [ 105.874004, 21.0487043 ], [ 105.8740397, 21.0487227 ], [ 105.8755337, 21.0494455 ], [ 105.8773687, 21.0501996 ], [ 105.8763895, 21.0534954 ], [ 105.875601, 21.0548581 ], [ 105.87351529999998, 21.0559983 ] ] ] } },
{ "type": "Feature", "properties": { "threshold_s": "600", "time_label": "10 min drive" }, "geometry": { "type": "Polygon", "coordinates": [ [ [ 105.8637456, 21.0601015 ], [ 105.8654938, 21.062989 ], [ 105.8685165, 21.064959 ], [ 105.870841199999987, 21.0638241 ], [ 105.8733167, 21.0616941 ], [ 105.876316099999983, 21.0616213 ], [ 105.878011299999983, 21.061263 ], [ 105.882012499999988, 21.0633939 ], [ 105.8812153, 21.0658066 ], [ 105.8811332, 21.0660458 ], [ 105.881642, 21.0672876 ], [ 105.8838587, 21.0667411 ], [ 105.88501, 21.0663221 ], [ 105.890157, 21.0642001 ], [ 105.8926029, 21.0641817 ], [ 105.892889, 21.0629493 ], [ 105.8930138, 21.0617944 ], [ 105.8922529, 21.058038 ], [ 105.892088799999982, 21.0560067 ], [ 105.8917998, 21.05534 ], [ 105.8896101, 21.0507884 ], [ 105.8919146, 21.0499274 ], [ 105.8918177, 21.0498801 ], [ 105.8883377, 21.0479859 ], [ 105.8854625, 21.045539 ], [ 105.886104299999985, 21.0430979 ], [ 105.8824581, 21.0396397 ], [ 105.882816799999986, 21.0384564 ], [ 105.8823186, 21.0380759 ], [ 105.881594199999981, 21.0380138 ], [ 105.8801339, 21.0382816 ], [ 105.8755735, 21.0390515 ], [ 105.871603, 21.0390302 ], [ 105.8694219, 21.0413217 ], [ 105.865384399999982, 21.0405012 ], [ 105.8652272, 21.0404883 ], [ 105.8645302, 21.0425052 ], [ 105.8645845, 21.0429123 ], [ 105.8649809, 21.0473095 ], [ 105.8652837, 21.0475541 ], [ 105.867732599999982, 21.0506525 ], [ 105.865294, 21.0548999 ], [ 105.8649721, 21.0567662 ], [ 105.8637456, 21.0601015 ] ] ] } },
{ "type": "Feature", "properties": { "threshold_s": "900", "time_label": "15 min drive" }, "geometry": { "type": "Polygon", "coordinates": [ [ [ 105.8576513, 21.0673313 ], [ 105.857861400000019, 21.0678655 ], [ 105.859707699999987, 21.0679259 ], [ 105.8613168, 21.066908 ], [ 105.870210899999989, 21.0660615 ], [ 105.8712769, 21.0664883 ], [ 105.8739598, 21.067521 ], [ 105.8747133, 21.0678109 ], [ 105.8797958, 21.0707875 ], [ 105.8839025, 21.0731669 ], [ 105.8865949, 21.0733545 ], [ 105.8928788, 21.0724598 ], [ 105.8977964, 21.0699694 ], [ 105.9005864, 21.0681178 ], [ 105.9012577, 21.065472 ], [ 105.901085099999989, 21.0575178 ], [ 105.9010465, 21.0520821 ], [ 105.8994959, 21.04471 ], [ 105.895198799999989, 21.0460571 ], [ 105.886104299999985, 21.0430979 ], [ 105.882826699999981, 21.036284 ], [ 105.8812268, 21.0299833 ], [ 105.881167599999984, 21.0292026 ], [ 105.8782559, 21.0318614 ], [ 105.8708742, 21.0315621 ], [ 105.87011769999998, 21.0316959 ], [ 105.8683511, 21.0322908 ], [ 105.867767599999979, 21.0331813 ], [ 105.8654306, 21.0378592 ], [ 105.8645302, 21.0425052 ], [ 105.8644483, 21.0456788 ], [ 105.863881599999985, 21.0508246 ], [ 105.8624137, 21.0556878 ], [ 105.86223339999998, 21.056369 ], [ 105.861555, 21.0593849 ], [ 105.8576513, 21.0673313 ] ] ] } },
{ "type": "Feature", "properties": { "threshold_s": "300", "time_label": "5 min drive" }, "geometry": { "type": "Polygon", "coordinates": [ [ [ 105.8008861, 21.021622 ], [ 105.799222199999988, 21.0224034 ], [ 105.8010002, 21.0216993 ], [ 105.8017515, 21.020406 ], [ 105.8018031, 21.0203137 ], [ 105.8038896, 21.0185426 ], [ 105.804193399999988, 21.0163781 ], [ 105.8065127, 21.0169883 ], [ 105.806616299999988, 21.0172689 ], [ 105.8078179, 21.0193691 ], [ 105.8072926, 21.0203603 ], [ 105.8088205, 21.0207171 ], [ 105.810717499999981, 21.0186317 ], [ 105.811675, 21.0179506 ], [ 105.8118291, 21.0176112 ], [ 105.8120626, 21.0167629 ], [ 105.812106799999981, 21.016403 ], [ 105.8119473, 21.0161553 ], [ 105.811803899999987, 21.0159316 ], [ 105.809237599999989, 21.0151535 ], [ 105.809763, 21.0126496 ], [ 105.811427099999989, 21.0112484 ], [ 105.8116969, 21.0096309 ], [ 105.809325499999986, 21.0087365 ], [ 105.8085143, 21.0080851 ], [ 105.8046479, 21.0099789 ], [ 105.8046726, 21.0096398 ], [ 105.805341399999989, 21.0076337 ], [ 105.805549, 21.0072596 ], [ 105.8057589, 21.0069507 ], [ 105.8061012, 21.006419 ], [ 105.8039222, 21.0059679 ], [ 105.803041900000011, 21.0058411 ], [ 105.8014832, 21.0059956 ], [ 105.7999489, 21.0071095 ], [ 105.8002332, 21.0096 ], [ 105.799689799999982, 21.0101336 ], [ 105.799460899999985, 21.0103487 ], [ 105.7993146, 21.0104976 ], [ 105.7994228, 21.0105902 ], [ 105.800564799999989, 21.0116311 ], [ 105.799657499999981, 21.0135718 ], [ 105.798323399999987, 21.0137879 ], [ 105.797718799999984, 21.0138745 ], [ 105.7963756, 21.0136039 ], [ 105.7953154, 21.0140106 ], [ 105.7954625, 21.0144734 ], [ 105.796458300000012, 21.0148076 ], [ 105.7970435, 21.0152173 ], [ 105.796896599999982, 21.0177831 ], [ 105.7972841, 21.0176642 ], [ 105.797644, 21.0175455 ], [ 105.799750399999979, 21.0192064 ], [ 105.800678, 21.0197491 ], [ 105.8008861, 21.021622 ] ] ] } },
{ "type": "Feature", "properties": { "threshold_s": "600", "time_label": "10 min drive" }, "geometry": { "type": "Polygon", "coordinates": [ [ [ 105.789651099999986, 21.0229931 ], [ 105.789151299999986, 21.0246083 ], [ 105.789266399999988, 21.0246773 ], [ 105.7915842, 21.0255556 ], [ 105.792539299999987, 21.0249285 ], [ 105.7933249, 21.0235746 ], [ 105.795708099999985, 21.0208178 ], [ 105.7971266, 21.0216502 ], [ 105.7975731, 21.0237727 ], [ 105.7965082, 21.0262931 ], [ 105.7980311, 21.0268446 ], [ 105.799663, 21.0275852 ], [ 105.8010315, 21.0303453 ], [ 105.8011423, 21.0304653 ], [ 105.801987899999986, 21.0300012 ], [ 105.8046822, 21.0287825 ], [ 105.8059026, 21.0290071 ], [ 105.8061133, 21.0290877 ], [ 105.808141, 21.0279055 ], [ 105.809760399999988, 21.0268737 ], [ 105.8123611, 21.0288809 ], [ 105.812605099999985, 21.0298162 ], [ 105.81288859999998, 21.0314836 ], [ 105.813511299999988, 21.0318033 ], [ 105.81500459999998, 21.0291751 ], [ 105.8154612, 21.0271893 ], [ 105.815483199999989, 21.0270157 ], [ 105.8163864, 21.0236247 ], [ 105.819179799999986, 21.0223888 ], [ 105.8184616, 21.0191027 ], [ 105.8171314, 21.0176772 ], [ 105.8200999, 21.015375 ], [ 105.8202578, 21.0152392 ], [ 105.820670399999983, 21.0124282 ], [ 105.819401299999981, 21.0104184 ], [ 105.8187493, 21.0100776 ], [ 105.8167644, 21.0098221 ], [ 105.816423700000016, 21.0062468 ], [ 105.818031, 21.0044283 ], [ 105.8199683, 21.0030929 ], [ 105.8182251, 21.0017879 ], [ 105.817849399999986, 21.0015574 ], [ 105.817312499999986, 21.0012525 ], [ 105.817100899999986, 21.001301 ], [ 105.8164429, 21.0049643 ], [ 105.814768299999983, 21.0063694 ], [ 105.812051, 21.0071526 ], [ 105.808682399999981, 21.0080303 ], [ 105.8070191, 21.0062683 ], [ 105.806894799999981, 21.0052618 ], [ 105.806962199999987, 21.0039196 ], [ 105.810664700000018, 21.0033662 ], [ 105.8110762, 21.0034931 ], [ 105.8117191, 21.0028656 ], [ 105.8103037, 21.0011768 ], [ 105.809277, 20.998049 ], [ 105.8078813, 20.9999022 ], [ 105.8078324, 20.999967 ], [ 105.806853299999986, 21.0012013 ], [ 105.803644, 21.0010914 ], [ 105.8015778, 20.9984711 ], [ 105.800996399999988, 20.9985315 ], [ 105.800199, 20.9986429 ], [ 105.797120199999981, 20.998951 ], [ 105.795963799999981, 20.9989184 ], [ 105.794508900000011, 21.0021062 ], [ 105.7925836, 21.0022175 ], [ 105.789722699999984, 21.002891 ], [ 105.789256599999987, 21.003581 ], [ 105.78948339999998, 21.0037129 ], [ 105.7909653, 21.0047734 ], [ 105.790268399999988, 21.0074236 ], [ 105.788717299999988, 21.0093097 ], [ 105.7870771, 21.0118958 ], [ 105.787308100000018, 21.0139612 ], [ 105.78738389999998, 21.0159489 ], [ 105.7877557, 21.0176325 ], [ 105.78801319999998, 21.0197201 ], [ 105.7880924, 21.020268 ], [ 105.789651099999986, 21.0229931 ] ] ] } },
{ "type": "Feature", "properties": { "threshold_s": "900", "time_label": "15 min drive" }, "geometry": { "type": "Polygon", "coordinates": [ [ [ 105.7810001, 21.0286052 ], [ 105.783872499999987, 21.0317404 ], [ 105.789001900000017, 21.0344375 ], [ 105.7944599, 21.0376676 ], [ 105.797752399999979, 21.0395686 ], [ 105.8013017, 21.0383065 ], [ 105.807049099999986, 21.0392968 ], [ 105.813010599999984, 21.0408524 ], [ 105.8165567, 21.0419139 ], [ 105.8173165, 21.0373304 ], [ 105.821467899999988, 21.0351968 ], [ 105.8215891, 21.0314693 ], [ 105.827209, 21.0294135 ], [ 105.827496, 21.0262322 ], [ 105.8286247, 21.0192495 ], [ 105.828623, 21.0184174 ], [ 105.8273924, 21.0142179 ], [ 105.8284444, 21.0085161 ], [ 105.8296844, 21.0069173 ], [ 105.829533699999985, 21.0019292 ], [ 105.8292945, 21.0004617 ], [ 105.8287134, 20.9983152 ], [ 105.8267846, 20.99725 ], [ 105.8231575, 20.9957936 ], [ 105.8219954, 20.995766 ], [ 105.8200335, 20.9961533 ], [ 105.8139974, 20.9985801 ], [ 105.8114354, 20.9968636 ], [ 105.8111549, 20.9966757 ], [ 105.809529, 20.9955864 ], [ 105.8036125, 20.9906932 ], [ 105.8023539, 20.9910756 ], [ 105.795569699999987, 20.9916239 ], [ 105.7943971, 20.9923757 ], [ 105.7876235, 20.9930818 ], [ 105.787565699999988, 20.9932025 ], [ 105.786029199999987, 20.9965445 ], [ 105.785598799999988, 20.9980257 ], [ 105.7852688, 20.9991542 ], [ 105.7794161, 21.0030366 ], [ 105.777231699999987, 21.0041364 ], [ 105.777329499999979, 21.0045541 ], [ 105.77818, 21.005696 ], [ 105.7826429, 21.0103564 ], [ 105.7793593, 21.0155211 ], [ 105.779243399999984, 21.0156483 ], [ 105.779430199999979, 21.0170183 ], [ 105.781024799999983, 21.0188455 ], [ 105.7812926, 21.0190509 ], [ 105.7843605, 21.0258818 ], [ 105.7809856, 21.028491 ], [ 105.7810001, 21.0286052 ] ] ] } },
{ "type": "Feature", "properties": { "threshold_s": "300", "time_label": "5 min drive" }, "geometry": { "type": "Polygon", "coordinates": [ [ [ 105.796058099999982, 21.0180446 ], [ 105.796274199999985, 21.018608 ], [ 105.7969513, 21.0189684 ], [ 105.7978919, 21.0188904 ], [ 105.799750399999979, 21.0192064 ], [ 105.800678, 21.0197491 ], [ 105.801257699999979, 21.0198151 ], [ 105.8016923, 21.019004 ], [ 105.8022946, 21.0178538 ], [ 105.802798599999988, 21.016999 ], [ 105.8020895, 21.0167798 ], [ 105.801670499999986, 21.016466 ], [ 105.80137689999998, 21.0162042 ], [ 105.8017073, 21.0145802 ], [ 105.801889, 21.0143779 ], [ 105.8032963, 21.0139555 ], [ 105.804187200000015, 21.0149442 ], [ 105.804227199999985, 21.0152728 ], [ 105.8043705, 21.0151327 ], [ 105.8047308, 21.0148001 ], [ 105.8041814, 21.013211 ], [ 105.8044976, 21.011801 ], [ 105.8048908, 21.0114872 ], [ 105.8046479, 21.0099789 ], [ 105.8046726, 21.0096398 ], [ 105.8038287, 21.0091651 ], [ 105.8027811, 21.0089966 ], [ 105.8014435, 21.0084068 ], [ 105.800810199999987, 21.007828 ], [ 105.8002332, 21.0096 ], [ 105.799689799999982, 21.0101336 ], [ 105.799460899999985, 21.0103487 ], [ 105.796926, 21.0084583 ], [ 105.7968093, 21.0086027 ], [ 105.7993146, 21.0104976 ], [ 105.7994228, 21.0105902 ], [ 105.800564799999989, 21.0116311 ], [ 105.800847099999984, 21.0133141 ], [ 105.799657499999981, 21.0135718 ], [ 105.798323399999987, 21.0137879 ], [ 105.797718799999984, 21.0138745 ], [ 105.7963756, 21.0136039 ], [ 105.7942709, 21.0132583 ], [ 105.7953154, 21.0140106 ], [ 105.7950004, 21.0152157 ], [ 105.794852299999988, 21.0154523 ], [ 105.794687899999985, 21.0157342 ], [ 105.796217699999985, 21.0166315 ], [ 105.796058099999982, 21.0180446 ] ] ] } },
{ "type": "Feature", "properties": { "threshold_s": "600", "time_label": "10 min drive" }, "geometry": { "type": "Polygon", "coordinates": [ [ [ 105.788394399999987, 21.0221229 ], [ 105.789151299999986, 21.0246083 ], [ 105.791498, 21.0263117 ], [ 105.7919473, 21.0257926 ], [ 105.792539299999987, 21.0249285 ], [ 105.7933249, 21.0235746 ], [ 105.792066599999984, 21.0223365 ], [ 105.794681, 21.0204381 ], [ 105.795708099999985, 21.0208178 ], [ 105.7971266, 21.0216502 ], [ 105.7975731, 21.0237727 ], [ 105.7982647, 21.0257885 ], [ 105.7980311, 21.0268446 ], [ 105.799663, 21.0275852 ], [ 105.7987959, 21.0264564 ], [ 105.7990048, 21.0236119 ], [ 105.8001907, 21.0225723 ], [ 105.8027521, 21.023295 ], [ 105.803818, 21.026045 ], [ 105.8054028, 21.0235924 ], [ 105.806216599999985, 21.0234112 ], [ 105.80679619999998, 21.0233154 ], [ 105.8107808, 21.0241301 ], [ 105.810747899999981, 21.0240695 ], [ 105.80992089999998, 21.0226339 ], [ 105.8120887, 21.0201499 ], [ 105.813385, 21.0173423 ], [ 105.8136905, 21.0148285 ], [ 105.812657500000014, 21.0129797 ], [ 105.8123199, 21.0124562 ], [ 105.8131552, 21.0096202 ], [ 105.813823299999981, 21.0090666 ], [ 105.8133317, 21.0085866 ], [ 105.8131836, 21.0084469 ], [ 105.8116969, 21.0096309 ], [ 105.809437299999985, 21.0086567 ], [ 105.808682399999981, 21.0080303 ], [ 105.806894799999981, 21.0052618 ], [ 105.806962199999987, 21.0039196 ], [ 105.806988799999985, 21.0037853 ], [ 105.807011599999981, 21.0034512 ], [ 105.806925899999982, 21.0012418 ], [ 105.806853299999986, 21.0012013 ], [ 105.803644, 21.0010914 ], [ 105.8020453, 20.9999631 ], [ 105.7987903, 21.0009672 ], [ 105.7987746, 21.0040641 ], [ 105.797615899999983, 21.0054319 ], [ 105.7952323, 21.0037605 ], [ 105.794508900000011, 21.0021062 ], [ 105.7931344, 21.0015087 ], [ 105.7925836, 21.0022175 ], [ 105.789722699999984, 21.002891 ], [ 105.789256599999987, 21.003581 ], [ 105.78948339999998, 21.0037129 ], [ 105.7909653, 21.0047734 ], [ 105.790268399999988, 21.0074236 ], [ 105.788717299999988, 21.0093097 ], [ 105.7868004, 21.0117028 ], [ 105.787308100000018, 21.0139612 ], [ 105.7864655, 21.0149925 ], [ 105.7862824, 21.0152446 ], [ 105.7866487, 21.0168519 ], [ 105.7865387, 21.0191609 ], [ 105.7872487, 21.0213248 ], [ 105.788394399999987, 21.0221229 ] ] ] } },
{ "type": "Feature", "properties": { "threshold_s": "900", "time_label": "15 min drive" }, "geometry": { "type": "Polygon", "coordinates": [ [ [ 105.77906440000001, 21.0287664 ], [ 105.779007, 21.0289033 ], [ 105.7833544, 21.0326624 ], [ 105.789001900000017, 21.0344375 ], [ 105.7916694, 21.0362416 ], [ 105.797537799999986, 21.0342801 ], [ 105.8047742, 21.0350973 ], [ 105.8054881, 21.0346669 ], [ 105.806502, 21.0334697 ], [ 105.8139284, 21.0339223 ], [ 105.8144156, 21.0337787 ], [ 105.8163595, 21.0304337 ], [ 105.8177825, 21.0272186 ], [ 105.820237399999982, 21.023779 ], [ 105.820607599999988, 21.0227058 ], [ 105.8200999, 21.015375 ], [ 105.8202578, 21.0152392 ], [ 105.8210635, 21.0145944 ], [ 105.8214795, 21.0115675 ], [ 105.820315399999984, 21.008217 ], [ 105.821797300000014, 21.0025778 ], [ 105.8158904, 21.0003156 ], [ 105.8114354, 20.9968636 ], [ 105.8111549, 20.9966757 ], [ 105.809529, 20.9955864 ], [ 105.803780599999982, 20.9920855 ], [ 105.8026302, 20.9919737 ], [ 105.7961317, 20.9932905 ], [ 105.794580199999984, 20.9929041 ], [ 105.7928194, 20.9932617 ], [ 105.786029199999987, 20.9965445 ], [ 105.785648, 20.9967423 ], [ 105.7848268, 20.9984373 ], [ 105.7794161, 21.0030366 ], [ 105.775675, 21.0044637 ], [ 105.7775735, 21.0066007 ], [ 105.7826429, 21.0103564 ], [ 105.7793593, 21.0155211 ], [ 105.7781173, 21.0159072 ], [ 105.779546399999987, 21.0183829 ], [ 105.7812926, 21.0190509 ], [ 105.7849225, 21.0242181 ], [ 105.7843605, 21.0258818 ], [ 105.7809856, 21.028491 ], [ 105.7795231, 21.0287072 ], [ 105.77906440000001, 21.0287664 ] ] ] } },
{ "type": "Feature", "properties": { "threshold_s": "300", "time_label": "5 min drive" }, "geometry": { "type": "Polygon", "coordinates": [ [ [ 105.7921825, 21.0189364 ], [ 105.7922255, 21.02068 ], [ 105.794019799999987, 21.0200457 ], [ 105.794681, 21.0204381 ], [ 105.795708099999985, 21.0208178 ], [ 105.7971266, 21.0216502 ], [ 105.7975731, 21.0237727 ], [ 105.7982647, 21.0257885 ], [ 105.7984135, 21.0257321 ], [ 105.7990048, 21.0236119 ], [ 105.8001907, 21.0225723 ], [ 105.8010002, 21.0216993 ], [ 105.8027521, 21.023295 ], [ 105.8036281, 21.0234259 ], [ 105.8031656, 21.0217184 ], [ 105.8018031, 21.0203137 ], [ 105.8023428, 21.0193091 ], [ 105.803197199999985, 21.0177194 ], [ 105.804193399999988, 21.0163781 ], [ 105.8063072, 21.0165963 ], [ 105.806779, 21.0172304 ], [ 105.806664799999979, 21.0169709 ], [ 105.8055062, 21.0150817 ], [ 105.8047308, 21.0148001 ], [ 105.802921, 21.0137511 ], [ 105.8026473, 21.0135159 ], [ 105.8023038, 21.0131912 ], [ 105.8011874, 21.0119471 ], [ 105.8006932, 21.0114927 ], [ 105.7994228, 21.0105902 ], [ 105.800564799999989, 21.0116311 ], [ 105.799657499999981, 21.0135718 ], [ 105.798323399999987, 21.0137879 ], [ 105.797718799999984, 21.0138745 ], [ 105.7963756, 21.0136039 ], [ 105.7939871, 21.0130562 ], [ 105.7942709, 21.0132583 ], [ 105.794852299999988, 21.0154523 ], [ 105.794687899999985, 21.0157342 ], [ 105.7945085, 21.0160419 ], [ 105.794135299999979, 21.0166725 ], [ 105.7937509, 21.017287 ], [ 105.7922812, 21.0187945 ], [ 105.7921825, 21.0189364 ] ] ] } },
{ "type": "Feature", "properties": { "threshold_s": "600", "time_label": "10 min drive" }, "geometry": { "type": "Polygon", "coordinates": [ [ [ 105.7849225, 21.0242181 ], [ 105.7855691, 21.0279498 ], [ 105.7878595, 21.029137 ], [ 105.7895908, 21.0300403 ], [ 105.7934906, 21.0303364 ], [ 105.7941301, 21.0293326 ], [ 105.7970173, 21.0272876 ], [ 105.799534799999989, 21.0277085 ], [ 105.80046440000001, 21.0310117 ], [ 105.7987529, 21.0324956 ], [ 105.7982389, 21.0331615 ], [ 105.7977371, 21.033649 ], [ 105.8028804, 21.0323948 ], [ 105.8050388, 21.0340173 ], [ 105.805307899999988, 21.0343825 ], [ 105.805490899999981, 21.0340445 ], [ 105.8036961, 21.0321755 ], [ 105.8061133, 21.0290877 ], [ 105.8081098, 21.0294211 ], [ 105.810911599999983, 21.0298517 ], [ 105.8122473, 21.027516 ], [ 105.8120651, 21.0268034 ], [ 105.812025299999988, 21.0266695 ], [ 105.8120092, 21.026615 ], [ 105.8116463, 21.0240932 ], [ 105.813021600000013, 21.0216415 ], [ 105.815283099999988, 21.0205997 ], [ 105.8161805, 21.0182819 ], [ 105.816606599999986, 21.0157019 ], [ 105.816463900000016, 21.0155276 ], [ 105.814929899999981, 21.0139064 ], [ 105.8159375, 21.0105436 ], [ 105.8160708, 21.0104471 ], [ 105.8156305, 21.0098977 ], [ 105.816423700000016, 21.0062468 ], [ 105.816321, 21.0061894 ], [ 105.814768299999983, 21.0063694 ], [ 105.812051, 21.0071526 ], [ 105.808682399999981, 21.0080303 ], [ 105.8070191, 21.0062683 ], [ 105.806894799999981, 21.0052618 ], [ 105.806962199999987, 21.0039196 ], [ 105.806988799999985, 21.0037853 ], [ 105.807011599999981, 21.0034512 ], [ 105.8053594, 21.0035834 ], [ 105.801389, 21.003105 ], [ 105.799217, 21.0035337 ], [ 105.7952323, 21.0037605 ], [ 105.7923208, 21.0046063 ], [ 105.7909653, 21.0047734 ], [ 105.790268399999988, 21.0074236 ], [ 105.788717299999988, 21.0093097 ], [ 105.7868004, 21.0117028 ], [ 105.7851037, 21.014335 ], [ 105.7835125, 21.0163004 ], [ 105.784113, 21.0190752 ], [ 105.78416, 21.0191663 ], [ 105.7856934, 21.0202049 ], [ 105.786251799999988, 21.0225455 ], [ 105.7849225, 21.0242181 ] ] ] } },
{ "type": "Feature", "properties": { "threshold_s": "900", "time_label": "15 min drive" }, "geometry": { "type": "Polygon", "coordinates": [ [ [ 105.7788552, 21.0274225 ], [ 105.7747937, 21.0295595 ], [ 105.775260599999982, 21.0298653 ], [ 105.775385, 21.0299339 ], [ 105.779919099999987, 21.031536 ], [ 105.780066, 21.0323896 ], [ 105.780200799999989, 21.0331404 ], [ 105.780489, 21.0346752 ], [ 105.7835314, 21.0365758 ], [ 105.785947800000017, 21.0366187 ], [ 105.7879618, 21.0365313 ], [ 105.790427799999989, 21.0402707 ], [ 105.792572399999983, 21.0408691 ], [ 105.7945053, 21.0416307 ], [ 105.7977321, 21.0439743 ], [ 105.7989495, 21.0428763 ], [ 105.80078469999998, 21.0388172 ], [ 105.8023652, 21.0395429 ], [ 105.802945599999987, 21.0401025 ], [ 105.806134599999979, 21.0426071 ], [ 105.806136099999989, 21.0438464 ], [ 105.807465599999986, 21.0429701 ], [ 105.809531199999981, 21.0412103 ], [ 105.812700599999985, 21.0387141 ], [ 105.8152145, 21.0374458 ], [ 105.817201299999979, 21.0340266 ], [ 105.8196948, 21.0308865 ], [ 105.81986689999998, 21.029601 ], [ 105.8230594, 21.0263943 ], [ 105.823184399999988, 21.0262688 ], [ 105.8228313, 21.0222185 ], [ 105.8246193, 21.0181761 ], [ 105.8251477, 21.0165492 ], [ 105.8252025, 21.0151996 ], [ 105.824867, 21.0147424 ], [ 105.8243082, 21.0143762 ], [ 105.8225238, 21.0135345 ], [ 105.824699, 21.0096805 ], [ 105.824786499999988, 21.008971 ], [ 105.8231971, 21.0067615 ], [ 105.8226959, 21.0056371 ], [ 105.8241532, 21.0018904 ], [ 105.826217, 21.0014287 ], [ 105.8234333, 20.9999103 ], [ 105.8222007, 21.0002549 ], [ 105.817849399999986, 21.0015574 ], [ 105.817312499999986, 21.0012525 ], [ 105.8165621, 21.0007756 ], [ 105.816250399999987, 21.0005568 ], [ 105.8158904, 21.0003156 ], [ 105.814307500000012, 20.9987879 ], [ 105.8103759, 20.996621 ], [ 105.809529, 20.9955864 ], [ 105.8090066, 20.9957036 ], [ 105.805649699999989, 20.9984274 ], [ 105.8040869, 20.9973946 ], [ 105.799583, 20.9958415 ], [ 105.79920509999998, 20.9963297 ], [ 105.7950569, 20.9982233 ], [ 105.7926877, 20.996422 ], [ 105.7926218, 20.9963759 ], [ 105.7925484, 20.9964709 ], [ 105.7904884, 20.9991324 ], [ 105.789722699999984, 21.002891 ], [ 105.7850597, 21.0021777 ], [ 105.782811700000011, 21.0026587 ], [ 105.781528899999984, 21.0029385 ], [ 105.7827904, 21.0053748 ], [ 105.783039299999984, 21.0089995 ], [ 105.7826429, 21.0103564 ], [ 105.781700499999985, 21.0126829 ], [ 105.7773068, 21.0142567 ], [ 105.7759388, 21.0122997 ], [ 105.775867099999985, 21.012211 ], [ 105.775242, 21.0125596 ], [ 105.7750771, 21.0126558 ], [ 105.774902, 21.0150757 ], [ 105.7749083, 21.0171869 ], [ 105.775181099999983, 21.0186764 ], [ 105.775832, 21.0184264 ], [ 105.778520499999985, 21.0183861 ], [ 105.7804951, 21.0190562 ], [ 105.7807247, 21.0192201 ], [ 105.7812926, 21.0190509 ], [ 105.78416, 21.0191663 ], [ 105.7856934, 21.0202049 ], [ 105.7849225, 21.0242181 ], [ 105.7843605, 21.0258818 ], [ 105.7809856, 21.028491 ], [ 105.7788409, 21.0251049 ], [ 105.7784963, 21.0251352 ], [ 105.7788552, 21.0274225 ] ] ] } },
{ "type": "Feature", "properties": { "threshold_s": "300", "time_label": "5 min drive" }, "geometry": { "type": "Polygon", "coordinates": [ [ [ 105.8434716, 21.0414843 ], [ 105.841829, 21.0425259 ], [ 105.842816, 21.0433331 ], [ 105.8445913, 21.0437602 ], [ 105.845941399999987, 21.0443697 ], [ 105.846347699999981, 21.0444049 ], [ 105.847211800000011, 21.0443291 ], [ 105.850106499999981, 21.0449387 ], [ 105.8513591, 21.04259 ], [ 105.8523166, 21.0409591 ], [ 105.853999, 21.0394404 ], [ 105.8538807, 21.0382553 ], [ 105.8535585, 21.0372254 ], [ 105.855188, 21.0355451 ], [ 105.855330399999986, 21.0338854 ], [ 105.854413799999989, 21.0338031 ], [ 105.85204490000001, 21.0339261 ], [ 105.849394799999985, 21.0353124 ], [ 105.847024799999986, 21.0344199 ], [ 105.846130299999984, 21.0366717 ], [ 105.8454918, 21.0375308 ], [ 105.8454121, 21.0400507 ], [ 105.843830299999979, 21.0403251 ], [ 105.8434716, 21.0414843 ] ] ] } },
{ "type": "Feature", "properties": { "threshold_s": "600", "time_label": "10 min drive" }, "geometry": { "type": "Polygon", "coordinates": [ [ [ 105.838508299999987, 21.0487951 ], [ 105.838671, 21.0522312 ], [ 105.8419165, 21.0518834 ], [ 105.8420238, 21.0518513 ], [ 105.8481324, 21.0481674 ], [ 105.8492648, 21.0462351 ], [ 105.850106499999981, 21.0449387 ], [ 105.8532054, 21.0410502 ], [ 105.8539648, 21.0399026 ], [ 105.8552544, 21.038343 ], [ 105.8559408, 21.0375631 ], [ 105.8580411, 21.033791 ], [ 105.8588286, 21.0330955 ], [ 105.865565599999982, 21.0396641 ], [ 105.8660828, 21.0398137 ], [ 105.866129799999982, 21.0394213 ], [ 105.859561899999989, 21.032523 ], [ 105.861271699999989, 21.0304235 ], [ 105.8613337, 21.0288933 ], [ 105.86021479999998, 21.024606 ], [ 105.8547547, 21.023716 ], [ 105.8474105, 21.0258729 ], [ 105.8451257, 21.0249069 ], [ 105.8415518, 21.0276316 ], [ 105.8387149, 21.0311558 ], [ 105.840804, 21.0342079 ], [ 105.837023599999981, 21.0388764 ], [ 105.835097299999987, 21.0418506 ], [ 105.8351095, 21.0426739 ], [ 105.8363039, 21.0440074 ], [ 105.838508299999987, 21.0487951 ] ] ] } },
{ "type": "Feature", "properties": { "threshold_s": "900", "time_label": "15 min drive" }, "geometry": { "type": "Polygon", "coordinates": [ [ [ 105.8337692, 21.0561987 ], [ 105.8324893, 21.061005 ], [ 105.8329185, 21.0609307 ], [ 105.842760199999987, 21.0584602 ], [ 105.8434512, 21.0579885 ], [ 105.8448187, 21.0565981 ], [ 105.8481324, 21.0481674 ], [ 105.8492648, 21.0462351 ], [ 105.850106499999981, 21.0449387 ], [ 105.8532054, 21.0410502 ], [ 105.8539648, 21.0399026 ], [ 105.8552544, 21.038343 ], [ 105.8645302, 21.0425052 ], [ 105.8645845, 21.0429123 ], [ 105.8644483, 21.0456788 ], [ 105.8649809, 21.0473095 ], [ 105.8652837, 21.0475541 ], [ 105.865604499999989, 21.0475113 ], [ 105.871485199999981, 21.0466784 ], [ 105.8751927, 21.0453025 ], [ 105.875490899999988, 21.0451634 ], [ 105.874603199999981, 21.0358066 ], [ 105.8746544, 21.0343807 ], [ 105.873688499999986, 21.0332723 ], [ 105.8708742, 21.0315621 ], [ 105.8691818, 21.0308484 ], [ 105.86210149999998, 21.0246067 ], [ 105.863899, 21.018973 ], [ 105.864448899999985, 21.0179396 ], [ 105.862791499999986, 21.0140733 ], [ 105.8529977, 21.013714 ], [ 105.8435857, 21.0172651 ], [ 105.8424924, 21.0173642 ], [ 105.8414099, 21.0174645 ], [ 105.8371473, 21.019088 ], [ 105.8318917, 21.0265264 ], [ 105.8288446, 21.0324006 ], [ 105.827953199999982, 21.034706 ], [ 105.823096299999989, 21.0430757 ], [ 105.823222, 21.0436032 ], [ 105.8251749, 21.0431721 ], [ 105.8351095, 21.0426739 ], [ 105.8363039, 21.0440074 ], [ 105.835914299999985, 21.0526278 ], [ 105.8337692, 21.0561987 ] ] ] } }
]
}
