{
"type": "FeatureCollection",
"name": "isochrone_amenity_drinking_water_drive",
"crs": { "type": "name", "properties": { "name": "urn:ogc:def:crs:OGC:1.3:CRS84" } },
"features": [
{ "type": "Feature", "properties": { "threshold_s": 300, "time_label": "5 min drive" }, "geometry": { "type": "Polygon", "coordinates": [ [ [ 105.803480599999986, 21.0042422 ], [ 105.804063699999986, 21.0060271 ], [ 105.8046634, 21.0054347 ], [ 105.8048179, 21.0052954 ], [ 105.805309099999988, 21.0049195 ], [ 105.806317899999982, 21.0043007 ], [ 105.806962199999987, 21.0039196 ], [ 105.810664700000018, 21.0033662 ], [ 105.812051, 21.0071526 ], [ 105.8110762, 21.0034931 ], [ 105.8117191, 21.0028656 ], [ 105.811178499999983, 20.9998658 ], [ 105.813767, 20.998893 ], [ 105.814307500000012, 20.9987879 ], [ 105.8139974, 20.9985801 ], [ 105.8114354, 20.9968636 ], [ 105.8111549, 20.9966757 ], [ 105.809529, 20.9955864 ], [ 105.806733599999987, 20.9941675 ], [ 105.80396159999998, 20.9917608 ], [ 105.803761399999985, 20.9916192 ], [ 105.80329519999998, 20.9918562 ], [ 105.802927400000016, 20.9921822 ], [ 105.803780599999982, 20.9920855 ], [ 105.8040869, 20.9973946 ], [ 105.8020453, 20.9999631 ], [ 105.803644, 21.0010914 ], [ 105.803480599999986, 21.0042422 ] ] ] } },
{ "type": "Feature", "properties": { "threshold_s": 600, "time_label": "10 min drive" }, "geometry": { "type": "Polygon", "coordinates": [ [ [ 105.795342599999984, 21.007529 ], [ 105.7955651, 21.0081251 ], [ 105.800564799999989, 21.0116311 ], [ 105.8026473, 21.0135159 ], [ 105.802921, 21.0137511 ], [ 105.8032963, 21.0139555 ], [ 105.803609099999989, 21.0140641 ], [ 105.804073799999983, 21.0139538 ], [ 105.8082128, 21.0128887 ], [ 105.8140229, 21.0153286 ], [ 105.814237, 21.0155163 ], [ 105.817855499999979, 21.0148042 ], [ 105.8197568, 21.0131287 ], [ 105.819401299999981, 21.0104184 ], [ 105.8231971, 21.0067615 ], [ 105.8241532, 21.0018904 ], [ 105.8222007, 21.0002549 ], [ 105.8181251, 20.9973037 ], [ 105.8174286, 20.994913 ], [ 105.8152237, 20.9951691 ], [ 105.810396399999988, 20.9907259 ], [ 105.8107236, 20.9894471 ], [ 105.8084121, 20.9842139 ], [ 105.80144, 20.98468 ], [ 105.7949749, 20.9854498 ], [ 105.7948058, 20.9856848 ], [ 105.795366699999988, 20.9918003 ], [ 105.7950569, 20.9982233 ], [ 105.7942658, 21.0030488 ], [ 105.795342599999984, 21.007529 ] ] ] } },
{ "type": "Feature", "properties": { "threshold_s": 900, "time_label": "15 min drive" }, "geometry": { "type": "Polygon", "coordinates": [ [ [ 105.7870771, 21.0118958 ], [ 105.788485399999985, 21.0167322 ], [ 105.795708099999985, 21.0208178 ], [ 105.799028, 21.0225753 ], [ 105.8001907, 21.0225723 ], [ 105.8093012, 21.0228278 ], [ 105.8116584, 21.0232898 ], [ 105.820237399999982, 21.023779 ], [ 105.826251, 21.022117 ], [ 105.8263876, 21.0220651 ], [ 105.8271174, 21.0200666 ], [ 105.8290103, 21.0144294 ], [ 105.8316456, 21.0064838 ], [ 105.8362227, 20.9988353 ], [ 105.8313346, 20.9941525 ], [ 105.826654299999987, 20.9941394 ], [ 105.824332399999989, 20.9938038 ], [ 105.820155799999981, 20.985918 ], [ 105.8195182, 20.9846359 ], [ 105.8182027, 20.9805031 ], [ 105.8150268, 20.9752411 ], [ 105.8145455, 20.9744982 ], [ 105.8100934, 20.9741162 ], [ 105.8027511, 20.9758508 ], [ 105.7967264, 20.9778934 ], [ 105.787607599999987, 20.9797897 ], [ 105.7859786, 20.9788642 ], [ 105.7854348, 20.9784427 ], [ 105.7851257, 20.9853995 ], [ 105.78490429999998, 20.9896581 ], [ 105.7848268, 20.9984373 ], [ 105.7852688, 20.9991542 ], [ 105.789256599999987, 21.003581 ], [ 105.788717299999988, 21.0093097 ], [ 105.7870771, 21.0118958 ] ] ] } },
{ "type": "Feature", "properties": { "threshold_s": 300, "time_label": "5 min drive" }, "geometry": { "type": "Polygon", "coordinates": [ [ [ 105.8600789, 21.0047048 ], [ 105.860795, 21.0076553 ], [ 105.8612373, 21.0071328 ], [ 105.860888599999981, 21.006907 ], [ 105.8637836, 21.004457 ], [ 105.865614599999986, 21.0050545 ], [ 105.8667563, 21.0037343 ], [ 105.868990199999985, 21.0051393 ], [ 105.8698084, 21.0030465 ], [ 105.8700831, 21.0023225 ], [ 105.8704661, 21.0012324 ], [ 105.869474200000013, 21.000123 ], [ 105.8700165, 21.0022999 ], [ 105.8697268, 21.0030382 ], [ 105.866774799999988, 21.0032778 ], [ 105.8667825, 21.002999 ], [ 105.866798799999984, 21.001117 ], [ 105.8668002, 21.0010488 ], [ 105.866809099999983, 21.0005882 ], [ 105.8664894, 21.0002278 ], [ 105.8660107, 21.0000615 ], [ 105.866007400000015, 21.0004529 ], [ 105.8660055, 21.0006746 ], [ 105.8652569, 21.0029825 ], [ 105.863635099999982, 21.0020735 ], [ 105.8614664, 21.0011413 ], [ 105.8617132, 20.9990108 ], [ 105.8617857, 20.998366 ], [ 105.8606387, 21.0004732 ], [ 105.858854799999989, 21.0009864 ], [ 105.857958899999986, 21.0027343 ], [ 105.85866679999998, 21.0027918 ], [ 105.8600789, 21.0047048 ] ] ] } },
{ "type": "Feature", "properties": { "threshold_s": 600, "time_label": "10 min drive" }, "geometry": { "type": "Polygon", "coordinates": [ [ [ 105.854312099999987, 21.0138532 ], [ 105.8556233, 21.0172861 ], [ 105.8575245, 21.0165817 ], [ 105.862791499999986, 21.0140733 ], [ 105.864833799999985, 21.0131123 ], [ 105.8680303, 21.0100022 ], [ 105.8697744, 21.0049515 ], [ 105.8750687, 21.0030983 ], [ 105.877117699999985, 21.0018883 ], [ 105.878845, 21.0009046 ], [ 105.8792541, 21.0005829 ], [ 105.87523920000001, 20.9956397 ], [ 105.8740291, 20.9957451 ], [ 105.8690626, 20.995638 ], [ 105.8655185, 20.9906479 ], [ 105.8654742, 20.9900901 ], [ 105.862961199999987, 20.9880689 ], [ 105.86147, 20.989695 ], [ 105.8612569, 20.9927051 ], [ 105.8556667, 20.995477 ], [ 105.8542342, 20.9953722 ], [ 105.8537727, 20.9956938 ], [ 105.850294299999987, 20.9988078 ], [ 105.848264199999988, 21.0002543 ], [ 105.8458159, 21.0018159 ], [ 105.8464015, 21.0034428 ], [ 105.849472099999986, 21.0070666 ], [ 105.8505767, 21.008786 ], [ 105.850718599999979, 21.0090174 ], [ 105.854312099999987, 21.0138532 ] ] ] } },
{ "type": "Feature", "properties": { "threshold_s": 900, "time_label": "15 min drive" }, "geometry": { "type": "Polygon", "coordinates": [ [ [ 105.845692299999982, 21.0195002 ], [ 105.848836100000014, 21.0227009 ], [ 105.851322199999984, 21.0247186 ], [ 105.8532351, 21.0254925 ], [ 105.8555511, 21.0261522 ], [ 105.857814499999989, 21.0261832 ], [ 105.8600125, 21.0249853 ], [ 105.860767399999986, 21.0242371 ], [ 105.863899, 21.018973 ], [ 105.864448899999985, 21.0179396 ], [ 105.865231599999987, 21.0153725 ], [ 105.8680303, 21.0100022 ], [ 105.8750687, 21.0030983 ], [ 105.8817006, 21.0013437 ], [ 105.8827187, 21.0011365 ], [ 105.8855343, 21.000653 ], [ 105.8871947, 20.999932 ], [ 105.8879176, 20.9996089 ], [ 105.8887571, 20.9991883 ], [ 105.888160899999988, 20.9985059 ], [ 105.883261599999983, 20.9942227 ], [ 105.8764928, 20.9862125 ], [ 105.874731299999979, 20.9838832 ], [ 105.8704337, 20.9815077 ], [ 105.8650228, 20.9791881 ], [ 105.8648825, 20.9791602 ], [ 105.8580399, 20.9824479 ], [ 105.8572402, 20.9836503 ], [ 105.847151399999987, 20.9886826 ], [ 105.843321499999988, 20.9931925 ], [ 105.843127199999984, 20.9934614 ], [ 105.8408719, 20.998028 ], [ 105.837045499999988, 21.0036744 ], [ 105.8413355, 21.0087937 ], [ 105.8463087, 21.0126788 ], [ 105.845692299999982, 21.0195002 ] ] ] } },
{ "type": "Feature", "properties": { "threshold_s": 300, "time_label": "5 min drive" }, "geometry": { "type": "Polygon", "coordinates": [ [ [ 105.8403743, 21.0308374 ], [ 105.8403466, 21.0314387 ], [ 105.8406106, 21.031161 ], [ 105.841431199999988, 21.0306338 ], [ 105.8428205, 21.0303654 ], [ 105.845064, 21.0313485 ], [ 105.8452826, 21.0324584 ], [ 105.846356699999987, 21.0327226 ], [ 105.846901399999979, 21.0326301 ], [ 105.84769249999998, 21.0324873 ], [ 105.848055599999981, 21.0324216 ], [ 105.8486543, 21.0310594 ], [ 105.850585599999988, 21.0291892 ], [ 105.8511617, 21.0278966 ], [ 105.8535709, 21.0273332 ], [ 105.8551509, 21.0249161 ], [ 105.8556889, 21.0242229 ], [ 105.856357099999983, 21.0224236 ], [ 105.857519, 21.0212525 ], [ 105.8554092, 21.0194893 ], [ 105.8541891, 21.018715 ], [ 105.8528936, 21.0180897 ], [ 105.8508468, 21.0168556 ], [ 105.8478307, 21.0170696 ], [ 105.846956799999987, 21.0171098 ], [ 105.844269199999985, 21.017305 ], [ 105.8435857, 21.0172651 ], [ 105.8424924, 21.0173642 ], [ 105.8414031, 21.0182234 ], [ 105.8413912, 21.0188449 ], [ 105.8413984, 21.0193508 ], [ 105.841405499999979, 21.0199175 ], [ 105.841418299999987, 21.0206551 ], [ 105.8414355, 21.021993 ], [ 105.841464500000015, 21.024215 ], [ 105.839868899999985, 21.0264119 ], [ 105.838971599999979, 21.0277376 ], [ 105.8388391, 21.0280565 ], [ 105.839164299999979, 21.0281474 ], [ 105.8403743, 21.0308374 ] ] ] } },
{ "type": "Feature", "properties": { "threshold_s": 600, "time_label": "10 min drive" }, "geometry": { "type": "Polygon", "coordinates": [ [ [ 105.829247399999986, 21.0323773 ], [ 105.8292725, 21.0326242 ], [ 105.8317055, 21.0344357 ], [ 105.83272119999998, 21.034424 ], [ 105.8363518, 21.0356501 ], [ 105.837023599999981, 21.0388764 ], [ 105.8400482, 21.041063 ], [ 105.8446083, 21.0412085 ], [ 105.8472071, 21.0419565 ], [ 105.8482371, 21.042392 ], [ 105.8509799, 21.0396982 ], [ 105.8515241, 21.0390352 ], [ 105.853296899999989, 21.0369383 ], [ 105.8546701, 21.035414 ], [ 105.8575259, 21.0325659 ], [ 105.8583561, 21.0320441 ], [ 105.858440299999984, 21.031784 ], [ 105.8583197, 21.0293284 ], [ 105.8602138, 21.0257388 ], [ 105.861773199999988, 21.025698 ], [ 105.8620378, 21.0248247 ], [ 105.86210149999998, 21.0246067 ], [ 105.8598823, 21.0218612 ], [ 105.861804899999981, 21.0185343 ], [ 105.859686499999981, 21.014865 ], [ 105.862791499999986, 21.0140733 ], [ 105.862915299999983, 21.0136368 ], [ 105.862959, 21.0134644 ], [ 105.8605956, 21.0110331 ], [ 105.8599639, 21.0106306 ], [ 105.8564286, 21.0105414 ], [ 105.853603, 21.0086552 ], [ 105.85227949999998, 21.0069421 ], [ 105.8512375, 21.0063684 ], [ 105.8505822, 21.0066083 ], [ 105.849472099999986, 21.0070666 ], [ 105.846089299999988, 21.0079147 ], [ 105.8415593, 21.0075309 ], [ 105.841482299999981, 21.0075347 ], [ 105.841305, 21.0075582 ], [ 105.8407724, 21.0079662 ], [ 105.8410532, 21.0107455 ], [ 105.841156, 21.0107456 ], [ 105.8413476, 21.010746 ], [ 105.8449471, 21.0079814 ], [ 105.8460661, 21.0081019 ], [ 105.8483954, 21.0097738 ], [ 105.8463087, 21.0126788 ], [ 105.846647899999979, 21.0134641 ], [ 105.847263, 21.0153508 ], [ 105.844269199999985, 21.017305 ], [ 105.8435857, 21.0172651 ], [ 105.8424924, 21.0173642 ], [ 105.8414099, 21.0174645 ], [ 105.8372522, 21.018501 ], [ 105.833795699999982, 21.0192431 ], [ 105.830562599999979, 21.0190758 ], [ 105.8307709, 21.0191322 ], [ 105.834126, 21.0213059 ], [ 105.832224299999979, 21.0234152 ], [ 105.832154499999987, 21.0234448 ], [ 105.830492399999983, 21.0270872 ], [ 105.8299453, 21.0290504 ], [ 105.829247399999986, 21.0323773 ] ] ] } },
{ "type": "Feature", "properties": { "threshold_s": 900, "time_label": "15 min drive" }, "geometry": { "type": "Polygon", "coordinates": [ [ [ 105.818209, 21.0308137 ], [ 105.820262, 21.0352954 ], [ 105.8203401, 21.0352888 ], [ 105.821467899999988, 21.0351968 ], [ 105.8259982, 21.0359947 ], [ 105.828665499999985, 21.0395817 ], [ 105.8351095, 21.0426739 ], [ 105.8363039, 21.0440074 ], [ 105.8389686, 21.0494783 ], [ 105.839150499999988, 21.0499531 ], [ 105.8392683, 21.050126 ], [ 105.8402247, 21.0506909 ], [ 105.84063, 21.0502383 ], [ 105.8418845, 21.0488831 ], [ 105.84759219999998, 21.0475335 ], [ 105.848446, 21.0470645 ], [ 105.8492648, 21.0462351 ], [ 105.8532054, 21.0410502 ], [ 105.8559408, 21.0375631 ], [ 105.859561899999989, 21.032523 ], [ 105.861271699999989, 21.0304235 ], [ 105.86210149999998, 21.0246067 ], [ 105.863899, 21.018973 ], [ 105.864448899999985, 21.0179396 ], [ 105.865231599999987, 21.0153725 ], [ 105.8680303, 21.0100022 ], [ 105.8691535, 21.0053046 ], [ 105.8652569, 21.0029825 ], [ 105.863635099999982, 21.0020735 ], [ 105.8606387, 21.0004732 ], [ 105.8597918, 21.0010443 ], [ 105.852967899999982, 20.9990684 ], [ 105.8513461, 20.9975315 ], [ 105.8499095, 20.9958483 ], [ 105.845359299999984, 21.0001914 ], [ 105.8414266, 20.9976032 ], [ 105.8411155, 20.9969216 ], [ 105.8360583, 21.0015565 ], [ 105.832274199999986, 21.007164 ], [ 105.8279393, 21.0108629 ], [ 105.8249361, 21.010282 ], [ 105.823222700000017, 21.0165348 ], [ 105.821496599999989, 21.0200784 ], [ 105.820567399999987, 21.0232275 ], [ 105.8211359, 21.0291565 ], [ 105.8182347, 21.0306756 ], [ 105.818209, 21.0308137 ] ] ] } },
{ "type": "Feature", "properties": { "threshold_s": 300, "time_label": "5 min drive" }, "geometry": { "type": "Polygon", "coordinates": [ [ [ 105.8403743, 21.0308374 ], [ 105.8406106, 21.031161 ], [ 105.841431199999988, 21.0306338 ], [ 105.8428205, 21.0303654 ], [ 105.845064, 21.0313485 ], [ 105.8452826, 21.0324584 ], [ 105.8455033, 21.033579 ], [ 105.845709099999979, 21.0346237 ], [ 105.8457273, 21.0347159 ], [ 105.8470504, 21.0355456 ], [ 105.8482524, 21.0353972 ], [ 105.848156599999982, 21.0348966 ], [ 105.848043799999985, 21.0342979 ], [ 105.850261500000016, 21.0331052 ], [ 105.8513365, 21.0323003 ], [ 105.85069, 21.0302351 ], [ 105.850585599999988, 21.0291892 ], [ 105.8511617, 21.0278966 ], [ 105.8536648, 21.0278918 ], [ 105.853811899999982, 21.0288128 ], [ 105.8559552, 21.0275369 ], [ 105.855956299999988, 21.0274741 ], [ 105.8553119, 21.0254087 ], [ 105.8571697, 21.0245179 ], [ 105.857244699999981, 21.024476 ], [ 105.8572778, 21.0244341 ], [ 105.8577393, 21.0220815 ], [ 105.8568857, 21.0219288 ], [ 105.8561315, 21.0216867 ], [ 105.8549505, 21.0220242 ], [ 105.8537007, 21.0205574 ], [ 105.8532227, 21.0191659 ], [ 105.8528403, 21.0190524 ], [ 105.8517501, 21.0189436 ], [ 105.8505078, 21.0185114 ], [ 105.849252299999989, 21.0169984 ], [ 105.846956799999987, 21.0171098 ], [ 105.8474562, 21.0183772 ], [ 105.845692299999982, 21.0195002 ], [ 105.8445276, 21.0204246 ], [ 105.8447516, 21.0210682 ], [ 105.845411900000016, 21.0229745 ], [ 105.8451257, 21.0249069 ], [ 105.8432716, 21.0254436 ], [ 105.8414982, 21.0259455 ], [ 105.8402245, 21.0273746 ], [ 105.840414599999988, 21.0277838 ], [ 105.8415837, 21.0296129 ], [ 105.8403743, 21.0308374 ] ] ] } },
{ "type": "Feature", "properties": { "threshold_s": 600, "time_label": "10 min drive" }, "geometry": { "type": "Polygon", "coordinates": [ [ [ 105.830069, 21.0327886 ], [ 105.8317055, 21.0344357 ], [ 105.83272119999998, 21.034424 ], [ 105.8363518, 21.0356501 ], [ 105.837023599999981, 21.0388764 ], [ 105.840077, 21.0409934 ], [ 105.8442339, 21.0428116 ], [ 105.8482371, 21.042392 ], [ 105.849692, 21.0416741 ], [ 105.850356799999986, 21.0411413 ], [ 105.8512049, 21.039884 ], [ 105.8549623, 21.0381838 ], [ 105.8562679, 21.035083 ], [ 105.8588286, 21.0330955 ], [ 105.859561899999989, 21.032523 ], [ 105.861271699999989, 21.0304235 ], [ 105.8613337, 21.0288933 ], [ 105.86210149999998, 21.0246067 ], [ 105.8598823, 21.0218612 ], [ 105.862065, 21.0195265 ], [ 105.861804899999981, 21.0185343 ], [ 105.862791499999986, 21.0140733 ], [ 105.862915299999983, 21.0136368 ], [ 105.8599639, 21.0106306 ], [ 105.8564442, 21.01151 ], [ 105.8521725, 21.0084416 ], [ 105.8507616, 21.0079186 ], [ 105.846089299999988, 21.0079147 ], [ 105.8460661, 21.0081019 ], [ 105.8463087, 21.0126788 ], [ 105.846647899999979, 21.0134641 ], [ 105.8435857, 21.0172651 ], [ 105.8424924, 21.0173642 ], [ 105.8414099, 21.0174645 ], [ 105.8372522, 21.018501 ], [ 105.8350263, 21.0211537 ], [ 105.8330075, 21.0253066 ], [ 105.8315616, 21.0258355 ], [ 105.8299453, 21.0290504 ], [ 105.830069, 21.0327886 ] ] ] } },
{ "type": "Feature", "properties": { "threshold_s": 900, "time_label": "15 min drive" }, "geometry": { "type": "Polygon", "coordinates": [ [ [ 105.8202169, 21.0311016 ], [ 105.820262, 21.0352954 ], [ 105.828665499999985, 21.0395817 ], [ 105.8363039, 21.0440074 ], [ 105.8389686, 21.0494783 ], [ 105.839150499999988, 21.0499531 ], [ 105.8392683, 21.050126 ], [ 105.839988199999979, 21.0507474 ], [ 105.840159, 21.0507738 ], [ 105.8403246, 21.0507423 ], [ 105.8481324, 21.0481674 ], [ 105.8492648, 21.0462351 ], [ 105.850106499999981, 21.0449387 ], [ 105.8532054, 21.0410502 ], [ 105.8539648, 21.0399026 ], [ 105.8552544, 21.038343 ], [ 105.865565599999982, 21.0396641 ], [ 105.861271699999989, 21.0304235 ], [ 105.8613337, 21.0288933 ], [ 105.8620378, 21.0248247 ], [ 105.86210149999998, 21.0246067 ], [ 105.864448899999985, 21.0179396 ], [ 105.8680303, 21.0100022 ], [ 105.8691535, 21.0053046 ], [ 105.8614664, 21.0011413 ], [ 105.8610535, 21.0011089 ], [ 105.853645299999982, 21.0016252 ], [ 105.8501337, 20.9976528 ], [ 105.84123, 21.0008729 ], [ 105.839297499999986, 21.0040633 ], [ 105.8392324, 21.0041845 ], [ 105.8358306, 21.009999 ], [ 105.8285669, 21.0146561 ], [ 105.8278134, 21.0150609 ], [ 105.827412899999985, 21.0152724 ], [ 105.8248003, 21.021338 ], [ 105.8211359, 21.0291565 ], [ 105.8202169, 21.0311016 ] ] ] } },
{ "type": "Feature", "properties": { "threshold_s": 300, "time_label": "5 min drive" }, "geometry": { "type": "Polygon", "coordinates": [ [ [ 105.776959399999981, 21.0656495 ], [ 105.7770799, 21.0652011 ], [ 105.7767209, 21.0655893 ], [ 105.7769682, 21.0657861 ], [ 105.776959399999981, 21.0656495 ] ] ] } },
{ "type": "Feature", "properties": { "threshold_s": 600, "time_label": "10 min drive" }, "geometry": { "type": "Polygon", "coordinates": [ [ [ 105.776959399999981, 21.0656495 ], [ 105.7770799, 21.0652011 ], [ 105.7767209, 21.0655893 ], [ 105.7769682, 21.0657861 ], [ 105.776959399999981, 21.0656495 ] ] ] } },
{ "type": "Feature", "properties": { "threshold_s": 900, "time_label": "15 min drive" }, "geometry": { "type": "Polygon", "coordinates": [ [ [ 105.776959399999981, 21.0656495 ], [ 105.7770799, 21.0652011 ], [ 105.7767209, 21.0655893 ], [ 105.7769682, 21.0657861 ], [ 105.776959399999981, 21.0656495 ] ] ] } },
{ "type": "Feature", "properties": { "threshold_s": 300, "time_label": "5 min drive" }, "geometry": { "type": "Polygon", "coordinates": [ [ [ 105.8504709, 21.0321878 ], [ 105.8506755, 21.0340786 ], [ 105.85204490000001, 21.0339261 ], [ 105.8533936, 21.0338224 ], [ 105.8546223, 21.0348472 ], [ 105.854767599999988, 21.0338265 ], [ 105.8559161, 21.032665 ], [ 105.85726, 21.0315916 ], [ 105.857199, 21.0298779 ], [ 105.857538, 21.0291314 ], [ 105.857796199999981, 21.028661 ], [ 105.8581333, 21.0279368 ], [ 105.8588605, 21.0264696 ], [ 105.8601316, 21.0255188 ], [ 105.860767399999986, 21.0242371 ], [ 105.8607254, 21.0240373 ], [ 105.8598823, 21.0218612 ], [ 105.8580477, 21.0211556 ], [ 105.8587079, 21.019044 ], [ 105.8587611, 21.0188078 ], [ 105.8588143, 21.0185725 ], [ 105.856659099999987, 21.0186561 ], [ 105.855011, 21.0183662 ], [ 105.8528936, 21.0180897 ], [ 105.8519368, 21.0197634 ], [ 105.8498841, 21.0203782 ], [ 105.849970199999987, 21.0206242 ], [ 105.848836100000014, 21.0227009 ], [ 105.8491985, 21.0237053 ], [ 105.849699099999981, 21.0251837 ], [ 105.8474105, 21.0258729 ], [ 105.84686929999998, 21.0260006 ], [ 105.845987099999988, 21.0275442 ], [ 105.847795099999985, 21.0291543 ], [ 105.8488561, 21.0305684 ], [ 105.8491377, 21.0313156 ], [ 105.8504709, 21.0321878 ] ] ] } },
{ "type": "Feature", "properties": { "threshold_s": 600, "time_label": "10 min drive" }, "geometry": { "type": "Polygon", "coordinates": [ [ [ 105.8446083, 21.0412085 ], [ 105.845093399999982, 21.0419491 ], [ 105.848198199999985, 21.0431299 ], [ 105.8496778, 21.0429992 ], [ 105.850239499999986, 21.0429333 ], [ 105.850918, 21.0428162 ], [ 105.8513591, 21.04259 ], [ 105.8532054, 21.0410502 ], [ 105.8559408, 21.0375631 ], [ 105.8580411, 21.033791 ], [ 105.8588286, 21.0330955 ], [ 105.859561899999989, 21.032523 ], [ 105.861271699999989, 21.0304235 ], [ 105.8613337, 21.0288933 ], [ 105.86210149999998, 21.0246067 ], [ 105.8598823, 21.0218612 ], [ 105.862065, 21.0195265 ], [ 105.863899, 21.018973 ], [ 105.864448899999985, 21.0179396 ], [ 105.8655468, 21.0144409 ], [ 105.8642533, 21.0115155 ], [ 105.8609009, 21.0093976 ], [ 105.8564286, 21.0105414 ], [ 105.855525299999982, 21.0109147 ], [ 105.8509181, 21.0088132 ], [ 105.8505767, 21.008786 ], [ 105.849074699999989, 21.0106586 ], [ 105.8463087, 21.0126788 ], [ 105.846647899999979, 21.0134641 ], [ 105.8435857, 21.0172651 ], [ 105.8424924, 21.0173642 ], [ 105.8414099, 21.0174645 ], [ 105.8414115, 21.0176273 ], [ 105.8414031, 21.0182234 ], [ 105.8413984, 21.0193508 ], [ 105.841405499999979, 21.0199175 ], [ 105.8395402, 21.0242642 ], [ 105.8392509, 21.024602 ], [ 105.8357768, 21.0272036 ], [ 105.836268899999979, 21.0316267 ], [ 105.837565, 21.033506 ], [ 105.8381949, 21.0336649 ], [ 105.840804, 21.0342079 ], [ 105.840904899999984, 21.0341906 ], [ 105.8449379, 21.0348636 ], [ 105.8454918, 21.0375308 ], [ 105.8446083, 21.0412085 ] ] ] } },
{ "type": "Feature", "properties": { "threshold_s": 900, "time_label": "15 min drive" }, "geometry": { "type": "Polygon", "coordinates": [ [ [ 105.8351095, 21.0426739 ], [ 105.8402247, 21.0506909 ], [ 105.8481324, 21.0481674 ], [ 105.8492648, 21.0462351 ], [ 105.850106499999981, 21.0449387 ], [ 105.8532054, 21.0410502 ], [ 105.8645845, 21.0429123 ], [ 105.8647652, 21.0430675 ], [ 105.865444, 21.0433917 ], [ 105.8657297, 21.0435362 ], [ 105.871282399999984, 21.0429071 ], [ 105.8704177, 21.0367973 ], [ 105.8675975, 21.0346783 ], [ 105.86210149999998, 21.0246067 ], [ 105.863899, 21.018973 ], [ 105.864448899999985, 21.0179396 ], [ 105.865231599999987, 21.0153725 ], [ 105.8680303, 21.0100022 ], [ 105.8697744, 21.0049515 ], [ 105.8700165, 21.0022999 ], [ 105.8617132, 20.9990108 ], [ 105.850294299999987, 20.9988078 ], [ 105.8413113, 21.0063215 ], [ 105.8407724, 21.0079662 ], [ 105.8410532, 21.0107455 ], [ 105.833795699999982, 21.0192431 ], [ 105.8307709, 21.0191322 ], [ 105.827496, 21.0262322 ], [ 105.8256498, 21.031761 ], [ 105.8256225, 21.0318746 ], [ 105.8267433, 21.0343099 ], [ 105.8273127, 21.0355162 ], [ 105.8282168, 21.0361744 ], [ 105.8351095, 21.0426739 ] ] ] } },
{ "type": "Feature", "properties": { "threshold_s": 300, "time_label": "5 min drive" }, "geometry": { "type": "Polygon", "coordinates": [ [ [ 105.8531013, 21.0348519 ], [ 105.853756099999984, 21.0368066 ], [ 105.8546701, 21.035414 ], [ 105.8547385, 21.0352913 ], [ 105.8555072, 21.0339557 ], [ 105.8565389, 21.033051 ], [ 105.8575259, 21.0325659 ], [ 105.8594201, 21.0325236 ], [ 105.858440299999984, 21.031784 ], [ 105.858137099999979, 21.0313081 ], [ 105.8598143, 21.0299614 ], [ 105.8583197, 21.0293284 ], [ 105.8581333, 21.0279368 ], [ 105.8588605, 21.0264696 ], [ 105.8602138, 21.0257388 ], [ 105.861773199999988, 21.025698 ], [ 105.8620378, 21.0248247 ], [ 105.86210149999998, 21.0246067 ], [ 105.8607254, 21.0240373 ], [ 105.8597332, 21.0223358 ], [ 105.8598823, 21.0218612 ], [ 105.8580477, 21.0211556 ], [ 105.857780299999988, 21.0199268 ], [ 105.8587079, 21.019044 ], [ 105.8567825, 21.0190575 ], [ 105.8545756, 21.0191322 ], [ 105.8541891, 21.018715 ], [ 105.8528936, 21.0180897 ], [ 105.8519368, 21.0197634 ], [ 105.8522331, 21.0209829 ], [ 105.851756499999979, 21.0224385 ], [ 105.850819799999982, 21.023226 ], [ 105.8491985, 21.0237053 ], [ 105.849699099999981, 21.0251837 ], [ 105.850098599999981, 21.0263959 ], [ 105.847790500000016, 21.0270442 ], [ 105.8502936, 21.0269683 ], [ 105.8495631, 21.0288558 ], [ 105.8510791, 21.0304701 ], [ 105.8504709, 21.0321878 ], [ 105.8507011, 21.0323117 ], [ 105.85204490000001, 21.0339261 ], [ 105.852156799999989, 21.0347124 ], [ 105.8531013, 21.0348519 ] ] ] } },
{ "type": "Feature", "properties": { "threshold_s": 600, "time_label": "10 min drive" }, "geometry": { "type": "Polygon", "coordinates": [ [ [ 105.8452169, 21.0406891 ], [ 105.847211800000011, 21.0443291 ], [ 105.8497417, 21.0447504 ], [ 105.850342499999982, 21.0441496 ], [ 105.8532054, 21.0410502 ], [ 105.8559408, 21.0375631 ], [ 105.8580411, 21.033791 ], [ 105.8588286, 21.0330955 ], [ 105.859561899999989, 21.032523 ], [ 105.861271699999989, 21.0304235 ], [ 105.8613337, 21.0288933 ], [ 105.86210149999998, 21.0246067 ], [ 105.8598823, 21.0218612 ], [ 105.862065, 21.0195265 ], [ 105.863899, 21.018973 ], [ 105.864448899999985, 21.0179396 ], [ 105.8655468, 21.0144409 ], [ 105.8648353, 21.0117503 ], [ 105.8645785, 21.0116452 ], [ 105.8642533, 21.0115155 ], [ 105.86402, 21.0114232 ], [ 105.8639262, 21.0113862 ], [ 105.8599639, 21.0106306 ], [ 105.8564286, 21.0105414 ], [ 105.8545289, 21.0113244 ], [ 105.850718599999979, 21.0090174 ], [ 105.8505725, 21.0091717 ], [ 105.849074699999989, 21.0106586 ], [ 105.8463087, 21.0126788 ], [ 105.846647899999979, 21.0134641 ], [ 105.8435857, 21.0172651 ], [ 105.8424924, 21.0173642 ], [ 105.841418299999987, 21.0206551 ], [ 105.8414355, 21.021993 ], [ 105.839705899999984, 21.0250751 ], [ 105.8380997, 21.0259862 ], [ 105.838475299999985, 21.0297562 ], [ 105.8386072, 21.0311749 ], [ 105.838861599999987, 21.0329771 ], [ 105.838902399999981, 21.0332579 ], [ 105.8390036, 21.0332408 ], [ 105.840682299999983, 21.0328473 ], [ 105.8449379, 21.0348636 ], [ 105.8454918, 21.0375308 ], [ 105.8454121, 21.0400507 ], [ 105.8452169, 21.0406891 ] ] ] } },
{ "type": "Feature", "properties": { "threshold_s": 900, "time_label": "15 min drive" }, "geometry": { "type": "Polygon", "coordinates": [ [ [ 105.8363039, 21.0440074 ], [ 105.838671, 21.0522312 ], [ 105.8419165, 21.0518834 ], [ 105.8481324, 21.0481674 ], [ 105.8492648, 21.0462351 ], [ 105.850106499999981, 21.0449387 ], [ 105.8532054, 21.0410502 ], [ 105.8539648, 21.0399026 ], [ 105.8552544, 21.038343 ], [ 105.8645302, 21.0425052 ], [ 105.8645845, 21.0429123 ], [ 105.8653748, 21.0454184 ], [ 105.8655464, 21.0455702 ], [ 105.8725829, 21.0444941 ], [ 105.872712899999982, 21.0441993 ], [ 105.872754699999987, 21.0440955 ], [ 105.8728378, 21.0353082 ], [ 105.8697685, 21.0332234 ], [ 105.8695364, 21.0331021 ], [ 105.8683177, 21.0331559 ], [ 105.861773199999988, 21.025698 ], [ 105.8620378, 21.0248247 ], [ 105.86210149999998, 21.0246067 ], [ 105.863899, 21.018973 ], [ 105.864448899999985, 21.0179396 ], [ 105.865231599999987, 21.0153725 ], [ 105.8680303, 21.0100022 ], [ 105.8697744, 21.0049515 ], [ 105.8700831, 21.0023225 ], [ 105.8700165, 21.0022999 ], [ 105.8606387, 21.0004732 ], [ 105.850651, 20.99949 ], [ 105.8503963, 20.9994987 ], [ 105.849368499999983, 21.0012654 ], [ 105.8413113, 21.0063215 ], [ 105.8407724, 21.0079662 ], [ 105.8410532, 21.0107455 ], [ 105.8372522, 21.018501 ], [ 105.833795699999982, 21.0192431 ], [ 105.8301057, 21.0241313 ], [ 105.8269642, 21.0320424 ], [ 105.8269784, 21.0321598 ], [ 105.8270189, 21.0323507 ], [ 105.827953199999982, 21.034706 ], [ 105.835097299999987, 21.0418506 ], [ 105.8351095, 21.0426739 ], [ 105.8363039, 21.0440074 ] ] ] } },
{ "type": "Feature", "properties": { "threshold_s": 300, "time_label": "5 min drive" }, "geometry": { "type": "Polygon", "coordinates": [ [ [ 105.7960057, 21.2146809 ], [ 105.796125599999982, 21.2150242 ], [ 105.797891599999986, 21.2146074 ], [ 105.7989968, 21.2142728 ], [ 105.7989671, 21.2141924 ], [ 105.798837799999987, 21.2138405 ], [ 105.803599700000021, 21.2133013 ], [ 105.805477, 21.2123967 ], [ 105.8081895, 21.2115251 ], [ 105.8079912, 21.2109073 ], [ 105.805299, 21.2118733 ], [ 105.80480249999998, 21.2120082 ], [ 105.798804799999985, 21.2137479 ], [ 105.7984946, 21.2138362 ], [ 105.797848099999982, 21.2140206 ], [ 105.7960057, 21.2146809 ] ] ] } },
{ "type": "Feature", "properties": { "threshold_s": 600, "time_label": "10 min drive" }, "geometry": { "type": "Polygon", "coordinates": [ [ [ 105.7785801, 21.2176937 ], [ 105.7799927, 21.2191886 ], [ 105.7814687, 21.2201035 ], [ 105.7843509, 21.2212331 ], [ 105.7850949, 21.2208732 ], [ 105.796125599999982, 21.2150242 ], [ 105.797891599999986, 21.2146074 ], [ 105.803599700000021, 21.2133013 ], [ 105.810116399999984, 21.2110616 ], [ 105.815506, 21.2095264 ], [ 105.816536, 21.209223 ], [ 105.8168611, 21.2086566 ], [ 105.8171715, 21.2064472 ], [ 105.8073628, 21.2085415 ], [ 105.798804799999985, 21.2137479 ], [ 105.7984946, 21.2138362 ], [ 105.797848099999982, 21.2140206 ], [ 105.7960057, 21.2146809 ], [ 105.7884325, 21.21677 ], [ 105.7785801, 21.2176937 ] ] ] } },
{ "type": "Feature", "properties": { "threshold_s": 900, "time_label": "15 min drive" }, "geometry": { "type": "Polygon", "coordinates": [ [ [ 105.7691214, 21.2202291 ], [ 105.770104, 21.2213492 ], [ 105.773834, 21.2244207 ], [ 105.7786021, 21.2276017 ], [ 105.784196399999985, 21.228507 ], [ 105.7850949, 21.2208732 ], [ 105.793477599999989, 21.2153055 ], [ 105.7941911, 21.2151938 ], [ 105.796125599999982, 21.2150242 ], [ 105.797891599999986, 21.2146074 ], [ 105.7989968, 21.2142728 ], [ 105.803599700000021, 21.2133013 ], [ 105.810116399999984, 21.2110616 ], [ 105.815506, 21.2095264 ], [ 105.816536, 21.209223 ], [ 105.8220355, 21.2075905 ], [ 105.829777, 21.2049343 ], [ 105.8209921, 21.1983618 ], [ 105.8185648, 21.1967542 ], [ 105.81626559999998, 21.1986801 ], [ 105.8159176, 21.1991476 ], [ 105.8073628, 21.2085415 ], [ 105.795413399999987, 21.2118692 ], [ 105.786476399999984, 21.210922 ], [ 105.7791335, 21.2092605 ], [ 105.7698097, 21.2193949 ], [ 105.7691214, 21.2202291 ] ] ] } },
{ "type": "Feature", "properties": { "threshold_s": 300, "time_label": "5 min drive" }, "geometry": { "type": "Polygon", "coordinates": [ [ [ 105.8448073, 21.0077811 ], [ 105.8440142, 21.0074152 ], [ 105.8441307, 21.0076739 ], [ 105.8449471, 21.0079814 ], [ 105.8460661, 21.0081019 ], [ 105.847775899999988, 21.0083897 ], [ 105.848313599999983, 21.0084886 ], [ 105.848933099999982, 21.008593 ], [ 105.8505725, 21.0091717 ], [ 105.851444699999988, 21.0091337 ], [ 105.8520403, 21.0085585 ], [ 105.851691599999981, 21.0066964 ], [ 105.8511028, 21.0049339 ], [ 105.8510544, 21.0044032 ], [ 105.85238, 21.0031431 ], [ 105.853809699999985, 21.0028876 ], [ 105.854945, 21.0035685 ], [ 105.855178399999986, 21.0027894 ], [ 105.8546476, 21.0020295 ], [ 105.853645299999982, 21.0016252 ], [ 105.8532339, 21.0022357 ], [ 105.8523702, 21.0030067 ], [ 105.850789299999988, 21.0022022 ], [ 105.8505715, 21.0006347 ], [ 105.850651, 20.99949 ], [ 105.8501337, 20.9976528 ], [ 105.850294299999987, 20.9988078 ], [ 105.8503963, 20.9994987 ], [ 105.849368499999983, 21.0012654 ], [ 105.848264199999988, 21.0002543 ], [ 105.847927199999987, 21.0001016 ], [ 105.846556400000011, 21.0008067 ], [ 105.8458715, 20.998444 ], [ 105.845898599999984, 20.9972633 ], [ 105.8457993, 20.9968466 ], [ 105.845527899999979, 20.9973555 ], [ 105.8451043, 20.9987726 ], [ 105.845359299999984, 21.0001914 ], [ 105.8449863, 21.0018106 ], [ 105.8458635, 21.0030043 ], [ 105.84275049999998, 21.0018314 ], [ 105.841691699999984, 21.00187 ], [ 105.8414363, 21.0018743 ], [ 105.8412301, 21.0030328 ], [ 105.8414655, 21.0035337 ], [ 105.845777899999987, 21.004206 ], [ 105.845651, 21.0061208 ], [ 105.8448073, 21.0077811 ] ] ] } },
{ "type": "Feature", "properties": { "threshold_s": 600, "time_label": "10 min drive" }, "geometry": { "type": "Polygon", "coordinates": [ [ [ 105.8358306, 21.009999 ], [ 105.8362072, 21.0119062 ], [ 105.836346799999987, 21.0120401 ], [ 105.836983800000013, 21.0118796 ], [ 105.837311499999984, 21.0115962 ], [ 105.837626899999989, 21.0104747 ], [ 105.8410532, 21.0107455 ], [ 105.841156, 21.0107456 ], [ 105.8413476, 21.010746 ], [ 105.841200599999979, 21.0103061 ], [ 105.8413355, 21.0087937 ], [ 105.84379269999998, 21.0076335 ], [ 105.8449471, 21.0079814 ], [ 105.8460661, 21.0081019 ], [ 105.8483954, 21.0097738 ], [ 105.8479992, 21.0117844 ], [ 105.8463087, 21.0126788 ], [ 105.846647899999979, 21.0134641 ], [ 105.847263, 21.0153508 ], [ 105.844269199999985, 21.017305 ], [ 105.8473042, 21.019172 ], [ 105.847805799999989, 21.0195767 ], [ 105.8493412, 21.0187503 ], [ 105.8517501, 21.0189436 ], [ 105.8528936, 21.0180897 ], [ 105.8540474, 21.0169953 ], [ 105.856344399999983, 21.0159717 ], [ 105.8572754, 21.0143557 ], [ 105.8565616, 21.0135006 ], [ 105.8564442, 21.01151 ], [ 105.8599639, 21.0106306 ], [ 105.8628271, 21.0086717 ], [ 105.8612373, 21.0071328 ], [ 105.860888599999981, 21.006907 ], [ 105.8600789, 21.0047048 ], [ 105.8637836, 21.004457 ], [ 105.864432399999984, 21.0044235 ], [ 105.866774799999988, 21.0032778 ], [ 105.8667825, 21.002999 ], [ 105.863635099999982, 21.0020735 ], [ 105.8614664, 21.0011413 ], [ 105.8617132, 20.9990108 ], [ 105.8622047, 20.9984039 ], [ 105.861793, 20.9982791 ], [ 105.8594959, 20.9979125 ], [ 105.8575926, 20.9987891 ], [ 105.8572125, 20.9950589 ], [ 105.8572204, 20.9941686 ], [ 105.856193300000015, 20.9951509 ], [ 105.852709600000011, 20.9941669 ], [ 105.850962, 20.9937682 ], [ 105.8495471, 20.9930515 ], [ 105.846696699999981, 20.9912874 ], [ 105.847151399999987, 20.9886826 ], [ 105.8469413, 20.9876115 ], [ 105.845988399999982, 20.9889312 ], [ 105.843347099999988, 20.9895073 ], [ 105.841255799999985, 20.9895631 ], [ 105.8410057, 20.9895614 ], [ 105.840227199999987, 20.9896044 ], [ 105.840672, 20.9908931 ], [ 105.839734, 20.9931841 ], [ 105.837911700000021, 20.9942429 ], [ 105.8383636, 20.9959416 ], [ 105.837431099999989, 20.998656 ], [ 105.836008599999985, 20.999195 ], [ 105.835261599999981, 20.9992216 ], [ 105.8343962, 20.9993929 ], [ 105.8333233, 21.0020869 ], [ 105.832980599999985, 21.0026681 ], [ 105.8327861, 21.005915 ], [ 105.8348649, 21.0072345 ], [ 105.8358306, 21.009999 ] ] ] } },
{ "type": "Feature", "properties": { "threshold_s": 900, "time_label": "15 min drive" }, "geometry": { "type": "Polygon", "coordinates": [ [ [ 105.8285186, 21.0190792 ], [ 105.8286247, 21.0192495 ], [ 105.8306589, 21.0202038 ], [ 105.8307261, 21.0201732 ], [ 105.8377091, 21.0200259 ], [ 105.841464500000015, 21.024215 ], [ 105.8432716, 21.0254436 ], [ 105.8491746, 21.029779 ], [ 105.853811899999982, 21.0288128 ], [ 105.857814499999989, 21.0261832 ], [ 105.8592416, 21.0249399 ], [ 105.861804899999981, 21.0185343 ], [ 105.865231599999987, 21.0153725 ], [ 105.8680303, 21.0100022 ], [ 105.8697744, 21.0049515 ], [ 105.8721878, 21.0029618 ], [ 105.873989199999983, 21.0021226 ], [ 105.87396339999998, 21.001787 ], [ 105.8701107, 20.9967316 ], [ 105.866450799999981, 20.9902503 ], [ 105.8657786, 20.989084 ], [ 105.8629999, 20.9850216 ], [ 105.8580399, 20.9829216 ], [ 105.849795199999988, 20.9808795 ], [ 105.847992299999987, 20.9799498 ], [ 105.845441099999988, 20.9789368 ], [ 105.841100899999986, 20.9785935 ], [ 105.840847699999983, 20.9785941 ], [ 105.834600599999987, 20.9828719 ], [ 105.8335119, 20.9858215 ], [ 105.8341541, 20.9879998 ], [ 105.834531, 20.9890649 ], [ 105.8354187, 20.9920747 ], [ 105.829862, 20.9964735 ], [ 105.828537399999988, 20.9971457 ], [ 105.823974, 21.0023062 ], [ 105.823373799999985, 21.0090523 ], [ 105.8233913, 21.0098098 ], [ 105.827148, 21.0133393 ], [ 105.828375799999989, 21.018124 ], [ 105.8285186, 21.0190792 ] ] ] } },
{ "type": "Feature", "properties": { "threshold_s": 300, "time_label": "5 min drive" }, "geometry": { "type": "Polygon", "coordinates": [ [ [ 105.8499357, 21.033994 ], [ 105.850024, 21.0353227 ], [ 105.85204490000001, 21.0339261 ], [ 105.8531013, 21.0348519 ], [ 105.8546701, 21.035414 ], [ 105.8547385, 21.0352913 ], [ 105.854767599999988, 21.0338265 ], [ 105.8559161, 21.032665 ], [ 105.8575259, 21.0325659 ], [ 105.8583561, 21.0320441 ], [ 105.858137099999979, 21.0313081 ], [ 105.8583197, 21.0293284 ], [ 105.8581333, 21.0279368 ], [ 105.8588605, 21.0264696 ], [ 105.859962, 21.0250573 ], [ 105.8605779, 21.0244154 ], [ 105.860767399999986, 21.0242371 ], [ 105.8607254, 21.0240373 ], [ 105.859451399999983, 21.0232707 ], [ 105.8577393, 21.0220815 ], [ 105.8561315, 21.0216867 ], [ 105.8549505, 21.0220242 ], [ 105.8537007, 21.0205574 ], [ 105.8525018, 21.0222055 ], [ 105.852593, 21.0227149 ], [ 105.851322199999984, 21.0247186 ], [ 105.850098599999981, 21.0263959 ], [ 105.8511617, 21.0278966 ], [ 105.850585599999988, 21.0291892 ], [ 105.8501894, 21.0298974 ], [ 105.8486543, 21.0310594 ], [ 105.8491377, 21.0313156 ], [ 105.850261500000016, 21.0331052 ], [ 105.8499357, 21.033994 ] ] ] } },
{ "type": "Feature", "properties": { "threshold_s": 600, "time_label": "10 min drive" }, "geometry": { "type": "Polygon", "coordinates": [ [ [ 105.84381639999998, 21.0420858 ], [ 105.8442339, 21.0428116 ], [ 105.847460799999979, 21.0437773 ], [ 105.847778599999984, 21.0438115 ], [ 105.8501415, 21.0440511 ], [ 105.8532054, 21.0410502 ], [ 105.8559408, 21.0375631 ], [ 105.8580411, 21.033791 ], [ 105.8588286, 21.0330955 ], [ 105.859561899999989, 21.032523 ], [ 105.861271699999989, 21.0304235 ], [ 105.8613337, 21.0288933 ], [ 105.86210149999998, 21.0246067 ], [ 105.8598823, 21.0218612 ], [ 105.862065, 21.0195265 ], [ 105.863899, 21.018973 ], [ 105.864448899999985, 21.0179396 ], [ 105.863366400000018, 21.0137577 ], [ 105.863243899999986, 21.0130353 ], [ 105.8630248, 21.0129619 ], [ 105.8588168, 21.0120837 ], [ 105.8559995, 21.012832 ], [ 105.8522802, 21.011966 ], [ 105.8509461, 21.0117911 ], [ 105.849150399999985, 21.0133873 ], [ 105.847263, 21.0153508 ], [ 105.846956799999987, 21.0171098 ], [ 105.8443164, 21.0198187 ], [ 105.8445276, 21.0204246 ], [ 105.8447516, 21.0210682 ], [ 105.845411900000016, 21.0229745 ], [ 105.841464500000015, 21.024215 ], [ 105.839868899999985, 21.0264119 ], [ 105.838971599999979, 21.0277376 ], [ 105.8388391, 21.0280565 ], [ 105.8386072, 21.0311749 ], [ 105.840682299999983, 21.0328473 ], [ 105.8447768, 21.0340917 ], [ 105.8449379, 21.0348636 ], [ 105.8454918, 21.0375308 ], [ 105.843830299999979, 21.0403251 ], [ 105.8434716, 21.0414843 ], [ 105.84381639999998, 21.0420858 ] ] ] } },
{ "type": "Feature", "properties": { "threshold_s": 900, "time_label": "15 min drive" }, "geometry": { "type": "Polygon", "coordinates": [ [ [ 105.8351095, 21.0426739 ], [ 105.839200599999984, 21.0509968 ], [ 105.8398226, 21.05119 ], [ 105.841027, 21.0512202 ], [ 105.8481324, 21.0481674 ], [ 105.8492648, 21.0462351 ], [ 105.850106499999981, 21.0449387 ], [ 105.8532054, 21.0410502 ], [ 105.8539648, 21.0399026 ], [ 105.8552544, 21.038343 ], [ 105.8559408, 21.0375631 ], [ 105.8652272, 21.0404883 ], [ 105.8645302, 21.0425052 ], [ 105.8645845, 21.0429123 ], [ 105.8653748, 21.0454184 ], [ 105.8655464, 21.0455702 ], [ 105.8715437, 21.0431633 ], [ 105.8720792, 21.0420892 ], [ 105.8716481, 21.0363361 ], [ 105.8700014, 21.0344509 ], [ 105.8692877, 21.0335259 ], [ 105.8613337, 21.0288933 ], [ 105.861773199999988, 21.025698 ], [ 105.8620378, 21.0248247 ], [ 105.86210149999998, 21.0246067 ], [ 105.863899, 21.018973 ], [ 105.864448899999985, 21.0179396 ], [ 105.865231599999987, 21.0153725 ], [ 105.8680303, 21.0100022 ], [ 105.8691535, 21.0053046 ], [ 105.8622648, 21.0030021 ], [ 105.860263099999983, 21.0029181 ], [ 105.850789299999988, 21.0022022 ], [ 105.8449471, 21.0079814 ], [ 105.8413476, 21.010746 ], [ 105.8372522, 21.018501 ], [ 105.834126, 21.0213059 ], [ 105.832154499999987, 21.0234448 ], [ 105.830492399999983, 21.0270872 ], [ 105.8288446, 21.0324006 ], [ 105.828823, 21.0325515 ], [ 105.8317055, 21.0344357 ], [ 105.835097299999987, 21.0418506 ], [ 105.8351095, 21.0426739 ] ] ] } },
{ "type": "Feature", "properties": { "threshold_s": 300, "time_label": "5 min drive" }, "geometry": { "type": "Polygon", "coordinates": [ [ [ 105.8478139, 21.0366504 ], [ 105.8486487, 21.0382787 ], [ 105.8505999, 21.0381423 ], [ 105.850764, 21.0370967 ], [ 105.8525179, 21.0367986 ], [ 105.853116, 21.0377241 ], [ 105.8538807, 21.0382553 ], [ 105.8549623, 21.0381838 ], [ 105.85468539999998, 21.0372334 ], [ 105.855188, 21.0355451 ], [ 105.8562679, 21.035083 ], [ 105.8567919, 21.0336774 ], [ 105.8588286, 21.0330955 ], [ 105.859561899999989, 21.032523 ], [ 105.858440299999984, 21.031784 ], [ 105.858137099999979, 21.0313081 ], [ 105.8598143, 21.0299614 ], [ 105.8583197, 21.0293284 ], [ 105.8581333, 21.0279368 ], [ 105.8588605, 21.0264696 ], [ 105.857814499999989, 21.0261832 ], [ 105.8564625, 21.025904 ], [ 105.8551509, 21.0249161 ], [ 105.8545573, 21.025672 ], [ 105.8535709, 21.0273332 ], [ 105.851678599999985, 21.0259447 ], [ 105.850573, 21.0262615 ], [ 105.8511617, 21.0278966 ], [ 105.8495631, 21.0288558 ], [ 105.847795099999985, 21.0291543 ], [ 105.8464, 21.0291195 ], [ 105.8450687, 21.0291861 ], [ 105.846568, 21.0299584 ], [ 105.845974500000011, 21.0317052 ], [ 105.8455033, 21.033579 ], [ 105.8458888, 21.0337422 ], [ 105.847024799999986, 21.0344199 ], [ 105.8475795, 21.0354757 ], [ 105.847722399999981, 21.0362416 ], [ 105.8478139, 21.0366504 ] ] ] } },
{ "type": "Feature", "properties": { "threshold_s": 600, "time_label": "10 min drive" }, "geometry": { "type": "Polygon", "coordinates": [ [ [ 105.840151, 21.0428157 ], [ 105.8401771, 21.0433484 ], [ 105.8423895, 21.0448497 ], [ 105.844857099999984, 21.0458724 ], [ 105.8464956, 21.0461629 ], [ 105.8492648, 21.0462351 ], [ 105.850106499999981, 21.0449387 ], [ 105.8532054, 21.0410502 ], [ 105.8539648, 21.0399026 ], [ 105.8552544, 21.038343 ], [ 105.8559408, 21.0375631 ], [ 105.8580411, 21.033791 ], [ 105.8588286, 21.0330955 ], [ 105.859561899999989, 21.032523 ], [ 105.865565599999982, 21.0396641 ], [ 105.8658247, 21.0397037 ], [ 105.861271699999989, 21.0304235 ], [ 105.8613337, 21.0288933 ], [ 105.8620378, 21.0248247 ], [ 105.86210149999998, 21.0246067 ], [ 105.862065, 21.0195265 ], [ 105.861804899999981, 21.0185343 ], [ 105.856344399999983, 21.0159717 ], [ 105.853255, 21.0147894 ], [ 105.8483814, 21.0152195 ], [ 105.846956799999987, 21.0171098 ], [ 105.845692299999982, 21.0195002 ], [ 105.8414355, 21.021993 ], [ 105.8395402, 21.0242642 ], [ 105.8357768, 21.0272036 ], [ 105.836138799999986, 21.030881 ], [ 105.8366268, 21.0336787 ], [ 105.8381949, 21.0336649 ], [ 105.840804, 21.0342079 ], [ 105.840904899999984, 21.0341906 ], [ 105.8454918, 21.0375308 ], [ 105.8420285, 21.0406404 ], [ 105.841936899999979, 21.0406599 ], [ 105.8410772, 21.0408157 ], [ 105.840151, 21.0428157 ] ] ] } },
{ "type": "Feature", "properties": { "threshold_s": 900, "time_label": "15 min drive" }, "geometry": { "type": "Polygon", "coordinates": [ [ [ 105.8363039, 21.0440074 ], [ 105.838671, 21.0522312 ], [ 105.842954, 21.0528872 ], [ 105.8481324, 21.0481674 ], [ 105.8492648, 21.0462351 ], [ 105.850106499999981, 21.0449387 ], [ 105.8532054, 21.0410502 ], [ 105.8539648, 21.0399026 ], [ 105.8552544, 21.038343 ], [ 105.8559408, 21.0375631 ], [ 105.8580411, 21.033791 ], [ 105.8654306, 21.0378592 ], [ 105.8652272, 21.0404883 ], [ 105.8645302, 21.0425052 ], [ 105.8645845, 21.0429123 ], [ 105.8644483, 21.0456788 ], [ 105.8649809, 21.0473095 ], [ 105.8652837, 21.0475541 ], [ 105.865604499999989, 21.0475113 ], [ 105.872633, 21.0461429 ], [ 105.8751927, 21.0453025 ], [ 105.8742374, 21.0369948 ], [ 105.8742088, 21.0341147 ], [ 105.871597699999981, 21.0321959 ], [ 105.8708742, 21.0315621 ], [ 105.87011769999998, 21.0316959 ], [ 105.8683511, 21.0322908 ], [ 105.8613337, 21.0288933 ], [ 105.861773199999988, 21.025698 ], [ 105.8620378, 21.0248247 ], [ 105.86210149999998, 21.0246067 ], [ 105.863899, 21.018973 ], [ 105.864448899999985, 21.0179396 ], [ 105.865231599999987, 21.0153725 ], [ 105.8655468, 21.0144409 ], [ 105.8680303, 21.0100022 ], [ 105.866515899999982, 21.0078988 ], [ 105.860888599999981, 21.006907 ], [ 105.85227949999998, 21.0069421 ], [ 105.8512375, 21.0063684 ], [ 105.849717899999987, 21.0064393 ], [ 105.847418299999987, 21.0071109 ], [ 105.8449471, 21.0079814 ], [ 105.8410532, 21.0107455 ], [ 105.8372522, 21.018501 ], [ 105.833795699999982, 21.0192431 ], [ 105.8307709, 21.0191322 ], [ 105.827496, 21.0262322 ], [ 105.8256498, 21.031761 ], [ 105.8256225, 21.0318746 ], [ 105.8273644, 21.0362036 ], [ 105.8282168, 21.0361744 ], [ 105.8317055, 21.0344357 ], [ 105.835097299999987, 21.0418506 ], [ 105.8351095, 21.0426739 ], [ 105.8363039, 21.0440074 ] ] ] } },
{ "type": "Feature", "properties": { "threshold_s": 300, "time_label": "5 min drive" }, "geometry": { "type": "Polygon", "coordinates": [ [ [ 105.8351095, 21.0426739 ], [ 105.8363039, 21.0440074 ], [ 105.840151, 21.0428157 ], [ 105.8420995, 21.0407793 ], [ 105.8420285, 21.0406404 ], [ 105.8397245, 21.0384477 ], [ 105.839639700000021, 21.0384598 ], [ 105.8392334, 21.0385243 ], [ 105.8367548, 21.0351557 ], [ 105.836976299999989, 21.0349265 ], [ 105.840804, 21.0342079 ], [ 105.840904899999984, 21.0341906 ], [ 105.843290199999984, 21.0323602 ], [ 105.8447427, 21.0299832 ], [ 105.8436466, 21.0281804 ], [ 105.8426329, 21.0278385 ], [ 105.8415518, 21.0276316 ], [ 105.8375424, 21.0274354 ], [ 105.8336277, 21.0266555 ], [ 105.8319699, 21.029207 ], [ 105.8299959, 21.0321698 ], [ 105.8288446, 21.0324006 ], [ 105.8271558, 21.0347458 ], [ 105.8280025, 21.0355165 ], [ 105.8317055, 21.0344357 ], [ 105.83272119999998, 21.034424 ], [ 105.8363518, 21.0356501 ], [ 105.837023599999981, 21.0388764 ], [ 105.835097299999987, 21.0418506 ], [ 105.8351095, 21.0426739 ] ] ] } },
{ "type": "Feature", "properties": { "threshold_s": 600, "time_label": "10 min drive" }, "geometry": { "type": "Polygon", "coordinates": [ [ [ 105.817201299999979, 21.0340266 ], [ 105.8169117, 21.0360644 ], [ 105.820262, 21.0352954 ], [ 105.8203401, 21.0352888 ], [ 105.821467899999988, 21.0351968 ], [ 105.8259982, 21.0359947 ], [ 105.82651319999998, 21.0400574 ], [ 105.8257707, 21.041239 ], [ 105.8247218, 21.0424488 ], [ 105.8285905, 21.0410636 ], [ 105.828956799999986, 21.040745 ], [ 105.828665499999985, 21.0395817 ], [ 105.8282168, 21.0361744 ], [ 105.8317055, 21.0344357 ], [ 105.83272119999998, 21.034424 ], [ 105.8363518, 21.0356501 ], [ 105.837023599999981, 21.0388764 ], [ 105.835097299999987, 21.0418506 ], [ 105.8351095, 21.0426739 ], [ 105.8363039, 21.0440074 ], [ 105.84031760000002, 21.0464223 ], [ 105.838508299999987, 21.0487951 ], [ 105.838671, 21.0522312 ], [ 105.8419165, 21.0518834 ], [ 105.8420238, 21.0518513 ], [ 105.8421703, 21.0516693 ], [ 105.8418845, 21.0488831 ], [ 105.8438635, 21.0467884 ], [ 105.845842799999986, 21.0453855 ], [ 105.847460799999979, 21.0437773 ], [ 105.8499291, 21.0406957 ], [ 105.8512049, 21.039884 ], [ 105.8515241, 21.0390352 ], [ 105.850948099999982, 21.0356251 ], [ 105.8529359, 21.0322265 ], [ 105.850585599999988, 21.0291892 ], [ 105.850573, 21.0262615 ], [ 105.852939699999979, 21.0242487 ], [ 105.8502802, 21.0215614 ], [ 105.848243499999981, 21.0208928 ], [ 105.8440234, 21.0188761 ], [ 105.8414099, 21.0174645 ], [ 105.8370701, 21.0188496 ], [ 105.834126, 21.0213059 ], [ 105.8307709, 21.0191322 ], [ 105.8309465, 21.0170993 ], [ 105.8290405, 21.016959 ], [ 105.8289753, 21.016992 ], [ 105.828375799999989, 21.018124 ], [ 105.8285186, 21.0190792 ], [ 105.826638299999985, 21.0231269 ], [ 105.823184399999988, 21.0262688 ], [ 105.8218675, 21.0254096 ], [ 105.8217474, 21.0253173 ], [ 105.8211359, 21.0291565 ], [ 105.8182347, 21.0306756 ], [ 105.8172566, 21.030683 ], [ 105.817228499999985, 21.0308395 ], [ 105.817201299999979, 21.0340266 ] ] ] } },
{ "type": "Feature", "properties": { "threshold_s": 900, "time_label": "15 min drive" }, "geometry": { "type": "Polygon", "coordinates": [ [ [ 105.8066578, 21.0377734 ], [ 105.807049099999986, 21.0392968 ], [ 105.809531199999981, 21.0412103 ], [ 105.814111499999981, 21.0446838 ], [ 105.815235299999983, 21.0455385 ], [ 105.8172402, 21.0447458 ], [ 105.817391, 21.0446957 ], [ 105.823222, 21.0436032 ], [ 105.8251749, 21.0431721 ], [ 105.8351095, 21.0426739 ], [ 105.8363039, 21.0440074 ], [ 105.835914299999985, 21.0526278 ], [ 105.8337692, 21.0561987 ], [ 105.831838, 21.0610843 ], [ 105.8318571, 21.0612589 ], [ 105.8326984, 21.0611397 ], [ 105.8392422, 21.0589809 ], [ 105.842760199999987, 21.0584602 ], [ 105.8434512, 21.0579885 ], [ 105.8448187, 21.0565981 ], [ 105.8481324, 21.0481674 ], [ 105.8532054, 21.0410502 ], [ 105.8559408, 21.0375631 ], [ 105.861271699999989, 21.0304235 ], [ 105.860767399999986, 21.0242371 ], [ 105.86021839999998, 21.0190576 ], [ 105.8572754, 21.0143557 ], [ 105.849074699999989, 21.0106586 ], [ 105.8413113, 21.0063215 ], [ 105.8316582, 21.008788 ], [ 105.823697399999986, 21.0080557 ], [ 105.823373799999985, 21.0090523 ], [ 105.8202578, 21.0152392 ], [ 105.8150291, 21.0168911 ], [ 105.8109821, 21.0253586 ], [ 105.806420599999981, 21.0333888 ], [ 105.8066377, 21.0376047 ], [ 105.8066578, 21.0377734 ] ] ] } },
{ "type": "Feature", "properties": { "threshold_s": 300, "time_label": "5 min drive" }, "geometry": { "type": "Polygon", "coordinates": [ [ [ 105.84318829999998, 21.0279468 ], [ 105.8434703, 21.0283452 ], [ 105.8444581, 21.028869 ], [ 105.8450687, 21.0291861 ], [ 105.846937399999987, 21.0315 ], [ 105.84769249999998, 21.0324873 ], [ 105.8485186, 21.0323719 ], [ 105.8486543, 21.0310594 ], [ 105.8488561, 21.0305684 ], [ 105.850585599999988, 21.0291892 ], [ 105.853811899999982, 21.0288128 ], [ 105.853889, 21.0303709 ], [ 105.853686900000014, 21.0307099 ], [ 105.853331499999982, 21.0313059 ], [ 105.853009, 21.0316982 ], [ 105.8538341, 21.0321923 ], [ 105.8539092, 21.0313985 ], [ 105.8567112, 21.0297654 ], [ 105.857538, 21.0291314 ], [ 105.8581333, 21.0279368 ], [ 105.857814499999989, 21.0261832 ], [ 105.8600125, 21.0249853 ], [ 105.8592416, 21.0249399 ], [ 105.8589742, 21.024877 ], [ 105.8577239, 21.0221286 ], [ 105.8577393, 21.0220815 ], [ 105.8561315, 21.0216867 ], [ 105.8537007, 21.0205574 ], [ 105.852676499999987, 21.0194209 ], [ 105.8499867, 21.0186208 ], [ 105.8493412, 21.0187503 ], [ 105.848459399999982, 21.0189279 ], [ 105.8479737, 21.0200887 ], [ 105.8463276, 21.0227121 ], [ 105.8451257, 21.0249069 ], [ 105.8450233, 21.0265514 ], [ 105.84318829999998, 21.0279468 ] ] ] } },
{ "type": "Feature", "properties": { "threshold_s": 600, "time_label": "10 min drive" }, "geometry": { "type": "Polygon", "coordinates": [ [ [ 105.833105, 21.0322249 ], [ 105.834611099999989, 21.0340502 ], [ 105.8363518, 21.0356501 ], [ 105.8367548, 21.0351557 ], [ 105.840804, 21.0342079 ], [ 105.840904899999984, 21.0341906 ], [ 105.8449379, 21.0348636 ], [ 105.8454918, 21.0375308 ], [ 105.8467549, 21.0397937 ], [ 105.8471661, 21.0403179 ], [ 105.8482846, 21.041106 ], [ 105.8502396, 21.0404039 ], [ 105.853999, 21.0394404 ], [ 105.8552544, 21.038343 ], [ 105.8559408, 21.0375631 ], [ 105.8559647, 21.0363109 ], [ 105.856505, 21.0347543 ], [ 105.8588286, 21.0330955 ], [ 105.859561899999989, 21.032523 ], [ 105.861271699999989, 21.0304235 ], [ 105.8613337, 21.0288933 ], [ 105.861773199999988, 21.025698 ], [ 105.8620378, 21.0248247 ], [ 105.86210149999998, 21.0246067 ], [ 105.8598823, 21.0218612 ], [ 105.862065, 21.0195265 ], [ 105.863899, 21.018973 ], [ 105.861804899999981, 21.0185343 ], [ 105.8583461, 21.0169388 ], [ 105.859686499999981, 21.014865 ], [ 105.862791499999986, 21.0140733 ], [ 105.861001699999989, 21.0130866 ], [ 105.8593349, 21.0114263 ], [ 105.8559995, 21.012832 ], [ 105.8522802, 21.011966 ], [ 105.851554299999989, 21.0105215 ], [ 105.8514097, 21.008583 ], [ 105.8483495, 21.0083185 ], [ 105.847775899999988, 21.0083897 ], [ 105.8483954, 21.0097738 ], [ 105.8463087, 21.0126788 ], [ 105.846647899999979, 21.0134641 ], [ 105.847263, 21.0153508 ], [ 105.844269199999985, 21.017305 ], [ 105.8435857, 21.0172651 ], [ 105.8424924, 21.0173642 ], [ 105.8414099, 21.0174645 ], [ 105.8394154, 21.0189573 ], [ 105.841418299999987, 21.0206551 ], [ 105.8414355, 21.021993 ], [ 105.8376116, 21.0232408 ], [ 105.8380997, 21.0259862 ], [ 105.8357768, 21.0272036 ], [ 105.834130499999986, 21.0277474 ], [ 105.833445, 21.0281154 ], [ 105.8340213, 21.0310333 ], [ 105.833105, 21.0322249 ] ] ] } },
{ "type": "Feature", "properties": { "threshold_s": 900, "time_label": "15 min drive" }, "geometry": { "type": "Polygon", "coordinates": [ [ [ 105.8259982, 21.0359947 ], [ 105.828665499999985, 21.0395817 ], [ 105.8363039, 21.0440074 ], [ 105.841621, 21.0476337 ], [ 105.8420736, 21.0478426 ], [ 105.84759219999998, 21.0475335 ], [ 105.848446, 21.0470645 ], [ 105.8492648, 21.0462351 ], [ 105.850106499999981, 21.0449387 ], [ 105.8532054, 21.0410502 ], [ 105.8539648, 21.0399026 ], [ 105.8552544, 21.038343 ], [ 105.865512099999989, 21.0402202 ], [ 105.867414899999986, 21.0403182 ], [ 105.867557199999979, 21.0399065 ], [ 105.8674938, 21.0386356 ], [ 105.867419, 21.0385279 ], [ 105.861271699999989, 21.0304235 ], [ 105.8613337, 21.0288933 ], [ 105.861773199999988, 21.025698 ], [ 105.8620378, 21.0248247 ], [ 105.86210149999998, 21.0246067 ], [ 105.863899, 21.018973 ], [ 105.864448899999985, 21.0179396 ], [ 105.8680303, 21.0100022 ], [ 105.8691535, 21.0053046 ], [ 105.8622648, 21.0030021 ], [ 105.8617157, 21.0030001 ], [ 105.860263099999983, 21.0029181 ], [ 105.850294299999987, 20.9988078 ], [ 105.8412301, 21.0030328 ], [ 105.8398285, 21.0042077 ], [ 105.8370897, 21.0112297 ], [ 105.8292934, 21.0175367 ], [ 105.8285186, 21.0190792 ], [ 105.824814299999986, 21.0276475 ], [ 105.8227084, 21.0314793 ], [ 105.8259982, 21.0359947 ] ] ] } },
{ "type": "Feature", "properties": { "threshold_s": 300, "time_label": "5 min drive" }, "geometry": { "type": "Polygon", "coordinates": [ [ [ 105.8467549, 21.0397937 ], [ 105.8471661, 21.0403179 ], [ 105.847634699999986, 21.0403282 ], [ 105.8485616, 21.0402888 ], [ 105.8505606, 21.0383929 ], [ 105.852603500000015, 21.0366534 ], [ 105.852792800000017, 21.0360548 ], [ 105.8537816, 21.033787 ], [ 105.855508299999983, 21.0325438 ], [ 105.8545659, 21.0314536 ], [ 105.853111199999987, 21.0316465 ], [ 105.8510791, 21.0304701 ], [ 105.8511617, 21.0278966 ], [ 105.851678599999985, 21.0259447 ], [ 105.8491985, 21.0237053 ], [ 105.8463276, 21.0227121 ], [ 105.8451257, 21.0249069 ], [ 105.841464500000015, 21.024215 ], [ 105.839868899999985, 21.0264119 ], [ 105.8385407, 21.0267578 ], [ 105.8388391, 21.0280565 ], [ 105.8386072, 21.0311749 ], [ 105.840682299999983, 21.0328473 ], [ 105.843290199999984, 21.0323602 ], [ 105.8447768, 21.0340917 ], [ 105.8449379, 21.0348636 ], [ 105.8454918, 21.0375308 ], [ 105.8467549, 21.0397937 ] ] ] } },
{ "type": "Feature", "properties": { "threshold_s": 600, "time_label": "10 min drive" }, "geometry": { "type": "Polygon", "coordinates": [ [ [ 105.840307699999983, 21.0458038 ], [ 105.8408523, 21.0465531 ], [ 105.8438635, 21.0467884 ], [ 105.848109099999988, 21.0450692 ], [ 105.850106499999981, 21.0449387 ], [ 105.8532054, 21.0410502 ], [ 105.8559408, 21.0375631 ], [ 105.8588286, 21.0330955 ], [ 105.859561899999989, 21.032523 ], [ 105.861271699999989, 21.0304235 ], [ 105.8613337, 21.0288933 ], [ 105.860767399999986, 21.0242371 ], [ 105.8607254, 21.0240373 ], [ 105.8598823, 21.0218612 ], [ 105.8587797, 21.0187029 ], [ 105.8556233, 21.0172861 ], [ 105.8531376, 21.0152821 ], [ 105.849150399999985, 21.0133873 ], [ 105.847263, 21.0153508 ], [ 105.8424924, 21.0173642 ], [ 105.8414099, 21.0174645 ], [ 105.8372522, 21.018501 ], [ 105.8338068, 21.0193064 ], [ 105.832154499999987, 21.0234448 ], [ 105.830492399999983, 21.0270872 ], [ 105.8299453, 21.0290504 ], [ 105.8288446, 21.0324006 ], [ 105.828823, 21.0325515 ], [ 105.8317055, 21.0344357 ], [ 105.83272119999998, 21.034424 ], [ 105.8363518, 21.0356501 ], [ 105.837023599999981, 21.0388764 ], [ 105.838064499999987, 21.0427637 ], [ 105.840307699999983, 21.0458038 ] ] ] } },
{ "type": "Feature", "properties": { "threshold_s": 900, "time_label": "15 min drive" }, "geometry": { "type": "Polygon", "coordinates": [ [ [ 105.817228499999985, 21.0308395 ], [ 105.8178814, 21.0355613 ], [ 105.820262, 21.0352954 ], [ 105.8263463, 21.0409169 ], [ 105.826639699999987, 21.0413859 ], [ 105.8285905, 21.0410636 ], [ 105.8363039, 21.0440074 ], [ 105.838508299999987, 21.0487951 ], [ 105.836611, 21.0526526 ], [ 105.8395775, 21.0554078 ], [ 105.8404866, 21.0555921 ], [ 105.8435297, 21.0542126 ], [ 105.844046, 21.0533014 ], [ 105.8481324, 21.0481674 ], [ 105.8492648, 21.0462351 ], [ 105.850106499999981, 21.0449387 ], [ 105.8532054, 21.0410502 ], [ 105.8539648, 21.0399026 ], [ 105.8552544, 21.038343 ], [ 105.8559408, 21.0375631 ], [ 105.8580411, 21.033791 ], [ 105.8654306, 21.0378592 ], [ 105.865565599999982, 21.0396641 ], [ 105.865384399999982, 21.0405012 ], [ 105.8650849, 21.0413692 ], [ 105.865201199999987, 21.0414737 ], [ 105.8688469, 21.0404499 ], [ 105.8687567, 21.0378597 ], [ 105.866810799999982, 21.0376376 ], [ 105.861271699999989, 21.0304235 ], [ 105.8613337, 21.0288933 ], [ 105.861773199999988, 21.025698 ], [ 105.8620378, 21.0248247 ], [ 105.86210149999998, 21.0246067 ], [ 105.863899, 21.018973 ], [ 105.864448899999985, 21.0179396 ], [ 105.8655468, 21.0144409 ], [ 105.8642533, 21.0115155 ], [ 105.860795, 21.0076553 ], [ 105.854656399999982, 21.0073922 ], [ 105.8510544, 21.0044032 ], [ 105.8504813, 21.0044425 ], [ 105.8496358, 21.0050672 ], [ 105.8414512, 21.0030306 ], [ 105.8412301, 21.0030328 ], [ 105.8398285, 21.0042077 ], [ 105.838181099999986, 21.0097637 ], [ 105.837626899999989, 21.0104747 ], [ 105.8370897, 21.0112297 ], [ 105.8288915, 21.0135822 ], [ 105.827148, 21.0133393 ], [ 105.8268687, 21.0134918 ], [ 105.8243228, 21.0183481 ], [ 105.82144959999998, 21.0255664 ], [ 105.8172566, 21.030683 ], [ 105.817228499999985, 21.0308395 ] ] ] } },
{ "type": "Feature", "properties": { "threshold_s": 300, "time_label": "5 min drive" }, "geometry": { "type": "Polygon", "coordinates": [ [ [ 105.8415518, 21.0276316 ], [ 105.8418153, 21.0299335 ], [ 105.8428205, 21.0303654 ], [ 105.845974500000011, 21.0317052 ], [ 105.846356699999987, 21.0327226 ], [ 105.846995, 21.0337203 ], [ 105.848043799999985, 21.0342979 ], [ 105.850261500000016, 21.0331052 ], [ 105.8533936, 21.0338224 ], [ 105.854413799999989, 21.0338031 ], [ 105.8559161, 21.032665 ], [ 105.8567112, 21.0297654 ], [ 105.857538, 21.0291314 ], [ 105.857796199999981, 21.028661 ], [ 105.8581333, 21.0279368 ], [ 105.8600125, 21.0249853 ], [ 105.8605779, 21.0244154 ], [ 105.860767399999986, 21.0242371 ], [ 105.8607254, 21.0240373 ], [ 105.8598823, 21.0218612 ], [ 105.857780299999988, 21.0199268 ], [ 105.8569516, 21.0195874 ], [ 105.8541891, 21.018715 ], [ 105.8528936, 21.0180897 ], [ 105.850354399999986, 21.0169123 ], [ 105.8478307, 21.0170696 ], [ 105.8474562, 21.0183772 ], [ 105.8461235, 21.0206578 ], [ 105.845411900000016, 21.0229745 ], [ 105.8432716, 21.0254436 ], [ 105.8415518, 21.0276316 ] ] ] } },
{ "type": "Feature", "properties": { "threshold_s": 600, "time_label": "10 min drive" }, "geometry": { "type": "Polygon", "coordinates": [ [ [ 105.831352, 21.0329976 ], [ 105.83272119999998, 21.034424 ], [ 105.8363518, 21.0356501 ], [ 105.8392334, 21.0385243 ], [ 105.8396991, 21.038879 ], [ 105.8397836, 21.0388744 ], [ 105.8397245, 21.0384477 ], [ 105.839639700000021, 21.0384598 ], [ 105.836976299999989, 21.0349265 ], [ 105.840804, 21.0342079 ], [ 105.840904899999984, 21.0341906 ], [ 105.8449379, 21.0348636 ], [ 105.8454918, 21.0375308 ], [ 105.8454121, 21.0400507 ], [ 105.8446083, 21.0412085 ], [ 105.8458083, 21.0416206 ], [ 105.8482371, 21.042392 ], [ 105.850356799999986, 21.0411413 ], [ 105.8532054, 21.0410502 ], [ 105.8552544, 21.038343 ], [ 105.8559408, 21.0375631 ], [ 105.8559647, 21.0363109 ], [ 105.8580411, 21.033791 ], [ 105.8588286, 21.0330955 ], [ 105.859561899999989, 21.032523 ], [ 105.861271699999989, 21.0304235 ], [ 105.8613337, 21.0288933 ], [ 105.861773199999988, 21.025698 ], [ 105.8620378, 21.0248247 ], [ 105.86210149999998, 21.0246067 ], [ 105.8598823, 21.0218612 ], [ 105.862065, 21.0195265 ], [ 105.863899, 21.018973 ], [ 105.864448899999985, 21.0179396 ], [ 105.8634656, 21.0149609 ], [ 105.863366400000018, 21.0137577 ], [ 105.863243899999986, 21.0130353 ], [ 105.8605956, 21.0110331 ], [ 105.8599639, 21.0106306 ], [ 105.8564286, 21.0105414 ], [ 105.853603, 21.0086552 ], [ 105.8523093, 21.0071934 ], [ 105.8512493, 21.0065421 ], [ 105.8501247, 21.0075054 ], [ 105.846089299999988, 21.0079147 ], [ 105.8449471, 21.0079814 ], [ 105.8460661, 21.0081019 ], [ 105.8483954, 21.0097738 ], [ 105.8463087, 21.0126788 ], [ 105.846647899999979, 21.0134641 ], [ 105.847263, 21.0153508 ], [ 105.844269199999985, 21.017305 ], [ 105.8435857, 21.0172651 ], [ 105.8424924, 21.0173642 ], [ 105.8414099, 21.0174645 ], [ 105.8375088, 21.0190623 ], [ 105.8371473, 21.019088 ], [ 105.8368905, 21.022215 ], [ 105.8376116, 21.0232408 ], [ 105.8380997, 21.0259862 ], [ 105.8357768, 21.0272036 ], [ 105.833379799999989, 21.0259305 ], [ 105.8330075, 21.0253066 ], [ 105.832603, 21.0262411 ], [ 105.8318088, 21.0286941 ], [ 105.8311704, 21.0325889 ], [ 105.831352, 21.0329976 ] ] ] } },
{ "type": "Feature", "properties": { "threshold_s": 900, "time_label": "15 min drive" }, "geometry": { "type": "Polygon", "coordinates": [ [ [ 105.8202169, 21.0311016 ], [ 105.821467899999988, 21.0351968 ], [ 105.828665499999985, 21.0395817 ], [ 105.8363039, 21.0440074 ], [ 105.841624, 21.0490301 ], [ 105.8481324, 21.0481674 ], [ 105.8492648, 21.0462351 ], [ 105.850106499999981, 21.0449387 ], [ 105.8532054, 21.0410502 ], [ 105.8539648, 21.0399026 ], [ 105.8651778, 21.0421476 ], [ 105.865293399999985, 21.0421459 ], [ 105.8693654, 21.0411658 ], [ 105.8694211, 21.0406331 ], [ 105.868978799999979, 21.0375202 ], [ 105.861271699999989, 21.0304235 ], [ 105.8613337, 21.0288933 ], [ 105.861773199999988, 21.025698 ], [ 105.8620378, 21.0248247 ], [ 105.86210149999998, 21.0246067 ], [ 105.863899, 21.018973 ], [ 105.864448899999985, 21.0179396 ], [ 105.865231599999987, 21.0153725 ], [ 105.8680303, 21.0100022 ], [ 105.8697744, 21.0049515 ], [ 105.8695525, 21.0034661 ], [ 105.8606387, 21.0004732 ], [ 105.8513461, 20.9975315 ], [ 105.849957300000014, 20.9961284 ], [ 105.84123, 21.0008729 ], [ 105.8375076, 21.0037912 ], [ 105.8358306, 21.009999 ], [ 105.8289753, 21.016992 ], [ 105.825887899999984, 21.0213994 ], [ 105.824814299999986, 21.0276475 ], [ 105.8202169, 21.0311016 ] ] ] } },
{ "type": "Feature", "properties": { "threshold_s": 300, "time_label": "5 min drive" }, "geometry": { "type": "Polygon", "coordinates": [ [ [ 105.8273644, 21.0362036 ], [ 105.828665499999985, 21.0395817 ], [ 105.8282168, 21.0361744 ], [ 105.8280025, 21.0355165 ], [ 105.827953199999982, 21.034706 ], [ 105.82998929999998, 21.0333873 ], [ 105.8317055, 21.0344357 ], [ 105.83272119999998, 21.034424 ], [ 105.833620399999987, 21.0342652 ], [ 105.834611099999989, 21.0340502 ], [ 105.8363518, 21.0356501 ], [ 105.837023599999981, 21.0388764 ], [ 105.8367548, 21.0351557 ], [ 105.836976299999989, 21.0349265 ], [ 105.8381949, 21.0336649 ], [ 105.8390036, 21.0332408 ], [ 105.840682299999983, 21.0328473 ], [ 105.841431199999988, 21.0306338 ], [ 105.8418153, 21.0299335 ], [ 105.8415837, 21.0296129 ], [ 105.8403743, 21.0308374 ], [ 105.838475299999985, 21.0297562 ], [ 105.8364437, 21.0287371 ], [ 105.8361111, 21.0279427 ], [ 105.8342281, 21.0277521 ], [ 105.8336277, 21.0266555 ], [ 105.832633099999981, 21.0283721 ], [ 105.8319699, 21.029207 ], [ 105.8315881, 21.029859 ], [ 105.8298109, 21.0315576 ], [ 105.8284214, 21.0311595 ], [ 105.8271781, 21.0298033 ], [ 105.8256498, 21.031761 ], [ 105.8256225, 21.0318746 ], [ 105.8271908, 21.0334056 ], [ 105.8267433, 21.0343099 ], [ 105.8259982, 21.0359947 ], [ 105.8273644, 21.0362036 ] ] ] } },
{ "type": "Feature", "properties": { "threshold_s": 600, "time_label": "10 min drive" }, "geometry": { "type": "Polygon", "coordinates": [ [ [ 105.8133726, 21.0313635 ], [ 105.8124306, 21.0393141 ], [ 105.8127786, 21.0392611 ], [ 105.8173165, 21.0373304 ], [ 105.8226508, 21.039099 ], [ 105.828665499999985, 21.0395817 ], [ 105.8363039, 21.0440074 ], [ 105.840307699999983, 21.0458038 ], [ 105.840918499999987, 21.0459972 ], [ 105.842097, 21.0463187 ], [ 105.843328099999979, 21.0455598 ], [ 105.8461124, 21.0421516 ], [ 105.8471764, 21.0398976 ], [ 105.850261500000016, 21.0331052 ], [ 105.8504709, 21.0321878 ], [ 105.849699099999981, 21.0251837 ], [ 105.8491985, 21.0237053 ], [ 105.848836100000014, 21.0227009 ], [ 105.8413984, 21.0193508 ], [ 105.8377091, 21.0200259 ], [ 105.830088799999984, 21.0177414 ], [ 105.8290405, 21.016959 ], [ 105.8289753, 21.016992 ], [ 105.8255177, 21.0206878 ], [ 105.819080499999984, 21.0224513 ], [ 105.818984799999981, 21.0231983 ], [ 105.8164399, 21.0296201 ], [ 105.813433900000021, 21.0311917 ], [ 105.8133726, 21.0313635 ] ] ] } },
{ "type": "Feature", "properties": { "threshold_s": 900, "time_label": "15 min drive" }, "geometry": { "type": "Polygon", "coordinates": [ [ [ 105.802945599999987, 21.0401025 ], [ 105.806136099999989, 21.0438464 ], [ 105.8118943, 21.0466978 ], [ 105.815235299999983, 21.0455385 ], [ 105.8172402, 21.0447458 ], [ 105.817391, 21.0446957 ], [ 105.823222, 21.0436032 ], [ 105.8251749, 21.0431721 ], [ 105.8285905, 21.0410636 ], [ 105.8351095, 21.0426739 ], [ 105.8363039, 21.0440074 ], [ 105.838508299999987, 21.0487951 ], [ 105.835914299999985, 21.0526278 ], [ 105.8359029, 21.0567171 ], [ 105.835981499999988, 21.0567613 ], [ 105.841970099999983, 21.0558728 ], [ 105.8443236, 21.0542526 ], [ 105.8481324, 21.0481674 ], [ 105.8492648, 21.0462351 ], [ 105.8513591, 21.04259 ], [ 105.8549623, 21.0381838 ], [ 105.859561899999989, 21.032523 ], [ 105.8600125, 21.0249853 ], [ 105.8598823, 21.0218612 ], [ 105.8588143, 21.0185725 ], [ 105.8531376, 21.0152821 ], [ 105.849150399999985, 21.0133873 ], [ 105.8482749, 21.0133237 ], [ 105.846647899999979, 21.0134641 ], [ 105.8413355, 21.0087937 ], [ 105.835219399999986, 21.009495 ], [ 105.8313437, 21.0095462 ], [ 105.823697399999986, 21.0080557 ], [ 105.8180511, 21.0131584 ], [ 105.8131859, 21.0137849 ], [ 105.8130615, 21.0138575 ], [ 105.811559099999982, 21.0177554 ], [ 105.8093012, 21.0228278 ], [ 105.808141, 21.0279055 ], [ 105.804361899999989, 21.0345534 ], [ 105.802945599999987, 21.0401025 ] ] ] } },
{ "type": "Feature", "properties": { "threshold_s": 300, "time_label": "5 min drive" }, "geometry": { "type": "Polygon", "coordinates": [ [ [ 105.8504709, 21.0321878 ], [ 105.85204490000001, 21.0339261 ], [ 105.854767599999988, 21.0338265 ], [ 105.8559161, 21.032665 ], [ 105.8564395, 21.0315136 ], [ 105.8567475, 21.030865 ], [ 105.857199, 21.0298779 ], [ 105.8574054, 21.0294439 ], [ 105.857796199999981, 21.028661 ], [ 105.8581333, 21.0279368 ], [ 105.8588605, 21.0264696 ], [ 105.8602138, 21.0257388 ], [ 105.861773199999988, 21.025698 ], [ 105.8620378, 21.0248247 ], [ 105.86210149999998, 21.0246067 ], [ 105.8607254, 21.0240373 ], [ 105.8598823, 21.0218612 ], [ 105.8580477, 21.0211556 ], [ 105.8587079, 21.019044 ], [ 105.8587611, 21.0188078 ], [ 105.8588143, 21.0185725 ], [ 105.858707, 21.0183789 ], [ 105.856659099999987, 21.0186561 ], [ 105.854072, 21.0179264 ], [ 105.8528936, 21.0180897 ], [ 105.8519368, 21.0197634 ], [ 105.849959799999979, 21.0216627 ], [ 105.8491985, 21.0237053 ], [ 105.849699099999981, 21.0251837 ], [ 105.847790500000016, 21.0270442 ], [ 105.847791199999989, 21.0281196 ], [ 105.8494419, 21.0291799 ], [ 105.85069, 21.0302351 ], [ 105.8504709, 21.0321878 ] ] ] } },
{ "type": "Feature", "properties": { "threshold_s": 600, "time_label": "10 min drive" }, "geometry": { "type": "Polygon", "coordinates": [ [ [ 105.8454918, 21.0375308 ], [ 105.8446083, 21.0412085 ], [ 105.8482371, 21.042392 ], [ 105.8501514, 21.0424819 ], [ 105.8532054, 21.0410502 ], [ 105.8559408, 21.0375631 ], [ 105.8580411, 21.033791 ], [ 105.8588286, 21.0330955 ], [ 105.859561899999989, 21.032523 ], [ 105.861271699999989, 21.0304235 ], [ 105.8613337, 21.0288933 ], [ 105.86210149999998, 21.0246067 ], [ 105.8598823, 21.0218612 ], [ 105.862065, 21.0195265 ], [ 105.863899, 21.018973 ], [ 105.864448899999985, 21.0179396 ], [ 105.8655468, 21.0144409 ], [ 105.8645785, 21.0116452 ], [ 105.8608904, 21.0091442 ], [ 105.8606679, 21.0091734 ], [ 105.8564286, 21.0105414 ], [ 105.854610399999984, 21.0102562 ], [ 105.8510329, 21.0085965 ], [ 105.8505767, 21.008786 ], [ 105.849074699999989, 21.0106586 ], [ 105.8463087, 21.0126788 ], [ 105.846647899999979, 21.0134641 ], [ 105.8435857, 21.0172651 ], [ 105.8424924, 21.0173642 ], [ 105.841405499999979, 21.0199175 ], [ 105.8395402, 21.0242642 ], [ 105.8380997, 21.0259862 ], [ 105.8364437, 21.0287371 ], [ 105.837117299999989, 21.0314635 ], [ 105.838055199999985, 21.0334157 ], [ 105.8381949, 21.0336649 ], [ 105.840804, 21.0342079 ], [ 105.840904899999984, 21.0341906 ], [ 105.8449379, 21.0348636 ], [ 105.8454918, 21.0375308 ] ] ] } },
{ "type": "Feature", "properties": { "threshold_s": 900, "time_label": "15 min drive" }, "geometry": { "type": "Polygon", "coordinates": [ [ [ 105.8351095, 21.0426739 ], [ 105.8363039, 21.0440074 ], [ 105.841624, 21.0490301 ], [ 105.8481324, 21.0481674 ], [ 105.8492648, 21.0462351 ], [ 105.850106499999981, 21.0449387 ], [ 105.8532054, 21.0410502 ], [ 105.8539648, 21.0399026 ], [ 105.8645302, 21.0425052 ], [ 105.865307, 21.0433171 ], [ 105.865444, 21.0433917 ], [ 105.86995349999998, 21.0417416 ], [ 105.8700365, 21.0416674 ], [ 105.8704177, 21.0367973 ], [ 105.8682662, 21.0353155 ], [ 105.8613337, 21.0288933 ], [ 105.861773199999988, 21.025698 ], [ 105.8620378, 21.0248247 ], [ 105.86210149999998, 21.0246067 ], [ 105.863899, 21.018973 ], [ 105.864448899999985, 21.0179396 ], [ 105.865231599999987, 21.0153725 ], [ 105.8680303, 21.0100022 ], [ 105.8697744, 21.0049515 ], [ 105.8700831, 21.0023225 ], [ 105.8617132, 20.9990108 ], [ 105.858854799999989, 21.0009864 ], [ 105.850294299999987, 20.9988078 ], [ 105.8463278, 21.0019013 ], [ 105.8413113, 21.0063215 ], [ 105.8407724, 21.0079662 ], [ 105.8410532, 21.0107455 ], [ 105.8372522, 21.018501 ], [ 105.833795699999982, 21.0192431 ], [ 105.830986, 21.0208954 ], [ 105.8276909, 21.0268084 ], [ 105.8269642, 21.0320424 ], [ 105.8271558, 21.0347458 ], [ 105.8280025, 21.0355165 ], [ 105.8351095, 21.0426739 ] ] ] } },
{ "type": "Feature", "properties": { "threshold_s": 300, "time_label": "5 min drive" }, "geometry": { "type": "Polygon", "coordinates": [ [ [ 105.8470901, 21.0365581 ], [ 105.8486487, 21.0382787 ], [ 105.8505606, 21.0383929 ], [ 105.8532212, 21.0390552 ], [ 105.8546021, 21.0386962 ], [ 105.8552544, 21.038343 ], [ 105.8559408, 21.0375631 ], [ 105.8562679, 21.035083 ], [ 105.856505, 21.0347543 ], [ 105.8567919, 21.0336774 ], [ 105.8588286, 21.0330955 ], [ 105.859561899999989, 21.032523 ], [ 105.86078879999998, 21.0302755 ], [ 105.861271699999989, 21.0304235 ], [ 105.8610955, 21.0294989 ], [ 105.860895, 21.0292422 ], [ 105.8603817, 21.0291546 ], [ 105.8581333, 21.0279368 ], [ 105.8588605, 21.0264696 ], [ 105.859122499999984, 21.0260143 ], [ 105.858025399999988, 21.0255058 ], [ 105.8556889, 21.0242229 ], [ 105.8547547, 21.023716 ], [ 105.8532351, 21.0254925 ], [ 105.851322199999984, 21.0247186 ], [ 105.850098599999981, 21.0263959 ], [ 105.8495631, 21.0288558 ], [ 105.847795099999985, 21.0291543 ], [ 105.8464, 21.0291195 ], [ 105.8453413, 21.0287033 ], [ 105.8445748, 21.0289326 ], [ 105.8450687, 21.0291861 ], [ 105.846568, 21.0299584 ], [ 105.845974500000011, 21.0317052 ], [ 105.8455033, 21.033579 ], [ 105.8457273, 21.0347159 ], [ 105.8470901, 21.0365581 ] ] ] } },
{ "type": "Feature", "properties": { "threshold_s": 600, "time_label": "10 min drive" }, "geometry": { "type": "Polygon", "coordinates": [ [ [ 105.8401771, 21.0433484 ], [ 105.8415026, 21.0446876 ], [ 105.8438635, 21.0467884 ], [ 105.848446, 21.0470645 ], [ 105.8492648, 21.0462351 ], [ 105.850106499999981, 21.0449387 ], [ 105.8532054, 21.0410502 ], [ 105.8539648, 21.0399026 ], [ 105.8552544, 21.038343 ], [ 105.8559408, 21.0375631 ], [ 105.8580411, 21.033791 ], [ 105.8588286, 21.0330955 ], [ 105.865565599999982, 21.0396641 ], [ 105.8660828, 21.0398137 ], [ 105.866220199999987, 21.0393304 ], [ 105.8661962, 21.0391784 ], [ 105.866112099999981, 21.0389781 ], [ 105.859561899999989, 21.032523 ], [ 105.861271699999989, 21.0304235 ], [ 105.8613337, 21.0288933 ], [ 105.861773199999988, 21.025698 ], [ 105.8620378, 21.0248247 ], [ 105.86210149999998, 21.0246067 ], [ 105.863899, 21.018973 ], [ 105.8583461, 21.0169388 ], [ 105.853558199999981, 21.0137765 ], [ 105.847263, 21.0153508 ], [ 105.846956799999987, 21.0171098 ], [ 105.845692299999982, 21.0195002 ], [ 105.841418299999987, 21.0206551 ], [ 105.8392509, 21.024602 ], [ 105.8357768, 21.0272036 ], [ 105.836006399999988, 21.0304587 ], [ 105.8366268, 21.0336787 ], [ 105.836976299999989, 21.0349265 ], [ 105.840804, 21.0342079 ], [ 105.840904899999984, 21.0341906 ], [ 105.8454918, 21.0375308 ], [ 105.8420285, 21.0406404 ], [ 105.841936899999979, 21.0406599 ], [ 105.8410772, 21.0408157 ], [ 105.840151, 21.0428157 ], [ 105.8401771, 21.0433484 ] ] ] } },
{ "type": "Feature", "properties": { "threshold_s": 900, "time_label": "15 min drive" }, "geometry": { "type": "Polygon", "coordinates": [ [ [ 105.838671, 21.0522312 ], [ 105.8394795, 21.0549056 ], [ 105.839774399999982, 21.0550947 ], [ 105.8426652, 21.053922 ], [ 105.844046, 21.0533014 ], [ 105.8481324, 21.0481674 ], [ 105.8492648, 21.0462351 ], [ 105.850106499999981, 21.0449387 ], [ 105.8532054, 21.0410502 ], [ 105.8539648, 21.0399026 ], [ 105.8552544, 21.038343 ], [ 105.8559408, 21.0375631 ], [ 105.8580411, 21.033791 ], [ 105.8588286, 21.0330955 ], [ 105.8654306, 21.0378592 ], [ 105.8652272, 21.0404883 ], [ 105.8645302, 21.0425052 ], [ 105.8645845, 21.0429123 ], [ 105.8644483, 21.0456788 ], [ 105.8649809, 21.0473095 ], [ 105.8653541, 21.0490072 ], [ 105.865389599999986, 21.0490727 ], [ 105.8711895, 21.0472133 ], [ 105.873458299999982, 21.0466538 ], [ 105.8761782, 21.0457788 ], [ 105.8753613, 21.0443661 ], [ 105.874781399999989, 21.0374935 ], [ 105.8751846, 21.035424 ], [ 105.874987499999989, 21.034764 ], [ 105.872938199999979, 21.0316934 ], [ 105.8691818, 21.0308484 ], [ 105.8613337, 21.0288933 ], [ 105.861773199999988, 21.025698 ], [ 105.8620378, 21.0248247 ], [ 105.86210149999998, 21.0246067 ], [ 105.863899, 21.018973 ], [ 105.864448899999985, 21.0179396 ], [ 105.865231599999987, 21.0153725 ], [ 105.8655468, 21.0144409 ], [ 105.8680303, 21.0100022 ], [ 105.866515899999982, 21.0078988 ], [ 105.860888599999981, 21.006907 ], [ 105.857359, 21.0089506 ], [ 105.85227949999998, 21.0069421 ], [ 105.8511028, 21.0049339 ], [ 105.8472555, 21.006807 ], [ 105.8449471, 21.0079814 ], [ 105.84115509999998, 21.010313 ], [ 105.8410532, 21.0107455 ], [ 105.8414099, 21.0174645 ], [ 105.8372522, 21.018501 ], [ 105.833795699999982, 21.0192431 ], [ 105.8301962, 21.0189764 ], [ 105.827208899999988, 21.0252373 ], [ 105.8256225, 21.0318746 ], [ 105.8273644, 21.0362036 ], [ 105.8285905, 21.0410636 ], [ 105.8363039, 21.0440074 ], [ 105.838508299999987, 21.0487951 ], [ 105.838671, 21.0522312 ] ] ] } },
{ "type": "Feature", "properties": { "threshold_s": 300, "time_label": "5 min drive" }, "geometry": { "type": "Polygon", "coordinates": [ [ [ 105.793477599999989, 21.2153055 ], [ 105.7884325, 21.21677 ], [ 105.796125599999982, 21.2150242 ], [ 105.797734, 21.2141543 ], [ 105.7985253, 21.2139289 ], [ 105.798837799999987, 21.2138405 ], [ 105.798804799999985, 21.2137479 ], [ 105.7984946, 21.2138362 ], [ 105.7967976, 21.2136075 ], [ 105.795848899999982, 21.2126431 ], [ 105.7959833, 21.2128819 ], [ 105.796215600000011, 21.2132947 ], [ 105.7960057, 21.2146809 ], [ 105.7941911, 21.2151938 ], [ 105.793477599999989, 21.2153055 ] ] ] } },
{ "type": "Feature", "properties": { "threshold_s": 600, "time_label": "10 min drive" }, "geometry": { "type": "Polygon", "coordinates": [ [ [ 105.7837458, 21.2181108 ], [ 105.7830387, 21.2189031 ], [ 105.783949800000016, 21.2186464 ], [ 105.7884325, 21.21677 ], [ 105.793477599999989, 21.2153055 ], [ 105.796125599999982, 21.2150242 ], [ 105.797891599999986, 21.2146074 ], [ 105.803599700000021, 21.2133013 ], [ 105.8082145, 21.2115988 ], [ 105.808583199999987, 21.2107344 ], [ 105.803975, 21.207877 ], [ 105.8025227, 21.2069424 ], [ 105.796671300000014, 21.204474 ], [ 105.791753699999987, 21.2047547 ], [ 105.790770599999988, 21.2058309 ], [ 105.787213, 21.2098623 ], [ 105.786476399999984, 21.210922 ], [ 105.7867822, 21.2114871 ], [ 105.7869311, 21.2117659 ], [ 105.787707399999988, 21.2129344 ], [ 105.7879624, 21.2152578 ], [ 105.7837458, 21.2181108 ] ] ] } },
{ "type": "Feature", "properties": { "threshold_s": 900, "time_label": "15 min drive" }, "geometry": { "type": "Polygon", "coordinates": [ [ [ 105.7739817, 21.2196148 ], [ 105.7795648, 21.2253485 ], [ 105.7850949, 21.2208732 ], [ 105.7941911, 21.2151938 ], [ 105.796125599999982, 21.2150242 ], [ 105.797891599999986, 21.2146074 ], [ 105.803599700000021, 21.2133013 ], [ 105.810116399999984, 21.2110616 ], [ 105.815506, 21.2095264 ], [ 105.816536, 21.209223 ], [ 105.8168611, 21.2086566 ], [ 105.8171715, 21.2064472 ], [ 105.8173272, 21.205051 ], [ 105.8077732, 21.2010821 ], [ 105.79845539999998, 21.1980143 ], [ 105.791062, 21.1961785 ], [ 105.7893933, 21.1959119 ], [ 105.7852065, 21.1988949 ], [ 105.7846498, 21.1992942 ], [ 105.77998, 21.206042 ], [ 105.779497299999989, 21.2130911 ], [ 105.773791799999984, 21.2190306 ], [ 105.7737395, 21.21906 ], [ 105.7739817, 21.2196148 ] ] ] } },
{ "type": "Feature", "properties": { "threshold_s": 300, "time_label": "5 min drive" }, "geometry": { "type": "Polygon", "coordinates": [ [ [ 105.793477599999989, 21.2153055 ], [ 105.7884325, 21.21677 ], [ 105.7878807, 21.2170297 ], [ 105.796125599999982, 21.2150242 ], [ 105.797734, 21.2141543 ], [ 105.7985253, 21.2139289 ], [ 105.7984946, 21.2138362 ], [ 105.796215600000011, 21.2132947 ], [ 105.7960057, 21.2146809 ], [ 105.7941911, 21.2151938 ], [ 105.793477599999989, 21.2153055 ] ] ] } },
{ "type": "Feature", "properties": { "threshold_s": 600, "time_label": "10 min drive" }, "geometry": { "type": "Polygon", "coordinates": [ [ [ 105.7839124, 21.2185568 ], [ 105.783949800000016, 21.2186464 ], [ 105.7878807, 21.2170297 ], [ 105.793477599999989, 21.2153055 ], [ 105.796125599999982, 21.2150242 ], [ 105.797891599999986, 21.2146074 ], [ 105.803599700000021, 21.2133013 ], [ 105.8082145, 21.2115988 ], [ 105.808583199999987, 21.2107344 ], [ 105.8034136, 21.2089002 ], [ 105.8023097, 21.2073417 ], [ 105.798865099999986, 21.2056494 ], [ 105.796671300000014, 21.204474 ], [ 105.791753699999987, 21.2047547 ], [ 105.7910487, 21.2064196 ], [ 105.7874878, 21.2102934 ], [ 105.7867234, 21.2107685 ], [ 105.7867822, 21.2114871 ], [ 105.7869311, 21.2117659 ], [ 105.787707399999988, 21.2129344 ], [ 105.7879624, 21.2152578 ], [ 105.7837458, 21.2181108 ], [ 105.7839124, 21.2185568 ] ] ] } },
{ "type": "Feature", "properties": { "threshold_s": 900, "time_label": "15 min drive" }, "geometry": { "type": "Polygon", "coordinates": [ [ [ 105.774119899999988, 21.2190078 ], [ 105.7795648, 21.2253485 ], [ 105.7850949, 21.2208732 ], [ 105.7941911, 21.2151938 ], [ 105.796125599999982, 21.2150242 ], [ 105.797891599999986, 21.2146074 ], [ 105.803599700000021, 21.2133013 ], [ 105.810116399999984, 21.2110616 ], [ 105.815506, 21.2095264 ], [ 105.816536, 21.209223 ], [ 105.8168611, 21.2086566 ], [ 105.8171715, 21.2064472 ], [ 105.8172342, 21.2058805 ], [ 105.808071, 21.2045504 ], [ 105.8043693, 21.2020334 ], [ 105.79845539999998, 21.1980143 ], [ 105.7902259, 21.1964854 ], [ 105.789843, 21.1966374 ], [ 105.7887838, 21.1971378 ], [ 105.787734199999989, 21.1976518 ], [ 105.786705399999988, 21.1981828 ], [ 105.7859717, 21.1985662 ], [ 105.7846498, 21.1992942 ], [ 105.783821, 21.2009671 ], [ 105.7831652, 21.2033215 ], [ 105.779497299999989, 21.2130911 ], [ 105.774119899999988, 21.2190078 ] ] ] } },
{ "type": "Feature", "properties": { "threshold_s": 300, "time_label": "5 min drive" }, "geometry": { "type": "Polygon", "coordinates": [ [ [ 105.793444599999987, 21.213597 ], [ 105.793477599999989, 21.2153055 ], [ 105.7941911, 21.2151938 ], [ 105.79506619999998, 21.2135262 ], [ 105.7960057, 21.2146809 ], [ 105.796125599999982, 21.2150242 ], [ 105.7969922, 21.2142647 ], [ 105.797891599999986, 21.2146074 ], [ 105.7989968, 21.2142728 ], [ 105.7989671, 21.2141924 ], [ 105.798837799999987, 21.2138405 ], [ 105.798804799999985, 21.2137479 ], [ 105.7984946, 21.2138362 ], [ 105.797848099999982, 21.2140206 ], [ 105.7967976, 21.2136075 ], [ 105.79669029999998, 21.2126423 ], [ 105.7969906, 21.2122245 ], [ 105.7972643, 21.2115771 ], [ 105.797562, 21.2108421 ], [ 105.7985403, 21.2103737 ], [ 105.7988588, 21.210226 ], [ 105.799445, 21.2099741 ], [ 105.7981009, 21.2094414 ], [ 105.7965401, 21.2093316 ], [ 105.7955076, 21.2087233 ], [ 105.794868699999981, 21.2081848 ], [ 105.794674599999979, 21.2089691 ], [ 105.79411, 21.2097442 ], [ 105.793089899999984, 21.2103817 ], [ 105.792708600000012, 21.2107179 ], [ 105.7925007, 21.2117648 ], [ 105.791422499999982, 21.211992 ], [ 105.7915985, 21.2133827 ], [ 105.7926114, 21.213327 ], [ 105.793444599999987, 21.213597 ] ] ] } },
{ "type": "Feature", "properties": { "threshold_s": 600, "time_label": "10 min drive" }, "geometry": { "type": "Polygon", "coordinates": [ [ [ 105.7785801, 21.2176937 ], [ 105.7799927, 21.2191886 ], [ 105.7814687, 21.2201035 ], [ 105.7843509, 21.2212331 ], [ 105.7850949, 21.2208732 ], [ 105.7884325, 21.21677 ], [ 105.793477599999989, 21.2153055 ], [ 105.7941911, 21.2151938 ], [ 105.796125599999982, 21.2150242 ], [ 105.797891599999986, 21.2146074 ], [ 105.803599700000021, 21.2133013 ], [ 105.810116399999984, 21.2110616 ], [ 105.812766699999983, 21.20972 ], [ 105.8135627, 21.2084821 ], [ 105.811380699999987, 21.2080976 ], [ 105.808534899999984, 21.208634 ], [ 105.8036119, 21.2042602 ], [ 105.8032027, 21.2034903 ], [ 105.8011814, 21.2029273 ], [ 105.7988236, 21.2036096 ], [ 105.7926843, 21.2018867 ], [ 105.7889611, 21.1999517 ], [ 105.7853982, 21.2069936 ], [ 105.7831434, 21.2083959 ], [ 105.7821008, 21.2138333 ], [ 105.7785801, 21.2176937 ] ] ] } },
{ "type": "Feature", "properties": { "threshold_s": 900, "time_label": "15 min drive" }, "geometry": { "type": "Polygon", "coordinates": [ [ [ 105.7691214, 21.2202291 ], [ 105.770104, 21.2213492 ], [ 105.773834, 21.2244207 ], [ 105.7786021, 21.2276017 ], [ 105.784196399999985, 21.228507 ], [ 105.7850949, 21.2208732 ], [ 105.793477599999989, 21.2153055 ], [ 105.7941911, 21.2151938 ], [ 105.796125599999982, 21.2150242 ], [ 105.797891599999986, 21.2146074 ], [ 105.7989968, 21.2142728 ], [ 105.803599700000021, 21.2133013 ], [ 105.810116399999984, 21.2110616 ], [ 105.815506, 21.2095264 ], [ 105.816536, 21.209223 ], [ 105.8220355, 21.2075905 ], [ 105.820626099999984, 21.2025446 ], [ 105.818162799999982, 21.201113 ], [ 105.8127485, 21.1996786 ], [ 105.8090982, 21.1990666 ], [ 105.801912499999986, 21.1976162 ], [ 105.7964201, 21.1937095 ], [ 105.7915378, 21.1938901 ], [ 105.78962, 21.1947453 ], [ 105.7803265, 21.2008718 ], [ 105.7751294, 21.209863 ], [ 105.7691214, 21.2202291 ] ] ] } },
{ "type": "Feature", "properties": { "threshold_s": 300, "time_label": "5 min drive" }, "geometry": { "type": "Polygon", "coordinates": [ [ [ 105.7960057, 21.2146809 ], [ 105.7941911, 21.2151938 ], [ 105.796125599999982, 21.2150242 ], [ 105.797891599999986, 21.2146074 ], [ 105.7989968, 21.2142728 ], [ 105.7989671, 21.2141924 ], [ 105.804841199999984, 21.2121247 ], [ 105.80480249999998, 21.2120082 ], [ 105.798837799999987, 21.2138405 ], [ 105.798804799999985, 21.2137479 ], [ 105.7984946, 21.2138362 ], [ 105.797848099999982, 21.2140206 ], [ 105.7960057, 21.2146809 ] ] ] } },
{ "type": "Feature", "properties": { "threshold_s": 600, "time_label": "10 min drive" }, "geometry": { "type": "Polygon", "coordinates": [ [ [ 105.7785801, 21.2176937 ], [ 105.7799927, 21.2191886 ], [ 105.7814687, 21.2201035 ], [ 105.7843509, 21.2212331 ], [ 105.7850949, 21.2208732 ], [ 105.796125599999982, 21.2150242 ], [ 105.797891599999986, 21.2146074 ], [ 105.803599700000021, 21.2133013 ], [ 105.810116399999984, 21.2110616 ], [ 105.812766699999983, 21.20972 ], [ 105.8135627, 21.2084821 ], [ 105.811380699999987, 21.2080976 ], [ 105.8073628, 21.2085415 ], [ 105.80480249999998, 21.2120082 ], [ 105.798804799999985, 21.2137479 ], [ 105.7984946, 21.2138362 ], [ 105.797848099999982, 21.2140206 ], [ 105.7941911, 21.2151938 ], [ 105.7884325, 21.21677 ], [ 105.7878807, 21.2170297 ], [ 105.7837458, 21.2181108 ], [ 105.7783791, 21.2165889 ], [ 105.7780235, 21.2167931 ], [ 105.7785801, 21.2176937 ] ] ] } },
{ "type": "Feature", "properties": { "threshold_s": 900, "time_label": "15 min drive" }, "geometry": { "type": "Polygon", "coordinates": [ [ [ 105.768502899999987, 21.220201 ], [ 105.768779, 21.2221097 ], [ 105.768854100000013, 21.2221818 ], [ 105.7786021, 21.2276017 ], [ 105.784196399999985, 21.228507 ], [ 105.7850949, 21.2208732 ], [ 105.793477599999989, 21.2153055 ], [ 105.7941911, 21.2151938 ], [ 105.796125599999982, 21.2150242 ], [ 105.797891599999986, 21.2146074 ], [ 105.7989968, 21.2142728 ], [ 105.803599700000021, 21.2133013 ], [ 105.810116399999984, 21.2110616 ], [ 105.815506, 21.2095264 ], [ 105.816536, 21.209223 ], [ 105.8220355, 21.2075905 ], [ 105.8262068, 21.2059569 ], [ 105.82123129999998, 21.2023973 ], [ 105.818162799999982, 21.201113 ], [ 105.8073628, 21.2085415 ], [ 105.7952209, 21.2110099 ], [ 105.786121, 21.2103806 ], [ 105.78374909999998, 21.2100079 ], [ 105.7791335, 21.2092605 ], [ 105.7699878, 21.2186276 ], [ 105.768690699999979, 21.2197622 ], [ 105.768502899999987, 21.220201 ] ] ] } },
{ "type": "Feature", "properties": { "threshold_s": 300, "time_label": "5 min drive" }, "geometry": { "type": "Polygon", "coordinates": [ [ [ 105.793477599999989, 21.2153055 ], [ 105.7884325, 21.21677 ], [ 105.796125599999982, 21.2150242 ], [ 105.797734, 21.2141543 ], [ 105.7985253, 21.2139289 ], [ 105.798837799999987, 21.2138405 ], [ 105.798804799999985, 21.2137479 ], [ 105.7984946, 21.2138362 ], [ 105.7967976, 21.2136075 ], [ 105.795848899999982, 21.2126431 ], [ 105.7959833, 21.2128819 ], [ 105.796215600000011, 21.2132947 ], [ 105.7960057, 21.2146809 ], [ 105.7941911, 21.2151938 ], [ 105.793477599999989, 21.2153055 ] ] ] } },
{ "type": "Feature", "properties": { "threshold_s": 600, "time_label": "10 min drive" }, "geometry": { "type": "Polygon", "coordinates": [ [ [ 105.7837458, 21.2181108 ], [ 105.7830387, 21.2189031 ], [ 105.783949800000016, 21.2186464 ], [ 105.7884325, 21.21677 ], [ 105.793477599999989, 21.2153055 ], [ 105.796125599999982, 21.2150242 ], [ 105.797891599999986, 21.2146074 ], [ 105.803599700000021, 21.2133013 ], [ 105.8082145, 21.2115988 ], [ 105.808583199999987, 21.2107344 ], [ 105.803975, 21.207877 ], [ 105.8025227, 21.2069424 ], [ 105.796671300000014, 21.204474 ], [ 105.791753699999987, 21.2047547 ], [ 105.790770599999988, 21.2058309 ], [ 105.787213, 21.2098623 ], [ 105.786476399999984, 21.210922 ], [ 105.7867822, 21.2114871 ], [ 105.7869311, 21.2117659 ], [ 105.787707399999988, 21.2129344 ], [ 105.7879624, 21.2152578 ], [ 105.7837458, 21.2181108 ] ] ] } },
{ "type": "Feature", "properties": { "threshold_s": 900, "time_label": "15 min drive" }, "geometry": { "type": "Polygon", "coordinates": [ [ [ 105.7739817, 21.2196148 ], [ 105.7795648, 21.2253485 ], [ 105.7850949, 21.2208732 ], [ 105.7941911, 21.2151938 ], [ 105.796125599999982, 21.2150242 ], [ 105.797891599999986, 21.2146074 ], [ 105.803599700000021, 21.2133013 ], [ 105.810116399999984, 21.2110616 ], [ 105.815506, 21.2095264 ], [ 105.816536, 21.209223 ], [ 105.8168611, 21.2086566 ], [ 105.8171715, 21.2064472 ], [ 105.8173272, 21.205051 ], [ 105.8077732, 21.2010821 ], [ 105.79845539999998, 21.1980143 ], [ 105.791062, 21.1961785 ], [ 105.7893933, 21.1959119 ], [ 105.7852065, 21.1988949 ], [ 105.7846498, 21.1992942 ], [ 105.77998, 21.206042 ], [ 105.779497299999989, 21.2130911 ], [ 105.773791799999984, 21.2190306 ], [ 105.7737395, 21.21906 ], [ 105.7739817, 21.2196148 ] ] ] } },
{ "type": "Feature", "properties": { "threshold_s": 300, "time_label": "5 min drive" }, "geometry": { "type": "Polygon", "coordinates": [ [ [ 105.8394154, 21.0189573 ], [ 105.8414355, 21.021993 ], [ 105.84309709999998, 21.021558 ], [ 105.845411900000016, 21.0229745 ], [ 105.8463801, 21.0245553 ], [ 105.846418699999987, 21.0246672 ], [ 105.849699099999981, 21.0251837 ], [ 105.850098599999981, 21.0263959 ], [ 105.8502936, 21.0269683 ], [ 105.851322199999984, 21.0247186 ], [ 105.852593, 21.0227149 ], [ 105.8533331, 21.0213318 ], [ 105.8555751, 21.0199953 ], [ 105.856659099999987, 21.0186561 ], [ 105.856344399999983, 21.0159717 ], [ 105.854312099999987, 21.0138532 ], [ 105.8522802, 21.011966 ], [ 105.8505725, 21.0091717 ], [ 105.849039, 21.0086127 ], [ 105.846089299999988, 21.0079147 ], [ 105.8460661, 21.0081019 ], [ 105.8483954, 21.0097738 ], [ 105.8463087, 21.0126788 ], [ 105.846647899999979, 21.0134641 ], [ 105.847263, 21.0153508 ], [ 105.844269199999985, 21.017305 ], [ 105.8435857, 21.0172651 ], [ 105.8424924, 21.0173642 ], [ 105.8414099, 21.0174645 ], [ 105.8394154, 21.0189573 ] ] ] } },
{ "type": "Feature", "properties": { "threshold_s": 600, "time_label": "10 min drive" }, "geometry": { "type": "Polygon", "coordinates": [ [ [ 105.8388391, 21.0280565 ], [ 105.8386072, 21.0311749 ], [ 105.8405152, 21.0324634 ], [ 105.8449379, 21.0348636 ], [ 105.845924, 21.0356714 ], [ 105.8470836, 21.0362915 ], [ 105.8484865, 21.0367305 ], [ 105.849394799999985, 21.0353124 ], [ 105.853804, 21.0330302 ], [ 105.85453219999998, 21.0321868 ], [ 105.857538, 21.0291314 ], [ 105.860299, 21.0256005 ], [ 105.860767399999986, 21.0242371 ], [ 105.8607254, 21.0240373 ], [ 105.8598823, 21.0218612 ], [ 105.861804899999981, 21.0185343 ], [ 105.8641047, 21.0151079 ], [ 105.8655468, 21.0144409 ], [ 105.86402, 21.0114232 ], [ 105.8628271, 21.0086717 ], [ 105.860888599999981, 21.006907 ], [ 105.858652, 21.0085882 ], [ 105.8549535, 21.005497 ], [ 105.85495, 21.005205 ], [ 105.8549485, 21.0048029 ], [ 105.854945, 21.0035685 ], [ 105.855178399999986, 21.0027894 ], [ 105.853645299999982, 21.0016252 ], [ 105.850651, 20.99949 ], [ 105.8503963, 20.9994987 ], [ 105.8457171, 21.0008499 ], [ 105.8412301, 21.0030328 ], [ 105.839297499999986, 21.0040633 ], [ 105.8392324, 21.0041845 ], [ 105.8397447, 21.0060986 ], [ 105.838181099999986, 21.0097637 ], [ 105.836551, 21.0105942 ], [ 105.8368332, 21.0115174 ], [ 105.836983800000013, 21.0118796 ], [ 105.8391601, 21.0123792 ], [ 105.8413476, 21.010746 ], [ 105.8449471, 21.0079814 ], [ 105.8463087, 21.0126788 ], [ 105.846647899999979, 21.0134641 ], [ 105.8435857, 21.0172651 ], [ 105.8424924, 21.0173642 ], [ 105.8414099, 21.0174645 ], [ 105.8372522, 21.018501 ], [ 105.833795699999982, 21.0192431 ], [ 105.830088799999984, 21.0177414 ], [ 105.8292934, 21.0175367 ], [ 105.8285186, 21.0190792 ], [ 105.8286247, 21.0192495 ], [ 105.83131659999998, 21.0214207 ], [ 105.8329958, 21.0216565 ], [ 105.8376116, 21.0232408 ], [ 105.8380997, 21.0259862 ], [ 105.8388391, 21.0280565 ] ] ] } },
{ "type": "Feature", "properties": { "threshold_s": 900, "time_label": "15 min drive" }, "geometry": { "type": "Polygon", "coordinates": [ [ [ 105.827500199999989, 21.0288101 ], [ 105.828823, 21.0325515 ], [ 105.8317055, 21.0344357 ], [ 105.837023599999981, 21.0388764 ], [ 105.841829, 21.0425259 ], [ 105.8440438, 21.0433507 ], [ 105.845791899999981, 21.0438666 ], [ 105.849774, 21.0421874 ], [ 105.8539648, 21.0399026 ], [ 105.8559408, 21.0375631 ], [ 105.861271699999989, 21.0304235 ], [ 105.86210149999998, 21.0246067 ], [ 105.864448899999985, 21.0179396 ], [ 105.8680303, 21.0100022 ], [ 105.8721878, 21.0029618 ], [ 105.8704661, 21.0012324 ], [ 105.8664894, 21.0002278 ], [ 105.8624897, 20.9962471 ], [ 105.8620508, 20.9958231 ], [ 105.8572125, 20.9950589 ], [ 105.8495471, 20.9930515 ], [ 105.8426636, 20.9920662 ], [ 105.841289799999984, 20.9919597 ], [ 105.8410438, 20.9919552 ], [ 105.840121199999984, 20.992156 ], [ 105.836739199999982, 20.9944076 ], [ 105.834289499999983, 20.9991527 ], [ 105.830331199999989, 21.0041204 ], [ 105.823697399999986, 21.0080557 ], [ 105.8233913, 21.0098098 ], [ 105.8222877, 21.0162242 ], [ 105.821050299999982, 21.0190995 ], [ 105.820237399999982, 21.023779 ], [ 105.827500199999989, 21.0288101 ] ] ] } },
{ "type": "Feature", "properties": { "threshold_s": 300, "time_label": "5 min drive" }, "geometry": { "type": "Polygon", "coordinates": [ [ [ 105.8414355, 21.021993 ], [ 105.8425095, 21.0239595 ], [ 105.8454267, 21.0257694 ], [ 105.84686929999998, 21.0260006 ], [ 105.8502936, 21.0269683 ], [ 105.852939699999979, 21.0242487 ], [ 105.8533331, 21.0213318 ], [ 105.8555751, 21.0199953 ], [ 105.8569516, 21.0195874 ], [ 105.856344399999983, 21.0159717 ], [ 105.854312099999987, 21.0138532 ], [ 105.8509461, 21.0117911 ], [ 105.8499467, 21.0097837 ], [ 105.8490179, 21.0095714 ], [ 105.8479992, 21.0117844 ], [ 105.8463087, 21.0126788 ], [ 105.846647899999979, 21.0134641 ], [ 105.847263, 21.0153508 ], [ 105.844269199999985, 21.017305 ], [ 105.8435857, 21.0172651 ], [ 105.8424924, 21.0173642 ], [ 105.8414099, 21.0174645 ], [ 105.8394154, 21.0189573 ], [ 105.8414355, 21.021993 ] ] ] } },
{ "type": "Feature", "properties": { "threshold_s": 600, "time_label": "10 min drive" }, "geometry": { "type": "Polygon", "coordinates": [ [ [ 105.8364437, 21.0287371 ], [ 105.838526, 21.0333247 ], [ 105.838902399999981, 21.0332579 ], [ 105.8390036, 21.0332408 ], [ 105.840682299999983, 21.0328473 ], [ 105.8449379, 21.0348636 ], [ 105.846130299999984, 21.0366717 ], [ 105.8480787, 21.0375461 ], [ 105.8494544, 21.0368842 ], [ 105.850948099999982, 21.0356251 ], [ 105.854413799999989, 21.0338031 ], [ 105.8559161, 21.032665 ], [ 105.8565198, 21.0313238 ], [ 105.857538, 21.0291314 ], [ 105.857796199999981, 21.028661 ], [ 105.861773199999988, 21.025698 ], [ 105.8607254, 21.0240373 ], [ 105.8598823, 21.0218612 ], [ 105.861804899999981, 21.0185343 ], [ 105.8634656, 21.0149609 ], [ 105.8637369, 21.0118001 ], [ 105.8628271, 21.0086717 ], [ 105.860888599999981, 21.006907 ], [ 105.858652, 21.0085882 ], [ 105.8549535, 21.005497 ], [ 105.85495, 21.005205 ], [ 105.8549485, 21.0048029 ], [ 105.854945, 21.0035685 ], [ 105.8505715, 21.0006347 ], [ 105.8458159, 21.0018159 ], [ 105.8412301, 21.0030328 ], [ 105.8401133, 21.004217 ], [ 105.8397447, 21.0060986 ], [ 105.837626899999989, 21.0104747 ], [ 105.8391601, 21.0123792 ], [ 105.8413476, 21.010746 ], [ 105.8463087, 21.0126788 ], [ 105.846647899999979, 21.0134641 ], [ 105.8435857, 21.0172651 ], [ 105.8424924, 21.0173642 ], [ 105.8414099, 21.0174645 ], [ 105.8372522, 21.018501 ], [ 105.833795699999982, 21.0192431 ], [ 105.830088799999984, 21.0177414 ], [ 105.8292934, 21.0175367 ], [ 105.8285186, 21.0190792 ], [ 105.8286247, 21.0192495 ], [ 105.83131659999998, 21.0214207 ], [ 105.8329958, 21.0216565 ], [ 105.8376116, 21.0232408 ], [ 105.8361111, 21.0279427 ], [ 105.8364437, 21.0287371 ] ] ] } },
{ "type": "Feature", "properties": { "threshold_s": 900, "time_label": "15 min drive" }, "geometry": { "type": "Polygon", "coordinates": [ [ [ 105.8270189, 21.0323507 ], [ 105.827953199999982, 21.034706 ], [ 105.8317055, 21.0344357 ], [ 105.837023599999981, 21.0388764 ], [ 105.836188, 21.041554 ], [ 105.836243199999984, 21.0416562 ], [ 105.8401771, 21.0433484 ], [ 105.843057499999986, 21.0443714 ], [ 105.846347699999981, 21.0444049 ], [ 105.850918, 21.0428162 ], [ 105.8513591, 21.04259 ], [ 105.8532054, 21.0410502 ], [ 105.8559408, 21.0375631 ], [ 105.859561899999989, 21.032523 ], [ 105.861271699999989, 21.0304235 ], [ 105.86210149999998, 21.0246067 ], [ 105.864448899999985, 21.0179396 ], [ 105.865231599999987, 21.0153725 ], [ 105.8680303, 21.0100022 ], [ 105.8697744, 21.0049515 ], [ 105.8700831, 21.0023225 ], [ 105.8700165, 21.0022999 ], [ 105.8667825, 21.002999 ], [ 105.8622047, 20.9984039 ], [ 105.8619848, 20.9963671 ], [ 105.856193300000015, 20.9951509 ], [ 105.8495471, 20.9930515 ], [ 105.8426671, 20.9926223 ], [ 105.8408964, 20.9926618 ], [ 105.838845799999987, 20.9941136 ], [ 105.835261599999981, 20.9992216 ], [ 105.830331199999989, 21.0041204 ], [ 105.8238515, 21.0082462 ], [ 105.8233913, 21.0098098 ], [ 105.8222877, 21.0162242 ], [ 105.821050299999982, 21.0190995 ], [ 105.820237399999982, 21.023779 ], [ 105.8276909, 21.0268084 ], [ 105.8269642, 21.0320424 ], [ 105.8269784, 21.0321598 ], [ 105.8270189, 21.0323507 ] ] ] } },
{ "type": "Feature", "properties": { "threshold_s": 300, "time_label": "5 min drive" }, "geometry": { "type": "Polygon", "coordinates": [ [ [ 105.8273644, 21.0362036 ], [ 105.828665499999985, 21.0395817 ], [ 105.8282168, 21.0361744 ], [ 105.8280025, 21.0355165 ], [ 105.827953199999982, 21.034706 ], [ 105.82998929999998, 21.0333873 ], [ 105.8317055, 21.0344357 ], [ 105.83272119999998, 21.034424 ], [ 105.833620399999987, 21.0342652 ], [ 105.834611099999989, 21.0340502 ], [ 105.8363518, 21.0356501 ], [ 105.837023599999981, 21.0388764 ], [ 105.8397245, 21.0384477 ], [ 105.839639700000021, 21.0384598 ], [ 105.8367548, 21.0351557 ], [ 105.836976299999989, 21.0349265 ], [ 105.8381949, 21.0336649 ], [ 105.840804, 21.0342079 ], [ 105.840904899999984, 21.0341906 ], [ 105.840682299999983, 21.0328473 ], [ 105.840616399999988, 21.0324498 ], [ 105.841431199999988, 21.0306338 ], [ 105.8428205, 21.0303654 ], [ 105.841569, 21.0288646 ], [ 105.839459, 21.028738 ], [ 105.837505400000012, 21.0294187 ], [ 105.8364437, 21.0287371 ], [ 105.8361111, 21.0279427 ], [ 105.8357768, 21.0272036 ], [ 105.833379799999989, 21.0259305 ], [ 105.833308499999987, 21.0259561 ], [ 105.832603, 21.0262411 ], [ 105.8318088, 21.0286941 ], [ 105.8315881, 21.029859 ], [ 105.8298109, 21.0315576 ], [ 105.8284214, 21.0311595 ], [ 105.8274018, 21.0293992 ], [ 105.8269824, 21.0294318 ], [ 105.8261858, 21.0299931 ], [ 105.8256498, 21.031761 ], [ 105.8256225, 21.0318746 ], [ 105.8271908, 21.0334056 ], [ 105.8267433, 21.0343099 ], [ 105.8259982, 21.0359947 ], [ 105.8273644, 21.0362036 ] ] ] } },
{ "type": "Feature", "properties": { "threshold_s": 600, "time_label": "10 min drive" }, "geometry": { "type": "Polygon", "coordinates": [ [ [ 105.81288859999998, 21.0314836 ], [ 105.812700599999985, 21.0387141 ], [ 105.8173165, 21.0373304 ], [ 105.8226508, 21.039099 ], [ 105.8285905, 21.0410636 ], [ 105.8363039, 21.0440074 ], [ 105.8407961, 21.0470259 ], [ 105.842786799999985, 21.04652 ], [ 105.845791899999981, 21.0438666 ], [ 105.8472071, 21.0419565 ], [ 105.850024, 21.0353227 ], [ 105.8513365, 21.0323003 ], [ 105.851322199999984, 21.0247186 ], [ 105.8486244, 21.0220391 ], [ 105.8414031, 21.0182234 ], [ 105.8377091, 21.0200259 ], [ 105.83106290000002, 21.0172386 ], [ 105.8309465, 21.0170993 ], [ 105.8290405, 21.016959 ], [ 105.8289753, 21.016992 ], [ 105.824664799999979, 21.021128 ], [ 105.819179799999986, 21.0223888 ], [ 105.819080499999984, 21.0224513 ], [ 105.818984799999981, 21.0231983 ], [ 105.8164399, 21.0296201 ], [ 105.813433900000021, 21.0311917 ], [ 105.813089, 21.0312839 ], [ 105.81288859999998, 21.0314836 ] ] ] } },
{ "type": "Feature", "properties": { "threshold_s": 900, "time_label": "15 min drive" }, "geometry": { "type": "Polygon", "coordinates": [ [ [ 105.806134599999979, 21.0426071 ], [ 105.806327, 21.0429691 ], [ 105.8118943, 21.0466978 ], [ 105.815235299999983, 21.0455385 ], [ 105.8172402, 21.0447458 ], [ 105.817391, 21.0446957 ], [ 105.823222, 21.0436032 ], [ 105.8251749, 21.0431721 ], [ 105.8285905, 21.0410636 ], [ 105.8351095, 21.0426739 ], [ 105.8363039, 21.0440074 ], [ 105.838508299999987, 21.0487951 ], [ 105.835914299999985, 21.0526278 ], [ 105.8359029, 21.0567171 ], [ 105.835981499999988, 21.0567613 ], [ 105.8363703, 21.0569683 ], [ 105.8418824, 21.056518 ], [ 105.842661399999983, 21.0560142 ], [ 105.8443236, 21.0542526 ], [ 105.8481324, 21.0481674 ], [ 105.850106499999981, 21.0449387 ], [ 105.853999, 21.0394404 ], [ 105.8552544, 21.038343 ], [ 105.8559408, 21.0375631 ], [ 105.859561899999989, 21.032523 ], [ 105.8598143, 21.0299614 ], [ 105.8607254, 21.0240373 ], [ 105.8597317, 21.0187694 ], [ 105.8575245, 21.0165817 ], [ 105.856344399999983, 21.0159717 ], [ 105.855307499999981, 21.0154971 ], [ 105.849117899999982, 21.0124376 ], [ 105.8463087, 21.0126788 ], [ 105.8412932, 21.0078348 ], [ 105.8407724, 21.0079662 ], [ 105.838343, 21.0086548 ], [ 105.831982199999985, 21.0083554 ], [ 105.823697399999986, 21.0080557 ], [ 105.8182137, 21.0130422 ], [ 105.8131859, 21.0137849 ], [ 105.8130615, 21.0138575 ], [ 105.811559099999982, 21.0177554 ], [ 105.8093012, 21.0228278 ], [ 105.808141, 21.0279055 ], [ 105.804361899999989, 21.0345534 ], [ 105.804505, 21.0349784 ], [ 105.806134599999979, 21.0426071 ] ] ] } },
{ "type": "Feature", "properties": { "threshold_s": 300, "time_label": "5 min drive" }, "geometry": { "type": "Polygon", "coordinates": [ [ [ 105.793444599999987, 21.213597 ], [ 105.793477599999989, 21.2153055 ], [ 105.7941911, 21.2151938 ], [ 105.79506619999998, 21.2135262 ], [ 105.7960057, 21.2146809 ], [ 105.796125599999982, 21.2150242 ], [ 105.7969922, 21.2142647 ], [ 105.797891599999986, 21.2146074 ], [ 105.7989968, 21.2142728 ], [ 105.7989671, 21.2141924 ], [ 105.798837799999987, 21.2138405 ], [ 105.798804799999985, 21.2137479 ], [ 105.7984946, 21.2138362 ], [ 105.797848099999982, 21.2140206 ], [ 105.7967976, 21.2136075 ], [ 105.79669029999998, 21.2126423 ], [ 105.7969906, 21.2122245 ], [ 105.7972643, 21.2115771 ], [ 105.797562, 21.2108421 ], [ 105.7985403, 21.2103737 ], [ 105.7988588, 21.210226 ], [ 105.799445, 21.2099741 ], [ 105.7981009, 21.2094414 ], [ 105.7965401, 21.2093316 ], [ 105.7955076, 21.2087233 ], [ 105.794868699999981, 21.2081848 ], [ 105.794674599999979, 21.2089691 ], [ 105.79411, 21.2097442 ], [ 105.793089899999984, 21.2103817 ], [ 105.792708600000012, 21.2107179 ], [ 105.7925007, 21.2117648 ], [ 105.791422499999982, 21.211992 ], [ 105.7915985, 21.2133827 ], [ 105.7926114, 21.213327 ], [ 105.793444599999987, 21.213597 ] ] ] } },
{ "type": "Feature", "properties": { "threshold_s": 600, "time_label": "10 min drive" }, "geometry": { "type": "Polygon", "coordinates": [ [ [ 105.7785801, 21.2176937 ], [ 105.7799927, 21.2191886 ], [ 105.7814687, 21.2201035 ], [ 105.7843509, 21.2212331 ], [ 105.7850949, 21.2208732 ], [ 105.7884325, 21.21677 ], [ 105.793477599999989, 21.2153055 ], [ 105.7941911, 21.2151938 ], [ 105.796125599999982, 21.2150242 ], [ 105.797891599999986, 21.2146074 ], [ 105.803599700000021, 21.2133013 ], [ 105.810116399999984, 21.2110616 ], [ 105.812766699999983, 21.20972 ], [ 105.8135627, 21.2084821 ], [ 105.811380699999987, 21.2080976 ], [ 105.808534899999984, 21.208634 ], [ 105.8036119, 21.2042602 ], [ 105.8032027, 21.2034903 ], [ 105.8011814, 21.2029273 ], [ 105.7988236, 21.2036096 ], [ 105.7926843, 21.2018867 ], [ 105.7889611, 21.1999517 ], [ 105.7853982, 21.2069936 ], [ 105.7831434, 21.2083959 ], [ 105.7821008, 21.2138333 ], [ 105.7785801, 21.2176937 ] ] ] } },
{ "type": "Feature", "properties": { "threshold_s": 900, "time_label": "15 min drive" }, "geometry": { "type": "Polygon", "coordinates": [ [ [ 105.7691214, 21.2202291 ], [ 105.770104, 21.2213492 ], [ 105.773834, 21.2244207 ], [ 105.7786021, 21.2276017 ], [ 105.784196399999985, 21.228507 ], [ 105.7850949, 21.2208732 ], [ 105.793477599999989, 21.2153055 ], [ 105.7941911, 21.2151938 ], [ 105.796125599999982, 21.2150242 ], [ 105.797891599999986, 21.2146074 ], [ 105.7989968, 21.2142728 ], [ 105.803599700000021, 21.2133013 ], [ 105.810116399999984, 21.2110616 ], [ 105.815506, 21.2095264 ], [ 105.816536, 21.209223 ], [ 105.8220355, 21.2075905 ], [ 105.820626099999984, 21.2025446 ], [ 105.818162799999982, 21.201113 ], [ 105.8127485, 21.1996786 ], [ 105.8090982, 21.1990666 ], [ 105.801912499999986, 21.1976162 ], [ 105.7964201, 21.1937095 ], [ 105.7915378, 21.1938901 ], [ 105.78962, 21.1947453 ], [ 105.7803265, 21.2008718 ], [ 105.7751294, 21.209863 ], [ 105.7691214, 21.2202291 ] ] ] } }
]
}
