{
"type": "FeatureCollection",
"name": "isochrone_amenity_pub_drive",
"crs": { "type": "name", "properties": { "name": "urn:ogc:def:crs:OGC:1.3:CRS84" } },
"features": [
{ "type": "Feature", "properties": { "threshold_s": 300, "time_label": "5 min drive" }, "geometry": { "type": "Polygon", "coordinates": [ [ [ 105.8415518, 21.0276316 ], [ 105.842570599999988, 21.0292003 ], [ 105.8444581, 21.028869 ], [ 105.8447427, 21.0299832 ], [ 105.846568, 21.0299584 ], [ 105.8467286, 21.0312332 ], [ 105.8467815, 21.03166 ], [ 105.8467514, 21.0319851 ], [ 105.846901399999979, 21.0326301 ], [ 105.8485186, 21.0323719 ], [ 105.8486543, 21.0310594 ], [ 105.8488561, 21.0305684 ], [ 105.8491746, 21.029779 ], [ 105.850585599999988, 21.0291892 ], [ 105.8511617, 21.0278966 ], [ 105.853811899999982, 21.0288128 ], [ 105.8536648, 21.0278918 ], [ 105.8535709, 21.0273332 ], [ 105.8533791, 21.0260713 ], [ 105.8545573, 21.025672 ], [ 105.8553119, 21.0254087 ], [ 105.8569971, 21.0244801 ], [ 105.8571697, 21.0245179 ], [ 105.857244699999981, 21.024476 ], [ 105.8572778, 21.0244341 ], [ 105.8574777, 21.022875 ], [ 105.8577239, 21.0221286 ], [ 105.8577393, 21.0220815 ], [ 105.8580477, 21.0211556 ], [ 105.857780299999988, 21.0199268 ], [ 105.856659099999987, 21.0186561 ], [ 105.8556233, 21.0172861 ], [ 105.8540474, 21.0169953 ], [ 105.8535531, 21.0169105 ], [ 105.8529519, 21.0168194 ], [ 105.852265299999985, 21.0168092 ], [ 105.8514047, 21.0168343 ], [ 105.8508468, 21.0168556 ], [ 105.850418, 21.0151848 ], [ 105.8491983, 21.0152083 ], [ 105.8483814, 21.0152195 ], [ 105.847806599999984, 21.0152294 ], [ 105.847263, 21.0153508 ], [ 105.846956799999987, 21.0171098 ], [ 105.8474562, 21.0183772 ], [ 105.8473042, 21.019172 ], [ 105.845692299999982, 21.0195002 ], [ 105.8440234, 21.0188761 ], [ 105.844269199999985, 21.017305 ], [ 105.8435857, 21.0172651 ], [ 105.843634699999981, 21.0174211 ], [ 105.8438212, 21.0181427 ], [ 105.842423599999989, 21.0195967 ], [ 105.8425112, 21.0198425 ], [ 105.8426704, 21.0202983 ], [ 105.8414355, 21.021993 ], [ 105.84309709999998, 21.021558 ], [ 105.8447516, 21.0210682 ], [ 105.846486, 21.0216764 ], [ 105.845411900000016, 21.0229745 ], [ 105.8463801, 21.0245553 ], [ 105.8451257, 21.0249069 ], [ 105.8432716, 21.0254436 ], [ 105.841464500000015, 21.024215 ], [ 105.8414982, 21.0259455 ], [ 105.8415518, 21.0276316 ] ] ] } },
{ "type": "Feature", "properties": { "threshold_s": 600, "time_label": "10 min drive" }, "geometry": { "type": "Polygon", "coordinates": [ [ [ 105.8314281, 21.0326715 ], [ 105.83272119999998, 21.034424 ], [ 105.833620399999987, 21.0342652 ], [ 105.8363518, 21.0356501 ], [ 105.8367548, 21.0351557 ], [ 105.8392334, 21.0385243 ], [ 105.8396991, 21.038879 ], [ 105.8397836, 21.0388744 ], [ 105.8397245, 21.0384477 ], [ 105.839639700000021, 21.0384598 ], [ 105.836976299999989, 21.0349265 ], [ 105.8381949, 21.0336649 ], [ 105.840804, 21.0342079 ], [ 105.840904899999984, 21.0341906 ], [ 105.843290199999984, 21.0323602 ], [ 105.8447768, 21.0340917 ], [ 105.8449379, 21.0348636 ], [ 105.8454918, 21.0375308 ], [ 105.8454121, 21.0400507 ], [ 105.8452169, 21.0406891 ], [ 105.8482846, 21.041106 ], [ 105.8499291, 21.0406957 ], [ 105.8502396, 21.0404039 ], [ 105.8509799, 21.0396982 ], [ 105.851149600000014, 21.0394834 ], [ 105.8515241, 21.0390352 ], [ 105.854314099999982, 21.0377085 ], [ 105.855808, 21.0348872 ], [ 105.8588286, 21.0330955 ], [ 105.859561899999989, 21.032523 ], [ 105.86078879999998, 21.0302755 ], [ 105.8610955, 21.0294989 ], [ 105.860895, 21.0292422 ], [ 105.8603817, 21.0291546 ], [ 105.8588605, 21.0264696 ], [ 105.8602138, 21.0257388 ], [ 105.861773199999988, 21.025698 ], [ 105.8620378, 21.0248247 ], [ 105.86210149999998, 21.0246067 ], [ 105.8607254, 21.0240373 ], [ 105.8598823, 21.0218612 ], [ 105.862065, 21.0195265 ], [ 105.861804899999981, 21.0185343 ], [ 105.8597317, 21.0187694 ], [ 105.8583461, 21.0169388 ], [ 105.859686499999981, 21.014865 ], [ 105.8629557, 21.0148415 ], [ 105.8630931, 21.0148756 ], [ 105.8634656, 21.0149609 ], [ 105.8637369, 21.0118001 ], [ 105.862713899999989, 21.01172 ], [ 105.8614453, 21.0088242 ], [ 105.8606927, 21.0086974 ], [ 105.8606679, 21.0091734 ], [ 105.8599639, 21.0106306 ], [ 105.8564286, 21.0105414 ], [ 105.8555713, 21.0090207 ], [ 105.8546881, 21.0087332 ], [ 105.85227949999998, 21.0069421 ], [ 105.8511028, 21.0049339 ], [ 105.8486125, 21.0062745 ], [ 105.8472555, 21.006807 ], [ 105.8449471, 21.0079814 ], [ 105.841200599999979, 21.0103061 ], [ 105.84115509999998, 21.010313 ], [ 105.8410532, 21.0107455 ], [ 105.841156, 21.0107456 ], [ 105.8413476, 21.010746 ], [ 105.8463087, 21.0126788 ], [ 105.846647899999979, 21.0134641 ], [ 105.847263, 21.0153508 ], [ 105.846956799999987, 21.0171098 ], [ 105.844269199999985, 21.017305 ], [ 105.8435857, 21.0172651 ], [ 105.8424924, 21.0173642 ], [ 105.8414099, 21.0174645 ], [ 105.8394154, 21.0189573 ], [ 105.8372522, 21.018501 ], [ 105.833795699999982, 21.0192431 ], [ 105.8338068, 21.0193064 ], [ 105.8350263, 21.0211537 ], [ 105.8368905, 21.022215 ], [ 105.8376116, 21.0232408 ], [ 105.8380997, 21.0259862 ], [ 105.8357768, 21.0272036 ], [ 105.83421460000001, 21.0259824 ], [ 105.8330833, 21.0252794 ], [ 105.8330075, 21.0253066 ], [ 105.832603, 21.0262411 ], [ 105.8318088, 21.0286941 ], [ 105.831823799999981, 21.0287574 ], [ 105.8319699, 21.029207 ], [ 105.831555699999981, 21.0325215 ], [ 105.8314281, 21.0326715 ] ] ] } },
{ "type": "Feature", "properties": { "threshold_s": 900, "time_label": "15 min drive" }, "geometry": { "type": "Polygon", "coordinates": [ [ [ 105.820920199999989, 21.0323015 ], [ 105.821467899999988, 21.0351968 ], [ 105.8259982, 21.0359947 ], [ 105.828665499999985, 21.0395817 ], [ 105.8351095, 21.0426739 ], [ 105.8363039, 21.0440074 ], [ 105.8418845, 21.0488831 ], [ 105.848446, 21.0470645 ], [ 105.8492648, 21.0462351 ], [ 105.8532054, 21.0410502 ], [ 105.8559408, 21.0375631 ], [ 105.859561899999989, 21.032523 ], [ 105.861271699999989, 21.0304235 ], [ 105.86210149999998, 21.0246067 ], [ 105.864448899999985, 21.0179396 ], [ 105.865231599999987, 21.0153725 ], [ 105.8680303, 21.0100022 ], [ 105.8697744, 21.0049515 ], [ 105.8695525, 21.0034661 ], [ 105.8667825, 21.002999 ], [ 105.8622047, 20.9984039 ], [ 105.861793, 20.9982791 ], [ 105.858854799999989, 21.0009864 ], [ 105.8528731, 20.9978553 ], [ 105.849826799999988, 20.9953234 ], [ 105.849362299999981, 20.99538 ], [ 105.845898599999984, 20.9972633 ], [ 105.8411437, 20.998282 ], [ 105.8360473, 21.0034138 ], [ 105.83372, 21.0082579 ], [ 105.8285938, 21.0125027 ], [ 105.827148, 21.0133393 ], [ 105.8268687, 21.0134918 ], [ 105.8241401, 21.0179988 ], [ 105.823404399999987, 21.0199662 ], [ 105.822719, 21.021974 ], [ 105.8228313, 21.0222185 ], [ 105.822679, 21.0300568 ], [ 105.82168369999998, 21.0311603 ], [ 105.820920199999989, 21.0323015 ] ] ] } },
{ "type": "Feature", "properties": { "threshold_s": 300, "time_label": "5 min drive" }, "geometry": { "type": "Polygon", "coordinates": [ [ [ 105.845568499999985, 21.0405007 ], [ 105.8452169, 21.0406891 ], [ 105.8474489, 21.040873 ], [ 105.8482846, 21.041106 ], [ 105.8499291, 21.0406957 ], [ 105.8502396, 21.0404039 ], [ 105.851149600000014, 21.0394834 ], [ 105.8505999, 21.0381423 ], [ 105.8525179, 21.0367986 ], [ 105.853296899999989, 21.0369383 ], [ 105.8542072, 21.0356567 ], [ 105.8546223, 21.0348472 ], [ 105.8559161, 21.032665 ], [ 105.8564395, 21.0315136 ], [ 105.8565198, 21.0313238 ], [ 105.855826199999981, 21.0312919 ], [ 105.8545659, 21.0314536 ], [ 105.8539092, 21.0313985 ], [ 105.853331499999982, 21.0313059 ], [ 105.8510791, 21.0304701 ], [ 105.8511617, 21.0278966 ], [ 105.851678599999985, 21.0259447 ], [ 105.8532351, 21.0254925 ], [ 105.851322199999984, 21.0247186 ], [ 105.849699099999981, 21.0251837 ], [ 105.8474105, 21.0258729 ], [ 105.846901399999979, 21.0243922 ], [ 105.8451257, 21.0249069 ], [ 105.8432716, 21.0254436 ], [ 105.8414982, 21.0259455 ], [ 105.8402245, 21.0273746 ], [ 105.839164299999979, 21.0281474 ], [ 105.8415837, 21.0296129 ], [ 105.8403743, 21.0308374 ], [ 105.8403466, 21.0314387 ], [ 105.840682299999983, 21.0328473 ], [ 105.843290199999984, 21.0323602 ], [ 105.8447768, 21.0340917 ], [ 105.8449379, 21.0348636 ], [ 105.845924, 21.0356714 ], [ 105.8454918, 21.0375308 ], [ 105.8467549, 21.0397937 ], [ 105.845568499999985, 21.0405007 ] ] ] } },
{ "type": "Feature", "properties": { "threshold_s": 600, "time_label": "10 min drive" }, "geometry": { "type": "Polygon", "coordinates": [ [ [ 105.8358527, 21.042708 ], [ 105.8351095, 21.0426739 ], [ 105.8363039, 21.0440074 ], [ 105.838064499999987, 21.0427637 ], [ 105.8401771, 21.0433484 ], [ 105.840307699999983, 21.0458038 ], [ 105.84031760000002, 21.0464223 ], [ 105.8407961, 21.0470259 ], [ 105.841621, 21.0476337 ], [ 105.8420736, 21.0478426 ], [ 105.8438635, 21.0467884 ], [ 105.8464956, 21.0461629 ], [ 105.8492648, 21.0462351 ], [ 105.850106499999981, 21.0449387 ], [ 105.8513591, 21.04259 ], [ 105.8532054, 21.0410502 ], [ 105.8552544, 21.038343 ], [ 105.8559408, 21.0375631 ], [ 105.8559647, 21.0363109 ], [ 105.8580411, 21.033791 ], [ 105.8588286, 21.0330955 ], [ 105.859561899999989, 21.032523 ], [ 105.861271699999989, 21.0304235 ], [ 105.8613337, 21.0288933 ], [ 105.861773199999988, 21.025698 ], [ 105.8620378, 21.0248247 ], [ 105.86210149999998, 21.0246067 ], [ 105.8598823, 21.0218612 ], [ 105.8597317, 21.0187694 ], [ 105.8584719, 21.0179013 ], [ 105.8556233, 21.0172861 ], [ 105.8540474, 21.0169953 ], [ 105.8535531, 21.0169105 ], [ 105.850418, 21.0151848 ], [ 105.8483814, 21.0152195 ], [ 105.847806599999984, 21.0152294 ], [ 105.847263, 21.0153508 ], [ 105.844269199999985, 21.017305 ], [ 105.8435857, 21.0172651 ], [ 105.8424924, 21.0173642 ], [ 105.8414099, 21.0174645 ], [ 105.8394154, 21.0189573 ], [ 105.8372522, 21.018501 ], [ 105.8350263, 21.0211537 ], [ 105.8368905, 21.022215 ], [ 105.8376116, 21.0232408 ], [ 105.834960599999988, 21.0252216 ], [ 105.8337883, 21.0250219 ], [ 105.8330833, 21.0252794 ], [ 105.8330075, 21.0253066 ], [ 105.8315616, 21.0258355 ], [ 105.8318917, 21.0265264 ], [ 105.8299453, 21.0290504 ], [ 105.829247399999986, 21.0323773 ], [ 105.8292725, 21.0326242 ], [ 105.8317055, 21.0344357 ], [ 105.83272119999998, 21.034424 ], [ 105.833620399999987, 21.0342652 ], [ 105.8363518, 21.0356501 ], [ 105.837023599999981, 21.0388764 ], [ 105.838000199999982, 21.0413454 ], [ 105.8358527, 21.042708 ] ] ] } },
{ "type": "Feature", "properties": { "threshold_s": 900, "time_label": "15 min drive" }, "geometry": { "type": "Polygon", "coordinates": [ [ [ 105.835914299999985, 21.0526278 ], [ 105.8359029, 21.0567171 ], [ 105.835981499999988, 21.0567613 ], [ 105.8363703, 21.0569683 ], [ 105.8414778, 21.056495 ], [ 105.8443236, 21.0542526 ], [ 105.8481324, 21.0481674 ], [ 105.8492648, 21.0462351 ], [ 105.850106499999981, 21.0449387 ], [ 105.8532054, 21.0410502 ], [ 105.8539648, 21.0399026 ], [ 105.8552544, 21.038343 ], [ 105.8559408, 21.0375631 ], [ 105.8654306, 21.0378592 ], [ 105.8652272, 21.0404883 ], [ 105.8645302, 21.0425052 ], [ 105.865307, 21.0433171 ], [ 105.865444, 21.0433917 ], [ 105.86995349999998, 21.0417416 ], [ 105.8700365, 21.0416674 ], [ 105.8704177, 21.0367973 ], [ 105.8682662, 21.0353155 ], [ 105.8613337, 21.0288933 ], [ 105.861773199999988, 21.025698 ], [ 105.8620378, 21.0248247 ], [ 105.86210149999998, 21.0246067 ], [ 105.863899, 21.018973 ], [ 105.864448899999985, 21.0179396 ], [ 105.865231599999987, 21.0153725 ], [ 105.8655468, 21.0144409 ], [ 105.8651145, 21.0118483 ], [ 105.8644658, 21.0103583 ], [ 105.8614453, 21.0088242 ], [ 105.8606927, 21.0086974 ], [ 105.8555713, 21.0090207 ], [ 105.8511028, 21.0049339 ], [ 105.8486125, 21.0062745 ], [ 105.8413113, 21.0063215 ], [ 105.838181099999986, 21.0097637 ], [ 105.8372522, 21.018501 ], [ 105.8309465, 21.0170993 ], [ 105.8285669, 21.0146561 ], [ 105.827412899999985, 21.0152724 ], [ 105.824664799999979, 21.021128 ], [ 105.822770899999981, 21.0267136 ], [ 105.8182347, 21.0306756 ], [ 105.818209, 21.0308137 ], [ 105.820262, 21.0352954 ], [ 105.8247218, 21.0424488 ], [ 105.8285905, 21.0410636 ], [ 105.8363039, 21.0440074 ], [ 105.835914299999985, 21.0526278 ] ] ] } },
{ "type": "Feature", "properties": { "threshold_s": 300, "time_label": "5 min drive" }, "geometry": { "type": "Polygon", "coordinates": [ [ [ 105.8471661, 21.0403179 ], [ 105.8474489, 21.040873 ], [ 105.849021, 21.0420414 ], [ 105.8491672, 21.0420917 ], [ 105.849774, 21.0421874 ], [ 105.849854599999986, 21.0420923 ], [ 105.8499976, 21.0419116 ], [ 105.850356799999986, 21.0411413 ], [ 105.8532054, 21.0410502 ], [ 105.8539648, 21.0399026 ], [ 105.8552544, 21.038343 ], [ 105.8559408, 21.0375631 ], [ 105.8559647, 21.0363109 ], [ 105.856505, 21.0347543 ], [ 105.8588286, 21.0330955 ], [ 105.859561899999989, 21.032523 ], [ 105.8598143, 21.0299614 ], [ 105.8581333, 21.0279368 ], [ 105.8573312, 21.0277371 ], [ 105.8555511, 21.0261522 ], [ 105.8558255, 21.0270181 ], [ 105.853811899999982, 21.0288128 ], [ 105.853889, 21.0303709 ], [ 105.8510791, 21.0304701 ], [ 105.850585599999988, 21.0291892 ], [ 105.8501894, 21.0298974 ], [ 105.8474725, 21.0304548 ], [ 105.846568, 21.0299584 ], [ 105.845064, 21.0313485 ], [ 105.8447768, 21.0340917 ], [ 105.8449379, 21.0348636 ], [ 105.8454918, 21.0375308 ], [ 105.8471313, 21.0386835 ], [ 105.8471764, 21.0398976 ], [ 105.8471661, 21.0403179 ] ] ] } },
{ "type": "Feature", "properties": { "threshold_s": 600, "time_label": "10 min drive" }, "geometry": { "type": "Polygon", "coordinates": [ [ [ 105.84031760000002, 21.0464223 ], [ 105.841624, 21.0490301 ], [ 105.8481324, 21.0481674 ], [ 105.8492648, 21.0462351 ], [ 105.8532054, 21.0410502 ], [ 105.8559408, 21.0375631 ], [ 105.859561899999989, 21.032523 ], [ 105.861271699999989, 21.0304235 ], [ 105.86210149999998, 21.0246067 ], [ 105.862065, 21.0195265 ], [ 105.861804899999981, 21.0185343 ], [ 105.8583461, 21.0169388 ], [ 105.8529519, 21.0168194 ], [ 105.852265299999985, 21.0168092 ], [ 105.8493412, 21.0187503 ], [ 105.8487625, 21.0198448 ], [ 105.845411900000016, 21.0229745 ], [ 105.8427541, 21.0238309 ], [ 105.8395402, 21.0242642 ], [ 105.8380997, 21.0259862 ], [ 105.8364437, 21.0287371 ], [ 105.837117299999989, 21.0314635 ], [ 105.838055199999985, 21.0334157 ], [ 105.8381949, 21.0336649 ], [ 105.8396991, 21.038879 ], [ 105.838000199999982, 21.0413454 ], [ 105.8359577, 21.042714 ], [ 105.84031760000002, 21.0464223 ] ] ] } },
{ "type": "Feature", "properties": { "threshold_s": 900, "time_label": "15 min drive" }, "geometry": { "type": "Polygon", "coordinates": [ [ [ 105.835914299999985, 21.0526278 ], [ 105.8350074, 21.0583501 ], [ 105.83505959999998, 21.0583942 ], [ 105.8412143, 21.0575768 ], [ 105.8431225, 21.0562568 ], [ 105.843301, 21.055945 ], [ 105.8443236, 21.0542526 ], [ 105.8481324, 21.0481674 ], [ 105.8492648, 21.0462351 ], [ 105.850106499999981, 21.0449387 ], [ 105.8532054, 21.0410502 ], [ 105.8539648, 21.0399026 ], [ 105.8552544, 21.038343 ], [ 105.8645302, 21.0425052 ], [ 105.8645845, 21.0429123 ], [ 105.8644483, 21.0456788 ], [ 105.8652837, 21.0475541 ], [ 105.865604499999989, 21.0475113 ], [ 105.8719968, 21.0457875 ], [ 105.8746437, 21.0450437 ], [ 105.8747244, 21.0448806 ], [ 105.8736422, 21.0365277 ], [ 105.8742088, 21.0341147 ], [ 105.871597699999981, 21.0321959 ], [ 105.8708742, 21.0315621 ], [ 105.87011769999998, 21.0316959 ], [ 105.861773199999988, 21.025698 ], [ 105.8620378, 21.0248247 ], [ 105.86210149999998, 21.0246067 ], [ 105.863899, 21.018973 ], [ 105.864448899999985, 21.0179396 ], [ 105.865231599999987, 21.0153725 ], [ 105.8655468, 21.0144409 ], [ 105.8657318, 21.0120932 ], [ 105.866515899999982, 21.0078988 ], [ 105.860795, 21.0076553 ], [ 105.8506448, 21.0078411 ], [ 105.848933099999982, 21.008593 ], [ 105.8485991, 21.0091879 ], [ 105.8463087, 21.0126788 ], [ 105.8414099, 21.0174645 ], [ 105.8372522, 21.018501 ], [ 105.833795699999982, 21.0192431 ], [ 105.8276909, 21.0268084 ], [ 105.8269642, 21.0320424 ], [ 105.8257707, 21.041239 ], [ 105.826639699999987, 21.0413859 ], [ 105.8285905, 21.0410636 ], [ 105.8363039, 21.0440074 ], [ 105.835914299999985, 21.0526278 ] ] ] } },
{ "type": "Feature", "properties": { "threshold_s": 300, "time_label": "5 min drive" }, "geometry": { "type": "Polygon", "coordinates": [ [ [ 105.8366268, 21.0336787 ], [ 105.836976299999989, 21.0349265 ], [ 105.8381949, 21.0336649 ], [ 105.840804, 21.0342079 ], [ 105.840904899999984, 21.0341906 ], [ 105.840682299999983, 21.0328473 ], [ 105.843290199999984, 21.0323602 ], [ 105.8447768, 21.0340917 ], [ 105.8449379, 21.0348636 ], [ 105.846130299999984, 21.0366717 ], [ 105.8462821, 21.0373809 ], [ 105.8478139, 21.0366504 ], [ 105.848386, 21.0361504 ], [ 105.8482524, 21.0353972 ], [ 105.848156599999982, 21.0348966 ], [ 105.850261500000016, 21.0331052 ], [ 105.8507011, 21.0323117 ], [ 105.8501894, 21.0298974 ], [ 105.847795099999985, 21.0291543 ], [ 105.847791199999989, 21.0281196 ], [ 105.847790500000016, 21.0270442 ], [ 105.850098599999981, 21.0263959 ], [ 105.851322199999984, 21.0247186 ], [ 105.8491985, 21.0237053 ], [ 105.848836100000014, 21.0227009 ], [ 105.8486244, 21.0220391 ], [ 105.8463276, 21.0227121 ], [ 105.845411900000016, 21.0229745 ], [ 105.84309709999998, 21.021558 ], [ 105.841418299999987, 21.0206551 ], [ 105.8414355, 21.021993 ], [ 105.841464500000015, 21.024215 ], [ 105.8395402, 21.0242642 ], [ 105.8392509, 21.024602 ], [ 105.8380997, 21.0259862 ], [ 105.8357768, 21.0272036 ], [ 105.8361111, 21.0279427 ], [ 105.836006399999988, 21.0304587 ], [ 105.836268899999979, 21.0316267 ], [ 105.8366268, 21.0336787 ] ] ] } },
{ "type": "Feature", "properties": { "threshold_s": 600, "time_label": "10 min drive" }, "geometry": { "type": "Polygon", "coordinates": [ [ [ 105.8267433, 21.0343099 ], [ 105.8273644, 21.0362036 ], [ 105.8282168, 21.0361744 ], [ 105.8317055, 21.0344357 ], [ 105.83272119999998, 21.034424 ], [ 105.8363518, 21.0356501 ], [ 105.837023599999981, 21.0388764 ], [ 105.836188, 21.041554 ], [ 105.8351095, 21.0426739 ], [ 105.8358527, 21.042708 ], [ 105.8359577, 21.042714 ], [ 105.836316, 21.042721 ], [ 105.838064499999987, 21.0427637 ], [ 105.84105959999998, 21.044674 ], [ 105.8418049, 21.0450949 ], [ 105.843328099999979, 21.0455598 ], [ 105.846347699999981, 21.0444049 ], [ 105.849774, 21.0421874 ], [ 105.849854599999986, 21.0420923 ], [ 105.8499976, 21.0419116 ], [ 105.8513909, 21.04004 ], [ 105.8552544, 21.038343 ], [ 105.855808, 21.0348872 ], [ 105.8588286, 21.0330955 ], [ 105.859561899999989, 21.032523 ], [ 105.8598143, 21.0299614 ], [ 105.859122499999984, 21.0260143 ], [ 105.8600125, 21.0249853 ], [ 105.8607254, 21.0240373 ], [ 105.8598823, 21.0218612 ], [ 105.8597317, 21.0187694 ], [ 105.8575245, 21.0165817 ], [ 105.856344399999983, 21.0159717 ], [ 105.855307499999981, 21.0154971 ], [ 105.853255, 21.0147894 ], [ 105.8510471, 21.0135674 ], [ 105.849117899999982, 21.0124376 ], [ 105.8463087, 21.0126788 ], [ 105.841200599999979, 21.0103061 ], [ 105.84115509999998, 21.010313 ], [ 105.8410532, 21.0107455 ], [ 105.841156, 21.0107456 ], [ 105.8413476, 21.010746 ], [ 105.8435857, 21.0172651 ], [ 105.8424924, 21.0173642 ], [ 105.8414099, 21.0174645 ], [ 105.8372522, 21.018501 ], [ 105.833795699999982, 21.0192431 ], [ 105.8301962, 21.0189764 ], [ 105.830306599999986, 21.01926 ], [ 105.8306589, 21.0202038 ], [ 105.8301057, 21.0241313 ], [ 105.827367, 21.0251872 ], [ 105.827208899999988, 21.0252373 ], [ 105.827496, 21.0262322 ], [ 105.8261858, 21.0299931 ], [ 105.8256498, 21.031761 ], [ 105.8256225, 21.0318746 ], [ 105.8267433, 21.0343099 ] ] ] } },
{ "type": "Feature", "properties": { "threshold_s": 900, "time_label": "15 min drive" }, "geometry": { "type": "Polygon", "coordinates": [ [ [ 105.81288859999998, 21.0314836 ], [ 105.8145478, 21.0373863 ], [ 105.8152145, 21.0374458 ], [ 105.8173165, 21.0373304 ], [ 105.8247218, 21.0424488 ], [ 105.8285905, 21.0410636 ], [ 105.8363039, 21.0440074 ], [ 105.838508299999987, 21.0487951 ], [ 105.838671, 21.0522312 ], [ 105.8394795, 21.0549056 ], [ 105.8426652, 21.053922 ], [ 105.843899099999987, 21.0532614 ], [ 105.8481324, 21.0481674 ], [ 105.8532054, 21.0410502 ], [ 105.8559408, 21.0375631 ], [ 105.861271699999989, 21.0304235 ], [ 105.86210149999998, 21.0246067 ], [ 105.864448899999985, 21.0179396 ], [ 105.8655468, 21.0144409 ], [ 105.865340099999983, 21.0119355 ], [ 105.864910599999988, 21.0110211 ], [ 105.8644658, 21.0103583 ], [ 105.8628271, 21.0086717 ], [ 105.860888599999981, 21.006907 ], [ 105.8546658, 21.0067839 ], [ 105.851024099999989, 21.0031371 ], [ 105.850875299999984, 21.002847 ], [ 105.84689849999998, 21.0038539 ], [ 105.84123, 21.0008729 ], [ 105.837045499999988, 21.0036744 ], [ 105.8346042, 21.0089868 ], [ 105.8281555, 21.0107348 ], [ 105.8249361, 21.010282 ], [ 105.8222877, 21.0162242 ], [ 105.819080499999984, 21.0224513 ], [ 105.818984799999981, 21.0231983 ], [ 105.8164399, 21.0296201 ], [ 105.813433900000021, 21.0311917 ], [ 105.813089, 21.0312839 ], [ 105.81288859999998, 21.0314836 ] ] ] } },
{ "type": "Feature", "properties": { "threshold_s": 300, "time_label": "5 min drive" }, "geometry": { "type": "Polygon", "coordinates": [ [ [ 105.8481044, 21.0392503 ], [ 105.8477713, 21.0400597 ], [ 105.849651, 21.0397493 ], [ 105.8505606, 21.0383929 ], [ 105.8505999, 21.0381423 ], [ 105.850764, 21.0370967 ], [ 105.8525179, 21.0367986 ], [ 105.853116, 21.0377241 ], [ 105.854314099999982, 21.0377085 ], [ 105.853879400000011, 21.0368754 ], [ 105.8550415, 21.0355011 ], [ 105.855808, 21.0348872 ], [ 105.8567919, 21.0336774 ], [ 105.8588286, 21.0330955 ], [ 105.859561899999989, 21.032523 ], [ 105.858440299999984, 21.031784 ], [ 105.858137099999979, 21.0313081 ], [ 105.8598143, 21.0299614 ], [ 105.8583197, 21.0293284 ], [ 105.8581333, 21.0279368 ], [ 105.8573312, 21.0277371 ], [ 105.8564625, 21.025904 ], [ 105.8553119, 21.0254087 ], [ 105.8555511, 21.0261522 ], [ 105.8558255, 21.0270181 ], [ 105.8559552, 21.0275369 ], [ 105.855437800000018, 21.0289498 ], [ 105.853811899999982, 21.0288128 ], [ 105.851678599999985, 21.0259447 ], [ 105.8511617, 21.0278966 ], [ 105.8495631, 21.0288558 ], [ 105.8494419, 21.0291799 ], [ 105.8491746, 21.029779 ], [ 105.8474725, 21.0304548 ], [ 105.846568, 21.0299584 ], [ 105.845974500000011, 21.0317052 ], [ 105.8455033, 21.033579 ], [ 105.8449379, 21.0348636 ], [ 105.846130299999984, 21.0366717 ], [ 105.8479192, 21.0377886 ], [ 105.8481044, 21.0392503 ] ] ] } },
{ "type": "Feature", "properties": { "threshold_s": 600, "time_label": "10 min drive" }, "geometry": { "type": "Polygon", "coordinates": [ [ [ 105.84, 21.0410016 ], [ 105.838064499999987, 21.0427637 ], [ 105.8401771, 21.0433484 ], [ 105.8409974, 21.0454008 ], [ 105.842097, 21.0463187 ], [ 105.842786799999985, 21.04652 ], [ 105.8438635, 21.0467884 ], [ 105.8464868, 21.045385 ], [ 105.8475641, 21.0457311 ], [ 105.8492648, 21.0462351 ], [ 105.850106499999981, 21.0449387 ], [ 105.8513591, 21.04259 ], [ 105.8532054, 21.0410502 ], [ 105.8552544, 21.038343 ], [ 105.8559408, 21.0375631 ], [ 105.8559647, 21.0363109 ], [ 105.8580411, 21.033791 ], [ 105.8588286, 21.0330955 ], [ 105.859561899999989, 21.032523 ], [ 105.861271699999989, 21.0304235 ], [ 105.8613337, 21.0288933 ], [ 105.861773199999988, 21.025698 ], [ 105.8620378, 21.0248247 ], [ 105.86210149999998, 21.0246067 ], [ 105.8607254, 21.0240373 ], [ 105.8598823, 21.0218612 ], [ 105.862065, 21.0195265 ], [ 105.861804899999981, 21.0185343 ], [ 105.8597317, 21.0187694 ], [ 105.8583461, 21.0169388 ], [ 105.8575245, 21.0165817 ], [ 105.855323499999983, 21.0172067 ], [ 105.8531376, 21.0152821 ], [ 105.850354399999986, 21.0169123 ], [ 105.8498371, 21.0169606 ], [ 105.849252299999989, 21.0169984 ], [ 105.8484518, 21.0170395 ], [ 105.8478307, 21.0170696 ], [ 105.8474562, 21.0183772 ], [ 105.845936099999989, 21.020136 ], [ 105.8461235, 21.0206578 ], [ 105.845411900000016, 21.0229745 ], [ 105.8427541, 21.0238309 ], [ 105.8414355, 21.021993 ], [ 105.8395402, 21.0242642 ], [ 105.8392509, 21.024602 ], [ 105.8380997, 21.0259862 ], [ 105.8361111, 21.0279427 ], [ 105.8364437, 21.0287371 ], [ 105.836268899999979, 21.0316267 ], [ 105.837565, 21.033506 ], [ 105.8381949, 21.0336649 ], [ 105.840804, 21.0342079 ], [ 105.840904899999984, 21.0341906 ], [ 105.843290199999984, 21.0323602 ], [ 105.8447768, 21.0340917 ], [ 105.8449379, 21.0348636 ], [ 105.8454918, 21.0375308 ], [ 105.843830299999979, 21.0403251 ], [ 105.8420285, 21.0406404 ], [ 105.841936899999979, 21.0406599 ], [ 105.8410772, 21.0408157 ], [ 105.840077, 21.0409934 ], [ 105.84, 21.0410016 ] ] ] } },
{ "type": "Feature", "properties": { "threshold_s": 900, "time_label": "15 min drive" }, "geometry": { "type": "Polygon", "coordinates": [ [ [ 105.837166, 21.0521616 ], [ 105.8394795, 21.0549056 ], [ 105.839774399999982, 21.0550947 ], [ 105.8426652, 21.053922 ], [ 105.844046, 21.0533014 ], [ 105.8481324, 21.0481674 ], [ 105.8492648, 21.0462351 ], [ 105.850106499999981, 21.0449387 ], [ 105.8532054, 21.0410502 ], [ 105.8539648, 21.0399026 ], [ 105.8645302, 21.0425052 ], [ 105.8645845, 21.0429123 ], [ 105.8644483, 21.0456788 ], [ 105.8652837, 21.0475541 ], [ 105.865604499999989, 21.0475113 ], [ 105.8719968, 21.0457875 ], [ 105.8746437, 21.0450437 ], [ 105.8736422, 21.0365277 ], [ 105.8742088, 21.0341147 ], [ 105.8708742, 21.0315621 ], [ 105.87011769999998, 21.0316959 ], [ 105.8620378, 21.0248247 ], [ 105.86210149999998, 21.0246067 ], [ 105.863899, 21.018973 ], [ 105.864448899999985, 21.0179396 ], [ 105.865231599999987, 21.0153725 ], [ 105.8655468, 21.0144409 ], [ 105.8657318, 21.0120932 ], [ 105.866515899999982, 21.0078988 ], [ 105.860795, 21.0076553 ], [ 105.8512375, 21.0063684 ], [ 105.8506003, 21.0064369 ], [ 105.8449471, 21.0079814 ], [ 105.8414099, 21.0174645 ], [ 105.8372522, 21.018501 ], [ 105.833795699999982, 21.0192431 ], [ 105.830986, 21.0208954 ], [ 105.827496, 21.0262322 ], [ 105.8256498, 21.031761 ], [ 105.8256225, 21.0318746 ], [ 105.8285905, 21.0410636 ], [ 105.8363039, 21.0440074 ], [ 105.837166, 21.0521616 ] ] ] } },
{ "type": "Feature", "properties": { "threshold_s": 300, "time_label": "5 min drive" }, "geometry": { "type": "Polygon", "coordinates": [ [ [ 105.820170899999979, 21.0338372 ], [ 105.8178814, 21.0355613 ], [ 105.821467899999988, 21.0351968 ], [ 105.8227084, 21.0314793 ], [ 105.8256225, 21.0318746 ], [ 105.8267433, 21.0343099 ], [ 105.8271558, 21.0347458 ], [ 105.82998929999998, 21.0333873 ], [ 105.833620399999987, 21.0342652 ], [ 105.8341838, 21.0320229 ], [ 105.8360782, 21.0304375 ], [ 105.835208699999981, 21.0291554 ], [ 105.833606499999988, 21.0295805 ], [ 105.8299453, 21.0290504 ], [ 105.8278032, 21.0265949 ], [ 105.827719699999989, 21.0263735 ], [ 105.827496, 21.0262322 ], [ 105.823184399999988, 21.0262688 ], [ 105.8218675, 21.0254096 ], [ 105.822013199999986, 21.0260265 ], [ 105.8211359, 21.0291565 ], [ 105.8182347, 21.0306756 ], [ 105.818209, 21.0308137 ], [ 105.820170899999979, 21.0338372 ] ] ] } },
{ "type": "Feature", "properties": { "threshold_s": 600, "time_label": "10 min drive" }, "geometry": { "type": "Polygon", "coordinates": [ [ [ 105.809536300000019, 21.03226 ], [ 105.807138199999983, 21.0377298 ], [ 105.813010599999984, 21.0408524 ], [ 105.817391, 21.0446957 ], [ 105.8185603, 21.0434901 ], [ 105.8226508, 21.039099 ], [ 105.828665499999985, 21.0395817 ], [ 105.83272119999998, 21.034424 ], [ 105.837023599999981, 21.0388764 ], [ 105.8397245, 21.0384477 ], [ 105.840904899999984, 21.0341906 ], [ 105.843290199999984, 21.0323602 ], [ 105.8447427, 21.0299832 ], [ 105.845615399999986, 21.0263771 ], [ 105.841464500000015, 21.024215 ], [ 105.8376116, 21.0232408 ], [ 105.83131659999998, 21.0214207 ], [ 105.8310544, 21.0208665 ], [ 105.8307261, 21.0201732 ], [ 105.8295901, 21.0181958 ], [ 105.823222700000017, 21.0165348 ], [ 105.8184616, 21.0191027 ], [ 105.815723, 21.0176486 ], [ 105.815482799999984, 21.0174024 ], [ 105.8151083, 21.0170014 ], [ 105.81414, 21.0205494 ], [ 105.814029199999979, 21.0226909 ], [ 105.8106065, 21.0265398 ], [ 105.809536300000019, 21.03226 ] ] ] } },
{ "type": "Feature", "properties": { "threshold_s": 900, "time_label": "15 min drive" }, "geometry": { "type": "Polygon", "coordinates": [ [ [ 105.8050187, 21.0461308 ], [ 105.8054116, 21.0477331 ], [ 105.8064247, 21.0486989 ], [ 105.813290599999988, 21.0506848 ], [ 105.817391, 21.0446957 ], [ 105.823222, 21.0436032 ], [ 105.8251749, 21.0431721 ], [ 105.8285905, 21.0410636 ], [ 105.8351095, 21.0426739 ], [ 105.8363039, 21.0440074 ], [ 105.8407961, 21.0470259 ], [ 105.841621, 21.0476337 ], [ 105.8436785, 21.046633 ], [ 105.845941399999987, 21.0443697 ], [ 105.8485616, 21.0402888 ], [ 105.850764, 21.0370967 ], [ 105.8538341, 21.0321923 ], [ 105.8551509, 21.0249161 ], [ 105.8556889, 21.0242229 ], [ 105.85545, 21.0235114 ], [ 105.8549505, 21.0220242 ], [ 105.8529539, 21.0192862 ], [ 105.8505078, 21.0185114 ], [ 105.846956799999987, 21.0171098 ], [ 105.844269199999985, 21.017305 ], [ 105.8435857, 21.0172651 ], [ 105.8424924, 21.0173642 ], [ 105.837249299999982, 21.0115377 ], [ 105.837206699999982, 21.0107817 ], [ 105.836551, 21.0105942 ], [ 105.831019899999987, 21.0103229 ], [ 105.823920700000016, 21.0085522 ], [ 105.8187493, 21.0100776 ], [ 105.813758799999988, 21.009105 ], [ 105.809325499999986, 21.0087365 ], [ 105.8082128, 21.0128887 ], [ 105.8065127, 21.0169883 ], [ 105.8027521, 21.023295 ], [ 105.799534799999989, 21.0277085 ], [ 105.80046440000001, 21.0310117 ], [ 105.801661, 21.0366779 ], [ 105.7976007, 21.0389683 ], [ 105.7975949, 21.0390553 ], [ 105.797752399999979, 21.0395686 ], [ 105.802945599999987, 21.0401025 ], [ 105.8050187, 21.0461308 ] ] ] } },
{ "type": "Feature", "properties": { "threshold_s": 300, "time_label": "5 min drive" }, "geometry": { "type": "Polygon", "coordinates": [ [ [ 105.846418699999987, 21.0246672 ], [ 105.8474105, 21.0258729 ], [ 105.846901399999979, 21.0243922 ], [ 105.8463276, 21.0227121 ], [ 105.846486, 21.0216764 ], [ 105.8486244, 21.0220391 ], [ 105.848836100000014, 21.0227009 ], [ 105.8491985, 21.0237053 ], [ 105.849699099999981, 21.0251837 ], [ 105.850098599999981, 21.0263959 ], [ 105.8502936, 21.0269683 ], [ 105.853811899999982, 21.0288128 ], [ 105.8536648, 21.0278918 ], [ 105.8535709, 21.0273332 ], [ 105.8545573, 21.025672 ], [ 105.8564625, 21.025904 ], [ 105.857814499999989, 21.0261832 ], [ 105.8592416, 21.0249399 ], [ 105.859451399999983, 21.0232707 ], [ 105.8597332, 21.0223358 ], [ 105.8580477, 21.0211556 ], [ 105.857780299999988, 21.0199268 ], [ 105.8587079, 21.019044 ], [ 105.86021839999998, 21.0190576 ], [ 105.861804899999981, 21.0185343 ], [ 105.8597317, 21.0187694 ], [ 105.858891499999984, 21.0183814 ], [ 105.8583461, 21.0169388 ], [ 105.8575245, 21.0165817 ], [ 105.8590371, 21.0147101 ], [ 105.85839679999998, 21.0145685 ], [ 105.8572754, 21.0143557 ], [ 105.8557128, 21.0140975 ], [ 105.854312099999987, 21.0138532 ], [ 105.8530265, 21.0134566 ], [ 105.8510471, 21.0135674 ], [ 105.849888399999983, 21.0152015 ], [ 105.8491983, 21.0152083 ], [ 105.8483814, 21.0152195 ], [ 105.8478307, 21.0170696 ], [ 105.846956799999987, 21.0171098 ], [ 105.8474562, 21.0183772 ], [ 105.845692299999982, 21.0195002 ], [ 105.8447516, 21.0210682 ], [ 105.845411900000016, 21.0229745 ], [ 105.846418699999987, 21.0246672 ] ] ] } },
{ "type": "Feature", "properties": { "threshold_s": 600, "time_label": "10 min drive" }, "geometry": { "type": "Polygon", "coordinates": [ [ [ 105.8364437, 21.0287371 ], [ 105.8391606, 21.0326673 ], [ 105.840682299999983, 21.0328473 ], [ 105.8449379, 21.0348636 ], [ 105.845924, 21.0356714 ], [ 105.8470901, 21.0365581 ], [ 105.8491471, 21.0375518 ], [ 105.853116, 21.0377241 ], [ 105.854314099999982, 21.0377085 ], [ 105.855808, 21.0348872 ], [ 105.8588286, 21.0330955 ], [ 105.859561899999989, 21.032523 ], [ 105.861271699999989, 21.0304235 ], [ 105.8613337, 21.0288933 ], [ 105.86210149999998, 21.0246067 ], [ 105.8598823, 21.0218612 ], [ 105.862065, 21.0195265 ], [ 105.863113399999989, 21.0187844 ], [ 105.864448899999985, 21.0179396 ], [ 105.8655468, 21.0144409 ], [ 105.8657318, 21.0120932 ], [ 105.866515899999982, 21.0078988 ], [ 105.8634401, 21.0082779 ], [ 105.860888599999981, 21.006907 ], [ 105.858652, 21.0085882 ], [ 105.8546658, 21.0067839 ], [ 105.850911399999987, 21.0033616 ], [ 105.8496358, 21.0050672 ], [ 105.8491994, 21.0056317 ], [ 105.8449471, 21.0079814 ], [ 105.8463087, 21.0126788 ], [ 105.846647899999979, 21.0134641 ], [ 105.8435857, 21.0172651 ], [ 105.8424924, 21.0173642 ], [ 105.8414099, 21.0174645 ], [ 105.8372522, 21.018501 ], [ 105.8370701, 21.0188496 ], [ 105.8371473, 21.019088 ], [ 105.8375214, 21.02013 ], [ 105.8395402, 21.0242642 ], [ 105.8380997, 21.0259862 ], [ 105.8364437, 21.0287371 ] ] ] } },
{ "type": "Feature", "properties": { "threshold_s": 900, "time_label": "15 min drive" }, "geometry": { "type": "Polygon", "coordinates": [ [ [ 105.8299453, 21.0290504 ], [ 105.8272654, 21.0322089 ], [ 105.8317055, 21.0344357 ], [ 105.837023599999981, 21.0388764 ], [ 105.840151, 21.0428157 ], [ 105.8415842, 21.0436763 ], [ 105.843057499999986, 21.0443714 ], [ 105.8457522, 21.0453652 ], [ 105.845842799999986, 21.0453855 ], [ 105.8475641, 21.0457311 ], [ 105.850106499999981, 21.0449387 ], [ 105.8532054, 21.0410502 ], [ 105.8559408, 21.0375631 ], [ 105.861271699999989, 21.0304235 ], [ 105.86210149999998, 21.0246067 ], [ 105.864448899999985, 21.0179396 ], [ 105.8680303, 21.0100022 ], [ 105.8697744, 21.0049515 ], [ 105.8742909, 21.0023561 ], [ 105.8713287, 20.9995973 ], [ 105.8711588, 20.9994913 ], [ 105.863252099999983, 20.994348 ], [ 105.8617537, 20.9935302 ], [ 105.8587604, 20.9954104 ], [ 105.8495471, 20.9930515 ], [ 105.8482447, 20.9945419 ], [ 105.84123, 21.0008729 ], [ 105.837045499999988, 21.0036744 ], [ 105.8348066, 21.0091608 ], [ 105.8278801, 21.0150273 ], [ 105.8278134, 21.0150609 ], [ 105.827412899999985, 21.0152724 ], [ 105.8255177, 21.0206878 ], [ 105.8255579, 21.0213209 ], [ 105.8299453, 21.0290504 ] ] ] } },
{ "type": "Feature", "properties": { "threshold_s": 300, "time_label": "5 min drive" }, "geometry": { "type": "Polygon", "coordinates": [ [ [ 105.8301962, 21.0189764 ], [ 105.830306599999986, 21.01926 ], [ 105.834126, 21.0213059 ], [ 105.8376116, 21.0232408 ], [ 105.8395402, 21.0242642 ], [ 105.8414982, 21.0259455 ], [ 105.8437592, 21.0269191 ], [ 105.8454267, 21.0257694 ], [ 105.846901399999979, 21.0243922 ], [ 105.8486244, 21.0220391 ], [ 105.8498841, 21.0203782 ], [ 105.8505078, 21.0185114 ], [ 105.8508468, 21.0168556 ], [ 105.8483814, 21.0152195 ], [ 105.847806599999984, 21.0152294 ], [ 105.847263, 21.0153508 ], [ 105.8435857, 21.0172651 ], [ 105.8424924, 21.0173642 ], [ 105.8413476, 21.010746 ], [ 105.8413355, 21.0087937 ], [ 105.8410532, 21.0107455 ], [ 105.841156, 21.0107456 ], [ 105.8414099, 21.0174645 ], [ 105.8372522, 21.018501 ], [ 105.833795699999982, 21.0192431 ], [ 105.8301962, 21.0189764 ] ] ] } },
{ "type": "Feature", "properties": { "threshold_s": 600, "time_label": "10 min drive" }, "geometry": { "type": "Polygon", "coordinates": [ [ [ 105.821496599999989, 21.0200784 ], [ 105.820567399999987, 21.0232275 ], [ 105.8212979, 21.0230519 ], [ 105.8269312, 21.0241688 ], [ 105.827208899999988, 21.0252373 ], [ 105.827496, 21.0262322 ], [ 105.8276909, 21.0268084 ], [ 105.829957599999986, 21.0291222 ], [ 105.8340213, 21.0310333 ], [ 105.8381949, 21.0336649 ], [ 105.840804, 21.0342079 ], [ 105.845924, 21.0356714 ], [ 105.8470504, 21.0355456 ], [ 105.8475795, 21.0354757 ], [ 105.848156599999982, 21.0348966 ], [ 105.8499725, 21.0329804 ], [ 105.850585599999988, 21.0291892 ], [ 105.8536648, 21.0278918 ], [ 105.857244699999981, 21.024476 ], [ 105.8572778, 21.0244341 ], [ 105.8574777, 21.022875 ], [ 105.8577239, 21.0221286 ], [ 105.861804899999981, 21.0185343 ], [ 105.8590371, 21.0147101 ], [ 105.8588168, 21.0120837 ], [ 105.8564442, 21.01151 ], [ 105.853603, 21.0086552 ], [ 105.85227949999998, 21.0069421 ], [ 105.8512375, 21.0063684 ], [ 105.8506003, 21.0064369 ], [ 105.8472555, 21.006807 ], [ 105.8449863, 21.0018106 ], [ 105.8411437, 20.998282 ], [ 105.841148899999979, 20.99853 ], [ 105.8411762, 20.9991422 ], [ 105.84123, 21.0008729 ], [ 105.8360473, 21.0034138 ], [ 105.833435899999984, 21.0080729 ], [ 105.8281555, 21.0107348 ], [ 105.8249361, 21.010282 ], [ 105.824968499999983, 21.0104696 ], [ 105.8250728, 21.0106684 ], [ 105.8254518, 21.0112777 ], [ 105.822892399999986, 21.0162416 ], [ 105.821496599999989, 21.0200784 ] ] ] } },
{ "type": "Feature", "properties": { "threshold_s": 900, "time_label": "15 min drive" }, "geometry": { "type": "Polygon", "coordinates": [ [ [ 105.8196948, 21.0308865 ], [ 105.820920199999989, 21.0323015 ], [ 105.8273127, 21.0355162 ], [ 105.8282168, 21.0361744 ], [ 105.8317055, 21.0344357 ], [ 105.837023599999981, 21.0388764 ], [ 105.836188, 21.041554 ], [ 105.836243199999984, 21.0416562 ], [ 105.8401771, 21.0433484 ], [ 105.843057499999986, 21.0443714 ], [ 105.8456115, 21.0434219 ], [ 105.8482371, 21.042392 ], [ 105.850356799999986, 21.0411413 ], [ 105.8535585, 21.0372254 ], [ 105.853879400000011, 21.0368754 ], [ 105.859561899999989, 21.032523 ], [ 105.8610955, 21.0294989 ], [ 105.86210149999998, 21.0246067 ], [ 105.863113399999989, 21.0187844 ], [ 105.864448899999985, 21.0179396 ], [ 105.8655468, 21.0144409 ], [ 105.866515899999982, 21.0078988 ], [ 105.8617157, 21.0030001 ], [ 105.8612991, 21.0029993 ], [ 105.85866679999998, 21.0027918 ], [ 105.852967899999982, 20.9990684 ], [ 105.849826799999988, 20.9953234 ], [ 105.848337199999989, 20.9935 ], [ 105.8452993, 20.9909589 ], [ 105.843347099999988, 20.9895073 ], [ 105.840982, 20.9879692 ], [ 105.8387067, 20.9891617 ], [ 105.8377968, 20.9908975 ], [ 105.836739699999981, 20.9941109 ], [ 105.836739199999982, 20.9944076 ], [ 105.834289499999983, 20.9991527 ], [ 105.8318828, 20.9997185 ], [ 105.828897699999985, 21.0002704 ], [ 105.8271192, 21.0014607 ], [ 105.820782600000015, 21.0033732 ], [ 105.8182251, 21.0017879 ], [ 105.817900599999987, 21.0043221 ], [ 105.8159375, 21.0105436 ], [ 105.814929899999981, 21.0139064 ], [ 105.8142693, 21.016916 ], [ 105.816100899999981, 21.022873 ], [ 105.8163864, 21.0236247 ], [ 105.8177825, 21.0272186 ], [ 105.8188734, 21.0294725 ], [ 105.8196948, 21.0308865 ] ] ] } },
{ "type": "Feature", "properties": { "threshold_s": 300, "time_label": "5 min drive" }, "geometry": { "type": "Polygon", "coordinates": [ [ [ 105.8519368, 21.0197634 ], [ 105.8522331, 21.0209829 ], [ 105.8533331, 21.0213318 ], [ 105.85428570000002, 21.0222221 ], [ 105.855198799999982, 21.0227635 ], [ 105.8568687, 21.0238846 ], [ 105.8571697, 21.0245179 ], [ 105.857244699999981, 21.024476 ], [ 105.8572778, 21.0244341 ], [ 105.8574777, 21.022875 ], [ 105.8577239, 21.0221286 ], [ 105.8577393, 21.0220815 ], [ 105.8580477, 21.0211556 ], [ 105.857780299999988, 21.0199268 ], [ 105.8587079, 21.019044 ], [ 105.86021839999998, 21.0190576 ], [ 105.861804899999981, 21.0185343 ], [ 105.8597317, 21.0187694 ], [ 105.858891499999984, 21.0183814 ], [ 105.8583461, 21.0169388 ], [ 105.8575245, 21.0165817 ], [ 105.85839679999998, 21.0145685 ], [ 105.8590371, 21.0147101 ], [ 105.859686499999981, 21.014865 ], [ 105.860863499999979, 21.013714 ], [ 105.862791499999986, 21.0140733 ], [ 105.8629557, 21.0148415 ], [ 105.8630931, 21.0148756 ], [ 105.8634656, 21.0149609 ], [ 105.863366400000018, 21.0137577 ], [ 105.863243899999986, 21.0130353 ], [ 105.8630248, 21.0129619 ], [ 105.861001699999989, 21.0130866 ], [ 105.8605956, 21.0110331 ], [ 105.8609009, 21.0093976 ], [ 105.8608904, 21.0091442 ], [ 105.8606679, 21.0091734 ], [ 105.8599639, 21.0106306 ], [ 105.8593349, 21.0114263 ], [ 105.8588168, 21.0120837 ], [ 105.8582827, 21.0127586 ], [ 105.8564442, 21.01151 ], [ 105.8565774, 21.0110102 ], [ 105.8564286, 21.0105414 ], [ 105.855525299999982, 21.0109147 ], [ 105.8559995, 21.012832 ], [ 105.854312099999987, 21.0138532 ], [ 105.8530265, 21.0134566 ], [ 105.8522802, 21.011966 ], [ 105.8510471, 21.0135674 ], [ 105.849888399999983, 21.0152015 ], [ 105.8491983, 21.0152083 ], [ 105.8498371, 21.0169606 ], [ 105.8505078, 21.0185114 ], [ 105.8519368, 21.0197634 ] ] ] } },
{ "type": "Feature", "properties": { "threshold_s": 600, "time_label": "10 min drive" }, "geometry": { "type": "Polygon", "coordinates": [ [ [ 105.8414355, 21.021993 ], [ 105.8432716, 21.0254436 ], [ 105.8450233, 21.0265514 ], [ 105.8491746, 21.029779 ], [ 105.8531632, 21.0322152 ], [ 105.854413799999989, 21.0338031 ], [ 105.854767599999988, 21.0338265 ], [ 105.8559161, 21.032665 ], [ 105.8610955, 21.0294989 ], [ 105.86210149999998, 21.0246067 ], [ 105.863899, 21.018973 ], [ 105.864448899999985, 21.0179396 ], [ 105.865231599999987, 21.0153725 ], [ 105.8680303, 21.0100022 ], [ 105.8697744, 21.0049515 ], [ 105.8695525, 21.0034661 ], [ 105.8652569, 21.0029825 ], [ 105.8617132, 20.9990108 ], [ 105.858854799999989, 21.0009864 ], [ 105.85470119999998, 21.0028119 ], [ 105.850884399999984, 21.0031438 ], [ 105.850735700000016, 21.0032328 ], [ 105.8496358, 21.0050672 ], [ 105.8449471, 21.0079814 ], [ 105.8463087, 21.0126788 ], [ 105.8424924, 21.0173642 ], [ 105.8414099, 21.0174645 ], [ 105.8412242, 21.0188454 ], [ 105.8414355, 21.021993 ] ] ] } },
{ "type": "Feature", "properties": { "threshold_s": 900, "time_label": "15 min drive" }, "geometry": { "type": "Polygon", "coordinates": [ [ [ 105.836268899999979, 21.0316267 ], [ 105.837565, 21.033506 ], [ 105.8381949, 21.0336649 ], [ 105.8454918, 21.0375308 ], [ 105.847634699999986, 21.0403282 ], [ 105.848697199999989, 21.0418008 ], [ 105.849021, 21.0420414 ], [ 105.8501514, 21.0424819 ], [ 105.8532054, 21.0410502 ], [ 105.8559408, 21.0375631 ], [ 105.861271699999989, 21.0304235 ], [ 105.86210149999998, 21.0246067 ], [ 105.864448899999985, 21.0179396 ], [ 105.8680303, 21.0100022 ], [ 105.8750687, 21.0030983 ], [ 105.877117699999985, 21.0018883 ], [ 105.878845, 21.0009046 ], [ 105.8792541, 21.0005829 ], [ 105.8800635, 20.9997488 ], [ 105.8744807, 20.9957706 ], [ 105.8655185, 20.9906479 ], [ 105.863322, 20.9887654 ], [ 105.86147, 20.989695 ], [ 105.8542342, 20.9953722 ], [ 105.8495471, 20.9930515 ], [ 105.8482447, 20.9945419 ], [ 105.84123, 21.0008729 ], [ 105.837045499999988, 21.0036744 ], [ 105.835219399999986, 21.009495 ], [ 105.829942399999979, 21.0188712 ], [ 105.8300353, 21.0190116 ], [ 105.830306599999986, 21.01926 ], [ 105.8357768, 21.0272036 ], [ 105.836268899999979, 21.0316267 ] ] ] } },
{ "type": "Feature", "properties": { "threshold_s": 300, "time_label": "5 min drive" }, "geometry": { "type": "Polygon", "coordinates": [ [ [ 105.8364437, 21.0287371 ], [ 105.8386072, 21.0311749 ], [ 105.840682299999983, 21.0328473 ], [ 105.843290199999984, 21.0323602 ], [ 105.8457273, 21.0347159 ], [ 105.8473737, 21.0343717 ], [ 105.847946199999981, 21.0337964 ], [ 105.8485186, 21.0323719 ], [ 105.8486543, 21.0310594 ], [ 105.850585599999988, 21.0291892 ], [ 105.8502936, 21.0269683 ], [ 105.8532351, 21.0254925 ], [ 105.8547547, 21.023716 ], [ 105.855198799999982, 21.0227635 ], [ 105.8549505, 21.0220242 ], [ 105.8532227, 21.0191659 ], [ 105.8528403, 21.0190524 ], [ 105.8505078, 21.0185114 ], [ 105.848517199999989, 21.0181574 ], [ 105.846956799999987, 21.0171098 ], [ 105.8435857, 21.0172651 ], [ 105.8413984, 21.0193508 ], [ 105.841405499999979, 21.0199175 ], [ 105.841418299999987, 21.0206551 ], [ 105.8414355, 21.021993 ], [ 105.839705899999984, 21.0250751 ], [ 105.8380997, 21.0259862 ], [ 105.8364437, 21.0287371 ] ] ] } },
{ "type": "Feature", "properties": { "threshold_s": 600, "time_label": "10 min drive" }, "geometry": { "type": "Polygon", "coordinates": [ [ [ 105.8288446, 21.0324006 ], [ 105.828823, 21.0325515 ], [ 105.8317055, 21.0344357 ], [ 105.83272119999998, 21.034424 ], [ 105.8363518, 21.0356501 ], [ 105.837023599999981, 21.0388764 ], [ 105.84, 21.0410016 ], [ 105.840151, 21.0428157 ], [ 105.842816, 21.0433331 ], [ 105.8452395, 21.0423238 ], [ 105.8482371, 21.042392 ], [ 105.8512049, 21.039884 ], [ 105.853756099999984, 21.0368066 ], [ 105.8546701, 21.035414 ], [ 105.8575259, 21.0325659 ], [ 105.8583561, 21.0320441 ], [ 105.858440299999984, 21.031784 ], [ 105.857887599999984, 21.0304946 ], [ 105.8581333, 21.0279368 ], [ 105.861773199999988, 21.025698 ], [ 105.8620378, 21.0248247 ], [ 105.8598823, 21.0218612 ], [ 105.861804899999981, 21.0185343 ], [ 105.8583461, 21.0169388 ], [ 105.8590371, 21.0147101 ], [ 105.8601202, 21.0135956 ], [ 105.8593349, 21.0114263 ], [ 105.8559995, 21.012832 ], [ 105.8522802, 21.011966 ], [ 105.8521725, 21.0084416 ], [ 105.851396599999987, 21.0083109 ], [ 105.8483495, 21.0083185 ], [ 105.846089299999988, 21.0079147 ], [ 105.8413355, 21.0087937 ], [ 105.8410532, 21.0107455 ], [ 105.841156, 21.0107456 ], [ 105.8413476, 21.010746 ], [ 105.8460661, 21.0081019 ], [ 105.8483954, 21.0097738 ], [ 105.8463087, 21.0126788 ], [ 105.846647899999979, 21.0134641 ], [ 105.847263, 21.0153508 ], [ 105.844269199999985, 21.017305 ], [ 105.8435857, 21.0172651 ], [ 105.8424924, 21.0173642 ], [ 105.8414099, 21.0174645 ], [ 105.8372522, 21.018501 ], [ 105.833795699999982, 21.0192431 ], [ 105.830562599999979, 21.0190758 ], [ 105.8307709, 21.0191322 ], [ 105.834126, 21.0213059 ], [ 105.832224299999979, 21.0234152 ], [ 105.832154499999987, 21.0234448 ], [ 105.8304305, 21.0240979 ], [ 105.8301057, 21.0241313 ], [ 105.830492399999983, 21.0270872 ], [ 105.8299453, 21.0290504 ], [ 105.8288446, 21.0324006 ] ] ] } },
{ "type": "Feature", "properties": { "threshold_s": 900, "time_label": "15 min drive" }, "geometry": { "type": "Polygon", "coordinates": [ [ [ 105.817228499999985, 21.0308395 ], [ 105.8178814, 21.0355613 ], [ 105.820262, 21.0352954 ], [ 105.8203401, 21.0352888 ], [ 105.821467899999988, 21.0351968 ], [ 105.8259982, 21.0359947 ], [ 105.8285905, 21.0410636 ], [ 105.8351095, 21.0426739 ], [ 105.8363039, 21.0440074 ], [ 105.838508299999987, 21.0487951 ], [ 105.839200599999984, 21.0509968 ], [ 105.8398226, 21.05119 ], [ 105.8416451, 21.0514676 ], [ 105.8481324, 21.0481674 ], [ 105.8492648, 21.0462351 ], [ 105.8532054, 21.0410502 ], [ 105.8559408, 21.0375631 ], [ 105.859561899999989, 21.032523 ], [ 105.861271699999989, 21.0304235 ], [ 105.86210149999998, 21.0246067 ], [ 105.864448899999985, 21.0179396 ], [ 105.865231599999987, 21.0153725 ], [ 105.8680303, 21.0100022 ], [ 105.866515899999982, 21.0078988 ], [ 105.8622648, 21.0030021 ], [ 105.8614664, 21.0011413 ], [ 105.8546476, 21.0020295 ], [ 105.8501337, 20.9976528 ], [ 105.845359299999984, 21.0001914 ], [ 105.8411437, 20.998282 ], [ 105.8360473, 21.0034138 ], [ 105.833435899999984, 21.0080729 ], [ 105.8279393, 21.0108629 ], [ 105.8249361, 21.010282 ], [ 105.823222700000017, 21.0165348 ], [ 105.821496599999989, 21.0200784 ], [ 105.820567399999987, 21.0232275 ], [ 105.821269199999989, 21.0268254 ], [ 105.8172566, 21.030683 ], [ 105.817228499999985, 21.0308395 ] ] ] } },
{ "type": "Feature", "properties": { "threshold_s": 300, "time_label": "5 min drive" }, "geometry": { "type": "Polygon", "coordinates": [ [ [ 105.829957599999986, 21.0291222 ], [ 105.8313025, 21.0325661 ], [ 105.8314281, 21.0326715 ], [ 105.834611099999989, 21.0340502 ], [ 105.837565, 21.033506 ], [ 105.8387149, 21.0311558 ], [ 105.840203, 21.0292587 ], [ 105.839459, 21.028738 ], [ 105.8357768, 21.0272036 ], [ 105.8358943, 21.02522 ], [ 105.8329958, 21.0216565 ], [ 105.8307709, 21.0191322 ], [ 105.830088799999984, 21.0177414 ], [ 105.8292934, 21.0175367 ], [ 105.8285186, 21.0190792 ], [ 105.8291791, 21.0232128 ], [ 105.8276362, 21.0266314 ], [ 105.8276909, 21.0268084 ], [ 105.829957599999986, 21.0291222 ] ] ] } },
{ "type": "Feature", "properties": { "threshold_s": 600, "time_label": "10 min drive" }, "geometry": { "type": "Polygon", "coordinates": [ [ [ 105.8202933, 21.0312925 ], [ 105.820920199999989, 21.0323015 ], [ 105.8227084, 21.0314793 ], [ 105.8259982, 21.0359947 ], [ 105.828665499999985, 21.0395817 ], [ 105.8282168, 21.0361744 ], [ 105.8317055, 21.0344357 ], [ 105.83272119999998, 21.034424 ], [ 105.8363518, 21.0356501 ], [ 105.837023599999981, 21.0388764 ], [ 105.836188, 21.041554 ], [ 105.8351095, 21.0426739 ], [ 105.8359577, 21.042714 ], [ 105.836316, 21.042721 ], [ 105.841936899999979, 21.0406599 ], [ 105.8397245, 21.0384477 ], [ 105.840904899999984, 21.0341906 ], [ 105.8447768, 21.0340917 ], [ 105.8457273, 21.0347159 ], [ 105.846995, 21.0337203 ], [ 105.848055599999981, 21.0324216 ], [ 105.847791199999989, 21.0281196 ], [ 105.849699099999981, 21.0251837 ], [ 105.8463276, 21.0227121 ], [ 105.842177, 21.0188567 ], [ 105.8414099, 21.0174645 ], [ 105.8368257, 21.0180745 ], [ 105.8351638, 21.0156491 ], [ 105.836983800000013, 21.0118796 ], [ 105.837311499999984, 21.0115962 ], [ 105.8379433, 21.009784 ], [ 105.8358306, 21.009999 ], [ 105.8313437, 21.0095462 ], [ 105.8303068, 21.0098276 ], [ 105.828031, 21.0100041 ], [ 105.823697399999986, 21.0080557 ], [ 105.8233913, 21.0098098 ], [ 105.8229349, 21.0151849 ], [ 105.8222877, 21.0162242 ], [ 105.821050299999982, 21.0190995 ], [ 105.820237399999982, 21.023779 ], [ 105.821269199999989, 21.0268254 ], [ 105.8202933, 21.0312925 ] ] ] } },
{ "type": "Feature", "properties": { "threshold_s": 900, "time_label": "15 min drive" }, "geometry": { "type": "Polygon", "coordinates": [ [ [ 105.8095655, 21.0323613 ], [ 105.812700599999985, 21.0387141 ], [ 105.8173165, 21.0373304 ], [ 105.8226508, 21.039099 ], [ 105.8247218, 21.0424488 ], [ 105.8285905, 21.0410636 ], [ 105.8363039, 21.0440074 ], [ 105.838508299999987, 21.0487951 ], [ 105.839200599999984, 21.0509968 ], [ 105.8398226, 21.05119 ], [ 105.8420137, 21.0516091 ], [ 105.8458314, 21.0453066 ], [ 105.847460799999979, 21.0437773 ], [ 105.8512049, 21.039884 ], [ 105.8546701, 21.035414 ], [ 105.85726, 21.0315916 ], [ 105.8592416, 21.0249399 ], [ 105.8597332, 21.0223358 ], [ 105.8587079, 21.019044 ], [ 105.8556233, 21.0172861 ], [ 105.855323499999983, 21.0172067 ], [ 105.850940899999983, 21.0151728 ], [ 105.8483495, 21.0083185 ], [ 105.847418299999987, 21.0071109 ], [ 105.8426162, 21.0027603 ], [ 105.84123, 21.0008729 ], [ 105.8360583, 21.0015565 ], [ 105.828897699999985, 21.0002704 ], [ 105.820782600000015, 21.0033732 ], [ 105.8182251, 21.0017879 ], [ 105.817849399999986, 21.0015574 ], [ 105.817312499999986, 21.0012525 ], [ 105.8165621, 21.0007756 ], [ 105.816250399999987, 21.0005568 ], [ 105.8144074, 21.0086391 ], [ 105.8130802, 21.0095154 ], [ 105.8130615, 21.0138575 ], [ 105.811675, 21.0179506 ], [ 105.8114669, 21.0247893 ], [ 105.809536300000019, 21.03226 ], [ 105.8095655, 21.0323613 ] ] ] } },
{ "type": "Feature", "properties": { "threshold_s": 300, "time_label": "5 min drive" }, "geometry": { "type": "Polygon", "coordinates": [ [ [ 105.8454121, 21.0400507 ], [ 105.8452169, 21.0406891 ], [ 105.845568499999985, 21.0405007 ], [ 105.8474489, 21.040873 ], [ 105.8472071, 21.0419565 ], [ 105.8482371, 21.042392 ], [ 105.8482846, 21.041106 ], [ 105.8502071, 21.0410105 ], [ 105.850356799999986, 21.0411413 ], [ 105.852290599999989, 21.040453 ], [ 105.8532054, 21.0410502 ], [ 105.8539648, 21.0399026 ], [ 105.8552544, 21.038343 ], [ 105.8559408, 21.0375631 ], [ 105.8559647, 21.0363109 ], [ 105.856505, 21.0347543 ], [ 105.856500399999987, 21.033561 ], [ 105.8575259, 21.0325659 ], [ 105.8594201, 21.0325236 ], [ 105.859561899999989, 21.032523 ], [ 105.858440299999984, 21.031784 ], [ 105.8585383, 21.0299404 ], [ 105.8583197, 21.0293284 ], [ 105.857796199999981, 21.028661 ], [ 105.856075, 21.0274672 ], [ 105.8558255, 21.0270181 ], [ 105.8559552, 21.0275369 ], [ 105.853811899999982, 21.0288128 ], [ 105.855437800000018, 21.0289498 ], [ 105.8567112, 21.0297654 ], [ 105.855826199999981, 21.0312919 ], [ 105.8545659, 21.0314536 ], [ 105.8539092, 21.0313985 ], [ 105.853331499999982, 21.0313059 ], [ 105.8518851, 21.0318561 ], [ 105.8510791, 21.0304701 ], [ 105.850585599999988, 21.0291892 ], [ 105.8511617, 21.0278966 ], [ 105.8495631, 21.0288558 ], [ 105.8494419, 21.0291799 ], [ 105.8501894, 21.0298974 ], [ 105.8486543, 21.0310594 ], [ 105.8474725, 21.0304548 ], [ 105.8464, 21.0291195 ], [ 105.846568, 21.0299584 ], [ 105.845064, 21.0313485 ], [ 105.8452826, 21.0324584 ], [ 105.8447768, 21.0340917 ], [ 105.8449379, 21.0348636 ], [ 105.845924, 21.0356714 ], [ 105.8454918, 21.0375308 ], [ 105.8471313, 21.0386835 ], [ 105.8471764, 21.0398976 ], [ 105.8454121, 21.0400507 ] ] ] } },
{ "type": "Feature", "properties": { "threshold_s": 600, "time_label": "10 min drive" }, "geometry": { "type": "Polygon", "coordinates": [ [ [ 105.8351095, 21.0426739 ], [ 105.8363039, 21.0440074 ], [ 105.8407961, 21.0470259 ], [ 105.8418845, 21.0488831 ], [ 105.8481324, 21.0481674 ], [ 105.8492648, 21.0462351 ], [ 105.8532054, 21.0410502 ], [ 105.8559408, 21.0375631 ], [ 105.859561899999989, 21.032523 ], [ 105.861271699999989, 21.0304235 ], [ 105.86210149999998, 21.0246067 ], [ 105.862065, 21.0195265 ], [ 105.861804899999981, 21.0185343 ], [ 105.858891499999984, 21.0183814 ], [ 105.8529519, 21.0168194 ], [ 105.848517199999989, 21.0181574 ], [ 105.8447516, 21.0210682 ], [ 105.8414355, 21.021993 ], [ 105.8395402, 21.0242642 ], [ 105.8361111, 21.0279427 ], [ 105.836268899999979, 21.0316267 ], [ 105.837565, 21.033506 ], [ 105.8392334, 21.0385243 ], [ 105.8361675, 21.0416685 ], [ 105.8351095, 21.0426739 ] ] ] } },
{ "type": "Feature", "properties": { "threshold_s": 900, "time_label": "15 min drive" }, "geometry": { "type": "Polygon", "coordinates": [ [ [ 105.835914299999985, 21.0526278 ], [ 105.8359029, 21.0567171 ], [ 105.835981499999988, 21.0567613 ], [ 105.8363703, 21.0569683 ], [ 105.8418824, 21.056518 ], [ 105.842661399999983, 21.0560142 ], [ 105.8443236, 21.0542526 ], [ 105.8481324, 21.0481674 ], [ 105.8492648, 21.0462351 ], [ 105.850106499999981, 21.0449387 ], [ 105.8532054, 21.0410502 ], [ 105.8539648, 21.0399026 ], [ 105.8552544, 21.038343 ], [ 105.8559408, 21.0375631 ], [ 105.8652272, 21.0404883 ], [ 105.8645302, 21.0425052 ], [ 105.8645845, 21.0429123 ], [ 105.8644483, 21.0456788 ], [ 105.865305, 21.0468306 ], [ 105.8725829, 21.0444941 ], [ 105.872712899999982, 21.0441993 ], [ 105.872754699999987, 21.0440955 ], [ 105.8729175, 21.0433116 ], [ 105.8728378, 21.0353082 ], [ 105.869877699999989, 21.0326259 ], [ 105.8683177, 21.0331559 ], [ 105.8613337, 21.0288933 ], [ 105.861773199999988, 21.025698 ], [ 105.8620378, 21.0248247 ], [ 105.86210149999998, 21.0246067 ], [ 105.863899, 21.018973 ], [ 105.864448899999985, 21.0179396 ], [ 105.865231599999987, 21.0153725 ], [ 105.8655468, 21.0144409 ], [ 105.8657318, 21.0120932 ], [ 105.8657599, 21.0099729 ], [ 105.865509500000016, 21.0090308 ], [ 105.8632327, 21.0087893 ], [ 105.8626885, 21.0088032 ], [ 105.8608043, 21.0089478 ], [ 105.851396599999987, 21.0083109 ], [ 105.8483495, 21.0083185 ], [ 105.847775899999988, 21.0083897 ], [ 105.8413476, 21.010746 ], [ 105.8372522, 21.018501 ], [ 105.833795699999982, 21.0192431 ], [ 105.8307261, 21.0201732 ], [ 105.8306589, 21.0202038 ], [ 105.827496, 21.0262322 ], [ 105.8256498, 21.031761 ], [ 105.8256225, 21.0318746 ], [ 105.8267433, 21.0343099 ], [ 105.8247218, 21.0424488 ], [ 105.8285905, 21.0410636 ], [ 105.8363039, 21.0440074 ], [ 105.835914299999985, 21.0526278 ] ] ] } },
{ "type": "Feature", "properties": { "threshold_s": 300, "time_label": "5 min drive" }, "geometry": { "type": "Polygon", "coordinates": [ [ [ 105.4988283, 21.1498846 ], [ 105.4994667, 21.1512805 ], [ 105.500032599999983, 21.1514481 ], [ 105.5015695, 21.1513055 ], [ 105.503541, 21.1518308 ], [ 105.505363, 21.1512182 ], [ 105.5065403, 21.1502977 ], [ 105.5069581, 21.1483887 ], [ 105.50657, 21.1461787 ], [ 105.5093283, 21.1459149 ], [ 105.509299699999985, 21.1457638 ], [ 105.50719909999998, 21.1449819 ], [ 105.5066187, 21.1431741 ], [ 105.5087603, 21.1422864 ], [ 105.5109215, 21.1419333 ], [ 105.5113481, 21.1418626 ], [ 105.511416899999986, 21.1418532 ], [ 105.5114661, 21.1409856 ], [ 105.511067499999982, 21.1401553 ], [ 105.510335199999986, 21.1389276 ], [ 105.509915, 21.1376913 ], [ 105.508596899999986, 21.1370587 ], [ 105.506302, 21.1359629 ], [ 105.503641499999986, 21.1358491 ], [ 105.5024304, 21.1347142 ], [ 105.502400699999981, 21.1352625 ], [ 105.502451799999989, 21.1356804 ], [ 105.5011138, 21.1376194 ], [ 105.5003384, 21.1373964 ], [ 105.4992464, 21.1376091 ], [ 105.497951199999989, 21.1380394 ], [ 105.4979499, 21.138731 ], [ 105.4987451, 21.1396555 ], [ 105.4998528, 21.1418044 ], [ 105.4993285, 21.1431316 ], [ 105.4989329, 21.1436044 ], [ 105.4981336, 21.1445287 ], [ 105.496825, 21.1457515 ], [ 105.4949112, 21.1461377 ], [ 105.495641899999981, 21.1471612 ], [ 105.4961985, 21.1475532 ], [ 105.4965321, 21.1472013 ], [ 105.4971943, 21.1465373 ], [ 105.4985279, 21.1464249 ], [ 105.4993668, 21.1483246 ], [ 105.499135899999985, 21.1490615 ], [ 105.4988283, 21.1498846 ] ] ] } },
{ "type": "Feature", "properties": { "threshold_s": 600, "time_label": "10 min drive" }, "geometry": { "type": "Polygon", "coordinates": [ [ [ 105.4874733, 21.1544564 ], [ 105.4875172, 21.1551953 ], [ 105.4892213, 21.1560204 ], [ 105.489530299999984, 21.1549958 ], [ 105.49059819999998, 21.1536441 ], [ 105.4948805, 21.1551113 ], [ 105.494941, 21.1553173 ], [ 105.4951175, 21.1559982 ], [ 105.4964679, 21.1557969 ], [ 105.50073, 21.1536794 ], [ 105.503160099999988, 21.1551227 ], [ 105.505306899999979, 21.1549331 ], [ 105.508557300000021, 21.1536342 ], [ 105.5115997, 21.1529637 ], [ 105.5125076, 21.1527601 ], [ 105.515343499999986, 21.14989 ], [ 105.5170329, 21.146787 ], [ 105.517328799999987, 21.1463361 ], [ 105.5174375, 21.1460284 ], [ 105.520853399999979, 21.1430297 ], [ 105.522490399999981, 21.1403627 ], [ 105.5217336, 21.1395251 ], [ 105.5211956, 21.1393684 ], [ 105.518247499999987, 21.139668 ], [ 105.5145004, 21.1366765 ], [ 105.5163239, 21.135002 ], [ 105.517098, 21.1339076 ], [ 105.5162425, 21.1331734 ], [ 105.5149065, 21.1288964 ], [ 105.510508, 21.1297797 ], [ 105.5091854, 21.1286662 ], [ 105.5053149, 21.1277267 ], [ 105.5016535, 21.1252606 ], [ 105.4993869, 21.1266335 ], [ 105.4993862, 21.128949 ], [ 105.4978688, 21.1312095 ], [ 105.494546600000021, 21.1303021 ], [ 105.4945133, 21.1302724 ], [ 105.4938964, 21.1301838 ], [ 105.493837499999984, 21.1301824 ], [ 105.4935631, 21.1301757 ], [ 105.4933687, 21.1301709 ], [ 105.491837799999985, 21.1313443 ], [ 105.491700899999984, 21.1315893 ], [ 105.4933767, 21.1334036 ], [ 105.491726199999988, 21.137129 ], [ 105.489861799999986, 21.1392093 ], [ 105.4928349, 21.1392452 ], [ 105.494613199999989, 21.1433905 ], [ 105.49345049999998, 21.1456494 ], [ 105.4930356, 21.1463801 ], [ 105.492914, 21.1475181 ], [ 105.4925356, 21.1493701 ], [ 105.4900458, 21.1529658 ], [ 105.4895279, 21.1533152 ], [ 105.4889716, 21.1536905 ], [ 105.4874733, 21.1544564 ] ] ] } },
{ "type": "Feature", "properties": { "threshold_s": 900, "time_label": "15 min drive" }, "geometry": { "type": "Polygon", "coordinates": [ [ [ 105.4777044, 21.1559499 ], [ 105.4767912, 21.157203 ], [ 105.4807757, 21.1610204 ], [ 105.482086, 21.1614037 ], [ 105.4825124, 21.1615019 ], [ 105.4873007, 21.1585405 ], [ 105.4964679, 21.1557969 ], [ 105.503160099999988, 21.1551227 ], [ 105.505306899999979, 21.1549331 ], [ 105.515518299999982, 21.1521584 ], [ 105.5186302, 21.1516965 ], [ 105.5218767, 21.1513395 ], [ 105.524161799999987, 21.1511679 ], [ 105.5258342, 21.1508358 ], [ 105.526265899999984, 21.1506912 ], [ 105.532626800000017, 21.144107 ], [ 105.5329599, 21.1436585 ], [ 105.5329518, 21.1365951 ], [ 105.5254841, 21.1317173 ], [ 105.524438, 21.1262395 ], [ 105.524375, 21.1250273 ], [ 105.522426599999989, 21.1218262 ], [ 105.5197272, 21.1199876 ], [ 105.5146452, 21.1197243 ], [ 105.507420699999983, 21.1190473 ], [ 105.4961951, 21.1169473 ], [ 105.4960629, 21.1169658 ], [ 105.491912299999981, 21.1193812 ], [ 105.4856332, 21.1267436 ], [ 105.481988, 21.1333886 ], [ 105.4807876, 21.1375516 ], [ 105.4804777, 21.1392818 ], [ 105.4816797, 21.1419848 ], [ 105.479985499999984, 21.1518618 ], [ 105.4777044, 21.1559499 ] ] ] } },
{ "type": "Feature", "properties": { "threshold_s": 300, "time_label": "5 min drive" }, "geometry": { "type": "Polygon", "coordinates": [ [ [ 105.797519099999988, 21.0456166 ], [ 105.797792199999989, 21.0461071 ], [ 105.797784099999987, 21.0457921 ], [ 105.797781, 21.0456044 ], [ 105.797638799999987, 21.044343 ], [ 105.7989495, 21.0428763 ], [ 105.7993718, 21.0421664 ], [ 105.7977193, 21.0404656 ], [ 105.7982784, 21.0391219 ], [ 105.800271, 21.0388099 ], [ 105.80078469999998, 21.0388172 ], [ 105.8023652, 21.0395429 ], [ 105.8026409, 21.037999 ], [ 105.8019457, 21.0369881 ], [ 105.8018753, 21.0369046 ], [ 105.801661, 21.0366779 ], [ 105.800628399999979, 21.0375027 ], [ 105.8000112, 21.0385207 ], [ 105.7978225, 21.0376663 ], [ 105.7976896, 21.0364994 ], [ 105.797537799999986, 21.0342801 ], [ 105.797526, 21.0341994 ], [ 105.7972634, 21.0340276 ], [ 105.7962208, 21.034265 ], [ 105.7959785, 21.0344811 ], [ 105.796542599999981, 21.0370876 ], [ 105.7948622, 21.0367626 ], [ 105.79379179999998, 21.0359227 ], [ 105.7936358, 21.035493 ], [ 105.7935472, 21.0352736 ], [ 105.793480499999987, 21.0351534 ], [ 105.7933364, 21.0353371 ], [ 105.7927106, 21.036931 ], [ 105.792037599999986, 21.0391304 ], [ 105.792572399999983, 21.0408691 ], [ 105.7932463, 21.0416223 ], [ 105.7936197, 21.041626 ], [ 105.7945053, 21.0416307 ], [ 105.7966368, 21.0428386 ], [ 105.797519099999988, 21.0456166 ] ] ] } },
{ "type": "Feature", "properties": { "threshold_s": 600, "time_label": "10 min drive" }, "geometry": { "type": "Polygon", "coordinates": [ [ [ 105.784168599999987, 21.0452371 ], [ 105.7843422, 21.0460498 ], [ 105.7878957, 21.0476673 ], [ 105.7898877, 21.049598 ], [ 105.7926413, 21.0518087 ], [ 105.792978399999981, 21.0519259 ], [ 105.794948399999981, 21.0529306 ], [ 105.7977428, 21.0564428 ], [ 105.7978142, 21.0564924 ], [ 105.7992264, 21.0548193 ], [ 105.800747799999982, 21.0529384 ], [ 105.8009779, 21.0519315 ], [ 105.8047034, 21.0483933 ], [ 105.8048247, 21.0483459 ], [ 105.806118699999985, 21.0475741 ], [ 105.8062704, 21.0465187 ], [ 105.8071719, 21.0429798 ], [ 105.808654, 21.0393032 ], [ 105.8101548, 21.0382785 ], [ 105.810511799999986, 21.0378336 ], [ 105.8116813, 21.0345032 ], [ 105.813511299999988, 21.0318033 ], [ 105.813433900000021, 21.0311917 ], [ 105.813172599999987, 21.0307143 ], [ 105.8126344, 21.0299344 ], [ 105.810790299999979, 21.03192 ], [ 105.809536300000019, 21.03226 ], [ 105.806420599999981, 21.0333888 ], [ 105.8036961, 21.0321755 ], [ 105.8056249, 21.0282146 ], [ 105.8057431, 21.0281842 ], [ 105.8055532, 21.0281043 ], [ 105.8049193, 21.0278456 ], [ 105.799534799999989, 21.0277085 ], [ 105.798635, 21.0265314 ], [ 105.7931615, 21.027171 ], [ 105.7899469, 21.0271159 ], [ 105.787713199999985, 21.0291676 ], [ 105.785696799999982, 21.0306378 ], [ 105.785199, 21.0313651 ], [ 105.78724219999998, 21.0325069 ], [ 105.784155399999989, 21.036558 ], [ 105.784003, 21.0405566 ], [ 105.7840377, 21.0417303 ], [ 105.784168599999987, 21.0452371 ] ] ] } },
{ "type": "Feature", "properties": { "threshold_s": 900, "time_label": "15 min drive" }, "geometry": { "type": "Polygon", "coordinates": [ [ [ 105.7838441, 21.0517827 ], [ 105.7839626, 21.0571386 ], [ 105.7841697, 21.0572389 ], [ 105.789871399999981, 21.0598568 ], [ 105.7938135, 21.0627358 ], [ 105.7975756, 21.0660592 ], [ 105.797744, 21.0660566 ], [ 105.80075979999998, 21.0641428 ], [ 105.8020669, 21.0607976 ], [ 105.804494299999988, 21.0567921 ], [ 105.808116, 21.0566883 ], [ 105.808881099999979, 21.0568396 ], [ 105.811723299999983, 21.0547895 ], [ 105.813290599999988, 21.0506848 ], [ 105.811321, 21.0459144 ], [ 105.8172402, 21.0447458 ], [ 105.817391, 21.0446957 ], [ 105.8185603, 21.0434901 ], [ 105.8189915, 21.0421277 ], [ 105.8173165, 21.0373304 ], [ 105.8203401, 21.0352888 ], [ 105.821467899999988, 21.0351968 ], [ 105.822679, 21.0300568 ], [ 105.82214519999998, 21.0273828 ], [ 105.8200922, 21.023869 ], [ 105.815483199999989, 21.0270157 ], [ 105.8114669, 21.0247893 ], [ 105.80992089999998, 21.0226339 ], [ 105.8078754, 21.0200564 ], [ 105.8022946, 21.0178538 ], [ 105.797269, 21.0185343 ], [ 105.794597399999986, 21.0181864 ], [ 105.7935617, 21.0183528 ], [ 105.7875824, 21.0194142 ], [ 105.78601519999998, 21.0198063 ], [ 105.785791500000016, 21.0200824 ], [ 105.7856934, 21.0202049 ], [ 105.7849225, 21.0242181 ], [ 105.7788552, 21.0274225 ], [ 105.7764822, 21.030736 ], [ 105.7756511, 21.0371893 ], [ 105.7717417, 21.0377733 ], [ 105.771668399999982, 21.0385164 ], [ 105.7750703, 21.0421041 ], [ 105.78106409999998, 21.0453649 ], [ 105.781101599999985, 21.0460456 ], [ 105.781114, 21.0462401 ], [ 105.7812602, 21.0483001 ], [ 105.781338599999984, 21.0493723 ], [ 105.7814974, 21.0505196 ], [ 105.7838441, 21.0517827 ] ] ] } },
{ "type": "Feature", "properties": { "threshold_s": 300, "time_label": "5 min drive" }, "geometry": { "type": "Polygon", "coordinates": [ [ [ 105.783715299999983, 21.0280866 ], [ 105.783705899999987, 21.0282181 ], [ 105.784171200000017, 21.0281528 ], [ 105.7878679, 21.027539 ], [ 105.791498, 21.0263117 ], [ 105.7919473, 21.0257926 ], [ 105.792539299999987, 21.0249285 ], [ 105.792066599999984, 21.0223365 ], [ 105.7936146, 21.0195877 ], [ 105.7927045, 21.018752 ], [ 105.7909456, 21.0165351 ], [ 105.791419599999983, 21.0130853 ], [ 105.792380499999979, 21.0119247 ], [ 105.7903258, 21.012315 ], [ 105.788019799999987, 21.0125531 ], [ 105.784929, 21.0140561 ], [ 105.783859099999987, 21.0133271 ], [ 105.782111599999979, 21.0132381 ], [ 105.7793593, 21.0155211 ], [ 105.7773068, 21.0142567 ], [ 105.777380799999989, 21.0168325 ], [ 105.778520499999985, 21.0183861 ], [ 105.7804951, 21.0190562 ], [ 105.7812926, 21.0190509 ], [ 105.78416, 21.0191663 ], [ 105.7856934, 21.0202049 ], [ 105.786251799999988, 21.0225455 ], [ 105.7849225, 21.0242181 ], [ 105.7843605, 21.0258818 ], [ 105.783715299999983, 21.0280866 ] ] ] } },
{ "type": "Feature", "properties": { "threshold_s": 600, "time_label": "10 min drive" }, "geometry": { "type": "Polygon", "coordinates": [ [ [ 105.780489, 21.0346752 ], [ 105.7802357, 21.0360509 ], [ 105.7808577, 21.0363945 ], [ 105.7841586, 21.0366755 ], [ 105.7867063, 21.0364598 ], [ 105.790326899999982, 21.0377714 ], [ 105.7918865, 21.0369037 ], [ 105.794612799999982, 21.0347664 ], [ 105.794807799999987, 21.0298557 ], [ 105.7948587, 21.0286539 ], [ 105.7941908, 21.027382 ], [ 105.7983321, 21.0240783 ], [ 105.7990048, 21.0236119 ], [ 105.8017515, 21.020406 ], [ 105.8018031, 21.0203137 ], [ 105.8023428, 21.0193091 ], [ 105.802798599999988, 21.016999 ], [ 105.8026473, 21.0135159 ], [ 105.8023038, 21.0131912 ], [ 105.799689799999982, 21.0101336 ], [ 105.7988016, 21.0085256 ], [ 105.799217, 21.0035337 ], [ 105.7952323, 21.0037605 ], [ 105.7929724, 21.0040937 ], [ 105.7909653, 21.0047734 ], [ 105.790268399999988, 21.0074236 ], [ 105.788717299999988, 21.0093097 ], [ 105.784318899999988, 21.00993 ], [ 105.783039299999984, 21.0089995 ], [ 105.777923699999988, 21.0086651 ], [ 105.7775735, 21.0066007 ], [ 105.773423, 21.0097387 ], [ 105.7718026, 21.0100835 ], [ 105.7716763, 21.0102273 ], [ 105.76957, 21.0142555 ], [ 105.768936599999989, 21.0151629 ], [ 105.767719799999981, 21.01679 ], [ 105.7700542, 21.0209687 ], [ 105.7742235, 21.023585 ], [ 105.7756853, 21.0283157 ], [ 105.7747937, 21.0295595 ], [ 105.775260599999982, 21.0298653 ], [ 105.775385, 21.0299339 ], [ 105.7774912, 21.0311847 ], [ 105.780489, 21.0346752 ] ] ] } },
{ "type": "Feature", "properties": { "threshold_s": 900, "time_label": "15 min drive" }, "geometry": { "type": "Polygon", "coordinates": [ [ [ 105.763777499999989, 21.035137 ], [ 105.76382049999998, 21.0352572 ], [ 105.7646371, 21.0359484 ], [ 105.7670123, 21.0372474 ], [ 105.7680028, 21.0377061 ], [ 105.771668399999982, 21.0385164 ], [ 105.775715299999987, 21.0409035 ], [ 105.780896100000021, 21.0431582 ], [ 105.781101599999985, 21.0460456 ], [ 105.781114, 21.0462401 ], [ 105.7814899, 21.0469047 ], [ 105.7863709, 21.0452714 ], [ 105.7882472, 21.0462535 ], [ 105.7893599, 21.0470573 ], [ 105.792659699999987, 21.0460863 ], [ 105.7977229, 21.042873 ], [ 105.79772029999998, 21.0411466 ], [ 105.800845399999986, 21.0377148 ], [ 105.8019457, 21.0369881 ], [ 105.8036961, 21.0321755 ], [ 105.805895699999979, 21.0288676 ], [ 105.8065329, 21.0276965 ], [ 105.8093012, 21.0228278 ], [ 105.810568799999984, 21.0187066 ], [ 105.811261, 21.0172195 ], [ 105.8114815, 21.0164115 ], [ 105.8111578, 21.0108582 ], [ 105.8110704, 21.01074 ], [ 105.8106768, 21.0102154 ], [ 105.810426099999987, 21.0098763 ], [ 105.8085143, 21.0080851 ], [ 105.807011599999981, 21.0034512 ], [ 105.805649699999989, 20.9984274 ], [ 105.8040869, 20.9973946 ], [ 105.799583, 20.9958415 ], [ 105.79920509999998, 20.9963297 ], [ 105.7950569, 20.9982233 ], [ 105.7926218, 20.9963759 ], [ 105.7925484, 20.9964709 ], [ 105.7904884, 20.9991324 ], [ 105.789722699999984, 21.002891 ], [ 105.7850597, 21.0021777 ], [ 105.78108779999998, 20.9994699 ], [ 105.7802089, 20.9980136 ], [ 105.77908979999998, 20.9960677 ], [ 105.773880399999982, 21.0035708 ], [ 105.772818499999985, 21.0034659 ], [ 105.767886599999983, 21.0060766 ], [ 105.763071199999985, 21.0051121 ], [ 105.761326, 21.0071801 ], [ 105.7625458, 21.0104894 ], [ 105.7633933, 21.0107078 ], [ 105.765238, 21.0108684 ], [ 105.7654784, 21.0109014 ], [ 105.7687134, 21.0137138 ], [ 105.7671956, 21.0165248 ], [ 105.7666999, 21.017074 ], [ 105.7665758, 21.0173618 ], [ 105.766706200000016, 21.0204948 ], [ 105.7667943, 21.0215569 ], [ 105.7627482, 21.0250865 ], [ 105.762563299999982, 21.02515 ], [ 105.762595399999981, 21.0252716 ], [ 105.762791599999986, 21.0252134 ], [ 105.7670445, 21.0289268 ], [ 105.766587499999986, 21.0298791 ], [ 105.7650447, 21.0322973 ], [ 105.7642866, 21.0340112 ], [ 105.763777499999989, 21.035137 ] ] ] } },
{ "type": "Feature", "properties": { "threshold_s": 300, "time_label": "5 min drive" }, "geometry": { "type": "Polygon", "coordinates": [ [ [ 105.7912188, 21.1682256 ], [ 105.7913151, 21.1685249 ], [ 105.793773699999988, 21.1696023 ], [ 105.796147, 21.1701777 ], [ 105.798189599999986, 21.168785 ], [ 105.7996836, 21.1684523 ], [ 105.8022591, 21.1684457 ], [ 105.803175, 21.1684263 ], [ 105.8037874, 21.1679651 ], [ 105.8028044, 21.1679776 ], [ 105.8007143, 21.1670773 ], [ 105.8000404, 21.1657898 ], [ 105.799718499999983, 21.1651444 ], [ 105.79910959999998, 21.1639075 ], [ 105.7987677, 21.1631622 ], [ 105.796148099999982, 21.1625408 ], [ 105.7967038, 21.1599273 ], [ 105.7980554, 21.1595759 ], [ 105.7990846, 21.1591597 ], [ 105.8006617, 21.1583916 ], [ 105.796750599999982, 21.1573678 ], [ 105.795667499999979, 21.1579978 ], [ 105.7944076, 21.1604651 ], [ 105.7935963, 21.1607699 ], [ 105.792210199999985, 21.1610857 ], [ 105.7895533, 21.1617276 ], [ 105.7862498, 21.1613935 ], [ 105.787872, 21.1629209 ], [ 105.7928115, 21.1632942 ], [ 105.7933865, 21.1654063 ], [ 105.7927646, 21.1677475 ], [ 105.7912188, 21.1682256 ] ] ] } },
{ "type": "Feature", "properties": { "threshold_s": 600, "time_label": "10 min drive" }, "geometry": { "type": "Polygon", "coordinates": [ [ [ 105.782046799999989, 21.1702845 ], [ 105.783027100000012, 21.1714037 ], [ 105.785965099999984, 21.1727068 ], [ 105.786806299999981, 21.1726168 ], [ 105.788722799999988, 21.1725593 ], [ 105.7939115, 21.1757732 ], [ 105.79354739999998, 21.172423 ], [ 105.798592, 21.1718227 ], [ 105.7993189, 21.1718033 ], [ 105.8001504, 21.1715575 ], [ 105.8008377, 21.1713353 ], [ 105.8015682, 21.1710847 ], [ 105.8064702, 21.173089 ], [ 105.8063654, 21.1752172 ], [ 105.806932299999986, 21.1752055 ], [ 105.8097218, 21.1745988 ], [ 105.80937179999998, 21.1725355 ], [ 105.8077745, 21.1714775 ], [ 105.811768499999985, 21.1671559 ], [ 105.8116428, 21.1668921 ], [ 105.806799499999983, 21.165726 ], [ 105.8045744, 21.1610468 ], [ 105.8057596, 21.1594572 ], [ 105.8095622, 21.1576967 ], [ 105.8102314, 21.1575404 ], [ 105.810814, 21.1569929 ], [ 105.8116779, 21.1557814 ], [ 105.8122298, 21.1544941 ], [ 105.8113488, 21.1537644 ], [ 105.8073172, 21.153847 ], [ 105.8034106, 21.1537632 ], [ 105.801255399999988, 21.1544824 ], [ 105.797717599999984, 21.1560232 ], [ 105.795667499999979, 21.1579978 ], [ 105.792210199999985, 21.1610857 ], [ 105.7895533, 21.1617276 ], [ 105.7878216, 21.161914 ], [ 105.7862498, 21.1613935 ], [ 105.785421099999979, 21.1565321 ], [ 105.7870585, 21.1537694 ], [ 105.791712099999984, 21.1506776 ], [ 105.7927233, 21.1501732 ], [ 105.7919698, 21.1467964 ], [ 105.790159399999979, 21.14697 ], [ 105.787010599999988, 21.1502116 ], [ 105.783919, 21.1570673 ], [ 105.7799869, 21.1593414 ], [ 105.777082899999982, 21.1587565 ], [ 105.776220399999985, 21.1584451 ], [ 105.779604799999987, 21.1623864 ], [ 105.7797002, 21.1647345 ], [ 105.7806104, 21.166769 ], [ 105.782046799999989, 21.1702845 ] ] ] } },
{ "type": "Feature", "properties": { "threshold_s": 900, "time_label": "15 min drive" }, "geometry": { "type": "Polygon", "coordinates": [ [ [ 105.7738191, 21.1658861 ], [ 105.7763245, 21.1752683 ], [ 105.782522, 21.1813149 ], [ 105.783172, 21.1817557 ], [ 105.7885243, 21.1801063 ], [ 105.79704839999998, 21.1788782 ], [ 105.7997348, 21.1812285 ], [ 105.8031895, 21.1835258 ], [ 105.8055628, 21.1846748 ], [ 105.806785099999985, 21.1847574 ], [ 105.80948979999998, 21.1841142 ], [ 105.8114049, 21.1823635 ], [ 105.813028599999981, 21.1801136 ], [ 105.8129089, 21.1789889 ], [ 105.8192557, 21.1716914 ], [ 105.8197707, 21.1708485 ], [ 105.820211799999981, 21.1658109 ], [ 105.819013799999979, 21.1564558 ], [ 105.8189983, 21.1536617 ], [ 105.8189955, 21.1533354 ], [ 105.8189921, 21.1529377 ], [ 105.818998199999982, 21.1513105 ], [ 105.815645499999988, 21.1475231 ], [ 105.8150877, 21.1470726 ], [ 105.8134029, 21.1461662 ], [ 105.8108376, 21.1458083 ], [ 105.810037, 21.1459634 ], [ 105.808826, 21.1472403 ], [ 105.8034106, 21.1537632 ], [ 105.801255399999988, 21.1544824 ], [ 105.7927233, 21.1501732 ], [ 105.7919698, 21.1467964 ], [ 105.7875279, 21.1427601 ], [ 105.784892699999986, 21.1385945 ], [ 105.7799383, 21.137063 ], [ 105.779139499999985, 21.1374269 ], [ 105.778531199999989, 21.1383975 ], [ 105.7781389, 21.1418205 ], [ 105.7755125, 21.1493231 ], [ 105.7677965, 21.1530076 ], [ 105.7647053, 21.1579978 ], [ 105.766921199999985, 21.1599424 ], [ 105.772726399999982, 21.1654792 ], [ 105.7731095, 21.1656287 ], [ 105.7738191, 21.1658861 ] ] ] } },
{ "type": "Feature", "properties": { "threshold_s": 300, "time_label": "5 min drive" }, "geometry": { "type": "Polygon", "coordinates": [ [ [ 105.7787923, 21.0212971 ], [ 105.7788409, 21.0251049 ], [ 105.779099099999982, 21.0215921 ], [ 105.7797466, 21.0204667 ], [ 105.7812926, 21.0190509 ], [ 105.7827861, 21.0181343 ], [ 105.784113, 21.0190752 ], [ 105.78416, 21.0191663 ], [ 105.7856934, 21.0202049 ], [ 105.786122299999988, 21.0203108 ], [ 105.7865387, 21.0191609 ], [ 105.7860775, 21.0175909 ], [ 105.785506399999989, 21.0175723 ], [ 105.7850638, 21.0175458 ], [ 105.783598399999988, 21.0156847 ], [ 105.784290199999987, 21.0148329 ], [ 105.784929, 21.0140561 ], [ 105.783263599999984, 21.0140816 ], [ 105.781464, 21.0147435 ], [ 105.7793593, 21.0155211 ], [ 105.7773068, 21.0142567 ], [ 105.774902, 21.0150757 ], [ 105.773515499999988, 21.0152085 ], [ 105.7732008, 21.0165065 ], [ 105.773841, 21.0189416 ], [ 105.7754048, 21.0188542 ], [ 105.7768473, 21.0200659 ], [ 105.7787923, 21.0212971 ] ] ] } },
{ "type": "Feature", "properties": { "threshold_s": 600, "time_label": "10 min drive" }, "geometry": { "type": "Polygon", "coordinates": [ [ [ 105.7665695, 21.0238549 ], [ 105.76662, 21.0239745 ], [ 105.7670569, 21.0238119 ], [ 105.770785499999988, 21.025231 ], [ 105.77121769999998, 21.0264137 ], [ 105.771238, 21.0265792 ], [ 105.7736682, 21.0261405 ], [ 105.7747937, 21.0295595 ], [ 105.7742317, 21.0314186 ], [ 105.7774912, 21.0311847 ], [ 105.780200799999989, 21.0331404 ], [ 105.780489, 21.0346752 ], [ 105.7806267, 21.035279 ], [ 105.7824877, 21.0333415 ], [ 105.7839135, 21.030919 ], [ 105.783945, 21.0302408 ], [ 105.78746, 21.0281025 ], [ 105.7876198, 21.0280911 ], [ 105.789276, 21.0279646 ], [ 105.792486899999986, 21.0280313 ], [ 105.792539299999987, 21.0249285 ], [ 105.792066599999984, 21.0223365 ], [ 105.794681, 21.0204381 ], [ 105.794788899999986, 21.0202822 ], [ 105.7949843, 21.0193528 ], [ 105.7943705, 21.0184233 ], [ 105.7909456, 21.0165351 ], [ 105.791419599999983, 21.0130853 ], [ 105.792380499999979, 21.0119247 ], [ 105.79295, 21.0112094 ], [ 105.792679899999982, 21.0093906 ], [ 105.7917988, 21.0060539 ], [ 105.7917004, 21.0053787 ], [ 105.7909653, 21.0047734 ], [ 105.790268399999988, 21.0074236 ], [ 105.788717299999988, 21.0093097 ], [ 105.7868004, 21.0117028 ], [ 105.784318899999988, 21.00993 ], [ 105.783039299999984, 21.0089995 ], [ 105.7826429, 21.0103564 ], [ 105.778566500000011, 21.0102916 ], [ 105.777923699999988, 21.0086651 ], [ 105.7775735, 21.0066007 ], [ 105.7770969, 21.0085531 ], [ 105.773423, 21.0097387 ], [ 105.7718026, 21.0100835 ], [ 105.7716763, 21.0102273 ], [ 105.7712683, 21.0117854 ], [ 105.76957, 21.0142555 ], [ 105.7666999, 21.017074 ], [ 105.7665758, 21.0173618 ], [ 105.766706200000016, 21.0204948 ], [ 105.7665695, 21.0238549 ] ] ] } },
{ "type": "Feature", "properties": { "threshold_s": 900, "time_label": "15 min drive" }, "geometry": { "type": "Polygon", "coordinates": [ [ [ 105.763777499999989, 21.035137 ], [ 105.76382049999998, 21.0352572 ], [ 105.7646371, 21.0359484 ], [ 105.7670123, 21.0372474 ], [ 105.7680028, 21.0377061 ], [ 105.771668399999982, 21.0385164 ], [ 105.7720108, 21.0384125 ], [ 105.7721936, 21.0383636 ], [ 105.7737524, 21.0379533 ], [ 105.7750251, 21.0378724 ], [ 105.7760617, 21.0372582 ], [ 105.7807356, 21.0408854 ], [ 105.780896100000021, 21.0431582 ], [ 105.7813836, 21.045339 ], [ 105.7814075, 21.0456891 ], [ 105.7840377, 21.0417303 ], [ 105.784003, 21.0405566 ], [ 105.7879618, 21.0365313 ], [ 105.7905537, 21.0388376 ], [ 105.793998799999983, 21.0364838 ], [ 105.7962622, 21.0343942 ], [ 105.7962208, 21.034265 ], [ 105.794807799999987, 21.0298557 ], [ 105.7980311, 21.0268446 ], [ 105.798635, 21.0265314 ], [ 105.7987959, 21.0264564 ], [ 105.8010002, 21.0216993 ], [ 105.8017515, 21.020406 ], [ 105.8018031, 21.0203137 ], [ 105.8023428, 21.0193091 ], [ 105.802798599999988, 21.016999 ], [ 105.8026473, 21.0135159 ], [ 105.8014435, 21.0084068 ], [ 105.800511, 21.004467 ], [ 105.800186499999981, 21.0022985 ], [ 105.797835, 20.9980607 ], [ 105.7950569, 20.9982233 ], [ 105.7904884, 20.9991324 ], [ 105.789722699999984, 21.002891 ], [ 105.789256599999987, 21.003581 ], [ 105.782811700000011, 21.0026587 ], [ 105.78108779999998, 20.9994699 ], [ 105.7802089, 20.9980136 ], [ 105.7794161, 21.0030366 ], [ 105.773880399999982, 21.0035708 ], [ 105.772818499999985, 21.0034659 ], [ 105.767886599999983, 21.0060766 ], [ 105.763071199999985, 21.0051121 ], [ 105.761326, 21.0071801 ], [ 105.7615731, 21.0114551 ], [ 105.765238, 21.0108684 ], [ 105.7671956, 21.0165248 ], [ 105.7666999, 21.017074 ], [ 105.7622641, 21.0196614 ], [ 105.76206569999998, 21.0196613 ], [ 105.762052399999988, 21.0214675 ], [ 105.759475, 21.0260593 ], [ 105.7589887, 21.0264855 ], [ 105.758087299999985, 21.0272876 ], [ 105.761561499999985, 21.0301075 ], [ 105.763777499999989, 21.035137 ] ] ] } },
{ "type": "Feature", "properties": { "threshold_s": 300, "time_label": "5 min drive" }, "geometry": { "type": "Polygon", "coordinates": [ [ [ 105.7938505, 21.0100126 ], [ 105.7937316, 21.0103181 ], [ 105.7953437, 21.0097815 ], [ 105.798126899999986, 21.0093354 ], [ 105.7993146, 21.0104976 ], [ 105.7994228, 21.0105902 ], [ 105.800564799999989, 21.0116311 ], [ 105.802814199999986, 21.0133835 ], [ 105.8030631, 21.0136229 ], [ 105.8040053, 21.0136116 ], [ 105.8048908, 21.0114872 ], [ 105.8046427, 21.0104259 ], [ 105.8046479, 21.0099789 ], [ 105.8046726, 21.0096398 ], [ 105.805341399999989, 21.0076337 ], [ 105.806700299999989, 21.0068397 ], [ 105.8085143, 21.0080851 ], [ 105.809562699999987, 21.0088686 ], [ 105.809437299999985, 21.0086567 ], [ 105.808682399999981, 21.0080303 ], [ 105.8070191, 21.0062683 ], [ 105.806894799999981, 21.0052618 ], [ 105.806962199999987, 21.0039196 ], [ 105.806988799999985, 21.0037853 ], [ 105.807011599999981, 21.0034512 ], [ 105.8067132, 21.001913 ], [ 105.806439399999988, 21.0018856 ], [ 105.803644, 21.0010914 ], [ 105.8020453, 20.9999631 ], [ 105.8015778, 20.9984711 ], [ 105.8009469, 20.9981466 ], [ 105.8005399, 20.9981962 ], [ 105.799912, 20.9984526 ], [ 105.797120199999981, 20.998951 ], [ 105.795963799999981, 20.9989184 ], [ 105.7958977, 21.0004443 ], [ 105.7961782, 21.0006617 ], [ 105.7942658, 21.0030488 ], [ 105.7952323, 21.0037605 ], [ 105.797615899999983, 21.0054319 ], [ 105.797070399999981, 21.006101 ], [ 105.7964433, 21.0068101 ], [ 105.793491599999982, 21.0062728 ], [ 105.795342599999984, 21.007529 ], [ 105.7945565, 21.00919 ], [ 105.7938505, 21.0100126 ] ] ] } },
{ "type": "Feature", "properties": { "threshold_s": 600, "time_label": "10 min drive" }, "geometry": { "type": "Polygon", "coordinates": [ [ [ 105.7866487, 21.0168519 ], [ 105.7871757, 21.0183792 ], [ 105.788054599999981, 21.01851 ], [ 105.7901103, 21.0177151 ], [ 105.7935617, 21.0183528 ], [ 105.793645799999979, 21.0184009 ], [ 105.7951008, 21.0191847 ], [ 105.7963459, 21.0199034 ], [ 105.799750399999979, 21.0192064 ], [ 105.8008861, 21.021622 ], [ 105.8010002, 21.0216993 ], [ 105.8017515, 21.020406 ], [ 105.8018031, 21.0203137 ], [ 105.8038896, 21.0185426 ], [ 105.8072926, 21.0203603 ], [ 105.8088205, 21.0207171 ], [ 105.810717499999981, 21.0186317 ], [ 105.811559099999982, 21.0177554 ], [ 105.815723, 21.0176486 ], [ 105.8161381, 21.0160229 ], [ 105.8176724, 21.0124305 ], [ 105.81725059999998, 21.0119342 ], [ 105.8160708, 21.0104471 ], [ 105.8153637, 21.0077986 ], [ 105.816423700000016, 21.0062468 ], [ 105.8169541, 21.005215 ], [ 105.8164429, 21.0049643 ], [ 105.814768299999983, 21.0063694 ], [ 105.812051, 21.0071526 ], [ 105.8110762, 21.0034931 ], [ 105.8117191, 21.0028656 ], [ 105.811178499999983, 20.9998658 ], [ 105.8114354, 20.9968636 ], [ 105.8111549, 20.9966757 ], [ 105.809529, 20.9955864 ], [ 105.8070072, 20.994364 ], [ 105.806733599999987, 20.9941675 ], [ 105.805248, 20.9926706 ], [ 105.804124699999988, 20.9900157 ], [ 105.801128599999984, 20.990209 ], [ 105.7991284, 20.9925277 ], [ 105.795569699999987, 20.9916239 ], [ 105.7943971, 20.9923757 ], [ 105.793180699999979, 20.9930586 ], [ 105.7928194, 20.9932617 ], [ 105.7919663, 20.9937503 ], [ 105.7902791, 20.9947345 ], [ 105.7876235, 20.9930818 ], [ 105.787565699999988, 20.9932025 ], [ 105.790146299999989, 20.9948176 ], [ 105.7875051, 20.9973598 ], [ 105.7872112, 20.9976783 ], [ 105.7904884, 20.9991324 ], [ 105.789722699999984, 21.002891 ], [ 105.7850597, 21.0021777 ], [ 105.789256599999987, 21.003581 ], [ 105.790268399999988, 21.0074236 ], [ 105.788717299999988, 21.0093097 ], [ 105.7868004, 21.0117028 ], [ 105.7864655, 21.0149925 ], [ 105.7864199, 21.0152666 ], [ 105.7866487, 21.0168519 ] ] ] } },
{ "type": "Feature", "properties": { "threshold_s": 900, "time_label": "15 min drive" }, "geometry": { "type": "Polygon", "coordinates": [ [ [ 105.779546399999987, 21.0183829 ], [ 105.7843605, 21.0258818 ], [ 105.787720199999981, 21.0277769 ], [ 105.792260399999989, 21.0275136 ], [ 105.8010315, 21.0303453 ], [ 105.8016402, 21.0301634 ], [ 105.801987899999986, 21.0300012 ], [ 105.8059026, 21.0290071 ], [ 105.81288859999998, 21.0314836 ], [ 105.813511299999988, 21.0318033 ], [ 105.8154612, 21.0271893 ], [ 105.8217474, 21.0253173 ], [ 105.8218932, 21.0251753 ], [ 105.824898, 21.0191072 ], [ 105.8263639, 21.015934 ], [ 105.8250728, 21.0106684 ], [ 105.8250477, 21.0104207 ], [ 105.824786499999988, 21.008971 ], [ 105.8271192, 21.0014607 ], [ 105.8270346, 21.0012111 ], [ 105.8227404, 20.9977613 ], [ 105.821921799999984, 20.9980767 ], [ 105.8202498, 20.9988597 ], [ 105.81831, 20.9993065 ], [ 105.8139974, 20.9985801 ], [ 105.810396399999988, 20.9907259 ], [ 105.8107236, 20.9894471 ], [ 105.809871499999986, 20.9822248 ], [ 105.809219399999989, 20.9817526 ], [ 105.808725, 20.9821023 ], [ 105.799509499999985, 20.9832787 ], [ 105.7935807, 20.9848133 ], [ 105.7888636, 20.9856832 ], [ 105.78490429999998, 20.9896581 ], [ 105.7788201, 20.9874616 ], [ 105.7786682, 20.9873528 ], [ 105.777643499999982, 20.9866488 ], [ 105.7775639, 20.9867327 ], [ 105.777601, 20.9921166 ], [ 105.777511299999986, 20.993552 ], [ 105.777797299999989, 20.9940176 ], [ 105.7802089, 20.9980136 ], [ 105.775675, 21.0044637 ], [ 105.774033, 21.0048344 ], [ 105.773737699999984, 21.004903 ], [ 105.773112699999984, 21.0050297 ], [ 105.772822199999979, 21.0050869 ], [ 105.7770969, 21.0085531 ], [ 105.7781173, 21.0159072 ], [ 105.779546399999987, 21.0183829 ] ] ] } },
{ "type": "Feature", "properties": { "threshold_s": 300, "time_label": "5 min drive" }, "geometry": { "type": "Polygon", "coordinates": [ [ [ 105.841405499999979, 21.0199175 ], [ 105.8414355, 21.021993 ], [ 105.84309709999998, 21.021558 ], [ 105.845411900000016, 21.0229745 ], [ 105.8463801, 21.0245553 ], [ 105.846418699999987, 21.0246672 ], [ 105.849699099999981, 21.0251837 ], [ 105.850098599999981, 21.0263959 ], [ 105.851678599999985, 21.0259447 ], [ 105.8535709, 21.0273332 ], [ 105.8545573, 21.025672 ], [ 105.8568687, 21.0238846 ], [ 105.8574777, 21.022875 ], [ 105.8577239, 21.0221286 ], [ 105.8577393, 21.0220815 ], [ 105.8580477, 21.0211556 ], [ 105.86021839999998, 21.0190576 ], [ 105.8583461, 21.0169388 ], [ 105.85839679999998, 21.0145685 ], [ 105.8559995, 21.012832 ], [ 105.8530265, 21.0134566 ], [ 105.8522802, 21.011966 ], [ 105.851554299999989, 21.0105215 ], [ 105.8509181, 21.0088132 ], [ 105.8505767, 21.008786 ], [ 105.8490179, 21.0095714 ], [ 105.8479992, 21.0117844 ], [ 105.8463087, 21.0126788 ], [ 105.846647899999979, 21.0134641 ], [ 105.847263, 21.0153508 ], [ 105.846956799999987, 21.0171098 ], [ 105.844269199999985, 21.017305 ], [ 105.8435857, 21.0172651 ], [ 105.8424924, 21.0173642 ], [ 105.8414099, 21.0174645 ], [ 105.8413912, 21.0188449 ], [ 105.841405499999979, 21.0199175 ] ] ] } },
{ "type": "Feature", "properties": { "threshold_s": 600, "time_label": "10 min drive" }, "geometry": { "type": "Polygon", "coordinates": [ [ [ 105.8388391, 21.0280565 ], [ 105.8403466, 21.0314387 ], [ 105.843290199999984, 21.0323602 ], [ 105.8457273, 21.0347159 ], [ 105.8470504, 21.0355456 ], [ 105.848386, 21.0361504 ], [ 105.850024, 21.0353227 ], [ 105.8546701, 21.035414 ], [ 105.8583561, 21.0320441 ], [ 105.8603817, 21.0291546 ], [ 105.861773199999988, 21.025698 ], [ 105.8620378, 21.0248247 ], [ 105.86210149999998, 21.0246067 ], [ 105.862065, 21.0195265 ], [ 105.8645084, 21.0169571 ], [ 105.865231599999987, 21.0153725 ], [ 105.8655468, 21.0144409 ], [ 105.8657318, 21.0120932 ], [ 105.866515899999982, 21.0078988 ], [ 105.8634401, 21.0082779 ], [ 105.860888599999981, 21.006907 ], [ 105.858652, 21.0085882 ], [ 105.8549535, 21.005497 ], [ 105.85495, 21.005205 ], [ 105.8549485, 21.0048029 ], [ 105.854945, 21.0035685 ], [ 105.855178399999986, 21.0027894 ], [ 105.8546476, 21.0020295 ], [ 105.850294299999987, 20.9988078 ], [ 105.849368499999983, 21.0012654 ], [ 105.8458635, 21.0030043 ], [ 105.845777899999987, 21.004206 ], [ 105.8413113, 21.0063215 ], [ 105.8407724, 21.0079662 ], [ 105.8410532, 21.0107455 ], [ 105.841156, 21.0107456 ], [ 105.8413476, 21.010746 ], [ 105.8463087, 21.0126788 ], [ 105.8435857, 21.0172651 ], [ 105.8424924, 21.0173642 ], [ 105.8414099, 21.0174645 ], [ 105.8372522, 21.018501 ], [ 105.833795699999982, 21.0192431 ], [ 105.830562599999979, 21.0190758 ], [ 105.834126, 21.0213059 ], [ 105.8376116, 21.0232408 ], [ 105.8385407, 21.0267578 ], [ 105.8388391, 21.0280565 ] ] ] } },
{ "type": "Feature", "properties": { "threshold_s": 900, "time_label": "15 min drive" }, "geometry": { "type": "Polygon", "coordinates": [ [ [ 105.8288446, 21.0324006 ], [ 105.828823, 21.0325515 ], [ 105.8317055, 21.0344357 ], [ 105.837023599999981, 21.0388764 ], [ 105.8400482, 21.041063 ], [ 105.8425574, 21.0423547 ], [ 105.8443967, 21.0432368 ], [ 105.847211800000011, 21.0443291 ], [ 105.850342499999982, 21.0441496 ], [ 105.8532054, 21.0410502 ], [ 105.8559408, 21.0375631 ], [ 105.861271699999989, 21.0304235 ], [ 105.86210149999998, 21.0246067 ], [ 105.864448899999985, 21.0179396 ], [ 105.8680303, 21.0100022 ], [ 105.8697744, 21.0049515 ], [ 105.8742909, 21.0023561 ], [ 105.8713287, 20.9995973 ], [ 105.8711588, 20.9994913 ], [ 105.863252099999983, 20.994348 ], [ 105.8617537, 20.9935302 ], [ 105.852709600000011, 20.9941669 ], [ 105.8495471, 20.9930515 ], [ 105.8409087, 20.9943954 ], [ 105.8398059, 20.9951096 ], [ 105.8347146, 21.0009086 ], [ 105.8333233, 21.0020869 ], [ 105.832980599999985, 21.0026681 ], [ 105.8307843, 21.0063522 ], [ 105.8249361, 21.010282 ], [ 105.823222700000017, 21.0165348 ], [ 105.821496599999989, 21.0200784 ], [ 105.820567399999987, 21.0232275 ], [ 105.8276909, 21.0268084 ], [ 105.8288446, 21.0324006 ] ] ] } },
{ "type": "Feature", "properties": { "threshold_s": 300, "time_label": "5 min drive" }, "geometry": { "type": "Polygon", "coordinates": [ [ [ 105.8454121, 21.0400507 ], [ 105.8452169, 21.0406891 ], [ 105.845568499999985, 21.0405007 ], [ 105.8474489, 21.040873 ], [ 105.8472071, 21.0419565 ], [ 105.8482371, 21.042392 ], [ 105.8482846, 21.041106 ], [ 105.8502071, 21.0410105 ], [ 105.850356799999986, 21.0411413 ], [ 105.852290599999989, 21.040453 ], [ 105.8532054, 21.0410502 ], [ 105.8539648, 21.0399026 ], [ 105.8552544, 21.038343 ], [ 105.8559408, 21.0375631 ], [ 105.8559647, 21.0363109 ], [ 105.856505, 21.0347543 ], [ 105.856500399999987, 21.033561 ], [ 105.8575259, 21.0325659 ], [ 105.8594201, 21.0325236 ], [ 105.859561899999989, 21.032523 ], [ 105.858440299999984, 21.031784 ], [ 105.8585383, 21.0299404 ], [ 105.8583197, 21.0293284 ], [ 105.857796199999981, 21.028661 ], [ 105.856075, 21.0274672 ], [ 105.8558255, 21.0270181 ], [ 105.8559552, 21.0275369 ], [ 105.853811899999982, 21.0288128 ], [ 105.855437800000018, 21.0289498 ], [ 105.8567112, 21.0297654 ], [ 105.855826199999981, 21.0312919 ], [ 105.8545659, 21.0314536 ], [ 105.8539092, 21.0313985 ], [ 105.853331499999982, 21.0313059 ], [ 105.8518851, 21.0318561 ], [ 105.8510791, 21.0304701 ], [ 105.850585599999988, 21.0291892 ], [ 105.8511617, 21.0278966 ], [ 105.8495631, 21.0288558 ], [ 105.8494419, 21.0291799 ], [ 105.8501894, 21.0298974 ], [ 105.8486543, 21.0310594 ], [ 105.8474725, 21.0304548 ], [ 105.8464, 21.0291195 ], [ 105.846568, 21.0299584 ], [ 105.845064, 21.0313485 ], [ 105.8452826, 21.0324584 ], [ 105.8447768, 21.0340917 ], [ 105.8449379, 21.0348636 ], [ 105.845924, 21.0356714 ], [ 105.8454918, 21.0375308 ], [ 105.8471313, 21.0386835 ], [ 105.8471764, 21.0398976 ], [ 105.8454121, 21.0400507 ] ] ] } },
{ "type": "Feature", "properties": { "threshold_s": 600, "time_label": "10 min drive" }, "geometry": { "type": "Polygon", "coordinates": [ [ [ 105.8351095, 21.0426739 ], [ 105.8363039, 21.0440074 ], [ 105.8407961, 21.0470259 ], [ 105.8418845, 21.0488831 ], [ 105.8481324, 21.0481674 ], [ 105.8492648, 21.0462351 ], [ 105.8532054, 21.0410502 ], [ 105.8559408, 21.0375631 ], [ 105.859561899999989, 21.032523 ], [ 105.861271699999989, 21.0304235 ], [ 105.86210149999998, 21.0246067 ], [ 105.862065, 21.0195265 ], [ 105.861804899999981, 21.0185343 ], [ 105.858891499999984, 21.0183814 ], [ 105.8529519, 21.0168194 ], [ 105.848517199999989, 21.0181574 ], [ 105.8447516, 21.0210682 ], [ 105.8414355, 21.021993 ], [ 105.8395402, 21.0242642 ], [ 105.8361111, 21.0279427 ], [ 105.836268899999979, 21.0316267 ], [ 105.837565, 21.033506 ], [ 105.8392334, 21.0385243 ], [ 105.8361675, 21.0416685 ], [ 105.8351095, 21.0426739 ] ] ] } },
{ "type": "Feature", "properties": { "threshold_s": 900, "time_label": "15 min drive" }, "geometry": { "type": "Polygon", "coordinates": [ [ [ 105.835914299999985, 21.0526278 ], [ 105.8359029, 21.0567171 ], [ 105.835981499999988, 21.0567613 ], [ 105.8363703, 21.0569683 ], [ 105.8418824, 21.056518 ], [ 105.842661399999983, 21.0560142 ], [ 105.8443236, 21.0542526 ], [ 105.8481324, 21.0481674 ], [ 105.8492648, 21.0462351 ], [ 105.850106499999981, 21.0449387 ], [ 105.8532054, 21.0410502 ], [ 105.8539648, 21.0399026 ], [ 105.8552544, 21.038343 ], [ 105.8559408, 21.0375631 ], [ 105.8652272, 21.0404883 ], [ 105.8645302, 21.0425052 ], [ 105.8645845, 21.0429123 ], [ 105.8644483, 21.0456788 ], [ 105.865305, 21.0468306 ], [ 105.8725829, 21.0444941 ], [ 105.872712899999982, 21.0441993 ], [ 105.872754699999987, 21.0440955 ], [ 105.8729175, 21.0433116 ], [ 105.8728378, 21.0353082 ], [ 105.869877699999989, 21.0326259 ], [ 105.8683177, 21.0331559 ], [ 105.8613337, 21.0288933 ], [ 105.861773199999988, 21.025698 ], [ 105.8620378, 21.0248247 ], [ 105.86210149999998, 21.0246067 ], [ 105.863899, 21.018973 ], [ 105.864448899999985, 21.0179396 ], [ 105.865231599999987, 21.0153725 ], [ 105.8655468, 21.0144409 ], [ 105.8657318, 21.0120932 ], [ 105.8657599, 21.0099729 ], [ 105.865509500000016, 21.0090308 ], [ 105.8632327, 21.0087893 ], [ 105.8626885, 21.0088032 ], [ 105.8608043, 21.0089478 ], [ 105.851396599999987, 21.0083109 ], [ 105.8483495, 21.0083185 ], [ 105.847775899999988, 21.0083897 ], [ 105.8413476, 21.010746 ], [ 105.8372522, 21.018501 ], [ 105.833795699999982, 21.0192431 ], [ 105.8307261, 21.0201732 ], [ 105.8306589, 21.0202038 ], [ 105.827496, 21.0262322 ], [ 105.8256498, 21.031761 ], [ 105.8256225, 21.0318746 ], [ 105.8267433, 21.0343099 ], [ 105.8247218, 21.0424488 ], [ 105.8285905, 21.0410636 ], [ 105.8363039, 21.0440074 ], [ 105.835914299999985, 21.0526278 ] ] ] } },
{ "type": "Feature", "properties": { "threshold_s": 300, "time_label": "5 min drive" }, "geometry": { "type": "Polygon", "coordinates": [ [ [ 105.8330804, 21.0593648 ], [ 105.8317713, 21.0608811 ], [ 105.8334615, 21.0597501 ], [ 105.834240899999983, 21.0589135 ], [ 105.83505959999998, 21.0583942 ], [ 105.8350074, 21.0583501 ], [ 105.834641199999979, 21.0574738 ], [ 105.835981499999988, 21.0567613 ], [ 105.8363703, 21.0569683 ], [ 105.836724799999985, 21.0559009 ], [ 105.8368274, 21.0552363 ], [ 105.8360691, 21.0561833 ], [ 105.8359029, 21.0567171 ], [ 105.834449899999981, 21.0573804 ], [ 105.8338994, 21.0563856 ], [ 105.8339102, 21.0561637 ], [ 105.8337692, 21.0561987 ], [ 105.8330831, 21.0565613 ], [ 105.832645699999986, 21.0568351 ], [ 105.832645699999986, 21.0569501 ], [ 105.832954499999985, 21.057045 ], [ 105.83451239999998, 21.0577101 ], [ 105.8324125, 21.0582621 ], [ 105.833021599999981, 21.0593043 ], [ 105.8330804, 21.0593648 ] ] ] } },
{ "type": "Feature", "properties": { "threshold_s": 600, "time_label": "10 min drive" }, "geometry": { "type": "Polygon", "coordinates": [ [ [ 105.8247192, 21.064041 ], [ 105.8260746, 21.0681488 ], [ 105.82771, 21.0668229 ], [ 105.8322703, 21.0671693 ], [ 105.8342935, 21.0669507 ], [ 105.836126, 21.0657657 ], [ 105.8370781, 21.0623407 ], [ 105.8365092, 21.0599428 ], [ 105.8404866, 21.0555921 ], [ 105.840919299999982, 21.0557136 ], [ 105.841105099999979, 21.0557457 ], [ 105.8443236, 21.0542526 ], [ 105.844027199999985, 21.049822 ], [ 105.8448704, 21.0455071 ], [ 105.843328099999979, 21.0455598 ], [ 105.8415026, 21.0461588 ], [ 105.838508299999987, 21.0487951 ], [ 105.836611, 21.0526526 ], [ 105.832645699999986, 21.0568351 ], [ 105.8324125, 21.0582621 ], [ 105.8293449, 21.0627201 ], [ 105.824541599999989, 21.0632504 ], [ 105.8247192, 21.064041 ] ] ] } },
{ "type": "Feature", "properties": { "threshold_s": 900, "time_label": "15 min drive" }, "geometry": { "type": "Polygon", "coordinates": [ [ [ 105.819147699999988, 21.0746625 ], [ 105.8187864, 21.0750424 ], [ 105.8188372, 21.0750797 ], [ 105.8214633, 21.0767496 ], [ 105.8221015, 21.0765014 ], [ 105.826889699999981, 21.0742817 ], [ 105.8290271, 21.0726398 ], [ 105.833167299999985, 21.0696651 ], [ 105.83456409999998, 21.0684068 ], [ 105.8350823, 21.0674844 ], [ 105.837913199999988, 21.0640415 ], [ 105.8381526, 21.0625215 ], [ 105.842760199999987, 21.0584602 ], [ 105.8460751, 21.0600606 ], [ 105.8487992, 21.0606557 ], [ 105.8448187, 21.0565981 ], [ 105.8443236, 21.0542526 ], [ 105.8481324, 21.0481674 ], [ 105.8492648, 21.0462351 ], [ 105.850106499999981, 21.0449387 ], [ 105.8513591, 21.04259 ], [ 105.8523166, 21.0409591 ], [ 105.852338599999982, 21.0385754 ], [ 105.8470901, 21.0365581 ], [ 105.8454918, 21.0375308 ], [ 105.8397245, 21.0384477 ], [ 105.8363518, 21.0356501 ], [ 105.837023599999981, 21.0388764 ], [ 105.835097299999987, 21.0418506 ], [ 105.828665499999985, 21.0395817 ], [ 105.8285905, 21.0410636 ], [ 105.8351095, 21.0426739 ], [ 105.8363039, 21.0440074 ], [ 105.838508299999987, 21.0487951 ], [ 105.835914299999985, 21.0526278 ], [ 105.832645699999986, 21.0568351 ], [ 105.8324125, 21.0582621 ], [ 105.8261921, 21.0612048 ], [ 105.8230532, 21.0569821 ], [ 105.8208852, 21.0546983 ], [ 105.820405799999989, 21.0550064 ], [ 105.820428099999987, 21.0568115 ], [ 105.8209989, 21.0621614 ], [ 105.819245, 21.0667666 ], [ 105.8193864, 21.0672773 ], [ 105.8197134, 21.0740943 ], [ 105.819147699999988, 21.0746625 ] ] ] } },
{ "type": "Feature", "properties": { "threshold_s": 300, "time_label": "5 min drive" }, "geometry": { "type": "Polygon", "coordinates": [ [ [ 105.8690322, 21.0508449 ], [ 105.868627099999983, 21.0518477 ], [ 105.870113599999982, 21.0512557 ], [ 105.872266699999983, 21.0503362 ], [ 105.87308969999998, 21.0495042 ], [ 105.8755337, 21.0494455 ], [ 105.8773687, 21.0501996 ], [ 105.8763895, 21.0534954 ], [ 105.8763937, 21.0536505 ], [ 105.8764455, 21.0539323 ], [ 105.8791578, 21.0547189 ], [ 105.8806019, 21.0528925 ], [ 105.8780216, 21.0515061 ], [ 105.877947, 21.0488486 ], [ 105.8794483, 21.0480244 ], [ 105.8813555, 21.0483011 ], [ 105.881839, 21.0485435 ], [ 105.882271299999985, 21.0487561 ], [ 105.8830187, 21.0491131 ], [ 105.8842, 21.0507515 ], [ 105.8846079, 21.0508208 ], [ 105.8847999, 21.0508254 ], [ 105.884976, 21.0501453 ], [ 105.8848091, 21.048789 ], [ 105.885000099999985, 21.0469574 ], [ 105.8848217, 21.0458134 ], [ 105.8842314, 21.04506 ], [ 105.883444, 21.0443159 ], [ 105.8820299, 21.0430102 ], [ 105.8808908, 21.0419487 ], [ 105.8777281, 21.0421352 ], [ 105.876740799999979, 21.0424248 ], [ 105.8736339, 21.042088 ], [ 105.8706398, 21.0424098 ], [ 105.8702501, 21.0420115 ], [ 105.867651099999989, 21.0435682 ], [ 105.8672707, 21.0459064 ], [ 105.867678899999987, 21.0462014 ], [ 105.8702093, 21.046298 ], [ 105.870636, 21.0482143 ], [ 105.8695713, 21.0498696 ], [ 105.869133, 21.0506627 ], [ 105.8690322, 21.0508449 ] ] ] } },
{ "type": "Feature", "properties": { "threshold_s": 600, "time_label": "10 min drive" }, "geometry": { "type": "Polygon", "coordinates": [ [ [ 105.86444539999998, 21.0568185 ], [ 105.8637456, 21.0601015 ], [ 105.8680789, 21.0603097 ], [ 105.873587, 21.0574031 ], [ 105.875602900000018, 21.0573151 ], [ 105.8774143, 21.057236 ], [ 105.880417699999981, 21.0565259 ], [ 105.8847394, 21.0582911 ], [ 105.886039599999989, 21.0589804 ], [ 105.891635799999989, 21.0588735 ], [ 105.8918411, 21.0586443 ], [ 105.8915407, 21.0557281 ], [ 105.8919146, 21.0499274 ], [ 105.8918177, 21.0498801 ], [ 105.8883377, 21.0479859 ], [ 105.886104299999985, 21.0430979 ], [ 105.8828095, 21.03807 ], [ 105.882826699999981, 21.036284 ], [ 105.8800489, 21.0340549 ], [ 105.8788777, 21.0331559 ], [ 105.877210599999984, 21.033413 ], [ 105.8746544, 21.0343807 ], [ 105.8700014, 21.0344509 ], [ 105.867281899999981, 21.0355422 ], [ 105.8654306, 21.0378592 ], [ 105.8645302, 21.0425052 ], [ 105.8644483, 21.0456788 ], [ 105.863881599999985, 21.0508246 ], [ 105.8638711, 21.0513272 ], [ 105.8641684, 21.0533366 ], [ 105.86444539999998, 21.0568185 ] ] ] } },
{ "type": "Feature", "properties": { "threshold_s": 900, "time_label": "15 min drive" }, "geometry": { "type": "Polygon", "coordinates": [ [ [ 105.8566887, 21.0682744 ], [ 105.8570704, 21.0687372 ], [ 105.8583717, 21.0685599 ], [ 105.858906, 21.0684699 ], [ 105.859707699999987, 21.0679259 ], [ 105.8613168, 21.066908 ], [ 105.870210899999989, 21.0660615 ], [ 105.8712769, 21.0664883 ], [ 105.872661199999982, 21.0667914 ], [ 105.880283399999982, 21.0685063 ], [ 105.8808369, 21.0686343 ], [ 105.882485299999985, 21.0685187 ], [ 105.885347, 21.0675668 ], [ 105.886228399999979, 21.0672578 ], [ 105.8935548, 21.0651464 ], [ 105.8989087, 21.0663883 ], [ 105.9005692, 21.0625349 ], [ 105.9006135, 21.0607864 ], [ 105.9004634, 21.0581906 ], [ 105.9005483, 21.0512527 ], [ 105.8992108, 21.0449271 ], [ 105.895198799999989, 21.0460571 ], [ 105.886104299999985, 21.0430979 ], [ 105.882826699999981, 21.036284 ], [ 105.887697399999979, 21.0290548 ], [ 105.8876918, 21.0289046 ], [ 105.88767559999998, 21.0284657 ], [ 105.887596099999982, 21.0281259 ], [ 105.8856217, 21.0242671 ], [ 105.8830065, 21.0248628 ], [ 105.8750471, 21.0270746 ], [ 105.870419399999989, 21.0286352 ], [ 105.8691818, 21.0308484 ], [ 105.8683511, 21.0322908 ], [ 105.867767599999979, 21.0331813 ], [ 105.867567699999981, 21.0338859 ], [ 105.866446499999981, 21.0358959 ], [ 105.8654306, 21.0378592 ], [ 105.8559408, 21.0375631 ], [ 105.8552948, 21.0346717 ], [ 105.8559161, 21.032665 ], [ 105.8568546, 21.0314209 ], [ 105.8567492, 21.0313753 ], [ 105.8565198, 21.0313238 ], [ 105.85453219999998, 21.0321868 ], [ 105.85204490000001, 21.0339261 ], [ 105.852338599999982, 21.0385754 ], [ 105.853059499999986, 21.0392672 ], [ 105.853999, 21.0394404 ], [ 105.8552544, 21.038343 ], [ 105.8645302, 21.0425052 ], [ 105.8645845, 21.0429123 ], [ 105.8644483, 21.0456788 ], [ 105.863881599999985, 21.0508246 ], [ 105.8624137, 21.0556878 ], [ 105.86223339999998, 21.056369 ], [ 105.8621446, 21.0569473 ], [ 105.861555, 21.0593849 ], [ 105.8578995, 21.0670333 ], [ 105.8566887, 21.0682744 ] ] ] } },
{ "type": "Feature", "properties": { "threshold_s": 300, "time_label": "5 min drive" }, "geometry": { "type": "Polygon", "coordinates": [ [ [ 105.8235312, 21.0684479 ], [ 105.8241143, 21.0690826 ], [ 105.8261402, 21.0705888 ], [ 105.827299699999983, 21.0671643 ], [ 105.8276535, 21.0650398 ], [ 105.829448, 21.0628147 ], [ 105.8318571, 21.0612589 ], [ 105.831994499999979, 21.0611961 ], [ 105.831838, 21.0610843 ], [ 105.8293449, 21.0627201 ], [ 105.8261921, 21.0612048 ], [ 105.824286499999985, 21.0622978 ], [ 105.822182799999979, 21.0599538 ], [ 105.8225194, 21.0577003 ], [ 105.8230532, 21.0569821 ], [ 105.8208852, 21.0546983 ], [ 105.820405799999989, 21.0550064 ], [ 105.820428099999987, 21.0568115 ], [ 105.821051, 21.0572709 ], [ 105.8213692, 21.0613834 ], [ 105.8212833, 21.0615543 ], [ 105.8209989, 21.0621614 ], [ 105.8210202, 21.0626814 ], [ 105.821765299999981, 21.0651393 ], [ 105.8239587, 21.0668032 ], [ 105.8235312, 21.0684479 ] ] ] } },
{ "type": "Feature", "properties": { "threshold_s": 600, "time_label": "10 min drive" }, "geometry": { "type": "Polygon", "coordinates": [ [ [ 105.8187864, 21.0750424 ], [ 105.8173811, 21.0765881 ], [ 105.8174541, 21.0766474 ], [ 105.819997499999985, 21.0786459 ], [ 105.8240937, 21.0778059 ], [ 105.826889699999981, 21.0742817 ], [ 105.8324816, 21.0774658 ], [ 105.832584899999986, 21.0774652 ], [ 105.8292492, 21.0722103 ], [ 105.83081869999998, 21.0704346 ], [ 105.832541899999981, 21.0694327 ], [ 105.83456409999998, 21.0684068 ], [ 105.837913199999988, 21.0640415 ], [ 105.8373781, 21.0588464 ], [ 105.837592, 21.0525554 ], [ 105.8337692, 21.0561987 ], [ 105.8330831, 21.0565613 ], [ 105.832645699999986, 21.0568351 ], [ 105.8324125, 21.0582621 ], [ 105.8261921, 21.0612048 ], [ 105.8230532, 21.0569821 ], [ 105.8208852, 21.0546983 ], [ 105.820405799999989, 21.0550064 ], [ 105.820428099999987, 21.0568115 ], [ 105.8209989, 21.0621614 ], [ 105.819245, 21.0667666 ], [ 105.8193864, 21.0672773 ], [ 105.8213389, 21.0727396 ], [ 105.8197134, 21.0740943 ], [ 105.819147699999988, 21.0746625 ], [ 105.8187864, 21.0750424 ] ] ] } },
{ "type": "Feature", "properties": { "threshold_s": 900, "time_label": "15 min drive" }, "geometry": { "type": "Polygon", "coordinates": [ [ [ 105.814447799999982, 21.0865437 ], [ 105.815183, 21.0876498 ], [ 105.815461699999986, 21.0878261 ], [ 105.8162355, 21.0863521 ], [ 105.8216434, 21.0832042 ], [ 105.822218299999989, 21.082718 ], [ 105.8240937, 21.0778059 ], [ 105.8253094, 21.0758282 ], [ 105.8314745, 21.0788741 ], [ 105.8316711, 21.0793161 ], [ 105.8320226, 21.0815984 ], [ 105.8360514, 21.0785898 ], [ 105.8368812, 21.0776944 ], [ 105.8345935, 21.077639 ], [ 105.832833, 21.0769895 ], [ 105.8292492, 21.0722103 ], [ 105.83081869999998, 21.0704346 ], [ 105.833167299999985, 21.0696651 ], [ 105.83456409999998, 21.0684068 ], [ 105.8350823, 21.0674844 ], [ 105.837913199999988, 21.0640415 ], [ 105.8381526, 21.0625215 ], [ 105.8434512, 21.0579885 ], [ 105.8448187, 21.0565981 ], [ 105.8443236, 21.0542526 ], [ 105.844048699999988, 21.0528946 ], [ 105.844027199999985, 21.049822 ], [ 105.845842799999986, 21.0453855 ], [ 105.845952499999981, 21.0446982 ], [ 105.843057499999986, 21.0443714 ], [ 105.8360875, 21.0436361 ], [ 105.838508299999987, 21.0487951 ], [ 105.835914299999985, 21.0526278 ], [ 105.832645699999986, 21.0568351 ], [ 105.8324125, 21.0582621 ], [ 105.8261921, 21.0612048 ], [ 105.8230532, 21.0569821 ], [ 105.8208852, 21.0546983 ], [ 105.820405799999989, 21.0550064 ], [ 105.820428099999987, 21.0568115 ], [ 105.8209989, 21.0621614 ], [ 105.8210202, 21.0626814 ], [ 105.819245, 21.0667666 ], [ 105.8193864, 21.0672773 ], [ 105.8213389, 21.0727396 ], [ 105.8197134, 21.0740943 ], [ 105.8141544, 21.0722116 ], [ 105.812451, 21.0690924 ], [ 105.8123599, 21.0688327 ], [ 105.811406, 21.0670372 ], [ 105.8110384, 21.0671506 ], [ 105.8103776, 21.0680969 ], [ 105.809101699999985, 21.070406 ], [ 105.8105879, 21.0736839 ], [ 105.811102, 21.0749521 ], [ 105.811242299999989, 21.0752984 ], [ 105.8122125, 21.0772119 ], [ 105.8126328, 21.0779007 ], [ 105.812666099999987, 21.0779555 ], [ 105.813476899999984, 21.0792037 ], [ 105.813873500000014, 21.085363 ], [ 105.814447799999982, 21.0865437 ] ] ] } },
{ "type": "Feature", "properties": { "threshold_s": 300, "time_label": "5 min drive" }, "geometry": { "type": "Polygon", "coordinates": [ [ [ 105.8187864, 21.0750424 ], [ 105.8174541, 21.0766474 ], [ 105.8188372, 21.0750797 ], [ 105.8214633, 21.0767496 ], [ 105.822004299999989, 21.076813 ], [ 105.8220906, 21.076801 ], [ 105.82284319999998, 21.0758682 ], [ 105.8246076, 21.0748029 ], [ 105.826889699999981, 21.0742817 ], [ 105.827345399999984, 21.0738397 ], [ 105.8277443, 21.0714149 ], [ 105.8298852, 21.0707224 ], [ 105.83081869999998, 21.0704346 ], [ 105.8307534, 21.0691798 ], [ 105.8305209, 21.0682023 ], [ 105.8293603, 21.0657912 ], [ 105.8318183, 21.0638633 ], [ 105.8293449, 21.0627201 ], [ 105.8276535, 21.0650398 ], [ 105.826243099999985, 21.0642614 ], [ 105.8250106, 21.062725 ], [ 105.824286499999985, 21.0622978 ], [ 105.8213548, 21.0622598 ], [ 105.8210202, 21.0626814 ], [ 105.821765299999981, 21.0651393 ], [ 105.8199638, 21.0665025 ], [ 105.819245, 21.0667666 ], [ 105.8193864, 21.0672773 ], [ 105.8206155, 21.0674371 ], [ 105.8223804, 21.0679662 ], [ 105.8224138, 21.0679825 ], [ 105.8241143, 21.0690826 ], [ 105.8242285, 21.069144 ], [ 105.8260165, 21.0705868 ], [ 105.8256411, 21.0729142 ], [ 105.823354, 21.0723892 ], [ 105.82145, 21.0727569 ], [ 105.8213389, 21.0727396 ], [ 105.8197134, 21.0740943 ], [ 105.819147699999988, 21.0746625 ], [ 105.8187864, 21.0750424 ] ] ] } },
{ "type": "Feature", "properties": { "threshold_s": 600, "time_label": "10 min drive" }, "geometry": { "type": "Polygon", "coordinates": [ [ [ 105.8157867, 21.0857758 ], [ 105.8160341, 21.0862992 ], [ 105.8161364, 21.0863269 ], [ 105.8162355, 21.0863521 ], [ 105.8184824, 21.0833738 ], [ 105.8216434, 21.0832042 ], [ 105.822218299999989, 21.082718 ], [ 105.8240937, 21.0778059 ], [ 105.8253094, 21.0758282 ], [ 105.826889699999981, 21.0742817 ], [ 105.827345399999984, 21.0738397 ], [ 105.8324816, 21.0774658 ], [ 105.831623099999987, 21.0786732 ], [ 105.8314745, 21.0788741 ], [ 105.8316711, 21.0793161 ], [ 105.8320226, 21.0815984 ], [ 105.8360514, 21.0785898 ], [ 105.8368812, 21.0776944 ], [ 105.8345935, 21.077639 ], [ 105.832833, 21.0769895 ], [ 105.8292492, 21.0722103 ], [ 105.83081869999998, 21.0704346 ], [ 105.833167299999985, 21.0696651 ], [ 105.83456409999998, 21.0684068 ], [ 105.8350823, 21.0674844 ], [ 105.837913199999988, 21.0640415 ], [ 105.8381526, 21.0625215 ], [ 105.838937799999982, 21.0581224 ], [ 105.838927, 21.0574554 ], [ 105.8388886, 21.0571296 ], [ 105.8368274, 21.0552363 ], [ 105.8339102, 21.0561637 ], [ 105.8337692, 21.0561987 ], [ 105.8330831, 21.0565613 ], [ 105.832645699999986, 21.0568351 ], [ 105.8324125, 21.0582621 ], [ 105.8317713, 21.0608811 ], [ 105.8261921, 21.0612048 ], [ 105.8230532, 21.0569821 ], [ 105.8208852, 21.0546983 ], [ 105.820405799999989, 21.0550064 ], [ 105.820428099999987, 21.0568115 ], [ 105.8209989, 21.0621614 ], [ 105.8210202, 21.0626814 ], [ 105.819245, 21.0667666 ], [ 105.8193864, 21.0672773 ], [ 105.8213389, 21.0727396 ], [ 105.8197134, 21.0740943 ], [ 105.8141544, 21.0722116 ], [ 105.812451, 21.0690924 ], [ 105.8123599, 21.0688327 ], [ 105.811406, 21.0670372 ], [ 105.810268399999984, 21.0699862 ], [ 105.8104128, 21.0726269 ], [ 105.8105879, 21.0736839 ], [ 105.811242299999989, 21.0752984 ], [ 105.8126328, 21.0779007 ], [ 105.812666099999987, 21.0779555 ], [ 105.813476899999984, 21.0792037 ], [ 105.813756399999988, 21.0796482 ], [ 105.81481, 21.0814583 ], [ 105.8157867, 21.0857758 ] ] ] } },
{ "type": "Feature", "properties": { "threshold_s": 900, "time_label": "15 min drive" }, "geometry": { "type": "Polygon", "coordinates": [ [ [ 105.806021299999983, 21.0860105 ], [ 105.80620709999998, 21.0898452 ], [ 105.8116425, 21.0905974 ], [ 105.815461699999986, 21.0878261 ], [ 105.8216434, 21.0832042 ], [ 105.8320226, 21.0815984 ], [ 105.8360514, 21.0785898 ], [ 105.8368812, 21.0776944 ], [ 105.83456409999998, 21.0684068 ], [ 105.8350823, 21.0674844 ], [ 105.837913199999988, 21.0640415 ], [ 105.8434512, 21.0579885 ], [ 105.8448187, 21.0565981 ], [ 105.8443236, 21.0542526 ], [ 105.8448704, 21.0455071 ], [ 105.8418049, 21.0450949 ], [ 105.840918499999987, 21.0459972 ], [ 105.838508299999987, 21.0487951 ], [ 105.836611, 21.0526526 ], [ 105.8330831, 21.0565613 ], [ 105.832645699999986, 21.0568351 ], [ 105.8230532, 21.0569821 ], [ 105.8208852, 21.0546983 ], [ 105.820405799999989, 21.0550064 ], [ 105.820428099999987, 21.0568115 ], [ 105.8209989, 21.0621614 ], [ 105.8100873, 21.0626012 ], [ 105.8093435, 21.0612735 ], [ 105.808911199999983, 21.0596708 ], [ 105.8088139, 21.0595789 ], [ 105.808046099999984, 21.0588757 ], [ 105.8043432, 21.0620934 ], [ 105.803869099999986, 21.0626308 ], [ 105.801853799999989, 21.0677339 ], [ 105.7998608, 21.0738971 ], [ 105.799940400000011, 21.0740024 ], [ 105.8041943, 21.0746717 ], [ 105.8062653, 21.0833214 ], [ 105.806078, 21.084948 ], [ 105.806021299999983, 21.0860105 ] ] ] } },
{ "type": "Feature", "properties": { "threshold_s": 300, "time_label": "5 min drive" }, "geometry": { "type": "Polygon", "coordinates": [ [ [ 105.8467549, 21.0397937 ], [ 105.8471661, 21.0403179 ], [ 105.847634699999986, 21.0403282 ], [ 105.8485616, 21.0402888 ], [ 105.851149600000014, 21.0394834 ], [ 105.8525179, 21.0367986 ], [ 105.853296899999989, 21.0369383 ], [ 105.8546701, 21.035414 ], [ 105.8547385, 21.0352913 ], [ 105.8559161, 21.032665 ], [ 105.8578463, 21.0318528 ], [ 105.857199, 21.0298779 ], [ 105.855437800000018, 21.0289498 ], [ 105.853331499999982, 21.0313059 ], [ 105.8510791, 21.0304701 ], [ 105.8511617, 21.0278966 ], [ 105.8533791, 21.0260713 ], [ 105.8545573, 21.025672 ], [ 105.8544024, 21.0251211 ], [ 105.852939699999979, 21.0242487 ], [ 105.850819799999982, 21.023226 ], [ 105.849699099999981, 21.0251837 ], [ 105.846418699999987, 21.0246672 ], [ 105.8463801, 21.0245553 ], [ 105.8451257, 21.0249069 ], [ 105.8432716, 21.0254436 ], [ 105.841517, 21.02649 ], [ 105.840414599999988, 21.0277838 ], [ 105.841431199999988, 21.0306338 ], [ 105.843290199999984, 21.0323602 ], [ 105.8449379, 21.0348636 ], [ 105.8454918, 21.0375308 ], [ 105.8467549, 21.0397937 ] ] ] } },
{ "type": "Feature", "properties": { "threshold_s": 600, "time_label": "10 min drive" }, "geometry": { "type": "Polygon", "coordinates": [ [ [ 105.840307699999983, 21.0458038 ], [ 105.8408523, 21.0465531 ], [ 105.8438635, 21.0467884 ], [ 105.8464956, 21.0461629 ], [ 105.8492648, 21.0462351 ], [ 105.850106499999981, 21.0449387 ], [ 105.8513591, 21.04259 ], [ 105.8532054, 21.0410502 ], [ 105.8559408, 21.0375631 ], [ 105.8580411, 21.033791 ], [ 105.8588286, 21.0330955 ], [ 105.859561899999989, 21.032523 ], [ 105.861271699999989, 21.0304235 ], [ 105.8613337, 21.0288933 ], [ 105.86210149999998, 21.0246067 ], [ 105.8598823, 21.0218612 ], [ 105.86021839999998, 21.0190576 ], [ 105.8583461, 21.0169388 ], [ 105.856344399999983, 21.0159717 ], [ 105.853255, 21.0147894 ], [ 105.8504595, 21.0134998 ], [ 105.849150399999985, 21.0133873 ], [ 105.8482749, 21.0133237 ], [ 105.847263, 21.0153508 ], [ 105.8435857, 21.0172651 ], [ 105.8424924, 21.0173642 ], [ 105.8414099, 21.0174645 ], [ 105.8370701, 21.0188496 ], [ 105.8368905, 21.022215 ], [ 105.8376116, 21.0232408 ], [ 105.83421460000001, 21.0259824 ], [ 105.8330833, 21.0252794 ], [ 105.8330075, 21.0253066 ], [ 105.832603, 21.0262411 ], [ 105.8318088, 21.0286941 ], [ 105.8311704, 21.0325889 ], [ 105.8317055, 21.0344357 ], [ 105.83272119999998, 21.034424 ], [ 105.8363518, 21.0356501 ], [ 105.837023599999981, 21.0388764 ], [ 105.838064499999987, 21.0427637 ], [ 105.840307699999983, 21.0458038 ] ] ] } },
{ "type": "Feature", "properties": { "threshold_s": 900, "time_label": "15 min drive" }, "geometry": { "type": "Polygon", "coordinates": [ [ [ 105.838508299999987, 21.0487951 ], [ 105.836611, 21.0526526 ], [ 105.8395775, 21.0554078 ], [ 105.8404866, 21.0555921 ], [ 105.8443236, 21.0542526 ], [ 105.8481324, 21.0481674 ], [ 105.8492648, 21.0462351 ], [ 105.850106499999981, 21.0449387 ], [ 105.8532054, 21.0410502 ], [ 105.8539648, 21.0399026 ], [ 105.8552544, 21.038343 ], [ 105.8559408, 21.0375631 ], [ 105.8580411, 21.033791 ], [ 105.8654306, 21.0378592 ], [ 105.8652272, 21.0404883 ], [ 105.8645302, 21.0425052 ], [ 105.8645845, 21.0429123 ], [ 105.8647652, 21.0430675 ], [ 105.865444, 21.0433917 ], [ 105.8657297, 21.0435362 ], [ 105.8715437, 21.0431633 ], [ 105.870872299999988, 21.0371756 ], [ 105.8688705, 21.0342946 ], [ 105.8675975, 21.0346783 ], [ 105.8613337, 21.0288933 ], [ 105.861773199999988, 21.025698 ], [ 105.8620378, 21.0248247 ], [ 105.86210149999998, 21.0246067 ], [ 105.863899, 21.018973 ], [ 105.864448899999985, 21.0179396 ], [ 105.865231599999987, 21.0153725 ], [ 105.8655468, 21.0144409 ], [ 105.8657318, 21.0120932 ], [ 105.8657599, 21.0099729 ], [ 105.865509500000016, 21.0090308 ], [ 105.860888599999981, 21.006907 ], [ 105.8546658, 21.0067839 ], [ 105.850946, 21.0031354 ], [ 105.850884399999984, 21.0031438 ], [ 105.850735700000016, 21.0032328 ], [ 105.847816, 21.0061364 ], [ 105.8413113, 21.0063215 ], [ 105.8407724, 21.0079662 ], [ 105.8410532, 21.0107455 ], [ 105.8414099, 21.0174645 ], [ 105.8372522, 21.018501 ], [ 105.8309465, 21.0170993 ], [ 105.8290405, 21.016959 ], [ 105.8289753, 21.016992 ], [ 105.8256318, 21.0209028 ], [ 105.8255579, 21.0213209 ], [ 105.824814299999986, 21.0276475 ], [ 105.8202169, 21.0311016 ], [ 105.820262, 21.0352954 ], [ 105.8263463, 21.0409169 ], [ 105.826639699999987, 21.0413859 ], [ 105.8285905, 21.0410636 ], [ 105.8363039, 21.0440074 ], [ 105.838508299999987, 21.0487951 ] ] ] } },
{ "type": "Feature", "properties": { "threshold_s": 300, "time_label": "5 min drive" }, "geometry": { "type": "Polygon", "coordinates": [ [ [ 105.7822279, 21.0335996 ], [ 105.7811606, 21.0368103 ], [ 105.7816941, 21.0367458 ], [ 105.7841586, 21.0366755 ], [ 105.785947800000017, 21.0366187 ], [ 105.7867063, 21.0364598 ], [ 105.7879618, 21.0365313 ], [ 105.790186599999984, 21.0378069 ], [ 105.7904322, 21.0396836 ], [ 105.788551899999987, 21.0416396 ], [ 105.787763199999986, 21.0416469 ], [ 105.7888515, 21.0426176 ], [ 105.7900675, 21.0434697 ], [ 105.7902967, 21.0435905 ], [ 105.7908237, 21.0425142 ], [ 105.7925589, 21.041633 ], [ 105.7932463, 21.0416223 ], [ 105.7936197, 21.041626 ], [ 105.7945388, 21.0403086 ], [ 105.796106099999989, 21.0388576 ], [ 105.797031499999989, 21.037659 ], [ 105.796542599999981, 21.0370876 ], [ 105.7962622, 21.0343942 ], [ 105.7962208, 21.034265 ], [ 105.79426789999998, 21.0328237 ], [ 105.794641399999989, 21.0305549 ], [ 105.794807799999987, 21.0298557 ], [ 105.7948587, 21.0286539 ], [ 105.792260399999989, 21.0275136 ], [ 105.7911298, 21.0260393 ], [ 105.788198499999979, 21.0261786 ], [ 105.7856109, 21.0259907 ], [ 105.783715299999983, 21.0280866 ], [ 105.783705899999987, 21.0282181 ], [ 105.7835066, 21.0303114 ], [ 105.781713, 21.0305931 ], [ 105.7818297, 21.0312477 ], [ 105.782134299999981, 21.0328446 ], [ 105.7822279, 21.0335996 ] ] ] } },
{ "type": "Feature", "properties": { "threshold_s": 600, "time_label": "10 min drive" }, "geometry": { "type": "Polygon", "coordinates": [ [ [ 105.7717417, 21.0377733 ], [ 105.771668399999982, 21.0385164 ], [ 105.775715299999987, 21.0409035 ], [ 105.7767437, 21.0415823 ], [ 105.780896100000021, 21.0431582 ], [ 105.78106409999998, 21.0453649 ], [ 105.781101599999985, 21.0460456 ], [ 105.781114, 21.0462401 ], [ 105.7815381, 21.0474529 ], [ 105.784473, 21.0500744 ], [ 105.7868482, 21.0503655 ], [ 105.7883336, 21.0532798 ], [ 105.7887644, 21.053691 ], [ 105.7926413, 21.0518087 ], [ 105.7955761, 21.050289 ], [ 105.797746, 21.0483795 ], [ 105.800947599999986, 21.0463141 ], [ 105.8009458, 21.046128 ], [ 105.8006251, 21.0415975 ], [ 105.8023652, 21.0395429 ], [ 105.8026409, 21.037999 ], [ 105.8054881, 21.0346669 ], [ 105.805490899999981, 21.0340445 ], [ 105.8036961, 21.0321755 ], [ 105.8061133, 21.0290877 ], [ 105.8074361, 21.0277515 ], [ 105.8073506, 21.0274834 ], [ 105.803818, 21.026045 ], [ 105.799663, 21.0275852 ], [ 105.7987959, 21.0264564 ], [ 105.7984135, 21.0257321 ], [ 105.7982647, 21.0257885 ], [ 105.7941908, 21.027382 ], [ 105.792539299999987, 21.0249285 ], [ 105.792066599999984, 21.0223365 ], [ 105.795708099999985, 21.0208178 ], [ 105.7960494, 21.0203426 ], [ 105.7961247, 21.0202444 ], [ 105.796250799999981, 21.0200502 ], [ 105.7963459, 21.0199034 ], [ 105.796274199999985, 21.018608 ], [ 105.796058099999982, 21.0180446 ], [ 105.7952117, 21.017107 ], [ 105.7943377, 21.0175959 ], [ 105.7902277, 21.0175435 ], [ 105.7860775, 21.0175909 ], [ 105.7850638, 21.0175458 ], [ 105.7827861, 21.0181343 ], [ 105.78416, 21.0191663 ], [ 105.7856934, 21.0202049 ], [ 105.7849225, 21.0242181 ], [ 105.7843605, 21.0258818 ], [ 105.7809856, 21.028491 ], [ 105.7788409, 21.0251049 ], [ 105.7787783, 21.0224366 ], [ 105.7784963, 21.0251352 ], [ 105.7760815, 21.0278919 ], [ 105.7756853, 21.0283157 ], [ 105.7747937, 21.0295595 ], [ 105.7742317, 21.0314186 ], [ 105.7774912, 21.0311847 ], [ 105.7788414, 21.0334386 ], [ 105.7759986, 21.0370857 ], [ 105.7756511, 21.0371893 ], [ 105.7736217, 21.0377966 ], [ 105.7717417, 21.0377733 ] ] ] } },
{ "type": "Feature", "properties": { "threshold_s": 900, "time_label": "15 min drive" }, "geometry": { "type": "Polygon", "coordinates": [ [ [ 105.7605538, 21.0420992 ], [ 105.760826399999985, 21.0426626 ], [ 105.761485, 21.0430749 ], [ 105.7673859, 21.0460407 ], [ 105.771524099999979, 21.0471316 ], [ 105.777164699999986, 21.049454 ], [ 105.77960370000001, 21.0522238 ], [ 105.78234329999998, 21.05665 ], [ 105.7832477, 21.0590333 ], [ 105.7835488, 21.0601892 ], [ 105.783853099999988, 21.061227 ], [ 105.7850316, 21.0600215 ], [ 105.7912133, 21.0568266 ], [ 105.7949603, 21.0598534 ], [ 105.797784899999982, 21.05953 ], [ 105.800978499999985, 21.0567031 ], [ 105.802653799999987, 21.0550503 ], [ 105.8078578, 21.0508195 ], [ 105.8095014, 21.0427311 ], [ 105.8127786, 21.0392611 ], [ 105.814906399999984, 21.0372027 ], [ 105.8163595, 21.0304337 ], [ 105.81385109999998, 21.0272941 ], [ 105.8114669, 21.0247893 ], [ 105.8087031, 21.0196015 ], [ 105.8047308, 21.0148001 ], [ 105.8006932, 21.0114927 ], [ 105.7956549, 21.0077665 ], [ 105.790835499999986, 21.0086124 ], [ 105.788717299999988, 21.0093097 ], [ 105.783124199999989, 21.0114267 ], [ 105.7765911, 21.0116549 ], [ 105.7750771, 21.0126558 ], [ 105.773430499999989, 21.0150475 ], [ 105.7700552, 21.0218948 ], [ 105.766866199999981, 21.0284364 ], [ 105.765820799999986, 21.0301215 ], [ 105.7641248, 21.0329567 ], [ 105.7636781, 21.0339025 ], [ 105.7635729, 21.0345506 ], [ 105.7605538, 21.0420992 ] ] ] } },
{ "type": "Feature", "properties": { "threshold_s": 300, "time_label": "5 min drive" }, "geometry": { "type": "Polygon", "coordinates": [ [ [ 105.7832313, 21.0342973 ], [ 105.7816941, 21.0367458 ], [ 105.7841586, 21.0366755 ], [ 105.785947800000017, 21.0366187 ], [ 105.7879618, 21.0365313 ], [ 105.790186599999984, 21.0378069 ], [ 105.7904322, 21.0396836 ], [ 105.788551899999987, 21.0416396 ], [ 105.7900675, 21.0434697 ], [ 105.7902967, 21.0435905 ], [ 105.7925589, 21.041633 ], [ 105.7945388, 21.0403086 ], [ 105.7970147, 21.0390054 ], [ 105.7970803, 21.0389315 ], [ 105.7976465, 21.0376646 ], [ 105.796542599999981, 21.0370876 ], [ 105.7962622, 21.0343942 ], [ 105.7962208, 21.034265 ], [ 105.79426789999998, 21.0328237 ], [ 105.794641399999989, 21.0305549 ], [ 105.794807799999987, 21.0298557 ], [ 105.7948587, 21.0286539 ], [ 105.7933893, 21.027693 ], [ 105.7915842, 21.0255556 ], [ 105.7911298, 21.0260393 ], [ 105.7883152, 21.0262422 ], [ 105.788198499999979, 21.0261786 ], [ 105.7856109, 21.0259907 ], [ 105.7841808, 21.0280199 ], [ 105.784171200000017, 21.0281528 ], [ 105.7835066, 21.0303114 ], [ 105.7818297, 21.0312477 ], [ 105.782134299999981, 21.0328446 ], [ 105.7822279, 21.0335996 ], [ 105.7832313, 21.0342973 ] ] ] } },
{ "type": "Feature", "properties": { "threshold_s": 600, "time_label": "10 min drive" }, "geometry": { "type": "Polygon", "coordinates": [ [ [ 105.7717417, 21.0377733 ], [ 105.771668399999982, 21.0385164 ], [ 105.775715299999987, 21.0409035 ], [ 105.780896100000021, 21.0431582 ], [ 105.781101599999985, 21.0460456 ], [ 105.781114, 21.0462401 ], [ 105.7814899, 21.0469047 ], [ 105.7834723, 21.0488545 ], [ 105.7883336, 21.0532798 ], [ 105.7887644, 21.053691 ], [ 105.7926168, 21.0510495 ], [ 105.7950032, 21.0497091 ], [ 105.797746, 21.0483795 ], [ 105.8009458, 21.046128 ], [ 105.8006251, 21.0415975 ], [ 105.8023652, 21.0395429 ], [ 105.8054881, 21.0346669 ], [ 105.805490899999981, 21.0340445 ], [ 105.8074361, 21.0277515 ], [ 105.8073506, 21.0274834 ], [ 105.803818, 21.026045 ], [ 105.7984135, 21.0257321 ], [ 105.7971266, 21.0216502 ], [ 105.7969513, 21.0189684 ], [ 105.796896599999982, 21.0177831 ], [ 105.795504199999982, 21.0165592 ], [ 105.7902277, 21.0175435 ], [ 105.786774, 21.0181004 ], [ 105.7845236, 21.018717 ], [ 105.784113, 21.0190752 ], [ 105.78416, 21.0191663 ], [ 105.7849225, 21.0242181 ], [ 105.7788409, 21.0251049 ], [ 105.7784963, 21.0251352 ], [ 105.7756853, 21.0283157 ], [ 105.7747937, 21.0295595 ], [ 105.775260599999982, 21.0298653 ], [ 105.775385, 21.0299339 ], [ 105.7764822, 21.030736 ], [ 105.7756511, 21.0371893 ], [ 105.7717417, 21.0377733 ] ] ] } },
{ "type": "Feature", "properties": { "threshold_s": 900, "time_label": "15 min drive" }, "geometry": { "type": "Polygon", "coordinates": [ [ [ 105.763777499999989, 21.035137 ], [ 105.7605538, 21.0420992 ], [ 105.7675481, 21.0454738 ], [ 105.7686246, 21.0455699 ], [ 105.7771092, 21.0489633 ], [ 105.7795499, 21.0513928 ], [ 105.78234329999998, 21.05665 ], [ 105.7835488, 21.0601892 ], [ 105.783853099999988, 21.061227 ], [ 105.7850316, 21.0600215 ], [ 105.792727199999987, 21.0568251 ], [ 105.7949603, 21.0598534 ], [ 105.8007553, 21.0568321 ], [ 105.800978499999985, 21.0567031 ], [ 105.802653799999987, 21.0550503 ], [ 105.8078578, 21.0508195 ], [ 105.8095014, 21.0427311 ], [ 105.8127786, 21.0392611 ], [ 105.8151156, 21.0370748 ], [ 105.8172607, 21.030551 ], [ 105.8164399, 21.0296201 ], [ 105.81385109999998, 21.0272941 ], [ 105.8114669, 21.0247893 ], [ 105.8087031, 21.0196015 ], [ 105.8047308, 21.0148001 ], [ 105.8006932, 21.0114927 ], [ 105.7953849, 21.008078 ], [ 105.788717299999988, 21.0093097 ], [ 105.783124199999989, 21.0114267 ], [ 105.775867099999985, 21.012211 ], [ 105.775242, 21.0125596 ], [ 105.7750771, 21.0126558 ], [ 105.773430499999989, 21.0150475 ], [ 105.769758699999983, 21.0230124 ], [ 105.766587499999986, 21.0298791 ], [ 105.7650447, 21.0322973 ], [ 105.764293099999989, 21.0335159 ], [ 105.763777499999989, 21.035137 ] ] ] } },
{ "type": "Feature", "properties": { "threshold_s": 300, "time_label": "5 min drive" }, "geometry": { "type": "Polygon", "coordinates": [ [ [ 105.8454918, 21.0375308 ], [ 105.845568499999985, 21.0405007 ], [ 105.8482846, 21.041106 ], [ 105.8499291, 21.0406957 ], [ 105.8512049, 21.039884 ], [ 105.8515241, 21.0390352 ], [ 105.8535585, 21.0372254 ], [ 105.8546701, 21.035414 ], [ 105.8547385, 21.0352913 ], [ 105.8555072, 21.0339557 ], [ 105.8565389, 21.033051 ], [ 105.8594201, 21.0325236 ], [ 105.859561899999989, 21.032523 ], [ 105.8585383, 21.0299404 ], [ 105.8581333, 21.0279368 ], [ 105.8555511, 21.0261522 ], [ 105.853811899999982, 21.0288128 ], [ 105.8511617, 21.0278966 ], [ 105.8495631, 21.0288558 ], [ 105.8464, 21.0291195 ], [ 105.8453413, 21.0287033 ], [ 105.8445748, 21.0289326 ], [ 105.8442948, 21.0318292 ], [ 105.8447768, 21.0340917 ], [ 105.8449379, 21.0348636 ], [ 105.8454918, 21.0375308 ] ] ] } },
{ "type": "Feature", "properties": { "threshold_s": 600, "time_label": "10 min drive" }, "geometry": { "type": "Polygon", "coordinates": [ [ [ 105.8351095, 21.0426739 ], [ 105.8363039, 21.0440074 ], [ 105.84031760000002, 21.0464223 ], [ 105.8407961, 21.0470259 ], [ 105.841621, 21.0476337 ], [ 105.8420736, 21.0478426 ], [ 105.8438635, 21.0467884 ], [ 105.84759219999998, 21.0475335 ], [ 105.848446, 21.0470645 ], [ 105.8492648, 21.0462351 ], [ 105.850106499999981, 21.0449387 ], [ 105.8513591, 21.04259 ], [ 105.8532054, 21.0410502 ], [ 105.8559408, 21.0375631 ], [ 105.8580411, 21.033791 ], [ 105.8588286, 21.0330955 ], [ 105.859561899999989, 21.032523 ], [ 105.861271699999989, 21.0304235 ], [ 105.8613337, 21.0288933 ], [ 105.86210149999998, 21.0246067 ], [ 105.8598823, 21.0218612 ], [ 105.862065, 21.0195265 ], [ 105.861804899999981, 21.0185343 ], [ 105.8584719, 21.0179013 ], [ 105.8556233, 21.0172861 ], [ 105.8540474, 21.0169953 ], [ 105.8535531, 21.0169105 ], [ 105.8529519, 21.0168194 ], [ 105.852265299999985, 21.0168092 ], [ 105.8484518, 21.0170395 ], [ 105.8474562, 21.0183772 ], [ 105.8445276, 21.0204246 ], [ 105.841418299999987, 21.0206551 ], [ 105.8392509, 21.024602 ], [ 105.8357768, 21.0272036 ], [ 105.836006399999988, 21.0304587 ], [ 105.836268899999979, 21.0316267 ], [ 105.8366268, 21.0336787 ], [ 105.836976299999989, 21.0349265 ], [ 105.8392334, 21.0385243 ], [ 105.838000199999982, 21.0413454 ], [ 105.8351095, 21.0426739 ] ] ] } },
{ "type": "Feature", "properties": { "threshold_s": 900, "time_label": "15 min drive" }, "geometry": { "type": "Polygon", "coordinates": [ [ [ 105.835914299999985, 21.0526278 ], [ 105.8359029, 21.0567171 ], [ 105.835981499999988, 21.0567613 ], [ 105.8363703, 21.0569683 ], [ 105.8414778, 21.056495 ], [ 105.8443236, 21.0542526 ], [ 105.8481324, 21.0481674 ], [ 105.8492648, 21.0462351 ], [ 105.850106499999981, 21.0449387 ], [ 105.8532054, 21.0410502 ], [ 105.8539648, 21.0399026 ], [ 105.8552544, 21.038343 ], [ 105.8559408, 21.0375631 ], [ 105.8645302, 21.0425052 ], [ 105.8645845, 21.0429123 ], [ 105.8644483, 21.0456788 ], [ 105.865305, 21.0468306 ], [ 105.8725829, 21.0444941 ], [ 105.872712899999982, 21.0441993 ], [ 105.872754699999987, 21.0440955 ], [ 105.8729175, 21.0433116 ], [ 105.8728378, 21.0353082 ], [ 105.869877699999989, 21.0326259 ], [ 105.8683177, 21.0331559 ], [ 105.8613337, 21.0288933 ], [ 105.861773199999988, 21.025698 ], [ 105.8620378, 21.0248247 ], [ 105.86210149999998, 21.0246067 ], [ 105.863899, 21.018973 ], [ 105.864448899999985, 21.0179396 ], [ 105.865231599999987, 21.0153725 ], [ 105.8655468, 21.0144409 ], [ 105.8657318, 21.0120932 ], [ 105.8657599, 21.0099729 ], [ 105.865791, 21.008757 ], [ 105.865309, 21.0086896 ], [ 105.8606927, 21.0086974 ], [ 105.8506448, 21.0078411 ], [ 105.846089299999988, 21.0079147 ], [ 105.84115509999998, 21.010313 ], [ 105.8410532, 21.0107455 ], [ 105.8372522, 21.018501 ], [ 105.833795699999982, 21.0192431 ], [ 105.8301962, 21.0189764 ], [ 105.827208899999988, 21.0252373 ], [ 105.8256225, 21.0318746 ], [ 105.8267433, 21.0343099 ], [ 105.8247218, 21.0424488 ], [ 105.8285905, 21.0410636 ], [ 105.8363039, 21.0440074 ], [ 105.835914299999985, 21.0526278 ] ] ] } },
{ "type": "Feature", "properties": { "threshold_s": 300, "time_label": "5 min drive" }, "geometry": { "type": "Polygon", "coordinates": [ [ [ 105.904749699999982, 21.0712252 ], [ 105.9050194, 21.0717032 ], [ 105.9060661, 21.071779 ], [ 105.9060747, 21.0717314 ], [ 105.906730600000017, 21.0695063 ], [ 105.9083144, 21.0694059 ], [ 105.910139, 21.0705068 ], [ 105.9087693, 21.0723438 ], [ 105.910461799999979, 21.0708479 ], [ 105.9113051, 21.0706636 ], [ 105.9160295, 21.071745 ], [ 105.9150707, 21.0656448 ], [ 105.916263699999988, 21.0659481 ], [ 105.916585, 21.0660298 ], [ 105.9179433, 21.0663751 ], [ 105.9187889, 21.0643999 ], [ 105.918700099999981, 21.0632675 ], [ 105.917571, 21.0617545 ], [ 105.917001499999984, 21.0619549 ], [ 105.9154132, 21.0617296 ], [ 105.914844099999982, 21.0602636 ], [ 105.9161421, 21.0585835 ], [ 105.91639379999998, 21.0577002 ], [ 105.9158633, 21.0581014 ], [ 105.9143943, 21.0561929 ], [ 105.9135766, 21.0580225 ], [ 105.9128324, 21.0583251 ], [ 105.9105772, 21.0581428 ], [ 105.909148, 21.0582273 ], [ 105.907650299999986, 21.0579043 ], [ 105.906635499999979, 21.0596112 ], [ 105.9072749, 21.0606847 ], [ 105.9075584, 21.0614792 ], [ 105.9076069, 21.0615791 ], [ 105.908112, 21.0636902 ], [ 105.9078824, 21.0649907 ], [ 105.9077211, 21.0652141 ], [ 105.9068903, 21.0659131 ], [ 105.905067799999983, 21.0654708 ], [ 105.9045227, 21.0644313 ], [ 105.9044232, 21.0644672 ], [ 105.9042074, 21.064543 ], [ 105.903705, 21.0647043 ], [ 105.9031768, 21.0657967 ], [ 105.9029961, 21.0678068 ], [ 105.902955799999987, 21.0692236 ], [ 105.9042375, 21.0686162 ], [ 105.9054839, 21.070468 ], [ 105.904749699999982, 21.0712252 ] ] ] } },
{ "type": "Feature", "properties": { "threshold_s": 600, "time_label": "10 min drive" }, "geometry": { "type": "Polygon", "coordinates": [ [ [ 105.8969738, 21.0737153 ], [ 105.896679899999981, 21.0762657 ], [ 105.8973688, 21.0763596 ], [ 105.90139139999998, 21.0765484 ], [ 105.9035199, 21.0769481 ], [ 105.9036595, 21.0769648 ], [ 105.9075875, 21.0764921 ], [ 105.9093955, 21.0783895 ], [ 105.910068699999982, 21.0785789 ], [ 105.9094487, 21.0783295 ], [ 105.90784450000001, 21.0749874 ], [ 105.9087223, 21.0728854 ], [ 105.909515199999987, 21.0714534 ], [ 105.9128715, 21.0735794 ], [ 105.9134953, 21.0750097 ], [ 105.913547899999983, 21.0752387 ], [ 105.9137131, 21.07563 ], [ 105.917472799999985, 21.0750248 ], [ 105.9202811, 21.0733879 ], [ 105.920892499999979, 21.0729392 ], [ 105.9219807, 21.0712623 ], [ 105.9226853, 21.0701582 ], [ 105.9248684, 21.0684054 ], [ 105.9258135, 21.066384 ], [ 105.9257602, 21.0645219 ], [ 105.9258737, 21.0623781 ], [ 105.924877699999982, 21.0619993 ], [ 105.9263282, 21.0582988 ], [ 105.9247236, 21.0582194 ], [ 105.9230427, 21.0581603 ], [ 105.920851099999979, 21.0566068 ], [ 105.9225509, 21.0533322 ], [ 105.9238889, 21.0522471 ], [ 105.9220819, 21.049715 ], [ 105.9188062, 21.0484174 ], [ 105.9168198, 21.0476514 ], [ 105.9167889, 21.0479981 ], [ 105.9161843, 21.0498025 ], [ 105.9151458, 21.0510615 ], [ 105.9146912, 21.0514571 ], [ 105.9141134, 21.0523452 ], [ 105.912081, 21.0542273 ], [ 105.910247, 21.0540029 ], [ 105.9096729, 21.0537145 ], [ 105.9083817, 21.0520604 ], [ 105.9079236, 21.0510468 ], [ 105.907751, 21.0509753 ], [ 105.9044148, 21.0511805 ], [ 105.9033648, 21.0506531 ], [ 105.9013108, 21.0516888 ], [ 105.8995249, 21.0537933 ], [ 105.898012799999989, 21.0567117 ], [ 105.8972621, 21.0573359 ], [ 105.897053199999988, 21.0576168 ], [ 105.8959395, 21.0592523 ], [ 105.8952739, 21.0628024 ], [ 105.894739099999981, 21.0641704 ], [ 105.8958207, 21.0668842 ], [ 105.8955976, 21.0696485 ], [ 105.895099499999986, 21.0724984 ], [ 105.8969738, 21.0737153 ] ] ] } },
{ "type": "Feature", "properties": { "threshold_s": 900, "time_label": "15 min drive" }, "geometry": { "type": "Polygon", "coordinates": [ [ [ 105.886228399999979, 21.0672578 ], [ 105.8864478, 21.0743811 ], [ 105.888289599999979, 21.0752651 ], [ 105.8950308, 21.0763228 ], [ 105.898644499999989, 21.0769878 ], [ 105.90445339999998, 21.0816482 ], [ 105.9035403, 21.0838123 ], [ 105.9084231, 21.0851383 ], [ 105.9124596, 21.08494 ], [ 105.918817099999984, 21.0869001 ], [ 105.9207669, 21.083196 ], [ 105.9213044, 21.0801391 ], [ 105.920892499999979, 21.0729392 ], [ 105.9219807, 21.0712623 ], [ 105.9248684, 21.0684054 ], [ 105.9258135, 21.066384 ], [ 105.9287716, 21.0603639 ], [ 105.9298183, 21.0594854 ], [ 105.9305024, 21.0587947 ], [ 105.9316778, 21.0538847 ], [ 105.930359, 21.0477279 ], [ 105.930048099999979, 21.045 ], [ 105.9285092, 21.0409952 ], [ 105.927948799999982, 21.0400249 ], [ 105.922100799999981, 21.0380405 ], [ 105.91931289999998, 21.038562 ], [ 105.916234499999987, 21.0394521 ], [ 105.9101917, 21.0413753 ], [ 105.9023821, 21.0425121 ], [ 105.8985496, 21.0438838 ], [ 105.8944583, 21.0462985 ], [ 105.8926532, 21.0488259 ], [ 105.8869932, 21.0538096 ], [ 105.886808499999987, 21.0577784 ], [ 105.886250599999983, 21.0623977 ], [ 105.886228399999979, 21.0672578 ] ] ] } },
{ "type": "Feature", "properties": { "threshold_s": 300, "time_label": "5 min drive" }, "geometry": { "type": "Polygon", "coordinates": [ [ [ 105.84381639999998, 21.0420858 ], [ 105.8442339, 21.0428116 ], [ 105.8461124, 21.0421516 ], [ 105.8482371, 21.042392 ], [ 105.8499291, 21.0406957 ], [ 105.8512049, 21.039884 ], [ 105.8515241, 21.0390352 ], [ 105.853296899999989, 21.0369383 ], [ 105.8546701, 21.035414 ], [ 105.8547385, 21.0352913 ], [ 105.8544595, 21.0330415 ], [ 105.85453219999998, 21.0321868 ], [ 105.853111199999987, 21.0316465 ], [ 105.8510791, 21.0304701 ], [ 105.850585599999988, 21.0291892 ], [ 105.8495631, 21.0288558 ], [ 105.8474725, 21.0304548 ], [ 105.8464, 21.0291195 ], [ 105.845987099999988, 21.0275442 ], [ 105.845615399999986, 21.0263771 ], [ 105.84332, 21.0279736 ], [ 105.8428205, 21.0303654 ], [ 105.840682299999983, 21.0328473 ], [ 105.843290199999984, 21.0323602 ], [ 105.8447768, 21.0340917 ], [ 105.8449379, 21.0348636 ], [ 105.8454918, 21.0375308 ], [ 105.8454121, 21.0400507 ], [ 105.843830299999979, 21.0403251 ], [ 105.8434716, 21.0414843 ], [ 105.84381639999998, 21.0420858 ] ] ] } },
{ "type": "Feature", "properties": { "threshold_s": 600, "time_label": "10 min drive" }, "geometry": { "type": "Polygon", "coordinates": [ [ [ 105.839150499999988, 21.0499531 ], [ 105.8392683, 21.050126 ], [ 105.839988199999979, 21.0507474 ], [ 105.840159, 21.0507738 ], [ 105.8403246, 21.0507423 ], [ 105.84063, 21.0502383 ], [ 105.8418845, 21.0488831 ], [ 105.8481324, 21.0481674 ], [ 105.8492648, 21.0462351 ], [ 105.8532054, 21.0410502 ], [ 105.8559408, 21.0375631 ], [ 105.859561899999989, 21.032523 ], [ 105.861271699999989, 21.0304235 ], [ 105.8613337, 21.0288933 ], [ 105.86021479999998, 21.024606 ], [ 105.8577393, 21.0220815 ], [ 105.8529487, 21.0201152 ], [ 105.8499867, 21.0186208 ], [ 105.8474562, 21.0183772 ], [ 105.8413912, 21.0188449 ], [ 105.8376116, 21.0232408 ], [ 105.833689599999985, 21.0280189 ], [ 105.831555699999981, 21.0325215 ], [ 105.83272119999998, 21.034424 ], [ 105.837023599999981, 21.0388764 ], [ 105.835097299999987, 21.0418506 ], [ 105.8351095, 21.0426739 ], [ 105.8363039, 21.0440074 ], [ 105.8389686, 21.0494783 ], [ 105.839150499999988, 21.0499531 ] ] ] } },
{ "type": "Feature", "properties": { "threshold_s": 900, "time_label": "15 min drive" }, "geometry": { "type": "Polygon", "coordinates": [ [ [ 105.835914299999985, 21.0526278 ], [ 105.8350074, 21.0583501 ], [ 105.83505959999998, 21.0583942 ], [ 105.8392422, 21.0589809 ], [ 105.8440772, 21.0570868 ], [ 105.8448187, 21.0565981 ], [ 105.8443236, 21.0542526 ], [ 105.8481324, 21.0481674 ], [ 105.8492648, 21.0462351 ], [ 105.850106499999981, 21.0449387 ], [ 105.8532054, 21.0410502 ], [ 105.8539648, 21.0399026 ], [ 105.8552544, 21.038343 ], [ 105.8559408, 21.0375631 ], [ 105.8580411, 21.033791 ], [ 105.8654306, 21.0378592 ], [ 105.8652272, 21.0404883 ], [ 105.8645302, 21.0425052 ], [ 105.8647652, 21.0430675 ], [ 105.865444, 21.0433917 ], [ 105.8657297, 21.0435362 ], [ 105.86995349999998, 21.0417416 ], [ 105.8700365, 21.0416674 ], [ 105.8704177, 21.0367973 ], [ 105.8682662, 21.0353155 ], [ 105.861271699999989, 21.0304235 ], [ 105.8613337, 21.0288933 ], [ 105.861773199999988, 21.025698 ], [ 105.8620378, 21.0248247 ], [ 105.86210149999998, 21.0246067 ], [ 105.863899, 21.018973 ], [ 105.864448899999985, 21.0179396 ], [ 105.862791499999986, 21.0140733 ], [ 105.8588168, 21.0120837 ], [ 105.8514097, 21.008583 ], [ 105.8483495, 21.0083185 ], [ 105.8412842, 21.0083362 ], [ 105.8410532, 21.0107455 ], [ 105.8372522, 21.018501 ], [ 105.8294371, 21.0178042 ], [ 105.8286247, 21.0192495 ], [ 105.8269312, 21.0241688 ], [ 105.822679, 21.0300568 ], [ 105.82168369999998, 21.0311603 ], [ 105.820920199999989, 21.0323015 ], [ 105.821467899999988, 21.0351968 ], [ 105.823096299999989, 21.0430757 ], [ 105.823222, 21.0436032 ], [ 105.8247218, 21.0424488 ], [ 105.8285905, 21.0410636 ], [ 105.8363039, 21.0440074 ], [ 105.838508299999987, 21.0487951 ], [ 105.835914299999985, 21.0526278 ] ] ] } },
{ "type": "Feature", "properties": { "threshold_s": 300, "time_label": "5 min drive" }, "geometry": { "type": "Polygon", "coordinates": [ [ [ 105.795322299999981, 21.0479333 ], [ 105.7955714, 21.048333 ], [ 105.797770899999989, 21.050289 ], [ 105.797746, 21.0483795 ], [ 105.7993495, 21.0461197 ], [ 105.800947599999986, 21.0463141 ], [ 105.8025166, 21.0461361 ], [ 105.804539799999986, 21.0463168 ], [ 105.804715, 21.0482073 ], [ 105.8047034, 21.0483933 ], [ 105.8047072, 21.0501916 ], [ 105.8045926, 21.0522501 ], [ 105.804574, 21.0531306 ], [ 105.8053145, 21.0520934 ], [ 105.807442399999985, 21.0503332 ], [ 105.8075098, 21.0502935 ], [ 105.8065021, 21.0486522 ], [ 105.8062704, 21.0465187 ], [ 105.80631, 21.0461517 ], [ 105.8059935, 21.0438743 ], [ 105.8059848, 21.042704 ], [ 105.8059386, 21.0410711 ], [ 105.7977229, 21.042873 ], [ 105.797530399999985, 21.0428548 ], [ 105.7975454, 21.0439572 ], [ 105.797519099999988, 21.0456166 ], [ 105.7955657, 21.0462859 ], [ 105.7946114, 21.0456953 ], [ 105.794622099999984, 21.0462769 ], [ 105.795322299999981, 21.0479333 ] ] ] } },
{ "type": "Feature", "properties": { "threshold_s": 600, "time_label": "10 min drive" }, "geometry": { "type": "Polygon", "coordinates": [ [ [ 105.7844267, 21.0481792 ], [ 105.7883336, 21.0532798 ], [ 105.7887644, 21.053691 ], [ 105.7930475, 21.0560592 ], [ 105.7974944, 21.0600773 ], [ 105.797578799999982, 21.0601054 ], [ 105.797703199999987, 21.0601048 ], [ 105.7977832, 21.06008 ], [ 105.7979502, 21.0598846 ], [ 105.804554, 21.0602842 ], [ 105.8045724, 21.0615812 ], [ 105.804840899999988, 21.0626808 ], [ 105.8092227, 21.0613866 ], [ 105.8093435, 21.0612735 ], [ 105.808911199999983, 21.0596708 ], [ 105.811723299999983, 21.0547895 ], [ 105.813290599999988, 21.0506848 ], [ 105.811321, 21.0459144 ], [ 105.8145983, 21.0429872 ], [ 105.8155553, 21.0426077 ], [ 105.8187395, 21.0421323 ], [ 105.8189915, 21.0421277 ], [ 105.8145478, 21.0373863 ], [ 105.810305, 21.0348404 ], [ 105.806420599999981, 21.0333888 ], [ 105.803591299999979, 21.0322635 ], [ 105.8028804, 21.0323948 ], [ 105.7972634, 21.0340276 ], [ 105.7962208, 21.034265 ], [ 105.7933356, 21.0349421 ], [ 105.790186599999984, 21.0378069 ], [ 105.786176699999984, 21.0416528 ], [ 105.783311699999985, 21.0462526 ], [ 105.7844267, 21.0481792 ] ] ] } },
{ "type": "Feature", "properties": { "threshold_s": 900, "time_label": "15 min drive" }, "geometry": { "type": "Polygon", "coordinates": [ [ [ 105.7835488, 21.0601892 ], [ 105.783853099999988, 21.061227 ], [ 105.791244399999982, 21.0653326 ], [ 105.796870899999988, 21.0695175 ], [ 105.7992522, 21.0712801 ], [ 105.8009551, 21.0720882 ], [ 105.8101921, 21.0727074 ], [ 105.8104128, 21.0726269 ], [ 105.812451, 21.0690924 ], [ 105.8123599, 21.0688327 ], [ 105.8108022, 21.0649311 ], [ 105.811723299999983, 21.0547895 ], [ 105.813290599999988, 21.0506848 ], [ 105.817391, 21.0446957 ], [ 105.823222, 21.0436032 ], [ 105.8251749, 21.0431721 ], [ 105.828956799999986, 21.040745 ], [ 105.828665499999985, 21.0395817 ], [ 105.8257412, 21.0373635 ], [ 105.8182347, 21.0306756 ], [ 105.8117869, 21.0263446 ], [ 105.8036281, 21.0234259 ], [ 105.7982825, 21.0227415 ], [ 105.7881453, 21.027366 ], [ 105.7872549, 21.0277728 ], [ 105.786039499999987, 21.0294373 ], [ 105.7802978, 21.0368824 ], [ 105.7767437, 21.0415823 ], [ 105.779123199999987, 21.049464 ], [ 105.7832245, 21.0589547 ], [ 105.7835488, 21.0601892 ] ] ] } },
{ "type": "Feature", "properties": { "threshold_s": 300, "time_label": "5 min drive" }, "geometry": { "type": "Polygon", "coordinates": [ [ [ 105.7975315, 21.0463008 ], [ 105.797779399999982, 21.046791 ], [ 105.800947599999986, 21.0463141 ], [ 105.8047034, 21.0483933 ], [ 105.8047072, 21.0501916 ], [ 105.8064247, 21.0486989 ], [ 105.807442399999985, 21.0503332 ], [ 105.807643299999981, 21.0506477 ], [ 105.8077868, 21.0508638 ], [ 105.8083298, 21.0514979 ], [ 105.808391199999988, 21.0514451 ], [ 105.8078578, 21.0508195 ], [ 105.8075098, 21.0502935 ], [ 105.8065021, 21.0486522 ], [ 105.8062704, 21.0465187 ], [ 105.811321, 21.0459144 ], [ 105.80631, 21.0461517 ], [ 105.806124299999979, 21.0459509 ], [ 105.8059935, 21.0438743 ], [ 105.8066715, 21.0413439 ], [ 105.806850700000012, 21.0402626 ], [ 105.805903299999983, 21.0400077 ], [ 105.802439, 21.0403959 ], [ 105.8059386, 21.0410711 ], [ 105.8059848, 21.042704 ], [ 105.8025166, 21.0461361 ], [ 105.8009458, 21.046128 ], [ 105.7981633, 21.0463076 ], [ 105.7975235, 21.045838 ], [ 105.7975315, 21.0463008 ] ] ] } },
{ "type": "Feature", "properties": { "threshold_s": 600, "time_label": "10 min drive" }, "geometry": { "type": "Polygon", "coordinates": [ [ [ 105.7863676, 21.0462624 ], [ 105.7901434, 21.0513702 ], [ 105.7945765, 21.054613 ], [ 105.797511299999982, 21.0570593 ], [ 105.7975834, 21.0570966 ], [ 105.797712299999986, 21.0570977 ], [ 105.797789, 21.0570595 ], [ 105.8003218, 21.0553319 ], [ 105.804554, 21.0602842 ], [ 105.8045724, 21.0615812 ], [ 105.8092227, 21.0613866 ], [ 105.8093435, 21.0612735 ], [ 105.808911199999983, 21.0596708 ], [ 105.811723299999983, 21.0547895 ], [ 105.813290599999988, 21.0506848 ], [ 105.811321, 21.0459144 ], [ 105.8145983, 21.0429872 ], [ 105.8185603, 21.0434901 ], [ 105.82078340000001, 21.0419242 ], [ 105.8189915, 21.0421277 ], [ 105.815427500000013, 21.0369038 ], [ 105.8146742, 21.0356752 ], [ 105.810790299999979, 21.03192 ], [ 105.809536300000019, 21.03226 ], [ 105.803591299999979, 21.0322635 ], [ 105.801987899999986, 21.0300012 ], [ 105.8017885, 21.0297974 ], [ 105.8015154, 21.0300109 ], [ 105.80046440000001, 21.0310117 ], [ 105.7976896, 21.0364994 ], [ 105.796542599999981, 21.0370876 ], [ 105.7944599, 21.0376676 ], [ 105.794131399999984, 21.0377031 ], [ 105.790419299999982, 21.041258 ], [ 105.786369, 21.0460778 ], [ 105.7863676, 21.0462624 ] ] ] } },
{ "type": "Feature", "properties": { "threshold_s": 900, "time_label": "15 min drive" }, "geometry": { "type": "Polygon", "coordinates": [ [ [ 105.7832245, 21.0589547 ], [ 105.7832477, 21.0590333 ], [ 105.791213099999979, 21.0614708 ], [ 105.793803399999987, 21.0638675 ], [ 105.797558899999984, 21.0674965 ], [ 105.79759319999998, 21.0675359 ], [ 105.8006469, 21.0708053 ], [ 105.810816, 21.071368 ], [ 105.810928, 21.0713305 ], [ 105.812451, 21.0690924 ], [ 105.8123599, 21.0688327 ], [ 105.8108022, 21.0649311 ], [ 105.8100873, 21.0626012 ], [ 105.811723299999983, 21.0547895 ], [ 105.813290599999988, 21.0506848 ], [ 105.817391, 21.0446957 ], [ 105.823222, 21.0436032 ], [ 105.8251749, 21.0431721 ], [ 105.8285905, 21.0410636 ], [ 105.828956799999986, 21.040745 ], [ 105.828665499999985, 21.0395817 ], [ 105.8271558, 21.0347458 ], [ 105.82168369999998, 21.0311603 ], [ 105.8177825, 21.0272186 ], [ 105.8107808, 21.0241301 ], [ 105.8008861, 21.021622 ], [ 105.7971266, 21.0216502 ], [ 105.7918723, 21.0295673 ], [ 105.7910951, 21.0297582 ], [ 105.7895908, 21.0300403 ], [ 105.787004399999987, 21.0321523 ], [ 105.784155399999989, 21.036558 ], [ 105.7807356, 21.0408854 ], [ 105.780896100000021, 21.0431582 ], [ 105.781114, 21.0462401 ], [ 105.7812602, 21.0483001 ], [ 105.781338599999984, 21.0493723 ], [ 105.7814974, 21.0505196 ], [ 105.7832245, 21.0589547 ] ] ] } },
{ "type": "Feature", "properties": { "threshold_s": 300, "time_label": "5 min drive" }, "geometry": { "type": "Polygon", "coordinates": [ [ [ 105.8257322, 21.0729601 ], [ 105.8256411, 21.0729142 ], [ 105.827345399999984, 21.0738397 ], [ 105.829081599999981, 21.0724413 ], [ 105.8292492, 21.0722103 ], [ 105.8298852, 21.0707224 ], [ 105.83081869999998, 21.0704346 ], [ 105.832541899999981, 21.0694327 ], [ 105.833167299999985, 21.0696651 ], [ 105.83456409999998, 21.0684068 ], [ 105.8350823, 21.0674844 ], [ 105.836126, 21.0657657 ], [ 105.8359063, 21.0642599 ], [ 105.83578439999998, 21.0636261 ], [ 105.835515099999981, 21.0633454 ], [ 105.8350016, 21.0632549 ], [ 105.833756900000012, 21.0631895 ], [ 105.832237699999979, 21.0628438 ], [ 105.8316473, 21.0649037 ], [ 105.829206, 21.0646608 ], [ 105.829119500000019, 21.0645152 ], [ 105.8276535, 21.0650398 ], [ 105.8265473, 21.0663962 ], [ 105.824581399999985, 21.0667427 ], [ 105.8242384, 21.0652249 ], [ 105.8244458, 21.0649207 ], [ 105.823201499999982, 21.0664361 ], [ 105.8228512, 21.0669793 ], [ 105.8223804, 21.0679662 ], [ 105.8224138, 21.0679825 ], [ 105.8241143, 21.0690826 ], [ 105.8242285, 21.069144 ], [ 105.8260165, 21.0705868 ], [ 105.8261402, 21.0705888 ], [ 105.826973099999989, 21.0708833 ], [ 105.8277443, 21.0714149 ], [ 105.8262292, 21.0732138 ], [ 105.8261803, 21.0731839 ], [ 105.8257322, 21.0729601 ] ] ] } },
{ "type": "Feature", "properties": { "threshold_s": 600, "time_label": "10 min drive" }, "geometry": { "type": "Polygon", "coordinates": [ [ [ 105.8171804, 21.0819846 ], [ 105.8173555, 21.0823532 ], [ 105.8174599, 21.0824012 ], [ 105.818683899999982, 21.0823787 ], [ 105.819814, 21.0821313 ], [ 105.820750299999986, 21.0811903 ], [ 105.8240937, 21.0778059 ], [ 105.8314745, 21.0788741 ], [ 105.8316711, 21.0793161 ], [ 105.832034, 21.0804845 ], [ 105.8355274, 21.0789144 ], [ 105.8360514, 21.0785898 ], [ 105.8354218, 21.0780565 ], [ 105.8345935, 21.077639 ], [ 105.832833, 21.0769895 ], [ 105.83081869999998, 21.0704346 ], [ 105.833167299999985, 21.0696651 ], [ 105.83456409999998, 21.0684068 ], [ 105.8350823, 21.0674844 ], [ 105.837913199999988, 21.0640415 ], [ 105.8381526, 21.0625215 ], [ 105.8412143, 21.0575768 ], [ 105.8424942, 21.0566574 ], [ 105.8431225, 21.0562568 ], [ 105.843301, 21.055945 ], [ 105.8426902, 21.0549685 ], [ 105.841037899999989, 21.0547332 ], [ 105.8394795, 21.0549056 ], [ 105.8368274, 21.0552363 ], [ 105.8337692, 21.0561987 ], [ 105.8330831, 21.0565613 ], [ 105.832645699999986, 21.0568351 ], [ 105.8324125, 21.0582621 ], [ 105.8261921, 21.0612048 ], [ 105.8230532, 21.0569821 ], [ 105.8213757, 21.056868 ], [ 105.820428099999987, 21.0568115 ], [ 105.8209989, 21.0621614 ], [ 105.819245, 21.0667666 ], [ 105.8193864, 21.0672773 ], [ 105.8197134, 21.0740943 ], [ 105.8153199, 21.0738129 ], [ 105.8155217, 21.0760065 ], [ 105.8171804, 21.0819846 ] ] ] } },
{ "type": "Feature", "properties": { "threshold_s": 900, "time_label": "15 min drive" }, "geometry": { "type": "Polygon", "coordinates": [ [ [ 105.8115305, 21.0901326 ], [ 105.8116425, 21.0905974 ], [ 105.815461699999986, 21.0878261 ], [ 105.8162355, 21.0863521 ], [ 105.8216434, 21.0832042 ], [ 105.822218299999989, 21.082718 ], [ 105.8240937, 21.0778059 ], [ 105.8253094, 21.0758282 ], [ 105.8314745, 21.0788741 ], [ 105.8316711, 21.0793161 ], [ 105.8320226, 21.0815984 ], [ 105.8360514, 21.0785898 ], [ 105.8368812, 21.0776944 ], [ 105.8345935, 21.077639 ], [ 105.832833, 21.0769895 ], [ 105.83081869999998, 21.0704346 ], [ 105.833167299999985, 21.0696651 ], [ 105.83456409999998, 21.0684068 ], [ 105.8350823, 21.0674844 ], [ 105.837913199999988, 21.0640415 ], [ 105.8381526, 21.0625215 ], [ 105.842760199999987, 21.0584602 ], [ 105.8460751, 21.0600606 ], [ 105.848916, 21.0612404 ], [ 105.8498942, 21.0617944 ], [ 105.8496843, 21.0596697 ], [ 105.8448187, 21.0565981 ], [ 105.8443236, 21.0542526 ], [ 105.844048699999988, 21.0528946 ], [ 105.844027199999985, 21.049822 ], [ 105.844319199999987, 21.0465561 ], [ 105.843328099999979, 21.0455598 ], [ 105.842097, 21.0463187 ], [ 105.838508299999987, 21.0487951 ], [ 105.837166, 21.0521616 ], [ 105.8330831, 21.0565613 ], [ 105.832645699999986, 21.0568351 ], [ 105.8324125, 21.0582621 ], [ 105.8261921, 21.0612048 ], [ 105.8230532, 21.0569821 ], [ 105.8208852, 21.0546983 ], [ 105.820405799999989, 21.0550064 ], [ 105.820428099999987, 21.0568115 ], [ 105.8209989, 21.0621614 ], [ 105.8210202, 21.0626814 ], [ 105.819245, 21.0667666 ], [ 105.8123599, 21.0688327 ], [ 105.811406, 21.0670372 ], [ 105.8108022, 21.0649311 ], [ 105.8082348, 21.0692416 ], [ 105.807660899999988, 21.0709592 ], [ 105.811242299999989, 21.0752984 ], [ 105.8122125, 21.0772119 ], [ 105.8113177, 21.0834917 ], [ 105.8104853, 21.0845496 ], [ 105.8106002, 21.0862132 ], [ 105.8115305, 21.0901326 ] ] ] } },
{ "type": "Feature", "properties": { "threshold_s": 300, "time_label": "5 min drive" }, "geometry": { "type": "Polygon", "coordinates": [ [ [ 105.840151, 21.0428157 ], [ 105.8401771, 21.0433484 ], [ 105.842345499999979, 21.044652 ], [ 105.846347699999981, 21.0444049 ], [ 105.850239499999986, 21.0429333 ], [ 105.850918, 21.0428162 ], [ 105.8513591, 21.04259 ], [ 105.852290599999989, 21.040453 ], [ 105.85325779999998, 21.0370348 ], [ 105.8536025, 21.0366394 ], [ 105.8546701, 21.035414 ], [ 105.8547385, 21.0352913 ], [ 105.854413799999989, 21.0338031 ], [ 105.8538341, 21.0321923 ], [ 105.853111199999987, 21.0316465 ], [ 105.8491377, 21.0313156 ], [ 105.8486543, 21.0310594 ], [ 105.8464, 21.0291195 ], [ 105.8450687, 21.0291861 ], [ 105.8439386, 21.0301487 ], [ 105.843290199999984, 21.0323602 ], [ 105.8449379, 21.0348636 ], [ 105.8454918, 21.0375308 ], [ 105.843830299999979, 21.0403251 ], [ 105.8420285, 21.0406404 ], [ 105.841936899999979, 21.0406599 ], [ 105.840151, 21.0428157 ] ] ] } },
{ "type": "Feature", "properties": { "threshold_s": 600, "time_label": "10 min drive" }, "geometry": { "type": "Polygon", "coordinates": [ [ [ 105.838508299999987, 21.0487951 ], [ 105.838671, 21.0522312 ], [ 105.8419165, 21.0518834 ], [ 105.8420238, 21.0518513 ], [ 105.8421703, 21.0516693 ], [ 105.843499699999981, 21.0473729 ], [ 105.8481324, 21.0481674 ], [ 105.8492648, 21.0462351 ], [ 105.8532054, 21.0410502 ], [ 105.8559408, 21.0375631 ], [ 105.859561899999989, 21.032523 ], [ 105.861271699999989, 21.0304235 ], [ 105.8613337, 21.0288933 ], [ 105.860299, 21.0256005 ], [ 105.8600125, 21.0249853 ], [ 105.85428570000002, 21.0222221 ], [ 105.8498841, 21.0203782 ], [ 105.8479737, 21.0200887 ], [ 105.8414355, 21.021993 ], [ 105.8395402, 21.0242642 ], [ 105.8357768, 21.0272036 ], [ 105.8343437, 21.0291363 ], [ 105.833105, 21.0322249 ], [ 105.832906799999989, 21.0329523 ], [ 105.833620399999987, 21.0342652 ], [ 105.837023599999981, 21.0388764 ], [ 105.835097299999987, 21.0418506 ], [ 105.8351095, 21.0426739 ], [ 105.8363039, 21.0440074 ], [ 105.838508299999987, 21.0487951 ] ] ] } },
{ "type": "Feature", "properties": { "threshold_s": 900, "time_label": "15 min drive" }, "geometry": { "type": "Polygon", "coordinates": [ [ [ 105.831838, 21.0610843 ], [ 105.8318571, 21.0612589 ], [ 105.8326984, 21.0611397 ], [ 105.8392422, 21.0589809 ], [ 105.842760199999987, 21.0584602 ], [ 105.8434512, 21.0579885 ], [ 105.8448187, 21.0565981 ], [ 105.8481324, 21.0481674 ], [ 105.8492648, 21.0462351 ], [ 105.850106499999981, 21.0449387 ], [ 105.8532054, 21.0410502 ], [ 105.8539648, 21.0399026 ], [ 105.8552544, 21.038343 ], [ 105.8559408, 21.0375631 ], [ 105.8652272, 21.0404883 ], [ 105.8645302, 21.0425052 ], [ 105.8645845, 21.0429123 ], [ 105.8644483, 21.0456788 ], [ 105.8655464, 21.0455702 ], [ 105.8684807, 21.045031 ], [ 105.8725829, 21.0444941 ], [ 105.872712899999982, 21.0441993 ], [ 105.872754699999987, 21.0440955 ], [ 105.8729175, 21.0433116 ], [ 105.8728378, 21.0353082 ], [ 105.869877699999989, 21.0326259 ], [ 105.8683177, 21.0331559 ], [ 105.8613337, 21.0288933 ], [ 105.861773199999988, 21.025698 ], [ 105.8620378, 21.0248247 ], [ 105.86210149999998, 21.0246067 ], [ 105.863899, 21.018973 ], [ 105.864448899999985, 21.0179396 ], [ 105.8590371, 21.0147101 ], [ 105.85839679999998, 21.0145685 ], [ 105.8497945, 21.0106296 ], [ 105.8410532, 21.0107455 ], [ 105.8372522, 21.018501 ], [ 105.833795699999982, 21.0192431 ], [ 105.829942399999979, 21.0188712 ], [ 105.827208899999988, 21.0252373 ], [ 105.82168369999998, 21.0311603 ], [ 105.82163319999998, 21.0313084 ], [ 105.8215891, 21.0314693 ], [ 105.8259982, 21.0359947 ], [ 105.823096299999989, 21.0430757 ], [ 105.8185603, 21.0434901 ], [ 105.823222, 21.0436032 ], [ 105.8251749, 21.0431721 ], [ 105.8351095, 21.0426739 ], [ 105.8363039, 21.0440074 ], [ 105.835914299999985, 21.0526278 ], [ 105.8337692, 21.0561987 ], [ 105.831838, 21.0610843 ] ] ] } },
{ "type": "Feature", "properties": { "threshold_s": 300, "time_label": "5 min drive" }, "geometry": { "type": "Polygon", "coordinates": [ [ [ 105.8310576, 21.0060273 ], [ 105.8295224, 21.0070673 ], [ 105.831982199999985, 21.0083554 ], [ 105.832453099999981, 21.0090684 ], [ 105.833147399999987, 21.0096613 ], [ 105.8358306, 21.009999 ], [ 105.83542580000001, 21.0080304 ], [ 105.835244499999988, 21.0061472 ], [ 105.837045499999988, 21.0036744 ], [ 105.8375076, 21.0037912 ], [ 105.8392324, 21.0041845 ], [ 105.838777300000018, 21.0067038 ], [ 105.8401652, 21.0053382 ], [ 105.8412431, 21.0041897 ], [ 105.8426162, 21.0027603 ], [ 105.84123, 21.0008729 ], [ 105.8412301, 21.0030328 ], [ 105.839297499999986, 21.0040633 ], [ 105.8376052, 21.000258 ], [ 105.8393934, 20.9980133 ], [ 105.837257099999988, 20.9969913 ], [ 105.836330800000013, 20.9954175 ], [ 105.8366296, 20.9969686 ], [ 105.835837, 20.9986105 ], [ 105.834289499999983, 20.9991527 ], [ 105.8318828, 20.9997185 ], [ 105.8293059, 21.000714 ], [ 105.829059, 21.0008036 ], [ 105.829166299999983, 21.00106 ], [ 105.831956399999981, 20.999988 ], [ 105.832980599999985, 21.0026681 ], [ 105.8332182, 21.0024163 ], [ 105.8360473, 21.0034138 ], [ 105.8327861, 21.005915 ], [ 105.831343799999985, 21.0061057 ], [ 105.8310576, 21.0060273 ] ] ] } },
{ "type": "Feature", "properties": { "threshold_s": 600, "time_label": "10 min drive" }, "geometry": { "type": "Polygon", "coordinates": [ [ [ 105.82105, 21.0119663 ], [ 105.820670399999983, 21.0124282 ], [ 105.8211088, 21.0120825 ], [ 105.8254518, 21.0112777 ], [ 105.8268687, 21.0134918 ], [ 105.827412899999985, 21.0152724 ], [ 105.829364399999989, 21.0175108 ], [ 105.833224499999986, 21.0176717 ], [ 105.8369341, 21.0184299 ], [ 105.8368257, 21.0180745 ], [ 105.8351638, 21.0156491 ], [ 105.8358302, 21.0130518 ], [ 105.8391601, 21.0123792 ], [ 105.8413476, 21.010746 ], [ 105.8449471, 21.0079814 ], [ 105.8460661, 21.0081019 ], [ 105.847775899999988, 21.0083897 ], [ 105.848313599999983, 21.0084886 ], [ 105.849901, 21.0086354 ], [ 105.85007, 21.0085508 ], [ 105.848652699999988, 21.0076418 ], [ 105.8472555, 21.006807 ], [ 105.845651, 21.0061208 ], [ 105.846047499999983, 21.0020266 ], [ 105.8462568, 21.0018287 ], [ 105.8458715, 20.998444 ], [ 105.8491692, 20.9962061 ], [ 105.849957300000014, 20.9961284 ], [ 105.849826799999988, 20.9953234 ], [ 105.845412399999987, 20.9953901 ], [ 105.844472599999989, 20.9943875 ], [ 105.8437706, 20.9925135 ], [ 105.841255799999985, 20.9895631 ], [ 105.8410057, 20.9895614 ], [ 105.840227199999987, 20.9896044 ], [ 105.8365638, 20.9871738 ], [ 105.836072299999984, 20.9865672 ], [ 105.8358649, 20.9869364 ], [ 105.835702899999987, 20.9872104 ], [ 105.8349135, 20.9884591 ], [ 105.8328399, 20.9917502 ], [ 105.8312542, 20.9928465 ], [ 105.826654299999987, 20.9941394 ], [ 105.8252761, 20.9941733 ], [ 105.8234955, 20.9974402 ], [ 105.8234333, 20.9999103 ], [ 105.8195644, 21.002798 ], [ 105.8193971, 21.003419 ], [ 105.822243, 21.005964 ], [ 105.823373799999985, 21.0090523 ], [ 105.8214795, 21.0115675 ], [ 105.82105, 21.0119663 ] ] ] } },
{ "type": "Feature", "properties": { "threshold_s": 900, "time_label": "15 min drive" }, "geometry": { "type": "Polygon", "coordinates": [ [ [ 105.8117193, 21.0181599 ], [ 105.8122765, 21.0190151 ], [ 105.8170904, 21.0194987 ], [ 105.821496599999989, 21.0200784 ], [ 105.8212979, 21.0230519 ], [ 105.8228313, 21.0222185 ], [ 105.8269312, 21.0241688 ], [ 105.827208899999988, 21.0252373 ], [ 105.8318917, 21.0265264 ], [ 105.8338027, 21.0268477 ], [ 105.83421460000001, 21.0259824 ], [ 105.8392509, 21.024602 ], [ 105.839705899999984, 21.0250751 ], [ 105.83985269999998, 21.0250743 ], [ 105.8432716, 21.0254436 ], [ 105.8463276, 21.0227121 ], [ 105.8487625, 21.0198448 ], [ 105.8529519, 21.0168194 ], [ 105.8565616, 21.0135006 ], [ 105.858537899999988, 21.0092217 ], [ 105.8609009, 21.0093976 ], [ 105.8614453, 21.0088242 ], [ 105.8606927, 21.0086974 ], [ 105.858652, 21.0085882 ], [ 105.8549485, 21.0048029 ], [ 105.855178399999986, 21.0027894 ], [ 105.856747699999985, 20.9999704 ], [ 105.8572611, 20.9993533 ], [ 105.8602766, 20.9958028 ], [ 105.860374299999989, 20.9955514 ], [ 105.8572204, 20.9941686 ], [ 105.852709600000011, 20.9941669 ], [ 105.850962, 20.9937682 ], [ 105.8495471, 20.9930515 ], [ 105.847151399999987, 20.9886826 ], [ 105.851267399999983, 20.9871467 ], [ 105.8552671, 20.9886771 ], [ 105.8532212, 20.9868299 ], [ 105.8509986, 20.9856369 ], [ 105.8477172, 20.9836207 ], [ 105.845599199999981, 20.9817604 ], [ 105.8436869, 20.9810106 ], [ 105.841100899999986, 20.9785935 ], [ 105.835993799999983, 20.9781407 ], [ 105.835477399999988, 20.9787124 ], [ 105.8348039, 20.982038 ], [ 105.8297444, 20.981935 ], [ 105.826665199999979, 20.9840852 ], [ 105.8243836, 20.9854523 ], [ 105.8237121, 20.9900689 ], [ 105.824332399999989, 20.9938038 ], [ 105.82001990000002, 20.9954377 ], [ 105.818173, 20.9965335 ], [ 105.814307500000012, 20.9987879 ], [ 105.8114354, 20.9968636 ], [ 105.8103759, 20.996621 ], [ 105.81127, 20.9998829 ], [ 105.8117191, 21.0028656 ], [ 105.814768299999983, 21.0063694 ], [ 105.8131836, 21.0084469 ], [ 105.8110704, 21.01074 ], [ 105.810904899999983, 21.0108542 ], [ 105.810991499999986, 21.0109719 ], [ 105.81260810000002, 21.0131278 ], [ 105.811559099999982, 21.0177554 ], [ 105.8117193, 21.0181599 ] ] ] } },
{ "type": "Feature", "properties": { "threshold_s": 300, "time_label": "5 min drive" }, "geometry": { "type": "Polygon", "coordinates": [ [ [ 105.8356272, 21.033863 ], [ 105.8363518, 21.0356501 ], [ 105.8367548, 21.0351557 ], [ 105.836976299999989, 21.0349265 ], [ 105.8381949, 21.0336649 ], [ 105.840804, 21.0342079 ], [ 105.840904899999984, 21.0341906 ], [ 105.843290199999984, 21.0323602 ], [ 105.8447768, 21.0340917 ], [ 105.8449379, 21.0348636 ], [ 105.8454918, 21.0375308 ], [ 105.8467549, 21.0397937 ], [ 105.8471764, 21.0398976 ], [ 105.8491471, 21.0375518 ], [ 105.850948099999982, 21.0356251 ], [ 105.850261500000016, 21.0331052 ], [ 105.8519128, 21.0322701 ], [ 105.8529359, 21.0322265 ], [ 105.8510791, 21.0304701 ], [ 105.850585599999988, 21.0291892 ], [ 105.8495631, 21.0288558 ], [ 105.847790500000016, 21.0270442 ], [ 105.849699099999981, 21.0251837 ], [ 105.8491985, 21.0237053 ], [ 105.848836100000014, 21.0227009 ], [ 105.8463276, 21.0227121 ], [ 105.8451257, 21.0249069 ], [ 105.8427541, 21.0238309 ], [ 105.8414355, 21.021993 ], [ 105.8395402, 21.0242642 ], [ 105.8392509, 21.024602 ], [ 105.8380997, 21.0259862 ], [ 105.8361111, 21.0279427 ], [ 105.836006399999988, 21.0304587 ], [ 105.8341838, 21.0320229 ], [ 105.8356272, 21.033863 ] ] ] } },
{ "type": "Feature", "properties": { "threshold_s": 600, "time_label": "10 min drive" }, "geometry": { "type": "Polygon", "coordinates": [ [ [ 105.8259982, 21.0359947 ], [ 105.828665499999985, 21.0395817 ], [ 105.8282168, 21.0361744 ], [ 105.8317055, 21.0344357 ], [ 105.83272119999998, 21.034424 ], [ 105.8363518, 21.0356501 ], [ 105.837023599999981, 21.0388764 ], [ 105.835097299999987, 21.0418506 ], [ 105.8351095, 21.0426739 ], [ 105.8363039, 21.0440074 ], [ 105.840918499999987, 21.0459972 ], [ 105.842786799999985, 21.04652 ], [ 105.8438635, 21.0467884 ], [ 105.847211800000011, 21.0443291 ], [ 105.850000399999985, 21.0443066 ], [ 105.850342499999982, 21.0441496 ], [ 105.8513591, 21.04259 ], [ 105.8539648, 21.0399026 ], [ 105.8559408, 21.0375631 ], [ 105.8559647, 21.0363109 ], [ 105.8588286, 21.0330955 ], [ 105.859561899999989, 21.032523 ], [ 105.861271699999989, 21.0304235 ], [ 105.8610955, 21.0294989 ], [ 105.8600125, 21.0249853 ], [ 105.8598823, 21.0218612 ], [ 105.8588143, 21.0185725 ], [ 105.8556233, 21.0172861 ], [ 105.8531376, 21.0152821 ], [ 105.849150399999985, 21.0133873 ], [ 105.8482749, 21.0133237 ], [ 105.846647899999979, 21.0134641 ], [ 105.8435857, 21.0172651 ], [ 105.8424924, 21.0173642 ], [ 105.8414099, 21.0174645 ], [ 105.8372522, 21.018501 ], [ 105.833795699999982, 21.0192431 ], [ 105.8307261, 21.0201732 ], [ 105.8306589, 21.0202038 ], [ 105.8301057, 21.0241313 ], [ 105.827496, 21.0262322 ], [ 105.8259543, 21.0303509 ], [ 105.8256225, 21.0318746 ], [ 105.8259982, 21.0359947 ] ] ] } },
{ "type": "Feature", "properties": { "threshold_s": 900, "time_label": "15 min drive" }, "geometry": { "type": "Polygon", "coordinates": [ [ [ 105.81288859999998, 21.0314836 ], [ 105.8145478, 21.0373863 ], [ 105.8152145, 21.0374458 ], [ 105.8173165, 21.0373304 ], [ 105.8247218, 21.0424488 ], [ 105.8285905, 21.0410636 ], [ 105.8363039, 21.0440074 ], [ 105.837166, 21.0521616 ], [ 105.8395775, 21.0554078 ], [ 105.8435297, 21.0542126 ], [ 105.8481324, 21.0481674 ], [ 105.8492648, 21.0462351 ], [ 105.850106499999981, 21.0449387 ], [ 105.8532054, 21.0410502 ], [ 105.8539648, 21.0399026 ], [ 105.8552544, 21.038343 ], [ 105.8559408, 21.0375631 ], [ 105.8580411, 21.033791 ], [ 105.8588286, 21.0330955 ], [ 105.865565599999982, 21.0396641 ], [ 105.8660828, 21.0398137 ], [ 105.866220199999987, 21.0393304 ], [ 105.8661962, 21.0391784 ], [ 105.866112099999981, 21.0389781 ], [ 105.859561899999989, 21.032523 ], [ 105.861271699999989, 21.0304235 ], [ 105.8613337, 21.0288933 ], [ 105.861773199999988, 21.025698 ], [ 105.8620378, 21.0248247 ], [ 105.86210149999998, 21.0246067 ], [ 105.863899, 21.018973 ], [ 105.8655468, 21.0144409 ], [ 105.8642533, 21.0115155 ], [ 105.8628271, 21.0086717 ], [ 105.860795, 21.0076553 ], [ 105.854656399999982, 21.0073922 ], [ 105.8510544, 21.0044032 ], [ 105.8504813, 21.0044425 ], [ 105.8426162, 21.0027603 ], [ 105.84123, 21.0008729 ], [ 105.8375076, 21.0037912 ], [ 105.835409, 21.0096526 ], [ 105.8282054, 21.0118709 ], [ 105.825529, 21.0112402 ], [ 105.8254518, 21.0112777 ], [ 105.8233283, 21.0163032 ], [ 105.818328699999981, 21.0214228 ], [ 105.818984799999981, 21.0231983 ], [ 105.8164399, 21.0296201 ], [ 105.813172599999987, 21.0307143 ], [ 105.812923699999985, 21.0307452 ], [ 105.81288859999998, 21.0314836 ] ] ] } },
{ "type": "Feature", "properties": { "threshold_s": 300, "time_label": "5 min drive" }, "geometry": { "type": "Polygon", "coordinates": [ [ [ 105.845568499999985, 21.0405007 ], [ 105.8452169, 21.0406891 ], [ 105.8474489, 21.040873 ], [ 105.8482846, 21.041106 ], [ 105.8499291, 21.0406957 ], [ 105.8502396, 21.0404039 ], [ 105.851149600000014, 21.0394834 ], [ 105.8505999, 21.0381423 ], [ 105.8525179, 21.0367986 ], [ 105.853296899999989, 21.0369383 ], [ 105.8542072, 21.0356567 ], [ 105.8546223, 21.0348472 ], [ 105.8559161, 21.032665 ], [ 105.8564395, 21.0315136 ], [ 105.8565198, 21.0313238 ], [ 105.855826199999981, 21.0312919 ], [ 105.8545659, 21.0314536 ], [ 105.8539092, 21.0313985 ], [ 105.853331499999982, 21.0313059 ], [ 105.8510791, 21.0304701 ], [ 105.8511617, 21.0278966 ], [ 105.851678599999985, 21.0259447 ], [ 105.8532351, 21.0254925 ], [ 105.851322199999984, 21.0247186 ], [ 105.849699099999981, 21.0251837 ], [ 105.8474105, 21.0258729 ], [ 105.846901399999979, 21.0243922 ], [ 105.8451257, 21.0249069 ], [ 105.8432716, 21.0254436 ], [ 105.8414982, 21.0259455 ], [ 105.8402245, 21.0273746 ], [ 105.839164299999979, 21.0281474 ], [ 105.8415837, 21.0296129 ], [ 105.8403743, 21.0308374 ], [ 105.8403466, 21.0314387 ], [ 105.840682299999983, 21.0328473 ], [ 105.843290199999984, 21.0323602 ], [ 105.8447768, 21.0340917 ], [ 105.8449379, 21.0348636 ], [ 105.845924, 21.0356714 ], [ 105.8454918, 21.0375308 ], [ 105.8467549, 21.0397937 ], [ 105.845568499999985, 21.0405007 ] ] ] } },
{ "type": "Feature", "properties": { "threshold_s": 600, "time_label": "10 min drive" }, "geometry": { "type": "Polygon", "coordinates": [ [ [ 105.8358527, 21.042708 ], [ 105.8351095, 21.0426739 ], [ 105.8363039, 21.0440074 ], [ 105.838064499999987, 21.0427637 ], [ 105.8401771, 21.0433484 ], [ 105.840307699999983, 21.0458038 ], [ 105.84031760000002, 21.0464223 ], [ 105.8407961, 21.0470259 ], [ 105.841621, 21.0476337 ], [ 105.8420736, 21.0478426 ], [ 105.8438635, 21.0467884 ], [ 105.8464956, 21.0461629 ], [ 105.8492648, 21.0462351 ], [ 105.850106499999981, 21.0449387 ], [ 105.8513591, 21.04259 ], [ 105.8532054, 21.0410502 ], [ 105.8552544, 21.038343 ], [ 105.8559408, 21.0375631 ], [ 105.8559647, 21.0363109 ], [ 105.8580411, 21.033791 ], [ 105.8588286, 21.0330955 ], [ 105.859561899999989, 21.032523 ], [ 105.861271699999989, 21.0304235 ], [ 105.8613337, 21.0288933 ], [ 105.861773199999988, 21.025698 ], [ 105.8620378, 21.0248247 ], [ 105.86210149999998, 21.0246067 ], [ 105.8598823, 21.0218612 ], [ 105.8597317, 21.0187694 ], [ 105.8584719, 21.0179013 ], [ 105.8556233, 21.0172861 ], [ 105.8540474, 21.0169953 ], [ 105.8535531, 21.0169105 ], [ 105.850418, 21.0151848 ], [ 105.8483814, 21.0152195 ], [ 105.847806599999984, 21.0152294 ], [ 105.847263, 21.0153508 ], [ 105.844269199999985, 21.017305 ], [ 105.8435857, 21.0172651 ], [ 105.8424924, 21.0173642 ], [ 105.8414099, 21.0174645 ], [ 105.8394154, 21.0189573 ], [ 105.8372522, 21.018501 ], [ 105.8350263, 21.0211537 ], [ 105.8368905, 21.022215 ], [ 105.8376116, 21.0232408 ], [ 105.834960599999988, 21.0252216 ], [ 105.8337883, 21.0250219 ], [ 105.8330833, 21.0252794 ], [ 105.8330075, 21.0253066 ], [ 105.8315616, 21.0258355 ], [ 105.8318917, 21.0265264 ], [ 105.8299453, 21.0290504 ], [ 105.829247399999986, 21.0323773 ], [ 105.8292725, 21.0326242 ], [ 105.8317055, 21.0344357 ], [ 105.83272119999998, 21.034424 ], [ 105.833620399999987, 21.0342652 ], [ 105.8363518, 21.0356501 ], [ 105.837023599999981, 21.0388764 ], [ 105.838000199999982, 21.0413454 ], [ 105.8358527, 21.042708 ] ] ] } },
{ "type": "Feature", "properties": { "threshold_s": 900, "time_label": "15 min drive" }, "geometry": { "type": "Polygon", "coordinates": [ [ [ 105.835914299999985, 21.0526278 ], [ 105.8359029, 21.0567171 ], [ 105.835981499999988, 21.0567613 ], [ 105.8363703, 21.0569683 ], [ 105.8414778, 21.056495 ], [ 105.8443236, 21.0542526 ], [ 105.8481324, 21.0481674 ], [ 105.8492648, 21.0462351 ], [ 105.850106499999981, 21.0449387 ], [ 105.8532054, 21.0410502 ], [ 105.8539648, 21.0399026 ], [ 105.8552544, 21.038343 ], [ 105.8559408, 21.0375631 ], [ 105.8654306, 21.0378592 ], [ 105.8652272, 21.0404883 ], [ 105.8645302, 21.0425052 ], [ 105.865307, 21.0433171 ], [ 105.865444, 21.0433917 ], [ 105.86995349999998, 21.0417416 ], [ 105.8700365, 21.0416674 ], [ 105.8704177, 21.0367973 ], [ 105.8682662, 21.0353155 ], [ 105.8613337, 21.0288933 ], [ 105.861773199999988, 21.025698 ], [ 105.8620378, 21.0248247 ], [ 105.86210149999998, 21.0246067 ], [ 105.863899, 21.018973 ], [ 105.864448899999985, 21.0179396 ], [ 105.865231599999987, 21.0153725 ], [ 105.8655468, 21.0144409 ], [ 105.8651145, 21.0118483 ], [ 105.8644658, 21.0103583 ], [ 105.8614453, 21.0088242 ], [ 105.8606927, 21.0086974 ], [ 105.8555713, 21.0090207 ], [ 105.8511028, 21.0049339 ], [ 105.8486125, 21.0062745 ], [ 105.8413113, 21.0063215 ], [ 105.838181099999986, 21.0097637 ], [ 105.8372522, 21.018501 ], [ 105.8309465, 21.0170993 ], [ 105.8285669, 21.0146561 ], [ 105.827412899999985, 21.0152724 ], [ 105.824664799999979, 21.021128 ], [ 105.822770899999981, 21.0267136 ], [ 105.8182347, 21.0306756 ], [ 105.818209, 21.0308137 ], [ 105.820262, 21.0352954 ], [ 105.8247218, 21.0424488 ], [ 105.8285905, 21.0410636 ], [ 105.8363039, 21.0440074 ], [ 105.835914299999985, 21.0526278 ] ] ] } },
{ "type": "Feature", "properties": { "threshold_s": 300, "time_label": "5 min drive" }, "geometry": { "type": "Polygon", "coordinates": [ [ [ 105.8414982, 21.0259455 ], [ 105.8434703, 21.0283452 ], [ 105.8439851, 21.0285916 ], [ 105.8464, 21.0291195 ], [ 105.847790500000016, 21.0270442 ], [ 105.849699099999981, 21.0251837 ], [ 105.8516746, 21.0229846 ], [ 105.8522331, 21.0209829 ], [ 105.8529487, 21.0201152 ], [ 105.855011, 21.0183662 ], [ 105.8540474, 21.0169953 ], [ 105.851557799999981, 21.0151545 ], [ 105.849150399999985, 21.0133873 ], [ 105.8474309, 21.0132433 ], [ 105.846647899999979, 21.0134641 ], [ 105.847263, 21.0153508 ], [ 105.846956799999987, 21.0171098 ], [ 105.844269199999985, 21.017305 ], [ 105.8435857, 21.0172651 ], [ 105.8424924, 21.0173642 ], [ 105.8414099, 21.0174645 ], [ 105.8394154, 21.0189573 ], [ 105.8372522, 21.018501 ], [ 105.8370701, 21.0188496 ], [ 105.8371473, 21.019088 ], [ 105.8375214, 21.02013 ], [ 105.8377091, 21.0200259 ], [ 105.841418299999987, 21.0206551 ], [ 105.8414355, 21.021993 ], [ 105.841464500000015, 21.024215 ], [ 105.8414982, 21.0259455 ] ] ] } },
{ "type": "Feature", "properties": { "threshold_s": 600, "time_label": "10 min drive" }, "geometry": { "type": "Polygon", "coordinates": [ [ [ 105.8341838, 21.0320229 ], [ 105.8363518, 21.0356501 ], [ 105.840804, 21.0342079 ], [ 105.840904899999984, 21.0341906 ], [ 105.8449379, 21.0348636 ], [ 105.8454918, 21.0375308 ], [ 105.8471313, 21.0386835 ], [ 105.8491471, 21.0375518 ], [ 105.850948099999982, 21.0356251 ], [ 105.8538341, 21.0321923 ], [ 105.8567112, 21.0297654 ], [ 105.857538, 21.0291314 ], [ 105.8581333, 21.0279368 ], [ 105.860690299999987, 21.02414 ], [ 105.8607254, 21.0240373 ], [ 105.8598823, 21.0218612 ], [ 105.861804899999981, 21.0185343 ], [ 105.860863499999979, 21.013714 ], [ 105.861001699999989, 21.0130866 ], [ 105.8609009, 21.0093976 ], [ 105.8562563, 21.0089621 ], [ 105.854656399999982, 21.0073922 ], [ 105.8510544, 21.0044032 ], [ 105.847204199999979, 21.0041071 ], [ 105.8426162, 21.0027603 ], [ 105.8412301, 21.0030328 ], [ 105.839297499999986, 21.0040633 ], [ 105.8392324, 21.0041845 ], [ 105.8397447, 21.0060986 ], [ 105.838181099999986, 21.0097637 ], [ 105.836551, 21.0105942 ], [ 105.8362072, 21.0119062 ], [ 105.836346799999987, 21.0120401 ], [ 105.8391601, 21.0123792 ], [ 105.8413476, 21.010746 ], [ 105.8463087, 21.0126788 ], [ 105.8435857, 21.0172651 ], [ 105.8424924, 21.0173642 ], [ 105.8414099, 21.0174645 ], [ 105.8372522, 21.018501 ], [ 105.833795699999982, 21.0192431 ], [ 105.83106290000002, 21.0172386 ], [ 105.8309465, 21.0170993 ], [ 105.8290103, 21.0144294 ], [ 105.828405800000013, 21.0143497 ], [ 105.828305499999985, 21.0144022 ], [ 105.827412899999985, 21.0152724 ], [ 105.8263958, 21.0183198 ], [ 105.8248003, 21.021338 ], [ 105.826251, 21.022117 ], [ 105.8304305, 21.0240979 ], [ 105.833415599999981, 21.0280593 ], [ 105.8341838, 21.0320229 ] ] ] } },
{ "type": "Feature", "properties": { "threshold_s": 900, "time_label": "15 min drive" }, "geometry": { "type": "Polygon", "coordinates": [ [ [ 105.8259982, 21.0359947 ], [ 105.828665499999985, 21.0395817 ], [ 105.8351095, 21.0426739 ], [ 105.8363039, 21.0440074 ], [ 105.840307699999983, 21.0458038 ], [ 105.840918499999987, 21.0459972 ], [ 105.842786799999985, 21.04652 ], [ 105.8438635, 21.0467884 ], [ 105.850281, 21.0438087 ], [ 105.8539648, 21.0399026 ], [ 105.8559408, 21.0375631 ], [ 105.859561899999989, 21.032523 ], [ 105.861271699999989, 21.0304235 ], [ 105.86210149999998, 21.0246067 ], [ 105.863899, 21.018973 ], [ 105.864448899999985, 21.0179396 ], [ 105.865231599999987, 21.0153725 ], [ 105.8680303, 21.0100022 ], [ 105.8691535, 21.0053046 ], [ 105.8652569, 21.0029825 ], [ 105.8617132, 20.9990108 ], [ 105.854921, 20.9980591 ], [ 105.8501768, 20.9937528 ], [ 105.850109299999986, 20.9937529 ], [ 105.843321499999988, 20.9931925 ], [ 105.841024599999983, 20.9908537 ], [ 105.836739699999981, 20.9941109 ], [ 105.834289499999983, 20.9991527 ], [ 105.829533699999985, 21.0019292 ], [ 105.830331199999989, 21.0041204 ], [ 105.827990299999982, 21.0076612 ], [ 105.8226959, 21.0056371 ], [ 105.8221002, 21.0048876 ], [ 105.822243, 21.005964 ], [ 105.8214795, 21.0115675 ], [ 105.8182137, 21.0130422 ], [ 105.8180511, 21.0131584 ], [ 105.8177309, 21.0146258 ], [ 105.817855499999979, 21.0148042 ], [ 105.821050299999982, 21.0190995 ], [ 105.8194564, 21.0229901 ], [ 105.819717199999985, 21.0234327 ], [ 105.8220755, 21.0274604 ], [ 105.8227084, 21.0314793 ], [ 105.8259982, 21.0359947 ] ] ] } },
{ "type": "Feature", "properties": { "threshold_s": 300, "time_label": "5 min drive" }, "geometry": { "type": "Polygon", "coordinates": [ [ [ 105.8478139, 21.0366504 ], [ 105.8486487, 21.0382787 ], [ 105.850764, 21.0370967 ], [ 105.852338599999982, 21.0385754 ], [ 105.8532212, 21.0390552 ], [ 105.8546021, 21.0386962 ], [ 105.8552544, 21.038343 ], [ 105.8559408, 21.0375631 ], [ 105.856505, 21.0347543 ], [ 105.8588286, 21.0330955 ], [ 105.859561899999989, 21.032523 ], [ 105.861271699999989, 21.0304235 ], [ 105.8613337, 21.0288933 ], [ 105.8603817, 21.0291546 ], [ 105.8588605, 21.0264696 ], [ 105.8602138, 21.0257388 ], [ 105.860299, 21.0256005 ], [ 105.860767399999986, 21.0242371 ], [ 105.8607254, 21.0240373 ], [ 105.8589742, 21.024877 ], [ 105.8574777, 21.022875 ], [ 105.8549505, 21.0220242 ], [ 105.854130899999987, 21.0217774 ], [ 105.852939699999979, 21.0242487 ], [ 105.850573, 21.0262615 ], [ 105.8495631, 21.0288558 ], [ 105.847795099999985, 21.0291543 ], [ 105.8464, 21.0291195 ], [ 105.845974500000011, 21.0317052 ], [ 105.8458888, 21.0337422 ], [ 105.847722399999981, 21.0362416 ], [ 105.8478139, 21.0366504 ] ] ] } },
{ "type": "Feature", "properties": { "threshold_s": 600, "time_label": "10 min drive" }, "geometry": { "type": "Polygon", "coordinates": [ [ [ 105.840151, 21.0428157 ], [ 105.8401771, 21.0433484 ], [ 105.8438635, 21.0467884 ], [ 105.848446, 21.0470645 ], [ 105.8492648, 21.0462351 ], [ 105.850106499999981, 21.0449387 ], [ 105.8532054, 21.0410502 ], [ 105.8539648, 21.0399026 ], [ 105.8552544, 21.038343 ], [ 105.8559408, 21.0375631 ], [ 105.8580411, 21.033791 ], [ 105.8588286, 21.0330955 ], [ 105.865565599999982, 21.0396641 ], [ 105.8660828, 21.0398137 ], [ 105.866220199999987, 21.0393304 ], [ 105.8661962, 21.0391784 ], [ 105.866112099999981, 21.0389781 ], [ 105.859561899999989, 21.032523 ], [ 105.861271699999989, 21.0304235 ], [ 105.8613337, 21.0288933 ], [ 105.861773199999988, 21.025698 ], [ 105.8620378, 21.0248247 ], [ 105.86210149999998, 21.0246067 ], [ 105.863899, 21.018973 ], [ 105.864448899999985, 21.0179396 ], [ 105.862959, 21.0134644 ], [ 105.859316299999989, 21.0134843 ], [ 105.8530265, 21.0134566 ], [ 105.8504595, 21.0134998 ], [ 105.8483814, 21.0152195 ], [ 105.846956799999987, 21.0171098 ], [ 105.845692299999982, 21.0195002 ], [ 105.8414355, 21.021993 ], [ 105.8395402, 21.0242642 ], [ 105.8357768, 21.0272036 ], [ 105.836138799999986, 21.030881 ], [ 105.8366268, 21.0336787 ], [ 105.8381949, 21.0336649 ], [ 105.840804, 21.0342079 ], [ 105.840904899999984, 21.0341906 ], [ 105.8454918, 21.0375308 ], [ 105.8420285, 21.0406404 ], [ 105.841936899999979, 21.0406599 ], [ 105.840151, 21.0428157 ] ] ] } },
{ "type": "Feature", "properties": { "threshold_s": 900, "time_label": "15 min drive" }, "geometry": { "type": "Polygon", "coordinates": [ [ [ 105.838671, 21.0522312 ], [ 105.8394795, 21.0549056 ], [ 105.839774399999982, 21.0550947 ], [ 105.8426652, 21.053922 ], [ 105.844046, 21.0533014 ], [ 105.8481324, 21.0481674 ], [ 105.8492648, 21.0462351 ], [ 105.850106499999981, 21.0449387 ], [ 105.8532054, 21.0410502 ], [ 105.8539648, 21.0399026 ], [ 105.8552544, 21.038343 ], [ 105.8559408, 21.0375631 ], [ 105.8654306, 21.0378592 ], [ 105.8652272, 21.0404883 ], [ 105.8645302, 21.0425052 ], [ 105.8645845, 21.0429123 ], [ 105.8644483, 21.0456788 ], [ 105.8649809, 21.0473095 ], [ 105.8653541, 21.0490072 ], [ 105.865389599999986, 21.0490727 ], [ 105.873458299999982, 21.0466538 ], [ 105.875490899999988, 21.0451634 ], [ 105.8753613, 21.0443661 ], [ 105.874781399999989, 21.0374935 ], [ 105.874987499999989, 21.034764 ], [ 105.872938199999979, 21.0316934 ], [ 105.8691818, 21.0308484 ], [ 105.8620378, 21.0248247 ], [ 105.86210149999998, 21.0246067 ], [ 105.863899, 21.018973 ], [ 105.864448899999985, 21.0179396 ], [ 105.865231599999987, 21.0153725 ], [ 105.8655468, 21.0144409 ], [ 105.8680303, 21.0100022 ], [ 105.8691535, 21.0053046 ], [ 105.860888599999981, 21.006907 ], [ 105.8549535, 21.005497 ], [ 105.850946, 21.0031354 ], [ 105.850884399999984, 21.0031438 ], [ 105.850735700000016, 21.0032328 ], [ 105.8449471, 21.0079814 ], [ 105.8410532, 21.0107455 ], [ 105.8372522, 21.018501 ], [ 105.833795699999982, 21.0192431 ], [ 105.8307709, 21.0191322 ], [ 105.827496, 21.0262322 ], [ 105.8256498, 21.031761 ], [ 105.8256225, 21.0318746 ], [ 105.8273644, 21.0362036 ], [ 105.8282168, 21.0361744 ], [ 105.835097299999987, 21.0418506 ], [ 105.8351095, 21.0426739 ], [ 105.8363039, 21.0440074 ], [ 105.838671, 21.0522312 ] ] ] } },
{ "type": "Feature", "properties": { "threshold_s": 300, "time_label": "5 min drive" }, "geometry": { "type": "Polygon", "coordinates": [ [ [ 105.8470901, 21.0365581 ], [ 105.8479192, 21.0377886 ], [ 105.8486487, 21.0382787 ], [ 105.8505606, 21.0383929 ], [ 105.8532212, 21.0390552 ], [ 105.8546021, 21.0386962 ], [ 105.8552544, 21.038343 ], [ 105.8559408, 21.0375631 ], [ 105.8562679, 21.035083 ], [ 105.856505, 21.0347543 ], [ 105.8567919, 21.0336774 ], [ 105.8588286, 21.0330955 ], [ 105.859561899999989, 21.032523 ], [ 105.86078879999998, 21.0302755 ], [ 105.861271699999989, 21.0304235 ], [ 105.8610955, 21.0294989 ], [ 105.860895, 21.0292422 ], [ 105.8603817, 21.0291546 ], [ 105.8581333, 21.0279368 ], [ 105.8588605, 21.0264696 ], [ 105.859122499999984, 21.0260143 ], [ 105.858025399999988, 21.0255058 ], [ 105.8556889, 21.0242229 ], [ 105.8547547, 21.023716 ], [ 105.8532351, 21.0254925 ], [ 105.851322199999984, 21.0247186 ], [ 105.850098599999981, 21.0263959 ], [ 105.8495631, 21.0288558 ], [ 105.847795099999985, 21.0291543 ], [ 105.8464, 21.0291195 ], [ 105.8453413, 21.0287033 ], [ 105.8444581, 21.028869 ], [ 105.8445748, 21.0289326 ], [ 105.8450687, 21.0291861 ], [ 105.846286, 21.0310279 ], [ 105.845974500000011, 21.0317052 ], [ 105.8455033, 21.033579 ], [ 105.845709099999979, 21.0346237 ], [ 105.8457273, 21.0347159 ], [ 105.8470901, 21.0365581 ] ] ] } },
{ "type": "Feature", "properties": { "threshold_s": 600, "time_label": "10 min drive" }, "geometry": { "type": "Polygon", "coordinates": [ [ [ 105.8401771, 21.0433484 ], [ 105.8418049, 21.0450949 ], [ 105.8438635, 21.0467884 ], [ 105.848446, 21.0470645 ], [ 105.8492648, 21.0462351 ], [ 105.850106499999981, 21.0449387 ], [ 105.8532054, 21.0410502 ], [ 105.8539648, 21.0399026 ], [ 105.8552544, 21.038343 ], [ 105.8559408, 21.0375631 ], [ 105.8580411, 21.033791 ], [ 105.8588286, 21.0330955 ], [ 105.865565599999982, 21.0396641 ], [ 105.8660828, 21.0398137 ], [ 105.866220199999987, 21.0393304 ], [ 105.8661962, 21.0391784 ], [ 105.866112099999981, 21.0389781 ], [ 105.859561899999989, 21.032523 ], [ 105.861271699999989, 21.0304235 ], [ 105.8613337, 21.0288933 ], [ 105.861773199999988, 21.025698 ], [ 105.8620378, 21.0248247 ], [ 105.86210149999998, 21.0246067 ], [ 105.863899, 21.018973 ], [ 105.8583461, 21.0169388 ], [ 105.853558199999981, 21.0137765 ], [ 105.847263, 21.0153508 ], [ 105.8443164, 21.0198187 ], [ 105.841418299999987, 21.0206551 ], [ 105.8392509, 21.024602 ], [ 105.8357768, 21.0272036 ], [ 105.836006399999988, 21.0304587 ], [ 105.8367548, 21.0351557 ], [ 105.840804, 21.0342079 ], [ 105.840904899999984, 21.0341906 ], [ 105.8454918, 21.0375308 ], [ 105.8420285, 21.0406404 ], [ 105.841936899999979, 21.0406599 ], [ 105.8410772, 21.0408157 ], [ 105.840151, 21.0428157 ], [ 105.8401771, 21.0433484 ] ] ] } },
{ "type": "Feature", "properties": { "threshold_s": 900, "time_label": "15 min drive" }, "geometry": { "type": "Polygon", "coordinates": [ [ [ 105.838671, 21.0522312 ], [ 105.8394795, 21.0549056 ], [ 105.839774399999982, 21.0550947 ], [ 105.8426652, 21.053922 ], [ 105.844046, 21.0533014 ], [ 105.8481324, 21.0481674 ], [ 105.8492648, 21.0462351 ], [ 105.850106499999981, 21.0449387 ], [ 105.8532054, 21.0410502 ], [ 105.8539648, 21.0399026 ], [ 105.8552544, 21.038343 ], [ 105.8559408, 21.0375631 ], [ 105.8580411, 21.033791 ], [ 105.8588286, 21.0330955 ], [ 105.859561899999989, 21.032523 ], [ 105.8654306, 21.0378592 ], [ 105.8652272, 21.0404883 ], [ 105.8645302, 21.0425052 ], [ 105.8645845, 21.0429123 ], [ 105.8644483, 21.0456788 ], [ 105.8649809, 21.0473095 ], [ 105.8653541, 21.0490072 ], [ 105.865389599999986, 21.0490727 ], [ 105.8711895, 21.0472133 ], [ 105.873458299999982, 21.0466538 ], [ 105.875490899999988, 21.0451634 ], [ 105.8753613, 21.0443661 ], [ 105.874781399999989, 21.0374935 ], [ 105.874987499999989, 21.034764 ], [ 105.872938199999979, 21.0316934 ], [ 105.8691818, 21.0308484 ], [ 105.8613337, 21.0288933 ], [ 105.861773199999988, 21.025698 ], [ 105.8620378, 21.0248247 ], [ 105.86210149999998, 21.0246067 ], [ 105.863899, 21.018973 ], [ 105.864448899999985, 21.0179396 ], [ 105.865231599999987, 21.0153725 ], [ 105.8655468, 21.0144409 ], [ 105.8680303, 21.0100022 ], [ 105.866515899999982, 21.0078988 ], [ 105.860888599999981, 21.006907 ], [ 105.853795, 21.0077751 ], [ 105.8511028, 21.0049339 ], [ 105.8491994, 21.0056317 ], [ 105.8449471, 21.0079814 ], [ 105.84115509999998, 21.010313 ], [ 105.8410532, 21.0107455 ], [ 105.8414099, 21.0174645 ], [ 105.8372522, 21.018501 ], [ 105.833795699999982, 21.0192431 ], [ 105.829942399999979, 21.0188712 ], [ 105.827208899999988, 21.0252373 ], [ 105.8256225, 21.0318746 ], [ 105.8273644, 21.0362036 ], [ 105.8285905, 21.0410636 ], [ 105.8351095, 21.0426739 ], [ 105.8363039, 21.0440074 ], [ 105.838508299999987, 21.0487951 ], [ 105.838671, 21.0522312 ] ] ] } },
{ "type": "Feature", "properties": { "threshold_s": 300, "time_label": "5 min drive" }, "geometry": { "type": "Polygon", "coordinates": [ [ [ 105.8435857, 21.0172651 ], [ 105.8424984, 21.0175268 ], [ 105.8438212, 21.0181427 ], [ 105.845936099999989, 21.020136 ], [ 105.8461235, 21.0206578 ], [ 105.8486244, 21.0220391 ], [ 105.849970199999987, 21.0206242 ], [ 105.8525018, 21.0222055 ], [ 105.8531422, 21.0207175 ], [ 105.8554092, 21.0194893 ], [ 105.8556233, 21.0172861 ], [ 105.8583461, 21.0169388 ], [ 105.8590371, 21.0147101 ], [ 105.859316299999989, 21.0134843 ], [ 105.8588168, 21.0120837 ], [ 105.8564286, 21.0105414 ], [ 105.8555713, 21.0090207 ], [ 105.8546881, 21.0087332 ], [ 105.85227949999998, 21.0069421 ], [ 105.8511028, 21.0049339 ], [ 105.8486125, 21.0062745 ], [ 105.846089299999988, 21.0079147 ], [ 105.8449471, 21.0079814 ], [ 105.8460661, 21.0081019 ], [ 105.8483954, 21.0097738 ], [ 105.8479992, 21.0117844 ], [ 105.8463087, 21.0126788 ], [ 105.846647899999979, 21.0134641 ], [ 105.847263, 21.0153508 ], [ 105.846956799999987, 21.0171098 ], [ 105.844269199999985, 21.017305 ], [ 105.8435857, 21.0172651 ] ] ] } },
{ "type": "Feature", "properties": { "threshold_s": 600, "time_label": "10 min drive" }, "geometry": { "type": "Polygon", "coordinates": [ [ [ 105.8414982, 21.0259455 ], [ 105.841517, 21.02649 ], [ 105.8434703, 21.0283452 ], [ 105.8444581, 21.028869 ], [ 105.8474725, 21.0304548 ], [ 105.8486543, 21.0310594 ], [ 105.853009, 21.0316982 ], [ 105.8531632, 21.0322152 ], [ 105.8538341, 21.0321923 ], [ 105.8567112, 21.0297654 ], [ 105.857538, 21.0291314 ], [ 105.8581333, 21.0279368 ], [ 105.8605779, 21.0244154 ], [ 105.860767399999986, 21.0242371 ], [ 105.8607254, 21.0240373 ], [ 105.8598823, 21.0218612 ], [ 105.8625822, 21.0186632 ], [ 105.863113399999989, 21.0187844 ], [ 105.863899, 21.018973 ], [ 105.864448899999985, 21.0179396 ], [ 105.865231599999987, 21.0153725 ], [ 105.8655468, 21.0144409 ], [ 105.8657318, 21.0120932 ], [ 105.8680303, 21.0100022 ], [ 105.866515899999982, 21.0078988 ], [ 105.8634401, 21.0082779 ], [ 105.860888599999981, 21.006907 ], [ 105.8622648, 21.0030021 ], [ 105.8596918, 21.0022291 ], [ 105.857958899999986, 21.0027343 ], [ 105.8546476, 21.0020295 ], [ 105.853301299999984, 20.9989462 ], [ 105.8528731, 20.9978553 ], [ 105.849826799999988, 20.9953234 ], [ 105.849362299999981, 20.99538 ], [ 105.849142799999981, 20.9959335 ], [ 105.8491692, 20.9962061 ], [ 105.848264199999988, 21.0002543 ], [ 105.845359299999984, 21.0001914 ], [ 105.84123, 21.0008729 ], [ 105.839297499999986, 21.0040633 ], [ 105.8375076, 21.0037912 ], [ 105.837045499999988, 21.0036744 ], [ 105.838777300000018, 21.0067038 ], [ 105.837589, 21.009484 ], [ 105.835219399999986, 21.009495 ], [ 105.8351758, 21.0098806 ], [ 105.8358302, 21.0130518 ], [ 105.8391601, 21.0123792 ], [ 105.8413476, 21.010746 ], [ 105.84379269999998, 21.0076335 ], [ 105.8449471, 21.0079814 ], [ 105.8460661, 21.0081019 ], [ 105.8483954, 21.0097738 ], [ 105.8463087, 21.0126788 ], [ 105.846647899999979, 21.0134641 ], [ 105.847263, 21.0153508 ], [ 105.844269199999985, 21.017305 ], [ 105.8435857, 21.0172651 ], [ 105.8424924, 21.0173642 ], [ 105.8414099, 21.0174645 ], [ 105.8372522, 21.018501 ], [ 105.8370701, 21.0188496 ], [ 105.8371473, 21.019088 ], [ 105.8375214, 21.02013 ], [ 105.8414355, 21.021993 ], [ 105.841464500000015, 21.024215 ], [ 105.8414982, 21.0259455 ] ] ] } },
{ "type": "Feature", "properties": { "threshold_s": 900, "time_label": "15 min drive" }, "geometry": { "type": "Polygon", "coordinates": [ [ [ 105.833105, 21.0322249 ], [ 105.834611099999989, 21.0340502 ], [ 105.8363518, 21.0356501 ], [ 105.8454918, 21.0375308 ], [ 105.8467549, 21.0397937 ], [ 105.8471661, 21.0403179 ], [ 105.847634699999986, 21.0403282 ], [ 105.8485616, 21.0402888 ], [ 105.8539648, 21.0399026 ], [ 105.8559408, 21.0375631 ], [ 105.861271699999989, 21.0304235 ], [ 105.86210149999998, 21.0246067 ], [ 105.864448899999985, 21.0179396 ], [ 105.8680303, 21.0100022 ], [ 105.8742909, 21.0023561 ], [ 105.8766061, 21.0020298 ], [ 105.8767031, 21.002003 ], [ 105.877117699999985, 21.0018883 ], [ 105.8711588, 20.9994913 ], [ 105.8646271, 20.9951815 ], [ 105.862990399999987, 20.9919443 ], [ 105.854610899999983, 20.9876559 ], [ 105.846579300000016, 20.9860837 ], [ 105.8457374, 20.9859479 ], [ 105.8410057, 20.9895614 ], [ 105.836739699999981, 20.9941109 ], [ 105.8318828, 20.9997185 ], [ 105.829059, 21.0008036 ], [ 105.827431599999983, 21.0045071 ], [ 105.8268687, 21.0134918 ], [ 105.824664799999979, 21.021128 ], [ 105.8248003, 21.021338 ], [ 105.826251, 21.022117 ], [ 105.832633099999981, 21.0283721 ], [ 105.833105, 21.0322249 ] ] ] } },
{ "type": "Feature", "properties": { "threshold_s": 300, "time_label": "5 min drive" }, "geometry": { "type": "Polygon", "coordinates": [ [ [ 105.8386072, 21.0311749 ], [ 105.8391606, 21.0326673 ], [ 105.840682299999983, 21.0328473 ], [ 105.843290199999984, 21.0323602 ], [ 105.8447768, 21.0340917 ], [ 105.8449379, 21.0348636 ], [ 105.8454918, 21.0375308 ], [ 105.8467549, 21.0397937 ], [ 105.8477713, 21.0400597 ], [ 105.8486487, 21.0382787 ], [ 105.850764, 21.0370967 ], [ 105.852792800000017, 21.0360548 ], [ 105.852156799999989, 21.0347124 ], [ 105.853804, 21.0330302 ], [ 105.85453219999998, 21.0321868 ], [ 105.853111199999987, 21.0316465 ], [ 105.8510791, 21.0304701 ], [ 105.8511617, 21.0278966 ], [ 105.850098599999981, 21.0263959 ], [ 105.851322199999984, 21.0247186 ], [ 105.8491985, 21.0237053 ], [ 105.848836100000014, 21.0227009 ], [ 105.8463276, 21.0227121 ], [ 105.8451257, 21.0249069 ], [ 105.8432716, 21.0254436 ], [ 105.841464500000015, 21.024215 ], [ 105.839705899999984, 21.0250751 ], [ 105.8385407, 21.0267578 ], [ 105.8388391, 21.0280565 ], [ 105.838567399999988, 21.0304156 ], [ 105.8386072, 21.0311749 ] ] ] } },
{ "type": "Feature", "properties": { "threshold_s": 600, "time_label": "10 min drive" }, "geometry": { "type": "Polygon", "coordinates": [ [ [ 105.8299453, 21.0290504 ], [ 105.8272654, 21.0322089 ], [ 105.828823, 21.0325515 ], [ 105.8317055, 21.0344357 ], [ 105.83272119999998, 21.034424 ], [ 105.8363518, 21.0356501 ], [ 105.837023599999981, 21.0388764 ], [ 105.838064499999987, 21.0427637 ], [ 105.8409974, 21.0454008 ], [ 105.842097, 21.0463187 ], [ 105.842786799999985, 21.04652 ], [ 105.8438635, 21.0467884 ], [ 105.847211800000011, 21.0443291 ], [ 105.8487358, 21.0444282 ], [ 105.8497417, 21.0447504 ], [ 105.850342499999982, 21.0441496 ], [ 105.8532054, 21.0410502 ], [ 105.8559408, 21.0375631 ], [ 105.8580411, 21.033791 ], [ 105.8588286, 21.0330955 ], [ 105.859561899999989, 21.032523 ], [ 105.861271699999989, 21.0304235 ], [ 105.8613337, 21.0288933 ], [ 105.860299, 21.0256005 ], [ 105.860690299999987, 21.02414 ], [ 105.8607254, 21.0240373 ], [ 105.8598823, 21.0218612 ], [ 105.8588143, 21.0185725 ], [ 105.8556233, 21.0172861 ], [ 105.853255, 21.0147894 ], [ 105.849150399999985, 21.0133873 ], [ 105.8482749, 21.0133237 ], [ 105.846647899999979, 21.0134641 ], [ 105.847263, 21.0153508 ], [ 105.844269199999985, 21.017305 ], [ 105.8435857, 21.0172651 ], [ 105.8424924, 21.0173642 ], [ 105.8414099, 21.0174645 ], [ 105.8372522, 21.018501 ], [ 105.833795699999982, 21.0192431 ], [ 105.8338068, 21.0193064 ], [ 105.832224299999979, 21.0234152 ], [ 105.832154499999987, 21.0234448 ], [ 105.830492399999983, 21.0270872 ], [ 105.8299453, 21.0290504 ] ] ] } },
{ "type": "Feature", "properties": { "threshold_s": 900, "time_label": "15 min drive" }, "geometry": { "type": "Polygon", "coordinates": [ [ [ 105.815964, 21.0306627 ], [ 105.8178814, 21.0355613 ], [ 105.820262, 21.0352954 ], [ 105.8203401, 21.0352888 ], [ 105.821467899999988, 21.0351968 ], [ 105.8259982, 21.0359947 ], [ 105.8285905, 21.0410636 ], [ 105.8363039, 21.0440074 ], [ 105.837166, 21.0521616 ], [ 105.8395775, 21.0554078 ], [ 105.844046, 21.0533014 ], [ 105.8481324, 21.0481674 ], [ 105.8492648, 21.0462351 ], [ 105.850106499999981, 21.0449387 ], [ 105.8532054, 21.0410502 ], [ 105.8539648, 21.0399026 ], [ 105.8552544, 21.038343 ], [ 105.8559408, 21.0375631 ], [ 105.8580411, 21.033791 ], [ 105.8654306, 21.0378592 ], [ 105.865565599999982, 21.0396641 ], [ 105.865384399999982, 21.0405012 ], [ 105.8654574, 21.0407182 ], [ 105.867414899999986, 21.0403182 ], [ 105.867557199999979, 21.0399065 ], [ 105.8675851, 21.0384081 ], [ 105.867046, 21.037756 ], [ 105.866810799999982, 21.0376376 ], [ 105.861271699999989, 21.0304235 ], [ 105.8613337, 21.0288933 ], [ 105.861773199999988, 21.025698 ], [ 105.8620378, 21.0248247 ], [ 105.86210149999998, 21.0246067 ], [ 105.863899, 21.018973 ], [ 105.864448899999985, 21.0179396 ], [ 105.8655468, 21.0144409 ], [ 105.8645785, 21.0116452 ], [ 105.8628271, 21.0086717 ], [ 105.860888599999981, 21.006907 ], [ 105.8546658, 21.0067839 ], [ 105.850956, 21.0034801 ], [ 105.845651, 21.0061208 ], [ 105.8414512, 21.0030306 ], [ 105.8412301, 21.0030328 ], [ 105.8398285, 21.0042077 ], [ 105.8370344, 21.0110128 ], [ 105.8288915, 21.0135822 ], [ 105.827148, 21.0133393 ], [ 105.8268687, 21.0134918 ], [ 105.823878100000016, 21.0190342 ], [ 105.8228313, 21.0222185 ], [ 105.82144959999998, 21.0255664 ], [ 105.815964, 21.0306627 ] ] ] } },
{ "type": "Feature", "properties": { "threshold_s": 300, "time_label": "5 min drive" }, "geometry": { "type": "Polygon", "coordinates": [ [ [ 105.8356272, 21.033863 ], [ 105.8367548, 21.0351557 ], [ 105.836976299999989, 21.0349265 ], [ 105.8381949, 21.0336649 ], [ 105.840804, 21.0342079 ], [ 105.840904899999984, 21.0341906 ], [ 105.840682299999983, 21.0328473 ], [ 105.843290199999984, 21.0323602 ], [ 105.8447768, 21.0340917 ], [ 105.8449379, 21.0348636 ], [ 105.846130299999984, 21.0366717 ], [ 105.8460762, 21.03742 ], [ 105.8462821, 21.0373809 ], [ 105.8478139, 21.0366504 ], [ 105.8482524, 21.0353972 ], [ 105.848156599999982, 21.0348966 ], [ 105.850261500000016, 21.0331052 ], [ 105.8504709, 21.0321878 ], [ 105.8491377, 21.0313156 ], [ 105.8494419, 21.0291799 ], [ 105.8502936, 21.0269683 ], [ 105.851322199999984, 21.0247186 ], [ 105.850819799999982, 21.023226 ], [ 105.849959799999979, 21.0216627 ], [ 105.8486244, 21.0220391 ], [ 105.8463276, 21.0227121 ], [ 105.845411900000016, 21.0229745 ], [ 105.84309709999998, 21.021558 ], [ 105.841405499999979, 21.0199175 ], [ 105.841418299999987, 21.0206551 ], [ 105.8414355, 21.021993 ], [ 105.841464500000015, 21.024215 ], [ 105.8395402, 21.0242642 ], [ 105.8392509, 21.024602 ], [ 105.8380997, 21.0259862 ], [ 105.8357768, 21.0272036 ], [ 105.8361111, 21.0279427 ], [ 105.836006399999988, 21.0304587 ], [ 105.836138799999986, 21.030881 ], [ 105.836268899999979, 21.0316267 ], [ 105.8356272, 21.033863 ] ] ] } },
{ "type": "Feature", "properties": { "threshold_s": 600, "time_label": "10 min drive" }, "geometry": { "type": "Polygon", "coordinates": [ [ [ 105.8273644, 21.0362036 ], [ 105.828665499999985, 21.0395817 ], [ 105.8282168, 21.0361744 ], [ 105.8317055, 21.0344357 ], [ 105.83272119999998, 21.034424 ], [ 105.8363518, 21.0356501 ], [ 105.837023599999981, 21.0388764 ], [ 105.835097299999987, 21.0418506 ], [ 105.8351095, 21.0426739 ], [ 105.8363039, 21.0440074 ], [ 105.8401771, 21.0433484 ], [ 105.8409974, 21.0454008 ], [ 105.842786799999985, 21.04652 ], [ 105.8438635, 21.0467884 ], [ 105.846347699999981, 21.0444049 ], [ 105.8501514, 21.0424819 ], [ 105.85079, 21.0424231 ], [ 105.8513909, 21.04004 ], [ 105.8549623, 21.0381838 ], [ 105.85468539999998, 21.0372334 ], [ 105.8552948, 21.0346717 ], [ 105.8588286, 21.0330955 ], [ 105.859561899999989, 21.032523 ], [ 105.8585383, 21.0299404 ], [ 105.8588605, 21.0264696 ], [ 105.8600125, 21.0249853 ], [ 105.8605779, 21.0244154 ], [ 105.860767399999986, 21.0242371 ], [ 105.8607254, 21.0240373 ], [ 105.8598823, 21.0218612 ], [ 105.86021839999998, 21.0190576 ], [ 105.8575245, 21.0165817 ], [ 105.856344399999983, 21.0159717 ], [ 105.853558199999981, 21.0137765 ], [ 105.851722, 21.0136037 ], [ 105.849114, 21.0118669 ], [ 105.847140399999986, 21.0124731 ], [ 105.841200599999979, 21.0103061 ], [ 105.84115509999998, 21.010313 ], [ 105.8410532, 21.0107455 ], [ 105.841156, 21.0107456 ], [ 105.8413476, 21.010746 ], [ 105.8463087, 21.0126788 ], [ 105.846647899999979, 21.0134641 ], [ 105.847263, 21.0153508 ], [ 105.844269199999985, 21.017305 ], [ 105.8435857, 21.0172651 ], [ 105.8424924, 21.0173642 ], [ 105.8414099, 21.0174645 ], [ 105.8372522, 21.018501 ], [ 105.833795699999982, 21.0192431 ], [ 105.8301104, 21.0187796 ], [ 105.829942399999979, 21.0188712 ], [ 105.829659, 21.0191776 ], [ 105.8306589, 21.0202038 ], [ 105.8301057, 21.0241313 ], [ 105.827367, 21.0251872 ], [ 105.827208899999988, 21.0252373 ], [ 105.827496, 21.0262322 ], [ 105.8261858, 21.0299931 ], [ 105.8259543, 21.0303509 ], [ 105.8256225, 21.0318746 ], [ 105.8267433, 21.0343099 ], [ 105.8259982, 21.0359947 ], [ 105.8273644, 21.0362036 ] ] ] } },
{ "type": "Feature", "properties": { "threshold_s": 900, "time_label": "15 min drive" }, "geometry": { "type": "Polygon", "coordinates": [ [ [ 105.81288859999998, 21.0314836 ], [ 105.8145478, 21.0373863 ], [ 105.8152145, 21.0374458 ], [ 105.8173165, 21.0373304 ], [ 105.8247218, 21.0424488 ], [ 105.8285905, 21.0410636 ], [ 105.8363039, 21.0440074 ], [ 105.837166, 21.0521616 ], [ 105.8394795, 21.0549056 ], [ 105.839774399999982, 21.0550947 ], [ 105.8426652, 21.053922 ], [ 105.844046, 21.0533014 ], [ 105.8481324, 21.0481674 ], [ 105.8532054, 21.0410502 ], [ 105.8559408, 21.0375631 ], [ 105.861271699999989, 21.0304235 ], [ 105.86210149999998, 21.0246067 ], [ 105.864448899999985, 21.0179396 ], [ 105.8655468, 21.0144409 ], [ 105.8657318, 21.0120932 ], [ 105.865302699999987, 21.0105281 ], [ 105.864485, 21.0085702 ], [ 105.860888599999981, 21.006907 ], [ 105.8549535, 21.005497 ], [ 105.850789299999988, 21.0022022 ], [ 105.8478268, 21.0034126 ], [ 105.8411762, 20.9991422 ], [ 105.8360473, 21.0034138 ], [ 105.8341507, 21.0086164 ], [ 105.8279786, 21.0103095 ], [ 105.8244721, 21.0096285 ], [ 105.8222877, 21.0162242 ], [ 105.819080499999984, 21.0224513 ], [ 105.818984799999981, 21.0231983 ], [ 105.8164399, 21.0296201 ], [ 105.812923699999985, 21.0307452 ], [ 105.81288859999998, 21.0314836 ] ] ] } },
{ "type": "Feature", "properties": { "threshold_s": 300, "time_label": "5 min drive" }, "geometry": { "type": "Polygon", "coordinates": [ [ [ 105.832633099999981, 21.0283721 ], [ 105.8326573, 21.0284272 ], [ 105.8344304, 21.02951 ], [ 105.8369887, 21.0301796 ], [ 105.837117299999989, 21.0314635 ], [ 105.8389131, 21.0325873 ], [ 105.8403466, 21.0314387 ], [ 105.840432, 21.0313369 ], [ 105.8406106, 21.031161 ], [ 105.841431199999988, 21.0306338 ], [ 105.843290199999984, 21.0323602 ], [ 105.8452826, 21.0324584 ], [ 105.8467514, 21.0319851 ], [ 105.846937399999987, 21.0315 ], [ 105.8474725, 21.0304548 ], [ 105.8494419, 21.0291799 ], [ 105.8502936, 21.0269683 ], [ 105.851322199999984, 21.0247186 ], [ 105.850819799999982, 21.023226 ], [ 105.849959799999979, 21.0216627 ], [ 105.8483011, 21.0210518 ], [ 105.8461235, 21.0206578 ], [ 105.844167, 21.0193556 ], [ 105.842177, 21.0188567 ], [ 105.8414099, 21.0174645 ], [ 105.840549, 21.0188823 ], [ 105.841418299999987, 21.0206551 ], [ 105.8414355, 21.021993 ], [ 105.8375347, 21.0215521 ], [ 105.8377091, 21.0200259 ], [ 105.8375214, 21.02013 ], [ 105.8368905, 21.022215 ], [ 105.8376116, 21.0232408 ], [ 105.8392509, 21.024602 ], [ 105.8380997, 21.0259862 ], [ 105.8357768, 21.0272036 ], [ 105.833379799999989, 21.0259305 ], [ 105.833308499999987, 21.0259561 ], [ 105.832633099999981, 21.0283721 ] ] ] } },
{ "type": "Feature", "properties": { "threshold_s": 600, "time_label": "10 min drive" }, "geometry": { "type": "Polygon", "coordinates": [ [ [ 105.8259543, 21.0303509 ], [ 105.8271908, 21.0334056 ], [ 105.8317055, 21.0344357 ], [ 105.83272119999998, 21.034424 ], [ 105.8363518, 21.0356501 ], [ 105.837023599999981, 21.0388764 ], [ 105.84, 21.0410016 ], [ 105.840151, 21.0428157 ], [ 105.8420995, 21.0407793 ], [ 105.8452169, 21.0406891 ], [ 105.8482846, 21.041106 ], [ 105.8499291, 21.0406957 ], [ 105.8502396, 21.0404039 ], [ 105.851149600000014, 21.0394834 ], [ 105.853296899999989, 21.0369383 ], [ 105.8542072, 21.0356567 ], [ 105.8559161, 21.032665 ], [ 105.857796199999981, 21.028661 ], [ 105.8581333, 21.0279368 ], [ 105.860767399999986, 21.0242371 ], [ 105.8607254, 21.0240373 ], [ 105.8598823, 21.0218612 ], [ 105.86021839999998, 21.0190576 ], [ 105.8575245, 21.0165817 ], [ 105.856344399999983, 21.0159717 ], [ 105.853558199999981, 21.0137765 ], [ 105.849114, 21.0118669 ], [ 105.847140399999986, 21.0124731 ], [ 105.8463087, 21.0126788 ], [ 105.8413355, 21.0087937 ], [ 105.8419506, 21.0075241 ], [ 105.8413254, 21.007045 ], [ 105.8407724, 21.0079662 ], [ 105.8410532, 21.0107455 ], [ 105.841156, 21.0107456 ], [ 105.8413476, 21.010746 ], [ 105.8435857, 21.0172651 ], [ 105.8424924, 21.0173642 ], [ 105.8414099, 21.0174645 ], [ 105.8372522, 21.018501 ], [ 105.833795699999982, 21.0192431 ], [ 105.83106290000002, 21.0172386 ], [ 105.8309465, 21.0170993 ], [ 105.8290405, 21.016959 ], [ 105.8289753, 21.016992 ], [ 105.828375799999989, 21.018124 ], [ 105.826251, 21.022117 ], [ 105.826638299999985, 21.0231269 ], [ 105.8269312, 21.0241688 ], [ 105.824814299999986, 21.0276475 ], [ 105.8259543, 21.0303509 ] ] ] } },
{ "type": "Feature", "properties": { "threshold_s": 900, "time_label": "15 min drive" }, "geometry": { "type": "Polygon", "coordinates": [ [ [ 105.815964, 21.0306627 ], [ 105.8178814, 21.0355613 ], [ 105.820262, 21.0352954 ], [ 105.8203401, 21.0352888 ], [ 105.821467899999988, 21.0351968 ], [ 105.8259982, 21.0359947 ], [ 105.8285905, 21.0410636 ], [ 105.8351095, 21.0426739 ], [ 105.8363039, 21.0440074 ], [ 105.8389686, 21.0494783 ], [ 105.839150499999988, 21.0499531 ], [ 105.8392683, 21.050126 ], [ 105.839988199999979, 21.0507474 ], [ 105.840159, 21.0507738 ], [ 105.8403246, 21.0507423 ], [ 105.8418845, 21.0488831 ], [ 105.8492648, 21.0462351 ], [ 105.8532054, 21.0410502 ], [ 105.8559408, 21.0375631 ], [ 105.859561899999989, 21.032523 ], [ 105.861271699999989, 21.0304235 ], [ 105.86210149999998, 21.0246067 ], [ 105.864448899999985, 21.0179396 ], [ 105.8655468, 21.0144409 ], [ 105.8657318, 21.0120932 ], [ 105.865302699999987, 21.0105281 ], [ 105.864485, 21.0085702 ], [ 105.860888599999981, 21.006907 ], [ 105.85495, 21.005205 ], [ 105.850789299999988, 21.0022022 ], [ 105.845359299999984, 21.0001914 ], [ 105.842580199999986, 20.9973099 ], [ 105.8411155, 20.9969216 ], [ 105.8360583, 21.0015565 ], [ 105.8320781, 21.0070219 ], [ 105.824786499999988, 21.008971 ], [ 105.823697399999986, 21.0080557 ], [ 105.823373799999985, 21.0090523 ], [ 105.8200999, 21.015375 ], [ 105.818328699999981, 21.0214228 ], [ 105.8163864, 21.0236247 ], [ 105.815964, 21.0306627 ] ] ] } },
{ "type": "Feature", "properties": { "threshold_s": 300, "time_label": "5 min drive" }, "geometry": { "type": "Polygon", "coordinates": [ [ [ 105.8454918, 21.0375308 ], [ 105.8467549, 21.0397937 ], [ 105.847634699999986, 21.0403282 ], [ 105.8477713, 21.0400597 ], [ 105.8486487, 21.0382787 ], [ 105.8505999, 21.0381423 ], [ 105.850764, 21.0370967 ], [ 105.852792800000017, 21.0360548 ], [ 105.852156799999989, 21.0347124 ], [ 105.853804, 21.0330302 ], [ 105.85453219999998, 21.0321868 ], [ 105.853111199999987, 21.0316465 ], [ 105.8510791, 21.0304701 ], [ 105.8511617, 21.0278966 ], [ 105.8495631, 21.0288558 ], [ 105.847790500000016, 21.0270442 ], [ 105.849699099999981, 21.0251837 ], [ 105.846901399999979, 21.0243922 ], [ 105.8463276, 21.0227121 ], [ 105.8451257, 21.0249069 ], [ 105.8432716, 21.0254436 ], [ 105.8414982, 21.0259455 ], [ 105.839868899999985, 21.0264119 ], [ 105.838971599999979, 21.0277376 ], [ 105.8388391, 21.0280565 ], [ 105.839164299999979, 21.0281474 ], [ 105.8415837, 21.0296129 ], [ 105.8403743, 21.0308374 ], [ 105.8403466, 21.0314387 ], [ 105.8405152, 21.0324634 ], [ 105.840616399999988, 21.0324498 ], [ 105.843290199999984, 21.0323602 ], [ 105.8447768, 21.0340917 ], [ 105.8449379, 21.0348636 ], [ 105.8454918, 21.0375308 ] ] ] } },
{ "type": "Feature", "properties": { "threshold_s": 600, "time_label": "10 min drive" }, "geometry": { "type": "Polygon", "coordinates": [ [ [ 105.838064499999987, 21.0427637 ], [ 105.840918499999987, 21.0459972 ], [ 105.842786799999985, 21.04652 ], [ 105.8438635, 21.0467884 ], [ 105.845842799999986, 21.0453855 ], [ 105.850106499999981, 21.0449387 ], [ 105.8532054, 21.0410502 ], [ 105.8559408, 21.0375631 ], [ 105.8588286, 21.0330955 ], [ 105.859561899999989, 21.032523 ], [ 105.861271699999989, 21.0304235 ], [ 105.8613337, 21.0288933 ], [ 105.860767399999986, 21.0242371 ], [ 105.8607254, 21.0240373 ], [ 105.8598823, 21.0218612 ], [ 105.8584531, 21.0191224 ], [ 105.8556233, 21.0172861 ], [ 105.850940899999983, 21.0151728 ], [ 105.847806599999984, 21.0152294 ], [ 105.847263, 21.0153508 ], [ 105.8424924, 21.0173642 ], [ 105.8414099, 21.0174645 ], [ 105.8372522, 21.018501 ], [ 105.834126, 21.0213059 ], [ 105.832154499999987, 21.0234448 ], [ 105.830492399999983, 21.0270872 ], [ 105.8299453, 21.0290504 ], [ 105.8288446, 21.0324006 ], [ 105.828823, 21.0325515 ], [ 105.8317055, 21.0344357 ], [ 105.83272119999998, 21.034424 ], [ 105.8363518, 21.0356501 ], [ 105.837023599999981, 21.0388764 ], [ 105.838064499999987, 21.0427637 ] ] ] } },
{ "type": "Feature", "properties": { "threshold_s": 900, "time_label": "15 min drive" }, "geometry": { "type": "Polygon", "coordinates": [ [ [ 105.817228499999985, 21.0308395 ], [ 105.8178814, 21.0355613 ], [ 105.820262, 21.0352954 ], [ 105.826639699999987, 21.0413859 ], [ 105.8285905, 21.0410636 ], [ 105.8363039, 21.0440074 ], [ 105.837166, 21.0521616 ], [ 105.8395775, 21.0554078 ], [ 105.8435297, 21.0542126 ], [ 105.844046, 21.0533014 ], [ 105.8481324, 21.0481674 ], [ 105.8492648, 21.0462351 ], [ 105.850106499999981, 21.0449387 ], [ 105.8532054, 21.0410502 ], [ 105.8539648, 21.0399026 ], [ 105.8552544, 21.038343 ], [ 105.8559408, 21.0375631 ], [ 105.8580411, 21.033791 ], [ 105.8654306, 21.0378592 ], [ 105.865565599999982, 21.0396641 ], [ 105.865384399999982, 21.0405012 ], [ 105.865191399999986, 21.0413688 ], [ 105.865386599999979, 21.0412981 ], [ 105.867414899999986, 21.0403182 ], [ 105.867557199999979, 21.0399065 ], [ 105.8675934, 21.0388643 ], [ 105.8675851, 21.0384081 ], [ 105.867046, 21.037756 ], [ 105.866810799999982, 21.0376376 ], [ 105.861271699999989, 21.0304235 ], [ 105.8613337, 21.0288933 ], [ 105.861773199999988, 21.025698 ], [ 105.8620378, 21.0248247 ], [ 105.86210149999998, 21.0246067 ], [ 105.863899, 21.018973 ], [ 105.864448899999985, 21.0179396 ], [ 105.8637369, 21.0118001 ], [ 105.860795, 21.0076553 ], [ 105.853795, 21.0077751 ], [ 105.8510544, 21.0044032 ], [ 105.8491994, 21.0056317 ], [ 105.8412431, 21.0041897 ], [ 105.8397447, 21.0060986 ], [ 105.838181099999986, 21.0097637 ], [ 105.837626899999989, 21.0104747 ], [ 105.8391601, 21.0123792 ], [ 105.8372522, 21.018501 ], [ 105.83106290000002, 21.0172386 ], [ 105.8309465, 21.0170993 ], [ 105.8293595, 21.0141892 ], [ 105.826930600000011, 21.0134586 ], [ 105.8268687, 21.0134918 ], [ 105.8245384, 21.0187625 ], [ 105.82144959999998, 21.0255664 ], [ 105.8172566, 21.030683 ], [ 105.817228499999985, 21.0308395 ] ] ] } },
{ "type": "Feature", "properties": { "threshold_s": 300, "time_label": "5 min drive" }, "geometry": { "type": "Polygon", "coordinates": [ [ [ 105.845709099999979, 21.0346237 ], [ 105.8457273, 21.0347159 ], [ 105.8470504, 21.0355456 ], [ 105.848386, 21.0361504 ], [ 105.8482524, 21.0353972 ], [ 105.848156599999982, 21.0348966 ], [ 105.850261500000016, 21.0331052 ], [ 105.8519128, 21.0322701 ], [ 105.8510791, 21.0304701 ], [ 105.850585599999988, 21.0291892 ], [ 105.8511617, 21.0278966 ], [ 105.853811899999982, 21.0288128 ], [ 105.8536648, 21.0278918 ], [ 105.8553119, 21.0254087 ], [ 105.856964499999989, 21.0244402 ], [ 105.857192, 21.0242217 ], [ 105.854508, 21.0229623 ], [ 105.852593, 21.0227149 ], [ 105.851756499999979, 21.0224385 ], [ 105.849970199999987, 21.0206242 ], [ 105.848836100000014, 21.0227009 ], [ 105.8491985, 21.0237053 ], [ 105.8474105, 21.0258729 ], [ 105.84686929999998, 21.0260006 ], [ 105.8447258, 21.0278981 ], [ 105.8442028, 21.0280671 ], [ 105.8436466, 21.0281804 ], [ 105.843578799999989, 21.0282027 ], [ 105.8434703, 21.0283452 ], [ 105.8447427, 21.0299832 ], [ 105.845064, 21.0313485 ], [ 105.8452826, 21.0324584 ], [ 105.8455033, 21.033579 ], [ 105.845709099999979, 21.0346237 ] ] ] } },
{ "type": "Feature", "properties": { "threshold_s": 600, "time_label": "10 min drive" }, "geometry": { "type": "Polygon", "coordinates": [ [ [ 105.843830299999979, 21.0403251 ], [ 105.8425574, 21.0423547 ], [ 105.8442339, 21.0428116 ], [ 105.8461124, 21.0421516 ], [ 105.8482371, 21.042392 ], [ 105.849692, 21.0416741 ], [ 105.850356799999986, 21.0411413 ], [ 105.8512049, 21.039884 ], [ 105.8538807, 21.0382553 ], [ 105.8552544, 21.038343 ], [ 105.8562679, 21.035083 ], [ 105.8588286, 21.0330955 ], [ 105.859561899999989, 21.032523 ], [ 105.860895, 21.0292422 ], [ 105.861773199999988, 21.025698 ], [ 105.8620378, 21.0248247 ], [ 105.86210149999998, 21.0246067 ], [ 105.8598823, 21.0218612 ], [ 105.862065, 21.0195265 ], [ 105.861804899999981, 21.0185343 ], [ 105.8583461, 21.0169388 ], [ 105.8590371, 21.0147101 ], [ 105.85839679999998, 21.0145685 ], [ 105.8572754, 21.0143557 ], [ 105.854312099999987, 21.0138532 ], [ 105.8530265, 21.0134566 ], [ 105.8509461, 21.0117911 ], [ 105.849074699999989, 21.0106586 ], [ 105.8463087, 21.0126788 ], [ 105.846647899999979, 21.0134641 ], [ 105.847263, 21.0153508 ], [ 105.844269199999985, 21.017305 ], [ 105.8435857, 21.0172651 ], [ 105.8424924, 21.0173642 ], [ 105.8414115, 21.0176273 ], [ 105.8413984, 21.0193508 ], [ 105.841405499999979, 21.0199175 ], [ 105.841418299999987, 21.0206551 ], [ 105.8414355, 21.021993 ], [ 105.8395402, 21.0242642 ], [ 105.8376116, 21.0232408 ], [ 105.8380997, 21.0259862 ], [ 105.8357768, 21.0272036 ], [ 105.834130499999986, 21.0277474 ], [ 105.8341732, 21.0278309 ], [ 105.8351408, 21.0292001 ], [ 105.8332859, 21.0321916 ], [ 105.834611099999989, 21.0340502 ], [ 105.8363518, 21.0356501 ], [ 105.8367548, 21.0351557 ], [ 105.836976299999989, 21.0349265 ], [ 105.840804, 21.0342079 ], [ 105.840904899999984, 21.0341906 ], [ 105.8447768, 21.0340917 ], [ 105.8449379, 21.0348636 ], [ 105.8454918, 21.0375308 ], [ 105.843830299999979, 21.0403251 ] ] ] } },
{ "type": "Feature", "properties": { "threshold_s": 900, "time_label": "15 min drive" }, "geometry": { "type": "Polygon", "coordinates": [ [ [ 105.839150499999988, 21.0499531 ], [ 105.8398226, 21.05119 ], [ 105.8407957, 21.0510767 ], [ 105.8481324, 21.0481674 ], [ 105.8492648, 21.0462351 ], [ 105.850106499999981, 21.0449387 ], [ 105.8532054, 21.0410502 ], [ 105.8539648, 21.0399026 ], [ 105.8552544, 21.038343 ], [ 105.8559408, 21.0375631 ], [ 105.8580411, 21.033791 ], [ 105.8588286, 21.0330955 ], [ 105.859561899999989, 21.032523 ], [ 105.865565599999982, 21.0396641 ], [ 105.8658247, 21.0397037 ], [ 105.861271699999989, 21.0304235 ], [ 105.8613337, 21.0288933 ], [ 105.8620378, 21.0248247 ], [ 105.86210149999998, 21.0246067 ], [ 105.864448899999985, 21.0179396 ], [ 105.8680303, 21.0100022 ], [ 105.866515899999982, 21.0078988 ], [ 105.860888599999981, 21.006907 ], [ 105.8523702, 21.0030067 ], [ 105.850789299999988, 21.0022022 ], [ 105.8464015, 21.0034428 ], [ 105.8413113, 21.0063215 ], [ 105.8407724, 21.0079662 ], [ 105.8410532, 21.0107455 ], [ 105.8372522, 21.018501 ], [ 105.833795699999982, 21.0192431 ], [ 105.8297141, 21.0180563 ], [ 105.8295901, 21.0181958 ], [ 105.829181299999988, 21.0189074 ], [ 105.8269312, 21.0241688 ], [ 105.8227084, 21.0314793 ], [ 105.8259982, 21.0359947 ], [ 105.828665499999985, 21.0395817 ], [ 105.8363039, 21.0440074 ], [ 105.8389686, 21.0494783 ], [ 105.839150499999988, 21.0499531 ] ] ] } },
{ "type": "Feature", "properties": { "threshold_s": 300, "time_label": "5 min drive" }, "geometry": { "type": "Polygon", "coordinates": [ [ [ 105.8387138, 21.0521127 ], [ 105.838671, 21.0522312 ], [ 105.8419165, 21.0518834 ], [ 105.8420238, 21.0518513 ], [ 105.8421703, 21.0516693 ], [ 105.8418845, 21.0488831 ], [ 105.843302199999982, 21.0471728 ], [ 105.8438635, 21.0467884 ], [ 105.8464956, 21.0461629 ], [ 105.847211800000011, 21.0443291 ], [ 105.847460799999979, 21.0437773 ], [ 105.8482371, 21.042392 ], [ 105.8499291, 21.0406957 ], [ 105.8502396, 21.0404039 ], [ 105.8509799, 21.0396982 ], [ 105.851149600000014, 21.0394834 ], [ 105.849608599999982, 21.0398489 ], [ 105.8479192, 21.0377886 ], [ 105.8454918, 21.0375308 ], [ 105.8454121, 21.0400507 ], [ 105.843830299999979, 21.0403251 ], [ 105.8420285, 21.0406404 ], [ 105.8397245, 21.0384477 ], [ 105.840804, 21.0342079 ], [ 105.839639700000021, 21.0384598 ], [ 105.8392334, 21.0385243 ], [ 105.838000199999982, 21.0413454 ], [ 105.836188, 21.041554 ], [ 105.835097299999987, 21.0418506 ], [ 105.8351095, 21.0426739 ], [ 105.8363039, 21.0440074 ], [ 105.838064499999987, 21.0427637 ], [ 105.8401771, 21.0433484 ], [ 105.840307699999983, 21.0458038 ], [ 105.84031760000002, 21.0464223 ], [ 105.838508299999987, 21.0487951 ], [ 105.8389686, 21.0494783 ], [ 105.8387138, 21.0521127 ] ] ] } },
{ "type": "Feature", "properties": { "threshold_s": 600, "time_label": "10 min drive" }, "geometry": { "type": "Polygon", "coordinates": [ [ [ 105.8337692, 21.0561987 ], [ 105.8324893, 21.061005 ], [ 105.8326984, 21.0611397 ], [ 105.8392422, 21.0589809 ], [ 105.842760199999987, 21.0584602 ], [ 105.8434512, 21.0579885 ], [ 105.8448187, 21.0565981 ], [ 105.8443236, 21.0542526 ], [ 105.844048699999988, 21.0528946 ], [ 105.8481324, 21.0481674 ], [ 105.8492648, 21.0462351 ], [ 105.8532054, 21.0410502 ], [ 105.8559408, 21.0375631 ], [ 105.85726, 21.0315916 ], [ 105.8567475, 21.030865 ], [ 105.850585599999988, 21.0291892 ], [ 105.8450233, 21.0265514 ], [ 105.8432716, 21.0254436 ], [ 105.841464500000015, 21.024215 ], [ 105.839868899999985, 21.0264119 ], [ 105.8348712, 21.0288185 ], [ 105.833105, 21.0322249 ], [ 105.8317055, 21.0344357 ], [ 105.828665499999985, 21.0395817 ], [ 105.82651319999998, 21.0400574 ], [ 105.8247218, 21.0424488 ], [ 105.8285905, 21.0410636 ], [ 105.8351095, 21.0426739 ], [ 105.8363039, 21.0440074 ], [ 105.838508299999987, 21.0487951 ], [ 105.835914299999985, 21.0526278 ], [ 105.8337692, 21.0561987 ] ] ] } },
{ "type": "Feature", "properties": { "threshold_s": 900, "time_label": "15 min drive" }, "geometry": { "type": "Polygon", "coordinates": [ [ [ 105.825410799999986, 21.0680456 ], [ 105.8262703, 21.0690716 ], [ 105.8307534, 21.0691798 ], [ 105.8328761, 21.0689699 ], [ 105.83456409999998, 21.0684068 ], [ 105.8350823, 21.0674844 ], [ 105.836126, 21.0657657 ], [ 105.837913199999988, 21.0640415 ], [ 105.8469571, 21.0656444 ], [ 105.8498942, 21.0617944 ], [ 105.8496843, 21.0596697 ], [ 105.848315199999988, 21.0591785 ], [ 105.8443236, 21.0542526 ], [ 105.8481324, 21.0481674 ], [ 105.8492648, 21.0462351 ], [ 105.850106499999981, 21.0449387 ], [ 105.8532054, 21.0410502 ], [ 105.8539648, 21.0399026 ], [ 105.8552544, 21.038343 ], [ 105.8650849, 21.0413692 ], [ 105.865201199999987, 21.0414737 ], [ 105.8693654, 21.0411658 ], [ 105.8687567, 21.0378597 ], [ 105.866810799999982, 21.0376376 ], [ 105.861271699999989, 21.0304235 ], [ 105.8613337, 21.0288933 ], [ 105.861773199999988, 21.025698 ], [ 105.8620378, 21.0248247 ], [ 105.86210149999998, 21.0246067 ], [ 105.8598823, 21.0218612 ], [ 105.8529487, 21.0201152 ], [ 105.8499867, 21.0186208 ], [ 105.844269199999985, 21.017305 ], [ 105.8435857, 21.0172651 ], [ 105.8424924, 21.0173642 ], [ 105.8414099, 21.0174645 ], [ 105.8372522, 21.018501 ], [ 105.8307261, 21.0201732 ], [ 105.8306589, 21.0202038 ], [ 105.824737399999989, 21.0278021 ], [ 105.82168369999998, 21.0311603 ], [ 105.82163319999998, 21.0313084 ], [ 105.8215891, 21.0314693 ], [ 105.820262, 21.0352954 ], [ 105.815249, 21.0412048 ], [ 105.814111499999981, 21.0446838 ], [ 105.8142918, 21.0448188 ], [ 105.815235299999983, 21.0455385 ], [ 105.8172402, 21.0447458 ], [ 105.817391, 21.0446957 ], [ 105.823222, 21.0436032 ], [ 105.8251749, 21.0431721 ], [ 105.8351095, 21.0426739 ], [ 105.8363039, 21.0440074 ], [ 105.835914299999985, 21.0526278 ], [ 105.832645699999986, 21.0568351 ], [ 105.824286499999985, 21.0622978 ], [ 105.8240645, 21.0641052 ], [ 105.8242384, 21.0652249 ], [ 105.825410799999986, 21.0680456 ] ] ] } },
{ "type": "Feature", "properties": { "threshold_s": 300, "time_label": "5 min drive" }, "geometry": { "type": "Polygon", "coordinates": [ [ [ 105.8491471, 21.0375518 ], [ 105.8509799, 21.0396982 ], [ 105.8513909, 21.04004 ], [ 105.8539648, 21.0399026 ], [ 105.8559408, 21.0375631 ], [ 105.8559647, 21.0363109 ], [ 105.856505, 21.0347543 ], [ 105.8588286, 21.0330955 ], [ 105.859561899999989, 21.032523 ], [ 105.861271699999989, 21.0304235 ], [ 105.8613337, 21.0288933 ], [ 105.8603817, 21.0291546 ], [ 105.8588605, 21.0264696 ], [ 105.8602138, 21.0257388 ], [ 105.860299, 21.0256005 ], [ 105.86021479999998, 21.024606 ], [ 105.858269399999983, 21.0246894 ], [ 105.8568687, 21.0238846 ], [ 105.855198799999982, 21.0227635 ], [ 105.85428570000002, 21.0222221 ], [ 105.854508, 21.0229623 ], [ 105.8532351, 21.0254925 ], [ 105.851678599999985, 21.0259447 ], [ 105.8511617, 21.0278966 ], [ 105.8495631, 21.0288558 ], [ 105.8464, 21.0291195 ], [ 105.846568, 21.0299584 ], [ 105.846356699999987, 21.0327226 ], [ 105.847024799999986, 21.0344199 ], [ 105.8484865, 21.0367305 ], [ 105.8491471, 21.0375518 ] ] ] } },
{ "type": "Feature", "properties": { "threshold_s": 600, "time_label": "10 min drive" }, "geometry": { "type": "Polygon", "coordinates": [ [ [ 105.8415842, 21.0436763 ], [ 105.843499699999981, 21.0473729 ], [ 105.8481324, 21.0481674 ], [ 105.8492648, 21.0462351 ], [ 105.850106499999981, 21.0449387 ], [ 105.8532054, 21.0410502 ], [ 105.8539648, 21.0399026 ], [ 105.8552544, 21.038343 ], [ 105.8559408, 21.0375631 ], [ 105.8580411, 21.033791 ], [ 105.8588286, 21.0330955 ], [ 105.859561899999989, 21.032523 ], [ 105.8654306, 21.0378592 ], [ 105.865565599999982, 21.0396641 ], [ 105.865384399999982, 21.0405012 ], [ 105.8654574, 21.0407182 ], [ 105.867414899999986, 21.0403182 ], [ 105.867557199999979, 21.0399065 ], [ 105.8675851, 21.0384081 ], [ 105.866810799999982, 21.0376376 ], [ 105.861271699999989, 21.0304235 ], [ 105.8613337, 21.0288933 ], [ 105.861773199999988, 21.025698 ], [ 105.8620378, 21.0248247 ], [ 105.86210149999998, 21.0246067 ], [ 105.863899, 21.018973 ], [ 105.864448899999985, 21.0179396 ], [ 105.863748199999989, 21.0177798 ], [ 105.859316299999989, 21.0134843 ], [ 105.8530265, 21.0134566 ], [ 105.851722, 21.0136037 ], [ 105.849888399999983, 21.0152015 ], [ 105.8478307, 21.0170696 ], [ 105.845936099999989, 21.020136 ], [ 105.8414355, 21.021993 ], [ 105.8395402, 21.0242642 ], [ 105.8361111, 21.0279427 ], [ 105.836268899999979, 21.0316267 ], [ 105.837565, 21.033506 ], [ 105.8381949, 21.0336649 ], [ 105.840804, 21.0342079 ], [ 105.840904899999984, 21.0341906 ], [ 105.8454918, 21.0375308 ], [ 105.8420285, 21.0406404 ], [ 105.841936899999979, 21.0406599 ], [ 105.841385499999987, 21.0426028 ], [ 105.8415842, 21.0436763 ] ] ] } },
{ "type": "Feature", "properties": { "threshold_s": 900, "time_label": "15 min drive" }, "geometry": { "type": "Polygon", "coordinates": [ [ [ 105.8368274, 21.0552363 ], [ 105.8361613, 21.0562297 ], [ 105.841105099999979, 21.0557457 ], [ 105.8443236, 21.0542526 ], [ 105.8481324, 21.0481674 ], [ 105.8492648, 21.0462351 ], [ 105.850106499999981, 21.0449387 ], [ 105.8532054, 21.0410502 ], [ 105.8539648, 21.0399026 ], [ 105.8552544, 21.038343 ], [ 105.8559408, 21.0375631 ], [ 105.8580411, 21.033791 ], [ 105.8654306, 21.0378592 ], [ 105.8652272, 21.0404883 ], [ 105.8645302, 21.0425052 ], [ 105.8645845, 21.0429123 ], [ 105.8644483, 21.0456788 ], [ 105.8643728, 21.050685 ], [ 105.8729485, 21.0474515 ], [ 105.8773688, 21.0459496 ], [ 105.8771305, 21.0452164 ], [ 105.8759689, 21.0369131 ], [ 105.877210599999984, 21.033413 ], [ 105.876977399999987, 21.0329215 ], [ 105.876701, 21.0326932 ], [ 105.8728034, 21.0312449 ], [ 105.8721804, 21.0309784 ], [ 105.8717063, 21.0309165 ], [ 105.8691818, 21.0308484 ], [ 105.861773199999988, 21.025698 ], [ 105.8620378, 21.0248247 ], [ 105.86210149999998, 21.0246067 ], [ 105.863899, 21.018973 ], [ 105.864448899999985, 21.0179396 ], [ 105.865231599999987, 21.0153725 ], [ 105.8655468, 21.0144409 ], [ 105.8680303, 21.0100022 ], [ 105.8688699, 21.0056204 ], [ 105.860888599999981, 21.006907 ], [ 105.8546658, 21.0067839 ], [ 105.8510544, 21.0044032 ], [ 105.8504813, 21.0044425 ], [ 105.8449471, 21.0079814 ], [ 105.8463087, 21.0126788 ], [ 105.8414099, 21.0174645 ], [ 105.8372522, 21.018501 ], [ 105.833795699999982, 21.0192431 ], [ 105.830986, 21.0208954 ], [ 105.827496, 21.0262322 ], [ 105.8256498, 21.031761 ], [ 105.8256225, 21.0318746 ], [ 105.8267433, 21.0343099 ], [ 105.8273127, 21.0355162 ], [ 105.8282168, 21.0361744 ], [ 105.835097299999987, 21.0418506 ], [ 105.8351095, 21.0426739 ], [ 105.8363039, 21.0440074 ], [ 105.838508299999987, 21.0487951 ], [ 105.8368274, 21.0552363 ] ] ] } }
]
}
