,index,pop_cat,offer_cat,mode,time,Akaki Kality,Nifas Silk Lafto,Kolfe Keraniyo,Bole,Lideta,Kirkos,Yeka,Addis Ketema,Arada,Gulele,Lemi Kura
0,0,total,amenity_fast_food,drive,300,8.182295483716986,14.576814971953237,4.857761499549277,50.042050725084195,27.743495585655015,72.84728570240287,10.045129355044415,19.532055978697223,58.35180050217368,5.958392436917343,9.317470679083367
7,7,total,amenity_fast_food,drive,600,31.76891756277827,52.34329242089923,29.615816119144938,63.4690165326131,91.54341660858456,100.0,36.95291367575344,55.47111291318008,98.35943047236366,44.32951720215173,30.66231845494999
14,14,total,amenity_fast_food,drive,900,53.595703992012545,79.27861506318474,55.626208321269345,67.86514615971585,100.0,100.0,63.4441925299977,76.4203729719209,100.0,78.96344094733153,48.328407799562626
21,21,total,amenity_ice_cream,drive,300,,1.7433550446736914,,17.43693945700667,5.312973031493747,22.887058699956793,4.40885832437095,,14.422999516118248,,6.65163449206128
28,28,total,amenity_ice_cream,drive,600,,8.403114899362404,,31.94806717259611,32.76192015649845,92.08617440475658,21.802432659132474,,41.44413877224708,1.172366860100434,21.113345716210727
35,35,total,amenity_ice_cream,drive,900,,20.026007264929504,0.7363274192764677,46.82850358131103,77.61702205849274,100.0,34.82140591177566,,70.98210765913598,11.37125477685245,38.60436981871102
42,42,total,shop_deli,drive,300,,,,,0.9947756860604167,,,,18.876509348899695,,
49,49,total,shop_deli,drive,600,,,,,15.848852266739977,4.74637713171175,,9.027689093548293,61.80106058001008,1.7954535660883713,
56,56,total,shop_deli,drive,900,,,,,42.21396437432301,30.19234629978896,4.679556909099708,37.472071255142396,99.85990230770742,20.7436225042683,
63,63,total,shop_beverages,drive,300,,6.3870497860987685,2.0494804503628816,15.752211007054335,0.29519524445997597,2.516881611132616,10.709457071022308,10.973784128471355,30.96489747463766,,2.605631801343083
70,70,total,shop_beverages,drive,600,,22.51057773227925,8.298438129426511,44.853087099231,21.353432699667763,19.753463083987263,33.927331583551755,56.93213357433372,83.39545242448989,3.5036723299787678,13.260207801325075
77,77,total,shop_beverages,drive,900,,37.88080851112822,28.541366001355406,63.025691312716845,72.00924183461592,55.65425639136004,56.08943908695218,89.0570197052164,100.0,35.98702866940784,25.319416703765935
84,84,total,shop_butcher,drive,300,4.006831972985064,9.637051958501527,7.873919029574608,28.21358577520177,0.12516929232162455,29.550637528828418,13.055526479613524,1.5469103027570712,,0.34155337828289434,11.469837081471008
91,91,total,shop_butcher,drive,600,11.53659672368161,37.133744666867244,34.07691044043675,60.4649040687893,7.426126031691617,85.93523106058953,44.765656322350864,8.240706174928071,8.633606894577973,4.898752954506026,35.34732855980015
98,98,total,shop_butcher,drive,900,23.85769668818554,56.37041826183881,60.838327850972505,68.89283051418677,46.628681653493615,100.0,63.57340811648029,16.065711602756664,38.76212228630036,8.262519537325513,56.24407066926522
105,105,total,amenity_restaurant,drive,300,13.35304297907625,44.272699818217006,21.21919698698601,54.26188261610099,80.09486314181662,97.03707900037682,33.76822826951149,57.86111097367941,93.20474377833018,46.68563978960567,32.832518875773395
112,112,total,amenity_restaurant,drive,600,39.35550537340121,79.87049502619018,66.26902210450986,67.314295719095,100.0,100.0,59.377238178265465,93.72845851031656,100.0,86.17693066439952,65.78782232826646
119,119,total,amenity_restaurant,drive,900,69.08635354024459,94.97464487128084,86.78564436724096,80.48983010952338,100.0,100.0,83.54285663398647,97.33745955262741,100.0,98.50457977304093,79.22703580459866
126,126,total,shop_wine,drive,300,,,,0.6795071414807753,,7.333325951772385,,,,,
133,133,total,shop_wine,drive,600,,,,12.343443776650776,,36.65929045556993,0.011940059165425504,,,,
140,140,total,shop_wine,drive,900,,1.8969033690060395,,24.551789338714162,0.06651852789605178,75.65647994413881,3.161811178658448,,0.05276922212280429,,
147,147,total,healthy_offers,drive,300,5.402131407596923,19.600337213080092,8.22720378781696,48.065302677140124,27.653427514930073,48.72072266787216,37.59047130354046,23.088568595159018,34.13821056387082,17.781203188096207,15.537399147746811
154,154,total,healthy_offers,drive,600,19.944917968920183,49.26974303682365,35.18817617003784,67.57932848493465,86.57597504122617,93.85834270404841,64.55389850695802,59.33449134659972,99.56935049899546,63.23937884660354,39.1797749687119
161,161,total,healthy_offers,drive,900,37.06122126269451,79.86245036553181,69.63265777856475,80.26392741639907,99.73528094304747,100.0,78.94466005924133,91.94257968196243,100.0,91.54106762503734,60.70108666371436
168,168,total,amenity_pub,drive,300,1.1225976438922793,13.604945534135659,,16.154336705452003,0.8295355148569108,31.853026500749447,10.54743281671561,0.5280532322533661,23.828459310179554,,10.119345834354853
175,175,total,amenity_pub,drive,600,5.1045290563992465,44.383157385179885,,37.73353543317056,30.22127769795925,88.22858772674394,23.640795486586253,16.339791672918057,85.9495010013767,5.0778607171244134,32.44097794692247
182,182,total,amenity_pub,drive,900,9.453305811138678,75.33554989361332,0.24876022243250948,61.671413323555804,68.3205834233042,100.0,34.08822289280522,47.940656535570334,100.0,35.96446310762534,55.84986448688545
189,189,total,amenity_drinking_water,drive,300,,6.650281624249586,0.35328475824235217,1.7577333494502696,,,,,,,
196,196,total,amenity_drinking_water,drive,600,,25.908634023044534,2.6919849532474376,15.072703865573558,0.09251643345511376,,,,,,
203,203,total,amenity_drinking_water,drive,900,,55.66491479569364,12.584639328817254,44.06126472775341,4.038070213158495,6.873755462942019,,,,,
210,210,total,amenity_bar,drive,300,11.771214515329408,24.257525200189423,9.367217694314343,40.895172744161066,32.34657144109279,83.6490939891317,38.387746110383205,38.05030181797373,73.55978905974531,34.050543416369145,14.31410382603224
217,217,total,amenity_bar,drive,600,40.19436804403324,78.91690780489596,36.920659070545646,65.02136171120536,76.84751071623485,99.97508455458033,81.15226663042836,94.02492476863638,100.0,82.68371268345486,44.495652003023864
224,224,total,amenity_bar,drive,900,58.53608100445709,97.61400011639726,75.37092377477035,76.58942033339507,98.49252634899611,100.0,93.00487089498326,96.92454744475235,100.0,95.94487803757987,67.07423095479821
231,231,total,shop_bakery,drive,300,17.162100666048403,59.81118855130936,42.107719106389894,49.13570399401889,75.34008292487138,85.84428471422983,41.161031116161645,76.17987306574896,68.4238939346005,53.61426774723247,23.651380629431973
238,238,total,shop_bakery,drive,600,42.52019546091815,91.72100536350037,82.72327359286851,79.74684627558986,98.11593420219971,100.0,82.3918318174585,91.85911529085577,100.0,87.56390504775912,62.95551696604318
245,245,total,shop_bakery,drive,900,51.629519762825026,98.89491789757618,96.04644651099268,87.64431026032096,100.0,100.0,91.8125272388876,96.38935323803435,100.0,97.81915040896645,80.39575300338338
252,252,total,shop_greengrocer,drive,300,,7.079621449651646,,30.83614639562758,4.598283033403998,26.086225166095034,17.503832557657688,0.13070551925765644,18.00908639425069,,8.954975940086936
259,259,total,shop_greengrocer,drive,600,,32.504756159587636,,58.63416581984111,33.91837994175717,92.80016368445251,48.57045689655009,14.91867973940997,79.78704346478936,3.8675171694598283,31.04741522553737
266,266,total,shop_greengrocer,drive,900,,62.89883972518123,4.086805494901702,66.99470312724048,83.47646081074569,100.0,69.7063044465961,47.10191134998819,100.0,31.797671066747757,48.02895660966118
273,273,total,amenity_marketplace,drive,300,,,,20.79516483391166,5.681821104932026,0.8298485966618983,7.764193970264316,15.603600850002412,16.37074455222977,17.781203188096207,0.5855620418207881
280,280,total,amenity_marketplace,drive,600,,,,47.419490104658394,37.86568031304334,25.927674723170934,26.546165754939377,52.430790054223245,67.4729512757591,59.91985968753086,6.45090751169178
287,287,total,amenity_marketplace,drive,900,,1.9718494932319273,0.22631810633328484,64.20366966181945,66.66063907810495,71.07430355529291,44.029597000971656,90.2078110180616,99.40813637044825,88.25662113222342,16.709829285168716
294,294,total,amenity_food_court,drive,300,,5.346167227425728,,,,,,,,,
301,301,total,amenity_food_court,drive,600,,18.11621667293582,,,,,,,,,
308,308,total,amenity_food_court,drive,900,,45.28444009577535,0.9404386208248152,,,,,,,,
315,315,total,shop_coffee,drive,300,,,,16.93152092202097,,15.107399283167004,0.05970029582712753,,14.894259667312609,,2.72501785612755
322,322,total,shop_coffee,drive,600,,,,49.969045825586264,0.05321482231684143,54.027401812292744,12.62648689375526,,65.7402729691568,9.140940903111398,10.73820453003505
329,329,total,shop_coffee,drive,900,,1.538047307263946,,65.74100493541265,11.74407987597782,90.83508228189227,43.50490109291278,5.793229835383358,98.11334504321822,25.36031183238594,23.667472975064204
336,336,total,shop_pastry,drive,300,,7.411731838022033,4.704732644887175,7.2274850502955195,13.146748401634373,0.4062588692995184,3.38291553534128,0.540850550523502,3.124893883009482,11.966851911982292,14.998396991634685
343,343,total,shop_pastry,drive,600,,26.509232873523374,21.147903356901114,24.709350599300915,37.65209520751303,29.765562038709653,20.842228670477432,18.690441199600514,27.530715895299572,37.0461392931507,47.54184758005406
350,350,total,shop_pastry,drive,900,,50.61440681645132,51.13720231794435,50.12067138608197,62.78307210576486,73.56209626161306,50.57390462729212,69.91450723433924,79.95466615357579,56.96724865033372,70.09637059998988
357,357,total,amenity_vending_machine,drive,300,1.7303062134025164,0.027461312764866387,,,,,,,,,
364,364,total,amenity_vending_machine,drive,600,10.72889067106936,3.658397739424932,,0.44289975433407697,,,,,,,
371,371,total,amenity_vending_machine,drive,900,20.278717353887902,18.794461987668264,,5.282413934066478,,,,,,,
378,378,total,mixed_offers,drive,300,16.007156747091976,52.70101345478743,29.328770095163865,63.42118962234184,82.89186522954773,98.04788241164188,37.71149545540433,72.05366199813807,95.3579912833529,57.32727054496121,47.61119185029521
385,385,total,mixed_offers,drive,600,51.06110258620949,88.89818254505165,71.59790126229409,79.28073807110306,100.0,100.0,65.13236226090542,96.05458169510757,100.0,89.04059473996996,83.5860043584902
392,392,total,mixed_offers,drive,900,78.91463946849065,98.60775664631643,88.24099916954403,86.52550148872193,100.0,100.0,86.32302426775409,97.47564508835758,100.0,98.73522802041931,94.29157243064385
399,399,total,unhealthy_offers,drive,300,29.553775165897374,66.72028367820046,52.49882856980063,65.96820087700841,86.53668891766443,97.97621094524807,58.69637132300548,79.39137496526263,96.00541876594907,82.15887744548839,47.62216876464267
406,406,total,unhealthy_offers,drive,600,65.2666789023533,91.91376487758612,87.32015638587741,83.35778091998769,100.0,100.0,88.34174471520319,93.85512858473587,100.0,95.6878548583344,85.1711565077767
413,413,total,unhealthy_offers,drive,900,79.11993003618247,98.89491789757618,98.2784309174317,89.56235622700534,100.0,100.0,94.97046712013106,97.02654209723455,100.0,98.14909258706723,94.80261855010293
420,420,total,shop_kiosk,drive,300,7.691064482454406,8.88228958524256,,0.2741606862193753,6.6733109536460375,12.491598298115134,8.342354052240744,,29.003477994509375,0.7918752882780424,
427,427,total,shop_kiosk,drive,600,36.079574844888754,32.24896591955081,,12.750961044110518,56.67888102644573,68.81240903122362,26.50109297296968,9.876672255086708,94.03567869059782,14.896563270547967,1.29481310491604
434,434,total,shop_kiosk,drive,900,47.49804708802706,51.963916821356435,4.662102178884015,46.67562680302555,92.64964722637883,100.0,54.78494429488712,39.638125466104114,100.0,50.95143975398615,8.371694346645993
441,441,total,shop_alcohol,drive,300,0.4948969042570758,6.8943484667247885,2.2796237473461356,25.128323582198103,0.412730450367296,5.231575726076507,8.357597866476585,4.321652334040213,23.292227627902,4.663141751538393,4.644559341002448
448,448,total,shop_alcohol,drive,600,3.5829948379931325,27.279673283535622,7.307820934874151,55.19377908648341,4.092742875493985,33.15435508879375,34.29218383523982,36.50835021890372,79.28932581653828,29.102070066347395,26.118737721439132
455,455,total,shop_alcohol,drive,900,7.172040394036075,54.01783995564367,20.962143959030396,72.1922790790195,39.102819465875285,69.78379647063659,52.29400853809321,92.71327024825796,100.0,74.23186923599988,58.031212596560145
462,462,total,shop_convenience,drive,300,5.667486029492141,4.147329727942384,0.02491409987501512,23.176247709844287,39.77265536792321,11.244331305707144,17.8410647964165,16.28736168953025,21.587841512188948,16.036356065094033,9.975554727991764
469,469,total,shop_convenience,drive,600,20.679358791956776,30.179268120683123,1.9108436975390393,45.89200297670161,86.66273109317146,68.87567086199184,33.16989417552682,62.848382344868845,88.83881962043314,53.11446047236886,42.48864173617709
476,476,total,shop_convenience,drive,900,44.42698024912018,49.826813034607476,20.965817994512577,66.43312697725636,99.45810271398781,100.0,58.8814121034534,87.34889294410749,100.0,81.431901223506,61.71994645201412
483,483,total,shop_confectionery,drive,300,,2.543479559714665,,4.936254358360341,12.602534563077702,7.928207720625988,,0.4444479259089891,,2.180336783499448,1.919020156858226
490,490,total,shop_confectionery,drive,600,,21.89270891817324,0.8208677516132109,21.463440452392753,45.360902085308645,37.1166043414038,,8.210834784037393,,11.829873864016639,5.899102748046057
497,497,total,shop_confectionery,drive,900,,47.924784518776434,16.28767023912338,40.16903619472709,89.3010740981368,88.95751839975796,6.570239503148609,40.526529453421425,,32.756703682265005,12.401160469848174
504,504,total,shop_health_food,drive,300,,,,,,,3.9447749325012866,,11.257797098666558,,
511,511,total,shop_health_food,drive,600,,,,,,1.2015213320173737,19.693592925599297,,35.71669504037341,1.0471442254533971,
518,518,total,shop_health_food,drive,900,,,,2.734875850422624,0.47456574541859203,9.624893211098163,33.81565888007724,,65.43233891651946,10.567987829289944,
525,525,total,shop_spices,drive,300,,,,,,0.22251956606783738,5.567336018319836,,0.06700324413993716,,
532,532,total,shop_spices,drive,600,,,,4.67792932936765,,6.764981913305686,17.45171575612958,,12.24820815074739,,
539,539,total,shop_spices,drive,900,,,,17.8918161384938,0.4062274987888943,17.900626403637204,26.81698214765737,,40.560447377262186,,
546,546,total,shop_supermarket,drive,300,6.825911375753148,30.535588719754546,20.274248532634907,61.29042100926595,71.59035599867036,82.9906150930995,31.819561818445063,60.78420302224007,83.40419307650056,31.91903659759192,37.441497335670185
553,553,total,shop_supermarket,drive,600,36.12987968962381,76.24963690016487,48.83069219535475,79.04317277215526,100.0,100.0,58.09045146030086,91.89569826581943,100.0,75.26751225160321,77.48570202567664
560,560,total,shop_supermarket,drive,900,60.746620510138705,91.85627244681412,76.02130627542661,86.37949168972608,100.0,100.0,80.73907823475164,96.99583420040561,100.0,92.87864120909116,88.42152889766237
567,567,total,amenity_cafe,drive,300,17.43229111728215,49.21808730788441,38.03088686232387,58.24413381009077,72.932187539522,97.64119667360144,45.86351626226466,72.17727401712675,77.06798653332766,69.90022188241171,35.530574808985385
574,574,total,amenity_cafe,drive,600,60.006108105250334,85.92722429727895,83.74085610760852,74.70218913277807,98.15256719680673,100.0,80.15471178943744,93.19490880291397,100.0,95.03868579914891,71.32767762256262
581,581,total,amenity_cafe,drive,900,76.77008621670998,97.27032526541277,97.91743606213463,84.85634809013847,100.0,100.0,93.4298646733936,96.67504578301734,100.0,96.56727684786776,80.73824985897207
588,588,total,shop_seafood,drive,300,1.3952994346118586,,,0.05054185349857006,18.24577964390885,,,10.251693413147258,,,
595,595,total,shop_seafood,drive,600,8.408321245238573,4.606532958062942,0.5504883792836612,3.6607310937430375,64.60088731710375,0.3488162358755472,,42.26665797124355,3.937366866327243,,
602,602,total,shop_seafood,drive,900,13.203524574508965,16.63384230834594,10.29787700789014,10.282330859924759,84.3253121695103,20.978789822634536,,69.77431822580643,40.0786155854714,3.656317441214406,
609,609,total,amenity_fast_food,walk,300,0.33726307549371093,1.3648926936685382,0.7518315882398273,8.856055885249441,1.7873414584651919,6.267573892034456,0.8792614944486274,1.217347331106535,4.614101796477238,,0.817102533623886
616,616,total,amenity_fast_food,walk,600,2.929056492602989,6.3870497860987685,4.946567650634359,33.71141628354623,10.57363680883813,39.73827260973382,5.474821540174807,7.511804941501119,31.386520469306266,0.9423561372337278,4.361908759847101
623,623,total,amenity_fast_food,walk,900,7.830368796245287,15.561938313690039,10.64672434812492,50.82264157356211,29.092030900661364,76.59646596297704,12.391316847041823,17.51085592023672,66.16695932864083,5.061918466376988,10.188456937780279
630,630,total,amenity_ice_cream,walk,300,,,,1.9767480479440733,0.05139870759013956,1.9683201881548738,,,0.9433274783909019,,0.37402932325226473
637,637,total,amenity_ice_cream,walk,600,,0.25515798130895523,,9.322164089736255,1.7783619561925985,10.724750809671063,1.2251434505700105,,7.210181210529934,,2.7152667540442206
644,644,total,amenity_ice_cream,walk,900,,1.2532897154929994,,16.953983968020335,5.48464553569186,21.69748270631036,4.034931420185099,,13.794183106910332,,5.675059362011302
651,651,total,shop_deli,walk,300,,,,,,,,,1.4560054557772617,,
658,658,total,shop_deli,walk,600,,,,,,,,,6.86988489697722,,
665,665,total,shop_deli,walk,900,,,,,0.5060089603404816,,,,17.222854371756032,,
672,672,total,shop_beverages,walk,300,,0.46171444236858566,0.08904951103621962,0.5166500579853828,,0.0988020603240777,1.2566211328522252,0.9124223959935233,2.7479539587908883,,0.26200007250207047
679,679,total,shop_beverages,walk,600,,2.4867777860904527,0.8497170333026396,5.003643496358436,0.02580514752538243,0.6400640887198799,5.194988186041968,4.1813660005216535,14.394778970690684,,1.0560101209327188
686,686,total,shop_beverages,walk,900,,7.152523730025634,1.954478282225135,13.533985214617092,0.5528524275360083,3.2391733361339408,11.316395283783676,9.721261128019927,32.67873888722488,,2.211588192251189
693,693,total,shop_butcher,walk,300,0.2639450156037737,0.9396293914869464,0.5961088675959694,2.3361567839339052,0.02721071572209228,2.317136424030421,0.8030353787497996,0.21111679069885583,,,0.9884982983212313
700,700,total,shop_butcher,walk,600,1.2903978540628935,4.578443725884305,3.3993296816706855,12.590537282643787,0.11428500603278759,14.882368367337948,5.3092130673984865,1.2782162055039819,,0.04743796920595754,4.613229969029472
707,707,total,shop_butcher,walk,900,3.8162050172712285,10.775137557673217,8.092743803755406,27.208364466730213,0.6204043184637041,36.529835520790286,13.55738194836467,1.6582264287619224,,0.22770225218859622,10.315196017732607
714,714,total,amenity_restaurant,walk,300,1.7852947583199694,6.412826037718886,2.639866746254087,21.744228527384806,13.175406411385069,31.912143427106688,8.228999542947005,5.243435622672334,19.101103567259145,4.075440859315655,3.367508214221935
721,721,total,amenity_restaurant,walk,600,6.321373538489748,28.00400096143215,12.019864378536292,44.18941561497691,57.13314873872418,82.95804597777664,24.456288451433764,24.320937597303168,71.03216371844987,23.39857783817948,17.15813322326671
728,728,total,amenity_restaurant,walk,900,13.650870400466136,48.167540286992164,21.85552699111962,55.764697568467504,84.74044626489803,98.58272925404053,35.16041817188814,50.97857267405481,93.49437067704656,44.73377206577296,31.861991762238716
735,735,total,shop_wine,walk,300,,,,,,0.29898534503618335,,,,,
742,742,total,shop_wine,walk,600,,,,0.2358619829933269,,3.025590486843057,,,,,
749,749,total,shop_wine,walk,900,,,,1.1287680614680646,,7.154280319104266,,,,,
756,756,total,healthy_offers,walk,300,0.538887740191038,1.5430982679160625,0.5961088675959694,6.1099485118271355,1.3767432833087134,4.801481145321616,2.943402893987337,1.8465087576013772,2.1532475050227107,1.0612297830054893,1.5095996213361607
763,763,total,healthy_offers,walk,600,2.569982474832215,9.167058522421732,3.3993296816706855,28.89309291668255,10.493182325099422,23.72671179830083,19.13458618714827,11.02688733040161,12.25757157064885,7.941355622985621,6.724394489958777
770,770,total,healthy_offers,walk,900,6.609102771622031,20.156250614744803,8.27016745048264,47.17239659866539,28.693331326827,53.49030679595623,38.14845905155187,20.445590760945834,32.76768572585097,18.902166476090297,15.175449053448622
777,777,total,amenity_pub,walk,300,0.25661320961477996,0.6550598739025382,,1.3702458059612328,,1.731623456667895,0.8558902481874815,,0.738256287436358,,0.5329469835086502
784,784,total,amenity_pub,walk,600,0.6561966360149375,4.160801622567415,,7.1713274352971075,,11.918432293920661,4.781066584565145,,9.781895808531745,,3.857517512590653
791,791,total,amenity_pub,walk,900,1.3417204959858497,12.346669818675938,,16.80576503943357,0.4014803062014451,31.48644348622675,11.232393114248532,0.0630228135469333,23.736481932829577,,9.473639065428312
798,798,total,amenity_drinking_water,walk,300,,0.3847620353071547,,0.05054185349857006,,,,,,,
805,805,total,amenity_drinking_water,walk,600,,3.179170709307006,,0.381871781989196,,,,,,,
812,812,total,amenity_drinking_water,walk,900,,6.5055231089865355,0.17742364672723418,1.5162556049571019,,,,,,,
819,819,total,amenity_bar,walk,300,0.7698396288443401,1.8725399341447295,0.6363479511258341,10.799109364194468,3.2931610591506963,12.493671408174784,4.319521901611069,3.5043178781347577,6.3543640953744225,1.330409828345158,1.4714618688935648
826,826,total,amenity_bar,walk,600,4.567715131143085,9.337209404410524,4.624206966185303,29.7466886646584,17.352461031449483,54.95707737097851,20.961411057121033,15.768144390921247,40.356320584414995,11.392591831741287,6.636946934412956
833,833,total,amenity_bar,walk,900,11.04903162541353,24.523558122296453,8.301164364741183,42.89999959960435,30.151789285283638,85.28397373614192,38.90181896502292,33.98122927498797,73.67200591625898,26.752354179152093,13.449906409989785
840,840,total,shop_bakery,walk,300,1.3600500109583344,10.905595301561275,4.914950549525637,6.3401947333206214,8.786572280355234,10.29132233502494,5.39478239205749,13.191673478766766,9.131729543955618,5.589556320125136,1.5129552887746227
847,847,total,shop_bakery,walk,600,6.9386020175423875,37.210978524580355,23.43879001594105,27.67226354162613,44.517009728714896,58.043860651118976,22.67784873520535,53.298533267733795,43.85019746886614,26.41724171874273,10.303551362673973
854,854,total,shop_bakery,walk,900,17.277706692239004,58.87712327223851,41.60350505487555,47.62506415056162,83.72218601273808,93.42815691586644,40.75276547522936,74.72626029579789,72.28042909035052,51.956794901866154,23.402660191211037
861,861,total,shop_greengrocer,walk,300,,0.4738648224309168,,2.7124128044232596,0.11972714917720606,2.5341756121305585,1.7888353186279828,,0.6767349301499948,,0.5240001450041409
868,868,total,shop_greengrocer,walk,600,,2.9241914683343757,,15.594969685058782,2.206499794851223,10.538593719501254,9.97749703567925,,5.618950632154503,,2.9750134737144283
875,875,total,shop_greengrocer,walk,900,,8.067852361387919,,31.65604757460438,6.951420667244179,25.88849716389148,20.41614890083581,1.2933342610772884,18.04299455568988,,8.724382747335374
882,882,total,amenity_marketplace,walk,300,,,,1.3140881909628215,,,0.15346997553706568,1.5073109044849053,0.6767349301499949,1.0612297830054893,
889,889,total,amenity_marketplace,walk,600,,,,9.60295216472831,1.1635911035029907,0.039101039897471594,2.725120739821319,7.058394231285579,5.967571656777227,7.903405247620856,0.04638115182738915
896,896,total,amenity_marketplace,walk,900,,,,19.739401671941526,5.259208798125299,0.6891765931506503,7.453408675900182,14.135756180555129,15.119810287407054,18.902166476090297,0.4754068062307388
903,903,total,amenity_food_court,walk,300,,0.4900653291806918,,,,,,,,,
910,910,total,amenity_food_court,walk,600,,2.4948780394653403,,,,,,,,,
917,917,total,amenity_food_court,walk,900,,4.402487709251339,,,,,,,,,
924,924,total,shop_coffee,walk,300,,,,1.2242360069653635,,0.946786925947914,,,0.9843417165818108,,0.26959044499669943
931,931,total,shop_coffee,walk,600,,,,7.923839476275815,,7.1832871786807955,,,8.879582568331752,,1.2435946333718717
938,938,total,shop_coffee,walk,900,,,,19.733785910441682,,16.10019873608418,0.03980019721808502,,18.620464138672585,,3.0135977801348113
945,945,total,shop_pastry,walk,300,,0.5751179896170102,0.7319311412254307,0.6570440954814107,0.5523252710577835,,0.07673498776853281,,,0.8397790815426168,1.019665097006328
952,952,total,shop_pastry,walk,600,,3.527660344763492,1.9920600132321002,3.1729052474102315,4.373870676132792,0.06256166383595455,1.0565817546590286,,0.4921708582909053,5.193851058671186,5.132228532418069
959,959,total,shop_pastry,walk,900,,7.152523730025634,3.9124360487153167,7.306105711293294,11.136064202727681,0.44538706442477677,3.8949310419041825,0.23200095653646619,3.139737222185763,10.40595818433243,12.699099534701574
966,966,total,amenity_vending_machine,walk,300,0.11730889582389943,,,,,,,,,,
973,973,total,amenity_vending_machine,walk,600,1.0704436743930823,,,,,,,,,,
980,980,total,amenity_vending_machine,walk,900,2.2581962446100645,,,,,,,,,,
987,987,total,mixed_offers,walk,300,2.0235784529622656,8.320794956820448,4.142638562033497,25.366394694782322,16.897580624753548,35.22980777191413,9.943697200067612,10.378196070296966,26.10126463151574,5.500336780737744,7.103237816246249
994,994,total,mixed_offers,walk,600,7.157199421235033,33.59798290965627,16.150611049508832,51.147344113280056,61.15450750615836,87.57959225482385,28.82549215075957,43.260730221972736,78.13894743175518,29.620476097899555,27.331768170786525
1001,1001,total,mixed_offers,walk,900,15.989716510955132,56.91176380518318,27.615573605957188,64.30065504822599,85.71772114344876,99.81922649556392,38.36365691242109,68.75925168803528,96.01674632578744,53.94394834105511,46.24893140533509
1008,1008,total,unhealthy_offers,walk,300,3.382294545667138,14.124514741685552,8.543524595427453,23.187479232843973,15.692060713671232,33.75201700915469,11.63399919369628,19.72929104011016,25.220162857241885,11.959627716037234,5.715432618081481
1015,1015,total,unhealthy_offers,walk,600,15.142817231188374,46.347958017296854,31.69824664138619,50.72361753453068,64.20234111550901,93.15207087345757,36.62708332126442,59.24039101836116,79.69012291132745,51.83089260455941,24.11031092836459
1022,1022,total,unhealthy_offers,walk,900,31.58968524609659,67.61795079972507,51.43383286700032,66.37467010377529,92.02385494142477,99.34583303258997,57.35261503944956,77.70513922975489,97.59146118179368,80.93328496979588,45.77113681366035
1029,1029,total,shop_kiosk,walk,300,0.410581135383648,0.8297424380812315,,,0.5006447332240008,0.6729683710590099,0.6613243986524697,,1.7020908849227145,,
1036,1036,total,shop_kiosk,walk,600,3.559591807656448,4.71789353316664,,0.06297087881630634,3.405166244905078,4.73376390993596,3.758710144101406,,14.500681201067495,,
1043,1043,total,shop_kiosk,walk,900,8.398583760392299,10.267565493531237,,0.3056461256275284,12.141003287486383,12.345868198235081,8.005900644332561,,30.530672627721984,0.4759105542453115,
1050,1050,total,shop_alcohol,walk,300,,0.6373308930165749,0.16200854408021823,2.852806841919288,0.08823968565084389,0.03200824265857677,1.104072638457121,0.2226854873975369,1.0048488356772651,1.0438438597924937,0.1978336258575826
1057,1057,total,shop_alcohol,walk,600,0.0073318059889937144,3.365619642270527,1.4646901055693673,12.641079136142356,0.4954997732701234,1.7476286630332831,3.418735712837556,1.189635694417535,6.745623548086199,2.8607060821368844,2.2604692905809074
1064,1064,total,shop_alcohol,walk,900,0.4765673892845914,6.464728771180919,2.0079792000872128,22.780935275264522,2.5476240631129747,5.119919011200435,9.465919877519124,6.170529981776148,23.23740679178751,4.8865854627174725,6.445107133974711
1071,1071,total,shop_convenience,walk,300,0.6085398970864784,0.1336541806856432,,3.610934644397838,1.7250610616149582,0.12457722709840974,2.4759584129293133,1.8516372091433253,0.7792705256272667,0.8881567069461119,0.4112674551342307
1078,1078,total,shop_convenience,walk,600,2.5111435512303477,2.0412638504716423,,13.870930904607558,13.960781526473594,2.53804014369716,10.00956464447329,7.295212386367675,5.721486227631774,6.060621162663598,3.304545951770912
1085,1085,total,shop_convenience,walk,900,5.711476865426104,5.593224955359797,,22.92915420385128,38.09807783536857,9.795900182255192,18.96278705349365,14.697864572717704,19.717086590120523,15.071092899782732,11.00817157896482
1092,1092,total,shop_confectionery,walk,300,,0.15390481412286186,,0.46610820448681267,0.48433632382546615,0.89695603510855,,,,0.018256066990056892,0.13624463349295562
1099,1099,total,shop_confectionery,walk,600,,1.0854339522349206,,2.5158611519288203,4.472457790833103,3.762232258371974,,0.04105959183626328,,0.530435111329663,0.8203666229469455
1106,1106,total,shop_confectionery,walk,900,,2.46247702596579,,4.762165751865267,12.54015166398249,5.929876009884303,,0.42851209434277293,,2.396962177377465,1.9335142668042853
1113,1113,total,shop_health_food,walk,300,,,,,,,0.36360693220678536,,0.7997776447227212,,
1120,1120,total,shop_health_food,walk,600,,,,,,,1.9600922581457032,,4.998051410857995,,
1127,1127,total,shop_health_food,walk,900,,,,,,,3.6378349814271544,,11.25292452897213,,
1134,1134,total,shop_spices,walk,300,,,,,,,0.2892318769737006,,,,
1141,1141,total,shop_spices,walk,600,,,,,,,2.4555196085930504,,0.04263842808905093,,
1148,1148,total,shop_spices,walk,900,,,,,,0.08376517355028648,5.7907631964105475,,2.0220818733805204,,
1155,1155,total,shop_supermarket,walk,300,0.4875650982680821,3.6043475894590866,2.2737820355647553,9.350242897235463,7.499934153561449,11.290591658368008,3.6060940759242723,6.389966016914422,10.46586419138838,1.5890320554516668,4.3762543668431535
1162,1162,total,shop_supermarket,walk,600,2.657779671010222,15.795284511381263,11.205657396762412,42.17436886380679,38.746363359161236,48.28665644897383,18.863121674930408,32.16255438702035,48.89952156513037,12.652876621354492,18.8933944057836
1169,1169,total,shop_supermarket,walk,900,6.01941271696384,33.498959965629226,19.775221672956235,61.67790855275499,75.66726132925777,84.03653453317719,32.395392316988705,57.49172849919305,88.22868691227677,29.99485620952039,36.62083644056185
1176,1176,total,amenity_cafe,walk,300,1.3623819956993701,5.222486535159183,4.366461873683752,16.757432315525893,6.880986758214153,25.089597537425167,4.394250314342512,9.388114738998823,15.976963689579835,7.05829884024037,3.4195179241348144
1183,1183,total,amenity_cafe,walk,600,7.225419114115321,27.143816503293554,18.53843320484406,41.73941076205774,43.3196229658656,83.35009186125659,22.846141874653952,42.78117841769175,52.03685953778843,36.01394076857206,17.002435752708884
1190,1190,total,amenity_cafe,walk,900,18.073195026211362,47.52180011440081,38.25104664371572,58.366408329956634,77.2641644172756,98.94780273665353,44.73266089720932,68.40673697359505,77.3462264501206,66.80405557052616,33.243481767274794
1197,1197,total,shop_seafood,walk,300,0.2749427245872643,,,,1.2570161341315076,,,0.1280810624176157,,,
1204,1204,total,shop_seafood,walk,600,1.2795846207693216,,,,7.123091426745208,,,2.6902768936120505,,,
1211,1211,total,shop_seafood,walk,900,2.792897754350802,,,0.03931033049888782,17.38872318881918,,,8.367744664032868,,,
1218,1218,total,amenity_fast_food,multimodal,300,0.33726307549371093,1.3648926936685382,0.7518315882398273,8.856055885249441,1.7873414584651919,6.267573892034456,0.8792614944486274,1.217347331106535,4.614101796477238,,0.817102533623886
1225,1225,total,amenity_fast_food,multimodal,600,2.929056492602989,6.3870497860987685,4.946567650634359,33.71141628354623,10.57363680883813,39.73827260973382,5.474821540174807,7.511804941501119,31.386520469306266,0.9423561372337278,4.361908759847101
1232,1232,total,amenity_fast_food,multimodal,900,7.830368796245287,15.561938313690039,10.64672434812492,50.82264157356211,29.092030900661364,76.59646596297704,12.391316847041823,17.51085592023672,66.16695932864083,5.061918466376988,10.188456937780279
1239,1239,total,amenity_ice_cream,multimodal,300,,,,1.9767480479440733,0.05139870759013956,1.9683201881548738,,,0.9433274783909019,,0.37402932325226473
1246,1246,total,amenity_ice_cream,multimodal,600,,0.25515798130895523,,9.322164089736255,1.7783619561925985,10.724750809671063,1.2251434505700105,,7.210181210529934,,2.7152667540442206
1253,1253,total,amenity_ice_cream,multimodal,900,,1.2532897154929994,,16.953983968020335,5.48464553569186,21.69748270631036,4.034931420185099,,13.794183106910332,,5.675059362011302
1260,1260,total,shop_deli,multimodal,300,,,,,,,,,1.4560054557772617,,
1267,1267,total,shop_deli,multimodal,600,,,,,,,,,6.86988489697722,,
1274,1274,total,shop_deli,multimodal,900,,,,,0.5060089603404816,,,,17.222854371756032,,
1281,1281,total,shop_beverages,multimodal,300,,0.46171444236858566,0.08904951103621962,0.5166500579853828,,0.0988020603240777,1.2566211328522252,0.9124223959935233,2.7479539587908883,,0.26200007250207047
1288,1288,total,shop_beverages,multimodal,600,,2.4867777860904527,0.8497170333026396,5.003643496358436,0.02580514752538243,0.6400640887198799,5.194988186041968,4.1813660005216535,14.394778970690684,,1.0560101209327188
1295,1295,total,shop_beverages,multimodal,900,,7.152523730025634,1.954478282225135,13.533985214617092,0.5528524275360083,3.2391733361339408,11.316395283783676,9.721261128019927,32.67873888722488,,2.211588192251189
1302,1302,total,shop_butcher,multimodal,300,0.2639450156037737,0.9396293914869464,0.5961088675959694,2.3361567839339052,0.02721071572209228,2.317136424030421,0.8030353787497996,0.21111679069885583,,,0.9884982983212313
1309,1309,total,shop_butcher,multimodal,600,1.2903978540628935,4.578443725884305,3.3993296816706855,12.590537282643787,0.11428500603278759,14.882368367337948,5.3092130673984865,1.2782162055039819,,0.04743796920595754,4.613229969029472
1316,1316,total,shop_butcher,multimodal,900,3.8162050172712285,10.775137557673217,8.092743803755406,27.208364466730213,0.6204043184637041,36.529835520790286,13.55738194836467,1.6582264287619224,,0.22770225218859622,10.315196017732607
1323,1323,total,amenity_restaurant,multimodal,300,1.7852947583199694,6.412826037718886,2.639866746254087,21.744228527384806,13.175406411385069,31.912143427106688,8.228999542947005,5.243435622672334,19.101103567259145,4.075440859315655,3.367508214221935
1330,1330,total,amenity_restaurant,multimodal,600,6.321373538489748,28.00400096143215,12.019864378536292,44.18941561497691,57.13314873872418,82.95804597777664,24.456288451433764,24.320937597303168,71.03216371844987,23.39857783817948,17.15813322326671
1337,1337,total,amenity_restaurant,multimodal,900,13.650870400466136,48.167540286992164,21.85552699111962,55.764697568467504,84.74044626489803,98.58272925404053,35.16041817188814,50.97857267405481,93.49437067704656,44.73377206577296,31.861991762238716
1344,1344,total,shop_wine,multimodal,300,,,,,,0.29898534503618335,,,,,
1351,1351,total,shop_wine,multimodal,600,,,,0.2358619829933269,,3.025590486843057,,,,,
1358,1358,total,shop_wine,multimodal,900,,,,1.1287680614680646,,7.154280319104266,,,,,
1365,1365,total,healthy_offers,multimodal,300,0.538887740191038,1.5430982679160625,0.5961088675959694,6.1099485118271355,1.3767432833087134,4.801481145321616,2.943402893987337,1.8465087576013772,2.1532475050227107,1.0612297830054893,1.5095996213361607
1372,1372,total,healthy_offers,multimodal,600,2.569982474832215,9.167058522421732,3.3993296816706855,28.89309291668255,10.493182325099422,23.72671179830083,19.13458618714827,11.02688733040161,12.25757157064885,7.941355622985621,6.724394489958777
1379,1379,total,healthy_offers,multimodal,900,6.609102771622031,20.156250614744803,8.27016745048264,47.17239659866539,28.693331326827,53.49030679595623,38.14845905155187,20.445590760945834,32.76768572585097,18.902166476090297,15.175449053448622
1386,1386,total,amenity_pub,multimodal,300,0.25661320961477996,0.6550598739025382,,1.3702458059612328,,1.731623456667895,0.8558902481874815,,0.738256287436358,,0.5329469835086502
1393,1393,total,amenity_pub,multimodal,600,0.6561966360149375,4.160801622567415,,7.1713274352971075,,11.918432293920661,4.781066584565145,,9.781895808531745,,3.857517512590653
1400,1400,total,amenity_pub,multimodal,900,1.3417204959858497,12.346669818675938,,16.80576503943357,0.4014803062014451,31.48644348622675,11.232393114248532,0.0630228135469333,23.736481932829577,,9.473639065428312
1407,1407,total,amenity_drinking_water,multimodal,300,,0.3847620353071547,,0.05054185349857006,,,,,,,
1414,1414,total,amenity_drinking_water,multimodal,600,,3.179170709307006,,0.381871781989196,,,,,,,
1421,1421,total,amenity_drinking_water,multimodal,900,,6.5055231089865355,0.17742364672723418,1.5162556049571019,,,,,,,
1428,1428,total,amenity_bar,multimodal,300,0.7698396288443401,1.8725399341447295,0.6363479511258341,10.799109364194468,3.2931610591506963,12.493671408174784,4.319521901611069,3.5043178781347577,6.3543640953744225,1.330409828345158,1.4714618688935648
1435,1435,total,amenity_bar,multimodal,600,4.567715131143085,9.337209404410524,4.624206966185303,29.7466886646584,17.352461031449483,54.95707737097851,20.961411057121033,15.768144390921247,40.356320584414995,11.392591831741287,6.636946934412956
1442,1442,total,amenity_bar,multimodal,900,11.04903162541353,24.523558122296453,8.301164364741183,42.89999959960435,30.151789285283638,85.28397373614192,38.90181896502292,33.98122927498797,73.67200591625898,26.752354179152093,13.449906409989785
1449,1449,total,shop_bakery,multimodal,300,1.3600500109583344,10.905595301561275,4.914950549525637,6.3401947333206214,8.786572280355234,10.29132233502494,5.39478239205749,13.191673478766766,9.131729543955618,5.589556320125136,1.5129552887746227
1456,1456,total,shop_bakery,multimodal,600,6.9386020175423875,37.210978524580355,23.43879001594105,27.67226354162613,44.517009728714896,58.043860651118976,22.67784873520535,53.298533267733795,43.85019746886614,26.41724171874273,10.303551362673973
1463,1463,total,shop_bakery,multimodal,900,17.277706692239004,58.87712327223851,41.60350505487555,47.62506415056162,83.72218601273808,93.42815691586644,40.75276547522936,74.72626029579789,72.28042909035052,51.956794901866154,23.402660191211037
1470,1470,total,shop_greengrocer,multimodal,300,,0.4738648224309168,,2.7124128044232596,0.11972714917720606,2.5341756121305585,1.7888353186279828,,0.6767349301499948,,0.5240001450041409
1477,1477,total,shop_greengrocer,multimodal,600,,2.9241914683343757,,15.594969685058782,2.206499794851223,10.538593719501254,9.97749703567925,,5.618950632154503,,2.9750134737144283
1484,1484,total,shop_greengrocer,multimodal,900,,8.067852361387919,,31.65604757460438,6.951420667244179,25.88849716389148,20.41614890083581,1.2933342610772884,18.04299455568988,,8.724382747335374
1491,1491,total,amenity_marketplace,multimodal,300,,,,1.3140881909628215,,,0.15346997553706568,1.5073109044849053,0.6767349301499949,1.0612297830054893,
1498,1498,total,amenity_marketplace,multimodal,600,,,,9.60295216472831,1.1635911035029907,0.039101039897471594,2.725120739821319,7.058394231285579,5.967571656777227,7.903405247620856,0.04638115182738915
1505,1505,total,amenity_marketplace,multimodal,900,,,,19.739401671941526,5.259208798125299,0.6891765931506503,7.453408675900182,14.135756180555129,15.119810287407054,18.902166476090297,0.4754068062307388
1512,1512,total,amenity_food_court,multimodal,300,,0.4900653291806918,,,,,,,,,
1519,1519,total,amenity_food_court,multimodal,600,,2.4948780394653403,,,,,,,,,
1526,1526,total,amenity_food_court,multimodal,900,,4.402487709251339,,,,,,,,,
1533,1533,total,shop_coffee,multimodal,300,,,,1.2242360069653635,,0.946786925947914,,,0.9843417165818108,,0.26959044499669943
1540,1540,total,shop_coffee,multimodal,600,,,,7.923839476275815,,7.1832871786807955,,,8.879582568331752,,1.2435946333718717
1547,1547,total,shop_coffee,multimodal,900,,,,19.733785910441682,,16.10019873608418,0.03980019721808502,,18.620464138672585,,3.0135977801348113
1554,1554,total,shop_pastry,multimodal,300,,0.5751179896170102,0.7319311412254307,0.6570440954814107,0.5523252710577835,,0.07673498776853281,,,0.8397790815426168,1.019665097006328
1561,1561,total,shop_pastry,multimodal,600,,3.527660344763492,1.9920600132321002,3.1729052474102315,4.373870676132792,0.06256166383595455,1.0565817546590286,,0.4921708582909053,5.193851058671186,5.132228532418069
1568,1568,total,shop_pastry,multimodal,900,,7.152523730025634,3.9124360487153167,7.306105711293294,11.136064202727681,0.44538706442477677,3.8949310419041825,0.23200095653646619,3.139737222185763,10.40595818433243,12.699099534701574
1575,1575,total,amenity_vending_machine,multimodal,300,0.11730889582389943,,,,,,,,,,
1582,1582,total,amenity_vending_machine,multimodal,600,1.0704436743930823,,,,,,,,,,
1589,1589,total,amenity_vending_machine,multimodal,900,2.2581962446100645,,,,,,,,,,
1596,1596,total,mixed_offers,multimodal,300,2.0235784529622656,8.320794956820448,4.142638562033497,25.366394694782322,16.897580624753548,35.22980777191413,9.943697200067612,10.378196070296966,26.10126463151574,5.500336780737744,7.103237816246249
1603,1603,total,mixed_offers,multimodal,600,7.157199421235033,33.59798290965627,16.150611049508832,51.147344113280056,61.15450750615836,87.57959225482385,28.82549215075957,43.260730221972736,78.13894743175518,29.620476097899555,27.331768170786525
1610,1610,total,mixed_offers,multimodal,900,15.989716510955132,56.91176380518318,27.615573605957188,64.30065504822599,85.71772114344876,99.81922649556392,38.36365691242109,68.75925168803528,96.01674632578744,53.94394834105511,46.24893140533509
1617,1617,total,unhealthy_offers,multimodal,300,3.382294545667138,14.124514741685552,8.543524595427453,23.187479232843973,15.692060713671232,33.75201700915469,11.63399919369628,19.72929104011016,25.220162857241885,11.959627716037234,5.715432618081481
1624,1624,total,unhealthy_offers,multimodal,600,15.142817231188374,46.347958017296854,31.69824664138619,50.72361753453068,64.20234111550901,93.15207087345757,36.62708332126442,59.24039101836116,79.69012291132745,51.83089260455941,24.11031092836459
1631,1631,total,unhealthy_offers,multimodal,900,31.58968524609659,67.61795079972507,51.43383286700032,66.37467010377529,92.02385494142477,99.34583303258997,57.35261503944956,77.70513922975489,97.59146118179368,80.93328496979588,45.77113681366035
1638,1638,total,shop_kiosk,multimodal,300,0.410581135383648,0.8297424380812315,,,0.5006447332240008,0.6729683710590099,0.6613243986524697,,1.7020908849227145,,
1645,1645,total,shop_kiosk,multimodal,600,3.559591807656448,4.71789353316664,,0.06297087881630634,3.405166244905078,4.73376390993596,3.758710144101406,,14.500681201067495,,
1652,1652,total,shop_kiosk,multimodal,900,8.398583760392299,10.267565493531237,,0.3056461256275284,12.141003287486383,12.345868198235081,8.005900644332561,,30.530672627721984,0.4759105542453115,
1659,1659,total,shop_alcohol,multimodal,300,,0.6373308930165749,0.16200854408021823,2.852806841919288,0.08823968565084389,0.03200824265857677,1.104072638457121,0.2226854873975369,1.0048488356772651,1.0438438597924937,0.1978336258575826
1666,1666,total,shop_alcohol,multimodal,600,0.0073318059889937144,3.365619642270527,1.4646901055693673,12.641079136142356,0.4954997732701234,1.7476286630332831,3.418735712837556,1.189635694417535,6.745623548086199,2.8607060821368844,2.2604692905809074
1673,1673,total,shop_alcohol,multimodal,900,0.4765673892845914,6.464728771180919,2.0079792000872128,22.780935275264522,2.5476240631129747,5.119919011200435,9.465919877519124,6.170529981776148,23.23740679178751,4.8865854627174725,6.445107133974711
1680,1680,total,shop_convenience,multimodal,300,0.6085398970864784,0.1336541806856432,,3.610934644397838,1.7250610616149582,0.12457722709840974,2.4759584129293133,1.8516372091433253,0.7792705256272667,0.8881567069461119,0.4112674551342307
1687,1687,total,shop_convenience,multimodal,600,2.5111435512303477,2.0412638504716423,,13.870930904607558,13.960781526473594,2.53804014369716,10.00956464447329,7.295212386367675,5.721486227631774,6.060621162663598,3.304545951770912
1694,1694,total,shop_convenience,multimodal,900,5.711476865426104,5.593224955359797,,22.92915420385128,38.09807783536857,9.795900182255192,18.96278705349365,14.697864572717704,19.717086590120523,15.071092899782732,11.00817157896482
1701,1701,total,shop_confectionery,multimodal,300,,0.15390481412286186,,0.46610820448681267,0.48433632382546615,0.89695603510855,,,,0.018256066990056892,0.13624463349295562
1708,1708,total,shop_confectionery,multimodal,600,,1.0854339522349206,,2.5158611519288203,4.472457790833103,3.762232258371974,,0.04105959183626328,,0.530435111329663,0.8203666229469455
1715,1715,total,shop_confectionery,multimodal,900,,2.46247702596579,,4.762165751865267,12.54015166398249,5.929876009884303,,0.42851209434277293,,2.396962177377465,1.9335142668042853
1722,1722,total,shop_health_food,multimodal,300,,,,,,,0.36360693220678536,,0.7997776447227212,,
1729,1729,total,shop_health_food,multimodal,600,,,,,,,1.9600922581457032,,4.998051410857995,,
1736,1736,total,shop_health_food,multimodal,900,,,,,,,3.6378349814271544,,11.25292452897213,,
1743,1743,total,shop_spices,multimodal,300,,,,,,,0.2892318769737006,,,,
1750,1750,total,shop_spices,multimodal,600,,,,,,,2.4555196085930504,,0.04263842808905093,,
1757,1757,total,shop_spices,multimodal,900,,,,,,0.08376517355028648,5.7907631964105475,,2.0220818733805204,,
1764,1764,total,shop_supermarket,multimodal,300,0.4875650982680821,3.6043475894590866,2.2737820355647553,9.350242897235463,7.499934153561449,11.290591658368008,3.6060940759242723,6.389966016914422,10.46586419138838,1.5890320554516668,4.3762543668431535
1771,1771,total,shop_supermarket,multimodal,600,2.657779671010222,15.795284511381263,11.205657396762412,42.17436886380679,38.746363359161236,48.28665644897383,18.863121674930408,32.16255438702035,48.89952156513037,12.652876621354492,18.8933944057836
1778,1778,total,shop_supermarket,multimodal,900,6.01941271696384,33.498959965629226,19.775221672956235,61.67790855275499,75.66726132925777,84.03653453317719,32.395392316988705,57.49172849919305,88.22868691227677,29.99485620952039,36.62083644056185
1785,1785,total,amenity_cafe,multimodal,300,1.3623819956993701,5.222486535159183,4.366461873683752,16.757432315525893,6.880986758214153,25.089597537425167,4.394250314342512,9.388114738998823,15.976963689579835,7.05829884024037,3.4195179241348144
1792,1792,total,amenity_cafe,multimodal,600,7.225419114115321,27.143816503293554,18.53843320484406,41.73941076205774,43.3196229658656,83.35009186125659,22.846141874653952,42.78117841769175,52.03685953778843,36.01394076857206,17.002435752708884
1799,1799,total,amenity_cafe,multimodal,900,18.073195026211362,47.52180011440081,38.25104664371572,58.366408329956634,77.2641644172756,98.94780273665353,44.73266089720932,68.40673697359505,77.3462264501206,66.80405557052616,33.243481767274794
1806,1806,total,shop_seafood,multimodal,300,0.2749427245872643,,,,1.2570161341315076,,,0.1280810624176157,,,
1813,1813,total,shop_seafood,multimodal,600,1.2795846207693216,,,,7.123091426745208,,,2.6902768936120505,,,
1820,1820,total,shop_seafood,multimodal,900,2.792897754350802,,,0.03931033049888782,17.38872318881918,,,8.367744664032868,,,
1,1,men,amenity_fast_food,drive,300,8.182187690887211,14.568417653127108,4.859102550234195,50.03593743624882,27.612696634290263,72.8481008342956,10.045779576225963,19.566524211917486,58.35126466856092,5.9243050980516845,9.33554894824582
8,8,men,amenity_fast_food,drive,600,31.767803979968683,52.322885064094336,29.549839190744454,63.46147653584264,91.47958411480268,100.0,36.952647619097334,55.610960623074035,98.35969441694773,44.301822194345256,30.677300993978356
15,15,men,amenity_fast_food,drive,900,53.59430286506834,79.26176988880204,55.571155689370855,67.85716768962115,100.0,100.0,63.430431410139356,76.57921980490327,100.0,78.94985408889512,48.35865402484835
22,22,men,amenity_ice_cream,drive,300,,1.7423082563197543,,17.43480930754714,5.267106261494899,22.887658308498622,4.4193740754330415,,14.416106798325535,,6.630012913117604
29,29,men,amenity_ice_cream,drive,600,,8.398124697472841,,31.94416429972165,32.637464150778165,92.08559832224257,21.80682327950286,,41.426042512092565,1.1666433909121932,21.075123162207856
36,36,men,amenity_ice_cream,drive,900,,20.014182482702367,0.7270221142800464,46.82309501133722,77.51578764623132,100.0,34.82031653606653,,70.9577318981663,11.353281392089146,38.563179505390316
43,43,men,shop_deli,drive,300,,,,,0.9924933560601759,,,,18.872953739723958,,
50,50,men,shop_deli,drive,600,,,,,15.85795631034124,4.746592135811537,,9.02805133353052,61.800081647395075,1.7842185601139988,
57,57,men,shop_deli,drive,900,,,,,42.27310615380887,30.191301091540147,4.689145110296264,37.55030829304883,99.86074005657612,20.701794355525745,
64,64,men,shop_beverages,drive,300,,6.383462229602434,2.05756380808264,15.750286669136795,0.2982011084164854,2.516193263432861,10.716730960005547,10.978013838203443,30.954330831888683,,2.6120951423113032
71,71,men,shop_beverages,drive,600,,22.51097508562877,8.29155936114673,44.84760770994494,21.369914472893857,19.754909458753147,33.92755348516567,56.98969900854575,83.38106165314717,3.4873096563376773,13.265250262219732
78,78,men,shop_beverages,drive,900,,37.87257252465302,28.45214514887189,63.01799190293127,71.97015281310173,55.65507537204276,56.079424591146854,89.1299558870429,100.0,35.94803274497858,25.33581181261755
85,85,men,shop_butcher,drive,300,4.0067791873385845,9.631571341605198,7.892902522469105,28.210139117912032,0.12384765495138576,29.54959847907577,13.052555897340469,1.5364076262202613,,0.34221301134376547,11.509691890397026
92,92,men,shop_butcher,drive,600,11.536444741586942,37.12565110655095,34.13395748807243,60.45751749254754,7.367356525087641,85.93578817602425,44.74943593446164,8.184612881066535,8.626331399883998,4.907689384414645,35.39094660604914
99,99,men,shop_butcher,drive,900,23.857382389020593,56.351359608260424,60.84992889619607,68.88472649905147,46.45903450778147,100.0,63.559117645766825,15.964097324841006,38.74688890531751,8.275816308824876,56.25969311127329
106,106,men,amenity_restaurant,drive,300,13.350812400419013,44.271754707995385,21.18614833543406,54.25538524808029,80.01664615669229,97.03683920673927,33.768728718213445,57.918015401711784,93.20678739387304,46.654239581269835,32.82989218472714
113,113,men,amenity_restaurant,drive,600,39.346684992650616,79.86536226246432,66.23950025345671,67.30643382817082,100.0,100.0,59.36554882724542,93.76967817267578,100.0,86.16812277777125,65.81204117540206
120,120,men,amenity_restaurant,drive,900,69.07421694582789,94.97385292475154,86.75347353427418,80.48127193592008,100.0,100.0,83.51885694679223,97.35462447417048,100.0,98.50338409843235,79.28052884642642
127,127,men,shop_wine,drive,300,,,,0.6794241308255087,,7.3342816475865655,,,,,
134,134,men,shop_wine,drive,600,,,,12.341935864086514,,36.66089975062887,0.012032725427885147,,,,
141,141,men,shop_wine,drive,900,,1.8954354799535382,,24.549003588563522,0.06536681619085377,75.65709389863017,3.1626698970661193,,0.052667661302839154,,
148,148,men,healthy_offers,drive,300,5.397172597358072,19.60230166673406,8.245236203862175,48.05943087384734,27.658846612168343,48.72051741477388,37.58849528416691,23.073903307633177,34.13379686436472,17.79766618692978,15.573192214690753
155,155,men,healthy_offers,drive,600,19.933721493722118,49.27940376593049,35.22918674554018,67.57196964107251,86.58595200542875,93.8585859794331,64.53957208587819,59.37566079872626,99.56941978444877,63.230850027750805,39.2150735488226
162,162,men,healthy_offers,drive,900,37.04910423691832,79.86284516702554,69.56127598888841,80.25557621016748,99.73080093671643,100.0,78.92300276381056,91.99576955409793,100.0,91.5439305761225,60.70229791221667
169,169,men,amenity_pub,drive,300,1.1211358478802331,13.620564173861347,,16.15239609971065,0.8259299548910627,31.85212687947594,10.544423753030555,0.5236375288187581,23.82295978379685,,10.117697854580065
176,176,men,amenity_pub,drive,600,5.095595936138437,44.38489016218304,,37.72964595855065,30.242411899474796,88.22863362925618,23.64474066119644,16.357333281162003,85.95161758875055,5.068237814260619,32.44823236983183
183,183,men,amenity_pub,drive,900,9.441552489574418,75.32843936020542,0.2431320333843182,61.66515406487646,68.34800838833178,100.0,34.088033671550306,48.04505350389274,100.0,35.92904630326849,55.870293417242635
190,190,men,amenity_drinking_water,drive,300,,6.659587583331278,0.3523336813930695,1.757518619408134,,,,,,,
197,197,men,amenity_drinking_water,drive,600,,25.907122714440717,2.6838067272541277,15.070862538311285,0.09153957105102425,,,,,,
204,204,men,amenity_drinking_water,drive,900,,55.646689614180154,12.550734004641662,44.05588206989208,3.9954330423447053,6.876174202130277,,,,,
211,211,men,amenity_bar,drive,300,11.771059442400912,24.256811148781246,9.375338702546728,40.89024257985272,32.4024230603975,83.64950066436924,38.384214577847,38.04807547820154,73.54498765150221,34.0323274120769,14.322229181717752
218,218,men,amenity_bar,drive,600,40.18628855726419,78.91327548993914,36.89170370297251,65.01376350352437,76.96758304445153,99.97508554149873,81.12948474639738,94.06458758992092,100.0,82.67160921009034,44.58004493534123
225,225,men,amenity_bar,drive,900,58.52368107079703,97.61024454643501,75.31722261714884,76.58097990486522,98.50844345993332,100.0,92.97605111279944,96.94411379475848,100.0,95.94116363642117,67.16999524773543
232,232,men,shop_bakery,drive,300,17.158504003309478,59.80563129945372,42.030073468631166,49.12973428432398,75.3068499385203,85.84410815969301,41.156810986983956,76.28429958904381,68.43219383496967,53.607018248446266,23.635443521635015
239,239,men,shop_bakery,drive,600,42.50857047791609,91.72257850838982,82.67516792179974,79.73836243861115,98.11086088502194,100.0,82.36841847993546,91.91302677324832,100.0,87.55489797212293,62.89515382953669
246,246,men,shop_bakery,drive,900,51.617210815585764,98.89521700491888,96.0316088252077,87.63487807370271,100.0,100.0,91.78431485482473,96.41295528390646,100.0,97.81671266170433,80.33563981086218
253,253,men,shop_greengrocer,drive,300,,7.075644881005109,,30.832379358370808,4.551496598633922,26.086499855526252,17.49771439307681,0.12788494887949026,18.005068041949002,,8.969481307411598
260,260,men,shop_greengrocer,drive,600,,32.48619346896621,,58.62700289214162,33.76500739001206,92.80039469357597,48.55532985978922,14.931692159864562,79.78766593760933,3.857578443239003,31.06563153766671
267,267,men,shop_greengrocer,drive,900,,62.87605149809604,4.050917748916301,66.98683099310914,83.3902175343177,100.0,69.68888978455753,47.20356575686536,100.0,31.762758313518606,48.053248642862854
274,274,men,amenity_marketplace,drive,300,,,,20.792624433445113,5.690974050892785,0.8304839640240061,7.761818750319181,15.592140326417677,16.373677499799797,17.79766618692978,0.5877865709310856
281,281,men,amenity_marketplace,drive,600,,,,47.413697195790036,37.93023008293065,25.929544771302925,26.5393448863922,52.464690609417545,67.48718078128027,59.921604376012716,6.4667373357740106
288,288,men,amenity_marketplace,drive,900,,1.9702261945508233,0.2240069202043339,64.19613848880931,66.80795760281518,71.07502895112098,44.02526244698337,90.27157234485507,99.40869236336093,88.267539405302,16.73845989553274
295,295,men,amenity_food_court,drive,300,,5.3431643266171305,,,,,,,,,
302,302,men,amenity_food_court,drive,600,,18.106040934059415,,,,,,,,,
309,309,men,amenity_food_court,drive,900,,45.272045546665225,0.9304139818512854,,,,,,,,
316,316,men,shop_coffee,drive,300,,,,16.92945251602404,,15.107703893071703,0.06016362713942573,,14.891827946348329,,2.734413866490733
323,323,men,shop_coffee,drive,600,,,,49.962941455251055,0.05229345295268301,54.0275029520245,12.636210037269416,,65.72514075475594,9.128571514341752,10.76504464417606
330,330,men,shop_coffee,drive,900,,1.5368227246422832,,65.73305595735242,11.738889049047703,90.83513003217479,43.50129735351281,5.781485221422974,98.11364857948986,25.33148909786391,23.70089619425543
337,337,men,shop_pastry,drive,300,,7.407568725537385,4.716075441072818,7.22660211878041,13.15353301899768,0.4068638025481235,3.381685969910517,0.5392810592292564,3.124102995899525,11.974338355845285,14.949587510598924
344,344,men,shop_pastry,drive,600,,26.505280766273536,21.196313267625378,24.706332030018498,37.69579099412247,29.766593766668947,20.83697717336679,18.71743118399679,27.530038106052558,37.06575161189253,47.42814966615236
351,351,men,shop_pastry,drive,900,,50.599018466232,51.174269387116034,50.114548492707975,62.87448118231278,73.56206141616009,50.554725428754274,70.01409165570578,79.95179479823703,56.960707895988264,69.99573416443285
358,358,men,amenity_vending_machine,drive,300,1.73028341850303,0.02772672083550303,,,,,,,,,
365,365,men,amenity_vending_machine,drive,600,10.72316662465227,3.6666400512098694,,0.4437425004199928,,,,,,,
372,372,men,amenity_vending_machine,drive,900,20.26682141931901,18.81637437324983,,5.282844840821184,,,,,,,
379,379,men,mixed_offers,drive,300,16.00489120337705,52.69533422594254,29.231031965933795,63.41357332557123,82.81998035355006,98.04778318429985,37.71018464082765,72.10816721064931,95.35968847162916,57.3070306592208,47.620049120303506
386,386,men,mixed_offers,drive,600,51.04949618917492,88.89235459561115,71.52456072216815,79.27231117531764,100.0,100.0,65.11774116152928,96.08000825081345,100.0,89.03679296959592,83.57858695038483
393,393,men,mixed_offers,drive,900,78.9023733971131,98.60681288552558,88.20561748752758,86.51638534959262,100.0,100.0,86.29760832058473,97.491871805545,100.0,98.73441819946954,94.2855239348495
400,400,men,unhealthy_offers,drive,300,29.543435736865565,66.71140352496944,52.43638228613728,65.96063217043645,86.4705473197735,97.9760924435363,58.684962983515696,79.48349972986766,96.00692101354565,82.1481958125967,47.61282845088053
407,407,men,unhealthy_offers,drive,600,65.2541903003978,91.9153233619057,87.28247792027501,83.34885596027067,100.0,100.0,88.31530040091813,93.89548822643576,100.0,95.68393011300948,85.15474461482464
414,414,men,unhealthy_offers,drive,900,79.10766126032533,98.89521700491888,98.26935857913045,89.55304846689475,100.0,100.0,94.94064603312408,97.04581797857783,100.0,98.14690711327246,94.79541093598941
421,421,men,shop_kiosk,drive,300,7.690963161057961,8.88252344777109,,0.27422576513450003,6.63494375317954,12.491429673487328,8.339092492088605,,29.001538234510534,0.7866329304368175,
428,428,men,shop_kiosk,drive,600,36.07784051505264,32.262831946844386,,12.750171458744397,56.543648052168614,68.81315676041793,26.494027156958232,9.873994367079014,94.03972188318816,14.870161193100573,1.2906655350680352
435,435,men,shop_kiosk,drive,900,47.48579256843977,51.96862563990062,4.612355593307959,46.67118304661596,92.58615792341193,100.0,54.775594328709175,39.71714667835186,100.0,50.91855504142529,8.365744563528848
442,442,men,shop_alcohol,drive,300,0.49489038452946843,6.908293048065693,2.288261965184037,25.125286686976455,0.4194409873162659,5.233265135147136,8.35577617966399,4.315237548246296,23.28504217992575,4.662271626905513,4.649064486502691
449,449,men,shop_alcohol,drive,600,3.5753976661841906,27.288594526400402,7.28964824162676,55.18738144613068,4.142761262382317,33.15555284201974,34.29284528403449,36.4844336579366,79.28498207909766,29.10851152175843,26.125065469957658
456,456,men,shop_alcohol,drive,900,7.160505111929489,54.01902877579909,20.887626955179805,72.18437581861417,39.21685737253563,69.78460801531577,52.28592749274221,92.74510353352858,100.0,74.2206251928417,58.066197037187386
463,463,men,shop_convenience,drive,300,5.667411366537468,4.145000204890865,0.0248102731234693,23.173416429065078,39.68309944879526,11.244115905358525,17.835689810611555,16.31453658339571,21.587191329864243,16.049949852947588,9.975237543579334
470,470,men,shop_convenience,drive,600,20.67908636393134,30.17529047061584,1.8955089030316348,45.88639667029799,86.58549116109651,68.87622505014414,33.170565060696006,62.93744275108612,88.83590346470189,53.1259627561832,42.483032290999994
477,477,men,shop_convenience,drive,900,44.426596135846715,49.811290740990856,20.841748106051856,66.42532344697236,99.45057800009758,100.0,58.869975333830205,87.43342637421902,100.0,81.42859174665693,61.726019962590996
484,484,men,shop_confectionery,drive,300,,2.5420509069057258,,4.935651330542332,12.505850408822225,7.927928709670473,,0.4412774099579217,,2.1837014150312806,1.9263104453286068
491,491,men,shop_confectionery,drive,600,,21.893385764359284,0.8150890329992034,21.460818413347884,45.21745925682746,37.11633109913791,,8.174145984238061,,11.84188425526947,5.921513226954249
498,498,men,shop_confectionery,drive,900,,47.91058101840383,16.16156977782911,40.1641783089279,89.24895802111486,88.95801887013882,6.570243800853231,40.48018560469726,,32.78993986303577,12.448272031896945
505,505,men,shop_health_food,drive,300,,,,,,,3.954276277739272,,11.25205160721111,,
512,512,men,shop_health_food,drive,600,,,,,,1.2011373661994211,19.69645743849441,,35.6998902371107,1.0420696090460246,
519,519,men,shop_health_food,drive,900,,,,2.7345417496861386,0.4668012521517339,9.624206636014424,33.81340311921545,,65.40845507585384,10.549511921979011,
526,526,men,shop_spices,drive,300,,,,,,0.22242665873333758,5.564868864201352,,0.06660258163750243,,
533,533,men,shop_spices,drive,600,,,,4.677357859319412,,6.764318318862636,17.450983762554515,,12.241288704334243,,
540,540,men,shop_spices,drive,900,,,,17.88963041991794,0.4004016711124396,17.901586295281408,26.819704318980236,,40.54202948822648,,
547,547,men,shop_supermarket,drive,300,6.825821451806445,30.538240899201263,20.158314915947802,61.28293358536862,71.53770314526137,82.99018350566844,31.820492672516252,60.872512050107034,83.40533178105736,31.899298391769676,37.446853060485964
554,554,men,shop_supermarket,drive,600,36.11846999518585,76.25091354104654,48.70213932358055,79.03475846953182,100.0,100.0,58.079417618144,91.94942828853351,100.0,75.26512839841027,77.46577003079561
561,561,men,shop_supermarket,drive,900,60.73419145502864,91.85312984112062,75.95640237546631,86.37039338759709,100.0,100.0,80.71650683521803,97.01531857160572,100.0,92.87954123337346,88.39427821656045
568,568,men,amenity_cafe,drive,300,17.425481946356236,49.2129276139267,37.99307451150351,58.23737727071146,72.86512713827149,97.64046477494112,45.8583489295629,72.29184010232814,77.057620294677,69.8913137871213,35.532425113131005
575,575,men,amenity_cafe,drive,600,59.99368880558457,85.92802649296264,83.6956498445238,74.69430513789447,98.14791474399553,100.0,80.13243807512151,93.23975097653529,100.0,95.03431777152454,71.3689047465777
582,582,men,amenity_cafe,drive,900,76.7578483974854,97.27041356236869,97.90732873985452,84.84761523026852,100.0,100.0,93.40082839286963,96.69630611311004,100.0,96.56401006830531,80.79174221073453
589,589,men,shop_seafood,drive,300,1.3903934100194877,,,0.05053567915231055,18.291728610848317,,,10.260152408174514,,,
596,596,men,shop_seafood,drive,600,8.397276752135177,4.6285443165123095,0.5439987937399263,3.661180739783766,64.78038787221287,0.34880241901799935,,42.37079323968557,3.9367333993254774,,
603,603,men,shop_seafood,drive,900,13.191721847897725,16.657078389358013,10.19485062137114,10.282331675546514,84.46174623622446,20.97836184939915,,69.94252332139015,40.07817453717618,3.655094907837833,
610,610,men,amenity_fast_food,walk,300,0.33725863242008214,1.3641260439924037,0.7516764395585183,8.854974002577084,1.7823269439960094,6.2673140614873235,0.8794851101973447,1.2214506526873135,4.613359452334544,,0.8188962815150753
617,617,men,amenity_fast_food,walk,600,2.929017905474409,6.383462229602436,4.924658383557104,33.707297994591144,10.524011083786048,39.738046921102104,5.476516381824937,7.525615248586546,31.38369752733147,0.9235255840286508,4.371608773321578
624,624,men,amenity_fast_food,walk,900,7.830265639666259,15.552994615323126,10.590865845032079,50.816432925378955,28.966896999783636,76.59683856836782,12.391555527306002,17.540566146698858,66.16570454277428,5.025946197768508,10.204531639363083
631,631,men,amenity_ice_cream,walk,300,,,,1.97650656240148,0.050766127788592505,1.9682422216015676,,,0.9431757102550625,,0.37236904763552653
638,638,men,amenity_ice_cream,walk,600,,0.25501466104309034,,9.321025265870615,1.7611584170206374,10.724538360502253,1.2311292939023606,,7.2089503059396165,,2.703978141750411
645,645,men,amenity_ice_cream,walk,900,,1.2525181930465172,,16.95191281786951,5.444838589935664,21.698273918743975,4.045571822865118,,13.78902197507919,,5.656244369276616
652,652,men,shop_deli,walk,300,,,,,,,,,1.4557712049589007,,
659,659,men,shop_deli,walk,600,,,,,,,,,6.868779629031434,,
666,666,men,shop_deli,walk,900,,,,,0.5050736410937078,,,,17.219593625988765,,
673,673,men,shop_beverages,walk,300,,0.4614551009351158,0.08971308877918742,0.5165869424458412,,0.09875610011602592,1.256257689891149,0.9122609340124248,2.747511851612573,,0.26274748873546083
680,680,men,shop_beverages,walk,600,,2.4853809822294832,0.8549078415540465,5.003032236078746,0.026092300902641117,0.6396603160313769,5.198710710738115,4.184501260281474,14.391754175532137,,1.0585343897111155
687,687,men,shop_beverages,walk,900,,7.148506212731706,1.9614311846594932,13.532331861896497,0.5580209231691108,3.2383604335672147,11.323537601693218,9.727508893083662,32.66976406850336,,2.216696240085283
694,694,men,shop_butcher,walk,300,0.26394153841571644,0.9391016089205864,0.5975460462626346,2.335871391929022,0.02692340325030125,2.3170446406195673,0.8028237976511237,0.20968342293328626,,,0.9922535677599015
701,701,men,shop_butcher,walk,600,1.2903808544768363,4.575804490131867,3.407525238497682,12.588999184386699,0.11307829365126525,14.882240808807637,5.30848344717292,1.2695378152142607,,0.047529584908856316,4.630578383121821
708,708,men,shop_butcher,walk,900,3.8161547429272336,10.769017686892635,8.112254868565513,27.205040610327192,0.6138535941068686,36.529542452556235,13.555347382363786,1.646967976494176,,0.22814200756251032,10.351053963791253
715,715,men,amenity_restaurant,walk,300,1.7852712390063041,6.412593997434316,2.6372105430827566,21.741572186416285,13.127271997799328,31.911836801137873,8.232109180474733,5.248272756822474,19.095172281718014,4.06306221275237,3.3660285737034354
722,722,men,amenity_restaurant,walk,600,6.320826886661083,28.006993379646556,11.983453170106856,44.18411587303102,57.014876971731645,82.95820776840552,24.46057780511206,24.35356492413956,71.01760937836349,23.359379901505292,17.15110295263362
729,729,men,amenity_restaurant,walk,900,13.649763815882194,48.163564976351,21.786036720156655,55.75804946908224,84.67029213675654,98.58256866721678,35.16103232365932,51.023380946725496,93.4961616627581,44.7031102182151,31.860282164914267
736,736,men,shop_wine,walk,300,,,,,,0.29897350201542805,,,,,
743,743,men,shop_wine,walk,600,,,,0.23583316937744928,,3.026211121290681,,,,,
750,750,men,shop_wine,walk,900,,,,1.128630167734936,,7.155279228029012,,,,,
757,757,men,healthy_offers,walk,300,0.5388806409320878,1.542231521546308,0.5975460462626346,6.109202101968211,1.37864469488169,4.801393959992799,2.944641827950587,1.8464870525785924,2.1529010777561206,1.0622900936341928,1.5148387107212635
764,764,men,healthy_offers,walk,600,2.568632714216676,9.164085573913926,3.407525238497682,28.88956324873754,10.488677149573258,23.72664775605812,19.138060289374376,11.020170982325542,12.254677958881045,7.948838429147044,6.745123634677965
771,771,men,healthy_offers,walk,900,6.605255978475387,20.157482126755173,8.288877074487377,47.16663387548986,28.67057834280624,53.49014631264063,38.1470546068392,20.427284888640322,32.76430773365164,18.912823353853103,15.205971315476695
778,778,men,amenity_pub,walk,300,0.2566098290152799,0.6584363702047032,,1.370078412573753,,1.731554865839354,0.8554542445858049,,0.7381375123735272,,0.53256333600859
785,785,men,amenity_pub,walk,600,0.6561879913390728,4.173816729774101,,7.170451364166731,,11.91791518700724,4.779302729954684,,9.780322038949233,,3.8537911336887913
792,792,men,amenity_pub,walk,900,1.3417028202798922,12.362641648185548,,16.80374485322932,0.39948464275000517,31.485379984044858,11.228462176071233,0.06222423642539207,23.731174423688078,,9.472158859309816
799,799,men,amenity_drinking_water,walk,300,,0.38454591744592986,,0.050535679152310574,,,,,,,
806,806,men,amenity_drinking_water,walk,600,,3.1796286704011765,,0.38182513137301316,,,,,,,
813,813,men,amenity_drinking_water,walk,900,,6.514489688424541,0.17662220592186414,1.5160703745693167,,,,,,,
820,820,men,amenity_bar,walk,300,0.7698294870458396,1.8723306415707297,0.6348501233614763,10.797790112210357,3.300211847710984,12.493565006156523,4.3196538815333945,3.5002328001285674,6.35288099711021,1.3339843487223189,1.4709957487118177
827,827,men,amenity_bar,walk,600,4.567654956471983,9.33551170830949,4.627516987754021,29.74305471886545,17.404027203812127,54.957004308571186,20.965152073927868,15.757148182590667,40.34713842304911,11.387856021314755,6.633969251767128
834,834,men,amenity_bar,walk,900,11.048886066457909,24.52242772262604,8.305103400496117,42.894824519561034,30.227289561733883,85.28419543847377,38.89842055074667,33.976732547366325,73.65654189280647,26.734103722810232,13.45659034732288
841,841,men,shop_bakery,walk,300,1.3600320937809833,10.90735212858493,4.893932807923069,6.339420195884293,8.787344075919508,10.291031916228604,5.401939655861969,13.214952531342231,9.132247315972238,5.591750806432491,1.5122572236466152
848,848,men,shop_bakery,walk,600,6.937583859782513,37.21579777463671,23.369743560088025,27.66891587097609,44.51068786768901,58.043249697264606,22.68169195737081,53.38138518515312,43.846922055952795,26.422232285286935,10.299557389607953
855,855,men,shop_bakery,walk,900,17.27504843787089,58.872465121467286,41.512260432798485,47.61927898521602,83.69066520332973,93.42758076792404,40.749477480039886,74.82062885553327,72.28783823803707,51.95240403437889,23.39038229470253
862,862,men,shop_greengrocer,walk,300,,0.473598656222882,,2.7120814478406667,0.1184629743013255,2.5341782363758028,1.7885695208146493,,0.6766260530090665,,0.5254949774709217
869,869,men,shop_greengrocer,walk,600,,2.9225489725890665,,15.593064556218492,2.181494254896874,10.538590125337912,9.974916655556004,,5.6180466219540675,,2.981675935404972
876,876,men,shop_greengrocer,walk,900,,8.063320711076761,,31.65218037573052,6.879685713289886,25.88886406233288,20.410225885798337,1.292020025285058,18.039608737786526,,8.73372675292869
883,883,men,amenity_marketplace,walk,300,,,,1.3139276579600747,,,0.15339179558090293,1.5095956666097687,0.6766260530090665,1.0622900936341928,
890,890,men,amenity_marketplace,walk,600,,,,9.601779038939009,1.1661531447209814,0.03928009601044599,2.7237654378142793,7.059639005652113,5.966611558352677,7.910814761219958,0.046557352152957254
897,897,men,amenity_marketplace,walk,900,,,,19.736990246707958,5.268034004754404,0.6900884400293896,7.451257607218458,14.126554051699097,15.122944492722427,18.912823353853103,0.47721285956781184
904,904,men,amenity_food_court,walk,300,,0.48979006327323693,,,,,,,,,
911,911,men,amenity_food_court,walk,600,,2.493476685754661,,,,,,,,,
918,918,men,amenity_food_court,walk,900,,4.400014865933956,,,,,,,,,
925,925,men,shop_coffee,walk,300,,,,1.2240864505781892,,0.9467494230488556,,,0.9841833498313696,,0.27061460938906406
932,932,men,shop_coffee,walk,600,,,,7.922871475990021,,7.183670881851851,,,8.87815396827048,,1.2483190046011663
939,939,men,shop_coffee,walk,900,,,,19.731375171246594,,16.101367045165073,0.04010908475961716,,18.617468367643404,,3.0241963434975236
946,946,men,shop_pastry,walk,300,,0.5747949502876004,0.7336957783224755,0.6569638289800374,0.5537162105580389,,0.07669589779045147,,,0.8403044460242305,1.0167388793361534
953,953,men,shop_pastry,walk,600,,3.5256788852147882,1.9968627368776655,3.17251763567283,4.374573988861422,0.06284815361671359,1.0560435157300625,,0.4920916749156848,5.197100323780296,5.117088750961961
960,960,men,shop_pastry,walk,900,,7.1485062127317045,3.921868670723747,7.30521317523956,11.141687931523562,0.44621826551259575,3.893769810303681,0.2314781407039669,3.1390015741100106,10.412468135517639,12.657917337501942
967,967,men,amenity_vending_machine,walk,300,0.11730735040698509,,,,,,,,,,
974,974,men,amenity_vending_machine,walk,600,1.0704295724637392,,,,,,,,,,
981,981,men,amenity_vending_machine,walk,900,2.2581664953344633,,,,,,,,,,
988,988,men,mixed_offers,walk,300,2.023551794520493,8.321082611448892,4.12480888390188,25.363295858998537,16.845077470640916,35.229387791409906,9.9465454886068,10.3919025504311,26.096541987689577,5.483850463928873,7.102775293690591
995,995,men,mixed_offers,walk,600,7.15664175831085,33.598020453367376,16.07138833907012,51.141194369665754,61.04321354176091,87.57969631615961,28.82844450355579,43.3332406587614,78.1376842521218,29.58709686100333,27.33423973356823
1002,1002,men,mixed_offers,walk,900,15.988579114621453,56.90287693178008,27.50527396162888,64.29296417036136,85.65205840788897,99.81908917218394,38.36267220155256,68.81846762821546,96.018131496701,53.923136311896755,46.25693425955181
1009,1009,men,unhealthy_offers,walk,300,3.3805581111832286,14.125651099775766,8.521783744515647,23.18464657998781,15.667565287891597,33.75137955943608,11.640264654790162,19.766101663820073,25.217957081225954,11.967654652158068,5.712318663973026
1016,1016,men,unhealthy_offers,walk,600,15.1384952252256,46.34784090723289,31.630546285634026,50.7178782954674,64.12921136671063,93.15143910010451,36.62612472627932,59.32404101991644,79.67943260140109,51.83519454536193,24.103058833248493
1023,1023,men,unhealthy_offers,walk,900,31.58101087260496,67.60847977947691,51.35221298817828,66.36726396917378,91.97056746890348,99.34571446065952,57.341957062466584,77.78833290965215,97.59271488776751,80.92636103611203,45.76932050782511
1030,1030,men,shop_kiosk,walk,300,0.41057572642444784,0.8290597870139862,,,0.49984166264639207,0.6729206674016118,0.6613103254808368,,1.7018170424167434,,
1037,1037,men,shop_kiosk,walk,600,3.5595449139119544,4.716843503861372,,0.0630289002471527,3.39291035287978,4.733562108351012,3.757348797765779,,14.498117736747066,,
1044,1044,men,shop_kiosk,walk,900,8.398473118200089,10.266553202493272,,0.3057402152580763,12.096947668579672,12.346030189955668,8.002810478699704,,30.524643434971786,0.46870506665708256,
1051,1051,men,shop_alcohol,walk,300,,0.6370595635136627,0.16359616337792154,2.8524583343748624,0.08973302109451708,0.03209727725586583,1.1037077043675103,0.2234360950037769,1.0046871696195232,1.0453949963408622,0.19805394737691184
1058,1058,men,shop_alcohol,walk,600,0.007331709400436568,3.3695849504100597,1.4713635728249925,12.639534863539009,0.5038854261461345,1.748841733250021,3.4177841461941716,1.1907596341740836,6.743829394550869,2.8649794725901834,2.2581485772975047
1065,1065,men,shop_alcohol,walk,900,0.47656111102837695,6.477611069780343,2.0159625010643554,22.778185144124702,2.5950870317249803,5.121366205455645,9.463961505581556,6.173584192280704,23.23054915858598,4.88615312234922,6.442073564483451
1072,1072,men,shop_convenience,walk,300,0.6085318802362352,0.13357910816542828,,3.6104935216595218,1.7204833100651573,0.12457229250642836,2.475256697822441,1.8576175716380778,0.7791451519498341,0.8891211310454792,0.41151945017669905
1079,1079,men,shop_convenience,walk,600,2.5111104696495246,2.040117288344722,,13.869236389578566,13.915215961418447,2.538183568636686,10.007079370861192,7.309462561981178,5.720565720894836,6.066914996567804,3.302366710757021
1086,1086,men,shop_convenience,walk,900,5.7114016229400875,5.5900832841350425,,22.926353108764893,38.00146558320097,9.795986113789503,18.957683098162452,14.721502687570778,19.712425745209984,15.084634073900723,11.002816998837792
1093,1093,men,shop_confectionery,walk,300,,0.15381836697837192,,0.4660512632935308,0.4812148191179619,0.896920506046284,,,,0.01826748795704849,0.13676222194931192
1100,1100,men,shop_confectionery,walk,600,,1.0848242723737809,,2.5155538066927923,4.436113043026965,3.7620832336941366,,0.04074258033434453,,0.5309589603154727,0.8234831662054314
1107,1107,men,shop_confectionery,walk,900,,2.4610938716539508,,4.761583991239929,12.457976193098197,5.92964112330599,,0.42543065434570815,,2.4002207689418076,1.940859617876406
1114,1114,men,shop_health_food,walk,300,,,,,,,0.3655145914497451,,0.7996489717379875,,
1121,1121,men,shop_health_food,walk,600,,,,,,,1.9686280164076337,,4.996325753874693,,
1128,1128,men,shop_health_food,walk,900,,,,,,,3.6474926865774653,,11.24792414281389,,
1135,1135,men,shop_spices,walk,300,,,,,,,0.2890845378255478,,,,
1142,1142,men,shop_spices,walk,600,,,,,,,2.454268729294447,,0.042383461042047,,
1149,1149,men,shop_spices,walk,900,,,,,,0.0835936691980329,5.788136108550246,,2.0194172530891437,,
1156,1156,men,shop_supermarket,walk,300,0.4875586751290318,3.603259164870306,2.253251234790832,9.349100643177453,7.493122314119846,11.29056550200007,3.6076379543001664,6.399814388844701,10.46651525016951,1.5828202401364444,4.376481951428069
1163,1163,men,shop_supermarket,walk,600,2.657744657658256,15.792871578348795,11.11631660477668,42.16921671487248,38.692479932923355,48.28664796924529,18.868532519788303,32.224406883223104,48.90981703013631,12.6304988368209,18.894231309017442
1170,1170,men,shop_supermarket,walk,900,6.019333417758423,33.49660369947807,19.649298372047355,61.670373792202994,75.6392333026447,84.03640869473385,32.39698440506184,57.579817745238856,88.228137252047,29.9700371510071,36.62286200766937
1177,1177,men,amenity_cafe,walk,300,1.3606721713629548,5.221518934983731,4.358532871880266,16.755385176721635,6.857785796256473,25.08911345884949,4.395794501235228,9.412004627199549,15.9738327489467,7.0627213160457085,3.4170671357688325
1184,1184,men,amenity_cafe,walk,600,7.222128160484805,27.141046340610192,18.489616247456294,41.73467048975138,43.256232765216104,83.34812108405968,22.848493293099384,42.86335796522585,52.02762254687643,36.02966768970394,16.993326517348724
1191,1191,men,amenity_cafe,walk,900,18.06712935715803,47.51554072737053,38.17775812793812,58.35981622356366,77.22196696338057,98.94712744536356,44.72843171816004,68.51069305914285,77.3346081215044,66.80403703429512,33.24507251595998
1198,1198,men,shop_seafood,walk,300,0.2749391025163714,,,,1.2601817205803647,,,0.12720796303553772,,,
1205,1205,men,shop_seafood,walk,600,1.2782518597398398,,,,7.1410297499554,,,2.690994161459167,,,
1212,1212,men,shop_seafood,walk,900,2.7891012355481517,,,0.03930552822957488,17.432513801361708,,,8.370897277715871,,,
1219,1219,men,amenity_fast_food,multimodal,300,0.33725863242008214,1.3641260439924037,0.7516764395585183,8.854974002577084,1.7823269439960094,6.2673140614873235,0.8794851101973447,1.2214506526873135,4.613359452334544,,0.8188962815150753
1226,1226,men,amenity_fast_food,multimodal,600,2.929017905474409,6.383462229602436,4.924658383557104,33.707297994591144,10.524011083786048,39.738046921102104,5.476516381824937,7.525615248586546,31.38369752733147,0.9235255840286508,4.371608773321578
1233,1233,men,amenity_fast_food,multimodal,900,7.830265639666259,15.552994615323126,10.590865845032079,50.816432925378955,28.966896999783636,76.59683856836782,12.391555527306002,17.540566146698858,66.16570454277428,5.025946197768508,10.204531639363083
1240,1240,men,amenity_ice_cream,multimodal,300,,,,1.97650656240148,0.050766127788592505,1.9682422216015676,,,0.9431757102550625,,0.37236904763552653
1247,1247,men,amenity_ice_cream,multimodal,600,,0.25501466104309034,,9.321025265870615,1.7611584170206374,10.724538360502253,1.2311292939023606,,7.2089503059396165,,2.703978141750411
1254,1254,men,amenity_ice_cream,multimodal,900,,1.2525181930465172,,16.95191281786951,5.444838589935664,21.698273918743975,4.045571822865118,,13.78902197507919,,5.656244369276616
1261,1261,men,shop_deli,multimodal,300,,,,,,,,,1.4557712049589007,,
1268,1268,men,shop_deli,multimodal,600,,,,,,,,,6.868779629031434,,
1275,1275,men,shop_deli,multimodal,900,,,,,0.5050736410937078,,,,17.219593625988765,,
1282,1282,men,shop_beverages,multimodal,300,,0.4614551009351158,0.08971308877918742,0.5165869424458412,,0.09875610011602592,1.256257689891149,0.9122609340124248,2.747511851612573,,0.26274748873546083
1289,1289,men,shop_beverages,multimodal,600,,2.4853809822294832,0.8549078415540465,5.003032236078746,0.026092300902641117,0.6396603160313769,5.198710710738115,4.184501260281474,14.391754175532137,,1.0585343897111155
1296,1296,men,shop_beverages,multimodal,900,,7.148506212731706,1.9614311846594932,13.532331861896497,0.5580209231691108,3.2383604335672147,11.323537601693218,9.727508893083662,32.66976406850336,,2.216696240085283
1303,1303,men,shop_butcher,multimodal,300,0.26394153841571644,0.9391016089205864,0.5975460462626346,2.335871391929022,0.02692340325030125,2.3170446406195673,0.8028237976511237,0.20968342293328626,,,0.9922535677599015
1310,1310,men,shop_butcher,multimodal,600,1.2903808544768363,4.575804490131867,3.407525238497682,12.588999184386699,0.11307829365126525,14.882240808807637,5.30848344717292,1.2695378152142607,,0.047529584908856316,4.630578383121821
1317,1317,men,shop_butcher,multimodal,900,3.8161547429272336,10.769017686892635,8.112254868565513,27.205040610327192,0.6138535941068686,36.529542452556235,13.555347382363786,1.646967976494176,,0.22814200756251032,10.351053963791253
1324,1324,men,amenity_restaurant,multimodal,300,1.7852712390063041,6.412593997434316,2.6372105430827566,21.741572186416285,13.127271997799328,31.911836801137873,8.232109180474733,5.248272756822474,19.095172281718014,4.06306221275237,3.3660285737034354
1331,1331,men,amenity_restaurant,multimodal,600,6.320826886661083,28.006993379646556,11.983453170106856,44.18411587303102,57.014876971731645,82.95820776840552,24.46057780511206,24.35356492413956,71.01760937836349,23.359379901505292,17.15110295263362
1338,1338,men,amenity_restaurant,multimodal,900,13.649763815882194,48.163564976351,21.786036720156655,55.75804946908224,84.67029213675654,98.58256866721678,35.16103232365932,51.023380946725496,93.4961616627581,44.7031102182151,31.860282164914267
1345,1345,men,shop_wine,multimodal,300,,,,,,0.29897350201542805,,,,,
1352,1352,men,shop_wine,multimodal,600,,,,0.23583316937744928,,3.026211121290681,,,,,
1359,1359,men,shop_wine,multimodal,900,,,,1.128630167734936,,7.155279228029012,,,,,
1366,1366,men,healthy_offers,multimodal,300,0.5388806409320878,1.542231521546308,0.5975460462626346,6.109202101968211,1.37864469488169,4.801393959992799,2.944641827950587,1.8464870525785924,2.1529010777561206,1.0622900936341928,1.5148387107212635
1373,1373,men,healthy_offers,multimodal,600,2.568632714216676,9.164085573913926,3.407525238497682,28.88956324873754,10.488677149573258,23.72664775605812,19.138060289374376,11.020170982325542,12.254677958881045,7.948838429147044,6.745123634677965
1380,1380,men,healthy_offers,multimodal,900,6.605255978475387,20.157482126755173,8.288877074487377,47.16663387548986,28.67057834280624,53.49014631264063,38.1470546068392,20.427284888640322,32.76430773365164,18.912823353853103,15.205971315476695
1387,1387,men,amenity_pub,multimodal,300,0.2566098290152799,0.6584363702047032,,1.370078412573753,,1.731554865839354,0.8554542445858049,,0.7381375123735272,,0.53256333600859
1394,1394,men,amenity_pub,multimodal,600,0.6561879913390728,4.173816729774101,,7.170451364166731,,11.91791518700724,4.779302729954684,,9.780322038949233,,3.8537911336887913
1401,1401,men,amenity_pub,multimodal,900,1.3417028202798922,12.362641648185548,,16.80374485322932,0.39948464275000517,31.485379984044858,11.228462176071233,0.06222423642539207,23.731174423688078,,9.472158859309816
1408,1408,men,amenity_drinking_water,multimodal,300,,0.38454591744592986,,0.050535679152310574,,,,,,,
1415,1415,men,amenity_drinking_water,multimodal,600,,3.1796286704011765,,0.38182513137301316,,,,,,,
1422,1422,men,amenity_drinking_water,multimodal,900,,6.514489688424541,0.17662220592186414,1.5160703745693167,,,,,,,
1429,1429,men,amenity_bar,multimodal,300,0.7698294870458396,1.8723306415707297,0.6348501233614763,10.797790112210357,3.300211847710984,12.493565006156523,4.3196538815333945,3.5002328001285674,6.35288099711021,1.3339843487223189,1.4709957487118177
1436,1436,men,amenity_bar,multimodal,600,4.567654956471983,9.33551170830949,4.627516987754021,29.74305471886545,17.404027203812127,54.957004308571186,20.965152073927868,15.757148182590667,40.34713842304911,11.387856021314755,6.633969251767128
1443,1443,men,amenity_bar,multimodal,900,11.048886066457909,24.52242772262604,8.305103400496117,42.894824519561034,30.227289561733883,85.28419543847377,38.89842055074667,33.976732547366325,73.65654189280647,26.734103722810232,13.45659034732288
1450,1450,men,shop_bakery,multimodal,300,1.3600320937809833,10.90735212858493,4.893932807923069,6.339420195884293,8.787344075919508,10.291031916228604,5.401939655861969,13.214952531342231,9.132247315972238,5.591750806432491,1.5122572236466152
1457,1457,men,shop_bakery,multimodal,600,6.937583859782513,37.21579777463671,23.369743560088025,27.66891587097609,44.51068786768901,58.043249697264606,22.68169195737081,53.38138518515312,43.846922055952795,26.422232285286935,10.299557389607953
1464,1464,men,shop_bakery,multimodal,900,17.27504843787089,58.872465121467286,41.512260432798485,47.61927898521602,83.69066520332973,93.42758076792404,40.749477480039886,74.82062885553327,72.28783823803707,51.95240403437889,23.39038229470253
1471,1471,men,shop_greengrocer,multimodal,300,,0.473598656222882,,2.7120814478406667,0.1184629743013255,2.5341782363758028,1.7885695208146493,,0.6766260530090665,,0.5254949774709217
1478,1478,men,shop_greengrocer,multimodal,600,,2.9225489725890665,,15.593064556218492,2.181494254896874,10.538590125337912,9.974916655556004,,5.6180466219540675,,2.981675935404972
1485,1485,men,shop_greengrocer,multimodal,900,,8.063320711076761,,31.65218037573052,6.879685713289886,25.88886406233288,20.410225885798337,1.292020025285058,18.039608737786526,,8.73372675292869
1492,1492,men,amenity_marketplace,multimodal,300,,,,1.3139276579600747,,,0.15339179558090293,1.5095956666097687,0.6766260530090665,1.0622900936341928,
1499,1499,men,amenity_marketplace,multimodal,600,,,,9.601779038939009,1.1661531447209814,0.03928009601044599,2.7237654378142793,7.059639005652113,5.966611558352677,7.910814761219958,0.046557352152957254
1506,1506,men,amenity_marketplace,multimodal,900,,,,19.736990246707958,5.268034004754404,0.6900884400293896,7.451257607218458,14.126554051699097,15.122944492722427,18.912823353853103,0.47721285956781184
1513,1513,men,amenity_food_court,multimodal,300,,0.48979006327323693,,,,,,,,,
1520,1520,men,amenity_food_court,multimodal,600,,2.493476685754661,,,,,,,,,
1527,1527,men,amenity_food_court,multimodal,900,,4.400014865933956,,,,,,,,,
1534,1534,men,shop_coffee,multimodal,300,,,,1.2240864505781892,,0.9467494230488556,,,0.9841833498313696,,0.27061460938906406
1541,1541,men,shop_coffee,multimodal,600,,,,7.922871475990021,,7.183670881851851,,,8.87815396827048,,1.2483190046011663
1548,1548,men,shop_coffee,multimodal,900,,,,19.731375171246594,,16.101367045165073,0.04010908475961716,,18.617468367643404,,3.0241963434975236
1555,1555,men,shop_pastry,multimodal,300,,0.5747949502876004,0.7336957783224755,0.6569638289800374,0.5537162105580389,,0.07669589779045147,,,0.8403044460242305,1.0167388793361534
1562,1562,men,shop_pastry,multimodal,600,,3.5256788852147882,1.9968627368776655,3.17251763567283,4.374573988861422,0.06284815361671359,1.0560435157300625,,0.4920916749156848,5.197100323780296,5.117088750961961
1569,1569,men,shop_pastry,multimodal,900,,7.1485062127317045,3.921868670723747,7.30521317523956,11.141687931523562,0.44621826551259575,3.893769810303681,0.2314781407039669,3.1390015741100106,10.412468135517639,12.657917337501942
1576,1576,men,amenity_vending_machine,multimodal,300,0.11730735040698509,,,,,,,,,,
1583,1583,men,amenity_vending_machine,multimodal,600,1.0704295724637392,,,,,,,,,,
1590,1590,men,amenity_vending_machine,multimodal,900,2.2581664953344633,,,,,,,,,,
1597,1597,men,mixed_offers,multimodal,300,2.023551794520493,8.321082611448892,4.12480888390188,25.363295858998537,16.845077470640916,35.229387791409906,9.9465454886068,10.3919025504311,26.096541987689577,5.483850463928873,7.102775293690591
1604,1604,men,mixed_offers,multimodal,600,7.15664175831085,33.598020453367376,16.07138833907012,51.141194369665754,61.04321354176091,87.57969631615961,28.82844450355579,43.3332406587614,78.1376842521218,29.58709686100333,27.33423973356823
1611,1611,men,mixed_offers,multimodal,900,15.988579114621453,56.90287693178008,27.50527396162888,64.29296417036136,85.65205840788897,99.81908917218394,38.36267220155256,68.81846762821546,96.018131496701,53.923136311896755,46.25693425955181
1618,1618,men,unhealthy_offers,multimodal,300,3.3805581111832286,14.125651099775766,8.521783744515647,23.18464657998781,15.667565287891597,33.75137955943608,11.640264654790162,19.766101663820073,25.217957081225954,11.967654652158068,5.712318663973026
1625,1625,men,unhealthy_offers,multimodal,600,15.1384952252256,46.34784090723289,31.630546285634026,50.7178782954674,64.12921136671063,93.15143910010451,36.62612472627932,59.32404101991644,79.67943260140109,51.83519454536193,24.103058833248493
1632,1632,men,unhealthy_offers,multimodal,900,31.58101087260496,67.60847977947691,51.35221298817828,66.36726396917378,91.97056746890348,99.34571446065952,57.341957062466584,77.78833290965215,97.59271488776751,80.92636103611203,45.76932050782511
1639,1639,men,shop_kiosk,multimodal,300,0.41057572642444784,0.8290597870139862,,,0.49984166264639207,0.6729206674016118,0.6613103254808368,,1.7018170424167434,,
1646,1646,men,shop_kiosk,multimodal,600,3.5595449139119544,4.716843503861372,,0.0630289002471527,3.39291035287978,4.733562108351012,3.757348797765779,,14.498117736747066,,
1653,1653,men,shop_kiosk,multimodal,900,8.398473118200089,10.266553202493272,,0.3057402152580763,12.096947668579672,12.346030189955668,8.002810478699704,,30.524643434971786,0.46870506665708256,
1660,1660,men,shop_alcohol,multimodal,300,,0.6370595635136627,0.16359616337792154,2.8524583343748624,0.08973302109451708,0.03209727725586583,1.1037077043675103,0.2234360950037769,1.0046871696195232,1.0453949963408622,0.19805394737691184
1667,1667,men,shop_alcohol,multimodal,600,0.007331709400436568,3.3695849504100597,1.4713635728249925,12.639534863539009,0.5038854261461345,1.748841733250021,3.4177841461941716,1.1907596341740836,6.743829394550869,2.8649794725901834,2.2581485772975047
1674,1674,men,shop_alcohol,multimodal,900,0.47656111102837695,6.477611069780343,2.0159625010643554,22.778185144124702,2.5950870317249803,5.121366205455645,9.463961505581556,6.173584192280704,23.23054915858598,4.88615312234922,6.442073564483451
1681,1681,men,shop_convenience,multimodal,300,0.6085318802362352,0.13357910816542828,,3.6104935216595218,1.7204833100651573,0.12457229250642836,2.475256697822441,1.8576175716380778,0.7791451519498341,0.8891211310454792,0.41151945017669905
1688,1688,men,shop_convenience,multimodal,600,2.5111104696495246,2.040117288344722,,13.869236389578566,13.915215961418447,2.538183568636686,10.007079370861192,7.309462561981178,5.720565720894836,6.066914996567804,3.302366710757021
1695,1695,men,shop_convenience,multimodal,900,5.7114016229400875,5.5900832841350425,,22.926353108764893,38.00146558320097,9.795986113789503,18.957683098162452,14.721502687570778,19.712425745209984,15.084634073900723,11.002816998837792
1702,1702,men,shop_confectionery,multimodal,300,,0.15381836697837192,,0.4660512632935308,0.4812148191179619,0.896920506046284,,,,0.01826748795704849,0.13676222194931192
1709,1709,men,shop_confectionery,multimodal,600,,1.0848242723737809,,2.5155538066927923,4.436113043026965,3.7620832336941366,,0.04074258033434453,,0.5309589603154727,0.8234831662054314
1716,1716,men,shop_confectionery,multimodal,900,,2.4610938716539508,,4.761583991239929,12.457976193098197,5.92964112330599,,0.42543065434570815,,2.4002207689418076,1.940859617876406
1723,1723,men,shop_health_food,multimodal,300,,,,,,,0.3655145914497451,,0.7996489717379875,,
1730,1730,men,shop_health_food,multimodal,600,,,,,,,1.9686280164076337,,4.996325753874693,,
1737,1737,men,shop_health_food,multimodal,900,,,,,,,3.6474926865774653,,11.24792414281389,,
1744,1744,men,shop_spices,multimodal,300,,,,,,,0.2890845378255478,,,,
1751,1751,men,shop_spices,multimodal,600,,,,,,,2.454268729294447,,0.042383461042047,,
1758,1758,men,shop_spices,multimodal,900,,,,,,0.0835936691980329,5.788136108550246,,2.0194172530891437,,
1765,1765,men,shop_supermarket,multimodal,300,0.4875586751290318,3.603259164870306,2.253251234790832,9.349100643177453,7.493122314119846,11.29056550200007,3.6076379543001664,6.399814388844701,10.46651525016951,1.5828202401364444,4.376481951428069
1772,1772,men,shop_supermarket,multimodal,600,2.657744657658256,15.792871578348795,11.11631660477668,42.16921671487248,38.692479932923355,48.28664796924529,18.868532519788303,32.224406883223104,48.90981703013631,12.6304988368209,18.894231309017442
1779,1779,men,shop_supermarket,multimodal,900,6.019333417758423,33.49660369947807,19.649298372047355,61.670373792202994,75.6392333026447,84.03640869473385,32.39698440506184,57.579817745238856,88.228137252047,29.9700371510071,36.62286200766937
1786,1786,men,amenity_cafe,multimodal,300,1.3606721713629548,5.221518934983731,4.358532871880266,16.755385176721635,6.857785796256473,25.08911345884949,4.395794501235228,9.412004627199549,15.9738327489467,7.0627213160457085,3.4170671357688325
1793,1793,men,amenity_cafe,multimodal,600,7.222128160484805,27.141046340610192,18.489616247456294,41.73467048975138,43.256232765216104,83.34812108405968,22.848493293099384,42.86335796522585,52.02762254687643,36.02966768970394,16.993326517348724
1800,1800,men,amenity_cafe,multimodal,900,18.06712935715803,47.51554072737053,38.17775812793812,58.35981622356366,77.22196696338057,98.94712744536356,44.72843171816004,68.51069305914285,77.3346081215044,66.80403703429512,33.24507251595998
1807,1807,men,shop_seafood,multimodal,300,0.2749391025163714,,,,1.2601817205803647,,,0.12720796303553772,,,
1814,1814,men,shop_seafood,multimodal,600,1.2782518597398398,,,,7.1410297499554,,,2.690994161459167,,,
1821,1821,men,shop_seafood,multimodal,900,2.7891012355481517,,,0.03930552822957488,17.432513801361708,,,8.370897277715871,,,
2,2,women,amenity_fast_food,drive,300,8.182398804732035,14.584300946125204,4.856508813300507,50.04747300625223,27.862347844954517,72.84656906632576,10.044561084922108,19.499277168549895,58.352273656238765,5.99026318487311,9.301553648653822
9,9,women,amenity_fast_food,drive,600,31.76998494830351,52.3614850070238,29.677445679919582,63.4757042556369,91.60141886224345,100.0,36.95314619978187,55.338119564748624,98.35919740382705,44.355411294657436,30.649127063258486
16,16,women,amenity_fast_food,drive,900,53.59704699282615,79.29363206360625,55.6776334169486,67.87222279380093,100.0,100.0,63.45621925795869,76.26931170145052,100.0,78.97614429659197,48.30177747981656
23,23,women,amenity_ice_cream,drive,300,,1.7442882271267266,,17.438828827787365,5.354650501530783,22.88653154463745,4.39966793299064,,14.429085929934255,,6.670671233183387
30,30,women,amenity_ice_cream,drive,600,,8.40756352436184,,31.951528889301873,32.87500880984008,92.08668087679696,21.798595413521763,,41.46011814788707,1.177718149667097,21.14699880267004
37,37,women,amenity_ice_cream,drive,900,,20.0365487265763,0.7450195771300163,46.83330080059918,77.70901008111049,100.0,34.82235798729246,,71.00363196450286,11.388059406804388,38.64063587187335
44,44,women,shop_deli,drive,300,,,,,0.9968495563669001,,,,18.87964902560818,,
51,51,women,shop_deli,drive,600,,,,,15.840579748619236,4.746188107461796,,9.02734464871061,61.801924998450055,1.8059579941857498,
58,58,women,shop_deli,drive,900,,,,,42.16022437323965,30.19326521112818,4.671177163220483,37.39766888147789,99.85916255788626,20.782730705739997,
65,65,women,shop_beverages,drive,300,,6.390247992077139,2.0419297300679777,15.753917829933512,0.29246392477262784,2.5174867828841383,10.703099951476764,10.969761719009396,30.974228040576325,,2.599941146228745
72,72,women,shop_beverages,drive,600,,22.5102235029147,8.304863647162215,44.85794713286238,21.338456326349664,19.752191480768797,33.92713764945539,56.87738956564272,83.40815977700198,3.5189709891952803,13.255768161513389
79,79,women,shop_beverages,drive,900,,37.888150662035024,28.624707900107527,63.03252042971258,72.04476061808887,55.653536371558424,56.098191399115485,88.98765834767083,100.0,36.02348881619265,25.30498161354011
86,86,women,shop_butcher,drive,300,4.006882568804711,9.641937774722381,7.856186400362196,28.216642844059177,0.12637021626284015,29.55155102582847,13.058122662573313,1.5568982116366366,,0.3409366390839497,11.434746874508232
93,93,women,shop_butcher,drive,600,11.536742400757936,37.140959848848745,34.02362234622671,60.47145571297473,7.479527750277784,85.93474126375644,44.77983236286019,8.294050168684066,8.640031308670759,4.890397632480845,35.30892500671751
100,100,women,shop_butcher,drive,900,23.857997948564556,56.38740851687073,60.82749121979562,68.90001850249179,46.782833854372754,100.0,63.58589747820914,16.16234545988663,38.77557367968102,8.250087413320916,56.230315874345884
107,107,women,amenity_restaurant,drive,300,13.355181021573975,44.27354235746736,21.250067995669,54.26764556256224,80.1659360683317,97.03728981874039,33.76779089519466,57.806995612262824,93.2029392232153,46.714998145100154,32.834831548570584
114,114,women,amenity_restaurant,drive,600,39.3639598382683,79.87507074106755,66.29659869808131,67.32126895138474,100.0,100.0,59.38745425415214,93.6892591505537,100.0,86.18516580285139,65.76649881972911
121,121,women,amenity_restaurant,drive,900,69.09798664475599,94.975350869396,86.81569539396435,80.49742092108349,100.0,100.0,83.563831504637,97.32113593761426,100.0,98.50569769678464,79.17993780163775
128,128,women,shop_wine,drive,300,,,,0.6795807691343867,,7.332485736703756,,,,,
135,135,women,shop_wine,drive,600,,,,12.344781244275886,,36.65787561840278,0.011859072157010611,,,,
142,142,women,shop_wine,drive,900,,1.8982119509191306,,24.554260205212938,0.06756504655878556,75.65594017635135,3.1610606893966384,,0.05285890245536383,,
149,149,women,healthy_offers,drive,300,5.406884500250445,19.59858595775441,8.210359566874823,48.070510768770376,27.648503371230188,48.72090311937513,37.5921982739975,23.102515133895245,34.14210795469471,17.765810725293846,15.505885105633933
156,156,women,healthy_offers,drive,600,19.955649955313273,49.261130767827595,35.14986786932815,67.58585553143391,86.56690933865195,93.85812882465181,64.56641928802492,59.29533976702862,99.56928931850459,63.24735306528788,39.14869629803316
163,163,women,healthy_offers,drive,900,37.07283561037576,79.86209841107517,69.69933606535736,80.2713346548757,99.73935176246746,100.0,78.96358776303275,91.89199680724501,100.0,91.53839084369254,60.70002021874139
170,170,women,amenity_pub,drive,300,1.1239987969009924,13.591021954954178,,16.156057957342643,0.8328117563062944,31.85381741700004,10.550062631057028,0.5322525194480037,23.833315506357756,,10.120796799819903
177,177,women,amenity_pub,drive,600,5.113091583747441,44.38161266308942,,37.73698526607606,30.202073808055463,88.22854737082534,23.637347544682974,16.323109875709495,85.94763201090784,5.086857871846346,32.4345907829103
184,184,women,amenity_pub,drive,900,9.464571542975696,75.34188873468186,0.254017557661032,61.67696507505597,68.29566333570841,100.0,34.08838826543336,47.841376407380196,100.0,35.997576873011646,55.831877814421595
191,191,women,amenity_drinking_water,drive,300,,6.641985622778954,0.3541731665126272,1.7579238077608517,,,,,,,
198,198,women,amenity_drinking_water,drive,600,,25.909981312269633,2.6996242976790588,15.07433706079912,0.09340407288992533,,,,,,
205,205,women,amenity_drinking_water,drive,900,,55.68116203376029,12.616310555414078,44.066038963871065,4.0768130637838,6.871628990184781,,,,,
212,212,women,amenity_bar,drive,300,11.771363155015488,24.258161756989242,9.359631803848838,40.899545633747096,32.29582109900678,83.64873645417387,38.3908325438665,38.052419030431054,73.57285901187342,34.067574896717865,14.306949848373481
219,219,women,amenity_bar,drive,600,40.20211235110621,78.92014591178625,36.947706509623345,65.02810106534498,76.73840534948735,99.97508368691543,81.17217718454748,93.98720594265076,100.0,82.69502910719667,44.421348160124786
226,226,women,amenity_bar,drive,900,58.54796652351209,97.61734810166742,75.42108644635717,76.59690670904327,98.4780630476171,100.0,93.03005835674423,96.90594010348595,100.0,95.94835090314466,66.98991518590196
233,233,women,shop_bakery,drive,300,17.165548120259835,59.81614268544667,42.180248505880805,49.14099892532821,75.37028051850227,85.84443993493926,41.16471935855054,76.08056480908598,68.41656494976486,53.62104583839562,23.665412472164473
240,240,women,shop_bakery,drive,600,42.531338178352975,91.71960294896128,82.76820947632866,79.75437115306927,98.12054414205849,100.0,82.4122942394087,91.80784617520123,100.0,87.57232642242846,63.008663750835645
247,247,women,shop_bakery,drive,900,51.64131807005548,98.89465125177075,96.06030650919276,87.65267629196951,100.0,100.0,91.83718385635395,96.36690800144987,100.0,97.82142963729248,80.44867972474032
254,254,women,shop_greengrocer,drive,300,,7.083166449049359,,30.83948763071833,4.64079616964923,26.08598366854332,17.509179615294883,0.1333878505623595,18.012634682884006,,8.942204674706183
261,261,women,shop_greengrocer,drive,600,,32.521304277556176,,58.640519095306885,34.05774401200973,92.79996058913324,48.583677387168,14.906305142451226,79.78649380907594,3.8768096106495453,31.031376655037562
268,268,women,shop_greengrocer,drive,900,,62.91915479037249,4.120328517778154,67.00168544490978,83.55482693027069,100.0,69.72152424011773,47.00523936318704,100.0,31.830313558328786,48.00756866437767
275,275,women,amenity_marketplace,drive,300,,,,20.797418083509374,5.673504153390605,0.8292900034109528,7.766269827783308,15.61449968081491,16.368154700296984,17.765810725293846,0.5836034529082195
282,282,women,amenity_marketplace,drive,600,,,,47.424628219593075,37.80702626813374,25.926030640821455,26.552126950780924,52.39855110407168,67.46038632521132,59.91822845363464,6.436970127014792
289,289,women,amenity_marketplace,drive,900,,1.9732966184693688,0.22847700363646337,64.21034955846523,66.52677608263193,71.07366581209426,44.03338524656398,90.14717482752594,99.40764541706643,88.2464128419036,16.684621435219942
296,296,women,amenity_food_court,drive,300,,5.3488442292592415,,,,,,,,,
303,303,women,amenity_food_court,drive,600,,18.125288058694384,,,,,,,,,
310,310,women,amenity_food_court,drive,900,,45.295489488615246,0.9498027141367955,,,,,,,,
317,317,women,shop_coffee,drive,300,,,,16.933355528431207,,15.107131480558486,0.05929536078505307,,14.896406927317967,,2.7167451292684017
324,324,women,shop_coffee,drive,600,,,,49.97446019634524,0.05405203724702845,54.02731289370022,12.617989213103215,,65.75363502919386,9.152505947829798,10.714573124302786
331,331,women,shop_coffee,drive,900,,1.539138988319176,,65.74805541105708,11.748796589497774,90.8350403014772,43.508050632619714,5.804398859690604,98.11307701440111,25.38726031097279,23.638045467810088
338,338,women,shop_pastry,drive,300,,7.415443136018493,4.694137250240373,7.228268180793022,13.140583462692302,0.4057270326801139,3.383990131674882,0.5423431207173349,3.125592252789532,11.959852287154343,15.041371348743512
345,345,women,shop_pastry,drive,600,,26.512756066272118,21.102683280525888,24.712027968523156,37.6123904213255,29.764654978779852,20.84681829165563,18.664774098478393,27.531314399262115,37.027802299390885,47.64195302372718
352,352,women,shop_pastry,drive,900,,50.62812509899794,51.102577676064776,50.126102186152075,62.70001197790892,73.56212689654336,50.59066656278131,69.81980375967048,79.95720162141973,56.973364084163656,70.18497605179994
359,359,women,amenity_vending_machine,drive,300,1.730328062649427,0.027224708915119075,,,,,,,,,
366,366,women,amenity_vending_machine,drive,600,10.73437725387108,3.6510499496819295,,0.4421522669579449,,,,,,,
373,373,women,amenity_vending_machine,drive,900,20.29011978239044,18.774927710608374,,5.282031734297395,,,,,,,
380,380,women,mixed_offers,drive,300,16.0093283041125,52.70607632798894,29.420068048437027,63.42794502089435,82.95718439737604,98.04796964892675,37.71264106059367,72.00182824701264,95.3564926306923,57.34619429800488,47.603393457928235
387,387,women,mixed_offers,drive,600,51.072227488720756,88.90337799849226,71.66640923438997,79.28821244366301,100.0,100.0,65.14514058029349,96.03040137450355,100.0,89.0441492941237,83.59253502298365
394,394,women,mixed_offers,drive,900,78.92639667857615,98.60859798258713,88.27404947527864,86.53358719689918,100.0,100.0,86.34523689911143,97.46021369349248,100.0,98.73598518135005,94.29689783490392
401,401,women,unhealthy_offers,drive,300,29.56368566091645,66.72820008569992,52.55716013343522,65.97491406465862,86.5967893716973,97.9763151278995,58.70634180483708,79.30376551995843,96.00409224997144,82.16886448670066,47.63039245337294
408,408,women,unhealthy_offers,drive,600,65.27864941127551,91.91237553253382,87.35535213512408,83.36569705846938,100.0,100.0,88.36485610274254,93.81674709344206,100.0,95.69152439006182,85.18560637558082
415,415,women,unhealthy_offers,drive,900,79.13168983855151,98.89465125177075,98.28690545945906,89.57061189653497,100.0,100.0,94.99652968659561,97.00821098688829,100.0,98.15113594645473,94.8089645012633
422,422,women,shop_kiosk,drive,300,7.691161600505292,8.882081103358686,,0.27410296341493745,6.708173836381118,12.491746547119806,8.345204539489018,,29.005190842070338,0.7967767517203872,
429,429,women,shop_kiosk,drive,600,36.081237225582065,32.23660474518828,,12.751661379719813,56.801762314861925,68.81175165329331,26.507268244158865,9.879218942399921,94.03210846696429,14.921248500999132,1.2984648369975875
436,436,women,shop_kiosk,drive,900,47.50979322555145,51.95971904171601,4.7085708517728975,46.67956826519817,92.7073376328767,100.0,54.793115831856774,39.56297735942728,100.0,50.98218608010385,8.376932839229205
443,443,women,shop_alcohol,drive,300,0.4949031535120182,6.881917263632663,2.2715547278744435,25.131017205910826,0.40663282859424354,5.230090455410714,8.35918995577969,4.327752708902866,23.298572528240275,4.663955294169049,4.64059278107503
450,450,women,shop_alcohol,drive,600,3.590276839072687,27.271720245780312,7.324796196000359,55.199453577864176,4.047292999197227,33.15330206512862,34.291605752584076,36.53109452993567,79.29316142451077,29.09604747580899,26.113166448834736
457,457,women,shop_alcohol,drive,900,7.183097131841352,54.01678015582389,21.031750878749612,72.19928900464477,38.99919736809373,69.7830829883149,52.30107108351662,92.6829972075498,100.0,74.24238211476279,58.0004105103084
464,464,women,shop_convenience,drive,300,5.667557595033927,4.149406432395049,0.02501108525087106,23.178758960476152,39.854031576024056,11.244520678325513,17.845762342309257,16.261518725866893,21.588415638310675,16.02364623753891,9.975833993329566
471,471,women,shop_convenience,drive,600,20.679619918231815,30.18281408413709,1.9251680484429958,45.89697558153892,86.73291619991373,68.87518363872525,33.169307845816306,62.76368707670251,88.84139464759173,53.103706146604864,42.49358057787565
478,478,women,shop_convenience,drive,900,44.427348427350516,49.840650723935426,21.08171264849023,66.44004844562517,99.46494014886466,100.0,58.89140743220764,87.26850275417628,100.0,81.43499549725733,61.71459902346344
485,485,women,shop_confectionery,drive,300,,2.5447531636172758,,4.936789223711784,12.690387946410997,7.928453017514031,,0.44746304575173435,,2.1771909433209244,1.9126014149764412
492,492,women,shop_confectionery,drive,600,,21.892105528785265,0.8262656976404399,21.465766112658063,45.49124337329274,37.11684456665724,,8.245725353839292,,11.818644470556084,5.879371419149635
499,499,women,shop_confectionery,drive,900,,47.93744654092211,16.405461662836657,40.1733449757114,89.34843006788495,88.95707840331856,6.570235747108049,40.57060183750889,,32.725628754576924,12.359681047234467
506,506,women,shop_health_food,drive,300,,,,,,,3.936471095632105,,11.262870487690513,,
513,513,women,shop_health_food,drive,600,,,,,,1.2018589016303145,19.69108944349282,,35.731534032723,1.0518888551417633,
520,520,women,shop_health_food,drive,900,,,,2.735172186516085,0.48162105888525253,9.625496824426314,33.81763033461793,,65.45342884616971,10.585262304386706,
527,527,women,shop_spices,drive,300,,,,,,0.22260124701827638,5.56949222302747,,0.06735703753265465,,
534,534,women,shop_spices,drive,600,,,,4.678436204040861,,6.765565322840637,17.452355492407378,,12.25431816658703,,
541,541,women,shop_spices,drive,900,,,,17.893754797207905,0.41152121712391965,17.899782499738336,26.81460306700837,,40.57671075798901,,
548,548,women,shop_supermarket,drive,300,6.825997569180578,30.533224376176715,20.382543033186998,61.297062101923125,71.63819972181112,82.99099453000575,31.81874828518607,60.700222255397826,83.40318757478971,31.93749129563664,37.43678188232125
555,555,women,shop_supermarket,drive,600,36.1408160497989,76.24849881063122,48.95077443833577,79.05063597500497,100.0,100.0,58.10009464482001,91.84460171579371,100.0,75.26974109278777,77.50325117079629
562,562,women,shop_supermarket,drive,900,60.75853394253241,91.85907399163354,76.08193351588024,86.38756157708517,100.0,100.0,80.75880483292708,96.97730481891533,100.0,92.87779971135033,88.44552178749207
569,569,women,amenity_cafe,drive,300,17.438817807908656,49.222687030308,38.06620767838847,58.2501266328126,72.99312287881536,97.64184013386777,45.868032326751226,72.06832316756409,77.07714014049903,69.90855071497188,35.52894570682273
576,576,women,amenity_cafe,drive,600,60.01801218690706,85.92650916233019,83.78308363140346,74.70918197053487,98.1567947124629,100.0,80.17417822134966,93.15226448202392,100.0,95.04276978796693,71.29137915938709
583,583,women,amenity_cafe,drive,900,76.78181634669075,97.27024655115348,97.92687739078791,84.86409384252991,100.0,100.0,93.45524134698239,96.65482748870582,100.0,96.57033119921901,80.69115246357981
590,590,women,shop_seafood,drive,300,1.400001931445735,,,0.05054732993561553,18.204027478974815,,,10.243649044214397,,,
597,597,women,shop_seafood,drive,600,8.418907554555336,4.586910449467796,0.5565503516689698,3.6603322728588017,64.4377816776506,0.34882838318407416,,42.16762668689824,3.9379262308150857,,
604,604,women,shop_seafood,drive,900,13.214837661811213,16.61312799394205,10.394114763503556,10.282330136495755,84.201339482333,20.979166082063532,,69.61435737367987,40.079005042877384,3.6574604866854785,
611,611,women,amenity_fast_food,walk,300,0.33726733424522726,1.365576140348761,0.7519765137772092,8.857015478718413,1.7918979655745186,6.267802326163545,0.8790660622595827,1.213445123968954,4.614757301736429,,0.8155232264728289
618,618,women,amenity_fast_food,walk,600,2.929093478934093,6.390247992077139,4.9670332673750455,33.715069067055566,10.618729903842459,39.73847102745877,5.473340309019712,7.498671530748137,31.389013186177294,0.9599621977076702,4.353368373140121
625,625,women,amenity_fast_food,walk,900,7.830467673345712,15.569911369895578,10.698902210356138,50.828148435257845,29.205735533619,76.59613838106308,12.391108249003546,17.48260191211595,66.16806733230247,5.095551573018393,10.17430395045941
632,632,women,amenity_ice_cream,walk,300,,,,1.9769622374818523,0.05197350991349107,1.968388733681561,,,0.9434614927994476,,0.37549111460383644
639,639,women,amenity_ice_cream,walk,600,,0.25528574730555476,,9.323174188124645,1.793994188213541,10.724937587713091,1.2199120369847436,,7.211268124805676,,2.725205824193764
646,646,women,amenity_ice_cream,walk,900,,1.253977506111296,,16.95582100840259,5.520816663060944,21.69678709940348,4.025632087736464,,13.798740494020034,,5.691625041457636
653,653,women,shop_deli,walk,300,,,,,,,,,1.4562123041034953,,
660,660,women,shop_deli,walk,600,,,,,,,,,6.870860871474238,,
667,667,women,shop_deli,walk,900,,,,,0.5068588509173066,,,,17.225733677957837,,
674,674,women,shop_beverages,walk,300,,0.46194563798148,0.08842965893045107,0.5167060393418478,,0.09884246696684981,1.2569387690378842,0.912575943435771,2.7483443485896952,,0.2613420091209191
681,681,women,shop_beverages,walk,600,,2.4880229975493746,0.8448682660932877,5.00418566362594,0.025544221654399214,0.640419071855881,5.191734832222686,4.178384405043408,14.39744992767315,,1.0537876259252021
688,688,women,shop_beverages,walk,900,,7.156105233993804,1.9479835290281349,13.535451682759273,0.5481560027766774,3.239888012263892,11.310153152664013,9.715319575030376,32.68666383907922,,2.2070908063521166
695,695,women,shop_butcher,walk,300,0.2639483485397431,0.940099894839503,0.5947663877610095,2.336409917024007,0.02747178614409568,2.3172171168656353,0.803220293083928,0.21247990481393303,,,0.9851919675331823
702,702,women,shop_butcher,walk,600,1.290414148416522,4.58079653052178,3.3916741479282893,12.591901523961118,0.11538150180520187,14.882480512434437,5.309850729453468,1.286469241873449,,0.0473523109838819,4.597955540237042
709,709,women,shop_butcher,walk,900,3.816253205970451,10.780593250799535,8.074518365489654,27.2113126153397,0.6263567240853817,36.53009317635676,13.559160086485928,1.6689330705385288,,0.2272910927226331,10.28362485273735
716,716,women,amenity_restaurant,walk,300,1.78531730192854,6.4130328951233855,2.6423479268362056,21.746584612300378,13.219144405108995,31.912413002169792,8.226281830654083,5.2388355683999865,19.10634101603041,4.087014562972407,3.3688109652179596
723,723,women,amenity_restaurant,walk,600,6.321897512319303,28.0013333045373,12.053876378471228,44.194116307472,57.24061799279849,82.95790373699005,24.45253970930023,24.289909431781442,71.04501550431789,23.435226860550422,17.164323032179787
730,730,women,amenity_restaurant,walk,900,13.65193107808901,48.17108416491335,21.920438400413396,55.77059420856922,84.80419276137306,98.58287043648282,35.159881425144064,50.93596060664246,93.49278919936077,44.762440074011664,31.86349697893789
737,737,women,shop_wine,walk,300,,,,,,0.2989957570149207,,,,,
744,744,women,shop_wine,walk,600,,,,0.2358875396995392,,3.025044846266561,,,,,
751,751,women,shop_wine,walk,900,,,,1.1288903685620804,,7.153402112547003,,,,,
758,758,women,healthy_offers,walk,300,0.5388945449353086,1.5438709479907355,0.5947663877610095,6.110610552216634,1.3750155392139145,4.801557795680389,2.942320109890472,1.8465293992769982,2.153553407477,1.0602384209862494,1.504986859770524
765,765,women,healthy_offers,walk,600,2.57127624026318,9.169708822619308,3.3916741479282893,28.896223613193555,10.497276012335583,23.726768102049935,19.131549945707718,11.033274504628142,12.260126690034527,7.934359399732569,6.706143493455248
772,772,women,healthy_offers,walk,900,6.612789979513489,20.155152756333916,8.252690644305348,47.17750793990785,28.714006131918662,53.49044788739771,38.1496864861407,20.46299944961892,32.77066856545127,18.892202580146233,15.14857569687263
779,779,women,amenity_pub,walk,300,0.25661644996919464,0.6520498221666073,,1.3703942782544658,,1.7316837593780825,0.8562712997851248,,0.7383611682778286,,0.5332847663393963
786,786,women,amenity_pub,walk,600,0.6562049220640834,4.149199019592344,,7.172104480864562,,11.91888691663042,4.782608130586192,,9.78328547968123,,3.8607984066762526
793,793,women,amenity_pub,walk,900,1.3417374384103604,12.332431380709767,,16.807556876512802,0.40329369314528846,31.48737848096618,11.235828614017192,0.06378225164728724,23.741168573759154,,9.474942314407429
800,800,women,amenity_drinking_water,walk,300,,0.3849546983178999,,0.05054732993561555,,,,,,,
807,807,women,amenity_drinking_water,walk,600,,3.1787624498382754,,0.38191315951353966,,,,,,,
814,814,women,amenity_drinking_water,walk,900,,6.497529654947972,0.17817227881569417,1.5164198980684664,,,,,,,
821,821,women,amenity_bar,walk,300,0.769849349907584,1.8727265126033759,0.6377470836657155,10.800279496243189,3.2867542623976718,12.49376495318957,4.319406555866066,3.5082027342161863,6.355673701991045,1.3270677530720114,1.4718722648805933
828,828,women,amenity_bar,walk,600,4.5677728094516645,9.338722852860831,4.621115056196859,29.749911852106166,17.30560473426025,54.95714160494778,20.95814154185655,15.778601635438541,40.364428623852966,11.397019695911615,6.639568638120165
835,835,women,amenity_bar,walk,900,11.04917114581647,24.524565841892656,8.2974848874319,42.90458972119317,30.083184935377272,85.28377882303545,38.9047890578947,33.985505597630684,73.6856609715139,26.769417872441547,13.44402153058214
842,842,women,shop_bakery,walk,300,1.3600671848367316,10.904029139552184,4.9345833853756575,6.340881721923328,8.785870975645173,10.291577661296412,5.388527198758705,13.169535401870688,9.131272343009709,5.58750453432575,1.5135699009249597
849,849,women,shop_bakery,walk,600,6.9395779367519355,37.206682298344674,23.503286848760627,27.675232812670142,44.5227541642448,58.04439778084899,22.67448989610261,53.21974217838999,43.85308972953685,26.412575671410245,10.307067860312955
856,856,women,shop_bakery,walk,900,17.280254668204954,58.881275882980624,41.68873737162284,47.63019539725259,83.75082781128273,93.42866344542924,40.755639065757464,74.6365170333775,72.27388665866013,51.96090024985577,23.41347027765132
863,863,women,shop_greengrocer,walk,300,,0.4741021021388872,,2.712706706544701,0.12087585903402104,2.534173304983906,1.789067616437063,,0.6768310709213429,,0.5226840182418381
870,870,women,shop_greengrocer,walk,600,,2.92565570721604,,15.596659470133817,2.2292214220694553,10.538596879366716,9.979752195876795,,5.619748891892362,,2.969147502558055
877,877,women,shop_greengrocer,walk,900,,8.071892200518493,,31.659477649673875,7.01660361796642,25.88817459933218,20.421325404732148,1.2945840910345796,18.045984303177523,,8.716155808128628
884,884,women,amenity_marketplace,walk,300,,,,1.314230578326004,,,0.15353830203043617,1.5051381240913198,0.6768310709213429,1.0602384209862494,
891,891,women,amenity_marketplace,walk,600,,,,9.603992687766953,1.1612630692467323,0.038943619887862914,2.7263052254381472,7.05721047261835,5.968419443579114,7.896477550945464,0.046226016071938165
898,898,women,amenity_marketplace,walk,900,,,,19.741540524854294,5.251189651533345,0.6883749285661332,7.455288633209384,14.1445073062578,15.117042720715107,18.892202580146233,0.47381666473736617
905,905,women,amenity_food_court,walk,300,,0.49031072101543055,,,,,,,,,
912,912,women,amenity_food_court,walk,600,,2.496127306987646,,,,,,,,,
919,919,women,amenity_food_court,walk,900,,4.404692179700602,,,,,,,,,
926,926,women,shop_coffee,walk,300,,,,1.2243686584404652,,0.9468198972139156,,,0.9844815577037714,,0.2686887184181405
933,933,women,shop_coffee,walk,600,,,,7.924698059905948,,7.182949839978018,,,8.880844051786104,,1.2394350559288418
940,940,women,shop_coffee,walk,900,,,,19.73592415486145,,16.099171598704253,0.03953024052336871,,18.623109466563008,,3.0042662642669025
947,947,women,shop_pastry,walk,300,,0.575405970117282,0.7302827799090876,0.6571152891630019,0.5510613746244986,,0.07676915101521808,,,0.8392878798003047,1.022241488323501
954,954,women,shop_pastry,walk,600,,3.529426760367272,1.9875737515051461,3.173249045958087,4.373231600326351,0.06230979182058066,1.0570521562864643,,0.4922407788518857,5.1908130826779715,5.145558368364648
961,961,women,shop_pastry,walk,900,,7.156105233993804,3.9036249627099173,7.3068973606928695,11.130954121616805,0.4446563008610113,3.8959459169072854,0.2324981492471439,3.1403868147390765,10.399871554047253,12.735358442016867
968,968,women,amenity_vending_machine,walk,300,0.11731037712877472,,,,,,,,,,
975,975,women,amenity_vending_machine,walk,600,1.0704571913000693,,,,,,,,,,
982,982,women,amenity_vending_machine,walk,900,2.258224759728913,,,,,,,,,,
989,989,women,mixed_offers,walk,300,2.0236040054713635,8.320538520788476,4.159293403703294,25.36914325768616,16.945288333760917,35.23017700440729,9.941207897469567,10.36516138281787,26.105434824002437,5.515751045399647,7.103645044699738
996,996,women,mixed_offers,walk,600,7.1577339493618215,33.597949440490986,16.22461360677115,51.152798728608396,61.25563628301003,87.57950076765701,28.822911899712363,43.191773719127106,78.14006284379809,29.651684791890005,27.329592080827275
1003,1003,women,mixed_offers,walk,900,15.990806722093959,56.91968620352753,27.71860536849203,64.3074765976954,85.77738647529611,99.81934722558225,38.36451751460011,68.70293809813892,96.01552319097668,53.96340703315442,46.241885284218846
1010,1010,women,unhealthy_offers,walk,300,3.3839589436963537,14.123501710325234,8.563832894094709,23.189991700461842,15.714318815472126,33.75257743314222,11.6285234041601,19.694284608302898,25.22211060567514,11.9521227485482,5.718174302136253
1017,1017,women,unhealthy_offers,walk,600,15.146959937563617,46.34806241763372,31.761486076216528,50.728708046157045,64.26879145234034,93.1526263069787,36.62792109909273,59.16084096097642,79.6995626801245,51.82687041070879,24.11669604286885
1024,1024,women,unhealthy_offers,walk,900,31.597999760855377,67.62639394859532,51.51007463535733,66.38123909556664,92.07227531578013,99.34593727697528,57.36192973121216,77.62602313161197,97.59035413321688,80.93975866348572,45.772735981976155
1031,1031,women,shop_kiosk,walk,300,0.41058631995071154,0.8303510023579581,,,0.5013744542302714,0.6730103104828095,0.6613366981025522,,1.7023326935294383,,
1038,1038,women,shop_kiosk,walk,600,3.5596367560012574,4.71882960483687,,0.06291941576257332,3.4163027289293346,4.733941326986479,3.7598999122458476,,14.502944793236775,,
1045,1045,women,shop_kiosk,walk,900,8.398689812563214,10.268467922594798,,0.3055626712962241,12.181035028579231,12.345725780655536,8.008601338883834,,30.535996530134526,0.4826474912122432,
1052,1052,women,shop_alcohol,walk,300,,0.6375727756570879,0.1605255392878261,2.853115956365855,0.08688274584418033,0.031929966486219825,1.1043915778359372,0.2219716690187111,1.0049915901559334,1.0423935887468514,0.19763964355231123
1059,1059,women,shop_alcohol,walk,600,0.007331898570548418,3.362084681298929,1.4584563749859747,12.642448853896731,0.4878800343557819,1.7465621731938534,3.419567348145914,1.188566841092414,6.747207823016758,2.85671057674749,2.2625125649462934
1066,1066,women,shop_alcohol,walk,900,0.47657340708564716,6.453244563353679,2.000521943578287,22.78337454890113,2.5044962037510157,5.1186466875149925,9.467631424746532,6.167625461299113,23.243462224804464,4.886989688816757,6.447778043311693
1073,1073,women,shop_convenience,walk,300,0.6085475813555188,0.13372110573148105,,3.611325905400089,1.729220698106172,0.12458156542288362,2.4765716869058023,1.84594996002778,0.7793812331821524,0.887254996269916,0.4110455858433701
1080,1080,women,shop_convenience,walk,600,2.5111752604128337,2.042285978444438,,13.872433882330043,14.002185300471615,2.5379140493964214,10.011736684972107,7.281660657534289,5.722299054153171,6.054736596676419,3.306464666733041
1087,1087,women,shop_convenience,walk,900,5.711548986457219,5.596025667126526,,22.93163868079092,38.18586587791088,9.795824634189659,18.96724772841874,14.67538504147603,19.72120221313542,15.058432264755822,11.012886024471385
1094,1094,women,shop_confectionery,walk,300,,0.15398187932715998,,0.4661587094062322,0.48717272188886357,0.8969872710447622,,,,0.01824538869131097,0.13578892221131836
1101,1101,women,shop_confectionery,walk,600,,1.0859774647283915,,2.5161337567950843,4.505482944662622,3.7623632757710856,,0.041361065749674,,0.5299453265675643,0.8176226592724063
1108,1108,women,shop_confectionery,walk,900,,2.4637100692345597,,4.762681753933553,12.614821532673815,5.93008251412926,,0.43144250415871027,,2.393915481692627,1.9270470449989223
1115,1115,women,shop_health_food,walk,300,,,,,,,0.3619397060657761,,0.7998912656343143,,
1122,1122,women,shop_health_food,walk,600,,,,,,,1.9526323098555949,,4.999575201969211,,
1129,1129,women,shop_health_food,walk,900,,,,,,,3.629394491571232,,11.257339974386598,,
1136,1136,women,shop_spices,walk,300,,,,,,,0.2893606461342835,,,,
1143,1143,women,shop_spices,walk,600,,,,,,,2.4566128324869787,,0.04286356933896205,,
1150,1150,women,shop_spices,walk,900,,,,,,0.0839159543101902,5.793059177504437,,2.024434788916719,,
1157,1157,women,shop_supermarket,walk,300,0.48757125494146986,3.605317889447505,2.292960016731922,9.351256038088877,7.506123823384607,11.290614654151973,3.6047447812867053,6.380600342208358,10.465289292387395,1.5948399354634584,4.376053989764414
1164,1164,women,shop_supermarket,walk,600,2.6578132318238015,15.797435573492132,11.289111333201717,42.17893864627474,38.79532526629937,48.286663904061086,18.858392789504283,32.10373344620704,48.89043045148513,12.673799246448091,18.8926575534821
1171,1171,women,shop_supermarket,walk,900,6.019488726420252,33.50106051080503,19.892847615419225,61.684591631429484,75.69272936765287,84.03664516603202,32.39400088879515,57.407956742752894,88.22917227009843,30.018061368322275,36.61905302794658
1178,1178,women,amenity_cafe,walk,300,1.364020887510264,5.2233491235724845,4.373868415735571,16.759248058652975,6.9020686297260605,25.09002312275018,4.392900750072245,9.365395756664299,15.979728375177052,7.0541639462380274,3.4216757232386543
1185,1185,women,amenity_cafe,walk,600,7.2285735416434695,27.14628602561719,18.58403350552228,41.74361522383769,43.37722333323122,83.35182450115427,22.844086818796796,42.70302673368428,52.04501599417094,35.99923652718305,17.01045598822561
1192,1192,women,amenity_cafe,walk,900,18.079009059341768,47.52738018235002,38.31950602189303,58.37225530616125,77.30250769592921,98.9483964296562,44.736357048863205,68.30787610064412,77.35648567898866,66.80407290488182,33.24208119098066
1199,1199,women,shop_seafood,walk,300,0.27494619639556567,,,,1.2541396801798932,,,0.12891137037174535,,,
1206,1206,women,shop_seafood,walk,600,1.2808620918466578,,,,7.106791521019396,,,2.6895947901363435,,,
1213,1213,women,shop_seafood,walk,900,2.796536773543037,,,0.03931458994992319,17.348932242488523,,,8.364746595767313,,,
1220,1220,women,amenity_fast_food,multimodal,300,0.33726733424522726,1.365576140348761,0.7519765137772092,8.857015478718413,1.7918979655745186,6.267802326163545,0.8790660622595827,1.213445123968954,4.614757301736429,,0.8155232264728289
1227,1227,women,amenity_fast_food,multimodal,600,2.929093478934093,6.390247992077139,4.9670332673750455,33.715069067055566,10.618729903842459,39.73847102745877,5.473340309019712,7.498671530748137,31.389013186177294,0.9599621977076702,4.353368373140121
1234,1234,women,amenity_fast_food,multimodal,900,7.830467673345712,15.569911369895578,10.698902210356138,50.828148435257845,29.205735533619,76.59613838106308,12.391108249003546,17.48260191211595,66.16806733230247,5.095551573018393,10.17430395045941
1241,1241,women,amenity_ice_cream,multimodal,300,,,,1.9769622374818523,0.05197350991349107,1.968388733681561,,,0.9434614927994476,,0.37549111460383644
1248,1248,women,amenity_ice_cream,multimodal,600,,0.25528574730555476,,9.323174188124645,1.793994188213541,10.724937587713091,1.2199120369847436,,7.211268124805676,,2.725205824193764
1255,1255,women,amenity_ice_cream,multimodal,900,,1.253977506111296,,16.95582100840259,5.520816663060944,21.69678709940348,4.025632087736464,,13.798740494020034,,5.691625041457636
1262,1262,women,shop_deli,multimodal,300,,,,,,,,,1.4562123041034953,,
1269,1269,women,shop_deli,multimodal,600,,,,,,,,,6.870860871474238,,
1276,1276,women,shop_deli,multimodal,900,,,,,0.5068588509173066,,,,17.225733677957837,,
1283,1283,women,shop_beverages,multimodal,300,,0.46194563798148,0.08842965893045107,0.5167060393418478,,0.09884246696684981,1.2569387690378842,0.912575943435771,2.7483443485896952,,0.2613420091209191
1290,1290,women,shop_beverages,multimodal,600,,2.4880229975493746,0.8448682660932877,5.00418566362594,0.025544221654399214,0.640419071855881,5.191734832222686,4.178384405043408,14.39744992767315,,1.0537876259252021
1297,1297,women,shop_beverages,multimodal,900,,7.156105233993804,1.9479835290281349,13.535451682759273,0.5481560027766774,3.239888012263892,11.310153152664013,9.715319575030376,32.68666383907922,,2.2070908063521166
1304,1304,women,shop_butcher,multimodal,300,0.2639483485397431,0.940099894839503,0.5947663877610095,2.336409917024007,0.02747178614409568,2.3172171168656353,0.803220293083928,0.21247990481393303,,,0.9851919675331823
1311,1311,women,shop_butcher,multimodal,600,1.290414148416522,4.58079653052178,3.3916741479282893,12.591901523961118,0.11538150180520187,14.882480512434437,5.309850729453468,1.286469241873449,,0.0473523109838819,4.597955540237042
1318,1318,women,shop_butcher,multimodal,900,3.816253205970451,10.780593250799535,8.074518365489654,27.2113126153397,0.6263567240853817,36.53009317635676,13.559160086485928,1.6689330705385288,,0.2272910927226331,10.28362485273735
1325,1325,women,amenity_restaurant,multimodal,300,1.78531730192854,6.4130328951233855,2.6423479268362056,21.746584612300378,13.219144405108995,31.912413002169792,8.226281830654083,5.2388355683999865,19.10634101603041,4.087014562972407,3.3688109652179596
1332,1332,women,amenity_restaurant,multimodal,600,6.321897512319303,28.0013333045373,12.053876378471228,44.194116307472,57.24061799279849,82.95790373699005,24.45253970930023,24.289909431781442,71.04501550431789,23.435226860550422,17.164323032179787
1339,1339,women,amenity_restaurant,multimodal,900,13.65193107808901,48.17108416491335,21.920438400413396,55.77059420856922,84.80419276137306,98.58287043648282,35.159881425144064,50.93596060664246,93.49278919936077,44.762440074011664,31.86349697893789
1346,1346,women,shop_wine,multimodal,300,,,,,,0.2989957570149207,,,,,
1353,1353,women,shop_wine,multimodal,600,,,,0.2358875396995392,,3.025044846266561,,,,,
1360,1360,women,shop_wine,multimodal,900,,,,1.1288903685620804,,7.153402112547003,,,,,
1367,1367,women,healthy_offers,multimodal,300,0.5388945449353086,1.5438709479907355,0.5947663877610095,6.110610552216634,1.3750155392139145,4.801557795680389,2.942320109890472,1.8465293992769982,2.153553407477,1.0602384209862494,1.504986859770524
1374,1374,women,healthy_offers,multimodal,600,2.57127624026318,9.169708822619308,3.3916741479282893,28.896223613193555,10.497276012335583,23.726768102049935,19.131549945707718,11.033274504628142,12.260126690034527,7.934359399732569,6.706143493455248
1381,1381,women,healthy_offers,multimodal,900,6.612789979513489,20.155152756333916,8.252690644305348,47.17750793990785,28.714006131918662,53.49044788739771,38.1496864861407,20.46299944961892,32.77066856545127,18.892202580146233,15.14857569687263
1388,1388,women,amenity_pub,multimodal,300,0.25661644996919464,0.6520498221666073,,1.3703942782544658,,1.7316837593780825,0.8562712997851248,,0.7383611682778286,,0.5332847663393963
1395,1395,women,amenity_pub,multimodal,600,0.6562049220640834,4.149199019592344,,7.172104480864562,,11.91888691663042,4.782608130586192,,9.78328547968123,,3.8607984066762526
1402,1402,women,amenity_pub,multimodal,900,1.3417374384103604,12.332431380709767,,16.807556876512802,0.40329369314528846,31.48737848096618,11.235828614017192,0.06378225164728724,23.741168573759154,,9.474942314407429
1409,1409,women,amenity_drinking_water,multimodal,300,,0.3849546983178999,,0.05054732993561555,,,,,,,
1416,1416,women,amenity_drinking_water,multimodal,600,,3.1787624498382754,,0.38191315951353966,,,,,,,
1423,1423,women,amenity_drinking_water,multimodal,900,,6.497529654947972,0.17817227881569417,1.5164198980684664,,,,,,,
1430,1430,women,amenity_bar,multimodal,300,0.769849349907584,1.8727265126033759,0.6377470836657155,10.800279496243189,3.2867542623976718,12.49376495318957,4.319406555866066,3.5082027342161863,6.355673701991045,1.3270677530720114,1.4718722648805933
1437,1437,women,amenity_bar,multimodal,600,4.5677728094516645,9.338722852860831,4.621115056196859,29.749911852106166,17.30560473426025,54.95714160494778,20.95814154185655,15.778601635438541,40.364428623852966,11.397019695911615,6.639568638120165
1444,1444,women,amenity_bar,multimodal,900,11.04917114581647,24.524565841892656,8.2974848874319,42.90458972119317,30.083184935377272,85.28377882303545,38.9047890578947,33.985505597630684,73.6856609715139,26.769417872441547,13.44402153058214
1451,1451,women,shop_bakery,multimodal,300,1.3600671848367316,10.904029139552184,4.9345833853756575,6.340881721923328,8.785870975645173,10.291577661296412,5.388527198758705,13.169535401870688,9.131272343009709,5.58750453432575,1.5135699009249597
1458,1458,women,shop_bakery,multimodal,600,6.9395779367519355,37.206682298344674,23.503286848760627,27.675232812670142,44.5227541642448,58.04439778084899,22.67448989610261,53.21974217838999,43.85308972953685,26.412575671410245,10.307067860312955
1465,1465,women,shop_bakery,multimodal,900,17.280254668204954,58.881275882980624,41.68873737162284,47.63019539725259,83.75082781128273,93.42866344542924,40.755639065757464,74.6365170333775,72.27388665866013,51.96090024985577,23.41347027765132
1472,1472,women,shop_greengrocer,multimodal,300,,0.4741021021388872,,2.712706706544701,0.12087585903402104,2.534173304983906,1.789067616437063,,0.6768310709213429,,0.5226840182418381
1479,1479,women,shop_greengrocer,multimodal,600,,2.92565570721604,,15.596659470133817,2.2292214220694553,10.538596879366716,9.979752195876795,,5.619748891892362,,2.969147502558055
1486,1486,women,shop_greengrocer,multimodal,900,,8.071892200518493,,31.659477649673875,7.01660361796642,25.88817459933218,20.421325404732148,1.2945840910345796,18.045984303177523,,8.716155808128628
1493,1493,women,amenity_marketplace,multimodal,300,,,,1.314230578326004,,,0.15353830203043617,1.5051381240913198,0.6768310709213429,1.0602384209862494,
1500,1500,women,amenity_marketplace,multimodal,600,,,,9.603992687766953,1.1612630692467323,0.038943619887862914,2.7263052254381472,7.05721047261835,5.968419443579114,7.896477550945464,0.046226016071938165
1507,1507,women,amenity_marketplace,multimodal,900,,,,19.741540524854294,5.251189651533345,0.6883749285661332,7.455288633209384,14.1445073062578,15.117042720715107,18.892202580146233,0.47381666473736617
1514,1514,women,amenity_food_court,multimodal,300,,0.49031072101543055,,,,,,,,,
1521,1521,women,amenity_food_court,multimodal,600,,2.496127306987646,,,,,,,,,
1528,1528,women,amenity_food_court,multimodal,900,,4.404692179700602,,,,,,,,,
1535,1535,women,shop_coffee,multimodal,300,,,,1.2243686584404652,,0.9468198972139156,,,0.9844815577037714,,0.2686887184181405
1542,1542,women,shop_coffee,multimodal,600,,,,7.924698059905948,,7.182949839978018,,,8.880844051786104,,1.2394350559288418
1549,1549,women,shop_coffee,multimodal,900,,,,19.73592415486145,,16.099171598704253,0.03953024052336871,,18.623109466563008,,3.0042662642669025
1556,1556,women,shop_pastry,multimodal,300,,0.575405970117282,0.7302827799090876,0.6571152891630019,0.5510613746244986,,0.07676915101521808,,,0.8392878798003047,1.022241488323501
1563,1563,women,shop_pastry,multimodal,600,,3.529426760367272,1.9875737515051461,3.173249045958087,4.373231600326351,0.06230979182058066,1.0570521562864643,,0.4922407788518857,5.1908130826779715,5.145558368364648
1570,1570,women,shop_pastry,multimodal,900,,7.156105233993804,3.9036249627099173,7.3068973606928695,11.130954121616805,0.4446563008610113,3.8959459169072854,0.2324981492471439,3.1403868147390765,10.399871554047253,12.735358442016867
1577,1577,women,amenity_vending_machine,multimodal,300,0.11731037712877472,,,,,,,,,,
1584,1584,women,amenity_vending_machine,multimodal,600,1.0704571913000693,,,,,,,,,,
1591,1591,women,amenity_vending_machine,multimodal,900,2.258224759728913,,,,,,,,,,
1598,1598,women,mixed_offers,multimodal,300,2.0236040054713635,8.320538520788476,4.159293403703294,25.36914325768616,16.945288333760917,35.23017700440729,9.941207897469567,10.36516138281787,26.105434824002437,5.515751045399647,7.103645044699738
1605,1605,women,mixed_offers,multimodal,600,7.1577339493618215,33.597949440490986,16.22461360677115,51.152798728608396,61.25563628301003,87.57950076765701,28.822911899712363,43.191773719127106,78.14006284379809,29.651684791890005,27.329592080827275
1612,1612,women,mixed_offers,multimodal,900,15.990806722093959,56.91968620352753,27.71860536849203,64.3074765976954,85.77738647529611,99.81934722558225,38.36451751460011,68.70293809813892,96.01552319097668,53.96340703315442,46.241885284218846
1619,1619,women,unhealthy_offers,multimodal,300,3.3839589436963537,14.123501710325234,8.563832894094709,23.189991700461842,15.714318815472126,33.75257743314222,11.6285234041601,19.694284608302898,25.22211060567514,11.9521227485482,5.718174302136253
1626,1626,women,unhealthy_offers,multimodal,600,15.146959937563617,46.34806241763372,31.761486076216528,50.728708046157045,64.26879145234034,93.1526263069787,36.62792109909273,59.16084096097642,79.6995626801245,51.82687041070879,24.11669604286885
1633,1633,women,unhealthy_offers,multimodal,900,31.597999760855377,67.62639394859532,51.51007463535733,66.38123909556664,92.07227531578013,99.34593727697528,57.36192973121216,77.62602313161197,97.59035413321688,80.93975866348572,45.772735981976155
1640,1640,women,shop_kiosk,multimodal,300,0.41058631995071154,0.8303510023579581,,,0.5013744542302714,0.6730103104828095,0.6613366981025522,,1.7023326935294383,,
1647,1647,women,shop_kiosk,multimodal,600,3.5596367560012574,4.71882960483687,,0.06291941576257332,3.4163027289293346,4.733941326986479,3.7598999122458476,,14.502944793236775,,
1654,1654,women,shop_kiosk,multimodal,900,8.398689812563214,10.268467922594798,,0.3055626712962241,12.181035028579231,12.345725780655536,8.008601338883834,,30.535996530134526,0.4826474912122432,
1661,1661,women,shop_alcohol,multimodal,300,,0.6375727756570879,0.1605255392878261,2.853115956365855,0.08688274584418033,0.031929966486219825,1.1043915778359372,0.2219716690187111,1.0049915901559334,1.0423935887468514,0.19763964355231123
1668,1668,women,shop_alcohol,multimodal,600,0.007331898570548418,3.362084681298929,1.4584563749859747,12.642448853896731,0.4878800343557819,1.7465621731938534,3.419567348145914,1.188566841092414,6.747207823016758,2.85671057674749,2.2625125649462934
1675,1675,women,shop_alcohol,multimodal,900,0.47657340708564716,6.453244563353679,2.000521943578287,22.78337454890113,2.5044962037510157,5.1186466875149925,9.467631424746532,6.167625461299113,23.243462224804464,4.886989688816757,6.447778043311693
1682,1682,women,shop_convenience,multimodal,300,0.6085475813555188,0.13372110573148105,,3.611325905400089,1.729220698106172,0.12458156542288362,2.4765716869058023,1.84594996002778,0.7793812331821524,0.887254996269916,0.4110455858433701
1689,1689,women,shop_convenience,multimodal,600,2.5111752604128337,2.042285978444438,,13.872433882330043,14.002185300471615,2.5379140493964214,10.011736684972107,7.281660657534289,5.722299054153171,6.054736596676419,3.306464666733041
1696,1696,women,shop_convenience,multimodal,900,5.711548986457219,5.596025667126526,,22.93163868079092,38.18586587791088,9.795824634189659,18.96724772841874,14.67538504147603,19.72120221313542,15.058432264755822,11.012886024471385
1703,1703,women,shop_confectionery,multimodal,300,,0.15398187932715998,,0.4661587094062322,0.48717272188886357,0.8969872710447622,,,,0.01824538869131097,0.13578892221131836
1710,1710,women,shop_confectionery,multimodal,600,,1.0859774647283915,,2.5161337567950843,4.505482944662622,3.7623632757710856,,0.041361065749674,,0.5299453265675643,0.8176226592724063
1717,1717,women,shop_confectionery,multimodal,900,,2.4637100692345597,,4.762681753933553,12.614821532673815,5.93008251412926,,0.43144250415871027,,2.393915481692627,1.9270470449989223
1724,1724,women,shop_health_food,multimodal,300,,,,,,,0.3619397060657761,,0.7998912656343143,,
1731,1731,women,shop_health_food,multimodal,600,,,,,,,1.9526323098555949,,4.999575201969211,,
1738,1738,women,shop_health_food,multimodal,900,,,,,,,3.629394491571232,,11.257339974386598,,
1745,1745,women,shop_spices,multimodal,300,,,,,,,0.2893606461342835,,,,
1752,1752,women,shop_spices,multimodal,600,,,,,,,2.4566128324869787,,0.04286356933896205,,
1759,1759,women,shop_spices,multimodal,900,,,,,,0.0839159543101902,5.793059177504437,,2.024434788916719,,
1766,1766,women,shop_supermarket,multimodal,300,0.48757125494146986,3.605317889447505,2.292960016731922,9.351256038088877,7.506123823384607,11.290614654151973,3.6047447812867053,6.380600342208358,10.465289292387395,1.5948399354634584,4.376053989764414
1773,1773,women,shop_supermarket,multimodal,600,2.6578132318238015,15.797435573492132,11.289111333201717,42.17893864627474,38.79532526629937,48.286663904061086,18.858392789504283,32.10373344620704,48.89043045148513,12.673799246448091,18.8926575534821
1780,1780,women,shop_supermarket,multimodal,900,6.019488726420252,33.50106051080503,19.892847615419225,61.684591631429484,75.69272936765287,84.03664516603202,32.39400088879515,57.407956742752894,88.22917227009843,30.018061368322275,36.61905302794658
1787,1787,women,amenity_cafe,multimodal,300,1.364020887510264,5.2233491235724845,4.373868415735571,16.759248058652975,6.9020686297260605,25.09002312275018,4.392900750072245,9.365395756664299,15.979728375177052,7.0541639462380274,3.4216757232386543
1794,1794,women,amenity_cafe,multimodal,600,7.2285735416434695,27.14628602561719,18.58403350552228,41.74361522383769,43.37722333323122,83.35182450115427,22.844086818796796,42.70302673368428,52.04501599417094,35.99923652718305,17.01045598822561
1801,1801,women,amenity_cafe,multimodal,900,18.079009059341768,47.52738018235002,38.31950602189303,58.37225530616125,77.30250769592921,98.9483964296562,44.736357048863205,68.30787610064412,77.35648567898866,66.80407290488182,33.24208119098066
1808,1808,women,shop_seafood,multimodal,300,0.27494619639556567,,,,1.2541396801798932,,,0.12891137037174535,,,
1815,1815,women,shop_seafood,multimodal,600,1.2808620918466578,,,,7.106791521019396,,,2.6895947901363435,,,
1822,1822,women,shop_seafood,multimodal,900,2.796536773543037,,,0.03931458994992319,17.348932242488523,,,8.364746595767313,,,
3,3,youth,amenity_fast_food,drive,300,8.185090357515444,14.583048847008042,4.853618097863534,50.053657071368754,27.457663286842422,72.84937035835009,10.069152729274848,20.139393739523506,58.43558907186821,6.014626632745586,9.43920019470287
10,10,youth,amenity_fast_food,drive,600,31.780321545720646,52.358151761749205,29.91601762991648,63.480564506493145,91.49155691523492,100.0,37.05748383244444,57.2510387925466,98.35727045079543,44.469135787516294,30.77316694139849
17,17,youth,amenity_fast_food,drive,900,53.61456347611803,79.29414854539448,55.939026419724335,67.87624949907644,100.0,100.0,63.50152795039832,78.4295006560849,100.0,79.14343435471227,48.54629011615883
24,24,youth,amenity_ice_cream,drive,300,,1.7442471150356031,,17.440983638940633,5.238964315724584,22.88891096395097,4.530079005943377,,14.396414818131536,,6.513775462794181
31,31,youth,amenity_ice_cream,drive,600,,8.407210969121556,,31.95547694748253,32.517555561994435,92.08460427617831,21.913622578369587,,41.38506465629956,1.1700797552530464,20.873702096513476
38,38,youth,amenity_ice_cream,drive,900,,20.03911100747886,0.7606589362942673,46.8347278528698,77.47386169956293,100.0,34.91705777466966,,70.94805142811003,11.385122587585824,38.35300433054569
45,45,youth,shop_deli,drive,300,,,,,1.0027157959023063,,,,18.897835889580428,,
52,52,youth,shop_deli,drive,600,,,,,15.960411827440874,4.747064446698983,,9.272203829041393,61.87486642923928,1.8079927783163858,
59,59,youth,shop_deli,drive,900,,,,,42.50686966805943,30.19089369612404,4.797735409508909,38.64150203218911,99.86784352613589,20.852332670558944,
66,66,youth,shop_beverages,drive,300,,6.389407639263757,2.0741634376870453,15.755864446772453,0.2845532807078636,2.509886915921502,10.8246312054306,10.962542276168652,30.95118594845831,,2.648837388486081
73,73,youth,shop_beverages,drive,600,,22.511220077777132,8.341802115811406,44.86348995949076,21.349323452839624,19.750696939982472,34.03027915440231,57.47363344108992,83.38158591541189,3.513317160392842,13.298791744984936
80,80,youth,shop_beverages,drive,900,,37.887124954762506,28.77255258166368,63.04030897901149,71.82959581376166,55.65433109893188,56.159888250984224,89.99303828172519,100.0,36.08970796091179,25.437139823624396
87,87,youth,shop_butcher,drive,300,4.008200609661461,9.64085807820939,7.816610023969883,28.220129404843064,0.12146891162579782,29.545982405895415,13.057305429923113,1.4152255673878174,,0.3313124710057216,11.734258314073172
94,94,youth,shop_butcher,drive,600,11.540537345475405,37.14088648950276,33.88420015865935,60.47892780691587,7.22836214398227,85.93473593529212,44.735102779463794,7.542467384380205,8.589677106412218,4.764450863340322,35.6466180239808
101,101,youth,shop_butcher,drive,900,23.86584589906385,56.38712720191975,60.679380455154366,68.90417220629902,46.264142551912755,100.0,63.63006857075817,14.793483886807035,38.72941054800458,8.085424382945778,56.370195921609266
108,108,youth,amenity_restaurant,drive,300,13.360198784207078,44.27419647052693,21.429011613307964,54.27251535977814,79.96535292754183,97.03667141095681,33.87277526788421,58.6250428535508,93.20517842657559,46.81591034583264,32.82968069469789
115,115,youth,amenity_restaurant,drive,600,39.38163688605667,79.87877628040778,66.50204931083996,67.324539180147,100.0,100.0,59.44182509895665,94.26680879167797,100.0,86.24146681796347,65.9740521116122
122,122,youth,amenity_restaurant,drive,900,69.12595662005852,94.97896871509762,86.90234996692196,80.50155351812035,100.0,100.0,83.56435553988874,97.56711152227213,100.0,98.50882213500512,79.60966649764389
129,129,youth,shop_wine,drive,300,,,,0.6796647408411647,,7.336057174681539,,,,,
136,136,youth,shop_wine,drive,600,,,,12.346306614618843,,36.66602264240716,0.012576640481652848,,,,
143,143,youth,shop_wine,drive,900,,1.9006344595285944,,24.55431116740826,0.06617156862099663,75.65687026645668,3.178027243033321,,0.0520935404272422,,
150,150,youth,healthy_offers,drive,300,5.4120283028627645,19.600153700413202,8.168419215758595,48.07645055255808,27.692879700111146,48.7163127064757,37.68731997773514,23.161824641795263,34.14743577600863,17.67688726986229,15.777146726295468
157,157,youth,healthy_offers,drive,600,19.968754803651713,49.263814309489355,35.02415123914974,67.59367044556234,86.62695365469115,93.85812649787336,64.60925528867268,60.0602390331741,99.5687834933338,63.21074935702702,39.42657252035994
164,164,youth,healthy_offers,drive,900,37.09145710251339,79.86662307610412,69.85341127973138,80.2753320631144,99.74729819325148,100.0,78.97435768608166,92.62441247666582,100.0,91.54754680219376,60.735336491307926
171,171,youth,amenity_pub,drive,300,1.1247723034514812,13.593391466938234,,16.15759533190963,0.8331259926750243,31.849094272679608,10.548967335058046,0.5344996651661951,23.843227912460403,,10.113013386373915
178,178,youth,amenity_pub,drive,600,5.119890303264138,44.38582686844377,,37.73638543754729,30.419450257139808,88.22967008643623,23.754622397148243,16.818200103355725,86.00244074688518,5.095146896706444,32.502291933615574
185,185,youth,amenity_pub,drive,900,9.474111456254958,75.34375555690576,0.25073500745257915,61.67877214160185,68.59684028779955,100.0,34.18869068702373,49.43857565085445,100.0,36.09051223611133,56.0071068991004
192,192,youth,amenity_drinking_water,drive,300,,6.645068958337136,0.3518091917887113,1.7581410238287978,,,,,,,
199,199,youth,amenity_drinking_water,drive,600,,25.910530800251628,2.6813072731319485,15.07619970593129,0.08978136946254622,,,,,,
206,206,youth,amenity_drinking_water,drive,900,,55.67779644747471,12.532092951550824,44.07148393917172,3.918692714188782,6.879337830555887,,,,,
213,213,youth,amenity_bar,drive,300,11.775235276873696,24.259308150646394,9.349828470702953,40.90368147990307,32.541724282685415,83.64888513638743,38.47287256783522,37.96488611663777,73.54458719659934,34.04537546597577,14.373213974526362
220,220,youth,amenity_bar,drive,600,40.21954737520841,78.92237379952209,36.960030972651914,65.03131740730291,77.24866871543534,99.97508367747616,81.1780280292445,94.53178335751957,100.0,82.67160705008484,45.06434371390911
227,227,youth,amenity_bar,drive,900,58.57365213581333,97.61748926016534,75.52858265375536,76.60077184836449,98.53709180346321,100.0,93.00949874868554,97.1906700436161,100.0,95.94825872965971,67.72562291236463
234,234,youth,shop_bakery,drive,300,17.172725307064052,59.814035574524695,42.350694574770664,49.14661205058863,75.32351103054768,85.84323657104204,41.24603710999235,77.54876853547916,68.4084806845842,53.57594062394622,23.55790902312188
241,241,youth,shop_bakery,drive,600,42.55136691652173,91.72140046756608,82.87350303272339,79.75864140207102,98.10574377597688,100.0,82.41538303476374,92.55659824250215,100.0,87.5572786074298,62.58935567793421
248,248,youth,shop_bakery,drive,900,51.6647317802761,98.89533102104686,96.09379474148308,87.65769302086125,100.0,100.0,91.8192810767099,96.69971520677636,100.0,97.82409331182016,80.03653428689228
255,255,youth,shop_greengrocer,drive,300,,7.082234973641753,,30.843298280651528,4.472448650788176,26.082556590727084,17.49666927498693,0.12833177653731598,18.02180710567372,,9.053289799526869
262,262,youth,shop_greengrocer,drive,600,,32.51828564526954,,58.64776495142646,33.62397229331857,92.79980270234282,48.568448430756774,15.349554209000079,79.8333084842186,3.8828243439372723,31.179481588260217
269,269,youth,shop_greengrocer,drive,900,,62.91892353766432,4.090234326493807,67.00560458312287,83.36498838749282,100.0,69.7520297647319,48.57200100845009,100.0,31.92114776292411,48.207949373954776
276,276,youth,amenity_marketplace,drive,300,,,,20.799987895329195,5.723885119526936,0.8312039469330555,7.760876114759663,15.591195886606862,16.401129748541877,17.67688726986229,0.6002972006141896
283,283,youth,amenity_marketplace,drive,600,,,,47.43048819556029,38.13727650343957,25.926452068279275,26.5488704019482,53.08175761929682,67.51824575681444,59.88609051238465,6.556755448826053
290,290,youth,amenity_marketplace,drive,900,,1.9781470476508392,0.2381524226360077,64.21392378809759,67.15062970160373,71.07478202877216,44.121104650404945,91.0231759573338,99.4119498784721,88.26844253687479,16.903461277573953
297,297,youth,amenity_food_court,drive,300,,5.348140826777526,,,,,,,,,
304,304,youth,amenity_food_court,drive,600,,18.122904483466574,,,,,,,,,
311,311,youth,amenity_food_court,drive,900,,45.2934896754817,0.941064870501937,,,,,,,,
318,318,youth,shop_coffee,drive,300,,,,16.935447881290173,,15.109723189339313,0.06288320240826424,,14.913516592677931,,2.7873658413749904
325,325,youth,shop_coffee,drive,600,,,,49.98063523970813,0.052937254896797306,54.02614634984161,12.7570718774757,,65.71411439188644,9.15856533344211,10.917587353373765
332,332,youth,shop_coffee,drive,900,,1.5410027017614925,,65.75503217190514,11.823311120868132,90.83588221075533,43.59778886161753,5.931125710282992,98.11086101841472,25.407841453186535,23.895324998662428
339,339,youth,shop_pastry,drive,300,,7.414467964396115,4.6704900334884725,7.229161334401478,13.241490425029284,0.40771649056011194,3.380173050538398,0.5496140794734031,3.127048864377969,11.982837808497717,14.687180588303292
346,346,youth,shop_pastry,drive,600,,26.512588093592658,20.995413207803548,24.71508148513326,37.90934962565281,29.763112511389867,20.844865844764637,19.172789635050293,27.56345076213222,37.085688265619545,46.822367579273426
353,353,youth,shop_pastry,drive,900,,50.62542401490535,50.93711350347504,50.13229596700326,63.21442218587215,73.56251465068557,50.53299480532534,71.25971044350464,80.00536911955942,57.04388137539376,69.46832290550601
360,360,youth,amenity_vending_machine,drive,300,1.730897244062406,0.02726269243232251,,,,,,,,,
367,367,youth,amenity_vending_machine,drive,600,10.741159548960248,3.6520938194354273,,0.441670637660498,,,,,,,
374,374,youth,amenity_vending_machine,drive,900,20.303220697179288,18.777468245797866,,5.282040887106857,,,,,,,
381,381,youth,mixed_offers,drive,300,16.01521913315026,52.705621516378486,29.684127928140352,63.43394670119912,82.78068151281722,98.04786882115076,37.81032723296548,72.71113890623177,95.3612609599066,57.363744993695455,47.6895288220186
388,388,youth,mixed_offers,drive,600,51.09556795535024,88.9042158272672,71.82805020298467,79.29242509223782,100.0,100.0,65.18668762458167,96.3949147317202,100.0,89.03184754156138,83.57345998705318
395,395,youth,mixed_offers,drive,900,78.95759965254011,98.60910755086195,88.35119639996934,86.53835839400614,100.0,100.0,86.33956605226759,97.69353365732411,100.0,98.73398419260651,94.29032952865964
402,402,youth,unhealthy_offers,drive,300,29.57947127310046,66.72669501871727,52.70391033885055,65.98101595324655,86.46099027310296,97.9757454444141,58.76173366897274,80.59827112765711,96.00836221669589,82.15841780549884,47.58205127103957
409,409,youth,unhealthy_offers,drive,600,65.30654904280185,91.91416155505408,87.4373266388275,83.37041353728479,100.0,100.0,88.35468706125606,94.382695748809,100.0,95.69208078100948,85.1007500174072
416,416,youth,unhealthy_offers,drive,900,79.16296034251363,98.89533102104686,98.30818943502706,89.57565110783253,100.0,100.0,94.97159025743747,97.28266171840508,100.0,98.15415404815562,94.79066294821901
423,423,youth,shop_kiosk,drive,300,7.693691563650271,8.883709330338482,,0.2727600357451413,6.619045267877274,12.484337230722595,8.339464993005974,,29.028589001826777,0.7976413229094056,
430,430,youth,shop_kiosk,drive,600,36.09338028134432,32.239932272516135,,12.749702741601872,56.47995979857262,68.81034340574593,26.508339598767673,10.139972728988274,94.05856214103461,14.941892095386319,1.2683764216328113
437,437,youth,shop_kiosk,drive,900,47.531847894559284,51.964205612381555,4.844489647477358,46.679751659809696,92.6019767399483,100.0,54.857719411842545,40.86141095710403,100.0,51.090922915184336,8.336599742974025
444,444,youth,shop_alcohol,drive,300,0.4950659490432729,6.884567499738746,2.3026316750910527,25.133663562192115,0.39499708236267506,5.234256297259101,8.358923501115399,4.222506377778897,23.288625700806378,4.5849792781752825,4.675903426016164
451,451,youth,shop_alcohol,drive,600,3.595668611540516,27.27723175396341,7.444397975367825,55.20145545298855,4.113651112682552,33.15270603838906,34.398647378740606,36.0424983255727,79.25353252961533,28.955879299623287,26.171273397902823
458,458,youth,shop_alcohol,drive,900,7.191757135025088,54.02044772132592,21.341765942291122,72.20261075680557,39.38340039334566,69.78410478481238,52.37122506741818,93.11010306611907,100.0,74.20524298139172,58.284153204225234
465,465,youth,shop_convenience,drive,300,5.669421905339999,4.148860762591051,0.024832381093334185,23.18162302026022,39.5857135358328,11.239690980892913,17.838585453389364,16.67419872912164,21.60707814033074,15.972349407161039,9.977822788577269
472,472,youth,shop_convenience,drive,600,20.686422359652607,30.182989942491155,1.9168713390938281,45.90264679466113,86.56772965321457,68.8745880931493,33.277256353099574,64.09016867618655,88.8590140268404,53.066142773161054,42.470581044765524
479,479,youth,shop_convenience,drive,900,44.44136954421262,49.843250394498085,21.292412832084327,66.44389818573349,99.47668455514005,100.0,58.94688309674896,88.43032022344335,100.0,81.42589215839733,61.78629025962068
486,486,youth,shop_confectionery,drive,300,,2.544418514557793,,4.9373992330527585,12.386680740444582,7.928362089861126,,0.4101039313920064,,2.1352606858825554,1.967310627755413
493,493,youth,shop_confectionery,drive,600,,21.893371660985995,0.8205852380468612,21.468418508222573,44.99692788149983,37.11795540049036,,7.743851091115907,,11.741932944347704,6.047548530939978
500,500,youth,shop_confectionery,drive,900,,47.93666040188047,16.574503741038814,40.1776205557754,89.22600073439868,88.95788859347724,6.584092458740192,39.87161500256425,,32.6586386106844,12.71322487241338
507,507,youth,shop_health_food,drive,300,,,,,,,4.058490058449491,,11.233404227105192,,
514,514,youth,shop_health_food,drive,600,,,,,,1.1975160308358042,19.791219037696315,,35.653494130614774,1.0438158138111373,
521,521,youth,shop_health_food,drive,900,,,,2.7355101552863403,0.47523897768808265,9.617020980007764,33.90192021624054,,65.3912872639279,10.580782597389183,
528,528,youth,shop_spices,drive,300,,,,,,0.22151549982194996,5.562028103019079,,0.06320527010893126,,
535,535,youth,shop_spices,drive,600,,,,4.679014290253638,,6.75682979640788,17.498599693180612,,12.215188578207542,,
542,542,youth,shop_spices,drive,900,,,,17.895965820826035,0.407732745880645,17.89668394610663,26.927777306337674,,40.5004239466095,,
549,549,youth,shop_supermarket,drive,300,6.828242941619066,30.532752273502734,20.685484417687043,61.304636211078275,71.54354428351613,82.99434478163641,31.92648090523036,61.711725470174116,83.40761691400907,31.930893366192905,37.492623470658565
556,556,youth,shop_supermarket,drive,600,36.159244914955785,76.25100082573219,49.22768592009657,79.05504873383892,100.0,100.0,58.15733275989382,92.58853977955823,100.0,75.25808246361491,77.38904291268699
563,563,youth,shop_supermarket,drive,900,60.7849467082066,91.85958446687823,76.22065915887822,86.39231473068489,100.0,100.0,80.76557636073808,97.25456791061575,100.0,92.88421278932393,88.27971835851437
570,570,youth,amenity_cafe,drive,300,17.449084335921597,49.219842201650685,38.18201457206288,58.25710974512736,72.88052865302771,97.64044698715153,45.94978635721494,73.66104571437057,77.07396207154744,69.9534095355855,35.55805201593684
577,577,youth,amenity_cafe,drive,600,60.044181362230766,85.92847275807902,83.88426010203777,74.71305828201893,98.13913851767137,100.0,80.18225185813617,93.77867888133827,100.0,95.04293596145553,71.6270309062318
584,584,youth,amenity_cafe,drive,900,76.8123138733526,97.27097368373059,97.95039827205957,84.86855149770945,100.0,100.0,93.43373475057784,96.96240785532775,100.0,96.57086963219082,81.11870806378317
591,591,youth,shop_seafood,drive,300,1.4038276932013039,,,0.05055357576504531,18.378405155369162,,,10.526017760244862,,,
598,598,youth,shop_seafood,drive,600,8.428217458176308,4.590254005566445,0.5766309011584817,3.6602482947017165,65.090621589917,0.34882851533376463,,43.59953589183023,3.942550918091017,,
605,605,youth,shop_seafood,drive,900,13.225611203449535,16.619846332510292,10.75526097294909,10.280433018399666,84.80028154318458,20.980048570980955,,71.92535461061162,40.13159971567584,3.7081525122053898,
612,612,youth,amenity_fast_food,walk,300,0.3373782763850452,1.3653965595636566,0.7534166202182836,8.858109886830716,1.7741095108737108,6.265659038669141,0.8824376114075008,1.2586988152866736,4.620176857137912,,0.8291340411713498
619,619,youth,amenity_fast_food,walk,600,2.9300569873005555,6.389407639263757,5.034676060368377,33.71923503528521,10.456498801779398,39.737928085420634,5.499793312915677,7.748301689016756,31.43137727437425,0.9595504602871743,4.426946659249601
626,626,youth,amenity_fast_food,walk,900,7.833043460418006,15.568428655038227,10.869836762050003,50.834428963739995,28.831312634031566,76.59551305710501,12.418268421839091,18.054750663092538,66.26154831506541,5.118041619035659,10.297522309708395
633,633,youth,amenity_ice_cream,walk,300,,,,1.977206518810661,0.05020311291465954,1.968389479383386,,,0.9445694907926399,,0.36338402791218516
640,640,youth,amenity_ice_cream,walk,600,,0.25525217582347287,,9.324326196663913,1.758495322666308,10.724772804552774,1.2919191925794926,,7.218967764427677,,2.6429616095282435
647,647,youth,amenity_ice_cream,walk,900,,1.254000872580997,,16.95791613718575,5.421964275146026,21.69957982569414,4.156380243992787,,13.783021841197304,,5.55504595542762
654,654,youth,shop_deli,walk,300,,,,,,,,,1.4579224749190747,,
661,661,youth,shop_deli,walk,600,,,,,,,,,6.878929987294223,,
668,668,youth,shop_deli,walk,900,,,,,0.5100144017840268,,,,17.242199596667877,,
675,675,youth,shop_beverages,walk,300,,0.4618848895853318,0.09405849171005877,0.5167698855982409,,0.09829958864905483,1.2578446476011642,0.9054726779054247,2.7515719949176893,,0.2669792609390343
682,682,youth,shop_beverages,walk,600,,2.4876958088192436,0.8831322984333692,5.004804000739486,0.024719857546325667,0.63553307260309,5.253190426609629,4.194941979026228,14.40666575100527,,1.0729008046969497
689,689,youth,shop_beverages,walk,900,,7.155164166734175,1.9804006058258519,13.537124177084353,0.5301676736378097,3.230323634771396,11.430590017255717,9.740616741634035,32.68526003636393,,2.2458001952745454
696,696,youth,shop_butcher,walk,300,0.26403517282307887,0.939976266524535,0.591770188685789,2.336698613139872,0.02640628513604301,2.3172179947171507,0.8029192844325378,0.19314492855168722,,,1.0133729970764287
703,703,youth,shop_butcher,walk,600,1.2908386226906077,4.580382401963079,3.3745882278854165,12.593457429470178,0.11090639757138061,14.882449268237465,5.312903998876014,1.1694047492311241,,0.046015620973016896,4.7281651582127875
710,710,youth,shop_butcher,walk,900,3.8175085404003486,10.77936381481885,8.033842118550742,27.214674953516056,0.6020633011017805,36.52683837674552,13.567015417731195,1.5170656206241613,,0.22087498067048109,10.55309770890458
717,717,youth,amenity_restaurant,walk,300,1.7859045717338806,6.412688310566541,2.660371400148755,21.749271706917266,13.120475767875178,31.91391609069385,8.282824334059152,5.287940725110827,19.100866481684037,4.104076698969588,3.3593389789436894
724,724,youth,amenity_restaurant,walk,600,6.323901093647949,28.002745431447977,12.230982965555476,44.19820031159562,56.98225536631084,82.95998478360708,24.56972777271949,24.719458344394823,71.02120710930781,23.502065124268974,17.11982138847774
731,731,youth,amenity_restaurant,walk,900,13.656269861272941,48.17110103860537,22.200525551102043,55.775190783798514,84.65511978599378,98.58224926307177,35.26796511098709,51.63654141504186,93.49322427089555,44.86642887826713,31.86470196536127
738,738,youth,shop_wine,walk,300,,,,,,0.29899587028608393,,,,,
745,745,youth,shop_wine,walk,600,,,,0.23591668690354475,,3.0271665004747548,,,,,
752,752,youth,shop_wine,walk,900,,,,1.1290298587526784,,7.157076922105571,,,,,
759,759,youth,healthy_offers,walk,300,0.5390718111804527,1.5436679204562407,0.591770188685789,6.111365603596588,1.3823408281417675,4.798897038024781,2.9668402354572136,1.8499394323289329,2.1560825333310256,1.0531388286173238,1.5443597506346252
766,766,youth,healthy_offers,walk,600,2.57302807265974,9.169371965439744,3.3745882278854165,28.899794145684233,10.494394826844134,23.721376477108056,19.230450197813948,11.038462905601925,12.264524700186785,7.891643910817983,6.862253896846352
773,773,youth,healthy_offers,walk,900,6.617553864097009,20.15651966890055,8.210721524398126,47.18333738070895,28.67509417246089,53.48633426696393,38.2500143639332,20.480914187462034,32.78323214024105,18.812292680252416,15.380728519946299
780,780,youth,amenity_pub,walk,300,0.25670086246688223,0.6525182569083382,,1.370563609630117,,1.7316844154069029,0.8543641704775655,,0.7392282971420658,,0.5306810682278843
787,787,youth,amenity_pub,walk,600,0.6564207768795989,4.150925526894167,,7.1729906946625395,,11.918128778033594,4.778637391674577,,9.794774937132376,,3.8349357112003184
794,794,youth,amenity_pub,walk,900,1.3421787951839843,12.334607978379202,,16.809174752881326,0.4027922144724228,31.48129967194916,11.227268608149748,0.0629058726297786,23.752895886133896,,9.468118301107644
801,801,youth,amenity_drinking_water,walk,300,,0.3849040746544432,,0.05055357576504531,,,,,,,
808,808,youth,amenity_drinking_water,walk,600,,3.17902516368986,,0.38196035022478675,,,,,,,
815,815,youth,amenity_drinking_water,walk,900,,6.500504348769544,0.17687940584738318,1.5166072729513589,,,,,,,
822,822,youth,amenity_bar,walk,300,0.7701025874006467,1.872604929899745,0.6335592639854748,10.801614021798015,3.3009661264596124,12.492278827358927,4.335210531436349,3.4518707197103606,6.358137663109025,1.3483386115019504,1.4690667253508056
829,829,youth,amenity_bar,walk,600,4.569275351910503,9.339118890116666,4.636824396792267,29.753587869716107,17.452801112702673,54.95365623195379,21.067591456102946,15.58652746641368,40.38319567743918,11.40966565925685,6.620446080739441
836,836,youth,amenity_bar,walk,900,11.052805706788329,24.525433633148758,8.293490730134836,42.9089733185832,30.347286805062403,85.28273885371546,38.98866029850479,33.87425940980329,73.66730341029977,26.755501186177426,13.499258124668694
843,843,youth,shop_bakery,walk,300,1.3605145710744757,10.904062112243459,4.93725189110127,6.3416652265262385,8.819720293227231,10.290912009744863,5.48749077682883,13.477672013714468,9.11690132999781,5.582177973065151,1.5090682956884636
850,850,youth,shop_bakery,walk,600,6.941708730174918,37.206508565767514,23.64209633518508,27.678193542366053,44.593590155515344,58.040974169928916,22.789445383623065,54.38081148605912,43.82858726094084,26.374000485667263,10.282027413907242
857,857,youth,shop_bakery,walk,900,17.286822425677713,58.879347130481655,41.91042690965492,47.63562184161117,83.72593373508127,93.4265451416601,40.843323804650105,75.9790150323102,72.26758185641334,51.92968113106018,23.332900605433455
864,864,youth,shop_greengrocer,walk,300,,0.4740397551007353,,2.7130418993907646,0.11618765459858918,2.531511688355311,1.7923769653070136,,0.6776259390468938,,0.5339585218780686
871,871,youth,shop_greengrocer,walk,600,,2.9252709673737685,,15.598586655503421,2.147423233527675,10.533237140491735,9.981779820190038,,5.626348706025724,,3.0196756979554866
878,878,youth,shop_greengrocer,walk,900,,8.070830702227905,,31.663389620840043,6.778298955871905,25.884566568801137,20.414976675238492,1.3272543656580904,18.06211913559633,,8.788997981431393
885,885,youth,amenity_marketplace,walk,300,,,,1.314392969891178,,,0.1531963340166669,1.5280582415689643,0.6776259390468937,1.0531388286173238,
892,892,youth,amenity_marketplace,walk,600,,,,9.605179395358608,1.172103609905117,0.03946083176417475,2.720481058943248,7.1110478986509555,5.975428735231699,7.8548314140395705,0.0475482931179556
899,899,youth,amenity_marketplace,walk,900,,,,19.743979868237137,5.298091799024548,0.6910646143885953,7.4510835403282005,14.145732633773733,15.148548467273374,18.812292680252416,0.48737000445904494
906,906,youth,amenity_food_court,walk,300,,0.4902462424546066,,,,,,,,,
913,913,youth,amenity_food_court,walk,600,,2.4957990524961784,,,,,,,,,
920,920,youth,amenity_food_court,walk,900,,4.404112938414524,,,,,,,,,
927,927,youth,shop_coffee,walk,300,,,,1.2245199463088752,,0.9468202559059327,,,0.9856377295227545,,0.27637445374811687
934,934,youth,shop_coffee,walk,600,,,,7.925677267164325,,7.18486619051234,,,8.891273685069848,,1.2748886092251845
941,941,youth,shop_coffee,walk,900,,,,19.738362804263243,,16.104349668923078,0.04192213493884282,,18.644980383472106,,3.0838992629205926
948,948,youth,shop_pastry,walk,300,,0.5753303010624309,0.7266039025635637,0.6571964849455891,0.5563400307992752,,0.07659816700833345,,,0.840900898841945,1.0010594355824682
955,955,youth,shop_pastry,walk,600,,3.5289626213054737,1.9775611368740287,3.173641145250066,4.4071912285940815,0.06313733082267961,1.0546978380378225,,0.49281886476137726,5.200789254794203,5.0359035554409175
962,962,youth,shop_pastry,walk,900,,7.155164166734177,3.8839600358681206,7.307800230035993,11.218074915355619,0.4470872957919448,3.8934685209131397,0.23618616107421705,3.1423036156921667,10.419858963911057,12.436535116706178
969,969,youth,amenity_vending_machine,walk,300,0.11734896569914614,,,,,,,,,,
976,976,youth,amenity_vending_machine,walk,600,1.0708093120047086,,,,,,,,,,
983,983,youth,amenity_vending_machine,walk,900,2.258967589708563,,,,,,,,,,
990,990,youth,mixed_offers,walk,300,2.0242696583102715,8.320178616460108,4.183167121588903,25.372277970078848,16.84657999092073,35.23173306954103,9.999878010338147,10.533005534841235,26.107668188700888,5.528090657334915,7.103312212107138
997,997,youth,mixed_offers,walk,600,7.160012474254366,33.59865329069356,16.422838086632158,51.15774257525019,61.02270889523883,87.58174823241761,28.937061889363342,44.04962090552575,78.12613146578627,29.686069060419058,27.35972844015639
1004,1004,youth,mixed_offers,walk,900,15.995914864899664,56.91855258785742,28.0124579319352,64.31312802411728,85.63138446397703,99.81893339944563,38.465711672059186,69.48821668021019,96.01892095279763,53.99085115192901,46.32111477291705
1011,1011,youth,unhealthy_offers,walk,300,3.3862369679249014,14.124085942558933,8.5774775794887,23.192857148208006,15.705430783236288,33.74747845538993,11.731976296435057,20.14462996589969,25.225261337484504,11.95353058204215,5.697644436953578
1018,1018,youth,unhealthy_offers,walk,600,15.153990850564645,46.34833065573226,31.941472052147496,50.73338498510773,64.15099260515792,93.15003772731374,36.72915838906422,60.32849844309273,79.70291714947555,51.838769520263206,24.07357472896533
1025,1025,youth,unhealthy_offers,walk,900,31.613289658404874,67.62465590705963,51.722696563816505,66.38682500630743,91.97072399608271,99.34552327149265,57.42081192327524,78.81039309512165,97.59665021786701,80.93599415675807,45.77919371997123
1032,1032,youth,shop_kiosk,walk,300,0.4107213799470115,0.8310086259657536,,,0.49847095566446165,0.6711000243825497,0.6641866963960151,,1.704331907299763,,
1039,1039,youth,shop_kiosk,walk,600,3.5608076779334668,4.72006098385007,,0.06200932572035715,3.4035933861490024,4.727032844571457,3.758936467414511,,14.518205743933956,,
1046,1046,youth,shop_kiosk,walk,900,8.401452513023246,10.26984455920991,,0.3037646986053199,12.12238196348914,12.338544594949733,8.003611491507897,,30.55989797376902,0.4827031878371909,
1053,1053,youth,shop_alcohol,walk,300,,0.6376037884369422,0.17591502573917076,2.8534684987381125,0.08423393558284062,0.032188577144007545,1.1034197857729229,0.23024978328414764,1.006171848887812,1.023695363400439,0.19935376131967153
1060,1060,youth,shop_alcohol,walk,600,0.007334310356196634,3.363121401926568,1.4936293918244046,12.64401100523522,0.4730059459651819,1.75023493443222,3.4179029719833567,1.196216840740228,6.747439227838865,2.8049502529571537,2.246344162686005
1067,1067,youth,shop_alcohol,walk,900,0.4767301731527813,6.4556562057314775,2.0329642473355034,22.785730821104462,2.556678500586074,5.1212611782072095,9.468120114573717,6.172131012596902,23.236912297989974,4.805454012906717,6.428159154350601
1074,1074,youth,shop_convenience,walk,300,0.6087477595643207,0.13370352066943816,,3.611772135213793,1.7176645316195356,0.12458161261920166,2.4752716401191135,1.9137954753716668,0.7802965358721807,0.8795374095854174,0.4130864763892381
1081,1081,youth,shop_convenience,walk,600,2.5120012969973473,2.042017406587783,,13.874148015517987,13.871831676764762,2.5379798723207894,10.010751010048372,7.4960539914029845,5.729019302851011,6.008694218551654,3.291795240620404
1088,1088,youth,shop_convenience,walk,900,5.713427767477179,5.595289758924063,,22.934472205408888,37.918516844877864,9.791059249399252,18.962299407900783,15.049733810267032,19.728208490582656,14.99257390529941,10.978096650979962
1095,1095,youth,shop_confectionery,walk,300,,0.15396162986177728,,0.4662163098331955,0.47562979060435234,0.8969876108582517,,,,0.01828045432265098,0.13967311103399457
1102,1102,youth,shop_confectionery,walk,600,,1.0858346527093765,,2.516444660304477,4.398576737698776,3.76236470109989,,0.03843698382857813,,0.5265379657920229,0.8410104345238398
1109,1109,youth,shop_confectionery,walk,900,,2.463386077788436,,4.763270249862047,12.359380393244415,5.930084760673998,,0.39596102655645854,,2.357969759186111,1.9821694693547744
1116,1116,youth,shop_health_food,walk,300,,,,,,,0.38491293329507015,,0.8008306552372381,,
1123,1123,youth,shop_health_food,walk,600,,,,,,,2.0566114937703484,,4.995446444956472,,
1130,1130,youth,shop_health_food,walk,900,,,,,,,3.7520973904161576,,11.23594433672394,,
1137,1137,youth,shop_spices,walk,300,,,,,,,0.2887161679544877,,,,
1144,1144,youth,shop_spices,walk,600,,,,,,,2.451141344266671,,0.04022153552386535,,
1151,1151,youth,shop_spices,walk,900,,,,,,0.08174432304821512,5.784479552568461,,2.0014270504931213,,
1158,1158,youth,shop_supermarket,walk,300,0.48773163868707614,3.6049823160054997,2.3184897613160302,9.352411516533381,7.504447577896746,11.291545192383486,3.6319796213052613,6.509429222563836,10.477067879711552,1.590180203156244,4.3796366482127915
1165,1165,youth,shop_supermarket,walk,600,2.65868750412128,15.796314089166948,11.506917955414094,42.18415044394336,38.71752459746947,48.290605132419614,18.971484823949044,32.816035981114936,48.934390047245365,12.650011515403342,18.90704852838111
1172,1172,youth,shop_supermarket,walk,900,6.021468802437438,33.49990148272517,20.221316664614232,61.69221362527695,75.67745012951191,84.03975651399979,32.507644098603,58.42238284619955,88.25314755309,30.019223930592076,36.64992808869809
1179,1179,youth,amenity_cafe,walk,300,1.3656344647927285,5.222953170403294,4.371785578378266,16.761318898099468,6.882603909907653,25.086650244140706,4.419007085827422,9.632354720961635,15.992504136956374,7.063378378399894,3.4050494819598582
1186,1186,youth,amenity_cafe,walk,600,7.2331516878374735,27.144760923547622,18.66705956732265,41.748558725853115,43.285711168679086,83.3454513402798,22.936928824799185,43.79448110121012,52.07186019689832,36.04075126328216,16.950523035468102
1193,1193,youth,amenity_cafe,walk,900,18.088968445456036,47.52435249275537,38.52746845921972,58.37914625650282,77.26426287115189,98.94731409618781,44.82335953375085,69.78736797877575,77.35785813696964,66.84354898723205,33.26827598659782
1200,1200,youth,shop_seafood,walk,300,0.2750366383573738,,,,1.266153173543178,,,0.12873626220828155,,,
1207,1207,youth,shop_seafood,walk,600,1.2821894499691324,,,,7.174867983411342,,,2.7580102577198415,,,
1214,1214,youth,shop_seafood,walk,900,2.8000453236966596,,,0.03931944781725746,17.51511890068063,,,8.581030484205057,,,
1221,1221,youth,amenity_fast_food,multimodal,300,0.3373782763850452,1.3653965595636566,0.7534166202182836,8.858109886830716,1.7741095108737108,6.265659038669141,0.8824376114075008,1.2586988152866736,4.620176857137912,,0.8291340411713498
1228,1228,youth,amenity_fast_food,multimodal,600,2.9300569873005555,6.389407639263757,5.034676060368377,33.71923503528521,10.456498801779398,39.737928085420634,5.499793312915677,7.748301689016756,31.43137727437425,0.9595504602871743,4.426946659249601
1235,1235,youth,amenity_fast_food,multimodal,900,7.833043460418006,15.568428655038227,10.869836762050003,50.834428963739995,28.831312634031566,76.59551305710501,12.418268421839091,18.054750663092538,66.26154831506541,5.118041619035659,10.297522309708395
1242,1242,youth,amenity_ice_cream,multimodal,300,,,,1.977206518810661,0.05020311291465954,1.968389479383386,,,0.9445694907926399,,0.36338402791218516
1249,1249,youth,amenity_ice_cream,multimodal,600,,0.25525217582347287,,9.324326196663913,1.758495322666308,10.724772804552774,1.2919191925794926,,7.218967764427677,,2.6429616095282435
1256,1256,youth,amenity_ice_cream,multimodal,900,,1.254000872580997,,16.95791613718575,5.421964275146026,21.69957982569414,4.156380243992787,,13.783021841197304,,5.55504595542762
1263,1263,youth,shop_deli,multimodal,300,,,,,,,,,1.4579224749190747,,
1270,1270,youth,shop_deli,multimodal,600,,,,,,,,,6.878929987294223,,
1277,1277,youth,shop_deli,multimodal,900,,,,,0.5100144017840268,,,,17.242199596667877,,
1284,1284,youth,shop_beverages,multimodal,300,,0.4618848895853318,0.09405849171005877,0.5167698855982409,,0.09829958864905483,1.2578446476011642,0.9054726779054247,2.7515719949176893,,0.2669792609390343
1291,1291,youth,shop_beverages,multimodal,600,,2.4876958088192436,0.8831322984333692,5.004804000739486,0.024719857546325667,0.63553307260309,5.253190426609629,4.194941979026228,14.40666575100527,,1.0729008046969497
1298,1298,youth,shop_beverages,multimodal,900,,7.155164166734175,1.9804006058258519,13.537124177084353,0.5301676736378097,3.230323634771396,11.430590017255717,9.740616741634035,32.68526003636393,,2.2458001952745454
1305,1305,youth,shop_butcher,multimodal,300,0.26403517282307887,0.939976266524535,0.591770188685789,2.336698613139872,0.02640628513604301,2.3172179947171507,0.8029192844325378,0.19314492855168722,,,1.0133729970764287
1312,1312,youth,shop_butcher,multimodal,600,1.2908386226906077,4.580382401963079,3.3745882278854165,12.593457429470178,0.11090639757138061,14.882449268237465,5.312903998876014,1.1694047492311241,,0.046015620973016896,4.7281651582127875
1319,1319,youth,shop_butcher,multimodal,900,3.8175085404003486,10.77936381481885,8.033842118550742,27.214674953516056,0.6020633011017805,36.52683837674552,13.567015417731195,1.5170656206241613,,0.22087498067048109,10.55309770890458
1326,1326,youth,amenity_restaurant,multimodal,300,1.7859045717338806,6.412688310566541,2.660371400148755,21.749271706917266,13.120475767875178,31.91391609069385,8.282824334059152,5.287940725110827,19.100866481684037,4.104076698969588,3.3593389789436894
1333,1333,youth,amenity_restaurant,multimodal,600,6.323901093647949,28.002745431447977,12.230982965555476,44.19820031159562,56.98225536631084,82.95998478360708,24.56972777271949,24.719458344394823,71.02120710930781,23.502065124268974,17.11982138847774
1340,1340,youth,amenity_restaurant,multimodal,900,13.656269861272941,48.17110103860537,22.200525551102043,55.775190783798514,84.65511978599378,98.58224926307177,35.26796511098709,51.63654141504186,93.49322427089555,44.86642887826713,31.86470196536127
1347,1347,youth,shop_wine,multimodal,300,,,,,,0.29899587028608393,,,,,
1354,1354,youth,shop_wine,multimodal,600,,,,0.23591668690354475,,3.0271665004747548,,,,,
1361,1361,youth,shop_wine,multimodal,900,,,,1.1290298587526784,,7.157076922105571,,,,,
1368,1368,youth,healthy_offers,multimodal,300,0.5390718111804527,1.5436679204562407,0.591770188685789,6.111365603596588,1.3823408281417675,4.798897038024781,2.9668402354572136,1.8499394323289329,2.1560825333310256,1.0531388286173238,1.5443597506346252
1375,1375,youth,healthy_offers,multimodal,600,2.57302807265974,9.169371965439744,3.3745882278854165,28.899794145684233,10.494394826844134,23.721376477108056,19.230450197813948,11.038462905601925,12.264524700186785,7.891643910817983,6.862253896846352
1382,1382,youth,healthy_offers,multimodal,900,6.617553864097009,20.15651966890055,8.210721524398126,47.18333738070895,28.67509417246089,53.48633426696393,38.2500143639332,20.480914187462034,32.78323214024105,18.812292680252416,15.380728519946299
1389,1389,youth,amenity_pub,multimodal,300,0.25670086246688223,0.6525182569083382,,1.370563609630117,,1.7316844154069029,0.8543641704775655,,0.7392282971420658,,0.5306810682278843
1396,1396,youth,amenity_pub,multimodal,600,0.6564207768795989,4.150925526894167,,7.1729906946625395,,11.918128778033594,4.778637391674577,,9.794774937132376,,3.8349357112003184
1403,1403,youth,amenity_pub,multimodal,900,1.3421787951839843,12.334607978379202,,16.809174752881326,0.4027922144724228,31.48129967194916,11.227268608149748,0.0629058726297786,23.752895886133896,,9.468118301107644
1410,1410,youth,amenity_drinking_water,multimodal,300,,0.3849040746544432,,0.05055357576504531,,,,,,,
1417,1417,youth,amenity_drinking_water,multimodal,600,,3.17902516368986,,0.38196035022478675,,,,,,,
1424,1424,youth,amenity_drinking_water,multimodal,900,,6.500504348769544,0.17687940584738318,1.5166072729513589,,,,,,,
1431,1431,youth,amenity_bar,multimodal,300,0.7701025874006467,1.872604929899745,0.6335592639854748,10.801614021798015,3.3009661264596124,12.492278827358927,4.335210531436349,3.4518707197103606,6.358137663109025,1.3483386115019504,1.4690667253508056
1438,1438,youth,amenity_bar,multimodal,600,4.569275351910503,9.339118890116666,4.636824396792267,29.753587869716107,17.452801112702673,54.95365623195379,21.067591456102946,15.58652746641368,40.38319567743918,11.40966565925685,6.620446080739441
1445,1445,youth,amenity_bar,multimodal,900,11.052805706788329,24.525433633148758,8.293490730134836,42.9089733185832,30.347286805062403,85.28273885371546,38.98866029850479,33.87425940980329,73.66730341029977,26.755501186177426,13.499258124668694
1452,1452,youth,shop_bakery,multimodal,300,1.3605145710744757,10.904062112243459,4.93725189110127,6.3416652265262385,8.819720293227231,10.290912009744863,5.48749077682883,13.477672013714468,9.11690132999781,5.582177973065151,1.5090682956884636
1459,1459,youth,shop_bakery,multimodal,600,6.941708730174918,37.206508565767514,23.64209633518508,27.678193542366053,44.593590155515344,58.040974169928916,22.789445383623065,54.38081148605912,43.82858726094084,26.374000485667263,10.282027413907242
1466,1466,youth,shop_bakery,multimodal,900,17.286822425677713,58.879347130481655,41.91042690965492,47.63562184161117,83.72593373508127,93.4265451416601,40.843323804650105,75.9790150323102,72.26758185641334,51.92968113106018,23.332900605433455
1473,1473,youth,shop_greengrocer,multimodal,300,,0.4740397551007353,,2.7130418993907646,0.11618765459858918,2.531511688355311,1.7923769653070136,,0.6776259390468938,,0.5339585218780686
1480,1480,youth,shop_greengrocer,multimodal,600,,2.9252709673737685,,15.598586655503421,2.147423233527675,10.533237140491735,9.981779820190038,,5.626348706025724,,3.0196756979554866
1487,1487,youth,shop_greengrocer,multimodal,900,,8.070830702227905,,31.663389620840043,6.778298955871905,25.884566568801137,20.414976675238492,1.3272543656580904,18.06211913559633,,8.788997981431393
1494,1494,youth,amenity_marketplace,multimodal,300,,,,1.314392969891178,,,0.1531963340166669,1.5280582415689643,0.6776259390468937,1.0531388286173238,
1501,1501,youth,amenity_marketplace,multimodal,600,,,,9.605179395358608,1.172103609905117,0.03946083176417475,2.720481058943248,7.1110478986509555,5.975428735231699,7.8548314140395705,0.0475482931179556
1508,1508,youth,amenity_marketplace,multimodal,900,,,,19.743979868237137,5.298091799024548,0.6910646143885953,7.4510835403282005,14.145732633773733,15.148548467273374,18.812292680252416,0.48737000445904494
1515,1515,youth,amenity_food_court,multimodal,300,,0.4902462424546066,,,,,,,,,
1522,1522,youth,amenity_food_court,multimodal,600,,2.4957990524961784,,,,,,,,,
1529,1529,youth,amenity_food_court,multimodal,900,,4.404112938414524,,,,,,,,,
1536,1536,youth,shop_coffee,multimodal,300,,,,1.2245199463088752,,0.9468202559059327,,,0.9856377295227545,,0.27637445374811687
1543,1543,youth,shop_coffee,multimodal,600,,,,7.925677267164325,,7.18486619051234,,,8.891273685069848,,1.2748886092251845
1550,1550,youth,shop_coffee,multimodal,900,,,,19.738362804263243,,16.104349668923078,0.04192213493884282,,18.644980383472106,,3.0838992629205926
1557,1557,youth,shop_pastry,multimodal,300,,0.5753303010624309,0.7266039025635637,0.6571964849455891,0.5563400307992752,,0.07659816700833345,,,0.840900898841945,1.0010594355824682
1564,1564,youth,shop_pastry,multimodal,600,,3.5289626213054737,1.9775611368740287,3.173641145250066,4.4071912285940815,0.06313733082267961,1.0546978380378225,,0.49281886476137726,5.200789254794203,5.0359035554409175
1571,1571,youth,shop_pastry,multimodal,900,,7.155164166734177,3.8839600358681206,7.307800230035993,11.218074915355619,0.4470872957919448,3.8934685209131397,0.23618616107421705,3.1423036156921667,10.419858963911057,12.436535116706178
1578,1578,youth,amenity_vending_machine,multimodal,300,0.11734896569914614,,,,,,,,,,
1585,1585,youth,amenity_vending_machine,multimodal,600,1.0708093120047086,,,,,,,,,,
1592,1592,youth,amenity_vending_machine,multimodal,900,2.258967589708563,,,,,,,,,,
1599,1599,youth,mixed_offers,multimodal,300,2.0242696583102715,8.320178616460108,4.183167121588903,25.372277970078848,16.84657999092073,35.23173306954103,9.999878010338147,10.533005534841235,26.107668188700888,5.528090657334915,7.103312212107138
1606,1606,youth,mixed_offers,multimodal,600,7.160012474254366,33.59865329069356,16.422838086632158,51.15774257525019,61.02270889523883,87.58174823241761,28.937061889363342,44.04962090552575,78.12613146578627,29.686069060419058,27.35972844015639
1613,1613,youth,mixed_offers,multimodal,900,15.995914864899664,56.91855258785742,28.0124579319352,64.31312802411728,85.63138446397703,99.81893339944563,38.465711672059186,69.48821668021019,96.01892095279763,53.99085115192901,46.32111477291705
1620,1620,youth,unhealthy_offers,multimodal,300,3.3862369679249014,14.124085942558933,8.5774775794887,23.192857148208006,15.705430783236288,33.74747845538993,11.731976296435057,20.14462996589969,25.225261337484504,11.95353058204215,5.697644436953578
1627,1627,youth,unhealthy_offers,multimodal,600,15.153990850564645,46.34833065573226,31.941472052147496,50.73338498510773,64.15099260515792,93.15003772731374,36.72915838906422,60.32849844309273,79.70291714947555,51.838769520263206,24.07357472896533
1634,1634,youth,unhealthy_offers,multimodal,900,31.613289658404874,67.62465590705963,51.722696563816505,66.38682500630743,91.97072399608271,99.34552327149265,57.42081192327524,78.81039309512165,97.59665021786701,80.93599415675807,45.77919371997123
1641,1641,youth,shop_kiosk,multimodal,300,0.4107213799470115,0.8310086259657536,,,0.49847095566446165,0.6711000243825497,0.6641866963960151,,1.704331907299763,,
1648,1648,youth,shop_kiosk,multimodal,600,3.5608076779334668,4.72006098385007,,0.06200932572035715,3.4035933861490024,4.727032844571457,3.758936467414511,,14.518205743933956,,
1655,1655,youth,shop_kiosk,multimodal,900,8.401452513023246,10.26984455920991,,0.3037646986053199,12.12238196348914,12.338544594949733,8.003611491507897,,30.55989797376902,0.4827031878371909,
1662,1662,youth,shop_alcohol,multimodal,300,,0.6376037884369422,0.17591502573917076,2.8534684987381125,0.08423393558284062,0.032188577144007545,1.1034197857729229,0.23024978328414764,1.006171848887812,1.023695363400439,0.19935376131967153
1669,1669,youth,shop_alcohol,multimodal,600,0.007334310356196634,3.363121401926568,1.4936293918244046,12.64401100523522,0.4730059459651819,1.75023493443222,3.4179029719833567,1.196216840740228,6.747439227838865,2.8049502529571537,2.246344162686005
1676,1676,youth,shop_alcohol,multimodal,900,0.4767301731527813,6.4556562057314775,2.0329642473355034,22.785730821104462,2.556678500586074,5.1212611782072095,9.468120114573717,6.172131012596902,23.236912297989974,4.805454012906717,6.428159154350601
1683,1683,youth,shop_convenience,multimodal,300,0.6087477595643207,0.13370352066943816,,3.611772135213793,1.7176645316195356,0.12458161261920166,2.4752716401191135,1.9137954753716668,0.7802965358721807,0.8795374095854174,0.4130864763892381
1690,1690,youth,shop_convenience,multimodal,600,2.5120012969973473,2.042017406587783,,13.874148015517987,13.871831676764762,2.5379798723207894,10.010751010048372,7.4960539914029845,5.729019302851011,6.008694218551654,3.291795240620404
1697,1697,youth,shop_convenience,multimodal,900,5.713427767477179,5.595289758924063,,22.934472205408888,37.918516844877864,9.791059249399252,18.962299407900783,15.049733810267032,19.728208490582656,14.99257390529941,10.978096650979962
1704,1704,youth,shop_confectionery,multimodal,300,,0.15396162986177728,,0.4662163098331955,0.47562979060435234,0.8969876108582517,,,,0.01828045432265098,0.13967311103399457
1711,1711,youth,shop_confectionery,multimodal,600,,1.0858346527093765,,2.516444660304477,4.398576737698776,3.76236470109989,,0.03843698382857813,,0.5265379657920229,0.8410104345238398
1718,1718,youth,shop_confectionery,multimodal,900,,2.463386077788436,,4.763270249862047,12.359380393244415,5.930084760673998,,0.39596102655645854,,2.357969759186111,1.9821694693547744
1725,1725,youth,shop_health_food,multimodal,300,,,,,,,0.38491293329507015,,0.8008306552372381,,
1732,1732,youth,shop_health_food,multimodal,600,,,,,,,2.0566114937703484,,4.995446444956472,,
1739,1739,youth,shop_health_food,multimodal,900,,,,,,,3.7520973904161576,,11.23594433672394,,
1746,1746,youth,shop_spices,multimodal,300,,,,,,,0.2887161679544877,,,,
1753,1753,youth,shop_spices,multimodal,600,,,,,,,2.451141344266671,,0.04022153552386535,,
1760,1760,youth,shop_spices,multimodal,900,,,,,,0.08174432304821512,5.784479552568461,,2.0014270504931213,,
1767,1767,youth,shop_supermarket,multimodal,300,0.48773163868707614,3.6049823160054997,2.3184897613160302,9.352411516533381,7.504447577896746,11.291545192383486,3.6319796213052613,6.509429222563836,10.477067879711552,1.590180203156244,4.3796366482127915
1774,1774,youth,shop_supermarket,multimodal,600,2.65868750412128,15.796314089166948,11.506917955414094,42.18415044394336,38.71752459746947,48.290605132419614,18.971484823949044,32.816035981114936,48.934390047245365,12.650011515403342,18.90704852838111
1781,1781,youth,shop_supermarket,multimodal,900,6.021468802437438,33.49990148272517,20.221316664614232,61.69221362527695,75.67745012951191,84.03975651399979,32.507644098603,58.42238284619955,88.25314755309,30.019223930592076,36.64992808869809
1788,1788,youth,amenity_cafe,multimodal,300,1.3656344647927285,5.222953170403294,4.371785578378266,16.761318898099468,6.882603909907653,25.086650244140706,4.419007085827422,9.632354720961635,15.992504136956374,7.063378378399894,3.4050494819598582
1795,1795,youth,amenity_cafe,multimodal,600,7.2331516878374735,27.144760923547622,18.66705956732265,41.748558725853115,43.285711168679086,83.3454513402798,22.936928824799185,43.79448110121012,52.07186019689832,36.04075126328216,16.950523035468102
1802,1802,youth,amenity_cafe,multimodal,900,18.088968445456036,47.52435249275537,38.52746845921972,58.37914625650282,77.26426287115189,98.94731409618781,44.82335953375085,69.78736797877575,77.35785813696964,66.84354898723205,33.26827598659782
1809,1809,youth,shop_seafood,multimodal,300,0.2750366383573738,,,,1.266153173543178,,,0.12873626220828155,,,
1816,1816,youth,shop_seafood,multimodal,600,1.2821894499691324,,,,7.174867983411342,,,2.7580102577198415,,,
1823,1823,youth,shop_seafood,multimodal,900,2.8000453236966596,,,0.03931944781725746,17.51511890068063,,,8.581030484205057,,,
4,4,children_u5,amenity_fast_food,drive,300,8.166744700222385,14.558379513429982,4.886882604741513,50.03586953217247,30.548576621455677,72.88619583437118,10.091195826648848,16.415416810412996,57.78103293176176,5.537532770163497,9.409605714592194
11,11,children_u5,amenity_fast_food,drive,600,31.708640978909543,52.29548409287179,27.34945363473124,63.46409703978111,91.41971055496609,100.0,36.56439395881389,46.668281226789375,98.37655152675383,43.09312175933209,30.73357083528499
18,18,children_u5,amenity_fast_food,drive,900,53.49394471776441,79.23706008732158,53.41940085512491,67.86103144101533,100.0,100.0,63.21617256174159,66.45038362640348,100.0,77.14295137203848,48.475269991833876
25,25,children_u5,amenity_ice_cream,drive,300,,1.739204783872272,,17.43478564666093,5.9155861998506705,22.911331725075897,3.8659820308080093,,14.591857902779775,,6.537480774172109
32,32,children_u5,amenity_ice_cream,drive,600,,8.38561257699117,,31.944120948101133,34.958457007829956,92.07960876130389,21.305754156919644,,41.805816742771654,1.1563658206013518,20.909463278480562
39,39,children_u5,amenity_ice_cream,drive,900,,19.997108422284853,0.5517009256342312,46.82698730819993,78.46535688593241,100.0,34.40976410483013,,71.08905898566142,11.114771960988467,38.38112927564033
46,46,children_u5,shop_deli,drive,300,,,,,0.8993867623124218,,,,18.691133460527013,,
53,53,children_u5,shop_deli,drive,600,,,,,14.487129554171169,4.725136364759227,,7.593712560062531,61.247086343182,1.6756222463548913,
60,60,children_u5,shop_deli,drive,900,,,,,38.68503549518584,30.0851670099711,4.098997737721324,31.518897503958655,99.80442111019238,19.916332203979806,
67,67,children_u5,shop_beverages,drive,300,,6.383023391639611,2.02904367796964,15.75026529432654,0.4129468603576333,2.5615998666940536,10.134379783879169,11.104625390454926,31.014080543819446,,2.6387333820335224
74,74,children_u5,shop_beverages,drive,600,,22.564452790617608,8.13041240727253,44.84754684698256,21.94398599714046,19.963204229469632,33.514849021205016,54.47516172913831,83.43398514815136,3.3665185083795386,13.283533764913235
81,81,children_u5,shop_beverages,drive,900,,37.92499418013716,26.937225028942567,63.0179063808295,74.258657998444,55.778149512764664,55.816859696490276,84.39946952117214,100.0,35.141121687565594,25.399219274259927
88,88,children_u5,shop_butcher,drive,300,3.9992168267666073,9.62792551329878,8.303262559766758,28.210100833759906,0.16471059943956637,29.499194367871578,13.147281878331816,2.201267785289089,,0.4544342033214546,11.674974016235291
95,95,children_u5,shop_butcher,drive,600,11.51467095501785,37.16610379616526,35.51438956854657,60.45743544528123,9.457759582903053,85.99589662280042,45.00187583396178,11.685376429514802,8.9041001118846,6.378021981632341,35.56676233441862
102,102,children_u5,shop_butcher,drive,900,23.812354170720106,56.38852338372045,61.99078905797548,68.88858885593932,49.97991657010825,100.0,63.3473001938473,22.354950274033715,38.89719546197448,10.224235308811343,56.31296442612428
109,109,children_u5,amenity_restaurant,drive,300,13.327106219368783,44.22723369041556,19.80052323297525,54.25697723493224,80.99379010105419,97.01581508459073,33.35583778249626,54.07740329169234,93.21064315486012,45.479971197414116,32.81152385755598
116,116,children_u5,amenity_restaurant,drive,600,39.27648168121543,79.86718207204852,64.65614526863341,67.31092293340683,100.0,100.0,59.12457820848466,91.0469705005687,100.0,85.52835647582523,65.89938930373431
123,123,children_u5,amenity_restaurant,drive,900,68.95488253915744,94.96001377872908,86.02424485114342,80.4855988682893,100.0,100.0,83.43660619431041,96.1920269195942,100.0,98.46130794393112,79.48816421251024
130,130,children_u5,shop_wine,drive,300,,,,0.6794232087748703,,7.409904139776975,,,,,
137,137,children_u5,shop_wine,drive,600,,,,12.341919114769958,,36.77842901725912,0.012540407460542849,,,,
144,144,children_u5,shop_wine,drive,900,,1.8817452972327384,,24.551676900856727,0.060539175543048496,75.7388568597592,3.123969776495183,,0.05598544515916338,,
151,151,children_u5,healthy_offers,drive,300,5.388856527629864,19.652995636002935,8.666925077913579,48.05936565210012,27.11232213557343,48.78970537764148,37.20201538895885,22.41833086497976,34.09616145612678,18.89416583231076,15.720464475860513
158,158,children_u5,healthy_offers,drive,600,19.90116523890042,49.29035549377703,36.405738256248675,67.57152544338038,86.14427539576923,93.88483351199345,64.3326017902065,55.51262103925575,99.57384477577288,63.790486487607446,39.355001803934286
165,165,children_u5,healthy_offers,drive,900,36.98503983484003,79.85836881340387,68.0610560192613,80.25983294975786,99.60115344231353,100.0,78.81055104019262,88.54963092394424,100.0,91.62060855697277,60.69388955026
172,172,children_u5,amenity_pub,drive,300,1.1201028750019082,13.592456420450528,,16.15279058348691,0.7555977456000493,31.81038226630934,10.564304304057986,0.4428311333432682,23.69614680068927,,10.108505881902861
179,179,children_u5,amenity_pub,drive,600,5.090253663339164,44.33721428193157,,37.73403420448241,27.709334133717732,88.25221257899129,23.161488130393135,13.741711853647805,85.57424955938225,4.897697507329176,32.47156207744214
186,186,children_u5,amenity_pub,drive,900,9.429594343184666,75.2748554689145,0.2316276879528103,61.669506532714195,64.6576643562701,100.0,33.67495507666175,40.335982221108694,100.0,34.88050264022978,55.943893327947315
193,193,children_u5,amenity_drinking_water,drive,300,,6.714155008968447,0.36366251814682227,1.7575162342688795,,,,,,,
200,200,children_u5,amenity_drinking_water,drive,600,,25.96036694761547,2.766472677790457,15.070842085551666,0.12174261697707078,,,,,,
207,207,children_u5,amenity_drinking_water,drive,900,,55.69788936890669,12.954184423382472,44.05582228138539,5.313707164528619,7.077775649349682,,,,,
214,214,children_u5,amenity_bar,drive,300,11.748842846063654,24.226686409469707,9.655404275471835,40.891019896038095,30.143210714180245,83.68345271691217,37.994367236814966,38.593679708141856,73.58549710441825,34.343254868105596,14.353260684339093
221,221,children_u5,amenity_bar,drive,600,40.1142128149133,78.92321354677102,36.7601478178532,65.01804751801147,72.61865580093807,99.97519202236104,81.0315325904366,91.5160678423602,100.0,82.9180486474708,44.925534032766784
228,228,children_u5,amenity_bar,drive,900,58.41908573712622,97.61316716347028,74.30603044966018,76.5854531284883,98.0163114763148,100.0,92.95594690297645,95.59600874816662,100.0,95.97300312388907,67.55895971470282
235,235,children_u5,shop_bakery,drive,300,17.12811481602929,59.7565654418162,40.41506327113279,49.130084014353145,74.98690717451194,85.8656549576003,40.78832649587769,69.33077204241445,68.61738161316649,54.222129049075185,23.563066249920357
242,242,children_u5,shop_bakery,drive,600,42.433986098439135,91.72055367525229,81.70929275372573,79.74248217704155,98.23154218166054,100.0,82.27860779244526,88.38687766822184,100.0,87.72479656249928,62.62725135182582
249,249,children_u5,shop_bakery,drive,900,51.52565069446536,98.89260868940488,95.77482187438962,87.63919529786934,100.0,100.0,91.75637932771099,94.8428627931267,100.0,97.820672501365,80.06613595562222
256,256,children_u5,shop_greengrocer,drive,300,,7.075158458202944,,30.832337515560436,5.927967266784011,26.21683419091363,17.554643584539654,0.11027430661713332,17.89670774372185,,9.02857270610876
263,263,children_u5,shop_greengrocer,drive,600,,32.471597731344154,,58.62692332907784,36.720243704410464,92.82651399554234,48.62688712905885,12.546442793004047,79.45458231781343,3.7115971358230833,31.13543359302594
270,270,children_u5,shop_greengrocer,drive,900,,62.91199694401376,4.044371989183203,66.99069592564257,83.96458667790554,100.0,69.51735321711865,39.629145477051935,100.0,30.777854631935668,48.144857230803765
277,277,children_u5,amenity_marketplace,drive,300,,,,20.792596215647478,5.201255603318151,0.88429433764786,7.819682158307245,15.53677387539535,16.203352099822546,18.89416583231076,0.597024088843223
284,284,children_u5,amenity_marketplace,drive,600,,,,47.41363285037195,34.699647458651924,26.168809770676944,26.670855383146154,48.96665904475023,67.20723977633793,60.56506074625337,6.531963510533517
291,291,children_u5,amenity_marketplace,drive,900,,1.957290749473084,0.14513618214212431,64.20000720860858,61.60380735348065,71.17191997455923,43.68508117551091,86.15017567085019,99.3821277622193,88.36597513812214,16.855309019915754
298,298,children_u5,amenity_food_court,drive,300,,5.342797005050278,,,,,,,,,
305,305,children_u5,amenity_food_court,drive,600,,18.104796214840828,,,,,,,,,
312,312,children_u5,amenity_food_court,drive,900,,45.32395851743405,0.9311324926850143,,,,,,,,
319,319,children_u5,shop_coffee,drive,300,,,,16.929429540960612,,15.120648877162646,0.06270203730271426,,14.741298324700514,,2.773375460373334
326,326,children_u5,shop_coffee,drive,600,,,,49.962873650237974,0.04843134043443879,54.12614708531335,12.095284601989698,,65.82095809668064,8.904339690041384,10.875682706369473
333,333,children_u5,shop_coffee,drive,900,,1.523670383536867,,65.73400776134982,10.717164860720167,90.85425173611736,43.15607716943104,4.866532171847109,98.13303425576693,24.72586679251814,23.836379300639475
340,340,children_u5,shop_pastry,drive,300,,7.407059484274248,4.961269004326375,7.226592311514531,12.00826233692472,0.4537673312655058,3.406051269354475,0.4584577439021805,3.098738009933987,11.758427665607044,14.740705333103424
347,347,children_u5,shop_pastry,drive,600,,26.549608838731974,22.288825800891907,24.70629850090437,34.495433751814836,29.93054975513154,20.944543313751627,16.122713526305084,27.287528122709766,36.535674983048324,46.93876968441417
354,354,children_u5,shop_pastry,drive,900,,50.65056522852963,52.60972464136668,50.11448048194808,57.582810505799934,73.59620153118628,50.845313923373745,63.137847932444416,79.57811074459516,56.443862293161075,69.55817967268474
361,361,children_u5,amenity_vending_machine,drive,300,1.7270176964627983,0.02740466204182783,,,,,,,,,
368,368,children_u5,amenity_vending_machine,drive,600,10.705593598517876,3.6546490521192285,,0.4433894028549804,,,,,,,
375,375,children_u5,amenity_vending_machine,drive,900,20.234431753469924,18.77787876406428,,5.282414677008954,,,,,,,
382,382,children_u5,mixed_offers,drive,300,15.97617573682443,52.65023412034707,26.80024954990027,63.415152883790206,83.58322570467843,98.03794106455823,37.32405161710184,68.88676439657326,95.3414192759957,57.13610760642071,47.64675251106947
389,389,children_u5,mixed_offers,drive,600,50.95821228885005,88.90076921535007,69.98543102802898,79.27643154622902,100.0,100.0,64.91457021781054,94.35706548291408,100.0,89.19870799600056,83.52905576575212
396,396,children_u5,mixed_offers,drive,900,78.76448941249804,98.60582516011482,87.52583603311035,86.5206335926007,100.0,100.0,86.23361771881554,96.3886662254761,100.0,98.75230506594613,94.24060233140317
403,403,children_u5,unhealthy_offers,drive,300,29.492189326704775,66.65991846007127,51.08887791025721,65.96206727388261,86.69116786907492,97.9676894404494,58.43923425575389,73.35631742857885,95.99253245137443,82.28257629977809,47.562896563277235
410,410,children_u5,unhealthy_offers,drive,600,65.13689186150268,91.9131785607528,86.55359990754073,83.35297079887826,100.0,100.0,88.26456876208675,91.22722319762713,100.0,95.70725317759484,85.0669834875678
417,417,children_u5,unhealthy_offers,drive,900,78.9693898171631,98.89260868940488,98.1325356782002,89.55722208975688,100.0,100.0,94.93345186616158,95.74958848135991,100.0,98.14623814709591,94.74733550227587
424,424,children_u5,shop_kiosk,drive,300,7.676447303345235,8.865467946535283,,0.27547460585608874,7.1443682604782275,12.590915129437045,8.327979299938725,,28.784089118593286,0.7369660892292883,
431,431,children_u5,shop_kiosk,drive,600,36.01075861588957,32.21004431648856,,12.752857488234987,58.238163647484875,68.90458779485414,26.535657310541904,8.305300773047556,93.88252852309974,14.402634665380104,1.2729113153767215
438,438,children_u5,shop_kiosk,drive,900,47.402030050580684,51.90912074206455,3.287008384044355,46.675347660717506,92.41749040027702,100.0,54.50446150770974,33.35171540415598,100.0,49.62499605374078,8.33882597508453
445,445,children_u5,shop_alcohol,drive,300,0.493956332674741,6.88666529282215,2.2717360671147158,25.125668993588086,0.610641296203464,5.396562781936328,8.421257317092511,4.836153664762569,23.289300957732433,5.52943134530906,4.667002696378642
452,452,children_u5,shop_alcohol,drive,600,3.5724210043752334,27.2540331279098,6.444508475085656,55.19167879606084,4.505163127599462,33.365781670463235,33.885255815590476,38.99440009050374,79.48540380544642,30.621346744724942,26.14589983250091
459,459,children_u5,shop_alcohol,drive,900,7.152780252146269,53.965141273045745,18.267320195347846,72.18885500889554,36.62520612514933,69.88924163155701,51.99843419700664,90.76977198874229,100.0,74.63870568053866,58.20060698714899
466,466,children_u5,shop_convenience,drive,300,5.656714743075182,4.144715252402638,0.02546478902371025,23.17338498028008,41.42679349988449,11.314870468318535,17.909341510906586,14.311937274547867,21.47919906807033,16.70604040536869,9.971681756605662
473,473,children_u5,shop_convenience,drive,600,20.64005683420899,30.225257588420607,1.8588190710100163,45.886334397588755,86.98358401572166,68.95644471263451,32.75676783822698,56.55835351124047,88.68379489138138,53.75844313807904,42.44995414117081
480,480,children_u5,shop_convenience,drive,900,44.345332719284016,49.84719349251646,18.61259069567843,66.42918914153113,99.25080014433418,100.0,58.625748127681184,81.96878921235414,100.0,81.6752567767991,61.7378605883409
487,487,children_u5,shop_confectionery,drive,300,,2.5418761508875565,,4.93564463233976,14.712311452175019,7.896273383417363,,0.5884798901370345,,2.675445047521646,1.9565838951198695
494,494,children_u5,shop_confectionery,drive,600,,21.943922230592673,0.820149353856858,21.460789288740116,48.820659310105455,37.0510926889944,,10.506449566264097,,12.79202430178478,6.014574360376034
501,501,children_u5,shop_confectionery,drive,900,,47.949693566639056,14.131338429681023,40.16474840831369,89.44803687482377,88.9991935397752,6.58584432902299,43.81443912832292,,34.13962664234347,12.643906198372814
508,508,children_u5,shop_health_food,drive,300,,,,,,,3.3923988424675215,,11.415123381509353,,
515,515,children_u5,shop_health_food,drive,600,,,,,,1.2280955648263698,19.170233610884253,,36.11640181217697,1.040071303893309,
522,522,children_u5,shop_health_food,drive,900,,,,2.7345380386228255,0.4228962662278839,9.694037026851746,33.38894752336674,,65.59360322823504,10.325495351855423,
529,529,children_u5,shop_spices,drive,300,,,,,,0.22949896108480555,5.574958356272073,,0.09353772990800024,,
536,536,children_u5,shop_spices,drive,600,,,,4.677351511648487,,6.838620149985158,17.266719380877625,,12.463336031242989,,
543,543,children_u5,shop_spices,drive,900,,,,17.889606141791212,0.3610033395190076,18.06974374221352,26.35903003197142,,40.89128873594,,
550,550,children_u5,shop_supermarket,drive,300,6.8129384551138354,30.513004203193766,17.327850125855743,61.28285041792508,71.44884364453848,82.91032817952474,31.395966337126996,56.4014354512259,83.35530683231194,32.15696872820711,37.46107418424345
557,557,children_u5,shop_supermarket,drive,600,36.055366785263246,76.26019721021974,45.97182201894249,79.03867096068159,100.0,100.0,57.8299953797328,88.45817405580819,100.0,75.60544850811586,77.36489561996076
564,564,children_u5,shop_supermarket,drive,900,60.62542402307337,91.85943632896372,74.63889048344234,86.3746418287317,100.0,100.0,80.61584085643372,95.7058908578306,100.0,92.94247122132539,88.26137732346552
571,571,children_u5,amenity_cafe,drive,300,17.395111232362662,49.18075625859555,37.03773836301184,58.23715723826726,72.82839246376751,97.58360202927747,45.52704618596867,64.79587721360535,76.99848265740403,69.43462764508503,35.532309647747056
578,578,children_u5,amenity_cafe,drive,600,59.88631899196004,85.93098886775348,82.78150379877573,74.69822351950002,98.30396692323995,100.0,80.02793397548679,90.28772429174691,100.0,95.0594880990486,71.52664445239853
585,585,children_u5,amenity_cafe,drive,900,76.62401197090749,97.26919755647336,97.75013161241091,84.85179523890281,100.0,100.0,93.38351554366513,95.24096555699097,100.0,96.58923256560637,81.00057262296254
592,592,children_u5,shop_seafood,drive,300,1.389639700863258,,,0.05053561057003169,16.75051224264063,,,8.648664611600156,,,
599,599,children_u5,shop_seafood,drive,600,8.386494283882563,4.599902808867169,0.35371298888184133,3.660823275813664,59.737805642715955,0.3473116869456052,,35.57698471719291,3.8962763357907777,,
606,606,children_u5,shop_seafood,drive,900,13.172685664119923,16.615054159860204,6.9888287924523524,10.284184950504416,79.26254707030522,20.887533796549356,,59.08828046820553,39.70521316245998,3.449676346458861,
613,613,children_u5,amenity_fast_food,walk,300,0.3366220933783421,1.3640322656832906,0.7396825006608448,8.854961985437772,1.9222339049427173,6.277638652830464,0.8846691486253419,1.0236451023561841,4.5659488310048175,,0.8262681835113831
620,620,children_u5,amenity_fast_food,walk,600,2.9234897022749484,6.383023391639611,4.281983228139961,33.70725225021112,11.73424778384026,39.759379555127076,5.468784858842819,6.310819943072635,31.06035072487584,0.7867771764786023,4.411486278764747
627,627,children_u5,amenity_fast_food,walk,900,7.815486863653678,15.542974321225348,8.964506384079995,50.816363962087394,31.607416656021968,76.65316724713975,12.43121756568715,14.714395397905072,65.51683946579969,4.647183905931892,10.269957233950597
634,634,children_u5,amenity_ice_cream,walk,300,,,,1.97650388007235,0.062237147981521204,1.9598302334787723,,,0.9334828721165405,,0.365294129845362
641,641,children_u5,amenity_ice_cream,walk,600,,0.2549971297864906,,9.321012616250286,1.8937646107230501,10.693814324835262,0.907119876566668,,7.139887036350788,,2.655835765499319
648,648,children_u5,amenity_ice_cream,walk,900,,1.249448391742663,,16.951889812325067,5.983308529767122,21.73943270240436,3.4894376519079504,,13.855717322599695,,5.57574853650445
655,655,children_u5,shop_deli,walk,300,,,,,,,,,1.4408105200059647,,
662,662,children_u5,shop_deli,walk,600,,,,,,,,,6.798190481718283,,
669,669,children_u5,shop_deli,walk,900,,,,,0.458141280033427,,,,17.054090532654882,,
676,676,children_u5,shop_beverages,walk,300,,0.46142337770888764,0.07502093971735266,0.5165862413825462,,0.10234549172291689,1.2446535891408306,0.952701918436701,2.7192761926873135,,0.2658366654119822
683,683,children_u5,shop_beverages,walk,600,,2.485210122046114,0.7638604034100673,5.003025446433136,0.037841834847836445,0.673029649116534,4.900927755083048,4.143925689789549,14.294070317074297,,1.0689294587387557
690,690,children_u5,shop_beverages,walk,900,,7.148014780999083,1.9244183465767328,13.53231349708626,0.8039005054275827,3.30292749489191,10.759985145188475,9.693883414974588,32.589154955219556,,2.237714826113874
697,697,children_u5,shop_butcher,walk,300,0.2634433774265285,0.9390370493724731,0.6286130735233099,2.3358682219036866,0.03580665205207964,2.307141920424378,0.8089566561836655,0.3004211617640196,,,1.0078475955224706
704,704,children_u5,shop_butcher,walk,600,1.287945400751917,4.57250622594439,3.584685944585457,12.588982099779003,0.1503879386187345,14.85283199957668,5.351939570760523,1.8189135794076094,,0.06311586157242427,4.7026085527740245
711,711,children_u5,shop_butcher,walk,900,3.8089521652918914,10.765293663616301,8.534019257642402,27.205003690200385,0.8163916667874159,36.54391104009564,13.648019525403393,2.359671670582845,,0.30295613554763645,10.499761649948047
718,718,children_u5,amenity_restaurant,walk,300,1.7819017334266583,6.4083113244909615,2.500816193127622,21.74154268079585,13.531117121845746,31.817973741104215,8.030909758815099,5.044028304116531,19.054929935365685,3.8698223109723062,3.359048135060362
725,725,children_u5,amenity_restaurant,walk,600,6.309427198304693,27.970079872494846,10.594191160892716,44.1853051233725,58.12902397352489,82.93138991820503,23.99992610580643,22.357521130253204,71.02397101797162,22.55915228613127,17.11767882946093
732,732,children_u5,amenity_restaurant,walk,900,13.625061740946823,48.119736870168374,19.41908189439488,55.7600558209511,85.04384413283485,98.57002340739943,34.760862460095524,47.668532663436324,93.5102720304312,43.53063370434278,31.84599185327078
739,739,children_u5,shop_wine,walk,300,,,,,,0.29769573166766167,,,,,
746,746,children_u5,shop_wine,walk,600,,,,0.23583284932681445,,3.076838321876935,,,,,
753,753,children_u5,shop_wine,walk,900,,,,1.1286286360640407,,7.234767277894207,,,,,
760,760,children_u5,healthy_offers,walk,300,0.5378635622458291,1.5421254991849664,0.6286130735233099,6.109193811132716,1.3115511563091935,4.8430595052590935,2.828319010560482,1.8225263481031646,2.1307761211355816,1.1483728613139996,1.536565361550181
767,767,children_u5,healthy_offers,walk,600,2.564288297074864,9.169938592430666,3.584685944585457,28.889524042534774,10.407477093528758,23.813082392240485,18.722709957703472,10.83525653349375,12.194021669972958,8.47310949596174,6.830920740292315
774,774,children_u5,healthy_offers,walk,900,6.594228127010392,20.206362921607603,8.715058765929038,47.16656986536288,28.694874372246293,53.558229971703334,37.76795982768673,19.950627187850692,32.68299621138453,19.863853612732978,15.331127955723273
781,781,children_u5,amenity_pub,walk,300,0.25612550583134713,0.6541224027498154,,1.3700765532319696,,1.7241544459085398,0.8610757347202581,,0.7305518129607708,,0.5308291290026634
788,788,children_u5,amenity_pub,walk,600,0.6549495077687306,4.1560281158494785,,7.170441633103383,,11.87454716279357,4.792564237950119,,9.679811521730214,,3.837240280465417
795,795,children_u5,amenity_pub,walk,900,1.3391705019181865,12.335303836461264,,16.804138453056208,0.3664557095316745,31.4459849540205,11.271411362406466,0.053297861291447465,23.592750332984355,,9.463817110402568
802,802,children_u5,amenity_drinking_water,walk,300,,0.38451948142407305,,0.05053561057003169,,,,,,,
809,809,children_u5,amenity_drinking_water,walk,600,,3.1888767924275667,,0.38182461319579486,,,,,,,
816,816,children_u5,amenity_drinking_water,walk,900,,6.567292081032439,0.18103950828663526,1.5160683171009504,,,,,,,
823,823,children_u5,amenity_bar,walk,300,0.7683765174940415,1.8712414681195912,0.6561018116148035,10.797775458463434,3.1712850511029824,12.479665968487044,4.246905693134324,3.7726950625600297,6.320235000057823,1.316817438995736,1.4687053686341207
830,830,children_u5,amenity_bar,walk,600,4.559034003797979,9.318303131849925,4.690039844112622,29.743014354384194,16.653311182928572,54.96956736113234,20.484406181785715,16.736417569684235,40.114815051128076,11.527338911383598,6.619952707975198
837,837,children_u5,amenity_bar,walk,900,11.02803249393829,24.492775938707386,8.516036692429205,42.89559911531601,28.435625142261944,85.31608343300886,38.513666680746105,34.61477446514455,73.62195320707873,27.013231483763334,13.481744143080165
844,844,children_u5,shop_bakery,walk,300,1.3574651809061398,10.89446207106226,4.738554058883966,6.3394115926184185,8.30144883561552,10.262394306710682,4.956842787244254,11.792860112038108,9.289938963311844,5.660066251126036,1.5089808531599926
851,851,children_u5,shop_bakery,walk,600,6.9255502955583,37.18020287175481,21.937829909175914,27.66929472561302,43.25195384631357,58.046606870731466,22.189539230852233,47.88676826366171,44.05713800622606,26.821478405637865,10.280445081686326
858,858,children_u5,shop_bakery,walk,900,17.244079572664802,58.823036545086296,39.43130970084354,47.6196307650933,83.07534932118566,93.41963354441796,40.381459403118214,68.44141650449305,72.44981569675,52.46202750601013,23.333469879902285
865,865,children_u5,shop_greengrocer,walk,300,,0.473566098174911,,2.7120777672583665,0.15754926902915042,2.58553354011266,1.771533814251648,,0.6696724952140399,,0.5316733308239644
872,872,children_u5,shop_greengrocer,walk,600,,2.9223480588229553,,15.59304339477533,2.800966484402902,10.647192872113893,9.981125070020038,,5.560311020868089,,3.009070496801857
879,879,children_u5,shop_greengrocer,walk,900,,8.06276638943951,,31.65213742036318,8.70640465674082,26.034906369763235,20.49358059575921,1.0857778885502913,17.88569774528143,,8.77113417918125
886,886,children_u5,amenity_marketplace,walk,300,,,,1.3139258748208238,,,0.15439978691535663,1.4129940063813955,0.6696724952140399,1.1483728613139996,
893,893,children_u5,amenity_marketplace,walk,600,,,,9.601766008306019,1.0671665812056081,0.05461485204760418,2.7418071268963113,6.745113318248258,5.905293821432897,8.4226168067038,0.04728903674005727
900,900,children_u5,amenity_marketplace,walk,900,,,,19.736963461517927,4.8154101489070005,0.767752794607492,7.5073659494310965,13.960853106740888,14.965472638972349,19.863853612732978,0.48471262658558695
907,907,children_u5,amenity_food_court,walk,300,,0.48975639212960875,,,,,,,,,
914,914,children_u5,amenity_food_court,walk,600,,2.4933052690234625,,,,,,,,,
921,921,children_u5,amenity_food_court,walk,900,,4.399712382189129,,,,,,,,,
928,928,children_u5,shop_coffee,walk,300,,,,1.2240847893629896,,0.9427031502809287,,,0.9740690839476944,,0.27486752605158293
935,935,children_u5,shop_coffee,walk,600,,,,7.922860723812743,,7.210328635585671,,,8.786914861444826,,1.2679372975927856
942,942,children_u5,shop_coffee,walk,900,,,,19.73134839367681,,16.187578421847764,0.04180135820180949,,18.42614017134389,,3.0681578498786934
949,949,children_u5,shop_pastry,walk,300,,0.5747554353917722,0.7718413687564691,0.6569629374104117,0.507061435320019,,0.07719989345767832,,,0.8251528186390908,1.0041891968697887
956,956,children_u5,shop_pastry,walk,600,,3.5254365086354476,2.1006816634196683,3.172513330229766,3.9855613182760625,0.0873837632761667,1.0629831483788015,,0.4870345419738472,5.103390802235248,5.0521906082352155
963,963,children_u5,shop_pastry,walk,900,,7.148014780999083,4.12577061546628,7.305203261290136,10.165757080210202,0.5171735698329436,3.922928894988151,0.19649551796376533,3.112135312513191,10.22471970922352,12.481666542136113
970,970,children_u5,amenity_vending_machine,walk,300,0.11708594552290155,,,,,,,,,,
977,977,children_u5,amenity_vending_machine,walk,600,1.0684092528964766,,,,,,,,,,
984,984,children_u5,amenity_vending_machine,walk,900,2.2539044513158553,,,,,,,,,,
991,991,children_u5,mixed_offers,walk,300,2.019732560270052,8.3148545388278,3.8480655512683635,25.363261438314794,17.146763959946988,35.122896252292236,9.739941180509849,9.625185673985454,26.00861645022197,5.311166434885737,7.099246703720799
998,998,children_u5,mixed_offers,walk,600,7.143664560155368,33.56050914993122,14.25200088470007,51.142374178513506,61.93058095719951,87.54310571284346,28.40035308652391,39.48024798312187,78.18635510256,29.185962816819828,27.338565140760462
1005,1005,children_u5,mixed_offers,walk,900,15.959462779809675,56.85844803221652,24.774678445362465,64.29495893944535,86.0707772138821,99.80746025252809,37.983684307766595,65.22179402879732,96.00632405804717,53.669669450879674,46.28034274654833
1012,1012,children_u5,unhealthy_offers,walk,300,3.3748251582163977,14.101816883795818,8.30169953459452,23.18461511596231,15.290907012270338,33.72043273962364,11.229691185891614,17.73349811583609,25.21854563980949,12.092744271638825,5.697933344379586
1019,1019,children_u5,unhealthy_offers,walk,600,15.112206355507233,46.30127822364318,30.012578816609665,50.71891768065624,64.10157541691686,93.10319571015651,36.23560668041743,53.814209213182565,79.5835201741092,51.99080308449508,24.067153355510737
1026,1026,children_u5,unhealthy_offers,walk,900,31.525271277327395,67.55712529307164,49.39519956854961,66.36904442599723,91.89922194863472,99.33610867738763,57.08768871187052,72.16186351596639,97.56019263150817,81.03415985190532,45.75148532939915
1033,1033,children_u5,shop_kiosk,walk,300,0.4098008093301555,0.8198806428214176,,,0.5224063693420736,0.6887616336068291,0.64248671491583,,1.6843277909928882,,
1040,1040,children_u5,shop_kiosk,walk,600,3.5528266594605435,4.704578487338746,,0.06386162329361371,3.3600770549188064,4.810306365249821,3.7423208336332094,,14.354515989742833,,
1047,1047,children_u5,shop_kiosk,walk,900,8.382621912280234,10.249936142463875,,0.30740541750289563,12.131724367794416,12.445878487715307,7.989487459393521,,30.254717939948346,0.41385298252445757,
1054,1054,children_u5,shop_alcohol,walk,300,,0.636823519207236,0.12048456411674088,2.8524544632862323,0.13294885256215558,0.039711414843287995,1.1118177766714803,0.1872521528700336,0.9943621898632715,1.2649730354841144,0.1989377271527271
1061,1061,children_u5,shop_alcohol,walk,600,0.007317871595181349,3.3621169097789276,1.4123662957157601,12.639517710349036,0.746558941310566,1.8514361302373261,3.443672491736103,1.1656951059842722,6.724741810564089,3.4726965485879586,2.247872624504521
1068,1068,children_u5,shop_alcohol,walk,900,0.4756616536867876,6.4575924995200635,1.9852794766483974,22.778570636002172,3.1139091240689716,5.279212644510629,9.538582231133663,6.205378441914284,23.212770087807705,5.786521428020624,6.427864366785816
1075,1075,children_u5,shop_convenience,walk,300,0.6073833424000519,0.13356992512625696,,3.6104886218367076,1.7819357843757908,0.12403988819485903,2.493951272845595,1.5572898895258258,0.7711380247919247,0.9816149860982473,0.41248911203588207
1082,1082,children_u5,shop_convenience,walk,600,2.506371021349611,2.039977038291924,,13.869217567553138,14.752081723654392,2.5597074008994234,10.063123779432784,6.257394612663908,5.661776550445974,6.621830586462325,3.2924541587356866
1089,1089,children_u5,shop_convenience,walk,900,5.700621972646271,5.589698987859419,,22.92632199527104,39.63122008609272,9.905301446982472,19.063424809953272,12.885696619399544,19.615301573531273,15.904475612133462,10.977818150199562
1096,1096,children_u5,shop_confectionery,walk,300,,0.1538077925696292,,0.46605063081251435,0.5767201716753769,0.8930871950029848,,,,0.01793810475302372,0.13891154542391823
1103,1103,children_u5,shop_confectionery,walk,600,,1.0847496949647533,,2.5155503928193537,5.163966818607526,3.746004623484742,,0.047434768858015765,,0.5723593706880133,0.836424837339763
1110,1110,children_u5,shop_confectionery,walk,900,,2.4609246811140673,,4.761577529265207,14.290181869888666,5.90429867807529,,0.5603063466249846,,2.823931491955713,1.9713617191011372
1117,1117,children_u5,shop_health_food,walk,300,,,,,,,0.2610324483604584,,0.7914311307075017,,
1124,1124,children_u5,shop_health_food,walk,600,,,,,,,1.4946482533934138,,5.010262175858711,,
1131,1131,children_u5,shop_health_food,walk,900,,,,,,,3.0835992686368088,,11.358309987178451,,
1138,1138,children_u5,shop_spices,walk,300,,,,,,,0.2909842138020182,,,,
1145,1145,children_u5,shop_spices,walk,600,,,,,,,2.470396590645706,,0.0595240099414547,,
1152,1152,children_u5,shop_spices,walk,900,,,,,,0.09928224640452,5.8030026698944805,,2.1643817467785817,,
1159,1159,children_u5,shop_supermarket,walk,300,0.4866384610795596,3.601944279316401,1.9402980699711518,9.349087955455861,7.3579787946345965,11.242691980194087,3.504280683277563,5.793615089787643,10.383221414588792,1.5868071985937444,4.376466403390289
1166,1166,children_u5,shop_supermarket,walk,600,2.6527284532532382,15.78442236855919,9.089748893322048,42.16915948677087,38.613468810000946,48.226237256282644,18.451528898691674,29.037634663650756,48.66130922479012,12.714892571439373,18.89355088495811
1173,1173,children_u5,shop_supermarket,walk,900,6.007972579643889,33.47191504677056,16.56642021318558,61.67029009896198,75.01883644977941,83.99556517350308,31.98038963665832,53.0797653231774,87.98803418730435,30.10689377098647,36.62324196234745
1180,1180,children_u5,amenity_cafe,walk,300,1.3587515337439364,5.218918907226465,4.321700020557723,16.75536243788606,6.682639681593219,25.050755853970614,4.334506452521143,8.23591055349708,15.848009883157093,7.067866862412574,3.4059854687316387
1187,1187,children_u5,amenity_cafe,walk,600,7.209720201992223,27.121896651142162,17.59416711256716,41.73447285323137,43.107060951021914,83.19818846244034,22.510622819512648,37.7886468034108,51.74311911554218,35.978279549935635,16.95118220336569
1194,1194,children_u5,amenity_cafe,walk,900,18.03525983299063,47.4859193785192,36.31402931649791,58.35952552588496,76.57085904245143,98.89398178891304,44.391275464753896,61.50172144298827,77.23033632364394,66.4978397533315,33.24437301838283
1201,1201,children_u5,shop_seafood,walk,300,0.27442018481930053,,,,1.1540018872800433,,,0.10911117995774965,,,
1208,1208,children_u5,shop_seafood,walk,600,1.2763428963229466,,,,6.539344027920245,,,2.2712296358378805,,,
1215,1215,children_u5,shop_seafood,walk,900,2.7852759617185,,,0.03930547488780241,15.9636927740406,,,7.063358444673687,,,
1222,1222,children_u5,amenity_fast_food,multimodal,300,0.3366220933783421,1.3640322656832906,0.7396825006608448,8.854961985437772,1.9222339049427173,6.277638652830464,0.8846691486253419,1.0236451023561841,4.5659488310048175,,0.8262681835113831
1229,1229,children_u5,amenity_fast_food,multimodal,600,2.9234897022749484,6.383023391639611,4.281983228139961,33.70725225021112,11.73424778384026,39.759379555127076,5.468784858842819,6.310819943072635,31.06035072487584,0.7867771764786023,4.411486278764747
1236,1236,children_u5,amenity_fast_food,multimodal,900,7.815486863653678,15.542974321225348,8.964506384079995,50.816363962087394,31.607416656021968,76.65316724713975,12.43121756568715,14.714395397905072,65.51683946579969,4.647183905931892,10.269957233950597
1243,1243,children_u5,amenity_ice_cream,multimodal,300,,,,1.97650388007235,0.062237147981521204,1.9598302334787723,,,0.9334828721165405,,0.365294129845362
1250,1250,children_u5,amenity_ice_cream,multimodal,600,,0.2549971297864906,,9.321012616250286,1.8937646107230501,10.693814324835262,0.907119876566668,,7.139887036350788,,2.655835765499319
1257,1257,children_u5,amenity_ice_cream,multimodal,900,,1.249448391742663,,16.951889812325067,5.983308529767122,21.73943270240436,3.4894376519079504,,13.855717322599695,,5.57574853650445
1264,1264,children_u5,shop_deli,multimodal,300,,,,,,,,,1.4408105200059647,,
1271,1271,children_u5,shop_deli,multimodal,600,,,,,,,,,6.798190481718283,,
1278,1278,children_u5,shop_deli,multimodal,900,,,,,0.458141280033427,,,,17.054090532654882,,
1285,1285,children_u5,shop_beverages,multimodal,300,,0.46142337770888764,0.07502093971735266,0.5165862413825462,,0.10234549172291689,1.2446535891408306,0.952701918436701,2.7192761926873135,,0.2658366654119822
1292,1292,children_u5,shop_beverages,multimodal,600,,2.485210122046114,0.7638604034100673,5.003025446433136,0.037841834847836445,0.673029649116534,4.900927755083048,4.143925689789549,14.294070317074297,,1.0689294587387557
1299,1299,children_u5,shop_beverages,multimodal,900,,7.148014780999083,1.9244183465767328,13.53231349708626,0.8039005054275827,3.30292749489191,10.759985145188475,9.693883414974588,32.589154955219556,,2.237714826113874
1306,1306,children_u5,shop_butcher,multimodal,300,0.2634433774265285,0.9390370493724731,0.6286130735233099,2.3358682219036866,0.03580665205207964,2.307141920424378,0.8089566561836655,0.3004211617640196,,,1.0078475955224706
1313,1313,children_u5,shop_butcher,multimodal,600,1.287945400751917,4.57250622594439,3.584685944585457,12.588982099779003,0.1503879386187345,14.85283199957668,5.351939570760523,1.8189135794076094,,0.06311586157242427,4.7026085527740245
1320,1320,children_u5,shop_butcher,multimodal,900,3.8089521652918914,10.765293663616301,8.534019257642402,27.205003690200385,0.8163916667874159,36.54391104009564,13.648019525403393,2.359671670582845,,0.30295613554763645,10.499761649948047
1327,1327,children_u5,amenity_restaurant,multimodal,300,1.7819017334266583,6.4083113244909615,2.500816193127622,21.74154268079585,13.531117121845746,31.817973741104215,8.030909758815099,5.044028304116531,19.054929935365685,3.8698223109723062,3.359048135060362
1334,1334,children_u5,amenity_restaurant,multimodal,600,6.309427198304693,27.970079872494846,10.594191160892716,44.1853051233725,58.12902397352489,82.93138991820503,23.99992610580643,22.357521130253204,71.02397101797162,22.55915228613127,17.11767882946093
1341,1341,children_u5,amenity_restaurant,multimodal,900,13.625061740946823,48.119736870168374,19.41908189439488,55.7600558209511,85.04384413283485,98.57002340739943,34.760862460095524,47.668532663436324,93.5102720304312,43.53063370434278,31.84599185327078
1348,1348,children_u5,shop_wine,multimodal,300,,,,,,0.29769573166766167,,,,,
1355,1355,children_u5,shop_wine,multimodal,600,,,,0.23583284932681445,,3.076838321876935,,,,,
1362,1362,children_u5,shop_wine,multimodal,900,,,,1.1286286360640407,,7.234767277894207,,,,,
1369,1369,children_u5,healthy_offers,multimodal,300,0.5378635622458291,1.5421254991849664,0.6286130735233099,6.109193811132716,1.3115511563091935,4.8430595052590935,2.828319010560482,1.8225263481031646,2.1307761211355816,1.1483728613139996,1.536565361550181
1376,1376,children_u5,healthy_offers,multimodal,600,2.564288297074864,9.169938592430666,3.584685944585457,28.889524042534774,10.407477093528758,23.813082392240485,18.722709957703472,10.83525653349375,12.194021669972958,8.47310949596174,6.830920740292315
1383,1383,children_u5,healthy_offers,multimodal,900,6.594228127010392,20.206362921607603,8.715058765929038,47.16656986536288,28.694874372246293,53.558229971703334,37.76795982768673,19.950627187850692,32.68299621138453,19.863853612732978,15.331127955723273
1390,1390,children_u5,amenity_pub,multimodal,300,0.25612550583134713,0.6541224027498154,,1.3700765532319696,,1.7241544459085398,0.8610757347202581,,0.7305518129607708,,0.5308291290026634
1397,1397,children_u5,amenity_pub,multimodal,600,0.6549495077687306,4.1560281158494785,,7.170441633103383,,11.87454716279357,4.792564237950119,,9.679811521730214,,3.837240280465417
1404,1404,children_u5,amenity_pub,multimodal,900,1.3391705019181865,12.335303836461264,,16.804138453056208,0.3664557095316745,31.4459849540205,11.271411362406466,0.053297861291447465,23.592750332984355,,9.463817110402568
1411,1411,children_u5,amenity_drinking_water,multimodal,300,,0.38451948142407305,,0.05053561057003169,,,,,,,
1418,1418,children_u5,amenity_drinking_water,multimodal,600,,3.1888767924275667,,0.38182461319579486,,,,,,,
1425,1425,children_u5,amenity_drinking_water,multimodal,900,,6.567292081032439,0.18103950828663526,1.5160683171009504,,,,,,,
1432,1432,children_u5,amenity_bar,multimodal,300,0.7683765174940415,1.8712414681195912,0.6561018116148035,10.797775458463434,3.1712850511029824,12.479665968487044,4.246905693134324,3.7726950625600297,6.320235000057823,1.316817438995736,1.4687053686341207
1439,1439,children_u5,amenity_bar,multimodal,600,4.559034003797979,9.318303131849925,4.690039844112622,29.743014354384194,16.653311182928572,54.96956736113234,20.484406181785715,16.736417569684235,40.114815051128076,11.527338911383598,6.619952707975198
1446,1446,children_u5,amenity_bar,multimodal,900,11.02803249393829,24.492775938707386,8.516036692429205,42.89559911531601,28.435625142261944,85.31608343300886,38.513666680746105,34.61477446514455,73.62195320707873,27.013231483763334,13.481744143080165
1453,1453,children_u5,shop_bakery,multimodal,300,1.3574651809061398,10.89446207106226,4.738554058883966,6.3394115926184185,8.30144883561552,10.262394306710682,4.956842787244254,11.792860112038108,9.289938963311844,5.660066251126036,1.5089808531599926
1460,1460,children_u5,shop_bakery,multimodal,600,6.9255502955583,37.18020287175481,21.937829909175914,27.66929472561302,43.25195384631357,58.046606870731466,22.189539230852233,47.88676826366171,44.05713800622606,26.821478405637865,10.280445081686326
1467,1467,children_u5,shop_bakery,multimodal,900,17.244079572664802,58.823036545086296,39.43130970084354,47.6196307650933,83.07534932118566,93.41963354441796,40.381459403118214,68.44141650449305,72.44981569675,52.46202750601013,23.333469879902285
1474,1474,children_u5,shop_greengrocer,multimodal,300,,0.473566098174911,,2.7120777672583665,0.15754926902915042,2.58553354011266,1.771533814251648,,0.6696724952140399,,0.5316733308239644
1481,1481,children_u5,shop_greengrocer,multimodal,600,,2.9223480588229553,,15.59304339477533,2.800966484402902,10.647192872113893,9.981125070020038,,5.560311020868089,,3.009070496801857
1488,1488,children_u5,shop_greengrocer,multimodal,900,,8.06276638943951,,31.65213742036318,8.70640465674082,26.034906369763235,20.49358059575921,1.0857778885502913,17.88569774528143,,8.77113417918125
1495,1495,children_u5,amenity_marketplace,multimodal,300,,,,1.3139258748208238,,,0.15439978691535663,1.4129940063813955,0.6696724952140399,1.1483728613139996,
1502,1502,children_u5,amenity_marketplace,multimodal,600,,,,9.601766008306019,1.0671665812056081,0.05461485204760418,2.7418071268963113,6.745113318248258,5.905293821432897,8.4226168067038,0.04728903674005727
1509,1509,children_u5,amenity_marketplace,multimodal,900,,,,19.736963461517927,4.8154101489070005,0.767752794607492,7.5073659494310965,13.960853106740888,14.965472638972349,19.863853612732978,0.48471262658558695
1516,1516,children_u5,amenity_food_court,multimodal,300,,0.48975639212960875,,,,,,,,,
1523,1523,children_u5,amenity_food_court,multimodal,600,,2.4933052690234625,,,,,,,,,
1530,1530,children_u5,amenity_food_court,multimodal,900,,4.399712382189129,,,,,,,,,
1537,1537,children_u5,shop_coffee,multimodal,300,,,,1.2240847893629896,,0.9427031502809287,,,0.9740690839476944,,0.27486752605158293
1544,1544,children_u5,shop_coffee,multimodal,600,,,,7.922860723812743,,7.210328635585671,,,8.786914861444826,,1.2679372975927856
1551,1551,children_u5,shop_coffee,multimodal,900,,,,19.73134839367681,,16.187578421847764,0.04180135820180949,,18.42614017134389,,3.0681578498786934
1558,1558,children_u5,shop_pastry,multimodal,300,,0.5747554353917722,0.7718413687564691,0.6569629374104117,0.507061435320019,,0.07719989345767832,,,0.8251528186390908,1.0041891968697887
1565,1565,children_u5,shop_pastry,multimodal,600,,3.5254365086354476,2.1006816634196683,3.172513330229766,3.9855613182760625,0.0873837632761667,1.0629831483788015,,0.4870345419738472,5.103390802235248,5.0521906082352155
1572,1572,children_u5,shop_pastry,multimodal,900,,7.148014780999083,4.12577061546628,7.305203261290136,10.165757080210202,0.5171735698329436,3.922928894988151,0.19649551796376533,3.112135312513191,10.22471970922352,12.481666542136113
1579,1579,children_u5,amenity_vending_machine,multimodal,300,0.11708594552290155,,,,,,,,,,
1586,1586,children_u5,amenity_vending_machine,multimodal,600,1.0684092528964766,,,,,,,,,,
1593,1593,children_u5,amenity_vending_machine,multimodal,900,2.2539044513158553,,,,,,,,,,
1600,1600,children_u5,mixed_offers,multimodal,300,2.019732560270052,8.3148545388278,3.8480655512683635,25.363261438314794,17.146763959946988,35.122896252292236,9.739941180509849,9.625185673985454,26.00861645022197,5.311166434885737,7.099246703720799
1607,1607,children_u5,mixed_offers,multimodal,600,7.143664560155368,33.56050914993122,14.25200088470007,51.142374178513506,61.93058095719951,87.54310571284346,28.40035308652391,39.48024798312187,78.18635510256,29.185962816819828,27.338565140760462
1614,1614,children_u5,mixed_offers,multimodal,900,15.959462779809675,56.85844803221652,24.774678445362465,64.29495893944535,86.0707772138821,99.80746025252809,37.983684307766595,65.22179402879732,96.00632405804717,53.669669450879674,46.28034274654833
1621,1621,children_u5,unhealthy_offers,multimodal,300,3.3748251582163977,14.101816883795818,8.30169953459452,23.18461511596231,15.290907012270338,33.72043273962364,11.229691185891614,17.73349811583609,25.21854563980949,12.092744271638825,5.697933344379586
1628,1628,children_u5,unhealthy_offers,multimodal,600,15.112206355507233,46.30127822364318,30.012578816609665,50.71891768065624,64.10157541691686,93.10319571015651,36.23560668041743,53.814209213182565,79.5835201741092,51.99080308449508,24.067153355510737
1635,1635,children_u5,unhealthy_offers,multimodal,900,31.525271277327395,67.55712529307164,49.39519956854961,66.36904442599723,91.89922194863472,99.33610867738763,57.08768871187052,72.16186351596639,97.56019263150817,81.03415985190532,45.75148532939915
1642,1642,children_u5,shop_kiosk,multimodal,300,0.4098008093301555,0.8198806428214176,,,0.5224063693420736,0.6887616336068291,0.64248671491583,,1.6843277909928882,,
1649,1649,children_u5,shop_kiosk,multimodal,600,3.5528266594605435,4.704578487338746,,0.06386162329361371,3.3600770549188064,4.810306365249821,3.7423208336332094,,14.354515989742833,,
1656,1656,children_u5,shop_kiosk,multimodal,900,8.382621912280234,10.249936142463875,,0.30740541750289563,12.131724367794416,12.445878487715307,7.989487459393521,,30.254717939948346,0.41385298252445757,
1663,1663,children_u5,shop_alcohol,multimodal,300,,0.636823519207236,0.12048456411674088,2.8524544632862323,0.13294885256215558,0.039711414843287995,1.1118177766714803,0.1872521528700336,0.9943621898632715,1.2649730354841144,0.1989377271527271
1670,1670,children_u5,shop_alcohol,multimodal,600,0.007317871595181349,3.3621169097789276,1.4123662957157601,12.639517710349036,0.746558941310566,1.8514361302373261,3.443672491736103,1.1656951059842722,6.724741810564089,3.4726965485879586,2.247872624504521
1677,1677,children_u5,shop_alcohol,multimodal,900,0.4756616536867876,6.4575924995200635,1.9852794766483974,22.778570636002172,3.1139091240689716,5.279212644510629,9.538582231133663,6.205378441914284,23.212770087807705,5.786521428020624,6.427864366785816
1684,1684,children_u5,shop_convenience,multimodal,300,0.6073833424000519,0.13356992512625696,,3.6104886218367076,1.7819357843757908,0.12403988819485903,2.493951272845595,1.5572898895258258,0.7711380247919247,0.9816149860982473,0.41248911203588207
1691,1691,children_u5,shop_convenience,multimodal,600,2.506371021349611,2.039977038291924,,13.869217567553138,14.752081723654392,2.5597074008994234,10.063123779432784,6.257394612663908,5.661776550445974,6.621830586462325,3.2924541587356866
1698,1698,children_u5,shop_convenience,multimodal,900,5.700621972646271,5.589698987859419,,22.92632199527104,39.63122008609272,9.905301446982472,19.063424809953272,12.885696619399544,19.615301573531273,15.904475612133462,10.977818150199562
1705,1705,children_u5,shop_confectionery,multimodal,300,,0.1538077925696292,,0.46605063081251435,0.5767201716753769,0.8930871950029848,,,,0.01793810475302372,0.13891154542391823
1712,1712,children_u5,shop_confectionery,multimodal,600,,1.0847496949647533,,2.5155503928193537,5.163966818607526,3.746004623484742,,0.047434768858015765,,0.5723593706880133,0.836424837339763
1719,1719,children_u5,shop_confectionery,multimodal,900,,2.4609246811140673,,4.761577529265207,14.290181869888666,5.90429867807529,,0.5603063466249846,,2.823931491955713,1.9713617191011372
1726,1726,children_u5,shop_health_food,multimodal,300,,,,,,,0.2610324483604584,,0.7914311307075017,,
1733,1733,children_u5,shop_health_food,multimodal,600,,,,,,,1.4946482533934138,,5.010262175858711,,
1740,1740,children_u5,shop_health_food,multimodal,900,,,,,,,3.0835992686368088,,11.358309987178451,,
1747,1747,children_u5,shop_spices,multimodal,300,,,,,,,0.2909842138020182,,,,
1754,1754,children_u5,shop_spices,multimodal,600,,,,,,,2.470396590645706,,0.0595240099414547,,
1761,1761,children_u5,shop_spices,multimodal,900,,,,,,0.09928224640452,5.8030026698944805,,2.1643817467785817,,
1768,1768,children_u5,shop_supermarket,multimodal,300,0.4866384610795596,3.601944279316401,1.9402980699711518,9.349087955455861,7.3579787946345965,11.242691980194087,3.504280683277563,5.793615089787643,10.383221414588792,1.5868071985937444,4.376466403390289
1775,1775,children_u5,shop_supermarket,multimodal,600,2.6527284532532382,15.78442236855919,9.089748893322048,42.16915948677087,38.613468810000946,48.226237256282644,18.451528898691674,29.037634663650756,48.66130922479012,12.714892571439373,18.89355088495811
1782,1782,children_u5,shop_supermarket,multimodal,900,6.007972579643889,33.47191504677056,16.56642021318558,61.67029009896198,75.01883644977941,83.99556517350308,31.98038963665832,53.0797653231774,87.98803418730435,30.10689377098647,36.62324196234745
1789,1789,children_u5,amenity_cafe,multimodal,300,1.3587515337439364,5.218918907226465,4.321700020557723,16.75536243788606,6.682639681593219,25.050755853970614,4.334506452521143,8.23591055349708,15.848009883157093,7.067866862412574,3.4059854687316387
1796,1796,children_u5,amenity_cafe,multimodal,600,7.209720201992223,27.121896651142162,17.59416711256716,41.73447285323137,43.107060951021914,83.19818846244034,22.510622819512648,37.7886468034108,51.74311911554218,35.978279549935635,16.95118220336569
1803,1803,children_u5,amenity_cafe,multimodal,900,18.03525983299063,47.4859193785192,36.31402931649791,58.35952552588496,76.57085904245143,98.89398178891304,44.391275464753896,61.50172144298827,77.23033632364394,66.4978397533315,33.24437301838283
1810,1810,children_u5,shop_seafood,multimodal,300,0.27442018481930053,,,,1.1540018872800433,,,0.10911117995774965,,,
1817,1817,children_u5,shop_seafood,multimodal,600,1.2763428963229466,,,,6.539344027920245,,,2.2712296358378805,,,
1824,1824,children_u5,shop_seafood,multimodal,900,2.7852759617185,,,0.03930547488780241,15.9636927740406,,,7.063358444673687,,,
5,5,women_rep,amenity_fast_food,drive,300,8.185603823346293,14.593761694726275,4.854561561288777,50.059155635430685,27.99253288602661,72.84745299894603,10.062536250418509,19.63281796213802,58.37227976376285,6.030102508740725,9.363086824740261
12,12,women_rep,amenity_fast_food,drive,600,31.783249960539916,52.38543517529606,29.812864231542836,63.48788457928788,91.66502096227745,100.0,36.99658793136156,55.678639643254115,98.35846511102527,44.462420327464336,30.707099001712564
19,19,women_rep,amenity_fast_food,drive,900,53.61886159324774,79.31604757539748,55.80780981654261,67.88421238388686,100.00000000000003,100.0,63.49417125680652,76.65226418253059,100.0,79.13482403492284,48.41468233408088
26,26,women_rep,amenity_ice_cream,drive,300,,1.74554384927013,,17.442899590170832,5.413212961231088,22.88748672806532,4.4306394884009555,,14.424457115767911,,6.602488873718946
33,33,women_rep,amenity_ice_cream,drive,600,,8.413443344465122,,31.95898736505052,33.00824886363015,92.08667855612065,21.835209274181224,,41.45137635620926,1.181943833846256,21.029310815827575
40,40,women_rep,amenity_ice_cream,drive,900,,20.053314555694794,0.76132664264422,46.84037925513324,77.81421078775111,100.0,34.860025152909536,,71.01180519047541,11.418390729685639,38.51863029311869
47,47,women_rep,shop_deli,drive,300,,,,,1.0016522739416571,,,,18.889343026133243,,
54,54,women_rep,shop_deli,drive,600,,,,,15.846394045806047,4.745557796483,,9.096271890207277,61.82618614087498,1.8186890842610943,
61,61,women_rep,shop_deli,drive,900,,,,,42.120414559174144,30.191484933175033,4.700504496107226,37.636395384196376,99.8610731621953,20.85567732687592,
68,68,women_rep,shop_beverages,drive,300,,6.394078053896651,2.0399123428299952,15.757595281941766,0.2870697491611467,2.514366728414236,10.73462691984642,10.961591174362047,30.976354668058235,,2.621719855481721
75,75,women_rep,shop_beverages,drive,600,,22.506400322296177,8.326781913927785,44.868418366085166,21.331909241972653,19.751717619254478,33.96777669777773,56.96252500848548,83.41322630736782,3.5361487218425256,13.276173143421111
82,82,women_rep,shop_beverages,drive,900,,37.89354440253574,28.788536738320197,63.04723417084935,72.07089438020581,55.65459293494784,56.13766750825384,89.16916475181895,100.0,36.100821401560026,25.365915474381534
89,89,women_rep,shop_butcher,drive,300,4.0084520514863335,9.647926935538093,7.822798796978637,28.22322948180942,0.1275125695824433,29.54888733903673,13.067596421741815,1.5319093819788399,,0.3312920012842362,11.56764269379485
96,96,women_rep,shop_butcher,drive,600,11.541261304691213,37.14683541316468,33.92152592008093,60.48557162234118,7.532482375373957,85.93463321266886,44.79395934612718,8.164287892553748,8.634824621833078,4.7639869343121335,35.46130069756022
103,103,women_rep,shop_butcher,drive,900,23.86734304764234,56.406866669990876,60.79521943319,68.91224801190658,46.962166522636885,100.0,63.62393943290808,15.924714114297986,38.78021178117923,8.081905664816055,56.29814449017465
110,110,women_rep,amenity_restaurant,drive,300,13.36364791215664,44.278036084163055,21.332268742619153,54.278690621210544,80.24668555200029,97.03694196408878,33.809105976983,57.958470515417915,93.20206610884128,46.81789944400062,32.83628645551338
117,117,women_rep,amenity_restaurant,drive,600,39.394308108394455,79.88347836736263,66.38099236329627,67.33252142325927,100.00000000000003,100.0,59.42624903950894,93.79530300955653,100.0,86.2403025628054,65.8651419264737
124,124,women_rep,amenity_restaurant,drive,900,69.14402423004773,94.97976672813078,86.88987372389086,80.51013128883821,100.00000000000003,100.0,83.59761849903919,97.36732009014358,100.0,98.50946149308653,79.3777204563687
131,131,women_rep,shop_wine,drive,300,,,,0.6797394043190567,,7.334509547862764,,,,,
138,138,women_rep,shop_wine,drive,600,,,,12.347662898291622,,36.66275382747926,0.012178129251560409,,,,
145,145,women_rep,shop_wine,drive,900,,1.9018813471425644,,24.55735505919646,0.06961265828506324,75.6567987069234,3.170412009130624,,0.05293757787003324,,
152,152,women_rep,healthy_offers,drive,300,5.418281289480147,19.59322782158073,8.178126398589997,48.08173191377524,27.634988460662758,48.71956017041267,37.63262365895204,23.136652325644118,34.14283172195067,17.670014553104572,15.62682936760944
159,159,women_rep,healthy_offers,drive,600,19.983392401639637,49.249856326013024,35.07405470516608,67.60021717229361,86.56219385989182,93.85808164202457,64.60414132480645,59.45339991660068,99.56909709164414,63.20197197069815,39.27522416078901
166,166,women_rep,healthy_offers,drive,900,37.10810361580182,79.8648815147943,69.839437452274,80.2837092491752,99.74692401143001,100.0,78.99832763216715,92.0240342035182,100.0,91.53407695455272,60.72241116422528
173,173,women_rep,amenity_pub,drive,300,1.126687405232825,13.576086306277487,,16.159423608947964,0.8399782768418823,31.851278597083382,10.557245239398627,0.5395588045920838,23.83991962969257,,10.118522929376732
180,180,women_rep,amenity_pub,drive,600,5.131094547604553,44.385946867191656,,37.74076585465264,30.207873956149307,88.22971159468862,23.676805315104485,16.438356848119856,85.96196010126192,5.104667400530163,32.46801048209591
187,187,women_rep,amenity_pub,drive,900,9.489025482459093,75.35571055103972,0.2621257908938492,61.68528216591954,68.29634588803431,100.0,34.12792220122287,48.141486246655724,100.0,36.093272512723004,55.91519316672815
194,194,women_rep,amenity_drinking_water,drive,300,,6.628651648193898,0.35532760161136073,1.7583341615856591,,,,,,,
201,201,women_rep,amenity_drinking_water,drive,600,,25.908195811972334,2.7097909177326214,15.077855877622708,0.09424842099571897,,,,,,
208,208,women_rep,amenity_drinking_water,drive,900,,55.697220201305676,12.657472239696213,44.0763253412175,4.11366637522491,6.875930399628734,,,,,
215,215,women_rep,amenity_bar,drive,300,11.77597395912408,24.26144754510747,9.352553512034048,40.908281508836744,32.25763558724595,83.64854607038896,38.42572429862103,38.033636794659486,73.57915801851823,34.04480773764674,14.337685420346197
222,222,women_rep,amenity_bar,drive,600,40.231361395050705,78.92512426859443,37.00255745539967,65.0390210770384,76.64669477146037,99.97508349550516,81.20645957595424,94.08636255340119,100.0,82.68274427752988,44.70890122132929
229,229,women_rep,amenity_bar,drive,900,58.59164626686031,97.62172749742645,75.53020051687356,76.60927257190583,98.46430514024624,100.0,93.06188455757042,96.9601928983655,100.0,95.95300705766195,67.32046553401292
236,236,women_rep,shop_bakery,drive,300,17.178005692635015,59.82470145376277,42.33094899276853,49.15206428304565,75.39507175694855,85.8447070124671,41.201394308203206,76.34761494584433,68.40115088392498,53.571624289324525,23.620856815720394
243,243,women_rep,shop_bakery,drive,600,42.56767361540811,91.71901980031538,82.86880134730585,79.7671109061881,98.12668578145694,100.0,82.44631975829458,91.94408745366648,100.0,87.56606765712206,62.831413428884666
250,250,women_rep,shop_bakery,drive,900,51.68229250199274,98.89494105790538,96.09819971727003,87.66705691778431,100.00000000000003,100.0,91.86925714408115,96.42840788828558,100.0,97.8277147803496,80.27596202803512
257,257,women_rep,shop_greengrocer,drive,300,,7.087411818777012,,30.846686521619333,4.6828451833148055,26.085565537023157,17.516630639067458,0.13601916103573733,18.018240558713458,,8.992026455906721
264,264,women_rep,shop_greengrocer,drive,600,,32.5420819261121,,58.65420760739893,34.22001440397883,92.79981973482526,48.60356670459977,15.013443798045827,79.80020727045418,3.892517665711553,31.09996571449275
271,271,women_rep,shop_greengrocer,drive,900,,62.94332882511142,4.171028662426028,67.01347182463518,83.64204317709452,100.0,69.75829528743957,47.300533403785835,100.0,31.919141697521315,48.101049274708494
278,278,women_rep,amenity_marketplace,drive,300,,,,20.802272844574105,5.665856794861682,0.8303514007441842,7.7698053725138045,15.623588531659017,16.371530364618195,17.670014553104572,0.5910045290525565
285,285,women_rep,amenity_marketplace,drive,600,,,,47.43569859562078,37.751622997731566,25.92665923413955,26.569630020688383,52.54446899262922,67.46525893334262,59.86077956580736,6.490330963386354
292,292,women_rep,amenity_marketplace,drive,900,,1.9791148854044063,0.2335889619152604,64.22148435400237,66.40996883290677,71.07469824999862,44.07547722467539,90.30464414760766,99.40849648234926,88.23451686419988,16.782665804586973
299,299,women_rep,amenity_food_court,drive,300,,5.352050114865936,,,,,,,,,
306,306,women_rep,amenity_food_court,drive,600,,18.136151639238893,,,,,,,,,
313,313,women_rep,amenity_food_court,drive,900,,45.30532289494099,0.9638999517512171,,,,,,,,
320,320,women_rep,shop_coffee,drive,300,,,,16.937308297702117,,15.108673247096407,0.06089064625780205,,14.902969414741488,,2.7480824820531358
327,327,women_rep,shop_coffee,drive,600,,,,49.98612578207408,0.05569012662805058,54.02842493713518,12.658156066155579,,65.75955673302118,9.177650677994373,10.804987918407722
334,334,women_rep,shop_coffee,drive,900,,1.542059162863558,,65.76238886121736,11.77272186223981,90.83591088533626,43.550134609446204,5.858558998338363,98.11223487767906,25.45345598150533,23.753767063641465
341,341,women_rep,shop_pastry,drive,300,,7.4198876592459575,4.674187877255563,7.229955482302694,13.146320208544857,0.406538527397555,3.384896754151189,0.5461233716868964,3.1276916446888356,11.977045243531064,14.887448304720976
348,348,women_rep,shop_pastry,drive,600,,26.514124574020432,21.01670879296454,24.717796520692964,37.59196253577555,29.764229520037038,20.861445260620766,18.77365461071795,27.54411014071173,37.07000328410775,47.287233896453024
355,355,women_rep,shop_pastry,drive,900,,50.641154676125524,51.0283859039069,50.13780316981471,62.637414458316684,73.5630929221144,50.603589914807635,70.08617925308835,79.97398576061427,57.01464202032016,69.87715250622172
362,362,women_rep,amenity_vending_machine,drive,300,1.7310058264424062,0.026955428999293977,,,,,,,,,
369,369,women_rep,amenity_vending_machine,drive,600,10.74868161839067,3.6427663424985317,,0.4408404893653333,,,,,,,
376,376,women_rep,amenity_vending_machine,drive,900,20.318814053400672,18.753324570895415,,5.281566736444366,,,,,,,
383,383,women_rep,mixed_offers,drive,300,16.01883481542847,52.71562418191762,29.612713390881773,63.44112837694924,83.030804838639,98.04791470077534,37.753782050124144,72.12607907894302,95.3565806506206,57.362045679751326,47.646630552670835
390,390,women_rep,mixed_offers,drive,600,51.11215819579884,88.91024603056852,71.81177859314222,79.3008433809114,100.00000000000003,100.0,65.18274274323194,96.0988689784875,100.0,89.03034132279895,83.5934721488334
397,397,women_rep,mixed_offers,drive,900,78.97628401964961,98.61014432635584,88.35194314067262,86.54742359475989,100.00000000000003,100.0,86.37844776514537,97.50416559324837,100.0,98.7345903707598,94.30395297860194
404,404,women_rep,unhealthy_offers,drive,300,29.59349041071973,66.7414812916024,52.682620006063566,65.98812596627091,86.66269203034864,97.97598592513403,58.74506333054694,79.53934562183561,96.00382895099678,82.16492195931771,47.61454556109937
411,411,women_rep,unhealthy_offers,drive,600,65.32496554090324,91.9118127250378,87.43741647756195,83.37927980682575,100.00000000000003,100.0,88.3976486335282,93.92074472073594,100.0,95.69693742580448,85.15782053700886
418,418,women_rep,unhealthy_offers,drive,900,79.18165759227838,98.89494105790538,98.31380108115908,89.58487423203381,100.00000000000003,100.0,95.02794856099584,97.05941770815775,100.0,98.15750398779326,94.81003812994963
425,425,women_rep,shop_kiosk,drive,300,7.694174203127474,8.88366443587911,,0.27294993046518756,6.754937367693245,12.488714716755837,8.348659334952591,,29.01642995794496,0.802627663503592,
432,432,women_rep,shop_kiosk,drive,600,36.09726158692728,32.22560788301835,,12.750949311897447,56.950859899000946,68.81074217695226,26.523325665178188,9.957509949016167,94.03690981553169,14.97082148929988,1.2853914578802268
439,439,women_rep,shop_kiosk,drive,900,47.549149352838946,51.96137989718995,4.802945586563742,46.68458733565155,92.76910526037202,100.0,54.832862268743284,39.81548738428601,100.0,51.101351951685736,8.360159640296766
446,446,women_rep,shop_alcohol,drive,300,0.49509700544433227,6.868659993928468,2.268561469143219,25.13647789078146,0.3953185788919863,5.23265150041454,8.365389136190414,4.307180543828721,23.300647863885853,4.591563580881357,4.656633253132787
453,453,women_rep,shop_alcohol,drive,600,3.6051851478466506,27.267834538008717,7.374994329273638,55.208079279035516,3.9981898932271824,33.15451988234502,34.33420555891703,36.430366359667694,79.28844778980077,28.971253267308228,26.141654775904016
460,460,women_rep,shop_alcohol,drive,900,7.206300543386682,54.02193894440429,21.194633400476878,72.21062832742798,38.89672731277457,69.78400095732931,52.341333711849856,92.76063029709601,100.0,74.21383247213342,58.131650726946305
467,467,women_rep,shop_convenience,drive,300,5.669777558643984,4.151893422441454,0.025146575328934894,23.184169600204516,39.940622635881546,11.242918020486766,17.855827769013427,16.337743584097066,21.590960086622463,15.965743859151265,9.977837474516857
474,474,women_rep,shop_convenience,drive,600,20.68772005712206,30.18379971554272,1.9474698272096869,45.90768935615976,86.80955888488299,68.87499207366801,33.21193542342669,63.01315784336238,88.8490475062563,53.047482991196034,42.488286761656404
481,481,women_rep,shop_convenience,drive,900,44.44386319007866,49.85796503462634,21.30510233383429,66.45170372189216,99.47748998158268,100.0,58.9303049665728,87.47760228288449,100.0,81.41684858179362,61.75308748828259
488,488,women_rep,shop_confectionery,drive,300,,2.5462783879816726,,4.937941623111162,12.791666831547023,7.9284093704175245,,0.4438656173218638,,2.1348551477322704,1.9368564268950121
495,495,women_rep,shop_confectionery,drive,600,,21.88812203750052,0.8343319168206578,21.4707768868383,45.626313317693345,37.11710116130571,,8.160373576014578,,11.735544664902742,5.953931765455212
502,502,women_rep,shop_confectionery,drive,900,,47.950416101014184,16.622300885913045,40.18211416926893,89.38802230538275,88.95732993386093,6.580965792523213,40.44245273257558,,32.595097591384956,12.516422649934839
509,509,women_rep,shop_health_food,drive,300,,,,,,,3.9634660909095807,,11.258373033727064,,
516,516,women_rep,shop_health_food,drive,600,,,,,,1.2000741949643994,19.719673320883167,,35.720710655298795,1.0552535708221942,
523,523,women_rep,shop_health_food,drive,900,,,,2.7358106603585166,0.49505385945339236,9.622247260661803,33.850039885164975,,65.45941959437025,10.614439561546256,
530,530,women_rep,shop_spices,drive,300,,,,,,0.22215447219475826,5.570326199502452,,0.06644327025442319,,
537,537,women_rep,shop_spices,drive,600,,,,4.679528295849374,,6.7621512175571565,17.473264797360258,,12.248087413552366,,
544,544,women_rep,shop_spices,drive,900,,,,17.897931753392683,0.42157192618332145,17.89841046656039,26.85468876849349,,40.573882284947835,,
551,551,women_rep,shop_supermarket,drive,300,6.828671289906272,30.531876579123317,20.60717048657528,61.31137073337341,71.69687238624579,82.99277752638594,31.860262386599093,60.85915948905348,83.40558065105196,31.915644549346457,37.46555709484641
558,558,women_rep,shop_supermarket,drive,600,36.17489817228206,76.24778200880617,49.19380048752892,79.06341429073,100.00000000000003,100.0,58.13915608831752,91.97868482159151,100.0,75.24162251083585,77.46169860629143
565,565,women_rep,shop_supermarket,drive,900,60.803079557844995,91.8626676807869,76.21185491105416,86.40136388804672,100.00000000000003,100.0,80.79317284850745,97.02900759635666,100.0,92.87620044119744,88.38194873530973
572,572,women_rep,amenity_cafe,drive,300,17.45813940316589,49.22954534204669,38.148687617445,58.26315801937461,73.06951958177031,97.64131827814847,45.90844858415486,72.35399332215596,77.08419727955766,69.95277858549193,35.54575778775323
579,579,women_rep,amenity_cafe,drive,600,60.062267742291255,85.92654742418817,83.87928655446733,74.72094685652644,98.16193148067754,100.0,80.20866733397558,93.26692731701297,100.0,95.04809476546853,71.44693249035072
586,586,women_rep,amenity_cafe,drive,900,76.83086366272417,97.2707051426962,97.95596088205936,84.8772575310473,100.00000000000003,100.0,93.48697947722998,96.71311073998183,100.0,96.57520889129142,80.88741468241652
593,593,women_rep,shop_seafood,drive,300,1.4098292379938129,,,0.05055912924687196,18.15329527330852,,,10.307246685776386,,,
600,600,women_rep,shop_seafood,drive,600,8.442131096948422,4.564889300026962,0.5691761354485345,3.6597717180828493,64.26521145547845,0.34883106292761046,,42.41814544195573,3.93968373353934,,
607,607,women_rep,shop_seafood,drive,900,13.240760568159482,16.593230408398608,10.605047396111168,10.280801165097579,84.09506871204306,20.978660474864306,,70.02443662823536,40.09575860742037,3.6661492475338244,
614,614,women_rep,amenity_fast_food,walk,300,0.3373994407472486,1.3663946126589552,0.7524819812261785,8.859082980257456,1.7957987106448887,6.267042920587597,0.8811686808058377,1.2203437043879033,4.6168168752414145,,0.8215959684595008
621,621,women_rep,amenity_fast_food,walk,600,2.930240795185344,6.394078053896651,5.009942839514574,33.72293920766361,10.666186286880329,39.739166690925416,5.48857472413558,7.550584281877561,31.401450364924617,0.9772685069413725,4.386190567337703
628,628,women_rep,amenity_fast_food,walk,900,7.8335348416969905,15.579873853130849,10.807900513831244,50.84001329824348,29.332577147382207,76.59588256311034,12.411836922307991,17.60395475942282,66.19075859056687,5.135190583683658,10.229596418121181
635,635,women_rep,amenity_ice_cream,walk,300,,,,1.9774237216554376,0.05273070500819104,1.9684038550915162,,,0.943882561160467,,0.37021395577312344
642,642,women_rep,amenity_ice_cream,walk,600,,0.2554387554822379,,9.325350505534166,1.8188989370538322,10.724715817084261,1.2357119866479382,,7.214314919968319,,2.6893775030867517
649,649,women_rep,amenity_ice_cream,walk,900,,1.2549392554074188,,16.959779021811837,5.571715084358315,21.697961256929254,4.056466776970863,,13.797777276251374,,5.632258674223096
656,656,women_rep,shop_deli,walk,300,,,,,,,,,1.4568622139650684,,
663,663,women_rep,shop_deli,walk,600,,,,,,,,,6.87392734758166,,
670,670,women_rep,shop_deli,walk,900,,,,,0.5089451356481868,,,,17.234619089927524,,
677,677,women_rep,shop_beverages,walk,300,,0.46222250992023994,0.0890053469935161,0.5168266545235801,,0.09861898384996444,1.258169125020658,0.9107945218326268,2.7495709390326644,,0.2638485293996239
684,684,women_rep,shop_beverages,walk,600,,2.489514220096731,0.8479382089348321,5.0053537954403255,0.025011408500607738,0.6384058097013868,5.207006075389453,4.178543399171953,14.40215947999724,,1.0623050072326194
691,691,women_rep,shop_beverages,walk,900,,7.160394320343366,1.9476952076594123,13.538611276106828,0.5380912402157358,3.2359905945547456,11.341739453003168,9.713452605551891,32.69309434797877,,2.2243490747915478
698,698,women_rep,shop_butcher,walk,300,0.2640517362369772,0.9406633535218919,0.592238720614578,2.3369553074109715,0.027720123822270282,2.317234918019127,0.8036969445456201,0.20906951863234785,,,0.9976858634006028
705,705,women_rep,shop_butcher,walk,600,1.2909195993807774,4.583752243517217,3.3772600460362963,12.594840863498552,0.1164245200535352,14.882205131027066,5.315181140413836,1.265820903719488,,0.04601277795614391,4.655688416695435
712,712,women_rep,shop_butcher,walk,900,3.8177480197596285,10.787264876657279,8.040202884292848,27.217664577899413,0.6320188231477625,36.528779613980724,13.572704897027672,1.6421460372577141,,0.22086133418949078,10.403191804511792
719,719,women_rep,amenity_restaurant,walk,300,1.7860166048251098,6.413449445361706,2.649626612400796,21.751660938209806,13.28153588178084,31.912067412091883,8.244152621076436,5.245734742154386,19.11271574682683,4.105109136517123,3.3650305858209704
726,726,women_rep,amenity_restaurant,walk,600,6.324920988020104,28.000871255521982,12.140016262398163,44.20321556496951,57.37611802403912,82.9584661468929,24.49218428557902,24.36498380070525,71.05317162511867,23.51018015911258,17.14671329155256
733,733,women_rep,amenity_restaurant,walk,900,13.658372913056441,48.1787707159518,22.071713586670967,55.78158442959308,84.87582600858029,98.58251737911851,35.20358743471044,51.07166295222236,93.49168687589776,44.86492378788987,31.867634558932213
740,740,women_rep,shop_wine,walk,300,,,,,,0.29899805393795187,,,,,
747,747,women_rep,shop_wine,walk,600,,,,0.23594260315206922,,3.0262371685970346,,,,,
754,754,women_rep,shop_wine,walk,900,,,,1.129153886513474,,7.155481576429184,,,,,
761,761,women_rep,healthy_offers,walk,300,0.5391056281504951,1.5447962831544861,0.592238720614578,6.112036957844079,1.3726131043569891,4.80065229791875,2.949753350446439,1.847272394404322,2.1545145417793266,1.0527539034144227,1.5224571572045411
768,768,women_rep,healthy_offers,walk,600,2.574781574254785,9.172436037464323,3.3772600460362963,28.902968886128477,10.500428751522135,23.72476724554719,19.16459339981315,11.041965461528372,12.263367535880871,7.888616737335973,6.775495524262981
775,775,women_rep,healthy_offers,walk,900,6.622517826307313,20.15068675002033,8.21943133342735,47.18852063041385,28.733599020177948,53.489350680771665,38.192782845990365,20.49056493869114,32.77275371741493,18.810553425968106,15.25229565970788
782,782,women_rep,amenity_pub,walk,300,0.25671696578595005,0.6486326706424325,,1.3707141706929735,,1.7316970623906376,0.8560939354254726,,0.7386907000386262,,0.5322011267092371
789,789,women_rep,amenity_pub,walk,600,0.6564619553669295,4.136073231326528,,7.173778672028392,,11.918670629596914,4.784394248686232,,9.787651775511799,,3.8498718985325384
796,796,women_rep,amenity_pub,walk,900,1.3422629925379677,12.316855175301425,,16.811074608129868,0.4072247191106374,31.484490503018016,11.240413922261451,0.06465331706986605,23.748160584876732,,9.473016855858335
803,803,women_rep,amenity_drinking_water,walk,300,,0.3851854249335333,,0.05055912924687197,,,,,,,
810,810,women_rep,amenity_drinking_water,walk,600,,3.177688763664268,,0.38200230986525496,,,,,,,
817,817,women_rep,amenity_drinking_water,walk,900,,6.484667644912433,0.1792284491345026,1.5167738774061594,,,,,,,
824,824,women_rep,amenity_bar,walk,300,0.7701508973578501,1.8729921587939,0.6395097480699657,10.802800615748314,3.2792453714129888,12.49230299746338,4.3253285715961844,3.4982820103491132,6.35739481517446,1.322673075879114,1.4708062218799718
831,831,women_rep,amenity_bar,walk,600,4.569561990989911,9.341524613301372,4.624336009789513,29.75685640229787,17.270559387514066,54.95481649052597,20.992847645872807,15.740371913640203,40.37677400736543,11.379738703497146,6.631918308481271
838,838,women_rep,amenity_bar,walk,900,11.053499069697907,24.528118896891176,8.297431404936221,42.91379363562932,30.02990233233364,85.28309548651134,38.94086040803149,33.96304370978908,73.69480991131599,26.747146613087423,13.469814049483878
845,845,women_rep,shop_bakery,walk,300,1.360599918665535,10.902771824928788,4.967288769862253,6.342361879968718,8.791404900610015,10.29120435934219,5.412634872964158,13.225042205548915,9.12275211053322,5.581732933353476,1.5117633529641152
852,852,women_rep,shop_bakery,walk,600,6.9433905651410885,37.20354073096513,23.630772721769624,27.681287396207345,44.53774973418402,58.04354255535975,22.712218027531357,53.43261329524087,43.84226028348272,26.38125514052193,10.29723259262506
859,859,women_rep,shop_bakery,walk,900,17.290972761062104,58.888893532683916,41.86698003034498,47.64090808666692,83.77485006185152,93.42859539379464,40.79475651644518,74.88289368098347,72.25982019291618,51.9185821181644,23.380720402971324
866,866,women_rep,shop_greengrocer,walk,300,,0.47438626018129887,,2.7133399362487958,0.12196854481798929,2.533250388889281,1.7916833042172602,,0.6771331417020741,,0.5276970587992478
873,873,women_rep,shop_greengrocer,walk,600,,2.9274092294948533,,15.600300213173718,2.254832991922246,10.536884420168517,9.987798292313297,,5.622256994738433,,2.991685076169834
880,880,women_rep,shop_greengrocer,walk,900,,8.07673017334314,,31.666867951624152,7.088432005921535,25.887730305412088,20.433638949173584,1.3061170967154998,18.05314951017333,,8.749148593943902
887,887,women_rep,amenity_marketplace,walk,300,,,,1.3145373604186716,,,0.15350649876594682,1.508290565186163,0.6771331417020741,1.0527539034144227,
894,894,women_rep,amenity_marketplace,walk,600,,,,9.606234556905676,1.158609922212223,0.039229061388210223,2.725847681459552,7.069543492585602,5.971083158645563,7.851806514971058,0.04681223992495498
901,901,women_rep,amenity_marketplace,walk,900,,,,19.74614881141722,5.243552949738753,0.689862956867865,7.459102935603521,14.157230439020177,15.119860011774966,18.810553425968106,0.4798254592307885
908,908,women_rep,amenity_food_court,walk,300,,0.4906045938627109,,,,,,,,,
915,915,women_rep,amenity_food_court,walk,600,,2.4976233869374367,,,,,,,,,
922,922,women_rep,amenity_food_court,walk,900,,4.407332177923692,,,,,,,,,
929,929,women_rep,shop_coffee,walk,300,,,,1.224654463979788,,0.9468271708035143,,,0.984920933384835,,0.2720961445638009
936,936,women_rep,shop_coffee,walk,600,,,,7.926547929704039,,7.184060046925662,,,8.884807586575699,,1.2551531829878553
943,943,women_rep,shop_coffee,walk,900,,,,19.74053113038979,,16.10214669787199,0.04059376417186804,,18.63142098986313,,3.0395960430904068
950,950,women_rep,shop_pastry,walk,300,,0.5757508456901235,0.7271791886027097,0.6572686802093356,0.5495256397974393,,0.07675324938297341,,,0.8404944030548115,1.0130501570816077
957,957,women_rep,shop_pastry,walk,600,,3.531542159127447,1.9791268638259318,3.173989780498074,4.3773718722868065,0.06276649822113635,1.05683320304248,,0.4924604666924175,5.198275166719433,5.097960301328004
964,964,women_rep,shop_pastry,walk,900,,7.160394320343366,3.8870351473247937,7.308603016686717,11.135758984061642,0.4459998857202959,3.8978182068336626,0.23408799266770494,3.1423519224512115,10.414821950896577,12.605501920087498
971,971,women_rep,amenity_vending_machine,walk,300,0.1173563272164343,,,,,,,,,,
978,978,women_rep,amenity_vending_machine,walk,600,1.070876485849963,,,,,,,,,,
985,985,women_rep,amenity_vending_machine,walk,900,2.2591092989163606,,,,,,,,,,
992,992,women_rep,mixed_offers,walk,300,2.0243966444834918,8.320479969563763,4.190515974298754,25.375065200902302,17.015412538566682,35.229885416043004,9.96042357364706,10.392267981277216,26.112994136117408,5.533486544399222,7.104303198256185
999,999,women_rep,mixed_offers,walk,600,7.161084819437198,33.60065138354078,16.37892778075618,51.163522357955536,61.38264996241656,87.58013669794481,28.86454483765128,43.33011072104336,78.14078037482334,29.691798092554105,27.345928280773673
1006,1006,women_rep,mixed_offers,walk,900,15.9981646869341,56.93261632049389,27.934179432940155,64.320459591287,85.84349878562215,99.81911772392046,38.407666900786985,68.84211503421464,96.0155467676964,53.986215746413905,46.28193386437898
1013,1013,women_rep,unhealthy_offers,walk,300,3.388496366699227,14.123554530430981,8.600293252512143,23.195404962259374,15.754703590106578,33.74938591366118,11.658686272149106,19.770420133183624,25.22058477549191,11.938035710657411,5.709801285938505
1020,1020,women_rep,unhealthy_offers,walk,600,15.160054363363408,46.35144434323707,31.897384883873205,50.73876668376664,64.35708664755273,93.15114799293951,36.67026095911646,59.37458574604646,79.7063480755968,51.80963576214381,24.10048006491866
1027,1027,women_rep,unhealthy_offers,walk,900,31.625389407329575,67.64021969421371,51.67346337868185,66.39385717573873,92.12134378798723,99.34570413851868,57.401144075019715,77.84371570130097,97.59095503157009,80.93264576268777,45.780756585169264
1034,1034,women_rep,shop_kiosk,walk,300,0.4107471452575201,0.8316571787894631,,,0.5018615980434403,0.6720290899103181,0.6629388766872771,,1.703092447311277,,
1041,1041,women_rep,shop_kiosk,walk,600,3.5610310539736787,4.721274409371308,,0.06212275839161367,3.434784025255175,4.730864864424096,3.762102528488038,,14.509981028601182,,
1048,1048,women_rep,shop_kiosk,walk,900,8.401979551651594,10.271358196071677,,0.3040113096609944,12.244279411826737,12.341744785845297,8.012125856888785,,30.552524531361858,0.4894946709740241,
1055,1055,women_rep,shop_alcohol,walk,300,,0.6379487137024674,0.1623806653226364,2.8537819619345512,0.08435866285666592,0.032072782941519766,1.104805845971131,0.22323360446120183,1.005440119497019,1.0234818207894958,0.198415182158922
1062,1062,women_rep,shop_alcohol,walk,600,0.007334770451027144,3.358636245475969,1.4589186612144287,12.645399992745423,0.47370633757973946,1.7486001010512224,3.4214311419058703,1.189110192302107,6.748503060152585,2.8043723125713185,2.255664603578385
1069,1069,women_rep,shop_alcohol,walk,900,0.4767600793167644,6.440974150470867,1.9986805331669557,22.78828722131563,2.4583406231713076,5.120501763421958,9.474994232656323,6.164482717314998,23.246285188223144,4.8116372679854855,6.439887914984912
1076,1076,women_rep,shop_convenience,walk,300,0.608785947435253,0.1338012528716484,,3.6121689006376316,1.7344043428377662,0.12458252247414663,2.477880610496264,1.8564980186990174,0.7797290722629945,0.8792402844285186,0.41198886911614463
1083,1083,women_rep,shop_convenience,walk,600,2.512158879476797,2.043510043857903,,13.87567213775264,14.050069356746645,2.5380819242777384,10.018762763299907,7.320490896286894,5.724852925299353,6.006573392329131,3.3003935477379924
1090,1090,women_rep,shop_convenience,walk,900,5.713786181350145,5.599379703507468,,22.936991634997586,38.28592779176213,9.794359225591812,18.979233962602496,14.74589773472028,19.726400106888654,14.986614656174737,10.998847144325516
1097,1097,women_rep,shop_confectionery,walk,300,,0.1540741699734133,,0.46626752527670823,0.4897787905758187,0.8969941618138555,,,,0.018271617457713295,0.13751095477955527
1104,1104,women_rep,shop_confectionery,walk,600,,1.086628356654599,,2.5167211002887386,4.546296438457473,3.762392178719228,,0.0415933367842778,,0.5263435782760253,0.8279914936726411
1111,1111,women_rep,shop_confectionery,walk,900,,2.4651867195746133,,4.763793511260827,12.700857649420946,5.930128069769379,,0.42855027795023354,,2.3573808977730013,1.9514852518715609
1118,1118,women_rep,shop_health_food,walk,300,,,,,,,0.36692116797391344,,0.8002482583751784,,
1125,1125,women_rep,shop_health_food,walk,600,,,,,,,1.9752627093539536,,4.999575652167711,,
1132,1132,women_rep,shop_health_food,walk,900,,,,,,,3.6564530933776873,,11.25464190718718,,
1139,1139,women_rep,shop_spices,walk,300,,,,,,,0.2893007092127459,,,,
1146,1146,women_rep,shop_spices,walk,600,,,,,,,2.456103980255149,,0.04228208107099657,,
1153,1153,women_rep,shop_spices,walk,900,,,,,,0.0830196292144913,5.79359839313373,,2.01967532438908,,
1160,1160,women_rep,shop_supermarket,walk,300,0.4877622349933051,3.606526783250467,2.32804929525413,9.353438910671317,7.516383364079022,11.29006313251452,3.6128574735866996,6.4021677803535555,10.468020842249686,1.5965294518626099,4.378123689104885
1167,1167,women_rep,shop_supermarket,walk,600,2.6588542884973396,15.800335192785326,11.460941174560848,42.18878451600095,38.86384274065844,48.28818365420918,18.894504745944875,32.214315611952024,48.89506354468937,12.674665233711616,18.90112008679525
1174,1174,women_rep,shop_supermarket,walk,900,6.021846540293286,33.505033650942615,20.136044445017813,61.6989907242661,75.7275803577339,84.03834888607817,32.43850379899534,57.567851580136974,88.24082928128463,30.00770878301561,36.63676571316585
1181,1181,women_rep,amenity_cafe,walk,300,1.3677671074412487,5.224480611073461,4.386033602552985,16.763160185851774,6.940619544738135,25.087576490333586,4.402842639434593,9.406250971837663,15.985643557499312,7.051071473608177,3.4147578541906585
1188,1188,women_rep,amenity_cafe,walk,600,7.237471943010193,27.15000991951876,18.672507048524686,41.75279347975718,43.46515515751511,83.34850302736744,22.878858665137514,42.89451595946241,52.06047312681529,35.99386864867125,16.98604853074573
1195,1195,women_rep,amenity_cafe,walk,900,18.097153887644396,47.535227773393615,38.468331786589445,58.38503220341226,77.35109532194433,98.9480556964651,44.77818659957378,68.57693225438398,77.36594591210799,66.8283949174126,33.25735503745335
1202,1202,women_rep,shop_seafood,walk,300,0.2750538919135179,,,,1.250644559539,,,0.12991231058581076,,,
1209,1209,women_rep,shop_seafood,walk,600,1.2838619748740077,,,,7.086985837387667,,,2.706601065223284,,,
1216,1216,women_rep,shop_seafood,walk,900,2.804769806547684,,,0.03932376719201154,17.300583073622832,,,8.417448001618123,,,
1223,1223,women_rep,amenity_fast_food,multimodal,300,0.3373994407472486,1.3663946126589552,0.7524819812261785,8.859082980257456,1.7957987106448887,6.267042920587597,0.8811686808058377,1.2203437043879033,4.6168168752414145,,0.8215959684595008
1230,1230,women_rep,amenity_fast_food,multimodal,600,2.930240795185344,6.394078053896651,5.009942839514574,33.72293920766361,10.666186286880329,39.739166690925416,5.48857472413558,7.550584281877561,31.401450364924617,0.9772685069413725,4.386190567337703
1237,1237,women_rep,amenity_fast_food,multimodal,900,7.8335348416969905,15.579873853130849,10.807900513831244,50.84001329824348,29.332577147382207,76.59588256311034,12.411836922307991,17.60395475942282,66.19075859056687,5.135190583683658,10.229596418121181
1244,1244,women_rep,amenity_ice_cream,multimodal,300,,,,1.9774237216554376,0.05273070500819104,1.9684038550915162,,,0.943882561160467,,0.37021395577312344
1251,1251,women_rep,amenity_ice_cream,multimodal,600,,0.2554387554822379,,9.325350505534166,1.8188989370538322,10.724715817084261,1.2357119866479382,,7.214314919968319,,2.6893775030867517
1258,1258,women_rep,amenity_ice_cream,multimodal,900,,1.2549392554074188,,16.959779021811837,5.571715084358315,21.697961256929254,4.056466776970863,,13.797777276251374,,5.632258674223096
1265,1265,women_rep,shop_deli,multimodal,300,,,,,,,,,1.4568622139650684,,
1272,1272,women_rep,shop_deli,multimodal,600,,,,,,,,,6.87392734758166,,
1279,1279,women_rep,shop_deli,multimodal,900,,,,,0.5089451356481868,,,,17.234619089927524,,
1286,1286,women_rep,shop_beverages,multimodal,300,,0.46222250992023994,0.0890053469935161,0.5168266545235801,,0.09861898384996444,1.258169125020658,0.9107945218326268,2.7495709390326644,,0.2638485293996239
1293,1293,women_rep,shop_beverages,multimodal,600,,2.489514220096731,0.8479382089348321,5.0053537954403255,0.025011408500607738,0.6384058097013868,5.207006075389453,4.178543399171953,14.40215947999724,,1.0623050072326194
1300,1300,women_rep,shop_beverages,multimodal,900,,7.160394320343366,1.9476952076594123,13.538611276106828,0.5380912402157358,3.2359905945547456,11.341739453003168,9.713452605551891,32.69309434797877,,2.2243490747915478
1307,1307,women_rep,shop_butcher,multimodal,300,0.2640517362369772,0.9406633535218919,0.592238720614578,2.3369553074109715,0.027720123822270282,2.317234918019127,0.8036969445456201,0.20906951863234785,,,0.9976858634006028
1314,1314,women_rep,shop_butcher,multimodal,600,1.2909195993807774,4.583752243517217,3.3772600460362963,12.594840863498552,0.1164245200535352,14.882205131027066,5.315181140413836,1.265820903719488,,0.04601277795614391,4.655688416695435
1321,1321,women_rep,shop_butcher,multimodal,900,3.8177480197596285,10.787264876657279,8.040202884292848,27.217664577899413,0.6320188231477625,36.528779613980724,13.572704897027672,1.6421460372577141,,0.22086133418949078,10.403191804511792
1328,1328,women_rep,amenity_restaurant,multimodal,300,1.7860166048251098,6.413449445361706,2.649626612400796,21.751660938209806,13.28153588178084,31.912067412091883,8.244152621076436,5.245734742154386,19.11271574682683,4.105109136517123,3.3650305858209704
1335,1335,women_rep,amenity_restaurant,multimodal,600,6.324920988020104,28.000871255521982,12.140016262398163,44.20321556496951,57.37611802403912,82.9584661468929,24.49218428557902,24.36498380070525,71.05317162511867,23.51018015911258,17.14671329155256
1342,1342,women_rep,amenity_restaurant,multimodal,900,13.658372913056441,48.1787707159518,22.071713586670967,55.78158442959308,84.87582600858029,98.58251737911851,35.20358743471044,51.07166295222236,93.49168687589776,44.86492378788987,31.867634558932213
1349,1349,women_rep,shop_wine,multimodal,300,,,,,,0.29899805393795187,,,,,
1356,1356,women_rep,shop_wine,multimodal,600,,,,0.23594260315206922,,3.0262371685970346,,,,,
1363,1363,women_rep,shop_wine,multimodal,900,,,,1.129153886513474,,7.155481576429184,,,,,
1370,1370,women_rep,healthy_offers,multimodal,300,0.5391056281504951,1.5447962831544861,0.592238720614578,6.112036957844079,1.3726131043569891,4.80065229791875,2.949753350446439,1.847272394404322,2.1545145417793266,1.0527539034144227,1.5224571572045411
1377,1377,women_rep,healthy_offers,multimodal,600,2.574781574254785,9.172436037464323,3.3772600460362963,28.902968886128477,10.500428751522135,23.72476724554719,19.16459339981315,11.041965461528372,12.263367535880871,7.888616737335973,6.775495524262981
1384,1384,women_rep,healthy_offers,multimodal,900,6.622517826307313,20.15068675002033,8.21943133342735,47.18852063041385,28.733599020177948,53.489350680771665,38.192782845990365,20.49056493869114,32.77275371741493,18.810553425968106,15.25229565970788
1391,1391,women_rep,amenity_pub,multimodal,300,0.25671696578595005,0.6486326706424325,,1.3707141706929735,,1.7316970623906376,0.8560939354254726,,0.7386907000386262,,0.5322011267092371
1398,1398,women_rep,amenity_pub,multimodal,600,0.6564619553669295,4.136073231326528,,7.173778672028392,,11.918670629596914,4.784394248686232,,9.787651775511799,,3.8498718985325384
1405,1405,women_rep,amenity_pub,multimodal,900,1.3422629925379677,12.316855175301425,,16.811074608129868,0.4072247191106374,31.484490503018016,11.240413922261451,0.06465331706986605,23.748160584876732,,9.473016855858335
1412,1412,women_rep,amenity_drinking_water,multimodal,300,,0.3851854249335333,,0.05055912924687197,,,,,,,
1419,1419,women_rep,amenity_drinking_water,multimodal,600,,3.177688763664268,,0.38200230986525496,,,,,,,
1426,1426,women_rep,amenity_drinking_water,multimodal,900,,6.484667644912433,0.1792284491345026,1.5167738774061594,,,,,,,
1433,1433,women_rep,amenity_bar,multimodal,300,0.7701508973578501,1.8729921587939,0.6395097480699657,10.802800615748314,3.2792453714129888,12.49230299746338,4.3253285715961844,3.4982820103491132,6.35739481517446,1.322673075879114,1.4708062218799718
1440,1440,women_rep,amenity_bar,multimodal,600,4.569561990989911,9.341524613301372,4.624336009789513,29.75685640229787,17.270559387514066,54.95481649052597,20.992847645872807,15.740371913640203,40.37677400736543,11.379738703497146,6.631918308481271
1447,1447,women_rep,amenity_bar,multimodal,900,11.053499069697907,24.528118896891176,8.297431404936221,42.91379363562932,30.02990233233364,85.28309548651134,38.94086040803149,33.96304370978908,73.69480991131599,26.747146613087423,13.469814049483878
1454,1454,women_rep,shop_bakery,multimodal,300,1.360599918665535,10.902771824928788,4.967288769862253,6.342361879968718,8.791404900610015,10.29120435934219,5.412634872964158,13.225042205548915,9.12275211053322,5.581732933353476,1.5117633529641152
1461,1461,women_rep,shop_bakery,multimodal,600,6.9433905651410885,37.20354073096513,23.630772721769624,27.681287396207345,44.53774973418402,58.04354255535975,22.712218027531357,53.43261329524087,43.84226028348272,26.38125514052193,10.29723259262506
1468,1468,women_rep,shop_bakery,multimodal,900,17.290972761062104,58.888893532683916,41.86698003034498,47.64090808666692,83.77485006185152,93.42859539379464,40.79475651644518,74.88289368098347,72.25982019291618,51.9185821181644,23.380720402971324
1475,1475,women_rep,shop_greengrocer,multimodal,300,,0.47438626018129887,,2.7133399362487958,0.12196854481798929,2.533250388889281,1.7916833042172602,,0.6771331417020741,,0.5276970587992478
1482,1482,women_rep,shop_greengrocer,multimodal,600,,2.9274092294948533,,15.600300213173718,2.254832991922246,10.536884420168517,9.987798292313297,,5.622256994738433,,2.991685076169834
1489,1489,women_rep,shop_greengrocer,multimodal,900,,8.07673017334314,,31.666867951624152,7.088432005921535,25.887730305412088,20.433638949173584,1.3061170967154998,18.05314951017333,,8.749148593943902
1496,1496,women_rep,amenity_marketplace,multimodal,300,,,,1.3145373604186716,,,0.15350649876594682,1.508290565186163,0.6771331417020741,1.0527539034144227,
1503,1503,women_rep,amenity_marketplace,multimodal,600,,,,9.606234556905676,1.158609922212223,0.039229061388210223,2.725847681459552,7.069543492585602,5.971083158645563,7.851806514971058,0.04681223992495498
1510,1510,women_rep,amenity_marketplace,multimodal,900,,,,19.74614881141722,5.243552949738753,0.689862956867865,7.459102935603521,14.157230439020177,15.119860011774966,18.810553425968106,0.4798254592307885
1517,1517,women_rep,amenity_food_court,multimodal,300,,0.4906045938627109,,,,,,,,,
1524,1524,women_rep,amenity_food_court,multimodal,600,,2.4976233869374367,,,,,,,,,
1531,1531,women_rep,amenity_food_court,multimodal,900,,4.407332177923692,,,,,,,,,
1538,1538,women_rep,shop_coffee,multimodal,300,,,,1.224654463979788,,0.9468271708035143,,,0.984920933384835,,0.2720961445638009
1545,1545,women_rep,shop_coffee,multimodal,600,,,,7.926547929704039,,7.184060046925662,,,8.884807586575699,,1.2551531829878553
1552,1552,women_rep,shop_coffee,multimodal,900,,,,19.74053113038979,,16.10214669787199,0.04059376417186804,,18.63142098986313,,3.0395960430904068
1559,1559,women_rep,shop_pastry,multimodal,300,,0.5757508456901235,0.7271791886027097,0.6572686802093356,0.5495256397974393,,0.07675324938297341,,,0.8404944030548115,1.0130501570816077
1566,1566,women_rep,shop_pastry,multimodal,600,,3.531542159127447,1.9791268638259318,3.173989780498074,4.3773718722868065,0.06276649822113635,1.05683320304248,,0.4924604666924175,5.198275166719433,5.097960301328004
1573,1573,women_rep,shop_pastry,multimodal,900,,7.160394320343366,3.8870351473247937,7.308603016686717,11.135758984061642,0.4459998857202959,3.8978182068336626,0.23408799266770494,3.1423519224512115,10.414821950896577,12.605501920087498
1580,1580,women_rep,amenity_vending_machine,multimodal,300,0.1173563272164343,,,,,,,,,,
1587,1587,women_rep,amenity_vending_machine,multimodal,600,1.070876485849963,,,,,,,,,,
1594,1594,women_rep,amenity_vending_machine,multimodal,900,2.2591092989163606,,,,,,,,,,
1601,1601,women_rep,mixed_offers,multimodal,300,2.0243966444834918,8.320479969563763,4.190515974298754,25.375065200902302,17.015412538566682,35.229885416043004,9.96042357364706,10.392267981277216,26.112994136117408,5.533486544399222,7.104303198256185
1608,1608,women_rep,mixed_offers,multimodal,600,7.161084819437198,33.60065138354078,16.37892778075618,51.163522357955536,61.38264996241656,87.58013669794481,28.86454483765128,43.33011072104336,78.14078037482334,29.691798092554105,27.345928280773673
1615,1615,women_rep,mixed_offers,multimodal,900,15.9981646869341,56.93261632049389,27.934179432940155,64.320459591287,85.84349878562215,99.81911772392046,38.407666900786985,68.84211503421464,96.0155467676964,53.986215746413905,46.28193386437898
1622,1622,women_rep,unhealthy_offers,multimodal,300,3.388496366699227,14.123554530430981,8.600293252512143,23.195404962259374,15.754703590106578,33.74938591366118,11.658686272149106,19.770420133183624,25.22058477549191,11.938035710657411,5.709801285938505
1629,1629,women_rep,unhealthy_offers,multimodal,600,15.160054363363408,46.35144434323707,31.897384883873205,50.73876668376664,64.35708664755273,93.15114799293951,36.67026095911646,59.37458574604646,79.7063480755968,51.80963576214381,24.10048006491866
1636,1636,women_rep,unhealthy_offers,multimodal,900,31.625389407329575,67.64021969421371,51.67346337868185,66.39385717573873,92.12134378798723,99.34570413851868,57.401144075019715,77.84371570130097,97.59095503157009,80.93264576268777,45.780756585169264
1643,1643,women_rep,shop_kiosk,multimodal,300,0.4107471452575201,0.8316571787894631,,,0.5018615980434403,0.6720290899103181,0.6629388766872771,,1.703092447311277,,
1650,1650,women_rep,shop_kiosk,multimodal,600,3.5610310539736787,4.721274409371308,,0.06212275839161367,3.434784025255175,4.730864864424096,3.762102528488038,,14.509981028601182,,
1657,1657,women_rep,shop_kiosk,multimodal,900,8.401979551651594,10.271358196071677,,0.3040113096609944,12.244279411826737,12.341744785845297,8.012125856888785,,30.552524531361858,0.4894946709740241,
1664,1664,women_rep,shop_alcohol,multimodal,300,,0.6379487137024674,0.1623806653226364,2.8537819619345512,0.08435866285666592,0.032072782941519766,1.104805845971131,0.22323360446120183,1.005440119497019,1.0234818207894958,0.198415182158922
1671,1671,women_rep,shop_alcohol,multimodal,600,0.007334770451027144,3.358636245475969,1.4589186612144287,12.645399992745423,0.47370633757973946,1.7486001010512224,3.4214311419058703,1.189110192302107,6.748503060152585,2.8043723125713185,2.255664603578385
1678,1678,women_rep,shop_alcohol,multimodal,900,0.4767600793167644,6.440974150470867,1.9986805331669557,22.78828722131563,2.4583406231713076,5.120501763421958,9.474994232656323,6.164482717314998,23.246285188223144,4.8116372679854855,6.439887914984912
1685,1685,women_rep,shop_convenience,multimodal,300,0.608785947435253,0.1338012528716484,,3.6121689006376316,1.7344043428377662,0.12458252247414663,2.477880610496264,1.8564980186990174,0.7797290722629945,0.8792402844285186,0.41198886911614463
1692,1692,women_rep,shop_convenience,multimodal,600,2.512158879476797,2.043510043857903,,13.87567213775264,14.050069356746645,2.5380819242777384,10.018762763299907,7.320490896286894,5.724852925299353,6.006573392329131,3.3003935477379924
1699,1699,women_rep,shop_convenience,multimodal,900,5.713786181350145,5.599379703507468,,22.936991634997586,38.28592779176213,9.794359225591812,18.979233962602496,14.74589773472028,19.726400106888654,14.986614656174737,10.998847144325516
1706,1706,women_rep,shop_confectionery,multimodal,300,,0.1540741699734133,,0.46626752527670823,0.4897787905758187,0.8969941618138555,,,,0.018271617457713295,0.13751095477955527
1713,1713,women_rep,shop_confectionery,multimodal,600,,1.086628356654599,,2.5167211002887386,4.546296438457473,3.762392178719228,,0.0415933367842778,,0.5263435782760253,0.8279914936726411
1720,1720,women_rep,shop_confectionery,multimodal,900,,2.4651867195746133,,4.763793511260827,12.700857649420946,5.930128069769379,,0.42855027795023354,,2.3573808977730013,1.9514852518715609
1727,1727,women_rep,shop_health_food,multimodal,300,,,,,,,0.36692116797391344,,0.8002482583751784,,
1734,1734,women_rep,shop_health_food,multimodal,600,,,,,,,1.9752627093539536,,4.999575652167711,,
1741,1741,women_rep,shop_health_food,multimodal,900,,,,,,,3.6564530933776873,,11.25464190718718,,
1748,1748,women_rep,shop_spices,multimodal,300,,,,,,,0.2893007092127459,,,,
1755,1755,women_rep,shop_spices,multimodal,600,,,,,,,2.456103980255149,,0.04228208107099657,,
1762,1762,women_rep,shop_spices,multimodal,900,,,,,,0.0830196292144913,5.79359839313373,,2.01967532438908,,
1769,1769,women_rep,shop_supermarket,multimodal,300,0.4877622349933051,3.606526783250467,2.32804929525413,9.353438910671317,7.516383364079022,11.29006313251452,3.6128574735866996,6.4021677803535555,10.468020842249686,1.5965294518626099,4.378123689104885
1776,1776,women_rep,shop_supermarket,multimodal,600,2.6588542884973396,15.800335192785326,11.460941174560848,42.18878451600095,38.86384274065844,48.28818365420918,18.894504745944875,32.214315611952024,48.89506354468937,12.674665233711616,18.90112008679525
1783,1783,women_rep,shop_supermarket,multimodal,900,6.021846540293286,33.505033650942615,20.136044445017813,61.6989907242661,75.7275803577339,84.03834888607817,32.43850379899534,57.567851580136974,88.24082928128463,30.00770878301561,36.63676571316585
1790,1790,women_rep,amenity_cafe,multimodal,300,1.3677671074412487,5.224480611073461,4.386033602552985,16.763160185851774,6.940619544738135,25.087576490333586,4.402842639434593,9.406250971837663,15.985643557499312,7.051071473608177,3.4147578541906585
1797,1797,women_rep,amenity_cafe,multimodal,600,7.237471943010193,27.15000991951876,18.672507048524686,41.75279347975718,43.46515515751511,83.34850302736744,22.878858665137514,42.89451595946241,52.06047312681529,35.99386864867125,16.98604853074573
1804,1804,women_rep,amenity_cafe,multimodal,900,18.097153887644396,47.535227773393615,38.468331786589445,58.38503220341226,77.35109532194433,98.9480556964651,44.77818659957378,68.57693225438398,77.36594591210799,66.8283949174126,33.25735503745335
1811,1811,women_rep,shop_seafood,multimodal,300,0.2750538919135179,,,,1.250644559539,,,0.12991231058581076,,,
1818,1818,women_rep,shop_seafood,multimodal,600,1.2838619748740077,,,,7.086985837387667,,,2.706601065223284,,,
1825,1825,women_rep,shop_seafood,multimodal,900,2.804769806547684,,,0.03932376719201154,17.300583073622832,,,8.417448001618123,,,
6,6,elderly,amenity_fast_food,drive,300,8.180868026611229,14.580806790092835,4.7969582774896695,50.017729755965576,24.8913498556963,72.80834330719516,9.892283952142524,22.27022057242661,58.608299112231876,6.262325125677393,8.732874812245363
13,13,elderly,amenity_fast_food,drive,600,31.761353957849142,52.35014052069757,33.933278514316875,63.440793660417384,91.60081251091637,99.99999999999997,37.146424133135305,63.22222080046739,98.35177870727566,45.58840478046956,30.140347672631496
20,20,elderly,amenity_fast_food,drive,900,53.58433255571799,79.27166368994632,59.77320713426617,67.83599768105567,100.0,99.99999999999997,63.51333560362614,85.21546216174507,100.00000000000003,81.000093306834,47.296845555834096
27,27,elderly,amenity_ice_cream,drive,300,,1.7472532319540608,,17.428464918894974,4.67123962484555,22.860074711214594,4.819241584222854,,14.338673966019622,,7.321735106378801
34,34,elderly,amenity_ice_cream,drive,600,,8.417542175287425,,31.932540072010784,30.509415741832864,92.09449256768582,22.15104858412843,,41.260821181728716,1.1896602936461307,22.282663196061044
41,41,elderly,amenity_ice_cream,drive,900,,20.027291640199532,1.075367784046824,46.809579134781735,76.68909910008604,99.99999999999997,35.077297187393064,,70.91887064389472,11.647073751799729,39.838578567206916
48,48,elderly,shop_deli,drive,300,,,,,1.0732120237563658,,,,18.961158733968013,,
55,55,elderly,shop_deli,drive,600,,,,,17.122487924585332,4.764364610861798,,10.308862662814647,62.05828670116298,1.8837703562459933,
62,62,elderly,shop_deli,drive,900,,,,,45.63123108642727,30.29014453661857,5.150740605549859,42.730171156153645,99.88627757507203,21.459223997073153,
69,69,elderly,shop_beverages,drive,300,,6.381843125388256,2.063855969844539,15.74455526489546,0.19447977939819378,2.496642325846641,11.171962643292254,10.845151648515726,30.934121902124556,,2.3978125916672157
76,76,elderly,shop_beverages,drive,600,,22.41805524731212,8.547372859427766,44.83128802164708,20.753513967212374,19.582143614919385,34.163942171642525,59.054660629385516,83.36706083975908,3.616525832998576,13.079730921148444
83,83,elderly,shop_beverages,drive,900,,37.77575636389325,31.36958121461168,62.99506015612183,69.80641716746602,55.54990947089532,56.19311018200591,93.15739618457185,100.00000000000003,36.76453016212904,24.761686792972935
90,90,elderly,shop_butcher,drive,300,4.00613295389161,9.634515281022997,7.062177555551638,28.19987367231187,0.08584864426836149,29.605716561439138,12.901359501155603,0.9676887362567922,,0.20975643020428328,10.195875632147272
97,97,elderly,shop_butcher,drive,600,11.534584085907504,37.05049556768643,31.323695450590705,60.43551748204257,5.430826107613942,85.88415781510275,44.455695064245404,5.201230543080819,8.507079769020185,3.172708427036179,33.91583203951195
104,104,elderly,shop_butcher,drive,900,23.85353455071053,56.269570233476486,58.46266653909837,68.86318256999537,43.21176742107228,99.99999999999997,63.64054638114366,10.51283849527136,38.694454830030885,5.975713267942662,55.66014924945699
111,111,elderly,amenity_restaurant,drive,300,13.344236490477336,44.33259548271875,23.894374750270707,54.23712537619711,79.14784739475859,97.05653199963575,34.00016777943194,61.1762393022597,93.20379272951375,47.94121045167971,32.8616024033647
118,118,elderly,amenity_restaurant,drive,600,39.32131872485963,79.83385901892235,69.2985551177011,67.28602043926561,100.0,99.99999999999997,59.46547419472057,96.07967209530268,100.00000000000003,86.8965049138027,64.91756524408974
125,125,elderly,amenity_restaurant,drive,900,69.03793201811789,94.96598442345956,88.04610134863874,80.45868343765349,100.0,99.99999999999997,83.51764343718705,98.33636741647425,100.00000000000003,98.55150592403548,77.41283447666004
132,132,elderly,shop_wine,drive,300,,,,0.6791768937798041,,7.260542658859618,,,,,
139,139,elderly,shop_wine,drive,600,,,,12.33744473163644,,36.54001103125048,0.009174998144398155,,,,
146,146,elderly,shop_wine,drive,900,,1.9150505221708685,,24.542480653028615,0.07015368436470744,75.58596619941784,3.1600408455509794,,0.051463252237615255,,
153,153,elderly,healthy_offers,drive,300,5.384800773786661,19.515506481123438,7.390242803425667,48.04194242860614,28.185463789801613,48.6719741709973,37.80487452342666,23.72246095052979,34.14793839313245,16.519731140847423,14.384715840343713
160,160,elderly,healthy_offers,drive,600,19.905293216567323,49.253359041575834,32.81960702236302,67.54981444353561,86.97522293887042,93.83604056939386,64.61783189517077,62.72801735749805,99.56734191065986,62.45183372136391,38.00403713262182
167,167,elderly,healthy_offers,drive,900,37.01658915364357,79.8431713584759,72.42455657392827,80.23355658190458,99.84712857741577,99.99999999999997,78.94103380360585,94.93103317255276,100.00000000000003,91.37710542463363,60.563761527044534
174,174,elderly,amenity_pub,drive,300,1.1178592371331593,13.666496112561962,,16.146889179028527,0.8908224754647803,31.901824348432818,10.501759387667702,0.6056787494750171,23.884364853708394,,10.154715126412656
181,181,elderly,amenity_pub,drive,600,5.074426778057866,44.444008962422956,,37.720968810116176,32.607330531740594,88.20730386698621,23.953195684401983,18.644192706643917,86.12425618361239,5.243707867758149,32.159496966014906
188,188,elderly,amenity_pub,drive,900,9.413490090736234,75.38867971610857,0.26181093056671073,61.64941260247894,71.82964503917202,99.99999999999997,34.33310817381642,54.66587944088975,100.00000000000003,37.02284584573126,55.11520750064726
195,195,elderly,amenity_drinking_water,drive,300,,6.570688298028407,0.32806524787402935,1.7568790723394936,,,,,,,
202,202,elderly,amenity_drinking_water,drive,600,,25.813341475720968,2.5056009479665855,15.065378371115651,0.06345334576357153,,,,,,
209,209,elderly,amenity_drinking_water,drive,900,,55.54536521841441,11.686438074809496,44.0398504842673,2.7695519150923578,6.68404221052482,,,,,
216,216,elderly,amenity_bar,drive,300,11.7691609468856,24.29945297715395,8.743938420977235,40.87610456127459,34.502108756433095,83.61984984479196,38.64405169497695,37.531128093195605,73.53921203012469,33.57935705466835,14.034809709691991
223,223,elderly,amenity_bar,drive,600,40.162556310998575,78.8847810091588,37.03077480017239,64.99399899514968,80.98808240262822,99.97499407938902,81.13827642614676,96.22043874341135,100.00000000000003,82.31721407677962,41.765009366042136
230,230,elderly,amenity_bar,drive,900,58.48770246004526,97.5997033681237,77.17329135676698,76.5588372096526,98.96608371902886,99.99999999999997,92.93523681668724,98.07892550787294,100.00000000000003,95.85574959229082,63.95275935063969
237,237,elderly,shop_bakery,drive,300,17.148217455015008,59.87214636565953,45.141428216232306,49.11222717215901,75.67828568756518,85.82697374515246,41.38445103945149,82.22628700800007,68.33352643101504,52.81634228261729,24.114674465077673
244,244,elderly,shop_bakery,drive,600,42.47650194228915,91.71762045723946,84.44044110879148,79.71585887521712,97.99589017020546,99.99999999999997,82.37202228372318,94.91028148846132,100.00000000000003,87.29660917629869,64.75588490452908
251,251,elderly,shop_bakery,drive,900,51.582346115002466,98.89457479755612,96.40921740487694,87.60968643497145,100.0,99.99999999999997,91.74849080130416,97.7432678684459,100.00000000000003,97.76986612760246,82.16815527462316
258,258,elderly,shop_greengrocer,drive,300,,7.073850211273731,,30.82115970037111,3.2716114340410045,25.983911950808952,17.42570137702145,0.15161678572909393,18.05745065661237,,8.483500356802221
265,265,elderly,shop_greengrocer,drive,600,,32.49911919072124,,58.6056689913631,31.01468607769995,92.77834128783506,48.42775024419835,17.024914329705517,79.94128806340571,4.00372041219245,30.422968040831577
272,272,elderly,shop_greengrocer,drive,900,,62.79191951199735,4.030690678497508,66.96597769315593,82.92024291389839,99.99999999999997,69.74465088600998,53.71110258147079,100.00000000000003,32.768737291131124,47.18541003140357
279,279,elderly,amenity_marketplace,drive,300,,,,20.785058162534003,6.1451215551019045,0.7795537462069605,7.684399662075019,15.67112387766692,16.44487532339707,16.519731140847423,0.5145440984687826
286,286,elderly,amenity_marketplace,drive,600,,,,47.39644372790634,40.94836124444501,25.725467332181196,26.321962994412523,55.50970619333771,67.60648463594757,59.044109126332735,5.941809653372878
293,293,elderly,amenity_marketplace,drive,900,,1.9824487242043307,0.37969025212185137,64.17630069969672,71.6064578384924,70.99072752632765,44.18848669335508,93.78482555029235,99.42065295367303,88.0459392978212,15.780810908705103
300,300,elderly,amenity_food_court,drive,300,,5.341809084028219,,,,,,,,,
307,307,elderly,amenity_food_court,drive,600,,18.101448509741083,,,,,,,,,
314,314,elderly,amenity_food_court,drive,900,,45.173352580259596,0.9198602085710623,,,,,,,,
321,321,elderly,shop_coffee,drive,300,,,,16.923292022695122,,15.09022041729897,0.04587499072199078,,14.962552684731367,,2.424639594977625
328,328,elderly,shop_coffee,drive,600,,,,49.94476033762559,0.056122947491765954,53.94665134726028,12.979921053778599,,65.69756889061212,9.385421602152464,9.875334364330609
335,335,elderly,shop_coffee,drive,900,,1.5569871825901522,,65.710063240264,12.67494952241277,90.81789797199144,43.667652237467934,6.62106526168893,98.10454551336697,26.029535706871755,22.576144276394622
342,342,elderly,shop_pastry,drive,300,,7.405689866493667,4.2197103075097715,7.223972415657916,14.204585180114048,0.3619146464638873,3.3534888850816915,0.620763354709301,3.137584023326078,12.243411997118086,16.51113914859591
349,349,elderly,shop_pastry,drive,600,,26.425413962821697,18.98386769685927,24.69734159199288,40.68903787484586,29.632040161900093,20.657791094685113,20.985365482409556,27.645024501416465,37.720929794621426,51.04506996663037
356,356,elderly,shop_pastry,drive,900,,50.4989743640332,48.22096855871647,50.09631220648555,67.83728045058318,73.53430400173913,50.23667565403217,75.90523121210725,80.12610876621068,57.43952721851813,73.16397449015848
363,363,elderly,amenity_vending_machine,drive,300,1.7300043497134863,0.028321152449246937,,,,,,,,,
370,370,elderly,amenity_vending_machine,drive,600,10.7086094467134,3.687763731480323,,0.44601473165496464,,,,,,,
377,377,elderly,amenity_vending_machine,drive,900,20.237013066803872,18.88101832342009,,5.283842902264587,,,,,,,
384,384,elderly,mixed_offers,drive,300,15.99788723029209,52.7540384401905,34.00359296621885,63.391980861774464,82.15310174871966,98.0565982897896,37.91950467777197,74.80815463782214,95.36708317621448,57.41828952010609,47.254443438534196
391,391,elderly,mixed_offers,drive,600,51.016049403787825,88.86886754830788,74.45224322161346,79.24997720427726,100.0,99.99999999999997,65.19357996203978,97.53480701880544,100.00000000000003,88.81941461087169,83.68514704843088
398,398,elderly,mixed_offers,drive,900,78.86450333502862,98.60323650795455,89.39317103532602,86.49208746260277,100.0,99.99999999999997,86.28475914632278,98.4228110752962,100.00000000000003,98.71181892554914,94.33851121122426
405,405,elderly,unhealthy_offers,drive,300,29.515669110902582,66.77650069148842,55.00116572873013,65.93908633439577,86.32872015865497,97.98471038646899,58.78960977803519,84.71567048648424,96.0122199103617,81.92040574602983,47.838532643642765
412,412,elderly,unhealthy_offers,drive,600,65.2171261593545,91.91051691094171,88.56749333177265,83.32503856695608,100.0,99.99999999999997,88.29400240009012,96.15891211588945,100.00000000000003,95.60830763353368,85.5509892598255
419,419,elderly,unhealthy_offers,drive,900,79.06975808838442,98.89457479755612,98.41442355372155,89.52813230343293,100.0,99.99999999999997,94.89160524798702,98.14186918412487,100.00000000000003,98.10763796748576,94.8978303782475
426,426,elderly,shop_kiosk,drive,300,7.689722723938336,8.907190230473473,,0.27523840051947224,6.153629755892228,12.424278716196534,8.356897962334578,,29.10696637657057,0.8319151532600344,
433,433,elderly,shop_kiosk,drive,600,36.06936827086976,32.344037054251245,,12.749587651881667,54.99209556968855,68.73805849472522,26.39145312740343,11.27930880331078,94.11009953442726,15.36163518669736,1.4233246649074909
440,440,elderly,shop_kiosk,drive,900,47.45159420371623,52.04684586358448,7.2629550965422425,46.66071236720665,92.81747015591398,99.99999999999997,54.89473954141357,45.20412423699002,100.00000000000003,52.33642279656284,8.545403719405348
447,447,elderly,shop_alcohol,drive,300,0.49481056612567925,6.944146362727753,2.2702732342856744,25.11651460266594,0.24795786090190752,5.08291205528228,8.251539675416206,3.8624965320994105,23.2868741040741,3.6244708576153286,4.495081888704429
454,454,elderly,shop_alcohol,drive,600,3.5575702080566645,27.33027528610951,8.929258045574395,55.171192680152515,3.742245254675251,32.97729015674973,34.50992452665821,34.28465206838232,79.20053686253925,27.3355084852665,25.876771866077007
461,461,elderly,shop_alcohol,drive,900,7.133252971105053,54.08612934882795,26.075250171944447,72.16383301271385,41.5579876205596,69.6937457750446,52.415497865712325,94.40486975341946,100.00000000000003,73.65003205739589,56.834567938084746
468,468,elderly,shop_convenience,drive,300,5.6664972980022235,4.143948865185527,0.023363960606634787,23.164983806853318,38.09489835086129,11.195929546644424,17.724127200176113,18.03925118240599,21.632692678659108,15.29138124849788,9.969245750217484
475,475,elderly,shop_convenience,drive,600,20.675751137147827,30.08581354739746,1.9555764113219916,45.86969897494678,86.28162432087197,68.80974698934651,33.39421444845488,68.41208213817441,88.90785889579368,52.33072510457952,42.59588991916272
482,482,elderly,shop_convenience,drive,900,44.420128454756714,49.72963200209559,25.20574435122492,66.40467447515609,99.62939015347328,99.99999999999997,58.97197585169,92.08885651302279,100.00000000000003,81.05048569904346,61.427820412462985
489,489,elderly,shop_confectionery,drive,300,,2.5414061399770613,,4.933855286218577,10.463392773785248,7.955208874778934,,0.32726249565630505,,1.604058731339118,1.6862781840907628
496,496,elderly,shop_confectionery,drive,600,,21.806009467153718,0.799171676402888,21.45300899195381,41.91667995555725,37.16797107160785,,6.19242006612947,,10.72751319932347,5.183649704871152
503,503,elderly,shop_confectionery,drive,900,,47.83215511855808,20.159976179877585,40.1501190953782,89.15262289468924,88.92056768377326,6.495947944093536,37.62121320614169,,31.15765268926007,10.897126996284417
510,510,elderly,shop_health_food,drive,300,,,,,,,4.39165098652928,,11.17986164968119,,
517,517,elderly,shop_health_food,drive,600,,,,,,1.1890965118223578,20.123446296310522,,35.51663081269556,1.057750194791688,
524,524,elderly,shop_health_food,drive,900,,,,2.733546671659211,0.5036982570939718,9.586052124746214,34.12232490165069,,65.34451900577778,10.825242893106829,
531,531,elderly,shop_spices,drive,300,,,,,,0.21913062604628225,5.563405054509259,,0.05438898583512845,,
538,538,elderly,shop_spices,drive,600,,,,4.675655805938651,,6.722959481931845,17.55031471827331,,12.142785800664093,,
545,545,elderly,shop_spices,drive,900,,,,17.88312052547484,0.43267359622784407,17.767242434846754,27.10363522229155,,40.39827435493261,,
552,552,elderly,shop_supermarket,drive,300,6.824720549081592,30.572540181461385,25.74212025891085,61.26063321250235,71.678937340157,83.05201596564345,32.06196046284432,64.61308813444239,83.43084462528104,31.44140190144552,37.21164542629513
559,559,elderly,shop_supermarket,drive,600,36.087431360603425,76.23063287450472,54.0331403996168,79.01232553804073,100.0,99.99999999999997,58.18472849495075,94.91162713870465,100.00000000000003,74.75540915330907,77.98895682278184
566,566,elderly,shop_supermarket,drive,900,60.69785632207332,91.83843523379562,78.43342254374497,86.34614862592281,100.0,99.99999999999997,80.72702780695461,98.12265948216444,100.00000000000003,92.73750885158586,89.14581821343303
573,573,elderly,amenity_cafe,drive,300,17.407188903463936,49.254073337542614,39.799270247230915,58.21715863384526,72.9517806374674,97.69344099302226,46.025127549193776,78.68228316873245,77.09036458745497,70.3815096337803,35.41424778706063
580,580,elderly,amenity_cafe,drive,600,59.95747310461118,85.91591718725662,85.34942213949044,74.673451662902,98.00077014530586,99.99999999999997,80.14540475981143,95.74590352374015,100.00000000000003,94.95577681293578,69.91269601373193
587,587,elderly,amenity_cafe,drive,900,76.72032421515065,97.2677776139511,98.08922063093205,84.8244113365943,100.0,99.99999999999997,93.35823539642773,97.92284667944443,100.00000000000003,96.48885659762843,78.9321026232273
594,594,elderly,shop_seafood,drive,300,1.3786678198950484,,,0.05051728961998544,19.744971142236658,,,11.714280611852182,,,
601,601,elderly,shop_seafood,drive,600,8.370709130659817,4.679869466251666,0.9252281147122452,3.6622821707940374,69.44370283957859,0.3500828885536963,,48.19588054565488,3.9557311025384796,,
608,608,elderly,shop_seafood,drive,900,13.163054602933045,16.72016841544003,16.57680552411927,10.283549907365657,89.27751154338284,21.05572188891416,,79.2000594502055,40.250747652199685,3.8127855590649897,
615,615,elderly,amenity_fast_food,walk,300,0.3372042376560185,1.3637800464526586,0.7749165843041985,8.851751747857447,1.6534567597640437,6.263992429071531,0.8607523433985125,1.386794830074645,4.635622385787282,,0.7592736768183859
622,622,elderly,amenity_fast_food,walk,600,2.928545498773466,6.381843125388261,6.207989042666418,33.69503217653028,9.406219863054684,39.72148709729758,5.398848845925258,8.563148539423372,31.532020501205743,1.03771337251567,4.049281515753474
629,629,elderly,amenity_fast_food,walk,900,7.829002735144082,15.565210433253082,13.840725646586538,50.797941228985366,26.519763889618638,76.55067931501219,12.234244907962937,19.965310448298435,66.45856244727632,5.35014992519633,9.66554006818809
636,636,elderly,amenity_ice_cream,walk,300,,,,1.9757873273594302,0.04015858512852977,1.975467728267286,,,0.9477272433165108,,0.4257083483738728
643,643,elderly,amenity_ice_cream,walk,600,,0.2549499790104377,,9.317633418797312,1.6412645355311783,10.750778578591301,1.4799367870694307,,7.241459828343637,,3.0663635744148006
650,650,elderly,amenity_ice_cream,walk,900,,1.257587399251474,,16.945744151415113,4.951262444226265,21.654652910337212,4.448876141794497,,13.760982091459702,,6.258362542782906
657,657,elderly,shop_deli,walk,300,,,,,,,,,1.4627963972928755,,
664,664,elderly,shop_deli,walk,600,,,,,,,,,6.9019266632832865,,
671,671,elderly,shop_deli,walk,900,,,,,0.5460624529551279,,,,17.299979424833232,,
678,678,elderly,shop_beverages,walk,300,,0.4613380572569825,0.11210652974652838,0.516398960559851,,0.09706235271765196,1.26737604530313,0.8757859408027298,2.7607706653133146,,0.23803223682390937
685,685,elderly,shop_beverages,walk,600,,2.484750589085853,0.9877790830858322,5.001211672378558,0.015491889949584812,0.6235019683490846,5.4344796601143095,4.209376384843132,14.43841431185677,,0.9747832747679943
692,692,elderly,shop_beverages,walk,900,,7.146693062419572,1.9842485439493935,13.527407553796097,0.33577841693182064,3.207399898884753,11.755015591356813,9.73373593012159,32.71250863236151,,2.04709755245201
699,699,elderly,shop_butcher,walk,300,0.26389896860036227,0.9388634147685959,0.5346545537983511,2.3350213868793266,0.01866274875399163,2.3255506168209825,0.7938473924797032,0.1320667009779741,,,0.8686115721675982
706,706,elderly,shop_butcher,walk,600,1.2901727353795491,4.58003077651448,3.048884512483003,12.58441814755637,0.07838354476676483,14.906602149926778,5.230108018403031,0.7996038441030069,,0.029132837528372677,4.059306848392148
713,713,elderly,shop_butcher,walk,900,3.815539254346905,10.771673123910823,7.258443151249766,27.195140912092153,0.42551067159100914,36.524247539832274,13.380290018891284,1.0373239058633603,,0.13983762013618883,9.169001698006026
720,720,elderly,amenity_restaurant,walk,300,1.784983301505228,6.41818507500489,2.9036779711195737,21.73366060095373,12.755226622027921,31.98957930810736,8.341290218184339,5.414902047782541,19.12150152680893,4.239415211766176,3.408607239751321
727,727,elderly,amenity_restaurant,walk,600,6.318923197770703,28.061190680413233,14.709118459615478,44.16915004810682,56.01323464756791,82.97598937561834,24.73793174879867,26.049946756860713,71.02829898038722,24.157321725448867,17.35151658543154
734,734,elderly,amenity_restaurant,walk,900,13.645793845056675,48.22161423788291,26.461031555762204,55.739613597609846,84.37846349257767,98.59487190280538,35.36324677734593,53.883432688268286,93.48870620612152,45.975128490082604,31.863777262771702
741,741,elderly,shop_wine,walk,300,,,,,,0.30007104733173967,,,,,
748,748,elderly,shop_wine,walk,600,,,,0.23574735155993198,,2.9775059541978384,,,,,
755,755,elderly,shop_wine,walk,900,,,,1.1282194681796747,,7.07796533154242,,,,,
762,762,elderly,healthy_offers,walk,300,0.5387937275590731,1.5418403492535993,0.5346545537983511,6.106979011838239,1.4424168203919048,4.772530497613081,3.0328624381561005,1.8690802634039074,2.1632904467007315,0.9615860837214792,1.3421287978031953
769,769,elderly,healthy_offers,walk,600,2.5651219174970845,9.152144190797666,3.048884512483003,28.879050566091674,10.573885516562733,23.665530330042547,19.409897147344033,11.219630943932872,12.284187818543419,7.337185656818076,6.060546409182641
776,776,elderly,healthy_offers,walk,900,6.595343464656141,20.073359355393155,7.4252131318470225,47.149470311986406,28.668695336918887,53.44124117222378,38.336764655122806,20.928000315571133,32.798049998661185,17.792839605661307,14.189360347549451
783,783,elderly,amenity_pub,walk,300,0.2565684416947967,0.6662888871975448,,1.369579851919605,,1.7379114824629924,0.8518721397551627,,0.741699581725965,,0.5441591446629449
790,790,elderly,amenity_pub,walk,600,0.6560821580481229,4.205638125694082,,7.1678420938579315,,11.957123076243551,4.764439419368935,,9.827519457869036,,3.968576626879819
797,797,elderly,amenity_pub,walk,900,1.3414864237185085,12.408319923124681,,16.798000911908336,0.4305537424560569,31.53624050741129,11.174976739779515,0.07274176696892078,23.797834288942536,,9.504779344943481
804,804,elderly,amenity_drinking_water,walk,300,,0.3844483810474854,,0.05051728961998544,,,,,,,
811,811,elderly,amenity_drinking_water,walk,600,,3.1638182921302915,,0.3816861882398899,,,,,,,
818,818,elderly,amenity_drinking_water,walk,900,,6.428440436285336,0.16676998059725537,1.5155186885995626,,,,,,,
825,825,elderly,amenity_bar,walk,300,0.76970532508439,1.8736601354844629,0.5895841367393468,10.793860882136885,3.4272102269825666,12.51096070990323,4.36997201860389,3.2633204709512613,6.368724337021309,1.3200434963394727,1.4837380936322677
832,832,elderly,amenity_bar,walk,600,4.566918262167381,9.362682209513434,4.441374829929603,29.73223145745143,18.049739998810686,54.95501379566596,21.297490310851703,14.894883521633693,40.459978926804986,11.142882874972766,6.719884773204467
839,839,elderly,amenity_bar,walk,900,11.047104046687387,24.564553534670885,7.812529455428257,42.87995704953399,31.83408308406855,85.25935086839888,39.14487512921425,33.38797602542058,73.68513021331877,26.301934653471083,13.217421529848
846,846,elderly,shop_bakery,walk,300,1.3598127409824223,10.92693755545072,5.186855473116771,6.337113331218172,9.250463723987275,10.31690693935801,5.737434201608934,14.41959968303557,9.053405663510796,5.517379722989562,1.532468791080383
853,853,elderly,shop_bakery,walk,600,6.934696463011353,37.26654508130061,26.1804799273036,27.6592181802052,45.730217939299074,58.04822950190529,23.01102367413539,58.07766079320261,43.743369592583484,25.9699202717937,10.412506402597742
860,860,elderly,shop_bakery,walk,900,17.26695488895548,58.94001882866857,45.56143784778815,47.602321515739455,84.34627925990543,93.43811897949357,40.95823601614651,80.27604610110586,72.20062092280742,51.28254057197624,23.751114079527888
867,867,elderly,shop_greengrocer,walk,300,,0.4734785324479557,,2.7110945429392177,0.08211609451756319,2.4969917220140547,1.7990978112006462,,0.6798912832488013,,0.47606447364781873
874,874,elderly,shop_greengrocer,walk,600,,2.921807695960889,,15.587390363855505,1.6065693611224872,10.459330781662292,9.942826414662042,,5.645157927580955,,2.7603194684325585
881,881,elderly,shop_greengrocer,walk,900,,8.061275526806224,,31.640662398650875,5.184353711169041,25.77328210601187,20.278292291321872,1.4767700895999105,18.112669861086452,,8.415840249834947
888,888,elderly,amenity_marketplace,walk,300,,,,1.313449530119621,,,0.15274948712851194,1.5893237525520232,0.6798912832488013,0.9615860837214792,
895,895,elderly,amenity_marketplace,walk,600,,,,9.598285027797232,1.2589453754856428,0.024835386325691124,2.711424239108799,7.343883675302629,5.995404952284884,7.313879386795379,0.04075596819554714
902,902,elderly,amenity_marketplace,walk,900,,,,19.72980811269431,5.688292510000833,0.6167594608076709,7.373267392699246,14.299789283511611,15.188106587694739,17.792839605661307,0.4177486740043581
909,909,elderly,amenity_food_court,walk,300,,0.48966583270258673,,,,,,,,,
916,916,elderly,amenity_food_court,walk,600,,2.4928442392131687,,,,,,,,,
923,923,elderly,amenity_food_court,walk,900,,4.398898844195964,,,,,,,,,
930,930,elderly,shop_coffee,walk,300,,,,1.223641015239647,,0.9502249832171756,,,0.9889327756346201,,0.23689406513661776
937,937,elderly,shop_coffee,walk,600,,,,7.9199884059777155,,7.156063502006428,,,8.920997746870635,,1.0927693972431076
944,944,elderly,shop_coffee,walk,900,,,,19.724195080514313,,16.01458680847873,0.030583327147993857,,18.707311672421557,,2.674873790028892
951,951,elderly,shop_pastry,walk,300,,0.5746491590393993,0.6564745787144312,0.6567247650598106,0.5977078947023621,,0.07637474356425597,,,0.8591868068153043,1.1101599028853315
958,958,elderly,shop_pastry,walk,600,,3.524784630445893,1.786693698769173,3.1713631816990855,4.726146649660123,0.0397366181211058,1.0516214690770629,,0.49446638781731006,5.313883620412045,5.6006683835620645
965,965,elderly,shop_pastry,walk,900,,7.146693062419571,3.5090934954993047,7.3025548661778945,12.03359101313502,0.3792884821460205,3.8540706341635693,0.2660747343924774,3.152873522823365,10.646445214885292,13.975378237428501
972,972,elderly,amenity_vending_machine,walk,300,0.11728843048904991,,,,,,,,,,
979,979,elderly,amenity_vending_machine,walk,600,1.0702569282125807,,,,,,,,,,
986,986,elderly,amenity_vending_machine,walk,900,2.257802286914211,,,,,,,,,,
993,993,elderly,mixed_offers,walk,300,2.023225425936111,8.329597916426541,4.662870118781613,25.354066357052695,16.572776203226905,35.31785028800004,10.054816836957462,11.041030457314047,26.144151279959072,5.6241812340131005,7.106199204012512
1000,1000,elderly,mixed_offers,walk,600,7.154603265005183,33.65120061968156,19.63292724647795,51.1236969191248,60.256795606552295,87.60532554199449,29.062242490051542,46.577501433165494,78.12136712212052,29.919626228493847,27.209270397035706
1007,1007,elderly,mixed_offers,walk,900,15.984231927932111,56.958709550319966,32.88023034064875,64.27142251120739,85.31593654372466,99.83009616727358,38.55054441866279,71.84470837568362,96.02284644368524,54.11766112933554,45.92131843539738
1014,1014,elderly,unhealthy_offers,walk,300,3.3760316445626297,14.163435424437706,8.932876541803816,23.176209871213313,16.026949415801504,33.79157065982889,11.90445455282052,21.477912408927743,25.213162942234163,11.815766569533318,5.804167931414584
1021,1021,elderly,unhealthy_offers,walk,600,15.12676503707998,46.41267099016632,34.76997505599397,50.70150836852697,64.19915387734905,93.19924226524033,36.831561279157256,64.02632928804961,79.72646485586404,51.57848481366321,24.299321738872344
1028,1028,elderly,unhealthy_offers,walk,900,31.556896849552952,67.67322533260156,55.14326773339708,66.34642771215985,92.11111646530668,99.35498367566498,57.45035596067905,82.59703375886016,97.60664646776158,80.73712646739703,45.75355749517729
1035,1035,elderly,shop_kiosk,walk,300,0.4105095067116747,0.844857371347048,,,0.47923504982979004,0.6637512684756425,0.677649742141326,,1.7100295912015304,,
1042,1042,elderly,shop_kiosk,walk,600,3.558970812652108,4.735053474496984,,0.06374758050634934,3.4178352935994063,4.6845187194359985,3.7743729284568754,,14.566805974939607,,
1049,1049,elderly,shop_kiosk,walk,900,8.39711857032542,10.2898664988838,,0.30711219077264684,12.048981987010903,12.279554480315184,8.022024086706688,,30.659008466639033,0.5153373032331909,
1056,1056,elderly,shop_alcohol,walk,300,,0.6370220580131714,0.231272954370698,2.851420347439178,0.0509571408614081,0.024920653468334716,1.0934713864625536,0.25368198111121565,1.0095355417936749,0.786646638354848,0.19057139966114162
1063,1063,elderly,shop_alcohol,walk,600,0.007330526905565619,3.3809025792095464,1.5393530847891943,12.634935437176356,0.2861439448371378,1.6516805589601269,3.381013879514885,1.209329799652945,6.753582534529409,2.1488204231008634,2.3298665251792494
1070,1070,elderly,shop_alcohol,walk,900,0.47648424886176527,6.510843199236235,2.026633184453514,22.770267151426616,2.045388913958749,4.9796197863037,9.34291946978566,6.1323671570757545,23.242374024754454,3.808904147732328,6.530118560014715
1077,1077,elderly,shop_convenience,walk,300,0.6084337331619464,0.13354522710070543,,3.609179691738959,1.6650869983346437,0.1250296030548915,2.448983608014393,2.1097302070867503,0.7829051140440743,0.780632910615131,0.40265895510734845
1084,1084,elderly,shop_convenience,walk,600,2.510705465156225,2.0395998320835016,,13.864189484596004,13.149850855693678,2.51961578280388,9.91511436149291,8.221508500527063,5.7481717583762295,5.41686674803917,3.367781663535982
1091,1091,elderly,shop_convenience,walk,900,5.710480459435618,5.5886654129113404,,22.918010390933393,36.51880230031047,9.714598031691771,18.793226971362103,16.30701216359135,19.759692121767838,14.131137473849027,11.15882748785412
1098,1098,elderly,shop_confectionery,walk,300,,0.15377935241899415,,0.46588167093986566,0.39257047126831496,0.9002131419952191,,,,0.018677974061202265,0.11972065657441973
1105,1105,elderly,shop_confectionery,walk,600,,1.0845491170602746,,2.514638416639275,3.7634049381240002,3.775894012257724,,0.03799349131683941,,0.48254925162320284,0.72087118745874
1112,1112,elderly,shop_confectionery,walk,900,,2.4604696387039064,,4.759851288638626,10.764036584223426,5.9514091054128375,,0.32344772023671103,,1.9013560943249141,1.6990144241518714
1119,1119,elderly,shop_health_food,walk,300,,,,,,,0.44651727021619997,,0.8035078802031286,,
1126,1126,elderly,shop_health_food,walk,600,,,,,,,2.3363693273118384,,4.990808598238095,,
1133,1133,elderly,shop_health_food,walk,900,,,,,,,4.086152012272256,,11.199644728223,,
1140,1140,elderly,shop_spices,walk,300,,,,,,,0.28787403343450335,,,,
1147,1147,elderly,shop_spices,walk,600,,,,,,,2.443991794056191,,0.034611172804172655,,
1154,1154,elderly,shop_spices,walk,900,,,,,,0.07567540323337908,5.78300760039813,,1.9539524415760832,,
1161,1161,elderly,shop_supermarket,walk,300,0.48748003922011374,3.604350113376638,2.868060045822706,9.345698579697304,7.626213575251863,11.330902309876171,3.670010859258256,6.918753546301961,10.504517234030361,1.5610566653376896,4.3619364393125135
1168,1168,elderly,shop_supermarket,walk,600,2.657316003267537,15.802699544667265,15.098186071219905,42.15387167178785,38.794479663590934,48.33037012735114,19.10443163691406,34.908962136600465,49.01919689846581,12.46398015969585,18.836167110762624
1175,1175,elderly,shop_supermarket,walk,900,6.0183625894693735,33.52852243405206,25.73941969658141,61.64793243292222,76.26653632670312,84.06514426334066,32.608900572959044,61.35092307095498,88.34584378321821,29.643731433786424,36.49720820316597
1182,1182,elderly,amenity_cafe,walk,300,1.356471482079301,5.224404796207644,4.421273736364024,16.74928802511517,7.020464609777802,25.131625465626957,4.400140843538457,10.397698806112778,16.03366582238474,7.049103371588242,3.4911181317901248
1189,1189,elderly,amenity_cafe,walk,600,7.213443232175622,27.1664145713056,20.234308494989367,41.72045705683001,43.42467089714142,83.49342438561679,23.023300847253335,47.1778929689426,52.16488242491436,36.04938651509344,17.261550191090866
1196,1196,elderly,amenity_cafe,walk,900,18.050502263152627,47.55278264876196,41.80369433382308,58.34003977325624,77.89144175207106,98.99614713628304,44.88964813449602,74.49660102050042,77.38902262110571,67.1350868333273,33.139066194962076
1203,1203,elderly,shop_seafood,walk,300,0.27489475895871074,,,,1.3603007258743418,,,0.14768980987391014,,,
1210,1210,elderly,shop_seafood,walk,600,1.2749491821175356,,,,7.7083707799546,,,3.0761434245272357,,,
1217,1217,elderly,shop_seafood,walk,900,2.7798042103092357,,,0.039291225259988675,18.817493374595056,,,9.566672915063329,,,
1224,1224,elderly,amenity_fast_food,multimodal,300,0.3372042376560185,1.3637800464526586,0.7749165843041985,8.851751747857447,1.6534567597640437,6.263992429071531,0.8607523433985125,1.386794830074645,4.635622385787282,,0.7592736768183859
1231,1231,elderly,amenity_fast_food,multimodal,600,2.928545498773466,6.381843125388261,6.207989042666418,33.69503217653028,9.406219863054684,39.72148709729758,5.398848845925258,8.563148539423372,31.532020501205743,1.03771337251567,4.049281515753474
1238,1238,elderly,amenity_fast_food,multimodal,900,7.829002735144082,15.565210433253082,13.840725646586538,50.797941228985366,26.519763889618638,76.55067931501219,12.234244907962937,19.965310448298435,66.45856244727632,5.35014992519633,9.66554006818809
1245,1245,elderly,amenity_ice_cream,multimodal,300,,,,1.9757873273594302,0.04015858512852977,1.975467728267286,,,0.9477272433165108,,0.4257083483738728
1252,1252,elderly,amenity_ice_cream,multimodal,600,,0.2549499790104377,,9.317633418797312,1.6412645355311783,10.750778578591301,1.4799367870694307,,7.241459828343637,,3.0663635744148006
1259,1259,elderly,amenity_ice_cream,multimodal,900,,1.257587399251474,,16.945744151415113,4.951262444226265,21.654652910337212,4.448876141794497,,13.760982091459702,,6.258362542782906
1266,1266,elderly,shop_deli,multimodal,300,,,,,,,,,1.4627963972928755,,
1273,1273,elderly,shop_deli,multimodal,600,,,,,,,,,6.9019266632832865,,
1280,1280,elderly,shop_deli,multimodal,900,,,,,0.5460624529551279,,,,17.299979424833232,,
1287,1287,elderly,shop_beverages,multimodal,300,,0.4613380572569825,0.11210652974652838,0.516398960559851,,0.09706235271765196,1.26737604530313,0.8757859408027298,2.7607706653133146,,0.23803223682390937
1294,1294,elderly,shop_beverages,multimodal,600,,2.484750589085853,0.9877790830858322,5.001211672378558,0.015491889949584812,0.6235019683490846,5.4344796601143095,4.209376384843132,14.43841431185677,,0.9747832747679943
1301,1301,elderly,shop_beverages,multimodal,900,,7.146693062419572,1.9842485439493935,13.527407553796097,0.33577841693182064,3.207399898884753,11.755015591356813,9.73373593012159,32.71250863236151,,2.04709755245201
1308,1308,elderly,shop_butcher,multimodal,300,0.26389896860036227,0.9388634147685959,0.5346545537983511,2.3350213868793266,0.01866274875399163,2.3255506168209825,0.7938473924797032,0.1320667009779741,,,0.8686115721675982
1315,1315,elderly,shop_butcher,multimodal,600,1.2901727353795491,4.58003077651448,3.048884512483003,12.58441814755637,0.07838354476676483,14.906602149926778,5.230108018403031,0.7996038441030069,,0.029132837528372677,4.059306848392148
1322,1322,elderly,shop_butcher,multimodal,900,3.815539254346905,10.771673123910823,7.258443151249766,27.195140912092153,0.42551067159100914,36.524247539832274,13.380290018891284,1.0373239058633603,,0.13983762013618883,9.169001698006026
1329,1329,elderly,amenity_restaurant,multimodal,300,1.784983301505228,6.41818507500489,2.9036779711195737,21.73366060095373,12.755226622027921,31.98957930810736,8.341290218184339,5.414902047782541,19.12150152680893,4.239415211766176,3.408607239751321
1336,1336,elderly,amenity_restaurant,multimodal,600,6.318923197770703,28.061190680413233,14.709118459615478,44.16915004810682,56.01323464756791,82.97598937561834,24.73793174879867,26.049946756860713,71.02829898038722,24.157321725448867,17.35151658543154
1343,1343,elderly,amenity_restaurant,multimodal,900,13.645793845056675,48.22161423788291,26.461031555762204,55.739613597609846,84.37846349257767,98.59487190280538,35.36324677734593,53.883432688268286,93.48870620612152,45.975128490082604,31.863777262771702
1350,1350,elderly,shop_wine,multimodal,300,,,,,,0.30007104733173967,,,,,
1357,1357,elderly,shop_wine,multimodal,600,,,,0.23574735155993198,,2.9775059541978384,,,,,
1364,1364,elderly,shop_wine,multimodal,900,,,,1.1282194681796747,,7.07796533154242,,,,,
1371,1371,elderly,healthy_offers,multimodal,300,0.5387937275590731,1.5418403492535993,0.5346545537983511,6.106979011838239,1.4424168203919048,4.772530497613081,3.0328624381561005,1.8690802634039074,2.1632904467007315,0.9615860837214792,1.3421287978031953
1378,1378,elderly,healthy_offers,multimodal,600,2.5651219174970845,9.152144190797666,3.048884512483003,28.879050566091674,10.573885516562733,23.665530330042547,19.409897147344033,11.219630943932872,12.284187818543419,7.337185656818076,6.060546409182641
1385,1385,elderly,healthy_offers,multimodal,900,6.595343464656141,20.073359355393155,7.4252131318470225,47.149470311986406,28.668695336918887,53.44124117222378,38.336764655122806,20.928000315571133,32.798049998661185,17.792839605661307,14.189360347549451
1392,1392,elderly,amenity_pub,multimodal,300,0.2565684416947967,0.6662888871975448,,1.369579851919605,,1.7379114824629924,0.8518721397551627,,0.741699581725965,,0.5441591446629449
1399,1399,elderly,amenity_pub,multimodal,600,0.6560821580481229,4.205638125694082,,7.1678420938579315,,11.957123076243551,4.764439419368935,,9.827519457869036,,3.968576626879819
1406,1406,elderly,amenity_pub,multimodal,900,1.3414864237185085,12.408319923124681,,16.798000911908336,0.4305537424560569,31.53624050741129,11.174976739779515,0.07274176696892078,23.797834288942536,,9.504779344943481
1413,1413,elderly,amenity_drinking_water,multimodal,300,,0.3844483810474854,,0.05051728961998544,,,,,,,
1420,1420,elderly,amenity_drinking_water,multimodal,600,,3.1638182921302915,,0.3816861882398899,,,,,,,
1427,1427,elderly,amenity_drinking_water,multimodal,900,,6.428440436285336,0.16676998059725537,1.5155186885995626,,,,,,,
1434,1434,elderly,amenity_bar,multimodal,300,0.76970532508439,1.8736601354844629,0.5895841367393468,10.793860882136885,3.4272102269825666,12.51096070990323,4.36997201860389,3.2633204709512613,6.368724337021309,1.3200434963394727,1.4837380936322677
1441,1441,elderly,amenity_bar,multimodal,600,4.566918262167381,9.362682209513434,4.441374829929603,29.73223145745143,18.049739998810686,54.95501379566596,21.297490310851703,14.894883521633693,40.459978926804986,11.142882874972766,6.719884773204467
1448,1448,elderly,amenity_bar,multimodal,900,11.047104046687387,24.564553534670885,7.812529455428257,42.87995704953399,31.83408308406855,85.25935086839888,39.14487512921425,33.38797602542058,73.68513021331877,26.301934653471083,13.217421529848
1455,1455,elderly,shop_bakery,multimodal,300,1.3598127409824223,10.92693755545072,5.186855473116771,6.337113331218172,9.250463723987275,10.31690693935801,5.737434201608934,14.41959968303557,9.053405663510796,5.517379722989562,1.532468791080383
1462,1462,elderly,shop_bakery,multimodal,600,6.934696463011353,37.26654508130061,26.1804799273036,27.6592181802052,45.730217939299074,58.04822950190529,23.01102367413539,58.07766079320261,43.743369592583484,25.9699202717937,10.412506402597742
1469,1469,elderly,shop_bakery,multimodal,900,17.26695488895548,58.94001882866857,45.56143784778815,47.602321515739455,84.34627925990543,93.43811897949357,40.95823601614651,80.27604610110586,72.20062092280742,51.28254057197624,23.751114079527888
1476,1476,elderly,shop_greengrocer,multimodal,300,,0.4734785324479557,,2.7110945429392177,0.08211609451756319,2.4969917220140547,1.7990978112006462,,0.6798912832488013,,0.47606447364781873
1483,1483,elderly,shop_greengrocer,multimodal,600,,2.921807695960889,,15.587390363855505,1.6065693611224872,10.459330781662292,9.942826414662042,,5.645157927580955,,2.7603194684325585
1490,1490,elderly,shop_greengrocer,multimodal,900,,8.061275526806224,,31.640662398650875,5.184353711169041,25.77328210601187,20.278292291321872,1.4767700895999105,18.112669861086452,,8.415840249834947
1497,1497,elderly,amenity_marketplace,multimodal,300,,,,1.313449530119621,,,0.15274948712851194,1.5893237525520232,0.6798912832488013,0.9615860837214792,
1504,1504,elderly,amenity_marketplace,multimodal,600,,,,9.598285027797232,1.2589453754856428,0.024835386325691124,2.711424239108799,7.343883675302629,5.995404952284884,7.313879386795379,0.04075596819554714
1511,1511,elderly,amenity_marketplace,multimodal,900,,,,19.72980811269431,5.688292510000833,0.6167594608076709,7.373267392699246,14.299789283511611,15.188106587694739,17.792839605661307,0.4177486740043581
1518,1518,elderly,amenity_food_court,multimodal,300,,0.48966583270258673,,,,,,,,,
1525,1525,elderly,amenity_food_court,multimodal,600,,2.4928442392131687,,,,,,,,,
1532,1532,elderly,amenity_food_court,multimodal,900,,4.398898844195964,,,,,,,,,
1539,1539,elderly,shop_coffee,multimodal,300,,,,1.223641015239647,,0.9502249832171756,,,0.9889327756346201,,0.23689406513661776
1546,1546,elderly,shop_coffee,multimodal,600,,,,7.9199884059777155,,7.156063502006428,,,8.920997746870635,,1.0927693972431076
1553,1553,elderly,shop_coffee,multimodal,900,,,,19.724195080514313,,16.01458680847873,0.030583327147993857,,18.707311672421557,,2.674873790028892
1560,1560,elderly,shop_pastry,multimodal,300,,0.5746491590393993,0.6564745787144312,0.6567247650598106,0.5977078947023621,,0.07637474356425597,,,0.8591868068153043,1.1101599028853315
1567,1567,elderly,shop_pastry,multimodal,600,,3.524784630445893,1.786693698769173,3.1713631816990855,4.726146649660123,0.0397366181211058,1.0516214690770629,,0.49446638781731006,5.313883620412045,5.6006683835620645
1574,1574,elderly,shop_pastry,multimodal,900,,7.146693062419571,3.5090934954993047,7.3025548661778945,12.03359101313502,0.3792884821460205,3.8540706341635693,0.2660747343924774,3.152873522823365,10.646445214885292,13.975378237428501
1581,1581,elderly,amenity_vending_machine,multimodal,300,0.11728843048904991,,,,,,,,,,
1588,1588,elderly,amenity_vending_machine,multimodal,600,1.0702569282125807,,,,,,,,,,
1595,1595,elderly,amenity_vending_machine,multimodal,900,2.257802286914211,,,,,,,,,,
1602,1602,elderly,mixed_offers,multimodal,300,2.023225425936111,8.329597916426541,4.662870118781613,25.354066357052695,16.572776203226905,35.31785028800004,10.054816836957462,11.041030457314047,26.144151279959072,5.6241812340131005,7.106199204012512
1609,1609,elderly,mixed_offers,multimodal,600,7.154603265005183,33.65120061968156,19.63292724647795,51.1236969191248,60.256795606552295,87.60532554199449,29.062242490051542,46.577501433165494,78.12136712212052,29.919626228493847,27.209270397035706
1616,1616,elderly,mixed_offers,multimodal,900,15.984231927932111,56.958709550319966,32.88023034064875,64.27142251120739,85.31593654372466,99.83009616727358,38.55054441866279,71.84470837568362,96.02284644368524,54.11766112933554,45.92131843539738
1623,1623,elderly,unhealthy_offers,multimodal,300,3.3760316445626297,14.163435424437706,8.932876541803816,23.176209871213313,16.026949415801504,33.79157065982889,11.90445455282052,21.477912408927743,25.213162942234163,11.815766569533318,5.804167931414584
1630,1630,elderly,unhealthy_offers,multimodal,600,15.12676503707998,46.41267099016632,34.76997505599397,50.70150836852697,64.19915387734905,93.19924226524033,36.831561279157256,64.02632928804961,79.72646485586404,51.57848481366321,24.299321738872344
1637,1637,elderly,unhealthy_offers,multimodal,900,31.556896849552952,67.67322533260156,55.14326773339708,66.34642771215985,92.11111646530668,99.35498367566498,57.45035596067905,82.59703375886016,97.60664646776158,80.73712646739703,45.75355749517729
1644,1644,elderly,shop_kiosk,multimodal,300,0.4105095067116747,0.844857371347048,,,0.47923504982979004,0.6637512684756425,0.677649742141326,,1.7100295912015304,,
1651,1651,elderly,shop_kiosk,multimodal,600,3.558970812652108,4.735053474496984,,0.06374758050634934,3.4178352935994063,4.6845187194359985,3.7743729284568754,,14.566805974939607,,
1658,1658,elderly,shop_kiosk,multimodal,900,8.39711857032542,10.2898664988838,,0.30711219077264684,12.048981987010903,12.279554480315184,8.022024086706688,,30.659008466639033,0.5153373032331909,
1665,1665,elderly,shop_alcohol,multimodal,300,,0.6370220580131714,0.231272954370698,2.851420347439178,0.0509571408614081,0.024920653468334716,1.0934713864625536,0.25368198111121565,1.0095355417936749,0.786646638354848,0.19057139966114162
1672,1672,elderly,shop_alcohol,multimodal,600,0.007330526905565619,3.3809025792095464,1.5393530847891943,12.634935437176356,0.2861439448371378,1.6516805589601269,3.381013879514885,1.209329799652945,6.753582534529409,2.1488204231008634,2.3298665251792494
1679,1679,elderly,shop_alcohol,multimodal,900,0.47648424886176527,6.510843199236235,2.026633184453514,22.770267151426616,2.045388913958749,4.9796197863037,9.34291946978566,6.1323671570757545,23.242374024754454,3.808904147732328,6.530118560014715
1686,1686,elderly,shop_convenience,multimodal,300,0.6084337331619464,0.13354522710070543,,3.609179691738959,1.6650869983346437,0.1250296030548915,2.448983608014393,2.1097302070867503,0.7829051140440743,0.780632910615131,0.40265895510734845
1693,1693,elderly,shop_convenience,multimodal,600,2.510705465156225,2.0395998320835016,,13.864189484596004,13.149850855693678,2.51961578280388,9.91511436149291,8.221508500527063,5.7481717583762295,5.41686674803917,3.367781663535982
1700,1700,elderly,shop_convenience,multimodal,900,5.710480459435618,5.5886654129113404,,22.918010390933393,36.51880230031047,9.714598031691771,18.793226971362103,16.30701216359135,19.759692121767838,14.131137473849027,11.15882748785412
1707,1707,elderly,shop_confectionery,multimodal,300,,0.15377935241899415,,0.46588167093986566,0.39257047126831496,0.9002131419952191,,,,0.018677974061202265,0.11972065657441973
1714,1714,elderly,shop_confectionery,multimodal,600,,1.0845491170602746,,2.514638416639275,3.7634049381240002,3.775894012257724,,0.03799349131683941,,0.48254925162320284,0.72087118745874
1721,1721,elderly,shop_confectionery,multimodal,900,,2.4604696387039064,,4.759851288638626,10.764036584223426,5.9514091054128375,,0.32344772023671103,,1.9013560943249141,1.6990144241518714
1728,1728,elderly,shop_health_food,multimodal,300,,,,,,,0.44651727021619997,,0.8035078802031286,,
1735,1735,elderly,shop_health_food,multimodal,600,,,,,,,2.3363693273118384,,4.990808598238095,,
1742,1742,elderly,shop_health_food,multimodal,900,,,,,,,4.086152012272256,,11.199644728223,,
1749,1749,elderly,shop_spices,multimodal,300,,,,,,,0.28787403343450335,,,,
1756,1756,elderly,shop_spices,multimodal,600,,,,,,,2.443991794056191,,0.034611172804172655,,
1763,1763,elderly,shop_spices,multimodal,900,,,,,,0.07567540323337908,5.78300760039813,,1.9539524415760832,,
1770,1770,elderly,shop_supermarket,multimodal,300,0.48748003922011374,3.604350113376638,2.868060045822706,9.345698579697304,7.626213575251863,11.330902309876171,3.670010859258256,6.918753546301961,10.504517234030361,1.5610566653376896,4.3619364393125135
1777,1777,elderly,shop_supermarket,multimodal,600,2.657316003267537,15.802699544667265,15.098186071219905,42.15387167178785,38.794479663590934,48.33037012735114,19.10443163691406,34.908962136600465,49.01919689846581,12.46398015969585,18.836167110762624
1784,1784,elderly,shop_supermarket,multimodal,900,6.0183625894693735,33.52852243405206,25.73941969658141,61.64793243292222,76.26653632670312,84.06514426334066,32.608900572959044,61.35092307095498,88.34584378321821,29.643731433786424,36.49720820316597
1791,1791,elderly,amenity_cafe,multimodal,300,1.356471482079301,5.224404796207644,4.421273736364024,16.74928802511517,7.020464609777802,25.131625465626957,4.400140843538457,10.397698806112778,16.03366582238474,7.049103371588242,3.4911181317901248
1798,1798,elderly,amenity_cafe,multimodal,600,7.213443232175622,27.1664145713056,20.234308494989367,41.72045705683001,43.42467089714142,83.49342438561679,23.023300847253335,47.1778929689426,52.16488242491436,36.04938651509344,17.261550191090866
1805,1805,elderly,amenity_cafe,multimodal,900,18.050502263152627,47.55278264876196,41.80369433382308,58.34003977325624,77.89144175207106,98.99614713628304,44.88964813449602,74.49660102050042,77.38902262110571,67.1350868333273,33.139066194962076
1812,1812,elderly,shop_seafood,multimodal,300,0.27489475895871074,,,,1.3603007258743418,,,0.14768980987391014,,,
1819,1819,elderly,shop_seafood,multimodal,600,1.2749491821175356,,,,7.7083707799546,,,3.0761434245272357,,,
1826,1826,elderly,shop_seafood,multimodal,900,2.7798042103092357,,,0.039291225259988675,18.817493374595056,,,9.566672915063329,,,
