pop_cat,offer_cat,mode,time,Akaki Kality,Nifas Silk Lafto,Kolfe Keraniyo,Bole,Lideta,Kirkos,Yeka,Addis Ketema,Arada,Gulele,Lemi Kura
total,amenity_fast_food,drive,300s,22327.791912000004,60667.947119,27069.709724999997,115250.81949499999,85932.309794,240958.71880399997,32642.836374,106980.292281,183752.62245100003,26406.991186,41571.344071
men,amenity_fast_food,drive,300s,10927.278288,28577.01211,13077.351449,54166.894705,40717.199980000005,112733.55142999999,15224.687528,52238.451821,86167.882618,12686.780197,19501.996112
women,amenity_fast_food,drive,300s,11400.513624000001,32090.935009,13992.358275999999,61083.92478999999,45215.109814,128225.16737400001,17418.148846,54741.841719,97584.73984,13720.210998000002,22069.347959000002
youth,amenity_fast_food,drive,300s,6155.0167679999995,17223.536696999996,7608.1479340000005,33845.876043000004,24878.785651000002,70119.51172,9122.814677999999,33669.379779,54290.990992,7673.839812,12064.228779
children_u5,amenity_fast_food,drive,300s,1800.4383360000002,4915.790828,2397.3321779999997,9066.167242999998,5830.051200999999,13577.874952,2456.119672,5865.522609999999,9821.354768,1712.3810959999996,3239.1288429999995
women_rep,amenity_fast_food,drive,300s,7263.95472,21321.988384,8980.037852,41742.358693,29910.503779000002,86987.52949899998,11611.776699999999,35811.496984,65840.478214,9086.865644000001,14990.984429
elderly,amenity_fast_food,drive,300s,1035.648,2509.758249,1036.9805700000002,4634.726943000001,4645.23415,15247.826373999997,1682.3236590000001,6784.451462999999,11842.959208999999,1572.4385619999998,1783.1328930000002
total,amenity_fast_food,drive,600s,86690.80480200001,217850.06551399996,165033.12187899998,146174.188746,283545.28041799995,330772.40487499995,120082.86524,303824.435025,309738.570816,196463.92587099998,136804.701019
men,amenity_fast_food,drive,600s,42425.772642,102635.14924599999,79527.77871299999,68700.84370299999,134894.196312,154751.531116,56002.87255599999,148469.41928800003,145248.72170300002,94871.461075,64084.994683
women,amenity_fast_food,drive,600s,44265.03216,115214.91626800002,85505.34316599999,77473.345043,148651.084109,176020.873759,64079.992684000004,155355.01937099997,164489.84912,101592.46481900002,72719.706336
youth,amenity_fast_food,drive,600s,23898.137157,61838.409629999995,46893.98365,42925.041708,82898.49029,96252.735439,33574.677683999995,95713.256952,91381.190279,56736.52671199999,39331.14231899999
children_u5,amenity_fast_food,drive,600s,6990.478446,17658.123338,13416.67696,11499.272882999998,17447.018888,18628.870387,8899.493066999998,16675.413233000003,16721.594688999998,13325.762596999999,10579.613935
women_rep,amenity_fast_food,drive,600s,28204.649718,76536.92472600001,55148.26537800001,52940.046973000004,97945.654545,119410.5297,42692.628083999996,101561.34689900001,110942.52966500001,67001.189306,49164.303568999996
elderly,amenity_fast_food,drive,600s,4020.79371,9010.90035,7335.513144,5878.530615,17094.582049999997,20942.416323999994,6317.278039,19260.163454999994,19873.910709000003,11447.02075,6154.244335000001
total,amenity_fast_food,drive,900s,146251.59021599998,329953.47993199993,309975.142357,156298.824623,309738.5818909999,330772.40487499995,206169.41031200002,418566.98781099997,314904.803056,349957.964533,215624.70527
men,amenity_fast_food,drive,900s,71574.972878,155477.73354000002,149559.20889999997,73459.442264,147458.252699,154751.531116,96130.76722,204450.20489800003,147670.976983,169069.524414,101021.40624
women,amenity_fast_food,drive,900s,74676.617338,174475.74639200003,160415.93347800002,82839.382359,162280.32923,176020.873759,110038.64309200001,214116.78766800003,167233.82608,180888.440143,114603.29903000001
youth,amenity_fast_food,drive,900s,40317.030453,93651.58765199997,87685.59447899999,45897.368169,90607.803698,96252.735439,57533.40790799999,131119.76843099997,92907.407719,100976.18264499998,62046.94659
children_u5,amenity_fast_food,drive,900s,11793.260637999998,26755.231436000005,26205.673219000004,12295.968193999997,19084.526501,18628.870387,15386.331578999996,23743.912938999998,16997.541009,23855.051898,16686.95267
women_rep,amenity_fast_food,drive,900s,47581.70455800001,115883.47682000001,103234.08988900001,56605.97161400001,106851.72328199999,119410.5297,73269.81190799999,139818.559561,112794.083905,119249.633439,77515.43509
elderly,amenity_fast_food,drive,900s,6783.449710000001,13644.83562,12921.449555999998,6285.79761,18662.041942,20942.416323999994,10801.346551,25960.235331,20206.966228999998,20338.718876000003,9657.365170000001
total,amenity_ice_cream,drive,300s,,7255.7531850000005,,40158.657225,16456.327323999998,75704.07446699998,14327.106779000002,,45418.718221,,29677.301451
men,amenity_ice_cream,drive,300s,,3417.6645209999997,,18874.223775000002,7766.782861,35419.001669000005,6697.697163,,21288.405752,,13850.121377
women,amenity_ice_cream,drive,300s,,3838.0886640000003,,21284.433450000004,8689.544463,40285.072798,7629.409616000001,,24130.312469,,15827.180074000002
youth,amenity_ice_cream,drive,300s,,2060.0701889999996,,11793.451365,4746.910503,22031.202914999994,4104.3246,,13375.335812000001,,8325.247455
children_u5,amenity_ice_cream,drive,300s,,587.260891,,3159.067365,1128.961616,4268.122291,940.950377,,2480.2570309999996,,2250.438879
women_rep,amenity_ice_cream,drive,300s,,2550.2996730000004,,14544.947115,5784.111334,27330.069137,5112.78619,,16269.934261999999,,10571.065905
elderly,amenity_ice_cream,drive,300s,,300.75038200000006,,1614.950865,871.748698,4787.452018,819.580612,,2897.411006,,1494.9975789999999
total,amenity_ice_cream,drive,600s,,34973.327941,,73578.937505,101476.30689299997,304595.653636,70849.584579,,130509.583579,5195.811062999999,94200.47451599999
men,amenity_ice_cream,drive,600s,,16473.533152,,34581.468295000006,48126.634362,142503.873341,33048.91052899999,,61174.24170300001,2498.3433539999996,44026.009851999996
women,amenity_ice_cream,drive,600s,,18499.794789,,38997.469209999996,53349.672531,162091.78029499998,37800.67405,,69335.34187599999,2697.4677090000005,50174.464664
youth,amenity_ice_cream,drive,600s,,9929.467299,,21608.033757,29463.442911,88633.95053399999,19854.095283000002,,38449.790755,1492.861512,26678.649924
children_u5,amenity_ice_cream,drive,600s,,2831.490782,,5788.062556999999,6671.655992,17153.390968999996,5185.6571619999995,,7105.960845,357.585057,7197.798467999998
women_rep,amenity_ice_cream,drive,600s,,12292.33045,,26649.341107,35269.882736,109961.19064699998,25196.984932999996,,46754.700227,1781.091582,33669.459323999996
elderly,amenity_ice_cream,drive,600s,,1448.890738,,2958.922857,5693.679961999999,19286.812044999995,3767.101034,,8337.560201999999,298.717758,4549.813268
total,amenity_ice_cream,drive,900s,,83347.20253299999,4103.159347,107849.76505300001,240409.86343,330772.40487499995,113156.278562,,223526.06632900002,50396.248290999996,172239.397971
men,amenity_ice_cream,drive,900s,,39259.27638799999,1956.641911,50688.80063400001,114303.42602900001,154751.531116,52771.25929999999,,104783.97593900001,24312.823724,80558.623917
women,amenity_ice_cream,drive,900s,,44087.926145000005,2146.5174359999996,57160.964419,126106.437401,176020.873759,60385.019262,,118742.09039,26083.424567000002,91680.774054
youth,amenity_ice_cream,drive,900s,,23667.503786999994,1192.3488,31669.262271,70197.36452599999,96252.735439,31635.417173999995,,65915.995409,14525.857100000001,49018.922055
children_u5,amenity_ice_cream,drive,900s,,6752.235170000002,270.64500799999996,8484.739095999998,14974.741829,18628.870387,8375.072685,,12083.391954,3437.040679,13212.181959
women_rep,amenity_ice_cream,drive,900s,,29298.583118000006,1408.312982,39058.347816,83145.825185,119410.5297,40227.117474,,80097.115129,17206.570249999997,61671.134505
elderly,amenity_ice_cream,drive,900s,,3447.2482300000006,232.467208,4337.454312,14311.751839,20942.416323999994,5965.393556999999,,14330.552241000001,2924.5220480000003,8134.489659000001
total,shop_deli,drive,300s,,,,,3081.204103,,,,59443.03458900001,,
men,shop_deli,drive,300s,,,,,1463.513361,,,,27869.875173000004,,
women,shop_deli,drive,300s,,,,,1617.690742,,,,31573.159416,,
youth,shop_deli,drive,300s,,,,,908.5387599999999,,,,17557.489439999998,,
children_u5,shop_deli,drive,300s,,,,,171.643705,,,,3177.033075,,
women_rep,shop_deli,drive,300s,,,,,1070.282716,,,,21306.061422,,
elderly,shop_deli,drive,300s,,,,,200.283278,,,,3831.474942,,
total,shop_deli,drive,600s,,,,,49090.010257,15699.705783000001,,49446.142223999996,194614.50810600002,7957.268171999999,
men,shop_deli,drive,600s,,,,,23383.865289,7345.424006,,24102.974014,91260.78434500001,3820.8681559999995,
women,shop_deli,drive,600s,,,,,25706.144968,8354.281777,,25343.168756,103353.723766,4136.4000160000005,
youth,shop_deli,drive,600s,,,,,14461.378617999999,4569.179383000001,,15501.427507999999,57486.334428999995,2306.75116,
children_u5,shop_deli,drive,600s,,,,,2764.800079,880.239529,,2713.369586,10410.498618,518.1556439999999,
women_rep,shop_deli,drive,600s,,,,,16932.145116,5666.695701999999,,16592.173064000002,69736.28027100001,2740.6140000000005,
elderly,shop_deli,drive,600s,,,,,3195.4058779999996,997.773072,,3140.515746,12540.097036,473.0053280000001,
total,shop_deli,drive,900s,,,,,130752.93461299999,99867.94994399999,15206.773859,205240.71503899997,314463.628694,91933.631837,
men,shop_deli,drive,900s,,,,,62335.183696,46721.500703,7106.543452999998,100251.32462900001,147465.330464,44332.476185,
women,shop_deli,drive,900s,,,,,68417.75091700001,53146.449240999995,8100.230406,104989.392831,166998.298237,47601.155675,
youth,shop_deli,drive,900s,,,,,38514.54102699999,29059.561036,4346.825616,64601.51799899999,92784.624565,26604.720523999997,
children_u5,shop_deli,drive,900s,,,,,7382.855850999999,5604.526768,997.664613,11262.266934,16964.297407000002,6158.762788999999,
women_rep,shop_deli,drive,900s,,,,,45006.38881,36051.812083,5424.199946000001,68651.156568,112637.382651,31427.780458,
elderly,shop_deli,drive,900s,,,,,8515.719484,6343.488173999999,875.9567380000001,13017.418093,20183.986377,5388.303968,
total,shop_beverages,drive,300s,,26582.569609000002,11420.659677,36278.593725,914.333564,8325.149833,34801.64789,60105.225726000004,97509.94940900002,,11625.431392999999
men,shop_beverages,drive,300s,,12521.626011999997,5537.542122,17050.627275000003,439.722144,3893.8476010000004,16241.53496,29308.958544,45710.56275800001,,5456.676366
women,shop_beverages,drive,300s,,14060.943597,5883.117576000001,19227.96645,474.61142,4431.302232,18560.112930000003,30796.267704,51799.386651,,6168.755027000001
youth,shop_beverages,drive,300s,,7546.309287,3251.2945919999997,10653.987465,257.827478,2415.8348129999995,9807.290355000001,18327.363972,28755.944523000002,,3385.4754209999996
children_u5,shop_beverages,drive,300s,,2155.295362,995.3772359999998,2853.843465,78.80895299999999,477.197119,2466.630316,3967.88166,5271.631059,,908.3480929999998
women_rep,shop_beverages,drive,300s,,9341.968222000001,3773.4592139999995,13139.638215,306.738974,3002.4186290000002,12387.343275,19994.632968,34939.495474999996,,4197.564571000001
elderly,shop_beverages,drive,300s,,1098.4908899999998,446.15325300000006,1458.9169650000003,36.293898,522.85723,1899.951231,3303.892062,6250.847566,,489.60034300000007
total,shop_beverages,drive,600s,,93687.855825,46242.762506,103300.223915,66139.81962899999,65339.004889,110250.87824600001,311826.68617199996,262616.28521500004,15527.920544999997,59162.47873999999
men,shop_beverages,drive,600s,,44156.916897,22315.156904999996,48550.217484999994,31511.702485,30571.024858000004,51418.249472999996,152150.35709499998,123129.62836199999,7468.003479999999,27711.156619999998
women,shop_beverages,drive,600s,,49530.938928,23927.605622000003,54750.00643000001,34628.117179,34767.980031,58832.628773000004,159676.332106,139486.656858,8059.917065,31451.32212
youth,shop_beverages,drive,600s,,26587.226660999997,13075.949375000002,30336.327231,19344.153085,19010.586073,30831.981449999992,96085.39445799998,77467.669989,4482.511508,16997.167428
children_u5,shop_beverages,drive,600s,,7619.126151,3988.4934550000003,8126.077631,4187.905823,3718.919441,8157.2572169999985,19464.951544999996,14181.725841,1041.034499,4572.675907999999
women_rep,shop_beverages,drive,600s,,32882.625897000005,15403.001039000002,37414.007281000006,22793.512634,23585.630634,39197.49734999999,103903.2347,94085.184469,5328.683598,21256.120828000003
elderly,shop_beverages,drive,600s,,3858.7644630000004,1847.7249680000002,4154.142531000001,3873.0294810000005,4100.9740409999995,5810.064539,17990.548293,16845.95383,908.091574,2670.701108
total,shop_beverages,drive,900s,,157657.95834,159045.78536500002,145153.175535,223040.40448899998,184088.922281,182269.26878800004,487779.98630199995,314904.803056,159490.862501,112966.51416699999
men,shop_beverages,drive,900s,,74289.808917,76573.54372400002,68220.745065,106125.929803,86127.081282,84990.090582,237957.99683100003,147670.976983,76981.98901,52926.604124
women,shop_beverages,drive,900s,,83368.14942300001,82472.24166199999,76932.43046999999,116914.47472400001,97961.84099900001,97279.17820600001,249821.994226,167233.82608,82508.873515,60039.910043
youth,shop_beverages,drive,900s,,44747.17830599999,45101.578259,42627.344499,65083.219172,53568.816072999995,50881.763999999996,150451.88661399996,92907.407719,46045.524463,32511.173403
children_u5,shop_beverages,drive,900s,,12805.775421000002,13214.452151000003,11418.426098999998,14171.913265,10390.839177,13585.395574999997,30157.442998000002,16997.541009,10866.751488,8743.335930999998
women_rep,shop_beverages,drive,900s,,55363.773267000004,53253.449637,52572.605949000004,77008.99263,66457.44422599999,64780.69179999999,162650.17486199999,112794.083905,54400.951433,40612.679453000004
elderly,shop_beverages,drive,900s,,6502.2476130000005,6781.306888,5837.228199,13027.302849999998,11633.493309,9556.438047,28379.684466000002,20206.966228999998,9231.389904,5055.9957810000005
total,shop_butcher,drive,300s,10933.815663,40108.909918,43877.144349,64978.130079999995,387.69759100000005,97745.35441,42425.478019,8472.682881,,1513.7299440000002,51174.46141500001
men,shop_butcher,drive,300s,5351.037262,18893.028564999997,21242.247755,30539.162720000004,182.62358799999998,45728.456085,19781.549403,4101.881095,,732.84228,24043.78872
women,shop_butcher,drive,300s,5582.7784010000005,21215.881353000004,22634.896593999998,34438.96736000001,205.074003,52016.898325,22643.928616000005,4370.801786000001,,780.8876640000001,27130.672694999997
youth,shop_butcher,drive,300s,3014.083032,11386.485407999999,12252.699781,19082.222111999996,110.060313,28438.816278,11830.129191,2365.998089,,422.70933599999995,14997.539402999999
children_u5,shop_butcher,drive,300s,881.6662640000001,3250.970885,4073.287641,5111.4829119999995,31.434238,5495.3666840000005,3199.9475789999997,786.552429,,140.52549599999998,4018.951082999999
women_rep,shop_butcher,drive,300s,3557.1247799999996,14095.953487000002,14470.725815,23534.239712000002,136.249378,35284.482892,15079.499629000002,2794.299235,,499.22964,18520.639053
elderly,shop_butcher,drive,300s,507.15200000000004,1658.365312,1526.6634569999999,2613.0477120000005,16.02111,6200.152418,2194.0597770000004,294.79893300000003,,52.668791999999996,2081.8575330000003
total,shop_butcher,drive,600s,31480.986177,154548.71740599995,189892.41732700003,139255.479015,23001.57746,284250.0304139999,145471.29687,45135.70697100001,27187.642788000005,21710.776432000002,157707.602005
men,shop_butcher,drive,600s,15406.874898000004,72824.66816399999,91865.06228299999,65448.878385,10863.775201999999,132986.94797900002,67819.144745,21851.173004999997,12738.587856,10509.718095999999,73931.817715
women,shop_butcher,drive,600s,16074.111278999999,81724.04924200001,98027.355044,73806.60063,12137.802258,151263.082435,77652.15212500001,23284.533966000003,14449.054932000003,11201.058335999998,83775.78429000001
youth,shop_butcher,drive,600s,8678.242728,43865.821758,53114.192801,40895.359371000006,6549.460181999999,82714.53403,40530.72420599999,12609.624804,7980.446331,6078.786755999999,45559.893441
children_u5,shop_butcher,drive,600s,2538.521256,12549.528056,17422.106439,10954.485770999998,1804.968634,16020.06412,10953.111445999999,4175.394414,1513.4780680000001,1972.2870679999996,12243.374400999997
women_rep,shop_butcher,drive,600s,10241.785619999999,54272.805720000004,62748.526909,50436.53642100001,8048.587224000001,102615.00071499999,51690.49238599999,14892.17553,9739.571329,7178.934211999998,56776.126991000005
elderly,shop_butcher,drive,600s,1460.2080000000003,6377.410264000001,6771.387551000002,5600.056671,1013.503046,17986.217885999995,7560.323575999999,1584.514893,1719.022736,796.65124,6925.146301
total,shop_butcher,drive,900s,65102.71942799999,234610.754185,339019.50007899996,158665.663358,144427.01730799998,330772.40487499995,206589.31164900004,87994.552383,122063.78484600002,36618.64889,250941.665853
men,shop_butcher,drive,900s,31861.436872000002,110537.29542100002,163766.024198,74571.836129,68507.680506,154751.531116,96325.79516299999,42620.739378,57217.909396999996,17722.494153,117526.705971
women,shop_butcher,drive,900s,33241.282556000006,124073.45876400001,175253.47588100005,84093.827229,75919.336802,176020.873759,110263.51648600001,45373.813056000006,64845.875449,18896.154738,133414.959882
youth,shop_butcher,drive,900s,17946.616992,66596.893749,95116.19862500002,46592.441148000005,41918.923466,96252.735439,57649.86778199999,24731.997084000002,35982.491365,10315.894122,72046.66983299999
children_u5,shop_butcher,drive,900s,5249.6651839999995,19040.181347,30410.493839999996,12482.154772999998,9538.430423,18628.870387,15418.247039,7987.82436,6611.56675,3161.658448,19384.972424999996
women_rep,shop_butcher,drive,900s,21180.025680000006,82412.37462100002,112459.871986,57463.21004300001,50179.88422,119410.5297,73419.559352,29047.681925999994,43741.784615000004,12178.763266,90137.43258299997
elderly,shop_butcher,drive,900s,3019.712000000001,9685.542103000002,12638.143958,6380.978289,8064.19816,20942.416323999994,10822.980554,3202.655415,7818.975419999999,1500.4717560000001,11365.036725000002
total,amenity_restaurant,drive,300s,36437.692286000005,184260.678108,118243.249095,124969.427676,248084.693263,320971.87983,109733.853202,316914.848617,293506.21483400004,206906.022302,146487.387609
men,amenity_restaurant,drive,300s,17829.955506,86842.27076300002,57018.493594,58734.69930800001,117991.148291,150165.99441900002,51177.545659999996,154628.76412600002,137639.373559,99909.115589,68581.76560299999
women,amenity_restaurant,drive,300s,18607.736780000003,97418.40734500001,61224.755522,66234.728368,130093.544982,170805.885411,58556.307541999995,162286.08766900003,155866.84128199998,106996.906737,77905.62200600002
youth,amenity_restaurant,drive,300s,10046.590074,52290.72847799998,33590.424122,36698.63372400001,72454.850007,93400.450612,30689.280389999993,98010.34022799999,86594.515136,59730.689630999994,41959.569717
children_u5,amenity_restaurant,drive,300s,2938.090246,14933.793251000003,9713.43806,9831.003923999995,15457.281336,18072.950447,8118.555101,19322.825327,15843.517295,14063.852289,11294.921012999997
women_rep,amenity_restaurant,drive,300s,11858.982602,64691.73546900001,39460.737773999994,45260.862764000005,85744.96638900001,115872.32640399999,39014.397489999996,105719.902057,105126.41664800001,70550.70147900001,52573.287867
elderly,amenity_restaurant,drive,300s,1689.2989580000003,7630.860131000001,5165.357069,5025.703236000002,14770.604477,20325.983000999997,5782.212373,18636.870923000002,18833.658921,12037.798502999998,6709.887113
total,amenity_restaurant,drive,600s,107393.033693,332416.853609,369281.85797000007,155030.17228399997,309738.5818909999,330772.40487499995,192953.36094600003,513366.227161,314904.803056,381927.41961599997,293522.597697
men,amenity_restaurant,drive,600s,52547.337322,156661.723935,178271.03167,72863.239922,147458.252699,154751.531116,89970.312803,250345.06703600002,147670.976983,184527.30161200004,137481.59623399997
women,amenity_restaurant,drive,600s,54845.69637100001,175755.129674,191010.826321,82166.93236199999,162280.32923,176020.873759,102983.048143,263021.16488000005,167233.82608,197400.118028,156041.00146300002
youth,amenity_restaurant,drive,600s,29614.167321,94342.071333,104243.3539,45524.30613600001,90607.803698,96252.735439,53855.25168599999,157596.84858499997,92907.407719,110032.299912,84321.34521300001
children_u5,amenity_restaurant,drive,600s,8658.882568,26967.998789,31718.023553,12196.292185999995,19084.526501,18628.870387,14390.468893,32532.714228999997,16997.541009,26448.085615,22684.968860999994
women_rep,amenity_restaurant,drive,600s,34958.749103999995,116712.51274700002,122792.51515300001,56145.93824600002,106851.72328199999,119410.5297,68575.587386,171088.54252699998,112794.083905,129957.00178400002,105454.89276300001
elderly,amenity_restaurant,drive,600s,4977.8391440000005,13741.604913,14980.587912000003,6234.8357940000005,18662.041942,20942.416323999994,10112.950115,29269.933353000004,20206.966228999998,21819.278381,13255.273711
total,amenity_restaurant,drive,900s,188522.36867700002,395279.54109199997,483610.03345600003,185374.47500099998,309738.5818909999,330772.40487499995,271482.39738199994,533133.321151,314904.803056,436562.31062099995,353483.738087
men,amenity_restaurant,drive,900s,92248.334994,186298.12858099997,233480.493795,87125.79010299998,147458.252699,154751.531116,126575.39318500001,259916.110039,147670.976983,210943.01560000004,165617.31654899998
women,amenity_restaurant,drive,900s,96274.033683,208981.412511,250129.53968200003,98248.68489799999,162280.32923,176020.873759,144907.00419700003,273217.21586700005,167233.82608,225619.29504500004,187866.421538
youth,amenity_restaurant,drive,900s,51981.273696,112176.38850899998,136221.25207,54434.49611999999,90607.803698,96252.735439,75710.65309799998,163114.35062399998,92907.407719,125683.76514299998,101749.005195
children_u5,amenity_restaurant,drive,900s,15201.774824,32064.253053000008,42200.459259999996,14583.455964999996,19084.526501,18628.870387,20307.830048999997,34371.135093000004,16997.541009,30447.365173000002,27362.719883
women_rep,amenity_restaurant,drive,900s,61358.82850000001,138768.709895,160730.139096,67134.228215,106851.72328199999,119410.5297,96468.410598,177604.126747,112794.083905,148445.609333,127089.515845
elderly,amenity_restaurant,drive,900s,8739.781156000001,16346.260273,19033.331349,7455.4368970000005,18662.041942,20942.416323999994,14203.363771000002,29957.418231,20206.966228999998,24745.790924,15806.635783000002
total,shop_wine,drive,300s,,,,1564.9589450000003,,24256.618607999997,,,,,
men,shop_wine,drive,300s,,,,735.517255,,11349.913146,,,,,
women,shop_wine,drive,300s,,,,829.4416899999999,,12906.705462,,,,,
youth,shop_wine,drive,300s,,,,459.583773,,7061.155704,,,,,
children_u5,shop_wine,drive,300s,,,,123.10697299999998,,1380.381438,,,,,
women_rep,shop_wine,drive,300s,,,,566.8079230000001,,8758.176702,,,,,
elderly,shop_wine,drive,300s,,,,62.933673,,1520.5330709999998,,,,,
total,shop_wine,drive,600s,,,,28427.93191,,121258.81665000001,38.800635,,,,
men,shop_wine,drive,600s,,,,13360.88369,,56733.303685000006,18.235965,,,,
women,shop_wine,drive,600s,,,,15067.048220000002,,64525.512965,20.56467,,,,
youth,shop_wine,drive,600s,,,,8348.472174,,35292.04977,11.394639,,,,
children_u5,shop_wine,drive,600s,,,,2236.273774,,6851.405871999999,3.0522389999999997,,,,
women_rep,shop_wine,drive,600s,,,,10296.229874,,43779.188548000006,14.053089,,,,
elderly,shop_wine,drive,600s,,,,1143.208374,,7652.361234999999,1.5603390000000001,,,,
total,shop_wine,drive,900s,,7894.813339,,56544.721896,206.033545,250250.75815499996,10274.679529000001,,166.172815,,
men,shop_wine,drive,900s,,3718.0347210000004,,26575.764553000005,96.388765,117080.511206,4793.123378,,77.77485,,
women,shop_wine,drive,900s,,4176.778618,,29968.957343,109.64478,133170.246949,5481.556151000001,,88.397965,,
youth,shop_wine,drive,900s,,2244.773895,,16603.425618,59.956604999999996,72821.807179,2879.343909,,48.398758,,
children_u5,shop_wine,drive,900s,,635.3912029999999,,4448.600793,11.553615,14109.293477000001,760.350285,,9.516149,,
women_rep,shop_wine,drive,900s,,2778.714141,,20477.411383000002,74.38232500000001,90342.18408999998,3658.532539,,59.71045600000001,,
elderly,shop_wine,drive,900s,,329.632915,,2274.1475250000003,13.092109999999998,15829.527724,537.409915,,10.399162,,
total,healthy_offers,drive,300s,14741.299210000001,81575.585877,45845.81157500001,110698.211655,85653.33422899999,161154.70604099997,122154.68418700002,126459.898505,107502.864743,78804.48977399999,69322.521979
men,healthy_offers,drive,300s,7207.901989999999,38451.342174,22190.486927,52027.208145,40785.251931,75395.746667,56966.519223999996,61602.406907000004,50405.711311,38113.34413,32532.455853
women,healthy_offers,drive,300s,7533.397220000001,43124.24370300001,23655.324647999998,58671.003509999995,44868.082297999994,85758.959374,65188.164962999996,64857.492708,57097.153437,40691.145644000004,36790.066126
youth,healthy_offers,drive,300s,4069.732098,23149.066430999996,12804.168050999999,32508.905066999996,25091.910077,46890.78358499999,34145.319383999995,38722.33098599999,31725.497382000005,22553.287106,20164.749519
children_u5,healthy_offers,drive,300s,1188.025858,6636.041848000001,4251.6876409999995,8708.037867,5174.2583030000005,9088.970977,9054.685233,8010.471381000001,5795.509026000001,5842.676466,5411.556174999999
women_rep,healthy_offers,drive,300s,4808.215838,28626.380556000004,15128.015927,40093.462917000004,29528.461398999996,58176.284866999995,43426.58865399999,42202.711632000006,38511.09426,26627.250190000002,25019.692768999997
elderly,healthy_offers,drive,300s,681.6829380000001,3359.1559150000003,1597.582833,4451.647167,5259.983074,10193.087464,6429.256898,7226.865328,6900.262378999999,4148.021982,2937.161075
total,healthy_offers,drive,600s,54425.555640000006,205058.112549,196084.90757799998,155640.563805,268159.197351,310457.497338,209775.53118400002,324984.795944,313548.66709299997,280270.515494,174806.65750899998
men,healthy_offers,drive,600s,26621.403749999998,96665.13905099999,94812.66377299998,73150.69832,127678.13191000001,145247.59888700003,97811.70398399999,158520.366846,147035.134972,135407.59341300002,81920.432973
women,healthy_offers,drive,600s,27804.151890000005,108392.973498,101272.243805,82489.86548499999,140481.065479,165209.898451,111963.82720000001,166464.43230400002,166513.532128,144862.922102,92886.22453600001
youth,healthy_offers,drive,600s,15016.085990999998,58183.794246,54901.089974,45706.29050999999,78490.780117,90341.014186,58537.02673199999,100409.725525,92506.77564099999,80648.25875000001,50391.048081
children_u5,healthy_offers,drive,600s,4387.405526000001,16643.409881,17859.370655000002,12243.511629999997,16440.227067,17489.683947999998,15658.061891,19835.654348999997,16925.1051,19726.045461,13547.424336999999
women_rep,healthy_offers,drive,600s,17733.384206000002,71955.73605100001,64880.491245000005,56369.159190000006,92493.19585,112076.43245499999,74550.674332,108446.74747699998,112308.05091699999,95240.14341400002,62882.49643100001
elderly,healthy_offers,drive,600s,2519.8887260000006,8477.859005,7094.765647000002,6259.2793900000015,16231.352584,19651.534277999996,10989.181863,19109.608175999998,20119.539155,15681.343532999997,7759.901537
total,healthy_offers,drive,900s,101132.40691500001,332383.3721489999,388025.60266100004,184854.20314699996,308918.64483799995,330772.40487499995,256540.01355600002,503584.674249,314904.803056,405700.73078000004,270827.335668
men,healthy_offers,drive,900s,49478.927594,156656.786469,187210.96003699998,86881.46098199999,147061.29646399998,154751.531116,119610.234998,245609.10888100002,147670.976983,196039.485875,126807.323751
women,healthy_offers,drive,900s,51653.479321,175726.58568,200814.642641,97972.74216500002,161857.34841200002,176020.873759,136929.77855800002,257975.57011900004,167233.82608,209661.24492900004,144020.01191700003
youth,healthy_offers,drive,900s,27892.00002,94327.71760199998,109496.68391600001,54281.527011,90378.836141,96252.735439,71552.04105599997,154851.06258999996,92907.407719,116802.131244,77625.749988
children_u5,healthy_offers,drive,900s,8153.711916,26965.022899000003,33388.352629,14542.548679999996,19008.408524,18628.870387,19181.883703,31640.370043,16997.541009,28332.003549,20893.046339999994
women_rep,healthy_offers,drive,900s,32929.95730400001,116685.34210500002,129189.99665900001,66945.42379200002,106581.307227,119410.5297,91161.007256,167857.63662099998,112794.083905,137934.28186800002,97221.00598799999
elderly,healthy_offers,drive,900s,4686.074436,13743.207823000002,15656.350048,7434.576264000001,18633.513013,20942.416323999994,13425.046175000001,28920.009337,20206.966228999998,22944.334791,12366.286890000001
total,amenity_pub,drive,300s,3063.3367670000002,56623.076976,,37204.721164,2569.39154,105361.021782,34275.130905000005,2892.234652,75036.96286200001,,45149.034748
men,amenity_pub,drive,300s,1497.272352,26717.728487,,17485.934782000004,1217.90188,49291.65403900001,15980.398095,1398.000663,35179.597459,,21135.908056
women,amenity_pub,drive,300s,1566.064415,29905.348489,,19718.786382,1351.48966,56069.367742999995,18294.73281,1494.234013,39857.365402999996,,24013.126692
youth,amenity_pub,drive,300s,845.805249,16054.686452999998,,10925.634624,754.8771639999999,30655.62445,9557.534445,893.585599,22152.124969999997,,12925.428492000001
children_u5,amenity_pub,drive,300s,246.937578,4589.636679,,2926.778374,144.202252,5925.914882,2571.2706470000003,158.23149999999998,4027.76227,,3479.715723999999
women_rep,amenity_pub,drive,300s,999.8292700000001,19835.129597,,13474.707034000001,897.531264,38033.780489,12182.651692999998,984.189256,26890.01895,,16200.492691999998
elderly,amenity_pub,drive,300s,141.51416200000003,2352.380211,,1496.1979019999999,166.24566399999998,6681.01287,1785.97363,184.515374,4826.30554,,2073.453124
total,amenity_pub,drive,600s,13929.203951000001,184720.39676699997,,86903.33066100001,93606.956971,291835.821411,76823.562101,89495.73413499999,270659.106856,22504.563876999997,144740.46688
men,amenity_pub,drive,600s,6805.147589,87064.19419499999,,40844.598195000006,44594.93216099999,136535.16142400002,35834.330776999996,43670.59561900001,126925.593426,10853.529328999999,67784.476845
women,amenity_pub,drive,600s,7124.056362,97656.202572,,46058.732466,49012.02481,155300.659987,40989.231324,45825.139540000004,143733.51343700002,11651.034548,76955.99003500001
youth,amenity_pub,drive,600s,3850.050432,52422.571296,,25517.037086999997,27562.395774999994,84923.47092699999,21522.070794,28116.951970000002,79902.638273,6500.709602000001,41541.134592
children_u5,amenity_pub,drive,600s,1122.195951,14970.929361000002,,6837.156385,5288.195216,16440.390294999997,5637.328578999999,4910.1599129999995,14545.518162,1514.5237009999998,11177.893791999999
women_rep,amenity_pub,drive,600s,4553.364573,64849.39683900001,,31470.538518999998,32277.633889,105355.565968,27322.115363999994,29984.598636,96960.005403,7692.311492000001,51983.651192000005
elderly,amenity_pub,drive,600s,642.3914830000001,7650.037458000001,,3495.2883970000003,6085.193700000001,18472.740803999997,4073.581794,5679.809954,17403.099361999997,1316.6688559999998,6566.526842
total,amenity_pub,drive,900s,25796.116194000002,313542.6474109999,1386.2078270000002,142034.16570600003,211615.206235,330772.40487499995,110773.713592,262578.883345,314904.803056,159390.854219,249182.85368100004
men,amenity_pub,drive,900s,12609.15484,147762.21928000002,654.343681,66756.217198,100784.778924,154751.531116,51661.462125,128270.05887800001,147670.976983,76941.329927,116713.24857699998
women,amenity_pub,drive,900s,13186.961354000001,165780.42813100002,731.864146,75277.948508,110830.42731100002,176020.873759,59112.251467,134308.82756699997,167233.82608,82449.524315,132469.60510400002
youth,amenity_pub,drive,900s,7124.333676,88985.91455999998,393.03237099999996,41706.684357000006,62154.090391,96252.735439,30975.504852,82652.24866499999,92907.407719,46046.550608,71582.60625299999
children_u5,amenity_pub,drive,900s,2078.845828,25417.351138000005,113.62837099999999,11174.105002,12339.609089000001,18628.870387,8196.225803,14412.769316,16997.541009,10786.159797,19257.924716999994
women_rep,amenity_pub,drive,900s,8420.619044,110097.28805,484.88406100000003,51436.927802,72975.82252,119410.5297,39382.299051999995,87813.104204,112794.083905,54389.575882,89524.29960299999
elderly,amenity_pub,drive,900s,1191.6904360000003,12976.467181999999,56.596875000000004,5712.5382340000015,13404.878484000003,20942.416323999994,5838.833624999999,16653.539848999997,20206.966228999998,9296.251682,11253.767117000003
total,amenity_drinking_water,drive,300s,,27678.126853,1968.667226,4048.1995850000003,,,,,,,
men,amenity_drinking_water,drive,300s,,13063.266000999998,948.2391719999999,1902.6190150000002,,,,,,,
women,amenity_drinking_water,drive,300s,,14614.860852000002,1020.428054,2145.58057,,,,,,,
youth,amenity_drinking_water,drive,300s,,7848.262065,551.46827,1188.840669,,,,,,,
children_u5,amenity_drinking_water,drive,300s,,2267.105455,178.39999999999998,318.450269,,,,,,,
women_rep,amenity_drinking_water,drive,300s,,9684.688321,657.290112,1466.2056190000003,,,,,,,
elderly,amenity_drinking_water,drive,300s,,1130.996343,70.919376,162.79536900000002,,,,,,,
total,amenity_drinking_water,drive,600s,,107830.38968799998,15000.994032999999,34713.63478,286.559089,,,,,,
men,amenity_drinking_water,drive,600s,,50818.707781000005,7222.9559739999995,16315.110020000002,134.982652,,,,,,
women,amenity_drinking_water,drive,600s,,57011.681907,7778.0380589999995,18398.524759999997,151.576437,,,,,,
youth,amenity_drinking_water,drive,600s,,30602.035469999995,4203.005259,10194.403692,81.348927,,,,,,
children_u5,amenity_drinking_water,drive,600s,,8765.792485,1357.133884,2730.7364919999995,23.234002,,,,,,
women_rep,amenity_drinking_water,drive,600s,,37852.76625100001,5012.6102439999995,12572.830292,100.706062,,,,,,
elderly,amenity_drinking_water,drive,600s,,4443.186693000001,541.6473,1395.9832920000001,11.84169,,,,,,
total,amenity_drinking_water,drive,900s,,231674.48538699996,70127.47201700001,101476.59406999999,12507.461414000001,22736.486249999998,,,,,
men,amenity_drinking_water,drive,900s,,109155.033913,33777.916358999995,47693.12713,5891.595751999999,10640.98486,,,,,
women,amenity_drinking_water,drive,900s,,122519.45147400003,36349.555658000005,53783.466940000006,6615.865662,12095.501390000001,,,,,
youth,amenity_drinking_water,drive,900s,,65759.12762699998,19644.317945,29800.779198,3550.6414019999997,6621.550842000001,,,,,
children_u5,amenity_drinking_water,drive,900s,,18806.981467,6354.865804999999,7982.622397999999,1014.0958519999999,1318.509652,,,,,
women_rep,amenity_drinking_water,drive,900s,,81375.55669299999,23413.974339,36753.512098,4395.5234120000005,8210.584911999998,,,,,
elderly,amenity_drinking_water,drive,900s,,9560.886483000004,2526.311157,4080.806598,516.85494,1399.799947,,,,,
total,amenity_bar,drive,300s,32121.209601,100958.560489,52198.500058,94184.83263300001,100189.811672,276688.119844,124745.523005,208407.77920699999,231643.308867,150908.556191,63864.59970900001
men,amenity_bar,drive,300s,15720.201874,47581.501468,25231.943120999997,44266.133059,47780.046877,129448.88304900001,58172.456256000005,101580.256985,108604.60178700002,72879.54457499999,29919.189473
women,amenity_bar,drive,300s,16401.007727000004,53377.059021,26966.556957999997,49918.699574000006,52409.76480700001,147239.236795,66573.06674900002,106827.52399399999,123038.70708200001,78029.01163900002,33945.410236
youth,amenity_bar,drive,300s,8854.730663999999,28651.833272999997,14656.05178,27658.736925,29485.341658,80514.34010799999,34857.042692999996,63470.340044,68328.36948200001,43437.236194000005,18370.385001
children_u5,amenity_bar,drive,300s,2590.146728,8180.396914,4736.600657999999,7409.181224999999,5752.689037,15589.281942,9247.537595999998,13790.213404,12507.725047,10620.025714,4940.914857
women_rep,amenity_bar,drive,300s,10450.071059999998,35446.810326000006,17300.488106,34111.805095,34467.839515,99885.171949,44341.796042999995,69375.74993,82992.937232,51302.70892399999,22955.679351
elderly,amenity_bar,drive,300s,1489.904,4182.604806000001,1890.217451,3787.648581000001,6438.798006999999,17512.017083999996,6571.970918,11433.569599,14860.043740000001,8431.608845,2865.7150569999994
total,amenity_bar,drive,600s,109682.11640700001,328448.07310200005,205739.109256,149749.363052,238026.38991099998,330689.99145699997,263713.89231200004,514990.02175799996,314904.803056,366445.83168600005,198524.269385
men,amenity_bar,drive,600s,53668.624458,154794.13639899998,99287.012342,70381.28718099999,113495.05310199999,154712.97561000002,122954.22622,251132.412362,147670.976983,177039.58814100001,93127.87794499999
women,amenity_bar,drive,600s,56013.491949,173653.936703,106452.09693500001,79368.075871,124531.33684700001,175977.015847,140759.666092,263857.61414900003,167233.82608,189406.24356899998,105396.39143999998
youth,amenity_bar,drive,600s,30244.258484999995,93212.49730499997,57935.621966,43973.64821399999,69993.322109,96228.752797,73548.60190799998,158039.83755499998,92907.407719,105477.64778099999,57596.675684999995
children_u5,amenity_bar,drive,600s,8843.568548000003,26649.257832000003,18033.231481000003,11780.838388999999,13858.926610999999,18624.248940999998,19722.453578999997,32700.331116,16997.541009,25640.895488,15465.004324999998
women_rep,amenity_bar,drive,600s,35701.555292000005,115312.32440700004,68447.86339099999,54233.47861900001,81898.314202,119380.77676999998,93709.105908,171619.45347399998,112794.083905,124596.05574500002,71582.20943500001
elderly,amenity_bar,drive,600s,5084.334691999999,13578.242460000001,8005.113186,6022.453233,15114.029906000002,20937.179479999995,13798.718551000002,29312.81683,20206.966228999998,20669.441323000003,8527.840325000001
total,amenity_bar,drive,900s,159732.85719299997,406264.40059299994,420001.893563,176391.521334,305069.354382,330772.40487499995,302230.33226399997,530871.733429,314904.803056,425217.972046,299262.109789
men,amenity_bar,drive,900s,78158.13736600001,191469.602731,202701.996952,82903.49072,145258.829487,154751.531116,140908.06144400002,258820.133967,147670.976983,205456.07202100003,140318.36728900002
women,amenity_bar,drive,900s,81574.71982700001,214794.797862,217299.896632,93488.03061399997,159810.524933,176020.873759,161322.27082,272051.6042170001,167233.82608,219761.900049,158943.7425
youth,amenity_bar,drive,900s,44046.161412,115292.65424399998,118392.633802,51796.819263,89282.294711,96252.735439,84268.10509199998,162485.00937999994,92907.407719,122416.83693599999,86560.025443
children_u5,amenity_bar,drive,900s,12879.055900000003,32960.118356000006,36451.91673799999,13876.775459999995,18705.948938999998,18628.870387,22624.764571,34158.167119,16997.541009,29677.902252999997,23256.253412999995
women_rep,amenity_bar,drive,900s,51994.583984000004,142628.70555700004,139716.85208799999,63881.455736,105210.80686,119410.5297,107389.80669199998,176861.501097,112794.083905,144593.24398,107784.97192900002
elderly,amenity_bar,drive,900s,7404.186435999999,16799.595808000002,16682.905923000002,7094.070588000001,18469.092052,20942.416323999994,15804.959543000003,29878.990533,20206.966228999998,24068.899973000003,13058.273621
total,shop_bakery,drive,300s,46831.822831000005,248931.061493,234643.82380600003,113163.43094900002,233357.304447,283949.204997,133757.64076500002,417249.730156,215470.128438,237612.998948,105524.311883
men,shop_bakery,drive,300s,22915.112111000006,117313.100886,113115.95844999999,53185.875597000006,111046.16508199999,132845.07175000003,62374.411281,203662.83074200002,101054.48920699999,114798.351246,49374.52850600001
women,shop_bakery,drive,300s,23916.710720000003,131617.96060700002,121527.86537700001,59977.555352,122311.13936700003,151104.13324700002,71383.22948400001,213586.903795,114415.639238,122814.64772600001,56149.78337700001
youth,shop_bakery,drive,300s,12913.530285,70644.29719200001,66385.59996600001,33232.539572999995,68248.97901300002,82626.463389,37369.574469,129647.34554499999,63556.546064,68355.56240299999,30109.331102999997
children_u5,shop_bakery,drive,300s,3776.0595769999995,20177.436372000004,19826.204042999998,8902.044923000001,14310.896172000002,15995.801569,9927.565852,24773.12734,11663.267579,16767.205292,8111.265214999999
women_rep,shop_bakery,drive,300s,15243.866943,87405.948936,78304.398753,40985.970933,80560.933442,102507.61936299999,47544.81161899999,139262.860158,77152.45152,80728.006123,37818.71335300001
elderly,shop_bakery,drive,300s,2170.859749,10305.644632000001,9758.4305,4550.821551,14123.113415999998,17974.242159999998,7038.014823999999,25049.606104,13808.132608999998,13261.919757,4923.884765000001
total,shop_bakery,drive,600s,116028.818343,381738.062382,460972.6113289999,183663.32418899998,303902.90320699994,330772.40487499995,267742.006052,503127.526012,314904.803056,388074.34946399997,280885.82697
men,shop_bakery,drive,600s,56770.022491,179920.51705299996,222504.508979,86321.54614199999,144672.561169,154751.531116,124831.86835,245388.20328099997,147670.976983,187497.05279500003,131388.207833
women,shop_bakery,drive,600s,59258.795851999996,201817.54532900004,238468.10237100002,97341.778047,159230.342076,176020.873759,142910.137702,257739.32748600005,167233.82608,200577.296693,149497.619137
youth,shop_bakery,drive,600s,31997.738013000002,108328.986855,129905.950194,53932.144986,88891.45973699998,96252.735439,74669.66548799998,154737.68960399998,92907.407719,111711.09554,79995.369359
children_u5,shop_bakery,drive,600s,9354.985141000001,30970.415085000004,40083.696009,14448.808155999997,18747.024699999998,18628.870387,20025.982119,31582.215387999997,16997.541009,27127.294684999997,21558.579855999997
women_rep,shop_bakery,drive,600s,37774.812995,134004.64634700003,153291.90153499998,66514.652776,104850.05475699999,119410.5297,95139.856488,167711.808712,112794.083905,131954.820108,100597.67232700001
elderly,shop_bakery,drive,600s,5377.266097000001,15787.127409,18253.879164,7386.6055240000005,18288.034125,20942.416323999994,14008.534591,28913.687496000002,20206.966228999998,21919.742563000003,13222.260810000002
total,shop_bakery,drive,900s,140886.28014900003,411595.51389599993,535215.5365,201851.81133100003,309738.5818909999,330772.40487499995,298355.670476,527940.3864819999,314904.803056,433524.557172,358698.15157600003
men,shop_bakery,drive,900s,68934.57450999999,193990.16978099995,258450.83239899995,94869.996573,147458.252699,154751.531116,139101.948538,257402.053884,147670.976983,209472.52253100002,167821.44723700001
women,shop_bakery,drive,900s,71951.70563900002,217605.34411500004,276764.70412199997,106981.814758,162280.32923,176020.873759,159253.72193800003,270538.33735300007,167233.82608,224052.03466499998,190876.704339
youth,shop_bakery,drive,900s,38850.797796,116801.86913399998,150629.03409200002,59273.419482000005,90607.803698,96252.735439,83189.74869599998,161664.22276299997,92907.407719,124810.144946,102294.584329
children_u5,shop_bakery,drive,900s,11359.331068000001,33392.135319999994,46983.74831,15879.640126999997,19084.526501,18628.870387,22332.799023,33889.054572,16997.541009,30249.260337000003,27561.678797999997
women_rep,shop_bakery,drive,900s,45863.181344000004,144488.91441300002,177763.83306200005,73102.106677,106851.72328199999,119410.5297,106013.56089599998,175891.491732,112794.083905,147418.273434,128527.666069
elderly,shop_bakery,drive,900s,6530.010436000001,17022.478828000003,20841.224674999998,8118.060859000001,18662.041942,20942.416323999994,15603.136495,29776.735014,20206.966228999998,24549.525075,16777.606868000003
total,shop_greengrocer,drive,300s,,29465.016916,,71018.095595,14242.656659,86286.034323,56880.774940999996,715.895688,56711.47804200002,,39954.017434
men,shop_greengrocer,drive,300s,,13879.392688,,33377.894605,6711.557355999999,40369.257941,26518.323647,341.425573,26588.259884,,18737.279463000003
women,shop_greengrocer,drive,300s,,15585.624228,,37640.200990000005,7531.099303,45916.776382,30362.451294000002,374.470117,30123.218158,,21216.737971
youth,shop_greengrocer,drive,300s,,8364.583787999998,,20855.987583,4052.3874939999996,25105.174191,15852.264393000001,214.54723900000002,16743.593805999997,,11570.997234
children_u5,shop_greengrocer,drive,300s,,2389.002088,,5586.614782999999,1131.324484,4883.900061,4272.665617000001,39.402986,3042.0002380000005,,3107.96341
women_rep,shop_greengrocer,drive,300s,,10354.952728,,25721.837233000002,5003.700777000001,31148.911983,20213.512623000002,248.10752000000002,20323.509374,,14396.889734
elderly,shop_greengrocer,drive,300s,,1217.60436,,2855.9404830000003,610.549498,5441.659017999999,2963.488497,46.188888000000006,3648.862956,,1732.21406
total,shop_greengrocer,drive,600s,,135283.10756499998,,135039.14334500002,105058.30903200002,306957.33314699994,157835.44651799998,81712.069672,251253.23208700004,17140.443984999998,138522.870134
men,shop_greengrocer,drive,600s,,63724.03415899999,,63467.236855,49789.289920999996,143610.03167000003,73587.093896,39864.43749800001,117823.225802,8260.926639,64896.218618000006
women,shop_greengrocer,drive,600s,,71559.07340600001,,71571.90649000001,55269.019111,163347.30147699997,84248.35262199999,41847.633103,133430.006292,8879.517346,73626.65151600001
youth,shop_greengrocer,drive,600s,,38406.227121,,39657.141933000006,30465.942811,89322.348583,44003.79715599999,25661.644872999997,74171.057409,4953.952066000001,39850.452509999996
children_u5,shop_greengrocer,drive,600s,,10964.378429,,10622.809132999997,7007.884641,17292.530977,11835.411394,4483.068857,13505.325213,1147.7437759999998,10717.949725999999
women_rep,shop_greengrocer,drive,600s,,47545.102307,,48909.43408300001,36564.67509799999,110812.75630599998,56086.631576,27385.467452,90009.91274500001,5865.702116000001,49793.31181000001
elderly,shop_greengrocer,drive,600s,,5593.993093000001,,5430.499833000001,5787.9737239999995,19430.026490999997,8235.828083999999,5186.509247,16153.709081999998,1005.3141990000001,6211.951526000002
total,shop_greengrocer,drive,900s,,261781.70537500002,22773.583771,154294.125148,258558.805928,330772.40487499995,226518.88391500004,257984.93761800003,314904.803056,140924.05434600002,214288.65722900006
men,shop_greengrocer,drive,900s,,123335.953696,10902.275583999999,72517.25073900001,122965.757698,154751.531116,105615.65312999999,126023.46583700001,147670.976983,68019.308004,100383.413273
women,shop_greengrocer,drive,900s,,138445.751679,11871.308187000002,81776.87440900001,135593.04823,176020.873759,120903.230785,131961.47482499995,167233.82608,72904.746365,113905.24395599999
youth,shop_greengrocer,drive,900s,,74311.373421,6411.5278979999985,45308.645154,75535.18503099999,96252.735439,63196.46330399999,81203.494491,92907.407719,40727.012582,61614.51375299999
children_u5,shop_greengrocer,drive,900s,,21242.901194000002,1984.026197,12138.269178999995,16024.243796,18628.870387,16919.990625,14160.20388,16997.541009,9517.490665000001,16573.212569
women_rep,shop_greengrocer,drive,900s,,91962.370918,7715.628857,55879.895349000006,89372.96452299999,119410.5297,80498.36817399999,86279.15323199998,112794.083905,48099.506045999995,77013.285703
elderly,shop_greengrocer,drive,900s,,10808.217970000002,871.3329729999999,6205.180095000001,15474.610511,20942.416323999994,11861.07039,16362.674419999998,20206.966228999998,8228.066271,9634.611569
total,amenity_marketplace,drive,300s,,,,47892.917135,17598.792116,2744.9101599999995,25230.666962,85463.495568,51552.260891,78804.48977399999,2612.57609
men,amenity_marketplace,drive,300s,,,,22509.259465000003,8391.810897,1285.18665,11763.274739000002,41627.693422,24179.169532000007,38113.34413,1227.8883100000003
women,amenity_marketplace,drive,300s,,,,25383.65767,9206.981219000001,1459.72351,13467.392222999999,43835.80286900001,27373.091364,40691.145644000004,1384.6877800000002
youth,amenity_marketplace,drive,300s,,,,14064.782738999998,5186.286592999999,800.0565359999998,7031.478857999999,26065.625525,15237.864486,22553.287106,767.2390260000001
children_u5,amenity_marketplace,drive,300s,,,,3767.4803389999997,992.6350040000001,164.73404599999998,1903.2506660000001,5551.567743,2754.171418,5842.676466,205.51742599999997
women_rep,amenity_marketplace,drive,300s,,,,17346.196189000002,6054.065623999999,991.527006,8966.054158,28498.409890000003,18466.117695999998,26627.250190000002,946.2413260000001
elderly,amenity_marketplace,drive,300s,,,,1925.978439,1146.805162,163.25739099999998,1306.841516,4774.087395,3323.0104029999998,4148.021982,105.062826
total,amenity_marketplace,drive,600s,,,,109210.85398000001,117284.62122500001,85761.59320999999,86264.90655,287172.08524499997,212475.56433100003,265558.743132,28781.726820000003
men,amenity_marketplace,drive,600s,,,,51328.16282,55931.254525,40126.367545,40221.192395,140069.54853200002,99658.979198,128320.910417,13509.038095
women,amenity_marketplace,drive,600s,,,,57882.69116,61353.36670000001,45635.225665,46043.714155,147102.539548,112816.58514000001,137237.832736,15272.688725
youth,amenity_marketplace,drive,600s,,,,32072.110571999998,34555.34863000001,24954.919317999997,24053.704527,88742.98202499999,62729.45187,76406.449414,8380.180116
children_u5,amenity_marketplace,drive,600s,,,,8591.035372,6622.263414999999,4874.953653999999,6491.481653999999,17496.664816999997,11423.578142,18728.641329000002,2248.5396359999995
women_rep,amenity_marketplace,drive,600s,,,,39554.761172000006,40338.25974,30959.161125,30660.322916999998,95844.42215500001,76096.82076799999,90205.24285800001,10391.492916000003
elderly,amenity_marketplace,drive,600s,,,,4391.834172000001,7641.8003499999995,5387.5344700000005,4476.424383999999,16910.605181,13661.219518999998,14825.680907,1213.2357860000002
total,amenity_marketplace,drive,900s,,8206.735217000001,1261.149903,147866.153283,206473.71816,235094.183118,143079.38501500004,494083.060138,313040.99605899997,391144.396919,74553.501321
men,amenity_marketplace,drive,900s,,3864.7421539999996,602.872072,69496.159204,98513.846945,109989.69554300001,66721.63758,241005.86959999998,146797.787219,189023.16008900004,34966.704327
women,amenity_marketplace,drive,900s,,4341.993063000001,658.277832,78369.994079,107959.871253,125104.487575,76357.747435,253077.19528100002,166243.20884699997,202121.236854,39586.796994000004
youth,amenity_marketplace,drive,900s,,2336.3213429999996,373.308906,43420.933293,60843.710741999996,68411.42190999999,39974.432003999995,152174.08823899998,92361.065595,112618.44331199997,21604.290597
children_u5,amenity_marketplace,drive,900s,,660.899924,71.19869,11632.614917999997,11756.79494,13258.524723999999,10632.613724999997,30783.001679999998,16892.517922,27325.567475000003,5802.210980999999
women_rep,amenity_marketplace,drive,900s,,2891.555,432.0962239999999,53551.766938000015,70960.19612899999,84870.67366299998,50861.39187399999,164721.360824,112126.902931,132962.117766,26870.271147000003
elderly,amenity_marketplace,drive,900s,,341.234001,82.07939100000002,5946.683934,13363.227195,14867.17371,7514.88099,28570.825998,20089.897767,22107.895614,3222.2244810000007
total,amenity_food_court,drive,300s,,22250.47044,,,,,,,,,
men,amenity_food_court,drive,300s,,10481.00592,,,,,,,,,
women,amenity_food_court,drive,300s,,11769.46452,,,,,,,,,
youth,amenity_food_court,drive,300s,,6316.504919999999,,,,,,,,,
children_u5,amenity_food_court,drive,300s,,1804.0519199999999,,,,,,,,,
women_rep,amenity_food_court,drive,300s,,7819.52952,,,,,,,,,
elderly,amenity_food_court,drive,300s,,919.4724000000001,,,,,,,,,
total,amenity_food_court,drive,600s,,75398.753241,,,,,,,,,
men,amenity_food_court,drive,600s,,35516.317788,,,,,,,,,
women,amenity_food_court,drive,600s,,39882.435453,,,,,,,,,
youth,amenity_food_court,drive,600s,,21404.338263,,,,,,,,,
children_u5,amenity_food_court,drive,600s,,6113.275938000001,,,,,,,,,
women_rep,amenity_food_court,drive,600s,,26497.542078000006,,,,,,,,,
elderly,amenity_food_court,drive,600s,,3115.7576100000006,,,,,,,,,
total,amenity_food_court,drive,900s,,188471.48861599996,5240.562033,,,,,,,,
men,amenity_food_court,drive,900s,,88804.414085,2504.0324849999997,,,,,,,,
women,amenity_food_court,drive,900s,,99667.074531,2736.529548,,,,,,,,
youth,amenity_food_court,drive,900s,,53494.580574,1475.1388769999999,,,,,,,,
children_u5,amenity_food_court,drive,900s,,15304.113989000001,456.780747,,,,,,,,
women_rep,amenity_food_court,drive,900s,,66192.636875,1783.036005,,,,,,,,
elderly,amenity_food_court,drive,900s,,7775.577573,198.850419,,,,,,,,
total,shop_coffee,drive,300s,,,,38994.638175,,49971.107922999996,194.003175,,46902.73907200001,,12158.090838000002
men,shop_coffee,drive,300s,,,,18327.144825,,23379.403091,91.179825,,21990.907819000004,,5712.200631
women,shop_coffee,drive,300s,,,,20667.49335,,26591.704832,102.82335,,24911.831253,,6445.8902069999995
youth,shop_coffee,drive,300s,,,,11451.612194999998,,14543.521886999999,56.973195,,13855.761665999999,,3562.5284459999993
children_u5,shop_coffee,drive,300s,,,,3067.500195,,2816.806081,15.261194999999999,,2505.658228,,954.696798
women_rep,shop_coffee,drive,300s,,,,14123.354445000003,,18041.346755000006,70.265445,,16809.667826,,4399.880346000001
elderly,shop_coffee,drive,300s,,,,1568.1406950000003,,3160.2567839999992,7.8016950000000005,,3023.4779679999997,,495.07804799999997
total,shop_coffee,drive,600s,,,,115082.68341,164.826836,178707.736266,41031.263121,,207019.277122,40511.723324000006,47910.16903600001
men,shop_coffee,drive,600s,,,,54087.87219000001,77.111012,83608.388042,19150.564463000002,,97056.95747600001,19548.652272,22488.217881999997
women,shop_coffee,drive,600s,,,,60994.81122,87.715824,95099.348224,21880.698658,,109962.31964600002,20963.071052000003,25421.951154000002
youth,shop_coffee,drive,600s,,,,33796.499274,47.965284,52001.643714,11558.112753000001,,61053.280187,11685.074996000001,13953.753372
children_u5,shop_coffee,drive,600s,,,,9052.940873999998,9.242892,10083.089785999999,2943.8995099999997,,11187.944345,2753.504781,3743.8059159999993
women_rep,shop_coffee,drive,600s,,,,41681.461974,59.50586,64515.628406,14607.021333,,74172.889597,13829.960356000001,17299.573172
elderly,shop_coffee,drive,600s,,,,4627.965474,10.473688,11297.732317999998,2207.420287,,13275.485558999999,2356.6324890000005,2016.407416
total,shop_coffee,drive,900s,,6401.2730409999995,,151406.758585,36375.946464,300457.38613400003,141374.32358,31730.475363999998,308963.63598,112394.330874,105596.11038499998
men,shop_coffee,drive,900s,,3014.5896869999997,,71159.96428,17309.960678,140568.75451600002,65927.552386,15435.334039000001,144885.383411,54246.874347000004,49511.25938
women,shop_coffee,drive,900s,,3386.6833540000007,,80246.794305,19065.985785999997,159888.63161799998,75446.771194,16295.141656,164078.252576,58147.456527,56084.851005
youth,shop_coffee,drive,900s,,1820.0252129999994,,44463.018255,10712.842531,87432.021388,39500.299464,9915.756484,91152.257663,32416.925802,30540.581997
children_u5,shop_coffee,drive,900s,,514.483421,,11910.565629999996,2045.320168,16925.120797,10503.858207,1738.8991589999998,16680.202741,7646.023714,8205.349516999999
women_rep,shop_coffee,drive,900s,,2253.001539,,54836.66653,12579.356187000001,108467.642346,50255.16686399999,10686.380748000001,110664.79652900001,38356.252542,38031.512347
elderly,shop_coffee,drive,900s,,268.000357,,6088.804950000001,2365.404396,19019.462289999996,7426.305679,2017.0566229999997,19823.952380999996,6535.886412,4609.738067000001
total,shop_pastry,drive,300s,,30847.24311,26216.961668999997,16645.472415000004,40720.552063999996,1343.7922319999998,10993.184297000002,2962.327675,9840.440928,53035.874409,66917.680058
men,shop_pastry,drive,300s,,14530.48548,12692.421155,7823.228985000001,19395.969957999998,629.627964,5125.0489640000005,1439.765557,4613.393416000001,25642.804719,31229.743331
women,shop_pastry,drive,300s,,16316.75763,13524.540514,8822.24343,21324.582106,714.164268,5868.135332999999,1522.5621449999999,5227.047512,27393.06969,35687.93672700001
youth,shop_pastry,drive,300s,,8756.97273,7321.090860999999,4888.300131,11997.823650999999,392.43827500000003,3062.4912689999996,918.854133,2905.2600379999994,15288.459858,18771.665298
children_u5,shop_pastry,drive,300s,,2501.0719799999997,2433.823521,1309.410531,2291.7200080000002,84.531728,829.006757,163.815168,526.709264,3636.0794759999994,5074.28741
women_rep,shop_pastry,drive,300s,,10840.711380000002,8646.380015,6028.775181000001,14047.069690999997,485.44980899999996,3906.0396189999997,996.16344,3527.851138,18048.416387999998,23835.889798
elderly,shop_pastry,drive,300s,,1274.7231000000002,912.194217,669.385431,2650.865644,75.793672,570.308507,189.11078300000003,634.010544,3074.2596030000004,3371.34746
total,shop_pastry,drive,600s,,110330.050922,117845.96778100001,56907.598000000005,116623.06574800001,98456.26537999998,67729.288107,102370.629317,86695.54667000001,164184.73340699996,212115.34456000003
men,shop_pastry,drive,600s,,51992.038358,57045.850578000005,26746.082000000002,55585.55474099999,46064.25961500001,31579.078964,49971.5543,40653.876235,79375.56148,99077.57921
women,shop_pastry,drive,600s,,58338.012564,60800.117203,30161.516000000003,61037.511007,52392.005764999994,36150.209143,52399.076160000004,46041.67044,84809.17192800001,113037.76535000002
youth,shop_pastry,drive,600s,,31313.104602,32910.74954799999,16712.1372,34348.82909199999,28647.809943999997,18885.784455,32053.394655,25608.487580999994,47316.258921,59843.603568000006
children_u5,shop_pastry,drive,600s,,8964.756242000001,10934.111503,4476.617199999999,6583.290196000001,5575.72332,5097.741212999999,5760.934481,4638.208783,11297.991681,16158.033328
women_rep,shop_pastry,drive,600s,,38738.049038000005,38877.010437000004,20611.1972,40167.659785,35541.624131,24073.299014999997,34244.328897,31068.126702999998,55861.42835500001,75710.307968
elderly,shop_pastry,drive,600s,,4548.541218,4103.830137,2288.4972000000007,7593.405314,6205.665215999999,3513.151348,6393.030239,5586.220765,9471.537075,10422.701028000001
total,shop_pastry,drive,900s,,210654.53338799998,284960.310016,115431.889125,194463.39720799998,243323.11488099996,164345.88696600002,382933.288066,251781.08398500006,252473.07036699998,312745.855684
men,shop_pastry,drive,900s,,99253.65938099999,137725.824677,54251.995875,92713.61134499998,113838.416362,76617.239297,186922.71116399998,118065.596494,121980.210165,146221.34628599996
women,shop_pastry,drive,900s,,111400.874007,147234.485339,61179.89325,101749.78586500003,129484.698519,87728.647669,196010.580968,133715.487498,130492.86022600002,166524.509398
youth,shop_pastry,drive,900s,,59791.94456999999,79844.99131400001,33899.051025,57277.199563,70805.932609,45783.707837999995,119133.19163900001,74330.91448499999,72780.17982800001,88787.367906
children_u5,shop_pastry,drive,900s,,17102.699085,25808.474637,9080.411025,10989.406731,13710.140993,12375.359461999999,22560.284571,13526.322008000001,17454.235810000002,23944.457703999997
women_rep,shop_pastry,drive,900s,,73988.470851,94393.042741,41807.939775000006,66929.156768,87842.078922,58394.580817999995,127841.60693499999,90205.924601,85916.349022,111878.414114
elderly,shop_pastry,drive,900s,,8692.263693000003,10424.148923000002,4642.008525,12659.82173,15399.860084999997,8543.461592,23123.945058,16191.055739000001,14422.778403999999,14939.077028
total,amenity_vending_machine,drive,300s,4721.647752,114.292558,,,,,,,,,
men,amenity_vending_machine,drive,300s,2310.786448,54.387982,,,,,,,,,
women,amenity_vending_machine,drive,300s,2410.8613040000005,59.904576000000006,,,,,,,,,
youth,amenity_vending_machine,drive,300s,1301.5985280000002,32.199027,,,,,,,,,
children_u5,amenity_vending_machine,drive,300s,380.7378560000001,9.253473999999999,,,,,,,,,
women_rep,amenity_vending_machine,drive,300s,1536.10512,39.38281,,,,,,,,,
elderly,amenity_vending_machine,drive,300s,219.00799999999998,4.87485,,,,,,,,,
total,amenity_vending_machine,drive,600s,29276.923429,15226.061456000001,,1020.0333300000001,,,,,,,
men,amenity_vending_machine,drive,600s,14320.74529,7192.381467999999,,480.37779500000005,,,,,,,
women,amenity_vending_machine,drive,600s,14956.178139000001,8033.679988000001,,539.655535,,,,,,,
youth,amenity_vending_machine,drive,600s,8077.127342999999,4313.362218,,298.654095,,,,,,,
children_u5,amenity_vending_machine,drive,600s,2360.1522800000002,1234.030908,,80.339215,,,,,,,
women_rep,amenity_vending_machine,drive,600s,9538.445576,5322.207068000001,,367.599525,,,,,,,
elderly,amenity_vending_machine,drive,600s,1355.6446480000002,634.7656600000001,,41.328475000000005,,,,,,,
total,amenity_vending_machine,drive,900s,55336.425117000006,78221.575028,,12165.819066000002,,,,,,,
men,amenity_vending_machine,drive,900s,27066.257342,36909.688556,,5718.995484,,,,,,,
women,amenity_vending_machine,drive,900s,28270.167775000005,41311.886472,,6446.823582000001,,,,,,,
youth,amenity_vending_machine,drive,900s,15267.597348,22177.420976999994,,3571.673112,,,,,,,
children_u5,amenity_vending_machine,drive,900s,4460.877372,6340.5493799999995,,957.1384559999998,,,,,,,
women_rep,amenity_vending_machine,drive,900s,18031.039424000002,27399.252984,,4404.090528000001,,,,,,,
elderly,amenity_vending_machine,drive,900s,2561.8824360000003,3249.943036,,489.60976800000003,,,,,,,
total,mixed_offers,drive,300s,43680.21977000001,219338.88188499998,163433.56773300003,146064.039571,256748.087865,324315.33858199994,122547.966488,394649.791547,300286.8946490001,254068.650903,212424.73480300003
men,mixed_offers,drive,300s,21374.466921999996,103365.735399,78669.76963000001,68648.985613,122124.89591499999,151730.445703,57150.943181999995,192513.446841,140818.583614,122721.85339599999,99478.45787600001
women,mixed_offers,drive,300s,22305.752848000004,115973.14648600001,84763.79812400001,77415.053958,134623.19196000003,172584.892879,65397.023306,202136.34850700002,159468.311042,131346.797531,112946.27692700003
youth,mixed_offers,drive,300s,12043.109849999999,62248.794189,46530.491689999995,42893.519127,75005.75740500001,94373.75577999999,34256.76594,121559.71434199998,88597.67552599999,73188.28199599999,60951.92115899999
children_u5,mixed_offers,drive,300s,3522.103398,17777.908437,13147.256813999998,11490.404526999997,15951.462859999998,18263.360971,9084.387915,24614.475450999995,16205.69684,17668.300058,16401.746791
women_rep,mixed_offers,drive,300s,14215.211642000002,77019.34223500002,54778.023472,52901.058817000005,88719.84582500001,117079.534304,43566.40074,131562.51274699997,107556.581588,86439.85759800002,76285.72820899998
elderly,mixed_offers,drive,300s,2025.2349580000005,9080.422301,7350.713343,5874.007539000002,15331.446305,20535.421046999996,6448.751387,22789.729115000002,19270.794291,14417.445724000001,9648.707241000002
total,mixed_offers,drive,600s,139335.18724799997,369989.62036599993,398976.85472400003,182589.83995400002,309738.5818909999,330772.40487499995,211655.31759600004,526106.7875229999,314904.803056,394618.888465,372931.954002
men,mixed_offers,drive,600s,68176.393942,174368.826749,192494.76793899995,85817.017777,147458.252699,154751.531116,98687.936978,256513.156226,147670.976983,190670.50112300002,174595.97574700002
women,mixed_offers,drive,600s,71158.793306,195620.79361699996,206482.086806,96772.82217699998,162280.32923,176020.873759,112967.38061800001,269593.636052,167233.82608,203948.38736599998,198335.97825500002
youth,mixed_offers,drive,600s,38422.798503000005,105001.70711099998,112591.971749,53616.893307,90607.803698,96252.735439,59060.18973599999,161154.65216299996,92907.407719,113592.443541,106815.124199
children_u5,mixed_offers,drive,600s,11234.233750000001,30018.285037,34332.383109,14364.362876999994,19084.526501,18628.870387,15799.708542999999,33715.470487,16997.541009,27583.074936,28753.741863999992
women_rep,mixed_offers,drive,600s,45357.240686,129900.931147,132838.461691,66125.85064700001,106851.72328199999,119410.5297,75218.357936,175290.391997,112794.083905,134161.359391,133839.241567
elderly,mixed_offers,drive,600s,6458.320726000002,15296.778609000003,16094.684412000002,7343.436145000001,18662.041942,20942.416323999994,11087.096015000001,29713.229019000002,20206.966228999998,22302.111402,17087.355718
total,mixed_offers,drive,900s,215341.728048,410400.3636769999,491719.94829000003,199275.105822,309738.5818909999,330772.40487499995,280516.88105599995,533890.186123,314904.803056,437584.5202689999,420696.51040699997
men,mixed_offers,drive,900s,105373.797848,193424.44409899996,237388.66338699998,93659.161307,147458.252699,154751.531116,130786.676248,260282.53117899998,147670.976983,211437.77048000006,196962.806514
women,mixed_offers,drive,900s,109967.93019999999,216975.91957800003,254331.28492400004,105615.944515,162280.32923,176020.873759,149730.20480800004,273607.65969900007,167233.82608,226146.74981300003,223733.703893
youth,mixed_offers,drive,900s,59374.46364,116463.82045199999,138492.349172,58516.534505999996,90607.803698,96252.735439,78225.03855599998,163325.70529199994,92907.407719,125971.04109,120512.340412
children_u5,mixed_offers,drive,900s,17364.398112000003,33295.299828,42937.086912,15676.964175,19084.526501,18628.870387,20988.601203,34441.397841,16997.541009,30537.350730000002,32441.046144999997
women_rep,mixed_offers,drive,900s,70084.03576,144072.816581,163434.69614800002,72168.48853700001,106851.72328199999,119410.5297,99677.379756,177853.741567,112794.083905,148784.85992800002,150987.502002
elderly,mixed_offers,drive,900s,9983.765156000003,16972.331488000003,19324.533609000002,8014.502259,18662.041942,20942.416323999994,14673.951175000002,29983.752626999998,20206.966228999998,24786.044718,19262.626115000003
total,unhealthy_offers,drive,300s,80646.139391,277686.35670699994,292547.92571,151930.00889299996,268037.5130689999,324078.26914899994,190740.80354,434839.65577599994,302325.674888,364119.815122,212473.710013
men,unhealthy_offers,drive,300s,39455.137925999996,130859.27599,141122.561786,71406.329141,127507.95817700001,151619.503184,88938.864051,212204.013663,141774.358232,175918.708879,99463.37387100002
women,unhealthy_offers,drive,300s,41191.001464999994,146827.080717,151425.36394500005,80523.67975200001,140529.554895,172458.765965,101801.939489,222635.646557,160551.31666299998,188201.10626700002,113010.336142
youth,unhealthy_offers,drive,300s,22243.143780000002,78808.60116299998,82614.48232499999,44615.826651,78340.40434200001,94304.33505699999,53239.077888,134745.55566199997,89198.88052899999,104822.88859199999,60814.55424899999
children_u5,unhealthy_offers,drive,300s,6501.840112,22508.426536000003,25062.400891999998,11951.888498999999,16544.598906,18250.273887000003,14223.661430999999,26211.526848999998,16316.370068999999,25444.387245,16372.880521000003
women_rep,unhealthy_offers,drive,300s,26261.443747999994,97511.60246400001,97453.06879399999,55024.899813,92600.57987700001,116993.64377199998,67789.52548799998,145084.77801500002,108286.639379,123815.74034800002,76234.35779899999
elderly,unhealthy_offers,drive,300s,3736.503704,11494.074084,11889.855381000001,6110.026615000002,16110.701964,20520.365983,9998.009753,25807.977639999997,19401.156853,20569.804733,9767.970221000001
total,unhealthy_offers,drive,600s,178099.26666899995,382540.31747199997,486588.583389,191979.59362399997,309738.5818909999,330772.40487499995,287076.95200399996,514060.02005199995,314904.803056,424078.8713739999,380004.35676800006
men,unhealthy_offers,drive,600s,87146.70499,180298.60011899998,234904.208607,90230.12130699998,147458.252699,154751.531116,133844.550574,250680.953081,147670.976983,204905.21160500002,177888.57490900002
women,unhealthy_offers,drive,600s,90952.56167899998,202241.71735300004,251684.37480300004,101749.47231700002,162280.32923,176020.873759,153232.40143000003,263379.07172600005,167233.82608,219173.65979299997,202115.78185900004
youth,unhealthy_offers,drive,600s,49109.159075999996,108556.65033599999,137059.839198,56374.39594499999,90607.803698,96252.735439,80050.77067199998,157790.59036399997,92907.407719,122089.98896,108767.151485
children_u5,unhealthy_offers,drive,600s,14360.061628000001,31035.456915,42460.142173,15103.004714999997,19084.526501,18628.870387,21482.919110999996,32597.121747999998,16997.541009,29595.723925000002,29283.152574000003
women_rep,unhealthy_offers,drive,600s,57969.77254400001,134286.32344900002,161742.99156300002,69526.69818500002,106851.72328199999,119410.5297,102007.45927200001,171317.35611199998,112794.083905,144207.368228,136343.877353
elderly,unhealthy_offers,drive,600s,8256.090436,15820.330199000002,19146.043056,7721.038183000001,18662.041942,20942.416323999994,15015.651583,29294.073216,20206.966228999998,24006.768533,17468.335027999998
total,unhealthy_offers,drive,900s,215901.92354399996,411595.51389599993,547653.1932270001,206269.223613,309738.5818909999,330772.40487499995,308617.769766,531430.374964,314904.803056,434986.82745399995,422976.62212400005
men,unhealthy_offers,drive,900s,105647.95895199999,193990.16978099995,264473.310765,96946.53074100001,147458.252699,154751.531116,143885.46539300002,259091.662474,147670.976983,210179.62730700005,198027.962336
women,unhealthy_offers,drive,900s,110253.964592,217605.34411500004,283179.88248300005,109322.69287199997,162280.32923,176020.873759,164732.30437300002,272338.71724500007,167233.82608,224807.20017100003,224948.659788
youth,unhealthy_offers,drive,900s,59528.89058400001,116801.86913399998,154100.14411199998,60570.32715,90607.803698,96252.735439,86045.79162599998,162638.80262099995,92907.407719,125231.25723999999,121151.815867
children_u5,unhealthy_offers,drive,900s,17409.5704,33392.135319999994,48140.35951300001,16227.173842999997,19084.526501,18628.870387,23106.074112999995,34213.04391,16997.541009,30349.93558,32615.482149999996
women_rep,unhealthy_offers,drive,900s,70266.28552000002,144488.91441300002,181862.28435600005,74701.299017,106851.72328199999,119410.5297,109658.568326,177042.493402,112794.083905,147915.238488,151797.78121500002
elderly,unhealthy_offers,drive,900s,10009.749155999998,17022.478828000003,21274.699325999998,8295.827279000001,18662.041942,20942.416323999994,16137.667835000002,29898.16584,20206.966228999998,24634.337897,19376.831393999997
total,shop_kiosk,drive,300s,20987.324118,36967.628106000004,,631.413847,20669.818713,41318.760098,27109.466556000003,,91333.34525800003,3509.510993,
men,shop_kiosk,drive,300s,10271.249931999999,17423.716575,,296.86579100000006,9783.772126,19330.678678,12638.150827000001,,42826.854851,1684.558597,
women,shop_kiosk,drive,300s,10716.074186000002,19543.911531,,334.548056,10886.046587,21988.08142,14471.315729,,48506.490407,1824.952396,
youth,shop_kiosk,drive,300s,5785.495152,10492.243100999998,,184.438119,5997.371542999999,12016.516085999998,7555.689708000001,,26969.709538999996,1017.6810820000001,
children_u5,shop_kiosk,drive,300s,1692.3475040000003,2993.5190230000003,,49.914168999999994,1363.468854,2345.54526,2026.9662919999998,,4892.5873520000005,227.89333299999998,
women_rep,shop_kiosk,drive,300s,6827.85708,12979.339657,,227.60219899999998,7217.766984,14912.840396000001,9634.029188,,32728.816353000002,1209.4934920000003,
elderly,shop_kiosk,drive,300s,973.4720000000002,1533.172648,,25.504053000000003,1148.392966,2601.9441739999997,1421.209422,,5881.634865999999,208.88974000000002,
total,shop_kiosk,drive,600s,98453.69688900001,134218.521866,,29366.476561,175556.362323,227612.46020499998,86118.437212,54096.163034,296122.868783,66020.05812,5777.009979
men,shop_kiosk,drive,600s,48181.808855,63285.89426799999,,13802.823136000003,83378.27543,106489.413696,40152.511984000004,26361.461721000003,138869.37605700002,31844.151073999998,2696.205053
women,shop_kiosk,drive,600s,50271.888034,70932.627598,,15563.653425000002,92178.086893,121123.046509,45965.925228,27734.701906000002,157253.49273300002,34175.907046,3080.8049260000007
youth,shop_kiosk,drive,600s,27141.467124,38077.47353999999,,8621.245355999998,51175.251102999995,66231.837793,24016.982966,16952.178262,87387.371823,19063.807852,1621.1101589999998
children_u5,shop_kiosk,drive,600s,7938.922140999999,10876.062151999999,,2310.7330779999993,11114.477775,12836.146351,6458.5754799999995,2967.632807,15957.721286,4453.752304,438.18241499999993
women_rep,shop_kiosk,drive,600s,32032.929927,47082.72283200001,,10632.514534,60852.975225999995,82167.271724,30606.889485999996,18163.125548000004,106068.070959,22559.789532000003,2058.005409
elderly,shop_kiosk,drive,600s,4566.1620490000005,5567.299188,,1181.3982300000002,10262.64794,14395.410382999999,4488.2421699999995,3436.1547009999995,19016.796030999998,3857.2298720000003,290.62331500000005
total,shop_kiosk,drive,900s,129612.345792,216271.12396499998,25979.404856,107497.67768400004,286971.70344599994,330772.40487499995,178030.158614,217104.55122899998,314904.803056,225811.61525399997,37351.615919
men,shop_kiosk,drive,900s,63417.082292,101940.243588,12413.278887999999,50524.346847,136525.930715,154751.531116,83014.09576899999,106036.321564,147670.976983,109041.06136800001,17476.071183
women,shop_kiosk,drive,900s,66195.26350000002,114330.88037700001,13566.125968,56973.33083700001,150445.772731,176020.873759,95016.06284500001,111068.23221300001,167233.82608,116770.55390900001,19875.544736000003
youth,shop_kiosk,drive,900s,35742.95554799999,61373.13340199999,7593.838897,31564.468628999995,83904.61730499998,96252.735439,49701.978041999995,68312.799363,92907.407719,65185.02015799999,10654.996659
children_u5,shop_kiosk,drive,900s,10450.238772,17527.663666,1612.4903349999997,8457.262999,17637.440447,18628.870387,13265.967920999998,11917.165616,16997.541009,15345.625689,2870.527475
women_rep,shop_kiosk,drive,900s,42195.404924,75917.36536200001,8884.557879,38928.439069000015,99125.38764399999,119410.5297,63274.99714199999,72625.957676,112794.083905,77005.510062,13385.224909
elderly,shop_kiosk,drive,900s,6007.082436000001,8958.694990000002,1570.0664630000003,4323.660067,17321.63521,20942.416323999994,9335.631642999999,13771.088877,20206.966228999998,13141.414370999999,1744.853875
total,shop_alcohol,drive,300s,1350.471285,28693.920380000003,12703.125324,57872.526073999994,1278.385444,17304.608842,27159.003134000002,23670.402662,73348.34353900001,20666.571468000002,20722.423614
men,shop_alcohol,drive,300s,660.9240900000001,13551.119880999999,6158.422387,27199.625472000003,618.5003509999999,8098.557924000001,12663.435468,11520.765074,34385.249277999996,9984.160905,9711.912823
women,shop_alcohol,drive,300s,689.547195,15142.800498999999,6544.702958,30672.900601999998,659.885093,9206.050917999999,14495.567665999999,12149.63774,38963.094261,10682.410562999998,11010.510791
youth,shop_alcohol,drive,300s,372.27923999999996,8131.125543,3609.423335,16995.178997999996,357.898181,5038.114866,7573.31943,7059.257726,21636.858432,5849.8055939999995,5976.265734
children_u5,shop_alcohol,drive,300s,108.89748,2325.3553770000003,1114.433559,4552.604347999998,116.538,1005.318686,2049.669446,1728.044374,3958.608481,1709.875878,1606.5522299999996
women_rep,shop_alcohol,drive,300s,439.3521,10035.348779,4196.417659,20960.319108000003,422.40471399999996,6248.336874,9653.33473,7856.568698,26281.752302,6919.106482,7455.6092340000005
elderly,shop_alcohol,drive,300s,62.64,1195.278757,490.775424,2327.3384760000004,46.274,1064.4846039999998,1403.2917459999999,1176.67987,4705.570785999999,910.08653,917.8338799999999
total,shop_alcohol,drive,600s,9777.25179,113536.583909,40722.582088,127115.659302,12676.803743,109665.45764800001,111436.508807,199962.255964,249685.89530700003,128977.42400700001,116532.809162
men,shop_alcohol,drive,600s,4774.929,53528.56534,19618.703456,59743.64093100001,6108.843371,51308.72567299999,51971.860414999996,97405.66639299999,117080.907637,62335.291891,54575.35791900001
women,shop_alcohol,drive,600s,5002.322790000001,60008.01856900001,21103.878653000003,67372.018371,6567.960404,58356.731974999995,59464.648392,102556.591062,132604.98767,66642.132116,61957.45124300001
youth,shop_alcohol,drive,600s,2703.867597,32216.198891999997,11669.249605999998,37326.77546399999,3727.288925,31910.386434000004,31165.728998999995,60256.459554,73632.40259900001,36943.736150000004,33449.468514
children_u5,shop_alcohol,drive,600s,787.5749720000001,9202.612554,3161.4484709999997,10000.365638999996,859.7890509999999,6215.668220999999,8247.41139,13933.397977999999,13510.564108000002,9469.093453,9000.370562
women_rep,shop_alcohol,drive,600s,3199.263272,39839.24525000001,13642.370664999999,46035.84336900002,4272.134801,39589.987811000006,39620.34204899999,66451.283638,89432.67832700002,43657.28204400001,41854.69461400001
elderly,shop_alcohol,drive,600s,450.36669200000006,4704.292762000001,1930.278848,5112.255483,698.3793790000001,6906.241397,5868.903761999999,10444.55564,16004.025737,6863.809654,5283.680811999999
total,shop_alcohol,drive,900s,19571.014738,224819.44541500002,116810.829893,166264.555599,121116.51849300001,230825.54179899997,169935.56814600003,507805.87360099994,314904.803056,328988.11842099996,258915.27741799998
men,shop_alcohol,drive,900s,9562.825371,105962.258651,56215.080008,78143.90385499998,57828.492645,107992.74938699999,79240.92920299999,247609.67099199997,147670.976983,158941.97586400004,121300.499321
women,shop_alcohol,drive,900s,10008.189367,118857.186764,60595.749906000005,88120.65174400002,63288.025886,122832.792412,90694.638943,260196.20724000005,167233.82608,170046.142577,137614.77809700003
youth,shop_alcohol,drive,900s,5408.050959,63801.69013199999,33453.664706999996,48822.818483999996,35684.434118,67169.109757,47449.17408599999,155663.048349,92907.407719,94675.726794,74492.896002
children_u5,shop_alcohol,drive,900s,1576.900007,18221.900745,8961.302747,13080.141080999996,6989.747169,13019.576238,12656.020092999997,32433.666232999996,16997.541009,23080.659554,20034.767713999998
women_rep,shop_alcohol,drive,900s,6394.915021000001,78927.91308700001,39206.13793699999,60213.599507000006,41561.823434,83329.44518899999,60399.869785999996,169201.23430699998,112794.083905,111834.10624000001,93073.009702
elderly,shop_alcohol,drive,900s,903.026323,9309.711818000002,5636.806956,6686.822109,7755.56908,14595.554391999998,8914.001315,28759.717697,20206.966228999998,18493.155206,11604.836864000003
total,shop_convenience,drive,300s,15465.397086,17260.971008,138.832969,53376.74021499999,123191.258717,37193.145072,57976.651002,89208.566468,67981.14979800001,71071.504227,44507.488371
men,shop_convenience,drive,300s,7568.804764000001,8130.719744,66.772137,25086.609185,58516.005064000004,17400.441524,27030.535774000004,43556.337552000005,31878.016340000002,34370.644757,20838.307942
women,shop_convenience,drive,300s,7896.592322000001,9130.251263999999,72.060832,28290.13103,64675.253653,19792.703547999998,30946.115228000002,45652.229901,36103.133462,36700.859469999996,23669.180429000004
youth,shop_convenience,drive,300s,4263.286704,4900.076544,38.925276999999994,15675.225051,35867.745613,10818.510024,16162.045961999998,27876.208032,20074.576184,20378.530249000003,12752.641575000001
children_u5,shop_convenience,drive,300s,1247.077808,1399.5069439999997,12.492127,4198.863450999999,7906.107384000001,2107.8325539999996,4358.996372,5113.911674999999,3650.93567,5166.038553,3432.6158789999995
women_rep,shop_convenience,drive,300s,5031.395160000001,6066.059264,46.516497,19332.366101,42677.243576,13425.227962,20604.932959999995,29801.073703,24353.325635999998,24059.055239,15975.245024999998
elderly,shop_convenience,drive,300s,717.344,713.28768,5.050695,2146.506351,7109.285908000001,2344.6981769999998,3014.240055,5495.51917,4371.310904000001,3839.5894590000003,2035.582829
total,shop_convenience,drive,600s,56429.69273100001,125604.547081,10648.111116000002,105692.92974,268427.91431599995,227821.71288399998,107789.495769,344230.95653499995,279757.70996300003,235397.903779,189569.68103899996
men,shop_convenience,drive,600s,27616.835494,59191.029645999995,5101.4021299999995,49674.76866,127677.45235700002,106587.01284000001,50271.010263,168029.565971,131184.84655800002,113768.18058599999,88747.21081300001
women,shop_convenience,drive,600s,28812.857237000004,66413.517435,5546.708986000001,56018.161080000005,140750.46196000002,121234.700044,57518.48550600001,176201.39423399998,148572.86341199998,121629.72320600001,100822.47022600003
youth,shop_convenience,drive,600s,15555.756983999998,35648.089802999995,3004.7359359999996,31038.996635999996,78437.11855,66293.675062,30149.730654,107147.030202,82556.606457,67705.13016799999,54281.591187000005
children_u5,shop_convenience,drive,600s,4550.301368,10205.87792,911.87105,8314.299035999999,16600.405143,12845.806708999997,7972.746071,20209.313302,15074.064405,16623.818874,14612.819603
women_rep,shop_convenience,drive,600s,18358.40886,44099.570788000005,3602.457718,38280.614435999996,92757.50964199999,82243.99286599999,38325.285824,114939.97022799999,100216.46919300003,79938.168546,68026.84383700001
elderly,shop_convenience,drive,600s,2617.424,5178.5967550000005,422.745962,4250.3634360000015,16101.912919,14410.423685999998,5679.161385999999,20841.214807,17965.581022,13139.983708999998,8697.494703
total,shop_convenience,drive,900s,121232.039622,207376.608958,116831.30333000001,153000.77064799998,308060.11692199996,330772.40487499995,191342.11545,478424.29428699997,314904.803056,360897.930211,275373.13702100003
men,shop_convenience,drive,900s,59331.537934000015,97708.474085,56091.605801000005,71909.38523900001,146648.084618,154751.531116,89219.255951,233428.62440600002,147670.976983,174377.691247,128945.882882
women,shop_convenience,drive,900s,61900.50168800001,109668.13487300002,60739.697546,81091.38540900001,161412.03234200002,176020.873759,102122.859499,244995.674636,167233.82608,186520.23898800003,146427.25413900003
youth,shop_convenience,drive,900s,33418.98046199999,58868.146248000005,33376.302674,44928.823854,90133.639067,96252.735439,53406.82625399999,147839.30807899995,92907.407719,103888.286194,78968.97255299999
children_u5,shop_convenience,drive,900s,9776.360102,16831.432120999998,9130.680272,12036.527879,18941.545255999998,18628.870387,14269.057476999997,29288.917362999997,16997.541009,25256.58475,21252.419177
women_rep,shop_convenience,drive,900s,39439.755058,72844.20381500002,39410.48496,55411.45904900001,106293.41232299998,119410.5297,68003.28715399999,159564.658337,112794.083905,122688.455652,98871.19390299999
elderly,shop_convenience,drive,900s,5623.317360000001,8559.838693000002,5448.841877,6153.1687950000005,18592.878577,20942.416323999994,10029.023699,28054.162071000002,20206.966228999998,20351.372154,12542.715827000002
total,shop_confectionery,drive,300s,,10585.829876,,11368.586055,39034.911838,26224.323340999996,,2434.3145990000003,,9663.03157,8562.00679
men,shop_confectionery,drive,300s,,4986.417968,,5343.137745000001,18440.908498,12268.591064,,1178.116689,,4676.352654,4024.0696100000005
women,shop_confectionery,drive,300s,,5599.411908,,6025.44831,20594.003340000003,13955.732277000001,,1256.19791,,4986.678916,4537.93718
youth,shop_confectionery,drive,300s,,3005.125068,,3338.629227,11223.29937,7631.2653869999995,,685.618703,,2724.300187,2514.417006
children_u5,shop_confectionery,drive,300s,,858.291368,,894.3060269999999,2807.7749779999995,1470.9865340000001,,210.274411,,827.332625,673.5274059999999
women_rep,shop_confectionery,drive,300s,,3720.200408,,4117.555077,13668.116445999998,9467.355626,,809.638853,,3217.050103,3101.048306
elderly,shop_confectionery,drive,300s,,437.44596,,457.17932700000006,1952.6827480000002,1666.0129619999998,,99.698003,,402.771136,344.31480600000003
total,shop_confectionery,drive,600s,,91116.317899,4574.257456,49432.00899,140500.214852,122771.484788,,44972.096436,,52428.801587999995,26319.764075
men,shop_confectionery,drive,600s,,42945.47046999999,2193.657293,23232.61941,66676.875335,57438.09066999999,,21823.22862,,25359.156927,12370.062924999998
women,shop_confectionery,drive,600s,,48170.847429,2380.600163,26199.389579999995,73823.33951700001,65333.394118,,23148.867944,,27069.644661999995,13949.701149999999
youth,shop_confectionery,drive,600s,,25857.507177,1286.2845320000001,14516.770086,40770.728084999995,35727.047412,,12946.301498,,14981.098246,7729.363455
children_u5,shop_confectionery,drive,600s,,7409.597444,402.33633499999996,3888.552485999999,9317.191664,6902.2000339999995,,3754.142718,,3955.7003999999997,2070.435455
women_rep,shop_confectionery,drive,600s,,31979.300032000003,1543.3591890000002,17903.635386,48752.50205,44321.727106,,14885.03557,,17684.494994,9532.678705000002
elderly,shop_confectionery,drive,600s,,3753.4145350000003,172.76062300000004,1987.8718860000001,7822.508394000001,7783.871240999999,,1886.47316,,2693.624986,1058.429955
total,shop_confectionery,drive,900s,,199460.46502399998,90762.485048,92512.48245600001,276599.880525,294246.922928,21350.770653,221970.486404,,145174.389666,55329.70550999999
men,shop_confectionery,drive,900s,,93980.09355300001,43495.79490600001,43480.125063,131604.95405,137663.89625200004,9957.406300999999,108073.47296399999,,70218.99663000001,26004.486090000002
women,shop_confectionery,drive,900s,,105480.37147099999,47266.690146,49032.357393,144994.926476,156583.026676,11393.364352,113897.01500400002,,74955.39306,29325.219419999998
youth,shop_confectionery,drive,900s,,56616.33847799998,25980.881448,27167.78043,80845.719593,85624.40116,5965.293897,66658.04171099998,,41667.949896000006,16248.755213999999
children_u5,shop_confectionery,drive,900s,,16190.721201,6932.336025999998,7277.585655,17070.734301999997,16579.54441,1602.9440009999998,15655.684307,,10557.057396,4352.492814
women_rep,shop_confectionery,drive,900s,,70057.20913500001,30748.171438000005,33506.28274500001,95512.642241,106224.41888099999,7594.179375,73769.581975,,49118.11566,20039.704914
elderly,shop_confectionery,drive,900s,,8233.230685000002,4358.074926,3720.3775470000005,16637.699877,18622.115481999994,1104.728389,11461.013335999998,,7823.530974,2225.0434139999998
total,shop_health_food,drive,300s,,,,,,,12819.012887000003,,35451.343782,,
men,shop_health_food,drive,300s,,,,,,,5992.827164000001,,16616.014539,,
women,shop_health_food,drive,300s,,,,,,,6826.185723000001,,18835.329243,,
youth,shop_health_food,drive,300s,,,,,,,3677.0574119999997,,10436.664665999999,,
children_u5,shop_health_food,drive,300s,,,,,,,825.683861,,1940.2902780000002,,
women_rep,shop_health_food,drive,300s,,,,,,,4573.686202,,12698.778726,,
elderly,shop_health_food,drive,300s,,,,,,,746.862746,,2259.1108679999998,,
total,shop_health_food,drive,600s,,,,,,3974.3010050000003,63996.660348000005,,112473.58817500001,4640.837042,
men,shop_health_food,drive,600s,,,,,,1858.7784649999999,29850.586272,,52718.376695000006,2231.5711060000003,
women,shop_health_food,drive,600s,,,,,,2115.52254,34146.074076000004,,59755.21147999999,2409.265936,
youth,shop_health_food,drive,600s,,,,,,1152.6419369999999,17931.163464,,33124.737158,1331.766016,
children_u5,shop_health_food,drive,600s,,,,,,228.780331,4665.887838999999,,6138.900208999999,321.623097,
women_rep,shop_health_food,drive,600s,,,,,,1433.0149529999999,22755.738464,,40290.848348,1590.179836,
elderly,shop_health_food,drive,600s,,,,,,249.025542,3422.2784110000002,,7176.833594,265.595791,
total,shop_health_food,drive,900s,,,,6298.636415,1469.91321,31836.490741,109887.984583,,206049.57800000004,46836.250619,
men,shop_health_food,drive,900s,,,,2960.3049849999998,688.33697,14893.607127000001,51245.251087,,96589.30463999999,22591.567572,
women,shop_health_food,drive,900s,,,,3338.3314299999997,781.57624,16942.883614,58642.73349600001,,109460.27336,24244.683047000002,
youth,shop_health_food,drive,900s,,,,1849.7297310000001,430.6036,9256.645760999998,30715.686182999998,,60753.349871,13499.629436,
children_u5,shop_health_food,drive,900s,,,,495.480131,80.70775,1805.889593,8126.613758,,11149.299608,3192.971271,
women_rep,shop_health_food,drive,900s,,,,2281.284781,528.97358,11489.976423,39061.633633,,73834.352661,15995.082346000001,
elderly,shop_health_food,drive,900s,,,,253.29503100000002,94.00037999999999,2007.5509449999997,5802.986929999999,,13204.144888,2718.164424,
total,shop_spices,drive,300s,,,,,,736.03332,18091.717116,,210.99643400000002,,
men,shop_spices,drive,300s,,,,,,344.20866,8433.729701999999,,98.352683,,
women,shop_spices,drive,300s,,,,,,391.82466,9657.987414000001,,112.64375100000001,,
youth,shop_spices,drive,300s,,,,,,213.21472799999998,5039.287115999999,,58.722378,,
children_u5,shop_spices,drive,300s,,,,,,42.753063999999995,1356.9021079999998,,15.899113999999999,,
women_rep,shop_spices,drive,300s,,,,,,265.27583200000004,6427.940468,,74.944078,,
elderly,shop_spices,drive,300s,,,,,,45.891248,946.1362,,10.990364,,
total,shop_spices,drive,600s,,,,10773.642985,,22376.693364,56711.415228,,38570.19575500001,,
men,shop_spices,drive,600s,,,,5063.519615000001,,10467.886167999999,26447.501941,,18076.830625000002,,
women,shop_spices,drive,600s,,,,5710.12337,,11908.807196,30263.913287000003,,20493.36513,,
youth,shop_spices,drive,600s,,,,3163.911429,,6503.633507999999,15854.013383000001,,11348.815056,,
children_u5,shop_spices,drive,600s,,,,847.5050289999999,,1273.957684,4202.587074,,2118.460653,,
women_rep,shop_spices,drive,600s,,,,3902.0743790000006,,8074.720588,20163.470123,,13815.117994000002,,
elderly,shop_spices,drive,600s,,,,433.25412900000003,,1407.9501639999999,2984.680769,,2453.688626,,
total,shop_spices,drive,900s,,,,41206.27437000001,1258.243294,59210.33244299999,87144.95646100001,,127726.796932,,
men,shop_spices,drive,900s,,,,19366.594830000002,590.4253080000001,27702.978886,40646.085727,,59868.811034000006,,
women,shop_spices,drive,900s,,,,21839.67954,667.817986,31507.353556999995,46498.870734000004,,67857.985898,,
youth,shop_spices,drive,900s,,,,12101.106617999998,369.43768600000004,17226.047851,24397.000289999996,,37627.894004,,
children_u5,shop_spices,drive,900s,,,,3241.4778179999994,68.895778,3366.1891410000003,6415.585754999999,,6950.513572,,
women_rep,shop_spices,drive,900s,,,,14924.380518000002,450.45686799999993,21372.586746,30989.269659999994,,45764.938828,,
elderly,shop_spices,drive,900s,,,,1657.080018,80.74572799999999,3720.8898799999997,4609.35887,,8163.2656560000005,,
total,shop_supermarket,drive,300s,18626.500242,127087.534915,112977.556169,141156.71013,221742.95344100002,274510.05336399993,103401.43100400001,332925.105912,262643.80994800007,141461.934074,167051.06159000003
men,shop_supermarket,drive,300s,9115.856708,59902.98334199999,54252.275198999996,66342.44067000001,105488.247079,128428.57965100001,48224.93408800001,162516.64084600005,123165.468297,68311.70583499999,78226.61386499999
women,shop_supermarket,drive,300s,9510.643534,67184.551573,58725.280991,74814.26946000001,116254.70636300002,146081.473713,55176.496916000004,170408.468493,139478.341654,73150.228262,88824.447725
youth,shop_supermarket,drive,300s,5134.695887999999,36061.182045,32424.929683999995,41453.696682,64824.034163000004,79884.327112,28925.906324999996,103170.70853999998,77491.85471500001,40739.446637,47919.270462
children_u5,shop_supermarket,drive,300s,1501.9785760000002,10303.038607999999,8500.431879,11104.045482,13635.6735,15445.257574,7641.537421999999,20153.243667000002,14168.352462,9943.956567,12895.465501999997
women_rep,shop_supermarket,drive,300s,6059.804520000001,44608.123072,38119.440583,51125.13778199999,76609.343684,99102.115257,36765.507545,111010.941511,94076.560621,48094.236133,59985.087562
elderly,shop_supermarket,drive,300s,863.9680000000001,5262.375808,5564.792728,5676.513282000002,13376.75335,17393.098948999996,5452.592637,19683.880493999997,16858.842598,7894.778984000001,7598.106052
total,shop_supermarket,drive,600s,98590.96840500002,317347.03007499996,272107.361286,182042.708192,309738.5818909999,330772.40487499995,188771.79525400006,503327.8969999999,314904.803056,333577.983267,345714.506698
men,shop_supermarket,drive,600s,48236.06936000001,149571.719561,131072.556232,85559.85276600001,147458.252699,154751.531116,88021.14144899999,245485.387573,147670.976983,161178.758468,161826.278704
women,shop_supermarket,drive,600s,50354.899045,167775.310514,141034.80507500004,96482.85542600001,162280.32923,176020.873759,100750.65380500001,257842.514182,167233.82608,172399.224823,183888.22799400007
youth,shop_supermarket,drive,600s,27190.995950999997,90057.43069799998,77165.427806,53456.381343,90607.803698,96252.735439,52691.48092199999,154791.090007,92907.407719,96019.005775,98910.82924699997
children_u5,shop_supermarket,drive,600s,7948.756446000001,25750.062199,22552.153821,14321.282237999994,19084.526501,18628.870387,14075.377360999997,31607.690864999993,16997.541009,23379.607156000002,26631.813535999994
women_rep,shop_supermarket,drive,600s,32101.825106000004,111400.635169,90999.40023099999,65927.867878,106851.72328199999,119410.5297,67090.33202199999,167774.916491,112794.083905,113382.90080500001,124021.825215
elderly,shop_supermarket,drive,600s,4568.4487260000005,13121.390499000001,11680.592885999999,7321.414942,18662.041942,20942.416323999994,9895.141082999999,28914.097438,20206.966228999998,18770.709874,15924.272040000002
total,shop_supermarket,drive,900s,165764.96226600002,382301.03695999994,423626.12779199996,198938.83365200003,309738.5818909999,330772.40487499995,262371.187732,531262.1827479999,314904.803056,411628.721294,394506.39853799995
men,shop_supermarket,drive,900s,81110.26496799999,180176.602999,204422.227849,93501.11627700002,147458.252699,154751.531116,122328.34551,259010.235554,147670.976983,198899.66923100004,184655.97252599997
women,shop_supermarket,drive,900s,84654.69729799998,202124.43396100003,219203.899964,105437.717375,162280.32923,176020.873759,140042.84222200004,272251.951949,167233.82608,212729.052087,209850.42601200004
youth,shop_supermarket,drive,900s,45709.008683999986,108492.191217,119477.47820599999,58417.780968,90607.803698,96252.735439,73174.91404799998,162591.83491699997,92907.407719,118507.53397199999,112830.186547
children_u5,shop_supermarket,drive,900s,13365.464644,31017.310282,36615.206126,15650.511436999996,19084.526501,18628.870387,19621.277399,34197.429966,16997.541009,28740.765489,30382.77922399999
women_rep,shop_supermarket,drive,900s,53957.023364,134214.52084700004,140977.78619800002,72046.69509900002,106851.72328199999,119410.5297,93232.189048,176987.02344199998,112794.083905,139956.75093600003,141505.94158699998
elderly,shop_supermarket,drive,900s,7683.978436000002,15807.922958000001,16955.314287,8000.979321,18662.041942,20942.416323999994,13728.779871,29892.313752,20206.966228999998,23285.925297,18202.349644
total,amenity_cafe,drive,300s,47569.11668500001,204843.124087,211925.81563399997,134140.86863199997,225899.12342699998,322970.13438599993,149038.92264300003,395326.834964,242690.79121199998,309790.696516,158525.183636
men,amenity_cafe,drive,300s,23271.660065000004,96534.741238,102251.14265,63045.443818,107445.643305,151100.11422800002,69499.736452,193003.81433800003,113791.740729,149670.84257500002,74227.366837
women,amenity_cafe,drive,300s,24297.45662,108308.382849,109674.673005,71095.42481400001,118453.48012300002,171870.020158,79539.186191,202323.02488399998,128899.05049000001,160119.853965,84297.81679900001
youth,amenity_cafe,drive,300s,13121.346495,58131.860303999994,59851.106829000004,39392.984057999995,66035.446336,93981.60111999999,41631.247107,123147.78464299999,71607.420187,89250.96965399999,45446.69734800001
children_u5,amenity_cafe,drive,300s,3834.9215350000004,16606.40254,18169.407607999998,10552.186105999997,13898.953859999998,18178.722741,11080.933882,23152.728146999998,13087.848666000002,21471.393258,12231.514532
women_rep,amenity_cafe,drive,300s,15492.459304999998,71926.06100400002,70567.99146199999,48583.35323,78076.04086700002,116594.01536199999,52976.569757,131978.242687,86946.41415699999,105413.050526,56911.34894799999
elderly,amenity_cafe,drive,300s,2203.643955,8477.981955000001,8603.591601000002,5394.499810000001,13614.2919,20459.367133999996,7827.227904,23969.952584,15577.623938,17672.44555,7231.1021820000005
total,amenity_cafe,drive,600s,163744.25708399998,357624.6463839999,466643.05507099995,172045.077907,304016.36972499994,330772.40487499995,260472.21982600004,510443.88740799995,314904.803056,421201.81992,318239.523403
men,amenity_cafe,drive,600s,80121.3267,168554.081311,225250.942217,80861.052451,144727.20014200002,154751.531116,121443.17136299999,248930.274301,147670.976983,203514.07984300004,149089.90468599997
women,amenity_cafe,drive,600s,83622.93038400002,189070.56507300003,241392.11287500002,91184.02545599999,159289.169621,176020.873759,139029.048463,261513.617862,167233.82608,217687.740101,169149.61871700003
youth,amenity_cafe,drive,600s,45151.968636000005,101487.15946799998,131490.33305100002,50520.362693999996,88921.717979,96252.735439,72646.41264599998,156780.78472799997,92907.407719,121261.769078,91546.409631
children_u5,amenity_cafe,drive,600s,13202.521747999997,29015.507291,40609.684916000006,13534.821989,18760.846619000004,18628.870387,19478.185373,32261.421951999997,16997.541009,29395.414378999998,24622.074942999996
women_rep,amenity_cafe,drive,600s,53299.622444,125541.64473700001,155161.111616,62306.85527900001,104887.715394,119410.5297,92557.692346,170124.751972,112794.083905,143229.616014,114391.746281
elderly,amenity_cafe,drive,600s,7590.250436,14788.494559000002,18450.377781,6919.367593000001,18288.944827999996,20942.416323999994,13629.866595000001,29168.253324,20206.966228999998,23842.921303,14275.210693000003
total,amenity_cafe,drive,900s,209489.685813,404834.0437059999,545641.561749,195430.912903,309738.5818909999,330772.40487499995,303611.39983199997,529505.171674,314904.803056,427976.38047100004,360226.2545470001
men,amenity_cafe,drive,900s,102509.79345800001,190802.99950899996,263498.97622599994,91852.61785100002,147458.252699,154751.531116,141551.82446,258158.54024200002,147670.976983,206789.88512600004,168774.24682899995
women,amenity_cafe,drive,900s,106979.892355,214031.044197,282142.5855440001,103578.29505199999,162280.32923,176020.873759,162059.57537200002,271346.636187,167233.82608,221186.495369,191452.007718
youth,amenity_cafe,drive,900s,57761.25359999999,114883.39663199997,153539.298977,57387.424655999996,90607.803698,96252.735439,84652.46974799997,162103.39678499996,92907.407719,123211.20317399998,103677.709144
children_u5,amenity_cafe,drive,900s,16892.509032,32843.97338,47952.76557100001,15374.581748999997,19084.526501,18628.870387,22728.831499,34031.303824,16997.541009,29868.459978000003,27883.345916999995
women_rep,amenity_cafe,drive,900s,68180.17666,142115.84980900004,181200.34640500005,70775.80282300002,106851.72328199999,119410.5297,107880.34974800001,176410.807672,112794.083905,145530.85067200003,129506.64633399999
elderly,amenity_cafe,drive,900s,9712.325156,16742.462247999996,21204.398712,7859.972585000002,18662.041942,20942.416323999994,15876.896471000002,29831.442318,20206.966228999998,24227.86998,16116.849437000003
total,shop_seafood,drive,300s,3807.483547,,,116.40190499999999,56514.219123999996,,,56150.21577400001,,,
men,shop_seafood,drive,300s,1856.864728,,,54.70789499999999,26972.663397999997,,,27392.421436,,,
women,shop_seafood,drive,300s,1950.6188190000003,,,61.69400999999999,29541.555726000002,,,28757.794956,,,
youth,shop_seafood,drive,300s,1055.649066,,,34.183917,16652.269266000003,,,17597.574888,,,
children_u5,shop_seafood,drive,300s,306.3595940000001,,,9.156716999999999,3196.7559480000004,,,3090.3228599999998,,,
women_rep,shop_seafood,drive,300s,1251.0910580000002,,,42.15926699999999,19397.108831999998,,,18801.067392,,,
elderly,shop_seafood,drive,300s,174.53093800000002,,,4.681017000000001,3684.8147960000006,,,3568.665518,,,
total,shop_seafood,drive,600s,22944.569463000003,19172.151011,3067.577656,8430.954615,200093.872265,1153.787852,,231501.45731899998,12398.957376000002,,
men,shop_seafood,drive,600s,11214.528852,9079.226730999999,1464.069412,3963.4471100000005,95524.028048,539.777084,,113120.992635,5813.4126719999995,,
women,shop_seafood,drive,600s,11730.040611,10092.92428,1603.508244,4467.5075050000005,104569.84425500002,614.010768,,118380.46743,6585.544704,,
youth,shop_seafood,drive,600s,6337.843263,5421.390899999999,903.881004,2475.0301440000003,58977.18263600001,335.756988,,72890.44303499999,3662.9218559999995,,
children_u5,shop_seafood,drive,600s,1848.88427,1553.205837,173.519112,663.316864,11400.677349,64.700244,,12712.294221,662.271168,,
women_rep,shop_seafood,drive,600s,7491.598585999998,6669.460462999999,1052.8702079999998,3051.7395240000005,68668.485911,416.54102,,77373.36996099999,4443.730176,,
elderly,shop_seafood,drive,600s,1059.680726,805.534369,200.010824,339.35322400000007,12959.612950000002,73.315816,,14682.504432999998,799.3332479999999,,
total,shop_seafood,drive,900s,36029.687487,69229.18809699999,57384.567235999995,23681.025073,261188.02608899996,69392.04761,,382165.449743,126209.48547700002,16204.428202,
men,shop_seafood,drive,900s,17617.490722000002,32674.072242000002,27437.503771,11131.23898,124545.81519899998,32464.336164999997,,186731.638956,59183.831896,7827.312221,
women,shop_seafood,drive,900s,18412.196765,36555.115855000004,29947.063481999998,12549.786093,136642.210928,36927.711445,,195433.81530400002,67025.653588,8377.116004,
youth,shop_seafood,drive,900s,9945.383028,19629.128051999996,16859.096637000002,6951.545241000001,76835.67263600002,20193.870646,,120246.02683899998,37285.228972,4731.094732,
children_u5,shop_seafood,drive,900s,2904.0467320000002,5610.248776,3428.4728130000003,1863.4260099999997,15126.881801,3891.1115979999995,,21113.301542999998,6748.909890000001,1066.749545,
women_rep,shop_seafood,drive,900s,11749.931624000003,24243.281028,19617.369321000002,8572.755262,89857.030114,25050.729597,,127728.98449699998,45225.643606,5524.583636,
elderly,shop_seafood,drive,900s,1666.3624360000001,2878.00128,3583.484418,952.8910260000001,16661.006649,4409.576937999999,,24127.689147,8133.454985,957.3714110000001,
total,amenity_fast_food,walk,300s,920.3211720000002,5680.612529,4189.555798,20396.200465,5536.086087000001,20731.404889999998,2857.26426,6667.612126,14530.028175000003,,3645.6299930000005
men,amenity_fast_food,walk,300s,450.407528,2675.832572,2022.9943439999997,9586.038935,2628.188169,9698.76447,1332.8867,3261.0130640000007,6812.592975,,1710.6773460000004
women,amenity_fast_food,walk,300s,469.9136440000001,3004.779957,2166.561454,10810.161530000001,2907.897918000001,11032.64042,1524.37756,3406.599144,7717.4352,,1934.952647
youth,amenity_fast_food,walk,300s,253.701408,1612.6228469999999,1180.996318,5989.781901,1607.481663,6030.868218,799.5027,2104.314012,4292.48655,,1059.715077
children_u5,amenity_fast_food,walk,300s,74.21161600000002,460.579922,362.862136,1604.4603009999996,366.849239,1169.453168,215.32168599999997,365.76673999999997,776.099025,,284.431589
women_rep,amenity_fast_food,walk,300s,299.41031999999996,1996.3495820000003,1391.952,7387.240451,1918.841869,7483.509148,1016.834494,2225.983808,5207.496300000001,,1315.4350270000002
elderly,amenity_fast_food,walk,300s,42.688,234.74408999999997,167.517288,820.2182010000001,308.568794,1311.831373,146.38318499999997,422.47638199999994,936.7186499999999,,155.033239
total,amenity_fast_food,walk,600s,7992.789309000001,26582.569609,27564.578962999996,77640.07063500001,32750.632705999997,131443.23996699997,17791.080373000004,41143.394688,98837.66047000002,4176.426859,19461.334101
men,amenity_fast_food,walk,600s,3911.6914659999998,12521.626011999999,13253.782521000001,36490.165965,15518.522857999998,61495.236046000005,8299.828801,20091.789698,46344.612752,1977.7114609999999,9132.306816999999
women,amenity_fast_food,walk,600s,4081.097843000001,14060.943597,14310.796442,41149.90467,17232.109848000004,69948.003921,9491.251572000001,21051.605476999997,52493.04772,2198.715398,10329.027284
youth,amenity_fast_food,walk,600s,2203.341576,7546.309286999999,7891.960079,22800.672638999997,9474.403908,38248.842788999995,4982.901393,12953.742083,29202.077835999993,1224.2549660000002,5658.074433
children_u5,amenity_fast_food,walk,600s,644.511752,2155.295362,2100.589887,6107.530238999999,2239.4256279999995,7406.723284,1331.0602929999998,2254.969063,5279.495852,243.29650400000003,1518.594177
women_rep,amenity_fast_food,walk,600s,2600.31354,9341.968222000001,9267.464376999998,28120.231089,11397.003856000001,47452.749444,6333.602435000001,13772.741476000001,35418.978272,1472.6627960000003,7022.610783000001
elderly,amenity_fast_food,walk,600s,370.73600000000005,1098.4908900000003,1342.0095910000002,3122.2383390000005,1755.3926960000001,8318.639198,918.151075,2608.697361,6371.664734,260.564645,826.807577
total,amenity_fast_food,walk,900s,21367.456776,64767.979322,59328.507102,117048.58225,90109.243955,253359.97251499994,40267.050229,95909.84617699998,208362.93296200002,22433.909437999995,45457.384681
men,amenity_fast_food,walk,900s,10457.287824000003,30508.331519,28503.303515999996,55011.82775,42714.080176999996,118534.780471,18779.783037999998,46829.57533200001,97707.542326,10762.962683000002,21317.304151999997
women,amenity_fast_food,walk,900s,10910.168952000002,34259.647803,30825.203586000003,62036.754499999995,47395.16377800001,134825.192044,21487.267191000003,49080.271972999995,110655.39064299999,11670.946764,24140.080529
youth,amenity_fast_food,walk,900s,5890.284863999999,18387.334848,17038.696584,34373.82765,26123.419154999996,73725.27654099998,11251.151361,30184.238153,61561.886854000004,6529.920132000001,13161.249092999999
children_u5,amenity_fast_food,walk,900s,1723.000128,5248.2496790000005,4397.67053,9207.587649999998,6032.125808000001,14279.619174,3025.663017,5257.717175,11136.251656,1437.0569349999998,3535.293157
women_rep,amenity_fast_food,walk,900s,6951.52656,22762.732205000004,19992.609938,42393.48515,31342.364165000003,91463.549097,14322.778591,32110.722668000002,74659.259782,7738.307404000001,16378.329442999999
elderly,amenity_fast_food,walk,900s,991.1040000000002,2679.2012160000004,2992.0134260000004,4707.022650000002,4949.12946,16031.561961,2080.607447,6082.278316,13429.25927,1343.395925,1973.5703070000002
total,amenity_ice_cream,walk,300s,,,,4552.607840000001,159.201628,6510.660022,,,2970.5835380000008,,1668.789978
men,amenity_ice_cream,walk,300s,,,,2139.68656,74.858845,3045.8849739999996,,,1392.796786,,777.8803109999999
women,amenity_ice_cream,walk,300s,,,,2412.92128,84.342783,3464.7750479999995,,,1577.786752,,890.9096670000001
youth,amenity_ice_cream,walk,300s,,,,1336.970976,45.487938,1894.628718,,,877.575028,,464.440626
children_u5,amenity_ice_cream,walk,300s,,,,358.129376,11.877665,365.094234,,,158.669134,,125.74753799999999
women_rep,amenity_ice_cream,walk,300s,,,,1648.8957760000003,56.343666999999996,2350.4814699999997,,,1064.6436879999999,,592.7395260000001
elderly,amenity_ice_cream,walk,300s,,,,183.07977600000004,7.494412,413.7106759999999,,,191.50692399999997,,86.923788
total,amenity_ice_cream,walk,600s,,1061.954271,,21469.6847,5508.273104,35474.51617,3981.2486010000002,,22705.206941000004,,12114.584780000001
men,amenity_ice_cream,walk,600s,,500.229828,,10090.5673,2596.9734289999997,16596.387318,1865.814262,,10645.527347,,5648.62029
women,amenity_ice_cream,walk,600s,,561.7244430000001,,11379.117400000001,2911.299675,18878.128851999998,2115.434339,,12059.679594,,6465.96449
youth,amenity_ice_cream,walk,600s,,301.469553,,6305.03358,1593.3339899999999,10322.887193999999,1170.4996130000002,,6706.955814,,3377.965596
children_u5,amenity_ice_cream,walk,600s,,86.10247800000002,,1688.9055799999996,361.41600900000003,1992.13681,220.78602099999998,,1213.605227,,914.2353559999999
women_rep,amenity_ice_cream,walk,600s,,373.204818,,7776.042580000001,1943.524859,12806.439966,1425.9637230000003,,8137.3204240000005,,4305.889396
elderly,amenity_ice_cream,walk,600s,,43.88391,,863.3875800000001,306.293476,2251.4728079999995,251.68431099999998,,1463.279342,,626.1092560000001
total,amenity_ice_cream,walk,900s,,5216.126727999999,,39046.372355,16988.063304000003,71769.285345,13111.987060999998,,43438.545146000004,,25320.159675000003
men,amenity_ice_cream,walk,900s,,2456.9056449999994,,18351.459445,8028.8638470000005,33578.411114999995,6131.188366999999,,20362.383467000003,,11815.915304999999
women,amenity_ice_cream,walk,900s,,2759.221083,,20694.91291,8959.199457,38190.87423,6980.798693999999,,23076.161678999997,,13504.24437
youth,amenity_ice_cream,walk,900s,,1481.0572379999999,,11466.805047,4912.722747,20886.439161,3765.747498,,12805.448298,,7099.896591
children_u5,amenity_ice_cream,walk,900s,,421.889465,,3071.5698469999993,1141.886102,4049.810741,849.302363,,2355.131234,,1919.375631
women_rep,amenity_ice_cream,walk,900s,,1833.5094669999999,,14142.091897000002,5953.473583999999,25909.650471,4681.0053880000005,,15563.076477999999,,9017.656641
elderly,amenity_ice_cream,walk,900s,,216.46541200000001,,1570.2211470000002,924.006674,4535.007566,756.5946980000001,,2780.6770039999997,,1277.871531
total,shop_deli,walk,300s,,,,,,,,,4585.031113000001,,
men,shop_deli,walk,300s,,,,,,,,,2149.751561,,
women,shop_deli,walk,300s,,,,,,,,,2435.279552,,
youth,shop_deli,walk,300s,,,,,,,,,1354.5179779999999,,
children_u5,shop_deli,walk,300s,,,,,,,,,244.902359,,
women_rep,shop_deli,walk,300s,,,,,,,,,1643.254388,,
elderly,shop_deli,walk,300s,,,,,,,,,295.586774,,
total,shop_deli,walk,600s,,,,,,,,,21633.597505,,
men,shop_deli,walk,600s,,,,,,,,,10143.193985000002,,
women,shop_deli,walk,600s,,,,,,,,,11490.40352,,
youth,shop_deli,walk,600s,,,,,,,,,6391.035529999998,,
children_u5,shop_deli,walk,600s,,,,,,,,,1155.5252150000001,,
women_rep,shop_deli,walk,600s,,,,,,,,,7753.383379999999,,
elderly,shop_deli,walk,600s,,,,,,,,,1394.6699899999999,,
total,shop_deli,walk,900s,,,,,1567.3049780000001,,,,54235.595640000014,,
men,shop_deli,walk,900s,,,,,744.7727659999999,,,,25428.34214,,
women,shop_deli,walk,900s,,,,,822.5322120000001,,,,28807.2535,,
youth,shop_deli,walk,900s,,,,,462.112848,,,,16019.280678999998,,
children_u5,shop_deli,walk,900s,,,,,87.434094,,,,2898.7760319999998,,
women_rep,shop_deli,walk,900s,,,,,543.816648,,,,19439.630717,,
elderly,shop_deli,walk,900s,,,,,101.906404,,,,3495.8009999999995,,
total,shop_beverages,walk,300s,,1921.631538,496.22535300000004,1189.88614,,326.80995099999996,4083.5390540000003,4997.487961,8653.439002000001,,1168.954058
men,shop_beverages,walk,300s,,905.177784,241.445736,559.23626,,152.826577,1903.8971179999999,2435.542375,4057.277594,,548.880471
women,shop_beverages,walk,300s,,1016.453754,254.77962000000005,630.64988,,173.983374,2179.641936,2561.945626,4596.161408,,620.0735870000001
youth,shop_beverages,walk,300s,,545.5163339999999,147.43865399999999,349.43559600000003,,94.61604299999999,1139.6275259999998,1513.7845690000001,2556.4142119999997,,341.225826
children_u5,shop_beverages,walk,300s,,155.804484,36.802626,93.60199599999999,,19.065808999999998,302.93913799999996,340.417469,462.210086,,91.510658
women_rep,shop_beverages,walk,300s,,675.3230040000001,164.643372,430.96139600000004,,117.761451,1451.87839,1661.346595,3101.353352,,422.44072600000004
elderly,shop_beverages,walk,300s,,79.40898,24.234584999999996,47.850396,,20.327201999999996,215.53533199999998,266.801453,557.8679960000001,,48.602908000000006
total,shop_beverages,walk,600s,,10349.840038,4735.019091,11523.788595000002,79.92849799999999,2117.155379,16881.728779,22902.031274,45329.850368,,4711.553338000001
men,shop_beverages,walk,600s,,4875.255784,2300.822052,5416.081605,38.475251,989.884133,7878.805773,11171.727033000001,21252.443996,,2211.282236
women,shop_beverages,walk,600s,,5474.584254,2434.1970600000004,6107.706990000001,41.453247,1127.2712459999998,9002.923006,11730.30445,24077.406371999998,,2500.271102
youth,shop_beverages,walk,600s,,2938.131834,1384.328358,3384.2077830000003,22.39812,611.7179669999999,4759.475203000001,7013.175096999999,13384.859688,,1371.273042
children_u5,shop_beverages,walk,600s,,839.1574840000001,374.722962,906.5149829999998,7.221934999999999,125.377821,1192.8482290000002,1480.6989129999997,2429.640464,,367.964434
women_rep,shop_beverages,walk,600s,,3637.266004,1568.528304,4173.767433,26.725120999999998,762.323759,6008.683131,7621.926441,16244.783848,,1700.8277420000002
elderly,shop_beverages,walk,600s,,427.69398,213.532755,463.42068300000005,2.8911029999999998,130.57637799999998,924.210602,1282.35415,2917.565504,,199.03733400000004
total,shop_beverages,walk,900s,,29768.432421999998,10891.263346,31169.84345,1712.397269,10714.291541999999,36773.965424999995,53244.950657,102906.918334,,9867.344567
men,shop_beverages,walk,900s,,14022.315496,5278.819428,14649.558550000002,822.8479030000001,5011.412354,17161.169065,25970.376708000003,48243.75977800001,,4630.6866039999995
women,shop_beverages,walk,900s,,15746.116925999999,5612.443939,16520.2849,889.5493660000001,5702.879188,19612.796359999997,27274.574428,54663.158555999995,,5236.657963
youth,shop_beverages,walk,900s,,8450.717945999999,3104.319391,9153.69333,480.3732849999999,3109.274862,10356.298805999999,16284.528154,30367.027806000002,,2870.354139
children_u5,shop_beverages,walk,900s,,2413.602796,944.0517399999999,2451.9653299999995,153.42060499999997,615.2980819999999,2618.897863,3463.79827,5539.354978,,770.302907
women_rep,shop_beverages,walk,900s,,10461.582676,3602.8746299999993,11289.314830000001,574.959763,3864.1135100000006,13087.927599999999,17717.949576,36875.87626999999,,3561.344989
elderly,shop_beverages,walk,900s,,1230.1426200000003,428.944149,1253.47233,62.663109,671.7070399999999,1999.1076819999998,2965.307809,6610.205572000001,,417.989157
total,shop_butcher,walk,300s,720.251352,3910.688744,3321.7962660000003,5380.354720000001,84.282085,7664.4478739999995,2609.558478,1156.321485,,,4410.338845
men,shop_butcher,walk,300s,352.492848,1842.1161919999997,1608.18167,2528.7204800000004,39.70078,3585.662058,1216.7041259999999,559.810075,,,2072.821355
women,shop_butcher,walk,300s,367.7585040000001,2068.572552,1713.6145960000001,2851.63424,44.581305,4078.7858159999996,1392.854352,596.5114100000001,,,2337.51749
youth,shop_butcher,walk,300s,198.548928,1110.1735919999999,927.6121539999999,1580.0566079999999,23.926154999999998,2230.385706,727.457814,322.902965,,,1295.1906329999997
children_u5,shop_butcher,walk,300s,58.078655999999995,317.07579200000004,308.375394,423.243808,6.83353,429.79447799999997,196.893846,107.34586499999999,,,346.93783299999996
women_rep,shop_butcher,walk,300s,234.32112,1374.3415519999999,1095.53171,1948.6950080000001,29.61943,2767.0224900000003,927.435114,381.35597499999994,,,1597.3677830000001
elderly,shop_butcher,walk,300s,33.408,161.60424,115.578738,216.36700800000003,3.48285,487.02649199999996,135.005046,40.233104999999995,,,177.358533
total,shop_butcher,walk,600s,3521.2288320000002,19055.245085000002,18942.648327,28997.007890000004,353.984757,49226.767751,17252.916046000002,7001.000991,,210.24027,20582.642750000003
men,shop_butcher,walk,600s,1723.2983680000002,8975.773720999998,9170.706865,13628.344509999999,166.74327599999998,23030.495516,8045.169727,3389.3955450000003,,101.78365,9673.295285
women,shop_butcher,walk,600s,1797.9304640000005,10079.471363999999,9771.941462,15368.663380000002,187.24148100000002,26196.272234999997,9207.746319,3611.605446,,108.45662000000002,10909.347465
youth,shop_butcher,walk,600s,970.683648,5409.731888999999,5289.737663,8515.593546000002,100.48985099999999,14324.764521,4813.576662,1955.0306789999997,,58.70963,6043.061382
children_u5,shop_butcher,walk,600s,283.940096,1543.9550910000003,1758.520443,2281.039946,28.700826,2766.9148219999997,1302.6210459999998,649.930419,,19.51743,1618.8090619999998
women_rep,shop_butcher,walk,600s,1145.5699200000001,6697.019873,6247.304244999999,10502.341846,124.40160600000002,17770.919977999998,6133.512962000001,2308.937085,,69.33745,7454.096482000001
elderly,shop_butcher,walk,600s,163.32800000000003,788.3493820000001,659.0914110000001,1166.093346,14.627970000000001,3121.802682,889.4542959999999,243.593163,,7.315110000000001,828.854612
total,shop_butcher,walk,900s,10413.634131,44845.563095,45096.537915,62663.025525,1921.631538,120830.61544899999,44056.316744,9082.379664,,1009.1532960000001,46022.850791
men,shop_butcher,walk,900s,5096.459094,21124.212401,21832.592924999997,29451.083475000003,905.177784,56530.02625499999,20543.545343,4397.05368,,488.56152,21623.389827
women,shop_butcher,walk,900s,5317.175037,23721.350694,23263.944989999996,33211.94205,1016.453754,64300.58919400001,23512.771401,4685.325984000001,,520.591776,24399.460964
youth,shop_butcher,walk,900s,2870.686584,12731.135319,12593.215634999999,18402.341985,545.5163339999999,35158.08110699999,12291.934656,2536.256016,,281.806224,13487.899659
children_u5,shop_butcher,walk,900s,839.7205680000001,3635.0152709999998,4186.488735,4929.3659849999995,155.804484,6807.717821999999,3321.8232819999994,843.152976,,93.683664,3614.400203
women_rep,shop_butcher,walk,900s,3387.89286,15760.565453000001,14872.883025,22695.738735000003,675.3230040000001,43619.20923,15662.375226,2995.37784,,332.81976,16656.268309000003
elderly,shop_butcher,walk,900s,483.02400000000006,1854.101482,1569.091095,2519.947485,79.40898,7649.059979,2275.508727,316.012752,,35.112528,1872.184003
total,amenity_restaurant,walk,300s,4871.700117,26689.84903,14710.567108000003,50078.68624,40809.316976999995,105556.56426099999,26741.107666,28719.161775999997,60150.29257,18061.940698000002,15024.661462
men,amenity_restaurant,walk,300s,2384.2224579999997,12578.770095999998,7097.551196,23536.552160000007,19357.245915,49384.05605700001,12476.014332,14011.770337,28198.027465000006,8700.965998,7031.646079
women,amenity_restaurant,walk,300s,2487.477659,14111.078934000003,7613.015914000001,26542.13408,21452.071062000003,56172.508204,14265.093334,14707.391715000002,31952.265105,9360.974705999999,7993.015383000002
youth,amenity_restaurant,walk,300s,1342.962888,7573.805286,4170.18784,14706.680735999998,11888.174928,30718.017223000003,7504.3723580000005,8840.468925,17746.119899999998,5236.2397679999995,4293.5665260000005
children_u5,amenity_restaurant,walk,300s,392.837576,2163.8341,1226.812186,3939.4231359999994,2582.349633,5927.3290879999995,1954.6618439999997,1802.321708,3238.86953,1196.672028,1156.3066539999998
women_rep,amenity_restaurant,walk,300s,1584.92202,9370.270492,4901.317445999999,18137.853536000002,14191.549968,38106.368735000004,9513.432492,9568.550692,21558.012636,6186.059876,5387.659226000001
elderly,amenity_restaurant,walk,300s,225.96800000000002,1104.74634,627.7014440000002,2013.877536,2380.3857420000004,6699.390879,1418.555103,1649.608274,3863.8753559999996,1064.495986,695.990704
total,amenity_restaurant,walk,600s,17249.720845,116551.198099,66980.28293300001,101771.735747,176963.404693,274402.32371799997,79473.602979,133209.786801,223683.69526399998,103700.12470299998,76553.67904100002
men,amenity_restaurant,walk,600s,8441.438526,54937.757005,32251.187757,47831.947891,84073.141361,128379.09670799998,37070.757029,65018.83084500001,104872.39759899999,50023.642173,35828.717192000004
women,amenity_restaurant,walk,600s,8808.282319000002,61613.44109400001,34729.095197,53939.787856,92890.26333200002,146023.22701,42402.845949999995,68190.957336,118811.297667,53676.48255,40724.961849
youth,amenity_restaurant,walk,600s,4755.441365999999,33073.078106999994,19172.321741,29886.463778999998,51630.370084999995,79851.25467399998,22260.569402999998,41326.409409,65983.96245600001,29985.416224,21880.820157
children_u5,amenity_restaurant,walk,600s,1390.97462,9444.393311000002,5197.13638,8006.083828999998,11093.648985,15449.181138,5841.397951999999,7988.742972999999,12072.3286,6976.006738,5892.528221
women_rep,amenity_restaurant,walk,600s,5612.773432,40910.23713700001,22456.776824,36859.32085900001,61307.370861,99061.14385699999,28263.031082999998,44443.265637,80143.77402,35427.896634000004,27453.137707000005
elderly,amenity_restaurant,walk,600s,799.93714,4830.103423,3179.7379010000004,4092.787713000001,10453.213343000001,17377.177143999997,4207.037329,7935.915983000001,14352.664387999997,6065.782831999999,3542.940971
total,amenity_restaurant,walk,900s,37250.40171500001,200470.801928,121789.17626799998,128430.529935,262473.85654899996,326084.464345,114257.93901300001,279218.05112,294418.26384900004,198255.54244099997,142157.22999900003
men,amenity_restaurant,walk,900s,18229.203902,94476.34000899998,58632.979222999995,60361.423195,124853.33334000001,152558.03442600003,53287.624542000005,136221.558743,138066.695369,95730.811306,66556.246703
women,amenity_restaurant,walk,900s,19021.197813000002,105994.461919,63156.197066,68069.10674,137620.52321400002,173526.429919,60970.314471000005,142996.495164,156351.568487,102524.731159,75600.983296
youth,amenity_restaurant,walk,900s,10269.229331999999,56893.228239000004,34799.788364,37714.730631,76704.144756,94888.11157299999,31953.344877,86326.84508099998,86862.131063,57243.418282,40726.231730999985
children_u5,amenity_restaurant,walk,900s,3003.77744,16248.138121,9526.316398,10103.351780999998,16230.214971000001,18362.481901,8460.527332,17032.820997,15894.446836000001,13461.055193,10962.549747
women_rep,amenity_restaurant,walk,900s,12120.523364,70390.843091,40828.573489999995,46514.066731000006,90691.28274,117717.90619399998,40623.57502699999,93157.931139,105453.091739,67607.728724,51022.405581000006
elderly,amenity_restaurant,walk,900s,1727.47428,8300.267321000001,5720.203095,5164.926321000001,15746.744247,20648.148547999997,6014.023354,16415.173462,18891.231291,11544.125141999999,6506.144947
total,shop_wine,walk,300s,,,,,,988.961016,,,,,
men,shop_wine,walk,300s,,,,,,462.66607200000004,,,,,
women,shop_wine,walk,300s,,,,,,526.294944,,,,,
youth,shop_wine,walk,300s,,,,,,287.791704,,,,,
children_u5,shop_wine,walk,300s,,,,,,55.457352,,,,,
women_rep,shop_wine,walk,300s,,,,,,357.03516,,,,,
elderly,shop_wine,walk,300s,,,,,,62.842127999999995,,,,,
total,shop_wine,walk,600s,,,,543.20889,,10007.818415,,,,,
men,shop_wine,walk,600s,,,,255.30351000000002,,4683.108045000001,,,,,
women,shop_wine,walk,600s,,,,287.90538000000004,,5324.71037,,,,,
youth,shop_wine,walk,600s,,,,159.524946,,2913.730563,,,,,
children_u5,shop_wine,walk,600s,,,,42.73134599999999,,573.1802230000001,,,,,
women_rep,shop_wine,walk,600s,,,,196.74324600000003,,3613.6458330000005,,,,,
elderly,shop_wine,walk,600s,,,,21.844746,,623.5616929999999,,,,,
total,shop_wine,walk,900s,,,,2599.642545,,23664.385062999998,,,,,
men,shop_wine,walk,900s,,,,1221.809655,,11072.904161,,,,,
women,shop_wine,walk,900s,,,,1377.8328900000001,,12591.480902,,,,,
youth,shop_wine,walk,900s,,,,763.4408129999999,,6888.882314999999,,,,,
children_u5,shop_wine,walk,900s,,,,204.50001299999997,,1347.7554189999998,,,,,
women_rep,shop_wine,walk,900s,,,,941.556963,,8544.398453,,,,,
elderly,shop_wine,walk,900s,,,,104.542713,,1482.296967,,,,,
total,healthy_offers,walk,300s,1470.513177,6422.294876999999,3321.7962660000003,14071.69696,4264.305122000001,15881.974654,9564.935966000001,10113.633034999999,6780.679815,4703.262804999999,6735.313416000001
men,healthy_offers,walk,300s,719.672898,3025.199436,1608.18167,6613.57664,2032.925378,7430.230668,4462.6951420000005,4929.727113999999,3179.210055,2274.872867,3164.5036420000006
women,healthy_offers,walk,300s,750.840279,3397.095441,1713.6145960000001,7458.120319999999,2231.3797440000003,8451.743986000001,5102.240824,5183.90601,3601.46976,2428.3899380000003,3570.8097740000003
youth,healthy_offers,walk,300s,405.370728,1823.1730109999999,927.6121539999999,4132.455744,1252.5086640000002,4619.069669999999,2688.0050760000004,3092.760096,2003.16039,1343.660906,1973.8440719999999
children_u5,healthy_offers,walk,300s,118.577256,520.714986,308.375394,1106.9453439999997,250.303328,902.207278,688.3911559999999,651.221326,362.179545,355.11337999999995,528.9417359999999
women_rep,healthy_offers,walk,300s,478.40562,2257.000566,1095.53171,5096.586944000001,1466.6607559999998,5732.484338000001,3403.9010020000005,3369.5412400000005,2430.16494,1586.413044,2437.5648720000004
elderly,healthy_offers,walk,300s,68.20800000000001,265.39317,115.578738,565.8829440000001,269.1844320000001,999.4832059999999,515.781417,569.4009309999999,437.13536999999997,241.44946300000004,274.044236
total,healthy_offers,walk,600s,7012.950586999999,38152.821638,18942.648327,66543.08902500001,32501.434129,78481.415213,62180.101810000015,60396.080722,38599.681614,35195.282983,30001.931494
men,healthy_offers,walk,600s,3430.398513,17976.021189,9170.706865,31274.679975000003,15466.420056000003,36717.350685,29004.31824,29421.509139,18096.602668000003,17022.277601,14090.588098
women,healthy_offers,walk,600s,3582.552074000001,20176.800449000002,9771.941462,35268.40905,17035.014073,41764.064527999995,33175.78357,30974.572101000005,20503.078945999998,18173.005382,15911.343396
youth,healthy_offers,walk,600s,1934.8632989999996,10829.6294,5289.737663,19541.805884999998,9508.740663999999,22832.473742999995,17423.097855999997,18454.289366999998,11394.651967999998,10068.656780000001,8770.637262
children_u5,healthy_offers,walk,600s,565.322307,3096.3267570000007,1758.520443,5234.589884999999,1986.2177240000003,4436.108253999999,4556.964013999999,3871.63134,2072.6838340000004,2620.1547019999994,2351.451598
women_rep,healthy_offers,walk,600s,2284.8768609999997,13401.244911000002,6247.304244999999,24101.047635,11219.889072999997,28329.870238000003,22115.197755999998,20141.240732,13832.353068,11887.492842,10848.062162
elderly,healthy_offers,walk,600s,324.728791,1575.3359679999999,659.0914110000001,2675.9813850000005,1973.3029500000005,4956.133887,3300.929224,3417.9743,2482.261684,1842.3306730000002,1237.4801980000002
total,healthy_offers,walk,900s,18034.874407000003,83889.268593,46085.225115,108641.778,88874.31754899998,176931.17416399997,123967.931395,111983.872965,103187.016201,83772.48541699999,67707.625359
men,healthy_offers,walk,900s,8821.292418,39540.369074999995,22307.938039999997,51060.702,42277.133862999995,82776.820415,57813.03303499999,54536.499479000006,48383.373332,40501.430771,31765.330042999998
women,healthy_offers,walk,900s,9213.581989000002,44348.899518,23777.287074999997,57581.07600000001,46597.183686000004,94154.35374899999,66154.89836,57447.374447999995,54803.642874,43271.054646,35942.295315999996
youth,healthy_offers,walk,900s,4976.262108,23806.171113,12870.477804999999,31904.989199999996,25981.873037999998,51482.059817999994,34655.129568000004,34240.339452,30458.051148,24001.908902999996,19658.087955000006
children_u5,healthy_offers,walk,900s,1453.7617559999999,6822.892165,4275.30033,8546.269199999997,5476.280904000001,9977.293243,9192.431769,7128.716633,5555.305684000001,6142.534741,5277.532370999998
women_rep,healthy_offers,walk,900s,5876.86268,29440.847246999998,15204.42239,39348.64920000001,30702.345714,63871.916980999995,44072.990638,37376.081514,36965.72732600001,28345.947921,24420.037005
elderly,healthy_offers,walk,900s,834.9302600000001,3455.177752,1605.1425299999999,4368.949200000001,5350.163948,11191.887214999999,6519.7123839999995,6375.554381999999,6627.490887,4467.693159,2897.272171
total,amenity_pub,walk,300s,700.24437,2726.325186,,3155.7849800000004,,5727.732550999999,2781.3166300000003,,2324.804508,,2377.825827
men,amenity_pub,walk,300s,342.70138000000003,1291.5708879999997,,1483.19182,,2679.607667,1296.467185,,1090.0148760000002,,1112.526769
women,amenity_pub,walk,300s,357.54299000000003,1434.754298,,1672.59316,,3048.124884,1484.8494450000003,,1234.789632,,1265.299058
youth,amenity_pub,walk,300s,193.03367999999998,770.666838,,926.7639720000001,,1666.793619,774.06771,,686.7978479999999,,678.2627430000001
children_u5,amenity_pub,walk,300s,56.465360000000004,220.871348,,248.24877199999992,,321.19049699999994,209.57923,,124.175844,,182.73071099999999
women_rep,amenity_pub,walk,300s,227.81220000000002,947.6746680000001,,1142.984572,,2067.828635,987.89921,,833.199408,,852.092793
elderly,amenity_pub,walk,300s,32.480000000000004,114.68666000000002,,126.90757200000002,,363.96065799999997,144.87297999999998,,149.87498399999998,,111.109811
total,amenity_pub,walk,600s,1790.6248890000002,17317.040334,,16516.136965,,39422.88512199999,15536.64156,,30803.659731000007,,17210.914131
men,amenity_pub,walk,600s,876.336386,8187.245455999999,,7762.442435,,18443.156229,7243.180095000001,,14442.697107,,8050.5838619999995
women,amenity_pub,walk,600s,914.288503,9129.794878,,8753.69453,,20979.728893,8293.461465,,16360.962624,,9160.330269
youth,amenity_pub,walk,600s,493.614696,4902.515166,,4850.318001000001,,11471.524962,4329.5225040000005,,9100.071486,,4901.426054999999
children_u5,amenity_pub,walk,600s,144.389992,1403.3268520000001,,1299.236401,,2212.094,1166.4733800000001,,1645.329933,,1320.9177989999998
women_rep,amenity_pub,walk,600s,582.54834,6042.94542,,5981.9315510000015,,14232.147732000001,5521.0054679999985,,11039.892156000002,,6163.925505
elderly,amenity_pub,walk,600s,83.056,723.9061,,664.184301,,2504.110495,810.2607239999999,,1985.8435379999996,,810.3287489999999
total,amenity_pub,walk,900s,3661.277706,51386.198775000004,,38705.012384,1243.5394070000002,104148.46632899999,36500.99043600001,345.18634499999996,74747.321683,,42268.113607
men,amenity_pub,walk,900s,1791.8386440000002,24250.221849999998,,18191.058762000004,589.073074,48724.10760300001,17017.079337000003,166.125457,35044.057121000005,,19787.374719
women,amenity_pub,walk,900s,1869.4390620000001,27135.976925000006,,20513.953622,654.4663330000001,55424.358726000006,19483.911099,179.06089,39703.264562000004,,22480.738888000003
youth,amenity_pub,walk,900s,1009.2903839999999,14567.980631999999,,11366.227332,364.961179,30301.612085999997,10172.086332,105.167104,22068.199825999996,,12101.188971
children_u5,amenity_pub,walk,900s,295.233168,4165.145812000001,,3044.7982819999997,69.93633700000001,5858.031779,2743.375082,19.044280999999998,4010.187413,,3257.790379
women_rep,amenity_pub,walk,900s,1191.13236,17995.349552,,14018.093141999998,435.12663,37595.796883,12971.001866,117.93172399999999,26786.520175999998,,15166.990421
elderly,amenity_pub,walk,900s,169.824,2135.813452,,1556.53101,80.35012,6604.45078,1900.4638209999998,22.160220000000002,4808.8203379999995,,1940.7451790000002
total,amenity_drinking_water,walk,300s,,1601.359615,,116.401905,,,,,,,
men,amenity_drinking_water,walk,300s,,754.3148199999999,,54.70789500000001,,,,,,,
women,amenity_drinking_water,walk,300s,,847.044795,,61.694010000000006,,,,,,,
youth,amenity_drinking_water,walk,300s,,454.596945,,34.183917,,,,,,,
children_u5,amenity_drinking_water,walk,300s,,129.83707,,9.156716999999999,,,,,,,
women_rep,amenity_drinking_water,walk,300s,,562.76917,,42.159267,,,,,,,
elderly,amenity_drinking_water,walk,300s,,66.17415,,4.681017000000001,,,,,,,
total,amenity_drinking_water,walk,600s,,13231.543436999998,,879.4810600000001,,,,,,,
men,amenity_drinking_water,walk,600s,,6237.073179999999,,413.34853999999996,,,,,,,
women,amenity_drinking_water,walk,600s,,6994.470257000001,,466.13252,,,,,,,
youth,amenity_drinking_water,walk,600s,,3754.6371229999995,,258.278484,,,,,,,
children_u5,amenity_drinking_water,walk,600s,,1076.757978,,69.18408399999998,,,,,,,
women_rep,amenity_drinking_water,walk,600s,,4642.712710000001,,318.53668400000004,,,,,,,
elderly,amenity_drinking_water,walk,600s,,544.580226,,35.367684000000004,,,,,,,
total,amenity_drinking_water,walk,900s,,27075.649428000004,988.6872000000001,3492.0571500000005,,,,,,,
men,amenity_drinking_water,walk,900s,,12778.645914,475.345115,1641.23685,,,,,,,
women,amenity_drinking_water,walk,900s,,14297.003514000002,513.342085,1850.8203,,,,,,,
youth,amenity_drinking_water,walk,900s,,7677.521783999998,277.26217,1025.51751,,,,,,,
children_u5,amenity_drinking_water,walk,900s,,2217.515634,88.811595,274.70151,,,,,,,
women_rep,amenity_drinking_water,walk,900s,,9474.322734,331.539365,1264.7780100000002,,,,,,,
elderly,amenity_drinking_water,walk,900s,,1106.51157,36.051435000000005,140.43051,,,,,,,
total,amenity_bar,walk,300s,2100.73311,7793.413988,3546.027182,24871.207035,10200.190364,41325.617374,14036.797503,19193.727033,20010.19774,5896.241475,6565.155904000001
men,amenity_bar,walk,300s,1028.10414,3672.7128979999993,1708.5785069999997,11689.253565,4866.434726,19333.983138,6546.5681460000005,9344.875999,9381.361434999999,2856.700649,3072.9155330000003
women,amenity_bar,walk,300s,1072.6289700000002,4120.7010900000005,1837.4486749999999,13181.95347,5333.755638,21991.634236,7490.229357000001,9848.851172,10628.836304999999,3039.540838,3492.240371
youth,amenity_bar,walk,300s,579.10104,2211.6691829999995,993.1174040000001,7303.963599000001,2990.932908,12024.16009,3927.770621,5770.895971999999,5907.180882,1720.295398,1877.6121600000001
children_u5,amenity_bar,walk,300s,169.39607999999998,631.8444739999999,321.860399,1956.4851989999997,605.224736,2324.8207979999997,1033.664275,1348.051557,1074.284536,407.201796,505.581856
women_rep,amenity_bar,walk,300s,683.4366,2736.506042,1182.9743369999999,9008.030048999999,3503.9301899999996,14917.125181000001,4991.261474999999,6381.086805999999,7170.765242,1993.158908,2354.86796
elderly,amenity_bar,walk,300s,97.44000000000001,322.50849000000005,127.45311899999999,1000.1772990000001,639.58741,2620.0974779999997,743.175929,994.1454899999999,1286.9259759999998,331.45632900000004,302.958906
total,amenity_bar,walk,600s,12464.349786,38860.98077500001,25768.23508,68508.987865,53747.266722,181782.84646899998,68116.58537399999,86364.727682,127083.99185700002,50490.81195499999,29611.770629000006
men,amenity_bar,walk,600s,6100.084564000001,18312.286035,12454.082900999998,32198.635535,25663.674413999994,85046.80562300001,31773.331963,42068.22925,59581.013494000006,24386.864597,13858.386183
women,amenity_bar,walk,600s,6364.265222,20548.694740000003,13314.1522,36310.352329999994,28083.592338,96736.04084599999,36343.253411000005,44296.499086,67502.978363,26103.947380999998,15753.384446
youth,amenity_bar,walk,600s,3435.9995039999994,11030.111646,7268.319271,20119.134261,15813.599772000001,52894.397347000006,19087.577449,26057.820781000002,37518.980257999996,14557.170697999998,8461.583025000002
children_u5,amenity_bar,walk,600s,1005.0834080000001,3146.4236129999995,2300.7680649999998,5389.236660999999,3178.205586,10240.209456,4985.747364,5980.221934,6818.532139,3564.61949,2278.8287209999994
women_rep,amenity_bar,walk,600s,4055.0571600000003,13648.289143,8554.163313000001,24813.070810999998,18453.890326,65621.837467,24224.932272999995,28711.430137,45542.612352000004,17148.324844,10618.184575000001
elderly,amenity_bar,walk,600s,578.1440000000001,1611.5753570000002,960.1124580000001,2755.0385610000008,3368.450049,11508.907779999998,3621.941303,4537.611739,8175.734277999999,2797.922237,1372.108021
total,amenity_bar,walk,900s,30150.52187400001,102065.775699,46257.954359,98802.108198,93391.724547,282095.85089999996,126416.063571,186120.797722,231996.685138,118563.721422,60008.848576
men,amenity_bar,walk,900s,14755.742276,48102.52772,22351.608114,46436.212894000004,44572.633025999996,131978.598241,58951.75120300001,90710.638588,108769.335025,57250.54535200001,28110.866762000005
women,amenity_bar,walk,900s,15394.779598000003,53963.247979,23906.346266,52365.895304000005,48819.091556,150117.25265900002,67464.312368,95410.160699,123227.350115,61313.176094,31897.981814000002
youth,amenity_bar,walk,900s,8311.478736,28966.144914,13000.220266999999,29014.698966,27497.010056,82086.969004,35324.354691,56631.560987,68442.381935,34136.355044,17253.383232
children_u5,amenity_bar,walk,900s,2431.237072,8270.244858,4177.667122999999,7772.397665999998,5426.804416,15893.422601999999,9373.931098000001,12368.479253999998,12513.921688,8353.349560999999,4640.907135999999
women_rep,amenity_bar,walk,900s,9808.942439999999,35836.426354,15348.708045000001,35784.122685999995,32087.468142,101836.99606499998,44936.243141,61950.731664000006,83123.38572500001,40305.737304,21566.154032
elderly,amenity_bar,walk,900s,1398.496,4228.23591,1688.870484,3973.328922,5940.889937,17855.368214,6657.14307,10171.390178,14889.529378000001,6604.2844270000005,2698.8156360000007
total,shop_bakery,walk,300s,3711.2951610000005,45388.521452,27388.39374899999,14601.972305000001,27215.404377999996,34040.854381,17530.983690999998,72252.97152400001,28756.254936000005,24772.346910999993,6750.285248
men,shop_bakery,walk,300s,1816.317314,21395.565481999998,13171.090470999998,6862.8014950000015,12957.664032999997,15925.529458,8186.805482,35281.108369,13485.678832,11974.621871,3159.1109060000003
women,shop_bakery,walk,300s,1894.977847,23992.955970000003,14217.303278000001,7739.17081,14257.740345,18115.324923,9344.178209,36971.863944,15270.576109000001,12797.725041000002,3591.174342
youth,shop_bakery,walk,300s,1023.078504,12878.412183,7739.245655000001,4288.182477,7991.354849999999,9905.284311,4971.755097,22532.200494000004,8470.276689999999,7122.094551,1928.7381119999995
children_u5,shop_bakery,walk,300s,299.26640799999996,3678.6303499999995,2324.5674269999995,1148.659277,1584.292203,1911.768134,1206.4575189999998,4213.800259999999,1579.061185,1750.2723420000002,519.446144
women_rep,shop_bakery,walk,300s,1207.4046600000001,15929.325082000001,9188.562265,5288.645827,9393.767636999999,12288.781638,6245.970790999999,24123.310264,10289.92467,8411.209785000001,2420.4433120000003
elderly,shop_bakery,walk,300s,172.144,1880.826765,1121.2664430000002,587.207577,1726.3254200000003,2160.609603,975.7323329999999,4392.820172,1829.418625,1385.386492,312.909044
total,shop_bakery,walk,600s,18934.009694,154870.16071199998,130611.855295,63731.421959,137886.354634,191993.07375799998,73694.352697,291924.857954,138086.377979,117078.536973,45970.89635200001
men,shop_bakery,walk,600s,9265.114948,73001.497418,62895.225332,29953.256187000006,65634.682594,89822.81761600001,34374.800884,142516.92778600001,64749.17817700001,56582.678942000006,21515.813294000003
women,shop_bakery,walk,600s,9668.894746,81868.66329399998,67716.629969,33778.165772,72251.67204,102170.256142,39319.551813,149407.933303,73337.199809,60495.858033000004,24455.083058000004
youth,shop_bakery,walk,600s,5220.019788,43943.325732000005,37059.480734,18715.769486999994,40405.27263,55866.025314,20647.604861999997,90914.76229599999,40720.004264,33649.612401000006,13141.445087999999
children_u5,shop_bakery,walk,600s,1526.8049520000002,12554.288757999999,10761.925302999998,5013.492437,8254.430594000001,10813.427157999999,5400.763671000001,17110.800488,7488.630099999999,8294.053416,3538.9034560000005
women_rep,shop_bakery,walk,600s,6161.607104,54355.65414200001,43712.543519000006,23082.335547000002,47589.353101999994,69310.10162199999,26209.019031999997,97464.453323,49451.47585,39754.369123000004,16486.619888
elderly,shop_bakery,walk,600s,877.8902800000001,6414.598333000001,5659.554957000001,2562.949665,8534.192452000001,12156.701890999997,3913.352036,17692.912805,8839.207921,6520.917273999999,2126.0905559999997
total,shop_bakery,walk,900s,47147.287764,245043.530296,231834.108258,109684.307344,259319.911684,309034.561461,132430.93325899998,409288.05325100006,227614.542875,230267.24734099995,104414.60697800001
men,shop_bakery,walk,900s,23070.756728,115482.627474,111722.36303099999,51550.717402,123408.79258100002,144580.611723,61757.084839,199755.141657,106748.15696600001,111255.02819,48862.594701
women,shop_bakery,walk,900s,24076.531036000004,129560.902822,120111.74524800002,58133.589942,135911.11910500002,164453.949738,70673.84842000001,209532.91584,120866.385916,119012.21917499999,55552.012277
youth,shop_bakery,walk,900s,12999.328932,69540.368865,65695.471188,32210.820276,75862.229683,89925.605325,37004.70972299999,127023.005034,67141.93692400001,66255.160764,29821.748154
children_u5,shop_bakery,walk,900s,3801.6251360000006,19862.220465999995,19343.609251999995,8628.360825999998,15854.537057,17403.022448999996,9828.537522,24455.344667999998,12314.687134,16222.925965,8032.229786
women_rep,shop_bakery,walk,900s,15344.114608,86038.70133800001,77446.14228799999,39725.877286,89514.87096799999,111563.58065099998,47075.567373,136591.116282,81504.80221800001,78237.00831800001,37434.237453999995
elderly,shop_bakery,walk,900s,2185.8911839999996,10145.199822000004,9849.225917,4410.911154,15740.738012,19568.199881999997,6965.5308939999995,24455.480206999997,14589.555086999999,12876.789808,4849.650736000001
total,shop_greengrocer,walk,300s,,1972.200789,,6246.902235,370.84117399999997,8382.353616,5813.032022,,2131.070799,,2337.908116
men,shop_greengrocer,walk,300s,,928.998252,,2935.990365,174.683432,3921.6796219999997,2710.632049,,999.180303,,1097.7609420000001
women,shop_greengrocer,walk,300s,,1043.2025370000001,,3310.91187,196.15774200000004,4460.673994,3102.399973,,1131.890496,,1240.147174
youth,shop_greengrocer,walk,300s,,559.872027,,1834.536879,105.27508199999997,2436.6492479999997,1623.9224219999999,,629.564694,,682.4516520000001
children_u5,shop_greengrocer,walk,300s,,159.904602,,491.41047899999995,30.067532,481.655692,431.17774399999996,,113.827857,,183.02131599999998
women_rep,shop_greengrocer,walk,300s,,693.094662,,2262.547329,130.32549200000003,3024.967708,2067.5330679999997,,763.766124,,844.8814520000001
elderly,shop_greengrocer,walk,300s,,81.49869,,251.21457900000001,15.324540000000002,522.930402,305.962185,,137.385402,,97.205816
total,shop_greengrocer,walk,600s,,12170.333074,,35916.454465,6834.381174,34858.759886,32423.057150000004,,17694.345422000002,,13273.485154000002
men,shop_greengrocer,walk,600s,,5732.792632,,16880.424935,3216.793311,16308.629577000002,15117.292595,,8296.224334,,6228.732003
women,shop_greengrocer,walk,600s,,6437.540442,,19036.02953,3617.5878629999997,18550.130309,17305.764555,,9398.121088,,7044.753151
youth,shop_greengrocer,walk,600s,,3454.9367819999998,,10547.637501,1945.7330279999999,10138.528878,9043.653414,,5227.294732,,3859.4433539999995
children_u5,shop_greengrocer,walk,600s,,986.7617319999999,,2825.355901,534.5511909999999,1983.4517599999997,2429.3292939999997,,945.1161460000001,,1035.83161
women_rep,shop_greengrocer,walk,600s,,4277.045692000001,,13008.476051000001,2409.3279089999996,12582.149500000001,11525.531994,,6341.573272,,4789.905854000001
elderly,shop_greengrocer,walk,600s,,502.92354,,1444.3538010000002,299.818648,2190.436597,1690.919124,,1140.7151559999998,,563.61926
total,shop_greengrocer,walk,900s,,33577.982664,,72906.393165,21531.231796000004,85632.004655,66344.691482,7083.805075,56818.25647100001,,38925.190053000006
men,shop_greengrocer,walk,900s,,15816.790752,,34265.378235000004,10144.664344,40063.413525,30932.324279000004,3449.4182570000003,26639.266467,,18244.787331
women,shop_greengrocer,walk,900s,,17761.191912000002,,38641.014930000005,11386.567452000001,45568.59113,35412.367203,3634.386895,30178.990004,,20680.402722
youth,shop_greengrocer,walk,900s,,9532.180151999999,,21410.526681,6141.667812,24914.603378999996,18496.297937999996,2218.9263429999996,16781.046668,,11233.206225000002
children_u5,shop_greengrocer,walk,900s,,2722.478352,,5735.157081,1661.576104,4850.008962999999,4987.980345999999,387.96789799999993,3040.128809,,3019.3436969999993
women_rep,shop_greengrocer,walk,900s,,11800.380912,,26405.754231000003,7574.111752,30912.675885,23579.627117999997,2382.4398800000004,20362.884606000003,,14008.024575
elderly,shop_greengrocer,walk,900s,,1387.5674400000003,,2931.8769810000003,967.5062640000001,5397.548038999999,3448.6121759999996,449.886653,3660.0210819999998,,1718.398797
total,amenity_marketplace,walk,300s,,,,3026.4495300000003,,,498.71884400000005,8255.790444999999,2131.0707990000005,4703.262804999999,
men,amenity_marketplace,walk,300s,,,,1422.4052700000002,,,232.469978,4030.298874,999.1803030000001,2274.872867,
women,amenity_marketplace,walk,300s,,,,1604.0442600000001,,,266.248866,4225.491655,1131.890496,2428.3899380000003,
youth,amenity_marketplace,walk,300s,,,,888.781842,,,138.79834799999998,2554.633666,629.5646939999999,1343.660906,
children_u5,amenity_marketplace,walk,300s,,,,238.07464199999998,,,37.579724,504.88808099999994,113.82785700000001,355.11337999999995,
women_rep,amenity_marketplace,walk,300s,,,,1096.1409420000002,,,177.14054800000002,2751.2170250000004,763.766124,1586.413044,
elderly,amenity_marketplace,walk,300s,,,,121.70644200000001,,,25.977224,484.175261,137.385402,241.44946300000004,
total,amenity_marketplace,walk,600s,,,,22116.36195,3604.090583,129.33545,8855.602279,38659.989441,18792.169773,35027.090766999994,206.93672
men,amenity_marketplace,walk,600s,,,,10394.500050000002,1719.589051,60.786550000000005,4127.950188000001,18847.732386,8810.953581,16940.850681,97.25848
women,amenity_marketplace,walk,600s,,,,11721.8619,1884.5015320000002,68.5489,4727.652091,19812.257415,9981.216192,18086.240085999998,109.67824
youth,amenity_marketplace,walk,600s,,,,6494.94423,1062.017338,37.98213,2464.799691,11888.370395999998,5551.615937999999,10021.689075999999,60.771408
children_u5,amenity_marketplace,walk,600s,,,,1739.77623,203.663689,10.174129999999998,667.3348269999999,2410.149869,1003.754739,2604.5407579999996,16.278608
women_rep,amenity_marketplace,walk,600s,,,,8010.260730000001,1237.9946679999998,46.843630000000005,3145.5225410000003,12895.292767,6735.028548,11832.022882000001,74.949808
elderly,amenity_marketplace,walk,600s,,,,889.3932300000001,234.94491400000004,5.201130000000001,461.1162769999999,2237.257695,1211.4894539999998,1836.478585,8.321808
total,amenity_marketplace,walk,900s,,,,45461.410675,16289.798750000002,2279.6059910000004,24220.733376,77423.868202,47613.008808000006,83772.48541699999,2121.10138
men,amenity_marketplace,walk,900s,,,,21366.472325,7768.150895,1067.922427,11292.609786999998,37714.890250000004,22332.199881,40501.430771,996.89942
women,amenity_marketplace,walk,900s,,,,24094.93835,8521.647855000001,1211.683564,12928.123588999999,39708.97861800001,25280.808932,43271.054646,1124.20196
youth,amenity_marketplace,walk,900s,,,,13350.718695000001,4800.484617,665.1685950000001,6750.801791999999,23649.075561,14074.123687999998,24001.908902999996,622.906932
children_u5,amenity_marketplace,walk,900s,,,,3576.206695,918.9982259999999,143.023673,1827.235296,4988.4630099999995,2543.7623489999996,6142.534741,166.85573199999996
women_rep,amenity_marketplace,walk,900s,,,,16465.535945,5602.826688,823.7690110000001,8607.515592000002,25823.680337,17054.307588,28345.947921,768.235532
elderly,amenity_marketplace,walk,900s,,,,1828.1971950000004,1061.551534,129.164334,1253.929046,4356.320854999999,3069.0555689999997,4467.693159,85.29853200000001
total,amenity_food_court,walk,300s,,2039.6264569999998,,,,,,,,,
men,amenity_food_court,walk,300s,,960.7588759999999,,,,,,,,,
women,amenity_food_court,walk,300s,,1078.8675810000002,,,,,,,,,
youth,amenity_food_court,walk,300s,,579.0129509999999,,,,,,,,,
children_u5,amenity_food_court,walk,300s,,165.37142599999999,,,,,,,,,
women_rep,amenity_food_court,walk,300s,,716.7902060000001,,,,,,,,,
elderly,amenity_food_court,walk,300s,,84.28497000000002,,,,,,,,,
total,amenity_food_court,walk,600s,,10383.552872,,,,,,,,,
men,amenity_food_court,walk,600s,,4891.136096,,,,,,,,,
women,amenity_food_court,walk,600s,,5492.416776,,,,,,,,,
youth,amenity_food_court,walk,600s,,2947.7022959999995,,,,,,,,,
children_u5,amenity_food_court,walk,600s,,841.8908959999999,,,,,,,,,
women_rep,amenity_food_court,walk,600s,,3649.113776,,,,,,,,,
elderly,amenity_food_court,walk,600s,,429.08712,,,,,,,,,
total,amenity_food_court,walk,900s,,18322.925279000003,,,,,,,,,
men,amenity_food_court,walk,900s,,8630.949572000001,,,,,,,,,
women,amenity_food_court,walk,900s,,9691.975707,,,,,,,,,
youth,amenity_food_court,walk,900s,,5201.546097,,,,,,,,,
children_u5,amenity_food_court,walk,900s,,1485.609422,,,,,,,,,
women_rep,amenity_food_court,walk,900s,,6439.264082000001,,,,,,,,,
elderly,amenity_food_court,walk,900s,,757.1715899999999,,,,,,,,,
total,shop_coffee,walk,300s,,,,2819.51281,,3131.709884,,,3099.7393440000005,,1202.8196850000002
men,shop_coffee,walk,300s,,,,1325.14679,,1465.109228,,,1453.353168,,565.314915
women,shop_coffee,walk,300s,,,,1494.3660199999997,,1666.600656,,,1646.386176,,637.5047699999999
youth,shop_coffee,walk,300s,,,,828.010434,,911.340396,,,915.730464,,353.23380899999995
children_u5,shop_coffee,walk,300s,,,,221.79603399999996,,175.614948,,,165.567792,,94.61940899999999
women_rep,shop_coffee,walk,300s,,,,1021.1911340000001,,1130.6113400000002,,,1110.932544,,435.6457590000001
elderly,shop_coffee,walk,300s,,,,113.38463400000002,,199.000072,,,199.83331199999998,,48.370509000000006
total,shop_coffee,walk,600s,,,,18249.231995000002,,23760.331749999998,,,27962.231999000007,,5548.490805
men,shop_coffee,walk,600s,,,,8576.982204999998,,11116.84068,,,13110.456703000002,,2607.742995
women,shop_coffee,walk,600s,,,,9672.24979,,12643.49107,,,14851.775296,,2940.74781
youth,shop_coffee,walk,600s,,,,5359.278542999999,,6915.630246,,,8260.651893999999,,1629.433377
children_u5,shop_coffee,walk,600s,,,,1435.5697429999996,,1343.2027759999999,,,1493.5594569999998,,436.470177
women_rep,shop_coffee,walk,600s,,,,6609.636193,,8578.524156000001,,,10021.537324,,2009.591727
elderly,shop_coffee,walk,600s,,,,733.879443,,1498.6526109999998,,,1802.663002,,223.12847700000003
total,shop_coffee,walk,900s,,,,45448.47712999999,,53255.01454899999,129.33545,,58636.73592400001,,13445.635036
men,shop_coffee,walk,900s,,,,21360.39367,,24917.112032999998,60.786550000000005,,27492.597428,,6317.557292000001
women,shop_coffee,walk,900s,,,,24088.083460000005,,28337.902516000002,68.5489,,31144.138496,,7128.077744
youth,shop_coffee,walk,900s,,,,13346.920482,,15500.877080999999,37.98213,,17322.567944,,3941.5274040000004
children_u5,shop_coffee,walk,900s,,,,3575.1892819999994,,3015.563003,10.174129999999998,,3131.990732,,1056.1716279999998
women_rep,shop_coffee,walk,900s,,,,16460.851582,,19227.658665000003,46.843630000000005,,21015.140624000003,,4866.614804
elderly,shop_coffee,walk,900s,,,,1827.6770820000004,,3353.841441999999,5.201130000000001,,3780.1801519999995,,546.172428
total,shop_pastry,walk,300s,,2393.611214,4078.6612380000006,1513.2247650000002,1710.764462,,249.359422,,,3721.8157479999995,4549.394362999999
men,shop_pastry,walk,300s,,1127.502152,1974.6028099999999,711.2026350000001,816.5002489999999,,116.234989,,,1799.495068,2123.971261
women,shop_pastry,walk,300s,,1266.109062,2104.058428,802.0221299999998,894.264213,,133.124433,,,1922.32068,2425.423102
youth,shop_pastry,walk,300s,,679.502802,1138.9668219999999,444.39092100000005,504.087483,,69.39917399999999,,,1072.874376,1279.452687
children_u5,shop_pastry,walk,300s,,194.072252,378.63814199999996,119.03732099999998,96.770274,,18.789862,,,255.16347199999996,345.678479
women_rep,shop_pastry,walk,300s,,841.191812,1345.1465299999998,548.070471,587.177616,,88.570274,,,1266.555536,1621.9671370000003
elderly,shop_pastry,walk,300s,,98.91293999999999,141.913134,60.853221000000005,111.544498,,12.988612,,,215.737516,226.679379
total,shop_pastry,walk,600s,,14681.939207,11100.686255999999,7307.4529250000005,13547.565006,206.93671999999998,3433.4874259999997,,1549.869672,23018.621310999995,22898.235532
men,shop_pastry,walk,600s,,6915.875876,5374.17672,3434.4400750000004,6450.670367,97.25847999999999,1600.466387,,726.676584,11129.485800999999,10689.617234
women,shop_pastry,walk,600s,,7766.063331,5726.5095360000005,3873.01285,7096.894639,109.67823999999999,1833.0210390000002,,823.193088,11889.13551,12208.618298000001
youth,shop_pastry,walk,600s,,4167.9362009999995,3099.8684639999997,2145.9903449999997,3993.259177,60.771408,955.5732419999999,,457.865232,6635.494782,6436.381404
children_u5,shop_pastry,walk,600s,,1190.4009259999998,1030.5203040000001,574.8383449999999,760.6255060000001,16.278608,258.721946,,82.783896,1578.130604,1739.147932
women_rep,shop_pastry,walk,600s,,5159.704706,3661.01736,2646.665095,4677.29728,74.94980799999999,1219.544542,,555.466272,7833.370652000001,8162.206004000001
elderly,shop_pastry,walk,600s,,606.71247,386.23780800000003,293.8638450000001,881.99547,8.321808,178.84319599999998,,99.91665599999999,1334.2896369999999,1143.579432
total,shop_pastry,walk,900s,,29768.432422,21801.915998999997,16826.542045000002,34492.687340000004,1473.2175039999997,12657.039267000002,1270.7075059999997,9887.183316,46118.151659999996,56659.00697
men,shop_pastry,walk,900s,,14022.315495999997,10554.964505,7908.330155,16429.338345,690.5295980000001,5901.127754,617.9973289999999,4635.394292000001,22298.091060000002,26442.435905
women,shop_pastry,walk,900s,,15746.116926000002,11246.951494,8918.21189,18063.348995000004,782.687906,6755.911513000001,652.7101890000001,5251.789024,23820.0606,30216.571065000007
youth,shop_pastry,walk,900s,,8450.717946,6088.188630999999,4941.475113,10164.451298,430.33375199999995,3527.545239,394.86002699999995,2919.4328319999995,13294.31292,15895.118418
children_u5,shop_pastry,walk,900s,,2413.602796,2023.9574910000001,1323.654313,1940.086604,96.343594,954.810807,70.21136999999999,528.986476,3161.8082399999994,4296.644017999999
women_rep,shop_pastry,walk,900s,,10461.582676,7190.293565,6094.3562630000015,11898.750375,532.570826,4497.931089000001,426.99124800000004,3544.387064,15694.275120000002,20182.327318000003
elderly,shop_pastry,walk,900s,,1230.14262,758.576907,676.6670130000001,2245.713802,79.432173,655.439557,81.057622,637.1000879999999,2673.26922,2853.579968
total,amenity_vending_machine,walk,300s,320.111712,,,,,,,,,,
men,amenity_vending_machine,walk,300s,156.663488,,,,,,,,,,
women,amenity_vending_machine,walk,300s,163.44822400000004,,,,,,,,,,
youth,amenity_vending_machine,walk,300s,88.243968,,,,,,,,,,
children_u5,amenity_vending_machine,walk,300s,25.812735999999997,,,,,,,,,,
women_rep,amenity_vending_machine,walk,300s,104.14272,,,,,,,,,,
elderly,amenity_vending_machine,walk,300s,14.848,,,,,,,,,,
total,amenity_vending_machine,walk,600s,2921.0193719999997,,,,,,,,,,
men,amenity_vending_machine,walk,600s,1429.5543280000002,,,,,,,,,,
women,amenity_vending_machine,walk,600s,1491.4650440000003,,,,,,,,,,
youth,amenity_vending_machine,walk,600s,805.2262079999999,,,,,,,,,,
children_u5,amenity_vending_machine,walk,600s,235.54121600000002,,,,,,,,,,
women_rep,amenity_vending_machine,walk,600s,950.30232,,,,,,,,,,
elderly,amenity_vending_machine,walk,600s,135.48800000000003,,,,,,,,,,
total,amenity_vending_machine,walk,900s,6162.150456000001,,,,,,,,,,
men,amenity_vending_machine,walk,900s,3015.7721440000005,,,,,,,,,,
women,amenity_vending_machine,walk,900s,3146.3783120000007,,,,,,,,,,
youth,amenity_vending_machine,walk,900s,1698.6963839999996,,,,,,,,,,
children_u5,amenity_vending_machine,walk,900s,496.895168,,,,,,,,,,
women_rep,amenity_vending_machine,walk,900s,2004.74736,,,,,,,,,,
elderly,amenity_vending_machine,walk,900s,285.824,,,,,,,,,,
total,mixed_offers,walk,300s,5521.9270320000005,34630.716614,23084.711627000004,58420.822765,52338.326601,116530.4824,32313.220585000003,56843.091692999995,82194.13598300001,24376.934958,31692.199895000005
men,mixed_offers,walk,300s,2702.445168,16322.409489999998,11101.139536999997,27457.284635,24839.456904,54518.01701,15074.29522,27744.166252000003,38537.018512,11743.555458,14837.723730000002
women,mixed_offers,walk,300s,2819.4818640000008,18308.307124000003,11983.572092,30963.538130000004,27498.869697000002,62012.46539,17238.925365,29098.926022,43657.11747099999,12633.379506,16854.476165
youth,mixed_offers,walk,300s,1522.2084479999999,9826.676384999997,6557.201998999999,17156.528121,15264.316128,33911.506822,9060.050666000001,17609.257168,24255.95773,7053.086544,9078.733563
children_u5,mixed_offers,walk,300s,445.269696,2807.598582,1887.7251849999998,4595.654521,3272.3787119999997,6542.998819,2370.626985,3439.251336,4420.825247,1642.381432,2443.819163
women_rep,mixed_offers,walk,300s,1796.46192,12156.507758000002,7751.676767000001,21159.267671,18181.261521,42068.192788,11493.942630000001,18956.151592,29453.912515999997,8338.506468,11374.507213
elderly,mixed_offers,walk,300s,256.12800000000004,1433.7531100000003,1007.9941150000002,2349.3504210000006,3092.818446,7396.411244,1709.964689,3363.565035,5282.9398200000005,1412.203818,1450.988113
total,mixed_offers,walk,600s,19530.516793000003,139833.06054099998,89998.727404,117796.398002,189419.104312,289689.123481,93671.84736200001,236946.155002,246063.29852,131274.94698,121944.93310800003
men,mixed_offers,walk,600s,9557.665878,65904.96375299999,43253.088695000006,55363.40143599999,90013.25607999999,135530.92099600003,43690.39318,115690.522235,115386.681727,63360.172768000004,57101.327406000004
women,mixed_offers,walk,600s,9972.850915,73928.09678800001,46745.638730000006,62432.996565999994,99405.84823200002,154158.202485,49981.454181999994,121255.63527599999,130676.61679500001,67914.77423200001,64843.605702
youth,mixed_offers,walk,600s,5384.179637999999,39682.212134999994,25743.142361,34592.449686,55291.33628699999,84299.82841899998,26217.44451,73642.90278899999,72584.963496,37875.358277,34968.43126799999
children_u5,mixed_offers,walk,600s,1574.8903639999999,11332.060887,6991.528769,9266.658535999997,11819.158135000001,16308.291695999998,6912.428130999999,14107.000136999997,13289.757772,9025.227131,9410.92938
women_rep,mixed_offers,walk,600s,6354.790312,49091.70873700001,30297.976365,42663.246616,65588.41928100001,104579.90514299998,33308.56564,79036.852091,88138.17738000001,44743.083489000004,43782.824268
elderly,mixed_offers,walk,600s,905.7291400000001,5792.298023,4244.14033,4737.207719999999,11245.148469000002,18346.671996999994,4942.447907999999,14189.47768,15785.958272,7512.668712999999,5555.75868
total,mixed_offers,walk,900s,43632.62897300001,236863.806231,153886.838922,148089.51833499997,265500.853899,330174.45600699994,124667.24230599999,376605.762887,302361.34591800004,239074.10991499998,206346.79803
men,mixed_offers,walk,900s,21352.682193999997,111619.13681299998,74025.21979699998,69600.978795,126301.028729,154471.56884000002,58139.808122999995,183730.64968799998,141790.912862,115475.31172,96630.90591500001
women,mixed_offers,walk,900s,22279.946778999998,125244.66941800002,79861.61914600001,78488.53954,139199.82517700002,175702.887167,66527.434183,192875.116882,160570.433063,123598.798219,109715.892115
youth,mixed_offers,walk,900s,12028.593443999998,67224.541968,43910.11398999999,43488.014391,77588.71673899998,96078.453883,34850.554806,116171.578342,89208.690377,68884.93140999999,59202.95304599998
children_u5,mixed_offers,walk,900s,3518.4188639999998,19198.856375000003,12153.583100000002,11649.819541,16426.200287,18593.002407,9244.937452999999,23304.915858,16318.714303,16596.367229,15931.378805999995
women_rep,mixed_offers,walk,900s,14196.868844,83180.512965,51673.04719600001,53634.298491,91725.257778,119194.537216,44320.958505999995,125572.35541399999,108299.856383,81352.761152,74100.749346
elderly,mixed_offers,walk,900s,2023.5062799999998,9804.161951,7107.870868999999,5955.498081000001,15921.695861,20906.834355999996,6556.068675,21886.937996999997,19403.304153,13588.674419999998,9376.501456000002
total,unhealthy_offers,walk,300s,9229.582206000001,58785.49704299999,47608.49845100001,53402.607305000005,48604.366323999995,111642.358355,37806.056909,108060.581245,79419.50417600002,53003.857505,25500.291233999997
men,unhealthy_offers,walk,300s,4514.721568999999,27708.493272999996,22934.762097999996,25098.766495,23103.118014,52230.776641,17641.178643,52771.28110600001,37239.603597,25628.491702,11933.054713
women,unhealthy_offers,walk,300s,4714.860637000002,31077.003769999996,24673.736356,28303.84081,25501.248310000003,59411.581714,20164.878266000003,55289.301315,42179.900583999995,27375.365809999996,13567.236521
youth,unhealthy_offers,walk,300s,2546.3793809999997,16681.471419,13445.375595999998,15682.821476999998,14230.345894,32482.871154999993,10629.359633,33678.133791,23436.136399,15251.067850999998,7282.151514
children_u5,unhealthy_offers,walk,300s,744.0130449999999,4761.627627,4072.520876,4200.898276999999,2918.197201,6281.7357090000005,2733.220711,6336.496681999999,4286.532637,3739.460794,1961.43609
women_rep,unhealthy_offers,walk,300s,3006.972327,20634.999525000003,15908.946249999999,19341.734827,16834.172284,40300.32049,13453.671940999999,36062.492013999996,28447.327553000003,17989.632249,9141.808013999998
elderly,unhealthy_offers,walk,300s,427.3850170000001,2437.917147,1931.061075,2147.546577,2990.9560220000003,7076.771409999999,2024.5219039999997,6543.080873,5094.815320999999,2966.879972,1185.13124
total,unhealthy_offers,walk,600s,41321.61601500001,192897.79498999997,176637.39470399998,116820.522019,198859.42091199997,308121.345019,119024.04095100002,324469.392925,250948.02460900004,229709.261124,107571.90076400002
men,unhealthy_offers,walk,600s,20217.398627000002,90914.66502500001,85127.60659499999,54905.136469,94563.81455099999,144153.27826400002,55508.01708199999,158382.553032,117663.396577,111004.026427,50351.37861300001
women,unhealthy_offers,walk,600s,21104.217388,101983.12996500001,91509.78813,61915.385550000006,104295.60636100001,163968.066755,63516.023869000004,166086.843315,133284.628039,118705.234721,57220.522151000005
youth,unhealthy_offers,walk,600s,11395.484193,54740.41692299999,50068.92584099999,34305.502533,58125.80545,89659.45937499999,33277.209539999996,100858.20615299999,74049.91420000001,66139.17000000001,30768.40273199999
children_u5,unhealthy_offers,walk,600s,3331.632941,15634.116325000003,14723.112208999999,9189.931030999995,12233.482148,17344.073655,8819.468765,19228.781366,13527.241478,16077.2084,8284.790348
women_rep,unhealthy_offers,walk,600s,13453.124635,67721.056335,59004.24168500001,42309.059585,68766.65613700001,111232.27923999999,42316.059409999994,108302.985464,89904.045126,78072.835172,38586.625131999994
elderly,unhealthy_offers,walk,600s,1914.9562010000002,7988.898389000001,7516.385690000001,4698.0870190000005,11980.873022999998,19518.173325999993,6263.731129999999,19505.128923,16110.299829,12951.099928999998,4961.587197999999
total,unhealthy_offers,walk,900s,86201.716883,281422.400662,286613.2736,152866.139823,285033.38329699996,328608.60106499994,186374.10850400003,425603.86451900005,307320.19863400003,358688.113527,204215.04317400002
men,unhealthy_offers,walk,900s,42176.311209,132618.956389,138204.726076,71846.53238199998,135618.191787,153739.01422600003,86903.497324,207678.27933699999,144116.115539,173302.174283,95612.278993
women,unhealthy_offers,walk,900s,44025.405673999994,148803.44427300003,148408.547545,81019.607441,149415.19151200002,174869.586839,99470.61118000002,217925.589488,163204.083102,185385.93926800002,108602.764181
youth,unhealthy_offers,walk,900s,23772.532671,79869.15183899998,81076.4092,44890.23143400001,83332.653058,95622.78368499999,52024.18117199999,131756.55086599998,90674.51773800001,103263.24344099998,58510.32449400001
children_u5,unhealthy_offers,walk,900s,6950.052811,22811.377912999997,24231.542057000002,12025.630055999995,17538.531367,18505.194933,13894.705611,25784.727059999997,16582.833751,25058.337209,15749.326829999998
women_rep,unhealthy_offers,walk,900s,28064.563301000002,98824.69021900001,95586.316339,55363.22309199999,98433.24334799999,118629.23154599998,66238.694772,141991.842202,110076.823702,121958.80205900002,73298.327994
elderly,unhealthy_offers,walk,900s,3994.9106870000005,11648.425081000003,11920.574226,6147.771552000002,17189.815188,20807.334319999994,9770.250583000001,25162.551251,19723.342089,20272.689216000002,9342.246980000002
total,shop_kiosk,walk,300s,1120.390992,3453.344949,,,1550.689897,2225.993665,2149.051881,,5359.965949000001,,
men,shop_kiosk,walk,300s,548.322208,1626.261145,,,737.057782,1041.3550360000002,1002.2361119999999,,2513.0898530000004,,
women,shop_kiosk,walk,300s,572.0687840000002,1827.0838040000003,,,813.632115,1184.638629,1146.815769,,2846.876096,,
youth,shop_kiosk,walk,300s,308.853888,981.4756649999999,,,451.65358499999996,645.952131,601.7638529999999,,1583.450594,,
children_u5,shop_kiosk,walk,300s,90.34457600000002,276.841371,,,99.698782,128.308512,156.376339,,286.294307,,
women_rep,shop_kiosk,walk,300s,364.49952,1215.0797770000001,,,536.247766,802.4734960000001,765.0057609999999,,1920.9875240000001,,
elderly,shop_kiosk,walk,300s,51.968,145.423212,,,89.43504600000001,139.005554,115.24398199999999,,345.545102,,
total,shop_kiosk,walk,600s,9713.389761,19635.627943,,145.026938,10547.113638,15657.984725999999,12214.373342,,45663.34157800001,,
men,shop_kiosk,walk,600s,4753.757714,9252.432017,,68.232554,5003.126321999999,7325.259839000001,5694.377519,,21409.512106000002,,
women,shop_kiosk,walk,600s,4959.632047000001,10383.195925999999,,76.79438400000001,5543.987315999999,8332.724887,6519.995823000001,,24253.829471999998,,
youth,shop_kiosk,walk,600s,2677.6529040000005,5574.701450999999,,41.930202,3083.9212139999995,4549.898418,3405.6570300000003,,13488.488603999998,,
children_u5,shop_kiosk,walk,600s,783.2552079999999,1588.550687,,11.571302,641.2547959999999,896.1057380000001,910.85219,,2439.9147420000004,,
women_rep,shop_kiosk,walk,600s,3160.08066,6897.944493,,51.801722,3670.1259219999997,5649.150794,4341.320458,,16366.400176,,
elderly,shop_kiosk,walk,600s,450.544,815.0330560000001,,5.906958,637.837856,981.0514129999999,641.885828,,2943.509564,,
total,shop_kiosk,walk,900s,22917.997881,42733.074516,,703.927316,37605.37141,40836.725141999996,26016.121398000003,,96142.55451,2109.187326,
men,shop_kiosk,walk,900s,11216.126594000001,20138.591725,,330.982068,17837.947662000002,19105.670751,12128.505106,,45076.03918100001,1003.7224719999999,
women,shop_kiosk,walk,900s,11701.871287000002,22594.482791000002,,372.945248,19767.423748,21731.054391,13887.616292000002,,51066.515329,1105.464854,
youth,shop_kiosk,walk,900s,6317.716584,12129.359675999998,,205.40322000000003,10983.824052999998,11876.186686,7251.401022,,28392.409009,615.863156,
children_u5,shop_kiosk,walk,900s,1848.030568,3460.9993529999997,,55.699819999999995,2315.2821519999998,2318.5265719999998,1944.5799740000002,,5142.558089,127.976493,
women_rep,shop_kiosk,walk,900s,7455.967860000001,15006.808027000003,,253.50306,13083.223554999999,14737.342823,9245.682602,,34461.440155000004,737.627976,
elderly,shop_kiosk,walk,900s,1063.0240000000003,1771.1692980000003,,28.457532,2248.5860719999996,2571.635422,1364.259354,,6195.255486999999,129.398623,
total,shop_alcohol,walk,300s,,2652.5380880000002,902.7870679999999,6570.240860000001,273.31235100000004,105.874434,3587.8146720000004,1219.685145,3164.3172470000004,4626.210156,882.6654800000001
men,shop_alcohol,walk,300s,,1249.6387249999998,440.287996,3087.9567399999996,132.31874499999998,49.671028,1672.702929,596.5267800000001,1483.6313590000002,2238.692356,413.73542499999996
women,shop_alcohol,walk,300s,,1402.899363,462.49908000000005,3482.28412,140.993606,56.203406,1915.1117430000002,623.15838,1680.685888,2387.5178,468.930055
youth,shop_alcohol,walk,300s,,753.0518729999999,275.750484,1929.4922040000001,76.322519,30.982386,999.7161120000001,384.93548999999996,934.8081819999999,1306.095077,254.793768
children_u5,shop_alcohol,walk,300s,,215.030197,59.105475999999996,516.8458039999999,25.372659,7.3977879999999985,270.60792,66.90854999999999,169.017121,391.16985900000003,68.481608
women_rep,shop_alcohol,walk,300s,,932.065039,300.37409199999996,2379.656404,90.13868499999998,38.29828,1274.903112,407.19216,1134.076972,1542.3024369999998,317.67716800000005
elderly,shop_alcohol,walk,300s,,109.649033,49.995340000000006,264.21740400000004,9.509643,5.218987,185.96036999999998,77.282265,203.99650599999998,197.523042,38.912058
total,shop_alcohol,walk,600s,20.006982,14007.534216,8161.935492,29113.409795000003,1534.753971,5780.673357,11109.586202,6515.830921,21242.292549000005,12678.359322,10085.435187
men,shop_alcohol,walk,600s,9.791468,6609.686256,3959.895547,13683.052405,743.0206450000001,2706.359359,5179.756858999999,3179.074582,9958.678753000002,6135.295909999999,4717.280689
women,shop_alcohol,walk,600s,10.215514,7397.847960000001,4202.039966,15430.357390000001,791.733326,3074.3139979999996,5929.829343,3336.7564,11283.613796,6543.0634119999995,5368.154498000001
youth,shop_alcohol,walk,600s,5.515248,3972.066849,2341.295327,8549.777463,428.58029899999997,1684.6490009999998,3096.675186,1999.855588,6268.870873999999,3578.7323529999994,2871.049383
children_u5,shop_alcohol,walk,600s,1.613296,1135.254336,692.8570709999999,2290.196663,142.477239,344.901637,838.163474,416.52375199999994,1143.0407470000002,1073.868123,773.799591
women_rep,shop_alcohol,walk,600s,6.50892,4907.0832120000005,2698.728739,10544.501113,506.16338499999995,2088.012643,3948.198886,2169.011914,7611.912203999999,4225.957085,3611.483433
elderly,shop_alcohol,walk,600s,0.928,581.946408,332.769048,1170.7743630000002,53.400303,345.901819,574.9895239999998,368.413025,1364.6941419999998,539.558076,475.72669099999996
total,shop_alcohol,walk,900s,1300.45383,26905.865512,11189.39538,52466.304264000006,7890.974645,16935.279240999997,30760.626645,33797.010499,73175.71009300002,21656.851342,28755.847533000007
men,shop_alcohol,walk,900s,636.44542,12706.305818,5425.580107,24658.747682000005,3826.669993,7925.3926169999995,14342.92437,16482.154771,34304.778901000005,10463.598624,13457.515386000001
women,shop_alcohol,walk,900s,664.00841,14199.559694,5763.815293999999,27807.556582,4064.304685,9009.886623999999,16417.702275,17314.856026,38870.931192,11193.252718,15298.332147000001
youth,shop_alcohol,walk,900s,358.49112,7624.5531869999995,3186.713999,15407.525963999999,2316.550237,4929.353972999999,8578.269440999999,10318.673232999998,21588.812850000002,6131.101158999999,8215.821369000001
children_u5,shop_alcohol,walk,900s,104.86424000000001,2180.47441,973.9080629999999,4127.325713999999,594.2748119999999,983.4576809999999,2321.6177609999995,2217.2929249999997,3945.600115,1789.3763009999998,2212.704921
women_rep,shop_alcohol,walk,900s,423.07980000000003,9410.485034000001,3697.1880189999997,19002.255374000004,2626.77932,6114.418279,10933.775991000002,11244.404887000002,26220.43442,7250.739323,10310.729919000001
elderly,shop_alcohol,walk,900s,60.32,1120.695354,438.106632,2109.931242,381.711337,1042.8527069999998,1588.896411,1868.178503,4696.57867,956.396808,1333.3603710000002
total,shop_convenience,walk,300s,1660.579506,556.261761,,8316.269435,5343.179669,412.06709,8045.919817000001,10141.722409999998,2453.960314,3936.220479,1834.933693
men,shop_convenience,walk,300s,812.6918440000001,262.025148,,3908.5751650000007,2536.9946269999996,192.77753,3751.327559,4959.443229,1150.571258,1904.035017,859.6656459999999
women,shop_convenience,walk,300s,847.8876620000001,294.23661300000003,,4407.694270000001,2806.185042,219.28956,4294.592258000001,5182.279305,1303.389056,2032.185462,975.268047
youth,shop_convenience,walk,300s,457.765584,157.912623,,2442.2509590000004,1556.3381069999998,119.91320999999999,2242.636005,3199.5157109999996,724.9532839999999,1122.169272,527.965257
children_u5,shop_convenience,walk,300s,133.903568,45.101298,,654.196559,340.074007,23.10723,607.008613,556.447586,131.074502,303.546546,141.993769
women_rep,shop_convenience,walk,300s,540.24036,195.48823800000002,,3012.0454090000003,1853.2409290000003,148.76465000000002,2859.378155,3386.3693600000006,879.4882640000001,1324.9423740000002,659.6242070000001
elderly,shop_convenience,walk,300s,77.024,22.986810000000002,,334.432659,310.73923400000007,26.184219999999996,416.4845130000001,642.713086,158.201372,196.013025,82.217419
total,shop_convenience,walk,600s,6852.391335000001,8495.634168000002,,31945.85615,43241.926720999996,8395.13642,32527.264639,39957.081538,18017.234937,26860.058533999996,14743.745539000003
men,shop_convenience,walk,600s,3353.57779,4001.8386239999995,,15014.27785,20519.134316,3927.8779350000004,15166.036178000002,19514.708067000003,8447.615289000001,12992.176426000002,6898.656213
women,shop_convenience,walk,600s,3498.8135450000004,4493.7955440000005,,16931.5783,22722.792405,4467.258485,17361.228461000002,20442.373926,9569.619648,13867.882108,7845.089325999999
youth,shop_convenience,walk,600s,1888.9724400000002,2411.756424,,9381.586109999998,12568.962015,2442.8750519999994,9069.901778999998,12532.030107,5322.683322,7666.270864,4207.238967
children_u5,shop_convenience,walk,600s,552.5538799999999,688.8198239999999,,2513.0101099999997,2815.364946,476.84457399999997,2449.287151,2235.8792349999994,962.3627910000001,2047.6804359999999,1133.382583
women_rep,shop_convenience,walk,600s,2229.3051,2985.6385440000004,,11570.37661,15012.74123,3030.73707,11561.263792999998,13353.036643,6457.2954119999995,9051.409212,5284.170617000001
elderly,shop_convenience,walk,600s,317.84000000000003,351.07128,,1284.6791100000003,2454.030682,527.668427,1686.2062949999997,2504.6193500000004,1161.5311259999999,1360.148186,687.654683
total,shop_convenience,walk,900s,15585.438978000002,23278.711877,,52807.664235,118004.44601499998,32402.134611999998,61621.82019800001,80502.628582,62090.05269500001,66793.555742,49114.668998
men,shop_convenience,walk,900s,7627.553572000001,10965.355435999998,,24819.148365,56036.297149,15159.438499,28730.951065999998,39303.276379,29109.531685000005,32303.440434000004,22984.925206
women,shop_convenience,walk,900s,7957.885406000001,12313.356441000002,,27988.51587,61968.14886600001,17242.696113,32890.869132,41199.353092,32980.52101,34490.115308,26129.743791999997
youth,shop_convenience,walk,900s,4296.378192,6608.404011,,15508.103679,34357.135308,9424.162356,17180.148918,25160.400048999996,18328.967098,19128.4709,14031.090222000003
children_u5,shop_convenience,walk,900s,1256.7575840000002,1887.4209859999999,,4154.097279,7563.4307,1845.2457679999998,4639.891395999999,4604.2903289999995,3334.118929,4918.169248,3778.9646539999994
women_rep,shop_convenience,walk,900s,5070.4486799999995,8180.886566,,19126.254129,40909.173619999994,11695.496232000001,21901.300151999993,26897.446575,22250.212288,22583.588528000004,17609.955922
elderly,shop_convenience,walk,900s,722.912,961.9631699999999,,2123.6213790000006,6815.154202,2034.471564,3196.0556849999994,4967.805872,3992.8343139999997,3548.258042,2278.479054
total,shop_confectionery,walk,300s,,640.5438459999999,,1073.4842350000001,1500.176461,2966.8830479999997,,,,80.909038,607.876615
men,shop_confectionery,walk,300s,,301.72592799999995,,504.528365,709.590964,1387.998216,,,,39.119458,285.696785
women,shop_confectionery,walk,300s,,338.817918,,568.95587,790.585497,1578.884832,,,,41.78958,322.17983
youth,shop_confectionery,walk,300s,,181.838778,,315.25167899999997,430.957707,863.375112,,,,23.323356,178.516011
children_u5,shop_confectionery,walk,300s,,51.934827999999996,,84.44527899999999,110.064314,166.372056,,,,5.547032,47.81841099999999
women_rep,shop_confectionery,walk,300s,,225.10766800000002,,388.80212900000004,523.337078,1071.10548,,,,27.533816,220.16506100000004
elderly,shop_confectionery,walk,300s,,26.46966,,43.169379000000006,73.261666,188.52638399999998,,,,4.689946,24.445311000000004
total,shop_confectionery,walk,600s,,4517.519756,,5794.22816,13852.927337000001,12444.426118,,224.890157,,2350.8346349999997,3660.193235
men,shop_confectionery,walk,600s,,2127.9618079999996,,2723.23744,6541.414781,5821.881406,,108.774011,,1137.0379329999998,1720.259365
women,shop_confectionery,walk,600s,,2389.557948,,3070.99072,7311.512556000001,6622.544712,,116.11614600000001,,1213.796702,1939.93387
youth,shop_confectionery,walk,600s,,1282.4419079999998,,1701.599424,3985.4537759999994,3621.3789420000003,,64.259601,,671.790329,1074.894279
children_u5,shop_confectionery,walk,600s,,366.27720800000003,,455.80102399999987,985.518616,697.838346,,16.949292999999997,,176.991705,287.92787899999996
women_rep,shop_confectionery,walk,600s,,1587.6014480000001,,2098.5946240000003,4857.79609,4492.692430000001,,75.86886700000001,,793.156231,1325.674729
elderly,shop_confectionery,walk,600s,,186.68076,,233.01062400000004,702.328208,790.7634439999999,,11.574425000000002,,121.165707,147.19197900000003
total,shop_confectionery,walk,900s,,10248.701536,,10967.64616,38841.68793099999,19614.393484,,2347.031421,,10623.093352999998,8626.674515
men,shop_confectionery,walk,900s,,4827.614847999999,,5154.69944,18370.314016,9176.210428,,1135.809227,,5140.024495,4054.462885000001
women,shop_confectionery,walk,900s,,5421.086688,,5812.94672,20471.373914999996,10438.183055999998,,1211.2221940000002,,5483.068858000001,4572.211630000001
youth,shop_confectionery,walk,900s,,2909.4204479999994,,3220.8846240000003,11198.563125,5707.868796,,661.974355,,3008.446462,2533.4080710000003
children_u5,shop_confectionery,walk,900s,,830.957248,,862.766224,2727.213546,1099.904148,,200.207499,,873.2493519999999,678.6144709999999
women_rep,shop_confectionery,walk,900s,,3601.7226880000003,,3972.3398240000006,13571.08527,7081.197340000001,,781.7027089999999,,3552.378,3124.4701210000003
elderly,shop_confectionery,walk,900s,,423.51456,,441.05582400000003,2008.789022,1246.368872,,98.53586100000001,,477.421019,346.91537100000005
total,shop_health_food,walk,300s,,,,,,,1181.5837480000002,,2518.5382170000003,,
men,shop_health_food,walk,300s,,,,,,,553.9485910000001,,1180.8494489999998,,
women,shop_health_food,walk,300s,,,,,,,627.6351569999999,,1337.688768,,
youth,shop_health_food,walk,300s,,,,,,,348.737322,,744.031002,,
children_u5,shop_health_food,walk,300s,,,,,,,63.53329600000001,,134.523831,,
women_rep,shop_health_food,walk,300s,,,,,,,423.412802,,902.6326920000001,,
elderly,shop_health_food,walk,300s,,,,,,,75.936616,,162.36456599999997,,
total,shop_health_food,walk,600s,,,,,,,6369.551710000001,,15739.103952000001,,
men,shop_health_food,walk,600s,,,,,,,2983.51623,,7378.123054,,
women,shop_health_food,walk,600s,,,,,,,3386.0354799999996,,8360.980898,,
youth,shop_health_food,walk,600s,,,,,,,1863.323164,,4641.1397959999995,,
children_u5,shop_health_food,walk,600s,,,,,,,363.785922,,851.621368,,
women_rep,shop_health_food,walk,600s,,,,,,,2279.376584,,5639.225555999999,,
elderly,shop_health_food,walk,600s,,,,,,,397.332852,,1008.491008,,
total,shop_health_food,walk,900s,,,,,,,11821.575199,,35435.999826,,
men,shop_health_food,walk,900s,,,,,,,5527.887207999999,,16609.919471999998,,
women,shop_health_food,walk,900s,,,,,,,6293.687991000001,,18826.080354,,
youth,shop_health_food,walk,900s,,,,,,,3399.460716,,10439.024616,,
children_u5,shop_health_food,walk,900s,,,,,,,750.5244130000001,,1930.633398,,
women_rep,shop_health_food,walk,900s,,,,,,,4219.405106,,12694.570236000001,,
elderly,shop_health_food,walk,900s,,,,,,,694.908298,,2263.108428,,
total,shop_spices,walk,300s,,,,,,,939.893206,,,,
men,shop_spices,walk,300s,,,,,,,438.11649700000004,,,,
women,shop_spices,walk,300s,,,,,,,501.77670900000004,,,,
youth,shop_spices,walk,300s,,,,,,,261.581502,,,,
children_u5,shop_spices,walk,300s,,,,,,,70.823326,,,,
women_rep,shop_spices,walk,300s,,,,,,,333.84180200000003,,,,
elderly,shop_spices,walk,300s,,,,,,,48.957076,,,,
total,shop_spices,walk,600s,,,,,,,7979.501504000001,,134.27045800000002,,
men,shop_spices,walk,600s,,,,,,,3719.519648,,62.588071,,
women,shop_spices,walk,600s,,,,,,,4259.981856,,71.682387,,
youth,shop_spices,walk,600s,,,,,,,2220.773568,,37.368786,,
children_u5,shop_spices,walk,600s,,,,,,,601.275584,,10.117618,,
women_rep,shop_spices,walk,600s,,,,,,,2834.2487680000004,,47.691686000000004,,
elderly,shop_spices,walk,600s,,,,,,,415.635584,,6.993868,,
total,shop_spices,walk,900s,,,,,,277.072079,18817.770167,,6367.632941000002,,
men,shop_spices,walk,900s,,,,,,129.362483,8772.098069,,2982.093187,,
women,shop_spices,walk,900s,,,,,,147.709596,10045.672098,,3385.5397540000004,,
youth,shop_spices,walk,900s,,,,,,78.681147,5240.831715000001,,1859.4739900000002,,
children_u5,shop_spices,walk,900s,,,,,,18.495161,1412.4063449999999,,367.891675,,
women_rep,shop_spices,walk,900s,,,,,,99.134179,6685.587923,,2278.07428,,
elderly,shop_spices,walk,900s,,,,,,15.848258000000001,983.4827380000002,,394.83451,,
total,shop_supermarket,walk,300s,1330.4643030000002,15001.107538,12670.572585,21534.352425000005,23230.189690000003,37346.161553,11718.429371,34998.897858,32957.509020000005,7042.428964999999,19525.339257000007
men,shop_supermarket,walk,300s,651.132622,7068.055243999999,6064.197656999999,10120.960575000001,11049.227237000001,17472.322986,5467.486137,17086.141207,15456.005325999999,3389.5777049999997,9142.486904
women,shop_supermarket,walk,300s,679.3316810000001,7933.052294000001,6606.374929,11413.391850000002,12180.962453000004,19873.838567,6250.943234,17912.757021,17501.503694,3652.85126,10382.852353
youth,shop_supermarket,walk,300s,366.763992,4257.720444,3634.2812169999997,6324.0246449999995,6799.615129999999,10868.421121,3290.632081,10882.574096999999,9733.972172,2028.8521459999997,5597.607572999999
children_u5,shop_supermarket,walk,300s,107.284184,1216.234584,951.841772,1693.9926449999998,1404.2354129999999,2094.386517,852.915043,2070.1625,1764.8923180000002,490.69120899999996,1506.539061
women_rep,shop_supermarket,walk,300s,432.84318,5269.259824000001,4306.459096,7799.464395000001,8031.385152999999,13481.524190000002,4169.097451,11677.957418,11807.308212,2405.8378119999998,7009.695123
elderly,shop_supermarket,walk,300s,61.71200000000001,620.4078800000001,620.001753,865.988145,1423.2071760000003,2372.9647349999996,624.137573,2107.74507,2122.64425,391.97353200000003,890.6474109999999
total,shop_supermarket,walk,600s,7252.5309750000015,65739.154082,62443.142389,97130.92295000001,120012.43640299999,159718.93477,61297.945758,176159.615382,153986.94208000004,56076.266368,84295.816597
men,shop_supermarket,walk,600s,3549.40715,30978.86765,29917.454418,45650.699049999996,57055.25483499999,74724.327057,28595.840625999997,86032.302324,72225.604649,27047.959189999998,39470.118744
women,shop_supermarket,walk,600s,3703.1238250000006,34760.286432,32525.687992,51480.22389999999,62957.181568,84994.60771299999,32702.105132,90127.31496199999,81761.337431,29028.307178,44825.697853000005
youth,shop_supermarket,walk,600s,1999.2774,18656.482485,18037.334686000002,28524.57963,35081.098684000004,46481.0284,17188.471052999997,54862.40512399999,45463.673276,16139.682130999998,24165.072705000002
children_u5,shop_supermarket,walk,600s,584.8198,5329.777166,4459.110086,7640.771629999998,7369.197688,8984.003230999999,4490.960624,10375.667253999998,8271.225991000001,3931.848818,6503.848032999998
women_rep,shop_supermarket,walk,600s,2359.4835,23084.833814,21200.613952,35179.56613,41526.685702,57661.175884,21803.525921,58760.94143,55150.739,19099.672003,30262.070855
elderly,shop_supermarket,walk,600s,336.40000000000003,2720.07963,3263.8444390000004,3906.0486300000007,7239.842066,10121.547322999999,3248.9804669999994,10634.746901999999,9905.292562999999,3129.643167,3846.0861830000003
total,shop_supermarket,walk,900s,16425.732222000002,139420.93218899998,110196.74607000002,142049.124735,234370.702197,277969.666249,105272.66034100001,314891.679877,277836.37276,132934.16167799997,163389.55541399997
men,shop_supermarket,walk,900s,8038.795228,65706.027405,52882.353867,66761.86786500001,111536.291783,130047.62915,49098.625017,153725.84842200004,130287.35225399998,64180.231696,76505.293523
women,shop_supermarket,walk,900s,8386.936994000002,73714.90478400001,57314.39222400001,75287.25686999998,122834.41042100001,147922.037099,56174.035324000004,161165.834726,147549.020506,68753.930005,86884.26189100002
youth,shop_supermarket,walk,900s,4528.018608,39565.579776,31697.337018,41715.773379,68569.675457,80890.56450099999,29452.449545999996,97671.529793,81993.711622,38300.418262,46842.222654
children_u5,shop_supermarket,walk,900s,1324.5160160000003,11302.146150999999,8126.901229999999,11174.246978999998,14316.989723,15647.424966999999,7783.7815709999995,18966.351402,14955.802193999998,9310.008246000001,12607.05315
women_rep,shop_supermarket,walk,900s,5343.82332,48952.00793700001,37247.94485,51448.358829000004,80916.224612,100350.637556,37432.775716,105007.388507,99530.435018,45219.134766,58658.13215399999
elderly,shop_supermarket,walk,900s,761.888,5771.18173,5564.208934999999,5712.401079,14232.892997,17605.272494999997,5545.607586000001,18690.08699,17852.014818,7443.392908,7452.227800000001
total,amenity_cafe,walk,300s,3717.6586650000004,21735.717819999998,24331.959372,38593.69828,21313.070805000003,82989.46514799999,14279.636322000002,51420.252934000004,50312.22604100001,31281.664850999998,15256.710868999999
men,amenity_cafe,walk,300s,1817.172135,10242.389626,11730.163251,18138.70652,10112.371109,38825.787221000006,6661.961594000001,25128.047523,23588.714882,15124.675628,7138.265823000001
women,amenity_cafe,walk,300s,1900.4865300000004,11493.328194000002,12601.796120999998,20454.99176,11200.699696000001,44163.677927,7617.674728000001,26292.205998999998,26723.511159,16156.989229,8118.445045999999
youth,amenity_cafe,walk,300s,1026.928557,6168.6500909999995,6852.865376999999,11333.867591999999,6236.17624,24146.58709,4003.6916499999998,16103.533872999997,14858.221022999998,9011.903400999998,4351.989057
children_u5,amenity_cafe,walk,300s,299.54999699999996,1762.22317,2120.073544,3035.960392,1275.350141,4666.672839,1054.985628,2942.8384379999998,2693.771979,2185.609026,1172.4641929999998
women_rep,amenity_cafe,walk,300s,1213.7648669999999,7633.146082,8113.348090000001,13978.139192,7416.17159,29957.207976,5080.709704000001,17157.594440000004,18030.860206999998,10625.381415000002,5467.276207000001
elderly,amenity_cafe,walk,300s,171.72101700000002,899.2638900000001,955.7671119999999,1552.0171920000003,1310.16205,5263.169633999999,748.306567,3167.578994,3239.9174379999995,1769.9946499999999,712.8382930000001
total,amenity_cafe,walk,600s,19716.674224,112971.155043,103304.784654,96129.179877,134177.585855,275699.103315,74241.241166,234319.570671,163866.570044,159610.13419599997,75859.010569
men,amenity_cafe,walk,600s,9645.122700999998,53239.138828999996,49761.289729000004,45180.276773,63784.885018999994,128982.49353400001,34627.593432,114436.035532,76829.698516,77156.808602,35499.121638
women,amenity_cafe,walk,600s,10071.551523000002,59732.016214,53543.49493,50948.903104000005,70392.700836,146716.609781,39613.647734,119883.53774200001,87036.87153100001,82453.325618,40359.88893100001
youth,amenity_cafe,walk,600s,5439.178796999999,32059.742157,29261.006493999994,28230.036050999995,39220.23220500001,80222.27677899999,20781.227237,73216.35573999998,48378.61546,45983.062421999995,21664.440165
children_u5,amenity_cafe,walk,600s,1589.452973,9157.995275000001,8631.077596,7562.0092989999985,8226.778471,15498.882693,5478.912954,13502.560720000001,8795.057891,11125.627301,5835.214021
women_rep,amenity_cafe,walk,600s,6422.576711,39667.099425,34540.672307999994,34816.010373,46443.267313000004,99526.888962,26401.315866999998,78242.2998,58721.13374000001,54239.782482,27195.901715000004
elderly,amenity_cafe,walk,600s,913.1779210000002,4676.087822000001,4374.143685,3865.887703000001,8103.930295999999,17485.540538,3915.439944,14372.382345,10540.940175,9051.820905999999,3524.571071
total,amenity_cafe,walk,900s,49318.010885,197783.264855,213152.64848200002,134422.47656799998,239316.927176,327292.0266829999,145364.07433200002,374674.981651,243566.98207400003,296068.801328,148320.962444
men,amenity_cafe,walk,900s,24128.577565000003,93205.193255,102748.18351999999,63177.991307000004,113870.163184,153122.19471699998,67787.31221,182908.957147,114200.77135899999,143059.501511,69449.078843
women,amenity_cafe,walk,900s,25189.43332,104578.07160000001,110404.46498300001,71244.485261,125446.763992,174169.831966,77576.762122,191766.02852199998,129366.210722,153009.299841,78871.88360100001
youth,amenity_cafe,walk,900s,13602.525963,56129.37580799999,60392.613026000006,39475.504155,70007.451631,95239.49646099999,40610.68624799999,116671.70455299999,71871.180662,85283.213525,42520.137756
children_u5,amenity_cafe,walk,900s,3976.048523,16034.122941000003,17814.381484999998,10574.358427,14613.185886,18422.831687999995,10804.495999,21975.667255,13127.258088000002,20563.245121,11443.923451999997
women_rep,amenity_cafe,walk,900s,16059.524652999999,69450.604691,71159.273847,48684.979313,82650.97832899999,118154.39743499999,51672.291247999994,125088.645315,87264.20994600002,100704.86280100001,53247.449356000005
elderly,amenity_cafe,walk,900s,2285.0835030000003,8185.142992000001,9036.89719,5405.886183000001,14536.133529000002,20732.185277999994,7634.123470999999,22694.816701000003,15637.973666,16857.284999,6766.541402000001
total,shop_seafood,walk,300s,750.261825,,,,3893.4639480000005,,,701.521105,,,
men,shop_seafood,walk,300s,367.18005000000005,,,,1858.241946,,,339.618165,,,
women,shop_seafood,walk,300s,383.081775,,,,2035.2220020000002,,,361.90294500000005,,,
youth,shop_seafood,walk,300s,206.8218,,,,1147.233582,,,215.223465,,,
children_u5,shop_seafood,walk,300s,60.4986,,,,220.235796,,,38.987379999999995,,,
women_rep,shop_seafood,walk,300s,244.0845,,,,1336.3352639999998,,,236.96824,,,
elderly,shop_seafood,walk,300s,34.800000000000004,,,,253.85989200000006,,,44.992565,,,
total,shop_seafood,walk,600s,3491.721755,,,,22062.962371999998,,,14735.09029,,,
men,shop_seafood,walk,600s,1707.100145,,,,10530.037694,,,7184.381208000001,,,
women,shop_seafood,walk,600s,1784.6216100000004,,,,11532.924678,,,7550.70924,,,
youth,shop_seafood,walk,600s,964.1796509999999,,,,6500.990298,,,4610.888292,,,
children_u5,shop_seafood,walk,600s,281.382211,,,,1248.002844,,,811.551052,,,
women_rep,shop_seafood,walk,600s,1139.3069409999998,,,,7572.566496,,,4937.01088,,,
elderly,shop_seafood,walk,600s,161.400791,,,,1438.5393880000001,,,937.1234420000001,,,
total,shop_seafood,walk,900s,7621.240276,,,90.534815,53859.58461399999,,,45831.51773000001,,,
men,shop_seafood,walk,900s,3724.8333239999997,,,42.550585,25705.680253,,,22348.512663999998,,,
women,shop_seafood,walk,900s,3896.4069520000007,,,47.98423,28153.904361,,,23483.005559999998,,,
youth,shop_seafood,walk,900s,2105.575524,,,26.587491,15870.064551,,,14345.912196000001,,,
children_u5,shop_seafood,walk,900s,614.0411879999999,,,7.121890999999998,3046.5951780000005,,,2523.864556,,,
women_rep,shop_seafood,walk,900s,2488.96982,,,32.790541000000005,18485.971152,,,15353.95552,,,
elderly,shop_seafood,walk,900s,351.9062600000001,,,3.640791000000001,3511.7285060000004,,,2914.413346,,,
total,amenity_fast_food,multimodal,300s,920.3211720000002,5680.612529,4189.555798,20396.200465,5536.086087000001,20731.404889999998,2857.26426,6667.612126,14530.028175000003,,3645.6299930000005
men,amenity_fast_food,multimodal,300s,450.407528,2675.832572,2022.9943439999997,9586.038935,2628.188169,9698.76447,1332.8867,3261.0130640000007,6812.592975,,1710.6773460000004
women,amenity_fast_food,multimodal,300s,469.9136440000001,3004.779957,2166.561454,10810.161530000001,2907.897918000001,11032.64042,1524.37756,3406.599144,7717.4352,,1934.952647
youth,amenity_fast_food,multimodal,300s,253.701408,1612.6228469999999,1180.996318,5989.781901,1607.481663,6030.868218,799.5027,2104.314012,4292.48655,,1059.715077
children_u5,amenity_fast_food,multimodal,300s,74.21161600000002,460.579922,362.862136,1604.4603009999996,366.849239,1169.453168,215.32168599999997,365.76673999999997,776.099025,,284.431589
women_rep,amenity_fast_food,multimodal,300s,299.41031999999996,1996.3495820000003,1391.952,7387.240451,1918.841869,7483.509148,1016.834494,2225.983808,5207.496300000001,,1315.4350270000002
elderly,amenity_fast_food,multimodal,300s,42.688,234.74408999999997,167.517288,820.2182010000001,308.568794,1311.831373,146.38318499999997,422.47638199999994,936.7186499999999,,155.033239
total,amenity_fast_food,multimodal,600s,7992.789309000001,26582.569609,27564.578962999996,77640.07063500001,32750.632705999997,131443.23996699997,17791.080373000004,41143.394688,98837.66047000002,4176.426859,19461.334101
men,amenity_fast_food,multimodal,600s,3911.6914659999998,12521.626011999999,13253.782521000001,36490.165965,15518.522857999998,61495.236046000005,8299.828801,20091.789698,46344.612752,1977.7114609999999,9132.306816999999
women,amenity_fast_food,multimodal,600s,4081.097843000001,14060.943597,14310.796442,41149.90467,17232.109848000004,69948.003921,9491.251572000001,21051.605476999997,52493.04772,2198.715398,10329.027284
youth,amenity_fast_food,multimodal,600s,2203.341576,7546.309286999999,7891.960079,22800.672638999997,9474.403908,38248.842788999995,4982.901393,12953.742083,29202.077835999993,1224.2549660000002,5658.074433
children_u5,amenity_fast_food,multimodal,600s,644.511752,2155.295362,2100.589887,6107.530238999999,2239.4256279999995,7406.723284,1331.0602929999998,2254.969063,5279.495852,243.29650400000003,1518.594177
women_rep,amenity_fast_food,multimodal,600s,2600.31354,9341.968222000001,9267.464376999998,28120.231089,11397.003856000001,47452.749444,6333.602435000001,13772.741476000001,35418.978272,1472.6627960000003,7022.610783000001
elderly,amenity_fast_food,multimodal,600s,370.73600000000005,1098.4908900000003,1342.0095910000002,3122.2383390000005,1755.3926960000001,8318.639198,918.151075,2608.697361,6371.664734,260.564645,826.807577
total,amenity_fast_food,multimodal,900s,21367.456776,64767.979322,59328.507102,117048.58225,90109.243955,253359.97251499994,40267.050229,95909.84617699998,208362.93296200002,22433.909437999995,45457.384681
men,amenity_fast_food,multimodal,900s,10457.287824000003,30508.331519,28503.303515999996,55011.82775,42714.080176999996,118534.780471,18779.783037999998,46829.57533200001,97707.542326,10762.962683000002,21317.304151999997
women,amenity_fast_food,multimodal,900s,10910.168952000002,34259.647803,30825.203586000003,62036.754499999995,47395.16377800001,134825.192044,21487.267191000003,49080.271972999995,110655.39064299999,11670.946764,24140.080529
youth,amenity_fast_food,multimodal,900s,5890.284863999999,18387.334848,17038.696584,34373.82765,26123.419154999996,73725.27654099998,11251.151361,30184.238153,61561.886854000004,6529.920132000001,13161.249092999999
children_u5,amenity_fast_food,multimodal,900s,1723.000128,5248.2496790000005,4397.67053,9207.587649999998,6032.125808000001,14279.619174,3025.663017,5257.717175,11136.251656,1437.0569349999998,3535.293157
women_rep,amenity_fast_food,multimodal,900s,6951.52656,22762.732205000004,19992.609938,42393.48515,31342.364165000003,91463.549097,14322.778591,32110.722668000002,74659.259782,7738.307404000001,16378.329442999999
elderly,amenity_fast_food,multimodal,900s,991.1040000000002,2679.2012160000004,2992.0134260000004,4707.022650000002,4949.12946,16031.561961,2080.607447,6082.278316,13429.25927,1343.395925,1973.5703070000002
total,amenity_ice_cream,multimodal,300s,,,,4552.607840000001,159.201628,6510.660022,,,2970.5835380000008,,1668.789978
men,amenity_ice_cream,multimodal,300s,,,,2139.68656,74.858845,3045.8849739999996,,,1392.796786,,777.8803109999999
women,amenity_ice_cream,multimodal,300s,,,,2412.92128,84.342783,3464.7750479999995,,,1577.786752,,890.9096670000001
youth,amenity_ice_cream,multimodal,300s,,,,1336.970976,45.487938,1894.628718,,,877.575028,,464.440626
children_u5,amenity_ice_cream,multimodal,300s,,,,358.129376,11.877665,365.094234,,,158.669134,,125.74753799999999
women_rep,amenity_ice_cream,multimodal,300s,,,,1648.8957760000003,56.343666999999996,2350.4814699999997,,,1064.6436879999999,,592.7395260000001
elderly,amenity_ice_cream,multimodal,300s,,,,183.07977600000004,7.494412,413.7106759999999,,,191.50692399999997,,86.923788
total,amenity_ice_cream,multimodal,600s,,1061.954271,,21469.6847,5508.273104,35474.51617,3981.2486010000002,,22705.206941000004,,12114.584780000001
men,amenity_ice_cream,multimodal,600s,,500.229828,,10090.5673,2596.9734289999997,16596.387318,1865.814262,,10645.527347,,5648.62029
women,amenity_ice_cream,multimodal,600s,,561.7244430000001,,11379.117400000001,2911.299675,18878.128851999998,2115.434339,,12059.679594,,6465.96449
youth,amenity_ice_cream,multimodal,600s,,301.469553,,6305.03358,1593.3339899999999,10322.887193999999,1170.4996130000002,,6706.955814,,3377.965596
children_u5,amenity_ice_cream,multimodal,600s,,86.10247800000002,,1688.9055799999996,361.41600900000003,1992.13681,220.78602099999998,,1213.605227,,914.2353559999999
women_rep,amenity_ice_cream,multimodal,600s,,373.204818,,7776.042580000001,1943.524859,12806.439966,1425.9637230000003,,8137.3204240000005,,4305.889396
elderly,amenity_ice_cream,multimodal,600s,,43.88391,,863.3875800000001,306.293476,2251.4728079999995,251.68431099999998,,1463.279342,,626.1092560000001
total,amenity_ice_cream,multimodal,900s,,5216.126727999999,,39046.372355,16988.063304000003,71769.285345,13111.987060999998,,43438.545146000004,,25320.159675000003
men,amenity_ice_cream,multimodal,900s,,2456.9056449999994,,18351.459445,8028.8638470000005,33578.411114999995,6131.188366999999,,20362.383467000003,,11815.915304999999
women,amenity_ice_cream,multimodal,900s,,2759.221083,,20694.91291,8959.199457,38190.87423,6980.798693999999,,23076.161678999997,,13504.24437
youth,amenity_ice_cream,multimodal,900s,,1481.0572379999999,,11466.805047,4912.722747,20886.439161,3765.747498,,12805.448298,,7099.896591
children_u5,amenity_ice_cream,multimodal,900s,,421.889465,,3071.5698469999993,1141.886102,4049.810741,849.302363,,2355.131234,,1919.375631
women_rep,amenity_ice_cream,multimodal,900s,,1833.5094669999999,,14142.091897000002,5953.473583999999,25909.650471,4681.0053880000005,,15563.076477999999,,9017.656641
elderly,amenity_ice_cream,multimodal,900s,,216.46541200000001,,1570.2211470000002,924.006674,4535.007566,756.5946980000001,,2780.6770039999997,,1277.871531
total,shop_deli,multimodal,300s,,,,,,,,,4585.031113000001,,
men,shop_deli,multimodal,300s,,,,,,,,,2149.751561,,
women,shop_deli,multimodal,300s,,,,,,,,,2435.279552,,
youth,shop_deli,multimodal,300s,,,,,,,,,1354.5179779999999,,
children_u5,shop_deli,multimodal,300s,,,,,,,,,244.902359,,
women_rep,shop_deli,multimodal,300s,,,,,,,,,1643.254388,,
elderly,shop_deli,multimodal,300s,,,,,,,,,295.586774,,
total,shop_deli,multimodal,600s,,,,,,,,,21633.597505,,
men,shop_deli,multimodal,600s,,,,,,,,,10143.193985000002,,
women,shop_deli,multimodal,600s,,,,,,,,,11490.40352,,
youth,shop_deli,multimodal,600s,,,,,,,,,6391.035529999998,,
children_u5,shop_deli,multimodal,600s,,,,,,,,,1155.5252150000001,,
women_rep,shop_deli,multimodal,600s,,,,,,,,,7753.383379999999,,
elderly,shop_deli,multimodal,600s,,,,,,,,,1394.6699899999999,,
total,shop_deli,multimodal,900s,,,,,1567.3049780000001,,,,54235.595640000014,,
men,shop_deli,multimodal,900s,,,,,744.7727659999999,,,,25428.34214,,
women,shop_deli,multimodal,900s,,,,,822.5322120000001,,,,28807.2535,,
youth,shop_deli,multimodal,900s,,,,,462.112848,,,,16019.280678999998,,
children_u5,shop_deli,multimodal,900s,,,,,87.434094,,,,2898.7760319999998,,
women_rep,shop_deli,multimodal,900s,,,,,543.816648,,,,19439.630717,,
elderly,shop_deli,multimodal,900s,,,,,101.906404,,,,3495.8009999999995,,
total,shop_beverages,multimodal,300s,,1921.631538,496.22535300000004,1189.88614,,326.80995099999996,4083.5390540000003,4997.487961,8653.439002000001,,1168.954058
men,shop_beverages,multimodal,300s,,905.177784,241.445736,559.23626,,152.826577,1903.8971179999999,2435.542375,4057.277594,,548.880471
women,shop_beverages,multimodal,300s,,1016.453754,254.77962000000005,630.64988,,173.983374,2179.641936,2561.945626,4596.161408,,620.0735870000001
youth,shop_beverages,multimodal,300s,,545.5163339999999,147.43865399999999,349.43559600000003,,94.61604299999999,1139.6275259999998,1513.7845690000001,2556.4142119999997,,341.225826
children_u5,shop_beverages,multimodal,300s,,155.804484,36.802626,93.60199599999999,,19.065808999999998,302.93913799999996,340.417469,462.210086,,91.510658
women_rep,shop_beverages,multimodal,300s,,675.3230040000001,164.643372,430.96139600000004,,117.761451,1451.87839,1661.346595,3101.353352,,422.44072600000004
elderly,shop_beverages,multimodal,300s,,79.40898,24.234584999999996,47.850396,,20.327201999999996,215.53533199999998,266.801453,557.8679960000001,,48.602908000000006
total,shop_beverages,multimodal,600s,,10349.840038,4735.019091,11523.788595000002,79.92849799999999,2117.155379,16881.728779,22902.031274,45329.850368,,4711.553338000001
men,shop_beverages,multimodal,600s,,4875.255784,2300.822052,5416.081605,38.475251,989.884133,7878.805773,11171.727033000001,21252.443996,,2211.282236
women,shop_beverages,multimodal,600s,,5474.584254,2434.1970600000004,6107.706990000001,41.453247,1127.2712459999998,9002.923006,11730.30445,24077.406371999998,,2500.271102
youth,shop_beverages,multimodal,600s,,2938.131834,1384.328358,3384.2077830000003,22.39812,611.7179669999999,4759.475203000001,7013.175096999999,13384.859688,,1371.273042
children_u5,shop_beverages,multimodal,600s,,839.1574840000001,374.722962,906.5149829999998,7.221934999999999,125.377821,1192.8482290000002,1480.6989129999997,2429.640464,,367.964434
women_rep,shop_beverages,multimodal,600s,,3637.266004,1568.528304,4173.767433,26.725120999999998,762.323759,6008.683131,7621.926441,16244.783848,,1700.8277420000002
elderly,shop_beverages,multimodal,600s,,427.69398,213.532755,463.42068300000005,2.8911029999999998,130.57637799999998,924.210602,1282.35415,2917.565504,,199.03733400000004
total,shop_beverages,multimodal,900s,,29768.432421999998,10891.263346,31169.84345,1712.397269,10714.291541999999,36773.965424999995,53244.950657,102906.918334,,9867.344567
men,shop_beverages,multimodal,900s,,14022.315496,5278.819428,14649.558550000002,822.8479030000001,5011.412354,17161.169065,25970.376708000003,48243.75977800001,,4630.6866039999995
women,shop_beverages,multimodal,900s,,15746.116925999999,5612.443939,16520.2849,889.5493660000001,5702.879188,19612.796359999997,27274.574428,54663.158555999995,,5236.657963
youth,shop_beverages,multimodal,900s,,8450.717945999999,3104.319391,9153.69333,480.3732849999999,3109.274862,10356.298805999999,16284.528154,30367.027806000002,,2870.354139
children_u5,shop_beverages,multimodal,900s,,2413.602796,944.0517399999999,2451.9653299999995,153.42060499999997,615.2980819999999,2618.897863,3463.79827,5539.354978,,770.302907
women_rep,shop_beverages,multimodal,900s,,10461.582676,3602.8746299999993,11289.314830000001,574.959763,3864.1135100000006,13087.927599999999,17717.949576,36875.87626999999,,3561.344989
elderly,shop_beverages,multimodal,900s,,1230.1426200000003,428.944149,1253.47233,62.663109,671.7070399999999,1999.1076819999998,2965.307809,6610.205572000001,,417.989157
total,shop_butcher,multimodal,300s,720.251352,3910.688744,3321.7962660000003,5380.354720000001,84.282085,7664.4478739999995,2609.558478,1156.321485,,,4410.338845
men,shop_butcher,multimodal,300s,352.492848,1842.1161919999997,1608.18167,2528.7204800000004,39.70078,3585.662058,1216.7041259999999,559.810075,,,2072.821355
women,shop_butcher,multimodal,300s,367.7585040000001,2068.572552,1713.6145960000001,2851.63424,44.581305,4078.7858159999996,1392.854352,596.5114100000001,,,2337.51749
youth,shop_butcher,multimodal,300s,198.548928,1110.1735919999999,927.6121539999999,1580.0566079999999,23.926154999999998,2230.385706,727.457814,322.902965,,,1295.1906329999997
children_u5,shop_butcher,multimodal,300s,58.078655999999995,317.07579200000004,308.375394,423.243808,6.83353,429.79447799999997,196.893846,107.34586499999999,,,346.93783299999996
women_rep,shop_butcher,multimodal,300s,234.32112,1374.3415519999999,1095.53171,1948.6950080000001,29.61943,2767.0224900000003,927.435114,381.35597499999994,,,1597.3677830000001
elderly,shop_butcher,multimodal,300s,33.408,161.60424,115.578738,216.36700800000003,3.48285,487.02649199999996,135.005046,40.233104999999995,,,177.358533
total,shop_butcher,multimodal,600s,3521.2288320000002,19055.245085000002,18942.648327,28997.007890000004,353.984757,49226.767751,17252.916046000002,7001.000991,,210.24027,20582.642750000003
men,shop_butcher,multimodal,600s,1723.2983680000002,8975.773720999998,9170.706865,13628.344509999999,166.74327599999998,23030.495516,8045.169727,3389.3955450000003,,101.78365,9673.295285
women,shop_butcher,multimodal,600s,1797.9304640000005,10079.471363999999,9771.941462,15368.663380000002,187.24148100000002,26196.272234999997,9207.746319,3611.605446,,108.45662000000002,10909.347465
youth,shop_butcher,multimodal,600s,970.683648,5409.731888999999,5289.737663,8515.593546000002,100.48985099999999,14324.764521,4813.576662,1955.0306789999997,,58.70963,6043.061382
children_u5,shop_butcher,multimodal,600s,283.940096,1543.9550910000003,1758.520443,2281.039946,28.700826,2766.9148219999997,1302.6210459999998,649.930419,,19.51743,1618.8090619999998
women_rep,shop_butcher,multimodal,600s,1145.5699200000001,6697.019873,6247.304244999999,10502.341846,124.40160600000002,17770.919977999998,6133.512962000001,2308.937085,,69.33745,7454.096482000001
elderly,shop_butcher,multimodal,600s,163.32800000000003,788.3493820000001,659.0914110000001,1166.093346,14.627970000000001,3121.802682,889.4542959999999,243.593163,,7.315110000000001,828.854612
total,shop_butcher,multimodal,900s,10413.634131,44845.563095,45096.537915,62663.025525,1921.631538,120830.61544899999,44056.316744,9082.379664,,1009.1532960000001,46022.850791
men,shop_butcher,multimodal,900s,5096.459094,21124.212401,21832.592924999997,29451.083475000003,905.177784,56530.02625499999,20543.545343,4397.05368,,488.56152,21623.389827
women,shop_butcher,multimodal,900s,5317.175037,23721.350694,23263.944989999996,33211.94205,1016.453754,64300.58919400001,23512.771401,4685.325984000001,,520.591776,24399.460964
youth,shop_butcher,multimodal,900s,2870.686584,12731.135319,12593.215634999999,18402.341985,545.5163339999999,35158.08110699999,12291.934656,2536.256016,,281.806224,13487.899659
children_u5,shop_butcher,multimodal,900s,839.7205680000001,3635.0152709999998,4186.488735,4929.3659849999995,155.804484,6807.717821999999,3321.8232819999994,843.152976,,93.683664,3614.400203
women_rep,shop_butcher,multimodal,900s,3387.89286,15760.565453000001,14872.883025,22695.738735000003,675.3230040000001,43619.20923,15662.375226,2995.37784,,332.81976,16656.268309000003
elderly,shop_butcher,multimodal,900s,483.02400000000006,1854.101482,1569.091095,2519.947485,79.40898,7649.059979,2275.508727,316.012752,,35.112528,1872.184003
total,amenity_restaurant,multimodal,300s,4871.700117,26689.84903,14710.567108000003,50078.68624,40809.316976999995,105556.56426099999,26741.107666,28719.161775999997,60150.29257,18061.940698000002,15024.661462
men,amenity_restaurant,multimodal,300s,2384.2224579999997,12578.770095999998,7097.551196,23536.552160000007,19357.245915,49384.05605700001,12476.014332,14011.770337,28198.027465000006,8700.965998,7031.646079
women,amenity_restaurant,multimodal,300s,2487.477659,14111.078934000003,7613.015914000001,26542.13408,21452.071062000003,56172.508204,14265.093334,14707.391715000002,31952.265105,9360.974705999999,7993.015383000002
youth,amenity_restaurant,multimodal,300s,1342.962888,7573.805286,4170.18784,14706.680735999998,11888.174928,30718.017223000003,7504.3723580000005,8840.468925,17746.119899999998,5236.2397679999995,4293.5665260000005
children_u5,amenity_restaurant,multimodal,300s,392.837576,2163.8341,1226.812186,3939.4231359999994,2582.349633,5927.3290879999995,1954.6618439999997,1802.321708,3238.86953,1196.672028,1156.3066539999998
women_rep,amenity_restaurant,multimodal,300s,1584.92202,9370.270492,4901.317445999999,18137.853536000002,14191.549968,38106.368735000004,9513.432492,9568.550692,21558.012636,6186.059876,5387.659226000001
elderly,amenity_restaurant,multimodal,300s,225.96800000000002,1104.74634,627.7014440000002,2013.877536,2380.3857420000004,6699.390879,1418.555103,1649.608274,3863.8753559999996,1064.495986,695.990704
total,amenity_restaurant,multimodal,600s,17249.720845,116551.198099,66980.28293300001,101771.735747,176963.404693,274402.32371799997,79473.602979,133209.786801,223683.69526399998,103700.12470299998,76553.67904100002
men,amenity_restaurant,multimodal,600s,8441.438526,54937.757005,32251.187757,47831.947891,84073.141361,128379.09670799998,37070.757029,65018.83084500001,104872.39759899999,50023.642173,35828.717192000004
women,amenity_restaurant,multimodal,600s,8808.282319000002,61613.44109400001,34729.095197,53939.787856,92890.26333200002,146023.22701,42402.845949999995,68190.957336,118811.297667,53676.48255,40724.961849
youth,amenity_restaurant,multimodal,600s,4755.441365999999,33073.078106999994,19172.321741,29886.463778999998,51630.370084999995,79851.25467399998,22260.569402999998,41326.409409,65983.96245600001,29985.416224,21880.820157
children_u5,amenity_restaurant,multimodal,600s,1390.97462,9444.393311000002,5197.13638,8006.083828999998,11093.648985,15449.181138,5841.397951999999,7988.742972999999,12072.3286,6976.006738,5892.528221
women_rep,amenity_restaurant,multimodal,600s,5612.773432,40910.23713700001,22456.776824,36859.32085900001,61307.370861,99061.14385699999,28263.031082999998,44443.265637,80143.77402,35427.896634000004,27453.137707000005
elderly,amenity_restaurant,multimodal,600s,799.93714,4830.103423,3179.7379010000004,4092.787713000001,10453.213343000001,17377.177143999997,4207.037329,7935.915983000001,14352.664387999997,6065.782831999999,3542.940971
total,amenity_restaurant,multimodal,900s,37250.40171500001,200470.801928,121789.17626799998,128430.529935,262473.85654899996,326084.464345,114257.93901300001,279218.05112,294418.26384900004,198255.54244099997,142157.22999900003
men,amenity_restaurant,multimodal,900s,18229.203902,94476.34000899998,58632.979222999995,60361.423195,124853.33334000001,152558.03442600003,53287.624542000005,136221.558743,138066.695369,95730.811306,66556.246703
women,amenity_restaurant,multimodal,900s,19021.197813000002,105994.461919,63156.197066,68069.10674,137620.52321400002,173526.429919,60970.314471000005,142996.495164,156351.568487,102524.731159,75600.983296
youth,amenity_restaurant,multimodal,900s,10269.229331999999,56893.228239000004,34799.788364,37714.730631,76704.144756,94888.11157299999,31953.344877,86326.84508099998,86862.131063,57243.418282,40726.231730999985
children_u5,amenity_restaurant,multimodal,900s,3003.77744,16248.138121,9526.316398,10103.351780999998,16230.214971000001,18362.481901,8460.527332,17032.820997,15894.446836000001,13461.055193,10962.549747
women_rep,amenity_restaurant,multimodal,900s,12120.523364,70390.843091,40828.573489999995,46514.066731000006,90691.28274,117717.90619399998,40623.57502699999,93157.931139,105453.091739,67607.728724,51022.405581000006
elderly,amenity_restaurant,multimodal,900s,1727.47428,8300.267321000001,5720.203095,5164.926321000001,15746.744247,20648.148547999997,6014.023354,16415.173462,18891.231291,11544.125141999999,6506.144947
total,shop_wine,multimodal,300s,,,,,,988.961016,,,,,
men,shop_wine,multimodal,300s,,,,,,462.66607200000004,,,,,
women,shop_wine,multimodal,300s,,,,,,526.294944,,,,,
youth,shop_wine,multimodal,300s,,,,,,287.791704,,,,,
children_u5,shop_wine,multimodal,300s,,,,,,55.457352,,,,,
women_rep,shop_wine,multimodal,300s,,,,,,357.03516,,,,,
elderly,shop_wine,multimodal,300s,,,,,,62.842127999999995,,,,,
total,shop_wine,multimodal,600s,,,,543.20889,,10007.818415,,,,,
men,shop_wine,multimodal,600s,,,,255.30351000000002,,4683.108045000001,,,,,
women,shop_wine,multimodal,600s,,,,287.90538000000004,,5324.71037,,,,,
youth,shop_wine,multimodal,600s,,,,159.524946,,2913.730563,,,,,
children_u5,shop_wine,multimodal,600s,,,,42.73134599999999,,573.1802230000001,,,,,
women_rep,shop_wine,multimodal,600s,,,,196.74324600000003,,3613.6458330000005,,,,,
elderly,shop_wine,multimodal,600s,,,,21.844746,,623.5616929999999,,,,,
total,shop_wine,multimodal,900s,,,,2599.642545,,23664.385062999998,,,,,
men,shop_wine,multimodal,900s,,,,1221.809655,,11072.904161,,,,,
women,shop_wine,multimodal,900s,,,,1377.8328900000001,,12591.480902,,,,,
youth,shop_wine,multimodal,900s,,,,763.4408129999999,,6888.882314999999,,,,,
children_u5,shop_wine,multimodal,900s,,,,204.50001299999997,,1347.7554189999998,,,,,
women_rep,shop_wine,multimodal,900s,,,,941.556963,,8544.398453,,,,,
elderly,shop_wine,multimodal,900s,,,,104.542713,,1482.296967,,,,,
total,healthy_offers,multimodal,300s,1470.513177,6422.294876999999,3321.7962660000003,14071.69696,4264.305122000001,15881.974654,9564.935966000001,10113.633034999999,6780.679815,4703.262804999999,6735.313416000001
men,healthy_offers,multimodal,300s,719.672898,3025.199436,1608.18167,6613.57664,2032.925378,7430.230668,4462.6951420000005,4929.727113999999,3179.210055,2274.872867,3164.5036420000006
women,healthy_offers,multimodal,300s,750.840279,3397.095441,1713.6145960000001,7458.120319999999,2231.3797440000003,8451.743986000001,5102.240824,5183.90601,3601.46976,2428.3899380000003,3570.8097740000003
youth,healthy_offers,multimodal,300s,405.370728,1823.1730109999999,927.6121539999999,4132.455744,1252.5086640000002,4619.069669999999,2688.0050760000004,3092.760096,2003.16039,1343.660906,1973.8440719999999
children_u5,healthy_offers,multimodal,300s,118.577256,520.714986,308.375394,1106.9453439999997,250.303328,902.207278,688.3911559999999,651.221326,362.179545,355.11337999999995,528.9417359999999
women_rep,healthy_offers,multimodal,300s,478.40562,2257.000566,1095.53171,5096.586944000001,1466.6607559999998,5732.484338000001,3403.9010020000005,3369.5412400000005,2430.16494,1586.413044,2437.5648720000004
elderly,healthy_offers,multimodal,300s,68.20800000000001,265.39317,115.578738,565.8829440000001,269.1844320000001,999.4832059999999,515.781417,569.4009309999999,437.13536999999997,241.44946300000004,274.044236
total,healthy_offers,multimodal,600s,7012.950586999999,38152.821638,18942.648327,66543.08902500001,32501.434129,78481.415213,62180.101810000015,60396.080722,38599.681614,35195.282983,30001.931494
men,healthy_offers,multimodal,600s,3430.398513,17976.021189,9170.706865,31274.679975000003,15466.420056000003,36717.350685,29004.31824,29421.509139,18096.602668000003,17022.277601,14090.588098
women,healthy_offers,multimodal,600s,3582.552074000001,20176.800449000002,9771.941462,35268.40905,17035.014073,41764.064527999995,33175.78357,30974.572101000005,20503.078945999998,18173.005382,15911.343396
youth,healthy_offers,multimodal,600s,1934.8632989999996,10829.6294,5289.737663,19541.805884999998,9508.740663999999,22832.473742999995,17423.097855999997,18454.289366999998,11394.651967999998,10068.656780000001,8770.637262
children_u5,healthy_offers,multimodal,600s,565.322307,3096.3267570000007,1758.520443,5234.589884999999,1986.2177240000003,4436.108253999999,4556.964013999999,3871.63134,2072.6838340000004,2620.1547019999994,2351.451598
women_rep,healthy_offers,multimodal,600s,2284.8768609999997,13401.244911000002,6247.304244999999,24101.047635,11219.889072999997,28329.870238000003,22115.197755999998,20141.240732,13832.353068,11887.492842,10848.062162
elderly,healthy_offers,multimodal,600s,324.728791,1575.3359679999999,659.0914110000001,2675.9813850000005,1973.3029500000005,4956.133887,3300.929224,3417.9743,2482.261684,1842.3306730000002,1237.4801980000002
total,healthy_offers,multimodal,900s,18034.874407000003,83889.268593,46085.225115,108641.778,88874.31754899998,176931.17416399997,123967.931395,111983.872965,103187.016201,83772.48541699999,67707.625359
men,healthy_offers,multimodal,900s,8821.292418,39540.369074999995,22307.938039999997,51060.702,42277.133862999995,82776.820415,57813.03303499999,54536.499479000006,48383.373332,40501.430771,31765.330042999998
women,healthy_offers,multimodal,900s,9213.581989000002,44348.899518,23777.287074999997,57581.07600000001,46597.183686000004,94154.35374899999,66154.89836,57447.374447999995,54803.642874,43271.054646,35942.295315999996
youth,healthy_offers,multimodal,900s,4976.262108,23806.171113,12870.477804999999,31904.989199999996,25981.873037999998,51482.059817999994,34655.129568000004,34240.339452,30458.051148,24001.908902999996,19658.087955000006
children_u5,healthy_offers,multimodal,900s,1453.7617559999999,6822.892165,4275.30033,8546.269199999997,5476.280904000001,9977.293243,9192.431769,7128.716633,5555.305684000001,6142.534741,5277.532370999998
women_rep,healthy_offers,multimodal,900s,5876.86268,29440.847246999998,15204.42239,39348.64920000001,30702.345714,63871.916980999995,44072.990638,37376.081514,36965.72732600001,28345.947921,24420.037005
elderly,healthy_offers,multimodal,900s,834.9302600000001,3455.177752,1605.1425299999999,4368.949200000001,5350.163948,11191.887214999999,6519.7123839999995,6375.554381999999,6627.490887,4467.693159,2897.272171
total,amenity_pub,multimodal,300s,700.24437,2726.325186,,3155.7849800000004,,5727.732550999999,2781.3166300000003,,2324.804508,,2377.825827
men,amenity_pub,multimodal,300s,342.70138000000003,1291.5708879999997,,1483.19182,,2679.607667,1296.467185,,1090.0148760000002,,1112.526769
women,amenity_pub,multimodal,300s,357.54299000000003,1434.754298,,1672.59316,,3048.124884,1484.8494450000003,,1234.789632,,1265.299058
youth,amenity_pub,multimodal,300s,193.03367999999998,770.666838,,926.7639720000001,,1666.793619,774.06771,,686.7978479999999,,678.2627430000001
children_u5,amenity_pub,multimodal,300s,56.465360000000004,220.871348,,248.24877199999992,,321.19049699999994,209.57923,,124.175844,,182.73071099999999
women_rep,amenity_pub,multimodal,300s,227.81220000000002,947.6746680000001,,1142.984572,,2067.828635,987.89921,,833.199408,,852.092793
elderly,amenity_pub,multimodal,300s,32.480000000000004,114.68666000000002,,126.90757200000002,,363.96065799999997,144.87297999999998,,149.87498399999998,,111.109811
total,amenity_pub,multimodal,600s,1790.6248890000002,17317.040334,,16516.136965,,39422.88512199999,15536.64156,,30803.659731000007,,17210.914131
men,amenity_pub,multimodal,600s,876.336386,8187.245455999999,,7762.442435,,18443.156229,7243.180095000001,,14442.697107,,8050.5838619999995
women,amenity_pub,multimodal,600s,914.288503,9129.794878,,8753.69453,,20979.728893,8293.461465,,16360.962624,,9160.330269
youth,amenity_pub,multimodal,600s,493.614696,4902.515166,,4850.318001000001,,11471.524962,4329.5225040000005,,9100.071486,,4901.426054999999
children_u5,amenity_pub,multimodal,600s,144.389992,1403.3268520000001,,1299.236401,,2212.094,1166.4733800000001,,1645.329933,,1320.9177989999998
women_rep,amenity_pub,multimodal,600s,582.54834,6042.94542,,5981.9315510000015,,14232.147732000001,5521.0054679999985,,11039.892156000002,,6163.925505
elderly,amenity_pub,multimodal,600s,83.056,723.9061,,664.184301,,2504.110495,810.2607239999999,,1985.8435379999996,,810.3287489999999
total,amenity_pub,multimodal,900s,3661.277706,51386.198775000004,,38705.012384,1243.5394070000002,104148.46632899999,36500.99043600001,345.18634499999996,74747.321683,,42268.113607
men,amenity_pub,multimodal,900s,1791.8386440000002,24250.221849999998,,18191.058762000004,589.073074,48724.10760300001,17017.079337000003,166.125457,35044.057121000005,,19787.374719
women,amenity_pub,multimodal,900s,1869.4390620000001,27135.976925000006,,20513.953622,654.4663330000001,55424.358726000006,19483.911099,179.06089,39703.264562000004,,22480.738888000003
youth,amenity_pub,multimodal,900s,1009.2903839999999,14567.980631999999,,11366.227332,364.961179,30301.612085999997,10172.086332,105.167104,22068.199825999996,,12101.188971
children_u5,amenity_pub,multimodal,900s,295.233168,4165.145812000001,,3044.7982819999997,69.93633700000001,5858.031779,2743.375082,19.044280999999998,4010.187413,,3257.790379
women_rep,amenity_pub,multimodal,900s,1191.13236,17995.349552,,14018.093141999998,435.12663,37595.796883,12971.001866,117.93172399999999,26786.520175999998,,15166.990421
elderly,amenity_pub,multimodal,900s,169.824,2135.813452,,1556.53101,80.35012,6604.45078,1900.4638209999998,22.160220000000002,4808.8203379999995,,1940.7451790000002
total,amenity_drinking_water,multimodal,300s,,1601.359615,,116.401905,,,,,,,
men,amenity_drinking_water,multimodal,300s,,754.3148199999999,,54.70789500000001,,,,,,,
women,amenity_drinking_water,multimodal,300s,,847.044795,,61.694010000000006,,,,,,,
youth,amenity_drinking_water,multimodal,300s,,454.596945,,34.183917,,,,,,,
children_u5,amenity_drinking_water,multimodal,300s,,129.83707,,9.156716999999999,,,,,,,
women_rep,amenity_drinking_water,multimodal,300s,,562.76917,,42.159267,,,,,,,
elderly,amenity_drinking_water,multimodal,300s,,66.17415,,4.681017000000001,,,,,,,
total,amenity_drinking_water,multimodal,600s,,13231.543436999998,,879.4810600000001,,,,,,,
men,amenity_drinking_water,multimodal,600s,,6237.073179999999,,413.34853999999996,,,,,,,
women,amenity_drinking_water,multimodal,600s,,6994.470257000001,,466.13252,,,,,,,
youth,amenity_drinking_water,multimodal,600s,,3754.6371229999995,,258.278484,,,,,,,
children_u5,amenity_drinking_water,multimodal,600s,,1076.757978,,69.18408399999998,,,,,,,
women_rep,amenity_drinking_water,multimodal,600s,,4642.712710000001,,318.53668400000004,,,,,,,
elderly,amenity_drinking_water,multimodal,600s,,544.580226,,35.367684000000004,,,,,,,
total,amenity_drinking_water,multimodal,900s,,27075.649428000004,988.6872000000001,3492.0571500000005,,,,,,,
men,amenity_drinking_water,multimodal,900s,,12778.645914,475.345115,1641.23685,,,,,,,
women,amenity_drinking_water,multimodal,900s,,14297.003514000002,513.342085,1850.8203,,,,,,,
youth,amenity_drinking_water,multimodal,900s,,7677.521783999998,277.26217,1025.51751,,,,,,,
children_u5,amenity_drinking_water,multimodal,900s,,2217.515634,88.811595,274.70151,,,,,,,
women_rep,amenity_drinking_water,multimodal,900s,,9474.322734,331.539365,1264.7780100000002,,,,,,,
elderly,amenity_drinking_water,multimodal,900s,,1106.51157,36.051435000000005,140.43051,,,,,,,
total,amenity_bar,multimodal,300s,2100.73311,7793.413988,3546.027182,24871.207035,10200.190364,41325.617374,14036.797503,19193.727033,20010.19774,5896.241475,6565.155904000001
men,amenity_bar,multimodal,300s,1028.10414,3672.7128979999993,1708.5785069999997,11689.253565,4866.434726,19333.983138,6546.5681460000005,9344.875999,9381.361434999999,2856.700649,3072.9155330000003
women,amenity_bar,multimodal,300s,1072.6289700000002,4120.7010900000005,1837.4486749999999,13181.95347,5333.755638,21991.634236,7490.229357000001,9848.851172,10628.836304999999,3039.540838,3492.240371
youth,amenity_bar,multimodal,300s,579.10104,2211.6691829999995,993.1174040000001,7303.963599000001,2990.932908,12024.16009,3927.770621,5770.895971999999,5907.180882,1720.295398,1877.6121600000001
children_u5,amenity_bar,multimodal,300s,169.39607999999998,631.8444739999999,321.860399,1956.4851989999997,605.224736,2324.8207979999997,1033.664275,1348.051557,1074.284536,407.201796,505.581856
women_rep,amenity_bar,multimodal,300s,683.4366,2736.506042,1182.9743369999999,9008.030048999999,3503.9301899999996,14917.125181000001,4991.261474999999,6381.086805999999,7170.765242,1993.158908,2354.86796
elderly,amenity_bar,multimodal,300s,97.44000000000001,322.50849000000005,127.45311899999999,1000.1772990000001,639.58741,2620.0974779999997,743.175929,994.1454899999999,1286.9259759999998,331.45632900000004,302.958906
total,amenity_bar,multimodal,600s,12464.349786,38860.98077500001,25768.23508,68508.987865,53747.266722,181782.84646899998,68116.58537399999,86364.727682,127083.99185700002,50490.81195499999,29611.770629000006
men,amenity_bar,multimodal,600s,6100.084564000001,18312.286035,12454.082900999998,32198.635535,25663.674413999994,85046.80562300001,31773.331963,42068.22925,59581.013494000006,24386.864597,13858.386183
women,amenity_bar,multimodal,600s,6364.265222,20548.694740000003,13314.1522,36310.352329999994,28083.592338,96736.04084599999,36343.253411000005,44296.499086,67502.978363,26103.947380999998,15753.384446
youth,amenity_bar,multimodal,600s,3435.9995039999994,11030.111646,7268.319271,20119.134261,15813.599772000001,52894.397347000006,19087.577449,26057.820781000002,37518.980257999996,14557.170697999998,8461.583025000002
children_u5,amenity_bar,multimodal,600s,1005.0834080000001,3146.4236129999995,2300.7680649999998,5389.236660999999,3178.205586,10240.209456,4985.747364,5980.221934,6818.532139,3564.61949,2278.8287209999994
women_rep,amenity_bar,multimodal,600s,4055.0571600000003,13648.289143,8554.163313000001,24813.070810999998,18453.890326,65621.837467,24224.932272999995,28711.430137,45542.612352000004,17148.324844,10618.184575000001
elderly,amenity_bar,multimodal,600s,578.1440000000001,1611.5753570000002,960.1124580000001,2755.0385610000008,3368.450049,11508.907779999998,3621.941303,4537.611739,8175.734277999999,2797.922237,1372.108021
total,amenity_bar,multimodal,900s,30150.52187400001,102065.775699,46257.954359,98802.108198,93391.724547,282095.85089999996,126416.063571,186120.797722,231996.685138,118563.721422,60008.848576
men,amenity_bar,multimodal,900s,14755.742276,48102.52772,22351.608114,46436.212894000004,44572.633025999996,131978.598241,58951.75120300001,90710.638588,108769.335025,57250.54535200001,28110.866762000005
women,amenity_bar,multimodal,900s,15394.779598000003,53963.247979,23906.346266,52365.895304000005,48819.091556,150117.25265900002,67464.312368,95410.160699,123227.350115,61313.176094,31897.981814000002
youth,amenity_bar,multimodal,900s,8311.478736,28966.144914,13000.220266999999,29014.698966,27497.010056,82086.969004,35324.354691,56631.560987,68442.381935,34136.355044,17253.383232
children_u5,amenity_bar,multimodal,900s,2431.237072,8270.244858,4177.667122999999,7772.397665999998,5426.804416,15893.422601999999,9373.931098000001,12368.479253999998,12513.921688,8353.349560999999,4640.907135999999
women_rep,amenity_bar,multimodal,900s,9808.942439999999,35836.426354,15348.708045000001,35784.122685999995,32087.468142,101836.99606499998,44936.243141,61950.731664000006,83123.38572500001,40305.737304,21566.154032
elderly,amenity_bar,multimodal,900s,1398.496,4228.23591,1688.870484,3973.328922,5940.889937,17855.368214,6657.14307,10171.390178,14889.529378000001,6604.2844270000005,2698.8156360000007
total,shop_bakery,multimodal,300s,3711.2951610000005,45388.521452,27388.39374899999,14601.972305000001,27215.404377999996,34040.854381,17530.983690999998,72252.97152400001,28756.254936000005,24772.346910999993,6750.285248
men,shop_bakery,multimodal,300s,1816.317314,21395.565481999998,13171.090470999998,6862.8014950000015,12957.664032999997,15925.529458,8186.805482,35281.108369,13485.678832,11974.621871,3159.1109060000003
women,shop_bakery,multimodal,300s,1894.977847,23992.955970000003,14217.303278000001,7739.17081,14257.740345,18115.324923,9344.178209,36971.863944,15270.576109000001,12797.725041000002,3591.174342
youth,shop_bakery,multimodal,300s,1023.078504,12878.412183,7739.245655000001,4288.182477,7991.354849999999,9905.284311,4971.755097,22532.200494000004,8470.276689999999,7122.094551,1928.7381119999995
children_u5,shop_bakery,multimodal,300s,299.26640799999996,3678.6303499999995,2324.5674269999995,1148.659277,1584.292203,1911.768134,1206.4575189999998,4213.800259999999,1579.061185,1750.2723420000002,519.446144
women_rep,shop_bakery,multimodal,300s,1207.4046600000001,15929.325082000001,9188.562265,5288.645827,9393.767636999999,12288.781638,6245.970790999999,24123.310264,10289.92467,8411.209785000001,2420.4433120000003
elderly,shop_bakery,multimodal,300s,172.144,1880.826765,1121.2664430000002,587.207577,1726.3254200000003,2160.609603,975.7323329999999,4392.820172,1829.418625,1385.386492,312.909044
total,shop_bakery,multimodal,600s,18934.009694,154870.16071199998,130611.855295,63731.421959,137886.354634,191993.07375799998,73694.352697,291924.857954,138086.377979,117078.536973,45970.89635200001
men,shop_bakery,multimodal,600s,9265.114948,73001.497418,62895.225332,29953.256187000006,65634.682594,89822.81761600001,34374.800884,142516.92778600001,64749.17817700001,56582.678942000006,21515.813294000003
women,shop_bakery,multimodal,600s,9668.894746,81868.66329399998,67716.629969,33778.165772,72251.67204,102170.256142,39319.551813,149407.933303,73337.199809,60495.858033000004,24455.083058000004
youth,shop_bakery,multimodal,600s,5220.019788,43943.325732000005,37059.480734,18715.769486999994,40405.27263,55866.025314,20647.604861999997,90914.76229599999,40720.004264,33649.612401000006,13141.445087999999
children_u5,shop_bakery,multimodal,600s,1526.8049520000002,12554.288757999999,10761.925302999998,5013.492437,8254.430594000001,10813.427157999999,5400.763671000001,17110.800488,7488.630099999999,8294.053416,3538.9034560000005
women_rep,shop_bakery,multimodal,600s,6161.607104,54355.65414200001,43712.543519000006,23082.335547000002,47589.353101999994,69310.10162199999,26209.019031999997,97464.453323,49451.47585,39754.369123000004,16486.619888
elderly,shop_bakery,multimodal,600s,877.8902800000001,6414.598333000001,5659.554957000001,2562.949665,8534.192452000001,12156.701890999997,3913.352036,17692.912805,8839.207921,6520.917273999999,2126.0905559999997
total,shop_bakery,multimodal,900s,47147.287764,245043.530296,231834.108258,109684.307344,259319.911684,309034.561461,132430.93325899998,409288.05325100006,227614.542875,230267.24734099995,104414.60697800001
men,shop_bakery,multimodal,900s,23070.756728,115482.627474,111722.36303099999,51550.717402,123408.79258100002,144580.611723,61757.084839,199755.141657,106748.15696600001,111255.02819,48862.594701
women,shop_bakery,multimodal,900s,24076.531036000004,129560.902822,120111.74524800002,58133.589942,135911.11910500002,164453.949738,70673.84842000001,209532.91584,120866.385916,119012.21917499999,55552.012277
youth,shop_bakery,multimodal,900s,12999.328932,69540.368865,65695.471188,32210.820276,75862.229683,89925.605325,37004.70972299999,127023.005034,67141.93692400001,66255.160764,29821.748154
children_u5,shop_bakery,multimodal,900s,3801.6251360000006,19862.220465999995,19343.609251999995,8628.360825999998,15854.537057,17403.022448999996,9828.537522,24455.344667999998,12314.687134,16222.925965,8032.229786
women_rep,shop_bakery,multimodal,900s,15344.114608,86038.70133800001,77446.14228799999,39725.877286,89514.87096799999,111563.58065099998,47075.567373,136591.116282,81504.80221800001,78237.00831800001,37434.237453999995
elderly,shop_bakery,multimodal,900s,2185.8911839999996,10145.199822000004,9849.225917,4410.911154,15740.738012,19568.199881999997,6965.5308939999995,24455.480206999997,14589.555086999999,12876.789808,4849.650736000001
total,shop_greengrocer,multimodal,300s,,1972.200789,,6246.902235,370.84117399999997,8382.353616,5813.032022,,2131.070799,,2337.908116
men,shop_greengrocer,multimodal,300s,,928.998252,,2935.990365,174.683432,3921.6796219999997,2710.632049,,999.180303,,1097.7609420000001
women,shop_greengrocer,multimodal,300s,,1043.2025370000001,,3310.91187,196.15774200000004,4460.673994,3102.399973,,1131.890496,,1240.147174
youth,shop_greengrocer,multimodal,300s,,559.872027,,1834.536879,105.27508199999997,2436.6492479999997,1623.9224219999999,,629.564694,,682.4516520000001
children_u5,shop_greengrocer,multimodal,300s,,159.904602,,491.41047899999995,30.067532,481.655692,431.17774399999996,,113.827857,,183.02131599999998
women_rep,shop_greengrocer,multimodal,300s,,693.094662,,2262.547329,130.32549200000003,3024.967708,2067.5330679999997,,763.766124,,844.8814520000001
elderly,shop_greengrocer,multimodal,300s,,81.49869,,251.21457900000001,15.324540000000002,522.930402,305.962185,,137.385402,,97.205816
total,shop_greengrocer,multimodal,600s,,12170.333074,,35916.454465,6834.381174,34858.759886,32423.057150000004,,17694.345422000002,,13273.485154000002
men,shop_greengrocer,multimodal,600s,,5732.792632,,16880.424935,3216.793311,16308.629577000002,15117.292595,,8296.224334,,6228.732003
women,shop_greengrocer,multimodal,600s,,6437.540442,,19036.02953,3617.5878629999997,18550.130309,17305.764555,,9398.121088,,7044.753151
youth,shop_greengrocer,multimodal,600s,,3454.9367819999998,,10547.637501,1945.7330279999999,10138.528878,9043.653414,,5227.294732,,3859.4433539999995
children_u5,shop_greengrocer,multimodal,600s,,986.7617319999999,,2825.355901,534.5511909999999,1983.4517599999997,2429.3292939999997,,945.1161460000001,,1035.83161
women_rep,shop_greengrocer,multimodal,600s,,4277.045692000001,,13008.476051000001,2409.3279089999996,12582.149500000001,11525.531994,,6341.573272,,4789.905854000001
elderly,shop_greengrocer,multimodal,600s,,502.92354,,1444.3538010000002,299.818648,2190.436597,1690.919124,,1140.7151559999998,,563.61926
total,shop_greengrocer,multimodal,900s,,33577.982664,,72906.393165,21531.231796000004,85632.004655,66344.691482,7083.805075,56818.25647100001,,38925.190053000006
men,shop_greengrocer,multimodal,900s,,15816.790752,,34265.378235000004,10144.664344,40063.413525,30932.324279000004,3449.4182570000003,26639.266467,,18244.787331
women,shop_greengrocer,multimodal,900s,,17761.191912000002,,38641.014930000005,11386.567452000001,45568.59113,35412.367203,3634.386895,30178.990004,,20680.402722
youth,shop_greengrocer,multimodal,900s,,9532.180151999999,,21410.526681,6141.667812,24914.603378999996,18496.297937999996,2218.9263429999996,16781.046668,,11233.206225000002
children_u5,shop_greengrocer,multimodal,900s,,2722.478352,,5735.157081,1661.576104,4850.008962999999,4987.980345999999,387.96789799999993,3040.128809,,3019.3436969999993
women_rep,shop_greengrocer,multimodal,900s,,11800.380912,,26405.754231000003,7574.111752,30912.675885,23579.627117999997,2382.4398800000004,20362.884606000003,,14008.024575
elderly,shop_greengrocer,multimodal,900s,,1387.5674400000003,,2931.8769810000003,967.5062640000001,5397.548038999999,3448.6121759999996,449.886653,3660.0210819999998,,1718.398797
total,amenity_marketplace,multimodal,300s,,,,3026.4495300000003,,,498.71884400000005,8255.790444999999,2131.0707990000005,4703.262804999999,
men,amenity_marketplace,multimodal,300s,,,,1422.4052700000002,,,232.469978,4030.298874,999.1803030000001,2274.872867,
women,amenity_marketplace,multimodal,300s,,,,1604.0442600000001,,,266.248866,4225.491655,1131.890496,2428.3899380000003,
youth,amenity_marketplace,multimodal,300s,,,,888.781842,,,138.79834799999998,2554.633666,629.5646939999999,1343.660906,
children_u5,amenity_marketplace,multimodal,300s,,,,238.07464199999998,,,37.579724,504.88808099999994,113.82785700000001,355.11337999999995,
women_rep,amenity_marketplace,multimodal,300s,,,,1096.1409420000002,,,177.14054800000002,2751.2170250000004,763.766124,1586.413044,
elderly,amenity_marketplace,multimodal,300s,,,,121.70644200000001,,,25.977224,484.175261,137.385402,241.44946300000004,
total,amenity_marketplace,multimodal,600s,,,,22116.36195,3604.090583,129.33545,8855.602279,38659.989441,18792.169773,35027.090766999994,206.93672
men,amenity_marketplace,multimodal,600s,,,,10394.500050000002,1719.589051,60.786550000000005,4127.950188000001,18847.732386,8810.953581,16940.850681,97.25848
women,amenity_marketplace,multimodal,600s,,,,11721.8619,1884.5015320000002,68.5489,4727.652091,19812.257415,9981.216192,18086.240085999998,109.67824
youth,amenity_marketplace,multimodal,600s,,,,6494.94423,1062.017338,37.98213,2464.799691,11888.370395999998,5551.615937999999,10021.689075999999,60.771408
children_u5,amenity_marketplace,multimodal,600s,,,,1739.77623,203.663689,10.174129999999998,667.3348269999999,2410.149869,1003.754739,2604.5407579999996,16.278608
women_rep,amenity_marketplace,multimodal,600s,,,,8010.260730000001,1237.9946679999998,46.843630000000005,3145.5225410000003,12895.292767,6735.028548,11832.022882000001,74.949808
elderly,amenity_marketplace,multimodal,600s,,,,889.3932300000001,234.94491400000004,5.201130000000001,461.1162769999999,2237.257695,1211.4894539999998,1836.478585,8.321808
total,amenity_marketplace,multimodal,900s,,,,45461.410675,16289.798750000002,2279.6059910000004,24220.733376,77423.868202,47613.008808000006,83772.48541699999,2121.10138
men,amenity_marketplace,multimodal,900s,,,,21366.472325,7768.150895,1067.922427,11292.609786999998,37714.890250000004,22332.199881,40501.430771,996.89942
women,amenity_marketplace,multimodal,900s,,,,24094.93835,8521.647855000001,1211.683564,12928.123588999999,39708.97861800001,25280.808932,43271.054646,1124.20196
youth,amenity_marketplace,multimodal,900s,,,,13350.718695000001,4800.484617,665.1685950000001,6750.801791999999,23649.075561,14074.123687999998,24001.908902999996,622.906932
children_u5,amenity_marketplace,multimodal,900s,,,,3576.206695,918.9982259999999,143.023673,1827.235296,4988.4630099999995,2543.7623489999996,6142.534741,166.85573199999996
women_rep,amenity_marketplace,multimodal,900s,,,,16465.535945,5602.826688,823.7690110000001,8607.515592000002,25823.680337,17054.307588,28345.947921,768.235532
elderly,amenity_marketplace,multimodal,900s,,,,1828.1971950000004,1061.551534,129.164334,1253.929046,4356.320854999999,3069.0555689999997,4467.693159,85.29853200000001
total,amenity_food_court,multimodal,300s,,2039.6264569999998,,,,,,,,,
men,amenity_food_court,multimodal,300s,,960.7588759999999,,,,,,,,,
women,amenity_food_court,multimodal,300s,,1078.8675810000002,,,,,,,,,
youth,amenity_food_court,multimodal,300s,,579.0129509999999,,,,,,,,,
children_u5,amenity_food_court,multimodal,300s,,165.37142599999999,,,,,,,,,
women_rep,amenity_food_court,multimodal,300s,,716.7902060000001,,,,,,,,,
elderly,amenity_food_court,multimodal,300s,,84.28497000000002,,,,,,,,,
total,amenity_food_court,multimodal,600s,,10383.552872,,,,,,,,,
men,amenity_food_court,multimodal,600s,,4891.136096,,,,,,,,,
women,amenity_food_court,multimodal,600s,,5492.416776,,,,,,,,,
youth,amenity_food_court,multimodal,600s,,2947.7022959999995,,,,,,,,,
children_u5,amenity_food_court,multimodal,600s,,841.8908959999999,,,,,,,,,
women_rep,amenity_food_court,multimodal,600s,,3649.113776,,,,,,,,,
elderly,amenity_food_court,multimodal,600s,,429.08712,,,,,,,,,
total,amenity_food_court,multimodal,900s,,18322.925279000003,,,,,,,,,
men,amenity_food_court,multimodal,900s,,8630.949572000001,,,,,,,,,
women,amenity_food_court,multimodal,900s,,9691.975707,,,,,,,,,
youth,amenity_food_court,multimodal,900s,,5201.546097,,,,,,,,,
children_u5,amenity_food_court,multimodal,900s,,1485.609422,,,,,,,,,
women_rep,amenity_food_court,multimodal,900s,,6439.264082000001,,,,,,,,,
elderly,amenity_food_court,multimodal,900s,,757.1715899999999,,,,,,,,,
total,shop_coffee,multimodal,300s,,,,2819.51281,,3131.709884,,,3099.7393440000005,,1202.8196850000002
men,shop_coffee,multimodal,300s,,,,1325.14679,,1465.109228,,,1453.353168,,565.314915
women,shop_coffee,multimodal,300s,,,,1494.3660199999997,,1666.600656,,,1646.386176,,637.5047699999999
youth,shop_coffee,multimodal,300s,,,,828.010434,,911.340396,,,915.730464,,353.23380899999995
children_u5,shop_coffee,multimodal,300s,,,,221.79603399999996,,175.614948,,,165.567792,,94.61940899999999
women_rep,shop_coffee,multimodal,300s,,,,1021.1911340000001,,1130.6113400000002,,,1110.932544,,435.6457590000001
elderly,shop_coffee,multimodal,300s,,,,113.38463400000002,,199.000072,,,199.83331199999998,,48.370509000000006
total,shop_coffee,multimodal,600s,,,,18249.231995000002,,23760.331749999998,,,27962.231999000007,,5548.490805
men,shop_coffee,multimodal,600s,,,,8576.982204999998,,11116.84068,,,13110.456703000002,,2607.742995
women,shop_coffee,multimodal,600s,,,,9672.24979,,12643.49107,,,14851.775296,,2940.74781
youth,shop_coffee,multimodal,600s,,,,5359.278542999999,,6915.630246,,,8260.651893999999,,1629.433377
children_u5,shop_coffee,multimodal,600s,,,,1435.5697429999996,,1343.2027759999999,,,1493.5594569999998,,436.470177
women_rep,shop_coffee,multimodal,600s,,,,6609.636193,,8578.524156000001,,,10021.537324,,2009.591727
elderly,shop_coffee,multimodal,600s,,,,733.879443,,1498.6526109999998,,,1802.663002,,223.12847700000003
total,shop_coffee,multimodal,900s,,,,45448.47712999999,,53255.01454899999,129.33545,,58636.73592400001,,13445.635036
men,shop_coffee,multimodal,900s,,,,21360.39367,,24917.112032999998,60.786550000000005,,27492.597428,,6317.557292000001
women,shop_coffee,multimodal,900s,,,,24088.083460000005,,28337.902516000002,68.5489,,31144.138496,,7128.077744
youth,shop_coffee,multimodal,900s,,,,13346.920482,,15500.877080999999,37.98213,,17322.567944,,3941.5274040000004
children_u5,shop_coffee,multimodal,900s,,,,3575.1892819999994,,3015.563003,10.174129999999998,,3131.990732,,1056.1716279999998
women_rep,shop_coffee,multimodal,900s,,,,16460.851582,,19227.658665000003,46.843630000000005,,21015.140624000003,,4866.614804
elderly,shop_coffee,multimodal,900s,,,,1827.6770820000004,,3353.841441999999,5.201130000000001,,3780.1801519999995,,546.172428
total,shop_pastry,multimodal,300s,,2393.611214,4078.6612380000006,1513.2247650000002,1710.764462,,249.359422,,,3721.8157479999995,4549.394362999999
men,shop_pastry,multimodal,300s,,1127.502152,1974.6028099999999,711.2026350000001,816.5002489999999,,116.234989,,,1799.495068,2123.971261
women,shop_pastry,multimodal,300s,,1266.109062,2104.058428,802.0221299999998,894.264213,,133.124433,,,1922.32068,2425.423102
youth,shop_pastry,multimodal,300s,,679.502802,1138.9668219999999,444.39092100000005,504.087483,,69.39917399999999,,,1072.874376,1279.452687
children_u5,shop_pastry,multimodal,300s,,194.072252,378.63814199999996,119.03732099999998,96.770274,,18.789862,,,255.16347199999996,345.678479
women_rep,shop_pastry,multimodal,300s,,841.191812,1345.1465299999998,548.070471,587.177616,,88.570274,,,1266.555536,1621.9671370000003
elderly,shop_pastry,multimodal,300s,,98.91293999999999,141.913134,60.853221000000005,111.544498,,12.988612,,,215.737516,226.679379
total,shop_pastry,multimodal,600s,,14681.939207,11100.686255999999,7307.4529250000005,13547.565006,206.93671999999998,3433.4874259999997,,1549.869672,23018.621310999995,22898.235532
men,shop_pastry,multimodal,600s,,6915.875876,5374.17672,3434.4400750000004,6450.670367,97.25847999999999,1600.466387,,726.676584,11129.485800999999,10689.617234
women,shop_pastry,multimodal,600s,,7766.063331,5726.5095360000005,3873.01285,7096.894639,109.67823999999999,1833.0210390000002,,823.193088,11889.13551,12208.618298000001
youth,shop_pastry,multimodal,600s,,4167.9362009999995,3099.8684639999997,2145.9903449999997,3993.259177,60.771408,955.5732419999999,,457.865232,6635.494782,6436.381404
children_u5,shop_pastry,multimodal,600s,,1190.4009259999998,1030.5203040000001,574.8383449999999,760.6255060000001,16.278608,258.721946,,82.783896,1578.130604,1739.147932
women_rep,shop_pastry,multimodal,600s,,5159.704706,3661.01736,2646.665095,4677.29728,74.94980799999999,1219.544542,,555.466272,7833.370652000001,8162.206004000001
elderly,shop_pastry,multimodal,600s,,606.71247,386.23780800000003,293.8638450000001,881.99547,8.321808,178.84319599999998,,99.91665599999999,1334.2896369999999,1143.579432
total,shop_pastry,multimodal,900s,,29768.432422,21801.915998999997,16826.542045000002,34492.687340000004,1473.2175039999997,12657.039267000002,1270.7075059999997,9887.183316,46118.151659999996,56659.00697
men,shop_pastry,multimodal,900s,,14022.315495999997,10554.964505,7908.330155,16429.338345,690.5295980000001,5901.127754,617.9973289999999,4635.394292000001,22298.091060000002,26442.435905
women,shop_pastry,multimodal,900s,,15746.116926000002,11246.951494,8918.21189,18063.348995000004,782.687906,6755.911513000001,652.7101890000001,5251.789024,23820.0606,30216.571065000007
youth,shop_pastry,multimodal,900s,,8450.717946,6088.188630999999,4941.475113,10164.451298,430.33375199999995,3527.545239,394.86002699999995,2919.4328319999995,13294.31292,15895.118418
children_u5,shop_pastry,multimodal,900s,,2413.602796,2023.9574910000001,1323.654313,1940.086604,96.343594,954.810807,70.21136999999999,528.986476,3161.8082399999994,4296.644017999999
women_rep,shop_pastry,multimodal,900s,,10461.582676,7190.293565,6094.3562630000015,11898.750375,532.570826,4497.931089000001,426.99124800000004,3544.387064,15694.275120000002,20182.327318000003
elderly,shop_pastry,multimodal,900s,,1230.14262,758.576907,676.6670130000001,2245.713802,79.432173,655.439557,81.057622,637.1000879999999,2673.26922,2853.579968
total,amenity_vending_machine,multimodal,300s,320.111712,,,,,,,,,,
men,amenity_vending_machine,multimodal,300s,156.663488,,,,,,,,,,
women,amenity_vending_machine,multimodal,300s,163.44822400000004,,,,,,,,,,
youth,amenity_vending_machine,multimodal,300s,88.243968,,,,,,,,,,
children_u5,amenity_vending_machine,multimodal,300s,25.812735999999997,,,,,,,,,,
women_rep,amenity_vending_machine,multimodal,300s,104.14272,,,,,,,,,,
elderly,amenity_vending_machine,multimodal,300s,14.848,,,,,,,,,,
total,amenity_vending_machine,multimodal,600s,2921.0193719999997,,,,,,,,,,
men,amenity_vending_machine,multimodal,600s,1429.5543280000002,,,,,,,,,,
women,amenity_vending_machine,multimodal,600s,1491.4650440000003,,,,,,,,,,
youth,amenity_vending_machine,multimodal,600s,805.2262079999999,,,,,,,,,,
children_u5,amenity_vending_machine,multimodal,600s,235.54121600000002,,,,,,,,,,
women_rep,amenity_vending_machine,multimodal,600s,950.30232,,,,,,,,,,
elderly,amenity_vending_machine,multimodal,600s,135.48800000000003,,,,,,,,,,
total,amenity_vending_machine,multimodal,900s,6162.150456000001,,,,,,,,,,
men,amenity_vending_machine,multimodal,900s,3015.7721440000005,,,,,,,,,,
women,amenity_vending_machine,multimodal,900s,3146.3783120000007,,,,,,,,,,
youth,amenity_vending_machine,multimodal,900s,1698.6963839999996,,,,,,,,,,
children_u5,amenity_vending_machine,multimodal,900s,496.895168,,,,,,,,,,
women_rep,amenity_vending_machine,multimodal,900s,2004.74736,,,,,,,,,,
elderly,amenity_vending_machine,multimodal,900s,285.824,,,,,,,,,,
total,mixed_offers,multimodal,300s,5521.9270320000005,34630.716614,23084.711627000004,58420.822765,52338.326601,116530.4824,32313.220585000003,56843.091692999995,82194.13598300001,24376.934958,31692.199895000005
men,mixed_offers,multimodal,300s,2702.445168,16322.409489999998,11101.139536999997,27457.284635,24839.456904,54518.01701,15074.29522,27744.166252000003,38537.018512,11743.555458,14837.723730000002
women,mixed_offers,multimodal,300s,2819.4818640000008,18308.307124000003,11983.572092,30963.538130000004,27498.869697000002,62012.46539,17238.925365,29098.926022,43657.11747099999,12633.379506,16854.476165
youth,mixed_offers,multimodal,300s,1522.2084479999999,9826.676384999997,6557.201998999999,17156.528121,15264.316128,33911.506822,9060.050666000001,17609.257168,24255.95773,7053.086544,9078.733563
children_u5,mixed_offers,multimodal,300s,445.269696,2807.598582,1887.7251849999998,4595.654521,3272.3787119999997,6542.998819,2370.626985,3439.251336,4420.825247,1642.381432,2443.819163
women_rep,mixed_offers,multimodal,300s,1796.46192,12156.507758000002,7751.676767000001,21159.267671,18181.261521,42068.192788,11493.942630000001,18956.151592,29453.912515999997,8338.506468,11374.507213
elderly,mixed_offers,multimodal,300s,256.12800000000004,1433.7531100000003,1007.9941150000002,2349.3504210000006,3092.818446,7396.411244,1709.964689,3363.565035,5282.9398200000005,1412.203818,1450.988113
total,mixed_offers,multimodal,600s,19530.516793000003,139833.06054099998,89998.727404,117796.398002,189419.104312,289689.123481,93671.84736200001,236946.155002,246063.29852,131274.94698,121944.93310800003
men,mixed_offers,multimodal,600s,9557.665878,65904.96375299999,43253.088695000006,55363.40143599999,90013.25607999999,135530.92099600003,43690.39318,115690.522235,115386.681727,63360.172768000004,57101.327406000004
women,mixed_offers,multimodal,600s,9972.850915,73928.09678800001,46745.638730000006,62432.996565999994,99405.84823200002,154158.202485,49981.454181999994,121255.63527599999,130676.61679500001,67914.77423200001,64843.605702
youth,mixed_offers,multimodal,600s,5384.179637999999,39682.212134999994,25743.142361,34592.449686,55291.33628699999,84299.82841899998,26217.44451,73642.90278899999,72584.963496,37875.358277,34968.43126799999
children_u5,mixed_offers,multimodal,600s,1574.8903639999999,11332.060887,6991.528769,9266.658535999997,11819.158135000001,16308.291695999998,6912.428130999999,14107.000136999997,13289.757772,9025.227131,9410.92938
women_rep,mixed_offers,multimodal,600s,6354.790312,49091.70873700001,30297.976365,42663.246616,65588.41928100001,104579.90514299998,33308.56564,79036.852091,88138.17738000001,44743.083489000004,43782.824268
elderly,mixed_offers,multimodal,600s,905.7291400000001,5792.298023,4244.14033,4737.207719999999,11245.148469000002,18346.671996999994,4942.447907999999,14189.47768,15785.958272,7512.668712999999,5555.75868
total,mixed_offers,multimodal,900s,43632.62897300001,236863.806231,153886.838922,148089.51833499997,265500.853899,330174.45600699994,124667.24230599999,376605.762887,302361.34591800004,239074.10991499998,206346.79803
men,mixed_offers,multimodal,900s,21352.682193999997,111619.13681299998,74025.21979699998,69600.978795,126301.028729,154471.56884000002,58139.808122999995,183730.64968799998,141790.912862,115475.31172,96630.90591500001
women,mixed_offers,multimodal,900s,22279.946778999998,125244.66941800002,79861.61914600001,78488.53954,139199.82517700002,175702.887167,66527.434183,192875.116882,160570.433063,123598.798219,109715.892115
youth,mixed_offers,multimodal,900s,12028.593443999998,67224.541968,43910.11398999999,43488.014391,77588.71673899998,96078.453883,34850.554806,116171.578342,89208.690377,68884.93140999999,59202.95304599998
children_u5,mixed_offers,multimodal,900s,3518.4188639999998,19198.856375000003,12153.583100000002,11649.819541,16426.200287,18593.002407,9244.937452999999,23304.915858,16318.714303,16596.367229,15931.378805999995
women_rep,mixed_offers,multimodal,900s,14196.868844,83180.512965,51673.04719600001,53634.298491,91725.257778,119194.537216,44320.958505999995,125572.35541399999,108299.856383,81352.761152,74100.749346
elderly,mixed_offers,multimodal,900s,2023.5062799999998,9804.161951,7107.870868999999,5955.498081000001,15921.695861,20906.834355999996,6556.068675,21886.937996999997,19403.304153,13588.674419999998,9376.501456000002
total,unhealthy_offers,multimodal,300s,9229.582206000001,58785.49704299999,47608.49845100001,53402.607305000005,48604.366323999995,111642.358355,37806.056909,108060.581245,79419.50417600002,53003.857505,25500.291233999997
men,unhealthy_offers,multimodal,300s,4514.721568999999,27708.493272999996,22934.762097999996,25098.766495,23103.118014,52230.776641,17641.178643,52771.28110600001,37239.603597,25628.491702,11933.054713
women,unhealthy_offers,multimodal,300s,4714.860637000002,31077.003769999996,24673.736356,28303.84081,25501.248310000003,59411.581714,20164.878266000003,55289.301315,42179.900583999995,27375.365809999996,13567.236521
youth,unhealthy_offers,multimodal,300s,2546.3793809999997,16681.471419,13445.375595999998,15682.821476999998,14230.345894,32482.871154999993,10629.359633,33678.133791,23436.136399,15251.067850999998,7282.151514
children_u5,unhealthy_offers,multimodal,300s,744.0130449999999,4761.627627,4072.520876,4200.898276999999,2918.197201,6281.7357090000005,2733.220711,6336.496681999999,4286.532637,3739.460794,1961.43609
women_rep,unhealthy_offers,multimodal,300s,3006.972327,20634.999525000003,15908.946249999999,19341.734827,16834.172284,40300.32049,13453.671940999999,36062.492013999996,28447.327553000003,17989.632249,9141.808013999998
elderly,unhealthy_offers,multimodal,300s,427.3850170000001,2437.917147,1931.061075,2147.546577,2990.9560220000003,7076.771409999999,2024.5219039999997,6543.080873,5094.815320999999,2966.879972,1185.13124
total,unhealthy_offers,multimodal,600s,41321.61601500001,192897.79498999997,176637.39470399998,116820.522019,198859.42091199997,308121.345019,119024.04095100002,324469.392925,250948.02460900004,229709.261124,107571.90076400002
men,unhealthy_offers,multimodal,600s,20217.398627000002,90914.66502500001,85127.60659499999,54905.136469,94563.81455099999,144153.27826400002,55508.01708199999,158382.553032,117663.396577,111004.026427,50351.37861300001
women,unhealthy_offers,multimodal,600s,21104.217388,101983.12996500001,91509.78813,61915.385550000006,104295.60636100001,163968.066755,63516.023869000004,166086.843315,133284.628039,118705.234721,57220.522151000005
youth,unhealthy_offers,multimodal,600s,11395.484193,54740.41692299999,50068.92584099999,34305.502533,58125.80545,89659.45937499999,33277.209539999996,100858.20615299999,74049.91420000001,66139.17000000001,30768.40273199999
children_u5,unhealthy_offers,multimodal,600s,3331.632941,15634.116325000003,14723.112208999999,9189.931030999995,12233.482148,17344.073655,8819.468765,19228.781366,13527.241478,16077.2084,8284.790348
women_rep,unhealthy_offers,multimodal,600s,13453.124635,67721.056335,59004.24168500001,42309.059585,68766.65613700001,111232.27923999999,42316.059409999994,108302.985464,89904.045126,78072.835172,38586.625131999994
elderly,unhealthy_offers,multimodal,600s,1914.9562010000002,7988.898389000001,7516.385690000001,4698.0870190000005,11980.873022999998,19518.173325999993,6263.731129999999,19505.128923,16110.299829,12951.099928999998,4961.587197999999
total,unhealthy_offers,multimodal,900s,86201.716883,281422.400662,286613.2736,152866.139823,285033.38329699996,328608.60106499994,186374.10850400003,425603.86451900005,307320.19863400003,358688.113527,204215.04317400002
men,unhealthy_offers,multimodal,900s,42176.311209,132618.956389,138204.726076,71846.53238199998,135618.191787,153739.01422600003,86903.497324,207678.27933699999,144116.115539,173302.174283,95612.278993
women,unhealthy_offers,multimodal,900s,44025.405673999994,148803.44427300003,148408.547545,81019.607441,149415.19151200002,174869.586839,99470.61118000002,217925.589488,163204.083102,185385.93926800002,108602.764181
youth,unhealthy_offers,multimodal,900s,23772.532671,79869.15183899998,81076.4092,44890.23143400001,83332.653058,95622.78368499999,52024.18117199999,131756.55086599998,90674.51773800001,103263.24344099998,58510.32449400001
children_u5,unhealthy_offers,multimodal,900s,6950.052811,22811.377912999997,24231.542057000002,12025.630055999995,17538.531367,18505.194933,13894.705611,25784.727059999997,16582.833751,25058.337209,15749.326829999998
women_rep,unhealthy_offers,multimodal,900s,28064.563301000002,98824.69021900001,95586.316339,55363.22309199999,98433.24334799999,118629.23154599998,66238.694772,141991.842202,110076.823702,121958.80205900002,73298.327994
elderly,unhealthy_offers,multimodal,900s,3994.9106870000005,11648.425081000003,11920.574226,6147.771552000002,17189.815188,20807.334319999994,9770.250583000001,25162.551251,19723.342089,20272.689216000002,9342.246980000002
total,shop_kiosk,multimodal,300s,1120.390992,3453.344949,,,1550.689897,2225.993665,2149.051881,,5359.965949000001,,
men,shop_kiosk,multimodal,300s,548.322208,1626.261145,,,737.057782,1041.3550360000002,1002.2361119999999,,2513.0898530000004,,
women,shop_kiosk,multimodal,300s,572.0687840000002,1827.0838040000003,,,813.632115,1184.638629,1146.815769,,2846.876096,,
youth,shop_kiosk,multimodal,300s,308.853888,981.4756649999999,,,451.65358499999996,645.952131,601.7638529999999,,1583.450594,,
children_u5,shop_kiosk,multimodal,300s,90.34457600000002,276.841371,,,99.698782,128.308512,156.376339,,286.294307,,
women_rep,shop_kiosk,multimodal,300s,364.49952,1215.0797770000001,,,536.247766,802.4734960000001,765.0057609999999,,1920.9875240000001,,
elderly,shop_kiosk,multimodal,300s,51.968,145.423212,,,89.43504600000001,139.005554,115.24398199999999,,345.545102,,
total,shop_kiosk,multimodal,600s,9713.389761,19635.627943,,145.026938,10547.113638,15657.984725999999,12214.373342,,45663.34157800001,,
men,shop_kiosk,multimodal,600s,4753.757714,9252.432017,,68.232554,5003.126321999999,7325.259839000001,5694.377519,,21409.512106000002,,
women,shop_kiosk,multimodal,600s,4959.632047000001,10383.195925999999,,76.79438400000001,5543.987315999999,8332.724887,6519.995823000001,,24253.829471999998,,
youth,shop_kiosk,multimodal,600s,2677.6529040000005,5574.701450999999,,41.930202,3083.9212139999995,4549.898418,3405.6570300000003,,13488.488603999998,,
children_u5,shop_kiosk,multimodal,600s,783.2552079999999,1588.550687,,11.571302,641.2547959999999,896.1057380000001,910.85219,,2439.9147420000004,,
women_rep,shop_kiosk,multimodal,600s,3160.08066,6897.944493,,51.801722,3670.1259219999997,5649.150794,4341.320458,,16366.400176,,
elderly,shop_kiosk,multimodal,600s,450.544,815.0330560000001,,5.906958,637.837856,981.0514129999999,641.885828,,2943.509564,,
total,shop_kiosk,multimodal,900s,22917.997881,42733.074516,,703.927316,37605.37141,40836.725141999996,26016.121398000003,,96142.55451,2109.187326,
men,shop_kiosk,multimodal,900s,11216.126594000001,20138.591725,,330.982068,17837.947662000002,19105.670751,12128.505106,,45076.03918100001,1003.7224719999999,
women,shop_kiosk,multimodal,900s,11701.871287000002,22594.482791000002,,372.945248,19767.423748,21731.054391,13887.616292000002,,51066.515329,1105.464854,
youth,shop_kiosk,multimodal,900s,6317.716584,12129.359675999998,,205.40322000000003,10983.824052999998,11876.186686,7251.401022,,28392.409009,615.863156,
children_u5,shop_kiosk,multimodal,900s,1848.030568,3460.9993529999997,,55.699819999999995,2315.2821519999998,2318.5265719999998,1944.5799740000002,,5142.558089,127.976493,
women_rep,shop_kiosk,multimodal,900s,7455.967860000001,15006.808027000003,,253.50306,13083.223554999999,14737.342823,9245.682602,,34461.440155000004,737.627976,
elderly,shop_kiosk,multimodal,900s,1063.0240000000003,1771.1692980000003,,28.457532,2248.5860719999996,2571.635422,1364.259354,,6195.255486999999,129.398623,
total,shop_alcohol,multimodal,300s,,2652.5380880000002,902.7870679999999,6570.240860000001,273.31235100000004,105.874434,3587.8146720000004,1219.685145,3164.3172470000004,4626.210156,882.6654800000001
men,shop_alcohol,multimodal,300s,,1249.6387249999998,440.287996,3087.9567399999996,132.31874499999998,49.671028,1672.702929,596.5267800000001,1483.6313590000002,2238.692356,413.73542499999996
women,shop_alcohol,multimodal,300s,,1402.899363,462.49908000000005,3482.28412,140.993606,56.203406,1915.1117430000002,623.15838,1680.685888,2387.5178,468.930055
youth,shop_alcohol,multimodal,300s,,753.0518729999999,275.750484,1929.4922040000001,76.322519,30.982386,999.7161120000001,384.93548999999996,934.8081819999999,1306.095077,254.793768
children_u5,shop_alcohol,multimodal,300s,,215.030197,59.105475999999996,516.8458039999999,25.372659,7.3977879999999985,270.60792,66.90854999999999,169.017121,391.16985900000003,68.481608
women_rep,shop_alcohol,multimodal,300s,,932.065039,300.37409199999996,2379.656404,90.13868499999998,38.29828,1274.903112,407.19216,1134.076972,1542.3024369999998,317.67716800000005
elderly,shop_alcohol,multimodal,300s,,109.649033,49.995340000000006,264.21740400000004,9.509643,5.218987,185.96036999999998,77.282265,203.99650599999998,197.523042,38.912058
total,shop_alcohol,multimodal,600s,20.006982,14007.534216,8161.935492,29113.409795000003,1534.753971,5780.673357,11109.586202,6515.830921,21242.292549000005,12678.359322,10085.435187
men,shop_alcohol,multimodal,600s,9.791468,6609.686256,3959.895547,13683.052405,743.0206450000001,2706.359359,5179.756858999999,3179.074582,9958.678753000002,6135.295909999999,4717.280689
women,shop_alcohol,multimodal,600s,10.215514,7397.847960000001,4202.039966,15430.357390000001,791.733326,3074.3139979999996,5929.829343,3336.7564,11283.613796,6543.0634119999995,5368.154498000001
youth,shop_alcohol,multimodal,600s,5.515248,3972.066849,2341.295327,8549.777463,428.58029899999997,1684.6490009999998,3096.675186,1999.855588,6268.870873999999,3578.7323529999994,2871.049383
children_u5,shop_alcohol,multimodal,600s,1.613296,1135.254336,692.8570709999999,2290.196663,142.477239,344.901637,838.163474,416.52375199999994,1143.0407470000002,1073.868123,773.799591
women_rep,shop_alcohol,multimodal,600s,6.50892,4907.0832120000005,2698.728739,10544.501113,506.16338499999995,2088.012643,3948.198886,2169.011914,7611.912203999999,4225.957085,3611.483433
elderly,shop_alcohol,multimodal,600s,0.928,581.946408,332.769048,1170.7743630000002,53.400303,345.901819,574.9895239999998,368.413025,1364.6941419999998,539.558076,475.72669099999996
total,shop_alcohol,multimodal,900s,1300.45383,26905.865512,11189.39538,52466.304264000006,7890.974645,16935.279240999997,30760.626645,33797.010499,73175.71009300002,21656.851342,28755.847533000007
men,shop_alcohol,multimodal,900s,636.44542,12706.305818,5425.580107,24658.747682000005,3826.669993,7925.3926169999995,14342.92437,16482.154771,34304.778901000005,10463.598624,13457.515386000001
women,shop_alcohol,multimodal,900s,664.00841,14199.559694,5763.815293999999,27807.556582,4064.304685,9009.886623999999,16417.702275,17314.856026,38870.931192,11193.252718,15298.332147000001
youth,shop_alcohol,multimodal,900s,358.49112,7624.5531869999995,3186.713999,15407.525963999999,2316.550237,4929.353972999999,8578.269440999999,10318.673232999998,21588.812850000002,6131.101158999999,8215.821369000001
children_u5,shop_alcohol,multimodal,900s,104.86424000000001,2180.47441,973.9080629999999,4127.325713999999,594.2748119999999,983.4576809999999,2321.6177609999995,2217.2929249999997,3945.600115,1789.3763009999998,2212.704921
women_rep,shop_alcohol,multimodal,900s,423.07980000000003,9410.485034000001,3697.1880189999997,19002.255374000004,2626.77932,6114.418279,10933.775991000002,11244.404887000002,26220.43442,7250.739323,10310.729919000001
elderly,shop_alcohol,multimodal,900s,60.32,1120.695354,438.106632,2109.931242,381.711337,1042.8527069999998,1588.896411,1868.178503,4696.57867,956.396808,1333.3603710000002
total,shop_convenience,multimodal,300s,1660.579506,556.261761,,8316.269435,5343.179669,412.06709,8045.919817000001,10141.722409999998,2453.960314,3936.220479,1834.933693
men,shop_convenience,multimodal,300s,812.6918440000001,262.025148,,3908.5751650000007,2536.9946269999996,192.77753,3751.327559,4959.443229,1150.571258,1904.035017,859.6656459999999
women,shop_convenience,multimodal,300s,847.8876620000001,294.23661300000003,,4407.694270000001,2806.185042,219.28956,4294.592258000001,5182.279305,1303.389056,2032.185462,975.268047
youth,shop_convenience,multimodal,300s,457.765584,157.912623,,2442.2509590000004,1556.3381069999998,119.91320999999999,2242.636005,3199.5157109999996,724.9532839999999,1122.169272,527.965257
children_u5,shop_convenience,multimodal,300s,133.903568,45.101298,,654.196559,340.074007,23.10723,607.008613,556.447586,131.074502,303.546546,141.993769
women_rep,shop_convenience,multimodal,300s,540.24036,195.48823800000002,,3012.0454090000003,1853.2409290000003,148.76465000000002,2859.378155,3386.3693600000006,879.4882640000001,1324.9423740000002,659.6242070000001
elderly,shop_convenience,multimodal,300s,77.024,22.986810000000002,,334.432659,310.73923400000007,26.184219999999996,416.4845130000001,642.713086,158.201372,196.013025,82.217419
total,shop_convenience,multimodal,600s,6852.391335000001,8495.634168000002,,31945.85615,43241.926720999996,8395.13642,32527.264639,39957.081538,18017.234937,26860.058533999996,14743.745539000003
men,shop_convenience,multimodal,600s,3353.57779,4001.8386239999995,,15014.27785,20519.134316,3927.8779350000004,15166.036178000002,19514.708067000003,8447.615289000001,12992.176426000002,6898.656213
women,shop_convenience,multimodal,600s,3498.8135450000004,4493.7955440000005,,16931.5783,22722.792405,4467.258485,17361.228461000002,20442.373926,9569.619648,13867.882108,7845.089325999999
youth,shop_convenience,multimodal,600s,1888.9724400000002,2411.756424,,9381.586109999998,12568.962015,2442.8750519999994,9069.901778999998,12532.030107,5322.683322,7666.270864,4207.238967
children_u5,shop_convenience,multimodal,600s,552.5538799999999,688.8198239999999,,2513.0101099999997,2815.364946,476.84457399999997,2449.287151,2235.8792349999994,962.3627910000001,2047.6804359999999,1133.382583
women_rep,shop_convenience,multimodal,600s,2229.3051,2985.6385440000004,,11570.37661,15012.74123,3030.73707,11561.263792999998,13353.036643,6457.2954119999995,9051.409212,5284.170617000001
elderly,shop_convenience,multimodal,600s,317.84000000000003,351.07128,,1284.6791100000003,2454.030682,527.668427,1686.2062949999997,2504.6193500000004,1161.5311259999999,1360.148186,687.654683
total,shop_convenience,multimodal,900s,15585.438978000002,23278.711877,,52807.664235,118004.44601499998,32402.134611999998,61621.82019800001,80502.628582,62090.05269500001,66793.555742,49114.668998
men,shop_convenience,multimodal,900s,7627.553572000001,10965.355435999998,,24819.148365,56036.297149,15159.438499,28730.951065999998,39303.276379,29109.531685000005,32303.440434000004,22984.925206
women,shop_convenience,multimodal,900s,7957.885406000001,12313.356441000002,,27988.51587,61968.14886600001,17242.696113,32890.869132,41199.353092,32980.52101,34490.115308,26129.743791999997
youth,shop_convenience,multimodal,900s,4296.378192,6608.404011,,15508.103679,34357.135308,9424.162356,17180.148918,25160.400048999996,18328.967098,19128.4709,14031.090222000003
children_u5,shop_convenience,multimodal,900s,1256.7575840000002,1887.4209859999999,,4154.097279,7563.4307,1845.2457679999998,4639.891395999999,4604.2903289999995,3334.118929,4918.169248,3778.9646539999994
women_rep,shop_convenience,multimodal,900s,5070.4486799999995,8180.886566,,19126.254129,40909.173619999994,11695.496232000001,21901.300151999993,26897.446575,22250.212288,22583.588528000004,17609.955922
elderly,shop_convenience,multimodal,900s,722.912,961.9631699999999,,2123.6213790000006,6815.154202,2034.471564,3196.0556849999994,4967.805872,3992.8343139999997,3548.258042,2278.479054
total,shop_confectionery,multimodal,300s,,640.5438459999999,,1073.4842350000001,1500.176461,2966.8830479999997,,,,80.909038,607.876615
men,shop_confectionery,multimodal,300s,,301.72592799999995,,504.528365,709.590964,1387.998216,,,,39.119458,285.696785
women,shop_confectionery,multimodal,300s,,338.817918,,568.95587,790.585497,1578.884832,,,,41.78958,322.17983
youth,shop_confectionery,multimodal,300s,,181.838778,,315.25167899999997,430.957707,863.375112,,,,23.323356,178.516011
children_u5,shop_confectionery,multimodal,300s,,51.934827999999996,,84.44527899999999,110.064314,166.372056,,,,5.547032,47.81841099999999
women_rep,shop_confectionery,multimodal,300s,,225.10766800000002,,388.80212900000004,523.337078,1071.10548,,,,27.533816,220.16506100000004
elderly,shop_confectionery,multimodal,300s,,26.46966,,43.169379000000006,73.261666,188.52638399999998,,,,4.689946,24.445311000000004
total,shop_confectionery,multimodal,600s,,4517.519756,,5794.22816,13852.927337000001,12444.426118,,224.890157,,2350.8346349999997,3660.193235
men,shop_confectionery,multimodal,600s,,2127.9618079999996,,2723.23744,6541.414781,5821.881406,,108.774011,,1137.0379329999998,1720.259365
women,shop_confectionery,multimodal,600s,,2389.557948,,3070.99072,7311.512556000001,6622.544712,,116.11614600000001,,1213.796702,1939.93387
youth,shop_confectionery,multimodal,600s,,1282.4419079999998,,1701.599424,3985.4537759999994,3621.3789420000003,,64.259601,,671.790329,1074.894279
children_u5,shop_confectionery,multimodal,600s,,366.27720800000003,,455.80102399999987,985.518616,697.838346,,16.949292999999997,,176.991705,287.92787899999996
women_rep,shop_confectionery,multimodal,600s,,1587.6014480000001,,2098.5946240000003,4857.79609,4492.692430000001,,75.86886700000001,,793.156231,1325.674729
elderly,shop_confectionery,multimodal,600s,,186.68076,,233.01062400000004,702.328208,790.7634439999999,,11.574425000000002,,121.165707,147.19197900000003
total,shop_confectionery,multimodal,900s,,10248.701536,,10967.64616,38841.68793099999,19614.393484,,2347.031421,,10623.093352999998,8626.674515
men,shop_confectionery,multimodal,900s,,4827.614847999999,,5154.69944,18370.314016,9176.210428,,1135.809227,,5140.024495,4054.462885000001
women,shop_confectionery,multimodal,900s,,5421.086688,,5812.94672,20471.373914999996,10438.183055999998,,1211.2221940000002,,5483.068858000001,4572.211630000001
youth,shop_confectionery,multimodal,900s,,2909.4204479999994,,3220.8846240000003,11198.563125,5707.868796,,661.974355,,3008.446462,2533.4080710000003
children_u5,shop_confectionery,multimodal,900s,,830.957248,,862.766224,2727.213546,1099.904148,,200.207499,,873.2493519999999,678.6144709999999
women_rep,shop_confectionery,multimodal,900s,,3601.7226880000003,,3972.3398240000006,13571.08527,7081.197340000001,,781.7027089999999,,3552.378,3124.4701210000003
elderly,shop_confectionery,multimodal,900s,,423.51456,,441.05582400000003,2008.789022,1246.368872,,98.53586100000001,,477.421019,346.91537100000005
total,shop_health_food,multimodal,300s,,,,,,,1181.5837480000002,,2518.5382170000003,,
men,shop_health_food,multimodal,300s,,,,,,,553.9485910000001,,1180.8494489999998,,
women,shop_health_food,multimodal,300s,,,,,,,627.6351569999999,,1337.688768,,
youth,shop_health_food,multimodal,300s,,,,,,,348.737322,,744.031002,,
children_u5,shop_health_food,multimodal,300s,,,,,,,63.53329600000001,,134.523831,,
women_rep,shop_health_food,multimodal,300s,,,,,,,423.412802,,902.6326920000001,,
elderly,shop_health_food,multimodal,300s,,,,,,,75.936616,,162.36456599999997,,
total,shop_health_food,multimodal,600s,,,,,,,6369.551710000001,,15739.103952000001,,
men,shop_health_food,multimodal,600s,,,,,,,2983.51623,,7378.123054,,
women,shop_health_food,multimodal,600s,,,,,,,3386.0354799999996,,8360.980898,,
youth,shop_health_food,multimodal,600s,,,,,,,1863.323164,,4641.1397959999995,,
children_u5,shop_health_food,multimodal,600s,,,,,,,363.785922,,851.621368,,
women_rep,shop_health_food,multimodal,600s,,,,,,,2279.376584,,5639.225555999999,,
elderly,shop_health_food,multimodal,600s,,,,,,,397.332852,,1008.491008,,
total,shop_health_food,multimodal,900s,,,,,,,11821.575199,,35435.999826,,
men,shop_health_food,multimodal,900s,,,,,,,5527.887207999999,,16609.919471999998,,
women,shop_health_food,multimodal,900s,,,,,,,6293.687991000001,,18826.080354,,
youth,shop_health_food,multimodal,900s,,,,,,,3399.460716,,10439.024616,,
children_u5,shop_health_food,multimodal,900s,,,,,,,750.5244130000001,,1930.633398,,
women_rep,shop_health_food,multimodal,900s,,,,,,,4219.405106,,12694.570236000001,,
elderly,shop_health_food,multimodal,900s,,,,,,,694.908298,,2263.108428,,
total,shop_spices,multimodal,300s,,,,,,,939.893206,,,,
men,shop_spices,multimodal,300s,,,,,,,438.11649700000004,,,,
women,shop_spices,multimodal,300s,,,,,,,501.77670900000004,,,,
youth,shop_spices,multimodal,300s,,,,,,,261.581502,,,,
children_u5,shop_spices,multimodal,300s,,,,,,,70.823326,,,,
women_rep,shop_spices,multimodal,300s,,,,,,,333.84180200000003,,,,
elderly,shop_spices,multimodal,300s,,,,,,,48.957076,,,,
total,shop_spices,multimodal,600s,,,,,,,7979.501504000001,,134.27045800000002,,
men,shop_spices,multimodal,600s,,,,,,,3719.519648,,62.588071,,
women,shop_spices,multimodal,600s,,,,,,,4259.981856,,71.682387,,
youth,shop_spices,multimodal,600s,,,,,,,2220.773568,,37.368786,,
children_u5,shop_spices,multimodal,600s,,,,,,,601.275584,,10.117618,,
women_rep,shop_spices,multimodal,600s,,,,,,,2834.2487680000004,,47.691686000000004,,
elderly,shop_spices,multimodal,600s,,,,,,,415.635584,,6.993868,,
total,shop_spices,multimodal,900s,,,,,,277.072079,18817.770167,,6367.632941000002,,
men,shop_spices,multimodal,900s,,,,,,129.362483,8772.098069,,2982.093187,,
women,shop_spices,multimodal,900s,,,,,,147.709596,10045.672098,,3385.5397540000004,,
youth,shop_spices,multimodal,900s,,,,,,78.681147,5240.831715000001,,1859.4739900000002,,
children_u5,shop_spices,multimodal,900s,,,,,,18.495161,1412.4063449999999,,367.891675,,
women_rep,shop_spices,multimodal,900s,,,,,,99.134179,6685.587923,,2278.07428,,
elderly,shop_spices,multimodal,900s,,,,,,15.848258000000001,983.4827380000002,,394.83451,,
total,shop_supermarket,multimodal,300s,1330.4643030000002,15001.107538,12670.572585,21534.352425000005,23230.189690000003,37346.161553,11718.429371,34998.897858,32957.509020000005,7042.428964999999,19525.339257000007
men,shop_supermarket,multimodal,300s,651.132622,7068.055243999999,6064.197656999999,10120.960575000001,11049.227237000001,17472.322986,5467.486137,17086.141207,15456.005325999999,3389.5777049999997,9142.486904
women,shop_supermarket,multimodal,300s,679.3316810000001,7933.052294000001,6606.374929,11413.391850000002,12180.962453000004,19873.838567,6250.943234,17912.757021,17501.503694,3652.85126,10382.852353
youth,shop_supermarket,multimodal,300s,366.763992,4257.720444,3634.2812169999997,6324.0246449999995,6799.615129999999,10868.421121,3290.632081,10882.574096999999,9733.972172,2028.8521459999997,5597.607572999999
children_u5,shop_supermarket,multimodal,300s,107.284184,1216.234584,951.841772,1693.9926449999998,1404.2354129999999,2094.386517,852.915043,2070.1625,1764.8923180000002,490.69120899999996,1506.539061
women_rep,shop_supermarket,multimodal,300s,432.84318,5269.259824000001,4306.459096,7799.464395000001,8031.385152999999,13481.524190000002,4169.097451,11677.957418,11807.308212,2405.8378119999998,7009.695123
elderly,shop_supermarket,multimodal,300s,61.71200000000001,620.4078800000001,620.001753,865.988145,1423.2071760000003,2372.9647349999996,624.137573,2107.74507,2122.64425,391.97353200000003,890.6474109999999
total,shop_supermarket,multimodal,600s,7252.5309750000015,65739.154082,62443.142389,97130.92295000001,120012.43640299999,159718.93477,61297.945758,176159.615382,153986.94208000004,56076.266368,84295.816597
men,shop_supermarket,multimodal,600s,3549.40715,30978.86765,29917.454418,45650.699049999996,57055.25483499999,74724.327057,28595.840625999997,86032.302324,72225.604649,27047.959189999998,39470.118744
women,shop_supermarket,multimodal,600s,3703.1238250000006,34760.286432,32525.687992,51480.22389999999,62957.181568,84994.60771299999,32702.105132,90127.31496199999,81761.337431,29028.307178,44825.697853000005
youth,shop_supermarket,multimodal,600s,1999.2774,18656.482485,18037.334686000002,28524.57963,35081.098684000004,46481.0284,17188.471052999997,54862.40512399999,45463.673276,16139.682130999998,24165.072705000002
children_u5,shop_supermarket,multimodal,600s,584.8198,5329.777166,4459.110086,7640.771629999998,7369.197688,8984.003230999999,4490.960624,10375.667253999998,8271.225991000001,3931.848818,6503.848032999998
women_rep,shop_supermarket,multimodal,600s,2359.4835,23084.833814,21200.613952,35179.56613,41526.685702,57661.175884,21803.525921,58760.94143,55150.739,19099.672003,30262.070855
elderly,shop_supermarket,multimodal,600s,336.40000000000003,2720.07963,3263.8444390000004,3906.0486300000007,7239.842066,10121.547322999999,3248.9804669999994,10634.746901999999,9905.292562999999,3129.643167,3846.0861830000003
total,shop_supermarket,multimodal,900s,16425.732222000002,139420.93218899998,110196.74607000002,142049.124735,234370.702197,277969.666249,105272.66034100001,314891.679877,277836.37276,132934.16167799997,163389.55541399997
men,shop_supermarket,multimodal,900s,8038.795228,65706.027405,52882.353867,66761.86786500001,111536.291783,130047.62915,49098.625017,153725.84842200004,130287.35225399998,64180.231696,76505.293523
women,shop_supermarket,multimodal,900s,8386.936994000002,73714.90478400001,57314.39222400001,75287.25686999998,122834.41042100001,147922.037099,56174.035324000004,161165.834726,147549.020506,68753.930005,86884.26189100002
youth,shop_supermarket,multimodal,900s,4528.018608,39565.579776,31697.337018,41715.773379,68569.675457,80890.56450099999,29452.449545999996,97671.529793,81993.711622,38300.418262,46842.222654
children_u5,shop_supermarket,multimodal,900s,1324.5160160000003,11302.146150999999,8126.901229999999,11174.246978999998,14316.989723,15647.424966999999,7783.7815709999995,18966.351402,14955.802193999998,9310.008246000001,12607.05315
women_rep,shop_supermarket,multimodal,900s,5343.82332,48952.00793700001,37247.94485,51448.358829000004,80916.224612,100350.637556,37432.775716,105007.388507,99530.435018,45219.134766,58658.13215399999
elderly,shop_supermarket,multimodal,900s,761.888,5771.18173,5564.208934999999,5712.401079,14232.892997,17605.272494999997,5545.607586000001,18690.08699,17852.014818,7443.392908,7452.227800000001
total,amenity_cafe,multimodal,300s,3717.6586650000004,21735.717819999998,24331.959372,38593.69828,21313.070805000003,82989.46514799999,14279.636322000002,51420.252934000004,50312.22604100001,31281.664850999998,15256.710868999999
men,amenity_cafe,multimodal,300s,1817.172135,10242.389626,11730.163251,18138.70652,10112.371109,38825.787221000006,6661.961594000001,25128.047523,23588.714882,15124.675628,7138.265823000001
women,amenity_cafe,multimodal,300s,1900.4865300000004,11493.328194000002,12601.796120999998,20454.99176,11200.699696000001,44163.677927,7617.674728000001,26292.205998999998,26723.511159,16156.989229,8118.445045999999
youth,amenity_cafe,multimodal,300s,1026.928557,6168.6500909999995,6852.865376999999,11333.867591999999,6236.17624,24146.58709,4003.6916499999998,16103.533872999997,14858.221022999998,9011.903400999998,4351.989057
children_u5,amenity_cafe,multimodal,300s,299.54999699999996,1762.22317,2120.073544,3035.960392,1275.350141,4666.672839,1054.985628,2942.8384379999998,2693.771979,2185.609026,1172.4641929999998
women_rep,amenity_cafe,multimodal,300s,1213.7648669999999,7633.146082,8113.348090000001,13978.139192,7416.17159,29957.207976,5080.709704000001,17157.594440000004,18030.860206999998,10625.381415000002,5467.276207000001
elderly,amenity_cafe,multimodal,300s,171.72101700000002,899.2638900000001,955.7671119999999,1552.0171920000003,1310.16205,5263.169633999999,748.306567,3167.578994,3239.9174379999995,1769.9946499999999,712.8382930000001
total,amenity_cafe,multimodal,600s,19716.674224,112971.155043,103304.784654,96129.179877,134177.585855,275699.103315,74241.241166,234319.570671,163866.570044,159610.13419599997,75859.010569
men,amenity_cafe,multimodal,600s,9645.122700999998,53239.138828999996,49761.289729000004,45180.276773,63784.885018999994,128982.49353400001,34627.593432,114436.035532,76829.698516,77156.808602,35499.121638
women,amenity_cafe,multimodal,600s,10071.551523000002,59732.016214,53543.49493,50948.903104000005,70392.700836,146716.609781,39613.647734,119883.53774200001,87036.87153100001,82453.325618,40359.88893100001
youth,amenity_cafe,multimodal,600s,5439.178796999999,32059.742157,29261.006493999994,28230.036050999995,39220.23220500001,80222.27677899999,20781.227237,73216.35573999998,48378.61546,45983.062421999995,21664.440165
children_u5,amenity_cafe,multimodal,600s,1589.452973,9157.995275000001,8631.077596,7562.0092989999985,8226.778471,15498.882693,5478.912954,13502.560720000001,8795.057891,11125.627301,5835.214021
women_rep,amenity_cafe,multimodal,600s,6422.576711,39667.099425,34540.672307999994,34816.010373,46443.267313000004,99526.888962,26401.315866999998,78242.2998,58721.13374000001,54239.782482,27195.901715000004
elderly,amenity_cafe,multimodal,600s,913.1779210000002,4676.087822000001,4374.143685,3865.887703000001,8103.930295999999,17485.540538,3915.439944,14372.382345,10540.940175,9051.820905999999,3524.571071
total,amenity_cafe,multimodal,900s,49318.010885,197783.264855,213152.64848200002,134422.47656799998,239316.927176,327292.0266829999,145364.07433200002,374674.981651,243566.98207400003,296068.801328,148320.962444
men,amenity_cafe,multimodal,900s,24128.577565000003,93205.193255,102748.18351999999,63177.991307000004,113870.163184,153122.19471699998,67787.31221,182908.957147,114200.77135899999,143059.501511,69449.078843
women,amenity_cafe,multimodal,900s,25189.43332,104578.07160000001,110404.46498300001,71244.485261,125446.763992,174169.831966,77576.762122,191766.02852199998,129366.210722,153009.299841,78871.88360100001
youth,amenity_cafe,multimodal,900s,13602.525963,56129.37580799999,60392.613026000006,39475.504155,70007.451631,95239.49646099999,40610.68624799999,116671.70455299999,71871.180662,85283.213525,42520.137756
children_u5,amenity_cafe,multimodal,900s,3976.048523,16034.122941000003,17814.381484999998,10574.358427,14613.185886,18422.831687999995,10804.495999,21975.667255,13127.258088000002,20563.245121,11443.923451999997
women_rep,amenity_cafe,multimodal,900s,16059.524652999999,69450.604691,71159.273847,48684.979313,82650.97832899999,118154.39743499999,51672.291247999994,125088.645315,87264.20994600002,100704.86280100001,53247.449356000005
elderly,amenity_cafe,multimodal,900s,2285.0835030000003,8185.142992000001,9036.89719,5405.886183000001,14536.133529000002,20732.185277999994,7634.123470999999,22694.816701000003,15637.973666,16857.284999,6766.541402000001
total,shop_seafood,multimodal,300s,750.261825,,,,3893.4639480000005,,,701.521105,,,
men,shop_seafood,multimodal,300s,367.18005000000005,,,,1858.241946,,,339.618165,,,
women,shop_seafood,multimodal,300s,383.081775,,,,2035.2220020000002,,,361.90294500000005,,,
youth,shop_seafood,multimodal,300s,206.8218,,,,1147.233582,,,215.223465,,,
children_u5,shop_seafood,multimodal,300s,60.4986,,,,220.235796,,,38.987379999999995,,,
women_rep,shop_seafood,multimodal,300s,244.0845,,,,1336.3352639999998,,,236.96824,,,
elderly,shop_seafood,multimodal,300s,34.800000000000004,,,,253.85989200000006,,,44.992565,,,
total,shop_seafood,multimodal,600s,3491.721755,,,,22062.962371999998,,,14735.09029,,,
men,shop_seafood,multimodal,600s,1707.100145,,,,10530.037694,,,7184.381208000001,,,
women,shop_seafood,multimodal,600s,1784.6216100000004,,,,11532.924678,,,7550.70924,,,
youth,shop_seafood,multimodal,600s,964.1796509999999,,,,6500.990298,,,4610.888292,,,
children_u5,shop_seafood,multimodal,600s,281.382211,,,,1248.002844,,,811.551052,,,
women_rep,shop_seafood,multimodal,600s,1139.3069409999998,,,,7572.566496,,,4937.01088,,,
elderly,shop_seafood,multimodal,600s,161.400791,,,,1438.5393880000001,,,937.1234420000001,,,
total,shop_seafood,multimodal,900s,7621.240276,,,90.534815,53859.58461399999,,,45831.51773000001,,,
men,shop_seafood,multimodal,900s,3724.8333239999997,,,42.550585,25705.680253,,,22348.512663999998,,,
women,shop_seafood,multimodal,900s,3896.4069520000007,,,47.98423,28153.904361,,,23483.005559999998,,,
youth,shop_seafood,multimodal,900s,2105.575524,,,26.587491,15870.064551,,,14345.912196000001,,,
children_u5,shop_seafood,multimodal,900s,614.0411879999999,,,7.121890999999998,3046.5951780000005,,,2523.864556,,,
women_rep,shop_seafood,multimodal,900s,2488.96982,,,32.790541000000005,18485.971152,,,15353.95552,,,
elderly,shop_seafood,multimodal,900s,351.9062600000001,,,3.640791000000001,3511.7285060000004,,,2914.413346,,,
