{
"type": "FeatureCollection",
"name": "amenity_restaurant_hanoi",
"crs": { "type": "name", "properties": { "name": "urn:ogc:def:crs:OGC:1.3:CRS84" } },
"features": [
{ "type": "Feature", "properties": { "osm_id": "310727632", "code": 2301, "fclass": "restaurant", "name_left": "Cửa Hàng Bánh Tôm Hồ Tây", "index_right": 0, "name_right": "Hanoi" }, "geometry": { "type": "Point", "coordinates": [ 105.8376261, 21.0473212 ] } },
{ "type": "Feature", "properties": { "osm_id": "442030353", "code": 2301, "fclass": "restaurant", "name_left": "Nhà Hàng Chay Phương Nam", "index_right": 0, "name_right": "Hanoi" }, "geometry": { "type": "Point", "coordinates": [ 105.84695, 21.0222319 ] } },
{ "type": "Feature", "properties": { "osm_id": "442030367", "code": 2301, "fclass": "restaurant", "name_left": "Nhà hàng Nam Phương", "index_right": 0, "name_right": "Hanoi" }, "geometry": { "type": "Point", "coordinates": [ 105.8563856, 21.0217552 ] } },
{ "type": "Feature", "properties": { "osm_id": "442030389", "code": 2301, "fclass": "restaurant", "name_left": "Nha Hang Little Italian", "index_right": 0, "name_right": "Hanoi" }, "geometry": { "type": "Point", "coordinates": [ 105.852831, 21.0169539 ] } },
{ "type": "Feature", "properties": { "osm_id": "442031761", "code": 2301, "fclass": "restaurant", "name_left": "Nha Hang Indochine", "index_right": 0, "name_right": "Hanoi" }, "geometry": { "type": "Point", "coordinates": [ 105.8430053, 21.0265868 ] } },
{ "type": "Feature", "properties": { "osm_id": "442994566", "code": 2301, "fclass": "restaurant", "name_left": "Sushi Tiger", "index_right": 0, "name_right": "Hanoi" }, "geometry": { "type": "Point", "coordinates": [ 105.8061561, 21.028523 ] } },
{ "type": "Feature", "properties": { "osm_id": "443000681", "code": 2301, "fclass": "restaurant", "name_left": "Sen Tây Hồ", "index_right": 0, "name_right": "Hanoi" }, "geometry": { "type": "Point", "coordinates": [ 105.8154687, 21.0741493 ] } },
{ "type": "Feature", "properties": { "osm_id": "443036957", "code": 2301, "fclass": "restaurant", "name_left": null, "index_right": 0, "name_right": "Hanoi" }, "geometry": { "type": "Point", "coordinates": [ 105.7770678, 21.0708271 ] } },
{ "type": "Feature", "properties": { "osm_id": "446043000", "code": 2301, "fclass": "restaurant", "name_left": "Trà Xuân Tửu", "index_right": 0, "name_right": "Hanoi" }, "geometry": { "type": "Point", "coordinates": [ 105.8277638, 21.0297549 ] } },
{ "type": "Feature", "properties": { "osm_id": "446043425", "code": 2301, "fclass": "restaurant", "name_left": "Cây Si", "index_right": 0, "name_right": "Hanoi" }, "geometry": { "type": "Point", "coordinates": [ 105.8431006, 21.0288674 ] } },
{ "type": "Feature", "properties": { "osm_id": "446044222", "code": 2301, "fclass": "restaurant", "name_left": "Nhà hàng Thành Lộc", "index_right": 0, "name_right": "Hanoi" }, "geometry": { "type": "Point", "coordinates": [ 105.8567708, 21.0083549 ] } },
{ "type": "Feature", "properties": { "osm_id": "721788305", "code": 2301, "fclass": "restaurant", "name_left": "Nhà Hàng Little Hanoi", "index_right": 0, "name_right": "Hanoi" }, "geometry": { "type": "Point", "coordinates": [ 105.850937, 21.0321895 ] } },
{ "type": "Feature", "properties": { "osm_id": "721788307", "code": 2301, "fclass": "restaurant", "name_left": "Nhà Hàng New Day", "index_right": 0, "name_right": "Hanoi" }, "geometry": { "type": "Point", "coordinates": [ 105.853359, 21.0346545 ] } },
{ "type": "Feature", "properties": { "osm_id": "721836715", "code": 2301, "fclass": "restaurant", "name_left": "Quán Ăn Ngon - Phan Bội Châu", "index_right": 0, "name_right": "Hanoi" }, "geometry": { "type": "Point", "coordinates": [ 105.8433041, 21.0262605 ] } },
{ "type": "Feature", "properties": { "osm_id": "721836727", "code": 2301, "fclass": "restaurant", "name_left": "Xoi Van Anh", "index_right": 0, "name_right": "Hanoi" }, "geometry": { "type": "Point", "coordinates": [ 105.8546062, 21.033942 ] } },
{ "type": "Feature", "properties": { "osm_id": "721906714", "code": 2301, "fclass": "restaurant", "name_left": "Sushi Hokkaido Sachi", "index_right": 0, "name_right": "Hanoi" }, "geometry": { "type": "Point", "coordinates": [ 105.8543053, 21.0202197 ] } },
{ "type": "Feature", "properties": { "osm_id": "721906718", "code": 2301, "fclass": "restaurant", "name_left": "Nhà Hàng Khazaana Indian", "index_right": 0, "name_right": "Hanoi" }, "geometry": { "type": "Point", "coordinates": [ 105.857296, 21.0286735 ] } },
{ "type": "Feature", "properties": { "osm_id": "721906721", "code": 2301, "fclass": "restaurant", "name_left": "Tandoor Indian Cuisine", "index_right": 0, "name_right": "Hanoi" }, "geometry": { "type": "Point", "coordinates": [ 105.8537345, 21.0335791 ] } },
{ "type": "Feature", "properties": { "osm_id": "723642233", "code": 2301, "fclass": "restaurant", "name_left": "The King Cafe", "index_right": 0, "name_right": "Hanoi" }, "geometry": { "type": "Point", "coordinates": [ 105.8515895, 21.0348473 ] } },
{ "type": "Feature", "properties": { "osm_id": "723642240", "code": 2301, "fclass": "restaurant", "name_left": "Nhà Hàng Ladybird", "index_right": 0, "name_right": "Hanoi" }, "geometry": { "type": "Point", "coordinates": [ 105.8515631, 21.0357539 ] } },
{ "type": "Feature", "properties": { "osm_id": "723642244", "code": 2301, "fclass": "restaurant", "name_left": "Nhà Hàng Gecko", "index_right": 0, "name_right": "Hanoi" }, "geometry": { "type": "Point", "coordinates": [ 105.8525664, 21.0348198 ] } },
{ "type": "Feature", "properties": { "osm_id": "723642373", "code": 2301, "fclass": "restaurant", "name_left": "Tamarind Cafe", "index_right": 0, "name_right": "Hanoi" }, "geometry": { "type": "Point", "coordinates": [ 105.8533099, 21.0341589 ] } },
{ "type": "Feature", "properties": { "osm_id": "723671517", "code": 2301, "fclass": "restaurant", "name_left": "Nhà Hàng Âu Lạc Brazil II", "index_right": 0, "name_right": "Hanoi" }, "geometry": { "type": "Point", "coordinates": [ 105.8409205, 21.0298564 ] } },
{ "type": "Feature", "properties": { "osm_id": "723671523", "code": 2301, "fclass": "restaurant", "name_left": "Nhà Hàng Mediterraneo", "index_right": 0, "name_right": "Hanoi" }, "geometry": { "type": "Point", "coordinates": [ 105.8498777, 21.0288946 ] } },
{ "type": "Feature", "properties": { "osm_id": "723671525", "code": 2301, "fclass": "restaurant", "name_left": "Nhà Hàng Classico", "index_right": 0, "name_right": "Hanoi" }, "geometry": { "type": "Point", "coordinates": [ 105.8451399, 21.025414 ] } },
{ "type": "Feature", "properties": { "osm_id": "723684563", "code": 2301, "fclass": "restaurant", "name_left": "Nhà Hàng La Badiane", "index_right": 0, "name_right": "Hanoi" }, "geometry": { "type": "Point", "coordinates": [ 105.8432573, 21.0265884 ] } },
{ "type": "Feature", "properties": { "osm_id": "723684568", "code": 2301, "fclass": "restaurant", "name_left": "Nhà Hàng Hoa Sữa", "index_right": 0, "name_right": "Hanoi" }, "geometry": { "type": "Point", "coordinates": [ 105.8474967, 21.0212237 ] } },
{ "type": "Feature", "properties": { "osm_id": "723795403", "code": 2301, "fclass": "restaurant", "name_left": "Nhà Hàng Half Man Half Noodle", "index_right": 0, "name_right": "Hanoi" }, "geometry": { "type": "Point", "coordinates": [ 105.8530045, 21.0350466 ] } },
{ "type": "Feature", "properties": { "osm_id": "724829358", "code": 2301, "fclass": "restaurant", "name_left": null, "index_right": 0, "name_right": "Hanoi" }, "geometry": { "type": "Point", "coordinates": [ 105.8517641, 21.0229624 ] } },
{ "type": "Feature", "properties": { "osm_id": "733355114", "code": 2301, "fclass": "restaurant", "name_left": null, "index_right": 0, "name_right": "Hanoi" }, "geometry": { "type": "Point", "coordinates": [ 105.8029168, 21.0444791 ] } },
{ "type": "Feature", "properties": { "osm_id": "773601261", "code": 2301, "fclass": "restaurant", "name_left": "Pho 10", "index_right": 0, "name_right": "Hanoi" }, "geometry": { "type": "Point", "coordinates": [ 105.8488474, 21.0304724 ] } },
{ "type": "Feature", "properties": { "osm_id": "773601263", "code": 2301, "fclass": "restaurant", "name_left": "Puku", "index_right": 0, "name_right": "Hanoi" }, "geometry": { "type": "Point", "coordinates": [ 105.8435381, 21.0294934 ] } },
{ "type": "Feature", "properties": { "osm_id": "963611886", "code": 2301, "fclass": "restaurant", "name_left": "Thai Village", "index_right": 0, "name_right": "Hanoi" }, "geometry": { "type": "Point", "coordinates": [ 105.8512129, 21.0320076 ] } },
{ "type": "Feature", "properties": { "osm_id": "973961102", "code": 2301, "fclass": "restaurant", "name_left": "Nhà Hàng Ba Ba", "index_right": 0, "name_right": "Hanoi" }, "geometry": { "type": "Point", "coordinates": [ 105.8009777, 21.0460387 ] } },
{ "type": "Feature", "properties": { "osm_id": "975757197", "code": 2301, "fclass": "restaurant", "name_left": "Toshi Fusion", "index_right": 0, "name_right": "Hanoi" }, "geometry": { "type": "Point", "coordinates": [ 105.8562112, 21.0200182 ] } },
{ "type": "Feature", "properties": { "osm_id": "977647355", "code": 2301, "fclass": "restaurant", "name_left": "Nhà Hàng Duy Lê Malraux", "index_right": 0, "name_right": "Hanoi" }, "geometry": { "type": "Point", "coordinates": [ 105.8489482, 21.0313388 ] } },
{ "type": "Feature", "properties": { "osm_id": "977668089", "code": 2301, "fclass": "restaurant", "name_left": "Son Thanh", "index_right": 0, "name_right": "Hanoi" }, "geometry": { "type": "Point", "coordinates": [ 105.8472039, 21.0307814 ] } },
{ "type": "Feature", "properties": { "osm_id": "993037617", "code": 2301, "fclass": "restaurant", "name_left": "Nhà Hàng Yakiniku Shiki", "index_right": 0, "name_right": "Hanoi" }, "geometry": { "type": "Point", "coordinates": [ 105.8548258, 21.0336059 ] } },
{ "type": "Feature", "properties": { "osm_id": "997997620", "code": 2301, "fclass": "restaurant", "name_left": "Red bean", "index_right": 0, "name_right": "Hanoi" }, "geometry": { "type": "Point", "coordinates": [ 105.8533178, 21.0342414 ] } },
{ "type": "Feature", "properties": { "osm_id": "998227583", "code": 2301, "fclass": "restaurant", "name_left": "Nhà Hàng Green Mango", "index_right": 0, "name_right": "Hanoi" }, "geometry": { "type": "Point", "coordinates": [ 105.8498165, 21.0329639 ] } },
{ "type": "Feature", "properties": { "osm_id": "1000087449", "code": 2301, "fclass": "restaurant", "name_left": "Nhà Hàng Chả Cá Văn Miếu", "index_right": 0, "name_right": "Hanoi" }, "geometry": { "type": "Point", "coordinates": [ 105.8369362, 21.0296628 ] } },
{ "type": "Feature", "properties": { "osm_id": "1008752900", "code": 2301, "fclass": "restaurant", "name_left": null, "index_right": 0, "name_right": "Hanoi" }, "geometry": { "type": "Point", "coordinates": [ 105.8509377, 21.0239241 ] } },
{ "type": "Feature", "properties": { "osm_id": "1671744985", "code": 2301, "fclass": "restaurant", "name_left": "Nhà Hàng Chả Cá Thủy Hồng", "index_right": 0, "name_right": "Hanoi" }, "geometry": { "type": "Point", "coordinates": [ 105.8469741, 21.0361852 ] } },
{ "type": "Feature", "properties": { "osm_id": "1711447439", "code": 2301, "fclass": "restaurant", "name_left": "Nhà Hàng Lâm Ký", "index_right": 0, "name_right": "Hanoi" }, "geometry": { "type": "Point", "coordinates": [ 105.503133, 21.1342272 ] } },
{ "type": "Feature", "properties": { "osm_id": "1711457407", "code": 2301, "fclass": "restaurant", "name_left": "Nhà hàng Đông Thành", "index_right": 0, "name_right": "Hanoi" }, "geometry": { "type": "Point", "coordinates": [ 105.505606, 21.1360235 ] } },
{ "type": "Feature", "properties": { "osm_id": "2136341357", "code": 2301, "fclass": "restaurant", "name_left": "Osihi", "index_right": 0, "name_right": "Hanoi" }, "geometry": { "type": "Point", "coordinates": [ 105.8212455, 21.0675537 ] } },
{ "type": "Feature", "properties": { "osm_id": "2175084765", "code": 2301, "fclass": "restaurant", "name_left": "Nhà Hàng Highway 4", "index_right": 0, "name_right": "Hanoi" }, "geometry": { "type": "Point", "coordinates": [ 105.8092811, 21.029439 ] } },
{ "type": "Feature", "properties": { "osm_id": "2256217984", "code": 2301, "fclass": "restaurant", "name_left": "Nhà Hàng Gecko", "index_right": 0, "name_right": "Hanoi" }, "geometry": { "type": "Point", "coordinates": [ 105.8481266, 21.0338049 ] } },
{ "type": "Feature", "properties": { "osm_id": "2256217990", "code": 2301, "fclass": "restaurant", "name_left": "Nhà Hàng Blue Butterfly", "index_right": 0, "name_right": "Hanoi" }, "geometry": { "type": "Point", "coordinates": [ 105.8535038, 21.0347487 ] } },
{ "type": "Feature", "properties": { "osm_id": "2256217991", "code": 2301, "fclass": "restaurant", "name_left": "Nhà Hàng Essence", "index_right": 0, "name_right": "Hanoi" }, "geometry": { "type": "Point", "coordinates": [ 105.852037, 21.0345271 ] } },
{ "type": "Feature", "properties": { "osm_id": "2259067320", "code": 2301, "fclass": "restaurant", "name_left": "Chả Cá Cà Cuống", "index_right": 0, "name_right": "Hanoi" }, "geometry": { "type": "Point", "coordinates": [ 105.8492956, 21.0356006 ] } },
{ "type": "Feature", "properties": { "osm_id": "2310466399", "code": 2301, "fclass": "restaurant", "name_left": null, "index_right": 0, "name_right": "Hanoi" }, "geometry": { "type": "Point", "coordinates": [ 105.371849, 21.0838925 ] } },
{ "type": "Feature", "properties": { "osm_id": "2366849408", "code": 2301, "fclass": "restaurant", "name_left": "Cơm Cường", "index_right": 0, "name_right": "Hanoi" }, "geometry": { "type": "Point", "coordinates": [ 105.8484165, 21.0174867 ] } },
{ "type": "Feature", "properties": { "osm_id": "2366850687", "code": 2301, "fclass": "restaurant", "name_left": null, "index_right": 0, "name_right": "Hanoi" }, "geometry": { "type": "Point", "coordinates": [ 105.8483633, 21.0169407 ] } },
{ "type": "Feature", "properties": { "osm_id": "2399180441", "code": 2301, "fclass": "restaurant", "name_left": "Nhà Hàng New Sake 1", "index_right": 0, "name_right": "Hanoi" }, "geometry": { "type": "Point", "coordinates": [ 105.8194213, 21.0307862 ] } },
{ "type": "Feature", "properties": { "osm_id": "2399180442", "code": 2301, "fclass": "restaurant", "name_left": "PAKU PAKU(波食波食）", "index_right": 0, "name_right": "Hanoi" }, "geometry": { "type": "Point", "coordinates": [ 105.8193586, 21.0307817 ] } },
{ "type": "Feature", "properties": { "osm_id": "2399180443", "code": 2301, "fclass": "restaurant", "name_left": "Pizza Hut", "index_right": 0, "name_right": "Hanoi" }, "geometry": { "type": "Point", "coordinates": [ 105.8159146, 21.0303431 ] } },
{ "type": "Feature", "properties": { "osm_id": "2399180444", "code": 2301, "fclass": "restaurant", "name_left": null, "index_right": 0, "name_right": "Hanoi" }, "geometry": { "type": "Point", "coordinates": [ 105.819262, 21.0307697 ] } },
{ "type": "Feature", "properties": { "osm_id": "2399188052", "code": 2301, "fclass": "restaurant", "name_left": "Nhà Hàng Koto", "index_right": 0, "name_right": "Hanoi" }, "geometry": { "type": "Point", "coordinates": [ 105.8102219, 21.0296823 ] } },
{ "type": "Feature", "properties": { "osm_id": "2399188053", "code": 2301, "fclass": "restaurant", "name_left": "Nhà Hàng Kurama(蔵馬）", "index_right": 0, "name_right": "Hanoi" }, "geometry": { "type": "Point", "coordinates": [ 105.810586, 21.029746 ] } },
{ "type": "Feature", "properties": { "osm_id": "2399188054", "code": 2301, "fclass": "restaurant", "name_left": "Totoya(ととや）", "index_right": 0, "name_right": "Hanoi" }, "geometry": { "type": "Point", "coordinates": [ 105.812293, 21.029967 ] } },
{ "type": "Feature", "properties": { "osm_id": "2399194698", "code": 2301, "fclass": "restaurant", "name_left": "Izakaya Yancha", "index_right": 0, "name_right": "Hanoi" }, "geometry": { "type": "Point", "coordinates": [ 105.8090898, 21.0294166 ] } },
{ "type": "Feature", "properties": { "osm_id": "2399239575", "code": 2301, "fclass": "restaurant", "name_left": "Kitaguni", "index_right": 0, "name_right": "Hanoi" }, "geometry": { "type": "Point", "coordinates": [ 105.8074289, 21.0292029 ] } },
{ "type": "Feature", "properties": { "osm_id": "2399239576", "code": 2301, "fclass": "restaurant", "name_left": "Ofukuro", "index_right": 0, "name_right": "Hanoi" }, "geometry": { "type": "Point", "coordinates": [ 105.806208, 21.0285111 ] } },
{ "type": "Feature", "properties": { "osm_id": "2495836898", "code": 2301, "fclass": "restaurant", "name_left": "True Viet", "index_right": 0, "name_right": "Hanoi" }, "geometry": { "type": "Point", "coordinates": [ 105.8313838, 21.0645792 ] } },
{ "type": "Feature", "properties": { "osm_id": "2571023220", "code": 2301, "fclass": "restaurant", "name_left": "Quán Ăn Nhanh Lam Giang", "index_right": 0, "name_right": "Hanoi" }, "geometry": { "type": "Point", "coordinates": [ 105.7830759, 20.9790479 ] } },
{ "type": "Feature", "properties": { "osm_id": "2587491495", "code": 2301, "fclass": "restaurant", "name_left": "Phở Cường", "index_right": 0, "name_right": "Hanoi" }, "geometry": { "type": "Point", "coordinates": [ 105.8548223, 21.0339341 ] } },
{ "type": "Feature", "properties": { "osm_id": "3145000641", "code": 2301, "fclass": "restaurant", "name_left": null, "index_right": 0, "name_right": "Hanoi" }, "geometry": { "type": "Point", "coordinates": [ 105.8359517, 21.0272341 ] } },
{ "type": "Feature", "properties": { "osm_id": "3189922817", "code": 2301, "fclass": "restaurant", "name_left": "San Ho", "index_right": 0, "name_right": "Hanoi" }, "geometry": { "type": "Point", "coordinates": [ 105.8452599, 21.0249031 ] } },
{ "type": "Feature", "properties": { "osm_id": "3294728240", "code": 2301, "fclass": "restaurant", "name_left": null, "index_right": 0, "name_right": "Hanoi" }, "geometry": { "type": "Point", "coordinates": [ 105.5699326, 20.8921672 ] } },
{ "type": "Feature", "properties": { "osm_id": "3304244852", "code": 2301, "fclass": "restaurant", "name_left": "NP Green", "index_right": 0, "name_right": "Hanoi" }, "geometry": { "type": "Point", "coordinates": [ 105.8538788, 21.0348897 ] } },
{ "type": "Feature", "properties": { "osm_id": "3370369424", "code": 2301, "fclass": "restaurant", "name_left": "Nhà Hàng Wa Japanese Cuisine", "index_right": 0, "name_right": "Hanoi" }, "geometry": { "type": "Point", "coordinates": [ 105.839318, 21.049334 ] } },
{ "type": "Feature", "properties": { "osm_id": "3398307725", "code": 2301, "fclass": "restaurant", "name_left": "Nhà Hàng Da Paolo Westlake", "index_right": 0, "name_right": "Hanoi" }, "geometry": { "type": "Point", "coordinates": [ 105.82136, 21.0551789 ] } },
{ "type": "Feature", "properties": { "osm_id": "3496458225", "code": 2301, "fclass": "restaurant", "name_left": "Nhà Hàng Foodshop 45", "index_right": 0, "name_right": "Hanoi" }, "geometry": { "type": "Point", "coordinates": [ 105.8414891, 21.0479061 ] } },
{ "type": "Feature", "properties": { "osm_id": "3496464405", "code": 2301, "fclass": "restaurant", "name_left": "Quán Cơm Mậu Dịch", "index_right": 0, "name_right": "Hanoi" }, "geometry": { "type": "Point", "coordinates": [ 105.8405476, 21.0455452 ] } },
{ "type": "Feature", "properties": { "osm_id": "3496893646", "code": 2301, "fclass": "restaurant", "name_left": "Quan An Ngon", "index_right": 0, "name_right": "Hanoi" }, "geometry": { "type": "Point", "coordinates": [ 105.8425141, 21.0406918 ] } },
{ "type": "Feature", "properties": { "osm_id": "3541565714", "code": 2301, "fclass": "restaurant", "name_left": "Phở 24", "index_right": 0, "name_right": "Hanoi" }, "geometry": { "type": "Point", "coordinates": [ 105.7960898, 21.0178536 ] } },
{ "type": "Feature", "properties": { "osm_id": "3670041629", "code": 2301, "fclass": "restaurant", "name_left": "Lẩu Gà Ó O - Chicken Hotpot", "index_right": 0, "name_right": "Hanoi" }, "geometry": { "type": "Point", "coordinates": [ 105.8042979, 21.0014898 ] } },
{ "type": "Feature", "properties": { "osm_id": "3671198536", "code": 2301, "fclass": "restaurant", "name_left": "Nhà Hàng Moto-san", "index_right": 0, "name_right": "Hanoi" }, "geometry": { "type": "Point", "coordinates": [ 105.8577493, 21.0254125 ] } },
{ "type": "Feature", "properties": { "osm_id": "3678371141", "code": 2301, "fclass": "restaurant", "name_left": "Nhà Hàng Kamasutra", "index_right": 0, "name_right": "Hanoi" }, "geometry": { "type": "Point", "coordinates": [ 105.8474994, 21.0343488 ] } },
{ "type": "Feature", "properties": { "osm_id": "3684899299", "code": 2301, "fclass": "restaurant", "name_left": "Quán Thị Mẹt", "index_right": 0, "name_right": "Hanoi" }, "geometry": { "type": "Point", "coordinates": [ 105.8459666, 20.9969779 ] } },
{ "type": "Feature", "properties": { "osm_id": "3684980414", "code": 2301, "fclass": "restaurant", "name_left": "Quán Thị Mẹt", "index_right": 0, "name_right": "Hanoi" }, "geometry": { "type": "Point", "coordinates": [ 105.8230246, 21.0185659 ] } },
{ "type": "Feature", "properties": { "osm_id": "3711330943", "code": 2301, "fclass": "restaurant", "name_left": "Nhà hàng Yumi", "index_right": 0, "name_right": "Hanoi" }, "geometry": { "type": "Point", "coordinates": [ 105.7814958, 21.0151072 ] } },
{ "type": "Feature", "properties": { "osm_id": "3769973034", "code": 2301, "fclass": "restaurant", "name_left": "Nhà Hàng Bò Đội Nón", "index_right": 0, "name_right": "Hanoi" }, "geometry": { "type": "Point", "coordinates": [ 105.7941995, 21.0367552 ] } },
{ "type": "Feature", "properties": { "osm_id": "3806163694", "code": 2301, "fclass": "restaurant", "name_left": "Nhà Hàng Bún Việt", "index_right": 0, "name_right": "Hanoi" }, "geometry": { "type": "Point", "coordinates": [ 105.8119169, 21.0117249 ] } },
{ "type": "Feature", "properties": { "osm_id": "4005477934", "code": 2301, "fclass": "restaurant", "name_left": "Nhà Hàng GoldMalt Sài Đồng", "index_right": 0, "name_right": "Hanoi" }, "geometry": { "type": "Point", "coordinates": [ 105.9044083, 21.0387571 ] } },
{ "type": "Feature", "properties": { "osm_id": "4090272750", "code": 2301, "fclass": "restaurant", "name_left": "Pizza Hut", "index_right": 0, "name_right": "Hanoi" }, "geometry": { "type": "Point", "coordinates": [ 105.8334587, 21.0258945 ] } },
{ "type": "Feature", "properties": { "osm_id": "4090277644", "code": 2301, "fclass": "restaurant", "name_left": "Pizza Hut", "index_right": 0, "name_right": "Hanoi" }, "geometry": { "type": "Point", "coordinates": [ 105.816661, 21.0031239 ] } },
{ "type": "Feature", "properties": { "osm_id": "4090279692", "code": 2301, "fclass": "restaurant", "name_left": "Pizza Hut", "index_right": 0, "name_right": "Hanoi" }, "geometry": { "type": "Point", "coordinates": [ 105.8683844, 20.9969652 ] } },
{ "type": "Feature", "properties": { "osm_id": "4090284259", "code": 2301, "fclass": "restaurant", "name_left": "Pizza Hut", "index_right": 0, "name_right": "Hanoi" }, "geometry": { "type": "Point", "coordinates": [ 105.7930282, 21.0072356 ] } },
{ "type": "Feature", "properties": { "osm_id": "4090297904", "code": 2301, "fclass": "restaurant", "name_left": "Pizza Hut", "index_right": 0, "name_right": "Hanoi" }, "geometry": { "type": "Point", "coordinates": [ 105.8492805, 21.011391 ] } },
{ "type": "Feature", "properties": { "osm_id": "4090305470", "code": 2301, "fclass": "restaurant", "name_left": "Pizza Hut", "index_right": 0, "name_right": "Hanoi" }, "geometry": { "type": "Point", "coordinates": [ 105.8932462, 21.0504678 ] } },
{ "type": "Feature", "properties": { "osm_id": "4090309926", "code": 2301, "fclass": "restaurant", "name_left": "Pizza Hut", "index_right": 0, "name_right": "Hanoi" }, "geometry": { "type": "Point", "coordinates": [ 105.7718101, 20.9642392 ] } },
{ "type": "Feature", "properties": { "osm_id": "4091985948", "code": 2301, "fclass": "restaurant", "name_left": "Pizza Hut", "index_right": 0, "name_right": "Hanoi" }, "geometry": { "type": "Point", "coordinates": [ 105.799144, 21.0171583 ] } },
{ "type": "Feature", "properties": { "osm_id": "4091988292", "code": 2301, "fclass": "restaurant", "name_left": "Pizza Hut", "index_right": 0, "name_right": "Hanoi" }, "geometry": { "type": "Point", "coordinates": [ 105.8447867, 20.9804803 ] } },
{ "type": "Feature", "properties": { "osm_id": "4091994843", "code": 2301, "fclass": "restaurant", "name_left": "Pizza Hut", "index_right": 0, "name_right": "Hanoi" }, "geometry": { "type": "Point", "coordinates": [ 105.785428, 20.9791502 ] } },
{ "type": "Feature", "properties": { "osm_id": "4091998924", "code": 2301, "fclass": "restaurant", "name_left": "Pizza Hut", "index_right": 0, "name_right": "Hanoi" }, "geometry": { "type": "Point", "coordinates": [ 105.8552418, 21.0188607 ] } },
{ "type": "Feature", "properties": { "osm_id": "4115830290", "code": 2301, "fclass": "restaurant", "name_left": "Sua Ba Vi", "index_right": 0, "name_right": "Hanoi" }, "geometry": { "type": "Point", "coordinates": [ 105.5150576, 21.1286063 ] } },
{ "type": "Feature", "properties": { "osm_id": "4115830291", "code": 2301, "fclass": "restaurant", "name_left": "Pho Co BaVi", "index_right": 0, "name_right": "Hanoi" }, "geometry": { "type": "Point", "coordinates": [ 105.6797269, 21.0811234 ] } },
{ "type": "Feature", "properties": { "osm_id": "4115863790", "code": 2301, "fclass": "restaurant", "name_left": "Sua Ba Vi ThanhHoa", "index_right": 0, "name_right": "Hanoi" }, "geometry": { "type": "Point", "coordinates": [ 105.5233813, 21.1208847 ] } },
{ "type": "Feature", "properties": { "osm_id": "4125659916", "code": 2301, "fclass": "restaurant", "name_left": "Nhà Hàng A La Folie", "index_right": 0, "name_right": "Hanoi" }, "geometry": { "type": "Point", "coordinates": [ 105.8522123, 21.0146587 ] } },
{ "type": "Feature", "properties": { "osm_id": "4127549394", "code": 2301, "fclass": "restaurant", "name_left": "Nhà Hàng Little Vietnam", "index_right": 0, "name_right": "Hanoi" }, "geometry": { "type": "Point", "coordinates": [ 105.8489208, 21.0302779 ] } },
{ "type": "Feature", "properties": { "osm_id": "4133218490", "code": 2301, "fclass": "restaurant", "name_left": "하노이 부라더스", "index_right": 0, "name_right": "Hanoi" }, "geometry": { "type": "Point", "coordinates": [ 105.8408568, 21.0289139 ] } },
{ "type": "Feature", "properties": { "osm_id": "4135161589", "code": 2301, "fclass": "restaurant", "name_left": "Nhà Hàng ATMan", "index_right": 0, "name_right": "Hanoi" }, "geometry": { "type": "Point", "coordinates": [ 105.7843466, 21.0915545 ] } },
{ "type": "Feature", "properties": { "osm_id": "4150312890", "code": 2301, "fclass": "restaurant", "name_left": "The American Club", "index_right": 0, "name_right": "Hanoi" }, "geometry": { "type": "Point", "coordinates": [ 105.8541656, 21.023697 ] } },
{ "type": "Feature", "properties": { "osm_id": "4150844990", "code": 2301, "fclass": "restaurant", "name_left": "Nhà Hàng Linh's Kitchen", "index_right": 0, "name_right": "Hanoi" }, "geometry": { "type": "Point", "coordinates": [ 105.8532485, 21.035829 ] } },
{ "type": "Feature", "properties": { "osm_id": "4151407589", "code": 2301, "fclass": "restaurant", "name_left": "Bún Chẳ Đắc Kim", "index_right": 0, "name_right": "Hanoi" }, "geometry": { "type": "Point", "coordinates": [ 105.8472795, 21.0310565 ] } },
{ "type": "Feature", "properties": { "osm_id": "4158540590", "code": 2301, "fclass": "restaurant", "name_left": "Nhà Hàng Gecko", "index_right": 0, "name_right": "Hanoi" }, "geometry": { "type": "Point", "coordinates": [ 105.8491848, 21.0314523 ] } },
{ "type": "Feature", "properties": { "osm_id": "4164213689", "code": 2301, "fclass": "restaurant", "name_left": "Nhà Hàng Daluva", "index_right": 0, "name_right": "Hanoi" }, "geometry": { "type": "Point", "coordinates": [ 105.8244602, 21.068552 ] } },
{ "type": "Feature", "properties": { "osm_id": "4164893394", "code": 2301, "fclass": "restaurant", "name_left": "Curry House Maiya", "index_right": 0, "name_right": "Hanoi" }, "geometry": { "type": "Point", "coordinates": [ 105.8522312, 21.0371094 ] } },
{ "type": "Feature", "properties": { "osm_id": "4164895890", "code": 2301, "fclass": "restaurant", "name_left": "Chops", "index_right": 0, "name_right": "Hanoi" }, "geometry": { "type": "Point", "coordinates": [ 105.8291428, 21.0625869 ] } },
{ "type": "Feature", "properties": { "osm_id": "4164895891", "code": 2301, "fclass": "restaurant", "name_left": "Nhà Hàng The Moose & Roo Pub & Grill", "index_right": 0, "name_right": "Hanoi" }, "geometry": { "type": "Point", "coordinates": [ 105.8317362, 21.0613457 ] } },
{ "type": "Feature", "properties": { "osm_id": "4176320992", "code": 2301, "fclass": "restaurant", "name_left": "Rue Lamblot", "index_right": 0, "name_right": "Hanoi" }, "geometry": { "type": "Point", "coordinates": [ 105.8487741, 21.0306212 ] } },
{ "type": "Feature", "properties": { "osm_id": "4178588390", "code": 2301, "fclass": "restaurant", "name_left": "Nhà Hàng Green Tangerine", "index_right": 0, "name_right": "Hanoi" }, "geometry": { "type": "Point", "coordinates": [ 105.8537575, 21.0326873 ] } },
{ "type": "Feature", "properties": { "osm_id": "4180461689", "code": 2301, "fclass": "restaurant", "name_left": "number 1", "index_right": 0, "name_right": "Hanoi" }, "geometry": { "type": "Point", "coordinates": [ 105.84816, 21.0323464 ] } },
{ "type": "Feature", "properties": { "osm_id": "4186819465", "code": 2301, "fclass": "restaurant", "name_left": "Pho Thin", "index_right": 0, "name_right": "Hanoi" }, "geometry": { "type": "Point", "coordinates": [ 105.8559963, 21.0170351 ] } },
{ "type": "Feature", "properties": { "osm_id": "4193558991", "code": 2301, "fclass": "restaurant", "name_left": "Nhà Hàng Lotus Blanc", "index_right": 0, "name_right": "Hanoi" }, "geometry": { "type": "Point", "coordinates": [ 105.8487452, 21.0306071 ] } },
{ "type": "Feature", "properties": { "osm_id": "4205001489", "code": 2301, "fclass": "restaurant", "name_left": "Vườn sinh thái Ngọc Linh", "index_right": 0, "name_right": "Hanoi" }, "geometry": { "type": "Point", "coordinates": [ 105.8155193, 21.2718578 ] } },
{ "type": "Feature", "properties": { "osm_id": "4205271789", "code": 2301, "fclass": "restaurant", "name_left": "Khách Sạn Haneul", "index_right": 0, "name_right": "Hanoi" }, "geometry": { "type": "Point", "coordinates": [ 105.8479487, 21.0140828 ] } },
{ "type": "Feature", "properties": { "osm_id": "4210706604", "code": 2301, "fclass": "restaurant", "name_left": "Xoi Yen", "index_right": 0, "name_right": "Hanoi" }, "geometry": { "type": "Point", "coordinates": [ 105.8545363, 21.0337675 ] } },
{ "type": "Feature", "properties": { "osm_id": "4219337689", "code": 2301, "fclass": "restaurant", "name_left": "Quán thịt trâu", "index_right": 0, "name_right": "Hanoi" }, "geometry": { "type": "Point", "coordinates": [ 105.9079524, 21.0637554 ] } },
{ "type": "Feature", "properties": { "osm_id": "4226277399", "code": 2301, "fclass": "restaurant", "name_left": "The sushi club", "index_right": 0, "name_right": "Hanoi" }, "geometry": { "type": "Point", "coordinates": [ 105.8291621, 21.0625927 ] } },
{ "type": "Feature", "properties": { "osm_id": "4226766214", "code": 2301, "fclass": "restaurant", "name_left": "Cửa Hàng Bia Hơi Hà Nội", "index_right": 0, "name_right": "Hanoi" }, "geometry": { "type": "Point", "coordinates": [ 105.8462281, 21.0336801 ] } },
{ "type": "Feature", "properties": { "osm_id": "4229244689", "code": 2301, "fclass": "restaurant", "name_left": "Quan kien - bug place", "index_right": 0, "name_right": "Hanoi" }, "geometry": { "type": "Point", "coordinates": [ 105.8371458, 21.0542709 ] } },
{ "type": "Feature", "properties": { "osm_id": "4229244789", "code": 2301, "fclass": "restaurant", "name_left": "Ray Quan", "index_right": 0, "name_right": "Hanoi" }, "geometry": { "type": "Point", "coordinates": [ 105.8412825, 21.0278549 ] } },
{ "type": "Feature", "properties": { "osm_id": "4242831484", "code": 2301, "fclass": "restaurant", "name_left": "Nhà Hàng Gia Ngu", "index_right": 0, "name_right": "Hanoi" }, "geometry": { "type": "Point", "coordinates": [ 105.8525285, 21.0331038 ] } },
{ "type": "Feature", "properties": { "osm_id": "4242941489", "code": 2301, "fclass": "restaurant", "name_left": "Nun Changed Dac Kim-분짜", "index_right": 0, "name_right": "Hanoi" }, "geometry": { "type": "Point", "coordinates": [ 105.8482188, 21.0322599 ] } },
{ "type": "Feature", "properties": { "osm_id": "4257319094", "code": 2301, "fclass": "restaurant", "name_left": "The Hung Snake Rétaurant", "index_right": 0, "name_right": "Hanoi" }, "geometry": { "type": "Point", "coordinates": [ 105.8982143, 21.0560448 ] } },
{ "type": "Feature", "properties": { "osm_id": "4264066489", "code": 2301, "fclass": "restaurant", "name_left": "Bánh Xèo Zòn", "index_right": 0, "name_right": "Hanoi" }, "geometry": { "type": "Point", "coordinates": [ 105.8557772, 21.0312016 ] } },
{ "type": "Feature", "properties": { "osm_id": "4272727197", "code": 2301, "fclass": "restaurant", "name_left": "Cửa Hàng Bún Chả Hương Liên", "index_right": 0, "name_right": "Hanoi" }, "geometry": { "type": "Point", "coordinates": [ 105.8538843, 21.0180504 ] } },
{ "type": "Feature", "properties": { "osm_id": "4279240691", "code": 2301, "fclass": "restaurant", "name_left": "Cửa Hàng Bít Tết Hai Tý", "index_right": 0, "name_right": "Hanoi" }, "geometry": { "type": "Point", "coordinates": [ 105.8508651, 21.0356505 ] } },
{ "type": "Feature", "properties": { "osm_id": "4286225207", "code": 2301, "fclass": "restaurant", "name_left": "OiShi Ngon", "index_right": 0, "name_right": "Hanoi" }, "geometry": { "type": "Point", "coordinates": [ 105.8254405, 21.0109329 ] } },
{ "type": "Feature", "properties": { "osm_id": "4295458892", "code": 2301, "fclass": "restaurant", "name_left": "Nhà Hàng Hot Pot BBQ", "index_right": 0, "name_right": "Hanoi" }, "geometry": { "type": "Point", "coordinates": [ 105.8519929, 21.0351984 ] } },
{ "type": "Feature", "properties": { "osm_id": "4295603189", "code": 2301, "fclass": "restaurant", "name_left": "Pateta", "index_right": 0, "name_right": "Hanoi" }, "geometry": { "type": "Point", "coordinates": [ 105.8528166, 21.0361773 ] } },
{ "type": "Feature", "properties": { "osm_id": "4296008295", "code": 2301, "fclass": "restaurant", "name_left": "Cửa Hàng Bánh Gối", "index_right": 0, "name_right": "Hanoi" }, "geometry": { "type": "Point", "coordinates": [ 105.8491696, 21.0296996 ] } },
{ "type": "Feature", "properties": { "osm_id": "4320668189", "code": 2301, "fclass": "restaurant", "name_left": "Oh bread", "index_right": 0, "name_right": "Hanoi" }, "geometry": { "type": "Point", "coordinates": [ 105.8539085, 21.0333758 ] } },
{ "type": "Feature", "properties": { "osm_id": "4327534896", "code": 2301, "fclass": "restaurant", "name_left": "Noodle & Roll", "index_right": 0, "name_right": "Hanoi" }, "geometry": { "type": "Point", "coordinates": [ 105.8492754, 21.0297478 ] } },
{ "type": "Feature", "properties": { "osm_id": "4327575690", "code": 2301, "fclass": "restaurant", "name_left": "Little Hanoi", "index_right": 0, "name_right": "Hanoi" }, "geometry": { "type": "Point", "coordinates": [ 105.8537432, 21.0334623 ] } },
{ "type": "Feature", "properties": { "osm_id": "4327575691", "code": 2301, "fclass": "restaurant", "name_left": "Nhà Hàng Cari Trường", "index_right": 0, "name_right": "Hanoi" }, "geometry": { "type": "Point", "coordinates": [ 105.8518172, 21.0357394 ] } },
{ "type": "Feature", "properties": { "osm_id": "4341891090", "code": 2301, "fclass": "restaurant", "name_left": "Nhà Hàng Banana Tree", "index_right": 0, "name_right": "Hanoi" }, "geometry": { "type": "Point", "coordinates": [ 105.8531396, 21.035056 ] } },
{ "type": "Feature", "properties": { "osm_id": "4346678690", "code": 2301, "fclass": "restaurant", "name_left": "Sieu Thi Qua Vat", "index_right": 0, "name_right": "Hanoi" }, "geometry": { "type": "Point", "coordinates": [ 105.8520281, 21.0351244 ] } },
{ "type": "Feature", "properties": { "osm_id": "4353372191", "code": 2301, "fclass": "restaurant", "name_left": "Zenith Yoga Studio II & Café", "index_right": 0, "name_right": "Hanoi" }, "geometry": { "type": "Point", "coordinates": [ 105.8444379, 21.0252545 ] } },
{ "type": "Feature", "properties": { "osm_id": "4355692621", "code": 2301, "fclass": "restaurant", "name_left": "Nhà Hàng Mum's", "index_right": 0, "name_right": "Hanoi" }, "geometry": { "type": "Point", "coordinates": [ 105.8539504, 21.0338377 ] } },
{ "type": "Feature", "properties": { "osm_id": "4355761091", "code": 2301, "fclass": "restaurant", "name_left": "Paolo & Chi Pizzeria Old Quarter", "index_right": 0, "name_right": "Hanoi" }, "geometry": { "type": "Point", "coordinates": [ 105.8521843, 21.0360908 ] } },
{ "type": "Feature", "properties": { "osm_id": "4358622593", "code": 2301, "fclass": "restaurant", "name_left": "Nhà Hàng Foodshop 45 - Indian Cuisine", "index_right": 0, "name_right": "Hanoi" }, "geometry": { "type": "Point", "coordinates": [ 105.8518953, 21.0360158 ] } },
{ "type": "Feature", "properties": { "osm_id": "4358971989", "code": 2301, "fclass": "restaurant", "name_left": "Nhà Hàng Highway 4", "index_right": 0, "name_right": "Hanoi" }, "geometry": { "type": "Point", "coordinates": [ 105.8475332, 21.0348754 ] } },
{ "type": "Feature", "properties": { "osm_id": "4359711310", "code": 2301, "fclass": "restaurant", "name_left": null, "index_right": 0, "name_right": "Hanoi" }, "geometry": { "type": "Point", "coordinates": [ 105.8045469, 21.0097807 ] } },
{ "type": "Feature", "properties": { "osm_id": "4364343294", "code": 2301, "fclass": "restaurant", "name_left": "Steakout", "index_right": 0, "name_right": "Hanoi" }, "geometry": { "type": "Point", "coordinates": [ 105.8566061, 21.019846 ] } },
{ "type": "Feature", "properties": { "osm_id": "4364361735", "code": 2301, "fclass": "restaurant", "name_left": "Nhà Hàng & Cà Phê EMM's", "index_right": 0, "name_right": "Hanoi" }, "geometry": { "type": "Point", "coordinates": [ 105.8223488, 21.0270627 ] } },
{ "type": "Feature", "properties": { "osm_id": "4366360798", "code": 2301, "fclass": "restaurant", "name_left": "Pho Ga", "index_right": 0, "name_right": "Hanoi" }, "geometry": { "type": "Point", "coordinates": [ 105.8505627, 21.0354335 ] } },
{ "type": "Feature", "properties": { "osm_id": "4366361510", "code": 2301, "fclass": "restaurant", "name_left": "Pho Vui", "index_right": 0, "name_right": "Hanoi" }, "geometry": { "type": "Point", "coordinates": [ 105.8512274, 21.035163 ] } },
{ "type": "Feature", "properties": { "osm_id": "4375604995", "code": 2301, "fclass": "restaurant", "name_left": "Nhà Hàng Luna D' Autunno", "index_right": 0, "name_right": "Hanoi" }, "geometry": { "type": "Point", "coordinates": [ 105.842688, 21.0264034 ] } },
{ "type": "Feature", "properties": { "osm_id": "4381924889", "code": 2301, "fclass": "restaurant", "name_left": "Miến Lươn Đông Thịnh", "index_right": 0, "name_right": "Hanoi" }, "geometry": { "type": "Point", "coordinates": [ 105.8469051, 21.0318532 ] } },
{ "type": "Feature", "properties": { "osm_id": "4383436892", "code": 2301, "fclass": "restaurant", "name_left": "El Gaucho", "index_right": 0, "name_right": "Hanoi" }, "geometry": { "type": "Point", "coordinates": [ 105.8563607, 21.0244842 ] } },
{ "type": "Feature", "properties": { "osm_id": "4385152989", "code": 2301, "fclass": "restaurant", "name_left": null, "index_right": 0, "name_right": "Hanoi" }, "geometry": { "type": "Point", "coordinates": [ 105.856572, 21.0299505 ] } },
{ "type": "Feature", "properties": { "osm_id": "4388677799", "code": 2301, "fclass": "restaurant", "name_left": "Nhà hàng Lẩu dê Tuấn Hằng", "index_right": 0, "name_right": "Hanoi" }, "geometry": { "type": "Point", "coordinates": [ 105.8983894, 21.0438762 ] } },
{ "type": "Feature", "properties": { "osm_id": "4437567193", "code": 2301, "fclass": "restaurant", "name_left": "Porte D' Annam", "index_right": 0, "name_right": "Hanoi" }, "geometry": { "type": "Point", "coordinates": [ 105.849678, 21.0290469 ] } },
{ "type": "Feature", "properties": { "osm_id": "4450138703", "code": 2301, "fclass": "restaurant", "name_left": "Nhà Hàng Hoàng Minh", "index_right": 0, "name_right": "Hanoi" }, "geometry": { "type": "Point", "coordinates": [ 105.7836814, 20.9791012 ] } },
{ "type": "Feature", "properties": { "osm_id": "4457996689", "code": 2301, "fclass": "restaurant", "name_left": null, "index_right": 0, "name_right": "Hanoi" }, "geometry": { "type": "Point", "coordinates": [ 105.8533701, 21.0349913 ] } },
{ "type": "Feature", "properties": { "osm_id": "4460198090", "code": 2301, "fclass": "restaurant", "name_left": "Nhà Hàng Chay Aumee", "index_right": 0, "name_right": "Hanoi" }, "geometry": { "type": "Point", "coordinates": [ 105.8425961, 21.046021 ] } },
{ "type": "Feature", "properties": { "osm_id": "4481034394", "code": 2301, "fclass": "restaurant", "name_left": "Bun Ca sam Cay Si", "index_right": 0, "name_right": "Hanoi" }, "geometry": { "type": "Point", "coordinates": [ 105.8526709, 21.0333829 ] } },
{ "type": "Feature", "properties": { "osm_id": "4481407690", "code": 2301, "fclass": "restaurant", "name_left": "Chay Aummee", "index_right": 0, "name_right": "Hanoi" }, "geometry": { "type": "Point", "coordinates": [ 105.8425594, 21.0457483 ] } },
{ "type": "Feature", "properties": { "osm_id": "4483425089", "code": 2301, "fclass": "restaurant", "name_left": "Bromingo Fine Street BBQ", "index_right": 0, "name_right": "Hanoi" }, "geometry": { "type": "Point", "coordinates": [ 105.826074, 21.0676753 ] } },
{ "type": "Feature", "properties": { "osm_id": "4486692390", "code": 2301, "fclass": "restaurant", "name_left": "Nhà Hàng Hưng Phát", "index_right": 0, "name_right": "Hanoi" }, "geometry": { "type": "Point", "coordinates": [ 105.8421665, 21.0293208 ] } },
{ "type": "Feature", "properties": { "osm_id": "4486827794", "code": 2301, "fclass": "restaurant", "name_left": "Son Duong Quan", "index_right": 0, "name_right": "Hanoi" }, "geometry": { "type": "Point", "coordinates": [ 105.8555601, 21.0320782 ] } },
{ "type": "Feature", "properties": { "osm_id": "4486842491", "code": 2301, "fclass": "restaurant", "name_left": null, "index_right": 0, "name_right": "Hanoi" }, "geometry": { "type": "Point", "coordinates": [ 105.8514477, 21.0358622 ] } },
{ "type": "Feature", "properties": { "osm_id": "4486842492", "code": 2301, "fclass": "restaurant", "name_left": null, "index_right": 0, "name_right": "Hanoi" }, "geometry": { "type": "Point", "coordinates": [ 105.8522323, 21.0345928 ] } },
{ "type": "Feature", "properties": { "osm_id": "4489764289", "code": 2301, "fclass": "restaurant", "name_left": null, "index_right": 0, "name_right": "Hanoi" }, "geometry": { "type": "Point", "coordinates": [ 105.8239103, 21.0686526 ] } },
{ "type": "Feature", "properties": { "osm_id": "4497894667", "code": 2301, "fclass": "restaurant", "name_left": "Nhà Hàng Buk Buk", "index_right": 0, "name_right": "Hanoi" }, "geometry": { "type": "Point", "coordinates": [ 105.7691999, 21.0315049 ] } },
{ "type": "Feature", "properties": { "osm_id": "4504236095", "code": 2301, "fclass": "restaurant", "name_left": null, "index_right": 0, "name_right": "Hanoi" }, "geometry": { "type": "Point", "coordinates": [ 105.8202898, 21.0351911 ] } },
{ "type": "Feature", "properties": { "osm_id": "4504236097", "code": 2301, "fclass": "restaurant", "name_left": null, "index_right": 0, "name_right": "Hanoi" }, "geometry": { "type": "Point", "coordinates": [ 105.8109017, 21.0185183 ] } },
{ "type": "Feature", "properties": { "osm_id": "4504245790", "code": 2301, "fclass": "restaurant", "name_left": null, "index_right": 0, "name_right": "Hanoi" }, "geometry": { "type": "Point", "coordinates": [ 105.8147175, 21.0352482 ] } },
{ "type": "Feature", "properties": { "osm_id": "4504245791", "code": 2301, "fclass": "restaurant", "name_left": null, "index_right": 0, "name_right": "Hanoi" }, "geometry": { "type": "Point", "coordinates": [ 105.8253983, 21.0352155 ] } },
{ "type": "Feature", "properties": { "osm_id": "4504307292", "code": 2301, "fclass": "restaurant", "name_left": null, "index_right": 0, "name_right": "Hanoi" }, "geometry": { "type": "Point", "coordinates": [ 105.8183834, 21.0353715 ] } },
{ "type": "Feature", "properties": { "osm_id": "4504307491", "code": 2301, "fclass": "restaurant", "name_left": "Tacos Fresh And More", "index_right": 0, "name_right": "Hanoi" }, "geometry": { "type": "Point", "coordinates": [ 105.852958, 21.0352666 ] } },
{ "type": "Feature", "properties": { "osm_id": "4508014325", "code": 2301, "fclass": "restaurant", "name_left": "Quán Cơm Chay Bồ Đề", "index_right": 0, "name_right": "Hanoi" }, "geometry": { "type": "Point", "coordinates": [ 105.8450881, 21.0242062 ] } },
{ "type": "Feature", "properties": { "osm_id": "4510096889", "code": 2301, "fclass": "restaurant", "name_left": null, "index_right": 0, "name_right": "Hanoi" }, "geometry": { "type": "Point", "coordinates": [ 105.7884632, 21.033189 ] } },
{ "type": "Feature", "properties": { "osm_id": "4512354590", "code": 2301, "fclass": "restaurant", "name_left": null, "index_right": 0, "name_right": "Hanoi" }, "geometry": { "type": "Point", "coordinates": [ 105.8436662, 21.0294727 ] } },
{ "type": "Feature", "properties": { "osm_id": "4523072389", "code": 2301, "fclass": "restaurant", "name_left": "Cơm Chay Sala Quán", "index_right": 0, "name_right": "Hanoi" }, "geometry": { "type": "Point", "coordinates": [ 105.8290578, 21.0383505 ] } },
{ "type": "Feature", "properties": { "osm_id": "4523211689", "code": 2301, "fclass": "restaurant", "name_left": "Hương Việt", "index_right": 0, "name_right": "Hanoi" }, "geometry": { "type": "Point", "coordinates": [ 105.8488756, 21.0360635 ] } },
{ "type": "Feature", "properties": { "osm_id": "4523217728", "code": 2301, "fclass": "restaurant", "name_left": null, "index_right": 0, "name_right": "Hanoi" }, "geometry": { "type": "Point", "coordinates": [ 105.8270189, 21.0345048 ] } },
{ "type": "Feature", "properties": { "osm_id": "4531907991", "code": 2301, "fclass": "restaurant", "name_left": "Quán ăn vặt", "index_right": 0, "name_right": "Hanoi" }, "geometry": { "type": "Point", "coordinates": [ 105.842839, 21.0243385 ] } },
{ "type": "Feature", "properties": { "osm_id": "4536058093", "code": 2301, "fclass": "restaurant", "name_left": "Nhà hàng Vua Tôm Hùm", "index_right": 0, "name_right": "Hanoi" }, "geometry": { "type": "Point", "coordinates": [ 105.8000055, 21.0386723 ] } },
{ "type": "Feature", "properties": { "osm_id": "4539038989", "code": 2301, "fclass": "restaurant", "name_left": null, "index_right": 0, "name_right": "Hanoi" }, "geometry": { "type": "Point", "coordinates": [ 105.8453884, 21.0287699 ] } },
{ "type": "Feature", "properties": { "osm_id": "4542431590", "code": 2301, "fclass": "restaurant", "name_left": null, "index_right": 0, "name_right": "Hanoi" }, "geometry": { "type": "Point", "coordinates": [ 105.824279, 21.0271177 ] } },
{ "type": "Feature", "properties": { "osm_id": "4544293389", "code": 2301, "fclass": "restaurant", "name_left": "Lẩu Mắm Bà Sáu", "index_right": 0, "name_right": "Hanoi" }, "geometry": { "type": "Point", "coordinates": [ 105.8164024, 21.0409443 ] } },
{ "type": "Feature", "properties": { "osm_id": "4550335190", "code": 2301, "fclass": "restaurant", "name_left": "NHÀ HÀNG TRAU THÚY HĂNG", "index_right": 0, "name_right": "Hanoi" }, "geometry": { "type": "Point", "coordinates": [ 105.9076863, 21.0580568 ] } },
{ "type": "Feature", "properties": { "osm_id": "4550335291", "code": 2301, "fclass": "restaurant", "name_left": "Sixty Six", "index_right": 0, "name_right": "Hanoi" }, "geometry": { "type": "Point", "coordinates": [ 105.8486972, 21.0339774 ] } },
{ "type": "Feature", "properties": { "osm_id": "4557009772", "code": 2301, "fclass": "restaurant", "name_left": "Bia Bắc Sơn", "index_right": 0, "name_right": "Hanoi" }, "geometry": { "type": "Point", "coordinates": [ 105.8311299, 21.038392 ] } },
{ "type": "Feature", "properties": { "osm_id": "4557999389", "code": 2301, "fclass": "restaurant", "name_left": "Bách Phương - Bún Bò Nam Bộ", "index_right": 0, "name_right": "Hanoi" }, "geometry": { "type": "Point", "coordinates": [ 105.8467823, 21.0322448 ] } },
{ "type": "Feature", "properties": { "osm_id": "4566446897", "code": 2301, "fclass": "restaurant", "name_left": "Cửa Hàng Bún Chả Hương Liên", "index_right": 0, "name_right": "Hanoi" }, "geometry": { "type": "Point", "coordinates": [ 105.851812, 21.0359942 ] } },
{ "type": "Feature", "properties": { "osm_id": "4569768690", "code": 2301, "fclass": "restaurant", "name_left": "Nhà Hàng India Palace", "index_right": 0, "name_right": "Hanoi" }, "geometry": { "type": "Point", "coordinates": [ 105.8291192, 21.0625504 ] } },
{ "type": "Feature", "properties": { "osm_id": "4570163996", "code": 2301, "fclass": "restaurant", "name_left": null, "index_right": 0, "name_right": "Hanoi" }, "geometry": { "type": "Point", "coordinates": [ 105.8332998, 21.0607106 ] } },
{ "type": "Feature", "properties": { "osm_id": "4570230497", "code": 2301, "fclass": "restaurant", "name_left": null, "index_right": 0, "name_right": "Hanoi" }, "geometry": { "type": "Point", "coordinates": [ 105.8505424, 21.030813 ] } },
{ "type": "Feature", "properties": { "osm_id": "4570261497", "code": 2301, "fclass": "restaurant", "name_left": null, "index_right": 0, "name_right": "Hanoi" }, "geometry": { "type": "Point", "coordinates": [ 105.8496338, 21.0204178 ] } },
{ "type": "Feature", "properties": { "osm_id": "4570650495", "code": 2301, "fclass": "restaurant", "name_left": "Nhat Mon", "index_right": 0, "name_right": "Hanoi" }, "geometry": { "type": "Point", "coordinates": [ 105.8514752, 21.0364559 ] } },
{ "type": "Feature", "properties": { "osm_id": "4571213593", "code": 2301, "fclass": "restaurant", "name_left": null, "index_right": 0, "name_right": "Hanoi" }, "geometry": { "type": "Point", "coordinates": [ 105.8491213, 21.0208337 ] } },
{ "type": "Feature", "properties": { "osm_id": "4571237191", "code": 2301, "fclass": "restaurant", "name_left": null, "index_right": 0, "name_right": "Hanoi" }, "geometry": { "type": "Point", "coordinates": [ 105.8494409, 21.020468 ] } },
{ "type": "Feature", "properties": { "osm_id": "4572907890", "code": 2301, "fclass": "restaurant", "name_left": null, "index_right": 0, "name_right": "Hanoi" }, "geometry": { "type": "Point", "coordinates": [ 105.8507086, 21.0377037 ] } },
{ "type": "Feature", "properties": { "osm_id": "4576672189", "code": 2301, "fclass": "restaurant", "name_left": "Nhà Hàng Heritage", "index_right": 0, "name_right": "Hanoi" }, "geometry": { "type": "Point", "coordinates": [ 105.8391403, 21.0331145 ] } },
{ "type": "Feature", "properties": { "osm_id": "4578730792", "code": 2301, "fclass": "restaurant", "name_left": "Quán Gà 36", "index_right": 0, "name_right": "Hanoi" }, "geometry": { "type": "Point", "coordinates": [ 105.8094102, 21.0643229 ] } },
{ "type": "Feature", "properties": { "osm_id": "4580702592", "code": 2301, "fclass": "restaurant", "name_left": "Nhà Hàng Don Duck", "index_right": 0, "name_right": "Hanoi" }, "geometry": { "type": "Point", "coordinates": [ 105.850906, 21.0364309 ] } },
{ "type": "Feature", "properties": { "osm_id": "4586351390", "code": 2301, "fclass": "restaurant", "name_left": "Lẩu Dê Nhất Ly", "index_right": 0, "name_right": "Hanoi" }, "geometry": { "type": "Point", "coordinates": [ 105.8472101, 21.0376339 ] } },
{ "type": "Feature", "properties": { "osm_id": "4586483090", "code": 2301, "fclass": "restaurant", "name_left": "Cà Phê Công Nghệ", "index_right": 0, "name_right": "Hanoi" }, "geometry": { "type": "Point", "coordinates": [ 105.8461391, 21.0282875 ] } },
{ "type": "Feature", "properties": { "osm_id": "4589086092", "code": 2301, "fclass": "restaurant", "name_left": "Nhà Hàng Bang Mi", "index_right": 0, "name_right": "Hanoi" }, "geometry": { "type": "Point", "coordinates": [ 105.8485904, 21.0363677 ] } },
{ "type": "Feature", "properties": { "osm_id": "4589196789", "code": 2301, "fclass": "restaurant", "name_left": "Roast Pork", "index_right": 0, "name_right": "Hanoi" }, "geometry": { "type": "Point", "coordinates": [ 105.8481843, 21.0322583 ] } },
{ "type": "Feature", "properties": { "osm_id": "4590844198", "code": 2301, "fclass": "restaurant", "name_left": null, "index_right": 0, "name_right": "Hanoi" }, "geometry": { "type": "Point", "coordinates": [ 105.8228583, 21.0699924 ] } },
{ "type": "Feature", "properties": { "osm_id": "4592627190", "code": 2301, "fclass": "restaurant", "name_left": "Nhà Hàng Le Tonkin", "index_right": 0, "name_right": "Hanoi" }, "geometry": { "type": "Point", "coordinates": [ 105.8489956, 21.0207943 ] } },
{ "type": "Feature", "properties": { "osm_id": "4605756989", "code": 2301, "fclass": "restaurant", "name_left": null, "index_right": 0, "name_right": "Hanoi" }, "geometry": { "type": "Point", "coordinates": [ 105.8519038, 21.0331243 ] } },
{ "type": "Feature", "properties": { "osm_id": "4611124990", "code": 2301, "fclass": "restaurant", "name_left": "Bồ Đề Quán", "index_right": 0, "name_right": "Hanoi" }, "geometry": { "type": "Point", "coordinates": [ 105.8311873, 21.0646787 ] } },
{ "type": "Feature", "properties": { "osm_id": "4613995191", "code": 2301, "fclass": "restaurant", "name_left": null, "index_right": 0, "name_right": "Hanoi" }, "geometry": { "type": "Point", "coordinates": [ 105.8478667, 21.0286601 ] } },
{ "type": "Feature", "properties": { "osm_id": "4622570694", "code": 2301, "fclass": "restaurant", "name_left": "Street Sushi", "index_right": 0, "name_right": "Hanoi" }, "geometry": { "type": "Point", "coordinates": [ 105.810956, 21.0348271 ] } },
{ "type": "Feature", "properties": { "osm_id": "4631390665", "code": 2301, "fclass": "restaurant", "name_left": "Pho Ganh Dam Trau", "index_right": 0, "name_right": "Hanoi" }, "geometry": { "type": "Point", "coordinates": [ 105.8644138, 21.0121983 ] } },
{ "type": "Feature", "properties": { "osm_id": "4632180994", "code": 2301, "fclass": "restaurant", "name_left": null, "index_right": 0, "name_right": "Hanoi" }, "geometry": { "type": "Point", "coordinates": [ 105.849675, 21.0315606 ] } },
{ "type": "Feature", "properties": { "osm_id": "4632309491", "code": 2301, "fclass": "restaurant", "name_left": null, "index_right": 0, "name_right": "Hanoi" }, "geometry": { "type": "Point", "coordinates": [ 105.8534791, 21.0343767 ] } },
{ "type": "Feature", "properties": { "osm_id": "4634652689", "code": 2301, "fclass": "restaurant", "name_left": "Nhà Hàng Frozen Yogurt", "index_right": 0, "name_right": "Hanoi" }, "geometry": { "type": "Point", "coordinates": [ 105.8521724, 21.0360877 ] } },
{ "type": "Feature", "properties": { "osm_id": "4634865491", "code": 2301, "fclass": "restaurant", "name_left": null, "index_right": 0, "name_right": "Hanoi" }, "geometry": { "type": "Point", "coordinates": [ 105.8510192, 21.0353724 ] } },
{ "type": "Feature", "properties": { "osm_id": "4641880495", "code": 2301, "fclass": "restaurant", "name_left": null, "index_right": 0, "name_right": "Hanoi" }, "geometry": { "type": "Point", "coordinates": [ 105.85302, 21.0186694 ] } },
{ "type": "Feature", "properties": { "osm_id": "4648364790", "code": 2301, "fclass": "restaurant", "name_left": "Nhà Hàng Bên Trăng", "index_right": 0, "name_right": "Hanoi" }, "geometry": { "type": "Point", "coordinates": [ 105.8594528, 21.068088 ] } },
{ "type": "Feature", "properties": { "osm_id": "4648387591", "code": 2301, "fclass": "restaurant", "name_left": null, "index_right": 0, "name_right": "Hanoi" }, "geometry": { "type": "Point", "coordinates": [ 105.8475542, 21.0300706 ] } },
{ "type": "Feature", "properties": { "osm_id": "4659379693", "code": 2301, "fclass": "restaurant", "name_left": "Al Fresco's", "index_right": 0, "name_right": "Hanoi" }, "geometry": { "type": "Point", "coordinates": [ 105.8532302, 21.0240465 ] } },
{ "type": "Feature", "properties": { "osm_id": "4659648591", "code": 2301, "fclass": "restaurant", "name_left": "Nhà Hàng Maison de Têt décor", "index_right": 0, "name_right": "Hanoi" }, "geometry": { "type": "Point", "coordinates": [ 105.8323977, 21.0574445 ] } },
{ "type": "Feature", "properties": { "osm_id": "4662691589", "code": 2301, "fclass": "restaurant", "name_left": "Bún Chả Ta", "index_right": 0, "name_right": "Hanoi" }, "geometry": { "type": "Point", "coordinates": [ 105.8544931, 21.0343571 ] } },
{ "type": "Feature", "properties": { "osm_id": "4664490692", "code": 2301, "fclass": "restaurant", "name_left": "Nhà Hàng ABC", "index_right": 0, "name_right": "Hanoi" }, "geometry": { "type": "Point", "coordinates": [ 105.8524885, 21.021604 ] } },
{ "type": "Feature", "properties": { "osm_id": "4678138390", "code": 2301, "fclass": "restaurant", "name_left": "Nhà Hàng Kebab King", "index_right": 0, "name_right": "Hanoi" }, "geometry": { "type": "Point", "coordinates": [ 105.851772, 21.0359839 ] } },
{ "type": "Feature", "properties": { "osm_id": "4683697592", "code": 2301, "fclass": "restaurant", "name_left": null, "index_right": 0, "name_right": "Hanoi" }, "geometry": { "type": "Point", "coordinates": [ 105.865525, 21.0484134 ] } },
{ "type": "Feature", "properties": { "osm_id": "4686724690", "code": 2301, "fclass": "restaurant", "name_left": null, "index_right": 0, "name_right": "Hanoi" }, "geometry": { "type": "Point", "coordinates": [ 105.8427559, 21.046823 ] } },
{ "type": "Feature", "properties": { "osm_id": "4691759703", "code": 2301, "fclass": "restaurant", "name_left": null, "index_right": 0, "name_right": "Hanoi" }, "geometry": { "type": "Point", "coordinates": [ 105.848013, 21.0402292 ] } },
{ "type": "Feature", "properties": { "osm_id": "4694633889", "code": 2301, "fclass": "restaurant", "name_left": "Nhà Hàng Minh Chay Vegan", "index_right": 0, "name_right": "Hanoi" }, "geometry": { "type": "Point", "coordinates": [ 105.8502886, 21.0320676 ] } },
{ "type": "Feature", "properties": { "osm_id": "4698442989", "code": 2301, "fclass": "restaurant", "name_left": null, "index_right": 0, "name_right": "Hanoi" }, "geometry": { "type": "Point", "coordinates": [ 105.8454427, 21.0399687 ] } },
{ "type": "Feature", "properties": { "osm_id": "4698571438", "code": 2301, "fclass": "restaurant", "name_left": "Noodle soup", "index_right": 0, "name_right": "Hanoi" }, "geometry": { "type": "Point", "coordinates": [ 105.9159512, 20.9807135 ] } },
{ "type": "Feature", "properties": { "osm_id": "4709218790", "code": 2301, "fclass": "restaurant", "name_left": "Talky cafe $", "index_right": 0, "name_right": "Hanoi" }, "geometry": { "type": "Point", "coordinates": [ 105.8131053, 21.0153433 ] } },
{ "type": "Feature", "properties": { "osm_id": "4709634891", "code": 2301, "fclass": "restaurant", "name_left": "Nhà Hàng Hồng Hoài", "index_right": 0, "name_right": "Hanoi" }, "geometry": { "type": "Point", "coordinates": [ 105.8474622, 21.0337915 ] } },
{ "type": "Feature", "properties": { "osm_id": "4710377590", "code": 2301, "fclass": "restaurant", "name_left": "Namaste Hanoi", "index_right": 0, "name_right": "Hanoi" }, "geometry": { "type": "Point", "coordinates": [ 105.845192, 21.0261035 ] } },
{ "type": "Feature", "properties": { "osm_id": "4711760491", "code": 2301, "fclass": "restaurant", "name_left": null, "index_right": 0, "name_right": "Hanoi" }, "geometry": { "type": "Point", "coordinates": [ 105.8471607, 21.0308724 ] } },
{ "type": "Feature", "properties": { "osm_id": "4712922689", "code": 2301, "fclass": "restaurant", "name_left": "Nhà Hàng Gelato Italia", "index_right": 0, "name_right": "Hanoi" }, "geometry": { "type": "Point", "coordinates": [ 105.8243663, 21.0684973 ] } },
{ "type": "Feature", "properties": { "osm_id": "4713531289", "code": 2301, "fclass": "restaurant", "name_left": "Ẩm Thực Sành Ăn", "index_right": 0, "name_right": "Hanoi" }, "geometry": { "type": "Point", "coordinates": [ 105.8526198, 21.03756 ] } },
{ "type": "Feature", "properties": { "osm_id": "4715945591", "code": 2301, "fclass": "restaurant", "name_left": "Nhà Hàng Dim Sum Corner", "index_right": 0, "name_right": "Hanoi" }, "geometry": { "type": "Point", "coordinates": [ 105.8444224, 21.0289385 ] } },
{ "type": "Feature", "properties": { "osm_id": "4728759790", "code": 2301, "fclass": "restaurant", "name_left": null, "index_right": 0, "name_right": "Hanoi" }, "geometry": { "type": "Point", "coordinates": [ 105.8102717, 21.0070617 ] } },
{ "type": "Feature", "properties": { "osm_id": "4728822794", "code": 2301, "fclass": "restaurant", "name_left": null, "index_right": 0, "name_right": "Hanoi" }, "geometry": { "type": "Point", "coordinates": [ 105.8482122, 21.0324304 ] } },
{ "type": "Feature", "properties": { "osm_id": "4735444121", "code": 2301, "fclass": "restaurant", "name_left": "trà đào 42", "index_right": 0, "name_right": "Hanoi" }, "geometry": { "type": "Point", "coordinates": [ 105.8498761, 21.0237658 ] } },
{ "type": "Feature", "properties": { "osm_id": "4735624525", "code": 2301, "fclass": "restaurant", "name_left": "quán góc hà nội", "index_right": 0, "name_right": "Hanoi" }, "geometry": { "type": "Point", "coordinates": [ 105.8536866, 21.0307904 ] } },
{ "type": "Feature", "properties": { "osm_id": "4735627523", "code": 2301, "fclass": "restaurant", "name_left": "Cửa Hàng Bít Tết 53 Cô Mẫu", "index_right": 0, "name_right": "Hanoi" }, "geometry": { "type": "Point", "coordinates": [ 105.8518305, 21.020298 ] } },
{ "type": "Feature", "properties": { "osm_id": "4739350321", "code": 2301, "fclass": "restaurant", "name_left": "Nhà Hàng L'amore", "index_right": 0, "name_right": "Hanoi" }, "geometry": { "type": "Point", "coordinates": [ 105.8503828, 21.0328009 ] } },
{ "type": "Feature", "properties": { "osm_id": "4740905221", "code": 2301, "fclass": "restaurant", "name_left": "Kem Xôi Thu Nga", "index_right": 0, "name_right": "Hanoi" }, "geometry": { "type": "Point", "coordinates": [ 105.8565399, 21.0233472 ] } },
{ "type": "Feature", "properties": { "osm_id": "4740929423", "code": 2301, "fclass": "restaurant", "name_left": "Bún Chả TA", "index_right": 0, "name_right": "Hanoi" }, "geometry": { "type": "Point", "coordinates": [ 105.8546895, 21.0346796 ] } },
{ "type": "Feature", "properties": { "osm_id": "4740929425", "code": 2301, "fclass": "restaurant", "name_left": "Nhà Hàng Nét Huế", "index_right": 0, "name_right": "Hanoi" }, "geometry": { "type": "Point", "coordinates": [ 105.8439963, 21.0287186 ] } },
{ "type": "Feature", "properties": { "osm_id": "4740988545", "code": 2301, "fclass": "restaurant", "name_left": "Vuvuzela", "index_right": 0, "name_right": "Hanoi" }, "geometry": { "type": "Point", "coordinates": [ 105.8487739, 21.0266572 ] } },
{ "type": "Feature", "properties": { "osm_id": "4741566930", "code": 2301, "fclass": "restaurant", "name_left": "The Kneipe", "index_right": 0, "name_right": "Hanoi" }, "geometry": { "type": "Point", "coordinates": [ 105.8242826, 21.0688402 ] } },
{ "type": "Feature", "properties": { "osm_id": "4745160523", "code": 2301, "fclass": "restaurant", "name_left": "Minh Minh Quán", "index_right": 0, "name_right": "Hanoi" }, "geometry": { "type": "Point", "coordinates": [ 105.9100447, 21.0336376 ] } },
{ "type": "Feature", "properties": { "osm_id": "4748084125", "code": 2301, "fclass": "restaurant", "name_left": "Cửa Hàng Bia Minh", "index_right": 0, "name_right": "Hanoi" }, "geometry": { "type": "Point", "coordinates": [ 105.8518481, 21.0329231 ] } },
{ "type": "Feature", "properties": { "osm_id": "4748668623", "code": 2301, "fclass": "restaurant", "name_left": null, "index_right": 0, "name_right": "Hanoi" }, "geometry": { "type": "Point", "coordinates": [ 105.8526544, 21.0367528 ] } },
{ "type": "Feature", "properties": { "osm_id": "4748803213", "code": 2301, "fclass": "restaurant", "name_left": "Nhà Hàng New York Sports Bar", "index_right": 0, "name_right": "Hanoi" }, "geometry": { "type": "Point", "coordinates": [ 105.8508563, 21.0236407 ] } },
{ "type": "Feature", "properties": { "osm_id": "4749010039", "code": 2301, "fclass": "restaurant", "name_left": "Nhà hàng Lục Thuỷ", "index_right": 0, "name_right": "Hanoi" }, "geometry": { "type": "Point", "coordinates": [ 105.8512352, 21.0286345 ] } },
{ "type": "Feature", "properties": { "osm_id": "4750266796", "code": 2301, "fclass": "restaurant", "name_left": "Nhà Hàng Kiếu Gia", "index_right": 0, "name_right": "Hanoi" }, "geometry": { "type": "Point", "coordinates": [ 105.8616142, 21.0294905 ] } },
{ "type": "Feature", "properties": { "osm_id": "4753094285", "code": 2301, "fclass": "restaurant", "name_left": "Nhà Hàng Apron Up", "index_right": 0, "name_right": "Hanoi" }, "geometry": { "type": "Point", "coordinates": [ 105.8474345, 21.0339602 ] } },
{ "type": "Feature", "properties": { "osm_id": "4756239827", "code": 2301, "fclass": "restaurant", "name_left": null, "index_right": 0, "name_right": "Hanoi" }, "geometry": { "type": "Point", "coordinates": [ 105.8543529, 21.0249719 ] } },
{ "type": "Feature", "properties": { "osm_id": "4758238253", "code": 2301, "fclass": "restaurant", "name_left": null, "index_right": 0, "name_right": "Hanoi" }, "geometry": { "type": "Point", "coordinates": [ 105.8555169, 21.0236691 ] } },
{ "type": "Feature", "properties": { "osm_id": "4759037451", "code": 2301, "fclass": "restaurant", "name_left": "Nhà Hàng Jalus Vegan", "index_right": 0, "name_right": "Hanoi" }, "geometry": { "type": "Point", "coordinates": [ 105.8495042, 21.0306344 ] } },
{ "type": "Feature", "properties": { "osm_id": "4759687343", "code": 2301, "fclass": "restaurant", "name_left": "Tung's Kitchen", "index_right": 0, "name_right": "Hanoi" }, "geometry": { "type": "Point", "coordinates": [ 105.8489788, 21.0313543 ] } },
{ "type": "Feature", "properties": { "osm_id": "4769356229", "code": 2301, "fclass": "restaurant", "name_left": "Nhà Hàng Doncook", "index_right": 0, "name_right": "Hanoi" }, "geometry": { "type": "Point", "coordinates": [ 105.7993559, 21.0168803 ] } },
{ "type": "Feature", "properties": { "osm_id": "4772143024", "code": 2301, "fclass": "restaurant", "name_left": "vân châu ( p102 e7 thanh xuân bắc)", "index_right": 0, "name_right": "Hanoi" }, "geometry": { "type": "Point", "coordinates": [ 105.7991392, 20.9911632 ] } },
{ "type": "Feature", "properties": { "osm_id": "4774193722", "code": 2301, "fclass": "restaurant", "name_left": "quang minh", "index_right": 0, "name_right": "Hanoi" }, "geometry": { "type": "Point", "coordinates": [ 105.8501521, 21.0267787 ] } },
{ "type": "Feature", "properties": { "osm_id": "4774617158", "code": 2301, "fclass": "restaurant", "name_left": null, "index_right": 0, "name_right": "Hanoi" }, "geometry": { "type": "Point", "coordinates": [ 105.8049509, 21.0066604 ] } },
{ "type": "Feature", "properties": { "osm_id": "4774787330", "code": 2301, "fclass": "restaurant", "name_left": null, "index_right": 0, "name_right": "Hanoi" }, "geometry": { "type": "Point", "coordinates": [ 105.8046299, 21.0098151 ] } },
{ "type": "Feature", "properties": { "osm_id": "4777146421", "code": 2301, "fclass": "restaurant", "name_left": "Miến & Bánh Đa Cua Lý Quốc Sư", "index_right": 0, "name_right": "Hanoi" }, "geometry": { "type": "Point", "coordinates": [ 105.8465857, 21.0390535 ] } },
{ "type": "Feature", "properties": { "osm_id": "4780440024", "code": 2301, "fclass": "restaurant", "name_left": "Nhà Hàng 8393 Hanoi", "index_right": 0, "name_right": "Hanoi" }, "geometry": { "type": "Point", "coordinates": [ 105.8504263, 21.0305293 ] } },
{ "type": "Feature", "properties": { "osm_id": "4783942621", "code": 2301, "fclass": "restaurant", "name_left": null, "index_right": 0, "name_right": "Hanoi" }, "geometry": { "type": "Point", "coordinates": [ 105.777115, 21.0164044 ] } },
{ "type": "Feature", "properties": { "osm_id": "4783942721", "code": 2301, "fclass": "restaurant", "name_left": null, "index_right": 0, "name_right": "Hanoi" }, "geometry": { "type": "Point", "coordinates": [ 105.8127893, 21.0794885 ] } },
{ "type": "Feature", "properties": { "osm_id": "4784122321", "code": 2301, "fclass": "restaurant", "name_left": "Quán Bún Bò Nam Bộ", "index_right": 0, "name_right": "Hanoi" }, "geometry": { "type": "Point", "coordinates": [ 105.8469222, 21.0320803 ] } },
{ "type": "Feature", "properties": { "osm_id": "4789270528", "code": 2301, "fclass": "restaurant", "name_left": "S&L's Diner", "index_right": 0, "name_right": "Hanoi" }, "geometry": { "type": "Point", "coordinates": [ 105.8504582, 21.0301366 ] } },
{ "type": "Feature", "properties": { "osm_id": "4790082725", "code": 2301, "fclass": "restaurant", "name_left": "Nhà Hàng Al Fresco's", "index_right": 0, "name_right": "Hanoi" }, "geometry": { "type": "Point", "coordinates": [ 105.8497803, 21.0288652 ] } },
{ "type": "Feature", "properties": { "osm_id": "4792981122", "code": 2301, "fclass": "restaurant", "name_left": null, "index_right": 0, "name_right": "Hanoi" }, "geometry": { "type": "Point", "coordinates": [ 105.774914, 21.1865308 ] } },
{ "type": "Feature", "properties": { "osm_id": "4792981222", "code": 2301, "fclass": "restaurant", "name_left": null, "index_right": 0, "name_right": "Hanoi" }, "geometry": { "type": "Point", "coordinates": [ 105.8057305, 21.0097107 ] } },
{ "type": "Feature", "properties": { "osm_id": "4796504065", "code": 2301, "fclass": "restaurant", "name_left": null, "index_right": 0, "name_right": "Hanoi" }, "geometry": { "type": "Point", "coordinates": [ 105.8320456, 21.0591745 ] } },
{ "type": "Feature", "properties": { "osm_id": "4797480822", "code": 2301, "fclass": "restaurant", "name_left": null, "index_right": 0, "name_right": "Hanoi" }, "geometry": { "type": "Point", "coordinates": [ 105.8425213, 21.0195808 ] } },
{ "type": "Feature", "properties": { "osm_id": "4800023939", "code": 2301, "fclass": "restaurant", "name_left": "Nhà Hàng Nét Huế", "index_right": 0, "name_right": "Hanoi" }, "geometry": { "type": "Point", "coordinates": [ 105.8543843, 21.0327066 ] } },
{ "type": "Feature", "properties": { "osm_id": "4805279021", "code": 2301, "fclass": "restaurant", "name_left": "Quán Lươn Bà Liên", "index_right": 0, "name_right": "Hanoi" }, "geometry": { "type": "Point", "coordinates": [ 105.8178405, 21.0355549 ] } },
{ "type": "Feature", "properties": { "osm_id": "4806919622", "code": 2301, "fclass": "restaurant", "name_left": "Nhà Hàng High Way 4", "index_right": 0, "name_right": "Hanoi" }, "geometry": { "type": "Point", "coordinates": [ 105.8549965, 21.0336298 ] } },
{ "type": "Feature", "properties": { "osm_id": "4806919623", "code": 2301, "fclass": "restaurant", "name_left": "Cơm Chay Nàng Tấm", "index_right": 0, "name_right": "Hanoi" }, "geometry": { "type": "Point", "coordinates": [ 105.8469426, 21.0223434 ] } },
{ "type": "Feature", "properties": { "osm_id": "4806921821", "code": 2301, "fclass": "restaurant", "name_left": "Nhà Hàng Ahimsa", "index_right": 0, "name_right": "Hanoi" }, "geometry": { "type": "Point", "coordinates": [ 105.8422981, 21.0296651 ] } },
{ "type": "Feature", "properties": { "osm_id": "4810696421", "code": 2301, "fclass": "restaurant", "name_left": "Nhà Hàng Chicken Street", "index_right": 0, "name_right": "Hanoi" }, "geometry": { "type": "Point", "coordinates": [ 105.8321031, 21.0313374 ] } },
{ "type": "Feature", "properties": { "osm_id": "4810840721", "code": 2301, "fclass": "restaurant", "name_left": "Nhà Hàng Goodfellas", "index_right": 0, "name_right": "Hanoi" }, "geometry": { "type": "Point", "coordinates": [ 105.8487795, 21.0325016 ] } },
{ "type": "Feature", "properties": { "osm_id": "4813342621", "code": 2301, "fclass": "restaurant", "name_left": null, "index_right": 0, "name_right": "Hanoi" }, "geometry": { "type": "Point", "coordinates": [ 105.842409, 21.0198021 ] } },
{ "type": "Feature", "properties": { "osm_id": "4834356522", "code": 2301, "fclass": "restaurant", "name_left": null, "index_right": 0, "name_right": "Hanoi" }, "geometry": { "type": "Point", "coordinates": [ 105.8550417, 21.0314745 ] } },
{ "type": "Feature", "properties": { "osm_id": "4851083723", "code": 2301, "fclass": "restaurant", "name_left": "Nhà Hàng Amato", "index_right": 0, "name_right": "Hanoi" }, "geometry": { "type": "Point", "coordinates": [ 105.8583374, 21.0241627 ] } },
{ "type": "Feature", "properties": { "osm_id": "4857749522", "code": 2301, "fclass": "restaurant", "name_left": null, "index_right": 0, "name_right": "Hanoi" }, "geometry": { "type": "Point", "coordinates": [ 105.8519644, 21.0367098 ] } },
{ "type": "Feature", "properties": { "osm_id": "4863255121", "code": 2301, "fclass": "restaurant", "name_left": null, "index_right": 0, "name_right": "Hanoi" }, "geometry": { "type": "Point", "coordinates": [ 105.8037776, 21.0066757 ] } },
{ "type": "Feature", "properties": { "osm_id": "4867426122", "code": 2301, "fclass": "restaurant", "name_left": "Nhà Hàng Guan Nem", "index_right": 0, "name_right": "Hanoi" }, "geometry": { "type": "Point", "coordinates": [ 105.8498058, 21.0145295 ] } },
{ "type": "Feature", "properties": { "osm_id": "4867427121", "code": 2301, "fclass": "restaurant", "name_left": null, "index_right": 0, "name_right": "Hanoi" }, "geometry": { "type": "Point", "coordinates": [ 105.8465214, 21.0259102 ] } },
{ "type": "Feature", "properties": { "osm_id": "4868910830", "code": 2301, "fclass": "restaurant", "name_left": null, "index_right": 0, "name_right": "Hanoi" }, "geometry": { "type": "Point", "coordinates": [ 105.8505011, 21.030163 ] } },
{ "type": "Feature", "properties": { "osm_id": "4868939821", "code": 2301, "fclass": "restaurant", "name_left": null, "index_right": 0, "name_right": "Hanoi" }, "geometry": { "type": "Point", "coordinates": [ 105.8482035, 21.0293786 ] } },
{ "type": "Feature", "properties": { "osm_id": "4869029621", "code": 2301, "fclass": "restaurant", "name_left": null, "index_right": 0, "name_right": "Hanoi" }, "geometry": { "type": "Point", "coordinates": [ 105.8534398, 21.0353277 ] } },
{ "type": "Feature", "properties": { "osm_id": "4885271521", "code": 2301, "fclass": "restaurant", "name_left": "Phở Lâm", "index_right": 0, "name_right": "Hanoi" }, "geometry": { "type": "Point", "coordinates": [ 105.8434691, 21.0265898 ] } },
{ "type": "Feature", "properties": { "osm_id": "4902370021", "code": 2301, "fclass": "restaurant", "name_left": null, "index_right": 0, "name_right": "Hanoi" }, "geometry": { "type": "Point", "coordinates": [ 105.8470959, 21.0338642 ] } },
{ "type": "Feature", "properties": { "osm_id": "4905672622", "code": 2301, "fclass": "restaurant", "name_left": "Phở Sướng", "index_right": 0, "name_right": "Hanoi" }, "geometry": { "type": "Point", "coordinates": [ 105.8521428, 21.0335516 ] } },
{ "type": "Feature", "properties": { "osm_id": "4929488522", "code": 2301, "fclass": "restaurant", "name_left": null, "index_right": 0, "name_right": "Hanoi" }, "geometry": { "type": "Point", "coordinates": [ 105.8578225, 21.0254324 ] } },
{ "type": "Feature", "properties": { "osm_id": "4934970823", "code": 2301, "fclass": "restaurant", "name_left": null, "index_right": 0, "name_right": "Hanoi" }, "geometry": { "type": "Point", "coordinates": [ 105.8212605, 21.0556906 ] } },
{ "type": "Feature", "properties": { "osm_id": "4934972421", "code": 2301, "fclass": "restaurant", "name_left": null, "index_right": 0, "name_right": "Hanoi" }, "geometry": { "type": "Point", "coordinates": [ 105.8228509, 21.0701195 ] } },
{ "type": "Feature", "properties": { "osm_id": "4936488121", "code": 2301, "fclass": "restaurant", "name_left": "Cửa Hàng Hoàng Tâm Xôi", "index_right": 0, "name_right": "Hanoi" }, "geometry": { "type": "Point", "coordinates": [ 105.8481886, 21.0402766 ] } },
{ "type": "Feature", "properties": { "osm_id": "4944084522", "code": 2301, "fclass": "restaurant", "name_left": null, "index_right": 0, "name_right": "Hanoi" }, "geometry": { "type": "Point", "coordinates": [ 105.8532661, 21.0318406 ] } },
{ "type": "Feature", "properties": { "osm_id": "4944084523", "code": 2301, "fclass": "restaurant", "name_left": "Tuên an", "index_right": 0, "name_right": "Hanoi" }, "geometry": { "type": "Point", "coordinates": [ 105.8505637, 21.0302017 ] } },
{ "type": "Feature", "properties": { "osm_id": "4944084524", "code": 2301, "fclass": "restaurant", "name_left": "Quán Goc Da", "index_right": 0, "name_right": "Hanoi" }, "geometry": { "type": "Point", "coordinates": [ 105.8492959, 21.0293044 ] } },
{ "type": "Feature", "properties": { "osm_id": "4970297721", "code": 2301, "fclass": "restaurant", "name_left": null, "index_right": 0, "name_right": "Hanoi" }, "geometry": { "type": "Point", "coordinates": [ 105.8539004, 21.0326195 ] } },
{ "type": "Feature", "properties": { "osm_id": "4973295321", "code": 2301, "fclass": "restaurant", "name_left": "orchid", "index_right": 0, "name_right": "Hanoi" }, "geometry": { "type": "Point", "coordinates": [ 105.8531624, 21.0337987 ] } },
{ "type": "Feature", "properties": { "osm_id": "4974302123", "code": 2301, "fclass": "restaurant", "name_left": "Lẩu Nướng Minh Minh", "index_right": 0, "name_right": "Hanoi" }, "geometry": { "type": "Point", "coordinates": [ 105.7795514, 20.970647 ] } },
{ "type": "Feature", "properties": { "osm_id": "4976315121", "code": 2301, "fclass": "restaurant", "name_left": "Nhà Hàng Bồ Đề Tâm", "index_right": 0, "name_right": "Hanoi" }, "geometry": { "type": "Point", "coordinates": [ 105.8101165, 21.028106 ] } },
{ "type": "Feature", "properties": { "osm_id": "4981745321", "code": 2301, "fclass": "restaurant", "name_left": "nhà hàng tuấn vương", "index_right": 0, "name_right": "Hanoi" }, "geometry": { "type": "Point", "coordinates": [ 105.8310637, 20.9649324 ] } },
{ "type": "Feature", "properties": { "osm_id": "4995292621", "code": 2301, "fclass": "restaurant", "name_left": "Nhà Hàng A La Folie", "index_right": 0, "name_right": "Hanoi" }, "geometry": { "type": "Point", "coordinates": [ 105.8394714, 21.0492014 ] } },
{ "type": "Feature", "properties": { "osm_id": "5006775621", "code": 2301, "fclass": "restaurant", "name_left": null, "index_right": 0, "name_right": "Hanoi" }, "geometry": { "type": "Point", "coordinates": [ 105.842627, 21.0434715 ] } },
{ "type": "Feature", "properties": { "osm_id": "5029975324", "code": 2301, "fclass": "restaurant", "name_left": null, "index_right": 0, "name_right": "Hanoi" }, "geometry": { "type": "Point", "coordinates": [ 105.8528792, 21.0354736 ] } },
{ "type": "Feature", "properties": { "osm_id": "5030033123", "code": 2301, "fclass": "restaurant", "name_left": "Bánh cuốn Gia An", "index_right": 0, "name_right": "Hanoi" }, "geometry": { "type": "Point", "coordinates": [ 105.8011916, 21.0152726 ] } },
{ "type": "Feature", "properties": { "osm_id": "5031497530", "code": 2301, "fclass": "restaurant", "name_left": null, "index_right": 0, "name_right": "Hanoi" }, "geometry": { "type": "Point", "coordinates": [ 105.8485767, 21.0294645 ] } },
{ "type": "Feature", "properties": { "osm_id": "5031536021", "code": 2301, "fclass": "restaurant", "name_left": "Pizza Callo", "index_right": 0, "name_right": "Hanoi" }, "geometry": { "type": "Point", "coordinates": [ 105.7899548, 20.9662859 ] } },
{ "type": "Feature", "properties": { "osm_id": "5044649521", "code": 2301, "fclass": "restaurant", "name_left": "Wrap & Roll", "index_right": 0, "name_right": "Hanoi" }, "geometry": { "type": "Point", "coordinates": [ 105.8528152, 21.0318899 ] } },
{ "type": "Feature", "properties": { "osm_id": "5050452761", "code": 2301, "fclass": "restaurant", "name_left": "Trọng thơm", "index_right": 0, "name_right": "Hanoi" }, "geometry": { "type": "Point", "coordinates": [ 105.7636393, 20.8904533 ] } },
{ "type": "Feature", "properties": { "osm_id": "5059466322", "code": 2301, "fclass": "restaurant", "name_left": null, "index_right": 0, "name_right": "Hanoi" }, "geometry": { "type": "Point", "coordinates": [ 105.7493221, 20.9638882 ] } },
{ "type": "Feature", "properties": { "osm_id": "5059515222", "code": 2301, "fclass": "restaurant", "name_left": null, "index_right": 0, "name_right": "Hanoi" }, "geometry": { "type": "Point", "coordinates": [ 105.8484107, 21.0286561 ] } },
{ "type": "Feature", "properties": { "osm_id": "5070808521", "code": 2301, "fclass": "restaurant", "name_left": null, "index_right": 0, "name_right": "Hanoi" }, "geometry": { "type": "Point", "coordinates": [ 105.8531161, 21.0321155 ] } },
{ "type": "Feature", "properties": { "osm_id": "5088087021", "code": 2301, "fclass": "restaurant", "name_left": "Nhà Hàng An Lạc Chay", "index_right": 0, "name_right": "Hanoi" }, "geometry": { "type": "Point", "coordinates": [ 105.8419625, 21.0238115 ] } },
{ "type": "Feature", "properties": { "osm_id": "5088092923", "code": 2301, "fclass": "restaurant", "name_left": "Nhà Hàng Chay Liên Hoa", "index_right": 0, "name_right": "Hanoi" }, "geometry": { "type": "Point", "coordinates": [ 105.846735, 21.0135722 ] } },
{ "type": "Feature", "properties": { "osm_id": "5094614624", "code": 2301, "fclass": "restaurant", "name_left": null, "index_right": 0, "name_right": "Hanoi" }, "geometry": { "type": "Point", "coordinates": [ 105.4021683, 21.097677 ] } },
{ "type": "Feature", "properties": { "osm_id": "5102190321", "code": 2301, "fclass": "restaurant", "name_left": null, "index_right": 0, "name_right": "Hanoi" }, "geometry": { "type": "Point", "coordinates": [ 105.8416063, 21.0251032 ] } },
{ "type": "Feature", "properties": { "osm_id": "5110317521", "code": 2301, "fclass": "restaurant", "name_left": null, "index_right": 0, "name_right": "Hanoi" }, "geometry": { "type": "Point", "coordinates": [ 105.8469229, 21.0320844 ] } },
{ "type": "Feature", "properties": { "osm_id": "5112142022", "code": 2301, "fclass": "restaurant", "name_left": null, "index_right": 0, "name_right": "Hanoi" }, "geometry": { "type": "Point", "coordinates": [ 105.7476475, 20.9640999 ] } },
{ "type": "Feature", "properties": { "osm_id": "5114360822", "code": 2301, "fclass": "restaurant", "name_left": null, "index_right": 0, "name_right": "Hanoi" }, "geometry": { "type": "Point", "coordinates": [ 105.8498303, 21.0203054 ] } },
{ "type": "Feature", "properties": { "osm_id": "5116302621", "code": 2301, "fclass": "restaurant", "name_left": "Nha hang Cha Ca La Vong", "index_right": 0, "name_right": "Hanoi" }, "geometry": { "type": "Point", "coordinates": [ 105.8437843, 21.0430151 ] } },
{ "type": "Feature", "properties": { "osm_id": "5124089830", "code": 2301, "fclass": "restaurant", "name_left": null, "index_right": 0, "name_right": "Hanoi" }, "geometry": { "type": "Point", "coordinates": [ 105.8479405, 21.0190469 ] } },
{ "type": "Feature", "properties": { "osm_id": "5130864937", "code": 2301, "fclass": "restaurant", "name_left": null, "index_right": 0, "name_right": "Hanoi" }, "geometry": { "type": "Point", "coordinates": [ 105.8529523, 21.0358232 ] } },
{ "type": "Feature", "properties": { "osm_id": "5144954321", "code": 2301, "fclass": "restaurant", "name_left": "Nhà Hàng Ẩm Thực Ba Miền", "index_right": 0, "name_right": "Hanoi" }, "geometry": { "type": "Point", "coordinates": [ 105.8520421, 21.0353161 ] } },
{ "type": "Feature", "properties": { "osm_id": "5149561322", "code": 2301, "fclass": "restaurant", "name_left": null, "index_right": 0, "name_right": "Hanoi" }, "geometry": { "type": "Point", "coordinates": [ 105.85555, 21.0321214 ] } },
{ "type": "Feature", "properties": { "osm_id": "5158023921", "code": 2301, "fclass": "restaurant", "name_left": null, "index_right": 0, "name_right": "Hanoi" }, "geometry": { "type": "Point", "coordinates": [ 105.8477243, 21.0355178 ] } },
{ "type": "Feature", "properties": { "osm_id": "5179500224", "code": 2301, "fclass": "restaurant", "name_left": null, "index_right": 0, "name_right": "Hanoi" }, "geometry": { "type": "Point", "coordinates": [ 105.8535617, 21.0355924 ] } },
{ "type": "Feature", "properties": { "osm_id": "5190836084", "code": 2301, "fclass": "restaurant", "name_left": "Phở Cười", "index_right": 0, "name_right": "Hanoi" }, "geometry": { "type": "Point", "coordinates": [ 105.840708, 20.9938019 ] } },
{ "type": "Feature", "properties": { "osm_id": "5190836085", "code": 2301, "fclass": "restaurant", "name_left": "Nhà Hàng Cảnh Gù", "index_right": 0, "name_right": "Hanoi" }, "geometry": { "type": "Point", "coordinates": [ 105.8407885, 20.9937568 ] } },
{ "type": "Feature", "properties": { "osm_id": "5201147328", "code": 2301, "fclass": "restaurant", "name_left": "Phở bò 21", "index_right": 0, "name_right": "Hanoi" }, "geometry": { "type": "Point", "coordinates": [ 105.8474793, 21.0158745 ] } },
{ "type": "Feature", "properties": { "osm_id": "5203319627", "code": 2301, "fclass": "restaurant", "name_left": null, "index_right": 0, "name_right": "Hanoi" }, "geometry": { "type": "Point", "coordinates": [ 105.8294223, 21.041591 ] } },
{ "type": "Feature", "properties": { "osm_id": "5214537524", "code": 2301, "fclass": "restaurant", "name_left": null, "index_right": 0, "name_right": "Hanoi" }, "geometry": { "type": "Point", "coordinates": [ 105.8431024, 21.0290337 ] } },
{ "type": "Feature", "properties": { "osm_id": "5217494823", "code": 2301, "fclass": "restaurant", "name_left": "Soup kitchen", "index_right": 0, "name_right": "Hanoi" }, "geometry": { "type": "Point", "coordinates": [ 105.845695, 21.0256813 ] } },
{ "type": "Feature", "properties": { "osm_id": "5218038121", "code": 2301, "fclass": "restaurant", "name_left": "Quán Bia Hơi Cường Hói", "index_right": 0, "name_right": "Hanoi" }, "geometry": { "type": "Point", "coordinates": [ 105.8168192, 21.0448533 ] } },
{ "type": "Feature", "properties": { "osm_id": "5227122539", "code": 2301, "fclass": "restaurant", "name_left": "Nhà Hàng Matto", "index_right": 0, "name_right": "Hanoi" }, "geometry": { "type": "Point", "coordinates": [ 105.8531266, 21.0347863 ] } },
{ "type": "Feature", "properties": { "osm_id": "5231944923", "code": 2301, "fclass": "restaurant", "name_left": null, "index_right": 0, "name_right": "Hanoi" }, "geometry": { "type": "Point", "coordinates": [ 105.8521491, 21.0320269 ] } },
{ "type": "Feature", "properties": { "osm_id": "5242789221", "code": 2301, "fclass": "restaurant", "name_left": "Dong Phu", "index_right": 0, "name_right": "Hanoi" }, "geometry": { "type": "Point", "coordinates": [ 105.8470901, 21.033564 ] } },
{ "type": "Feature", "properties": { "osm_id": "5255356021", "code": 2301, "fclass": "restaurant", "name_left": "Xoi Cat Lam", "index_right": 0, "name_right": "Hanoi" }, "geometry": { "type": "Point", "coordinates": [ 105.8467339, 21.032181 ] } },
{ "type": "Feature", "properties": { "osm_id": "5255729721", "code": 2301, "fclass": "restaurant", "name_left": null, "index_right": 0, "name_right": "Hanoi" }, "geometry": { "type": "Point", "coordinates": [ 105.8518438, 21.0348427 ] } },
{ "type": "Feature", "properties": { "osm_id": "5255751423", "code": 2301, "fclass": "restaurant", "name_left": null, "index_right": 0, "name_right": "Hanoi" }, "geometry": { "type": "Point", "coordinates": [ 105.8389992, 21.0274488 ] } },
{ "type": "Feature", "properties": { "osm_id": "5267763122", "code": 2301, "fclass": "restaurant", "name_left": null, "index_right": 0, "name_right": "Hanoi" }, "geometry": { "type": "Point", "coordinates": [ 105.8481416, 21.0301179 ] } },
{ "type": "Feature", "properties": { "osm_id": "5273086824", "code": 2301, "fclass": "restaurant", "name_left": null, "index_right": 0, "name_right": "Hanoi" }, "geometry": { "type": "Point", "coordinates": [ 105.8506192, 21.0302359 ] } },
{ "type": "Feature", "properties": { "osm_id": "5273088821", "code": 2301, "fclass": "restaurant", "name_left": null, "index_right": 0, "name_right": "Hanoi" }, "geometry": { "type": "Point", "coordinates": [ 105.8521422, 21.0338602 ] } },
{ "type": "Feature", "properties": { "osm_id": "5273753991", "code": 2301, "fclass": "restaurant", "name_left": "QUấn bún riêu Đền Lừ", "index_right": 0, "name_right": "Hanoi" }, "geometry": { "type": "Point", "coordinates": [ 105.8592792, 20.9869915 ] } },
{ "type": "Feature", "properties": { "osm_id": "5276387222", "code": 2301, "fclass": "restaurant", "name_left": null, "index_right": 0, "name_right": "Hanoi" }, "geometry": { "type": "Point", "coordinates": [ 105.8481638, 21.0321848 ] } },
{ "type": "Feature", "properties": { "osm_id": "5277149621", "code": 2301, "fclass": "restaurant", "name_left": "Nhà Hàng Mỹ Phồ", "index_right": 0, "name_right": "Hanoi" }, "geometry": { "type": "Point", "coordinates": [ 105.8474703, 21.0305967 ] } },
{ "type": "Feature", "properties": { "osm_id": "5288964825", "code": 2301, "fclass": "restaurant", "name_left": "tiem banh mi", "index_right": 0, "name_right": "Hanoi" }, "geometry": { "type": "Point", "coordinates": [ 105.855295, 21.0248221 ] } },
{ "type": "Feature", "properties": { "osm_id": "5299562823", "code": 2301, "fclass": "restaurant", "name_left": null, "index_right": 0, "name_right": "Hanoi" }, "geometry": { "type": "Point", "coordinates": [ 105.8457769, 21.0307596 ] } },
{ "type": "Feature", "properties": { "osm_id": "5309704611", "code": 2301, "fclass": "restaurant", "name_left": "Nhà Hàng Hanoi Tan Tan", "index_right": 0, "name_right": "Hanoi" }, "geometry": { "type": "Point", "coordinates": [ 105.8525254, 21.0255059 ] } },
{ "type": "Feature", "properties": { "osm_id": "5313158823", "code": 2301, "fclass": "restaurant", "name_left": "Bún Mọc", "index_right": 0, "name_right": "Hanoi" }, "geometry": { "type": "Point", "coordinates": [ 105.8482006, 21.0375341 ] } },
{ "type": "Feature", "properties": { "osm_id": "5319295035", "code": 2301, "fclass": "restaurant", "name_left": "Nhà Hàng Hanoi Tan Tan", "index_right": 0, "name_right": "Hanoi" }, "geometry": { "type": "Point", "coordinates": [ 105.8507131, 21.0260063 ] } },
{ "type": "Feature", "properties": { "osm_id": "5321972321", "code": 2301, "fclass": "restaurant", "name_left": "Nhà Hàng Gòn - Bites & Veggies", "index_right": 0, "name_right": "Hanoi" }, "geometry": { "type": "Point", "coordinates": [ 105.8300842, 21.0597181 ] } },
{ "type": "Feature", "properties": { "osm_id": "5323152623", "code": 2301, "fclass": "restaurant", "name_left": "Bún Chả - Nem Cua Bê", "index_right": 0, "name_right": "Hanoi" }, "geometry": { "type": "Point", "coordinates": [ 105.8475555, 21.0349731 ] } },
{ "type": "Feature", "properties": { "osm_id": "5324912922", "code": 2301, "fclass": "restaurant", "name_left": "Nhà Hàng Hanoi Food Culture", "index_right": 0, "name_right": "Hanoi" }, "geometry": { "type": "Point", "coordinates": [ 105.853663, 21.0340799 ] } },
{ "type": "Feature", "properties": { "osm_id": "5332605125", "code": 2301, "fclass": "restaurant", "name_left": null, "index_right": 0, "name_right": "Hanoi" }, "geometry": { "type": "Point", "coordinates": [ 105.8532441, 21.0354212 ] } },
{ "type": "Feature", "properties": { "osm_id": "5332620122", "code": 2301, "fclass": "restaurant", "name_left": "Nhà Hàng Chay Mihn", "index_right": 0, "name_right": "Hanoi" }, "geometry": { "type": "Point", "coordinates": [ 105.8483461, 21.0284211 ] } },
{ "type": "Feature", "properties": { "osm_id": "5334178022", "code": 2301, "fclass": "restaurant", "name_left": "Quán Phở Thìn", "index_right": 0, "name_right": "Hanoi" }, "geometry": { "type": "Point", "coordinates": [ 105.8553, 21.0181784 ] } },
{ "type": "Feature", "properties": { "osm_id": "5340681121", "code": 2301, "fclass": "restaurant", "name_left": "Pho Ga", "index_right": 0, "name_right": "Hanoi" }, "geometry": { "type": "Point", "coordinates": [ 105.8453469, 21.0422036 ] } },
{ "type": "Feature", "properties": { "osm_id": "5342538321", "code": 2301, "fclass": "restaurant", "name_left": "Quán Ốc Nóng Hà Trang", "index_right": 0, "name_right": "Hanoi" }, "geometry": { "type": "Point", "coordinates": [ 105.8520861, 21.0337945 ] } },
{ "type": "Feature", "properties": { "osm_id": "5342660823", "code": 2301, "fclass": "restaurant", "name_left": "Bánh Cuốn Hàng Cót", "index_right": 0, "name_right": "Hanoi" }, "geometry": { "type": "Point", "coordinates": [ 105.8471246, 21.0367257 ] } },
{ "type": "Feature", "properties": { "osm_id": "5354677369", "code": 2301, "fclass": "restaurant", "name_left": "Quán Bún Lòng A Cay", "index_right": 0, "name_right": "Hanoi" }, "geometry": { "type": "Point", "coordinates": [ 105.8490199, 21.0230329 ] } },
{ "type": "Feature", "properties": { "osm_id": "5363739921", "code": 2301, "fclass": "restaurant", "name_left": "Nhà Hàng Sushi Japanese", "index_right": 0, "name_right": "Hanoi" }, "geometry": { "type": "Point", "coordinates": [ 105.8425983, 21.0305512 ] } },
{ "type": "Feature", "properties": { "osm_id": "5363740021", "code": 2301, "fclass": "restaurant", "name_left": "Zamba Beer and BBQ", "index_right": 0, "name_right": "Hanoi" }, "geometry": { "type": "Point", "coordinates": [ 105.8427068, 21.0302722 ] } },
{ "type": "Feature", "properties": { "osm_id": "5365206721", "code": 2301, "fclass": "restaurant", "name_left": "Nhà Hàng Kaiser Kaffee", "index_right": 0, "name_right": "Hanoi" }, "geometry": { "type": "Point", "coordinates": [ 105.8509968, 21.0240232 ] } },
{ "type": "Feature", "properties": { "osm_id": "5375190021", "code": 2301, "fclass": "restaurant", "name_left": "Loving Hut", "index_right": 0, "name_right": "Hanoi" }, "geometry": { "type": "Point", "coordinates": [ 105.8380982, 21.0423221 ] } },
{ "type": "Feature", "properties": { "osm_id": "5384961328", "code": 2301, "fclass": "restaurant", "name_left": "Phở Mai Anh", "index_right": 0, "name_right": "Hanoi" }, "geometry": { "type": "Point", "coordinates": [ 105.8537362, 21.0180097 ] } },
{ "type": "Feature", "properties": { "osm_id": "5384986721", "code": 2301, "fclass": "restaurant", "name_left": "Cửa Hàng Chả Cá Anh Vũ", "index_right": 0, "name_right": "Hanoi" }, "geometry": { "type": "Point", "coordinates": [ 105.8242231, 21.0270241 ] } },
{ "type": "Feature", "properties": { "osm_id": "5384986723", "code": 2301, "fclass": "restaurant", "name_left": "Phở Cuốn Hương Mai", "index_right": 0, "name_right": "Hanoi" }, "geometry": { "type": "Point", "coordinates": [ 105.8413064, 21.0460551 ] } },
{ "type": "Feature", "properties": { "osm_id": "5385096023", "code": 2301, "fclass": "restaurant", "name_left": "Cửa Hàng Mai Nga Bún Cá Hà Thành", "index_right": 0, "name_right": "Hanoi" }, "geometry": { "type": "Point", "coordinates": [ 105.8524887, 21.0180589 ] } },
{ "type": "Feature", "properties": { "osm_id": "5388603121", "code": 2301, "fclass": "restaurant", "name_left": "Cơm Chay Tú Hảo", "index_right": 0, "name_right": "Hanoi" }, "geometry": { "type": "Point", "coordinates": [ 105.8541273, 21.0242715 ] } },
{ "type": "Feature", "properties": { "osm_id": "5389834822", "code": 2301, "fclass": "restaurant", "name_left": null, "index_right": 0, "name_right": "Hanoi" }, "geometry": { "type": "Point", "coordinates": [ 105.8545903, 21.0312362 ] } },
{ "type": "Feature", "properties": { "osm_id": "5397611521", "code": 2301, "fclass": "restaurant", "name_left": "Nhà Háng", "index_right": 0, "name_right": "Hanoi" }, "geometry": { "type": "Point", "coordinates": [ 105.8478093, 21.0337212 ] } },
{ "type": "Feature", "properties": { "osm_id": "5403043721", "code": 2301, "fclass": "restaurant", "name_left": "Bánh Cuôn Ký Dông", "index_right": 0, "name_right": "Hanoi" }, "geometry": { "type": "Point", "coordinates": [ 105.8436305, 21.0291628 ] } },
{ "type": "Feature", "properties": { "osm_id": "5411550522", "code": 2301, "fclass": "restaurant", "name_left": "Tâm An Lạc", "index_right": 0, "name_right": "Hanoi" }, "geometry": { "type": "Point", "coordinates": [ 105.8440968, 21.0256891 ] } },
{ "type": "Feature", "properties": { "osm_id": "5415928129", "code": 2301, "fclass": "restaurant", "name_left": null, "index_right": 0, "name_right": "Hanoi" }, "geometry": { "type": "Point", "coordinates": [ 105.8515281, 21.0358882 ] } },
{ "type": "Feature", "properties": { "osm_id": "5422454521", "code": 2301, "fclass": "restaurant", "name_left": "Quan 66", "index_right": 0, "name_right": "Hanoi" }, "geometry": { "type": "Point", "coordinates": [ 105.848126, 21.0348862 ] } },
{ "type": "Feature", "properties": { "osm_id": "5426833821", "code": 2301, "fclass": "restaurant", "name_left": null, "index_right": 0, "name_right": "Hanoi" }, "geometry": { "type": "Point", "coordinates": [ 105.8532632, 21.0357597 ] } },
{ "type": "Feature", "properties": { "osm_id": "5442110822", "code": 2301, "fclass": "restaurant", "name_left": "Peace Vegan", "index_right": 0, "name_right": "Hanoi" }, "geometry": { "type": "Point", "coordinates": [ 105.8133426, 21.070278 ] } },
{ "type": "Feature", "properties": { "osm_id": "5459555822", "code": 2301, "fclass": "restaurant", "name_left": "Phở Tư Lùn", "index_right": 0, "name_right": "Hanoi" }, "geometry": { "type": "Point", "coordinates": [ 105.853787, 21.023961 ] } },
{ "type": "Feature", "properties": { "osm_id": "5474590921", "code": 2301, "fclass": "restaurant", "name_left": "Tư Lùn - Phở Gà & Bún Thang", "index_right": 0, "name_right": "Hanoi" }, "geometry": { "type": "Point", "coordinates": [ 105.8493001, 21.0311779 ] } },
{ "type": "Feature", "properties": { "osm_id": "5474624643", "code": 2301, "fclass": "restaurant", "name_left": "Bánh Cuốn Thanh Vân", "index_right": 0, "name_right": "Hanoi" }, "geometry": { "type": "Point", "coordinates": [ 105.8419258, 21.0435101 ] } },
{ "type": "Feature", "properties": { "osm_id": "5474690735", "code": 2301, "fclass": "restaurant", "name_left": "Cửa Hàng Bánh Mì Cười - Nam Đồng", "index_right": 0, "name_right": "Hanoi" }, "geometry": { "type": "Point", "coordinates": [ 105.8330632, 21.0135702 ] } },
{ "type": "Feature", "properties": { "osm_id": "5474774306", "code": 2301, "fclass": "restaurant", "name_left": "Bún Ngan Bích Béo", "index_right": 0, "name_right": "Hanoi" }, "geometry": { "type": "Point", "coordinates": [ 105.849493, 21.0349558 ] } },
{ "type": "Feature", "properties": { "osm_id": "5474784664", "code": 2301, "fclass": "restaurant", "name_left": null, "index_right": 0, "name_right": "Hanoi" }, "geometry": { "type": "Point", "coordinates": [ 105.8246308, 21.0685161 ] } },
{ "type": "Feature", "properties": { "osm_id": "5474790332", "code": 2301, "fclass": "restaurant", "name_left": "Nhà Hàng Cháo Trai", "index_right": 0, "name_right": "Hanoi" }, "geometry": { "type": "Point", "coordinates": [ 105.8550764, 21.0171688 ] } },
{ "type": "Feature", "properties": { "osm_id": "5474800534", "code": 2301, "fclass": "restaurant", "name_left": "Bánh Đúc Nóng - Trung Tự", "index_right": 0, "name_right": "Hanoi" }, "geometry": { "type": "Point", "coordinates": [ 105.8337543, 21.0088561 ] } },
{ "type": "Feature", "properties": { "osm_id": "5475930399", "code": 2301, "fclass": "restaurant", "name_left": "Vân Hiền", "index_right": 0, "name_right": "Hanoi" }, "geometry": { "type": "Point", "coordinates": [ 105.5513063, 21.0203043 ] } },
{ "type": "Feature", "properties": { "osm_id": "5481580422", "code": 2301, "fclass": "restaurant", "name_left": null, "index_right": 0, "name_right": "Hanoi" }, "geometry": { "type": "Point", "coordinates": [ 105.8446646, 21.0205262 ] } },
{ "type": "Feature", "properties": { "osm_id": "5482016521", "code": 2301, "fclass": "restaurant", "name_left": null, "index_right": 0, "name_right": "Hanoi" }, "geometry": { "type": "Point", "coordinates": [ 105.8539031, 21.0330233 ] } },
{ "type": "Feature", "properties": { "osm_id": "5485647547", "code": 2301, "fclass": "restaurant", "name_left": "Bò Tơ Quán Mộc", "index_right": 0, "name_right": "Hanoi" }, "geometry": { "type": "Point", "coordinates": [ 105.7850989, 21.0503921 ] } },
{ "type": "Feature", "properties": { "osm_id": "5485653890", "code": 2301, "fclass": "restaurant", "name_left": "Nhà Hàng Bánh Trắng Hoàng Bèo", "index_right": 0, "name_right": "Hanoi" }, "geometry": { "type": "Point", "coordinates": [ 105.8048657, 21.0145591 ] } },
{ "type": "Feature", "properties": { "osm_id": "5485653892", "code": 2301, "fclass": "restaurant", "name_left": "Patisserie Lapin", "index_right": 0, "name_right": "Hanoi" }, "geometry": { "type": "Point", "coordinates": [ 105.8036897, 21.0139948 ] } },
{ "type": "Feature", "properties": { "osm_id": "5485657752", "code": 2301, "fclass": "restaurant", "name_left": "Wrap and Roll", "index_right": 0, "name_right": "Hanoi" }, "geometry": { "type": "Point", "coordinates": [ 105.8227238, 21.0264009 ] } },
{ "type": "Feature", "properties": { "osm_id": "5485660041", "code": 2301, "fclass": "restaurant", "name_left": "Nhà hàng", "index_right": 0, "name_right": "Hanoi" }, "geometry": { "type": "Point", "coordinates": [ 105.7738617, 21.0745488 ] } },
{ "type": "Feature", "properties": { "osm_id": "5485662115", "code": 2301, "fclass": "restaurant", "name_left": null, "index_right": 0, "name_right": "Hanoi" }, "geometry": { "type": "Point", "coordinates": [ 105.8217777, 21.0256292 ] } },
{ "type": "Feature", "properties": { "osm_id": "5485663514", "code": 2301, "fclass": "restaurant", "name_left": "Nhà Hàng Cơm Niêu Kombo", "index_right": 0, "name_right": "Hanoi" }, "geometry": { "type": "Point", "coordinates": [ 105.8209471, 21.0242775 ] } },
{ "type": "Feature", "properties": { "osm_id": "5485664752", "code": 2301, "fclass": "restaurant", "name_left": "Nhà Hàng A2 Ngọc Khánh", "index_right": 0, "name_right": "Hanoi" }, "geometry": { "type": "Point", "coordinates": [ 105.8114972, 21.0262998 ] } },
{ "type": "Feature", "properties": { "osm_id": "5485665297", "code": 2301, "fclass": "restaurant", "name_left": "T+ Beer Club", "index_right": 0, "name_right": "Hanoi" }, "geometry": { "type": "Point", "coordinates": [ 105.8199492, 21.0239192 ] } },
{ "type": "Feature", "properties": { "osm_id": "5485670666", "code": 2301, "fclass": "restaurant", "name_left": "VNUA restaurant", "index_right": 0, "name_right": "Hanoi" }, "geometry": { "type": "Point", "coordinates": [ 105.9332118, 21.0065578 ] } },
{ "type": "Feature", "properties": { "osm_id": "5485670670", "code": 2301, "fclass": "restaurant", "name_left": "Nhà Hàng Bít Tết Ngon", "index_right": 0, "name_right": "Hanoi" }, "geometry": { "type": "Point", "coordinates": [ 105.8206671, 21.0239911 ] } },
{ "type": "Feature", "properties": { "osm_id": "5485675724", "code": 2301, "fclass": "restaurant", "name_left": "San hô biển", "index_right": 0, "name_right": "Hanoi" }, "geometry": { "type": "Point", "coordinates": [ 105.7996998, 21.01667 ] } },
{ "type": "Feature", "properties": { "osm_id": "5485704469", "code": 2301, "fclass": "restaurant", "name_left": null, "index_right": 0, "name_right": "Hanoi" }, "geometry": { "type": "Point", "coordinates": [ 105.8447463, 21.0278405 ] } },
{ "type": "Feature", "properties": { "osm_id": "5485709632", "code": 2301, "fclass": "restaurant", "name_left": null, "index_right": 0, "name_right": "Hanoi" }, "geometry": { "type": "Point", "coordinates": [ 105.8424296, 21.0273996 ] } },
{ "type": "Feature", "properties": { "osm_id": "5485710758", "code": 2301, "fclass": "restaurant", "name_left": "Nhà hàng Phương Nam", "index_right": 0, "name_right": "Hanoi" }, "geometry": { "type": "Point", "coordinates": [ 105.8061749, 21.0229999 ] } },
{ "type": "Feature", "properties": { "osm_id": "5485713617", "code": 2301, "fclass": "restaurant", "name_left": "Quán vịt nướng", "index_right": 0, "name_right": "Hanoi" }, "geometry": { "type": "Point", "coordinates": [ 105.8018939, 21.0231176 ] } },
{ "type": "Feature", "properties": { "osm_id": "5485723847", "code": 2301, "fclass": "restaurant", "name_left": "Phở Cồ", "index_right": 0, "name_right": "Hanoi" }, "geometry": { "type": "Point", "coordinates": [ 105.800884, 21.022929 ] } },
{ "type": "Feature", "properties": { "osm_id": "5485739807", "code": 2301, "fclass": "restaurant", "name_left": "Nha Hang Nhat Nuong", "index_right": 0, "name_right": "Hanoi" }, "geometry": { "type": "Point", "coordinates": [ 105.772734, 21.0395544 ] } },
{ "type": "Feature", "properties": { "osm_id": "5485740783", "code": 2301, "fclass": "restaurant", "name_left": "Nhà hàng Samwon", "index_right": 0, "name_right": "Hanoi" }, "geometry": { "type": "Point", "coordinates": [ 105.7883168, 21.0223566 ] } },
{ "type": "Feature", "properties": { "osm_id": "5485756823", "code": 2301, "fclass": "restaurant", "name_left": "Gà Mạnh Hoạch", "index_right": 0, "name_right": "Hanoi" }, "geometry": { "type": "Point", "coordinates": [ 105.8222498, 21.0271124 ] } },
{ "type": "Feature", "properties": { "osm_id": "5485760263", "code": 2301, "fclass": "restaurant", "name_left": "Nhà Hàng Làng Tôi", "index_right": 0, "name_right": "Hanoi" }, "geometry": { "type": "Point", "coordinates": [ 105.8417206, 21.0263284 ] } },
{ "type": "Feature", "properties": { "osm_id": "5485760264", "code": 2301, "fclass": "restaurant", "name_left": "Nhà hàng Món Huế", "index_right": 0, "name_right": "Hanoi" }, "geometry": { "type": "Point", "coordinates": [ 105.8122368, 21.0269585 ] } },
{ "type": "Feature", "properties": { "osm_id": "5485766229", "code": 2301, "fclass": "restaurant", "name_left": null, "index_right": 0, "name_right": "Hanoi" }, "geometry": { "type": "Point", "coordinates": [ 105.7727129, 21.0384976 ] } },
{ "type": "Feature", "properties": { "osm_id": "5485766230", "code": 2301, "fclass": "restaurant", "name_left": "Nhà Hàng Bia Hơi Hải Xồm", "index_right": 0, "name_right": "Hanoi" }, "geometry": { "type": "Point", "coordinates": [ 105.811264, 21.0344004 ] } },
{ "type": "Feature", "properties": { "osm_id": "5485766418", "code": 2301, "fclass": "restaurant", "name_left": "Cửa Hàng Bánh Ngọt Paris Gateaux", "index_right": 0, "name_right": "Hanoi" }, "geometry": { "type": "Point", "coordinates": [ 105.8123843, 21.0274542 ] } },
{ "type": "Feature", "properties": { "osm_id": "5485768199", "code": 2301, "fclass": "restaurant", "name_left": "Nhà hàng Nét Huế", "index_right": 0, "name_right": "Hanoi" }, "geometry": { "type": "Point", "coordinates": [ 105.8125211, 21.0278572 ] } },
{ "type": "Feature", "properties": { "osm_id": "5485771446", "code": 2301, "fclass": "restaurant", "name_left": "Đà Nẵng Quán Bánh Tráng", "index_right": 0, "name_right": "Hanoi" }, "geometry": { "type": "Point", "coordinates": [ 105.7997636, 21.0161503 ] } },
{ "type": "Feature", "properties": { "osm_id": "5485772100", "code": 2301, "fclass": "restaurant", "name_left": "Nhà hàng Cơm niêu Thúy Nga", "index_right": 0, "name_right": "Hanoi" }, "geometry": { "type": "Point", "coordinates": [ 105.8125587, 21.0280475 ] } },
{ "type": "Feature", "properties": { "osm_id": "5485777635", "code": 2301, "fclass": "restaurant", "name_left": "Phủi Quán", "index_right": 0, "name_right": "Hanoi" }, "geometry": { "type": "Point", "coordinates": [ 105.835071, 21.029167 ] } },
{ "type": "Feature", "properties": { "osm_id": "5485779171", "code": 2301, "fclass": "restaurant", "name_left": "Bánh Mỳ Cô Long", "index_right": 0, "name_right": "Hanoi" }, "geometry": { "type": "Point", "coordinates": [ 105.8128162, 21.0287861 ] } },
{ "type": "Feature", "properties": { "osm_id": "5485779587", "code": 2301, "fclass": "restaurant", "name_left": "Soya Garden", "index_right": 0, "name_right": "Hanoi" }, "geometry": { "type": "Point", "coordinates": [ 105.819756, 21.0308649 ] } },
{ "type": "Feature", "properties": { "osm_id": "5485779590", "code": 2301, "fclass": "restaurant", "name_left": "B TÔNG", "index_right": 0, "name_right": "Hanoi" }, "geometry": { "type": "Point", "coordinates": [ 105.8177878, 21.0266823 ] } },
{ "type": "Feature", "properties": { "osm_id": "5485779646", "code": 2301, "fclass": "restaurant", "name_left": "Nhà Hàng Han Kook Kwan", "index_right": 0, "name_right": "Hanoi" }, "geometry": { "type": "Point", "coordinates": [ 105.8127598, 21.0284982 ] } },
{ "type": "Feature", "properties": { "osm_id": "5485779798", "code": 2301, "fclass": "restaurant", "name_left": "Nhà hàng Như Quỳnh", "index_right": 0, "name_right": "Hanoi" }, "geometry": { "type": "Point", "coordinates": [ 105.8127303, 21.0284656 ] } },
{ "type": "Feature", "properties": { "osm_id": "5485781399", "code": 2301, "fclass": "restaurant", "name_left": "Quán bánh xèo Thanh Nga", "index_right": 0, "name_right": "Hanoi" }, "geometry": { "type": "Point", "coordinates": [ 105.7735397, 21.0760243 ] } },
{ "type": "Feature", "properties": { "osm_id": "5485788108", "code": 2301, "fclass": "restaurant", "name_left": "Nhà hàng cô tô", "index_right": 0, "name_right": "Hanoi" }, "geometry": { "type": "Point", "coordinates": [ 105.7932361, 21.0184654 ] } },
{ "type": "Feature", "properties": { "osm_id": "5485791896", "code": 2301, "fclass": "restaurant", "name_left": "Nhà Hàng Bếp Mường", "index_right": 0, "name_right": "Hanoi" }, "geometry": { "type": "Point", "coordinates": [ 105.8171936, 21.027178 ] } },
{ "type": "Feature", "properties": { "osm_id": "5485794302", "code": 2301, "fclass": "restaurant", "name_left": "Vị Quảng", "index_right": 0, "name_right": "Hanoi" }, "geometry": { "type": "Point", "coordinates": [ 105.8055468, 21.015772 ] } },
{ "type": "Feature", "properties": { "osm_id": "5485795483", "code": 2301, "fclass": "restaurant", "name_left": "Nhà hàng Tadibar", "index_right": 0, "name_right": "Hanoi" }, "geometry": { "type": "Point", "coordinates": [ 105.793509, 21.0191687 ] } },
{ "type": "Feature", "properties": { "osm_id": "5485795813", "code": 2301, "fclass": "restaurant", "name_left": "Nhà Hàng Hàng Bánh Poeme", "index_right": 0, "name_right": "Hanoi" }, "geometry": { "type": "Point", "coordinates": [ 105.8170605, 21.0198815 ] } },
{ "type": "Feature", "properties": { "osm_id": "5485795886", "code": 2301, "fclass": "restaurant", "name_left": "Nhà hàng Ngọc Thúy", "index_right": 0, "name_right": "Hanoi" }, "geometry": { "type": "Point", "coordinates": [ 105.8172329, 21.0301162 ] } },
{ "type": "Feature", "properties": { "osm_id": "5485796749", "code": 2301, "fclass": "restaurant", "name_left": "Nhà hàng 123 Kim Mã", "index_right": 0, "name_right": "Hanoi" }, "geometry": { "type": "Point", "coordinates": [ 105.8166595, 21.0303637 ] } },
{ "type": "Feature", "properties": { "osm_id": "5485802345", "code": 2301, "fclass": "restaurant", "name_left": "Nhà Hàng Kombo", "index_right": 0, "name_right": "Hanoi" }, "geometry": { "type": "Point", "coordinates": [ 105.7906467, 21.0385851 ] } },
{ "type": "Feature", "properties": { "osm_id": "5485803769", "code": 2301, "fclass": "restaurant", "name_left": "Nhà hàng Kim Long", "index_right": 0, "name_right": "Hanoi" }, "geometry": { "type": "Point", "coordinates": [ 105.8214833, 21.0274431 ] } },
{ "type": "Feature", "properties": { "osm_id": "5485807457", "code": 2301, "fclass": "restaurant", "name_left": "Nhà hàng Mẹt Đồng Quê", "index_right": 0, "name_right": "Hanoi" }, "geometry": { "type": "Point", "coordinates": [ 105.8198351, 21.0304779 ] } },
{ "type": "Feature", "properties": { "osm_id": "5485808073", "code": 2301, "fclass": "restaurant", "name_left": "Bánh Cuốn Gia An", "index_right": 0, "name_right": "Hanoi" }, "geometry": { "type": "Point", "coordinates": [ 105.8196715, 21.0303953 ] } },
{ "type": "Feature", "properties": { "osm_id": "5485810348", "code": 2301, "fclass": "restaurant", "name_left": "Gà rán", "index_right": 0, "name_right": "Hanoi" }, "geometry": { "type": "Point", "coordinates": [ 105.8221384, 21.0258135 ] } },
{ "type": "Feature", "properties": { "osm_id": "5485810349", "code": 2301, "fclass": "restaurant", "name_left": "Nhà Hàng Lemon House", "index_right": 0, "name_right": "Hanoi" }, "geometry": { "type": "Point", "coordinates": [ 105.8220995, 21.0257766 ] } },
{ "type": "Feature", "properties": { "osm_id": "5485810350", "code": 2301, "fclass": "restaurant", "name_left": "Nhà Hàng Lẩu Hơi Cosmos", "index_right": 0, "name_right": "Hanoi" }, "geometry": { "type": "Point", "coordinates": [ 105.8220479, 21.0257391 ] } },
{ "type": "Feature", "properties": { "osm_id": "5485825582", "code": 2301, "fclass": "restaurant", "name_left": "Nhà Hàng Lẩu Bà Téo", "index_right": 0, "name_right": "Hanoi" }, "geometry": { "type": "Point", "coordinates": [ 105.7726814, 21.0394206 ] } },
{ "type": "Feature", "properties": { "osm_id": "5485841639", "code": 2301, "fclass": "restaurant", "name_left": "Lộc Vừng Quán", "index_right": 0, "name_right": "Hanoi" }, "geometry": { "type": "Point", "coordinates": [ 105.780527, 21.0668508 ] } },
{ "type": "Feature", "properties": { "osm_id": "5485842830", "code": 2301, "fclass": "restaurant", "name_left": "Quán Ăn Huế Nam Giao", "index_right": 0, "name_right": "Hanoi" }, "geometry": { "type": "Point", "coordinates": [ 105.7917348, 21.038469 ] } },
{ "type": "Feature", "properties": { "osm_id": "5485848998", "code": 2301, "fclass": "restaurant", "name_left": "Lẩu Nấm Gia Khánh", "index_right": 0, "name_right": "Hanoi" }, "geometry": { "type": "Point", "coordinates": [ 105.8009612, 21.0200806 ] } },
{ "type": "Feature", "properties": { "osm_id": "5485850796", "code": 2301, "fclass": "restaurant", "name_left": "Lẩu Dê Vạn Xuân", "index_right": 0, "name_right": "Hanoi" }, "geometry": { "type": "Point", "coordinates": [ 105.8008718, 21.0195986 ] } },
{ "type": "Feature", "properties": { "osm_id": "5485858161", "code": 2301, "fclass": "restaurant", "name_left": "Nhà hàng bún chả 25", "index_right": 0, "name_right": "Hanoi" }, "geometry": { "type": "Point", "coordinates": [ 105.7999327, 21.019075 ] } },
{ "type": "Feature", "properties": { "osm_id": "5485862923", "code": 2301, "fclass": "restaurant", "name_left": "Quán bia Hà Nội", "index_right": 0, "name_right": "Hanoi" }, "geometry": { "type": "Point", "coordinates": [ 105.8026611, 21.018957 ] } },
{ "type": "Feature", "properties": { "osm_id": "5485871410", "code": 2301, "fclass": "restaurant", "name_left": "Nhà Hàng Bia Hải Hói", "index_right": 0, "name_right": "Hanoi" }, "geometry": { "type": "Point", "coordinates": [ 105.7980382, 21.0177126 ] } },
{ "type": "Feature", "properties": { "osm_id": "5485874465", "code": 2301, "fclass": "restaurant", "name_left": "Nhà hàng Cảnh Hồ", "index_right": 0, "name_right": "Hanoi" }, "geometry": { "type": "Point", "coordinates": [ 105.8303812, 21.0000656 ] } },
{ "type": "Feature", "properties": { "osm_id": "5486075337", "code": 2301, "fclass": "restaurant", "name_left": "Nhà Hàng Bia Lan Chín", "index_right": 0, "name_right": "Hanoi" }, "geometry": { "type": "Point", "coordinates": [ 105.8197796, 21.0226243 ] } },
{ "type": "Feature", "properties": { "osm_id": "5490298321", "code": 2301, "fclass": "restaurant", "name_left": "Cửa Hàng Bia Hơi Duy Thái", "index_right": 0, "name_right": "Hanoi" }, "geometry": { "type": "Point", "coordinates": [ 105.7838507, 21.0610851 ] } },
{ "type": "Feature", "properties": { "osm_id": "5491050400", "code": 2301, "fclass": "restaurant", "name_left": "Mỳ Vịt Tiềm A Cường", "index_right": 0, "name_right": "Hanoi" }, "geometry": { "type": "Point", "coordinates": [ 105.8689215, 21.0451806 ] } },
{ "type": "Feature", "properties": { "osm_id": "5491060637", "code": 2301, "fclass": "restaurant", "name_left": "Nhà Hàng Mì Vịt Tiềm A Cường", "index_right": 0, "name_right": "Hanoi" }, "geometry": { "type": "Point", "coordinates": [ 105.8688982, 21.0452136 ] } },
{ "type": "Feature", "properties": { "osm_id": "5491288621", "code": 2301, "fclass": "restaurant", "name_left": "Nhà Hàng Garden House", "index_right": 0, "name_right": "Hanoi" }, "geometry": { "type": "Point", "coordinates": [ 105.8539228, 21.0331966 ] } },
{ "type": "Feature", "properties": { "osm_id": "5504330621", "code": 2301, "fclass": "restaurant", "name_left": "Song Thu", "index_right": 0, "name_right": "Hanoi" }, "geometry": { "type": "Point", "coordinates": [ 105.8427155, 21.0456459 ] } },
{ "type": "Feature", "properties": { "osm_id": "5510010523", "code": 2301, "fclass": "restaurant", "name_left": "Nhà Hàng Linh Vy", "index_right": 0, "name_right": "Hanoi" }, "geometry": { "type": "Point", "coordinates": [ 105.8529438, 21.0321531 ] } },
{ "type": "Feature", "properties": { "osm_id": "5512829423", "code": 2301, "fclass": "restaurant", "name_left": "VuVo BBQ", "index_right": 0, "name_right": "Hanoi" }, "geometry": { "type": "Point", "coordinates": [ 105.8660349, 21.0495334 ] } },
{ "type": "Feature", "properties": { "osm_id": "5517035923", "code": 2301, "fclass": "restaurant", "name_left": null, "index_right": 0, "name_right": "Hanoi" }, "geometry": { "type": "Point", "coordinates": [ 105.849914, 21.0373274 ] } },
{ "type": "Feature", "properties": { "osm_id": "5518348822", "code": 2301, "fclass": "restaurant", "name_left": "việt xưa house", "index_right": 0, "name_right": "Hanoi" }, "geometry": { "type": "Point", "coordinates": [ 105.8005193, 21.0149865 ] } },
{ "type": "Feature", "properties": { "osm_id": "5524204222", "code": 2301, "fclass": "restaurant", "name_left": null, "index_right": 0, "name_right": "Hanoi" }, "geometry": { "type": "Point", "coordinates": [ 105.8219909, 21.0713832 ] } },
{ "type": "Feature", "properties": { "osm_id": "5535172928", "code": 2301, "fclass": "restaurant", "name_left": "Chops Wagyu BBQ", "index_right": 0, "name_right": "Hanoi" }, "geometry": { "type": "Point", "coordinates": [ 105.8273324, 21.0606197 ] } },
{ "type": "Feature", "properties": { "osm_id": "5539359023", "code": 2301, "fclass": "restaurant", "name_left": "Nhà Hàng Moonview", "index_right": 0, "name_right": "Hanoi" }, "geometry": { "type": "Point", "coordinates": [ 105.8475681, 21.0408213 ] } },
{ "type": "Feature", "properties": { "osm_id": "5539581921", "code": 2301, "fclass": "restaurant", "name_left": null, "index_right": 0, "name_right": "Hanoi" }, "geometry": { "type": "Point", "coordinates": [ 105.8527775, 21.0358189 ] } },
{ "type": "Feature", "properties": { "osm_id": "5579667221", "code": 2301, "fclass": "restaurant", "name_left": "Quán Bông", "index_right": 0, "name_right": "Hanoi" }, "geometry": { "type": "Point", "coordinates": [ 105.8477592, 21.0300745 ] } },
{ "type": "Feature", "properties": { "osm_id": "5604576821", "code": 2301, "fclass": "restaurant", "name_left": "Quán Ốc Vi Sài Gòn", "index_right": 0, "name_right": "Hanoi" }, "geometry": { "type": "Point", "coordinates": [ 105.8527343, 21.0329908 ] } },
{ "type": "Feature", "properties": { "osm_id": "5609443523", "code": 2301, "fclass": "restaurant", "name_left": "Cửa Hàng Bún Chả 34", "index_right": 0, "name_right": "Hanoi" }, "geometry": { "type": "Point", "coordinates": [ 105.8472298, 21.0413124 ] } },
{ "type": "Feature", "properties": { "osm_id": "5616462621", "code": 2301, "fclass": "restaurant", "name_left": "Nhà Hàng Bún Chả - Nem Cua Bê", "index_right": 0, "name_right": "Hanoi" }, "geometry": { "type": "Point", "coordinates": [ 105.8472628, 21.0310886 ] } },
{ "type": "Feature", "properties": { "osm_id": "5621040324", "code": 2301, "fclass": "restaurant", "name_left": "Nhà Hàng Akaari", "index_right": 0, "name_right": "Hanoi" }, "geometry": { "type": "Point", "coordinates": [ 105.8369781, 21.0297825 ] } },
{ "type": "Feature", "properties": { "osm_id": "5623291946", "code": 2301, "fclass": "restaurant", "name_left": "Cửa Hàng Chả Cá Kình Ký", "index_right": 0, "name_right": "Hanoi" }, "geometry": { "type": "Point", "coordinates": [ 105.852196, 21.0152867 ] } },
{ "type": "Feature", "properties": { "osm_id": "5625896527", "code": 2301, "fclass": "restaurant", "name_left": null, "index_right": 0, "name_right": "Hanoi" }, "geometry": { "type": "Point", "coordinates": [ 105.8283344, 21.0640184 ] } },
{ "type": "Feature", "properties": { "osm_id": "5628700323", "code": 2301, "fclass": "restaurant", "name_left": null, "index_right": 0, "name_right": "Hanoi" }, "geometry": { "type": "Point", "coordinates": [ 105.8428313, 21.024231 ] } },
{ "type": "Feature", "properties": { "osm_id": "5640067721", "code": 2301, "fclass": "restaurant", "name_left": "Nhà Hàng MNA", "index_right": 0, "name_right": "Hanoi" }, "geometry": { "type": "Point", "coordinates": [ 105.8546029, 21.0314654 ] } },
{ "type": "Feature", "properties": { "osm_id": "5640397122", "code": 2301, "fclass": "restaurant", "name_left": null, "index_right": 0, "name_right": "Hanoi" }, "geometry": { "type": "Point", "coordinates": [ 105.8532595, 21.0357862 ] } },
{ "type": "Feature", "properties": { "osm_id": "5645868623", "code": 2301, "fclass": "restaurant", "name_left": null, "index_right": 0, "name_right": "Hanoi" }, "geometry": { "type": "Point", "coordinates": [ 105.8507105, 21.0303616 ] } },
{ "type": "Feature", "properties": { "osm_id": "5659806722", "code": 2301, "fclass": "restaurant", "name_left": "Panam'", "index_right": 0, "name_right": "Hanoi" }, "geometry": { "type": "Point", "coordinates": [ 105.8488735, 21.0200757 ] } },
{ "type": "Feature", "properties": { "osm_id": "5662869723", "code": 2301, "fclass": "restaurant", "name_left": "Wild Lotus", "index_right": 0, "name_right": "Hanoi" }, "geometry": { "type": "Point", "coordinates": [ 105.8479564, 21.0189237 ] } },
{ "type": "Feature", "properties": { "osm_id": "5662890235", "code": 2301, "fclass": "restaurant", "name_left": "Quán Vịt Phúc", "index_right": 0, "name_right": "Hanoi" }, "geometry": { "type": "Point", "coordinates": [ 105.8460382, 20.9968015 ] } },
{ "type": "Feature", "properties": { "osm_id": "5662972421", "code": 2301, "fclass": "restaurant", "name_left": "Cửa Hàng Chè Xưa Và Nay", "index_right": 0, "name_right": "Hanoi" }, "geometry": { "type": "Point", "coordinates": [ 105.8389009, 21.0511892 ] } },
{ "type": "Feature", "properties": { "osm_id": "5678846121", "code": 2301, "fclass": "restaurant", "name_left": "Nhà Hang 33 Trúc Bạch", "index_right": 0, "name_right": "Hanoi" }, "geometry": { "type": "Point", "coordinates": [ 105.8400701, 21.0487656 ] } },
{ "type": "Feature", "properties": { "osm_id": "5679069421", "code": 2301, "fclass": "restaurant", "name_left": "Panam' Cuisine", "index_right": 0, "name_right": "Hanoi" }, "geometry": { "type": "Point", "coordinates": [ 105.848831, 21.0199124 ] } },
{ "type": "Feature", "properties": { "osm_id": "5679236108", "code": 2301, "fclass": "restaurant", "name_left": "Nhà Hàng Long Hà", "index_right": 0, "name_right": "Hanoi" }, "geometry": { "type": "Point", "coordinates": [ 105.8685706, 20.9952842 ] } },
{ "type": "Feature", "properties": { "osm_id": "5698458607", "code": 2301, "fclass": "restaurant", "name_left": "Nhà Hàng Gia An", "index_right": 0, "name_right": "Hanoi" }, "geometry": { "type": "Point", "coordinates": [ 105.8689212, 20.9942155 ] } },
{ "type": "Feature", "properties": { "osm_id": "5698458608", "code": 2301, "fclass": "restaurant", "name_left": "Phở Hùng", "index_right": 0, "name_right": "Hanoi" }, "geometry": { "type": "Point", "coordinates": [ 105.8682849, 20.9942121 ] } },
{ "type": "Feature", "properties": { "osm_id": "5719880925", "code": 2301, "fclass": "restaurant", "name_left": "Nhà Hàng Mộc Chay", "index_right": 0, "name_right": "Hanoi" }, "geometry": { "type": "Point", "coordinates": [ 105.8155667, 21.0454518 ] } },
{ "type": "Feature", "properties": { "osm_id": "5751409631", "code": 2301, "fclass": "restaurant", "name_left": "Nhà Hàng Délices de Mai", "index_right": 0, "name_right": "Hanoi" }, "geometry": { "type": "Point", "coordinates": [ 105.8226426, 21.065582 ] } },
{ "type": "Feature", "properties": { "osm_id": "5753700123", "code": 2301, "fclass": "restaurant", "name_left": "Nhà Hàng Hot Rock", "index_right": 0, "name_right": "Hanoi" }, "geometry": { "type": "Point", "coordinates": [ 105.824279, 21.0275728 ] } },
{ "type": "Feature", "properties": { "osm_id": "5758217921", "code": 2301, "fclass": "restaurant", "name_left": null, "index_right": 0, "name_right": "Hanoi" }, "geometry": { "type": "Point", "coordinates": [ 105.8514511, 21.0256284 ] } },
{ "type": "Feature", "properties": { "osm_id": "5758797421", "code": 2301, "fclass": "restaurant", "name_left": "Nhà hàng Phủ Lý", "index_right": 0, "name_right": "Hanoi" }, "geometry": { "type": "Point", "coordinates": [ 105.7960114, 21.0426409 ] } },
{ "type": "Feature", "properties": { "osm_id": "5791597253", "code": 2301, "fclass": "restaurant", "name_left": "Nhà Hàng Cơm Việt Nam", "index_right": 0, "name_right": "Hanoi" }, "geometry": { "type": "Point", "coordinates": [ 105.8493515, 21.0292118 ] } },
{ "type": "Feature", "properties": { "osm_id": "5795094355", "code": 2301, "fclass": "restaurant", "name_left": null, "index_right": 0, "name_right": "Hanoi" }, "geometry": { "type": "Point", "coordinates": [ 105.8521912, 21.034321 ] } },
{ "type": "Feature", "properties": { "osm_id": "5795904835", "code": 2301, "fclass": "restaurant", "name_left": "Nhà Hàng Grandma's", "index_right": 0, "name_right": "Hanoi" }, "geometry": { "type": "Point", "coordinates": [ 105.8461542, 21.0328985 ] } },
{ "type": "Feature", "properties": { "osm_id": "5808897770", "code": 2301, "fclass": "restaurant", "name_left": null, "index_right": 0, "name_right": "Hanoi" }, "geometry": { "type": "Point", "coordinates": [ 105.8572876, 21.0194974 ] } },
{ "type": "Feature", "properties": { "osm_id": "5808899358", "code": 2301, "fclass": "restaurant", "name_left": null, "index_right": 0, "name_right": "Hanoi" }, "geometry": { "type": "Point", "coordinates": [ 105.8479656, 21.0234488 ] } },
{ "type": "Feature", "properties": { "osm_id": "5822647453", "code": 2301, "fclass": "restaurant", "name_left": "Nhà Hàng Hanoi Taco Bar", "index_right": 0, "name_right": "Hanoi" }, "geometry": { "type": "Point", "coordinates": [ 105.8525465, 21.0368637 ] } },
{ "type": "Feature", "properties": { "osm_id": "5826775185", "code": 2301, "fclass": "restaurant", "name_left": "Verticale", "index_right": 0, "name_right": "Hanoi" }, "geometry": { "type": "Point", "coordinates": [ 105.8486109, 21.0209601 ] } },
{ "type": "Feature", "properties": { "osm_id": "5842314385", "code": 2301, "fclass": "restaurant", "name_left": "Quán Miên - Bánh Da Cua Ly Quõc Su", "index_right": 0, "name_right": "Hanoi" }, "geometry": { "type": "Point", "coordinates": [ 105.8462299, 21.0367469 ] } },
{ "type": "Feature", "properties": { "osm_id": "5870096885", "code": 2301, "fclass": "restaurant", "name_left": "Nhà Hàng Dim Sum Minh Ký", "index_right": 0, "name_right": "Hanoi" }, "geometry": { "type": "Point", "coordinates": [ 105.8429344, 21.0243978 ] } },
{ "type": "Feature", "properties": { "osm_id": "5877127886", "code": 2301, "fclass": "restaurant", "name_left": null, "index_right": 0, "name_right": "Hanoi" }, "geometry": { "type": "Point", "coordinates": [ 105.8467046, 21.0380741 ] } },
{ "type": "Feature", "properties": { "osm_id": "5877127987", "code": 2301, "fclass": "restaurant", "name_left": null, "index_right": 0, "name_right": "Hanoi" }, "geometry": { "type": "Point", "coordinates": [ 105.8539119, 21.0340554 ] } },
{ "type": "Feature", "properties": { "osm_id": "5880291585", "code": 2301, "fclass": "restaurant", "name_left": "Bánh Đa Cua Hải Phòng", "index_right": 0, "name_right": "Hanoi" }, "geometry": { "type": "Point", "coordinates": [ 105.8045073, 21.0111486 ] } },
{ "type": "Feature", "properties": { "osm_id": "5892138785", "code": 2301, "fclass": "restaurant", "name_left": "Loving Hut", "index_right": 0, "name_right": "Hanoi" }, "geometry": { "type": "Point", "coordinates": [ 105.8305083, 21.0645058 ] } },
{ "type": "Feature", "properties": { "osm_id": "5920353327", "code": 2301, "fclass": "restaurant", "name_left": "Pho Ga Nguyet", "index_right": 0, "name_right": "Hanoi" }, "geometry": { "type": "Point", "coordinates": [ 105.8476483, 21.0302913 ] } },
{ "type": "Feature", "properties": { "osm_id": "5920363996", "code": 2301, "fclass": "restaurant", "name_left": null, "index_right": 0, "name_right": "Hanoi" }, "geometry": { "type": "Point", "coordinates": [ 105.8118946, 21.036049 ] } },
{ "type": "Feature", "properties": { "osm_id": "5947888285", "code": 2301, "fclass": "restaurant", "name_left": null, "index_right": 0, "name_right": "Hanoi" }, "geometry": { "type": "Point", "coordinates": [ 105.8364823, 21.0552211 ] } },
{ "type": "Feature", "properties": { "osm_id": "5948536485", "code": 2301, "fclass": "restaurant", "name_left": "Tiên Tửu Quán - Lẩu - Các Món Nhậu", "index_right": 0, "name_right": "Hanoi" }, "geometry": { "type": "Point", "coordinates": [ 105.8193537, 21.0306728 ] } },
{ "type": "Feature", "properties": { "osm_id": "5983124785", "code": 2301, "fclass": "restaurant", "name_left": "Bánh Cuốn Bà Hạnh", "index_right": 0, "name_right": "Hanoi" }, "geometry": { "type": "Point", "coordinates": [ 105.8487482, 21.0290963 ] } },
{ "type": "Feature", "properties": { "osm_id": "6012884346", "code": 2301, "fclass": "restaurant", "name_left": "Nhà Hàng G-Grab", "index_right": 0, "name_right": "Hanoi" }, "geometry": { "type": "Point", "coordinates": [ 105.8471966, 21.0312161 ] } },
{ "type": "Feature", "properties": { "osm_id": "6035459485", "code": 2301, "fclass": "restaurant", "name_left": null, "index_right": 0, "name_right": "Hanoi" }, "geometry": { "type": "Point", "coordinates": [ 105.8533419, 21.0344919 ] } },
{ "type": "Feature", "properties": { "osm_id": "6036359888", "code": 2301, "fclass": "restaurant", "name_left": "Ẩm Thực Chay Tịnh Nghiệp", "index_right": 0, "name_right": "Hanoi" }, "geometry": { "type": "Point", "coordinates": [ 105.8301652, 21.0343921 ] } },
{ "type": "Feature", "properties": { "osm_id": "6036440285", "code": 2301, "fclass": "restaurant", "name_left": "Nhà Hàng 1946", "index_right": 0, "name_right": "Hanoi" }, "geometry": { "type": "Point", "coordinates": [ 105.8430368, 21.0428815 ] } },
{ "type": "Feature", "properties": { "osm_id": "6046203687", "code": 2301, "fclass": "restaurant", "name_left": "Yin & Yang", "index_right": 0, "name_right": "Hanoi" }, "geometry": { "type": "Point", "coordinates": [ 105.8462075, 21.0420976 ] } },
{ "type": "Feature", "properties": { "osm_id": "6049182299", "code": 2301, "fclass": "restaurant", "name_left": "Phở Thật", "index_right": 0, "name_right": "Hanoi" }, "geometry": { "type": "Point", "coordinates": [ 105.8522189, 21.0380367 ] } },
{ "type": "Feature", "properties": { "osm_id": "6053037215", "code": 2301, "fclass": "restaurant", "name_left": "Nhà Hàng Le Beaulieu", "index_right": 0, "name_right": "Hanoi" }, "geometry": { "type": "Point", "coordinates": [ 105.855744, 21.0259423 ] } },
{ "type": "Feature", "properties": { "osm_id": "6068375687", "code": 2301, "fclass": "restaurant", "name_left": "Shimla Indian Restaurant", "index_right": 0, "name_right": "Hanoi" }, "geometry": { "type": "Point", "coordinates": [ 105.8316398, 21.0616656 ] } },
{ "type": "Feature", "properties": { "osm_id": "6093264187", "code": 2301, "fclass": "restaurant", "name_left": null, "index_right": 0, "name_right": "Hanoi" }, "geometry": { "type": "Point", "coordinates": [ 105.8477297, 21.0325175 ] } },
{ "type": "Feature", "properties": { "osm_id": "6094494886", "code": 2301, "fclass": "restaurant", "name_left": "Hạnh Riêu Cua Ốc", "index_right": 0, "name_right": "Hanoi" }, "geometry": { "type": "Point", "coordinates": [ 105.8488719, 21.0307763 ] } },
{ "type": "Feature", "properties": { "osm_id": "6099909886", "code": 2301, "fclass": "restaurant", "name_left": null, "index_right": 0, "name_right": "Hanoi" }, "geometry": { "type": "Point", "coordinates": [ 105.8501315, 21.0312099 ] } },
{ "type": "Feature", "properties": { "osm_id": "6117577785", "code": 2301, "fclass": "restaurant", "name_left": null, "index_right": 0, "name_right": "Hanoi" }, "geometry": { "type": "Point", "coordinates": [ 105.849845, 21.0204781 ] } },
{ "type": "Feature", "properties": { "osm_id": "6117599885", "code": 2301, "fclass": "restaurant", "name_left": null, "index_right": 0, "name_right": "Hanoi" }, "geometry": { "type": "Point", "coordinates": [ 105.8438554, 21.0185716 ] } },
{ "type": "Feature", "properties": { "osm_id": "6120503629", "code": 2301, "fclass": "restaurant", "name_left": null, "index_right": 0, "name_right": "Hanoi" }, "geometry": { "type": "Point", "coordinates": [ 105.8242663, 21.0348734 ] } },
{ "type": "Feature", "properties": { "osm_id": "6120548685", "code": 2301, "fclass": "restaurant", "name_left": null, "index_right": 0, "name_right": "Hanoi" }, "geometry": { "type": "Point", "coordinates": [ 105.8263182, 21.0347517 ] } },
{ "type": "Feature", "properties": { "osm_id": "6120582685", "code": 2301, "fclass": "restaurant", "name_left": null, "index_right": 0, "name_right": "Hanoi" }, "geometry": { "type": "Point", "coordinates": [ 105.8313988, 21.0336922 ] } },
{ "type": "Feature", "properties": { "osm_id": "6120582686", "code": 2301, "fclass": "restaurant", "name_left": null, "index_right": 0, "name_right": "Hanoi" }, "geometry": { "type": "Point", "coordinates": [ 105.8313598, 21.0336043 ] } },
{ "type": "Feature", "properties": { "osm_id": "6123357786", "code": 2301, "fclass": "restaurant", "name_left": null, "index_right": 0, "name_right": "Hanoi" }, "geometry": { "type": "Point", "coordinates": [ 105.8484257, 21.0352972 ] } },
{ "type": "Feature", "properties": { "osm_id": "6127555185", "code": 2301, "fclass": "restaurant", "name_left": "Veggie castle", "index_right": 0, "name_right": "Hanoi" }, "geometry": { "type": "Point", "coordinates": [ 105.8446857, 21.0436976 ] } },
{ "type": "Feature", "properties": { "osm_id": "6142520285", "code": 2301, "fclass": "restaurant", "name_left": "Nhà Hàng Garden House 2", "index_right": 0, "name_right": "Hanoi" }, "geometry": { "type": "Point", "coordinates": [ 105.8524806, 21.0361022 ] } },
{ "type": "Feature", "properties": { "osm_id": "6146935685", "code": 2301, "fclass": "restaurant", "name_left": "Bún Chå Nem Cua Bê", "index_right": 0, "name_right": "Hanoi" }, "geometry": { "type": "Point", "coordinates": [ 105.851994, 21.0196234 ] } },
{ "type": "Feature", "properties": { "osm_id": "6152972186", "code": 2301, "fclass": "restaurant", "name_left": null, "index_right": 0, "name_right": "Hanoi" }, "geometry": { "type": "Point", "coordinates": [ 105.8381035, 21.0260035 ] } },
{ "type": "Feature", "properties": { "osm_id": "6155720189", "code": 2301, "fclass": "restaurant", "name_left": "Nhà Hàng Trung Tâm Rooftop Bar", "index_right": 0, "name_right": "Hanoi" }, "geometry": { "type": "Point", "coordinates": [ 105.846607, 21.0308303 ] } },
{ "type": "Feature", "properties": { "osm_id": "6162359986", "code": 2301, "fclass": "restaurant", "name_left": "Lẩu Hơi Lãng Bạc", "index_right": 0, "name_right": "Hanoi" }, "geometry": { "type": "Point", "coordinates": [ 105.8381255, 21.0518071 ] } },
{ "type": "Feature", "properties": { "osm_id": "6169695785", "code": 2301, "fclass": "restaurant", "name_left": "Thảo Linh", "index_right": 0, "name_right": "Hanoi" }, "geometry": { "type": "Point", "coordinates": [ 105.8244541, 20.9640244 ] } },
{ "type": "Feature", "properties": { "osm_id": "6174044986", "code": 2301, "fclass": "restaurant", "name_left": "Nhà Hàng Chay Tâm An", "index_right": 0, "name_right": "Hanoi" }, "geometry": { "type": "Point", "coordinates": [ 105.8376422, 21.0119248 ] } },
{ "type": "Feature", "properties": { "osm_id": "6176851685", "code": 2301, "fclass": "restaurant", "name_left": "tròn", "index_right": 0, "name_right": "Hanoi" }, "geometry": { "type": "Point", "coordinates": [ 105.825932, 21.068292 ] } },
{ "type": "Feature", "properties": { "osm_id": "6176888285", "code": 2301, "fclass": "restaurant", "name_left": "Cà Phê & Nhà Hàng Downtown", "index_right": 0, "name_right": "Hanoi" }, "geometry": { "type": "Point", "coordinates": [ 105.852924, 21.0329887 ] } },
{ "type": "Feature", "properties": { "osm_id": "6185305387", "code": 2301, "fclass": "restaurant", "name_left": null, "index_right": 0, "name_right": "Hanoi" }, "geometry": { "type": "Point", "coordinates": [ 105.8558746, 21.0243058 ] } },
{ "type": "Feature", "properties": { "osm_id": "6185342489", "code": 2301, "fclass": "restaurant", "name_left": null, "index_right": 0, "name_right": "Hanoi" }, "geometry": { "type": "Point", "coordinates": [ 105.8523268, 21.0360094 ] } },
{ "type": "Feature", "properties": { "osm_id": "6187334685", "code": 2301, "fclass": "restaurant", "name_left": "Nhà Hàng 96", "index_right": 0, "name_right": "Hanoi" }, "geometry": { "type": "Point", "coordinates": [ 105.8524367, 21.0331053 ] } },
{ "type": "Feature", "properties": { "osm_id": "6207082656", "code": 2301, "fclass": "restaurant", "name_left": "Nhà hàng MAISON", "index_right": 0, "name_right": "Hanoi" }, "geometry": { "type": "Point", "coordinates": [ 105.8212533, 21.0168259 ] } },
{ "type": "Feature", "properties": { "osm_id": "6228818585", "code": 2301, "fclass": "restaurant", "name_left": "Bánh xèo - Nem cuốn - Quẩy", "index_right": 0, "name_right": "Hanoi" }, "geometry": { "type": "Point", "coordinates": [ 105.8496955, 21.0340643 ] } },
{ "type": "Feature", "properties": { "osm_id": "6235610085", "code": 2301, "fclass": "restaurant", "name_left": null, "index_right": 0, "name_right": "Hanoi" }, "geometry": { "type": "Point", "coordinates": [ 105.8547051, 21.0309561 ] } },
{ "type": "Feature", "properties": { "osm_id": "6240672585", "code": 2301, "fclass": "restaurant", "name_left": null, "index_right": 0, "name_right": "Hanoi" }, "geometry": { "type": "Point", "coordinates": [ 105.8502857, 21.0296818 ] } },
{ "type": "Feature", "properties": { "osm_id": "6255402285", "code": 2301, "fclass": "restaurant", "name_left": null, "index_right": 0, "name_right": "Hanoi" }, "geometry": { "type": "Point", "coordinates": [ 105.7800206, 21.2157115 ] } },
{ "type": "Feature", "properties": { "osm_id": "6255746085", "code": 2301, "fclass": "restaurant", "name_left": "Vivienne", "index_right": 0, "name_right": "Hanoi" }, "geometry": { "type": "Point", "coordinates": [ 105.8492595, 21.0291579 ] } },
{ "type": "Feature", "properties": { "osm_id": "6267125385", "code": 2301, "fclass": "restaurant", "name_left": null, "index_right": 0, "name_right": "Hanoi" }, "geometry": { "type": "Point", "coordinates": [ 105.8261545, 21.0677469 ] } },
{ "type": "Feature", "properties": { "osm_id": "6269089078", "code": 2301, "fclass": "restaurant", "name_left": "Bún Mọc Hằng Hiếu", "index_right": 0, "name_right": "Hanoi" }, "geometry": { "type": "Point", "coordinates": [ 105.8123208, 21.0166063 ] } },
{ "type": "Feature", "properties": { "osm_id": "6285982085", "code": 2301, "fclass": "restaurant", "name_left": null, "index_right": 0, "name_right": "Hanoi" }, "geometry": { "type": "Point", "coordinates": [ 105.8478488, 21.0333885 ] } },
{ "type": "Feature", "properties": { "osm_id": "6290724786", "code": 2301, "fclass": "restaurant", "name_left": null, "index_right": 0, "name_right": "Hanoi" }, "geometry": { "type": "Point", "coordinates": [ 105.8674785, 21.0448345 ] } },
{ "type": "Feature", "properties": { "osm_id": "6302504585", "code": 2301, "fclass": "restaurant", "name_left": null, "index_right": 0, "name_right": "Hanoi" }, "geometry": { "type": "Point", "coordinates": [ 105.8519978, 21.0323307 ] } },
{ "type": "Feature", "properties": { "osm_id": "6302505485", "code": 2301, "fclass": "restaurant", "name_left": null, "index_right": 0, "name_right": "Hanoi" }, "geometry": { "type": "Point", "coordinates": [ 105.8530397, 21.0354652 ] } },
{ "type": "Feature", "properties": { "osm_id": "6324767985", "code": 2301, "fclass": "restaurant", "name_left": "Nhà Hàng Hỏa Lò", "index_right": 0, "name_right": "Hanoi" }, "geometry": { "type": "Point", "coordinates": [ 105.8227977, 21.0771591 ] } },
{ "type": "Feature", "properties": { "osm_id": "6324812247", "code": 2301, "fclass": "restaurant", "name_left": "Nhà Hàng King BBQ", "index_right": 0, "name_right": "Hanoi" }, "geometry": { "type": "Point", "coordinates": [ 105.8539531, 21.024043 ] } },
{ "type": "Feature", "properties": { "osm_id": "6326715286", "code": 2301, "fclass": "restaurant", "name_left": "Sushi holic", "index_right": 0, "name_right": "Hanoi" }, "geometry": { "type": "Point", "coordinates": [ 105.8108041, 21.0654992 ] } },
{ "type": "Feature", "properties": { "osm_id": "6326716386", "code": 2301, "fclass": "restaurant", "name_left": "Bún Cá, Chá", "index_right": 0, "name_right": "Hanoi" }, "geometry": { "type": "Point", "coordinates": [ 105.8235855, 21.0684402 ] } },
{ "type": "Feature", "properties": { "osm_id": "6335523385", "code": 2301, "fclass": "restaurant", "name_left": "Nhà Hàng Eel Soup", "index_right": 0, "name_right": "Hanoi" }, "geometry": { "type": "Point", "coordinates": [ 105.8479414, 21.0378757 ] } },
{ "type": "Feature", "properties": { "osm_id": "6346505980", "code": 2301, "fclass": "restaurant", "name_left": "Nhà Hàng King BBQ", "index_right": 0, "name_right": "Hanoi" }, "geometry": { "type": "Point", "coordinates": [ 105.7613852, 21.0362704 ] } },
{ "type": "Feature", "properties": { "osm_id": "6354097485", "code": 2301, "fclass": "restaurant", "name_left": "Nhà Hàng Dragoncello", "index_right": 0, "name_right": "Hanoi" }, "geometry": { "type": "Point", "coordinates": [ 105.811293, 21.0668069 ] } },
{ "type": "Feature", "properties": { "osm_id": "6356358445", "code": 2301, "fclass": "restaurant", "name_left": "Nhà Hàng Hanoi 1983", "index_right": 0, "name_right": "Hanoi" }, "geometry": { "type": "Point", "coordinates": [ 105.8521311, 21.0353057 ] } },
{ "type": "Feature", "properties": { "osm_id": "6358068030", "code": 2301, "fclass": "restaurant", "name_left": null, "index_right": 0, "name_right": "Hanoi" }, "geometry": { "type": "Point", "coordinates": [ 105.9115414, 21.0052124 ] } },
{ "type": "Feature", "properties": { "osm_id": "6361078788", "code": 2301, "fclass": "restaurant", "name_left": "Nhà Hàng Mắm", "index_right": 0, "name_right": "Hanoi" }, "geometry": { "type": "Point", "coordinates": [ 105.8547277, 21.0337603 ] } },
{ "type": "Feature", "properties": { "osm_id": "6363596370", "code": 2301, "fclass": "restaurant", "name_left": "Nhà Hàng Fish", "index_right": 0, "name_right": "Hanoi" }, "geometry": { "type": "Point", "coordinates": [ 105.8329754, 21.0426556 ] } },
{ "type": "Feature", "properties": { "osm_id": "6363671560", "code": 2301, "fclass": "restaurant", "name_left": "Nhà hàng Trúc Lâm", "index_right": 0, "name_right": "Hanoi" }, "geometry": { "type": "Point", "coordinates": [ 105.7986737, 21.0400788 ] } },
{ "type": "Feature", "properties": { "osm_id": "6378501085", "code": 2301, "fclass": "restaurant", "name_left": null, "index_right": 0, "name_right": "Hanoi" }, "geometry": { "type": "Point", "coordinates": [ 105.846921, 21.0319051 ] } },
{ "type": "Feature", "properties": { "osm_id": "6380485085", "code": 2301, "fclass": "restaurant", "name_left": "Nhà Hàng Bun Bêbê", "index_right": 0, "name_right": "Hanoi" }, "geometry": { "type": "Point", "coordinates": [ 105.8367104, 21.0287299 ] } },
{ "type": "Feature", "properties": { "osm_id": "6385048415", "code": 2301, "fclass": "restaurant", "name_left": null, "index_right": 0, "name_right": "Hanoi" }, "geometry": { "type": "Point", "coordinates": [ 105.9107251, 21.0622617 ] } },
{ "type": "Feature", "properties": { "osm_id": "6385048425", "code": 2301, "fclass": "restaurant", "name_left": "Phat Ky", "index_right": 0, "name_right": "Hanoi" }, "geometry": { "type": "Point", "coordinates": [ 105.8485786, 21.0132526 ] } },
{ "type": "Feature", "properties": { "osm_id": "6402570088", "code": 2301, "fclass": "restaurant", "name_left": "Cửa Hàng Mihimihi", "index_right": 0, "name_right": "Hanoi" }, "geometry": { "type": "Point", "coordinates": [ 105.8489426, 21.0310963 ] } },
{ "type": "Feature", "properties": { "osm_id": "6402581586", "code": 2301, "fclass": "restaurant", "name_left": "Pho 10", "index_right": 0, "name_right": "Hanoi" }, "geometry": { "type": "Point", "coordinates": [ 105.8487232, 21.0305956 ] } },
{ "type": "Feature", "properties": { "osm_id": "6413826385", "code": 2301, "fclass": "restaurant", "name_left": "Nhà Hàng Chay Tuệ Giác", "index_right": 0, "name_right": "Hanoi" }, "geometry": { "type": "Point", "coordinates": [ 105.8250572, 21.016337 ] } },
{ "type": "Feature", "properties": { "osm_id": "6418870085", "code": 2301, "fclass": "restaurant", "name_left": "Nhà Hàng Chick Garden", "index_right": 0, "name_right": "Hanoi" }, "geometry": { "type": "Point", "coordinates": [ 105.8309735, 21.0376639 ] } },
{ "type": "Feature", "properties": { "osm_id": "6419220950", "code": 2301, "fclass": "restaurant", "name_left": "Cơm Chay An Nhiên", "index_right": 0, "name_right": "Hanoi" }, "geometry": { "type": "Point", "coordinates": [ 105.834009, 21.0032008 ] } },
{ "type": "Feature", "properties": { "osm_id": "6422973404", "code": 2301, "fclass": "restaurant", "name_left": "Nhà Hàng Java Sea Food", "index_right": 0, "name_right": "Hanoi" }, "geometry": { "type": "Point", "coordinates": [ 105.8339462, 21.0534439 ] } },
{ "type": "Feature", "properties": { "osm_id": "6424996587", "code": 2301, "fclass": "restaurant", "name_left": null, "index_right": 0, "name_right": "Hanoi" }, "geometry": { "type": "Point", "coordinates": [ 105.8478348, 21.0299039 ] } },
{ "type": "Feature", "properties": { "osm_id": "6424998586", "code": 2301, "fclass": "restaurant", "name_left": null, "index_right": 0, "name_right": "Hanoi" }, "geometry": { "type": "Point", "coordinates": [ 105.8478846, 21.0294812 ] } },
{ "type": "Feature", "properties": { "osm_id": "6424998588", "code": 2301, "fclass": "restaurant", "name_left": null, "index_right": 0, "name_right": "Hanoi" }, "geometry": { "type": "Point", "coordinates": [ 105.8478811, 21.0280205 ] } },
{ "type": "Feature", "properties": { "osm_id": "6425004987", "code": 2301, "fclass": "restaurant", "name_left": null, "index_right": 0, "name_right": "Hanoi" }, "geometry": { "type": "Point", "coordinates": [ 105.848122, 21.0281824 ] } },
{ "type": "Feature", "properties": { "osm_id": "6425005085", "code": 2301, "fclass": "restaurant", "name_left": "Bún Riêu Cua Thu", "index_right": 0, "name_right": "Hanoi" }, "geometry": { "type": "Point", "coordinates": [ 105.8483343, 21.0292058 ] } },
{ "type": "Feature", "properties": { "osm_id": "6427399785", "code": 2301, "fclass": "restaurant", "name_left": null, "index_right": 0, "name_right": "Hanoi" }, "geometry": { "type": "Point", "coordinates": [ 105.852715, 21.0255618 ] } },
{ "type": "Feature", "properties": { "osm_id": "6427431986", "code": 2301, "fclass": "restaurant", "name_left": null, "index_right": 0, "name_right": "Hanoi" }, "geometry": { "type": "Point", "coordinates": [ 105.8474312, 21.0342117 ] } },
{ "type": "Feature", "properties": { "osm_id": "6427820688", "code": 2301, "fclass": "restaurant", "name_left": null, "index_right": 0, "name_right": "Hanoi" }, "geometry": { "type": "Point", "coordinates": [ 105.8518135, 21.0357718 ] } },
{ "type": "Feature", "properties": { "osm_id": "6429760085", "code": 2301, "fclass": "restaurant", "name_left": null, "index_right": 0, "name_right": "Hanoi" }, "geometry": { "type": "Point", "coordinates": [ 105.8259437, 21.0659627 ] } },
{ "type": "Feature", "properties": { "osm_id": "6432124485", "code": 2301, "fclass": "restaurant", "name_left": "Đụt Quán - Ốc", "index_right": 0, "name_right": "Hanoi" }, "geometry": { "type": "Point", "coordinates": [ 105.8025668, 21.0129421 ] } },
{ "type": "Feature", "properties": { "osm_id": "6432341586", "code": 2301, "fclass": "restaurant", "name_left": null, "index_right": 0, "name_right": "Hanoi" }, "geometry": { "type": "Point", "coordinates": [ 105.8484936, 21.0362167 ] } },
{ "type": "Feature", "properties": { "osm_id": "6433573985", "code": 2301, "fclass": "restaurant", "name_left": null, "index_right": 0, "name_right": "Hanoi" }, "geometry": { "type": "Point", "coordinates": [ 105.8519418, 21.0372025 ] } },
{ "type": "Feature", "properties": { "osm_id": "6435152186", "code": 2301, "fclass": "restaurant", "name_left": null, "index_right": 0, "name_right": "Hanoi" }, "geometry": { "type": "Point", "coordinates": [ 105.847967, 21.0367909 ] } },
{ "type": "Feature", "properties": { "osm_id": "6437916085", "code": 2301, "fclass": "restaurant", "name_left": null, "index_right": 0, "name_right": "Hanoi" }, "geometry": { "type": "Point", "coordinates": [ 105.8519996, 21.0333652 ] } },
{ "type": "Feature", "properties": { "osm_id": "6440136186", "code": 2301, "fclass": "restaurant", "name_left": null, "index_right": 0, "name_right": "Hanoi" }, "geometry": { "type": "Point", "coordinates": [ 105.8490887, 21.0290919 ] } },
{ "type": "Feature", "properties": { "osm_id": "6440896388", "code": 2301, "fclass": "restaurant", "name_left": null, "index_right": 0, "name_right": "Hanoi" }, "geometry": { "type": "Point", "coordinates": [ 105.8444875, 21.0300789 ] } },
{ "type": "Feature", "properties": { "osm_id": "6442275885", "code": 2301, "fclass": "restaurant", "name_left": null, "index_right": 0, "name_right": "Hanoi" }, "geometry": { "type": "Point", "coordinates": [ 105.8494665, 21.0339497 ] } },
{ "type": "Feature", "properties": { "osm_id": "6442565685", "code": 2301, "fclass": "restaurant", "name_left": null, "index_right": 0, "name_right": "Hanoi" }, "geometry": { "type": "Point", "coordinates": [ 105.8478232, 21.0299639 ] } },
{ "type": "Feature", "properties": { "osm_id": "6442982885", "code": 2301, "fclass": "restaurant", "name_left": "Nhà Hàng Home Kitchen", "index_right": 0, "name_right": "Hanoi" }, "geometry": { "type": "Point", "coordinates": [ 105.8298665, 21.0580844 ] } },
{ "type": "Feature", "properties": { "osm_id": "6445009685", "code": 2301, "fclass": "restaurant", "name_left": null, "index_right": 0, "name_right": "Hanoi" }, "geometry": { "type": "Point", "coordinates": [ 105.84333, 21.0301491 ] } },
{ "type": "Feature", "properties": { "osm_id": "6445009885", "code": 2301, "fclass": "restaurant", "name_left": null, "index_right": 0, "name_right": "Hanoi" }, "geometry": { "type": "Point", "coordinates": [ 105.8434382, 21.0301309 ] } },
{ "type": "Feature", "properties": { "osm_id": "6447892486", "code": 2301, "fclass": "restaurant", "name_left": null, "index_right": 0, "name_right": "Hanoi" }, "geometry": { "type": "Point", "coordinates": [ 105.8439872, 21.0297459 ] } },
{ "type": "Feature", "properties": { "osm_id": "6447895985", "code": 2301, "fclass": "restaurant", "name_left": null, "index_right": 0, "name_right": "Hanoi" }, "geometry": { "type": "Point", "coordinates": [ 105.8443333, 21.0300108 ] } },
{ "type": "Feature", "properties": { "osm_id": "6447896085", "code": 2301, "fclass": "restaurant", "name_left": null, "index_right": 0, "name_right": "Hanoi" }, "geometry": { "type": "Point", "coordinates": [ 105.8444543, 21.0299439 ] } },
{ "type": "Feature", "properties": { "osm_id": "6447896185", "code": 2301, "fclass": "restaurant", "name_left": null, "index_right": 0, "name_right": "Hanoi" }, "geometry": { "type": "Point", "coordinates": [ 105.8439462, 21.0296907 ] } },
{ "type": "Feature", "properties": { "osm_id": "6447982187", "code": 2301, "fclass": "restaurant", "name_left": null, "index_right": 0, "name_right": "Hanoi" }, "geometry": { "type": "Point", "coordinates": [ 105.8469276, 21.0317722 ] } },
{ "type": "Feature", "properties": { "osm_id": "6448043686", "code": 2301, "fclass": "restaurant", "name_left": null, "index_right": 0, "name_right": "Hanoi" }, "geometry": { "type": "Point", "coordinates": [ 105.8469768, 21.0316635 ] } },
{ "type": "Feature", "properties": { "osm_id": "6448940987", "code": 2301, "fclass": "restaurant", "name_left": "Thắng Hằng (bún chả)", "index_right": 0, "name_right": "Hanoi" }, "geometry": { "type": "Point", "coordinates": [ 105.8374622, 21.0525413 ] } },
{ "type": "Feature", "properties": { "osm_id": "6451712889", "code": 2301, "fclass": "restaurant", "name_left": null, "index_right": 0, "name_right": "Hanoi" }, "geometry": { "type": "Point", "coordinates": [ 105.8465291, 21.0309929 ] } },
{ "type": "Feature", "properties": { "osm_id": "6458302485", "code": 2301, "fclass": "restaurant", "name_left": null, "index_right": 0, "name_right": "Hanoi" }, "geometry": { "type": "Point", "coordinates": [ 105.8709807, 21.0453827 ] } },
{ "type": "Feature", "properties": { "osm_id": "6458302486", "code": 2301, "fclass": "restaurant", "name_left": null, "index_right": 0, "name_right": "Hanoi" }, "geometry": { "type": "Point", "coordinates": [ 105.9343531, 21.0058882 ] } },
{ "type": "Feature", "properties": { "osm_id": "6458302585", "code": 2301, "fclass": "restaurant", "name_left": null, "index_right": 0, "name_right": "Hanoi" }, "geometry": { "type": "Point", "coordinates": [ 105.8726202, 21.0471451 ] } },
{ "type": "Feature", "properties": { "osm_id": "6462342285", "code": 2301, "fclass": "restaurant", "name_left": null, "index_right": 0, "name_right": "Hanoi" }, "geometry": { "type": "Point", "coordinates": [ 105.8482376, 21.0301665 ] } },
{ "type": "Feature", "properties": { "osm_id": "6462514385", "code": 2301, "fclass": "restaurant", "name_left": "Nhà Hàng Cháo Sườn Sụn 101", "index_right": 0, "name_right": "Hanoi" }, "geometry": { "type": "Point", "coordinates": [ 105.8263612, 21.0347612 ] } },
{ "type": "Feature", "properties": { "osm_id": "6466346985", "code": 2301, "fclass": "restaurant", "name_left": null, "index_right": 0, "name_right": "Hanoi" }, "geometry": { "type": "Point", "coordinates": [ 105.8458102, 21.0308435 ] } },
{ "type": "Feature", "properties": { "osm_id": "6466347085", "code": 2301, "fclass": "restaurant", "name_left": null, "index_right": 0, "name_right": "Hanoi" }, "geometry": { "type": "Point", "coordinates": [ 105.8462015, 21.0308363 ] } },
{ "type": "Feature", "properties": { "osm_id": "6466509649", "code": 2301, "fclass": "restaurant", "name_left": "Nhà Hàng Dimsum Hongkong", "index_right": 0, "name_right": "Hanoi" }, "geometry": { "type": "Point", "coordinates": [ 105.8536842, 21.0348295 ] } },
{ "type": "Feature", "properties": { "osm_id": "6466626246", "code": 2301, "fclass": "restaurant", "name_left": "V-Cuisine", "index_right": 0, "name_right": "Hanoi" }, "geometry": { "type": "Point", "coordinates": [ 105.8513089, 21.0349195 ] } },
{ "type": "Feature", "properties": { "osm_id": "6477774987", "code": 2301, "fclass": "restaurant", "name_left": "NYC Pizza", "index_right": 0, "name_right": "Hanoi" }, "geometry": { "type": "Point", "coordinates": [ 105.8535259, 21.0349168 ] } },
{ "type": "Feature", "properties": { "osm_id": "6483119385", "code": 2301, "fclass": "restaurant", "name_left": "Cơm Nấm Việt Hà Thành", "index_right": 0, "name_right": "Hanoi" }, "geometry": { "type": "Point", "coordinates": [ 105.8284746, 21.0189669 ] } },
{ "type": "Feature", "properties": { "osm_id": "6484939588", "code": 2301, "fclass": "restaurant", "name_left": null, "index_right": 0, "name_right": "Hanoi" }, "geometry": { "type": "Point", "coordinates": [ 105.8534433, 21.035679 ] } },
{ "type": "Feature", "properties": { "osm_id": "6484971687", "code": 2301, "fclass": "restaurant", "name_left": null, "index_right": 0, "name_right": "Hanoi" }, "geometry": { "type": "Point", "coordinates": [ 105.8367589, 21.0205212 ] } },
{ "type": "Feature", "properties": { "osm_id": "6488009486", "code": 2301, "fclass": "restaurant", "name_left": "Nhà Hàng CIAO", "index_right": 0, "name_right": "Hanoi" }, "geometry": { "type": "Point", "coordinates": [ 105.8276931, 21.0297106 ] } },
{ "type": "Feature", "properties": { "osm_id": "6491325486", "code": 2301, "fclass": "restaurant", "name_left": null, "index_right": 0, "name_right": "Hanoi" }, "geometry": { "type": "Point", "coordinates": [ 105.8755666, 21.0403491 ] } },
{ "type": "Feature", "properties": { "osm_id": "6496942485", "code": 2301, "fclass": "restaurant", "name_left": "Nhà Hàng Dim Sum Đại Hùng", "index_right": 0, "name_right": "Hanoi" }, "geometry": { "type": "Point", "coordinates": [ 105.8286661, 21.0188856 ] } },
{ "type": "Feature", "properties": { "osm_id": "6515867786", "code": 2301, "fclass": "restaurant", "name_left": "Bún Riêu Gánh", "index_right": 0, "name_right": "Hanoi" }, "geometry": { "type": "Point", "coordinates": [ 105.8440642, 21.040628 ] } },
{ "type": "Feature", "properties": { "osm_id": "6518159595", "code": 2301, "fclass": "restaurant", "name_left": "Tiem Com Mot Ngay Moi", "index_right": 0, "name_right": "Hanoi" }, "geometry": { "type": "Point", "coordinates": [ 105.8533683, 21.0347667 ] } },
{ "type": "Feature", "properties": { "osm_id": "6518159596", "code": 2301, "fclass": "restaurant", "name_left": "Nhà Hàng Ha Noi Xura", "index_right": 0, "name_right": "Hanoi" }, "geometry": { "type": "Point", "coordinates": [ 105.8530061, 21.0356026 ] } },
{ "type": "Feature", "properties": { "osm_id": "6520653785", "code": 2301, "fclass": "restaurant", "name_left": "Nhà Hàng Fresh Crab", "index_right": 0, "name_right": "Hanoi" }, "geometry": { "type": "Point", "coordinates": [ 105.8483076, 21.0206055 ] } },
{ "type": "Feature", "properties": { "osm_id": "6520665188", "code": 2301, "fclass": "restaurant", "name_left": "Thịt Quay Vạn Thanh", "index_right": 0, "name_right": "Hanoi" }, "geometry": { "type": "Point", "coordinates": [ 105.8503074, 21.0354808 ] } },
{ "type": "Feature", "properties": { "osm_id": "6521208885", "code": 2301, "fclass": "restaurant", "name_left": null, "index_right": 0, "name_right": "Hanoi" }, "geometry": { "type": "Point", "coordinates": [ 105.8051047, 21.023353 ] } },
{ "type": "Feature", "properties": { "osm_id": "6525781986", "code": 2301, "fclass": "restaurant", "name_left": "Nhà Hàng Home Hanoi", "index_right": 0, "name_right": "Hanoi" }, "geometry": { "type": "Point", "coordinates": [ 105.8424599, 21.0453801 ] } },
{ "type": "Feature", "properties": { "osm_id": "6532010485", "code": 2301, "fclass": "restaurant", "name_left": null, "index_right": 0, "name_right": "Hanoi" }, "geometry": { "type": "Point", "coordinates": [ 105.8070067, 21.0091135 ] } },
{ "type": "Feature", "properties": { "osm_id": "6533893985", "code": 2301, "fclass": "restaurant", "name_left": "Nhac cafe", "index_right": 0, "name_right": "Hanoi" }, "geometry": { "type": "Point", "coordinates": [ 105.855273, 21.0324152 ] } },
{ "type": "Feature", "properties": { "osm_id": "6533979925", "code": 2301, "fclass": "restaurant", "name_left": "Nhà Hàng Cutisun", "index_right": 0, "name_right": "Hanoi" }, "geometry": { "type": "Point", "coordinates": [ 105.8021181, 21.0109253 ] } },
{ "type": "Feature", "properties": { "osm_id": "6544086586", "code": 2301, "fclass": "restaurant", "name_left": "Nhà Hàng Viako Garden", "index_right": 0, "name_right": "Hanoi" }, "geometry": { "type": "Point", "coordinates": [ 105.8046017, 21.0101935 ] } },
{ "type": "Feature", "properties": { "osm_id": "6546414571", "code": 2301, "fclass": "restaurant", "name_left": "Bún Chả Thanh Hà", "index_right": 0, "name_right": "Hanoi" }, "geometry": { "type": "Point", "coordinates": [ 105.929219, 21.0975613 ] } },
{ "type": "Feature", "properties": { "osm_id": "6551006685", "code": 2301, "fclass": "restaurant", "name_left": "Nhà Hàng Nabesu", "index_right": 0, "name_right": "Hanoi" }, "geometry": { "type": "Point", "coordinates": [ 105.8045696, 21.0048395 ] } },
{ "type": "Feature", "properties": { "osm_id": "6551069588", "code": 2301, "fclass": "restaurant", "name_left": "Noble Moment", "index_right": 0, "name_right": "Hanoi" }, "geometry": { "type": "Point", "coordinates": [ 105.8029594, 21.009924 ] } },
{ "type": "Feature", "properties": { "osm_id": "6561157585", "code": 2301, "fclass": "restaurant", "name_left": "Le Monde Steak", "index_right": 0, "name_right": "Hanoi" }, "geometry": { "type": "Point", "coordinates": [ 105.8251792, 21.0193167 ] } },
{ "type": "Feature", "properties": { "osm_id": "6562291992", "code": 2301, "fclass": "restaurant", "name_left": "Nhà Hàng Cà Phê Hub", "index_right": 0, "name_right": "Hanoi" }, "geometry": { "type": "Point", "coordinates": [ 105.8233229, 21.0148346 ] } },
{ "type": "Feature", "properties": { "osm_id": "6565494685", "code": 2301, "fclass": "restaurant", "name_left": null, "index_right": 0, "name_right": "Hanoi" }, "geometry": { "type": "Point", "coordinates": [ 105.8026201, 21.0024716 ] } },
{ "type": "Feature", "properties": { "osm_id": "6572623644", "code": 2301, "fclass": "restaurant", "name_left": "Phở Hợp", "index_right": 0, "name_right": "Hanoi" }, "geometry": { "type": "Point", "coordinates": [ 105.8194703, 21.0436927 ] } },
{ "type": "Feature", "properties": { "osm_id": "6581045085", "code": 2301, "fclass": "restaurant", "name_left": "Nhà Hàng Ando", "index_right": 0, "name_right": "Hanoi" }, "geometry": { "type": "Point", "coordinates": [ 105.9121884, 20.9746321 ] } },
{ "type": "Feature", "properties": { "osm_id": "6581613985", "code": 2301, "fclass": "restaurant", "name_left": "Cửa Hàng Doner Kebab", "index_right": 0, "name_right": "Hanoi" }, "geometry": { "type": "Point", "coordinates": [ 105.8213505, 21.0121897 ] } },
{ "type": "Feature", "properties": { "osm_id": "6599909168", "code": 2301, "fclass": "restaurant", "name_left": null, "index_right": 0, "name_right": "Hanoi" }, "geometry": { "type": "Point", "coordinates": [ 105.8161075, 21.0785187 ] } },
{ "type": "Feature", "properties": { "osm_id": "6602476516", "code": 2301, "fclass": "restaurant", "name_left": "Nhà Hàng Ita Food", "index_right": 0, "name_right": "Hanoi" }, "geometry": { "type": "Point", "coordinates": [ 105.8470918, 21.0334265 ] } },
{ "type": "Feature", "properties": { "osm_id": "6602496036", "code": 2301, "fclass": "restaurant", "name_left": "Pho Hùng", "index_right": 0, "name_right": "Hanoi" }, "geometry": { "type": "Point", "coordinates": [ 105.8529542, 21.0254528 ] } },
{ "type": "Feature", "properties": { "osm_id": "6603275733", "code": 2301, "fclass": "restaurant", "name_left": "Nhà Hàng 92 Garden", "index_right": 0, "name_right": "Hanoi" }, "geometry": { "type": "Point", "coordinates": [ 105.8080883, 21.0589973 ] } },
{ "type": "Feature", "properties": { "osm_id": "6606142441", "code": 2301, "fclass": "restaurant", "name_left": "Nhà Hàng Hồ Tây Sushi", "index_right": 0, "name_right": "Hanoi" }, "geometry": { "type": "Point", "coordinates": [ 105.8180573, 21.0444866 ] } },
{ "type": "Feature", "properties": { "osm_id": "6609648487", "code": 2301, "fclass": "restaurant", "name_left": "Songhan BBQ", "index_right": 0, "name_right": "Hanoi" }, "geometry": { "type": "Point", "coordinates": [ 105.7911041, 20.9635725 ] } },
{ "type": "Feature", "properties": { "osm_id": "6609648488", "code": 2301, "fclass": "restaurant", "name_left": "Nhà Hàng Good Sun", "index_right": 0, "name_right": "Hanoi" }, "geometry": { "type": "Point", "coordinates": [ 105.8203802, 21.0126154 ] } },
{ "type": "Feature", "properties": { "osm_id": "6610502429", "code": 2301, "fclass": "restaurant", "name_left": "Jewel Diner", "index_right": 0, "name_right": "Hanoi" }, "geometry": { "type": "Point", "coordinates": [ 105.8163328, 21.0766766 ] } },
{ "type": "Feature", "properties": { "osm_id": "6611456185", "code": 2301, "fclass": "restaurant", "name_left": "Ốc Bông Quán", "index_right": 0, "name_right": "Hanoi" }, "geometry": { "type": "Point", "coordinates": [ 105.8566213, 21.0239287 ] } },
{ "type": "Feature", "properties": { "osm_id": "6611606687", "code": 2301, "fclass": "restaurant", "name_left": "Nhà Hàng Al Fresco's", "index_right": 0, "name_right": "Hanoi" }, "geometry": { "type": "Point", "coordinates": [ 105.8021421, 21.0092136 ] } },
{ "type": "Feature", "properties": { "osm_id": "6616671217", "code": 2301, "fclass": "restaurant", "name_left": "Phở Đường Tăng", "index_right": 0, "name_right": "Hanoi" }, "geometry": { "type": "Point", "coordinates": [ 105.8144635, 20.9926672 ] } },
{ "type": "Feature", "properties": { "osm_id": "6616774268", "code": 2301, "fclass": "restaurant", "name_left": "The Taj", "index_right": 0, "name_right": "Hanoi" }, "geometry": { "type": "Point", "coordinates": [ 105.8512898, 21.0356669 ] } },
{ "type": "Feature", "properties": { "osm_id": "6621989886", "code": 2301, "fclass": "restaurant", "name_left": null, "index_right": 0, "name_right": "Hanoi" }, "geometry": { "type": "Point", "coordinates": [ 105.8180999, 21.02593 ] } },
{ "type": "Feature", "properties": { "osm_id": "6628638085", "code": 2301, "fclass": "restaurant", "name_left": "Nhà Hàng Hương Mai", "index_right": 0, "name_right": "Hanoi" }, "geometry": { "type": "Point", "coordinates": [ 105.8040818, 21.0121151 ] } },
{ "type": "Feature", "properties": { "osm_id": "6632992935", "code": 2301, "fclass": "restaurant", "name_left": null, "index_right": 0, "name_right": "Hanoi" }, "geometry": { "type": "Point", "coordinates": [ 105.8529853, 21.0331209 ] } },
{ "type": "Feature", "properties": { "osm_id": "6638267047", "code": 2301, "fclass": "restaurant", "name_left": "One Piece", "index_right": 0, "name_right": "Hanoi" }, "geometry": { "type": "Point", "coordinates": [ 105.8054316, 21.016265 ] } },
{ "type": "Feature", "properties": { "osm_id": "6640326787", "code": 2301, "fclass": "restaurant", "name_left": "Nhà Hàng Local", "index_right": 0, "name_right": "Hanoi" }, "geometry": { "type": "Point", "coordinates": [ 105.8530643, 21.0353644 ] } },
{ "type": "Feature", "properties": { "osm_id": "6640901648", "code": 2301, "fclass": "restaurant", "name_left": "Quán Nướng ABéo", "index_right": 0, "name_right": "Hanoi" }, "geometry": { "type": "Point", "coordinates": [ 105.8290076, 21.0326627 ] } },
{ "type": "Feature", "properties": { "osm_id": "6640913832", "code": 2301, "fclass": "restaurant", "name_left": "Bún cá Văn", "index_right": 0, "name_right": "Hanoi" }, "geometry": { "type": "Point", "coordinates": [ 105.8395084, 21.0429002 ] } },
{ "type": "Feature", "properties": { "osm_id": "6656456339", "code": 2301, "fclass": "restaurant", "name_left": "Nhà Hàng Kaiba Sushi", "index_right": 0, "name_right": "Hanoi" }, "geometry": { "type": "Point", "coordinates": [ 105.8556502, 21.0211894 ] } },
{ "type": "Feature", "properties": { "osm_id": "6657810885", "code": 2301, "fclass": "restaurant", "name_left": "V-cuisine", "index_right": 0, "name_right": "Hanoi" }, "geometry": { "type": "Point", "coordinates": [ 105.851299, 21.0349909 ] } },
{ "type": "Feature", "properties": { "osm_id": "6658017286", "code": 2301, "fclass": "restaurant", "name_left": "ToCoToCo", "index_right": 0, "name_right": "Hanoi" }, "geometry": { "type": "Point", "coordinates": [ 105.8452161, 21.0010544 ] } },
{ "type": "Feature", "properties": { "osm_id": "6679645374", "code": 2301, "fclass": "restaurant", "name_left": "SUSHI GARDEN - NHÀ HÀNG NHẬT BẢN", "index_right": 0, "name_right": "Hanoi" }, "geometry": { "type": "Point", "coordinates": [ 105.8328594, 21.0129836 ] } },
{ "type": "Feature", "properties": { "osm_id": "6679712288", "code": 2301, "fclass": "restaurant", "name_left": "Phở Lý Quốc Sư", "index_right": 0, "name_right": "Hanoi" }, "geometry": { "type": "Point", "coordinates": [ 105.831105, 21.0109743 ] } },
{ "type": "Feature", "properties": { "osm_id": "6681348985", "code": 2301, "fclass": "restaurant", "name_left": "Nhà Hàng Món Huế", "index_right": 0, "name_right": "Hanoi" }, "geometry": { "type": "Point", "coordinates": [ 105.801052, 21.011719 ] } },
{ "type": "Feature", "properties": { "osm_id": "6682508516", "code": 2301, "fclass": "restaurant", "name_left": "Nhà Hàng Grill Mapa", "index_right": 0, "name_right": "Hanoi" }, "geometry": { "type": "Point", "coordinates": [ 105.7997975, 21.0163305 ] } },
{ "type": "Feature", "properties": { "osm_id": "6682554071", "code": 2301, "fclass": "restaurant", "name_left": "Cube Beefsteak & Drinks", "index_right": 0, "name_right": "Hanoi" }, "geometry": { "type": "Point", "coordinates": [ 105.8319741, 21.015498 ] } },
{ "type": "Feature", "properties": { "osm_id": "6685568161", "code": 2301, "fclass": "restaurant", "name_left": "Pizza Hut", "index_right": 0, "name_right": "Hanoi" }, "geometry": { "type": "Point", "coordinates": [ 105.8332166, 21.0260933 ] } },
{ "type": "Feature", "properties": { "osm_id": "6688119237", "code": 2301, "fclass": "restaurant", "name_left": null, "index_right": 0, "name_right": "Hanoi" }, "geometry": { "type": "Point", "coordinates": [ 105.805443, 21.0077019 ] } },
{ "type": "Feature", "properties": { "osm_id": "6689625508", "code": 2301, "fclass": "restaurant", "name_left": "Nộm Mai Nga", "index_right": 0, "name_right": "Hanoi" }, "geometry": { "type": "Point", "coordinates": [ 105.8528021, 21.0192721 ] } },
{ "type": "Feature", "properties": { "osm_id": "6690139595", "code": 2301, "fclass": "restaurant", "name_left": "Pizza Hut", "index_right": 0, "name_right": "Hanoi" }, "geometry": { "type": "Point", "coordinates": [ 105.8340501, 21.0139665 ] } },
{ "type": "Feature", "properties": { "osm_id": "6690844885", "code": 2301, "fclass": "restaurant", "name_left": null, "index_right": 0, "name_right": "Hanoi" }, "geometry": { "type": "Point", "coordinates": [ 105.8277712, 21.0662321 ] } },
{ "type": "Feature", "properties": { "osm_id": "6690848385", "code": 2301, "fclass": "restaurant", "name_left": null, "index_right": 0, "name_right": "Hanoi" }, "geometry": { "type": "Point", "coordinates": [ 105.8244438, 21.0632427 ] } },
{ "type": "Feature", "properties": { "osm_id": "6693830420", "code": 2301, "fclass": "restaurant", "name_left": "Trung Hoa Đệ Nhất Sủi Cảo", "index_right": 0, "name_right": "Hanoi" }, "geometry": { "type": "Point", "coordinates": [ 105.8123813, 21.0292976 ] } },
{ "type": "Feature", "properties": { "osm_id": "6696115885", "code": 2301, "fclass": "restaurant", "name_left": "Nhà Hàng Lanterne", "index_right": 0, "name_right": "Hanoi" }, "geometry": { "type": "Point", "coordinates": [ 105.8534813, 21.034417 ] } },
{ "type": "Feature", "properties": { "osm_id": "6698878885", "code": 2301, "fclass": "restaurant", "name_left": "Nhà Hàng Cugini", "index_right": 0, "name_right": "Hanoi" }, "geometry": { "type": "Point", "coordinates": [ 105.8224879, 21.0680065 ] } },
{ "type": "Feature", "properties": { "osm_id": "6698890634", "code": 2301, "fclass": "restaurant", "name_left": "Veggie Castle", "index_right": 0, "name_right": "Hanoi" }, "geometry": { "type": "Point", "coordinates": [ 105.8247552, 21.0709941 ] } },
{ "type": "Feature", "properties": { "osm_id": "6699204786", "code": 2301, "fclass": "restaurant", "name_left": "Bố Đế Quán", "index_right": 0, "name_right": "Hanoi" }, "geometry": { "type": "Point", "coordinates": [ 105.830883, 21.0672457 ] } },
{ "type": "Feature", "properties": { "osm_id": "6699668885", "code": 2301, "fclass": "restaurant", "name_left": null, "index_right": 0, "name_right": "Hanoi" }, "geometry": { "type": "Point", "coordinates": [ 105.7779818, 21.0497468 ] } },
{ "type": "Feature", "properties": { "osm_id": "6702180256", "code": 2301, "fclass": "restaurant", "name_left": "Nhà Hàng Mr Lee's Snack Bar", "index_right": 0, "name_right": "Hanoi" }, "geometry": { "type": "Point", "coordinates": [ 105.7952392, 21.0165573 ] } },
{ "type": "Feature", "properties": { "osm_id": "6705528525", "code": 2301, "fclass": "restaurant", "name_left": "Chợ Cô Dần - Cơm Sườn & Phá Lấu", "index_right": 0, "name_right": "Hanoi" }, "geometry": { "type": "Point", "coordinates": [ 105.8330408, 21.0132031 ] } },
{ "type": "Feature", "properties": { "osm_id": "6728910455", "code": 2301, "fclass": "restaurant", "name_left": "Nhà hàng Wen Xing HongKong", "index_right": 0, "name_right": "Hanoi" }, "geometry": { "type": "Point", "coordinates": [ 105.815518, 21.0160209 ] } },
{ "type": "Feature", "properties": { "osm_id": "6742138884", "code": 2301, "fclass": "restaurant", "name_left": "Phở Minh - Phở Gánh Hà Nội Xưa", "index_right": 0, "name_right": "Hanoi" }, "geometry": { "type": "Point", "coordinates": [ 105.8504705, 21.2618798 ] } },
{ "type": "Feature", "properties": { "osm_id": "6751621885", "code": 2301, "fclass": "restaurant", "name_left": "Quán Lẩu Bò", "index_right": 0, "name_right": "Hanoi" }, "geometry": { "type": "Point", "coordinates": [ 105.5318517, 21.1431758 ] } },
{ "type": "Feature", "properties": { "osm_id": "6776001092", "code": 2301, "fclass": "restaurant", "name_left": "Roma Pizza", "index_right": 0, "name_right": "Hanoi" }, "geometry": { "type": "Point", "coordinates": [ 105.8159781, 21.0139772 ] } },
{ "type": "Feature", "properties": { "osm_id": "6784112360", "code": 2301, "fclass": "restaurant", "name_left": "Tấm cuisine & Traditional house", "index_right": 0, "name_right": "Hanoi" }, "geometry": { "type": "Point", "coordinates": [ 105.8655285, 21.0636852 ] } },
{ "type": "Feature", "properties": { "osm_id": "6801285895", "code": 2301, "fclass": "restaurant", "name_left": "Nhà Hàng Cousins", "index_right": 0, "name_right": "Hanoi" }, "geometry": { "type": "Point", "coordinates": [ 105.807566, 21.0335261 ] } },
{ "type": "Feature", "properties": { "osm_id": "6807375326", "code": 2301, "fclass": "restaurant", "name_left": "Nhà Hàng Sio Sushi", "index_right": 0, "name_right": "Hanoi" }, "geometry": { "type": "Point", "coordinates": [ 105.8239549, 21.016746 ] } },
{ "type": "Feature", "properties": { "osm_id": "6811824695", "code": 2301, "fclass": "restaurant", "name_left": "Nhà Hàng & Cà Phê Joc", "index_right": 0, "name_right": "Hanoi" }, "geometry": { "type": "Point", "coordinates": [ 105.8585485, 21.0245982 ] } },
{ "type": "Feature", "properties": { "osm_id": "6811944358", "code": 2301, "fclass": "restaurant", "name_left": "Cửa Hàng Alo Bami - Breads & Drinks", "index_right": 0, "name_right": "Hanoi" }, "geometry": { "type": "Point", "coordinates": [ 105.7839299, 21.0010472 ] } },
{ "type": "Feature", "properties": { "osm_id": "6811944359", "code": 2301, "fclass": "restaurant", "name_left": "Phở Thiện", "index_right": 0, "name_right": "Hanoi" }, "geometry": { "type": "Point", "coordinates": [ 105.7827142, 21.0013778 ] } },
{ "type": "Feature", "properties": { "osm_id": "6818210326", "code": 2301, "fclass": "restaurant", "name_left": "Top of Hanoi", "index_right": 0, "name_right": "Hanoi" }, "geometry": { "type": "Point", "coordinates": [ 105.812702, 21.032209 ] } },
{ "type": "Feature", "properties": { "osm_id": "6821491086", "code": 2301, "fclass": "restaurant", "name_left": null, "index_right": 0, "name_right": "Hanoi" }, "geometry": { "type": "Point", "coordinates": [ 105.8483497, 21.0316631 ] } },
{ "type": "Feature", "properties": { "osm_id": "6822174389", "code": 2301, "fclass": "restaurant", "name_left": "Cơm 123", "index_right": 0, "name_right": "Hanoi" }, "geometry": { "type": "Point", "coordinates": [ 105.8317134, 21.0170339 ] } },
{ "type": "Feature", "properties": { "osm_id": "6842653487", "code": 2301, "fclass": "restaurant", "name_left": "Tâm Chay", "index_right": 0, "name_right": "Hanoi" }, "geometry": { "type": "Point", "coordinates": [ 105.7833007, 21.0098678 ] } },
{ "type": "Feature", "properties": { "osm_id": "6846162971", "code": 2301, "fclass": "restaurant", "name_left": "Nhà Hàng GoGi House", "index_right": 0, "name_right": "Hanoi" }, "geometry": { "type": "Point", "coordinates": [ 105.8245398, 20.9632669 ] } },
{ "type": "Feature", "properties": { "osm_id": "6846162972", "code": 2301, "fclass": "restaurant", "name_left": "Pizza Hut", "index_right": 0, "name_right": "Hanoi" }, "geometry": { "type": "Point", "coordinates": [ 105.8254261, 20.9634396 ] } },
{ "type": "Feature", "properties": { "osm_id": "6846224624", "code": 2301, "fclass": "restaurant", "name_left": "Nhà Hàng Kichi Kichi Linh Đàm", "index_right": 0, "name_right": "Hanoi" }, "geometry": { "type": "Point", "coordinates": [ 105.8228145, 20.9635729 ] } },
{ "type": "Feature", "properties": { "osm_id": "6856563730", "code": 2301, "fclass": "restaurant", "name_left": "Lẩu Cua Đồng Hai Lạc", "index_right": 0, "name_right": "Hanoi" }, "geometry": { "type": "Point", "coordinates": [ 105.8574669, 21.0163657 ] } },
{ "type": "Feature", "properties": { "osm_id": "6865517248", "code": 2301, "fclass": "restaurant", "name_left": "Nhà Hàng Binh Chung", "index_right": 0, "name_right": "Hanoi" }, "geometry": { "type": "Point", "coordinates": [ 105.8523089, 21.0182454 ] } },
{ "type": "Feature", "properties": { "osm_id": "6873081198", "code": 2301, "fclass": "restaurant", "name_left": "Nhà Hàng Chusa", "index_right": 0, "name_right": "Hanoi" }, "geometry": { "type": "Point", "coordinates": [ 105.8488515, 21.0289672 ] } },
{ "type": "Feature", "properties": { "osm_id": "6882889996", "code": 2301, "fclass": "restaurant", "name_left": "Vũ Kiều Tú / Sen Trang An / Cumulus", "index_right": 0, "name_right": "Hanoi" }, "geometry": { "type": "Point", "coordinates": [ 105.8539006, 21.0327728 ] } },
{ "type": "Feature", "properties": { "osm_id": "6884618306", "code": 2301, "fclass": "restaurant", "name_left": "Cơm Tấm Sài Gòn Thuỷ Linh Châu", "index_right": 0, "name_right": "Hanoi" }, "geometry": { "type": "Point", "coordinates": [ 105.8457616, 21.0275266 ] } },
{ "type": "Feature", "properties": { "osm_id": "6904450115", "code": 2301, "fclass": "restaurant", "name_left": "Umiga", "index_right": 0, "name_right": "Hanoi" }, "geometry": { "type": "Point", "coordinates": [ 105.8005476, 21.0676759 ] } },
{ "type": "Feature", "properties": { "osm_id": "6905745285", "code": 2301, "fclass": "restaurant", "name_left": null, "index_right": 0, "name_right": "Hanoi" }, "geometry": { "type": "Point", "coordinates": [ 105.8517746, 21.0131871 ] } },
{ "type": "Feature", "properties": { "osm_id": "6916346285", "code": 2301, "fclass": "restaurant", "name_left": null, "index_right": 0, "name_right": "Hanoi" }, "geometry": { "type": "Point", "coordinates": [ 105.9111172, 21.0640338 ] } },
{ "type": "Feature", "properties": { "osm_id": "6917372887", "code": 2301, "fclass": "restaurant", "name_left": "Nhà Hàng Chay Diệu Tâm", "index_right": 0, "name_right": "Hanoi" }, "geometry": { "type": "Point", "coordinates": [ 105.8206346, 21.0442736 ] } },
{ "type": "Feature", "properties": { "osm_id": "6917941497", "code": 2301, "fclass": "restaurant", "name_left": "Bánh Mì Thanh Tâm", "index_right": 0, "name_right": "Hanoi" }, "geometry": { "type": "Point", "coordinates": [ 105.9108668, 21.062542 ] } },
{ "type": "Feature", "properties": { "osm_id": "6917941539", "code": 2301, "fclass": "restaurant", "name_left": "Sam Cam", "index_right": 0, "name_right": "Hanoi" }, "geometry": { "type": "Point", "coordinates": [ 105.9102487, 21.0612726 ] } },
{ "type": "Feature", "properties": { "osm_id": "6919616678", "code": 2301, "fclass": "restaurant", "name_left": null, "index_right": 0, "name_right": "Hanoi" }, "geometry": { "type": "Point", "coordinates": [ 105.9115005, 21.0635903 ] } },
{ "type": "Feature", "properties": { "osm_id": "6919927686", "code": 2301, "fclass": "restaurant", "name_left": null, "index_right": 0, "name_right": "Hanoi" }, "geometry": { "type": "Point", "coordinates": [ 105.8486348, 21.0309471 ] } },
{ "type": "Feature", "properties": { "osm_id": "6924038636", "code": 2301, "fclass": "restaurant", "name_left": null, "index_right": 0, "name_right": "Hanoi" }, "geometry": { "type": "Point", "coordinates": [ 105.910663, 21.0621188 ] } },
{ "type": "Feature", "properties": { "osm_id": "6924038649", "code": 2301, "fclass": "restaurant", "name_left": "Tokyo deli", "index_right": 0, "name_right": "Hanoi" }, "geometry": { "type": "Point", "coordinates": [ 105.8549087, 21.0245599 ] } },
{ "type": "Feature", "properties": { "osm_id": "6924855571", "code": 2301, "fclass": "restaurant", "name_left": "Nhà Hàng Buffet Sen", "index_right": 0, "name_right": "Hanoi" }, "geometry": { "type": "Point", "coordinates": [ 105.8566919, 21.0246832 ] } },
{ "type": "Feature", "properties": { "osm_id": "6924902130", "code": 2301, "fclass": "restaurant", "name_left": null, "index_right": 0, "name_right": "Hanoi" }, "geometry": { "type": "Point", "coordinates": [ 105.9086164, 21.0599675 ] } },
{ "type": "Feature", "properties": { "osm_id": "6929060211", "code": 2301, "fclass": "restaurant", "name_left": "Làng Bia Quán Mộc", "index_right": 0, "name_right": "Hanoi" }, "geometry": { "type": "Point", "coordinates": [ 105.8651749, 21.0397465 ] } },
{ "type": "Feature", "properties": { "osm_id": "6932043360", "code": 2301, "fclass": "restaurant", "name_left": null, "index_right": 0, "name_right": "Hanoi" }, "geometry": { "type": "Point", "coordinates": [ 105.9070782, 21.066805 ] } },
{ "type": "Feature", "properties": { "osm_id": "6946996147", "code": 2301, "fclass": "restaurant", "name_left": "Shichifuku Hanoi", "index_right": 0, "name_right": "Hanoi" }, "geometry": { "type": "Point", "coordinates": [ 105.8068682, 21.0330453 ] } },
{ "type": "Feature", "properties": { "osm_id": "6957615503", "code": 2301, "fclass": "restaurant", "name_left": "Nhà Hàng Minci", "index_right": 0, "name_right": "Hanoi" }, "geometry": { "type": "Point", "coordinates": [ 105.846837, 21.0419785 ] } },
{ "type": "Feature", "properties": { "osm_id": "6975785986", "code": 2301, "fclass": "restaurant", "name_left": "Nhà Hàng Bodhi", "index_right": 0, "name_right": "Hanoi" }, "geometry": { "type": "Point", "coordinates": [ 105.8500931, 21.0218192 ] } },
{ "type": "Feature", "properties": { "osm_id": "6981936785", "code": 2301, "fclass": "restaurant", "name_left": "Sen Trang An William Cumulus restaurant", "index_right": 0, "name_right": "Hanoi" }, "geometry": { "type": "Point", "coordinates": [ 105.8439107, 21.0288811 ] } },
{ "type": "Feature", "properties": { "osm_id": "6987030985", "code": 2301, "fclass": "restaurant", "name_left": "Pizza 4P's", "index_right": 0, "name_right": "Hanoi" }, "geometry": { "type": "Point", "coordinates": [ 105.8501661, 21.0310879 ] } },
{ "type": "Feature", "properties": { "osm_id": "7012076142", "code": 2301, "fclass": "restaurant", "name_left": "Nhà Hàng Mai Ly 63", "index_right": 0, "name_right": "Hanoi" }, "geometry": { "type": "Point", "coordinates": [ 105.8514568, 21.03572 ] } },
{ "type": "Feature", "properties": { "osm_id": "7013061485", "code": 2301, "fclass": "restaurant", "name_left": "Nhà Hàng Jackbo", "index_right": 0, "name_right": "Hanoi" }, "geometry": { "type": "Point", "coordinates": [ 105.8474273, 21.0336927 ] } },
{ "type": "Feature", "properties": { "osm_id": "7018466485", "code": 2301, "fclass": "restaurant", "name_left": null, "index_right": 0, "name_right": "Hanoi" }, "geometry": { "type": "Point", "coordinates": [ 105.8489239, 21.0325341 ] } },
{ "type": "Feature", "properties": { "osm_id": "7018593385", "code": 2301, "fclass": "restaurant", "name_left": null, "index_right": 0, "name_right": "Hanoi" }, "geometry": { "type": "Point", "coordinates": [ 105.8626851, 21.0233497 ] } },
{ "type": "Feature", "properties": { "osm_id": "7018735686", "code": 2301, "fclass": "restaurant", "name_left": null, "index_right": 0, "name_right": "Hanoi" }, "geometry": { "type": "Point", "coordinates": [ 105.8467598, 21.0356262 ] } },
{ "type": "Feature", "properties": { "osm_id": "7019023780", "code": 2301, "fclass": "restaurant", "name_left": null, "index_right": 0, "name_right": "Hanoi" }, "geometry": { "type": "Point", "coordinates": [ 105.8583733, 21.0248759 ] } },
{ "type": "Feature", "properties": { "osm_id": "7022834186", "code": 2301, "fclass": "restaurant", "name_left": null, "index_right": 0, "name_right": "Hanoi" }, "geometry": { "type": "Point", "coordinates": [ 105.8510862, 21.0355773 ] } },
{ "type": "Feature", "properties": { "osm_id": "7023770386", "code": 2301, "fclass": "restaurant", "name_left": "Bánh Xèo Bizon - Chợ Đêm Đồng Xuân", "index_right": 0, "name_right": "Hanoi" }, "geometry": { "type": "Point", "coordinates": [ 105.8493293, 21.0386492 ] } },
{ "type": "Feature", "properties": { "osm_id": "7025533318", "code": 2301, "fclass": "restaurant", "name_left": "Giang Nam Restaurant", "index_right": 0, "name_right": "Hanoi" }, "geometry": { "type": "Point", "coordinates": [ 105.848427, 21.0337076 ] } },
{ "type": "Feature", "properties": { "osm_id": "7025957986", "code": 2301, "fclass": "restaurant", "name_left": "Nha Hàng Hạnh Ngan Dé", "index_right": 0, "name_right": "Hanoi" }, "geometry": { "type": "Point", "coordinates": [ 105.8426401, 21.0429593 ] } },
{ "type": "Feature", "properties": { "osm_id": "7025965385", "code": 2301, "fclass": "restaurant", "name_left": "Bún Chả", "index_right": 0, "name_right": "Hanoi" }, "geometry": { "type": "Point", "coordinates": [ 105.8489735, 21.0324643 ] } },
{ "type": "Feature", "properties": { "osm_id": "7031712923", "code": 2301, "fclass": "restaurant", "name_left": null, "index_right": 0, "name_right": "Hanoi" }, "geometry": { "type": "Point", "coordinates": [ 105.8408929, 21.0459439 ] } },
{ "type": "Feature", "properties": { "osm_id": "7036328685", "code": 2301, "fclass": "restaurant", "name_left": null, "index_right": 0, "name_right": "Hanoi" }, "geometry": { "type": "Point", "coordinates": [ 105.8219233, 21.0387977 ] } },
{ "type": "Feature", "properties": { "osm_id": "7046989085", "code": 2301, "fclass": "restaurant", "name_left": null, "index_right": 0, "name_right": "Hanoi" }, "geometry": { "type": "Point", "coordinates": [ 105.8485659, 21.0338361 ] } },
{ "type": "Feature", "properties": { "osm_id": "7052244688", "code": 2301, "fclass": "restaurant", "name_left": null, "index_right": 0, "name_right": "Hanoi" }, "geometry": { "type": "Point", "coordinates": [ 105.8527951, 21.0368065 ] } },
{ "type": "Feature", "properties": { "osm_id": "7055897074", "code": 2301, "fclass": "restaurant", "name_left": "Nhà Hàng Đồi Thông", "index_right": 0, "name_right": "Hanoi" }, "geometry": { "type": "Point", "coordinates": [ 105.5769205, 20.9131819 ] } },
{ "type": "Feature", "properties": { "osm_id": "7055897253", "code": 2301, "fclass": "restaurant", "name_left": "Nhà hàng Phương Linh", "index_right": 0, "name_right": "Hanoi" }, "geometry": { "type": "Point", "coordinates": [ 105.8184264, 20.9811601 ] } },
{ "type": "Feature", "properties": { "osm_id": "7055931225", "code": 2301, "fclass": "restaurant", "name_left": "Nhà hàng Thảo Nguyên 2", "index_right": 0, "name_right": "Hanoi" }, "geometry": { "type": "Point", "coordinates": [ 105.8296565, 20.9844454 ] } },
{ "type": "Feature", "properties": { "osm_id": "7055939354", "code": 2301, "fclass": "restaurant", "name_left": "Nhà Hàng A Sửu", "index_right": 0, "name_right": "Hanoi" }, "geometry": { "type": "Point", "coordinates": [ 105.5730273, 20.908252 ] } },
{ "type": "Feature", "properties": { "osm_id": "7055939499", "code": 2301, "fclass": "restaurant", "name_left": "Nhà Hàng Lăng Kiên", "index_right": 0, "name_right": "Hanoi" }, "geometry": { "type": "Point", "coordinates": [ 105.5733137, 20.907398 ] } },
{ "type": "Feature", "properties": { "osm_id": "7055939500", "code": 2301, "fclass": "restaurant", "name_left": "Nhà Hàng Đồng Quê", "index_right": 0, "name_right": "Hanoi" }, "geometry": { "type": "Point", "coordinates": [ 105.5809984, 20.8926476 ] } },
{ "type": "Feature", "properties": { "osm_id": "7055939501", "code": 2301, "fclass": "restaurant", "name_left": "Nhà Hàng Dê Duy Hùng", "index_right": 0, "name_right": "Hanoi" }, "geometry": { "type": "Point", "coordinates": [ 105.5809347, 20.8923734 ] } },
{ "type": "Feature", "properties": { "osm_id": "7055939502", "code": 2301, "fclass": "restaurant", "name_left": "Quán Kệ", "index_right": 0, "name_right": "Hanoi" }, "geometry": { "type": "Point", "coordinates": [ 105.5806603, 20.8914735 ] } },
{ "type": "Feature", "properties": { "osm_id": "7055939503", "code": 2301, "fclass": "restaurant", "name_left": "Gà Mạnh Hoạch", "index_right": 0, "name_right": "Hanoi" }, "geometry": { "type": "Point", "coordinates": [ 105.5808645, 20.8917297 ] } },
{ "type": "Feature", "properties": { "osm_id": "7055939507", "code": 2301, "fclass": "restaurant", "name_left": "Nhà Hàng Pacific", "index_right": 0, "name_right": "Hanoi" }, "geometry": { "type": "Point", "coordinates": [ 105.5779268, 20.9067379 ] } },
{ "type": "Feature", "properties": { "osm_id": "7055939508", "code": 2301, "fclass": "restaurant", "name_left": "Nhà Hàng Hải Hà", "index_right": 0, "name_right": "Hanoi" }, "geometry": { "type": "Point", "coordinates": [ 105.5775186, 20.9104803 ] } },
{ "type": "Feature", "properties": { "osm_id": "7055963340", "code": 2301, "fclass": "restaurant", "name_left": "nhà hàng hoàng đạt", "index_right": 0, "name_right": "Hanoi" }, "geometry": { "type": "Point", "coordinates": [ 105.8040871, 20.9914321 ] } },
{ "type": "Feature", "properties": { "osm_id": "7055968812", "code": 2301, "fclass": "restaurant", "name_left": "quán ăn vân anh", "index_right": 0, "name_right": "Hanoi" }, "geometry": { "type": "Point", "coordinates": [ 105.808954, 20.9893521 ] } },
{ "type": "Feature", "properties": { "osm_id": "7055985628", "code": 2301, "fclass": "restaurant", "name_left": "Ba Ba Sơn Đông", "index_right": 0, "name_right": "Hanoi" }, "geometry": { "type": "Point", "coordinates": [ 105.7888949, 21.0346219 ] } },
{ "type": "Feature", "properties": { "osm_id": "7055986053", "code": 2301, "fclass": "restaurant", "name_left": "Nhà hàng Gà Cựa", "index_right": 0, "name_right": "Hanoi" }, "geometry": { "type": "Point", "coordinates": [ 105.7870396, 21.0308504 ] } },
{ "type": "Feature", "properties": { "osm_id": "7055990037", "code": 2301, "fclass": "restaurant", "name_left": "Nhà hàng Habit BBQ", "index_right": 0, "name_right": "Hanoi" }, "geometry": { "type": "Point", "coordinates": [ 105.7879368, 21.0331281 ] } },
{ "type": "Feature", "properties": { "osm_id": "7056001845", "code": 2301, "fclass": "restaurant", "name_left": "Quán Bún Miến Ngan Số 10", "index_right": 0, "name_right": "Hanoi" }, "geometry": { "type": "Point", "coordinates": [ 105.7952203, 21.0349212 ] } },
{ "type": "Feature", "properties": { "osm_id": "7056002812", "code": 2301, "fclass": "restaurant", "name_left": "Cửa Hàng Gà Tươi Mạnh Hoạch", "index_right": 0, "name_right": "Hanoi" }, "geometry": { "type": "Point", "coordinates": [ 105.8081482, 20.9857922 ] } },
{ "type": "Feature", "properties": { "osm_id": "7056010045", "code": 2301, "fclass": "restaurant", "name_left": "Cơm Tấm Tường Hân", "index_right": 0, "name_right": "Hanoi" }, "geometry": { "type": "Point", "coordinates": [ 105.7862349, 21.0309756 ] } },
{ "type": "Feature", "properties": { "osm_id": "7056013975", "code": 2301, "fclass": "restaurant", "name_left": "Bún Ngan Chùa Hà", "index_right": 0, "name_right": "Hanoi" }, "geometry": { "type": "Point", "coordinates": [ 105.7951217, 21.0348842 ] } },
{ "type": "Feature", "properties": { "osm_id": "7056022256", "code": 2301, "fclass": "restaurant", "name_left": "Cá Thùy Linh", "index_right": 0, "name_right": "Hanoi" }, "geometry": { "type": "Point", "coordinates": [ 105.7888821, 21.0345704 ] } },
{ "type": "Feature", "properties": { "osm_id": "7056027929", "code": 2301, "fclass": "restaurant", "name_left": "Bún Chả Sinh Từ", "index_right": 0, "name_right": "Hanoi" }, "geometry": { "type": "Point", "coordinates": [ 105.7889104, 21.0346716 ] } },
{ "type": "Feature", "properties": { "osm_id": "7056037715", "code": 2301, "fclass": "restaurant", "name_left": "thịt mát MEAT - DELI", "index_right": 0, "name_right": "Hanoi" }, "geometry": { "type": "Point", "coordinates": [ 105.8100306, 20.9861094 ] } },
{ "type": "Feature", "properties": { "osm_id": "7056042399", "code": 2301, "fclass": "restaurant", "name_left": "phở gà Minh Vũ", "index_right": 0, "name_right": "Hanoi" }, "geometry": { "type": "Point", "coordinates": [ 105.8112437, 20.9861756 ] } },
{ "type": "Feature", "properties": { "osm_id": "7070872186", "code": 2301, "fclass": "restaurant", "name_left": null, "index_right": 0, "name_right": "Hanoi" }, "geometry": { "type": "Point", "coordinates": [ 105.8480342, 21.0376034 ] } },
{ "type": "Feature", "properties": { "osm_id": "7076962085", "code": 2301, "fclass": "restaurant", "name_left": "Pizza Hut", "index_right": 0, "name_right": "Hanoi" }, "geometry": { "type": "Point", "coordinates": [ 105.8079019, 21.0622848 ] } },
{ "type": "Feature", "properties": { "osm_id": "7089810485", "code": 2301, "fclass": "restaurant", "name_left": "Lẩu Ốc Bún Ốc Gia Truyền Khương Thượng", "index_right": 0, "name_right": "Hanoi" }, "geometry": { "type": "Point", "coordinates": [ 105.8294948, 20.9963442 ] } },
{ "type": "Feature", "properties": { "osm_id": "7106156785", "code": 2301, "fclass": "restaurant", "name_left": null, "index_right": 0, "name_right": "Hanoi" }, "geometry": { "type": "Point", "coordinates": [ 105.8463714, 21.0347378 ] } },
{ "type": "Feature", "properties": { "osm_id": "7106180685", "code": 2301, "fclass": "restaurant", "name_left": null, "index_right": 0, "name_right": "Hanoi" }, "geometry": { "type": "Point", "coordinates": [ 105.845966, 21.0347893 ] } },
{ "type": "Feature", "properties": { "osm_id": "7106402985", "code": 2301, "fclass": "restaurant", "name_left": null, "index_right": 0, "name_right": "Hanoi" }, "geometry": { "type": "Point", "coordinates": [ 105.8503043, 21.0329325 ] } },
{ "type": "Feature", "properties": { "osm_id": "7106593486", "code": 2301, "fclass": "restaurant", "name_left": "Cơm - Phở Chay Từ Bi", "index_right": 0, "name_right": "Hanoi" }, "geometry": { "type": "Point", "coordinates": [ 105.8398964, 21.0491199 ] } },
{ "type": "Feature", "properties": { "osm_id": "7107497485", "code": 2301, "fclass": "restaurant", "name_left": null, "index_right": 0, "name_right": "Hanoi" }, "geometry": { "type": "Point", "coordinates": [ 105.8564535, 21.0225776 ] } },
{ "type": "Feature", "properties": { "osm_id": "7108513486", "code": 2301, "fclass": "restaurant", "name_left": null, "index_right": 0, "name_right": "Hanoi" }, "geometry": { "type": "Point", "coordinates": [ 105.8500653, 21.0311152 ] } },
{ "type": "Feature", "properties": { "osm_id": "7112196485", "code": 2301, "fclass": "restaurant", "name_left": "RueDuCamp Quán cà phê", "index_right": 0, "name_right": "Hanoi" }, "geometry": { "type": "Point", "coordinates": [ 105.8448225, 21.0279649 ] } },
{ "type": "Feature", "properties": { "osm_id": "7113990385", "code": 2301, "fclass": "restaurant", "name_left": null, "index_right": 0, "name_right": "Hanoi" }, "geometry": { "type": "Point", "coordinates": [ 105.8504197, 21.032449 ] } },
{ "type": "Feature", "properties": { "osm_id": "7114448486", "code": 2301, "fclass": "restaurant", "name_left": "Nhà Hàng Eat List", "index_right": 0, "name_right": "Hanoi" }, "geometry": { "type": "Point", "coordinates": [ 105.8479751, 21.0334227 ] } },
{ "type": "Feature", "properties": { "osm_id": "7123582887", "code": 2301, "fclass": "restaurant", "name_left": "Nhà Hàng La Place", "index_right": 0, "name_right": "Hanoi" }, "geometry": { "type": "Point", "coordinates": [ 105.8492203, 21.0291372 ] } },
{ "type": "Feature", "properties": { "osm_id": "7123926285", "code": 2301, "fclass": "restaurant", "name_left": null, "index_right": 0, "name_right": "Hanoi" }, "geometry": { "type": "Point", "coordinates": [ 105.8515799, 21.0323571 ] } },
{ "type": "Feature", "properties": { "osm_id": "7132507186", "code": 2301, "fclass": "restaurant", "name_left": null, "index_right": 0, "name_right": "Hanoi" }, "geometry": { "type": "Point", "coordinates": [ 105.8533376, 21.0352458 ] } },
{ "type": "Feature", "properties": { "osm_id": "7138184861", "code": 2301, "fclass": "restaurant", "name_left": "Phương Sự", "index_right": 0, "name_right": "Hanoi" }, "geometry": { "type": "Point", "coordinates": [ 105.6453039, 20.8146493 ] } },
{ "type": "Feature", "properties": { "osm_id": "7138184862", "code": 2301, "fclass": "restaurant", "name_left": "Nhà Hàng Khánh Phương", "index_right": 0, "name_right": "Hanoi" }, "geometry": { "type": "Point", "coordinates": [ 105.6449731, 20.8143159 ] } },
{ "type": "Feature", "properties": { "osm_id": "7140198187", "code": 2301, "fclass": "restaurant", "name_left": null, "index_right": 0, "name_right": "Hanoi" }, "geometry": { "type": "Point", "coordinates": [ 105.8542411, 21.0203602 ] } },
{ "type": "Feature", "properties": { "osm_id": "7140198385", "code": 2301, "fclass": "restaurant", "name_left": "Nhà Hàng Luk Lak", "index_right": 0, "name_right": "Hanoi" }, "geometry": { "type": "Point", "coordinates": [ 105.8575276, 21.0225054 ] } },
{ "type": "Feature", "properties": { "osm_id": "7142716803", "code": 2301, "fclass": "restaurant", "name_left": "Sky Lake", "index_right": 0, "name_right": "Hanoi" }, "geometry": { "type": "Point", "coordinates": [ 105.6190529, 20.8344011 ] } },
{ "type": "Feature", "properties": { "osm_id": "7159315198", "code": 2301, "fclass": "restaurant", "name_left": "Nhà Hàng El Gaucho", "index_right": 0, "name_right": "Hanoi" }, "geometry": { "type": "Point", "coordinates": [ 105.8262935, 21.066513 ] } },
{ "type": "Feature", "properties": { "osm_id": "7162750209", "code": 2301, "fclass": "restaurant", "name_left": "Chè Hai Lúa", "index_right": 0, "name_right": "Hanoi" }, "geometry": { "type": "Point", "coordinates": [ 105.8646257, 21.0088574 ] } },
{ "type": "Feature", "properties": { "osm_id": "7164305620", "code": 2301, "fclass": "restaurant", "name_left": "Phuc Lam", "index_right": 0, "name_right": "Hanoi" }, "geometry": { "type": "Point", "coordinates": [ 105.8520775, 21.0351875 ] } },
{ "type": "Feature", "properties": { "osm_id": "7164329169", "code": 2301, "fclass": "restaurant", "name_left": "Xoài Xoài", "index_right": 0, "name_right": "Hanoi" }, "geometry": { "type": "Point", "coordinates": [ 105.8520958, 21.0352177 ] } },
{ "type": "Feature", "properties": { "osm_id": "7164330038", "code": 2301, "fclass": "restaurant", "name_left": "Nhà Hàng Green Farm", "index_right": 0, "name_right": "Hanoi" }, "geometry": { "type": "Point", "coordinates": [ 105.8528077, 21.0357504 ] } },
{ "type": "Feature", "properties": { "osm_id": "7165775485", "code": 2301, "fclass": "restaurant", "name_left": null, "index_right": 0, "name_right": "Hanoi" }, "geometry": { "type": "Point", "coordinates": [ 105.7936004, 21.0418207 ] } },
{ "type": "Feature", "properties": { "osm_id": "7168561626", "code": 2301, "fclass": "restaurant", "name_left": "Sadhu", "index_right": 0, "name_right": "Hanoi" }, "geometry": { "type": "Point", "coordinates": [ 105.8424463, 21.0255335 ] } },
{ "type": "Feature", "properties": { "osm_id": "7168577369", "code": 2301, "fclass": "restaurant", "name_left": "Vegan Banh Mi", "index_right": 0, "name_right": "Hanoi" }, "geometry": { "type": "Point", "coordinates": [ 105.8481686, 21.0222878 ] } },
{ "type": "Feature", "properties": { "osm_id": "7168579669", "code": 2301, "fclass": "restaurant", "name_left": "Nhà Hàng Minh Chay", "index_right": 0, "name_right": "Hanoi" }, "geometry": { "type": "Point", "coordinates": [ 105.8534559, 21.0356491 ] } },
{ "type": "Feature", "properties": { "osm_id": "7168595490", "code": 2301, "fclass": "restaurant", "name_left": "Thuc Duong Tinh Tam", "index_right": 0, "name_right": "Hanoi" }, "geometry": { "type": "Point", "coordinates": [ 105.8234974, 21.0148742 ] } },
{ "type": "Feature", "properties": { "osm_id": "7174913186", "code": 2301, "fclass": "restaurant", "name_left": null, "index_right": 0, "name_right": "Hanoi" }, "geometry": { "type": "Point", "coordinates": [ 105.843243, 21.0432808 ] } },
{ "type": "Feature", "properties": { "osm_id": "7176625569", "code": 2301, "fclass": "restaurant", "name_left": "Teddy's", "index_right": 0, "name_right": "Hanoi" }, "geometry": { "type": "Point", "coordinates": [ 105.8488512, 21.0236474 ] } },
{ "type": "Feature", "properties": { "osm_id": "7176643237", "code": 2301, "fclass": "restaurant", "name_left": "Nhà Hàng Gimbap House", "index_right": 0, "name_right": "Hanoi" }, "geometry": { "type": "Point", "coordinates": [ 105.8448551, 21.0267988 ] } },
{ "type": "Feature", "properties": { "osm_id": "7176669037", "code": 2301, "fclass": "restaurant", "name_left": "Nhà Hàng La Chapelle", "index_right": 0, "name_right": "Hanoi" }, "geometry": { "type": "Point", "coordinates": [ 105.8489791, 21.0290308 ] } },
{ "type": "Feature", "properties": { "osm_id": "7176883284", "code": 2301, "fclass": "restaurant", "name_left": null, "index_right": 0, "name_right": "Hanoi" }, "geometry": { "type": "Point", "coordinates": [ 105.8511678, 21.0350147 ] } },
{ "type": "Feature", "properties": { "osm_id": "7177118185", "code": 2301, "fclass": "restaurant", "name_left": "Nhà Hàng Nam Bít Tết", "index_right": 0, "name_right": "Hanoi" }, "geometry": { "type": "Point", "coordinates": [ 105.8509018, 21.0357579 ] } },
{ "type": "Feature", "properties": { "osm_id": "7178789529", "code": 2301, "fclass": "restaurant", "name_left": null, "index_right": 0, "name_right": "Hanoi" }, "geometry": { "type": "Point", "coordinates": [ 105.8945395, 21.092934 ] } },
{ "type": "Feature", "properties": { "osm_id": "7178947922", "code": 2301, "fclass": "restaurant", "name_left": null, "index_right": 0, "name_right": "Hanoi" }, "geometry": { "type": "Point", "coordinates": [ 105.8529465, 21.0347789 ] } },
{ "type": "Feature", "properties": { "osm_id": "7181130685", "code": 2301, "fclass": "restaurant", "name_left": "Kaoya", "index_right": 0, "name_right": "Hanoi" }, "geometry": { "type": "Point", "coordinates": [ 105.8504975, 21.0355373 ] } },
{ "type": "Feature", "properties": { "osm_id": "7192113286", "code": 2301, "fclass": "restaurant", "name_left": "Pho Vinh Thinh", "index_right": 0, "name_right": "Hanoi" }, "geometry": { "type": "Point", "coordinates": [ 105.7839673, 21.031325 ] } },
{ "type": "Feature", "properties": { "osm_id": "7202784581", "code": 2301, "fclass": "restaurant", "name_left": null, "index_right": 0, "name_right": "Hanoi" }, "geometry": { "type": "Point", "coordinates": [ 105.8537433, 21.0356228 ] } },
{ "type": "Feature", "properties": { "osm_id": "7204095885", "code": 2301, "fclass": "restaurant", "name_left": "Quan Com Pho", "index_right": 0, "name_right": "Hanoi" }, "geometry": { "type": "Point", "coordinates": [ 105.8538338, 21.0179123 ] } },
{ "type": "Feature", "properties": { "osm_id": "7205103886", "code": 2301, "fclass": "restaurant", "name_left": null, "index_right": 0, "name_right": "Hanoi" }, "geometry": { "type": "Point", "coordinates": [ 105.8493646, 21.0294309 ] } },
{ "type": "Feature", "properties": { "osm_id": "7205751930", "code": 2301, "fclass": "restaurant", "name_left": "Nhà Hàng Ầu Ơ Bếp Việt", "index_right": 0, "name_right": "Hanoi" }, "geometry": { "type": "Point", "coordinates": [ 105.8566874, 21.0213654 ] } },
{ "type": "Feature", "properties": { "osm_id": "7213953186", "code": 2301, "fclass": "restaurant", "name_left": "Bún Bò Huế O Xuân", "index_right": 0, "name_right": "Hanoi" }, "geometry": { "type": "Point", "coordinates": [ 105.8494322, 21.0245245 ] } },
{ "type": "Feature", "properties": { "osm_id": "7217547685", "code": 2301, "fclass": "restaurant", "name_left": "Pho Thìn", "index_right": 0, "name_right": "Hanoi" }, "geometry": { "type": "Point", "coordinates": [ 105.845147, 21.0251921 ] } },
{ "type": "Feature", "properties": { "osm_id": "7231903687", "code": 2301, "fclass": "restaurant", "name_left": "Quinza - 15A Ngoc Thuy", "index_right": 0, "name_right": "Hanoi" }, "geometry": { "type": "Point", "coordinates": [ 105.8649889, 21.0463222 ] } },
{ "type": "Feature", "properties": { "osm_id": "7232139885", "code": 2301, "fclass": "restaurant", "name_left": "Cửa Hàng Bún Chả 77", "index_right": 0, "name_right": "Hanoi" }, "geometry": { "type": "Point", "coordinates": [ 105.8343464, 21.065179 ] } },
{ "type": "Feature", "properties": { "osm_id": "7236967785", "code": 2301, "fclass": "restaurant", "name_left": null, "index_right": 0, "name_right": "Hanoi" }, "geometry": { "type": "Point", "coordinates": [ 105.8517516, 21.0372265 ] } },
{ "type": "Feature", "properties": { "osm_id": "7244252685", "code": 2301, "fclass": "restaurant", "name_left": "S cafe", "index_right": 0, "name_right": "Hanoi" }, "geometry": { "type": "Point", "coordinates": [ 105.851847, 21.0344524 ] } },
{ "type": "Feature", "properties": { "osm_id": "7265622785", "code": 2301, "fclass": "restaurant", "name_left": "Ying and Yang", "index_right": 0, "name_right": "Hanoi" }, "geometry": { "type": "Point", "coordinates": [ 105.8458076, 21.0422183 ] } },
{ "type": "Feature", "properties": { "osm_id": "7333832605", "code": 2301, "fclass": "restaurant", "name_left": "Quỳnh Quán", "index_right": 0, "name_right": "Hanoi" }, "geometry": { "type": "Point", "coordinates": [ 105.8202606, 20.9735521 ] } },
{ "type": "Feature", "properties": { "osm_id": "7491700986", "code": 2301, "fclass": "restaurant", "name_left": null, "index_right": 0, "name_right": "Hanoi" }, "geometry": { "type": "Point", "coordinates": [ 105.8468916, 21.0345287 ] } },
{ "type": "Feature", "properties": { "osm_id": "7505130585", "code": 2301, "fclass": "restaurant", "name_left": "Nhà Hàng Nhất Linh - Gà Tươi Mạnh Hoạch", "index_right": 0, "name_right": "Hanoi" }, "geometry": { "type": "Point", "coordinates": [ 105.8120339, 21.0185317 ] } },
{ "type": "Feature", "properties": { "osm_id": "7516955870", "code": 2301, "fclass": "restaurant", "name_left": "Bún Chả Sinh Từ", "index_right": 0, "name_right": "Hanoi" }, "geometry": { "type": "Point", "coordinates": [ 105.8195072, 21.014312 ] } },
{ "type": "Feature", "properties": { "osm_id": "7516955871", "code": 2301, "fclass": "restaurant", "name_left": "Bún Chả Sinh Từ", "index_right": 0, "name_right": "Hanoi" }, "geometry": { "type": "Point", "coordinates": [ 105.8311756, 21.0110316 ] } },
{ "type": "Feature", "properties": { "osm_id": "7612528482", "code": 2301, "fclass": "restaurant", "name_left": "Nhà hàng San Hô Đỏ", "index_right": 0, "name_right": "Hanoi" }, "geometry": { "type": "Point", "coordinates": [ 105.8350604, 21.0062988 ] } },
{ "type": "Feature", "properties": { "osm_id": "7621698685", "code": 2301, "fclass": "restaurant", "name_left": "Quan Ngon nha Ham", "index_right": 0, "name_right": "Hanoi" }, "geometry": { "type": "Point", "coordinates": [ 105.8521901, 21.025736 ] } },
{ "type": "Feature", "properties": { "osm_id": "7622285286", "code": 2301, "fclass": "restaurant", "name_left": "Nem Lụi Huế", "index_right": 0, "name_right": "Hanoi" }, "geometry": { "type": "Point", "coordinates": [ 105.8343773, 21.0430161 ] } },
{ "type": "Feature", "properties": { "osm_id": "7631319085", "code": 2301, "fclass": "restaurant", "name_left": "Nem Nướng Xuân Dần", "index_right": 0, "name_right": "Hanoi" }, "geometry": { "type": "Point", "coordinates": [ 105.8265043, 21.0348474 ] } },
{ "type": "Feature", "properties": { "osm_id": "7644944385", "code": 2301, "fclass": "restaurant", "name_left": "Nhà Hàng Long Vi Dung", "index_right": 0, "name_right": "Hanoi" }, "geometry": { "type": "Point", "coordinates": [ 105.853245, 21.0320367 ] } },
{ "type": "Feature", "properties": { "osm_id": "7673780895", "code": 2301, "fclass": "restaurant", "name_left": "Nhà Hàng Gia Đình Âu Lạc", "index_right": 0, "name_right": "Hanoi" }, "geometry": { "type": "Point", "coordinates": [ 105.8486283, 21.0294867 ] } },
{ "type": "Feature", "properties": { "osm_id": "7690141685", "code": 2301, "fclass": "restaurant", "name_left": "Quan Bun Dau Trung Huong", "index_right": 0, "name_right": "Hanoi" }, "geometry": { "type": "Point", "coordinates": [ 105.8539542, 21.034058 ] } },
{ "type": "Feature", "properties": { "osm_id": "7690438058", "code": 2301, "fclass": "restaurant", "name_left": "Phở Thái Tử", "index_right": 0, "name_right": "Hanoi" }, "geometry": { "type": "Point", "coordinates": [ 105.772312, 21.0334631 ] } },
{ "type": "Feature", "properties": { "osm_id": "7755262311", "code": 2301, "fclass": "restaurant", "name_left": "Nhà Hàng Casa Espana", "index_right": 0, "name_right": "Hanoi" }, "geometry": { "type": "Point", "coordinates": [ 105.7913936, 21.0250978 ] } },
{ "type": "Feature", "properties": { "osm_id": "7772398585", "code": 2301, "fclass": "restaurant", "name_left": "Lẩu Thành Còi", "index_right": 0, "name_right": "Hanoi" }, "geometry": { "type": "Point", "coordinates": [ 105.8412006, 21.027927 ] } },
{ "type": "Feature", "properties": { "osm_id": "7792963218", "code": 2301, "fclass": "restaurant", "name_left": "Nhà Hàng Vườn Xoài", "index_right": 0, "name_right": "Hanoi" }, "geometry": { "type": "Point", "coordinates": [ 105.6533479, 20.9259919 ] } },
{ "type": "Feature", "properties": { "osm_id": "7797424985", "code": 2301, "fclass": "restaurant", "name_left": null, "index_right": 0, "name_right": "Hanoi" }, "geometry": { "type": "Point", "coordinates": [ 105.8265584, 21.066328 ] } },
{ "type": "Feature", "properties": { "osm_id": "7919363054", "code": 2301, "fclass": "restaurant", "name_left": null, "index_right": 0, "name_right": "Hanoi" }, "geometry": { "type": "Point", "coordinates": [ 105.5818024, 21.0511324 ] } },
{ "type": "Feature", "properties": { "osm_id": "7961106585", "code": 2301, "fclass": "restaurant", "name_left": "Phở Gánh", "index_right": 0, "name_right": "Hanoi" }, "geometry": { "type": "Point", "coordinates": [ 105.8495033, 21.0368584 ] } },
{ "type": "Feature", "properties": { "osm_id": "7966645588", "code": 2301, "fclass": "restaurant", "name_left": "Pho ga ta", "index_right": 0, "name_right": "Hanoi" }, "geometry": { "type": "Point", "coordinates": [ 105.8530205, 21.0322476 ] } },
{ "type": "Feature", "properties": { "osm_id": "8042087441", "code": 2301, "fclass": "restaurant", "name_left": "Quán Chú Béo", "index_right": 0, "name_right": "Hanoi" }, "geometry": { "type": "Point", "coordinates": [ 105.5515173, 21.0195732 ] } },
{ "type": "Feature", "properties": { "osm_id": "8083770306", "code": 2301, "fclass": "restaurant", "name_left": "Nhà Hàng Kalí", "index_right": 0, "name_right": "Hanoi" }, "geometry": { "type": "Point", "coordinates": [ 105.8339407, 21.0538498 ] } },
{ "type": "Feature", "properties": { "osm_id": "8083779134", "code": 2301, "fclass": "restaurant", "name_left": "Nhà Hàng Hanoi Taco Bar", "index_right": 0, "name_right": "Hanoi" }, "geometry": { "type": "Point", "coordinates": [ 105.8304805, 21.0600412 ] } },
{ "type": "Feature", "properties": { "osm_id": "8128526728", "code": 2301, "fclass": "restaurant", "name_left": "Nhà Hàng Botanica", "index_right": 0, "name_right": "Hanoi" }, "geometry": { "type": "Point", "coordinates": [ 105.8216239, 21.0263544 ] } },
{ "type": "Feature", "properties": { "osm_id": "8132877478", "code": 2301, "fclass": "restaurant", "name_left": "Bún Ngan Cô Tuyết", "index_right": 0, "name_right": "Hanoi" }, "geometry": { "type": "Point", "coordinates": [ 105.8263379, 21.0100991 ] } },
{ "type": "Feature", "properties": { "osm_id": "8197311959", "code": 2301, "fclass": "restaurant", "name_left": "Sunshine Heritage Resort", "index_right": 0, "name_right": "Hanoi" }, "geometry": { "type": "Point", "coordinates": [ 105.6141552, 21.0897788 ] } },
{ "type": "Feature", "properties": { "osm_id": "8336847668", "code": 2301, "fclass": "restaurant", "name_left": "Nhà Hàng Buffer Win", "index_right": 0, "name_right": "Hanoi" }, "geometry": { "type": "Point", "coordinates": [ 105.7729015, 21.0747278 ] } },
{ "type": "Feature", "properties": { "osm_id": "8336956091", "code": 2301, "fclass": "restaurant", "name_left": null, "index_right": 0, "name_right": "Hanoi" }, "geometry": { "type": "Point", "coordinates": [ 105.7736561, 21.0736576 ] } },
{ "type": "Feature", "properties": { "osm_id": "8336975262", "code": 2301, "fclass": "restaurant", "name_left": null, "index_right": 0, "name_right": "Hanoi" }, "geometry": { "type": "Point", "coordinates": [ 105.7731847, 21.0744573 ] } },
{ "type": "Feature", "properties": { "osm_id": "8345267337", "code": 2301, "fclass": "restaurant", "name_left": null, "index_right": 0, "name_right": "Hanoi" }, "geometry": { "type": "Point", "coordinates": [ 105.7724651, 21.0743475 ] } },
{ "type": "Feature", "properties": { "osm_id": "8345317175", "code": 2301, "fclass": "restaurant", "name_left": null, "index_right": 0, "name_right": "Hanoi" }, "geometry": { "type": "Point", "coordinates": [ 105.7736135, 21.0751431 ] } },
{ "type": "Feature", "properties": { "osm_id": "8345992041", "code": 2301, "fclass": "restaurant", "name_left": "nhom6,T01-1, The buffet garden", "index_right": 0, "name_right": "Hanoi" }, "geometry": { "type": "Point", "coordinates": [ 105.7756761, 21.0779654 ] } },
{ "type": "Feature", "properties": { "osm_id": "8346010306", "code": 2301, "fclass": "restaurant", "name_left": "nhom6,T01-6, Út Nướng", "index_right": 0, "name_right": "Hanoi" }, "geometry": { "type": "Point", "coordinates": [ 105.7750315, 21.077623 ] } },
{ "type": "Feature", "properties": { "osm_id": "8346039058", "code": 2301, "fclass": "restaurant", "name_left": "nhom6,T01-8, Lẩu lòng bò 32", "index_right": 0, "name_right": "Hanoi" }, "geometry": { "type": "Point", "coordinates": [ 105.7748909, 21.0775877 ] } },
{ "type": "Feature", "properties": { "osm_id": "8346042982", "code": 2301, "fclass": "restaurant", "name_left": "nhom6,T01-14, Cơm Ngon", "index_right": 0, "name_right": "Hanoi" }, "geometry": { "type": "Point", "coordinates": [ 105.7739715, 21.0773776 ] } },
{ "type": "Feature", "properties": { "osm_id": "8346051738", "code": 2301, "fclass": "restaurant", "name_left": "nhom6,T01-12, Fin BBQ", "index_right": 0, "name_right": "Hanoi" }, "geometry": { "type": "Point", "coordinates": [ 105.7744185, 21.077478 ] } },
{ "type": "Feature", "properties": { "osm_id": "8347330261", "code": 2301, "fclass": "restaurant", "name_left": "nhom6,T01-16, Ốc Tài Chính", "index_right": 0, "name_right": "Hanoi" }, "geometry": { "type": "Point", "coordinates": [ 105.7736319, 21.0771875 ] } },
{ "type": "Feature", "properties": { "osm_id": "8347362707", "code": 2301, "fclass": "restaurant", "name_left": "nhom6,T01-19, vịt nuongứ Vân Đình", "index_right": 0, "name_right": "Hanoi" }, "geometry": { "type": "Point", "coordinates": [ 105.7732674, 21.0769205 ] } },
{ "type": "Feature", "properties": { "osm_id": "8347965394", "code": 2301, "fclass": "restaurant", "name_left": "Quán ăn", "index_right": 0, "name_right": "Hanoi" }, "geometry": { "type": "Point", "coordinates": [ 105.7783974, 21.0826854 ] } },
{ "type": "Feature", "properties": { "osm_id": "8347992048", "code": 2301, "fclass": "restaurant", "name_left": "Quán cơm bình dân", "index_right": 0, "name_right": "Hanoi" }, "geometry": { "type": "Point", "coordinates": [ 105.7784331, 21.0828225 ] } },
{ "type": "Feature", "properties": { "osm_id": "8354007215", "code": 2301, "fclass": "restaurant", "name_left": "Nhà hàng Quang Trung", "index_right": 0, "name_right": "Hanoi" }, "geometry": { "type": "Point", "coordinates": [ 105.7782219, 21.0836425 ] } },
{ "type": "Feature", "properties": { "osm_id": "8354274433", "code": 2301, "fclass": "restaurant", "name_left": null, "index_right": 0, "name_right": "Hanoi" }, "geometry": { "type": "Point", "coordinates": [ 105.7767049, 21.0692896 ] } },
{ "type": "Feature", "properties": { "osm_id": "8354275432", "code": 2301, "fclass": "restaurant", "name_left": null, "index_right": 0, "name_right": "Hanoi" }, "geometry": { "type": "Point", "coordinates": [ 105.7767553, 21.0693414 ] } },
{ "type": "Feature", "properties": { "osm_id": "8354278481", "code": 2301, "fclass": "restaurant", "name_left": null, "index_right": 0, "name_right": "Hanoi" }, "geometry": { "type": "Point", "coordinates": [ 105.7775642, 21.0701704 ] } },
{ "type": "Feature", "properties": { "osm_id": "8354683458", "code": 2301, "fclass": "restaurant", "name_left": null, "index_right": 0, "name_right": "Hanoi" }, "geometry": { "type": "Point", "coordinates": [ 105.7782832, 21.0672777 ] } },
{ "type": "Feature", "properties": { "osm_id": "8354756782", "code": 2301, "fclass": "restaurant", "name_left": null, "index_right": 0, "name_right": "Hanoi" }, "geometry": { "type": "Point", "coordinates": [ 105.7773094, 21.0706992 ] } },
{ "type": "Feature", "properties": { "osm_id": "8354756785", "code": 2301, "fclass": "restaurant", "name_left": null, "index_right": 0, "name_right": "Hanoi" }, "geometry": { "type": "Point", "coordinates": [ 105.7770546, 21.07099 ] } },
{ "type": "Feature", "properties": { "osm_id": "8354756786", "code": 2301, "fclass": "restaurant", "name_left": null, "index_right": 0, "name_right": "Hanoi" }, "geometry": { "type": "Point", "coordinates": [ 105.7770572, 21.0711316 ] } },
{ "type": "Feature", "properties": { "osm_id": "8354765381", "code": 2301, "fclass": "restaurant", "name_left": null, "index_right": 0, "name_right": "Hanoi" }, "geometry": { "type": "Point", "coordinates": [ 105.7771447, 21.0713109 ] } },
{ "type": "Feature", "properties": { "osm_id": "8354898474", "code": 2301, "fclass": "restaurant", "name_left": null, "index_right": 0, "name_right": "Hanoi" }, "geometry": { "type": "Point", "coordinates": [ 105.7770582, 21.0710227 ] } },
{ "type": "Feature", "properties": { "osm_id": "8354898475", "code": 2301, "fclass": "restaurant", "name_left": null, "index_right": 0, "name_right": "Hanoi" }, "geometry": { "type": "Point", "coordinates": [ 105.7777027, 21.0698755 ] } },
{ "type": "Feature", "properties": { "osm_id": "8354997808", "code": 2301, "fclass": "restaurant", "name_left": null, "index_right": 0, "name_right": "Hanoi" }, "geometry": { "type": "Point", "coordinates": [ 105.7735094, 21.0744419 ] } },
{ "type": "Feature", "properties": { "osm_id": "8354997810", "code": 2301, "fclass": "restaurant", "name_left": "Bún Riêu Cá Trường Sa", "index_right": 0, "name_right": "Hanoi" }, "geometry": { "type": "Point", "coordinates": [ 105.7731232, 21.0744253 ] } },
{ "type": "Feature", "properties": { "osm_id": "8354997814", "code": 2301, "fclass": "restaurant", "name_left": null, "index_right": 0, "name_right": "Hanoi" }, "geometry": { "type": "Point", "coordinates": [ 105.7726931, 21.0747417 ] } },
{ "type": "Feature", "properties": { "osm_id": "8355086209", "code": 2301, "fclass": "restaurant", "name_left": null, "index_right": 0, "name_right": "Hanoi" }, "geometry": { "type": "Point", "coordinates": [ 105.7728392, 21.074762 ] } },
{ "type": "Feature", "properties": { "osm_id": "8355126717", "code": 2301, "fclass": "restaurant", "name_left": null, "index_right": 0, "name_right": "Hanoi" }, "geometry": { "type": "Point", "coordinates": [ 105.773576, 21.0747345 ] } },
{ "type": "Feature", "properties": { "osm_id": "8356652525", "code": 2301, "fclass": "restaurant", "name_left": null, "index_right": 0, "name_right": "Hanoi" }, "geometry": { "type": "Point", "coordinates": [ 105.776999, 21.0714718 ] } },
{ "type": "Feature", "properties": { "osm_id": "8356652526", "code": 2301, "fclass": "restaurant", "name_left": null, "index_right": 0, "name_right": "Hanoi" }, "geometry": { "type": "Point", "coordinates": [ 105.7772097, 21.0714442 ] } },
{ "type": "Feature", "properties": { "osm_id": "8356652527", "code": 2301, "fclass": "restaurant", "name_left": null, "index_right": 0, "name_right": "Hanoi" }, "geometry": { "type": "Point", "coordinates": [ 105.777325, 21.0714426 ] } },
{ "type": "Feature", "properties": { "osm_id": "8356652530", "code": 2301, "fclass": "restaurant", "name_left": null, "index_right": 0, "name_right": "Hanoi" }, "geometry": { "type": "Point", "coordinates": [ 105.7772681, 21.0716766 ] } },
{ "type": "Feature", "properties": { "osm_id": "8356652531", "code": 2301, "fclass": "restaurant", "name_left": null, "index_right": 0, "name_right": "Hanoi" }, "geometry": { "type": "Point", "coordinates": [ 105.7778543, 21.0699206 ] } },
{ "type": "Feature", "properties": { "osm_id": "8356652533", "code": 2301, "fclass": "restaurant", "name_left": null, "index_right": 0, "name_right": "Hanoi" }, "geometry": { "type": "Point", "coordinates": [ 105.7772399, 21.070877 ] } },
{ "type": "Feature", "properties": { "osm_id": "8356702102", "code": 2301, "fclass": "restaurant", "name_left": null, "index_right": 0, "name_right": "Hanoi" }, "geometry": { "type": "Point", "coordinates": [ 105.7767567, 21.0688758 ] } },
{ "type": "Feature", "properties": { "osm_id": "8357571560", "code": 2301, "fclass": "restaurant", "name_left": null, "index_right": 0, "name_right": "Hanoi" }, "geometry": { "type": "Point", "coordinates": [ 105.777558, 21.0714524 ] } },
{ "type": "Feature", "properties": { "osm_id": "8357572237", "code": 2301, "fclass": "restaurant", "name_left": null, "index_right": 0, "name_right": "Hanoi" }, "geometry": { "type": "Point", "coordinates": [ 105.7773997, 21.0703614 ] } },
{ "type": "Feature", "properties": { "osm_id": "8357763617", "code": 2301, "fclass": "restaurant", "name_left": "Nhà Hàng Hotto", "index_right": 0, "name_right": "Hanoi" }, "geometry": { "type": "Point", "coordinates": [ 105.8999466, 21.027384 ] } },
{ "type": "Feature", "properties": { "osm_id": "8357763618", "code": 2301, "fclass": "restaurant", "name_left": "Nhà Hàng Lẩu Gà Lá É", "index_right": 0, "name_right": "Hanoi" }, "geometry": { "type": "Point", "coordinates": [ 105.8999889, 21.027357 ] } },
{ "type": "Feature", "properties": { "osm_id": "8357763619", "code": 2301, "fclass": "restaurant", "name_left": "Nhà Hàng Trung Tâm Hong Kong", "index_right": 0, "name_right": "Hanoi" }, "geometry": { "type": "Point", "coordinates": [ 105.9000418, 21.0273301 ] } },
{ "type": "Feature", "properties": { "osm_id": "8357763620", "code": 2301, "fclass": "restaurant", "name_left": "Nhà Hàng Bít Tết Ngon", "index_right": 0, "name_right": "Hanoi" }, "geometry": { "type": "Point", "coordinates": [ 105.900131, 21.0273138 ] } },
{ "type": "Feature", "properties": { "osm_id": "8357763621", "code": 2301, "fclass": "restaurant", "name_left": "Nhà Hàng Ajisai Udon", "index_right": 0, "name_right": "Hanoi" }, "geometry": { "type": "Point", "coordinates": [ 105.9002846, 21.0272443 ] } },
{ "type": "Feature", "properties": { "osm_id": "8357763622", "code": 2301, "fclass": "restaurant", "name_left": "Yutang", "index_right": 0, "name_right": "Hanoi" }, "geometry": { "type": "Point", "coordinates": [ 105.9003295, 21.0272217 ] } },
{ "type": "Feature", "properties": { "osm_id": "8357763717", "code": 2301, "fclass": "restaurant", "name_left": "Quán Mộc", "index_right": 0, "name_right": "Hanoi" }, "geometry": { "type": "Point", "coordinates": [ 105.9001793, 21.0272931 ] } },
{ "type": "Feature", "properties": { "osm_id": "8357763718", "code": 2301, "fclass": "restaurant", "name_left": "Taiwan Chutang", "index_right": 0, "name_right": "Hanoi" }, "geometry": { "type": "Point", "coordinates": [ 105.9002329, 21.0272656 ] } },
{ "type": "Feature", "properties": { "osm_id": "8359608318", "code": 2301, "fclass": "restaurant", "name_left": null, "index_right": 0, "name_right": "Hanoi" }, "geometry": { "type": "Point", "coordinates": [ 105.777206, 21.0712963 ] } },
{ "type": "Feature", "properties": { "osm_id": "8360184432", "code": 2301, "fclass": "restaurant", "name_left": "Nhà Hàng Hải Oanh", "index_right": 0, "name_right": "Hanoi" }, "geometry": { "type": "Point", "coordinates": [ 105.7624537, 21.0648526 ] } },
{ "type": "Feature", "properties": { "osm_id": "8360208002", "code": 2301, "fclass": "restaurant", "name_left": "Quán Phở", "index_right": 0, "name_right": "Hanoi" }, "geometry": { "type": "Point", "coordinates": [ 105.7626172, 21.0650263 ] } },
{ "type": "Feature", "properties": { "osm_id": "8360208012", "code": 2301, "fclass": "restaurant", "name_left": "Nhà Hàng Bia Thanh Hằng", "index_right": 0, "name_right": "Hanoi" }, "geometry": { "type": "Point", "coordinates": [ 105.7613467, 21.0653393 ] } },
{ "type": "Feature", "properties": { "osm_id": "8360657749", "code": 2301, "fclass": "restaurant", "name_left": "Thu Yến", "index_right": 0, "name_right": "Hanoi" }, "geometry": { "type": "Point", "coordinates": [ 105.7623304, 21.0644833 ] } },
{ "type": "Feature", "properties": { "osm_id": "8360818000", "code": 2301, "fclass": "restaurant", "name_left": "Quán Huân Béo", "index_right": 0, "name_right": "Hanoi" }, "geometry": { "type": "Point", "coordinates": [ 105.7783007, 21.0827687 ] } },
{ "type": "Feature", "properties": { "osm_id": "8360852078", "code": 2301, "fclass": "restaurant", "name_left": "Quán Huy Hoàng", "index_right": 0, "name_right": "Hanoi" }, "geometry": { "type": "Point", "coordinates": [ 105.7782939, 21.0827217 ] } },
{ "type": "Feature", "properties": { "osm_id": "8360897923", "code": 2301, "fclass": "restaurant", "name_left": "Phở Gà", "index_right": 0, "name_right": "Hanoi" }, "geometry": { "type": "Point", "coordinates": [ 105.7855461, 21.0909143 ] } },
{ "type": "Feature", "properties": { "osm_id": "8360897931", "code": 2301, "fclass": "restaurant", "name_left": "Cửa Hàng Bún Cá Thái Bình", "index_right": 0, "name_right": "Hanoi" }, "geometry": { "type": "Point", "coordinates": [ 105.7850461, 21.0913657 ] } },
{ "type": "Feature", "properties": { "osm_id": "8360897932", "code": 2301, "fclass": "restaurant", "name_left": "Nhà Hàng Canh Cá Rô Đồng", "index_right": 0, "name_right": "Hanoi" }, "geometry": { "type": "Point", "coordinates": [ 105.7849549, 21.0913998 ] } },
{ "type": "Feature", "properties": { "osm_id": "8360897935", "code": 2301, "fclass": "restaurant", "name_left": "Tiến Thoa", "index_right": 0, "name_right": "Hanoi" }, "geometry": { "type": "Point", "coordinates": [ 105.7848466, 21.0913928 ] } },
{ "type": "Feature", "properties": { "osm_id": "8360897979", "code": 2301, "fclass": "restaurant", "name_left": "Phú Yên", "index_right": 0, "name_right": "Hanoi" }, "geometry": { "type": "Point", "coordinates": [ 105.7855324, 21.0898614 ] } },
{ "type": "Feature", "properties": { "osm_id": "8360966480", "code": 2301, "fclass": "restaurant", "name_left": "Quán phở Phố Cổ", "index_right": 0, "name_right": "Hanoi" }, "geometry": { "type": "Point", "coordinates": [ 105.7846771, 21.0816733 ] } },
{ "type": "Feature", "properties": { "osm_id": "8361021983", "code": 2301, "fclass": "restaurant", "name_left": "Quán Kiên Vịt", "index_right": 0, "name_right": "Hanoi" }, "geometry": { "type": "Point", "coordinates": [ 105.7358742, 21.0524843 ] } },
{ "type": "Feature", "properties": { "osm_id": "8361021984", "code": 2301, "fclass": "restaurant", "name_left": "Quán ốc sông lam", "index_right": 0, "name_right": "Hanoi" }, "geometry": { "type": "Point", "coordinates": [ 105.7359928, 21.0524438 ] } },
{ "type": "Feature", "properties": { "osm_id": "8361021985", "code": 2301, "fclass": "restaurant", "name_left": "Lẩu Cứu Hỏa Buffet", "index_right": 0, "name_right": "Hanoi" }, "geometry": { "type": "Point", "coordinates": [ 105.7359341, 21.0527748 ] } },
{ "type": "Feature", "properties": { "osm_id": "8361021986", "code": 2301, "fclass": "restaurant", "name_left": "Nhà Hàng A Béo Lẩu Nướng Buffet 99k", "index_right": 0, "name_right": "Hanoi" }, "geometry": { "type": "Point", "coordinates": [ 105.736003, 21.052695 ] } },
{ "type": "Feature", "properties": { "osm_id": "8361021989", "code": 2301, "fclass": "restaurant", "name_left": "Bún Đậu Mẹt A Đây Rồi", "index_right": 0, "name_right": "Hanoi" }, "geometry": { "type": "Point", "coordinates": [ 105.7343805, 21.0535297 ] } },
{ "type": "Feature", "properties": { "osm_id": "8361021994", "code": 2301, "fclass": "restaurant", "name_left": "Cơm Chay Hợp Nhất", "index_right": 0, "name_right": "Hanoi" }, "geometry": { "type": "Point", "coordinates": [ 105.7346688, 21.0535707 ] } },
{ "type": "Feature", "properties": { "osm_id": "8361022008", "code": 2301, "fclass": "restaurant", "name_left": "ỐC HUYỀN NGÃ TƯ NHỔN", "index_right": 0, "name_right": "Hanoi" }, "geometry": { "type": "Point", "coordinates": [ 105.7335248, 21.0541092 ] } },
{ "type": "Feature", "properties": { "osm_id": "8361022010", "code": 2301, "fclass": "restaurant", "name_left": "Quán Phở", "index_right": 0, "name_right": "Hanoi" }, "geometry": { "type": "Point", "coordinates": [ 105.7365921, 21.0541886 ] } },
{ "type": "Feature", "properties": { "osm_id": "8361022011", "code": 2301, "fclass": "restaurant", "name_left": "Cửa Hàng Bánh Mì Chảo - Thanh Cảnh", "index_right": 0, "name_right": "Hanoi" }, "geometry": { "type": "Point", "coordinates": [ 105.7366534, 21.0541616 ] } },
{ "type": "Feature", "properties": { "osm_id": "8361022013", "code": 2301, "fclass": "restaurant", "name_left": "Quán cơm dốp", "index_right": 0, "name_right": "Hanoi" }, "geometry": { "type": "Point", "coordinates": [ 105.7365632, 21.0540808 ] } },
{ "type": "Feature", "properties": { "osm_id": "8361022014", "code": 2301, "fclass": "restaurant", "name_left": "Quán bún hải sản", "index_right": 0, "name_right": "Hanoi" }, "geometry": { "type": "Point", "coordinates": [ 105.736621, 21.0540505 ] } },
{ "type": "Feature", "properties": { "osm_id": "8361038517", "code": 2301, "fclass": "restaurant", "name_left": "Quán vịt Phương Thúy", "index_right": 0, "name_right": "Hanoi" }, "geometry": { "type": "Point", "coordinates": [ 105.7341841, 21.053678 ] } },
{ "type": "Feature", "properties": { "osm_id": "8361038519", "code": 2301, "fclass": "restaurant", "name_left": "Quán chè sài gòn Ngọc Nhi", "index_right": 0, "name_right": "Hanoi" }, "geometry": { "type": "Point", "coordinates": [ 105.7340537, 21.0536944 ] } },
{ "type": "Feature", "properties": { "osm_id": "8361038520", "code": 2301, "fclass": "restaurant", "name_left": "Quán Ăn Cô Hiền", "index_right": 0, "name_right": "Hanoi" }, "geometry": { "type": "Point", "coordinates": [ 105.7338253, 21.053836 ] } },
{ "type": "Feature", "properties": { "osm_id": "8363303878", "code": 2301, "fclass": "restaurant", "name_left": null, "index_right": 0, "name_right": "Hanoi" }, "geometry": { "type": "Point", "coordinates": [ 105.7773602, 21.0706035 ] } },
{ "type": "Feature", "properties": { "osm_id": "8363303882", "code": 2301, "fclass": "restaurant", "name_left": null, "index_right": 0, "name_right": "Hanoi" }, "geometry": { "type": "Point", "coordinates": [ 105.7778112, 21.0703735 ] } },
{ "type": "Feature", "properties": { "osm_id": "8363303885", "code": 2301, "fclass": "restaurant", "name_left": null, "index_right": 0, "name_right": "Hanoi" }, "geometry": { "type": "Point", "coordinates": [ 105.7771473, 21.0712612 ] } },
{ "type": "Feature", "properties": { "osm_id": "8363307405", "code": 2301, "fclass": "restaurant", "name_left": null, "index_right": 0, "name_right": "Hanoi" }, "geometry": { "type": "Point", "coordinates": [ 105.7772687, 21.0711458 ] } },
{ "type": "Feature", "properties": { "osm_id": "8363339065", "code": 2301, "fclass": "restaurant", "name_left": null, "index_right": 0, "name_right": "Hanoi" }, "geometry": { "type": "Point", "coordinates": [ 105.7790041, 21.0681045 ] } },
{ "type": "Feature", "properties": { "osm_id": "8363339069", "code": 2301, "fclass": "restaurant", "name_left": null, "index_right": 0, "name_right": "Hanoi" }, "geometry": { "type": "Point", "coordinates": [ 105.7793743, 21.0662899 ] } },
{ "type": "Feature", "properties": { "osm_id": "8363339070", "code": 2301, "fclass": "restaurant", "name_left": null, "index_right": 0, "name_right": "Hanoi" }, "geometry": { "type": "Point", "coordinates": [ 105.7794896, 21.0660096 ] } },
{ "type": "Feature", "properties": { "osm_id": "8363339072", "code": 2301, "fclass": "restaurant", "name_left": null, "index_right": 0, "name_right": "Hanoi" }, "geometry": { "type": "Point", "coordinates": [ 105.7794494, 21.0658018 ] } },
{ "type": "Feature", "properties": { "osm_id": "8364752379", "code": 2301, "fclass": "restaurant", "name_left": null, "index_right": 0, "name_right": "Hanoi" }, "geometry": { "type": "Point", "coordinates": [ 105.7772093, 21.0710906 ] } },
{ "type": "Feature", "properties": { "osm_id": "8370443704", "code": 2301, "fclass": "restaurant", "name_left": "cửa hàng phở", "index_right": 0, "name_right": "Hanoi" }, "geometry": { "type": "Point", "coordinates": [ 105.7731437, 21.0716445 ] } },
{ "type": "Feature", "properties": { "osm_id": "8402124019", "code": 2301, "fclass": "restaurant", "name_left": null, "index_right": 0, "name_right": "Hanoi" }, "geometry": { "type": "Point", "coordinates": [ 105.8534229, 21.0249135 ] } },
{ "type": "Feature", "properties": { "osm_id": "8402145217", "code": 2301, "fclass": "restaurant", "name_left": null, "index_right": 0, "name_right": "Hanoi" }, "geometry": { "type": "Point", "coordinates": [ 105.8459349, 21.0318701 ] } },
{ "type": "Feature", "properties": { "osm_id": "8440236117", "code": 2301, "fclass": "restaurant", "name_left": null, "index_right": 0, "name_right": "Hanoi" }, "geometry": { "type": "Point", "coordinates": [ 105.843694, 21.0265899 ] } },
{ "type": "Feature", "properties": { "osm_id": "8442251580", "code": 2301, "fclass": "restaurant", "name_left": "Bún đậu mẹt-Năm Râu Quán", "index_right": 0, "name_right": "Hanoi" }, "geometry": { "type": "Point", "coordinates": [ 105.7805273, 21.062247 ] } },
{ "type": "Feature", "properties": { "osm_id": "8442251581", "code": 2301, "fclass": "restaurant", "name_left": "Phở 10 Hà Nội Xưa", "index_right": 0, "name_right": "Hanoi" }, "geometry": { "type": "Point", "coordinates": [ 105.7804397, 21.0623935 ] } },
{ "type": "Feature", "properties": { "osm_id": "8446491618", "code": 2301, "fclass": "restaurant", "name_left": "Hồng Béo", "index_right": 0, "name_right": "Hanoi" }, "geometry": { "type": "Point", "coordinates": [ 105.7803246, 21.0626014 ] } },
{ "type": "Feature", "properties": { "osm_id": "8446491619", "code": 2301, "fclass": "restaurant", "name_left": "Nam Hải", "index_right": 0, "name_right": "Hanoi" }, "geometry": { "type": "Point", "coordinates": [ 105.7802289, 21.0627763 ] } },
{ "type": "Feature", "properties": { "osm_id": "8446491622", "code": 2301, "fclass": "restaurant", "name_left": null, "index_right": 0, "name_right": "Hanoi" }, "geometry": { "type": "Point", "coordinates": [ 105.7800962, 21.0630532 ] } },
{ "type": "Feature", "properties": { "osm_id": "8446491628", "code": 2301, "fclass": "restaurant", "name_left": null, "index_right": 0, "name_right": "Hanoi" }, "geometry": { "type": "Point", "coordinates": [ 105.7797417, 21.0636459 ] } },
{ "type": "Feature", "properties": { "osm_id": "8447602001", "code": 2301, "fclass": "restaurant", "name_left": null, "index_right": 0, "name_right": "Hanoi" }, "geometry": { "type": "Point", "coordinates": [ 105.7795256, 21.0642169 ] } },
{ "type": "Feature", "properties": { "osm_id": "8519855378", "code": 2301, "fclass": "restaurant", "name_left": "Nhà Hàng Fritagogo", "index_right": 0, "name_right": "Hanoi" }, "geometry": { "type": "Point", "coordinates": [ 105.8672685, 21.0639342 ] } },
{ "type": "Feature", "properties": { "osm_id": "8527541117", "code": 2301, "fclass": "restaurant", "name_left": "Bún Chả Que Tre", "index_right": 0, "name_right": "Hanoi" }, "geometry": { "type": "Point", "coordinates": [ 105.8212835, 21.0267617 ] } },
{ "type": "Feature", "properties": { "osm_id": "8550864696", "code": 2301, "fclass": "restaurant", "name_left": "Nhà hàng Bản Coốc Garden", "index_right": 0, "name_right": "Hanoi" }, "geometry": { "type": "Point", "coordinates": [ 105.3258369, 21.0662181 ] } },
{ "type": "Feature", "properties": { "osm_id": "8563466265", "code": 2301, "fclass": "restaurant", "name_left": "Nhà Hàng Củi", "index_right": 0, "name_right": "Hanoi" }, "geometry": { "type": "Point", "coordinates": [ 105.8259313, 21.0191661 ] } },
{ "type": "Feature", "properties": { "osm_id": "8563466267", "code": 2301, "fclass": "restaurant", "name_left": "Time Coffee", "index_right": 0, "name_right": "Hanoi" }, "geometry": { "type": "Point", "coordinates": [ 105.8313879, 21.0142507 ] } },
{ "type": "Feature", "properties": { "osm_id": "8631526113", "code": 2301, "fclass": "restaurant", "name_left": "Cháo Lòng Phố Cổ", "index_right": 0, "name_right": "Hanoi" }, "geometry": { "type": "Point", "coordinates": [ 105.8520965, 21.0360382 ] } },
{ "type": "Feature", "properties": { "osm_id": "8642895211", "code": 2301, "fclass": "restaurant", "name_left": "Nhà hàng nướng Trúc ANh", "index_right": 0, "name_right": "Hanoi" }, "geometry": { "type": "Point", "coordinates": [ 105.7723851, 21.0747503 ] } },
{ "type": "Feature", "properties": { "osm_id": "8642895212", "code": 2301, "fclass": "restaurant", "name_left": "Lẩu Nướng Oanh", "index_right": 0, "name_right": "Hanoi" }, "geometry": { "type": "Point", "coordinates": [ 105.7724006, 21.0747507 ] } },
{ "type": "Feature", "properties": { "osm_id": "8642895213", "code": 2301, "fclass": "restaurant", "name_left": "Oanh Trúc Bún đậu", "index_right": 0, "name_right": "Hanoi" }, "geometry": { "type": "Point", "coordinates": [ 105.7735547, 21.0744779 ] } },
{ "type": "Feature", "properties": { "osm_id": "8746891238", "code": 2301, "fclass": "restaurant", "name_left": "Phở gà Văn Miếu 17", "index_right": 0, "name_right": "Hanoi" }, "geometry": { "type": "Point", "coordinates": [ 105.8368236, 21.029427 ] } },
{ "type": "Feature", "properties": { "osm_id": "8746891270", "code": 2301, "fclass": "restaurant", "name_left": "Nhà Hàng Kường Nga", "index_right": 0, "name_right": "Hanoi" }, "geometry": { "type": "Point", "coordinates": [ 105.836737, 21.0291735 ] } },
{ "type": "Feature", "properties": { "osm_id": "8746891272", "code": 2301, "fclass": "restaurant", "name_left": "Quán Sửu", "index_right": 0, "name_right": "Hanoi" }, "geometry": { "type": "Point", "coordinates": [ 105.8367132, 21.0291144 ] } },
{ "type": "Feature", "properties": { "osm_id": "8861967414", "code": 2301, "fclass": "restaurant", "name_left": "Tiệm Đà Lạt", "index_right": 0, "name_right": "Hanoi" }, "geometry": { "type": "Point", "coordinates": [ 105.7989841, 21.0169842 ] } },
{ "type": "Feature", "properties": { "osm_id": "8898835625", "code": 2301, "fclass": "restaurant", "name_left": "Ramen Mikado", "index_right": 0, "name_right": "Hanoi" }, "geometry": { "type": "Point", "coordinates": [ 105.8084678, 21.0293053 ] } },
{ "type": "Feature", "properties": { "osm_id": "8906129445", "code": 2301, "fclass": "restaurant", "name_left": "Nhà Hàng Hey Pelo", "index_right": 0, "name_right": "Hanoi" }, "geometry": { "type": "Point", "coordinates": [ 105.8083052, 21.036177 ] } },
{ "type": "Feature", "properties": { "osm_id": "8906132456", "code": 2301, "fclass": "restaurant", "name_left": "Nhà Hàng Fabrik", "index_right": 0, "name_right": "Hanoi" }, "geometry": { "type": "Point", "coordinates": [ 105.8378849, 21.0438777 ] } },
{ "type": "Feature", "properties": { "osm_id": "8913119456", "code": 2301, "fclass": "restaurant", "name_left": "Savoor - The House of Panini", "index_right": 0, "name_right": "Hanoi" }, "geometry": { "type": "Point", "coordinates": [ 105.8444384, 21.0291094 ] } },
{ "type": "Feature", "properties": { "osm_id": "8939472329", "code": 2301, "fclass": "restaurant", "name_left": "Rasm Modern Indian Cuisine", "index_right": 0, "name_right": "Hanoi" }, "geometry": { "type": "Point", "coordinates": [ 105.8292123, 21.0588397 ] } },
{ "type": "Feature", "properties": { "osm_id": "9008780595", "code": 2301, "fclass": "restaurant", "name_left": "Nha Leo Phuong 01", "index_right": 0, "name_right": "Hanoi" }, "geometry": { "type": "Point", "coordinates": [ 105.8490803, 20.8669751 ] } },
{ "type": "Feature", "properties": { "osm_id": "9181828827", "code": 2301, "fclass": "restaurant", "name_left": "WA GRILL - THỊT NƯỚNG MANG VỀ KÈM BẾP 24H", "index_right": 0, "name_right": "Hanoi" }, "geometry": { "type": "Point", "coordinates": [ 105.792954, 21.0200535 ] } },
{ "type": "Feature", "properties": { "osm_id": "9252326417", "code": 2301, "fclass": "restaurant", "name_left": "Bánh Cuốn Bà Hạnh", "index_right": 0, "name_right": "Hanoi" }, "geometry": { "type": "Point", "coordinates": [ 105.8487211, 21.0290384 ] } },
{ "type": "Feature", "properties": { "osm_id": "9252326517", "code": 2301, "fclass": "restaurant", "name_left": "Nhà Hàng Maison Sen", "index_right": 0, "name_right": "Hanoi" }, "geometry": { "type": "Point", "coordinates": [ 105.8493078, 21.0216655 ] } },
{ "type": "Feature", "properties": { "osm_id": "9252326518", "code": 2301, "fclass": "restaurant", "name_left": "Quán Bún Đậu Việt", "index_right": 0, "name_right": "Hanoi" }, "geometry": { "type": "Point", "coordinates": [ 105.8521727, 21.0257207 ] } },
{ "type": "Feature", "properties": { "osm_id": "9252410117", "code": 2301, "fclass": "restaurant", "name_left": "Quan Banh Cuon Thanh Van", "index_right": 0, "name_right": "Hanoi" }, "geometry": { "type": "Point", "coordinates": [ 105.8518886, 21.0181249 ] } },
{ "type": "Feature", "properties": { "osm_id": "9282149617", "code": 2301, "fclass": "restaurant", "name_left": "Quan Nem Lui Banh Xeo Co Minh1", "index_right": 0, "name_right": "Hanoi" }, "geometry": { "type": "Point", "coordinates": [ 105.8349779, 21.0569607 ] } },
{ "type": "Feature", "properties": { "osm_id": "9377994036", "code": 2301, "fclass": "restaurant", "name_left": "Cửa Hàng Bún Bẩy Cường", "index_right": 0, "name_right": "Hanoi" }, "geometry": { "type": "Point", "coordinates": [ 105.5173704, 21.0296472 ] } },
{ "type": "Feature", "properties": { "osm_id": "9534009426", "code": 2301, "fclass": "restaurant", "name_left": "Cửa Hàng Gà Tươi Bà Ba", "index_right": 0, "name_right": "Hanoi" }, "geometry": { "type": "Point", "coordinates": [ 105.7725969, 20.965476 ] } },
{ "type": "Feature", "properties": { "osm_id": "9551695377", "code": 2301, "fclass": "restaurant", "name_left": "Bánh Tráng Phú Cường Cơ Sở 3", "index_right": 0, "name_right": "Hanoi" }, "geometry": { "type": "Point", "coordinates": [ 105.7856786, 20.9794509 ] } },
{ "type": "Feature", "properties": { "osm_id": "9551695378", "code": 2301, "fclass": "restaurant", "name_left": "Bánh Tráng Phú Cường Cơ Sở 4", "index_right": 0, "name_right": "Hanoi" }, "geometry": { "type": "Point", "coordinates": [ 105.7985636, 21.0171361 ] } },
{ "type": "Feature", "properties": { "osm_id": "9551699235", "code": 2301, "fclass": "restaurant", "name_left": "Bánh Tráng Phú Cường Cơ Sở 1", "index_right": 0, "name_right": "Hanoi" }, "geometry": { "type": "Point", "coordinates": [ 105.8099478, 21.0160069 ] } },
{ "type": "Feature", "properties": { "osm_id": "9551703841", "code": 2301, "fclass": "restaurant", "name_left": "Bánh tráng Phú Cường cơ sở 2", "index_right": 0, "name_right": "Hanoi" }, "geometry": { "type": "Point", "coordinates": [ 105.8423388, 21.0195383 ] } },
{ "type": "Feature", "properties": { "osm_id": "9584817355", "code": 2301, "fclass": "restaurant", "name_left": "Phở Tứ Hải 3", "index_right": 0, "name_right": "Hanoi" }, "geometry": { "type": "Point", "coordinates": [ 105.7907716, 21.0214935 ] } },
{ "type": "Feature", "properties": { "osm_id": "9584844935", "code": 2301, "fclass": "restaurant", "name_left": "Nhà Hàng BBQ Baek Jeong", "index_right": 0, "name_right": "Hanoi" }, "geometry": { "type": "Point", "coordinates": [ 105.7778733, 21.0157545 ] } },
{ "type": "Feature", "properties": { "osm_id": "9586940676", "code": 2301, "fclass": "restaurant", "name_left": "Nhà hàng Chosim", "index_right": 0, "name_right": "Hanoi" }, "geometry": { "type": "Point", "coordinates": [ 105.7766561, 21.0161281 ] } },
{ "type": "Feature", "properties": { "osm_id": "9586984263", "code": 2301, "fclass": "restaurant", "name_left": "Five Star Mỹ Đình", "index_right": 0, "name_right": "Hanoi" }, "geometry": { "type": "Point", "coordinates": [ 105.7755169, 21.018451 ] } },
{ "type": "Feature", "properties": { "osm_id": "9593887397", "code": 2301, "fclass": "restaurant", "name_left": "Nhà hàng Bornga", "index_right": 0, "name_right": "Hanoi" }, "geometry": { "type": "Point", "coordinates": [ 105.7589163, 21.0257411 ] } },
{ "type": "Feature", "properties": { "osm_id": "9593919773", "code": 2301, "fclass": "restaurant", "name_left": "Phở Thuý", "index_right": 0, "name_right": "Hanoi" }, "geometry": { "type": "Point", "coordinates": [ 105.9396401, 20.9913008 ] } },
{ "type": "Feature", "properties": { "osm_id": "9626272532", "code": 2301, "fclass": "restaurant", "name_left": "K-Pub Trần Phú", "index_right": 0, "name_right": "Hanoi" }, "geometry": { "type": "Point", "coordinates": [ 105.7829164, 20.9765467 ] } },
{ "type": "Feature", "properties": { "osm_id": "9651875417", "code": 2301, "fclass": "restaurant", "name_left": null, "index_right": 0, "name_right": "Hanoi" }, "geometry": { "type": "Point", "coordinates": [ 105.8492453, 21.0354524 ] } },
{ "type": "Feature", "properties": { "osm_id": "9655369884", "code": 2301, "fclass": "restaurant", "name_left": "Ga Loc Vung", "index_right": 0, "name_right": "Hanoi" }, "geometry": { "type": "Point", "coordinates": [ 105.8849905, 21.0437909 ] } },
{ "type": "Feature", "properties": { "osm_id": "9656083375", "code": 2301, "fclass": "restaurant", "name_left": "Bún cua Nhà Thờ", "index_right": 0, "name_right": "Hanoi" }, "geometry": { "type": "Point", "coordinates": [ 105.7782312, 20.9713657 ] } },
{ "type": "Feature", "properties": { "osm_id": "9662382909", "code": 2301, "fclass": "restaurant", "name_left": "Le Splendid", "index_right": 0, "name_right": "Hanoi" }, "geometry": { "type": "Point", "coordinates": [ 105.854033, 21.021984 ] } },
{ "type": "Feature", "properties": { "osm_id": "9667623720", "code": 2301, "fclass": "restaurant", "name_left": "Banh Cuon", "index_right": 0, "name_right": "Hanoi" }, "geometry": { "type": "Point", "coordinates": [ 105.9074817, 21.0601751 ] } },
{ "type": "Feature", "properties": { "osm_id": "9671606211", "code": 2301, "fclass": "restaurant", "name_left": "Bun Mien Ngan", "index_right": 0, "name_right": "Hanoi" }, "geometry": { "type": "Point", "coordinates": [ 105.8551788, 21.0338396 ] } },
{ "type": "Feature", "properties": { "osm_id": "9687535417", "code": 2301, "fclass": "restaurant", "name_left": null, "index_right": 0, "name_right": "Hanoi" }, "geometry": { "type": "Point", "coordinates": [ 105.8129833, 21.0322714 ] } },
{ "type": "Feature", "properties": { "osm_id": "9699422017", "code": 2301, "fclass": "restaurant", "name_left": "Bun Nem Bun Cha", "index_right": 0, "name_right": "Hanoi" }, "geometry": { "type": "Point", "coordinates": [ 105.8470751, 21.0381155 ] } },
{ "type": "Feature", "properties": { "osm_id": "9699422117", "code": 2301, "fclass": "restaurant", "name_left": "Banh cuon Ba Xuan", "index_right": 0, "name_right": "Hanoi" }, "geometry": { "type": "Point", "coordinates": [ 105.8478356, 21.0423037 ] } },
{ "type": "Feature", "properties": { "osm_id": "9726141791", "code": 2301, "fclass": "restaurant", "name_left": "Bánh xèo nem lụi Tú Anh", "index_right": 0, "name_right": "Hanoi" }, "geometry": { "type": "Point", "coordinates": [ 105.7743407, 20.970476 ] } },
{ "type": "Feature", "properties": { "osm_id": "9753515618", "code": 2301, "fclass": "restaurant", "name_left": "Salt n Pepper", "index_right": 0, "name_right": "Hanoi" }, "geometry": { "type": "Point", "coordinates": [ 105.8432088, 21.0290438 ] } },
{ "type": "Feature", "properties": { "osm_id": "9757391262", "code": 2301, "fclass": "restaurant", "name_left": "Bún chả Cầu Đen", "index_right": 0, "name_right": "Hanoi" }, "geometry": { "type": "Point", "coordinates": [ 105.7817914, 20.9701807 ] } },
{ "type": "Feature", "properties": { "osm_id": "9757399340", "code": 2301, "fclass": "restaurant", "name_left": "Thành Đạt - Kem xôi, chè Thái Lan", "index_right": 0, "name_right": "Hanoi" }, "geometry": { "type": "Point", "coordinates": [ 105.7820719, 20.9705226 ] } },
{ "type": "Feature", "properties": { "osm_id": "9800789973", "code": 2301, "fclass": "restaurant", "name_left": "Cơm Ông Bình", "index_right": 0, "name_right": "Hanoi" }, "geometry": { "type": "Point", "coordinates": [ 105.7620797, 21.0675911 ] } },
{ "type": "Feature", "properties": { "osm_id": "9805222042", "code": 2301, "fclass": "restaurant", "name_left": "Nhà Hàng Khuê", "index_right": 0, "name_right": "Hanoi" }, "geometry": { "type": "Point", "coordinates": [ 105.8439712, 21.0431857 ] } },
{ "type": "Feature", "properties": { "osm_id": "9846388917", "code": 2301, "fclass": "restaurant", "name_left": null, "index_right": 0, "name_right": "Hanoi" }, "geometry": { "type": "Point", "coordinates": [ 105.8502658, 21.0330076 ] } },
{ "type": "Feature", "properties": { "osm_id": "9847440217", "code": 2301, "fclass": "restaurant", "name_left": null, "index_right": 0, "name_right": "Hanoi" }, "geometry": { "type": "Point", "coordinates": [ 105.8420592, 21.0305992 ] } },
{ "type": "Feature", "properties": { "osm_id": "9912896146", "code": 2301, "fclass": "restaurant", "name_left": "Chops", "index_right": 0, "name_right": "Hanoi" }, "geometry": { "type": "Point", "coordinates": [ 105.8101527, 21.0272224 ] } },
{ "type": "Feature", "properties": { "osm_id": "9912980443", "code": 2301, "fclass": "restaurant", "name_left": "Chops", "index_right": 0, "name_right": "Hanoi" }, "geometry": { "type": "Point", "coordinates": [ 105.82688, 21.0294427 ] } },
{ "type": "Feature", "properties": { "osm_id": "9931514400", "code": 2301, "fclass": "restaurant", "name_left": "Pizza Hut", "index_right": 0, "name_right": "Hanoi" }, "geometry": { "type": "Point", "coordinates": [ 105.8369651, 21.0544669 ] } },
{ "type": "Feature", "properties": { "osm_id": "9931528180", "code": 2301, "fclass": "restaurant", "name_left": "Gia Hanoi", "index_right": 0, "name_right": "Hanoi" }, "geometry": { "type": "Point", "coordinates": [ 105.8360752, 21.0275756 ] } },
{ "type": "Feature", "properties": { "osm_id": "9931531020", "code": 2301, "fclass": "restaurant", "name_left": "Vit34", "index_right": 0, "name_right": "Hanoi" }, "geometry": { "type": "Point", "coordinates": [ 105.8733119, 21.0421527 ] } },
{ "type": "Feature", "properties": { "osm_id": "9931534174", "code": 2301, "fclass": "restaurant", "name_left": null, "index_right": 0, "name_right": "Hanoi" }, "geometry": { "type": "Point", "coordinates": [ 105.8415234, 20.9994041 ] } },
{ "type": "Feature", "properties": { "osm_id": "9931538551", "code": 2301, "fclass": "restaurant", "name_left": null, "index_right": 0, "name_right": "Hanoi" }, "geometry": { "type": "Point", "coordinates": [ 105.8855305, 21.0290926 ] } },
{ "type": "Feature", "properties": { "osm_id": "9945276817", "code": 2301, "fclass": "restaurant", "name_left": "Ưu Đàm Chay", "index_right": 0, "name_right": "Hanoi" }, "geometry": { "type": "Point", "coordinates": [ 105.84814, 21.0187719 ] } },
{ "type": "Feature", "properties": { "osm_id": "9952063519", "code": 2301, "fclass": "restaurant", "name_left": "El Domo restaurant and bar", "index_right": 0, "name_right": "Hanoi" }, "geometry": { "type": "Point", "coordinates": [ 105.79273, 21.2181197 ] } },
{ "type": "Feature", "properties": { "osm_id": "9959263717", "code": 2301, "fclass": "restaurant", "name_left": "Zenith", "index_right": 0, "name_right": "Hanoi" }, "geometry": { "type": "Point", "coordinates": [ 105.825082, 21.0698223 ] } },
{ "type": "Feature", "properties": { "osm_id": "9961849558", "code": 2301, "fclass": "restaurant", "name_left": "Le Monde Steak", "index_right": 0, "name_right": "Hanoi" }, "geometry": { "type": "Point", "coordinates": [ 105.8496844, 21.0114364 ] } },
{ "type": "Feature", "properties": { "osm_id": "9980248162", "code": 2301, "fclass": "restaurant", "name_left": "Nhà hàng Gia Nguyễn", "index_right": 0, "name_right": "Hanoi" }, "geometry": { "type": "Point", "coordinates": [ 105.7832175, 21.0094731 ] } },
{ "type": "Feature", "properties": { "osm_id": "9980248163", "code": 2301, "fclass": "restaurant", "name_left": "Bia Huynh Đệ", "index_right": 0, "name_right": "Hanoi" }, "geometry": { "type": "Point", "coordinates": [ 105.783132, 21.0094278 ] } },
{ "type": "Feature", "properties": { "osm_id": "9998849017", "code": 2301, "fclass": "restaurant", "name_left": "VEJO - The Vege Journey", "index_right": 0, "name_right": "Hanoi" }, "geometry": { "type": "Point", "coordinates": [ 105.8464019, 21.0337011 ] } },
{ "type": "Feature", "properties": { "osm_id": "10002371867", "code": 2301, "fclass": "restaurant", "name_left": "Nét Huế", "index_right": 0, "name_right": "Hanoi" }, "geometry": { "type": "Point", "coordinates": [ 105.8933138, 21.0502542 ] } },
{ "type": "Feature", "properties": { "osm_id": "10044381092", "code": 2301, "fclass": "restaurant", "name_left": "Old Hanoi Restaurant", "index_right": 0, "name_right": "Hanoi" }, "geometry": { "type": "Point", "coordinates": [ 105.842667, 21.0299337 ] } },
{ "type": "Feature", "properties": { "osm_id": "10103088449", "code": 2301, "fclass": "restaurant", "name_left": "Tokachiya Ramen", "index_right": 0, "name_right": "Hanoi" }, "geometry": { "type": "Point", "coordinates": [ 105.8069828, 21.0291169 ] } },
{ "type": "Feature", "properties": { "osm_id": "10105860276", "code": 2301, "fclass": "restaurant", "name_left": "Pho Minh", "index_right": 0, "name_right": "Hanoi" }, "geometry": { "type": "Point", "coordinates": [ 105.9424974, 20.9936047 ] } },
{ "type": "Feature", "properties": { "osm_id": "10120064773", "code": 2301, "fclass": "restaurant", "name_left": "Yu Tang", "index_right": 0, "name_right": "Hanoi" }, "geometry": { "type": "Point", "coordinates": [ 105.8507802, 21.0311318 ] } },
{ "type": "Feature", "properties": { "osm_id": "10129864868", "code": 2301, "fclass": "restaurant", "name_left": "Itaewon Dakgalbi", "index_right": 0, "name_right": "Hanoi" }, "geometry": { "type": "Point", "coordinates": [ 105.8066682, 21.0291148 ] } },
{ "type": "Feature", "properties": { "osm_id": "10158964415", "code": 2301, "fclass": "restaurant", "name_left": "Lẩu&Nướng Ăndeee - 188 Phó Đức Chính", "index_right": 0, "name_right": "Hanoi" }, "geometry": { "type": "Point", "coordinates": [ 105.8460809, 21.0442652 ] } },
{ "type": "Feature", "properties": { "osm_id": "10179892274", "code": 2301, "fclass": "restaurant", "name_left": "The East", "index_right": 0, "name_right": "Hanoi" }, "geometry": { "type": "Point", "coordinates": [ 105.8441279, 21.0297293 ] } },
{ "type": "Feature", "properties": { "osm_id": "10199648444", "code": 2301, "fclass": "restaurant", "name_left": "Nhà ăn Quân Sự", "index_right": 0, "name_right": "Hanoi" }, "geometry": { "type": "Point", "coordinates": [ 105.7613931, 21.0700799 ] } },
{ "type": "Feature", "properties": { "osm_id": "10211195017", "code": 2301, "fclass": "restaurant", "name_left": null, "index_right": 0, "name_right": "Hanoi" }, "geometry": { "type": "Point", "coordinates": [ 105.8474438, 21.021336 ] } },
{ "type": "Feature", "properties": { "osm_id": "10213648463", "code": 2301, "fclass": "restaurant", "name_left": "bún đậu 34", "index_right": 0, "name_right": "Hanoi" }, "geometry": { "type": "Point", "coordinates": [ 105.7726806, 21.0799412 ] } },
{ "type": "Feature", "properties": { "osm_id": "10216519958", "code": 2301, "fclass": "restaurant", "name_left": "d", "index_right": 0, "name_right": "Hanoi" }, "geometry": { "type": "Point", "coordinates": [ 105.7726483, 21.0730862 ] } },
{ "type": "Feature", "properties": { "osm_id": "10219253935", "code": 2301, "fclass": "restaurant", "name_left": "Cơm Ngon", "index_right": 0, "name_right": "Hanoi" }, "geometry": { "type": "Point", "coordinates": [ 105.7719273, 21.0813579 ] } },
{ "type": "Feature", "properties": { "osm_id": "10219271549", "code": 2301, "fclass": "restaurant", "name_left": "cơm ngon Hà Nội", "index_right": 0, "name_right": "Hanoi" }, "geometry": { "type": "Point", "coordinates": [ 105.7745595, 21.0785795 ] } },
{ "type": "Feature", "properties": { "osm_id": "10222614647", "code": 2301, "fclass": "restaurant", "name_left": "Colette", "index_right": 0, "name_right": "Hanoi" }, "geometry": { "type": "Point", "coordinates": [ 105.8555929, 21.031367 ] } },
{ "type": "Feature", "properties": { "osm_id": "10225121259", "code": 2301, "fclass": "restaurant", "name_left": "GU Bistronomy", "index_right": 0, "name_right": "Hanoi" }, "geometry": { "type": "Point", "coordinates": [ 105.8043411, 21.0131701 ] } },
{ "type": "Feature", "properties": { "osm_id": "10237641809", "code": 2301, "fclass": "restaurant", "name_left": null, "index_right": 0, "name_right": "Hanoi" }, "geometry": { "type": "Point", "coordinates": [ 105.8500356, 21.0338076 ] } },
{ "type": "Feature", "properties": { "osm_id": "10239694309", "code": 2301, "fclass": "restaurant", "name_left": null, "index_right": 0, "name_right": "Hanoi" }, "geometry": { "type": "Point", "coordinates": [ 105.8511005, 21.0133011 ] } },
{ "type": "Feature", "properties": { "osm_id": "10240190081", "code": 2301, "fclass": "restaurant", "name_left": "1992 Quán", "index_right": 0, "name_right": "Hanoi" }, "geometry": { "type": "Point", "coordinates": [ 105.7781333, 21.0807524 ] } },
{ "type": "Feature", "properties": { "osm_id": "10240190082", "code": 2301, "fclass": "restaurant", "name_left": null, "index_right": 0, "name_right": "Hanoi" }, "geometry": { "type": "Point", "coordinates": [ 105.7730905, 21.0747072 ] } },
{ "type": "Feature", "properties": { "osm_id": "10240244240", "code": 2301, "fclass": "restaurant", "name_left": "Bạt quán", "index_right": 0, "name_right": "Hanoi" }, "geometry": { "type": "Point", "coordinates": [ 105.7782641, 21.0816386 ] } },
{ "type": "Feature", "properties": { "osm_id": "10240244241", "code": 2301, "fclass": "restaurant", "name_left": "Quán Cay Đức Huệ Bắc Từ Liêm", "index_right": 0, "name_right": "Hanoi" }, "geometry": { "type": "Point", "coordinates": [ 105.7734917, 21.0741525 ] } },
{ "type": "Feature", "properties": { "osm_id": "10240244242", "code": 2301, "fclass": "restaurant", "name_left": "Fin BBQ - Buffet Thịt Nướng", "index_right": 0, "name_right": "Hanoi" }, "geometry": { "type": "Point", "coordinates": [ 105.7734835, 21.0744328 ] } },
{ "type": "Feature", "properties": { "osm_id": "10240244243", "code": 2301, "fclass": "restaurant", "name_left": "Lẩu Nướng Bay", "index_right": 0, "name_right": "Hanoi" }, "geometry": { "type": "Point", "coordinates": [ 105.7734294, 21.0747195 ] } },
{ "type": "Feature", "properties": { "osm_id": "10240244244", "code": 2301, "fclass": "restaurant", "name_left": "COZI Lẩu Nướng Bia Hàn Quốc", "index_right": 0, "name_right": "Hanoi" }, "geometry": { "type": "Point", "coordinates": [ 105.777257, 21.0744071 ] } },
{ "type": "Feature", "properties": { "osm_id": "10240244245", "code": 2301, "fclass": "restaurant", "name_left": "Lẩu I One", "index_right": 0, "name_right": "Hanoi" }, "geometry": { "type": "Point", "coordinates": [ 105.7771866, 21.0742564 ] } },
{ "type": "Feature", "properties": { "osm_id": "10240244246", "code": 2301, "fclass": "restaurant", "name_left": "Fin House - Buffet Lẩu Thái", "index_right": 0, "name_right": "Hanoi" }, "geometry": { "type": "Point", "coordinates": [ 105.7732338, 21.0768757 ] } },
{ "type": "Feature", "properties": { "osm_id": "10240244247", "code": 2301, "fclass": "restaurant", "name_left": "Lẩu Nướng Huyền Anh", "index_right": 0, "name_right": "Hanoi" }, "geometry": { "type": "Point", "coordinates": [ 105.7755277, 21.0777341 ] } },
{ "type": "Feature", "properties": { "osm_id": "10240244248", "code": 2301, "fclass": "restaurant", "name_left": "Út nướng", "index_right": 0, "name_right": "Hanoi" }, "geometry": { "type": "Point", "coordinates": [ 105.7753143, 21.0776548 ] } },
{ "type": "Feature", "properties": { "osm_id": "10240244249", "code": 2301, "fclass": "restaurant", "name_left": "Quán Lẩu Long Cháy", "index_right": 0, "name_right": "Hanoi" }, "geometry": { "type": "Point", "coordinates": [ 105.7777673, 21.0803791 ] } },
{ "type": "Feature", "properties": { "osm_id": "10240244250", "code": 2301, "fclass": "restaurant", "name_left": "Quán cỏ restaurant", "index_right": 0, "name_right": "Hanoi" }, "geometry": { "type": "Point", "coordinates": [ 105.7772738, 21.0725393 ] } },
{ "type": "Feature", "properties": { "osm_id": "10240244251", "code": 2301, "fclass": "restaurant", "name_left": "345", "index_right": 0, "name_right": "Hanoi" }, "geometry": { "type": "Point", "coordinates": [ 105.7756127, 21.078169 ] } },
{ "type": "Feature", "properties": { "osm_id": "10241408809", "code": 2301, "fclass": "restaurant", "name_left": null, "index_right": 0, "name_right": "Hanoi" }, "geometry": { "type": "Point", "coordinates": [ 105.8538975, 21.0327309 ] } },
{ "type": "Feature", "properties": { "osm_id": "10244441809", "code": 2301, "fclass": "restaurant", "name_left": null, "index_right": 0, "name_right": "Hanoi" }, "geometry": { "type": "Point", "coordinates": [ 105.8539638, 21.0313382 ] } },
{ "type": "Feature", "properties": { "osm_id": "10244441909", "code": 2301, "fclass": "restaurant", "name_left": null, "index_right": 0, "name_right": "Hanoi" }, "geometry": { "type": "Point", "coordinates": [ 105.8493434, 21.0292813 ] } },
{ "type": "Feature", "properties": { "osm_id": "10244441910", "code": 2301, "fclass": "restaurant", "name_left": null, "index_right": 0, "name_right": "Hanoi" }, "geometry": { "type": "Point", "coordinates": [ 105.8469238, 21.0327693 ] } },
{ "type": "Feature", "properties": { "osm_id": "10245738509", "code": 2301, "fclass": "restaurant", "name_left": null, "index_right": 0, "name_right": "Hanoi" }, "geometry": { "type": "Point", "coordinates": [ 105.8486496, 21.0312714 ] } },
{ "type": "Feature", "properties": { "osm_id": "10245908053", "code": 2301, "fclass": "restaurant", "name_left": "iMeatU Korea BBQ", "index_right": 0, "name_right": "Hanoi" }, "geometry": { "type": "Point", "coordinates": [ 105.8241813, 21.0269786 ] } },
{ "type": "Feature", "properties": { "osm_id": "10247214096", "code": 2301, "fclass": "restaurant", "name_left": "cơm chị yến", "index_right": 0, "name_right": "Hanoi" }, "geometry": { "type": "Point", "coordinates": [ 105.7736636, 21.0735808 ] } },
{ "type": "Feature", "properties": { "osm_id": "10247214097", "code": 2301, "fclass": "restaurant", "name_left": "Ốc anh em", "index_right": 0, "name_right": "Hanoi" }, "geometry": { "type": "Point", "coordinates": [ 105.7736636, 21.0737593 ] } },
{ "type": "Feature", "properties": { "osm_id": "10247214098", "code": 2301, "fclass": "restaurant", "name_left": "bún sinh viên", "index_right": 0, "name_right": "Hanoi" }, "geometry": { "type": "Point", "coordinates": [ 105.7743279, 21.0732419 ] } },
{ "type": "Feature", "properties": { "osm_id": "10248628285", "code": 2301, "fclass": "restaurant", "name_left": null, "index_right": 0, "name_right": "Hanoi" }, "geometry": { "type": "Point", "coordinates": [ 105.7820199, 21.04168 ] } },
{ "type": "Feature", "properties": { "osm_id": "10248628299", "code": 2301, "fclass": "restaurant", "name_left": null, "index_right": 0, "name_right": "Hanoi" }, "geometry": { "type": "Point", "coordinates": [ 105.7829932, 21.0416416 ] } },
{ "type": "Feature", "properties": { "osm_id": "10248628307", "code": 2301, "fclass": "restaurant", "name_left": "Nhà hàng Cơm Phố", "index_right": 0, "name_right": "Hanoi" }, "geometry": { "type": "Point", "coordinates": [ 105.7851977, 21.044259 ] } },
{ "type": "Feature", "properties": { "osm_id": "10250353711", "code": 2301, "fclass": "restaurant", "name_left": "garden houde 2", "index_right": 0, "name_right": "Hanoi" }, "geometry": { "type": "Point", "coordinates": [ 105.8534076, 21.0346822 ] } },
{ "type": "Feature", "properties": { "osm_id": "10254828318", "code": 2301, "fclass": "restaurant", "name_left": "Quán Bún đậu NGON", "index_right": 0, "name_right": "Hanoi" }, "geometry": { "type": "Point", "coordinates": [ 105.7762913, 21.0717222 ] } },
{ "type": "Feature", "properties": { "osm_id": "10254828329", "code": 2301, "fclass": "restaurant", "name_left": "Quán bún Bắc Bằng", "index_right": 0, "name_right": "Hanoi" }, "geometry": { "type": "Point", "coordinates": [ 105.7728348, 21.0727417 ] } },
{ "type": "Feature", "properties": { "osm_id": "10254828330", "code": 2301, "fclass": "restaurant", "name_left": "Cửa hàng bánh ngọt Bảo Ngọc", "index_right": 0, "name_right": "Hanoi" }, "geometry": { "type": "Point", "coordinates": [ 105.7759217, 21.0742709 ] } },
{ "type": "Feature", "properties": { "osm_id": "10255177796", "code": 2301, "fclass": "restaurant", "name_left": "Bún bò Huế chất", "index_right": 0, "name_right": "Hanoi" }, "geometry": { "type": "Point", "coordinates": [ 105.7741668, 21.0739421 ] } },
{ "type": "Feature", "properties": { "osm_id": "10255177798", "code": 2301, "fclass": "restaurant", "name_left": "Quán phở Nam Định Nam Khẩn", "index_right": 0, "name_right": "Hanoi" }, "geometry": { "type": "Point", "coordinates": [ 105.7741925, 21.073908 ] } },
{ "type": "Feature", "properties": { "osm_id": "10255177804", "code": 2301, "fclass": "restaurant", "name_left": "Quán bún đậu Mẹt+", "index_right": 0, "name_right": "Hanoi" }, "geometry": { "type": "Point", "coordinates": [ 105.7741945, 21.0738988 ] } },
{ "type": "Feature", "properties": { "osm_id": "10255177805", "code": 2301, "fclass": "restaurant", "name_left": "Tiến Đạt Quán", "index_right": 0, "name_right": "Hanoi" }, "geometry": { "type": "Point", "coordinates": [ 105.7743949, 21.0739776 ] } },
{ "type": "Feature", "properties": { "osm_id": "10255177808", "code": 2301, "fclass": "restaurant", "name_left": "Ốc anh em", "index_right": 0, "name_right": "Hanoi" }, "geometry": { "type": "Point", "coordinates": [ 105.7736589, 21.0738457 ] } },
{ "type": "Feature", "properties": { "osm_id": "10255192009", "code": 2301, "fclass": "restaurant", "name_left": "Fin BBQ", "index_right": 0, "name_right": "Hanoi" }, "geometry": { "type": "Point", "coordinates": [ 105.7732856, 21.0744282 ] } },
{ "type": "Feature", "properties": { "osm_id": "10255192014", "code": 2301, "fclass": "restaurant", "name_left": "Nhà hàng Olympia Phố Việt", "index_right": 0, "name_right": "Hanoi" }, "geometry": { "type": "Point", "coordinates": [ 105.7736505, 21.0734895 ] } },
{ "type": "Feature", "properties": { "osm_id": "10255192016", "code": 2301, "fclass": "restaurant", "name_left": "Bún Riêu cá Trường Sa", "index_right": 0, "name_right": "Hanoi" }, "geometry": { "type": "Point", "coordinates": [ 105.7743949, 21.0739618 ] } },
{ "type": "Feature", "properties": { "osm_id": "10255192017", "code": 2301, "fclass": "restaurant", "name_left": "Quán bún Bắc Bằng", "index_right": 0, "name_right": "Hanoi" }, "geometry": { "type": "Point", "coordinates": [ 105.7736568, 21.074133 ] } },
{ "type": "Feature", "properties": { "osm_id": "10255708066", "code": 2301, "fclass": "restaurant", "name_left": "Ốc Cô Bé", "index_right": 0, "name_right": "Hanoi" }, "geometry": { "type": "Point", "coordinates": [ 105.7729335, 21.0724691 ] } },
{ "type": "Feature", "properties": { "osm_id": "10255708075", "code": 2301, "fclass": "restaurant", "name_left": "Quán nhậu Hai Lúa", "index_right": 0, "name_right": "Hanoi" }, "geometry": { "type": "Point", "coordinates": [ 105.7728678, 21.0716349 ] } },
{ "type": "Feature", "properties": { "osm_id": "10255708076", "code": 2301, "fclass": "restaurant", "name_left": "Ngân Hà Food", "index_right": 0, "name_right": "Hanoi" }, "geometry": { "type": "Point", "coordinates": [ 105.7728563, 21.0716205 ] } },
{ "type": "Feature", "properties": { "osm_id": "10255708077", "code": 2301, "fclass": "restaurant", "name_left": "Bánh Mỳ Chảo-Học Viện", "index_right": 0, "name_right": "Hanoi" }, "geometry": { "type": "Point", "coordinates": [ 105.7728755, 21.0716241 ] } },
{ "type": "Feature", "properties": { "osm_id": "10255708080", "code": 2301, "fclass": "restaurant", "name_left": "Phở Phố Viên", "index_right": 0, "name_right": "Hanoi" }, "geometry": { "type": "Point", "coordinates": [ 105.7731348, 21.0717183 ] } },
{ "type": "Feature", "properties": { "osm_id": "10255708081", "code": 2301, "fclass": "restaurant", "name_left": "Bún đậu Mọt", "index_right": 0, "name_right": "Hanoi" }, "geometry": { "type": "Point", "coordinates": [ 105.772956, 21.071761 ] } },
{ "type": "Feature", "properties": { "osm_id": "10255708088", "code": 2301, "fclass": "restaurant", "name_left": "Vịt nướng Vân Đình", "index_right": 0, "name_right": "Hanoi" }, "geometry": { "type": "Point", "coordinates": [ 105.7772357, 21.0708617 ] } },
{ "type": "Feature", "properties": { "osm_id": "10255708090", "code": 2301, "fclass": "restaurant", "name_left": "Cửa hàng hải sản tươi", "index_right": 0, "name_right": "Hanoi" }, "geometry": { "type": "Point", "coordinates": [ 105.7772835, 21.0707768 ] } },
{ "type": "Feature", "properties": { "osm_id": "10255708092", "code": 2301, "fclass": "restaurant", "name_left": "Cơm bình dân", "index_right": 0, "name_right": "Hanoi" }, "geometry": { "type": "Point", "coordinates": [ 105.7774175, 21.0706184 ] } },
{ "type": "Feature", "properties": { "osm_id": "10257020068", "code": 2301, "fclass": "restaurant", "name_left": "Cháo canh Quảng Bình", "index_right": 0, "name_right": "Hanoi" }, "geometry": { "type": "Point", "coordinates": [ 105.7729424, 21.0747484 ] } },
{ "type": "Feature", "properties": { "osm_id": "10257020088", "code": 2301, "fclass": "restaurant", "name_left": "Quán Kimchi", "index_right": 0, "name_right": "Hanoi" }, "geometry": { "type": "Point", "coordinates": [ 105.7738987, 21.0773724 ] } },
{ "type": "Feature", "properties": { "osm_id": "10257020097", "code": 2301, "fclass": "restaurant", "name_left": "Tri Kỷ Quán", "index_right": 0, "name_right": "Hanoi" }, "geometry": { "type": "Point", "coordinates": [ 105.7738059, 21.0772991 ] } },
{ "type": "Feature", "properties": { "osm_id": "10257020099", "code": 2301, "fclass": "restaurant", "name_left": "Bún Riêu cá Trường Sa", "index_right": 0, "name_right": "Hanoi" }, "geometry": { "type": "Point", "coordinates": [ 105.7736517, 21.0771889 ] } },
{ "type": "Feature", "properties": { "osm_id": "10258564244", "code": 2301, "fclass": "restaurant", "name_left": "1992 Quán", "index_right": 0, "name_right": "Hanoi" }, "geometry": { "type": "Point", "coordinates": [ 105.7731845, 21.0746994 ] } },
{ "type": "Feature", "properties": { "osm_id": "10258564246", "code": 2301, "fclass": "restaurant", "name_left": "Bếp 88 - Nộm - Bánh bột lọc - Nem nướng - Đồ ăn vặt", "index_right": 0, "name_right": "Hanoi" }, "geometry": { "type": "Point", "coordinates": [ 105.7733894, 21.0746565 ] } },
{ "type": "Feature", "properties": { "osm_id": "10258564247", "code": 2301, "fclass": "restaurant", "name_left": "Fin House - Buffet Lẩu Thái", "index_right": 0, "name_right": "Hanoi" }, "geometry": { "type": "Point", "coordinates": [ 105.7726866, 21.0746505 ] } },
{ "type": "Feature", "properties": { "osm_id": "10258564249", "code": 2301, "fclass": "restaurant", "name_left": "Bún Đậu Mẹt 37 Quán", "index_right": 0, "name_right": "Hanoi" }, "geometry": { "type": "Point", "coordinates": [ 105.7736658, 21.0741227 ] } },
{ "type": "Feature", "properties": { "osm_id": "10258564255", "code": 2301, "fclass": "restaurant", "name_left": "Cơm Ngon", "index_right": 0, "name_right": "Hanoi" }, "geometry": { "type": "Point", "coordinates": [ 105.7730873, 21.0744745 ] } },
{ "type": "Feature", "properties": { "osm_id": "10258818730", "code": 2301, "fclass": "restaurant", "name_left": "Cơm Ngon Hà Nội", "index_right": 0, "name_right": "Hanoi" }, "geometry": { "type": "Point", "coordinates": [ 105.7747002, 21.0787502 ] } },
{ "type": "Feature", "properties": { "osm_id": "10261572483", "code": 2301, "fclass": "restaurant", "name_left": null, "index_right": 0, "name_right": "Hanoi" }, "geometry": { "type": "Point", "coordinates": [ 105.7855911, 21.0389042 ] } },
{ "type": "Feature", "properties": { "osm_id": "10261572484", "code": 2301, "fclass": "restaurant", "name_left": null, "index_right": 0, "name_right": "Hanoi" }, "geometry": { "type": "Point", "coordinates": [ 105.7856248, 21.0389036 ] } },
{ "type": "Feature", "properties": { "osm_id": "10261572485", "code": 2301, "fclass": "restaurant", "name_left": null, "index_right": 0, "name_right": "Hanoi" }, "geometry": { "type": "Point", "coordinates": [ 105.7855236, 21.0389055 ] } },
{ "type": "Feature", "properties": { "osm_id": "10261572486", "code": 2301, "fclass": "restaurant", "name_left": null, "index_right": 0, "name_right": "Hanoi" }, "geometry": { "type": "Point", "coordinates": [ 105.7854899, 21.038906 ] } },
{ "type": "Feature", "properties": { "osm_id": "10261572487", "code": 2301, "fclass": "restaurant", "name_left": "Takoyaki", "index_right": 0, "name_right": "Hanoi" }, "geometry": { "type": "Point", "coordinates": [ 105.7854561, 21.0389067 ] } },
{ "type": "Feature", "properties": { "osm_id": "10261572488", "code": 2301, "fclass": "restaurant", "name_left": null, "index_right": 0, "name_right": "Hanoi" }, "geometry": { "type": "Point", "coordinates": [ 105.7854859, 21.0387636 ] } },
{ "type": "Feature", "properties": { "osm_id": "10261572491", "code": 2301, "fclass": "restaurant", "name_left": null, "index_right": 0, "name_right": "Hanoi" }, "geometry": { "type": "Point", "coordinates": [ 105.7857867, 21.0387581 ] } },
{ "type": "Feature", "properties": { "osm_id": "10262857807", "code": 2301, "fclass": "restaurant", "name_left": "Fin BBQ-Buffet", "index_right": 0, "name_right": "Hanoi" }, "geometry": { "type": "Point", "coordinates": [ 105.7733777, 21.074431 ] } },
{ "type": "Feature", "properties": { "osm_id": "10262933709", "code": 2301, "fclass": "restaurant", "name_left": "Nhà hàng Hà Thành", "index_right": 0, "name_right": "Hanoi" }, "geometry": { "type": "Point", "coordinates": [ 105.7743089, 21.073596 ] } },
{ "type": "Feature", "properties": { "osm_id": "10262933715", "code": 2301, "fclass": "restaurant", "name_left": "Ốc anh em", "index_right": 0, "name_right": "Hanoi" }, "geometry": { "type": "Point", "coordinates": [ 105.7735892, 21.0739341 ] } },
{ "type": "Feature", "properties": { "osm_id": "10264303109", "code": 2301, "fclass": "restaurant", "name_left": "Bánh bao Bình Mỗ", "index_right": 0, "name_right": "Hanoi" }, "geometry": { "type": "Point", "coordinates": [ 105.8464797, 21.0293084 ] } },
{ "type": "Feature", "properties": { "osm_id": "10274963509", "code": 2301, "fclass": "restaurant", "name_left": "ola's steak", "index_right": 0, "name_right": "Hanoi" }, "geometry": { "type": "Point", "coordinates": [ 105.8337937, 21.0279055 ] } },
{ "type": "Feature", "properties": { "osm_id": "10281779509", "code": 2301, "fclass": "restaurant", "name_left": "Pho Gon", "index_right": 0, "name_right": "Hanoi" }, "geometry": { "type": "Point", "coordinates": [ 105.8560894, 21.0213052 ] } },
{ "type": "Feature", "properties": { "osm_id": "10296348609", "code": 2301, "fclass": "restaurant", "name_left": "Pho Chuyen Bo", "index_right": 0, "name_right": "Hanoi" }, "geometry": { "type": "Point", "coordinates": [ 105.8459984, 21.0357453 ] } },
{ "type": "Feature", "properties": { "osm_id": "10298555575", "code": 2301, "fclass": "restaurant", "name_left": "Phở bưng Hàng Trống", "index_right": 0, "name_right": "Hanoi" }, "geometry": { "type": "Point", "coordinates": [ 105.8493056, 21.0313423 ] } },
{ "type": "Feature", "properties": { "osm_id": "10298693325", "code": 2301, "fclass": "restaurant", "name_left": "Miến trộn mực", "index_right": 0, "name_right": "Hanoi" }, "geometry": { "type": "Point", "coordinates": [ 105.852783, 21.0333264 ] } },
{ "type": "Feature", "properties": { "osm_id": "10298693327", "code": 2301, "fclass": "restaurant", "name_left": "Quán Cô Nhàn", "index_right": 0, "name_right": "Hanoi" }, "geometry": { "type": "Point", "coordinates": [ 105.8515432, 21.0364653 ] } },
{ "type": "Feature", "properties": { "osm_id": "10298693328", "code": 2301, "fclass": "restaurant", "name_left": "Bánh cuốn gia truyền thanh vân", "index_right": 0, "name_right": "Hanoi" }, "geometry": { "type": "Point", "coordinates": [ 105.8470163, 21.0362825 ] } },
{ "type": "Feature", "properties": { "osm_id": "10298693329", "code": 2301, "fclass": "restaurant", "name_left": "Phở Lâm", "index_right": 0, "name_right": "Hanoi" }, "geometry": { "type": "Point", "coordinates": [ 105.846433, 21.0356438 ] } },
{ "type": "Feature", "properties": { "osm_id": "10298717234", "code": 2301, "fclass": "restaurant", "name_left": "Phở hà nội", "index_right": 0, "name_right": "Hanoi" }, "geometry": { "type": "Point", "coordinates": [ 105.8516925, 21.0253245 ] } },
{ "type": "Feature", "properties": { "osm_id": "10302091009", "code": 2301, "fclass": "restaurant", "name_left": null, "index_right": 0, "name_right": "Hanoi" }, "geometry": { "type": "Point", "coordinates": [ 105.849708, 21.0309157 ] } },
{ "type": "Feature", "properties": { "osm_id": "10557047309", "code": 2301, "fclass": "restaurant", "name_left": "Quan banh con Thanh van", "index_right": 0, "name_right": "Hanoi" }, "geometry": { "type": "Point", "coordinates": [ 105.8519116, 21.0181861 ] } },
{ "type": "Feature", "properties": { "osm_id": "10581567805", "code": 2301, "fclass": "restaurant", "name_left": "韓式BBQ", "index_right": 0, "name_right": "Hanoi" }, "geometry": { "type": "Point", "coordinates": [ 105.844859, 21.0400604 ] } },
{ "type": "Feature", "properties": { "osm_id": "10593413006", "code": 2301, "fclass": "restaurant", "name_left": "Quán Ăn Ngon food court", "index_right": 0, "name_right": "Hanoi" }, "geometry": { "type": "Point", "coordinates": [ 105.8557935, 21.0168214 ] } },
{ "type": "Feature", "properties": { "osm_id": "10628095751", "code": 2301, "fclass": "restaurant", "name_left": "Bún Ốc Hương Xưa", "index_right": 0, "name_right": "Hanoi" }, "geometry": { "type": "Point", "coordinates": [ 105.7510054, 20.9878992 ] } },
{ "type": "Feature", "properties": { "osm_id": "10669431406", "code": 2301, "fclass": "restaurant", "name_left": "Chayfood", "index_right": 0, "name_right": "Hanoi" }, "geometry": { "type": "Point", "coordinates": [ 105.8543947, 21.033073 ] } },
{ "type": "Feature", "properties": { "osm_id": "10675781601", "code": 2301, "fclass": "restaurant", "name_left": "Nhà Hàng Chay Cực Lạc", "index_right": 0, "name_right": "Hanoi" }, "geometry": { "type": "Point", "coordinates": [ 105.8137909, 21.0450778 ] } },
{ "type": "Feature", "properties": { "osm_id": "10676070107", "code": 2301, "fclass": "restaurant", "name_left": "Vi Lai", "index_right": 0, "name_right": "Hanoi" }, "geometry": { "type": "Point", "coordinates": [ 105.8455937, 21.0240772 ] } },
{ "type": "Feature", "properties": { "osm_id": "10678548055", "code": 2301, "fclass": "restaurant", "name_left": "Le Monde Steak", "index_right": 0, "name_right": "Hanoi" }, "geometry": { "type": "Point", "coordinates": [ 105.7882547, 21.0333076 ] } },
{ "type": "Feature", "properties": { "osm_id": "10679929000", "code": 2301, "fclass": "restaurant", "name_left": "Banh My Bit Tet (Vietnamese beef steak)", "index_right": 0, "name_right": "Hanoi" }, "geometry": { "type": "Point", "coordinates": [ 105.846709, 21.0414978 ] } },
{ "type": "Feature", "properties": { "osm_id": "10691121371", "code": 2301, "fclass": "restaurant", "name_left": "Minori", "index_right": 0, "name_right": "Hanoi" }, "geometry": { "type": "Point", "coordinates": [ 105.8090094, 21.0294025 ] } },
{ "type": "Feature", "properties": { "osm_id": "10694242506", "code": 2301, "fclass": "restaurant", "name_left": null, "index_right": 0, "name_right": "Hanoi" }, "geometry": { "type": "Point", "coordinates": [ 105.8528862, 21.0366958 ] } },
{ "type": "Feature", "properties": { "osm_id": "10694726603", "code": 2301, "fclass": "restaurant", "name_left": "Nga Hang Vinh Coi", "index_right": 0, "name_right": "Hanoi" }, "geometry": { "type": "Point", "coordinates": [ 105.8696593, 20.871935 ] } },
{ "type": "Feature", "properties": { "osm_id": "10694763006", "code": 2301, "fclass": "restaurant", "name_left": "Nha Hang Loi Hai Duong", "index_right": 0, "name_right": "Hanoi" }, "geometry": { "type": "Point", "coordinates": [ 105.8696779, 20.8719278 ] } },
{ "type": "Feature", "properties": { "osm_id": "10728843553", "code": 2301, "fclass": "restaurant", "name_left": "The Gourmet Corner", "index_right": 0, "name_right": "Hanoi" }, "geometry": { "type": "Point", "coordinates": [ 105.8521072, 21.0345577 ] } },
{ "type": "Feature", "properties": { "osm_id": "10731139483", "code": 2301, "fclass": "restaurant", "name_left": "Bún bò Huế – Cơm rang Đức Duy", "index_right": 0, "name_right": "Hanoi" }, "geometry": { "type": "Point", "coordinates": [ 105.521583, 21.0017358 ] } },
{ "type": "Feature", "properties": { "osm_id": "10733187892", "code": 2301, "fclass": "restaurant", "name_left": "Lẩu Bò Mai Động 24/7", "index_right": 0, "name_right": "Hanoi" }, "geometry": { "type": "Point", "coordinates": [ 105.8525135, 20.9987706 ] } },
{ "type": "Feature", "properties": { "osm_id": "10734202162", "code": 2301, "fclass": "restaurant", "name_left": "O Bun Cha", "index_right": 0, "name_right": "Hanoi" }, "geometry": { "type": "Point", "coordinates": [ 105.8543042, 21.0339076 ] } },
{ "type": "Feature", "properties": { "osm_id": "10750794206", "code": 2301, "fclass": "restaurant", "name_left": null, "index_right": 0, "name_right": "Hanoi" }, "geometry": { "type": "Point", "coordinates": [ 105.8235433, 21.0683889 ] } },
{ "type": "Feature", "properties": { "osm_id": "10755928805", "code": 2301, "fclass": "restaurant", "name_left": null, "index_right": 0, "name_right": "Hanoi" }, "geometry": { "type": "Point", "coordinates": [ 105.8251602, 21.0682714 ] } },
{ "type": "Feature", "properties": { "osm_id": "10756018605", "code": 2301, "fclass": "restaurant", "name_left": "Chào Bạn", "index_right": 0, "name_right": "Hanoi" }, "geometry": { "type": "Point", "coordinates": [ 105.8224048, 21.0679405 ] } },
{ "type": "Feature", "properties": { "osm_id": "10779680205", "code": 2301, "fclass": "restaurant", "name_left": "Cau man", "index_right": 0, "name_right": "Hanoi" }, "geometry": { "type": "Point", "coordinates": [ 105.8526413, 21.0363224 ] } },
{ "type": "Feature", "properties": { "osm_id": "10806702305", "code": 2301, "fclass": "restaurant", "name_left": null, "index_right": 0, "name_right": "Hanoi" }, "geometry": { "type": "Point", "coordinates": [ 105.8530115, 21.0366384 ] } },
{ "type": "Feature", "properties": { "osm_id": "10823609205", "code": 2301, "fclass": "restaurant", "name_left": "Rk Spice Indian Restaurant", "index_right": 0, "name_right": "Hanoi" }, "geometry": { "type": "Point", "coordinates": [ 105.8488772, 21.0317236 ] } },
{ "type": "Feature", "properties": { "osm_id": "10826886505", "code": 2301, "fclass": "restaurant", "name_left": "Chayfood", "index_right": 0, "name_right": "Hanoi" }, "geometry": { "type": "Point", "coordinates": [ 105.8544242, 21.0329627 ] } },
{ "type": "Feature", "properties": { "osm_id": "10839094347", "code": 2301, "fclass": "restaurant", "name_left": "Nhật Tân Glamping", "index_right": 0, "name_right": "Hanoi" }, "geometry": { "type": "Point", "coordinates": [ 105.8206363, 21.0869773 ] } },
{ "type": "Feature", "properties": { "osm_id": "10839122327", "code": 2301, "fclass": "restaurant", "name_left": "Nhà Hàng Bảo Vy", "index_right": 0, "name_right": "Hanoi" }, "geometry": { "type": "Point", "coordinates": [ 105.8150921, 21.0880678 ] } },
{ "type": "Feature", "properties": { "osm_id": "10848035601", "code": 2301, "fclass": "restaurant", "name_left": "Vua Phở", "index_right": 0, "name_right": "Hanoi" }, "geometry": { "type": "Point", "coordinates": [ 105.8078637, 21.0485161 ] } },
{ "type": "Feature", "properties": { "osm_id": "10848090099", "code": 2301, "fclass": "restaurant", "name_left": "Quán Vịt Zozo", "index_right": 0, "name_right": "Hanoi" }, "geometry": { "type": "Point", "coordinates": [ 105.808876, 21.0482947 ] } },
{ "type": "Feature", "properties": { "osm_id": "10848092608", "code": 2301, "fclass": "restaurant", "name_left": "Cháo Niêu", "index_right": 0, "name_right": "Hanoi" }, "geometry": { "type": "Point", "coordinates": [ 105.8092974, 21.0482401 ] } },
{ "type": "Feature", "properties": { "osm_id": "10856105369", "code": 2301, "fclass": "restaurant", "name_left": "Lòng Bờm - Lòng lợn Thuỵ Khuê", "index_right": 0, "name_right": "Hanoi" }, "geometry": { "type": "Point", "coordinates": [ 105.8097431, 21.0481604 ] } },
{ "type": "Feature", "properties": { "osm_id": "10856105373", "code": 2301, "fclass": "restaurant", "name_left": "Chung Trường - Lòng lợn chợ Bưởi", "index_right": 0, "name_right": "Hanoi" }, "geometry": { "type": "Point", "coordinates": [ 105.8101233, 21.0479914 ] } },
{ "type": "Feature", "properties": { "osm_id": "10860094783", "code": 2301, "fclass": "restaurant", "name_left": "Phở bò gốc gạo (158 Ngọc Hà)", "index_right": 0, "name_right": "Hanoi" }, "geometry": { "type": "Point", "coordinates": [ 105.8297701, 21.0378047 ] } },
{ "type": "Feature", "properties": { "osm_id": "10860106677", "code": 2301, "fclass": "restaurant", "name_left": "Bia Ụ Pháo", "index_right": 0, "name_right": "Hanoi" }, "geometry": { "type": "Point", "coordinates": [ 105.8382738, 21.0441007 ] } },
{ "type": "Feature", "properties": { "osm_id": "10860208388", "code": 2301, "fclass": "restaurant", "name_left": "Phở mặn (gầm cầu)", "index_right": 0, "name_right": "Hanoi" }, "geometry": { "type": "Point", "coordinates": [ 105.8482277, 21.0391359 ] } },
{ "type": "Feature", "properties": { "osm_id": "10860208391", "code": 2301, "fclass": "restaurant", "name_left": "Phở bò Đức Khôi", "index_right": 0, "name_right": "Hanoi" }, "geometry": { "type": "Point", "coordinates": [ 105.8462128, 21.0364989 ] } },
{ "type": "Feature", "properties": { "osm_id": "10860234700", "code": 2301, "fclass": "restaurant", "name_left": "Phở bò Hồ Lợi", "index_right": 0, "name_right": "Hanoi" }, "geometry": { "type": "Point", "coordinates": [ 105.8061257, 21.0875693 ] } },
{ "type": "Feature", "properties": { "osm_id": "10864908605", "code": 2301, "fclass": "restaurant", "name_left": null, "index_right": 0, "name_right": "Hanoi" }, "geometry": { "type": "Point", "coordinates": [ 105.8528146, 21.022095 ] } },
{ "type": "Feature", "properties": { "osm_id": "10867383007", "code": 2301, "fclass": "restaurant", "name_left": null, "index_right": 0, "name_right": "Hanoi" }, "geometry": { "type": "Point", "coordinates": [ 105.8464799, 21.0229682 ] } },
{ "type": "Feature", "properties": { "osm_id": "10871003625", "code": 2301, "fclass": "restaurant", "name_left": "La badiane", "index_right": 0, "name_right": "Hanoi" }, "geometry": { "type": "Point", "coordinates": [ 105.8430715, 21.0266407 ] } },
{ "type": "Feature", "properties": { "osm_id": "10871037101", "code": 2301, "fclass": "restaurant", "name_left": "Luna d'automno", "index_right": 0, "name_right": "Hanoi" }, "geometry": { "type": "Point", "coordinates": [ 105.8428334, 21.0270213 ] } },
{ "type": "Feature", "properties": { "osm_id": "10872881535", "code": 2301, "fclass": "restaurant", "name_left": "Cháo sườn sụn", "index_right": 0, "name_right": "Hanoi" }, "geometry": { "type": "Point", "coordinates": [ 105.8110341, 21.0473666 ] } },
{ "type": "Feature", "properties": { "osm_id": "10879583660", "code": 2301, "fclass": "restaurant", "name_left": "Phở Ty", "index_right": 0, "name_right": "Hanoi" }, "geometry": { "type": "Point", "coordinates": [ 105.803448, 21.0261733 ] } },
{ "type": "Feature", "properties": { "osm_id": "10889558181", "code": 2301, "fclass": "restaurant", "name_left": "Hey Pelo", "index_right": 0, "name_right": "Hanoi" }, "geometry": { "type": "Point", "coordinates": [ 105.8317925, 21.0612865 ] } },
{ "type": "Feature", "properties": { "osm_id": "10901014477", "code": 2301, "fclass": "restaurant", "name_left": "Phở Việt 317 Lê Trọng Tấn", "index_right": 0, "name_right": "Hanoi" }, "geometry": { "type": "Point", "coordinates": [ 105.8261674, 20.9880544 ] } },
{ "type": "Feature", "properties": { "osm_id": "10914422690", "code": 2301, "fclass": "restaurant", "name_left": null, "index_right": 0, "name_right": "Hanoi" }, "geometry": { "type": "Point", "coordinates": [ 105.7690458, 20.955333 ] } },
{ "type": "Feature", "properties": { "osm_id": "10950832105", "code": 2301, "fclass": "restaurant", "name_left": null, "index_right": 0, "name_right": "Hanoi" }, "geometry": { "type": "Point", "coordinates": [ 105.8476827, 21.0473926 ] } },
{ "type": "Feature", "properties": { "osm_id": "11015659150", "code": 2301, "fclass": "restaurant", "name_left": "Bánh Tráng Phú Cường cơ sở 5", "index_right": 0, "name_right": "Hanoi" }, "geometry": { "type": "Point", "coordinates": [ 105.8489241, 21.0092132 ] } },
{ "type": "Feature", "properties": { "osm_id": "11045944747", "code": 2301, "fclass": "restaurant", "name_left": "Nhà Hàng CEMBEER", "index_right": 0, "name_right": "Hanoi" }, "geometry": { "type": "Point", "coordinates": [ 105.7752832, 21.0411155 ] } },
{ "type": "Feature", "properties": { "osm_id": "11049145306", "code": 2301, "fclass": "restaurant", "name_left": null, "index_right": 0, "name_right": "Hanoi" }, "geometry": { "type": "Point", "coordinates": [ 105.8472647, 21.0336884 ] } },
{ "type": "Feature", "properties": { "osm_id": "11068139295", "code": 2301, "fclass": "restaurant", "name_left": "Savio Bar & Restaurant", "index_right": 0, "name_right": "Hanoi" }, "geometry": { "type": "Point", "coordinates": [ 105.7853853, 21.292823 ] } },
{ "type": "Feature", "properties": { "osm_id": "11070385167", "code": 2301, "fclass": "restaurant", "name_left": null, "index_right": 0, "name_right": "Hanoi" }, "geometry": { "type": "Point", "coordinates": [ 105.7832809, 21.0584102 ] } },
{ "type": "Feature", "properties": { "osm_id": "11070385169", "code": 2301, "fclass": "restaurant", "name_left": null, "index_right": 0, "name_right": "Hanoi" }, "geometry": { "type": "Point", "coordinates": [ 105.783221, 21.0583265 ] } },
{ "type": "Feature", "properties": { "osm_id": "11070385170", "code": 2301, "fclass": "restaurant", "name_left": null, "index_right": 0, "name_right": "Hanoi" }, "geometry": { "type": "Point", "coordinates": [ 105.7833098, 21.0587332 ] } },
{ "type": "Feature", "properties": { "osm_id": "11083594406", "code": 2301, "fclass": "restaurant", "name_left": "Chả cá 84", "index_right": 0, "name_right": "Hanoi" }, "geometry": { "type": "Point", "coordinates": [ 105.8459944, 21.0207793 ] } },
{ "type": "Feature", "properties": { "osm_id": "11093570357", "code": 2301, "fclass": "restaurant", "name_left": "Hương Quỳnh - Trâu Ngon 36 Món", "index_right": 0, "name_right": "Hanoi" }, "geometry": { "type": "Point", "coordinates": [ 105.4038355, 21.2149303 ] } },
{ "type": "Feature", "properties": { "osm_id": "11093672118", "code": 2301, "fclass": "restaurant", "name_left": "Thiên Vương Quán nhậu", "index_right": 0, "name_right": "Hanoi" }, "geometry": { "type": "Point", "coordinates": [ 105.3576235, 21.2324195 ] } },
{ "type": "Feature", "properties": { "osm_id": "11093689620", "code": 2301, "fclass": "restaurant", "name_left": "Nhà hàng Việt Hoàng", "index_right": 0, "name_right": "Hanoi" }, "geometry": { "type": "Point", "coordinates": [ 105.3568835, 21.2327278 ] } },
{ "type": "Feature", "properties": { "osm_id": "11093689625", "code": 2301, "fclass": "restaurant", "name_left": null, "index_right": 0, "name_right": "Hanoi" }, "geometry": { "type": "Point", "coordinates": [ 105.3568356, 21.2327453 ] } },
{ "type": "Feature", "properties": { "osm_id": "11093689652", "code": 2301, "fclass": "restaurant", "name_left": "Nhà hàng Anh Vũ", "index_right": 0, "name_right": "Hanoi" }, "geometry": { "type": "Point", "coordinates": [ 105.3564852, 21.2329277 ] } },
{ "type": "Feature", "properties": { "osm_id": "11093689653", "code": 2301, "fclass": "restaurant", "name_left": null, "index_right": 0, "name_right": "Hanoi" }, "geometry": { "type": "Point", "coordinates": [ 105.3565721, 21.2328119 ] } },
{ "type": "Feature", "properties": { "osm_id": "11093721475", "code": 2301, "fclass": "restaurant", "name_left": "Hồng Mến Quán", "index_right": 0, "name_right": "Hanoi" }, "geometry": { "type": "Point", "coordinates": [ 105.3556836, 21.2331321 ] } },
{ "type": "Feature", "properties": { "osm_id": "11101248744", "code": 2301, "fclass": "restaurant", "name_left": "Quán thịt chó", "index_right": 0, "name_right": "Hanoi" }, "geometry": { "type": "Point", "coordinates": [ 105.8440785, 20.9958983 ] } },
{ "type": "Feature", "properties": { "osm_id": "11103970205", "code": 2301, "fclass": "restaurant", "name_left": null, "index_right": 0, "name_right": "Hanoi" }, "geometry": { "type": "Point", "coordinates": [ 105.7707892, 21.2210397 ] } },
{ "type": "Feature", "properties": { "osm_id": "11110950005", "code": 2301, "fclass": "restaurant", "name_left": null, "index_right": 0, "name_right": "Hanoi" }, "geometry": { "type": "Point", "coordinates": [ 105.8465349, 21.0335968 ] } },
{ "type": "Feature", "properties": { "osm_id": "11111605028", "code": 2301, "fclass": "restaurant", "name_left": null, "index_right": 0, "name_right": "Hanoi" }, "geometry": { "type": "Point", "coordinates": [ 105.863912, 20.8705092 ] } },
{ "type": "Feature", "properties": { "osm_id": "11111668705", "code": 2301, "fclass": "restaurant", "name_left": null, "index_right": 0, "name_right": "Hanoi" }, "geometry": { "type": "Point", "coordinates": [ 105.8463597, 21.0117361 ] } },
{ "type": "Feature", "properties": { "osm_id": "11152952965", "code": 2301, "fclass": "restaurant", "name_left": "Quán bia", "index_right": 0, "name_right": "Hanoi" }, "geometry": { "type": "Point", "coordinates": [ 105.777263, 21.0716781 ] } },
{ "type": "Feature", "properties": { "osm_id": "11152959979", "code": 2301, "fclass": "restaurant", "name_left": null, "index_right": 0, "name_right": "Hanoi" }, "geometry": { "type": "Point", "coordinates": [ 105.7728599, 21.0725016 ] } },
{ "type": "Feature", "properties": { "osm_id": "11152959980", "code": 2301, "fclass": "restaurant", "name_left": "bún đậu", "index_right": 0, "name_right": "Hanoi" }, "geometry": { "type": "Point", "coordinates": [ 105.7728491, 21.0724541 ] } },
{ "type": "Feature", "properties": { "osm_id": "11152960193", "code": 2301, "fclass": "restaurant", "name_left": "quán phở", "index_right": 0, "name_right": "Hanoi" }, "geometry": { "type": "Point", "coordinates": [ 105.7768947, 21.0682912 ] } },
{ "type": "Feature", "properties": { "osm_id": "11152981271", "code": 2301, "fclass": "restaurant", "name_left": "quán phở gà", "index_right": 0, "name_right": "Hanoi" }, "geometry": { "type": "Point", "coordinates": [ 105.7766328, 21.0687497 ] } },
{ "type": "Feature", "properties": { "osm_id": "11160267277", "code": 2301, "fclass": "restaurant", "name_left": null, "index_right": 0, "name_right": "Hanoi" }, "geometry": { "type": "Point", "coordinates": [ 105.4151804, 21.2077901 ] } },
{ "type": "Feature", "properties": { "osm_id": "11164095932", "code": 2301, "fclass": "restaurant", "name_left": "Shibuya Paradaisu", "index_right": 0, "name_right": "Hanoi" }, "geometry": { "type": "Point", "coordinates": [ 105.755898, 21.0031099 ] } },
{ "type": "Feature", "properties": { "osm_id": "11164095942", "code": 2301, "fclass": "restaurant", "name_left": "Thai Express", "index_right": 0, "name_right": "Hanoi" }, "geometry": { "type": "Point", "coordinates": [ 105.849603, 21.0109435 ] } },
{ "type": "Feature", "properties": { "osm_id": "11167471044", "code": 2301, "fclass": "restaurant", "name_left": "Nhà hàng Hà Đăng", "index_right": 0, "name_right": "Hanoi" }, "geometry": { "type": "Point", "coordinates": [ 105.7932366, 21.0289153 ] } },
{ "type": "Feature", "properties": { "osm_id": "11167677289", "code": 2301, "fclass": "restaurant", "name_left": "nhà hàng 1", "index_right": 0, "name_right": "Hanoi" }, "geometry": { "type": "Point", "coordinates": [ 105.7735733, 21.0756648 ] } },
{ "type": "Feature", "properties": { "osm_id": "11167677290", "code": 2301, "fclass": "restaurant", "name_left": "nhà hàng 2", "index_right": 0, "name_right": "Hanoi" }, "geometry": { "type": "Point", "coordinates": [ 105.7735703, 21.0755523 ] } },
{ "type": "Feature", "properties": { "osm_id": "11168751430", "code": 2301, "fclass": "restaurant", "name_left": "Ngan chặt Gia Huy", "index_right": 0, "name_right": "Hanoi" }, "geometry": { "type": "Point", "coordinates": [ 105.8035235, 21.0459733 ] } },
{ "type": "Feature", "properties": { "osm_id": "11168787972", "code": 2301, "fclass": "restaurant", "name_left": "Moichi", "index_right": 0, "name_right": "Hanoi" }, "geometry": { "type": "Point", "coordinates": [ 105.8406847, 21.0511266 ] } },
{ "type": "Feature", "properties": { "osm_id": "11169410908", "code": 2301, "fclass": "restaurant", "name_left": null, "index_right": 0, "name_right": "Hanoi" }, "geometry": { "type": "Point", "coordinates": [ 105.7834069, 21.0580838 ] } },
{ "type": "Feature", "properties": { "osm_id": "11169410911", "code": 2301, "fclass": "restaurant", "name_left": null, "index_right": 0, "name_right": "Hanoi" }, "geometry": { "type": "Point", "coordinates": [ 105.7836108, 21.0580074 ] } },
{ "type": "Feature", "properties": { "osm_id": "11169410919", "code": 2301, "fclass": "restaurant", "name_left": null, "index_right": 0, "name_right": "Hanoi" }, "geometry": { "type": "Point", "coordinates": [ 105.7835342, 21.0576576 ] } },
{ "type": "Feature", "properties": { "osm_id": "11169410922", "code": 2301, "fclass": "restaurant", "name_left": null, "index_right": 0, "name_right": "Hanoi" }, "geometry": { "type": "Point", "coordinates": [ 105.7838574, 21.0575343 ] } },
{ "type": "Feature", "properties": { "osm_id": "11169410924", "code": 2301, "fclass": "restaurant", "name_left": null, "index_right": 0, "name_right": "Hanoi" }, "geometry": { "type": "Point", "coordinates": [ 105.7840013, 21.0573868 ] } },
{ "type": "Feature", "properties": { "osm_id": "11169410928", "code": 2301, "fclass": "restaurant", "name_left": null, "index_right": 0, "name_right": "Hanoi" }, "geometry": { "type": "Point", "coordinates": [ 105.7839054, 21.0569388 ] } },
{ "type": "Feature", "properties": { "osm_id": "11186157294", "code": 2301, "fclass": "restaurant", "name_left": "Nhà hàng Hải Yến Bách Khoa", "index_right": 0, "name_right": "Hanoi" }, "geometry": { "type": "Point", "coordinates": [ 105.8425222, 21.00487 ] } },
{ "type": "Feature", "properties": { "osm_id": "11190957358", "code": 2301, "fclass": "restaurant", "name_left": "Quan Com", "index_right": 0, "name_right": "Hanoi" }, "geometry": { "type": "Point", "coordinates": [ 105.7845874, 21.0563747 ] } },
{ "type": "Feature", "properties": { "osm_id": "11197105037", "code": 2301, "fclass": "restaurant", "name_left": "Phở Thế Béo", "index_right": 0, "name_right": "Hanoi" }, "geometry": { "type": "Point", "coordinates": [ 105.8410476, 21.0454338 ] } },
{ "type": "Feature", "properties": { "osm_id": "11200436073", "code": 2301, "fclass": "restaurant", "name_left": "Tamaya", "index_right": 0, "name_right": "Hanoi" }, "geometry": { "type": "Point", "coordinates": [ 105.8424762, 20.9833258 ] } },
{ "type": "Feature", "properties": { "osm_id": "11205745790", "code": 2301, "fclass": "restaurant", "name_left": "Phố đi bộ Carnaby 214", "index_right": 0, "name_right": "Hanoi" }, "geometry": { "type": "Point", "coordinates": [ 105.8021672, 20.9845435 ] } },
{ "type": "Feature", "properties": { "osm_id": "11212149494", "code": 2301, "fclass": "restaurant", "name_left": "Chim Xinh Quán", "index_right": 0, "name_right": "Hanoi" }, "geometry": { "type": "Point", "coordinates": [ 105.8360911, 21.0098808 ] } },
{ "type": "Feature", "properties": { "osm_id": "11212195530", "code": 2301, "fclass": "restaurant", "name_left": "Cơm niêu Singapore KOMBO", "index_right": 0, "name_right": "Hanoi" }, "geometry": { "type": "Point", "coordinates": [ 105.8358985, 21.0102427 ] } },
{ "type": "Feature", "properties": { "osm_id": "11212195531", "code": 2301, "fclass": "restaurant", "name_left": "Bánh tráng Bé My", "index_right": 0, "name_right": "Hanoi" }, "geometry": { "type": "Point", "coordinates": [ 105.8358316, 21.0101638 ] } },
{ "type": "Feature", "properties": { "osm_id": "11212216796", "code": 2301, "fclass": "restaurant", "name_left": "Kichi-Kichi", "index_right": 0, "name_right": "Hanoi" }, "geometry": { "type": "Point", "coordinates": [ 105.8348078, 21.0093544 ] } },
{ "type": "Feature", "properties": { "osm_id": "11212248141", "code": 2301, "fclass": "restaurant", "name_left": "Cơm tấm sườn nướng", "index_right": 0, "name_right": "Hanoi" }, "geometry": { "type": "Point", "coordinates": [ 105.784293, 21.0479495 ] } },
{ "type": "Feature", "properties": { "osm_id": "11212544453", "code": 2301, "fclass": "restaurant", "name_left": "Cơm niêu Tố Uyên", "index_right": 0, "name_right": "Hanoi" }, "geometry": { "type": "Point", "coordinates": [ 105.8333252, 21.0081435 ] } },
{ "type": "Feature", "properties": { "osm_id": "11212544466", "code": 2301, "fclass": "restaurant", "name_left": "Ốc Lan Béo Hải Phòng", "index_right": 0, "name_right": "Hanoi" }, "geometry": { "type": "Point", "coordinates": [ 105.832703, 21.0077784 ] } },
{ "type": "Feature", "properties": { "osm_id": "11215013737", "code": 2301, "fclass": "restaurant", "name_left": null, "index_right": 0, "name_right": "Hanoi" }, "geometry": { "type": "Point", "coordinates": [ 105.8502133, 21.0269185 ] } },
{ "type": "Feature", "properties": { "osm_id": "11215223951", "code": 2301, "fclass": "restaurant", "name_left": null, "index_right": 0, "name_right": "Hanoi" }, "geometry": { "type": "Point", "coordinates": [ 105.7842864, 21.0465699 ] } },
{ "type": "Feature", "properties": { "osm_id": "11215223954", "code": 2301, "fclass": "restaurant", "name_left": null, "index_right": 0, "name_right": "Hanoi" }, "geometry": { "type": "Point", "coordinates": [ 105.7842866, 21.0466268 ] } },
{ "type": "Feature", "properties": { "osm_id": "11215223962", "code": 2301, "fclass": "restaurant", "name_left": "Bún cá hạnh phúc", "index_right": 0, "name_right": "Hanoi" }, "geometry": { "type": "Point", "coordinates": [ 105.7842888, 21.0470658 ] } },
{ "type": "Feature", "properties": { "osm_id": "11215223970", "code": 2301, "fclass": "restaurant", "name_left": "Phở", "index_right": 0, "name_right": "Hanoi" }, "geometry": { "type": "Point", "coordinates": [ 105.7842885, 21.0470096 ] } },
{ "type": "Feature", "properties": { "osm_id": "11215223971", "code": 2301, "fclass": "restaurant", "name_left": "Bún cá Việt Nam", "index_right": 0, "name_right": "Hanoi" }, "geometry": { "type": "Point", "coordinates": [ 105.7842896, 21.0472369 ] } },
{ "type": "Feature", "properties": { "osm_id": "11215223972", "code": 2301, "fclass": "restaurant", "name_left": "Phở Vũ", "index_right": 0, "name_right": "Hanoi" }, "geometry": { "type": "Point", "coordinates": [ 105.7842898, 21.0472914 ] } },
{ "type": "Feature", "properties": { "osm_id": "11215223976", "code": 2301, "fclass": "restaurant", "name_left": "Minh Anh Bia - Bún chả", "index_right": 0, "name_right": "Hanoi" }, "geometry": { "type": "Point", "coordinates": [ 105.7842225, 21.0475194 ] } },
{ "type": "Feature", "properties": { "osm_id": "11215223983", "code": 2301, "fclass": "restaurant", "name_left": "Chảnh Nướng", "index_right": 0, "name_right": "Hanoi" }, "geometry": { "type": "Point", "coordinates": [ 105.7842919, 21.0477247 ] } },
{ "type": "Feature", "properties": { "osm_id": "11217641981", "code": 2301, "fclass": "restaurant", "name_left": "Gogi House", "index_right": 0, "name_right": "Hanoi" }, "geometry": { "type": "Point", "coordinates": [ 105.836301, 21.0101288 ] } },
{ "type": "Feature", "properties": { "osm_id": "11218013237", "code": 2301, "fclass": "restaurant", "name_left": "Nhà hàng Tầm Vị", "index_right": 0, "name_right": "Hanoi" }, "geometry": { "type": "Point", "coordinates": [ 105.8394545, 21.0287751 ] } },
{ "type": "Feature", "properties": { "osm_id": "11219294718", "code": 2301, "fclass": "restaurant", "name_left": "Cơm gà 123", "index_right": 0, "name_right": "Hanoi" }, "geometry": { "type": "Point", "coordinates": [ 105.7818405, 21.0489924 ] } },
{ "type": "Feature", "properties": { "osm_id": "11226865500", "code": 2301, "fclass": "restaurant", "name_left": null, "index_right": 0, "name_right": "Hanoi" }, "geometry": { "type": "Point", "coordinates": [ 105.7832015, 21.0469799 ] } },
{ "type": "Feature", "properties": { "osm_id": "11240624141", "code": 2301, "fclass": "restaurant", "name_left": "bami king", "index_right": 0, "name_right": "Hanoi" }, "geometry": { "type": "Point", "coordinates": [ 105.7897879, 21.0367957 ] } },
{ "type": "Feature", "properties": { "osm_id": "11254919076", "code": 2301, "fclass": "restaurant", "name_left": "Bún Ốc Chuối Đậu", "index_right": 0, "name_right": "Hanoi" }, "geometry": { "type": "Point", "coordinates": [ 105.8458379, 21.0059567 ] } },
{ "type": "Feature", "properties": { "osm_id": "11263842269", "code": 2301, "fclass": "restaurant", "name_left": "Bún Cá Rô Đồng Hương Quỳnh", "index_right": 0, "name_right": "Hanoi" }, "geometry": { "type": "Point", "coordinates": [ 105.8326002, 21.0154663 ] } },
{ "type": "Feature", "properties": { "osm_id": "11263842272", "code": 2301, "fclass": "restaurant", "name_left": "Phở Thìn Béo", "index_right": 0, "name_right": "Hanoi" }, "geometry": { "type": "Point", "coordinates": [ 105.83269, 21.015372 ] } },
{ "type": "Feature", "properties": { "osm_id": "11263842279", "code": 2301, "fclass": "restaurant", "name_left": "Bún Sườn Chua 63", "index_right": 0, "name_right": "Hanoi" }, "geometry": { "type": "Point", "coordinates": [ 105.8329047, 21.0151648 ] } },
{ "type": "Feature", "properties": { "osm_id": "11281683527", "code": 2301, "fclass": "restaurant", "name_left": "Susu Bánh Bao Thượng Hải", "index_right": 0, "name_right": "Hanoi" }, "geometry": { "type": "Point", "coordinates": [ 105.8315838, 21.016386 ] } },
{ "type": "Feature", "properties": { "osm_id": "11286510032", "code": 2301, "fclass": "restaurant", "name_left": "Phở Bò 149", "index_right": 0, "name_right": "Hanoi" }, "geometry": { "type": "Point", "coordinates": [ 105.8315492, 21.0173841 ] } },
{ "type": "Feature", "properties": { "osm_id": "11295820778", "code": 2301, "fclass": "restaurant", "name_left": "Hi, Linh - Bữa Ăn Hoàn Hảo", "index_right": 0, "name_right": "Hanoi" }, "geometry": { "type": "Point", "coordinates": [ 105.8320461, 21.0166385 ] } },
{ "type": "Feature", "properties": { "osm_id": "11301609147", "code": 2301, "fclass": "restaurant", "name_left": "MasterChef", "index_right": 0, "name_right": "Hanoi" }, "geometry": { "type": "Point", "coordinates": [ 105.8334507, 21.0153814 ] } },
{ "type": "Feature", "properties": { "osm_id": "11301620093", "code": 2301, "fclass": "restaurant", "name_left": "Bún Chả Kim Oanh", "index_right": 0, "name_right": "Hanoi" }, "geometry": { "type": "Point", "coordinates": [ 105.8338681, 21.0150528 ] } },
{ "type": "Feature", "properties": { "osm_id": "11345867151", "code": 2301, "fclass": "restaurant", "name_left": "Bánh Cuốn Nong", "index_right": 0, "name_right": "Hanoi" }, "geometry": { "type": "Point", "coordinates": [ 105.8470263, 21.0367029 ] } },
{ "type": "Feature", "properties": { "osm_id": "11346186768", "code": 2301, "fclass": "restaurant", "name_left": "iMeatu Korean BBQ", "index_right": 0, "name_right": "Hanoi" }, "geometry": { "type": "Point", "coordinates": [ 105.8502974, 21.0173967 ] } },
{ "type": "Feature", "properties": { "osm_id": "11371361970", "code": 2301, "fclass": "restaurant", "name_left": "Bánh mì chay Vegan", "index_right": 0, "name_right": "Hanoi" }, "geometry": { "type": "Point", "coordinates": [ 105.8497103, 21.0303507 ] } },
{ "type": "Feature", "properties": { "osm_id": "11371431369", "code": 2301, "fclass": "restaurant", "name_left": "Quán Little Hà Nội", "index_right": 0, "name_right": "Hanoi" }, "geometry": { "type": "Point", "coordinates": [ 105.8489505, 21.0302188 ] } },
{ "type": "Feature", "properties": { "osm_id": "11372720513", "code": 2301, "fclass": "restaurant", "name_left": "Nhà hàng Nhật Bản Minori", "index_right": 0, "name_right": "Hanoi" }, "geometry": { "type": "Point", "coordinates": [ 105.9455472, 20.9917641 ] } },
{ "type": "Feature", "properties": { "osm_id": "11372720514", "code": 2301, "fclass": "restaurant", "name_left": "Ngan Huế Thương", "index_right": 0, "name_right": "Hanoi" }, "geometry": { "type": "Point", "coordinates": [ 105.9456661, 20.9917089 ] } },
{ "type": "Feature", "properties": { "osm_id": "11372720516", "code": 2301, "fclass": "restaurant", "name_left": "Vựa Hải Sản Gió Biển", "index_right": 0, "name_right": "Hanoi" }, "geometry": { "type": "Point", "coordinates": [ 105.9461001, 20.9914455 ] } },
{ "type": "Feature", "properties": { "osm_id": "11372720517", "code": 2301, "fclass": "restaurant", "name_left": "Chao Quán", "index_right": 0, "name_right": "Hanoi" }, "geometry": { "type": "Point", "coordinates": [ 105.9462847, 20.9913416 ] } },
{ "type": "Feature", "properties": { "osm_id": "11409068697", "code": 2301, "fclass": "restaurant", "name_left": "Hải Sư - Cơm Niêu Singapore", "index_right": 0, "name_right": "Hanoi" }, "geometry": { "type": "Point", "coordinates": [ 105.8244082, 21.0270456 ] } },
{ "type": "Feature", "properties": { "osm_id": "11419748771", "code": 2301, "fclass": "restaurant", "name_left": null, "index_right": 0, "name_right": "Hanoi" }, "geometry": { "type": "Point", "coordinates": [ 105.8393322, 21.0266564 ] } },
{ "type": "Feature", "properties": { "osm_id": "11422445326", "code": 2301, "fclass": "restaurant", "name_left": "IVEGAN Supershop", "index_right": 0, "name_right": "Hanoi" }, "geometry": { "type": "Point", "coordinates": [ 105.8496292, 21.0353466 ] } },
{ "type": "Feature", "properties": { "osm_id": "11430174834", "code": 2301, "fclass": "restaurant", "name_left": "KOTO Van Mieu restaurant", "index_right": 0, "name_right": "Hanoi" }, "geometry": { "type": "Point", "coordinates": [ 105.8364294, 21.0283744 ] } },
{ "type": "Feature", "properties": { "osm_id": "11449677586", "code": 2301, "fclass": "restaurant", "name_left": "Lý Club", "index_right": 0, "name_right": "Hanoi" }, "geometry": { "type": "Point", "coordinates": [ 105.8571125, 21.0261699 ] } },
{ "type": "Feature", "properties": { "osm_id": "11449677587", "code": 2301, "fclass": "restaurant", "name_left": "Club América Latina", "index_right": 0, "name_right": "Hanoi" }, "geometry": { "type": "Point", "coordinates": [ 105.8569638, 21.0261752 ] } },
{ "type": "Feature", "properties": { "osm_id": "11451595757", "code": 2301, "fclass": "restaurant", "name_left": "Press Club Hanoi", "index_right": 0, "name_right": "Hanoi" }, "geometry": { "type": "Point", "coordinates": [ 105.8569897, 21.0253337 ] } },
{ "type": "Feature", "properties": { "osm_id": "11462471439", "code": 2301, "fclass": "restaurant", "name_left": "Bánh Canh Ghẹ Mama's No. 1", "index_right": 0, "name_right": "Hanoi" }, "geometry": { "type": "Point", "coordinates": [ 105.8500832, 21.0119589 ] } },
{ "type": "Feature", "properties": { "osm_id": "11462471453", "code": 2301, "fclass": "restaurant", "name_left": "Chân Cánh Gà Rang Muối", "index_right": 0, "name_right": "Hanoi" }, "geometry": { "type": "Point", "coordinates": [ 105.850261, 21.0126416 ] } },
{ "type": "Feature", "properties": { "osm_id": "11463192514", "code": 2301, "fclass": "restaurant", "name_left": "Cơm Văn Phòng", "index_right": 0, "name_right": "Hanoi" }, "geometry": { "type": "Point", "coordinates": [ 105.8499762, 21.0128836 ] } },
{ "type": "Feature", "properties": { "osm_id": "11463192515", "code": 2301, "fclass": "restaurant", "name_left": "Bún - Miến ngan Hạnh Lan", "index_right": 0, "name_right": "Hanoi" }, "geometry": { "type": "Point", "coordinates": [ 105.8500151, 21.0128318 ] } },
{ "type": "Feature", "properties": { "osm_id": "11464505970", "code": 2301, "fclass": "restaurant", "name_left": "Xoi Cat Lam", "index_right": 0, "name_right": "Hanoi" }, "geometry": { "type": "Point", "coordinates": [ 105.8466146, 21.0320441 ] } },
{ "type": "Feature", "properties": { "osm_id": "11468718378", "code": 2301, "fclass": "restaurant", "name_left": "Bánh cuốn nóng 101 Bà Triệu", "index_right": 0, "name_right": "Hanoi" }, "geometry": { "type": "Point", "coordinates": [ 105.8505177, 21.012338 ] } },
{ "type": "Feature", "properties": { "osm_id": "11468718410", "code": 2301, "fclass": "restaurant", "name_left": "Bún Ngon", "index_right": 0, "name_right": "Hanoi" }, "geometry": { "type": "Point", "coordinates": [ 105.8505161, 21.0125427 ] } },
{ "type": "Feature", "properties": { "osm_id": "11468718411", "code": 2301, "fclass": "restaurant", "name_left": "Bún ngon Bình Huyền", "index_right": 0, "name_right": "Hanoi" }, "geometry": { "type": "Point", "coordinates": [ 105.8505406, 21.0126216 ] } },
{ "type": "Feature", "properties": { "osm_id": "11470110667", "code": 2301, "fclass": "restaurant", "name_left": "Cơm Tấm Tỷ Đô", "index_right": 0, "name_right": "Hanoi" }, "geometry": { "type": "Point", "coordinates": [ 105.8505824, 21.0126551 ] } },
{ "type": "Feature", "properties": { "osm_id": "11472430137", "code": 2301, "fclass": "restaurant", "name_left": "Vua Chả Cá", "index_right": 0, "name_right": "Hanoi" }, "geometry": { "type": "Point", "coordinates": [ 105.8509418, 21.0132741 ] } },
{ "type": "Feature", "properties": { "osm_id": "11472430138", "code": 2301, "fclass": "restaurant", "name_left": "Wabi Sabi Sushi", "index_right": 0, "name_right": "Hanoi" }, "geometry": { "type": "Point", "coordinates": [ 105.8509227, 21.0133991 ] } },
{ "type": "Feature", "properties": { "osm_id": "11472430141", "code": 2301, "fclass": "restaurant", "name_left": "Cơm Lệ", "index_right": 0, "name_right": "Hanoi" }, "geometry": { "type": "Point", "coordinates": [ 105.8505575, 21.0130646 ] } },
{ "type": "Feature", "properties": { "osm_id": "11472888175", "code": 2301, "fclass": "restaurant", "name_left": null, "index_right": 0, "name_right": "Hanoi" }, "geometry": { "type": "Point", "coordinates": [ 105.8363726, 21.0280898 ] } },
{ "type": "Feature", "properties": { "osm_id": "11475342476", "code": 2301, "fclass": "restaurant", "name_left": "Café Restaurant Thung Lung Hoa", "index_right": 0, "name_right": "Hanoi" }, "geometry": { "type": "Point", "coordinates": [ 105.8211946, 21.0729786 ] } },
{ "type": "Feature", "properties": { "osm_id": "11476192647", "code": 2301, "fclass": "restaurant", "name_left": "Tokyo Tan-Tan", "index_right": 0, "name_right": "Hanoi" }, "geometry": { "type": "Point", "coordinates": [ 105.8496861, 21.0121321 ] } },
{ "type": "Feature", "properties": { "osm_id": "11478728726", "code": 2301, "fclass": "restaurant", "name_left": "Eggmong Sandwiches", "index_right": 0, "name_right": "Hanoi" }, "geometry": { "type": "Point", "coordinates": [ 105.8247358, 21.068442 ] } },
{ "type": "Feature", "properties": { "osm_id": "11482387942", "code": 2301, "fclass": "restaurant", "name_left": "Cơm 140 Bùi Thị Xuân", "index_right": 0, "name_right": "Hanoi" }, "geometry": { "type": "Point", "coordinates": [ 105.8497105, 21.0124821 ] } },
{ "type": "Feature", "properties": { "osm_id": "11482387990", "code": 2301, "fclass": "restaurant", "name_left": "Phở Hương", "index_right": 0, "name_right": "Hanoi" }, "geometry": { "type": "Point", "coordinates": [ 105.849647, 21.0132932 ] } },
{ "type": "Feature", "properties": { "osm_id": "11490090670", "code": 2301, "fclass": "restaurant", "name_left": "Don Duck", "index_right": 0, "name_right": "Hanoi" }, "geometry": { "type": "Point", "coordinates": [ 105.8516861, 21.0366008 ] } },
{ "type": "Feature", "properties": { "osm_id": "11491092580", "code": 2301, "fclass": "restaurant", "name_left": "Bún Bò Huế Huyền Anh 2", "index_right": 0, "name_right": "Hanoi" }, "geometry": { "type": "Point", "coordinates": [ 105.8501977, 21.0150618 ] } },
{ "type": "Feature", "properties": { "osm_id": "11491092585", "code": 2301, "fclass": "restaurant", "name_left": "Tiệm Ăn Ken", "index_right": 0, "name_right": "Hanoi" }, "geometry": { "type": "Point", "coordinates": [ 105.8502835, 21.0149553 ] } },
{ "type": "Feature", "properties": { "osm_id": "11491290544", "code": 2301, "fclass": "restaurant", "name_left": "Phở Anh", "index_right": 0, "name_right": "Hanoi" }, "geometry": { "type": "Point", "coordinates": [ 105.8502524, 21.0144162 ] } },
{ "type": "Feature", "properties": { "osm_id": "11491305591", "code": 2301, "fclass": "restaurant", "name_left": "Bếp Chay Huệ Nhiên", "index_right": 0, "name_right": "Hanoi" }, "geometry": { "type": "Point", "coordinates": [ 105.8503514, 21.0136947 ] } },
{ "type": "Feature", "properties": { "osm_id": "11491397157", "code": 2301, "fclass": "restaurant", "name_left": "Chả Cá Lã Vọng", "index_right": 0, "name_right": "Hanoi" }, "geometry": { "type": "Point", "coordinates": [ 105.8491519, 21.0356844 ] } },
{ "type": "Feature", "properties": { "osm_id": "11491405059", "code": 2301, "fclass": "restaurant", "name_left": "Chả Cá Thăng Long", "index_right": 0, "name_right": "Hanoi" }, "geometry": { "type": "Point", "coordinates": [ 105.8461226, 21.032965 ] } },
{ "type": "Feature", "properties": { "osm_id": "11491405060", "code": 2301, "fclass": "restaurant", "name_left": "Chả Cá Thăng Long", "index_right": 0, "name_right": "Hanoi" }, "geometry": { "type": "Point", "coordinates": [ 105.8459895, 21.033293 ] } },
{ "type": "Feature", "properties": { "osm_id": "11500070696", "code": 2301, "fclass": "restaurant", "name_left": "Phở bò Tam Giang", "index_right": 0, "name_right": "Hanoi" }, "geometry": { "type": "Point", "coordinates": [ 105.8505216, 21.0149361 ] } },
{ "type": "Feature", "properties": { "osm_id": "11500070697", "code": 2301, "fclass": "restaurant", "name_left": "Khrua Baan Thai", "index_right": 0, "name_right": "Hanoi" }, "geometry": { "type": "Point", "coordinates": [ 105.8505466, 21.0147202 ] } },
{ "type": "Feature", "properties": { "osm_id": "11500070701", "code": 2301, "fclass": "restaurant", "name_left": "Bún bò Huế O Xuân", "index_right": 0, "name_right": "Hanoi" }, "geometry": { "type": "Point", "coordinates": [ 105.8505667, 21.0150782 ] } },
{ "type": "Feature", "properties": { "osm_id": "11500070704", "code": 2301, "fclass": "restaurant", "name_left": "Miến lươn Tân Tân", "index_right": 0, "name_right": "Hanoi" }, "geometry": { "type": "Point", "coordinates": [ 105.8507748, 21.0150736 ] } },
{ "type": "Feature", "properties": { "osm_id": "11500070708", "code": 2301, "fclass": "restaurant", "name_left": "Bún Chả Nem Cua Bể", "index_right": 0, "name_right": "Hanoi" }, "geometry": { "type": "Point", "coordinates": [ 105.8508802, 21.0148792 ] } },
{ "type": "Feature", "properties": { "osm_id": "11505669840", "code": 2301, "fclass": "restaurant", "name_left": "Una Family", "index_right": 0, "name_right": "Hanoi" }, "geometry": { "type": "Point", "coordinates": [ 105.8505962, 21.0142366 ] } },
{ "type": "Feature", "properties": { "osm_id": "11505669841", "code": 2301, "fclass": "restaurant", "name_left": "Nhà hàng Tonchan", "index_right": 0, "name_right": "Hanoi" }, "geometry": { "type": "Point", "coordinates": [ 105.8506281, 21.0142021 ] } },
{ "type": "Feature", "properties": { "osm_id": "11505669842", "code": 2301, "fclass": "restaurant", "name_left": "An Biên Eatery", "index_right": 0, "name_right": "Hanoi" }, "geometry": { "type": "Point", "coordinates": [ 105.8506004, 21.0141696 ] } },
{ "type": "Feature", "properties": { "osm_id": "11505669843", "code": 2301, "fclass": "restaurant", "name_left": "Sumibozu - Gà Nướng Than", "index_right": 0, "name_right": "Hanoi" }, "geometry": { "type": "Point", "coordinates": [ 105.8505752, 21.0140916 ] } },
{ "type": "Feature", "properties": { "osm_id": "11505669845", "code": 2301, "fclass": "restaurant", "name_left": "Chops", "index_right": 0, "name_right": "Hanoi" }, "geometry": { "type": "Point", "coordinates": [ 105.8505814, 21.0139897 ] } },
{ "type": "Feature", "properties": { "osm_id": "11505669846", "code": 2301, "fclass": "restaurant", "name_left": "Ikazaya Yancha", "index_right": 0, "name_right": "Hanoi" }, "geometry": { "type": "Point", "coordinates": [ 105.8505838, 21.0139502 ] } },
{ "type": "Feature", "properties": { "osm_id": "11505968806", "code": 2301, "fclass": "restaurant", "name_left": "Phở Gà 18", "index_right": 0, "name_right": "Hanoi" }, "geometry": { "type": "Point", "coordinates": [ 105.8507629, 21.0136792 ] } },
{ "type": "Feature", "properties": { "osm_id": "11510383979", "code": 2301, "fclass": "restaurant", "name_left": "Yakiniku Sakura", "index_right": 0, "name_right": "Hanoi" }, "geometry": { "type": "Point", "coordinates": [ 105.8497332, 21.0147861 ] } },
{ "type": "Feature", "properties": { "osm_id": "11521920507", "code": 2301, "fclass": "restaurant", "name_left": "washoku IKEDA", "index_right": 0, "name_right": "Hanoi" }, "geometry": { "type": "Point", "coordinates": [ 105.8108024, 21.0348968 ] } },
{ "type": "Feature", "properties": { "osm_id": "11521920510", "code": 2301, "fclass": "restaurant", "name_left": "Street Sushi", "index_right": 0, "name_right": "Hanoi" }, "geometry": { "type": "Point", "coordinates": [ 105.8095517, 21.0376712 ] } },
{ "type": "Feature", "properties": { "osm_id": "11521920511", "code": 2301, "fclass": "restaurant", "name_left": "chikuan", "index_right": 0, "name_right": "Hanoi" }, "geometry": { "type": "Point", "coordinates": [ 105.8104166, 21.0370214 ] } },
{ "type": "Feature", "properties": { "osm_id": "11521920516", "code": 2301, "fclass": "restaurant", "name_left": "らーめん喰龍", "index_right": 0, "name_right": "Hanoi" }, "geometry": { "type": "Point", "coordinates": [ 105.8104808, 21.0359673 ] } },
{ "type": "Feature", "properties": { "osm_id": "11521920521", "code": 2301, "fclass": "restaurant", "name_left": "Quán Quân", "index_right": 0, "name_right": "Hanoi" }, "geometry": { "type": "Point", "coordinates": [ 105.8123704, 21.034468 ] } },
{ "type": "Feature", "properties": { "osm_id": "11529627513", "code": 2301, "fclass": "restaurant", "name_left": "Nhà hàng Hoa An Viên", "index_right": 0, "name_right": "Hanoi" }, "geometry": { "type": "Point", "coordinates": [ 105.7672383, 21.023419 ] } },
{ "type": "Feature", "properties": { "osm_id": "11559364174", "code": 2301, "fclass": "restaurant", "name_left": null, "index_right": 0, "name_right": "Hanoi" }, "geometry": { "type": "Point", "coordinates": [ 105.7896702, 21.0437379 ] } },
{ "type": "Feature", "properties": { "osm_id": "11559465246", "code": 2301, "fclass": "restaurant", "name_left": "Quán Bếp Hàng Xóm", "index_right": 0, "name_right": "Hanoi" }, "geometry": { "type": "Point", "coordinates": [ 105.8171862, 21.0268976 ] } },
{ "type": "Feature", "properties": { "osm_id": "11563394778", "code": 2301, "fclass": "restaurant", "name_left": "Phở Cồ", "index_right": 0, "name_right": "Hanoi" }, "geometry": { "type": "Point", "coordinates": [ 105.7862359, 21.0456914 ] } },
{ "type": "Feature", "properties": { "osm_id": "11563394779", "code": 2301, "fclass": "restaurant", "name_left": "Mì cay Sa Sin", "index_right": 0, "name_right": "Hanoi" }, "geometry": { "type": "Point", "coordinates": [ 105.7862374, 21.0456533 ] } },
{ "type": "Feature", "properties": { "osm_id": "11563394783", "code": 2301, "fclass": "restaurant", "name_left": "Cơm ngon Bình dân", "index_right": 0, "name_right": "Hanoi" }, "geometry": { "type": "Point", "coordinates": [ 105.786234, 21.0454499 ] } },
{ "type": "Feature", "properties": { "osm_id": "11564316616", "code": 2301, "fclass": "restaurant", "name_left": "Xèo Xèo", "index_right": 0, "name_right": "Hanoi" }, "geometry": { "type": "Point", "coordinates": [ 105.7849103, 21.044793 ] } },
{ "type": "Feature", "properties": { "osm_id": "11564316617", "code": 2301, "fclass": "restaurant", "name_left": null, "index_right": 0, "name_right": "Hanoi" }, "geometry": { "type": "Point", "coordinates": [ 105.7847909, 21.0448874 ] } },
{ "type": "Feature", "properties": { "osm_id": "11568539974", "code": 2301, "fclass": "restaurant", "name_left": "Nhà hàng Phúc Lâm", "index_right": 0, "name_right": "Hanoi" }, "geometry": { "type": "Point", "coordinates": [ 105.784162, 21.0442928 ] } },
{ "type": "Feature", "properties": { "osm_id": "11568902926", "code": 2301, "fclass": "restaurant", "name_left": "Cháo lòng Hợp Lý 4", "index_right": 0, "name_right": "Hanoi" }, "geometry": { "type": "Point", "coordinates": [ 105.7861262, 21.0433502 ] } },
{ "type": "Feature", "properties": { "osm_id": "11568902927", "code": 2301, "fclass": "restaurant", "name_left": "Cơm Ngon Quán", "index_right": 0, "name_right": "Hanoi" }, "geometry": { "type": "Point", "coordinates": [ 105.7861234, 21.0433095 ] } },
{ "type": "Feature", "properties": { "osm_id": "11568902928", "code": 2301, "fclass": "restaurant", "name_left": "Phở trâu giật Minh Quân", "index_right": 0, "name_right": "Hanoi" }, "geometry": { "type": "Point", "coordinates": [ 105.786121, 21.043277 ] } },
{ "type": "Feature", "properties": { "osm_id": "11568902930", "code": 2301, "fclass": "restaurant", "name_left": "Quán Cừu Vui Vẻ", "index_right": 0, "name_right": "Hanoi" }, "geometry": { "type": "Point", "coordinates": [ 105.7861186, 21.0432146 ] } },
{ "type": "Feature", "properties": { "osm_id": "11568902932", "code": 2301, "fclass": "restaurant", "name_left": "Minh Sushi", "index_right": 0, "name_right": "Hanoi" }, "geometry": { "type": "Point", "coordinates": [ 105.7861171, 21.0431353 ] } },
{ "type": "Feature", "properties": { "osm_id": "11568902935", "code": 2301, "fclass": "restaurant", "name_left": "Lòng Ngon Quán", "index_right": 0, "name_right": "Hanoi" }, "geometry": { "type": "Point", "coordinates": [ 105.7859577, 21.0431357 ] } },
{ "type": "Feature", "properties": { "osm_id": "11569340570", "code": 2301, "fclass": "restaurant", "name_left": null, "index_right": 0, "name_right": "Hanoi" }, "geometry": { "type": "Point", "coordinates": [ 105.8544177, 21.0344105 ] } },
{ "type": "Feature", "properties": { "osm_id": "11572142338", "code": 2301, "fclass": "restaurant", "name_left": "Samcheop Topokki", "index_right": 0, "name_right": "Hanoi" }, "geometry": { "type": "Point", "coordinates": [ 105.7869133, 21.041801 ] } },
{ "type": "Feature", "properties": { "osm_id": "11572546708", "code": 2301, "fclass": "restaurant", "name_left": "Nhà hàng Ngọc Hiếu", "index_right": 0, "name_right": "Hanoi" }, "geometry": { "type": "Point", "coordinates": [ 105.786396, 21.0427604 ] } },
{ "type": "Feature", "properties": { "osm_id": "11573034201", "code": 2301, "fclass": "restaurant", "name_left": "G46", "index_right": 0, "name_right": "Hanoi" }, "geometry": { "type": "Point", "coordinates": [ 105.7863373, 21.0418895 ] } },
{ "type": "Feature", "properties": { "osm_id": "11573195867", "code": 2301, "fclass": "restaurant", "name_left": null, "index_right": 0, "name_right": "Hanoi" }, "geometry": { "type": "Point", "coordinates": [ 105.7875767, 21.0433538 ] } },
{ "type": "Feature", "properties": { "osm_id": "11575869869", "code": 2301, "fclass": "restaurant", "name_left": null, "index_right": 0, "name_right": "Hanoi" }, "geometry": { "type": "Point", "coordinates": [ 105.8478445, 21.019251 ] } },
{ "type": "Feature", "properties": { "osm_id": "11578133306", "code": 2301, "fclass": "restaurant", "name_left": "Nhà hàng Dũng Quyên", "index_right": 0, "name_right": "Hanoi" }, "geometry": { "type": "Point", "coordinates": [ 105.782087, 21.0457561 ] } },
{ "type": "Feature", "properties": { "osm_id": "11584471212", "code": 2301, "fclass": "restaurant", "name_left": "Dũng Thuỷ", "index_right": 0, "name_right": "Hanoi" }, "geometry": { "type": "Point", "coordinates": [ 105.7814927, 21.0443217 ] } },
{ "type": "Feature", "properties": { "osm_id": "11586911182", "code": 2301, "fclass": "restaurant", "name_left": "Kiều Hoa Quán", "index_right": 0, "name_right": "Hanoi" }, "geometry": { "type": "Point", "coordinates": [ 105.7843548, 21.0449085 ] } },
{ "type": "Feature", "properties": { "osm_id": "11586915429", "code": 2301, "fclass": "restaurant", "name_left": "Bún đậu Cúc Cu", "index_right": 0, "name_right": "Hanoi" }, "geometry": { "type": "Point", "coordinates": [ 105.785841, 21.0455868 ] } },
{ "type": "Feature", "properties": { "osm_id": "11586987534", "code": 2301, "fclass": "restaurant", "name_left": "Thiên Lộc Quán", "index_right": 0, "name_right": "Hanoi" }, "geometry": { "type": "Point", "coordinates": [ 105.7840889, 21.0450525 ] } },
{ "type": "Feature", "properties": { "osm_id": "11590640347", "code": 2301, "fclass": "restaurant", "name_left": "Cơm Quê Phố Cổ", "index_right": 0, "name_right": "Hanoi" }, "geometry": { "type": "Point", "coordinates": [ 105.7842289, 21.0454315 ] } },
{ "type": "Feature", "properties": { "osm_id": "11590640352", "code": 2301, "fclass": "restaurant", "name_left": "Cồ Dạt - Phở Bò Nam Định", "index_right": 0, "name_right": "Hanoi" }, "geometry": { "type": "Point", "coordinates": [ 105.784229, 21.0454658 ] } },
{ "type": "Feature", "properties": { "osm_id": "11590640353", "code": 2301, "fclass": "restaurant", "name_left": null, "index_right": 0, "name_right": "Hanoi" }, "geometry": { "type": "Point", "coordinates": [ 105.7842291, 21.0454975 ] } },
{ "type": "Feature", "properties": { "osm_id": "11590640359", "code": 2301, "fclass": "restaurant", "name_left": "Bánh cuốn nóng", "index_right": 0, "name_right": "Hanoi" }, "geometry": { "type": "Point", "coordinates": [ 105.7842292, 21.0455624 ] } },
{ "type": "Feature", "properties": { "osm_id": "11590640365", "code": 2301, "fclass": "restaurant", "name_left": "Hoàng Nam 89", "index_right": 0, "name_right": "Hanoi" }, "geometry": { "type": "Point", "coordinates": [ 105.7842294, 21.0456249 ] } },
{ "type": "Feature", "properties": { "osm_id": "11590657186", "code": 2301, "fclass": "restaurant", "name_left": "Yêu Huế", "index_right": 0, "name_right": "Hanoi" }, "geometry": { "type": "Point", "coordinates": [ 105.7842293, 21.0458928 ] } },
{ "type": "Feature", "properties": { "osm_id": "11591201351", "code": 2301, "fclass": "restaurant", "name_left": "Bún Chả Quê", "index_right": 0, "name_right": "Hanoi" }, "geometry": { "type": "Point", "coordinates": [ 105.8481531, 21.0130593 ] } },
{ "type": "Feature", "properties": { "osm_id": "11591740419", "code": 2301, "fclass": "restaurant", "name_left": "Bánh cuốn gia truyền Thanh Vân", "index_right": 0, "name_right": "Hanoi" }, "geometry": { "type": "Point", "coordinates": [ 105.8498107, 21.0153054 ] } },
{ "type": "Feature", "properties": { "osm_id": "11591740420", "code": 2301, "fclass": "restaurant", "name_left": "Sushila", "index_right": 0, "name_right": "Hanoi" }, "geometry": { "type": "Point", "coordinates": [ 105.8498083, 21.0153918 ] } },
{ "type": "Feature", "properties": { "osm_id": "11597884064", "code": 2301, "fclass": "restaurant", "name_left": "Cơm sinh viên", "index_right": 0, "name_right": "Hanoi" }, "geometry": { "type": "Point", "coordinates": [ 105.7830982, 21.0408034 ] } },
{ "type": "Feature", "properties": { "osm_id": "11598930306", "code": 2301, "fclass": "restaurant", "name_left": "Bánh cuốn nóng 117 Bà Triệu", "index_right": 0, "name_right": "Hanoi" }, "geometry": { "type": "Point", "coordinates": [ 105.8494249, 21.0157917 ] } },
{ "type": "Feature", "properties": { "osm_id": "11601240069", "code": 2301, "fclass": "restaurant", "name_left": null, "index_right": 0, "name_right": "Hanoi" }, "geometry": { "type": "Point", "coordinates": [ 105.8519596, 21.033803 ] } },
{ "type": "Feature", "properties": { "osm_id": "11601353643", "code": 2301, "fclass": "restaurant", "name_left": "Hiệu Cơm Việt Nam", "index_right": 0, "name_right": "Hanoi" }, "geometry": { "type": "Point", "coordinates": [ 105.8497525, 21.01619 ] } },
{ "type": "Feature", "properties": { "osm_id": "11601645095", "code": 2301, "fclass": "restaurant", "name_left": "Cơm Rang - Phở - Bún Cháo", "index_right": 0, "name_right": "Hanoi" }, "geometry": { "type": "Point", "coordinates": [ 105.8497579, 21.0167091 ] } },
{ "type": "Feature", "properties": { "osm_id": "11601645100", "code": 2301, "fclass": "restaurant", "name_left": "Bún Ốc Cổ Hà Nội", "index_right": 0, "name_right": "Hanoi" }, "geometry": { "type": "Point", "coordinates": [ 105.8497633, 21.0167569 ] } },
{ "type": "Feature", "properties": { "osm_id": "11601860469", "code": 2301, "fclass": "restaurant", "name_left": null, "index_right": 0, "name_right": "Hanoi" }, "geometry": { "type": "Point", "coordinates": [ 105.8424927, 21.0454582 ] } },
{ "type": "Feature", "properties": { "osm_id": "11606781369", "code": 2301, "fclass": "restaurant", "name_left": null, "index_right": 0, "name_right": "Hanoi" }, "geometry": { "type": "Point", "coordinates": [ 105.8284405, 21.0639035 ] } },
{ "type": "Feature", "properties": { "osm_id": "11609602708", "code": 2301, "fclass": "restaurant", "name_left": "Mr. Bảy Miền Tây", "index_right": 0, "name_right": "Hanoi" }, "geometry": { "type": "Point", "coordinates": [ 105.8469059, 21.0320556 ] } },
{ "type": "Feature", "properties": { "osm_id": "11609617209", "code": 2301, "fclass": "restaurant", "name_left": "The Hanoi Cafe", "index_right": 0, "name_right": "Hanoi" }, "geometry": { "type": "Point", "coordinates": [ 105.8480563, 21.0321366 ] } },
{ "type": "Feature", "properties": { "osm_id": "11609621388", "code": 2301, "fclass": "restaurant", "name_left": "Chả Cá Thăng Long", "index_right": 0, "name_right": "Hanoi" }, "geometry": { "type": "Point", "coordinates": [ 105.8460186, 21.0329467 ] } },
{ "type": "Feature", "properties": { "osm_id": "11613547706", "code": 2301, "fclass": "restaurant", "name_left": "Mỳ Vằn Thắn - Mỳ gia Quảng Đông Kố Kiên", "index_right": 0, "name_right": "Hanoi" }, "geometry": { "type": "Point", "coordinates": [ 105.8500699, 21.0153601 ] } },
{ "type": "Feature", "properties": { "osm_id": "11613547708", "code": 2301, "fclass": "restaurant", "name_left": "Broho Beer", "index_right": 0, "name_right": "Hanoi" }, "geometry": { "type": "Point", "coordinates": [ 105.8503388, 21.0153174 ] } },
{ "type": "Feature", "properties": { "osm_id": "11613547721", "code": 2301, "fclass": "restaurant", "name_left": "Lẩu cua đồng Hòa Lạc", "index_right": 0, "name_right": "Hanoi" }, "geometry": { "type": "Point", "coordinates": [ 105.8502131, 21.015922 ] } },
{ "type": "Feature", "properties": { "osm_id": "11613547722", "code": 2301, "fclass": "restaurant", "name_left": "Bánh Cuốn 86", "index_right": 0, "name_right": "Hanoi" }, "geometry": { "type": "Point", "coordinates": [ 105.8502267, 21.0160144 ] } },
{ "type": "Feature", "properties": { "osm_id": "11614903233", "code": 2301, "fclass": "restaurant", "name_left": "Mini Food Court", "index_right": 0, "name_right": "Hanoi" }, "geometry": { "type": "Point", "coordinates": [ 105.7828416, 21.0375579 ] } },
{ "type": "Feature", "properties": { "osm_id": "11615961387", "code": 2301, "fclass": "restaurant", "name_left": "Hồ Lô Quán", "index_right": 0, "name_right": "Hanoi" }, "geometry": { "type": "Point", "coordinates": [ 105.8502118, 21.0162389 ] } },
{ "type": "Feature", "properties": { "osm_id": "11615961392", "code": 2301, "fclass": "restaurant", "name_left": "Cháo 37", "index_right": 0, "name_right": "Hanoi" }, "geometry": { "type": "Point", "coordinates": [ 105.8500046, 21.0167751 ] } },
{ "type": "Feature", "properties": { "osm_id": "11615961396", "code": 2301, "fclass": "restaurant", "name_left": "Bún Chả - Nem Rán", "index_right": 0, "name_right": "Hanoi" }, "geometry": { "type": "Point", "coordinates": [ 105.8498791, 21.0166595 ] } },
{ "type": "Feature", "properties": { "osm_id": "11615961404", "code": 2301, "fclass": "restaurant", "name_left": "Quán cơm Minh Hiền", "index_right": 0, "name_right": "Hanoi" }, "geometry": { "type": "Point", "coordinates": [ 105.8499661, 21.0160697 ] } },
{ "type": "Feature", "properties": { "osm_id": "11617757741", "code": 2301, "fclass": "restaurant", "name_left": null, "index_right": 0, "name_right": "Hanoi" }, "geometry": { "type": "Point", "coordinates": [ 105.7819253, 21.0403903 ] } },
{ "type": "Feature", "properties": { "osm_id": "11617757742", "code": 2301, "fclass": "restaurant", "name_left": null, "index_right": 0, "name_right": "Hanoi" }, "geometry": { "type": "Point", "coordinates": [ 105.7820646, 21.0403867 ] } },
{ "type": "Feature", "properties": { "osm_id": "11617757743", "code": 2301, "fclass": "restaurant", "name_left": "Quán cơm Đại Long", "index_right": 0, "name_right": "Hanoi" }, "geometry": { "type": "Point", "coordinates": [ 105.7822154, 21.0403849 ] } },
{ "type": "Feature", "properties": { "osm_id": "11617804909", "code": 2301, "fclass": "restaurant", "name_left": "Canteen A10", "index_right": 0, "name_right": "Hanoi" }, "geometry": { "type": "Point", "coordinates": [ 105.7842605, 21.0405087 ] } },
{ "type": "Feature", "properties": { "osm_id": "11617804910", "code": 2301, "fclass": "restaurant", "name_left": "Bánh cuốn Bà Khê", "index_right": 0, "name_right": "Hanoi" }, "geometry": { "type": "Point", "coordinates": [ 105.7843637, 21.040504 ] } },
{ "type": "Feature", "properties": { "osm_id": "11618453369", "code": 2301, "fclass": "restaurant", "name_left": null, "index_right": 0, "name_right": "Hanoi" }, "geometry": { "type": "Point", "coordinates": [ 105.8544412, 21.032666 ] } },
{ "type": "Feature", "properties": { "osm_id": "11618566526", "code": 2301, "fclass": "restaurant", "name_left": "Cơm Nam Đen", "index_right": 0, "name_right": "Hanoi" }, "geometry": { "type": "Point", "coordinates": [ 105.7818791, 21.0381044 ] } },
{ "type": "Feature", "properties": { "osm_id": "11618566527", "code": 2301, "fclass": "restaurant", "name_left": "Quán 286", "index_right": 0, "name_right": "Hanoi" }, "geometry": { "type": "Point", "coordinates": [ 105.7818482, 21.0382215 ] } },
{ "type": "Feature", "properties": { "osm_id": "11618566528", "code": 2301, "fclass": "restaurant", "name_left": "Bún đậu Tú Kiểu", "index_right": 0, "name_right": "Hanoi" }, "geometry": { "type": "Point", "coordinates": [ 105.7819155, 21.0382283 ] } },
{ "type": "Feature", "properties": { "osm_id": "11618566529", "code": 2301, "fclass": "restaurant", "name_left": "Korea Food", "index_right": 0, "name_right": "Hanoi" }, "geometry": { "type": "Point", "coordinates": [ 105.7819355, 21.0381808 ] } },
{ "type": "Feature", "properties": { "osm_id": "11618650232", "code": 2301, "fclass": "restaurant", "name_left": "Phở", "index_right": 0, "name_right": "Hanoi" }, "geometry": { "type": "Point", "coordinates": [ 105.7828028, 21.0368571 ] } },
{ "type": "Feature", "properties": { "osm_id": "11618650233", "code": 2301, "fclass": "restaurant", "name_left": "Thái Phở Cuốn", "index_right": 0, "name_right": "Hanoi" }, "geometry": { "type": "Point", "coordinates": [ 105.7828855, 21.0368552 ] } },
{ "type": "Feature", "properties": { "osm_id": "11622421769", "code": 2301, "fclass": "restaurant", "name_left": null, "index_right": 0, "name_right": "Hanoi" }, "geometry": { "type": "Point", "coordinates": [ 105.8524306, 21.0322969 ] } },
{ "type": "Feature", "properties": { "osm_id": "11625397932", "code": 2301, "fclass": "restaurant", "name_left": "Gumiho", "index_right": 0, "name_right": "Hanoi" }, "geometry": { "type": "Point", "coordinates": [ 105.849991, 21.0139975 ] } },
{ "type": "Feature", "properties": { "osm_id": "11625397934", "code": 2301, "fclass": "restaurant", "name_left": "Trâu Ngon Quán", "index_right": 0, "name_right": "Hanoi" }, "geometry": { "type": "Point", "coordinates": [ 105.850019, 21.0136368 ] } },
{ "type": "Feature", "properties": { "osm_id": "11625397943", "code": 2301, "fclass": "restaurant", "name_left": "Mr. Big Beef - Bò Nướng Tảng", "index_right": 0, "name_right": "Hanoi" }, "geometry": { "type": "Point", "coordinates": [ 105.8500087, 21.0145105 ] } },
{ "type": "Feature", "properties": { "osm_id": "11626870546", "code": 2301, "fclass": "restaurant", "name_left": "Quan Ga Coi", "index_right": 0, "name_right": "Hanoi" }, "geometry": { "type": "Point", "coordinates": [ 105.8678339, 21.038145 ] } },
{ "type": "Feature", "properties": { "osm_id": "11626870547", "code": 2301, "fclass": "restaurant", "name_left": "Quan Pho Huong", "index_right": 0, "name_right": "Hanoi" }, "geometry": { "type": "Point", "coordinates": [ 105.867775, 21.0382212 ] } },
{ "type": "Feature", "properties": { "osm_id": "11633344430", "code": 2301, "fclass": "restaurant", "name_left": "Tiệm vịt tiềm A Cường", "index_right": 0, "name_right": "Hanoi" }, "geometry": { "type": "Point", "coordinates": [ 105.8688786, 21.0453824 ] } },
{ "type": "Feature", "properties": { "osm_id": "11633344438", "code": 2301, "fclass": "restaurant", "name_left": "YelaPutra Chè", "index_right": 0, "name_right": "Hanoi" }, "geometry": { "type": "Point", "coordinates": [ 105.8685465, 21.0452114 ] } },
{ "type": "Feature", "properties": { "osm_id": "11633344439", "code": 2301, "fclass": "restaurant", "name_left": "Cơm cháy gà Lẩu gà thuốc Bắc", "index_right": 0, "name_right": "Hanoi" }, "geometry": { "type": "Point", "coordinates": [ 105.8685243, 21.0451979 ] } },
{ "type": "Feature", "properties": { "osm_id": "11633344440", "code": 2301, "fclass": "restaurant", "name_left": "Quán Nam Vịt", "index_right": 0, "name_right": "Hanoi" }, "geometry": { "type": "Point", "coordinates": [ 105.8685022, 21.0451841 ] } },
{ "type": "Feature", "properties": { "osm_id": "11633344441", "code": 2301, "fclass": "restaurant", "name_left": "Thanh bún ngan", "index_right": 0, "name_right": "Hanoi" }, "geometry": { "type": "Point", "coordinates": [ 105.8684163, 21.0451498 ] } },
{ "type": "Feature", "properties": { "osm_id": "11633344446", "code": 2301, "fclass": "restaurant", "name_left": "Nem lụi Huế", "index_right": 0, "name_right": "Hanoi" }, "geometry": { "type": "Point", "coordinates": [ 105.8682281, 21.0450506 ] } },
{ "type": "Feature", "properties": { "osm_id": "11644509069", "code": 2301, "fclass": "restaurant", "name_left": "Phương Nguyên Quán", "index_right": 0, "name_right": "Hanoi" }, "geometry": { "type": "Point", "coordinates": [ 105.7930668, 21.042005 ] } },
{ "type": "Feature", "properties": { "osm_id": "11649543059", "code": 2301, "fclass": "restaurant", "name_left": "Miến lươn Tân Tân", "index_right": 0, "name_right": "Hanoi" }, "geometry": { "type": "Point", "coordinates": [ 105.8508477, 21.0152615 ] } },
{ "type": "Feature", "properties": { "osm_id": "11649543061", "code": 2301, "fclass": "restaurant", "name_left": "Phở Sướng Cô Mười", "index_right": 0, "name_right": "Hanoi" }, "geometry": { "type": "Point", "coordinates": [ 105.8508537, 21.0153899 ] } },
{ "type": "Feature", "properties": { "osm_id": "11649693308", "code": 2301, "fclass": "restaurant", "name_left": "Shinbashi", "index_right": 0, "name_right": "Hanoi" }, "geometry": { "type": "Point", "coordinates": [ 105.8505547, 21.0157817 ] } },
{ "type": "Feature", "properties": { "osm_id": "11649693309", "code": 2301, "fclass": "restaurant", "name_left": "Bún Ốc Phong", "index_right": 0, "name_right": "Hanoi" }, "geometry": { "type": "Point", "coordinates": [ 105.850551, 21.0158426 ] } },
{ "type": "Feature", "properties": { "osm_id": "11652045469", "code": 2301, "fclass": "restaurant", "name_left": null, "index_right": 0, "name_right": "Hanoi" }, "geometry": { "type": "Point", "coordinates": [ 105.8489375, 21.0296969 ] } },
{ "type": "Feature", "properties": { "osm_id": "11652527569", "code": 2301, "fclass": "restaurant", "name_left": "BANH Mi NHE", "index_right": 0, "name_right": "Hanoi" }, "geometry": { "type": "Point", "coordinates": [ 105.856488, 21.0303627 ] } },
{ "type": "Feature", "properties": { "osm_id": "11652644710", "code": 2301, "fclass": "restaurant", "name_left": "Rajbhog", "index_right": 0, "name_right": "Hanoi" }, "geometry": { "type": "Point", "coordinates": [ 105.8489144, 21.0352691 ] } },
{ "type": "Feature", "properties": { "osm_id": "11652724264", "code": 2301, "fclass": "restaurant", "name_left": "Ramkrishna", "index_right": 0, "name_right": "Hanoi" }, "geometry": { "type": "Point", "coordinates": [ 105.8521393, 21.0360566 ] } },
{ "type": "Feature", "properties": { "osm_id": "11652855477", "code": 2301, "fclass": "restaurant", "name_left": "Phở Dũng cơ sở 3", "index_right": 0, "name_right": "Hanoi" }, "geometry": { "type": "Point", "coordinates": [ 105.8741185, 20.9959296 ] } },
{ "type": "Feature", "properties": { "osm_id": "11655427673", "code": 2301, "fclass": "restaurant", "name_left": "Hill Top Curry", "index_right": 0, "name_right": "Hanoi" }, "geometry": { "type": "Point", "coordinates": [ 105.8474529, 21.038279 ] } },
{ "type": "Feature", "properties": { "osm_id": "11655592469", "code": 2301, "fclass": "restaurant", "name_left": "1", "index_right": 0, "name_right": "Hanoi" }, "geometry": { "type": "Point", "coordinates": [ 105.7991243, 21.0354292 ] } },
{ "type": "Feature", "properties": { "osm_id": "11655642769", "code": 2301, "fclass": "restaurant", "name_left": null, "index_right": 0, "name_right": "Hanoi" }, "geometry": { "type": "Point", "coordinates": [ 105.8426296, 21.0188392 ] } },
{ "type": "Feature", "properties": { "osm_id": "11659995710", "code": 2301, "fclass": "restaurant", "name_left": "Taipei Express", "index_right": 0, "name_right": "Hanoi" }, "geometry": { "type": "Point", "coordinates": [ 105.8496749, 21.0103485 ] } },
{ "type": "Feature", "properties": { "osm_id": "11662204175", "code": 2301, "fclass": "restaurant", "name_left": "Bún Bung", "index_right": 0, "name_right": "Hanoi" }, "geometry": { "type": "Point", "coordinates": [ 105.8496521, 21.0105069 ] } },
{ "type": "Feature", "properties": { "osm_id": "11663033697", "code": 2301, "fclass": "restaurant", "name_left": "Phở Thìn 1979", "index_right": 0, "name_right": "Hanoi" }, "geometry": { "type": "Point", "coordinates": [ 105.8350287, 21.0337897 ] } },
{ "type": "Feature", "properties": { "osm_id": "11671779518", "code": 2301, "fclass": "restaurant", "name_left": "Bia 23", "index_right": 0, "name_right": "Hanoi" }, "geometry": { "type": "Point", "coordinates": [ 105.8521659, 21.0348698 ] } },
{ "type": "Feature", "properties": { "osm_id": "11671828321", "code": 2301, "fclass": "restaurant", "name_left": "Hai Yen", "index_right": 0, "name_right": "Hanoi" }, "geometry": { "type": "Point", "coordinates": [ 105.8521493, 21.034911 ] } },
{ "type": "Feature", "properties": { "osm_id": "11671842647", "code": 2301, "fclass": "restaurant", "name_left": "Thinh Vuong", "index_right": 0, "name_right": "Hanoi" }, "geometry": { "type": "Point", "coordinates": [ 105.8521, 21.0350998 ] } },
{ "type": "Feature", "properties": { "osm_id": "11671848849", "code": 2301, "fclass": "restaurant", "name_left": "Com Nien Viet", "index_right": 0, "name_right": "Hanoi" }, "geometry": { "type": "Point", "coordinates": [ 105.849273, 21.0353303 ] } },
{ "type": "Feature", "properties": { "osm_id": "11672848992", "code": 2301, "fclass": "restaurant", "name_left": "Midori House", "index_right": 0, "name_right": "Hanoi" }, "geometry": { "type": "Point", "coordinates": [ 105.8501165, 21.0098004 ] } },
{ "type": "Feature", "properties": { "osm_id": "11672849014", "code": 2301, "fclass": "restaurant", "name_left": "Bún Chả Chan", "index_right": 0, "name_right": "Hanoi" }, "geometry": { "type": "Point", "coordinates": [ 105.8506706, 21.0102216 ] } },
{ "type": "Feature", "properties": { "osm_id": "11675163969", "code": 2301, "fclass": "restaurant", "name_left": "Xôi Tiến", "index_right": 0, "name_right": "Hanoi" }, "geometry": { "type": "Point", "coordinates": [ 105.848015, 21.0292381 ] } },
{ "type": "Feature", "properties": { "osm_id": "11675985402", "code": 2301, "fclass": "restaurant", "name_left": "Bún đậu, giả cày", "index_right": 0, "name_right": "Hanoi" }, "geometry": { "type": "Point", "coordinates": [ 105.8468451, 21.0394264 ] } },
{ "type": "Feature", "properties": { "osm_id": "11675985403", "code": 2301, "fclass": "restaurant", "name_left": "Chả cá lăng Toàn Xuân", "index_right": 0, "name_right": "Hanoi" }, "geometry": { "type": "Point", "coordinates": [ 105.8468352, 21.0393809 ] } },
{ "type": "Feature", "properties": { "osm_id": "11675985407", "code": 2301, "fclass": "restaurant", "name_left": "Nhà hàng Đồng Đội", "index_right": 0, "name_right": "Hanoi" }, "geometry": { "type": "Point", "coordinates": [ 105.8467824, 21.0391319 ] } },
{ "type": "Feature", "properties": { "osm_id": "11675985408", "code": 2301, "fclass": "restaurant", "name_left": "Phố nướng xứ Lạng", "index_right": 0, "name_right": "Hanoi" }, "geometry": { "type": "Point", "coordinates": [ 105.8467609, 21.0390476 ] } },
{ "type": "Feature", "properties": { "osm_id": "11675985410", "code": 2301, "fclass": "restaurant", "name_left": "Nhà hàng Quả Trám", "index_right": 0, "name_right": "Hanoi" }, "geometry": { "type": "Point", "coordinates": [ 105.846716, 21.0387871 ] } },
{ "type": "Feature", "properties": { "osm_id": "11675985412", "code": 2301, "fclass": "restaurant", "name_left": "Lươn đồng xứ Nghệ", "index_right": 0, "name_right": "Hanoi" }, "geometry": { "type": "Point", "coordinates": [ 105.846693, 21.0387 ] } },
{ "type": "Feature", "properties": { "osm_id": "11675985415", "code": 2301, "fclass": "restaurant", "name_left": "Bò nầm nướng Puka", "index_right": 0, "name_right": "Hanoi" }, "geometry": { "type": "Point", "coordinates": [ 105.8470423, 21.0394305 ] } },
{ "type": "Feature", "properties": { "osm_id": "11675985428", "code": 2301, "fclass": "restaurant", "name_left": "Nhà hàng Bít tết Ngọc Hiếu", "index_right": 0, "name_right": "Hanoi" }, "geometry": { "type": "Point", "coordinates": [ 105.8470315, 21.0388393 ] } },
{ "type": "Feature", "properties": { "osm_id": "11676661169", "code": 2301, "fclass": "restaurant", "name_left": "Quán Bánh Cuốn Nóng Gia Truyền", "index_right": 0, "name_right": "Hanoi" }, "geometry": { "type": "Point", "coordinates": [ 105.8301501, 21.034455 ] } },
{ "type": "Feature", "properties": { "osm_id": "11683507069", "code": 2301, "fclass": "restaurant", "name_left": "Phở Tư lùn", "index_right": 0, "name_right": "Hanoi" }, "geometry": { "type": "Point", "coordinates": [ 105.8475526, 21.0365868 ] } },
{ "type": "Feature", "properties": { "osm_id": "11683982774", "code": 2301, "fclass": "restaurant", "name_left": "Nhà hàng Thanh Thủy", "index_right": 0, "name_right": "Hanoi" }, "geometry": { "type": "Point", "coordinates": [ 105.8472545, 21.0392339 ] } },
{ "type": "Feature", "properties": { "osm_id": "11683982775", "code": 2301, "fclass": "restaurant", "name_left": "Lẩu dê Nhất Ly", "index_right": 0, "name_right": "Hanoi" }, "geometry": { "type": "Point", "coordinates": [ 105.8472791, 21.0391463 ] } },
{ "type": "Feature", "properties": { "osm_id": "11683982777", "code": 2301, "fclass": "restaurant", "name_left": "Long Wang", "index_right": 0, "name_right": "Hanoi" }, "geometry": { "type": "Point", "coordinates": [ 105.8472713, 21.039002 ] } },
{ "type": "Feature", "properties": { "osm_id": "11683982795", "code": 2301, "fclass": "restaurant", "name_left": "Bà Hoa Lẩu nướng", "index_right": 0, "name_right": "Hanoi" }, "geometry": { "type": "Point", "coordinates": [ 105.8479937, 21.0392402 ] } },
{ "type": "Feature", "properties": { "osm_id": "11685045538", "code": 2301, "fclass": "restaurant", "name_left": "Bún Ốc Chúc Thúy", "index_right": 0, "name_right": "Hanoi" }, "geometry": { "type": "Point", "coordinates": [ 105.8508568, 21.0094979 ] } },
{ "type": "Feature", "properties": { "osm_id": "11697674105", "code": 2301, "fclass": "restaurant", "name_left": "Phở Gà Ta", "index_right": 0, "name_right": "Hanoi" }, "geometry": { "type": "Point", "coordinates": [ 105.8514359, 21.010364 ] } },
{ "type": "Feature", "properties": { "osm_id": "11697674106", "code": 2301, "fclass": "restaurant", "name_left": "Bò Nhúng Dấm", "index_right": 0, "name_right": "Hanoi" }, "geometry": { "type": "Point", "coordinates": [ 105.851454, 21.0104074 ] } },
{ "type": "Feature", "properties": { "osm_id": "11697674110", "code": 2301, "fclass": "restaurant", "name_left": "Hao Chi - Dimsum Taipei", "index_right": 0, "name_right": "Hanoi" }, "geometry": { "type": "Point", "coordinates": [ 105.8511899, 21.0103899 ] } },
{ "type": "Feature", "properties": { "osm_id": "11697674115", "code": 2301, "fclass": "restaurant", "name_left": "Nhà hàng Tuấn Hải", "index_right": 0, "name_right": "Hanoi" }, "geometry": { "type": "Point", "coordinates": [ 105.8508881, 21.0103513 ] } },
{ "type": "Feature", "properties": { "osm_id": "11726901669", "code": 2301, "fclass": "restaurant", "name_left": "Bún cá Hương Thủy", "index_right": 0, "name_right": "Hanoi" }, "geometry": { "type": "Point", "coordinates": [ 105.8483682, 21.0410628 ] } },
{ "type": "Feature", "properties": { "osm_id": "11768045210", "code": 2301, "fclass": "restaurant", "name_left": "Nhà Hàng Sake", "index_right": 0, "name_right": "Hanoi" }, "geometry": { "type": "Point", "coordinates": [ 105.8737005, 20.9922521 ] } },
{ "type": "Feature", "properties": { "osm_id": "11782452956", "code": 2301, "fclass": "restaurant", "name_left": "Phở Vân Anh", "index_right": 0, "name_right": "Hanoi" }, "geometry": { "type": "Point", "coordinates": [ 105.851015, 21.015401 ] } },
{ "type": "Feature", "properties": { "osm_id": "11782452957", "code": 2301, "fclass": "restaurant", "name_left": "Nét Huế", "index_right": 0, "name_right": "Hanoi" }, "geometry": { "type": "Point", "coordinates": [ 105.8510453, 21.0154954 ] } },
{ "type": "Feature", "properties": { "osm_id": "11786794969", "code": 2301, "fclass": "restaurant", "name_left": null, "index_right": 0, "name_right": "Hanoi" }, "geometry": { "type": "Point", "coordinates": [ 105.8530083, 21.0349267 ] } },
{ "type": "Feature", "properties": { "osm_id": "11795384469", "code": 2301, "fclass": "restaurant", "name_left": null, "index_right": 0, "name_right": "Hanoi" }, "geometry": { "type": "Point", "coordinates": [ 105.8472294, 21.0336839 ] } },
{ "type": "Feature", "properties": { "osm_id": "11802021269", "code": 2301, "fclass": "restaurant", "name_left": "Tadian", "index_right": 0, "name_right": "Hanoi" }, "geometry": { "type": "Point", "coordinates": [ 105.8465959, 21.0361283 ] } },
{ "type": "Feature", "properties": { "osm_id": "11803994227", "code": 2301, "fclass": "restaurant", "name_left": "nhà hàng thịnh lùn", "index_right": 0, "name_right": "Hanoi" }, "geometry": { "type": "Point", "coordinates": [ 105.6179343, 21.0231862 ] } },
{ "type": "Feature", "properties": { "osm_id": "11804234603", "code": 2301, "fclass": "restaurant", "name_left": "Weekend Night Market food stalls", "index_right": 0, "name_right": "Hanoi" }, "geometry": { "type": "Point", "coordinates": [ 105.8486137, 21.0383782 ] } },
{ "type": "Feature", "properties": { "osm_id": "11806446769", "code": 2301, "fclass": "restaurant", "name_left": "Bún bò huể Nhân Khôi", "index_right": 0, "name_right": "Hanoi" }, "geometry": { "type": "Point", "coordinates": [ 105.8278136, 21.0346094 ] } },
{ "type": "Feature", "properties": { "osm_id": "11830396516", "code": 2301, "fclass": "restaurant", "name_left": "Nhà ăn sinh viên quốc tế", "index_right": 0, "name_right": "Hanoi" }, "geometry": { "type": "Point", "coordinates": [ 105.8464094, 21.0054326 ] } },
{ "type": "Feature", "properties": { "osm_id": "11832115990", "code": 2301, "fclass": "restaurant", "name_left": "Bánh Cuôn Gia Truyền", "index_right": 0, "name_right": "Hanoi" }, "geometry": { "type": "Point", "coordinates": [ 105.8455417, 21.0404993 ] } },
{ "type": "Feature", "properties": { "osm_id": "11843144169", "code": 2301, "fclass": "restaurant", "name_left": null, "index_right": 0, "name_right": "Hanoi" }, "geometry": { "type": "Point", "coordinates": [ 105.8469908, 21.0344826 ] } },
{ "type": "Feature", "properties": { "osm_id": "11846667370", "code": 2301, "fclass": "restaurant", "name_left": "Cơm thợ xây", "index_right": 0, "name_right": "Hanoi" }, "geometry": { "type": "Point", "coordinates": [ 105.7873729, 21.0323808 ] } },
{ "type": "Feature", "properties": { "osm_id": "11846922569", "code": 2301, "fclass": "restaurant", "name_left": "Cơm văn phòng", "index_right": 0, "name_right": "Hanoi" }, "geometry": { "type": "Point", "coordinates": [ 105.78739, 21.0323689 ] } },
{ "type": "Feature", "properties": { "osm_id": "11846982469", "code": 2301, "fclass": "restaurant", "name_left": "Quán bún chả", "index_right": 0, "name_right": "Hanoi" }, "geometry": { "type": "Point", "coordinates": [ 105.7854493, 21.0314233 ] } },
{ "type": "Feature", "properties": { "osm_id": "11847015969", "code": 2301, "fclass": "restaurant", "name_left": "Nhậu tự do", "index_right": 0, "name_right": "Hanoi" }, "geometry": { "type": "Point", "coordinates": [ 105.7914563, 21.0326122 ] } },
{ "type": "Feature", "properties": { "osm_id": "11866085369", "code": 2301, "fclass": "restaurant", "name_left": "Nhà Hàng Chay Me&An Vegetarian", "index_right": 0, "name_right": "Hanoi" }, "geometry": { "type": "Point", "coordinates": [ 105.850731, 21.0202038 ] } },
{ "type": "Feature", "properties": { "osm_id": "11878372469", "code": 2301, "fclass": "restaurant", "name_left": "Green Inn", "index_right": 0, "name_right": "Hanoi" }, "geometry": { "type": "Point", "coordinates": [ 105.847612, 21.0324629 ] } },
{ "type": "Feature", "properties": { "osm_id": "11883463169", "code": 2301, "fclass": "restaurant", "name_left": "Thích nhất mỳ", "index_right": 0, "name_right": "Hanoi" }, "geometry": { "type": "Point", "coordinates": [ 105.8267217, 21.0615198 ] } },
{ "type": "Feature", "properties": { "osm_id": "11883624469", "code": 2301, "fclass": "restaurant", "name_left": "Abracado", "index_right": 0, "name_right": "Hanoi" }, "geometry": { "type": "Point", "coordinates": [ 105.8458317, 21.0251811 ] } },
{ "type": "Feature", "properties": { "osm_id": "11888380369", "code": 2301, "fclass": "restaurant", "name_left": "Kiez Vegan – Hanoi", "index_right": 0, "name_right": "Hanoi" }, "geometry": { "type": "Point", "coordinates": [ 105.8243292, 21.0631814 ] } },
{ "type": "Feature", "properties": { "osm_id": "11919147369", "code": 2301, "fclass": "restaurant", "name_left": "Lẩu nấm thiên nhiên", "index_right": 0, "name_right": "Hanoi" }, "geometry": { "type": "Point", "coordinates": [ 105.8272194, 21.0342468 ] } },
{ "type": "Feature", "properties": { "osm_id": "11936598891", "code": 2301, "fclass": "restaurant", "name_left": "Wine Garden", "index_right": 0, "name_right": "Hanoi" }, "geometry": { "type": "Point", "coordinates": [ 105.7953763, 21.0185665 ] } },
{ "type": "Feature", "properties": { "osm_id": "11960886745", "code": 2301, "fclass": "restaurant", "name_left": "Bún bò Huế O Lộc", "index_right": 0, "name_right": "Hanoi" }, "geometry": { "type": "Point", "coordinates": [ 105.7831492, 20.9641714 ] } },
{ "type": "Feature", "properties": { "osm_id": "11985285017", "code": 2301, "fclass": "restaurant", "name_left": "Haidilao Hot Pot", "index_right": 0, "name_right": "Hanoi" }, "geometry": { "type": "Point", "coordinates": [ 105.809305, 21.0236491 ] } },
{ "type": "Feature", "properties": { "osm_id": "11985320507", "code": 2301, "fclass": "restaurant", "name_left": "Simisi", "index_right": 0, "name_right": "Hanoi" }, "geometry": { "type": "Point", "coordinates": [ 105.8081926, 21.0231568 ] } },
{ "type": "Feature", "properties": { "osm_id": "12000107441", "code": 2301, "fclass": "restaurant", "name_left": "Bún chả 309", "index_right": 0, "name_right": "Hanoi" }, "geometry": { "type": "Point", "coordinates": [ 105.7793907, 21.0649573 ] } },
{ "type": "Feature", "properties": { "osm_id": "12017316256", "code": 2301, "fclass": "restaurant", "name_left": "Siêu thị bánh tráng TANA (cơ sở Lê Lai - Hà Đông", "index_right": 0, "name_right": "Hanoi" }, "geometry": { "type": "Point", "coordinates": [ 105.7795511, 20.9666457 ] } },
{ "type": "Feature", "properties": { "osm_id": "12050985870", "code": 2301, "fclass": "restaurant", "name_left": "Bánh Cuốn Gia Truyền", "index_right": 0, "name_right": "Hanoi" }, "geometry": { "type": "Point", "coordinates": [ 105.8482021, 21.0414753 ] } },
{ "type": "Feature", "properties": { "osm_id": "12050985873", "code": 2301, "fclass": "restaurant", "name_left": "Ding Dimsum", "index_right": 0, "name_right": "Hanoi" }, "geometry": { "type": "Point", "coordinates": [ 105.8457481, 21.04398 ] } },
{ "type": "Feature", "properties": { "osm_id": "12050991969", "code": 2301, "fclass": "restaurant", "name_left": "Chick Garden", "index_right": 0, "name_right": "Hanoi" }, "geometry": { "type": "Point", "coordinates": [ 105.8470202, 21.0420395 ] } },
{ "type": "Feature", "properties": { "osm_id": "12063757631", "code": 2301, "fclass": "restaurant", "name_left": "May de Cuisine", "index_right": 0, "name_right": "Hanoi" }, "geometry": { "type": "Point", "coordinates": [ 105.8535075, 21.0340257 ] } },
{ "type": "Feature", "properties": { "osm_id": "12067360424", "code": 2301, "fclass": "restaurant", "name_left": "Mien with eel", "index_right": 0, "name_right": "Hanoi" }, "geometry": { "type": "Point", "coordinates": [ 105.853029, 21.0200886 ] } },
{ "type": "Feature", "properties": { "osm_id": "12078106238", "code": 2301, "fclass": "restaurant", "name_left": null, "index_right": 0, "name_right": "Hanoi" }, "geometry": { "type": "Point", "coordinates": [ 105.844963, 21.0317445 ] } },
{ "type": "Feature", "properties": { "osm_id": "12078106240", "code": 2301, "fclass": "restaurant", "name_left": "34 Railway", "index_right": 0, "name_right": "Hanoi" }, "geometry": { "type": "Point", "coordinates": [ 105.8449371, 21.0316301 ] } },
{ "type": "Feature", "properties": { "osm_id": "12078106241", "code": 2301, "fclass": "restaurant", "name_left": "Coffee Như Ý", "index_right": 0, "name_right": "Hanoi" }, "geometry": { "type": "Point", "coordinates": [ 105.8449144, 21.0315299 ] } },
{ "type": "Feature", "properties": { "osm_id": "12078134469", "code": 2301, "fclass": "restaurant", "name_left": "Ga Đông Dương", "index_right": 0, "name_right": "Hanoi" }, "geometry": { "type": "Point", "coordinates": [ 105.8441804, 21.0302894 ] } },
{ "type": "Feature", "properties": { "osm_id": "12092826928", "code": 2301, "fclass": "restaurant", "name_left": "An Nhiên", "index_right": 0, "name_right": "Hanoi" }, "geometry": { "type": "Point", "coordinates": [ 105.8370555, 21.0319363 ] } },
{ "type": "Feature", "properties": { "osm_id": "12092826929", "code": 2301, "fclass": "restaurant", "name_left": "Giang Restaurant", "index_right": 0, "name_right": "Hanoi" }, "geometry": { "type": "Point", "coordinates": [ 105.8368576, 21.0318993 ] } },
{ "type": "Feature", "properties": { "osm_id": "12096414253", "code": 2301, "fclass": "restaurant", "name_left": null, "index_right": 0, "name_right": "Hanoi" }, "geometry": { "type": "Point", "coordinates": [ 105.850347, 21.0328495 ] } },
{ "type": "Feature", "properties": { "osm_id": "12096567273", "code": 2301, "fclass": "restaurant", "name_left": "Bao Wow", "index_right": 0, "name_right": "Hanoi" }, "geometry": { "type": "Point", "coordinates": [ 105.8231861, 21.0623096 ] } },
{ "type": "Feature", "properties": { "osm_id": "12097613261", "code": 2301, "fclass": "restaurant", "name_left": null, "index_right": 0, "name_right": "Hanoi" }, "geometry": { "type": "Point", "coordinates": [ 105.8468926, 21.0338421 ] } },
{ "type": "Feature", "properties": { "osm_id": "12098955278", "code": 2301, "fclass": "restaurant", "name_left": "The Ramen Mafia", "index_right": 0, "name_right": "Hanoi" }, "geometry": { "type": "Point", "coordinates": [ 105.8506388, 21.0101045 ] } },
{ "type": "Feature", "properties": { "osm_id": "12098955280", "code": 2301, "fclass": "restaurant", "name_left": "Pizza 4P's", "index_right": 0, "name_right": "Hanoi" }, "geometry": { "type": "Point", "coordinates": [ 105.8507164, 21.0114032 ] } },
{ "type": "Feature", "properties": { "osm_id": "12098955282", "code": 2301, "fclass": "restaurant", "name_left": "Dookki", "index_right": 0, "name_right": "Hanoi" }, "geometry": { "type": "Point", "coordinates": [ 105.8493825, 21.0112282 ] } },
{ "type": "Feature", "properties": { "osm_id": "12098955283", "code": 2301, "fclass": "restaurant", "name_left": "Kichi-Kichi", "index_right": 0, "name_right": "Hanoi" }, "geometry": { "type": "Point", "coordinates": [ 105.8496303, 21.0112535 ] } },
{ "type": "Feature", "properties": { "osm_id": "12098955284", "code": 2301, "fclass": "restaurant", "name_left": "Meiwei", "index_right": 0, "name_right": "Hanoi" }, "geometry": { "type": "Point", "coordinates": [ 105.8495785, 21.0110994 ] } },
{ "type": "Feature", "properties": { "osm_id": "12105870160", "code": 2301, "fclass": "restaurant", "name_left": "Nhà hàng Phương Nam", "index_right": 0, "name_right": "Hanoi" }, "geometry": { "type": "Point", "coordinates": [ 105.8509763, 21.0163051 ] } },
{ "type": "Feature", "properties": { "osm_id": "12105915319", "code": 2301, "fclass": "restaurant", "name_left": "Lẩu Cua", "index_right": 0, "name_right": "Hanoi" }, "geometry": { "type": "Point", "coordinates": [ 105.8400314, 21.0424255 ] } },
{ "type": "Feature", "properties": { "osm_id": "12106408165", "code": 2301, "fclass": "restaurant", "name_left": "Nem Phùng - Nem Chua", "index_right": 0, "name_right": "Hanoi" }, "geometry": { "type": "Point", "coordinates": [ 105.8511645, 21.0167316 ] } },
{ "type": "Feature", "properties": { "osm_id": "12106756164", "code": 2301, "fclass": "restaurant", "name_left": "Dream catchers", "index_right": 0, "name_right": "Hanoi" }, "geometry": { "type": "Point", "coordinates": [ 105.8485177, 21.028975 ] } },
{ "type": "Feature", "properties": { "osm_id": "12117241051", "code": 2301, "fclass": "restaurant", "name_left": "Bếp Thái Koh Yam", "index_right": 0, "name_right": "Hanoi" }, "geometry": { "type": "Point", "coordinates": [ 105.8487786, 21.012437 ] } },
{ "type": "Feature", "properties": { "osm_id": "12118199554", "code": 2301, "fclass": "restaurant", "name_left": "Pizza 4P's", "index_right": 0, "name_right": "Hanoi" }, "geometry": { "type": "Point", "coordinates": [ 105.7825964, 21.0362237 ] } },
{ "type": "Feature", "properties": { "osm_id": "12118199559", "code": 2301, "fclass": "restaurant", "name_left": "Som ตำ Thai", "index_right": 0, "name_right": "Hanoi" }, "geometry": { "type": "Point", "coordinates": [ 105.7828273, 21.0357426 ] } },
{ "type": "Feature", "properties": { "osm_id": "12141480950", "code": 2301, "fclass": "restaurant", "name_left": "Quán Lee", "index_right": 0, "name_right": "Hanoi" }, "geometry": { "type": "Point", "coordinates": [ 105.7849998, 21.2934335 ] } },
{ "type": "Feature", "properties": { "osm_id": "12149714102", "code": 2301, "fclass": "restaurant", "name_left": "Cau Go", "index_right": 0, "name_right": "Hanoi" }, "geometry": { "type": "Point", "coordinates": [ 105.8521518, 21.032057 ] } },
{ "type": "Feature", "properties": { "osm_id": "12164856802", "code": 2301, "fclass": "restaurant", "name_left": "Bún Miến Ngan Phở Bò", "index_right": 0, "name_right": "Hanoi" }, "geometry": { "type": "Point", "coordinates": [ 105.8490057, 21.0171042 ] } },
{ "type": "Feature", "properties": { "osm_id": "12164856901", "code": 2301, "fclass": "restaurant", "name_left": "Phở bò", "index_right": 0, "name_right": "Hanoi" }, "geometry": { "type": "Point", "coordinates": [ 105.8487503, 21.017111 ] } },
{ "type": "Feature", "properties": { "osm_id": "12164911001", "code": 2301, "fclass": "restaurant", "name_left": "Kaede Food Restaurant", "index_right": 0, "name_right": "Hanoi" }, "geometry": { "type": "Point", "coordinates": [ 105.8502554, 21.0167092 ] } },
{ "type": "Feature", "properties": { "osm_id": "12165016301", "code": 2301, "fclass": "restaurant", "name_left": "Nhà Hàng  Khiêm", "index_right": 0, "name_right": "Hanoi" }, "geometry": { "type": "Point", "coordinates": [ 105.849969, 21.0143166 ] } },
{ "type": "Feature", "properties": { "osm_id": "12230059534", "code": 2301, "fclass": "restaurant", "name_left": "Phở Bò Yến", "index_right": 0, "name_right": "Hanoi" }, "geometry": { "type": "Point", "coordinates": [ 105.8424306, 21.0421332 ] } },
{ "type": "Feature", "properties": { "osm_id": "12230139974", "code": 2301, "fclass": "restaurant", "name_left": "Ushanka", "index_right": 0, "name_right": "Hanoi" }, "geometry": { "type": "Point", "coordinates": [ 105.8015084, 21.0191038 ] } },
{ "type": "Feature", "properties": { "osm_id": "12230186584", "code": 2301, "fclass": "restaurant", "name_left": "Panzerotti.hn", "index_right": 0, "name_right": "Hanoi" }, "geometry": { "type": "Point", "coordinates": [ 105.8426193, 21.0457143 ] } },
{ "type": "Feature", "properties": { "osm_id": "12240739576", "code": 2301, "fclass": "restaurant", "name_left": "Dookki", "index_right": 0, "name_right": "Hanoi" }, "geometry": { "type": "Point", "coordinates": [ 105.7570937, 20.9661164 ] } },
{ "type": "Feature", "properties": { "osm_id": "12241087810", "code": 2301, "fclass": "restaurant", "name_left": "Cơm gà Mạnh Hoa", "index_right": 0, "name_right": "Hanoi" }, "geometry": { "type": "Point", "coordinates": [ 105.8005144, 21.0153818 ] } },
{ "type": "Feature", "properties": { "osm_id": "12245679304", "code": 2301, "fclass": "restaurant", "name_left": "Thai Restaurant Seafood", "index_right": 0, "name_right": "Hanoi" }, "geometry": { "type": "Point", "coordinates": [ 105.80111, 21.0153561 ] } },
{ "type": "Feature", "properties": { "osm_id": "12245679305", "code": 2301, "fclass": "restaurant", "name_left": "Nhà hàng Nhất Linh", "index_right": 0, "name_right": "Hanoi" }, "geometry": { "type": "Point", "coordinates": [ 105.8010735, 21.0153935 ] } },
{ "type": "Feature", "properties": { "osm_id": "12245679309", "code": 2301, "fclass": "restaurant", "name_left": "Le Monde Steak", "index_right": 0, "name_right": "Hanoi" }, "geometry": { "type": "Point", "coordinates": [ 105.8009193, 21.0155514 ] } },
{ "type": "Feature", "properties": { "osm_id": "12245679310", "code": 2301, "fclass": "restaurant", "name_left": "Shang Chi", "index_right": 0, "name_right": "Hanoi" }, "geometry": { "type": "Point", "coordinates": [ 105.8008992, 21.0156253 ] } },
{ "type": "Feature", "properties": { "osm_id": "12277048845", "code": 2301, "fclass": "restaurant", "name_left": "Pizza 4P's", "index_right": 0, "name_right": "Hanoi" }, "geometry": { "type": "Point", "coordinates": [ 105.7839985, 21.017037 ] } },
{ "type": "Feature", "properties": { "osm_id": "12277048849", "code": 2301, "fclass": "restaurant", "name_left": "Big Mama Restaurant", "index_right": 0, "name_right": "Hanoi" }, "geometry": { "type": "Point", "coordinates": [ 105.7836461, 21.017833 ] } },
{ "type": "Feature", "properties": { "osm_id": "12277048850", "code": 2301, "fclass": "restaurant", "name_left": "Hanoi Gwang Hae", "index_right": 0, "name_right": "Hanoi" }, "geometry": { "type": "Point", "coordinates": [ 105.7832763, 21.0178377 ] } },
{ "type": "Feature", "properties": { "osm_id": "12279101155", "code": 2301, "fclass": "restaurant", "name_left": null, "index_right": 0, "name_right": "Hanoi" }, "geometry": { "type": "Point", "coordinates": [ 105.7953378, 21.0355323 ] } },
{ "type": "Feature", "properties": { "osm_id": "12281937801", "code": 2301, "fclass": "restaurant", "name_left": "Giang My", "index_right": 0, "name_right": "Hanoi" }, "geometry": { "type": "Point", "coordinates": [ 105.8507253, 21.0236809 ] } },
{ "type": "Feature", "properties": { "osm_id": "12287492375", "code": 2301, "fclass": "restaurant", "name_left": "CoCo Ichibanya", "index_right": 0, "name_right": "Hanoi" }, "geometry": { "type": "Point", "coordinates": [ 105.8126928, 21.0760133 ] } },
{ "type": "Feature", "properties": { "osm_id": "12289120139", "code": 2301, "fclass": "restaurant", "name_left": "Hanoi Corner, Madame Yen", "index_right": 0, "name_right": "Hanoi" }, "geometry": { "type": "Point", "coordinates": [ 105.8538828, 21.033518 ] } },
{ "type": "Feature", "properties": { "osm_id": "12289120159", "code": 2301, "fclass": "restaurant", "name_left": null, "index_right": 0, "name_right": "Hanoi" }, "geometry": { "type": "Point", "coordinates": [ 105.8538687, 21.0334623 ] } },
{ "type": "Feature", "properties": { "osm_id": "12291667703", "code": 2301, "fclass": "restaurant", "name_left": "Chay Nhà An", "index_right": 0, "name_right": "Hanoi" }, "geometry": { "type": "Point", "coordinates": [ 105.8288384, 21.0362521 ] } },
{ "type": "Feature", "properties": { "osm_id": "12313888820", "code": 2301, "fclass": "restaurant", "name_left": "Phở hiền", "index_right": 0, "name_right": "Hanoi" }, "geometry": { "type": "Point", "coordinates": [ 105.8050255, 21.0159775 ] } },
{ "type": "Feature", "properties": { "osm_id": "12313923069", "code": 2301, "fclass": "restaurant", "name_left": "Phở bò", "index_right": 0, "name_right": "Hanoi" }, "geometry": { "type": "Point", "coordinates": [ 105.8174393, 21.0117973 ] } },
{ "type": "Feature", "properties": { "osm_id": "12313947065", "code": 2301, "fclass": "restaurant", "name_left": "Phở Tuấn C8 Giảng Võ", "index_right": 0, "name_right": "Hanoi" }, "geometry": { "type": "Point", "coordinates": [ 105.8226197, 21.0281525 ] } },
{ "type": "Feature", "properties": { "osm_id": "12343563164", "code": 2301, "fclass": "restaurant", "name_left": "Chay vỉa hè", "index_right": 0, "name_right": "Hanoi" }, "geometry": { "type": "Point", "coordinates": [ 105.8493044, 21.0197312 ] } },
{ "type": "Feature", "properties": { "osm_id": "12343630750", "code": 2301, "fclass": "restaurant", "name_left": "King Roti", "index_right": 0, "name_right": "Hanoi" }, "geometry": { "type": "Point", "coordinates": [ 105.8505782, 21.032434 ] } },
{ "type": "Feature", "properties": { "osm_id": "12364330149", "code": 2301, "fclass": "restaurant", "name_left": "Hoang Duong Garden Restaurant", "index_right": 0, "name_right": "Hanoi" }, "geometry": { "type": "Point", "coordinates": [ 105.7817452, 21.214761 ] } },
{ "type": "Feature", "properties": { "osm_id": "12364718085", "code": 2301, "fclass": "restaurant", "name_left": "Cafe Bonsai", "index_right": 0, "name_right": "Hanoi" }, "geometry": { "type": "Point", "coordinates": [ 105.7792745, 21.215748 ] } },
{ "type": "Feature", "properties": { "osm_id": "12364719053", "code": 2301, "fclass": "restaurant", "name_left": "Tha Hoa Sua", "index_right": 0, "name_right": "Hanoi" }, "geometry": { "type": "Point", "coordinates": [ 105.7798044, 21.2155125 ] } },
{ "type": "Feature", "properties": { "osm_id": "12364730577", "code": 2301, "fclass": "restaurant", "name_left": "Hai Nga", "index_right": 0, "name_right": "Hanoi" }, "geometry": { "type": "Point", "coordinates": [ 105.7814937, 21.2142706 ] } },
{ "type": "Feature", "properties": { "osm_id": "12372330757", "code": 2301, "fclass": "restaurant", "name_left": "Chickenzip", "index_right": 0, "name_right": "Hanoi" }, "geometry": { "type": "Point", "coordinates": [ 105.7744707, 21.0090051 ] } },
{ "type": "Feature", "properties": { "osm_id": "12375798343", "code": 2301, "fclass": "restaurant", "name_left": "Izakaya Unatoto", "index_right": 0, "name_right": "Hanoi" }, "geometry": { "type": "Point", "coordinates": [ 105.8105812, 21.0296837 ] } },
{ "type": "Feature", "properties": { "osm_id": "12389716289", "code": 2301, "fclass": "restaurant", "name_left": "Dê Ngon Quán By Chef Thái Râu - 439 Âu Cơ (cơ sở 2)", "index_right": 0, "name_right": "Hanoi" }, "geometry": { "type": "Point", "coordinates": [ 105.8202739, 21.077697 ] } },
{ "type": "Feature", "properties": { "osm_id": "12393379604", "code": 2301, "fclass": "restaurant", "name_left": "Hoa Viên Craft Brewery", "index_right": 0, "name_right": "Hanoi" }, "geometry": { "type": "Point", "coordinates": [ 105.8587185, 21.0177804 ] } },
{ "type": "Feature", "properties": { "osm_id": "12394092001", "code": 2301, "fclass": "restaurant", "name_left": "Pho Ga 26", "index_right": 0, "name_right": "Hanoi" }, "geometry": { "type": "Point", "coordinates": [ 105.850539, 21.0326621 ] } },
{ "type": "Feature", "properties": { "osm_id": "12395826102", "code": 2301, "fclass": "restaurant", "name_left": "Com Chay Vegan Buffet (120k)", "index_right": 0, "name_right": "Hanoi" }, "geometry": { "type": "Point", "coordinates": [ 105.8145064, 21.072521 ] } },
{ "type": "Feature", "properties": { "osm_id": "12402867901", "code": 2301, "fclass": "restaurant", "name_left": "Katze", "index_right": 0, "name_right": "Hanoi" }, "geometry": { "type": "Point", "coordinates": [ 105.8538795, 21.0328202 ] } },
{ "type": "Feature", "properties": { "osm_id": "12404466212", "code": 2301, "fclass": "restaurant", "name_left": "Trang Nhi", "index_right": 0, "name_right": "Hanoi" }, "geometry": { "type": "Point", "coordinates": [ 105.8435816, 21.0292329 ] } },
{ "type": "Feature", "properties": { "osm_id": "12415047802", "code": 2301, "fclass": "restaurant", "name_left": "Phở Lý Quốc Sư", "index_right": 0, "name_right": "Hanoi" }, "geometry": { "type": "Point", "coordinates": [ 105.8076802, 21.0673319 ] } },
{ "type": "Feature", "properties": { "osm_id": "12434838542", "code": 2301, "fclass": "restaurant", "name_left": null, "index_right": 0, "name_right": "Hanoi" }, "geometry": { "type": "Point", "coordinates": [ 105.8437079, 21.0285428 ] } },
{ "type": "Feature", "properties": { "osm_id": "12463420847", "code": 2301, "fclass": "restaurant", "name_left": "SoftWater Restaurant", "index_right": 0, "name_right": "Hanoi" }, "geometry": { "type": "Point", "coordinates": [ 105.844764, 21.0516413 ] } },
{ "type": "Feature", "properties": { "osm_id": "12529008404", "code": 2301, "fclass": "restaurant", "name_left": "190.Bami", "index_right": 0, "name_right": "Hanoi" }, "geometry": { "type": "Point", "coordinates": [ 105.848357, 21.0323104 ] } },
{ "type": "Feature", "properties": { "osm_id": "12539089098", "code": 2301, "fclass": "restaurant", "name_left": "Thai Dat", "index_right": 0, "name_right": "Hanoi" }, "geometry": { "type": "Point", "coordinates": [ 105.8474578, 21.0303466 ] } },
{ "type": "Feature", "properties": { "osm_id": "12589868467", "code": 2301, "fclass": "restaurant", "name_left": "Kuma Pizza", "index_right": 0, "name_right": "Hanoi" }, "geometry": { "type": "Point", "coordinates": [ 105.7866518, 21.0375129 ] } },
{ "type": "Feature", "properties": { "osm_id": "12589868468", "code": 2301, "fclass": "restaurant", "name_left": "Mr. Dakgalbi", "index_right": 0, "name_right": "Hanoi" }, "geometry": { "type": "Point", "coordinates": [ 105.7866107, 21.0370464 ] } },
{ "type": "Feature", "properties": { "osm_id": "12589868470", "code": 2301, "fclass": "restaurant", "name_left": "Nét Huế", "index_right": 0, "name_right": "Hanoi" }, "geometry": { "type": "Point", "coordinates": [ 105.7864722, 21.0368948 ] } },
{ "type": "Feature", "properties": { "osm_id": "12603545131", "code": 2301, "fclass": "restaurant", "name_left": "Quán Kem Xôi", "index_right": 0, "name_right": "Hanoi" }, "geometry": { "type": "Point", "coordinates": [ 105.8186441, 21.0305121 ] } },
{ "type": "Feature", "properties": { "osm_id": "12605563901", "code": 2301, "fclass": "restaurant", "name_left": null, "index_right": 0, "name_right": "Hanoi" }, "geometry": { "type": "Point", "coordinates": [ 105.8503165, 21.0301316 ] } },
{ "type": "Feature", "properties": { "osm_id": "12614290467", "code": 2301, "fclass": "restaurant", "name_left": "Benaras Mantra", "index_right": 0, "name_right": "Hanoi" }, "geometry": { "type": "Point", "coordinates": [ 105.8557797, 21.0241461 ] } },
{ "type": "Feature", "properties": { "osm_id": "12628841472", "code": 2301, "fclass": "restaurant", "name_left": "Quán Nhau Tu Do", "index_right": 0, "name_right": "Hanoi" }, "geometry": { "type": "Point", "coordinates": [ 105.8170179, 21.0114172 ] } },
{ "type": "Feature", "properties": { "osm_id": "12638763579", "code": 2301, "fclass": "restaurant", "name_left": "Nhà hàng Thu Hằng 2", "index_right": 0, "name_right": "Hanoi" }, "geometry": { "type": "Point", "coordinates": [ 105.7497937, 21.0509312 ] } },
{ "type": "Feature", "properties": { "osm_id": "12639849340", "code": 2301, "fclass": "restaurant", "name_left": "Kem Caramen Dương Hoa", "index_right": 0, "name_right": "Hanoi" }, "geometry": { "type": "Point", "coordinates": [ 105.8473748, 21.0416808 ] } },
{ "type": "Feature", "properties": { "osm_id": "12644660556", "code": 2301, "fclass": "restaurant", "name_left": "Bún riêu Cô Hoàn", "index_right": 0, "name_right": "Hanoi" }, "geometry": { "type": "Point", "coordinates": [ 105.8478491, 21.0378412 ] } },
{ "type": "Feature", "properties": { "osm_id": "12644690080", "code": 2301, "fclass": "restaurant", "name_left": "Bánh Tráng Bé My", "index_right": 0, "name_right": "Hanoi" }, "geometry": { "type": "Point", "coordinates": [ 105.8484936, 21.0212183 ] } },
{ "type": "Feature", "properties": { "osm_id": "12644690081", "code": 2301, "fclass": "restaurant", "name_left": "Chè Nhà Suvy", "index_right": 0, "name_right": "Hanoi" }, "geometry": { "type": "Point", "coordinates": [ 105.8485082, 21.021273 ] } },
{ "type": "Feature", "properties": { "osm_id": "12645462057", "code": 2301, "fclass": "restaurant", "name_left": "Nem nướng Nha Trang", "index_right": 0, "name_right": "Hanoi" }, "geometry": { "type": "Point", "coordinates": [ 105.7925632, 21.0443741 ] } },
{ "type": "Feature", "properties": { "osm_id": "12645509921", "code": 2301, "fclass": "restaurant", "name_left": "Bún cá rô đồng Hải Dương", "index_right": 0, "name_right": "Hanoi" }, "geometry": { "type": "Point", "coordinates": [ 105.7961736, 21.0427329 ] } },
{ "type": "Feature", "properties": { "osm_id": "12645523372", "code": 2301, "fclass": "restaurant", "name_left": "Cơm tấm Út Thắng", "index_right": 0, "name_right": "Hanoi" }, "geometry": { "type": "Point", "coordinates": [ 105.7962279, 21.0427765 ] } },
{ "type": "Feature", "properties": { "osm_id": "12646622201", "code": 2301, "fclass": "restaurant", "name_left": "Mau Dich 37", "index_right": 0, "name_right": "Hanoi" }, "geometry": { "type": "Point", "coordinates": [ 105.840158, 21.0457957 ] } },
{ "type": "Feature", "properties": { "osm_id": "12646627101", "code": 2301, "fclass": "restaurant", "name_left": "Sawasdee Quan Ngon Thai", "index_right": 0, "name_right": "Hanoi" }, "geometry": { "type": "Point", "coordinates": [ 105.8219277, 21.0718415 ] } },
{ "type": "Feature", "properties": { "osm_id": "12651094220", "code": 2301, "fclass": "restaurant", "name_left": "Bún chả 29", "index_right": 0, "name_right": "Hanoi" }, "geometry": { "type": "Point", "coordinates": [ 105.8391105, 21.0511586 ] } },
{ "type": "Feature", "properties": { "osm_id": "12651099502", "code": 2301, "fclass": "restaurant", "name_left": null, "index_right": 0, "name_right": "Hanoi" }, "geometry": { "type": "Point", "coordinates": [ 105.8182227, 21.0167667 ] } },
{ "type": "Feature", "properties": { "osm_id": "12651100308", "code": 2301, "fclass": "restaurant", "name_left": "Ăn Vặt Mẹ Sữa", "index_right": 0, "name_right": "Hanoi" }, "geometry": { "type": "Point", "coordinates": [ 105.819097, 21.0106904 ] } },
{ "type": "Feature", "properties": { "osm_id": "12651858498", "code": 2301, "fclass": "restaurant", "name_left": "Tokyo Tantan Ramen", "index_right": 0, "name_right": "Hanoi" }, "geometry": { "type": "Point", "coordinates": [ 105.808908, 21.0339953 ] } },
{ "type": "Feature", "properties": { "osm_id": "12654222689", "code": 2301, "fclass": "restaurant", "name_left": "바보아저씨", "index_right": 0, "name_right": "Hanoi" }, "geometry": { "type": "Point", "coordinates": [ 105.7778321, 21.016643 ] } },
{ "type": "Feature", "properties": { "osm_id": "12654261909", "code": 2301, "fclass": "restaurant", "name_left": "Ngan Yến", "index_right": 0, "name_right": "Hanoi" }, "geometry": { "type": "Point", "coordinates": [ 105.8408198, 21.0515501 ] } },
{ "type": "Feature", "properties": { "osm_id": "12654299492", "code": 2301, "fclass": "restaurant", "name_left": "Bánh cuốn Hồ Tây", "index_right": 0, "name_right": "Hanoi" }, "geometry": { "type": "Point", "coordinates": [ 105.8387514, 21.05134 ] } },
{ "type": "Feature", "properties": { "osm_id": "12657776443", "code": 2301, "fclass": "restaurant", "name_left": "Bún chả que tre", "index_right": 0, "name_right": "Hanoi" }, "geometry": { "type": "Point", "coordinates": [ 105.8458763, 21.0437437 ] } },
{ "type": "Feature", "properties": { "osm_id": "12659337379", "code": 2301, "fclass": "restaurant", "name_left": "Hương bánh xèo", "index_right": 0, "name_right": "Hanoi" }, "geometry": { "type": "Point", "coordinates": [ 105.8364016, 21.0541021 ] } },
{ "type": "Feature", "properties": { "osm_id": "12659367887", "code": 2301, "fclass": "restaurant", "name_left": "Bún Đậu Mẹt Tuấn Trọc", "index_right": 0, "name_right": "Hanoi" }, "geometry": { "type": "Point", "coordinates": [ 105.8457429, 21.041391 ] } },
{ "type": "Feature", "properties": { "osm_id": "12661290607", "code": 2301, "fclass": "restaurant", "name_left": "ISHIDAYA - The 3rd Generation", "index_right": 0, "name_right": "Hanoi" }, "geometry": { "type": "Point", "coordinates": [ 105.834279, 21.0304349 ] } },
{ "type": "Feature", "properties": { "osm_id": "12692463221", "code": 2301, "fclass": "restaurant", "name_left": "Chay Tâm Khối", "index_right": 0, "name_right": "Hanoi" }, "geometry": { "type": "Point", "coordinates": [ 105.8468214, 21.0323897 ] } },
{ "type": "Feature", "properties": { "osm_id": "12705123537", "code": 2301, "fclass": "restaurant", "name_left": "Seoul Boss", "index_right": 0, "name_right": "Hanoi" }, "geometry": { "type": "Point", "coordinates": [ 105.5782231, 20.9058646 ] } },
{ "type": "Feature", "properties": { "osm_id": "12706601016", "code": 2301, "fclass": "restaurant", "name_left": "Local Buffet", "index_right": 0, "name_right": "Hanoi" }, "geometry": { "type": "Point", "coordinates": [ 105.8402026, 21.0510052 ] } },
{ "type": "Feature", "properties": { "osm_id": "12732430101", "code": 2301, "fclass": "restaurant", "name_left": null, "index_right": 0, "name_right": "Hanoi" }, "geometry": { "type": "Point", "coordinates": [ 105.9107539, 20.7001555 ] } },
{ "type": "Feature", "properties": { "osm_id": "12744754301", "code": 2301, "fclass": "restaurant", "name_left": "FU RONG HUA", "index_right": 0, "name_right": "Hanoi" }, "geometry": { "type": "Point", "coordinates": [ 105.8521254, 21.0320247 ] } },
{ "type": "Feature", "properties": { "osm_id": "12747333001", "code": 2301, "fclass": "restaurant", "name_left": null, "index_right": 0, "name_right": "Hanoi" }, "geometry": { "type": "Point", "coordinates": [ 105.8530376, 21.0359821 ] } },
{ "type": "Feature", "properties": { "osm_id": "12793459694", "code": 2301, "fclass": "restaurant", "name_left": "Nhà Hàng Bia Tươi Thanh Hoàng", "index_right": 0, "name_right": "Hanoi" }, "geometry": { "type": "Point", "coordinates": [ 105.5788403, 20.8842964 ] } },
{ "type": "Feature", "properties": { "osm_id": "12821562701", "code": 2301, "fclass": "restaurant", "name_left": "MẸT Vietnamese restaurant & Vegetarian Food Met 8", "index_right": 0, "name_right": "Hanoi" }, "geometry": { "type": "Point", "coordinates": [ 105.8473661, 21.033707 ] } },
{ "type": "Feature", "properties": { "osm_id": "12860550503", "code": 2301, "fclass": "restaurant", "name_left": "Cơm Thố Anh Nguyễn", "index_right": 0, "name_right": "Hanoi" }, "geometry": { "type": "Point", "coordinates": [ 105.85934, 20.8725041 ] } },
{ "type": "Feature", "properties": { "osm_id": "12860550504", "code": 2301, "fclass": "restaurant", "name_left": "Ngọc Thạch Quán", "index_right": 0, "name_right": "Hanoi" }, "geometry": { "type": "Point", "coordinates": [ 105.8607201, 20.8732742 ] } },
{ "type": "Feature", "properties": { "osm_id": "12860550543", "code": 2301, "fclass": "restaurant", "name_left": "Bún bò Huế O Hường", "index_right": 0, "name_right": "Hanoi" }, "geometry": { "type": "Point", "coordinates": [ 105.857856, 20.8676411 ] } },
{ "type": "Feature", "properties": { "osm_id": "12861962390", "code": 2301, "fclass": "restaurant", "name_left": null, "index_right": 0, "name_right": "Hanoi" }, "geometry": { "type": "Point", "coordinates": [ 105.8659368, 20.8660777 ] } },
{ "type": "Feature", "properties": { "osm_id": "12862421502", "code": 2301, "fclass": "restaurant", "name_left": "An Lạc Chay Quán", "index_right": 0, "name_right": "Hanoi" }, "geometry": { "type": "Point", "coordinates": [ 105.8231246, 21.0673912 ] } },
{ "type": "Feature", "properties": { "osm_id": "12864500102", "code": 2301, "fclass": "restaurant", "name_left": "Phở Mẹ Vợ", "index_right": 0, "name_right": "Hanoi" }, "geometry": { "type": "Point", "coordinates": [ 105.8314523, 21.0615116 ] } },
{ "type": "Feature", "properties": { "osm_id": "12995529901", "code": 2301, "fclass": "restaurant", "name_left": "The Corner Food", "index_right": 0, "name_right": "Hanoi" }, "geometry": { "type": "Point", "coordinates": [ 105.8506218, 21.0304002 ] } },
{ "type": "Feature", "properties": { "osm_id": "13027856695", "code": 2301, "fclass": "restaurant", "name_left": "Nam Phở Gà", "index_right": 0, "name_right": "Hanoi" }, "geometry": { "type": "Point", "coordinates": [ 105.8414371, 21.0299024 ] } },
{ "type": "Feature", "properties": { "osm_id": "13027900308", "code": 2301, "fclass": "restaurant", "name_left": "Phở Thành", "index_right": 0, "name_right": "Hanoi" }, "geometry": { "type": "Point", "coordinates": [ 105.8452674, 21.0257242 ] } },
{ "type": "Feature", "properties": { "osm_id": "13033490186", "code": 2301, "fclass": "restaurant", "name_left": "Cơm Thố Anh Nguyễn", "index_right": 0, "name_right": "Hanoi" }, "geometry": { "type": "Point", "coordinates": [ 105.8127311, 21.0286373 ] } },
{ "type": "Feature", "properties": { "osm_id": "13033490188", "code": 2301, "fclass": "restaurant", "name_left": "Miến Lươn", "index_right": 0, "name_right": "Hanoi" }, "geometry": { "type": "Point", "coordinates": [ 105.8402604, 21.0275497 ] } },
{ "type": "Feature", "properties": { "osm_id": "13039561898", "code": 2301, "fclass": "restaurant", "name_left": "Thưc Đơn", "index_right": 0, "name_right": "Hanoi" }, "geometry": { "type": "Point", "coordinates": [ 105.8387497, 21.0208279 ] } },
{ "type": "Feature", "properties": { "osm_id": "13039615006", "code": 2301, "fclass": "restaurant", "name_left": "Thủy Bún Ốc", "index_right": 0, "name_right": "Hanoi" }, "geometry": { "type": "Point", "coordinates": [ 105.8419849, 21.0277911 ] } },
{ "type": "Feature", "properties": { "osm_id": "13039615007", "code": 2301, "fclass": "restaurant", "name_left": "Bánh Mỳ 73", "index_right": 0, "name_right": "Hanoi" }, "geometry": { "type": "Point", "coordinates": [ 105.8421069, 21.027639 ] } },
{ "type": "Feature", "properties": { "osm_id": "13039615009", "code": 2301, "fclass": "restaurant", "name_left": null, "index_right": 0, "name_right": "Hanoi" }, "geometry": { "type": "Point", "coordinates": [ 105.8601451, 21.0105053 ] } },
{ "type": "Feature", "properties": { "osm_id": "13077378901", "code": 2301, "fclass": "restaurant", "name_left": "BÁNH MỲ Xuân Hội An", "index_right": 0, "name_right": "Hanoi" }, "geometry": { "type": "Point", "coordinates": [ 105.8718543, 21.0468266 ] } },
{ "type": "Feature", "properties": { "osm_id": "13094460714", "code": 2301, "fclass": "restaurant", "name_left": null, "index_right": 0, "name_right": "Hanoi" }, "geometry": { "type": "Point", "coordinates": [ 105.5181801, 21.0090848 ] } },
{ "type": "Feature", "properties": { "osm_id": "13094500032", "code": 2301, "fclass": "restaurant", "name_left": null, "index_right": 0, "name_right": "Hanoi" }, "geometry": { "type": "Point", "coordinates": [ 105.5197727, 21.0171185 ] } },
{ "type": "Feature", "properties": { "osm_id": "13120433101", "code": 2301, "fclass": "restaurant", "name_left": "Bún bò Huế - lẩu đuôi bò", "index_right": 0, "name_right": "Hanoi" }, "geometry": { "type": "Point", "coordinates": [ 105.8641216, 21.0598012 ] } },
{ "type": "Feature", "properties": { "osm_id": "13164780805", "code": 2301, "fclass": "restaurant", "name_left": "Bep Chai Hue Nhien", "index_right": 0, "name_right": "Hanoi" }, "geometry": { "type": "Point", "coordinates": [ 105.8492447, 21.0325921 ] } },
{ "type": "Feature", "properties": { "osm_id": "13173649302", "code": 2301, "fclass": "restaurant", "name_left": null, "index_right": 0, "name_right": "Hanoi" }, "geometry": { "type": "Point", "coordinates": [ 105.8496882, 21.0352954 ] } },
{ "type": "Feature", "properties": { "osm_id": "13180229801", "code": 2301, "fclass": "restaurant", "name_left": null, "index_right": 0, "name_right": "Hanoi" }, "geometry": { "type": "Point", "coordinates": [ 105.8499233, 21.0277936 ] } },
{ "type": "Feature", "properties": { "osm_id": "13197011226", "code": 2301, "fclass": "restaurant", "name_left": null, "index_right": 0, "name_right": "Hanoi" }, "geometry": { "type": "Point", "coordinates": [ 105.8133556, 21.0288655 ] } },
{ "type": "Feature", "properties": { "osm_id": "13261890146", "code": 2301, "fclass": "restaurant", "name_left": "Nhà hàng Hoàng Việt", "index_right": 0, "name_right": "Hanoi" }, "geometry": { "type": "Point", "coordinates": [ 105.7607079, 21.040774 ] } },
{ "type": "Feature", "properties": { "osm_id": "13264733255", "code": 2301, "fclass": "restaurant", "name_left": "Pho Bay", "index_right": 0, "name_right": "Hanoi" }, "geometry": { "type": "Point", "coordinates": [ 105.7942481, 21.0050018 ] } },
{ "type": "Feature", "properties": { "osm_id": "13275142601", "code": 2301, "fclass": "restaurant", "name_left": "Nhung Phở gà Bún thang", "index_right": 0, "name_right": "Hanoi" }, "geometry": { "type": "Point", "coordinates": [ 105.8361069, 21.054639 ] } },
{ "type": "Feature", "properties": { "osm_id": "13276630905", "code": 2301, "fclass": "restaurant", "name_left": "Lam Diên", "index_right": 0, "name_right": "Hanoi" }, "geometry": { "type": "Point", "coordinates": [ 105.857251, 21.0283688 ] } },
{ "type": "Feature", "properties": { "osm_id": "13289050126", "code": 2301, "fclass": "restaurant", "name_left": "Bún Ốc Chả Nem Bà Bảy Đang", "index_right": 0, "name_right": "Hanoi" }, "geometry": { "type": "Point", "coordinates": [ 105.8044662, 21.0495715 ] } },
{ "type": "Feature", "properties": { "osm_id": "13294582700", "code": 2301, "fclass": "restaurant", "name_left": "Kem Trà Huyền Linh", "index_right": 0, "name_right": "Hanoi" }, "geometry": { "type": "Point", "coordinates": [ 105.77829, 21.0055717 ] } },
{ "type": "Feature", "properties": { "osm_id": "13313754816", "code": 2301, "fclass": "restaurant", "name_left": null, "index_right": 0, "name_right": "Hanoi" }, "geometry": { "type": "Point", "coordinates": [ 105.7795854, 21.0036642 ] } },
{ "type": "Feature", "properties": { "osm_id": "13313754819", "code": 2301, "fclass": "restaurant", "name_left": "Cốm Thu Huệ", "index_right": 0, "name_right": "Hanoi" }, "geometry": { "type": "Point", "coordinates": [ 105.779488, 21.0037822 ] } },
{ "type": "Feature", "properties": { "osm_id": "13313754821", "code": 2301, "fclass": "restaurant", "name_left": "Bún chả - Phở Gà Ta", "index_right": 0, "name_right": "Hanoi" }, "geometry": { "type": "Point", "coordinates": [ 105.7789682, 21.004472 ] } },
{ "type": "Feature", "properties": { "osm_id": "13338530701", "code": 2301, "fclass": "restaurant", "name_left": "Nem Nướng Nha Trang Quế Hoa", "index_right": 0, "name_right": "Hanoi" }, "geometry": { "type": "Point", "coordinates": [ 105.8532395, 21.032009 ] } },
{ "type": "Feature", "properties": { "osm_id": "13340597206", "code": 2301, "fclass": "restaurant", "name_left": "Nem nướng quế hoa", "index_right": 0, "name_right": "Hanoi" }, "geometry": { "type": "Point", "coordinates": [ 105.778291, 21.0054196 ] } },
{ "type": "Feature", "properties": { "osm_id": "13340636131", "code": 2301, "fclass": "restaurant", "name_left": "Quán ăn", "index_right": 0, "name_right": "Hanoi" }, "geometry": { "type": "Point", "coordinates": [ 105.7772711, 21.0064027 ] } },
{ "type": "Feature", "properties": { "osm_id": "13340704387", "code": 2301, "fclass": "restaurant", "name_left": "Bún chả", "index_right": 0, "name_right": "Hanoi" }, "geometry": { "type": "Point", "coordinates": [ 105.7794075, 21.003806 ] } },
{ "type": "Feature", "properties": { "osm_id": "13340704388", "code": 2301, "fclass": "restaurant", "name_left": "Bún chả", "index_right": 0, "name_right": "Hanoi" }, "geometry": { "type": "Point", "coordinates": [ 105.7793774, 21.0038667 ] } },
{ "type": "Feature", "properties": { "osm_id": "13351377859", "code": 2301, "fclass": "restaurant", "name_left": "Mexican Fusion Bites", "index_right": 0, "name_right": "Hanoi" }, "geometry": { "type": "Point", "coordinates": [ 105.8440744, 21.0296615 ] } },
{ "type": "Feature", "properties": { "osm_id": "13390938833", "code": 2301, "fclass": "restaurant", "name_left": "Hanoï Corner", "index_right": 0, "name_right": "Hanoi" }, "geometry": { "type": "Point", "coordinates": [ 105.8528975, 21.0337871 ] } },
{ "type": "Feature", "properties": { "osm_id": "13392231001", "code": 2301, "fclass": "restaurant", "name_left": null, "index_right": 0, "name_right": "Hanoi" }, "geometry": { "type": "Point", "coordinates": [ 105.8383254, 21.0337538 ] } },
{ "type": "Feature", "properties": { "osm_id": "13392687201", "code": 2301, "fclass": "restaurant", "name_left": null, "index_right": 0, "name_right": "Hanoi" }, "geometry": { "type": "Point", "coordinates": [ 105.8420344, 21.0466847 ] } },
{ "type": "Feature", "properties": { "osm_id": "13392766014", "code": 2301, "fclass": "restaurant", "name_left": "Com Tam Suon", "index_right": 0, "name_right": "Hanoi" }, "geometry": { "type": "Point", "coordinates": [ 105.8409959, 21.0409846 ] } },
{ "type": "Feature", "properties": { "osm_id": "13408172097", "code": 2301, "fclass": "restaurant", "name_left": "Bánh mì Dân Tổ", "index_right": 0, "name_right": "Hanoi" }, "geometry": { "type": "Point", "coordinates": [ 105.8333542, 21.0072846 ] } },
{ "type": "Feature", "properties": { "osm_id": "13408720219", "code": 2301, "fclass": "restaurant", "name_left": "Sogogi Buffet Lẩu Nướng", "index_right": 0, "name_right": "Hanoi" }, "geometry": { "type": "Point", "coordinates": [ 105.859223, 20.872072 ] } },
{ "type": "Feature", "properties": { "osm_id": "13416032029", "code": 2301, "fclass": "restaurant", "name_left": null, "index_right": 0, "name_right": "Hanoi" }, "geometry": { "type": "Point", "coordinates": [ 105.860448, 20.8676302 ] } },
{ "type": "Feature", "properties": { "osm_id": "13418020202", "code": 2301, "fclass": "restaurant", "name_left": null, "index_right": 0, "name_right": "Hanoi" }, "geometry": { "type": "Point", "coordinates": [ 105.8608487, 20.8676779 ] } },
{ "type": "Feature", "properties": { "osm_id": "13418020257", "code": 2301, "fclass": "restaurant", "name_left": null, "index_right": 0, "name_right": "Hanoi" }, "geometry": { "type": "Point", "coordinates": [ 105.8609324, 20.8674595 ] } },
{ "type": "Feature", "properties": { "osm_id": "13418020276", "code": 2301, "fclass": "restaurant", "name_left": null, "index_right": 0, "name_right": "Hanoi" }, "geometry": { "type": "Point", "coordinates": [ 105.8611878, 20.8675144 ] } },
{ "type": "Feature", "properties": { "osm_id": "13438953067", "code": 2301, "fclass": "restaurant", "name_left": "Canteen VinUni Tòa E", "index_right": 0, "name_right": "Hanoi" }, "geometry": { "type": "Point", "coordinates": [ 105.9452699, 20.9888064 ] } },
{ "type": "Feature", "properties": { "osm_id": "13439745601", "code": 2301, "fclass": "restaurant", "name_left": "Hẻm Vegan", "index_right": 0, "name_right": "Hanoi" }, "geometry": { "type": "Point", "coordinates": [ 105.8534128, 21.0323468 ] } },
{ "type": "Feature", "properties": { "osm_id": "13439951302", "code": 2301, "fclass": "restaurant", "name_left": "LẨU & NƯỚNG NGÓI MINSU", "index_right": 0, "name_right": "Hanoi" }, "geometry": { "type": "Point", "coordinates": [ 105.8219005, 21.0613987 ] } },
{ "type": "Feature", "properties": { "osm_id": "13461733901", "code": 2301, "fclass": "restaurant", "name_left": null, "index_right": 0, "name_right": "Hanoi" }, "geometry": { "type": "Point", "coordinates": [ 105.8517512, 21.035831 ] } },
{ "type": "Feature", "properties": { "osm_id": "13463740401", "code": 2301, "fclass": "restaurant", "name_left": "Loving Vegetarian Restaurant", "index_right": 0, "name_right": "Hanoi" }, "geometry": { "type": "Point", "coordinates": [ 105.8395645, 21.0281081 ] } },
{ "type": "Feature", "properties": { "osm_id": "13473985979", "code": 2301, "fclass": "restaurant", "name_left": "Bún chả Việt Khiêm", "index_right": 0, "name_right": "Hanoi" }, "geometry": { "type": "Point", "coordinates": [ 105.8646603, 21.0435925 ] } },
{ "type": "Feature", "properties": { "osm_id": "13475283215", "code": 2301, "fclass": "restaurant", "name_left": "Nhà Của Ngoại", "index_right": 0, "name_right": "Hanoi" }, "geometry": { "type": "Point", "coordinates": [ 105.8657489, 21.0475013 ] } },
{ "type": "Feature", "properties": { "osm_id": "13475283216", "code": 2301, "fclass": "restaurant", "name_left": "Phở Gà 46", "index_right": 0, "name_right": "Hanoi" }, "geometry": { "type": "Point", "coordinates": [ 105.8655957, 21.048228 ] } },
{ "type": "Feature", "properties": { "osm_id": "13485169201", "code": 2301, "fclass": "restaurant", "name_left": "iVegan", "index_right": 0, "name_right": "Hanoi" }, "geometry": { "type": "Point", "coordinates": [ 105.8468793, 21.0326897 ] } },
{ "type": "Feature", "properties": { "osm_id": "13506385429", "code": 2301, "fclass": "restaurant", "name_left": "Bếp Ngư ông", "index_right": 0, "name_right": "Hanoi" }, "geometry": { "type": "Point", "coordinates": [ 105.8626588, 21.0515064 ] } },
{ "type": "Feature", "properties": { "osm_id": "13508941681", "code": 2301, "fclass": "restaurant", "name_left": "Phở Bò 63", "index_right": 0, "name_right": "Hanoi" }, "geometry": { "type": "Point", "coordinates": [ 105.8652033, 21.0477321 ] } },
{ "type": "Feature", "properties": { "osm_id": "13511150201", "code": 2301, "fclass": "restaurant", "name_left": "Pho Cuon Chinh Thang", "index_right": 0, "name_right": "Hanoi" }, "geometry": { "type": "Point", "coordinates": [ 105.8411995, 21.0466082 ] } },
{ "type": "Feature", "properties": { "osm_id": "13511259901", "code": 2301, "fclass": "restaurant", "name_left": null, "index_right": 0, "name_right": "Hanoi" }, "geometry": { "type": "Point", "coordinates": [ 105.8309925, 21.0323351 ] } },
{ "type": "Feature", "properties": { "osm_id": "13512166801", "code": 2301, "fclass": "restaurant", "name_left": null, "index_right": 0, "name_right": "Hanoi" }, "geometry": { "type": "Point", "coordinates": [ 105.8483781, 21.0198736 ] } },
{ "type": "Feature", "properties": { "osm_id": "13513730201", "code": 2301, "fclass": "restaurant", "name_left": "Bún Ziu Gánh", "index_right": 0, "name_right": "Hanoi" }, "geometry": { "type": "Point", "coordinates": [ 105.836276, 21.0244577 ] } },
{ "type": "Feature", "properties": { "osm_id": "13516584409", "code": 2301, "fclass": "restaurant", "name_left": "The Banh Mi Station", "index_right": 0, "name_right": "Hanoi" }, "geometry": { "type": "Point", "coordinates": [ 105.8532716, 21.0322557 ] } },
{ "type": "Feature", "properties": { "osm_id": "13539765901", "code": 2301, "fclass": "restaurant", "name_left": "Pho Lanh", "index_right": 0, "name_right": "Hanoi" }, "geometry": { "type": "Point", "coordinates": [ 105.8438237, 21.0189473 ] } },
{ "type": "Feature", "properties": { "osm_id": "13551353801", "code": 2301, "fclass": "restaurant", "name_left": null, "index_right": 0, "name_right": "Hanoi" }, "geometry": { "type": "Point", "coordinates": [ 105.8292089, 21.1981014 ] } },
{ "type": "Feature", "properties": { "osm_id": "13551353802", "code": 2301, "fclass": "restaurant", "name_left": null, "index_right": 0, "name_right": "Hanoi" }, "geometry": { "type": "Point", "coordinates": [ 105.8327998, 21.1979567 ] } },
{ "type": "Feature", "properties": { "osm_id": "13551354401", "code": 2301, "fclass": "restaurant", "name_left": null, "index_right": 0, "name_right": "Hanoi" }, "geometry": { "type": "Point", "coordinates": [ 105.8340119, 21.1982599 ] } },
{ "type": "Feature", "properties": { "osm_id": "13551354601", "code": 2301, "fclass": "restaurant", "name_left": "Bun Cha Ha Noi", "index_right": 0, "name_right": "Hanoi" }, "geometry": { "type": "Point", "coordinates": [ 105.8347861, 21.19823 ] } },
{ "type": "Feature", "properties": { "osm_id": "13551355101", "code": 2301, "fclass": "restaurant", "name_left": null, "index_right": 0, "name_right": "Hanoi" }, "geometry": { "type": "Point", "coordinates": [ 105.8373082, 21.1982156 ] } },
{ "type": "Feature", "properties": { "osm_id": "13551355202", "code": 2301, "fclass": "restaurant", "name_left": null, "index_right": 0, "name_right": "Hanoi" }, "geometry": { "type": "Point", "coordinates": [ 105.8444976, 21.1373701 ] } },
{ "type": "Feature", "properties": { "osm_id": "13551355401", "code": 2301, "fclass": "restaurant", "name_left": null, "index_right": 0, "name_right": "Hanoi" }, "geometry": { "type": "Point", "coordinates": [ 105.8403958, 21.1986931 ] } },
{ "type": "Feature", "properties": { "osm_id": "13563681801", "code": 2301, "fclass": "restaurant", "name_left": null, "index_right": 0, "name_right": "Hanoi" }, "geometry": { "type": "Point", "coordinates": [ 105.8307992, 21.0050907 ] } },
{ "type": "Feature", "properties": { "osm_id": "13584225102", "code": 2301, "fclass": "restaurant", "name_left": null, "index_right": 0, "name_right": "Hanoi" }, "geometry": { "type": "Point", "coordinates": [ 105.8421932, 21.0443337 ] } },
{ "type": "Feature", "properties": { "osm_id": "13592363601", "code": 2301, "fclass": "restaurant", "name_left": "Chay Vỉa Hè", "index_right": 0, "name_right": "Hanoi" }, "geometry": { "type": "Point", "coordinates": [ 105.8426269, 21.0457732 ] } },
{ "type": "Feature", "properties": { "osm_id": "13607254748", "code": 2301, "fclass": "restaurant", "name_left": "Hội quán thực dưỡng", "index_right": 0, "name_right": "Hanoi" }, "geometry": { "type": "Point", "coordinates": [ 105.8346721, 20.974621 ] } },
{ "type": "Feature", "properties": { "osm_id": "13608814803", "code": 2301, "fclass": "restaurant", "name_left": "Bun ca", "index_right": 0, "name_right": "Hanoi" }, "geometry": { "type": "Point", "coordinates": [ 105.8401034, 21.0293611 ] } },
{ "type": "Feature", "properties": { "osm_id": "13608815101", "code": 2301, "fclass": "restaurant", "name_left": null, "index_right": 0, "name_right": "Hanoi" }, "geometry": { "type": "Point", "coordinates": [ 105.8436369, 21.0300959 ] } },
{ "type": "Feature", "properties": { "osm_id": "13609089059", "code": 2301, "fclass": "restaurant", "name_left": "nhà của Chung Tuyết", "index_right": 0, "name_right": "Hanoi" }, "geometry": { "type": "Point", "coordinates": [ 105.7404387, 20.9981366 ] } },
{ "type": "Feature", "properties": { "osm_id": "13610849401", "code": 2301, "fclass": "restaurant", "name_left": "Bun Cha 40k", "index_right": 0, "name_right": "Hanoi" }, "geometry": { "type": "Point", "coordinates": [ 105.839687, 21.0292562 ] } },
{ "type": "Feature", "properties": { "osm_id": "13610849501", "code": 2301, "fclass": "restaurant", "name_left": "Tux-tax", "index_right": 0, "name_right": "Hanoi" }, "geometry": { "type": "Point", "coordinates": [ 105.8395886, 21.0291206 ] } },
{ "type": "Feature", "properties": { "osm_id": "13611774001", "code": 2301, "fclass": "restaurant", "name_left": "Local restaurant", "index_right": 0, "name_right": "Hanoi" }, "geometry": { "type": "Point", "coordinates": [ 105.847756, 21.034929 ] } },
{ "type": "Feature", "properties": { "osm_id": "13611906802", "code": 2301, "fclass": "restaurant", "name_left": "Bamboo snakes garden", "index_right": 0, "name_right": "Hanoi" }, "geometry": { "type": "Point", "coordinates": [ 105.9022869, 21.053325 ] } },
{ "type": "Feature", "properties": { "osm_id": "13619374553", "code": 2301, "fclass": "restaurant", "name_left": "Quán Chè Bác Chinh", "index_right": 0, "name_right": "Hanoi" }, "geometry": { "type": "Point", "coordinates": [ 105.8441158, 21.1698847 ] } },
{ "type": "Feature", "properties": { "osm_id": "13619648801", "code": 2301, "fclass": "restaurant", "name_left": null, "index_right": 0, "name_right": "Hanoi" }, "geometry": { "type": "Point", "coordinates": [ 105.8791276, 21.0538272 ] } },
{ "type": "Feature", "properties": { "osm_id": "13624907801", "code": 2301, "fclass": "restaurant", "name_left": "Miến Lươn Chân Cầm", "index_right": 0, "name_right": "Hanoi" }, "geometry": { "type": "Point", "coordinates": [ 105.8486949, 21.0304288 ] } },
{ "type": "Feature", "properties": { "osm_id": "13630080601", "code": 2301, "fclass": "restaurant", "name_left": "Hà Thành Mansion", "index_right": 0, "name_right": "Hanoi" }, "geometry": { "type": "Point", "coordinates": [ 105.84904, 21.0208818 ] } },
{ "type": "Feature", "properties": { "osm_id": "13631246007", "code": 2301, "fclass": "restaurant", "name_left": "Pho ga", "index_right": 0, "name_right": "Hanoi" }, "geometry": { "type": "Point", "coordinates": [ 105.8790934, 21.0474926 ] } },
{ "type": "Feature", "properties": { "osm_id": "13632874202", "code": 2301, "fclass": "restaurant", "name_left": "Pho", "index_right": 0, "name_right": "Hanoi" }, "geometry": { "type": "Point", "coordinates": [ 105.8715452, 21.0429418 ] } },
{ "type": "Feature", "properties": { "osm_id": "13632874302", "code": 2301, "fclass": "restaurant", "name_left": "Lotteria", "index_right": 0, "name_right": "Hanoi" }, "geometry": { "type": "Point", "coordinates": [ 105.8729502, 21.044025 ] } },
{ "type": "Feature", "properties": { "osm_id": "13632874304", "code": 2301, "fclass": "restaurant", "name_left": null, "index_right": 0, "name_right": "Hanoi" }, "geometry": { "type": "Point", "coordinates": [ 105.8521003, 21.1065668 ] } },
{ "type": "Feature", "properties": { "osm_id": "13632874402", "code": 2301, "fclass": "restaurant", "name_left": "Bun", "index_right": 0, "name_right": "Hanoi" }, "geometry": { "type": "Point", "coordinates": [ 105.9038478, 21.0852533 ] } },
{ "type": "Feature", "properties": { "osm_id": "13632874403", "code": 2301, "fclass": "restaurant", "name_left": "Bun", "index_right": 0, "name_right": "Hanoi" }, "geometry": { "type": "Point", "coordinates": [ 105.8464468, 21.1554405 ] } },
{ "type": "Feature", "properties": { "osm_id": "13632874404", "code": 2301, "fclass": "restaurant", "name_left": null, "index_right": 0, "name_right": "Hanoi" }, "geometry": { "type": "Point", "coordinates": [ 105.8486693, 21.1988633 ] } },
{ "type": "Feature", "properties": { "osm_id": "13632874413", "code": 2301, "fclass": "restaurant", "name_left": null, "index_right": 0, "name_right": "Hanoi" }, "geometry": { "type": "Point", "coordinates": [ 105.8233771, 21.1983763 ] } },
{ "type": "Feature", "properties": { "osm_id": "13632874415", "code": 2301, "fclass": "restaurant", "name_left": "Pho", "index_right": 0, "name_right": "Hanoi" }, "geometry": { "type": "Point", "coordinates": [ 105.821429, 21.1984275 ] } },
{ "type": "Feature", "properties": { "osm_id": "13632874604", "code": 2301, "fclass": "restaurant", "name_left": "Bun cha", "index_right": 0, "name_right": "Hanoi" }, "geometry": { "type": "Point", "coordinates": [ 105.8484927, 21.1976797 ] } },
{ "type": "Feature", "properties": { "osm_id": "13632874613", "code": 2301, "fclass": "restaurant", "name_left": "Pho", "index_right": 0, "name_right": "Hanoi" }, "geometry": { "type": "Point", "coordinates": [ 105.815501, 21.1989897 ] } },
{ "type": "Feature", "properties": { "osm_id": "13632874701", "code": 2301, "fclass": "restaurant", "name_left": "Bun", "index_right": 0, "name_right": "Hanoi" }, "geometry": { "type": "Point", "coordinates": [ 105.8458287, 21.1183279 ] } },
{ "type": "Feature", "properties": { "osm_id": "13633560801", "code": 2301, "fclass": "restaurant", "name_left": "Rice", "index_right": 0, "name_right": "Hanoi" }, "geometry": { "type": "Point", "coordinates": [ 105.8325395, 21.2018296 ] } },
{ "type": "Feature", "properties": { "osm_id": "13637408709", "code": 2301, "fclass": "restaurant", "name_left": null, "index_right": 0, "name_right": "Hanoi" }, "geometry": { "type": "Point", "coordinates": [ 105.8260659, 21.205535 ] } },
{ "type": "Feature", "properties": { "osm_id": "13637673905", "code": 2301, "fclass": "restaurant", "name_left": "Bún Bò Huế Hiền Hạnh", "index_right": 0, "name_right": "Hanoi" }, "geometry": { "type": "Point", "coordinates": [ 105.8047557, 21.0147509 ] } },
{ "type": "Feature", "properties": { "osm_id": "13640707701", "code": 2301, "fclass": "restaurant", "name_left": "Bún Chả Hạnh Béo", "index_right": 0, "name_right": "Hanoi" }, "geometry": { "type": "Point", "coordinates": [ 105.7999399, 21.0190445 ] } },
{ "type": "Feature", "properties": { "osm_id": "13641363901", "code": 2301, "fclass": "restaurant", "name_left": "Cơm Phở", "index_right": 0, "name_right": "Hanoi" }, "geometry": { "type": "Point", "coordinates": [ 105.8488587, 21.0304396 ] } },
{ "type": "Feature", "properties": { "osm_id": "13644445201", "code": 2301, "fclass": "restaurant", "name_left": "Bánh Cuốn Nóng Gia Truyền", "index_right": 0, "name_right": "Hanoi" }, "geometry": { "type": "Point", "coordinates": [ 105.7998414, 21.0191201 ] } },
{ "type": "Feature", "properties": { "osm_id": "13646102301", "code": 2301, "fclass": "restaurant", "name_left": null, "index_right": 0, "name_right": "Hanoi" }, "geometry": { "type": "Point", "coordinates": [ 105.8422211, 21.1988068 ] } },
{ "type": "Feature", "properties": { "osm_id": "13647364502", "code": 2301, "fclass": "restaurant", "name_left": "Met Vietnamese Restaurant", "index_right": 0, "name_right": "Hanoi" }, "geometry": { "type": "Point", "coordinates": [ 105.8524813, 21.033134 ] } },
{ "type": "Feature", "properties": { "osm_id": "13649628501", "code": 2301, "fclass": "restaurant", "name_left": "Xới Cơm - Tiệm ăn gia đình", "index_right": 0, "name_right": "Hanoi" }, "geometry": { "type": "Point", "coordinates": [ 105.8132176, 21.0143834 ] } },
{ "type": "Feature", "properties": { "osm_id": "13651572501", "code": 2301, "fclass": "restaurant", "name_left": "Cơm gà xử quảng", "index_right": 0, "name_right": "Hanoi" }, "geometry": { "type": "Point", "coordinates": [ 105.7999723, 21.0189274 ] } },
{ "type": "Feature", "properties": { "osm_id": "13652468901", "code": 2301, "fclass": "restaurant", "name_left": "Ngonya Ramen Trung Hòa", "index_right": 0, "name_right": "Hanoi" }, "geometry": { "type": "Point", "coordinates": [ 105.8015305, 21.014591 ] } },
{ "type": "Feature", "properties": { "osm_id": "13658645902", "code": 2301, "fclass": "restaurant", "name_left": "Bonchon Vietnam -", "index_right": 0, "name_right": "Hanoi" }, "geometry": { "type": "Point", "coordinates": [ 105.8002219, 21.0163663 ] } },
{ "type": "Feature", "properties": { "osm_id": "13666531601", "code": 2301, "fclass": "restaurant", "name_left": "Bún chả 41", "index_right": 0, "name_right": "Hanoi" }, "geometry": { "type": "Point", "coordinates": [ 105.8458793, 21.03456 ] } },
{ "type": "Feature", "properties": { "osm_id": "13668872401", "code": 2301, "fclass": "restaurant", "name_left": "Maison Sen Buffet", "index_right": 0, "name_right": "Hanoi" }, "geometry": { "type": "Point", "coordinates": [ 105.7878281, 21.0307345 ] } },
{ "type": "Feature", "properties": { "osm_id": "13670641308", "code": 2301, "fclass": "restaurant", "name_left": null, "index_right": 0, "name_right": "Hanoi" }, "geometry": { "type": "Point", "coordinates": [ 105.8481999, 21.1127522 ] } },
{ "type": "Feature", "properties": { "osm_id": "13671676601", "code": 2301, "fclass": "restaurant", "name_left": "Bún chả Sinh Từ", "index_right": 0, "name_right": "Hanoi" }, "geometry": { "type": "Point", "coordinates": [ 105.7979683, 21.0158996 ] } },
{ "type": "Feature", "properties": { "osm_id": "13702979501", "code": 2301, "fclass": "restaurant", "name_left": "Cơm Ann", "index_right": 0, "name_right": "Hanoi" }, "geometry": { "type": "Point", "coordinates": [ 105.8146506, 21.0763584 ] } },
{ "type": "Feature", "properties": { "osm_id": "13703831902", "code": 2301, "fclass": "restaurant", "name_left": "Hông Loan Quán", "index_right": 0, "name_right": "Hanoi" }, "geometry": { "type": "Point", "coordinates": [ 105.8271613, 21.0737186 ] } },
{ "type": "Feature", "properties": { "osm_id": "13703841401", "code": 2301, "fclass": "restaurant", "name_left": "Izakaya Matsuki", "index_right": 0, "name_right": "Hanoi" }, "geometry": { "type": "Point", "coordinates": [ 105.8291964, 21.0626218 ] } },
{ "type": "Feature", "properties": { "osm_id": "13708168601", "code": 2301, "fclass": "restaurant", "name_left": "Mái Lá - Cơm Việt từ trái tim", "index_right": 0, "name_right": "Hanoi" }, "geometry": { "type": "Point", "coordinates": [ 105.8427479, 21.0434069 ] } },
{ "type": "Feature", "properties": { "osm_id": "13709870140", "code": 2301, "fclass": "restaurant", "name_left": null, "index_right": 0, "name_right": "Hanoi" }, "geometry": { "type": "Point", "coordinates": [ 105.8164422, 21.0330519 ] } },
{ "type": "Feature", "properties": { "osm_id": "13731592801", "code": 2301, "fclass": "restaurant", "name_left": "I am chicken", "index_right": 0, "name_right": "Hanoi" }, "geometry": { "type": "Point", "coordinates": [ 105.8147679, 21.0765007 ] } },
{ "type": "Feature", "properties": { "osm_id": "13743071480", "code": 2301, "fclass": "restaurant", "name_left": "FamiCháo - 52 Ngõ Thổ Quan", "index_right": 0, "name_right": "Hanoi" }, "geometry": { "type": "Point", "coordinates": [ 105.8334182, 21.018235 ] } },
{ "type": "Feature", "properties": { "osm_id": "13786685745", "code": 2301, "fclass": "restaurant", "name_left": null, "index_right": 0, "name_right": "Hanoi" }, "geometry": { "type": "Point", "coordinates": [ 105.8600122, 20.8681789 ] } },
{ "type": "Feature", "properties": { "osm_id": "13794298537", "code": 2301, "fclass": "restaurant", "name_left": "The Moose & Roo Pub & Grill", "index_right": 0, "name_right": "Hanoi" }, "geometry": { "type": "Point", "coordinates": [ 105.8266743, 21.0664036 ] } },
{ "type": "Feature", "properties": { "osm_id": "13806229591", "code": 2301, "fclass": "restaurant", "name_left": "Pizza 4P's", "index_right": 0, "name_right": "Hanoi" }, "geometry": { "type": "Point", "coordinates": [ 105.8302048, 21.0304778 ] } },
{ "type": "Feature", "properties": { "osm_id": "13876689984", "code": 2301, "fclass": "restaurant", "name_left": "Thảo Viên Gió Sông Hồng", "index_right": 0, "name_right": "Hanoi" }, "geometry": { "type": "Point", "coordinates": [ 105.8499619, 21.0618059 ] } },
{ "type": "Feature", "properties": { "osm_id": "13895997882", "code": 2301, "fclass": "restaurant", "name_left": "Yatai Ramen", "index_right": 0, "name_right": "Hanoi" }, "geometry": { "type": "Point", "coordinates": [ 105.8169933, 21.0720867 ] } },
{ "type": "Feature", "properties": { "osm_id": "13898773058", "code": 2301, "fclass": "restaurant", "name_left": "Nhà hàng đảo bên hồ", "index_right": 0, "name_right": "Hanoi" }, "geometry": { "type": "Point", "coordinates": [ 105.8807298, 20.9850308 ] } },
{ "type": "Feature", "properties": { "osm_id": "13907404801", "code": 2301, "fclass": "restaurant", "name_left": "Madam Tư Hồng", "index_right": 0, "name_right": "Hanoi" }, "geometry": { "type": "Point", "coordinates": [ 105.845737, 21.028801 ] } },
{ "type": "Feature", "properties": { "osm_id": "13912681353", "code": 2301, "fclass": "restaurant", "name_left": "Pizza Hut", "index_right": 0, "name_right": "Hanoi" }, "geometry": { "type": "Point", "coordinates": [ 105.8466536, 20.9853158 ] } },
{ "type": "Feature", "properties": { "osm_id": "13947450701", "code": 2301, "fclass": "restaurant", "name_left": "Family Ramen", "index_right": 0, "name_right": "Hanoi" }, "geometry": { "type": "Point", "coordinates": [ 105.8542019, 21.0352215 ] } },
{ "type": "Feature", "properties": { "osm_id": "13949063201", "code": 2301, "fclass": "restaurant", "name_left": "Em Café", "index_right": 0, "name_right": "Hanoi" }, "geometry": { "type": "Point", "coordinates": [ 105.8501408, 21.0308153 ] } },
{ "type": "Feature", "properties": { "osm_id": "13949090703", "code": 2301, "fclass": "restaurant", "name_left": "Pho van cu", "index_right": 0, "name_right": "Hanoi" }, "geometry": { "type": "Point", "coordinates": [ 105.8466507, 21.164194 ] } },
{ "type": "Feature", "properties": { "osm_id": "13949091202", "code": 2301, "fclass": "restaurant", "name_left": null, "index_right": 0, "name_right": "Hanoi" }, "geometry": { "type": "Point", "coordinates": [ 105.8469111, 21.1698057 ] } },
{ "type": "Feature", "properties": { "osm_id": "13949092201", "code": 2301, "fclass": "restaurant", "name_left": null, "index_right": 0, "name_right": "Hanoi" }, "geometry": { "type": "Point", "coordinates": [ 105.8464915, 21.1557436 ] } },
{ "type": "Feature", "properties": { "osm_id": "13955136101", "code": 2301, "fclass": "restaurant", "name_left": "Movitas", "index_right": 0, "name_right": "Hanoi" }, "geometry": { "type": "Point", "coordinates": [ 105.8499643, 21.0352022 ] } },
{ "type": "Feature", "properties": { "osm_id": "13981899117", "code": 2301, "fclass": "restaurant", "name_left": "Chay Tâm Khởi", "index_right": 0, "name_right": "Hanoi" }, "geometry": { "type": "Point", "coordinates": [ 105.8430004, 21.0243367 ] } },
{ "type": "Feature", "properties": { "osm_id": "13981943861", "code": 2301, "fclass": "restaurant", "name_left": "Bánh Mì Chay SQ", "index_right": 0, "name_right": "Hanoi" }, "geometry": { "type": "Point", "coordinates": [ 105.8414361, 21.0273806 ] } },
{ "type": "Feature", "properties": { "osm_id": "13982143275", "code": 2301, "fclass": "restaurant", "name_left": "Nhà Hàng Chay Rasa", "index_right": 0, "name_right": "Hanoi" }, "geometry": { "type": "Point", "coordinates": [ 105.8556336, 21.0170585 ] } },
{ "type": "Feature", "properties": { "osm_id": "13982886474", "code": 2301, "fclass": "restaurant", "name_left": "Nhà Chay Tara", "index_right": 0, "name_right": "Hanoi" }, "geometry": { "type": "Point", "coordinates": [ 105.8272912, 21.0260183 ] } },
{ "type": "Feature", "properties": { "osm_id": "13986170475", "code": 2301, "fclass": "restaurant", "name_left": "Bo Beo", "index_right": 0, "name_right": "Hanoi" }, "geometry": { "type": "Point", "coordinates": [ 105.8515554, 21.0359052 ] } },
{ "type": "Feature", "properties": { "osm_id": "14019117023", "code": 2301, "fclass": "restaurant", "name_left": "TOTAM - Kitchen, Wine & Coffee Bar", "index_right": 0, "name_right": "Hanoi" }, "geometry": { "type": "Point", "coordinates": [ 105.8301906, 21.0597488 ] } },
{ "type": "Feature", "properties": { "osm_id": "14027946104", "code": 2301, "fclass": "restaurant", "name_left": "Nhà hàng Bia Sành", "index_right": 0, "name_right": "Hanoi" }, "geometry": { "type": "Point", "coordinates": [ 105.7545837, 20.9915585 ] } },
{ "type": "Feature", "properties": { "osm_id": "14049103101", "code": 2301, "fclass": "restaurant", "name_left": "Banh Duc", "index_right": 0, "name_right": "Hanoi" }, "geometry": { "type": "Point", "coordinates": [ 105.8551375, 21.016715 ] } },
{ "type": "Feature", "properties": { "osm_id": "14049103201", "code": 2301, "fclass": "restaurant", "name_left": "Huong Mai", "index_right": 0, "name_right": "Hanoi" }, "geometry": { "type": "Point", "coordinates": [ 105.8412575, 21.0460439 ] } },
{ "type": "Feature", "properties": { "osm_id": "14049103301", "code": 2301, "fclass": "restaurant", "name_left": "Bun Bo Nam Bo", "index_right": 0, "name_right": "Hanoi" }, "geometry": { "type": "Point", "coordinates": [ 105.8469184, 21.0321448 ] } },
{ "type": "Feature", "properties": { "osm_id": "14054774703", "code": 2301, "fclass": "restaurant", "name_left": "Bun Dau", "index_right": 0, "name_right": "Hanoi" }, "geometry": { "type": "Point", "coordinates": [ 105.8522206, 21.0255586 ] } },
{ "type": "Feature", "properties": { "osm_id": "14056041723", "code": 2301, "fclass": "restaurant", "name_left": "RAMEN ICHIBANKEN", "index_right": 0, "name_right": "Hanoi" }, "geometry": { "type": "Point", "coordinates": [ 105.8307547, 21.0311551 ] } },
{ "type": "Feature", "properties": { "osm_id": "14064444702", "code": 2301, "fclass": "restaurant", "name_left": "Công Ca Phê", "index_right": 0, "name_right": "Hanoi" }, "geometry": { "type": "Point", "coordinates": [ 105.8418952, 21.0451505 ] } },
{ "type": "Feature", "properties": { "osm_id": "14074419965", "code": 2301, "fclass": "restaurant", "name_left": "Bun", "index_right": 0, "name_right": "Hanoi" }, "geometry": { "type": "Point", "coordinates": [ 105.7923667, 21.0180091 ] } },
{ "type": "Feature", "properties": { "osm_id": "14074419966", "code": 2301, "fclass": "restaurant", "name_left": "Banh Bao", "index_right": 0, "name_right": "Hanoi" }, "geometry": { "type": "Point", "coordinates": [ 105.7924312, 21.0180388 ] } },
{ "type": "Feature", "properties": { "osm_id": "14086172301", "code": 2301, "fclass": "restaurant", "name_left": "Bao Nguyen Bolero (Pho, Bun, Mien)", "index_right": 0, "name_right": "Hanoi" }, "geometry": { "type": "Point", "coordinates": [ 105.7830652, 21.2191219 ] } },
{ "type": "Feature", "properties": { "osm_id": "14086684701", "code": 2301, "fclass": "restaurant", "name_left": "Bun Rieu; Com", "index_right": 0, "name_right": "Hanoi" }, "geometry": { "type": "Point", "coordinates": [ 105.8173299, 21.2059925 ] } },
{ "type": "Feature", "properties": { "osm_id": "14086736701", "code": 2301, "fclass": "restaurant", "name_left": "Bun", "index_right": 0, "name_right": "Hanoi" }, "geometry": { "type": "Point", "coordinates": [ 105.8442333, 21.126846 ] } },
{ "type": "Feature", "properties": { "osm_id": "14087058901", "code": 2301, "fclass": "restaurant", "name_left": "Pho", "index_right": 0, "name_right": "Hanoi" }, "geometry": { "type": "Point", "coordinates": [ 105.8456245, 20.9816585 ] } },
{ "type": "Feature", "properties": { "osm_id": "14144385001", "code": 2301, "fclass": "restaurant", "name_left": "Phở Gà - Hủ Tíu Gà", "index_right": 0, "name_right": "Hanoi" }, "geometry": { "type": "Point", "coordinates": [ 105.8385548, 21.0516663 ] } },
{ "type": "Feature", "properties": { "osm_id": "14144414701", "code": 2301, "fclass": "restaurant", "name_left": "Bà Loan", "index_right": 0, "name_right": "Hanoi" }, "geometry": { "type": "Point", "coordinates": [ 105.838391, 21.0517535 ] } },
{ "type": "Feature", "properties": { "osm_id": "14144414801", "code": 2301, "fclass": "restaurant", "name_left": "Cô Lan", "index_right": 0, "name_right": "Hanoi" }, "geometry": { "type": "Point", "coordinates": [ 105.8383867, 21.0516803 ] } },
{ "type": "Feature", "properties": { "osm_id": "14148128101", "code": 2301, "fclass": "restaurant", "name_left": "Lan Ong", "index_right": 0, "name_right": "Hanoi" }, "geometry": { "type": "Point", "coordinates": [ 105.8490602, 21.0354013 ] } },
{ "type": "Feature", "properties": { "osm_id": "14152831901", "code": 2301, "fclass": "restaurant", "name_left": "Phương Bẻo (amazing phở gà)", "index_right": 0, "name_right": "Hanoi" }, "geometry": { "type": "Point", "coordinates": [ 105.8261929, 21.067517 ] } },
{ "type": "Feature", "properties": { "osm_id": "14156570901", "code": 2301, "fclass": "restaurant", "name_left": "MR BEER", "index_right": 0, "name_right": "Hanoi" }, "geometry": { "type": "Point", "coordinates": [ 105.8220218, 21.0563506 ] } },
{ "type": "Feature", "properties": { "osm_id": "14157700401", "code": 2301, "fclass": "restaurant", "name_left": "NYC Pizza", "index_right": 0, "name_right": "Hanoi" }, "geometry": { "type": "Point", "coordinates": [ 105.8241329, 21.0638307 ] } },
{ "type": "Feature", "properties": { "osm_id": "14169580001", "code": 2301, "fclass": "restaurant", "name_left": "King Bao Dumpling (Dim Sum)", "index_right": 0, "name_right": "Hanoi" }, "geometry": { "type": "Point", "coordinates": [ 105.8261808, 21.0675939 ] } },
{ "type": "Feature", "properties": { "osm_id": "14174721301", "code": 2301, "fclass": "restaurant", "name_left": "Cơm Gà Mìn", "index_right": 0, "name_right": "Hanoi" }, "geometry": { "type": "Point", "coordinates": [ 105.8239597, 21.06824 ] } },
{ "type": "Feature", "properties": { "osm_id": "14182195402", "code": 2301, "fclass": "restaurant", "name_left": "Tiệm Chay Nhà Mình", "index_right": 0, "name_right": "Hanoi" }, "geometry": { "type": "Point", "coordinates": [ 105.843095, 21.0228498 ] } },
{ "type": "Feature", "properties": { "osm_id": "14183047001", "code": 2301, "fclass": "restaurant", "name_left": "Lẩu nướng Tây Bắc", "index_right": 0, "name_right": "Hanoi" }, "geometry": { "type": "Point", "coordinates": [ 105.8384671, 21.0521858 ] } }
]
}
