{
"type": "FeatureCollection",
"name": "isochrone_shop_greengrocer_drive",
"crs": { "type": "name", "properties": { "name": "urn:ogc:def:crs:OGC:1.3:CRS84" } },
"features": [
{ "type": "Feature", "properties": { "threshold_s": 300, "time_label": "5 min drive" }, "geometry": { "type": "Polygon", "coordinates": [ [ [ 38.7732789, 9.0121882 ], [ 38.773148, 9.0145762 ], [ 38.7732235, 9.0146348 ], [ 38.7743465, 9.0124832 ], [ 38.7756928, 9.012622 ], [ 38.776373, 9.0129175 ], [ 38.7778035, 9.0124771 ], [ 38.7792254, 9.0132141 ], [ 38.7793668, 9.0132882 ], [ 38.7789615, 9.0113466 ], [ 38.7789925, 9.0105062 ], [ 38.777605, 9.0085597 ], [ 38.7782046, 9.0076547 ], [ 38.7793227, 9.0073006 ], [ 38.7809236, 9.0077517 ], [ 38.7810148, 9.0078206 ], [ 38.7817273, 9.007227 ], [ 38.7831612, 9.0062702 ], [ 38.7841033, 9.0045257 ], [ 38.7836735, 9.0030581 ], [ 38.783090799999989, 9.0006189 ], [ 38.7813813, 9.0009494 ], [ 38.7801477, 9.0005493 ], [ 38.7795597, 9.0006527 ], [ 38.7797689, 9.0015699 ], [ 38.7772268, 9.0028263 ], [ 38.7757771, 9.0033548 ], [ 38.7734655, 9.0030482 ], [ 38.7734899, 9.0014308 ], [ 38.7738252, 8.9995496 ], [ 38.7736869, 8.9994737 ], [ 38.7716421, 9.0009861 ], [ 38.7713341, 9.0014454 ], [ 38.7705468, 9.0027292 ], [ 38.768731, 9.0043466 ], [ 38.7695761, 9.0061032 ], [ 38.7699708, 9.0073954 ], [ 38.7705514, 9.0092813 ], [ 38.7725128, 9.0102701 ], [ 38.7732789, 9.0121882 ] ] ] } },
{ "type": "Feature", "properties": { "threshold_s": 600, "time_label": "10 min drive" }, "geometry": { "type": "Polygon", "coordinates": [ [ [ 38.7638895, 9.0199177 ], [ 38.7650922, 9.0223314 ], [ 38.7686595, 9.0207369 ], [ 38.7726157, 9.0232898 ], [ 38.7731022, 9.0232601 ], [ 38.7753358, 9.0224459 ], [ 38.7791354, 9.0209809 ], [ 38.782435, 9.0193034 ], [ 38.7868626, 9.0185753 ], [ 38.7888092, 9.0179132 ], [ 38.79037610000001, 9.0163806 ], [ 38.7895938, 9.0117179 ], [ 38.789982, 9.0113729 ], [ 38.7914267, 9.009869 ], [ 38.7925181, 9.0080703 ], [ 38.7946479, 9.0046967 ], [ 38.7946308, 9.0046325 ], [ 38.7917389, 9.0056483 ], [ 38.7892042, 9.0040436 ], [ 38.7897293, 8.9996859 ], [ 38.7906855, 8.9993148 ], [ 38.7913789, 8.9990156 ], [ 38.7920983, 8.9987684 ], [ 38.792624, 8.9985777 ], [ 38.7929497, 8.9955485 ], [ 38.7910791, 8.9942343 ], [ 38.7887993, 8.9927548 ], [ 38.7847989, 8.9917454 ], [ 38.7830666, 8.9913983 ], [ 38.7816987, 8.9917573 ], [ 38.778172499999989, 8.9898978 ], [ 38.7771993, 8.9889938 ], [ 38.7725604, 8.990016 ], [ 38.7719503, 8.9903067 ], [ 38.7681141, 8.9932534 ], [ 38.7665231, 8.9948114 ], [ 38.7637441, 8.9960754 ], [ 38.7633437, 8.9965623 ], [ 38.7609245, 9.000468 ], [ 38.76146, 9.0035082 ], [ 38.7629613, 9.0049758 ], [ 38.7638989, 9.0084046 ], [ 38.76206, 9.0111118 ], [ 38.7598898, 9.0114568 ], [ 38.7594056, 9.011551 ], [ 38.7632994, 9.0143168 ], [ 38.7623666, 9.0174082 ], [ 38.7638895, 9.0199177 ] ] ] } },
{ "type": "Feature", "properties": { "threshold_s": 900, "time_label": "15 min drive" }, "geometry": { "type": "Polygon", "coordinates": [ [ [ 38.750687, 9.0147579 ], [ 38.7523491, 9.0197223 ], [ 38.754346, 9.0216889 ], [ 38.7546091, 9.0217117 ], [ 38.7555976, 9.0217609 ], [ 38.7614021, 9.0232701 ], [ 38.7616201, 9.0233396 ], [ 38.7650922, 9.0223314 ], [ 38.7673037, 9.0253571 ], [ 38.7664952, 9.0274613 ], [ 38.7657206, 9.0293019 ], [ 38.7668135, 9.0296198 ], [ 38.7701755, 9.0299115 ], [ 38.7723844, 9.0333248 ], [ 38.7773348, 9.0306872 ], [ 38.7797489, 9.0299081 ], [ 38.7844465, 9.0283163 ], [ 38.7883272, 9.0290683 ], [ 38.7887887, 9.0277963 ], [ 38.7940937, 9.0255635 ], [ 38.79603, 9.0246455 ], [ 38.7970493, 9.0213331 ], [ 38.801438, 9.0192316 ], [ 38.8014734, 9.019214 ], [ 38.799423, 9.0175115 ], [ 38.8005534, 9.013246 ], [ 38.8007875, 9.0118616 ], [ 38.8017033, 9.0092955 ], [ 38.8034796, 9.0044801 ], [ 38.8037032, 9.0037733 ], [ 38.8044385, 8.9996268 ], [ 38.8043088, 8.9993655 ], [ 38.8004776, 8.9984045 ], [ 38.7965052, 8.9969379 ], [ 38.797957, 8.9920335 ], [ 38.7976136, 8.9913002 ], [ 38.7967419, 8.9891166 ], [ 38.7962584, 8.9887523 ], [ 38.791375, 8.9871117 ], [ 38.788826, 8.985809 ], [ 38.7855757, 8.9849273 ], [ 38.7842988, 8.9845215 ], [ 38.7829895, 8.9840922 ], [ 38.7786839, 8.9804382 ], [ 38.7752954, 8.9803589 ], [ 38.7728924, 8.9803205 ], [ 38.771043, 8.9807541 ], [ 38.7656092, 8.982238 ], [ 38.764124099999989, 8.9821933 ], [ 38.7619202, 8.9856735 ], [ 38.7608696, 8.9875656 ], [ 38.7569617, 8.9915487 ], [ 38.754718, 8.9927916 ], [ 38.7520486, 8.9949625 ], [ 38.7521329, 8.9954333 ], [ 38.7549246, 8.9979375 ], [ 38.7554317, 8.9998897 ], [ 38.7530085, 9.0043225 ], [ 38.752014, 9.0072861 ], [ 38.7495149, 9.011528 ], [ 38.750687, 9.0147579 ] ] ] } },
{ "type": "Feature", "properties": { "threshold_s": 300, "time_label": "5 min drive" }, "geometry": { "type": "Polygon", "coordinates": [ [ [ 38.7255694, 8.9736391 ], [ 38.7266952, 8.975401 ], [ 38.727043, 8.975157 ], [ 38.7296868, 8.9752961 ], [ 38.7305717, 8.9746057 ], [ 38.7322075, 8.9738249 ], [ 38.7319924, 8.9736661 ], [ 38.7319405, 8.9736278 ], [ 38.7310847, 8.9722338 ], [ 38.7313365, 8.970098 ], [ 38.7329476, 8.9698573 ], [ 38.7327157, 8.9682691 ], [ 38.7326726, 8.9658718 ], [ 38.7335819, 8.9654407 ], [ 38.7338065, 8.9651427 ], [ 38.7338521, 8.9650684 ], [ 38.7329381, 8.9628062 ], [ 38.7328098, 8.9616034 ], [ 38.7319559, 8.9629638 ], [ 38.7313496, 8.9646863 ], [ 38.729296, 8.9648433 ], [ 38.7274935, 8.9655921 ], [ 38.7267258, 8.9660696 ], [ 38.7264039, 8.966268 ], [ 38.7260745, 8.9664712 ], [ 38.7259297, 8.9677269 ], [ 38.7259041, 8.9701262 ], [ 38.725397, 8.9725041 ], [ 38.7255694, 8.9736391 ] ] ] } },
{ "type": "Feature", "properties": { "threshold_s": 600, "time_label": "10 min drive" }, "geometry": { "type": "Polygon", "coordinates": [ [ [ 38.7189332, 8.9793883 ], [ 38.7197882, 8.9819198 ], [ 38.7223984, 8.9810641 ], [ 38.7230837, 8.980366 ], [ 38.7284709, 8.9799734 ], [ 38.7297273, 8.9815464 ], [ 38.7308031, 8.9825199 ], [ 38.731513, 8.9831718 ], [ 38.7324125, 8.9841916 ], [ 38.737172, 8.9846817 ], [ 38.7377916, 8.9841214 ], [ 38.7400372, 8.9805206 ], [ 38.741234, 8.9774999 ], [ 38.7429767, 8.9727105 ], [ 38.7437968, 8.9708306 ], [ 38.7434813, 8.9705768 ], [ 38.7407647, 8.9696851 ], [ 38.7372129, 8.9662997 ], [ 38.7355458, 8.9629714 ], [ 38.7352396, 8.9611247 ], [ 38.7364709, 8.9560006 ], [ 38.7324205, 8.9523999 ], [ 38.732519, 8.9518222 ], [ 38.7318567, 8.9516713 ], [ 38.7313974, 8.9515806 ], [ 38.731351, 8.9515779 ], [ 38.728762, 8.9552402 ], [ 38.7272777, 8.9556214 ], [ 38.7266015, 8.9562245 ], [ 38.7252751, 8.9582063 ], [ 38.7223414, 8.961928 ], [ 38.7197271, 8.9634522 ], [ 38.7177271, 8.9646476 ], [ 38.7167915, 8.9671129 ], [ 38.7161401, 8.9698102 ], [ 38.7161663, 8.9698765 ], [ 38.7172198, 8.9707216 ], [ 38.7187499, 8.972423 ], [ 38.7190926, 8.9729571 ], [ 38.7195794, 8.9737333 ], [ 38.7206829, 8.9750566 ], [ 38.7189332, 8.9793883 ] ] ] } },
{ "type": "Feature", "properties": { "threshold_s": 900, "time_label": "15 min drive" }, "geometry": { "type": "Polygon", "coordinates": [ [ [ 38.7083882, 8.9834566 ], [ 38.7084384, 8.9835185 ], [ 38.7129021, 8.9832206 ], [ 38.7163385, 8.9880063 ], [ 38.716908, 8.9901293 ], [ 38.7173929, 8.9902075 ], [ 38.7206103, 8.9904456 ], [ 38.7256426, 8.9913092 ], [ 38.7310003, 8.9932659 ], [ 38.7324044, 8.9933938 ], [ 38.7383237, 8.9951094 ], [ 38.7387317, 8.9950244 ], [ 38.7434942, 8.9914052 ], [ 38.7436414, 8.9905094 ], [ 38.7480312, 8.9858545 ], [ 38.7481404, 8.9858067 ], [ 38.7498189, 8.9837713 ], [ 38.751993, 8.9781171 ], [ 38.7523198, 8.9776614 ], [ 38.7513281, 8.9722301 ], [ 38.7518933, 8.9676702 ], [ 38.7502526, 8.965364 ], [ 38.7495841, 8.9609017 ], [ 38.751267, 8.9588528 ], [ 38.750004, 8.9580909 ], [ 38.7499699, 8.9581265 ], [ 38.7490115, 8.9593292 ], [ 38.7457092, 8.9611077 ], [ 38.7404933, 8.9609058 ], [ 38.7364709, 8.9560006 ], [ 38.7401446, 8.9523628 ], [ 38.7408688, 8.9509573 ], [ 38.7413382, 8.9495559 ], [ 38.7411029, 8.9483573 ], [ 38.7407176, 8.9461967 ], [ 38.7404949, 8.9454376 ], [ 38.7402048, 8.9450402 ], [ 38.7381773, 8.9434351 ], [ 38.7347215, 8.9398383 ], [ 38.7339869, 8.9411538 ], [ 38.7335564, 8.9435252 ], [ 38.7277224, 8.9443807 ], [ 38.7268793, 8.943171 ], [ 38.7268514, 8.9431378 ], [ 38.7259931, 8.9444006 ], [ 38.7248986, 8.9464576 ], [ 38.7245779, 8.9472544 ], [ 38.7219747, 8.9512374 ], [ 38.7210804, 8.9522224 ], [ 38.7166151, 8.9555162 ], [ 38.7152314, 8.9554302 ], [ 38.714923, 8.9554041 ], [ 38.7141587, 8.955684 ], [ 38.7133864, 8.9560024 ], [ 38.7116066, 8.9567775 ], [ 38.7097281, 8.9588112 ], [ 38.7103525, 8.9597938 ], [ 38.7097062, 8.9659719 ], [ 38.7076819, 8.9669462 ], [ 38.707656, 8.9670481 ], [ 38.7075467, 8.9675465 ], [ 38.70758270000001, 8.9681555 ], [ 38.7076083, 8.9683257 ], [ 38.7077267, 8.9729875 ], [ 38.705359, 8.9760753 ], [ 38.70553, 8.9764627 ], [ 38.7085328, 8.9816447 ], [ 38.7083544, 8.9828391 ], [ 38.7083882, 8.9834566 ] ] ] } },
{ "type": "Feature", "properties": { "threshold_s": 300, "time_label": "5 min drive" }, "geometry": { "type": "Polygon", "coordinates": [ [ [ 38.8347551, 9.034241 ], [ 38.8347468, 9.0370347 ], [ 38.8348367, 9.037034 ], [ 38.8362384, 9.0370978 ], [ 38.8370374, 9.0371658 ], [ 38.8375676, 9.0372689 ], [ 38.8392543, 9.0375006 ], [ 38.8411733, 9.039514 ], [ 38.8405175, 9.0411888 ], [ 38.8413161, 9.0420641 ], [ 38.8426623, 9.0432913 ], [ 38.8443081, 9.0428863 ], [ 38.8459718, 9.041257 ], [ 38.8463098, 9.040754 ], [ 38.8483939, 9.0388306 ], [ 38.8495593, 9.0389459 ], [ 38.8505922, 9.0391271 ], [ 38.8506618, 9.0391287 ], [ 38.8519682, 9.0373446 ], [ 38.8520455, 9.0366867 ], [ 38.8517428, 9.0360889 ], [ 38.8512269, 9.0351682 ], [ 38.8503209, 9.033205 ], [ 38.84921, 9.0314487 ], [ 38.8482917, 9.0308104 ], [ 38.8467914, 9.0287197 ], [ 38.8459702, 9.0280977 ], [ 38.8445368, 9.0261559 ], [ 38.844009, 9.0263363 ], [ 38.8427642, 9.0268135 ], [ 38.8399696, 9.027806 ], [ 38.8385591, 9.0292689 ], [ 38.8363641, 9.0296097 ], [ 38.8363402, 9.0297042 ], [ 38.8363252, 9.0299163 ], [ 38.8362977, 9.0307735 ], [ 38.8357675, 9.032302 ], [ 38.8342501, 9.0330166 ], [ 38.8347551, 9.034241 ] ] ] } },
{ "type": "Feature", "properties": { "threshold_s": 600, "time_label": "10 min drive" }, "geometry": { "type": "Polygon", "coordinates": [ [ [ 38.8258203, 9.041608 ], [ 38.8265489, 9.043374 ], [ 38.8295261, 9.0453123 ], [ 38.8307291, 9.0448386 ], [ 38.8342291, 9.0444675 ], [ 38.8347106, 9.0444106 ], [ 38.8351974, 9.0432847 ], [ 38.8389629, 9.042661 ], [ 38.8394097, 9.0464862 ], [ 38.8376208, 9.0490619 ], [ 38.8369801, 9.0494337 ], [ 38.837319, 9.0497546 ], [ 38.8386682, 9.0500221 ], [ 38.8423777, 9.0510737 ], [ 38.8438708, 9.050832 ], [ 38.8457277, 9.0501837 ], [ 38.8462717, 9.0497834 ], [ 38.8467606, 9.0494644 ], [ 38.8489383, 9.0480514 ], [ 38.851974, 9.0484036 ], [ 38.8535732, 9.0492142 ], [ 38.8564505, 9.0477504 ], [ 38.8576716, 9.0458869 ], [ 38.8573526, 9.0437817 ], [ 38.8597932, 9.0411193 ], [ 38.8613878, 9.0412676 ], [ 38.8622666, 9.0387318 ], [ 38.8615663, 9.0358356 ], [ 38.859686, 9.0336626 ], [ 38.8595912, 9.0311883 ], [ 38.8586361, 9.0303282 ], [ 38.8552804, 9.0279713 ], [ 38.8541116, 9.025734 ], [ 38.8533028, 9.0255136 ], [ 38.8527889, 9.0254057 ], [ 38.8512451, 9.0215515 ], [ 38.8509239, 9.0211028 ], [ 38.8500344, 9.0211574 ], [ 38.8485722, 9.0212117 ], [ 38.847197799999989, 9.0212844 ], [ 38.8442271, 9.0186967 ], [ 38.8427203, 9.0175957 ], [ 38.8387446, 9.0176958 ], [ 38.8387464, 9.0183235 ], [ 38.8360585, 9.0217651 ], [ 38.83504, 9.0218214 ], [ 38.8337107, 9.0218852 ], [ 38.8313044, 9.0245723 ], [ 38.8299201, 9.0249443 ], [ 38.8265381, 9.0257047 ], [ 38.8264761, 9.0258005 ], [ 38.8268618, 9.0274965 ], [ 38.8281022, 9.0285546 ], [ 38.8273956, 9.0322738 ], [ 38.8255306, 9.0333853 ], [ 38.824153, 9.0342365 ], [ 38.82487, 9.0376093 ], [ 38.8253194, 9.0403359 ], [ 38.8258203, 9.041608 ] ] ] } },
{ "type": "Feature", "properties": { "threshold_s": 900, "time_label": "15 min drive" }, "geometry": { "type": "Polygon", "coordinates": [ [ [ 38.8166174, 9.046587 ], [ 38.8172729, 9.0474726 ], [ 38.8231803, 9.0462342 ], [ 38.8256755, 9.0502843 ], [ 38.8248065, 9.0523318 ], [ 38.8243626, 9.0528934 ], [ 38.8237444, 9.0539635 ], [ 38.8274968, 9.0551727 ], [ 38.8285455, 9.0551872 ], [ 38.8313578, 9.0541423 ], [ 38.8358338, 9.0575279 ], [ 38.8397427, 9.0570634 ], [ 38.8406691, 9.0567526 ], [ 38.8423777, 9.0510737 ], [ 38.8438708, 9.050832 ], [ 38.8457277, 9.0501837 ], [ 38.8507354, 9.0534761 ], [ 38.8481572, 9.0576546 ], [ 38.8479806, 9.0587243 ], [ 38.8480478, 9.0588075 ], [ 38.8528946, 9.0591061 ], [ 38.8538763, 9.0591604 ], [ 38.8538838, 9.0576997 ], [ 38.854115, 9.0548694 ], [ 38.8542894, 9.0539052 ], [ 38.8583234, 9.0499532 ], [ 38.8601862, 9.0500287 ], [ 38.8611813, 9.0496817 ], [ 38.8659955, 9.0479541 ], [ 38.8687662, 9.0457312 ], [ 38.8679901, 9.0413286 ], [ 38.8683777, 9.0387989 ], [ 38.8681483, 9.0364148 ], [ 38.8642685, 9.0370267 ], [ 38.8620956, 9.0352 ], [ 38.8636881, 9.0301716 ], [ 38.8648603, 9.0291935 ], [ 38.8659618, 9.0262401 ], [ 38.8650995, 9.0238829 ], [ 38.8624249, 9.0209633 ], [ 38.8578449, 9.0177204 ], [ 38.8541842, 9.0136705 ], [ 38.853011, 9.0125192 ], [ 38.8478259, 9.0107865 ], [ 38.8463331, 9.0104403 ], [ 38.8453276, 9.0105192 ], [ 38.8397552, 9.0092875 ], [ 38.8392303, 9.008963 ], [ 38.8366805, 9.0077965 ], [ 38.835086, 9.0077408 ], [ 38.8332092, 9.0102168 ], [ 38.8329414, 9.0128681 ], [ 38.8276385, 9.0156242 ], [ 38.826510399999989, 9.014996 ], [ 38.8262592, 9.0149345 ], [ 38.8257948, 9.0149419 ], [ 38.8238827, 9.0149469 ], [ 38.823589, 9.0151629 ], [ 38.8235384, 9.015215 ], [ 38.8198926, 9.0192105 ], [ 38.8156474, 9.0222936 ], [ 38.8164009, 9.0238867 ], [ 38.8170674, 9.0271522 ], [ 38.8164359, 9.0302562 ], [ 38.8147181, 9.0359606 ], [ 38.8153239, 9.0372182 ], [ 38.8163683, 9.0394796 ], [ 38.8164635, 9.0438609 ], [ 38.8166174, 9.046587 ] ] ] } },
{ "type": "Feature", "properties": { "threshold_s": 300, "time_label": "5 min drive" }, "geometry": { "type": "Polygon", "coordinates": [ [ [ 38.8037421, 9.0189254 ], [ 38.8035447, 9.0196294 ], [ 38.8045576, 9.0198433 ], [ 38.805639, 9.019272 ], [ 38.8066547, 9.0201329 ], [ 38.8076165, 9.0203631 ], [ 38.807704, 9.0203778 ], [ 38.8083148, 9.0203995 ], [ 38.8088993, 9.0203582 ], [ 38.809637, 9.0202318 ], [ 38.810139, 9.0201299 ], [ 38.8110194, 9.0199451 ], [ 38.8116207, 9.0198412 ], [ 38.813209, 9.0199514 ], [ 38.8133654, 9.0199396 ], [ 38.8133688, 9.0197109 ], [ 38.8116947, 9.0198284 ], [ 38.8107899, 9.0186719 ], [ 38.8108409, 9.0176114 ], [ 38.8110989, 9.0165559 ], [ 38.8104827, 9.0152752 ], [ 38.8103853, 9.0150813 ], [ 38.809157, 9.014593 ], [ 38.80839, 9.0144276 ], [ 38.8075053, 9.013942 ], [ 38.8067256, 9.0137114 ], [ 38.8074242, 9.0149396 ], [ 38.8065164, 9.0154162 ], [ 38.8061084, 9.0155969 ], [ 38.8057726, 9.0157653 ], [ 38.8054571, 9.0159235 ], [ 38.8050866, 9.0161148 ], [ 38.8043103, 9.0174651 ], [ 38.8031721, 9.0170176 ], [ 38.8027118, 9.0169641 ], [ 38.8025355, 9.0170072 ], [ 38.8023704, 9.017401 ], [ 38.8036287, 9.0177872 ], [ 38.8037945, 9.0186417 ], [ 38.8037421, 9.0189254 ] ] ] } },
{ "type": "Feature", "properties": { "threshold_s": 600, "time_label": "10 min drive" }, "geometry": { "type": "Polygon", "coordinates": [ [ [ 38.7936215, 9.01785 ], [ 38.7929892, 9.0212511 ], [ 38.7953645, 9.0235105 ], [ 38.799208, 9.0254482 ], [ 38.8020936, 9.0264203 ], [ 38.8056971, 9.0244005 ], [ 38.808001, 9.0248414 ], [ 38.8092436, 9.0249536 ], [ 38.8129946, 9.0250146 ], [ 38.8143496, 9.0279621 ], [ 38.8144997, 9.0290358 ], [ 38.8151284, 9.0283886 ], [ 38.8191392, 9.0273882 ], [ 38.8202976, 9.0275475 ], [ 38.8219882, 9.0245452 ], [ 38.8220186, 9.023904 ], [ 38.821077099999989, 9.0225039 ], [ 38.8235368, 9.0189136 ], [ 38.8250399, 9.0194069 ], [ 38.8254623, 9.019558 ], [ 38.8253001, 9.01728 ], [ 38.823589, 9.0151629 ], [ 38.8209495, 9.013644 ], [ 38.8182659, 9.0114084 ], [ 38.8156858, 9.0085423 ], [ 38.8151966, 9.0081018 ], [ 38.8121907, 9.0051675 ], [ 38.8115813, 9.0049238 ], [ 38.8092765, 9.0052556 ], [ 38.8056402, 9.0071786 ], [ 38.8049162, 9.0076893 ], [ 38.8042796, 9.0101637 ], [ 38.8004413, 9.0119925 ], [ 38.7998326, 9.012904 ], [ 38.8006603, 9.0148448 ], [ 38.8007463, 9.0153373 ], [ 38.7986449, 9.01891 ], [ 38.797182, 9.0184257 ], [ 38.7967567, 9.0182941 ], [ 38.7954471, 9.0178669 ], [ 38.7947434, 9.0176284 ], [ 38.7937514, 9.0173155 ], [ 38.7936215, 9.01785 ] ] ] } },
{ "type": "Feature", "properties": { "threshold_s": 900, "time_label": "15 min drive" }, "geometry": { "type": "Polygon", "coordinates": [ [ [ 38.7855547, 9.0261301 ], [ 38.7867588, 9.0301967 ], [ 38.7916942, 9.0318211 ], [ 38.7947311, 9.0312946 ], [ 38.7988474, 9.0307862 ], [ 38.8011234, 9.0303124 ], [ 38.8048161, 9.0292985 ], [ 38.808201, 9.0306966 ], [ 38.8101278, 9.0326481 ], [ 38.8103267, 9.0327174 ], [ 38.8130282, 9.033534 ], [ 38.8167679, 9.0323597 ], [ 38.8208636, 9.0339018 ], [ 38.8266465, 9.0345977 ], [ 38.8269124, 9.0338868 ], [ 38.8295485, 9.030033 ], [ 38.8327768, 9.0283725 ], [ 38.8328062, 9.0282913 ], [ 38.8325876, 9.0248256 ], [ 38.8348874, 9.0216123 ], [ 38.8352508, 9.020929 ], [ 38.8353704, 9.0205201 ], [ 38.8331274, 9.0149421 ], [ 38.8340004, 9.0119736 ], [ 38.8337425, 9.0114417 ], [ 38.8296097, 9.0071875 ], [ 38.827472, 9.0052887 ], [ 38.8237967, 9.0028303 ], [ 38.8185939, 8.9984419 ], [ 38.8138214, 8.9950904 ], [ 38.8122705, 8.9947536 ], [ 38.8119944, 8.994761 ], [ 38.8118547, 8.9947661 ], [ 38.8094676, 8.9959788 ], [ 38.8049999, 8.9960434 ], [ 38.8048254, 8.9962424 ], [ 38.8004776, 8.9984045 ], [ 38.7965052, 8.9969379 ], [ 38.7955181, 9.0020965 ], [ 38.7943165, 9.0036151 ], [ 38.7936953, 9.0050935 ], [ 38.7920814, 9.0086222 ], [ 38.7879346, 9.0113072 ], [ 38.7856086, 9.0127525 ], [ 38.7822345, 9.0146718 ], [ 38.7825032, 9.0156702 ], [ 38.7840036, 9.0191911 ], [ 38.7845997, 9.0226513 ], [ 38.7855547, 9.0261301 ] ] ] } },
{ "type": "Feature", "properties": { "threshold_s": 300, "time_label": "5 min drive" }, "geometry": { "type": "Polygon", "coordinates": [ [ [ 38.8077958, 9.0213498 ], [ 38.8091269, 9.0234127 ], [ 38.8102636, 9.0243078 ], [ 38.8107857, 9.0242689 ], [ 38.8129946, 9.0250146 ], [ 38.8140818, 9.0259528 ], [ 38.8143496, 9.0279621 ], [ 38.8163433, 9.0259836 ], [ 38.8191069, 9.0273668 ], [ 38.8191392, 9.0273882 ], [ 38.8202976, 9.0275475 ], [ 38.8201207, 9.0263461 ], [ 38.8219882, 9.0245452 ], [ 38.8220186, 9.023904 ], [ 38.821077099999989, 9.0225039 ], [ 38.8203659, 9.020502 ], [ 38.8199606, 9.0189684 ], [ 38.8177464, 9.0169227 ], [ 38.8176838, 9.0162805 ], [ 38.8175437, 9.0163151 ], [ 38.8168859, 9.0171779 ], [ 38.8171611, 9.0191599 ], [ 38.8151325, 9.0204597 ], [ 38.8133688, 9.0197109 ], [ 38.811567599999989, 9.0200756 ], [ 38.811054, 9.0201534 ], [ 38.8096449, 9.0204194 ], [ 38.8078818, 9.0205801 ], [ 38.8077958, 9.0213498 ] ] ] } },
{ "type": "Feature", "properties": { "threshold_s": 600, "time_label": "10 min drive" }, "geometry": { "type": "Polygon", "coordinates": [ [ [ 38.7949134, 9.0210762 ], [ 38.7970364, 9.0240514 ], [ 38.8013827, 9.0258346 ], [ 38.8020936, 9.0264203 ], [ 38.8055937, 9.0257918 ], [ 38.8075975, 9.0272945 ], [ 38.809383, 9.0265432 ], [ 38.8143496, 9.0279621 ], [ 38.8144997, 9.0290358 ], [ 38.8144722, 9.0294405 ], [ 38.8116564, 9.0325841 ], [ 38.8129082, 9.0334593 ], [ 38.8131091, 9.0333978 ], [ 38.8167679, 9.0323597 ], [ 38.8208636, 9.0339018 ], [ 38.8245369, 9.0342374 ], [ 38.8266465, 9.0345977 ], [ 38.8295485, 9.030033 ], [ 38.8327768, 9.0283725 ], [ 38.8328062, 9.0282913 ], [ 38.8325876, 9.0248256 ], [ 38.8312004, 9.0234909 ], [ 38.8285495, 9.0210826 ], [ 38.8295151, 9.0173461 ], [ 38.8303554, 9.0157136 ], [ 38.8293784, 9.0130399 ], [ 38.826323, 9.0107743 ], [ 38.8254375, 9.0106564 ], [ 38.8206102, 9.0095273 ], [ 38.8205452, 9.0095604 ], [ 38.8152041, 9.0109634 ], [ 38.8138819, 9.0095819 ], [ 38.8132274, 9.0086557 ], [ 38.8122604, 9.0080583 ], [ 38.8109877, 9.0090911 ], [ 38.810883, 9.0092075 ], [ 38.8094223, 9.0111091 ], [ 38.8087943, 9.0132309 ], [ 38.8034284, 9.0138029 ], [ 38.8006163, 9.0142076 ], [ 38.8006603, 9.0148448 ], [ 38.7967567, 9.0182941 ], [ 38.7954471, 9.0178669 ], [ 38.7949134, 9.0210762 ] ] ] } },
{ "type": "Feature", "properties": { "threshold_s": 900, "time_label": "15 min drive" }, "geometry": { "type": "Polygon", "coordinates": [ [ [ 38.7883272, 9.0290683 ], [ 38.7884042, 9.0291921 ], [ 38.7921371, 9.0315168 ], [ 38.7947311, 9.0312946 ], [ 38.7988474, 9.0307862 ], [ 38.805898, 9.0343795 ], [ 38.8097365, 9.0345983 ], [ 38.8144658, 9.0377323 ], [ 38.8174096, 9.0417458 ], [ 38.8204972, 9.0424919 ], [ 38.8229235, 9.0422621 ], [ 38.8306918, 9.0428053 ], [ 38.8345535, 9.0394859 ], [ 38.8370374, 9.0371658 ], [ 38.8436427, 9.0326368 ], [ 38.8431311, 9.0277684 ], [ 38.8418171, 9.0213402 ], [ 38.8405337, 9.0194336 ], [ 38.8400174, 9.0114238 ], [ 38.8401131, 9.0108522 ], [ 38.8400892, 9.0103911 ], [ 38.8368286, 9.0074636 ], [ 38.8320095, 9.0042699 ], [ 38.8289955, 9.0016355 ], [ 38.8268489, 9.0008501 ], [ 38.8246892, 9.0004699 ], [ 38.8231934, 9.0005071 ], [ 38.8204633, 9.0007116 ], [ 38.8137917, 8.9982482 ], [ 38.8118774, 8.9973438 ], [ 38.806023, 8.9999586 ], [ 38.8059748, 9.000749 ], [ 38.7990787, 9.0048374 ], [ 38.797983, 9.0046067 ], [ 38.7964684, 9.0039858 ], [ 38.7941558, 9.0077468 ], [ 38.7933891, 9.0096704 ], [ 38.7875972, 9.0129061 ], [ 38.7857073, 9.0141619 ], [ 38.784454, 9.0152374 ], [ 38.7843813, 9.0155425 ], [ 38.7845997, 9.0226513 ], [ 38.7846348, 9.0227478 ], [ 38.7883272, 9.0290683 ] ] ] } },
{ "type": "Feature", "properties": { "threshold_s": 300, "time_label": "5 min drive" }, "geometry": { "type": "Polygon", "coordinates": [ [ [ 38.8194273, 9.0176486 ], [ 38.8199606, 9.0189684 ], [ 38.82083, 9.0188161 ], [ 38.8222246, 9.0198772 ], [ 38.8232996, 9.0204045 ], [ 38.8251564, 9.01968 ], [ 38.8261327, 9.0204954 ], [ 38.8262008, 9.021763 ], [ 38.8257156, 9.022524 ], [ 38.8265137, 9.0234793 ], [ 38.8264976, 9.0231439 ], [ 38.8268289, 9.0218945 ], [ 38.8285495, 9.0210826 ], [ 38.8265759, 9.0200041 ], [ 38.8259667, 9.0193676 ], [ 38.8257765, 9.0184475 ], [ 38.827891, 9.0176995 ], [ 38.8284089, 9.0176488 ], [ 38.8288702, 9.0160176 ], [ 38.8303554, 9.0157136 ], [ 38.8290323, 9.0139256 ], [ 38.8273423, 9.0129731 ], [ 38.8265255, 9.0123148 ], [ 38.8249502, 9.0115923 ], [ 38.8246822, 9.0117334 ], [ 38.8245314, 9.0118524 ], [ 38.82398, 9.012162 ], [ 38.8220379, 9.012678 ], [ 38.8215799, 9.01153 ], [ 38.8213333, 9.0110947 ], [ 38.8212563, 9.0111273 ], [ 38.8208147, 9.013098 ], [ 38.8209495, 9.013644 ], [ 38.8196501, 9.0156462 ], [ 38.8193771, 9.0158641 ], [ 38.819362, 9.0164901 ], [ 38.8194273, 9.0176486 ] ] ] } },
{ "type": "Feature", "properties": { "threshold_s": 600, "time_label": "10 min drive" }, "geometry": { "type": "Polygon", "coordinates": [ [ [ 38.8116801, 9.0213311 ], [ 38.8132756, 9.0242962 ], [ 38.8163343, 9.0250546 ], [ 38.8191069, 9.0273668 ], [ 38.8191392, 9.0273882 ], [ 38.8202976, 9.0275475 ], [ 38.8249282, 9.0291742 ], [ 38.8272859, 9.032712 ], [ 38.8297431, 9.0321474 ], [ 38.8323241, 9.0311502 ], [ 38.8344168, 9.0302342 ], [ 38.8357285, 9.0294508 ], [ 38.835766, 9.029362 ], [ 38.8346891, 9.0272203 ], [ 38.8361434, 9.0230967 ], [ 38.8392593, 9.0214433 ], [ 38.8408486, 9.021363 ], [ 38.8418171, 9.0213402 ], [ 38.8403292, 9.0199054 ], [ 38.8392847, 9.0189446 ], [ 38.8387464, 9.0183235 ], [ 38.838038, 9.0135597 ], [ 38.8397905, 9.0108774 ], [ 38.8393205, 9.0104231 ], [ 38.8384936, 9.0097235 ], [ 38.8380406, 9.0093957 ], [ 38.8367389, 9.0085532 ], [ 38.8363087, 9.0083377 ], [ 38.835086, 9.0077408 ], [ 38.8321938, 9.0047921 ], [ 38.8283839, 9.0019322 ], [ 38.8277234, 9.001664 ], [ 38.825101, 9.001087 ], [ 38.8239442, 9.0011858 ], [ 38.8202126, 9.0015063 ], [ 38.8189781, 9.0014169 ], [ 38.8178006, 9.0024879 ], [ 38.8143526, 9.0036469 ], [ 38.8122604, 9.0080583 ], [ 38.8102475, 9.0114704 ], [ 38.8106196, 9.0133539 ], [ 38.811043, 9.0138626 ], [ 38.8129994, 9.0138904 ], [ 38.8158358, 9.015769 ], [ 38.8133688, 9.0197109 ], [ 38.811567599999989, 9.0200756 ], [ 38.811054, 9.0201534 ], [ 38.8116801, 9.0213311 ] ] ] } },
{ "type": "Feature", "properties": { "threshold_s": 900, "time_label": "15 min drive" }, "geometry": { "type": "Polygon", "coordinates": [ [ [ 38.8012944, 9.0218089 ], [ 38.8023851, 9.0230082 ], [ 38.8055937, 9.0257918 ], [ 38.806314, 9.0257329 ], [ 38.8071703, 9.0253631 ], [ 38.8092436, 9.0249536 ], [ 38.8143496, 9.0279621 ], [ 38.8116564, 9.0325841 ], [ 38.8174166, 9.0347778 ], [ 38.8180387, 9.0354566 ], [ 38.8213196, 9.0368001 ], [ 38.8214511, 9.0364996 ], [ 38.827771, 9.0378714 ], [ 38.828069, 9.0396587 ], [ 38.8288784, 9.0413308 ], [ 38.8299423, 9.0414102 ], [ 38.8319382, 9.0415328 ], [ 38.8328337, 9.0408615 ], [ 38.8375676, 9.0372689 ], [ 38.8393451, 9.0366722 ], [ 38.840695, 9.0359762 ], [ 38.8461326, 9.0339369 ], [ 38.8461685, 9.0338386 ], [ 38.8459702, 9.0280977 ], [ 38.8472868, 9.0262548 ], [ 38.8478432, 9.0241995 ], [ 38.8526753, 9.0203494 ], [ 38.850019, 9.0178559 ], [ 38.8495917, 9.0114717 ], [ 38.8501641, 9.0106506 ], [ 38.8507134, 9.0100298 ], [ 38.8473128, 9.0059978 ], [ 38.8459218, 9.0046198 ], [ 38.843529, 9.0039668 ], [ 38.8396599, 9.0013672 ], [ 38.8382562, 9.0007181 ], [ 38.8334573, 8.9975828 ], [ 38.8309022, 8.9950803 ], [ 38.8279869, 8.9925461 ], [ 38.8265017, 8.9924918 ], [ 38.8239341, 8.9927891 ], [ 38.8218871, 8.9936843 ], [ 38.8174165, 8.9942634 ], [ 38.8139561, 8.9935155 ], [ 38.8135087, 8.9934521 ], [ 38.8118547, 8.9947661 ], [ 38.8105658, 8.9963646 ], [ 38.806023, 8.9999586 ], [ 38.804171599999989, 9.0040571 ], [ 38.8038324, 9.0088005 ], [ 38.8040681, 9.0123412 ], [ 38.802971, 9.0155489 ], [ 38.801438, 9.0192316 ], [ 38.8012379, 9.0196774 ], [ 38.8010437, 9.0214108 ], [ 38.8012944, 9.0218089 ] ] ] } },
{ "type": "Feature", "properties": { "threshold_s": 300, "time_label": "5 min drive" }, "geometry": { "type": "Polygon", "coordinates": [ [ [ 38.8194273, 9.0176486 ], [ 38.8199606, 9.0189684 ], [ 38.8214779, 9.0198759 ], [ 38.8225251, 9.0205433 ], [ 38.8232996, 9.0204045 ], [ 38.8251564, 9.01968 ], [ 38.8261546, 9.0214411 ], [ 38.8257156, 9.022524 ], [ 38.8257265, 9.0233455 ], [ 38.8265798, 9.0254264 ], [ 38.8265137, 9.0234793 ], [ 38.8264976, 9.0231439 ], [ 38.8268289, 9.0218945 ], [ 38.8285495, 9.0210826 ], [ 38.8265759, 9.0200041 ], [ 38.827891, 9.0176995 ], [ 38.8284089, 9.0176488 ], [ 38.8295151, 9.0173461 ], [ 38.8303554, 9.0157136 ], [ 38.829668, 9.013391 ], [ 38.8293784, 9.0130399 ], [ 38.8270598, 9.0118905 ], [ 38.8267236, 9.0112778 ], [ 38.826323, 9.0107743 ], [ 38.8254375, 9.0106564 ], [ 38.8244458, 9.0108585 ], [ 38.8224531, 9.0105581 ], [ 38.8198282, 9.0115553 ], [ 38.8208147, 9.013098 ], [ 38.8209495, 9.013644 ], [ 38.8196501, 9.0156462 ], [ 38.8193771, 9.0158641 ], [ 38.819362, 9.0164901 ], [ 38.8194273, 9.0176486 ] ] ] } },
{ "type": "Feature", "properties": { "threshold_s": 600, "time_label": "10 min drive" }, "geometry": { "type": "Polygon", "coordinates": [ [ [ 38.8126059, 9.0242704 ], [ 38.8129946, 9.0250146 ], [ 38.8138323, 9.0248574 ], [ 38.8163433, 9.0259836 ], [ 38.8185783, 9.0276477 ], [ 38.8187664, 9.027768 ], [ 38.819542, 9.0282161 ], [ 38.8228669, 9.0278268 ], [ 38.8240645, 9.0284802 ], [ 38.8219205, 9.0322375 ], [ 38.8249282, 9.0291742 ], [ 38.8269597, 9.0306289 ], [ 38.8272859, 9.032712 ], [ 38.8271921, 9.0331492 ], [ 38.8270742, 9.033568 ], [ 38.8285721, 9.0335671 ], [ 38.8307103, 9.0324697 ], [ 38.8322643, 9.0321637 ], [ 38.8349331, 9.0306922 ], [ 38.8363252, 9.0299163 ], [ 38.8363641, 9.0296097 ], [ 38.8352899, 9.0265447 ], [ 38.8353941, 9.0233442 ], [ 38.8361434, 9.0230967 ], [ 38.8362739, 9.023057 ], [ 38.8392593, 9.0214433 ], [ 38.8417322, 9.021545 ], [ 38.8418188, 9.021542 ], [ 38.8418171, 9.0213402 ], [ 38.8405337, 9.0194336 ], [ 38.8401735, 9.0189619 ], [ 38.8397353, 9.0184783 ], [ 38.839293, 9.018021 ], [ 38.8382001, 9.014944 ], [ 38.838889, 9.0135176 ], [ 38.8400174, 9.0114238 ], [ 38.8401131, 9.0108522 ], [ 38.8400892, 9.0103911 ], [ 38.8392885, 9.0097231 ], [ 38.8368286, 9.0074636 ], [ 38.8338448, 9.0069608 ], [ 38.8325062, 9.0050092 ], [ 38.8320275, 9.0039432 ], [ 38.8290954, 9.0022733 ], [ 38.8289955, 9.0016355 ], [ 38.8268489, 9.0008501 ], [ 38.8246892, 9.0004699 ], [ 38.8231934, 9.0005071 ], [ 38.8207365, 9.0009776 ], [ 38.8189781, 9.0014169 ], [ 38.8174734, 9.0021574 ], [ 38.8143526, 9.0036469 ], [ 38.813782, 9.0032919 ], [ 38.8130155, 9.0061669 ], [ 38.8123289, 9.0073338 ], [ 38.8109877, 9.0090911 ], [ 38.8094223, 9.0111091 ], [ 38.8097058, 9.0137634 ], [ 38.8109781, 9.0138911 ], [ 38.8132313, 9.0149019 ], [ 38.8158358, 9.015769 ], [ 38.8168859, 9.0171779 ], [ 38.8171611, 9.0191599 ], [ 38.8151325, 9.0204597 ], [ 38.8133688, 9.0197109 ], [ 38.811567599999989, 9.0200756 ], [ 38.811054, 9.0201534 ], [ 38.8096449, 9.0204194 ], [ 38.8116829, 9.0221071 ], [ 38.8126059, 9.0242704 ] ] ] } },
{ "type": "Feature", "properties": { "threshold_s": 900, "time_label": "15 min drive" }, "geometry": { "type": "Polygon", "coordinates": [ [ [ 38.7993138, 9.0205268 ], [ 38.802675, 9.0247228 ], [ 38.8055937, 9.0257918 ], [ 38.8080317, 9.0267738 ], [ 38.8143496, 9.0279621 ], [ 38.8144997, 9.0290358 ], [ 38.8144722, 9.0294405 ], [ 38.8116564, 9.0325841 ], [ 38.8174376, 9.0358347 ], [ 38.817719, 9.036563 ], [ 38.8196467, 9.0371819 ], [ 38.8213687, 9.0375088 ], [ 38.8218842, 9.037652 ], [ 38.8274145, 9.0404619 ], [ 38.8284024, 9.0419394 ], [ 38.8306918, 9.0428053 ], [ 38.8328337, 9.0408615 ], [ 38.8345535, 9.0394859 ], [ 38.8398001, 9.0376201 ], [ 38.8421664, 9.0356258 ], [ 38.8467935, 9.034135 ], [ 38.8468632, 9.0339672 ], [ 38.8460966, 9.0323057 ], [ 38.847677, 9.0269759 ], [ 38.848117, 9.0260066 ], [ 38.848081, 9.0250503 ], [ 38.8529208, 9.0211669 ], [ 38.8528677, 9.0205382 ], [ 38.8526753, 9.0203494 ], [ 38.850984, 9.0183972 ], [ 38.8502872, 9.0173172 ], [ 38.8507787, 9.0111611 ], [ 38.8512979, 9.0099832 ], [ 38.8506469, 9.0089346 ], [ 38.8484602, 9.0059245 ], [ 38.8479414, 9.005488 ], [ 38.8467961, 9.0045829 ], [ 38.8431307, 9.0030349 ], [ 38.8377548, 8.999958 ], [ 38.8335606, 8.9976723 ], [ 38.8312705, 8.9949229 ], [ 38.829257, 8.99286 ], [ 38.8283537, 8.9921626 ], [ 38.8267878, 8.9919412 ], [ 38.825119, 8.9921374 ], [ 38.8236417, 8.9923947 ], [ 38.8173123, 8.9931804 ], [ 38.8134392, 8.9925652 ], [ 38.8129497, 8.9931101 ], [ 38.8105754, 8.9954653 ], [ 38.805342, 8.9993712 ], [ 38.8034796, 9.0044801 ], [ 38.8016497, 9.0094333 ], [ 38.802971, 9.0155489 ], [ 38.7986449, 9.01891 ], [ 38.7993138, 9.0205268 ] ] ] } },
{ "type": "Feature", "properties": { "threshold_s": 300, "time_label": "5 min drive" }, "geometry": { "type": "Polygon", "coordinates": [ [ [ 38.847197799999989, 9.0212844 ], [ 38.8470876, 9.0220415 ], [ 38.8486332, 9.0231775 ], [ 38.8504699, 9.0221315 ], [ 38.8526943, 9.0237145 ], [ 38.8527671, 9.0250063 ], [ 38.8525147, 9.0259371 ], [ 38.8525511, 9.0263638 ], [ 38.85256, 9.0264992 ], [ 38.8528376, 9.0264879 ], [ 38.8529791, 9.0264362 ], [ 38.8541116, 9.025734 ], [ 38.8542502, 9.0254448 ], [ 38.8563547, 9.0225111 ], [ 38.8596607, 9.0204593 ], [ 38.8605466, 9.0204936 ], [ 38.8613409, 9.0205415 ], [ 38.8622165, 9.0206089 ], [ 38.8626257, 9.0206366 ], [ 38.8631122, 9.0206697 ], [ 38.86369, 9.0207089 ], [ 38.8640811, 9.0207354 ], [ 38.8649712, 9.0207781 ], [ 38.8642837, 9.0190138 ], [ 38.8637006, 9.0184231 ], [ 38.8627997, 9.0176102 ], [ 38.8613154, 9.0171249 ], [ 38.8596886, 9.0148992 ], [ 38.8590277, 9.0143315 ], [ 38.8579572, 9.0134774 ], [ 38.8569385, 9.0126525 ], [ 38.8542887, 9.0102732 ], [ 38.853656, 9.0099445 ], [ 38.8533878, 9.0099581 ], [ 38.8525594, 9.0109142 ], [ 38.8505457, 9.0131115 ], [ 38.8496773, 9.0139663 ], [ 38.8509709, 9.0167744 ], [ 38.8500344, 9.0184398 ], [ 38.8485722, 9.0212117 ], [ 38.847197799999989, 9.0212844 ] ] ] } },
{ "type": "Feature", "properties": { "threshold_s": 600, "time_label": "10 min drive" }, "geometry": { "type": "Polygon", "coordinates": [ [ [ 38.8362739, 9.023057 ], [ 38.8403907, 9.0286515 ], [ 38.8434729, 9.0310987 ], [ 38.8452595, 9.0324084 ], [ 38.8480151, 9.0340269 ], [ 38.8517428, 9.0360889 ], [ 38.8539516, 9.0363108 ], [ 38.8573497, 9.0360757 ], [ 38.8611759, 9.0314011 ], [ 38.8636881, 9.0301716 ], [ 38.8648603, 9.0291935 ], [ 38.8672354, 9.0255657 ], [ 38.8711553, 9.0240474 ], [ 38.8752516, 9.0212513 ], [ 38.8757868, 9.0208335 ], [ 38.8723236, 9.0167624 ], [ 38.8713304, 9.0158969 ], [ 38.8677607, 9.0105781 ], [ 38.8669923, 9.0096386 ], [ 38.8664386, 9.0090527 ], [ 38.8661962, 9.0089028 ], [ 38.8651561, 9.0085718 ], [ 38.8622281, 9.0077178 ], [ 38.8591442, 9.0064317 ], [ 38.8566844, 9.0016493 ], [ 38.8519741, 9.0012565 ], [ 38.8516852, 9.0012743 ], [ 38.8492897, 9.0026261 ], [ 38.8489048, 9.0030357 ], [ 38.8479872, 9.0040643 ], [ 38.8452976, 9.0070991 ], [ 38.8423073, 9.0107548 ], [ 38.840192, 9.0167638 ], [ 38.8360585, 9.0217651 ], [ 38.8362739, 9.023057 ] ] ] } },
{ "type": "Feature", "properties": { "threshold_s": 900, "time_label": "15 min drive" }, "geometry": { "type": "Polygon", "coordinates": [ [ [ 38.8304043, 9.0317884 ], [ 38.8337872, 9.0370987 ], [ 38.8362384, 9.0370978 ], [ 38.8375676, 9.0372689 ], [ 38.8392543, 9.0375006 ], [ 38.844652, 9.0410964 ], [ 38.8471529, 9.0440157 ], [ 38.8481025, 9.044814 ], [ 38.8516621, 9.0458277 ], [ 38.8531571, 9.045512 ], [ 38.8549535, 9.0442365 ], [ 38.8553908, 9.0439711 ], [ 38.8624575, 9.042992 ], [ 38.8660026, 9.0417855 ], [ 38.8661739, 9.0413397 ], [ 38.8668743, 9.0391631 ], [ 38.8699011, 9.0331262 ], [ 38.8745945, 9.0328456 ], [ 38.8785159, 9.0307424 ], [ 38.8795409, 9.0300968 ], [ 38.8811779, 9.028538 ], [ 38.8839988, 9.0258385 ], [ 38.884326, 9.0254171 ], [ 38.8857296, 9.0229269 ], [ 38.8859947, 9.021978 ], [ 38.8860051, 9.0216916 ], [ 38.8856591, 9.0199594 ], [ 38.8852036, 9.019263 ], [ 38.8837811, 9.0177558 ], [ 38.8812549, 9.0150282 ], [ 38.8779021, 9.009779 ], [ 38.8774087, 9.0091074 ], [ 38.8729334, 9.0079034 ], [ 38.8707467, 9.0044099 ], [ 38.8716996, 9.0003215 ], [ 38.8715145, 8.9997254 ], [ 38.8704626, 8.9994657 ], [ 38.8675019, 9.000001 ], [ 38.8620936, 8.9963338 ], [ 38.8599958, 8.995394 ], [ 38.8551408, 8.9925134 ], [ 38.8527032, 8.9905946 ], [ 38.8524708, 8.9905561 ], [ 38.8520765, 8.9906188 ], [ 38.8498433, 8.9911352 ], [ 38.8482118, 8.9923507 ], [ 38.8447704, 8.9954169 ], [ 38.8434961, 8.9966146 ], [ 38.8432762, 8.9968461 ], [ 38.8405692, 8.9998724 ], [ 38.8396599, 9.0013672 ], [ 38.8370329, 9.0052974 ], [ 38.8338448, 9.0069608 ], [ 38.8326129, 9.0091389 ], [ 38.8325961, 9.0092326 ], [ 38.8325144, 9.0101273 ], [ 38.8319667, 9.0137359 ], [ 38.8320299, 9.0137945 ], [ 38.8334741, 9.0183059 ], [ 38.8265759, 9.0200041 ], [ 38.8258257, 9.0192669 ], [ 38.8251564, 9.01968 ], [ 38.8272819, 9.0259255 ], [ 38.8304043, 9.0317884 ] ] ] } },
{ "type": "Feature", "properties": { "threshold_s": 300, "time_label": "5 min drive" }, "geometry": { "type": "Polygon", "coordinates": [ [ [ 38.7734697, 8.9932892 ], [ 38.7730194, 8.9957645 ], [ 38.7753912, 8.9966925 ], [ 38.777362, 8.9984848 ], [ 38.7779966, 8.9994625 ], [ 38.7797689, 9.0015699 ], [ 38.7798272, 9.0026634 ], [ 38.7802617, 9.0027226 ], [ 38.7816243, 9.0021541 ], [ 38.7819455, 9.0018084 ], [ 38.783090799999989, 9.0006189 ], [ 38.7852584, 9.0000068 ], [ 38.7868335, 8.9981402 ], [ 38.7873295, 8.9978484 ], [ 38.7876687, 8.9957904 ], [ 38.7873682, 8.9940098 ], [ 38.7860104, 8.9923858 ], [ 38.7879873, 8.9904466 ], [ 38.788588, 8.989031 ], [ 38.7872168, 8.9880216 ], [ 38.785606, 8.9859282 ], [ 38.7851306, 8.9856381 ], [ 38.7843123, 8.9857955 ], [ 38.7814712, 8.9855099 ], [ 38.7807418, 8.9854474 ], [ 38.7786151, 8.9867668 ], [ 38.7784041, 8.9888346 ], [ 38.7784314, 8.9900595 ], [ 38.7784117, 8.9902173 ], [ 38.7780505, 8.991738 ], [ 38.7753801, 8.9924898 ], [ 38.7748148, 8.9924547 ], [ 38.7737218, 8.9925375 ], [ 38.7734938, 8.9926488 ], [ 38.7734697, 8.9932892 ] ] ] } },
{ "type": "Feature", "properties": { "threshold_s": 600, "time_label": "10 min drive" }, "geometry": { "type": "Polygon", "coordinates": [ [ [ 38.7657356, 9.0008423 ], [ 38.7674794, 9.0056217 ], [ 38.7686704, 9.0056819 ], [ 38.7719838, 9.0062934 ], [ 38.7738585, 9.0107737 ], [ 38.7746465, 9.0115406 ], [ 38.7778035, 9.0124771 ], [ 38.7817163, 9.0136245 ], [ 38.7819036, 9.0136129 ], [ 38.7824118, 9.0128966 ], [ 38.7851768, 9.0101595 ], [ 38.7896106, 9.0081431 ], [ 38.791289, 9.0069846 ], [ 38.7917664, 9.0063258 ], [ 38.7917436, 9.0057285 ], [ 38.7917389, 9.0056483 ], [ 38.7892042, 9.0040436 ], [ 38.7906855, 8.9993148 ], [ 38.7913789, 8.9990156 ], [ 38.7920983, 8.9987684 ], [ 38.792624, 8.9985777 ], [ 38.7931544, 8.9983837 ], [ 38.7936291, 8.9982041 ], [ 38.7941482, 8.9979968 ], [ 38.7946719, 8.9978068 ], [ 38.7965052, 8.9969379 ], [ 38.7966919, 8.9912265 ], [ 38.7942992, 8.9887271 ], [ 38.791375, 8.9871117 ], [ 38.788826, 8.985809 ], [ 38.7879749, 8.9856538 ], [ 38.7855757, 8.9849273 ], [ 38.7842988, 8.9845215 ], [ 38.7829895, 8.9840922 ], [ 38.7824454, 8.9839019 ], [ 38.7787516, 8.9794447 ], [ 38.7777914, 8.9763594 ], [ 38.7737292, 8.9792188 ], [ 38.7718879, 8.979752 ], [ 38.7708268, 8.9803929 ], [ 38.7661423, 8.9840979 ], [ 38.7648658, 8.9881086 ], [ 38.765309, 8.9910932 ], [ 38.7645362, 8.9962639 ], [ 38.7657356, 9.0008423 ] ] ] } },
{ "type": "Feature", "properties": { "threshold_s": 900, "time_label": "15 min drive" }, "geometry": { "type": "Polygon", "coordinates": [ [ [ 38.7590828, 9.0075554 ], [ 38.7588792, 9.0116653 ], [ 38.7593389, 9.0118938 ], [ 38.7632994, 9.0143168 ], [ 38.7676275, 9.0197284 ], [ 38.7677259, 9.0197702 ], [ 38.772948, 9.0210846 ], [ 38.7806577, 9.0238498 ], [ 38.7811059, 9.0234327 ], [ 38.7873343, 9.0195722 ], [ 38.7896598, 9.0192439 ], [ 38.7948124, 9.0150846 ], [ 38.7979855, 9.0132711 ], [ 38.7997137, 9.0104342 ], [ 38.8023024, 9.0034086 ], [ 38.8028741, 9.0016579 ], [ 38.802689, 9.0013388 ], [ 38.8024677, 9.0009613 ], [ 38.8031779, 8.9919784 ], [ 38.8042245, 8.9908712 ], [ 38.8048125, 8.9901822 ], [ 38.8047893, 8.9897114 ], [ 38.8035562, 8.9852867 ], [ 38.8021619, 8.9853275 ], [ 38.7996331, 8.9854045 ], [ 38.7971379, 8.9861223 ], [ 38.7899075, 8.9859732 ], [ 38.7880106, 8.9854871 ], [ 38.7855757, 8.9849273 ], [ 38.7787516, 8.9794447 ], [ 38.7777914, 8.9763594 ], [ 38.7770659, 8.9681153 ], [ 38.7751652, 8.9671492 ], [ 38.7750556, 8.9694476 ], [ 38.7658795, 8.9714651 ], [ 38.7640962, 8.9718863 ], [ 38.7639284, 8.9720178 ], [ 38.7628793, 8.9728562 ], [ 38.7596918, 8.9783251 ], [ 38.7565841, 8.9820643 ], [ 38.7564987, 8.9822218 ], [ 38.7555837, 8.9863387 ], [ 38.7563759, 8.9886328 ], [ 38.7540808, 8.9957833 ], [ 38.7541654, 8.9959883 ], [ 38.7588747, 9.0040341 ], [ 38.7590709, 9.0058808 ], [ 38.7590704, 9.0068685 ], [ 38.7590828, 9.0075554 ] ] ] } },
{ "type": "Feature", "properties": { "threshold_s": 300, "time_label": "5 min drive" }, "geometry": { "type": "Polygon", "coordinates": [ [ [ 38.7738585, 9.0107737 ], [ 38.7732789, 9.0121882 ], [ 38.7743465, 9.0124832 ], [ 38.7756928, 9.012622 ], [ 38.7768362, 9.0119613 ], [ 38.7778035, 9.0124771 ], [ 38.7782262, 9.0118166 ], [ 38.7790936, 9.010173 ], [ 38.7796241, 9.0100486 ], [ 38.7810649, 9.011236 ], [ 38.7811587, 9.0112123 ], [ 38.7818241, 9.010273 ], [ 38.7833831, 9.0092518 ], [ 38.7839933, 9.0093829 ], [ 38.7843038, 9.0083295 ], [ 38.7843461, 9.0078941 ], [ 38.7859386, 9.007004 ], [ 38.7865522, 9.0071981 ], [ 38.7860788, 9.0059955 ], [ 38.7873394, 9.0048926 ], [ 38.7870484, 9.004241 ], [ 38.7863282, 9.0029323 ], [ 38.7858522, 9.001513 ], [ 38.7859947, 9.0008023 ], [ 38.7856932, 9.0002523 ], [ 38.7860298, 8.998377 ], [ 38.7856127, 8.9987552 ], [ 38.7837379, 8.9980147 ], [ 38.7831216, 8.9974816 ], [ 38.7817216, 8.9977381 ], [ 38.7806037, 8.9964146 ], [ 38.7786997, 8.9959215 ], [ 38.7785756, 8.9959215 ], [ 38.7781307, 8.9965431 ], [ 38.7776278, 8.9979624 ], [ 38.777362, 8.9984848 ], [ 38.7766126, 8.999646 ], [ 38.7749536, 8.9996857 ], [ 38.7739914, 8.9989883 ], [ 38.7722506, 8.9984578 ], [ 38.7727757, 8.9993983 ], [ 38.7736869, 8.9994737 ], [ 38.7734899, 9.0014308 ], [ 38.7731666, 9.0015044 ], [ 38.7719603, 9.0024587 ], [ 38.7717739, 9.0033601 ], [ 38.7707131, 9.0045185 ], [ 38.7705863, 9.0055165 ], [ 38.7709697, 9.0062587 ], [ 38.7717272, 9.0079713 ], [ 38.7714755, 9.0087054 ], [ 38.7725128, 9.0102701 ], [ 38.7738585, 9.0107737 ] ] ] } },
{ "type": "Feature", "properties": { "threshold_s": 600, "time_label": "10 min drive" }, "geometry": { "type": "Polygon", "coordinates": [ [ [ 38.762877, 9.0129834 ], [ 38.7637032, 9.0172024 ], [ 38.766175, 9.0194163 ], [ 38.7686595, 9.0207369 ], [ 38.7713573, 9.0204686 ], [ 38.7732625, 9.0224856 ], [ 38.7753358, 9.0224459 ], [ 38.778081, 9.0202005 ], [ 38.7821863, 9.0204951 ], [ 38.7828895, 9.0215465 ], [ 38.7843028, 9.0202711 ], [ 38.7860842, 9.0182336 ], [ 38.7881178, 9.0171355 ], [ 38.7892246, 9.0161315 ], [ 38.7910495, 9.0135358 ], [ 38.7929784, 9.012718 ], [ 38.7948138, 9.0115059 ], [ 38.796052, 9.0087716 ], [ 38.7966496, 9.0067563 ], [ 38.797055, 9.0051511 ], [ 38.7970275, 9.0050917 ], [ 38.7967938, 9.004626 ], [ 38.7965531, 9.0041497 ], [ 38.7959731, 9.0027659 ], [ 38.7958496, 9.0027295 ], [ 38.7958042, 9.0028503 ], [ 38.7937877, 9.0050546 ], [ 38.7936953, 9.0050935 ], [ 38.7892042, 9.0040436 ], [ 38.7897293, 8.9996859 ], [ 38.7906855, 8.9993148 ], [ 38.7913789, 8.9990156 ], [ 38.7920983, 8.9987684 ], [ 38.792624, 8.9985777 ], [ 38.7931544, 8.9983837 ], [ 38.7936291, 8.9982041 ], [ 38.7941482, 8.9979968 ], [ 38.7946719, 8.9978068 ], [ 38.7951352, 8.9973643 ], [ 38.7956395, 8.9945489 ], [ 38.7944663, 8.9929127 ], [ 38.7932496, 8.9902193 ], [ 38.7931797, 8.9901665 ], [ 38.7913071, 8.9904803 ], [ 38.7876549, 8.9893973 ], [ 38.7838559, 8.9877536 ], [ 38.7807861, 8.9879986 ], [ 38.7790112, 8.986333 ], [ 38.7760235, 8.9862013 ], [ 38.7755492, 8.9871715 ], [ 38.7711981, 8.9882736 ], [ 38.7711194, 8.9883651 ], [ 38.7700921, 8.9906088 ], [ 38.7694141, 8.9936997 ], [ 38.7677946, 8.9951778 ], [ 38.7643388, 8.9973094 ], [ 38.7629789, 9.000368 ], [ 38.7628341, 9.0016946 ], [ 38.7627804, 9.0027459 ], [ 38.7632552, 9.0036992 ], [ 38.7644881, 9.0044735 ], [ 38.7643986, 9.0090118 ], [ 38.7636137, 9.009863 ], [ 38.76206, 9.0111118 ], [ 38.762877, 9.0129834 ] ] ] } },
{ "type": "Feature", "properties": { "threshold_s": 900, "time_label": "15 min drive" }, "geometry": { "type": "Polygon", "coordinates": [ [ [ 38.752169, 9.0172379 ], [ 38.7555976, 9.0217609 ], [ 38.7614021, 9.0232701 ], [ 38.7657206, 9.0293019 ], [ 38.7724072, 9.0321943 ], [ 38.7736071, 9.0317865 ], [ 38.7769143, 9.029707 ], [ 38.7844864, 9.0303093 ], [ 38.7859405, 9.0306672 ], [ 38.7860223, 9.0306152 ], [ 38.7877832, 9.0281623 ], [ 38.79338820000001, 9.0245801 ], [ 38.7935947, 9.0244763 ], [ 38.7953645, 9.0235105 ], [ 38.7994298, 9.0188571 ], [ 38.8034284, 9.0138029 ], [ 38.805089, 9.0074997 ], [ 38.806483, 9.0036926 ], [ 38.8070261, 8.9987976 ], [ 38.8069363, 8.9967504 ], [ 38.8063582, 8.9967321 ], [ 38.8058382, 8.9967953 ], [ 38.8026126, 8.9969332 ], [ 38.797957, 8.9920335 ], [ 38.7992705, 8.9883311 ], [ 38.8021714, 8.9855567 ], [ 38.8021619, 8.9853275 ], [ 38.7996331, 8.9854045 ], [ 38.7971379, 8.9861223 ], [ 38.789819799999989, 8.986366 ], [ 38.788826, 8.985809 ], [ 38.7855757, 8.9849273 ], [ 38.7842988, 8.9845215 ], [ 38.7787516, 8.9794447 ], [ 38.7769645, 8.9775777 ], [ 38.7767224, 8.9774806 ], [ 38.7754002, 8.9775296 ], [ 38.7697098, 8.9786677 ], [ 38.7623163, 8.9809214 ], [ 38.759938, 8.987608 ], [ 38.7555745, 8.9940076 ], [ 38.7536936, 8.995457 ], [ 38.7537851, 8.9956625 ], [ 38.753826, 8.9957402 ], [ 38.7543744, 8.9964764 ], [ 38.7556111, 8.9982879 ], [ 38.7544001, 9.0055835 ], [ 38.7530239, 9.0074473 ], [ 38.7495149, 9.011528 ], [ 38.752169, 9.0172379 ] ] ] } },
{ "type": "Feature", "properties": { "threshold_s": 300, "time_label": "5 min drive" }, "geometry": { "type": "Polygon", "coordinates": [ [ [ 38.7768298, 9.0066669 ], [ 38.7767849, 9.0069623 ], [ 38.7790846, 9.007266 ], [ 38.7807083, 9.0082001 ], [ 38.7808102, 9.0082564 ], [ 38.7843038, 9.0083295 ], [ 38.7865522, 9.0071981 ], [ 38.7893815, 9.005578 ], [ 38.7894137, 9.0054806 ], [ 38.7894476, 9.0053535 ], [ 38.7894034, 9.0046542 ], [ 38.7892042, 9.0040436 ], [ 38.7882698, 9.0017096 ], [ 38.7897293, 8.9996859 ], [ 38.7906855, 8.9993148 ], [ 38.7913789, 8.9990156 ], [ 38.7920983, 8.9987684 ], [ 38.792624, 8.9985777 ], [ 38.7939551, 8.9958391 ], [ 38.7943467, 8.9950463 ], [ 38.7924798, 8.9935091 ], [ 38.7918435, 8.9923162 ], [ 38.7917543, 8.9922639 ], [ 38.788291, 8.9915527 ], [ 38.7862157, 8.9911515 ], [ 38.7847861, 8.9907155 ], [ 38.7838371, 8.9909241 ], [ 38.7821462, 8.9917529 ], [ 38.781175, 8.992913 ], [ 38.7809926, 8.9933249 ], [ 38.7798823, 8.9953285 ], [ 38.7788194, 8.9966769 ], [ 38.7783258, 8.9985267 ], [ 38.7795597, 9.0006527 ], [ 38.7787355, 9.0030202 ], [ 38.7780823, 9.0053305 ], [ 38.7768298, 9.0066669 ] ] ] } },
{ "type": "Feature", "properties": { "threshold_s": 600, "time_label": "10 min drive" }, "geometry": { "type": "Polygon", "coordinates": [ [ [ 38.7719268, 9.0161546 ], [ 38.7720021, 9.0165267 ], [ 38.7727337, 9.0165182 ], [ 38.7741335, 9.0152535 ], [ 38.7793668, 9.0132882 ], [ 38.7819307, 9.0165447 ], [ 38.7820039, 9.0176052 ], [ 38.7821732, 9.018387 ], [ 38.782435, 9.0193034 ], [ 38.7827905, 9.0187878 ], [ 38.7874547, 9.016091 ], [ 38.7875045, 9.0160762 ], [ 38.7875552, 9.0160411 ], [ 38.7910495, 9.0135358 ], [ 38.7955817, 9.0122013 ], [ 38.7957154, 9.012016 ], [ 38.7976317, 9.0084889 ], [ 38.7988894, 9.00532 ], [ 38.7990787, 9.0048374 ], [ 38.7999976, 9.0024028 ], [ 38.7999569, 9.0023389 ], [ 38.7997564, 9.0022148 ], [ 38.7991572, 9.0019977 ], [ 38.7977966, 9.0017538 ], [ 38.7965052, 8.9969379 ], [ 38.797957, 8.9920335 ], [ 38.7980917, 8.9885152 ], [ 38.7997874, 8.9861208 ], [ 38.7996331, 8.9854045 ], [ 38.7965669, 8.9878238 ], [ 38.791375, 8.9871117 ], [ 38.789819799999989, 8.986366 ], [ 38.788826, 8.985809 ], [ 38.7855757, 8.9849273 ], [ 38.7842988, 8.9845215 ], [ 38.7829895, 8.9840922 ], [ 38.7824454, 8.9839019 ], [ 38.7810382, 8.9833915 ], [ 38.7796793, 8.9834842 ], [ 38.7780338, 8.9839326 ], [ 38.7760235, 8.9862013 ], [ 38.7755492, 8.9871715 ], [ 38.7750361, 8.9888151 ], [ 38.7729333, 8.9927706 ], [ 38.7722057, 8.9941153 ], [ 38.770898099999989, 8.9992638 ], [ 38.7706407, 8.9997545 ], [ 38.7679328, 9.0040963 ], [ 38.7679271, 9.0042908 ], [ 38.7680585, 9.0045594 ], [ 38.768828, 9.0061181 ], [ 38.7692515, 9.0104413 ], [ 38.769581, 9.011501 ], [ 38.7719268, 9.0161546 ] ] ] } },
{ "type": "Feature", "properties": { "threshold_s": 900, "time_label": "15 min drive" }, "geometry": { "type": "Polygon", "coordinates": [ [ [ 38.7576903, 9.0118964 ], [ 38.76068, 9.0184747 ], [ 38.7650922, 9.0223314 ], [ 38.7677974, 9.0236685 ], [ 38.7722297, 9.0251154 ], [ 38.7778281, 9.0263133 ], [ 38.7841265, 9.0281899 ], [ 38.7844192, 9.0282463 ], [ 38.7845473, 9.0282398 ], [ 38.7871475, 9.0271371 ], [ 38.7931306, 9.0235175 ], [ 38.8007335, 9.0190982 ], [ 38.8021061, 9.0173173 ], [ 38.8065782, 9.0089915 ], [ 38.8088088, 9.0004855 ], [ 38.8084967, 8.9971372 ], [ 38.8103143, 8.9883096 ], [ 38.8097735, 8.9869675 ], [ 38.8035562, 8.9852867 ], [ 38.8021619, 8.9853275 ], [ 38.7996331, 8.9854045 ], [ 38.7971379, 8.9861223 ], [ 38.788826, 8.985809 ], [ 38.7879749, 8.9856538 ], [ 38.7855757, 8.9849273 ], [ 38.7787516, 8.9794447 ], [ 38.7777914, 8.9763594 ], [ 38.7774548, 8.9759568 ], [ 38.7773636, 8.975878 ], [ 38.7739077, 8.9763327 ], [ 38.7683591, 8.9778904 ], [ 38.7656124, 8.9836021 ], [ 38.7643374, 8.9873668 ], [ 38.7619851, 8.9958804 ], [ 38.7592063, 9.0006528 ], [ 38.7603074, 9.0040662 ], [ 38.7576903, 9.0118964 ] ] ] } },
{ "type": "Feature", "properties": { "threshold_s": 300, "time_label": "5 min drive" }, "geometry": { "type": "Polygon", "coordinates": [ [ [ 38.7780823, 9.0053305 ], [ 38.7785178, 9.006465 ], [ 38.7805417, 9.0063265 ], [ 38.781114, 9.0070292 ], [ 38.7817273, 9.007227 ], [ 38.7837833, 9.0077407 ], [ 38.7853284, 9.00681 ], [ 38.7868459, 9.0062106 ], [ 38.7873383, 9.0058114 ], [ 38.7894034, 9.0046542 ], [ 38.7892042, 9.0040436 ], [ 38.7882641, 9.0032555 ], [ 38.7882698, 9.0017096 ], [ 38.7889105, 9.0000486 ], [ 38.7897293, 8.9996859 ], [ 38.7906855, 8.9993148 ], [ 38.7913789, 8.9990156 ], [ 38.7920983, 8.9987684 ], [ 38.7929622, 8.9972811 ], [ 38.7934395, 8.9960184 ], [ 38.7935455, 8.9953446 ], [ 38.7921633, 8.9948774 ], [ 38.7916283, 8.993625 ], [ 38.7918435, 8.9923162 ], [ 38.7917543, 8.9922639 ], [ 38.7907049, 8.9923927 ], [ 38.7885437, 8.9923131 ], [ 38.7864352, 8.991668 ], [ 38.7847861, 8.9907155 ], [ 38.7830666, 8.9913983 ], [ 38.7816987, 8.9917573 ], [ 38.7808029, 8.9921666 ], [ 38.7792163, 8.9939508 ], [ 38.7772892, 8.9944502 ], [ 38.7770092, 8.9949946 ], [ 38.7781307, 8.9965431 ], [ 38.7776278, 8.9979624 ], [ 38.777362, 8.9984848 ], [ 38.7779966, 8.9994625 ], [ 38.7795597, 9.0006527 ], [ 38.7792411, 9.0026554 ], [ 38.7787355, 9.0030202 ], [ 38.7780823, 9.0053305 ] ] ] } },
{ "type": "Feature", "properties": { "threshold_s": 600, "time_label": "10 min drive" }, "geometry": { "type": "Polygon", "coordinates": [ [ [ 38.7697094, 9.0103842 ], [ 38.773148, 9.0145762 ], [ 38.7732235, 9.0146348 ], [ 38.7741335, 9.0152535 ], [ 38.7793668, 9.0132882 ], [ 38.7819307, 9.0165447 ], [ 38.7821732, 9.018387 ], [ 38.782235, 9.0183828 ], [ 38.7874588, 9.0155706 ], [ 38.7899191, 9.0137655 ], [ 38.7950341, 9.0117579 ], [ 38.7977955, 9.0066874 ], [ 38.7980686, 9.0057269 ], [ 38.7984014, 9.0043704 ], [ 38.7981876, 9.0030972 ], [ 38.7978869, 9.0019288 ], [ 38.7965052, 8.9969379 ], [ 38.797957, 8.9920335 ], [ 38.7976136, 8.9913002 ], [ 38.7996398, 8.9856334 ], [ 38.7996331, 8.9854045 ], [ 38.7965669, 8.9878238 ], [ 38.791375, 8.9871117 ], [ 38.789819799999989, 8.986366 ], [ 38.788826, 8.985809 ], [ 38.7855757, 8.9849273 ], [ 38.7842988, 8.9845215 ], [ 38.7829895, 8.9840922 ], [ 38.7824454, 8.9839019 ], [ 38.7810382, 8.9833915 ], [ 38.779409, 8.9827553 ], [ 38.7757844, 8.9831065 ], [ 38.7731591, 8.9845459 ], [ 38.77311, 8.9846007 ], [ 38.7730621, 8.9846542 ], [ 38.7716921, 8.9892484 ], [ 38.7711724, 8.9906214 ], [ 38.7708398, 8.9931594 ], [ 38.7702712, 8.9964762 ], [ 38.770898099999989, 8.9992638 ], [ 38.7683524, 9.0042097 ], [ 38.7681509, 9.0044184 ], [ 38.7684475, 9.0050954 ], [ 38.7697094, 9.0103842 ] ] ] } },
{ "type": "Feature", "properties": { "threshold_s": 900, "time_label": "15 min drive" }, "geometry": { "type": "Polygon", "coordinates": [ [ [ 38.7623666, 9.0174082 ], [ 38.7650922, 9.0223314 ], [ 38.7664473, 9.0226405 ], [ 38.7764432, 9.0256874 ], [ 38.7830209, 9.0272291 ], [ 38.7866456, 9.02633 ], [ 38.7930765, 9.0228625 ], [ 38.7994298, 9.0188571 ], [ 38.8034284, 9.0138029 ], [ 38.8059445, 9.0070212 ], [ 38.8088088, 9.0004855 ], [ 38.8080405, 8.9977051 ], [ 38.8097735, 8.9869675 ], [ 38.8035562, 8.9852867 ], [ 38.8021619, 8.9853275 ], [ 38.7996331, 8.9854045 ], [ 38.7971379, 8.9861223 ], [ 38.7880106, 8.9854871 ], [ 38.7855757, 8.9849273 ], [ 38.7787516, 8.9794447 ], [ 38.7777914, 8.9763594 ], [ 38.7756114, 8.9726492 ], [ 38.7669262, 8.9775776 ], [ 38.763834, 8.9819059 ], [ 38.7619202, 8.9856735 ], [ 38.7609419, 8.9943649 ], [ 38.7601513, 9.0005071 ], [ 38.7591779, 9.0112723 ], [ 38.7588792, 9.0116653 ], [ 38.7623666, 9.0174082 ] ] ] } },
{ "type": "Feature", "properties": { "threshold_s": 300, "time_label": "5 min drive" }, "geometry": { "type": "Polygon", "coordinates": [ [ [ 38.8387846, 9.0114947 ], [ 38.8387853, 9.0118398 ], [ 38.8408953, 9.013665 ], [ 38.8414733, 9.0136705 ], [ 38.8429797, 9.0130858 ], [ 38.8442766, 9.0156512 ], [ 38.8442316, 9.0162215 ], [ 38.8444002, 9.0165735 ], [ 38.8445818, 9.0169646 ], [ 38.8458754, 9.0180478 ], [ 38.8466367, 9.0185819 ], [ 38.8472489, 9.0185543 ], [ 38.8486883, 9.0184892 ], [ 38.8503053, 9.0178439 ], [ 38.8509709, 9.0167744 ], [ 38.8523473, 9.015513 ], [ 38.853136, 9.0148804 ], [ 38.8541842, 9.0136705 ], [ 38.8556097, 9.0121028 ], [ 38.85643, 9.0110081 ], [ 38.8575857, 9.0097412 ], [ 38.8573008, 9.0091066 ], [ 38.8562145, 9.0081835 ], [ 38.8557418, 9.0078428 ], [ 38.8552158, 9.0078569 ], [ 38.854648, 9.0078709 ], [ 38.8541231, 9.0079006 ], [ 38.8520834, 9.0059043 ], [ 38.8520747, 9.0057922 ], [ 38.8520682, 9.0056456 ], [ 38.8511864, 9.0038778 ], [ 38.8496914, 9.0025945 ], [ 38.8467644, 9.0021269 ], [ 38.8453033, 9.0021971 ], [ 38.8434519, 9.0021879 ], [ 38.842725, 9.002972 ], [ 38.8418104, 9.0055026 ], [ 38.8408287, 9.0056331 ], [ 38.8398207, 9.0060064 ], [ 38.8391423, 9.0078459 ], [ 38.8391718, 9.008167 ], [ 38.8397552, 9.0092875 ], [ 38.8387846, 9.0114947 ] ] ] } },
{ "type": "Feature", "properties": { "threshold_s": 600, "time_label": "10 min drive" }, "geometry": { "type": "Polygon", "coordinates": [ [ [ 38.8296521, 9.0160313 ], [ 38.8298545, 9.0163027 ], [ 38.8309154, 9.016991 ], [ 38.8319415, 9.0176419 ], [ 38.8338649, 9.0186685 ], [ 38.8390236, 9.0214427 ], [ 38.8414063, 9.0230654 ], [ 38.843856, 9.0212365 ], [ 38.8485809, 9.0219779 ], [ 38.8525147, 9.0259371 ], [ 38.8528376, 9.0264879 ], [ 38.8529791, 9.0264362 ], [ 38.8546904, 9.023507 ], [ 38.8587926, 9.0204773 ], [ 38.8613154, 9.0171249 ], [ 38.8631918, 9.0156936 ], [ 38.8656485, 9.013136 ], [ 38.8682366, 9.0116838 ], [ 38.8677607, 9.0105781 ], [ 38.8661521, 9.0073621 ], [ 38.865925, 9.0072348 ], [ 38.8653346, 9.0071711 ], [ 38.8642403, 9.0074689 ], [ 38.8622281, 9.0077178 ], [ 38.8591442, 9.0064317 ], [ 38.8584843, 9.0020071 ], [ 38.8585561, 9.0016594 ], [ 38.8566548, 8.9988859 ], [ 38.8556806, 8.9973701 ], [ 38.8516466, 8.9940973 ], [ 38.8507453, 8.9939928 ], [ 38.8499427, 8.994525 ], [ 38.8442396, 8.9933847 ], [ 38.843575, 8.9927779 ], [ 38.8430402, 8.9927501 ], [ 38.8425064, 8.9927607 ], [ 38.8407039, 8.9932839 ], [ 38.8363637, 8.99599 ], [ 38.8334573, 8.9975828 ], [ 38.8333916, 8.99767 ], [ 38.8320313, 9.0036904 ], [ 38.8292794, 9.004143 ], [ 38.829364, 9.0103773 ], [ 38.8296521, 9.0160313 ] ] ] } },
{ "type": "Feature", "properties": { "threshold_s": 900, "time_label": "15 min drive" }, "geometry": { "type": "Polygon", "coordinates": [ [ [ 38.8194273, 9.0176486 ], [ 38.8199606, 9.0189684 ], [ 38.8214779, 9.0198759 ], [ 38.8225251, 9.0205433 ], [ 38.8265798, 9.0254264 ], [ 38.8307081, 9.0257045 ], [ 38.83358, 9.0284675 ], [ 38.8353857, 9.0307335 ], [ 38.8367577, 9.033102 ], [ 38.8373417, 9.0328719 ], [ 38.8426997, 9.031717 ], [ 38.8480837, 9.0329436 ], [ 38.8523622, 9.0357592 ], [ 38.8539516, 9.0363108 ], [ 38.8550878, 9.036132 ], [ 38.8584405, 9.0330706 ], [ 38.8619642, 9.0306232 ], [ 38.8637409, 9.0295237 ], [ 38.864046, 9.0289651 ], [ 38.8657661, 9.0240431 ], [ 38.8714014, 9.0210496 ], [ 38.8750035, 9.01635 ], [ 38.8784919, 9.0120639 ], [ 38.8783678, 9.0107325 ], [ 38.8779021, 9.009779 ], [ 38.8775884, 9.0097671 ], [ 38.8729334, 9.0079034 ], [ 38.8707467, 9.0044099 ], [ 38.8716996, 9.0003215 ], [ 38.8715145, 8.9997254 ], [ 38.867309, 8.9959671 ], [ 38.8627698, 8.9918304 ], [ 38.8596444, 8.9887113 ], [ 38.8591407, 8.988274 ], [ 38.8551102, 8.9833849 ], [ 38.8548508, 8.9832892 ], [ 38.8541939, 8.983119 ], [ 38.8520521, 8.9846203 ], [ 38.8472012, 8.9842502 ], [ 38.8459867, 8.9839033 ], [ 38.8413437, 8.9870753 ], [ 38.8359825, 8.9866606 ], [ 38.8291491, 8.9877386 ], [ 38.8277918, 8.9884742 ], [ 38.8259948, 8.9924064 ], [ 38.8225146, 8.9978975 ], [ 38.8220881, 8.9983273 ], [ 38.8216182, 9.0018175 ], [ 38.8212444, 9.0047426 ], [ 38.8205452, 9.0095604 ], [ 38.8196928, 9.0158391 ], [ 38.819362, 9.0164901 ], [ 38.8194273, 9.0176486 ] ] ] } },
{ "type": "Feature", "properties": { "threshold_s": 300, "time_label": "5 min drive" }, "geometry": { "type": "Polygon", "coordinates": [ [ [ 38.8351857, 9.0101376 ], [ 38.8343739, 9.0119166 ], [ 38.8352785, 9.0122962 ], [ 38.8368326, 9.0138754 ], [ 38.8382001, 9.014944 ], [ 38.8395063, 9.0159815 ], [ 38.8410971, 9.0173901 ], [ 38.8413424, 9.0170999 ], [ 38.8418341, 9.0158899 ], [ 38.844074, 9.0170032 ], [ 38.8452267, 9.0180744 ], [ 38.8466367, 9.0185819 ], [ 38.847228, 9.0179143 ], [ 38.8480681, 9.0169136 ], [ 38.8494922, 9.01515 ], [ 38.8498066, 9.0148625 ], [ 38.8505741, 9.014244 ], [ 38.8508685, 9.0138902 ], [ 38.8520037, 9.0123604 ], [ 38.8534067, 9.0105585 ], [ 38.8536369, 9.009849 ], [ 38.8536247, 9.0095237 ], [ 38.8524033, 9.0082947 ], [ 38.8510901, 9.0071524 ], [ 38.8495646, 9.0058563 ], [ 38.8482327, 9.0048145 ], [ 38.8476213, 9.0045181 ], [ 38.8467961, 9.0045829 ], [ 38.84444, 9.0051368 ], [ 38.8444671, 9.0056794 ], [ 38.8431904, 9.0075458 ], [ 38.8425356, 9.0081494 ], [ 38.8434183, 9.0086094 ], [ 38.8423073, 9.0107548 ], [ 38.8412859, 9.0107606 ], [ 38.8404211, 9.0099964 ], [ 38.8400372, 9.0096851 ], [ 38.8392303, 9.008963 ], [ 38.8384298, 9.0086961 ], [ 38.8376043, 9.0084358 ], [ 38.8367389, 9.0085532 ], [ 38.8351857, 9.0101376 ] ] ] } },
{ "type": "Feature", "properties": { "threshold_s": 600, "time_label": "10 min drive" }, "geometry": { "type": "Polygon", "coordinates": [ [ [ 38.8252142, 9.0173218 ], [ 38.8251244, 9.0174136 ], [ 38.8252565, 9.017405 ], [ 38.8295125, 9.0191713 ], [ 38.8315603, 9.0210402 ], [ 38.8335088, 9.021666 ], [ 38.8339238, 9.0216463 ], [ 38.8348874, 9.0216123 ], [ 38.8360585, 9.0217651 ], [ 38.8384805, 9.0253819 ], [ 38.8399681, 9.0260265 ], [ 38.8410178, 9.0264305 ], [ 38.8432359, 9.0253358 ], [ 38.843967, 9.0247653 ], [ 38.8439841, 9.0237882 ], [ 38.843856, 9.0212365 ], [ 38.8472489, 9.0185543 ], [ 38.8475981, 9.0185385 ], [ 38.8481101, 9.0185153 ], [ 38.851778, 9.0212931 ], [ 38.8526505, 9.022946 ], [ 38.8541256, 9.0206948 ], [ 38.8567812, 9.0191047 ], [ 38.8594575, 9.0163042 ], [ 38.8597439, 9.0159891 ], [ 38.8612356, 9.013896 ], [ 38.8641102, 9.0109606 ], [ 38.8635788, 9.0093451 ], [ 38.8630231, 9.0085085 ], [ 38.8622281, 9.0077178 ], [ 38.8591442, 9.0064317 ], [ 38.8577655, 9.006004 ], [ 38.8566844, 9.0016493 ], [ 38.856015, 9.0011077 ], [ 38.8545683, 9.0003189 ], [ 38.8514621, 8.9974564 ], [ 38.8509541, 8.9973215 ], [ 38.8477883, 8.9999854 ], [ 38.8458968, 8.9989063 ], [ 38.8455258, 8.9984786 ], [ 38.8448245, 8.9977559 ], [ 38.8444712, 8.997241 ], [ 38.8427156, 8.9955529 ], [ 38.8410474, 8.9968511 ], [ 38.8374106, 8.9990253 ], [ 38.8334407, 9.0007386 ], [ 38.8290954, 9.0022733 ], [ 38.8282853, 9.0027117 ], [ 38.8277885, 9.0030806 ], [ 38.8275404, 9.0042923 ], [ 38.8279527, 9.0064424 ], [ 38.8281197, 9.0087531 ], [ 38.8273423, 9.0129731 ], [ 38.8275175, 9.0157705 ], [ 38.8253001, 9.01728 ], [ 38.8252142, 9.0173218 ] ] ] } },
{ "type": "Feature", "properties": { "threshold_s": 900, "time_label": "15 min drive" }, "geometry": { "type": "Polygon", "coordinates": [ [ [ 38.8174471, 9.017213 ], [ 38.8191282, 9.0218749 ], [ 38.8220186, 9.023904 ], [ 38.8257697, 9.0273442 ], [ 38.8265835, 9.0280044 ], [ 38.8316279, 9.0313554 ], [ 38.8349875, 9.0364101 ], [ 38.8378392, 9.0364347 ], [ 38.838822, 9.035818 ], [ 38.8424465, 9.0340531 ], [ 38.8461685, 9.0338386 ], [ 38.8480837, 9.0329436 ], [ 38.8481479, 9.0329038 ], [ 38.8485574, 9.0326076 ], [ 38.8548741, 9.0327077 ], [ 38.8586361, 9.0303282 ], [ 38.8603472, 9.0290309 ], [ 38.8606769, 9.0258975 ], [ 38.8629623, 9.0229316 ], [ 38.865731, 9.0207837 ], [ 38.8681429, 9.019456 ], [ 38.8696028, 9.0186949 ], [ 38.8720698, 9.0153645 ], [ 38.8741203, 9.0109293 ], [ 38.8741303, 9.010825 ], [ 38.8732891, 9.0086325 ], [ 38.8707467, 9.0044099 ], [ 38.87043, 9.0027015 ], [ 38.8695811, 9.0022318 ], [ 38.868548, 9.0025283 ], [ 38.8681459, 9.0025987 ], [ 38.8643959, 9.0021508 ], [ 38.8641715, 8.9962063 ], [ 38.8639605, 8.9955114 ], [ 38.8638527, 8.9950823 ], [ 38.8612711, 8.9935263 ], [ 38.8580372, 8.9923626 ], [ 38.8557287, 8.989534 ], [ 38.853832, 8.9867349 ], [ 38.8533483, 8.9866585 ], [ 38.8532166, 8.9866377 ], [ 38.8507006, 8.9876092 ], [ 38.8453321, 8.9869998 ], [ 38.8413437, 8.9870753 ], [ 38.837096099999989, 8.9882109 ], [ 38.835998, 8.9908015 ], [ 38.8302769, 8.9924475 ], [ 38.8288815, 8.9916274 ], [ 38.8271633, 8.9917891 ], [ 38.825119, 8.9921374 ], [ 38.8228203, 8.9975902 ], [ 38.8219909, 8.998281 ], [ 38.8211677, 8.9991131 ], [ 38.8199531, 9.0012481 ], [ 38.8196947, 9.0020519 ], [ 38.8195729, 9.004206 ], [ 38.8195279, 9.0063603 ], [ 38.817654, 9.0119948 ], [ 38.8174128, 9.0151084 ], [ 38.8174471, 9.017213 ] ] ] } },
{ "type": "Feature", "properties": { "threshold_s": 300, "time_label": "5 min drive" }, "geometry": { "type": "Polygon", "coordinates": [ [ [ 38.730883, 8.9914023 ], [ 38.7309507, 8.9915089 ], [ 38.7315459, 8.990608 ], [ 38.732326, 8.9908307 ], [ 38.7324733, 8.9921344 ], [ 38.7322589, 8.9922963 ], [ 38.7328074, 8.9925421 ], [ 38.733715, 8.9918419 ], [ 38.735666, 8.99357 ], [ 38.7356848, 8.9929262 ], [ 38.7357491, 8.9923739 ], [ 38.7358524, 8.9916612 ], [ 38.7356628, 8.9906408 ], [ 38.7361859, 8.9903311 ], [ 38.7371454, 8.9903463 ], [ 38.7378312, 8.9901859 ], [ 38.7382583, 8.9913632 ], [ 38.7383214, 8.9925488 ], [ 38.7385318, 8.9913353 ], [ 38.7388081, 8.9908793 ], [ 38.7387546, 8.9904328 ], [ 38.739468, 8.9895629 ], [ 38.7394059, 8.9890209 ], [ 38.7388766, 8.9880609 ], [ 38.7382566, 8.9884032 ], [ 38.7375093, 8.9878106 ], [ 38.7375328, 8.9866713 ], [ 38.7375167, 8.9854513 ], [ 38.7381422, 8.9843072 ], [ 38.7392856, 8.9844684 ], [ 38.7393433, 8.9852712 ], [ 38.7394246, 8.9858788 ], [ 38.7399909, 8.9851374 ], [ 38.7392813, 8.9844006 ], [ 38.7399642, 8.9833478 ], [ 38.7399087, 8.9830778 ], [ 38.7389101, 8.9822218 ], [ 38.7387921, 8.9816575 ], [ 38.7387747, 8.9814628 ], [ 38.7377205, 8.9809091 ], [ 38.7367037, 8.9803676 ], [ 38.7364587, 8.9806848 ], [ 38.7358698, 8.9813358 ], [ 38.7347433, 8.9809237 ], [ 38.7345958, 8.9803627 ], [ 38.7343044, 8.9793256 ], [ 38.7330856, 8.9794174 ], [ 38.7324151, 8.9804653 ], [ 38.7311625, 8.9804746 ], [ 38.7306013, 8.9808713 ], [ 38.73054470000001, 8.9810628 ], [ 38.7304638, 8.9817171 ], [ 38.7294422, 8.9825095 ], [ 38.7298107, 8.9830012 ], [ 38.7302318, 8.9830577 ], [ 38.730893, 8.9833279 ], [ 38.7311773, 8.9840114 ], [ 38.730087, 8.9846804 ], [ 38.7300695, 8.9848539 ], [ 38.7300174, 8.985363 ], [ 38.7299555, 8.9859373 ], [ 38.7292729, 8.9868235 ], [ 38.7287772, 8.9867815 ], [ 38.7295921, 8.9878849 ], [ 38.7293139, 8.9882505 ], [ 38.7305637, 8.9885507 ], [ 38.7301973, 8.9894671 ], [ 38.7303544, 8.9902604 ], [ 38.730883, 8.9914023 ] ] ] } },
{ "type": "Feature", "properties": { "threshold_s": 600, "time_label": "10 min drive" }, "geometry": { "type": "Polygon", "coordinates": [ [ [ 38.7210667, 8.9937515 ], [ 38.7211037, 8.9937953 ], [ 38.721388, 8.994096 ], [ 38.7218671, 8.9944618 ], [ 38.725977, 8.9973217 ], [ 38.7274674, 8.99912 ], [ 38.7289264, 8.9982376 ], [ 38.7307139, 8.9976947 ], [ 38.7308209, 8.9976433 ], [ 38.7344089, 8.9966973 ], [ 38.7371778, 8.998569 ], [ 38.73762, 9.0013467 ], [ 38.7376749, 9.0014169 ], [ 38.7378668, 9.0015854 ], [ 38.7383125, 9.0019776 ], [ 38.7383449, 9.0020032 ], [ 38.7410113, 9.0026659 ], [ 38.7411363, 9.0026067 ], [ 38.7406738, 9.0016086 ], [ 38.7429701, 8.9977686 ], [ 38.7455371, 8.9957002 ], [ 38.7463083, 8.995148 ], [ 38.7475388, 8.9944284 ], [ 38.7475225, 8.9920818 ], [ 38.7474295, 8.9901028 ], [ 38.74802, 8.9855194 ], [ 38.7487456, 8.9815344 ], [ 38.7465289, 8.9778681 ], [ 38.7450813, 8.9751633 ], [ 38.7439171, 8.9739495 ], [ 38.7408836, 8.9723921 ], [ 38.7383361, 8.971329 ], [ 38.7377529, 8.9713496 ], [ 38.7366318, 8.9716716 ], [ 38.7330006, 8.9708765 ], [ 38.731406, 8.9690896 ], [ 38.7313134, 8.9690899 ], [ 38.7276923, 8.9702858 ], [ 38.7276252, 8.9709778 ], [ 38.7273483, 8.9746823 ], [ 38.7270547, 8.9798003 ], [ 38.7239528, 8.9834432 ], [ 38.722532, 8.9843766 ], [ 38.7209886, 8.98606 ], [ 38.7204421, 8.9888541 ], [ 38.7203358, 8.9898732 ], [ 38.7208168, 8.9933947 ], [ 38.7210667, 8.9937515 ] ] ] } },
{ "type": "Feature", "properties": { "threshold_s": 900, "time_label": "15 min drive" }, "geometry": { "type": "Polygon", "coordinates": [ [ [ 38.7189773, 9.0029713 ], [ 38.7193601, 9.0036258 ], [ 38.7224929, 8.9990797 ], [ 38.7236724, 8.9987142 ], [ 38.7268985, 8.9991841 ], [ 38.7292146, 9.0052443 ], [ 38.7285474, 9.0064755 ], [ 38.7284978, 9.0065722 ], [ 38.7316869, 9.0097061 ], [ 38.734345, 9.011761 ], [ 38.7361045, 9.0114294 ], [ 38.7387193, 9.0103826 ], [ 38.7444428, 9.0128526 ], [ 38.7445775, 9.0129089 ], [ 38.7446699, 9.0129369 ], [ 38.7449046, 9.0130052 ], [ 38.7476673, 9.0105487 ], [ 38.7489751, 9.0069735 ], [ 38.7519015, 9.0048619 ], [ 38.7531698, 9.0041116 ], [ 38.7564876, 8.9990019 ], [ 38.7580315, 8.994674 ], [ 38.757013, 8.9912123 ], [ 38.757357, 8.987179 ], [ 38.7581101, 8.9811642 ], [ 38.7551955, 8.978353 ], [ 38.7535401, 8.9733917 ], [ 38.7523895, 8.9724696 ], [ 38.7480564, 8.9678037 ], [ 38.7459258, 8.9648576 ], [ 38.7454177, 8.9645275 ], [ 38.7436026, 8.9638351 ], [ 38.742887, 8.9641089 ], [ 38.7417376, 8.9644179 ], [ 38.7355458, 8.9629714 ], [ 38.7352973, 8.9619756 ], [ 38.7352396, 8.9611247 ], [ 38.7351846, 8.9609923 ], [ 38.735092, 8.9607604 ], [ 38.7326381, 8.9587993 ], [ 38.7318209, 8.9587663 ], [ 38.7294334, 8.9609553 ], [ 38.7283591, 8.9631028 ], [ 38.7227622, 8.9662619 ], [ 38.7212064, 8.9665525 ], [ 38.7207948, 8.9668155 ], [ 38.7192792, 8.9683418 ], [ 38.7185034, 8.9700807 ], [ 38.7190926, 8.9729571 ], [ 38.7195794, 8.9737333 ], [ 38.7169396, 8.9793102 ], [ 38.7157854, 8.9812067 ], [ 38.7165458, 8.9869257 ], [ 38.7125153, 8.9887289 ], [ 38.7103656, 8.988313 ], [ 38.7110505, 8.9891544 ], [ 38.7136137, 8.9922004 ], [ 38.7186047, 8.9964866 ], [ 38.7187348, 8.9973036 ], [ 38.7188513, 8.9979545 ], [ 38.7189357, 9.0001877 ], [ 38.7189773, 9.0029713 ] ] ] } },
{ "type": "Feature", "properties": { "threshold_s": 300, "time_label": "5 min drive" }, "geometry": { "type": "Polygon", "coordinates": [ [ [ 38.7104482, 8.9583245 ], [ 38.7116251, 8.9603827 ], [ 38.7117078, 8.9604128 ], [ 38.7140259, 8.9603411 ], [ 38.7151333, 8.9606502 ], [ 38.716805, 8.9597324 ], [ 38.7177273, 8.9591354 ], [ 38.719676, 8.9590446 ], [ 38.7200329, 8.9591152 ], [ 38.7205846, 8.9592102 ], [ 38.7217437, 8.9593066 ], [ 38.7220259, 8.9591305 ], [ 38.7223013, 8.9578594 ], [ 38.7224876, 8.9570635 ], [ 38.7227253, 8.9562607 ], [ 38.7233466, 8.954489 ], [ 38.7240869, 8.9542307 ], [ 38.7249059, 8.9536692 ], [ 38.7248746, 8.9532825 ], [ 38.7255393, 8.9509809 ], [ 38.7254296, 8.950166 ], [ 38.7254414, 8.9482004 ], [ 38.7248289, 8.9475592 ], [ 38.7238302, 8.9459732 ], [ 38.7229332, 8.9454463 ], [ 38.721034, 8.9451564 ], [ 38.7204755, 8.9450497 ], [ 38.7182753, 8.9445271 ], [ 38.7169259, 8.9451545 ], [ 38.7157618, 8.9461813 ], [ 38.715178, 8.9474874 ], [ 38.7135835, 8.9481014 ], [ 38.7111602, 8.9483774 ], [ 38.7097463, 8.9487392 ], [ 38.7091566, 8.9491127 ], [ 38.7084953, 8.9503518 ], [ 38.7085998, 8.9514719 ], [ 38.7087649, 8.9521945 ], [ 38.7088591, 8.9526057 ], [ 38.7090022, 8.9531007 ], [ 38.7093868, 8.9554634 ], [ 38.7085889, 8.9560004 ], [ 38.7080373, 8.9563716 ], [ 38.7084783, 8.9569867 ], [ 38.7104482, 8.9583245 ] ] ] } },
{ "type": "Feature", "properties": { "threshold_s": 600, "time_label": "10 min drive" }, "geometry": { "type": "Polygon", "coordinates": [ [ [ 38.7062371, 8.9677297 ], [ 38.7076664, 8.9704692 ], [ 38.7120203, 8.9710089 ], [ 38.7139738, 8.9709281 ], [ 38.7145808, 8.9708334 ], [ 38.7155451, 8.970018 ], [ 38.7203176, 8.9682343 ], [ 38.7215002, 8.9680709 ], [ 38.7259898, 8.9662342 ], [ 38.7264518, 8.965264 ], [ 38.7272519, 8.9627353 ], [ 38.727249, 8.9623701 ], [ 38.727252, 8.9618413 ], [ 38.7263131, 8.9595443 ], [ 38.7258145, 8.9585262 ], [ 38.7285447, 8.9530967 ], [ 38.731062, 8.9531298 ], [ 38.7316132, 8.9527112 ], [ 38.732519, 8.9518222 ], [ 38.7366664, 8.9486673 ], [ 38.7367268, 8.9478387 ], [ 38.7363732, 8.9470809 ], [ 38.7338198, 8.9447581 ], [ 38.7321951, 8.9402901 ], [ 38.7267946, 8.9386062 ], [ 38.7254373, 8.9376871 ], [ 38.7204711, 8.9354637 ], [ 38.7182757, 8.9384784 ], [ 38.7175544, 8.9401426 ], [ 38.7173063, 8.9406093 ], [ 38.7173586, 8.9414413 ], [ 38.7157618, 8.9461813 ], [ 38.7113665, 8.9477764 ], [ 38.7083825, 8.9462516 ], [ 38.7058638, 8.9437249 ], [ 38.7042759, 8.9441276 ], [ 38.7006733, 8.9488456 ], [ 38.6996061, 8.9503064 ], [ 38.6993143, 8.9511374 ], [ 38.6990292, 8.9520488 ], [ 38.6998236, 8.9544586 ], [ 38.7016737, 8.9596913 ], [ 38.7037435, 8.9643035 ], [ 38.7062371, 8.9677297 ] ] ] } },
{ "type": "Feature", "properties": { "threshold_s": 900, "time_label": "15 min drive" }, "geometry": { "type": "Polygon", "coordinates": [ [ [ 38.6991816, 8.974926 ], [ 38.7005837, 8.9773551 ], [ 38.7013432, 8.9776075 ], [ 38.7039784, 8.9764145 ], [ 38.7057853, 8.9756135 ], [ 38.7065117, 8.9752925 ], [ 38.7076208, 8.974797 ], [ 38.7079365, 8.9746578 ], [ 38.7085293, 8.9743943 ], [ 38.7089684, 8.9741971 ], [ 38.7140299, 8.9732737 ], [ 38.7206829, 8.9750566 ], [ 38.7214795, 8.9768647 ], [ 38.7219814, 8.9776133 ], [ 38.724079, 8.9771595 ], [ 38.7282267, 8.9758101 ], [ 38.729693, 8.974322 ], [ 38.729786, 8.9725612 ], [ 38.7296949, 8.9720272 ], [ 38.7294433, 8.971329 ], [ 38.7306044, 8.9670422 ], [ 38.7358658, 8.966419 ], [ 38.7365947, 8.9668256 ], [ 38.7355458, 8.9629714 ], [ 38.7348681, 8.9596248 ], [ 38.7364709, 8.9560006 ], [ 38.741532, 8.9558019 ], [ 38.7422287, 8.9561532 ], [ 38.7426077, 8.9561671 ], [ 38.7428757, 8.9561712 ], [ 38.7449555, 8.9543612 ], [ 38.7462215, 8.95273 ], [ 38.7470201, 8.9492799 ], [ 38.7463409, 8.9464119 ], [ 38.7445596, 8.9435193 ], [ 38.742240099999989, 8.9379106 ], [ 38.7390876, 8.9371395 ], [ 38.7339035, 8.9321621 ], [ 38.727274, 8.9291083 ], [ 38.7265894, 8.928616 ], [ 38.7240963, 8.9264508 ], [ 38.7235384, 8.926101 ], [ 38.7222866, 8.9253297 ], [ 38.7222737, 8.9254631 ], [ 38.716904, 8.93066 ], [ 38.7163543, 8.9307024 ], [ 38.7156326, 8.9307128 ], [ 38.7151672, 8.9307128 ], [ 38.71189420000001, 8.9305843 ], [ 38.7068953, 8.9339767 ], [ 38.7064915, 8.9343053 ], [ 38.6994189, 8.935998 ], [ 38.6965513, 8.9405073 ], [ 38.6938822, 8.9451049 ], [ 38.6900497, 8.9512122 ], [ 38.6900183, 8.9514317 ], [ 38.690575, 8.9576257 ], [ 38.6907417, 8.9604875 ], [ 38.6908997, 8.9610689 ], [ 38.6951539, 8.9621275 ], [ 38.6971313, 8.9687966 ], [ 38.69741, 8.9697137 ], [ 38.6991816, 8.974926 ] ] ] } },
{ "type": "Feature", "properties": { "threshold_s": 300, "time_label": "5 min drive" }, "geometry": { "type": "Polygon", "coordinates": [ [ [ 38.7457088, 9.0400194 ], [ 38.7463036, 9.041451 ], [ 38.7470241, 9.0416954 ], [ 38.748031, 9.0406956 ], [ 38.749723, 9.0405922 ], [ 38.749973, 9.0403928 ], [ 38.75133, 9.0394709 ], [ 38.7531208, 9.0396428 ], [ 38.7555497, 9.0379841 ], [ 38.754862, 9.0375543 ], [ 38.7550527, 9.0350946 ], [ 38.7549, 9.0340673 ], [ 38.7558521, 9.0318884 ], [ 38.7568262, 9.030107 ], [ 38.7549855, 9.028112 ], [ 38.7526328, 9.0285574 ], [ 38.7519917, 9.0274854 ], [ 38.7519896, 9.026877 ], [ 38.751757499999989, 9.0253567 ], [ 38.7501642, 9.0276345 ], [ 38.7490952, 9.028018 ], [ 38.7465277, 9.0280037 ], [ 38.7456176, 9.0283852 ], [ 38.7435203, 9.0282082 ], [ 38.7427112, 9.0274712 ], [ 38.7421301, 9.0278548 ], [ 38.7418432, 9.0291681 ], [ 38.7427752, 9.0293362 ], [ 38.744473, 9.0293587 ], [ 38.7448118, 9.0317249 ], [ 38.7422445, 9.0322303 ], [ 38.7421761, 9.0322135 ], [ 38.7421592, 9.0322811 ], [ 38.7417078, 9.0339163 ], [ 38.7417706, 9.0340836 ], [ 38.7428422, 9.0353794 ], [ 38.7443637, 9.0371691 ], [ 38.744816299999989, 9.038175 ], [ 38.7457088, 9.0400194 ] ] ] } },
{ "type": "Feature", "properties": { "threshold_s": 600, "time_label": "10 min drive" }, "geometry": { "type": "Polygon", "coordinates": [ [ [ 38.739551, 9.0489078 ], [ 38.739597, 9.0495643 ], [ 38.7411208, 9.0500081 ], [ 38.7423944, 9.0503292 ], [ 38.7447605, 9.0506243 ], [ 38.7489317, 9.0502535 ], [ 38.7524777, 9.0497518 ], [ 38.7570539, 9.0486957 ], [ 38.757098, 9.0486706 ], [ 38.7568986, 9.0481555 ], [ 38.7600057, 9.0440359 ], [ 38.7600234, 9.0439033 ], [ 38.7595116, 9.0405678 ], [ 38.7626541, 9.0377067 ], [ 38.7636485, 9.0328556 ], [ 38.7654192, 9.0307943 ], [ 38.7624111, 9.0266163 ], [ 38.7576048, 9.024946 ], [ 38.7575279, 9.0235574 ], [ 38.7574257, 9.0203911 ], [ 38.7570594, 9.0187168 ], [ 38.7555926, 9.0160591 ], [ 38.7555162, 9.0160017 ], [ 38.7527724, 9.0143482 ], [ 38.750687, 9.0147579 ], [ 38.7503028, 9.0158043 ], [ 38.7466047, 9.0184173 ], [ 38.7445302, 9.0176394 ], [ 38.7421281, 9.0175937 ], [ 38.7399206, 9.0183454 ], [ 38.7384167, 9.0189047 ], [ 38.733438, 9.0206818 ], [ 38.7334491, 9.021133 ], [ 38.7335879, 9.0225953 ], [ 38.7336241, 9.0231117 ], [ 38.7335966, 9.0242952 ], [ 38.7312543, 9.0288087 ], [ 38.7304484, 9.0337871 ], [ 38.731895, 9.0356332 ], [ 38.7324809, 9.0365868 ], [ 38.7332976, 9.0374506 ], [ 38.7340116, 9.0421426 ], [ 38.734670199999989, 9.0434483 ], [ 38.7362547, 9.0439907 ], [ 38.739417, 9.0465899 ], [ 38.739551, 9.0489078 ] ] ] } },
{ "type": "Feature", "properties": { "threshold_s": 900, "time_label": "15 min drive" }, "geometry": { "type": "Polygon", "coordinates": [ [ [ 38.7288192, 9.0515687 ], [ 38.730034, 9.0540492 ], [ 38.7333125, 9.057437 ], [ 38.7395024, 9.0597291 ], [ 38.7438998, 9.0608748 ], [ 38.7482068, 9.0602013 ], [ 38.7524244, 9.0599047 ], [ 38.7572967, 9.0574294 ], [ 38.7599873, 9.0588615 ], [ 38.7650745, 9.0545281 ], [ 38.7650576, 9.0511274 ], [ 38.7683108, 9.0478181 ], [ 38.7705053, 9.0470891 ], [ 38.7694638, 9.0449786 ], [ 38.7721869, 9.0388821 ], [ 38.7735107, 9.0325106 ], [ 38.7735225, 9.0324241 ], [ 38.7734771, 9.0321527 ], [ 38.7730453, 9.0308631 ], [ 38.7719169, 9.0307387 ], [ 38.7696348, 9.0316607 ], [ 38.7654192, 9.0307943 ], [ 38.7633917, 9.0291295 ], [ 38.7625209, 9.0267749 ], [ 38.7650922, 9.0223314 ], [ 38.7677259, 9.0197702 ], [ 38.7661117, 9.016113 ], [ 38.7636137, 9.009863 ], [ 38.7590704, 9.0068685 ], [ 38.7544702, 9.0039159 ], [ 38.7522274, 9.0054683 ], [ 38.7466288, 9.0063086 ], [ 38.7465419, 9.0063014 ], [ 38.7433631, 9.0074509 ], [ 38.7432431, 9.0074962 ], [ 38.7387193, 9.0103826 ], [ 38.7357035, 9.0094809 ], [ 38.734056699999989, 9.0111989 ], [ 38.7285514, 9.0122122 ], [ 38.7281463, 9.0122149 ], [ 38.7260779, 9.0148033 ], [ 38.7241003, 9.0192945 ], [ 38.7239098, 9.0199514 ], [ 38.721402, 9.0259654 ], [ 38.7214765, 9.0293057 ], [ 38.7203707, 9.0350718 ], [ 38.7210412, 9.0377367 ], [ 38.7237493, 9.0412733 ], [ 38.7241848, 9.0443085 ], [ 38.7243136, 9.0454214 ], [ 38.7247266, 9.0465336 ], [ 38.7288192, 9.0515687 ] ] ] } },
{ "type": "Feature", "properties": { "threshold_s": 300, "time_label": "5 min drive" }, "geometry": { "type": "Polygon", "coordinates": [ [ [ 38.8405404, 9.0463795 ], [ 38.840779, 9.0472449 ], [ 38.8413303, 9.0476311 ], [ 38.8416354, 9.0478105 ], [ 38.841888, 9.0479271 ], [ 38.8430542, 9.0485057 ], [ 38.8444564, 9.0491097 ], [ 38.8457277, 9.0501837 ], [ 38.8462717, 9.0497834 ], [ 38.8467606, 9.0494644 ], [ 38.8491305, 9.0489273 ], [ 38.8489383, 9.0480514 ], [ 38.849285, 9.0467733 ], [ 38.8516621, 9.0458277 ], [ 38.8527789, 9.0436022 ], [ 38.8549535, 9.0442365 ], [ 38.8551101, 9.0435218 ], [ 38.8550076, 9.0430966 ], [ 38.854803, 9.0427722 ], [ 38.8531675, 9.0423468 ], [ 38.8527188, 9.0403322 ], [ 38.8546541, 9.0391286 ], [ 38.8535847, 9.0383097 ], [ 38.852754, 9.0378566 ], [ 38.852131, 9.0377126 ], [ 38.8504317, 9.0363871 ], [ 38.8497457, 9.0359445 ], [ 38.8480025, 9.0375281 ], [ 38.846198, 9.0389047 ], [ 38.8456217, 9.0389813 ], [ 38.8449391, 9.0389643 ], [ 38.8440688, 9.0387631 ], [ 38.8427961, 9.0383697 ], [ 38.8413983, 9.0380145 ], [ 38.8413759, 9.0380552 ], [ 38.8411733, 9.039514 ], [ 38.8395457, 9.0414545 ], [ 38.8395098, 9.0416962 ], [ 38.8396154, 9.0432269 ], [ 38.8407137, 9.0449231 ], [ 38.8405404, 9.0463795 ] ] ] } },
{ "type": "Feature", "properties": { "threshold_s": 600, "time_label": "10 min drive" }, "geometry": { "type": "Polygon", "coordinates": [ [ [ 38.8334654, 9.0492351 ], [ 38.8333601, 9.0523265 ], [ 38.8347437, 9.052729 ], [ 38.8352993, 9.0528523 ], [ 38.8385418, 9.0535897 ], [ 38.8423777, 9.0510737 ], [ 38.8438708, 9.050832 ], [ 38.8457277, 9.0501837 ], [ 38.8495097, 9.0495413 ], [ 38.8529548, 9.052619 ], [ 38.8517761, 9.0552534 ], [ 38.849227, 9.0571073 ], [ 38.8481572, 9.0576546 ], [ 38.8479806, 9.0587243 ], [ 38.8480478, 9.0588075 ], [ 38.8532401, 9.0583929 ], [ 38.8530924, 9.0579758 ], [ 38.8534981, 9.0528709 ], [ 38.8542076, 9.0519967 ], [ 38.8574594, 9.0498635 ], [ 38.8601862, 9.0500287 ], [ 38.8611813, 9.0496817 ], [ 38.8615139, 9.0491519 ], [ 38.8629663, 9.0465945 ], [ 38.863354, 9.0456905 ], [ 38.8647708, 9.0406983 ], [ 38.8626225, 9.0370207 ], [ 38.8620956, 9.0352 ], [ 38.8595912, 9.0311883 ], [ 38.8586361, 9.0303282 ], [ 38.8554186, 9.0293157 ], [ 38.85256, 9.0264992 ], [ 38.8506389, 9.0282091 ], [ 38.8467914, 9.0287197 ], [ 38.8435809, 9.0296319 ], [ 38.843088, 9.0298682 ], [ 38.8403246, 9.0311814 ], [ 38.8372118, 9.0316096 ], [ 38.8348948, 9.0314908 ], [ 38.8326795, 9.0329287 ], [ 38.8291946, 9.0361235 ], [ 38.8291537, 9.0362519 ], [ 38.829168, 9.0381376 ], [ 38.8299096, 9.0391836 ], [ 38.8302254, 9.0396393 ], [ 38.8317318, 9.0413623 ], [ 38.8347106, 9.0444106 ], [ 38.8334654, 9.0492351 ] ] ] } },
{ "type": "Feature", "properties": { "threshold_s": 900, "time_label": "15 min drive" }, "geometry": { "type": "Polygon", "coordinates": [ [ [ 38.8213392, 9.0434349 ], [ 38.8231803, 9.0462342 ], [ 38.827152, 9.0501811 ], [ 38.8288857, 9.0510479 ], [ 38.8328679, 9.0538721 ], [ 38.8358338, 9.0575279 ], [ 38.8371769, 9.0588359 ], [ 38.843521, 9.0630858 ], [ 38.8446374, 9.0675065 ], [ 38.8448721, 9.0682839 ], [ 38.8457465, 9.0672761 ], [ 38.8480774, 9.0596809 ], [ 38.8534793, 9.0604848 ], [ 38.8597329, 9.0644142 ], [ 38.8606649, 9.0640526 ], [ 38.8617942, 9.0635851 ], [ 38.8618827, 9.0633957 ], [ 38.8636623, 9.0593273 ], [ 38.8635242, 9.05666 ], [ 38.8659955, 9.0479541 ], [ 38.870313, 9.04973 ], [ 38.8705808, 9.0488599 ], [ 38.8687662, 9.0457312 ], [ 38.8683777, 9.0387989 ], [ 38.8681483, 9.0364148 ], [ 38.8648603, 9.0291935 ], [ 38.866942, 9.026511 ], [ 38.8652068, 9.0234569 ], [ 38.8624596, 9.0208579 ], [ 38.8610298, 9.020743 ], [ 38.8605648, 9.0207047 ], [ 38.8523727, 9.0163211 ], [ 38.8520869, 9.0163302 ], [ 38.8509709, 9.0167744 ], [ 38.850019, 9.0178559 ], [ 38.8418171, 9.0213402 ], [ 38.8388308, 9.0216465 ], [ 38.8387245, 9.0216508 ], [ 38.8337107, 9.0218852 ], [ 38.8265381, 9.0257047 ], [ 38.8206955, 9.0302398 ], [ 38.8190848, 9.0331756 ], [ 38.8191119, 9.0357024 ], [ 38.8208419, 9.04257 ], [ 38.8213392, 9.0434349 ] ] ] } },
{ "type": "Feature", "properties": { "threshold_s": 300, "time_label": "5 min drive" }, "geometry": { "type": "Polygon", "coordinates": [ [ [ 38.8034868, 9.0000001 ], [ 38.8034099, 9.0004249 ], [ 38.8058042, 9.0021666 ], [ 38.8079408, 9.0028064 ], [ 38.8105345, 9.0045668 ], [ 38.8115813, 9.0049238 ], [ 38.8131463, 9.0044109 ], [ 38.8140931, 9.0035621 ], [ 38.8152122, 9.0024107 ], [ 38.8172031, 8.9999082 ], [ 38.8187276, 8.9995353 ], [ 38.8205289, 8.998547 ], [ 38.8216547, 8.9979647 ], [ 38.8217005, 8.9954251 ], [ 38.8214167, 8.9944311 ], [ 38.8200858, 8.9919752 ], [ 38.8195093, 8.9898071 ], [ 38.8192988, 8.9884962 ], [ 38.8166645, 8.988021 ], [ 38.8158998, 8.9886047 ], [ 38.8127899, 8.9893411 ], [ 38.8103143, 8.9883096 ], [ 38.8097735, 8.9869675 ], [ 38.8094608, 8.9871787 ], [ 38.806680299999989, 8.9880409 ], [ 38.8048125, 8.9901822 ], [ 38.8027192, 8.9920103 ], [ 38.8031577, 8.9928574 ], [ 38.8037471, 8.9940575 ], [ 38.8038209, 8.9942184 ], [ 38.8039235, 8.9944224 ], [ 38.8040898, 8.9947794 ], [ 38.8042092, 8.9950158 ], [ 38.8044103, 8.9953973 ], [ 38.804645, 8.9958576 ], [ 38.8048254, 8.9962424 ], [ 38.8043088, 8.9993655 ], [ 38.8034868, 9.0000001 ] ] ] } },
{ "type": "Feature", "properties": { "threshold_s": 600, "time_label": "10 min drive" }, "geometry": { "type": "Polygon", "coordinates": [ [ [ 38.7938163, 9.0055765 ], [ 38.7942706, 9.0060773 ], [ 38.7948706, 9.0062142 ], [ 38.7966496, 9.0067563 ], [ 38.801182, 9.0096667 ], [ 38.8018943, 9.0099701 ], [ 38.8067256, 9.0137114 ], [ 38.8076328, 9.01417 ], [ 38.8115097, 9.0148216 ], [ 38.8126666, 9.0149728 ], [ 38.8132313, 9.0149019 ], [ 38.817654, 9.0119948 ], [ 38.8208704, 9.0101618 ], [ 38.8257091, 9.0070292 ], [ 38.827472, 9.0052887 ], [ 38.8290954, 9.0022733 ], [ 38.8296767, 8.9994248 ], [ 38.8299325, 8.9934967 ], [ 38.8302769, 8.9924475 ], [ 38.829735, 8.9909787 ], [ 38.8280687, 8.9908784 ], [ 38.8243435, 8.9870493 ], [ 38.8236563, 8.9829914 ], [ 38.8211882, 8.9830776 ], [ 38.8200144, 8.9840292 ], [ 38.817983, 8.985495 ], [ 38.8172293, 8.987135 ], [ 38.8158998, 8.9886047 ], [ 38.8097735, 8.9869675 ], [ 38.8079529, 8.9863615 ], [ 38.8066972, 8.9860036 ], [ 38.8035562, 8.9852867 ], [ 38.8021619, 8.9853275 ], [ 38.7996331, 8.9854045 ], [ 38.7948121, 8.988467 ], [ 38.7944626, 8.9888502 ], [ 38.7942481, 8.9892201 ], [ 38.7945593, 8.9897957 ], [ 38.7960664, 8.9913021 ], [ 38.7965052, 8.9969379 ], [ 38.7955181, 9.0020965 ], [ 38.7943165, 9.0036151 ], [ 38.7936953, 9.0050935 ], [ 38.7938163, 9.0055765 ] ] ] } },
{ "type": "Feature", "properties": { "threshold_s": 900, "time_label": "15 min drive" }, "geometry": { "type": "Polygon", "coordinates": [ [ [ 38.7857111, 9.0102443 ], [ 38.7876914, 9.0124761 ], [ 38.7953428, 9.0176745 ], [ 38.8012944, 9.0218089 ], [ 38.811875, 9.0220979 ], [ 38.8147871, 9.0225069 ], [ 38.8260633, 9.0200614 ], [ 38.8322389, 9.0134539 ], [ 38.835943, 9.0084869 ], [ 38.8362824, 8.9983072 ], [ 38.8396552, 8.9890861 ], [ 38.8392845, 8.9855719 ], [ 38.837948, 8.9837452 ], [ 38.8302928, 8.9775749 ], [ 38.8285251, 8.9717354 ], [ 38.8252518, 8.970978 ], [ 38.8232046, 8.9723026 ], [ 38.8221742, 8.9731118 ], [ 38.8211327, 8.9767138 ], [ 38.8208006, 8.9803978 ], [ 38.817983, 8.985495 ], [ 38.8097735, 8.9869675 ], [ 38.8079529, 8.9863615 ], [ 38.8066972, 8.9860036 ], [ 38.8035562, 8.9852867 ], [ 38.8021619, 8.9853275 ], [ 38.7996331, 8.9854045 ], [ 38.788826, 8.985809 ], [ 38.7855757, 8.9849273 ], [ 38.7847861, 8.9907155 ], [ 38.7848577, 9.0019931 ], [ 38.7824927, 9.004531 ], [ 38.7857111, 9.0102443 ] ] ] } },
{ "type": "Feature", "properties": { "threshold_s": 300, "time_label": "5 min drive" }, "geometry": { "type": "Polygon", "coordinates": [ [ [ 38.7499626, 8.9956028 ], [ 38.7508894, 8.9967315 ], [ 38.7513274, 8.9971902 ], [ 38.7527298, 8.997626 ], [ 38.7538192, 8.9991228 ], [ 38.7540243, 8.9994539 ], [ 38.7544636, 9.0003718 ], [ 38.7566735, 9.001497 ], [ 38.758485, 8.999819 ], [ 38.758229, 8.9975481 ], [ 38.7595939, 8.9955921 ], [ 38.7619034, 8.9957924 ], [ 38.7621622, 8.9957887 ], [ 38.7621635, 8.9951401 ], [ 38.7596548, 8.9944049 ], [ 38.7595485, 8.9939777 ], [ 38.7594068, 8.9930156 ], [ 38.7591509, 8.9921947 ], [ 38.7612578, 8.9906198 ], [ 38.7629128, 8.9892678 ], [ 38.7646041, 8.9874446 ], [ 38.7627198, 8.9862213 ], [ 38.7615543, 8.9853726 ], [ 38.7612221, 8.9851544 ], [ 38.7592917, 8.9842459 ], [ 38.7587528, 8.9844655 ], [ 38.7569849, 8.9851859 ], [ 38.7549914, 8.9857531 ], [ 38.7533136, 8.9875452 ], [ 38.7519498, 8.9890651 ], [ 38.7515381, 8.9909965 ], [ 38.751011, 8.9919451 ], [ 38.7508098, 8.9934276 ], [ 38.7499626, 8.9956028 ] ] ] } },
{ "type": "Feature", "properties": { "threshold_s": 600, "time_label": "10 min drive" }, "geometry": { "type": "Polygon", "coordinates": [ [ [ 38.7466215, 9.0053198 ], [ 38.748271, 9.0080491 ], [ 38.7502626, 9.0077974 ], [ 38.7513155, 9.0081678 ], [ 38.7528261, 9.0118685 ], [ 38.7531255, 9.0121265 ], [ 38.7543154, 9.0118417 ], [ 38.7567884, 9.0092968 ], [ 38.7588742, 9.0086394 ], [ 38.7587462, 9.0073761 ], [ 38.7616158, 9.004092 ], [ 38.7627134, 9.0043138 ], [ 38.7645144, 9.0045259 ], [ 38.768307, 9.0047561 ], [ 38.7683759, 9.004727 ], [ 38.768731, 9.0043466 ], [ 38.7704085, 9.0001463 ], [ 38.7716165, 8.9966689 ], [ 38.7718067, 8.9953728 ], [ 38.7734067, 8.9914327 ], [ 38.7730707, 8.9907022 ], [ 38.7715766, 8.987731 ], [ 38.7706549, 8.986741 ], [ 38.7720007, 8.9826185 ], [ 38.7720336, 8.982555 ], [ 38.7720391, 8.9824883 ], [ 38.7719993, 8.9817749 ], [ 38.7715463, 8.9817195 ], [ 38.7712331, 8.9818397 ], [ 38.76691, 8.9832305 ], [ 38.7662418, 8.9812714 ], [ 38.7659251, 8.9808102 ], [ 38.7650426, 8.9787808 ], [ 38.7646558, 8.9779692 ], [ 38.7638058, 8.9768236 ], [ 38.7624457, 8.9749601 ], [ 38.7584311, 8.9727864 ], [ 38.757237, 8.9730796 ], [ 38.7574417, 8.9741084 ], [ 38.7549105, 8.9779306 ], [ 38.7524807, 8.9793843 ], [ 38.7493828, 8.979404 ], [ 38.7465178, 8.9822653 ], [ 38.7456487, 8.9836676 ], [ 38.7452303, 8.9877313 ], [ 38.7428186, 8.9880963 ], [ 38.7417482, 8.9901297 ], [ 38.741192, 8.9921603 ], [ 38.7413541, 8.9951683 ], [ 38.7404379, 8.9997461 ], [ 38.7429701, 8.9977686 ], [ 38.7454493, 9.0011653 ], [ 38.7453268, 9.0025716 ], [ 38.7466215, 9.0053198 ] ] ] } },
{ "type": "Feature", "properties": { "threshold_s": 900, "time_label": "15 min drive" }, "geometry": { "type": "Polygon", "coordinates": [ [ [ 38.7337187, 9.0068782 ], [ 38.734007, 9.0072517 ], [ 38.7363841, 9.0077173 ], [ 38.7407623, 9.0108375 ], [ 38.7432928, 9.0147559 ], [ 38.7446581, 9.0167997 ], [ 38.7466453, 9.0186564 ], [ 38.7502035, 9.0212671 ], [ 38.752181899999989, 9.0217133 ], [ 38.7546091, 9.0217117 ], [ 38.7576655, 9.0188971 ], [ 38.7586505, 9.0180415 ], [ 38.7587022, 9.0179263 ], [ 38.762877, 9.0129834 ], [ 38.7672256, 9.0115334 ], [ 38.7706225, 9.010122 ], [ 38.7746289, 9.010785 ], [ 38.774881, 9.0108722 ], [ 38.7748827, 9.0102991 ], [ 38.7747095, 9.005959 ], [ 38.7752118, 9.0003829 ], [ 38.7763041, 8.9957546 ], [ 38.7816045, 8.9919559 ], [ 38.7816924, 8.991925 ], [ 38.7822305, 8.9904055 ], [ 38.7816779, 8.9891378 ], [ 38.781234, 8.9834683 ], [ 38.7787516, 8.9794447 ], [ 38.7773636, 8.975878 ], [ 38.7758334, 8.9749255 ], [ 38.7743937, 8.9751561 ], [ 38.7730915, 8.9754844 ], [ 38.771116, 8.9759723 ], [ 38.7660779, 8.9717093 ], [ 38.7664998, 8.9707517 ], [ 38.7662108, 8.9676225 ], [ 38.7633621, 8.962338 ], [ 38.7579113, 8.9626081 ], [ 38.7556649, 8.9621462 ], [ 38.7542702, 8.9631308 ], [ 38.7507722, 8.9674012 ], [ 38.7478646, 8.9694068 ], [ 38.7444353, 8.9717599 ], [ 38.7428233, 8.9726877 ], [ 38.7413748, 8.97385 ], [ 38.7403624, 8.9751762 ], [ 38.736845, 8.9792514 ], [ 38.7365785, 8.9795314 ], [ 38.7360977, 8.9816255 ], [ 38.7336409, 8.9878794 ], [ 38.7335439, 8.9894185 ], [ 38.7326592, 8.9953344 ], [ 38.7324621, 8.9965338 ], [ 38.732501, 9.001813 ], [ 38.7321114, 9.0037694 ], [ 38.7320946, 9.0042953 ], [ 38.7337187, 9.0068782 ] ] ] } },
{ "type": "Feature", "properties": { "threshold_s": 300, "time_label": "5 min drive" }, "geometry": { "type": "Polygon", "coordinates": [ [ [ 38.807956, 9.0060618 ], [ 38.808213, 9.0065682 ], [ 38.8094981, 9.0070458 ], [ 38.8099822, 9.0077667 ], [ 38.810883, 9.0092075 ], [ 38.812315, 9.0105082 ], [ 38.8127388, 9.0105059 ], [ 38.8132188, 9.0105012 ], [ 38.8138905, 9.0100125 ], [ 38.8152041, 9.0109634 ], [ 38.815215, 9.0114295 ], [ 38.8152355, 9.0119172 ], [ 38.8162523, 9.0108916 ], [ 38.8156193, 9.0095021 ], [ 38.8167143, 9.008314 ], [ 38.817747, 9.0087776 ], [ 38.8185341, 9.0084452 ], [ 38.8198317, 9.0078703 ], [ 38.8205452, 9.0095604 ], [ 38.8193872, 9.0104136 ], [ 38.8208704, 9.0101618 ], [ 38.8212563, 9.0111273 ], [ 38.8213333, 9.0110947 ], [ 38.8222073, 9.0100058 ], [ 38.822939, 9.0090412 ], [ 38.8231836, 9.0082056 ], [ 38.8237625, 9.0064994 ], [ 38.824496, 9.0051715 ], [ 38.8246908, 9.004143 ], [ 38.8251673, 9.0028349 ], [ 38.8241194, 9.0013522 ], [ 38.8241522, 8.9994724 ], [ 38.8235302, 8.9982675 ], [ 38.8232394, 8.9968861 ], [ 38.8219962, 8.9956238 ], [ 38.8213344, 8.995094 ], [ 38.8200536, 8.995641 ], [ 38.8194763, 8.9959199 ], [ 38.8183712, 8.9958642 ], [ 38.817709, 8.9947404 ], [ 38.8159907, 8.9955023 ], [ 38.8157295, 8.9949998 ], [ 38.8153417, 8.9945278 ], [ 38.8148622, 8.9942893 ], [ 38.8138301, 8.9945428 ], [ 38.813348, 8.995177 ], [ 38.8118635, 8.9963879 ], [ 38.8105743, 8.997857 ], [ 38.8105702, 8.9982139 ], [ 38.8105596, 8.9991003 ], [ 38.8105564, 8.9994101 ], [ 38.8100181, 9.0011453 ], [ 38.809308, 9.0019691 ], [ 38.807864, 9.0026788 ], [ 38.8074117, 9.0031263 ], [ 38.8086087, 9.0040038 ], [ 38.807627, 9.0054003 ], [ 38.807956, 9.0060618 ] ] ] } },
{ "type": "Feature", "properties": { "threshold_s": 600, "time_label": "10 min drive" }, "geometry": { "type": "Polygon", "coordinates": [ [ [ 38.7980147, 9.0102396 ], [ 38.798827, 9.0118663 ], [ 38.79979860000001, 9.0124337 ], [ 38.8005309, 9.0128911 ], [ 38.802971, 9.0155489 ], [ 38.8062572, 9.017411 ], [ 38.8075217, 9.0177952 ], [ 38.8096692, 9.0185523 ], [ 38.8116947, 9.0198284 ], [ 38.8126573, 9.0167641 ], [ 38.8158358, 9.015769 ], [ 38.8194273, 9.0176486 ], [ 38.8199606, 9.0189684 ], [ 38.8212509, 9.0187748 ], [ 38.8215588, 9.0187509 ], [ 38.8251564, 9.01968 ], [ 38.8261327, 9.0204954 ], [ 38.8265759, 9.0200041 ], [ 38.827891, 9.0176995 ], [ 38.8288702, 9.0160176 ], [ 38.8287742, 9.0122387 ], [ 38.830639, 9.0102662 ], [ 38.8314168, 9.0094266 ], [ 38.8324285, 9.0059231 ], [ 38.8321938, 9.0047921 ], [ 38.8316669, 9.0023321 ], [ 38.8332387, 8.9997931 ], [ 38.8319588, 8.9974719 ], [ 38.8312705, 8.9949229 ], [ 38.8316189, 8.9909998 ], [ 38.8318874, 8.9895575 ], [ 38.831862, 8.9894858 ], [ 38.8310145, 8.9893455 ], [ 38.8284344, 8.9887398 ], [ 38.8282371, 8.9889643 ], [ 38.8243435, 8.9870493 ], [ 38.8240832, 8.986593 ], [ 38.8239984, 8.9864212 ], [ 38.8235769, 8.9858801 ], [ 38.8196728, 8.9858488 ], [ 38.8190351, 8.9862093 ], [ 38.8172293, 8.987135 ], [ 38.8158998, 8.9886047 ], [ 38.8127899, 8.9893411 ], [ 38.8097735, 8.9869675 ], [ 38.8079529, 8.9863615 ], [ 38.807903, 8.9866086 ], [ 38.8071499, 8.9893168 ], [ 38.8046098, 8.9919487 ], [ 38.8031577, 8.9928574 ], [ 38.8026126, 8.9969332 ], [ 38.8012956, 8.9984883 ], [ 38.7993438, 9.0015425 ], [ 38.7997424, 9.0025671 ], [ 38.8005828, 9.0033783 ], [ 38.8012192, 9.004282 ], [ 38.8019364, 9.0054341 ], [ 38.7985602, 9.0081237 ], [ 38.7981024, 9.0094849 ], [ 38.7980147, 9.0102396 ] ] ] } },
{ "type": "Feature", "properties": { "threshold_s": 900, "time_label": "15 min drive" }, "geometry": { "type": "Polygon", "coordinates": [ [ [ 38.79037610000001, 9.0163806 ], [ 38.7947738, 9.021815 ], [ 38.8008549, 9.0254157 ], [ 38.8011373, 9.0254037 ], [ 38.8092436, 9.0249536 ], [ 38.8140818, 9.0259528 ], [ 38.8163433, 9.0259836 ], [ 38.8249282, 9.0291742 ], [ 38.827379, 9.0294868 ], [ 38.8297083, 9.0294934 ], [ 38.8328062, 9.0282913 ], [ 38.8375525, 9.0214989 ], [ 38.8375856, 9.0207761 ], [ 38.838889, 9.0135176 ], [ 38.8400174, 9.0114238 ], [ 38.841241599999989, 9.0095933 ], [ 38.8421624, 9.0083857 ], [ 38.8420216, 9.0072789 ], [ 38.8387124, 8.9996302 ], [ 38.840358, 8.9914228 ], [ 38.8420129, 8.9886649 ], [ 38.8426673, 8.9877079 ], [ 38.8398591, 8.9823874 ], [ 38.8390681, 8.981432 ], [ 38.8304619, 8.9779273 ], [ 38.8287239, 8.9794361 ], [ 38.8211882, 8.9830776 ], [ 38.8200144, 8.9840292 ], [ 38.817983, 8.985495 ], [ 38.8097735, 8.9869675 ], [ 38.8079529, 8.9863615 ], [ 38.8066972, 8.9860036 ], [ 38.8035562, 8.9852867 ], [ 38.8021619, 8.9853275 ], [ 38.7996331, 8.9854045 ], [ 38.7971379, 8.9861223 ], [ 38.7948121, 8.988467 ], [ 38.7926327, 8.9956682 ], [ 38.7916964, 8.997649 ], [ 38.7888099, 9.0053423 ], [ 38.788723, 9.0056389 ], [ 38.7883565, 9.0096317 ], [ 38.7883817, 9.014635 ], [ 38.79037610000001, 9.0163806 ] ] ] } },
{ "type": "Feature", "properties": { "threshold_s": 300, "time_label": "5 min drive" }, "geometry": { "type": "Polygon", "coordinates": [ [ [ 38.7603349, 9.0184885 ], [ 38.7603636, 9.0186068 ], [ 38.7605842, 9.0185252 ], [ 38.76068, 9.0184747 ], [ 38.7623666, 9.0174082 ], [ 38.7633018, 9.0192267 ], [ 38.7633195, 9.0193691 ], [ 38.7638895, 9.0199177 ], [ 38.7638225, 9.0193203 ], [ 38.7638073, 9.0191651 ], [ 38.7636571, 9.0176742 ], [ 38.7645019, 9.0170063 ], [ 38.7650242, 9.0169385 ], [ 38.7657801, 9.0168339 ], [ 38.7659352, 9.0168131 ], [ 38.7674265, 9.0166327 ], [ 38.7681297, 9.0179121 ], [ 38.7668012, 9.0191922 ], [ 38.766175, 9.0194163 ], [ 38.7650922, 9.0223314 ], [ 38.7664473, 9.0226405 ], [ 38.7677974, 9.0236685 ], [ 38.7686595, 9.0207369 ], [ 38.7708838, 9.0203264 ], [ 38.7713573, 9.0204686 ], [ 38.7723687, 9.02177 ], [ 38.7717222, 9.0232818 ], [ 38.7707329, 9.0240985 ], [ 38.7726157, 9.0232898 ], [ 38.7738381, 9.0235314 ], [ 38.7753358, 9.0224459 ], [ 38.7763592, 9.0232278 ], [ 38.7766007, 9.0235376 ], [ 38.7766472, 9.0235001 ], [ 38.7766447, 9.0232281 ], [ 38.776509, 9.0228451 ], [ 38.7764838, 9.0227621 ], [ 38.7757073, 9.021581 ], [ 38.7772479, 9.0205165 ], [ 38.778081, 9.0202005 ], [ 38.7793942, 9.0198778 ], [ 38.7796232, 9.0185456 ], [ 38.7798819, 9.0169092 ], [ 38.7793643, 9.0164574 ], [ 38.7786365, 9.0159533 ], [ 38.7781044, 9.0145299 ], [ 38.7774734, 9.014126 ], [ 38.7772287, 9.0140474 ], [ 38.7768362, 9.0119613 ], [ 38.7768, 9.011943 ], [ 38.7761009, 9.0118694 ], [ 38.7748827, 9.0102991 ], [ 38.7751447, 9.0097636 ], [ 38.774444, 9.008267 ], [ 38.7740014, 9.0088061 ], [ 38.7725128, 9.0102701 ], [ 38.7702843, 9.0101555 ], [ 38.7697679, 9.0102067 ], [ 38.7692515, 9.0104413 ], [ 38.7672577, 9.0104737 ], [ 38.7672657, 9.0106467 ], [ 38.7658891, 9.0123181 ], [ 38.767167, 9.0123421 ], [ 38.7683696, 9.0132238 ], [ 38.7684856, 9.0141974 ], [ 38.7684944, 9.0142876 ], [ 38.7686282, 9.015342 ], [ 38.7663692, 9.0156361 ], [ 38.766101, 9.0156017 ], [ 38.7654814, 9.0154268 ], [ 38.7649382, 9.0162277 ], [ 38.7636993, 9.017064 ], [ 38.7632994, 9.0143168 ], [ 38.7627136, 9.0143638 ], [ 38.7631065, 9.0171496 ], [ 38.7629355, 9.0171841 ], [ 38.7623398, 9.017288 ], [ 38.7606025, 9.0183832 ], [ 38.7603349, 9.0184885 ] ] ] } },
{ "type": "Feature", "properties": { "threshold_s": 600, "time_label": "10 min drive" }, "geometry": { "type": "Polygon", "coordinates": [ [ [ 38.7505739, 9.0190794 ], [ 38.751298, 9.0213571 ], [ 38.752181899999989, 9.0217133 ], [ 38.7555133, 9.0243534 ], [ 38.7573693, 9.0258112 ], [ 38.7614021, 9.0232701 ], [ 38.7616201, 9.0233396 ], [ 38.7650922, 9.0223314 ], [ 38.7673037, 9.0253571 ], [ 38.7664952, 9.0274613 ], [ 38.7633917, 9.0291295 ], [ 38.76209, 9.029884 ], [ 38.76348, 9.0308291 ], [ 38.7636394, 9.0308323 ], [ 38.7668135, 9.0296198 ], [ 38.7701755, 9.0299115 ], [ 38.7723844, 9.0333248 ], [ 38.7763759, 9.0322084 ], [ 38.7802271, 9.0305908 ], [ 38.7840963, 9.0283019 ], [ 38.7847756, 9.0284891 ], [ 38.7852211, 9.0282439 ], [ 38.7862759, 9.0237897 ], [ 38.7868615, 9.0228586 ], [ 38.7876736, 9.021887 ], [ 38.7863688, 9.0207494 ], [ 38.7855651, 9.0185913 ], [ 38.787648, 9.0157163 ], [ 38.7868075, 9.0141864 ], [ 38.7855563, 9.0108907 ], [ 38.7851768, 9.0101595 ], [ 38.7843461, 9.0078941 ], [ 38.7846418, 9.004535 ], [ 38.7835287, 9.0002109 ], [ 38.7794474, 8.9988227 ], [ 38.7793303, 8.9988134 ], [ 38.7747263, 9.000099 ], [ 38.7739914, 8.9989883 ], [ 38.7736869, 8.9994737 ], [ 38.7690531, 9.0007967 ], [ 38.7668682, 9.0005624 ], [ 38.7665751, 9.0005115 ], [ 38.7638527, 9.0030427 ], [ 38.7624464, 9.0054975 ], [ 38.7590704, 9.0068685 ], [ 38.7587103, 9.0068983 ], [ 38.7563425, 9.0078847 ], [ 38.7542984, 9.0119961 ], [ 38.753373, 9.0119046 ], [ 38.7531539, 9.0118897 ], [ 38.7529773, 9.0118813 ], [ 38.7506302, 9.0141687 ], [ 38.7489315, 9.0168156 ], [ 38.7489256, 9.016903 ], [ 38.7505739, 9.0190794 ] ] ] } },
{ "type": "Feature", "properties": { "threshold_s": 900, "time_label": "15 min drive" }, "geometry": { "type": "Polygon", "coordinates": [ [ [ 38.7406991, 9.022627 ], [ 38.7435738, 9.0287764 ], [ 38.7485994, 9.0316501 ], [ 38.751755, 9.032577 ], [ 38.7548012, 9.0334679 ], [ 38.7579791, 9.0380662 ], [ 38.7617184, 9.0421031 ], [ 38.7674857, 9.0414061 ], [ 38.7685836, 9.041233 ], [ 38.7745828, 9.0428996 ], [ 38.776106, 9.0423418 ], [ 38.7816332, 9.0394631 ], [ 38.7869659, 9.0355261 ], [ 38.7913411, 9.0328014 ], [ 38.7941765, 9.030534 ], [ 38.7956097, 9.0284567 ], [ 38.7962349, 9.0243572 ], [ 38.7985283, 9.0198997 ], [ 38.7986357, 9.0187146 ], [ 38.7959622, 9.0132559 ], [ 38.7959244, 9.0111848 ], [ 38.7958206, 9.0081472 ], [ 38.7946308, 9.0046325 ], [ 38.7931544, 8.9983837 ], [ 38.793149, 8.996122 ], [ 38.7931524, 8.9954781 ], [ 38.7913479, 8.9928249 ], [ 38.7847861, 8.9907155 ], [ 38.7823858, 8.9901732 ], [ 38.7769009, 8.9885584 ], [ 38.7718993, 8.9891153 ], [ 38.7655117, 8.9895104 ], [ 38.7617867, 8.9921738 ], [ 38.7564481, 8.9956699 ], [ 38.752035, 8.998162 ], [ 38.748930799999989, 8.9998262 ], [ 38.7467176, 9.0045045 ], [ 38.7432431, 9.0074962 ], [ 38.7407623, 9.0108375 ], [ 38.7380934, 9.0164119 ], [ 38.7381084, 9.016537 ], [ 38.7382597, 9.0172401 ], [ 38.7406991, 9.022627 ] ] ] } },
{ "type": "Feature", "properties": { "threshold_s": 300, "time_label": "5 min drive" }, "geometry": { "type": "Polygon", "coordinates": [ [ [ 38.7638895, 9.0199177 ], [ 38.7650922, 9.0223314 ], [ 38.7664473, 9.0226405 ], [ 38.766175, 9.0194163 ], [ 38.7666902, 9.0194705 ], [ 38.7676275, 9.0197284 ], [ 38.7677259, 9.0197702 ], [ 38.7686595, 9.0207369 ], [ 38.7708838, 9.0203264 ], [ 38.7713573, 9.0204686 ], [ 38.7723687, 9.02177 ], [ 38.7717222, 9.0232818 ], [ 38.7722297, 9.0251154 ], [ 38.7734231, 9.0249135 ], [ 38.7739166, 9.0240686 ], [ 38.7763746, 9.0235218 ], [ 38.7766007, 9.0235376 ], [ 38.7782833, 9.0227338 ], [ 38.7791009, 9.0224574 ], [ 38.7796941, 9.0220515 ], [ 38.7799554, 9.0211994 ], [ 38.7800579, 9.019619 ], [ 38.7804623, 9.0179874 ], [ 38.7795994, 9.0155365 ], [ 38.7781044, 9.0145299 ], [ 38.777837, 9.0134105 ], [ 38.7778035, 9.0124771 ], [ 38.7770095, 9.0108942 ], [ 38.7751447, 9.0097636 ], [ 38.7763497, 9.0075451 ], [ 38.7753949, 9.008012 ], [ 38.7736581, 9.0079186 ], [ 38.7740014, 9.0088061 ], [ 38.7725128, 9.0102701 ], [ 38.7732789, 9.0121882 ], [ 38.773148, 9.0145762 ], [ 38.7712012, 9.0155134 ], [ 38.7699102, 9.014068 ], [ 38.7698139, 9.0132732 ], [ 38.7695735, 9.0120323 ], [ 38.769581, 9.011501 ], [ 38.7695029, 9.0107419 ], [ 38.7692515, 9.0104413 ], [ 38.7672657, 9.0106467 ], [ 38.7672256, 9.0115334 ], [ 38.767167, 9.0123421 ], [ 38.7684856, 9.0141974 ], [ 38.7663692, 9.0156361 ], [ 38.766101, 9.0156017 ], [ 38.7654814, 9.0154268 ], [ 38.7649382, 9.0162277 ], [ 38.7631065, 9.0171496 ], [ 38.7629355, 9.0171841 ], [ 38.7623398, 9.017288 ], [ 38.7623666, 9.0174082 ], [ 38.7636571, 9.0176742 ], [ 38.7638895, 9.0199177 ] ] ] } },
{ "type": "Feature", "properties": { "threshold_s": 600, "time_label": "10 min drive" }, "geometry": { "type": "Polygon", "coordinates": [ [ [ 38.7523037, 9.0192633 ], [ 38.754346, 9.0216889 ], [ 38.7546091, 9.0217117 ], [ 38.7555976, 9.0217609 ], [ 38.7600498, 9.0221853 ], [ 38.7602254, 9.0222978 ], [ 38.7614021, 9.0232701 ], [ 38.7616201, 9.0233396 ], [ 38.7650922, 9.0223314 ], [ 38.7673037, 9.0253571 ], [ 38.7664952, 9.0274613 ], [ 38.7635072, 9.0296583 ], [ 38.7635197, 9.0297327 ], [ 38.7637138, 9.0300983 ], [ 38.7668135, 9.0296198 ], [ 38.7696665, 9.0317334 ], [ 38.7725503, 9.0352767 ], [ 38.775312, 9.0329041 ], [ 38.7766302, 9.0325063 ], [ 38.7783575, 9.0319742 ], [ 38.7792177, 9.0312554 ], [ 38.7802271, 9.0305908 ], [ 38.7840727, 9.0293788 ], [ 38.7857026, 9.0282428 ], [ 38.7863276, 9.0246843 ], [ 38.7873243, 9.0235556 ], [ 38.7876648, 9.0232365 ], [ 38.7888875, 9.0215812 ], [ 38.7883827, 9.0212326 ], [ 38.787837, 9.0208872 ], [ 38.786564, 9.019551 ], [ 38.7889022, 9.0159914 ], [ 38.7867309, 9.0126232 ], [ 38.7865018, 9.0107454 ], [ 38.7847403, 9.0066431 ], [ 38.7852859, 9.0045649 ], [ 38.7853398, 9.0043516 ], [ 38.784741, 9.0019017 ], [ 38.7839798, 8.9998376 ], [ 38.7827763, 8.9993254 ], [ 38.7792988, 8.9978577 ], [ 38.7791942, 8.9979054 ], [ 38.7783258, 8.9985267 ], [ 38.7739914, 8.9989883 ], [ 38.7722506, 8.9984578 ], [ 38.770898099999989, 8.9992638 ], [ 38.7706407, 8.9997545 ], [ 38.7675149, 9.0030812 ], [ 38.7647674, 9.0061136 ], [ 38.7632801, 9.0060954 ], [ 38.7627101, 9.0070834 ], [ 38.7588742, 9.0086394 ], [ 38.7576903, 9.0118964 ], [ 38.7585196, 9.0125992 ], [ 38.7555162, 9.0160017 ], [ 38.7526023, 9.0162803 ], [ 38.7518654, 9.0166783 ], [ 38.751575699999989, 9.0171898 ], [ 38.7523037, 9.0192633 ] ] ] } },
{ "type": "Feature", "properties": { "threshold_s": 900, "time_label": "15 min drive" }, "geometry": { "type": "Polygon", "coordinates": [ [ [ 38.7426813, 9.0210971 ], [ 38.7459093, 9.0267541 ], [ 38.7512775, 9.0305243 ], [ 38.7540847, 9.0327214 ], [ 38.7573179, 9.0358262 ], [ 38.7584061, 9.0370047 ], [ 38.760091, 9.0388978 ], [ 38.7654082, 9.0400723 ], [ 38.7678988, 9.0418997 ], [ 38.773845, 9.0443406 ], [ 38.7752145, 9.0440842 ], [ 38.7813319, 9.0400888 ], [ 38.7821976, 9.0400112 ], [ 38.7866579, 9.0379459 ], [ 38.7882839, 9.036338 ], [ 38.7933345, 9.0314512 ], [ 38.7943505, 9.0307929 ], [ 38.7964456, 9.0288702 ], [ 38.7964648, 9.0288238 ], [ 38.7974667, 9.0235442 ], [ 38.7992964, 9.0204626 ], [ 38.7994298, 9.0188571 ], [ 38.7982312, 9.0172209 ], [ 38.7963315, 9.0103532 ], [ 38.7966599, 9.0077434 ], [ 38.795201, 9.0056441 ], [ 38.7946308, 9.0046325 ], [ 38.7941482, 8.9979968 ], [ 38.7943467, 8.9950463 ], [ 38.7918435, 8.9923162 ], [ 38.7917543, 8.9922639 ], [ 38.788291, 8.9915527 ], [ 38.7829238, 8.9893312 ], [ 38.777445299999989, 8.9880264 ], [ 38.7711194, 8.9883651 ], [ 38.7662967, 8.9928308 ], [ 38.7627677, 8.9945858 ], [ 38.7575434, 8.9980193 ], [ 38.7542811, 8.9997419 ], [ 38.7513207, 9.0020037 ], [ 38.7507367, 9.0031157 ], [ 38.7504336, 9.0036879 ], [ 38.7501171, 9.0043078 ], [ 38.7500717, 9.0048308 ], [ 38.7461556, 9.0104021 ], [ 38.7445199, 9.0100214 ], [ 38.7443043, 9.0100188 ], [ 38.7441227, 9.0100953 ], [ 38.7440647, 9.0101702 ], [ 38.7410116, 9.0161342 ], [ 38.7407, 9.0169157 ], [ 38.7426813, 9.0210971 ] ] ] } },
{ "type": "Feature", "properties": { "threshold_s": 300, "time_label": "5 min drive" }, "geometry": { "type": "Polygon", "coordinates": [ [ [ 38.7638895, 9.0199177 ], [ 38.7645123, 9.0221623 ], [ 38.7650922, 9.0223314 ], [ 38.7664473, 9.0226405 ], [ 38.7677974, 9.0236685 ], [ 38.7681837, 9.0238363 ], [ 38.7707329, 9.0240985 ], [ 38.7722787, 9.0259286 ], [ 38.7739588, 9.0248857 ], [ 38.7745161, 9.0236071 ], [ 38.7763746, 9.0235218 ], [ 38.7766007, 9.0235376 ], [ 38.7782289, 9.0233603 ], [ 38.7774773, 9.0226485 ], [ 38.778081, 9.0202005 ], [ 38.7793942, 9.0198778 ], [ 38.7796232, 9.0185456 ], [ 38.7798819, 9.0169092 ], [ 38.7793643, 9.0164574 ], [ 38.7781044, 9.0145299 ], [ 38.7774734, 9.014126 ], [ 38.7768362, 9.0119613 ], [ 38.7768, 9.011943 ], [ 38.7761009, 9.0118694 ], [ 38.7751447, 9.0097636 ], [ 38.774324, 9.0086107 ], [ 38.7742737, 9.0086372 ], [ 38.7740014, 9.0088061 ], [ 38.7725128, 9.0102701 ], [ 38.7732789, 9.0121882 ], [ 38.773148, 9.0145762 ], [ 38.7712012, 9.0155134 ], [ 38.7699102, 9.014068 ], [ 38.7698139, 9.0132732 ], [ 38.7695735, 9.0120323 ], [ 38.769581, 9.011501 ], [ 38.7695029, 9.0107419 ], [ 38.7692515, 9.0104413 ], [ 38.7672577, 9.0104737 ], [ 38.7658891, 9.0123181 ], [ 38.767167, 9.0123421 ], [ 38.7684856, 9.0141974 ], [ 38.7663692, 9.0156361 ], [ 38.766101, 9.0156017 ], [ 38.7654814, 9.0154268 ], [ 38.7649382, 9.0162277 ], [ 38.7631065, 9.0171496 ], [ 38.7629355, 9.0171841 ], [ 38.7623398, 9.017288 ], [ 38.7623666, 9.0174082 ], [ 38.7633195, 9.0193691 ], [ 38.7638895, 9.0199177 ] ] ] } },
{ "type": "Feature", "properties": { "threshold_s": 600, "time_label": "10 min drive" }, "geometry": { "type": "Polygon", "coordinates": [ [ [ 38.7611244, 9.0293966 ], [ 38.7615913, 9.0308121 ], [ 38.7636485, 9.0328556 ], [ 38.7654192, 9.0307943 ], [ 38.7696665, 9.0317334 ], [ 38.7710899, 9.0341543 ], [ 38.7722643, 9.0352881 ], [ 38.7725503, 9.0352767 ], [ 38.7731138, 9.0347368 ], [ 38.7766302, 9.0325063 ], [ 38.7783115, 9.0321512 ], [ 38.7802271, 9.0305908 ], [ 38.785542, 9.0298968 ], [ 38.7864765, 9.028295 ], [ 38.7878562, 9.0238515 ], [ 38.7894271, 9.0214538 ], [ 38.7884159, 9.0207782 ], [ 38.7874588, 9.0155706 ], [ 38.785812, 9.0135777 ], [ 38.7844364, 9.0100156 ], [ 38.7841033, 9.0045257 ], [ 38.784047, 9.0031303 ], [ 38.783090799999989, 9.0006189 ], [ 38.7828391, 9.0003345 ], [ 38.7807019, 9.0003787 ], [ 38.7795597, 9.0006527 ], [ 38.7772268, 9.0028263 ], [ 38.7738252, 8.9995496 ], [ 38.7736869, 8.9994737 ], [ 38.7716421, 9.0009861 ], [ 38.7672642, 9.0017771 ], [ 38.7638592, 9.0053009 ], [ 38.7624464, 9.0054975 ], [ 38.7587462, 9.0073761 ], [ 38.7579128, 9.0080385 ], [ 38.755338, 9.0119598 ], [ 38.7514878, 9.0159781 ], [ 38.7507568, 9.0169852 ], [ 38.750742, 9.0170997 ], [ 38.7523491, 9.0197223 ], [ 38.7536067, 9.0215262 ], [ 38.7567715, 9.0239365 ], [ 38.7614021, 9.0232701 ], [ 38.7625209, 9.0267749 ], [ 38.7611664, 9.0293214 ], [ 38.7611244, 9.0293966 ] ] ] } },
{ "type": "Feature", "properties": { "threshold_s": 900, "time_label": "15 min drive" }, "geometry": { "type": "Polygon", "coordinates": [ [ [ 38.7528617, 9.035044 ], [ 38.7565413, 9.0397014 ], [ 38.7628401, 9.0434637 ], [ 38.7678988, 9.0418997 ], [ 38.7733985, 9.0448605 ], [ 38.7741791, 9.0448029 ], [ 38.7752527, 9.0445534 ], [ 38.7761137, 9.0441588 ], [ 38.7819394, 9.0405796 ], [ 38.7866579, 9.0379459 ], [ 38.7873481, 9.0375579 ], [ 38.7882839, 9.036338 ], [ 38.7933345, 9.0314512 ], [ 38.7943505, 9.0307929 ], [ 38.7951178, 9.030151 ], [ 38.7964456, 9.0288702 ], [ 38.7964648, 9.0288238 ], [ 38.7966471, 9.0283529 ], [ 38.7974667, 9.0235442 ], [ 38.7992964, 9.0204626 ], [ 38.7982742, 9.0186008 ], [ 38.7958668, 9.0132147 ], [ 38.7953987, 9.0083641 ], [ 38.7946479, 9.0046967 ], [ 38.7946308, 9.0046325 ], [ 38.792624, 8.9985777 ], [ 38.7929497, 8.9955485 ], [ 38.7913479, 8.9928249 ], [ 38.7852648, 8.9915358 ], [ 38.7830666, 8.9913983 ], [ 38.7771993, 8.9889938 ], [ 38.7725604, 8.990016 ], [ 38.7660945, 8.991706 ], [ 38.7622938, 8.9937159 ], [ 38.7577567, 8.996913 ], [ 38.7538192, 8.9991228 ], [ 38.7503682, 9.0010764 ], [ 38.750182, 9.0012712 ], [ 38.7485673, 9.004685 ], [ 38.7447023, 9.0088719 ], [ 38.7440647, 9.0101702 ], [ 38.7415333, 9.0144877 ], [ 38.7393228, 9.0164224 ], [ 38.7403048, 9.0186944 ], [ 38.7414953, 9.0214372 ], [ 38.7452193, 9.0273356 ], [ 38.7504043, 9.0309179 ], [ 38.7528617, 9.035044 ] ] ] } },
{ "type": "Feature", "properties": { "threshold_s": 300, "time_label": "5 min drive" }, "geometry": { "type": "Polygon", "coordinates": [ [ [ 38.7717222, 9.0232818 ], [ 38.7722297, 9.0251154 ], [ 38.7734231, 9.0249135 ], [ 38.7739166, 9.0240686 ], [ 38.7745161, 9.0236071 ], [ 38.7763746, 9.0235218 ], [ 38.7765878, 9.0251981 ], [ 38.7764432, 9.0256874 ], [ 38.77690290000001, 9.0259574 ], [ 38.7770203, 9.025766 ], [ 38.777594, 9.0246542 ], [ 38.7782289, 9.0233603 ], [ 38.7796031, 9.0223489 ], [ 38.7799554, 9.0211994 ], [ 38.7800579, 9.019619 ], [ 38.7804623, 9.0179874 ], [ 38.7798819, 9.0169092 ], [ 38.7795994, 9.0155365 ], [ 38.7781044, 9.0145299 ], [ 38.777837, 9.0134105 ], [ 38.7767513, 9.0132784 ], [ 38.7756928, 9.012622 ], [ 38.7748415, 9.0108268 ], [ 38.7746584, 9.0107774 ], [ 38.7746289, 9.010785 ], [ 38.7732789, 9.0121882 ], [ 38.7742634, 9.0124589 ], [ 38.7743465, 9.0124832 ], [ 38.7761538, 9.0139141 ], [ 38.7760706, 9.0156092 ], [ 38.7741335, 9.0152535 ], [ 38.7732235, 9.0146348 ], [ 38.773148, 9.0145762 ], [ 38.7720935, 9.0161841 ], [ 38.7712012, 9.0155134 ], [ 38.7699102, 9.014068 ], [ 38.7698139, 9.0132732 ], [ 38.7696976, 9.0130606 ], [ 38.7690318, 9.0131385 ], [ 38.7684856, 9.0141974 ], [ 38.7684944, 9.0142876 ], [ 38.7686282, 9.015342 ], [ 38.7674265, 9.0166327 ], [ 38.7681297, 9.0179121 ], [ 38.7676275, 9.0197284 ], [ 38.7677259, 9.0197702 ], [ 38.7683945, 9.0192425 ], [ 38.7704765, 9.0188531 ], [ 38.7708838, 9.0203264 ], [ 38.7713573, 9.0204686 ], [ 38.7723687, 9.02177 ], [ 38.7717222, 9.0232818 ] ] ] } },
{ "type": "Feature", "properties": { "threshold_s": 600, "time_label": "10 min drive" }, "geometry": { "type": "Polygon", "coordinates": [ [ [ 38.7664952, 9.0274613 ], [ 38.7657206, 9.0293019 ], [ 38.7696665, 9.0317334 ], [ 38.7725503, 9.0352767 ], [ 38.7781019, 9.0335024 ], [ 38.7821767, 9.0308299 ], [ 38.7859405, 9.0306672 ], [ 38.7860223, 9.0306152 ], [ 38.7866551, 9.0300591 ], [ 38.7877832, 9.0281623 ], [ 38.7893949, 9.0228691 ], [ 38.7903417, 9.0214052 ], [ 38.7902824, 9.0210024 ], [ 38.7872746, 9.0165079 ], [ 38.7846189, 9.0145445 ], [ 38.7825194, 9.0091421 ], [ 38.781468, 9.0045317 ], [ 38.7816243, 9.0021541 ], [ 38.7772268, 9.0028263 ], [ 38.7727683, 9.0030296 ], [ 38.7716451, 9.0039323 ], [ 38.7709739, 9.0045761 ], [ 38.7688528, 9.0085028 ], [ 38.7636137, 9.009863 ], [ 38.76206, 9.0111118 ], [ 38.7627136, 9.0143638 ], [ 38.7576248, 9.0176281 ], [ 38.7554835, 9.0175438 ], [ 38.7565524, 9.0195638 ], [ 38.7600498, 9.0221853 ], [ 38.7602254, 9.0222978 ], [ 38.7605536, 9.0224021 ], [ 38.7645123, 9.0221623 ], [ 38.7664952, 9.0274613 ] ] ] } },
{ "type": "Feature", "properties": { "threshold_s": 900, "time_label": "15 min drive" }, "geometry": { "type": "Polygon", "coordinates": [ [ [ 38.7547358, 9.0318906 ], [ 38.7573179, 9.0358262 ], [ 38.7591688, 9.0370188 ], [ 38.7624425, 9.0386823 ], [ 38.7678988, 9.0418997 ], [ 38.773845, 9.0443406 ], [ 38.7761137, 9.0441588 ], [ 38.782942, 9.0416807 ], [ 38.788646, 9.0371199 ], [ 38.788999, 9.0366321 ], [ 38.7898711, 9.0353037 ], [ 38.7947311, 9.0312946 ], [ 38.7971356, 9.0300338 ], [ 38.7981611, 9.0287943 ], [ 38.7986196, 9.0231216 ], [ 38.8012768, 9.0197874 ], [ 38.8014734, 9.019214 ], [ 38.7992848, 9.0191203 ], [ 38.7954484, 9.0144599 ], [ 38.794637, 9.0128729 ], [ 38.7925181, 9.0080703 ], [ 38.7917389, 9.0056483 ], [ 38.7897293, 8.9996859 ], [ 38.790482, 8.9965207 ], [ 38.7891596, 8.9951631 ], [ 38.7886913, 8.9948075 ], [ 38.783090799999989, 8.9925567 ], [ 38.7816045, 8.9919559 ], [ 38.7748148, 8.9924547 ], [ 38.7737218, 8.9925375 ], [ 38.7729333, 8.9927706 ], [ 38.77012160000001, 8.9943959 ], [ 38.7643388, 8.9973094 ], [ 38.7585693, 9.0015672 ], [ 38.7573229, 9.0020386 ], [ 38.7534437, 9.0051707 ], [ 38.7526578, 9.0074973 ], [ 38.7473376, 9.0123175 ], [ 38.7472759, 9.012391 ], [ 38.7451623, 9.0154851 ], [ 38.7445388, 9.0164308 ], [ 38.7445414, 9.0165448 ], [ 38.7446581, 9.0167997 ], [ 38.747628, 9.0216931 ], [ 38.7517552, 9.0268586 ], [ 38.7547358, 9.0318906 ] ] ] } },
{ "type": "Feature", "properties": { "threshold_s": 300, "time_label": "5 min drive" }, "geometry": { "type": "Polygon", "coordinates": [ [ [ 38.7623398, 9.017288 ], [ 38.76068, 9.0184747 ], [ 38.7638895, 9.0199177 ], [ 38.7650922, 9.0223314 ], [ 38.7664473, 9.0226405 ], [ 38.7686595, 9.0207369 ], [ 38.7708838, 9.0203264 ], [ 38.7723687, 9.02177 ], [ 38.7726157, 9.0232898 ], [ 38.7731022, 9.0232601 ], [ 38.7753358, 9.0224459 ], [ 38.7778802, 9.0213627 ], [ 38.7791354, 9.0209809 ], [ 38.7800579, 9.019619 ], [ 38.7804623, 9.0179874 ], [ 38.7795994, 9.0155365 ], [ 38.777837, 9.0134105 ], [ 38.7778035, 9.0124771 ], [ 38.7770095, 9.0108942 ], [ 38.7763497, 9.0075451 ], [ 38.776632, 9.0070636 ], [ 38.774206, 9.0073034 ], [ 38.7736581, 9.0079186 ], [ 38.7732598, 9.0083504 ], [ 38.7725128, 9.0102701 ], [ 38.7697094, 9.0103842 ], [ 38.7692515, 9.0104413 ], [ 38.7672577, 9.0104737 ], [ 38.7658891, 9.0123181 ], [ 38.7654814, 9.0154268 ], [ 38.7629355, 9.0171841 ], [ 38.7623398, 9.017288 ] ] ] } },
{ "type": "Feature", "properties": { "threshold_s": 600, "time_label": "10 min drive" }, "geometry": { "type": "Polygon", "coordinates": [ [ [ 38.7505739, 9.0190794 ], [ 38.7522197, 9.0213585 ], [ 38.7526323, 9.0214301 ], [ 38.7569493, 9.0243252 ], [ 38.7614021, 9.0232701 ], [ 38.7616201, 9.0233396 ], [ 38.7650922, 9.0223314 ], [ 38.7673037, 9.0253571 ], [ 38.7664952, 9.0274613 ], [ 38.7635072, 9.0296583 ], [ 38.7635197, 9.0297327 ], [ 38.7637138, 9.0300983 ], [ 38.7668135, 9.0296198 ], [ 38.7701755, 9.0299115 ], [ 38.7723844, 9.0333248 ], [ 38.7735107, 9.0325106 ], [ 38.777492, 9.0307413 ], [ 38.7799938, 9.0303326 ], [ 38.7844192, 9.0282463 ], [ 38.7834995, 9.0261202 ], [ 38.7862275, 9.0229698 ], [ 38.7868398, 9.0221014 ], [ 38.7850674, 9.0190776 ], [ 38.7874547, 9.016091 ], [ 38.7889022, 9.0159914 ], [ 38.7867309, 9.0126232 ], [ 38.7866333, 9.0102849 ], [ 38.7847403, 9.0066431 ], [ 38.7852859, 9.0045649 ], [ 38.7853398, 9.0043516 ], [ 38.7846699, 8.999389 ], [ 38.7827763, 8.9993254 ], [ 38.7796315, 8.9976555 ], [ 38.7783889, 8.9982605 ], [ 38.7739914, 8.9989883 ], [ 38.7722506, 8.9984578 ], [ 38.770898099999989, 8.9992638 ], [ 38.7672202, 9.0015599 ], [ 38.7663704, 9.0019672 ], [ 38.7629613, 9.0049758 ], [ 38.7587103, 9.0068983 ], [ 38.7579128, 9.0080385 ], [ 38.755338, 9.0119598 ], [ 38.7542984, 9.0119961 ], [ 38.7509495, 9.0150619 ], [ 38.7499861, 9.0168997 ], [ 38.7499722, 9.0170083 ], [ 38.7505739, 9.0190794 ] ] ] } },
{ "type": "Feature", "properties": { "threshold_s": 900, "time_label": "15 min drive" }, "geometry": { "type": "Polygon", "coordinates": [ [ [ 38.7446363, 9.0266686 ], [ 38.7452193, 9.0273356 ], [ 38.7499859, 9.0310799 ], [ 38.7527272, 9.0324999 ], [ 38.7573179, 9.0358262 ], [ 38.7588587, 9.0376845 ], [ 38.760091, 9.0388978 ], [ 38.7653098, 9.039445 ], [ 38.7678945, 9.0410057 ], [ 38.7693345, 9.0402439 ], [ 38.7740028, 9.0422343 ], [ 38.7753607, 9.0423724 ], [ 38.7778774, 9.0397628 ], [ 38.7801888, 9.0380316 ], [ 38.7810683, 9.037102 ], [ 38.7853003, 9.0340705 ], [ 38.7868405, 9.0345218 ], [ 38.7870169, 9.0343354 ], [ 38.7869981, 9.033897 ], [ 38.7925162, 9.0311958 ], [ 38.7935214, 9.0301317 ], [ 38.7940713, 9.0283586 ], [ 38.7940605, 9.0279128 ], [ 38.7961393, 9.0225078 ], [ 38.7970493, 9.0213331 ], [ 38.7994298, 9.0188571 ], [ 38.7982312, 9.0172209 ], [ 38.7961444, 9.0141103 ], [ 38.7967788, 9.0112606 ], [ 38.7967647, 9.0101128 ], [ 38.7967773, 9.0076836 ], [ 38.7964684, 9.0039858 ], [ 38.7964382, 9.0039085 ], [ 38.7946308, 9.0046325 ], [ 38.7937877, 9.0050546 ], [ 38.7936953, 9.0050935 ], [ 38.7892042, 9.0040436 ], [ 38.7906855, 8.9993148 ], [ 38.7913789, 8.9990156 ], [ 38.7920983, 8.9987684 ], [ 38.792624, 8.9985777 ], [ 38.7931544, 8.9983837 ], [ 38.7936291, 8.9982041 ], [ 38.7941482, 8.9979968 ], [ 38.7943467, 8.9950463 ], [ 38.7918435, 8.9923162 ], [ 38.7917543, 8.9922639 ], [ 38.7897353, 8.991741 ], [ 38.788291, 8.9915527 ], [ 38.7829238, 8.9893312 ], [ 38.7778063, 8.9876901 ], [ 38.777445299999989, 8.9880264 ], [ 38.7769009, 8.9885584 ], [ 38.7711981, 8.9882736 ], [ 38.7658954, 8.990874 ], [ 38.7647559, 8.9917076 ], [ 38.7609419, 8.9943649 ], [ 38.7577567, 8.996913 ], [ 38.7546563, 8.9975382 ], [ 38.7499876, 9.0007652 ], [ 38.7497913, 9.0011928 ], [ 38.7485673, 9.004685 ], [ 38.7465009, 9.0067847 ], [ 38.7436921, 9.00817 ], [ 38.7435774, 9.0082213 ], [ 38.741383, 9.0126028 ], [ 38.7386591, 9.0163766 ], [ 38.7386839, 9.0164975 ], [ 38.7411997, 9.0220112 ], [ 38.7446363, 9.0266686 ] ] ] } },
{ "type": "Feature", "properties": { "threshold_s": 300, "time_label": "5 min drive" }, "geometry": { "type": "Polygon", "coordinates": [ [ [ 38.7623398, 9.017288 ], [ 38.76068, 9.0184747 ], [ 38.7633195, 9.0193691 ], [ 38.7638895, 9.0199177 ], [ 38.7650922, 9.0223314 ], [ 38.7664473, 9.0226405 ], [ 38.7686595, 9.0207369 ], [ 38.7708838, 9.0203264 ], [ 38.7713573, 9.0204686 ], [ 38.772721, 9.023269 ], [ 38.7744641, 9.022064 ], [ 38.7748887, 9.021689 ], [ 38.775142, 9.0212952 ], [ 38.7757479, 9.0204704 ], [ 38.7782413, 9.0194063 ], [ 38.7781062, 9.0168899 ], [ 38.7780257, 9.0166441 ], [ 38.7775872, 9.0156198 ], [ 38.776373, 9.0129175 ], [ 38.7761009, 9.0118694 ], [ 38.7751447, 9.0097636 ], [ 38.7742957, 9.0098175 ], [ 38.7725128, 9.0102701 ], [ 38.7695029, 9.0107419 ], [ 38.7692515, 9.0104413 ], [ 38.7672577, 9.0104737 ], [ 38.7658891, 9.0123181 ], [ 38.767167, 9.0123421 ], [ 38.7684856, 9.0141974 ], [ 38.7663692, 9.0156361 ], [ 38.766101, 9.0156017 ], [ 38.7654814, 9.0154268 ], [ 38.7629355, 9.0171841 ], [ 38.7623398, 9.017288 ] ] ] } },
{ "type": "Feature", "properties": { "threshold_s": 600, "time_label": "10 min drive" }, "geometry": { "type": "Polygon", "coordinates": [ [ [ 38.7505739, 9.0190794 ], [ 38.7526323, 9.0214301 ], [ 38.752741, 9.02144 ], [ 38.7536067, 9.0215262 ], [ 38.7567715, 9.0239365 ], [ 38.7569493, 9.0243252 ], [ 38.7602254, 9.0222978 ], [ 38.7614021, 9.0232701 ], [ 38.7616201, 9.0233396 ], [ 38.7650922, 9.0223314 ], [ 38.7673037, 9.0253571 ], [ 38.7664952, 9.0274613 ], [ 38.7639705, 9.0296349 ], [ 38.7636532, 9.0296992 ], [ 38.7635197, 9.0297327 ], [ 38.7668135, 9.0296198 ], [ 38.7701755, 9.0299115 ], [ 38.7724072, 9.0321943 ], [ 38.7735225, 9.0324241 ], [ 38.7760168, 9.0311517 ], [ 38.7796725, 9.0297337 ], [ 38.7795637, 9.0295252 ], [ 38.7791344, 9.0289262 ], [ 38.7823693, 9.0265065 ], [ 38.7830209, 9.0272291 ], [ 38.7830645, 9.0271982 ], [ 38.7835315, 9.0268058 ], [ 38.7834995, 9.0261202 ], [ 38.7846348, 9.0227478 ], [ 38.7862048, 9.0223421 ], [ 38.7862093, 9.0222595 ], [ 38.7846335, 9.019676 ], [ 38.7837739, 9.0184104 ], [ 38.7865155, 9.0155037 ], [ 38.785903, 9.0148125 ], [ 38.7842348, 9.0111045 ], [ 38.7839933, 9.0093829 ], [ 38.7831538, 9.00811 ], [ 38.7828239, 9.0074981 ], [ 38.783227, 9.0035 ], [ 38.782411, 9.0014722 ], [ 38.7823378, 9.0013971 ], [ 38.7796696, 9.0006454 ], [ 38.7795597, 9.0006527 ], [ 38.7772268, 9.0028263 ], [ 38.7734899, 9.0014308 ], [ 38.7718436, 9.0014832 ], [ 38.7693006, 9.0019376 ], [ 38.7672926, 9.0015638 ], [ 38.7672202, 9.0015599 ], [ 38.7663704, 9.0019672 ], [ 38.7643257, 9.0041211 ], [ 38.7629613, 9.0049758 ], [ 38.7624464, 9.0054975 ], [ 38.7587103, 9.0068983 ], [ 38.7579128, 9.0080385 ], [ 38.7576903, 9.0118964 ], [ 38.755338, 9.0119598 ], [ 38.7542984, 9.0119961 ], [ 38.7526739, 9.0154626 ], [ 38.7516063, 9.015912 ], [ 38.7514878, 9.0159781 ], [ 38.7499861, 9.0168997 ], [ 38.7499722, 9.0170083 ], [ 38.7505739, 9.0190794 ] ] ] } },
{ "type": "Feature", "properties": { "threshold_s": 900, "time_label": "15 min drive" }, "geometry": { "type": "Polygon", "coordinates": [ [ [ 38.7446363, 9.0266686 ], [ 38.7452193, 9.0273356 ], [ 38.7499859, 9.0310799 ], [ 38.7541779, 9.0325832 ], [ 38.7573179, 9.0358262 ], [ 38.7584061, 9.0370047 ], [ 38.760091, 9.0388978 ], [ 38.7625107, 9.0387169 ], [ 38.7681748, 9.0407239 ], [ 38.7743349, 9.0416088 ], [ 38.7801888, 9.0380316 ], [ 38.7868257, 9.0344859 ], [ 38.7926088, 9.0298108 ], [ 38.7928863, 9.0297066 ], [ 38.7931487, 9.0296036 ], [ 38.7940713, 9.0283586 ], [ 38.7953645, 9.0235105 ], [ 38.7972284, 9.0207265 ], [ 38.7971877, 9.0203059 ], [ 38.7954484, 9.0144599 ], [ 38.7942441, 9.0087988 ], [ 38.7938588, 9.0082615 ], [ 38.7935226, 9.007857 ], [ 38.7917389, 9.0056483 ], [ 38.7913789, 8.9990156 ], [ 38.791758, 8.9959929 ], [ 38.7915133, 8.995741 ], [ 38.7899619, 8.994329 ], [ 38.7880334, 8.9933872 ], [ 38.7830666, 8.9913983 ], [ 38.7779312, 8.9897209 ], [ 38.7727274, 8.9902942 ], [ 38.7658954, 8.990874 ], [ 38.7647559, 8.9917076 ], [ 38.7609419, 8.9943649 ], [ 38.7546563, 8.9975382 ], [ 38.7499876, 9.0007652 ], [ 38.7497913, 9.0011928 ], [ 38.7465009, 9.0067847 ], [ 38.7436921, 9.00817 ], [ 38.7435774, 9.0082213 ], [ 38.741383, 9.0126028 ], [ 38.7386591, 9.0163766 ], [ 38.7386839, 9.0164975 ], [ 38.7411997, 9.0220112 ], [ 38.7446363, 9.0266686 ] ] ] } },
{ "type": "Feature", "properties": { "threshold_s": 300, "time_label": "5 min drive" }, "geometry": { "type": "Polygon", "coordinates": [ [ [ 38.7722297, 9.0251154 ], [ 38.7722787, 9.0259286 ], [ 38.7725207, 9.0260996 ], [ 38.773884, 9.0258131 ], [ 38.7752977, 9.0272166 ], [ 38.7754884, 9.0272635 ], [ 38.7761492, 9.027044 ], [ 38.7778281, 9.0263133 ], [ 38.7781887, 9.0261563 ], [ 38.778014, 9.025166 ], [ 38.7782289, 9.0233603 ], [ 38.7806577, 9.0238498 ], [ 38.7811059, 9.0234327 ], [ 38.7809206, 9.0228037 ], [ 38.7799554, 9.0211994 ], [ 38.7800579, 9.019619 ], [ 38.7804623, 9.0179874 ], [ 38.7798819, 9.0169092 ], [ 38.7795994, 9.0155365 ], [ 38.7781044, 9.0145299 ], [ 38.777837, 9.0134105 ], [ 38.7756928, 9.012622 ], [ 38.774881, 9.0108722 ], [ 38.7747961, 9.0104276 ], [ 38.7738585, 9.0107737 ], [ 38.7732789, 9.0121882 ], [ 38.773148, 9.0145762 ], [ 38.7712012, 9.0155134 ], [ 38.7699102, 9.014068 ], [ 38.7698139, 9.0132732 ], [ 38.7695735, 9.0120323 ], [ 38.7690318, 9.0131385 ], [ 38.7684856, 9.0141974 ], [ 38.7684944, 9.0142876 ], [ 38.7686282, 9.015342 ], [ 38.7674265, 9.0166327 ], [ 38.7659352, 9.0168131 ], [ 38.7681297, 9.0179121 ], [ 38.7666902, 9.0194705 ], [ 38.7686595, 9.0207369 ], [ 38.7708838, 9.0203264 ], [ 38.7713573, 9.0204686 ], [ 38.7723687, 9.02177 ], [ 38.7717222, 9.0232818 ], [ 38.7722297, 9.0251154 ] ] ] } },
{ "type": "Feature", "properties": { "threshold_s": 600, "time_label": "10 min drive" }, "geometry": { "type": "Polygon", "coordinates": [ [ [ 38.7633917, 9.0291295 ], [ 38.7631958, 9.029803 ], [ 38.7637138, 9.0300983 ], [ 38.7684305, 9.0329237 ], [ 38.771258, 9.0349868 ], [ 38.7722643, 9.0352881 ], [ 38.7776228, 9.0351912 ], [ 38.7822897, 9.031888 ], [ 38.783986400000011, 9.0315834 ], [ 38.7845581, 9.0313118 ], [ 38.7859405, 9.0306672 ], [ 38.7867588, 9.0301967 ], [ 38.7884042, 9.0291921 ], [ 38.7884871, 9.0289877 ], [ 38.788861, 9.027759 ], [ 38.7892631, 9.0243172 ], [ 38.7921291, 9.0212226 ], [ 38.7890664, 9.0182611 ], [ 38.787648, 9.0157163 ], [ 38.7872721, 9.0151271 ], [ 38.782751, 9.0114268 ], [ 38.7828936, 9.0091551 ], [ 38.782213, 9.0034965 ], [ 38.7816243, 9.0021541 ], [ 38.7799164, 9.0025541 ], [ 38.7734899, 9.0014308 ], [ 38.7707131, 9.0045185 ], [ 38.7705863, 9.0055165 ], [ 38.7688528, 9.0085028 ], [ 38.7643986, 9.0090118 ], [ 38.7598898, 9.0114568 ], [ 38.7627136, 9.0143638 ], [ 38.7587022, 9.0179263 ], [ 38.7576248, 9.0176281 ], [ 38.755531, 9.0174041 ], [ 38.7554835, 9.0175438 ], [ 38.7564925, 9.0198092 ], [ 38.7600498, 9.0221853 ], [ 38.7602254, 9.0222978 ], [ 38.7605536, 9.0224021 ], [ 38.7645123, 9.0221623 ], [ 38.7664952, 9.0274613 ], [ 38.7633917, 9.0291295 ] ] ] } },
{ "type": "Feature", "properties": { "threshold_s": 900, "time_label": "15 min drive" }, "geometry": { "type": "Polygon", "coordinates": [ [ [ 38.7540847, 9.0327214 ], [ 38.7579791, 9.0380662 ], [ 38.7620077, 9.0410376 ], [ 38.7656056, 9.0433262 ], [ 38.7694638, 9.0449786 ], [ 38.774116, 9.0457377 ], [ 38.7769237, 9.0449919 ], [ 38.7835321, 9.0433722 ], [ 38.7839795, 9.0426594 ], [ 38.788646, 9.0371199 ], [ 38.788999, 9.0366321 ], [ 38.7898711, 9.0353037 ], [ 38.7947311, 9.0312946 ], [ 38.7968678, 9.0306899 ], [ 38.7978825, 9.0305589 ], [ 38.7991979, 9.0286409 ], [ 38.79925630000001, 9.0281698 ], [ 38.8004962, 9.0219356 ], [ 38.802462, 9.0194301 ], [ 38.8018595, 9.0192341 ], [ 38.8014734, 9.019214 ], [ 38.7972575, 9.0171011 ], [ 38.7961516, 9.0125743 ], [ 38.7956285, 9.0113796 ], [ 38.7953645, 9.0109659 ], [ 38.7917389, 9.0056483 ], [ 38.7906855, 8.9993148 ], [ 38.790482, 8.9965207 ], [ 38.7891596, 8.9951631 ], [ 38.7886913, 8.9948075 ], [ 38.7830847, 8.9921255 ], [ 38.7816045, 8.9919559 ], [ 38.7746143, 8.9916626 ], [ 38.7692598, 8.9946288 ], [ 38.7650591, 8.996884 ], [ 38.7643388, 8.9973094 ], [ 38.7585693, 9.0015672 ], [ 38.7573229, 9.0020386 ], [ 38.7544702, 9.0039159 ], [ 38.7534437, 9.0051707 ], [ 38.7482888, 9.0109348 ], [ 38.7472759, 9.012391 ], [ 38.7451623, 9.0154851 ], [ 38.7445388, 9.0164308 ], [ 38.7445414, 9.0165448 ], [ 38.7446581, 9.0167997 ], [ 38.747628, 9.0216931 ], [ 38.748433, 9.0240763 ], [ 38.7523777, 9.0300754 ], [ 38.7540847, 9.0327214 ] ] ] } },
{ "type": "Feature", "properties": { "threshold_s": 300, "time_label": "5 min drive" }, "geometry": { "type": "Polygon", "coordinates": [ [ [ 38.7722297, 9.0251154 ], [ 38.7722787, 9.0259286 ], [ 38.7725207, 9.0260996 ], [ 38.7735065, 9.0265939 ], [ 38.77690290000001, 9.0259574 ], [ 38.7770203, 9.025766 ], [ 38.777594, 9.0246542 ], [ 38.7796031, 9.0223489 ], [ 38.7799554, 9.0211994 ], [ 38.7804623, 9.0179874 ], [ 38.7795994, 9.0155365 ], [ 38.777837, 9.0134105 ], [ 38.7761009, 9.0118694 ], [ 38.7751447, 9.0097636 ], [ 38.7742957, 9.0098175 ], [ 38.7725128, 9.0102701 ], [ 38.7692515, 9.0104413 ], [ 38.768797, 9.0113452 ], [ 38.7683696, 9.0132238 ], [ 38.7654814, 9.0154268 ], [ 38.7640158, 9.0171291 ], [ 38.766175, 9.0194163 ], [ 38.7686595, 9.0207369 ], [ 38.7708838, 9.0203264 ], [ 38.7717222, 9.0232818 ], [ 38.7722297, 9.0251154 ] ] ] } },
{ "type": "Feature", "properties": { "threshold_s": 600, "time_label": "10 min drive" }, "geometry": { "type": "Polygon", "coordinates": [ [ [ 38.7631958, 9.029803 ], [ 38.7636394, 9.0308323 ], [ 38.7684305, 9.0329237 ], [ 38.769884, 9.0342295 ], [ 38.771258, 9.0349868 ], [ 38.7722643, 9.0352881 ], [ 38.7725503, 9.0352767 ], [ 38.7736848, 9.0351991 ], [ 38.7781019, 9.0335024 ], [ 38.7821767, 9.0308299 ], [ 38.7859405, 9.0306672 ], [ 38.7860223, 9.0306152 ], [ 38.7866551, 9.0300591 ], [ 38.7877832, 9.0281623 ], [ 38.7893949, 9.0228691 ], [ 38.7903417, 9.0214052 ], [ 38.7902824, 9.0210024 ], [ 38.7872746, 9.0165079 ], [ 38.7866215, 9.0149869 ], [ 38.785812, 9.0135777 ], [ 38.7841769, 9.008861 ], [ 38.7838566, 9.0045185 ], [ 38.7836735, 9.0030581 ], [ 38.783090799999989, 9.0006189 ], [ 38.7796696, 9.0006454 ], [ 38.7735825, 8.9997115 ], [ 38.7716421, 9.0009861 ], [ 38.7682422, 9.0046012 ], [ 38.7643308, 9.0075099 ], [ 38.7591779, 9.0112723 ], [ 38.7588792, 9.0116653 ], [ 38.7585196, 9.0125992 ], [ 38.7543086, 9.017315 ], [ 38.753888, 9.0173878 ], [ 38.7536536, 9.0182268 ], [ 38.755685, 9.0209076 ], [ 38.7600498, 9.0221853 ], [ 38.7602254, 9.0222978 ], [ 38.7614021, 9.0232701 ], [ 38.7633917, 9.0291295 ], [ 38.7631958, 9.029803 ] ] ] } },
{ "type": "Feature", "properties": { "threshold_s": 900, "time_label": "15 min drive" }, "geometry": { "type": "Polygon", "coordinates": [ [ [ 38.7540847, 9.0327214 ], [ 38.7579791, 9.0380662 ], [ 38.7620077, 9.0410376 ], [ 38.7646477, 9.0427305 ], [ 38.7656056, 9.0433262 ], [ 38.7694638, 9.0449786 ], [ 38.7735437, 9.0461664 ], [ 38.7770125, 9.045045 ], [ 38.782942, 9.0416807 ], [ 38.788646, 9.0371199 ], [ 38.788999, 9.0366321 ], [ 38.7898711, 9.0353037 ], [ 38.7947311, 9.0312946 ], [ 38.7971356, 9.0300338 ], [ 38.7981611, 9.0287943 ], [ 38.7986196, 9.0231216 ], [ 38.8012768, 9.0197874 ], [ 38.8012379, 9.0196774 ], [ 38.7972575, 9.0171011 ], [ 38.7956759, 9.013702 ], [ 38.7950857, 9.0111877 ], [ 38.7948845, 9.0085895 ], [ 38.7946479, 9.0046967 ], [ 38.7946308, 9.0046325 ], [ 38.7924222, 8.9980253 ], [ 38.7926327, 8.9956682 ], [ 38.7910791, 8.9942343 ], [ 38.7847989, 8.9917454 ], [ 38.7830666, 8.9913983 ], [ 38.7771993, 8.9889938 ], [ 38.7725604, 8.990016 ], [ 38.7664925, 8.9943395 ], [ 38.762479, 8.9967163 ], [ 38.758485, 8.999819 ], [ 38.7556243, 9.0006326 ], [ 38.7527306, 9.0028713 ], [ 38.7525602, 9.0030854 ], [ 38.7522414, 9.0038919 ], [ 38.7517324, 9.0049461 ], [ 38.7502626, 9.0077974 ], [ 38.7461556, 9.0104021 ], [ 38.7451161, 9.01093 ], [ 38.7427584, 9.0162719 ], [ 38.7427155, 9.0163732 ], [ 38.7425301, 9.0168306 ], [ 38.7445602, 9.0201826 ], [ 38.7471945, 9.025634 ], [ 38.7523777, 9.0300754 ], [ 38.7540847, 9.0327214 ] ] ] } },
{ "type": "Feature", "properties": { "threshold_s": 300, "time_label": "5 min drive" }, "geometry": { "type": "Polygon", "coordinates": [ [ [ 38.7638895, 9.0199177 ], [ 38.7650922, 9.0223314 ], [ 38.7664473, 9.0226405 ], [ 38.766175, 9.0194163 ], [ 38.7666902, 9.0194705 ], [ 38.7676275, 9.0197284 ], [ 38.7677259, 9.0197702 ], [ 38.7686595, 9.0207369 ], [ 38.7708838, 9.0203264 ], [ 38.7713573, 9.0204686 ], [ 38.7723687, 9.02177 ], [ 38.7717222, 9.0232818 ], [ 38.7722297, 9.0251154 ], [ 38.7734231, 9.0249135 ], [ 38.7739166, 9.0240686 ], [ 38.7763746, 9.0235218 ], [ 38.7766007, 9.0235376 ], [ 38.7782833, 9.0227338 ], [ 38.7791009, 9.0224574 ], [ 38.7796941, 9.0220515 ], [ 38.7799554, 9.0211994 ], [ 38.7800579, 9.019619 ], [ 38.7804623, 9.0179874 ], [ 38.7795994, 9.0155365 ], [ 38.7781044, 9.0145299 ], [ 38.777837, 9.0134105 ], [ 38.7778035, 9.0124771 ], [ 38.7770095, 9.0108942 ], [ 38.7751447, 9.0097636 ], [ 38.7763497, 9.0075451 ], [ 38.7753949, 9.008012 ], [ 38.7736581, 9.0079186 ], [ 38.7740014, 9.0088061 ], [ 38.7725128, 9.0102701 ], [ 38.7732789, 9.0121882 ], [ 38.773148, 9.0145762 ], [ 38.7712012, 9.0155134 ], [ 38.7699102, 9.014068 ], [ 38.7698139, 9.0132732 ], [ 38.7695735, 9.0120323 ], [ 38.769581, 9.011501 ], [ 38.7695029, 9.0107419 ], [ 38.7692515, 9.0104413 ], [ 38.7672657, 9.0106467 ], [ 38.7672256, 9.0115334 ], [ 38.767167, 9.0123421 ], [ 38.7684856, 9.0141974 ], [ 38.7663692, 9.0156361 ], [ 38.766101, 9.0156017 ], [ 38.7654814, 9.0154268 ], [ 38.7649382, 9.0162277 ], [ 38.7631065, 9.0171496 ], [ 38.7629355, 9.0171841 ], [ 38.7623398, 9.017288 ], [ 38.7623666, 9.0174082 ], [ 38.7636571, 9.0176742 ], [ 38.7638895, 9.0199177 ] ] ] } },
{ "type": "Feature", "properties": { "threshold_s": 600, "time_label": "10 min drive" }, "geometry": { "type": "Polygon", "coordinates": [ [ [ 38.7523037, 9.0192633 ], [ 38.754346, 9.0216889 ], [ 38.7546091, 9.0217117 ], [ 38.7555976, 9.0217609 ], [ 38.7600498, 9.0221853 ], [ 38.7602254, 9.0222978 ], [ 38.7614021, 9.0232701 ], [ 38.7616201, 9.0233396 ], [ 38.7650922, 9.0223314 ], [ 38.7673037, 9.0253571 ], [ 38.7664952, 9.0274613 ], [ 38.7635072, 9.0296583 ], [ 38.7635197, 9.0297327 ], [ 38.7637138, 9.0300983 ], [ 38.7668135, 9.0296198 ], [ 38.7696665, 9.0317334 ], [ 38.7725503, 9.0352767 ], [ 38.775312, 9.0329041 ], [ 38.7766302, 9.0325063 ], [ 38.7783575, 9.0319742 ], [ 38.7792177, 9.0312554 ], [ 38.7802271, 9.0305908 ], [ 38.7840727, 9.0293788 ], [ 38.7857026, 9.0282428 ], [ 38.7863276, 9.0246843 ], [ 38.7873243, 9.0235556 ], [ 38.7876648, 9.0232365 ], [ 38.7888875, 9.0215812 ], [ 38.7883827, 9.0212326 ], [ 38.787837, 9.0208872 ], [ 38.786564, 9.019551 ], [ 38.7889022, 9.0159914 ], [ 38.7867309, 9.0126232 ], [ 38.7865018, 9.0107454 ], [ 38.7847403, 9.0066431 ], [ 38.7852859, 9.0045649 ], [ 38.7853398, 9.0043516 ], [ 38.784741, 9.0019017 ], [ 38.7839798, 8.9998376 ], [ 38.7827763, 8.9993254 ], [ 38.7792988, 8.9978577 ], [ 38.7791942, 8.9979054 ], [ 38.7783258, 8.9985267 ], [ 38.7739914, 8.9989883 ], [ 38.7722506, 8.9984578 ], [ 38.770898099999989, 8.9992638 ], [ 38.7706407, 8.9997545 ], [ 38.7675149, 9.0030812 ], [ 38.7647674, 9.0061136 ], [ 38.7632801, 9.0060954 ], [ 38.7627101, 9.0070834 ], [ 38.7588742, 9.0086394 ], [ 38.7576903, 9.0118964 ], [ 38.7585196, 9.0125992 ], [ 38.7555162, 9.0160017 ], [ 38.7526023, 9.0162803 ], [ 38.7518654, 9.0166783 ], [ 38.751575699999989, 9.0171898 ], [ 38.7523037, 9.0192633 ] ] ] } },
{ "type": "Feature", "properties": { "threshold_s": 900, "time_label": "15 min drive" }, "geometry": { "type": "Polygon", "coordinates": [ [ [ 38.7426813, 9.0210971 ], [ 38.7459093, 9.0267541 ], [ 38.7512775, 9.0305243 ], [ 38.7540847, 9.0327214 ], [ 38.7573179, 9.0358262 ], [ 38.7584061, 9.0370047 ], [ 38.760091, 9.0388978 ], [ 38.7654082, 9.0400723 ], [ 38.7678988, 9.0418997 ], [ 38.773845, 9.0443406 ], [ 38.7752145, 9.0440842 ], [ 38.7813319, 9.0400888 ], [ 38.7821976, 9.0400112 ], [ 38.7866579, 9.0379459 ], [ 38.7882839, 9.036338 ], [ 38.7933345, 9.0314512 ], [ 38.7943505, 9.0307929 ], [ 38.7964456, 9.0288702 ], [ 38.7964648, 9.0288238 ], [ 38.7974667, 9.0235442 ], [ 38.7992964, 9.0204626 ], [ 38.7994298, 9.0188571 ], [ 38.7982312, 9.0172209 ], [ 38.7963315, 9.0103532 ], [ 38.7966599, 9.0077434 ], [ 38.795201, 9.0056441 ], [ 38.7946308, 9.0046325 ], [ 38.7941482, 8.9979968 ], [ 38.7943467, 8.9950463 ], [ 38.7918435, 8.9923162 ], [ 38.7917543, 8.9922639 ], [ 38.788291, 8.9915527 ], [ 38.7829238, 8.9893312 ], [ 38.777445299999989, 8.9880264 ], [ 38.7711194, 8.9883651 ], [ 38.7662967, 8.9928308 ], [ 38.7627677, 8.9945858 ], [ 38.7575434, 8.9980193 ], [ 38.7542811, 8.9997419 ], [ 38.7513207, 9.0020037 ], [ 38.7507367, 9.0031157 ], [ 38.7504336, 9.0036879 ], [ 38.7501171, 9.0043078 ], [ 38.7500717, 9.0048308 ], [ 38.7461556, 9.0104021 ], [ 38.7445199, 9.0100214 ], [ 38.7443043, 9.0100188 ], [ 38.7441227, 9.0100953 ], [ 38.7440647, 9.0101702 ], [ 38.7410116, 9.0161342 ], [ 38.7407, 9.0169157 ], [ 38.7426813, 9.0210971 ] ] ] } },
{ "type": "Feature", "properties": { "threshold_s": 300, "time_label": "5 min drive" }, "geometry": { "type": "Polygon", "coordinates": [ [ [ 38.7638895, 9.0199177 ], [ 38.7650922, 9.0223314 ], [ 38.7664473, 9.0226405 ], [ 38.766175, 9.0194163 ], [ 38.7666902, 9.0194705 ], [ 38.7676275, 9.0197284 ], [ 38.7677259, 9.0197702 ], [ 38.7686595, 9.0207369 ], [ 38.7683945, 9.0192425 ], [ 38.7704765, 9.0188531 ], [ 38.7708838, 9.0203264 ], [ 38.7713573, 9.0204686 ], [ 38.7723687, 9.02177 ], [ 38.7717222, 9.0232818 ], [ 38.7707329, 9.0240985 ], [ 38.7735011, 9.024124 ], [ 38.7745991, 9.0233237 ], [ 38.7763746, 9.0235218 ], [ 38.7766007, 9.0235376 ], [ 38.7766472, 9.0235001 ], [ 38.7766447, 9.0232281 ], [ 38.776509, 9.0228451 ], [ 38.7764838, 9.0227621 ], [ 38.7757073, 9.021581 ], [ 38.7766172, 9.0204548 ], [ 38.7776519, 9.0186828 ], [ 38.7777329, 9.0171839 ], [ 38.7767685, 9.0159505 ], [ 38.7759064, 9.0164735 ], [ 38.7741335, 9.0152535 ], [ 38.7732235, 9.0146348 ], [ 38.7742634, 9.0124589 ], [ 38.7743465, 9.0124832 ], [ 38.7756928, 9.012622 ], [ 38.774881, 9.0108722 ], [ 38.7748415, 9.0108268 ], [ 38.7746584, 9.0107774 ], [ 38.7738585, 9.0107737 ], [ 38.7732789, 9.0121882 ], [ 38.773148, 9.0145762 ], [ 38.7712012, 9.0155134 ], [ 38.7699102, 9.014068 ], [ 38.7698139, 9.0132732 ], [ 38.7695735, 9.0120323 ], [ 38.769581, 9.011501 ], [ 38.7695029, 9.0107419 ], [ 38.7692515, 9.0104413 ], [ 38.768797, 9.0113452 ], [ 38.7672256, 9.0115334 ], [ 38.767167, 9.0123421 ], [ 38.7683696, 9.0132238 ], [ 38.7684856, 9.0141974 ], [ 38.7684944, 9.0142876 ], [ 38.7686282, 9.015342 ], [ 38.7674265, 9.0166327 ], [ 38.7663692, 9.0156361 ], [ 38.766101, 9.0156017 ], [ 38.7654814, 9.0154268 ], [ 38.7649382, 9.0162277 ], [ 38.7631065, 9.0171496 ], [ 38.7629355, 9.0171841 ], [ 38.7629595, 9.017323 ], [ 38.7636571, 9.0176742 ], [ 38.7638895, 9.0199177 ] ] ] } },
{ "type": "Feature", "properties": { "threshold_s": 600, "time_label": "10 min drive" }, "geometry": { "type": "Polygon", "coordinates": [ [ [ 38.7631958, 9.029803 ], [ 38.76348, 9.0308291 ], [ 38.7636394, 9.0308323 ], [ 38.7668135, 9.0296198 ], [ 38.7713409, 9.0329295 ], [ 38.7725072, 9.0345694 ], [ 38.7762109, 9.0324478 ], [ 38.7802271, 9.0305908 ], [ 38.7847756, 9.0284891 ], [ 38.7852752, 9.028258 ], [ 38.7872123, 9.0231976 ], [ 38.7876736, 9.021887 ], [ 38.7874637, 9.0209639 ], [ 38.785699, 9.0179732 ], [ 38.7848288, 9.0151578 ], [ 38.7846189, 9.0145445 ], [ 38.7828936, 9.0091551 ], [ 38.781468, 9.0045317 ], [ 38.7816243, 9.0021541 ], [ 38.7772268, 9.0028263 ], [ 38.7727683, 9.0030296 ], [ 38.76827990000001, 9.0036892 ], [ 38.7636775, 9.0067988 ], [ 38.7627101, 9.0070834 ], [ 38.7591779, 9.0112723 ], [ 38.7576903, 9.0118964 ], [ 38.7555162, 9.0160017 ], [ 38.7525413, 9.017134 ], [ 38.752169, 9.0172379 ], [ 38.7555976, 9.0217609 ], [ 38.7602254, 9.0222978 ], [ 38.7614021, 9.0232701 ], [ 38.7616201, 9.0233396 ], [ 38.7650922, 9.0223314 ], [ 38.7673037, 9.0253571 ], [ 38.7664952, 9.0274613 ], [ 38.7633917, 9.0291295 ], [ 38.7631958, 9.029803 ] ] ] } },
{ "type": "Feature", "properties": { "threshold_s": 900, "time_label": "15 min drive" }, "geometry": { "type": "Polygon", "coordinates": [ [ [ 38.7433939, 9.0207669 ], [ 38.7463807, 9.0263647 ], [ 38.7518743, 9.0302856 ], [ 38.7540847, 9.0327214 ], [ 38.7579791, 9.0380662 ], [ 38.7620077, 9.0410376 ], [ 38.7674857, 9.0414061 ], [ 38.7738169, 9.044023 ], [ 38.774515, 9.0434651 ], [ 38.776106, 9.0423418 ], [ 38.7821976, 9.0400112 ], [ 38.7878439, 9.0355234 ], [ 38.7933345, 9.0314512 ], [ 38.7943505, 9.0307929 ], [ 38.7956097, 9.0284567 ], [ 38.7963524, 9.0252368 ], [ 38.7992964, 9.0204626 ], [ 38.797182, 9.0184257 ], [ 38.7945083, 9.014418 ], [ 38.7925181, 9.0080703 ], [ 38.7917389, 9.0056483 ], [ 38.79043, 8.9986976 ], [ 38.790482, 8.9965207 ], [ 38.7891596, 8.9951631 ], [ 38.7886913, 8.9948075 ], [ 38.7830847, 8.9921255 ], [ 38.7816045, 8.9919559 ], [ 38.7748148, 8.9924547 ], [ 38.7737218, 8.9925375 ], [ 38.76639740000001, 8.9933522 ], [ 38.7632901, 8.995034 ], [ 38.7619851, 8.9958804 ], [ 38.7568953, 8.999106 ], [ 38.7546147, 9.0000944 ], [ 38.7510204, 9.0034457 ], [ 38.7503561, 9.0048554 ], [ 38.7461556, 9.0104021 ], [ 38.7440647, 9.0101702 ], [ 38.7410143, 9.0162401 ], [ 38.7433939, 9.0207669 ] ] ] } },
{ "type": "Feature", "properties": { "threshold_s": 300, "time_label": "5 min drive" }, "geometry": { "type": "Polygon", "coordinates": [ [ [ 38.7722297, 9.0251154 ], [ 38.7722787, 9.0259286 ], [ 38.7725207, 9.0260996 ], [ 38.773884, 9.0258131 ], [ 38.7752977, 9.0272166 ], [ 38.7754884, 9.0272635 ], [ 38.7761492, 9.027044 ], [ 38.7778281, 9.0263133 ], [ 38.7781887, 9.0261563 ], [ 38.778014, 9.025166 ], [ 38.7782289, 9.0233603 ], [ 38.7806577, 9.0238498 ], [ 38.7811059, 9.0234327 ], [ 38.7809206, 9.0228037 ], [ 38.7799554, 9.0211994 ], [ 38.7800579, 9.019619 ], [ 38.7804623, 9.0179874 ], [ 38.7798819, 9.0169092 ], [ 38.7795994, 9.0155365 ], [ 38.7781044, 9.0145299 ], [ 38.777837, 9.0134105 ], [ 38.7756928, 9.012622 ], [ 38.774881, 9.0108722 ], [ 38.7747961, 9.0104276 ], [ 38.7738585, 9.0107737 ], [ 38.7732789, 9.0121882 ], [ 38.773148, 9.0145762 ], [ 38.7712012, 9.0155134 ], [ 38.7699102, 9.014068 ], [ 38.7698139, 9.0132732 ], [ 38.7695735, 9.0120323 ], [ 38.7690318, 9.0131385 ], [ 38.7684856, 9.0141974 ], [ 38.7684944, 9.0142876 ], [ 38.7686282, 9.015342 ], [ 38.7674265, 9.0166327 ], [ 38.7659352, 9.0168131 ], [ 38.7681297, 9.0179121 ], [ 38.7666902, 9.0194705 ], [ 38.7686595, 9.0207369 ], [ 38.7708838, 9.0203264 ], [ 38.7713573, 9.0204686 ], [ 38.7723687, 9.02177 ], [ 38.7717222, 9.0232818 ], [ 38.7722297, 9.0251154 ] ] ] } },
{ "type": "Feature", "properties": { "threshold_s": 600, "time_label": "10 min drive" }, "geometry": { "type": "Polygon", "coordinates": [ [ [ 38.7633917, 9.0291295 ], [ 38.7631958, 9.029803 ], [ 38.7637138, 9.0300983 ], [ 38.7684305, 9.0329237 ], [ 38.771258, 9.0349868 ], [ 38.7722643, 9.0352881 ], [ 38.7776228, 9.0351912 ], [ 38.7822897, 9.031888 ], [ 38.783986400000011, 9.0315834 ], [ 38.7845581, 9.0313118 ], [ 38.7859405, 9.0306672 ], [ 38.7867588, 9.0301967 ], [ 38.7884042, 9.0291921 ], [ 38.7884871, 9.0289877 ], [ 38.788861, 9.027759 ], [ 38.7892631, 9.0243172 ], [ 38.7921291, 9.0212226 ], [ 38.7890664, 9.0182611 ], [ 38.787648, 9.0157163 ], [ 38.7872721, 9.0151271 ], [ 38.782751, 9.0114268 ], [ 38.7828936, 9.0091551 ], [ 38.782213, 9.0034965 ], [ 38.7816243, 9.0021541 ], [ 38.7799164, 9.0025541 ], [ 38.7734899, 9.0014308 ], [ 38.7707131, 9.0045185 ], [ 38.7705863, 9.0055165 ], [ 38.7688528, 9.0085028 ], [ 38.7643986, 9.0090118 ], [ 38.7598898, 9.0114568 ], [ 38.7627136, 9.0143638 ], [ 38.7587022, 9.0179263 ], [ 38.7576248, 9.0176281 ], [ 38.755531, 9.0174041 ], [ 38.7554835, 9.0175438 ], [ 38.7564925, 9.0198092 ], [ 38.7600498, 9.0221853 ], [ 38.7602254, 9.0222978 ], [ 38.7605536, 9.0224021 ], [ 38.7645123, 9.0221623 ], [ 38.7664952, 9.0274613 ], [ 38.7633917, 9.0291295 ] ] ] } },
{ "type": "Feature", "properties": { "threshold_s": 900, "time_label": "15 min drive" }, "geometry": { "type": "Polygon", "coordinates": [ [ [ 38.7540847, 9.0327214 ], [ 38.7579791, 9.0380662 ], [ 38.7620077, 9.0410376 ], [ 38.7656056, 9.0433262 ], [ 38.7694638, 9.0449786 ], [ 38.774116, 9.0457377 ], [ 38.7769237, 9.0449919 ], [ 38.7835321, 9.0433722 ], [ 38.7839795, 9.0426594 ], [ 38.788646, 9.0371199 ], [ 38.788999, 9.0366321 ], [ 38.7898711, 9.0353037 ], [ 38.7947311, 9.0312946 ], [ 38.7968678, 9.0306899 ], [ 38.7978825, 9.0305589 ], [ 38.7991979, 9.0286409 ], [ 38.79925630000001, 9.0281698 ], [ 38.8004962, 9.0219356 ], [ 38.802462, 9.0194301 ], [ 38.8018595, 9.0192341 ], [ 38.8014734, 9.019214 ], [ 38.7972575, 9.0171011 ], [ 38.7961516, 9.0125743 ], [ 38.7956285, 9.0113796 ], [ 38.7953645, 9.0109659 ], [ 38.7917389, 9.0056483 ], [ 38.7906855, 8.9993148 ], [ 38.790482, 8.9965207 ], [ 38.7891596, 8.9951631 ], [ 38.7886913, 8.9948075 ], [ 38.7830847, 8.9921255 ], [ 38.7816045, 8.9919559 ], [ 38.7746143, 8.9916626 ], [ 38.7692598, 8.9946288 ], [ 38.7650591, 8.996884 ], [ 38.7643388, 8.9973094 ], [ 38.7585693, 9.0015672 ], [ 38.7573229, 9.0020386 ], [ 38.7544702, 9.0039159 ], [ 38.7534437, 9.0051707 ], [ 38.7482888, 9.0109348 ], [ 38.7472759, 9.012391 ], [ 38.7451623, 9.0154851 ], [ 38.7445388, 9.0164308 ], [ 38.7445414, 9.0165448 ], [ 38.7446581, 9.0167997 ], [ 38.747628, 9.0216931 ], [ 38.748433, 9.0240763 ], [ 38.7523777, 9.0300754 ], [ 38.7540847, 9.0327214 ] ] ] } }
]
}
