{
"type": "FeatureCollection",
"name": "isochrone_shop_convenience_drive",
"crs": { "type": "name", "properties": { "name": "urn:ogc:def:crs:OGC:1.3:CRS84" } },
"features": [
{ "type": "Feature", "properties": { "threshold_s": 300, "time_label": "5 min drive" }, "geometry": { "type": "Polygon", "coordinates": [ [ [ 38.7402526, 9.0209866 ], [ 38.7406991, 9.022627 ], [ 38.7411021, 9.0226793 ], [ 38.742293, 9.022968 ], [ 38.743319, 9.0248296 ], [ 38.7434632, 9.024576 ], [ 38.7440472, 9.0232515 ], [ 38.744300699999989, 9.0223826 ], [ 38.7466739, 9.0231346 ], [ 38.7467381, 9.0231753 ], [ 38.7488745, 9.0229183 ], [ 38.7503751, 9.0212789 ], [ 38.75038, 9.0212209 ], [ 38.7505739, 9.0190794 ], [ 38.750576, 9.0190124 ], [ 38.752169, 9.0172379 ], [ 38.7525227, 9.0172727 ], [ 38.7526258, 9.0172874 ], [ 38.7526404, 9.0171476 ], [ 38.7526934, 9.0162866 ], [ 38.7517117, 9.0142593 ], [ 38.7511398, 9.0136059 ], [ 38.7499394, 9.0114004 ], [ 38.7492433, 9.010403 ], [ 38.7474744, 9.0094571 ], [ 38.7472317, 9.0081935 ], [ 38.7474876, 9.0074185 ], [ 38.7473368, 9.0070462 ], [ 38.7466288, 9.0063086 ], [ 38.7452876, 9.0041799 ], [ 38.7451684, 9.0041722 ], [ 38.7442678, 9.0050185 ], [ 38.7421776, 9.0048644 ], [ 38.7420561, 9.0049155 ], [ 38.742077, 9.0049673 ], [ 38.74219990000001, 9.0049176 ], [ 38.7433631, 9.0074509 ], [ 38.7432431, 9.0074962 ], [ 38.7410089, 9.0086816 ], [ 38.7408923, 9.0088199 ], [ 38.74049, 9.0107113 ], [ 38.7387193, 9.0103826 ], [ 38.7383308, 9.0091723 ], [ 38.7374108, 9.0110446 ], [ 38.7360117, 9.0122933 ], [ 38.7353116, 9.0130591 ], [ 38.7353212, 9.0131622 ], [ 38.7368884, 9.0149586 ], [ 38.7367647, 9.0164284 ], [ 38.7367628, 9.0165193 ], [ 38.7367388, 9.0177357 ], [ 38.7369093, 9.0181657 ], [ 38.7385111, 9.0195157 ], [ 38.7402526, 9.0209866 ] ] ] } },
{ "type": "Feature", "properties": { "threshold_s": 600, "time_label": "10 min drive" }, "geometry": { "type": "Polygon", "coordinates": [ [ [ 38.7362601, 9.0316838 ], [ 38.7367322, 9.0327964 ], [ 38.7417078, 9.0339163 ], [ 38.745682, 9.0328467 ], [ 38.7471559, 9.0325573 ], [ 38.7475825, 9.0323943 ], [ 38.7513957, 9.030474 ], [ 38.7523777, 9.0300754 ], [ 38.7526328, 9.0285574 ], [ 38.757196, 9.0269709 ], [ 38.7577313, 9.0264413 ], [ 38.7605536, 9.0224021 ], [ 38.76068, 9.0184747 ], [ 38.7623666, 9.0174082 ], [ 38.7637032, 9.0172024 ], [ 38.7636993, 9.017064 ], [ 38.7631065, 9.0171496 ], [ 38.7629355, 9.0171841 ], [ 38.7623398, 9.017288 ], [ 38.7587022, 9.0179263 ], [ 38.7586435, 9.0127141 ], [ 38.7593389, 9.0118938 ], [ 38.7601319, 9.011234 ], [ 38.7588742, 9.0086394 ], [ 38.756713499999989, 9.0039448 ], [ 38.7560532, 9.0032045 ], [ 38.7546804, 9.0018889 ], [ 38.7524793, 8.9991933 ], [ 38.751878, 8.9988066 ], [ 38.7509668, 8.998278 ], [ 38.747801699999989, 8.9943885 ], [ 38.7464444, 8.9937992 ], [ 38.7463845, 8.9937738 ], [ 38.744951, 8.9936727 ], [ 38.7437219, 8.9946373 ], [ 38.7385824, 8.994152 ], [ 38.738095199999989, 8.9942698 ], [ 38.7376045, 8.9950873 ], [ 38.7371778, 8.998569 ], [ 38.7372074, 9.0004715 ], [ 38.7330776, 9.0026316 ], [ 38.7329972, 9.0026872 ], [ 38.7310302, 9.0047443 ], [ 38.7287807, 9.0080888 ], [ 38.7264951, 9.0122563 ], [ 38.7258158, 9.0130249 ], [ 38.7258419, 9.0131906 ], [ 38.7260014, 9.0147848 ], [ 38.7255172, 9.019411 ], [ 38.7291402, 9.0222495 ], [ 38.7293668, 9.0224402 ], [ 38.7311787, 9.0234865 ], [ 38.7333459, 9.0264886 ], [ 38.7338157, 9.0272641 ], [ 38.7357143, 9.030525 ], [ 38.7362601, 9.0316838 ] ] ] } },
{ "type": "Feature", "properties": { "threshold_s": 900, "time_label": "15 min drive" }, "geometry": { "type": "Polygon", "coordinates": [ [ [ 38.7165528, 9.0230948 ], [ 38.7179031, 9.0252248 ], [ 38.71952, 9.0266081 ], [ 38.7247685, 9.0304334 ], [ 38.7272032, 9.0340771 ], [ 38.7308251, 9.0380604 ], [ 38.7324902, 9.0398359 ], [ 38.736942, 9.0414868 ], [ 38.7423587, 9.0424788 ], [ 38.74725, 9.0420929 ], [ 38.7486602, 9.0417728 ], [ 38.7556919, 9.0394787 ], [ 38.7555497, 9.0379841 ], [ 38.7550527, 9.0350946 ], [ 38.7617219, 9.031628 ], [ 38.7635072, 9.0296583 ], [ 38.7673037, 9.0253571 ], [ 38.7713573, 9.0204686 ], [ 38.7742102, 9.0174735 ], [ 38.7732789, 9.0121882 ], [ 38.772598, 9.0100844 ], [ 38.7692675, 9.0042938 ], [ 38.7674818, 9.0026334 ], [ 38.7654833, 9.001129 ], [ 38.7595939, 8.9955921 ], [ 38.7596548, 8.9944049 ], [ 38.7560576, 8.9897906 ], [ 38.7499356, 8.9848156 ], [ 38.7469304, 8.9835016 ], [ 38.7391207, 8.9829557 ], [ 38.7352261, 8.9837982 ], [ 38.732616299999989, 8.9851679 ], [ 38.7314361, 8.9869853 ], [ 38.7271369, 8.9932141 ], [ 38.7255468, 8.9955578 ], [ 38.7253797, 8.9978604 ], [ 38.7256919, 8.9982672 ], [ 38.7268985, 8.9991841 ], [ 38.7285474, 9.0064755 ], [ 38.7284978, 9.0065722 ], [ 38.726517, 9.0109459 ], [ 38.7201735, 9.0095651 ], [ 38.7197471, 9.0087074 ], [ 38.7190564, 9.0070821 ], [ 38.7186849, 9.0064457 ], [ 38.7168986, 9.0089339 ], [ 38.7151935, 9.0129759 ], [ 38.7160489, 9.0210002 ], [ 38.7161724, 9.0223006 ], [ 38.7165528, 9.0230948 ] ] ] } },
{ "type": "Feature", "properties": { "threshold_s": 300, "time_label": "5 min drive" }, "geometry": { "type": "Polygon", "coordinates": [ [ [ 38.7815692, 9.0184746 ], [ 38.7821863, 9.0204951 ], [ 38.7822623, 9.0205134 ], [ 38.7823931, 9.0205435 ], [ 38.782671, 9.020079 ], [ 38.782688, 9.0198901 ], [ 38.7827933, 9.0192845 ], [ 38.7829991, 9.0181545 ], [ 38.7838972, 9.0171203 ], [ 38.7857034, 9.0172699 ], [ 38.7868853, 9.018491 ], [ 38.7888092, 9.0179132 ], [ 38.79037610000001, 9.0163806 ], [ 38.79165, 9.0144412 ], [ 38.7919485, 9.0120027 ], [ 38.7924598, 9.0111145 ], [ 38.7936352, 9.0089193 ], [ 38.7933327, 9.0084869 ], [ 38.7918073, 9.0069775 ], [ 38.7913004, 9.006308 ], [ 38.7894034, 9.0046542 ], [ 38.7882641, 9.0032555 ], [ 38.787735, 9.001911 ], [ 38.7867287, 9.0010456 ], [ 38.7859947, 9.0008023 ], [ 38.7844332, 9.0012765 ], [ 38.7842683, 9.0014401 ], [ 38.7831923, 9.0024359 ], [ 38.783091, 9.0025189 ], [ 38.7822103, 9.0030031 ], [ 38.7799352, 9.0026587 ], [ 38.7798272, 9.0026634 ], [ 38.7791347, 9.0046913 ], [ 38.7782481, 9.0051158 ], [ 38.7780823, 9.0053305 ], [ 38.7790846, 9.007266 ], [ 38.7781482, 9.0088664 ], [ 38.7778545, 9.009386 ], [ 38.7776996, 9.0101831 ], [ 38.7778035, 9.0124771 ], [ 38.7792254, 9.0132141 ], [ 38.7793668, 9.0132882 ], [ 38.7812692, 9.0141888 ], [ 38.7818197, 9.0163062 ], [ 38.7813904, 9.0177361 ], [ 38.7814661, 9.0180388 ], [ 38.7815692, 9.0184746 ] ] ] } },
{ "type": "Feature", "properties": { "threshold_s": 600, "time_label": "10 min drive" }, "geometry": { "type": "Polygon", "coordinates": [ [ [ 38.77381, 9.0232764 ], [ 38.7752165, 9.0276289 ], [ 38.7786913, 9.0267849 ], [ 38.7836556, 9.0283014 ], [ 38.7847756, 9.0284891 ], [ 38.7883272, 9.0290683 ], [ 38.7887887, 9.0277963 ], [ 38.7940937, 9.0255635 ], [ 38.795948, 9.0245221 ], [ 38.7970493, 9.0213331 ], [ 38.801438, 9.0192316 ], [ 38.8014734, 9.019214 ], [ 38.8006163, 9.0142076 ], [ 38.8009101, 9.0132402 ], [ 38.8017033, 9.0092955 ], [ 38.8027111, 9.0071769 ], [ 38.8007464, 9.0019057 ], [ 38.7993438, 9.0015425 ], [ 38.7965052, 8.9969379 ], [ 38.7944971, 8.995647 ], [ 38.7913479, 8.9928249 ], [ 38.7887993, 8.9927548 ], [ 38.7852648, 8.9915358 ], [ 38.7830847, 8.9921255 ], [ 38.7785505, 8.9925918 ], [ 38.7779248, 8.992709 ], [ 38.7770092, 8.9949946 ], [ 38.7736869, 8.9994737 ], [ 38.7716421, 9.0009861 ], [ 38.768731, 9.0043466 ], [ 38.7705514, 9.0092813 ], [ 38.7732789, 9.0121882 ], [ 38.773148, 9.0145762 ], [ 38.7732235, 9.0146348 ], [ 38.7790322, 9.0148252 ], [ 38.7766492, 9.0201374 ], [ 38.7739802, 9.0217136 ], [ 38.7739203, 9.0217859 ], [ 38.77381, 9.0232764 ] ] ] } },
{ "type": "Feature", "properties": { "threshold_s": 900, "time_label": "15 min drive" }, "geometry": { "type": "Polygon", "coordinates": [ [ [ 38.7657206, 9.0293019 ], [ 38.7684305, 9.0329237 ], [ 38.771258, 9.0349868 ], [ 38.7722643, 9.0352881 ], [ 38.7778481, 9.0358062 ], [ 38.7797197, 9.0361348 ], [ 38.7847393, 9.0337449 ], [ 38.7855725, 9.0348864 ], [ 38.7864758, 9.0378832 ], [ 38.7866579, 9.0379459 ], [ 38.7894697, 9.0358202 ], [ 38.7898711, 9.0353037 ], [ 38.7913411, 9.0328014 ], [ 38.7947311, 9.0312946 ], [ 38.7988474, 9.0307862 ], [ 38.8011234, 9.0303124 ], [ 38.804107, 9.0285119 ], [ 38.8062763, 9.0238286 ], [ 38.8067482, 9.0234909 ], [ 38.8070353, 9.0231745 ], [ 38.8116207, 9.0198412 ], [ 38.8116947, 9.0198284 ], [ 38.8107117, 9.0149136 ], [ 38.8102475, 9.0114704 ], [ 38.8115716, 9.0067653 ], [ 38.8122217, 9.0038757 ], [ 38.812179, 9.0038137 ], [ 38.8118464, 9.0035839 ], [ 38.8105224, 9.0026899 ], [ 38.8088474, 8.9974101 ], [ 38.8094676, 8.9959788 ], [ 38.8090572, 8.99479 ], [ 38.8084973, 8.9943046 ], [ 38.8068346, 8.9939528 ], [ 38.8057198, 8.9938876 ], [ 38.8050085, 8.9938124 ], [ 38.8045138, 8.9937707 ], [ 38.8040663, 8.9937184 ], [ 38.8037471, 8.9940575 ], [ 38.8026126, 8.9969332 ], [ 38.8004776, 8.9984045 ], [ 38.7965052, 8.9969379 ], [ 38.797341, 8.9927148 ], [ 38.797957, 8.9920335 ], [ 38.7976136, 8.9913002 ], [ 38.7967419, 8.9891166 ], [ 38.7961378, 8.9883409 ], [ 38.791375, 8.9871117 ], [ 38.789819799999989, 8.986366 ], [ 38.788826, 8.985809 ], [ 38.7842988, 8.9845215 ], [ 38.7810382, 8.9833915 ], [ 38.7786342, 8.9830658 ], [ 38.7743, 8.9829862 ], [ 38.7733497, 8.983102 ], [ 38.7729578, 8.9832075 ], [ 38.7715331, 8.9839103 ], [ 38.7711194, 8.9883651 ], [ 38.7700921, 8.9906088 ], [ 38.7665231, 8.9948114 ], [ 38.7637441, 8.9960754 ], [ 38.7633437, 8.9965623 ], [ 38.7609245, 9.000468 ], [ 38.76146, 9.0035082 ], [ 38.7629613, 9.0049758 ], [ 38.7638989, 9.0084046 ], [ 38.7598898, 9.0114568 ], [ 38.7591938, 9.0114719 ], [ 38.759196, 9.0116 ], [ 38.7593389, 9.0118938 ], [ 38.7632994, 9.0143168 ], [ 38.7623398, 9.017288 ], [ 38.7623666, 9.0174082 ], [ 38.7638895, 9.0199177 ], [ 38.7650922, 9.0223314 ], [ 38.7664952, 9.0274613 ], [ 38.7657206, 9.0293019 ] ] ] } },
{ "type": "Feature", "properties": { "threshold_s": 300, "time_label": "5 min drive" }, "geometry": { "type": "Polygon", "coordinates": [ [ [ 38.7780823, 9.0053305 ], [ 38.7785178, 9.006465 ], [ 38.7793355, 9.0069961 ], [ 38.7816411, 9.0083637 ], [ 38.7823498, 9.0091425 ], [ 38.78388, 9.0099154 ], [ 38.7844364, 9.0100156 ], [ 38.7864858, 9.0087789 ], [ 38.7887931, 9.0078893 ], [ 38.7899351, 9.007516 ], [ 38.7917664, 9.0063258 ], [ 38.7917436, 9.0057285 ], [ 38.7917389, 9.0056483 ], [ 38.7894034, 9.0046542 ], [ 38.7892042, 9.0040436 ], [ 38.7882698, 9.0017096 ], [ 38.7897293, 8.9996859 ], [ 38.7906855, 8.9993148 ], [ 38.7913789, 8.9990156 ], [ 38.7920983, 8.9987684 ], [ 38.792624, 8.9985777 ], [ 38.7931544, 8.9983837 ], [ 38.7936291, 8.9982041 ], [ 38.7941482, 8.9979968 ], [ 38.7946719, 8.9978068 ], [ 38.7951352, 8.9973643 ], [ 38.7948523, 8.9966292 ], [ 38.7937435, 8.9959087 ], [ 38.7931524, 8.9954781 ], [ 38.7916283, 8.993625 ], [ 38.7913479, 8.9928249 ], [ 38.7885437, 8.9923131 ], [ 38.7867218, 8.9921765 ], [ 38.7852648, 8.9915358 ], [ 38.783081, 8.9918757 ], [ 38.7821728, 8.9934872 ], [ 38.7807734, 8.9938303 ], [ 38.7805353, 8.9943244 ], [ 38.779685, 8.9965742 ], [ 38.7791942, 8.9979054 ], [ 38.7794906, 8.9991652 ], [ 38.7795597, 9.0006527 ], [ 38.7787355, 9.0030202 ], [ 38.7780823, 9.0053305 ] ] ] } },
{ "type": "Feature", "properties": { "threshold_s": 600, "time_label": "10 min drive" }, "geometry": { "type": "Polygon", "coordinates": [ [ [ 38.7721899, 9.0162346 ], [ 38.7721413, 9.0163029 ], [ 38.7741335, 9.0152535 ], [ 38.776373, 9.0129175 ], [ 38.7792254, 9.0132141 ], [ 38.7793668, 9.0132882 ], [ 38.7819011, 9.0162539 ], [ 38.7813904, 9.0177361 ], [ 38.782435, 9.0193034 ], [ 38.7827933, 9.0192845 ], [ 38.7868626, 9.0185753 ], [ 38.7890664, 9.0182611 ], [ 38.7915556, 9.0156549 ], [ 38.7927188, 9.0152235 ], [ 38.7944908, 9.0146149 ], [ 38.7949421, 9.0145161 ], [ 38.7975274, 9.0125425 ], [ 38.7979901, 9.0118103 ], [ 38.7993051, 9.0096285 ], [ 38.8004418, 9.0071237 ], [ 38.8016061, 9.0039712 ], [ 38.8024677, 9.0009613 ], [ 38.7999904, 9.0004819 ], [ 38.799914, 9.0005241 ], [ 38.7995547, 9.0007236 ], [ 38.7993861, 9.0008269 ], [ 38.7977966, 9.0017538 ], [ 38.7955181, 9.0020965 ], [ 38.7943165, 9.0036151 ], [ 38.7917389, 9.0056483 ], [ 38.7892042, 9.0040436 ], [ 38.7882698, 9.0017096 ], [ 38.7897293, 8.9996859 ], [ 38.7906855, 8.9993148 ], [ 38.7913789, 8.9990156 ], [ 38.7920983, 8.9987684 ], [ 38.792624, 8.9985777 ], [ 38.7931544, 8.9983837 ], [ 38.7936291, 8.9982041 ], [ 38.7941482, 8.9979968 ], [ 38.7946719, 8.9978068 ], [ 38.7965052, 8.9969379 ], [ 38.797341, 8.9927148 ], [ 38.797957, 8.9920335 ], [ 38.7967419, 8.9891166 ], [ 38.7962514, 8.988003 ], [ 38.7920318, 8.9875297 ], [ 38.791375, 8.9871117 ], [ 38.789819799999989, 8.986366 ], [ 38.788826, 8.985809 ], [ 38.7855757, 8.9849273 ], [ 38.7842988, 8.9845215 ], [ 38.7824454, 8.9839019 ], [ 38.7807425, 8.9839147 ], [ 38.779193, 8.9844972 ], [ 38.7773605, 8.9852209 ], [ 38.776481, 8.989139 ], [ 38.7761585, 8.989666 ], [ 38.7760695, 8.9898154 ], [ 38.7734938, 8.9926488 ], [ 38.7734496, 8.993719 ], [ 38.7743488, 8.9956238 ], [ 38.7729631, 8.9990413 ], [ 38.7716421, 9.0009861 ], [ 38.7711, 9.0016644 ], [ 38.7679271, 9.0042908 ], [ 38.7680585, 9.0045594 ], [ 38.7684475, 9.0050954 ], [ 38.7699708, 9.0073954 ], [ 38.7692515, 9.0104413 ], [ 38.7693993, 9.0107478 ], [ 38.7695029, 9.0107419 ], [ 38.7732789, 9.0121882 ], [ 38.773148, 9.0145762 ], [ 38.7721899, 9.0162346 ] ] ] } },
{ "type": "Feature", "properties": { "threshold_s": 900, "time_label": "15 min drive" }, "geometry": { "type": "Polygon", "coordinates": [ [ [ 38.7633195, 9.0193691 ], [ 38.7650922, 9.0223314 ], [ 38.7722297, 9.0251154 ], [ 38.7756414, 9.0271272 ], [ 38.7847756, 9.0284891 ], [ 38.7884042, 9.0291921 ], [ 38.79603, 9.0246455 ], [ 38.8035447, 9.0196294 ], [ 38.8061391, 9.0126899 ], [ 38.8080794, 9.0104469 ], [ 38.8081708, 9.0103281 ], [ 38.8084044, 9.0099647 ], [ 38.8084584, 9.0098803 ], [ 38.8109431, 9.0014762 ], [ 38.810763, 8.9947908 ], [ 38.8097735, 8.9869675 ], [ 38.8035562, 8.9852867 ], [ 38.8021619, 8.9853275 ], [ 38.7996331, 8.9854045 ], [ 38.7971379, 8.9861223 ], [ 38.788826, 8.985809 ], [ 38.7879749, 8.9856538 ], [ 38.7855757, 8.9849273 ], [ 38.7787516, 8.9794447 ], [ 38.7777914, 8.9763594 ], [ 38.7774548, 8.9759568 ], [ 38.7773636, 8.975878 ], [ 38.7697098, 8.9786677 ], [ 38.7690595, 8.9795189 ], [ 38.7650845, 8.9880264 ], [ 38.7619851, 8.9958804 ], [ 38.7601513, 9.0005071 ], [ 38.7603865, 9.003814 ], [ 38.7588792, 9.0116653 ], [ 38.7586435, 9.0127141 ], [ 38.7633195, 9.0193691 ] ] ] } },
{ "type": "Feature", "properties": { "threshold_s": 300, "time_label": "5 min drive" }, "geometry": { "type": "Polygon", "coordinates": [ [ [ 38.7780823, 9.0053305 ], [ 38.7785178, 9.006465 ], [ 38.7793355, 9.0069961 ], [ 38.7816411, 9.0083637 ], [ 38.7823498, 9.0091425 ], [ 38.78388, 9.0099154 ], [ 38.7844364, 9.0100156 ], [ 38.7864858, 9.0087789 ], [ 38.7887931, 9.0078893 ], [ 38.7899351, 9.007516 ], [ 38.7917664, 9.0063258 ], [ 38.7917436, 9.0057285 ], [ 38.7917389, 9.0056483 ], [ 38.7894034, 9.0046542 ], [ 38.7892042, 9.0040436 ], [ 38.7882698, 9.0017096 ], [ 38.7897293, 8.9996859 ], [ 38.7906855, 8.9993148 ], [ 38.7913789, 8.9990156 ], [ 38.7920983, 8.9987684 ], [ 38.792624, 8.9985777 ], [ 38.7931544, 8.9983837 ], [ 38.7936291, 8.9982041 ], [ 38.7941482, 8.9979968 ], [ 38.7946719, 8.9978068 ], [ 38.7951352, 8.9973643 ], [ 38.7948523, 8.9966292 ], [ 38.7935455, 8.9953446 ], [ 38.7916283, 8.993625 ], [ 38.7917543, 8.9922639 ], [ 38.7913479, 8.9928249 ], [ 38.7885437, 8.9923131 ], [ 38.7867218, 8.9921765 ], [ 38.7847861, 8.9907155 ], [ 38.783081, 8.9918757 ], [ 38.7809926, 8.9933249 ], [ 38.7805353, 8.9943244 ], [ 38.779685, 8.9965742 ], [ 38.7791942, 8.9979054 ], [ 38.7794906, 8.9991652 ], [ 38.7795597, 9.0006527 ], [ 38.7787355, 9.0030202 ], [ 38.7780823, 9.0053305 ] ] ] } },
{ "type": "Feature", "properties": { "threshold_s": 600, "time_label": "10 min drive" }, "geometry": { "type": "Polygon", "coordinates": [ [ [ 38.7697094, 9.0103842 ], [ 38.773148, 9.0145762 ], [ 38.7732235, 9.0146348 ], [ 38.7741335, 9.0152535 ], [ 38.7793668, 9.0132882 ], [ 38.7813904, 9.0177361 ], [ 38.7822697, 9.0199832 ], [ 38.7823451, 9.0199957 ], [ 38.7868626, 9.0185753 ], [ 38.7893058, 9.018637 ], [ 38.7925776, 9.0155524 ], [ 38.7949421, 9.0145161 ], [ 38.7978143, 9.0130213 ], [ 38.7993051, 9.0096285 ], [ 38.8004418, 9.0071237 ], [ 38.8019402, 9.0036834 ], [ 38.8024677, 9.0009613 ], [ 38.8004104, 9.0002547 ], [ 38.7965052, 8.9969379 ], [ 38.797341, 8.9927148 ], [ 38.797957, 8.9920335 ], [ 38.7976136, 8.9913002 ], [ 38.7967419, 8.9891166 ], [ 38.7996331, 8.9854045 ], [ 38.7962514, 8.988003 ], [ 38.791375, 8.9871117 ], [ 38.789819799999989, 8.986366 ], [ 38.788826, 8.985809 ], [ 38.7855757, 8.9849273 ], [ 38.7842988, 8.9845215 ], [ 38.7829895, 8.9840922 ], [ 38.7824454, 8.9839019 ], [ 38.7810382, 8.9833915 ], [ 38.778396, 8.984641 ], [ 38.7773605, 8.9852209 ], [ 38.7764753, 8.9868029 ], [ 38.7760695, 8.9898154 ], [ 38.7734938, 8.9926488 ], [ 38.7730194, 8.9957645 ], [ 38.7716421, 9.0009861 ], [ 38.7713341, 9.0014454 ], [ 38.7698957, 9.003069 ], [ 38.7683524, 9.0042097 ], [ 38.7681509, 9.0044184 ], [ 38.7684475, 9.0050954 ], [ 38.7697094, 9.0103842 ] ] ] } },
{ "type": "Feature", "properties": { "threshold_s": 900, "time_label": "15 min drive" }, "geometry": { "type": "Polygon", "coordinates": [ [ [ 38.7633195, 9.0193691 ], [ 38.7650922, 9.0223314 ], [ 38.7664473, 9.0226405 ], [ 38.7754884, 9.0272635 ], [ 38.7847756, 9.0284891 ], [ 38.7884042, 9.0291921 ], [ 38.79603, 9.0246455 ], [ 38.8035447, 9.0196294 ], [ 38.8037421, 9.0189254 ], [ 38.8080794, 9.0104469 ], [ 38.8081708, 9.0103281 ], [ 38.8084044, 9.0099647 ], [ 38.8084584, 9.0098803 ], [ 38.8105237, 9.0032667 ], [ 38.8110608, 9.0014718 ], [ 38.8111387, 8.9963643 ], [ 38.8097735, 8.9869675 ], [ 38.8035562, 8.9852867 ], [ 38.8021619, 8.9853275 ], [ 38.7996331, 8.9854045 ], [ 38.7971379, 8.9861223 ], [ 38.788826, 8.985809 ], [ 38.7879749, 8.9856538 ], [ 38.7855757, 8.9849273 ], [ 38.7787516, 8.9794447 ], [ 38.7777914, 8.9763594 ], [ 38.7774548, 8.9759568 ], [ 38.7773636, 8.975878 ], [ 38.7697098, 8.9786677 ], [ 38.7690595, 8.9795189 ], [ 38.7661423, 8.9840979 ], [ 38.7648658, 8.9881086 ], [ 38.762479, 8.9967163 ], [ 38.7601513, 9.0005071 ], [ 38.7614876, 9.005482 ], [ 38.7591779, 9.0112723 ], [ 38.7588792, 9.0116653 ], [ 38.7633195, 9.0193691 ] ] ] } },
{ "type": "Feature", "properties": { "threshold_s": 300, "time_label": "5 min drive" }, "geometry": { "type": "Polygon", "coordinates": [ [ [ 38.7218685, 8.9986844 ], [ 38.7220337, 8.9992215 ], [ 38.7224929, 8.9990797 ], [ 38.7236724, 8.9987142 ], [ 38.7243548, 8.9985074 ], [ 38.7268985, 8.9991841 ], [ 38.7274674, 8.99912 ], [ 38.7289264, 8.9982376 ], [ 38.7307139, 8.9976947 ], [ 38.7308209, 8.9976433 ], [ 38.7316547, 8.9970266 ], [ 38.7338063, 8.9959675 ], [ 38.7341396, 8.9939366 ], [ 38.733715, 8.9918419 ], [ 38.7341836, 8.9908431 ], [ 38.7335439, 8.9894185 ], [ 38.7328336, 8.9881682 ], [ 38.7322041, 8.9866337 ], [ 38.7311431, 8.985574 ], [ 38.730087, 8.9846804 ], [ 38.7292345, 8.9847701 ], [ 38.7265869, 8.9850391 ], [ 38.7246697, 8.9854612 ], [ 38.7235008, 8.9856657 ], [ 38.7226693, 8.9857573 ], [ 38.7201629, 8.9848828 ], [ 38.7195348, 8.9877642 ], [ 38.719002, 8.9898601 ], [ 38.7188004, 8.9915081 ], [ 38.7188545, 8.9915872 ], [ 38.719617, 8.9928136 ], [ 38.7189523, 8.995207 ], [ 38.7198418, 8.9962632 ], [ 38.722165, 8.9980438 ], [ 38.7218685, 8.9986844 ] ] ] } },
{ "type": "Feature", "properties": { "threshold_s": 600, "time_label": "10 min drive" }, "geometry": { "type": "Polygon", "coordinates": [ [ [ 38.7190919, 9.0068716 ], [ 38.7197143, 9.0079515 ], [ 38.7199702, 9.0042617 ], [ 38.7224929, 8.9990797 ], [ 38.7236724, 8.9987142 ], [ 38.7268985, 8.9991841 ], [ 38.7274674, 8.99912 ], [ 38.730182, 9.0046135 ], [ 38.7292146, 9.0052443 ], [ 38.7285474, 9.0064755 ], [ 38.7284978, 9.0065722 ], [ 38.7308762, 9.0087034 ], [ 38.7316869, 9.0097061 ], [ 38.7343531, 9.0114249 ], [ 38.7370996, 9.0099922 ], [ 38.7385513, 9.0066997 ], [ 38.7406738, 9.0016086 ], [ 38.7410837, 8.9974145 ], [ 38.7423327, 8.9934272 ], [ 38.7426848, 8.9922559 ], [ 38.7422026, 8.9881822 ], [ 38.7418294, 8.985895 ], [ 38.7387921, 8.9816575 ], [ 38.7369105, 8.9810548 ], [ 38.7343044, 8.9793256 ], [ 38.7324017, 8.9766384 ], [ 38.7313138, 8.9771965 ], [ 38.7288472, 8.9786214 ], [ 38.724079, 8.9771595 ], [ 38.7221126, 8.9764849 ], [ 38.7160731, 8.9777578 ], [ 38.7144644, 8.9810443 ], [ 38.7150717, 8.9817318 ], [ 38.7165458, 8.9869257 ], [ 38.7125153, 8.9887289 ], [ 38.7103656, 8.988313 ], [ 38.7110505, 8.9891544 ], [ 38.7136137, 8.9922004 ], [ 38.7158241, 8.994247 ], [ 38.7188513, 8.9979545 ], [ 38.7189357, 9.0001877 ], [ 38.7189773, 9.0029713 ], [ 38.7188894, 9.0059185 ], [ 38.7190919, 9.0068716 ] ] ] } },
{ "type": "Feature", "properties": { "threshold_s": 900, "time_label": "15 min drive" }, "geometry": { "type": "Polygon", "coordinates": [ [ [ 38.7151935, 9.0129759 ], [ 38.7152307, 9.0130989 ], [ 38.718958, 9.0166534 ], [ 38.720787799999989, 9.0176508 ], [ 38.721765, 9.0175557 ], [ 38.7240507, 9.0166573 ], [ 38.7291375, 9.0170706 ], [ 38.732933, 9.0204298 ], [ 38.7334491, 9.021133 ], [ 38.7353696, 9.0225515 ], [ 38.7370634, 9.0215011 ], [ 38.7406046, 9.0190506 ], [ 38.7419034, 9.0163023 ], [ 38.7446581, 9.0133275 ], [ 38.7461139, 9.011589 ], [ 38.7495799, 9.006002 ], [ 38.7508607, 9.0022828 ], [ 38.7506073, 8.9960232 ], [ 38.7516388, 8.9938777 ], [ 38.7511804, 8.9924779 ], [ 38.7507597, 8.986419 ], [ 38.7512666, 8.9842552 ], [ 38.7505975, 8.9838785 ], [ 38.7465075, 8.9786015 ], [ 38.7443585, 8.9744539 ], [ 38.7410492, 8.9731115 ], [ 38.7386957, 8.972108 ], [ 38.7379927, 8.9718926 ], [ 38.7330006, 8.9708765 ], [ 38.7316014, 8.9676645 ], [ 38.7274745, 8.9682764 ], [ 38.7210893, 8.9673608 ], [ 38.7177077, 8.966601 ], [ 38.7174756, 8.9679282 ], [ 38.7137725, 8.9724536 ], [ 38.7078663, 8.9748684 ], [ 38.7072158, 8.9797407 ], [ 38.7021218, 8.9840129 ], [ 38.700637, 8.9836709 ], [ 38.7012382, 8.9867738 ], [ 38.7024385, 8.9908373 ], [ 38.7035546, 8.9937895 ], [ 38.7039147, 8.9940575 ], [ 38.7070558, 8.9967964 ], [ 38.7084322, 8.9973378 ], [ 38.7143733, 9.0001679 ], [ 38.716688, 9.0022051 ], [ 38.7168986, 9.0089339 ], [ 38.7153025, 9.0123922 ], [ 38.7151935, 9.0129759 ] ] ] } },
{ "type": "Feature", "properties": { "threshold_s": 300, "time_label": "5 min drive" }, "geometry": { "type": "Polygon", "coordinates": [ [ [ 38.731895, 9.0356332 ], [ 38.7332976, 9.0374506 ], [ 38.733767, 9.0374744 ], [ 38.7351074, 9.0374949 ], [ 38.7355157, 9.0358326 ], [ 38.7378218, 9.0348811 ], [ 38.7385896, 9.035751 ], [ 38.7403128, 9.0359261 ], [ 38.7424704, 9.0363845 ], [ 38.7427477, 9.0364837 ], [ 38.7439918, 9.0343989 ], [ 38.745832, 9.0344079 ], [ 38.7461888, 9.0344437 ], [ 38.7466615, 9.0344848 ], [ 38.745682, 9.0328467 ], [ 38.7463586, 9.0313885 ], [ 38.7466777, 9.031133 ], [ 38.7465638, 9.0282733 ], [ 38.7465277, 9.0280037 ], [ 38.7459093, 9.0267541 ], [ 38.7456126, 9.0263633 ], [ 38.7450443, 9.0260932 ], [ 38.7449778, 9.0260597 ], [ 38.7440472, 9.0232515 ], [ 38.744300699999989, 9.0223826 ], [ 38.7441473, 9.022135 ], [ 38.7413523, 9.0216627 ], [ 38.7392467, 9.0223117 ], [ 38.7376964, 9.024566 ], [ 38.7360555, 9.0233601 ], [ 38.735892, 9.0230719 ], [ 38.7353951, 9.0222044 ], [ 38.7343536, 9.0216085 ], [ 38.7342042, 9.023068 ], [ 38.7326823, 9.0241522 ], [ 38.7316276, 9.0246997 ], [ 38.729855, 9.0259925 ], [ 38.7285072, 9.0272322 ], [ 38.7271126, 9.0285291 ], [ 38.7283985, 9.0309472 ], [ 38.7287023, 9.0317977 ], [ 38.7304484, 9.0337871 ], [ 38.731895, 9.0356332 ] ] ] } },
{ "type": "Feature", "properties": { "threshold_s": 600, "time_label": "10 min drive" }, "geometry": { "type": "Polygon", "coordinates": [ [ [ 38.7251306, 9.042457 ], [ 38.7259544, 9.0436119 ], [ 38.7280317, 9.044982 ], [ 38.7299032, 9.044407 ], [ 38.7315469, 9.0463294 ], [ 38.7315611, 9.0463647 ], [ 38.7318606, 9.0469547 ], [ 38.7332929, 9.0465587 ], [ 38.7356083, 9.0468011 ], [ 38.7356137, 9.046713 ], [ 38.736129, 9.0447854 ], [ 38.7362547, 9.0439907 ], [ 38.7383373, 9.0423504 ], [ 38.7397933, 9.0438992 ], [ 38.7396852, 9.046166 ], [ 38.739417, 9.0465899 ], [ 38.7411967, 9.0460409 ], [ 38.7431608, 9.045572 ], [ 38.7451544, 9.0450472 ], [ 38.7470017, 9.0454846 ], [ 38.7483059, 9.0449257 ], [ 38.7486606, 9.0444969 ], [ 38.7488323, 9.0438019 ], [ 38.7505575, 9.0409128 ], [ 38.7521131, 9.0406747 ], [ 38.7532904, 9.0400861 ], [ 38.7555497, 9.0379841 ], [ 38.7550527, 9.0350946 ], [ 38.7558521, 9.0318884 ], [ 38.7568262, 9.030107 ], [ 38.7573454, 9.0285605 ], [ 38.7572128, 9.026898 ], [ 38.7555133, 9.0243534 ], [ 38.754346, 9.0216889 ], [ 38.7524126, 9.0191699 ], [ 38.7507568, 9.0169852 ], [ 38.7486963, 9.0152019 ], [ 38.7472262, 9.0143697 ], [ 38.7449046, 9.0130052 ], [ 38.7446872, 9.0118417 ], [ 38.7445783, 9.01184 ], [ 38.7429415, 9.0127486 ], [ 38.741464, 9.0139559 ], [ 38.7404564, 9.0143202 ], [ 38.7378225, 9.0128122 ], [ 38.7376042, 9.0120621 ], [ 38.7375141, 9.0120792 ], [ 38.7363181, 9.0130325 ], [ 38.7344268, 9.0137251 ], [ 38.7330361, 9.0140917 ], [ 38.7314063, 9.0144722 ], [ 38.7286815, 9.0130056 ], [ 38.7275192, 9.0146994 ], [ 38.7266323, 9.0168388 ], [ 38.7248057, 9.0196475 ], [ 38.7227502, 9.0197128 ], [ 38.721577, 9.0201857 ], [ 38.7205224, 9.0210761 ], [ 38.7189397, 9.0228998 ], [ 38.7174535, 9.0250726 ], [ 38.7180614, 9.0259835 ], [ 38.7188726, 9.0274959 ], [ 38.7178816, 9.030309 ], [ 38.7193751, 9.0326579 ], [ 38.7192857, 9.0340778 ], [ 38.7210311, 9.0362692 ], [ 38.7210412, 9.0377367 ], [ 38.7231979, 9.0400331 ], [ 38.7251306, 9.042457 ] ] ] } },
{ "type": "Feature", "properties": { "threshold_s": 900, "time_label": "15 min drive" }, "geometry": { "type": "Polygon", "coordinates": [ [ [ 38.7145257, 9.0452823 ], [ 38.714763499999989, 9.0462647 ], [ 38.7188915, 9.0484049 ], [ 38.7213863, 9.0516727 ], [ 38.7216519, 9.0520151 ], [ 38.7259203, 9.0543392 ], [ 38.7297097, 9.0557703 ], [ 38.7338911, 9.0557098 ], [ 38.7373622, 9.0555475 ], [ 38.7437232, 9.0548816 ], [ 38.7471546, 9.0544738 ], [ 38.7533629, 9.05423 ], [ 38.7557589, 9.0513634 ], [ 38.7580652, 9.0488412 ], [ 38.7614471, 9.0437227 ], [ 38.7634966, 9.0378188 ], [ 38.7632315, 9.0343164 ], [ 38.7654192, 9.0307943 ], [ 38.7625209, 9.0267749 ], [ 38.7616201, 9.0233396 ], [ 38.7623666, 9.0174082 ], [ 38.7623398, 9.017288 ], [ 38.7601319, 9.011234 ], [ 38.7545018, 9.0072532 ], [ 38.7485673, 9.004685 ], [ 38.7469735, 9.0027395 ], [ 38.7456183, 9.0011772 ], [ 38.7454493, 9.0011653 ], [ 38.7406738, 9.0016086 ], [ 38.7405517, 9.0016754 ], [ 38.7359355, 9.0037336 ], [ 38.7325948, 9.0017547 ], [ 38.732501, 9.001813 ], [ 38.730182, 9.0046135 ], [ 38.7284978, 9.0065722 ], [ 38.7287807, 9.0080888 ], [ 38.7286855, 9.0089895 ], [ 38.7225071, 9.0114307 ], [ 38.7206414, 9.0105108 ], [ 38.7191591, 9.0121974 ], [ 38.7171452, 9.0185363 ], [ 38.716879, 9.0190493 ], [ 38.7160489, 9.0210002 ], [ 38.7156287, 9.0220832 ], [ 38.7153381, 9.0230401 ], [ 38.7152763, 9.0236018 ], [ 38.7152353, 9.0242892 ], [ 38.7152166, 9.0245608 ], [ 38.715158, 9.0253611 ], [ 38.7151311, 9.0261072 ], [ 38.7121076, 9.031553 ], [ 38.7106637, 9.0324019 ], [ 38.7097505, 9.0333434 ], [ 38.7102076, 9.0343065 ], [ 38.7124189, 9.0392887 ], [ 38.7145257, 9.0452823 ] ] ] } },
{ "type": "Feature", "properties": { "threshold_s": 300, "time_label": "5 min drive" }, "geometry": { "type": "Polygon", "coordinates": [ [ [ 38.7255694, 8.9736391 ], [ 38.7266952, 8.975401 ], [ 38.727043, 8.975157 ], [ 38.7296868, 8.9752961 ], [ 38.7305717, 8.9746057 ], [ 38.7322075, 8.9738249 ], [ 38.7319924, 8.9736661 ], [ 38.7319405, 8.9736278 ], [ 38.7310847, 8.9722338 ], [ 38.7313365, 8.970098 ], [ 38.7329476, 8.9698573 ], [ 38.7327157, 8.9682691 ], [ 38.7326726, 8.9658718 ], [ 38.7335819, 8.9654407 ], [ 38.7338065, 8.9651427 ], [ 38.7338521, 8.9650684 ], [ 38.7329381, 8.9628062 ], [ 38.7328098, 8.9616034 ], [ 38.7319559, 8.9629638 ], [ 38.7313496, 8.9646863 ], [ 38.729296, 8.9648433 ], [ 38.7274935, 8.9655921 ], [ 38.7267258, 8.9660696 ], [ 38.7264039, 8.966268 ], [ 38.7260745, 8.9664712 ], [ 38.7259297, 8.9677269 ], [ 38.7259041, 8.9701262 ], [ 38.725397, 8.9725041 ], [ 38.7255694, 8.9736391 ] ] ] } },
{ "type": "Feature", "properties": { "threshold_s": 600, "time_label": "10 min drive" }, "geometry": { "type": "Polygon", "coordinates": [ [ [ 38.7189332, 8.9793883 ], [ 38.7197882, 8.9819198 ], [ 38.7223984, 8.9810641 ], [ 38.7230837, 8.980366 ], [ 38.7284709, 8.9799734 ], [ 38.7297273, 8.9815464 ], [ 38.7308031, 8.9825199 ], [ 38.731513, 8.9831718 ], [ 38.7324125, 8.9841916 ], [ 38.737172, 8.9846817 ], [ 38.7377916, 8.9841214 ], [ 38.7400372, 8.9805206 ], [ 38.741234, 8.9774999 ], [ 38.7429767, 8.9727105 ], [ 38.7437968, 8.9708306 ], [ 38.7434813, 8.9705768 ], [ 38.7407647, 8.9696851 ], [ 38.7372129, 8.9662997 ], [ 38.7355458, 8.9629714 ], [ 38.7352396, 8.9611247 ], [ 38.7364709, 8.9560006 ], [ 38.7324205, 8.9523999 ], [ 38.732519, 8.9518222 ], [ 38.7318567, 8.9516713 ], [ 38.7313974, 8.9515806 ], [ 38.731351, 8.9515779 ], [ 38.728762, 8.9552402 ], [ 38.7272777, 8.9556214 ], [ 38.7266015, 8.9562245 ], [ 38.7252751, 8.9582063 ], [ 38.7223414, 8.961928 ], [ 38.7197271, 8.9634522 ], [ 38.7177271, 8.9646476 ], [ 38.7167915, 8.9671129 ], [ 38.7161401, 8.9698102 ], [ 38.7161663, 8.9698765 ], [ 38.7172198, 8.9707216 ], [ 38.7187499, 8.972423 ], [ 38.7190926, 8.9729571 ], [ 38.7195794, 8.9737333 ], [ 38.7206829, 8.9750566 ], [ 38.7189332, 8.9793883 ] ] ] } },
{ "type": "Feature", "properties": { "threshold_s": 900, "time_label": "15 min drive" }, "geometry": { "type": "Polygon", "coordinates": [ [ [ 38.7083882, 8.9834566 ], [ 38.7084384, 8.9835185 ], [ 38.7129021, 8.9832206 ], [ 38.7163385, 8.9880063 ], [ 38.716908, 8.9901293 ], [ 38.7173929, 8.9902075 ], [ 38.7206103, 8.9904456 ], [ 38.7256426, 8.9913092 ], [ 38.7310003, 8.9932659 ], [ 38.7324044, 8.9933938 ], [ 38.7383237, 8.9951094 ], [ 38.7387317, 8.9950244 ], [ 38.7434942, 8.9914052 ], [ 38.7436414, 8.9905094 ], [ 38.7480312, 8.9858545 ], [ 38.7481404, 8.9858067 ], [ 38.7498189, 8.9837713 ], [ 38.751993, 8.9781171 ], [ 38.7523198, 8.9776614 ], [ 38.7513281, 8.9722301 ], [ 38.7518933, 8.9676702 ], [ 38.7502526, 8.965364 ], [ 38.7495841, 8.9609017 ], [ 38.751267, 8.9588528 ], [ 38.750004, 8.9580909 ], [ 38.7499699, 8.9581265 ], [ 38.7490115, 8.9593292 ], [ 38.7457092, 8.9611077 ], [ 38.7404933, 8.9609058 ], [ 38.7364709, 8.9560006 ], [ 38.7401446, 8.9523628 ], [ 38.7408688, 8.9509573 ], [ 38.7413382, 8.9495559 ], [ 38.7411029, 8.9483573 ], [ 38.7407176, 8.9461967 ], [ 38.7404949, 8.9454376 ], [ 38.7402048, 8.9450402 ], [ 38.7381773, 8.9434351 ], [ 38.7347215, 8.9398383 ], [ 38.7339869, 8.9411538 ], [ 38.7335564, 8.9435252 ], [ 38.7277224, 8.9443807 ], [ 38.7268793, 8.943171 ], [ 38.7268514, 8.9431378 ], [ 38.7259931, 8.9444006 ], [ 38.7248986, 8.9464576 ], [ 38.7245779, 8.9472544 ], [ 38.7219747, 8.9512374 ], [ 38.7210804, 8.9522224 ], [ 38.7166151, 8.9555162 ], [ 38.7152314, 8.9554302 ], [ 38.714923, 8.9554041 ], [ 38.7141587, 8.955684 ], [ 38.7133864, 8.9560024 ], [ 38.7116066, 8.9567775 ], [ 38.7097281, 8.9588112 ], [ 38.7103525, 8.9597938 ], [ 38.7097062, 8.9659719 ], [ 38.7076819, 8.9669462 ], [ 38.707656, 8.9670481 ], [ 38.7075467, 8.9675465 ], [ 38.70758270000001, 8.9681555 ], [ 38.7076083, 8.9683257 ], [ 38.7077267, 8.9729875 ], [ 38.705359, 8.9760753 ], [ 38.70553, 8.9764627 ], [ 38.7085328, 8.9816447 ], [ 38.7083544, 8.9828391 ], [ 38.7083882, 8.9834566 ] ] ] } },
{ "type": "Feature", "properties": { "threshold_s": 300, "time_label": "5 min drive" }, "geometry": { "type": "Polygon", "coordinates": [ [ [ 38.7186047, 8.9964866 ], [ 38.7187348, 8.9973036 ], [ 38.7198629, 8.9976416 ], [ 38.7215664, 8.9977019 ], [ 38.7231855, 8.9961529 ], [ 38.7258428, 8.9978506 ], [ 38.7259, 8.9976253 ], [ 38.725977, 8.9973217 ], [ 38.7258931, 8.995587 ], [ 38.7280187, 8.995746 ], [ 38.72987340000001, 8.9963569 ], [ 38.7302594, 8.9977804 ], [ 38.7307139, 8.9976947 ], [ 38.7308209, 8.9976433 ], [ 38.7313315, 8.99621 ], [ 38.7314196, 8.9954826 ], [ 38.7318252, 8.9932542 ], [ 38.7318808, 8.9925817 ], [ 38.7318071, 8.9905608 ], [ 38.7317117, 8.9901464 ], [ 38.7315971, 8.9896491 ], [ 38.7314214, 8.9890822 ], [ 38.7314361, 8.9869853 ], [ 38.7322041, 8.9866337 ], [ 38.7307869, 8.984801 ], [ 38.7293418, 8.9834348 ], [ 38.7286379, 8.9825447 ], [ 38.7261938, 8.982275 ], [ 38.7258008, 8.9824669 ], [ 38.7239528, 8.9834432 ], [ 38.722532, 8.9843766 ], [ 38.7201629, 8.9848828 ], [ 38.7196875, 8.984451 ], [ 38.7192004, 8.9837121 ], [ 38.720497, 8.9813461 ], [ 38.7204511, 8.9811992 ], [ 38.7189652, 8.9832542 ], [ 38.7184726, 8.9834798 ], [ 38.7180908, 8.9841611 ], [ 38.7175691, 8.9863786 ], [ 38.7165458, 8.9869257 ], [ 38.7163385, 8.9880063 ], [ 38.7156765, 8.9901822 ], [ 38.7152301, 8.9902359 ], [ 38.7147622, 8.9902402 ], [ 38.7153791, 8.9911127 ], [ 38.7160403, 8.9927609 ], [ 38.7175484, 8.993658 ], [ 38.7179822, 8.9943634 ], [ 38.7184146, 8.9954572 ], [ 38.7186047, 8.9964866 ] ] ] } },
{ "type": "Feature", "properties": { "threshold_s": 600, "time_label": "10 min drive" }, "geometry": { "type": "Polygon", "coordinates": [ [ [ 38.7190919, 9.0068716 ], [ 38.7197143, 9.0079515 ], [ 38.7199702, 9.0042617 ], [ 38.7236724, 8.9987142 ], [ 38.7268985, 8.9991841 ], [ 38.730182, 9.0046135 ], [ 38.7332501, 9.0077909 ], [ 38.7335569, 9.0078641 ], [ 38.7339185, 9.0079445 ], [ 38.7345904, 9.008057 ], [ 38.7353937, 9.0081127 ], [ 38.7361669, 9.007512 ], [ 38.7378668, 9.0015854 ], [ 38.7392383, 8.9966999 ], [ 38.7401952, 8.9928818 ], [ 38.7399049, 8.9885387 ], [ 38.7393057, 8.9838339 ], [ 38.7391207, 8.9829557 ], [ 38.7387921, 8.9816575 ], [ 38.7360174, 8.9790305 ], [ 38.7324017, 8.9766384 ], [ 38.7261393, 8.9731686 ], [ 38.7246677, 8.9726788 ], [ 38.7203533, 8.9723199 ], [ 38.71943, 8.9727534 ], [ 38.7135418, 8.9763191 ], [ 38.7127013, 8.9783543 ], [ 38.7121798, 8.9807715 ], [ 38.7125681, 8.9826245 ], [ 38.7079881, 8.9867618 ], [ 38.7062938, 8.986216 ], [ 38.7065338, 8.9882529 ], [ 38.7081575, 8.9889898 ], [ 38.7136137, 8.9922004 ], [ 38.7160081, 8.9942339 ], [ 38.7189357, 9.0001877 ], [ 38.7189773, 9.0029713 ], [ 38.7188894, 9.0059185 ], [ 38.7190919, 9.0068716 ] ] ] } },
{ "type": "Feature", "properties": { "threshold_s": 900, "time_label": "15 min drive" }, "geometry": { "type": "Polygon", "coordinates": [ [ [ 38.7151935, 9.0129759 ], [ 38.7152307, 9.0130989 ], [ 38.718958, 9.0166534 ], [ 38.7201279, 9.0170163 ], [ 38.7213909, 9.0172283 ], [ 38.7248513, 9.0158176 ], [ 38.7322897, 9.0170229 ], [ 38.7330361, 9.0177348 ], [ 38.7346511, 9.0189003 ], [ 38.7358386, 9.0187666 ], [ 38.7382597, 9.0172401 ], [ 38.7387877, 9.0168914 ], [ 38.7413128, 9.0133534 ], [ 38.7443043, 9.0100188 ], [ 38.7467113, 9.0053251 ], [ 38.7469735, 9.0027395 ], [ 38.7470486, 9.0019362 ], [ 38.7488863, 8.9945447 ], [ 38.748865, 8.9929325 ], [ 38.7481404, 8.9858067 ], [ 38.7478295, 8.9815568 ], [ 38.7465075, 8.9786015 ], [ 38.7443585, 8.9744539 ], [ 38.7410492, 8.9731115 ], [ 38.7386957, 8.972108 ], [ 38.7379927, 8.9718926 ], [ 38.7319965, 8.9671521 ], [ 38.7306283, 8.9658974 ], [ 38.729296, 8.9648433 ], [ 38.7228772, 8.9640603 ], [ 38.7197271, 8.9634522 ], [ 38.715701, 8.9631998 ], [ 38.7152892, 8.9634099 ], [ 38.7130309, 8.9664154 ], [ 38.7129042, 8.9695476 ], [ 38.7078663, 8.9748684 ], [ 38.7060397, 8.9757687 ], [ 38.7058908, 8.9758363 ], [ 38.705359, 8.9760753 ], [ 38.7040856, 8.976641 ], [ 38.6977675, 8.9818016 ], [ 38.6959225, 8.9824999 ], [ 38.6961552, 8.9838323 ], [ 38.6985261, 8.9898886 ], [ 38.6986447, 8.9920745 ], [ 38.7007071, 8.9969423 ], [ 38.7033812, 8.9983854 ], [ 38.7040351, 8.998691 ], [ 38.7075558, 9.0003983 ], [ 38.7079695, 9.0003838 ], [ 38.7143733, 9.0001679 ], [ 38.716688, 9.0022051 ], [ 38.7168986, 9.0089339 ], [ 38.7151935, 9.0129759 ] ] ] } },
{ "type": "Feature", "properties": { "threshold_s": 300, "time_label": "5 min drive" }, "geometry": { "type": "Polygon", "coordinates": [ [ [ 38.7734496, 8.993719 ], [ 38.7743488, 8.9956238 ], [ 38.7752527, 8.9957331 ], [ 38.7776278, 8.9979624 ], [ 38.777362, 8.9984848 ], [ 38.7779966, 8.9994625 ], [ 38.7788891, 8.9997858 ], [ 38.7809611, 8.999987 ], [ 38.782378, 8.9997652 ], [ 38.783416, 8.9991267 ], [ 38.7839102, 8.9987704 ], [ 38.7849841, 8.9979637 ], [ 38.7855356, 8.9969067 ], [ 38.786585, 8.9945701 ], [ 38.7873682, 8.9940098 ], [ 38.7880334, 8.9933872 ], [ 38.7887993, 8.9927548 ], [ 38.7897353, 8.991741 ], [ 38.7893008, 8.9887511 ], [ 38.7908943, 8.9878711 ], [ 38.7910533, 8.9875467 ], [ 38.7910599, 8.9874849 ], [ 38.7908932, 8.9872382 ], [ 38.7888132, 8.9859297 ], [ 38.7879749, 8.9856538 ], [ 38.7855757, 8.9849273 ], [ 38.7842988, 8.9845215 ], [ 38.7824454, 8.9839019 ], [ 38.7810382, 8.9833915 ], [ 38.7782412, 8.9822022 ], [ 38.7762706, 8.9827382 ], [ 38.7757844, 8.9831065 ], [ 38.7749007, 8.9846708 ], [ 38.7750814, 8.9858083 ], [ 38.7750361, 8.9888151 ], [ 38.7734067, 8.9914327 ], [ 38.7734496, 8.993719 ] ] ] } },
{ "type": "Feature", "properties": { "threshold_s": 600, "time_label": "10 min drive" }, "geometry": { "type": "Polygon", "coordinates": [ [ [ 38.7680585, 9.0045594 ], [ 38.7684475, 9.0050954 ], [ 38.7717075, 9.0049966 ], [ 38.7754892, 9.0093199 ], [ 38.7810637, 9.010816 ], [ 38.7833831, 9.0092518 ], [ 38.7892283, 9.0061657 ], [ 38.7898343, 9.0055715 ], [ 38.7931544, 8.9983837 ], [ 38.7936291, 8.9982041 ], [ 38.7941482, 8.9979968 ], [ 38.7946719, 8.9978068 ], [ 38.7965052, 8.9969379 ], [ 38.797957, 8.9920335 ], [ 38.7996398, 8.9856334 ], [ 38.7996331, 8.9854045 ], [ 38.7962514, 8.988003 ], [ 38.791375, 8.9871117 ], [ 38.789819799999989, 8.986366 ], [ 38.788826, 8.985809 ], [ 38.7880106, 8.9854871 ], [ 38.7855757, 8.9849273 ], [ 38.7842988, 8.9845215 ], [ 38.7787516, 8.9794447 ], [ 38.7777914, 8.9763594 ], [ 38.7756114, 8.9726492 ], [ 38.7751478, 8.9725502 ], [ 38.771116, 8.9759723 ], [ 38.766807300000011, 8.9766861 ], [ 38.7652811, 8.9832833 ], [ 38.7651287, 8.9879443 ], [ 38.7657081, 8.9898585 ], [ 38.7646631, 8.9960887 ], [ 38.7650014, 8.9976644 ], [ 38.7658497, 8.9998495 ], [ 38.7679271, 9.0042908 ], [ 38.7680585, 9.0045594 ] ] ] } },
{ "type": "Feature", "properties": { "threshold_s": 900, "time_label": "15 min drive" }, "geometry": { "type": "Polygon", "coordinates": [ [ [ 38.7590709, 9.0058808 ], [ 38.7594056, 9.011551 ], [ 38.7632994, 9.0143168 ], [ 38.7714391, 9.0195628 ], [ 38.7828895, 9.0215465 ], [ 38.7843028, 9.0202711 ], [ 38.7881178, 9.0171355 ], [ 38.7961516, 9.0125743 ], [ 38.8019364, 9.0054341 ], [ 38.8026295, 9.003978 ], [ 38.8030595, 9.0026741 ], [ 38.8036877, 9.0002622 ], [ 38.8067452, 8.9919282 ], [ 38.8097735, 8.9869675 ], [ 38.8035562, 8.9852867 ], [ 38.8021619, 8.9853275 ], [ 38.7996331, 8.9854045 ], [ 38.7971379, 8.9861223 ], [ 38.7899075, 8.9859732 ], [ 38.7880106, 8.9854871 ], [ 38.7855757, 8.9849273 ], [ 38.7842988, 8.9845215 ], [ 38.7787516, 8.9794447 ], [ 38.7804589, 8.9680504 ], [ 38.7804395, 8.9665631 ], [ 38.7775834, 8.9635925 ], [ 38.7726275, 8.964449 ], [ 38.7652253, 8.9676387 ], [ 38.7609422, 8.9727954 ], [ 38.7556243, 8.9824778 ], [ 38.7564533, 8.9867181 ], [ 38.7556778, 8.9958187 ], [ 38.7560106, 8.9967932 ], [ 38.7590709, 9.0058808 ] ] ] } },
{ "type": "Feature", "properties": { "threshold_s": 300, "time_label": "5 min drive" }, "geometry": { "type": "Polygon", "coordinates": [ [ [ 38.7754273, 9.0227795 ], [ 38.7764432, 9.0256874 ], [ 38.77690290000001, 9.0259574 ], [ 38.7778281, 9.0263133 ], [ 38.7781887, 9.0261563 ], [ 38.7806417, 9.0258586 ], [ 38.7818751, 9.0269915 ], [ 38.7826895, 9.028303 ], [ 38.7836703, 9.0293036 ], [ 38.7859405, 9.0306672 ], [ 38.7860223, 9.0306152 ], [ 38.7867588, 9.0301967 ], [ 38.7895501, 9.0295027 ], [ 38.7905778, 9.0297413 ], [ 38.7916626, 9.0285942 ], [ 38.7926964, 9.0264009 ], [ 38.7935947, 9.0244763 ], [ 38.7939805, 9.0211028 ], [ 38.792846, 9.0197293 ], [ 38.7911232, 9.0175922 ], [ 38.7895982, 9.0173518 ], [ 38.787648, 9.0157163 ], [ 38.7873429, 9.0143333 ], [ 38.7843813, 9.0155425 ], [ 38.7820039, 9.0176052 ], [ 38.7814661, 9.0180388 ], [ 38.7800908, 9.0202484 ], [ 38.7788296, 9.023438 ], [ 38.7778352, 9.0234959 ], [ 38.7764838, 9.0227621 ], [ 38.7754273, 9.0227795 ] ] ] } },
{ "type": "Feature", "properties": { "threshold_s": 600, "time_label": "10 min drive" }, "geometry": { "type": "Polygon", "coordinates": [ [ [ 38.7660695, 9.0292297 ], [ 38.7657206, 9.0293019 ], [ 38.7661201, 9.0294042 ], [ 38.7696665, 9.0317334 ], [ 38.7713409, 9.0329295 ], [ 38.7725503, 9.0352767 ], [ 38.775612, 9.0350012 ], [ 38.7769088, 9.0365309 ], [ 38.7802756, 9.0377758 ], [ 38.7817703, 9.0374467 ], [ 38.7812806, 9.0371532 ], [ 38.7817318, 9.0329631 ], [ 38.7847393, 9.0337449 ], [ 38.7855725, 9.0348864 ], [ 38.7859775, 9.0355527 ], [ 38.7864496, 9.0365592 ], [ 38.7864758, 9.0378832 ], [ 38.7866579, 9.0379459 ], [ 38.7884075, 9.037232 ], [ 38.788646, 9.0371199 ], [ 38.788999, 9.0366321 ], [ 38.7898711, 9.0353037 ], [ 38.7913411, 9.0328014 ], [ 38.7947311, 9.0312946 ], [ 38.7988474, 9.0307862 ], [ 38.8011234, 9.0303124 ], [ 38.8022468, 9.0290022 ], [ 38.8022679, 9.0289403 ], [ 38.8020118, 9.0282786 ], [ 38.799208, 9.0254482 ], [ 38.8006361, 9.0234734 ], [ 38.8025061, 9.0215206 ], [ 38.8045576, 9.0198433 ], [ 38.8038278, 9.0181359 ], [ 38.8025814, 9.0160673 ], [ 38.8020795, 9.0161437 ], [ 38.8012821, 9.0163717 ], [ 38.7982519, 9.0175347 ], [ 38.7972575, 9.0171011 ], [ 38.7961444, 9.0141103 ], [ 38.7975274, 9.0125425 ], [ 38.7973108, 9.012178 ], [ 38.797051, 9.0117309 ], [ 38.7966076, 9.0109225 ], [ 38.7963315, 9.0103532 ], [ 38.7945519, 9.0087038 ], [ 38.7917436, 9.0057285 ], [ 38.7892042, 9.0040436 ], [ 38.788482, 9.003886 ], [ 38.7872382, 9.0048582 ], [ 38.7862272, 9.0054819 ], [ 38.7855855, 9.0058604 ], [ 38.7841301, 9.0065027 ], [ 38.7801379, 9.0069719 ], [ 38.7792465, 9.0078259 ], [ 38.7781482, 9.0088664 ], [ 38.7746289, 9.010785 ], [ 38.7745133, 9.0110996 ], [ 38.7744038, 9.0122967 ], [ 38.773148, 9.0145762 ], [ 38.7699102, 9.014068 ], [ 38.7698167, 9.0140801 ], [ 38.7686489, 9.0154598 ], [ 38.7682007, 9.0165141 ], [ 38.766175, 9.0194163 ], [ 38.7664473, 9.0226405 ], [ 38.7686595, 9.0207369 ], [ 38.7707329, 9.0240985 ], [ 38.7696171, 9.026581 ], [ 38.7673563, 9.028805 ], [ 38.7660695, 9.0292297 ] ] ] } },
{ "type": "Feature", "properties": { "threshold_s": 900, "time_label": "15 min drive" }, "geometry": { "type": "Polygon", "coordinates": [ [ [ 38.7559373, 9.0307996 ], [ 38.7580195, 9.0345421 ], [ 38.7589817, 9.0353307 ], [ 38.7625, 9.0377761 ], [ 38.7678988, 9.0418997 ], [ 38.7733985, 9.0448605 ], [ 38.7813693, 9.0468437 ], [ 38.7858018, 9.0466865 ], [ 38.7866463, 9.0460558 ], [ 38.7888638, 9.0443872 ], [ 38.7883687, 9.0411166 ], [ 38.7898711, 9.0353037 ], [ 38.7947311, 9.0312946 ], [ 38.7997189, 9.0335465 ], [ 38.8042312, 9.0365115 ], [ 38.8116564, 9.0325841 ], [ 38.809383, 9.0265432 ], [ 38.8119006, 9.0226128 ], [ 38.8136935, 9.0215161 ], [ 38.8137814, 9.0214542 ], [ 38.8136597, 9.0207658 ], [ 38.8117229, 9.0129526 ], [ 38.8096198, 9.0082847 ], [ 38.8070616, 9.0064311 ], [ 38.8009721, 9.0010625 ], [ 38.7951352, 8.9973643 ], [ 38.7899619, 8.994329 ], [ 38.784849, 8.9933918 ], [ 38.7785756, 8.9959215 ], [ 38.7781307, 8.9965431 ], [ 38.7727683, 9.0030296 ], [ 38.7715399, 9.004392 ], [ 38.771041, 9.0056867 ], [ 38.7672577, 9.0104737 ], [ 38.7629096, 9.0108249 ], [ 38.7626954, 9.0108388 ], [ 38.76206, 9.0111118 ], [ 38.7576248, 9.0176281 ], [ 38.7570594, 9.0187168 ], [ 38.7572128, 9.026898 ], [ 38.75534, 9.028952 ], [ 38.7559373, 9.0307996 ] ] ] } },
{ "type": "Feature", "properties": { "threshold_s": 300, "time_label": "5 min drive" }, "geometry": { "type": "Polygon", "coordinates": [ [ [ 38.7814606, 9.0122943 ], [ 38.7816516, 9.0130261 ], [ 38.7834306, 9.0142537 ], [ 38.7834729, 9.0142678 ], [ 38.7845609, 9.0137358 ], [ 38.7858867, 9.0131612 ], [ 38.7876132, 9.0128368 ], [ 38.7891837, 9.0116524 ], [ 38.7896806, 9.0113171 ], [ 38.7904845, 9.0105537 ], [ 38.7919494, 9.0097737 ], [ 38.7938008, 9.0089054 ], [ 38.7933327, 9.0084869 ], [ 38.7925181, 9.0080703 ], [ 38.7918073, 9.0069775 ], [ 38.7917664, 9.0063258 ], [ 38.7938163, 9.0055765 ], [ 38.7942706, 9.0060773 ], [ 38.795201, 9.0056441 ], [ 38.7959238, 9.0052582 ], [ 38.7964684, 9.0039858 ], [ 38.7964382, 9.0039085 ], [ 38.7946308, 9.0046325 ], [ 38.7937877, 9.0050546 ], [ 38.7936953, 9.0050935 ], [ 38.7917389, 9.0056483 ], [ 38.7898343, 9.0055715 ], [ 38.7894034, 9.0046542 ], [ 38.7892042, 9.0040436 ], [ 38.7882641, 9.0032555 ], [ 38.7882698, 9.0017096 ], [ 38.7889105, 9.0000486 ], [ 38.7897293, 8.9996859 ], [ 38.7906855, 8.9993148 ], [ 38.7913789, 8.9990156 ], [ 38.7920983, 8.9987684 ], [ 38.792624, 8.9985777 ], [ 38.7931544, 8.9983837 ], [ 38.7916964, 8.997649 ], [ 38.79043, 8.9986976 ], [ 38.7894879, 8.9990878 ], [ 38.7886674, 8.9994336 ], [ 38.7873295, 8.9978484 ], [ 38.788114299999989, 8.9962622 ], [ 38.788413, 8.9959625 ], [ 38.7866273, 8.9961126 ], [ 38.7854666, 8.9953642 ], [ 38.7837104, 8.996249 ], [ 38.7831216, 8.9974816 ], [ 38.7819173, 8.9988803 ], [ 38.7816457, 8.9992002 ], [ 38.7812856, 8.9996232 ], [ 38.7795597, 9.0006527 ], [ 38.7792411, 9.0026554 ], [ 38.7787355, 9.0030202 ], [ 38.7782481, 9.0051158 ], [ 38.7780823, 9.0053305 ], [ 38.7785178, 9.006465 ], [ 38.7790943, 9.0080133 ], [ 38.7789505, 9.008678 ], [ 38.7792251, 9.009369 ], [ 38.7794962, 9.009833 ], [ 38.7796241, 9.0100486 ], [ 38.7810649, 9.011236 ], [ 38.781424, 9.0121573 ], [ 38.7814606, 9.0122943 ] ] ] } },
{ "type": "Feature", "properties": { "threshold_s": 600, "time_label": "10 min drive" }, "geometry": { "type": "Polygon", "coordinates": [ [ [ 38.773148, 9.0145762 ], [ 38.7720471, 9.0162575 ], [ 38.7721413, 9.0163029 ], [ 38.7741335, 9.0152535 ], [ 38.776373, 9.0129175 ], [ 38.7794376, 9.0144829 ], [ 38.7807383, 9.0166185 ], [ 38.7803991, 9.020821 ], [ 38.780626, 9.0234549 ], [ 38.7807673, 9.0234956 ], [ 38.7811059, 9.0234327 ], [ 38.7828895, 9.0215465 ], [ 38.7854865, 9.0225353 ], [ 38.7862517, 9.023429 ], [ 38.7899598, 9.0213922 ], [ 38.7921291, 9.0212226 ], [ 38.792273, 9.0207424 ], [ 38.7953428, 9.0176745 ], [ 38.7981673, 9.0165 ], [ 38.8006163, 9.0142076 ], [ 38.8009101, 9.0132402 ], [ 38.8010811, 9.011184 ], [ 38.8035621, 9.0081352 ], [ 38.804171599999989, 9.0040571 ], [ 38.8050475, 9.0035139 ], [ 38.8052327, 9.0033919 ], [ 38.806023, 8.9999586 ], [ 38.8057964, 8.9980584 ], [ 38.8034011, 8.9988843 ], [ 38.8012956, 8.9984883 ], [ 38.8004776, 8.9984045 ], [ 38.7965052, 8.9969379 ], [ 38.7956395, 8.9945489 ], [ 38.7953449, 8.9913077 ], [ 38.7942992, 8.9887271 ], [ 38.7916494, 8.988039 ], [ 38.7886316, 8.987331 ], [ 38.7858793, 8.9879902 ], [ 38.7838559, 8.9877536 ], [ 38.780833, 8.9883192 ], [ 38.7779312, 8.9897209 ], [ 38.7766295, 8.9930188 ], [ 38.7748685, 8.9939269 ], [ 38.774816199999989, 8.9941075 ], [ 38.7770092, 8.9949946 ], [ 38.7776278, 8.9979624 ], [ 38.7739914, 8.9989883 ], [ 38.7729631, 8.9990413 ], [ 38.7716421, 9.0009861 ], [ 38.7711, 9.0016644 ], [ 38.7679328, 9.0040963 ], [ 38.7679271, 9.0042908 ], [ 38.7680585, 9.0045594 ], [ 38.7686704, 9.0056819 ], [ 38.7699708, 9.0073954 ], [ 38.7692515, 9.0104413 ], [ 38.7693993, 9.0107478 ], [ 38.7695029, 9.0107419 ], [ 38.7732789, 9.0121882 ], [ 38.773148, 9.0145762 ] ] ] } },
{ "type": "Feature", "properties": { "threshold_s": 900, "time_label": "15 min drive" }, "geometry": { "type": "Polygon", "coordinates": [ [ [ 38.7633195, 9.0193691 ], [ 38.7650922, 9.0223314 ], [ 38.7664473, 9.0226405 ], [ 38.7707329, 9.0240985 ], [ 38.7717946, 9.0280784 ], [ 38.7738375, 9.030361 ], [ 38.7741301, 9.0305373 ], [ 38.7761426, 9.0292092 ], [ 38.7821767, 9.0308299 ], [ 38.7826556, 9.031201 ], [ 38.783986400000011, 9.0315834 ], [ 38.7845581, 9.0313118 ], [ 38.7918447, 9.0297488 ], [ 38.7981611, 9.0287943 ], [ 38.8023851, 9.0230082 ], [ 38.8083148, 9.0203995 ], [ 38.8107811, 9.013385 ], [ 38.8123052, 9.0114074 ], [ 38.8130155, 9.0061669 ], [ 38.8150748, 9.0021567 ], [ 38.8152157, 8.9950284 ], [ 38.815386599999989, 8.9941664 ], [ 38.8116965, 8.9905701 ], [ 38.80954, 8.9893398 ], [ 38.8035562, 8.9852867 ], [ 38.8021619, 8.9853275 ], [ 38.7996331, 8.9854045 ], [ 38.7971379, 8.9861223 ], [ 38.789819799999989, 8.986366 ], [ 38.788826, 8.985809 ], [ 38.7855757, 8.9849273 ], [ 38.7842988, 8.9845215 ], [ 38.7787516, 8.9794447 ], [ 38.7733878, 8.9804854 ], [ 38.7709102, 8.9816138 ], [ 38.7689877, 8.9865387 ], [ 38.7673199, 8.9905863 ], [ 38.7619851, 8.9958804 ], [ 38.7601513, 9.0005071 ], [ 38.7603865, 9.003814 ], [ 38.7591779, 9.0112723 ], [ 38.7588792, 9.0116653 ], [ 38.7585196, 9.0125992 ], [ 38.7586435, 9.0127141 ], [ 38.7623666, 9.0174082 ], [ 38.7633195, 9.0193691 ] ] ] } },
{ "type": "Feature", "properties": { "threshold_s": 300, "time_label": "5 min drive" }, "geometry": { "type": "Polygon", "coordinates": [ [ [ 38.8044852, 9.0237991 ], [ 38.805028, 9.0243516 ], [ 38.8055473, 9.0248504 ], [ 38.8069633, 9.0250958 ], [ 38.8092436, 9.0249536 ], [ 38.8129946, 9.0250146 ], [ 38.8140818, 9.0259528 ], [ 38.8163433, 9.0259836 ], [ 38.8193351, 9.0247139 ], [ 38.8203388, 9.0240147 ], [ 38.8191282, 9.0218749 ], [ 38.8189331, 9.0215822 ], [ 38.818579, 9.0211651 ], [ 38.8184792, 9.0210654 ], [ 38.8169497, 9.0197374 ], [ 38.813209, 9.0199514 ], [ 38.811567599999989, 9.0200756 ], [ 38.811054, 9.0201534 ], [ 38.8096449, 9.0204194 ], [ 38.8078818, 9.0205801 ], [ 38.8033505, 9.0198616 ], [ 38.8018595, 9.0192341 ], [ 38.8014734, 9.019214 ], [ 38.801438, 9.0192316 ], [ 38.8012379, 9.0196774 ], [ 38.8012768, 9.0197874 ], [ 38.8013447, 9.0198825 ], [ 38.8016899, 9.0200113 ], [ 38.8044395, 9.0234404 ], [ 38.8044852, 9.0237991 ] ] ] } },
{ "type": "Feature", "properties": { "threshold_s": 600, "time_label": "10 min drive" }, "geometry": { "type": "Polygon", "coordinates": [ [ [ 38.7915962, 9.0236683 ], [ 38.7939784, 9.0269826 ], [ 38.7956288, 9.0280379 ], [ 38.7976876, 9.0279326 ], [ 38.7977608, 9.0279318 ], [ 38.8018846, 9.028053 ], [ 38.8048161, 9.0292985 ], [ 38.8055684, 9.0283197 ], [ 38.8075975, 9.0272945 ], [ 38.809383, 9.0265432 ], [ 38.8143496, 9.0279621 ], [ 38.8144997, 9.0290358 ], [ 38.8144722, 9.0294405 ], [ 38.8116564, 9.0325841 ], [ 38.8167679, 9.0323597 ], [ 38.8175692, 9.0321343 ], [ 38.82228520000001, 9.033648 ], [ 38.8245369, 9.0342374 ], [ 38.8249282, 9.0291742 ], [ 38.8281022, 9.0285546 ], [ 38.8286482, 9.0286809 ], [ 38.8301574, 9.0278692 ], [ 38.8309072, 9.0275316 ], [ 38.8309401, 9.0274559 ], [ 38.8307081, 9.0257045 ], [ 38.8299201, 9.0249443 ], [ 38.8268289, 9.0218945 ], [ 38.8260465, 9.0197698 ], [ 38.8228849, 9.0172726 ], [ 38.8203191, 9.0156565 ], [ 38.8174128, 9.0151084 ], [ 38.8149607, 9.0141972 ], [ 38.8099253, 9.0141804 ], [ 38.8077063, 9.0111581 ], [ 38.8035896, 9.0087763 ], [ 38.7990177, 9.0090624 ], [ 38.797051, 9.0117309 ], [ 38.7965579, 9.0132523 ], [ 38.7937514, 9.0173155 ], [ 38.7925888, 9.0170411 ], [ 38.7921221, 9.0169416 ], [ 38.7917798, 9.0168777 ], [ 38.7907635, 9.0166364 ], [ 38.7902737, 9.0165384 ], [ 38.7890268, 9.0216181 ], [ 38.7915962, 9.0236683 ] ] ] } },
{ "type": "Feature", "properties": { "threshold_s": 900, "time_label": "15 min drive" }, "geometry": { "type": "Polygon", "coordinates": [ [ [ 38.7834075, 9.0320275 ], [ 38.7834835, 9.0321406 ], [ 38.7913411, 9.0328014 ], [ 38.7947311, 9.0312946 ], [ 38.7988474, 9.0307862 ], [ 38.805898, 9.0343795 ], [ 38.8157836, 9.0387644 ], [ 38.8170342, 9.0393518 ], [ 38.8180263, 9.0396622 ], [ 38.8210494, 9.0403899 ], [ 38.821827, 9.0405185 ], [ 38.8311864, 9.0412218 ], [ 38.8328675, 9.0395465 ], [ 38.8348367, 9.037034 ], [ 38.8411669, 9.0314711 ], [ 38.8412755, 9.0312517 ], [ 38.841042, 9.0284773 ], [ 38.8387245, 9.0216508 ], [ 38.8322389, 9.0134539 ], [ 38.83144, 9.0124657 ], [ 38.8281197, 9.0087531 ], [ 38.8273747, 9.008171 ], [ 38.8271709, 9.0080193 ], [ 38.8257694, 9.0076034 ], [ 38.819599, 9.0063404 ], [ 38.8134083, 9.0029714 ], [ 38.8122103, 9.0020663 ], [ 38.8036877, 9.0002622 ], [ 38.79983, 8.9993158 ], [ 38.7991837, 8.9991818 ], [ 38.7955181, 9.0020965 ], [ 38.7901946, 9.0062781 ], [ 38.7833941, 9.0104441 ], [ 38.7790322, 9.0148252 ], [ 38.7787771, 9.0234759 ], [ 38.7834075, 9.0320275 ] ] ] } },
{ "type": "Feature", "properties": { "threshold_s": 300, "time_label": "5 min drive" }, "geometry": { "type": "Polygon", "coordinates": [ [ [ 38.7476843, 9.0378059 ], [ 38.749723, 9.0405922 ], [ 38.7504473, 9.0408737 ], [ 38.7539475, 9.0434217 ], [ 38.7565811, 9.0429639 ], [ 38.7565413, 9.0397014 ], [ 38.7582831, 9.0359975 ], [ 38.7549, 9.0340673 ], [ 38.7553975, 9.0323865 ], [ 38.7558521, 9.0318884 ], [ 38.7568262, 9.030107 ], [ 38.7611244, 9.0293966 ], [ 38.7611664, 9.0293214 ], [ 38.75778, 9.0271259 ], [ 38.7572955, 9.0263761 ], [ 38.7549855, 9.028112 ], [ 38.7519917, 9.0274854 ], [ 38.7499949, 9.029861 ], [ 38.7472213, 9.032079 ], [ 38.7469049, 9.0323628 ], [ 38.7466228, 9.0361155 ], [ 38.7476843, 9.0378059 ] ] ] } },
{ "type": "Feature", "properties": { "threshold_s": 600, "time_label": "10 min drive" }, "geometry": { "type": "Polygon", "coordinates": [ [ [ 38.7419115, 9.0474839 ], [ 38.7444052, 9.051129 ], [ 38.7488178, 9.0510707 ], [ 38.75223, 9.0520392 ], [ 38.7571361, 9.053727 ], [ 38.7588172, 9.0531482 ], [ 38.760117, 9.0523689 ], [ 38.7619097, 9.0490886 ], [ 38.7652703, 9.0454849 ], [ 38.7674857, 9.0414061 ], [ 38.7683929, 9.0391379 ], [ 38.7678545, 9.036653 ], [ 38.7684305, 9.0329237 ], [ 38.7683848, 9.0328415 ], [ 38.7664014, 9.0314507 ], [ 38.7654192, 9.0307943 ], [ 38.7625209, 9.0267749 ], [ 38.7616201, 9.0233396 ], [ 38.7605536, 9.0224021 ], [ 38.7587022, 9.0179263 ], [ 38.7576248, 9.0176281 ], [ 38.7525413, 9.017134 ], [ 38.7520763, 9.0170797 ], [ 38.750576, 9.0190124 ], [ 38.7475502, 9.0209719 ], [ 38.7439453, 9.0231991 ], [ 38.7422602, 9.0234475 ], [ 38.7406696, 9.0235369 ], [ 38.7392686, 9.0241587 ], [ 38.7382249, 9.0250091 ], [ 38.7380542, 9.0253051 ], [ 38.7379664, 9.0259409 ], [ 38.7375489, 9.0298709 ], [ 38.7366399, 9.0346148 ], [ 38.7378842, 9.0374214 ], [ 38.7374323, 9.0403624 ], [ 38.736942, 9.0414868 ], [ 38.7401949, 9.0448091 ], [ 38.7419115, 9.0474839 ] ] ] } },
{ "type": "Feature", "properties": { "threshold_s": 900, "time_label": "15 min drive" }, "geometry": { "type": "Polygon", "coordinates": [ [ [ 38.7372496, 9.0588633 ], [ 38.7373013, 9.059816 ], [ 38.7389565, 9.0600866 ], [ 38.739958, 9.0602444 ], [ 38.7438841, 9.0616172 ], [ 38.7482351, 9.0622092 ], [ 38.7515164, 9.0626236 ], [ 38.7561051, 9.0626177 ], [ 38.7573305, 9.0625583 ], [ 38.7614301, 9.0632064 ], [ 38.763287, 9.0615477 ], [ 38.762187, 9.059408 ], [ 38.7658428, 9.0577181 ], [ 38.7680711, 9.0582347 ], [ 38.7680342, 9.0562984 ], [ 38.7676134, 9.0550313 ], [ 38.7710611, 9.052157 ], [ 38.772083, 9.0535098 ], [ 38.772142, 9.0534494 ], [ 38.7739502, 9.0513606 ], [ 38.7743813, 9.0493544 ], [ 38.7743943, 9.049238 ], [ 38.774861, 9.0464728 ], [ 38.7753446, 9.0443806 ], [ 38.775777, 9.0422005 ], [ 38.7758314, 9.0408513 ], [ 38.7791536, 9.0381632 ], [ 38.7779067, 9.0359559 ], [ 38.7778481, 9.0358062 ], [ 38.7774831, 9.0344885 ], [ 38.7778365, 9.0308877 ], [ 38.777492, 9.0307413 ], [ 38.7754401, 9.0268163 ], [ 38.7752508, 9.0269569 ], [ 38.7722482, 9.0279523 ], [ 38.7717946, 9.0280784 ], [ 38.7706975, 9.0282685 ], [ 38.7686882, 9.0283996 ], [ 38.767701, 9.0287114 ], [ 38.7673563, 9.028805 ], [ 38.7660695, 9.0292297 ], [ 38.7625209, 9.0267749 ], [ 38.7624111, 9.0266163 ], [ 38.7616201, 9.0233396 ], [ 38.7645123, 9.0221623 ], [ 38.7650922, 9.0223314 ], [ 38.7664473, 9.0226405 ], [ 38.7677974, 9.0236685 ], [ 38.7681837, 9.0238363 ], [ 38.7686595, 9.0207369 ], [ 38.7702868, 9.017711 ], [ 38.7693626, 9.0163824 ], [ 38.7686489, 9.0154598 ], [ 38.7663692, 9.0156361 ], [ 38.7654814, 9.0154268 ], [ 38.7632994, 9.0143168 ], [ 38.7629096, 9.0108249 ], [ 38.7588742, 9.0086394 ], [ 38.7550777, 9.0071838 ], [ 38.7543417, 9.0064809 ], [ 38.7533936, 9.0073993 ], [ 38.7535663, 9.009591 ], [ 38.7499394, 9.0114004 ], [ 38.7498135, 9.0113847 ], [ 38.7482888, 9.0109348 ], [ 38.7476673, 9.0105487 ], [ 38.7462365, 9.010408 ], [ 38.7461556, 9.0104021 ], [ 38.7441227, 9.0100953 ], [ 38.7440647, 9.0101702 ], [ 38.7429415, 9.0127486 ], [ 38.7415333, 9.0144877 ], [ 38.737954, 9.0147467 ], [ 38.7378735, 9.014756 ], [ 38.7375657, 9.0148063 ], [ 38.7371425, 9.0149229 ], [ 38.7338799, 9.0168248 ], [ 38.730612, 9.017195 ], [ 38.7288346, 9.020217 ], [ 38.7289571, 9.0207706 ], [ 38.7291982, 9.0211728 ], [ 38.7300226, 9.0221965 ], [ 38.7291294, 9.0258799 ], [ 38.7286166, 9.0265256 ], [ 38.7262132, 9.0283892 ], [ 38.7273431, 9.0308044 ], [ 38.7249019, 9.0339276 ], [ 38.7244952, 9.0344387 ], [ 38.727245, 9.0375613 ], [ 38.7275704, 9.0403259 ], [ 38.7274041, 9.0412133 ], [ 38.7276385, 9.0441208 ], [ 38.7280317, 9.044982 ], [ 38.7317687, 9.047415 ], [ 38.7316745, 9.0497234 ], [ 38.7323945, 9.0520451 ], [ 38.733463, 9.0529987 ], [ 38.735359, 9.0542481 ], [ 38.7365559, 9.0563978 ], [ 38.7372496, 9.0588633 ] ] ] } },
{ "type": "Feature", "properties": { "threshold_s": 300, "time_label": "5 min drive" }, "geometry": { "type": "Polygon", "coordinates": [ [ [ 38.7866215, 9.0149869 ], [ 38.7870015, 9.0175376 ], [ 38.7878711, 9.017641 ], [ 38.7886453, 9.0177173 ], [ 38.791997, 9.0167392 ], [ 38.7934182, 9.0170489 ], [ 38.7942433, 9.0173075 ], [ 38.794744, 9.0174686 ], [ 38.7953428, 9.0176745 ], [ 38.796247, 9.0179322 ], [ 38.7982742, 9.0186008 ], [ 38.7986357, 9.0187146 ], [ 38.8019774, 9.0198821 ], [ 38.802462, 9.0194301 ], [ 38.8018595, 9.0192341 ], [ 38.799423, 9.0175115 ], [ 38.7990841, 9.0152732 ], [ 38.798827, 9.0118663 ], [ 38.797747, 9.0096492 ], [ 38.7970725, 9.009171 ], [ 38.7961084, 9.0088746 ], [ 38.7919018, 9.0073888 ], [ 38.7883151, 9.009628 ], [ 38.7873338, 9.0102722 ], [ 38.7864448, 9.0109446 ], [ 38.7866215, 9.0149869 ] ] ] } },
{ "type": "Feature", "properties": { "threshold_s": 600, "time_label": "10 min drive" }, "geometry": { "type": "Polygon", "coordinates": [ [ [ 38.7803283, 9.0233325 ], [ 38.7812609, 9.0251757 ], [ 38.7850625, 9.0271958 ], [ 38.7872952, 9.0282729 ], [ 38.7877832, 9.0281623 ], [ 38.788274, 9.0276402 ], [ 38.7911045, 9.0255966 ], [ 38.7939784, 9.0269826 ], [ 38.7956288, 9.0280379 ], [ 38.7977608, 9.0279318 ], [ 38.8004262, 9.0262119 ], [ 38.8020936, 9.0264203 ], [ 38.8060612, 9.0246606 ], [ 38.8073051, 9.0235674 ], [ 38.8075376, 9.0232629 ], [ 38.810139, 9.0201299 ], [ 38.8110194, 9.0199451 ], [ 38.813209, 9.0199514 ], [ 38.8133654, 9.0199396 ], [ 38.8133688, 9.0197109 ], [ 38.8110989, 9.0165559 ], [ 38.8108201, 9.0148705 ], [ 38.8103469, 9.0141447 ], [ 38.8085412, 9.0106981 ], [ 38.8084584, 9.0098803 ], [ 38.8079575, 9.0091341 ], [ 38.8092765, 9.0052556 ], [ 38.8070616, 9.0064311 ], [ 38.804171599999989, 9.0040571 ], [ 38.8007464, 9.0019057 ], [ 38.7993438, 9.0015425 ], [ 38.7977966, 9.0017538 ], [ 38.7955181, 9.0020965 ], [ 38.7943165, 9.0036151 ], [ 38.7917389, 9.0056483 ], [ 38.7892042, 9.0040436 ], [ 38.7889105, 9.0000486 ], [ 38.7886674, 8.9994336 ], [ 38.7870403, 8.9997513 ], [ 38.7859947, 9.0008023 ], [ 38.7836735, 9.0030581 ], [ 38.7822238, 9.0039933 ], [ 38.7801361, 9.0051451 ], [ 38.7794724, 9.0056821 ], [ 38.7778545, 9.009386 ], [ 38.7761009, 9.0118694 ], [ 38.7756928, 9.012622 ], [ 38.7790322, 9.0148252 ], [ 38.7807383, 9.0166185 ], [ 38.780964, 9.020229 ], [ 38.7805245, 9.0220573 ], [ 38.7803283, 9.0233325 ] ] ] } },
{ "type": "Feature", "properties": { "threshold_s": 900, "time_label": "15 min drive" }, "geometry": { "type": "Polygon", "coordinates": [ [ [ 38.7705804, 9.0283662 ], [ 38.7735107, 9.0325106 ], [ 38.7760168, 9.0311517 ], [ 38.7798841, 9.0348649 ], [ 38.7853003, 9.0340705 ], [ 38.7868405, 9.0345218 ], [ 38.7894697, 9.0358202 ], [ 38.7898711, 9.0353037 ], [ 38.7913411, 9.0328014 ], [ 38.7947311, 9.0312946 ], [ 38.7988474, 9.0307862 ], [ 38.8011234, 9.0303124 ], [ 38.8048161, 9.0292985 ], [ 38.8089459, 9.0335265 ], [ 38.8097374, 9.0344652 ], [ 38.8130282, 9.033534 ], [ 38.8131091, 9.0333978 ], [ 38.8145632, 9.0277486 ], [ 38.8201207, 9.0263461 ], [ 38.8219882, 9.0245452 ], [ 38.8235368, 9.0189136 ], [ 38.8243115, 9.0177309 ], [ 38.8239997, 9.0173389 ], [ 38.8228189, 9.0157907 ], [ 38.8201494, 9.0114735 ], [ 38.8193872, 9.0104136 ], [ 38.8192986, 9.0050052 ], [ 38.819705399999989, 9.0040656 ], [ 38.8173285, 8.9997683 ], [ 38.8138037, 8.9971025 ], [ 38.8118717, 8.9959984 ], [ 38.8090572, 8.99479 ], [ 38.8066372, 8.9941833 ], [ 38.8048201, 8.9940318 ], [ 38.8043348, 8.9939934 ], [ 38.8037471, 8.9940575 ], [ 38.8026126, 8.9969332 ], [ 38.8004776, 8.9984045 ], [ 38.7965052, 8.9969379 ], [ 38.7956395, 8.9945489 ], [ 38.7952264, 8.9934812 ], [ 38.7950923, 8.9927666 ], [ 38.7948242, 8.9923398 ], [ 38.7917485, 8.9908199 ], [ 38.7860818, 8.9902517 ], [ 38.7838371, 8.9909241 ], [ 38.7821462, 8.9917529 ], [ 38.7772892, 8.9944502 ], [ 38.7770092, 8.9949946 ], [ 38.777362, 8.9984848 ], [ 38.7734899, 9.0014308 ], [ 38.7707131, 9.0045185 ], [ 38.7705863, 9.0055165 ], [ 38.7672577, 9.0104737 ], [ 38.7658891, 9.0123181 ], [ 38.7674265, 9.0166327 ], [ 38.7686595, 9.0207369 ], [ 38.7717222, 9.0232818 ], [ 38.7705804, 9.0283662 ] ] ] } },
{ "type": "Feature", "properties": { "threshold_s": 300, "time_label": "5 min drive" }, "geometry": { "type": "Polygon", "coordinates": [ [ [ 38.8071142, 9.0228651 ], [ 38.8084495, 9.0242274 ], [ 38.8093892, 9.0245806 ], [ 38.8107857, 9.0242689 ], [ 38.8129946, 9.0250146 ], [ 38.8140818, 9.0259528 ], [ 38.8143496, 9.0279621 ], [ 38.8144997, 9.0290358 ], [ 38.8149943, 9.0289912 ], [ 38.8151284, 9.0283886 ], [ 38.8151299, 9.0272556 ], [ 38.816761, 9.0265301 ], [ 38.8181182, 9.0271782 ], [ 38.8185783, 9.0276477 ], [ 38.8187664, 9.027768 ], [ 38.819542, 9.0282161 ], [ 38.8202976, 9.0275475 ], [ 38.8214323, 9.0264389 ], [ 38.8219882, 9.0245452 ], [ 38.8231243, 9.0247995 ], [ 38.8235592, 9.0249211 ], [ 38.8232507, 9.0242238 ], [ 38.822162, 9.0233834 ], [ 38.821077099999989, 9.0225039 ], [ 38.8203659, 9.020502 ], [ 38.8204775, 9.0193847 ], [ 38.8198926, 9.0192105 ], [ 38.8187501, 9.0202826 ], [ 38.8169497, 9.0197374 ], [ 38.8151325, 9.0204597 ], [ 38.8133688, 9.0197109 ], [ 38.811567599999989, 9.0200756 ], [ 38.811054, 9.0201534 ], [ 38.8096449, 9.0204194 ], [ 38.8078818, 9.0205801 ], [ 38.8064869, 9.0210836 ], [ 38.8064724, 9.0211697 ], [ 38.8071142, 9.0228651 ] ] ] } },
{ "type": "Feature", "properties": { "threshold_s": 600, "time_label": "10 min drive" }, "geometry": { "type": "Polygon", "coordinates": [ [ [ 38.7960927, 9.0209248 ], [ 38.7970364, 9.0240514 ], [ 38.799208, 9.0254482 ], [ 38.8020936, 9.0264203 ], [ 38.8055937, 9.0257918 ], [ 38.8075975, 9.0272945 ], [ 38.809383, 9.0265432 ], [ 38.8129946, 9.0250146 ], [ 38.8143496, 9.0279621 ], [ 38.8144997, 9.0290358 ], [ 38.8144722, 9.0294405 ], [ 38.8116564, 9.0325841 ], [ 38.8129082, 9.0334593 ], [ 38.8130282, 9.033534 ], [ 38.8167679, 9.0323597 ], [ 38.8201064, 9.0340822 ], [ 38.8245369, 9.0342374 ], [ 38.8279863, 9.0352506 ], [ 38.8292431, 9.0310917 ], [ 38.8305773, 9.0302009 ], [ 38.8323994, 9.0290547 ], [ 38.83358, 9.0284675 ], [ 38.8337897, 9.0245121 ], [ 38.8337666, 9.0238721 ], [ 38.8312004, 9.0234909 ], [ 38.8293744, 9.0218604 ], [ 38.8285495, 9.0210826 ], [ 38.8265759, 9.0200041 ], [ 38.8260162, 9.0169832 ], [ 38.8259322, 9.0165565 ], [ 38.8243533, 9.0146504 ], [ 38.8226905, 9.0141508 ], [ 38.8209495, 9.013644 ], [ 38.8174128, 9.0151084 ], [ 38.8149607, 9.0141972 ], [ 38.8128841, 9.0134943 ], [ 38.8125756, 9.0144427 ], [ 38.812659, 9.0157173 ], [ 38.811054, 9.0201534 ], [ 38.8096449, 9.0204194 ], [ 38.8089635, 9.0205448 ], [ 38.8055028, 9.0178143 ], [ 38.8048898, 9.0171913 ], [ 38.8030907, 9.0146854 ], [ 38.802571, 9.014448 ], [ 38.8006603, 9.0148448 ], [ 38.8007463, 9.0153373 ], [ 38.797182, 9.0184257 ], [ 38.7967567, 9.0182941 ], [ 38.7954471, 9.0178669 ], [ 38.7960927, 9.0209248 ] ] ] } },
{ "type": "Feature", "properties": { "threshold_s": 900, "time_label": "15 min drive" }, "geometry": { "type": "Polygon", "coordinates": [ [ [ 38.7866551, 9.0300591 ], [ 38.7867588, 9.0301967 ], [ 38.7916942, 9.0318211 ], [ 38.7933345, 9.0314512 ], [ 38.7947311, 9.0312946 ], [ 38.7988474, 9.0307862 ], [ 38.8042312, 9.0365115 ], [ 38.8144658, 9.0377323 ], [ 38.8174096, 9.0417458 ], [ 38.8197198, 9.0428511 ], [ 38.8212337, 9.0431521 ], [ 38.8282894, 9.0434728 ], [ 38.832886, 9.0432387 ], [ 38.8351021, 9.0406214 ], [ 38.8375676, 9.0372689 ], [ 38.8444855, 9.0330301 ], [ 38.8437174, 9.0275793 ], [ 38.8414594, 9.0241881 ], [ 38.839267, 9.0209447 ], [ 38.8353683, 9.0113968 ], [ 38.829868, 9.0058812 ], [ 38.8289659, 9.0055265 ], [ 38.8255636, 9.004735 ], [ 38.8230237, 9.0043179 ], [ 38.8194141, 9.0037802 ], [ 38.8122137, 9.0017545 ], [ 38.8086087, 9.0040038 ], [ 38.801541, 9.0052635 ], [ 38.798729, 9.0050088 ], [ 38.7967938, 9.004626 ], [ 38.7945096, 9.0076723 ], [ 38.7874703, 9.0134929 ], [ 38.784454, 9.0152374 ], [ 38.7845997, 9.0226513 ], [ 38.7866551, 9.0300591 ] ] ] } },
{ "type": "Feature", "properties": { "threshold_s": 300, "time_label": "5 min drive" }, "geometry": { "type": "Polygon", "coordinates": [ [ [ 38.847197799999989, 9.0212844 ], [ 38.8470876, 9.0220415 ], [ 38.8486332, 9.0231775 ], [ 38.8504699, 9.0221315 ], [ 38.8526943, 9.0237145 ], [ 38.8527671, 9.0250063 ], [ 38.8525147, 9.0259371 ], [ 38.8525511, 9.0263638 ], [ 38.85256, 9.0264992 ], [ 38.8528376, 9.0264879 ], [ 38.8529791, 9.0264362 ], [ 38.8541116, 9.025734 ], [ 38.8542502, 9.0254448 ], [ 38.8563547, 9.0225111 ], [ 38.8596607, 9.0204593 ], [ 38.8605466, 9.0204936 ], [ 38.8613409, 9.0205415 ], [ 38.8622165, 9.0206089 ], [ 38.8626257, 9.0206366 ], [ 38.8631122, 9.0206697 ], [ 38.86369, 9.0207089 ], [ 38.8640811, 9.0207354 ], [ 38.8649712, 9.0207781 ], [ 38.8642837, 9.0190138 ], [ 38.8637006, 9.0184231 ], [ 38.8627997, 9.0176102 ], [ 38.8613154, 9.0171249 ], [ 38.8596886, 9.0148992 ], [ 38.8590277, 9.0143315 ], [ 38.8579572, 9.0134774 ], [ 38.8569385, 9.0126525 ], [ 38.8542887, 9.0102732 ], [ 38.853656, 9.0099445 ], [ 38.8533878, 9.0099581 ], [ 38.8525594, 9.0109142 ], [ 38.8505457, 9.0131115 ], [ 38.8496773, 9.0139663 ], [ 38.8509709, 9.0167744 ], [ 38.8500344, 9.0184398 ], [ 38.8485722, 9.0212117 ], [ 38.847197799999989, 9.0212844 ] ] ] } },
{ "type": "Feature", "properties": { "threshold_s": 600, "time_label": "10 min drive" }, "geometry": { "type": "Polygon", "coordinates": [ [ [ 38.8362739, 9.023057 ], [ 38.8403907, 9.0286515 ], [ 38.8434729, 9.0310987 ], [ 38.8452595, 9.0324084 ], [ 38.8480151, 9.0340269 ], [ 38.8517428, 9.0360889 ], [ 38.8539516, 9.0363108 ], [ 38.8573497, 9.0360757 ], [ 38.8611759, 9.0314011 ], [ 38.8636881, 9.0301716 ], [ 38.8648603, 9.0291935 ], [ 38.8672354, 9.0255657 ], [ 38.8711553, 9.0240474 ], [ 38.8752516, 9.0212513 ], [ 38.8757868, 9.0208335 ], [ 38.8723236, 9.0167624 ], [ 38.8713304, 9.0158969 ], [ 38.8677607, 9.0105781 ], [ 38.8669923, 9.0096386 ], [ 38.8664386, 9.0090527 ], [ 38.8661962, 9.0089028 ], [ 38.8651561, 9.0085718 ], [ 38.8622281, 9.0077178 ], [ 38.8591442, 9.0064317 ], [ 38.8566844, 9.0016493 ], [ 38.8519741, 9.0012565 ], [ 38.8516852, 9.0012743 ], [ 38.8492897, 9.0026261 ], [ 38.8489048, 9.0030357 ], [ 38.8479872, 9.0040643 ], [ 38.8452976, 9.0070991 ], [ 38.8423073, 9.0107548 ], [ 38.840192, 9.0167638 ], [ 38.8360585, 9.0217651 ], [ 38.8362739, 9.023057 ] ] ] } },
{ "type": "Feature", "properties": { "threshold_s": 900, "time_label": "15 min drive" }, "geometry": { "type": "Polygon", "coordinates": [ [ [ 38.8304043, 9.0317884 ], [ 38.8337872, 9.0370987 ], [ 38.8362384, 9.0370978 ], [ 38.8375676, 9.0372689 ], [ 38.8392543, 9.0375006 ], [ 38.844652, 9.0410964 ], [ 38.8471529, 9.0440157 ], [ 38.8481025, 9.044814 ], [ 38.8516621, 9.0458277 ], [ 38.8531571, 9.045512 ], [ 38.8549535, 9.0442365 ], [ 38.8553908, 9.0439711 ], [ 38.8624575, 9.042992 ], [ 38.8660026, 9.0417855 ], [ 38.8661739, 9.0413397 ], [ 38.8668743, 9.0391631 ], [ 38.8699011, 9.0331262 ], [ 38.8745945, 9.0328456 ], [ 38.8785159, 9.0307424 ], [ 38.8795409, 9.0300968 ], [ 38.8811779, 9.028538 ], [ 38.8839988, 9.0258385 ], [ 38.884326, 9.0254171 ], [ 38.8857296, 9.0229269 ], [ 38.8859947, 9.021978 ], [ 38.8860051, 9.0216916 ], [ 38.8856591, 9.0199594 ], [ 38.8852036, 9.019263 ], [ 38.8837811, 9.0177558 ], [ 38.8812549, 9.0150282 ], [ 38.8779021, 9.009779 ], [ 38.8774087, 9.0091074 ], [ 38.8729334, 9.0079034 ], [ 38.8707467, 9.0044099 ], [ 38.8716996, 9.0003215 ], [ 38.8715145, 8.9997254 ], [ 38.8704626, 8.9994657 ], [ 38.8675019, 9.000001 ], [ 38.8620936, 8.9963338 ], [ 38.8599958, 8.995394 ], [ 38.8551408, 8.9925134 ], [ 38.8527032, 8.9905946 ], [ 38.8524708, 8.9905561 ], [ 38.8520765, 8.9906188 ], [ 38.8498433, 8.9911352 ], [ 38.8482118, 8.9923507 ], [ 38.8447704, 8.9954169 ], [ 38.8434961, 8.9966146 ], [ 38.8432762, 8.9968461 ], [ 38.8405692, 8.9998724 ], [ 38.8396599, 9.0013672 ], [ 38.8370329, 9.0052974 ], [ 38.8338448, 9.0069608 ], [ 38.8326129, 9.0091389 ], [ 38.8325961, 9.0092326 ], [ 38.8325144, 9.0101273 ], [ 38.8319667, 9.0137359 ], [ 38.8320299, 9.0137945 ], [ 38.8334741, 9.0183059 ], [ 38.8265759, 9.0200041 ], [ 38.8258257, 9.0192669 ], [ 38.8251564, 9.01968 ], [ 38.8272819, 9.0259255 ], [ 38.8304043, 9.0317884 ] ] ] } },
{ "type": "Feature", "properties": { "threshold_s": 300, "time_label": "5 min drive" }, "geometry": { "type": "Polygon", "coordinates": [ [ [ 38.6884885, 9.0726872 ], [ 38.6889779, 9.0741764 ], [ 38.6893157, 9.0744571 ], [ 38.6900282, 9.0740514 ], [ 38.690748, 9.0729067 ], [ 38.6933118, 9.0726747 ], [ 38.6938391, 9.0730859 ], [ 38.6945052, 9.0723955 ], [ 38.6946523, 9.0720662 ], [ 38.6947811, 9.0717378 ], [ 38.6951271, 9.0706887 ], [ 38.6952025, 9.0702369 ], [ 38.6953996, 9.0696928 ], [ 38.6957356, 9.0682504 ], [ 38.698357799999989, 9.0683166 ], [ 38.7002325, 9.0669452 ], [ 38.7001778, 9.0659761 ], [ 38.6994694, 9.0644983 ], [ 38.699623699999989, 9.063205 ], [ 38.6994999, 9.0628589 ], [ 38.6985998, 9.063679 ], [ 38.6964191, 9.0650237 ], [ 38.6949087, 9.0637396 ], [ 38.6957136, 9.0615541 ], [ 38.6959863, 9.0603192 ], [ 38.6953634, 9.0594192 ], [ 38.6944255, 9.0590066 ], [ 38.6931533, 9.058601 ], [ 38.6916921, 9.0589358 ], [ 38.6907564, 9.0598948 ], [ 38.6888574, 9.0617826 ], [ 38.6887622, 9.0621323 ], [ 38.6899024, 9.0645456 ], [ 38.6900988, 9.0652382 ], [ 38.6898069, 9.0677562 ], [ 38.687752, 9.0693337 ], [ 38.6870897, 9.0709018 ], [ 38.6884885, 9.0726872 ] ] ] } },
{ "type": "Feature", "properties": { "threshold_s": 600, "time_label": "10 min drive" }, "geometry": { "type": "Polygon", "coordinates": [ [ [ 38.6852767, 9.0690918 ], [ 38.6848046, 9.0744871 ], [ 38.689663, 9.0762027 ], [ 38.6938391, 9.0730859 ], [ 38.6945052, 9.0723955 ], [ 38.6946523, 9.0720662 ], [ 38.698357799999989, 9.0683166 ], [ 38.6992261, 9.0679087 ], [ 38.7001384, 9.0673675 ], [ 38.7047361, 9.0671463 ], [ 38.7051867, 9.0669423 ], [ 38.7064393, 9.0656273 ], [ 38.7078967, 9.0623726 ], [ 38.7079938, 9.0620327 ], [ 38.7066177, 9.0581016 ], [ 38.7046228, 9.0561322 ], [ 38.7019271, 9.0549932 ], [ 38.6989615, 9.0537428 ], [ 38.6943398, 9.0523358 ], [ 38.6937929, 9.0502591 ], [ 38.6937608, 9.0499517 ], [ 38.693727, 9.0496195 ], [ 38.6936392, 9.04931 ], [ 38.6934752, 9.0489497 ], [ 38.6929451, 9.0483917 ], [ 38.692473, 9.0480434 ], [ 38.6910361, 9.048995 ], [ 38.6905687, 9.0493811 ], [ 38.6872937, 9.0512525 ], [ 38.684895, 9.0518267 ], [ 38.6846724, 9.0563468 ], [ 38.6847206, 9.0589202 ], [ 38.6847507, 9.0616361 ], [ 38.6847362, 9.0650724 ], [ 38.6847681, 9.0654203 ], [ 38.6848503, 9.0662366 ], [ 38.6851587, 9.0687948 ], [ 38.6852767, 9.0690918 ] ] ] } },
{ "type": "Feature", "properties": { "threshold_s": 900, "time_label": "15 min drive" }, "geometry": { "type": "Polygon", "coordinates": [ [ [ 38.6851587, 9.0687948 ], [ 38.6848046, 9.0744871 ], [ 38.689663, 9.0762027 ], [ 38.6938391, 9.0730859 ], [ 38.6945052, 9.0723955 ], [ 38.6946523, 9.0720662 ], [ 38.6947811, 9.0717378 ], [ 38.698357799999989, 9.0683166 ], [ 38.6992261, 9.0679087 ], [ 38.7001384, 9.0673675 ], [ 38.7047361, 9.0671463 ], [ 38.7049681, 9.0734342 ], [ 38.7040883, 9.075675 ], [ 38.7066767, 9.0720331 ], [ 38.7051867, 9.0669423 ], [ 38.7064393, 9.0656273 ], [ 38.707658, 9.0628554 ], [ 38.7110449, 9.061498 ], [ 38.713122, 9.0590505 ], [ 38.7156486, 9.0545343 ], [ 38.7116659, 9.0510319 ], [ 38.7121698, 9.048352 ], [ 38.7094447, 9.047556 ], [ 38.7078939, 9.0485294 ], [ 38.7060403, 9.0490586 ], [ 38.7052854, 9.049289 ], [ 38.7045835, 9.0495022 ], [ 38.7005753, 9.0501161 ], [ 38.6985992, 9.0451548 ], [ 38.6988793, 9.0444784 ], [ 38.6990894, 9.043743 ], [ 38.6991907, 9.0428312 ], [ 38.6993373, 9.0420861 ], [ 38.6993916, 9.041634 ], [ 38.6990912, 9.041168 ], [ 38.6983025, 9.0401158 ], [ 38.6978956, 9.0400193 ], [ 38.6945085, 9.0407461 ], [ 38.6940874, 9.040914 ], [ 38.6937377, 9.0410938 ], [ 38.6889995, 9.0437271 ], [ 38.687004, 9.0448661 ], [ 38.6862624, 9.0453614 ], [ 38.6848475, 9.0474911 ], [ 38.684895, 9.0518267 ], [ 38.6846724, 9.0563468 ], [ 38.6847206, 9.0589202 ], [ 38.6847507, 9.0616361 ], [ 38.6847362, 9.0650724 ], [ 38.6847681, 9.0654203 ], [ 38.6848503, 9.0662366 ], [ 38.6851587, 9.0687948 ] ] ] } },
{ "type": "Feature", "properties": { "threshold_s": 300, "time_label": "5 min drive" }, "geometry": { "type": "Polygon", "coordinates": [ [ [ 38.8650995, 9.0238829 ], [ 38.8657137, 9.0247597 ], [ 38.8669502, 9.0253523 ], [ 38.8694559, 9.0259726 ], [ 38.8705179, 9.0270392 ], [ 38.8729307, 9.0263647 ], [ 38.8739654, 9.0276971 ], [ 38.8746534, 9.0286805 ], [ 38.876997, 9.0278429 ], [ 38.8785121, 9.0284637 ], [ 38.8795715, 9.0273383 ], [ 38.8806896, 9.0262677 ], [ 38.8806957, 9.0256846 ], [ 38.8807612, 9.0250512 ], [ 38.8808065, 9.0244836 ], [ 38.8808079, 9.0244096 ], [ 38.8808167, 9.0239283 ], [ 38.8813462, 9.0224386 ], [ 38.8827652, 9.0218139 ], [ 38.8834693, 9.0218382 ], [ 38.8846283, 9.0216266 ], [ 38.8842706, 9.0213203 ], [ 38.8825672, 9.0194025 ], [ 38.8808198, 9.0177339 ], [ 38.8792708, 9.0160514 ], [ 38.8783194, 9.0153851 ], [ 38.8779491, 9.0154495 ], [ 38.8762372, 9.0166281 ], [ 38.8734038, 9.0168163 ], [ 38.8731579, 9.0163746 ], [ 38.8730642, 9.015296 ], [ 38.8730726, 9.0149674 ], [ 38.8730838, 9.0145262 ], [ 38.873095, 9.0140854 ], [ 38.8706364, 9.0135504 ], [ 38.8697058, 9.0144268 ], [ 38.868816, 9.0158919 ], [ 38.8687756, 9.0163177 ], [ 38.8687358, 9.0168024 ], [ 38.8677433, 9.019134 ], [ 38.8656563, 9.0209936 ], [ 38.8629043, 9.0208853 ], [ 38.8630315, 9.0212172 ], [ 38.8634513, 9.0212741 ], [ 38.8652068, 9.0234569 ], [ 38.8650995, 9.0238829 ] ] ] } },
{ "type": "Feature", "properties": { "threshold_s": 600, "time_label": "10 min drive" }, "geometry": { "type": "Polygon", "coordinates": [ [ [ 38.8542729, 9.0231272 ], [ 38.8571526, 9.0279825 ], [ 38.8611759, 9.0314011 ], [ 38.8636881, 9.0301716 ], [ 38.8648603, 9.0291935 ], [ 38.8684198, 9.0290747 ], [ 38.8699011, 9.0331262 ], [ 38.8719335, 9.0373811 ], [ 38.8732755, 9.0386488 ], [ 38.8741629, 9.0394127 ], [ 38.8777715, 9.0398857 ], [ 38.8803497, 9.0370691 ], [ 38.8845447, 9.0336838 ], [ 38.8882978, 9.0298713 ], [ 38.8883024, 9.0293289 ], [ 38.8904653, 9.0244195 ], [ 38.8915828, 9.0241442 ], [ 38.8923896, 9.0232173 ], [ 38.8944717, 9.0201679 ], [ 38.892593, 9.0187022 ], [ 38.891462, 9.0178719 ], [ 38.8907373, 9.0178612 ], [ 38.8906634, 9.0178602 ], [ 38.8855438, 9.0154758 ], [ 38.8850811, 9.0130612 ], [ 38.8850949, 9.0125743 ], [ 38.8850894, 9.0113146 ], [ 38.8850489, 9.0106787 ], [ 38.8850409, 9.0106075 ], [ 38.8820492, 9.0082037 ], [ 38.8772155, 9.0051419 ], [ 38.8770401, 9.0050606 ], [ 38.8758087, 9.0071199 ], [ 38.8700286, 9.0064199 ], [ 38.8702878, 9.0045169 ], [ 38.8678579, 9.004212 ], [ 38.8667358, 9.0044783 ], [ 38.8638241, 9.0055364 ], [ 38.8617346, 9.009599 ], [ 38.8616097, 9.0100496 ], [ 38.8616108, 9.0101591 ], [ 38.8606237, 9.0149826 ], [ 38.8595053, 9.0170777 ], [ 38.855161, 9.0208735 ], [ 38.8529208, 9.0211669 ], [ 38.8519422, 9.0214473 ], [ 38.8542729, 9.0231272 ] ] ] } },
{ "type": "Feature", "properties": { "threshold_s": 900, "time_label": "15 min drive" }, "geometry": { "type": "Polygon", "coordinates": [ [ [ 38.8512442, 9.0352815 ], [ 38.8517428, 9.0360889 ], [ 38.8563543, 9.0384501 ], [ 38.8588399, 9.0403283 ], [ 38.8635945, 9.0411795 ], [ 38.8654514, 9.0412319 ], [ 38.870777, 9.0456028 ], [ 38.8714361, 9.0473071 ], [ 38.8720742, 9.0488332 ], [ 38.8779517, 9.0505224 ], [ 38.8789319, 9.0495525 ], [ 38.8839143, 9.0463164 ], [ 38.8856135, 9.0444979 ], [ 38.889201, 9.0390757 ], [ 38.8905635, 9.0372148 ], [ 38.8926476, 9.0338109 ], [ 38.8930339, 9.0330507 ], [ 38.8953325, 9.027668 ], [ 38.8956209, 9.0252058 ], [ 38.9002302, 9.0222733 ], [ 38.9008565, 9.0197236 ], [ 38.8991091, 9.0134851 ], [ 38.8959829, 9.0106558 ], [ 38.8938867, 9.0078291 ], [ 38.8920256, 9.0051323 ], [ 38.890288, 9.0033363 ], [ 38.8893666, 9.0025593 ], [ 38.8862253, 9.0002178 ], [ 38.88354420000001, 8.9982559 ], [ 38.8781288, 8.9979531 ], [ 38.8710961, 8.9968484 ], [ 38.8658068, 8.9993625 ], [ 38.8636212, 9.0018483 ], [ 38.8573102, 9.0018501 ], [ 38.856015, 9.0011077 ], [ 38.8551758, 9.001051 ], [ 38.8550796, 9.0010514 ], [ 38.8537604, 9.0014803 ], [ 38.8518947, 9.0080049 ], [ 38.8507386, 9.010114 ], [ 38.8474786, 9.0151166 ], [ 38.8465421, 9.0161012 ], [ 38.8458036, 9.016903 ], [ 38.84474, 9.0181053 ], [ 38.844482, 9.0184002 ], [ 38.8442271, 9.0186967 ], [ 38.8418171, 9.0213402 ], [ 38.8417322, 9.021545 ], [ 38.8424183, 9.0228157 ], [ 38.8445368, 9.0261559 ], [ 38.8458942, 9.0273153 ], [ 38.847616, 9.0288529 ], [ 38.8494567, 9.0308103 ], [ 38.8512442, 9.0352815 ] ] ] } },
{ "type": "Feature", "properties": { "threshold_s": 300, "time_label": "5 min drive" }, "geometry": { "type": "Polygon", "coordinates": [ [ [ 38.7740239, 9.029924 ], [ 38.7738375, 9.030361 ], [ 38.7761426, 9.0292092 ], [ 38.7777275, 9.0282723 ], [ 38.7792906, 9.0265435 ], [ 38.7806417, 9.0258586 ], [ 38.7823913, 9.0264422 ], [ 38.7826753, 9.0251546 ], [ 38.7811059, 9.0234327 ], [ 38.7828895, 9.0215465 ], [ 38.7846348, 9.0227478 ], [ 38.7845997, 9.0226513 ], [ 38.78304, 9.0204663 ], [ 38.782688, 9.0198901 ], [ 38.7822697, 9.0199832 ], [ 38.7804623, 9.0179874 ], [ 38.7795994, 9.0155365 ], [ 38.777837, 9.0134105 ], [ 38.7767513, 9.0132784 ], [ 38.7761538, 9.0139141 ], [ 38.7760706, 9.0156092 ], [ 38.775128, 9.0168441 ], [ 38.7727337, 9.0165182 ], [ 38.7732235, 9.0146348 ], [ 38.773148, 9.0145762 ], [ 38.7712012, 9.0155134 ], [ 38.7700742, 9.0161859 ], [ 38.7702626, 9.0175372 ], [ 38.7683061, 9.0191895 ], [ 38.7676275, 9.0197284 ], [ 38.7686595, 9.0207369 ], [ 38.7708838, 9.0203264 ], [ 38.7713573, 9.0204686 ], [ 38.7723687, 9.02177 ], [ 38.7717222, 9.0232818 ], [ 38.7722297, 9.0251154 ], [ 38.7722787, 9.0259286 ], [ 38.7717946, 9.0280784 ], [ 38.7722482, 9.0279523 ], [ 38.7740239, 9.029924 ] ] ] } },
{ "type": "Feature", "properties": { "threshold_s": 600, "time_label": "10 min drive" }, "geometry": { "type": "Polygon", "coordinates": [ [ [ 38.7611244, 9.0293966 ], [ 38.763464, 9.0326464 ], [ 38.7663647, 9.032801 ], [ 38.7675585, 9.0358251 ], [ 38.7694764, 9.0373855 ], [ 38.7734143, 9.0388789 ], [ 38.7772388, 9.038123 ], [ 38.7780224, 9.0381513 ], [ 38.7784962, 9.0381963 ], [ 38.7791536, 9.0381632 ], [ 38.7799358, 9.0345924 ], [ 38.7804737, 9.033912 ], [ 38.7847393, 9.0337449 ], [ 38.785141, 9.0334743 ], [ 38.7867588, 9.0301967 ], [ 38.7895501, 9.0295027 ], [ 38.7905778, 9.0297413 ], [ 38.7916626, 9.0285942 ], [ 38.7926964, 9.0264009 ], [ 38.7924283, 9.0251427 ], [ 38.7948623, 9.021823 ], [ 38.7958715, 9.0208691 ], [ 38.7948915, 9.0201822 ], [ 38.7926043, 9.0182931 ], [ 38.7917798, 9.0168777 ], [ 38.7904882, 9.0158742 ], [ 38.7882279, 9.0132665 ], [ 38.7878286, 9.0118477 ], [ 38.7859647, 9.0127606 ], [ 38.782751, 9.0114268 ], [ 38.7811817, 9.009175 ], [ 38.7793008, 9.0087445 ], [ 38.778296, 9.0051979 ], [ 38.7782481, 9.0051158 ], [ 38.7775795, 9.0043913 ], [ 38.7767098, 9.0045986 ], [ 38.7761237, 9.004792 ], [ 38.773414, 9.0061278 ], [ 38.7706413, 9.0092666 ], [ 38.7705514, 9.0092813 ], [ 38.7672577, 9.0104737 ], [ 38.7636057, 9.0109899 ], [ 38.7627136, 9.0143638 ], [ 38.7623398, 9.017288 ], [ 38.7606025, 9.0183832 ], [ 38.7603349, 9.0184885 ], [ 38.7603636, 9.0186068 ], [ 38.7633195, 9.0193691 ], [ 38.7645123, 9.0221623 ], [ 38.7650922, 9.0223314 ], [ 38.7673037, 9.0253571 ], [ 38.7664952, 9.0274613 ], [ 38.7633917, 9.0291295 ], [ 38.7611664, 9.0293214 ], [ 38.7611244, 9.0293966 ] ] ] } },
{ "type": "Feature", "properties": { "threshold_s": 900, "time_label": "15 min drive" }, "geometry": { "type": "Polygon", "coordinates": [ [ [ 38.7550527, 9.0350946 ], [ 38.7565413, 9.0397014 ], [ 38.7592181, 9.0408393 ], [ 38.7622324, 9.0436142 ], [ 38.7642316, 9.0454537 ], [ 38.7673458, 9.0478868 ], [ 38.7720477, 9.0473428 ], [ 38.7767446, 9.0468163 ], [ 38.7787114, 9.0473741 ], [ 38.7827002, 9.0462063 ], [ 38.7850703, 9.0458998 ], [ 38.7864317, 9.0451248 ], [ 38.7870159, 9.0440162 ], [ 38.7853727, 9.0402983 ], [ 38.7878993, 9.0373684 ], [ 38.7884075, 9.037232 ], [ 38.788646, 9.0371199 ], [ 38.788999, 9.0366321 ], [ 38.7898711, 9.0353037 ], [ 38.7913411, 9.0328014 ], [ 38.7947311, 9.0312946 ], [ 38.7968678, 9.0306899 ], [ 38.7997189, 9.0335465 ], [ 38.8022468, 9.0290022 ], [ 38.8022679, 9.0289403 ], [ 38.8020118, 9.0282786 ], [ 38.8018846, 9.028053 ], [ 38.8006361, 9.0234734 ], [ 38.8027586, 9.0219534 ], [ 38.805639, 9.019272 ], [ 38.8054565, 9.0178424 ], [ 38.8030907, 9.0146854 ], [ 38.7984096, 9.0131613 ], [ 38.7982384, 9.0121833 ], [ 38.7980147, 9.0102396 ], [ 38.7981024, 9.0094849 ], [ 38.7979744, 9.0092021 ], [ 38.7978778, 9.008977 ], [ 38.7967773, 9.0076836 ], [ 38.7937552, 9.005399 ], [ 38.7892042, 9.0040436 ], [ 38.7882698, 9.0017096 ], [ 38.7880442, 9.0011082 ], [ 38.7873295, 8.9978484 ], [ 38.7862862, 8.9969378 ], [ 38.7831292, 8.9955145 ], [ 38.7816229, 8.9949502 ], [ 38.7784264, 8.9944714 ], [ 38.7743488, 8.9956238 ], [ 38.7696973, 8.997182 ], [ 38.7663914, 9.0000105 ], [ 38.7653333, 9.0005965 ], [ 38.7634095, 9.0027896 ], [ 38.7587508, 9.0052114 ], [ 38.7560328, 9.0070649 ], [ 38.7553898, 9.007956 ], [ 38.7530544, 9.0114358 ], [ 38.7504561, 9.013546 ], [ 38.7498254, 9.0140209 ], [ 38.7497617, 9.0140877 ], [ 38.7477449, 9.0168043 ], [ 38.7487686, 9.0189104 ], [ 38.7503751, 9.0212789 ], [ 38.7529988, 9.0254039 ], [ 38.7518885, 9.0270083 ], [ 38.7504043, 9.0309179 ], [ 38.7528617, 9.035044 ], [ 38.7550527, 9.0350946 ] ] ] } },
{ "type": "Feature", "properties": { "threshold_s": 300, "time_label": "5 min drive" }, "geometry": { "type": "Polygon", "coordinates": [ [ [ 38.7759588, 9.0070067 ], [ 38.7763593, 9.0077319 ], [ 38.7792465, 9.0078259 ], [ 38.780713, 9.0097015 ], [ 38.7808196, 9.0096836 ], [ 38.7836347, 9.0111627 ], [ 38.7837169, 9.0111525 ], [ 38.7851768, 9.0101595 ], [ 38.7880373, 9.0087502 ], [ 38.7899351, 9.007516 ], [ 38.7917664, 9.0063258 ], [ 38.7917436, 9.0057285 ], [ 38.7917389, 9.0056483 ], [ 38.7892042, 9.0040436 ], [ 38.7882698, 9.0017096 ], [ 38.7897293, 8.9996859 ], [ 38.7906855, 8.9993148 ], [ 38.7913789, 8.9990156 ], [ 38.7920983, 8.9987684 ], [ 38.792624, 8.9985777 ], [ 38.7931544, 8.9983837 ], [ 38.7936291, 8.9982041 ], [ 38.7939584, 8.997463 ], [ 38.791758, 8.9959929 ], [ 38.7899619, 8.994329 ], [ 38.7873682, 8.9940098 ], [ 38.7848228, 8.9926656 ], [ 38.7831055, 8.9938415 ], [ 38.7821738, 8.9945403 ], [ 38.7816229, 8.9949502 ], [ 38.7785756, 8.9959215 ], [ 38.7781307, 8.9965431 ], [ 38.7783258, 8.9985267 ], [ 38.7795597, 9.0006527 ], [ 38.7787355, 9.0030202 ], [ 38.7774528, 9.0057013 ], [ 38.7760466, 9.0067139 ], [ 38.7759588, 9.0070067 ] ] ] } },
{ "type": "Feature", "properties": { "threshold_s": 600, "time_label": "10 min drive" }, "geometry": { "type": "Polygon", "coordinates": [ [ [ 38.7712012, 9.0155134 ], [ 38.7720021, 9.0165267 ], [ 38.7727337, 9.0165182 ], [ 38.7741335, 9.0152535 ], [ 38.776373, 9.0129175 ], [ 38.7792254, 9.0132141 ], [ 38.7793668, 9.0132882 ], [ 38.7813904, 9.0177361 ], [ 38.7814661, 9.0180388 ], [ 38.7814834, 9.0181062 ], [ 38.7815692, 9.0184746 ], [ 38.7821863, 9.0204951 ], [ 38.7822623, 9.0205134 ], [ 38.7823931, 9.0205435 ], [ 38.7830473, 9.0200919 ], [ 38.7868626, 9.0185753 ], [ 38.7893058, 9.018637 ], [ 38.7927188, 9.0152235 ], [ 38.7944908, 9.0146149 ], [ 38.7949421, 9.0145161 ], [ 38.7975274, 9.0125425 ], [ 38.7979901, 9.0118103 ], [ 38.7993051, 9.0096285 ], [ 38.8004418, 9.0071237 ], [ 38.8016061, 9.0039712 ], [ 38.8024677, 9.0009613 ], [ 38.7999904, 9.0004819 ], [ 38.7965052, 8.9969379 ], [ 38.797957, 8.9920335 ], [ 38.7976136, 8.9913002 ], [ 38.7962973, 8.9896849 ], [ 38.7942992, 8.9887271 ], [ 38.791375, 8.9871117 ], [ 38.789819799999989, 8.986366 ], [ 38.7888132, 8.9859297 ], [ 38.7879749, 8.9856538 ], [ 38.7855757, 8.9849273 ], [ 38.7808178, 8.9850623 ], [ 38.7803636, 8.9851876 ], [ 38.7756031, 8.9871261 ], [ 38.7755492, 8.9871715 ], [ 38.7750361, 8.9888151 ], [ 38.7725376, 8.9931435 ], [ 38.7722057, 8.9941153 ], [ 38.7715868, 8.9980293 ], [ 38.7699423, 8.9998955 ], [ 38.7671183, 9.0031016 ], [ 38.7674794, 9.0056217 ], [ 38.7688528, 9.0085028 ], [ 38.768797, 9.0113452 ], [ 38.7712012, 9.0155134 ] ] ] } },
{ "type": "Feature", "properties": { "threshold_s": 900, "time_label": "15 min drive" }, "geometry": { "type": "Polygon", "coordinates": [ [ [ 38.7576903, 9.0118964 ], [ 38.7603636, 9.0186068 ], [ 38.7645123, 9.0221623 ], [ 38.7677974, 9.0236685 ], [ 38.7725207, 9.0260996 ], [ 38.7752165, 9.0276289 ], [ 38.7786913, 9.0267849 ], [ 38.7840727, 9.0293788 ], [ 38.7884042, 9.0291921 ], [ 38.7940937, 9.0255635 ], [ 38.7954952, 9.0249473 ], [ 38.79603, 9.0246455 ], [ 38.7962349, 9.0243572 ], [ 38.8016899, 9.0200113 ], [ 38.8035447, 9.0196294 ], [ 38.8061391, 9.0126899 ], [ 38.8080794, 9.0104469 ], [ 38.8081708, 9.0103281 ], [ 38.8084044, 9.0099647 ], [ 38.8084584, 9.0098803 ], [ 38.8095595, 9.005847 ], [ 38.8109431, 9.0014762 ], [ 38.810763, 8.9947908 ], [ 38.8101248, 8.9937654 ], [ 38.8062731, 8.9893109 ], [ 38.8035562, 8.9852867 ], [ 38.8021619, 8.9853275 ], [ 38.7996331, 8.9854045 ], [ 38.7971379, 8.9861223 ], [ 38.789819799999989, 8.986366 ], [ 38.788826, 8.985809 ], [ 38.7879749, 8.9856538 ], [ 38.7855757, 8.9849273 ], [ 38.7842988, 8.9845215 ], [ 38.7787516, 8.9794447 ], [ 38.7777914, 8.9763594 ], [ 38.7774253, 8.976392 ], [ 38.7697098, 8.9786677 ], [ 38.7652811, 8.9832833 ], [ 38.7643374, 8.9873668 ], [ 38.7624092, 8.9944189 ], [ 38.7597608, 8.9983246 ], [ 38.7586856, 8.9999436 ], [ 38.7587711, 9.0014635 ], [ 38.7592483, 9.0043831 ], [ 38.7576903, 9.0118964 ] ] ] } },
{ "type": "Feature", "properties": { "threshold_s": 300, "time_label": "5 min drive" }, "geometry": { "type": "Polygon", "coordinates": [ [ [ 38.7862093, 9.0222595 ], [ 38.7854865, 9.0225353 ], [ 38.7873816, 9.0244385 ], [ 38.7889238, 9.0252456 ], [ 38.790334799999989, 9.0270686 ], [ 38.7914382, 9.0273642 ], [ 38.7932757, 9.0283352 ], [ 38.7941431, 9.0292904 ], [ 38.7971615, 9.0289036 ], [ 38.7976937, 9.0288451 ], [ 38.7980379, 9.0288077 ], [ 38.7981611, 9.0287943 ], [ 38.7991979, 9.0286409 ], [ 38.7988977, 9.0268528 ], [ 38.7970609, 9.0265442 ], [ 38.7970364, 9.0240514 ], [ 38.7986196, 9.0231216 ], [ 38.8002681, 9.023194 ], [ 38.8015199, 9.021295 ], [ 38.8035447, 9.0196294 ], [ 38.8037421, 9.0189254 ], [ 38.8037945, 9.0186417 ], [ 38.8024877, 9.0163197 ], [ 38.8019179, 9.0173647 ], [ 38.801438, 9.0192316 ], [ 38.7992848, 9.0191203 ], [ 38.7986449, 9.01891 ], [ 38.797182, 9.0184257 ], [ 38.7967567, 9.0182941 ], [ 38.7954471, 9.0178669 ], [ 38.7947434, 9.0176284 ], [ 38.7955268, 9.014495 ], [ 38.7961444, 9.0141103 ], [ 38.7961516, 9.0125743 ], [ 38.7957154, 9.012016 ], [ 38.7943254, 9.0126142 ], [ 38.7940764, 9.0129817 ], [ 38.7954484, 9.0144599 ], [ 38.7937514, 9.0173155 ], [ 38.7925888, 9.0170411 ], [ 38.7921221, 9.0169416 ], [ 38.7917798, 9.0168777 ], [ 38.7907635, 9.0166364 ], [ 38.7902737, 9.0165384 ], [ 38.7889856, 9.016248 ], [ 38.788274, 9.0183464 ], [ 38.7873343, 9.0195722 ], [ 38.7862093, 9.0222595 ] ] ] } },
{ "type": "Feature", "properties": { "threshold_s": 600, "time_label": "10 min drive" }, "geometry": { "type": "Polygon", "coordinates": [ [ [ 38.7817441, 9.0315324 ], [ 38.7821375, 9.0323922 ], [ 38.7847393, 9.0337449 ], [ 38.7849919, 9.0335688 ], [ 38.7894697, 9.0358202 ], [ 38.7898711, 9.0353037 ], [ 38.7913411, 9.0328014 ], [ 38.7933345, 9.0314512 ], [ 38.7947311, 9.0312946 ], [ 38.7968678, 9.0306899 ], [ 38.7970595, 9.0306542 ], [ 38.7978825, 9.0305589 ], [ 38.7988474, 9.0307862 ], [ 38.7997189, 9.0335465 ], [ 38.8005564, 9.0303732 ], [ 38.8011234, 9.0303124 ], [ 38.8022468, 9.0290022 ], [ 38.8048161, 9.0292985 ], [ 38.808201, 9.0306966 ], [ 38.8055684, 9.0283197 ], [ 38.8080317, 9.0267738 ], [ 38.8082555, 9.0263566 ], [ 38.8102636, 9.0243078 ], [ 38.8106941, 9.0237117 ], [ 38.8113499, 9.0229316 ], [ 38.8134627, 9.0213571 ], [ 38.8133688, 9.0197109 ], [ 38.8107899, 9.0186719 ], [ 38.8108409, 9.0176114 ], [ 38.8110989, 9.0165559 ], [ 38.8108201, 9.0148705 ], [ 38.8117229, 9.0129526 ], [ 38.8102475, 9.0114704 ], [ 38.8096299, 9.0091688 ], [ 38.8082911, 9.0086203 ], [ 38.8059445, 9.0070212 ], [ 38.8056402, 9.0071786 ], [ 38.805089, 9.0074997 ], [ 38.8021486, 9.0062351 ], [ 38.801541, 9.0052635 ], [ 38.7987573, 9.0041948 ], [ 38.7961247, 9.0032722 ], [ 38.7936953, 9.0050935 ], [ 38.7917389, 9.0056483 ], [ 38.7894154, 9.0053172 ], [ 38.7892102, 9.0054675 ], [ 38.7873394, 9.0074464 ], [ 38.7855299, 9.0086168 ], [ 38.7839933, 9.0093829 ], [ 38.7829445, 9.010364 ], [ 38.7820902, 9.0117878 ], [ 38.7802996, 9.0139608 ], [ 38.7794376, 9.0144829 ], [ 38.7790322, 9.0148252 ], [ 38.7807383, 9.0166185 ], [ 38.7813904, 9.0177361 ], [ 38.7800908, 9.0202484 ], [ 38.7803991, 9.020821 ], [ 38.7805245, 9.0220573 ], [ 38.7774773, 9.0226485 ], [ 38.7764838, 9.0227621 ], [ 38.7754273, 9.0227795 ], [ 38.7764432, 9.0256874 ], [ 38.77690290000001, 9.0259574 ], [ 38.7778281, 9.0263133 ], [ 38.7794175, 9.0282491 ], [ 38.7797265, 9.0285 ], [ 38.7814889, 9.0295103 ], [ 38.7817441, 9.0315324 ] ] ] } },
{ "type": "Feature", "properties": { "threshold_s": 900, "time_label": "15 min drive" }, "geometry": { "type": "Polygon", "coordinates": [ [ [ 38.7715475, 9.0346249 ], [ 38.7735888, 9.0383887 ], [ 38.7777758, 9.0401384 ], [ 38.7818758, 9.0411522 ], [ 38.7828712, 9.0413032 ], [ 38.7832034, 9.0412485 ], [ 38.7838693, 9.0407577 ], [ 38.788646, 9.0371199 ], [ 38.788999, 9.0366321 ], [ 38.7898711, 9.0353037 ], [ 38.7947311, 9.0312946 ], [ 38.7997189, 9.0335465 ], [ 38.8031475, 9.0364072 ], [ 38.8042312, 9.0365115 ], [ 38.8097365, 9.0345983 ], [ 38.8143721, 9.0367481 ], [ 38.8148181, 9.0369591 ], [ 38.8153239, 9.0372182 ], [ 38.8183036, 9.0358808 ], [ 38.820523, 9.0286587 ], [ 38.8237898, 9.0250758 ], [ 38.8265759, 9.0200041 ], [ 38.8260162, 9.0169832 ], [ 38.821277, 9.0091683 ], [ 38.8158919, 9.0020309 ], [ 38.8137773, 9.0001069 ], [ 38.8105743, 8.997857 ], [ 38.8037968, 8.9973995 ], [ 38.7965052, 8.9969379 ], [ 38.7875536, 8.9956627 ], [ 38.7854666, 8.9953642 ], [ 38.7795597, 9.0006527 ], [ 38.7747095, 9.005959 ], [ 38.7672577, 9.0104737 ], [ 38.766175, 9.0194163 ], [ 38.7664473, 9.0226405 ], [ 38.7657206, 9.0293019 ], [ 38.7715475, 9.0346249 ] ] ] } },
{ "type": "Feature", "properties": { "threshold_s": 300, "time_label": "5 min drive" }, "geometry": { "type": "Polygon", "coordinates": [ [ [ 38.8519741, 9.0012565 ], [ 38.8521116, 9.0016345 ], [ 38.8520668, 9.0013272 ], [ 38.8518416, 8.9998502 ], [ 38.8518728, 8.9993868 ], [ 38.8524246, 8.9979148 ], [ 38.854691699999989, 8.9988022 ], [ 38.8550176, 8.9994196 ], [ 38.8551758, 9.001051 ], [ 38.856015, 9.0011077 ], [ 38.8568931, 9.0012885 ], [ 38.8583918, 9.0019574 ], [ 38.8585702, 9.0036012 ], [ 38.859954, 9.0032962 ], [ 38.8601571, 9.0029796 ], [ 38.8616534, 9.0013971 ], [ 38.8621925, 8.9992314 ], [ 38.8620264, 8.9982205 ], [ 38.863330499999989, 8.9968197 ], [ 38.8641715, 8.9962063 ], [ 38.8658631, 8.9953807 ], [ 38.8647621, 8.9947766 ], [ 38.8629837, 8.9934799 ], [ 38.8637297, 8.99125 ], [ 38.8615039, 8.9920033 ], [ 38.8605139, 8.9926173 ], [ 38.8588725, 8.9917772 ], [ 38.8583455, 8.9905159 ], [ 38.8575818, 8.9906425 ], [ 38.8559389, 8.9890159 ], [ 38.8558432, 8.9890012 ], [ 38.8557287, 8.989534 ], [ 38.8555653, 8.9902654 ], [ 38.8536167, 8.9909155 ], [ 38.8528949, 8.99101 ], [ 38.8526487, 8.9918466 ], [ 38.8519602, 8.9940964 ], [ 38.8515964, 8.9960086 ], [ 38.8510542, 8.9981782 ], [ 38.8515915, 8.9993897 ], [ 38.8519741, 9.0012565 ] ] ] } },
{ "type": "Feature", "properties": { "threshold_s": 600, "time_label": "10 min drive" }, "geometry": { "type": "Polygon", "coordinates": [ [ [ 38.8439951, 9.0051596 ], [ 38.8444671, 9.0056794 ], [ 38.847947, 9.0086732 ], [ 38.848846, 9.0094869 ], [ 38.8522777, 9.0125539 ], [ 38.8564072, 9.0104695 ], [ 38.8573163, 9.009718 ], [ 38.8579933, 9.0090749 ], [ 38.8591367, 9.0077715 ], [ 38.8635111, 9.0066908 ], [ 38.8644617, 9.0082 ], [ 38.8647452, 9.0092696 ], [ 38.8647634, 9.0096121 ], [ 38.8656279, 9.0116469 ], [ 38.865694499999989, 9.0116673 ], [ 38.8661167, 9.0116427 ], [ 38.8706464, 9.0110419 ], [ 38.8711889, 9.0098478 ], [ 38.8713323, 9.0095056 ], [ 38.8717945, 9.0082467 ], [ 38.8707467, 9.0044099 ], [ 38.8697265, 9.0004405 ], [ 38.8685319, 8.9965702 ], [ 38.8683298, 8.9954969 ], [ 38.8658631, 8.9953807 ], [ 38.8647621, 8.9947766 ], [ 38.8638084, 8.9931033 ], [ 38.8659556, 8.990281 ], [ 38.8636013, 8.9870832 ], [ 38.8635577, 8.9853758 ], [ 38.8634779, 8.9846274 ], [ 38.8627614, 8.983308 ], [ 38.8616093, 8.9828706 ], [ 38.8598227, 8.9823993 ], [ 38.8556372, 8.9814877 ], [ 38.8547805, 8.980938 ], [ 38.8544131, 8.9807901 ], [ 38.8539749, 8.9806502 ], [ 38.8531387, 8.9814234 ], [ 38.8509775, 8.9835607 ], [ 38.8486956, 8.9856487 ], [ 38.8464788, 8.9871522 ], [ 38.8436814, 8.9895324 ], [ 38.8422161, 8.9906117 ], [ 38.8421718, 8.9933004 ], [ 38.8427056, 8.9952715 ], [ 38.8417683, 8.9983783 ], [ 38.8417601, 8.9988301 ], [ 38.8417634, 8.9991963 ], [ 38.8420873, 9.0009606 ], [ 38.842725, 9.002972 ], [ 38.8439951, 9.0051596 ] ] ] } },
{ "type": "Feature", "properties": { "threshold_s": 900, "time_label": "15 min drive" }, "geometry": { "type": "Polygon", "coordinates": [ [ [ 38.836019899999989, 9.0097019 ], [ 38.836532, 9.0102507 ], [ 38.8369119, 9.0105798 ], [ 38.8410584, 9.0133932 ], [ 38.8442316, 9.0162215 ], [ 38.846267, 9.0180318 ], [ 38.8466298, 9.0182667 ], [ 38.8509239, 9.0211028 ], [ 38.8526505, 9.022946 ], [ 38.8583496, 9.0204867 ], [ 38.8622165, 9.0206089 ], [ 38.8626257, 9.0206366 ], [ 38.8631122, 9.0206697 ], [ 38.86369, 9.0207089 ], [ 38.8640811, 9.0207354 ], [ 38.8649712, 9.0207781 ], [ 38.865731, 9.0207837 ], [ 38.867883, 9.0208283 ], [ 38.8713707, 9.0206794 ], [ 38.8757868, 9.0208335 ], [ 38.8779536, 9.016062 ], [ 38.880456, 9.0125242 ], [ 38.8814909, 9.0106823 ], [ 38.8796872, 9.005045 ], [ 38.8805562, 9.0000566 ], [ 38.8781288, 8.9979531 ], [ 38.8776031, 8.9979266 ], [ 38.87197780000001, 8.9972456 ], [ 38.8710961, 8.9968484 ], [ 38.8683298, 8.9954969 ], [ 38.8659556, 8.990281 ], [ 38.8644268, 8.9854301 ], [ 38.8694492, 8.9826364 ], [ 38.8692842, 8.9776795 ], [ 38.8632211, 8.9748911 ], [ 38.8611719, 8.9752872 ], [ 38.8542589, 8.9723237 ], [ 38.8539979, 8.9723627 ], [ 38.8540339, 8.9724259 ], [ 38.8546712, 8.974416 ], [ 38.8494104, 8.9788651 ], [ 38.845005, 8.9794268 ], [ 38.8436849, 8.9799373 ], [ 38.8431447, 8.9802188 ], [ 38.8429865, 8.9804653 ], [ 38.8424085, 8.9813476 ], [ 38.8421181, 8.9818339 ], [ 38.842151, 8.9823318 ], [ 38.8359825, 8.9866606 ], [ 38.8339757, 8.9881109 ], [ 38.8334667, 8.9893531 ], [ 38.8341969, 8.9946761 ], [ 38.8317735, 8.9990459 ], [ 38.8365258, 9.0017563 ], [ 38.8370329, 9.0052974 ], [ 38.8358678, 9.008523 ], [ 38.836019899999989, 9.0097019 ] ] ] } },
{ "type": "Feature", "properties": { "threshold_s": 300, "time_label": "5 min drive" }, "geometry": { "type": "Polygon", "coordinates": [ [ [ 38.7817363, 9.009675 ], [ 38.7820902, 9.0117878 ], [ 38.7835266, 9.0132155 ], [ 38.7845973, 9.014103 ], [ 38.7872844, 9.0160666 ], [ 38.7874547, 9.016091 ], [ 38.7904882, 9.0158742 ], [ 38.79156780000001, 9.0152893 ], [ 38.7924931, 9.0146112 ], [ 38.7955126, 9.0135726 ], [ 38.7970972, 9.0118228 ], [ 38.7981024, 9.0094849 ], [ 38.7985602, 9.0081237 ], [ 38.7990016, 9.0065682 ], [ 38.7987573, 9.0041948 ], [ 38.7978869, 9.0019288 ], [ 38.7977478, 9.0018792 ], [ 38.7955181, 9.0020965 ], [ 38.7943165, 9.0036151 ], [ 38.7917389, 9.0056483 ], [ 38.7892042, 9.0040436 ], [ 38.7882698, 9.0017096 ], [ 38.7897293, 8.9996859 ], [ 38.7906855, 8.9993148 ], [ 38.7894879, 8.9990878 ], [ 38.7867466, 8.9977213 ], [ 38.7867212, 8.9977217 ], [ 38.7865356, 8.9978286 ], [ 38.7865171, 8.9978671 ], [ 38.7862813, 8.9984227 ], [ 38.7839279, 9.0010036 ], [ 38.782213, 9.0034965 ], [ 38.7806044, 9.0049721 ], [ 38.781114, 9.0070292 ], [ 38.7817363, 9.009675 ] ] ] } },
{ "type": "Feature", "properties": { "threshold_s": 600, "time_label": "10 min drive" }, "geometry": { "type": "Polygon", "coordinates": [ [ [ 38.7803283, 9.0233325 ], [ 38.7806577, 9.0238498 ], [ 38.7811291, 9.0235631 ], [ 38.7856655, 9.0255148 ], [ 38.7855101, 9.0259326 ], [ 38.7855547, 9.0261301 ], [ 38.7859034, 9.0269719 ], [ 38.7871475, 9.0271371 ], [ 38.7874018, 9.0264369 ], [ 38.7890079, 9.0242943 ], [ 38.7930311, 9.0240115 ], [ 38.7948623, 9.021823 ], [ 38.7972284, 9.0207265 ], [ 38.8016899, 9.0200113 ], [ 38.8019774, 9.0198821 ], [ 38.802462, 9.0194301 ], [ 38.8030901, 9.0149569 ], [ 38.8034284, 9.0138029 ], [ 38.8041047, 9.011598 ], [ 38.8065782, 9.0089915 ], [ 38.8071023, 9.0065099 ], [ 38.8075008, 9.0044075 ], [ 38.8088088, 9.0004855 ], [ 38.8078462, 8.9964692 ], [ 38.8075995, 8.9959874 ], [ 38.8072592, 8.9956986 ], [ 38.8050545, 8.995391 ], [ 38.8044103, 8.9953973 ], [ 38.8026126, 8.9969332 ], [ 38.8004776, 8.9984045 ], [ 38.7965052, 8.9969379 ], [ 38.7956395, 8.9945489 ], [ 38.7952264, 8.9934812 ], [ 38.7949535, 8.9927309 ], [ 38.7948242, 8.9923398 ], [ 38.7938117, 8.9895998 ], [ 38.7937429, 8.9895272 ], [ 38.7931372, 8.9893507 ], [ 38.788588, 8.989031 ], [ 38.78467, 8.9891226 ], [ 38.7808029, 8.9921666 ], [ 38.7784264, 8.9944714 ], [ 38.7777683, 8.9954023 ], [ 38.777362, 8.9984848 ], [ 38.7779966, 8.9994625 ], [ 38.7757771, 9.0033548 ], [ 38.7734664, 9.0036753 ], [ 38.7718892, 9.0054106 ], [ 38.7719838, 9.0062934 ], [ 38.7738585, 9.0107737 ], [ 38.7746465, 9.0115406 ], [ 38.7766959, 9.0121141 ], [ 38.7790322, 9.0148252 ], [ 38.7813556, 9.0188907 ], [ 38.7803283, 9.0233325 ] ] ] } },
{ "type": "Feature", "properties": { "threshold_s": 900, "time_label": "15 min drive" }, "geometry": { "type": "Polygon", "coordinates": [ [ [ 38.7717946, 9.0280784 ], [ 38.7738375, 9.030361 ], [ 38.7741301, 9.0305373 ], [ 38.7808223, 9.0319061 ], [ 38.7820987, 9.0327323 ], [ 38.7853003, 9.0340705 ], [ 38.7913411, 9.0328014 ], [ 38.7947311, 9.0312946 ], [ 38.7988474, 9.0307862 ], [ 38.8011234, 9.0303124 ], [ 38.8040529, 9.0281892 ], [ 38.807424, 9.0245836 ], [ 38.8077682, 9.0239565 ], [ 38.8133654, 9.0199396 ], [ 38.8133688, 9.0197109 ], [ 38.8132233, 9.0144189 ], [ 38.8152355, 9.0119172 ], [ 38.8156991, 9.0109638 ], [ 38.8178348, 9.0041654 ], [ 38.8172889, 8.9977233 ], [ 38.81819, 8.9961768 ], [ 38.818171, 8.9959103 ], [ 38.8173123, 8.9931804 ], [ 38.8160405, 8.9906542 ], [ 38.8135928, 8.9897028 ], [ 38.8095916, 8.9871104 ], [ 38.8035562, 8.9852867 ], [ 38.8021619, 8.9853275 ], [ 38.7996331, 8.9854045 ], [ 38.7971379, 8.9861223 ], [ 38.791375, 8.9871117 ], [ 38.789819799999989, 8.986366 ], [ 38.788826, 8.985809 ], [ 38.7855757, 8.9849273 ], [ 38.7842988, 8.9845215 ], [ 38.7829895, 8.9840922 ], [ 38.7824454, 8.9839019 ], [ 38.7810382, 8.9833915 ], [ 38.779409, 8.9827553 ], [ 38.7757844, 8.9831065 ], [ 38.7738282, 8.9856895 ], [ 38.7713957, 8.9920023 ], [ 38.769518, 8.9962843 ], [ 38.7656343, 8.9994049 ], [ 38.7644974, 9.0004437 ], [ 38.7648436, 9.0018977 ], [ 38.7649561, 9.0026522 ], [ 38.7644245, 9.0091892 ], [ 38.7627631, 9.0110202 ], [ 38.7657801, 9.0168339 ], [ 38.7676275, 9.0197284 ], [ 38.7677259, 9.0197702 ], [ 38.7717222, 9.0232818 ], [ 38.7717946, 9.0280784 ] ] ] } },
{ "type": "Feature", "properties": { "threshold_s": 300, "time_label": "5 min drive" }, "geometry": { "type": "Polygon", "coordinates": [ [ [ 38.7650174, 8.8852214 ], [ 38.76605, 8.8868843 ], [ 38.7675292, 8.8882001 ], [ 38.768409, 8.8885578 ], [ 38.7687269, 8.8886108 ], [ 38.7690461, 8.8886333 ], [ 38.7692793, 8.8886358 ], [ 38.7695879, 8.8886392 ], [ 38.770178, 8.8886465 ], [ 38.7726255, 8.890159 ], [ 38.7734745, 8.8904273 ], [ 38.7757484, 8.8897945 ], [ 38.7757639, 8.8889009 ], [ 38.7761149, 8.8868364 ], [ 38.7745446, 8.8841601 ], [ 38.7765041, 8.8834503 ], [ 38.7769027, 8.8835723 ], [ 38.7770972, 8.8836571 ], [ 38.7778304, 8.8818824 ], [ 38.7799106, 8.8808788 ], [ 38.781229, 8.8806786 ], [ 38.7803621, 8.8782421 ], [ 38.7799341, 8.8772167 ], [ 38.7793182, 8.8762963 ], [ 38.7790885, 8.8762125 ], [ 38.7784941, 8.8764245 ], [ 38.7774631, 8.8766588 ], [ 38.7766194, 8.8768937 ], [ 38.7762518, 8.87701 ], [ 38.7739928, 8.8766186 ], [ 38.7733456, 8.8749585 ], [ 38.7725958, 8.8747552 ], [ 38.770874, 8.8752042 ], [ 38.7691796, 8.8748854 ], [ 38.7677211, 8.8753776 ], [ 38.767297, 8.875908 ], [ 38.7664918, 8.8768491 ], [ 38.7635757, 8.8771672 ], [ 38.7634999, 8.877254 ], [ 38.7642045, 8.8795444 ], [ 38.7642368, 8.8807834 ], [ 38.7642436, 8.8809668 ], [ 38.7642114, 8.8828271 ], [ 38.7650174, 8.8852214 ] ] ] } },
{ "type": "Feature", "properties": { "threshold_s": 600, "time_label": "10 min drive" }, "geometry": { "type": "Polygon", "coordinates": [ [ [ 38.7583935, 8.8909681 ], [ 38.7585378, 8.8918775 ], [ 38.7593684, 8.8926793 ], [ 38.7608761, 8.8933582 ], [ 38.7627348, 8.8929156 ], [ 38.7630916, 8.8928799 ], [ 38.7651489, 8.8921959 ], [ 38.7691574, 8.8917298 ], [ 38.7704194, 8.8941161 ], [ 38.7706802, 8.8955247 ], [ 38.7692171, 8.8984296 ], [ 38.7691034, 8.8985494 ], [ 38.7692094, 8.8986638 ], [ 38.7696059, 8.8991058 ], [ 38.7705658, 8.8990502 ], [ 38.7742224, 8.8997468 ], [ 38.774598, 8.89969 ], [ 38.7780881, 8.8991056 ], [ 38.7790239, 8.8989217 ], [ 38.7818375, 8.8969634 ], [ 38.782726, 8.8937607 ], [ 38.7827655, 8.8921406 ], [ 38.7841936, 8.8887868 ], [ 38.7869233, 8.8874147 ], [ 38.7877156, 8.8866087 ], [ 38.7872502, 8.8844257 ], [ 38.7867614, 8.8834541 ], [ 38.7855439, 8.8819887 ], [ 38.7853353, 8.8787436 ], [ 38.786658, 8.8768682 ], [ 38.7899976, 8.8762392 ], [ 38.7886957, 8.8740127 ], [ 38.7851599, 8.8763712 ], [ 38.7835273, 8.8750637 ], [ 38.7795013, 8.8750597 ], [ 38.7774631, 8.8766588 ], [ 38.7745017, 8.8739069 ], [ 38.7748142, 8.8706076 ], [ 38.7762773, 8.8668603 ], [ 38.7724444, 8.8676884 ], [ 38.7708887, 8.8679373 ], [ 38.7687513, 8.8693906 ], [ 38.76706870000001, 8.8712832 ], [ 38.7655381, 8.8729796 ], [ 38.7652427, 8.8733213 ], [ 38.7612383, 8.873666 ], [ 38.7590803, 8.8743482 ], [ 38.7589778, 8.8743954 ], [ 38.7610233, 8.8780591 ], [ 38.759914, 8.8798571 ], [ 38.7594357, 8.8803996 ], [ 38.7599158, 8.8836168 ], [ 38.7589408, 8.884706 ], [ 38.7570298, 8.8855354 ], [ 38.7551911, 8.8876316 ], [ 38.7560184, 8.8881198 ], [ 38.7561699, 8.8882233 ], [ 38.7583935, 8.8909681 ] ] ] } },
{ "type": "Feature", "properties": { "threshold_s": 900, "time_label": "15 min drive" }, "geometry": { "type": "Polygon", "coordinates": [ [ [ 38.7552514, 8.8987535 ], [ 38.7552085, 8.9014484 ], [ 38.7610805, 8.9041115 ], [ 38.7632241, 8.9069686 ], [ 38.7643216, 8.9084342 ], [ 38.7648488, 8.9087514 ], [ 38.7660101, 8.9085182 ], [ 38.772091, 8.9090761 ], [ 38.7751159, 8.9070384 ], [ 38.7754371, 8.9066429 ], [ 38.7786913, 8.9035796 ], [ 38.7825369, 8.906303 ], [ 38.7827267, 8.9066475 ], [ 38.7831424, 8.9062752 ], [ 38.7836017, 8.90562 ], [ 38.7852651, 8.9013855 ], [ 38.7855787, 8.9005542 ], [ 38.7894606, 8.8953213 ], [ 38.7897252, 8.8951883 ], [ 38.7899805, 8.89506 ], [ 38.7927742, 8.8912038 ], [ 38.794199, 8.8857715 ], [ 38.7960479, 8.8835552 ], [ 38.7963669, 8.8832151 ], [ 38.7979744, 8.8801757 ], [ 38.7997678, 8.8752486 ], [ 38.7999488, 8.8746378 ], [ 38.8002576, 8.8731639 ], [ 38.799014, 8.8703339 ], [ 38.7980069, 8.8680719 ], [ 38.7958843, 8.8678573 ], [ 38.7932211, 8.8629091 ], [ 38.7898071, 8.8615443 ], [ 38.7873461, 8.8624232 ], [ 38.7863966, 8.8635178 ], [ 38.7821674, 8.8657512 ], [ 38.7762773, 8.8668603 ], [ 38.7768864, 8.8606748 ], [ 38.7676451, 8.8585051 ], [ 38.7712106, 8.8654199 ], [ 38.7687513, 8.8693906 ], [ 38.76706870000001, 8.8712832 ], [ 38.7612383, 8.873666 ], [ 38.7581938, 8.8719406 ], [ 38.75615, 8.8684079 ], [ 38.755032, 8.8629935 ], [ 38.7547489, 8.8626562 ], [ 38.7512389, 8.8648594 ], [ 38.7499793, 8.8704283 ], [ 38.7513368, 8.8719666 ], [ 38.7516461, 8.8722801 ], [ 38.7535933, 8.874389 ], [ 38.7542376, 8.8758044 ], [ 38.750538, 8.881216 ], [ 38.7524524, 8.8870235 ], [ 38.7492835, 8.8916357 ], [ 38.7504879, 8.8928521 ], [ 38.7516493, 8.8929554 ], [ 38.7553668, 8.8948766 ], [ 38.7552514, 8.8987535 ] ] ] } },
{ "type": "Feature", "properties": { "threshold_s": 300, "time_label": "5 min drive" }, "geometry": { "type": "Polygon", "coordinates": [ [ [ 38.7634382, 8.8882759 ], [ 38.763790299999989, 8.8887161 ], [ 38.7652506, 8.8883152 ], [ 38.765797, 8.8874824 ], [ 38.7675292, 8.8882001 ], [ 38.7681292, 8.8885095 ], [ 38.768409, 8.8885578 ], [ 38.7687269, 8.8886108 ], [ 38.7695816, 8.888025 ], [ 38.7695704, 8.8877853 ], [ 38.7695247, 8.8874449 ], [ 38.7687478, 8.8875735 ], [ 38.7678147, 8.8868339 ], [ 38.768355, 8.8855132 ], [ 38.768836899999989, 8.8850319 ], [ 38.7706809, 8.8855235 ], [ 38.7722352, 8.8863407 ], [ 38.7721829, 8.887023 ], [ 38.7730632, 8.88694 ], [ 38.7745227, 8.8868621 ], [ 38.7746148, 8.8868447 ], [ 38.774276, 8.885842 ], [ 38.7745446, 8.8841601 ], [ 38.7752304, 8.883042 ], [ 38.7765041, 8.8834503 ], [ 38.7769027, 8.8835723 ], [ 38.7770972, 8.8836571 ], [ 38.7778304, 8.8818824 ], [ 38.7780698, 8.881533 ], [ 38.7776543, 8.8809033 ], [ 38.7768848, 8.8792721 ], [ 38.7768459, 8.8779065 ], [ 38.7767992, 8.8769866 ], [ 38.7766194, 8.8768937 ], [ 38.7762518, 8.87701 ], [ 38.7757596, 8.8773666 ], [ 38.7739928, 8.8766186 ], [ 38.7741543, 8.8759687 ], [ 38.7741409, 8.8756997 ], [ 38.7740926, 8.875179 ], [ 38.7745017, 8.8739069 ], [ 38.7736933, 8.873524 ], [ 38.7730252, 8.8731861 ], [ 38.7721295, 8.8719919 ], [ 38.7708462, 8.8716386 ], [ 38.769931, 8.8717436 ], [ 38.7686912, 8.8723046 ], [ 38.7677198, 8.8722176 ], [ 38.7668759, 8.8723432 ], [ 38.7655381, 8.8729796 ], [ 38.7652427, 8.8733213 ], [ 38.7642342, 8.8749975 ], [ 38.7638214, 8.8754661 ], [ 38.7631592, 8.876206 ], [ 38.7628455, 8.876551 ], [ 38.7625513, 8.8768847 ], [ 38.7610233, 8.8780591 ], [ 38.7613119, 8.8782889 ], [ 38.761375, 8.8798086 ], [ 38.759914, 8.8798571 ], [ 38.7594357, 8.8803996 ], [ 38.7600581, 8.8813788 ], [ 38.7606172, 8.8828483 ], [ 38.7599158, 8.8836168 ], [ 38.760581, 8.8829622 ], [ 38.762252, 8.8837255 ], [ 38.7635395, 8.882782 ], [ 38.7642114, 8.8828271 ], [ 38.7655123, 8.8833425 ], [ 38.7650174, 8.8852214 ], [ 38.7637849, 8.8855381 ], [ 38.7633491, 8.8858441 ], [ 38.762472, 8.8858852 ], [ 38.762657, 8.8866498 ], [ 38.76269150000001, 8.8872431 ], [ 38.7629883, 8.8876541 ], [ 38.7634382, 8.8882759 ] ] ] } },
{ "type": "Feature", "properties": { "threshold_s": 600, "time_label": "10 min drive" }, "geometry": { "type": "Polygon", "coordinates": [ [ [ 38.7522192, 8.8881828 ], [ 38.7533164, 8.8907938 ], [ 38.7569346, 8.8920226 ], [ 38.7572175, 8.8933423 ], [ 38.758281, 8.8938921 ], [ 38.7608908, 8.895192 ], [ 38.7618064, 8.8953291 ], [ 38.7651489, 8.8921959 ], [ 38.7691574, 8.8917298 ], [ 38.7703173, 8.8916745 ], [ 38.7729752, 8.8946812 ], [ 38.7738392, 8.8956067 ], [ 38.7767011, 8.8948461 ], [ 38.7786306, 8.895075 ], [ 38.7785196, 8.8938551 ], [ 38.7807956, 8.8903742 ], [ 38.7808449, 8.8875728 ], [ 38.7837963, 8.8847293 ], [ 38.7850467, 8.8848608 ], [ 38.7860235, 8.8848887 ], [ 38.7851219, 8.8823713 ], [ 38.7847693, 8.8815397 ], [ 38.784264899999989, 8.8812662 ], [ 38.7818809, 8.8811441 ], [ 38.7824566, 8.8766564 ], [ 38.7841762, 8.876378 ], [ 38.7851599, 8.8763712 ], [ 38.7835273, 8.8750637 ], [ 38.7795013, 8.8750597 ], [ 38.7774631, 8.8766588 ], [ 38.7745017, 8.8739069 ], [ 38.7748142, 8.8706076 ], [ 38.7762773, 8.8668603 ], [ 38.7717511, 8.8660043 ], [ 38.7712106, 8.8654199 ], [ 38.770119, 8.8686915 ], [ 38.7687513, 8.8693906 ], [ 38.76706870000001, 8.8712832 ], [ 38.7655381, 8.8729796 ], [ 38.7612383, 8.873666 ], [ 38.7581938, 8.8719406 ], [ 38.75615, 8.8684079 ], [ 38.7560906, 8.86851 ], [ 38.7552152, 8.870062 ], [ 38.7538165, 8.8738195 ], [ 38.7542376, 8.8758044 ], [ 38.7550423, 8.8769559 ], [ 38.7556417, 8.8771348 ], [ 38.7589778, 8.8743954 ], [ 38.7610233, 8.8780591 ], [ 38.759914, 8.8798571 ], [ 38.7594357, 8.8803996 ], [ 38.7589408, 8.884706 ], [ 38.7570298, 8.8855354 ], [ 38.7540306, 8.8846602 ], [ 38.7532318, 8.8859409 ], [ 38.7524524, 8.8870235 ], [ 38.7522192, 8.8881828 ] ] ] } },
{ "type": "Feature", "properties": { "threshold_s": 900, "time_label": "15 min drive" }, "geometry": { "type": "Polygon", "coordinates": [ [ [ 38.7517056, 8.8980247 ], [ 38.7509195, 8.9014142 ], [ 38.7554542, 8.9046833 ], [ 38.7598751, 8.9041518 ], [ 38.766197, 8.9047041 ], [ 38.7663694, 8.9047697 ], [ 38.7714292, 8.9048853 ], [ 38.771328, 8.9031716 ], [ 38.7719249, 8.9016463 ], [ 38.7779483, 8.9028502 ], [ 38.7782065, 8.9031043 ], [ 38.7786913, 8.9035796 ], [ 38.780651, 8.9027849 ], [ 38.7818737, 8.9020533 ], [ 38.7843489, 8.9004319 ], [ 38.7851742, 8.8997465 ], [ 38.7856549, 8.8992789 ], [ 38.7875404, 8.896262 ], [ 38.7883043, 8.8928216 ], [ 38.7875721, 8.8918364 ], [ 38.7877156, 8.8866087 ], [ 38.7923162, 8.8846006 ], [ 38.792441, 8.8844337 ], [ 38.7953065, 8.8804889 ], [ 38.795836, 8.8797477 ], [ 38.7950563, 8.8736665 ], [ 38.7952548, 8.8732369 ], [ 38.7954334, 8.872819 ], [ 38.7953841, 8.872452 ], [ 38.7914818, 8.8690336 ], [ 38.7894752, 8.8669075 ], [ 38.789298, 8.8667656 ], [ 38.7872468, 8.8671385 ], [ 38.7853891, 8.8682394 ], [ 38.7852598, 8.8685307 ], [ 38.7851829, 8.8691277 ], [ 38.7851259, 8.8694985 ], [ 38.7849167, 8.8720943 ], [ 38.7795013, 8.8750597 ], [ 38.7745017, 8.8739069 ], [ 38.7748142, 8.8706076 ], [ 38.7762773, 8.8668603 ], [ 38.7768864, 8.8606748 ], [ 38.7810479, 8.8571116 ], [ 38.7808323, 8.8568008 ], [ 38.7698477, 8.8550452 ], [ 38.7641859, 8.8575263 ], [ 38.7593647, 8.8606731 ], [ 38.7547489, 8.8626562 ], [ 38.7508929, 8.8631659 ], [ 38.7512389, 8.8648594 ], [ 38.7499793, 8.8704283 ], [ 38.7513368, 8.8719666 ], [ 38.7516461, 8.8722801 ], [ 38.7535933, 8.874389 ], [ 38.7542376, 8.8758044 ], [ 38.7550423, 8.8769559 ], [ 38.750538, 8.881216 ], [ 38.7520864, 8.8868283 ], [ 38.7514025, 8.8886067 ], [ 38.7492835, 8.8916357 ], [ 38.7504879, 8.8928521 ], [ 38.7517056, 8.8980247 ] ] ] } },
{ "type": "Feature", "properties": { "threshold_s": 300, "time_label": "5 min drive" }, "geometry": { "type": "Polygon", "coordinates": [ [ [ 38.7331104, 8.9960335 ], [ 38.7327133, 8.9962945 ], [ 38.7344089, 8.9966973 ], [ 38.7351872, 8.9964457 ], [ 38.7363319, 8.9957165 ], [ 38.7376045, 8.9950873 ], [ 38.7392383, 8.9966999 ], [ 38.7384094, 8.9990658 ], [ 38.7382798, 8.9993214 ], [ 38.7385125, 9.0008076 ], [ 38.7386283, 9.0010025 ], [ 38.7405517, 9.0016754 ], [ 38.7406738, 9.0016086 ], [ 38.7403566, 8.9997024 ], [ 38.741196, 8.9981371 ], [ 38.7412902, 8.9975805 ], [ 38.7424426, 8.9950761 ], [ 38.7434026, 8.9939302 ], [ 38.7452549, 8.9933223 ], [ 38.745168, 8.9917751 ], [ 38.7457274, 8.9902239 ], [ 38.7458231, 8.9900598 ], [ 38.7455534, 8.9887752 ], [ 38.745739, 8.9870659 ], [ 38.7441847, 8.9862839 ], [ 38.7425393, 8.9852723 ], [ 38.7415929, 8.9840381 ], [ 38.7399087, 8.9830778 ], [ 38.7389101, 8.9822218 ], [ 38.7376715, 8.9833207 ], [ 38.7368917, 8.9845969 ], [ 38.7361689, 8.9857799 ], [ 38.7343611, 8.9875946 ], [ 38.7336409, 8.9878794 ], [ 38.7325734, 8.9896107 ], [ 38.7341836, 8.9908431 ], [ 38.7345606, 8.9911895 ], [ 38.7357491, 8.9923739 ], [ 38.7349678, 8.9955992 ], [ 38.734162, 8.9953306 ], [ 38.7331104, 8.9960335 ] ] ] } },
{ "type": "Feature", "properties": { "threshold_s": 600, "time_label": "10 min drive" }, "geometry": { "type": "Polygon", "coordinates": [ [ [ 38.7223239, 8.9985459 ], [ 38.7220337, 8.9992215 ], [ 38.7224929, 8.9990797 ], [ 38.7236724, 8.9987142 ], [ 38.7268985, 8.9991841 ], [ 38.7274674, 8.99912 ], [ 38.7289264, 8.9982376 ], [ 38.7302594, 8.9977804 ], [ 38.7307139, 8.9976947 ], [ 38.7308209, 8.9976433 ], [ 38.7316547, 8.9970266 ], [ 38.7344089, 8.9966973 ], [ 38.7353683, 9.0005664 ], [ 38.7346404, 9.0011646 ], [ 38.7325948, 9.0017547 ], [ 38.732501, 9.001813 ], [ 38.730182, 9.0046135 ], [ 38.7292146, 9.0052443 ], [ 38.7303954, 9.0060927 ], [ 38.7320933, 9.0081855 ], [ 38.7321313, 9.0082453 ], [ 38.7331688, 9.0089207 ], [ 38.7339242, 9.0093103 ], [ 38.7377943, 9.0090929 ], [ 38.7381826, 9.0091977 ], [ 38.7383308, 9.0091723 ], [ 38.7408923, 9.0088199 ], [ 38.7441169, 9.0104975 ], [ 38.7446872, 9.0118417 ], [ 38.746218, 9.0106422 ], [ 38.7462365, 9.010408 ], [ 38.747238, 9.0078212 ], [ 38.7483193, 9.0068967 ], [ 38.7488369, 9.0065047 ], [ 38.7495799, 9.006002 ], [ 38.7495591, 9.0047865 ], [ 38.7513207, 9.0020037 ], [ 38.7519483, 9.0002155 ], [ 38.754885, 8.997454 ], [ 38.7555028, 8.9954064 ], [ 38.7554826, 8.9950496 ], [ 38.7551761, 8.9935003 ], [ 38.7542736, 8.9907449 ], [ 38.7537588, 8.9896716 ], [ 38.7542526, 8.9861048 ], [ 38.7556738, 8.9825708 ], [ 38.7556243, 8.9824778 ], [ 38.7553965, 8.9820855 ], [ 38.7527538, 8.9800289 ], [ 38.7493123, 8.9789151 ], [ 38.7465915, 8.9763782 ], [ 38.7435445, 8.9750427 ], [ 38.7413748, 8.97385 ], [ 38.7400493, 8.9729126 ], [ 38.7386957, 8.972108 ], [ 38.7379927, 8.9718926 ], [ 38.7356306, 8.9733012 ], [ 38.7346587, 8.9739573 ], [ 38.7339346, 8.9746786 ], [ 38.7313138, 8.9771965 ], [ 38.7284209, 8.9790959 ], [ 38.7281638, 8.9797434 ], [ 38.7267278, 8.9829053 ], [ 38.7257044, 8.9846006 ], [ 38.7250746, 8.9859916 ], [ 38.7254617, 8.9891712 ], [ 38.7248948, 8.9919464 ], [ 38.723478, 8.9931039 ], [ 38.7230574, 8.9945486 ], [ 38.7231459, 8.9971346 ], [ 38.7223239, 8.9985459 ] ] ] } },
{ "type": "Feature", "properties": { "threshold_s": 900, "time_label": "15 min drive" }, "geometry": { "type": "Polygon", "coordinates": [ [ [ 38.7190919, 9.0068716 ], [ 38.7197143, 9.0079515 ], [ 38.7264124, 9.0111896 ], [ 38.7264951, 9.0122563 ], [ 38.728192, 9.0146268 ], [ 38.7284146, 9.0150242 ], [ 38.7333642, 9.0199679 ], [ 38.7358101, 9.0202699 ], [ 38.7430246, 9.0216786 ], [ 38.7439812, 9.0218566 ], [ 38.7482576, 9.0219958 ], [ 38.7524126, 9.0191699 ], [ 38.7543747, 9.0174346 ], [ 38.7544893, 9.0173204 ], [ 38.75478, 9.0135773 ], [ 38.7588742, 9.0086394 ], [ 38.7587141, 9.0041929 ], [ 38.7630087, 8.9993346 ], [ 38.7649101, 8.9987426 ], [ 38.7662316, 8.9977834 ], [ 38.7661868, 8.9974783 ], [ 38.7656003, 8.9952358 ], [ 38.7629128, 8.9892678 ], [ 38.7646041, 8.9874446 ], [ 38.7658242, 8.9834727 ], [ 38.7653653, 8.981421 ], [ 38.7648254, 8.9790716 ], [ 38.7632147, 8.9764116 ], [ 38.7574417, 8.9741084 ], [ 38.7552445, 8.9725333 ], [ 38.7512636, 8.9691897 ], [ 38.7468503, 8.9662824 ], [ 38.745336, 8.9653832 ], [ 38.743452499999989, 8.9650028 ], [ 38.7424278, 8.9649367 ], [ 38.7358058, 8.9664959 ], [ 38.7338521, 8.9650684 ], [ 38.7328751, 8.963896 ], [ 38.7268608, 8.9678845 ], [ 38.7264735, 8.9680878 ], [ 38.7262581, 8.9682747 ], [ 38.7259778, 8.9693115 ], [ 38.725397, 8.9725041 ], [ 38.7249218, 8.9744112 ], [ 38.7250285, 8.9746682 ], [ 38.7254701, 8.9755197 ], [ 38.7256413, 8.9758612 ], [ 38.7258704, 8.9763704 ], [ 38.7239528, 8.9834432 ], [ 38.7189652, 8.9832542 ], [ 38.7184726, 8.9834798 ], [ 38.7180908, 8.9841611 ], [ 38.7144182, 8.9901571 ], [ 38.7136137, 8.9922004 ], [ 38.7167689, 8.9939947 ], [ 38.7188513, 8.9979545 ], [ 38.7189357, 9.0001877 ], [ 38.7189773, 9.0029713 ], [ 38.7188894, 9.0059185 ], [ 38.7190919, 9.0068716 ] ] ] } },
{ "type": "Feature", "properties": { "threshold_s": 300, "time_label": "5 min drive" }, "geometry": { "type": "Polygon", "coordinates": [ [ [ 38.7114208, 8.963849 ], [ 38.7097062, 8.9659719 ], [ 38.7113571, 8.9645981 ], [ 38.7129534, 8.9636095 ], [ 38.7136356, 8.9631317 ], [ 38.7161542, 8.9625726 ], [ 38.7185303, 8.963298 ], [ 38.7188681, 8.9640159 ], [ 38.7191646, 8.9638658 ], [ 38.7197271, 8.9634522 ], [ 38.7195989, 8.9608922 ], [ 38.7201773, 8.9593981 ], [ 38.7204976, 8.9588953 ], [ 38.7204492, 8.9572919 ], [ 38.719532, 8.9559976 ], [ 38.7206413, 8.9540548 ], [ 38.7197442, 8.9537792 ], [ 38.7191717, 8.9537152 ], [ 38.7169911, 8.9552216 ], [ 38.7155355, 8.9529384 ], [ 38.7160796, 8.9525004 ], [ 38.715132, 8.9523883 ], [ 38.7148164, 8.9526331 ], [ 38.714506, 8.9529219 ], [ 38.7127281, 8.9547367 ], [ 38.7120212, 8.9546961 ], [ 38.7112694, 8.9546488 ], [ 38.7093868, 8.9554634 ], [ 38.7084783, 8.9569867 ], [ 38.7047407, 8.9583863 ], [ 38.7048435, 8.9584197 ], [ 38.7066028, 8.9589294 ], [ 38.7066794, 8.9589522 ], [ 38.7082998, 8.9591877 ], [ 38.7097852, 8.9596157 ], [ 38.7103525, 8.9597938 ], [ 38.7117541, 8.9617023 ], [ 38.7114597, 8.962623 ], [ 38.7114208, 8.963849 ] ] ] } },
{ "type": "Feature", "properties": { "threshold_s": 600, "time_label": "10 min drive" }, "geometry": { "type": "Polygon", "coordinates": [ [ [ 38.7034211, 8.9737798 ], [ 38.7032911, 8.9744652 ], [ 38.7057853, 8.9756135 ], [ 38.7085293, 8.9743943 ], [ 38.7089684, 8.9741971 ], [ 38.7092046, 8.9740936 ], [ 38.7097858, 8.9738359 ], [ 38.7107423, 8.973403 ], [ 38.7110888, 8.9732445 ], [ 38.7120216, 8.9728206 ], [ 38.7190926, 8.9729571 ], [ 38.719691, 8.9732715 ], [ 38.7203197, 8.973395 ], [ 38.7245283, 8.974013 ], [ 38.7247649, 8.9740211 ], [ 38.7256497, 8.9737093 ], [ 38.7262196, 8.9727065 ], [ 38.726311699999989, 8.9714187 ], [ 38.727859, 8.965116 ], [ 38.7283591, 8.9631028 ], [ 38.7281711, 8.961453 ], [ 38.7276265, 8.9607913 ], [ 38.7270949, 8.9603611 ], [ 38.7285447, 8.9530967 ], [ 38.7301407, 8.9521526 ], [ 38.7301135, 8.9516866 ], [ 38.7295159, 8.9510631 ], [ 38.7253968, 8.9471595 ], [ 38.7232443, 8.9452125 ], [ 38.718863399999989, 8.9440195 ], [ 38.7169259, 8.9451545 ], [ 38.7111602, 8.9483774 ], [ 38.7097463, 8.9487392 ], [ 38.7053463, 8.9498908 ], [ 38.7026042, 8.9508445 ], [ 38.6957145, 8.9536041 ], [ 38.6952031, 8.9546876 ], [ 38.6953, 8.9566272 ], [ 38.69564, 8.9586806 ], [ 38.6984839, 8.9604146 ], [ 38.7013595, 8.9668015 ], [ 38.7034211, 8.9737798 ] ] ] } },
{ "type": "Feature", "properties": { "threshold_s": 900, "time_label": "15 min drive" }, "geometry": { "type": "Polygon", "coordinates": [ [ [ 38.6920311, 8.9726709 ], [ 38.6950582, 8.9787432 ], [ 38.6962969, 8.9798324 ], [ 38.6982022, 8.9806336 ], [ 38.6993848, 8.9798635 ], [ 38.6997792, 8.9793816 ], [ 38.7001629, 8.9789049 ], [ 38.7039784, 8.9764145 ], [ 38.7087125, 8.9768225 ], [ 38.7088077, 8.976686 ], [ 38.7140299, 8.9732737 ], [ 38.7169396, 8.9793102 ], [ 38.7169675, 8.9793978 ], [ 38.7197882, 8.9819198 ], [ 38.7223984, 8.9810641 ], [ 38.7230837, 8.980366 ], [ 38.7282267, 8.9758101 ], [ 38.7296868, 8.9752961 ], [ 38.7322075, 8.9738249 ], [ 38.7363479, 8.9677001 ], [ 38.7372129, 8.9662997 ], [ 38.7352396, 8.9611247 ], [ 38.7351846, 8.9609923 ], [ 38.7335671, 8.9563225 ], [ 38.7375453, 8.9503824 ], [ 38.7376017, 8.9503521 ], [ 38.737744, 8.9500637 ], [ 38.737869, 8.9496672 ], [ 38.7380095, 8.9478604 ], [ 38.7378211, 8.947269 ], [ 38.7372874, 8.9463404 ], [ 38.7359986, 8.9446844 ], [ 38.7321194, 8.9399929 ], [ 38.7253392, 8.9368905 ], [ 38.7208172, 8.9348974 ], [ 38.7195191, 8.9350239 ], [ 38.7182757, 8.9384784 ], [ 38.7166619, 8.9404894 ], [ 38.7162273, 8.9410286 ], [ 38.7126721, 8.9439332 ], [ 38.706592, 8.9420225 ], [ 38.7047534, 8.9399916 ], [ 38.7038671, 8.9400165 ], [ 38.7019385, 8.9415868 ], [ 38.6966338, 8.9437687 ], [ 38.6935446, 8.9429701 ], [ 38.6882305, 8.9480621 ], [ 38.6848025, 8.9510048 ], [ 38.684802, 8.9512162 ], [ 38.6869499, 8.9589574 ], [ 38.6873272, 8.9636669 ], [ 38.690342, 8.9652592 ], [ 38.6919154, 8.9705047 ], [ 38.6920311, 8.9726709 ] ] ] } },
{ "type": "Feature", "properties": { "threshold_s": 300, "time_label": "5 min drive" }, "geometry": { "type": "Polygon", "coordinates": [ [ [ 38.7157479, 9.0667755 ], [ 38.716975, 9.0684375 ], [ 38.7172258, 9.0686296 ], [ 38.7175758, 9.0688659 ], [ 38.717952, 9.0690613 ], [ 38.7183242, 9.0691898 ], [ 38.7187151, 9.0692712 ], [ 38.7191013, 9.0693507 ], [ 38.7217079, 9.0706514 ], [ 38.7233111, 9.0688621 ], [ 38.7248123, 9.0674636 ], [ 38.7253127, 9.0670643 ], [ 38.7256729, 9.0667716 ], [ 38.728247, 9.0658195 ], [ 38.7285199, 9.065158 ], [ 38.730207, 9.0632998 ], [ 38.7308672, 9.0629926 ], [ 38.7305777, 9.0609368 ], [ 38.7304907, 9.0600483 ], [ 38.7301497, 9.0584859 ], [ 38.7300478, 9.0568363 ], [ 38.7295091, 9.0565492 ], [ 38.7280893, 9.0556864 ], [ 38.7264594, 9.0539379 ], [ 38.7239107, 9.0536173 ], [ 38.7223233, 9.0535926 ], [ 38.7195439, 9.0541978 ], [ 38.717808, 9.0563214 ], [ 38.717546, 9.0564352 ], [ 38.7171903, 9.0565867 ], [ 38.7172968, 9.0576841 ], [ 38.7176294, 9.0593392 ], [ 38.7175503, 9.0612463 ], [ 38.7172703, 9.0624235 ], [ 38.7161169, 9.0649894 ], [ 38.7159044, 9.0653812 ], [ 38.7154944, 9.0661054 ], [ 38.7157479, 9.0667755 ] ] ] } },
{ "type": "Feature", "properties": { "threshold_s": 600, "time_label": "10 min drive" }, "geometry": { "type": "Polygon", "coordinates": [ [ [ 38.7157707, 9.0714928 ], [ 38.7160362, 9.0719192 ], [ 38.7166478, 9.0718531 ], [ 38.7172835, 9.071559 ], [ 38.7181498, 9.071257 ], [ 38.7215999, 9.0727251 ], [ 38.7221517, 9.0746327 ], [ 38.722216, 9.0782878 ], [ 38.7235789, 9.0781644 ], [ 38.7241217, 9.0760789 ], [ 38.7261845, 9.0750759 ], [ 38.727037, 9.0714079 ], [ 38.7291224, 9.0709316 ], [ 38.732525099999989, 9.0719682 ], [ 38.7338488, 9.072825 ], [ 38.7354343, 9.0715826 ], [ 38.736533, 9.0691618 ], [ 38.7366899, 9.0685607 ], [ 38.7366696, 9.0678933 ], [ 38.7386929, 9.06495 ], [ 38.7412933, 9.0643519 ], [ 38.7407585, 9.0618542 ], [ 38.7401898, 9.0598316 ], [ 38.7400846, 9.0574848 ], [ 38.739381, 9.0548087 ], [ 38.7395238, 9.0517733 ], [ 38.7383787, 9.0498933 ], [ 38.737653, 9.0490786 ], [ 38.7351885, 9.0477024 ], [ 38.7340439, 9.0471309 ], [ 38.7315516, 9.0461225 ], [ 38.7298006, 9.0461839 ], [ 38.7265465, 9.0456124 ], [ 38.7258055, 9.0444085 ], [ 38.7229102, 9.0439932 ], [ 38.719912, 9.0434609 ], [ 38.7183244, 9.0449502 ], [ 38.7188249, 9.0478735 ], [ 38.7188915, 9.0484049 ], [ 38.7191878, 9.0503161 ], [ 38.7191489, 9.0506074 ], [ 38.7193219, 9.0513749 ], [ 38.7159088, 9.0528119 ], [ 38.7158673, 9.0528311 ], [ 38.7133989, 9.0548277 ], [ 38.7119106, 9.0534801 ], [ 38.7108354, 9.0541781 ], [ 38.7100965, 9.054685 ], [ 38.7100254, 9.0561289 ], [ 38.710331, 9.0582414 ], [ 38.7106494, 9.0583536 ], [ 38.7118144, 9.058767 ], [ 38.713122, 9.0590505 ], [ 38.7144677, 9.0620141 ], [ 38.7146339, 9.062817 ], [ 38.7154944, 9.0661054 ], [ 38.714509, 9.0682505 ], [ 38.7146036, 9.0688953 ], [ 38.7157707, 9.0714928 ] ] ] } },
{ "type": "Feature", "properties": { "threshold_s": 900, "time_label": "15 min drive" }, "geometry": { "type": "Polygon", "coordinates": [ [ [ 38.7007818, 9.0595253 ], [ 38.7029162, 9.0652896 ], [ 38.7047808, 9.0663645 ], [ 38.7059357, 9.0659722 ], [ 38.7064393, 9.0656273 ], [ 38.707658, 9.0628554 ], [ 38.7110449, 9.061498 ], [ 38.714509, 9.0682505 ], [ 38.7146036, 9.0688953 ], [ 38.7151902, 9.0700342 ], [ 38.7157707, 9.0714928 ], [ 38.7160362, 9.0719192 ], [ 38.7182799, 9.0763662 ], [ 38.7190591, 9.077488 ], [ 38.7222228, 9.0847868 ], [ 38.7265894, 9.0880836 ], [ 38.7278259, 9.0858894 ], [ 38.7287586, 9.0812933 ], [ 38.7324589, 9.0764417 ], [ 38.7377219, 9.0759888 ], [ 38.7382369, 9.0758127 ], [ 38.7436053, 9.0729628 ], [ 38.748621, 9.0678092 ], [ 38.7511843, 9.0651055 ], [ 38.749297, 9.0633328 ], [ 38.7490278, 9.0556322 ], [ 38.7492225, 9.055185 ], [ 38.7495685, 9.0545069 ], [ 38.747037, 9.0469648 ], [ 38.7454044, 9.0430285 ], [ 38.7409521, 9.0390779 ], [ 38.7382503, 9.0365404 ], [ 38.7319454, 9.0356406 ], [ 38.7281773, 9.0340688 ], [ 38.7249019, 9.0339276 ], [ 38.7202721, 9.0340603 ], [ 38.719316, 9.0342986 ], [ 38.7159074, 9.0367538 ], [ 38.7131271, 9.0395315 ], [ 38.7104224, 9.0431006 ], [ 38.7045966, 9.0471786 ], [ 38.704256, 9.0473587 ], [ 38.7030889, 9.0479372 ], [ 38.7025222, 9.0482045 ], [ 38.7021819, 9.0503737 ], [ 38.7005751, 9.0580084 ], [ 38.7007818, 9.0595253 ] ] ] } },
{ "type": "Feature", "properties": { "threshold_s": 300, "time_label": "5 min drive" }, "geometry": { "type": "Polygon", "coordinates": [ [ [ 38.7747833, 9.0070232 ], [ 38.7751776, 9.0098829 ], [ 38.7759849, 9.0099015 ], [ 38.7784591, 9.0103509 ], [ 38.781424, 9.0121573 ], [ 38.7829445, 9.010364 ], [ 38.7855299, 9.0086168 ], [ 38.7873394, 9.0074464 ], [ 38.7880187, 9.0050821 ], [ 38.787735, 9.001911 ], [ 38.788019, 9.0010556 ], [ 38.7880436, 8.9997064 ], [ 38.7873295, 8.9978484 ], [ 38.788491, 8.9960225 ], [ 38.788413, 8.9959625 ], [ 38.787379, 8.9954801 ], [ 38.7854666, 8.9953642 ], [ 38.7831055, 8.9938415 ], [ 38.7807734, 8.9938303 ], [ 38.7792901, 8.9935064 ], [ 38.7772892, 8.9944502 ], [ 38.7770092, 8.9949946 ], [ 38.777362, 8.9984848 ], [ 38.7779966, 8.9994625 ], [ 38.7795597, 9.0006527 ], [ 38.7787355, 9.0030202 ], [ 38.7768754, 9.0031859 ], [ 38.7753379, 9.0044741 ], [ 38.773414, 9.0061278 ], [ 38.773443, 9.0062162 ], [ 38.7747833, 9.0070232 ] ] ] } },
{ "type": "Feature", "properties": { "threshold_s": 600, "time_label": "10 min drive" }, "geometry": { "type": "Polygon", "coordinates": [ [ [ 38.7682007, 9.0165141 ], [ 38.7713573, 9.0204686 ], [ 38.7740967, 9.0193713 ], [ 38.7747315, 9.0192594 ], [ 38.7760797, 9.0175791 ], [ 38.7807383, 9.0166185 ], [ 38.7813556, 9.0188907 ], [ 38.7810531, 9.0207143 ], [ 38.7811702, 9.0225738 ], [ 38.7828895, 9.0215465 ], [ 38.7843028, 9.0202711 ], [ 38.7888092, 9.0179132 ], [ 38.79037610000001, 9.0163806 ], [ 38.7938625, 9.0123367 ], [ 38.7950341, 9.0117579 ], [ 38.7953327, 9.0115677 ], [ 38.7961994, 9.0100267 ], [ 38.7964116, 9.0094853 ], [ 38.797621, 9.0063149 ], [ 38.797983, 9.0046067 ], [ 38.7981876, 9.0030972 ], [ 38.797986, 9.0026206 ], [ 38.7955181, 9.0020965 ], [ 38.7965052, 8.9969379 ], [ 38.7956395, 8.9945489 ], [ 38.795499, 8.9912753 ], [ 38.7942992, 8.9887271 ], [ 38.7910599, 8.9874849 ], [ 38.7884371, 8.9870932 ], [ 38.7855757, 8.9849273 ], [ 38.7842988, 8.9845215 ], [ 38.7805367, 8.9844949 ], [ 38.7752924, 8.9841592 ], [ 38.774466, 8.9840908 ], [ 38.7731591, 8.9845459 ], [ 38.77311, 8.9846007 ], [ 38.7730621, 8.9846542 ], [ 38.7716921, 8.9892484 ], [ 38.7712247, 8.9902551 ], [ 38.7704442, 8.9929865 ], [ 38.7693116, 8.9976348 ], [ 38.7683732, 8.9987024 ], [ 38.7666007, 9.0001548 ], [ 38.7657816, 9.0007925 ], [ 38.7657918, 9.0013837 ], [ 38.7663704, 9.0019672 ], [ 38.7663964, 9.0070441 ], [ 38.7661556, 9.0073141 ], [ 38.7658891, 9.0123181 ], [ 38.7682007, 9.0165141 ] ] ] } },
{ "type": "Feature", "properties": { "threshold_s": 900, "time_label": "15 min drive" }, "geometry": { "type": "Polygon", "coordinates": [ [ [ 38.7542984, 9.0119961 ], [ 38.7555162, 9.0160017 ], [ 38.7575894, 9.0177418 ], [ 38.7645123, 9.0221623 ], [ 38.7673037, 9.0253571 ], [ 38.7740239, 9.029924 ], [ 38.7746787, 9.0294945 ], [ 38.782939, 9.0305886 ], [ 38.7859405, 9.0306672 ], [ 38.7867588, 9.0301967 ], [ 38.7884042, 9.0291921 ], [ 38.7940937, 9.0255635 ], [ 38.795948, 9.0245221 ], [ 38.801438, 9.0192316 ], [ 38.8034284, 9.0138029 ], [ 38.8059445, 9.0070212 ], [ 38.807424, 9.0019457 ], [ 38.807631, 9.0004119 ], [ 38.8076692, 8.9973537 ], [ 38.8074506, 8.996151 ], [ 38.8036297, 8.9892932 ], [ 38.8035396, 8.9855276 ], [ 38.8035562, 8.9852867 ], [ 38.8021619, 8.9853275 ], [ 38.7996331, 8.9854045 ], [ 38.7971379, 8.9861223 ], [ 38.788826, 8.985809 ], [ 38.7879749, 8.9856538 ], [ 38.7855757, 8.9849273 ], [ 38.7842988, 8.9845215 ], [ 38.7787516, 8.9794447 ], [ 38.7777914, 8.9763594 ], [ 38.7774548, 8.9759568 ], [ 38.7773636, 8.975878 ], [ 38.7760118, 8.9755812 ], [ 38.7748957, 8.9753542 ], [ 38.7736234, 8.9756236 ], [ 38.7707829, 8.9764667 ], [ 38.7676058, 8.9774758 ], [ 38.767071, 8.9778048 ], [ 38.7632382, 8.981275 ], [ 38.763176, 8.9813554 ], [ 38.7608696, 8.9875656 ], [ 38.7598661, 8.9943823 ], [ 38.7586621, 8.999279 ], [ 38.7586856, 8.9999436 ], [ 38.7567295, 9.0078257 ], [ 38.7542984, 9.0119961 ] ] ] } },
{ "type": "Feature", "properties": { "threshold_s": 300, "time_label": "5 min drive" }, "geometry": { "type": "Polygon", "coordinates": [ [ [ 38.7866456, 9.02633 ], [ 38.7877832, 9.0281623 ], [ 38.7891555, 9.0285121 ], [ 38.7914382, 9.0273642 ], [ 38.7932757, 9.0283352 ], [ 38.7941431, 9.0292904 ], [ 38.7964456, 9.0288702 ], [ 38.7971615, 9.0289036 ], [ 38.7976937, 9.0288451 ], [ 38.7980379, 9.0288077 ], [ 38.7981611, 9.0287943 ], [ 38.7991979, 9.0286409 ], [ 38.7988977, 9.0268528 ], [ 38.7970609, 9.0265442 ], [ 38.7970364, 9.0240514 ], [ 38.7986196, 9.0231216 ], [ 38.7995347, 9.0226701 ], [ 38.8002208, 9.022295 ], [ 38.8010242, 9.0215233 ], [ 38.8019774, 9.0198821 ], [ 38.8033652, 9.0195915 ], [ 38.8020435, 9.0174997 ], [ 38.801438, 9.0192316 ], [ 38.7992848, 9.0191203 ], [ 38.7986449, 9.01891 ], [ 38.797182, 9.0184257 ], [ 38.7967567, 9.0182941 ], [ 38.7954471, 9.0178669 ], [ 38.7947434, 9.0176284 ], [ 38.7937514, 9.0173155 ], [ 38.7954484, 9.0144599 ], [ 38.7956672, 9.0140037 ], [ 38.7959622, 9.0132559 ], [ 38.7961516, 9.0125743 ], [ 38.7943254, 9.0126142 ], [ 38.7946213, 9.0130306 ], [ 38.7925888, 9.0170411 ], [ 38.7921221, 9.0169416 ], [ 38.7917798, 9.0168777 ], [ 38.7907635, 9.0166364 ], [ 38.7902737, 9.0165384 ], [ 38.7889856, 9.016248 ], [ 38.7872721, 9.0151271 ], [ 38.7871516, 9.0159539 ], [ 38.7860842, 9.0182336 ], [ 38.7855651, 9.0185913 ], [ 38.7851642, 9.0197448 ], [ 38.7845997, 9.0226513 ], [ 38.7846348, 9.0227478 ], [ 38.7860295, 9.0246382 ], [ 38.7862243, 9.0253207 ], [ 38.7866034, 9.0262502 ], [ 38.7866456, 9.02633 ] ] ] } },
{ "type": "Feature", "properties": { "threshold_s": 600, "time_label": "10 min drive" }, "geometry": { "type": "Polygon", "coordinates": [ [ [ 38.7739329, 9.0250723 ], [ 38.774781, 9.0284029 ], [ 38.7777275, 9.0282723 ], [ 38.7780561, 9.0303012 ], [ 38.7782877, 9.031042 ], [ 38.7800837, 9.0326359 ], [ 38.7809407, 9.0329393 ], [ 38.7820987, 9.0327323 ], [ 38.7847393, 9.0337449 ], [ 38.7853003, 9.0340705 ], [ 38.7862176, 9.0341818 ], [ 38.7866855, 9.0341929 ], [ 38.7894697, 9.0358202 ], [ 38.7898711, 9.0353037 ], [ 38.7913411, 9.0328014 ], [ 38.7933345, 9.0314512 ], [ 38.7947311, 9.0312946 ], [ 38.7968678, 9.0306899 ], [ 38.7970595, 9.0306542 ], [ 38.7978825, 9.0305589 ], [ 38.7997189, 9.0335465 ], [ 38.8011234, 9.0303124 ], [ 38.8022468, 9.0290022 ], [ 38.8048161, 9.0292985 ], [ 38.808201, 9.0306966 ], [ 38.8055684, 9.0283197 ], [ 38.8071703, 9.0253631 ], [ 38.8092436, 9.0249536 ], [ 38.8104577, 9.0228264 ], [ 38.811667, 9.0212539 ], [ 38.8133654, 9.0199396 ], [ 38.8133688, 9.0197109 ], [ 38.8108409, 9.0176114 ], [ 38.8110989, 9.0165559 ], [ 38.8108201, 9.0148705 ], [ 38.8107057, 9.0133779 ], [ 38.8090599, 9.0109431 ], [ 38.8087619, 9.0094305 ], [ 38.808711, 9.0095177 ], [ 38.8084584, 9.0098803 ], [ 38.8084044, 9.0099647 ], [ 38.8072124, 9.0109257 ], [ 38.8067184, 9.011178 ], [ 38.8061032, 9.0115015 ], [ 38.8031981, 9.010045 ], [ 38.8035896, 9.0087763 ], [ 38.805089, 9.0074997 ], [ 38.805683, 9.007259 ], [ 38.8059445, 9.0070212 ], [ 38.8056402, 9.0071786 ], [ 38.8021486, 9.0062351 ], [ 38.801541, 9.0052635 ], [ 38.7984014, 9.0043704 ], [ 38.7962275, 9.0034812 ], [ 38.7946308, 9.0046325 ], [ 38.7937877, 9.0050546 ], [ 38.7936953, 9.0050935 ], [ 38.7917389, 9.0056483 ], [ 38.7892042, 9.0040436 ], [ 38.7879737, 9.0050655 ], [ 38.7860788, 9.0059955 ], [ 38.7854658, 9.0063013 ], [ 38.7832671, 9.0076047 ], [ 38.7816411, 9.0083637 ], [ 38.7811817, 9.009175 ], [ 38.7761009, 9.0118694 ], [ 38.7766959, 9.0121141 ], [ 38.7790322, 9.0148252 ], [ 38.7807383, 9.0166185 ], [ 38.7813904, 9.0177361 ], [ 38.7800908, 9.0202484 ], [ 38.77681590000001, 9.0193321 ], [ 38.7741772, 9.0208889 ], [ 38.7729915, 9.021206 ], [ 38.7726157, 9.0232898 ], [ 38.7739329, 9.0250723 ] ] ] } },
{ "type": "Feature", "properties": { "threshold_s": 900, "time_label": "15 min drive" }, "geometry": { "type": "Polygon", "coordinates": [ [ [ 38.7700652, 9.0363539 ], [ 38.7728901, 9.0400549 ], [ 38.7815667, 9.0429275 ], [ 38.7839795, 9.0426594 ], [ 38.7846176, 9.0425431 ], [ 38.788646, 9.0371199 ], [ 38.788999, 9.0366321 ], [ 38.7898711, 9.0353037 ], [ 38.7947311, 9.0312946 ], [ 38.7997189, 9.0335465 ], [ 38.8031475, 9.0364072 ], [ 38.8042312, 9.0365115 ], [ 38.8097365, 9.0345983 ], [ 38.8143721, 9.0367481 ], [ 38.8148181, 9.0369591 ], [ 38.8153239, 9.0372182 ], [ 38.8183036, 9.0358808 ], [ 38.8202976, 9.0275475 ], [ 38.8219882, 9.0245452 ], [ 38.8254623, 9.019558 ], [ 38.8252142, 9.0173218 ], [ 38.8242851, 9.0161389 ], [ 38.8201494, 9.0114735 ], [ 38.8165175, 9.0039267 ], [ 38.8157647, 9.0022004 ], [ 38.812212, 8.9994009 ], [ 38.8105702, 8.9982139 ], [ 38.8037968, 8.9973995 ], [ 38.7965052, 8.9969379 ], [ 38.7891596, 8.9951631 ], [ 38.786585, 8.9945701 ], [ 38.7850454, 8.9944509 ], [ 38.7846283, 8.9946273 ], [ 38.7791942, 8.9979054 ], [ 38.7734664, 9.0036753 ], [ 38.7672577, 9.0104737 ], [ 38.7658891, 9.0123181 ], [ 38.7645019, 9.0170063 ], [ 38.7638895, 9.0199177 ], [ 38.7633917, 9.0291295 ], [ 38.7631958, 9.029803 ], [ 38.7700652, 9.0363539 ] ] ] } },
{ "type": "Feature", "properties": { "threshold_s": 300, "time_label": "5 min drive" }, "geometry": { "type": "Polygon", "coordinates": [ [ [ 38.8082003, 8.8913894 ], [ 38.8086211, 8.8931435 ], [ 38.810273, 8.8925347 ], [ 38.8106632, 8.8920332 ], [ 38.8109583, 8.8914509 ], [ 38.8106713, 8.8887161 ], [ 38.8118756, 8.8873751 ], [ 38.8122793, 8.8857872 ], [ 38.815081, 8.8841502 ], [ 38.8154943, 8.8833287 ], [ 38.8162945, 8.8816955 ], [ 38.817464, 8.8793536 ], [ 38.8187823, 8.8767134 ], [ 38.8189472, 8.8763782 ], [ 38.8166179, 8.8759983 ], [ 38.8149011, 8.8751419 ], [ 38.8138537, 8.8756666 ], [ 38.8138378, 8.8758384 ], [ 38.8138148, 8.8760853 ], [ 38.813796, 8.8765173 ], [ 38.8137813, 8.8769702 ], [ 38.8137692, 8.8773428 ], [ 38.8137598, 8.8777893 ], [ 38.8137543, 8.8781381 ], [ 38.8135318, 8.8794589 ], [ 38.8109591, 8.8817248 ], [ 38.809538, 8.8822334 ], [ 38.8082157, 8.8834379 ], [ 38.8068619, 8.8846283 ], [ 38.8066745, 8.8848717 ], [ 38.8067956, 8.8849257 ], [ 38.8087374, 8.8871692 ], [ 38.8077839, 8.888822 ], [ 38.8082003, 8.8913894 ] ] ] } },
{ "type": "Feature", "properties": { "threshold_s": 600, "time_label": "10 min drive" }, "geometry": { "type": "Polygon", "coordinates": [ [ [ 38.8023229, 8.8921233 ], [ 38.8030595, 8.8956907 ], [ 38.806843, 8.899743 ], [ 38.8115605, 8.8982844 ], [ 38.8116449, 8.8980976 ], [ 38.8109583, 8.8914509 ], [ 38.8118756, 8.8873751 ], [ 38.815081, 8.8841502 ], [ 38.8154943, 8.8833287 ], [ 38.8162945, 8.8816955 ], [ 38.8179884, 8.8793432 ], [ 38.8229649, 8.8772604 ], [ 38.8247737, 8.8769314 ], [ 38.8260383, 8.8723186 ], [ 38.8248973, 8.8704578 ], [ 38.8211279, 8.864711 ], [ 38.8171904, 8.8654716 ], [ 38.816489, 8.8659248 ], [ 38.8092309, 8.8681257 ], [ 38.8064081, 8.8695335 ], [ 38.8028896, 8.8730865 ], [ 38.8016469, 8.8782168 ], [ 38.8021687, 8.8792217 ], [ 38.8066745, 8.8848717 ], [ 38.8057299, 8.887427 ], [ 38.8023229, 8.8921233 ] ] ] } },
{ "type": "Feature", "properties": { "threshold_s": 900, "time_label": "15 min drive" }, "geometry": { "type": "Polygon", "coordinates": [ [ [ 38.8008115, 8.9032311 ], [ 38.802403, 8.9050619 ], [ 38.8040568, 8.904122 ], [ 38.8090727, 8.9026416 ], [ 38.8102703, 8.9035313 ], [ 38.8112619, 8.9042262 ], [ 38.816833699999989, 8.9046733 ], [ 38.8172054, 8.9063051 ], [ 38.8173178, 8.9068668 ], [ 38.8180118, 8.9064501 ], [ 38.8221476, 8.9027686 ], [ 38.8224914, 8.9022838 ], [ 38.820255, 8.9017226 ], [ 38.818929, 8.9013563 ], [ 38.8154284, 8.8994749 ], [ 38.8142453, 8.8979558 ], [ 38.8116449, 8.8980976 ], [ 38.810273, 8.8925347 ], [ 38.8132006, 8.8911362 ], [ 38.815417, 8.8914431 ], [ 38.8170437, 8.8904208 ], [ 38.8177525, 8.8893656 ], [ 38.8165976, 8.8844608 ], [ 38.8164286, 8.8832312 ], [ 38.8179884, 8.8793432 ], [ 38.8229868, 8.8816971 ], [ 38.8246943, 8.8865628 ], [ 38.8253502, 8.8866922 ], [ 38.8258346, 8.8868053 ], [ 38.8262897, 8.8868977 ], [ 38.8280135, 8.8872394 ], [ 38.8302254, 8.8836775 ], [ 38.8249862, 8.8812212 ], [ 38.8247737, 8.8769314 ], [ 38.8270343, 8.8748039 ], [ 38.8283063, 8.8742235 ], [ 38.8288964, 8.8738255 ], [ 38.8326882, 8.8714523 ], [ 38.8282642, 8.8678677 ], [ 38.8286601, 8.8655876 ], [ 38.8280366, 8.8646303 ], [ 38.8247777, 8.8627717 ], [ 38.8237645, 8.8627777 ], [ 38.8189163, 8.8616105 ], [ 38.817922, 8.86071 ], [ 38.8142902, 8.8595739 ], [ 38.8140131, 8.8595542 ], [ 38.8136039, 8.8595581 ], [ 38.8081475, 8.8616041 ], [ 38.8042714, 8.8632721 ], [ 38.80189, 8.8643788 ], [ 38.798098, 8.8642367 ], [ 38.7970355, 8.8648446 ], [ 38.7970424, 8.8661277 ], [ 38.7936123, 8.8706044 ], [ 38.7923781, 8.8714148 ], [ 38.792274, 8.8723619 ], [ 38.7935264, 8.8753094 ], [ 38.7937714, 8.875659 ], [ 38.7939826, 8.8759647 ], [ 38.7961324, 8.8778052 ], [ 38.7996662, 8.8778304 ], [ 38.8011561, 8.8787089 ], [ 38.8021687, 8.8792217 ], [ 38.8048308, 8.8792495 ], [ 38.8066745, 8.8848717 ], [ 38.8057299, 8.887427 ], [ 38.8014109, 8.8892375 ], [ 38.7967285, 8.88545 ], [ 38.7936731, 8.8856352 ], [ 38.7930552, 8.8859899 ], [ 38.7963925, 8.8898808 ], [ 38.7965655, 8.8910686 ], [ 38.7964864, 8.8931972 ], [ 38.7965768, 8.8935481 ], [ 38.796824, 8.8945173 ], [ 38.7980595, 8.8971622 ], [ 38.8000228, 8.9001321 ], [ 38.8008115, 8.9032311 ] ] ] } },
{ "type": "Feature", "properties": { "threshold_s": 300, "time_label": "5 min drive" }, "geometry": { "type": "Polygon", "coordinates": [ [ [ 38.7334419, 9.0340453 ], [ 38.7341184, 9.0347785 ], [ 38.7357049, 9.0343764 ], [ 38.7378218, 9.0348811 ], [ 38.7386385, 9.0351785 ], [ 38.7402596, 9.0357715 ], [ 38.7427477, 9.0364837 ], [ 38.7439918, 9.0343989 ], [ 38.745832, 9.0344079 ], [ 38.7461888, 9.0344437 ], [ 38.7466615, 9.0344848 ], [ 38.7475825, 9.0323943 ], [ 38.7476809, 9.032044 ], [ 38.7479223, 9.0308362 ], [ 38.7472081, 9.0293312 ], [ 38.7480031, 9.0281187 ], [ 38.7483515, 9.0274422 ], [ 38.7484098, 9.0257303 ], [ 38.747689, 9.0250316 ], [ 38.747068, 9.0231475 ], [ 38.7466739, 9.0231346 ], [ 38.744300699999989, 9.0223826 ], [ 38.7444281, 9.0216667 ], [ 38.7444643, 9.0213137 ], [ 38.7444817, 9.0211057 ], [ 38.7446514, 9.0201858 ], [ 38.7445602, 9.0201826 ], [ 38.7432421, 9.0204778 ], [ 38.7415028, 9.0197133 ], [ 38.74038, 9.0199194 ], [ 38.738640599999989, 9.0210474 ], [ 38.7383985, 9.0217793 ], [ 38.7389694, 9.0228345 ], [ 38.7376964, 9.024566 ], [ 38.7360555, 9.0233601 ], [ 38.735892, 9.0230719 ], [ 38.7353951, 9.0222044 ], [ 38.7343536, 9.0216085 ], [ 38.7342042, 9.023068 ], [ 38.7335966, 9.0242952 ], [ 38.7335289, 9.0249806 ], [ 38.7322652, 9.0270633 ], [ 38.731531, 9.0276589 ], [ 38.7301066, 9.0286546 ], [ 38.7310441, 9.0298802 ], [ 38.7318257, 9.0314097 ], [ 38.7324849, 9.032256 ], [ 38.7334419, 9.0340453 ] ] ] } },
{ "type": "Feature", "properties": { "threshold_s": 600, "time_label": "10 min drive" }, "geometry": { "type": "Polygon", "coordinates": [ [ [ 38.7278453, 9.0406862 ], [ 38.729709, 9.0428142 ], [ 38.7304424, 9.043045 ], [ 38.7333988, 9.0445873 ], [ 38.736129, 9.0447854 ], [ 38.7362547, 9.0439907 ], [ 38.7397933, 9.0438992 ], [ 38.7396852, 9.046166 ], [ 38.7411967, 9.0460409 ], [ 38.7431608, 9.045572 ], [ 38.7458527, 9.045025 ], [ 38.7472882, 9.0451854 ], [ 38.7485079, 9.0445736 ], [ 38.7486606, 9.0444969 ], [ 38.7488323, 9.0438019 ], [ 38.7505575, 9.0409128 ], [ 38.7521131, 9.0406747 ], [ 38.7532904, 9.0400861 ], [ 38.7555497, 9.0379841 ], [ 38.7550527, 9.0350946 ], [ 38.7558521, 9.0318884 ], [ 38.7575971, 9.0292881 ], [ 38.7582228, 9.0285769 ], [ 38.7581126, 9.0269965 ], [ 38.7575279, 9.0235574 ], [ 38.755685, 9.0209076 ], [ 38.7547988, 9.0187984 ], [ 38.7544893, 9.0173204 ], [ 38.7526934, 9.0162866 ], [ 38.7510317, 9.0150031 ], [ 38.7498254, 9.0140209 ], [ 38.748495, 9.0131042 ], [ 38.7473376, 9.0123175 ], [ 38.7447202, 9.0101072 ], [ 38.7445199, 9.0100214 ], [ 38.7443043, 9.0100188 ], [ 38.7441227, 9.0100953 ], [ 38.7440647, 9.0101702 ], [ 38.741383, 9.0126028 ], [ 38.7407528, 9.0125592 ], [ 38.7378781, 9.0107625 ], [ 38.7377172, 9.0106108 ], [ 38.7361045, 9.0114294 ], [ 38.7344268, 9.0137251 ], [ 38.7330361, 9.0140917 ], [ 38.7314063, 9.0144722 ], [ 38.7286815, 9.0130056 ], [ 38.7269328, 9.0147644 ], [ 38.7266323, 9.0168388 ], [ 38.7249827, 9.0195971 ], [ 38.7243008, 9.0218693 ], [ 38.7224779, 9.0227154 ], [ 38.7218825, 9.0234421 ], [ 38.7205534, 9.0249426 ], [ 38.7206261, 9.0266634 ], [ 38.7206378, 9.028946 ], [ 38.7206855, 9.0296494 ], [ 38.721244, 9.0314259 ], [ 38.7220588, 9.0325647 ], [ 38.7232152, 9.0356268 ], [ 38.7258382, 9.0378062 ], [ 38.726057, 9.0381212 ], [ 38.7268921, 9.0393547 ], [ 38.7270895, 9.0396689 ], [ 38.7275704, 9.0403259 ], [ 38.7278453, 9.0406862 ] ] ] } },
{ "type": "Feature", "properties": { "threshold_s": 900, "time_label": "15 min drive" }, "geometry": { "type": "Polygon", "coordinates": [ [ [ 38.7155474, 9.0403332 ], [ 38.7168037, 9.0443099 ], [ 38.7191067, 9.0463852 ], [ 38.7212618, 9.0485374 ], [ 38.7223578, 9.0492368 ], [ 38.7253503, 9.0505078 ], [ 38.727509, 9.0531756 ], [ 38.7296999, 9.0543158 ], [ 38.731834, 9.0546026 ], [ 38.7327851, 9.0546656 ], [ 38.7358495, 9.0547642 ], [ 38.7380991, 9.054647 ], [ 38.7437906, 9.0546361 ], [ 38.7456462, 9.0543216 ], [ 38.7472599, 9.0540753 ], [ 38.7533535, 9.0537491 ], [ 38.7541781, 9.0531326 ], [ 38.7580652, 9.0488412 ], [ 38.7609601, 9.0437661 ], [ 38.7611413, 9.0435941 ], [ 38.7605296, 9.041151 ], [ 38.7629686, 9.0377466 ], [ 38.7632315, 9.0343164 ], [ 38.7654192, 9.0307943 ], [ 38.7625209, 9.0267749 ], [ 38.7616201, 9.0233396 ], [ 38.7633195, 9.0193691 ], [ 38.7650242, 9.0169385 ], [ 38.7645019, 9.0170063 ], [ 38.7636993, 9.017064 ], [ 38.7631065, 9.0171496 ], [ 38.7629355, 9.0171841 ], [ 38.7623398, 9.017288 ], [ 38.7586435, 9.0127141 ], [ 38.7593389, 9.0118938 ], [ 38.7601319, 9.011234 ], [ 38.7626954, 9.0108388 ], [ 38.7629096, 9.0108249 ], [ 38.7588742, 9.0086394 ], [ 38.7547566, 9.0057969 ], [ 38.7544001, 9.0055835 ], [ 38.7498213, 9.0036893 ], [ 38.7471344, 9.0010553 ], [ 38.7457383, 8.9999466 ], [ 38.7456058, 8.9999417 ], [ 38.7396005, 8.9995756 ], [ 38.73908010000001, 9.0009158 ], [ 38.7383125, 9.0019776 ], [ 38.7325948, 9.0017547 ], [ 38.732501, 9.001813 ], [ 38.730182, 9.0046135 ], [ 38.7285474, 9.0064755 ], [ 38.7284978, 9.0065722 ], [ 38.7287807, 9.0080888 ], [ 38.7286855, 9.0089895 ], [ 38.7270118, 9.0118618 ], [ 38.7225071, 9.0114307 ], [ 38.7201735, 9.0095651 ], [ 38.7191591, 9.0121974 ], [ 38.7191807, 9.0122896 ], [ 38.7188622, 9.016363 ], [ 38.7172717, 9.0182925 ], [ 38.716879, 9.0190493 ], [ 38.7160489, 9.0210002 ], [ 38.7156287, 9.0220832 ], [ 38.7153381, 9.0230401 ], [ 38.7152763, 9.0236018 ], [ 38.7152353, 9.0242892 ], [ 38.7152166, 9.0245608 ], [ 38.715158, 9.0253611 ], [ 38.7151311, 9.0261072 ], [ 38.7150762, 9.0272182 ], [ 38.7150309, 9.0279479 ], [ 38.7127033, 9.0335155 ], [ 38.7145377, 9.0382491 ], [ 38.7155474, 9.0403332 ] ] ] } },
{ "type": "Feature", "properties": { "threshold_s": 300, "time_label": "5 min drive" }, "geometry": { "type": "Polygon", "coordinates": [ [ [ 38.7899619, 8.994329 ], [ 38.7900146, 8.9944088 ], [ 38.7918475, 8.9944966 ], [ 38.7933804, 8.9941166 ], [ 38.7944663, 8.9929127 ], [ 38.7952184, 8.9928401 ], [ 38.7970592, 8.9929145 ], [ 38.797341, 8.9927148 ], [ 38.797957, 8.9920335 ], [ 38.7976136, 8.9913002 ], [ 38.8018267, 8.9898213 ], [ 38.7992705, 8.9883311 ], [ 38.7976586, 8.9872854 ], [ 38.7971379, 8.9861223 ], [ 38.7967554, 8.986409 ], [ 38.7962286, 8.9869708 ], [ 38.7948121, 8.988467 ], [ 38.7942992, 8.9887271 ], [ 38.7933953, 8.9891541 ], [ 38.7920318, 8.9875297 ], [ 38.791375, 8.9871117 ], [ 38.789819799999989, 8.986366 ], [ 38.7906399, 8.9883331 ], [ 38.7908448, 8.9901828 ], [ 38.7905229, 8.9906157 ], [ 38.7897353, 8.991741 ], [ 38.790229, 8.9920772 ], [ 38.7907049, 8.9923927 ], [ 38.7899619, 8.994329 ] ] ] } },
{ "type": "Feature", "properties": { "threshold_s": 600, "time_label": "10 min drive" }, "geometry": { "type": "Polygon", "coordinates": [ [ [ 38.7822667, 8.9992671 ], [ 38.7823378, 9.0013971 ], [ 38.782411, 9.0014722 ], [ 38.7863282, 9.0029323 ], [ 38.7882641, 9.0032555 ], [ 38.7906855, 8.9993148 ], [ 38.7913789, 8.9990156 ], [ 38.7970185, 9.0037105 ], [ 38.7976324, 9.0038828 ], [ 38.7987573, 9.0041948 ], [ 38.8012192, 9.004282 ], [ 38.8016061, 9.0039712 ], [ 38.8019402, 9.0036834 ], [ 38.8070261, 8.9987976 ], [ 38.8102361, 8.9937654 ], [ 38.8113809, 8.9918976 ], [ 38.8121692, 8.9905254 ], [ 38.8114187, 8.9892505 ], [ 38.8094608, 8.9871787 ], [ 38.8035562, 8.9852867 ], [ 38.8021619, 8.9853275 ], [ 38.7996331, 8.9854045 ], [ 38.7971379, 8.9861223 ], [ 38.789819799999989, 8.986366 ], [ 38.788826, 8.985809 ], [ 38.7855757, 8.9849273 ], [ 38.7842988, 8.9845215 ], [ 38.7829895, 8.9840922 ], [ 38.7790937, 8.9824536 ], [ 38.7789774, 8.9838548 ], [ 38.7799272, 8.9853434 ], [ 38.7805548, 8.9870377 ], [ 38.7779248, 8.992709 ], [ 38.7792163, 8.9939508 ], [ 38.7822667, 8.9992671 ] ] ] } },
{ "type": "Feature", "properties": { "threshold_s": 900, "time_label": "15 min drive" }, "geometry": { "type": "Polygon", "coordinates": [ [ [ 38.7704085, 9.0001463 ], [ 38.7751776, 9.0098829 ], [ 38.7835138, 9.0134781 ], [ 38.7874922, 9.0136376 ], [ 38.7990194, 9.0130044 ], [ 38.8032581, 9.015064 ], [ 38.8066212, 9.0124266 ], [ 38.8085412, 9.0106981 ], [ 38.8122471, 9.0067603 ], [ 38.8194698, 8.9974246 ], [ 38.8200174, 8.9966206 ], [ 38.8216274, 8.9918036 ], [ 38.8217426, 8.9875036 ], [ 38.8213356, 8.9856355 ], [ 38.8206262, 8.9846351 ], [ 38.8066972, 8.9860036 ], [ 38.8035562, 8.9852867 ], [ 38.8021619, 8.9853275 ], [ 38.7996331, 8.9854045 ], [ 38.7899075, 8.9859732 ], [ 38.7880106, 8.9854871 ], [ 38.7777914, 8.9763594 ], [ 38.7756114, 8.9726492 ], [ 38.7683591, 8.9778904 ], [ 38.7700921, 8.9906088 ], [ 38.7693603, 8.996808 ], [ 38.7704085, 9.0001463 ] ] ] } },
{ "type": "Feature", "properties": { "threshold_s": 300, "time_label": "5 min drive" }, "geometry": { "type": "Polygon", "coordinates": [ [ [ 38.791236499999989, 8.9880838 ], [ 38.7917543, 8.9922639 ], [ 38.7918435, 8.9923162 ], [ 38.7952184, 8.9928401 ], [ 38.7976136, 8.9913002 ], [ 38.7992705, 8.9883311 ], [ 38.8021714, 8.9855567 ], [ 38.8035396, 8.9855276 ], [ 38.8094608, 8.9871787 ], [ 38.8095916, 8.9871104 ], [ 38.8097735, 8.9869675 ], [ 38.8035562, 8.9852867 ], [ 38.8021619, 8.9853275 ], [ 38.7996331, 8.9854045 ], [ 38.7971379, 8.9861223 ], [ 38.7967554, 8.986409 ], [ 38.7962286, 8.9869708 ], [ 38.7920807, 8.9883178 ], [ 38.7916494, 8.988039 ], [ 38.7914167, 8.9880342 ], [ 38.791236499999989, 8.9880838 ] ] ] } },
{ "type": "Feature", "properties": { "threshold_s": 600, "time_label": "10 min drive" }, "geometry": { "type": "Polygon", "coordinates": [ [ [ 38.7847196, 8.9994549 ], [ 38.7855175, 9.0003646 ], [ 38.7880442, 9.0011082 ], [ 38.7906855, 8.9993148 ], [ 38.7997424, 9.0025671 ], [ 38.8001074, 9.0025819 ], [ 38.8053571, 8.9973306 ], [ 38.8098063, 8.9963339 ], [ 38.8138048, 8.9967005 ], [ 38.8165225, 8.9950231 ], [ 38.8190516, 8.9912708 ], [ 38.8195239, 8.98728 ], [ 38.8190351, 8.9862093 ], [ 38.8079529, 8.9863615 ], [ 38.8066972, 8.9860036 ], [ 38.8035562, 8.9852867 ], [ 38.8021619, 8.9853275 ], [ 38.7996331, 8.9854045 ], [ 38.788826, 8.985809 ], [ 38.7855757, 8.9849273 ], [ 38.7842988, 8.9845215 ], [ 38.7829895, 8.9840922 ], [ 38.7824454, 8.9839019 ], [ 38.781234, 8.9834683 ], [ 38.7808029, 8.9921666 ], [ 38.7846699, 8.999389 ], [ 38.7847196, 8.9994549 ] ] ] } },
{ "type": "Feature", "properties": { "threshold_s": 900, "time_label": "15 min drive" }, "geometry": { "type": "Polygon", "coordinates": [ [ [ 38.7759588, 9.0070067 ], [ 38.7763593, 9.0077319 ], [ 38.7878286, 9.0118477 ], [ 38.7998842, 9.0107714 ], [ 38.8040681, 9.0123412 ], [ 38.804167, 9.0123654 ], [ 38.8042417, 9.0123665 ], [ 38.8138061, 9.0061821 ], [ 38.8178348, 9.0041654 ], [ 38.8227493, 9.0020673 ], [ 38.8237504, 9.0016567 ], [ 38.8241194, 9.0013522 ], [ 38.8262215, 8.9920625 ], [ 38.8289452, 8.9842814 ], [ 38.8289297, 8.9840815 ], [ 38.8277744, 8.9773 ], [ 38.8276114, 8.9765701 ], [ 38.8267913, 8.9748659 ], [ 38.8247582, 8.9743625 ], [ 38.8211327, 8.9767138 ], [ 38.8208006, 8.9803978 ], [ 38.8079529, 8.9863615 ], [ 38.8066972, 8.9860036 ], [ 38.8035562, 8.9852867 ], [ 38.8021619, 8.9853275 ], [ 38.7996331, 8.9854045 ], [ 38.788826, 8.985809 ], [ 38.7879749, 8.9856538 ], [ 38.7777914, 8.9763594 ], [ 38.7774548, 8.9759568 ], [ 38.7773636, 8.975878 ], [ 38.7733966, 8.9781525 ], [ 38.7712984, 8.9803752 ], [ 38.7717135, 8.9915076 ], [ 38.7715057, 8.9948681 ], [ 38.7717799, 8.9976465 ], [ 38.7759588, 9.0070067 ] ] ] } }
]
}
