ID,Document URL,Title,Date of original text,Language of document,Primary subjects,Domain,Last amended date,Available website,Country/Territory,Regional organizations,Territorial subdivision,Type of text,Repealed,Abstract,Keywords
LEX-FAOC002900,https://faolex.fao.org/docs/pdf/eth2900.pdf,"Protection of Private Forests Regulations, 1968 (L.N. No. 343 of 1968).",1968-09-30,English,Forestry,Forestry,,,Ethiopia,,,Regulation,,The 9 regulations carry the following titles: Issuing Authority (1); Short Title (2); Definitions (3); Precautions Regarding the Kindling of Fires (4); Fire Extinguishing (5); Forest Insects and Diseases (6); Other Threatening Damages (7); Penal (8); Effective date (9). ,forest management/forest conservation; private forest; forest fires; offences/penalties; hazards
LEX-FAOC002901,https://faolex.fao.org/docs/pdf/eth2901.pdf,Forest and Wildlife Conservation and Development Proclamation (No. 192/1980).,1980-09-05,English,Wild species & ecosystems,Forestry; Wild species & ecosystems,,,Ethiopia,,,Legislation,Y,"The 26 sections of this Proclamation are divided into three Parts: General (I); Forest and Wildlife Conservation and Development Authority (II); Miscellaneous Provisions (III). There is hereby established a Forest and Wildlife Conservation and Development Authority (hereinafter the Authority) having its own juridical personality. The Authority shall, among other tasks, establish and administer national parks, game reserves and other conservation areas. Within the Authority a Forest and Wildlife Conservation and Development Council shall be established. No person, unless he is in possession of a written permission from the Authority, may: a) hunt wild animals or use the products thereof; b) settle in any state forest, national park, game reserve, or other conservation area; c) fell trees, collect, load or transport any state forest product; d) graze cattle in any forest, national park, game reserve, or other conservation area or commit any other act detrimental thereto. ",protected area; basic legislation; institution; governance
LEX-FAOC002902,https://faolex.fao.org/docs/pdf/eth2902.pdf,"Protection of State Forests Regulations, 1968 (L. N. 344 of 1968).",1968-09-30,English,Forestry,Forestry,,,Ethiopia,,,Regulation,Y,"The 8 regulations carry the following Titles: Issuing Authority (1); Short Title (2); Definitions (3); Precautions Regarding the Kindling of Fires (4); Fire Extinguishing (5); Other Treathening Damages, Including Grazing (6); Penal (7); Effective Date (8). ",forest management/forest conservation; public forest; forest fires; offences/penalties; hazards
LEX-FAOC002904,https://faolex.fao.org/docs/pdf/eth2904.pdf,"Exploitation of State Forests Regulations, 1968 (L. N. No. 345 of 1968).",1968-09-30,English,Forestry,Forestry,,,Ethiopia,,,Regulation,Y,"The 10 regulations carry the following titles: Issuing Authority (1); Short Title (2); Definitions (3); Forest Operation Plan (4); Marking the Trees for Cutting (5); Methods of Exploitation (6); Marketing (7); Rules for Auction or Tender (8); Penal (9); Effective Date (10). No state forest shall be exploited unless in conformity with an operation plan or in exceptional cases with a preliminary working scheme (Reg. 4). Exploitation can only be carried out by: a) the Ministry; b) villagers and local inhabitants entitled to purchase products under paragraph 2 of article 6; and c) concessionaires in accordance with paragraph 3, article 6. ",public forest; private forest; timber extraction/logging; policy/planning; internal trade; offences/penalties; forest management/forest conservation
LEX-FAOC002905,https://faolex.fao.org/docs/pdf/eth2905.pdf,Exploitation of Private Forest Regulations (L. N. No. 346 of 1968).,1968-09-30,English,Forestry,Forestry,,,Ethiopia,,,Regulation,,The 13 regulations carry the following titles: Issuing Authority (1); Short Title (2); Definitions (3); Application for Forest Exploitation Permit (4); Operation Plan (5); Obligation to Reforest (6); Exploitation Permit (7); Marking of Trees for Cutting (8); Marketing (9); Inspection of Cutting Operations (10); Records (11); Penal (12); Effective Date (13). ,private forest; policy/planning; afforestation/reforestation; timber extraction/logging; offences/penalties; forest management/forest conservation
LEX-FAOC002908,https://faolex.fao.org/docs/pdf/eth2908.pdf,"Management of Protective Forests Regulations, 1968 (L. N. No. 347 of 1968).",1968-09-30,English,Forestry,Forestry,,,Ethiopia,,,Regulation,Y,"The 9 regulations carry the following titles: Issuing Authority (1); Short Title (2); Definitions (3); Management Plan (4); Utilization (5); Marketing (6); Afforestation (7); Penal (8); Effective Date (9). Protective forests can be public or privately owned forests. Rules of these Regulations apply equally both, except that a private owner shall bear expenses of afforestation of private land, whereas afforestation of public land shall be paid for by the Government (reg. 7). ",protection forest; forest management/forest conservation; policy/planning; timber extraction/logging; public forest; private forest
LEX-FAOC002909,https://faolex.fao.org/docs/pdf/eth2909.pdf,"Powers of Rangers Regulation, 1968 (L. N. No. 349 of 1968).",1968-09-30,English,Forestry,Forestry,,,Ethiopia,,,Regulation,Y,The 8 regulations carry the following titles: Issuing Authority (1); Short Title (2); Definitions (3); Establishment of Forest Ranger Service (4); Duties and Powers of Forest Rangers (5); Uniforms and Arms (6); Penal (7); Effective Date (8). These Regulations provide for the establishment of a Forest Ranger Service for the protection of forests and the implementation of forestry laws and regulations. ,public forest; forest service; forest management/forest conservation
LEX-FAOC002910,https://faolex.fao.org/docs/pdf/eth2910.pdf,"Powers of Forest Guards Regulations, 1968 (L. N. 350 of 1968).",1969-09-30,English,Forestry,Forestry,,,Ethiopia,,,Regulation,Y,The 9 regulations carry the follwing titles: Issuing Authority (1); Short Title (2); Definitions (3); Establishment of Forest Guard Service (4); Duties of Forest Guards (5); Steps to be Taken by Forest Guards (6); Uniforms and Arms (7); Penal (8); Effective Date (9). Forest Guards shall: (a) protect and guard state forests; (b) ensure handling or use of forest products from state and private forests; and (c) ensure implementation of forest laws. (9 regulations) ,public forest; private forest; forest service; offences/penalties; forest management/forest conservation
LEX-FAOC002911,https://faolex.fao.org/docs/pdf/eth2911.pdf,"Trade of Saw Logs and Veneer Logs Regulations, 1968 (L. N. No. 351 of 1968).",1968-09-30,English,Forestry,Forestry,,,Ethiopia,,,Regulation,,"The 6 regulations carry the following titles: Issuing Authority (1); Short Title (2); Definitions (3); Report (4); Penal (5); Effective Date (6). Every Person operating a sawmill, veneer mill, plywood factory, or any plant processing forest products, whether from a state forest or private forest shall annually report on the ownership of the plant and location, capacity and mechanical description of the plant in the form as reproduced in the Annex. ",internal trade; processing/handling; data collection/reporting
LEX-FAOC003095,https://faolex.fao.org/docs/pdf/eth3095.pdf,Government Ownership of Urban Lands and Extra Houses Proclamation No. 47/1975.,1975-07-26,English,Land & soil,Land & soil,,,Ethiopia,,,Legislation,,The Proclamation is divided into 7 Chapters: Introduction (I); Urban Lands (II); Urban Houses (III); Rent (IV); Cooperative Societies of Urban Dwellers (V); Powers and Duties of the Ministry (VI); General Provisions (VII). The Proclamation vests all urban lands in the Government (sect. 3). ,land tenure; urban land; public land; institution; governance
LEX-FAOC003096,https://faolex.fao.org/docs/pdf/eth3096.pdf,Public Ownership of Rural Lands Proclamation No. 31/1975.,1975-04-29,English,Land & soil,Land & soil; Water,,,Ethiopia,,,Legislation,,"The Proclamation is divided into 6 Chapters: Introduction (1); Public Ownership of Rural Lands (2); Establishment of Associations for the Implementation of the Proclamation (3); Powers and Functions of the Minister of Land Reform and Administration (4); Communal and Nomadic Lands (5); General Provisions (6). The Proclamation declares all rural lands to be the collective property of the Ethiopian people and abolishes private ownership of rural land (sect. 3). Peasant Associations are in charge of the redistribution, cultivation, administration etc. of rural lands. ",agricultural land; land reform; land tenure; traditional rights/customary rights; institution; non-governmental entity; ownership; smallholders/peasants; common property; community management; governance; property rights; water rights
LEX-FAOC003098,https://faolex.fao.org/docs/pdf/eth3098.pdf,Peasant Associations Consolidation Proclamation No. 223/1982.,1982-05-24,English,Agricultural & rural development,Agricultural & rural dev.,,,Ethiopia,,,Legislation,,"The Proclamation regulates the following matters: objectives, powers and duties of Peasant Associations, organization and method of work of Peasant Associations, membership; rights and duties of members. Further provisions regard the Kebele Peasant Association; Provincial, Awraja and Woreda Peasant Associations, and all Ethiopian Peasant associations. Moreover, the Proclamation deals with judicial tribunals, the Revolution Defence Committee and the Permanent Secretariat. ",agricultural land; non-governmental entity; cooperative/producer organization; agricultural development; smallholders/peasants
LEX-FAOC003099,https://faolex.fao.org/docs/pdf/eth3099.pdf,Valleys Agricultural Development Authority Establishment Proclamation No. 118/1977.,1977-07-14,English,Agricultural & rural development,Agricultural & rural dev.,,,Ethiopia,,,Legislation,,"The Proclamation establishes the Valleys Agricultural Development Authority. Its principal objective shall be to coordinate, regulate and supervise the development and utilization of land and water resources of river valleys for agricultural development (sect. 6). ",agricultural development; institution; governance
LEX-FAOC004524,https://faolex.fao.org/docs/pdf/eth4524.pdf,Plant Quarantine Council of Ministers Regulation No. 4/1992.,1992-10-02,English,Cultivated plants,Cultivated plants,,,Ethiopia,,,Regulation,,"All imported plants and other articles which are infested or infected with plant pests are subject to plant quarantine. Plants and articles as specified in Schedule I require an import permit (art. 4). The importation of any plant or other article specified in Schedule II is prohibited (art. 5). Plants listed in Schedule I need a phytosanitary certificate when imported (art. 6). Exported plants shall be accompanied by a phytosanitary certificate only of required by the importing country. The Inspector may waive any or all conditions relating to plant quarantine (art. 7). Article 10 provides for quarantine stations. The remaining articles outline powers and responsibilities of Inspectors and powers of the Minister with respect to prevention of the spreading of diseases and pests, the establishment of new quarantine stations and amendment of the Schedules. (15 articles completed by 3 Schedules) ",quarantine; pests/diseases; inspection; plant protection
LEX-FAOC004525,https://faolex.fao.org/docs/pdf/eth4525.pdf,Urban Lands Lease Holding Proclamation No. 80/1993.,1993-12-23,English,Land & soil,Land & soil,,,Ethiopia,,,Legislation,Y,"A Proclamation to provide for the utilization of urban land. Urban land is defined as all land within the boundaries of a town (sect. 2). The Proclamation shall not apply to land previously utilized for the construction of dwellings (sect. 3). Section 4 provides for applications of persons who desire to hold urban land in lease. Such applications shall be submitted to the town administration. The town administration shall issue the leaseholding permit and a title document in accordance with provisions city master plans or, where such a plan does not exist, in accordance with regional self-government directions. Also shall the permit be subject to competitive public tendering (sects. 5 and 6). Section 7 pescribes the duration of leases in various areas. The rates of rent shall be determined by a law issued by the appropriate national/regional council (sect. 8). Section 10 makes provision for the transfer of mortgage of use rights, section 11 for the termination of lease agreements. (17 sections) ",land tenure; urban land; lease; authorization/permit; contracts
LEX-FAOC004604,https://faolex.fao.org/docs/pdf/eth4604.pdf,Maritime Proclamation No. 137 of 1953.,,English,Sea,Fisheries; Sea,,,Ethiopia,,,Legislation,,"These Parts of the Marine Proclamation relate to jurisdiction, administration and control of territorial waters, maritime domain and defence areas of the Empire and fishing rights in those waters. Rights of fishing of foreigners are limited to (restricted) pearl fishing (sect. 9). ",marine fisheries; registration; foreign fishing; enforcement/compliance; maritime zone; territorial sea; sovereignty; maritime boundaries
LEX-FAOC004828,https://faolex.fao.org/docs/pdf/eth4828.pdf,Water Resources Utilization Proclamation No. 92/1994.,1994-02-21,English,Water,Water,,,Ethiopia,,,Legislation,Y,"This Proclamation regulates the use of water resources, by requiring a government permit in respect of most water uses, with the exception of minor and traditional uses (art. 3). The Proclamation further lays down basic criteria for the permit-granting authorities to use in deciding on applications for permits (art. 5). Permits are subject to a term of duration, renewable on expiration (art. 6), and can be varied, suspended, revoked, and transferred, under the circumstances indicated by the statute (arts. 7 and 8). In particular, the Government has authority to vary a permit, subject to compensating the affected permit holder (art. 7.3). Payment of water permit fees and water charges, and the recording of permits in water registers, are also provided for (arts. 10 and 11.4, respectively). The permit granting Government authority also serves as judge of first instance in disputes between permit holders or between a permit holder and another party, concerning rights and obligations under a water utilization permit (art. 13). ",basic legislation; water rights; authorization/permit; dispute settlement; servitude; water supply; irrigation; legal proceedings/administrative proceedings
LEX-FAOC008954,https://faolex.fao.org/docs/pdf/eth8954.pdf,"Forestry Conservation, Development and Utilization Proclamation No. 94/1994.",1994-03-28,English,Forestry,Forestry,,,Ethiopia,,,Legislation,Y,"The 18 sections of this Proclamation are divided into 4 Parts: General (I); Conservation and development of forests (II); Utilization of forests (III); Miscellaneous provisions (IV). There shall be three types of forests: State forests, Regional Forests, and Private Forests. A State Forests is a forest designated as such by the Council of Ministers for purposes of protection of genetic resources and the eco-system. A Regional Forest shall be designated as such by a Region. Section 7 provides for the designation of any forest as a protected forest by the Ministry of Natural Resources Development and Environment protection or an appropriate regional body. The Ministry shall designate, demarcate and register state and protected forests and establish a central forestry register (sect. 4). Section 6 prescribes duties of owners with respect to the conservation and development of private forests. State and regional forests shall be utilized in accordance with management plans either approved by the Ministry or the appropriate regional body (sect. 9). Part IV provides, inter alia, for transport and storage of forest products, prohibits certain activities in state and regional forests, and defines powers and duties of forests guards. ",basic legislation; forest management/forest conservation; private forest; public forest; protected area; forest service; offences/penalties
LEX-FAOC008955,https://faolex.fao.org/docs/pdf/eth8955.pdf,Agricultural Cooperative Societies Proclamation No. 85/1994.,1994-02-01,English,Agricultural & rural development,Agricultural & rural dev.,,,Ethiopia,,,Legislation,Y,"A society established under this Proclamation shall have as objectives: (1) to improve the living conditions of its members; (2) to promote self-reliance among members; (3) to solve problems collectively; (4) to obtain modern technologies for its members; (5) to process agricultural products; (6) to promote teaching and training for its members (sect. 3). Provisions of Part II, concerning the formation and registration of societies, distinguish between a Primary Society and a Higher Level Society. A Primary Society shall be established on a voluntary basis by not less than ten peasants living in a given area (sect. 5). A Higher Level Society is a union or federation of Primary Societies (sects. 6-8). The field or area in which a Society may engage shall be determined in its By-laws (sect. 7). Any society shall be registered by the appropriate authority (sect. 9). Provisions of Part III describe the rights and duties of Societies and its members. Other provisions of this Proclamation deal with internal procedures, special privileges of societies, funds and properties as well as the winding up of societies. The Proclamation consists of 48 sections and which are divided into 8 Parts. ",cooperative/producer organization; basic legislation; agricultural development; capacity building; education; smallholders/peasants
LEX-FAOC009587,https://faolex.fao.org/docs/pdf/eth9587.pdf,Ethiopian Valleys Development Studies Authority Establishment Proclamation No. 318/1977.,1987-07-25,English,Water,Water,,,Ethiopia,,,Legislation,,"Valley means a boundary to be designated as such by the Authority in accordance with article 6(1). The Valleys shall be delimited on the basis of water flows. Article 3 provides for the establishment of the Authority and article 5 defines the objectives of this institution: (1) to conduct studies and research of natural resources; (2) prepare development master plans for valleys; (3) conduct studies and research for the protection of the environment; (4) conduct studies and research pertaining to transboundary rivers. The Authority shall, inter alia, identify development projects and conduct feasibility studies of irrigation projects (art. 6). The Authority shall be guided by a Council consisting mainly of representatives of various ministries (art. 8). The remaining provisions define powers and duties of the General Manager and Deputy General Manager and the Council. ",institution; agricultural development; water resources management; policy/planning; research; basin/catchment/watershed; sustainable development; irrigation; transboundary waters; inland waters; governance
LEX-FAOC011145,https://faolex.fao.org/docs/pdf/eth11145.pdf,Ethiopian Agricultural Research Organization Proclamation No. 79/1997.,1997-06-05,English,Agricultural & rural development,Agricultural & rural dev.,,,Ethiopia,,,Legislation,,"This Proclamation provides for the establishment of the Ethiopian Agricultural Research Organization as an autonomous Government body. This Institute shall coordinate agricultural research activity and build up a research capacity of its own (art. 5). Agricultural research means research aiming at improving the production and productivity of plants, animals and natural resources. Natural resources is defined as soil, forest, including water related to agriculture. Powers of the Organization are outlined in detail in article 6. The structure of the Organization shall include a Research Board, a Director-General and agricultural research centres established or to be established by the Federal Government (art. 7). ",institution; agricultural development; research; governance
LEX-FAOC018229,https://faolex.fao.org/docs/pdf/eth18229.pdf,Proclamation on radiation protection (No. 79/1993).,1993-12-22,English,Food & nutrition,Environment; Food & nutrition,,,Ethiopia,,,Legislation,Y,"The provisions of this Proclamation shall be applicable to all sources of ionising radiation above the exemption level (sect. 1). There is hereby established a National Radiation Protection Authority as an autonomous public authority having its own legal personality. The Authority shall be accountable to the Ethiopian Science and Technology Commission. The objectives of the Authority shall be: to render radiation protection services; to regulate, control and supervise radiological work and all activities relating to the acquisition, use, transportation and disposal of radioactive substances, x-ray equipment and other machines capable of emitting ionising radiation; and to promote and encourage research and development in radiation protection. The Authority shall formulate radiation protection policies and submit to the government for approval; issue guidelines, rules, and directives for the implementation of policies concerning radiation protection and follow up their implementation, and have licensing and other powers in the field of radiation protection (sect. 7). Within the Authority a Radiation Protection Board shall be established and a Chief Radiation Protection Officer appointed. The importation, exportation, manufacture, possession, sale, use, storage, transportation or disposal of radioactive materials or devices emitting ionising radiation shall only be based on licenses issued by the Authority (sect. 17). Duties and responsibilities of license holders and other concerned parties are described in section 21. (28 sections) ",pollution control; radiation; emissions; food safety and quality; treated food; radiation
LEX-FAOC018231,https://faolex.fao.org/docs/pdf/eth18231.pdf,Marine Transport Proclamation No. 139/1978.,1978-03-24,English,Sea,Sea; Environment,,,Ethiopia,,,Legislation,,"There is hereby established a Marine Transport Authority (hereinafter the Authority) as an autonomous public authority having juridical personality. Purposes of the Authority are set out in section 6 and include the prevention of marine pollution. The Authority shall have all the powers necessary for the attainment of its objectives. These shall include the power to regulate the manufacture, possession, use, sale and purchase of any vessel used for marine transport (sect. 7). The Minister may, by regulations, waive the application in whole or in part of this proclamation to small vessels. ",marine pollution; pollution control; pollution control; marine pollution; navigation; institution; governance
LEX-FAOC018233,https://faolex.fao.org/docs/pdf/eth18233.pdf,Pesticide Registration and Control Council of State Decree (No. 20/1990).,1990-09-01,English,Cultivated plants,Cultivated plants,,,Ethiopia,,,Regulation,,"No person may manufacture, import, sell or use a pesticide not registered in accordance with this Special Decree. Notwithstanding registration, a pesticide may not be imported, stored, transported or offered for sale where not packed or labeled as provided in this Special Decree and directives issued hereunder. Application for the registration of a pesticide shall be made by the manufacture or by the importer in the form prescribed by the Minister. The Minister may, subject to such conditions as he thinks fit to impose, authorize registration upon satisfaction that the application complies with certain specified requirements. The Ministry shall keep a List of Registered Pesticides and issue a certificate of registration. Any package shall be designed and made in such a way that it contains the pesticide safely during transportation, storage, marketing, distribution and, use, including reuse where applicable, and in accordance with relevant standards set by the Ethiopian Standards Authority. Pesticides shall be labeled, transported and stored in accordance with provisions of this Decree. A Pesticide Advisory Committee is established. Inspectors may be appointed by the Minister. (29 sections) ",pesticides; institution; registration; inspection; packaging/labelling; transport/storage; institution; plant protection; governance
LEX-FAOC019996,https://faolex.fao.org/docs/pdf/eth19996.pdf,Tigray National Regional State's Rural Land Usage Proclamation No. 23/1997.,,English,Land & soil,Agricultural & rural dev.; Land & soil; Water,,,Ethiopia,,Tigray,Legislation,,"This Proclamation lays down rules relative to the ownership and use of land in the National State of Tigray. Land is declared to be ”joint property” of the State and can not be sold, exchanged, given in lease or as bond for an indefinite time. Farmers may use land in their possession under conditions as set out in this Proclamation. The actual state of land is declared to be ”accepted” under the present Proclamation. Farmers can give their land in lease under article 7. Article 8 concerns the lease of state land. Article 9 contains rules relative the cultivation and either use of land, whereas article 10 concerns the growing of trees on cultivated land. Land will be administered by Councils at all levels in accordance with article 11. Article 16 deals with inheritance. Grazing shall be carried out in accordance with tradition and provisions laid down in article 18. Article 19 finally provides for usage relating to the use of water form water reservoirs, whether natural or constructed. ",farming; agricultural development; agricultural land; land reform; land tenure; traditional rights/customary rights; institution; ownership; governance; property rights; irrigation; servitude
LEX-FAOC024302,https://faolex.fao.org/docs/pdf/eth24302E-1.pdf; https://faolex.fao.org/docs/pdf/eth24302E-2.pdf; https://faolex.fao.org/docs/pdf/eth24302E-3.pdf; https://faolex.fao.org/docs/pdf/eth24302E-4.pdf,Maritime Code of the Empire of Ethiopia.,1960-05-05,English,Sea,Sea,,,Ethiopia,,,Legislation,,"A Law to provide for the nationality and registration of ships in Ethiopia, use of Ethiopian ships, and navigation in Ethiopian waters. The provisions of this Code are divided into 9 Titles: Ships (I); Shipowners, managers and the master (II); Regulation of maritime employment (III). Contracts relating to the use of the ship (IV); Maritime collisions, assistance, and salvage (V); Participation in general average (VI); Insurance (VII); Penal provisions (VIII); Miscellaneous. Articles 4 to 6 deal with the nationality of ships, i.e. specify criteria for the qualification as Ethiopian ship or for owning an Ethiopian ship. Remaining provisions of Title I deal with ownership of ships and rights on ships and the registration of ships in registers kept at every Ethiopian port. Article 46 concerns marking of ships. ",navigation; registration
LEX-FAOC040125,https://faolex.fao.org/docs/pdf/eth40125.pdf,Settlement Authority Establishment Proclamation No. 78/1976.,1976-02-04,English,Land & soil,Land & soil,,,Ethiopia,,,Legislation,,"An autonomous public authority is established to take care of persons that have little or no land, the utilization of idle lands, the alleviation of unemployment, and the conservation of forest, soil and water resources in consultation with appropriate Government agencies. Powers and duties of the Authority are set out in section 6. The Authority shall have a Board consisting of specified ministers and a General Manager, the duties of which are set out in section 11. Section 13 specifies criteria for eligibility for the benefits of the settlement programme. Settlement shall take on unoccupied lands and on lands indicated by the Authority under section 13 with the consent of the Government. ",land reform; institution; abandoned land/unoccupied land; governance; land tenure
LEX-FAOC040126,https://faolex.fao.org/docs/pdf/eth40126.pdf,Relief and Rehabilitation Commission Establishment Proclamation No. 173/1979.,1979-12-29,English,Disaster risk management,Agricultural & rural dev.,,,Ethiopia,,,Legislation,,"An autonomous public authority is established to co-ordinate relief activities and distribute relief aid, for the rehabilitation of people that are affected by disaster, to prevent future disasters, and to organize settlers in settlement areas. ”Disaster” here means flood, drought, earthquake, etc. Powers and duties of the Commission are set out in section 8, whereas special powers are defined in section 9. The Commission shall have a Council the powers of which are set out in section 13 and a Commissioner and two Deputy Commissioners. ",hazards; institution; governance
LEX-FAOC040127,https://faolex.fao.org/docs/pdf/eth40127.pdf,State Farms Development Authority Proclamation No. 142/1978.,1978-05-09,English,Agricultural & rural development,Agricultural & rural dev.,,,Ethiopia,,,Legislation,,"An autonomous public authority is established under section 3. This Authority shall be in charge of the overall direction, supervision and co-ordination of the management and operation of agricultural development organizations established by the Authority pursuant to this Proclamation (‘corporations’), shall draw up a coordinated common plan for all corporations, ensure efficient function of the corporations and carry out studies requires to establish agro-industrial complexes. Powers and duties of the Authority are set out in section 6. The Authority shall have a General Manager, the duties of which are set out in section 8. ",agricultural development; institution; policy/planning; governance
LEX-FAOC040128,https://faolex.fao.org/docs/pdf/eth40128.pdf,Agricultural Development Corporations Regulations No. 60/1978.,1978-05-09,English,Agricultural & rural development,Agricultural & rural dev.,,,Ethiopia,,,Regulation,,"These Rules shall apply to agricultural development organizations established by the Authority pursuant to the State Farms Development Authority Proclamation of 1978 (‘corporations’). It provides for juridical personality of corporations, capital and liability, powers and duties of each corporation, powers and duties of the General Manager of each corporation, keeping of books and accounts, budgeting, report of activities, reserve funds, auditing, dissolution, winding up and amalgamation of corporations. ",agricultural development; institution; policy/planning; governance
LEX-FAOC040129,https://faolex.fao.org/docs/pdf/eth40129.pdf,Water Supply and Sewerage Authority Establishment Proclamation No. 219/1981.,1981-11-07,English,Water,Water,,,Ethiopia,,,Legislation,,"An autonomous public authority is established under section 3. This Authority shall be in charge of providing water supply and sewerage services throughout Ethiopia. The Authority shall be involved in the construction and maintenance of waterworks, control of supply of water and sewerage services by others and propose and submit to the National Water Resources Commission water tariffs and other charges and directives for the efficient organization of water and sewerage services. The Authority shall have a General Manager, the duties of which are set out in section 9. ",water resources management; institution; waterworks; water supply; sewerage; basic legislation; governance
LEX-FAOC040130,https://faolex.fao.org/docs/pdf/eth40130.pdf,"Municipal Public Health Rules 1950 issued with regard to water (10/1, 1950).",1950-09-30,English,Water,Water,,,Ethiopia,,,Regulation,,"No person shall offer to the public water for drinking purposes that is unsafe or water from an unsafe source, or water from a source that is in the opinion of a municipal public health officer liable to become unsafe. ”Unsafe” water is defined in rule 2. No person shall pollute public places as described in rule 3 or 4. No person shall discharge sewage water into natural water courses crossing town except as under a permit issued by the municipal public health officer or other specified officers. “Sewage is defined in rule 5. No person shall discharge sewage water into cesspools or abandoned wells or otherwise pollute natural groundwater at a depth of twelve meters of more (rule 6). ",pollution control; freshwater pollution; groundwater; sewerage
LEX-FAOC040131,https://faolex.fao.org/docs/pdf/eth40131.pdf,Municipal Public Health Rules 1950 issued with regard to refuse.,1950-09-30,English,Environment,Waste & hazardous substances,,,Ethiopia,,,Regulation,,"These Rules concern the handling of garbage by persons, shops and establishments, including waste from food. It prescribes the manner of storage of waste and prohibits the accumulation upon premises of any material that may attract breed flies. ",pollution control; waste disposal; waste prevention; waste management
LEX-FAOC043974,https://faolex.fao.org/docs/pdf/eth43974.pdf,Council of Ministers Regulations to provide for the dissolution of the Tea Development and Marketing Enterprise (No. 31/1998).,1998-02-20,English,Cultivated plants,Cultivated plants,,,Ethiopia,,,Regulation,,The Tea Development and Marketing Enterprise established by Council of Ministers Regulation No. 152 of 1993 is hereby dissolved. Rights and obligations of the Enterprise shall be transferred to the following enterprises: the Tea Production and Marketing Enterprise established by Regulations No. 28/1998; the Wush Wush Tea Development Enterprise established by Regulations No. 30/1998; and Tea Production and Marketing Enterprise established by Regulations No. 28/1998. ,plant production; institution; coffee/cocoa/tea; governance
LEX-FAOC043975,https://faolex.fao.org/docs/pdf/eth43975.pdf,Council of Ministers Regulations to provide for the establishment of the Tea Production and Marketing Enterprise (No. 28/1998).,1998-02-20,English,Food & nutrition,Food & nutrition,,,Ethiopia,,,Regulation,,There is hereby established the Tea Production and Marketing Enterprise as a public enterprise in the sense of the Public Enterprise Proclamation No. 25/1992. This enterprise shall be engaged in the processing of tea and the marketing of processed tea and shall carry out other activities related to those mentioned. The enterprise shall have a head office in Addis Ababa and may establish branch offices. A Supervising Authority of the enterprise shall be designated by the Government. (9 articles) ,institution; coffee/cocoa/tea; processing/handling; beverages; governance
LEX-FAOC043978,https://faolex.fao.org/docs/pdf/eth43978.pdf,Council of Ministers Regulations to provide for the establishment of the Wush Wush Tea Development Enterprise (No. 30/1998).,1998-02-20,English,Food & nutrition,Food & nutrition,,,Ethiopia,,,Regulation,,There is hereby established the Wush Wush Tea Development Enterprise as a public enterprise in the sense of the Public Enterprise Proclamation No. 25/1992. This enterprise shall be engaged in the development of tea plantations and the preliminary processing of tea and shall carry out other activities related to those mentioned. The enterprise shall have a head office in Wush Wush and may establish branch offices. A Supervising Authority of the enterprise shall be designated by the Government. (9 articles) ,institution; coffee/cocoa/tea; processing/handling; beverages; governance
LEX-FAOC043980,https://faolex.fao.org/docs/pdf/eth43980.pdf,Council of Ministers Regulations to provide for the establishment of the Gumaro Tea Development Enterprise (No. 29/1998).,1998-02-20,English,Cultivated plants,Cultivated plants,,,Ethiopia,,,Regulation,,There is hereby established the Gumaro Tea Development Enterprise as a public enterprise in the sense of the Public Enterprise Proclamation No. 25/1992. This enterprise shall be engaged in the development of tea plantations and the preliminary processing of tea and shall carry out other activities related to those mentioned. The enterprise shall have a head office in Gumaro and may establish branch offices. A Supervising Authority of the enterprise shall be designated by the Government. (9 articles) ,plant production; institution; coffee/cocoa/tea; governance
LEX-FAOC043983,https://faolex.fao.org/docs/pdf/eth43983.pdf,Rural Land Administration Proclamation of the Federal Government of Ethiopia (No. 89/1997).,1997-07-07,English,Land & soil,Land & soil,,,Ethiopia,,,Legislation,Y,"This basic piece of legislation sets out principles and lays the foundations for laws relative to land tenure and administration of rural land are to be enacted by Regional Councils in respect of each Region of Ethiopia and in accordance with the present Proclamation, laws on environmental protection and land utilization policies. (Rural) land is declared to be a common property of the “Nations, Nationalities and Peoples” of Ethiopia and it is prescribed that land shall not be subject to sale or other means of exchange. Article 6 prescribes contents of the laws to be enacted, including matters such as assignment of land rights, demarcation of land, grazing, forestry and communal use. Regional governments shall determine rates of land-use fees and royalties on the use of forest resources. ",basic legislation; land tenure; land reform; public land; right of use; gender
LEX-FAOC043986,https://faolex.fao.org/docs/pdf/eth43986.pdf,Ethiopian Seed Council of Ministers Regulations (No. 16/1997).,1997-03-10,English,Cultivated plants,Cultivated plants,,,Ethiopia,,,Regulation,Y,"These Regulations shall apply to any of the prescribed seeds of any designed variety of any plant species as may be specified by the Seed Industry Council established by Proclamation 35 of 1993. They shall not apply to seed grown by a farmer and sold directly to another farmer (art. 3). A new variety shall be approved, named and registered in accordance with these Regulations only when such variety conforms terms and conditions prescribed by the National Variety Release Committee. Producers, importers, processors or distributors of prescribed seeds shall be registered by the National Seed Industry Agency in accordance with article 5 and keep records in accordance with section 6. Quality control shall be carried out by the Ethiopian Authority for Standardization in accordance with article 7. Article 8 concerns labeling requirements. Sale of prescribed seeds requires a seed seller’s work permit (art. 9). Articles 10 to 16 concern the certification, sampling testing and inspection of prescribed seed. External trade in seeds shall be carried out only by registered importers and exporters. The Agency may designate certain seed as restricted seed, i.e. seed the importation or exportation of which is prohibited or restricted. The Council may issue Directives for the proper execution of these Regulations in regard of matters specified in article 19. (21 articles) ",breeders' rights; certification; plant variety; institution; registration; inspection; international trade; intellectual property rights; governance
LEX-FAOC043989,https://faolex.fao.org/docs/pdf/eth43989.pdf,Quality and Standards Authority of Ethiopia Establishment Proclamation (No. 102/1998).,1998-03-03,English,Food & nutrition,Food & nutrition,,,Ethiopia,,,Legislation,,"The Quality and Standards Authority is re-established as an autonomous Federal Government Organ that shall be accountable to the Prime Minister. Its objectives shall be to assist and promote in the establishment of quality management practices and to issue standards. The Authority shall carry out duties as specified in article 6. The Authority shall be managed by a Board and shall have a General Manager. The Authority shall establish a national Conformity Assessment System, i.e. a method of determining directly or indirectly if relevant requirements are met. (19 articles) ",food safety and quality; hygiene/sanitary procedures; institution; standards; governance
LEX-FAOC043991,https://faolex.fao.org/docs/pdf/eth43991.pdf,"Animal, Animal Products and By-products Marketing Development Authority Establishment Proclamation (No. 117/1998).",1998-06-16,English,Food & nutrition,Livestock; Food & nutrition,,,Ethiopia,,,Legislation,,"The Animal, Animal Products and By-products Marketing Development Authority is established as an autonomous Federal Government Organ that shall be accountable to the Prime Minister. The Authority shall promote the marketing of animals, animal products and by-products in Ethiopia and abroad, by increasing supply and quality of the items concerned. Article 6 imposes a vast range of duties on the Authority such as to preparation of laws, regulations and policies, to issue quality control directives, to establish staging points and quarantine stations, carry out research, supervise the construction of animal processing plants, etc. The Authority shall be managed by a Board and a Manager. Powers and duties of the Board and the Manager are defined in articles 10 and 11. The Council of Ministers may issue Regulations for the implementation of this Proclamation ",animal production; animal by-products; institution; quarantine; animal health; governance; meat; international trade; internal trade; institution; inspection; food safety and quality; governance
LEX-FAOC043993,https://faolex.fao.org/docs/pdf/eth43993.pdf,"Animal, Animal Products and By-products Marketing Development Authority Establishment (Amendment) Proclamation (No. 198/2000).",2000-03-09,English,Livestock; Food & nutrition,Livestock; Food & nutrition,,,Ethiopia,,,Legislation,,"The principal text is amended by changing the name of the Animal, Animal Products and By-products Marketing Development Authority in the Livestock Marketing Authority and by replacing the definition of “animal” with the definition of “livestock” so as to include animals, animal products and by-products in the definition. The duties regarding employment of staff of the Board and the Manager are extended. ",institution; governance; institution; governance
LEX-FAOC043997,https://faolex.fao.org/docs/pdf/eth43997.pdf,Institute of Biodiversity Conservation and Research Establishment Proclamation (No. 120/1998).,1998-06-25,English,Wild species & ecosystems,Wild species & ecosystems,,,Ethiopia,,,Legislation,,"The Institute of Biodiversity Conservation and Research is established as an autonomous Federal Government Organ that shall be accountable to the Ethiopian Agricultural Research Organization. The objective of the Institute shall be to cause and ensure the appropriate conservation, research, development and sustainable utilization of the biodiversity of Ethiopia. “Biodiversity” is here defined as “the variability among living organisms, including plants, animals and microorganisms, and the ecological complexes of which they are part and this includes diversity within species (genes), between species and ecosystems” (art. 2). Powers and duties of the Institute are outlined in article 6. It shall propose legislation and policies, explore and survey biodiversity, be responsible for conservation of the country’s biological resources, coordinate conservation and research programmes, carry out re-stocking of local races, enrich Ethiopia’s biodiversity through other means, implement international conventions, conduct research on ecosystems, develop regional and international cooperation, etc. The Authority shall be managed by a General Manager. Powers of the Manager are defined in article 9. Supervision of the Institute is entrusted to Ethiopian Agricultural Research Organization Board. Its powers and duties are outlined in article 8. ",biodiversity; institution; ecosystem conservation; governance
LEX-FAOC043998,https://faolex.fao.org/docs/pdf/eth43998.pdf,Awash Basin Water Resources Administration Agency Establishment Proclamation (No. 129/1998).,1998-11-10,English,Water,Water,,,Ethiopia,,,Legislation,,"The Awash Basin Water Resources Administration Agency is established as an autonomous Federal Government Organ that shall be accountable to the Minister of Water Resources. The objectives of the Agency shall be to co-ordinate, administer, allocate and regulate the utilization of the surface water resources of the Awash River Basin. The Agency shall administer the available water of the Basin that flows through territories of more than one Regional Government, construct waterworks, allocate water, implement improved water management methods, monitor groundwater level, construct and regulate irrigation and drainage works, dams, control gates, etc. The Authority shall be managed by a Board and a General Manager. Powers and duties of the Board and the Manager are defined in articles 9 and 11. ",inland waters; institution; monitoring; surface water; water supply; waterworks; river basin institution; irrigation; groundwater; basin/catchment/watershed; governance
LEX-FAOC044001,https://faolex.fao.org/docs/pdf/eth44001.pdf,Fertilizer Manufacturing and Trade Proclamation (No. 137/1998).,1998-11-24,English,Cultivated plants,Cultivated plants,,,Ethiopia,,,Legislation,,"The 30 articles of this Proclamation are divided into 5 Sections: General (1); Competence Assurance Certificate (2); Manufacturing, dealing and distribution of fertilizer (3); Enforcement of bodies and their duties (4); Miscellaneous (5). A person who wants to engage in the wholesale or retail trade in, and importation, exportation or manufacturing of fertilizer (defined in article 20 shall hold a competence assurance certificate issued by the National Fertilizer Industry Agency. Articles 4 to 12 prescribe procedures of application and conditions for granting or renewal of a certificate. All fertilizers traded in Ethiopia shall be conform the requirements of Ethiopian standards and shall be registered by the Agency for use in Ethiopia as fertilizer (art. 13). Other provisions of Section Three concern package and labeling of fertilizer, sale of bulk fertilizers, sale of fertilizers that do not meet Ethiopian Standards, Notifications by importers, licensing of manufacturers, importers and traders, and disposal of adultered fertilizer. Section 4 defines duties and responsibilities of the National Fertilizer Industry Agency and the Quality and Standards Authority of Ethiopia in respect of matters covered by this Proclamation. The Authority shall inspect and certify imported fertilizer. The Agency shall carry out functions listed in article 22 in addition to those assigned to it by the Proclamation providing for the establishment of the Agency. ",fertilizers/nutrients; institution; international trade; packaging/labelling; inspection; authorization/permit; basic legislation; plant production; governance
LEX-FAOC044002,https://faolex.fao.org/docs/pdf/eth44002.pdf,Cooperative Societies Proclamation (No. 147/1998).,1998-12-29,English,Private sector & entrepreneurship,Agricultural & rural dev.,,,Ethiopia,,,Legislation,Y,"The text consists of 60 articles divided into 10 Parts: General (1); Formation and registration of cooperative societies (2); Rights and duties of members of a society (3); management bodies (4); Special privileges (5); Asset and funds societies (6); Audit and inspection (7); Dissolution and winding up of societies (8); Settlement of disputes (9); Miscellaneous provisions (10). “Cooperative societies” shall include, amongst others, agricultural cooperative societies and fishery cooperative societies. Article 4 defines the objectives of a society, whereas article 5 outlines the guiding principles of a cooperative society. Cooperative societies may, according to their nature, be established at different levels, i.e. from primary up to deferral level (art. 6). Societies shall be registered by appropriate authority (art. 9). Societies shall have juridical personality and issue proper by-laws (arts. 10 and 11). Articles 46 to 52 concern mediation and arbitration of disputes specified in article 9. ",basic legislation; cooperative/producer organization; non-governmental entity; agricultural development; dispute settlement
LEX-FAOC044003,https://faolex.fao.org/docs/pdf/eth44003.pdf,National Veterinary Institute Establishment Council of Ministers Regulations (No. 52/1992).,1999-07-30,English,Livestock,Livestock,,,Ethiopia,,,Regulation,,"The National Veterinary Institute is established a s a public enterprise and as such shall be governed by the Public Enterprise Proclamation No. 52/1992. The Government shall designate a body to supervise the Institute. The purposes of the Institute are to produce vaccines of international standard for various animal diseases, to produce various veterinary drugs, “biologicals” and reagents and to sell such products locally and abroad. (9 articles) ",vaccination; drugs; institution; animal health; governance
LEX-FAOC044004,https://faolex.fao.org/docs/pdf/eth44004.pdf,Ethiopian Water Resources Management Proclamation (No. 197/2000).,2000-03-09,English,Water,Water,,,Ethiopia,,,Legislation,,"The purpose of this Proclamation is to ensure that all surface and ground waters of Ethiopia are properly protected and managed. The text consists of 33 articles divided into 9 Parts: General provisions (1); Supervising body (2); Inventory of water resources and registry of actions (3); Permits and professional licenses (4); Fees and water charges (5); Servitude (6); Water banks and harmful effect of water (7); Association of water users (8); Transitory provisions (9). All water resources of Ethiopia are declared common property (art. 5). Article 6 sets out the fundamental principles of water management and administration. Use of water for domestic purposes shall have priority over all other water uses. Article 8 sets out the powers and duties of the Supervising Body, i.e. the Ministry of Water Resources at national level or any other organ delegated by the Ministry pursuant to comma 2 of article 8. The Supervising Body shall prepare or cause to be prepared an inventory of water resources in accordance with article 10. Supply of water, transfer of water, release or discharge of water or construction of waterworks requires a permit to be issued by the supervising Body in accordance with articles 11 to 18. Article 12 lists water uses for which no permit is required. The Supervising Body mat promote creation of water user’s associations and shall issue further Regulations regarding such associations (art. 27). (33 sections) ",framework law; basic legislation; water resources management; institution; groundwater; surface water; authorization/permit; dispute settlement; servitude; water supply; irrigation; water users' associations; servitude; comparative analysis; water rights; governance
LEX-FAOC044006,https://faolex.fao.org/docs/pdf/eth44006.pdf,Research and Conservation of Cultural Heritage Proclamation (No. 209/2000).,2000-06-27,English,Wild species & ecosystems,Wild species & ecosystems,,,Ethiopia,,,Legislation,,"“Cultural heritage” is defined in article 2. The Authority for Research and Conservation of Cultural Heritage is established under article 2 as a government institution with a juridical personality. The Authority shall carry out scientific registration and supervision of cultural heritage, protect cultural heritage, etc. (art. 4). Powers and duties of the Authority are set out in article 6. The Authority shall have an Advisory Council and a General Manager. Powers and duties of the Council are set out in article 9, whereas powers of the General Manager are set out in article 11. Articles 29 and following concern exploration, discovery and study of cultural heritage. The Council of Ministers may declare reserved areas under section 42. ) ",cultural heritage; institution; governance
LEX-FAOC044008,https://faolex.fao.org/docs/pdf/eth44008.pdf,Emergency Food Security Reserve Administration Establishment Council of Ministers Regulations (No. 67/2000).,2000-09-06,English,Food & nutrition,Food & nutrition,,,Ethiopia,,,Regulation,,"An Emergency Food Reserve and a Non-Food Relief Items Reserve shall be maintained in accordance with articles 3 to 6. The Emergency Food Security Reserve Administration is established under article 7. It shall be accountable to the Disaster Prevention and Preparedness Commission. The Administration shall administer the Reserve, store and release food to meet food shortage and carry out other tasks set out in article 8. The Administration shall consist of a Food Security Reserve Board, an Emergency Food Security Reserve Technical Committee, a Manager and the necessary organizational structure and manpower. Powers and duties of the Board are set out in article 12. Powers and duties of the Technical Committee are set out in article 15. (21 articles) ",food security; institution; policy/planning; hazards; governance
LEX-FAOC044009,https://faolex.fao.org/docs/pdf/eth44009.pdf,Ethiopian Agricultural Sample Enumeration Commission Establishment Proclamation (No. 238/2001).,2001-05-31,English,Agricultural & rural development,Agricultural & rural dev.,,,Ethiopia,,,Legislation,,The Commission here established shall carry out agricultural census activities. It shall be accountable to the Council of Ministers. There shall be a Central Commission chaired by the Prime Minister and Regional and Zonal and other local Commissions. Section 11 sets out duties and powers of the Central Statistical Authority. ,agricultural development; access-to-information; institution; data collection/reporting; governance
LEX-FAOC044184,https://faolex.fao.org/docs/pdf/eth44184.pdf,Re-enactment of the Urban Lease Holding Proclamation (No. 272/2002).,2002-05-14,English,Land & soil,Land & soil,,,Ethiopia,,,Legislation,Y,"A Proclamation to provide for the utilization of urban land. Urban land is defined as all land within urban boundaries (art. 2). The Proclamation shall apply to urban land held by a permit system, or by lease-hold system, as well as by other means in force prior to those systems (art. 3). Urban land may be held in long-term lease by permit in accordance with plan guidelines, on auction or through negotiation on the basis of a decision of the Region or city concerned (art. 4). A leasehold deed shall be conferred upon a person who is permitted to hold land on lease. Article 6 prescribes the duration of leases in various areas and for various uses. The rates of rent shall be determined by a law issued by the appropriate regional or city government (art. 8). A person to whom lease-hold of urban land is permitted shall begin use of the land in accordance with the permit within a period prescribed in Regulations issued by the regional or city government (art. 12). Article 15 provides for the termination of lease agreements. (25 sections) ",land tenure; urban land; lease; authorization/permit; contracts
LEX-FAOC044185,https://faolex.fao.org/docs/pdf/eth44185.pdf,Cooperatives Commission Establishment Proclamation (No. 274 of 2002).,2002-05-14,English,Private sector & entrepreneurship,Agricultural & rural dev.,,,Ethiopia,,,Legislation,,"This Proclamation provides for the establishment and functioning of a Commission that shall promote cooperative organization. The Commission shall be an autonomous Federal Government Organ and shall be accountable to the Ministry of Rural Development. The Commission shall formulate policies and prepare draft legislation, encourage organization of cooperative societies in line with international principles, carry out training and research, promote cooperative principles, organize, register and grant licences to cooperative societies and, audit and inspect societies and carry out other functions specified in article 5. There shall be a Commissioner who shall be the Chief Executive of the Commission. ",cooperative/producer organization; institution; agricultural development; governance
LEX-FAOC044186,https://faolex.fao.org/docs/pdf/eth44186.pdf,Animal Diseases Prevention and Control Proclamation (No. 267 of 2002).,2002-01-31,English,Livestock,Livestock; Food & nutrition; Fisheries; Wild species & ecosystems,,,Ethiopia,,,Legislation,,"A Proclamation to provide for the prevention and control of diseases affecting animals. ) Animal means for the purpose of this proclamation domestic and wild animals includs sea animals and bees. The text consists of 24 articles divided into 5 Parts: General Provisions (1); Prevention and control of animal diseases (2); Movement of animals, animal products and by-products (3); Registration of animal health professionals and delivery of services (4); Miscellaneous provisions (5). The Part 2 prescribes various measures relating to prevention of animal diseases and prevention of spreading of diseases such as notification of outbreak of a disease (art. 3), declaration of infected areas (art. 4), quarantine in infected areas (art. 5), prohibition of importation of animals, control of movement, control of diseases that may also affect wild animals or diseases of wild animals that may affect livestock, emergency preparedness, etc. (art. 8), exchange of health information (art. 9). Powers of Animals Health Officers are set out in article 8. Article 10 of Part 3 concerns establishment of quarantine stations, whereas article 14 concerns international health certificates. Importation of animals or products shall require an entrance permit from the Ministry of Agriculture. ",basic legislation; animal health; pests/diseases; institution; quarantine; international trade; inspection; pastoralism; certification; animal production; governance; fish diseases; animal health; meat; international trade; food safety and quality; animal health
LEX-FAOC044188,https://faolex.fao.org/docs/pdf/eth44188.pdf,Water Resources Development Fund Establishment and its Administration Proclamation (No. 268 of 2002).,2002-01-31,English,Water,Agricultural & rural dev.; Water,,,Ethiopia,,,Legislation,,"The Proclamation provides for the establishment of the Water Resources Development Fund (art. 3), its objectives (art. 4), resources of the Fund (arts. 5 and 6) and administration of the Fund (arts. 9 to 18). The Fund shall be used to implement the objectives of this Proclamation. Those are enabling organizations that are engaged in water supply and sanitation services (defined in art. 2) to be fully self sufficient in the provision of reliable and sustainable services, to contribute to food self-sufficiency by expanding and ensuring water supply for irrigation. The Fund shall also provide long-term loans on the principle of cost recovery for the realization of the objectives. The Fund shall be managed by the Water Resources Development Fund Office established under article 9. The Office shall have a Board and a General Manager. ",agricultural development; food sovereignty; irrigation; water resources management; institution; special fund; irrigation; governance; credit; hygiene/sanitary procedures; water supply
LEX-FAOC044190,https://faolex.fao.org/docs/pdf/eth44190.pdf,Ethiopian Rural Energy Development and Promotion Center Establishment Proclamation (No. 269 of 2002).,2002-01-31,English,Energy,Energy,,,Ethiopia,,,Legislation,,"This Proclamation provides for the establishment and functioning of a Center that shall create conditions for the development and promotion of rural energy resources and technology. “Energy” here means power generated from biomass, water, geothermal, sunlight, wind and non-renewable resources such as petroleum and minerals and various materials used in rural communities. The Center shall identify resources of energy suitable for rural areas, conduct studies for their development, adopt foreign technologies and develop indigenous energy technologies, provide consulting services, and carry out other functions outlined in article 5. The Center shall be managed by a Director General. ",energy conservation/energy production; institution; research; governance
LEX-FAOC044279,https://faolex.fao.org/docs/pdf/eth44279.pdf,National Agricultural Input Authority Establishment Proclamation (No. 288 of 2002).,2002-07-07,English,Agricultural & rural development; Cultivated plants,Agricultural & rural dev.; Cultivated plants,,,Ethiopia,,,Legislation,,"This Proclamation provides for the establishment and functioning of an Authority that shall ensure that the production, supply, distribution and marketing of agricultural inputs (i.e. plant seeds, fertilizer, pesticides) is undertaken an efficient manner. The Authority shall be an autonomous Federal Government Organ and shall be accountable to the Ministry of Rural Development. Its duties include formulation of policies, issuance of importation and exportation permits, implementation of laws relating to agricultural inputs, etc. (art. 6). The Authority shall be managed by a General Manager, the powers and duties of which are outlined in article 8. ",agricultural development; institution; governance; pesticides; seeds/planting material; fertilizers/nutrients; institution; international trade; agricultural development; plant production; plant protection; governance
LEX-FAOC044280,https://faolex.fao.org/docs/pdf/eth44280.pdf,Environmental Protection Organs Establishment Proclamation (No. 295 of 2002).,2002-10-31,English,Environment,Environment,,,Ethiopia,,,Legislation,,"This Proclamation provides for the re-establishment and functioning of an Environmental Protection Authority as an autonomous Federal Government Organ and shall be accountable to the Prime Minister. The Authority shall have as objective the formulation of policies, strategies, laws and standards that foster social of economic development in an environmentally sustainable manner (art. 5). The Authority shall formulate and coordinate environmental policies, establish a system for environmental impact assessment, review impact assessment reports, set environmental standards, carry out environmental auditing, carry out studies and research in the field of desertification prepare directives for the implementation of environmental laws, coordinate measures for the implementation of national environment objectives, and carry out other functions specified in article 6. The Authority shall be managed by a Director General and a Council (“Environmental Council”). Every Competent Agency (defined in article 2) shall establish or designate an environmental unit that shall be responsible for coordination and follow-up so that the activities of the Agency concerned are in conformity wit this Proclamation and other environmental legislation. In each Regional State Regional Environmental Agencies shall be established in accordance with article 15. (17 articles) ",institution; pollution control; environmental planning; policy/planning; governance
LEX-FAOC044281,https://faolex.fao.org/docs/pdf/eth44281.pdf,Environmental Impact Assessment Proclamation (No. 299 of 2002).,2002-12-31,English,Environment,Environment; Water,,,Ethiopia,,,Legislation,,"This Proclamation prescribes that no person shall commence any new development activity under any category listed in any directive issued pursuant to this Proclamation ('project') which requires an environmental impact assessment (further specified in art. 5) without an authorization of the Environmental Protection Authority. The Authority or the relevant regional environmental agency may decide that the possible impact of the project is significant and therefore that no EIA shall be carried out (art. 3). Licensing agencies shall before issuing an investment permit or trade or operating license, ensure that EIA requirements have been fulfilled. Article 4 sets out criteria for the determination of impact. Article 6 concerns impact assessment for projects that are likely to have an impact on the environment of two or more regions. Proponents shall draft IEA in accordance with articles 7 to 9. The Authority shall take a decision on the submitted project/EIA in accordance with article 9. Other provisions of this Proclamation deal with occurrence of new circumstance (art. 11), monitoring of implementation (art. 12), EIA of a public instrument (art. 13), jurisdiction of agencies (art. 14), public participation (art. 15), and various miscellaneous issues. Article 18 prescribes offences and penalties. ",institution; pollution control; environmental impact assessment (EIA); basic legislation; cultural heritage; sustainable development; governance; freshwater pollution; pollution control
LEX-FAOC044282,https://faolex.fao.org/docs/pdf/eth44282.pdf,Environmental Pollution Control Proclamation (No. 300 of 2002).,2002-12-03,English,Environment,Environment; Water; Waste & hazardous substances,,,Ethiopia,,,Legislation,,"The Proclamation consists of 22 articles divided into 6 Parts: Preliminary (1); Control of pollution (2); Environmental standards (3); Environmental inspectors (4); Offences and penalties (5); Miscellaneous provisions (6). Article 3 sets out general rules regarding control or prevention of pollution including use of clean technologies and the polluter pays principle. Article 4 concerns hazardous waste, chemical substances and radioactive substance. Article 5 provides for collection, transportation, treatment (including recycling) of municipal waste. The Environmental Protection Authority shall formulate “practicable” environmental standards based on scientific and environmental principles. The standards shall at least have respect to: discharge or effluent waste water and sewerage, air quality, subsoil, noise and waste management (art. 6). Environmental Inspectors shall be nominated by the Authority or the Regional Environmental Agency. Powers and duties of the Inspectors are set out in article 8. Inspectors may order remedial action in case any activity causes damage to the environment. Appeal against decisions of Inspectors may be had under article 9. ",framework law; pollution control; institution; governance; freshwater pollution; effluent waste water/discharge; pollution control; waste management; waste prevention; effluent waste water/discharge; hazardous waste; inspection; recycling/reuse; offences/penalties
LEX-FAOC044402,https://faolex.fao.org/docs/pdf/eth44402.pdf,Fisheries Development and Utilization Proclamation (No. 315/2003).,2003-02-04,English,Fisheries,Fisheries; Wild species & ecosystems,,,Ethiopia,,,Legislation,,"The objectives of this Proclamation are to conserve fish biodiversity and its environment, to avoid over-exploitation of fish resources, to increase the supply of fish of good quality and to expand the development of aquaculture. The 21 articles of this Proclamation are divided into 4 Parts: General (1); Fisheries Resource Utilization (2); Enforcement of this Proclamation (3); Miscellaneous provisions (4). Commercial fishing requires a legal fishing permit. Specific permits are also required for fishing in national parks or reserved fishing areas, protected fishing areas, and recreational fishing by non-nationals. The permits cannot be transferred. Fishing in an area that is subject to a concession granted under article 7 shall require a permit from the concession holder. Other provisions of article 5 concerns permits for the international trade in exotic fish, transfer of live fish, prohibition of illegal fishing methods and permits for fisheries research. Article 6 concerns regulation of aquaculture and the prevention of fish diseases. Article 8 concerns protection of the environment, whereas article 9 deals with transboundary and transregional fisheries resources. Handling, processing storage, transportation and trade of fish and fish product shall meet fish quality and trade standards and be in conformity with Regulations issued under this Proclamation (art. 10). ",fishery management and conservation; inland fisheries; aquaculture; concession; fish diseases; offences/penalties; fishing authorization; animal health; authorization/permit; ecosystem conservation; biodiversity
LEX-FAOC061953,https://faolex.fao.org/docs/pdf/eth61953.pdf,Seed Proclamation No. 206 of 2000.,2000-06-06,English,Cultivated plants,Cultivated plants,,,Ethiopia,,,Legislation,Y,"This Proclamation, consisting of 37 sections divided into five Parts, introduces rules and measures to ensure production and availability of high quality seeds for agricultural and horticultural purposes in Ethiopia. It creates a legal framework for the protection and control of the interests of users of seed, originators, processors and traders of seed. The Proclamation shall apply to any seed prescribed by the National Seed Industry Agency (sect. 3). Section 5 requires any person engaging in seed production or trade to obtain a Competence Assurance Certificate from the Agency. The holder of such certificate shall keep records and samples of seed in accordance with section 13. Sections 14 to 24 concern the control of quality of seed production and marketing and provide for seed quality control according to appropriate standards by the Agency, labelling of seed, certification of seed by the Agency or another delegated body, recognition of foreign certification bodies, testing of seed and inspection of seeds. Section 25 contains rules relative to the importation and exportation of seeds. Sections 29 to 31 define the role of the Agency and the National Variety Release Committee in the control of the production and marketing of seeds. Section 34 defines offences and prescribes penalties. ",seeds/planting material; certification; plant variety; institution; authorization/permit; inspection; international trade; offences/penalties; plant production; governance
LEX-FAOC080475,https://faolex.fao.org/docs/pdf/eth80475.pdf,"Access to Genetic Resources and Community Knowledge, and Community Rights Proclamation  (No. 482/2006).",2006-02-27,English,Cultivated plants; Wild species & ecosystems,Cultivated plants; Wild species & ecosystems,,,Ethiopia,,,Legislation,,"This Proclamation, which has the force of Law, concerns the protection and enhancement of customary use of genetic resources by Ethiopian communities which are relevant to the conservation and sustainable use of the biodiversity resources of the country. It provides rules relative to the access to genetic resources and community knowledge on use of those genetic resources, and provides for the rights of communities over genetic resources and community knowledge in conformity with the Convention on Biological Diversity to which Ethiopia is a Party. The Proclamation shall apply to access to genetic resources found in in-situ or ex-situ conditions but shall not apply to customary use and exchange of genetic resources and the sale of produce of biological resources for direct consumption, that does not involve the use of the genetic resource thereof. The Proclamation defines ownership rights of genetic resources and community knowledge and provides for protection of community rights, access to genetic resources and sharing of benefits. Access to genetic resources by outsiders requires a permit to be granted by the Institute of Biological Conservation. The Proclamation also regulates the exploration of genetic resources and provides for administration in relation with the implementation of its provisions. ","basic legislation; genetic resources; plant production; seeds/planting material; plant variety; access-to-information; breeders' rights; access and benefit-sharing; PIC-prior informed consent; biodiversity; traditional knowledge/indigenous knowledge; authorization/permit; intellectual property rights; biodiversity; PIC-prior informed consent; traditional knowledge/indigenous knowledge; Free, Prior and Informed Consent (FPIC); access right; authorization/permit; community management; data collection/reporting; genetic resources; hygiene/sanitary procedures; quarantine"
LEX-FAOC080476,https://faolex.fao.org/docs/pdf/eth80476.pdf,Plant Breeders' Rights Proclamation (No. 481/2006).,2006-02-27,English,Cultivated plants,Cultivated plants,,,Ethiopia,,,Legislation,Y,"This Proclamation, which has the force of Law, provides for the protection of rights of breeders in respect new plant varieties. The list of new plant genera and species shall be published by the Ministry of Agriculture and Rural Development and revised from time to time. A breeder shall be granted by the Ministry, on application, a plant breeders’ right in respect of his or her new plant variety. Subject to the exemptions and restrictions provided for in this Proclamation, a plant breeders’ right entitles the holder an exclusive right to: (a) sell, including the right to license other persons to sell, the seed or propagating material of the protected variety; and (b) produce, including the right to license other persons to produce, propagating material of the protected variety for sale. The Proclamation makes provision for the granting of compulsory licenses by the Ministry, provides with respect to application, registration, duration, revocation and transfer of a right, and to legal action in the case of infringement of a right. The Proclamation also sets out the principle of  a farmers’ right and defines such right. ",basic legislation; plant production; breeders' rights; genetic resources; seeds/planting material; plant variety; registration; authorization/permit; intellectual property rights
LEX-FAOC085018,https://faolex.fao.org/docs/pdf/eth85018.pdf,Mining Operations Council of Ministers Regulations No. 182/1994.,1994-04-20,English,Mineral resources,Land & soil; Mineral resources; Water,,,Ethiopia,,,Regulation,,"These Regulations of the Council of Ministers provide rules relative to large-scale and small-scale mining operations. The rules concern, among other things: (a) the issue, renewal or revocation of a prospecting licence or an exploration licence; (b) notice of discovery of minerals; (c) verification and certification of a discovery; (d) rights and obligations of licencees; (e) fees, royalties and other payments; (f) offences and sanctions; (g) dispute settlement; and (h) powers and duties of the Controller. The Controller, i.e. an officer appointed by the Licensing Authority to control mining operations, shall have the primary responsibility with regard to the technical and administrative supervision of mining operations in accordance with directives issued by Licensing Authority. “Mining” includes the abstraction of mineral water or thermal water. An application for a large-scale mining operation shall include an environmental assessment report and licences holders shall observe various rules regarding the protection of the environment. ",pollution control; soil rehabilitation; water abstraction; thermal and medicinal waters; mining; exploration; minerals; environmental impact assessment (EIA); dispute settlement; authorization/permit
LEX-FAOC085041,https://faolex.fao.org/docs/pdf/eth85041.pdf,Regulations to amend the Mining Operations Council of Ministers Regulations (No. 27/1998).,1998-02-18,English,Mineral resources,Mineral resources,,,Ethiopia,,,Regulation,,These Regulations amend the Mining Operations Regulations by deleting article 33 and renumbering articles 34 to 45. Article 33 concerns annual rentals to be paid by licensees. ,fees/royalties
LEX-FAOC085042,https://faolex.fao.org/docs/pdf/eth85042.pdf,Mining Proclamation No.52/1993.,1993-06-23,English,Mineral resources,Land & soil; Mineral resources; Water,,knowledge.uneca.org,Ethiopia,,,Legislation,Y,"This Proclamation lays down the regulatory framework for mining operations in Ethiopia. It defines the principles of sound development of the mining sector and defines the criteria for eligibility for mining rights, i.e. a prospecting licence, an exploration licence, an artisanal mining licence, a small-scale mining licence and a large-scale mining licence. A mining licence shall give the right to abstract, in limited quantities, mineral and geothermal water. Furthermore, the Proclamation defines the rights and duties of licence holders and provides for financial matters and administration. An applicant for a large-scale mining licence shall submit an environmental impact study before the granting of a licence. ",soil rehabilitation; waterworks; water abstraction; basic legislation; mining; exploration; minerals; environmental impact assessment (EIA); dispute settlement; authorization/permit
LEX-FAOC085043,https://faolex.fao.org/docs/pdf/eth85043.pdf,Mining (Amendment) Proclamation No.22/1996.,1996-02-15,English,Mineral resources,Mineral resources,,knowledge.uneca.org,Ethiopia,,,Legislation,Y,This Proclamation amends the Mining Proclamation in article 44 relative to a participation interest of the Government in large-scale mining investments and in article 46 relative to the competent authority for the grant of a licence. ,mining; exploration; authorization/permit
LEX-FAOC085044,https://faolex.fao.org/docs/pdf/eth85044.pdf,Mining (Amendment) Proclamation No.118/1998.,1998-06-23,English,Mineral resources,Mineral resources,,,Ethiopia,,,Legislation,Y,This Proclamation amends the Mining Proclamation in article 40 relative to rates for surface rentals and in article 46 relative to the power to issue licences and to collect royalties and other payments on large-scale mining operations. ,mining; exploration; fees/royalties; authorization/permit
LEX-FAOC085045,https://faolex.fao.org/docs/pdf/eth85045.pdf,Petroleum Operations Proclamation No. 295/1986.,1986-03-26,English,Mineral resources,Mineral resources,,knowledge.uneca.org,Ethiopia,,,Legislation,,"This Proclamation sets out rules relative to operations involving and related to the exploration, development, extraction, production, treatment, storage, transportation and marketing of petroleum, excluding refining of crude oil, but including the processing of natural gas. The Proclamation defines powers of the Minister to regulate petroleum operations and to control contractors and it sets out particulars of a petroleum agreement to be concluded with a contractor. Both the particulars of the agreement and operating standards mention the obligation of a contractor to protect the environment. In additions, a contractor shall conduct petroleum operations in a manner designed to protect anthropological, archaeological and historical objects and sites. ",basic legislation; mining; exploration; oil; natural gas; contracts; authorization/permit
LEX-FAOC085158,https://faolex.fao.org/docs/pdf/eth85158.pdf,Radiation Protection Proclamation No. 571/2008.,2008-04-22,English,Environment,Air & atmosphere; Waste & hazardous substances,,www.ethiopar.net,Ethiopia,,,Legislation,Y,"This Proclamation seeks to reduce risks of damage to health, property and the environment due to use of radiation and radioisotopes, through proper and effective protection schemes. For this purpose, the Proclamation establishes Ethiopian Radiation Protection Authority, which shall regulate radiation sources and related practices. The Authority shall be managed by the Ethiopian Radiation Protection Board and shall have radiation protection officers to ensure compliance with the provisions of this Proclamation. The Authority shall, among other things, formulate radiation protection policies and legislation and issue licences under this Proclamation to mine, manufacture, construct, assemble, acquire, transit, import, stored, etc. a radioactive material. All such activities shall be notified to the Authority. The Proclamation furthermore, among other things, defines duties and responsibilities of licensees and other concerned parties and grants regulation-making powers for the implementation of provisions of this Proclamation to the Council of Ministers. ",radiation; institution; authorization/permit; pollution control; emissions; governance; pollution control; hazardous waste; waste management
LEX-FAOC085160,https://faolex.fao.org/docs/pdf/eth85160.pdf,Transfer of Rights and Obligations of Disaster Prevention and Preparedness Commission to the Ministry of Agriculture and Rural Development Proclamation No. 593/2008.,2008-08-11,English,Agricultural & rural development; Disaster risk management,Agricultural & rural dev.,,www.ethiopar.net,Ethiopia,,,Legislation,,"This Proclamation repeals the Disaster Prevention and Preparedness Commission Establishment Proclamation No. 10/1995, as amended and transfers the rights and obligations of Disaster Prevention and Preparedness Commission established under Proclamation No.10/1995 to the Ministry of Agriculture and Rural Development. ",hazards; institution; governance
LEX-FAOC085161,https://faolex.fao.org/docs/pdf/eth85161.pdf,Water Resources Development Fund Establishment and Administration (Amendment) Proclamation No. 581/2008.,2008-05-27,English,Water,Water,,www.ethiopar.net,Ethiopia,,,Legislation,,This Proclamation amends the Water Resources Development Fund Establishment and Its Administration Proclamation: adding definitions of ‘Institution’ and ‘Revolving Fund’; in article 4 in relation with tasks of the Fund; in article 5 in relation with determination of interest rates on loans provided by the Fund; in article 7 concerning criteria for eligibility to be a beneficiary of the Fund; and in article 11 relating to powers and duties of the Water Resources Development Fund Office. ,water resources management; institution; special fund; agricultural development; governance
LEX-FAOC085163,https://faolex.fao.org/docs/pdf/eth85163.pdf,Coffee Quality Control and Marketing Proclamation No. 602/2008.,2008-08-25,English,Food & nutrition,Food & nutrition; Cultivated plants,,www.ethiopar.net,Ethiopia,,,Legislation,Y,"This scope of this Proclamation is to establish an improved system for coffee quality control and marketing. The Proclamation provides rules relative to the coffee quality control process and rules relative to transactions involving coffee. In addition, it defines obligations of coffee producers, coffee traders and coffee exporters, defines powers of the Ministry of Agriculture and Rural Development and defines offences. ",food safety and quality; coffee/cocoa/tea; international trade; institution; classification/declassification; certification; offences/penalties; beverages; governance; plant production; agricultural commodities
LEX-FAOC085164,https://faolex.fao.org/docs/pdf/eth85164.pdf,Urban Planning Proclamation No. 574/2008.,2008-05-16,English,Land & soil,Land & soil; Water,,www.ethiopar.net,Ethiopia,,,Legislation,,"This Proclamation provides rules relative to spatial and development planning in urban centres in Ethiopia. It establishes a legal framework in order to promote planned and well developed urban centres and regulates and facilitates development activities in urban centres to enhance economic development of the country. An urban centre is defined as any locality with established municipality or having a population size of 2000 or above inhabitants, of which 50 percent of its labour force is primarily engaged in non-agricultural activities. Physical boundaries of urban centres shall be demarcated by regional authorities. A structure plan shall take into account environmental aspects, in particular Art. 11/3/f requires any local development plan to state, among others, green areas, open spaces, water bodies, and places that might be utilized for common benefits.  The Proclamation sets out the procedure for the adoption of plans including public hearings. It also provides for an  authorization of development, reallocation of land for public purposes, a stop that may be imposed on development by authorities, the right to obtain information regarding the status of land and the reservation of land for public purposes. ",land-use planning; urban land; institution; cultural heritage; governance; environmental planning; policy/planning
LEX-FAOC085165,https://faolex.fao.org/docs/pdf/eth85165.pdf,Ethiopian Wildlife Development and Conservation Authority Establishment Proclamation No. 575/2008.,2008-05-22,English,Wild species & ecosystems,Wild species & ecosystems,,www.ethiopar.net,Ethiopia,,,Legislation,,"This Proclamation establishes the Ethiopian Wildlife Development and Conservation Authority as an autonomous public agency of the federal government. The Authority shall, among other things: (a) prepare and submit to the Ministry of Culture and Tourism draft policies and laws relating to the development, conservation and utilization of wildlife resources and follow up the their implementation; (b) develop and administer wildlife conservation areas; (c) issue hunting permits to foreign tourists; (d) issue permits and health certificates to export and import any wildlife or wildlife products; (e) ensure that wildlife conservation areas are established in accordance with international standards with a view to facilitating their registration by the World Conservation Union. ",management/conservation; institution; hunting/capture; wildlife products; governance
LEX-FAOC094418,https://faolex.fao.org/docs/pdf/eth94418.pdf,Disclosure and Registration of Assets Proclamation (No. 668/2010).,2010-04-12,English,Land & soil,Land & soil,,www.ethiopar.net,Ethiopia,,,Legislation,,"This Proclamation requires (future) public servants to disclose to and register with the Federal Ethics and Anti-Corruption Commission their interests in assets, including immovable property, so as to enhance transparency and accountability in the conduct of public affairs. Customary law shall not apply to matters provided for by this Proclamation. Any public office or public enterprise shall ensure compliance with this Proclamation. ",land tenure; ownership; offences/penalties; governance; property rights
LEX-FAOC094419,https://faolex.fao.org/docs/pdf/eth94419.pdf,"Food, Medicine and Health Care Administration and Control Proclamation No. 661/2009.",2010-01-13,English,Food & nutrition,Livestock; Food & nutrition; Water; Waste & hazardous substances,,www.ethiopar.net,Ethiopia,,,Legislation,,"This Proclamation provides with respect to matters of public health in Ethiopia including health risks resulting from unsafe and substandard quality of food. In Particular, the Proclamation applies to, among other things: (a) setting standards in relation to food, medicine, environmental health: (b) the licensing and regulating trans-regional food and medicine production, import, export, distribution, promotion and storage of food and sampling and analysis of food; (c) monitoring and regulating environmental health services; (d) other regulatory activities with respect to trans-regional food, medicine, health and controllable health related services and institutions. The principal administrative authority for purposes of this Proclamation shall be the Executive Organ, i.e. a body to be established by Regulations of the Council of Ministers to implement food, medicine and healthcare administration and control activities at the federal level. Matters of food dealt with by this Proclamation include: food safety control; licensing of persons handling food; packaging and labelling; nutritional standards; importation and exportation of food; food irradiation; and quality control on water supplied to the public in bottle or through pipes. The Proclamation also makes provision with respect to waste handling and disposal and the storage of dangerous chemicals. ",animal health; drugs; basic legislation; food safety and quality; hygiene/sanitary procedures; institution; standards; treated food; mineral water; packaging/labelling; inspection; international trade; offences/penalties; governance; water supply; potable water; waste disposal; waste management; hazardous substances
LEX-FAOC095176,https://faolex.fao.org/docs/pdf/eth95176.pdf,Apiculture Resources Development and Protection Proclamation (No. 660/2009).,2009-12-24,English,Livestock,Livestock,,,Ethiopia,,,Legislation,,"This Proclamation provides for the conservation of the biodiversity of honey bee races and honey source plants and the development of the apiculture and the production of honey products. The Proclamation provides rules for the authorization of beekeeping activities including migratory beekeeping and for the protection of indigenous honeybee species from communicable honeybee diseases. The Proclamation furthermore, among other things, provides some rules relative to importation of bees and bee products, provides for appointment and functions of apiculture resources development inspectors and defines offences. ",animal production; apiculture/sericulture; animal health; pests/diseases; international trade; authorization/permit; offences/penalties; biodiversity
LEX-FAOC095180,https://faolex.fao.org/docs/pdf/eth95180.pdf,Biosafety Proclamation (No.655/2009).,2009-09-09,English,Environment,Livestock; Environment,,,Ethiopia,,,Legislation,,"This Proclamation provides rules for the handling and use of Genetically Modified Organisms so as to protect human and animal health, biological diversity and in general, the environment, local communities and the country at large. It aims at preventing or at least managing down to levels of insignificance the adverse effects of modified organisms. No person shall engage in any transaction without obtaining an advance informed agreement from the Environmental Protection Authority, i.e. a written consent granted by the Authority for the undertaking of a transaction in accordance with this Proclamation. A transaction here means any making or use of any modified organism in teaching, production, import, export, transit, release, contained production, transport, placing on the market, or use as pharmaceutical, as food, as feed or for processing. The Authority shall establish a National Biosafety Clearing-House. ",animal health; biosecurity; biosafety; genetically modified organism (GMO); institution; authorization/permit; basic legislation; governance; biotechnology
LEX-FAOC095182,https://faolex.fao.org/docs/pdf/eth95182.pdf,Convention of the Migratory Species of Wild Animals Ratification Proclamation (No. 634/2009).,2009-06-30,English,Wild species & ecosystems,Fisheries; Wild species & ecosystems,,www.ethiopar.net,Ethiopia,,,Legislation,,This Proclamation provides for the ratification of the Convention on the Conservation of Migratory Species of Wild Animals by Ethiopia and empowers the Ethiopian Wildlife Conservation Authority to undertake all acts necessary for the implementation of the Convention in cooperation with concerned Federal and Regional Government Organs and non-governmental organizations as well as communities. ,fishery management and conservation; migratory species; protection of species; biodiversity; management/conservation; birds; institution; international agreement-implementation; protection of species; ratification; biodiversity; governance
LEX-FAOC095184,https://faolex.fao.org/docs/pdf/eth95184.pdf,Convention on the Liability and Compensation for Damage in Connection with the Carriage of Hazardous and Noxious Substances by Sea Ratification Proclamation (No. 629/2009).,2009-05-15,English,Sea,Sea; Environment,,www.ethiopar.net,Ethiopia,,,Legislation,,"This Proclamation provides for the ratification of the Convention on the Liability and Compensation for Damage in Connection with the Carriage of Hazardous and Noxious Substances by Sea and authorizes the Ministry of Transport and Communications to undertake, in cooperation with the concerned governmental organs, all acts necessary for the implementation of the Convention. ",marine pollution; pollution control; marine pollution; hazardous substances; hazardous waste; transport/storage; institution; international agreement-implementation; ratification; governance; pollution control
LEX-FAOC095186,https://faolex.fao.org/docs/pdf/eth95186.pdf,Control of Harmful Anti Fouling Systems Convention Ratification Proclamation (No. 628 /2009).,2009-05-15,English,Sea,Sea; Environment,,www.ethiopar.net,Ethiopia,,,Legislation,,This Proclamation provides for the ratification of the International Convention in the Control of Harmful Anti-fouling adopted by the International Maritime Organization and authorizes the Ministry of Transport and Communications to undertake in cooperation with the concerned governmental organs all acts necessary for the implementation of the Convention. ,marine pollution; pollution control; marine pollution; hazardous substances; institution; international agreement-implementation; ratification; governance; pollution control
LEX-FAOC095189,https://faolex.fao.org/docs/pdf/eth95189.pdf,Civil Liability for Bunker Oil Pollution Damage Convention Ratification Proclamation (No. 620/2009).,2009-01-27,English,Sea,Sea; Environment,,www.ethiopar.net,Ethiopia,,,Legislation,,"This Proclamation provides for the ratification of the International Convention on Civil Liability for Bunker Oil Pollution Damage adopted by the International Maritime Organization and authorizes the Ministry of Transport and Communications to undertake, in cooperation with the concerned governmental organs, all acts necessary for the implementation of the Convention. ",marine pollution; pollution control; marine pollution; liability/compensation; oil pollution; institution; international agreement-implementation; ratification; governance; pollution control
LEX-FAOC095239,https://faolex.fao.org/docs/pdf/eth95239.pdf,Ethiopia Commodity Exchange Authority Proclamation (No. 551 of 2007).,2007-09-04,English,Agricultural & rural development,Agricultural & rural dev.,,www.ethiopar.net,Ethiopia,,,Legislation,,This Proclamation establishes the Ethiopia Commodity Exchange Authority as an autonomous public institution of the Federal Government. The general objective of the Authority shall be to ensure the development of an efficient and modern (agricultural) commodities marketing system. The Authority may grant recognition to Clearing Institutions and Exchange Actors and recognize Exchange Actors Associations. The Act also provides rules relative to trading in commodities and requires Commodity Exchanges to set up a Settlement Guarantee Fund. ,agricultural commodities; agricultural development; internal trade; international trade; institution; special fund; offences/penalties; governance
LEX-FAOC095240,https://faolex.fao.org/docs/pdf/eth95240.pdf,Ethiopia Commodity Exchange Proclamation (No. 550 of 2007).,2007-09-04,English,Agricultural & rural development,Agricultural & rural dev.,,www.ethiopar.net,Ethiopia,,,Legislation,,"This Proclamation establishes the Ethiopia Commodity Exchange as a wholly state-owned market institution having its own legal personality. The Ministry of Agriculture and Rural Development shall be the supervising authority of the Exchange. The Exchange shall be an efficient, transparent, and orderly marketing system for the trading in agricultural commodities that serves the needs of buyers, sellers, and intermediaries, and that promotes increased market participation of Ethiopian small scale producers. The Exchange shall develop and maintain approved grades and standards for the purposes of trading on the Exchange. The Proclamation provides rules for trading and makes provision for a dispute resolution mechanism. ",agricultural commodities; agricultural development; internal trade; international trade; dispute settlement; institution; governance
LEX-FAOC095241,https://faolex.fao.org/docs/pdf/eth95241.pdf,Maritime Sector Administration Proclamation (No. 549 of 2007).,2009-09-04,English,Sea,Fisheries; Sea,,www.ethiopar.net,Ethiopia,,,Legislation,,"This Proclamation establishes the Maritime Affaires Authority as an autonomous public authority having its own judicial personality. The Authority shall be instrumental in enhancement of port services and marine traffic and shall, among other things, maintain port and vessel records, register all vessels and any rights relating thereto, issue registration marks to vessels and implement obligations and rights of Ethiopia under international maritime conventions. ",fishing vessel; marking/identification; institution; navigation; harbour; governance
LEX-FAOC095247,https://faolex.fao.org/docs/pdf/eth95247.pdf,"Forest Development, Conservation and Utilization Proclamation (No. 542 of 2007).",2009-09-04,English,Forestry,Forestry,,,Ethiopia,,,Legislation,Y,"This Proclamation makes provision with respect to the development, conservation and sustainable utilization of forest resources in Ethiopia. It defines various measures for the promotion of forest development including the grant of rural land to private individuals and organizations and development of State production forests on concession basis. The Proclamation furthermore provides for the conservation, development and administration of State Forest, designation and administration of protected forests, the promotion of farming in forests and sylvo-pastoralism, the prevention of forest fires, the promotion of forest technology and regulation of activities in forests including the cutting of trees and movement of forest products. ",basic legislation; forest management/forest conservation; forestry protection measures; protection forest; timber extraction/logging; agro-forestry; authorization/permit; public forest; concession; offences/penalties; traditional knowledge/indigenous knowledge; community management; access and benefit-sharing
LEX-FAOC095249,https://faolex.fao.org/docs/pdf/eth95249.pdf,Development Conservation and Utilization of Wildlife Proclamation (No. 541 of 2007).,2007-06-07,English,Wild species & ecosystems,Wild species & ecosystems,,www.ethiopar.net,Ethiopia,,,Legislation,,"This Proclamation makes provision with respect to the development, conservation and sustainable utilization of wildlife resources in Ethiopia, including wild animals found in Ethiopia and including those species migrating from country to country and temporarily staying in Ethiopia. Wildlife conservation areas, which shall be designated and administered by the Federal Government, shall include: (a) national parks that are nationally and globally significant and known to have representative ecological zones and embrace immense diversity of wildlife; (b) national parks and wildlife sanctuaries that are inhabited by the country’s endemic and endangered species; (c) any wildlife conservation areas geographically situated within two or more regions; and (d) any transboundary wildlife conservation areas that may be established in accordance with agreements with neighbouring countries. Other wildlife conservation areas shall be administered be designated by regions or administered by private investors or local communities. Other provisions of this Proclamation concern the authorization of activities, including hunting, in wildlife conservation areas and regulation-making powers. ",basic legislation; ecosystem conservation; institution; national parks; hunting/capture; offences/penalties; protected area; legal proceedings/administrative proceedings; management/conservation; hunting authorization/permit; governance
LEX-FAOC095456,https://faolex.fao.org/docs/pdf/eth95456.pdf,River Basin Councils and Authorities Proclamation (No. 534/2007).,2007-07-23,English,Water,Water,,www.ethiopar.net,Ethiopia,,,Legislation,,"This Proclamation, for purposes of better management of available water resources in Ethiopia, provides for the establishment, by Regulations to be issued by the Council of Ministers, of River Basins High Councils and Authorities. The overall objectives of River Basin High Councils and Authorities shall be to promote and monitor the integrated water resources management process in the river basins falling under their jurisdictions with a view to using of the basins’ water resources for the socio-economic welfare of the people in an equitable and participatory manner, and without compromising the sustainability of the aquatic ecosystems. A Basin High Council shall, among other things: (a) provide policy guidance and planning oversight to ensure coordination among stakeholders for the implementation of integrated water resources management in the basin; (b) direct the preparation of the river basin plan and submit it for approval by the Government; and (c) examine and decide on water allocation rules and principles; and (d) manage water use disputes between Regional States in the basin. The Proclamation also defines powers and duties of Basin Authorities and Director Generals of Authorities, in particular in relation with issuing permits relating to water use and water works, river information and river basin management plans. ",inland waters; basin/catchment/watershed; institution; water rights; policy/planning; monitoring; data collection/reporting; governance
LEX-FAOC095457,https://faolex.fao.org/docs/pdf/eth95457.pdf,Solid Waste Management Proclamation (No. 513 of 2007).,2007-02-12,English,Environment,Waste & hazardous substances,,,Ethiopia,,,Legislation,,"This Proclamation makes provision for the management of solid waste and for designation and implementation of solid waste management action plans at the lowest administrative units of urban administrations so as to ensure community participation. The objective of the Proclamation is to enhance at all levels capacities to prevent possible adverse impacts while creating economically and socially beneficial assets out of solid waste. The Proclamation also concerns, among other things, inter-regional movement of solid wastes, food related solid wastes and civil liability of owners of any solid waste disposal site. ",pollution control; institution; waste management; solid waste; recycling/reuse; governance
LEX-FAOC095458,https://faolex.fao.org/docs/pdf/eth95458.pdf,Raw Hide and Skin Marketing System Proclamation (No. 457/2005).,2005-07-15,English,Livestock,Livestock,,www.ethiopar.net,Ethiopia,,,Legislation,Y,"This Proclamation provides with respect to a system for the collection, processing, transporting and selling process of raw hide and skin. It requires a certificate of competence from the competent authority in order to obtain a raw skin and hide trading licence. The Proclamation provides rules relative to processing, transportation and marketing of raw hides and skins and provides with respect to administration and inspection. ",animal production; animal by-products; international trade; inspection; authorization/permit
LEX-FAOC095459,https://faolex.fao.org/docs/pdf/eth95459.pdf,Federal Democratic Republic of Ethiopia Rural Land Administration and Land Use Proclamation (No. 456/2005).,2005-07-15,English,Land & soil,Land & soil; Water,,www.ethiopar.net,Ethiopia,,,Legislation,Y,"This Proclamation provides for a new system of administration for rural land management and use and for sustainable rural land use planning based on the different agro-ecological zones of the country necessary for the conservation and development of natural resources. This Proclamation shall apply to any rural land in Ethiopia, i.e. any land outside of a municipality holding or a town designated as such by the relevant law. The Proclamation, among other things: provides rules relative to acquisition and use of rural land by peasant farmers or pastoralists, transfer of rural land use rights, distribution of rural land, obligations for land holder such as allowing construction of irrigation canals, resolution of disputes, and restrictions on the use of rural land. In regard to this latter the Proclamation, under Part 3, Art. 13 - Land Use Planning and Proper Use of Sloppy, Gully and Wetlands, establishes that the competent authority shall develop a land use master plan (taking into consideration soil type, land form, weather condition, plant cover, socio-economic conditions) and base it on a water shed approach; an equitable water use system shall be established between upper and lower water shed communities; and on the lands where soil and water conservation works have been undertaken a system of free grazing shall be prohibited and  a system of cut and carry feeding shall be introduced step by step. The Article continues establishing that the biodiversity in rural wetland shall be conserved and utilized as necessary. ",basic legislation; land reform; land tenure; agricultural land; ownership; land-use planning; dispute settlement; institution; smallholders/peasants; pastoralism; gender; governance; property rights; irrigation; wetlands; basin/catchment/watershed; inland waters
LEX-FAOC095460,https://faolex.fao.org/docs/pdf/eth95460.pdf,Federal Urban Planning Institute Establishment Proclamation (No. 450/2005).,2005-06-24,English,Land & soil,Land & soil,,www.ethiopar.net,Ethiopia,,,Legislation,,"This Proclamation establishes the Federal Urban Planning Institute as an autonomous public organ having its own legal personality. The Institute shall, among other things, provide capacity building in the field of preparation and implementation of urban plans and provide consultancy and information services. The Proclamation also defines the powers and duties of the General Manager and the Deputy General Manager of the Institute. ",land-use planning; urban land; institution; governance
LEX-FAOC095461,https://faolex.fao.org/docs/pdf/eth95461.pdf,Kyoto Protocol Ratification Proclamation (No. 439/2005).,2005-02-21,English,Environment; Climate change,Air & atmosphere,,www.ethiopar.net,Ethiopia,,,Legislation,,"This Proclamation provides for the ratification of the Kyoto Protocol to the United Nations Framework Convention on Climate Change and authorizes the Environmental Protection Authority to take, in cooperation with the appropriate Federal, Regional and City Administration Government organs, actions  necessary to implement the Protocol. ",climate change; ozone layer; air quality/air pollution; international agreement-implementation; pollution control; ratification
LEX-FAOC095534,https://faolex.fao.org/docs/pdf/eth95534.pdf,Sugar Industry Development Fund Establishment Proclamation (No. 415 of 2004).,2004-08-02,English,Cultivated plants,Cultivated plants,,www.ethiopar.net,Ethiopia,,,Legislation,,This Proclamation establishes the Sugar Industry Development Fund. The principal source of finance of the fund shall be proceeds of sugar in the domestic market by the government owned sugar-producing companies. The Fund shall be utilized for the financing of studies of sugar industry projects for establishing new sugar-producing companies and for the expansion of existing sugar-producing companies. ,agricultural development; sugar cane/sugar beet; special fund
LEX-FAOC095535,https://faolex.fao.org/docs/pdf/eth95535.pdf,Quality and Standards Authority of Ethiopia Establishment (Amendment) Proclamation (No.413/2004).,2004-08-02,English,Food & nutrition,Food & nutrition,,www.ethiopar.net,Ethiopia,,,Legislation,,This Proclamation amends the Quality and Standards Authority of Ethiopia Establishment Proclamation in relation with modification of the internal organziation of the Authority and accountability. The Proclamation creates the Standards and Certification Council within the Authority and powers and duties of the Council. ,food safety and quality; hygiene/sanitary procedures; institution; standards; governance
LEX-FAOC095536,https://faolex.fao.org/docs/pdf/eth95536.pdf,Privatization and Public Enterprises Supervising Authority Establishment Proclamation (No. 412 of 2004).,2004-08-02,English,Agricultural & rural development,Agricultural & rural dev.,,www.ethiopar.net,Ethiopia,,,Legislation,,"This Proclamation establishes the Privatization and Public Enterprises Supervising Authority as an autonomous federal government office having its own legal personality. The Authority shall, among other things, implement a Privatization Programme and supervise and enhance the functioning and management of public enterprises. ",agricultural development; institution; governance
LEX-FAOC095537,https://faolex.fao.org/docs/pdf/eth95537.pdf,Cooperative Societies (Amendment) Proclamation (No. 402/2004).,2004-05-11,English,Private sector & entrepreneurship,Agricultural & rural dev.,,www.ethiopar.net,Ethiopia,,,Legislation,Y,"This Proclamation amends the Cooperative Societies Proclamation in relation with, among other things, control on registered societies, membership and shares and the settlement of disputes. ",cooperative/producer organization; non-governmental entity; agricultural development; dispute settlement
LEX-FAOC095538,https://faolex.fao.org/docs/pdf/eth95538.pdf,Ethiopian Agricultural Research Organization Establishment (Amendment) Proclamation (No. 382 of 2004).,2004-01-13,English,Agricultural & rural development,Agricultural & rural dev.,,www.ethiopar.net,Ethiopia,,,Legislation,,This Proclamation amends the Ethiopian Agricultural Research Organization Proclamation regarding accountability and administrative matters of the Organization. ,institution; agricultural development; research; governance
LEX-FAOC095540,https://faolex.fao.org/docs/pdf/eth95540.pdf,Institute of Biodiversity Conservation and Research Establishment (Amendment) Proclamation (No. 381/2004).,2004-01-13,English,Wild species & ecosystems,Wild species & ecosystems,,www.ethiopar.net,Ethiopia,,,Legislation,,"This Proclamation amends the Institute of Biodiversity Conservation and Research Establishment Proclamation by adding a definition of biological specimen/sample and in relation with objectives of the Institute, its accountability to the Ministry of Agriculture and Rural Development and powers and duties of the Institute. ",biodiversity; institution; ecosystem conservation; governance
LEX-FAOC095541,https://faolex.fao.org/docs/pdf/eth95541.pdf,Convention for the Protection of Cultural Property in the event of Armed Conflict and its First Protocol Accession Proclamation (No. 373/2003).,2003-10-28,English,Wild species & ecosystems,Wild species & ecosystems,,www.ethiopar.net,Ethiopia,,,Legislation,,"This Proclamation ratifies the Convention for the Protection of Cultural Property in the Event of Armed Conflict and empowers the Authority for Research and Conservation of Cultural Heritage to undertake all acts necessary of the implementation of the Convention and its First Protocol in cooperation with concerned Federal and Regional Government organs, Non-Governmental organization as well as with Communities. ",cultural heritage; international agreement-implementation
LEX-FAOC095542,https://faolex.fao.org/docs/pdf/eth95542.pdf,Cartagena Protocol on Biosafety Ratification Proclamation (No. 362/2003).,2003-07-31,English,Environment,Air & atmosphere,,www.ethiopar.net,Ethiopia,,,Legislation,,"This Proclamation provides for the ratification of the Cartagena Protocol on Biosafety to the Convention on Biological Diversity and authorizes the Environmental Protection Authority to take, in cooperation with the appropriate Federal, Regional and City Administration Government organs, actions  necessary to implement the Protocol. ",climate change; ozone layer; air quality/air pollution; international agreement-implementation; pollution control; ratification
LEX-FAOC095544,https://faolex.fao.org/docs/pdf/eth95544.pdf,Basel Protocol Ratification Proclamation (No. 357/2003).,2003-07-03,English,Environment,Waste & hazardous substances,,www.ethiopar.net,Ethiopia,,,Legislation,,"This Proclamation provides for the ratification of the Basel Protocol on Liability and Compensation for Damage Resulting from Transboundary Movements of Hazardous Wastes and their Disposal and authorizes the Environmental Protection Authority to take, in cooperation with the appropriate Federal, Regional and City Administration Government organs, actions  necessary to implement the Protocol. ",waste management; hazardous waste; transboundary movement of waste; international agreement-implementation; ratification
LEX-FAOC095545,https://faolex.fao.org/docs/pdf/eth95545.pdf,Basel Convention Amendment Ratification Proclamation (No. 356/2003).,2003-07-03,English,Environment,Waste & hazardous substances,,www.ethiopar.net,Ethiopia,,,Legislation,,"This Proclamation provides for the ratification of the Amendment to the Basel Convention on the Control of Transboundary Movements of Hazardous Wastes and their Disposal and authorizes the Environmental Protection Authority to take, in cooperation with the appropriate Federal, Regional and City Administration Government organs, actions  necessary to implement the Amendment to the Basel Convention. ",waste management; hazardous waste; transboundary movement of waste; international agreement-implementation; ratification
LEX-FAOC095546,https://faolex.fao.org/docs/pdf/eth95546.pdf,Bamako Convention Ratification Proclamation (No. 355/2003).,2003-07-03,English,Environment,Waste & hazardous substances,,www.ethiopar.net,Ethiopia,,,Legislation,,"This Proclamation provides for the ratification of the Bamako Convention on the Ban of the Import into Africa and the Control of Transboundary Movement and Management of Hazardous Wastes within Africa and authorizes the Environmental Protection Authority to take, in cooperation with the appropriate Federal, Regional and City Administration Government organs, actions  necessary to implement the Convention. ",waste management; hazardous waste; transboundary movement of waste; international agreement-implementation; ratification
LEX-FAOC095548,https://faolex.fao.org/docs/pdf/eth95548.pdf,International Treaty on Plant Genetic Resources for Food and Agriculture Ratification Proclamation No. 330/2003 (No. 355/2003).,2003-04-29,English,Cultivated plants,Cultivated plants; Wild species & ecosystems,,www.ethiopar.net,Ethiopia,,,Legislation,,This Proclamation provides for the ratification of the International Treaty on Plant Genetic Resources for Food and Agriculture and empowers the Institute of Biodiversity Conservation and Research to undertake all acts necessary for the implementation of the Treaty. ,plant production; seeds/planting material; genetic resources; ratification; biodiversity; international agreement-implementation
LEX-FAOC095550,https://faolex.fao.org/docs/pdf/eth95550.pdf,Rural Electrification Fund Establishment Proclamation (No. 317 of 2003).,2003-02-06,English,Agricultural & rural development; Energy,Agricultural & rural dev.; Energy,,www.ethiopar.net,Ethiopia,,,Legislation,,"This Proclamation establishes the Rural Electrification Fund for purposes of providing loans and technical services for Rural Electrification Projects carried out by private operators, cooperatives and local communities and more specifically for those projects operating on renewable energy sources and to encourage the utilization of electricity for production and social welfare purposes in rural areas. ",agricultural development; institution; special fund; governance; energy conservation/energy production; renewable energy
LEX-FAOC095730,https://faolex.fao.org/docs/pdf/eth95730.pdf,Property Mortgaged or Pledged with Banks Proclamation (No. 97/1998).,1998-02-19,English,Land & soil,Land & soil,,www.ethiopar.net,Ethiopia,,,Legislation,,"This Proclamation amends the Civil Code concerning the sale of property mortgaged or pledged with banks in order to create a conducive environment to economic development by enabling banks to collect their debts from debtors efficiently and  thereby promoting a good business culture. It declares contracts authorizing a creditor bank with which a property has been mortgaged or pledged and whose claim is not paid within the time stipulated in the contract, to sell the property by auction upon giving a prior notice of at least 30 days to the debtor and to transfer the ownership of the property to the buyer, to be valid. It also provides for some other matters relative to the recovery of debts related to land-based credit. ",ownership; land based credit; legal proceedings/administrative proceedings; transfer rights ; contracts; property rights
LEX-FAOC095731,https://faolex.fao.org/docs/pdf/eth95731.pdf,Property Mortgaged or Pledged with Banks (Amendment) Proclamation (No. 216/2000).,2000-07-06,English,Land & soil,Land & soil,,www.ethiopar.net,Ethiopia,,,Legislation,,This Proclamation amends the Property Mortgaged or Pledged with Banks Proclamation in article 3 in relation with auctions for the sale of mortgaged property by banks. ,ownership; land based credit; legal proceedings/administrative proceedings; transfer rights ; property rights
LEX-FAOC095732,https://faolex.fao.org/docs/pdf/eth95732.pdf,Business Mortgage Proclamation (No. 98/1998).,1998-02-19,English,Land & soil,Land & soil,,www.ethiopar.net,Ethiopia,,,Legislation,,This Proclamation provides for the registration of mortgages established on businesses and the sale of a business mortgage by auction. Each Region or City shall keep a register of business mortgages. Only businesses that have been registered and given business license by the appropriate Federal or Regional authority may be mortgaged. ,ownership; land based credit; legal proceedings/administrative proceedings; transfer rights ; property rights
LEX-FAOC095733,https://faolex.fao.org/docs/pdf/eth95733.pdf,Micro-Financing Business Proclamation (No. 626/2009).,2009-05-12,English,Private sector & entrepreneurship,Agricultural & rural dev.; Land & soil,,,Ethiopia,,,Legislation,,"This Act provides rules for the micro-financing business in Ethiopia and for the licensing of institutions providing micro-financing. The main purpose of a micro-financing institutions shall be to collect deposits and extend credit to rural and urban farmers and people engaged in other similar activities as well as micro and small scale rural and urban entrepreneurs, the maximum amount of which may be determined by the National Bank. The Property Mortgaged or Pledged with Banks Proclamation No. 97/1998 and Business Mortgage Proclamation No. 98/1998 shall be applicable with respect to property mortgaged or pledged with micro-financing institutions. ",agricultural development; credit; financial agricultural measures; business/industry/corporations; smallholders/peasants; land based credit
LEX-FAOC095735,https://faolex.fao.org/docs/pdf/eth95735.pdf,Commercial Registration and Business Licensing Proclamation (No. 67/1997).,1997-03-06,English,Agricultural & rural development,Agricultural & rural dev.,,,Ethiopia,,,Legislation,Y,"This Proclamation makes provision for the licensing and registration of businesses to which this Proclamation shall apply including certain activities related to agriculture and trade in agricultural products. It provides for the establishment of commercial registers and the issuing of business licences, except for businesses carrying out specified activities including the prospecting and mining of minerals, the provision for certain water services, commercial activities involving the use of radioactive materials and radiation emitting equipment and the trade in tobacco. Any person who has a permanent licence for agricultural development or industry shall not be required to possess a wholesale trade licence in order to wholesale his or her products. ",agricultural development; international trade; registration; authorization/permit; agricultural commodities
LEX-FAOC095736,https://faolex.fao.org/docs/pdf/eth95736.pdf,Commercial Registration and Business Licensing (Amendment) Proclamation (No. 376/2003).,2003-11-13,English,Agricultural & rural development,Agricultural & rural dev.,,,Ethiopia,,,Legislation,Y,"This Proclamation amends the Commercial Registration and Business Licensing Proclamation in relation with, among other things, formal requirements for business organizations, the right to consultation of the register of business organizations, requirements for obtaining a business licence and penalties for failure to renew a business licence. ",agricultural development; authorization/permit; registration
LEX-FAOC095737,https://faolex.fao.org/docs/pdf/eth95737.pdf,Commercial Registration and Business Licensing (Amendment) Proclamation (No. 328/2003).,2003-04-17,English,Agricultural & rural development,Agricultural & rural dev.,,,Ethiopia,,,Legislation,Y,"This Proclamation amends the Commercial Registration and Business Licensing Proclamation by adding a definition of Unfair Trade Practice and in relation with, among other things: the requirement to obtain a licence for commercial activities such as trade in coffee, skin and hide and other foreign trade goods for which the Ministry deems a business license necessary; and cancellation and transfer of a licence. ",agricultural development; registration; authorization/permit; agricultural commodities; international trade
LEX-FAOC095738,https://faolex.fao.org/docs/pdf/eth95738.pdf,Commercial Registration and Business Licensing (Amendment) Proclamation (No. 171/1999).,1999-06-09,English,Agricultural & rural development,Agricultural & rural dev.,,,Ethiopia,,,Legislation,Y,This Proclamation amends the Commercial Registration and Business Licensing Proclamation in relation with the renewal of business licences by a regional bureau. ,agricultural development; authorization/permit
LEX-FAOC095741,https://faolex.fao.org/docs/pdf/eth95741.pdf,Agreement for Conservation of African Eurasian Migratory Water Birds Ratification Proclamation (No. 635/2009).,2009-06-30,English,Wild species & ecosystems,Fisheries; Wild species & ecosystems,,www.ethiopar.net,Ethiopia,,,Legislation,,This Proclamation provides for the ratification of the Agreement for the Conservation of African Eurasian Migratory Water Birds of 1995 by Ethiopia and empowers the Ethiopian Wildlife Conservation Authority to undertake all acts necessary for the implementation of the Agreement in cooperation with concerned Federal and Regional Government Organs and non-governmental organizations as well as communities. ,fishery management and conservation; migratory species; protection of species; biodiversity; management/conservation; institution; birds; international agreement-implementation; ratification; governance
LEX-FAOC101172,https://faolex.fao.org/docs/pdf/eth101172.pdf,Trade Practice and Consumers’ Protection Proclamation No. 685/2010.,2010-08-16,English,Trade,Agricultural & rural dev.; Food & nutrition; Water,,www.ethiopar.net,Ethiopia,,,Legislation,,"This Proclamation makes provision for the protection of the business community from anti-competitive and unfair market practices and consumers from misleading market conducts. It establishes a system that is conducive for the promotion of competitive market. The Proclamation shall not apply to: basic utilities (including water supply); and basic goods and services subject to price regulation by the Government. It, among other things: prohibits certain unfair market practices; provides rules for mergers; defines rights of consumers; provides rules for the labelling of goods; establishes the Trade Practice and Consumers Protection Authority and defines functions and powers of the Authority and those of its Director General; empowers the Regional states to establish organs that adjudicate on matters of consumer rights protections as indicated in this Proclamation; and provide for control on the distribution of (basic) goods and services. ",agricultural development; internal trade; institution; legal proceedings/administrative proceedings; court/tribunal; governance; food safety and quality; hygiene/sanitary procedures; consumer protection; packaging/labelling; basic legislation; water supply
LEX-FAOC101173,https://faolex.fao.org/docs/pdf/eth101173.pdf,Commercial Registration and Business Licensing Proclamation No. 686/2010.,2010-07-24,English,Private sector & entrepreneurship,Agricultural & rural dev.,,www.ethiopar.net,Ethiopia,,,Legislation,Y,"This Proclamation provides for the registration and licensing of business ventures in Ethiopia. Licensing provisions shall not apply to, among other things, mining, water services, activities involving radioactive material and trade in tobacco. No person shall carry on a commercial activity without obtaining a valid business license and without registering in the in the commercial register. Permission is requires from authority for the expanding or upgrading of an existing industry or agricultural development. ",agricultural development; internal trade; authorization/permit; registration; business/industry/corporations
LEX-FAOC104827,https://faolex.fao.org/docs/pdf/eth104827.pdf,Oromia Rural Land Use and Administration Proclamation (No. 130 /2007).,,English,Land & soil,Land & soil; Water; Wild species & ecosystems,,www.ethiopar.net,Ethiopia,,Oromia,Legislation,,"The aim of this Proclamation is to improve management and utilization of land and land resources for agricultural purposes. It applies to all land that lies outside of municipal borders. The Proclamation defines the right to acquire, free of charge, rural land by any adult residents of the region, including women, whose livelihood depends on agriculture, and other subjects. It also defines land use rights of peasants, pastoralists and semi-pastoralists and provides for the protection of such rights. The Proclamation furthermore, among other things, provides for dispute resolution, protection of land from degradation and erosion, protection of wetlands, catchment areas and springs, planting of trees and other restrictions on the use of land for management and conservation purposes. ",basic legislation; land reform; land tenure; agricultural land; ownership; land-use planning; dispute settlement; institution; soil conservation/soil improvement; erosion; smallholders/peasants; gender; governance; property rights; water resources management; inland waters; smallholders/peasants; ecosystem conservation; sustainable development; wetlands
LEX-FAOC190334,https://faolex.fao.org/docs/pdf/eth190334.pdf,National Strategy for Ethiopia’s Agricultural Extension System.,,English,Agricultural & rural development,Agricultural & rural dev.; Livestock; Environment; Food & nutrition; Cultivated plants; Water,,www.agriknowledge.org,Ethiopia,,,Policy,,"This National Strategy for Ethiopia’s Agricultural Extension System is the first document of its kind developed by the Government to enhance the agricultural productivity and production of smallholders. The Vision expressed by the Strategy is To sustain a market-led and pluralistic extension system that improves the lives and livelihoods of smallholder farmers, agro-pastoralists and pastoralists. The consequent Mission aims to contribute to agricultural growth and poverty reduction by installing pluralistic extension system, ensuring transfer and adoption of improved technologies and good practices. Main goal of the Strategy is to contribute to the attainment of food security and poverty reduction in the country and ensure better rural life. To achieve the goal, the Government aims to transform Ethiopia’s agriculture through implementation of pluralistic extension system and by providing demand-driven and market-led extension services to male, female and youth farmers, pastoralists and agro pastoralists To help eliminate hunger and food insecurity, main interventions are directed to (i) promote a proper knowledge management; (ii) guarantee better access to production technologies and sustainable market systems, supported by appropriate commercial investment, public finance and the regulatory environment; and (iii) increase access to health services and adequate food storage, particularly through gender-oriented training on nutrition-dense food production and consumption, improving dietary diversity and knowledge of food preparation, and improving child breast feeding and pregnant women nutrition. In order to make agriculture more productive and sustainable, the Strategy proposes to (i) make up-to-date agricultural information available and improve agricultural knowledge and innovation management systems; (ii) maximize the potentials of livestock through improving extension services targeting cattle, beef, dairy, camel, small ruminants, poultry, and aquatic animals (fish); (iii) diversify the production system from rain-fed to irrigated agriculture; (iv) promote push–pull technology using locally available plants in a mixed cropping system to manage insect pests and parasitic weeds, particularly in maize and sorghum-based agriculture, using for the “push” nutritious fodders for livestock from which households generate a lot of income and food; (iv) straighten the role of research institutes in generating new technologies and innovations and conduct on-farm verification and studies on extension methods system to increase productivity of farmers by the adoption of technologies generated from the research; (v) cultivate and produce competent skilled human power to respond to the diverse needs of farmers and pro-actively move the agricultural development through capacity building programs; (vi) promote regular crop rotation, crop residue management, crop associations and double cropping that have the potential to replenish nutrients, reduce plant diseases and insect pests; and (vii) use moisture stress tolerant crops, together with introduction of new crops, use of water harvest techniques, rehabilitation of terraces, improved irrigation techniques, improved water points in pastoral areas. The entire Strategy is meant to reduce rural poverty and all interventions are aimed at this purpose. To enable more inclusive and productive agricultural and food systems, the Strategy aims at transforming subsistence smallholder farming to commercialized farming system through the implementation of commodity-based extension approach and market-oriented extension services by (i) providing market-demanded technologies, inputs and information to smallholder farmers and other private investors to encourage a better access to more reliable markets; (ii) promote an extension system interactive and responsive to farmers’ needs by encouraging active participation in problem identification, priority planning, implementation as well as monitoring and evaluation; (iii) transform the farmer training centers (FTCs) into farmer-owned, farmer-driven enterprises to ensure both commercial viability and a sense of community ownership; (iv) use farmers' groups as platforms for the promotion of decentralized planning, implementation and monitoring of extension services; (v) increase farmers' organizations, taking advantage of farmers’ indigenous knowledge; (vi) enhance the provision of demand-driven, peer to peer learning and contextualized extension services targeting different categories of farmers (youth, women, rich, poor etc.); (vii) provide extension services along the entire value chain of a commodity, in order to strengthen market linkages among producers, agro-industries, processors and retailers; (viii) give special attention and support to women by encouraging their participation in the extension system and ensuring services provided address their special needs; (ix) conduct gender and environment focused interventions to provide gender and environment friendly extension services; (x) promote financial literacy and improved access to finance through establishing saving and credit groups and/or cooperatives in rural communities and linking with micro-finance institutions, with particular reference to women and young farmers; and (xi) promote both on-farm and off-farm income generating micro-enterprises. Resilience of livelihoods to disasters will be increased through (i) the diversification of the agricultural products grown by a local community that would also help to conserve the existing natural resources; (ii) implementation of climate smart agriculture and application of climate friendly technologies and watershed development approaches; and (iii) enhancement of physical conservation on natural resources through improving advisory services by implementing soil bunds, stone-faced soil bund, terracing, channels' control and rehabilitation. ",sustainable development; smallholders/peasants; agricultural development; pastoralism; good practices; poverty; gender; agricultural extension; community management; irrigation; integrated pest management-IPM/pest management strategies; fertilizers/nutrients; research; capacity building; crops ; cooperative/producer organization; monitoring; rural employment; youth; climate change; traditional knowledge/indigenous knowledge; credit; protection of environment; labour; animal production; sustainable development; agricultural extension; research; agricultural development; sustainable development; good practices; poverty; gender; community management; integrated pest management-IPM/pest management strategies; fertilizers/nutrients; research; capacity building; cooperative/producer organization; monitoring; climate change; traditional knowledge/indigenous knowledge; credit; food security; transport/storage; breastfeeding/infant food; research; nutrition; sustainable development; integrated pest management-IPM/pest management strategies; fertilizers/nutrients; research; capacity building; crops ; pests/diseases; plant protection; plant production; sustainable development; research; irrigation; capacity building; water shortage/drought; waterworks
LEX-FAOC211209,https://faolex.fao.org/docs/pdf/eth211209.pdf,Rural Land Administration and use regulation No. 66/2007 issued to implement the Proclamation.,,English; Amharic,Land & soil,Agricultural & rural dev.; Land & soil; Water; Wild species & ecosystems,,,Ethiopia,,,Regulation,,"As, the regional government issued a rural land administration and use proclamation No 110/2007 recognizing land as an important agricultural input and an economic base for the region and the country as whole; as, to implement this rural land administration and use proclamation, it becomes necessary to issue regulation. Where as, describing restriction imposed on rural land use right in detail is needed so that the landholder know his rights and obligations and properly manage the land. This regulation shall be implemented with in the southern Nations, Nationalities and people regional state in all type of rural land and lands used for agricultural purposes in urban territory. The provision of this regulation set for the masculine gender shall also apply to the feminine gender. It establishes in particular that anyone shall have the right to participate voluntarily in settlement program to get and use rural land; get and use rural land from communal land government's holding; from competent authority. As well, husband and wife shall have equal use right on their holding:- A. Husband and wife shall jointly use their possession which they got before their marriage. B. Husband and wife shall jointly use the rural land that they got after marriage through inheritance or other means. In addition, it regulates the Managing of Land and Natural Resources as follows: A. Any rural land user has the obligation to implement appropriate soil and water conservation methods on land and other natural resources and maintains structures. ",agricultural development; farming; community management; gender; pastoralism; youth; family farming; animal production; enforcement/compliance; land reform; land tenure; agricultural land; ownership; land-use planning; dispute settlement; institution; soil conservation/soil improvement; erosion; smallholders/peasants; cadastre/land registration; certification; range; gender; governance; pastoralism; property rights; water resources management; irrigation; sustainable development; water rights; wetlands
LEX-FAOC149529,https://faolex.fao.org/docs/pdf/eth149529.pdf,National Biodiversity Strategy and Action Plan.,,English,Wild species & ecosystems,Agricultural & rural dev.; Food & nutrition; Wild species & ecosystems,,,Ethiopia,,,Policy,,"The National Biodiversity Strategy and Action Plan (NBSAP) is a sectoral strategic document of Ethiopia. Its main goal is that effective systems are established that ensure the conservation and sustainable use of Ethiopia’s biodiversity, that provide for the equitable sharing of the costs and benefits arising therefrom, and that contribute to the well-being and security of the nation. It has four strategic objectives: (1) representative examples of Ethiopia’s remaining ecosystems are conserved through a network of effectively managed protected areas; (2) by 2020, all remaining natural ecosystems outside of the protected areas are under sustainable use management; (3) the costs and benefits on biodiversity conservation are equitably shared through a range of public, private, community/CBO and NGO partnerships for protected areas management and for sustainable use and marketing of biodiversity; and (4) the rich agro-biodiversity of Ethiopia is effectively conserved through a mix of in situ and ex situ programs. The NBSAP notes that it will address interlinked issues comprising biodiversity protection and management for food security (poverty reduction), health and livelihood improvement of the Ethiopian population especially the rural communities (farmers and pastoralists) whose survival depends on the use of natural resources. The document also provides for sustainable development and ecosystem preservation. It aims to develop effective, integrated sustainable use of natural resources management systems at pilot sites using innovative public/ CBO/ private/ NGO partnerships in accordance with the Reclassification Plan. Additionally, it notes that sustainable management systems will be replicated/ adapted and applied to all remaining natural areas outside of protected areas of the country. With regard to the ecosystem preservation, it intends to adopt appropriate policies and plans that promote the conservation and sustainable use of biodiversity and integrate biodiversity conservation measures into sectoral plans and programmes. It also provides for ex-situ and in-situ conservation measures. According to the document, the overall responsibility for implementation of the NBSAP at the federal level will be that of the Institute of Biodiversity Conservation under the umbrella of the Ministry of Agriculture and Rural Development. The Ministry in collaboration with Institute will establish a Federal Biodiversity Steering Committee composed of relevant institutions. ",sustainable development; sustainable use; traditional rights/customary rights; community management; access and benefit-sharing; food security; traditional rights/customary rights; community management; ecosystem conservation; management/conservation; protected area; biodiversity; sustainable use; traditional rights/customary rights; community management; access and benefit-sharing
LEX-FAOC186137,https://faolex.fao.org/docs/pdf/eth186137.pdf,Ethiopia’s Climate-Resilient Green Economy Strategy.,,English,National development; Climate change,Agricultural & rural dev.; Livestock; Air & atmosphere; Energy; Environment; Food & nutrition; Forestry; Land & soil; Cultivated plants; Water,,www.undp.org,Ethiopia,,,Policy,,"This Climate-Resilient Green Economy (CRGE) Strategy is a nationwide document aiming at achieving a middle-income status by 2025 while developing a green economy to avoid the negative effects resulting from the increasing in GHG emissions and unsustainable use of natural resources. Reaching this goal will require (i) boosting agricultural productivity; (ii) strengthening the industrial base; and (iii) and fostering export growth. The document follows a sectoral approach based on the following four pillars: (1) improving crop and livestock production practices for higher food security and farmer income while reducing emissions (2) protecting and re-establishing forests for their economic and ecosystem services, including as carbon stocks; (3) expanding electricity generation from renewable sources of energy for domestic and regional markets; and (4) leapfrogging to modern and energy-efficient technologies in transport, industrial sectors, and buildings. It follows that implementing these initiatives would also offer important co-benefits, such as it would improve public health, through better air and water quality, and would promote rural economic development by increasing soil fertility and food security. To help eliminate hunger and food insecurity, the Strategy focuses on (i) increasing the agricultural crop production, from around 19 million tonnes today to more than 71 million tonnes in 2030, mainly through the increased fertilizer usage and an increase in land used for agriculture; and (ii) increasing the productivity of livestock, a swell as farmland, rather than increasing the cattle headcount. In order to make agriculture and forestry more productive and sustainable, main interventions will be directed to (i) increase animal value chain efficiency via higher productivity of cattle (for both meat and milk) and an increased off-take rate (decreasing the age at which livestock are sold) (ii) introduce better feeding techniques to the pastoralist herd, together with the consequence of an emissions' reduction from cattle; (iii) intensify and prepare new land by means of small-scale irrigation to medium- and large-scale irrigation schemes; (iv) generate clean and renewable electric power to allow the replacement of trucks by electric rail or diesel pumps by electric pumps for irrigation; (v) reduce wood requirements thanks to efficient stoves; and (vi) protect and re-establish forests for their economic and ecosystem services Rural poverty reduction will be faced through (i) increasing soil fertility, food security, and rural employment higher energy efficiency – especially from more efficient cooking/baking and transport, with savings worth up to 10% of household income; (ii) efficient stoves and switching to bio-gas stoves to increase the available income of the relatively poor rural population; (iii)  expanding to rural areas the Green Cities and Buildings STC which at the moment only including urban areas; and (iv) increasing the low-emitting animals (poultry, sheep, goat and fishery) that are high protein suppliers as well as high sources of income. To enable more inclusive and efficient agricultural and food systems, the Strategy envisages to (i) improve the market infrastructure; (ii) improved market efficiency through the establishment of milk collection and processing centers in strategically selected milk shed areas; and (iii) increased dairy value chain efficiency through aggregation of smallholder production in cooperatives, as well as supply of improved feed and feeding systems for a sub-group of farmers. The resilience of livelihoods to disasters will be improved through (i) a net reduction of GHG emissions to be combined with the economic growth (i.e. expanding electricity generation form renewable energy, reducing off-grid fossil fuel energy use, introducing abatement initiatives  in the cement factories that use outdated technology that is not only energy inefficient, but also causes high emissions from the production process); (ii) an improved early-warning systems for extreme weather conditions; and (iii) protect and re-establish forests to increase GHG sequestration. As for the Governance, the principle is a permanent institutional setup to use existing institutions and responsibilities in order to minimize requirements for funding and organizational reform. This shortens the time needed for recruiting and ensures the high quality and fit of the staff. The Government has also set up fast-tracked initiatives for implementation since they offer the chance to immediately promote growth, capture large abatement potential, and attract available climate finance for implementation. ",climate change; sustainable development; crops ; irrigation; climate change; animal feed/feedstuffs; animal health; animal production; cattle; pastoralism; sheep/goats; climate change; emissions; energy conservation/energy production; early warning system; green economy; food security; milk/dairy products; climate change; protection forest; public health; ecosystem conservation; forest management/forest conservation; climate change; soil conservation/soil improvement; climate change; crops ; fertilizers/nutrients; plant production; climate change; irrigation; sustainable use; climate change; emissions; renewable energy; climate change; energy conservation/energy production; renewable energy; biofuel
LEX-FAOC186138,https://faolex.fao.org/docs/pdf/eth186138.pdf,Health Sector Development Program IV (2010/11 – 2014/15).,,English,Health,Environment; Food & nutrition,,http://tucghe.org/HSDP%20IV.pdf,Ethiopia,,,Policy,,"This Health Sector Development Program (HSDP) IV is a five-year nationwide sectoral document - situated within the government’s overall national vision to become a middle-income country - aiming at guiding the development of sub-national plans and setting the rules of engagement in the health sector in order to achieve the Vision of seeing healthy, productive, and prosperous Ethiopians. The consequent Mission for the sector will be to reduce morbidity, mortality and disability and improve the health status of the Ethiopian people through providing and regulating a comprehensive package of promotive, preventive, curative and rehabilitative health services via a decentralized and democratized health system. To do so, the health sector of Ethiopia will have to stretch to attain its objectives of reaching every section of the population with effective health interventions. The document focuses on the following three key areas of intervention in the health sector (1) Excellence in health service delivery; (2) Excellence in leadership and governance; and (3) Excellence in health infrastructure and resources. To achieve the overall goal of the Strategy, ten strategic objectives are identified, as follows (i) improve access to health services; (ii) improve community ownership; (iii) maximize resource mobilization and utilization; (iv) improve quality of health services; (v) improve public health emergency preparedness and response; (vi) improve pharmaceutical supply and services; (vii) improve regulatory system; (viii) improve evidence-based decision making by harmonization and alignment; (ix) improve health infrastructure; and (x) improve human capital and leadership. To help eliminate hunger, food insecurity and malnutrition, the document aims at (i) increasing proportion of severely malnourished under-5 children that are adequately managed from 23% to 91%; (ii) developing the inpatient and outpatient therapeutic programs to improve  malnutrition cure rate and mortality rate up to acceptable level; (iii) increasing the proportion of newborns breastfed within one hour of birth (initial breastfeeding); and (iv) increasing the percentage of 6-9 month old infants on complementary food and continued breastfeeding. Rural poverty reduction focuses on covering all the rural areas remained uncovered by previous HSDPs from the Health Extension Programme (HEP) coverage, aiming to achieve universal Primary health care (PHC) coverage through vigorous and incremental implementation of the program nationwide. In order to increase the resilience of livelihoods to disasters, the HSDP IV envisages the following interventions (i) the Ministry of Health, in collaboration with the Environmental Protection Authority, will raise community awareness, initiate training to health professionals and researchers on the health effects of climate change, ensure that systems are in place to detect and track climate change induced health problems, make the necessary preparations to manage climate change associated risks; (ii) development of a monitoring system to track up to date information; and (iii) an improved health risk identification, early warning, response and recovery from the disasters, aiming at an early verification, rapid response and containment of public health emergencies. As for the Governance, its system has been revised in order to strengthen and rationalize the structures and the HSDP-IV plan is that inter-sectoral collaboration will take place at different levels of the health system through formal government institutions (such as regional and district councils) and health sector governance structures. Furthermore, the successful implementation of the Program provides for the equitable and effective resource allocation and leadership development within the sector and the community. ",public health; early warning system; climate change; poverty; hazards; gender; social protection; youth; public health; early warning system; food security; nutrition; breastfeeding/infant food; poverty; hazards
LEX-FAOC190452,https://faolex.fao.org/docs/pdf/eth190452.pdf,Agriculture and Natural Resources Sector Growth and Transformation Plan II (ANR GTP II).,,English,Agricultural & rural development,Agricultural & rural dev.; Livestock; Environment; Food & nutrition; Forestry; Land & soil; Cultivated plants; Water; Wild species & ecosystems,,http://publication.eiar.gov.et,Ethiopia,,,Policy,,"The present Agriculture and Natural Resources Sector Growth and Transformation Plan follows The First Growth and Transformation Plan and it is born from lessons drawn from its implementation. The ANR GTP II is a nationwide sectoral document aiming at contributing towards the national target of achieving Middle-Income economy by bringing about a broad-based, rapid and sustainable sectoral development that ensures befits to all citizens with due emphases to women and youth, which are the general development goals of the Growth and Transformation Plan (GTP) of the country. The agriculture sector objective is to realize fast and sustainable growth and ensure the citizens benefited from the growth. This shall be achieved through the following three main specific objectives (i) sustainable and climate resilient green growth, bringing transformation within the sector and to the economy as a whole; (ii) participation of women, youth and other actors, guaranteeing that they benefit to the level of their contribution; and (iii) building production capacity and macro-economic stabilization. An indicative financial Plan is included in the Annex. To help eliminate hunger and food insecurity, ANR GTP II focuses on beneficiaries of the Production Safety net Program (PSNP), as well as the benefits resulting from agricultural development, and proposes (i) follow-up and support to guarantee that the resources (cash and food) allocated for safety net beneficiaries are transferred on time; (ii) an annual disbursement plan and a year round transfer directly to the beneficiaries; and (iii) improve the nutritional status of the beneficiaries integrating a nutrition program. In order to make agriculture more productive and sustainable, the Plan suggests a number of measures, among which the most important are (i) promote a green economy carrying out lower emission agricultural techniques; (ii) increase the average productivity of crops categorized into three as major food crops, industrial crops, and export crops, as well as other agricultural commodities such as coffee, tea and spices, vegetables, fruits, roots, and tubers; (iii) improve crop varieties for a better quality in a sustainable way; (iv) supply healthy, resistant and productive seed and seedling and organize multiplication centers in ideal sites managed by model farmers; (v) strengthen mechanization technologies so that reducing post-harvest loss; (vi) increase extension service for farmers; (vii) create new agricultural land in degraded areas through small-scale irrigation; (viii) install irrigation infrastructure and improve water use; (ix) adapt technologies from abroad into Ethiopian agriculture context and generate new technologies through research locally; (x) implement Integrated Pest Management to have a better control over pests; (xi) expand protected horticulture cultivation and strengthen the capacity of urban horticulture quality control; (xii) improve standards of controls on the entrance of pests and diseases which have an impact on plant health and overall production system; (xiii) bring basic changes in the pesticide registration system and establish organized laboratories able to investigate pesticide residue of agricultural inputs of import and export crops; (xiv) conduct intensive capacity building in saline soil rehabilitation and reclamation; and (xv) expand bio-fertilizers use for cereal crops production. Rural poverty will be faced through (i) the establishment of a new system to solve credit accessibility problem and providing appropriate saving services that enable to host wealth created by farmers in rural area; (ii) providing rural infrastructure service; and (iii) shifting support from direct assistance (transfers) to support for livelihood development promoted through interventions across key program areas such as rural finance, extension, and animal health. To enable more inclusive and efficient agricultural and food systems, main goals are (i) establish rural and urban grower production linkage system among the selected potential growth corridors; (ii) strengthen the capacity of cooperatives/unions, private partners, etc. on services they provide; (iii) create market linkage and establish a market information supply system; (iv) increase the agricultural mechanization technologies female beneficiaries to 30%; (v) support formation of youth groups (male and female) to give agricultural mechanization rental and hire services and facilitate credit services for farmers who cannot afford to buy these technologies; (vi) create enabling environment for women and youths to actively participate in the agricultural investment; (vii) develop sense of ownership of farmers on Framer training centers (FTCs) and their sustainable function; and (viii) mobilize and organize rural women and youth to enhance their participation and ensure their benefit from job creation based on their potential and talent. The resilience of livelihoods to disasters will be increased as follows (i) GHG sequestration from land rehabilitation through integrated watershed management; (ii) lower GHG emissions through the improvement of livestock value chain efficiency, using low carbon emitting techniques, improving grazing land management, strengthening and expanding of livestock health services; (iii) GHG emissions reduction by lowering the impact of agriculture on forest, mechanizing farming practices, crop yield increasing practices; (iv) promotion of coordinated and integrated watershed management works, relying on participation of communities, aiming at land rehabilitation, building climate resilient green economy, and creating employment opportunities; (v) enhancing the resilience of biodiversity. ",sustainable development; climate change; gender; rural employment; youth; crops ; agricultural commodities; agricultural development; agricultural land; irrigation; agricultural extension; research; integrated pest management-IPM/pest management strategies; urban and peri-urban agriculture; biological control agents; credit; cooperative/producer organization; investment; labour; sustainable development; climate change; investment; sustainable development; emissions; investment; food security; gender; social protection; investment; sustainable development; climate change; investment; sustainable development; climate change; agricultural development; agricultural land; soil rehabilitation; investment; sustainable development; climate change; crops ; plant production; plant variety; seeds/planting material; internal trade; international trade; agricultural extension; research; integrated pest management-IPM/pest management strategies; pesticides; pests/diseases; plant protection; biological control agents; investment; agricultural development; sustainable development; climate change; irrigation; sustainable use; research; investment; sustainable development; climate change; gender; grazing; biodiversity; investment
LEX-FAOC121565,https://faolex.fao.org/docs/pdf/eth121565.pdf,Sugar Corporation Establishment Council of Ministers Regulation  (No. 192/2010).,2010-12-02,English,Food & nutrition; Cultivated plants,Food & nutrition; Cultivated plants,,,Ethiopia,,,Regulation,,"This Regulation establishes the Sugar Corporation as  a public enterprise, which shall be supervised by a body to be designated by the government as the supervising authority of the Corporation. The Corporation shall, among other things: grow sugarcane and other sugar yielding crops; process and produce sugar, sugar  products, sugar by-products and  products of sugar by-products; sell its products and by-products in  the domestic and export markets; carry out research and implement new sugar development projects; encourage and support sugar cane growers who are supplying their cane  products to public sugar factories. ",sugar; internal trade; international trade; agricultural development; sugar cane/sugar beet; special fund
LEX-FAOC121566,https://faolex.fao.org/docs/pdf/eth121566.pdf,Ethiopian Standards Agency Establishment Council of Ministers Regulation (No. 193/2010).,2011-02-10,English,Agricultural & rural development,Agricultural & rural dev.; Food & nutrition,,,Ethiopia,,,Regulation,,"This Regulation establishes the Ethiopian Standards Agency as an autonomous federal government office and defines its functions and powers. The Agency shall, among other things, develop Ethiopian standards and establish a system that enables checking whether goods and services are in compliance with the required standards. The Regulation also concerns use of the national standard mark. The use of the national standard mark with respect to any product shall require the holding of a permit issued by the Agency upon ascertaining the conformity of the product to the relevant Ethiopian standard by an authorized conformity assessment body. ",agricultural development; certification; institution; governance; food safety and quality; standards
LEX-FAOC121567,https://faolex.fao.org/docs/pdf/eth121567.pdf,Agricultural Transformation Council and Agency Establishment Council of Ministers Regulation No. 198/2010  (No. 198/2010).,,English,Agricultural & rural development,Agricultural & rural dev.,,,Ethiopia,,,Regulation,,"This Regulation establishes the Agricultural  Transformation Council and Agricultural  Transformation Agency. The Agency shall be an autonomous federal organ and shall, among other things: identify systemic constraints of agricultural development, through conducting studies, and recommend solutions in order to ensure  sustainability and structural transformation, and  support the application of same; support the establishment of strong linkages among agricultural and related institutions and projects in order to ensure the effectiveness of agricultural development activities. The Council shall have the powers and duties to: a) provide leadership in identifying, designing and effectively implementing solutions to basic  hurdles of agricultural development; b) provide policy directions and leadership In order to ensure that effective coordination is realized among different actors involved in agricultural development; c) approve plans and evaluate performance of the  Agency and provide directions as deemed  necessary. The Regulation also sets out powers and duties of the Director General of the Agency. ",agricultural development; certification
LEX-FAOC121568,https://faolex.fao.org/docs/pdf/eth121568.pdf,Federal Micro and Small Enterprises Development    Agency Establishment Council of Ministers Regulation (No. 201/2010).,,English,Agricultural & rural development,Agricultural & rural dev.,,,Ethiopia,,,Regulation,,"This Regulation establishes the Federal Micro and Small Enterprises Development Agency  as an autonomous federal government organ and defines its functions and powers. The Agency shall, among other things, assist and coordinate institutions that shall provide support to micro and small enterprises. The Agency shall also have several policy and development functions. The Agency shall have a Council and a Director General, the powers and duties of which are defines by this regulation. ",agricultural development; certification
LEX-FAOC121674,https://faolex.fao.org/docs/pdf/eth121674.pdf,Council of Ministers Regulation to provide the Code of Practice of the Floriculture Sector (No. 207/2011).,2011-06-07,English,Cultivated plants,Cultivated plants; Water; Waste & hazardous substances,,,Ethiopia,,,Regulation,,"This Regulation seeks to improve environmental and social sustainability of farms enganged in floriculture. The Regulations impose certain requirements regarding, among other things, the use of chemicals, waste management practices, water management, etc. These Requirements shall be fulfilled by farms that wish to obtain a certification as set out by this Regulation. Farms shall carry out internal audits. The Environmental Protection Authority shall carry out various control duties and shall appoint inspectors for purposes of these Regulations. ",agricultural development; plant production; institution; floriculture; certification; fertilizers/nutrients; pesticides; inspection; plant protection; governance; sustainable use; ecosystem conservation; enforcement/compliance; environmental standards; fertilizers/nutrients; freshwater pollution; subsidy/incentive; waste disposal; water quality standards; capacity building; certification; smallholders/peasants; pollution control; standards; protection of environment; pollution control; waste management; environmental audit
LEX-FAOC121675,https://faolex.fao.org/docs/pdf/eth121675.pdf,Commercial Registration and Business Licensing (Amendment) Proclamation No. 731/2012.,2011-02-09,English,Private sector & entrepreneurship,Agricultural & rural dev.,,www.ethiopar.net,Ethiopia,,,Legislation,Y,"This Proclamation amends the Commercial Registration and Business Licensing Proclamation in article 6 by adding a provision in sub-article (6) so as to give power to the Minister to extend the time limit for registration. Sub-article (6) provides that any person, who is not registered in the commercial register in accordance with the laws which  were in force prior to the coming into force of the principal Proclamation, but who has been carrying on a  commercial activity under a license from any  authorized government body, shall be registered pursuant to this Proclamation with in 12 months  from the effective date of this Proclamation. ",agricultural development; internal trade; authorization/permit; registration; business/industry/corporations
LEX-FAOC121676,https://faolex.fao.org/docs/pdf/eth121676.pdf,Coffee Quality Control and Transaction Council of Ministers Regulation (No. 161/2009).,2009-02-04,English,Food & nutrition,Food & nutrition; Cultivated plants,,,Ethiopia,,,Regulation,,"This Regulation implements provisions of the Coffee Quality Control and Marketing Proclamation and provides rules relative to transactions in coffee and coffee by-products in Ethiopia.  It provides for trade at specified designated transaction centres and the Ethiopian Commodity Exchange and provides for the certification of coffee suppliers, exporters wholesalers, roasters, processors or warehouse operators. The Regulation sets out obligations of persons involved in coffee transactions or services, including producers and provides for quality control. Regional primary transaction centres, designated as such under these Regulations, shall be the trading centre for coffee supplied by shall growers. ",food safety and quality; coffee/cocoa/tea; international trade; internal trade; institution; certification; processing/handling; inspection; enforcement/compliance; offences/penalties; beverages; governance; agricultural development; plant production; agricultural commodities
LEX-FAOC121677,https://faolex.fao.org/docs/pdf/eth121677.pdf,Council of Ministers Regulation to provide for Irrigation Development Investment Incentives (No. 162/2009).,2009-02-13,English,Water,Water,,,Ethiopia,,,Regulation,,"This Regulation concerns incentives for investment in irrigation development covering more than 50 hectares of land. In order to be eligible for incentives, a private investor shall, among other things, obtain a water use permit under the Ethiopian Water Resources Management Proclamation and the Ethiopian Water Resources Management Council of Ministers Regulation. Investment incentives may include: exemption from water use charges; making available existing projects and structures. The Minister of Water Resources may issue directives for the implementation of this Regulation. ",waterworks; water charges; irrigation; fees/royalties
LEX-FAOC121678,https://faolex.fao.org/docs/pdf/eth121678.pdf,Council of Ministers Regulation to provide for Access to Genetic Resources and Community knowledge and Community Rights (No. 169/2009).,2009-11-09,English,Cultivated plants,Cultivated plants; Wild species & ecosystems,,,Ethiopia,,,Regulation,,"This Regulation, made under the Access to Genetic Resources and Community Knowledge, and Community Rights Proclamation, provides rules relative to the application under section 14 of the proclamation to access genetic resources and/or community knowledge. An application shall be examined and made public. The Regulation also concerns procedures for non-commercial access and a multilateral system of access. The Community which is custodian the community knowledge shall give consent to the access application. The Regulation specifies rules for the utilization of access-generated funds for biodiversity conservation and defines duties of the Institute of Biodiversity Conservation for purposes of this Regulation. The Institute shall maintain an access register. ","genetic resources; plant production; seeds/planting material; plant variety; seeds/planting material; access-to-information; access and benefit-sharing; community management; cultural heritage; traditional knowledge/indigenous knowledge; traditional rights/customary rights; biodiversity; Free, Prior and Informed Consent (FPIC)"
LEX-FAOC121679,https://faolex.fao.org/docs/pdf/eth121679.pdf,Ethiopian Meat and Dairy Technology Institute Establishment Council of Ministers Regulation (No. 143/2008).,2008-01-14,English,Livestock; Food & nutrition,Livestock; Food & nutrition,,,Ethiopia,,,Regulation,Y,"This Regulation establishes the Ethiopian Meat and Dairy Technology Institute as an autonomous federal government agency, defines its objectives, functions and powers and provides with respect to its administration. The Institute shall have as objectives: to build the capacity of those engaged in the production and supply of meat and dairy products: and to ensure that quality standards are maintained in the production and supply of meat and dairy products. The Institute shall, among other things, establish a laboratory and provide sample analysis and quality assurance services, at a national level, relating to meat and dairy products and livestock inputs. The Institute shall have a Board and a Director General, who shall be the chief executive officer of the Institute. ",agricultural development; animal production; animal production; policy/planning; meat; milk/dairy products; institution; research; governance
LEX-FAOC121680,https://faolex.fao.org/docs/pdf/eth121680.pdf,Council of Ministers Regulation to amend the Ethiopian Meat and Dairy Technology Institute Establishment Regulation (No. 176/2010).,2010-05-21,English,Food & nutrition,Livestock; Food & nutrition,,,Ethiopia,,,Regulation,Y,This Regulation amends the Ethiopian Meat and Dairy Technology Institute Establishment Council of Ministers Regulation by redefining the objectives and the powers and duties of the Ethiopian Meat and Dairy Technology Institute (articles 5 and 6 of the principal Regulation). ,animal production; animal production; institution; governance; meat; milk/dairy products; policy/planning; research
LEX-FAOC121681,https://faolex.fao.org/docs/pdf/eth121681.pdf,Sesame and White Pea Beans Transaction Council of Ministers Regulation (No. 178/2010).,2010-05-22,English,Food & nutrition,Food & nutrition; Cultivated plants,,,Ethiopia,,,Regulation,,"This Regulation, made under the Ethiopia Commodity Exchange Proclamation, provides rules for the trade in sesame and white pea beans at the Ethiopia Commodity Exchange and other specified transaction centres and provides for the certification of sesame and white pea beans supplier, exporter or processing service provider. The Regulation sets out obligations of persons involved in sesame or white pea beans transactions or services, including producers and provides for quality control. ",food safety and quality; international trade; classification/declassification; vegetables/legumes; oils/oilseeds/fats; processing/handling; inspection; enforcement/compliance; offences/penalties; agricultural commodities; agricultural development; institution; plant production; agricultural commodities; governance
LEX-FAOC121682,https://faolex.fao.org/docs/pdf/eth121682.pdf,"Council of Ministers Regulation to establish the Ethiopian Food, Medicine and Health Care Administration and Control Authority (No. 189/2010).",2010-08-23,English,Food & nutrition,Livestock; Food & nutrition,,,Ethiopia,,,Regulation,,"This Regulation, made under the Food, Medicine and Health Care Administration and Control Proclamation, establishes the Food, Medicine and Health Care Administration and Control Authority as an autonomous government office and defines its objectives, functions and powers and provides with respect to its administration. The objectives of the Authority shall be to protect the health of consumers by ensuring, among other things: food safety and quality; environmental health protection suitability for individual and community health. The Authority shall, among other things, exercise the powers and duties provided under Article 4 of the Proclamation. The Authority shall have an advisory Board. ",animal health; drugs; food safety and quality; hygiene/sanitary procedures; institution; policy/planning; governance
LEX-FAOC121685,https://faolex.fao.org/docs/pdf/eth121685.pdf,Ethiopian Horticulture Development Agency Establishment Council of Ministers Regulation (No. 152/2008).,2008-06-06,English,Food & nutrition,Food & nutrition; Cultivated plants,,,Ethiopia,,,Regulation,Y,"This Regulation establishes the Ethiopian Horticulture Development Agency as an autonomous federal government agency, defines its objectives, functions and powers and provides with respect to its administration. The Agency shall have as objectives: to ensure the fast and sustainable growth of horticulture production and productivity; to facilitate the export of diversified horticulture products which meet internal food safety standards; and to coordinate the development of supporting services. It shall, among other things, prepare and submit to the Ministry a strategy which ensures fast and sustainable growth of horticulture and implement such strategy such strategy. The Agency shall have a Director General, who shall be the chief executive officer of the Agency. ",food safety and quality; international trade; vegetables/legumes; fruits/edible nuts; international trade; agricultural development; plant production; institution; policy/planning; governance
LEX-FAOC121808,https://faolex.fao.org/docs/pdf/eth121808.pdf,Council of Ministers Ethiopian Water Resources Management Regulations (No. 115/2005).,2005-03-29,English,Water,Water,,,Ethiopia,,,Regulation,,"This Regulation is made under and implements provisions of the Ethiopian Water Resources Management Proclamation with respect to water resources management. It concerns water abstraction utilization, authorization of and control on the construction of waterworks and certification of competence, control on activities that cause water pollution, the formation of water users cooperative societies, fees and water charges, arbitration procedures and powers of inspection and enforcement. An application to be submitted to the Supervising Body (Ministry of Water Resources or any organ delegated by the Ministry pursuant to Article 8(c) of the Proclamation) for a water use permit, pursuant to Article 13 of the Proclamation, shall contain prescribed particulars and shall be subject to prescribed procedures. A water use permit may be terminated or suspended by the Supervising Body in whole or in part as per article 17 of the Proclamation. The Regulation prescribes the manner of dealing with an application  for the construction, maintenance or alteration of waterworks by the Supervising Body. The Regulation also concerns applications for the direct or indirect discharge of any treated trade effluent or sewerage effluent, or any poisonous, noxious or polluting matter into surface or groundwater, which shall be made, pursuant to the provisions of Article 13(2) of the Proclamation, to the Supervising Body. The Regulation also sets out obligations of any person using water for industrial or for any other purposes which may cause pollution. As for protection of groundwater and quality control, the Regulation: requires the sites and the conditions where water supply wells are to be drilled to be established by a directive of the Minister; require groundwater to be tested before use; require walls to be sealed to prevent the seepage of surface runoff and sewage into wells; require the driller to submit report to the Supervising Body regarding complete or incomplete water supply wells drilling performance. The holders of water use permit pursuant to Article 27 (2) of the Proclamation or persons exempted from the requirement of permit may establish a water users cooperative society in accordance with the Cooperative Societies Proclamation. A society established to undertake medium or large sale irrigation shall be registered by the Supervising Body, whereas a society that shall undertake small scale irrigation shall be registered by an organ established at Regional or City Administration level to organize and register Cooperative Societies. Such organ shall have the obligation to transmit information to the Supervising Body about Water users Co-operative Societies. ",water resources management; institution; waterworks; authorization/permit; water supply; irrigation; water users' associations; water rights; freshwater pollution; effluent waste water/discharge; dispute settlement; legal proceedings/administrative proceedings; registration; water abstraction; water charges; groundwater; well sinking/boreholes; certification; inspection; enforcement/compliance; pollution control; governance; fees/royalties
LEX-FAOC121809,https://faolex.fao.org/docs/pdf/eth121809.pdf,Development Bank of Ethiopia Re-establishment Council of Ministers Regulations (No 83/2003).,2003-01-24,English,Agricultural & rural development,Agricultural & rural dev.,,,Ethiopia,,,Regulation,,This Regulation re-establishes the Development Bank of Ethiopia as a public enterprise. The purposes for which the Bank is re-established include: a) to provide investment credits including short-term loans to viable projects that will contribute to the country's economic development; b) to mobilize funds from sources within or outside the country; c) to manage funds entrusted to it; d) to participate in equity investment; e) to provide domestic and foreign banking services to its borrowers; f) to guarantee loans and other financial obligations. The rights and obligations of Development Bank of Ethiopia established under Regulations No. 200/1994 are hereby transferred to the re-established Bank. ,agricultural development; institution; credit; investment; governance
LEX-FAOC121810,https://faolex.fao.org/docs/pdf/eth121810.pdf,Development Bank of Ethiopia Re-establishment Amendment Regulation (No. 116/2005).,2005-05-24,English,Agricultural & rural development,Agricultural & rural dev.,,,Ethiopia,,,Regulation,,This Regulation amends the Development Bank of Ethiopia Re-establishment Council of Ministers Regulation in article 7 in relation with the authorized capital of the bank. ,agricultural development; institution; credit; governance
LEX-FAOC121811,https://faolex.fao.org/docs/pdf/eth121811.pdf,Agricultural Mechanization Service Enterprise establishment Council of Ministers Regulation  (No. 97/2004).,2004-03-01,English,Agricultural & rural development,Agricultural & rural dev.,,www.ethiopar.net,Ethiopia,,,Regulation,,This Regulation establishes the Agricultural Mechanization Service Enterprise as a public enterprise. The Public Enterprise's Supervisory Authority shall be the supervising authority of the Enterprise. The rights and obligations of Agricultural Mechanization Service Corporation established by Proclamation No.337/87 are transferred to the Enterprise. The objectives for which the Enterprise is established include: to render agricultural mechanization services on rental basis; to promote better and effective utilization of farm machines; and to introduce the utilization of modern farming techniques. ,institution; agricultural development; agricultural extension; governance
LEX-FAOC121812,https://faolex.fao.org/docs/pdf/eth121812.pdf,Ethiopian Grain Trade Enterprise Re-establishment Council of Ministers Regulations (No. 58/1999).,1999-10-22,English,Agricultural & rural development,Agricultural & rural dev.,,,Ethiopia,,,Regulation,,This Regulation provides for amalgamation of the Ethiopian Grain Trade Enterprise with the Ethiopian Oil Seeds and Pulses Export Corporation and re-established as a public enterprise under the name of the Ethiopian Grain Trade Enterprise. The purposes for which the Enterprise is established are: a) to purchase grain from farmers and sell in local and mainly in export markets; b) to contribute towards the stabilization of markets for farmers' produces so that they will be encouraged to increase their outputs. A body to be designated by the Government shall be the supervising authority of the Enterprise. ,agricultural development; institution; agricultural commodities; cereals/grains/rice; oleaginous plants; international trade; internal trade; crops ; governance
LEX-FAOC121813,https://faolex.fao.org/docs/pdf/eth121813.pdf,Water Works Design and Supervision Enterprise Establishment Council of Minister Regulations (No. 42/1998).,1998-10-09,English,Water,Water,,,Ethiopia,,,Regulation,Y,"This Regulation establishes the Water Works Design and Supervision Enterprise. This corporation shall be governed by the Public Enterprises Proclamation No. 25/1992 and shall be supervised by the Ministry of Water Resources. It shall, among other things: conduct studies pertaining to hydraulics, dams, irrigation, water supply, industry, sewerage disposal water works, and basin development master plans; carry out surveys, designs and specifications regarding hydro power, dams and irrigation structures, flood control, water supply, sewerage disposal and other related water works; and render consultancy services. ",waterworks; institution; research; governance
LEX-FAOC121814,https://faolex.fao.org/docs/pdf/eth121814.pdf,Water Works Design and Supervision Enterprise Establishment (Amendment) Council of Ministers Regulation (No. 110/2004).,2004-08-23,English,Water,Water,,,Ethiopia,,,Regulation,Y,"This Regulation amends the Water Works Design and Supervision Enterprise Establishment Council of Minister Regulations by: adding a new Sub-Article (7) of Article 5 which gives the  Water Works Design and Supervision Enterprise the power to issue, sell and pledge bonds; and in Article 6 concerning the capital of the Enterprise. ",waterworks; institution; governance
LEX-FAOC121815,https://faolex.fao.org/docs/pdf/eth121815.pdf,Ethiopian Development Research Institute Establishment Council of Ministers Regulations (No. 54/1999).,1999-08-27,English,Agricultural & rural development,Agricultural & rural dev.,,,Ethiopia,,,Regulation,,"This Regulation establishes the Ethiopian Development Research Institute as an autonomous institution, defines its functions and powers and provides with respect to its administration. The objective of the Institute shall be to undertake studies and research on the development of the country. The Institute shall have the powers and duties to: a) undertake studies and research with a view to assisting the formulation of development policies; b) carry out impact analysis of development policies implemented by the Government; c) collect data it requires in the course of its studies and research and to use those compiled by other bodies; d) publish and distribute results of its research; e) render consultancy services in development areas; f) establish relations with domestic and foreign institutions that may contribute towards the achievements of its objectives. ",agricultural development; institution; research; policy/planning; governance
LEX-FAOC129684,https://faolex.fao.org/docs/pdf/eth129684.pdf,Constitution of Ethiopia.,1994-12-08,English,General,Livestock; Forestry; Land & soil; Water,,,Ethiopia,,,Constitution,,,agricultural development; codified constitution; civil and political rights; economic/social/cultural rights; federal state; gender; local government; right to clean/healthy environment; right to property; supremacy of international law; indigenous peoples; human rights; human rights; grazing; indigenous peoples; fees/royalties; indigenous peoples; expropriation; transfer rights ; agricultural land; indigenous peoples; property rights; right to water; sustainable use; indigenous peoples; human rights
LEX-FAOC133155,https://faolex.fao.org/docs/pdf/eth133155.pdf,Environmental Policy of Ethiopia.,1997-04-02,English,Environment,Energy; Environment; Water,,www.epa.gov.et,Ethiopia,,,Policy,,"The Environmental Policy overall goal aims to improve and enhance the health and quality of life of all Ethiopians and to promote sustainable social and economic development through the sound management and use of natural, human-made and cultural resources and the environment to meet the needs of the present and future generations. The Specific Policy Objectives aim to: a) Ensure that essential ecological processes and life support systems are sustained, biological diversity is preserved and renewable natural resources are used; b) Ensure that the benefits from the exploitation of non-renewable resources are extended, minimizing the negative impacts of their exploitation on the use and management of other natural resources and the environment; c) Identify and develop natural resources that are currently underutilized by finding new technologies, and/or intensifying existing ones; d) Incorporate the full economic, social and environmental costs and benefits of natural resource development into the planning, implementation and accounting processes by a comprehensive valuation of the environment and the services it provides, and by considering the social and environmental costs and benefits which cannot currently be measured in monetary terms; e) Improve the environment of human settlements to satisfy the physical, social, economic, cultural and other needs of their inhabitants on a sustainable basis; f) Prevent the pollution of land, air and water in the most cost-effective way so that the cost of effective preventive intervention would not exceed the benefits; g) Conserve, develop, sustainably manage and support Ethiopia's rich and diverse cultural heritage; h) Ensure the empowerment and participation of the people and their organizations at all levels in environmental management activities; and i) Raise public awareness and promote understanding of the essential linkages between environment and development. Underlying these broad policy objectives are a number of key principles, such as: a. Healthy environment; b. Sustainable economic production systems; c. Development, use and management of renewable resources; d. Use of non-renewable resources minimized; e. Appropriate technologies using renewable and non-renewable resources; f. Environmental protection is necessary; g. Environmental/social costs resulting in pollution shall be incorporated into public and private sector planning; h. Market failures shall be corrected through the assessment of user taxes; i. Support community resource users to sustainably manage their own environment; j. Women shall be treated equally with men and empowered to be totally involved in any activity; k. Existence of a system ensuring conditions for sustainable natural resource management; l. Social equity shall be assured; m. Accurate assessment and monitoring of environmental conditions shall be undertaken; n. Increased awareness of environmental promoted by policy makers; o. Local, regional and international environmental interdependence shall be recognized; p. Natural resource and environmental management activities shall be integrated; s. The integrated implementation of cross-sectoral policies and strategies shall be seen as a prerequisite to achieving the objectives of this Policy. ",environmental planning; agricultural land; recycling/reuse; right to clean/healthy environment; social protection; soil conservation/soil improvement; soil pollution/quality; gender; governance; poverty; public health; public participation; social protection; equity; traditional rights/customary rights; community management; cultural heritage; human rights; policy/planning; pollution control; sustainable development; freshwater pollution; pollution control; environmental planning; social protection; governance; public health; public participation; renewable energy; social protection; equity; traditional rights/customary rights; community management; policy/planning
LEX-FAOC135114,https://faolex.fao.org/docs/pdf/eth135114.pdf,Ethiopian Health and Nutrition Research Institute Establishment Council of Ministers Regulations (No. 4/1996).,1996-02-15,English,Food & nutrition,Food & nutrition; Cultivated plants; Wild species & ecosystems,,www.fsc.gov.et,Ethiopia,,,Regulation,,"This Regulation of the Council of Ministers establishes the Ethiopian Health and Nutrition Research Institute and defines its functions and powers. The Institute shall have various functions in health research and in particular shall, among other things: undertake research on ways of preventing diseases due to malnutrition and nutritional deficiencies, as well as nutritional improvements at family level; conduct nutritionals science and technology research on food items in collaboration with other necessary bodies within the country; cooperate with concerned organizations and undertake all possible efforts for the conservation and protection of plants which serve as traditional drugs, and other medical antiques from extinction. ",food safety and quality; nutrition; research; plant protection; endangered species; protection of species; biodiversity
LEX-FAOC135123,https://faolex.fao.org/docs/pdf/eth135123.pdf,Tourism Commission Establishment Proclamation No. 11/1995,1995-08-24,English,Wild species & ecosystems,Wild species & ecosystems,,www.fsc.gov.et,Ethiopia,,,Legislation,,This Proclamation establishes the Tourism Commission as an autonomous public institution of the federal government. The objective of the Commission shall be to promote and develop tourism. The rights and obligations of the Ethiopian Tourism Commission established by the Ethiopian Tourism Commission Establishment Proclamation are transferred to the Commission. ,institution; tourism; governance
LEX-FAOC135124,https://faolex.fao.org/docs/pdf/eth135124.pdf,Authentication and Registration of Documents' Proclamation No. 334/2003.,2003-05-08,English,Agricultural & rural development; Land & soil,Agricultural & rural dev.; Land & soil,,www.fsc.gov.et,Ethiopia,,,Legislation,,"This Proclamation provides for the registration of documents. It shall apply to documents authenticated and registered by organs of the Regional Government authorized by respective Regional laws and other specified state organs. The Proclamation, among other things, defines notarial activities and duties of notaries. It also specifies documents that shall not have legal effect unless they are authenticated and registered. Regional authorities shall establish notary offices and there shall be federal notary offices in n Addis Ababa and Dire Dawa. ",contracts; registration; cadastre/land registration; institution; governance
LEX-FAOC135125,https://faolex.fao.org/docs/pdf/eth135125.pdf,Authentication and Registration of Documents' (Amendment) Proclamation No. 467/2005.,2005-06-30,English,General,Agricultural & rural dev.; Land & soil; General,,www.fsc.gov.et,Ethiopia,,,Legislation,,"This Proclamation amends the Authentication and Registration of Documents' Proclamation so as to, among other things: require the Notary Offices established in Addis Ababa and Dire Daws cities to perform their functions under the directions of the Ministry of Justice; define regulation-making powers of Regional states in respect of regional notary offices and related matters in their respective regions and the Council of Ministers with respect to Addis Ababa and Dire Dawa cities. ",governance; contracts; registration; cadastre/land registration
LEX-FAOC135247,https://faolex.fao.org/docs/pdf/eth135247.pdf,Expropriation of Landholdings for Public Purposes and Payment of Compensation Proclamation No. 455/2005.,,English,Land & soil,Land & soil,,www.fsc.gov.et,Ethiopia,,,Legislation,,"This Proclamation grants the power to specified local public bodies to expropriate rural or urban landholdings for public purpose where it believes that it should be used for a better development project to be carried out by public entities, private investors, cooperative societies or other organs, or where such expropriation has been decided by the appropriate higher regional or federal government organ for the same purpose. The Proclamation sets out the procedure of expropriation and provides with respect to compensation (which shall be paid in advance) and appeals. Displacement compensation based on average annual income from land shall be paid to rural landholders that are permanently or temporarily expropriated. Substitute land may be made available. ",expropriation; legal proceedings/administrative proceedings; agricultural land; land valuation; liability/compensation
LEX-FAOC135248,https://faolex.fao.org/docs/pdf/eth135248.pdf,Revised Federal Ethics and Anti-Corruption Commission Establishment Proclamation No. 433/2005.,2005-02-02,English,General,General,,www.fsc.gov.et,Ethiopia,,,Legislation,Y,"This Proclamation establishes the Federal Ethics and Anti-Corruption Commission as an independent Federal Government body. The Commission shall principally cooperate with relevant bodies to prevent corruption offences and other improprieties, and expose, investigate and prosecute corruption offences. A Commissioner shall be appointed by the house of peoples' representatives upon nomination by the Prime Minister. The Commissioner shall be the chief executive of the Commission and shall have the same powers as the Commission. An Ethics Liaison Unit shall be established at every level of Public Offices and Public Enterprises. The Proclamation defines powers of prosecution of the Commission and powers to delegate such prosecution to, amongst others, regional anti-corruption institutions. ",corruption; institution; governance; jurisdiction; procedural matters; enforcement/compliance; offences/penalties
LEX-FAOC135249,https://faolex.fao.org/docs/pdf/eth135249.pdf,Diredawa Administration Charter Proclamation No. 416/2004.,2004-07-30,English,General,Agricultural & rural dev.; Forestry; Land & soil; Water,,www.fsc.gov.et,Ethiopia,,Dire Dawa,Legislation,,"This Proclamation provides rules for the administration and functioning of Diredawa City, which has been accountable to and directed by the Federal Government since 1993. The Proclamation defines the objectives, functions and powers of the city administration and provides with respect to its organization. It may, among other things, set and collect land use fees and royalties for the use of forest resources in the city and levy taxes on incomes from agricultural activities in the City. Municipal service shall include water and sewerage service, land development and management and sanitation. There shall be a Tax and Urban Land Clearance Appeals Commission. ",agricultural development; local government; governance; institution; fees/royalties; land-use planning; public land; taxes ; land tenure; water supply; sewerage
LEX-FAOC135250,https://faolex.fao.org/docs/pdf/eth135250.pdf,Condominium Proclamation No. 370/2003.,2003-09-11,English,Land & soil,Land & soil,,www.fsc.gov.et,Ethiopia,,,Legislation,,"This Proclamation provides rules relative to the establishment, registration and administration of condominium and related rights. The condominium shall be administered on the basis of a unit owners association, i.e. an association established with a view to obtaining mutual benefits for unit owners other than securing or sharing of profits. Two or more unit owners associations may amalgamate by registering with the registrar the Declaration, description, by-laws and rules for the amalgamated association. A condominium or a common element expropriated for public interest shall cease to be governed by this Proclamation. ",land tenure; ownership; common property; registration; non-governmental entity; property rights
LEX-FAOC135251,https://faolex.fao.org/docs/pdf/eth135251.pdf,Addis Ababa City Government Revised Charter Proclamation No. 361/2003.,2003-07-24,English,General,Agricultural & rural dev.; Forestry; Land & soil,,www.fsc.gov.et,Ethiopia,,Addis Ababa,Legislation,,"This Proclamation provides rules for the administration and functioning of  Addis Ababa City. The Proclamation defines the objectives, functions and powers of the city administration and provides with respect to its organization. It may, among other things, set and collect land use fees and royalties for the use of forest resources in the city and levy taxes on incomes from agricultural activities in the City. Municipal service shall include water and sewerage service, land development and management and sanitation. There shall be a  Urban Land Clearance Appeals Commission. It shall operate in accordance with the Re-enactment of the Urban Lands Lease Holding Proclamation No. 272/2002. A sub-City shall, within the area allocated to it in accordance with the principle of decentralization, function as a municipalityin accordance with the central leadership of the City. ",agricultural development; local government; governance; institution; fees/royalties; land-use planning; public land; taxes ; land tenure
LEX-FAOC135264,https://faolex.fao.org/docs/pdf/eth135264.pdf,Privatization of Public Enterprises Proclamation No. 146/1998.,1998-12-29,English,Agricultural & rural development,Agricultural & rural dev.,,,Ethiopia,,,Legislation,,"This Proclamation re-establishes the Ethiopian Privatization Agency as an autonomous federal government office having its own legal personality and provides generally for the privatization of public enterprises in Ethiopia. The Agency shall, among other things, implement a Privatization Programme and supervise and enhance the functioning and management of public enterprises. Disputes arising between the Agency and an investor who has participated in privatization shall be referred to the appropriate federal court unless the parties have agreed in their contract to submit such disputes to an arbitration tribunal. ",agricultural development; institution; public participation; business/industry/corporations; governance
LEX-FAOC135266,https://faolex.fao.org/docs/pdf/eth135266.pdf,Institute of Biodiversity Conservation and Research Establishment (Amendment) Proclamation (No. 167/1999).,1999-04-22,English,Wild species & ecosystems,Wild species & ecosystems,,www.fsc.gov.et,Ethiopia,,,Legislation,,This Proclamation amends the Institute of Biodiversity Conservation and Research Establishment Proclamation by repealing article 15. Article 15 provided that the rights and obligations of the former Plant Genetic  Resources Centre and the Wildlife Conservation and  Development Organization are transferred to the  Institute. The Wildlife Conservation and Development Authority shall continue to carry out its functions in accordance with the Wildlife Conservation and Development Proclamation No. 192/1980. ,biodiversity; institution; management/conservation; governance
LEX-FAOC135268,https://faolex.fao.org/docs/pdf/eth135268.pdf,Pre-Shipment Inspection Scheme Establishment Proclamation (No. 173/1999).,1999-06-15,English,Trade,Agricultural & rural dev.; Food & nutrition,,www.fsc.gov.et,Ethiopia,,,Legislation,,"This Proclamation provides for pre-shipment inspection on all goods imported into the customs territory of Ethiopia, except those treated with special conditions under Article 6 of this Proclamation. Any importer or any person who exports goods to Ethiopia shall ensure that pre-shipment inspection has been conducted. Pre-shipment inspection conducted on imported into Ethiopia shall cover quality, quantity and packaging. Pre-shipment inspection shall not be undertaken on, among other things: live animals, fresh, chilled or frozen fruits, vegetables, fish and meat, fresh eggs and fertilizers. ",international trade; inspection; food safety and quality; meat
LEX-FAOC135491,https://faolex.fao.org/docs/pdf/eth135491.pdf,Council of Ministers Regulation to provide for the implementation of Cooperative Societies Proclamation No. 147/1998 (No. 106/2004).,2004-06-28,English,Private sector & entrepreneurship,Agricultural & rural dev.,,www.fsc.gov.et,Ethiopia,,,Regulation,,"This Regulation implements provisions of the Cooperative Societies Proclamation with respect to: establishment of primary cooperative societies and of a union, federation or cooperative league; types and functions of cooperative societies; registration of union, federation or cooperative league; by-laws of cooperative societies; membership; charges to be paid by a cooperative society to the government and administration of a cooperative society. Primary cooperative societies may constitute a cooperative league. The Federal Cooperative commission shall register the league and the federations as well as unions at the national level. The league shall have an operational area throughout the territory of Ethiopia. ",agricultural development; cooperative/producer organization; non-governmental entity; taxes ; fiscal and market measures
LEX-FAOC135762,https://faolex.fao.org/docs/pdf/eth135762.pdf,Definition of Powers and Duties of the Executive Organs of the Federal Democratic Republic of Ethiopia Proclamation No. 691/2010.,2010-10-27,English,General,Agricultural & rural dev.,,www.ethiopar.net,Ethiopia,,,Legislation,Y,"This Proclamation redefines the organization, powers and duties of the executive organs of the Federal Democratic Republic of Ethiopia. It stipulates that the powers and duties of the Prime Minister and the Council of Ministers shall be as specified in the Constitution and provides with respect to the composition and procedure of the Council of Ministers. The Proclamation also establishes various ministries and defines duties and powers of those ministries, including the Ministry of Agriculture and the Ministry of Water and Energy. Furthermore it  specifies executive organs that shall be  accountable to the Ministry of Agriculture and empowers the Council of Ministers to  reorganize the federal government executive  organs. ",agricultural development; institution; governance; gender
LEX-FAOC136632,https://faolex.fao.org/docs/pdf/eth136632.pdf,"Wildlife Development, Conservation and Utilization Council of Ministers Regulations No. 163/2008",,English,Wild species & ecosystems,Wild species & ecosystems,,,Ethiopia,,,Regulation,,"These Regulations are issued by the Council of Ministers pursuant to article 17(1) of the Wildlife Development, Conservation and Utilization Proclamation and, among other things, implement provisions of that Proclamation with respect to management of wildlife conservation areas, hunting and various other licences, possession of wildlife products and harmful animals. The Regulations specify: National Parks, Wildlife Sanctuaries and Wildlife Reserves that shall be either managed by the Ethiopian Wildlife Conservation Authority or regional governments and local communities; and activities that shall be prohibited (unless otherwise provided in these Regulations) in such areas, including hunting or fishing. They also define duties of local communities in respect of management. Hunting shall be carried out only in accordance with conditions of a permit issued pursuant to these Regulations with reference to a specific controlled hunting area and only if professional hunter and a hunting controller of the Authority of the concerned regional government is present. No person may hunt or capture any game animal, take wildlife products, conduct filming within or outside of protected areas or undertake research on wildlife and their habitat unless (s)he is the holder of a license. Foreign tourist hunting licenses shall be issued by the Authority, whereas other licences shall be issued by the appropriate regional body. No person may hunt wildlife species listed in Table X of these Regulations except in accordance with a special hunting license for scientific studies. The Regulations also concern importation and exportation of wildlife and wildlife products, various fees and the hunting of wildlife endangering human life or causing damage to properties. ",ecosystem conservation; trade in species; management/conservation; protected area; national parks; hunting/capture; hunting authorization/permit; hunting authorization/permit fee; hunting rights; international trade; wildlife products; birds; dangerous animal/harmful animal; offences/penalties; community management; use restrictions
LEX-FAOC144892,https://faolex.fao.org/docs/pdf/eth144892.pdf,Rural Development Policy and Strategies.,,English,Agricultural & rural development,Agricultural & rural dev.; Food & nutrition; Land & soil; Water,,,Ethiopia,,,Policy,,"The present Rural Development Policy and Strategies underscores one basic objective with regard to economic development, i.e. to build a market economy in which: i) a broad spectrum of the Ethiopian people are beneficiaries; ii) dependence on food aid is eliminated; and, iii) rapid economic growth is assured. Given the dominance of agriculture in the Ethiopian economy, i.e. agriculture contributes to about 80% of employment, the rural development effort is presently associated with agricultural development. Part Two focuses on “Rural and Agricultural Development Policies and Stragtegies. It is the development of the agricultural sector that will provide the basis for rural development. Chapter 1 of this Part outlines the “Basic Directions of Agricultural Development” as follows: 1) Not capital-intensive but labour-intensive productions methods can bring about a sustained growth; 2) Proper utilization of agricultural land and its access is one of the most important development issues in Ethiopia. A fundamental aspect of the proper use of land is to guarantee the availability of land to people who seek to make a living out of farming. Furthermore, a sustainable use shall be taken into consideration and special care shall be taken not to deplete the natural resource base; 3) Education of labour force because the the present agricultural labour force is largely illiterate and uses traditional technology handed down to it from past generations; 4) Taking different agro-ecological zone into account. Ethiopia is characterized by the existence of many agro-ecological zones, which differ in terms of rainfall, soil types, altitude and the like. It is not difficult to see that the agricultural activities carried out in the different agro-ecological zones are greatly varied; 5) An integrated development path. Every development effort requires coordinated and integrated management of different tasks. Likewise, support to agricultural development in Ethiopia requires the coordinated management of very many activities. Chapter 2 lays down provisions relating to the “Strengthening of the Agricultural Labour Force” dealing with the following aspects: Ensuring Industriousness and Work Preparedness (1); Improving Farming Skills (2); Ensuring the Health of Farmers .(3); Dissemination of Appropriate Technology (4). Chapter 3 deals with “Proper Use” of Land announcing that the basic objective of the agricultural development policy is to make the best use of human resources by promoting labour intensive technology and enhancing the productive capacity of labour. Utilizing land in a manner that is sustainable and at the same time accelerates agricultural development. This Chapter makes provisions for: 1). Land Ownership which is anchored in the Constitution reflecting the special role of land playing in the economic and social life of Ethiopian society. Considerable debate has arisen on whether land ownership should be private or government owned; 2) Land Use Policy; 3) Water Resources Utilization, a key resource of agriculture. Moreover, not only is it important that water be available but also that it is available in the right quantities and at the right time. If water is made available all year round, it is possible to more productively engage the agricultural labour force and, as such, should be considered an important policy target. Chapter 4 concerns “Preparing Area Compatible Development Packages” underlining that efforts towards agricultural development need to be consistent with the particular conditions prevailing in each region of the country. Diversity in agro-ecological zones as well as other reasons discussed elsewhere requires that this should be a basic consideration of the present strategy. The Chapter deals with the following aspects: 1) Combining Efforts towards Diversification and Specialization; 2) Development Efforts in Drought-Prone Regions; 4) Development in Pastoral Areas: Approaches and Programmes; 4) Development in Areas having Large, Unutilized Agriculturally Suitable Land. Chapter 5 deals with “Working towards Market-Led Agricultural Development”. This Chapter makes provisions for the following issues: 1) Agricultural Development not Driven by Market Forces cannot be Rapid and Sustainable; 2). Tuning Agricultural Sector to Produce Goods Having Demand in the Market; 3) Building an Agricultural Marketing System. Chapter 6 concerns “Improving on Rural Finance”. It is underlined that shortage of finance is particularly acute among the millions of farmers. They need to buy improved agricultural inputs and implements to increase their income and break the perpetuity of the poverty cycle they are entangled with. But they cannot do this because they lack finance. The credible solution for this seems to improve vastly farmers' access to rural financial services, notably credit. In particular, this Chapter deals with the following aspects: 1) Banks and the Rural Financial System; 2) Rural Banks; 3) Cooperatives. Chapter 7 on “Towards Promoting Private Sector Participation in Agricultural Development” emphasizes that private investors are already making a significant contribution to agricultural development. But, this cannot mask in anyway the immense potential the private capital has yet to realize in the development of agriculture in Ethiopia. The Chapter makes provisions for: 1) Attracting Foreign Investors to the Agricultural Sector; 2) Agricultural Training and the Participation of Private Investors; 3) Linkage between Private Investors and Smallholders. Chapter 8 lays down provisions relating to “Expansion of Rural Infrastructure”. In particular, the availability of social and economic infrastructures is essential both for agricultural and rural development. It is not possible to attain rapid and sustainable agricultural or overall rural development where there is a lack of services in the fields of: education, training, health, rural road and transport. The Chapter deals with the following issues: 1) Expansion of Educational and Health Services; 2) Expansion of Rural Road and Transport Services; 3) Improvement of Drinking Water Supply; 4) Expansion of other Rural Infrastructural Services. Chapter 9 on “Strengthening Non-Agricultural Rural Development Activities” suggests that education, health, trade, marketing, finance, etc., are all technically outside of agriculture, but all are critically important to agricultural development. Expanding and strengthening these services in the rural economy means developing non-agricultural sectors and increasing the member of people employed there in, which in itself is another factor for assisting development. Agricultural development cannot occur without a visible change in these services. Farmers employ themselves in agricultural or other activities to improve their livelihoods. They want to increase their income to improve the quality of life. The Chapter treats the following points: 1) The Need for Non-Agricultural Rural Development; 2) Full Utilization of Development Opportunities Created by Rural Development; 3) Strengthening Rural-Urban Linkages. Part Three lays down provisions relating to “Managing the Rural Development”. Chapter 1 on Democratic Participation and Rural Development makes provisions for: 1) The Necessity and Indispensability of Popular Participation in Development: Public participation is highly desirable and beneficial to development. It is the right of the people to discuss development issues and decide on all matters that concern them. Participation is not sought for its own sake. Rather it is because rural development is virtually inconceivable without; 2) Proper Use of Public Participation Forums. Chapter 2 is entitled “Strengthening and Properly Using Key Rural Development Institutions” and establishes that rural development leaders should work hard to assist in the creation of institutions and equipping them with efficient administrative and organizational systems and structures. Chapter 3 emphasizes the “Distinguishing Roles and Capacitating Role-Playing of Government Agencies”. Chapter 4 outlines the “Roles of Government Agencies in Pastoral Regions”. As regards rural development, similarities dwarf differences between sedentary and pastoral regions. However, since herders live a transhumant life and ethnic structures and relations exert a great deal of influence on their daily lives, it is inevitable that some changes need to be made to the system of management in the pastoral areas. The text consists of 3 Parts as follows: The Rural development policy and strategies in the context of Ethiopia’s overall development (I); Rural and agricultural development policies and strategies for Ethiopia (II); Managing the rural development (III). ",sustainable development; sustainable use; rural employment; social protection; sustainable use; agricultural development; farming; cooperative/producer organization; social protection; business/industry/corporations; poverty; public participation; equity; public health; education; traditional knowledge/indigenous knowledge; procedural matters; financial agricultural measures; credit; zoning; capacity building; fiscal and market measures; rural development; labour; nutrition; poverty; food security; agricultural land; land tenure; ownership; private land; public land; right of use; zoning; property rights; water resources management; potable water; public water
LEX-FAOC144893,https://faolex.fao.org/docs/pdf/eth144893.pdf,Growth and Transformation Plan 2010/11-2014/15.,,English,National development,Agricultural & rural dev.; Energy; Environment; Food & nutrition; Mineral resources; Water,,,Ethiopia,,,Policy,,"The present Growth and Transformation Plan is guided by Ethiopia 's overall vision “to become a country where democratic rule, good-governance and social justice reign upon the involvement and free will of its peoples , and once extricating itself from poverty to reach the level of a middle-income economy as of 2020-2023. Chapter 2 contains the particular vision and basis, as well as the objectives and strategic pillars of the present Plan. The country's vision specifically on the economic sector includes: building an economy which has a modern and productive agricultural sector with enhanced technology and an industrial sector that plays a leading role in the economy, sustaining economic development and securing social justice and increasing per capita income of the citizens so as to reach the level of those in middle-income countries. The specific objectives of the Plan are as follows: 1) Maintain at least an average real growth rate of 11%; 2) Expand and ensure the qualities of education and health services; 3) Establish suitable conditions for sustainable nation building through the creation of a stable democratic and developmental state; and 4) Ensure the sustainability of growth by realizing all the above objectives within a stable macroeconomic framework. To achieve these objectives the following strategic pillars shall be enacted: 1) Sustaining rapid and equitable economic growth; 2) Maintaining agriculture as major source of economic growth; 3) Creating conditions for the industry to play a key role in the economy; 4) Enhancing expansion and quality of infrastructure development; 5) Enhancing expansion and quality of social development; 6) Building capacity and deepen good governance, and 7) Promote gender and youth empowerment and equity As to Pillar 2) concerning agricultural development, it is underlined that this strategy will support strongly the intensified production of marketable farm products for domestic and export markets, by small farm holders and private agricultural investors. Fundamentals of the strategy include a shift to production of high value crops with a special focus on potential high productivity areas, intensified commercialisation, and support for development of large-scale commercial agriculture, where feasible. The commercialisation of smallholder farming will continue to be the major source of agricultural growth. Concerted support will be given to increase private investment in large commercial farms too. Further strategies include development of a more transparent agricultural marketing system and increased investment in marketing infrastructure. Pillar 6 on Good governance and building capacity, emphasizes that strengthening institutional capacity is vital to implement the present Growth and Transformation Plan policies, strategies and programmes and there by achieve satisfactory results. Government has designed national programmes, policies and strategies that strengthen and sustain the country's implementation capacity, institutionally and organisationally. This is a vital contribution to the on-going process of democratization.  Pillar 7 concerns the improvement of the situation of women and youth. To this end, the government will scale up its efforts to implement its Women's and Youth Policies and Programmes. These policies contain essential initiatives that will contribute to the participation and effective utilization of the untapped potential of these key social groups. Chapter 5 deals with Economic Sector Development Plan dealing, inter alia, with Agriculture and Rural Development. Main focuses for agriculture and rural development are increasing the capacity and extensive use of labour, proper utilization of agricultural land, taking account of different agro-ecological zone s, linking specialization with diversification, integrating agricultural and rural development strengthening the agricultural marketing system and effective implementation of the scaling up of best practices in the sector. In particular, this section deals with: a) Smallholder Agriculture Development (Expand Irrigation Development and Improve Natura l Resources Conservation, Production of high value crops); b) Pastoral development: Activities implemented in pastoral areas mainly focus on livestock resource. In that sense priority is given to water development adequate both for the local community and livestock. This activity will be implemented in relation to the improvement of pastoral land irrigation development. Activities related to food security will be implemented mainly in connection with infrastructure developments. In this Chapter there is also a section on Private Sector Agricultural Development: Agricultural development policy explicitly states that private investors can participate in the nation's agriculture development endeavours. As a result of the effort s exerted to implement this policy success has been realised in the floriculture. The major targets are listed in Table 19 and include, inter alia, cultivated land, coffee production and productivity, livestock development, agricultural inputs supply, agricultural extension, improving soil fertility, Natural Resource Conservation Programme, small scale irrigation programme, food security, agricultural marketing, cooperative development, agricultural research, private Investment in the agricultural sector, horticulture development. Chapter 7 deals with Capacity building and good governance. Strategic directions in the capacity building component include a concerted and integrated effort to enhance the capacity of the civil service to implement government policies and strategies effectively and efficiently. During the GTP period, the strategic direct ions to ensure democratic governance in the country are to adopt and effectively enforce laws that support democracy and good governance, conduct free fair and democratic elections and ensure the human rights of all citizens. Good governance plays a key role in realizing the government's objective of eradicating poverty by enhancing public trust and ensuring efficient allocation of public resources for development. Chapter 8 on Cross cutting sectors lays down provisions, inter alia, relating to gender and children’s affairs. The main objectives for gender development during the plan period are to ensure women's active participation in the country's economic and social development as well as political processes and equal benefit s to women from the resultant outcomes. In addition, harmful traditional practices that adversely affect the active engagement and welfare of women will be abolished. The targets are as follows: 1) Increase the number of women entrepreneurs that graduate from operating micro enterprises to small and medium scale businesses; 2) Increase the number of women who receive training in management and entrepreneurship; 3) Increase the number of women beneficiaries of credit and saving services; 4) Reduce the rate of abduction early marriage and female genital mutilation; 5) Increase the participation of women in decision making process. Chapter 8 also contains a section on Environment and Climate Change emphasizing that environmental conservation plays a vital role in sustainable development. Building a 'Green Economy' and ongoing implementation of environmental laws are among the key strategic directions to be pursued during the plan period. In building a  green' and climate change resistant economy there are two key issues, adaptation to climate change and mitigation of greenhouse gases. Table 50 sets out, inter alia, the targets as follows: i) The climate change resistant green economy will be strengthened and measures will be taken by all tiers of government for preparation and implementation of environmental action plans in all regions; ii) Policies. Laws strategies and action plans will be put in place to address climate change mitigation; iii) Dams, roads and infrastructure facilities which contribute to poverty reduction but are vulnerable to impacts of climate change will be identified and mitigation measures will be put in place; iv) Measures will be taken to mitigate climate change impacts to conserve the biological resources; v) Regions and cities/towns pass and implement laws to build a measurable and achievable green economy; vi). Establish a national system for environmental NCOs to assist them in the efforts to build green economy; vii) A dry' waste management law will be implemented at all federal and regional levels; viii) The law on biogas emission rate by the 8 high emission rate industries will be fully implemented; ix) A national system will be built to help Ethiopia build a carbon free economy by 2025 and quality for additional global environment fund support. Chapter 10 deals with Monitoring and Evaluation of the present Plan. The main objective of the GTP monitoring and evaluation system is to follow up on implementation of the sectoral and cross cutting plans included in the present Plan so as to ensure effectiveness of government policies and strategies. The Ministry of Finance and Economic Development shall be in charge to monitor the overall present Plan but also the Federal Executive Bodies shall ensure that the Plan is efficiently implemented. Chapter 5 includes also a section on Mining. For the mining sector, the government's main focus is to create a favourable environment for private investors for exploration and development of mineral resources. Among other initiatives the government will collect, analyse and interpret basic geo-science information for potential investors. Mineral exploitation holds enormous importance for agriculture, urban development, industrial development, construction, energy and other economic sectors. The core objectives for the sector in the plan period include establishing accurate estimates of and utilising the reserves of minerals that contribute to increased agricultural production through improving soil productivity. An additional area of focus is land exploration, identification and utilization to determine water quality and quantity for domestic consumption and irrigation.  Chapter 5 deals also with Energy. The major objectives for the energy sub-sector are to meet the demand for energy in the country by providing sufficient and reliable power supply that meet s international standards at all times. This objective will be achieved by accelerating and completing the construction of new hydropower electric generation projects, and strengthening the existing transmission lines to provide improved access to rural villages all over the country. The text consists of 10 Chapters as follows: Achievements and Challenges under Plan for Accelerated and Sustained Development to end Poverty (PASDEP) (1); Basis, Objectives and Strategic Pillars of the GTP (2); Macroeconomic Framework of the Growth and Transformation Plan (3); Financing the Plan (4); Economic Sector Development Plan (5); Social Sector Development (6); Capacity Building and Good Governance (7); Cross-Cutting Sectors (8); Opportunities, Risks and Challenges in Implementing the GTP (9); Monitoring and Evaluation of the GTP (10); ",agricultural development; poverty; education; public health; governance; capacity building; gender; agricultural commodities; family farming; farming; internal trade; fiscal and market measures; sustainable use; investment; sustainable development; climate change; ozone layer; investment; nutrition; poverty; food security; investment; water supply; potable water; irrigation; investment; energy conservation/energy production; renewable energy; bioenergy; biofuel; investment; mining; investment
LEX-FAOC144894,https://faolex.fao.org/docs/pdf/eth144894.pdf,National Nutrition Programme 2013-2015.,,English,Food & nutrition,Agricultural & rural dev.; Food & nutrition,,,Ethiopia,,,Policy,,"The present revised National Nutritional Programme (NNP) is designed to address both long-term and short-term nutrition goals in Ethiopia. Sustainable, long-term reduction of malnutrition is the ultimate aim of the present Programme. In particular, a special effort shall be made to reduce child mortality because of malnutrition. Ethiopia has witnessed encouraging progress in reducing malnutrition over the past decade. However, baseline levels of malnutrition remain so high that the country must continue to make significant investments in nutrition. As a recent survey by the Central Statistical Agency (CSA, 2007) has revealed, the chronic malnutrition among women in Ethiopia is relatively high and women’s nutrition affects a wide range of health and social issues, including family care and households. The strategic objectives of the Programme are contained in Chapter 2 and are defined as follows: Improve the nutritional status of women (15–49 years) and adolescents (10–19 years) (1); Improve the nutritional status of infants, young children and children under 5 (2); Improve the delivery of nutrition services for communicable and non-communicable/lifestyle related diseases (all age groups) (3); Strengthen implementation of nutrition sensitive interventions across sectors (4). In this connexion, it must be underlined that the Ministry of Agriculture has a Food Security Programme that aims to sustainably ensure adequate quantity and quality of food. The last objective is to improve multi-sectoral coordination and capacity to ensure the Programme’s implementation (5). Chapter 3 makes provisions for: 1) Policy framework; 2) Regulatory framework; 3) Multi-sectoral coordination and capacity building (Multi-sectoral coordination and linkages for nutrition; Capacity building); 4) Nutrition communication; 5) Gender dimensions of nutrition. It is underlined that gender and nutrition are inextricable parts of the vicious cycle of poverty. Gender inequality can be a cause as well as an effect of hunger and malnutrition. Not surprisingly, higher levels of gender inequality are associated with higher levels of under-nutrition, both acute and chronic. Chapter 4 lays down provisions relating to sustainable financing for nutrition. Table 4 shows the committed budget and financial gap to implement NNP from 2013 to 2015 in US Dollars. The text consists of 5 Chapters: Introduction (1); Strategic objectives and initiatives (2); Implementation and governance (3); Sustainable financing for nutrition (4); Framework for monitoring, evaluation and operational research (5). ",agricultural development; sustainable development; sustainable use; nutrition; poverty; food safety and quality; hygiene/sanitary procedures; potable water; gender; financing; institution; public participation; governance; human rights; equity; food security; food fortification
LEX-FAOC144895,https://faolex.fao.org/docs/pdf/eth144895.pdf,Food Security Strategy.,,English,Food & nutrition,Agricultural & rural dev.; Livestock; Food & nutrition; Land & soil,,,Ethiopia,,,Policy,,"The present Food Security Strategy (FSS) updates the original one of 1996 by sharpening the strategic elements to address food insecurity based on lessons learned. In recognition that the pursuit of food security is a long-term and multi-sector challenge, institutional strengthening and capacity building is included as a central element of the Strategy. As in the past, however, the overall objective of the present Strategy is to ensure food security at the household level, while Agricultural Development Led Industrialization (ADLI) shall focus on creating the conditions for national food self-sufficiency. High population growth rates continue to undermine Ethiopia’s ability to be food secured and provide effective education, health and other essential social and economic services. The central elements of the policy focus on improving the database for family planning services, and expanding education, and a multi-sector approach. Full attention will be given to the attainment of these goals within the remit of the food security strategy and subsequent programmes. Chapter III addresses both the supply and the demand side of the food equation – that is, availability and entitlement respectively from both a national and household level perspective. The strategy adopted rests on three basic pillars: 1) To increase the availability of food through increased domestic production; 2) To ensure access to food for food deficit households; and 3) To strengthen emergency response capabilities. Chapter II suggests that the underlying causes are twofold: on the one hand they are chronic and on the other they are acute. Chronic food insecurity is commonly perceived as a result of overwhelming poverty indicated by a lack of assets. Acute food insecurity is viewed as more of a transitory phenomenon related to man made, and unusual shocks, such as drought. While the chronically food insecure population may experience food deficits relative to need in any given year, irrespective of the impact of shocks, the acutely food insecure are assumed to require short term assistance to help them cope with unusual circumstances that impact temporarily on their. A combination of short-term and long-term causal factors can explain the trend towards the increasing food insecure caseload. Long-term factors, such as the interaction between environment, high population growth, diminishing land-holdings, and a lack of on-farm technological innovation have led to a significant decline in productivity per household. These trends have combined with the repeated effects of drought over the years, to substantially erode the productive assets of communities and households. A loss of community assets (e.g., pasture and forest) has led to increasing environmental degradation and increased the pressure on-farm, leading to declining investment in soil and water conservation practices. More importantly, households are less able to cope with shocks because they cannot accumulate savings (e.g., livestock holdings and food stores) even in good years. The vulnerable populations is identified and described as follows in the Table entitled “Indicative category of food insecure households in Ethiopia”: Resource poor households in rural areas which are land-less or land-scarce, or oxen-less; poor pastoralists; female-headed households; elderly; disabled and sick; poor non-agricultural households; newly established settlers. The next category is Low income Households in urban areas employed in the informal sector; those outside the labour market, such as but not exclusive the elderly; disabled and sick; some female-headed households; street children; refugees; displaced people. Both long term and short term strategies are envisaged in the present Strategy. The long term is to eliminate food-insecurity and in the short term efforts shall be made to promote farmer seed production and marketing schemes until the demand for seed is increased sufficiently to interest the private sector. Elsewhere, it is underlined that the acutely food insecure shall receive short term assistance to help them cope with unusual circumstances that impact temporarily on their livelihoods. The gender dimension of food security is critical in Ethiopia as women contribute greatly to economic development. In addition to women’s reproductive role, women also have a substantive productive role in the rural sector, including participation in livestock maintenance and management, crop production, and the marketing of rural produce. Building on the constitutionally granted democratic, economic and social rights of women, the National Policy on Ethiopian Women (1993) will further create an enabling environment for the empowerment of women through integration of gender perspectives in the design and implementation of economic and social policies, programs and projects. Environmental sustainability is critical to the pursuit of food security and economic development generally. Development depends on appropriate and sustainable use of the environment and the management of natural resources. Chapter 3 is the core of the present Strategy and Part B) of this Chapter deals with Essential Elements of the Strategy. First and foremost, the Agricultural Production, Marketing and Credit; It is underlined that the Food Security Strategy, as a multi-sector strategy, will touch on many different policy areas including that of land tenure and land use, rural credit and marketing systems. With regard to land management, the Government will increase security of tenure through certification, and with community participatory land use planning, better manage the natural resources.Section 2 of Part B concerns Pastoral Areas. The goals of agricultural activities in pastoral areas are: increasing livestock farm productivity and improving the welfare of the people through voluntary and non-coercive settlement in consultation with local communities. This necessitates integrated intervention programmes and setting up a culturally acceptable mechanism to oversee the utilization and management of resources. Section 3 lays down provisions relating to Micro and Small Scale Enterprises. The three main areas of public policy, which will influence the patterns of growth, are: i) Provision of infrastructure, ii) Encouragement of competitive marketing of input and output, and iii) Taxation of selective commodities to shift the consumption patterns. These government interventions will assist the growth of industries dominated by agro-processing. Moreover, emphasis will be given to address the constraints in the areas of education, credit, research and extension, risk and uncertainty. Section 4 considers Agricultural Exports and Diversification. The natural resource base of the country provides ample opportunities for diversification of horticulture, oilseeds, and pulses, which contribute to some degree of exports. The potential of exports in some other commodities like canned meat, leather products and garment needs further exploration. In line with this, attentions will be given to the problems of product quality, processing, transportation and etc. Part C) of Chapter III lays down provisions relating to Additional Entitlement/Access and Targeted Programmes. Here it is underlined that increase in agricultural production, economic growth and employment will add to food availability and increase income (and therefore entitlements) over the medium term. However, these factors are not enough by themselves to ensure sufficient food for everyone. The short-term objective of programmes that aim to ensure food entitlement is avoidance of death by starvation, while the longer-term aim is building the capacity of households, both rural and urban, to attain food security on their own. The focus throughout the programmes is to increase food entitlement will be on the most vulnerable groups and households. Under entitlement, there are three major components: i) Employment/income support schemes; ii) Targeted programmes; iii) Nutrition intervention. Part D of Chapter III deals with Emergency Capabilities. The Government will continue to strengthen its emergency response capabilities, including the monitoring, surveillance, and early warning arrangements, the capacity for food and relief distribution, strategic reserves of food grains, and its analysis of the international food trade and aid situation. At the same time, the methods used to judge the onset of food insecurity will further be fine tuned and develop the capacity to better able to assess the risk of an occurrence of event, which will affect food security, the likelihood of adverse effects, and the levels of vulnerability of households. Part E on Institutional Strengthening, Networking and Capacity Building specifies that institutional capacity building focuses on short and long-term training. More focus is given to the technical vocational training in order to produce skilled and competent staff at the grass root level who can do the job that would create wealth. Added to this, training institutes tailored to technical vocational training needs and farmers training centres are established while existing ones are strengthened. The text consists of 3 Chapters as follows: Introduction (I); Dimensions and Causes of Food Security (II); The Food Security Strategy (III). ",agricultural development; farming; family farming; rural employment; social protection; internal trade; crops ; education; equity; financial agricultural measures; sustainable development; sustainable use; pastoralism; labour; animal production; grazing; animal production; credit; pastoralism; nutrition; food security; poverty; capacity building; institution; public health; gender; research; financing; credit; public participation; equity; potable water; governance; land tenure; public land; private land; land-use planning
LEX-FAOC144896,https://faolex.fao.org/docs/pdf/eth144896.pdf,Food Security Programme 2010-2014.,,English,Food & nutrition,Agricultural & rural dev.; Food & nutrition,,,Ethiopia,,,Policy,,"The long-term Goal to which the present Food Security Programme (2010-2014) expects to make a substantial contribution is to improve food security for chronic and transitory food insecure households in rural Ethiopia. In making progress towards achieving this Goal, the Programme also expects to make contributions to the objectives of the Government’s Plan for Accelerated and Sustained Development to End Poverty and to play a role in achieving the Millennium Development Goals (particularly Goal 1: To eradicate extreme poverty and hunger). The Programme will also contribute to and link with the Government of Ethiopia’s Strategic Investment Framework (ESIF) for Sustainable Land Management (SLM), as well as the Agricultural Growth Framework. Chapter 2 establishes that the Food Security Programme has six Outputs as follows: 1) Food consumption assured and asset depletion prevented for male and female members of chronic and transitory food insecure households; 2) Income sources diversified and productive assets enhanced for food insecure households; 3) Access to adequate enabling infrastructure, services and natural environment secured by food insecure population; 4) Confidence, knowledge and skills of food insecure people; 5) Institutional capacity to manage the FSP and effectively link wider processes and other programmes achieved; 6) Access to adequate food, income and enabling infrastructure, services and natural environment secured for resettled households. The Federal Food Security Strategy which is still valid rests on three pillars, which are: 1) Increase supply or availability of food; 2) Improve access/entitlement to food; (3) Strengthening emergency response capabilities (Chapter 1.3. Food Security Strategy).Within the framework of the Complementary Community Investment Component (CCI), activities shall focus, inter alia, on nutrition, health education and water resource development so that all people in Ethiopia shall reach a state of nutritional well-being. The underlying causes of the persistent food insecurity in Ethiopia are multifold. Droughts and other disasters (such as floods) are significant triggers, more important are the factors which create and/or increase vulnerability to these shocks and which have undermined livelihoods. These factors include land degradation, limited household assets, low levels of farm technology, lack of employment opportunities and population pressure. As a consequence, but also exacerbating the situation, levels of education are low and disease prevalence is high.  Prior to 2005, the typical response to this persistent food insecurity was emergency relief resourced through an unpredictable annual appeals process (Chapter 1.1) One of the focuses of the afore-mentioned Strategy is to enhance food entitlements of the most vulnerable sections of society, i.e. low-income households. Under entitlement there are three elements: supplementary employment income support schemes, targeted programmes for the disadvantaged groups and nutrition intervention. Chapter 2 establishes the following as most vulnerable in society: 1) Women: Both women headed households and women within male headed households will be specifically targeted by the programme; 2) Youth: The rural youth represent a large and diverse category of people who face particular constraints as they seek to make a livelihood; 3) Pastoral communities: Pastoral communities are expected to benefit significantly from a special programme. In particular greater emphasis will be on supporting pastoral risk management. As it has been said the present Programme in the long run intends to improve food security for poor households. But on the other hand, the Extension Service shall adopt a demand driven approach with respect to household investments and income generating activities that provides poor households with access to interventions that are tailored to their needs and interests. On- and off-farm investment and income generating activities promoted for very poor and poor households will be appropriate in terms of their technical and labour capacity, be of relatively low risk, be capable of building up assets in a relatively short period of time, be financially viable and provide returns sufficient to cover loan repayments within the specified time. Chapter 3 on Implementation emphasizes that monitoring and evaluation shall focus, inter alia, on mainstreaming of gender and environment issues and procurement.  . The Agricultural Technical Vocational Education and Training (TVET) is important for implementing the short, medium and long term development strategy of the rural economy. The underlying rationale of the aofre-mentioned TVET is thus to generate educated, environmentally conscious and entrepreneurial farmers that will enhance food security in a sustainable manner. Also elsewhere in the Programme it is underlined that the application of the Environmental and Social Management Framework in pastoral areas must focus on ensuring environmental sustainability (particularly with regards to water and pasture), livestock mobility and conflict prevention. Chapter 3 lays down provisions relating to Programme Management, Coordination and Implementation and makes provisions for: 1) Institutional Arrangement; 2) Financial Management and flow of funds; 3) Programme Planning; 4) Physical and Non-Physical Means; 5) Programme Monitoring and Evaluation ; 6) Accountability for Programme Performance. The text consists of 3 Chapters: Background (1); Programme Strategy and Scope (2); Programme Management, Coordination and Implementation (3). ",agricultural development; farming; family farming; rural employment; social protection; internal trade; crops ; education; equity; financial agricultural measures; sustainable development; sustainable use; investment; labour; nutrition; food security; poverty; capacity building; institution; public health; gender; research; financing; credit; public participation; equity; potable water; investment; governance
LEX-FAOC145717,https://faolex.fao.org/docs/pdf/eth145717.pdf,Proclamation to Provide for a Warehouse Receipts System (No. 372/2003).,2003-10-14,English,Agricultural & rural development,Agricultural & rural dev.,,chilot.me,Ethiopia,,,Legislation,,"This Proclamation introduces a system of bailing of agricultural goods that enables a farmer whenever supply exceed demand to deliver his or her products to the warehouse upon receipt of document of title to the products and to reclaim his or her products. The bailor shall be entitled to transfer his or her rights over the stored products to any buyer by simple delivery of the receipt. “Agricultural Product” means a product as may, from time to time be determined as an agricultural product by the Ministry or its designate. The Proclamation also provides with respect to warehousing of goods. The Proclamation shall have the following objectives: a) to enable any person store his goods and in particular standardized agricultural products in warehouses and borrow money upon delivery of the warehouse receipt as collateral; b) to establish a valid contract between the bailee and the bailor and to properly direct and administer the system: and c) to create organized and efficient marketing system for agricultural products. Warehouse receipts may be issued by cooperatives and private companies registered and licensed to undertake warehousing business. The Proclamation also sets out rights and obligations of warehouse operators and provides with respect to negotiation of warehouse receipts and resolution of disputes. ",agricultural development; institution; agricultural commodities; credit; transport/storage; internal trade; contracts; dispute settlement; offences/penalties; governance
LEX-FAOC146018,https://faolex.fao.org/docs/pdf/eth146018.pdf,Seed Proclamation No.782/2013.,2013-02-15,English,Cultivated plants,Cultivated plants,,,Ethiopia,,,Legislation,,"This Proclamation concerns the improvement of seed for agricultural production in Ethiopia. It shall ensure that the supply of quality seed is made available to fanners, agro-pastoralists and 'other seed users. Seed shall include seed, seedlings or any other plant propagating material intended for-planting. This Proclamation may not be applicable to: a) the use of farm-saved seed by any person or the exchange or sale of farm-saved seed among smallholder farmers or agro- pastoralists; b) seed to be used for research; or c) forestry seed. Any variety intended for domestic or export market shall be released by the Ministry before it is produced locally. There shall be Evaluation Committees for evaluation of seed performance and a National Variety Release Committee that shall propose varieties for release based on the reports of the evaluation committees. Released varieties shall be entered into the National Variety Register. Any person who intends to engage in commercial seed production shall have a certificate of competence and shall establish an internal seed quality control system. The production of seeds for domestic consumption shall be executed on the basis of integrated planning. The Ministry shall maintain a register of seed producers and distributers. Other provisions of this Proclamation concern, among other things: quality control and assurance, labelling of seed, import and export of seed (which requires a permit and a certificate of competence), grievance procedures and seed inspection. Any seed with genetically modified organisms may be imported if the Ministry receives prior assurance of its compliance with the applicable legislation from the Environmental Protection Authority. The Proclamation defines offences. ",basic legislation; plant production; seeds/planting material; certification; plant variety; institution; registration; authorization/permit; genetic resources; genetically modified organism (GMO); inspection; international trade; internal trade; breeders' rights; offences/penalties; biotechnology; intellectual property rights; governance
LEX-FAOC149109,https://faolex.fao.org/docs/pdf/eth149109.pdf,Sustainable Development and Poverty Reduction Program.,2002-08-15,English,National development,Agricultural & rural dev.; Environment; Food & nutrition; Land & soil; Water,,,Ethiopia,,,Policy,,"The Sustainable Development and Poverty Reduction Program is a cross-sectoral national program of Ethiopia covering the period of 2002-2005. Its main objective is to reduce poverty and at the same time maintain macroeconomic stability. With regard to food security, the strategy’s overall objective is to ensure food security at the household level, while the rural development policies and strategies would focus on ensuring national food self-sufficiency. Overall, it rests on three pillars: (1) increasing the availability of food through domestic (own) production; (2) ensuring access to food for food deficit households; and (3) strengthening emergency response capabilities, thus applying the twin-track approach. As noted, the Program provides for both food assistance and long-term food strategies. Regarding the former, it indicates that efforts to strengthen the emergency capabilities of the government including monitoring, surveillance, and early warning arrangement, building the capacity of food and relief distribution, strategic reserves of food grains, and its analysis of the international food trade and aid situation will continue. The methods used to judge the onset of food insecurity will also be articulated and further fine-tuned. The Program is also concerned with the long-term strategy regarding agricultural development including its relation to environmental impact noting that the goal is to strengthen and expand on-going efforts to address the critical problem of land degradation with its attendant problems of deforestation, overgrazing, soil erosion, loss of soil structure and hydrological cycle disruption and gives the priority to highly degraded, drought prone and food insecure areas. The document equally promotes pro-poor development policy measures such as building and strengthening partnerships between community, government, private sector, and external support agencies. For this purpose, it plans to establish mechanisms such as, water committees, water boards, and water users associations, professional and civic associations. Relying on the gender-sensitive design, the Program provides for measures that will be strengthened and/or taken to enhance the participation of women in development as well as their benefits from development. Overall, it would like to enhance the active involvement of women for sustainable development and management of water projects, specifying that assigning specific number of seats for women in community-based organizations is one way to empower them in decision-making. Moreover, the Program notes that off-farm income generating activities would help supplement own production for a considerable number of farmers as coping mechanism during periods of food shortages. The public employment generation schemes could be initiated by public or private operators or even jointly and will be linked with development priorities of rural areas. These schemes may help create conducive environment towards linking relief assistance to long-term developmental efforts. Improved credit services for food insecure rural and urban households are also envisaged in order to address both supply and demand side problems. It also envisages improving rural financing systems aimed at catering the needs of micro and small-scale enterprises as well as small resource poor farmers.  The government will continue to increase the availability of rural financing and provide special support to at least reduce the credit administration costs extended to food insecure communities. As to the agricultural production, the Program provides that the envisaged market led agricultural development is expected to lead to large-scale direct and indirect growth in non-farm incomes and employment. To this effect, the government will continue to initiate, promote and strengthen micro-and small-scale enterprise development through industrial extension services. These developments are believed to create additional employment opportunities in the private sector. In addition, according to the document, the policy of the government regarding agricultural marketing and distribution is to encourage the participation of the private sector and cooperatives to improve the efficiency of the system. The government will perform only regulatory and supporting functions to create a conductive business environment through appropriate fiscal incentives. Substantial improvements in the provision of market information would be sought to improve integration of markets. The on-going effort in the construction of main and rural roads, the rural travel and transport programs coupled with promotion of competition in the transportation, trade processing and distribution of food would help further reduce costs of marketing and distribution.  Strengthening farmers' cooperatives would also be an important element of the food security strategy in improving rural marketing and credit system. The Programme also indicates that the government will make further efforts to create an enabling environment for private sector participation in agricultural development and to encourage foreign investors. For entrepreneurs who wish to set up large-scale commercial farms, the government will make provisions for the availability of land, adequate infrastructure facilities, and streamlined and efficient land lease procedures. The production of high-value agricultural outputs for export will be particularly encouraged through extension programmes and other appropriate incentives. The document is also concerned with disaster preparedness having as its objective to install automatic stage recorders at strategic sites on flood-prone area; estimating flood sizes, in particular peak floods; determining the possible methods of flood protection; selecting the appropriate sites for disaster prevention actions; and ensuring appropriate and timely maintenance of flood control structures. In drought affected areas, it plans to intensify ground water exploration; formulate a comprehensive programme for the selection of wells, boreholes, stock ponds and subsurface dams, among others. Concerning the implementation of the Program, the document notes that after the re-organizations in the Government, the Ministry of Rural Development has been established to better coordinate and guide rural development. With respect to food security a Food Security Department has been established within the Ministry of Rural Development, which is responsible for the overall fund management of the food security program in the country and to guide and monitor the implementation of the programmes. A Food security steering committee has also been established chaired by Ministry of Rural Development and Regional food security offices shall play a significant role in co-coordinating the program in their respective regions. ",sustainable development; agricultural development; poverty; policy/planning; community management; cooperative/producer organization; financial agricultural measures; fiscal and market measures; agricultural commodities; subsidy/incentive; internal trade; international trade; business/industry/corporations; institution; agricultural extension; gender; sustainable use; cultural heritage; governance; hazards; risk assessment/management; flood; desertification; erosion; financing; cultural heritage; food security; nutrition; processing/handling; land consolidation; land reform; land tenure; cultural heritage; water users' associations
LEX-FAOC149135,https://faolex.fao.org/docs/pdf/eth149135.pdf,Public Health Proclamation No. 200/2000.,2000-03-09,English,Food & nutrition; Health,Food & nutrition; Water; Waste & hazardous substances,,www.ilo.org,Ethiopia,,,Legislation,Y,"This Proclamation makes provision for the protection of public health. It establishes a Public Advisory Board at the Federal and Regional level for the purpose of advising the appropriate health authority in the proper implementation of this Proclamation. Public Health Authority shall be  the Ministry of Health, or the Health Bureau of a Regional State or of a City accountable to the Federal Government. The Public Health Authority shall appoint qualified inspectors to implement the provisions of this Proclamation and other laws and directives related with public health. The Proclamation provides in particular with respect to food and water quality and hygiene and handling of waste. Any person engaged in any activity of selling, producing for sale, storing, preparing or preserving of any food intended for human consumption shall meet the standards set by the Ministry. The Proclamation also prohibits the importation or sale of unwholesome food or food that is not properly labelled. It also prohibits: to supply water from springs, wells or through pipes unless its quality is verified by the Health Authority; to import, produce or distribute bottled mineral water or plane water unless its quality is verified; to discharge untreated liquid waste generated from septic tanks, seepage pits, and industries into water bodies, or water convergences. Some rules are laid down with respect to handling of solid waste. ",food safety and quality; hygiene/sanitary procedures; packaging/labelling; inspection; water supply; potable water; water quality standards; freshwater pollution; pollution control; standards; pollution control; waste disposal; waste management
LEX-FAOC171512,https://faolex.fao.org/docs/pdf/eth171512.pdf,Strategy for the Prevention and Containment of Antimicrobial Resistance for Ethiopia.,,English,Livestock; Health,Livestock; Environment; Food & nutrition,,www.who.int,Ethiopia,,,Policy,,"Strategy for the Prevention and Containment of Antimicrobial Resistance for Ethiopia is a cross-sectoral policy document at the national level for the period from 2015-2020. The goal of the Strategy is to prevent, slow down, and contain the spread of AMR through the continuous availability of safe, effective, and quality-assured antimicrobials and their effective use thereof. The five strategic objectives are: Raise awareness and understanding and improve education on antimicrobial use, resistance prevention, and containment through effective communication and training; Strengthen the knowledge and evidence on antimicrobial use and resistance through onehealth surveillance and research; Improve infection prevention and contain the spread of resistant microorganisms across human and animal communities and health care settings through individual and environmental sanitation, hygiene, and infection prevention measures; Optimize the use of antimicrobials in human and animal health through effective stewardship practices; Strengthen and establish national alliances and partnerships, management and governance arrangements, and resource mobilizations for the prevention and containment of AMR at all levels. To achieve the overall goal and the strategic objectives, the priority actions are identified. Under the strategic objective 4, the priority actions to be implemented include: Ensure access to essential antimicrobials for therapeutic use and vaccines to prevent diseases and minimize the use of antimicrobials; Work closely with industries involved in animal husbandry and restrict non-therapeutic use of antimicrobials; Eliminate the use of human health care antimicrobials as growth promoters and feed additives in animals; Strengthen regulations for the food industry, including reviewing standards for animal products and setting clear specifications; Ensure the availability and monitoring the use of and adherence to evidence-based guidelines and job aids, etc. ",animal health; pests/diseases; inspection; hygiene/sanitary procedures; data collection/reporting; agricultural development; drugs; capacity building; public health; water resources management; antimicrobial resistance (AMR); early warning system; One Health approach; food safety and quality; capacity building; public health
LEX-FAOC149550,https://faolex.fao.org/docs/pdf/eth149550.pdf,Ethiopia’s Agricultural Sector Policy and Investment Framework (PIF).,2010-09-15,English,Agricultural & rural development,Agricultural & rural dev.; Environment; Food & nutrition; Water,,,Ethiopia,,,Policy,,"Ethiopia’s Agricultural Sector Policy and Investment Framework (PIF) is a sectoral national policy applicable for the period of 2010-2020. Its main objective is to sustainably increase rural incomes and national food security producing more, selling more, nurturing the environment, eliminating hunger and protecting the vulnerable against shocks. Four main themes, each with its own strategic objective, are identified within the above overall objective. These are: 1. achieve a sustainable increase in agricultural productivity and production; 2. accelerate agricultural commercialisation and agroindustrial development; 3. reduce degradation and improve productivity of natural resources; and 4. achieve universal food security and protect vulnerable households from natural disasters. As to the thematic area of disaster risk management and food security strategic objective 4 aims at reducing the number of chronically food insecure households, reducing imports of food aid, improving the effectiveness of targeted social safety net programme for vulnerable groups, reducing the prevalence of child malnutrition, and improving the effectiveness of the disaster risk management system. Under the thematic area of productivity and production strategic objective 1 entails the following outcomes: increase the production of food, cash crops and livestock; increase agricultural productivity; reduce qualitative and quantitative post-harvest losses; scale-up proven best agricultural practices; increase the use of agricultural inputs and improved agricultural practices; and reduce dependence on commercial imports of staple food products. Under the thematic area of rural commercialisation in strategic objective 2, the following outcomes are expected: increase in private agribusiness investment; increase in smallholder household cash incomes; increase in the proportion of agricultural production marketed (versus subsistence utilisation); increase in the diversification into higher value products; improvement of farmer access to agricultural inputs and productive assets; increase in farmer access to rural financial services; increase in agricultural export earnings; increase in households’ participation in farmer organisations; strengthening of farm income growth through improved infrastructure and market access; and reduction of rural unemployment. As with the thematic area of natural resource management strategic objective 3 aims at increasing areas under irrigation; improving water conservation and water use efficiency; reducing arable, rangeland and forest degradation; maintaining agricultural biodiversity; improving soil health in key agricultural landscapes; improving security of private sector access to land resources; and strengthening farmers’ ability to respond to climate change challenges. According to the document, technical and budgetary coordination of the PIF will be the responsibility of the Ministry of Agriculture and Rural Development (MoARD) and its counterpart organisations at Regional and woreda levels.  MoARD will also coordinate closely with other technical ministries and agencies whose responsibilities intersect with those of MoARD.  The Ministry of Finance and Economic Development will play a central role in overall coordination of national budgets and donor assistance. M&E will be undertaken at different levels to support effective implementation of the PIF, maintain its focus and direction, and provide information for addressing constraints and problems. MoARD’s Planning and Programming Directorate will have primary responsibility for M&E based on the results framework milestone indicators. ",agricultural development; business/industry/corporations; financial agricultural measures; smallholders/peasants; poverty; research; rural employment; sustainable development; investment; labour; hazards; risk assessment/management; biodiversity; climate change; investment; food security; food loss and waste; nutrition; investment; water resources management; irrigation; sustainable use; water shortage/drought; investment
LEX-FAOC149599,https://faolex.fao.org/docs/pdf/eth149599.pdf,National School Health and Nutrition Strategy.,,English,Food & nutrition; Health,Food & nutrition,,,Ethiopia,,,Policy,,"The National School Health and Nutrition Strategy (SHN) is a sectoral national strategy of Ethiopia. Its main goal is to improve access and educational achievement of schoolchildren through health and nutrition interventions in educational establishments in Ethiopia. Its main objectives are, to promote joint planning, designing and implementation of sustainable and quality health and nutrition interventions across the education sector and, to strengthen coordination, linkage and partnership of SHN interventions by relevant ministries, communities and other stakeholders. Its specific objectives are: (1) to improve the quality of education by ensuring the development of child-friendly school environments; (2) to promote the provision of safe and sanitary school environments which includes clean and potable water that is well maintained and with gender-segregated hygiene and sanitation facilities; (3) to promote the provision of health and nutrition services that can be readily delivered through schools and close to the children’s locality; (4) to complement policies and strategies which define how health and nutrition is to be addressed in schools; (5) to promote skills-based health and nutrition education that is delivered by trained teachers and health personnel at all levels; (6) to ensure mechanisms are put in place for ownership and sustainability of SHN programmes (such as school feeding programmes and other promotive nutrition interventions, cooking demonstrations and school gardens) thereby, increasing access and completion rates by reducing dropout and absenteeism prevalent in chronically food insecure areas of the country. An institutional framework will be established at all administrative levels to enable coordination of SHN at federal, regional, Woreda, Kebele and school levels. The establishment of the institutional framework will result in the establishment of coordination which will bring together members of government sectors (education, health, water, agriculture, and women’s affairs) and other stakeholders; development partners and humanitarian agencies; communities (including members of NGOs, and community-based/faith-based organizations); and parents, teachers and students. A monitoring and evaluation system will be developed, specifying mechanisms, tools and indicators helpful for monitoring the effectiveness of SHN programmes in achieving health and educational outcomes. The National SHN Inter-Agency Coordinating Committee will be an inter-sectoral committee comprising mainly of the key government line ministries, but not limited to the Ministries of Education, Health, Women, Children and Youth Affairs, Water and Energy Resources and other relevant ministries and stakeholders. The Ministry of Education will serve as a permanent secretary to the Coordinating Body responsible for coordination, resource mobilization and advocacy. ",nutrition; food safety and quality; non-governmental entity; local government; school feeding
LEX-FAOC180677,https://faolex.fao.org/docs/pdf/eth180677.pdf,Water Sector Development Program.,,English,Water,Environment; Water,,,Ethiopia,,,Policy,,"This Water Sector Development Program (WSDP) has been prepared by the Ministry of Water Resources. It contributes to major socio-economic targets such as enhancing the access of the population to safe drinking water, improving food security through extending irrigation, and increasing the national production of electricity by constructing dams. It must be consistent with the National Water Management Policy and the National Water Strategy. The planning horizon of the WSDP is 15 years, divided into three 5-year periods of the short-term (2002-2006), medium-term (2007-2011), and long-term (2012-2016) in order to suit the existing practice of 5-year development plans of Regional and Federal institutions. The national and regional priorities reflected in the WSDP relate largely to: (a) developing water resources for different uses; and (b) meeting national and regional development objectives that reinforce prospects for successful WSDP outcomes. The WSDP focuses particularly on action to: Make clean water available for drinking and sanitation; Make water available for livestock in nomadic and other special areas; Extend irrigation for agricultural production to the maximum possible; Expand generation capacity to meet hydroelectric power needs; Provide water for industrial development; Provide water for fisheries, tourism, and transportation, among other uses. Targets to be achieved are expressed in separate programs: Water Supply and Sewerage Development Program (consisting of urban water supply, rural water supply, livestock water supply, and urban sewerage projects), the Irrigation Development Program (which empasizes small-scale irrigation), the Hydropower Development Program, Water Resources Development Program (mainly concerning water-flow management), and the Institution- and Capacity-Building Program (concerning intitutional development. For each program, main components are defined. Specific objectives of the Water Supply and Sewerage Development Program are: (a) Provide potable water to most of both the urban and rural population, and water for sewerage where conditions permit. (b) Provide water for livestock, particularly in critical areas such as nomadic regions and drought-prone areas. (c) Make water available for industrial development. (d) Operate and maintain water supply and sewerage services on an efficient and sustainable basis, with effective management. (e) Ensure protection and conservation of resources and control pollution and wastage, as part of management policy. (f) Ensure sustainable resource development through the development of human resources at all levels, legislation and the regulatory framework, and other appropriate means of capacity building. (g) Promote stakeholders participation in the planning, design, implementation, rehabilitation, operation, and maintenance of water supply and sewerage schemes. The major stakeholders are the Federal and Regional executing institutions, the local communities, women, the private sector, and non-governmental organizations (NGOs). One of the goals of the Water Resources Development Program is to protect water resources from pollution through development and enforcement of appropriate mechanisms and standards. Finally, the WSDP analysis potential social and environmental impacts, defines a program of implementation and identifies financial requirements. The Water Sector Development Plan (WSDP) is a call for action addressed to the Federal and Regional Governments, the private sector, non-governmental organizations (NGOs), local communities and individuals, and international development partners of Ethiopia. The WSDP recommends an array of investments and measures, which emerged through an extensive consultative process, for each subsector and supporting program. These measures are outlined below as main elements of the implementation strategy. implementation of the Plan requires the involvement of the State, private sector and local communities. Establishment of following organs is proposed: a National Steering Committee (NSC); a Federal Program Management Unit (FPMU) at the Ministry of Water Resources; a Regional Program Management Units (RPMUs) at the Executive Council Office; a Sub-program Level Teams at the FPMU and RPMUs. ",pollution control; environmental impact assessment (EIA); integrated management; ecosystem conservation; water resources management; policy/planning; water supply; irrigation; potable water; governance; financing; sustainable development; hydropower generation; sustainable development; sustainable use; allocation/quota; basin/catchment/watershed; monitoring; transboundary waters; sewerage; public participation; freshwater pollution; pollution control; inland waters; renewable energy
LEX-FAOC172079,https://faolex.fao.org/docs/pdf/eth172079.pdf,Seed System Development Strategy.,,English,Cultivated plants,Agricultural & rural dev.; Food & nutrition; Cultivated plants,,,Ethiopia,,,Policy,,"The Seed System Development Strategy is a national strategy with a sectoral approach. The main objective of the Strategy is to develop the seed sector of the country in a comprehensive, environmentally  sustainable and socially equitable manner. The Strategy sets out that the increase in crop production will also contribute to food security because the strategy adopts a view which sets forth that ‘seed security’ and ‘food security’ is complementary. To develop the seed system and to increase crop production and productivity the Strategy will increase the utilization of seeds of improved varieties, with appropriate agronomic practices accompanied with other agricultural inputs. The Strategy sets forth that the farmers’ livelihoods will be improved by creating an innovative market-led multi-sector seed system and enabling all farmers, women, men, and youth, to access seed of improved varieties at the right quality, quantity, time, and price. To ensure a more inclusive and efficient seed system the Strategy will first of all include all the stakeholders at all stages of the making and implementing this strategy and will enable the stakeholders to coordinate their activities to be harmonious and comprehensive. Furthermore the roles and responsibilities among seed producers will be defined and enforced. The role of private sector in varietal development will be increased. Private sector producers  will be supported also to meet needs for commercially attractive crops. A production model which is combined of public and private seed enterprises will be adopted for the production of basic seeds whereas private sector will be encouraged to produce certified seeds for all crop categories. The breeding capacity of National Agricultural Research Institutions will be strengthened. Importance will be given to research and extension services and contractual agreements and effective pricing / marketing mechanisms between research and extension and seed producers will be developed. A direct seed marketing system will be supported. An autonomous regulatory entity at the federal level that will also be responsible for conducting varietal evaluation, release, registration, and PVP (Plant Variety Protection) will be established. Regulatory structures will be strengthened to improve quality control at distribution. Marketing agents will be enabled to assess seed demand through direct involvement and incentives. An open pricing mechanism will be implemented. The capacity of existing seed labs, regional, and federal regulatory bodies will be developed and existing federal and regional regulatory entities will be strengthened. Guidelines and standards will be provided to enforce internal quality control for all seed producers. The capacity of breeding institutions will be increased to produce higher quantities. Pre-breeding component of Ethiopia’s biodiversity conservation institute will be strengthened and increased use of indigenous germplasm in breed improvement programs will be promoted. Support will be given to the conservation of local genetic diversity by strengthening the capacity of community-based conservation institutes to reduce risk of genetic erosion. The Strategy sets up an efficient National Seed Emergency System that will effectively respond to natural and manmade disaster conditions by contributing to seed security. The Strategy will also strengthen farmers’ awareness in proper seed management methods and improve access to affordable implements. ",business/industry/corporations; certification; crops ; hazards; financial agricultural measures; fiscal and market measures; institution; policy/planning; public private partnership (PPP); research; rural employment; smallholders/peasants; standards; sustainable development; access and benefit-sharing; labour; governance; food security; business/industry/corporations; certification; crops ; hazards; institution; plant production; plant variety; seeds/planting material; public private partnership (PPP); research; rural employment; smallholders/peasants; standards; sustainable development; access and benefit-sharing; labour; governance
LEX-FAOC149708,https://faolex.fao.org/docs/pdf/eth149708.pdf,National Action Plan for Gender Equality (NAP-GE).,,English,Gender,Agricultural & rural dev.; Food & nutrition; Land & soil; Water,,,Ethiopia,,,Policy,,"The National Action Plan for Gender Equality (NAP-GE) is a sectoral national action plan in force for the period of 2006-2010. Its main goal is to contribute towards the attainment of equality between men and women, in social, political and economic development. The Action Plan aims to enhance women's and girls’ economic empowerment. For implementing this general objective the following specific objectives are contemplated: (1) promoting women’s participation in developing economic policies and managing the economy; (2) enhancing rural women’s equal access to and control over productive resources and services (land, oxen, extension, credit) in order to make them food secure and come out of the poverty trap; (3) improving the lives of pastoral women; (4) enhancing urban women's and disabled women’s access to and control over economic resources and services (land, credit, employment, training); (5) reducing women’s workload; and (6) providing special social and economic safety and security to poor urban and rural as well as disabled women. Among the specific objectives noted above, the objective two could be singled out. It provides for the following activities: (1) improving property right laws with more security, flexibility and transferability; (2) identifying, developing, and disseminating technologies that meet the special needs of women and contribute to reducing their poverty; (3) developing alternative livelihoods for poor and disabled women so that they get dependable income sources and are less susceptible to economic shocks; (4) providing poor women and women with disabilities with access to savings and credit mechanisms and institutions; (5) applying special considerations to enable poor women farmers’ access to extension services, increasing women extension workers, and promoting multi-package extension program responsive to area-specific production needs of rural poor women; and (6) establishing/strengthening micro-enterprises, new small businesses, cooperative enterprises, and other institutions that enhance women’s economic empowerment. For the implementation of objective three above i.e. improving the lives of pastoral women, the following activities are included in the Action Plan: undertake thorough study on the conditions of women in pastoral areas; improve pastoralist women’s access to and control over resources (cattle, cash, and other assets); develop special service packages for pastoral women (extension, education and training, health, credit, and others); and develop projects to reduce workload of pastoral women. Finally, under objective four above, these activities will be carried out: develop gender-sensitive policies and measures to empower women in technical, managerial and entrepreneurial fields; provide poor women and women with disability with entrepreneurial potentials, with access to savings and credit services; provide business services, training and access to markets, information and technology, to poor women; and review/amend laws and procedures governing operations of financial institutions to ensure provision of services to women and men on equal basis. Additionally, the Action Plan envisages a general objective to enhance the role and benefits of women in environmental management and protection. This is broken down into the following specific objectives: (1) promote women’s participation and empowerment at all levels;  (2) increase women’s access to information, improved technology, and alternative livelihoods; (3) create strong institutions and institutional mechanisms that guide and support efforts to address gender and environment issues; (4) ensure adequate housing conditions, access to potable water, improved sanitation and fuel to urban and rural women; and (5) develop and implement guidelines on environmental management and women in pastoral areas. ",gender; rural employment; social protection; sustainable development; poverty; agricultural extension; research; capacity building; financial agricultural measures; fiscal and market measures; agricultural commodities; subsidy/incentive; internal trade; international trade; business/industry/corporations; sustainable use; agricultural development; labour; food security; gender; land tenure; land reform; land consolidation; water supply
LEX-FAOC150497,https://faolex.fao.org/docs/pdf/eth150497.pdf,Revised Amhara National Regional State Rural Land Administration and Use Proclamation (No. 133/2006).,2006-05-29,English,Land & soil,Agricultural & rural dev.; Environment; Land & soil,,chilot.files.wordpress.com,Ethiopia,,Amhara,Legislation,,"This Proclamation provides for rural land management and rights and use of rural land in Amhara National Region. It shall in principle apply to all rural lands but provisions of special laws (relating to forestry, wildlife protection, bio-diversity resources, natural resource and environmental protection, mines developments etc.) shall continue to apply) The Proclamation concerns, among other things; the right to hold land; the right to acquire land; land re-distribution; land use; transfer of a landholding right; obligations of the land user; measurement of land and certification and registration of landholding rights; expropriation of land for public use; dispute resolution. The right to ownership of land is vested in the state and the public. It shall be impossible to transfer the land holding to other in sale or in exchange by another property. Any farmer residing in the region shall, despite gender or any other reasons of deference, have equal right to get land in holding. The system of land administration shall be based on public participation and land use (planning) shall take into account environmental considerations. ",irrigation; sustainable development; basic legislation; land reform; land tenure; agricultural land; ownership; land-use planning; dispute settlement; smallholders/peasants; gender; expropriation; property rights
LEX-FAOC150502,https://faolex.fao.org/docs/pdf/eth150502.pdf,Amhara National Regional State Executive Organs Re-establishment and Determination of their Powers and Duties Proclamation No. 176/2010.,2010-01-14,English,Agricultural & rural development,Agricultural & rural dev.; Environment; Land & soil; Water; Wild species & ecosystems,,chilot.files.wordpress.com,Ethiopia,,Amhara,Legislation,,"This Proclamation of the Council of the Amhara National Region provides for the organization, powers and duties of the executive organs of the Amhara National Region with the principle of gender equality. It, among other things: defines powers and duties of the Head of Government, the Deputy Head of Government, and the membership of the  Council of the Regional Government; establishes various Bureaus of government including an Agriculture Bureau, an Environmental Protection, Rural Land Administration and Use Bureau, the Bureau of Culture, Tourism and Parks’ Development, and a Water Resource Development Bureau; defines specific powers and duties of these Bureaus; stipulates which executive bodies shall be accountable to the various Bureaus; provides in general with respect to the administration of the Amhara National Region. ",agricultural development; institution; governance; gender; institution; governance; institution; governance; institution; governance; institution; governance
LEX-FAOC150505,https://faolex.fao.org/docs/pdf/eth150505.pdf,Amhara National Regional State Urban and Rural Drinking Water Supply and Sewerage Services Organizing Proclamation Executive Council of Regional Government Regulation (No. 34/2005).,2005-06-02,English,Water,Water,,chilot.files.wordpress.com,Ethiopia,,Amhara,Regulation,Y,"This Regulation of the council of the Amhara Regional Government, made in accordance with the powers vested in it under the provisions of art. 34 of the Urban and Rural drinking Water Supply and Sewerage Services Reorganization Proclamation No. 82/2003, provide with respect to water supply and sewerage services. The only organ authorized to provide safe drinking water to urban dwellers, in accordance with the proclamation and this Regulation, shall be a  Water Supply and Sewerage Service. Water shall be controlled and supplied as provide for in this Regulation. Any drinking Water Supply and Sewerage Service may, in consultation with the appropriate bodies, enclose a water point within the limit of a certain radius so as to protect the water from possible contamination thereof. A drinking Water Supply and Sewerage Service may outsource activities. The Regulation also makes provision with respect to, among other things: waterworks; classification and organization of urban and rural drinking water supply and sewerage services; representation of water-user communities on the managing board of the drinking water supply and sewerage service; transparency of service delivery; preventing wastage of water; provisions of sewage disposal services; potable water supply and quality standard. ",water supply; potable water; waterworks; sewerage; water quality standards; freshwater pollution; pollution control; standards
LEX-FAOC150513,https://faolex.fao.org/docs/pdf/eth150513.pdf,"Amhara National Regional State Rural Land Administration and Use System Implementation, Council of Regional Government Regulation (No. 51/2007).",2007-05-11,English,Land & soil,Agricultural & rural dev.; Land & soil; Water,,chilot.files.wordpress.com,Ethiopia,,Amhara,Regulation,,"This Regulation of the council of the Amhara Regional Government, made  in accordance with the powers vested in it under the provisions of Art. 58 sub-art.7 of the revised Regional constitution and Art. 33 sub-art. 1 of the revised Rural Land Administration and use Determination Proclamation No. 133/2006, concerns, among other things: acquisition of land for agricultural use and relative rights; redistribution of land; land size ceilings; exchange of land; land utilization; land consolidation; transfer of land-related rights; obligations of persons who have acquired rural land holding or use rights; duties and responsibilities of hierarchical lower rural land administration and use bodies; conditions of expropriating rural land holding for public service and disbursing of compensation for property; public participation. The Regulation shall have specific objectives, including: a) to create favorable conditions enabling the land administration system to promote long-lasting agricultural product and productivity of the regional state by causing the full implementation of the rights and obligations pertaining to the rural land holders as are stipulated under the Proclamation; b) to put in place a land use system instrumental for the preservation of the soil fertility as well as environment safety; c) to realize an equitable land administration system in the regional state by devising a mechanism of documentation incorporating each and every land holder and the overall nature of the holding so occupied. ",agricultural development; farming; basic legislation; land reform; land tenure; agricultural land; ownership; land-use planning; dispute settlement; institution; smallholders/peasants; land consolidation; lease; contracts; governance; property rights; water rights
LEX-FAOC150519,https://faolex.fao.org/docs/pdf/eth150519.pdf,"Amhara National Regional State Amhara Seed Enterprise Establishment, Council of the Regional Government Regulation (No. 66/2009).",2009-06-05,English,Cultivated plants,Cultivated plants,,chilot.files.wordpress.com,Ethiopia,,Amhara,Regulation,,"This Proclamation establishes the Amhara Seed Enterprise as an autonomous part of government enterprise and defines is functions and powers. The Enterprise shall, among other things: produce and supply breeder seed (cereal seed which is new, obtained through research and multiplied by following-up of agricultural research), certified and other seed; provide farmers with cereal and forage seeds which are necessary and favorable to various climate-zones and import such seeds; promote seed technology. The Enterprise shall also establish, at a charge base, various services including seed quality testing in laboratories. The Enterprise shall be managed by a Board and a Chief Manager. ",agricultural development; institution; plant production; seeds/planting material; certification; plant variety; governance
LEX-FAOC150705,https://faolex.fao.org/docs/pdf/eth150705.pdf,Rural land Use Payment and Agricultural Activities Income Tax Amendment Proclamation (No. 99/2005).,2006-09-06,English,Agricultural & rural development; Land & soil,Agricultural & rural dev.; Forestry; Land & soil,,www.chilot.me,Ethiopia,,Oromia,Legislation,,"This Proclamation concerns rural land use payment payable by farmers, investors and enterprises for rural land used for agricultural activities and tax payable by farmers on income from agricultural activities in the Oromia Region. Rural land use payment shall be paid for all rural land owned legally. Any rural land held for agricultural activities by a farmer whether cultivated or not is subjected to rural land use payment except for damages beyond his or her control. Persons liable to pay rural land use payment shall be notified to the Revenue Bureau and the Bureau shall register and maintain record this information. An appeal committee shall be established at each Woreda. A government organization or non-government organization or a private investor who develops forest upon directives of the Oromia Investment Commission shall be exempted from rural land use payment. ",agricultural development; taxes ; institution; fiscal and market measures; governance; taxes ; fiscal and market measures; land tenure; agricultural land; smallholders/peasants
LEX-FAOC150706,https://faolex.fao.org/docs/pdf/eth150706.pdf,Revised rural land use payment and agricultural income tax proclamation No. 131/2007 issued to amend the previous proclamation No.99/2005 (131/2007).,2007-07-29,English,Agricultural & rural development,Agricultural & rural dev.,,www.chilot.me,Ethiopia,,,Legislation,,"This Proclamation amends the Rural Land Use Payment and Agricultural Income Tax Proclamation No 99/2005 by adding definition of Tourism and industry land”, “Mining Field”, and “Pastoralist” and provisions concerning the duty of the Pastoralists Commission to inform the name and quantity of livestock of each pastoralist to the Bureau of Revenue”. It also amends provisions concerning, among other things: also rate of farmers rural land use payment and agricultural income tax and in particular farmers who produce using rain and irrigation shall pay as per the following table, rural land use payment exemption, the Tax Appeal Committee, duty to cooperate with the Revenue Bureau for the implementation of this Proclamation. ",taxes ; smallholders/peasants; fiscal and market measures
LEX-FAOC150777,https://faolex.fao.org/docs/pdf/eth150777.pdf,Bale Forest Enterprise Establishment Regulation (No. 88/2007).,2007-06-29,English,Forestry,Forestry; Wild species & ecosystems,,www.chilot.me,Ethiopia,,Oromia,Regulation,,"This Regulation, based on Article 49(1) of Proclamation No 87/2005 and Proclamation No. 16/1997, establishes the Bale Forest Enterprise as an autonomous public enterprise and defines its objectives, functions and powers. The Enterprise shall be accountable to the Oromia Regional Forest Enterprises Supervising Agency. The Enterprise shall have the following objectives: to sustainable manage and develop forest resources in its concession area; to ensure sustainable management of biodiversity conservation; to contribute to socio-economic conditions of the local community. Among its duties, there are development of a management plan and development of wildlife resources. The Regulation also describes the concession area and provides with respect to the administration of the Enterprise. ",forest management/forest conservation; institution; policy/planning; timber extraction/logging; biodiversity; governance; management/conservation
LEX-FAOC150778,https://faolex.fao.org/docs/pdf/eth150778.pdf,Oromia Regional State Forest Enterprises Supervising Agency Establishment Regulation (No. 84/2007).,2007-06-29,English,Forestry,Forestry,,www.chilot.me,Ethiopia,,Oromia,Regulation,,"This Regulation, based on Article 49(1) of Proclamation No 87/2005, establishes the Oromia Regional State Forest Enterprises Supervision Agency as an autonomous body having its own legal personality. The Agency shall be accountable to the Oromia Regional Government Executive Council. The Agency shall have as its principal objective to oversee and supervise the management of state forest enterprises operating in State forests. It shall also, among other things, provide support to  enterprises and rural development activities in and around the forest areas and shall implement the regional state forest conservation policy. The Regulations also provides with respect to administration of the Agency and utilization of financial resources of the Forest Fund. ",forestry protection measures; institution; policy/planning; public forest; forest management/forest conservation; governance
LEX-FAOC150872,https://faolex.fao.org/docs/pdf/eth150872.pdf,Oromia Bureau of Land and Environmental Protection Establishment Proclamation (No. 147 of 2009).,2009-03-05,English,Environment; Land & soil,Environment; Land & soil; Water; Wild species & ecosystems,,,Ethiopia,,Oromia,Legislation,,"This Proclamation establishes the Oromia Bureau of Land and Environmental Protection and defines its objectives, functions and powers. The Bureau shall, among other things: formulate polices and strategies pertinent to land and environmental protection; administer the land resources of the Oromia Region; ascertain land rights and approve land transactions; provide with respect to land use planning; carry out cadastral survey and register land holdings, prepares land holding certificate and issues to the legal land holders; register and approve transaction agreement of land holding and use right; provide for compensation in case of expropriation; carry out supervision on environment impact assessment; regulate the disposal of different pollutants and waste materials; regulate and monitor any damaging effects on natural resources including habitats and wildlife; in collaboration with concerned bodies issues or cause to be issued trading; hunting; farming licenses and render technical support to persons who deal in forest and wild life products. ",institution; environmental planning; environmental impact assessment (EIA); policy/planning; governance; institution; land-use planning; cadastre/land registration; governance; water resources management; sustainable development; management/conservation; protection of habitats; biodiversity
LEX-FAOC224416,https://faolex.fao.org/docs/pdf/eth224416.pdf,Ethiopia’s Climate-Resilient Green Economy - Green economy strategy.,,English,National development; Climate change,Agricultural & rural dev.; Livestock; Energy; Environment; Food & nutrition; Forestry; Land & soil; Wild species & ecosystems,,https://www.epa.gov.et/,Ethiopia,,,Policy,,"The Ethiopia’s Climate-Resilient Green Economy (CRGE) - Green Economy Strategy (2011) summarises the findings of the CRGE initiative, and particularly focuses on outlining the plan to develop a green economy. The document does not cover climate resilience, which will be added over the coming months. This Strategy is based on four pillars: 1. Improving crop and livestock production practices for higher food security and farmer income while reducing emissions; 2. Protecting and re-establishing forests for their economic and ecosystem services, including as carbon stocks; 3. Expanding electricity generation from renewable sources of energy for domestic and regional markets; 4. Leapfrogging to modern and energy-efficient technologies in transport, industrial sectors, and buildings. The following initiatives have been prioritized to limit the soil-based emissions from agriculture and limit the pressure on forests from the expansion of land under cultivation: Intensify agriculture through usage of improved inputs and better residue management resulting in a decreased requirement for additional agricultural land that would primarily be taken from forests; Create new agricultural land in degraded areas through small-, medium-, and large-scale irrigation to reduce the pressure on forests if expansion of the cultivated area becomes necessary; Introduce lower-emission agricultural techniques, ranging from the use of carbon- and nitrogen-efficient crop cultivars to the promotion of organic fertilizers. To increase the productivity and resource efficiency of the Livestock sector, the following initiatives have been prioritised: Increase animal value chain efficiency to improve productivity; Support consumption of lower-emitting sources of protein, e.g., poultry; Mechanise draft power; Manage rangeland to increase its carbon content and improve the productivity of the land.  Two strategies that could help to develop sustainable forestry and reduce fuelwood demand: Reduce demand for fuelwood via the dissemination and usage of fuel-efficient stoves and/or alternative-fuel cooking and baking techniques leading to reduced forest degradation; Increase afforestation, reforestation, and forest management to increase carbon sequestration in forests and woodlands ",equipment; agricultural development; food security; irrigation; agricultural land; fertilizers/nutrients; ecological production/organic production; animal production; crops ; farming; labour; animal production; processing/handling; climate change; sustainable development; early warning system; hazards; risk assessment/management; land-use planning; green economy; food security; meat; afforestation/reforestation; forest management/forest conservation; fuelwood; biotechnology; soil rehabilitation; ecosystem conservation; energy conservation/energy production; innovation; renewable energy
LEX-FAOC152191,https://faolex.fao.org/docs/pdf/eth152191.pdf,Control of Ozone Layer Depleting Substances Proclamation (No. 716/2011).,2011-11-04,English,Environment,Air & atmosphere; Waste & hazardous substances,,,Ethiopia,,,Legislation,,"This Proclamation provides with respect to a system for licensing the import and export of controlled substances as required by the Montreal Protocol, to which Ethiopia is a party. Controlled substances are listed in the Annexes to the Protocol. The importation of any ozone-depleting substance is prohibited after the laps of the phase-out date stated in the schedule attached to this Proclamation. The Environmental Protection Authority may waive the prohibition where a reliable evidence is submitted to prove that the transaction has been initiated prior to the coming into force of this Proclamation or the substance is needed to run, repair or service an appliance that has not yet outlived its useful life. Without having authorization from the Authority, no person may establish, run or expand an enterprise with operations likely to increase the consumption of ozone depleting substances. The Proclamation furthermore specifies powers and duties of the Authority and requires federal or regional government organ empowered by law to issue business license or to control imports (licensing authorities) to 'refuse, grant, renew, suspend or cancel trade licenses in tandem with the decision of the Authority to refuse, grant, renew, suspend or cancel authorization'. ",climate change; ozone layer; air quality/air pollution; international agreement-implementation; pollution control; hazardous substances; international trade; authorization/permit
LEX-FAOC152766,https://faolex.fao.org/docs/pdf/eth152766.pdf,Afar National Regional State Rural Lands Administration and Use Proclamation No. 49/2009.,2009-07-16,English,Land & soil,Agricultural & rural dev.; Livestock; Environment; Forestry; Land & soil; Water,,chilot.files.wordpress.com,Ethiopia,,Afar,Legislation,,"This Proclamation of the Afar National Regional State establishes a rural land administration system that is suitable for natural resource management and protection and that incentivizes investment within the traditional clan-based communal land tenure system. Laws that pertain to lands designated as forest lands, wildlife sanctuaries, biodiversity protected lands, environmental and natural resource conservation and preservation areas shall not be affected by this Proclamation. The Proclamation, among other things: provides for survey, registration, certification etc. of the rural land use rights of pastoralists and provides for dispute resolution in respect of such rights; provides registration etc. of land use rights of agro-pastoralists; provides with respect to transfer of rights in rural lands; provides for rural land allocation and redistribution; defines duties and obligations of rural land holders and land use restrictions; requires the competent authority to develop a guiding master land use plan for land use with particular attention to water resource management; requires an equitable water use system to be established between upper and lower riparian communities; places restriction on free grazing on rural land where soil and water conservation measures have been undertaken; prohibit farming and free grazing on land the slope of which is more than 60 percent and requires trees to be planted on such land; ensure payment of fair and equitable compensation in case of expropriation of land of agro-pastoralists; provides for the rehabilitation of degraded communal land. ",agricultural development; smallholders/peasants; pastoralism; traditional rights/customary rights; irrigation; animal production; agro-forestry; grazing; pastoralism; traditional rights/customary rights; animal production; ecosystem conservation; soil conservation/soil improvement; soil rehabilitation; erosion; traditional rights/customary rights; forestry protection measures; afforestation/reforestation; pastoralism; forest management/forest conservation; traditional rights/customary rights; basic legislation; land reform; land tenure; agricultural land; ownership; land-use planning; dispute settlement; smallholders/peasants; gender; expropriation; liability/compensation; range; traditional rights/customary rights; pastoralism; property rights; water conservation zone; basin/catchment/watershed; sustainable development; water rights; traditional rights/customary rights; inland waters; water resources management
LEX-FAOC153469,https://faolex.fao.org/docs/pdf/eth153469.pdf,Urban Local Government Proclamation of the Oromia National Regional State No. 65/2003.,2003-03-09,English,Land & soil; Water,Agricultural & rural dev.; Environment; Food & nutrition; Land & soil; Water,,www.chilot.me,Ethiopia,,Oromia,Legislation,,"This Proclamation defines the proper organization, power and functions of incorporated cities in Oromia Regional State. Municipal Service includes water and sewerage service. A community of residents which meets the requirements for incorporation through its representatives apply to the Regional Executive Councillor to the body that it designates for a city status. A Municipal Council shall be responsible for, among other things, land planning and development and food and drugs inspection. City courts shall have exclusive jurisdiction over, among other things, environmental sanitation. ",agricultural development; institution; governance; sustainable development; inspection; food safety and quality; land tenure; agricultural land; land-use planning; urban land; waterworks; water supply; sewerage
LEX-FAOC154260,https://faolex.fao.org/docs/pdf/eth154260.pdf,"Southern, Nations, Nationalities and Peoples Regional State Food Security and Pastoral Development Coordination Office Establishment Proclamation (No. 33/2001)",2001-04-23,English,Food & nutrition; National development,Agricultural & rural dev.; Food & nutrition,,www.abyssinialaw.com,Ethiopia,,Southern Nations Nationalities and Peoples' Region,Legislation,,"This Proclamation establishes the Food Security and Pastoral Development Coordination Office of the Southern, Nations, Nationalities and Peoples Regional State and provides with respect to its functions and powers, administration and internal organization. The Office shall have the following objectives: cause the preparation and implementation of projects and programmes that are crucial to develop food security in a sustainable manner; prepare and implement integrated development projects and programmes for pastoral areas (defined) by understanding their potential. ",sustainable development; agricultural development; institution; policy/planning; pastoralism; animal production; governance; institution; food security; policy/planning; governance
LEX-FAOC154261,https://faolex.fao.org/docs/pdf/eth154261.pdf,"Definition of Powers and Duties of Executive Organs of the Southern, Nations, Nationalities and Peoples Regional State Proclamation (No. 3/1995).",,English,General,Agricultural & rural dev.; Environment; Water,,www.abyssinialaw.com,Ethiopia,,"Southern Nations, Nationalities, and Peoples' Region",Legislation,,"This Proclamation concerns the Government of the Southern, Nations, Nationalities and Peoples Regional State. It establishes various Bureaus and Offices (e.g. the Agricultural Bureau, the Water, Mines and Energy Resources Development Bureau and the Disaster Prevention and Preparedness Office) and sets out the powers and duties of each such Bureau or Office. ",agricultural development; institution; governance; hazards; institution; governance
LEX-FAOC154262,https://faolex.fao.org/docs/pdf/eth154262.pdf,"Southern, Nations, Nationalities and Peoples Regional State Cooperative Office Establishment Proclamation (No. 14/1997).",1997-07-17,English,Private sector & entrepreneurship; General,Agricultural & rural dev.,,www.abyssinialaw.com,Ethiopia,,"Southern Nations, Nationalities, and Peoples' Region",Legislation,,"This Proclamation establishes the  Regional State Cooperative Office of the Southern, Nations, Nationalities and Peoples Regional State as an autonomous government office and provides with respect to its functions and powers, administration and internal organization. The office shall have ample powers to protect, develop, control and support cooperatives and shall arbitrate in conflicts arising between cooperative societies. It may also prepare model by-laws and issue directives. ",agricultural development; institution; cooperative/producer organization; governance
LEX-FAOC154263,https://faolex.fao.org/docs/pdf/eth154263.pdf,"Southern, Nations, Nationalities and Peoples Regional State Agricultural Research Institute  Proclamation (No. 37/2001).",2001-11-12,English,Agricultural & rural development,Agricultural & rural dev.,,www.abyssinialaw.com,Ethiopia,,"Southern Nations, Nationalities, and Peoples' Region",Legislation,,"This Proclamation establishes the Agricultural Research Institute of the Southern, Nations, Nationalities and Peoples Regional State and provides with respect to its functions and powers, administration and internal organization. The Institute shall be accountable to the Regional Agricultural Research Board and the Regional Rural Development Coordination Bureau. The principal duty of the Institute is to develop and adapt agricultural technologies. It shall also, among other things, formulate an agricultural research strategy. The Institute shall be managed by an Agricultural Research Board and a Director-General. ",institution; research; policy/planning; capacity building; agricultural development; governance
LEX-FAOC154264,https://faolex.fao.org/docs/pdf/eth154264.pdf,"Amhara National Regional State the Bakusa National Park Boundary Demarcation and Administrative Determination, Council of Regional Government Regulation (No. 96/2012).",2012-06-08,Amharic; English,Wild species & ecosystems,Wild species & ecosystems,,www.abyssinialaw.com,Ethiopia,,Amhara,Regulation,,"This Regulation of the Council of the Amhara Regional Government establishes the Bakusa National Park and provides with respect to its demarcation and boundaries. The main objective of the delimitation of the park is to protect it from harm and conserve the biodiversity resources with participation of the community and in such a way that it will contribute to the local economy in a sustainable manner. The Regional Culture, Tourism and Parks Development Bureau shall administer the park. Activities that shall be prohibited in the park include hunting, collecting of plants, grazing and agriculture. ",ecosystem conservation; biodiversity; management/conservation; protected area; national parks; institution; community management; offences/penalties; public participation; use restrictions; governance
LEX-FAOC154265,https://faolex.fao.org/docs/pdf/eth154265.pdf,"Revised Urban and Rural Potable Water Supply and Sewerage Services’ Reorganizing Proclamation Implementation, Council of Regional Government Regulation (No. 94/2012).",2012-05-18,English,Water,Water,,www.abyssinialaw.com,Ethiopia,,Amhara,Regulation,,This Regulation of the Council of Regional Government provides with respect to potable water supply and sewerage services in the Amhara Region. It is designed to achieve the millennium development goal in the water sector by putting in place a wider coverage of potable water supply and sewerage disposal system as well as by designing an information mechanism encompassing the water utilization of each and every water customer and the general nature of utilization thereof. The Regulation introduces a system of grading of water supply and sewerage services and provides with respect to composition and duties of the Management Board to be established within the organization of the Office of Urban Potable Water Supply and Sewerage Services. The Regulations also provides rules with respect to provision of water supply and sewerage services by Urban Potable Water Supply and Sewerage Services. Some provisions also concern contamination of water and water quality standards. ,water supply; sewerage; waterworks; freshwater pollution; institution; offences/penalties; pollution control; governance
LEX-FAOC216425,https://faolex.fao.org/docs/pdf/eth216425.pdf,National Implementation Plan for the Stockholm Convention.,,English,Environment,Air & atmosphere; Waste & hazardous substances,,http://chm.pops.int/,Ethiopia,,,Policy,,"The National Implementation Plan for the Stockholm Convention (2006) (NIP) has as overall national goal to protect human health and environment from the harmful effects of POPs chemicals in Ethiopia. The specific policy objectives of the NIP are the following: Develop national legislation to regulate, control, reduce and eventually eliminate the import, use and production of POPs chemicals in the country; Establish appropriate institutional mechanisms to regulate the impact of POPs on human health and the environment and strengthen enforcement capacity of such institutions; Strengthen national capacity and infrastructure to enable the country to adequately address the requirements of the Stockholm Convention and the implementation of the NIP; Identify and promote the application of best available techniques (BATs) and best environmental practices (BEPs) to enable the reduction and eventual elimination of POPs chemicals particularly from unintentional sources; Promote the establishment of research and development centers in order to search for alternatives to the use of POPs chemicals and to address their effects on human health and the environment; Create public awareness on the requirements of the Stockholm Convention and ensure the participation of the public in addressing the adverse impacts of POPs chemicals; Establish appropriate mechanism for adequate data collection, exchange and dissemination and information management system for POPs chemicals. The national POPs priorities for Ethiopia are: 1) Strengthening Human and Institutional Capacity for the Management of POPs; 2) Developing Capacity and Capability for the Identification, Analysis, Research and Monitoring of POPs; 3) Conducting Risk Assessment of POPs on Human Health and the Environment; 4) Development of Information and Communication System for the Management of POPs; 5) Undertaking safe and environmentally sound treatment and disposal of pops and pops-laden equipment and remediation of contaminated sites. ",climate change; access-to-information; air quality/air pollution; early warning system; emissions; hazardous substances; hazardous waste; institution; monitoring; pollution control; research; risk assessment/management; public health; governance; waste disposal; waste management
LEX-FAOC158196,https://faolex.fao.org/docs/pdf/eth158196.pdf; https://faolex.fao.org/docs/pdf/eth158196a.pdf,Ethiopian Water Resources Management Policy.,,English,Water,Environment; Water,,www.mfa.gov.et; www.cmpethiopia.org,Ethiopia,,,Policy,,"This Water Resources Management Policy of Ethiopia aims at enhancing the development of the country's water resources to make an optimum contribution to an accelerated socio-economic growth. The overall goal of the Policy is to enhance and promote all national efforts towards the efficient, equitable and optimum utilization of the available Water Resources of Ethiopia for significant socioeconomic development on sustainable basis. Its objectives are: Development of the water resources of the country for economic and social benefits of the people, on equitable and sustainable basis; allocation and apportionment of water, based on comprehensive and integrated plans and optimum allocation principles that incorporate efficiency of use, equity of access, and sustainability of the resource; managing and combating drought and floods; conserving, protecting and enhancing water resources and the overall aquatic environment on sustainable basis. The Policy deals with general issues of water resources management and conservation, cross-cutting issues (also affecting the environment, groundwater, transboundary waters, gender, institutional framework, capacity building and disaster management) and sectoral issues such as water supply and sanitation, irrigation and hydropower. Fundamental principles of the Policy include, amongst others: access by every Ethiopian to sufficient water of acceptable quality, to satisfy basic human need; water resources development shall be underpinned on rural-centered, decentralized management, participatory approach as well as integrated framework; promotion of the participation of all stakeholders, user communities; particularly women's participation in the relevant aspects of water resources management. Environment, Watershed Management, Water Resources Protection and Conservation requires water resources management to incorporate environment conservation and protection requirements as integral parts of water resources management. Environment Impact Assessment and protection requirements shall serve as part of the major criteria in all water resources projects. The overall objective of water supply and sanitation policy is to enhance the well-being and productivity of the Ethiopian people through provision of adequate, reliable and clean water supply and sanitation services and to foster its tangible contribution to the economy by providing water supply services that meet the livestock, industry and other water users' demands. The Policy sets out also detailed objectives of the water supply and sanitation policy and sets out policy measures for supply of drinking water and livestock water supply. The overall objective of irrigation policy is to develop the huge irrigated agriculture potential for the production of food crops and raw materials needed for agro industries, on efficient, and sustainable basis and without degrading the fertility of the production fields and water resources base. The Policy requires the promotion of full and meaningful participation of individual farmers, cooperatives and all other stakeholders in all phases of the planning, studies, implementation and operation and maintenance of small, medium and large scale irrigation farms. ",pollution control; environmental impact assessment (EIA); integrated management; indigenous peoples; water resources management; policy/planning; water supply; irrigation; potable water; governance; financing; sustainable development; hydropower generation; sustainable development; sustainable use; allocation/quota; basin/catchment/watershed; monitoring; transboundary waters; sewerage; public participation; indigenous peoples; inland waters; renewable energy
LEX-FAOC160766,https://faolex.fao.org/docs/pdf/eth160766.pdf,Proclamation to provide for the ratification of the Nagoya Protocol on Access to Genetic Resources and Fair and Equitable Sharing of Benefits Arising From Their Utilization (No. 753/2012).,2012-07-27,English,Wild species & ecosystems,Livestock; Cultivated plants; Wild species & ecosystems,,,Ethiopia,,,Legislation,,"This Proclamation President of the Federal Democratic Republic of Ethiopia ratifies the Nagoya Protocol on Access to Genetic Resources and the Fair and Equitable Sharing of the Benefits Arising from their Utilization and grants power to the Institute of Biodiversity Conservation to take, in collaboration with the appropriate federal, regional and city administration government organs, all acts necessary for the implementation of the Protocol. ",genetic resources; international agreement-implementation; traditional knowledge/indigenous knowledge; access and benefit-sharing; biodiversity; seeds/planting material; genetic resources; breeders' rights; traditional knowledge/indigenous knowledge; international agreement-implementation; access and benefit-sharing; biodiversity; plant production; intellectual property rights; plant variety; access and benefit-sharing; management/conservation; genetic resources; PIC-prior informed consent; ratification
LEX-FAOC163033,https://faolex.fao.org/docs/pdf/eth163033.pdf,Ethiopia’s National Biodiversity Strategy and Action Plan 2015-2020.,,English,Wild species & ecosystems,Agricultural & rural dev.; Food & nutrition; Wild species & ecosystems,,,Ethiopia,,,Policy,,"Ethiopia’s National Biodiversity Strategy and Action Plan 2015-2020 (Plan) is the continuation of the 2005-2010 plan. The Plan provides the vision, mission and guiding principles of the Plan and outlines the national biodiversity targets of Ethiopia. The plan will be implemented for the 2015-2020 and it’s a multi-sectoral plan with national coverage. The vision of the Plan is that by 2050, Ethiopia’s biodiversity and ecosystems are conserved and sustainably utilized by all sectors providing food security and contributing to poverty eradication and improved quality of life of the Ethiopian people. The Plan will seek that awareness of public and decision makers on the values of biodiversity and ecosystem services is raised, and the steps they can take to conserve and use them sustainably in improved; the existing biodiversity related laws, regulations and strategies, including those associated with incentives are reviewed and gaps are addressed; habitat conversion due to expansion of agricultural land is halved from the existing rate; unsustainable utilization of biodiversity and ecosystem services are reduced; the area invaded by invasive species is reduced and measure are in place to regulate and monitor invasive species; are coverage of ecologically repetitive and effectively manage protected areas is increased; ex situ and in situ conservation are increased and their standards improved; stakeholders’ integration, including the participation of local communities in biodiversity conservation and sustainable utilization, is strengthened; national biodiversity information system is strengthened, information dissemination strategy is devised and Clearing House Mechanism is updated; knowledge and innovations related to biodiversity values, ecosystem functioning, status and trends, and the consequences of its loss are generated, reviewed, compiled and applied; community knowledge, innovations and practices of local communities related to biodiversity are documented; and mobilization of financial resources is increased substantially. The Plan will seek that biodiversity values and ecosystem services are communicated and integrated into national and local development and poverty reduction strategies and plans. The Plan will seek that the number of genetic materials accessed for research and development, and fair and equitable sharing of benefits arising from their use are increased; women’s access to and control over biodiversity resources and ecosystem services are improved; and the benefits of biodiversity are increased The Plan will seek that the contribution of biodiversity and ecosystem services, including climate change adaptation and mitigation, is improved through increasing forest coverage, increased designated total area of wetlands and doubling the area of restored degraded lands. The Ethiopian Biodiversity Institute will take over the overall responsibility of coordinating the implementation of the Plan. It will facilitate the establishment of the National Biodiversity Technical Committee and the National Biodiversity Council. ",sustainable development; sustainable use; agricultural land; poverty; institution; genetic resources; abandoned land/unoccupied land; gender; access and benefit-sharing; governance; food security; biodiversity; ecosystem conservation; sustainable use; protected area; management/conservation; wetlands; climate change; gender; research; institution; genetic resources; access and benefit-sharing; governance
LEX-FAOC163034,https://faolex.fao.org/docs/pdf/eth163034.pdf,National Employment Policy and Strategy of Ethiopia.,,English,Employment,Agricultural & rural dev.; Livestock; Food & nutrition,,,Ethiopia,,,Policy,,"The National Employment Policy and Strategy of Ethiopia (Policy and Strategy) is a sectoral policy and strategy with a national coverage that entered into force in 2009. The objectives of the Policy and Strategy have three important dimensions: enhancing social welfare, accelerating economic growth, and achieving political stability. The Policy and Strategy will intensify smallholder agriculture and promotion of diversified and integrated farming of crops and livestock, crops and forestry, food and cash crops, irrigation and aquaculture, and traditional and non-traditional crops to fight hunger food insecurity and malnutrition, as well as to ensure decent wages for the poor to access food. The Policy and Strategy has an economic objective of accelerating and sustaining growth and development through proper utilization of the country’s labor force in a productive manger as the most important resource of the country, including for the agriculture, forestry and fisheries sectors. In particular, the Policy and Strategy will put in place strategies for raising agricultural labor productivity, including development and implementation of a special scheme to disseminate high yielding seed varieties on a sustainable basis; implementation of support measures aimed a lowering the cost of input and irrigation; adoption of pluralistic system in agricultural extension, business advisory services and raining; and reviewing the land certification scheme with the objective of strengthening the incentives to invest on land. The primary objective of the Policy and Strategy is to provide guidelines for streamlining productive employment and decent working conditions in the country and there by promote social welfare and equity through poverty reduction, including in rural areas. In addition, the Policy and Strategy will seek to raise agricultural labor productivity by inducing technological transformation, efficacy and intensification; improving economic incentives; enhancing infrastructure and institutional development, providing land tenure security; and promoting non-farm activities. The Policy and Strategy will take urgent measures to strengthen inclusive institutions to give more protection, voice and support to smallholder farmers; promote the use of indigenous knowledge; intensify efforts to promote productive employment by supporting cash crop production; improve the productivity of the pastoral community; promote productive employment in livestock husbandry and poultry; and enhance support to the urban and peri-urban agriculture. The Policy and Strategy provides an institutional framework for its implementation, as well as for the National Employment Council. In addition, a monitoring and evaluation approached is provided. ",traditional knowledge/indigenous knowledge; urban and peri-urban agriculture; subsidy/incentive; smallholders/peasants; farming; agricultural development; social protection; poverty; crops ; rural employment; equity; business/industry/corporations; labour; animal production; poultry; birds; food security; nutrition; poverty; public health; equity; governance
LEX-FAOC163586,https://faolex.fao.org/docs/pdf/eth163586.pdf,Payment of Compensation for Property Situated on Landholdings Expropriated for Public Purposes Council of Ministers Regulations (No 135/2007).,2007-07-04,English,Land & soil; Social protection,Land & soil,,www.fsc.gov.et,Ethiopia,,,Regulation,,"These Regulations issued under article 14(1) of the Expropriation of Landholdings for Public Purposes and Payment of Compensation Proclamation No. 455/2005 concerns not only payment of compensation to but also aims at assisting in other ways persons displaced by expropriation under the Proclamation to restore their livelihood. Compensation shall also be paid for crops and trees. The amount of compensation for crops shall be calculated by multiplying the amount of yield that would have been collected from the land at maturity by the current market price of the crops. The Regulations provides formulas for the calculation of compensation. Where land used for growing crops or a protected grass or pastoral land is expropriated for public purpose, the possessor of such land shall, as much as possible, be provided with a plot of land capable of serving a similar purpose. Provisions is also made for displacement compensation for protected grass or grazing land and for temporary expropriation of rural land. ",expropriation; legal proceedings/administrative proceedings; agricultural land; land valuation; liability/compensation; range; pastoralism
LEX-FAOC164260,https://faolex.fao.org/docs/pdf/eth164260.pdf,Rural Land Administration and Use Regulation (No. 66/2007).,2007-12-24,English,Land & soil,Agricultural & rural dev.; Forestry; Land & soil; Water; Wild species & ecosystems,,,Ethiopia,,Southern Nations Nationalities and Peoples' Region,Regulation,,"This Regulation implements provisions of the Proclamation of The Southern Nations, Nationalities And Peoples Regional State on rural land rights and use. It applies to all types of rural land and lands used for agricultural purposes in urban territory. The Regulation provides, among other things, for rural land measurement, registration and certification, transfer, duration and re-allocation of land use right, obligation of rural land users in respect of proper use and protection of land, minimum rural land holding size, encouragement of land consolidation, land use planning and sustainable use of land (also affecting wetlands and sloping land), dispute resolution, transfer of land rural land use right, community management, irrigation, and responsibilities of the Regional Bureau of Agriculture and Rural Development. ",agricultural development; farming; gender; community management; common property; pastoralism; youth; family farming; animal production; forest management/forest conservation; land reform; land tenure; agricultural land; ownership; land-use planning; dispute settlement; institution; soil conservation/soil improvement; erosion; smallholders/peasants; cadastre/land registration; certification; governance; property rights; irrigation; wetlands
LEX-FAOC164262,https://faolex.fao.org/docs/pdf/eth164262.pdf,Oromiya Regional National State Rural Land Administration and Use Regulation (No.151/2012).,2012-12-07,English,Land & soil,Agricultural & rural dev.; Environment; Forestry; Land & soil; Water,,,Ethiopia,,Oromia,Regulation,,"This Regulation implements provisions of the Oromia Regional Rural Land Administration and Use Proclamation with respect to the rights and obligations of rural land administration and use in transparent and responsible manner. The Regulation, among other things, provides with respect to: conservation and protection of rural land and land use planning for this purpose;  protection of remnant forests; conditions necessary to acquire rural land by private persons; distribution of irrigation land; use of rural land (also for investment purposes); lease of rural land; exchange of land; utilization of rural land for social services; rural land registration and certification; dispute and conflict resolution;  duties and responsibilities of the Rural Land and Environmental Protection Bureau, the Zonal Administration Office, the Woreda Administration Office and the Kebele Administration (Kebele Rural Land Administration and use Committees are established under these Regulations); offences. ",farming; investment; agricultural development; sustainable development; investment; forestry protection measures; forest management/forest conservation; investment; land reform; land tenure; agricultural land; ownership; land-use planning; dispute settlement; institution; soil conservation/soil improvement; erosion; smallholders/peasants; mountain area; local government; cadastre/land registration; survey/mapping; certification; lease; ownership; offences/penalties; investment; contracts; governance; property rights; water resources management; sustainable development; irrigation; investment
LEX-FAOC164265,https://faolex.fao.org/docs/pdf/eth164265.pdf,"Southern Nations, Nationalities and Peoples Regional state Rural Land Administration and Utilization Proclamation (No. 110/2007).",2007-02-19,English,Land & soil,Agricultural & rural dev.; Livestock; Land & soil; Water; Wild species & ecosystems,,,Ethiopia,,Southern Nations Nationalities and Peoples' Region,Legislation,,"This Proclamation aims at improving management and utilization of land and land resources for agricultural purposes in the Southern Nations, Nationalities And Peoples' Regional State. It applies to all land that lies outside of municipal borders. The Proclamation defines the right to acquire, free of charge, rural land by peasants, pastoralists and semi-pastoralists engaged in agriculture and the equal rights of women with respect to land and provides for the protection of such rights. Rural youths who wish engage in agriculture shall have the right to get and use rural land which is possessed by the community or government. The Proclamation also defines special rights of other disadvantaged persons. Details shall be determined by the regulation. The Proclamation furthermore, among other things, provides for rural land measurement, registration and certification, transfer, duration and re-allocation of land use right, obligation of rural land users in respect of proper use and protection of land, minimum rural land holding size, encouragement of land consolidation, land use planning and sustainable use of land (also affecting wetlands and biodiversity), dispute resolution, certain aspects of (equitable) water management,  conservation of water resources, irrigation, and responsibilities of the Regional Bureau of Agriculture and Rural Development. ",agricultural development; farming; community management; gender; pastoralism; youth; family farming; animal production; grazing; basic legislation; land reform; land tenure; agricultural land; ownership; land-use planning; dispute settlement; institution; soil conservation/soil improvement; erosion; smallholders/peasants; cadastre/land registration; certification; range; gender; governance; pastoralism; property rights; water resources management; irrigation; sustainable development; water rights; wetlands
LEX-FAOC164280,https://faolex.fao.org/docs/pdf/eth164280.pdf,Ethiopian Water Works Construction Enterprise Establishment Council of Minister Regulation (No. 316/2014).,2014-09-04,English,Water,Water,,,Ethiopia,,,Regulation,,"This Regulation establishes the Ethiopian Water Works Construction Enterprise. This corporation shall be governed by the Public Enterprises Proclamation No. 25/1992 and shall be supervised by the Ministry of Ministry of Water, Irrigation and Energy. The Enterprise shall, among other things: engage in the construction of waterworks; own and administer irrigation dams and re-invest the proceeds of charges collected from the beneficiaries of such dams for the construction of other similar dams. ",waterworks; institution; irrigation; governance
LEX-FAOC164281,https://faolex.fao.org/docs/pdf/eth164281.pdf,Investment Proclamation No. 769/2012.,2012-09-17,English,Private sector & entrepreneurship,Agricultural & rural dev.; Environment; Land & soil; General,,,Ethiopia,,,Legislation,Y,"This Proclamation provides for a transparent and efficient administration of investment in Ethiopia and mitigating the impacts of environmental pollution relating to investment projects. Any investor shall have the obligation to observe the laws of the country in carrying out his investment activities. In particular, he or she shall give due regard to environmental protection. The provisions of this Proclamation may not be applicable to investments in the prospecting, exploration and development of minerals and petroleum resources. Investments may be made in the water sector. Investments shall be supervised by the Ethiopian Investment Agency, which is to be established by Regulation of the Council of Ministers. The Privatization and Public Enterprises Supervising Agency shall receive investment proposals submitted by any private investor intending to invest jointly with the government; it shall submit same to the Ministry of Industry for decision and, upon approval, designate a public enterprise to invest as partner in the joint investment. ",investment; agricultural development; business/industry/corporations; public private partnership (PPP); institution; governance; sustainable development; investment; foreign land tenure; land tenure
LEX-FAOC164282,https://faolex.fao.org/docs/pdf/eth164282.pdf,Investment (Amendment) Proclamation No. 849/2014.,2014-07-22,English,Private sector & entrepreneurship,Agricultural & rural dev.,,,Ethiopia,,,Legislation,Y,"This Proclamation amends the Investment Proclamation No. 769/2012 with respect to investment administration bodies. These are the Ethiopian Investment Board, the Ethiopian Investment Commission and regional investment organs to be defined by the laws of the respective regions. The Ethiopian Investment Board and the Ethiopian Investment Commission are to be established by Regulation of the Council of Ministers. The Proclamation also concerns the establishment of industrial development zones and functions of the Investment Board. ",agricultural development; business/industry/corporations; institution; governance
LEX-FAOC164484,https://faolex.fao.org/docs/pdf/eth164484.pdf,Geologic Survey of Ethiopia Establishment Proclamation No. 194/2000.,2000-03-07,English,Land & soil,Environment; Land & soil; Mineral resources,,,Ethiopia,,,Legislation,Y,"This Proclamation provides establishes the Geological Survey of Ethiopia (Survey) as an autonomous federal government organ having its own juridical personality. The Survey shall be accountable to the Ministry of Mines and Energy. The objective of the Survey shall be to undertake studies and surveys about the earth's crust and mineral contained in it, applying earth science techniques and to prospect for, explore, and, as the case may be, estimate and delineate mineral deposits. It shall, among other things, carry out geological mapping, prepare and publish geological maps. The Government shall appoint the General Manager of the Survey. There shall also be a Chief Geologist. ",sustainable development; survey/mapping; institution; governance; exploration
LEX-FAOC164826,https://faolex.fao.org/docs/pdf/eth164826.pdf,Afar National Regional State Rural Land Use and Administration Regulation No. 4/2011.,2011-06-03,English,Livestock; Land & soil,Agricultural & rural dev.; Livestock; Land & soil; Water,,,Ethiopia,,Afar,Regulation,,"This Regulation, made under the Afar National Regional State Rural Land Use and Administration Proclamation, concerns equal land use rights on communal holdings of the pastoralist communities and separation of communal holdings for use of the pastoralist community. Any pastoralist shall be entitled to equal land use right on communal holding. Such right shall include the right to equal distribution of grazing, water, land lease, forestry resources and any other proceeds from the communal holding. Any male or female person who is a member of a given community and is above 18 years of age shall have the right to obtain proportionate share of proceeds from grazing or lease on the communal holding of land. Land holdings for use of grazing purposes of the pastoralist shall be identified and delineated. Without prejudice to the traditional practice where the pastoralist is allowed to use the delineated plot of private holdings in their movement in search of grazing and water, it is prohibited to take hold of new possessions or expand possessions and Kebele administration shall ensure prevention of such expansion. Any person who transfers communal holding to private holding shall face criminal prosecution by law. ",agricultural development; smallholders/peasants; irrigation; agro-forestry; grazing; pastoralism; grazing; pastoralism; animal production; land tenure; common property; community management; smallholders/peasants; transfer rights ; range; pastoralism; property rights; water rights
LEX-FAOC165069,https://faolex.fao.org/docs/pdf/eth165069.pdf,National Water Strategy of Ethiopia.,,English,Water,Environment; Water,,www.mfa.gov.et,Ethiopia,,,Policy,,"This National Water Strategy is one of the three actions to  reform the water sector in Ethiopia. Its main objective is to translate the national water resources management policy into action. It contains a set of short, medium and long-term action programs to realise the achievement of development goals and water-related policies: improving the living standard and general socio-economic well-being of the Ethiopian people; realising food self-sufficiency and food security in the country; extending water supply and sanitation coverage to large segments of the society, thus achieving improved environmental health conditions; generating additional hydro-power; enhancing the contribution of water resources in attaining national development priorities; promoting the principles of integrated water resources management. Fundamental principles pertaining to the formulation of national water strategy remain the same as those were adapted for the preparation of national water resources management policy. The overall goal of the Water Resources Strategy is to enhance and promote all national efforts towards the efficient, equitable and optimum utilisation of the available water resources of Ethiopia for significant socio-economic development on a sustainable basis. The Strategy is divided into the following sub-sector strategies: General Water Resources Strategies; Hydropower Development Strategy; Water Supply And Sanitation Strategy; Irrigation Development Strategy. The General Water Resources Strategies consists of four chapters: Water Resource Development, Water Resources Management, the Enabling Environment and Transboundary Waters.  For each Strategy the following issues are dealt with: finance and economics; research and development; stakeholders participation; gender mainstreaming; disasters and public safety; environment and health standards; technology and engineering; capacity building; institutional aspects; social aspects. As for water resources development and utilisation, the following actions will be undertaken: assess and develop the country's surface water resources; develop ground water resources and ensure its optimal utilisation for different water uses; make effective and optimum use of available water resources by giving priority to multipurpose water resources development projects; strengthen and expand hydrological and hydro-meteorological activities; follow the integrated approach rather than the fragmented approach for water resources development; take follow-up actions on completed Integrated River Basin Development Master Plans; harvest rainwater through the construction of small check dams to meet domestic water supply and irrigation needs at the local level; reclaim existing wetlands, and prevent the formation of the new ones by using appropriate mechanisms; enhance and promote water transport, both passenger and cargo, on sustainable basis over rivers, lakes and reservoirs in the country; undertake proper assessment, preservation and enrichment of aquatic resources in rivers and lakes; and incorporate aquatic resources development in large scale water resources master plan studies; include the development of tourism and recreation resources. The objective of the water supply and sanitation sub-sector strategy is to develop viable and implementable guidelines that promote the sustainable, efficient, effective, reliable, affordable and user-acceptable development of water supply and sanitation services, including livestock watering, in Ethiopia. Water allocation for drinking and sanitation purposes will hold the highest priority followed by water requirements for livestock in any water allocation plan. The Strategy is completed by a Chapter that deals with short-term actions in each of the field mentioned above. ",pollution control; environmental impact assessment (EIA); integrated management; water resources management; policy/planning; water supply; irrigation; potable water; governance; financing; hydropower generation; sustainable development; sustainable use; allocation/quota; basin/catchment/watershed; monitoring; transboundary waters; sewerage; public participation; wetlands; inland waters; renewable energy
LEX-FAOC216585,https://faolex.fao.org/docs/pdf/eth216585.pdf,Regulatory Preparedness and Mitigation Strategy for Emergency Health Threats.,,English,Health,General,,http://www.fmhaca.gov.et/,Ethiopia,,,Policy,,"The Regulatory Preparedness and Mitigation Strategy for Emergency Health Threats (2020) focuses on dealing with emerging health threats such as coronavirus, ebola and others that could be caused by biological, chemical, environmental and other unknown triggers. The Strategy is meant to provide guidance on regulatory interventions during public health emergencies. This Strategy is not intended to health threats triggered by product related defects, which should be handled by product risk management plan that could deal with product specific incidents. The strategy aims to ensure sustained access to innovative, safe, quality assured and effective medical products through mitigating medical products shortage during public health emergency situations. The Specific objectives are: 1) Initiate and coordinate scientific research and regulatory innovations involving relevant parties within and outside of Ethiopia during emergency situations; 2) Strengthen and coordinate authorization, surveillance and post-authorization follow-up of medicinal products relevant to emergency health response (e.g. vaccines and antivirals), medical devices (e.g. medical masks, shield, mechanical ventilators) and sanitizers (e.g. alcohol based, iodine based); 3) Provide special attention towards monitoring and authorization of clinical trials involving conventional and herbal products intended for the emergency situations; 4) Expedite the regulatory processes and introduce regulatory flexibilities during public health emergency for Emergency Use Authorization (EUA) so as to alleviate product shortages; 5) Detect, prevent and respond to substandard and falsified medical products circulating in the market taking advantage of shortages during public health emergencies; 6) Effectively communicate relevant information on timely basis to healthcare professionals, patients, general public and other relevant stakeholders; 7) As required, communicate, harmonize and coordinate with international and regional organizations to benefit from and contribute to global and regional efforts in response to public health emergencies; to expedite authorization of new and/or innovative products as part of efforts to improve access to available treatment options to the Ethiopian people during public health emergencies; 8) Ensure that EFDA have the appropriate tools and institutional framework for cocoordinated action for management of crises due to emergency public health threat ",public health; fraud; hazards; governance; innovation; international cooperation; research; risk assessment/management; coronavirus disease (COVID-19)
LEX-FAOC191493,https://faolex.fao.org/docs/pdf/eth191493.pdf,Ethiopia Livestock Master Plan.,,English,Livestock,Livestock; Food & nutrition,,cgspace.cgiar.org,Ethiopia,,,Policy,,"This Ethiopia Livestock Master Plan (LMP) is a sectoral policy document at the national level covering the period of 2015–2020. The LMP is a  five-year development implementation plan or ‘roadmap’, to be used to implement the  Growth and Transformation Plan II (GTP II). The LMP sets out investment interventions—better genetics, feed and health services, which, together with complementary policy support—could help meet the GTP II targets by improving productivity and total production in the key livestock value chains for poultry, red meat-milk, and crossbred dairy cows. The LMP  contributes to poverty reduction and better food and nutrition security. For instance, according to the LMP, successful poultry interventions would allow the sub-sector to move to improved family poultry with semi- scavenging crossbreds and for substantial increases in the scale of specialized layer and broiler operations. Such a transformation would contribute considerably to reducing poverty and malnutrition among rural and urban poor, as well as increasing national income. The LMP seeks to make livestock sector more productive and sustainable.  It identifies the need for stronger policy, legal and institutional frameworks to support sustainable pastoral and agropastoral production, and proposes policy actions such as providing a substantially extended role to customary institutions. The LMP seeks to enable more inclusive and efficient agricultural and food systems.  Priority investment interventions are proposed, including: 1. Improvement of cattle dairy through breeding interventions, combining artificial insemination using exotic semen with oestrus synchronization in MRS dairy systems and in peri-urban milk sheds throughout Ethiopia; 2. Improvement of productivity of local breed animals (cattle, sheep, goats, and camels) for meat and milk through investments in genetic selection (recording schemes, etc.) and in animal health to reduce young and adult stock mortality, and by implementing critical vaccinations and parasite control programs; 3. Increase of public investment in rehabilitating range and pasture lands to improve feeding and animal management to complement genetic and health improvements; 4. Promotion of the importation and dissemination of improved semi-scavenging poultry breeds by the private sector and/or through public-private partnerships (PPPs), combined with the improved capacity of private animal health services to provide critical vaccines, in tandem with the continued promotion by the GoE extension services of improved feeding; and 5. Increase of specialized commercial production units and—where conducive agro-ecological and market conditions prevail—consequent increases in animal numbers for all three commodities, and the adoption of appropriate genetic, health and feed technologies.  Complementary policy interventions include: Thepromotion of exports to more remunerative markets through the introduction of a practical and affordable system of animal identification and traceability, as well as food safety and animal health programs through the monitoring of abattoirs and disease surveillance; The promotion of substantial private investment in livestock product transformation through high value-added processing; etc. The LMP seeks to  improve national capacity for early detection and response to animal health emergencies through such strategic interventions as:  Establish a disease early warning system and emergence preparedness unit to deal with the epizootics of diseases of major economic and public health importance;  Advance the preparation of both generic and disease-specific emergency plans and operating procedures for priority diseases; Allocate the necessary financial and human resources to ensure rapid mobilization in response to disease outbreaks; Include animal disease emergencies as a component of the national disaster response plan. ",animal feed/feedstuffs; animal health; animal production; animal reproduction; cattle; sheep/goats; policy/planning; poultry; poverty; processing/handling; pastoralism; early warning system; hazards; sustainable development; sustainable use; investment; birds; One Health approach; meat; milk/dairy products; poultry products; poverty; processing/handling; food safety and quality; traceability; international trade; nutrition; food security; investment
LEX-FAOC165345,https://faolex.fao.org/docs/pdf/eth165345.pdf,Definition of Powers and Duties of the Executive Organs of the Federal Democratic Republic of Ethiopia (Amendment) Proclamation No. 803/2013.,2013-07-29,English,Environment; General,Agricultural & rural dev.; Environment; Forestry; Water,,www.ethiopar.net,Ethiopia,,,Legislation,Y,"This Proclamation amends the Definition of Powers and Duties of the Executive Organs of the Federal Democratic Republic of Ethiopia Proclamation by; adding in Article 9 under subarticle 21  the Ministry of Environment and Forestry; by defining functions and powers of the Ministry of Environment and Forestry; by providing that the powers and duties given to the Ministry of Agriculture, with respect to matters relating to forests, by the provisions of other laws currently in force, are given to the Ministry of Environment and Forest. The Proclamation also makes some consequential amendments and changes the designations Ministry of Urban Development and Construction and Ministry of Water and Energy appearing anywhere in the Proclamation and in other laws, currently in force, into the designations Ministry of Urban Development, Housing and Construction and Ministry of Water, Irrigation and Energy, respectively. ",governance; institution; governance; institution; governance; institution; governance
LEX-FAOC165348,https://faolex.fao.org/docs/pdf/eth165348.pdf,Prevention of Industrial Pollution council of Ministers Regulation (No. 159/2008).,2009-01-07,English,Environment,Environment; Water; Waste & hazardous substances,,,Ethiopia,,,Regulation,,"This Regulation, issued under the Environmental Pollution Control Proclamation of 2002, shall apply to factories listed in a Directive issued under this Regulation or notified by the competent environmental organ in accordance with this Regulation. The competent organ for the issuing of a business licence shall issue a licence only after verifying that the effluent is not a pollutant or will not exceed the limit set under the relevant environmental standard and it will not entail damage if released into the environment.  The competent environmental organ may order a variation of the conditions of a license that has been granted in specified circumstances. Factories shall prepare an environmental monitoring system and observe general pollution control obligations. Every factory shall submit to the competent environmental organ an annual report describing how it is complying with the provisions of this Regulation. ",pollution control; institution; governance; freshwater pollution; effluent waste water/discharge; pollution control; waste management; waste prevention; hazardous waste; data collection/reporting; monitoring; waste disposal
LEX-FAOC169444,https://faolex.fao.org/docs/pdf/eth169444.pdf; https://faolex.fao.org/docs/pdf/eth169444Matrix.pdf,Growth and Transformation Plan II (GTP II) (2015/16-2019/20).,,English,National development,Agricultural & rural dev.; Livestock; Food & nutrition; Mineral resources; Cultivated plants,,,Ethiopia,,,Policy,,"Part I of the present Plan deals with the performance under the First Growth and Transformation Plan (GTPI) (2010/11-2014/15). Whereas Part II deals with the Second Growth and Transformation Plan (GTP II) (2015/16 -2019/20) The main basis of the GTP II is the country’s Vision to become a lower middle-income country by 2025. In the coming 10 years, Ethiopia's Vision is to reach the level of lower middle-income countries where democracy, good governance and social justice are maintained through people's participation. The realization of this Vision calls for creating competitive, productive and inclusive economy in all its aspects. The overarching objective of the GTP II is to sustain the accelerated growth and establish a spring board for economic structural transformation and thereby realizing the national Vision of becoming a lower middle-income country by 2025. To this end, the GTP II has set out the following specific objectives: i) Achieve an annual average real GDP growth rate of 11 percent within a stable macroeconomic environment and thereby contribute towards the realization of Ethiopia’s afore-mentioned Vision, while pursuing comprehensive measures towards narrowing the saving-investment gap and bridging the widening trade deficit; ii) Develop the domestic engineering and fabrication capacity and improve productivity, quality, and competitiveness of the domestic productive sectors (agriculture and manufacturing industries) to speed up structural transformation; iii) Further solidify the on-going public mobilization and organised participation to ensure the public become both owners and beneficiaries from development outcomes; iv) Deepen the hegemony of developmental political economy by strengthening a stable democratic developmental state. The pillar strategies of GTPII are built on that of GTP I complemented by additional pillar strategies that serve as foundation for sectorial plans. Therefore, in order to achieve the objectives of GTP II, the following pillar strategies will be pursued. i) Sustain the rapid, broad based and equitable economic growth and development  witnessed during the last decade; ii) Increase the productive capacity and efficiency to reach the economy’s production possibility frontier through concurrently improving quality, productivity and competitiveness of productive sectors (agriculture and manufacturing industries); iii) Speed up and catalyse transformation of the domestic private sector and render them a capable development force; iv) Build the capacity of the domestic construction industry, bridge critical infrastructure gaps with particular focus on ensuring the quality of infrastructure services through strengthening the implementation capacity of the construction sector; v) Properly manage and administer the on-going rapid urbanization to unlock its potential for sustaining growth and structural transformation of the economy; vi) Accelerate human development and technological capacity building and ensure its sustainability; vii) Establish democratic and developmental good governance through enhancing implementation capacity of the public sector and mobilization of public participation;  viii) Promote women and youth empowerment, ensure their participation in the development process and enable them equitably benefit from the outcomes of development; ix) Build climate resilient green economy. The Economic Development Sector Plan of Part II deals, inter alia, with agricultural and rural transformation. In particular, the agricultural sector development plan has the following objectives: i) bring about accelerated and sustained growth of agriculture within the framework of the Climate Resilient Green Economy Strategy that equitably benefits people at all levels and that realizes structural transformation of the sector and the overall economy; ii) Bring about a significant shift in agricultural productivity, build productive capacity and thereby enhance the contribution of the sector to the economy and stabilizing the macroeconomy; iii) to enable women, youths and other stakeholders participate in a structured and organized manner to contribute their part and benefit from the development outcomes. The following major targets are set to achieve the objectives of GTP II (2015/16 – 2019/20): A) Crop Farming and Pastoral Development: 1) Crop Productivity and Production; 2) Coffee Productivity and Production; 3) Horticulture productivity and Production; 4) Livestock Productivity and Production; 5) Natural Resources Conservation and Utilization; 6) Improved Production and Productivity through Strengthening Demand Driven Agricultural Research works; 7) Improved Sustainable National Biodiversity Conservation and Equitable Benefit to the Community; 8) Food Security, Disaster Prevention and Preparedness. As far as the implementation strategies are concerned the following are listed: A) Implementation Capacity Building; B) Improved Crop Productivity and Production: 1) Strengthening Agricultural Marketing and Cooperatives; 2) Agricultural Inputs Supply and Utilization; 3) Expansion of Agricultural Extension system; 4) Enhancing Agricultural Investment; 5) C) Livestock Productivity and Production: Livestock Genetic Improvement; Improved Livestock Feed Production; Integrated Implementation of Livestock Value Chain Efficiency; D) Natural Resources Conservation and Utilization; E) Improved Sustainable National Biodiversity Conservation and Equitable Benefit to the Community; F) Food Security Disaster Prevention and Preparedness; G) Agricultural Development in Pastoral Areas. Chapter 2 of Part II deals with mining. The development objectives of GTP II are: i) enhancing the implementation capacity of the sector by improving policy, legal frameworks, regulatory and working systems; ii) increasing export revenues through promoting mining-value creation activities; iii) saving foreign currency by producing minerals inputs for import substituting manufacturing development, mainly to speed up the sector’s transformation; iv) enabling the mining sector to meet national and international environmental standards and regulations; v) expanding the geo-sciences mapping coverage of the country both in quality and accessibility; vi) saving fuel costs, specifically, as alternative energy sources for vehicles, using bio-fuel and gas-oil in line with the green economy development strategy of the country and vii) reducing wastage and environmental impacts of fuel oil by setting standards and regulations in fuel extraction, blending, storing, transporting and distributing processes in the country. Major targets for the mining sector, during the plan period, focus mainly, on increasing the production of industrial raw materials, boosting export earnings and improving revenues collection from the sector. In light of this, it is planned to increase modern and artisanal systems of gold production. Part Two consists of 10 Chapters as follows: Objectives (I); Macroeconomic Plan (II); Financial Plan (III); Economic Development Sector Plan (IV); Economic Infrastructure (V); Human Development and Technology Capacity Building (VI); Developmental Good Governance and Building Democratic System (VII); Cross Cutting Issues (VIII); Opportunities and Threats (IX); Monitoring and Evaluation System (X). ",governance; access-to-justice; public participation; capacity building; climate change; hazards; cooperative/producer organization; agricultural extension; financial agricultural measures; agricultural development; sustainable development; sustainable use; gender; farming; crops ; agro-forestry; coffee/cocoa/tea; urban and peri-urban agriculture; research; cultural heritage; access and benefit-sharing; investment; agricultural commodities; animal production; hazards; cooperative/producer organization; animal feed/feedstuffs; genetic resources; agricultural extension; access and benefit-sharing; investment; agricultural development; governance; access-to-justice; public participation; capacity building; food safety and quality; hazards; cooperative/producer organization; investment; biodiversity; hazards; access and benefit-sharing; investment; governance; access-to-justice; public participation; capacity building; climate change; hazards; environmental standards; mining; international trade; natural gas; investment; standards; protection of environment
LEX-FAOC169466,https://faolex.fao.org/docs/pdf/eth169466.pdf,Ethiopian Organic Agriculture System Proclamation No. 488/2006.,2006-03-08,English,Agricultural & rural development,Agricultural & rural dev.; Food & nutrition; Cultivated plants,,,Ethiopia,,,Legislation,,"This Proclamation concerns organically produced agricultural products for human consumption or animal feed. An organic agricultural product means a product which is produced, processed or handled and distributed without the use of synthetic chemicals and genetically modified organism. Every operator of organic agricultural products shall be obliged to register with an accredited inspection and certification body and to comply with the national organic agricultural product inspection and certification system. Accreditation shall be done with the Ministry of Agriculture · and Rural Development, which shall be in general the principal authority for purposes of this Act. The Proclamation establishes the Organic Agricultural Production System Council which shall assist the Ministry in accreditation and supervision of organic certification. The procedures of organic production at farm level, pest management, permitted biological control, transportation, storage, processing, labelling, advertising and minimum inspection requirements as well as inspection and precautionary measures and accreditation requirements for inspection and certification bodies shall be prescribed by Regulations, but in case such rules are not issued the Ministry may cause other relevant internationally accepted standards to be recognized and applied. The Ministry shall determine the brand of Ethiopian organic products. ",basic legislation; ecological production/organic production; food safety and quality; packaging/labelling; international trade; internal trade; fraud; packaging/labelling; basic legislation; plant production; ecological production/organic production; certification; institution; registration; authorization/permit; inspection; breeders' rights; offences/penalties; intellectual property rights; plant variety; governance
LEX-FAOC169467,https://faolex.fao.org/docs/pdf/eth169467.pdf,Pesticide Registration and Control Proclamation No. 674/2010.,2010-08-25,English,Cultivated plants,Environment; Food & nutrition; Cultivated plants,,,Ethiopia,,,Legislation,,"This Proclamation provides for the registration, manufacture, handling, packaging and labelling, use and placing on the market of pesticides. It also concerns pesticides subject to the Prior Informed Consent Procedure under the Rotterdam Convention. The Proclamation establishes a  Pesticides Advisory Board. Only pesticides tested under field and laboratory conditions and approved by the Ministry shall be registered and no pesticide that is not registered shall be formulated, manufactured, traded, etc. Decisions on registration shall be taken by the Ministry of agriculture and Rural Development. The Ministry shall maintain a Pesticide Register. It shall collaborate with the relevant authorities to establish maximum residue limits for agricultural products. Pesticide residue analysis on primary agricultural products shall be carried out by the Ministry. ",biosecurity; food safety and quality; residues; inspection; social protection; basic legislation; pesticides; seeds/planting material; registration; institution; international trade; transport/storage; packaging/labelling; international agreement-implementation; PIC-prior informed consent; biological control agents; plant production; plant protection; governance
LEX-FAOC169468,https://faolex.fao.org/docs/pdf/eth169468.pdf,Urban Lands Lease Holding Proclamation No. 721/2011.,2011-11-28,English,Land & soil,Land & soil,,,Ethiopia,,,Legislation,,"This Proclamation provides for the lease of urban land. “Urban land” means land located within an administrative boundary of an urban center; “urban center” means any locality having a municipal administration or a population size of 2000 or more inhabitants of which at least 50% of its labor force is engaged in non-agricultural activities. This Proclamation shall be applicable to all urban centers with in Ethiopia with regard to urban land. The Proclamation sets out the fundamental principles of lease and provides that no person may acquire urban land other than the lease holding system provided under this Proclamation. Also, no person may enclose and use any plot of land adjacent to his lawful possession without the permission of the appropriate body and no region or city administration may permit or transfer urban land in a manner contrary to the provisions of this Proclamation. An urban land shall be permitted to be held by leasehold: a) if its use is in conformity with the urban plan guidelines or, if the urban center does not have such guidelines, as per the regulations issued by the region or the city administration; and b) through the modality of tender or allotment. The Proclamation sets out the tender and allotment procedures. Any person permitted urban land lease holding in accordance with this Proclamation shall conclude a contract of lease with the appropriate body. Leasehold certificate shall be issued to a person to whom an urban land lease holding is permitted. The period of urban land lease shall vary depending on the level of urban development and sector of development activity or the type of service and shall have the ceiling of 15 years for urban agriculture. The appropriate body shall have the power, where it is in the public interest, to clear and take over urban land upon payment of commensurate compensation, in advance, for the properties to be removed from the land. Urban land clearing and compensation cases appellate tribunals shall be established by regions and city administrations. The appropriate body shall in certain cases take over a land in respect of which a clearing order or notice has been served. ",land tenure; urban land; lease; authorization/permit; expropriation; institution; agricultural land; transfer rights ; contracts; governance; property rights
LEX-FAOC169469,https://faolex.fao.org/docs/pdf/eth169469.pdf,Ethiopian Commodity Exchange (Amendment) Proclamation No.665 /2010.,2010-01-14,English,Trade,Agricultural & rural dev.,,,Ethiopia,,,Legislation,,"This Proclamation amends the Ethiopia Commodity Exchange Proclamation in Article 31 by adding a new sub-article (2), which empowers the Council of Ministers to issue Regulations to determine conditions allowing the trading of a commodity exclusively at the Ethiopian Commodity Exchange and sanctions applicable with respect to noncompliance therewith. ",agricultural commodities; internal trade; international trade; fiscal and market measures
LEX-FAOC169470,https://faolex.fao.org/docs/pdf/eth169470.pdf,Ethiopia Commodity Exchange Authority Establishment Proclamation Amendment Proclamation No. 566/2008.,2008-02-08,English,Trade,Agricultural & rural dev.,,,Ethiopia,,,Legislation,,This Proclamation amends the Ethiopia Commodity Exchange Authority Proclamation in Sub-Article 2 (a) of Article 12 on employment with the Authority. ,agricultural commodities; institution; governance
LEX-FAOC169528,https://faolex.fao.org/docs/pdf/eth169528.pdf,Ethiopia’s Climate Resilient Green Economy - Climate Resilience Strategy Agriculture and Forestry 2011-2025.,,English,Agricultural & rural development; Forestry,Agricultural & rural dev.; Air & atmosphere; Environment; Forestry; Water,,www.agcrge.info; http://www.agcrge.info/files/Vision/CRGE.pdf,Ethiopia,,,Policy,,"This Climate Resilience Strategy (CR) has three objectives: To identify the impact of current weather variability and projected future climate change on Ethiopia. To identify ways to build climate resilience and reduce the impact of current weather variability and future climate change, and estimate their cost. To map the steps necessary to finance and implement efforts to build climate resilience. The CR Strategy supplements the Green Economy Strategy (GE) by enhancing its key recommendations in terms of climate resilience. As such, both the CR and GE Strategies together form a single overarching strategy. This strategy is also supported by a number of technical reports related to the analytical work produced. Focus on agriculture Developing climate resilience is particularly crucial in agriculture, as it is a sector that is climate dependent, and therefore vulnerable to the future impacts of climate change. This Climate Resilience Strategy focuses on the agriculture and forestry sectors due to their importance to national income and livelihoods. The sectors make up 43% of our GDP, produces nine of the ten largest export commodities, and employs around 80% of the Ethiopian people. Other sectors will also face climate change challenges, as such, this strategy will act as a starting point for subsequent climate resilience analysis across the remaining sectors of the economy. Agricultural development will continue to be the basis for economic growth with a targeted growth rate in the sector of around 10%. This will see increases in the production of major crops, with substantial increases in coffee production and livestock over coming years. Phase 1 of the CR Strategy therefore focuses on the agriculture sector (which includes agricultural crops, livestock, forestry, food security and disaster prevention). Other sectors will also face climate change challenges, and the Phase 1 strategy will act as a starting point for subsequent climate resilience analysis across the remaining sectors of the economy. The CR Strategy is aligned with the sectoral activities covered by Ethiopia’s Ministry of Agriculture (MoA). Grounding the work and recommendations into existing governance structures and responsibilities helps to ensure the relevance for policymakers. The MoA is split into these sectors: Disaster Risk Management and Food Security, Agricultural Development, Livestock, Natural Resources Management and Extension. The agriculture sector is made up of three sub-sectors, agricultural crops, livestock and forestry. The Vision for Ethiopia is to become a middle-income country by 2025, and to achieve this through economic growth that is resilient to climate change and as a results in no net greenhouse gas emissions. The GE identified options for low-carbon growth in agricultural crop, livestock and forestry sectors. Of the four main pillars of the strategy, three are related to the sectors in the CR Strategy; (1) improving crop and livestock production practices for higher food security and farmer income while reducing emissions (agricultural and land use efficiency measures), (2) protecting and re-establishing forests for their economic and ecosystem services, including as carbon stocks (increased GHG sequestration in forestry) and (3) improving livestock management and productivity. ",agricultural commodities; agricultural development; crops ; hazards; risk assessment/management; climate change; emissions; enforcement/compliance; environmental planning; gender; policy/planning; green economy; climate change; forest management/forest conservation; forestry protection measures; gender; climate change; policy/planning; integrated management; monitoring; transport/storage; water desalination; recycling/reuse; groundwater; pollution control; subsidy/incentive; early warning system; freshwater pollution; climate change; emissions; enforcement/compliance; environmental planning; gender; policy/planning
LEX-FAOC193701,https://faolex.fao.org/docs/pdf/eth193701.pdf,National Pulses Value Chain Development Strategy of Ethiopia (2016-2020).,,English,Cultivated plants,Agricultural & rural dev.; Food & nutrition; Cultivated plants,,www.agriknowledge.org,Ethiopia,,,Policy,,"This National Pulses Value Chain Development Strategy is a nationwide sectoral document aiming at ensuring that all components (including research and technology development, inputs production, distribution and supply, on-farm production, post-harvest handling and agro processing and trade, marketing and demand sinks) of the pulse sector are addressed in a comprehensive and coordinated manner through a value chain approach. This to realize the sector Vision that aims to see an internationally competitive pulse sector that significantly contributes to food and nutritional security, environmental resilience, increased smallholder farmers’ income, and domestic and export market. In order to achieve the overall goal of the Strategy, a number of strategic objectives are set out for each component of the pulse sector as follows (i) develop and promote demand driven stable varieties that combine high yielding and resistance to biotic and abiotic stress; (ii) strengthen capacity for pulse research and seed multiplication (breeding, agronomy, mechanization, seed multiplication); (iii) develop agronomic recommendations of pulses crops for different cropping systems (fertilizer, Biological Nitrogen Fixation, moisture/irrigation, etc.); (iv) promote appropriate integrated pest management (IPM) recommendations for different agro-ecologies; (v) identify and introduce best fitting pre-and post-harvest farm mechanization prototypes and technologies for pulses; and (vi) generate socio-economic information on pulse production and marketing. ",agricultural development; research; processing/handling; protection of environment; smallholders/peasants; internal trade; international trade; crops ; integrated pest management-IPM/pest management strategies; food security; agricultural development; vegetables/legumes; research; processing/handling; protection of environment; smallholders/peasants; internal trade; international trade; seeds/planting material; integrated pest management-IPM/pest management strategies; plant production
LEX-FAOC170052,https://faolex.fao.org/docs/pdf/eth170052.pdf,Animal Health Agreement between the Government of the Federal Democratic Republic of Ethiopia and the Government of the People’s Democratic Republic of Algeria Ratification Proclamation No. 961/2016.,2016-08-09,English,Livestock,Livestock,,,Ethiopia,,,Legislation,,This Proclamation ratifies the Animal Health Agreement between Government of the Federal Democratic Republic of Ethiopia and the Government of the People’s Democratic Republic of Algeria has been signed in Algiers on the 15th day of March 2015 and appoints the Ministry of Livestock and Fisheries as the agency empowered to implement the Agreement. ,animal health; international agreement-implementation
LEX-FAOC170053,https://faolex.fao.org/docs/pdf/eth170053.pdf,National Disaster Risk Management Commission Establishment Council of Ministers Regulation No. 363/2015.,2015-12-14,English,Disaster risk management,Agricultural & rural dev.; Environment; Food & nutrition,,www.ethiopar.net,Ethiopia,,,Regulation,,"This Proclamation establishes the National Disaster Risk Management Commission as an autonomous Federal Government office and defines its functions and powers. It shall be the main federal agency for disaster prevention and response coordination. In general, the Commission shall conduct appropriate activities for the comprehensive implementation and realization of the objectives of the National Disaster Risk Management Policy and Strategy and coordinate, monitor, and provide appropriate support with respect to activities carried out by the lead sector institution (i.e. the Federal or Regional Government office designated as lead sector institutions in the National Policy and Strategy on Disaster and Risk Management). The Commission shall also, among other things: Ensure that disaster risk management is mainstreamed into Government development policies, strategies, development plans and programs, and in the plans of the private sector as well as in the school curricula; collect and compile nationwide action plans for the implementation of disaster risk management policy and strategy; lead and coordinate the Federal Early Warning and Emergency Coordination Centre; coordinate, follow up and evaluate disaster risk reduction, disaster response and rehabilitation programs; implement, lead, and coordinate responses in the event of disasters that either do not fall under the responsibility of any one of designated lead sector institution; hold and administer disaster response funds and stocks. There shall be a Disaster Risk Management Council and a Commissioner. The Council shall provide general direction regarding the implementation of the National Disaster Risk Management Policy and Strategy. The Commission may import procured or donated emergency food and non-food items and equipment for disaster response purpose. ",hazards; institution; risk assessment/management; governance; hazards; early warning system; food security
LEX-FAOC170054,https://faolex.fao.org/docs/pdf/eth170054.pdf,Ethiopian Agricultural Businesses Corporation Establishment Council of Ministers Regulation No. 368/2015.,2015-12-22,English,Agricultural & rural development; Private sector & entrepreneurship,Agricultural & rural dev.; Forestry; Cultivated plants,,chilot.files.wordpress.com,Ethiopia,,,Legislation,,"This Regulation of the Council of Ministers establishes the Ethiopian Agricultural Businesses Corporation as a Federal Government public Enterprise and defines its functions. The Corporation shall, among other things, purchase agricultural inputs  from domestic and international markets, provide necessary education for the promotion of the use of modern agricultural machineries, multiply, clean and process pre-basic, basic and certified seeds of various crops, vegetables and fruit, harvest, buy, value add to and process natural gum, produce other forest products, and supply to domestic and international markets, undertake agricultural research and education. Rights and liabilities of the public enterprises established under legislation repealed by this Regulation are  transferred to the Corporation. ",agricultural commodities; agricultural development; internal trade; international trade; institution; capacity building; research; governance; non-wood forest products ; plant production; seeds/planting material
LEX-FAOC170055,https://faolex.fao.org/docs/pdf/eth170055.pdf,Awash National Park Designation Council of Ministers Regulation No. 329/2014,2015-01-08,English,Wild species & ecosystems,Wild species & ecosystems,,,Ethiopia,,,Regulation,,"This Regulation of the Council of Ministers designates the Awash National Park, provides with respect to its administration and boundaries and prohibits certain activities in the park. The Ethiopian Wildlife Development and Conservation Authority shall develop, administer and protect the Park from illegal acts through the Park’s office. An advisory committee is established. This committee shall, among other things, prepare annual plans and submit possible ideas to enhance the contribution of the local community around the park in the management and conservation of the park with a sense of ownership. In addition to the prohibited activities provided for under Article 5(1) of the Wildlife Development, Conservation and Utilization Council of Ministers Regulation No. 163/2008, it shall also be prohibited to: 1) enter the park holding poisonous substances; 2) arbitrarily dispose of trash in the park such as packing cases of foodstuff and other leftovers; 3) enter the park with a snare or a hunting weapon. ",biodiversity; management/conservation; protected area; national parks; institution; community management; offences/penalties; governance
LEX-FAOC170057,https://faolex.fao.org/docs/pdf/eth170057.pdf,Ethiopian Agricultural Commodities Warehousing Service Enterprise Establishment Council of Ministers Regulation No.331/2014.,2015-01-14,English,Agricultural & rural development; Trade,Agricultural & rural dev.,,,Ethiopia,,,Regulation,,"This Regulation of the Council of Ministers establishes the Ethiopian Agricultural Commodities Warehousing Service Enterprise and defines its functions. Rights and liabilities of the of the Ethiopia Commodity Exchange relating to warehouse operations are transferred to the Enterprise. The Ethiopia Commodity Exchange Authority shall regulate the activities of the Enterprise to ensure the integrity of all transactions in accordance with the powers provided under its establishment Proclamation No. 551/2007. The Enterprise shall, among other things: Construct modern and technology based commodity warehouses in strategic locations of the country and manage them; receive, grade, weigh, and deposit incoming commodities and deliver out-turn commodities; issue warehouse receipt and deliver commodity; put in place modern inventory management system, carry out quality certification of commodities as per the grades and standards of the Ethiopia Commodity Exchange; and put in place standardized grade-specific commodity depositing system with proper quality control regime. ",agricultural commodities; institution; classification/declassification; fiscal and market measures; certification; transport/storage; governance
LEX-FAOC170058,https://faolex.fao.org/docs/pdf/eth170058.pdf,Alitash National Park Designation Council of Ministers Regulation No. 333/2014.,2015-01-16,English,Wild species & ecosystems,Wild species & ecosystems,,,Ethiopia,,,Regulation,,"This Regulation of the Council of Ministers designates the Alitash National Park and provides with respect to its administration and boundaries. The Ethiopian Wildlife Development and Conservation Authority shall develop, administer and protect the Park from illegal acts through the Park’s office. An advisory committee is established. This committee shall, among other things, advise the office of the Park (also on community participation) and prepare annual plans for the Park, and evaluate and review performance reports before they are being submitted to the Authority. In addition to the prohibited activities provided for under Article 5(1) of the Wildlife Development, Conservation and Utilization Council of Ministers Regulation No. 163/2008, it shall also be prohibited to: 1) enter the park holding poisonous substances; 2) arbitrarily dispose of trash in the park such as packing cases of foodstuff and other leftovers; 3) enter the park with a snare or a hunting weapon. The Authority may, in consultation with the local administrations adjoining the Park, determine the rate of fine to be imposed for the transgression of domestic animals into the Park, by taking into account the financial capacity of the local communities. ",biodiversity; management/conservation; protected area; national parks; institution; community management; grazing; offences/penalties; governance
LEX-FAOC170060,https://faolex.fao.org/docs/pdf/eth170060.pdf,Gambella National Park Designation Council of Ministers Regulation No. 334/2014.,2015-01-20,English,Wild species & ecosystems,Wild species & ecosystems,,,Ethiopia,,,Regulation,,"This Regulation of the Council of Ministers designates the Gambella National Park in Gambella State and provides with respect to its administration and boundaries. The Ethiopian Wildlife Development and Conservation Authority shall develop, administer and protect the Park from illegal acts through the Park’s office. An advisory committee is established. This committee shall, among other things, advise the office of the Park (also on the enhancement of community participation) and prepare annual plans for the Park. In addition to the prohibited activities provided for under Article 5(1) of the Wildlife Development, Conservation and Utilization Council of Ministers Regulation No. 163/2008, it shall also be prohibited to: 1) enter the park holding poisonous substances; 2) arbitrarily dispose of trash in the park such as packing cases of foodstuff and other leftovers; 3) enter the park with a snare or a hunting weapon. The Authority may, in consultation with the local administrations adjoining the Park, determine the rate of fine to be imposed for the transgression of domestic animals into the Park, by taking into account the financial capacity of the local communities. In general penalties for offences are indicated in Proclamation No. 575/2008. ",biodiversity; management/conservation; protected area; national parks; institution; community management; grazing; offences/penalties; governance
LEX-FAOC170061,https://faolex.fao.org/docs/pdf/eth170061.pdf,Qafta Shiraro National Park Designation Council of Ministers Regulation No.335 /2014.,2015-01-20,English,Wild species & ecosystems,Wild species & ecosystems,,,Ethiopia,,,Regulation,,"This Regulation of the Council of Ministers designates the Qafta Shiraro National Park in the Tigray State and provides with respect to its administration and boundaries. The Ethiopian Wildlife Development and Conservation Authority shall develop, administer and protect the Park from illegal acts through the Park’s office. An advisory committee is established. This committee shall, among other things, advise the office of the Park (also on enhancement of community participation) and prepare annual plans for the Park. In addition to the prohibited activities provided for under Article 5(1) of the Wildlife Development, Conservation and Utilization Council of Ministers Regulation No. 163/2008, it shall also be prohibited to: 1) enter the park holding poisonous substances; 2) arbitrarily dispose of trash in the park; 3) enter the park with domestic animal, a snare or a hunting weapon. The Authority may, in consultation with the local administrations adjoining the Park, determine the rate of fine to be imposed for the transgression of domestic animals into the Park, by taking into account the financial capacity of the local communities. In general penalties for offences are indicated in Proclamation No. 575/2008. ",biodiversity; management/conservation; protected area; national parks; institution; community management; grazing; offences/penalties; governance
LEX-FAOC170062,https://faolex.fao.org/docs/pdf/eth170062.pdf,Simien Mountains National Park Designation Council of Ministers Regulation No. 337/2014.,2015-02-02,English,Wild species & ecosystems,Livestock; Wild species & ecosystems,,,Ethiopia,,,Regulation,,"This Regulation of the Council of Ministers designates the Simien Mountains National Park in the Amhara State and provides with respect to its administration and boundaries. The Ethiopian Wildlife Development and Conservation Authority shall develop, administer and protect the Park from illegal acts through the Park’s office. An advisory committee is established. This committee shall, among other things, advise the office of the Park (also on enhancement of community participation) and prepare annual plans for the Park. In addition to the prohibited activities provided for under Article 5(1) of the Wildlife Development, Conservation and Utilization Council of Ministers Regulation No. 163/2008, it shall also be prohibited to: 1) enter the park holding poisonous substances; 2) arbitrarily dispose of trash in the park; 3) erect buildings or other constructions; 4) enter the park with domestic animal, a snare or a hunting weapon. The Authority may, in consultation with the local administrations adjoining the Park, determine the rate of fine to be imposed for the transgression of domestic animals into the Park, by taking into account the financial capacity of the local communities. ",grazing; biodiversity; management/conservation; protected area; national parks; institution; community management; offences/penalties; governance
LEX-FAOC170063,https://faolex.fao.org/docs/pdf/eth170063.pdf,Ethiopian Environment and Forest Research Institute Establishment Council of Ministers Regulation No. 327/2014,2014-12-26,English,Environment; Forestry,Environment; Forestry,,www.ethiopar.net,Ethiopia,,,Legislation,Y,"This Regulation of the Council of Ministers establishes the  Ethiopian Environment and Forest Research Institute as an autonomous federal government office having its own legal personality. The Institute shall, among other things: Identify, import, adapt, utilize and generate technologies that significantly contribute to forest development and environmental protection that focuses on the priorities of the country and demand of users; coordinate the environment and forest research activities carried out by environment and forest research centers or higher education institutes; build capacity and establish a system that enables the environment and forest research activities to be efficient, effective and development-based. The Institute shall also carry out operational duties such as adapting and distributing fast growing tree species that enable to mitigate environmental degradation, desertification, and extinction of species and solve problem of forest products supply and organizing environment and forest research centers, laboratories and stations. ",institution; erosion; sustainable development; desertification; climate change; hazards; governance; institution; research; forestry protection measures; seeds/planting material; forest management/forest conservation; governance
LEX-FAOC170209,https://faolex.fao.org/docs/pdf/eth170209.pdf,Senkele Swayne's Hartebeests Sanctuary Designation Council of Ministers Regulation No. 336/2014.,2015-02-02,English,Wild species & ecosystems,Wild species & ecosystems,,chilot.me,Ethiopia,,,Regulation,,"This Regulation of the Council of Ministers designates the Senkele Swayne's Hartebeests Sanctuary in the Amhara State and provides with respect to its administration and boundaries. The Ethiopian Wildlife Development and Conservation Authority shall develop, administer and protect the Sanctuary from illegal acts through the Sanctuary’s office in Siraro. An advisory committee is established. This committee shall, among other things, advise the office of the Sanctuary (also on enhancement of local community participation) and prepare annual plans for the Sanctuary. In addition to the prohibited activities provided for under Article 5(1) of the Wildlife Development, Conservation and Utilization Council of Ministers Regulation No. 163/2008, it shall also be prohibited to: 1) enter the Sanctuary holding poisonous substances; 2) arbitrarily dispose of trash in the Sanctuary; 3) enter the Sanctuary with domestic animal, a snare or a hunting weapon. ",biodiversity; management/conservation; protected area; national parks; institution; community management; offences/penalties; governance
LEX-FAOC170210,https://faolex.fao.org/docs/pdf/eth170210.pdf,Raw Hides and Skins Marketing Council of Ministers Regulation No 339/2015.,2015-02-13,English,Livestock; Trade,Livestock,,www.ethiopar.net,Ethiopia,,,Regulation,,"This Regulation of the Council of Ministers implements provisions of the Raw Hides and Skins Marketing Proclamation with regard to the number and distribution of first level raw hides and skins marketing centers.it sets out criteria for the establishment of such centers an provides with respect to their administration. It also sets out obligations of producers, suppliers and transporters of raw skins and hides and of tanneries and provides with respect to marketing and quality control and enforcement. The appropriate organ (defined by the Proclamation) shall assign raw hides and skins marketing controllers and the Ministry of Agriculture and the regional agricultural bureaus shall assign raw hides and skins quality controllers. The first level raw hides and skins marketing center shall be determined based on the availability of land and supply of raw hides and skins of the locality. It shall meet criteria regarding facilities and shall be administered by authorized body located within the district or municipality and empowered to administer the center. ",animal production; animal by-products; internal trade; inspection; authorization/permit; enforcement/compliance
LEX-FAOC170211,https://faolex.fao.org/docs/pdf/eth170211.pdf,Live Animals Marketing Proclamation No. 819/2014.,2014-03-26,English,Livestock,Livestock,,www.ethiopar.net,Ethiopia,,,Legislation,,"This Proclamation provides with respect to marketing of live animals, i.e. cattle, sheep, goat, camel and other animals to be designated as such by the Ministry of Trade. Marketing of live animals shall be carried out at first-level and second-level live animals market centers. Marketing of live animals (by auction or negotiation) at first-level live animals market centers shall be carried out: a) among breeders; or b) between breeders, as sellers, and cooperative societies, feedlot operators, exporters, abattoirs, butchers and consumers, as buyers. Any person, except consumers, breeders and cooperative societies, participating at first level live animals market centers shall have valid business license. Marketing at second-level centers shall be carried out between: a) breeders, as sellers, and exporters, abattoirs, butchers and consumers, as buyers; (b) feedlot operators, as sellers, and exporters, abattoirs, butchers and consumers, as buyers; and (c) cooperative societies, as sellers, and exporters, abattoirs, butchers and consumers, as buyers. The Proclamation also concerns prices of animal, animal transportation and animal health control. Furthermore, it sets out rights and obligations persons involved in marketing and duties of the the appropriate organ (the Ministry or a regional organ, empowered to issue business license). ",animal production; animal by-products; internal trade; international trade; inspection; authorization/permit; animal health; animal welfare
LEX-FAOC170212,https://faolex.fao.org/docs/pdf/eth170212.pdf,Live Animals Marketing Council of Ministers Regulation No. 341/2015.,2015-02-17,English,Livestock,Livestock,,www.ethiopar.net,Ethiopia,,,Regulation,,"This Regulation, issued by the Council of Ministers under Article 18(1) of the Live Animals Marketing Proclamation, concerns the establishment, administration, organization and use of live animals marketing centers, which are places designated by the appropriate organ for marketing of live animals in accordance with the Proclamation. These centers shall be established throughout the country in accordance with this Regulation. There shall be first-level and second-level live animals marketing centers. There shall also be waiting centers and feedlot stations. Animals shall be moved from first-level centers to second-level centers in accordance with this Regulation. The Regulation also specifies obligations of market actors, feedlot operators, exporters and transporters of animals and makes provision for general control by live animal market supervisors and health control live animals health controller. ",animal production; internal trade; international trade; inspection; cattle; authorization/permit; transport/storage; animal health; animal welfare; offences/penalties
LEX-FAOC170213,https://faolex.fao.org/docs/pdf/eth170213.pdf,Monolithic Churches of Lalibela World Heritage Reserved Area Designation Council of Ministers Regulation No. 344/2015.,2015-08-28,English,Wild species & ecosystems,Water; Wild species & ecosystems,,www.ethiopar.net,Ethiopia,,,Regulation,,"This Regulation designates  and delimits Core and Buffer Zones of the Monolithic Churches of Lalibela World Heritage Sites and places restrictions on the use of designated areas. The Authority for Research and Conservation of Cultural Heritage shall develop, administer and protect the designated heritage site from illegal acts through the site management office to be organized at Lalibela city pursuant to Article 5 of the Research and Conservation of Cultural Heritage Proclamation. An Advisory Committee for the designated heritage site is hereby established.  The Committee shall among other things, facilitate conditions to develop sense of ownership among the local population surrounding the heritage sites to play active role in the protection of the heritage and as to the creation of strong coordination and linkage between stakeholders of the surrounding area and review the annual plans and performance of the office before they are being submitted to the Authority.  Construction of water reservoirs and planting of trees that may damage the site are among the activities there are prohibited. ",waterworks; cultural heritage; protected area
LEX-FAOC170214,https://faolex.fao.org/docs/pdf/eth170214.pdf,"Food, Medicine and Health Care Administration and Control Council of Ministers Regulation No. 299/2013.",2014-01-24,English,Food & nutrition; Health,Food & nutrition; Water; Waste & hazardous substances,,,Ethiopia,,,Regulation,,"This Regulation, made under the Food, Medicine and Health Care Administration and Control Proclamation, establishes rules relative to food and health safety administration and control. The Regulation sets out general rules relative to food safety and quality but also regulates specific matters such as food fortification, food irradiation, food adulteration and counterfeiting, food supplement and genetically modified foods, infant and Follow up Formula and Complementary Food, and Trans-Regional Water Supply. The Regulation also provides for post marketing surveillance and medicine seizure and disposal, certain health issues related to air pollution,  (hazardous) waste management and waste from foreign sources. ",food safety and quality; hygiene/sanitary procedures; institution; policy/planning; breastfeeding/infant food; treated food; inspection; enforcement/compliance; offences/penalties; good practices; nutrition; governance; food additives; food security; novel food; radiation; public health; food fortification; water supply; pollution control; waste disposal; waste non-domestic sources; transboundary movement of waste; hazardous substances; hazardous waste; waste management
LEX-FAOC170215,https://faolex.fao.org/docs/pdf/eth170215.pdf,Bale Mountains National Park Designation Council of Ministers Regulation No 338/2014.,2015-02-02,English,Wild species & ecosystems,Livestock; Wild species & ecosystems,,chilot.me,Ethiopia,,,Regulation,,"This Regulation of the Council of Ministers designates the Bale Mountains national Park in the Oromia State  and provides with respect to its administration and boundaries. The Ethiopian Wildlife Development and Conservation Authority shall develop, administer and protect the Park from illegal acts through the Park’s office. An advisory committee is established. This committee shall, among other things, advise the office of the Park (also on enhancement of community participation) and prepare annual plans for the Park. In addition to the prohibited activities provided for under Article 5(1) of the Wildlife Development, Conservation and Utilization Council of Ministers Regulation No. 163/2008, it shall also be prohibited to: 1) enter the park holding poisonous substances; 2) arbitrarily dispose of trash in the park such as packing cases of foodstuff and other leftovers; 3) enter the park with a snare or a hunting weapon. The Authority may, in consultation with the local administrations adjoining the Park, determine the rate of fine to be imposed for the transgression of domestic animals into the Park, by taking into account the financial capacity of the local communities. In general penalties for offences are indicated in Proclamation No. 575/2008. ",grazing; biodiversity; management/conservation; protected area; national parks; institution; community management; offences/penalties; governance
LEX-FAOC170216,https://faolex.fao.org/docs/pdf/eth170216.pdf,Energy Proclamation No. 810/2013.,2014-01-27,English,Energy,Agricultural & rural dev.; Energy,,www.ethiopar.net,Ethiopia,,,Legislation,,"This Proclamation requires the Ethiopian Energy Authority to be established by Regulation, defines the powers of the Authority  and provides rules for the generation, transmission, distribution and sale, importation or exportation of electricity. It also establishes the Energy Efficiency and Conservation Fund. Any person desiring to generate, transmit or distribute electricity for non-commercial purposes shall notify the Authority in advance and produce documents evidencing that he or she has fulfilled environmental protection and safety conditions. The Proclamation also concerns use of land for generation, transmission or distribution of electricity, expropriation of Land and energy efficiency and conservation. The Authority shall develop and implement national energy efficiency and conservation strategies and programs. Any person desiring to generate, transmit or distribute electricity for non-commercial purposes shall notify the Authority in advance and produce documents evidencing that . he has fulfilled environmental protection and safety conditions and licensees shall comply with this Proclamation, regulations and directives issued hereunder and in the relevant environmental protection laws. ",agricultural development; institution; special fund; governance; energy conservation/energy production; renewable energy; ecofriendly products/ecofriendly processes
LEX-FAOC170217,https://faolex.fao.org/docs/pdf/eth170217.pdf,Ethiopian Energy Authority Establishment Council of Ministers Regulation No.308/2014.,2014-05-22,English,Energy,Energy,,www.ethiopar.net,Ethiopia,,,Regulation,Y,"This Regulation of the Council of Ministers, made under the Energy Proclamation, establishes the Ethiopian Energy Authority as an autonomous federal government office having its own legal personality. The objectives of the Authority shall be to: Promote competitiveness in the energy sector; ensure efficient, economical and fair supply of energy; and promote energy. The Authority shall have the powers and duties to exercise the powers and duties provided for under Article 4 of the Proclamation. The rights and obligations of the Electricity Agency established under the Electricity Proclamation No. 86/1997 are transferred to the Authority. ",energy conservation/energy production; renewable energy; institution; governance
LEX-FAOC170274,https://faolex.fao.org/docs/pdf/eth170274.pdf,Ethiopia’s Climate-Resilient Green Economy - Climate Resilience Strategy: Water and Energy,,English,Energy; Environment; Water; Climate change,Energy; Environment; Food & nutrition; Water,,,Ethiopia,,,Policy,,"The Ethiopia’s Climate-Resilient Green Economy - Climate Resilience Strategy for water and energy aims at economic growth and poverty reduction by analyzing economic and social impacts of current climate variability and accordingly taking preventive measures for the impacts of future climate change in water and energy sectors to build climate resilience in Ethiopia and deliver an integrated Climate Resilient Green Economy. Climate change adaptation efforts will be implemented to ensure food security. Access to clean water and sanitation will be enhanced through Ethiopia’s One WASH National Programme. In order to ensure agricultural sustainability, effective water resource management will be implemented to minimize situations of water scarcity, rainfed agriculture will be strengthened and climate resilient agriculture will be supported. Access to clean water and modern energy services will be ensured, mainly for women and girls, with the aim of poverty reduction and public health. Electricity production will be increased by scaling up renewable generation capacity, especially through hydropower generation, to meet the future demand and export additional electricity. Furthermore, private sector involvement will be ensured in energy sector. The Energy Efficiency and Conservation Fund will be established. Public awareness will be raised in energy efficiency. The level of preparedness will be improved through risk assessment and mapping of climate change and related hazards. Climate planning assumptions will be made on a monthly and yearly basis. According to the results of these assumptions, environmental and social impact assessments will be made regarding electricity production, biomass usage, water resources, agricultural production, forest management, rural poverty, food security. Greenhouse gas emissions will be reduced by improving fuel use efficiency. As a response to climate change for both smallholders and industrial agriculture, well-designed irrigation systems and improved water storage facilities will be developed. Resilience to climate change will be increased in water resources management through Ethiopia’s One WASH National Programme which promotes usage of groundwater resources instead of vulnerable surface water resources. Timely, reliable and usable data will be provided to decision makers at all levels. The Directorates of the Ministry of Water, Irrigation and Energy and Regional Governments are responsible for the delivery and implementation of the actions of this Strategy. The Ministry of Water, Irrigation and Energy will integrate Climate Resilient Green Economy into the existing systems. The Director for Environmental and Social Impact Assessment is responsible for day-to-day co-ordination of the Climate Resilient Green Economy within the Ministry of Water, Irrigation and Energy. The Ethiopian Energy Authority is responsible for developing and implementing energy efficiency strategies and programs. The Ministry of Agriculture will be in collaboration with the Regional governments and the Agricultural Transformation Agency on irrigation and industrial agriculture. Existing plans on water and energy sectors will be coordinated to accelerate their implementation. ",business/industry/corporations; capacity building; climate change; data collection/reporting; hazards; environmental impact assessment (EIA); emissions; energy conservation/energy production; financing; gender; institution; integrated management; policy/planning; poverty; rainwater; research; risk assessment/management; governance; green economy; hazards; food security; potable water; public health; social protection; business/industry/corporations; capacity building; climate change; data collection/reporting; hazards; environmental impact assessment (EIA); financing; gender; groundwater; hydropower generation; industrial water use; inland waters; institution; integrated management; irrigation; policy/planning; potable water; rainwater; research; risk assessment/management; surface water; water shortage/drought; water supply; waterworks; governance; renewable energy; business/industry/corporations; capacity building; climate change; data collection/reporting; hazards; environmental impact assessment (EIA); energy conservation/energy production; financing; hydropower generation; institution; policy/planning; renewable energy; research; risk assessment/management; governance
LEX-FAOC170312,https://faolex.fao.org/docs/pdf/eth170312.pdf,Ethiopian Public Health Institute Establishment Council of Ministers Regulation No. 301/2013.,2014-01-15,English,Health,Environment; Food & nutrition,,,Ethiopia,,,Regulation,,"This Regulation establishes Ethiopian Public Health Institute as an autonomous federal government office and defines its objectives, functions and powers and provides with respect to its administration. The objectives of the institute shall be to, among other things, conduct research on public health, detect public health risks. It shall undertake national surveys and surveillances on communicable and non-communicable diseases, nutritional problems, environmental health, health system and other health related issue, and produce or provide scientific assistance for local large scale production of vaccines, diagnostic kits, food science and nutritional products, and other related substances useful for the health service, through technology transfer, for major public health problems. ",public health; environmental security; institution; research; monitoring; nutrition; governance
LEX-FAOC170313,https://faolex.fao.org/docs/pdf/eth170313.pdf,National Institute for Control and Eradication of Tsetse Fly and Trypanosomosis Council of Ministers Regulation No. 304/2013.,2014-02-27,English,Livestock; Health,Livestock; Food & nutrition,,,Ethiopia,,,Regulation,Y,"This Regulation of the Council of Ministers establishes the Ethiopian Environment and Forest Research Institute as an autonomous federal government organ having its own legal personality. The Institute shall be accountable to the Ministry of Agriculture. The objective of the Institute shall be to make areas affected by tsetse fly and trypanosomosis free of the pest with a view to increasing the products and productivity of animal and crops and providing animals of good quality to beneficiaries and thereby make proper contribution in the process of enabling the society to be self-sufficient in food. It shall, among other things: identify areas affected by tsetse fly and trypanosomosis and organize them to make suitable for work, and work in collaboration with the relevant bodies and carry out research and activities for the eradication of the tsetse fly. ",animal health; pests/diseases; institution; governance; food security
LEX-FAOC170314,https://faolex.fao.org/docs/pdf/eth170314.pdf,Sesame and White Pea Beans Transaction Council of Ministers (Amendment) Regulation No. 307/2014.,2014-04-28,English,Cultivated plants,Food & nutrition; Cultivated plants,,,Ethiopia,,,Regulation,,"This Regulation amends the Sesame and White Pea Beans Transaction Council of Ministers Regulation in article 2 with respect to definitions, in article 3 by replacing the first sub-article (which requires the transaction of sesame or white pea beans at primary transaction centers to be carried out only between producers and suppliers or producers and processors), in sub-article (1) of Article 4 which requires the transaction of sesame or white pea beans at the Ethiopian Commodity Exchange to be carried out only between producers or suppliers and exporters or processors based on the Ethiopian Commodity Exchange rules, in articles  4 and 15 by making institutional arrangements, and in article 16 specifying obligations of processors. ",food safety and quality; international trade; classification/declassification; vegetables/legumes; oils/oilseeds/fats; processing/handling; inspection; enforcement/compliance; offences/penalties; agricultural commodities; agricultural development; institution; plant production; agricultural commodities; governance
LEX-FAOC170319,https://faolex.fao.org/docs/pdf/eth170319.pdf,"Food, Beverage and Pharmaceutical Industry Development Institute Establishment Council of Ministers Regulation No. 287/2013.",2013-06-20,English,Livestock; Food & nutrition,Livestock; Food & nutrition,,,Ethiopia,,,Regulation,Y,"This Regulation of Council of Ministers  establishes the Food, Beverage and Pharmaceutical Industry Development Institute is hereby established as an autonomous federal government institution having its own legal personality. The objective of the Institute shall be to provide all-round support to the food, beverage and pharmaceutical industry and thereby accelerate technology transfer, achieve transformation and enable the industry to be competitive at international level. ",animal health; drugs; food safety and quality; hygiene/sanitary procedures; institution; policy/planning; governance
LEX-FAOC170320,https://faolex.fao.org/docs/pdf/eth170320.pdf,Veterinary Drug and Animal Feed Administration and Control Authority Establishment Council of Ministers Regulation No. 272/2012.,2012-12-04,English,Livestock; Food & nutrition,Livestock; Food & nutrition,,www.ethiopar.net,Ethiopia,,,Regulation,Y,"This Regulation of the Council of Ministers establishes the Veterinary Drug and Feed Administration and Control Authority as an autonomous federal government organ and provides with respect to its administration, functions and powers. The Authority shall be accountable to the Ministry of Agriculture. The objective of the Authority shall be to ensure improvement of animal productivity and availability of wholesome animal products to the consumers. The Authority shall have an advisory board, which shall provide advice on: the formulation and implementation of policies, strategies and guidelines for ,ensuring the safety and efficacy of veterinary drugs and quality standards of feed; a disposal system for expired and substandard veterinary drugs, feed and feed additives; the implementation of international agreements concerning veterinary drugs and feed. ",animal production; animal health; institution; animal feed/feedstuffs; feed additives; governance; food safety and quality; hygiene/sanitary procedures; meat
LEX-FAOC170321,https://faolex.fao.org/docs/pdf/eth170321.pdf,National Planning Council and the National Planning Commission Establishment Council of Ministers Regulation No. 281/2013.,2013-02-11,English,Land & soil,Land & soil,,,Ethiopia,,,Regulation,,"This Regulation establishes the National Planning Council as an autonomous federal government organ. The objective of the Commission shall be to prepare five-year plans of national development in the framework of country wide balanced growth within the context of a long term perspective plan of fifteen years, and conduct periodic evaluation of the implementation of the plans. ",land-use planning; urban land; institution; governance
LEX-FAOC170521,https://faolex.fao.org/docs/pdf/eth170521.pdf,Ethiopian Agricultural Investment Land Administration Agency Establishment Council of Ministers Regulation No. 283/ 2013.,2013-03-04,English,Land & soil,Agricultural & rural dev.; Land & soil,,,Ethiopia,,,Regulation,,"This Regulation establishes the Agricultural Investment Land Administration Agency as an autonomous federal government agency. The Agency shall have the objectives to: To administer agricultural investment lands entrusted to the federal government on the basis of power of delegation obtained from regional states; enhance, facilitate and support expansion of agricultural investment and sustainable growth of production and productivity; create favourable conditions for production of agricultural investment products in sufficient quantity for export and local markets that meet the requirements of agricultural investment code of conduct; and organize and administer agricultural economy zone. Agricultural investment land means  agricultural investment land above 5,000 hectare or less but deemed feasible and administered by the federal government on the basis of power of delegation obtained from regional states. ",agricultural development; investment; land tenure; institution; foreign land tenure; investment; governance
LEX-FAOC170522,https://faolex.fao.org/docs/pdf/eth170522.pdf,Ethiopian Water Technology Institute Establishment Council of Ministers Regulation No. 293/2013.,2013-08-06,English,Water,Water,,,Ethiopia,,,Regulation,,"This Regulation of the Council Ministers establishes the Ethiopian Water Technology Institute as an autonomous federal government office. The Institute shall be accountable to the Ministry of Water, Irrigation and Energy. The Institute shall have the objectives to: Facilitate the transfer of technology to those engaged in water development and related activities; provide practical trainings to capacitate the existing and potentially joining manpower of the sector in cooperation with other technical and vocational education and training institutions and higher education instutuion; and produce and build capacity of instructors required by technical and vocational education and training institutions. ",waterworks; institution; education; innovation; governance
LEX-FAOC170523,https://faolex.fao.org/docs/pdf/eth170523.pdf,Ethiopian Meat and Dairy Industry Development Institute Establishment Council of Ministers Regulation No. 295/2013.,2013-09-06,English,Livestock; Food & nutrition,Agricultural & rural dev.; Livestock; Food & nutrition,,,Ethiopia,,,Regulation,Y,"This Regulation of the Council of Ministers establishes the Ethiopian Meat and Dairy Industry Development Institute as an autonomous federal government office, defines its objectives, functions and powers and provides with respect to its administration. The Institute shall have as objective to provide all-round support to the meat and dairy industry and thereby accelerate technology transfer, achieve transformation and enable the industry to be competitive at international level. The Institute shall, among other things, formulate policies, strategies, directives and action plans, conduct research and development, provide consultancy services to meat and dairy industry, set up a database related to livestock resources and the industry and assist the industry in inputs and infrastructure. ",agricultural development; agricultural development; animal production; meat; milk/dairy products; institution; research; governance
LEX-FAOC170524,https://faolex.fao.org/docs/pdf/eth170524.pdf,"Addis Ababa City Government Food, Medicine and Health Care Administration and Control Authority Establishment Proclamation No. 30/2012.",2012-02-18,English,Food & nutrition,Environment; Food & nutrition; Water,,,Ethiopia,,Addis Ababa,Regulation,,"This Proclamation of the Addis Ababa City Council establishes the and defines its objectives and powers. The objectives of the Authority shall be:- To protect the health of consumers in Addis Ababa City by ensuring; food safety and quality, the safety, efficacy, quality and proper use of medicines, competence and ethics of health professionals, medical practitioners and pharmacy professionals, the standard of health institutions; and the hygiene and environmental health protection suitability for individual and community health. The Proclamation also sets out powers and functions of Head of the Woreda Office and provides for the appointment of inspectors. The Authority shall be organized and operational at city, sub-city and Woreda level. The sub-city office shall, among other things, inspect and follow up that the quality of water supply for the public is up to the standard. ",pollution control; environmental security; food safety and quality; hygiene/sanitary procedures; institution; governance; water supply
LEX-FAOC215805,https://faolex.fao.org/docs/pdf/eth215805.pdf,Ethiopia's Updated Nationally Determined Contributions (NDC).,,English,Climate change,Agricultural & rural dev.; Livestock; Air & atmosphere; Energy; Food & nutrition; Forestry; Land & soil; Cultivated plants; Water; Wild species & ecosystems; Waste & hazardous substances; General,,https://unfccc.int/,Ethiopia,,,Policy,,"The Ethiopia's Updated Nationally Determined Contributions (NDC) presents its enhancement to the first NDC, covering the period from 2020 to 2030. In determining mitigation contributions, the following activities were undertaken: (i) updating the BAU GHG emission pathway, (ii) preparing GHG emission reduction pathways to 2030 (national and sectoral), (iii) setting 2025 and 2030 mitigation targets consistent with Ethiopia’s strong political ambition and readiness to act on climate change, (iv) assessing and prioritizing mitigation interventions and indicator selection through a consultative process, and (v) disaggregating conditional and unconditional contributions In determining adaptation contributions, the following activities were undertaken: a review of Ethiopia’s adaptation policy, institutional landscape, andtheir respective challenges; setting a 2018 baseline and 2030 targets; prioritization of 40 adaptation interventions and the selection of accompanying indicators. Apart from this, a review of Ethiopia’s current measuring, reporting and verification (MRV) and monitoring and evaluation (M&E) systems was also conducted. NDC Mitigation Contributions are identified across sectors. 1) Land use change and forestry (LUCF) has the largest mitigation potential; policy interventions promote sustainable agriculture by increasing the share of agricultural land under sustainable management practices, and reducing pre-harvest losses and land converted for agricultural infrastructure; Grassland improvement for carbon sequestration; Reducing residential biomass use by enabling a fuel shift from unsustainable biomass energy demand to electric stoves, renewable biofuels, and improved cookstoves; Reforestation and Restoration of land. 2) Livestock exhibits the second most important mitigation abatements. Policy interventions promote: enhancing efficiency and productivity in livestock subsectors (dairy, red meat and poultry intervention packages); agricultural mechanisation by using tractors for farmers and smallholders; increase in the share of poultry; improved feeding to reduce emissions from enteric fermentation. 3) In the Energy sector policy interventions encompass: economy-wide improvements of energy efficiency of appliances, machinery and other capital assets; shifting transport energy demand from petroleum to electricity, and increasing the share of electric vehicles and public transport; industry fuel shift from industrial petroleum demand to electricity and sustainable biomass. 4) In the Waste sector interventions are focused on  reducing waste generation, diverting organic materials from landfills, i.e. waste separation and composting, and reducing emissions from wastewater. 5) Industry sector. 6) Soil sector, this latter is directly linked to the livestock sector which comprises all emission- relevant policy interventions. As captured in Chapter 7 and Annex 2, Ethiopia’s major climate change adaptation commitments are in the sectors of agriculture, land use and forestry, with additional adaptation contributions in water, health, energy, transport, and urban settlements. 1) Under Agricultural sector the policy interventions are aimed at enhancing food security by improving agricultural productivity in a climate-smart manner (promote yield increasing techniques); diversify livestock and animal mix, including promotion of poultry and small ruminants; enhanced climate resilience in livestock; prevent and control the spread of climate-driven vector-borne diseases; improve rangeland and pasture-land management diversification, including selection of drought- resistant animal breeds; expand the use of improved crop varieties with climate resilient characteristics; strengthen crop disease and pest monitoring systems in vulnerable areas; strengthen drought and crop insurance mechanisms for climate risk management. 2) In the forest sector actions include restoration and reforestation through tree planting; increase national forest coverage; enhance sustainable forest management; improve sustainable utilisation of forest resources; implement forest protection and health enhancement measures in natural forest ecosystems. 3) In Land use and Resource management Ethiopia commits to: enhance climate resilient livelihoods of wildlife resource dependent communities in protected areas; and enhance sustainable natural resources development, management, and watershed protection. 4) In the Water sector policy intervention are: integrated watershed development; improve access to potable water to strengthen community climate resilience; expand the construction of medium and large- scale irrigation systems to enhance food security. 5) In the Energy sector actions are: increasing number of households using renewable off-grid energy sources for lighting. 6) In the Urban and Transport sectors initiatives for instance promote increase of climate resilient designs and safety standards for transport systems; enhance urban greenery for improved climate resilience Undertake climate-adaptive urban planning. 7) In climate services and disaster risk reduction is promoted: enhancing climate service data reliability; surface water and groundwater resource assessment coverage; enhancing water quality monitoring coverage. 8) In the Health sector for instance is promoted the increase proportion of households with safe water supply. ",public health; agricultural development; agricultural land; land clearing; ecological production/organic production; agricultural commodities; innovation; smallholders/peasants; agro-forestry; animal production; poultry; ranching/captive breeding; birds; food security; meat; milk/dairy products; poultry products; food safety and quality; afforestation/reforestation; forest management/forest conservation; forest fires; forestry protection measures; protected area; protection forest; protection of environment; hazards; soil conservation/soil improvement; soil rehabilitation; crops ; pests/diseases; plant protection; plant variety; basin/catchment/watershed; irrigation; potable water; water supply; groundwater; monitoring; data collection/reporting; surface water; inland waters; ecosystem conservation; resource/damage valuation; protected area; sustainable use; use restrictions; climate change; hazards; early warning system; emissions; emissions trading; risk assessment/management; biofuel; energy conservation/energy production; renewable energy; oil; effluent waste water/discharge; organic waste; waste management; waste prevention
LEX-FAOC171767,https://faolex.fao.org/docs/pdf/eth171767.pdf,"Rural Land Administration and Use System Implementation, Council of Regional Government Regulation No. 51/2007.",2007-05-11,English,Agricultural & rural development; Land & soil,Agricultural & rural dev.; Environment; Land & soil; Water,,chilot.files.wordpress.com,Ethiopia,,Amhara,Regulation,,"This Regulation concerns rural land management and rights and use of rural land in Amhara National Region. It seeks to create favourable conditions enabling the land administration system to promote long-lasting agricultural development and productivity in the regional state by causing the full implementation of the rights and obligations pertaining to the rural land holders as are stipulated under the Revised Rural Land Administration and Use Determination Proclamation. It also provides for the preservation of the soil fertility, devises a land documentation mechanism, provides special protection accorded to women, incapables and orphans, and provides with respect to investment in rural land. Rural residents engaging or wishing to engage in an agricultural activity have a right to freely acquire a land holding in the regional state. Non-commercial organizations may acquire land if this does not affect rights of farmers. Private investors who desire to engage in an agricultural business may lease land from the Government or obtain a rental agreement from private holders. The Regulation also introduces size ceilings, provides with respect to land redistribution at kebele level (also concerning irrigated land), defines ways to transfer or give in lease land, defines obligations of persons who have acquired rural land holding or the use rights (also in respect of water flows, farming, soil conservation, prevention of degradation), provides with respect to land surveys, provides for enforcement and provides for and defines responsibilities of local government in land use and rights (the Amhara National Regional State Environmental Protection, Land Administration and Use Authority’s Woreda representative and kebele and sub-kebele land administration and use committees). The Regulations also provide with respect to expropriation of public land and compensation, for public participation and the resolution of disputes. Rural land holders may be deprived of their right if they do not farm the land in accordance with this Regulation. ",agricultural development; farming; irrigation; investment; soil pollution/quality; integrated management; investment; pollution control; land reform; land tenure; agricultural land; ownership; land-use planning; dispute settlement; smallholders/peasants; gender; expropriation; abandoned land/unoccupied land; cadastre/land registration; transfer rights ; survey/mapping; public land; private land; public participation; investment; property rights; irrigation; investment
LEX-FAOC171769,https://faolex.fao.org/docs/pdf/eth171769.pdf,Ethiopian National Accreditation Office Re-Establishment Council of Ministers Regulation (No. 279/2012).,2013-01-08,English,Trade,Agricultural & rural dev.,,,Ethiopia,,,Regulation,,"This Regulation re-establishes the Ethiopian National Accreditation Office as an autonomous federal government office and defines its functions and powers. The Office shall, among other things, contribute its part for the acceptance and appreciation of Ethiopian products and services in domestic and international markets by developing appropriate infrastructure of national accreditation system compatible with international requirements, and establish and implement accreditation system which allows locally provided conformity assessment services to be recognized internationally. The office shall have a Council of Accreditation, which shall review and approve directives to be issued by the Office pursuant to Article 6(5) of this Regulation. ",agricultural development; certification; institution; governance
LEX-FAOC216555,https://faolex.fao.org/docs/pdf/eth216555.pdf,National Strategic Plan for the Prevention and Control of Major Non-Communicable Diseases 2013-2017 EFY (2020/21-2024/25).,,English,Health,Food & nutrition; General,,http://dataverse.nipn.ephi.gov.et/,Ethiopia,,,Policy,,"The National Strategic Plan for the Prevention and Control of Major Non-Communicable Diseases 2013-2017 EFY (2020/21-2024/25) (NCD Strategic Plan) has as overarching goal to reduce the burden of NCDs by promoting healthy lifestyles, reducing common risk factors and providing integrated, evidenced based, innovative and cost effective clinical interventions. The objectives of the national NCD Strategic Plan are: 1) strengthen national capacity, public policies through health in all policies, leadership, governance, multi-sectoral action and partnership to accelerate country response for prevention and control of non-communicable diseases; 2) Reduce exposure to modifiable risk factors for non-communicable diseases and promotion of health throughout the lifecycle through the creation of health-promoting environments; 3) Strengthen and reorient health systems to address prevention and control of non-communicable diseases through people-centered primary health care and universal health coverage; 4) Strengthen national capacity for NCD surveillance and high-quality research for prevention and control of non- communicable diseases 5) Strengthen international cooperation and advocacy to raise the priority accorded to prevention and control of non-communicable diseases in the development agenda and in internationally agreed development goals. Strategic Interventions include: implementing public awareness activities on healthy diets; develop national dietary guidelines to promote healthy dietary habits; collaborate with the national/regional nutrition council and task forces to address the dietary risk factors for NCDs; liaise with the Ministry of Education to introduce healthy diet promotion in school curriculums and awareness creation activities; develop and implement policies and legislations to promote healthy diet (reduction of salt, sugar, saturated fat, trans-fat; and promote regular fruit and vegetable consumption); promoting physical activity; reduce harmful consumption of alcohol and tobacco; promote interventions on the reduction of exposure to environmental and occupational risk factors. The One Health Tool was used to to estimate cost of interventions, what interventions are needed, personnel time needed, number of drugs needed, etc. ",public health; equity; gender; social protection; governance; research; monitoring; public private partnership (PPP); nutrition; One Health approach; school feeding; sugar
LEX-FAOC173307,https://faolex.fao.org/docs/pdf/eth173307.pdf,National Energy Policy.,,English,Energy,Energy; Environment; Water,,www.epa.gov.et,Ethiopia,,,Policy,,"This document sets out the general energy policy for Ethiopia. It places high priority on modern energy (ecologically and environmentally sound) resources development and in particular hydro-power resource development, but also concerns energy conservation and sustainable use of energy. Due attention shall be paid to ecological and environmental issues during the development of energy projects. One of the elements of the policy is  community participation, especially the participation of women, in all aspects of energy resources development. ",sustainable development; ecofriendly products/ecofriendly processes; gender; waterworks; industrial water use; hydropower generation; renewable energy; policy/planning; energy conservation/energy production; renewable energy
LEX-FAOC174138,https://faolex.fao.org/docs/pdf/eth174138.pdf,Pest Management Support Services Strategy for Ethiopia.,2016-04-01,English,Cultivated plants,Cultivated plants,,,Ethiopia,,,Policy,,"The Pest Management Support Services Strategy for Ethiopia is a national policy with a sectoral approach. The time-frame of the policy is five years between 2015 and 2019. The objective of the Pest Management Support Services Strategy is developing pest management strategies to increase crop productivity, to produce quality products for marketing and to take crop protection measures. Crop protection measures will be taken to eradicate and prevent the spread of new pest species, and to reduce pest incidence, restrict their distribution and reduce crop losses. The national pest diagnostic laboratories, national analytic laboratories, plant health clinics, quarantine posts, greenhouses and insectary will be established. The National Biosystematics Center will be equipped with the necessary facilities and infrastructure. In addition, resource allocation will be improved for running the Pest Management Support Services Strategy across the country. The quarantine inspection services will be strengthened and updated to meet international standards by establishing national surveillance system, early warning system, post entry quarantine and a system to identify free and low pest prevalence areas. Prevention and management of invasive alien species will be developed by using national ICT. Pre- and post-registration pesticide management system will be strengthened. Database for pest management will be developed. Integrated pest management will be promoted by determining crop-pest combinations, developing and adapting pest and crop management practices for these combinations, producing guidelines for use and by training through Farmers Field School and other appropriate mechanisms. In order to ensure sustainable development in plant production, institutional capacity building will be enhanced and public participation in pest management program will be promoted. The human resource will be trained and developed by giving technical support by the Ministry of Agriculture and Natural Resources. Awareness raising platforms will be established with the engagement of all stakeholders at all levels. The Ministry of Agriculture and Natural Resources is responsible for the implementation of this Strategy. Furthermore the Ministry Agriculture and Natural Resources monitors all stages of the Strategy in cooperation with the Ministry of Environment, Forest and Climate Change, Ministry of Transport, Roads Authority, the Directorates, related state agencies and private plant protection products suppliers. A Plant Protection Advisory Council will be established to advise and provide technical information to the Ministry regarding the implementation of the Strategy and allocate funds to address the challenges underlined in the Strategy. A national and regional phytosanitary legislation will be drafted and the existing plant protection and quarantine regulations will be updated. Moreover directives and guidelines for the implementation of the Pest Management Support Services Strategy will be drafted, responsibilities of the federal and regional institution will be defined and strong linkage will be established among institutions. ",plant production; plant protection; plant variety; early warning system; policy/planning; pests/diseases; integrated pest management-IPM/pest management strategies; internal trade; international trade; quarantine; inspection; research; education; data collection/reporting; crops ; capacity building; institution; invasive alien species; special fund; public participation; registration; governance
LEX-FAOC183197,https://faolex.fao.org/docs/pdf/eth183197.pdf,Coffee Marketing and Quality Control Proclamation No. 1051/2017.,,English,Food & nutrition,Food & nutrition; Cultivated plants,,www.ethiopar.net,Ethiopia,,,Legislation,,"This Proclamation provides rules for the control of the quality shall apply to any person who directly or indirectly involves in coffee marketing and quality control of coffee. This Proclamation shall apply to any person who directly or indirectly involves in coffee marketing and quality control. Quality inspection shall be carried out by the legally designated regional quality control organ under the coordination of the Ethiopian Coffee and Tea Authority in accordance with this Proclamation. Coffee exporters shall register to National Bank of Ethiopia and notify to the Authority, the export coffee contracts of coffee purchased from the Ethiopia commodity Exchange or in other alternative transaction or produced in their own farm and coffee roasted, roasted and grinded sold in foreign market. The Proclamation defines other obligations of coffee exporters and of coffee roasters and handlers, and of domestic coffee traders and sellers. Any coffee transaction actor who buys or sells coffee outside the Ethiopia Commodity Exchange or other optional transaction centers established by Authority shall commit an offence. ",food safety and quality; coffee/cocoa/tea; international trade; internal trade; institution; classification/declassification; certification; offences/penalties; beverages; governance; plant production; agricultural commodities
LEX-FAOC174474,https://faolex.fao.org/docs/pdf/eth174474.pdf,Health policy 1993.,,English,Health,Environment; Food & nutrition; Water; General,,www.cmpethiopia.org,Ethiopia,,,Policy,,"The Health Policy of the Transitional Government is the result of a critical examination of the nature, magnitude and root causes of the prevailing health problems of the country and awareness of newly emerging health problems. It is founded on commitment to democracy and the rights and powers of the people that derive from it and to decentralization as the most appropriate system of government for the full exercise of these rights and powers in our pluralistic society. In general, health development shall be seen not only in humanitarian terms but as an essential component of the package of social and economic development as well as being an instrument of social justice and equity. Pursuant to the above the health policy of the Transitional Government shall incorporate the following basic components: 1. Democratization and decentralization of the health service system; 2. Development of the preventive and promotive components of health care; 3. Development of an equitable and acceptable standard of health service system that will reach all segments of the population within the limits of resources; 4. Promoting and strengthening of intersectoral activities; 5. Promotion of attitudes and practices conducive to the strengthening of national self-reliance in health development by mobilizing and maximally utilizing internal and external resources; 6. Assurance of accessibility of health care for all segments of the population; 7. Working closely with neighbouring countries, regional and international organizations to share information and strengthen collaboration in all activities contributory to health development including the control of factors detrimental to health; 8. Development of appropriate capacity building based on assessed needs; 9. Provision of health care for the population on a scheme of payment according to ability with special assistance mechanisms for those who cannot afford to pay; 10. Promotion of the participation of the private sector and nongovernmental organizations in health care. The Priorities of the Policy are: Information, Education and Communication (I.E.C) of health shall be given appropriate prominence to enhance health awareness and to propagate the important concepts and practices of self-responsibility in health. Emphasis shall be given to: the control of communicable diseases, epidemics and diseases related to malnutrition and poor living conditions; the promotion of occupational health and safety; the development of environmental health; the rehabilitation of the health infrastructure; and the development of an appropriate health service management system. Intersectoral collaboration shall be emphasized particularly in: enriching the concept and intensifying the practice of family planning for optimal family health and planned population dynamics; formulating and implementing an appropriate food and nutrition policy; accelerating the provision of safe and adequate water for urban and rural populations; developing safe disposal of human, household, agricultural and industrial wastes and encouragement of recycling; developing measures to improve the quality of housing and work premises for health. Promotive and Preventive activities shall address: Prevention of environmental pollution with hazardous chemical wastes. ",public health; environmental planning; pollution control; monitoring; policy/planning; policy/planning; food safety and quality; food security; governance; legal proceedings/administrative proceedings; monitoring; environmental planning; sewerage; freshwater pollution; water resources management; legal proceedings/administrative proceedings; governance; pollution control; monitoring; policy/planning
LEX-FAOC174956,https://faolex.fao.org/docs/pdf/eth174956.pdf,Wildlife Strategy and Policy.,,English,Wild species & ecosystems,Wild species & ecosystems,,https://chilot.me,Ethiopia,,,Policy,,"The Ethiopia Wildlife Strategy and Policy is a national sectoral strategy whose main objective is to create a conducive environment whereby the country's wildlife and their habitats are protected and developed in a sustainable manner, and to enable the sector to play an important role in the economic development of the country. To work towards sustainable development and to empower the country to realize the maximum benefits from the sector (in the form of tourism, live animals and products trade, sport hunting, and etc.) the policy has five major sections dealing with wildlife development and protection, utilization of wildlife resources, participation of the community and investors in the sector, conservation education and information network. The section on Wildlife resources development and protection focuses on the administration of wildlife protected areas, conservation of endemic and threatened wildlife, establishment of conservation mechanisms to protect wildlife from disasters including the establishment of an early-warning system and a trust fund to protect from disasters, promotion of wildlife health services, controlling of traffic in wildlife and wildlife products and controlling of problem animals. Wildlife resource utilization focuses on the proper utilization of wildlife resources for sustainable tourism, hunting, trade, ranching, and food. Actions taken in this regard include identifying the benefits of wildlife, promoting eco-tourism, promoting the market for wildlife and wildlife products by increasing demand in local and foreign markets, and utilization of revenue generated from wildlife resources to benefit local people, wildlife conservation endeavors, as well as for the overall growth of the national economy. Regarding investors participation, efforts will be made to encourage and support private investors to engage in protected areas administration and management through leases and concessions, to offer the necessary assistance and information to investors to enable them to produce high quality wildlife products; and production of export-oriented wildlife products. in the section on conducting wildlife research, education, and training, efforts here will focus on strengthening research on wildlife, developing and implementing widely indigenous conservation experiences and knowledge as well as adoption and proper utilization of appropriate wildlife conservation technologies. Further, education and training on the value of wildlife and wildlife management will be given to raise the awareness of local communities about wildlife conservation. An information network on wildlife and protected areas will be created to establish cooperation with other national and international information networks. Ministry of Agriculture and Rural Development is the lead institution to put in place the necessary infrastructure to ensure implementation of this strategy. ",sustainable development; sustainable use; tourism; traditional knowledge/indigenous knowledge; wildlife products; hunting/capture; tourism
LEX-FAOC178465,https://faolex.fao.org/docs/pdf/eth178465.pdf,"Amhara National Regional State Fisheries Resource Development, Protection and Utilization Executive, Council of Regional Government Regulation No. 50/2007.",2007-04-20,English,Fisheries,Food & nutrition; Fisheries; Water,,www.abyssinialaw.com,Ethiopia,,Amhara,Regulation,,"This Regulation of the Executive Council of the Amhara Regional Government, made under article 18 of the Fisheries Resource Development, Protection and Utilization Determination Proclamation No. 92/2003, provides rules with respect to harvesting, transportation, processing, transportation, storage and sale of fish. It also provides some rules for fish farming and artisanal and recreational fishing. Rules concern, among other things, amount of fish that may be caught, size of fish, fishing gear, right and obligations of a person who has been granted a fishing license to produce fish and of fish merchants. The Regulation also prohibits activities that may affect water bodies and potentially cause harm to fish resources. Any person who is a regular resident in any Kebele adjacent to any water body in which fishing is taking place may apply for a (commercial) fishing license with the responsible Woreda Agriculture and Rural Development Head Office. The license shall not be transferable and the license holder must report monthly to the Office on fishing activities. ",inland fisheries; fishing authorization; fishing gear/fishing method; size; non-commercial fishing; artisanal fisheries; fishery management and conservation; authorization/permit; food safety and quality; hygiene/sanitary procedures; fish products; transport/storage; internal trade; standards; sustainable use
LEX-FAOC178466,https://faolex.fao.org/docs/pdf/eth178466.pdf,"Amhara National Regional State Lease System to be operative in Additional Cities Determination, Council of Regional Government Regulation No. 49/2007.",2007-02-02,English,Land & soil,Land & soil,,www.abyssinialaw.com,Ethiopia,,Amhara,Regulation,,"This Regulation of the Council of the Amhara National Regional Government concerns the transfer of urban land by lease in accordance with the Urban Lands Lease Holding of the Revised Federal Proclamation No. 272/2004. The lease system shall be operative in specified cities. Urban landholdings which are meeting specified conditions shall be transferred into the lease system. The Directive No. 23/2006 issued by the Council of Regional Government shall be applicable concerning the status of cities, grades of the land sites and minimum lease price of the cities indicated here in above with the view to creating favorable conditions for the lease system effectiveness. ",land tenure; lease; urban land; contracts
LEX-FAOC178470,https://faolex.fao.org/docs/pdf/eth178470.pdf,"Amhara National Regional State The Bahir Dar Nile River Millennium Park Demarcation and Administrative Determination, Council of Regional Government Regulation No.59/2008.",2008-04-10,English,Wild species & ecosystems,Wild species & ecosystems,,www.abyssinialaw.com,Ethiopia,,Amhara,Regulation,,"This Regulation of the Council of the Amhara Regional Government designates the Bahir Dar Nile River Millennium Park in the Amhara State and provides with respect to its administration and boundaries. The main objective of establishing the Park is to protect from dangers arising from human activities and to conserve the biodiversity resources it possesses through direct participation of the local inhabitants, and to create favorable conditions in which it is to be passed down to the coming generation as a heritage. The park shall have its own office, counseling board and personnel. The duties of this office are defined. A Management Plan for the park shall be prepared by the office and submitted to the Board for approval. The Regulation also specifies activities that are prohibited in the Park. ",biodiversity; management/conservation; protected area; institution; hunting/capture; governance
LEX-FAOC178472,https://faolex.fao.org/docs/pdf/eth178472.pdf,"Borena-Saynt Park Demarcation and Administrative Determination, Council of Regional Government Regulation No.68/2009.",2009-06-05,Amharic; English,Wild species & ecosystems,Livestock; Wild species & ecosystems,,www.abyssinialaw.com,Ethiopia,,Amhara,Regulation,,"This Regulation of the Council of the Amhara Regional Government designates the Borena-Saynt Park in the Amhara State and provides with respect to its administration and boundaries. The main objective of establishing the Park is to protect from dangers arising from human activities and to conserve the biodiversity resources it possesses through direct participation of the local inhabitants, and to create favorable conditions in which it is to be passed down to the coming generation as a heritage. The conservation measures shall provide an appropriate contribution to the (farming) community and the to overall economic development in a sustainable way. The Regional Parks Development and Protection Authority shall administer the Park and  organize the office for the management of the Park. The duties of this office are defined. The Regulation also specifies activities that are prohibited in the Park (among which grazing, agriculture and hunting). The Authority may issue specific directives necessary for the implementation of this Regulation. ",grazing; biodiversity; management/conservation; protected area; institution; hunting/capture; offences/penalties; hazards; public participation; use restrictions; governance
LEX-FAOC178473,https://faolex.fao.org/docs/pdf/eth178473.pdf,"Forestry Enterprise Establishment, Council of Regional Government Regulation No 70/2009.",2009-10-13,English,Forestry,Agricultural & rural dev.; Forestry,,www.abyssinialaw.com,Ethiopia,,Amhara,Regulation,,"This Regulation of the Executive Council of the Amhara Regional Government establishes the Amhara National Regional State Forestry Enterprise and defines its objectives, powers and organizational structure. The Enterprise shall be responsible for development of the forestry sector and, in particular, shall, among other things, carry out afforestation for production purposes, develop the timber industry, carry out business activities by producing wild-gum, incense, biofuel and essential oil, take over and manage forest lands, encourage the development of forestry activities by farmers and other persons, and carry out activities in relation with ecotourism. ",agricultural development; forest management/forest conservation; institution; timber; timber extraction/logging; afforestation/reforestation; agro-forestry; business/industry/corporations; sustainable development; governance
LEX-FAOC178474,https://faolex.fao.org/docs/pdf/eth178474.pdf,"Kobo-Girana Valley Development Program Office Re-establishment, Council of Regional Government Regulation No 77/2011.",2011-02-16,English,Water; National development,Agricultural & rural dev.; Water,,www.abyssinialaw.com,Ethiopia,,Amhara,Regulation,,"This Regulation of the Council of Amhara National Regional Government reestablishes the Kobo-Girana Valley Development Program Office of the Amhara National Regional State. The Office shall be instrumental in the development of the Kobo-Girana Valley, and in particular shall be involved in drought prevention and irrigation projects and programs. There shall be a managing board established at a regional level that oversees the Valley Development Program. A Zonal and Woreda Development Coordinating Committee consisting of beneficiaries shall be in place. ",agricultural development; policy/planning; waterworks; sustainable development; irrigation; institution; governance
LEX-FAOC178476,https://faolex.fao.org/docs/pdf/eth178476.pdf,"Livestock Resources Development Promotion Agency Establishment, Council of Regional Government Regulation No. 81/2010.",2010-10-06,English,Livestock,Agricultural & rural dev.; Livestock,,www.abyssinialaw.com,Ethiopia,,Amhara,Regulation,,"This Regulation of the Executive Council of the Amhara Regional Government establishes the Amhara National Regional State Livestock Development Promotion Agency and defines its objectives, powers and organizational structure. The Agency shall, among other things, develop systems for the development of the livestock industry and in particular for the quality and health of the regional livestock resources and their products. It shall, in particular, develop a strategic plan, undertake the development of livestock feeding and watering, coordinate and facilitate the supply of inputs and credit for animal production, and control the legal and illegal trade of livestock, skin and hide, livestock slaughter, private veterinary pharmacy, and clinic services. ",agricultural development; institution; animal health; animal production; governance
LEX-FAOC178477,https://faolex.fao.org/docs/pdf/eth178477.pdf,"Grand Ethiopian Renaissance Dam Construction Public Support Mobilizing and Coordinating Council of the Amhara National Regional State Establishment, Council of the Regional Government Regulation No 82/2011.",2011-05-12,English,Water,Water,,www.abyssinialaw.com,Ethiopia,,Amhara,Regulation,,"This Regulation of the Council of the Amhara National Regional Government establishes the Public Support mobilizing and Coordinating Council (the Council”) for the Project of the Grand Ethiopian Renaissance Dam, in the Amhara National Regional State. The Council shall primarily create suitable conditions enabling the strengthened continuance of the multidimensional participation to be availed by the overall populace inhabiting in the region, be it in rural or urban areas, for the construction of the Grand Ethiopian Renaissance Dam. It shall also encourage the activities of the natural resource development and preservation, in the basin and shall take decisions on concrete proposals for activities proposed by its executive committee. The Council shall have subordinate organizational setups compatible with the hierarchy pertaining to Zonal and Nationality, Woreda, Urban and Kebele administrations in the region. ",sustainable development; waterworks; institution; public participation; governance
LEX-FAOC178526,https://faolex.fao.org/docs/pdf/eth178526.pdf,"Menz Guassa Community Conservation Area Boundary Demarcation and Administrative Determination, Council of Regional Government Regulation No. 97/2012.",2012-06-08,Amharic; English,Wild species & ecosystems,Livestock; Wild species & ecosystems,,www.abyssinialaw.com,Ethiopia,,Amhara,Regulation,,"This Regulation of the Council of the Amhara Regional Government establishes the Menz-Guassa Community Conservation Area in the Amhara State and provides with respect to its administration and boundaries. The main objective of establishing the Park is to sustainably preserve those endemic species of wild animals found in the Region, to strengthen the indigenous protection of nature used by the local community as well as to create favorable conditions in which the biodiversity resource of the area shall be transferred to the succeeding generation in the form of a heritage by protecting and preserving the same from destruction through the direct participation of the community. There shall be a Guassa Development & Conservation Council and a management office. Duties of the Council and the Office are defined. The Regulation sets out activities that are prohibited in the Area, among which taking of guassa, hunting, and grazing. It also defines rights of communities and local entities to use the Conservation Area or to participate in benefits arising from activities carried out in the Area. ",grazing; ecosystem conservation; biodiversity; management/conservation; protected area; national parks; institution; community management; offences/penalties; public participation; use restrictions; wild fauna; governance
LEX-FAOC178527,https://faolex.fao.org/docs/pdf/eth178527.pdf,"Revised Amhara National Regional State Zonal Administrative Offices’ Establishment and Determination of their powers and Duties, Council of Regional Government Regulation No. 33/2005.",2005-06-13,English,General,Agricultural & rural dev.,,www.abyssinialaw.com,Ethiopia,,Amhara,Regulation,,"This Regulation of the Council of the Amhara National Regional Government seeks to reform local government and create an efficient and balanced administrative service for zones in Amhara State. It re-establishes offices of Zonal Administration and defines duties and powers of these offices. They shall, among other things, on behalf of the council of the Regional Government office, support the rural woredas and city administrations located within the area of their jurisdiction and coordinate and direct the activities of various zonal branch offices and other institutions established within the area. The Regulation also defines the powers and duties of the Chief Administrator, which shall act as a representative of the Regional Government in the zone. ",agricultural development; institution; governance; local government
LEX-FAOC178528,https://faolex.fao.org/docs/pdf/eth178528.pdf,"Alatish Park Demarcation and Administrative Determination, Council of Regional Government Regulation No. 38/2005.",2005-09-14,English,Wild species & ecosystems,Livestock; Wild species & ecosystems,,www.abyssinialaw.com,Ethiopia,,Amhara,Regulation,,"This Regulation of the Council of the Amhara Regional Government designates the Alatish Park in the Amhara State and provides with respect to its administration and boundaries. The main objective of establishing the Park is to protect the lowland ecosystem from dangers arising from human activities and to conserve the biodiversity resources it possesses through direct participation of the local inhabitants, and to create favorable conditions in which it is to be passed down to the coming generation as a heritage. The conservation measures shall provide an appropriate contribution to the (farming) community and the to overall economic development in a sustainable way. The Regional Parks Development and Protection Authority shall administer the Park and organize the office for the management of the Park. The duties of this office are defined. The Regulation also specifies activities that are prohibited in the Park (among which grazing, agriculture and hunting). The Authority may issue specific directives necessary for the implementation of this Regulation. ",grazing; biodiversity; management/conservation; protected area; institution; hunting/capture; offences/penalties; community management; governance
LEX-FAOC178529,https://faolex.fao.org/docs/pdf/eth178529.pdf,"Revised Amhara National Regional State Zonal Administrative Reestablishment and Determination of Powers and Duties, Council of the Regional Government Regulation No. 78/2010.",2010-11-12,English,General,Agricultural & rural dev.; Environment; Land & soil; Water,,www.abyssinialaw.com,Ethiopia,,Amhara,Regulation,,"This Regulation of the Council of the Amhara Regional Government establishes zonal administrations in the Regional State of Amhara, which shall carry out their functions on behalf of the regional government. The Regulation sets out duties and powers of these zonal administrations and provides with respect to their organization and administration. The administration shall consist of a) the Council of zonal administration; b) the Chief administrator; and, c) the Office of the administration. The zonal Chief Administrator shall be selected and appointed by the head of the regional government. The Chief Administrator is the main executive body and the chairperson of the council of administration and shall administer the zone on behalf of the regional government. The Council shall consist of heads of the zonal executive bodies, including amongst others, the Head of the Agricultural Department, the Head of the Water Resource Development Department, and the Head of the Environmental Protection, Rural Land Administration & Use Department. ",agricultural development; institution; governance; local government; institution; governance; institution; governance; institution; governance
LEX-FAOC178530,https://faolex.fao.org/docs/pdf/eth178530.pdf,"Koga Irrigation Development Project Office Establishment, Council of Regional Government Regulation No 84/2011.",2011-07-01,English,Water,Agricultural & rural dev.; Water,,www.abyssinialaw.com,Ethiopia,,Amhara,Regulation,,"This Regulation of the Council of Amhara National Regional Government establishes the Koga Irrigation Development Project Office as an office  of the regional government with its own autonomy and legal personality. It shall be accountable to the Amhara National Regional State Agriculture Bureau. The Office shall, pursuant to this Regulation, have the following objectives: 1. To promote the per-capita or household income of farmers by taking care of the Koga Irrigation Development Project infrastructure and making its utilization effective, by using various technologies as well as production-boosting inputs and thereby enhancing productivity as well as producing a variety of crops, more than twice a year, having demand on markets; 2. To follow–up the proper protection and maintenance of the irrigation development construction, ensure its sustainability, and thereby facilitate a condition whereby the project would entirely be transferred to and administered by the community. The Regulation also defines some duties of the Bureau for purposes of this Regulation (facilitation, supervision and approval of plans). ",agricultural development; policy/planning; irrigation; institution; waterworks; governance
LEX-FAOC178531,https://faolex.fao.org/docs/pdf/eth178531.pdf,"Amhara National Regional State Public Procurement and Property Disposal Service Establishment, Council of the Regional Government Regulation No. 91/2012.",2012-01-27,English,Land & soil,Agricultural & rural dev.; Land & soil,,www.abyssinialaw.com,Ethiopia,,Amhara,Regulation,,"This Regulation of the Council of the Amhara Regional Government establishes the Public Procurement and Property Disposal Service as a Regional government office. The Office shall be involved in the procurement of goods for public bodies and the disposal of goods of public bodies, and shall assist public developmental enterprises with regard to the procurement of goods and services as well as the disposal of property. The Office shall have a board of management and work under the supervision of the Amhara National Regional State Finance and Economic Development Bureau. ",institution; governance; public land; transfer rights ; public procurement; land tenure; property rights
LEX-FAOC215777,https://faolex.fao.org/docs/pdf/eth215777.pdf,National Strategy for the Development of Statistics (2015/16 – 2019/20).,,English,General,Air & atmosphere; Energy; Food & nutrition; Forestry; Land & soil; Water; Wild species & ecosystems; General,,https://www.paris21.org/,Ethiopia,,,Policy,,"The National Strategy for the Development of Statistics (2015/16 – 2019/20) is the second National Strategy for the Development of Statistics and is a comprehensive framework for the development of the National Statistical System of the country. The strategy is aligned with the second national Growth and Transformation Plan and the main strategies established as the objectives of the Plan are: Mainstreaming the statistical systems outside the CSA into the NSS so as to achieve a more effective use of resources; Improving the statistical information base in contents, coverage and quantity; Building sustainable capacity for the production, management and use of statistics; Raising the public profile for statistics; Developing skills and providing guidance and assistance that may be required by users, providers and producers of statistics; Promoting cooperation, collaboration, coordination and rationalization among users and producers of statistics both at the Centre, MDAs, Regional States and Woreda (Districts); Promoting and supporting results-based management and policy formulation informed by evidence (data) as may be retrieved from operational databases; and  Promoting financial coordination for the entire NSS. The Plan identifies seven Strategic Themes: 1) Responsive Legal Framework for Statistical Work in the National Statistical System; 2) Data Development; 3) National Statistical System coordination and preparation of Sector Strategic Plans including formal linkage between the National M&E System & NSS; 4) Human Resources Management as well as Organizational/Institutional Development; 5) Infrastructural Development; 6) Promotion of statistical advocacy and involvement of the media; 7) Statistical Financing. Strategic Sub-themes include Gender Mainstreaming and Development of Statistics; Environment and Related Statistics; ",access-to-information; equity; gender; social protection; monitoring; data collection/reporting; poverty; labour; public health; hygiene/sanitary procedures; food safety and quality; timber extraction/logging; forest management/forest conservation; erosion; potable water; water supply; stock enhancement/repopulation; emissions; energy conservation/energy production; fuelwood; biofuel
LEX-FAOC149554,https://faolex.fao.org/docs/pdf/eth149554.pdf,National Policy and Strategy on Disaster Risk Management.,,English,Disaster risk management,Environment,,,Ethiopia,,,Policy,,"The National Policy and Strategy on Disaster Risk Management is a sectoral national strategic document applicable to the period of 2013-2023. Its main objective is to reduce disaster risks and potential damage caused by a disaster through establishing a comprehensive and coordinated disaster risk management system in the context of sustainable development. Specific objectives of the policy are the following: (1) to reduce and eventually prevent disaster risk and vulnerability that pose challenges to development through enhancing the culture of integrating disaster risk reduction into development plans and programmes as well as by focusing on and implementing activities to be carried out before, during, and after the disaster period to address underlying factors of recurrent disasters; (2) in times of disasters, to save lives, protect livelihoods, and ensure all disaster affected population are provided with recovery and rehabilitation assistances; (3) to reduce dependency on and expectations for relief aid by bringing attitudinal change and building resilience of vulnerable people; and (4) to ensure that disaster risk management is mainstreamed into development plans and programmes across all sectoral institutions and implemented at all levels. The document also envisages such measures as official disaster declaration system, decentralized disaster risk management system and provides for mainstreaming of disaster risk management into sectoral institutions as well as source of resources and resource mobilization procedure and information management and communication system, among others. The document notes that the government will lead activities geared towards the establishment and implementation of the disaster risk management system and disaster risk management will be decentralized to community centres. With regard to the system’s administration structure, there will be a Disaster Risk Management Council, a Disaster Risk Management Coordination as well as a Disaster Risk Management structure in those that will be designated as lead sectoral institutions and Focal Points in those institutions that have a role in disaster risk management. The Disaster Risk Management Council to be established at all levels will have an oversight responsibility regarding monitoring and evaluation of the execution of the policy and its implementation strategies. ",hazards; risk assessment/management; early warning system; financing; climate change; institution; monitoring; local government; flood; water shortage/drought; governance
LEX-FAOC169534,https://faolex.fao.org/docs/pdf/eth169534.pdf,National Strategy and Action Plan for the Implementation of the Great Green Wall Initiative in Ethiopia.,,English,Agricultural & rural development; Forestry,Agricultural & rural dev.; Environment; Forestry; Land & soil; Water,,www.grandemurailleverte.org,Ethiopia,,,Policy,,"The National Strategy and Action Plan for the Implementation of the Great Green Wall highlights the evolution of the Great Green Wall for the Sahel and Sahara Initiative (GGWSSI); presents assessment of Ethiopia’s biophysical, socio-economic and policy, legislation and institutional aspects as they relate to the initiative and potential areas across the GGWSSI development. It also highlights past integrated natural resources management experiences, lesson learnt from and currently under implementation national development programmes and plans for aligning the GGWSSI for increasing synergy and effectiveness. The strategy consists of six pillars namely: 1) sustainable management of natural resources and improved production systems, 2) development of basic socio-economic infrastructures, 3) development of income generating activities, 4) promotion of good local governance, 5) capacity building of stakeholders and 6) research and knowledge management. These pillars have been inclined into 4 programmes for ease of implementation; these programmes encompass sub-programmes with objectives, outputs and activities presented in logic of intervention for the GGWSSI in Ethiopia. The GGWSSI in Ethiopia is seen as a development opportunity for local communities that aim to help achieve strategic objectives relating to sound management of natural resources, increased food security, efficient fight against poverty and improvement of living conditions of rural populations.  Pillar 1 overall objective aims to make agriculture the main lever for rural development, economic and social growth in order to preserve the foundation of productive agricultural land, pasture and forest to increase arable land and agricultural productivity. Particular attention will be given to traditional knowledge in the formulation and implementation of activities related to farming, rehabilitation of degraded rangelands (development of forage crops, studies to determine carrying capacities for purposes of spatial planning of animal husbandry activities), and development of appropriate strategies for rural water (rehabilitation of pastoral wells and the construction of water retention ponds to collect and store runoff). Pillar 3 In order to succeed more rapidly in combating poverty, there is need to stimulate improvements in farmers’/pastoralists’ income from agriculture activities, as well as offfarm revenues generating enterprises by encouraging the shift from the production of low value to high value products. The following points outline expected outcomes upon the implementation of the GGWSSI: Recovery, development and diversification of agriculture and livestock through the control of water resources by creating retention ponds, artificial lakes and water works to improve production systems; Reduction of soil erosion due to the presence of a vegetative cover that will help reduce wind speed and facilitate the infiltration of rainwater, increasing organic matter contributing to the restructuring of degraded soils; Increasing the rate of reforestation in the grip of GGWSSI for the restoration of ecological balance, conservation, recovery of plant and animal biodiversity and increased coverage of local needs for forest products, including wood and fire service, but also in non-wood products (gums, resins, roots, leaves, bark, fruits, etc. pharmacopoeia), and Improvement of the peoples’ standard of living and health through income generation and development of basic social infrastructure that will help bring back the ecological migrants into their rehabilitated areas. The overall goal of the GGWSSI is to improve the resilience of human and natural systems in the Sahel-Saharan zone against climate changes through a sound ecosystems management and the sustainable development of land resources, the protection of material and immaterial rural heritage and the improvement of the living conditions and livelihoods of populations living in these areas. The GGWSSI has been conceived as a model to help in the fight against desertification, ensure ecosystem restoration and development of arid and semi-arid zones. ",policy/planning; climate change; enforcement/compliance; gender; agricultural development; agricultural land; agro-forestry; capacity building; local government; research; poverty; access and benefit-sharing; climate change; emissions; enforcement/compliance; environmental planning; gender; desertification; capacity building; local government; erosion; poverty; PIC-prior informed consent; hazards; policy/planning; climate change; forest management/forest conservation; forestry protection measures; gender; afforestation/reforestation; agricultural development; agro-forestry; capacity building; local government; poverty; PIC-prior informed consent; access and benefit-sharing; erosion; soil conservation/soil improvement; soil rehabilitation; climate change; policy/planning; integrated management; monitoring; recycling/reuse; groundwater; pollution control; subsidy/incentive; early warning system; freshwater pollution
LEX-FAOC182196,https://faolex.fao.org/docs/pdf/eth182196.pdf,Public Private Partnership Proclamation No. 1076/2018.,2018-02-22,English,Private sector & entrepreneurship,Agricultural & rural dev.,,www.lawethiopia.com,Ethiopia,,,Legislation,,"This Proclamation introduces a Public Private Partnership (PPP) Scheme, which shall have the following objectives: 1/ to create a favourable framework for promoting and facilitating the implementation of privately financed projects to support Ethiopian economic growth; 2/ to enhance transparency, fairness, Value for Money, efficiency and long-term sustainability; 3/ to improve quality of Public Service Activity; and 4/ to maintain macroeconomic stability by reducing growth in public debt. This Proclamation shall apply to Public Private Partnership projects of Public Bodies and Public Enterprises. The Act establishes a Public Private Partnership Board and a PPP Directorate General. The PPP Directorate General shall require that a successful bidder establish a Project Company incorporated under federal laws, whose sole purpose shall be to execute and implement the Public Private Partnership Agreement and other Project Agreements, if any. Any disputes between the Contracting Authority and the Private Party shall be settled through the dispute settlement mechanism agreed by the parties in the Project Agreement. ",agricultural development; business/industry/corporations; public private partnership (PPP); institution; governance
LEX-FAOC182198,https://faolex.fao.org/docs/pdf/eth182198.pdf,Radiation and Nuclear Protection Proclamation No. 1025/2017.,2017-07-19,English,Environment,Air & atmosphere; Food & nutrition; Waste & hazardous substances,,,Ethiopia,,,Legislation,,"This Proclamation seeks to 1/ regulate in respective to the safety, security and safeguards to ensure the peaceful use of radiation and nuclear technologies to support the national socio-economic and technological development; 2/ protect individuals, the society, and the environment as well as current and future generations from radiation hazards; 3/ Undertake and promote research and development in the subject areas of regulating radioactive materials and related activities. It shall be applicable to natural or artificial nuclear and radioactive materials or in respect of any other activity which involves a risk or harm arising from radiation within the territory of Federal Democratic Republic of Ethiopia. It assigns a principal role in implementing this Act to the Ethiopian Radiation Protection Authority. The Act also concerns nuclear waste. The importation of radioactive waste and nuclear spent fuel to Ethiopia for any purpose is strictly prohibited. The Authority shall, in consultation with the appropriate organs establish a system and control of radioactive materials in foodstuffs and non-food items. The Authority may issue directives on the control of radioactive materials in foodstuffs and non-food item. The Proclamation furthermore, among other things, defines duties and responsibilities of licensees and other concerned parties and grants regulation-making powers for the implementation of provisions of this Proclamation to the Council of Ministers. ",food safety and quality; radiation; radiation; institution; authorization/permit; pollution control; emissions; governance; hazardous substances; pollution control; hazardous waste; waste management
LEX-FAOC182203,https://faolex.fao.org/docs/pdf/eth182203.pdf,"Forest Development, Conservation and Utilization Proclamation No. 1065/2018.",2018-01-23,English,Forestry,Environment; Forestry; Water,,chilot.me,Ethiopia,,,Legislation,,"This Proclamation makes provision with respect to the development, conservation and sustainable utilization of forest resources in Ethiopia. It concerns both private and public forests. It defines the powers and duties of in respect of forestry management and conservation of the Ministry or Minister of Environment, Forest and Climate Change, any regional governmental executive organ that is responsible to implement forest development, conservation and utilization. There shall be the following types of forest ownership?  1/ Private forest or;  2/ Community forest or  3/ Association forest  4/ State forest. Obligations and rights of   Private Forest Developers, Community Forest Developers  and Associations of Forest Developers are defined. “Association forest means a forest developed, conserved, utilized and administered by associations established to develop a forest. The private developer and community developer shall, among other things, observe the laws issued in respect of environmental safety, watershed and bio-diversity conservation, development and utilization, shall use the acquired forest land only for the intended purpose, and shall respect the important local culture, custom and knowledge. Community Forest Developers shall have priority, as appropriate, in benefitting from the forests concession given by the government. The shall share any benefits generated from the forest development as per the community by-laws. Associations of forest developers will have the same rights and incentives as private forest developers. State forests shall be classified as follows: 1/ productive forest 2/ protected forest 3/ preserved forest. The Proclamation defines the responsibilities with respect each of these types of forests. Preserved forest shall be protected from any human and domestic animals intervention except for the purpose of research, education, and disaster prevention. The Ministry shall, among other things, ensure the implementation of this Proclamation in collaboration with the responsible regional sector develop a system in order to determine benefit sharing right of forest products, develop an early warning, prevention and control mechanism to prevent the occurrence of damage to forest resources and, upon the occurrence of damage, to take emergency measures by coordinating regional and other relevant bodies, and enhance watershed-based forest development. Notwithstanding the power of each regional state to administer its forest resource in accordance with this Proclamation, the Federal Government may take over and administer, in cases where: a) The forest could not be properly developed and conserved jointly by neighbouring regional states; b) It becomes necessary to administer the forest or forest land by the federal government because of its national, regional and international significance. The management of the forest shall be in a manner to generate revenues from eco-tourism, carbon trade and other related eco-system services. Executive organs of the Regional States shall administer any forest land and state forest found in the regional state; supervise and support the development, conservation and administration of private and community forests in line with this Proclamation. They shall also, among other things, regularly monitor and evaluate whether forest developers given land on which to develop forests have used the land for the intended purpose and whether the use of the land is in accordance with the agreed forest management plan and provide ownership for forest development based on watershed through community participation. The Government shall be instrumental in the conservation of forest resources and expansion of the trade in forest products and markets.  The government may demarcate a forest or forest land for the purpose of carbon trade. The Government shall formulate forest development, conservation and utilization plans to allow the participation of the local community in the development and conservation and also in the sharing of benefits from the development of state forests. The government shall also ensure the enhancement of urban forests. The Government, in order to introduce agro-forestry practices among the farming, semi-pastoral and pastoral communities, shall provide them with sufficient amount of plant seeds and seedlings of tree species that could have different economic benefits. ",climate change; ozone layer; framework law; forest management/forest conservation; forestry protection measures; protection forest; public forest; private forest; timber extraction/logging; agro-forestry; authorization/permit; public forest; concession; offences/penalties; traditional knowledge/indigenous knowledge; community management; precautionary principle; access and benefit-sharing; comparative analysis; sustainable development; sustainable use; ecosystem conservation; basin/catchment/watershed; inland waters
LEX-FAOC182207,https://faolex.fao.org/docs/pdf/eth182207.pdf,Raw Hides and Skins Marketing (Amendment) Proclamation No. 1073/2018.,2018-03-30,English,Livestock,Livestock,,www.ethiopar.net,Ethiopia,,,Regulation,,"This Proclamation amends the Proclamation to provide for Raw Hide and Skin Marketing by adding new articles 12 and 13 on obligations of Raw Hides and Skins Collectors and obligations of Traditional Raw Hide and Skin Tanners. It also makes consequential amendments. Common obligations are work, prepare and administer in a manner not to pollute the environment according to other laws set for environmental protection; refrain from any activity which may ruin the country’s raw hides and skins quality and market; and respect the provisions of this Proclamation, Regulation and Directives issued hereunder. A collector of raw hides and skins shall, among other things, buy fresh raw hides and skins only from individual producers, and collect raw hides and skins with maintaining its quality. Traditional Raw Hide and Skin Tanners shall, among other things, have trade license from appropriate organ, buy raw hides and skins only from producers or from collectors, and make daily recordings of transactions. ",animal production; animal by-products; internal trade; authorization/permit
LEX-FAOC183180,https://faolex.fao.org/docs/pdf/eth183180.pdf,Irrigation Water Users' Associations Proclamation No. 841/2014.,2014-09-26,English,Water,Water,,,Ethiopia,,,Legislation,,"This Proclamation regulates matters relating to irrigation water user' associations, which are formed on irrigation infrastructures constructed by federal government throughout Ethiopia. Matters include formation, registration, objectives, organization, administration and membership of  water user' associations. The main purposes of an association is to manage an irrigation and drainage system wholly or partly in its service area and provide water equitably to its members for agricultural purpose. The Proclamation also sets out the guiding principles of associations, defines rights and duties of members, defines powers and duties and supervisory bodies, provides for the dissolution of association and liquidation of association, allows a federation of irrigation water users' association to be formed, provides for transfer of the use right of the part of the modern irrigation and drainage system constructed or rehabilitated by government finance to associations and for irrigation water and other related services to be provided by a service provider to an association on the basis of service agreement,  and provides for dispute settlement. ",irrigation; water users' associations; non-governmental entity; registration; dispute settlement
LEX-FAOC183181,https://faolex.fao.org/docs/pdf/eth183181.pdf,Mining Operations Proclamation No. 678/2010.,2010-08-04,English,Mineral resources,Environment; Land & soil; Mineral resources; Water,,,Ethiopia,,,Legislation,,"This Proclamation governs the conduct of all mining operations and related activities within the territory of the Federal Democratic Republic of Ethiopia. It shall ensure that the country’s mineral resources are developed in an orderly and sustainable manner. The Government, acting through the Ministry of Mines and Energy or a state organ in charge of the mining sector as appropriate (“Licensing Authority”), shall control and administer mineral resources and grant, refuse and manage licenses. Land may be reserved by Legal Notice of the Ministry under this Proclamation for mining operations. No mining licences (a reconnaissance licence, an exploration licence, a retention licence, an artisanal mining license, a small scale mining licence or a large scale mining licence) may be granted within areas reserved for natural habitats or national parks or within 500 metres from the boundary of a village, city or water reservoir or dam without the consent of the competent body. Any Ethiopian may conduct reconnaissance without having license provided that he does not interfere with the rights of a licensee or any other person. As a general right, the licensee may use, subject to the relevant water laws, water from any water body, situated on, or flowing through, such land or sink a well or borehole required for mining operations. As a general obligation, the licensee shall conduct mining operations in such a manner as to ensure the health and safety and comply with the applicable laws pertaining to environmental protection. The Licensee shall also, among other things, take proper precautions not to interfere with other legitimate occupants of the license area, the land covered by a lease and adjacent land. The Licensing Authority may suspend mineral rights partially or fully where it believes that the activity of the Licensee is likely to become an imminent danger to the local community, the environment. A licence may be revoked if the licensee is in breach of the approved environmental impact assessment, and of safety and health standards. Except for reconnaissance license, retention license or artisanal mining license, any applicant for a license shall submit an environmental impact assessment and obtain all the necessary approvals from the competent authority required by the relevant environmental laws of the country and shall allocate funds to cover the costs of rehabilitation of environmental impact A licensee shall also participate in community development plan of the peoples within the license area, and shall allocate money for such expenses. The grant of mine closure certificate in no way relieves the licensee from the responsibility to monitor environmental effects after closure of the mine as required in the environmental impact assessment and shall not release the licensee from the liability of performing the duties imposed upon him and due to be performed during the term of the license. A Mining Operations Council shall be established to advise the Ministry. Compensation shall be paid by a licensee to expropriated land users. ",environmental impact assessment (EIA); pollution control; soil rehabilitation; waterworks; water abstraction; basic legislation; mining; exploration; minerals; dispute settlement; authorization/permit; institution; governance
LEX-FAOC183182,https://faolex.fao.org/docs/pdf/eth183182.pdf,Mining Operations (Amendment) Proclamation No. 816/2013.,2014-03-19,English,Mineral resources; Water,Land & soil; Mineral resources; Water,,,Ethiopia,,,Legislation,,"This Proclamation amends the Mining Operations Proclamation in provisions concerning, among other things, the application sphere of the Act, approval of small scale licences, compensation to be paid by a licensee to expropriated land users and related appeal. The Act shall now apply also to the extraction of geothermal water that may be used for bathing, recreational and therapeutic purpose. ",expropriation; water abstraction; groundwater; well sinking/boreholes; thermal and medicinal waters; minerals
LEX-FAOC183183,https://faolex.fao.org/docs/pdf/eth183183.pdf,Definition of Powers and Duties of Executive Organs of the Federal Democratic Republic of Ethiopia Proclamation No 916/2015.,2015-12-09,English,General,Agricultural & rural dev.; Environment; Food & nutrition; Water,,www.ethiopar.net,Ethiopia,,,Legislation,Y,"This Proclamation redefines the organization, powers and duties of the executive organs of the Federal Democratic Republic of Ethiopia. It stipulates that the powers and duties of the Prime Minister and the Council of Ministers shall be as specified in the Constitution and provides with respect to the composition and procedure of the Council of Ministers. The Proclamation also establishes various ministries and defines duties and powers of those ministries, including the Ministry of Agriculture and Natural Resources, the Ministry of Livestock and Fisheries, Ministry of Water, Irrigation and Electricity, the Ministry of Environment, Forest and Climate Change and the Ministry of Health . Furthermore it specifies executive organs that shall be accountable to the various ministries and empowers the Council of Ministers to reorganize the federal government executive organs. The Ministry Agriculture and Natural Resources shall, among other things, follow up the expansion of water resources, infrastructure and fodder banks necessary for livestock resource development in the pastoral areas. The powers and duties given to the Ministry of Water, Irrigation and Energy by the provisions of other laws, currently in force, with respect to water resource and electricity, are hereby given to the Ministry of Water, Irrigation and Electricity. The Environment, Forest and Climate Change is tasked with watershed management. The Ministry of Health shall ensure the proper execution of food, medicine and health care regulatory functions. The Ministry of Agriculture and Natural Resources shall be responsible for food security and the Strategic Food Reserve Agency shall be accountable to that Ministry. ",agricultural development; institution; governance; cultural heritage; gender; institution; cultural heritage; governance; institution; governance; institution; governance
LEX-FAOC183184,https://faolex.fao.org/docs/pdf/eth183184.pdf,Definition of Powers and Duties of the Executive Organs of the Federal Democratic Republic of Ethiopia (Amendment) Proclamation 942/2016.,2016-05-12,English,General,Agricultural & rural dev.,,www.ethiopar.net,Ethiopia,,,Legislation,Y,"This Proclamation amends the Definition of Powers and Duties of the Executive Organs of the Federal Democratic Republic of Ethiopia Proclamation of 2015 by deleting Paragraphs (j) and (k) of sub-article (1) of Article 14 (functions of the Ministry of Federal and Pastoralist Development Affairs) and Article 16, by providing that the Charities and Societies Agency shall be accountable to the Ministry of Federal and Pastoralist Development Affairs, and by making some other amendments concerning the Ministry of Justice. ",agricultural development; institution; governance; pastoralism; animal production
LEX-FAOC183185,https://faolex.fao.org/docs/pdf/eth183185.pdf,Commercial Registration and Business Licensing Proclamation No. 980/2016.,2016-08-05,English,Private sector & entrepreneurship,Agricultural & rural dev.; Livestock; Environment; Food & nutrition; Fisheries; Forestry; Mineral resources; Cultivated plants; Water,,www.ethiopar.net,Ethiopia,,,Legislation,,"This Proclamation provides with respect to registration of businesses in the commercial register and trade names and the issue of business licences. relevant government organs shall issue business licenses in compliance with this Proclamation and other relevant laws for the, amongst others, the following businesses: a) prospecting and mining of minerals; b) various water works services, excluding water works construction services; c) commercial activities involving the use of radioactive materials and radiation emitting equipment. No person shall engage in a business activity without having a valid business license. A relevant authority may suspend business license where the business person fails to meet occupational, health and sanitation, environmental protection, accident prevention standards and qualities of goods and services. Some provisions also concern trade. “Manufacturing” in this Proclamation includes any formulation, alteration, assembling or processing or agricultural development or mine exploration and development or operation activity carried out by using industry.   “Agricultural development” means a business activity engages in the production of any plant or animal or fisheries development or animal byproducts. ",agricultural development; internal trade; authorization/permit; registration; business/industry/corporations; authorization/permit; protection of environment; radiation; emissions; authorization/permit; authorization/permit; authorization/permit; authorization/permit; hygiene/sanitary procedures; waterworks; authorization/permit; concession; mining
LEX-FAOC183186,https://faolex.fao.org/docs/pdf/eth183186.pdf,Cooperative Societies Proclamation No. 985/2016.,2016-12-23,English,Private sector & entrepreneurship,Agricultural & rural dev.,,,Ethiopia,,,Legislation,,"This Proclamation provides for the creation, registration and administration of cooperatives and provides rule with respect to their operations, winding up, etc. It also defines the objectives of a cooperative and provides for the establishment of cooperative societies unions and cooperative societies federations. Cooperative societies may, according to their nature, be established at different levels from primary up to federation level. Any cooperative society shall be registered by the appropriate authority (i.e. the Federal Cooperative Agency, or an organ established at regional levels to execute the cooperative societies proclamation, lead and regulate the cooperative sector). A cooperative societies union shall be establish by two or more primary cooperative societies having similar objectives. Primary cooperative societies, cooperative society unions and federations may establish a league that represents all cooperative societies in Ethiopia. The Proclamation establishes a Cooperative Advisory Council, which is accountable to the Ministry of Agriculture and Natural Resource is hereby established. Cooperatives may provide services to non-members on the basis of a contract for the purpose, amongst others, to supply agricultural inputs and collect agricultural products from farmers engaged in farming. The Proclamation defines duties of cooperative societies with respect to the environment. The duties and responsibilities of cooperative societies include; a) provide awareness creation to the local community on the concept of cooperative society and promote same; b) participate on environmental development and protection activities; c) provide pre and post harvest training to members in respect of quality products; d) provide warehouse service to members; e) design projects intended to solve members problem; f) collect members product, add value and submit to their union or federation, or sale by searching for better market outlets, among others. ",basic legislation; cooperative/producer organization; non-governmental entity; agricultural development; dispute settlement; registration; contracts; gender
LEX-FAOC183187,https://faolex.fao.org/docs/pdf/eth183187.pdf,Geothermal Resources Development Proclamation No. 981/2016.,2016-09-16,English,Energy; Water,Energy; Land & soil; Mineral resources; Water,,,Ethiopia,,,Legislation,,"This Proclamation regulates geothermal resources development activities within the territory of the Federal Democratic Republic of Ethiopia. The objectives of the Proclamation include, among other things, ensuring that the country’s geothermal resources are developed  in an orderly, sustainable and environmentally responsible manner,  promoting the use of Grade II geothermal resources for various uses and  encouraging a sustainable, carbon-neutral economy in Ethiopia. The Proclamation distinguishes between Grade I geothermal resources (capable to generate electric power and to provide services such as direct heating and combined heat and power) and Grade II geothermal resources (used for the purposes such as direct heating, agricultural and industrial applications and recreational bathing and medicinal purposes). The competent body may decide that other natural resources in the geothermal resource license area may be developed, in so far as feasible and in a manner consistent with this Proclamation and under the laws applicable to them. No land which is within areas  reserved for natural habitats or national parks may be used for geothermal operations and no operations may take place within 500 metres of a water reservoir or dam. The licensing authority shall establish and maintain a register of geothermal resources. A licence holder may use water from any water body, situated on, under, or flowing through, such land or drill a well required for his activities, subject to the relevant Water Laws, relevant basin plans and upholding best practices and applicable health and safety regulations and directives. Geothermal operations shall be carried out in such a manner as to prevent unnecessary waste of or damage to geothermal or other energy and mineral resources; to protect and enhance the quality of surface and ground waters, air and other natural resources, including wildlife, soil and vegetation; and preserve cultural resources, including archeological, scenic and recreational resources. Used water shall be disposed consistent with Water Laws and relevant basin plans and related Environmental Laws. A holder of a license issued or agreement concluded in relation to geothermal operations pursuant to Mining Operations Proclamation No. 678/2010 (as amended) prior to the coming into force of this Proclamation may apply at any time for a license in accordance with this Proclamation, and regulation and directive issued hereunder. ",expropriation; water abstraction; groundwater; well sinking/boreholes; thermal and medicinal waters; hydropower generation; renewable energy; energy conservation/energy production; renewable energy; mining
LEX-FAOC183189,https://faolex.fao.org/docs/pdf/eth183189.pdf,Industrial Chemical Registration and Administration Proclamation No. 1075/2018.,2018-04-05,English,Environment,Waste & hazardous substances,,,Ethiopia,,,Legislation,,"This Proclamation provides rules for registration and the handling of industrial chemicals”. It has the following objectives: 1/ establishing a national system for registration and administration of industrial chemicals; and 2/ preventing and controlling the adverse effects arising from the mismanagement of chemicals to the human and animals health as well as environment safety that may occur in the transaction of industrial chemicals. “Industrial chemical” means any chemical that is used for industrial, educational and training, research and transfer purposes, with the exclusion of pharmaceutical and medical, food and food additives, agricultural, chemical weapons and radioactive chemicals. The Proclamation implements in part the Rotterdam Convention on the Prior Informed Consent Procedure for Certain Hazardous Chemicals and Pesticides in International Trade and the Stockholm Convention on Persistent Organic Pollutants. Any person who engages in the importation, exportation, transportation and storage of industrial chemicals that has been restricted by Rotterdam Convention and directive issued by the Ministry shall obtain a certificate of competence from Ministry or competent authority. No person shall produce, import, pack, sell, distribute, store or use industrial chemicals unless registered by competent authority. The competent authority (defined) shall report annually information about administered chemicals to the ministry of Industry. There are also reporting obligations for any person who is producing, importing, exporting, distributing and using industrial chemicals. The Proclamation contains rules on the packaging and labelling of industrial chemicals. The Ministry of Environment, Forest and Climate Change shall have the authority to monitor and control enforcement of chemical related activities. ",hazardous substances; international trade; authorization/permit; PIC-prior informed consent; monitoring; certification; comparative analysis
LEX-FAOC183194,https://faolex.fao.org/docs/pdf/eth183194.pdf,Ethiopian Youth Revolving Fund Establishment Proclamation No. 995/2017.,2017-03-10,English,Employment; Youth,Agricultural & rural dev.,,,Ethiopia,,,Legislation,,"This Proclamation establishes the Ethiopian Youth Revolving Fund, which shall be managed by the Commercial Bank of Ethiopia. The Fund shall have the following objectives: 1/ assist youth to employ their capabilities in creating job opportunities; provide financial assistance for organized income generating activities conducted by youth; ensure the all-rounded participation and benefit of youth. The Fund may provide, through trough micro financing institutions, loans to beneficiaries. The micro financing institutions shall: 1/ enter into an agreement with and provide the required amount of loan to beneficiaries in accordance with the terms and conditions set out by the Ministry upon receipt of income generating project documents of beneficiaries evaluated and approved by the appropriate authority and where it is satisfied that the project is feasible. The “appropriate authority” is the authority of a state, whatever its designation, that is in charge of youth affairs. Such authority shall identify youth qualifying to become Beneficiary and facilitate the provision of technical assistance to beneficiaries in project preparation. ",agricultural development; youth; subsidy/incentive; credit; special fund; business/industry/corporations
LEX-FAOC151429,https://faolex.fao.org/docs/pdf/eth151429.pdf,"Agricultural Policies, Programs and Targets for a Plan for Accelerated and Sustainable Development to End Poverty (PASDEP).",,English,Agricultural & rural development; National development,Agricultural & rural dev.; Environment; Food & nutrition; Land & soil; Cultivated plants,,,Ethiopia,,,Policy,,"The Agricultural Policies, Programs and Targets for a Plan for Accelerated and Sustainable Development to End Poverty (PASDEP) is a national sectoral policy document of Ethiopia. It is in force for the period 2005/6-2009/10. Its main objective is to accelerate the transformation from subsistence to commercialization of smallholder agriculture through attaining increased productivity and increased share of marketed production and continued support to pro-poor basic agriculture within the framework of the national food security program. The key interventions designed to attain household food security over the five-year period are: (1) building household assets through on-farm activities; (2) undertaking a resettlement program; (3) a Safety Net Program, which helps bridge food gaps while building community assets; and (4) introducing non-farm activates. In addition to these key interventions, due attention will also be given to nutritional issues, and the maintenance of emergency capabilities. The document also provides for natural resource management. In this area, it calls for the integrated development and utilization of the resource bases (land, soil, water and forest) to enable transition to improved livelihoods. Major activities among others include sustainable land use and forests development, water management for irrigation development, and soil and water conservation. In the area of land management, it aims to utilize the natural resources in sustainable manner. Proper land-use plan will be prepared by analysing the suitability of land in 18 watersheds during the PASDEP period. In the area of water management, a major effort will be made to promote and strengthen small-scale irrigation schemes. The extension and training programs will pay particular attention to enhance farmer's capacity to use water resources efficiently, and help to build the community-level institutional structures necessary for effective irrigation management through provision of credit service where appropriate. In the area of soil conservation, focus will be given on controlling soil erosion losses from cultivated lands with varying slopes ranging from gentle to steep slopes through the use of proven structural and biological measures. In the area of forest management, it targets to promote and strengthen tree-planting activities. In terms of wildlife, it notes that efforts will be made to strengthen 20 existing wildlife protected areas and two wildlife ranches/farms. In five years’ time two community conservation sites will be established. Management plans will be prepared for 16 protected sites in order to enhance wildlife based tourism. Lastly, the document also provides measures for biodiversity conservation and sustainable utilization. In the area, it aims at an accelerated biodiversity conservation and utilization in sync with agricultural development and improvement frameworks. The document also provides for measures such as providing extensive technical, vocational education and training in agriculture, provision of extension services, the integrated process of technology generation, development, transfer, utilization and feedback and agricultural research. Market strengthening is also contemplated which relates to improving both the functioning of local markets to farmers capture greater benefits; and improving integration with regional and global markets for commercial agriculture.  It is expected that the small farmers will take the lead, but the government will take the steps to link with large farmers, co-operatives and private sectors by ensuring the flow of information, establishing level playing field, making available the necessary infrastructure, access to land, providing direct supports for getting access to new technologies. Additionally, increasing crop production and productivity is envisaged in order to make the country food self-sufficient and to ensure household food security for the rapidly growing population as well as to improve the provision of quality products for the local agro industry and for the export market. For pest management the PASDEP provides for the following interventions: capacity building through training of farmers on pests and plant protection measures; development of pest monitoring and early warning system establishing field monitoring stations, strengthening pest trap sites, deploying pest monitoring staff/scouts; establishment of information networks to track pest development; field surveys and pest control operation to ensure readiness to act against any threatening pest situation through procurement and storage of pesticide and spraying equipment in advance; plant quarantine and inspection service; establishment of quarantine stations to monitor and control pest movement at entry points; harmonization of regulations for plant quarantine, pesticides registration and control of bio-pesticide; post-harvest loss management. ",agricultural development; poverty; public participation; sustainable use; community management; cooperative/producer organization; agricultural extension; research; capacity building; financial agricultural measures; fiscal and market measures; agricultural commodities; sustainable development; early warning system; risk assessment/management; hazards; food security; nutrition; land tenure; land reform; pests/diseases; plant protection
LEX-FAOC184376,https://faolex.fao.org/docs/pdf/eth184376.pdf,Ethiopian Geospatial Information Agency Re-establish the Proclamation No. 1079/2018.,2018-03-08,English,Environment,Agricultural & rural dev.; Environment; Land & soil,,chilot.me,Ethiopia,,,Legislation,,This Proclamation established the Ethiopian Geospatial Information Agency as an autonomous Federal Government Office having its own legal personality. The Agency shall plan and carry out geospatial information-related activities as specified and coordinate and control the quality and standard of geospatial information activities. Geospatial information is considered a critical input required to ensure the continuance of the fast and sustainable development of Ethiopia. The Proclamation also concerns the right to carry out geospatial information-related activities and ownership of geospatial information. ,agricultural development; monitoring; institution; sustainable development; governance; survey/mapping; land-use planning
LEX-FAOC184377,https://faolex.fao.org/docs/pdf/eth184377.pdf,Proclamation to Ratify the Protocol to the African Charter On Human and Peoples' Rights on The Rights of Women in Africa.,2018-03-30,English,Gender; Social protection,Agricultural & rural dev.; Food & nutrition; Land & soil; Water,,chilot.me,Ethiopia,,,Legislation,,"This Proclamation provides for the ratification by Ethiopia of the Protocol to the African Charter On Human and Peoples Rights on The Rights of Women in Africa (Maputo Protocol), and specifies the reservations made by Ethiopia when signing the Protocol. Those reservations concern, among other things, marriage and inheritance. The Ministry of Women and Children Affairs of the Federal Democratic Republic of Ethiopia is given the responsibility to cooperate with other relevant organs to implement and follow-up the Protocol. The Protocol defines, among other things, the right of women to nutritious and adequate food and requires member States to take action to provide women access to clean drinking water, sources of domestic fuel, land, and the means of producing nutritious food and water. They shall also promote women’s access to and control over productive resources such as land and guarantee their right to property. ",gender; human rights; equity; international agreement-implementation; right to food; human rights; inheritance; right to water; water supply; human rights
LEX-FAOC179666,https://faolex.fao.org/docs/pdf/eth179666.pdf,National Strategy for Child Survival in Ethiopia.,,English,Health,Environment; Food & nutrition,,https://chilot.me,Ethiopia,,,Policy,,"The National Strategy for Child Survival in Ethiopia is a nation-wide sectoral document with the overall goal of reducing the current under-five mortality of 140/1000 to 67/1000 by 2015, which means a reduction of more than 50% of the 2004 rate. The Health Services Extension Program (HSEP) is the main pillar of the Child Survival Strategy for increasing access to preventive and basic essential curative health services to the majority of the under served population. The Strategy has two phases: 2005 to 2009 and 2010 to 2015. By 2009, most of the new facilities should have been constructed and their staff trained. The subsequent five years are seen as a period of consolidation of the quality and utilization of the services. The document focuses on the health system, but long term achievements need a cross-cutting interventions in other sectors, including reducing poverty, improving food security, raising levels of maternal education and the status of women in society, and the provision of safe water and sanitation. Specific objectives connected to this goal are (i) to proportionally reduce the neonatal, infant and child mortality rates while achieving the overall objective; (ii) to ensure the greatest possible reduction of mortality among the children of the poorest and most marginalized sections of the population; (iii) to contribute to the reduction of maternal mortality to achieve the Millennium Development Goal by 2015; and (iv) to ensure the availability of quality essential health care for women and children in the community and health facilities. To help eliminate hunger, food insecurity and malnutrition, key interventions of the Strategy focus on (i) promotion of breast feeding for the first six months of life and the continuation of breastfeeding for at least 24 months; (ii) supplementary feeding for malnourished children and pregnant women; (iii) vitamin A supplementation for under-fives and growth monitoring for children under 3 years of age; (iv) appropriate feeding advice and counselling for children with mild malnutrition; (v) introduction of the WHO Guidelines on the Management of the Child with a Serious Infection or Severe Malnutrition to all Hospitals and Health Centers; and (vi) assessment of the needs for safe water and improved sanitation, together with the protection of water sources and the digging of wells and latrines. Rural poverty reduction will be tackled mainly through (i) increased coverage of essential health services to the rural community; and (ii) provision of health care for the children of pastoralists through the development of relevant strategies as part of the Health Services Extension Package. As for the Governance, The national health policy emphasizes the importance of achieving access to a basic package of quality primary health care services for all segments of the population, via a decentralized state system of governance. To this end, it proposes a structure for the management and coordination of the Strategy, and, in general, of the health system, to be assumed by the Federal Ministry of Health, passing through national and regional structures, up to local centers and to the  NGOs participating in the health sector. ",public health; poverty; public health; poverty; food security; nutrition; breastfeeding/infant food; equity; gender; school feeding; youth
LEX-FAOC165071,https://faolex.fao.org/docs/pdf/eth165071.pdf,Afar National Regional State Rural Land Use and Administration Policy.,,English,Land & soil,Agricultural & rural dev.; Livestock; Environment; Forestry; Land & soil; Water; Wild species & ecosystems,,,Ethiopia,,Afar,Policy,,"This Rural Land Use and Administration Policy of the Afar National Regional State seeks to provide an answer to the following problems: The traditional land administration and use system is not in line with the formal government land administration and use system. Furthermore, the traditional system has been emphasized over the formal system and this situation has created hindrance to investment and tourism activities in the region; the existence of conflict between land use for farming activities; and grazing activities and protection of wildlife; the weakening of the traditional land use and administration system has brought about uncontrolled grazing that in turn brought about land degradation; and spread of animal diseases; the previously prepared land use plan prepared was been supported by policy and legislation to fully implement it. The Policy sets out principles (including guaranteeing the right of pastoralists and/or agro pastoralists to free access and use land and equal land use rights of women), goals (the main goal of this policy is ensure the reliable and sustainable use and protection of the land and land related natural resources in the region through implementing a system of land administration in order to contribute to the improvement of the life of the people of the region) and objectives (including ensuring the land use rights and obligations of pastoralists, agro pastoralists, investors, and other users). Declared policies include: the right to ownership of rural lands is vested in the state and the people; every pastoralist or agro-pastoralist in the Region who intends to be engaged in animal husbandry and/or farming and who is 18 years of age and above, has the right to free access to land; a rural land holder who has user rights shall have the right to transfer and bequeath his holding rights to others; the regional government or any other person who has rural land use rights shall have the right to transfer his land holdings by lease; women shall have equal right with men to access, use, and transfer, administer and control lands; every land holder shall have security of tenure over the land under his possession; maximum size of holdings shall be determined by the competent authority; grazing and farm land holdings could be redistributed based on studies if necessary; land holdings shall be surveyed and registered according to their use; every land holder who is using lands has the duty to protect, conserve, and control his holding in order to prevent the causes of land degradation and that make the land unproductive; Protected areas such as national parks, riverside forest areas, and places where hunting is restricted with their natural resources shall be protected in order to preserve the eco-system; suitable settlement areas around riversides shall be identified and essential infrastructures will be established in order to enable pastoralists to voluntarily settle and practice irrigation agriculture. The Policy also deals with settlement of land conflicts. ",agricultural development; smallholders/peasants; pastoralism; investment; animal production; agro-forestry; grazing; pastoralism; investment; animal production; ecosystem conservation; soil conservation/soil improvement; soil rehabilitation; erosion; investment; forestry protection measures; afforestation/reforestation; pastoralism; agro-forestry; forest management/forest conservation; investment; land reform; land tenure; agricultural land; ownership; land-use planning; dispute settlement; smallholders/peasants; gender; liability/compensation; range; expropriation; traditional rights/customary rights; investment; pastoralism; property rights; sustainable use; investment; protected area; ecosystem conservation; investment
LEX-FAOC186139,https://faolex.fao.org/docs/pdf/eth186139.pdf; https://faolex.fao.org/docs/pdf/eth186139Year97.pdf,National Policy on Natural Resources and the Environment 1994 (Volume II).,,English,Environment; National development,Agricultural & rural dev.; Livestock; Air & atmosphere; Energy; Environment; Forestry; Land & soil; Mineral resources; Cultivated plants; Water; Wild species & ecosystems,,http://documents.worldbank.org,Ethiopia,,,Policy,,"This National Policy on Natural Resources and the Environment is an overall comprehensive cross-sectoral and sectoral policy framework developed by the Transitional Government to guide natural resources and  environment sustainable development, use and management. The overall policy goal is to improve and enhance the health and quality of life of all Ethiopians and to promote sustainable social and economic development through the sound management and use of natural, human-made and cultural resources and the environment as a whole so as to meet the needs of the present generation without compromising the ability of future generations to meet their own needs. To achieve this overall goal the document lays out the following specific objectives as follows (i) ensure that essential ecological processes and life support systems are sustained, biological diversity is preserved and renewable natural resources are used in such a way that their regenerative and productive capabilities are either restored or maintained and where possible enhanced; (ii) ensure that non-renewable resources are exploited and managed in a sustainable manner, minimizing the negative impacts of their exploitation; (iii) identify and develop natural resources that are currently under-utilized; (iv) incorporate the full economic, social and environmental costs and benefits of natural resource development into the planning, implementation and accounting processes; (v) improve the environment of human settlements to satisfy the physical, social, economic, and cultural needs of their inhabitants on a sustainable basis; (vi) prevent the pollution of land, air and water in the most cost effective way, and disallow that interventions whose costs exceed the benefits; (vii) conserve, develop, manage, and support Ethiopia's diverse cultural heritage; (viii) ensure the empowerment and participation of the people and their organizations at all levels in environmental management activities; and (ix) raise public awareness about the essential linkages between environment and development. To make agriculture, forestry and fisheries more productive and sustainable, the document focuses on (i) promoting improved soil conservation practices that enhance and maintain land productivity for the sustainable development of agriculture and, in general, biomass and biodiversity; (ii) increasing crop and animal production whilst maintaining the diversity, the security, the in-built safety mechanisms and thus the sustainability of crop and animal production systems; (iii) managing the range lands resources within their capacity to sustainably maximize the production and wise use of livestock, crops, woodlands, water and wildlife resources; (iv) conserving forest ecosystems and genetic resources and increasing the production on a sustainable  basis of forest resources, fodder and minor forest products as well as to increase soil fertility and decrease land degradation through the planting of appropriate trees thus improving agricultural production; and (v) developing water resource for the increase of sustainable agricultural production, for the generation of hydro electricity and for the health and well being of the population. Rural poverty can be countered with (i) adoption, adaptation or development of simple and easy to use technologies which are appropriate for the local conditions in rural situations, and acceptable to, as well as affordable, by local communities; (ii) giving priority to rural communities in mineral bearing areas, and encouraging and supporting them in artisanal and small-scale mining for gold, salt and other minerals amenable to artisanal operations and small-scale groundwater exploitation; (iii) decentralizing decision making for the issuance of licences for the collecting of surface minerals, including panning for gold, drilling for groundwater and for quarrying to local councils; and (iv) integrating into regional, urban, and rural local land use planning the relationship between an urban area and the surrounding rural areas. To enable more inclusive and efficient agricultural systems, the Policy seeks for (i)  empowering rural communities and urban municipalities to ensure local ownership of water supplies through the formation of local representative water committees in rural areas and municipal technical units in urban areas and pass to them responsibility for day to day management and maintenance; (ii) empowering water resource users, particularly women and animal herders, to enable their full participation in population and environmental decision making, resource ownership and management; (iii) promoting off farm income generating programs which aim at the alleviation of poverty, especially among women and the landless; (iv) designing programs that involve and benefit the most disadvantaged groups, particularly women, children, the disabled and the landless; (v) ensuring women's access to technology; (vi) involving the primary users such as women, charcoal makers and large institutional consumers (eg. schools, bakeries), and cottage and large scale industries (eg. brick makers, potters, tea and tobacco curers, fish smokers) in local level energy planning and decision making; and (vii) providing support to women in mineral development with special practical training and technical assistance particularly in small-scale and artisanal mining. The resilience of livelihoods to disasters could be increased through (i) providing a system of Environmental Impact Assessment (EIA) and Environmental Audit so that adverse environmental impacts can be foreseen, monitored, eliminated or at least mitigated and environmental benefits are enhanced; (ii) developing plant breeding programs including not --only high yielding varieties for favorable environments but, equally, varieties which will perform satisfactorily under adverse conditions and low input technologies; and (iii) protecting the ozone layer to mitigate the adverse health effects from exposure to ultra-violet rays. ",sustainable development; crops ; community management; gender; traditional rights/customary rights; sustainable development; animal production; traditional rights/customary rights; community management; sustainable development; cultural heritage; ozone layer; traditional rights/customary rights; community management; protection of environment; sustainable use; sustainable development; ecosystem conservation; genetic resources; traditional rights/customary rights; community management; sustainable development; pollution control; soil conservation/soil improvement; range; traditional rights/customary rights; community management; pastoralism; sustainable development; crops ; environmental impact assessment (EIA); traditional rights/customary rights; community management; sustainable development; pollution control; freshwater pollution; community management; gender; traditional rights/customary rights; sustainable development; ecosystem conservation; environmental impact assessment (EIA); biodiversity; traditional rights/customary rights; community management; sustainable development; pollution control; ozone layer; community management; sustainable development; traditional rights/customary rights; community management; sustainable development; authorization/permit; poverty; local government; management/conservation; minerals; mining; community management
LEX-FAOC186494,https://faolex.fao.org/docs/pdf/eth186494.pdf,Action Plan for the National Policy on Natural Resources and the Environment of 1994 (Volume IV).,,English,Environment,Agricultural & rural dev.; Livestock; Environment; Forestry; Land & soil; Water; Wild species & ecosystems,,,Ethiopia,,,Policy,,"This Action Plan for the Ethiopian National Policy on Natural Resources and the Environment is a nationwide document that presents a plan of prioritized actions within the framework of 11 cross-sectoral and 11 sectoral programs,  which translate the broad strategies outlined in Volume II into specific activities. The prioritization distinguishes three periods of time within which the implementation of the activities is expected: (i) immediate priorities, include the activities to be accomplished within a period of two years; (ii) medium term priorities, include those actions which can be completed within a period of five years; and (iii) long term priorities, include actions which require the completion of immediate and/or medium term actions and which will take a period of much more than five years to complete. The cross-sectoral programs link the interventions directed to the management of natural resources and the environment to a series of other themes, such as (i) population strategies, (ii) community involvement and benefit, (iii) rural land tenure and access rights, (iv) land use planning, (v) integration of social, cultural and gender factors in resource use and management, (vi) economic planning, (vii) environmental information systems; (viii) environmental research, (ix) environmental impact assessment process, and (x) environmental education and awareness. To make agriculture and forestry more productive and sustainable, the actions will aim to the development of (i) an integrated land use and soil management both in agriculture and in forestry; (ii) appropriate methods of rainwater harvesting and improved soil moisture conservation for crop and other biomass production incorporating indigenous technique; (iii) integrated crop and livestock production to meet the increasing shortages of animal feed and minimize open grazing on hillside; (iv) range-land management focusing on water supply in the arid and semi arid areas and construction of rural roads; (v) forest resource and ecosystem conservation and management; (vi) medium and large scale irrigation systems; and (vii) energy resources to protect  forest, woodland and trees resources. Rural poverty will be tackled through (i) a feasibility study and a pilot project of a land management Fund to provide incentives for resource-poor farmers to undertake soil conservation measures; and (ii) the development of regional action plans for off farm income generation for the poor and the landless, especially women. In order to enable more inclusive and efficient agricultural and food systems, the document proposes to (i) establish the basic market infrastructure linked to rural access roads together with domestic and foreign livestock market price information; (ii) assist local pastoral groups establish the necessary infrastructure and systems for effecting distress sales of livestock in times of drought, credit facilities for post drought herd reconstruction; (iii) initiate integrated participatory range-land and pastoral development programs in pastoral, agro-pastoral and farming communities; (iv) promote farmer/community production of seedlings, and, in the medium term, to transfer state nurseries to community or individual farmer operation; (v) ensure that rural and small scale urban water supply systems are controlled and managed by local communities; (vi) evaluate the possibility of undertaking development programs that involve and benefit all people, particularly the most disadvantaged groups like widows, children, the disabled and the landless; and (vii) develop participatory community organizations of women, disadvantaged social groups, and disabled persons able to undertake the planning and management of projects regarding natural resources and the environment. The resilience of livelihoods to disasters will be increased through (i) a national survey to determine the estimated annual emissions of greenhouse and other damaging gases into the atmosphere and the rates of carbon sequestration; (ii) developing hydro and geothermal energy generation; (iii) establishing monitoring system, through periodic national surveys on emissions of damaging gases and providing technical assistance to enable the Ethiopian Meteorological Service; and (iv) establishing local emergency feed and grain reserves for times of drought. ",community management; land tenure; gender; sustainable development; integrated management; land-use planning; crops ; irrigation; poverty; soil conservation/soil improvement; cultural heritage; animal feed/feedstuffs; animal production; pastoralism; community management; gender; environmental impact assessment (EIA); education; hazards; emissions; cultural heritage; community management; gender; education; soil conservation/soil improvement; sustainable development; forest management/forest conservation; ecosystem conservation; cultural heritage; community management; land tenure; access right; gender; soil conservation/soil improvement; sustainable development; cultural heritage; community management; gender; rainwater; water supply; irrigation; community management; access right; gender; environmental impact assessment (EIA); education; soil conservation/soil improvement; sustainable development; ecosystem conservation; cultural heritage
LEX-FAOC186529,https://faolex.fao.org/docs/pdf/eth186529.pdf,Intended Nationally Determined Contribution (INDC) of the Federal Democratic Republic of Ethiopia.,2015-06-10,English,Climate change,Agricultural & rural dev.; Livestock; Environment; Food & nutrition; Forestry; Land & soil; Cultivated plants; Water; Wild species & ecosystems,,www4.unfccc.int,Ethiopia,,,Policy,,"This Intended Nationally Determined Contribution (INDC) is a nationwide sectoral document aiming at laying out the adaptation initiatives, addressing both climate change adaptation and mitigation objectives, that Ethiopia intends to undertake in order to limit its net greenhouse gas (GHG) emissions by 2030. The INDC is in line with the Climate Resilient Green Economy Strategy (CRGE), integrated into the Second Growth and Transformation Plan that would ensure a resilient economic development pathway while decreasing per capita emissions by 64% to achieve the Vision of	achieving carbon neutrality, with the mid-term goal of attaining middle-income status. The document examines two types of intervention: (i) mitigation contribution of GHG emissions, regarding priority gases such as carbon dioxide, methane and nitrous-oxide in the following sectors 1.Agriculture (livestock and soil), 2.Forestry, 3.Transport, 4.Electric Power, 5.Industry (including mining) and 6.Buildings (including Waste and Green Cities); and (ii) adaptation to	climate	change, with actions to be fully mainstreamed into development activities, with the participation of the entire population,	 especially farmers and pastoralists, to	increase resilience and reduce vulnerability of livelihoods and landscapes in three	pillars 1.drought, 2.floods and 3.other cross-cutting interventions. To help eliminate hunger, food insecurity and malnutrition, the INDC proposes (i) breeding improved crop varieties, primarily from among  those that suit all agricultural areas where  varieties that were grown in the past have become unsuitable; (ii) improving traditional methods to store food and feed in productive years and secure food supply in case of extreme weather events; and (iii) strengthening rural economic development through higher agricultural production, which leads consequently to a greater food security. In order to make agriculture and forestry more productive and sustainable, the document aims at (i) increasing the resilience of agriculture addressing the high levels of vulnerability of the sector to droughts and floods; (ii) enhancing irrigation systems through rainwater harvesting	 and conservation of water, including improved water use efficiency; (iii) protecting and re-establishing forests; and (v) the sustainable	afforestation of degraded forest areas. The resilience of livelihoods to disasters will be increased through (i) protecting humans, wildlife and domestic animals from extreme droughts and digging	wells and enhancing water harvesting techniques; (ii) reducing adverse effects of drought through enabling the re-establishment and movement of plant and animal species and varieties to areas suitable for their survival when temperature rises, land management practices and improved livestock production practices to reverse soil  erosion, restore water balance, and increase vegetation cover, including drought tolerant vegetation, and planning and construction of dams	or deep	wells, deployment of water saving technologies and wastewater treatment infrastructure; (iii) developing and implementing climate change compatible building and construction codes for buildings, roads, airports,  airfields, dry ports, railways, bridges, dams and irrigation canals; (iv) identifying the technical support  needed for the adequate integration of climate change adaptation considerations into policies, strategies, plans, and projects. ",climate change; water shortage/drought; flood; food security; sustainable development; crops ; traditional knowledge/indigenous knowledge; agricultural development; irrigation; rainwater; hazards; climate change; animal production; sustainable development; climate change; emissions; water shortage/drought; flood; hazards; food security; traditional knowledge/indigenous knowledge; agricultural commodities; transport/storage; climate change; sustainable development; traditional knowledge/indigenous knowledge; protection forest; afforestation/reforestation; forest management/forest conservation; hazards; climate change; flood; erosion; hazards; climate change; climate change; water shortage/drought; flood; sustainable development; traditional knowledge/indigenous knowledge; irrigation; rainwater; well sinking/boreholes; hazards; effluent waste water/discharge; waterworks; pollution control; freshwater pollution; climate change; sustainable development; traditional knowledge/indigenous knowledge; plant variety
LEX-FAOC187265,https://faolex.fao.org/docs/pdf/eth187265.pdf,Ethiopia’s Climate Resilient Green Economy National Adaptation Plan.,,English,Environment; Climate change,Agricultural & rural dev.; Livestock; Energy; Environment; Food & nutrition; Forestry; Land & soil; Cultivated plants; Water; Wild species & ecosystems,,www4.unfccc.int,Ethiopia,,,Policy,,"This National Adaptation Plan (NAP) is a 15-years nationwide cross-sectoral document aiming at strengthening holistic integration of climate change adaptation in Ethiopia's long-term development pathway, supported by effective institutions and governance structures, finance for implementation and capacity development and strengthened systems for disaster risk management and integration among different sectors, in order of achieving the Vision of creating a climate change impact resilient development for Ethiopia and its people. The Plan focuses on a number of sectors identified as most vulnerable, namely (i) agriculture; (ii) forestry; (iii) health; (iv) transport; (v) power; (vi) industry; (vii) water; and (viii) urban. Within these sectors, 18 adaptation options have been identified for implementation at all levels and across different development sectors, recognizing the considerable diversity in context and vulnerability across Ethiopia's regions and social groups. These options are 1.enhancing food security by improving agricultural productivity in a climate-smart manner; 2.improving access to potable water; 3.strengthening sustainable natural resource management through safeguarding landscapes and watersheds; 4.improving soil and water harvesting and water retention mechanisms; 5.improving human health systems through the implementation of changes based on an integrated health and environmental surveillance protocol; 6.improving ecosystem resilience through conserving biodiversity; 7.enhancing sustainable forest management; 8.building social protection and livelihood options of vulnerable people; 9.enhancing alternative and renewable power generation and management; 10.increasing resilience of urban systems; 11.building sustainable transport systems; 12.developing adaptive industry systems; 13.mainstreaming endogenous adaptation practices; 14.developing efficient value chain and marketing systems; 15.strengthening drought, livestock and crop insurance mechanisms; 16.improving early warning systems; 17.developing and using adaptation technologies; and 18.reinforcing adaptation research and development. To help eliminate hunger, food insecurity and malnutrition, the NAP aims at (i) enhancing crop and livestock productivity by selecting resistant and tolerant varieties through switching and diversification, selection and breeding and by diversifying varieties; (ii) implementing effective systems for increased use of organic fertilizers and appropriate mechanization; (iii) implementing a strong system of monitoring of crops for diseases and pests; (iv) realizing improved breeding and feeding systems and improved pasture/grazing management; (v) enhancing veterinary services; (vi) enhancing water availability and use of appropriate agricultural technologies; and (vii) employing enhanced soil and water conservation methods; (viii) enhance natural resilience to the adverse impacts of climate change by enhancing healthy and well-functioning ecosystems; (ix) promote value added commercialization of timber and non-timber forest products along with payment for ecosystem services; (x)  acknowledge and mainstream the contribution of forest resources to other production sectors, mainly energy, agriculture and industry; (xi) enhancing the adaptive capacity of forests and forest landscapes and improving forest-based incomes; In order to make agriculture and forestry more productive and sustainable, main intervention will be directed to (i) rehabilitate degraded lands; (ii) increase irrigation in agriculture through improvement of soil water harvesting and water retention mechanisms; (iii) enhance climate smart production systems; (iv) enhance sustainable forest management; (v) protect and re-establish forests for their economic and ecosystem services, including as carbon stocks; and (vi) improve the resilience of value chains for livestock, crops, and forest products, and products from other sectors in order to facilitate improved production and marketing. For a more inclusive and efficient agricultural and food systems, the document envisages (i) promotion of women and youth empowerment to enable them to equitably benefit from the outcomes of development; (ii) create insurance schemes for anticipated climate risks, including drought and flood leading to crop failure for both women and men; and (iii) improve access to credit giving special emphasis to women and impoverished communities. The resilience of livelihoods to disasters will be increased by (i) integrating climate change adaptation in development policies and strategies at the national level, as well as Regional and district plans and strategies; (ii) building long-term capacities of institutional structures involved in the NAP; (iii) implementing effective and sustainable funding mechanisms; (iv) advancing adaptation research and development in the concerned area; (v) building collaborative partnerships among the relevant stakeholders and enhancing the thematic integration among different development sectors; (vi) ensuring adherence to designs that take into account emerging climate change impacts and create resilient infrastructures; (vii) emphasizing the sustainability of the power sector by enhancing ways of ensuring that power generation capacity withstands climate change impacts; (viii)  emphasizing recognition of traditional ecological knowledge (TEK) systems and, once they have been identified, standardized, integrated, and scaled-up, need to be incorporated into the implementation of adaptation action and programs; (ix) improving early warning systems related to both quick and slow onset disasters; (x) developing and using adaptation technologies; (xi) reinforcing adaptation research and development increasing the knowledge and lessons learned portfolio from adaptation experiences of different sectors and regional states; and (xii) promoting  afforestation and reforestation practices. As for the Governance, at the highest level, oversight of NAP is the responsibility of an Inter-Ministerial Steering Committee, a Management Committee and the Ministry of Environment, Forests and Climate Change (MEFCC). For efficiency, financing and implementation of NAP will be led by the existing Climate Resilient Green Economy (CRGE) mechanisms, which are in place at national, regional and district levels. ",climate change; hazards; risk assessment/management; traditional knowledge/indigenous knowledge; crops ; early warning system; research; fertilizers/nutrients; water shortage/drought; flood; climate change; hazards; risk assessment/management; early warning system; research; animal production; animal feed/feedstuffs; climate change; hazards; risk assessment/management; public health; early warning system; research; water shortage/drought; flood; green economy; food security; hazards; risk assessment/management; early warning system; climate change; hazards; risk assessment/management; forest management/forest conservation; early warning system; research; timber; non-wood forest products ; climate change; hazards; risk assessment/management; soil conservation/soil improvement; early warning system; research; flood; climate change; hazards; risk assessment/management; crops ; early warning system; research; pests/diseases; monitoring; fertilizers/nutrients; plant protection; plant production; climate change; hazards; risk assessment/management; water shortage/drought; potable water; basin/catchment/watershed; early warning system; research; sustainable use; flood; inland waters; climate change; hazards; risk assessment/management; ecosystem conservation; biodiversity; early warning system; research; climate change; hazards; risk assessment/management; renewable energy; energy conservation/energy production
LEX-FAOC187941,https://faolex.fao.org/docs/pdf/eth187941.pdf,Raw Hides and Skins Marketing Proclamation No 814/2013.,2014-03-25,English,Livestock; Trade,Livestock,,chilot.me,Ethiopia,,,Regulation,,"This Proclamation concerns the placing on the market of raw hides and skins. It shall be applicable to any person directly or indirectly involving in raw hides and skins marketing within the country. The marketing of raw hides and skins shall be carried out at first or second level marketing in accordance this Proclamation. The quality standards of raw hides and skins shall be prepared by the Ethiopian Standards Agency. the Proclamation sets out obligations of producers, suppliers, transporters  of raw hides and skins and of tanneries. ",animal production; animal by-products; internal trade; processing/handling; classification/declassification; inspection; authorization/permit; enforcement/compliance
LEX-FAOC187942,https://faolex.fao.org/docs/pdf/eth187942.pdf,Organizations of Civil Societies Proclamation No.1113/2019.,2019-03-12,English,Private sector & entrepreneurship,General,,,Ethiopia,,,Legislation,,"This Proclamation provides rules for the establishment, registration, functioning, administration, control etc. of Non-Government Organizations, Professional Associations, Mass based Societies and Consortiums. The Proclamation shall be applicable to: a) Organizations operating in two or more regional states; b) Foreign Organizations; c) Organizations established in Ethiopia to work on International, Regional or Sub Regional issues or not operate abroad; d) Organizations operating in the City Administration of Addis Ababa or Dire Dawa; and, e) Charitable Organizations established by religious Institutions. It also establishes the Agency for Civil Societies Organizations. The Agency shall register and supervise organizations and be instrumental in their development. Any organizations shall be registered by the Agency in accordance with these provisions. The Agency may conduct an investigation into the activities of an organization to check whether it is carrying on its activities in accordance with the law. the Proclamation establishes a Civil Societies Fund, which shall be administered by the Agency. ",non-governmental entity; civil and political rights; governance; special fund
LEX-FAOC189010,https://faolex.fao.org/docs/pdf/eth189010.pdf,National Social Protection Policy of Ethiopia.,2012-03-26,English,Social protection,Agricultural & rural dev.; Food & nutrition; Cultivated plants; Water; General,,http://phe-ethiopia.org,Ethiopia,,,Policy,,"This National Social Protection Policy is nationwide sectoral document developed by the Government of Ethiopia as a complete framework leading to coordinated actions to protect citizens from economic and social deprivation. Given that social protection improves the effectiveness and efficiency of investments in agriculture, hygiene and health, education, and water it accelerates the attainment of the development goals of the country, especially for the most vulnerable members of society. The main objectives of Social Protection Policy of Ethiopia are the following (i) protect poor and vulnerable individuals, households, and communities from the adverse effects of shocks and destitution; (ii) increase the scope of social insurance; (iii) increase access to equitable and quality health, education and social welfare services to build human capital thus breaking the inter-generational transmission of poverty; (iv) guarantee a minimum level of employment for the long term unemployed and underemployed; (v) enhance the social status and progressively realize the social and economic rights of the excluded and marginalized; and (vi) ensure the different levels of society are taking appropriate responsibility for the implementation of social protect. To achieve the aforementioned objectives, the following actions will be implemented (i) emergency interventions and targeted cash transfers; (ii) preventive actions designed to avert deprivation or to mitigate the impact of adverse shocks including health and unemployment insurance; (iii) promotive actions that aim to enhance assets and human capital and income earning capacity; and (iv) transformative actions including legal and judicial reforms, budget analysis and policy evaluations to help the nation better manage social protection. The Policy focuses on 4 main areas (1) social safety net; (2) livelihood and employment schemes; (3) social insurance; and (4) addressing inequalities of access to basic services. For rural poverty reduction, the Policy envisages (i) economic measures such as provision of inputs, seed fairs, and inputs for work; and (ii)  protection from the negative effects of shocks (mainly drought and floods) through the establishment of a safety net that can expand in coverage, including to urban areas, and value of transfer. To enable more inclusive and efficient agricultural and food systems, main interventions will be directed to (i) economic empowerment of women, gender parity in access to education, health and other basic services, strengthening the capacity of the public sector for gender mainstreaming, strengthening efforts to replace discriminatory norms, attitudes and practices; (ii) micro finance services and skill training for vulnerable groups; (iii) expand credits, grants and other facilities and support to generate income and promote market linkages; (iv) weather index-based insurance and property insurance schemes. As for the Governance, the document highlights the need for a system that will coordinate social protection programs across the country. The Council of Ministers shall establish a National Social Protection Steering Committee (NSPSC).  The NSPSC shall meet twice annually to review the implementation of the policy, strategies and action plans. At the federal level, the Ministry of Labour and Social Affairs, in collaboration with relevant ministries and institutions, shall be responsible to coordinate and undertake the concerned duties and responsibilities. ",social protection; gender; rural employment; social protection; rural employment; labour; social protection; social protection; seeds/planting material; plant production; water shortage/drought; flood; hazards
LEX-FAOC211936,https://faolex.fao.org/docs/pdf/eth211936.pdf,National Food and Nutrition Strategy,,English,Food & nutrition,Agricultural & rural dev.; Livestock; Food & nutrition; Fisheries; Forestry; Land & soil; Water,,https://scalingupnutrition.org/,Ethiopia,,,Policy,,"The Food and Nutrition Strategy (2021) is formulated and designed on the basis of the Food and Nutrition Policy (FNP), to comprehensively address poverty eradication and achieve the country’s vision of reaching global nutrition commitments by 2025, as well as create a conducive track for achieving national and SDG targets by 2030. The 13 strategic objectives of the Food and Nutrition Strategy are aligned with the strategic directions from the FNP; accordingly, the first three strategic objectives are dedicated to ensuring the availability and accessibility of food in a sustainable way, and ensuring the proper utilization of diversified, safe, quality and nutritious food, including the improvement of post-harvest management of agricultural food products. The next four strategic objectives focus on ensuring optimal nutritional status by using the lifestyle approach, including effective food and nutrition emergency response systems and Water, Sanitation and Hygiene (WASH). The remaining strategic objectives are dedicated to supporting effective food and nutrition governance, food and nutrition literacy, sustainable financing, institutional capacity, evidence generation and an effective nutrition communication system. Follow the 13 Strategic objectives:.1): Sustainably improve the availability, accessibility and utilization of adequate, diversified, safe and nutritious foods for all citizens at all times. 2) Strengthen and implement an integrated food safety and quality system. 3) Improve post-harvest management throughout the food value chain. 4) Improve nutritional status throughout the life cycle through the provision of nutrition-sensitive and nutritionspecific interventions. 5) Improve the nutritional status of people with communicable, noncommunicable and lifestyle-related diseases. 6) Strengthen the national capacity to manage natural and man-made food and nutrition emergencies with timely and appropriate responses, including emergency management for internally displaced persons and refugees. 7) Improve water, sanitation, and hygiene (WASH) practices of individuals, households and institutions. 8) Improve the nutrition literacy of individuals, families and communities along the food value chain, to enable them to make informed decisions on the uptake of diversified, safe, adequate and nutritious food. 9) Create a functional governance body to strengthen coordination and integration between FNP implementing sectors. 10) Improve sustainable and adequate financing through government budgets, private sector, community and development partner funding, and innovative financing mechanisms to translate policy into action. 11) Build the institutional capacities of FNP-implementing sectors via investments in human resources, research, and technological development. 12) Enhance evidenceinformed decision-making, learning and accountability. 13) Ensure effective food and nutrition communication. National Food and Nutrition Council (NFNC), composed of all sectoral ministers, regional presidents and city mayors, and led by the prime minister, will oversee the implementation of the FNP and Food and Nutrition Strategy. ",agricultural development; agricultural land; capacity building; climate change; education; agricultural extension; food security; integrated pest management-IPM/pest management strategies; irrigation; agricultural development; animal feed/feedstuffs; animal health; animal production; hazards; pests/diseases; livestock water use; poultry; drugs; birds; agricultural development; fish products; fishery management and conservation; biosafety; biosecurity; breastfeeding/infant food; capacity building; cleaning agents/detergents; climate change; hazards; disinfection/disinfestation; early warning system; ecofriendly products/ecofriendly processes; ecological production/organic production; education; equity; financing; food additives; food loss and waste; food safety and quality; food security; gender; governance; hygiene/sanitary procedures; novel food; nutrition; packaging/labelling; pesticides; policy/planning; post-harvest treatment; potable water; poverty; processing/handling; public health; risk assessment/management; school feeding; social protection; special dietary uses; traceability; traditional knowledge/indigenous knowledge; treated food; drugs; waste prevention; waste management; food fortification; afforestation/reforestation; agro-forestry; non-wood forest products ; forest management/forest conservation; agricultural land; drainage/land reclamation; land tenure; land-use planning; property rights; soil conservation/soil improvement; soil pollution/quality; soil rehabilitation; pollution control; irrigation; potable water; public health; public participation; water supply; aquaculture; protection of environment
LEX-FAOC149690,https://faolex.fao.org/docs/pdf/eth149690.pdf,National Strategy for Infant and Young Child Feeding.,,English,Food & nutrition,Food & nutrition,,,Ethiopia,,,Policy,,"The National Strategy for Infant and Young Child Feeding is a sectoral national strategy. Its main goal is to improve infant and young child feeding practices in Ethiopia. The objectives include: (1) to standardize infant and young child feeding practices for improved child health; (2) to specify roles and responsibilities of partners in promoting appropriate practices of feeding; and (3) to outline technical directives for interventions. The Strategy provides for technical guidance on infant and young children feeding, containing specific recommendations for the same. In the case of breastfeeding between 0 to 6 months-old child, it lays down the following recommendations: (1) initiating breastfeeding immediately; (2) giving colostrum; (3) practicing exclusive breastfeeding from 0-6 months; and (4) ensuring lactating mothers eat a sufficient diet and receive adequate care and support. In respect to complementary feeding for 6 to 24 months-old children and beyond, it provides for the following recommendation: (1) maintaining breastfeeding up to two years of age; (2) practicing responsive feeding; (3) complementary foods should be safely prepared and stored; (4) amount of food should be adequate for child’s age; (5) ensuring appropriate food consistency; (6) ensuring meal frequency and energy density; (7) ensuring adequate nutrient content of complementary foods; (8) vitamin-mineral supplements or fortified products be used by the infant and mother when needed; and (8) continuing feeding during illness and feed more after illness. The document also treats the issue of feeding during emergencies indicating that in such cases three steps have to be taken to respond to acute malnutrition: (1) active screening of children, pregnant and lactating women for acute malnutrition (Weight/Height percentage of the median); (2) supplementary feeding programs for the treatment of moderate malnutrition and the prevention of severe malnutrition; and (3) therapeutic feeding programs for the treatment of severe malnutrition. Among the intervening measures it envisages to improve infant and young child feeding, it includes, among others, actions such as ensuring that processed complementary foods are marketed for use at an appropriate age, and that they are safe, culturally acceptable, affordable and nutritionally adequate, in accordance with relevant Codex Alimentarius standards; promoting good nutrition for pregnant women and lactating mothers and promoting development of community-based support networks to help ensure appropriate infant and young child feeding, for example, mother-to-mother support groups and peer or lay counsellors, to which hospitals and clinics can refer mothers on discharge. The document also includes sections on its implementation noting that the primary obligation of the Ethiopian government is to formulate, implement, monitor and evaluate a comprehensive national strategy on infant and young child feeding. In addition to political commitment at the highest level, a successful strategy depends on effective national coordination to ensure full collaboration of all concerned regional governments, international organizations and other concerned parties. ",breastfeeding/infant food; Codex Alimentarius; hazards; food additives; food safety and quality; nutrition; food fortification
LEX-FAOC190943,https://faolex.fao.org/docs/pdf/eth190943.pdf,Maize Sector Development Strategy.,,English,Agricultural & rural development,Agricultural & rural dev.; Cultivated plants,,www.ata.gov.et,Ethiopia,,,Policy,,"This Maize Sector Development Strategy is a nationwide sub-sectoral document aiming at ensuring that all components of the maize sector are addressed in a comprehensive and coordinated manner through a value chain approach in order to achieve the Vision of seeing greater food security and increased incomes for smallholder maize farmers realized through enhanced productivity and better access to markets that are sustainable and efficient. The core components of the maize value chain are (i) research and technology development; (ii) access to inputs; (iii) on-farm production; (iv) post-harvest processing and storage; and (v) trade, marketing and demand sinks. For each component, the Strategy indicates both core and further necessary interventions in order to achieve the overall goal. Prioritized interventions are (i) increase farmers’ awareness of new varieties, especial Quality Protein Maize; (ii) engage in alternative options of input financing at the farmer level; (iii) develop agro-ecology and socio-economically specific input recommendations; (iv) conduct seed delivery through alternate channels; (v) increase awareness of recommended input and agronomic management methods; (vi) promote sustainable cropping systems to reduce the prevalence of mono-cropping; (vii) increase access to post-harvest processing equipment and technologies; (viii) tap into large-scale maize demand of food aid agencies; (ix) explore exports to neighboring countries with high demand for maize; and (x) explore and encourage investment into maize value-addition and promotion. Farmers, particularly smallholder farmers, are the ultimate owners of and beneficiaries from this sector strategy. They are also key stakeholders during the implementation process. ",agricultural commodities; sustainable development; food security; smallholders/peasants; research; investment; agricultural commodities; sustainable development; smallholders/peasants; research; plant production; plant variety; seeds/planting material; post-harvest treatment; investment
LEX-FAOC190946,https://faolex.fao.org/docs/pdf/eth190946.pdf,National Nutrition Program (NNP II) 2016 - 2020.,,English,Food & nutrition,Agricultural & rural dev.; Livestock; Food & nutrition; Fisheries; Forestry; Cultivated plants; Water; General,,https://eeas.europa.eu,Ethiopia,,,Policy,,"This second National Nutrition Program is a nationwide inter-sectoral document aiming at providing a framework for coordinated implementation of nutrition interventions in order to end hunger by 2030. Main strategy is an integrated approach linking between nutritional needs and improvement of agriculture/animal breeding/fisheries and aquaculture sectors. The interventions under NNP II include (i) optimal breastfeeding; (ii) optimal complementary feeding; (iii) mitigation and prevention of micro-nutrient deficiencies; (iv) WASH; (v) deworming; (vi) food fortification; and (vii) management of acute malnutrition. The overall goal of this program implementation manual is to facilitate and ignite the accelerated reduction of malnutrition in order to achieve zero hunger by 2030 and meet Sustainable Development Goal targets. The interventions that fall under the National Nutrition Program are grouped into two major categories: nutrition-specific and nutrition-sensitive. This grouping is based on the impact of the intervention on the immediate causes of malnutrition. Strategic Objectives of the Program are (i) improve the nutritional status of women (15–49 years) and adolescent girls (10–19 years); (ii) improve the nutritional status of women from childbirth up to 10 years; (iii) improve the delivery of nutrition services for communicable and non-communicable/lifestyle related diseases; (iv) strengthen the implementation of nutrition-sensitive interventions across sectors; and (v) improve multi-sectoral coordination and capacity to implement the national nutrition program. To help eliminate hunger and food insecurity, the Program will (i) promote good nutrition behavior and improved nutritional status of children; (ii) promote and scale up school feeding programs; (iii) provide nutritional assessments and counseling services for adolescents at all contacts with health care providers; (iv) ensure adolescents’ access to micro-nutrient services; (v) conduct social and behavioral change communication to prevent harmful traditional practices related to nutrition/maternal nutrition; (vi) improve nutrition of women (pregnant/non-pregnant and lactating/non-lactating); (vii) improve access to nutrition services in pastoralist areas; (viii) promote, support and protect optimal breastfeeding practices; (ix) develop and enforce minimum standards on nutritional services for young children in special situations; (x) ensure universal access to WASH and utilization of WASH practices; (xi) increase year-round availability, access to and consumption of (a) fruits and vegetables, nutrient-dense cereals and pulses; (b) animal-sourced foods; (xii) integrate nutrition objectives and interventions into the management plan of forests and agro-forests; and (xiii) strengthen and scale up early warning systems for food and nutrition information from the community level up to the national level. Interventions to make agriculture, forestry and fisheries more productive and sustainable, are (i) ensure access to fruit and vegetable seeds and other agricultural inputs; (ii) support the establishment of community fruit and vegetable nursery sites and demonstration sites at farmers training centers; (iii) promote and support urban agriculture; (iv) distribute bio-fortified seeds from research entities and other higher institutions; (v) expand medium and large irrigation schemes, which may help in increasing productivity and diversifying foods produced; (vi) strengthen the capacity of the agriculture and livestock sectors to integrate nutrition-sensitive interventions into agriculture programs; (vii) improve small-scale livestock water points in priority areas for better nutrition outcomes; (viii) enhance agricultural research and adoption of technology for increased household access to safe, nutritious food; (ix) improve small-scale irrigation systems in priority areas for better nutrition outcomes; (x) increase forest coverage nationally to 20% by the year 2020 and identify suitable agro-forestry technologies and appropriate tree species for specific areas of Ethiopia; (xi) promote safeguarding and conservation of forest areas where wild foods are extracted for consumption; (xii) promote rearing of improved breeds of dairy cattle, small ruminants and poultry; and (xiii) promote technologies that increase fish production and utilization and reduce post-harvest loss in fisheries and aquaculture. More inclusive and efficient agricultural and food systems, main initiatives are enabled through (i) supporting local production of enriched complementary food; (ii) promoting community level production of fruits and vegetables; (iii) improving post-harvest food processing and ensure safety; (iv) improve market linkages for fruit and vegetable produce; (v) ensuring asset transfers or asset building interventions properly target women and vulnerable households; (vi) promoting technologies for post-harvest food processing, handling, preservation and preparation to help ensure that food is both nutritious and diverse; (vii) promoting  small-scale beekeeping by women and other vulnerable groups; (viii) establishing agribusiness centers to promote production and consumption of poultry, fish, small ruminants and cattle; (ix) strengthening linkages with local markets and ensure that smallholder farmers and pastoralists have consistent access to inputs and produce markets; (x) promoting women’s labor and time saving technologies; (xi) promoting the provision of credits, grants, micro-finance services and other income generating initiatives to support increased access to nutritious foods among vulnerable groups, with primary focus on unemployed women and female headed households; and (xii) incorporate a gender analysis as part of the regular nutrition situation analysis, analyzing the needs, priorities and roles of men and women. As for the Governance, to fulfill the aims of NNP II, the Government assumes the mandate of coordinating the sectors through a revised institutional arrangement, along with the necessary authority, resources and accountability. The National Nutrition Coordination Body (NNCB), therefore, should be placed in a government institution above the level of the sectors and vested with appropriate executive power, with clear action plans, concrete targets and sufficient resources. The main objectives to be pursued with regard to Governance are indicated below (i) develop and enforce nutrition related policies and legislation; (ii) sustain political will and commitment on nutrition and mainstream nutrition in all NNP implementing sectors; (iii) strengthen multi-sectoral nutrition coordination; and (iv) define communication for development activities to bring about the behavioral changes required. ",public health; public health; research; processing/handling; cereals/grains/rice; agricultural commodities; early warning system; gender; urban and peri-urban agriculture; biotechnology; irrigation; agricultural development; agro-forestry; apiculture/sericulture; credit; crops ; sustainable development; urban and peri-urban agriculture; cattle; aquaculture; public health; research; processing/handling; early warning system; gender; nutrition; breastfeeding/infant food; school feeding; public health; research; food safety and quality; hygiene/sanitary procedures; processing/handling; fruits/edible nuts; cereals/grains/rice; agricultural commodities; early warning system; gender; milk/dairy products; poultry products; food loss and waste; youth; food fortification; public health; research; processing/handling; early warning system; gender; agro-forestry; afforestation/reforestation; forest management/forest conservation; seeds/planting material; plant production; urban and peri-urban agriculture; biotechnology; irrigation
LEX-FAOC204442,https://faolex.fao.org/docs/pdf/eth204442.pdf,"National REDD+ Consultation and Participation Plan, 2016.",,English,Forestry,Environment; Forestry,,,Ethiopia,,,Policy,,"The Plan is made on the background that the current trend of climate change leads to significant economic loss in countries whose economy is mainly dependent on climate sensitive activities, particularly agriculture. The overall objective of this Plan is to provide a framework and platform for multilevel dialogue among all stakeholders to ensure ownership, transparency, effective and informed consultation and participation of the relevant stakeholders in the process of REDD+ Programme in Ethiopia. The specific objectives of the consultation and participation plan are to: i)	Guide dialogue and access to information among stakeholders (governments-all levels, communities, civil societies/NGOs, implementing agencies) to ensure their engagement in the programme from the design to implementation and monitoring phases; ii)	Ensure that REDD+ activities and implementation frameworks are informed by local stakeholder’s views and contributions by providing opportunity through which the voices and experiences of key stakeholders are captured and incorporated in decision making at all levels;  iii)	Ensure transparency in all aspects including in costs, risks and equitable access and share of benefits by all stakeholders and sectors at all levels; iv)	Improve the quality of decision-making process by capturing the experience of civil society organizations, and the initiatives of other similar groups; v)	Integrate the contribution of REDD+ to the national development priorities by guiding development of regulatory frameworks that are socially inclusive, transparent and support improvements in forest governance; and  vi)	 Comply with the international laws on human rights and other relevant policies on social and environmental safeguards. Furthermore, the design and implementation of the Plan is guided by the following core principles; i.	Inclusiveness: target a broad audience of stakeholders both at national, regional (state) and local levels including those which are directly or indirectly affected by REDD+ activities (various social groups such as disadvantaged groups, women and youth); ii.	Transparency: all aspects of the Programme at all stages shall be discussed and communicated in a transparent manner to all stakeholders at all levels. The outcomes of all consultations and participation shall be properly recorded and reported, disclosed to the public timely in culturally appropriate form and languages. All stakeholders shall have full and equal access to all information about the programme; iii.	Participatory: the programme shall involve stakeholders in a truly participatory manner. It shall incorporate voices and concerns of all stakeholders at all stages of decision making processes from design to  the implementation phase of the programme taking into consideration the existing participatory platforms, on-going interventions and earlier C&P initiatives conducted during R-PP formulation (if any); iv.	Consensus building: the process shall facilitate dialogue and two-way exchange of information taking into consideration all the views of community level stakeholders, their existing institutional structures, and cultural diversity, with the ultimate aim of building consensus and broad community support for the programme; v.	Flexibility: the program implementation should learn by doing, and be flexible enough to incorporate new ideas, approaches and stakeholders as they emerge and found necessary to include; vi.	Effective communication: Information shall be tailor made for specific audience/stakeholders and shall follow a robust communication strategy, with a clear feedback mechanism; and vii.	Grievance and conflict resolution: the programme shall have mechanisms for stakeholders to reflect their concerns and grievances at any time and be heard. Any conflict arising in the process of implementing the programme shall also be resolved and redressed immediately using an established and transparent system. The Plan also understands that stakeholder engagement is crucial for the sustainability of policy, strategy, program and project design and implementation. The Plan identifies the stakeholders and their roles, and some of these stakeholders include, sectoral government institutions at various levels, private sector, academic research, communities, etc. ",climate change; environmental impact assessment (EIA); environmental planning; environmental standards; policy/planning; protection forest; protection of environment; standards; protection of environment; agro-forestry; climate change; forest management/forest conservation; forestry protection measures; protection forest; afforestation/reforestation; data collection/reporting; research
LEX-FAOC230230,https://faolex.fao.org/docs/pdf/eth230230.pdf,Food and Health Products Regulatory Sector Transformation Plan II  (FHRSTP-II 2020/21-2024/25),,English,Food & nutrition,Food & nutrition,,,Ethiopia,,,Policy,,"The Food and Health products Regulatory Sector Transformation Plan (FHRSTP-II) is the second Transformation Plan and covers the period between July 2020 and June 2025. This FHRSTP-II is developed based on the current reform taken place in the food and health products regulatory sector (Proclamation number 1112/2019) and by building on the successes of the HRSTP –I period, and taking into its stride the lessons from its implementation.  The objectives of FHRSTP-II are: protecting the public from unsafe food; falsified, substandard and ineffective health related products; tobacco and alcohol related health risks and attain public confidence on food and health product regulation. Targets have been set to measure its objectives and performance. The list of all indicators with the corresponding targets is presented in the document. To achieve the targets, a list of 15 strategic directions is identified and each is described along with their major activities: Strengthen food safety regulation; Strengthen detection, prevention and response to food adulteration and illegal trade; Improve regulation of safety, efficacy, quality and proper use of medicines; Strengthen safety, quality and performance regulation of medical devices; Improve regulation of safety of cosmetic products; Strengthen tobacco and alcohol control system; Enhance public ownership; Improve efficiency and effectiveness; Enhance partnership and collaboration; Enhance good governance; Improve human resource development and Management;  Improve evidence-based decision making;  Strengthen Food and health products regulatory infrastructures; Improve quality management system; and Improve formulation and implementation of legal frameworks. FHRSTP-II has identified four -priority issues as the “transformation agenda”. These priority issues will be implemented to transform the food and health product regulatory system. The transformation agenda are: Information revolution, quality infrastructure, alignment and Harmonization, leadership and regulatory workforce. ",beverages; breastfeeding/infant food; drugs; education; enforcement/compliance; food safety and quality; food security; fraud; gender; governance; hazards; hormones/steroids; inspection; nutrition; packaging/labelling; pesticides; public health; residues; special dietary uses; traceability; youth
LEX-FAOC178847,https://faolex.fao.org/docs/pdf/eth178847.pdf,National REDD+ Strategy (2016 - 2030).,,English,Forestry; Climate change,Air & atmosphere; Environment; Forestry; Water,,https://ethiopiareddplus.gov.et,Ethiopia,,,Policy,,"The National REDD+ Strategy (NRS) contributes effectively to a large part to the Climate Resilient Green Economy (CRGE) strategy and Ethiopia's greening targets in 2030, while maximizing national co-benefits thereby adding to the global climate change mitigation efforts through improving forest resource and land management. The mission of the NRS is to reduce greenhouse gas emissions and increase carbon removals in the forest sector by implementing policies, laws and regulations, and increasing investments to enhance conservation of forest resources and forest restoration and by improving the functioning and capacity of national and sub-national institutions in order to realize the green growth vision of Ethiopia, and enhancing the associated benefits of biodiversity conservation, improved hydrological functions of landscapes and better livelihoods (Chap. 2). The primary goal of the NRS is to reduce deforestation and forest degradation, while promoting sustainable management of the forest resources and enhancing forest carbon stocks through afforestation and reforestation. REDD+ programme in Ethiopia broadly targets to address drivers of deforestation and forest degradation and bring significant part of the country’s degraded areas under forest cover through forest restoration, afforestation and reforestation activities. The strategy focuses on reducing deforestation, forest degradation and enhancing forest carbon stock by promoting conservation and restoration of forest ecosystems; strengthening governance and development of local capacities and putting in place enabling environment for sustainable forest management. The NRS provides strategic guidance by strengthening institutions at all levels and by implementing strategic investments for improved forest management and livelihoods. Specifically, the NRS intends to provide guidance on: Addressing policy, legal and institutional issues related to land use and forest governance to enable forest conservation; Establishing strong institutional mechanisms for an effective cross-sectoral coordination; Developing methodologies with international standards for setting the baseline emissions; Mobilizing resources and intensifying investments in forestry for increased emission reductions and carbon removals; Identifying needs and taking appropriate measures for building national and subnational capacity to support REDD+ activities at all  levels; Promoting knowledge generation and strengthening public awareness on REDD+; Establishing mechanisms for active participation of stakeholders in NRS implementation; and Implementing safeguards programme for ensuring that Ethiopia's REDD+ implementation observes globally acceptable social and environmental safeguard standards. ",protection forest; environmental planning; legal proceedings/administrative proceedings; indigenous peoples; emissions; climate change; community management; pollution control; cultural heritage; policy/planning; afforestation/reforestation; forest management/forest conservation; forestry protection measures; inspection; integrated management; indigenous peoples; traditional rights/customary rights; legal proceedings/administrative proceedings; climate change; community management; cultural heritage; ecosystem conservation; sustainable use; environmental planning; legal proceedings/administrative proceedings; emissions; climate change; community management; policy/planning
LEX-FAOC193704,https://faolex.fao.org/docs/pdf/eth193704.pdf,Sorghum Sector Development Strategy (2015-2020).,,English,Cultivated plants,Agricultural & rural dev.; Food & nutrition; Cultivated plants,,,Ethiopia,,,Policy,,"This Sorghum Sector Development Strategy is a nationwide sectoral document aiming at improving food security of sorghum farmers to help ensure adequate food availability as well as to increase household incomes through raising production levels and reducing its vulnerability. This overall goals will be achieved by realizing strategic goals in each of the following components of the sorghum value chain (i) research and technology development; (ii) access to inputs; (iii) on-farm production; (iv) post-harvest processing; and (v) trade, marketing, and demand sinks. The document also underlines the importance of integrating a gender perspective to value chain programs into design implementation, monitoring and evaluation and reporting by including at least 30% female-headed households and 10% youth in every value chain program and components. The identified strategic goals are (i) research program which generates appropriate technologies, knowledge and information; (ii) increased knowledge and access to improved sorghum seed varieties, fertilizers, farm machineries and equipment’s; (iii) benefit from adopting improved varieties, proper crop protection and agronomic practices such as crop rotation, intercropping, soil and water management, and conservation farming; (iv) knowledge and sufficient access to cost-effective post-harvest processing, handling and storage methods, and consequent reduction of post-harvest losses; and (v) efficient and integrated domestic Sorghum markets, with significant and complimentary export components. The implementation process to achieve the goal will be primarily led by the Ministry of Agriculture. ",food security; cereals/grains/rice; gender; smallholders/peasants; research; processing/handling; monitoring; crops ; transport/storage; international trade; agricultural commodities; food security; cereals/grains/rice; gender; smallholders/peasants; agricultural commodities; cereals/grains/rice; smallholders/peasants; seeds/planting material; crops ; plant production; research; processing/handling; monitoring; transport/storage; international trade; agricultural commodities
LEX-FAOC193859,https://faolex.fao.org/docs/pdf/eth193859.pdf,Horticulture Research Strategy 2016-2030.,,English,Cultivated plants,Agricultural & rural dev.; Food & nutrition; Cultivated plants,,http://publication.eiar.gov.et,Ethiopia,,,Policy,,"This Horticulture Research Strategy is a 15-year nationwide sectoral document aiming at achieving the Government goal of utilizing the potentials of vegetable crops by developing the vegetable sub-sector through a long term research program. The ultimate goal of the development of this sub-sector is to enhance food and nutritional security and income of all actors in the value chain and supply of raw-material for agro-industries. Therefore the purpose of the Strategy is to identify, analyze and prioritize research gaps in the different crops sub-sector and thereby generate sustainable need based technologies, information and knowledge that increase productivity and quality of the products for local and export markets. For this reason, research in agriculture is an important element in the alleviation of poverty. Research leads towards higher levels of productivity and increasing incomes for both rural and growing urban populations. These improvements can lead to better health through better nutrition and improved local economies and services. Ths Strategy deals with different types of crops made possible by the favorable agro-ecological conditions, they are (i) cool season vegetables; (ii) enset; (iii) potato; (iv) root crops; (v) sub-tropical fruits; (vi) temperate fruits; (vii) tropical fruits; and (viii) warm season vegetables. For each crop, the following thematic research areas are considered by the Strategy (i) breeding and genetics; (ii) agronomy and crop physiology; (iii) soil and water management; (iv) Geographic Information Systems (GIS) and agrometeorology; (v) technology multiplication and seed research; (vi) agricultural economics, extension and gender; (vii) agricultural mechanization; (viii) agricultural quality and nutrition research laboratory; and (ix) capacity building. ",research; crops ; food security; gender; genetic resources; integrated pest management-IPM/pest management strategies; poverty; public health; youth; agricultural commodities; capacity building; food security; research; crops ; genetic resources; integrated pest management-IPM/pest management strategies; public health; youth; agricultural commodities; capacity building; vegetables/legumes; fruits/edible nuts; plant production
LEX-FAOC194437,https://faolex.fao.org/docs/pdf/eth194437.pdf,State of Emergency Proclamation Enacted to Counter and Control the Spread of COVID-19 and Mitigate Its Impact Proclamation No. 3/2020.,2020-04-08,English,Health; Disaster risk management,General,,chilot.me,Ethiopia,,,Legislation,,"This Proclamation puts place an enabling legal framework for precautionary measures to limit the spread and mitigate the substantial adverse impact of the COVID-19 pandemic in Ethiopia. As per FDRE Constitution Article 93(4)(a) and (b), the Council of Ministers shall, through the Regulations it will adopt pursuant to this Proclamation, stipulate details of the suspension of rights and measures to adopted to counter and mitigate the humanitarian, social, economic and political damage that could be caused by the pandemic. Such regulations shall not in any way infringe on provisions specially protected by the FDRE Constitution Article 93(4)(c). The detailed conditions concerning the suspension of rights and measures will be decided by the Council of Ministers or a Ministerial Committee to be established for this purpose and notified to the public. Article 93 of the Constitution deals with the declaration of a state of emergency. In the exercise of its emergency powers the Council of Ministers cannot suspend or limit the rights provided for in Articles 1, 18, 25, and sub-Articles 1 and 2 of Article 39 of the Constitution. ",hazards; coronavirus disease (COVID-19); public health; governance; human rights
LEX-FAOC195385,https://faolex.fao.org/docs/pdf/eth195385.pdf,Investment Proclamation No. 1180/2020.,2020-04-02,English,Private sector & entrepreneurship,Agricultural & rural dev.; Land & soil,,,Ethiopia,,,Legislation,,"This Law is enacted to apply to all investments carried out in Ethiopia except investments in the prospecting, exploration and development of minerals and petroleum. It further establishes the Ethiopian Investment Commission and charges it to oversee the administration of all types of investments carried out in the country. The Commission is established as an autonomous government agency having its own legal personality and being accountable to the Prime Minister. The overarching investment objective guiding the enactment of the legislation is to improve the standard of living of the citizens by realizing a rapid, inclusive and sustainable economic and social development, other objectives include to exploit natural, cultural and other resources of the country and to encourage socially and environmentally responsible investments. The Law provides minimum capital requirements for different classes of prospective investors. The Law further requires for the obtaining of an investment permits and makes extensive provisions of this procedure, including the procedure for the renewal of the permit. The Law tasks investors with the duty to pay regard to social inclusion and environmental protection. This Law repeals the Ethiopian Investment Board and Ethiopian Investment Commission Establishment Council of Ministers Regulation No. 313/2014. ",agricultural development; business/industry/corporations; internal trade; public private partnership (PPP); institution; governance; investment; land tenure; foreign land tenure
LEX-FAOC195393,https://faolex.fao.org/docs/pdf/eth195393.pdf,Micro-finance Business (Amendment) Proclamation No. 1164-2019,2019-01-09,English,Agricultural & rural development,Agricultural & rural dev.; Land & soil,,,Ethiopia,,,Legislation,,"This Law amends certain provisions of the Micro-finance Business Proclamation No. 626/2009. In particular, it amends the definitions section, introduces practices like digital finance services, provides for supporting income generating projects for urban and rural micro and small scale operators, among others. ",agricultural development; credit; financial agricultural measures; business/industry/corporations; smallholders/peasants; land based credit
LEX-FAOC195394,https://faolex.fao.org/docs/pdf/eth195394.pdf,Hazardous Waste Management and Disposal Control Proclamation No. 1090/2018.,2018-09-07,English,Environment,Environment; Water; Waste & hazardous substances,,,Ethiopia,,,Legislation,,"The objectives of this Proclamation is to create a system for the environmentally sound management and disposal of hazardous waste and to prevent the damage to human or animal health, the environment, biodiversity and property due to the mismanagement of hazardous waste. The law applies to certain categories of waste provided in the annex of the Proclamation and to persons who generate, reuse, recycle, store, transport, or dispose hazardous waste. The law provides for clean production as its overarching principle through; minimizing the release of hazardous waste by reducing or eliminating the hazardous substances in the raw materials during the production process, and monitoring the production process by reducing the wastage in input and product and creating conditions necessary for the collection and reusability or recyclability of the product after its expiry period. The law places certain responsibilities on the waste generator including, collecting, separating and disposal of wastes, proper packaging and labeling of wastes etc. The Proclamation also imbibes the polluter pays principle by its provision which places the responsibility on the polluter who damages the environment, human or animal health during transportation of and disposal of hazardous waste, to pay compensation. The Proclamation provides stiff penalties for the contravention of its provisions. ",environmental planning; environmental standards; offences/penalties; polluter pays principle; recycling/reuse; sustainable development; policy/planning; standards; protection of environment; freshwater pollution; pollution control; effluent waste water/discharge; good practices; hazardous waste; organic waste; packaging/labelling; pollution control; public health; solid waste; waste disposal; waste domestic sources; waste management; waste non-domestic sources; waste prevention
LEX-FAOC195715,https://faolex.fao.org/docs/pdf/eth195715.pdf,Building Proclamation No. 624/2009,2009-05-06,English,Private sector & entrepreneurship,Water,,,Ethiopia,,,Legislation,,"The proclamation, to ensure public health and safety, establishes the   minimum   national   standard   for   the construction  or  modification  of  buildings  or  alteration of their use. Part 4 lays down the discipline regarding Water Supply and Sanitation. These include: Art 36 - facilities for Physically Impaired Persons; Art 37  - Supply: Any building intended for occupancy by people shall be provided with adequate water supply, shall have adequate distribution and storage system and shall comply with health standards, shall be accessible for inspection and testing; Art. 38 - The owner of a building shall provide a sewerage installation when sewage is produced; Art. 39 -  Control of Objectionable Discharge: No person may cause or permit sewage discharged from any sanitary  fixture to enter any  water drain or constructed  watercourse, river, stream, street or any other site, and any drainage water to enter a sewerage installation; Art. 40.    Industrial Effluent; Art. 41. Non-Water Borne Means of Sanitary Disposal; Art. 42.   Storm Water Disposal - the owner of the site shall provide acceptable means for the control and disposal of accumulated  storm  water an to absorb  part  of  the  run  off  water within the site. Art. 43.   Refuse Disposal ",sewerage; water supply; authorization/permit; effluent waste water/discharge; pollution control; freshwater pollution
LEX-FAOC174139,https://faolex.fao.org/docs/pdf/eth174139.pdf,National Nutrition Sensitive Agriculture Strategy,,English,Food & nutrition,Agricultural & rural dev.; Livestock; Environment; Food & nutrition,,,Ethiopia,,,Policy,,"The Nutrition Sensitive Agriculture Strategy is a national policy with a multi-sectoral approach. The timeframe of the policy is five years between 2017 and 2021. The goal of the Nutrition Sensitive Agriculture Strategy is to eliminate food insecurity and malnutrition by increasing quantity and quality of available, accessible and affordable food and promoting utilization of diverse, nutritious and safe food for all Ethiopians at all times. Access to and availability and utilization of diverse, safe and nutritious foods of both plant and animal origin will be ensured. Nutrition will be put in to agriculture and livestock policies, strategies, programmes and work plans at all levels. Nutrition information system will be established and integrated into the existing agriculture information system. Capacity building will be enhanced at all levels by supporting education sector. Measures will be taken to reduce post-harvest loss. Preparation of complementary food for children under two by using available local resources will be supported. Nutrition support will be given to households with children under two years, pregnant and lactating mothers, people living with HIV and people with disabilities. Production of fruit, vegetables, staple crops, pulses, dairy products, meat, poultry products, fish products and honey will be increased to achieve nutrition sensitive agriculture in an environmentally sustainable and socially equitable manner. Women and youth empowerment and gender equality will be ensured by increasing their access to resources and inputs, creating job opportunities to generate income, reducing women’s work load and by addressing socio-cultural issues. Farmers will be trained by the agriculture training institutions regarding nutrition sensitive agriculture. Agricultural research institutions will be developed and use of nutrition sensitive agriculture technologies will be promoted. Food safety will be improved by raising awareness and developing quality assurance and food safety guidelines on harvesting, processing, handling, storage and consumption of food of plant and animal origin. Agro-business as well as smallholders will be supported by providing farmers’ access to livestock and crop inputs. Cooperatives and private sector will be engaged to promote crop production. In order to mitigate the impact of climate change on food and nutrition security at national and household level, the agriculture sector will carry out its activities by implementing the Climate Smart Agriculture Strategy and Disaster Risk Management Policy. The resilience of vulnerable agrarian, agro-pastoral and pastoral households and communities to climate change will be increased. Early warning system will be established for early action and response of any potential hazard. A Planning Directorate will be established under the Ministry of Livestock and Fisheries to coordinate all directorates and implementing nutrition interventions. The existing Food and Nutrition Case Team under the Ministry of Agriculture and Natural Resources at federal level will be strengthened and Nutrition Units will be established at decentralized levels in the agriculture and livestock sector. The implementation of the Nutrition Sensitive Agriculture Strategy will be monitored coordinately through these agencies at all levels. Furthermore linkages with National Nutrition Program actors and other relevant national development partners will be strengthened. ",agricultural development; apiculture/sericulture; crops ; farming; integrated management; research; youth; animal production; apiculture/sericulture; climate change; integrated management; early warning system; hazards; poultry products; apiculture/sericulture; capacity building; cereals/grains/rice; community management; consumer protection; data collection/reporting; education; equity; fish products; food safety and quality; food security; fruits/edible nuts; gender; governance; institution; local government; meat; milk/dairy products; nutrition; policy/planning; processing/handling; transport/storage; public participation; smallholders/peasants; social protection; vegetables/legumes; food loss and waste; rural employment; cooperative/producer organization; breastfeeding/infant food; agricultural commodities; labour
LEX-FAOC200497,https://faolex.fao.org/docs/pdf/eth200497.pdf,Civil Code.,1960-05-05,English,Water; General,Agricultural & rural dev.; Livestock; Land & soil; Cultivated plants; Water; General,1970-01-01 00:00:00.000002009,www.lawethiopia.com/,Ethiopia,,,Legislation,,"The Civil Code currently in force in Ethiopia was promulgated in 1960. It has been subject to some amendments, the last one on 2009. The Code consists of 3367 articles divided into the following Books: I) Persons; II) Family and successions; III) Goods; IV) Obligations; V) Special contracts. PROPERTY AND REAL RIGHTS. Book III of the Code sets out general principles applicable to goods and their possession. Title VII (arts. 1151-1256) regulates the acquisition, transfer, extinction and proof of ownership, and further defines rights and duties of owners. Property belonging to the State or other administrative bodies shall be subject to the provisions relating to property privately owned (art. 1444) . Property belonging to the State or other administrative bodies shall be deemed to form part of the public domain where (a) it is directly placed or left at the disposal of the public; or (b) it is destined to a public service and is, by its nature or by reason of adjustments, principally or exclusively adapted to the particular purpose of the public service concerned (art. 1445). Occupation is included among the different ways of acquisition, specifically as regards animals and bees (see arts. 1151-1153). Usucaption is regulated under articles 1168 and 1169. Title VIII is dedicated to joint ownership, usufruct and other rights in rem, including servitudes. Title IX provides for the keeping o registers and publicity of immovable property. Private property may be expropriated for public purposes, according to the procedures under articles 1461-1488 and upon compensation. INHERITANCE. Book II defines bonds of relationship by consanguinity and affinity and further establishes rules of succession (Title V), both through intestate succession and wills. OBLIGATIONS AND CONTRACTS. Book IV concerns obligations deriving from contracts (Title XII), extra-contractual liability and unlawful enrichment (Title XIII), and agency (Title XIV). Book V is devoted to special contracts, in particular sale, donation, loan, as well as contracts for  the performance of services (including contracts for agricultural work, see arts. 2605-2609) and contracts for the custody, use or possession of chattels (see art. 2739-2766 on hiring of cattle). Title XVIII sets out specific rules applicable to contracts relating to immovables (sale, lease, mortgage and antichresis). LAND. The Code lays down provisions applicable to the collective exploitation of property (Title IX, under Book II on Goods). Special attention is given to agricultural communities. Land owned by an agricultural community such us a village or tribe shall be exploited collectively whenever such mode of exploitation conforms to the tradition and custom of the community concerned (art. 1489). The Code refers to customary rules and its codification (art. 1490). Land owned by an agricultural community may not be acquired by usucaption (art. 1493). Special rules regarding the lease of land are laid down under articles 2975-3018. CULTIVATED PLANTS. See specific rules concerning the lease of agricultural lands and related crops. Model contracts may be drawn up by the Ministry of Agriculture, concerning lands intended for certain kinds of cultivation or lands situated in certain areas of Ethiopia (art. 2976). INDIGENOUS RIGHTS. Chapter 2 of Title IX on collective exploitation of property (arts. 1489-1500) provides for the protection of land rights of agricultural communities (villages and tribes). WATER. Waterways, lakes and underground accumulations of water shall be deemed to form part of the public domain (art. 1447). Underground accumulations of water and rivers form part of the public domain;no person may without pennission construct on his land a drilling exceeding one hundred metres in depth (art. 1255). The ownership and use of water is governed by the provisions of articles 1228-1256. Priority is given to the community in the usage of all running and still water, and particularly to domestic use (art. 1237). Provisions are laid down as regards the appropriation of water and related servitudes; irrigation; industrial use; hydraulic power; rainwater; drainage; taking of water; aqueduct and laying  out of pipes. LIVESTOCK AND ANIMAL PRODUCTION. The Code sets forth specific provisions on cattle, in particular as regards the sale of cattle and other living animals (see art. 2368 et seq.) and the hiring of cattle (art. 2739). In case of sale of cattle, a special legal warranty against animal diseases is envisaged (art. 2369). Rules on the appropriation of animals and bees are in articles 1152 and 1153. ",civil code; contracts; inheritance; agricultural land; labour; rural employment; cattle; animal health; pests/diseases; contracts; apiculture/sericulture; sheep/goats; animal by-products; animal production; agricultural land; ownership; property rights; public land; private land; prescription/adverse possession; expropriation; cadastre/land registration; inheritance; transfer rights ; lease; servitude; common property; traditional rights/customary rights; contracts; land tenure; plant production; crops ; public water; groundwater; water rights; servitude; irrigation; priorities; industrial water use; rainwater; water abstraction; waterworks
LEX-FAOC203075,https://faolex.fao.org/docs/pdf/eth203075.pdf,Definition of Powers and Duties of Executive Organs of the Federal Democratic Republic of Ethiopia Proclamation No. 1097/2018.,,English,General,Agricultural & rural dev.; Environment; Food & nutrition; Fisheries; Forestry; Land & soil; Water; Wild species & ecosystems; General,,https://investin.et/,Ethiopia,,,Legislation,Y,"This Proclamation redefines the organization, powers and duties of the executive organs of the Federal Democratic Republic of Ethiopia. It stipulates that the powers and duties of the Prime Minister and the Council of Ministers shall be as specified in the Constitution and provides with respect to the composition and procedure of the Council of Ministers. The Proclamation also establishes various ministries and defines duties and powers of those ministries, including the Ministry of Agriculture, the Ministry of Water, Irrigation and Energy, and the Ministry of Health. In particular the Proclamation requires to ensure that the policies, laws, development programs and projects of any Ministry benefit women, children and youth. Further to this the Proclamation recognizes powers and duties to the Ministry of Women, Children and Youth.  Furthermore it specifies executive organs that shall be accountable to the various ministries and empowers the Council of Ministers to reorganize the federal government executive organs. The rights and obligations of Ministry of Environment, Forest and Climate Change (abolished) are transferred to the newly established Environment, Forest and Climate Change Commission. This Proclamation also establishes the Basins Development Authority, which shall facilitate and undertake activities  necessary for the implementation of  integrated water resources management in  basins. The powers and duties given to the Horticulture and Agriculture Investment Authority by the provision of other laws currently in force pertaining to agricultural investment are vested in the Ministry of Agriculture; those powers and duties pertaining to development of horticulture sector are vested in the Ethiopian Investment Commission. The Ministry Agriculture shall, among other things, cause the expansion of integrated farming to ensure sustainable development and maintenance of natural resources. The powers and duties given to the Ministry of Water, Irrigation and Electricity (abolished) by provisions of other laws currently in force are hereby vested in the Ministry of Water, Irrigation and Energy. In addition to the powers and duties given to National Disaster Risk Management Commission under existing laws, the powers and duties given to the Emergency Food Security Reserve Administration under Council of Ministers Regulations Number 67/2000 are hereby vested in the Commission. ",governance; investment; gender; equity; youth; social protection; agricultural development; institution; governance; cultural heritage; investment; institution; cultural heritage; investment; governance; institution; investment; governance; institution; food safety and quality; food security; investment; governance; institution; investment; governance; institution; investment; governance; institution; governance; sustainable development; river basin institution; investment; basin/catchment/watershed; inland waters; institution; investment; governance
LEX-FAOC203076,https://faolex.fao.org/docs/pdf/eth203076.pdf,"Definition of Power, Duty and Organization of the Basin Development Authority Regulation No. 441/2018.",2018-12-21,English,Water,Water,,,Ethiopia,,,Regulation,Y,"This Regulation is issued by the Council of Ministers pursuant to Article 5 and Article 34 of the  Definition of Power and Duty of the Executive Organs of the Federal Democratic Republic of  Ethiopia Proclamation No. 1097/2018. It defines powers and duties of the Basin Development Authority, established under the Proclamation. The overall objective of the Authority shall be to implement sustainable and integrated  development, administration and utilization of the water resources at a basin level in equitable and  participatory manner. The Authority shall, among other things, facilitate and undertake activities necessary for implementation of integrated water resources  management in basins, /ensure that projects, activities and interventions related to water in the basins are, in line with the  integrated water resources management process and /develop plans for protection and sustainable uses of basins; follow-up implementation once it is  approved by the relevant organ. ",inland waters; institution; governance; river basin institution; basin/catchment/watershed
LEX-FAOC204271,https://faolex.fao.org/docs/pdf/eth204271.pdf,Transaction of Precious Minerals Proclamation No.651 of 2009,2009-09-09,English,Mineral resources,Mineral resources,,,Ethiopia,,,Legislation,,"This Proclamation is made to govern the conduct of all transactions of precious minerals within the country. The Proclamation also provides that no person shall carry out the transaction of precious minerals unless the person is registered in the appropriate government office and holds a valid license or certificate. The Proclamation  provides for the different kinds of licenses and certificates required for transaction in precious minerals. The procedure for the application, grant, transfer, renewal or cancellation of licenses and certificates are provided for exhaustively. When granted a license, the licensee has the following responsibilities:  a) maintain books and records regarding precious minerals purchased, deposited, processed, sold or exported; b) report all transactions carried out to the licensing authority within 30 days from the end of each budget year; c) comply with all operational, safety and health standards set forth by the Ministry or other appropriate government authorities; d) may not hoard precious minerals more than permitted by directive. Similarly, holders of a certificate are to observe certain specific obligations as well. Licenses and certificates also cover the exportation of precious minerals. ",authorization/permit; business/industry/corporations; international trade; minerals
LEX-FAOC204272,https://faolex.fao.org/docs/pdf/eth204272.pdf,"Urban Landholding Registration Proclamation, No. 818 of 2014",2014-02-21,English,Land & soil,Land & soil,,,Ethiopia,,,Legislation,,"This Proclamation applies to land in all urban centres in the country. Landholding registration has the following objectives: ensuring uniform protection of landholding rights of private, joint holders, associations, government and non-governmental institutions, by enabling urban centers to know the land available at their disposal through inventory and create integrated national landholding system compatible with the rural land administration which supports the building of one economic community; and accelerating the economic, social and environmental development of urban centers by ensuring land holders security of landholding right and recognition of title to immovable property by certifying the right through registration. The Proclamation provides that a cadastral map shall be made and Regions shall cause the preparation of a base map to be used for drawing of a cadastre, which shall be prepared by the registering institution. The Proclamation further provides extensively for the adjudication of landholding systems and right. ",cadastre/land registration; land tenure; land-use planning; lease; registration; survey/mapping; urban land; contracts
LEX-FAOC204273,https://faolex.fao.org/docs/pdf/eth204273.pdf,"Public Enterprises Privatization Proclamation, No. 1206 of 2020",2020-07-10,English,Private sector & entrepreneurship,Agricultural & rural dev.,,www.lawethiopia.com,Ethiopia,,,Legislation,,"According to this Proclamation, privatization is a transaction that results in either the sale of assets or share capital of a public enterprise in full or in part to private ownership and control. The objectives of privatization include: To improve the efficiency of Public Enterprises, enhance their competitiveness, attract technical expertise and skill sets, and improve access to capital; To generate revenue and enhance the provision of development finance in order to promote financing activities undertaken by the Government; To promote the Country's economic development by enhancing the policy environment for private investment and encouraging the expansion of the private sector. The Proclamation considers extensively pre-privatization activities, public enterprise restructuring and other activities prior to privatization. Essentially, the Proclamation provides for the procedure of conversion of a public enterprise to a share company, valuation of public enterprises and issues relating to post-privatization. ",authorization/permit; business/industry/corporations; governance; public private partnership (PPP); investment
LEX-FAOC204274,https://faolex.fao.org/docs/pdf/eth204274.pdf,Protection of Telecommunications and Electric Power Networks Proclamation No. 464 of 2005,2005-05-30,English,Environment,Energy; Environment,,www.lawethiopia.com,Ethiopia,,,Legislation,,"This Proclamation provides special protection for telecommunications and electric power networks. It essentially gives federal and regional administrative bodies the duty to protect telecommunications and electric power networks, in collaboration with the telecommunication service provider and  electric power networks. The duty is also extended to licensees; prior to the issuance of construction licenses to construct electrical power networks, they shall guarantee that no damage shall occur. ",capacity building; environmental planning; governance; sustainable use; policy/planning; capacity building; community management; environmental planning; policy/planning
LEX-FAOC204275,https://faolex.fao.org/docs/pdf/eth204275.pdf,"Development, Management and Utilization of Community Watersheds Proclamation No. 1223 of 2020",2020-08-25,English,Water,Environment; Water,,www.lawethiopia.com,Ethiopia,,,Legislation,,"The Proclamation applies to community watersheds found in the country and defines community watershed as a geographical area, described by the watershed limits of water system including surface and underground water flowing into a common terminus and with the average size of about 500 hectares. The Proclamation develops community watershed by implementing measures to harmonize the use of soil, water and vegetation in a way that conserves these resources and maximize their productivity in the community watershed. Its objectives include: Reducing the vulnerability of the society to drought and enhancing their resilience capacity by preventing environmental and natural resource degradation, protecting biodiversity, developing water resources, reducing greenhouse gas emissions; Enhancing land productivity; increasing the products and productivity of peasants and pastoralists; ensuring food security and job creation through sustainable community watershed protection, development and utilization; Establishing a system which enables the community watershed users to protect, develop, administer and use natural resources with a sense of ownership, with a view to increasing the community watershed users’ capacity. The Proclamation provides that the principles of participation and adherence to the land use plan shall be applied in the preparation of community watershed plan, among others. The Proclamation further advocates for the establishment of cooperative society of community watershed users. Gender balance shall be ensured in any watershed management and utilization process. The Proclamation provides that private or communal holders within a watershed shall have the duty to undertake soil and water conservation works, rehabilitation and maintenance to prevent soil erosion and maintain soil fertility, as well as  control and protect animal roaming in order to prevent harm to the watershed development works that have been undertaken, maintain fertility and health of soil by planting and protecting forests, forage trees, and plant species which enhance soil fertility on the boundaries of his farmlands and on the farmlands, and on the sides of walkways within the watershed, among others. ",basin/catchment/watershed; drainage/land reclamation; water shortage/drought; environmental planning; environmental standards; groundwater; protection of environment; inland waters; policy/planning; standards; protection of environment; basin/catchment/watershed; drainage/land reclamation; water shortage/drought; environmental planning; environmental standards; erosion; flood; groundwater; protection of environment; surface water; wetlands; gender; inland waters; policy/planning; standards; hazards
LEX-FAOC204398,https://faolex.fao.org/docs/pdf/eth204398.pdf,Council of Ministers Regulation to Establish Abbay Basin High Council and Authority No. 151/2008.,2008-05-12,English,Water,Water,,,Ethiopia,,,Regulation,,"This Regulation, issued under the Council of Ministers pursuant to Article 5 of the Definition of Powers and Duties of the Executive Organs of the Federal Democratic Republic of Ethiopia Proclamation No. 471/2005 and Article 21 of River Basin Councils and Authorities Proclamation No. 534/2007, establishes the  Abbay Basin High Council and Authority as an autonomous public organ. The overall objective of the Authority shall be to promote and monitor the implementation of integrated water resources management process in an equitable and participatory manner in the Abbay basin. The members of the High Council shall be designated by the Government and shall be accountable to the Council of Ministers. Powers and duties of the Authority are defined. It shall, among other things, submit a basin plan to the High Council. ",inland waters; institution; monitoring; river basin institution; basin/catchment/watershed; sustainable development; governance
LEX-FAOC204430,https://faolex.fao.org/docs/pdf/eth204430.pdf,"Labour Proclamation, No. 1156 of 2019",2019-09-05,English,Employment,Agricultural & rural dev.; General,,www.chilot.me,Ethiopia,,,Legislation,,"This law applies to employment relations based on a contract of employment that exist between a worker and an employer including recruitment process. The law provides extensively for contractual relations, including the elements and forms of a contract of employment, the duration of contracts of employment, the obligations of parties, among others. The law prohibits employers or managerial employees from the following acts; a) Restraining the worker in any manner from exercising his rights or take any retaliatory action against him because he exercises his right; b) Discriminating against female workers, in matters of remuneration, on the ground of their sex orientation; c) Terminating a contract of employment contrary to the provisions of this Proclamation; d) Coercing or in any manner compelling any worker to join or not to join a trade union; or to continue or cease membership of a trade union; or to require a worker to quit membership from one union and require him to join another union; or to require him to cast his vote to a certain candidate or not to a candidate in elections for trade union offices; e) Compelling any worker to execute any task which is hazardous to his life; f) Discriminating between workers on the basis of Nation, sex, religion, political outlook, HIV/AIDS disablement or disablement or any other grounds; g) Unduly delaying a collective bargaining by withholding relevant information for the negotiation or perform any other act contrary to good faith; h) Committing sexual harassment or sexual assault at workplace; i) Physically abusing anyone in a work place; j) Coercing a worker in any manner to work or discharge an obligation. In the same vein, the law states that it is unlawful for a worker/employee to; a) Intentionally commit in the workplace any act which endangers life or property; b) Take away property from the work place without the express authorization of the employer; c) Making use of falsified document or an attempt thereof; d) To use drugs prohibited by law or use alcoholic beverges and have impared physical and mental status at the work place;e) Except for HIV/AIDS test, refuse to submit himself for medical examination when required by law or by the employer for good cause; f) Refuse to observe safety and accident prevention rules and to take the necessary safety precautions; g) Conduct meeting during working hours in disregard to the time assigned by the collective agreement or without obtaining the permission of the employer; h) Commit sexual harassment or sexual violence at workplace; i) Physically abuse anyone in a work place. The law also provides for the procedure for termination of contract of employment is extensively provided for, generally a contract of employment shall only be terminated upon the initiation by the employer or worker and in accordance with the provisions of the law or a collective agreement or by the agreement of the parties. Items like procedure for termination by either party, notice of termination, severance pay and compensation, etc., are also provided for in the law. Special employment contracts are also provided for in the law, like the home work contract, contract of apprenticeship, etc. The determination of wages, salaries and compensations are also specifically provided in the law. The occupation safety and health of the working environment is also provided and preventive measures are stated with specific obligations on the employer and workers. Liability for work injuries are provided as well, with provisions on liability irrespective of fault, general liability, occupational accident, occupational disease, etc. ",child labour; contracts; good practices; governance; labour; gender; equity; agricultural development; basic legislation; business/industry/corporations; child labour; contracts; environmental standards; good practices; governance; labour; liability/compensation; gender; standards; protection of environment
LEX-FAOC204436,https://faolex.fao.org/docs/pdf/eth204436.pdf,"Expropriation of Land holdings for Public Purposes, Payments of Compensation and Resettlement Proclamation, No. 1161 of 2019",2019-09-23,English,Land & soil,Land & soil,,www.chilot.me,Ethiopia,,,Legislation,,"This Proclamation applies throughout the country in rural and urban centers in matters relating to land expropriation, payment of compensation, and resettlement of landholders whose land is expropriated for public purpose. The Proclamation is made on the following principles: that the expropriation of land for public purposes shall be made only on the basis of approved land use plan, urban structural plan, or development master plan; Compensation and resettlement Assistance Compensation for the expropriated land shall sustainably restore and improve the livelihood of displaced people; The amount of compensation to be paid at Federal, or Regional or Addis Ababa or Dire Dawa level for similar properties and economic losses in the same areas shall be similar; Where land is expropriated for public purpose, the procedure shall be transparent, participatory, fair and accountable. The Proclamation provides procedures for the expropriation of land, the power to make the decision is vested on the Federal or Regional Authority with these prerogatives. According to the Proclamation, the Federal or Regional authority shall make decisions on expropriation on the basis of an approved land use plan, or master plan, or structural plan whether the expropriated land directly or indirectly brings better development and is beneficial to the public. The Proclamation also provides for priority rights to develop land for landholders; here, certain landholders and rural landholders shall have priority rights to develop their land according to certain specified factors. Essentially, the law provides for compensation to be paid to landholders where land is expropriated for public purposes and for the amount of compensation to cover the cost of replacing the property anew. The law also provides for displacement compensation for communal landholding and substitute land for the permanently displaced. ",agricultural land; liability/compensation; expropriation; good practices; governance; human rights; survey/mapping; property rights
LEX-FAOC165070,https://faolex.fao.org/docs/pdf/eth165070.pdf,Benishangul Gumz Regional State Rural Land Administration and Use Proclamation No. 85/2010.,,English,Environment; Land & soil,Agricultural & rural dev.; Livestock; Environment; Forestry; Land & soil; Water; Wild species & ecosystems,,,Ethiopia,,Benishangul-Gumuz,Legislation,,"This Proclamation of the Benishangul Gumz Regional State shall apply to any rural land found in the region. It mainly is concerned with land rights land use and administration of rural lands. Land is declared the common property of the state and people and it shall not be subjected to sale or other means of exchange. Any peasant who legally resides in the region shall have the right to hold land irrespective of gender or any other discrimination. Land administration shall be implemented through community participation. Rural land shall not be expropriated unless to use for public services. Any peasant of 18 years or older who wants to be engaged in agricultural sector shall have the right to acquire land freely from the land administrator of his or her Kebele. Private investors shall have the right to acquire land, to use on, by rent from the government or from any other rural land holder based on the agreement to be made. Any peasant who possesses s land holding right shall be provided with a land holding certificate those who lost holding rights shall obtain a return holding certificate. A land use plan of the region shall be prepared. The rural land use plan shall be based on watershed and its preparation shall consider also, land use, soil type, weather condition, vegetation/crop/ coverage as well as socio-economic and political situations. land shall only be used in accordance with the plan. Various provisions concern conditions for land settlement, irrigation development and equal use of water and sustainable use of land. The Proclamation furthermore provides with respect to transfer of land use rights, dispute resolution, lease of rural land, mortgage of rural land use right, and specific land uses in combination with the conservation of soil and trees and the environment and biodiversity in general. Any land user under rain feed agriculture shall have an obligation to plough the land more than 500 meters far from main river, 50 meters from water bodies and more than 10 from gully and also applied soil and water conservation works like terracing to avoid soil degradation. Exotic plant and tree species like eucalyptus which seriously affects the ecology but have huge economic benefit shall planted at distance from agricultural lands and shall be grown in appropriate site. ",agricultural development; smallholders/peasants; pastoralism; farming; animal production; grazing; ecosystem conservation; soil conservation/soil improvement; soil rehabilitation; erosion; forestry protection measures; afforestation/reforestation; forest management/forest conservation; basic legislation; land reform; land tenure; agricultural land; ownership; land-use planning; dispute settlement; smallholders/peasants; gender; expropriation; liability/compensation; land based credit; common property; community management; property rights; sustainable development; water rights; water conservation zone; irrigation; water resources management; biodiversity; ecosystem conservation
LEX-FAOC204637,https://faolex.fao.org/docs/pdf/eth204637.pdf,Paris Agreement Ratification Proclamation No.993/2017.,2017-02-06,English,Climate change,Environment,,www.chilot.me,Ethiopia,,,Legislation,,"This Ethiopia Paris Agreement Ratification Proclamation states that the Paris Agreement aimed to enhance the implementation of the United Nations Framework Convention on Climate Change and strengthen the Global response to the threat of climate change (originally adopted on 12 December 2015) is officially ratified on 22 April 2016. The Ministry of Environment, Forest and Climate Change is hereby authorized to implement this Agreement in collaboration with the appropriate Federal and Regional Government Organ, City Administrations, and International, National, and Domestic Institutions. ",climate change; international agreement-implementation
LEX-FAOC204640,https://faolex.fao.org/docs/pdf/eth204640.pdf,State of Emergency Proclamation No. 3/2020 Implementation Regulation No.466/2020.,2020-04-20,English,Health; Disaster risk management,General,,www.moh.gov.et,Ethiopia,,,Regulation,,"This Regulation sets several rules aimed to implement details of the suspension of rights and measures to be taken to counter and mitigate the humanitarian, social, economic and political damage that could be caused by COVID-19. The criminal procedure code and criminal procedural provisions in other laws are suspended. It is prohibited to stop, obstruct or suspend the transportation of liquid or dry cargo, construction, manufacturing and agricultural activities. It is prohibited to resign from, delay the work of or in any way obstruct the functioning of institutions which provides basic services such as electric, water, and telecom utility companies; medical institutions, banks; enterprises related with the supply of food, provision of sanitary services, fire and emergency services, security and intelligence services. It is prohibited to disseminate any information about Covid-19 and related issues which would cause terror and undue distress among the public. ",hazards; coronavirus disease (COVID-19); public health; governance; civil and political rights
LEX-FAOC205099,https://faolex.fao.org/docs/pdf/eth205099.pdf,Agricultural Extension Strategy of Ethiopia,,English,Agricultural & rural development,Agricultural & rural dev.; Food & nutrition,,https://it.scribd.com,Ethiopia,,,Policy,,"The 2017 Agricultural Extension Strategy of Ethiopia is a national sectoral strategy for the period 2017-2030. Its main objective is to transform Ethiopia’s agriculture, from a the subsistence agricultural production to a commercialization, trough the implementation of a pluralistic extension system, by providing a strong market-oriented, demand-driven and well-functioning agricultural extension system to male, female and youth farmers, pastoralists and agro pastoralists. In addition, the Strategy aims to contribute significantly to the attainment of food and nutrition security, poverty reduction and wealth creation in the country through the adoption and the adaptation of improved technologies, good practices and methods. To this end, the strategy foresees nine pillars  seeking to:  1) strengthen Farmer Training Centers (FTCs) through the active participation of the community and capacity building;  2) enhance agricultural knowledge and information services;  3) enhance client oriented and multi actor’s advisory extension services;  4) facilitate market linkage and enhance value chains development;  5) treat gender, youth, and nutrition mainstreaming as a key approach to ensure equality between women and men, and through increased agricultural production, productivity, leading to the wellbeing of women and youth farmers;  6) enhance environmentally sustainable agricultural practices;  7) enhance institutional arrangements, coordination, and linkages among key agricultural development partners;  8) develop and use human resources for effective extension service delivery;  9) establish strong and dynamic result-based monitoring, evaluation, and learning (RB-MLE) for continuous improvement of extension services delivery. Further, for reducing rural poverty and ensure food and income security the document targets to make farmers, agro- pastoralists and pastoralists, including women and youth, strong economic drivers who have access to and control over resources, extension and financial services and are active members of rural economic organizations. This objective is pursued through better access to production technologies and sustainable market systems, supported by appropriate commercial investment, public finance and the regulatory environment. This way, smallholder farmers, agro-pastoralists and pastoralists become more resilient to risks and climate change effects and increase investments in agricultural risk management(ARM) and climate smart agriculture (CSA).  Livelihood result improved through diversified and market-oriented advisory services. Farmer-to-farmer knowledge exchange is initiated through the development of self-help farmers groups and thus local capacity is enhanced. The implementation of this strategy requires the active, synergistic and integrated involvement of key organizations including public, NGOs and private sector at various levels, coordinated by Ministry of Agriculture and Natural Resources. Roles and responsibilities are distributed at various levels: At Federal level Ministry of Agricultural and Natural Resource is responsible to develop and approve the national agricultural extension strategy and supports its further implementation through the provision of technical backstopping and monitoring & evaluation. At Regional level Regional Bureau of Agriculture and Natural Resource (R-BoANR) is responsible to oversee the integration and harmonization of activities outlined in the strategy document during its implementation. The job continues at Woreda level and at Kebele level through experience sharing and learning process, awareness creation and follow up. The implementation of the strategic interventions outlined in the document requires a long-term period of at least 15 years with 3 phases. The 1st phase covers the implementation period from 2016 to 2020. Depending on the availability of resources and human capacity the implementation of the interventions will continue until the end of 3rd phase, which will go until 2030. ",agricultural development; sustainable development; capacity building; climate change; community management; cooperative/producer organization; credit; crops ; data collection/reporting; family farming; financial agricultural measures; food security; good practices; governance; innovation; institution; integrated management; integrated pest management-IPM/pest management strategies; local government; monitoring; pastoralism; smallholders/peasants; policy/planning; poverty; research; soil conservation/soil improvement; sustainable use; water resources management; irrigation; groundwater; gender; rural employment; youth; investment; farming; labour; animal production; food security; good practices; governance; innovation; policy/planning; investment
LEX-FAOC208224,https://faolex.fao.org/docs/pdf/eth208224.pdf,The Revised Family Code Proclamation No. 213/2000.,2000-07-04,English,Gender,General,,https://resourceequity.org,Ethiopia,,,Legislation,,"The spouses shall have equal rights in the management of the family. 2) The spouses shall, in all cases, co-operate, to protect the security and interest of the family to bring up arid ensure the good behaviour and education of their children in order to make them responsible citizens. Without prejudice to the provisions of the preceding Articles and agreements entered into by the spouses, common property shall be divided equally between the spouses. Rule of Partition in Kind: 1) As a rule, partition shall be made in kind in such a way that each spouse receives some property from the common property. 2) Where it is not possible to divide such Common Property equally the inequality of shares in kind shall be set off by the payment of sums of money. 3) The utmost care shall be taken to give each spouse things which are most useful to him. ",gender; governance; human rights; equity; inheritance
LEX-FAOC208347,https://faolex.fao.org/docs/pdf/eth208347.pdf,HSTP - Health Sector Transformation Plan (2015/16 - 2019/20) (2008-2012 EFY).,,English,Health,Food & nutrition; Water; General,,https://www.globalfinancingfacility.org/,Ethiopia,,,Policy,,"The Health Sector Transformation Plan (HSTP) (2015-2020) is the first phase of a 20-year plan titled, Envisioning Ethiopia’s Path to Universal Health Care through strengthening of Primary Health Care (envisioning plan). Therefore, the performance measures and targets of HSTP are based on the envisioning plan. The vision is to see healthy, productive and prosperous Ethiopians and the mission is to promote health and wellbeing of Ethiopians through providing and regulating a comprehensive package of promotive, preventive, curative and rehabilitative health services of the highest possible quality in an equitable manner. The Plan focuses on how the health sector intends to achieve Mission and Vision for its communities and stakeholders, it includes defining customer value proposition, strategic themes, strategic results and perspectives. In defining proposition for customer value the Plan describes the characteristics that health sector products and services are expected to have, the image that wants to portray and the relationship with its communities. Strategic themes are the main focus areas (Sector’s “Pillars of Excellence) of the sector's strategy. For each theme, an explicit Strategic Result, or a description of the desired outcome is articulated. The Health Sector Strategic Pillars are: 1) Excellence in health service delivery; 2) Excellence in quality improvement and assurance; 3) Excellence in leadership and governance; 4) Excellence in health system capacity. ",innovation; public health; research; traditional knowledge/indigenous knowledge; gender; equity; hazards; risk assessment/management; community management; equity; food safety and quality; hygiene/sanitary procedures; nutrition; potable water; public health; transport/storage; potable water; water supply; public health
LEX-FAOC208376,https://faolex.fao.org/docs/pdf/eth208376.pdf,Health Sector Transformation Plan II - HSTP II 2020/21-2024/25 (2013 EFY - 2017 EFY).,,English,Health,Food & nutrition; Water; General,,https://fp2030.org/,Ethiopia,,,Policy,,"This is the second Health Sector Transformation Plan (HSTP-II) covering the period between Ethiopian fiscal years 2013 and 2017 (July 2020–June 2025). HSTP-II aims to build on the successes of the HSTP-I period, incorporating the lessons from its implementation. The overall objective of HSTP-II is to improve the health status of the population–by accelerating progress towards universal health coverage, protecting populations during health emergencies, transforming woredas, and improving the health system’s responsiveness. The Government of Ethiopia developed 14 strategic directions, along with their major activities, to achieve the targets laid out in HTSP-II: 1) Enhance provision of equitable and quality comprehensive health service; 2) Improve health emergency and disaster risk management; 3) Ensure community engagement and ownership; 4) Improve access to pharmaceuticals and medical devices and their rational and proper use; 5) Improve regulatory systems; 6) Improve human resource development and management; 7) Enhance informed decision-making and innovations; 8)	 Improve health financing; 9) Strengthen governance and leadership; 10) Improve health infrastructure; 11) Enhance digital health technology; 12) Improve traditional medicine; 13) Enhance health in all policies and strategies; 14) Enhance private engagement in the heath sector. ",innovation; public health; research; traditional knowledge/indigenous knowledge; gender; equity; hazards; risk assessment/management; antimicrobial resistance (AMR); drugs; community management; equity; food safety and quality; hygiene/sanitary procedures; nutrition; potable water; public health; transport/storage; potable water; water supply; public health
LEX-FAOC208821,https://faolex.fao.org/docs/pdf/eth208821.pdf,Food and Medicine Administration Proclamation No. 1112/2019.,2019-02-28,English; Amharic,Food & nutrition; Health,Food & nutrition; General,,https://www.rrfa.co.za/,Ethiopia,,,Legislation,,"This proclamation shall be applicable in respect of food, medicine, medical device, cosmetics, and tobacco product intended to be placed on the market or offered, in any other way, for use by the public, and other products and raw materials regulated under this proclamation. Part 2 regulates the executives organs, this includes power and duties. Part three, food safety and administration, requires that every food establishment who provides food for use by the public shall ensure its safety; the rigor of safety shall be based on the type and potential risk to human health. Food trade establishments shall be registered and food manufacturing, preparation, storage and transport in every food establishment shall complies with safety requirements. Food manufacturing must pass through quality control systems in every food establishment. Imported and exported food must meet safety standards. Quality standards are also established for food additive, supplements, fortification, irradiation and infant formula. Water safety is also regulated. Part four concerns medical devices and cosmetics administration, this inlcude use of drugs, illegal manufacturing, public health pesticides, among others. Part 5 regulates tobacco and related products; a special license must be issued for manufacture, import, wholesale and distribute. Part 6 concerns packaging, labelling, advertisement and promotion. The Part also prohibits any adulteration and fraud to what concerns branding and standards. Part 7 provides for functions and responsibilities of inspectors. Part 8 administrative measures and penalties. ",public health; tobacco; offences/penalties; basic legislation; food safety and quality; beverages; breastfeeding/infant food; business/industry/corporations; cleaning agents/detergents; consumer protection; data collection/reporting; enforcement/compliance; food additives; fraud; genetically modified organism (GMO); hormones/steroids; hygiene/sanitary procedures; inspection; institution; internal trade; international trade; packaging/labelling; legal proceedings/administrative proceedings; monitoring; MRL-maximum residue limit; novel food; nutrition; offences/penalties; pesticides; potable water; precautionary principle; processing/handling; public health; residues; risk assessment/management; special dietary uses; standards; toxicity/poisoning; traceability; transport/storage; treated food; vending; governance
LEX-FAOC208823,https://faolex.fao.org/docs/pdf/eth208823.pdf,Veterinary Drug and Feed Administration and Control Proclamation No. 728/2011.,,English; Amharic,Livestock,Livestock; Wild species & ecosystems,,http://www.moa.gov.et/,Ethiopia,,,Legislation,,"This Proclamation shall be applicable to regulatory activities in respect of veterinary drugs, feed and veterinary drug professionals. Part 2 concerns veterinary drug administration and control: it establishes registration requiremnts, quality standards requirements; packaging and labelling requirments; it authorizes the Authority to carry out post marketing surveillance and Pre-Clinical and Clinical Test; prescription and dispensing conditions of Veterinary Drugs distinguishing between traditional and non traditional drugs and practitioners; Veterinary Biological Products; veterinary drug trade and traditional and Complimentary or Alternative Veterinary Drugs. Part 3 is on feed administration and control; the Part establishes quality standards and a control system to ensure that no feed or feed additive may be put into use unless it is ascertained by the appropriate organ that it complies with the quality standards issued or adopted by the competent organ. Furthermore it provides for packaging, labelling and record keeping requirements. It also provides for feed trade, import and export. Part 5 regulates power and duties of the Authority (Veterinary Drug and Feed Administration and Control Authority). ",basic legislation; animal health; traceability; drugs; monitoring; registration; animal feed/feedstuffs; inspection; internal trade; international trade; packaging/labelling; residues; traditional knowledge/indigenous knowledge; antimicrobial resistance (AMR); animal health; wild fauna
LEX-FAOC208838,https://faolex.fao.org/docs/pdf/eth208838.pdf,Revised Federal Ethics and Anti-Corruption Commission Proclamation No. 1236/2021.,2021-02-19,English; Amharic,General,General,,https://www.lawethiopia.com/,Ethiopia,,,Legislation,,"The Proclamation establishes that the Federal Ethics and Anti-Corruption Commission (hereinafter referred to as the Commission) is hereby established as the Federal Government office and proclaims its independence. Furthermore it establishes its objectives, powers and duties, composition and power and duties of commissioner. The Commission's objectives are: 1) Effectively enhance ethical and moral values of the generation; 2) Prevent corruption offences and other improprieties; 3) Make the public become owner of the anticorruption struggle by creating a popular movement helpful in the fight against corruption; 4) Create institutional capacity that would enable to carry out powers and duties given to it by law; 5) Ensure transparency and accountability in public offices, public enterprises and public organizations by having the asset and financial interests of their officials and employees declared, registered and made accessible and verified as to its accuracy. Part 3 provides discipline for the establishment of Ethics and Anti-corruption Liaison offices at every level of Public Offices and Public Enterprises with the duty to coordinate and carry out ethical issues and corruption prevention activities in their respective office or enterprise. Furthermore the Commission is expected to coordinate and provide technical support of Ethics and Anti-corruption commissions of regional and city administrations. ",framework law; corruption; institution; governance; jurisdiction; procedural matters; enforcement/compliance; offences/penalties; decentralization
LEX-FAOC209251,https://faolex.fao.org/docs/pdf/eth209251.pdf,Food and Nutrition Policy.,,English,Food & nutrition,Agricultural & rural dev.; Food & nutrition; Water,,http://repository.iifphc.org/,Ethiopia,,,Policy,,"The Food and Nutrition Policy (2018) (Policy) goal is to attain optimal nutritional status at all stages of life at a level that is consistent with a high quality of life, productivity and longevity of life. The scope of the police is to provide an overarching framework covering the key dimensions of food and nutrition security including sustained food availability, accessibility and utilization of food; food safety and quality; postharvest management; and optimal nutrition security at all levels of society, agro-ecological zones and livelihoods as well as in recurring emergencies. The policy also considers matters that pose challenges to food and nutrition security such as land degradation, globalization, regional market integration, demographic change, income inequalities, increasing population pressure, urbanization, and the demand for natural resources. The policy also gives emphasis to food and nutrition capacity building at national, regional and institutional levels along with empowering communities, families and individuals to enhance optimal nutrition behaviors and practices. Policy's Directions are outlined under chapter 7, they follow: 1) Ensure availability, accessibility and utilization of diversified, safe and nutritious foods in a sustainable way; 2) Ensure the safety and quality of foods from farm to table; 3) Improve postharvest management of agricultural food products; 4) Ensure optimum nutrition at all stages of life; 5) Provision of timely and appropriate food and nutrition emergency response for natural and manmade disasters; 6) Strengthen food and nutrition communication; 7) Establish and strengthen food and nutrition governance. Implementation of the Policy shall rely on evidence based approaches and implementation framework to ensure sustainability, cost effectiveness, coordination and community involvement. Approaches adopted in the implementation of the Policy comprise life cycle approach, Food as human right, Food based approaches, Multi-sectoral integration, coordination and linkage, Nutrition specific and nutrition sensitive approaches and Farm to table approach. ",agricultural development; climate change; processing/handling; sustainable development; capacity building; hazards; education; equity; food loss and waste; food safety and quality; food security; innovation; nutrition; potable water; research; right to food; vending; breastfeeding/infant food; gender; good practices; governance; hygiene/sanitary procedures; institution; public health; public participation; school feeding; social protection; special dietary uses; human rights; internal trade; food fortification; water supply
LEX-FAOC209515,https://faolex.fao.org/docs/pdf/eth209515.pdf,"National Science, Technology and Innovation Policy: Building Competitiveness through Innovation.",,English,National development,Agricultural & rural dev.; Environment; Food & nutrition; General,,https://chilot.me/,Ethiopia,,,Policy,,"National Science, Technology and Innovation Policy: Building Competitiveness through Innovation has as mission to create a sound science and technology foundation and to coordinate the national technological capability building efforts so as to enhance competitiveness of the economy, and reduce technological dependence of the country. The major objectives of the policy are the following: 1) To create a general governance framework for coordinated and integrated STI capacity building activities; 2) To establish a framework for technology accumulation and transfer; 3) To develop adaptive research that is geared towards rapid technology transfer and adaptation; 4) To develop and commercialize traditional knowledge and technologies; 5) To define the national science and technology landscape and to strengthen linkages among the different actors in the national innovation system; 6) To ensure integrated implementation of STI activities with other socioeconomic development programs and plans; 7) To institute support mechanisms to progressively raise the role of the private sector in undertaking and financing innovation. The policy will be implemented by all stakeholders of the National Innovation System. A national governance structure will, therefore, be established to direct, guide and oversee the implementation of the policy. The major actors will be the National Science and Technology Council, Technical Advisory Committee, Ministry of Science and Technology, STI Ministries, Innovation Support and Research Organizations, and Business Enterprises. ",innovation; business/industry/corporations; capacity building; environmental standards; certification; enforcement/compliance; traditional rights/customary rights; education; agricultural commodities; agricultural development; equipment; innovation; research; sustainable development; sustainable use; bioenergy; energy conservation/energy production; environmental planning; innovation; public health; public private partnership (PPP); renewable energy; research; soil conservation/soil improvement; soil rehabilitation; waste management; policy/planning; processing/handling; innovation; research; sugar
LEX-FAOC209516,https://faolex.fao.org/docs/pdf/eth209516.pdf,Ethiopian National Health Care Quality Strategy 2016-2020: Transforming the Quality of Health Care in Ethiopia.,,English,Health,Food & nutrition,,https://www.medbox.org/,Ethiopia,,,Policy,,"The ultimate aim of the National Health Care Quality Strategy 2016-2020 is to consistently ensure and improve the outcomes of clinical care, patient safety and patient centeredness while increasing access and equity for all segments of the Ethiopian population. The Strategy will focus on improving quality across the spectrum of the health care system with special emphasis on the following five priority public health areas: 1)  Maternal Neonatal and child health, specifically reducing maternal and neonatal mortality; 2) Malnutrition, especially the prevention and management of severe acute malnutrition; 3) Communicable diseases, particularly malaria, HIV, and TB; 4)  Non communicable diseases prevention and management, particularly diabetes, cancer, cardiovascular diseases, mental health, and chronic respiratory diseases; 5) Clinical and surgical services, particularly regarding timeliness of care. ",breastfeeding/infant food; equity; gender; nutrition; public health; social protection; special dietary uses
LEX-FAOC210050,https://faolex.fao.org/docs/pdf/eth210050.pdf,National Adolescent and Youth Health Strategy 2016-2020.,,English,Health,Food & nutrition,,https://www.prb.org/,Ethiopia,,,Policy,,"The National Adolescent and Youth Health Strategy 2016-2020 after providing a situation analysis and background information contains a strategic framework that proposes an integrated adolescent and youth health care package that comprises health promotion, preventive and curative interventions across all levels of care. The Framework is built on a set of key guiding principles. The target conditions identified in the situational assessment and analysis account for the majority of the adolescent and youth mortality and morbidity in Ethiopia, and are the focus for interventions in this Strategic Plan. Outcome targets are identified and include Family Planning/Contraception, Maternity Care, Nutrition and Physical Activity, among others. The Strategic Framework also proposes the following six priority areas for action: increasing access to Adolescent and Youth Health information and age appropriate Comprehensive Sexuality Education and life-skills education; enhancing equitable access to high quality, efficient and effective adolescent and youth-friendly health services; strengthening strategic information and research on adolescents and youth; promoting a supportive and enabling policy environment; supporting and facilitating youth engagement and ownership of health programs; and strengthening inter-sectoral coordination, networking and partnership. Each of these priority areas is accompanied by its respective strategies, performance targets and priority interventions (Table 4). ",breastfeeding/infant food; equity; gender; nutrition; poverty; public health; special dietary uses; youth; food fortification
LEX-FAOC210184,https://faolex.fao.org/docs/pdf/eth210184.pdf,National Action Plan for Health Security 2019-2023.,,English,Health,Agricultural & rural dev.; Livestock; General,,https://www.researchgate.net,Ethiopia,,,Policy,,"The National Action Plan for Health Security 2019-2023 is organized in six chapters: Background (1); Strategic situational assessment (2); Strategic Framework and Implementation Approach (3); Implementation Plan (4); Costing and financial plan (5); and Monitoring and evaluation (6). With the primary goal of achieving a secured capacity that ensures community resilience for public health threats and their impact, the plan has set out three strategic pillars which will help the country achieve its mission and vision in line with prevention, detection, and response of public health threats. These are: 1) Preparedness and Coordination; 2) Detection Capacity and Communication; 3) Response Capacity. These strategic pillars contain more than 74 objectives under which a set of activities were identified. These activities can be categorized into four main thematic areas of IHR-health security: Prevent, Detect, Response, and Other IHR-related hazards. The proposed objectives and activities under will be implemented in a five-year period (2019 – 2023) through the involvement of different sectors in a One Health approach. In particular the Plan aims at implement measures and programs to tackle antimicrobial resistance, strengthen the knowledge and evidence on antimicrobial use and resistance through one-health surveillance and research, administer and control the quality, safety and efficacy of veterinary drugs and biological products; build and maintain adequate food systems and infrastructures to respond to and manage food safety risks along the entire food chain, including during emergencies; strengthen education and information to build culture of health, safety, and resilience and following good management practice (biosecurity and biosafety), among others. ",animal health; animal production; antimicrobial resistance (AMR); biosafety; biosecurity; climate change; hazards; agricultural development; biosafety; biosecurity; labour; One Health approach; access-to-information; climate change; agricultural extension; farming; integrated pest management-IPM/pest management strategies; pesticides; public health; risk assessment/management; animal health; vaccination; drugs
LEX-FAOC193670,https://faolex.fao.org/docs/pdf/eth193670.pdf,Postharvest Management Strategy in Grains in Ethiopia 2018.,,English,Agricultural & rural development,Agricultural & rural dev.; Food & nutrition,,www.fao.org/in-action/fapda,Ethiopia,,,Policy,,"This Postharvest Management Strategy in Grains is a nationwide sectoral document aiming at ensuring proper and better utilization of the grain crops produced in Ethipia in order to ensure better nutrition for the growing population. To achieve the gaol, the Strategy sets out a series of objectves resulting from the reduction, both quantitatively and qualitatively, of the postharvest losses along the agricultural value chains of grains, which are (i) food security as well as food safety; (ii) increased incomes for the agricultural sector; (iii) national economic development which aims to build a market economy in which (a) a broad spectrum of the Ethiopian people are beneficiaries; (b) dependence on food aid is eliminated; and (c) rapid economic growth is assured. Other goals of the Strategy next to the aforementioned main goal are (i) improving agricultural input and output market efficiencies for grains; (ii) improving access to financing and investment for improved postharvest loss management practices; and (d) supporting sustainable value addition enterprises throughout the agriculture value chain. Cross-cutting issues of significance to postharvest management systems including gender, youth, HIV/AIDs, environmental factors and agricultural information management shall be mainstreamed in all activities undertaken towards the attainment of the above specific objectives. The indispensable factors for the success of the Strategy are identified in the document in (i) a demonstrating concretely strong political will and financial budgetary commitment; (ii) establishing strong monitoring and evaluation system ; (iii) creating effective PPP partnerships; (iv) establishing the requisite infrastructure to support agricultural development; and (v) mainstreaming gender particularly women, youth, health, social, environmental and other such disciplines to collectively drive the Strategy. ",cereals/grains/rice; agricultural development; agricultural commodities; gender; protection of environment; monitoring; youth; public private partnership (PPP); investment; crops ; food security; food safety and quality; agricultural commodities; cereals/grains/rice; investment
LEX-FAOC199860,https://faolex.fao.org/docs/pdf/eth199860.pdf,National Social Protection Strategy of Ethiopia.,,English,Social protection,Food & nutrition,,www.social-protection.org/,Ethiopia,,,Policy,,"The National Social Protection Strategy is a national policy with a cross-sectoral approach. This policy lays down strategies in the areas of (I) promoting productive safety nets, (II) promoting employment opportunities and improving livelihoods, (III) promoting social insurance, (IV) access to health, education and other social services, and (V) addressing violence, abuse and exploitation and providing legal protection and support. Furthermore, poverty reduction strategies will be implemented, and social assistance coverage will be expanded to ensure food security for the vulnerable exposed to natural and manmade disasters and protect them from falling into extreme poverty. ",food security; food assistance; poverty; social impact assessment; social protection; labour; hazards; education; public health
LEX-FAOC211967,https://faolex.fao.org/docs/pdf/eth211967.pdf,A Homegrown Economic Reform Agenda: A Pathway to Prosperity.,,English,National development,Agricultural & rural dev.; Livestock; Mineral resources,,https://www.mofed.gov.et/,Ethiopia,,,Policy,,"A Homegrown Economic Reform Agenda: A Pathway to Prosperity (2021) is a comprehensive economic reform Agenda with as primary objectives: ensuring macro-economic stability to sustain the rapid economic growth; rebalance the public and private sectors’ role in the economy; and unlock new and existing growth potentials. The reform agenda builds on the achievements of the past decade in infrastructure and human capital developments. The Agenda encompasses three key pillars at the macro-financial, structural, and sectoral levels (Agriculture; Mining; Manufacturing; Tourism; ICT and Digital Economy). Macro-financial reforms aim to to stabilize the macroeconomy by reducing the risks associated with public debt, lower external vulnerabilities, arrest inflation, and enhance growth, investment, and exports. These reforms include strengthening public finances, gradually moving towards a flexible exchange rate regime, enhancing financial sector development and developing capital markets, among others. The structural reforms aim to to ease the constraints to doing business, easing tariff and non-tariff barriers to international trade, improving the efficiency of public institutions, and improving services such as logistics, telecom, and electricity. The sectoral reforms in Agriculture are aimed at: developing legal frameworks to enhance land use and administration and allow farmers to lease land use rights; enhance productivity of small-holder farmers and pastoralists through provision of modern inputs and service; modernizing livestock production through improving veterinary infrastructure and establishing linkages with other industries; establishing effective linkage between agriculture producers and commodity markets as well as the commercial value chain; accelerating growth in agricultural production with a focus on strategic crops for import substitution and exports; developing a legal framework for agriculture focused financial services. ",agricultural development; financial agricultural measures; business/industry/corporations; crops ; fiscal and market measures; innovation; internal trade; international trade; smallholders/peasants; research; sustainable development; animal health; animal production; pests/diseases; innovation; pastoralism; vaccination; drugs; gender; equity; public participation
LEX-FAOC212017,https://faolex.fao.org/docs/pdf/eth212017.pdf,Proclamation No. 1243-2021 - The Commercial Code of the Federal Democratic Republic of Ethiopia.,2021-04-12,English,Private sector & entrepreneurship,Agricultural & rural dev.; Livestock; Food & nutrition; Fisheries; Mineral resources; Water; Waste & hazardous substances; General,,https://chilot.me/,Ethiopia,,,Legislation,,"The Commercial Code of the Federal Democratic Republic of Ethiopia (the Code) is the main body of provisions dealing with the conduct of commercial activities. The Code regards as traders persons who professionally and for gain carry on any of the following or similar activities: Agricultural and forestry development on land lawfully given to a right holder for commercial purpose; Animal husbandry and production of animal products beyond small-scale levels excluding persons entitled to use rural land under the law; Fishing and fish farming beyond small-scale levels; Minining activities not performed by handicraftsmen, exploration,drilling and production of feul oil or gas and related activities; Exploitation of quarries not by handicraftsmen for buildings, road or other construction works; Exploitation of salt pans not by handicraftsmen; Foodstuff production, production conversion, adaptation and maintenance of corporeal movable chattels, from such things as raw materials or semifinished products not by handicraftsmen; Capturing and supplying water in different ways; Transporting, disposing or recycling of any waste including solid and liquid waste not by handicraftsmen; Producing, distributing and supplying electricity, gas and compressed air including provision of heating and cooling services; Operating in an organized manner veterinary and human health services, diagnostic services and provision of consultation, follow up, and related services for maintaining health and prevention of illness not by handicraftsmen; among otheres. The Code specifies that who carry on activities relating to agriculture, forestry, plant nursery, cattle breeding or maintaining pasture land, shall not be deemed to be traders where they sell the products of the land they exploit or use, or animals or the products of animals bred mainly from the resources of the land. The Code applies to public and private enterprises but excludes the application of its provisions to administrative organs and other organs, which are destined to serve larger social purposes other than economic gain or profits (civil society organizations, religious institutions, and cooperatives societies even where they carry on trading activities). For this latter group exception is made when they are shareholders or partners in a business organization. The Proclamation is divided in three Books: 1) Traders, Trade and Businesses; 2) Business Organizations; 3) Preventive, Reorganization And Bankruptcy Law and includes provisions on legal and institutional framework of business and business organizations and their activities, books and accounts, registration, sale, hire, and mortgage of businesses, disclosure, shareholders’ protection, creditors’ protection, bankruptcy and reorganization, among others. ",framework law; business/industry/corporations; business/industry/corporations; contracts; internal trade; labour; ownership; agricultural land; lease; cooperative/producer organization; property rights; business/industry/corporations; contracts; internal trade; labour; ownership; contracts; business/industry/corporations; fish products; contracts; business/industry/corporations; vending; internal trade; water abstraction; contracts; business/industry/corporations; contracts; business/industry/corporations; contracts; business/industry/corporations
LEX-FAOC213894,https://faolex.fao.org/docs/pdf/eth213894.pdf,Antimicrobial Resistance Prevention and Containment Strategic Plan - The One Health Approach - 2021-2025 Third Edition.,,English,Health,Agricultural & rural dev.; Livestock; Environment; Food & nutrition; Cultivated plants; Water; Waste & hazardous substances,,http://www.fmhaca.gov.et/,Ethiopia,,,Policy,,"The Antimicrobial Resistance Prevention and Containment Strategic Plan - The One Health Approach - 2021-2025 Third Edition (The Third Edition of the National Strategy) highlights lagging in controlling the antimicrobial resistance threats and risks by the Ethiopian Government and attributes them to an inadequate multisector approach, insufficient and poor-quality antimicrobial resistance and antimicrobial data and use, lack of sustainable financing, suboptimal practices, inadequate number of trained professionals and insufficient laboratories and supplies. In the light of above the Third Edition of the National Strategy aims at ensuring continuity of successful prevention, control and treatment of infectious diseases in the human, animal, plant and environment sectors through evidence-based prevention and containment of antimicrobial resistance following multisector collaboration through a One Health approach. the Third Edition of the National Strategy identifies the following five strategic objectives: 1) Improve awareness and understanding of antimicrobial resistance through effective behavior change communication, education and training. 2) Strengthen the knowledge and evidence on antimicrobial use and resistance through surveillance and research. 3) Enhance infection prevention and control through effective environmental health, infection prevention and bio-risk measures in human, animal and plant health. 4) Optimize the use of antimicrobials in human, animal and plant health care. 5) Strengthen and establish partnerships, alliances, governance and resource mobilization at all levels. Strategic objective 1 involves 4 initiatives, 8 interventions and 18 activities and is designed to encourage a whole-of-society approach in tackling the issue of antimicrobial resistance and ensure that everyone is aware of the problem and challenges. It also seeks to ensure that individuals, communities and institutions understand their role in addressing antimicrobial resistance through effective behaviour change communication, education and training. The objective aims to improve behaviour change on antimicrobial use and resistance among the targeted groups.  Strategic objective 2 aims at establishing thorough One Health approach an effective network that generates and collates data on surveillance of antimicrobial use, consumption and resistance across the human, animal and environmental interface; it involves 4 initiatives, 14 interventions and 47 activities. Strategic Objective 3  is designed to reduce the occurrence of infections and contain the spread of the resistant strains in communities and in veterinary and human health care settings through implementation of a range of recommendations and minimum requirements related to Strengthen and promote an infection prevention and control programme, Promote personal hygiene and strengthened water, sanitation and hygiene services, etc. This strategic objective involves 5 initiatives, 13 interventions and 37 activities. Strategic objective 4 promotes evidence-based policies, protocols and regulations that encourage more appropriate and rational use of antimicrobials, it involves strengthening and integrating antimicrobial stewardship into health care facilities and encourages using data on antimicrobial use, consumption and resistance to trigger changes in the behaviour of human and veterinary health care professionals, clients and other actors in the human and animal sectors. This objective involves 5 initiatives, 24 interventions and 50 activities, as explained in the operational plan. Strategic objective 5 is designed to strengthen and establish partnerships, alliances, governance and resource mobilization efforts for the effective implementation of the national strategic plan at all levels; it involves 3 initiatives, 6 interventions and 15 activities. ",good practices; agricultural extension; agricultural development; animal health; One Health approach; animal feed/feedstuffs; drugs; pests/diseases; vaccination; antimicrobial resistance (AMR); public health; education; capacity building; research; non-governmental entity; public participation; risk assessment/management; data collection/reporting; monitoring; policy/planning; residues; biosecurity; international cooperation; public private partnership (PPP); financing; nutrition; hygiene/sanitary procedures; food safety and quality; pesticides; plant protection; water supply; waste management
LEX-FAOC214405,https://faolex.fao.org/docs/pdf/eth214405.pdf,Ethiopia National One Health Strategic Plan (2018 – 2022).,,English,Health,Livestock; Environment; Food & nutrition,,http://www.onehealthethiopia.org/,Ethiopia,,,Policy,,"The Ethiopia National One Health Strategic Plan (2018 – 2022) defines its vision: Ethiopia with negligible risks and impacts of endemic, emerging, and re-emerging health threats at the human, animal, and environment interface. To achieve the vision, strategic objectives aligned with key pillars have been identified, the follow: Pillar 1 - Coordination and Collaboration (Objectives: To ensure effective and functional One Health coordination mechanisms at all levels by 2022; To mainstream One Health activities in all relevant government sectors by 2020; Develop and implement a monitoring and evaluation system for One Health at the national and regional levels). Pillar 2 -  Preparedness and Response (Objectives: Establish and strengthen multisectoral and multidisciplinary capacities at all levels for timely detection of and rapid response to emerging and re-emerging priority threats at the human-animal-environment interface by 2021; Develop multisectoral prevention and control strategies for priority emerging and re-emerging zoonotic diseases; Implement and promote multisectoral prevention and control strategies and preparedness and response plans for priority emerging and re-emerging zoonotic diseases using the One Health approach). Pillar 3 - Surveillance and Reporting (Objectives: Establish and strengthen integrated multisectoral surveillance systems by 2022; Operationalize regular sharing and use of surveillance data and information across sectors by 2020). Pillar 4 - Policy, Advocacy, and Communication (Improve enabling policy environment across all collaborating sectors for the implementation of One Health by 2022; Secure high-level buy-in and support for One Health across all sectors;  Improve knowledge, attitude, behavior, and practice of community on health threats or risks at human, animal, and environment interface). Pillar 5 - Research and Capacity Building (Conduct joint research projects on prioritized zoonotic diseases and other health threats at the animal-human-environment interface by 2020; Improve policy on disease prevention, detection, and response using One Health in line with research findings by 2022; Improve human resource and infrastructure capacity for One Health research by 2022) The Plan also identifies cross cutting issues such as promoting gender equality, promoting environmental friendly technologies, and inclusiveness. ",animal health; hazards; early warning system; innovation; inspection; integrated management; monitoring; pests/diseases; policy/planning; public health; quarantine; data collection/reporting; research; residues; risk assessment/management; vaccination; drugs; One Health approach; public health; risk assessment/management; sustainable development; innovation; antimicrobial resistance (AMR); gender; equity; capacity building; biosafety; biosecurity; biotechnology; food safety and quality; nutrition
LEX-FAOC214456,https://faolex.fao.org/docs/pdf/eth214456.pdf,National Disaster Prevention and Preparedness Fund Establishment Proclamation No. 212/2000.,2000-07-04,English; Amharic,Disaster risk management,Livestock; Food & nutrition,,https://www.lawethiopia.com/,Ethiopia,,,Legislation,,This Proclamation establishes the National Disaster Prevention and Preparedness Fund (here in after referred to as the Fund); the objectives of the fund are: I) to maintain a readily available cash reserve to combat disasters which are likely to threaten the lives of people -and livestock until such time as other resources can be mobilized locally or from abroad; and 2) to assist the implementation of Employment Generation Schemes (EGS) that would support the achievement of the National Food Security. Part 2 regulates fund administration. ,animal health; hazards; early warning system; food security; labour; public health; risk assessment/management; special fund; subsidy/incentive
LEX-FAOC214720,https://faolex.fao.org/docs/pdf/eth214720.pdf,National Anthrax Prevention and Control Strategic Plan 2018 – 2030.,,English,Livestock; Health,Livestock; Wild species & ecosystems; Waste & hazardous substances; General,,https://onehealthethiopia.org/,Ethiopia,,,Policy,,The goal of the National Anthrax Prevention and Control Strategic Plan 2018 – 2030 is to prevent and control anthrax in human and animals in Ethiopia. The general objectives of the Strategic Plan are:  1) Strengthen sectoral and multi-sectoral anthrax surveillance systems for effective preparedness and response; 2) Improve laboratory capacity for anthrax diagnosis at national and regional level; 3) Sustain inter-sectoral collaboration among all stakeholders; 4) Undertake anthrax prevention and control activities; 5)  Enhance prevention capacity in terms of trained personnel and community awareness; 6) Generate scientific evidence to inform decision and policy changes on anthrax prevention and control. ,public health; data collection/reporting; innovation; integrated management; monitoring; research; standards; equipment; financing; pests/diseases; animal health; vaccination; drugs; capacity building; hygiene/sanitary procedures; One Health approach; animal health; waste disposal; waste management
LEX-FAOC214771,https://faolex.fao.org/docs/pdf/eth214771.pdf,National Rabies Control and Elimination Strategy 2018-2030.,,English,Health,Livestock; General,,http://www.onehealthethiopia.org/,Ethiopia,,,Policy,,"The National Rabies Control and Elimination Strategy 2018-2030 aims to eliminate human cases of dog-mediated rabies by the year 2030 in Ethiopia. The strategy provides a guide for systematic reduction of rabies risk through sustained mass dog vaccinations, pre and post-exposure prophylaxis and public education until the country is completely free of human dog-mediated rabies. This Strategy is based on activities planned in accordance with the Stepwise Approach to Rabies Elimination (SARE) for the country to move from an endemic state to a disease free status. SARE is a stepwise progression towards becoming a rabies disease-free country, consisting of 6 stages (Stage 0 to 5), each with a set of activities that build on each other to continuously reduce the risk of disease, with the country being declared completely free of human dog-mediated rabies when it reaches Stage five. The critical steps in the various stages include: 1. developing and adopting a national rabies elimination strategy, 2. implementation of elimination plan in pilot areas, 3. implementation of the elimination strategy throughout the country and 4. Maintaining freedom from human dog- mediated rabies and canine rabies. To move from one stage to the other, a set of targets must be reached and confirmed. The implementation of the strategy will begin with selected pilot areas to gain valuable lessons in creating and maintaining a rabies-free zone that will be used during the rollout of the elimination campaign in the rest of the country. ",public health; One Health approach; hygiene/sanitary procedures; animal health; pests/diseases; hygiene/sanitary procedures; dangerous animal/harmful animal; risk assessment/management; pet animals
LEX-FAOC215704,https://faolex.fao.org/docs/pdf/eth215704.pdf,Ethiopia 2030: The Pathway to Prosperity Ten Years Perspective Development Plan (2021 – 2030).,,English,National development,Agricultural & rural dev.; Livestock; Air & atmosphere; Energy; Environment; Food & nutrition; Fisheries; Forestry; Land & soil; Mineral resources; Water; Wild species & ecosystems; General,,https://europa.eu/capacity4dev/file/109229/download?token=N_aSQqKk,Ethiopia,,,Policy,,"The Ethiopia 2030: The Pathway to Prosperity Ten Years Perspective Development Plan (2021 – 2030) is a ten-year development Plan that lays a long-term vision of making Ethiopia an “African Beacon of Prosperity”. Prosperity in the Plan is defined  in terms of the overall human and institutional capability that is created over the long-term whose development outcomes can be expressed as follows: 1) Improvement in income levels and wealth accumulations so that every citizen would be able to satisfy their basic needs and aspirations; 2) Basic economic and social services such as food, clean water, shelter, health, education, and other basic services should be accessible to every citizen regardless of their economic status; 3) Creating an enabling and just environment where citizens would be able to utilize their potentials and resources so that they lead quality life; 4) Improvement in social dignity, equality, and freedom where citizens can freely participate in every social, economic, and political affairs of their country regardless of their social background. The development vision will be achieved through the following key strategic pillars which are primarily focused on addressing the deep-rooted macroeconomic, sectoral, and structural bottlenecks of economic, social, administrative, and institutional development of the country. The key strategic pillars are: 1) Quality Economic Growth and Shared Prosperity, 2) Economic Productivity and Competitiveness, 3) Technological Capability and Digital Economy, 4) Sustainable Development Financing, 5) Private Sector-led Economic Growth, 6) Resilient Green Economy, 7) Institutional Transformation, 8) Gender and Social Inclusion, 9) Access to Justice and Efficient Civil Services, and 10) Regional Peace Building and Economic Integration. Chapter 4 contains the Macroeconomic Plan that aims at creating a stable macroeconomic environment, by reducing poverty rates, ensuring availability of sustainable development finance, guaranteeing high, stable and sustainable economic growth, and bringing about substantial structural transformation of the economy. Chapter 5 Economic Sectors Development Plan is subdivided into: Agricultural Development; Manufacturing Industry Development; Construction Industry Development; Mining and Petroleum Development; Trade Development; Tourism Development; Urban Development. In particular The major focus areas of Agricultural Development Plan are reducing the reliance on rain-fed agriculture by developing irrigation capacity; expanding agricultural mechanization services; enabling highly productive smallholder farmers to become investors by assisting them to have access to additional land; improving animal husbandry, fodder development and animal health; expanding horticulture development; expanding the participation of private investors in agriculture; building institutional implementation capacity within the sector; creating job opportunities; and rendering agriculture more resilient to climate change by reducing the impacts of environmental and climatological changes affecting it. The main objectives of the Agricultural Development Plan are to raise the incomes and livelihoods of farmers and pastoralists and end poverty by making agriculture more productive and competitive; to play a major role in the structural transformation of the economy, especially to satisfy the food and nutritional needs of the nation by modernizing agriculture; to supply raw material inputs for the industrial sector; to provide adequate quantities of exportable agricultural products that have added value; to create sufficient job opportunities in rural areas; and to reduce the impact of climate change on the sector. Chapter 6, Infrastructure Development Plan, is further divided into: Transport Development; Water Resources Development; Energy Development; Innovation and Technology Development. The principal objectives of the Water Resources Development Plan are to ensure equitable provision and accessibility of potable water, sanitation and hygiene services that meet quality standards; and to enhance the development and utilization of the river basin and irrigation resources of the country. Chapter 7, Demography and Human Resource Development, aims to develop an all rounded human resource capacity; this will be achieved through the provision of equitable access to health and education services as well as ensuring quality and relevance. Chapter 8, Gender and Social Inclusion Plan mainly focus on empowering various sections of the society and enabling them to benefit from economic development through skills development, capacity building and equitable participation in particular attention will be given to strengthening the overall system of social welfare and social protection in favour of women, children, the youth, the elderly, persons with disabilities and other vulnerable citizen. Chapter 9 is the Justice and Public Services Plan. Chapter 10 contains the Peace Building and Regional Development Cooperation Plan. 69 Chapter 11 contains the Environment and Climate Change Plan; the main focus is ensuring sustainable development by developing, enriching, maintaining and protecting the country’s natural environment, forests, wild life and other biodiversity resources, and also through ensuring sustainable utilization as well as maintenance of healthy ecosystem interactions. The principal objectives of the environment and climate change plan are to identify invasive foreign species and, through research, substantially mitigate the damage they cause; collect and preserve biodiversity and genetic resources; reduce the amount of sectoral greenhouse gas emissions; and strengthen the development and protection of forests, the ecosystem as well as the wild life. ",coronavirus disease (COVID-19); international trade; equity; public health; economic/social/cultural rights; gender; social protection; youth; access-to-justice; human rights; agricultural commodities; agricultural development; agricultural land; agroecology; business/industry/corporations; capacity building; climate change; crops ; hazards; early warning system; emissions; equipment; equity; agricultural extension; farming; innovation; investment; labour; smallholders/peasants; poverty; risk assessment/management; rural employment; urban and peri-urban agriculture; animal health; animal production; sustainable development; fishery management and conservation; milk/dairy products; food security; meat; nutrition; poultry products; hygiene/sanitary procedures; food safety and quality; afforestation/reforestation; forest management/forest conservation; forestry protection measures; sustainable use; land-use planning; soil conservation/soil improvement; soil pollution/quality; pollution control; basin/catchment/watershed; hydropower generation; irrigation; potable water; water supply; waterworks; surface water; research; inland waters; renewable energy; biodiversity; ecosystem conservation; invasive alien species; protection of environment; protection of habitats; protection of species; wild fauna; air quality/air pollution; emissions; pollution control; energy conservation/energy production; renewable energy; mining; oil
LEX-FAOC215770,https://faolex.fao.org/docs/pdf/eth215770.pdf,National Blue Economy Strategy of Ethiopia 2023-2027,,English,Sea,Environment; Food & nutrition; Fisheries; Mineral resources; Sea; Water; General,,http://ethiotransport.gov.et/,Ethiopia,,,Policy,,"National Blue Economy (BE) Strategy of Ethiopia 2023-2027 is aimed at promoting sustainable economic growth, improved livelihoods and environmental stewardship through the sustainable utilization of all water-based resources. The main purpose of the Strategy is to demonstrate and support enhanced collaboration among BE sectors in more effectively addressing areas of joint concern, with the aim to improve income generation, enhance livelihood and food security, resilience and participation in natural resources management of youth, women and men in all sectors. In addition; the strategy is regarded as the primary implementation plan which turns policies into effective and practical actions. As such, it is comprising guiding principles, strategic goals, intervention priorities, and logical framework as a foundation for developing the BE related activities. The “Blue Economy” includes all activities developing or deriving from marine and aquatic ecosystems including oceans, coasts, seas, rivers, lakes, groundwater, and associated resources. The “Blue Economy”  is regarded as the combination of socio-economic development activities with safeguards against environmental degradation and optimization of benefits which may be derived from marine resources. It covers all water instances, including lakes and rivers, in addition to oceans and the coast. The main sectors of concerned economic activities are fisheries, aquaculture, tourism, transport, ports, energy and mining with many links to other sectors. The main principles that underpin the implementation of Blue Economy are: the circular economy; good governance and environmental and social sustainably. The following four strategic goals are identified as a pillar for the national BE strategy: Strategic Goal 1: Establish functional blue economy governance policy and investment framework, regulations and coordination mechanisms; Strategic Goal 2: Identify, Develop and Implement Blue Economy Priority Program of Actions at Sectoral level; Strategic Goal 3: Create empowerment and inclusive decision making, Environmental Sustainability, and Economic Viability Conditions; Strategic Goal 4: Accelerate the Exploitation of Blue Economy Sectors and Industries through Innovation, Research  and Development Within the Strategic intervention areas are relevant: fisheries and aquaculture where the major goal in the strategy is optimize conservation, and sustainable fisheries and aquaculture resources use; achieving full wealth generating potential for fisheries and aquaculture sector to optimally contribute to the blue growth; ensuring sustainable social, economic, environmental, and equitable outcomes and human rights whilst safeguarding natural capital and blue investment. ",capacity building; economic/social/cultural rights; equity; innovation; human rights; circular economy; good practices; governance; sustainable development; aquaculture; fishery management and conservation; food security; groundwater; surface water; sustainable use; hydropower generation; renewable energy; mining; climate change; coastal zone management; governance; blue economy
LEX-FAOC107521,https://faolex.fao.org/docs/pdf/eth107521.pdf,Directive No. 01/2009 issued to determine the contents of applications for undertaking transactions involving modified organisms.,,English,Environment,Livestock; Environment; Cultivated plants,,,Ethiopia,,,Regulation,,"This Directive, issued in accordance with article 22 of the Biosafety Proclamation, concerns the information provided by applicants in applications made to the Environmental Protection Authority of the Federal Democratic Republic of Ethiopia for the consent of the Authority of any making or use of any modified organism in teaching, research, production, import, export, transit, deliberate release, production under contained use, transport, placing on the market, or use as a pharmaceutical, as food, as feed or for processing. Information shall, among other things, refer to: the modified organism and vectors in question; the conditions of deliberate release and the receiving environment; interactions between the modified organism and the environment; and potential environmental impacts. ",animal health; biosecurity; biosafety; genetically modified organism (GMO); authorization/permit; seeds/planting material; plant production
LEX-FAOC215804,https://faolex.fao.org/docs/pdf/eth215804.pdf,Digital Ethiopia 2025 - A Strategy for Ethiopia Inclusive Prosperity.,,English,General,Agricultural & rural dev.,,mint.gov.et/,Ethiopia,,,Policy,,"The Digital Ethiopia 2025 - A Strategy for Ethiopia Inclusive Prosperity (2020) is the first step and fundamentally a call to action.  This strategy was developed to provide a collective vision and, specifically to meet the following key objectives: 1) To propose an inclusive digital economy approach that will catalyse the realisation of Ethiopia’s broader development vision. 2) To be a visionary umbrella strategy from which sectors and institutions can then design and co-create more specific action-oriented strategies with relevant budgets, timelines and key performance indicators. 3) To emphasize the need for a sense of urgency 4) To mobilize critical stakeholders to address the imperatives that will enable an inclusive digital economy 5) To coordinate and strengthen current initiatives underway so the most pragmatic and strategic pathways are explored to unlock growth and maximize impact. 6) To ensure an inherently international approach that will enhance Ethiopia’s place in regional and global value chains while benefitting from best practice and interoperable systems. This Strategy took into consideration the current economic drivers (Agriculture, Manufacturing and Services), the priority sectors, and the national objectives of jobs creation, forex earnings and inclusive prosperity as a means of identifying the most relevant digital enabled pathways for Ethiopia. These are: Pathway 1: Unleashing value from agriculture; Pathway 2: The next version of global value chains in manufacturing; Pathway 3: Building the IT enabled services, and; Pathway 4: Digital as the driver of tourism competitiveness. Under Pathway 1 specific opportunities that will be transformational for the sector are: Building a Digital Agriculture platform (this integrated	system	offers	new	insights	that	enhance	the	ability	to	make	decisions	and	subsequently	 implement	 them); Support and Incentivize Ag-Tech Entrepreneurship (This is instrumental to encourage the youth to remain in rural areas and modernize agriculture rather than migrate to urban areas in search of service related jobs); Ensuring Inclusivity. ",innovation; agricultural development; research; labour; rural development; rural employment; youth
LEX-FAOC107522,https://faolex.fao.org/docs/pdf/eth107522.pdf,Directive No. 02/2009 issued to determine Risk Assessment Parameters for modified organisms.,,English,Environment,Livestock; Environment; Cultivated plants,,,Ethiopia,,,Regulation,,"This Directive requires the maker and the user of a modified organism to carry out a risk assessment prior to any transaction to evaluate the possible harm to human or animal health, biological diversity, the environment, ethical values or cultural or economic norms of local communities or the economic condition of the country. This assessment shall take the parameters set out in this Directive, and any others deemed relevant, into consideration.  A 'transaction' means any making or use of any modified organism in teaching, research, production, import, export, transit, deliberate release, production under contained use, transport, placing on the market, or use as a pharmaceutical, as food, as feed or for processing. Parameters shall, among other things, refer to: characteristics of donor and recipient or parental organisms; characteristics of the vector and the promoter, terminator and marker genes; characteristics of modified organisms; safety considerations for human and animal health; and environmental considerations. ",animal health; biosecurity; biosafety; genetically modified organism (GMO); environmental impact assessment (EIA); authorization/permit; plant production; seeds/planting material
LEX-FAOC216290,https://faolex.fao.org/docs/pdf/eth216290.pdf,"Definition of Organization, Powers and Duties of the Ethiopian Food and Drug Authority Council of Ministers Regulation (NO. 531/2023).",,English,Food & nutrition,Food & nutrition; Cultivated plants; General,,http://www.efda.gov.et/,Ethiopia,,,Regulation,,"These Regulations provide for the definition of Organization, Powers and Duties of the Ethiopian Food and Drug Authority Council of Ministers. The objective of the Authority is to protect the public health by regulating food, medicine and medical devices, blood and blood products, traditional, complementary or alternative medicine, cosmetics, tobacco, quality control service provider, bioequivalence centers and other products and services entrusted to the Authority to regulate. The Authority shall have the following powers and duties: 1) Initiate and submit to the Ministry a policy, strategy and law ideas in regulatory perspective for Regulation; 2) Register, acknowledge, issue market authorization, special regulatory license for regulated products and take appropriate administrative measures; 3) Issue and enforce regulatory criteria concerning regulated product; enforce Ethiopian mandatory standards; initiate national standards and implement same upon approval; 4) Issue certificate of competency or special regulatory license to importer, exporter, for ; 5) Inspect, investigate, including retail, any place or establishment in regions and collect sample of regulated products that entered into the market with authorization of the Authority or illicit product; take appropriate administrative measures against the product and cause the concerned body to take the appropriate measures against the establishment; 6) Issue import permit to regulated products, raw materials and packaging materials to be used for such products; 7) Issue certificate of health to raw, semi- processed or processed food; 8) Prohibit manufacturing, importing, or sale of food with unhealthy ingredient; cause the amount of unhealthy content or ingredient within a food be restricted; regulate health warning, labeling, advertisement and related matters; 9)Notify and create awareness, as appropriate, to the public and stakeholders about registered or authorized or illicit products, establishments, administrative measures taken and the Authority`s regulatory functions; 10) Establish response system, perspective to regulatory, to emergency caused by a regulated product; establish a system that enables utilization of regulated product for emergency response; work in collaboration with concerned bodies; among others. ",public health; authorization/permit; certification; condiments/herbs/spices; consumer protection; food additives; food safety and quality; fraud; inspection; institution; international trade; packaging/labelling; monitoring; registration; data collection/reporting; risk assessment/management; standards; traceability; vending; legal proceedings/administrative proceedings; offences/penalties; access-to-information; education; transport/storage; treated food; governance; internal trade; tobacco; agricultural commodities
LEX-FAOC216423,https://faolex.fao.org/docs/pdf/eth216423.pdf,Right to Employment of Persons With Disability (Proclamation No. 568/2008).,2008-03-25,English,Employment,General,,https://www.refworld.org/,Ethiopia,,,Legislation,,"The Proclamation has the purpose to discipline the relationship  between a qualified worker or job-seeker with disability and an employer. Section 4 protects the right of Persons with disability to employment. Unless the nature of the work dictates otherwise, a person with disability having the necessary qualification and scored more to that of other candidates shall have the right with out any discrimination: a) to occupy a vacant post in any office or undertaking through recruitment, promotion, placement or transfer procedures; or b) to participate in a training programme to be conducted either locally or abroad. No selection criteria shall refer to disabilities of a candidate unless the nature of the work dictates otherwise. Section 5 contains a prohibition of discrimination stating that any law, practice, custom, attitude or other discriminatory situations that impair the equal opportunities of employment of a disabled person are illegal. Moreover the Proclamation provides for employer and employee's  specific responsibilities. ",equity; gender; human rights; labour; offences/penalties; social protection
LEX-FAOC107523,https://faolex.fao.org/docs/pdf/eth107523.pdf,Directive No. 03/2009 issued to determine the Procedures of a Risk Management Strategy for Dealing with Accidents Involving Modified Organisms.,,English,Environment,Livestock; Environment; Cultivated plants,,,Ethiopia,,,Regulation,,"This Directive requires a user to employ the specified risk management strategy starting from the making, through all stages of experimentation to getting the advance informed agreement from the Environmental Protection Authority of the Federal Democratic Republic of Ethiopia for the intended use of the modified organism. The Directive sets out control mechanisms for various uses of imported or locally-produced modified organisms and vectors, including animals and plants. ",animal health; biosecurity; international trade; biosafety; genetically modified organism (GMO); environmental impact assessment (EIA); early warning system; hazards; plant production; seeds/planting material
LEX-FAOC216429,https://faolex.fao.org/docs/pdf/eth216429.pdf,Mining Operations (Amendment) Proclamation No. 1213/2020.,2020-07-24,English,Mineral resources,Mineral resources,,https://www.hopr.gov.et,Ethiopia,,,Legislation,,"The Proclamation makes amendments to the Mining Operations Proclamation No. 678/2010 by replacing  Article 51 that requires any person who wishes to engage in either consultancy services; drilling, laboratory or residue stockpile separating service; technical service in fieldwork such as health, camping and catering service to apply for a certificate of competence with the Minister. ",certification; mining
LEX-FAOC216431,https://faolex.fao.org/docs/pdf/eth216431.pdf,Definition of Powers and Duties of the Executive Organs Proclamation No. 1263/2021.,2022-01-25,English,General,Agricultural & rural dev.; Livestock; Energy; Environment; Food & nutrition; Forestry; Land & soil; Mineral resources; Cultivated plants; Water; General,,https://www.lawethiopia.com/,Ethiopia,,,Legislation,,"The Proclamation establishes powers and duties of the Prime Minister, Deputy Prime Minister, and Council of Ministers; lists the federal executive organs and their functions; establishment of Ministries and their accountabilities, responsibilities, power and duties. Among the common powers and duties of Ministries the Proclamation to ensure that the policies, laws, development programs and projects of any Ministry benefit women, children and youth. The Ministry of Agriculture shall have the following powers and duties: a) formulate policies, strategies, programs and legal framework which ensures the sustainability of agriculture and forest development and its competitiveness; implement the same upon approval by the concerned organs; b) establish a system which enables to promote the participation and role of the private sector in agricultural sector development; c) establish a rural financial system accessible to farmers, pastoralists, and semi-pastoralists and to private sector actors engaged in agricultural activities; d) cause the expansion and utilization of agricultural extension advisory service; e) establish a system for demand, supply, distribution and marketing inputs for crop production, veterinary, fishery and natural resource development;  f) establish a system which enable the prevention and control of plant, animal and fish diseases;  g) establish a system and infrastructure that enable to improve the quality and accessibility of plant and veterinary health services;  h) establish a system for registration and monitoring of agricultural technology, input and service;  i) devise strategy, in collaboration with the concerned organs, in order to make urban farming effective and establish implementation mechanisms;  j) ensure the proper implementation of animal genetic improvement;  k) coordinate the compilation of technologies necessary for livestock and fishery products development and the introduction of the same to users as may be necessary; l) follow up and support the establishment of a system for rural land management and sustainable utilization of natural grazing land;  m) cause the establishment of a system for market led veterinary resource development, water centered crops and animal feed development, vegetables and fruits development and utilization of grazing land and natural resource in pastoralist and semi pastoralist areas; n) establish a system for the strengthening of water harvesting, diversion of water, development of ground water resource, utilization of water pumps activities by integrating water used for farming with rain, surface and ground water;  o) establish a system for the formulation and implementation of programs and projects for utilization of river basin, soil and water;  p) identify the causes for the extinction of natural resource in order to conserve and sustainably utilize it and establish a system for formulation and implementation of prevention strategies and follow up its implementation; q) build capacity which enables to predict the impact of natural and man-made disasters on agricultural development; among others. The Ministry of Water and Energy shall have the following powers and duties: a) initiate policies, strategies and laws with respect to water and energy; b) undertake policy studies, surveys and researches needed to create a conducive environment for the implementation of an integrated water resource management within basins; c) ensure that projects, activities and interventions related to water in the basins are, in line with the integrated water resources management process; d) perform flood protection forecasting and early warning; etc. The Ministry of Irrigation and Lowland shall have the following powers and duties: a) initiate policies, strategies and laws with respect to irrigation development, lowland and drought prone areas; b) cause the expansion of irrigation development;  c) encourage irrigation projects to be supported by innovative technolstry; Ministry of Mines; Ministry of Labor and Skill; Ministry of Planning and Development; Ministry of Innovation and Technology; Ministry of Education; Ministry of Health; and Ministry of Women and Social Affairs; among others. Part five provides for the establishment of other executives organs; these are:The Ethiopian Agricultural Authority; Ethiopian Veterinary Institute; Livestock Development Institute; Ethiopian Forest Development; Petroleum and Energy Authority; Environment Protection Authority; Ethiopian Food and Drug Authority; among others. ",public health; gender; social protection; youth; labour; tourism; agricultural development; institution; policy/planning; rural development; rural employment; sustainable development; business/industry/corporations; governance; public private partnership (PPP); capacity building; education; agricultural extension; financial agricultural measures; financing; internal trade; subsidy/incentive; labour; animal health; institution; governance; protection of environment; food security; institution; governance; forest management/forest conservation; institution; governance; land-use planning; plant protection; groundwater; inland waters; irrigation; potable water; surface water; sustainable use; water resources management; water supply; basin/catchment/watershed; hazards; early warning system; risk assessment/management; water shortage/drought; innovation; research; flood; energy conservation/energy production; governance; institution; mining
LEX-FAOC216441,https://faolex.fao.org/docs/pdf/eth216441.pdf,Pulses Transaction Council of Ministers Regulation No.377 /2016.,2016-03-04,English,Cultivated plants,Food & nutrition; Cultivated plants,,https://motri.gov.et/,Ethiopia,,,Regulation,,"This Regulation shall apply to producers and transaction actors of pulses. “Pulses” means pea beans varieties other than white pea beans, mung beans, soya beans, lentils, fava beans, chick peas, field peas, grass peas, lupine beans and the like.  Pulses transaction can happen either at primary transaction centers or Ethiopian Commodity Exchange. At primary transaction canters  pulses transactions shall be effected only between pulses producers as a seller and consumer or wholesaler or processer or retailer or supplier of pulses as a buyer. The appropriate regional organ shall, in consultation with other relevant organs mandated for transaction pulses, determine the number and distribution of primary transaction centers in pulses producing areas. The supply pulses transaction at the Ethiopia Commodity Exchange shall be effected only between producers or suppliers as a seller and pulses exporters, processors, wholesalers, consumer cooperatives as a buyer following the Exchange’s Rules. Part 3 regulates certificate of competence and obligation of pulses transaction actors (any person involved, suppliers, exporters, wholesalers, service providers, producers). The pulses transactions control is regulated under Part 4; the type and quality of pulses consigned to the Ethiopia Commodity Exchange by supplier or producer shall, be pre-inspected and sealed by a transaction and quality inspector assigned by the appropriate regional organ. the Part continues providing for duties and powers of inspector and regulate the whistleblowing process. The Regulation continues providing for prohibition and offences. ",consumer protection; authorization/permit; certification; corruption; inspection; institution; internal trade; international trade; vegetables/legumes; offences/penalties; governance
LEX-FAOC216442,https://faolex.fao.org/docs/pdf/eth216442.pdf,Customs Proclamation No. 859/2014.,2014-12-09,English,Trade,Food & nutrition; General,,https://www.2merkato.com/,Ethiopia,,,Legislation,,"This Proclamation applies in the entire territory of Ethiopia and regulates import goods, export goods, goods in transit and any goods subject to customs control including rights and obligations of persons who takes part in customs formalities. Firstly the Proclamation establishes that no person may import, export or transit prohibited goods and restricted goods unless in compliance with the requirements of the restriction. Part 2 establishes principles of custom operations, these include self-assessment, risk management, transparency and accountability, promote and support manufacturing industry and economic development, consumer protection and access to information. Part 3 concerns custom procedures, such as; good declaration forms, documents, and acceptance; custom transit and transshipment; custom procedures for clearance of goods; procedures for travelers; import and export of goods through the postal system; mean of transport for commercial use and store. Chapter seven regulates emergency relief consignment; this may include goods, vehicles and other means of transport, foodstuffs, medicaments, clothing, blankets, tents, prefabricated houses, water purifying and water storage items, and other goods of prime necessity, forwarded as aid, upon the request of the appropriate government body, to those affected by disasters. Chapter eight regulates custom warehouse procedure. Part 4 regulates custom duties and taxes; for this purpose Chapter 3 focuses on determination of country of origin. Part 5 is on obligations related to custom operations. Under the Proclamation goods means any kind of corporeal chattels and other incorporeal chattels deemed to be corporeal chattels by law including natural forces and resources of an economic value which are employed in use, and includes money; cargo means any goods imported or exported by any means of transport other than stores of means of transport for commercial use and baggage of travelers. ",international trade; authorization/permit; taxes ; inspection; transport/storage; intellectual property rights; investment; access-to-information; risk assessment/management; internal trade; fiscal and market measures; food assistance; hazards; geographical indication; food security
LEX-FAOC216444,https://faolex.fao.org/docs/pdf/eth216444.pdf,Industrial Park Proclamation No.886/2015.,2015-04-09,English,Land & soil; Private sector & entrepreneurship,Land & soil,,https://www.investethiopia.gov.et/,Ethiopia,,,Legislation,,"This Proclamation has the following objectives: 1) regulating the designation, development and operation of Industrial Park; 2) contributing towards the development of the country's technological and industrial infrastructure; 3) encouraging private sector participation m manufacturing industries and related investments; 4) enhancing the competitiveness of the country's economic development; and 51 creating ample job opportunities. The Proclamation continue providing for rights and duties of Industrial Park Developer and Park Operator, and Industrial Park Enterprise. The Proclamation provides as well for the different forms of acquisition of the industrial Park Land.  Moreover the Proclamation states that  the federal and regional environmental legislations shall apply within industrial parks and the Ministry of Environment and Forest shall establish an office within industrial parks for the application, supervision, protection and enforcement of environmental norms, standards, safeguards, management and mitigation plans within the Industrial Parks. The details regarding environmental obligations of an Industrial Park shall be specified in the Regulation. ",business/industry/corporations; land-use planning; contracts; lease; property rights; protection of environment; authorization/permit; transfer rights 
LEX-FAOC216446,https://faolex.fao.org/docs/pdf/eth216446.pdf,Industrial Parks Council of Ministers Regulations No. 417/2017.,2017-09-15,English,Land & soil; Private sector & entrepreneurship,Land & soil,,http://ecc.gov.et/,Ethiopia,,,Regulation,,"The Regulations among other things, to obtain the designation of an Industrial Park, requires the developer before commencing construction to deposit an EIA and social impact assessment of the project. The Proclamation also states that the industrial park enterprise, for the issuance of an investment permit, shall comply, in conjunction with other requirements, with the environmental impact assessment report. Section 3 concerns transfer of land and construction. ",environmental impact assessment (EIA); institution; business/industry/corporations; lease; transfer rights ; land-use planning; property rights; social impact assessment; contracts; governance
LEX-FAOC216451,https://faolex.fao.org/docs/pdf/eth216451.pdf,Commercial Registration and Licensing Council of Ministers Regulation No. 392/2016.,2016-10-28,English,Private sector & entrepreneurship,General,,http://ecc.gov.et/,Ethiopia,,,Regulation,,"The Regulations provide requirements for registration, amendment and cancellation of name of business and trade name. Part 3 regulates Business Licenses, these include sole proprietor,  Partnership and Private Limited Companies, Public Enterprises, Shared companies, etc. ",authorization/permit; certification; business/industry/corporations; public private partnership (PPP)
LEX-FAOC216454,https://faolex.fao.org/docs/pdf/eth216454.pdf,Freedom of the Mass Media and Access to Information Proclamation No. 590/2008.,2008-12-04,English,General,General,,https://www.refworld.org/,Ethiopia,,,Legislation,,"The Proclamation recognizes that freedom of the mass media is constitutionally guaranteed. Censorship in any form is prohibited. Moreover, every Ethiopian national has the right to establish a mass media and journalists have a right to organize themselves into professional associations of their choice. Part 2 regulates the right to engage in mass media activities, and provides for certificate of registration, mass media ownership and role of distributors. Part 4 concerns rights and responsibilities of the Media, Part 3 seeks to achieve the following objectives:   1) to give effect to the right of citizens to access, receive and import information held by public bodies, subject to justifiable limits based on overriding public and private interests; 2) to establish mechanisms and procedures to give effect to that right in a manner which enables persons to obtain information as quickly, inexpensively and effortlessly as is reasonably possible; and 3) to encourage and promote public participation, public empowerment , to foster a culture of transparecy, accountablity and effecincy in the functions of public bodies and to encourage and promote good governance. Firstly the Proclamation establishes that all persons have the right to seek, obtain and communicate any information held by public bodies, except as expressly provided for by this Proclamation. Moreover establishes a duty on any public body to publish information concerning: its organizational structure, main duties and responsibilities; the power and responsibilities of the officials as well as decision-making procedures; description of the services it provides for the public; complaint hearing mechanism available; type of the records under its possession; description of its regulations, directives, policies, guidelines and manuals, which govern the operation and activities of its various organs, and of the employees of the organization; the name and address of the public relation officer; and other particulars. Regulation 14 provides details on requests to obtain information. Regulations 16 and 18 concern information on third party, how to obtain and confidentiality measures. ",basic legislation; access-to-information; certification; corruption; economic/social/cultural rights; governance; human rights; institution
LEX-FAOC216457,https://faolex.fao.org/docs/pdf/eth216457.pdf,Disclosure of  Information for Public Interest Council of Ministers Regulation No. 405/2017.,2017-05-26,English,General,Environment; General,,http://ecc.gov.et/,Ethiopia,,,Regulation,,"These Regulations provide  for the disclosure of information in the interest of the public. It outlines channels for public interest disclosure, including disclosure to heads of public bodies and concerned public bodies, as well as to the mass media. The Regulation also specifies the duties and responsibilities of those who receive public interest disclosures, including registering the information, keeping records confidential, and conducting investigations.  Public interest disclosure shall be made to the  following concerned officials of the public bodies: 1) if the disclosure is related to the health or safety of  an individual or the public, to the Minister of  Health; 2) if the disclosure is related to the well-being of the  environment, to the Minister of the Environment,  Forest Development and Climate Change; 3) if the disclosure is related to any other serious  danger, to the head of the appropriate public body. ",access-to-information; corruption; human rights; public health; risk assessment/management; legal proceedings/administrative proceedings; protection of environment
LEX-FAOC216470,https://faolex.fao.org/docs/pdf/eth216470.pdf,Council of Ministers Investment Incentive Regulation No. 517/2022.,2022-07-12,English,Private sector & entrepreneurship,Agricultural & rural dev.; Livestock; Food & nutrition; Mineral resources; Cultivated plants; Waste & hazardous substances; General,,http://ecc.gov.et/,Ethiopia,,,Regulation,,"The provisions of this Regulation shall apply to Income Tax and Duty incentives granted to encourage  investment in sectors eligible for incentives. Income tax exceptions are disciplined under Part 2 and they can be granted for new investments, expansion or upgrading of existing investment, and for investors exporting products or services. Part 3 regulates custom duty exemptions. Part 4 concerns incentives for mining petroleum and geothermal works. Part six, miscellaneous, provides for revocation of exceptions and penalties. Under the schedule are listed the investment areas and income tax incentives, these include food Industry,  beverage industry, wood products industry, chemical and chemical products industry (including fertilizers, pesticide, plastic), plastic product industry, agricultural development (annual crop production). ",public health; agricultural development; crops ; cereals/grains/rice; agricultural commodities; animal feed/feedstuffs; animal production; apiculture/sericulture; beverages; coffee/cocoa/tea; fish products; vegetables/legumes; meat; milk/dairy products; cereals/grains/rice; sugar; subsidy/incentive; taxes ; agricultural commodities; fertilizers/nutrients; pesticides; plant production; plant protection; oil; plastic
LEX-FAOC216473,https://faolex.fao.org/docs/pdf/eth216473.pdf,Investment Regulation No. 474/2020.,2020-09-02,English,Private sector & entrepreneurship,Agricultural & rural dev.; Livestock; Energy; Food & nutrition; Forestry; Mineral resources; General,,http://ecc.gov.et/,Ethiopia,,,Regulation,,"Part 2 regulates investment areas, these are: investment Areas Reserved for Joint Investment with the Government (among others import and export of electrical energy) Reserved for Domestic Investors (include transmission and distribution of electrical energy; health services; wholesale trade of petroleum   and petroleum products; export trade of raw coffee, khat, oil seeds, pulses, minerals, hides and skins, products of natural forest, chicken, and livestock including pack animals bought on the market; food retailers; making indigenous traditional medicines; bakery products; grinding mills. Part 3 and 4 concerns investment permit producers. Part 7 provides for training of and Transfer of knowledge and Skill to Ethiopian Employees. ",authorization/permit; capacity building; internal trade; business/industry/corporations; financial agricultural measures; cereals/grains/rice; agricultural commodities; crops ; animal production; international trade; credit; financing; subsidy/incentive; vegetables/legumes; vending; oils/oilseeds/fats; coffee/cocoa/tea; beverages; agricultural commodities; internal trade; non-wood forest products ; timber extraction/logging; forest management/forest conservation; energy conservation/energy production; public private partnership (PPP); natural gas; oil
LEX-FAOC216490,https://faolex.fao.org/docs/pdf/eth216490.pdf,Ethiopian Horticulture and Agricultural Investment Authority Establishment Council of Ministers Regulation No. 396/2017.,2017-01-24,English,Agricultural & rural development,Agricultural & rural dev.; Food & nutrition; Forestry; Land & soil,,,Ethiopia,,,Regulation,,"The Regulation repeals Regulation No.152/2008 and updates objectives, functions and powers of the Ethiopian Horticulture and Agricultural Investment Authority.  The Authority has the following main objectives: 1) in collaboration with regional states study and identify agricultural investment lands suitable for the production of horticulture, commercial farms, livestocks and commercial plantation forest facilitate supply of investment land and provide suitability documents, make those documents accessible to the users/investors and support transfer of land; 2) provide comprehensive supports to agricultural investors and ensure maximum utilization of investment land transferred and enhance production and productivity to strengthen adequate supply raw materials to the industry and enhance foreign earnings from horticulture products; 3) In collaboration with the relevant bodies; facilitate and integrate logistic services and alternative new market destinations and encourage horticulture export, supply of raw material demand for agro-industries and growth foreign Currency . ",agricultural land; agricultural development; institution; credit; financing; subsidy/incentive; internal trade; international trade; investment; contract farming; youth; farming; governance; food safety and quality; forest management/forest conservation; land-use planning
LEX-FAOC216492,https://faolex.fao.org/docs/pdf/eth216492.pdf,Functioning of Ethics Liaison Units Council of Ministers Regulation No. 144/2008.,2008-02-01,English,General,General,,http://ecc.gov.et/,Ethiopia,,,Regulation,,"The Regulation establishes the Ethics liaison Units with the objectives to: 1) endeavor to create public employees who do not condone corruption by promoting ethics and anticorruption education, work discipline, professional ethics, consciousness of serving the public and sense of duty among employees: 2) prevent corruption and impropriety in public offices and public enterprises; 3) endeavor to cause acts of corruption and impropriety be exposed and investigated and appropriate actions are taken against the perpetrators. The Regulation continues providing for functions, powers, role and responsibilities of the Ethics Officer, condition of work, relationship with  Federal Ethics and Anticorruption Commission ",corruption; institution; governance; procedural matters; enforcement/compliance; offences/penalties
LEX-FAOC216496,https://faolex.fao.org/docs/pdf/eth216496.pdf,Ethiopian  Biodiversity Institute Establishment Council of  Ministers Regulation No. 291/2013.,2013-07-24,English,Wild species & ecosystems,Wild species & ecosystems,,https://www.ebi.gov.et/,Ethiopia,,,Regulation,,"The Regulation establishes the Ethiopian Biodiversity Institute as  an autonomous federal government! organ  having its own legal personality. The objectives of the Institute shall be to ensure that  the country’s biodiversity and the associated  community knowledge are properly conserved and  sustainably utilized, and the country and its  communities get fair and equitable share of the  benefits arising from their utilization. The Institute shall have the powers and duties to:  initiate policy and legal proposals on the  conservation and sustainable utilization of the  country’s biodiversity; survey and explore the diversity and distribution of the country’s plant, animal and microbial genetic resources;  based on ecosystem approach, survey, explore  and study key biodiversity hotspots;  study and identify localities where biodiversity  resources have been depleted and restore or  facilitate the restoration of the lost species; encouraging the traditional system of exchange of species;  issue access permit, negotiate and enter into  access agreements in accordance with the  access law, and follow up heir implementation; ensure implementation of international commitments; ",biodiversity; ecosystem conservation; equity; ex-situ conservation; monitoring; policy/planning; protection of environment; protection of habitats; protection of species; data collection/reporting; traditional knowledge/indigenous knowledge; community management; education; international cooperation; authorization/permit; right of use
LEX-FAOC216552,https://faolex.fao.org/docs/pdf/eth216552.pdf,Addis Ababa Climate Action Plan (2021-2025).,,English,Climate change,Agricultural & rural dev.; Air & atmosphere; Energy; Environment; Food & nutrition; Land & soil; Water; Wild species & ecosystems; Waste & hazardous substances; General,,https://addisenviroment.gov.et/,Ethiopia,,Addis Ababa,Policy,,"Addis Ababa Climate Action Plan (2021-2025) (CAP) has as vision to make the city carbon neutral and resilient to climate change, and set out a ‘green path’ that safeguards resources for future generations. The CAP identifies city-specific actions in relation to both climate change adaptation and mitigation; sets targets on how to achieve transformational change in the city by the years 2030, 2040 and 2050; documents the potential emissions reductions that could be achieved by implementing these actions by sector; provides strategic guidance to the Addis Ababa City Administration (AACA), as well as other relevant institutions and departments, on priority interventions; and; explains the wider co-benefits for human society and the natural environment that are associated with climate change. The CAP is organized in 8 Sections. Section 1 presents the vision and intention of the CAP; Section 2 describes the context for climate action in Addis Ababa; Section 3 summarizes the key pieces of strategic technical evidence that were used as the baseline to inform the CAP development; Section 4 sets out the goals and targets that Addis Ababa has set for climate change mitigation and climate change adaptation, based on future projections of emissions and climate impacts and the need for ambitious action;  Section 5 presents a holistic ‘Climate Action Roadmap’ for the key climate mitigation and adaptation sectors, setting out details of the prioritized actions and how they may be implemented Section 6 describes the implementation strategy for the CAP, including the current system of climate change governance in Addis Ababa and how this will be utilized and strengthened in order to successfully implement the CAP, and the human resource and financing plan Section 7 outlines the proposed approach to monitoring, evaluation and reporting of CAP actions and targets Finally, Section 8 addresses the challenges posed by the global COVID-19 pandemic, and how this links with climate action to ensure a ‘green recovery’. The prioritized mitigation and adaptation actions include: campaign o promote Waste Hierarchy; construct composting facilities; enhance sewage/wastewater treatment system; enhance landfill management and install gas capture facilities; improve public transport networks; increase/diversify renewables in electricity generation; upgrade street lighting; require new development permitting to account for increasing resilience to flood, drought and extreme temperatures; increase green vegetated buffers between urban settlement and hazardous areas prone to flooding, landslide and subsidence; rehabilitate deforested areas/water sheds to reduce soil erosion, enhance biodiversity and offer better ecosystem resilience; provide water for irrigation of nature and greenspaces during heatwaves and droughts; technical and capacity building activities for urban agriculture farmers; improve water security through rainwater harvesting and irrigation management for urban agriculture; improve access to, and quality of, wastewater and sanitation infrastructure Action; river basin and watershed management to protect both hydropower potential and water resources; protecting rivers from solid waste, debris and harmful diffuse / pollution discharges; efficient wastewater treatment and stormwater management ; accelerate urgently required water supply. ",coronavirus disease (COVID-19); monitoring; public health; agricultural development; capacity building; agricultural extension; urban and peri-urban agriculture; climate change; hygiene/sanitary procedures; food security; food safety and quality; afforestation/reforestation; erosion; soil rehabilitation; water shortage/drought; flood; potable water; water supply; effluent waste water/discharge; irrigation; rainwater; waterworks; basin/catchment/watershed; freshwater pollution; surface water; sustainable use; pollution control; inland waters; hazards; ecosystem conservation; biodiversity; climate change; air quality/air pollution; hazards; early warning system; emissions; pollution control; risk assessment/management; emissions trading; energy conservation/energy production; renewable energy; biofuel; public procurement; hydropower generation; organic waste; recycling/reuse; waste disposal; waste management; waste prevention
LEX-FAOC107524,https://faolex.fao.org/docs/pdf/eth107524.pdf,Directive No. 04/2009 issued to determine the Requirements for the Transport of Modified Organisms.,,English,Environment,Livestock; Environment; Cultivated plants,,,Ethiopia,,,Regulation,,"This Directive concerns the air or land transport or howsoever otherwise moving from one place to another of any modified organism. In order to be engaged in the transport of modified organisms, a driver shall be licensed by the competent licensing agency and certified by the Environmental Protection Authority of the Federal Democratic Republic of Ethiopia. The competent licensing agency shall only issue a license once the driver has satisfactorily passed an established training programme and may limit the number of licensed drivers. The competent licensing agency shall carry out inspection of drivers and vehicles to ensure compliance with permit conditions. ",animal health; biosecurity; biosafety; genetically modified organism (GMO); transport/storage; authorization/permit; plant production; seeds/planting material
LEX-FAOC216558,https://faolex.fao.org/docs/pdf/eth216558.pdf,Ethiopia’s Overseas Employment Proclamation No. 923/2016.,2016-02-19,English; Amharic,Employment,General,,www.hopr.gov.et,Ethiopia,,,Legislation,,"This Proclamation shall apply to overseas employment relation of Ethiopians’ conducted by public employment organs, through Agency or on direct employment; Ethiopians travelling to abroad to engage in overseas contracts of house maid service for non-profit making purposes. Part 2 concerns public employment exchange service; deployment of workers for overseas employment in accordance with this Proclamation shall be effected only if there is a bilateral agreement concluded between the Federal Democratic Republic of Ethiopian and the receiving country. No employer shall directly recruit and employ a worker except through the Ministry or an Agency. The Part also establish educational level and occupational competence standards, and medical examination requirements. Part 3 provides for the condition of work; the Ministry may issue directive on working condition regarding prevailing overseas labor market and social services. The Ministry shall prepare model contract of employment, but the Parties to overseas employment contract are at liberty, to stipulate other terms, conditions and benefits that are not provided for in the model contract if it is more beneficial to the worker than the minimum set in the model contract. Part 4 concerns overseas employment exchange service throughout an agency (licensing system). ",contracts; equity; inspection; labour
LEX-FAOC216559,https://faolex.fao.org/docs/pdf/eth216559.pdf,Traditional medicinal products Manufacturing Certificate of Competence and Market Authorization Directive No. 957/2022.,,English; Amharic,Health,Cultivated plants; General,,https://www.ilo.org/,Ethiopia,,,Regulation,,"This Directive is applicable to traditional medicinal products produced in the country at semi-industrial or industrial level according to good manufacturing practice, which have gone through pre-clinical research and clinical trial procedures. Traditional medicinal product means any finished, labeled traditional medicinal product, containing active ingredients from natural sources (plant, animal or mineral) applicable for the human health use. Good production practice (GMP) means a practice that is a part of the quality assurance system and ensures that the traditional medicinal product is manufactured in a consistent manner in accordance with the required quality standards and market licensing and product quality standards for the intended purpose Any manufacturer of traditional medicinal products shall get a certificate of competence from the Authority and must produce traditional medicinal product following the good manufacturing practice. Part 2 provides for the discipline of application to get Certificate of Competence (request to submit to authorized Medicine Facility Inspection Directorate) and requirements including manufacturing premises, manufacturing plant water system, materials, documentation, professionals. The Part also disciplines complains, product recalls. Part 3 concerns application for registration of traditional medicinal products and clarifies conditions for registration, product packaging and labeling, quality testing, etc. Part 4 is clinical trials. Part 5 . Post approval inspection, storage, transportation and distribution. Part 6 revocation and suspension of licenses. Part 7 Advertising, Promotion and Sponsorship of Traditional medicinal products. ",public health; consumer protection; equipment; medicinal plants; fraud; authorization/permit; certification; good practices; packaging/labelling; registration; transport/storage; traditional knowledge/indigenous knowledge; inspection; monitoring; data collection/reporting
LEX-FAOC216561,https://faolex.fao.org/docs/pdf/eth216561.pdf,Food Supplement Directive No. 333/2020.,,English,Food & nutrition,Food & nutrition,,http://www.fmhaca.gov.et/,Ethiopia,,,Regulation,,"This Directive is applicable on import, export and wholesale of food supplement in Ethiopia. The objective is to: 1) Protect the public from health risks emerging out of unsafe and poor quality of food supplement; and 2) Protect the public from misleading practices in food supplement trade.  “Food supplement” means a concentrated source of vitamin, mineral, amino acid, or other substance with nutritional or physiological effect, alone or in combination; prepared in dosage form and intended to supplement the normal diet. In order to introduce food supplement in the Ethiopian market, the Authority shall register it after checking compliance with requirements provided by Article 6 (Administrative documents for registration),Art. 7 (Technical documents), Art. 8 (Packaging and labelling requirements for finished product) and Article 9 (Notification of variation, validity of registration and requirement for reregistration). Any person who wants to import, export, wholesale or distribution a food supplement under this directive shall apply for a certificate of competence; Part 3 establishes minimum requirements in relation to location, building materials and work force. Part 4 regulates product import, export and wholesale. ",legal proceedings/administrative proceedings; certification; equipment; food safety and quality; fraud; international trade; packaging/labelling; nutrition; registration; transport/storage; internal trade; public health; risk assessment/management
LEX-FAOC216562,https://faolex.fao.org/docs/pdf/eth216562.pdf,Infant Formula and Follow-up Formula Directive No.335/2020.,,English,Food & nutrition,Food & nutrition,,http://www.fmhaca.gov.et/,Ethiopia,,,Regulation,,"This Directive is applicable on all import, export, and wholesale trade of infant formula, special formula, and follow-up formula. The objectives of this Directive are to: 1) protect infants and young children from health risks emerging out of unsafe or poor quality this products; 2) take regulatory measures in safeguarding breast feeding; and 3) control the packaging, labeling information and advertisement of regulated products under this directive. “Infant formula” means breast milk substitute formulated industrially in accordance with applicable standards to satisfy the normal nutritional requirements of infants up to six months of age and adapted to their physiological characteristics. Any product regulated under this directive and to be marketed in Ethiopia shall be registered by the Authority after satisfying requirements provided under Article 7 to Article 10. Art. 7 (Administrative documents for registration), Art. 8 (Technical documents), Art. 9 (Packaging and labelling requirements for finished product) and Article 10 (Quality analysis result). Any person who wants to import, export, wholesale or distribution a food supplement under this directive shall apply for a certificate of competence; Part 3 establishes minimum requirements in relation to location, building materials and work force. Part 4 regulates product import, export and wholesale. ",legal proceedings/administrative proceedings; certification; equipment; food safety and quality; fraud; international trade; packaging/labelling; nutrition; registration; transport/storage; internal trade; public health; risk assessment/management; social protection; youth; breastfeeding/infant food; special dietary uses
LEX-FAOC216563,https://faolex.fao.org/docs/pdf/eth216563.pdf,Baby Food Control Directive No.840/2021.,,English; Amharic,Food & nutrition,Food & nutrition,,http://www.fmhaca.gov.et/,Ethiopia,,,Regulation,,"This Directive shall be applicable on all manufactured locally, imported and exported baby foods. “Baby food” means any food that is processes and suitable or represented as suitable for infants and young children which include infant formula, follow-up formula special formula, growing up formula, young child formula complimentary food ready-to-use therapeutic food. Any baby food regulated under this directive shall be registered first by the Authority. The Directive continues providing certification content, administrative and technical documents, packaging and labelling requirements, onsite inspection conditions. Variation and re-registration are regulated under Part 3. Any person who wants to manufacture, import, export, wholesale of a baby food product under this directive must have a certificate of competence (regulated under Part 4). Part 5 contains packaging and labelling requirements for baby food product; Part 6 Advertisement and Promotion of baby food. ",legal proceedings/administrative proceedings; certification; equipment; food safety and quality; fraud; international trade; packaging/labelling; nutrition; registration; transport/storage; internal trade; public health; risk assessment/management; social protection; youth; special dietary uses; inspection; breastfeeding/infant food
LEX-FAOC107525,https://faolex.fao.org/docs/pdf/eth107525.pdf,Directive No. 05/2009 issued to determine the storing and processing of modified organisms.,,English,Environment,Livestock; Environment; Cultivated plants,,,Ethiopia,,,Regulation,,This Directive sets out rules for the storing and processing of modified organisms so as to avoid any harm to human or animal health or the environment. Only licensed and registered facilities shall store or process any modified organism. The licensing and registration of premises for the storage and processing of modified organisms shall be done by the Environmental Protection Authority of the Federal Democratic Republic of Ethiopia. After inspection of premises the Authority may issue an advance informed agreement with or without conditions. ,animal health; biosecurity; biosafety; genetically modified organism (GMO); transport/storage; registration; plant production; seeds/planting material
LEX-FAOC216614,https://faolex.fao.org/docs/pdf/eth216614.pdf,Plant Breeder's Right Proclamation No. 1068/2017.,,English; Amharic,Cultivated plants,Agricultural & rural dev.; Food & nutrition; Cultivated plants,,www.hopr.gov.et,Ethiopia,,,Legislation,,"This Proclamation shall apply to all genera and species of plants throughout the country, except those genera and species of plants excluded by the directives of the Ministry. Part 2 provides criteria  for protection of plant variety, these are: distinct in one or more identifiable characteristics from any other variety; uniform with regard to its particular features of sexual reproduction or vegetative propagation, sufficiently homogenous or a well-defined multiline; stable in its distinctive characteristics after repeated reproduction or multiplication cycles; and new, in that, prior to the date of application, the seed or harvested material had not been available on the commercial marketing for more than one year in the territory of Ethiopia; or more than six years for varieties of trees or vines, or more than four years for any other species in the territory of any other state. Subject to the exemptions and restrictions provided for in this Proclamation, a plant breeder’s right gives the holder the exclusive right to: a) sell or give permission to other persons to sell and b) produce or give permission to other persons to produce for market, the protected seed or the propagating material of the protected variety. Duration, eligibility, exemptions and also use of denomination are regulated. The Proclamation considers as well specific and distinct rights for farmers’ or pastoral communities: 1) small holder farmers or pastoral community shall have the right to save, use, exchange and sell farm-saved seed of any variety on the non-commercial marketing; 2) any farmer or pastoral community shall have the right to save and use farm-saved seed of any variety of food crops and other species that directly supporting his livelihoods. Compulsory Licensing is granted when the holder is not producing and selling the seed of the protected variety in sufficient amount to meet the needs of the general public and has refused to license other persons to produce and sell the seed of the protected variety or is not willing to give such license under reasonable terms and the Ministry considers necessary the licensing to safeguard public interest, national food security or public health. Administration of the plant breeder's right falls on the Minister, Part 3 regulates application procedure. determination, granting. Part 4 Transfer of Right, surrender, revocation, etc. Part 5 contains infringement of right, claims, judicial remedies. Part 6 establishes that any person who infringes a plant breeders' right shall be subject to criminal liabilities. ",farmers' rights; pastoralism; resource/damage valuation; traditional rights/customary rights; animal production; food security; basic legislation; plant variety; access-to-justice; authorization/permit; farmers' rights; fraud; genetic resources; innovation; offences/penalties; smallholders/peasants; plant production; plant protection; public health; traditional knowledge/indigenous knowledge; registration
LEX-FAOC216615,https://faolex.fao.org/docs/pdf/eth216615.pdf,Maritime Labour by the International Labour Convention Ratification Proclamation No. 1063/2017.,,English; Amharic,Sea; Employment,Sea,,,Ethiopia,,,Legislation,,The Maritime Labour Convention adopted by the International Labour Conference of the International Labour Organization at Geneva; Switzerland On 23rd February 2006 is hereby ratified. ,labour; procedural matters; ratification; social protection
LEX-FAOC216616,https://faolex.fao.org/docs/pdf/eth216616.pdf,African Union Convention (Kampala Convention) for the Protection and Assistance of Internally Displaced Persons in Africa Ratification Proclamation No. 1187/2020.,,English; Amharic,Social protection,General,,https://www.hopr.gov.et,Ethiopia,,,Legislation,,"Through this Proclamation Ethiopia ratifies the. African Union Convention for the Protection and Assistance of Internally Displaced Persons in Africa signed by the Federal Democratic Republic of Ethiopia on 22 October 2009. The Federal Democratic Republic of Ethiopia entered reservations on the following provisions of the Convention: 1) Article 12 (2) of the Convention. Compensation is due when displacement results from expropriation procedures. The duty of the state in the case of displacement due to natural and man-made causes is seen within the purview of providing assistance as provided under article 89 of the Constitution and ensuring rehabilitation. 2) In the event of non- delivery of assistance to displaced populations due to the act or omission of individuals or entities that act in contravention with the law, the Government of Ethiopia understands its obligation under Article 12(3) of the Convention to be the obligation to ensure accountability of the perpetrators and resumption of assistance to the victims. 3) The Federal Democratic Republic of Ethiopia does not consider itself to be bound by Article 22 of the Convention on the jurisdiction of the African Court of Justice and Human Rights. ",hazards; governance; international cooperation; migration; ratification; social protection
LEX-FAOC216617,https://faolex.fao.org/docs/pdf/eth216617.pdf,National Bio-safety Advisory Committee Establishment Council of Ministers Regulation No. 411/2017.,,English; Amharic,Environment,Environment,,https://www.epa.gov.et/,Ethiopia,,,Regulation,,"The National Bio-safety Advisory Committee (in this Regulation to be referred as the “Committee”) is hereby established. The Committee is accountable to the Minister and the objective of the Committee shall be to advise the Government on issues related to bio-safety, these include: transactions of genetically modified organisms; the issues of national policies and laws of bio-safety; identifying effective methods to create public awareness regarding transactions of genetically modified organisms; on any other matters related to bio-safety. The Regulation establishes as well the the Secretariat of the National Bio-safety Advisory Committee under the Ministry with the functions: organize and submit any bio-safety requests made to the committee; submit the recommendation of the Committee to the Minister; prepare and submit performance report of the Committee to the Minister. ",institution; biosafety; genetically modified organism (GMO); biotechnology; policy/planning; risk assessment/management; monitoring; data collection/reporting; governance
LEX-FAOC216619,https://faolex.fao.org/docs/pdf/eth216619.pdf,Biosafety (Amendment) Proclamation No.896 /2015.,,English; Amharic,Environment,Livestock; Environment,,https://epa.gov.et/,Ethiopia,,,Legislation,,"This Proclamation (the Amending Proclamation) amends the Biosafety Proclamation No. 655/2009 (main Proclamation) in several articles. Sub-articles (1), (4), (6), (9), (12), (17) and  (18) of Article 2 are deleted and replaced; sub-articles (19), (20), (21) and (22) are added after sub-article (18) of Article 2 of the Proclamation and the existing sub-articles (19) and (20) are re-numbered as sub-articles (23) and (24). These amendments entail that several definitions from the main Proclamation have changed (modified organism, contained use, advance informed agreement, etc.) and new concepts added (modern biotechnology, special permit). 'Modern biotechnology’ means the application of: a) In vitro nucleic acid techniques, including recombinant deoxyribonuclic acid and direct injection of nucleic acid into cells or organelles; b) fusion of cells beyond the taxonomic family; that overcome natural physiological, reproductive or recombination barriers and that are not techniques used in traditional breeding and selection. Moreover the Amending Proclamation changes the objective of the Main Proclamation (new Article 4) to: 1) to protect human and animal health, biological diversity and in general, the environment, local communities and the country at large by preventing or at least managing down the adverse effects of modified organisms to levels of insignificance; and 2) enhance access to and transfer of technologies, including modern biotechnology, that serve for conservation and sustainable use of biological diversity. A new discipline for advance inform agreement is contained in a new Art. 5, same is for a new discipline for special permit (new Art. 6). ‘special permit’ means a written permit granted by the Ministry for importation of a modified organism for contained use in research or teaching but not for release into the environment in accordance with this Proclamation. Article 9 of the Proclamation is deleted and replaced by  new Article 9 that regulates Importation of Modified Organisms; importation of any modified organism without obtaining an advance informed agreement or a special permit is prohibited. A new Art. 17 contains validity period of advance informed agreement and special permit. A new Artt. 22 and 23 establish the National Biosafety Advisory Committee, accountable to the Minister, and a Grievance Hearing procedure and Committee. ",animal health; biosafety; genetic resources; basic legislation; authorization/permit; biosafety; biosecurity; biotechnology; genetically modified organism (GMO); innovation; institution; research; risk assessment/management; biodiversity; governance
LEX-FAOC216620,https://faolex.fao.org/docs/pdf/eth216620.pdf,Directive to Determine the Content of an Application for Undertaking Transaction Involving Deliberate Release of Modified Organisms No. 08 /2018.,2018-01-16,English; Amharic,Environment,Livestock; Environment; Food & nutrition; General,,https://www.epa.gov.et/,Ethiopia,,,Regulation,,"This Directive is applicable to an application submitted to engage in transaction for introduction into the environment of any modified organism for which no specific containment measures are used to limit their contact with the environment. The Directive clarifies: general information that the application for undertaking transactions involving deliberate release of modified organisms shall contain; information of donor, recipient and the modified organism (Part 2) and information relating to the receiving environment and interaction between the modified organism and the receiving environment (Part 3; such as survival, multiplication, dispersal and trait expression; potential environmental impacts), and additional information required (where the transaction relates to the placing of modified organism as food on the market; or placing of the modified organism as feed; or package containing the modified organism). ",drugs; animal feed/feedstuffs; access-to-information; genetically modified organism (GMO); protection of environment; risk assessment/management; antimicrobial resistance (AMR); biotechnology; biosafety; food safety and quality; novel food; toxicity/poisoning; nutrition
LEX-FAOC216621,https://faolex.fao.org/docs/pdf/eth216621.pdf,Lead in  Paint Control Council of Ministers Regulation  No. 429/2018.,,English; Amharic,Environment,Waste & hazardous substances,,,Ethiopia,,,Regulation,,"This Regulation apply to any person who  engages in manufacturing, importing,  wholesaling, distributing and  in exporting, retailing of paints and products that use lead in paint as an input. Part 2 provides for concentration of lead in paint, labelling and certificate for conformity. Part 3 regulates disposal of lead paint and safety measure to safeguard the health and safety measures of the workers. ",hazardous substances; hazardous waste; labour; waste disposal; packaging/labelling; waste management; international trade; internal trade
LEX-FAOC216623,https://faolex.fao.org/docs/pdf/eth216623.pdf,Electrical and Electronic Waste Management and Disposal Council of Ministers Regulation  No. 425 /2018.,,English; Amharic,Environment,Waste & hazardous substances,,https://www.epa.gov.et/,Ethiopia,,,Regulation,,"This Regulation shall apply to producers, distributers, retailers, importers, transporters, collection centers, furbishers, dismantlers, recyclers and consumers electrical and electronic equipment listed under Annex 1 of this Regulation and any other appliance that be added to the list by the Ministry in a Directive issue under this Regulation. Firstly the Regulation provides a hierarchy of Waste Management, then in order to reduce sources of electrical and electronic waste generation and to strengthen the reuse refurbishing and recycling of electrical and electronic waste, the Regulation extend to any electrical and electronic equipment producer, wholesaler, retailer or importer a producer responsibility. Management responsibility and for disposal is also recognized on the consumer. To collect, dismantle, refurbish or reuse electrical and electronic waste is required a certificate of competence to be issued by the Minister. Labelling requirements are also provided. Other provisions concern disposal, treatment and management before recycling and sorting and temporary storage of waste. ",authorization/permit; certification; liability/compensation; business/industry/corporations; packaging/labelling; offences/penalties; recycling/reuse; transport/storage; waste disposal; waste management; waste prevention
LEX-FAOC216691,https://faolex.fao.org/docs/pdf/eth216691.pdf,Directive on Risk Assessment Parameters for  Modified Organisms No. 05/ 2018”,,English; Amharic,Livestock; Cultivated plants,Agricultural & rural dev.; Livestock; Cultivated plants; Wild species & ecosystems; General,,https://www.epa.gov.et/,Ethiopia,,,Regulation,,"This Directive shall be applicable for any transaction of modified organism that has yet  not been given an advance informed agreement or special permit by the ministry. Moreover the Directive establishes that any person who engages in any transaction of modified organisms shall carry out  a risk assessment to evaluate possible harm to human or animal health and the  environment prior to any activity; the extent of data or information required may vary depending on whether the  transaction is for deliberate release or contained use; upon decision making, the Ministry shall take into account inclusion of socio-economic considerations.  Part 2 of the Directive provides requirements for the information that shall be presented in relation to: characteristics of donor and recipient or parental organisms; characteristics of the vector, promoter, terminator and marker genes; characteristics of modified organism; information on modified organisms with respect to safety considerations for  human and animal health; information on modified organisms with respect to environmental  considerations; essential information related to anticipated socio-economic impacts such as on  sustainable agriculture, employment, market opportunities and, in general, conserving  and/or enhancing means of livelihood of the communities likely to be affected. ",public health; agricultural development; animal health; genetic resources; genetically modified organism (GMO); biosafety; risk assessment/management; environmental impact assessment (EIA); social impact assessment; plant protection; ecosystem conservation; protection of habitats; biodiversity
LEX-FAOC216694,https://faolex.fao.org/docs/pdf/eth216694.pdf,Directive Issued to Establish Procedures for the Management of  Risks from any Transaction Involving Modified Organisms No. 06/2018”,,English; Amharic,Livestock,Livestock; Cultivated plants,,https://www.epa.gov.et/,Ethiopia,,,Regulation,,"This Directive shall apply to manage any unforeseen risk arising from deliberate and  unintentional release during making, use in teaching, research, import, export, transit, contained production, transport, storage, processing and putting in the market of any modified organisms. In this directive the Risk arising from  unintentional release includes, inter alia; 1) Spillage from storage or transportation,  2) release out of Human error; 3) Release out of force majeure. Firstly the Directive establishes that the ministry before recommending an application for approval for any transaction, must make sure that the application contains; a. An emergency plan which includes information on safety measures and  procedures to be adopted and, b. Mechanisms through which the information shall be made available to the persons likely to be affected by the transaction.  The Minister shall establish an Emergency Response Group in order to respond to any emergency cases related to the transaction of modified organism.  Where there is an emergency related to transaction of modified organisms, the  applicant within twenty-four hours must  inform the Emergency Response Group about the emergency providing certain prescribed information. The applicant also in case of Emergency shall following certain prescribed Risk  Management approaches. ",genetic resources; genetically modified organism (GMO); biosafety; risk assessment/management; early warning system; hazards; authorization/permit; institution; governance; genetically modified organism (GMO); biotechnology
LEX-FAOC216695,https://faolex.fao.org/docs/pdf/eth216695.pdf,Public Private Partnership Proclamation (Amendment) Proclamation No. 1283/2023.,,English; Amharic,Private sector & entrepreneurship,General,,https://www.mofed.gov.et/,Ethiopia,,,Legislation,,"This Proclamation adds a new discipline for direct negotiations. A new sub-article 2(19) provides for the definition: Direct Negotiation” means a selection of  private party or private parties for direct  negotiations to engage in development and  implementation of infrastructure or public  service projects initiated by the private party, contracting authority or Public Private  Partnership Directorate General. A new Art. 8 identifies the members of the Board and establishes that the Board may permit the implementation of a project proposal through direct negotiations if it is believed to benefit the public interest and ensure quick financing. The Proclamation provides as well for the minimum requirements to meet when a Public Private or a consortium of Private Party  propose to implement a Public Private  Partnership project by direct negotiation; these include: A certificate of incorporation evidencing that the  Private Party is duly incorporated and registered  as a company; The project proposed; financials; etc. The Proclamation continues prescribing conditions for the feasibility study, approval process, negotiations, and other aspects connected to the approval of the project. ",public private partnership (PPP); contracts; institution; business/industry/corporations; governance
LEX-FAOC216697,https://faolex.fao.org/docs/pdf/eth216697.pdf,Addis Ababa City Government Land Holding Registration and Information Agency Re-establishment Proclamation No.45/2015.,,English; Amharic,Land & soil,Land & soil,,https://www.mofed.gov.et/,Ethiopia,,Addis Ababa,Legislation,,"The Proclamation is applicable to any landholding within the boundary of Addis Ababa City government. The Addis Ababa City Government Land Holding Registration and Information Agency is re-established as autonomous agency, directed by the Board and accountable to the Mayor.  The objectives of the Agency are: adjudicate all the parcels and ensure efficient Cadastre Information system; maintain efficient, reliable and transparent land holding registration service  to support land use planning and property valuation. The Proclamation continues providing details on the organization of the Agency, powers, functions, appointment of members, financing, etc. ",institution; cadastre/land registration; land subdivision; land-use planning; land valuation; governance
LEX-FAOC216698,https://faolex.fao.org/docs/pdf/eth216698.pdf,Commercial Registration-and Business Licensing (amendment) Proclamation No. 150/2019.,,English; Amharic,Private sector & entrepreneurship,General,,https://www.mofed.gov.et/,Ethiopia,,,Legislation,,The Proclamation amends the Proclamation No. 980/2016 in several sections; firstly provides a new definition for “business person” defined as any person who professionally and for gain carries on any of the activities specified in the commercial code and the Ethiopian Business Licensing Categories. Under the Proclamation the Ethiopian Business Licensing  Categories Directive means a directive of national application issued by the ministry providing for a list and types of commercial activities for which business licenses are issued in Ethiopia. Further changes are made to the discipline of registration of trade name (Part 3 if the main Proclamation). ,authorization/permit; business/industry/corporations; registration
LEX-FAOC216699,https://faolex.fao.org/docs/pdf/eth216699.pdf,Council of Ministers Commercial Registration and Licensing (Amendment) Regulation No. 461 /2020.,,English; Amharic,Private sector & entrepreneurship,General,,https://www.mofed.gov.et/,Ethiopia,,,Regulation,,The Regulation amends Regulation No. 392/2016 in several articles. For instance changes are made to: situations when is made a request for an amendment of a company name; information needed when the applicant is a foreign national; commercial registration of a sole business made via an agent through a power of attorney; etc. Art. 21 of the Regulation 392/2016 is replaced by a new article with a new discipline for Similarly Art. 41 is replaced by a new discipline for cancellation of the special Certificate of Registration. ,business/industry/corporations; certification; registration
LEX-FAOC216700,https://faolex.fao.org/docs/pdf/eth216700.pdf,Movable Property Security Right Proclamation No. 1147/2019.,,English; Amharic,Private sector & entrepreneurship,Agricultural & rural dev.; Land & soil; General,,https://www.mofed.gov.et/,Ethiopia,,,Legislation,,"This Proclamation shall apply to rights in  movable property created by agreement that  secure payment of credit or other performance  of an obligation. This Proclamation shall not apply to: security right in securities traded on  exchanges; a mortgage of a ship with all  accessories required for its use subject  to the Maritime Code; among others. Under the Proclamation movable assets includes, inventories, agricultural products, incorporeal assets,  corporeal assets, the right to use land unless  prohibited by pertinent laws; a security right  under a hire-purchase agreement, security  trust deed, trust receipt, commercial  consignment, mortgage of a business, sale  with ownership reserved, sale with right of  redemption, security rights in certificated  securities, and security rights in warehouse  receipts, motor vehicle, trailer, agricultural  machinery, construction machinery,  industrial machinery, and other properties  excluding land, house and building. Part 2 provides for creation of a Security Right by Agreement and its elements: obligations that might be secure; right to proceeds; contractual limitations; etc. Part 3 effectiveness of Security Rights against third-party includes provisions on transfer. Part 4 establishes the Collateral Registry for the purposes of receiving, storing and  making information accessible to the public  in registered notices with respect to security  right and right of non-consensual creditors. The Part also provides for registration discipline. Part 5 priority right, recognizes the priority on the secured creditor and provides details on how to deal with priority among competing security rights created by the same grantor and from different grantors and the effect of priority security rights in proceeds and other situations. Part six concerns rights and obligations of the parties and third party obligors ",access-to-information; institution; dispute settlement; liability/compensation; governance; agricultural commodities; agricultural development; breeders' rights; intellectual property rights; property rights; credit; registration; right of use
LEX-FAOC216761,https://faolex.fao.org/docs/pdf/eth216761.pdf,Prevention and Suppression of Trafficking in Persons and Smuggling of Persons Proclamation No. 1178/2020.,,English; Amharic,General,General,,https://www.ilo.org/,Ethiopia,,,Legislation,,"The Proclamation provides for he discipline of trafficking in persons, aggravating circumstances, assisting the act of human trafficking, presumption of exploitation. Under the Proclamation the act of trafficking in person is defined as: any person who holds another person in slavery or practices similar to slavery, servitude or debt bondages; exploited in removing organs or prostitution or other forms of sexual activities of another person; engages another person in forced labor or service, begging or criminal act, forced marriage, surrogacy, or exploited children in labor, or commit exploitation similar to these acts shall be punishable. Moreover the Proclamation disciplines smuggling, unlawful sending of persons abroad for work and related crimes, such as failure to Report the Commission of an Offence, offences against whistleblowers. The Proclamation envisages also actions aimed at crime prevention these encompasses: actions to protect persons vulnerable to danger through search any of transport, house, location or premises to rescue persons subjected to or harmed by the act and stop and investigate persons crossing or in the process of crossing a border; freezing and seizing of property associated with a crime; confiscation of property. among others. Other provisions concern modalities to return victims to Ethiopia, rehabilitate and protect victims, protection of witnesses, rehabilitation. The Proclamation also establishes a fund for the rehabilitation of victims of crime of trafficking in persons, the smuggling of persons and unlawful sending of person abroad for work (hereinafter “the Fund”) with the objective: to cover the costs of medical, psychological and legal counsel, transportation and other services for victims; to provide material support to victims; to provide technical training and support for the economic empowerment of victims; to provide support for an effort to locate families and reintegrate victims with their families and communities; for the construction of temporary shelters to victims; and to pay compensation determined by the court in accordance with Regulations to be issued by the Council of Ministers. A Council at national level to coordinate the prevention and control of the crimes of trafficking in persons, smuggling of persons and unlawful sending of person abroad for work (hereinafter “the National Council”) is alsoy established under this Proclamation. The National Council shall be accountable to the Prime Minister. ",corruption; human rights; liability/compensation; institution; inspection; legal proceedings/administrative proceedings; offences/penalties; capacity building; enforcement/compliance; labour; child labour; governance
LEX-FAOC216766,https://faolex.fao.org/docs/pdf/eth216766.pdf,Directive to Provide for the Application of Tax Incentives for Expansion/Upgrading of Investment No. 941/2023.,,English; Amharic,Private sector & entrepreneurship,General,,https://www.investethiopia.gov.et/,Ethiopia,,,Regulation,,"The Directive provides for the application of tax incentives for expansion/upgrading of investment. An investor engaged in expanding the production and service rendering capacity of the existing enterprise and an investor who increases in variety or volume by at least 100% by introducing new production or service rendering line of an existing enterprise shall be beneficiary of an income tax exemption. The Directive also establishes conditions for being beneficiary: a) submit evidence showing that the enterprise has been engaged in production or service rendering activities for a certain period of time; b) submit financial statement certified by an external auditor showing the capital invested to modernize the production process, to introduce new technology or to increase the production or service type; c) submit financial statement certified by an external auditor showing the volume of production or service rendered within a year after the completion of the upgrading; d) if it has been granted tax exemption that it has fulfilled privilege; submit evidence showing its obligations exemption period in accordance to tax laws.  Section 3 contains criteria for exemption from customs duties. Also liability is disciplined. ",liability/compensation; business/industry/corporations; subsidy/incentive; taxes ; internal trade; fiscal and market measures
LEX-FAOC216767,https://faolex.fao.org/docs/pdf/eth216767.pdf,Value Added Tax Proclamation No.285/2002.,,English; Amharic,Trade; Private sector & entrepreneurship,Energy; Food & nutrition; Water; General,,https://www.yumpu.com/,Ethiopia,,,Legislation,,"Section 1 of the Proclamation provides for definitions; under the Proclamation  Goods  means all kinds of corporeal movable or immovable property, thermal or electrical energy, heat, gas, refrigeration, air conditioning, and water, but does not include money. Section 2 provides for imposition of Value Added Tax (VAT) and transactions exempted from tax. The following types of supplies of goods (other than by way of export) or rendering of services, are exempt from payment of VAT to the extent provided by regulation: the sale or transfer of a used dwelling, or the lease of a dwelling; the import or supply of prescription drugs specified in directives issued by the Minister of Health, and the rendering of medical services; the rendering of educational services provided by educational institutions, as well as child care services for children at pre-school institutions; the supply of goods and rendering of services in the form of humanitarian aid, as well as for the purpose of rehabilitation after natural disasters, industrial accidents, and catastrophies; the supply of electricity, kerosene, and water; permits and license fees. etc. The Proclamation continues providing for the discipline of VAT on place, time and value of supplies, registration, administrative procedures, among others. ",governance; business/industry/corporations; registration; hazards; food assistance; social protection; taxes ; food security; taxes ; water supply; energy conservation/energy production; taxes 
LEX-FAOC216769,https://faolex.fao.org/docs/pdf/eth216769.pdf,Reconciliation Commission Establishment Proclamation No. 1102/2018.,,English; Amharic,General,General,,,Ethiopia,,,Legislation,,"The Proclamation establishes the Reconciliation Commission with the objective to maintain peace justice, national unity and consensus and also Reconciliation among Ethiopian People. Under the Proclamation “Reconciliation means establishing values of forgiveness for the past, lasting love, solidarity and mutual understanding by identifying reasons of conflict, animosity that are occurred due to conflicts, misapprehension, developed disagreement and revenge. The Commission shall perform its activities freely and independently. The Proclamation also provides for protection of witnesses and whistle-blower mechanism. The Commission has the following powers and duties: Concerning its work announce and make every concerned person or body to present his idea and the necessary registration; Make its work accessible, participatory by using technology; organize Reconciliation work shop in which all parties to be hear of; dentify principles and values which will be base for national Reconciliation by making discussion with groups of society which have different view; Make examination to identify the basic reasons of disputes and violations of human rights by taking into consideration of political, social and economic circumstances and the view of victims and To take or order presence of any document or information from government or anybody which the commission deemed necessary for its work except those that are given legal protection as confidential for the sake of national security ; To visit premise of any institutions and to take copy of any information and document found by its visit; To collect information make interview either individually or in a group in secret or in an open way to the public; order the presence of anyone through summon and require to give his statement through oath; Depending on the situations to get support from federal or regional state police to execute its duties;  Notify to the public and concerned government organs the conclusions reached through the examination as appropriate; and  Make Reconciliation among peoples to narrow the difference created and to create consensus. ",institution; corruption; hazards; governance; human rights; access-to-justice
LEX-FAOC216792,https://faolex.fao.org/docs/pdf/eth216792.pdf,Refugees Proclamation No. 1110/2019.,,English; Amharic,General,Land & soil; General,,https://www.ilo.org/,Ethiopia,,,Legislation,,"This Proclamation has been enacted with the objective to improve, within available means, comprehensive protection and assistance to refugees. Provisions of this Proclamation are applicable to any person who: is a refuge apply for recognition or is a recognized refugee in Ethiopia; and has a right or is subjected to obligations arising from this Proclamation; or participates in the implementation of this Proclamation. Part 2 provides for general principles and criteria, these include refugee criteria, cancellation, revocation, cessation of refugee status, detention, expulsion, etc. The Refugee criteria under this Part states: is a refugee any person: a) owing to a well-founded fear of being persecuted for reasons of race, religion, nationality, membership of a particular social group or political opinion he is outside his country of nationality and is unable or, owing to such fear, is unwilling, to avail himself of the protection of that country; b) not having a nationality and being outside the country of his former habitual residence, he is unable, or owing to a well founded fear of being persecuted for reasons of race, religion, membership of a particular social group or political opinion, he is unwilling to return to it; or c) owing to external aggression, occupation, foreign domination or events seriously disturbing public order in either part or the whole of his country of origin or nationality, he is compelled to leave his place of habitual residence in order to seek refuge in another place outside his country of origin or nationality. Part 3 contains procedures for determination of refugee status; application and decision. It also provides for the establishment of the Appeal Hearing Council that reviews the decision of the Agency in relation to recognition of refugee.  I assume this includes food aid, health issues...If you look at articles 25, 2, the right to health services and right to property are recognized. As to gender, see art. 39. Part 4 disciplines rights and obligations of asylum-seekers and recognized refugees. The Part states that every recognized refugee and asylum-seeker: is entitled to the rights and be subjected to the obligations contained in the Refugee Convention, the OAU Refugee Convention and applicable international laws and shall be subject to the laws and Provisions in force in Ethiopia. The Proclamation then lists a series of rights, these include: right to stay in Ethiopia, access to health, right to work, right to acquisition and transfer of property; right to access justice; etc. Moreover the Proclamation recognizes special Protection to persons who are vulnerable, such as: recognized refugee and asylum-seeker women shall enjoy the rights and protections enshrined under relevant laws in particular, specific measures are taken to protect them from gender based violence; recognized refugee and asylum-seeker children shall enjoy the rights and protections enshrined under relevant laws in particular; specific measures are taken to protect them from abuse, neglect, exploitation and trafficking; special protection and assistance to other refugees and asylum-seekers with specific needs is provided commensurate with their needs. ",access-to-justice; economic/social/cultural rights; equity; gender; human rights; labour; migration; social protection; youth; public health; intellectual property rights; internal trade; international trade; hazards; risk assessment/management; lease; ownership; property rights; transfer rights ; contracts
LEX-FAOC219272,https://faolex.fao.org/docs/pdf/eth219272E.pdf,National Action Plan for the conservation of the African Lion Panthera leo in Ethiopia.,,English,Wild species & ecosystems,Land & soil; Wild species & ecosystems,,www.catsg.org,Ethiopia,,,Policy,,"This National Action Plan for the conservation of the African Lion (Panthera leo) is a nationwide 5-year document aimed at securing, and where possible restoring, sustainable lion populations in Ethiopia, recognizing their potential to provide substantial social, cultural, ecological, and economic benefits. The ultimate goal is to achieve the long-term vision of the strategy, ensuring a sustainable environment for the mutual benefit of lion populations and the people in the country. The Action Plan sets out the following objectives and activities (i) Management: To ensure effective conservation and management of lions, their habitats, and wild prey. This includes conducting surveys, monitoring, developing management plans, building capacity, and conducting research on lion ecology and socio-ecology; (ii) Mitigation: To mitigate human-lion-related conflict. This includes establishing a database on conflict incidents, developing and implementing public awareness and education packages, developing non-lethal and effective problem animal control protocols, and building the capacity of the concerned institutions to deal with conflict; (iii) Socio-Economics: To maximize the benefits of lion conservation and ensure equitable distribution of the same to communities and other stakeholders in Ethiopia. This includes identifying and prioritizing stakeholders, developing and implementing training and benefit-sharing programs, and establishing transparent mechanisms for income distribution and incentives; (iv) Policy and land use: To ensure that all land use plans and strategies do not negatively impact, and if possible contribute to, lion conservation in Ethiopia. This includes conducting surveys on lion range and habitat encroachment, reviewing and developing wildlife-integrated land use plans, developing and enforcing legal and institutional frameworks, addressing the issue of trophy hunting, and collaborating with neighboring countries on transboundary lion populations; (v) Trade: To prevent illegal trade in lion and lion products. This includes training law enforcement officers, producing identification tools and awareness posters, ensuring prosecution and sentencing of offenders, collecting and sharing information on illegal trade, and complying with CITES requirements. ",land-use planning; protection of environment; survey/mapping; protection of species; management/conservation; biodiversity; capacity building; ecosystem conservation; education; endangered species; game; hunting/capture; subsidy/incentive; internal trade; international trade; monitoring; protection of environment; protection of habitats; research; trade in species; wild fauna
LEX-FAOC222196,https://faolex.fao.org/docs/pdf/eth222196.pdf,Seed Proclamation No.1288/2023.,2023-07-24,English,Cultivated plants,Agricultural & rural dev.; Cultivated plants,,https://media.licdn.com/,Ethiopia,,,Legislation,,"This Proclamation shall be applicable to any seed. Without prejudice to this provision the Proclamation shall not be applicable to: a) the use, by any person, of farm-saved seed; b) the exchange of farm-saved seed among smallholder farmers or pastoralists or any seed sale conducted among themselves on a non-registered for variety protection right; c) seed intended for research and education purpose. The Authority shall employ the following variety release and registration systems: a) conducts candidate variety performance trial and variety examination by itself, hosts evaluation by National Variety Evaluation Committee and get final approval by National Variety Release Committee; or b) enable the applicant of the candidate variety to conduct variety performance or adaptation trials or variety description trial or both; and evaluation by National Variety Evaluation Committee; and final approval by National Variety Release Committee; or c) accepts a DUS report of an authorized foreign regulatory body and locally conducted adaptation trial report of the applicant. Part III concerns seed production, processing and marketing; Part IV concerns seed quality certification approval process, this include set seed quality standards, regulate laboratories and inspections, import and export of seeds. No seed may be supplied to domestic or export market unless labeled with seed quality assurance certificate label of the Authority or Regional Authority. Part V provides for acquiring of Certificate of Competence, suspension and revocation. ",smallholders/peasants; internal trade; seeds/planting material; basic legislation; classification/declassification; inventory; certification; genetic resources; genetically modified organism (GMO); intellectual property rights; registration; international trade; quarantine; innovation; biotechnology; plant production; plant protection
LEX-FAOC222430,https://faolex.fao.org/docs/pdf/eth222430.pdf,The Ethiopian Federal Government Procurement and Property Administration Proclamation No.649/2009.,2009-09-09,English; Amharic,General,General,,http://www.ppa.gov.et/,Ethiopia,,,Legislation,,"The Proclamation provides for the discipline of public procurement; it clarifies Principles of Public Procurement and Property Administration and duties and Responsibilities of Procurement and Property Administration Unit. Chapter Two provides for the reestablishment of the Public Procurement and Property Administration Agency. objective and functions, powers and duties. Chapter Three provides for basic public procurement procedures; these include: annual procurement plan (public bodies shall have to prepare one showing their procurement for the concerned budget year and containing such details as are stated in the directive to be issued by the Minister); records. Chapter Four open tendering procedure. Chapter VI direct procurement; Chapter VII and VIII respectively concern request for proposal and request for quotation, etc. ",public procurement; public private partnership (PPP); equity; gender; access-to-information; institution; data collection/reporting; contracts; standards; governance
LEX-FAOC224403,https://faolex.fao.org/docs/pdf/eth224403.pdf,Ethiopia's long-term low emissions and climate resilient development strategy (2020-2050).,,English,Climate change,Agricultural & rural dev.; Livestock; Air & atmosphere; Energy; Environment; Food & nutrition; Land & soil; Waste & hazardous substances,,https://unfccc.int/,Ethiopia,,,Policy,,"Ethiopia's long-term low emissions and climate resilient development strategy (LT-LEDS) (2020-2050) will serve a critical role in implementing the common objectives under the United Nations Framework Convention on Climate Change (UNFCCC) guidelines and the Paris Agreement; it  also provides a structure for establishing milestones in Ethiopia’s National Development Contributions (NDC). The LT-LEDS has identified the (Business As Usual) BAU scenario and three Net Zero Emissions (NZE) scenarios. For the NZE scenarios, the most important actions for reaching the net-zero target while delivering numerous additional socioeconomic benefits are: I. The creation of a carbon sink in the land use sector, particularly through reforestation, afforestation, forest restoration, and reduced deforestation. II. The electrification of end-use sectors—such as transport, residential, commercial, and industry—and replacing fossil fuels combined with expanding renewable power production. III. The reduction of livestock-related emissions using a range of interventions, such as increased productivity of livestock. IV. Agriculture-related interventions—such as enhancing sustainable agriculture practices, reducing preharvested losses, expanding perennial crops, and increasing areas under irrigation schemes—modernize Ethiopia’s agriculture systems, maintain and increase the number of jobs, provide opportunities for the young rural labor force, and potentially boost agriculture exports. V. Waste sector interventions—such as reducing waste per capita, waste at source, and wastewater emissions as well as significantly increasing the waste collection and recycling rates—provide a better quality of life for the people of Ethiopia, create more local businesses and jobs compared to the BAU scenario, improve the quality of urban areas, and reduce increased flood risk from clogged drainage systems. VI. IPPU-related interventions, such as improving the efficiency of product use and utilizing advanced technologies like carbon capture and storage (CCS). ",agricultural development; agricultural extension; irrigation; labour; rural employment; sustainable development; sustainable use; youth; international trade; agricultural development; animal production; public health; food security; food loss and waste; nutrition; afforestation/reforestation; environmental planning; land-use planning; soil conservation/soil improvement; soil rehabilitation; organic waste; erosion; policy/planning; emissions; climate change; emissions; energy conservation/energy production; renewable energy; innovation; effluent waste water/discharge; hazards; waste disposal; waste management; waste prevention
LEX-FAOC224412,https://faolex.fao.org/docs/pdf/eth224412.pdf,Ethiopia's Bamboo Development Strategy and Action Plan 2019-2030.,,English,Forestry,Agricultural & rural dev.; Energy; Forestry; Land & soil; Cultivated plants; Water; Wild species & ecosystems,,https://www.epa.gov.et/,Ethiopia,,,Policy,,"The Ethiopia's Bamboo Development Strategy and Action Plan 2019-2030 has as objective to transform and sustainably manage bamboo resources by focusing on the development of green industries and livelihood promotion to produce value-added products catering for domestic, regional and global markets. The following guiding principles underpin this Strategy and Action Plan: a) Market driven: The market has a fundamental role in driving the sector. However, necessary support shall be given by the government; b) Decent job creation for rural youth and women; c) Climate resilient green economy: can play an important role in poverty alleviation, employment generation, economy development and environmental and forest protection (bamboo forests contribute to soil and water conservation). Being a renewable resource, bamboo is a perfect raw material for producing low-carbon, circular and environmentally friendly, resource-efficient products; d) Enhancing farmers’ livelihood security: In Ethiopia, the majority of the population depends on agriculture as its primary source of livelihood and income. Bamboo, with its annual harvesting cycle, labour-intensive production, potentially diverse products and value addition, can become one of the main economic resources for smallholder farmers; e) Reducing pressure on forests as bamboo can be alternative to timber. Bamboo can be promoted to enhance energy security of rural and urban households. It can also be promoted as a timber substitute for producing furniture, panels and boards for domestic consumption and exports; and f) Enhancing ecosystem services: Bamboo can be promoted to perform ecosystem functions, such as soil erosion control, water quantity and quality improvement, landslide control and overall improvement of watershed. This strategy formulates directions and actions that shall create an enabling institutional framework and build capacities to promote sustainable management of the available resources and foster new bamboo plantations. They follow: 1)  Establish Bamboo Clusters; 2) Manage Existing Bamboo Resources; 3) Promote the Establishment of New Bamboo Plantations; 4) Develop Value Chains; 5) Create an Enabling Market Environment; 6) Enhance Skills; 7) Build Human Capital and a Knowledge Management System; 8) Develop Partnerships and Mobilise Resources; 9) Create Enabling Institutions, Governance Mechanisms and Incentive Modality; 10) Monitoring and Evaluation. ",gender; rural development; rural employment; smallholders/peasants; youth; labour; afforestation/reforestation; sustainable development; sustainable use; timber; timber extraction/logging; forest management/forest conservation; erosion; land-use planning; soil conservation/soil improvement; soil pollution/quality; soil rehabilitation; pollution control; plant production; monitoring; data collection/reporting; basin/catchment/watershed; freshwater pollution; pollution control; inland waters; ecosystem conservation; biofuel; energy conservation/energy production; renewable energy
LEX-FAOC107526,https://faolex.fao.org/docs/pdf/eth107526.pdf,Directive No. 06/2009 issued to determine responses to accidental releases of modified organisms.,,English,Environment,Livestock; Environment; Cultivated plants,,,Ethiopia,,,Regulation,,"This Directive concerns emergency measures to be taken by authorities to give a prompt and direct response to any unintended release or any related accident during any transaction, i.e. any making or use of any modified organism in teaching, research, production, import, export, transit, deliberate release, production under contained use, transport, placing on the market, or use as a pharmaceutical, as food, as feed or for processing. The Environmental Protection Authority of the Federal Democratic Republic of Ethiopia shall request the Environmental Council to establish an Accidental Release Response Group, which shall be the sole authority responsible for response to any accident involving modified organisms. The Directive defines the duties and responsibilities of the Accidental Release Response Group. ",animal health; biosecurity; biosafety; genetically modified organism (GMO); environmental impact assessment (EIA); early warning system; institution; hazards; governance; plant production; seeds/planting material
LEX-FAOC224418,https://faolex.fao.org/docs/pdf/eth224418.pdf,Climate Change Education Strategy of Ethiopia 2017-2030.,,English,Climate change,Environment,,https://www.epa.gov.et/,Ethiopia,,,Policy,,"The Climate Change Education Strategy of Ethiopia 2017-2030 is a comprehensive Framework for promoting Climate Change Learning during this period. In terms of scope, the strategy encompasses three cycles of Strategic Guidance and Priority Actions: 1. First Cycle: 2017-2020; 2. Second Cycle: 2021-2025; and the 3. Third Cycle: 2026-2030. The first cycle National Strategic Guidance and Action Plan focuses on strengthening the integration of climate change education into the formal education system with special attention to primary and secondary levels of education. Whereas the detail strategies and priority actions are formulated for the first cycle period (i.e. 2017-2020), only the milestones and indicative intervention areas are included for the second and third cycles that cover the period 2021-2030. The Strategy's Vision is to see environmentally conscious citizens created at all levels of education with proper knowledge, skills and attitude that enhance our country’s climate resilient and green economic development through climate change education. Four strategic objectives were identified that are geared towards the successful achievement of the mission and overreaching goal of this strategic plan i.e. the first cycle of Ethiopia’s comprehensive CCE strategy. These are to: • SO 1: facilitate the setting up of an enabling policy and institutional frameworks at national and subnational levels with a view to fostering sustainable CC learning; • SO 2: enhance the level of integration of CCE in the curricular of the formal education system of Ethiopia; • SO 3: support co/extra-curricular activities and furthering the integration of CCE among formal, non-formal and informal education systems, and • SO 4: mobilize resources and strengthen partnership for financing the implementation of the broader CC Education Strategy. ",climate change; education; public private partnership (PPP); youth
LEX-FAOC229133,https://faolex.fao.org/docs/pdf/eth229133.pdf,Regulation No.253/2011 Rift Valley Lakes Basin.,2011-08-29,English,Water,Water,,,Ethiopia,,,Regulation,,"This Regulation provides for establishment of the Rift Valley Lakes Basin High Council. The Authority's primary objectives are to promote and oversee the equitable and participatory implementation of integrated water resources management within the Rift Valley Lakes Basin. The Authority is tasked with preparing the basin's plan, submitting it to the High Council, and monitoring its implementation. The kwy responsibilities include advising the High Council on policies for enabling integrated water management, ensuring the alignment of water-related projects and activities with basin management goals, and facilitating the coordinated execution of these management processes. The Regulation consists of 8 Articles and provides for the establishment of the Council, the High Council, objectives of authority, head office and powers and duties. ",water resources management; basin/catchment/watershed; governance; inland waters
LEX-FAOC229749,https://faolex.fao.org/docs/pdf/eth229749.pdf,Agricultural Production Contract Proclamation No.1289/2023.,,English,Agricultural & rural development,Agricultural & rural dev.,,,Ethiopia,,,Legislation,,"This Proclamation applies on any contractor, producers, third party and appropriate authority. The formation of agricultural production contract can be initiated through contract offer by either the Contractor or the Producer. Both parties may be assisted by a third party in the process of agricultural production contract negotiations. The Proclamation provides for the form and registration of the contract; content and objectives of the contract; rights and obligations of the Producer and the Contractor; type, quality and quantity of agriculture produce, and descriptions of unit of measurement; pricing mechanism of agriculture produce; input supply and payment; transportation, among others. Under Part 3 the Proclamation identifies four types of Agricultural Production Contracts: 1) Out-grower Contract; 2) Centralized Contract; 3) Multipartite Contract; and 4) Intermediary Contract. The Proclamation then provides for obligations and rights of contractor and producer. ",contract farming; classification/declassification; registration; contracts; agricultural development; farming
LEX-FAOC230228,https://faolex.fao.org/docs/pdf/eth230228.pdf,"Forest Development, Protection and Utilization Regulation No.544 /2024.",,English,Forestry,Forestry,,,Ethiopia,,,Regulation,,"These Regulations provide for the discipline of Forest Developer; under these Regulations means a person who develops, protects and utilizes a forest for various purposes on his land holding. Part II concerns private forest owners that can be small-scale forest developer and large-scale forest developer, and identifies rights and obligations. Rights for small scale and large scale developers include access to extensions and other forms of support, access to loan etc; obligations entail submit evidence from the relevant body when utilizing endangered indigenous tree species grown on the land he holds. Part III concerns community forest, obligations and rights are same for private forest developers. Part IV regulates association forest developer including youth, women, professional associations or community watershed development association, which is not a member of a forest cooperative, but is organized under the auspices of other appropriate legislations to develop, protect and utilize forests. Part V concerns criteria to incentivize forest developers. Part 6 defines demarcation and designation of forest and forest land and management and utilization of productive, protected and preserved forest. Part VII duties and responsibilities of institutional bodies. Under Part VIII include miscellaneous provisions: conservation and use of forest developed for environmental protection, protection of forest disasters, productiona nd distribution of forest products. ",basin/catchment/watershed; cooperative/producer organization; forest management/forest conservation; forest service; forest species; forestry protection measures; gender; private forest; public forest; youth; agricultural extension; subsidy/incentive; financing; protected area; protection forest; taxes ; agricultural development; biodiversity; fiscal and market measures; governance; non-wood forest products ; offences/penalties; protection of environment; protection of species; timber; timber extraction/logging
LEX-FAOC157047,https://faolex.fao.org/docs/pdf/eth157047.pdf,National Nutrition Strategy.,,English,Food & nutrition,Agricultural & rural dev.; Environment; Food & nutrition; Water,,,Ethiopia,,,Policy,,"The key objective of this National Nutrition Strategy (NNS) is to ensure that all Ethiopians secure adequate nutritional status in a sustainable manner, which is an essential requirement for a healthy and productive life. The specific objectives are: to provide due attention to malnourished vulnerable groups of society, particularly children under five, pregnant and lactating women; to ensure the citizens are free from malnutrition related health problems; to protect the society from unhealthy dietary patterns and unhealthy lifestyle that may affect their health; and to coordinate and support nutritional activities of all sectors, government, non-governmental organizations and individuals working to alleviate nutritional problems (pag. 6). The Food Security Strategy is a comprehensive prioritization of the government's activities. The Food Security Strategy contributes a great deal to the alleviation of malnutrition. Therefore, it is envisaged to strengthen the implementation of both the National Nutrition Strategy and Food Security Strategy for better results. Agricultural Extension Workers and Health Extension Workers have an important role to play by teaching and encouraging household s to adopt , produce and consume micro-nutrient dense foods and animal products to complement staple food crops. Income generating activities will be expanded and promoted to increase purchasing power of households (pag. 10). Improving water supplies and sanitation is a core component of both care and health services as underlying determinants of improved nutrition. Nutrition considerations and interventions, particularly sustaining proper care for the nutritionally vulnerable and ensuring a healthy environment, are to be integrated with emergency response systems and will be addressed in a coordinated manner (5.4). A healthy environment is crucial to attaining and sustaining good nutritional status and proper growth among infants and young children in particular. Efforts to bring safe water supplies and proper sanitary facilities to all households shall be intensified in collaboration with different sectors. It is crucial to ensure their use, maintenance, and to bring about the consistent use of hygienic practices in households, especially the use of soap and regular hand washing (6.10). There will be an emphasis on mainstreaming and strengthening nutrition activities through community-based nutrition programs that contribute to the reduction of food insecurity and consumption of unbalanced nutrients. The methods of tackling the underlying causes will be established and implemented through community based health and agriculture extension programs, health service delivery, education and gender programmes (pag. 6). Continuous monitoring and assessment of the nutritional status of the community on a regular basis is needed to understand the depth of nutritional problems and find solutions. In addition to this, nutrition information is crucial evaluating the effectiveness of different nutrition intervention programs. Additional nutritional indicators will be used to monitor the situation (pag. 12). The Strategy will provide land distribution to the food insecure and employment and income generation for food insecure households. In particular, it will scale up distribution of communal land titles to indigenous minorities; and improve access of poor farmers who have received land titles to agricultural support services and markets. In addition, the Strategy will seek to enhance technical and vocational educational training for the poor and food insecure in rural areas to increase skills and employ; specifically, enhanced work skills needed for agro-processing enterprises and agro-economic concession, and enhanced social protection in the informal wage sector specifically for women will be sought. ",agricultural development; poverty; sustainable development; sustainable use; agricultural extension; rural employment; social protection; labour; risk assessment/management; water quality standards; effluent waste water/discharge; standards; food security; nutrition; breastfeeding/infant food; education; social protection; potable water; social protection; food fortification; water supply; potable water
LEX-FAOC230232,https://faolex.fao.org/docs/pdf/eth230232.pdf,Rural Land Administration and Use Proclamation No. 1324/2024.,,English,Land & soil,Agricultural & rural dev.; Land & soil; Water,,,Ethiopia,,,Legislation,,"This Proclamation shall apply to any rural land in Ethiopia and certain rural kebeles in the Regions and City Administrations in urban areas. Under Rural Land Administration (Part 1) A person may have the right to freely access rural land where he has been engaged or prefer to engage in agricultural activities for a living; regional laws may create affirmative action rules for women and youths as well as persons with disabilities. Non-Governmental organizations and social institutions may have the right to access rural land as per regional laws he landholding rights of farmers, semipastoralists, pastoralists and Religious Institutions have no time limit.  The duration of land use rights of other users shall be determined by regional laws. Rural land holding types include private, communal, and state holdings.  The right that farmers, pastoralists, semipastoralists, and Religious Institutions have over their land is a holding right. 2/ Holding right includes the rights of use; lease; sharecrop; collateralize the use right; jointly develop the land with investors; bequeath; donate; transfer through sale or in any form properties fixed on the holding; consolidate; exchange with similar rural land holding, and cultivate the land through cluster arrangement. A rural landholder may lease out part or all of his land holding for a specific period of time that shall be determined by regional laws; other provisions regulates donation, transfer, inheritance, sharecropping, sale, consolidation, clustering of holding. Holders of lands are entitled to registration and where a person has two or more wives the landholding shall be registered in a manner that protects the rights of all the wives in the polygamous marriage. Other provisions concern distribution and re-distribution. The Federal Government shall prepare a national master land use plan based on the suitability of the land and which ensures sustainable land utilization. Section seven regulates dispute resolution. Part 3 regulates institutions and Part 4 miscellaneous provisions, such as criminal liability. ",agricultural land; rural development; farming; gender; social protection; youth; agricultural development; smallholders/peasants; basic legislation; agricultural land; access right; right of use; lease; contracts; cadastre/land registration; certification; registration; offences/penalties; dispute settlement; private land; public land; governance; land tenure; land reform; ownership; land-use planning; institution; smallholders/peasants; pastoralism; gender; property rights; irrigation; inland waters; sustainable development
LEX-FAOC183195,https://faolex.fao.org/docs/pdf/eth183195.pdf,Ethiopia Commodity Exchange Establishment (Amendment) Proclamation No. 1050/2017.,2017-08-07,English,Agricultural & rural development; Trade,Agricultural & rural dev.,,,Ethiopia,,,Legislation,,"This Proclamation amends the Ethiopia Commodity Exchange Establishment Proclamation of 2007 so as to strengthen the way the Commodity Exchange receives and trades agricultural products and to make those products competitive to foreign market. The Ministry of Trade shall be the supervising authority of the Exchange. Mandatory criteria for condition of transport of exchange-traded commodities shall be established. Detailed conditions under which non-members of the Exchange may buy or sell their own commodities at the Exchange platform without intermediary shall be determined in the rules of the Exchange. It shall be prohibited to trade a commodity on the Exchange without the issuance of an exchange product certificate as to the product quality or grade and of an Exchange warehouse receipt as to the product origin, quantity, condition, and location of warehouse or bonded yard . The Exchange may establish a trading system that ensures the identity of the owner or supplier and traceability of commodities. ",agricultural commodities; internal trade; international trade; fiscal and market measures
LEX-FAOC044011,https://faolex.fao.org/docs/pdf/eth44011.pdf,Ethiopian Women’s Development Fund Establishment Proclamation (No. 240/2001).,2001-06-19,English,Gender,Agricultural & rural dev.,,,Ethiopia,,,Legislation,,The Fund here established as a federal governmental body having its own legal personality shall assist organizations involved in promotion of rights of women in acquiring managerial skills and otherwise provide financial and technical support to income generating activities run by women’s groups (art. 4). ,gender; financial agricultural measures; special fund; subsidy/incentive
LEX-FAOC215797,https://faolex.fao.org/docs/pdf/eth215797.pdf,"Forest Development, Conservation and Utilization Policy and Strategy.",,English,Forestry,Food & nutrition; Forestry,,,Ethiopia,,,Policy,,"The Forest Development, Conservation and Utilization Policy and Strategy (2007)'s basic aim is to meet public demand in forest products and foster the contribution of forests in enhancing the economy of the country through appropriately conserving and developing forest resources. Specific Objectives are: 1) to encourage sustainable forest development by rendering professional and technical assistance to farmers, pastoralists, investors and institutions engaged in forest resource development; 2) To adequately meet the forest and forest product demands of the public through sustainably enhancing the production of forest resources in areas that are suitable for forest and forest resource development; 3) To foster the contribution of forest resources to food security and industrial development through the identification, rejuvenation, multiplication and distribution of tree species that are suitable for our country and capable of giving diverse benefits; 4) To lay the foundation wherein forest resources deliver allembracing services to the country in a sustainable manner, through the prevention of threats as well as the conservation and development of forest resources; 5) To ensure maintenance of the natural ecological balance through adequately conserving and developing the forest resources of the country. To achieve those objectives the following policies and strategies have been formulated. 1) Fostering Private Forest Development and Conservation, by granting ownership guarantee certificates, by ensuring the implementation of the right to use and transfer land; facilitate access to credit services to individuals and associations; by designating productive forest areas within state forests that are identified for their potential to be afforested, etc. 2) Expansion of Forest Development Technology by ensure the dissemination to and utilization by users of appropriate forest technologies that are enriched through research and are deemed to be suitable to the various agro-ecological zones, and that are periodically updated; select and disseminate to users tree species that are proven to be productive based on agro-forestry; establish and strengthen a system for the provision of indigenous and exotic tree species; etc. 3) Expanding Market Development for Forests by encouraging to place forest products, that are up to standards and competitive, to domestic and international markets. 4) Administration and Management of State Forest will be organized in such way: state forests and forest lands in the country will be administered based on a management plan to be drawn on a two-pronged approach of protected forest and productive forest management system; The boundaries of protected forests and forest lands particularly those that are hotspots for indigenous tree species threatened with extinction will be delineated and administered, as necessary, by federal or regional governments for their sustainable use; Through demarcating their boundaries and giving legal recognition, productive forests will be identified and administered by the pertinent governmental body, individual or organization; Scattered natural forests and plantations that are not designated and demarcated as protected or productive forests shall be managed by Kebele administrations or individuals accorded with certificates of ownership rights and be made to use on the basis of a utilization plan to be drawn with a view to halting their arbitrary use as construction material, fuel wood and charcoal production. 5) Protecting Forest Resources from Threats by implementing remedial actions to avert natural or anthropogenic threats on forests placed under any form of ownership to keep forests from devastation; by adopting preventive and regulatory measures on illegal movement of forest genetic resources that are threatened with extinction; by adopting a regulatory system that enables the control of illegal movement of forest products. 6) Establishing Modern Information Systems (data collection, analysis and distribution) on Forest Development, Conservation and Utilization and integrate with international information networks. ",food security; forest management/forest conservation; access and benefit-sharing; afforestation/reforestation; agro-forestry; biodiversity; business/industry/corporations; capacity building; concession; contracts; education; financing; fiscal and market measures; forest fires; forest service; forest species; forestry protection measures; fuelwood; genetic resources; collecting/harvesting; subsidy/incentive; innovation; internal trade; international cooperation; international trade; inventory; investment; local government; timber extraction/logging; marking/identification; ownership; authorization/permit; pests/diseases; plant protection; private forest; protected area; protection forest; protection of environment; protection of species; public forest; research; right of use; risk assessment/management; seeds/planting material; survey/mapping; sustainable use; timber; trade in species; use restrictions; weeds; zoning; biotechnology; hazards; biofuel
