{
"type": "FeatureCollection",
"name": "isochrone_amenity_fast_food_drive",
"crs": { "type": "name", "properties": { "name": "urn:ogc:def:crs:OGC:1.3:CRS84" } },
"features": [
{ "type": "Feature", "properties": { "threshold_s": 300, "time_label": "5 min drive" }, "geometry": { "type": "Polygon", "coordinates": [ [ [ 38.7856127, 8.9987552 ], [ 38.785657, 8.9988254 ], [ 38.785766, 8.9987532 ], [ 38.7862813, 8.9984227 ], [ 38.7868335, 8.9981402 ], [ 38.7869011, 8.9980859 ], [ 38.7873295, 8.9978484 ], [ 38.788114299999989, 8.9962622 ], [ 38.788491, 8.9960225 ], [ 38.790482, 8.9965207 ], [ 38.7907287, 8.9971431 ], [ 38.79043, 8.9986976 ], [ 38.7894879, 8.9990878 ], [ 38.7897293, 8.9996859 ], [ 38.7906855, 8.9993148 ], [ 38.792624, 8.9985777 ], [ 38.7931544, 8.9983837 ], [ 38.7936291, 8.9982041 ], [ 38.7946719, 8.9978068 ], [ 38.7965052, 8.9969379 ], [ 38.7948523, 8.9966292 ], [ 38.7944971, 8.995647 ], [ 38.7956395, 8.9945489 ], [ 38.7952264, 8.9934812 ], [ 38.7966451, 8.9921571 ], [ 38.7968687, 8.9908044 ], [ 38.7960656, 8.9910328 ], [ 38.7945593, 8.9897957 ], [ 38.7942992, 8.9887271 ], [ 38.7933953, 8.9891541 ], [ 38.7920318, 8.9875297 ], [ 38.791375, 8.9871117 ], [ 38.7908932, 8.9872382 ], [ 38.7906399, 8.9883331 ], [ 38.788588, 8.989031 ], [ 38.7876549, 8.9893973 ], [ 38.7867721, 8.989924 ], [ 38.7862157, 8.9911515 ], [ 38.7852648, 8.9915358 ], [ 38.7854666, 8.9933759 ], [ 38.7854666, 8.9953642 ], [ 38.7862862, 8.9969378 ], [ 38.7856127, 8.9987552 ] ] ] } },
{ "type": "Feature", "properties": { "threshold_s": 600, "time_label": "10 min drive" }, "geometry": { "type": "Polygon", "coordinates": [ [ [ 38.7780823, 9.0053305 ], [ 38.7785178, 9.006465 ], [ 38.7793355, 9.0069961 ], [ 38.784106, 9.0088471 ], [ 38.788185, 9.0101975 ], [ 38.7882279, 9.0102038 ], [ 38.7922908, 9.0081306 ], [ 38.7917664, 9.0063258 ], [ 38.7917436, 9.0057285 ], [ 38.7917389, 9.0056483 ], [ 38.792624, 8.9985777 ], [ 38.7931544, 8.9983837 ], [ 38.7936291, 8.9982041 ], [ 38.7988803, 9.0029634 ], [ 38.8005828, 9.0033783 ], [ 38.8012889, 9.0015944 ], [ 38.8013238, 8.9997042 ], [ 38.8031577, 8.9928574 ], [ 38.8035321, 8.9926786 ], [ 38.8048125, 8.9901822 ], [ 38.8047709, 8.9893009 ], [ 38.8035562, 8.9852867 ], [ 38.8021619, 8.9853275 ], [ 38.7996331, 8.9854045 ], [ 38.7971379, 8.9861223 ], [ 38.791375, 8.9871117 ], [ 38.789819799999989, 8.986366 ], [ 38.788826, 8.985809 ], [ 38.7855757, 8.9849273 ], [ 38.7842988, 8.9845215 ], [ 38.7829895, 8.9840922 ], [ 38.7824454, 8.9839019 ], [ 38.7810382, 8.9833915 ], [ 38.779409, 8.9827553 ], [ 38.7788101, 8.9895706 ], [ 38.7766295, 8.9930188 ], [ 38.7765583, 8.9936071 ], [ 38.777362, 8.9984848 ], [ 38.7780823, 9.0053305 ] ] ] } },
{ "type": "Feature", "properties": { "threshold_s": 900, "time_label": "15 min drive" }, "geometry": { "type": "Polygon", "coordinates": [ [ [ 38.7692515, 9.0104413 ], [ 38.7695029, 9.0107419 ], [ 38.773148, 9.0145762 ], [ 38.7732235, 9.0146348 ], [ 38.7741335, 9.0152535 ], [ 38.7821732, 9.018387 ], [ 38.7863688, 9.0207494 ], [ 38.7904462, 9.020033 ], [ 38.798727, 9.0145106 ], [ 38.8042417, 9.0123665 ], [ 38.8072313, 9.0086875 ], [ 38.8084397, 9.0045809 ], [ 38.8139144, 8.9937504 ], [ 38.8160405, 8.9906542 ], [ 38.8163915, 8.9896939 ], [ 38.8166645, 8.988021 ], [ 38.8066972, 8.9860036 ], [ 38.8035562, 8.9852867 ], [ 38.8021619, 8.9853275 ], [ 38.7996331, 8.9854045 ], [ 38.7880106, 8.9854871 ], [ 38.7855757, 8.9849273 ], [ 38.7777914, 8.9763594 ], [ 38.7774548, 8.9759568 ], [ 38.7773636, 8.975878 ], [ 38.7737871, 8.9766173 ], [ 38.7714667, 8.9775347 ], [ 38.7697098, 8.9786677 ], [ 38.7695518, 8.978943 ], [ 38.76804, 8.9900825 ], [ 38.7677946, 8.9951778 ], [ 38.7677011, 8.9984807 ], [ 38.7680585, 9.0045594 ], [ 38.7692515, 9.0104413 ] ] ] } },
{ "type": "Feature", "properties": { "threshold_s": 300, "time_label": "5 min drive" }, "geometry": { "type": "Polygon", "coordinates": [ [ [ 38.7776278, 8.9979624 ], [ 38.7779966, 8.9994625 ], [ 38.7794906, 8.9991652 ], [ 38.7816457, 8.9992002 ], [ 38.7822667, 8.9992671 ], [ 38.7827763, 8.9993254 ], [ 38.7837379, 8.9980147 ], [ 38.7849529, 8.9969014 ], [ 38.786585, 8.9945701 ], [ 38.7880334, 8.9933872 ], [ 38.7887993, 8.9927548 ], [ 38.7885437, 8.9923131 ], [ 38.788291, 8.9915527 ], [ 38.7881416, 8.9909852 ], [ 38.7893008, 8.9887511 ], [ 38.7908943, 8.9878711 ], [ 38.7910533, 8.9875467 ], [ 38.7910599, 8.9874849 ], [ 38.7888132, 8.9859297 ], [ 38.7879749, 8.9856538 ], [ 38.7855757, 8.9849273 ], [ 38.7842988, 8.9845215 ], [ 38.7824454, 8.9839019 ], [ 38.7810382, 8.9833915 ], [ 38.779409, 8.9827553 ], [ 38.7786342, 8.9830658 ], [ 38.776095, 8.9835302 ], [ 38.7755186, 8.9855138 ], [ 38.775293, 8.9867802 ], [ 38.7750361, 8.9888151 ], [ 38.7745701, 8.9912135 ], [ 38.7741154, 8.9932832 ], [ 38.7741375, 8.9945623 ], [ 38.7770092, 8.9949946 ], [ 38.7781307, 8.9965431 ], [ 38.7776278, 8.9979624 ] ] ] } },
{ "type": "Feature", "properties": { "threshold_s": 600, "time_label": "10 min drive" }, "geometry": { "type": "Polygon", "coordinates": [ [ [ 38.7665433, 9.0010165 ], [ 38.7682938, 9.0043483 ], [ 38.7715399, 9.004392 ], [ 38.7757529, 9.0073272 ], [ 38.7770297, 9.0082385 ], [ 38.780713, 9.0097015 ], [ 38.7808196, 9.0096836 ], [ 38.7828936, 9.0091551 ], [ 38.7843461, 9.0078941 ], [ 38.7894476, 9.0053535 ], [ 38.7894034, 9.0046542 ], [ 38.7920983, 8.9987684 ], [ 38.792624, 8.9985777 ], [ 38.7931544, 8.9983837 ], [ 38.7936291, 8.9982041 ], [ 38.7941482, 8.9979968 ], [ 38.7946719, 8.9978068 ], [ 38.7965052, 8.9969379 ], [ 38.797957, 8.9920335 ], [ 38.7967419, 8.9891166 ], [ 38.7961378, 8.9883409 ], [ 38.789819799999989, 8.986366 ], [ 38.788826, 8.985809 ], [ 38.7879749, 8.9856538 ], [ 38.7855757, 8.9849273 ], [ 38.7842988, 8.9845215 ], [ 38.7829895, 8.9840922 ], [ 38.7787516, 8.9794447 ], [ 38.7777914, 8.9763594 ], [ 38.7774548, 8.9759568 ], [ 38.7773636, 8.975878 ], [ 38.7760118, 8.9755812 ], [ 38.7748957, 8.9753542 ], [ 38.7736234, 8.9756236 ], [ 38.7707829, 8.9764667 ], [ 38.7676058, 8.9774758 ], [ 38.7658419, 8.9839228 ], [ 38.7662867, 8.9897064 ], [ 38.7660614, 8.9911266 ], [ 38.7654197, 8.9966008 ], [ 38.7665433, 9.0010165 ] ] ] } },
{ "type": "Feature", "properties": { "threshold_s": 900, "time_label": "15 min drive" }, "geometry": { "type": "Polygon", "coordinates": [ [ [ 38.7590709, 9.0058808 ], [ 38.762877, 9.0129834 ], [ 38.771192, 9.0184455 ], [ 38.7742102, 9.0174735 ], [ 38.7821863, 9.0204951 ], [ 38.7822623, 9.0205134 ], [ 38.7823931, 9.0205435 ], [ 38.7831854, 9.0201498 ], [ 38.7875552, 9.0160411 ], [ 38.7955817, 9.0122013 ], [ 38.8019364, 9.0054341 ], [ 38.8034099, 9.0004249 ], [ 38.8067441, 8.9913294 ], [ 38.8097735, 8.9869675 ], [ 38.8035562, 8.9852867 ], [ 38.8021619, 8.9853275 ], [ 38.7996331, 8.9854045 ], [ 38.7971379, 8.9861223 ], [ 38.7899075, 8.9859732 ], [ 38.7880106, 8.9854871 ], [ 38.7855757, 8.9849273 ], [ 38.7842988, 8.9845215 ], [ 38.7787516, 8.9794447 ], [ 38.7777914, 8.9763594 ], [ 38.7804589, 8.9680504 ], [ 38.7804395, 8.9665631 ], [ 38.7764513, 8.9654406 ], [ 38.7726275, 8.964449 ], [ 38.7662108, 8.9676225 ], [ 38.7609422, 8.9727954 ], [ 38.7564987, 8.9822218 ], [ 38.7568902, 8.9862507 ], [ 38.7556778, 8.9958187 ], [ 38.7590709, 9.0058808 ] ] ] } },
{ "type": "Feature", "properties": { "threshold_s": 300, "time_label": "5 min drive" }, "geometry": { "type": "Polygon", "coordinates": [ [ [ 38.7838371, 8.9909241 ], [ 38.7830666, 8.9913983 ], [ 38.7873682, 8.9940098 ], [ 38.788413, 8.9959625 ], [ 38.788491, 8.9960225 ], [ 38.7917227, 8.9977053 ], [ 38.7934448, 8.9976551 ], [ 38.7951352, 8.9973643 ], [ 38.797341, 8.9927148 ], [ 38.797957, 8.9920335 ], [ 38.7992705, 8.9883311 ], [ 38.8021714, 8.9855567 ], [ 38.8021619, 8.9853275 ], [ 38.7996331, 8.9854045 ], [ 38.7971379, 8.9861223 ], [ 38.7920318, 8.9875297 ], [ 38.791375, 8.9871117 ], [ 38.789819799999989, 8.986366 ], [ 38.788826, 8.985809 ], [ 38.7855757, 8.9849273 ], [ 38.7842988, 8.9845215 ], [ 38.784115, 8.9851798 ], [ 38.7843123, 8.9857955 ], [ 38.7838371, 8.9909241 ] ] ] } },
{ "type": "Feature", "properties": { "threshold_s": 600, "time_label": "10 min drive" }, "geometry": { "type": "Polygon", "coordinates": [ [ [ 38.777362, 8.9984848 ], [ 38.7791347, 9.0046913 ], [ 38.7847403, 9.0066431 ], [ 38.7894939, 9.0070331 ], [ 38.7901645, 9.0068358 ], [ 38.7990505, 9.0070571 ], [ 38.8017743, 9.0076652 ], [ 38.8035621, 9.0081352 ], [ 38.8053968, 9.0014888 ], [ 38.8056015, 9.0006917 ], [ 38.8083827, 8.9935965 ], [ 38.8096195, 8.9919077 ], [ 38.8114187, 8.9892505 ], [ 38.8097735, 8.9869675 ], [ 38.8079529, 8.9863615 ], [ 38.8066972, 8.9860036 ], [ 38.8035562, 8.9852867 ], [ 38.8021619, 8.9853275 ], [ 38.7996331, 8.9854045 ], [ 38.7971379, 8.9861223 ], [ 38.788826, 8.985809 ], [ 38.7855757, 8.9849273 ], [ 38.7787516, 8.9794447 ], [ 38.7774544, 8.9782849 ], [ 38.7773172, 8.9783013 ], [ 38.776774, 8.9784514 ], [ 38.7747404, 8.9801097 ], [ 38.7737218, 8.9816961 ], [ 38.7740997, 8.9833243 ], [ 38.774466, 8.9840908 ], [ 38.7737218, 8.9925375 ], [ 38.7734496, 8.993719 ], [ 38.7743488, 8.9956238 ], [ 38.777362, 8.9984848 ] ] ] } },
{ "type": "Feature", "properties": { "threshold_s": 900, "time_label": "15 min drive" }, "geometry": { "type": "Polygon", "coordinates": [ [ [ 38.7680585, 9.0045594 ], [ 38.7732789, 9.0121882 ], [ 38.7743465, 9.0124832 ], [ 38.7870015, 9.0175376 ], [ 38.7888092, 9.0179132 ], [ 38.8023704, 9.017401 ], [ 38.8038278, 9.0181359 ], [ 38.8082885, 9.0154434 ], [ 38.8118426, 9.0114005 ], [ 38.8123268, 9.0080855 ], [ 38.8191622, 8.9962648 ], [ 38.8216274, 8.9918036 ], [ 38.8224352, 8.9880001 ], [ 38.8224779, 8.9875827 ], [ 38.8208006, 8.9803978 ], [ 38.8097735, 8.9869675 ], [ 38.8079529, 8.9863615 ], [ 38.8066972, 8.9860036 ], [ 38.8035562, 8.9852867 ], [ 38.8021619, 8.9853275 ], [ 38.7996331, 8.9854045 ], [ 38.7899075, 8.9859732 ], [ 38.7880106, 8.9854871 ], [ 38.7777914, 8.9763594 ], [ 38.7759295, 8.9724099 ], [ 38.7750556, 8.9694476 ], [ 38.7651325, 8.9733813 ], [ 38.764893, 8.9839074 ], [ 38.7646631, 8.9960887 ], [ 38.7649383, 8.997765 ], [ 38.7658497, 8.9998495 ], [ 38.7679271, 9.0042908 ], [ 38.7680585, 9.0045594 ] ] ] } },
{ "type": "Feature", "properties": { "threshold_s": 300, "time_label": "5 min drive" }, "geometry": { "type": "Polygon", "coordinates": [ [ [ 38.7854666, 8.9953642 ], [ 38.7868816, 8.9977798 ], [ 38.788114299999989, 8.9962622 ], [ 38.7907287, 8.9971431 ], [ 38.7918951, 8.9981743 ], [ 38.7936291, 8.9982041 ], [ 38.7946719, 8.9978068 ], [ 38.7951352, 8.9973643 ], [ 38.7956395, 8.9945489 ], [ 38.7970592, 8.9929145 ], [ 38.797341, 8.9927148 ], [ 38.797957, 8.9920335 ], [ 38.7976136, 8.9913002 ], [ 38.7992705, 8.9883311 ], [ 38.799967, 8.9868141 ], [ 38.7996331, 8.9854045 ], [ 38.7976586, 8.9872854 ], [ 38.7965669, 8.9878238 ], [ 38.7962514, 8.988003 ], [ 38.7948121, 8.988467 ], [ 38.7920318, 8.9875297 ], [ 38.791375, 8.9871117 ], [ 38.789819799999989, 8.986366 ], [ 38.788826, 8.985809 ], [ 38.7879749, 8.9856538 ], [ 38.7868774, 8.9866064 ], [ 38.7863435, 8.9883604 ], [ 38.7847861, 8.9907155 ], [ 38.7838371, 8.9909241 ], [ 38.7830666, 8.9913983 ], [ 38.784849, 8.9933918 ], [ 38.7854666, 8.9953642 ] ] ] } },
{ "type": "Feature", "properties": { "threshold_s": 600, "time_label": "10 min drive" }, "geometry": { "type": "Polygon", "coordinates": [ [ [ 38.7779966, 8.9994625 ], [ 38.7791347, 9.0046913 ], [ 38.780947, 9.005392 ], [ 38.7836044, 9.0063722 ], [ 38.7887931, 9.0078893 ], [ 38.7899351, 9.007516 ], [ 38.7917664, 9.0063258 ], [ 38.7982363, 9.0060494 ], [ 38.7987974, 9.006169 ], [ 38.8012885, 9.0067028 ], [ 38.8034796, 9.0044801 ], [ 38.804329, 9.0019673 ], [ 38.8046476, 9.0003258 ], [ 38.8049696, 8.9990194 ], [ 38.8062216, 8.9954541 ], [ 38.8085094, 8.9919028 ], [ 38.8103143, 8.9883096 ], [ 38.8097735, 8.9869675 ], [ 38.8079529, 8.9863615 ], [ 38.8035562, 8.9852867 ], [ 38.8021619, 8.9853275 ], [ 38.7996331, 8.9854045 ], [ 38.7971379, 8.9861223 ], [ 38.789819799999989, 8.986366 ], [ 38.788826, 8.985809 ], [ 38.7855757, 8.9849273 ], [ 38.7842988, 8.9845215 ], [ 38.7787516, 8.9794447 ], [ 38.7762988, 8.9807822 ], [ 38.7757218, 8.9818285 ], [ 38.7764753, 8.9868029 ], [ 38.7734938, 8.9926488 ], [ 38.7730194, 8.9957645 ], [ 38.7779966, 8.9994625 ] ] ] } },
{ "type": "Feature", "properties": { "threshold_s": 900, "time_label": "15 min drive" }, "geometry": { "type": "Polygon", "coordinates": [ [ [ 38.7674794, 9.0056217 ], [ 38.7732789, 9.0121882 ], [ 38.7819307, 9.0165447 ], [ 38.7868626, 9.0185753 ], [ 38.7890664, 9.0182611 ], [ 38.8023704, 9.017401 ], [ 38.8031721, 9.0170176 ], [ 38.8074242, 9.0149396 ], [ 38.8079018, 9.0146814 ], [ 38.8105828, 9.0115618 ], [ 38.8108202, 9.0112452 ], [ 38.8137605, 9.0016289 ], [ 38.8179858, 8.9958567 ], [ 38.8205831, 8.9900713 ], [ 38.8211341, 8.9874536 ], [ 38.8206262, 8.9846351 ], [ 38.8066972, 8.9860036 ], [ 38.8035562, 8.9852867 ], [ 38.8021619, 8.9853275 ], [ 38.7996331, 8.9854045 ], [ 38.7899075, 8.9859732 ], [ 38.7880106, 8.9854871 ], [ 38.7777914, 8.9763594 ], [ 38.7759295, 8.9724099 ], [ 38.7750556, 8.9694476 ], [ 38.7659511, 8.9761362 ], [ 38.7648658, 8.9881086 ], [ 38.7645362, 8.9962639 ], [ 38.7657356, 9.0008423 ], [ 38.7674794, 9.0056217 ] ] ] } },
{ "type": "Feature", "properties": { "threshold_s": 300, "time_label": "5 min drive" }, "geometry": { "type": "Polygon", "coordinates": [ [ [ 38.7819173, 8.9988803 ], [ 38.7823378, 9.0013971 ], [ 38.782411, 9.0014722 ], [ 38.7852721, 9.0022342 ], [ 38.7863282, 9.0029323 ], [ 38.7892042, 9.0040436 ], [ 38.7882698, 9.0017096 ], [ 38.7897293, 8.9996859 ], [ 38.7906855, 8.9993148 ], [ 38.7913789, 8.9990156 ], [ 38.7920983, 8.9987684 ], [ 38.792624, 8.9985777 ], [ 38.7931544, 8.9983837 ], [ 38.7936291, 8.9982041 ], [ 38.7941482, 8.9979968 ], [ 38.7946719, 8.9978068 ], [ 38.7965052, 8.9969379 ], [ 38.7956395, 8.9945489 ], [ 38.7952264, 8.9934812 ], [ 38.7948366, 8.9914727 ], [ 38.7942992, 8.9887271 ], [ 38.7916494, 8.988039 ], [ 38.7914167, 8.9880342 ], [ 38.7886316, 8.987331 ], [ 38.7883132, 8.9874833 ], [ 38.7867721, 8.989924 ], [ 38.7860818, 8.9902517 ], [ 38.7847861, 8.9907155 ], [ 38.7836621, 8.9932839 ], [ 38.7831277, 8.9950529 ], [ 38.7828273, 8.996347 ], [ 38.7819173, 8.9988803 ] ] ] } },
{ "type": "Feature", "properties": { "threshold_s": 600, "time_label": "10 min drive" }, "geometry": { "type": "Polygon", "coordinates": [ [ [ 38.773443, 9.0062162 ], [ 38.7751776, 9.0098829 ], [ 38.7814606, 9.0122943 ], [ 38.7831329, 9.0133339 ], [ 38.7835138, 9.0134781 ], [ 38.7874922, 9.0136376 ], [ 38.7897772, 9.0133568 ], [ 38.7945046, 9.0111732 ], [ 38.7953639, 9.0098224 ], [ 38.7974873, 9.0060231 ], [ 38.7999904, 9.0004819 ], [ 38.8004776, 8.9984045 ], [ 38.797341, 8.9927148 ], [ 38.797957, 8.9920335 ], [ 38.8028242, 8.9908194 ], [ 38.8035396, 8.9855276 ], [ 38.8035562, 8.9852867 ], [ 38.8021619, 8.9853275 ], [ 38.7996331, 8.9854045 ], [ 38.7971379, 8.9861223 ], [ 38.791375, 8.9871117 ], [ 38.789819799999989, 8.986366 ], [ 38.788826, 8.985809 ], [ 38.7855757, 8.9849273 ], [ 38.7842988, 8.9845215 ], [ 38.7829895, 8.9840922 ], [ 38.7824454, 8.9839019 ], [ 38.7810382, 8.9833915 ], [ 38.7780281, 8.986051 ], [ 38.777445299999989, 8.9880264 ], [ 38.7744098, 8.993727 ], [ 38.7741375, 8.9945623 ], [ 38.777362, 8.9984848 ], [ 38.7753379, 9.0044741 ], [ 38.773414, 9.0061278 ], [ 38.773443, 9.0062162 ] ] ] } },
{ "type": "Feature", "properties": { "threshold_s": 900, "time_label": "15 min drive" }, "geometry": { "type": "Polygon", "coordinates": [ [ [ 38.7682007, 9.0165141 ], [ 38.7713573, 9.0204686 ], [ 38.7811702, 9.0225738 ], [ 38.7862243, 9.0253207 ], [ 38.7949194, 9.0209783 ], [ 38.7994298, 9.0188571 ], [ 38.8034284, 9.0138029 ], [ 38.8059445, 9.0070212 ], [ 38.8075008, 9.0044075 ], [ 38.80755520000001, 9.0042668 ], [ 38.8088088, 9.0004855 ], [ 38.813744, 8.9920134 ], [ 38.814689799999989, 8.9903523 ], [ 38.8151393, 8.9891745 ], [ 38.8097735, 8.9869675 ], [ 38.8079529, 8.9863615 ], [ 38.8066972, 8.9860036 ], [ 38.8035562, 8.9852867 ], [ 38.8021619, 8.9853275 ], [ 38.7996331, 8.9854045 ], [ 38.7971379, 8.9861223 ], [ 38.788826, 8.985809 ], [ 38.7879749, 8.9856538 ], [ 38.7855757, 8.9849273 ], [ 38.7787516, 8.9794447 ], [ 38.7777914, 8.9763594 ], [ 38.7774548, 8.9759568 ], [ 38.7773636, 8.975878 ], [ 38.7744048, 8.9765355 ], [ 38.7715365, 8.9776438 ], [ 38.7697098, 8.9786677 ], [ 38.7695518, 8.978943 ], [ 38.767618, 8.9854072 ], [ 38.7662867, 8.9897064 ], [ 38.7660614, 8.9911266 ], [ 38.7656088, 8.9967195 ], [ 38.7657918, 9.0013837 ], [ 38.7661556, 9.0073141 ], [ 38.7658891, 9.0123181 ], [ 38.7682007, 9.0165141 ] ] ] } },
{ "type": "Feature", "properties": { "threshold_s": 300, "time_label": "5 min drive" }, "geometry": { "type": "Polygon", "coordinates": [ [ [ 38.7776278, 8.9979624 ], [ 38.7779966, 8.9994625 ], [ 38.7794906, 8.9991652 ], [ 38.7816457, 8.9992002 ], [ 38.7822667, 8.9992671 ], [ 38.7827763, 8.9993254 ], [ 38.783416, 8.9991267 ], [ 38.7839102, 8.9987704 ], [ 38.7849841, 8.9979637 ], [ 38.7866273, 8.9961126 ], [ 38.7876687, 8.9957904 ], [ 38.7886913, 8.9948075 ], [ 38.7887993, 8.9927548 ], [ 38.790229, 8.9920772 ], [ 38.7897353, 8.991741 ], [ 38.7879873, 8.9904466 ], [ 38.7893008, 8.9887511 ], [ 38.7908943, 8.9878711 ], [ 38.791375, 8.9871117 ], [ 38.7888132, 8.9859297 ], [ 38.7879749, 8.9856538 ], [ 38.7855757, 8.9849273 ], [ 38.7842988, 8.9845215 ], [ 38.7824454, 8.9839019 ], [ 38.7810382, 8.9833915 ], [ 38.779409, 8.9827553 ], [ 38.7786342, 8.9830658 ], [ 38.776095, 8.9835302 ], [ 38.7750814, 8.9858083 ], [ 38.775293, 8.9867802 ], [ 38.7750361, 8.9888151 ], [ 38.7745701, 8.9912135 ], [ 38.7741154, 8.9932832 ], [ 38.7741375, 8.9945623 ], [ 38.7742583, 8.9950284 ], [ 38.7751773, 8.9954422 ], [ 38.7770092, 8.9949946 ], [ 38.7781307, 8.9965431 ], [ 38.7776278, 8.9979624 ] ] ] } },
{ "type": "Feature", "properties": { "threshold_s": 600, "time_label": "10 min drive" }, "geometry": { "type": "Polygon", "coordinates": [ [ [ 38.7665433, 9.0010165 ], [ 38.7681509, 9.0044184 ], [ 38.7747833, 9.0070232 ], [ 38.7770297, 9.0082385 ], [ 38.7792251, 9.009369 ], [ 38.780713, 9.0097015 ], [ 38.7817363, 9.009675 ], [ 38.7828936, 9.0091551 ], [ 38.7892283, 9.0061657 ], [ 38.7898343, 9.0055715 ], [ 38.7920983, 8.9987684 ], [ 38.792624, 8.9985777 ], [ 38.7931544, 8.9983837 ], [ 38.7936291, 8.9982041 ], [ 38.7941482, 8.9979968 ], [ 38.7946719, 8.9978068 ], [ 38.7965052, 8.9969379 ], [ 38.797957, 8.9920335 ], [ 38.7997874, 8.9861208 ], [ 38.7996331, 8.9854045 ], [ 38.7965669, 8.9878238 ], [ 38.791375, 8.9871117 ], [ 38.789819799999989, 8.986366 ], [ 38.788826, 8.985809 ], [ 38.7880106, 8.9854871 ], [ 38.7855757, 8.9849273 ], [ 38.7842988, 8.9845215 ], [ 38.7829895, 8.9840922 ], [ 38.7787516, 8.9794447 ], [ 38.7777914, 8.9763594 ], [ 38.7774548, 8.9759568 ], [ 38.7773636, 8.975878 ], [ 38.7760118, 8.9755812 ], [ 38.7748957, 8.9753542 ], [ 38.7736234, 8.9756236 ], [ 38.7707829, 8.9764667 ], [ 38.7676058, 8.9774758 ], [ 38.7658419, 8.9839228 ], [ 38.7662867, 8.9897064 ], [ 38.7660614, 8.9911266 ], [ 38.7654197, 8.9966008 ], [ 38.7665433, 9.0010165 ] ] ] } },
{ "type": "Feature", "properties": { "threshold_s": 900, "time_label": "15 min drive" }, "geometry": { "type": "Polygon", "coordinates": [ [ [ 38.7590709, 9.0058808 ], [ 38.762877, 9.0129834 ], [ 38.771192, 9.0184455 ], [ 38.7742102, 9.0174735 ], [ 38.7821863, 9.0204951 ], [ 38.7822623, 9.0205134 ], [ 38.7823931, 9.0205435 ], [ 38.78304, 9.0204663 ], [ 38.7889022, 9.0159914 ], [ 38.7961516, 9.0125743 ], [ 38.8030658, 9.0047334 ], [ 38.804299, 8.9997678 ], [ 38.8072922, 8.9922538 ], [ 38.8097735, 8.9869675 ], [ 38.8035562, 8.9852867 ], [ 38.8021619, 8.9853275 ], [ 38.7996331, 8.9854045 ], [ 38.7971379, 8.9861223 ], [ 38.7899075, 8.9859732 ], [ 38.7880106, 8.9854871 ], [ 38.7855757, 8.9849273 ], [ 38.7842988, 8.9845215 ], [ 38.7787516, 8.9794447 ], [ 38.7777914, 8.9763594 ], [ 38.7804589, 8.9680504 ], [ 38.7804395, 8.9665631 ], [ 38.7764513, 8.9654406 ], [ 38.7726275, 8.964449 ], [ 38.7662108, 8.9676225 ], [ 38.7609422, 8.9727954 ], [ 38.7564987, 8.9822218 ], [ 38.7566308, 8.9868222 ], [ 38.7556778, 8.9958187 ], [ 38.7590709, 9.0058808 ] ] ] } },
{ "type": "Feature", "properties": { "threshold_s": 300, "time_label": "5 min drive" }, "geometry": { "type": "Polygon", "coordinates": [ [ [ 38.7253797, 8.9978604 ], [ 38.7256919, 8.9982672 ], [ 38.7268985, 8.9991841 ], [ 38.7274674, 8.99912 ], [ 38.7289264, 8.9982376 ], [ 38.7302594, 8.9977804 ], [ 38.7307139, 8.9976947 ], [ 38.732501, 9.001813 ], [ 38.7329972, 9.0026872 ], [ 38.7335544, 9.0035157 ], [ 38.7334632, 9.0033383 ], [ 38.7330776, 9.0026316 ], [ 38.7325948, 9.0017547 ], [ 38.7308209, 8.9976433 ], [ 38.7316547, 8.9970266 ], [ 38.7324621, 8.9965338 ], [ 38.7344089, 8.9966973 ], [ 38.7351872, 8.9964457 ], [ 38.7363319, 8.9957165 ], [ 38.7394639, 8.9978997 ], [ 38.7394221, 8.997372 ], [ 38.7392383, 8.9966999 ], [ 38.7397378, 8.9943393 ], [ 38.7403068, 8.9941116 ], [ 38.740865, 8.9940103 ], [ 38.7411296, 8.9936811 ], [ 38.7412965, 8.9928056 ], [ 38.741192, 8.9921603 ], [ 38.7401251, 8.9912146 ], [ 38.7381953, 8.9896915 ], [ 38.7376133, 8.9892067 ], [ 38.7375073, 8.9892226 ], [ 38.7362266, 8.9892398 ], [ 38.7350048, 8.9882145 ], [ 38.7343611, 8.9875946 ], [ 38.7334344, 8.9873191 ], [ 38.7328336, 8.9881682 ], [ 38.7323374, 8.9888358 ], [ 38.7318071, 8.9905608 ], [ 38.7315101, 8.9928616 ], [ 38.7310003, 8.9932659 ], [ 38.7306756, 8.9935185 ], [ 38.7300958, 8.9939767 ], [ 38.7281075, 8.9943971 ], [ 38.7271369, 8.9932141 ], [ 38.7278068, 8.9946508 ], [ 38.7258931, 8.995587 ], [ 38.7255468, 8.9955578 ], [ 38.7253797, 8.9978604 ] ] ] } },
{ "type": "Feature", "properties": { "threshold_s": 600, "time_label": "10 min drive" }, "geometry": { "type": "Polygon", "coordinates": [ [ [ 38.7189773, 9.0029713 ], [ 38.7193601, 9.0036258 ], [ 38.7199702, 9.0042617 ], [ 38.7193998, 9.0029948 ], [ 38.7220337, 8.9992215 ], [ 38.7224929, 8.9990797 ], [ 38.7236724, 8.9987142 ], [ 38.7268985, 8.9991841 ], [ 38.7274674, 8.99912 ], [ 38.7289264, 8.9982376 ], [ 38.732501, 9.001813 ], [ 38.730182, 9.0046135 ], [ 38.7292146, 9.0052443 ], [ 38.7285474, 9.0064755 ], [ 38.7284978, 9.0065722 ], [ 38.7286855, 9.0089895 ], [ 38.7321181, 9.0117201 ], [ 38.7344752, 9.0132766 ], [ 38.7363181, 9.0130325 ], [ 38.7376042, 9.0120621 ], [ 38.7389403, 9.0110598 ], [ 38.7389141, 9.0108949 ], [ 38.7387193, 9.0103826 ], [ 38.7387063, 9.0084186 ], [ 38.7435774, 9.0082213 ], [ 38.7436921, 9.00817 ], [ 38.7451953, 9.0051276 ], [ 38.7469735, 9.0027395 ], [ 38.7456183, 9.0011772 ], [ 38.7475747, 8.9974498 ], [ 38.7503139, 8.9949667 ], [ 38.7503466, 8.994908 ], [ 38.7499169, 8.9929796 ], [ 38.7497033, 8.9919146 ], [ 38.7495001, 8.9903145 ], [ 38.7493942, 8.9868021 ], [ 38.7499356, 8.9848156 ], [ 38.7460128, 8.9829303 ], [ 38.7414242, 8.982242 ], [ 38.7400372, 8.9805206 ], [ 38.7390094, 8.9805037 ], [ 38.7372518, 8.980258 ], [ 38.7328836, 8.9778363 ], [ 38.7313138, 8.9771965 ], [ 38.7283872, 8.9787856 ], [ 38.7270547, 8.9798003 ], [ 38.7258008, 8.9824669 ], [ 38.722532, 8.9843766 ], [ 38.7196875, 8.984451 ], [ 38.7179174, 8.9892139 ], [ 38.716908, 8.9901293 ], [ 38.71692, 8.9926857 ], [ 38.7169688, 8.9929217 ], [ 38.7187348, 8.9973036 ], [ 38.7189357, 9.0001877 ], [ 38.7189773, 9.0029713 ] ] ] } },
{ "type": "Feature", "properties": { "threshold_s": 900, "time_label": "15 min drive" }, "geometry": { "type": "Polygon", "coordinates": [ [ [ 38.7191807, 9.0122896 ], [ 38.7207234, 9.0147076 ], [ 38.7240507, 9.0166573 ], [ 38.7267511, 9.0187878 ], [ 38.7301341, 9.0212069 ], [ 38.7335966, 9.0242952 ], [ 38.7371667, 9.0241826 ], [ 38.7428476, 9.0213885 ], [ 38.7466047, 9.0184173 ], [ 38.7510317, 9.0150031 ], [ 38.7517117, 9.0142593 ], [ 38.7533839, 9.0117472 ], [ 38.7550777, 9.0071838 ], [ 38.7560797, 9.0039028 ], [ 38.758485, 8.999819 ], [ 38.7595939, 8.9955921 ], [ 38.7596548, 8.9944049 ], [ 38.7591078, 8.9902103 ], [ 38.7589226, 8.9866488 ], [ 38.7599712, 8.9807353 ], [ 38.7593244, 8.9792221 ], [ 38.7549105, 8.9779306 ], [ 38.7514169, 8.9756873 ], [ 38.746781, 8.971892 ], [ 38.7414769, 8.9712304 ], [ 38.7385016, 8.9691304 ], [ 38.737321, 8.9697154 ], [ 38.731406, 8.9690896 ], [ 38.7313134, 8.9690899 ], [ 38.7280208, 8.9705749 ], [ 38.7279082, 8.9712317 ], [ 38.7279522, 8.9731356 ], [ 38.7232493, 8.9756678 ], [ 38.7217311, 8.9755019 ], [ 38.7156282, 8.9769945 ], [ 38.7151697, 8.9787964 ], [ 38.7148047, 8.9797758 ], [ 38.7144644, 8.9810443 ], [ 38.7142038, 8.9818854 ], [ 38.7165458, 8.9869257 ], [ 38.7125153, 8.9887289 ], [ 38.7103656, 8.988313 ], [ 38.7086718, 8.9871707 ], [ 38.7085155, 8.9870446 ], [ 38.7079881, 8.9867618 ], [ 38.7079533, 8.9876657 ], [ 38.7090133, 8.9935707 ], [ 38.7099108, 8.9951782 ], [ 38.7109765, 8.9958023 ], [ 38.7143733, 9.0001679 ], [ 38.716118, 9.000587 ], [ 38.7188894, 9.0059185 ], [ 38.7190919, 9.0068716 ], [ 38.7194323, 9.0098246 ], [ 38.7191591, 9.0121974 ], [ 38.7191807, 9.0122896 ] ] ] } },
{ "type": "Feature", "properties": { "threshold_s": 300, "time_label": "5 min drive" }, "geometry": { "type": "Polygon", "coordinates": [ [ [ 38.7190919, 9.0068716 ], [ 38.7197143, 9.0079515 ], [ 38.7199702, 9.0042617 ], [ 38.7193998, 9.0029948 ], [ 38.7209133, 8.9995602 ], [ 38.7220337, 8.9992215 ], [ 38.7224929, 8.9990797 ], [ 38.7236724, 8.9987142 ], [ 38.7268985, 8.9991841 ], [ 38.7274674, 8.99912 ], [ 38.7289264, 8.9982376 ], [ 38.7286546, 8.9974645 ], [ 38.7258931, 8.995587 ], [ 38.7250394, 8.9949559 ], [ 38.7221247, 8.9925416 ], [ 38.720903, 8.9922862 ], [ 38.7183742, 8.9908931 ], [ 38.7160403, 8.9927609 ], [ 38.7147728, 8.9935168 ], [ 38.7138261, 8.9942438 ], [ 38.7142279, 8.9958604 ], [ 38.7164986, 8.9955436 ], [ 38.7188513, 8.9979545 ], [ 38.7189357, 9.0001877 ], [ 38.7189773, 9.0029713 ], [ 38.7188894, 9.0059185 ], [ 38.7190919, 9.0068716 ] ] ] } },
{ "type": "Feature", "properties": { "threshold_s": 600, "time_label": "10 min drive" }, "geometry": { "type": "Polygon", "coordinates": [ [ [ 38.7141997, 9.0124602 ], [ 38.716879, 9.0190493 ], [ 38.7188528, 9.0197485 ], [ 38.7216206, 9.0196465 ], [ 38.722433, 9.0193249 ], [ 38.7246314, 9.0183541 ], [ 38.7260451, 9.0174362 ], [ 38.7290074, 9.0145368 ], [ 38.7308092, 9.0118327 ], [ 38.7347755, 9.0062517 ], [ 38.7353683, 9.0005664 ], [ 38.738917, 8.9944997 ], [ 38.7387386, 8.9942276 ], [ 38.7356628, 8.9906408 ], [ 38.7305312, 8.9860379 ], [ 38.7300174, 8.985363 ], [ 38.7269208, 8.9842288 ], [ 38.7245281, 8.9839306 ], [ 38.7189652, 8.9832542 ], [ 38.7184726, 8.9834798 ], [ 38.7180908, 8.9841611 ], [ 38.7165458, 8.9869257 ], [ 38.7125153, 8.9887289 ], [ 38.7086718, 8.9871707 ], [ 38.7085155, 8.9870446 ], [ 38.7079881, 8.9867618 ], [ 38.7059584, 8.9856269 ], [ 38.7053044, 8.9852953 ], [ 38.7053879, 8.9861865 ], [ 38.7051069, 8.9925725 ], [ 38.7048694, 8.9934856 ], [ 38.7047991, 8.9953969 ], [ 38.7049753, 8.9980443 ], [ 38.7076838, 9.0000546 ], [ 38.7143733, 9.0001679 ], [ 38.715076, 9.0028237 ], [ 38.7154962, 9.0043582 ], [ 38.7149204, 9.0076358 ], [ 38.7142405, 9.0108921 ], [ 38.7141997, 9.0124602 ] ] ] } },
{ "type": "Feature", "properties": { "threshold_s": 900, "time_label": "15 min drive" }, "geometry": { "type": "Polygon", "coordinates": [ [ [ 38.7149185, 9.0297554 ], [ 38.7149133, 9.0300787 ], [ 38.7154136, 9.0298438 ], [ 38.7197509, 9.0283287 ], [ 38.7253348, 9.0282388 ], [ 38.728074, 9.0271634 ], [ 38.7296619, 9.0251528 ], [ 38.7342042, 9.023068 ], [ 38.7354575, 9.0226442 ], [ 38.7383781, 9.0181848 ], [ 38.7407528, 9.0125592 ], [ 38.7432431, 9.0074962 ], [ 38.7454619, 9.0025839 ], [ 38.7453967, 8.9958182 ], [ 38.7463083, 8.995148 ], [ 38.7467784, 8.9939409 ], [ 38.7469936, 8.9934472 ], [ 38.747121, 8.9917451 ], [ 38.7466872, 8.9882466 ], [ 38.7462675, 8.9865609 ], [ 38.7415929, 8.9840381 ], [ 38.7390308, 8.982704 ], [ 38.7378644, 8.9820772 ], [ 38.7343044, 8.9793256 ], [ 38.7324017, 8.9766384 ], [ 38.7266952, 8.975401 ], [ 38.7246543, 8.9731595 ], [ 38.7201231, 8.9730443 ], [ 38.7156376, 8.975235 ], [ 38.7135418, 8.9763191 ], [ 38.7127013, 8.9783543 ], [ 38.7129062, 8.9801404 ], [ 38.7125681, 8.9826245 ], [ 38.7059584, 8.9856269 ], [ 38.7053044, 8.9852953 ], [ 38.7037356, 8.9846857 ], [ 38.7021218, 8.9840129 ], [ 38.6985553, 8.9808574 ], [ 38.6969832, 8.9812131 ], [ 38.6956883, 8.9817224 ], [ 38.69472, 8.9823438 ], [ 38.6972678, 8.9870893 ], [ 38.6975153, 8.9877243 ], [ 38.6981825, 8.9903799 ], [ 38.6955867, 8.9965317 ], [ 38.6960312, 8.9993386 ], [ 38.6969188, 9.0027667 ], [ 38.6973523, 9.0039701 ], [ 38.7020485, 9.0070371 ], [ 38.7034982, 9.0135973 ], [ 38.703086, 9.0165013 ], [ 38.7033377, 9.0167779 ], [ 38.7074751, 9.020983 ], [ 38.7113392, 9.0229746 ], [ 38.714946, 9.0291351 ], [ 38.7149185, 9.0297554 ] ] ] } },
{ "type": "Feature", "properties": { "threshold_s": 300, "time_label": "5 min drive" }, "geometry": { "type": "Polygon", "coordinates": [ [ [ 38.7725128, 9.0102701 ], [ 38.7732789, 9.0121882 ], [ 38.7743465, 9.0124832 ], [ 38.7756928, 9.012622 ], [ 38.7778035, 9.0124771 ], [ 38.7792254, 9.0132141 ], [ 38.7793668, 9.0132882 ], [ 38.7817494, 9.0139229 ], [ 38.782059, 9.014438 ], [ 38.7831329, 9.0133339 ], [ 38.7836253, 9.0118787 ], [ 38.7857111, 9.0102443 ], [ 38.7843038, 9.0083295 ], [ 38.7865522, 9.0071981 ], [ 38.7869585, 9.0047681 ], [ 38.7859564, 9.0022885 ], [ 38.7858522, 9.001513 ], [ 38.7856291, 9.0010559 ], [ 38.785657, 8.9988254 ], [ 38.7856127, 8.9987552 ], [ 38.7831283, 8.9981565 ], [ 38.7806393, 8.9975317 ], [ 38.7802986, 8.996918 ], [ 38.7791016, 8.9964783 ], [ 38.7788194, 8.9966769 ], [ 38.7776278, 8.9979624 ], [ 38.777362, 8.9984848 ], [ 38.7779966, 8.9994625 ], [ 38.7788891, 8.9997858 ], [ 38.7795597, 9.0006527 ], [ 38.7797689, 9.0015699 ], [ 38.7792411, 9.0026554 ], [ 38.7772268, 9.0028263 ], [ 38.7757771, 9.0033548 ], [ 38.7734655, 9.0030482 ], [ 38.7734899, 9.0014308 ], [ 38.7719603, 9.0024587 ], [ 38.7707131, 9.0045185 ], [ 38.7705863, 9.0055165 ], [ 38.7709697, 9.0062587 ], [ 38.7714755, 9.0087054 ], [ 38.7725128, 9.0102701 ] ] ] } },
{ "type": "Feature", "properties": { "threshold_s": 600, "time_label": "10 min drive" }, "geometry": { "type": "Polygon", "coordinates": [ [ [ 38.762877, 9.0129834 ], [ 38.7640158, 9.0171291 ], [ 38.766175, 9.0194163 ], [ 38.7686595, 9.0207369 ], [ 38.7713573, 9.0204686 ], [ 38.7732625, 9.0224856 ], [ 38.7753358, 9.0224459 ], [ 38.7757073, 9.021581 ], [ 38.778081, 9.0202005 ], [ 38.7803283, 9.0233325 ], [ 38.7806577, 9.0238498 ], [ 38.7811059, 9.0234327 ], [ 38.7828895, 9.0215465 ], [ 38.7863129, 9.0211792 ], [ 38.7904462, 9.020033 ], [ 38.791997, 9.0167392 ], [ 38.7925052, 9.0156893 ], [ 38.7946213, 9.0130306 ], [ 38.7961084, 9.0088746 ], [ 38.7964341, 9.0078609 ], [ 38.797055, 9.0051511 ], [ 38.7970275, 9.0050917 ], [ 38.7967938, 9.004626 ], [ 38.7965531, 9.0041497 ], [ 38.7964382, 9.0039085 ], [ 38.7962275, 9.0034812 ], [ 38.7961247, 9.0032722 ], [ 38.7959352, 9.0028967 ], [ 38.7958496, 9.0027295 ], [ 38.7958042, 9.0028503 ], [ 38.7937877, 9.0050546 ], [ 38.7936953, 9.0050935 ], [ 38.7917389, 9.0056483 ], [ 38.7892042, 9.0040436 ], [ 38.7897293, 8.9996859 ], [ 38.7906855, 8.9993148 ], [ 38.7913789, 8.9990156 ], [ 38.7920983, 8.9987684 ], [ 38.792624, 8.9985777 ], [ 38.7931544, 8.9983837 ], [ 38.7936291, 8.9982041 ], [ 38.7941482, 8.9979968 ], [ 38.7946719, 8.9978068 ], [ 38.7951352, 8.9973643 ], [ 38.7956395, 8.9945489 ], [ 38.793028, 8.9918786 ], [ 38.793088, 8.9904577 ], [ 38.7930034, 8.9904073 ], [ 38.7905229, 8.9906157 ], [ 38.7867721, 8.989924 ], [ 38.7835729, 8.9882331 ], [ 38.7812904, 8.9882357 ], [ 38.7786151, 8.9867668 ], [ 38.7764753, 8.9868029 ], [ 38.7756031, 8.9871261 ], [ 38.7755492, 8.9871715 ], [ 38.7750361, 8.9888151 ], [ 38.7729333, 8.9927706 ], [ 38.77013, 8.9942115 ], [ 38.7692598, 8.9946288 ], [ 38.7681658, 8.9951992 ], [ 38.7643388, 8.9973094 ], [ 38.7629789, 9.000368 ], [ 38.7632006, 9.0023557 ], [ 38.7634095, 9.0027896 ], [ 38.763698, 9.0032032 ], [ 38.7643257, 9.0041211 ], [ 38.7657386, 9.0080142 ], [ 38.764761, 9.0088177 ], [ 38.7643986, 9.0090118 ], [ 38.7636137, 9.009863 ], [ 38.76206, 9.0111118 ], [ 38.762877, 9.0129834 ] ] ] } },
{ "type": "Feature", "properties": { "threshold_s": 900, "time_label": "15 min drive" }, "geometry": { "type": "Polygon", "coordinates": [ [ [ 38.7525227, 9.0172727 ], [ 38.755685, 9.0209076 ], [ 38.7614021, 9.0232701 ], [ 38.7657206, 9.0293019 ], [ 38.7724758, 9.0319876 ], [ 38.7735107, 9.0325106 ], [ 38.7760168, 9.0311517 ], [ 38.7820987, 9.0327323 ], [ 38.7834835, 9.0321406 ], [ 38.7900916, 9.0290698 ], [ 38.797133, 9.026824 ], [ 38.7971844, 9.0267963 ], [ 38.7983101, 9.0230691 ], [ 38.8035447, 9.0196294 ], [ 38.8034284, 9.0138029 ], [ 38.805089, 9.0074997 ], [ 38.8065916, 9.0016652 ], [ 38.806694899999989, 8.9984982 ], [ 38.8067103, 8.9970067 ], [ 38.8061135, 8.9970124 ], [ 38.8026126, 8.9969332 ], [ 38.797957, 8.9920335 ], [ 38.7992705, 8.9883311 ], [ 38.8021619, 8.9853275 ], [ 38.7996331, 8.9854045 ], [ 38.7976586, 8.9872854 ], [ 38.791375, 8.9871117 ], [ 38.789819799999989, 8.986366 ], [ 38.788826, 8.985809 ], [ 38.7855757, 8.9849273 ], [ 38.7842988, 8.9845215 ], [ 38.7787516, 8.9794447 ], [ 38.7769645, 8.9775777 ], [ 38.7756856, 8.9776485 ], [ 38.7733966, 8.9781525 ], [ 38.7690595, 8.9795189 ], [ 38.7656733, 8.9835178 ], [ 38.7621897, 8.9874769 ], [ 38.7591453, 8.9913732 ], [ 38.7563798, 8.9932759 ], [ 38.7555745, 8.9940076 ], [ 38.7537851, 8.9956625 ], [ 38.753826, 8.9957402 ], [ 38.7541654, 8.9959883 ], [ 38.7553258, 8.9969642 ], [ 38.757125, 9.0039735 ], [ 38.7544001, 9.0055835 ], [ 38.7533936, 9.0073993 ], [ 38.7498019, 9.0115651 ], [ 38.7525227, 9.0172727 ] ] ] } },
{ "type": "Feature", "properties": { "threshold_s": 300, "time_label": "5 min drive" }, "geometry": { "type": "Polygon", "coordinates": [ [ [ 38.7429707, 9.0140078 ], [ 38.7427155, 9.0163732 ], [ 38.7436255, 9.0168473 ], [ 38.7446581, 9.0167997 ], [ 38.7465746, 9.0187454 ], [ 38.7466125, 9.018984 ], [ 38.7466965, 9.0189733 ], [ 38.7487686, 9.0189104 ], [ 38.7502035, 9.0212671 ], [ 38.752181899999989, 9.0217133 ], [ 38.7522103, 9.0214435 ], [ 38.7522197, 9.0213585 ], [ 38.7523491, 9.0197223 ], [ 38.7547264, 9.0189117 ], [ 38.7547988, 9.0187984 ], [ 38.7554835, 9.0175438 ], [ 38.755531, 9.0174041 ], [ 38.7566767, 9.0148583 ], [ 38.7565754, 9.0147817 ], [ 38.7554942, 9.0142652 ], [ 38.7553236, 9.0121104 ], [ 38.755338, 9.0119598 ], [ 38.7588792, 9.0116653 ], [ 38.7593389, 9.0118938 ], [ 38.7601319, 9.011234 ], [ 38.7591779, 9.0112723 ], [ 38.7589663, 9.01153 ], [ 38.7567884, 9.0092968 ], [ 38.7560328, 9.0070649 ], [ 38.7547566, 9.0057969 ], [ 38.7544001, 9.0055835 ], [ 38.7528858, 9.0064596 ], [ 38.7520489, 9.0075772 ], [ 38.7526401, 9.0079989 ], [ 38.7533592, 9.010613 ], [ 38.7519181, 9.0117755 ], [ 38.7503444, 9.0116155 ], [ 38.7492433, 9.010403 ], [ 38.748271, 9.0080491 ], [ 38.7489751, 9.0069735 ], [ 38.749055, 9.0060112 ], [ 38.7484802, 9.0054785 ], [ 38.7467985, 9.0045138 ], [ 38.7467176, 9.0045045 ], [ 38.7458126, 9.0066229 ], [ 38.7433631, 9.0074509 ], [ 38.7432431, 9.0074962 ], [ 38.7435774, 9.0082213 ], [ 38.7440647, 9.0101702 ], [ 38.7441169, 9.0104975 ], [ 38.7407623, 9.0108375 ], [ 38.7429415, 9.0127486 ], [ 38.7429707, 9.0140078 ] ] ] } },
{ "type": "Feature", "properties": { "threshold_s": 600, "time_label": "10 min drive" }, "geometry": { "type": "Polygon", "coordinates": [ [ [ 38.7376528, 9.0246336 ], [ 38.7403142, 9.0281899 ], [ 38.7427752, 9.0293362 ], [ 38.744473, 9.0293587 ], [ 38.7472081, 9.0293312 ], [ 38.7499859, 9.0310799 ], [ 38.7527272, 9.0324999 ], [ 38.7529134, 9.0324932 ], [ 38.7542995, 9.0292944 ], [ 38.7581126, 9.0269965 ], [ 38.7576048, 9.024946 ], [ 38.7614021, 9.0232701 ], [ 38.7616201, 9.0233396 ], [ 38.7638895, 9.0199177 ], [ 38.7674265, 9.0166327 ], [ 38.768895, 9.0121279 ], [ 38.7706225, 9.010122 ], [ 38.7706413, 9.0092666 ], [ 38.7688528, 9.0085028 ], [ 38.767867, 9.0044714 ], [ 38.7679271, 9.0042908 ], [ 38.765411, 9.0036496 ], [ 38.7634095, 9.0027896 ], [ 38.7627804, 9.0027459 ], [ 38.7584453, 9.0005061 ], [ 38.758485, 8.999819 ], [ 38.7587333, 8.9982551 ], [ 38.7561431, 8.9956094 ], [ 38.7535647, 8.9946481 ], [ 38.7534454, 8.9946852 ], [ 38.7520486, 8.9949625 ], [ 38.7479201, 8.9931029 ], [ 38.7460314, 8.9936245 ], [ 38.7448289, 8.994766 ], [ 38.7446667, 8.9949007 ], [ 38.7438853, 8.9969221 ], [ 38.7429171, 8.9977021 ], [ 38.7389611, 8.9967186 ], [ 38.7371778, 8.998569 ], [ 38.7372074, 9.0004715 ], [ 38.7368938, 9.0019137 ], [ 38.733824, 9.0047681 ], [ 38.731931, 9.0073696 ], [ 38.7308762, 9.0087034 ], [ 38.7285514, 9.0122122 ], [ 38.7286933, 9.0122012 ], [ 38.7314075, 9.0161863 ], [ 38.7339138, 9.019717 ], [ 38.7366142, 9.0220687 ], [ 38.7376528, 9.0246336 ] ] ] } },
{ "type": "Feature", "properties": { "threshold_s": 900, "time_label": "15 min drive" }, "geometry": { "type": "Polygon", "coordinates": [ [ [ 38.7323964, 9.0329355 ], [ 38.7332495, 9.0340227 ], [ 38.7341184, 9.0347785 ], [ 38.7382503, 9.0365404 ], [ 38.7421026, 9.038028 ], [ 38.7481119, 9.0381431 ], [ 38.7504473, 9.0408737 ], [ 38.7505575, 9.0409128 ], [ 38.7537199, 9.0414287 ], [ 38.7537947, 9.0414362 ], [ 38.7565413, 9.0397014 ], [ 38.7601733, 9.0333871 ], [ 38.7620102, 9.0334911 ], [ 38.7673563, 9.028805 ], [ 38.7696171, 9.026581 ], [ 38.7744641, 9.022064 ], [ 38.7776519, 9.0186828 ], [ 38.7812692, 9.0141888 ], [ 38.7813332, 9.0121982 ], [ 38.7798812, 9.0096691 ], [ 38.7798661, 9.0040376 ], [ 38.7749536, 8.9996857 ], [ 38.7722875, 8.9955489 ], [ 38.7718067, 8.9953728 ], [ 38.7662967, 8.9928308 ], [ 38.7595603, 8.988996 ], [ 38.759839, 8.9879885 ], [ 38.759938, 8.987608 ], [ 38.7599589, 8.9875207 ], [ 38.7599512, 8.986485 ], [ 38.7596974, 8.9857393 ], [ 38.7590372, 8.9856273 ], [ 38.7538783, 8.9855538 ], [ 38.7512666, 8.9842552 ], [ 38.7465178, 8.9822653 ], [ 38.7414295, 8.9850703 ], [ 38.7375167, 8.9854513 ], [ 38.7336409, 8.9878794 ], [ 38.7325734, 8.9896107 ], [ 38.7290869, 8.9955912 ], [ 38.728349, 8.997969 ], [ 38.7292146, 9.0052443 ], [ 38.7285474, 9.0064755 ], [ 38.7284978, 9.0065722 ], [ 38.726517, 9.0109459 ], [ 38.7201735, 9.0095651 ], [ 38.7196137, 9.0097611 ], [ 38.7191591, 9.0121974 ], [ 38.7191807, 9.0122896 ], [ 38.7200854, 9.0136355 ], [ 38.721577, 9.0201857 ], [ 38.7219605, 9.02151 ], [ 38.7239561, 9.0227508 ], [ 38.7286166, 9.0265256 ], [ 38.7313107, 9.0313408 ], [ 38.7323964, 9.0329355 ] ] ] } },
{ "type": "Feature", "properties": { "threshold_s": 300, "time_label": "5 min drive" }, "geometry": { "type": "Polygon", "coordinates": [ [ [ 38.7255694, 8.9736391 ], [ 38.7266952, 8.975401 ], [ 38.727043, 8.975157 ], [ 38.7296868, 8.9752961 ], [ 38.7305717, 8.9746057 ], [ 38.7322075, 8.9738249 ], [ 38.7319924, 8.9736661 ], [ 38.7319405, 8.9736278 ], [ 38.7310847, 8.9722338 ], [ 38.7313365, 8.970098 ], [ 38.7329476, 8.9698573 ], [ 38.7327157, 8.9682691 ], [ 38.7326726, 8.9658718 ], [ 38.7335819, 8.9654407 ], [ 38.7338065, 8.9651427 ], [ 38.7338521, 8.9650684 ], [ 38.7329381, 8.9628062 ], [ 38.7328098, 8.9616034 ], [ 38.7319559, 8.9629638 ], [ 38.7313496, 8.9646863 ], [ 38.729296, 8.9648433 ], [ 38.7274935, 8.9655921 ], [ 38.7267258, 8.9660696 ], [ 38.7264039, 8.966268 ], [ 38.7260745, 8.9664712 ], [ 38.7259297, 8.9677269 ], [ 38.7259041, 8.9701262 ], [ 38.725397, 8.9725041 ], [ 38.7255694, 8.9736391 ] ] ] } },
{ "type": "Feature", "properties": { "threshold_s": 600, "time_label": "10 min drive" }, "geometry": { "type": "Polygon", "coordinates": [ [ [ 38.7189332, 8.9793883 ], [ 38.7197882, 8.9819198 ], [ 38.7223984, 8.9810641 ], [ 38.7230837, 8.980366 ], [ 38.7284709, 8.9799734 ], [ 38.7297273, 8.9815464 ], [ 38.7308031, 8.9825199 ], [ 38.731513, 8.9831718 ], [ 38.7324125, 8.9841916 ], [ 38.737172, 8.9846817 ], [ 38.7377916, 8.9841214 ], [ 38.7400372, 8.9805206 ], [ 38.741234, 8.9774999 ], [ 38.7429767, 8.9727105 ], [ 38.7437968, 8.9708306 ], [ 38.7434813, 8.9705768 ], [ 38.7407647, 8.9696851 ], [ 38.7372129, 8.9662997 ], [ 38.7355458, 8.9629714 ], [ 38.7352396, 8.9611247 ], [ 38.7364709, 8.9560006 ], [ 38.7324205, 8.9523999 ], [ 38.732519, 8.9518222 ], [ 38.7318567, 8.9516713 ], [ 38.7313974, 8.9515806 ], [ 38.731351, 8.9515779 ], [ 38.728762, 8.9552402 ], [ 38.7272777, 8.9556214 ], [ 38.7266015, 8.9562245 ], [ 38.7252751, 8.9582063 ], [ 38.7223414, 8.961928 ], [ 38.7197271, 8.9634522 ], [ 38.7177271, 8.9646476 ], [ 38.7167915, 8.9671129 ], [ 38.7161401, 8.9698102 ], [ 38.7161663, 8.9698765 ], [ 38.7172198, 8.9707216 ], [ 38.7187499, 8.972423 ], [ 38.7190926, 8.9729571 ], [ 38.7195794, 8.9737333 ], [ 38.7206829, 8.9750566 ], [ 38.7189332, 8.9793883 ] ] ] } },
{ "type": "Feature", "properties": { "threshold_s": 900, "time_label": "15 min drive" }, "geometry": { "type": "Polygon", "coordinates": [ [ [ 38.7083882, 8.9834566 ], [ 38.7084384, 8.9835185 ], [ 38.7129021, 8.9832206 ], [ 38.7163385, 8.9880063 ], [ 38.716908, 8.9901293 ], [ 38.7173929, 8.9902075 ], [ 38.7206103, 8.9904456 ], [ 38.7256426, 8.9913092 ], [ 38.7310003, 8.9932659 ], [ 38.7324044, 8.9933938 ], [ 38.7383237, 8.9951094 ], [ 38.7387317, 8.9950244 ], [ 38.7434942, 8.9914052 ], [ 38.7436414, 8.9905094 ], [ 38.7480312, 8.9858545 ], [ 38.7481404, 8.9858067 ], [ 38.7498189, 8.9837713 ], [ 38.751993, 8.9781171 ], [ 38.7523198, 8.9776614 ], [ 38.7513281, 8.9722301 ], [ 38.7518933, 8.9676702 ], [ 38.7502526, 8.965364 ], [ 38.7495841, 8.9609017 ], [ 38.751267, 8.9588528 ], [ 38.750004, 8.9580909 ], [ 38.7499699, 8.9581265 ], [ 38.7490115, 8.9593292 ], [ 38.7457092, 8.9611077 ], [ 38.7404933, 8.9609058 ], [ 38.7364709, 8.9560006 ], [ 38.7401446, 8.9523628 ], [ 38.7408688, 8.9509573 ], [ 38.7413382, 8.9495559 ], [ 38.7411029, 8.9483573 ], [ 38.7407176, 8.9461967 ], [ 38.7404949, 8.9454376 ], [ 38.7402048, 8.9450402 ], [ 38.7381773, 8.9434351 ], [ 38.7347215, 8.9398383 ], [ 38.7339869, 8.9411538 ], [ 38.7335564, 8.9435252 ], [ 38.7277224, 8.9443807 ], [ 38.7268793, 8.943171 ], [ 38.7268514, 8.9431378 ], [ 38.7259931, 8.9444006 ], [ 38.7248986, 8.9464576 ], [ 38.7245779, 8.9472544 ], [ 38.7219747, 8.9512374 ], [ 38.7210804, 8.9522224 ], [ 38.7166151, 8.9555162 ], [ 38.7152314, 8.9554302 ], [ 38.714923, 8.9554041 ], [ 38.7141587, 8.955684 ], [ 38.7133864, 8.9560024 ], [ 38.7116066, 8.9567775 ], [ 38.7097281, 8.9588112 ], [ 38.7103525, 8.9597938 ], [ 38.7097062, 8.9659719 ], [ 38.7076819, 8.9669462 ], [ 38.707656, 8.9670481 ], [ 38.7075467, 8.9675465 ], [ 38.70758270000001, 8.9681555 ], [ 38.7076083, 8.9683257 ], [ 38.7077267, 8.9729875 ], [ 38.705359, 8.9760753 ], [ 38.70553, 8.9764627 ], [ 38.7085328, 8.9816447 ], [ 38.7083544, 8.9828391 ], [ 38.7083882, 8.9834566 ] ] ] } },
{ "type": "Feature", "properties": { "threshold_s": 300, "time_label": "5 min drive" }, "geometry": { "type": "Polygon", "coordinates": [ [ [ 38.7626954, 9.0108388 ], [ 38.76206, 9.0111118 ], [ 38.7627294, 9.0115076 ], [ 38.7654659, 9.0106243 ], [ 38.7662712, 9.0095248 ], [ 38.7688528, 9.0085028 ], [ 38.7702843, 9.0101555 ], [ 38.772598, 9.0100844 ], [ 38.7721322, 9.008018 ], [ 38.7734878, 9.0068822 ], [ 38.7743817, 9.0065093 ], [ 38.7747095, 9.005959 ], [ 38.7734655, 9.0030482 ], [ 38.7747263, 9.000099 ], [ 38.7739914, 8.9989883 ], [ 38.7724357, 8.9962689 ], [ 38.7718067, 8.9953728 ], [ 38.7700593, 8.9948012 ], [ 38.7681651, 8.9942671 ], [ 38.7662967, 8.9928308 ], [ 38.7653392, 8.9935721 ], [ 38.7627677, 8.9945858 ], [ 38.7619851, 8.9958804 ], [ 38.7603021, 8.9984982 ], [ 38.7592063, 9.0006528 ], [ 38.7601128, 9.0013887 ], [ 38.7603865, 9.003814 ], [ 38.7603074, 9.0040662 ], [ 38.7609067, 9.0058947 ], [ 38.7628455, 9.0072415 ], [ 38.7636137, 9.009863 ], [ 38.7626954, 9.0108388 ] ] ] } },
{ "type": "Feature", "properties": { "threshold_s": 600, "time_label": "10 min drive" }, "geometry": { "type": "Polygon", "coordinates": [ [ [ 38.7527724, 9.0143482 ], [ 38.753888, 9.0173878 ], [ 38.7543747, 9.0174346 ], [ 38.7554835, 9.0175438 ], [ 38.7586505, 9.0180415 ], [ 38.7645123, 9.0221623 ], [ 38.7666902, 9.0194705 ], [ 38.771192, 9.0184455 ], [ 38.7742102, 9.0174735 ], [ 38.7793668, 9.0132882 ], [ 38.7812692, 9.0141888 ], [ 38.782059, 9.014438 ], [ 38.7811587, 9.0112123 ], [ 38.7808196, 9.0096836 ], [ 38.7807231, 9.0031349 ], [ 38.7802617, 9.0027226 ], [ 38.7766126, 8.999646 ], [ 38.7763283, 8.9988565 ], [ 38.7809926, 8.9933249 ], [ 38.7816924, 8.991925 ], [ 38.7823858, 8.9901732 ], [ 38.7816779, 8.9891378 ], [ 38.7809162, 8.9889418 ], [ 38.7769009, 8.9885584 ], [ 38.7739635, 8.9880226 ], [ 38.7706549, 8.986741 ], [ 38.7666567, 8.9830736 ], [ 38.7664917, 8.9830774 ], [ 38.7624867, 8.9837063 ], [ 38.7603235, 8.9841974 ], [ 38.7595277, 8.9865796 ], [ 38.7551014, 8.9899352 ], [ 38.7526832, 8.9921582 ], [ 38.75072, 8.994021 ], [ 38.7500861, 8.9953955 ], [ 38.7513059, 8.9968582 ], [ 38.7514185, 8.9969642 ], [ 38.7544636, 9.0003718 ], [ 38.7533936, 9.0073993 ], [ 38.7526401, 9.0079989 ], [ 38.7519181, 9.0117755 ], [ 38.7527724, 9.0143482 ] ] ] } },
{ "type": "Feature", "properties": { "threshold_s": 900, "time_label": "15 min drive" }, "geometry": { "type": "Polygon", "coordinates": [ [ [ 38.7445602, 9.0201826 ], [ 38.747689, 9.0250316 ], [ 38.7515863, 9.0272817 ], [ 38.7519917, 9.0274854 ], [ 38.7577313, 9.0264413 ], [ 38.7657206, 9.0293019 ], [ 38.7661201, 9.0294042 ], [ 38.7705804, 9.0283662 ], [ 38.7723979, 9.0278156 ], [ 38.77690290000001, 9.0259574 ], [ 38.7803424, 9.0232403 ], [ 38.7863129, 9.0211792 ], [ 38.7866543, 9.0211264 ], [ 38.7874637, 9.0209639 ], [ 38.7912801, 9.0205633 ], [ 38.7934182, 9.0170489 ], [ 38.7935302, 9.0165567 ], [ 38.7916999, 9.0107534 ], [ 38.7917436, 9.0057285 ], [ 38.7917389, 9.0056483 ], [ 38.7897293, 8.9996859 ], [ 38.7913479, 8.9928249 ], [ 38.7920318, 8.9875297 ], [ 38.791375, 8.9871117 ], [ 38.789819799999989, 8.986366 ], [ 38.7888132, 8.9859297 ], [ 38.7879749, 8.9856538 ], [ 38.7855757, 8.9849273 ], [ 38.7787651, 8.9799759 ], [ 38.7755609, 8.9797565 ], [ 38.7697098, 8.9786677 ], [ 38.7624457, 8.9749601 ], [ 38.7576654, 8.9743967 ], [ 38.7540968, 8.9794135 ], [ 38.7495568, 8.9814266 ], [ 38.7469304, 8.9835016 ], [ 38.7417482, 8.9901297 ], [ 38.7415016, 8.9949319 ], [ 38.7404379, 8.9997461 ], [ 38.7432431, 9.0074962 ], [ 38.7407623, 9.0108375 ], [ 38.7427155, 9.0163732 ], [ 38.7445602, 9.0201826 ] ] ] } },
{ "type": "Feature", "properties": { "threshold_s": 300, "time_label": "5 min drive" }, "geometry": { "type": "Polygon", "coordinates": [ [ [ 38.7211037, 8.9937953 ], [ 38.721388, 8.994096 ], [ 38.7218671, 8.9944618 ], [ 38.7230574, 8.9945486 ], [ 38.7242852, 8.9953717 ], [ 38.7255468, 8.9955578 ], [ 38.7258931, 8.995587 ], [ 38.7280187, 8.995746 ], [ 38.7286546, 8.9974645 ], [ 38.728349, 8.997969 ], [ 38.7289264, 8.9982376 ], [ 38.7307139, 8.9976947 ], [ 38.7308209, 8.9976433 ], [ 38.7324621, 8.9965338 ], [ 38.7331104, 8.9960335 ], [ 38.7333146, 8.9948975 ], [ 38.7335687, 8.9937622 ], [ 38.733715, 8.9918419 ], [ 38.7357491, 8.9923739 ], [ 38.7361859, 8.9903311 ], [ 38.7362266, 8.9892398 ], [ 38.7350048, 8.9882145 ], [ 38.7342672, 8.987075 ], [ 38.7330455, 8.9863124 ], [ 38.7313365, 8.9851806 ], [ 38.7307869, 8.984801 ], [ 38.7306841, 8.9847607 ], [ 38.730087, 8.9846804 ], [ 38.7279178, 8.984615 ], [ 38.7267626, 8.9843512 ], [ 38.7265869, 8.9850391 ], [ 38.7246697, 8.9854612 ], [ 38.7235008, 8.9856657 ], [ 38.7237248, 8.9866316 ], [ 38.721735099999989, 8.9873103 ], [ 38.7220165, 8.9877903 ], [ 38.7228801, 8.9889467 ], [ 38.7218722, 8.9904934 ], [ 38.7215399, 8.9907824 ], [ 38.7213168, 8.9927752 ], [ 38.7211037, 8.9937953 ] ] ] } },
{ "type": "Feature", "properties": { "threshold_s": 600, "time_label": "10 min drive" }, "geometry": { "type": "Polygon", "coordinates": [ [ [ 38.7189357, 9.0001877 ], [ 38.7189773, 9.0029713 ], [ 38.7193998, 9.0029948 ], [ 38.7224929, 8.9990797 ], [ 38.7236724, 8.9987142 ], [ 38.7268985, 8.9991841 ], [ 38.7274674, 8.99912 ], [ 38.732501, 9.001813 ], [ 38.730182, 9.0046135 ], [ 38.7292146, 9.0052443 ], [ 38.730935700000011, 9.0078495 ], [ 38.7313527, 9.0086805 ], [ 38.731964499999989, 9.0093869 ], [ 38.7341748, 9.0107132 ], [ 38.7359776, 9.0102827 ], [ 38.7371388, 9.0095967 ], [ 38.7383254, 9.0060967 ], [ 38.739574, 9.0020448 ], [ 38.7399916, 9.0004632 ], [ 38.7403735, 8.9979056 ], [ 38.7417165, 8.994666 ], [ 38.743326, 8.9918845 ], [ 38.743977, 8.990937 ], [ 38.7439976, 8.9887137 ], [ 38.7434511, 8.9861355 ], [ 38.7396102, 8.9817251 ], [ 38.7388001, 8.9807726 ], [ 38.7369735, 8.9800154 ], [ 38.7324017, 8.9766384 ], [ 38.7313138, 8.9771965 ], [ 38.7283872, 8.9787856 ], [ 38.7270547, 8.9798003 ], [ 38.7219907, 8.9786054 ], [ 38.7189332, 8.9793883 ], [ 38.7173092, 8.9803274 ], [ 38.7180908, 8.9841611 ], [ 38.7165458, 8.9869257 ], [ 38.7125153, 8.9887289 ], [ 38.7122642, 8.9890018 ], [ 38.7120944, 8.9891864 ], [ 38.7118692, 8.9897204 ], [ 38.7136137, 8.9922004 ], [ 38.7160403, 8.9927609 ], [ 38.7186047, 8.9964866 ], [ 38.7187348, 8.9973036 ], [ 38.7188513, 8.9979545 ], [ 38.7189357, 9.0001877 ] ] ] } },
{ "type": "Feature", "properties": { "threshold_s": 900, "time_label": "15 min drive" }, "geometry": { "type": "Polygon", "coordinates": [ [ [ 38.7190919, 9.0068716 ], [ 38.719577, 9.0122374 ], [ 38.7210359, 9.0122983 ], [ 38.7272909, 9.0152947 ], [ 38.7296718, 9.0166974 ], [ 38.7332006, 9.0206959 ], [ 38.7355141, 9.0216851 ], [ 38.7403048, 9.0186944 ], [ 38.7449046, 9.0130052 ], [ 38.7461279, 9.0114923 ], [ 38.7484802, 9.0054785 ], [ 38.750249599999989, 9.0023687 ], [ 38.7504938, 8.9991535 ], [ 38.7540485, 8.9957096 ], [ 38.7531635, 8.9934391 ], [ 38.7529947, 8.9928879 ], [ 38.7531065, 8.9854963 ], [ 38.7534539, 8.9847853 ], [ 38.7538277, 8.9833521 ], [ 38.7537834, 8.9832472 ], [ 38.7518767, 8.9820353 ], [ 38.7474531, 8.9786691 ], [ 38.7452112, 8.9753197 ], [ 38.7450813, 8.9751633 ], [ 38.7433839, 8.9733247 ], [ 38.7381013, 8.9707659 ], [ 38.7319965, 8.9671521 ], [ 38.7313752, 8.967334 ], [ 38.7264578, 8.9692085 ], [ 38.722347, 8.9695571 ], [ 38.7201722, 8.9695042 ], [ 38.71933, 8.9695222 ], [ 38.718899, 8.9699284 ], [ 38.7181224, 8.9714796 ], [ 38.7135418, 8.9763191 ], [ 38.7098325, 8.9780203 ], [ 38.7085328, 8.9816447 ], [ 38.7053044, 8.9852953 ], [ 38.7032445, 8.9867843 ], [ 38.7045921, 8.9908101 ], [ 38.7051076, 8.9919864 ], [ 38.7062385, 8.992561 ], [ 38.7084295, 8.9935216 ], [ 38.7129463, 8.9959795 ], [ 38.7147582, 8.9980631 ], [ 38.7154676, 8.9989784 ], [ 38.7189773, 9.0029713 ], [ 38.7188894, 9.0059185 ], [ 38.7190919, 9.0068716 ] ] ] } },
{ "type": "Feature", "properties": { "threshold_s": 300, "time_label": "5 min drive" }, "geometry": { "type": "Polygon", "coordinates": [ [ [ 38.7854666, 8.9953642 ], [ 38.7869011, 8.9980859 ], [ 38.7907287, 8.9971431 ], [ 38.7920983, 8.9987684 ], [ 38.7931544, 8.9983837 ], [ 38.7936291, 8.9982041 ], [ 38.7946719, 8.9978068 ], [ 38.7951352, 8.9973643 ], [ 38.7956395, 8.9945489 ], [ 38.7970592, 8.9929145 ], [ 38.797341, 8.9927148 ], [ 38.797957, 8.9920335 ], [ 38.7992705, 8.9883311 ], [ 38.799967, 8.9868141 ], [ 38.7996331, 8.9854045 ], [ 38.7976586, 8.9872854 ], [ 38.7965669, 8.9878238 ], [ 38.7962514, 8.988003 ], [ 38.7948121, 8.988467 ], [ 38.7920318, 8.9875297 ], [ 38.791375, 8.9871117 ], [ 38.789819799999989, 8.986366 ], [ 38.788826, 8.985809 ], [ 38.7855757, 8.9849273 ], [ 38.7860875, 8.9884662 ], [ 38.7838371, 8.9909241 ], [ 38.7830666, 8.9913983 ], [ 38.783081, 8.9918757 ], [ 38.7854666, 8.9933759 ], [ 38.7854666, 8.9953642 ] ] ] } },
{ "type": "Feature", "properties": { "threshold_s": 600, "time_label": "10 min drive" }, "geometry": { "type": "Polygon", "coordinates": [ [ [ 38.7787355, 9.0030202 ], [ 38.7791347, 9.0046913 ], [ 38.7810221, 9.0058338 ], [ 38.7880361, 9.0076636 ], [ 38.7887931, 9.0078893 ], [ 38.7899351, 9.007516 ], [ 38.7917664, 9.0063258 ], [ 38.7974873, 9.0060231 ], [ 38.7990016, 9.0065682 ], [ 38.8008775, 9.0069041 ], [ 38.8012885, 9.0067028 ], [ 38.804171599999989, 9.0040571 ], [ 38.8051177, 8.9998951 ], [ 38.8078304, 8.9931254 ], [ 38.8087806, 8.9919035 ], [ 38.8103143, 8.9883096 ], [ 38.8097735, 8.9869675 ], [ 38.8079529, 8.9863615 ], [ 38.8035562, 8.9852867 ], [ 38.8021619, 8.9853275 ], [ 38.7996331, 8.9854045 ], [ 38.7971379, 8.9861223 ], [ 38.789819799999989, 8.986366 ], [ 38.788826, 8.985809 ], [ 38.7855757, 8.9849273 ], [ 38.7842988, 8.9845215 ], [ 38.7787516, 8.9794447 ], [ 38.7765427, 8.9801632 ], [ 38.7754088, 8.9816886 ], [ 38.7754878, 8.9822921 ], [ 38.7760235, 8.9862013 ], [ 38.7734938, 8.9926488 ], [ 38.7730194, 8.9957645 ], [ 38.7753912, 8.9966925 ], [ 38.7787355, 9.0030202 ] ] ] } },
{ "type": "Feature", "properties": { "threshold_s": 900, "time_label": "15 min drive" }, "geometry": { "type": "Polygon", "coordinates": [ [ [ 38.7674794, 9.0056217 ], [ 38.7732235, 9.0146348 ], [ 38.7819307, 9.0165447 ], [ 38.7868626, 9.0185753 ], [ 38.7893058, 9.018637 ], [ 38.8023704, 9.017401 ], [ 38.8080952, 9.0150827 ], [ 38.8102636, 9.0124917 ], [ 38.8108202, 9.0112452 ], [ 38.8122471, 9.0067603 ], [ 38.818171, 8.9959103 ], [ 38.8207108, 8.9903902 ], [ 38.8208187, 8.9900478 ], [ 38.821492, 8.9874751 ], [ 38.8208006, 8.9803978 ], [ 38.8097735, 8.9869675 ], [ 38.8079529, 8.9863615 ], [ 38.8066972, 8.9860036 ], [ 38.8035562, 8.9852867 ], [ 38.8021619, 8.9853275 ], [ 38.7996331, 8.9854045 ], [ 38.7899075, 8.9859732 ], [ 38.7880106, 8.9854871 ], [ 38.7777914, 8.9763594 ], [ 38.7759295, 8.9724099 ], [ 38.7750556, 8.9694476 ], [ 38.7659511, 8.9761362 ], [ 38.7656192, 8.9764999 ], [ 38.7648658, 8.9881086 ], [ 38.7641843, 8.9960081 ], [ 38.7646304, 8.9983497 ], [ 38.7654833, 9.001129 ], [ 38.7674794, 9.0056217 ] ] ] } },
{ "type": "Feature", "properties": { "threshold_s": 300, "time_label": "5 min drive" }, "geometry": { "type": "Polygon", "coordinates": [ [ [ 38.7218685, 8.9986844 ], [ 38.7220337, 8.9992215 ], [ 38.7224929, 8.9990797 ], [ 38.7236724, 8.9987142 ], [ 38.7268985, 8.9991841 ], [ 38.7274674, 8.99912 ], [ 38.7289264, 8.9982376 ], [ 38.7302594, 8.9977804 ], [ 38.7307139, 8.9976947 ], [ 38.732501, 9.001813 ], [ 38.7329972, 9.0026872 ], [ 38.7330776, 9.0026316 ], [ 38.7325948, 9.0017547 ], [ 38.7308209, 8.9976433 ], [ 38.7316547, 8.9970266 ], [ 38.7344089, 8.9966973 ], [ 38.7351872, 8.9964457 ], [ 38.7363319, 8.9957165 ], [ 38.735666, 8.99357 ], [ 38.7358524, 8.9916612 ], [ 38.7356628, 8.9906408 ], [ 38.7341961, 8.9893524 ], [ 38.7314402, 8.9881814 ], [ 38.7299555, 8.9859373 ], [ 38.7268306, 8.9863748 ], [ 38.7257884, 8.9863389 ], [ 38.7237248, 8.9866316 ], [ 38.7210687, 8.9860138 ], [ 38.7209886, 8.98606 ], [ 38.7204421, 8.9888541 ], [ 38.7203358, 8.9898732 ], [ 38.7202818, 8.9916276 ], [ 38.7200907, 8.9946584 ], [ 38.7204782, 8.9947915 ], [ 38.7210442, 8.995031 ], [ 38.7231459, 8.9971346 ], [ 38.7218685, 8.9986844 ] ] ] } },
{ "type": "Feature", "properties": { "threshold_s": 600, "time_label": "10 min drive" }, "geometry": { "type": "Polygon", "coordinates": [ [ [ 38.7190919, 9.0068716 ], [ 38.7197143, 9.0079515 ], [ 38.7199702, 9.0042617 ], [ 38.7224929, 8.9990797 ], [ 38.7236724, 8.9987142 ], [ 38.7268985, 8.9991841 ], [ 38.7274674, 8.99912 ], [ 38.730182, 9.0046135 ], [ 38.7292146, 9.0052443 ], [ 38.7285474, 9.0064755 ], [ 38.7284978, 9.0065722 ], [ 38.7286855, 9.0089895 ], [ 38.7321181, 9.0117201 ], [ 38.7344752, 9.0132766 ], [ 38.7363181, 9.0130325 ], [ 38.7387193, 9.0103826 ], [ 38.7405633, 9.0055545 ], [ 38.7416845, 9.0037973 ], [ 38.741196, 8.9981371 ], [ 38.7434026, 8.9939302 ], [ 38.7435959, 8.9936548 ], [ 38.7445799, 8.9920487 ], [ 38.7439976, 8.9887137 ], [ 38.7425393, 8.9852723 ], [ 38.7396638, 8.983312 ], [ 38.7378644, 8.9820772 ], [ 38.7332414, 8.9782144 ], [ 38.7328836, 8.9778363 ], [ 38.7313138, 8.9771965 ], [ 38.7288472, 8.9786214 ], [ 38.7283872, 8.9787856 ], [ 38.7222077, 8.9782329 ], [ 38.7218955, 8.9776809 ], [ 38.7169396, 8.9793102 ], [ 38.7157854, 8.9812067 ], [ 38.7165458, 8.9869257 ], [ 38.7125153, 8.9887289 ], [ 38.7103656, 8.988313 ], [ 38.7110505, 8.9891544 ], [ 38.7136137, 8.9922004 ], [ 38.7160081, 8.9942339 ], [ 38.7188513, 8.9979545 ], [ 38.7189357, 9.0001877 ], [ 38.7189773, 9.0029713 ], [ 38.7188894, 9.0059185 ], [ 38.7190919, 9.0068716 ] ] ] } },
{ "type": "Feature", "properties": { "threshold_s": 900, "time_label": "15 min drive" }, "geometry": { "type": "Polygon", "coordinates": [ [ [ 38.7151935, 9.0129759 ], [ 38.7152307, 9.0130989 ], [ 38.718958, 9.0166534 ], [ 38.7207368, 9.0175832 ], [ 38.721765, 9.0175557 ], [ 38.7276309, 9.0186752 ], [ 38.7315086, 9.0213183 ], [ 38.7340452, 9.0237449 ], [ 38.7392467, 9.0223117 ], [ 38.7425378, 9.0208561 ], [ 38.7459448, 9.0156178 ], [ 38.7484963, 9.0132162 ], [ 38.7485647, 9.0131598 ], [ 38.7498135, 9.0113847 ], [ 38.7517324, 9.0049461 ], [ 38.7519359, 9.0026255 ], [ 38.7525651, 8.9972212 ], [ 38.7540808, 8.9957833 ], [ 38.7541914, 8.9957085 ], [ 38.7529947, 8.9928879 ], [ 38.7524202, 8.99088 ], [ 38.752699, 8.9856692 ], [ 38.7532425, 8.9839796 ], [ 38.7531529, 8.9835029 ], [ 38.7519464, 8.9825705 ], [ 38.7509465, 8.9818895 ], [ 38.7503875, 8.9815975 ], [ 38.7464727, 8.9793627 ], [ 38.74252, 8.9751135 ], [ 38.73975, 8.9736863 ], [ 38.739079, 8.9734757 ], [ 38.7330006, 8.9708765 ], [ 38.7313365, 8.970098 ], [ 38.7269896, 8.9696828 ], [ 38.7215828, 8.9686573 ], [ 38.7185506, 8.9681467 ], [ 38.7183185, 8.968856 ], [ 38.7181374, 8.9694188 ], [ 38.7180391, 8.9703292 ], [ 38.7164989, 8.9741811 ], [ 38.7135418, 8.9763191 ], [ 38.7088077, 8.976686 ], [ 38.7087125, 8.9768225 ], [ 38.708349, 8.9791605 ], [ 38.70771, 8.9818356 ], [ 38.7021218, 8.9840129 ], [ 38.7019407, 8.9843376 ], [ 38.7022477, 8.9869998 ], [ 38.7040213, 8.9922732 ], [ 38.7070558, 8.9967964 ], [ 38.7084322, 8.9973378 ], [ 38.7143733, 9.0001679 ], [ 38.716688, 9.0022051 ], [ 38.7168986, 9.0089339 ], [ 38.7153025, 9.0123922 ], [ 38.7151935, 9.0129759 ] ] ] } },
{ "type": "Feature", "properties": { "threshold_s": 300, "time_label": "5 min drive" }, "geometry": { "type": "Polygon", "coordinates": [ [ [ 38.7806269, 9.0032448 ], [ 38.7806882, 9.0033184 ], [ 38.7822103, 9.0030031 ], [ 38.7832893, 9.0030005 ], [ 38.7846418, 9.004535 ], [ 38.7858608, 9.0048218 ], [ 38.7871496, 9.0051748 ], [ 38.7892981, 9.0057212 ], [ 38.7898343, 9.0055715 ], [ 38.7894034, 9.0046542 ], [ 38.7892042, 9.0040436 ], [ 38.7882641, 9.0032555 ], [ 38.7882698, 9.0017096 ], [ 38.7897293, 8.9996859 ], [ 38.7906855, 8.9993148 ], [ 38.7913789, 8.9990156 ], [ 38.7920983, 8.9987684 ], [ 38.792624, 8.9985777 ], [ 38.7931544, 8.9983837 ], [ 38.7936291, 8.9982041 ], [ 38.794295, 8.996814 ], [ 38.7949314, 8.9948251 ], [ 38.7945392, 8.9945138 ], [ 38.7933804, 8.9941166 ], [ 38.793028, 8.9918786 ], [ 38.7932241, 8.9911744 ], [ 38.7932496, 8.9902193 ], [ 38.7931797, 8.9901665 ], [ 38.7908448, 8.9901828 ], [ 38.7905229, 8.9906157 ], [ 38.788588, 8.989031 ], [ 38.7876549, 8.9893973 ], [ 38.7856251, 8.9896706 ], [ 38.78467, 8.9891226 ], [ 38.7844916, 8.9891908 ], [ 38.7838371, 8.9909241 ], [ 38.7830666, 8.9913983 ], [ 38.7816987, 8.9917573 ], [ 38.7808029, 8.9921666 ], [ 38.7805353, 8.9943244 ], [ 38.7798823, 8.9953285 ], [ 38.7794371, 8.9957638 ], [ 38.7792988, 8.9978577 ], [ 38.7806299, 8.9998062 ], [ 38.7807019, 9.0003787 ], [ 38.7809066, 9.0015258 ], [ 38.7806269, 9.0032448 ] ] ] } },
{ "type": "Feature", "properties": { "threshold_s": 600, "time_label": "10 min drive" }, "geometry": { "type": "Polygon", "coordinates": [ [ [ 38.7719838, 9.0062934 ], [ 38.7743198, 9.0122732 ], [ 38.7744038, 9.0122967 ], [ 38.7778035, 9.0124771 ], [ 38.7817494, 9.0139229 ], [ 38.7834846, 9.01484 ], [ 38.7872844, 9.0160666 ], [ 38.7874547, 9.016091 ], [ 38.7875045, 9.0160762 ], [ 38.7908548, 9.0142631 ], [ 38.7961516, 9.0125743 ], [ 38.7978778, 9.008977 ], [ 38.7991914, 9.0059044 ], [ 38.8001074, 9.0025819 ], [ 38.8001838, 9.0022144 ], [ 38.7965052, 8.9969379 ], [ 38.797957, 8.9920335 ], [ 38.7992705, 8.9883311 ], [ 38.8021714, 8.9855567 ], [ 38.8021619, 8.9853275 ], [ 38.7996331, 8.9854045 ], [ 38.7971379, 8.9861223 ], [ 38.791375, 8.9871117 ], [ 38.789819799999989, 8.986366 ], [ 38.788826, 8.985809 ], [ 38.7855757, 8.9849273 ], [ 38.7842988, 8.9845215 ], [ 38.7829895, 8.9840922 ], [ 38.7824454, 8.9839019 ], [ 38.7810382, 8.9833915 ], [ 38.779409, 8.9827553 ], [ 38.7782255, 8.9822957 ], [ 38.7762706, 8.9827382 ], [ 38.7757844, 8.9831065 ], [ 38.7749007, 8.9846708 ], [ 38.7722754, 8.990528 ], [ 38.7713957, 8.9920023 ], [ 38.7711804, 8.9944005 ], [ 38.7715868, 8.9980293 ], [ 38.7729044, 9.0040363 ], [ 38.7718892, 9.0054106 ], [ 38.7719838, 9.0062934 ] ] ] } },
{ "type": "Feature", "properties": { "threshold_s": 900, "time_label": "15 min drive" }, "geometry": { "type": "Polygon", "coordinates": [ [ [ 38.7657801, 9.0168339 ], [ 38.7676275, 9.0197284 ], [ 38.7677259, 9.0197702 ], [ 38.772948, 9.0210846 ], [ 38.7806577, 9.0238498 ], [ 38.7859034, 9.0269719 ], [ 38.7871475, 9.0271371 ], [ 38.7930311, 9.0240115 ], [ 38.8014734, 9.019214 ], [ 38.8030901, 9.0149569 ], [ 38.8065782, 9.0089915 ], [ 38.8084397, 9.0045809 ], [ 38.8088088, 9.0004855 ], [ 38.8088474, 8.9974101 ], [ 38.8114187, 8.9892505 ], [ 38.8097735, 8.9869675 ], [ 38.8079529, 8.9863615 ], [ 38.8066972, 8.9860036 ], [ 38.8035562, 8.9852867 ], [ 38.8021619, 8.9853275 ], [ 38.7996331, 8.9854045 ], [ 38.7971379, 8.9861223 ], [ 38.7880106, 8.9854871 ], [ 38.7855757, 8.9849273 ], [ 38.7787516, 8.9794447 ], [ 38.7777914, 8.9763594 ], [ 38.7756114, 8.9726492 ], [ 38.7751478, 8.9725502 ], [ 38.766807300000011, 8.9766861 ], [ 38.764265, 8.9836008 ], [ 38.7621897, 8.9875462 ], [ 38.7624092, 8.9944189 ], [ 38.762479, 8.9967163 ], [ 38.7630087, 8.9993346 ], [ 38.7633019, 9.0003663 ], [ 38.7625799, 9.011047 ], [ 38.7657801, 9.0168339 ] ] ] } },
{ "type": "Feature", "properties": { "threshold_s": 300, "time_label": "5 min drive" }, "geometry": { "type": "Polygon", "coordinates": [ [ [ 38.7874085, 9.0152361 ], [ 38.7874588, 9.0155706 ], [ 38.787648, 9.0157163 ], [ 38.7893044, 9.014997 ], [ 38.79037610000001, 9.0163806 ], [ 38.791997, 9.0167392 ], [ 38.7934182, 9.0170489 ], [ 38.7942433, 9.0173075 ], [ 38.794744, 9.0174686 ], [ 38.7953428, 9.0176745 ], [ 38.7949772, 9.0201918 ], [ 38.796247, 9.0179322 ], [ 38.7982742, 9.0186008 ], [ 38.7986357, 9.0187146 ], [ 38.7994298, 9.0188571 ], [ 38.799423, 9.0175115 ], [ 38.7990841, 9.0152732 ], [ 38.8005754, 9.0134864 ], [ 38.8009101, 9.0132402 ], [ 38.8010811, 9.011184 ], [ 38.8017033, 9.0092955 ], [ 38.8007624, 9.0088522 ], [ 38.798781, 9.0085965 ], [ 38.7967773, 9.0076836 ], [ 38.7950326, 9.0075934 ], [ 38.7945096, 9.0076723 ], [ 38.7931097, 9.0079085 ], [ 38.7922908, 9.0081306 ], [ 38.7920814, 9.0086222 ], [ 38.7914267, 9.009869 ], [ 38.7901039, 9.0104895 ], [ 38.7887416, 9.011563 ], [ 38.7880905, 9.0136421 ], [ 38.7874085, 9.0152361 ] ] ] } },
{ "type": "Feature", "properties": { "threshold_s": 600, "time_label": "10 min drive" }, "geometry": { "type": "Polygon", "coordinates": [ [ [ 38.7813556, 9.0188907 ], [ 38.7811702, 9.0225738 ], [ 38.7846348, 9.0227478 ], [ 38.7856655, 9.0255148 ], [ 38.7866456, 9.02633 ], [ 38.789281, 9.0267649 ], [ 38.7917023, 9.0282278 ], [ 38.7936054, 9.0294434 ], [ 38.7978435, 9.0299512 ], [ 38.7982351, 9.0299678 ], [ 38.7991979, 9.0286409 ], [ 38.8020936, 9.0264203 ], [ 38.8044852, 9.0237991 ], [ 38.8063406, 9.0227305 ], [ 38.810139, 9.0201299 ], [ 38.8110194, 9.0199451 ], [ 38.8116207, 9.0198412 ], [ 38.8116947, 9.0198284 ], [ 38.8098596, 9.0156041 ], [ 38.8094223, 9.0111091 ], [ 38.8098948, 9.0097693 ], [ 38.8108174, 9.0069524 ], [ 38.8114826, 9.0040966 ], [ 38.8105237, 9.0032667 ], [ 38.8081062, 9.0031036 ], [ 38.804329, 9.0019673 ], [ 38.8021955, 9.0011235 ], [ 38.7999904, 9.0004819 ], [ 38.799914, 9.0005241 ], [ 38.7955181, 9.0020965 ], [ 38.7943165, 9.0036151 ], [ 38.7917389, 9.0056483 ], [ 38.7892042, 9.0040436 ], [ 38.7882698, 9.0017096 ], [ 38.7883566, 9.0003414 ], [ 38.78759, 8.9998962 ], [ 38.7875567, 8.9999102 ], [ 38.7864858, 9.0016719 ], [ 38.7836494, 9.0045185 ], [ 38.7801379, 9.0069719 ], [ 38.7796166, 9.0095556 ], [ 38.7798588, 9.0109705 ], [ 38.7790322, 9.0148252 ], [ 38.7813556, 9.0188907 ] ] ] } },
{ "type": "Feature", "properties": { "threshold_s": 900, "time_label": "15 min drive" }, "geometry": { "type": "Polygon", "coordinates": [ [ [ 38.7727204, 9.0278244 ], [ 38.7740239, 9.029924 ], [ 38.7746787, 9.0294945 ], [ 38.7796725, 9.0297337 ], [ 38.7809631, 9.0314094 ], [ 38.7820705, 9.0326994 ], [ 38.7820987, 9.0327323 ], [ 38.7853003, 9.0340705 ], [ 38.7894697, 9.0358202 ], [ 38.7898711, 9.0353037 ], [ 38.7947311, 9.0312946 ], [ 38.7997189, 9.0335465 ], [ 38.8011234, 9.0303124 ], [ 38.8048161, 9.0292985 ], [ 38.808201, 9.0306966 ], [ 38.8101278, 9.0326481 ], [ 38.8103267, 9.0327174 ], [ 38.8105209, 9.0319502 ], [ 38.810141, 9.0310664 ], [ 38.809383, 9.0265432 ], [ 38.8140818, 9.0259528 ], [ 38.8147241, 9.0258773 ], [ 38.8193351, 9.0247139 ], [ 38.8198519, 9.0239225 ], [ 38.8215588, 9.0187509 ], [ 38.8222674, 9.0177774 ], [ 38.8216136, 9.0172782 ], [ 38.8201494, 9.0114735 ], [ 38.8206679, 9.0071524 ], [ 38.821587, 9.0050755 ], [ 38.8218561, 9.0020851 ], [ 38.8206135, 8.9996526 ], [ 38.8193013, 8.9977327 ], [ 38.8145144, 8.9950723 ], [ 38.8138301, 8.9945428 ], [ 38.8121375, 8.9934609 ], [ 38.8076578, 8.9928918 ], [ 38.8046121, 8.99236 ], [ 38.8033717, 8.9923759 ], [ 38.8022096, 8.9940263 ], [ 38.8004776, 8.9984045 ], [ 38.7965052, 8.9969379 ], [ 38.7956395, 8.9945489 ], [ 38.7952264, 8.9934812 ], [ 38.7950923, 8.9927666 ], [ 38.7948242, 8.9923398 ], [ 38.7937435, 8.9900171 ], [ 38.788291, 8.9915527 ], [ 38.7862157, 8.9911515 ], [ 38.7847861, 8.9907155 ], [ 38.7838371, 8.9909241 ], [ 38.7830666, 8.9913983 ], [ 38.7821728, 8.9934872 ], [ 38.7785756, 8.9959215 ], [ 38.7781307, 8.9965431 ], [ 38.777362, 8.9984848 ], [ 38.7757771, 9.0033548 ], [ 38.7728032, 9.0057086 ], [ 38.772547, 9.0061212 ], [ 38.7692515, 9.0104413 ], [ 38.7672577, 9.0104737 ], [ 38.7672657, 9.0106467 ], [ 38.7700742, 9.0161859 ], [ 38.7702626, 9.0175372 ], [ 38.7702868, 9.017711 ], [ 38.7703065, 9.0178326 ], [ 38.7717222, 9.0232818 ], [ 38.7726906, 9.0277322 ], [ 38.7727204, 9.0278244 ] ] ] } },
{ "type": "Feature", "properties": { "threshold_s": 300, "time_label": "5 min drive" }, "geometry": { "type": "Polygon", "coordinates": [ [ [ 38.7860637, 8.9950606 ], [ 38.7862813, 8.9984227 ], [ 38.7868335, 8.9981402 ], [ 38.7913789, 8.9990156 ], [ 38.7920983, 8.9987684 ], [ 38.792624, 8.9985777 ], [ 38.7931544, 8.9983837 ], [ 38.7936291, 8.9982041 ], [ 38.7946719, 8.9978068 ], [ 38.7965052, 8.9969379 ], [ 38.797341, 8.9927148 ], [ 38.797957, 8.9920335 ], [ 38.7992705, 8.9883311 ], [ 38.8021619, 8.9853275 ], [ 38.7996331, 8.9854045 ], [ 38.7976586, 8.9872854 ], [ 38.7965669, 8.9878238 ], [ 38.7920318, 8.9875297 ], [ 38.791375, 8.9871117 ], [ 38.789819799999989, 8.986366 ], [ 38.788826, 8.985809 ], [ 38.7855757, 8.9849273 ], [ 38.7851306, 8.9856381 ], [ 38.7851138, 8.9856672 ], [ 38.7860875, 8.9884662 ], [ 38.7838371, 8.9909241 ], [ 38.7839075, 8.9910649 ], [ 38.7860637, 8.9950606 ] ] ] } },
{ "type": "Feature", "properties": { "threshold_s": 600, "time_label": "10 min drive" }, "geometry": { "type": "Polygon", "coordinates": [ [ [ 38.777362, 8.9984848 ], [ 38.7780823, 9.0053305 ], [ 38.7837833, 9.0077407 ], [ 38.7884384, 9.0091028 ], [ 38.7884709, 9.0091113 ], [ 38.7913278, 9.0074564 ], [ 38.7990505, 9.0070571 ], [ 38.8017743, 9.0076652 ], [ 38.8035621, 9.0081352 ], [ 38.8053968, 9.0014888 ], [ 38.8056015, 9.0006917 ], [ 38.8083827, 8.9935965 ], [ 38.8096195, 8.9919077 ], [ 38.8114187, 8.9892505 ], [ 38.8097735, 8.9869675 ], [ 38.8079529, 8.9863615 ], [ 38.8066972, 8.9860036 ], [ 38.8035562, 8.9852867 ], [ 38.8021619, 8.9853275 ], [ 38.7996331, 8.9854045 ], [ 38.7971379, 8.9861223 ], [ 38.788826, 8.985809 ], [ 38.7855757, 8.9849273 ], [ 38.7787516, 8.9794447 ], [ 38.7776473, 8.979045 ], [ 38.7744577, 8.9807854 ], [ 38.7745199, 8.9813475 ], [ 38.775192, 8.9835237 ], [ 38.7755186, 8.9855138 ], [ 38.7737218, 8.9925375 ], [ 38.7734496, 8.993719 ], [ 38.7743488, 8.9956238 ], [ 38.777362, 8.9984848 ] ] ] } },
{ "type": "Feature", "properties": { "threshold_s": 900, "time_label": "15 min drive" }, "geometry": { "type": "Polygon", "coordinates": [ [ [ 38.7680585, 9.0045594 ], [ 38.773148, 9.0145762 ], [ 38.7732235, 9.0146348 ], [ 38.7863369, 9.0194521 ], [ 38.7865467, 9.0196378 ], [ 38.7873343, 9.0195722 ], [ 38.7896598, 9.0192439 ], [ 38.8023704, 9.017401 ], [ 38.8038278, 9.0181359 ], [ 38.8082885, 9.0154434 ], [ 38.8118426, 9.0114005 ], [ 38.8138041, 9.0035608 ], [ 38.8188793, 8.9961121 ], [ 38.8213518, 8.9909989 ], [ 38.8221907, 8.9879713 ], [ 38.8215003, 8.9841883 ], [ 38.8208006, 8.9803978 ], [ 38.8097735, 8.9869675 ], [ 38.8079529, 8.9863615 ], [ 38.8066972, 8.9860036 ], [ 38.8035562, 8.9852867 ], [ 38.8021619, 8.9853275 ], [ 38.7996331, 8.9854045 ], [ 38.7899075, 8.9859732 ], [ 38.7880106, 8.9854871 ], [ 38.7777914, 8.9763594 ], [ 38.7759295, 8.9724099 ], [ 38.7750556, 8.9694476 ], [ 38.7654038, 8.974453 ], [ 38.7651287, 8.9879443 ], [ 38.7646631, 8.9960887 ], [ 38.7650014, 8.9976644 ], [ 38.7658497, 8.9998495 ], [ 38.7679271, 9.0042908 ], [ 38.7680585, 9.0045594 ] ] ] } },
{ "type": "Feature", "properties": { "threshold_s": 300, "time_label": "5 min drive" }, "geometry": { "type": "Polygon", "coordinates": [ [ [ 38.7792411, 9.0026554 ], [ 38.7791347, 9.0046913 ], [ 38.7807284, 9.0052172 ], [ 38.7808424, 9.0051589 ], [ 38.7824663, 9.0048444 ], [ 38.7836494, 9.0045185 ], [ 38.7846753, 9.0066285 ], [ 38.7853284, 9.00681 ], [ 38.7867191, 9.0066497 ], [ 38.7890004, 9.0069159 ], [ 38.7890474, 9.0069271 ], [ 38.7894939, 9.0070331 ], [ 38.7901389, 9.0069411 ], [ 38.7917436, 9.0057285 ], [ 38.7917389, 9.0056483 ], [ 38.7894034, 9.0046542 ], [ 38.7892042, 9.0040436 ], [ 38.7882698, 9.0017096 ], [ 38.7897293, 8.9996859 ], [ 38.7906855, 8.9993148 ], [ 38.7913789, 8.9990156 ], [ 38.7920983, 8.9987684 ], [ 38.792624, 8.9985777 ], [ 38.7931544, 8.9983837 ], [ 38.7936291, 8.9982041 ], [ 38.7941482, 8.9979968 ], [ 38.7946719, 8.9978068 ], [ 38.7951352, 8.9973643 ], [ 38.7949274, 8.9968629 ], [ 38.7956395, 8.9945489 ], [ 38.7949535, 8.9927309 ], [ 38.7936797, 8.9917278 ], [ 38.7937429, 8.9895272 ], [ 38.792569, 8.9896677 ], [ 38.7908448, 8.9901828 ], [ 38.7905229, 8.9906157 ], [ 38.7879873, 8.9904466 ], [ 38.7877175, 8.9895661 ], [ 38.7876549, 8.9893973 ], [ 38.7850578, 8.9900299 ], [ 38.7845344, 8.9902803 ], [ 38.7838371, 8.9909241 ], [ 38.7816987, 8.9917573 ], [ 38.7808029, 8.9921666 ], [ 38.7805353, 8.9943244 ], [ 38.7798823, 8.9953285 ], [ 38.7791942, 8.9979054 ], [ 38.7794906, 8.9991652 ], [ 38.7797689, 9.0015699 ], [ 38.7792411, 9.0026554 ] ] ] } },
{ "type": "Feature", "properties": { "threshold_s": 600, "time_label": "10 min drive" }, "geometry": { "type": "Polygon", "coordinates": [ [ [ 38.7714755, 9.0087054 ], [ 38.7732789, 9.0121882 ], [ 38.7743465, 9.0124832 ], [ 38.7756928, 9.012622 ], [ 38.782059, 9.014438 ], [ 38.7868853, 9.018491 ], [ 38.7888092, 9.0179132 ], [ 38.7945083, 9.014418 ], [ 38.7956759, 9.013702 ], [ 38.7973108, 9.012178 ], [ 38.7993051, 9.0096285 ], [ 38.8012192, 9.004282 ], [ 38.8021955, 9.0011235 ], [ 38.799914, 9.0005241 ], [ 38.7981365, 8.9992974 ], [ 38.797341, 8.9927148 ], [ 38.797957, 8.9920335 ], [ 38.7992705, 8.9883311 ], [ 38.8021714, 8.9855567 ], [ 38.8021619, 8.9853275 ], [ 38.7996331, 8.9854045 ], [ 38.7971379, 8.9861223 ], [ 38.791375, 8.9871117 ], [ 38.789819799999989, 8.986366 ], [ 38.788826, 8.985809 ], [ 38.7855757, 8.9849273 ], [ 38.7842988, 8.9845215 ], [ 38.7829895, 8.9840922 ], [ 38.7824454, 8.9839019 ], [ 38.7810382, 8.9833915 ], [ 38.779409, 8.9827553 ], [ 38.7773083, 8.9830631 ], [ 38.7765955, 8.9831822 ], [ 38.776095, 8.9835302 ], [ 38.7757261, 8.9838273 ], [ 38.7751147, 8.9849595 ], [ 38.7727274, 8.9902942 ], [ 38.7717135, 8.9915076 ], [ 38.7715057, 8.9948681 ], [ 38.7717799, 8.9976465 ], [ 38.7719603, 9.0024587 ], [ 38.7707131, 9.0045185 ], [ 38.7705863, 9.0055165 ], [ 38.7714755, 9.0087054 ] ] ] } },
{ "type": "Feature", "properties": { "threshold_s": 900, "time_label": "15 min drive" }, "geometry": { "type": "Polygon", "coordinates": [ [ [ 38.76206, 9.0111118 ], [ 38.7637032, 9.0172024 ], [ 38.766175, 9.0194163 ], [ 38.7686595, 9.0207369 ], [ 38.7732625, 9.0224856 ], [ 38.7806417, 9.0258586 ], [ 38.7845201, 9.0274837 ], [ 38.7873289, 9.0285497 ], [ 38.7874351, 9.0285686 ], [ 38.7940937, 9.0255635 ], [ 38.795948, 9.0245221 ], [ 38.8035447, 9.0196294 ], [ 38.8061032, 9.0115015 ], [ 38.8079575, 9.0091341 ], [ 38.809306, 9.005337 ], [ 38.8105441, 9.0014742 ], [ 38.8105658, 8.9963646 ], [ 38.8127633, 8.9897199 ], [ 38.8127899, 8.9893411 ], [ 38.8097735, 8.9869675 ], [ 38.8079529, 8.9863615 ], [ 38.8066972, 8.9860036 ], [ 38.8035562, 8.9852867 ], [ 38.8021619, 8.9853275 ], [ 38.7996331, 8.9854045 ], [ 38.7971379, 8.9861223 ], [ 38.7880106, 8.9854871 ], [ 38.7855757, 8.9849273 ], [ 38.7787516, 8.9794447 ], [ 38.7777914, 8.9763594 ], [ 38.7756114, 8.9726492 ], [ 38.7676058, 8.9774758 ], [ 38.767071, 8.9778048 ], [ 38.7634392, 8.9867237 ], [ 38.7627677, 8.9945858 ], [ 38.7628341, 9.0016946 ], [ 38.76206, 9.0111118 ] ] ] } },
{ "type": "Feature", "properties": { "threshold_s": 300, "time_label": "5 min drive" }, "geometry": { "type": "Polygon", "coordinates": [ [ [ 38.8103972, 9.0047468 ], [ 38.8092765, 9.0052556 ], [ 38.809306, 9.005337 ], [ 38.8111481, 9.0051072 ], [ 38.8115856, 9.0060377 ], [ 38.8114826, 9.0067746 ], [ 38.8122604, 9.0080583 ], [ 38.8134366, 9.0095846 ], [ 38.8138905, 9.0100125 ], [ 38.8152062, 9.0100285 ], [ 38.8156193, 9.0095021 ], [ 38.8167143, 9.008314 ], [ 38.817747, 9.0087776 ], [ 38.8185341, 9.0084452 ], [ 38.8193872, 9.0104136 ], [ 38.8182659, 9.0114084 ], [ 38.8198282, 9.0115553 ], [ 38.8219222, 9.0121876 ], [ 38.8229602, 9.0115936 ], [ 38.8234374, 9.0104645 ], [ 38.8233315, 9.0101612 ], [ 38.8243225, 9.0083844 ], [ 38.8241042, 9.0078386 ], [ 38.8249446, 9.0061119 ], [ 38.8256118, 9.0060324 ], [ 38.8255636, 9.004735 ], [ 38.8254516, 9.0040688 ], [ 38.8253637, 9.0037138 ], [ 38.8251673, 9.0028349 ], [ 38.8253255, 9.0013659 ], [ 38.8253388, 8.9997393 ], [ 38.825283, 8.9987407 ], [ 38.8249847, 8.9984478 ], [ 38.8243356, 8.997982 ], [ 38.8232394, 8.9968861 ], [ 38.8213192, 8.9968546 ], [ 38.8206405, 8.9969958 ], [ 38.8193238, 8.9983689 ], [ 38.8185939, 8.9984419 ], [ 38.8168812, 8.9984658 ], [ 38.8168255, 8.9993469 ], [ 38.8146011, 8.9994162 ], [ 38.8142437, 8.9988904 ], [ 38.8134437, 8.9988388 ], [ 38.8118793, 9.0002865 ], [ 38.8105441, 9.0014742 ], [ 38.8105224, 9.0026899 ], [ 38.8103972, 9.0047468 ] ] ] } },
{ "type": "Feature", "properties": { "threshold_s": 600, "time_label": "10 min drive" }, "geometry": { "type": "Polygon", "coordinates": [ [ [ 38.7996712, 9.0103615 ], [ 38.8001053, 9.0112127 ], [ 38.8017677, 9.0117102 ], [ 38.8040681, 9.0123412 ], [ 38.8057726, 9.0157653 ], [ 38.8069087, 9.0161644 ], [ 38.8108409, 9.0176114 ], [ 38.8126573, 9.0167641 ], [ 38.8174471, 9.017213 ], [ 38.8199606, 9.0189684 ], [ 38.82083, 9.0188161 ], [ 38.8212509, 9.0187748 ], [ 38.8215588, 9.0187509 ], [ 38.8235368, 9.0189136 ], [ 38.826303, 9.0218102 ], [ 38.8268289, 9.0218945 ], [ 38.8284089, 9.0176488 ], [ 38.8303554, 9.0157136 ], [ 38.8313736, 9.0111217 ], [ 38.8325961, 9.0092326 ], [ 38.8328805, 9.0077548 ], [ 38.8325062, 9.0050092 ], [ 38.8337276, 9.0016362 ], [ 38.833914, 9.001378 ], [ 38.834307, 9.0008841 ], [ 38.8327024, 8.99827 ], [ 38.8312705, 8.9949229 ], [ 38.8316189, 8.9909998 ], [ 38.8310145, 8.9893455 ], [ 38.8284344, 8.9887398 ], [ 38.8242677, 8.9890413 ], [ 38.8227617, 8.9891012 ], [ 38.819135, 8.98891 ], [ 38.8158998, 8.9886047 ], [ 38.8127899, 8.9893411 ], [ 38.8109257, 8.9889653 ], [ 38.8095816, 8.9913069 ], [ 38.8076634, 8.9926111 ], [ 38.8057198, 8.9938876 ], [ 38.8037968, 8.9973995 ], [ 38.8021955, 9.0011235 ], [ 38.8013844, 9.0027679 ], [ 38.8016061, 9.0039712 ], [ 38.8019364, 9.0054341 ], [ 38.801182, 9.0096667 ], [ 38.7996712, 9.0103615 ] ] ] } },
{ "type": "Feature", "properties": { "threshold_s": 900, "time_label": "15 min drive" }, "geometry": { "type": "Polygon", "coordinates": [ [ [ 38.7899191, 9.0137655 ], [ 38.7949772, 9.0201918 ], [ 38.8013113, 9.0240498 ], [ 38.8102636, 9.0243078 ], [ 38.8129946, 9.0250146 ], [ 38.8144012, 9.025465 ], [ 38.8228669, 9.0278268 ], [ 38.8249282, 9.0291742 ], [ 38.8269597, 9.0306289 ], [ 38.8292431, 9.0310917 ], [ 38.83358, 9.0284675 ], [ 38.8392593, 9.0214433 ], [ 38.839267, 9.0209447 ], [ 38.839373, 9.0155332 ], [ 38.841532, 9.0113183 ], [ 38.8426899, 9.009846 ], [ 38.8432065, 9.0076345 ], [ 38.8431904, 9.0075458 ], [ 38.8414704, 9.0058192 ], [ 38.8387124, 8.9996302 ], [ 38.840358, 8.9914228 ], [ 38.8420129, 8.9886649 ], [ 38.8420799, 8.9878397 ], [ 38.8406231, 8.9842524 ], [ 38.8398591, 8.9823874 ], [ 38.8396248, 8.9821923 ], [ 38.8386105, 8.9816814 ], [ 38.8304619, 8.9779273 ], [ 38.8287239, 8.9794361 ], [ 38.8211882, 8.9830776 ], [ 38.8200144, 8.9840292 ], [ 38.8192918, 8.9852444 ], [ 38.8172293, 8.987135 ], [ 38.8097735, 8.9869675 ], [ 38.8079529, 8.9863615 ], [ 38.8066972, 8.9860036 ], [ 38.8035396, 8.9855276 ], [ 38.8021619, 8.9853275 ], [ 38.8009586, 8.9855935 ], [ 38.7980917, 8.9885152 ], [ 38.7948523, 8.9966292 ], [ 38.794385, 8.9970616 ], [ 38.7917389, 9.0056483 ], [ 38.7905071, 9.0089001 ], [ 38.7899191, 9.0137655 ] ] ] } },
{ "type": "Feature", "properties": { "threshold_s": 300, "time_label": "5 min drive" }, "geometry": { "type": "Polygon", "coordinates": [ [ [ 38.8012598, 9.0016915 ], [ 38.8015064, 9.0021336 ], [ 38.8021788, 9.0022232 ], [ 38.804329, 9.0019673 ], [ 38.8057265, 9.0030926 ], [ 38.8081062, 9.0031036 ], [ 38.8105244, 9.0035981 ], [ 38.811856, 9.0030254 ], [ 38.8137692, 9.0012547 ], [ 38.8143629, 9.0001177 ], [ 38.8158544, 8.9990245 ], [ 38.8166868, 8.9984269 ], [ 38.81818, 8.997148 ], [ 38.8191622, 8.9962648 ], [ 38.8193455, 8.9939846 ], [ 38.8177697, 8.9916387 ], [ 38.8163915, 8.9896939 ], [ 38.8151393, 8.9891745 ], [ 38.8127899, 8.9893411 ], [ 38.8103143, 8.9883096 ], [ 38.8097735, 8.9869675 ], [ 38.8094608, 8.9871787 ], [ 38.8076053, 8.9881615 ], [ 38.8062832, 8.9878092 ], [ 38.8048106, 8.9875098 ], [ 38.8042841, 8.9879258 ], [ 38.80187, 8.9896704 ], [ 38.8018267, 8.9898213 ], [ 38.8024711, 8.9914824 ], [ 38.8022096, 8.9940263 ], [ 38.8026126, 8.9969332 ], [ 38.8012956, 8.9984883 ], [ 38.8021955, 9.0011235 ], [ 38.8012598, 9.0016915 ] ] ] } },
{ "type": "Feature", "properties": { "threshold_s": 600, "time_label": "10 min drive" }, "geometry": { "type": "Polygon", "coordinates": [ [ [ 38.7917389, 9.0056483 ], [ 38.7913004, 9.006308 ], [ 38.7933695, 9.0082156 ], [ 38.7938335, 9.0085386 ], [ 38.7993051, 9.0096285 ], [ 38.8006988, 9.0098154 ], [ 38.8067184, 9.011178 ], [ 38.8077441, 9.0117239 ], [ 38.8088331, 9.0120493 ], [ 38.8117229, 9.0129526 ], [ 38.815215, 9.0114295 ], [ 38.8156991, 9.0109638 ], [ 38.8204932, 9.0075293 ], [ 38.8254516, 9.0040688 ], [ 38.8268489, 9.0008501 ], [ 38.827138, 9.000038 ], [ 38.8274438, 8.9940992 ], [ 38.8277469, 8.9927898 ], [ 38.8251136, 8.9894951 ], [ 38.8243435, 8.9870493 ], [ 38.8239984, 8.9864212 ], [ 38.823195, 8.9853167 ], [ 38.8211882, 8.9830776 ], [ 38.8200144, 8.9840292 ], [ 38.817983, 8.985495 ], [ 38.8172293, 8.987135 ], [ 38.8158998, 8.9886047 ], [ 38.8097735, 8.9869675 ], [ 38.8079529, 8.9863615 ], [ 38.8066972, 8.9860036 ], [ 38.8035562, 8.9852867 ], [ 38.8021619, 8.9853275 ], [ 38.7996331, 8.9854045 ], [ 38.7948121, 8.988467 ], [ 38.7933953, 8.9891541 ], [ 38.792569, 8.9896677 ], [ 38.7924159, 8.9898914 ], [ 38.7928077, 8.9908644 ], [ 38.7937863, 8.9969911 ], [ 38.7936291, 8.9982041 ], [ 38.7943165, 9.0036151 ], [ 38.7917389, 9.0056483 ] ] ] } },
{ "type": "Feature", "properties": { "threshold_s": 900, "time_label": "15 min drive" }, "geometry": { "type": "Polygon", "coordinates": [ [ [ 38.7806044, 9.0049721 ], [ 38.783239, 9.0112642 ], [ 38.7857498, 9.0138874 ], [ 38.7874085, 9.0152361 ], [ 38.79037610000001, 9.0163806 ], [ 38.8012944, 9.0218089 ], [ 38.8134627, 9.0213571 ], [ 38.8252565, 9.017405 ], [ 38.8253495, 9.0173691 ], [ 38.8313736, 9.0111217 ], [ 38.8338238, 9.0070155 ], [ 38.8338448, 9.0069608 ], [ 38.8349131, 9.0008394 ], [ 38.8374832, 8.9886914 ], [ 38.8364377, 8.986366 ], [ 38.8302928, 8.9775749 ], [ 38.8249982, 8.9729882 ], [ 38.8211327, 8.9767138 ], [ 38.8208006, 8.9803978 ], [ 38.8097735, 8.9869675 ], [ 38.8079529, 8.9863615 ], [ 38.8066972, 8.9860036 ], [ 38.8035562, 8.9852867 ], [ 38.8021619, 8.9853275 ], [ 38.7996331, 8.9854045 ], [ 38.788826, 8.985809 ], [ 38.7855757, 8.9849273 ], [ 38.7842988, 8.9845215 ], [ 38.7829895, 8.9840922 ], [ 38.7824454, 8.9839019 ], [ 38.7821462, 8.9917529 ], [ 38.7806882, 9.0033184 ], [ 38.7805226, 9.0045304 ], [ 38.7806044, 9.0049721 ] ] ] } },
{ "type": "Feature", "properties": { "threshold_s": 300, "time_label": "5 min drive" }, "geometry": { "type": "Polygon", "coordinates": [ [ [ 38.7747095, 9.005959 ], [ 38.7747833, 9.0070232 ], [ 38.7772235, 9.0087889 ], [ 38.7798812, 9.0096691 ], [ 38.780713, 9.0097015 ], [ 38.7817363, 9.009675 ], [ 38.7833831, 9.0092518 ], [ 38.7843038, 9.0083295 ], [ 38.7859386, 9.007004 ], [ 38.7868151, 9.0063172 ], [ 38.7879007, 9.0054099 ], [ 38.7883516, 9.0046885 ], [ 38.788482, 9.003886 ], [ 38.7882698, 9.0017096 ], [ 38.7889105, 9.0000486 ], [ 38.7894879, 8.9990878 ], [ 38.7907287, 8.9971431 ], [ 38.7911253, 8.9962245 ], [ 38.7900146, 8.9944088 ], [ 38.7899619, 8.994329 ], [ 38.7873682, 8.9940098 ], [ 38.7848356, 8.9932143 ], [ 38.7840953, 8.9926818 ], [ 38.783081, 8.9918757 ], [ 38.781175, 8.992913 ], [ 38.7784264, 8.9944714 ], [ 38.7778293, 8.9946797 ], [ 38.7770092, 8.9949946 ], [ 38.7776278, 8.9979624 ], [ 38.777362, 8.9984848 ], [ 38.7779966, 8.9994625 ], [ 38.7795597, 9.0006527 ], [ 38.7787355, 9.0030202 ], [ 38.7767098, 9.0045986 ], [ 38.7747095, 9.005959 ] ] ] } },
{ "type": "Feature", "properties": { "threshold_s": 600, "time_label": "10 min drive" }, "geometry": { "type": "Polygon", "coordinates": [ [ [ 38.7693626, 9.0163824 ], [ 38.7703065, 9.0178326 ], [ 38.771192, 9.0184455 ], [ 38.7742102, 9.0174735 ], [ 38.7741335, 9.0152535 ], [ 38.776373, 9.0129175 ], [ 38.7792254, 9.0132141 ], [ 38.7807383, 9.0166185 ], [ 38.7813556, 9.0188907 ], [ 38.7814285, 9.0193487 ], [ 38.7821863, 9.0204951 ], [ 38.7822623, 9.0205134 ], [ 38.7823931, 9.0205435 ], [ 38.78304, 9.0204663 ], [ 38.785699, 9.0179732 ], [ 38.7889022, 9.0159914 ], [ 38.7901675, 9.0136932 ], [ 38.7919485, 9.0120027 ], [ 38.7950341, 9.0117579 ], [ 38.7956005, 9.0103345 ], [ 38.7970892, 9.0075365 ], [ 38.7980686, 9.0057269 ], [ 38.7984014, 9.0043704 ], [ 38.7981876, 9.0030972 ], [ 38.7978869, 9.0019288 ], [ 38.7955181, 9.0020965 ], [ 38.7946719, 8.9978068 ], [ 38.7965052, 8.9969379 ], [ 38.7956395, 8.9945489 ], [ 38.7966451, 8.9921571 ], [ 38.7976136, 8.9913002 ], [ 38.7942992, 8.9887271 ], [ 38.791375, 8.9871117 ], [ 38.789819799999989, 8.986366 ], [ 38.7888132, 8.9859297 ], [ 38.7879749, 8.9856538 ], [ 38.7855757, 8.9849273 ], [ 38.7842988, 8.9845215 ], [ 38.7810382, 8.9833915 ], [ 38.7796793, 8.9834842 ], [ 38.7780338, 8.9839326 ], [ 38.7749007, 8.9846708 ], [ 38.7745166, 8.984983 ], [ 38.7732891, 8.986205 ], [ 38.7718993, 8.9891153 ], [ 38.7713957, 8.9920023 ], [ 38.7708546, 8.9939276 ], [ 38.7707889, 8.9960261 ], [ 38.768846, 8.999063 ], [ 38.7672202, 9.0015599 ], [ 38.7671183, 9.0031016 ], [ 38.7663964, 9.0070441 ], [ 38.7672577, 9.0104737 ], [ 38.7672256, 9.0115334 ], [ 38.769726, 9.0132853 ], [ 38.7693626, 9.0163824 ] ] ] } },
{ "type": "Feature", "properties": { "threshold_s": 900, "time_label": "15 min drive" }, "geometry": { "type": "Polygon", "coordinates": [ [ [ 38.7565754, 9.0147817 ], [ 38.7586505, 9.0180415 ], [ 38.7645123, 9.0221623 ], [ 38.7673037, 9.0253571 ], [ 38.7723979, 9.0278156 ], [ 38.774781, 9.0284029 ], [ 38.7826048, 9.0287552 ], [ 38.7836703, 9.0293036 ], [ 38.7843281, 9.0296452 ], [ 38.785542, 9.0298968 ], [ 38.7875691, 9.0278204 ], [ 38.7935947, 9.0244763 ], [ 38.7994298, 9.0188571 ], [ 38.8034284, 9.0138029 ], [ 38.8059445, 9.0070212 ], [ 38.8070302, 9.004284 ], [ 38.8074117, 9.0031263 ], [ 38.8076454, 9.001485 ], [ 38.8078462, 8.9964692 ], [ 38.8052038, 8.9893038 ], [ 38.8035562, 8.9852867 ], [ 38.8021619, 8.9853275 ], [ 38.7996331, 8.9854045 ], [ 38.7971379, 8.9861223 ], [ 38.788826, 8.985809 ], [ 38.7879749, 8.9856538 ], [ 38.7855757, 8.9849273 ], [ 38.7842988, 8.9845215 ], [ 38.7787516, 8.9794447 ], [ 38.7777914, 8.9763594 ], [ 38.7774548, 8.9759568 ], [ 38.7773636, 8.975878 ], [ 38.7760118, 8.9755812 ], [ 38.7733325, 8.9762997 ], [ 38.7676058, 8.9774758 ], [ 38.763834, 8.9819059 ], [ 38.7622147, 8.9858887 ], [ 38.7621897, 8.9874769 ], [ 38.7621897, 8.9875462 ], [ 38.7622024, 8.9876198 ], [ 38.7609419, 8.9943649 ], [ 38.7597039, 8.9959808 ], [ 38.759032, 8.998066 ], [ 38.7586856, 8.9999436 ], [ 38.7587616, 9.0011842 ], [ 38.7587711, 9.0014635 ], [ 38.7587985, 9.0020734 ], [ 38.7579128, 9.0080385 ], [ 38.755338, 9.0119598 ], [ 38.7553236, 9.0121104 ], [ 38.7565754, 9.0147817 ] ] ] } },
{ "type": "Feature", "properties": { "threshold_s": 300, "time_label": "5 min drive" }, "geometry": { "type": "Polygon", "coordinates": [ [ [ 38.8315603, 9.0210402 ], [ 38.83203240000001, 9.021741 ], [ 38.8335088, 9.021666 ], [ 38.8339238, 9.0216463 ], [ 38.8361434, 9.0230967 ], [ 38.8384925, 9.0238534 ], [ 38.8390437, 9.0250362 ], [ 38.8396163, 9.0272045 ], [ 38.8407455, 9.0271128 ], [ 38.8427642, 9.0268135 ], [ 38.8439403, 9.0253379 ], [ 38.8443763, 9.0241376 ], [ 38.844438, 9.0230602 ], [ 38.843856, 9.0212365 ], [ 38.8447501, 9.0186726 ], [ 38.8449974, 9.0186613 ], [ 38.8452638, 9.018649 ], [ 38.8455119, 9.0186309 ], [ 38.8457636, 9.0186125 ], [ 38.8460216, 9.0186058 ], [ 38.8462862, 9.018599 ], [ 38.8460124, 9.0183204 ], [ 38.8445818, 9.0169646 ], [ 38.8433111, 9.0157103 ], [ 38.8428107, 9.0152886 ], [ 38.8408953, 9.013665 ], [ 38.8388259, 9.0126283 ], [ 38.8374839, 9.0127074 ], [ 38.8368092, 9.0128559 ], [ 38.8363424, 9.0131566 ], [ 38.8337742, 9.0141108 ], [ 38.8333871, 9.0141273 ], [ 38.8331264, 9.0143985 ], [ 38.8318937, 9.0157671 ], [ 38.8309154, 9.016991 ], [ 38.8312386, 9.0193236 ], [ 38.8312764, 9.019895 ], [ 38.8313149, 9.0204614 ], [ 38.8315603, 9.0210402 ] ] ] } },
{ "type": "Feature", "properties": { "threshold_s": 600, "time_label": "10 min drive" }, "geometry": { "type": "Polygon", "coordinates": [ [ [ 38.8311271, 9.0316043 ], [ 38.8347468, 9.0370347 ], [ 38.8375676, 9.0372689 ], [ 38.8400239, 9.0358904 ], [ 38.8413773, 9.0352855 ], [ 38.8467935, 9.034135 ], [ 38.84938, 9.0319473 ], [ 38.8506613, 9.0308591 ], [ 38.8541116, 9.025734 ], [ 38.8542502, 9.0254448 ], [ 38.8546904, 9.023507 ], [ 38.8596607, 9.0204593 ], [ 38.8567371, 9.0177538 ], [ 38.853243, 9.0137351 ], [ 38.8507949, 9.0115817 ], [ 38.849253, 9.0102303 ], [ 38.8484112, 9.0095145 ], [ 38.8431904, 9.0075458 ], [ 38.8414704, 9.0058192 ], [ 38.8399261, 9.0047959 ], [ 38.8350485, 9.0029058 ], [ 38.8336857, 9.0030785 ], [ 38.8303265, 9.0044892 ], [ 38.8302422, 9.0045291 ], [ 38.8289686, 9.0063636 ], [ 38.8288667, 9.0074564 ], [ 38.8288254, 9.0078165 ], [ 38.8285318, 9.0098196 ], [ 38.828155, 9.0107397 ], [ 38.8226905, 9.0141508 ], [ 38.8217664, 9.0166323 ], [ 38.8216767, 9.0168867 ], [ 38.8212509, 9.0187748 ], [ 38.8264118, 9.0231496 ], [ 38.8265137, 9.0234793 ], [ 38.8272819, 9.0259255 ], [ 38.8297083, 9.0294934 ], [ 38.8311271, 9.0316043 ] ] ] } },
{ "type": "Feature", "properties": { "threshold_s": 900, "time_label": "15 min drive" }, "geometry": { "type": "Polygon", "coordinates": [ [ [ 38.8260278, 9.0419687 ], [ 38.8267191, 9.0428673 ], [ 38.8296578, 9.045113 ], [ 38.8342291, 9.0444675 ], [ 38.8347106, 9.0444106 ], [ 38.8396154, 9.0432269 ], [ 38.8424748, 9.0449472 ], [ 38.8434789, 9.0444928 ], [ 38.8454837, 9.0434145 ], [ 38.8516426, 9.0413437 ], [ 38.8546541, 9.0391286 ], [ 38.8578098, 9.0368942 ], [ 38.8583356, 9.0364641 ], [ 38.8585428, 9.0361938 ], [ 38.8611759, 9.0314011 ], [ 38.8636881, 9.0301716 ], [ 38.864046, 9.0289651 ], [ 38.8665855, 9.0242364 ], [ 38.869985, 9.0209563 ], [ 38.8672391, 9.0175395 ], [ 38.8667297, 9.0171029 ], [ 38.8629017, 9.0116192 ], [ 38.8616108, 9.0101591 ], [ 38.8573935, 9.0067183 ], [ 38.8566263, 9.0067585 ], [ 38.8520229, 9.0038196 ], [ 38.8517258, 9.0017786 ], [ 38.8515895, 9.0016543 ], [ 38.8455139, 8.9988985 ], [ 38.844815, 8.9980926 ], [ 38.8434961, 8.9966146 ], [ 38.8427344, 8.9959913 ], [ 38.838026, 8.9945437 ], [ 38.8312705, 8.9949229 ], [ 38.8279827, 8.995279 ], [ 38.8254945, 8.9955529 ], [ 38.824146, 8.9964252 ], [ 38.8228203, 8.9975902 ], [ 38.8225146, 8.9978975 ], [ 38.8221946, 8.9995035 ], [ 38.8216182, 9.0018175 ], [ 38.8174928, 9.0047767 ], [ 38.815654, 9.0083153 ], [ 38.8152062, 9.0100285 ], [ 38.8152041, 9.0109634 ], [ 38.815215, 9.0114295 ], [ 38.8152355, 9.0119172 ], [ 38.8168859, 9.0171779 ], [ 38.8133688, 9.0197109 ], [ 38.813209, 9.0199514 ], [ 38.8143108, 9.0220924 ], [ 38.8147871, 9.0225069 ], [ 38.8182977, 9.0240359 ], [ 38.8193351, 9.0247139 ], [ 38.8228669, 9.0278268 ], [ 38.8245369, 9.0342374 ], [ 38.825009, 9.0372604 ], [ 38.8257152, 9.0408449 ], [ 38.8260278, 9.0419687 ] ] ] } },
{ "type": "Feature", "properties": { "threshold_s": 300, "time_label": "5 min drive" }, "geometry": { "type": "Polygon", "coordinates": [ [ [ 38.8315603, 9.0210402 ], [ 38.83203240000001, 9.021741 ], [ 38.8335088, 9.021666 ], [ 38.8339238, 9.0216463 ], [ 38.8361434, 9.0230967 ], [ 38.8384925, 9.0238534 ], [ 38.8390437, 9.0250362 ], [ 38.8396163, 9.0272045 ], [ 38.8407455, 9.0271128 ], [ 38.8427642, 9.0268135 ], [ 38.8439403, 9.0253379 ], [ 38.8443763, 9.0241376 ], [ 38.844438, 9.0230602 ], [ 38.843856, 9.0212365 ], [ 38.8447501, 9.0186726 ], [ 38.8449974, 9.0186613 ], [ 38.8452638, 9.018649 ], [ 38.8455119, 9.0186309 ], [ 38.8457636, 9.0186125 ], [ 38.8460216, 9.0186058 ], [ 38.8462862, 9.018599 ], [ 38.8460124, 9.0183204 ], [ 38.8445818, 9.0169646 ], [ 38.8433111, 9.0157103 ], [ 38.8428107, 9.0152886 ], [ 38.8408953, 9.013665 ], [ 38.8388259, 9.0126283 ], [ 38.8374839, 9.0127074 ], [ 38.8368092, 9.0128559 ], [ 38.8363424, 9.0131566 ], [ 38.8337742, 9.0141108 ], [ 38.8333871, 9.0141273 ], [ 38.8331264, 9.0143985 ], [ 38.8318937, 9.0157671 ], [ 38.8309154, 9.016991 ], [ 38.8312386, 9.0193236 ], [ 38.8312764, 9.019895 ], [ 38.8313149, 9.0204614 ], [ 38.8315603, 9.0210402 ] ] ] } },
{ "type": "Feature", "properties": { "threshold_s": 600, "time_label": "10 min drive" }, "geometry": { "type": "Polygon", "coordinates": [ [ [ 38.8311271, 9.0316043 ], [ 38.8347468, 9.0370347 ], [ 38.8375676, 9.0372689 ], [ 38.8400239, 9.0358904 ], [ 38.8413773, 9.0352855 ], [ 38.8467935, 9.034135 ], [ 38.84938, 9.0319473 ], [ 38.8506613, 9.0308591 ], [ 38.8541116, 9.025734 ], [ 38.8542502, 9.0254448 ], [ 38.8546904, 9.023507 ], [ 38.8596607, 9.0204593 ], [ 38.8567371, 9.0177538 ], [ 38.853243, 9.0137351 ], [ 38.8507949, 9.0115817 ], [ 38.849253, 9.0102303 ], [ 38.8484112, 9.0095145 ], [ 38.8431904, 9.0075458 ], [ 38.8414704, 9.0058192 ], [ 38.8399261, 9.0047959 ], [ 38.8350485, 9.0029058 ], [ 38.8336857, 9.0030785 ], [ 38.8303265, 9.0044892 ], [ 38.8302422, 9.0045291 ], [ 38.8289686, 9.0063636 ], [ 38.8288667, 9.0074564 ], [ 38.8288254, 9.0078165 ], [ 38.8285318, 9.0098196 ], [ 38.828155, 9.0107397 ], [ 38.8226905, 9.0141508 ], [ 38.8217664, 9.0166323 ], [ 38.8216767, 9.0168867 ], [ 38.8212509, 9.0187748 ], [ 38.8264118, 9.0231496 ], [ 38.8265137, 9.0234793 ], [ 38.8272819, 9.0259255 ], [ 38.8297083, 9.0294934 ], [ 38.8311271, 9.0316043 ] ] ] } },
{ "type": "Feature", "properties": { "threshold_s": 900, "time_label": "15 min drive" }, "geometry": { "type": "Polygon", "coordinates": [ [ [ 38.8260278, 9.0419687 ], [ 38.8267191, 9.0428673 ], [ 38.8296578, 9.045113 ], [ 38.8342291, 9.0444675 ], [ 38.8347106, 9.0444106 ], [ 38.8396154, 9.0432269 ], [ 38.8424748, 9.0449472 ], [ 38.8434789, 9.0444928 ], [ 38.8454837, 9.0434145 ], [ 38.8516426, 9.0413437 ], [ 38.8546541, 9.0391286 ], [ 38.8578098, 9.0368942 ], [ 38.8583356, 9.0364641 ], [ 38.8585428, 9.0361938 ], [ 38.8611759, 9.0314011 ], [ 38.8636881, 9.0301716 ], [ 38.864046, 9.0289651 ], [ 38.8665855, 9.0242364 ], [ 38.869985, 9.0209563 ], [ 38.8672391, 9.0175395 ], [ 38.8667297, 9.0171029 ], [ 38.8629017, 9.0116192 ], [ 38.8616108, 9.0101591 ], [ 38.8573935, 9.0067183 ], [ 38.8566263, 9.0067585 ], [ 38.8520229, 9.0038196 ], [ 38.8517258, 9.0017786 ], [ 38.8515895, 9.0016543 ], [ 38.8455139, 8.9988985 ], [ 38.844815, 8.9980926 ], [ 38.8434961, 8.9966146 ], [ 38.8427344, 8.9959913 ], [ 38.838026, 8.9945437 ], [ 38.8312705, 8.9949229 ], [ 38.8279827, 8.995279 ], [ 38.8254945, 8.9955529 ], [ 38.824146, 8.9964252 ], [ 38.8228203, 8.9975902 ], [ 38.8225146, 8.9978975 ], [ 38.8221946, 8.9995035 ], [ 38.8216182, 9.0018175 ], [ 38.8174928, 9.0047767 ], [ 38.815654, 9.0083153 ], [ 38.8152062, 9.0100285 ], [ 38.8152041, 9.0109634 ], [ 38.815215, 9.0114295 ], [ 38.8152355, 9.0119172 ], [ 38.8168859, 9.0171779 ], [ 38.8133688, 9.0197109 ], [ 38.813209, 9.0199514 ], [ 38.8143108, 9.0220924 ], [ 38.8147871, 9.0225069 ], [ 38.8182977, 9.0240359 ], [ 38.8193351, 9.0247139 ], [ 38.8228669, 9.0278268 ], [ 38.8245369, 9.0342374 ], [ 38.825009, 9.0372604 ], [ 38.8257152, 9.0408449 ], [ 38.8260278, 9.0419687 ] ] ] } },
{ "type": "Feature", "properties": { "threshold_s": 300, "time_label": "5 min drive" }, "geometry": { "type": "Polygon", "coordinates": [ [ [ 38.7828936, 9.0091551 ], [ 38.783239, 9.0112642 ], [ 38.7849573, 9.0126377 ], [ 38.7857498, 9.0138874 ], [ 38.7874085, 9.0152361 ], [ 38.7882279, 9.0132665 ], [ 38.7899191, 9.0137655 ], [ 38.7904584, 9.0126092 ], [ 38.7919485, 9.0120027 ], [ 38.79217340000001, 9.0115364 ], [ 38.7945046, 9.0111732 ], [ 38.7947548, 9.0114362 ], [ 38.7948138, 9.0115059 ], [ 38.7950341, 9.0117579 ], [ 38.7959258, 9.0094485 ], [ 38.7970892, 9.0075365 ], [ 38.7980686, 9.0057269 ], [ 38.7984014, 9.0043704 ], [ 38.7981876, 9.0030972 ], [ 38.797986, 9.0026206 ], [ 38.7955181, 9.0020965 ], [ 38.7943165, 9.0036151 ], [ 38.7936953, 9.0050935 ], [ 38.7917389, 9.0056483 ], [ 38.7898343, 9.0055715 ], [ 38.7894034, 9.0046542 ], [ 38.7892042, 9.0040436 ], [ 38.7882641, 9.0032555 ], [ 38.7882698, 9.0017096 ], [ 38.7897293, 8.9996859 ], [ 38.7906855, 8.9993148 ], [ 38.7913789, 8.9990156 ], [ 38.7920983, 8.9987684 ], [ 38.792624, 8.9985777 ], [ 38.7931544, 8.9983837 ], [ 38.7936291, 8.9982041 ], [ 38.7929452, 8.9978425 ], [ 38.7913339, 8.9967822 ], [ 38.79043, 8.9986976 ], [ 38.7894879, 8.9990878 ], [ 38.7873295, 8.9978484 ], [ 38.788114299999989, 8.9962622 ], [ 38.788491, 8.9960225 ], [ 38.788413, 8.9959625 ], [ 38.787379, 8.9954801 ], [ 38.7860637, 8.9950606 ], [ 38.7854666, 8.9953642 ], [ 38.7842488, 8.9969213 ], [ 38.7837318, 8.9974862 ], [ 38.7837379, 8.9980147 ], [ 38.7834549, 9.0004129 ], [ 38.7823378, 9.0013971 ], [ 38.7807231, 9.0031349 ], [ 38.7806269, 9.0032448 ], [ 38.7803663, 9.0037078 ], [ 38.780255, 9.0042323 ], [ 38.7801361, 9.0051451 ], [ 38.7802161, 9.0053538 ], [ 38.7817273, 9.007227 ], [ 38.7818469, 9.0080756 ], [ 38.7820243, 9.0086886 ], [ 38.7828936, 9.0091551 ] ] ] } },
{ "type": "Feature", "properties": { "threshold_s": 600, "time_label": "10 min drive" }, "geometry": { "type": "Polygon", "coordinates": [ [ [ 38.7813556, 9.0188907 ], [ 38.7811702, 9.0225738 ], [ 38.7846348, 9.0227478 ], [ 38.7860295, 9.0246382 ], [ 38.7862243, 9.0253207 ], [ 38.7865193, 9.0257525 ], [ 38.7875795, 9.0243872 ], [ 38.7888143, 9.0228996 ], [ 38.7929892, 9.0212511 ], [ 38.7933946, 9.0212397 ], [ 38.7947935, 9.0210845 ], [ 38.7949134, 9.0210762 ], [ 38.7986357, 9.0187146 ], [ 38.7994298, 9.0188571 ], [ 38.8018353, 9.0157858 ], [ 38.8034284, 9.0138029 ], [ 38.8042796, 9.0101637 ], [ 38.8059445, 9.0070212 ], [ 38.8070302, 9.004284 ], [ 38.8074117, 9.0031263 ], [ 38.8076454, 9.001485 ], [ 38.807631, 9.0004119 ], [ 38.8078462, 8.9964692 ], [ 38.8075995, 8.9959874 ], [ 38.8054394, 8.9955588 ], [ 38.8044103, 8.9953973 ], [ 38.8026126, 8.9969332 ], [ 38.8004776, 8.9984045 ], [ 38.7965052, 8.9969379 ], [ 38.7956395, 8.9945489 ], [ 38.7960664, 8.9913021 ], [ 38.7960656, 8.9910328 ], [ 38.7942992, 8.9887271 ], [ 38.7908932, 8.9872382 ], [ 38.7884371, 8.9870932 ], [ 38.7843454, 8.9869111 ], [ 38.7834502, 8.9871111 ], [ 38.780833, 8.9883192 ], [ 38.7802939, 8.9890597 ], [ 38.7779248, 8.992709 ], [ 38.7770092, 8.9949946 ], [ 38.777362, 8.9984848 ], [ 38.7779966, 8.9994625 ], [ 38.7757771, 9.0033548 ], [ 38.7734655, 9.0030482 ], [ 38.7727683, 9.0030296 ], [ 38.7715399, 9.004392 ], [ 38.7715262, 9.0057579 ], [ 38.7720729, 9.0079411 ], [ 38.7721322, 9.008018 ], [ 38.7738585, 9.0107737 ], [ 38.7742634, 9.0124589 ], [ 38.7743465, 9.0124832 ], [ 38.7778035, 9.0124771 ], [ 38.7790322, 9.0148252 ], [ 38.7813904, 9.0177361 ], [ 38.7813556, 9.0188907 ] ] ] } },
{ "type": "Feature", "properties": { "threshold_s": 900, "time_label": "15 min drive" }, "geometry": { "type": "Polygon", "coordinates": [ [ [ 38.7717222, 9.0232818 ], [ 38.7727204, 9.0278244 ], [ 38.7743299, 9.0293061 ], [ 38.7746787, 9.0294945 ], [ 38.7817441, 9.0315324 ], [ 38.7819364, 9.0322232 ], [ 38.7820705, 9.0326994 ], [ 38.7834835, 9.0321406 ], [ 38.7845581, 9.0313118 ], [ 38.7913411, 9.0328014 ], [ 38.7968678, 9.0306899 ], [ 38.7988474, 9.0307862 ], [ 38.799007, 9.0305119 ], [ 38.8000767, 9.0287239 ], [ 38.8044852, 9.0237991 ], [ 38.8110194, 9.0199451 ], [ 38.8128841, 9.0134943 ], [ 38.8152029, 9.0088359 ], [ 38.8168907, 9.0039882 ], [ 38.8166157, 9.0004798 ], [ 38.81819, 8.9961768 ], [ 38.8176652, 8.9945341 ], [ 38.8149003, 8.9906983 ], [ 38.8135928, 8.9897028 ], [ 38.8094608, 8.9871787 ], [ 38.8035562, 8.9852867 ], [ 38.8021619, 8.9853275 ], [ 38.7996331, 8.9854045 ], [ 38.7971379, 8.9861223 ], [ 38.789819799999989, 8.986366 ], [ 38.788826, 8.985809 ], [ 38.7855757, 8.9849273 ], [ 38.7842988, 8.9845215 ], [ 38.7787516, 8.9794447 ], [ 38.7729625, 8.9812058 ], [ 38.7711194, 8.9883651 ], [ 38.7700921, 8.9906088 ], [ 38.7698437, 8.9919916 ], [ 38.7694141, 8.9936997 ], [ 38.765179, 8.9981909 ], [ 38.764029, 9.0002724 ], [ 38.764064, 9.0016943 ], [ 38.7642637, 9.0025648 ], [ 38.7636137, 9.009863 ], [ 38.76206, 9.0111118 ], [ 38.7650242, 9.0169385 ], [ 38.766175, 9.0194163 ], [ 38.7686595, 9.0207369 ], [ 38.7717222, 9.0232818 ] ] ] } },
{ "type": "Feature", "properties": { "threshold_s": 300, "time_label": "5 min drive" }, "geometry": { "type": "Polygon", "coordinates": [ [ [ 38.740032, 8.9965281 ], [ 38.7399427, 9.0000384 ], [ 38.7404379, 8.9997461 ], [ 38.7429171, 8.9977021 ], [ 38.7429701, 8.9977686 ], [ 38.7434307, 8.9973006 ], [ 38.7439552, 8.9970066 ], [ 38.7458731, 8.9969173 ], [ 38.7458811, 8.998566 ], [ 38.7456058, 8.9999417 ], [ 38.7454493, 9.0011653 ], [ 38.7454619, 9.0025839 ], [ 38.7469735, 9.0027395 ], [ 38.7470486, 9.0019362 ], [ 38.7471344, 9.0010553 ], [ 38.7488598, 9.0009957 ], [ 38.7494772, 9.0018314 ], [ 38.7498071, 9.002144 ], [ 38.750249599999989, 9.0023687 ], [ 38.7508607, 9.0022828 ], [ 38.7513207, 9.0020037 ], [ 38.7523869, 9.0008858 ], [ 38.7536349, 9.0003254 ], [ 38.7536057, 9.0002363 ], [ 38.7535583, 8.9997625 ], [ 38.7538192, 8.9991228 ], [ 38.7555749, 8.9989495 ], [ 38.7558497, 8.9985688 ], [ 38.7559204, 8.9982493 ], [ 38.7560106, 8.9967932 ], [ 38.7566451, 8.996245 ], [ 38.7573144, 8.9956224 ], [ 38.7563394, 8.9938597 ], [ 38.756378, 8.9933263 ], [ 38.7563798, 8.9932759 ], [ 38.7555326, 8.992433 ], [ 38.7557647, 8.9908317 ], [ 38.7552394, 8.9908915 ], [ 38.753855, 8.9904583 ], [ 38.7533931, 8.9896932 ], [ 38.7518889, 8.9894506 ], [ 38.7500986, 8.9892798 ], [ 38.7501145, 8.9873647 ], [ 38.7507597, 8.986419 ], [ 38.7493942, 8.9868021 ], [ 38.7481404, 8.9858067 ], [ 38.74802, 8.9855194 ], [ 38.7478922, 8.9855711 ], [ 38.7480312, 8.9858545 ], [ 38.7484798, 8.9867709 ], [ 38.7475824, 8.9881615 ], [ 38.7463663, 8.9877181 ], [ 38.7452303, 8.9877313 ], [ 38.74362, 8.9876947 ], [ 38.7430401, 8.9875055 ], [ 38.7428291, 8.987419 ], [ 38.7411293, 8.9881328 ], [ 38.7399049, 8.9885387 ], [ 38.7406063, 8.9895038 ], [ 38.7400326, 8.9914265 ], [ 38.7397446, 8.9917148 ], [ 38.7397219, 8.9928068 ], [ 38.7395882, 8.9940242 ], [ 38.7401499, 8.995209 ], [ 38.740032, 8.9965281 ] ] ] } },
{ "type": "Feature", "properties": { "threshold_s": 600, "time_label": "10 min drive" }, "geometry": { "type": "Polygon", "coordinates": [ [ [ 38.732501, 9.001813 ], [ 38.7310968, 9.0043304 ], [ 38.7337187, 9.0068782 ], [ 38.734007, 9.0072517 ], [ 38.7371188, 9.0072656 ], [ 38.7383334, 9.007408 ], [ 38.7408923, 9.0088199 ], [ 38.7441169, 9.0104975 ], [ 38.7444428, 9.0128526 ], [ 38.7445723, 9.0133288 ], [ 38.7446581, 9.0133275 ], [ 38.7484963, 9.0132162 ], [ 38.7485647, 9.0131598 ], [ 38.7497711, 9.0120098 ], [ 38.7532468, 9.0112338 ], [ 38.7552017, 9.0100104 ], [ 38.7563343, 9.0092824 ], [ 38.7588742, 9.0086394 ], [ 38.7583092, 9.0077312 ], [ 38.7587141, 9.0041929 ], [ 38.7586541, 9.0031765 ], [ 38.7585693, 9.0015672 ], [ 38.7608727, 8.9994493 ], [ 38.7629789, 9.000368 ], [ 38.7633019, 9.0003663 ], [ 38.764029, 9.0002724 ], [ 38.7643505, 9.0002141 ], [ 38.7662835, 9.0001701 ], [ 38.7666007, 9.0001548 ], [ 38.767748, 8.9969339 ], [ 38.7658569, 8.9944178 ], [ 38.7653392, 8.9935721 ], [ 38.7639807, 8.9935197 ], [ 38.7621962, 8.9921501 ], [ 38.7629128, 8.9892678 ], [ 38.7643659, 8.9875478 ], [ 38.7643958, 8.9875111 ], [ 38.763609, 8.9847447 ], [ 38.7635066, 8.9846535 ], [ 38.7620524, 8.9841445 ], [ 38.7603235, 8.9841974 ], [ 38.7581101, 8.9811642 ], [ 38.7586525, 8.9803927 ], [ 38.7569783, 8.9799546 ], [ 38.7549105, 8.9779306 ], [ 38.7517611, 8.9769732 ], [ 38.7489269, 8.9753662 ], [ 38.7460238, 8.974639 ], [ 38.7445888, 8.9747177 ], [ 38.7435445, 8.9750427 ], [ 38.7427163, 8.9755959 ], [ 38.741234, 8.9774999 ], [ 38.7383627, 8.9785833 ], [ 38.7373146, 8.9795832 ], [ 38.7353148, 8.9818326 ], [ 38.7352301, 8.982039 ], [ 38.7351497, 8.9823212 ], [ 38.7352261, 8.9837982 ], [ 38.7330455, 8.9863124 ], [ 38.73199, 8.9879443 ], [ 38.7314214, 8.9890822 ], [ 38.7318071, 8.9905608 ], [ 38.7326868, 8.9919732 ], [ 38.7312993, 8.9952907 ], [ 38.731184399999989, 8.9956105 ], [ 38.7302594, 8.9977804 ], [ 38.7307139, 8.9976947 ], [ 38.7308209, 8.9976433 ], [ 38.7324621, 8.9965338 ], [ 38.7344089, 8.9966973 ], [ 38.7371778, 8.998569 ], [ 38.7353683, 9.0005664 ], [ 38.7346404, 9.0011646 ], [ 38.7325948, 9.0017547 ], [ 38.732501, 9.001813 ] ] ] } },
{ "type": "Feature", "properties": { "threshold_s": 900, "time_label": "15 min drive" }, "geometry": { "type": "Polygon", "coordinates": [ [ [ 38.726517, 9.0109459 ], [ 38.7264124, 9.0111896 ], [ 38.7281746, 9.0128188 ], [ 38.7286933, 9.0122012 ], [ 38.7321181, 9.0117201 ], [ 38.7328946, 9.0164885 ], [ 38.7350467, 9.0183193 ], [ 38.7385111, 9.0195157 ], [ 38.7402526, 9.0209866 ], [ 38.7411997, 9.0220112 ], [ 38.7434632, 9.024576 ], [ 38.7463006, 9.0238108 ], [ 38.7495868, 9.0236706 ], [ 38.7536067, 9.0215262 ], [ 38.7563918, 9.0197045 ], [ 38.7575894, 9.0177418 ], [ 38.7576248, 9.0176281 ], [ 38.7586435, 9.0127141 ], [ 38.7627294, 9.0115076 ], [ 38.7644245, 9.0091892 ], [ 38.764761, 9.0088177 ], [ 38.7661556, 9.0073141 ], [ 38.7705514, 9.0092813 ], [ 38.7706413, 9.0092666 ], [ 38.7714755, 9.0087054 ], [ 38.7715684, 9.0086364 ], [ 38.773443, 9.0062162 ], [ 38.7734899, 9.0014308 ], [ 38.7717256, 8.9974435 ], [ 38.7752527, 8.9957331 ], [ 38.7762939, 8.9929173 ], [ 38.7760802, 8.9916884 ], [ 38.7745701, 8.9912135 ], [ 38.7718993, 8.9891153 ], [ 38.7708995, 8.987194 ], [ 38.7725, 8.9828432 ], [ 38.7719993, 8.9817749 ], [ 38.7718453, 8.9814706 ], [ 38.7715164, 8.9814853 ], [ 38.7709102, 8.9816138 ], [ 38.7659251, 8.9808102 ], [ 38.7650426, 8.9787808 ], [ 38.7646558, 8.9779692 ], [ 38.7641158, 8.9752098 ], [ 38.7634898, 8.9729395 ], [ 38.7613593, 8.9707294 ], [ 38.7570116, 8.9719198 ], [ 38.7548543, 8.9688259 ], [ 38.7533283, 8.9681802 ], [ 38.7493173, 8.964993 ], [ 38.7486843, 8.9642291 ], [ 38.7486182, 8.9642293 ], [ 38.743452499999989, 8.9650028 ], [ 38.7428094, 8.9650467 ], [ 38.7425539, 8.9656328 ], [ 38.737573, 8.9679618 ], [ 38.7345127, 8.9701307 ], [ 38.7340753, 8.9706794 ], [ 38.73397, 8.9732129 ], [ 38.7313138, 8.9771965 ], [ 38.7288472, 8.9786214 ], [ 38.7283872, 8.9787856 ], [ 38.7270547, 8.9798003 ], [ 38.7258008, 8.9824669 ], [ 38.7235008, 8.9856657 ], [ 38.7228801, 8.9889467 ], [ 38.7207351, 8.9932781 ], [ 38.7212733, 8.9967266 ], [ 38.7198317, 8.9993109 ], [ 38.719909, 8.9998875 ], [ 38.7205095, 8.9996903 ], [ 38.7209133, 8.9995602 ], [ 38.7220337, 8.9992215 ], [ 38.7224929, 8.9990797 ], [ 38.7236724, 8.9987142 ], [ 38.7268985, 8.9991841 ], [ 38.7274674, 8.99912 ], [ 38.7289264, 8.9982376 ], [ 38.732501, 9.001813 ], [ 38.730182, 9.0046135 ], [ 38.7292146, 9.0052443 ], [ 38.7285474, 9.0064755 ], [ 38.7284978, 9.0065722 ], [ 38.726517, 9.0109459 ] ] ] } },
{ "type": "Feature", "properties": { "threshold_s": 300, "time_label": "5 min drive" }, "geometry": { "type": "Polygon", "coordinates": [ [ [ 38.7834549, 9.0004129 ], [ 38.7842683, 9.0014401 ], [ 38.784741, 9.0019017 ], [ 38.7877479, 9.002645 ], [ 38.7879201, 9.0024097 ], [ 38.7882698, 9.0017096 ], [ 38.7897293, 8.9996859 ], [ 38.7906855, 8.9993148 ], [ 38.7913789, 8.9990156 ], [ 38.7920983, 8.9987684 ], [ 38.792624, 8.9985777 ], [ 38.7931544, 8.9983837 ], [ 38.7936291, 8.9982041 ], [ 38.7941482, 8.9979968 ], [ 38.7946719, 8.9978068 ], [ 38.7965052, 8.9969379 ], [ 38.7956395, 8.9945489 ], [ 38.7966211, 8.9916862 ], [ 38.7966919, 8.9912265 ], [ 38.7964267, 8.9910463 ], [ 38.7960656, 8.9910328 ], [ 38.7942992, 8.9887271 ], [ 38.7920807, 8.9883178 ], [ 38.791375, 8.9871117 ], [ 38.7888132, 8.9859297 ], [ 38.7873733, 8.9867546 ], [ 38.7865421, 8.9882794 ], [ 38.7847861, 8.9907155 ], [ 38.7838371, 8.9909241 ], [ 38.7830666, 8.9913983 ], [ 38.783081, 8.9918757 ], [ 38.7831055, 8.9938415 ], [ 38.7831277, 8.9950529 ], [ 38.7831292, 8.9955145 ], [ 38.7831297, 8.9956881 ], [ 38.7831216, 8.9974816 ], [ 38.7827763, 8.9993254 ], [ 38.7834549, 9.0004129 ] ] ] } },
{ "type": "Feature", "properties": { "threshold_s": 600, "time_label": "10 min drive" }, "geometry": { "type": "Polygon", "coordinates": [ [ [ 38.7747833, 9.0070232 ], [ 38.7754892, 9.0093199 ], [ 38.7820902, 9.0117878 ], [ 38.7874922, 9.0136376 ], [ 38.7938893, 9.010515 ], [ 38.794879, 9.0090416 ], [ 38.7951808, 9.0084743 ], [ 38.8005208, 9.0032677 ], [ 38.8013238, 8.9997042 ], [ 38.8007558, 8.9987956 ], [ 38.8031779, 8.9919784 ], [ 38.8042245, 8.9908712 ], [ 38.8048125, 8.9901822 ], [ 38.8047893, 8.9897114 ], [ 38.8035562, 8.9852867 ], [ 38.8021619, 8.9853275 ], [ 38.7996331, 8.9854045 ], [ 38.7971379, 8.9861223 ], [ 38.789819799999989, 8.986366 ], [ 38.788826, 8.985809 ], [ 38.7855757, 8.9849273 ], [ 38.7842988, 8.9845215 ], [ 38.7829895, 8.9840922 ], [ 38.7824454, 8.9839019 ], [ 38.7782627, 8.9821212 ], [ 38.7764753, 8.9868029 ], [ 38.7734938, 8.9926488 ], [ 38.7730194, 8.9957645 ], [ 38.7753912, 8.9966925 ], [ 38.777362, 8.9984848 ], [ 38.7761237, 9.004792 ], [ 38.7747095, 9.005959 ], [ 38.7747833, 9.0070232 ] ] ] } },
{ "type": "Feature", "properties": { "threshold_s": 900, "time_label": "15 min drive" }, "geometry": { "type": "Polygon", "coordinates": [ [ [ 38.7687544, 9.0164593 ], [ 38.7704765, 9.0188531 ], [ 38.7714391, 9.0195628 ], [ 38.7814649, 9.022194 ], [ 38.7863276, 9.0246843 ], [ 38.7939805, 9.0211028 ], [ 38.799423, 9.0175115 ], [ 38.8042417, 9.0123665 ], [ 38.8072313, 9.0086875 ], [ 38.8084397, 9.0045809 ], [ 38.8139388, 8.9936173 ], [ 38.8160405, 8.9906542 ], [ 38.8159713, 8.9887168 ], [ 38.8158998, 8.9886047 ], [ 38.8079529, 8.9863615 ], [ 38.8066972, 8.9860036 ], [ 38.8035562, 8.9852867 ], [ 38.8021619, 8.9853275 ], [ 38.7996331, 8.9854045 ], [ 38.7880106, 8.9854871 ], [ 38.7855757, 8.9849273 ], [ 38.7777914, 8.9763594 ], [ 38.7756114, 8.9726492 ], [ 38.7750388, 8.9724298 ], [ 38.7680454, 8.9777212 ], [ 38.7648658, 8.9881086 ], [ 38.7645362, 8.9962639 ], [ 38.7661556, 9.0073141 ], [ 38.767167, 9.0123421 ], [ 38.7687544, 9.0164593 ] ] ] } },
{ "type": "Feature", "properties": { "threshold_s": 300, "time_label": "5 min drive" }, "geometry": { "type": "Polygon", "coordinates": [ [ [ 38.7591779, 9.0112723 ], [ 38.7576903, 9.0118964 ], [ 38.7586435, 9.0127141 ], [ 38.7593389, 9.0118938 ], [ 38.7598898, 9.0114568 ], [ 38.762877, 9.0129834 ], [ 38.7632994, 9.0143168 ], [ 38.7649382, 9.0162277 ], [ 38.7640158, 9.0171291 ], [ 38.7650242, 9.0169385 ], [ 38.7657801, 9.0168339 ], [ 38.7659352, 9.0168131 ], [ 38.7674265, 9.0166327 ], [ 38.7693392, 9.0177338 ], [ 38.7704765, 9.0188531 ], [ 38.7705715, 9.0188369 ], [ 38.771192, 9.0184455 ], [ 38.7727337, 9.0165182 ], [ 38.7721899, 9.0162346 ], [ 38.7720935, 9.0161841 ], [ 38.7712012, 9.0155134 ], [ 38.7699102, 9.014068 ], [ 38.7698139, 9.0132732 ], [ 38.7695735, 9.0120323 ], [ 38.7706225, 9.010122 ], [ 38.7724962, 9.0100703 ], [ 38.772598, 9.0100844 ], [ 38.7738585, 9.0107737 ], [ 38.7742634, 9.0124589 ], [ 38.7743465, 9.0124832 ], [ 38.7768362, 9.0119613 ], [ 38.7768, 9.011943 ], [ 38.774881, 9.0108722 ], [ 38.7751447, 9.0097636 ], [ 38.7763497, 9.0075451 ], [ 38.7755317, 9.0072311 ], [ 38.7743828, 9.0071904 ], [ 38.774206, 9.0073034 ], [ 38.7720133, 9.0060404 ], [ 38.7718892, 9.0054106 ], [ 38.7717075, 9.0049966 ], [ 38.7715399, 9.004392 ], [ 38.7709223, 9.0039999 ], [ 38.7699232, 9.0043125 ], [ 38.7680657, 9.0039884 ], [ 38.7679328, 9.0040963 ], [ 38.7679271, 9.0042908 ], [ 38.7674794, 9.0056217 ], [ 38.7663265, 9.0069713 ], [ 38.7646278, 9.0065859 ], [ 38.7636775, 9.0067988 ], [ 38.7627101, 9.0070834 ], [ 38.7628455, 9.0072415 ], [ 38.7638989, 9.0084046 ], [ 38.7636137, 9.009863 ], [ 38.7626954, 9.0108388 ], [ 38.76206, 9.0111118 ], [ 38.7601319, 9.011234 ], [ 38.7591779, 9.0112723 ] ] ] } },
{ "type": "Feature", "properties": { "threshold_s": 600, "time_label": "10 min drive" }, "geometry": { "type": "Polygon", "coordinates": [ [ [ 38.7489256, 9.016903 ], [ 38.751298, 9.0213571 ], [ 38.752181899999989, 9.0217133 ], [ 38.7546091, 9.0217117 ], [ 38.7602254, 9.0222978 ], [ 38.7614021, 9.0232701 ], [ 38.7616201, 9.0233396 ], [ 38.7673037, 9.0253571 ], [ 38.7723979, 9.0278156 ], [ 38.7727204, 9.0278244 ], [ 38.7756414, 9.0271272 ], [ 38.778014, 9.025166 ], [ 38.7808095, 9.0233582 ], [ 38.7807439, 9.0231116 ], [ 38.7800579, 9.019619 ], [ 38.7804623, 9.0179874 ], [ 38.7857985, 9.0153244 ], [ 38.7865155, 9.0155037 ], [ 38.7872237, 9.0156155 ], [ 38.7872817, 9.0155808 ], [ 38.785812, 9.0135777 ], [ 38.7844364, 9.0100156 ], [ 38.7852859, 9.0045649 ], [ 38.7852708, 9.0043406 ], [ 38.7839798, 8.9998376 ], [ 38.7794474, 8.9988227 ], [ 38.7750102, 8.9954859 ], [ 38.7715057, 8.9948681 ], [ 38.7664693, 8.9939821 ], [ 38.7654061, 8.9943302 ], [ 38.7619851, 8.9958804 ], [ 38.757448, 8.999331 ], [ 38.7551021, 9.0002629 ], [ 38.7519359, 9.0026255 ], [ 38.7512495, 9.0038793 ], [ 38.750598, 9.0068708 ], [ 38.7461356, 9.0106348 ], [ 38.747218, 9.0144921 ], [ 38.7489256, 9.016903 ] ] ] } },
{ "type": "Feature", "properties": { "threshold_s": 900, "time_label": "15 min drive" }, "geometry": { "type": "Polygon", "coordinates": [ [ [ 38.7406991, 9.022627 ], [ 38.7438139, 9.0288302 ], [ 38.7491403, 9.0314182 ], [ 38.751755, 9.032577 ], [ 38.7518043, 9.0325728 ], [ 38.7529134, 9.0324932 ], [ 38.7600593, 9.0317233 ], [ 38.7620102, 9.0334911 ], [ 38.7631249, 9.0342974 ], [ 38.7632315, 9.0343164 ], [ 38.7681332, 9.0340919 ], [ 38.7706302, 9.0364174 ], [ 38.7707349, 9.0364693 ], [ 38.7740442, 9.0370837 ], [ 38.7776228, 9.0351912 ], [ 38.778329, 9.0342757 ], [ 38.783986400000011, 9.0315834 ], [ 38.7859405, 9.0306672 ], [ 38.7867588, 9.0301967 ], [ 38.7884042, 9.0291921 ], [ 38.7884871, 9.0289877 ], [ 38.788861, 9.027759 ], [ 38.7930765, 9.0228625 ], [ 38.7982742, 9.0186008 ], [ 38.7972575, 9.0171011 ], [ 38.7953645, 9.0109659 ], [ 38.7951808, 9.0084743 ], [ 38.795201, 9.0056441 ], [ 38.7946308, 9.0046325 ], [ 38.7936291, 8.9982041 ], [ 38.7939765, 8.9951854 ], [ 38.7918435, 8.9923162 ], [ 38.7917543, 8.9922639 ], [ 38.788291, 8.9915527 ], [ 38.7862157, 8.9911515 ], [ 38.7812904, 8.9882357 ], [ 38.7807861, 8.9879986 ], [ 38.7800061, 8.9878678 ], [ 38.777445299999989, 8.9880264 ], [ 38.7706549, 8.986741 ], [ 38.7658242, 8.9834727 ], [ 38.7656733, 8.9835178 ], [ 38.7612221, 8.9851544 ], [ 38.7583244, 8.9886067 ], [ 38.7519884, 8.9898262 ], [ 38.7507585, 8.9909195 ], [ 38.7460858, 8.9943357 ], [ 38.7453434, 8.9957544 ], [ 38.7458811, 8.998566 ], [ 38.7411363, 9.0026067 ], [ 38.7410113, 9.0026659 ], [ 38.7400744, 9.0044562 ], [ 38.7359776, 9.0102827 ], [ 38.7359091, 9.0114509 ], [ 38.7360117, 9.0122933 ], [ 38.7382597, 9.0172401 ], [ 38.7406991, 9.022627 ] ] ] } },
{ "type": "Feature", "properties": { "threshold_s": 300, "time_label": "5 min drive" }, "geometry": { "type": "Polygon", "coordinates": [ [ [ 38.7834812, 9.0182199 ], [ 38.7831854, 9.0201498 ], [ 38.7843028, 9.0202711 ], [ 38.7863129, 9.0211792 ], [ 38.7862093, 9.0222595 ], [ 38.7862048, 9.0223421 ], [ 38.7862275, 9.0229698 ], [ 38.7876736, 9.021887 ], [ 38.7888875, 9.0215812 ], [ 38.7894271, 9.0214538 ], [ 38.7921291, 9.0212226 ], [ 38.7919911, 9.0201716 ], [ 38.7920089, 9.0191522 ], [ 38.7921584, 9.0178619 ], [ 38.7942433, 9.0173075 ], [ 38.794744, 9.0174686 ], [ 38.7943567, 9.0167659 ], [ 38.7945083, 9.014418 ], [ 38.794637, 9.0128729 ], [ 38.7938893, 9.010515 ], [ 38.7941647, 9.0098988 ], [ 38.794879, 9.0090416 ], [ 38.7951808, 9.0084743 ], [ 38.7946766, 9.0081193 ], [ 38.7941558, 9.0077468 ], [ 38.794, 9.0077796 ], [ 38.7939037, 9.0077938 ], [ 38.7917664, 9.0063258 ], [ 38.7917436, 9.0057285 ], [ 38.7917389, 9.0056483 ], [ 38.7894034, 9.0046542 ], [ 38.7892042, 9.0040436 ], [ 38.788482, 9.003886 ], [ 38.787499, 9.0042476 ], [ 38.7857234, 9.0053434 ], [ 38.7849616, 9.0055543 ], [ 38.7836044, 9.0063722 ], [ 38.7828239, 9.0074981 ], [ 38.7813303, 9.0080928 ], [ 38.7806171, 9.0092399 ], [ 38.7809817, 9.0108855 ], [ 38.7810649, 9.011236 ], [ 38.781424, 9.0121573 ], [ 38.7807076, 9.0141556 ], [ 38.7819307, 9.0165447 ], [ 38.782371, 9.0174777 ], [ 38.7834812, 9.0182199 ] ] ] } },
{ "type": "Feature", "properties": { "threshold_s": 600, "time_label": "10 min drive" }, "geometry": { "type": "Polygon", "coordinates": [ [ [ 38.7756024, 9.0269209 ], [ 38.7756265, 9.0269555 ], [ 38.7768635, 9.0267257 ], [ 38.7785228, 9.0266245 ], [ 38.7821028, 9.0284041 ], [ 38.7826048, 9.0287552 ], [ 38.7845669, 9.0299151 ], [ 38.7859405, 9.0306672 ], [ 38.7905778, 9.0297413 ], [ 38.7955746, 9.0285027 ], [ 38.79806640000001, 9.0286055 ], [ 38.7985755, 9.0272506 ], [ 38.7997247, 9.0224304 ], [ 38.8002208, 9.022295 ], [ 38.8015199, 9.021295 ], [ 38.8045576, 9.0198433 ], [ 38.8051492, 9.0192078 ], [ 38.8049849, 9.0180621 ], [ 38.8034284, 9.0138029 ], [ 38.8030966, 9.0136281 ], [ 38.8028004, 9.0086231 ], [ 38.8033146, 9.0081789 ], [ 38.8027111, 9.0071769 ], [ 38.801759, 9.0025316 ], [ 38.8021955, 9.0011235 ], [ 38.7999904, 9.0004819 ], [ 38.799914, 9.0005241 ], [ 38.7977966, 9.0017538 ], [ 38.7951352, 8.9973643 ], [ 38.7949274, 8.9968629 ], [ 38.793149, 8.996122 ], [ 38.7899619, 8.994329 ], [ 38.7873682, 8.9940098 ], [ 38.7848228, 8.9926656 ], [ 38.7831297, 8.9956881 ], [ 38.7796315, 8.9976555 ], [ 38.7783889, 8.9982605 ], [ 38.7782501, 8.9988141 ], [ 38.7770202, 9.0034039 ], [ 38.7759407, 9.0043032 ], [ 38.77382510000001, 9.0059662 ], [ 38.7725128, 9.0102701 ], [ 38.773148, 9.0145762 ], [ 38.7732235, 9.0146348 ], [ 38.7741335, 9.0152535 ], [ 38.7790322, 9.0148252 ], [ 38.7807383, 9.0166185 ], [ 38.7800908, 9.0202484 ], [ 38.7764838, 9.0227621 ], [ 38.7743328, 9.0220642 ], [ 38.7756024, 9.0269209 ] ] ] } },
{ "type": "Feature", "properties": { "threshold_s": 900, "time_label": "15 min drive" }, "geometry": { "type": "Polygon", "coordinates": [ [ [ 38.7677974, 9.0236685 ], [ 38.7657206, 9.0293019 ], [ 38.7696665, 9.0317334 ], [ 38.7709504, 9.0340645 ], [ 38.7719675, 9.0350362 ], [ 38.7722643, 9.0352881 ], [ 38.7766871, 9.0366384 ], [ 38.7782719, 9.0372796 ], [ 38.7801888, 9.0380316 ], [ 38.7820203, 9.0383468 ], [ 38.7866579, 9.0379459 ], [ 38.7884075, 9.037232 ], [ 38.788646, 9.0371199 ], [ 38.788999, 9.0366321 ], [ 38.7898711, 9.0353037 ], [ 38.7913411, 9.0328014 ], [ 38.7947311, 9.0312946 ], [ 38.7997189, 9.0335465 ], [ 38.8011234, 9.0303124 ], [ 38.8048161, 9.0292985 ], [ 38.8080317, 9.0267738 ], [ 38.8102636, 9.0243078 ], [ 38.8146516, 9.0217388 ], [ 38.8133688, 9.0197109 ], [ 38.812003, 9.0146785 ], [ 38.8122518, 9.0124888 ], [ 38.8122967, 9.0119373 ], [ 38.8122953, 9.0084703 ], [ 38.8140931, 9.0035621 ], [ 38.8130929, 9.0023894 ], [ 38.8122103, 9.0020663 ], [ 38.8105658, 8.9963646 ], [ 38.810763, 8.9947908 ], [ 38.8086173, 8.9928724 ], [ 38.8046116, 8.9922654 ], [ 38.8033717, 8.9923759 ], [ 38.7976136, 8.9913002 ], [ 38.79654, 8.9900417 ], [ 38.7942992, 8.9887271 ], [ 38.791375, 8.9871117 ], [ 38.789819799999989, 8.986366 ], [ 38.7888132, 8.9859297 ], [ 38.7879749, 8.9856538 ], [ 38.784115, 8.9851798 ], [ 38.7803292, 8.9865414 ], [ 38.7778063, 8.9876901 ], [ 38.777445299999989, 8.9880264 ], [ 38.7769009, 8.9885584 ], [ 38.776855, 8.9886044 ], [ 38.7737218, 8.9925375 ], [ 38.7734496, 8.993719 ], [ 38.7693116, 8.9976348 ], [ 38.7665751, 9.0005115 ], [ 38.7660829, 9.0011193 ], [ 38.7663704, 9.0019672 ], [ 38.7661556, 9.0073141 ], [ 38.7647812, 9.0085945 ], [ 38.7643986, 9.0090118 ], [ 38.7598898, 9.0114568 ], [ 38.7594056, 9.011551 ], [ 38.759196, 9.0116 ], [ 38.7593389, 9.0118938 ], [ 38.7623398, 9.017288 ], [ 38.7623666, 9.0174082 ], [ 38.7638895, 9.0199177 ], [ 38.7650922, 9.0223314 ], [ 38.7664473, 9.0226405 ], [ 38.7677974, 9.0236685 ] ] ] } },
{ "type": "Feature", "properties": { "threshold_s": 300, "time_label": "5 min drive" }, "geometry": { "type": "Polygon", "coordinates": [ [ [ 38.7993438, 9.0015425 ], [ 38.7982943, 9.0031359 ], [ 38.8012192, 9.004282 ], [ 38.8030658, 9.0047334 ], [ 38.8070578, 9.0053042 ], [ 38.807627, 9.0054003 ], [ 38.809306, 9.005337 ], [ 38.8114342, 9.0019315 ], [ 38.8121968, 9.001177 ], [ 38.8137786, 8.9997785 ], [ 38.8163624, 8.9971492 ], [ 38.8165225, 8.9950231 ], [ 38.8163368, 8.9938349 ], [ 38.8144019, 8.9917 ], [ 38.8129458, 8.9904131 ], [ 38.8103143, 8.9883096 ], [ 38.806680299999989, 8.9880409 ], [ 38.804278, 8.9892976 ], [ 38.8019789, 8.9892908 ], [ 38.8018267, 8.9898213 ], [ 38.8024711, 8.9914824 ], [ 38.8022096, 8.9940263 ], [ 38.8026126, 8.9969332 ], [ 38.8012956, 8.9984883 ], [ 38.7993438, 9.0015425 ] ] ] } },
{ "type": "Feature", "properties": { "threshold_s": 600, "time_label": "10 min drive" }, "geometry": { "type": "Polygon", "coordinates": [ [ [ 38.7879007, 9.0054099 ], [ 38.7896106, 9.0081431 ], [ 38.7905071, 9.0089001 ], [ 38.7941764, 9.0108314 ], [ 38.7967788, 9.0112606 ], [ 38.8004661, 9.0122986 ], [ 38.8040681, 9.0123412 ], [ 38.8067256, 9.0137114 ], [ 38.8076328, 9.01417 ], [ 38.8099253, 9.0141804 ], [ 38.8129994, 9.0138904 ], [ 38.8161168, 9.0114963 ], [ 38.817747, 9.0087776 ], [ 38.8196138, 9.0064411 ], [ 38.8226768, 9.0021766 ], [ 38.8245759, 9.0018952 ], [ 38.8245725, 8.999808 ], [ 38.8255917, 8.9949582 ], [ 38.8253785, 8.9913254 ], [ 38.8252471, 8.9899392 ], [ 38.8251136, 8.9894951 ], [ 38.8231915, 8.9866537 ], [ 38.8215003, 8.9841883 ], [ 38.8200144, 8.9840292 ], [ 38.8172293, 8.987135 ], [ 38.8158998, 8.9886047 ], [ 38.8127899, 8.9893411 ], [ 38.8097735, 8.9869675 ], [ 38.8079529, 8.9863615 ], [ 38.8066972, 8.9860036 ], [ 38.8035562, 8.9852867 ], [ 38.8021619, 8.9853275 ], [ 38.8009586, 8.9855935 ], [ 38.7976586, 8.9872854 ], [ 38.7965669, 8.9878238 ], [ 38.7916494, 8.988039 ], [ 38.7916591, 8.9890332 ], [ 38.7924798, 8.9935091 ], [ 38.7921633, 8.9948774 ], [ 38.7913339, 8.9967822 ], [ 38.7906855, 8.9993148 ], [ 38.7892042, 9.0040436 ], [ 38.7881072, 9.0046141 ], [ 38.7879737, 9.0050655 ], [ 38.7879007, 9.0054099 ] ] ] } },
{ "type": "Feature", "properties": { "threshold_s": 900, "time_label": "15 min drive" }, "geometry": { "type": "Polygon", "coordinates": [ [ [ 38.7780823, 9.0053305 ], [ 38.7816516, 9.0130261 ], [ 38.7834846, 9.01484 ], [ 38.7870015, 9.0175376 ], [ 38.7986196, 9.0231216 ], [ 38.8013113, 9.0240498 ], [ 38.8033248, 9.0230951 ], [ 38.8146516, 9.0217388 ], [ 38.8199606, 9.0189684 ], [ 38.8243533, 9.0146504 ], [ 38.8270598, 9.0118905 ], [ 38.8305131, 9.0083495 ], [ 38.8329233, 9.0010345 ], [ 38.8332387, 8.9997931 ], [ 38.8343505, 8.9917154 ], [ 38.8343344, 8.987973 ], [ 38.8277744, 8.9773 ], [ 38.8267643, 8.9763371 ], [ 38.8258043, 8.9759164 ], [ 38.8254918, 8.9759866 ], [ 38.823827799999989, 8.9768259 ], [ 38.8232755, 8.9774733 ], [ 38.8208006, 8.9803978 ], [ 38.8097735, 8.9869675 ], [ 38.8079529, 8.9863615 ], [ 38.8066972, 8.9860036 ], [ 38.8035562, 8.9852867 ], [ 38.8021619, 8.9853275 ], [ 38.7996331, 8.9854045 ], [ 38.788826, 8.985809 ], [ 38.7855757, 8.9849273 ], [ 38.7842988, 8.9845215 ], [ 38.7829895, 8.9840922 ], [ 38.7824454, 8.9839019 ], [ 38.7820984, 8.9844963 ], [ 38.782046, 8.9845874 ], [ 38.7816045, 8.9919559 ], [ 38.7787355, 9.0030202 ], [ 38.7780823, 9.0053305 ] ] ] } },
{ "type": "Feature", "properties": { "threshold_s": 300, "time_label": "5 min drive" }, "geometry": { "type": "Polygon", "coordinates": [ [ [ 38.7806269, 9.0032448 ], [ 38.7806882, 9.0033184 ], [ 38.7822103, 9.0030031 ], [ 38.7832893, 9.0030005 ], [ 38.7852171, 9.0045595 ], [ 38.7858608, 9.0048218 ], [ 38.7873394, 9.0048926 ], [ 38.7892981, 9.0057212 ], [ 38.7898343, 9.0055715 ], [ 38.7894034, 9.0046542 ], [ 38.7892042, 9.0040436 ], [ 38.7882698, 9.0017096 ], [ 38.7897293, 8.9996859 ], [ 38.7906855, 8.9993148 ], [ 38.7913789, 8.9990156 ], [ 38.7920983, 8.9987684 ], [ 38.792624, 8.9985777 ], [ 38.7931544, 8.9983837 ], [ 38.7936291, 8.9982041 ], [ 38.7941482, 8.9979968 ], [ 38.7946719, 8.9978068 ], [ 38.7951352, 8.9973643 ], [ 38.7956395, 8.9945489 ], [ 38.7952264, 8.9934812 ], [ 38.7948366, 8.9914727 ], [ 38.7942992, 8.9887271 ], [ 38.7916494, 8.988039 ], [ 38.7914167, 8.9880342 ], [ 38.7886316, 8.987331 ], [ 38.7883132, 8.9874833 ], [ 38.7867721, 8.989924 ], [ 38.7860818, 8.9902517 ], [ 38.7847861, 8.9907155 ], [ 38.7838371, 8.9909241 ], [ 38.7830666, 8.9913983 ], [ 38.783081, 8.9918757 ], [ 38.7830847, 8.9921255 ], [ 38.783090799999989, 8.9925567 ], [ 38.7821802, 8.9950933 ], [ 38.7817216, 8.9977381 ], [ 38.7809611, 8.999987 ], [ 38.7810494, 9.001339 ], [ 38.7806269, 9.0032448 ] ] ] } },
{ "type": "Feature", "properties": { "threshold_s": 600, "time_label": "10 min drive" }, "geometry": { "type": "Polygon", "coordinates": [ [ [ 38.7719838, 9.0062934 ], [ 38.7738585, 9.0107737 ], [ 38.7746465, 9.0115406 ], [ 38.7778035, 9.0124771 ], [ 38.7834846, 9.01484 ], [ 38.7872844, 9.0160666 ], [ 38.7874547, 9.016091 ], [ 38.7875045, 9.0160762 ], [ 38.7908548, 9.0142631 ], [ 38.7955817, 9.0122013 ], [ 38.7959024, 9.0118047 ], [ 38.7977752, 9.0087716 ], [ 38.7986288, 9.0067583 ], [ 38.7990622, 9.0056269 ], [ 38.8001074, 9.0025819 ], [ 38.8001838, 9.0022144 ], [ 38.8004776, 8.9984045 ], [ 38.797341, 8.9927148 ], [ 38.797957, 8.9920335 ], [ 38.8028242, 8.9908194 ], [ 38.8035396, 8.9855276 ], [ 38.8035562, 8.9852867 ], [ 38.8021619, 8.9853275 ], [ 38.7996331, 8.9854045 ], [ 38.7971379, 8.9861223 ], [ 38.791375, 8.9871117 ], [ 38.789819799999989, 8.986366 ], [ 38.788826, 8.985809 ], [ 38.7855757, 8.9849273 ], [ 38.7842988, 8.9845215 ], [ 38.7829895, 8.9840922 ], [ 38.7824454, 8.9839019 ], [ 38.7810382, 8.9833915 ], [ 38.7796793, 8.9834842 ], [ 38.7789774, 8.9838548 ], [ 38.7773605, 8.9852209 ], [ 38.7760886, 8.9870682 ], [ 38.7734938, 8.9926488 ], [ 38.7730194, 8.9957645 ], [ 38.7744514, 8.9961404 ], [ 38.7753912, 8.9966925 ], [ 38.777362, 8.9984848 ], [ 38.7734664, 9.0036753 ], [ 38.7718892, 9.0054106 ], [ 38.7719838, 9.0062934 ] ] ] } },
{ "type": "Feature", "properties": { "threshold_s": 900, "time_label": "15 min drive" }, "geometry": { "type": "Polygon", "coordinates": [ [ [ 38.7657801, 9.0168339 ], [ 38.7676275, 9.0197284 ], [ 38.7677259, 9.0197702 ], [ 38.772948, 9.0210846 ], [ 38.7806577, 9.0238498 ], [ 38.7859034, 9.0269719 ], [ 38.7871475, 9.0271371 ], [ 38.7928829, 9.0236637 ], [ 38.801438, 9.0192316 ], [ 38.8014734, 9.019214 ], [ 38.80231, 9.0167802 ], [ 38.8065782, 9.0089915 ], [ 38.8082091, 9.0032886 ], [ 38.8088088, 9.0004855 ], [ 38.813744, 8.9920134 ], [ 38.814689799999989, 8.9903523 ], [ 38.8151393, 8.9891745 ], [ 38.8097735, 8.9869675 ], [ 38.8079529, 8.9863615 ], [ 38.8066972, 8.9860036 ], [ 38.8035562, 8.9852867 ], [ 38.8021619, 8.9853275 ], [ 38.7996331, 8.9854045 ], [ 38.7971379, 8.9861223 ], [ 38.788826, 8.985809 ], [ 38.7879749, 8.9856538 ], [ 38.7855757, 8.9849273 ], [ 38.7787516, 8.9794447 ], [ 38.7777914, 8.9763594 ], [ 38.7774548, 8.9759568 ], [ 38.7773636, 8.975878 ], [ 38.7744048, 8.9765355 ], [ 38.7687171, 8.9780856 ], [ 38.7658419, 8.9839228 ], [ 38.7648658, 8.9881086 ], [ 38.7641843, 8.9960081 ], [ 38.7644974, 9.0004437 ], [ 38.7648436, 9.0018977 ], [ 38.7627631, 9.0110202 ], [ 38.7657801, 9.0168339 ] ] ] } },
{ "type": "Feature", "properties": { "threshold_s": 300, "time_label": "5 min drive" }, "geometry": { "type": "Polygon", "coordinates": [ [ [ 38.804987, 9.0209339 ], [ 38.805678, 9.0235298 ], [ 38.807424, 9.0245836 ], [ 38.808001, 9.0248414 ], [ 38.8092436, 9.0249536 ], [ 38.8129946, 9.0250146 ], [ 38.8140818, 9.0259528 ], [ 38.8163433, 9.0259836 ], [ 38.8201207, 9.0263461 ], [ 38.8208135, 9.0241331 ], [ 38.8199486, 9.0216573 ], [ 38.8215588, 9.0187509 ], [ 38.8235368, 9.0189136 ], [ 38.8237634, 9.0179832 ], [ 38.823518300000011, 9.0175405 ], [ 38.8214604, 9.0156608 ], [ 38.8203191, 9.0156565 ], [ 38.8174128, 9.0151084 ], [ 38.8149607, 9.0141972 ], [ 38.8158358, 9.015769 ], [ 38.8168859, 9.0171779 ], [ 38.8151325, 9.0204597 ], [ 38.8133688, 9.0197109 ], [ 38.811567599999989, 9.0200756 ], [ 38.811054, 9.0201534 ], [ 38.8096449, 9.0204194 ], [ 38.8078818, 9.0205801 ], [ 38.8051042, 9.0208756 ], [ 38.8033505, 9.0198616 ], [ 38.804987, 9.0209339 ] ] ] } },
{ "type": "Feature", "properties": { "threshold_s": 600, "time_label": "10 min drive" }, "geometry": { "type": "Polygon", "coordinates": [ [ [ 38.7940029, 9.0229696 ], [ 38.7959445, 9.0257353 ], [ 38.8000542, 9.0263881 ], [ 38.8044401, 9.0289751 ], [ 38.8044796, 9.0290393 ], [ 38.8045819, 9.0289723 ], [ 38.8075975, 9.0272945 ], [ 38.809383, 9.0265432 ], [ 38.8129946, 9.0250146 ], [ 38.8143496, 9.0279621 ], [ 38.8144997, 9.0290358 ], [ 38.8144722, 9.0294405 ], [ 38.8116564, 9.0325841 ], [ 38.8167679, 9.0323597 ], [ 38.8212588, 9.0331594 ], [ 38.82228520000001, 9.033648 ], [ 38.8245369, 9.0342374 ], [ 38.8257238, 9.0344096 ], [ 38.8255306, 9.0333853 ], [ 38.8273563, 9.0289492 ], [ 38.8297774, 9.0289363 ], [ 38.8298559, 9.0289121 ], [ 38.8321702, 9.0282138 ], [ 38.832197, 9.0281362 ], [ 38.8318979, 9.024411 ], [ 38.8348874, 9.0216123 ], [ 38.8331042, 9.0198414 ], [ 38.831858, 9.0152179 ], [ 38.8322389, 9.0134539 ], [ 38.8320595, 9.0124229 ], [ 38.8320277, 9.0123599 ], [ 38.8303207, 9.0103499 ], [ 38.8288254, 9.0078165 ], [ 38.8257091, 9.0070292 ], [ 38.8213309, 9.0064829 ], [ 38.8194488, 9.0060318 ], [ 38.8189063, 9.0061497 ], [ 38.8138061, 9.0061821 ], [ 38.8121907, 9.0051675 ], [ 38.8115813, 9.0049238 ], [ 38.8092571, 9.0065629 ], [ 38.8070443, 9.0083339 ], [ 38.8033032, 9.0115621 ], [ 38.8001053, 9.0112127 ], [ 38.7987004, 9.0130873 ], [ 38.7985634, 9.0142392 ], [ 38.7947434, 9.0176284 ], [ 38.7937514, 9.0173155 ], [ 38.7925888, 9.0170411 ], [ 38.7921221, 9.0169416 ], [ 38.7917798, 9.0168777 ], [ 38.7923591, 9.0212951 ], [ 38.7940029, 9.0229696 ] ] ] } },
{ "type": "Feature", "properties": { "threshold_s": 900, "time_label": "15 min drive" }, "geometry": { "type": "Polygon", "coordinates": [ [ [ 38.7806577, 9.0238498 ], [ 38.7859405, 9.0306672 ], [ 38.7913411, 9.0328014 ], [ 38.7947311, 9.0312946 ], [ 38.7988474, 9.0307862 ], [ 38.805898, 9.0343795 ], [ 38.8144658, 9.0377323 ], [ 38.8163683, 9.0394796 ], [ 38.8184921, 9.0405569 ], [ 38.8210017, 9.0416743 ], [ 38.8299423, 9.0414102 ], [ 38.8319382, 9.0415328 ], [ 38.8328337, 9.0408615 ], [ 38.8362384, 9.0370978 ], [ 38.8425111, 9.0322145 ], [ 38.842539, 9.0321265 ], [ 38.842121, 9.0286186 ], [ 38.843856, 9.0212365 ], [ 38.8439204, 9.0187403 ], [ 38.8441724, 9.0106055 ], [ 38.8441673, 9.0105137 ], [ 38.8422255, 9.008718 ], [ 38.8387056, 9.0054787 ], [ 38.8333142, 9.0023004 ], [ 38.8307251, 8.9995579 ], [ 38.8293435, 8.9986333 ], [ 38.8283719, 8.9982254 ], [ 38.8254992, 8.9978962 ], [ 38.8225146, 8.9978975 ], [ 38.8145144, 8.9950723 ], [ 38.8138301, 8.9945428 ], [ 38.8119926, 8.9937646 ], [ 38.8053571, 8.9973306 ], [ 38.7977478, 9.0018792 ], [ 38.7955181, 9.0020965 ], [ 38.7943165, 9.0036151 ], [ 38.791364, 9.0079059 ], [ 38.7873338, 9.0102722 ], [ 38.7864448, 9.0109446 ], [ 38.7852602, 9.0117982 ], [ 38.7823424, 9.0138048 ], [ 38.78141, 9.0144264 ], [ 38.780626, 9.0234549 ], [ 38.7806577, 9.0238498 ] ] ] } },
{ "type": "Feature", "properties": { "threshold_s": 300, "time_label": "5 min drive" }, "geometry": { "type": "Polygon", "coordinates": [ [ [ 38.8077958, 9.0213498 ], [ 38.8091269, 9.0234127 ], [ 38.8102636, 9.0243078 ], [ 38.8107857, 9.0242689 ], [ 38.8129946, 9.0250146 ], [ 38.8140818, 9.0259528 ], [ 38.8143496, 9.0279621 ], [ 38.8163433, 9.0259836 ], [ 38.8191069, 9.0273668 ], [ 38.8191392, 9.0273882 ], [ 38.8202976, 9.0275475 ], [ 38.8201207, 9.0263461 ], [ 38.8219882, 9.0245452 ], [ 38.8220186, 9.023904 ], [ 38.821077099999989, 9.0225039 ], [ 38.8203659, 9.020502 ], [ 38.8199606, 9.0189684 ], [ 38.8177464, 9.0169227 ], [ 38.8176838, 9.0162805 ], [ 38.8175437, 9.0163151 ], [ 38.8168859, 9.0171779 ], [ 38.8171611, 9.0191599 ], [ 38.8151325, 9.0204597 ], [ 38.8133688, 9.0197109 ], [ 38.811567599999989, 9.0200756 ], [ 38.811054, 9.0201534 ], [ 38.8096449, 9.0204194 ], [ 38.8078818, 9.0205801 ], [ 38.8077958, 9.0213498 ] ] ] } },
{ "type": "Feature", "properties": { "threshold_s": 600, "time_label": "10 min drive" }, "geometry": { "type": "Polygon", "coordinates": [ [ [ 38.7949134, 9.0210762 ], [ 38.7970364, 9.0240514 ], [ 38.8013827, 9.0258346 ], [ 38.8020936, 9.0264203 ], [ 38.8055937, 9.0257918 ], [ 38.8075975, 9.0272945 ], [ 38.809383, 9.0265432 ], [ 38.8143496, 9.0279621 ], [ 38.8144997, 9.0290358 ], [ 38.8144722, 9.0294405 ], [ 38.8116564, 9.0325841 ], [ 38.8129082, 9.0334593 ], [ 38.8131091, 9.0333978 ], [ 38.8167679, 9.0323597 ], [ 38.8208636, 9.0339018 ], [ 38.8245369, 9.0342374 ], [ 38.8266465, 9.0345977 ], [ 38.8295485, 9.030033 ], [ 38.8327768, 9.0283725 ], [ 38.8328062, 9.0282913 ], [ 38.8325876, 9.0248256 ], [ 38.8312004, 9.0234909 ], [ 38.8285495, 9.0210826 ], [ 38.8295151, 9.0173461 ], [ 38.8303554, 9.0157136 ], [ 38.8293784, 9.0130399 ], [ 38.826323, 9.0107743 ], [ 38.8254375, 9.0106564 ], [ 38.8206102, 9.0095273 ], [ 38.8205452, 9.0095604 ], [ 38.8152041, 9.0109634 ], [ 38.8138819, 9.0095819 ], [ 38.8132274, 9.0086557 ], [ 38.8122604, 9.0080583 ], [ 38.8109877, 9.0090911 ], [ 38.810883, 9.0092075 ], [ 38.8094223, 9.0111091 ], [ 38.8087943, 9.0132309 ], [ 38.8034284, 9.0138029 ], [ 38.8006163, 9.0142076 ], [ 38.8006603, 9.0148448 ], [ 38.7967567, 9.0182941 ], [ 38.7954471, 9.0178669 ], [ 38.7949134, 9.0210762 ] ] ] } },
{ "type": "Feature", "properties": { "threshold_s": 900, "time_label": "15 min drive" }, "geometry": { "type": "Polygon", "coordinates": [ [ [ 38.7883272, 9.0290683 ], [ 38.7884042, 9.0291921 ], [ 38.7921371, 9.0315168 ], [ 38.7947311, 9.0312946 ], [ 38.7988474, 9.0307862 ], [ 38.805898, 9.0343795 ], [ 38.8097365, 9.0345983 ], [ 38.8144658, 9.0377323 ], [ 38.8174096, 9.0417458 ], [ 38.8204972, 9.0424919 ], [ 38.8229235, 9.0422621 ], [ 38.8306918, 9.0428053 ], [ 38.8345535, 9.0394859 ], [ 38.8370374, 9.0371658 ], [ 38.8436427, 9.0326368 ], [ 38.8431311, 9.0277684 ], [ 38.8418171, 9.0213402 ], [ 38.8405337, 9.0194336 ], [ 38.8400174, 9.0114238 ], [ 38.8401131, 9.0108522 ], [ 38.8400892, 9.0103911 ], [ 38.8368286, 9.0074636 ], [ 38.8320095, 9.0042699 ], [ 38.8289955, 9.0016355 ], [ 38.8268489, 9.0008501 ], [ 38.8246892, 9.0004699 ], [ 38.8231934, 9.0005071 ], [ 38.8204633, 9.0007116 ], [ 38.8137917, 8.9982482 ], [ 38.8118774, 8.9973438 ], [ 38.806023, 8.9999586 ], [ 38.8059748, 9.000749 ], [ 38.7990787, 9.0048374 ], [ 38.797983, 9.0046067 ], [ 38.7964684, 9.0039858 ], [ 38.7941558, 9.0077468 ], [ 38.7933891, 9.0096704 ], [ 38.7875972, 9.0129061 ], [ 38.7857073, 9.0141619 ], [ 38.784454, 9.0152374 ], [ 38.7843813, 9.0155425 ], [ 38.7845997, 9.0226513 ], [ 38.7846348, 9.0227478 ], [ 38.7883272, 9.0290683 ] ] ] } },
{ "type": "Feature", "properties": { "threshold_s": 300, "time_label": "5 min drive" }, "geometry": { "type": "Polygon", "coordinates": [ [ [ 38.8204775, 9.0193847 ], [ 38.8214794, 9.0207167 ], [ 38.8234308, 9.0217676 ], [ 38.8234941, 9.0223614 ], [ 38.824915, 9.0233167 ], [ 38.8264761, 9.0258005 ], [ 38.8266728, 9.0258537 ], [ 38.826657, 9.0257235 ], [ 38.8265798, 9.0254264 ], [ 38.8265137, 9.0234793 ], [ 38.8264976, 9.0231439 ], [ 38.8268289, 9.0218945 ], [ 38.8285495, 9.0210826 ], [ 38.83203240000001, 9.021741 ], [ 38.8284089, 9.0176488 ], [ 38.8288702, 9.0160176 ], [ 38.8288084, 9.0147967 ], [ 38.8286005, 9.0144664 ], [ 38.8272559, 9.0132902 ], [ 38.8253075, 9.013363 ], [ 38.8243533, 9.0146504 ], [ 38.8226905, 9.0141508 ], [ 38.8216713, 9.0159499 ], [ 38.8208946, 9.0170286 ], [ 38.8204923, 9.0190843 ], [ 38.8204775, 9.0193847 ] ] ] } },
{ "type": "Feature", "properties": { "threshold_s": 600, "time_label": "10 min drive" }, "geometry": { "type": "Polygon", "coordinates": [ [ [ 38.8101048, 9.021435 ], [ 38.8129946, 9.0250146 ], [ 38.8144012, 9.025465 ], [ 38.816761, 9.0265301 ], [ 38.8188645, 9.0286643 ], [ 38.8219205, 9.0322375 ], [ 38.826868, 9.0339655 ], [ 38.8284027, 9.0341648 ], [ 38.8322449, 9.0327732 ], [ 38.8348948, 9.0314908 ], [ 38.8362977, 9.0307735 ], [ 38.8363641, 9.0296097 ], [ 38.8352899, 9.0265447 ], [ 38.8362739, 9.023057 ], [ 38.8392593, 9.0214433 ], [ 38.8417322, 9.021545 ], [ 38.8418188, 9.021542 ], [ 38.8430227, 9.0212811 ], [ 38.8422608, 9.0203345 ], [ 38.8405471, 9.01849 ], [ 38.8392892, 9.0175557 ], [ 38.8376445, 9.013587 ], [ 38.8387846, 9.0114947 ], [ 38.8393347, 9.0108974 ], [ 38.8389146, 9.0104508 ], [ 38.8385102, 9.0100639 ], [ 38.8367389, 9.0085532 ], [ 38.832777, 9.0062461 ], [ 38.8304789, 9.0046066 ], [ 38.8303265, 9.0044892 ], [ 38.8275071, 9.00371 ], [ 38.8251673, 9.0028349 ], [ 38.8201812, 9.0036203 ], [ 38.8187856, 9.0038277 ], [ 38.8175854, 9.0041977 ], [ 38.8168886, 9.0046006 ], [ 38.8157744, 9.0072301 ], [ 38.8147453, 9.0095775 ], [ 38.8152355, 9.0119172 ], [ 38.8174128, 9.0151084 ], [ 38.8168859, 9.0171779 ], [ 38.8133688, 9.0197109 ], [ 38.811567599999989, 9.0200756 ], [ 38.811054, 9.0201534 ], [ 38.8096449, 9.0204194 ], [ 38.8089635, 9.0205448 ], [ 38.8101048, 9.021435 ] ] ] } },
{ "type": "Feature", "properties": { "threshold_s": 900, "time_label": "15 min drive" }, "geometry": { "type": "Polygon", "coordinates": [ [ [ 38.7996197, 9.0216974 ], [ 38.8013113, 9.0240498 ], [ 38.802675, 9.0247228 ], [ 38.8055937, 9.0257918 ], [ 38.8080317, 9.0267738 ], [ 38.8090233, 9.0265829 ], [ 38.809383, 9.0265432 ], [ 38.8143496, 9.0279621 ], [ 38.8144997, 9.0290358 ], [ 38.8144722, 9.0294405 ], [ 38.8116564, 9.0325841 ], [ 38.8129082, 9.0334593 ], [ 38.8130282, 9.033534 ], [ 38.8165731, 9.0356418 ], [ 38.8176145, 9.0370062 ], [ 38.8201508, 9.0382308 ], [ 38.8216254, 9.0379456 ], [ 38.8222731, 9.0378254 ], [ 38.8268321, 9.0401381 ], [ 38.828051, 9.0419416 ], [ 38.8306918, 9.0428053 ], [ 38.832886, 9.0432387 ], [ 38.8350198, 9.0396711 ], [ 38.8398001, 9.0376201 ], [ 38.8404437, 9.0377397 ], [ 38.8431272, 9.0358283 ], [ 38.8461151, 9.0347152 ], [ 38.8462525, 9.0346821 ], [ 38.8477326, 9.0344158 ], [ 38.8470492, 9.0333976 ], [ 38.847173, 9.0288334 ], [ 38.8483329, 9.0269724 ], [ 38.8490351, 9.0259991 ], [ 38.8486206, 9.0251293 ], [ 38.8486332, 9.0231775 ], [ 38.8527265, 9.0214143 ], [ 38.8541256, 9.0206948 ], [ 38.8520913, 9.0183636 ], [ 38.8502714, 9.0168071 ], [ 38.8492981, 9.011502 ], [ 38.8501641, 9.0106506 ], [ 38.8507134, 9.0100298 ], [ 38.8473128, 9.0059978 ], [ 38.8461303, 9.0049609 ], [ 38.8444112, 9.0042941 ], [ 38.8435498, 9.0043198 ], [ 38.8396599, 9.0013672 ], [ 38.8382562, 9.0007181 ], [ 38.8332387, 8.9997931 ], [ 38.8319588, 8.9974719 ], [ 38.8311758, 8.9965212 ], [ 38.8279827, 8.995279 ], [ 38.825929, 8.9948165 ], [ 38.8237363, 8.994525 ], [ 38.8200536, 8.995641 ], [ 38.8183712, 8.9958642 ], [ 38.8138153, 8.99599 ], [ 38.8109662, 8.9985239 ], [ 38.8105596, 8.9991003 ], [ 38.8074117, 9.0031263 ], [ 38.8049162, 9.0076893 ], [ 38.8042796, 9.0101637 ], [ 38.8040681, 9.0123412 ], [ 38.80231, 9.0167802 ], [ 38.7986449, 9.01891 ], [ 38.7996197, 9.0216974 ] ] ] } },
{ "type": "Feature", "properties": { "threshold_s": 300, "time_label": "5 min drive" }, "geometry": { "type": "Polygon", "coordinates": [ [ [ 38.847197799999989, 9.0212844 ], [ 38.8470876, 9.0220415 ], [ 38.8486332, 9.0231775 ], [ 38.8504699, 9.0221315 ], [ 38.8526943, 9.0237145 ], [ 38.8527671, 9.0250063 ], [ 38.8525147, 9.0259371 ], [ 38.8525511, 9.0263638 ], [ 38.85256, 9.0264992 ], [ 38.8528376, 9.0264879 ], [ 38.8529791, 9.0264362 ], [ 38.8541116, 9.025734 ], [ 38.8542502, 9.0254448 ], [ 38.8563547, 9.0225111 ], [ 38.8596607, 9.0204593 ], [ 38.8605466, 9.0204936 ], [ 38.8613409, 9.0205415 ], [ 38.8622165, 9.0206089 ], [ 38.8626257, 9.0206366 ], [ 38.8631122, 9.0206697 ], [ 38.86369, 9.0207089 ], [ 38.8640811, 9.0207354 ], [ 38.8649712, 9.0207781 ], [ 38.8642837, 9.0190138 ], [ 38.8637006, 9.0184231 ], [ 38.8627997, 9.0176102 ], [ 38.8613154, 9.0171249 ], [ 38.8596886, 9.0148992 ], [ 38.8590277, 9.0143315 ], [ 38.8579572, 9.0134774 ], [ 38.8569385, 9.0126525 ], [ 38.8542887, 9.0102732 ], [ 38.853656, 9.0099445 ], [ 38.8533878, 9.0099581 ], [ 38.8525594, 9.0109142 ], [ 38.8505457, 9.0131115 ], [ 38.8496773, 9.0139663 ], [ 38.8509709, 9.0167744 ], [ 38.8500344, 9.0184398 ], [ 38.8485722, 9.0212117 ], [ 38.847197799999989, 9.0212844 ] ] ] } },
{ "type": "Feature", "properties": { "threshold_s": 600, "time_label": "10 min drive" }, "geometry": { "type": "Polygon", "coordinates": [ [ [ 38.8362739, 9.023057 ], [ 38.8403907, 9.0286515 ], [ 38.8434729, 9.0310987 ], [ 38.8452595, 9.0324084 ], [ 38.8480151, 9.0340269 ], [ 38.8517428, 9.0360889 ], [ 38.8539516, 9.0363108 ], [ 38.8573497, 9.0360757 ], [ 38.8611759, 9.0314011 ], [ 38.8636881, 9.0301716 ], [ 38.8648603, 9.0291935 ], [ 38.8672354, 9.0255657 ], [ 38.8711553, 9.0240474 ], [ 38.8752516, 9.0212513 ], [ 38.8757868, 9.0208335 ], [ 38.8723236, 9.0167624 ], [ 38.8713304, 9.0158969 ], [ 38.8677607, 9.0105781 ], [ 38.8669923, 9.0096386 ], [ 38.8664386, 9.0090527 ], [ 38.8661962, 9.0089028 ], [ 38.8651561, 9.0085718 ], [ 38.8622281, 9.0077178 ], [ 38.8591442, 9.0064317 ], [ 38.8566844, 9.0016493 ], [ 38.8519741, 9.0012565 ], [ 38.8516852, 9.0012743 ], [ 38.8492897, 9.0026261 ], [ 38.8489048, 9.0030357 ], [ 38.8479872, 9.0040643 ], [ 38.8452976, 9.0070991 ], [ 38.8423073, 9.0107548 ], [ 38.840192, 9.0167638 ], [ 38.8360585, 9.0217651 ], [ 38.8362739, 9.023057 ] ] ] } },
{ "type": "Feature", "properties": { "threshold_s": 900, "time_label": "15 min drive" }, "geometry": { "type": "Polygon", "coordinates": [ [ [ 38.8304043, 9.0317884 ], [ 38.8337872, 9.0370987 ], [ 38.8362384, 9.0370978 ], [ 38.8375676, 9.0372689 ], [ 38.8392543, 9.0375006 ], [ 38.844652, 9.0410964 ], [ 38.8471529, 9.0440157 ], [ 38.8481025, 9.044814 ], [ 38.8516621, 9.0458277 ], [ 38.8531571, 9.045512 ], [ 38.8549535, 9.0442365 ], [ 38.8553908, 9.0439711 ], [ 38.8624575, 9.042992 ], [ 38.8660026, 9.0417855 ], [ 38.8661739, 9.0413397 ], [ 38.8668743, 9.0391631 ], [ 38.8699011, 9.0331262 ], [ 38.8745945, 9.0328456 ], [ 38.8785159, 9.0307424 ], [ 38.8795409, 9.0300968 ], [ 38.8811779, 9.028538 ], [ 38.8839988, 9.0258385 ], [ 38.884326, 9.0254171 ], [ 38.8857296, 9.0229269 ], [ 38.8859947, 9.021978 ], [ 38.8860051, 9.0216916 ], [ 38.8856591, 9.0199594 ], [ 38.8852036, 9.019263 ], [ 38.8837811, 9.0177558 ], [ 38.8812549, 9.0150282 ], [ 38.8779021, 9.009779 ], [ 38.8774087, 9.0091074 ], [ 38.8729334, 9.0079034 ], [ 38.8707467, 9.0044099 ], [ 38.8716996, 9.0003215 ], [ 38.8715145, 8.9997254 ], [ 38.8704626, 8.9994657 ], [ 38.8675019, 9.000001 ], [ 38.8620936, 8.9963338 ], [ 38.8599958, 8.995394 ], [ 38.8551408, 8.9925134 ], [ 38.8527032, 8.9905946 ], [ 38.8524708, 8.9905561 ], [ 38.8520765, 8.9906188 ], [ 38.8498433, 8.9911352 ], [ 38.8482118, 8.9923507 ], [ 38.8447704, 8.9954169 ], [ 38.8434961, 8.9966146 ], [ 38.8432762, 8.9968461 ], [ 38.8405692, 8.9998724 ], [ 38.8396599, 9.0013672 ], [ 38.8370329, 9.0052974 ], [ 38.8338448, 9.0069608 ], [ 38.8326129, 9.0091389 ], [ 38.8325961, 9.0092326 ], [ 38.8325144, 9.0101273 ], [ 38.8319667, 9.0137359 ], [ 38.8320299, 9.0137945 ], [ 38.8334741, 9.0183059 ], [ 38.8265759, 9.0200041 ], [ 38.8258257, 9.0192669 ], [ 38.8251564, 9.01968 ], [ 38.8272819, 9.0259255 ], [ 38.8304043, 9.0317884 ] ] ] } },
{ "type": "Feature", "properties": { "threshold_s": 300, "time_label": "5 min drive" }, "geometry": { "type": "Polygon", "coordinates": [ [ [ 38.7785505, 8.9925918 ], [ 38.7792901, 8.9935064 ], [ 38.7805353, 8.9943244 ], [ 38.7821738, 8.9945403 ], [ 38.7831292, 8.9955145 ], [ 38.7845103, 8.9958517 ], [ 38.7860546, 8.996506 ], [ 38.788114299999989, 8.9962622 ], [ 38.788491, 8.9960225 ], [ 38.790482, 8.9965207 ], [ 38.7907287, 8.9971431 ], [ 38.79154650000001, 8.9972637 ], [ 38.7919628, 8.9965426 ], [ 38.7923594, 8.995765 ], [ 38.7924577, 8.9953847 ], [ 38.7925811, 8.9942786 ], [ 38.7924798, 8.9935091 ], [ 38.7918435, 8.9923162 ], [ 38.7930034, 8.9904073 ], [ 38.7941338, 8.9900363 ], [ 38.7942992, 8.9887271 ], [ 38.7933953, 8.9891541 ], [ 38.7920318, 8.9875297 ], [ 38.791375, 8.9871117 ], [ 38.789819799999989, 8.986366 ], [ 38.788826, 8.985809 ], [ 38.7879749, 8.9856538 ], [ 38.7868774, 8.9866064 ], [ 38.7855757, 8.9849273 ], [ 38.7842988, 8.9845215 ], [ 38.7824454, 8.9839019 ], [ 38.7810382, 8.9833915 ], [ 38.7807425, 8.9839147 ], [ 38.779468, 8.9858295 ], [ 38.7793551, 8.9859527 ], [ 38.7791261, 8.9871819 ], [ 38.7788101, 8.9895706 ], [ 38.7784314, 8.9900595 ], [ 38.7786812, 8.9916294 ], [ 38.7785505, 8.9925918 ] ] ] } },
{ "type": "Feature", "properties": { "threshold_s": 600, "time_label": "10 min drive" }, "geometry": { "type": "Polygon", "coordinates": [ [ [ 38.7698496, 8.9967179 ], [ 38.7706407, 8.9997545 ], [ 38.7747263, 9.000099 ], [ 38.7791347, 9.0046913 ], [ 38.780947, 9.005392 ], [ 38.7867191, 9.0066497 ], [ 38.7894939, 9.0070331 ], [ 38.7901946, 9.0062781 ], [ 38.7898343, 9.0055715 ], [ 38.792624, 8.9985777 ], [ 38.798838, 9.0004149 ], [ 38.7991837, 8.9991818 ], [ 38.797957, 8.9920335 ], [ 38.8018267, 8.9898213 ], [ 38.8035396, 8.9855276 ], [ 38.8035562, 8.9852867 ], [ 38.8021619, 8.9853275 ], [ 38.7996331, 8.9854045 ], [ 38.7971379, 8.9861223 ], [ 38.788826, 8.985809 ], [ 38.7879749, 8.9856538 ], [ 38.7855757, 8.9849273 ], [ 38.7842988, 8.9845215 ], [ 38.7787516, 8.9794447 ], [ 38.7777914, 8.9763594 ], [ 38.7774548, 8.9759568 ], [ 38.7773636, 8.975878 ], [ 38.7725665, 8.9780968 ], [ 38.7708268, 8.9803929 ], [ 38.7709102, 8.9816138 ], [ 38.7711213, 8.982576 ], [ 38.7704844, 8.9906366 ], [ 38.770249, 8.9931077 ], [ 38.7700593, 8.9948012 ], [ 38.7698496, 8.9967179 ] ] ] } },
{ "type": "Feature", "properties": { "threshold_s": 900, "time_label": "15 min drive" }, "geometry": { "type": "Polygon", "coordinates": [ [ [ 38.7620759, 9.0032468 ], [ 38.764761, 9.0088177 ], [ 38.7732789, 9.0121882 ], [ 38.7743465, 9.0124832 ], [ 38.776373, 9.0129175 ], [ 38.7870015, 9.0175376 ], [ 38.7878711, 9.017641 ], [ 38.7886453, 9.0177173 ], [ 38.7955126, 9.0135726 ], [ 38.8042796, 9.0101637 ], [ 38.806483, 9.0036926 ], [ 38.807631, 9.0004119 ], [ 38.8138819, 8.9902571 ], [ 38.8141627, 8.9895817 ], [ 38.8097735, 8.9869675 ], [ 38.8079529, 8.9863615 ], [ 38.8066972, 8.9860036 ], [ 38.8035562, 8.9852867 ], [ 38.8021619, 8.9853275 ], [ 38.7996331, 8.9854045 ], [ 38.7971379, 8.9861223 ], [ 38.7899075, 8.9859732 ], [ 38.7880106, 8.9854871 ], [ 38.7855757, 8.9849273 ], [ 38.7777914, 8.9763594 ], [ 38.7792846, 8.9680911 ], [ 38.7770206, 8.9660067 ], [ 38.7762229, 8.9655186 ], [ 38.7748945, 8.9656073 ], [ 38.7655318, 8.9710292 ], [ 38.7618717, 8.9728547 ], [ 38.7614384, 8.9810966 ], [ 38.7608696, 8.9875656 ], [ 38.7608216, 8.9937933 ], [ 38.7611096, 8.9987565 ], [ 38.7620759, 9.0032468 ] ] ] } },
{ "type": "Feature", "properties": { "threshold_s": 300, "time_label": "5 min drive" }, "geometry": { "type": "Polygon", "coordinates": [ [ [ 38.7785505, 8.9925918 ], [ 38.7792901, 8.9935064 ], [ 38.7805353, 8.9943244 ], [ 38.7821738, 8.9945403 ], [ 38.7831292, 8.9955145 ], [ 38.7845103, 8.9958517 ], [ 38.7860546, 8.996506 ], [ 38.788114299999989, 8.9962622 ], [ 38.788491, 8.9960225 ], [ 38.790482, 8.9965207 ], [ 38.7907287, 8.9971431 ], [ 38.79154650000001, 8.9972637 ], [ 38.7919628, 8.9965426 ], [ 38.7923594, 8.995765 ], [ 38.7924577, 8.9953847 ], [ 38.7925811, 8.9942786 ], [ 38.7924798, 8.9935091 ], [ 38.7918435, 8.9923162 ], [ 38.7930034, 8.9904073 ], [ 38.7941338, 8.9900363 ], [ 38.7942992, 8.9887271 ], [ 38.7933953, 8.9891541 ], [ 38.7920318, 8.9875297 ], [ 38.791375, 8.9871117 ], [ 38.789819799999989, 8.986366 ], [ 38.788826, 8.985809 ], [ 38.7879749, 8.9856538 ], [ 38.7868774, 8.9866064 ], [ 38.7855757, 8.9849273 ], [ 38.7842988, 8.9845215 ], [ 38.7824454, 8.9839019 ], [ 38.7810382, 8.9833915 ], [ 38.7807425, 8.9839147 ], [ 38.779468, 8.9858295 ], [ 38.7793551, 8.9859527 ], [ 38.7791261, 8.9871819 ], [ 38.7788101, 8.9895706 ], [ 38.7784314, 8.9900595 ], [ 38.7786812, 8.9916294 ], [ 38.7785505, 8.9925918 ] ] ] } },
{ "type": "Feature", "properties": { "threshold_s": 600, "time_label": "10 min drive" }, "geometry": { "type": "Polygon", "coordinates": [ [ [ 38.7698496, 8.9967179 ], [ 38.7706407, 8.9997545 ], [ 38.7747263, 9.000099 ], [ 38.7791347, 9.0046913 ], [ 38.780947, 9.005392 ], [ 38.7867191, 9.0066497 ], [ 38.7894939, 9.0070331 ], [ 38.7901946, 9.0062781 ], [ 38.7898343, 9.0055715 ], [ 38.792624, 8.9985777 ], [ 38.798838, 9.0004149 ], [ 38.7991837, 8.9991818 ], [ 38.797957, 8.9920335 ], [ 38.8018267, 8.9898213 ], [ 38.8035396, 8.9855276 ], [ 38.8035562, 8.9852867 ], [ 38.8021619, 8.9853275 ], [ 38.7996331, 8.9854045 ], [ 38.7971379, 8.9861223 ], [ 38.788826, 8.985809 ], [ 38.7879749, 8.9856538 ], [ 38.7855757, 8.9849273 ], [ 38.7842988, 8.9845215 ], [ 38.7787516, 8.9794447 ], [ 38.7777914, 8.9763594 ], [ 38.7774548, 8.9759568 ], [ 38.7773636, 8.975878 ], [ 38.7725665, 8.9780968 ], [ 38.7708268, 8.9803929 ], [ 38.7709102, 8.9816138 ], [ 38.7711213, 8.982576 ], [ 38.7704844, 8.9906366 ], [ 38.770249, 8.9931077 ], [ 38.7700593, 8.9948012 ], [ 38.7698496, 8.9967179 ] ] ] } },
{ "type": "Feature", "properties": { "threshold_s": 900, "time_label": "15 min drive" }, "geometry": { "type": "Polygon", "coordinates": [ [ [ 38.7620759, 9.0032468 ], [ 38.764761, 9.0088177 ], [ 38.7732789, 9.0121882 ], [ 38.7743465, 9.0124832 ], [ 38.776373, 9.0129175 ], [ 38.7870015, 9.0175376 ], [ 38.7878711, 9.017641 ], [ 38.7886453, 9.0177173 ], [ 38.7955126, 9.0135726 ], [ 38.8042796, 9.0101637 ], [ 38.806483, 9.0036926 ], [ 38.807631, 9.0004119 ], [ 38.8138819, 8.9902571 ], [ 38.8141627, 8.9895817 ], [ 38.8097735, 8.9869675 ], [ 38.8079529, 8.9863615 ], [ 38.8066972, 8.9860036 ], [ 38.8035562, 8.9852867 ], [ 38.8021619, 8.9853275 ], [ 38.7996331, 8.9854045 ], [ 38.7971379, 8.9861223 ], [ 38.7899075, 8.9859732 ], [ 38.7880106, 8.9854871 ], [ 38.7855757, 8.9849273 ], [ 38.7777914, 8.9763594 ], [ 38.7792846, 8.9680911 ], [ 38.7770206, 8.9660067 ], [ 38.7762229, 8.9655186 ], [ 38.7748945, 8.9656073 ], [ 38.7655318, 8.9710292 ], [ 38.7618717, 8.9728547 ], [ 38.7614384, 8.9810966 ], [ 38.7608696, 8.9875656 ], [ 38.7608216, 8.9937933 ], [ 38.7611096, 8.9987565 ], [ 38.7620759, 9.0032468 ] ] ] } },
{ "type": "Feature", "properties": { "threshold_s": 300, "time_label": "5 min drive" }, "geometry": { "type": "Polygon", "coordinates": [ [ [ 38.745682, 9.0328467 ], [ 38.7460726, 9.0341827 ], [ 38.7487176, 9.0350745 ], [ 38.7494822, 9.0357729 ], [ 38.7501814, 9.0362262 ], [ 38.7517542, 9.038645 ], [ 38.7525465, 9.0380504 ], [ 38.7555497, 9.0379841 ], [ 38.7550527, 9.0350946 ], [ 38.7549, 9.0340673 ], [ 38.7558521, 9.0318884 ], [ 38.7568262, 9.030107 ], [ 38.7575971, 9.0292881 ], [ 38.7611244, 9.0293966 ], [ 38.76209, 9.029884 ], [ 38.7621176, 9.0297963 ], [ 38.7611664, 9.0293214 ], [ 38.7582228, 9.0285769 ], [ 38.7581126, 9.0269965 ], [ 38.7576048, 9.024946 ], [ 38.7567715, 9.0239365 ], [ 38.7547844, 9.0252812 ], [ 38.7518575, 9.0242085 ], [ 38.7508048, 9.0245939 ], [ 38.75011, 9.0262182 ], [ 38.7474657, 9.0272879 ], [ 38.747125, 9.0282177 ], [ 38.7459818, 9.0310786 ], [ 38.745682, 9.0328467 ] ] ] } },
{ "type": "Feature", "properties": { "threshold_s": 600, "time_label": "10 min drive" }, "geometry": { "type": "Polygon", "coordinates": [ [ [ 38.7434116, 9.0452264 ], [ 38.7462735, 9.0484102 ], [ 38.7465743, 9.0484181 ], [ 38.7482093, 9.0480917 ], [ 38.7519653, 9.0479608 ], [ 38.7554499, 9.04807 ], [ 38.7568986, 9.0481555 ], [ 38.7562092, 9.047044 ], [ 38.7573255, 9.0439475 ], [ 38.7600057, 9.0440359 ], [ 38.7609601, 9.0437661 ], [ 38.761383, 9.0436452 ], [ 38.7605296, 9.041151 ], [ 38.7625107, 9.0387169 ], [ 38.763485, 9.0378991 ], [ 38.7639577, 9.0366488 ], [ 38.7672949, 9.0333336 ], [ 38.768567, 9.0339854 ], [ 38.7684305, 9.0329237 ], [ 38.7683848, 9.0328415 ], [ 38.7664014, 9.0314507 ], [ 38.7654192, 9.0307943 ], [ 38.7633917, 9.0291295 ], [ 38.7625209, 9.0267749 ], [ 38.7616201, 9.0233396 ], [ 38.7633195, 9.0193691 ], [ 38.7606025, 9.0183832 ], [ 38.7587022, 9.0179263 ], [ 38.7566767, 9.0148583 ], [ 38.7565754, 9.0147817 ], [ 38.7530028, 9.0117021 ], [ 38.7501221, 9.0122852 ], [ 38.7484963, 9.0132162 ], [ 38.746012, 9.0163151 ], [ 38.7445428, 9.0193766 ], [ 38.7424225, 9.022066 ], [ 38.7406978, 9.022521 ], [ 38.7398328, 9.0227395 ], [ 38.7376964, 9.024566 ], [ 38.7376528, 9.0246336 ], [ 38.7374238, 9.0254659 ], [ 38.7363707, 9.0295812 ], [ 38.7370889, 9.0322481 ], [ 38.7366399, 9.0346148 ], [ 38.7378842, 9.0374214 ], [ 38.7399562, 9.0406862 ], [ 38.742112, 9.0437179 ], [ 38.7434116, 9.0452264 ] ] ] } },
{ "type": "Feature", "properties": { "threshold_s": 900, "time_label": "15 min drive" }, "geometry": { "type": "Polygon", "coordinates": [ [ [ 38.7399352, 9.0575077 ], [ 38.7400067, 9.0575833 ], [ 38.7438521, 9.0581799 ], [ 38.7484489, 9.0588421 ], [ 38.7513386, 9.0566671 ], [ 38.7539978, 9.0561037 ], [ 38.7572967, 9.0574294 ], [ 38.7598514, 9.0583555 ], [ 38.7626772, 9.0557355 ], [ 38.764614, 9.0541074 ], [ 38.7662823, 9.0496236 ], [ 38.767836, 9.0485087 ], [ 38.7686014, 9.0480309 ], [ 38.7706796, 9.0471375 ], [ 38.7708269, 9.0470365 ], [ 38.7694638, 9.0449786 ], [ 38.7733433, 9.041089 ], [ 38.7743931, 9.0409883 ], [ 38.7772388, 9.038123 ], [ 38.7789967, 9.0337559 ], [ 38.7788875, 9.0312164 ], [ 38.7761492, 9.027044 ], [ 38.7754401, 9.0268163 ], [ 38.7707329, 9.0240985 ], [ 38.7708838, 9.0203264 ], [ 38.771192, 9.0184455 ], [ 38.7721899, 9.0162346 ], [ 38.7699102, 9.014068 ], [ 38.7672577, 9.0104737 ], [ 38.7643308, 9.0075099 ], [ 38.7603429, 9.0076063 ], [ 38.7587508, 9.0052114 ], [ 38.7587141, 9.0041929 ], [ 38.7546804, 9.0018889 ], [ 38.7533004, 9.0021771 ], [ 38.7519359, 9.0026255 ], [ 38.7467176, 9.0045045 ], [ 38.7450837, 9.0051057 ], [ 38.7410089, 9.0086816 ], [ 38.7387193, 9.0103826 ], [ 38.7375141, 9.0120792 ], [ 38.7367613, 9.0137791 ], [ 38.7325036, 9.0164106 ], [ 38.7300246, 9.0163718 ], [ 38.729956799999989, 9.0163642 ], [ 38.72926, 9.0169807 ], [ 38.7277709, 9.0199051 ], [ 38.7277276, 9.0204429 ], [ 38.727897, 9.025717 ], [ 38.7274925, 9.0263393 ], [ 38.7250612, 9.0281938 ], [ 38.7252684, 9.0285488 ], [ 38.7249019, 9.0339276 ], [ 38.7244952, 9.0344387 ], [ 38.7265248, 9.0373437 ], [ 38.728019, 9.0390448 ], [ 38.7294285, 9.0438761 ], [ 38.7317687, 9.047415 ], [ 38.7339416, 9.0490828 ], [ 38.7363382, 9.0529235 ], [ 38.73760690000001, 9.0533015 ], [ 38.7399352, 9.0575077 ] ] ] } },
{ "type": "Feature", "properties": { "threshold_s": 300, "time_label": "5 min drive" }, "geometry": { "type": "Polygon", "coordinates": [ [ [ 38.7787355, 9.0030202 ], [ 38.7791347, 9.0046913 ], [ 38.7810221, 9.0058338 ], [ 38.7828239, 9.0074981 ], [ 38.784106, 9.0088471 ], [ 38.7841769, 9.008861 ], [ 38.7861091, 9.0087839 ], [ 38.7883151, 9.009628 ], [ 38.7883565, 9.0096317 ], [ 38.7896763, 9.0092286 ], [ 38.7919736, 9.0079378 ], [ 38.7919719, 9.0077005 ], [ 38.7917436, 9.0057285 ], [ 38.7917389, 9.0056483 ], [ 38.7892042, 9.0040436 ], [ 38.7882698, 9.0017096 ], [ 38.7897293, 8.9996859 ], [ 38.7906855, 8.9993148 ], [ 38.7913789, 8.9990156 ], [ 38.7920983, 8.9987684 ], [ 38.792624, 8.9985777 ], [ 38.7931544, 8.9983837 ], [ 38.7936291, 8.9982041 ], [ 38.7941482, 8.9979968 ], [ 38.7946719, 8.9978068 ], [ 38.7951352, 8.9973643 ], [ 38.7948523, 8.9966292 ], [ 38.7935455, 8.9953446 ], [ 38.7921633, 8.9948774 ], [ 38.7913479, 8.9928249 ], [ 38.7887993, 8.9927548 ], [ 38.7872777, 8.9926361 ], [ 38.7852648, 8.9915358 ], [ 38.7847989, 8.9917454 ], [ 38.783090799999989, 8.9925567 ], [ 38.7805353, 8.9943244 ], [ 38.780196, 8.997061 ], [ 38.7791942, 8.9979054 ], [ 38.7794906, 8.9991652 ], [ 38.7797689, 9.0015699 ], [ 38.7787355, 9.0030202 ] ] ] } },
{ "type": "Feature", "properties": { "threshold_s": 600, "time_label": "10 min drive" }, "geometry": { "type": "Polygon", "coordinates": [ [ [ 38.7714755, 9.0087054 ], [ 38.7732789, 9.0121882 ], [ 38.7742634, 9.0124589 ], [ 38.7743465, 9.0124832 ], [ 38.776373, 9.0129175 ], [ 38.7793668, 9.0132882 ], [ 38.7819011, 9.0162539 ], [ 38.7819307, 9.0165447 ], [ 38.7821732, 9.018387 ], [ 38.7850674, 9.0190776 ], [ 38.7861715, 9.0197125 ], [ 38.7870651, 9.0196171 ], [ 38.7890406, 9.0193886 ], [ 38.7896598, 9.0192439 ], [ 38.7906721, 9.0178852 ], [ 38.791997, 9.0167392 ], [ 38.794452, 9.0163865 ], [ 38.7952426, 9.0151258 ], [ 38.7985634, 9.0142392 ], [ 38.8001053, 9.0112127 ], [ 38.8005325, 9.0104479 ], [ 38.8013197, 9.0088365 ], [ 38.8021486, 9.0062351 ], [ 38.8030335, 9.003732 ], [ 38.8038473, 9.0011438 ], [ 38.8036877, 9.0002622 ], [ 38.8034868, 9.0000001 ], [ 38.8002204, 8.9990832 ], [ 38.7991837, 8.9991818 ], [ 38.7965052, 8.9969379 ], [ 38.7956395, 8.9945489 ], [ 38.797341, 8.9927148 ], [ 38.797957, 8.9920335 ], [ 38.7967419, 8.9891166 ], [ 38.7961378, 8.9883409 ], [ 38.7942992, 8.9887271 ], [ 38.7920318, 8.9875297 ], [ 38.791375, 8.9871117 ], [ 38.789819799999989, 8.986366 ], [ 38.788826, 8.985809 ], [ 38.7855757, 8.9849273 ], [ 38.7842988, 8.9845215 ], [ 38.7807425, 8.9839147 ], [ 38.7787086, 8.9850559 ], [ 38.7777241, 8.9856661 ], [ 38.776481, 8.989139 ], [ 38.7762102, 8.991495 ], [ 38.7742053, 8.9932382 ], [ 38.7741154, 8.9932832 ], [ 38.7741375, 8.9945623 ], [ 38.7743488, 8.9956238 ], [ 38.7752527, 8.9957331 ], [ 38.777362, 8.9984848 ], [ 38.7779966, 8.9994625 ], [ 38.7772268, 9.0028263 ], [ 38.7757771, 9.0033548 ], [ 38.7734899, 9.0014308 ], [ 38.7731666, 9.0015044 ], [ 38.7726315, 9.0016759 ], [ 38.7719972, 9.0020342 ], [ 38.7699232, 9.0043125 ], [ 38.7697441, 9.0055966 ], [ 38.7714755, 9.0087054 ] ] ] } },
{ "type": "Feature", "properties": { "threshold_s": 900, "time_label": "15 min drive" }, "geometry": { "type": "Polygon", "coordinates": [ [ [ 38.7631065, 9.0171496 ], [ 38.7631341, 9.0172933 ], [ 38.7636571, 9.0176742 ], [ 38.766175, 9.0194163 ], [ 38.772721, 9.023269 ], [ 38.7764432, 9.0256874 ], [ 38.785542, 9.0298968 ], [ 38.7867588, 9.0301967 ], [ 38.7898626, 9.0285236 ], [ 38.7970044, 9.026563 ], [ 38.7970609, 9.0265442 ], [ 38.8045576, 9.0198433 ], [ 38.8051492, 9.0192078 ], [ 38.8094223, 9.0111091 ], [ 38.8098948, 9.0097693 ], [ 38.8108174, 9.0069524 ], [ 38.8125484, 9.0014711 ], [ 38.8127352, 8.9964376 ], [ 38.8122705, 8.9947536 ], [ 38.8119926, 8.9937646 ], [ 38.8097735, 8.9869675 ], [ 38.8035562, 8.9852867 ], [ 38.8021619, 8.9853275 ], [ 38.7996331, 8.9854045 ], [ 38.7971379, 8.9861223 ], [ 38.788826, 8.985809 ], [ 38.7879749, 8.9856538 ], [ 38.7855757, 8.9849273 ], [ 38.7787516, 8.9794447 ], [ 38.7777914, 8.9763594 ], [ 38.7774548, 8.9759568 ], [ 38.7773636, 8.975878 ], [ 38.7697098, 8.9786677 ], [ 38.7690595, 8.9795189 ], [ 38.7673754, 8.985989 ], [ 38.7657081, 8.9898585 ], [ 38.7636837, 8.9968352 ], [ 38.762364, 9.0030482 ], [ 38.76206, 9.0111118 ], [ 38.7631065, 9.0171496 ] ] ] } },
{ "type": "Feature", "properties": { "threshold_s": 300, "time_label": "5 min drive" }, "geometry": { "type": "Polygon", "coordinates": [ [ [ 38.7787355, 9.0030202 ], [ 38.7791347, 9.0046913 ], [ 38.7810221, 9.0058338 ], [ 38.7828239, 9.0074981 ], [ 38.784106, 9.0088471 ], [ 38.7841769, 9.008861 ], [ 38.7861091, 9.0087839 ], [ 38.7883151, 9.009628 ], [ 38.7883565, 9.0096317 ], [ 38.7896763, 9.0092286 ], [ 38.7919736, 9.0079378 ], [ 38.7919719, 9.0077005 ], [ 38.7917436, 9.0057285 ], [ 38.7917389, 9.0056483 ], [ 38.7892042, 9.0040436 ], [ 38.7882698, 9.0017096 ], [ 38.7897293, 8.9996859 ], [ 38.7906855, 8.9993148 ], [ 38.7913789, 8.9990156 ], [ 38.7920983, 8.9987684 ], [ 38.792624, 8.9985777 ], [ 38.7931544, 8.9983837 ], [ 38.7936291, 8.9982041 ], [ 38.7941482, 8.9979968 ], [ 38.7946719, 8.9978068 ], [ 38.7951352, 8.9973643 ], [ 38.7948523, 8.9966292 ], [ 38.7935455, 8.9953446 ], [ 38.7921633, 8.9948774 ], [ 38.7913479, 8.9928249 ], [ 38.7887993, 8.9927548 ], [ 38.7872777, 8.9926361 ], [ 38.7852648, 8.9915358 ], [ 38.7847989, 8.9917454 ], [ 38.783090799999989, 8.9925567 ], [ 38.7805353, 8.9943244 ], [ 38.780196, 8.997061 ], [ 38.7791942, 8.9979054 ], [ 38.7794906, 8.9991652 ], [ 38.7797689, 9.0015699 ], [ 38.7787355, 9.0030202 ] ] ] } },
{ "type": "Feature", "properties": { "threshold_s": 600, "time_label": "10 min drive" }, "geometry": { "type": "Polygon", "coordinates": [ [ [ 38.7714755, 9.0087054 ], [ 38.7732789, 9.0121882 ], [ 38.7742634, 9.0124589 ], [ 38.7743465, 9.0124832 ], [ 38.776373, 9.0129175 ], [ 38.7793668, 9.0132882 ], [ 38.7819011, 9.0162539 ], [ 38.7819307, 9.0165447 ], [ 38.7821732, 9.018387 ], [ 38.7850674, 9.0190776 ], [ 38.7861715, 9.0197125 ], [ 38.7870651, 9.0196171 ], [ 38.7890406, 9.0193886 ], [ 38.7896598, 9.0192439 ], [ 38.7906721, 9.0178852 ], [ 38.791997, 9.0167392 ], [ 38.794452, 9.0163865 ], [ 38.7952426, 9.0151258 ], [ 38.7985634, 9.0142392 ], [ 38.8001053, 9.0112127 ], [ 38.8005325, 9.0104479 ], [ 38.8013197, 9.0088365 ], [ 38.8021486, 9.0062351 ], [ 38.8030335, 9.003732 ], [ 38.8038473, 9.0011438 ], [ 38.8036877, 9.0002622 ], [ 38.8034868, 9.0000001 ], [ 38.8002204, 8.9990832 ], [ 38.7991837, 8.9991818 ], [ 38.7965052, 8.9969379 ], [ 38.7956395, 8.9945489 ], [ 38.797341, 8.9927148 ], [ 38.797957, 8.9920335 ], [ 38.7967419, 8.9891166 ], [ 38.7961378, 8.9883409 ], [ 38.7942992, 8.9887271 ], [ 38.7920318, 8.9875297 ], [ 38.791375, 8.9871117 ], [ 38.789819799999989, 8.986366 ], [ 38.788826, 8.985809 ], [ 38.7855757, 8.9849273 ], [ 38.7842988, 8.9845215 ], [ 38.7807425, 8.9839147 ], [ 38.7787086, 8.9850559 ], [ 38.7777241, 8.9856661 ], [ 38.776481, 8.989139 ], [ 38.7762102, 8.991495 ], [ 38.7742053, 8.9932382 ], [ 38.7741154, 8.9932832 ], [ 38.7741375, 8.9945623 ], [ 38.7743488, 8.9956238 ], [ 38.7752527, 8.9957331 ], [ 38.777362, 8.9984848 ], [ 38.7779966, 8.9994625 ], [ 38.7772268, 9.0028263 ], [ 38.7757771, 9.0033548 ], [ 38.7734899, 9.0014308 ], [ 38.7731666, 9.0015044 ], [ 38.7726315, 9.0016759 ], [ 38.7719972, 9.0020342 ], [ 38.7699232, 9.0043125 ], [ 38.7697441, 9.0055966 ], [ 38.7714755, 9.0087054 ] ] ] } },
{ "type": "Feature", "properties": { "threshold_s": 900, "time_label": "15 min drive" }, "geometry": { "type": "Polygon", "coordinates": [ [ [ 38.7631065, 9.0171496 ], [ 38.7631341, 9.0172933 ], [ 38.7636571, 9.0176742 ], [ 38.766175, 9.0194163 ], [ 38.772721, 9.023269 ], [ 38.7764432, 9.0256874 ], [ 38.785542, 9.0298968 ], [ 38.7867588, 9.0301967 ], [ 38.7898626, 9.0285236 ], [ 38.7970044, 9.026563 ], [ 38.7970609, 9.0265442 ], [ 38.8045576, 9.0198433 ], [ 38.8051492, 9.0192078 ], [ 38.8094223, 9.0111091 ], [ 38.8098948, 9.0097693 ], [ 38.8108174, 9.0069524 ], [ 38.8125484, 9.0014711 ], [ 38.8127352, 8.9964376 ], [ 38.8122705, 8.9947536 ], [ 38.8119926, 8.9937646 ], [ 38.8097735, 8.9869675 ], [ 38.8035562, 8.9852867 ], [ 38.8021619, 8.9853275 ], [ 38.7996331, 8.9854045 ], [ 38.7971379, 8.9861223 ], [ 38.788826, 8.985809 ], [ 38.7879749, 8.9856538 ], [ 38.7855757, 8.9849273 ], [ 38.7787516, 8.9794447 ], [ 38.7777914, 8.9763594 ], [ 38.7774548, 8.9759568 ], [ 38.7773636, 8.975878 ], [ 38.7697098, 8.9786677 ], [ 38.7690595, 8.9795189 ], [ 38.7673754, 8.985989 ], [ 38.7657081, 8.9898585 ], [ 38.7636837, 8.9968352 ], [ 38.762364, 9.0030482 ], [ 38.76206, 9.0111118 ], [ 38.7631065, 9.0171496 ] ] ] } },
{ "type": "Feature", "properties": { "threshold_s": 300, "time_label": "5 min drive" }, "geometry": { "type": "Polygon", "coordinates": [ [ [ 38.7438853, 8.9969221 ], [ 38.7439552, 8.9970066 ], [ 38.7458731, 8.9969173 ], [ 38.7458811, 8.998566 ], [ 38.7471426, 9.0000833 ], [ 38.7472277, 9.0000967 ], [ 38.7491146, 8.9994314 ], [ 38.7502277, 8.9984361 ], [ 38.7506945, 8.9976917 ], [ 38.7528023, 8.9978434 ], [ 38.7530147, 8.9972694 ], [ 38.7541654, 8.9959883 ], [ 38.7547666, 8.9955833 ], [ 38.7551761, 8.9935003 ], [ 38.7549472, 8.993229 ], [ 38.7553228, 8.9912259 ], [ 38.7555367, 8.9901609 ], [ 38.7545507, 8.9888887 ], [ 38.753266, 8.9884972 ], [ 38.7514143, 8.9880999 ], [ 38.7510826, 8.987208 ], [ 38.7515976, 8.9852374 ], [ 38.7520856, 8.9839187 ], [ 38.7510832, 8.9837194 ], [ 38.7496555, 8.9826637 ], [ 38.7478409, 8.9829408 ], [ 38.7465736, 8.9815959 ], [ 38.7464459, 8.9815467 ], [ 38.7453103, 8.9829937 ], [ 38.744683, 8.983744 ], [ 38.7456711, 8.9851227 ], [ 38.7450484, 8.987087 ], [ 38.7434259, 8.9865616 ], [ 38.7420096, 8.9867724 ], [ 38.7411293, 8.9881328 ], [ 38.7409043, 8.9890675 ], [ 38.7417482, 8.9901297 ], [ 38.741192, 8.9921603 ], [ 38.7409514, 8.9922664 ], [ 38.7421614, 8.9936277 ], [ 38.742143, 8.9948237 ], [ 38.7436851, 8.9956517 ], [ 38.7438853, 8.9969221 ] ] ] } },
{ "type": "Feature", "properties": { "threshold_s": 600, "time_label": "10 min drive" }, "geometry": { "type": "Polygon", "coordinates": [ [ [ 38.7368803, 9.0018037 ], [ 38.7338642, 9.0036846 ], [ 38.7380116, 9.003884 ], [ 38.7389758, 9.0051297 ], [ 38.7405633, 9.0055545 ], [ 38.742077, 9.0049673 ], [ 38.7448468, 9.0074017 ], [ 38.7447405, 9.0084924 ], [ 38.7447023, 9.0088719 ], [ 38.7461356, 9.0106348 ], [ 38.746218, 9.0106422 ], [ 38.7476673, 9.0105487 ], [ 38.7508227, 9.0077324 ], [ 38.7526401, 9.0079989 ], [ 38.7537307, 9.0078846 ], [ 38.7542569, 9.0078274 ], [ 38.7544449, 9.007789 ], [ 38.7560328, 9.0070649 ], [ 38.7587141, 9.0041929 ], [ 38.7586541, 9.0031765 ], [ 38.7585693, 9.0015672 ], [ 38.7584493, 9.0006152 ], [ 38.7584453, 9.0005061 ], [ 38.758485, 8.999819 ], [ 38.7585626, 8.9987234 ], [ 38.7627935, 8.9982254 ], [ 38.7631505, 8.9985676 ], [ 38.7649383, 8.997765 ], [ 38.7650467, 8.9975944 ], [ 38.7651727, 8.9973575 ], [ 38.7646631, 8.9960887 ], [ 38.7625538, 8.9951516 ], [ 38.7609419, 8.9943649 ], [ 38.7591509, 8.9921947 ], [ 38.7617532, 8.9899193 ], [ 38.7629128, 8.9892678 ], [ 38.7634392, 8.9867237 ], [ 38.7635066, 8.9846535 ], [ 38.7623005, 8.980802 ], [ 38.759488, 8.9783088 ], [ 38.7595952, 8.9772954 ], [ 38.7596571, 8.9770686 ], [ 38.7553018, 8.9781789 ], [ 38.7549105, 8.9779306 ], [ 38.7531719, 8.9751756 ], [ 38.7528666, 8.9743743 ], [ 38.7524767, 8.9740844 ], [ 38.751356199999989, 8.9733778 ], [ 38.7493072, 8.972256 ], [ 38.7468444, 8.9702363 ], [ 38.7461427, 8.9707859 ], [ 38.7422511, 8.9720595 ], [ 38.7410492, 8.9731115 ], [ 38.7400277, 8.9744338 ], [ 38.7377935, 8.9768912 ], [ 38.7362261, 8.9786975 ], [ 38.7353698, 8.9798746 ], [ 38.7347304, 8.9815154 ], [ 38.7351497, 8.9823212 ], [ 38.7363164, 8.9841068 ], [ 38.7334344, 8.9873191 ], [ 38.7328336, 8.9881682 ], [ 38.7323374, 8.9888358 ], [ 38.7325734, 8.9896107 ], [ 38.7327901, 8.9904009 ], [ 38.733715, 8.9918419 ], [ 38.7326592, 8.9953344 ], [ 38.7324621, 8.9965338 ], [ 38.7344089, 8.9966973 ], [ 38.7371778, 8.998569 ], [ 38.7372074, 9.0004715 ], [ 38.7368803, 9.0018037 ] ] ] } },
{ "type": "Feature", "properties": { "threshold_s": 900, "time_label": "15 min drive" }, "geometry": { "type": "Polygon", "coordinates": [ [ [ 38.7284978, 9.0065722 ], [ 38.7286855, 9.0089895 ], [ 38.7321181, 9.0117201 ], [ 38.7344752, 9.0132766 ], [ 38.7393228, 9.0164224 ], [ 38.7403048, 9.0186944 ], [ 38.7445602, 9.0201826 ], [ 38.7446514, 9.0201858 ], [ 38.7505739, 9.0190794 ], [ 38.7524126, 9.0191699 ], [ 38.7543747, 9.0174346 ], [ 38.7544893, 9.0173204 ], [ 38.7555926, 9.0160591 ], [ 38.7562078, 9.0153727 ], [ 38.7566767, 9.0148583 ], [ 38.7601319, 9.011234 ], [ 38.761721, 9.0086478 ], [ 38.7663964, 9.0070441 ], [ 38.7687166, 9.0066328 ], [ 38.7705863, 9.0055165 ], [ 38.7715399, 9.004392 ], [ 38.7710524, 9.0010739 ], [ 38.7724357, 8.9962689 ], [ 38.7741547, 8.9942423 ], [ 38.7743364, 8.9940624 ], [ 38.7744181, 8.9939815 ], [ 38.7730707, 8.9907022 ], [ 38.7725604, 8.990016 ], [ 38.7718993, 8.9891153 ], [ 38.7725, 8.9828432 ], [ 38.7719993, 8.9817749 ], [ 38.7718453, 8.9814706 ], [ 38.7715164, 8.9814853 ], [ 38.7709102, 8.9816138 ], [ 38.7650426, 8.9787808 ], [ 38.7650392, 8.976104 ], [ 38.7660779, 8.9717093 ], [ 38.7627127, 8.9666965 ], [ 38.7565418, 8.9662656 ], [ 38.7547866, 8.9654558 ], [ 38.7502749, 8.9623465 ], [ 38.7497783, 8.9619784 ], [ 38.7481324, 8.9616128 ], [ 38.7479095, 8.9615781 ], [ 38.7473327, 8.9615528 ], [ 38.7446168, 8.9616241 ], [ 38.7437305, 8.961934 ], [ 38.742496, 8.9624729 ], [ 38.7415846, 8.9631367 ], [ 38.7358058, 8.9664959 ], [ 38.7338065, 8.9651427 ], [ 38.7340753, 8.9706794 ], [ 38.73397, 8.9732129 ], [ 38.7313138, 8.9771965 ], [ 38.7288472, 8.9786214 ], [ 38.7283872, 8.9787856 ], [ 38.7270547, 8.9798003 ], [ 38.7258008, 8.9824669 ], [ 38.7244629, 8.9855268 ], [ 38.7247356, 8.9872979 ], [ 38.724335, 8.9912776 ], [ 38.7218671, 8.9944618 ], [ 38.7218685, 8.9986844 ], [ 38.7220337, 8.9992215 ], [ 38.7224929, 8.9990797 ], [ 38.7236724, 8.9987142 ], [ 38.7268985, 8.9991841 ], [ 38.7292146, 9.0052443 ], [ 38.7285474, 9.0064755 ], [ 38.7284978, 9.0065722 ] ] ] } },
{ "type": "Feature", "properties": { "threshold_s": 300, "time_label": "5 min drive" }, "geometry": { "type": "Polygon", "coordinates": [ [ [ 38.7850674, 9.0190776 ], [ 38.7854499, 9.0200894 ], [ 38.7863688, 9.0207494 ], [ 38.7874214, 9.0201178 ], [ 38.7896598, 9.0192439 ], [ 38.7908442, 9.0178151 ], [ 38.791997, 9.0167392 ], [ 38.7936531, 9.0159967 ], [ 38.7948124, 9.0150846 ], [ 38.7953561, 9.0146018 ], [ 38.7954484, 9.0144599 ], [ 38.7959622, 9.0132559 ], [ 38.7961516, 9.0125743 ], [ 38.7966076, 9.0109225 ], [ 38.7972548, 9.0095656 ], [ 38.7976317, 9.0084889 ], [ 38.7980086, 9.0070595 ], [ 38.7959238, 9.0052582 ], [ 38.7946308, 9.0046325 ], [ 38.7936953, 9.0050935 ], [ 38.7917389, 9.0056483 ], [ 38.7892042, 9.0040436 ], [ 38.7882698, 9.0017096 ], [ 38.7883566, 9.0003414 ], [ 38.7875247, 8.9998242 ], [ 38.7864858, 9.0016719 ], [ 38.7845137, 9.003219 ], [ 38.7822177, 9.004539 ], [ 38.7807284, 9.0052172 ], [ 38.7796256, 9.0059179 ], [ 38.7790846, 9.007266 ], [ 38.7786698, 9.0089458 ], [ 38.7785656, 9.0094037 ], [ 38.7787148, 9.0097372 ], [ 38.7801527, 9.0119568 ], [ 38.7817494, 9.0139229 ], [ 38.782059, 9.014438 ], [ 38.7836142, 9.0165478 ], [ 38.7850674, 9.0190776 ] ] ] } },
{ "type": "Feature", "properties": { "threshold_s": 600, "time_label": "10 min drive" }, "geometry": { "type": "Polygon", "coordinates": [ [ [ 38.7763746, 9.0235218 ], [ 38.777128, 9.0248365 ], [ 38.778014, 9.025166 ], [ 38.7830209, 9.0272291 ], [ 38.785542, 9.0298968 ], [ 38.7867588, 9.0301967 ], [ 38.7898626, 9.0285236 ], [ 38.7915674, 9.0270575 ], [ 38.7956376, 9.0266166 ], [ 38.7970044, 9.026563 ], [ 38.7970609, 9.0265442 ], [ 38.7983101, 9.0230691 ], [ 38.8016899, 9.0200113 ], [ 38.8035447, 9.0196294 ], [ 38.8030901, 9.0149569 ], [ 38.8034284, 9.0138029 ], [ 38.8041047, 9.011598 ], [ 38.8059445, 9.0070212 ], [ 38.804329, 9.0019673 ], [ 38.8048868, 9.0006878 ], [ 38.8049696, 8.9990194 ], [ 38.8004776, 8.9984045 ], [ 38.7965052, 8.9969379 ], [ 38.7956395, 8.9945489 ], [ 38.7918435, 8.9923162 ], [ 38.7917543, 8.9922639 ], [ 38.7881416, 8.9909852 ], [ 38.7860818, 8.9902517 ], [ 38.7838371, 8.9909241 ], [ 38.7830666, 8.9913983 ], [ 38.7805353, 8.9943244 ], [ 38.7784264, 8.9944714 ], [ 38.7777683, 8.9954023 ], [ 38.777362, 8.9984848 ], [ 38.7757771, 9.0033548 ], [ 38.7734655, 9.0030482 ], [ 38.7717075, 9.0049966 ], [ 38.7715262, 9.0057579 ], [ 38.7719898, 9.0068159 ], [ 38.7738585, 9.0107737 ], [ 38.7742634, 9.0124589 ], [ 38.7743465, 9.0124832 ], [ 38.776373, 9.0129175 ], [ 38.7790322, 9.0148252 ], [ 38.7807383, 9.0166185 ], [ 38.7800908, 9.0202484 ], [ 38.7763592, 9.0232278 ], [ 38.7762974, 9.0233738 ], [ 38.7763746, 9.0235218 ] ] ] } },
{ "type": "Feature", "properties": { "threshold_s": 900, "time_label": "15 min drive" }, "geometry": { "type": "Polygon", "coordinates": [ [ [ 38.7696171, 9.026581 ], [ 38.7673563, 9.028805 ], [ 38.7701755, 9.0299115 ], [ 38.7723844, 9.0333248 ], [ 38.7771424, 9.0349296 ], [ 38.7795494, 9.0368103 ], [ 38.7797197, 9.0361348 ], [ 38.7847393, 9.0337449 ], [ 38.7855725, 9.0348864 ], [ 38.7859775, 9.0355527 ], [ 38.7864758, 9.0378832 ], [ 38.7866579, 9.0379459 ], [ 38.7878993, 9.0373684 ], [ 38.7894697, 9.0358202 ], [ 38.7898711, 9.0353037 ], [ 38.7913411, 9.0328014 ], [ 38.7947311, 9.0312946 ], [ 38.7988474, 9.0307862 ], [ 38.8011234, 9.0303124 ], [ 38.8048161, 9.0292985 ], [ 38.808001, 9.0248414 ], [ 38.8084495, 9.0242274 ], [ 38.8102174, 9.0215023 ], [ 38.8133654, 9.0199396 ], [ 38.8133688, 9.0197109 ], [ 38.812003, 9.0146785 ], [ 38.8128841, 9.0134943 ], [ 38.8147453, 9.0095775 ], [ 38.8152029, 9.0088359 ], [ 38.8168907, 9.0039882 ], [ 38.8159438, 9.0019077 ], [ 38.8144565, 9.0008924 ], [ 38.8138048, 8.9967005 ], [ 38.8138059, 8.9964663 ], [ 38.8138153, 8.99599 ], [ 38.8138214, 8.9950904 ], [ 38.8138301, 8.9945428 ], [ 38.812693, 8.9931047 ], [ 38.8113809, 8.9918976 ], [ 38.8106357, 8.991236 ], [ 38.8077416, 8.9896339 ], [ 38.8047709, 8.9893009 ], [ 38.8019789, 8.9892908 ], [ 38.7997874, 8.9861208 ], [ 38.7996331, 8.9854045 ], [ 38.7976586, 8.9872854 ], [ 38.7965669, 8.9878238 ], [ 38.791375, 8.9871117 ], [ 38.789819799999989, 8.986366 ], [ 38.788826, 8.985809 ], [ 38.7855757, 8.9849273 ], [ 38.7842988, 8.9845215 ], [ 38.7829895, 8.9840922 ], [ 38.7824454, 8.9839019 ], [ 38.7810382, 8.9833915 ], [ 38.7788284, 8.9840911 ], [ 38.7740672, 8.9854398 ], [ 38.7738282, 8.9856895 ], [ 38.7722754, 8.990528 ], [ 38.7717135, 8.9915076 ], [ 38.7713957, 8.9920023 ], [ 38.7682519, 8.9964896 ], [ 38.765179, 8.9981909 ], [ 38.764029, 9.0002724 ], [ 38.764064, 9.0016943 ], [ 38.7642637, 9.0025648 ], [ 38.764577, 9.0029893 ], [ 38.765411, 9.0036496 ], [ 38.764761, 9.0088177 ], [ 38.7644245, 9.0091892 ], [ 38.7636137, 9.009863 ], [ 38.76206, 9.0111118 ], [ 38.7627294, 9.0115076 ], [ 38.7655491, 9.0161733 ], [ 38.7645019, 9.0170063 ], [ 38.766175, 9.0194163 ], [ 38.7686595, 9.0207369 ], [ 38.7717222, 9.0232818 ], [ 38.7696171, 9.026581 ] ] ] } },
{ "type": "Feature", "properties": { "threshold_s": 300, "time_label": "5 min drive" }, "geometry": { "type": "Polygon", "coordinates": [ [ [ 38.7556919, 9.0394787 ], [ 38.7557028, 9.0397766 ], [ 38.75772, 9.0409807 ], [ 38.7580892, 9.041159 ], [ 38.7592181, 9.0408393 ], [ 38.7616326, 9.0420629 ], [ 38.7617184, 9.0421031 ], [ 38.7620077, 9.0410376 ], [ 38.7647638, 9.0406035 ], [ 38.7664676, 9.0402533 ], [ 38.7672893, 9.0381433 ], [ 38.7675585, 9.0358251 ], [ 38.7705053, 9.0353543 ], [ 38.7703516, 9.0350562 ], [ 38.769884, 9.0342295 ], [ 38.7696665, 9.0317334 ], [ 38.7696348, 9.0316607 ], [ 38.7664014, 9.0314507 ], [ 38.7654192, 9.0307943 ], [ 38.7633917, 9.0291295 ], [ 38.7625209, 9.0267749 ], [ 38.7624111, 9.0266163 ], [ 38.76061330000001, 9.0273217 ], [ 38.7576451, 9.0285006 ], [ 38.7573454, 9.0285605 ], [ 38.7575971, 9.0292881 ], [ 38.7598172, 9.0314772 ], [ 38.7590509, 9.0331043 ], [ 38.7579095, 9.0339593 ], [ 38.7570673, 9.0349685 ], [ 38.7573179, 9.0358262 ], [ 38.7579791, 9.0380662 ], [ 38.7556919, 9.0394787 ] ] ] } },
{ "type": "Feature", "properties": { "threshold_s": 600, "time_label": "10 min drive" }, "geometry": { "type": "Polygon", "coordinates": [ [ [ 38.7461931, 9.0453033 ], [ 38.7471673, 9.0469322 ], [ 38.7492997, 9.0477315 ], [ 38.7528293, 9.0508645 ], [ 38.7572461, 9.0522133 ], [ 38.7608332, 9.0518817 ], [ 38.7616272, 9.0514887 ], [ 38.7652991, 9.0499347 ], [ 38.7662823, 9.0496236 ], [ 38.7701541, 9.0481491 ], [ 38.7708269, 9.0470365 ], [ 38.7738245, 9.0438158 ], [ 38.774515, 9.0434651 ], [ 38.776106, 9.0423418 ], [ 38.77665, 9.0412365 ], [ 38.7801888, 9.0380316 ], [ 38.7805093, 9.0334724 ], [ 38.7802271, 9.0305908 ], [ 38.7783603, 9.0264075 ], [ 38.7781887, 9.0261563 ], [ 38.7764797, 9.0254299 ], [ 38.7739588, 9.0248857 ], [ 38.7722297, 9.0251154 ], [ 38.7696171, 9.026581 ], [ 38.7673563, 9.028805 ], [ 38.7660695, 9.0292297 ], [ 38.7625209, 9.0267749 ], [ 38.7624111, 9.0266163 ], [ 38.7616201, 9.0233396 ], [ 38.7645123, 9.0221623 ], [ 38.7650922, 9.0223314 ], [ 38.7677259, 9.0197702 ], [ 38.7659352, 9.0168131 ], [ 38.7655491, 9.0161733 ], [ 38.7627136, 9.0143638 ], [ 38.7623398, 9.017288 ], [ 38.7587022, 9.0179263 ], [ 38.7576248, 9.0176281 ], [ 38.7536536, 9.0182268 ], [ 38.7526323, 9.0214301 ], [ 38.7513308, 9.0251193 ], [ 38.7494022, 9.027615 ], [ 38.748161, 9.0290428 ], [ 38.7469049, 9.0323628 ], [ 38.7451851, 9.035801 ], [ 38.7443637, 9.0371691 ], [ 38.744816299999989, 9.038175 ], [ 38.7453087, 9.0395617 ], [ 38.7457128, 9.0429139 ], [ 38.7461105, 9.0449677 ], [ 38.7461931, 9.0453033 ] ] ] } },
{ "type": "Feature", "properties": { "threshold_s": 900, "time_label": "15 min drive" }, "geometry": { "type": "Polygon", "coordinates": [ [ [ 38.7395479, 9.0526242 ], [ 38.7410129, 9.0559353 ], [ 38.7410798, 9.0559945 ], [ 38.7424677, 9.0561537 ], [ 38.7455156, 9.0587202 ], [ 38.7482068, 9.0602013 ], [ 38.7526061, 9.0608775 ], [ 38.7571961, 9.0618403 ], [ 38.7611437, 9.0638717 ], [ 38.7616433, 9.0638108 ], [ 38.763436, 9.0620141 ], [ 38.7640137, 9.0614665 ], [ 38.7688353, 9.0606191 ], [ 38.7727665, 9.0582167 ], [ 38.7741846, 9.0581115 ], [ 38.7753084, 9.057763 ], [ 38.7758236, 9.05754 ], [ 38.7766787, 9.0570432 ], [ 38.7764625, 9.0559414 ], [ 38.7760621, 9.0540642 ], [ 38.7770176, 9.0520471 ], [ 38.7804541, 9.0517317 ], [ 38.7821181, 9.0512617 ], [ 38.7831179, 9.0509048 ], [ 38.7822559, 9.0487745 ], [ 38.7858018, 9.0466865 ], [ 38.7866463, 9.0460558 ], [ 38.7877241, 9.0438592 ], [ 38.7869235, 9.0434758 ], [ 38.7853727, 9.0402983 ], [ 38.7878993, 9.0373684 ], [ 38.7884075, 9.037232 ], [ 38.788646, 9.0371199 ], [ 38.7887482, 9.0361844 ], [ 38.7880696, 9.0351791 ], [ 38.7869981, 9.033897 ], [ 38.7884042, 9.0291921 ], [ 38.7900916, 9.0290698 ], [ 38.7898506, 9.0284755 ], [ 38.788861, 9.027759 ], [ 38.7874317, 9.0261847 ], [ 38.7862093, 9.0222595 ], [ 38.7846335, 9.019676 ], [ 38.7837739, 9.0184104 ], [ 38.7820039, 9.0176052 ], [ 38.7795994, 9.0155365 ], [ 38.7781044, 9.0145299 ], [ 38.7774734, 9.014126 ], [ 38.7738585, 9.0107737 ], [ 38.7706225, 9.010122 ], [ 38.7680934, 9.008144 ], [ 38.7663164, 9.0057167 ], [ 38.7644881, 9.0044735 ], [ 38.7629613, 9.0049758 ], [ 38.7587103, 9.0068983 ], [ 38.7579128, 9.0080385 ], [ 38.755338, 9.0119598 ], [ 38.7533592, 9.010613 ], [ 38.7498135, 9.0113847 ], [ 38.7473376, 9.0123175 ], [ 38.7472759, 9.012391 ], [ 38.7445388, 9.0164308 ], [ 38.7445414, 9.0165448 ], [ 38.7438409, 9.0201584 ], [ 38.7422602, 9.0234475 ], [ 38.7395474, 9.0243568 ], [ 38.7379664, 9.0259409 ], [ 38.73793160000001, 9.0300999 ], [ 38.7383867, 9.0323453 ], [ 38.7350242, 9.0343964 ], [ 38.7348936, 9.0348074 ], [ 38.7366714, 9.0373866 ], [ 38.7358671, 9.040163 ], [ 38.7342518, 9.041555 ], [ 38.7348727, 9.0432874 ], [ 38.7362547, 9.0439907 ], [ 38.7387244, 9.0475686 ], [ 38.737653, 9.0490786 ], [ 38.7377662, 9.0494509 ], [ 38.7395479, 9.0526242 ] ] ] } },
{ "type": "Feature", "properties": { "threshold_s": 300, "time_label": "5 min drive" }, "geometry": { "type": "Polygon", "coordinates": [ [ [ 38.7856127, 8.9987552 ], [ 38.785657, 8.9988254 ], [ 38.785766, 8.9987532 ], [ 38.7862813, 8.9984227 ], [ 38.7868335, 8.9981402 ], [ 38.7873295, 8.9978484 ], [ 38.788114299999989, 8.9962622 ], [ 38.788491, 8.9960225 ], [ 38.790482, 8.9965207 ], [ 38.7907287, 8.9971431 ], [ 38.79043, 8.9986976 ], [ 38.7906855, 8.9993148 ], [ 38.792624, 8.9985777 ], [ 38.7931544, 8.9983837 ], [ 38.7936291, 8.9982041 ], [ 38.7946719, 8.9978068 ], [ 38.7965052, 8.9969379 ], [ 38.7948523, 8.9966292 ], [ 38.7956395, 8.9945489 ], [ 38.7952264, 8.9934812 ], [ 38.7966451, 8.9921571 ], [ 38.797957, 8.9920335 ], [ 38.7976136, 8.9913002 ], [ 38.79654, 8.9900417 ], [ 38.7963452, 8.9891736 ], [ 38.7942992, 8.9887271 ], [ 38.7933953, 8.9891541 ], [ 38.7920318, 8.9875297 ], [ 38.791375, 8.9871117 ], [ 38.789819799999989, 8.986366 ], [ 38.788826, 8.985809 ], [ 38.7868774, 8.9866064 ], [ 38.7863919, 8.9875443 ], [ 38.7860875, 8.9884662 ], [ 38.7852007, 8.9903643 ], [ 38.7838371, 8.9909241 ], [ 38.7821462, 8.9917529 ], [ 38.7831055, 8.9938415 ], [ 38.7831277, 8.9950529 ], [ 38.7831292, 8.9955145 ], [ 38.7831297, 8.9956881 ], [ 38.7849529, 8.9969014 ], [ 38.7856127, 8.9987552 ] ] ] } },
{ "type": "Feature", "properties": { "threshold_s": 600, "time_label": "10 min drive" }, "geometry": { "type": "Polygon", "coordinates": [ [ [ 38.7780823, 9.0053305 ], [ 38.7785178, 9.006465 ], [ 38.7793355, 9.0069961 ], [ 38.784106, 9.0088471 ], [ 38.788185, 9.0101975 ], [ 38.7882279, 9.0102038 ], [ 38.7914546, 9.0085485 ], [ 38.7922908, 9.0081306 ], [ 38.7980586, 9.0036796 ], [ 38.799074, 9.0038833 ], [ 38.8012192, 9.004282 ], [ 38.8016061, 9.0039712 ], [ 38.8021788, 9.0022232 ], [ 38.8024677, 9.0009613 ], [ 38.8039235, 8.9944224 ], [ 38.8052058, 8.9922609 ], [ 38.8062731, 8.9893109 ], [ 38.8035562, 8.9852867 ], [ 38.8021619, 8.9853275 ], [ 38.7996331, 8.9854045 ], [ 38.7971379, 8.9861223 ], [ 38.789819799999989, 8.986366 ], [ 38.788826, 8.985809 ], [ 38.7855757, 8.9849273 ], [ 38.7842988, 8.9845215 ], [ 38.7784405, 8.9816191 ], [ 38.7760235, 8.9862013 ], [ 38.7729333, 8.9927706 ], [ 38.7728371, 8.993451 ], [ 38.7725108, 8.9964014 ], [ 38.7779966, 8.9994625 ], [ 38.7787355, 9.0030202 ], [ 38.7780823, 9.0053305 ] ] ] } },
{ "type": "Feature", "properties": { "threshold_s": 900, "time_label": "15 min drive" }, "geometry": { "type": "Polygon", "coordinates": [ [ [ 38.7695029, 9.0107419 ], [ 38.773148, 9.0145762 ], [ 38.7732235, 9.0146348 ], [ 38.7741335, 9.0152535 ], [ 38.7863688, 9.0207494 ], [ 38.7904462, 9.020033 ], [ 38.794452, 9.0163865 ], [ 38.8032581, 9.015064 ], [ 38.8061391, 9.0126899 ], [ 38.8080794, 9.0104469 ], [ 38.8081708, 9.0103281 ], [ 38.8084044, 9.0099647 ], [ 38.8084584, 9.0098803 ], [ 38.8105237, 9.0032667 ], [ 38.8153417, 8.9945278 ], [ 38.8179626, 8.9911075 ], [ 38.8178219, 8.987936 ], [ 38.8175372, 8.9873423 ], [ 38.8172293, 8.987135 ], [ 38.8066972, 8.9860036 ], [ 38.8035562, 8.9852867 ], [ 38.8021619, 8.9853275 ], [ 38.7996331, 8.9854045 ], [ 38.7899075, 8.9859732 ], [ 38.7880106, 8.9854871 ], [ 38.7855757, 8.9849273 ], [ 38.7777914, 8.9763594 ], [ 38.7756114, 8.9726492 ], [ 38.774991, 8.9719637 ], [ 38.7676058, 8.9774758 ], [ 38.76561, 8.9836625 ], [ 38.764379, 8.9877536 ], [ 38.7640184, 8.9969784 ], [ 38.7654833, 9.001129 ], [ 38.7692515, 9.0104413 ], [ 38.7695029, 9.0107419 ] ] ] } },
{ "type": "Feature", "properties": { "threshold_s": 300, "time_label": "5 min drive" }, "geometry": { "type": "Polygon", "coordinates": [ [ [ 38.780888, 8.8712184 ], [ 38.7811509, 8.8715033 ], [ 38.7822479, 8.8708858 ], [ 38.7837177, 8.8714079 ], [ 38.7849167, 8.8720943 ], [ 38.7865558, 8.8712502 ], [ 38.7876252, 8.8719989 ], [ 38.7886957, 8.8740127 ], [ 38.7885051, 8.8745339 ], [ 38.787232, 8.8762251 ], [ 38.7891117, 8.8755951 ], [ 38.7899096, 8.875391 ], [ 38.7901014, 8.8750384 ], [ 38.7914184, 8.8734101 ], [ 38.7932409, 8.8738553 ], [ 38.794414, 8.8723742 ], [ 38.7945242, 8.8720429 ], [ 38.7958109, 8.8701605 ], [ 38.7958733, 8.8700458 ], [ 38.7959607, 8.8698158 ], [ 38.7961847, 8.8689963 ], [ 38.7958843, 8.8678573 ], [ 38.7958708, 8.8662324 ], [ 38.7959017, 8.8653601 ], [ 38.7956499, 8.8646098 ], [ 38.7950132, 8.862824 ], [ 38.7958226, 8.8612777 ], [ 38.7956222, 8.8603593 ], [ 38.7941613, 8.860551 ], [ 38.7929864, 8.8602613 ], [ 38.7914545, 8.8595862 ], [ 38.7908832, 8.8582534 ], [ 38.7902281, 8.8585334 ], [ 38.7899756, 8.8588097 ], [ 38.7889509, 8.8600568 ], [ 38.7877702, 8.8597095 ], [ 38.78732080000001, 8.8593039 ], [ 38.7868586, 8.8614592 ], [ 38.7856821, 8.8617568 ], [ 38.7852439, 8.8617282 ], [ 38.7841661, 8.8615218 ], [ 38.7839754, 8.8614291 ], [ 38.7835496, 8.8611377 ], [ 38.782484599999989, 8.8617957 ], [ 38.7822307, 8.8635385 ], [ 38.7823458, 8.8642578 ], [ 38.7821674, 8.8657512 ], [ 38.7806171, 8.8660652 ], [ 38.7814291, 8.867629 ], [ 38.77991440000001, 8.8683443 ], [ 38.7802491, 8.8695288 ], [ 38.780888, 8.8712184 ] ] ] } },
{ "type": "Feature", "properties": { "threshold_s": 600, "time_label": "10 min drive" }, "geometry": { "type": "Polygon", "coordinates": [ [ [ 38.7780548, 8.8802088 ], [ 38.7786681, 8.8810635 ], [ 38.7794059, 8.8815554 ], [ 38.7803934, 8.8811294 ], [ 38.7843939, 8.8836614 ], [ 38.7842911, 8.8855262 ], [ 38.7855839, 8.8858713 ], [ 38.7860608, 8.8858918 ], [ 38.7865004, 8.8858379 ], [ 38.7868808, 8.8849666 ], [ 38.7919757, 8.8842197 ], [ 38.7923162, 8.8846006 ], [ 38.792441, 8.8844337 ], [ 38.795449, 8.8810699 ], [ 38.7963174, 8.8804884 ], [ 38.8011561, 8.8787089 ], [ 38.8021982, 8.8784711 ], [ 38.8027601, 8.8783434 ], [ 38.805058699999989, 8.8764153 ], [ 38.8051084, 8.8728526 ], [ 38.805107, 8.8676593 ], [ 38.8052667, 8.8671664 ], [ 38.8042742, 8.8652066 ], [ 38.8039157, 8.8644746 ], [ 38.8030708, 8.8617675 ], [ 38.8021157, 8.8583197 ], [ 38.803862, 8.8551243 ], [ 38.8043882, 8.8538504 ], [ 38.802383, 8.8549078 ], [ 38.797271, 8.8559494 ], [ 38.7943795, 8.8552338 ], [ 38.7902337, 8.8528086 ], [ 38.7858394, 8.8535129 ], [ 38.782649, 8.8554641 ], [ 38.7800407, 8.8580502 ], [ 38.7768864, 8.8606748 ], [ 38.7771423, 8.8609212 ], [ 38.7802722, 8.862418 ], [ 38.7806171, 8.8660652 ], [ 38.77991440000001, 8.8683443 ], [ 38.7788193, 8.8699389 ], [ 38.7808344, 8.8723937 ], [ 38.7803583, 8.8774289 ], [ 38.779733, 8.8775777 ], [ 38.7786087, 8.8779224 ], [ 38.7774463, 8.8782305 ], [ 38.7780548, 8.8802088 ] ] ] } },
{ "type": "Feature", "properties": { "threshold_s": 900, "time_label": "15 min drive" }, "geometry": { "type": "Polygon", "coordinates": [ [ [ 38.7706809, 8.8855235 ], [ 38.7750549, 8.8911342 ], [ 38.7770687, 8.8922262 ], [ 38.7832882, 8.8941488 ], [ 38.7849261, 8.8945215 ], [ 38.7863436, 8.8944844 ], [ 38.786703, 8.893923 ], [ 38.7870089, 8.8932018 ], [ 38.7873803, 8.8924811 ], [ 38.7875721, 8.8918364 ], [ 38.793219, 8.8875035 ], [ 38.7963925, 8.8898808 ], [ 38.7990632, 8.8925801 ], [ 38.801, 8.8919615 ], [ 38.8014109, 8.8892375 ], [ 38.7967285, 8.88545 ], [ 38.7974587, 8.8810145 ], [ 38.8021687, 8.8792217 ], [ 38.8048308, 8.8792495 ], [ 38.8057253, 8.8793277 ], [ 38.8092007, 8.8809197 ], [ 38.8135318, 8.8794589 ], [ 38.81435, 8.8785464 ], [ 38.8164662, 8.8761728 ], [ 38.8155314, 8.8719989 ], [ 38.8146502, 8.8648135 ], [ 38.8138443, 8.8640537 ], [ 38.8098102, 8.8582804 ], [ 38.8134956, 8.8527506 ], [ 38.8129672, 8.8504475 ], [ 38.8113366, 8.8485996 ], [ 38.8082787, 8.8497028 ], [ 38.800226, 8.8485094 ], [ 38.7967586, 8.8483962 ], [ 38.7915721, 8.8521695 ], [ 38.7866011, 8.8466523 ], [ 38.785933, 8.8444597 ], [ 38.781221, 8.8453 ], [ 38.7803194, 8.8475878 ], [ 38.7825108, 8.8509325 ], [ 38.7808323, 8.8568008 ], [ 38.7768864, 8.8606748 ], [ 38.7771423, 8.8609212 ], [ 38.77991440000001, 8.8683443 ], [ 38.7728602, 8.8704088 ], [ 38.7701659, 8.8697372 ], [ 38.7690203, 8.8696547 ], [ 38.7689914, 8.8696862 ], [ 38.7677211, 8.8753776 ], [ 38.7675665, 8.8785866 ], [ 38.7691569, 8.8821876 ], [ 38.7706809, 8.8855235 ] ] ] } },
{ "type": "Feature", "properties": { "threshold_s": 300, "time_label": "5 min drive" }, "geometry": { "type": "Polygon", "coordinates": [ [ [ 38.688207, 9.0083869 ], [ 38.6883806, 9.0099695 ], [ 38.6892277, 9.0097295 ], [ 38.6908959, 9.0102651 ], [ 38.6912446, 9.0108651 ], [ 38.6913841, 9.011809 ], [ 38.6923106, 9.0126828 ], [ 38.6922437, 9.0125076 ], [ 38.6933925, 9.0110953 ], [ 38.694985, 9.011591 ], [ 38.6952679, 9.0118294 ], [ 38.6971119, 9.0116241 ], [ 38.6976183, 9.0123277 ], [ 38.6977476, 9.0126559 ], [ 38.6980247, 9.01361 ], [ 38.6985531, 9.0126055 ], [ 38.6986072, 9.0111592 ], [ 38.6977408, 9.0106784 ], [ 38.696688, 9.0091714 ], [ 38.6965312, 9.0084514 ], [ 38.6966617, 9.0072982 ], [ 38.6973365, 9.0066731 ], [ 38.698836, 9.0076114 ], [ 38.6988456, 9.0077801 ], [ 38.6988628, 9.0078663 ], [ 38.6991502, 9.0081831 ], [ 38.6998334, 9.0093207 ], [ 38.7000992, 9.0096206 ], [ 38.700664, 9.0096615 ], [ 38.7015885, 9.0091326 ], [ 38.7024388, 9.0079749 ], [ 38.7026158, 9.0063748 ], [ 38.7024623, 9.0058755 ], [ 38.7024263, 9.0044987 ], [ 38.7014732, 9.0041853 ], [ 38.7005766, 9.003427 ], [ 38.6997807, 9.0023322 ], [ 38.6995661, 9.0010156 ], [ 38.6986305, 9.0005729 ], [ 38.6982033, 8.9996713 ], [ 38.6973761, 8.9989706 ], [ 38.6962507, 8.9989222 ], [ 38.6950257, 8.9975748 ], [ 38.6943839, 8.9976122 ], [ 38.6933791, 8.9987285 ], [ 38.6924145, 8.9984971 ], [ 38.6922561, 8.9985884 ], [ 38.6911987, 8.999768 ], [ 38.6903593, 9.0000015 ], [ 38.6888359, 9.00105 ], [ 38.6884674, 9.0014263 ], [ 38.688046, 9.0019693 ], [ 38.6877592, 9.0023775 ], [ 38.6871252, 9.0033413 ], [ 38.6864682, 9.0041245 ], [ 38.6864706, 9.0041784 ], [ 38.6873998, 9.0054541 ], [ 38.6878837, 9.0067524 ], [ 38.6880788, 9.0078643 ], [ 38.688207, 9.0083869 ] ] ] } },
{ "type": "Feature", "properties": { "threshold_s": 600, "time_label": "10 min drive" }, "geometry": { "type": "Polygon", "coordinates": [ [ [ 38.6825169, 9.0152514 ], [ 38.6834506, 9.0169113 ], [ 38.6844275, 9.0177838 ], [ 38.6865051, 9.0180547 ], [ 38.6883619, 9.017966 ], [ 38.691832, 9.0191965 ], [ 38.6926056, 9.0198047 ], [ 38.6937927, 9.0193183 ], [ 38.6972594, 9.0201276 ], [ 38.700698, 9.0204071 ], [ 38.7009367, 9.0202956 ], [ 38.7019546, 9.019362 ], [ 38.7056561, 9.0176607 ], [ 38.7065332, 9.0178891 ], [ 38.7076717, 9.0183726 ], [ 38.707085, 9.0170394 ], [ 38.7073994, 9.0130216 ], [ 38.7073418, 9.0125473 ], [ 38.7085623, 9.0086226 ], [ 38.7089727, 9.0084318 ], [ 38.7102614, 9.0078411 ], [ 38.7114443, 9.004792 ], [ 38.7103482, 9.0016301 ], [ 38.7090799, 9.0004964 ], [ 38.7078449, 8.9973824 ], [ 38.7089643, 8.9957541 ], [ 38.7084019, 8.9953616 ], [ 38.7054934, 8.9934763 ], [ 38.704952, 8.9933951 ], [ 38.7040264, 8.9932012 ], [ 38.7038872, 8.9931554 ], [ 38.7031495, 8.9931915 ], [ 38.7010377, 8.9895544 ], [ 38.7013111, 8.9891782 ], [ 38.6999748, 8.9892902 ], [ 38.6993902, 8.9893957 ], [ 38.6985261, 8.9898886 ], [ 38.6981825, 8.9903799 ], [ 38.698214299999989, 8.9909724 ], [ 38.6973627, 8.9942562 ], [ 38.6953475, 8.9964028 ], [ 38.6951727, 8.9964815 ], [ 38.6947912, 8.9966628 ], [ 38.6944625, 8.9968365 ], [ 38.6924145, 8.9984971 ], [ 38.6892435, 8.9957267 ], [ 38.6893353, 8.995361 ], [ 38.6895916, 8.9941912 ], [ 38.6907094, 8.9902955 ], [ 38.6912374, 8.9896405 ], [ 38.6908008, 8.9892631 ], [ 38.6886259, 8.9890962 ], [ 38.6878663, 8.9899579 ], [ 38.6847053, 8.9920338 ], [ 38.6835922, 8.9921169 ], [ 38.6829372, 8.9937034 ], [ 38.6825952, 8.9953672 ], [ 38.6823846, 8.9970603 ], [ 38.6796294, 9.0001409 ], [ 38.6782117, 9.0003824 ], [ 38.6768718, 9.0013588 ], [ 38.6767647, 9.0025998 ], [ 38.6767191, 9.0064448 ], [ 38.6767385, 9.0065964 ], [ 38.6779354, 9.0083988 ], [ 38.6788367, 9.0107684 ], [ 38.6796896, 9.0120731 ], [ 38.6825169, 9.0152514 ] ] ] } },
{ "type": "Feature", "properties": { "threshold_s": 900, "time_label": "15 min drive" }, "geometry": { "type": "Polygon", "coordinates": [ [ [ 38.6729647, 9.0179356 ], [ 38.673648, 9.0189493 ], [ 38.6770316, 9.022102 ], [ 38.6822884, 9.0222693 ], [ 38.6840469, 9.0225144 ], [ 38.6886603, 9.0249395 ], [ 38.6891158, 9.0251889 ], [ 38.6906075, 9.0251852 ], [ 38.6918318, 9.0250956 ], [ 38.6963119, 9.0265084 ], [ 38.6990364, 9.0272256 ], [ 38.6997827, 9.0270415 ], [ 38.699701, 9.0259823 ], [ 38.699715, 9.02457 ], [ 38.7041906, 9.0222231 ], [ 38.7052893, 9.0216845 ], [ 38.7062953, 9.0214743 ], [ 38.7074751, 9.020983 ], [ 38.7114282, 9.0244084 ], [ 38.7108492, 9.0261124 ], [ 38.7124558, 9.0269497 ], [ 38.7132615, 9.0265003 ], [ 38.715065, 9.0231544 ], [ 38.7155662, 9.021604 ], [ 38.7158288, 9.0208711 ], [ 38.7168232, 9.0167713 ], [ 38.7168198, 9.0166905 ], [ 38.7191807, 9.0122896 ], [ 38.7206711, 9.0118347 ], [ 38.7208454, 9.0114618 ], [ 38.7201735, 9.0095651 ], [ 38.7197471, 9.0087074 ], [ 38.7186832, 9.004024 ], [ 38.7187191, 9.0029892 ], [ 38.7187473, 9.0020037 ], [ 38.7182853, 9.0013301 ], [ 38.7178476, 9.0006727 ], [ 38.7166757, 8.9957944 ], [ 38.7176568, 8.9943401 ], [ 38.7174304, 8.9936497 ], [ 38.717408399999989, 8.9936023 ], [ 38.716511, 8.9933779 ], [ 38.7136137, 8.9922004 ], [ 38.710983400000011, 8.9917704 ], [ 38.7089454, 8.9888827 ], [ 38.7086718, 8.9871707 ], [ 38.7085155, 8.9870446 ], [ 38.7059584, 8.9856269 ], [ 38.7053044, 8.9852953 ], [ 38.7037356, 8.9846857 ], [ 38.7021218, 8.9840129 ], [ 38.6976645, 8.9813159 ], [ 38.6969832, 8.9812131 ], [ 38.6924254, 8.9801494 ], [ 38.6883732, 8.9808699 ], [ 38.6848073, 8.9829411 ], [ 38.6827319, 8.983527 ], [ 38.680615, 8.984279 ], [ 38.6786131, 8.9850607 ], [ 38.676705, 8.9858361 ], [ 38.6764026, 8.9871614 ], [ 38.6759285, 8.9885924 ], [ 38.6751344, 8.9908213 ], [ 38.6713314, 8.9932849 ], [ 38.6690964, 8.9943706 ], [ 38.667465, 8.9962422 ], [ 38.6671088, 8.9974859 ], [ 38.6668271, 9.0008023 ], [ 38.6681027, 9.0023807 ], [ 38.6666433, 9.0070039 ], [ 38.6668955, 9.0078498 ], [ 38.666921, 9.0079352 ], [ 38.6696997, 9.0084836 ], [ 38.6697642, 9.0127708 ], [ 38.6718347, 9.0146732 ], [ 38.6729647, 9.0179356 ] ] ] } },
{ "type": "Feature", "properties": { "threshold_s": 300, "time_label": "5 min drive" }, "geometry": { "type": "Polygon", "coordinates": [ [ [ 38.7745133, 9.0110996 ], [ 38.7745506, 9.0111448 ], [ 38.7747322, 9.0111996 ], [ 38.7782262, 9.0118166 ], [ 38.7816516, 9.0130261 ], [ 38.7844364, 9.0100156 ], [ 38.7864858, 9.0087789 ], [ 38.7870385, 9.0084513 ], [ 38.7880361, 9.0076636 ], [ 38.7892102, 9.0054675 ], [ 38.7881713, 9.0043853 ], [ 38.7880442, 9.0011082 ], [ 38.7873295, 8.9978484 ], [ 38.7866273, 8.9961126 ], [ 38.7836621, 8.9932839 ], [ 38.781175, 8.992913 ], [ 38.7785505, 8.9925918 ], [ 38.7779248, 8.992709 ], [ 38.7770092, 8.9949946 ], [ 38.777362, 8.9984848 ], [ 38.7779966, 8.9994625 ], [ 38.7772268, 9.0028263 ], [ 38.7757771, 9.0033548 ], [ 38.7728032, 9.0057086 ], [ 38.772547, 9.0061212 ], [ 38.7728627, 9.006647 ], [ 38.7734878, 9.0068822 ], [ 38.7745133, 9.0110996 ] ] ] } },
{ "type": "Feature", "properties": { "threshold_s": 600, "time_label": "10 min drive" }, "geometry": { "type": "Polygon", "coordinates": [ [ [ 38.7674265, 9.0166327 ], [ 38.7677259, 9.0197702 ], [ 38.7713573, 9.0204686 ], [ 38.7744601, 9.0203401 ], [ 38.7772229, 9.0183928 ], [ 38.7803991, 9.020821 ], [ 38.7806625, 9.023328 ], [ 38.780626, 9.0234549 ], [ 38.7807673, 9.0234956 ], [ 38.7811059, 9.0234327 ], [ 38.7854499, 9.0200894 ], [ 38.7865467, 9.0196378 ], [ 38.7893058, 9.018637 ], [ 38.7924931, 9.0146112 ], [ 38.7961516, 9.0125743 ], [ 38.7972149, 9.0094791 ], [ 38.7980086, 9.0070595 ], [ 38.7997138, 9.0024701 ], [ 38.7977966, 9.0017538 ], [ 38.7965052, 8.9969379 ], [ 38.7956395, 8.9945489 ], [ 38.7948366, 8.9914727 ], [ 38.7942992, 8.9887271 ], [ 38.7910533, 8.9875467 ], [ 38.7884371, 8.9870932 ], [ 38.7855757, 8.9849273 ], [ 38.7810382, 8.9833915 ], [ 38.7791983, 8.9832948 ], [ 38.7780844, 8.9833345 ], [ 38.7729578, 8.9832075 ], [ 38.7720865, 8.9839641 ], [ 38.7711194, 8.9883651 ], [ 38.7700921, 8.9906088 ], [ 38.7692598, 8.9946288 ], [ 38.76916880000001, 8.9967465 ], [ 38.7658497, 8.9998495 ], [ 38.7649984, 9.0009455 ], [ 38.7653709, 9.0022946 ], [ 38.7661556, 9.0073141 ], [ 38.764761, 9.0088177 ], [ 38.7636057, 9.0109899 ], [ 38.7658891, 9.0123181 ], [ 38.7674265, 9.0166327 ] ] ] } },
{ "type": "Feature", "properties": { "threshold_s": 900, "time_label": "15 min drive" }, "geometry": { "type": "Polygon", "coordinates": [ [ [ 38.7570594, 9.0187168 ], [ 38.7600498, 9.0221853 ], [ 38.7664952, 9.0274613 ], [ 38.7741301, 9.0305373 ], [ 38.7826556, 9.031201 ], [ 38.783986400000011, 9.0315834 ], [ 38.7859405, 9.0306672 ], [ 38.7867588, 9.0301967 ], [ 38.7884042, 9.0291921 ], [ 38.796299, 9.025302 ], [ 38.8019712, 9.0193152 ], [ 38.8030901, 9.0149569 ], [ 38.8034284, 9.0138029 ], [ 38.8071023, 9.0065099 ], [ 38.8088088, 9.0004855 ], [ 38.8081755, 8.9953317 ], [ 38.8026197, 8.990167 ], [ 38.8035396, 8.9855276 ], [ 38.8035562, 8.9852867 ], [ 38.8021619, 8.9853275 ], [ 38.7996331, 8.9854045 ], [ 38.7971379, 8.9861223 ], [ 38.788826, 8.985809 ], [ 38.7879749, 8.9856538 ], [ 38.7855757, 8.9849273 ], [ 38.7787516, 8.9794447 ], [ 38.7777914, 8.9763594 ], [ 38.7774548, 8.9759568 ], [ 38.7773636, 8.975878 ], [ 38.7758334, 8.9749255 ], [ 38.77469210000001, 8.9744785 ], [ 38.766807300000011, 8.9766861 ], [ 38.7623163, 8.9809214 ], [ 38.7597554, 8.9876025 ], [ 38.7564481, 8.9956699 ], [ 38.7587616, 9.0011842 ], [ 38.7560328, 9.0070649 ], [ 38.7530544, 9.0114358 ], [ 38.7528261, 9.0118685 ], [ 38.7540627, 9.0143961 ], [ 38.7570594, 9.0187168 ] ] ] } },
{ "type": "Feature", "properties": { "threshold_s": 300, "time_label": "5 min drive" }, "geometry": { "type": "Polygon", "coordinates": [ [ [ 38.7748148, 8.9924547 ], [ 38.7749201, 8.9927977 ], [ 38.7762939, 8.9929173 ], [ 38.7770756, 8.992736 ], [ 38.7785183, 8.9945482 ], [ 38.7777683, 8.9954023 ], [ 38.7788648, 8.9968111 ], [ 38.7789746, 8.9967504 ], [ 38.7790627, 8.9966107 ], [ 38.7798823, 8.9953285 ], [ 38.7807734, 8.9938303 ], [ 38.7821728, 8.9934872 ], [ 38.7816924, 8.991925 ], [ 38.7836118, 8.9910161 ], [ 38.7839075, 8.9910649 ], [ 38.7836802, 8.989196 ], [ 38.7838559, 8.9877536 ], [ 38.7836695, 8.9865256 ], [ 38.7833409, 8.9852553 ], [ 38.7829895, 8.9840922 ], [ 38.7824454, 8.9839019 ], [ 38.781234, 8.9834683 ], [ 38.7810382, 8.9833915 ], [ 38.779409, 8.9827553 ], [ 38.7784405, 8.9816191 ], [ 38.7767255, 8.9817067 ], [ 38.7745827, 8.9810718 ], [ 38.7735675, 8.9810875 ], [ 38.7729625, 8.9812058 ], [ 38.7715463, 8.9817195 ], [ 38.7712331, 8.9818397 ], [ 38.7711213, 8.982576 ], [ 38.7715331, 8.9839103 ], [ 38.7716746, 8.9853959 ], [ 38.7722833, 8.9859244 ], [ 38.7729728, 8.9865826 ], [ 38.7743314, 8.986221 ], [ 38.775293, 8.9867802 ], [ 38.7750361, 8.9888151 ], [ 38.7750877, 8.9907234 ], [ 38.7746143, 8.9916626 ], [ 38.7748148, 8.9924547 ] ] ] } },
{ "type": "Feature", "properties": { "threshold_s": 600, "time_label": "10 min drive" }, "geometry": { "type": "Polygon", "coordinates": [ [ [ 38.7669118, 8.9994525 ], [ 38.7670242, 9.0003609 ], [ 38.7703282, 9.0011176 ], [ 38.773622, 9.0018561 ], [ 38.7785178, 9.006465 ], [ 38.7793227, 9.0073006 ], [ 38.7810148, 9.0078206 ], [ 38.7831612, 9.0062702 ], [ 38.7841033, 9.0045257 ], [ 38.7859947, 9.0008023 ], [ 38.7862933, 9.0000274 ], [ 38.7909826, 8.9959325 ], [ 38.7918435, 8.9923162 ], [ 38.7920318, 8.9875297 ], [ 38.791375, 8.9871117 ], [ 38.788826, 8.985809 ], [ 38.7880106, 8.9854871 ], [ 38.7855757, 8.9849273 ], [ 38.7842988, 8.9845215 ], [ 38.7829895, 8.9840922 ], [ 38.7787516, 8.9794447 ], [ 38.7777914, 8.9763594 ], [ 38.7756114, 8.9726492 ], [ 38.774991, 8.9719637 ], [ 38.7727569, 8.9732909 ], [ 38.7716331, 8.9744487 ], [ 38.7654038, 8.974453 ], [ 38.7656192, 8.9764999 ], [ 38.7619338, 8.9808051 ], [ 38.7614384, 8.9810966 ], [ 38.7615543, 8.9853726 ], [ 38.7622147, 8.9858887 ], [ 38.764379, 8.9877536 ], [ 38.7665689, 8.9939808 ], [ 38.7664925, 8.9943395 ], [ 38.7666297, 8.9961166 ], [ 38.7666719, 8.9967811 ], [ 38.766689, 8.9969817 ], [ 38.7669118, 8.9994525 ] ] ] } },
{ "type": "Feature", "properties": { "threshold_s": 900, "time_label": "15 min drive" }, "geometry": { "type": "Polygon", "coordinates": [ [ [ 38.7588747, 9.0040341 ], [ 38.7602373, 9.0063444 ], [ 38.7636137, 9.009863 ], [ 38.7637196, 9.0099547 ], [ 38.7654659, 9.0106243 ], [ 38.7693993, 9.0107478 ], [ 38.7720471, 9.0162575 ], [ 38.7721413, 9.0163029 ], [ 38.7741335, 9.0152535 ], [ 38.7793668, 9.0132882 ], [ 38.7819307, 9.0165447 ], [ 38.7821732, 9.018387 ], [ 38.782235, 9.0183828 ], [ 38.7857985, 9.0153244 ], [ 38.789982, 9.0113729 ], [ 38.7914267, 9.009869 ], [ 38.7946479, 9.0046967 ], [ 38.7946308, 9.0046325 ], [ 38.7946719, 8.9978068 ], [ 38.7965052, 8.9969379 ], [ 38.797957, 8.9920335 ], [ 38.8021714, 8.9855567 ], [ 38.8021619, 8.9853275 ], [ 38.7996331, 8.9854045 ], [ 38.7971379, 8.9861223 ], [ 38.7899075, 8.9859732 ], [ 38.7880106, 8.9854871 ], [ 38.7855757, 8.9849273 ], [ 38.7842988, 8.9845215 ], [ 38.7787516, 8.9794447 ], [ 38.7777914, 8.9763594 ], [ 38.7773623, 8.9752898 ], [ 38.7759295, 8.9724099 ], [ 38.7804589, 8.9680504 ], [ 38.7828796, 8.9680649 ], [ 38.7828581, 8.9679775 ], [ 38.7775834, 8.9635925 ], [ 38.7726275, 8.964449 ], [ 38.7667336, 8.9635847 ], [ 38.7663074, 8.9636459 ], [ 38.764265, 8.9652406 ], [ 38.7627354, 8.9676055 ], [ 38.7609422, 8.9727954 ], [ 38.7607317, 8.9735508 ], [ 38.7606675, 8.9737722 ], [ 38.754542, 8.9783302 ], [ 38.7527538, 8.9800289 ], [ 38.7509263, 8.9846932 ], [ 38.7532448, 8.9890109 ], [ 38.7544392, 8.9918386 ], [ 38.7551761, 8.9935003 ], [ 38.7561431, 8.9956094 ], [ 38.7587985, 9.0020734 ], [ 38.7588747, 9.0040341 ] ] ] } },
{ "type": "Feature", "properties": { "threshold_s": 300, "time_label": "5 min drive" }, "geometry": { "type": "Polygon", "coordinates": [ [ [ 38.7638895, 9.0199177 ], [ 38.7650922, 9.0223314 ], [ 38.7664473, 9.0226405 ], [ 38.766175, 9.0194163 ], [ 38.7666902, 9.0194705 ], [ 38.7676275, 9.0197284 ], [ 38.7677259, 9.0197702 ], [ 38.7686595, 9.0207369 ], [ 38.7683945, 9.0192425 ], [ 38.7704765, 9.0188531 ], [ 38.7708838, 9.0203264 ], [ 38.7713573, 9.0204686 ], [ 38.7723687, 9.02177 ], [ 38.7717222, 9.0232818 ], [ 38.7707329, 9.0240985 ], [ 38.7735011, 9.024124 ], [ 38.7745991, 9.0233237 ], [ 38.7763746, 9.0235218 ], [ 38.7766007, 9.0235376 ], [ 38.7766472, 9.0235001 ], [ 38.7766447, 9.0232281 ], [ 38.776509, 9.0228451 ], [ 38.7764838, 9.0227621 ], [ 38.7757073, 9.021581 ], [ 38.7766172, 9.0204548 ], [ 38.7776519, 9.0186828 ], [ 38.7777329, 9.0171839 ], [ 38.7767685, 9.0159505 ], [ 38.7759064, 9.0164735 ], [ 38.7741335, 9.0152535 ], [ 38.7732235, 9.0146348 ], [ 38.7742634, 9.0124589 ], [ 38.7743465, 9.0124832 ], [ 38.7756928, 9.012622 ], [ 38.774881, 9.0108722 ], [ 38.7748415, 9.0108268 ], [ 38.7746584, 9.0107774 ], [ 38.7738585, 9.0107737 ], [ 38.7732789, 9.0121882 ], [ 38.773148, 9.0145762 ], [ 38.7712012, 9.0155134 ], [ 38.7699102, 9.014068 ], [ 38.7698139, 9.0132732 ], [ 38.7695735, 9.0120323 ], [ 38.769581, 9.011501 ], [ 38.7695029, 9.0107419 ], [ 38.7692515, 9.0104413 ], [ 38.768797, 9.0113452 ], [ 38.7672256, 9.0115334 ], [ 38.767167, 9.0123421 ], [ 38.7683696, 9.0132238 ], [ 38.7684856, 9.0141974 ], [ 38.7684944, 9.0142876 ], [ 38.7686282, 9.015342 ], [ 38.7674265, 9.0166327 ], [ 38.7663692, 9.0156361 ], [ 38.766101, 9.0156017 ], [ 38.7654814, 9.0154268 ], [ 38.7649382, 9.0162277 ], [ 38.7631065, 9.0171496 ], [ 38.7629355, 9.0171841 ], [ 38.7629595, 9.017323 ], [ 38.7636571, 9.0176742 ], [ 38.7638895, 9.0199177 ] ] ] } },
{ "type": "Feature", "properties": { "threshold_s": 600, "time_label": "10 min drive" }, "geometry": { "type": "Polygon", "coordinates": [ [ [ 38.7631958, 9.029803 ], [ 38.76348, 9.0308291 ], [ 38.7636394, 9.0308323 ], [ 38.7668135, 9.0296198 ], [ 38.7713409, 9.0329295 ], [ 38.7725072, 9.0345694 ], [ 38.7762109, 9.0324478 ], [ 38.7802271, 9.0305908 ], [ 38.7847756, 9.0284891 ], [ 38.7852752, 9.028258 ], [ 38.7872123, 9.0231976 ], [ 38.7876736, 9.021887 ], [ 38.7874637, 9.0209639 ], [ 38.785699, 9.0179732 ], [ 38.7848288, 9.0151578 ], [ 38.7846189, 9.0145445 ], [ 38.7828936, 9.0091551 ], [ 38.781468, 9.0045317 ], [ 38.7816243, 9.0021541 ], [ 38.7772268, 9.0028263 ], [ 38.7727683, 9.0030296 ], [ 38.76827990000001, 9.0036892 ], [ 38.7636775, 9.0067988 ], [ 38.7627101, 9.0070834 ], [ 38.7591779, 9.0112723 ], [ 38.7576903, 9.0118964 ], [ 38.7555162, 9.0160017 ], [ 38.7525413, 9.017134 ], [ 38.752169, 9.0172379 ], [ 38.7555976, 9.0217609 ], [ 38.7602254, 9.0222978 ], [ 38.7614021, 9.0232701 ], [ 38.7616201, 9.0233396 ], [ 38.7650922, 9.0223314 ], [ 38.7673037, 9.0253571 ], [ 38.7664952, 9.0274613 ], [ 38.7633917, 9.0291295 ], [ 38.7631958, 9.029803 ] ] ] } },
{ "type": "Feature", "properties": { "threshold_s": 900, "time_label": "15 min drive" }, "geometry": { "type": "Polygon", "coordinates": [ [ [ 38.7433939, 9.0207669 ], [ 38.7463807, 9.0263647 ], [ 38.7518743, 9.0302856 ], [ 38.7540847, 9.0327214 ], [ 38.7579791, 9.0380662 ], [ 38.7620077, 9.0410376 ], [ 38.7674857, 9.0414061 ], [ 38.7738169, 9.044023 ], [ 38.774515, 9.0434651 ], [ 38.776106, 9.0423418 ], [ 38.7821976, 9.0400112 ], [ 38.7878439, 9.0355234 ], [ 38.7933345, 9.0314512 ], [ 38.7943505, 9.0307929 ], [ 38.7956097, 9.0284567 ], [ 38.7963524, 9.0252368 ], [ 38.7992964, 9.0204626 ], [ 38.797182, 9.0184257 ], [ 38.7945083, 9.014418 ], [ 38.7925181, 9.0080703 ], [ 38.7917389, 9.0056483 ], [ 38.79043, 8.9986976 ], [ 38.790482, 8.9965207 ], [ 38.7891596, 8.9951631 ], [ 38.7886913, 8.9948075 ], [ 38.7830847, 8.9921255 ], [ 38.7816045, 8.9919559 ], [ 38.7748148, 8.9924547 ], [ 38.7737218, 8.9925375 ], [ 38.76639740000001, 8.9933522 ], [ 38.7632901, 8.995034 ], [ 38.7619851, 8.9958804 ], [ 38.7568953, 8.999106 ], [ 38.7546147, 9.0000944 ], [ 38.7510204, 9.0034457 ], [ 38.7503561, 9.0048554 ], [ 38.7461556, 9.0104021 ], [ 38.7440647, 9.0101702 ], [ 38.7410143, 9.0162401 ], [ 38.7433939, 9.0207669 ] ] ] } },
{ "type": "Feature", "properties": { "threshold_s": 300, "time_label": "5 min drive" }, "geometry": { "type": "Polygon", "coordinates": [ [ [ 38.7808029, 8.9921666 ], [ 38.781175, 8.992913 ], [ 38.7828373, 8.9930964 ], [ 38.7834713, 8.9922552 ], [ 38.7855384, 8.9920264 ], [ 38.7860104, 8.9923858 ], [ 38.7873682, 8.9940098 ], [ 38.7880334, 8.9933872 ], [ 38.7899619, 8.994329 ], [ 38.790229, 8.9920772 ], [ 38.7917543, 8.9922639 ], [ 38.7918435, 8.9923162 ], [ 38.7939993, 8.9922093 ], [ 38.7952184, 8.9928401 ], [ 38.7960664, 8.9913021 ], [ 38.7960656, 8.9910328 ], [ 38.7941338, 8.9900363 ], [ 38.7942992, 8.9887271 ], [ 38.7933953, 8.9891541 ], [ 38.7920318, 8.9875297 ], [ 38.791375, 8.9871117 ], [ 38.789819799999989, 8.986366 ], [ 38.788826, 8.985809 ], [ 38.7879749, 8.9856538 ], [ 38.7868774, 8.9866064 ], [ 38.7855757, 8.9849273 ], [ 38.7842988, 8.9845215 ], [ 38.7824454, 8.9839019 ], [ 38.7810382, 8.9833915 ], [ 38.7807418, 8.9854474 ], [ 38.7805548, 8.9870377 ], [ 38.7802939, 8.9890597 ], [ 38.78009, 8.9905694 ], [ 38.7808029, 8.9921666 ] ] ] } },
{ "type": "Feature", "properties": { "threshold_s": 600, "time_label": "10 min drive" }, "geometry": { "type": "Polygon", "coordinates": [ [ [ 38.7711804, 8.9944005 ], [ 38.7715868, 8.9980293 ], [ 38.7779966, 8.9994625 ], [ 38.7792411, 9.0026554 ], [ 38.7800881, 9.0034661 ], [ 38.7882641, 9.0032555 ], [ 38.7920983, 8.9987684 ], [ 38.792624, 8.9985777 ], [ 38.7997424, 9.0025671 ], [ 38.8001074, 9.0025819 ], [ 38.8004373, 9.0013812 ], [ 38.8007767, 9.0000299 ], [ 38.8007558, 8.9987956 ], [ 38.8027192, 8.9920103 ], [ 38.8042489, 8.9901749 ], [ 38.8035562, 8.9852867 ], [ 38.8021619, 8.9853275 ], [ 38.7996331, 8.9854045 ], [ 38.7971379, 8.9861223 ], [ 38.788826, 8.985809 ], [ 38.7879749, 8.9856538 ], [ 38.7855757, 8.9849273 ], [ 38.7842988, 8.9845215 ], [ 38.7787516, 8.9794447 ], [ 38.7777914, 8.9763594 ], [ 38.7774548, 8.9759568 ], [ 38.7773636, 8.975878 ], [ 38.7730839, 8.9782915 ], [ 38.7708268, 8.9803929 ], [ 38.7713633, 8.9819561 ], [ 38.7716796, 8.9831654 ], [ 38.7722754, 8.990528 ], [ 38.7717135, 8.9915076 ], [ 38.7711804, 8.9944005 ] ] ] } },
{ "type": "Feature", "properties": { "threshold_s": 900, "time_label": "15 min drive" }, "geometry": { "type": "Polygon", "coordinates": [ [ [ 38.7642637, 9.0025648 ], [ 38.7661556, 9.0073141 ], [ 38.7744038, 9.0122967 ], [ 38.7817494, 9.0139229 ], [ 38.7874922, 9.0136376 ], [ 38.7904584, 9.0126092 ], [ 38.7998842, 9.0107714 ], [ 38.8040681, 9.0123412 ], [ 38.804167, 9.0123654 ], [ 38.8042417, 9.0123665 ], [ 38.8065782, 9.0089915 ], [ 38.8084397, 9.0045809 ], [ 38.8138274, 8.9928045 ], [ 38.8152255, 8.9912287 ], [ 38.8158322, 8.9903051 ], [ 38.8159713, 8.9887168 ], [ 38.8158998, 8.9886047 ], [ 38.8079529, 8.9863615 ], [ 38.8066972, 8.9860036 ], [ 38.8035562, 8.9852867 ], [ 38.8021619, 8.9853275 ], [ 38.7996331, 8.9854045 ], [ 38.7971379, 8.9861223 ], [ 38.7899075, 8.9859732 ], [ 38.7880106, 8.9854871 ], [ 38.7855757, 8.9849273 ], [ 38.7777914, 8.9763594 ], [ 38.7792846, 8.9680911 ], [ 38.7770206, 8.9660067 ], [ 38.7748945, 8.9656073 ], [ 38.7645882, 8.9715171 ], [ 38.7640962, 8.9718863 ], [ 38.7639284, 8.9720178 ], [ 38.7628793, 8.9728562 ], [ 38.7628641, 8.9729065 ], [ 38.7623163, 8.9809214 ], [ 38.7624171, 8.9845817 ], [ 38.7624092, 8.9944189 ], [ 38.762479, 8.9967163 ], [ 38.7642637, 9.0025648 ] ] ] } },
{ "type": "Feature", "properties": { "threshold_s": 300, "time_label": "5 min drive" }, "geometry": { "type": "Polygon", "coordinates": [ [ [ 38.7791942, 8.9979054 ], [ 38.7793511, 8.9981399 ], [ 38.7806393, 8.9975317 ], [ 38.7817443, 8.9986419 ], [ 38.7812856, 8.9996232 ], [ 38.7820454, 9.000199 ], [ 38.783090799999989, 9.0006189 ], [ 38.7842683, 9.0014401 ], [ 38.7849438, 9.0016705 ], [ 38.7865212, 9.0017309 ], [ 38.7872227, 9.002121 ], [ 38.7877479, 9.002645 ], [ 38.7879201, 9.0024097 ], [ 38.7882698, 9.0017096 ], [ 38.7889105, 9.0000486 ], [ 38.7897293, 8.9996859 ], [ 38.7913789, 8.9990156 ], [ 38.7920983, 8.9987684 ], [ 38.792624, 8.9985777 ], [ 38.7934448, 8.9976551 ], [ 38.7937863, 8.9969911 ], [ 38.7939551, 8.9958391 ], [ 38.7943467, 8.9950463 ], [ 38.7943037, 8.9941335 ], [ 38.7933804, 8.9941166 ], [ 38.792913, 8.9938197 ], [ 38.7924798, 8.9935091 ], [ 38.793028, 8.9918786 ], [ 38.7936797, 8.9917278 ], [ 38.7932496, 8.9902193 ], [ 38.7935246, 8.9897445 ], [ 38.7924159, 8.9898914 ], [ 38.7916591, 8.9890332 ], [ 38.7908448, 8.9901828 ], [ 38.7905229, 8.9906157 ], [ 38.7897353, 8.991741 ], [ 38.7881416, 8.9909852 ], [ 38.7879873, 8.9904466 ], [ 38.788588, 8.989031 ], [ 38.7876549, 8.9893973 ], [ 38.7866521, 8.9898008 ], [ 38.7852551, 8.9888688 ], [ 38.7844916, 8.9891908 ], [ 38.7840535, 8.99066 ], [ 38.7823858, 8.9901732 ], [ 38.7822305, 8.9904055 ], [ 38.7816987, 8.9917573 ], [ 38.7808029, 8.9921666 ], [ 38.7804589, 8.9928799 ], [ 38.7805353, 8.9943244 ], [ 38.7798823, 8.9953285 ], [ 38.7794371, 8.9957638 ], [ 38.779685, 8.9965742 ], [ 38.7791942, 8.9979054 ] ] ] } },
{ "type": "Feature", "properties": { "threshold_s": 600, "time_label": "10 min drive" }, "geometry": { "type": "Polygon", "coordinates": [ [ [ 38.7747833, 9.0070232 ], [ 38.7754892, 9.0093199 ], [ 38.7811587, 9.0112123 ], [ 38.7874922, 9.0136376 ], [ 38.7938893, 9.010515 ], [ 38.797055, 9.0051511 ], [ 38.7981365, 8.9992974 ], [ 38.797341, 8.9927148 ], [ 38.797957, 8.9920335 ], [ 38.7992705, 8.9883311 ], [ 38.8021714, 8.9855567 ], [ 38.8021619, 8.9853275 ], [ 38.7996331, 8.9854045 ], [ 38.7971379, 8.9861223 ], [ 38.791375, 8.9871117 ], [ 38.789819799999989, 8.986366 ], [ 38.788826, 8.985809 ], [ 38.7855757, 8.9849273 ], [ 38.7842988, 8.9845215 ], [ 38.7829895, 8.9840922 ], [ 38.7782983, 8.982017 ], [ 38.7751045, 8.982492 ], [ 38.7745166, 8.984983 ], [ 38.7719503, 8.9903067 ], [ 38.7713957, 8.9920023 ], [ 38.7708546, 8.9939276 ], [ 38.7712938, 8.9985856 ], [ 38.7725222, 8.9981068 ], [ 38.7779966, 8.9994625 ], [ 38.7767098, 9.0045986 ], [ 38.7747095, 9.005959 ], [ 38.7747833, 9.0070232 ] ] ] } },
{ "type": "Feature", "properties": { "threshold_s": 900, "time_label": "15 min drive" }, "geometry": { "type": "Polygon", "coordinates": [ [ [ 38.7687544, 9.0164593 ], [ 38.7704765, 9.0188531 ], [ 38.7705715, 9.0188369 ], [ 38.7743481, 9.0183679 ], [ 38.7828895, 9.0215465 ], [ 38.7863054, 9.0242298 ], [ 38.7933946, 9.0212397 ], [ 38.799423, 9.0175115 ], [ 38.8019264, 9.0141726 ], [ 38.805089, 9.0074997 ], [ 38.8065916, 9.0016652 ], [ 38.8099637, 8.9923217 ], [ 38.8127899, 8.9893411 ], [ 38.8097735, 8.9869675 ], [ 38.8079529, 8.9863615 ], [ 38.8066972, 8.9860036 ], [ 38.8035562, 8.9852867 ], [ 38.8021619, 8.9853275 ], [ 38.7996331, 8.9854045 ], [ 38.7971379, 8.9861223 ], [ 38.7880106, 8.9854871 ], [ 38.7855757, 8.9849273 ], [ 38.7787516, 8.9794447 ], [ 38.7777914, 8.9763594 ], [ 38.7756114, 8.9726492 ], [ 38.7750388, 8.9724298 ], [ 38.766807300000011, 8.9766861 ], [ 38.763834, 8.9819059 ], [ 38.7621897, 8.9874769 ], [ 38.7621897, 8.9875462 ], [ 38.7622938, 8.9937159 ], [ 38.762479, 8.9967163 ], [ 38.7627134, 8.9985823 ], [ 38.7632006, 9.0023557 ], [ 38.7672256, 9.0115334 ], [ 38.7687544, 9.0164593 ] ] ] } },
{ "type": "Feature", "properties": { "threshold_s": 300, "time_label": "5 min drive" }, "geometry": { "type": "Polygon", "coordinates": [ [ [ 38.763461, 8.9019748 ], [ 38.7649173, 8.903721 ], [ 38.766197, 8.9047041 ], [ 38.7663694, 8.9047697 ], [ 38.7692585, 8.9041634 ], [ 38.7713769, 8.9057731 ], [ 38.7714292, 8.9048853 ], [ 38.771328, 8.9031716 ], [ 38.7719249, 8.9016463 ], [ 38.7722479, 8.9011311 ], [ 38.774598, 8.89969 ], [ 38.775254, 8.8995869 ], [ 38.7760148, 8.8995025 ], [ 38.777892, 8.899718 ], [ 38.7787346, 8.8999228 ], [ 38.7790363, 8.8998086 ], [ 38.7790239, 8.8989217 ], [ 38.7800203, 8.8969528 ], [ 38.7786306, 8.895075 ], [ 38.7785196, 8.8938551 ], [ 38.778047, 8.8932124 ], [ 38.7770925, 8.8908579 ], [ 38.7757639, 8.8889009 ], [ 38.7742881, 8.8884289 ], [ 38.7721453, 8.8879755 ], [ 38.7672735, 8.8898926 ], [ 38.76739280000001, 8.8899622 ], [ 38.7691574, 8.8917298 ], [ 38.7704194, 8.8941161 ], [ 38.7706802, 8.8955247 ], [ 38.7708232, 8.8971105 ], [ 38.7692171, 8.8984296 ], [ 38.7671323, 8.8974119 ], [ 38.7667045, 8.8969462 ], [ 38.7662753, 8.8964056 ], [ 38.7641827, 8.8961376 ], [ 38.7638575, 8.8980111 ], [ 38.76348, 8.89906 ], [ 38.763461, 8.9019748 ] ] ] } },
{ "type": "Feature", "properties": { "threshold_s": 600, "time_label": "10 min drive" }, "geometry": { "type": "Polygon", "coordinates": [ [ [ 38.7614514, 8.9114689 ], [ 38.7622749, 8.9147088 ], [ 38.7648367, 8.9154317 ], [ 38.7686089, 8.9152131 ], [ 38.7697494, 8.9147385 ], [ 38.7704821, 8.9142285 ], [ 38.7738276, 8.9124545 ], [ 38.7770686, 8.9112119 ], [ 38.7769419, 8.9105477 ], [ 38.7765561, 8.9099349 ], [ 38.7759864, 8.9067897 ], [ 38.7771709, 8.9037201 ], [ 38.7786913, 8.9035796 ], [ 38.7801664, 8.9033754 ], [ 38.7825369, 8.906303 ], [ 38.7827267, 8.9066475 ], [ 38.7837794, 8.9068078 ], [ 38.7849782, 8.9059148 ], [ 38.7855189, 8.9036041 ], [ 38.7855787, 8.9005542 ], [ 38.7862068, 8.8980859 ], [ 38.7889497, 8.8955886 ], [ 38.7894606, 8.8953213 ], [ 38.7897252, 8.8951883 ], [ 38.7899805, 8.89506 ], [ 38.7903106, 8.8942592 ], [ 38.789807, 8.8933591 ], [ 38.7888485, 8.8925805 ], [ 38.7870108, 8.8918437 ], [ 38.786058, 8.8890811 ], [ 38.7869233, 8.8874147 ], [ 38.7877156, 8.8866087 ], [ 38.7872502, 8.8844257 ], [ 38.7867614, 8.8834541 ], [ 38.7847693, 8.8815397 ], [ 38.784264899999989, 8.8812662 ], [ 38.7815131, 8.8808859 ], [ 38.7803621, 8.8782421 ], [ 38.7803583, 8.8774289 ], [ 38.7799341, 8.8772167 ], [ 38.7768459, 8.8779065 ], [ 38.7752531, 8.8785258 ], [ 38.7735763, 8.8793847 ], [ 38.7700063, 8.8802605 ], [ 38.7667063, 8.8812162 ], [ 38.7644756, 8.8813258 ], [ 38.7636719, 8.8818486 ], [ 38.7630406, 8.8847033 ], [ 38.7614854, 8.8864608 ], [ 38.7583655, 8.8871586 ], [ 38.757982, 8.8872116 ], [ 38.75567310000001, 8.8901211 ], [ 38.7550101, 8.8909785 ], [ 38.7546292, 8.8938935 ], [ 38.7553668, 8.8948766 ], [ 38.7556278, 8.8980868 ], [ 38.7552514, 8.8987535 ], [ 38.754251, 8.9005051 ], [ 38.7541857, 8.9036917 ], [ 38.7554542, 8.9046833 ], [ 38.7574926, 8.9077659 ], [ 38.757576899999989, 8.9088668 ], [ 38.7600915, 8.9094193 ], [ 38.7614514, 8.9114689 ] ] ] } },
{ "type": "Feature", "properties": { "threshold_s": 900, "time_label": "15 min drive" }, "geometry": { "type": "Polygon", "coordinates": [ [ [ 38.7487391, 8.9105984 ], [ 38.750162, 8.914234 ], [ 38.7508801, 8.9140922 ], [ 38.7522289, 8.9133372 ], [ 38.7559028, 8.9178419 ], [ 38.7547821, 8.9190686 ], [ 38.7589952, 8.9234564 ], [ 38.7644447, 8.9241004 ], [ 38.766051, 8.9251588 ], [ 38.768427, 8.9210203 ], [ 38.7741182, 8.9218004 ], [ 38.7722459, 8.9188675 ], [ 38.774351, 8.9149169 ], [ 38.777513, 8.9152183 ], [ 38.7805134, 8.9159821 ], [ 38.7809593, 8.9160449 ], [ 38.7852955, 8.9144957 ], [ 38.7862642, 8.9142222 ], [ 38.7904456, 8.9114605 ], [ 38.789882, 8.9100642 ], [ 38.7888639, 8.9069062 ], [ 38.7875902, 8.9025621 ], [ 38.7862068, 8.8980859 ], [ 38.7880825, 8.895989 ], [ 38.7886786, 8.8957071 ], [ 38.7889497, 8.8955886 ], [ 38.7894606, 8.8953213 ], [ 38.7897252, 8.8951883 ], [ 38.7899805, 8.89506 ], [ 38.7927742, 8.8912038 ], [ 38.7875721, 8.8918364 ], [ 38.7877156, 8.8866087 ], [ 38.7872502, 8.8844257 ], [ 38.790831, 8.8799862 ], [ 38.7914259, 8.8798516 ], [ 38.7899976, 8.8762392 ], [ 38.7887263, 8.871256 ], [ 38.7876252, 8.8719989 ], [ 38.7835273, 8.8750637 ], [ 38.7795013, 8.8750597 ], [ 38.7745017, 8.8739069 ], [ 38.7748142, 8.8706076 ], [ 38.7734959, 8.8693355 ], [ 38.7719944, 8.868855 ], [ 38.7701659, 8.8697372 ], [ 38.7655381, 8.8729796 ], [ 38.7639394, 8.8747855 ], [ 38.7625017, 8.8764114 ], [ 38.7622377, 8.8767057 ], [ 38.7610233, 8.8780591 ], [ 38.7594357, 8.8803996 ], [ 38.7570298, 8.8855354 ], [ 38.7541277, 8.8850964 ], [ 38.7534543, 8.8857183 ], [ 38.7532318, 8.8859409 ], [ 38.7524524, 8.8870235 ], [ 38.7522192, 8.8881828 ], [ 38.7504879, 8.8928521 ], [ 38.7517056, 8.8980247 ], [ 38.7478459, 8.899033 ], [ 38.7470903, 8.8987124 ], [ 38.746419, 8.9000601 ], [ 38.7461579, 8.9010112 ], [ 38.7465445, 8.9031009 ], [ 38.7487525, 8.9058565 ], [ 38.7483513, 8.9089845 ], [ 38.7487391, 8.9105984 ] ] ] } },
{ "type": "Feature", "properties": { "threshold_s": 300, "time_label": "5 min drive" }, "geometry": { "type": "Polygon", "coordinates": [ [ [ 38.7414803, 9.0373756 ], [ 38.7407971, 9.0398028 ], [ 38.7427163, 9.0408189 ], [ 38.7433966, 9.0401234 ], [ 38.7455821, 9.0385532 ], [ 38.748194, 9.0381923 ], [ 38.7489469, 9.0384551 ], [ 38.7498743, 9.0371227 ], [ 38.7522785, 9.0360923 ], [ 38.7525067, 9.0361058 ], [ 38.7526189, 9.0360384 ], [ 38.7526403, 9.0356299 ], [ 38.752205, 9.0354908 ], [ 38.7503308, 9.0339662 ], [ 38.7506356, 9.033264 ], [ 38.751755, 9.032577 ], [ 38.7518043, 9.0325728 ], [ 38.7527272, 9.0324999 ], [ 38.7529134, 9.0324932 ], [ 38.7540847, 9.0327214 ], [ 38.7548012, 9.0334679 ], [ 38.7547744, 9.0332696 ], [ 38.7545669, 9.0309762 ], [ 38.7549655, 9.03052 ], [ 38.75534, 9.028952 ], [ 38.7549855, 9.028112 ], [ 38.7526328, 9.0285574 ], [ 38.7519917, 9.0274854 ], [ 38.7519896, 9.026877 ], [ 38.7516244, 9.0268449 ], [ 38.7514392, 9.0270313 ], [ 38.7502819, 9.0275903 ], [ 38.74809230000001, 9.0263485 ], [ 38.7477466, 9.0260289 ], [ 38.746891, 9.025917 ], [ 38.7449778, 9.0260597 ], [ 38.743319, 9.0248296 ], [ 38.7432164, 9.024764 ], [ 38.7421965, 9.0255991 ], [ 38.7401153, 9.0262136 ], [ 38.7395605, 9.0269898 ], [ 38.739742, 9.0284841 ], [ 38.7396277, 9.0298344 ], [ 38.7394966, 9.0315341 ], [ 38.7388659, 9.0341421 ], [ 38.7385034, 9.0342278 ], [ 38.7381544, 9.0343341 ], [ 38.7376407, 9.0344672 ], [ 38.7366399, 9.0346148 ], [ 38.7378734, 9.0365003 ], [ 38.7382503, 9.0365404 ], [ 38.7407925, 9.0364402 ], [ 38.7410243, 9.0368286 ], [ 38.7414803, 9.0373756 ] ] ] } },
{ "type": "Feature", "properties": { "threshold_s": 600, "time_label": "10 min drive" }, "geometry": { "type": "Polygon", "coordinates": [ [ [ 38.7300685, 9.0433154 ], [ 38.7321622, 9.0464676 ], [ 38.7346715, 9.0483513 ], [ 38.7387001, 9.0486656 ], [ 38.7425016, 9.049103 ], [ 38.7465743, 9.0484181 ], [ 38.7482093, 9.0480917 ], [ 38.7516554, 9.0472512 ], [ 38.755617, 9.0458933 ], [ 38.7573255, 9.0439475 ], [ 38.7570809, 9.04219 ], [ 38.7565413, 9.0397014 ], [ 38.7591688, 9.0370188 ], [ 38.7595774, 9.0367257 ], [ 38.7596169, 9.0366557 ], [ 38.7620102, 9.0334911 ], [ 38.7636485, 9.0328556 ], [ 38.7654192, 9.0307943 ], [ 38.7633917, 9.0291295 ], [ 38.7625209, 9.0267749 ], [ 38.7624111, 9.0266163 ], [ 38.76061330000001, 9.0273217 ], [ 38.7576048, 9.024946 ], [ 38.7575279, 9.0235574 ], [ 38.7565524, 9.0195638 ], [ 38.755531, 9.0174041 ], [ 38.7527738, 9.0154758 ], [ 38.7509495, 9.0150619 ], [ 38.7474466, 9.0166921 ], [ 38.7461063, 9.0153914 ], [ 38.74465, 9.0141566 ], [ 38.7445655, 9.0141566 ], [ 38.7414515, 9.0162607 ], [ 38.7400031, 9.0163513 ], [ 38.7386591, 9.0163766 ], [ 38.7381648, 9.0164064 ], [ 38.7380934, 9.0164119 ], [ 38.737064, 9.0170587 ], [ 38.7362461, 9.0176154 ], [ 38.7333242, 9.0191225 ], [ 38.7315595, 9.0191872 ], [ 38.7310365, 9.0200037 ], [ 38.7307501, 9.0205858 ], [ 38.7314348, 9.0209872 ], [ 38.7321618, 9.0255022 ], [ 38.7311076, 9.0261676 ], [ 38.7303749, 9.0267811 ], [ 38.7296645, 9.0273925 ], [ 38.7288363, 9.0280826 ], [ 38.7283174, 9.0286198 ], [ 38.7277242, 9.0308538 ], [ 38.7249019, 9.0339276 ], [ 38.724652, 9.0342723 ], [ 38.7277193, 9.037289 ], [ 38.7284775, 9.0387049 ], [ 38.730246, 9.0403058 ], [ 38.7300685, 9.0433154 ] ] ] } },
{ "type": "Feature", "properties": { "threshold_s": 900, "time_label": "15 min drive" }, "geometry": { "type": "Polygon", "coordinates": [ [ [ 38.7218037, 9.0482111 ], [ 38.7259203, 9.0543392 ], [ 38.7280893, 9.0556864 ], [ 38.7289998, 9.0562224 ], [ 38.7332947, 9.0567827 ], [ 38.739572, 9.0579534 ], [ 38.7438718, 9.0586511 ], [ 38.7487938, 9.0578297 ], [ 38.7539978, 9.0561037 ], [ 38.7583493, 9.0559329 ], [ 38.7592571, 9.055992 ], [ 38.7621709, 9.053994 ], [ 38.7624706, 9.0535973 ], [ 38.7630258, 9.0489882 ], [ 38.7671997, 9.0461121 ], [ 38.7672688, 9.0460073 ], [ 38.7693953, 9.040212 ], [ 38.7725503, 9.0352767 ], [ 38.7735107, 9.0325106 ], [ 38.7735225, 9.0324241 ], [ 38.7722518, 9.0311573 ], [ 38.7696348, 9.0316607 ], [ 38.7654192, 9.0307943 ], [ 38.7633917, 9.0291295 ], [ 38.7650922, 9.0223314 ], [ 38.7676275, 9.0197284 ], [ 38.7661117, 9.016113 ], [ 38.7636137, 9.009863 ], [ 38.7590704, 9.0068685 ], [ 38.7534437, 9.0051707 ], [ 38.7524999, 9.00563 ], [ 38.7466215, 9.0053198 ], [ 38.745232, 9.0035199 ], [ 38.7416845, 9.0037973 ], [ 38.7354581, 9.0068292 ], [ 38.7329033, 9.0089663 ], [ 38.7270118, 9.0118618 ], [ 38.7264951, 9.0122563 ], [ 38.7253784, 9.0132798 ], [ 38.7240091, 9.0157129 ], [ 38.7216158, 9.0199876 ], [ 38.7200865, 9.0224085 ], [ 38.718905, 9.0251607 ], [ 38.7179798, 9.0303254 ], [ 38.7164375, 9.0373809 ], [ 38.716344, 9.0381067 ], [ 38.7180988, 9.0426318 ], [ 38.7218037, 9.0482111 ] ] ] } },
{ "type": "Feature", "properties": { "threshold_s": 300, "time_label": "5 min drive" }, "geometry": { "type": "Polygon", "coordinates": [ [ [ 38.8407053, 9.0109138 ], [ 38.8401845, 9.010948 ], [ 38.8420015, 9.0124228 ], [ 38.8424418, 9.0127646 ], [ 38.8446099, 9.014241 ], [ 38.8445744, 9.0146837 ], [ 38.8451191, 9.0151733 ], [ 38.8465619, 9.0164778 ], [ 38.8471974, 9.0169785 ], [ 38.8486785, 9.0179323 ], [ 38.8500344, 9.0184398 ], [ 38.8524208, 9.019717 ], [ 38.852979, 9.0196854 ], [ 38.8532822, 9.0193539 ], [ 38.8536722, 9.0188654 ], [ 38.8540127, 9.0182575 ], [ 38.8539981, 9.0179037 ], [ 38.8539791, 9.0176302 ], [ 38.8539545, 9.0171284 ], [ 38.8539473, 9.0168578 ], [ 38.8539399, 9.0165809 ], [ 38.8552464, 9.0151289 ], [ 38.8566528, 9.0155972 ], [ 38.8573599, 9.0149971 ], [ 38.8580078, 9.0143746 ], [ 38.8587512, 9.0134571 ], [ 38.8579237, 9.012602 ], [ 38.8572692, 9.0120427 ], [ 38.8575857, 9.0097412 ], [ 38.8557418, 9.0078428 ], [ 38.8552158, 9.0078569 ], [ 38.854648, 9.0078709 ], [ 38.8541231, 9.0079006 ], [ 38.8520834, 9.0059043 ], [ 38.8520747, 9.0057922 ], [ 38.8520682, 9.0056456 ], [ 38.8500068, 9.005167 ], [ 38.8471974, 9.004558 ], [ 38.8468055, 9.0049233 ], [ 38.8461633, 9.0055932 ], [ 38.8452778, 9.0065795 ], [ 38.8434183, 9.0086094 ], [ 38.8423073, 9.0107548 ], [ 38.8413445, 9.010851 ], [ 38.8407053, 9.0109138 ] ] ] } },
{ "type": "Feature", "properties": { "threshold_s": 600, "time_label": "10 min drive" }, "geometry": { "type": "Polygon", "coordinates": [ [ [ 38.8314384, 9.0144364 ], [ 38.8318777, 9.0154561 ], [ 38.8338253, 9.0165567 ], [ 38.8342516, 9.0162493 ], [ 38.8388351, 9.0182876 ], [ 38.8388988, 9.0189447 ], [ 38.8388948, 9.0194084 ], [ 38.838884899999989, 9.019858 ], [ 38.8388775, 9.0203366 ], [ 38.839267, 9.0209447 ], [ 38.8408486, 9.021363 ], [ 38.8451017, 9.0230863 ], [ 38.8457205, 9.0239043 ], [ 38.8463785, 9.0249482 ], [ 38.8467497, 9.0252718 ], [ 38.8488614, 9.0269574 ], [ 38.8490337, 9.0269481 ], [ 38.8494995, 9.0269424 ], [ 38.8497262, 9.0269231 ], [ 38.852766, 9.0308544 ], [ 38.8563158, 9.0288177 ], [ 38.8578319, 9.0276218 ], [ 38.8589095, 9.0234624 ], [ 38.8631122, 9.0206697 ], [ 38.8662848, 9.0175312 ], [ 38.8667297, 9.0171029 ], [ 38.8656485, 9.013136 ], [ 38.8682366, 9.0116838 ], [ 38.8661521, 9.0073621 ], [ 38.865925, 9.0072348 ], [ 38.8653346, 9.0071711 ], [ 38.8642403, 9.0074689 ], [ 38.8622281, 9.0077178 ], [ 38.8591442, 9.0064317 ], [ 38.8584843, 9.0020071 ], [ 38.8585561, 9.0016594 ], [ 38.8566548, 8.9988859 ], [ 38.8556806, 8.9973701 ], [ 38.854874, 8.9974818 ], [ 38.8516466, 8.9940973 ], [ 38.8507453, 8.9939928 ], [ 38.8499427, 8.994525 ], [ 38.849252, 8.9953163 ], [ 38.8474635, 8.9974711 ], [ 38.8432261, 8.9984282 ], [ 38.8417683, 8.9983783 ], [ 38.8410225, 8.9987994 ], [ 38.8392022, 8.9998574 ], [ 38.8382562, 9.0007181 ], [ 38.8386025, 9.0019375 ], [ 38.836307, 9.0054552 ], [ 38.832777, 9.0062461 ], [ 38.8318513, 9.0083551 ], [ 38.8313069, 9.0109771 ], [ 38.8313208, 9.0126214 ], [ 38.8314384, 9.0144364 ] ] ] } },
{ "type": "Feature", "properties": { "threshold_s": 900, "time_label": "15 min drive" }, "geometry": { "type": "Polygon", "coordinates": [ [ [ 38.8208604, 9.0175916 ], [ 38.8212509, 9.0187748 ], [ 38.8264118, 9.0231496 ], [ 38.8264976, 9.0231439 ], [ 38.83203240000001, 9.021741 ], [ 38.8336598, 9.0256045 ], [ 38.8342658, 9.0262565 ], [ 38.8370425, 9.0297537 ], [ 38.837173, 9.0299837 ], [ 38.8377418, 9.0310116 ], [ 38.8418873, 9.0333065 ], [ 38.847384, 9.0360016 ], [ 38.8505866, 9.0390492 ], [ 38.8506618, 9.0391287 ], [ 38.8566792, 9.0401101 ], [ 38.8594639, 9.0375572 ], [ 38.8620956, 9.0352 ], [ 38.8648603, 9.0291935 ], [ 38.8686174, 9.0269972 ], [ 38.8701941, 9.0227452 ], [ 38.8737506, 9.0213907 ], [ 38.8737938, 9.0211951 ], [ 38.875388, 9.0149986 ], [ 38.8784919, 9.0120639 ], [ 38.8783678, 9.0107325 ], [ 38.8779021, 9.009779 ], [ 38.8775884, 9.0097671 ], [ 38.8729334, 9.0079034 ], [ 38.8707467, 9.0044099 ], [ 38.8716996, 9.0003215 ], [ 38.8715145, 8.9997254 ], [ 38.867309, 8.9959671 ], [ 38.8627698, 8.9918304 ], [ 38.8596444, 8.9887113 ], [ 38.8576408, 8.9872661 ], [ 38.8551102, 8.9833849 ], [ 38.8548508, 8.9832892 ], [ 38.8541939, 8.983119 ], [ 38.8486956, 8.9856487 ], [ 38.8426673, 8.9877079 ], [ 38.840835, 8.9880772 ], [ 38.8406173, 8.9881171 ], [ 38.8405327, 8.9881342 ], [ 38.8393218, 8.9883791 ], [ 38.8392158, 8.9883997 ], [ 38.838899, 8.9884635 ], [ 38.8381282, 8.989298 ], [ 38.8358089, 8.9915133 ], [ 38.8303977, 8.9938916 ], [ 38.8301281, 8.9940081 ], [ 38.8257587, 8.9982584 ], [ 38.8250396, 8.9995291 ], [ 38.8246892, 9.0004699 ], [ 38.8241735, 9.0051152 ], [ 38.8240603, 9.0078583 ], [ 38.8221802, 9.0130811 ], [ 38.8208946, 9.0170286 ], [ 38.8208604, 9.0175916 ] ] ] } },
{ "type": "Feature", "properties": { "threshold_s": 300, "time_label": "5 min drive" }, "geometry": { "type": "Polygon", "coordinates": [ [ [ 38.7803283, 9.0233325 ], [ 38.7806577, 9.0238498 ], [ 38.7811059, 9.0234327 ], [ 38.7828895, 9.0215465 ], [ 38.7863688, 9.0207494 ], [ 38.7874214, 9.0201178 ], [ 38.7880867, 9.0194828 ], [ 38.7886453, 9.0177173 ], [ 38.7889022, 9.0159914 ], [ 38.7873429, 9.0143333 ], [ 38.7838533, 9.0151 ], [ 38.7813604, 9.0122926 ], [ 38.7813332, 9.0121982 ], [ 38.7802996, 9.0139608 ], [ 38.7794376, 9.0144829 ], [ 38.7766959, 9.0121141 ], [ 38.7751447, 9.0097636 ], [ 38.7742957, 9.0098175 ], [ 38.7725128, 9.0102701 ], [ 38.7732789, 9.0121882 ], [ 38.7742634, 9.0124589 ], [ 38.7743465, 9.0124832 ], [ 38.776373, 9.0129175 ], [ 38.7790322, 9.0148252 ], [ 38.7807383, 9.0166185 ], [ 38.7800908, 9.0202484 ], [ 38.7803283, 9.0233325 ] ] ] } },
{ "type": "Feature", "properties": { "threshold_s": 600, "time_label": "10 min drive" }, "geometry": { "type": "Polygon", "coordinates": [ [ [ 38.7719643, 9.0289784 ], [ 38.7736071, 9.0317865 ], [ 38.7768095, 9.030012 ], [ 38.7773113, 9.0299334 ], [ 38.7791344, 9.0289262 ], [ 38.7817441, 9.0315324 ], [ 38.7819364, 9.0322232 ], [ 38.7820705, 9.0326994 ], [ 38.7820987, 9.0327323 ], [ 38.7834835, 9.0321406 ], [ 38.7859405, 9.0306672 ], [ 38.7867588, 9.0301967 ], [ 38.7900916, 9.0290698 ], [ 38.7915674, 9.0270575 ], [ 38.7940937, 9.0255635 ], [ 38.7961393, 9.0225078 ], [ 38.7970493, 9.0213331 ], [ 38.7994298, 9.0188571 ], [ 38.7982312, 9.0172209 ], [ 38.7961444, 9.0141103 ], [ 38.7961516, 9.0125743 ], [ 38.7962055, 9.011625 ], [ 38.7963315, 9.0103532 ], [ 38.7961994, 9.0100267 ], [ 38.7948845, 9.0085895 ], [ 38.794, 9.0077796 ], [ 38.7917389, 9.0056483 ], [ 38.7892042, 9.0040436 ], [ 38.788482, 9.003886 ], [ 38.7849636, 9.0033462 ], [ 38.782411, 9.0014722 ], [ 38.7823378, 9.0013971 ], [ 38.7813813, 9.0009494 ], [ 38.7796696, 9.0006454 ], [ 38.7795597, 9.0006527 ], [ 38.7772268, 9.0028263 ], [ 38.7734899, 9.0014308 ], [ 38.7735825, 8.9997115 ], [ 38.7716421, 9.0009861 ], [ 38.7692675, 9.0042938 ], [ 38.7695761, 9.0061032 ], [ 38.7699708, 9.0073954 ], [ 38.7672577, 9.0104737 ], [ 38.7636137, 9.009863 ], [ 38.76206, 9.0111118 ], [ 38.762877, 9.0129834 ], [ 38.7649382, 9.0162277 ], [ 38.7640158, 9.0171291 ], [ 38.766175, 9.0194163 ], [ 38.7686595, 9.0207369 ], [ 38.7717222, 9.0232818 ], [ 38.7722297, 9.0251154 ], [ 38.7705804, 9.0283662 ], [ 38.7719643, 9.0289784 ] ] ] } },
{ "type": "Feature", "properties": { "threshold_s": 900, "time_label": "15 min drive" }, "geometry": { "type": "Polygon", "coordinates": [ [ [ 38.7611244, 9.0293966 ], [ 38.7617219, 9.031628 ], [ 38.7633016, 9.0331372 ], [ 38.7668753, 9.0362687 ], [ 38.7673319, 9.0365137 ], [ 38.7694764, 9.0373855 ], [ 38.7728901, 9.0400549 ], [ 38.7773078, 9.0393449 ], [ 38.7816332, 9.0394631 ], [ 38.7832014, 9.0393962 ], [ 38.7866579, 9.0379459 ], [ 38.7884075, 9.037232 ], [ 38.788646, 9.0371199 ], [ 38.788999, 9.0366321 ], [ 38.7898711, 9.0353037 ], [ 38.7913411, 9.0328014 ], [ 38.7947311, 9.0312946 ], [ 38.7988474, 9.0307862 ], [ 38.8011234, 9.0303124 ], [ 38.804107, 9.0285119 ], [ 38.8018037, 9.024702 ], [ 38.8048263, 9.0230273 ], [ 38.8088993, 9.0203582 ], [ 38.809637, 9.0202318 ], [ 38.810139, 9.0201299 ], [ 38.8092932, 9.0158973 ], [ 38.8082885, 9.0154434 ], [ 38.8056166, 9.0117535 ], [ 38.8059445, 9.0070212 ], [ 38.801541, 9.0052635 ], [ 38.8013844, 9.0027679 ], [ 38.8012889, 9.0015944 ], [ 38.8009721, 9.0010625 ], [ 38.8002281, 9.0010613 ], [ 38.7993438, 9.0015425 ], [ 38.7977966, 9.0017538 ], [ 38.7946719, 8.9978068 ], [ 38.7951352, 8.9973643 ], [ 38.7910791, 8.9942343 ], [ 38.7880334, 8.9933872 ], [ 38.7860104, 8.9923858 ], [ 38.7847989, 8.9917454 ], [ 38.7830666, 8.9913983 ], [ 38.778172499999989, 8.9898978 ], [ 38.7779312, 8.9897209 ], [ 38.7745701, 8.9912135 ], [ 38.7725604, 8.990016 ], [ 38.7690329, 8.9931543 ], [ 38.7681505, 8.9938395 ], [ 38.7646631, 8.9960887 ], [ 38.7634031, 8.9964943 ], [ 38.7633437, 8.9965623 ], [ 38.7632473, 8.9967653 ], [ 38.7616126, 9.0004111 ], [ 38.7586541, 9.0031765 ], [ 38.757125, 9.0039735 ], [ 38.7544001, 9.0055835 ], [ 38.7533936, 9.0073993 ], [ 38.7533592, 9.010613 ], [ 38.7503444, 9.0116155 ], [ 38.7499269, 9.0115767 ], [ 38.7498019, 9.0115651 ], [ 38.7511398, 9.0136059 ], [ 38.7525227, 9.0172727 ], [ 38.755685, 9.0209076 ], [ 38.7586628, 9.0213376 ], [ 38.7600498, 9.0221853 ], [ 38.7602254, 9.0222978 ], [ 38.7624111, 9.0266163 ], [ 38.7611664, 9.0293214 ], [ 38.7611244, 9.0293966 ] ] ] } },
{ "type": "Feature", "properties": { "threshold_s": 300, "time_label": "5 min drive" }, "geometry": { "type": "Polygon", "coordinates": [ [ [ 38.7276385, 9.0441208 ], [ 38.7280317, 9.044982 ], [ 38.7299032, 9.044407 ], [ 38.7302814, 9.0443079 ], [ 38.7316915, 9.0456481 ], [ 38.7315516, 9.0461225 ], [ 38.731538, 9.0461741 ], [ 38.7315469, 9.0463294 ], [ 38.7315611, 9.0463647 ], [ 38.7317687, 9.047415 ], [ 38.7322814, 9.0470386 ], [ 38.7340162, 9.047225 ], [ 38.7354401, 9.0470626 ], [ 38.7356083, 9.0468011 ], [ 38.7356137, 9.046713 ], [ 38.73487870000001, 9.0454965 ], [ 38.736129, 9.0447854 ], [ 38.7362547, 9.0439907 ], [ 38.7357076, 9.0426689 ], [ 38.7368394, 9.0418941 ], [ 38.7377201, 9.0419685 ], [ 38.7383373, 9.0423504 ], [ 38.7398261, 9.0423338 ], [ 38.7399202, 9.0416905 ], [ 38.7413221, 9.040716 ], [ 38.7416669, 9.0399542 ], [ 38.7409521, 9.0390779 ], [ 38.7406053, 9.0388439 ], [ 38.7398056, 9.0387099 ], [ 38.7387257, 9.0374665 ], [ 38.7385896, 9.035751 ], [ 38.7395927, 9.035054 ], [ 38.7398837, 9.0337646 ], [ 38.7387485, 9.0325818 ], [ 38.7384227, 9.0323706 ], [ 38.7375475, 9.0309289 ], [ 38.7372118, 9.0303343 ], [ 38.7359088, 9.0294412 ], [ 38.7348322, 9.0292864 ], [ 38.7341901, 9.0291998 ], [ 38.7338878, 9.0292468 ], [ 38.7326887, 9.0300746 ], [ 38.7320078, 9.0300158 ], [ 38.7314141, 9.03061 ], [ 38.7303787, 9.031217 ], [ 38.7294115, 9.0318355 ], [ 38.7297029, 9.0325653 ], [ 38.7281953, 9.0338151 ], [ 38.7271978, 9.0339093 ], [ 38.727008, 9.0346826 ], [ 38.7270064, 9.0354999 ], [ 38.7258355, 9.0363104 ], [ 38.7255935, 9.037447 ], [ 38.7258382, 9.0378062 ], [ 38.7257971, 9.0394118 ], [ 38.726096, 9.0398349 ], [ 38.7257311, 9.0414173 ], [ 38.726304399999989, 9.042902 ], [ 38.7276385, 9.0441208 ] ] ] } },
{ "type": "Feature", "properties": { "threshold_s": 600, "time_label": "10 min drive" }, "geometry": { "type": "Polygon", "coordinates": [ [ [ 38.7199456, 9.049349 ], [ 38.7212652, 9.0522272 ], [ 38.7216615, 9.052406 ], [ 38.7243679, 9.053236 ], [ 38.7247542, 9.0543109 ], [ 38.7249244, 9.0551343 ], [ 38.7252416, 9.0554096 ], [ 38.727464, 9.05527 ], [ 38.7284606, 9.0564609 ], [ 38.7295091, 9.0565492 ], [ 38.7312491, 9.0563697 ], [ 38.7332947, 9.0567827 ], [ 38.7347467, 9.0566287 ], [ 38.7374641, 9.0564303 ], [ 38.7395724, 9.0551183 ], [ 38.7406261, 9.0545821 ], [ 38.742959, 9.0532693 ], [ 38.7435681, 9.0501519 ], [ 38.7462735, 9.0484102 ], [ 38.7465743, 9.0484181 ], [ 38.7476045, 9.0471177 ], [ 38.7498399, 9.0464721 ], [ 38.7507097, 9.0456515 ], [ 38.7508841, 9.0445245 ], [ 38.7506539, 9.043015 ], [ 38.7505575, 9.0409128 ], [ 38.75133, 9.0394709 ], [ 38.7509278, 9.037822 ], [ 38.7499915, 9.0355127 ], [ 38.7501601, 9.0345287 ], [ 38.7503308, 9.0339662 ], [ 38.7504699, 9.0328679 ], [ 38.7499859, 9.0310799 ], [ 38.7479223, 9.0308362 ], [ 38.7472081, 9.0293312 ], [ 38.7470674, 9.0281647 ], [ 38.7463807, 9.0263647 ], [ 38.7450443, 9.0260932 ], [ 38.7440472, 9.0232515 ], [ 38.744300699999989, 9.0223826 ], [ 38.7441473, 9.022135 ], [ 38.7413523, 9.0216627 ], [ 38.738640599999989, 9.0210474 ], [ 38.7368403, 9.0201477 ], [ 38.7346511, 9.0189003 ], [ 38.7337924, 9.0190342 ], [ 38.7326105, 9.0193875 ], [ 38.7310648, 9.0198854 ], [ 38.7303103, 9.0208356 ], [ 38.7298357, 9.0213721 ], [ 38.7274594, 9.0234129 ], [ 38.725199, 9.0240355 ], [ 38.7242076, 9.0244733 ], [ 38.722301, 9.0264528 ], [ 38.7209239, 9.0279653 ], [ 38.7198622, 9.0310117 ], [ 38.7193751, 9.0326579 ], [ 38.7193914, 9.0338215 ], [ 38.719316, 9.0342986 ], [ 38.7192696, 9.0360175 ], [ 38.7172089, 9.0371942 ], [ 38.7164375, 9.0373809 ], [ 38.716344, 9.0381067 ], [ 38.7180375, 9.0394362 ], [ 38.7173233, 9.0421761 ], [ 38.7156379, 9.0435945 ], [ 38.7157425, 9.0442569 ], [ 38.7163641, 9.0449171 ], [ 38.7169021, 9.0450599 ], [ 38.7190367, 9.0471651 ], [ 38.7190793, 9.0477498 ], [ 38.7199456, 9.049349 ] ] ] } },
{ "type": "Feature", "properties": { "threshold_s": 900, "time_label": "15 min drive" }, "geometry": { "type": "Polygon", "coordinates": [ [ [ 38.7164385, 9.0594054 ], [ 38.7176255, 9.0615618 ], [ 38.7185513, 9.062359 ], [ 38.7202186, 9.0632794 ], [ 38.7229755, 9.0643838 ], [ 38.726472, 9.0661305 ], [ 38.728247, 9.0658195 ], [ 38.7328405, 9.0652689 ], [ 38.7342055, 9.0648529 ], [ 38.7386929, 9.06495 ], [ 38.7412933, 9.0643519 ], [ 38.7433396, 9.063477 ], [ 38.74388, 9.0632055 ], [ 38.7476199, 9.0600153 ], [ 38.7482518, 9.0595952 ], [ 38.7513386, 9.0566671 ], [ 38.7539978, 9.0561037 ], [ 38.7549576, 9.0551301 ], [ 38.7551917, 9.0543527 ], [ 38.7572064, 9.0511602 ], [ 38.7588968, 9.0502698 ], [ 38.7588879, 9.0497151 ], [ 38.7580652, 9.0488412 ], [ 38.7568986, 9.0481555 ], [ 38.7562092, 9.047044 ], [ 38.7600057, 9.0440359 ], [ 38.7609601, 9.0437661 ], [ 38.7614471, 9.0437227 ], [ 38.761383, 9.0436452 ], [ 38.7598478, 9.0417817 ], [ 38.7595774, 9.0367257 ], [ 38.7596169, 9.0366557 ], [ 38.7591436, 9.0351761 ], [ 38.7558521, 9.0318884 ], [ 38.7568262, 9.030107 ], [ 38.7575971, 9.0292881 ], [ 38.7582228, 9.0285769 ], [ 38.7581126, 9.0269965 ], [ 38.7576048, 9.024946 ], [ 38.7546091, 9.0217117 ], [ 38.7527691, 9.0190137 ], [ 38.7507568, 9.0169852 ], [ 38.7486963, 9.0152019 ], [ 38.7472262, 9.0143697 ], [ 38.7446872, 9.0118417 ], [ 38.7445783, 9.01184 ], [ 38.741383, 9.0126028 ], [ 38.7389141, 9.0108949 ], [ 38.7341747, 9.0089551 ], [ 38.733779, 9.0089471 ], [ 38.7326844, 9.0097605 ], [ 38.7285514, 9.0122122 ], [ 38.7270118, 9.0118618 ], [ 38.7264951, 9.0122563 ], [ 38.7253784, 9.0132798 ], [ 38.7210369, 9.0160641 ], [ 38.7199898, 9.0157646 ], [ 38.7190779, 9.0165964 ], [ 38.716879, 9.0190493 ], [ 38.7160489, 9.0210002 ], [ 38.7156287, 9.0220832 ], [ 38.7153381, 9.0230401 ], [ 38.7152763, 9.0236018 ], [ 38.7136193, 9.0277912 ], [ 38.7125593, 9.02878 ], [ 38.7108479, 9.0300386 ], [ 38.7095507, 9.0314809 ], [ 38.7082229, 9.033299 ], [ 38.7076042, 9.0379902 ], [ 38.7090781, 9.0409838 ], [ 38.7095426, 9.0417948 ], [ 38.7102554, 9.0425404 ], [ 38.712546, 9.0456296 ], [ 38.7122999, 9.0485977 ], [ 38.7122067, 9.0534927 ], [ 38.7122765, 9.0540168 ], [ 38.7135317, 9.0563533 ], [ 38.7164385, 9.0594054 ] ] ] } },
{ "type": "Feature", "properties": { "threshold_s": 300, "time_label": "5 min drive" }, "geometry": { "type": "Polygon", "coordinates": [ [ [ 38.7409466, 8.9535255 ], [ 38.7412208, 8.9544096 ], [ 38.7424639, 8.9551171 ], [ 38.7429044, 8.9551355 ], [ 38.7445699, 8.9555119 ], [ 38.7451435, 8.956142 ], [ 38.7455368, 8.9561932 ], [ 38.7464126, 8.9546611 ], [ 38.7473767, 8.9545751 ], [ 38.7491065, 8.9542003 ], [ 38.750422, 8.9537603 ], [ 38.7507454, 8.9535127 ], [ 38.7513073, 8.9527953 ], [ 38.7520472, 8.9518658 ], [ 38.7531486, 8.9507499 ], [ 38.7526911, 8.9489601 ], [ 38.75407, 8.9487144 ], [ 38.7549597, 8.9484684 ], [ 38.7555693, 8.9476492 ], [ 38.7563356, 8.9460148 ], [ 38.7563621, 8.9448672 ], [ 38.7549415, 8.9439788 ], [ 38.7545635, 8.9421646 ], [ 38.7525377, 8.9420308 ], [ 38.7522889, 8.9418676 ], [ 38.7513134, 8.9408036 ], [ 38.7503296, 8.938605 ], [ 38.7502377, 8.9388699 ], [ 38.7485367, 8.9399899 ], [ 38.7470507, 8.9391544 ], [ 38.745849, 8.9400909 ], [ 38.7439352, 8.9406437 ], [ 38.7432986, 8.9411158 ], [ 38.741934, 8.9412086 ], [ 38.7407243, 8.9419771 ], [ 38.7396323, 8.9425541 ], [ 38.7394928, 8.9436066 ], [ 38.7393936, 8.9440101 ], [ 38.7384032, 8.9449268 ], [ 38.737359, 8.9446503 ], [ 38.737102299999989, 8.9450315 ], [ 38.7370084, 8.9466384 ], [ 38.7363732, 8.9470809 ], [ 38.7365994, 8.9487018 ], [ 38.7369266, 8.9491363 ], [ 38.7375966, 8.9493947 ], [ 38.738936, 8.9506974 ], [ 38.7392429, 8.951321 ], [ 38.7398113, 8.9522853 ], [ 38.7398583, 8.9523747 ], [ 38.7409466, 8.9535255 ] ] ] } },
{ "type": "Feature", "properties": { "threshold_s": 600, "time_label": "10 min drive" }, "geometry": { "type": "Polygon", "coordinates": [ [ [ 38.731062, 8.9531298 ], [ 38.7325703, 8.9563411 ], [ 38.7327385, 8.9563414 ], [ 38.7331147, 8.9560144 ], [ 38.733087, 8.9556029 ], [ 38.7337321, 8.9525244 ], [ 38.7381752, 8.9526622 ], [ 38.7388181, 8.9533071 ], [ 38.7412389, 8.9554323 ], [ 38.741532, 8.9558019 ], [ 38.7429656, 8.9598609 ], [ 38.7473327, 8.9615528 ], [ 38.748434, 8.9624604 ], [ 38.748499099999989, 8.9624584 ], [ 38.7514499, 8.962329 ], [ 38.7517772, 8.9621726 ], [ 38.7522419, 8.9618518 ], [ 38.7538859, 8.9605227 ], [ 38.7559565, 8.9589085 ], [ 38.7589542, 8.956824 ], [ 38.7615662, 8.9541587 ], [ 38.7622293, 8.9528058 ], [ 38.7612636, 8.9486256 ], [ 38.7615139, 8.9475109 ], [ 38.7594397, 8.944691 ], [ 38.758741, 8.9406331 ], [ 38.7574157, 8.9365091 ], [ 38.7576368, 8.9340032 ], [ 38.7575599, 8.933409 ], [ 38.7561983, 8.9320761 ], [ 38.7549933, 8.9317568 ], [ 38.7525392, 8.9318241 ], [ 38.7479572, 8.9310957 ], [ 38.7473954, 8.9302523 ], [ 38.7457426, 8.9299017 ], [ 38.745157, 8.9297881 ], [ 38.742211, 8.9293805 ], [ 38.7417539, 8.9300375 ], [ 38.7399562, 8.9326344 ], [ 38.739861, 8.9328048 ], [ 38.7398502, 8.9334605 ], [ 38.7395544, 8.9352937 ], [ 38.7350478, 8.9366304 ], [ 38.7341009, 8.9345072 ], [ 38.7318291, 8.9383743 ], [ 38.7309728, 8.939004 ], [ 38.7316011, 8.9395192 ], [ 38.7321194, 8.9399929 ], [ 38.7328389, 8.944487 ], [ 38.7287719, 8.9457979 ], [ 38.7279191, 8.946157 ], [ 38.7275647, 8.9464276 ], [ 38.7261587, 8.9484321 ], [ 38.7262592, 8.9489311 ], [ 38.7288683, 8.9523958 ], [ 38.731062, 8.9531298 ] ] ] } },
{ "type": "Feature", "properties": { "threshold_s": 900, "time_label": "15 min drive" }, "geometry": { "type": "Polygon", "coordinates": [ [ [ 38.7248902, 8.9588554 ], [ 38.7234579, 8.9612559 ], [ 38.7240238, 8.9618074 ], [ 38.7244255, 8.9620874 ], [ 38.7265778, 8.9634325 ], [ 38.7271163, 8.9636827 ], [ 38.7335819, 8.9654407 ], [ 38.7338065, 8.9651427 ], [ 38.7338521, 8.9650684 ], [ 38.7355458, 8.9629714 ], [ 38.7415858, 8.9646898 ], [ 38.7428134, 8.968824 ], [ 38.744081799999989, 8.970068 ], [ 38.7487825, 8.9741982 ], [ 38.7488548, 8.9741892 ], [ 38.751356199999989, 8.9733778 ], [ 38.7549368, 8.9713391 ], [ 38.756673, 8.9690124 ], [ 38.7610987, 8.9666211 ], [ 38.7615506, 8.9660938 ], [ 38.7621561, 8.9651266 ], [ 38.7632151, 8.9633794 ], [ 38.7671781, 8.9595838 ], [ 38.7681329, 8.9579738 ], [ 38.76858, 8.9571505 ], [ 38.7673704, 8.9560994 ], [ 38.7657115, 8.9541348 ], [ 38.7688027, 8.948857 ], [ 38.7664135, 8.943651 ], [ 38.7649015, 8.9419151 ], [ 38.7642556, 8.9360344 ], [ 38.7659465, 8.9342398 ], [ 38.7660869, 8.9331597 ], [ 38.765818, 8.9329306 ], [ 38.7609572, 8.9302803 ], [ 38.7588987, 8.9285794 ], [ 38.7541648, 8.9275505 ], [ 38.7496293, 8.9221434 ], [ 38.7494405, 8.9219131 ], [ 38.7482273, 8.9204486 ], [ 38.7471539, 8.9196303 ], [ 38.7426176, 8.9194658 ], [ 38.7404792, 8.919484 ], [ 38.7376669, 8.9202835 ], [ 38.7356378, 8.9209433 ], [ 38.734746, 8.9215732 ], [ 38.7303764, 8.9263161 ], [ 38.7268133, 8.9300179 ], [ 38.725964, 8.9310546 ], [ 38.7250023, 8.932298 ], [ 38.7236779, 8.9340734 ], [ 38.7223763, 8.93588 ], [ 38.7212375, 8.9375894 ], [ 38.7205279, 8.9389925 ], [ 38.7197456, 8.9414506 ], [ 38.7165996, 8.946816 ], [ 38.7163265, 8.9477028 ], [ 38.7157628, 8.9513855 ], [ 38.7170103, 8.9529475 ], [ 38.7173479, 8.9532857 ], [ 38.7198537, 8.9546209 ], [ 38.7248902, 8.9588554 ] ] ] } },
{ "type": "Feature", "properties": { "threshold_s": 300, "time_label": "5 min drive" }, "geometry": { "type": "Polygon", "coordinates": [ [ [ 38.7474784, 9.0357517 ], [ 38.7486231, 9.0373188 ], [ 38.7490513, 9.0377356 ], [ 38.7507947, 9.0391991 ], [ 38.7512076, 9.0394149 ], [ 38.7519203, 9.0397855 ], [ 38.752203, 9.0399223 ], [ 38.7528402, 9.0401109 ], [ 38.753211, 9.0400986 ], [ 38.7559159, 9.0397791 ], [ 38.7565413, 9.0397014 ], [ 38.7555497, 9.0379841 ], [ 38.7550527, 9.0350946 ], [ 38.7558521, 9.0318884 ], [ 38.7575971, 9.0292881 ], [ 38.7582228, 9.0285769 ], [ 38.7581126, 9.0269965 ], [ 38.7573693, 9.0258112 ], [ 38.7552246, 9.0265647 ], [ 38.7535565, 9.0258127 ], [ 38.7518575, 9.0242085 ], [ 38.7508048, 9.0245939 ], [ 38.75011, 9.0262182 ], [ 38.7483515, 9.0274422 ], [ 38.747125, 9.0282177 ], [ 38.7459818, 9.0310786 ], [ 38.745682, 9.0328467 ], [ 38.7473671, 9.0347685 ], [ 38.7474784, 9.0357517 ] ] ] } },
{ "type": "Feature", "properties": { "threshold_s": 600, "time_label": "10 min drive" }, "geometry": { "type": "Polygon", "coordinates": [ [ [ 38.7437676, 9.0468098 ], [ 38.7452884, 9.0498578 ], [ 38.7473445, 9.0493374 ], [ 38.750391, 9.0496833 ], [ 38.7524777, 9.0497518 ], [ 38.7540891, 9.0496979 ], [ 38.7574848, 9.0494308 ], [ 38.7576135, 9.0493058 ], [ 38.7580652, 9.0488412 ], [ 38.7568986, 9.0481555 ], [ 38.7562092, 9.047044 ], [ 38.7573255, 9.0439475 ], [ 38.7600057, 9.0440359 ], [ 38.7612864, 9.0448542 ], [ 38.7613838, 9.0448472 ], [ 38.7628401, 9.0434637 ], [ 38.7627768, 9.0433362 ], [ 38.7619234, 9.0409444 ], [ 38.7643838, 9.0388039 ], [ 38.7644975, 9.0379228 ], [ 38.7639577, 9.0366488 ], [ 38.7663647, 9.032801 ], [ 38.7664081, 9.0326913 ], [ 38.7664014, 9.0314507 ], [ 38.7654192, 9.0307943 ], [ 38.7633917, 9.0291295 ], [ 38.7625209, 9.0267749 ], [ 38.7616201, 9.0233396 ], [ 38.7605536, 9.0224021 ], [ 38.7602755, 9.0220911 ], [ 38.7587022, 9.0179263 ], [ 38.7566767, 9.0148583 ], [ 38.7565754, 9.0147817 ], [ 38.7529601, 9.0121004 ], [ 38.7503024, 9.0129965 ], [ 38.7497617, 9.0140877 ], [ 38.746012, 9.0163151 ], [ 38.7445428, 9.0193766 ], [ 38.7422622, 9.0223448 ], [ 38.7406978, 9.022521 ], [ 38.7401426, 9.0229157 ], [ 38.7376964, 9.024566 ], [ 38.7376528, 9.0246336 ], [ 38.7374238, 9.0254659 ], [ 38.7363707, 9.0295812 ], [ 38.7370889, 9.0322481 ], [ 38.7366399, 9.0346148 ], [ 38.7378734, 9.0365003 ], [ 38.7381363, 9.0410531 ], [ 38.7397818, 9.0434378 ], [ 38.7417962, 9.045185 ], [ 38.7437676, 9.0468098 ] ] ] } },
{ "type": "Feature", "properties": { "threshold_s": 900, "time_label": "15 min drive" }, "geometry": { "type": "Polygon", "coordinates": [ [ [ 38.7345053, 9.0532999 ], [ 38.735359, 9.0542481 ], [ 38.7391153, 9.0581553 ], [ 38.7395808, 9.0586325 ], [ 38.7399752, 9.0587551 ], [ 38.7439161, 9.05981 ], [ 38.7482068, 9.0602013 ], [ 38.7524244, 9.0599047 ], [ 38.7574072, 9.0591695 ], [ 38.7601738, 9.0598012 ], [ 38.7604079, 9.0597619 ], [ 38.761252, 9.0568683 ], [ 38.7657209, 9.0555569 ], [ 38.7658999, 9.0554569 ], [ 38.7661628, 9.0546844 ], [ 38.7661705, 9.0543353 ], [ 38.7661909, 9.0537262 ], [ 38.7702489, 9.0500487 ], [ 38.7703563, 9.0500188 ], [ 38.772725, 9.0469788 ], [ 38.7723489, 9.0464052 ], [ 38.7709008, 9.045025 ], [ 38.7728901, 9.0400549 ], [ 38.7756639, 9.037846 ], [ 38.7774564, 9.0346696 ], [ 38.7774831, 9.0344885 ], [ 38.7770047, 9.0312073 ], [ 38.7742804, 9.0292455 ], [ 38.773523, 9.0284492 ], [ 38.7722482, 9.0279523 ], [ 38.7717946, 9.0280784 ], [ 38.7681837, 9.0238363 ], [ 38.7708838, 9.0203264 ], [ 38.7704103, 9.0177491 ], [ 38.7703919, 9.0176358 ], [ 38.7701632, 9.0161573 ], [ 38.7692811, 9.0152555 ], [ 38.7686282, 9.015342 ], [ 38.7654659, 9.0106243 ], [ 38.7654607, 9.0104574 ], [ 38.7655289, 9.009173 ], [ 38.7643308, 9.0075099 ], [ 38.7603429, 9.0076063 ], [ 38.7587508, 9.0052114 ], [ 38.7587141, 9.0041929 ], [ 38.7546804, 9.0018889 ], [ 38.7533322, 9.0022209 ], [ 38.7520792, 9.002727 ], [ 38.7467176, 9.0045045 ], [ 38.7450837, 9.0051057 ], [ 38.7432431, 9.0074962 ], [ 38.7389141, 9.0108949 ], [ 38.7376133, 9.0127965 ], [ 38.7360975, 9.0150578 ], [ 38.7328946, 9.0164885 ], [ 38.7298473, 9.016481 ], [ 38.7278648, 9.0199349 ], [ 38.7280313, 9.0205207 ], [ 38.7288248, 9.0225087 ], [ 38.7274925, 9.0263393 ], [ 38.7253348, 9.0282388 ], [ 38.7255567, 9.0287104 ], [ 38.7249019, 9.0339276 ], [ 38.7244952, 9.0344387 ], [ 38.7277193, 9.037289 ], [ 38.7278453, 9.0406862 ], [ 38.7276385, 9.0441208 ], [ 38.7317687, 9.047415 ], [ 38.7321786, 9.0493237 ], [ 38.7345053, 9.0532999 ] ] ] } },
{ "type": "Feature", "properties": { "threshold_s": 300, "time_label": "5 min drive" }, "geometry": { "type": "Polygon", "coordinates": [ [ [ 38.7638989, 9.0084046 ], [ 38.76206, 9.0111118 ], [ 38.7627294, 9.0115076 ], [ 38.7654659, 9.0106243 ], [ 38.7672577, 9.0104737 ], [ 38.7702843, 9.0101555 ], [ 38.7706225, 9.010122 ], [ 38.7724962, 9.0100703 ], [ 38.7746289, 9.010785 ], [ 38.774881, 9.0108722 ], [ 38.7748827, 9.0102991 ], [ 38.774444, 9.008267 ], [ 38.7747095, 9.005959 ], [ 38.7734655, 9.0030482 ], [ 38.7747263, 9.000099 ], [ 38.7739914, 8.9989883 ], [ 38.7714849, 8.997922 ], [ 38.7691867, 8.9986179 ], [ 38.7667234, 8.9974203 ], [ 38.7650014, 8.9976644 ], [ 38.7649383, 8.997765 ], [ 38.7641369, 8.9997092 ], [ 38.764029, 9.0002724 ], [ 38.7638527, 9.0030427 ], [ 38.7648699, 9.0036825 ], [ 38.7653659, 9.0042173 ], [ 38.7661556, 9.0073141 ], [ 38.7638989, 9.0084046 ] ] ] } },
{ "type": "Feature", "properties": { "threshold_s": 600, "time_label": "10 min drive" }, "geometry": { "type": "Polygon", "coordinates": [ [ [ 38.7517731, 9.0136614 ], [ 38.7536536, 9.0182268 ], [ 38.7586505, 9.0180415 ], [ 38.7603636, 9.0186068 ], [ 38.7633195, 9.0193691 ], [ 38.7645123, 9.0221623 ], [ 38.7650922, 9.0223314 ], [ 38.7683945, 9.0192425 ], [ 38.7713573, 9.0204686 ], [ 38.774444, 9.0200616 ], [ 38.776659, 9.0179653 ], [ 38.7793668, 9.0132882 ], [ 38.7812692, 9.0141888 ], [ 38.782059, 9.014438 ], [ 38.7832979, 9.0148016 ], [ 38.7834846, 9.01484 ], [ 38.7848288, 9.0151578 ], [ 38.7845973, 9.014103 ], [ 38.7828936, 9.0091551 ], [ 38.7831014, 9.0039907 ], [ 38.783227, 9.0035 ], [ 38.782411, 9.0014722 ], [ 38.7823378, 9.0013971 ], [ 38.7813813, 9.0009494 ], [ 38.7796696, 9.0006454 ], [ 38.7795597, 9.0006527 ], [ 38.7763283, 8.9988565 ], [ 38.7763041, 8.9957546 ], [ 38.7797226, 8.9922354 ], [ 38.779415899999989, 8.9911439 ], [ 38.7785525, 8.9907386 ], [ 38.7750877, 8.9907234 ], [ 38.7730466, 8.9897253 ], [ 38.7718993, 8.9891153 ], [ 38.7716921, 8.9892484 ], [ 38.76804, 8.9900825 ], [ 38.7650777, 8.9877284 ], [ 38.7650281, 8.9876688 ], [ 38.7646041, 8.9874446 ], [ 38.7638103, 8.9869976 ], [ 38.7617532, 8.9899193 ], [ 38.7591509, 8.9921947 ], [ 38.7563394, 8.9938597 ], [ 38.7558825, 8.9942136 ], [ 38.7555328, 8.9966276 ], [ 38.7560106, 8.9967932 ], [ 38.7587616, 9.0011842 ], [ 38.7587711, 9.0014635 ], [ 38.7587985, 9.0020734 ], [ 38.7586541, 9.0031765 ], [ 38.7545946, 9.0057032 ], [ 38.754303, 9.0072978 ], [ 38.7519181, 9.0117755 ], [ 38.7517731, 9.0136614 ] ] ] } },
{ "type": "Feature", "properties": { "threshold_s": 900, "time_label": "15 min drive" }, "geometry": { "type": "Polygon", "coordinates": [ [ [ 38.7440099, 9.0204442 ], [ 38.7471945, 9.025634 ], [ 38.7516948, 9.0287486 ], [ 38.7521793, 9.0286187 ], [ 38.757196, 9.0269709 ], [ 38.7657206, 9.0293019 ], [ 38.7668135, 9.0296198 ], [ 38.7728095, 9.0289395 ], [ 38.774781, 9.0284029 ], [ 38.7786913, 9.0267849 ], [ 38.7863054, 9.0242298 ], [ 38.7933946, 9.0212397 ], [ 38.7935093, 9.021133 ], [ 38.796247, 9.0179322 ], [ 38.793999, 9.0122732 ], [ 38.7932745, 9.0089167 ], [ 38.7917389, 9.0056483 ], [ 38.7918951, 8.9981743 ], [ 38.7919628, 8.9965426 ], [ 38.7908943, 8.9878711 ], [ 38.7855757, 8.9849273 ], [ 38.779409, 8.9827553 ], [ 38.7765313, 8.9821841 ], [ 38.7740695, 8.9819107 ], [ 38.7718453, 8.9814706 ], [ 38.7650426, 8.9787808 ], [ 38.7631732, 8.9786938 ], [ 38.759964, 8.9792704 ], [ 38.758982, 8.9801758 ], [ 38.7534167, 8.9846957 ], [ 38.7507597, 8.986419 ], [ 38.7453601, 8.9909218 ], [ 38.7448209, 8.992834 ], [ 38.7446667, 8.9949007 ], [ 38.7458731, 8.9969173 ], [ 38.7450837, 9.0051057 ], [ 38.7432431, 9.0074962 ], [ 38.7407623, 9.0108375 ], [ 38.7419034, 9.0163023 ], [ 38.7440099, 9.0204442 ] ] ] } },
{ "type": "Feature", "properties": { "threshold_s": 300, "time_label": "5 min drive" }, "geometry": { "type": "Polygon", "coordinates": [ [ [ 38.7591453, 8.9913732 ], [ 38.7591509, 8.9921947 ], [ 38.760814, 8.9921772 ], [ 38.7610281, 8.9921705 ], [ 38.7617867, 8.9921738 ], [ 38.7634791, 8.9939551 ], [ 38.7640968, 8.9948155 ], [ 38.7643039, 8.9950231 ], [ 38.7659106, 8.9960934 ], [ 38.766689, 8.9969817 ], [ 38.766772, 8.9969781 ], [ 38.767748, 8.9969339 ], [ 38.769846, 8.9955893 ], [ 38.7715057, 8.9948681 ], [ 38.7711804, 8.9944005 ], [ 38.7713957, 8.9920023 ], [ 38.7734067, 8.9914327 ], [ 38.7730707, 8.9907022 ], [ 38.7725604, 8.990016 ], [ 38.7715353, 8.9878646 ], [ 38.7706549, 8.986741 ], [ 38.7699018, 8.9860061 ], [ 38.7720007, 8.9826185 ], [ 38.7720336, 8.982555 ], [ 38.7720391, 8.9824883 ], [ 38.7719993, 8.9817749 ], [ 38.7715463, 8.9817195 ], [ 38.7712331, 8.9818397 ], [ 38.7714859, 8.9822905 ], [ 38.7676154, 8.9842259 ], [ 38.76691, 8.9832305 ], [ 38.7662418, 8.9812714 ], [ 38.7659251, 8.9808102 ], [ 38.7650426, 8.9787808 ], [ 38.7634693, 8.9789885 ], [ 38.7620166, 8.979507 ], [ 38.7606946, 8.9807142 ], [ 38.7598874, 8.9826072 ], [ 38.7587528, 8.9844655 ], [ 38.7579155, 8.9849189 ], [ 38.757167, 8.9853995 ], [ 38.7568902, 8.9862507 ], [ 38.7578307, 8.9889704 ], [ 38.7591453, 8.9913732 ] ] ] } },
{ "type": "Feature", "properties": { "threshold_s": 600, "time_label": "10 min drive" }, "geometry": { "type": "Polygon", "coordinates": [ [ [ 38.7491455, 8.9930873 ], [ 38.7499626, 8.9956028 ], [ 38.7514185, 8.9969642 ], [ 38.7553867, 9.0000722 ], [ 38.7587985, 9.0020734 ], [ 38.7603865, 9.003814 ], [ 38.7614876, 9.005482 ], [ 38.7661556, 9.0073141 ], [ 38.7703865, 9.0079723 ], [ 38.7718892, 9.0054106 ], [ 38.7719239, 9.0040191 ], [ 38.7752118, 9.0003829 ], [ 38.7763041, 8.9957546 ], [ 38.7808029, 8.9921666 ], [ 38.7816045, 8.9919559 ], [ 38.7816924, 8.991925 ], [ 38.7822305, 8.9904055 ], [ 38.7816779, 8.9891378 ], [ 38.781234, 8.9834683 ], [ 38.7787516, 8.9794447 ], [ 38.7773636, 8.975878 ], [ 38.7758334, 8.9749255 ], [ 38.7743937, 8.9751561 ], [ 38.7721035, 8.97589 ], [ 38.771116, 8.9759723 ], [ 38.7658799, 8.9756733 ], [ 38.7656622, 8.9723626 ], [ 38.7660779, 8.9717093 ], [ 38.7613593, 8.9707294 ], [ 38.7570116, 8.9719198 ], [ 38.7553573, 8.9729976 ], [ 38.7550945, 8.9737571 ], [ 38.754542, 8.9783302 ], [ 38.7524807, 8.9793843 ], [ 38.7496555, 8.9826637 ], [ 38.7478419, 8.9848579 ], [ 38.7478922, 8.9855711 ], [ 38.7480312, 8.9858545 ], [ 38.7484798, 8.9867709 ], [ 38.7497374, 8.9901449 ], [ 38.7491455, 8.9930873 ] ] ] } },
{ "type": "Feature", "properties": { "threshold_s": 900, "time_label": "15 min drive" }, "geometry": { "type": "Polygon", "coordinates": [ [ [ 38.7413541, 8.9951683 ], [ 38.7404379, 8.9997461 ], [ 38.7454493, 9.0011653 ], [ 38.7468904, 9.0027304 ], [ 38.7484802, 9.0054785 ], [ 38.7502626, 9.0077974 ], [ 38.7531791, 9.0117207 ], [ 38.7533839, 9.0117472 ], [ 38.7586435, 9.0127141 ], [ 38.7637032, 9.0172024 ], [ 38.7691702, 9.0142051 ], [ 38.7743465, 9.0124832 ], [ 38.776373, 9.0129175 ], [ 38.7778035, 9.0124771 ], [ 38.7782046, 9.0076547 ], [ 38.7805226, 9.0045304 ], [ 38.7852584, 9.0000068 ], [ 38.7873295, 8.9978484 ], [ 38.7900146, 8.9944088 ], [ 38.7907049, 8.9923927 ], [ 38.7920318, 8.9875297 ], [ 38.7899075, 8.9859732 ], [ 38.7880106, 8.9854871 ], [ 38.7855757, 8.9849273 ], [ 38.7842988, 8.9845215 ], [ 38.7829895, 8.9840922 ], [ 38.7787516, 8.9794447 ], [ 38.7777914, 8.9763594 ], [ 38.7773623, 8.9752898 ], [ 38.7759295, 8.9724099 ], [ 38.7792846, 8.9680911 ], [ 38.7770206, 8.9660067 ], [ 38.7762229, 8.9655186 ], [ 38.7748945, 8.9656073 ], [ 38.7685169, 8.9633762 ], [ 38.7682748, 8.9628075 ], [ 38.767722, 8.9619127 ], [ 38.7613862, 8.9611565 ], [ 38.7563421, 8.9602968 ], [ 38.7547858, 8.9606474 ], [ 38.7502577, 8.9650851 ], [ 38.7486717, 8.9667993 ], [ 38.7478646, 8.9694068 ], [ 38.7439171, 8.9739495 ], [ 38.7412303, 8.9771054 ], [ 38.7402713, 8.9784505 ], [ 38.7388001, 8.9807726 ], [ 38.7394439, 8.9866846 ], [ 38.7388337, 8.9881324 ], [ 38.7386741, 8.9885311 ], [ 38.7386231, 8.9886543 ], [ 38.7392676, 8.9926514 ], [ 38.7413541, 8.9951683 ] ] ] } },
{ "type": "Feature", "properties": { "threshold_s": 300, "time_label": "5 min drive" }, "geometry": { "type": "Polygon", "coordinates": [ [ [ 38.7217341, 8.9500576 ], [ 38.7230885, 8.9516102 ], [ 38.7245884, 8.9527456 ], [ 38.7259094, 8.9535975 ], [ 38.7261683, 8.9534385 ], [ 38.727503, 8.9529559 ], [ 38.7285447, 8.9530967 ], [ 38.7295264, 8.9522595 ], [ 38.731062, 8.9531298 ], [ 38.7316132, 8.9527112 ], [ 38.7327489, 8.9519115 ], [ 38.733313, 8.9497662 ], [ 38.7336268, 8.948768 ], [ 38.7358312, 8.9485875 ], [ 38.7372766, 8.9497961 ], [ 38.7373195, 8.9490715 ], [ 38.7374067, 8.9469643 ], [ 38.7363732, 8.9470809 ], [ 38.7352636, 8.9471405 ], [ 38.7342766, 8.9468504 ], [ 38.7338198, 8.9447581 ], [ 38.7349289, 8.9437681 ], [ 38.7341106, 8.9435483 ], [ 38.7338858, 8.9434527 ], [ 38.7339869, 8.9411538 ], [ 38.7342874, 8.9410915 ], [ 38.7349407, 8.9409691 ], [ 38.7348908, 8.9403589 ], [ 38.7347215, 8.9398383 ], [ 38.7340245, 8.9393792 ], [ 38.7319062, 8.9388387 ], [ 38.7316011, 8.9395192 ], [ 38.7313449, 8.9399508 ], [ 38.7309601, 8.9404662 ], [ 38.7309161, 8.9413049 ], [ 38.7315049, 8.9417274 ], [ 38.732045, 8.9416214 ], [ 38.7329632, 8.9415002 ], [ 38.7336637, 8.9433848 ], [ 38.7335564, 8.9435252 ], [ 38.7328389, 8.944487 ], [ 38.732661899999989, 8.9455018 ], [ 38.7321201, 8.9466292 ], [ 38.7298992, 8.9464768 ], [ 38.72899, 8.9443876 ], [ 38.7286212, 8.9438723 ], [ 38.7284254, 8.9433026 ], [ 38.7284877, 8.9421948 ], [ 38.7275912, 8.9409882 ], [ 38.7255709, 8.9403432 ], [ 38.725296, 8.939928 ], [ 38.724478499999989, 8.9399352 ], [ 38.7233935, 8.9419369 ], [ 38.7230512, 8.9424723 ], [ 38.722712799999989, 8.9431951 ], [ 38.7224146, 8.9441322 ], [ 38.7224405, 8.9458109 ], [ 38.7222237, 8.9478221 ], [ 38.721188, 8.9492656 ], [ 38.7217341, 8.9500576 ] ] ] } },
{ "type": "Feature", "properties": { "threshold_s": 600, "time_label": "10 min drive" }, "geometry": { "type": "Polygon", "coordinates": [ [ [ 38.7120212, 8.9546961 ], [ 38.7128143, 8.9569829 ], [ 38.7188125, 8.9584052 ], [ 38.7201357, 8.9588141 ], [ 38.7204976, 8.9588953 ], [ 38.7213666, 8.9588316 ], [ 38.7270542, 8.9595824 ], [ 38.7276817, 8.959994 ], [ 38.7330546, 8.9628478 ], [ 38.7337236, 8.9625548 ], [ 38.7344468, 8.9619815 ], [ 38.7352396, 8.9611247 ], [ 38.7351846, 8.9609923 ], [ 38.7348681, 8.9596248 ], [ 38.7364709, 8.9560006 ], [ 38.741532, 8.9558019 ], [ 38.7429693, 8.9567245 ], [ 38.7453727, 8.9547585 ], [ 38.7465044, 8.9531234 ], [ 38.7475158, 8.9513367 ], [ 38.7479702, 8.9492071 ], [ 38.7477156, 8.9467667 ], [ 38.7453272, 8.9434504 ], [ 38.7439891, 8.9417092 ], [ 38.7424866, 8.9378158 ], [ 38.7413741, 8.9364422 ], [ 38.7399642, 8.9348238 ], [ 38.7385078, 8.9343124 ], [ 38.7337568, 8.9308869 ], [ 38.7331916, 8.9297496 ], [ 38.7326954, 8.9298688 ], [ 38.7321837, 8.9305998 ], [ 38.7317864, 8.9312375 ], [ 38.7312336, 8.9326954 ], [ 38.7281391, 8.9351747 ], [ 38.7246594, 8.9348578 ], [ 38.7234294, 8.9343587 ], [ 38.7213135, 8.932716 ], [ 38.7193404, 8.9335716 ], [ 38.7182565, 8.936313 ], [ 38.7158471, 8.9413677 ], [ 38.7148158, 8.9458516 ], [ 38.7131571, 8.9483118 ], [ 38.712544, 8.9490019 ], [ 38.7124058, 8.9502505 ], [ 38.7120212, 8.9546961 ] ] ] } },
{ "type": "Feature", "properties": { "threshold_s": 900, "time_label": "15 min drive" }, "geometry": { "type": "Polygon", "coordinates": [ [ [ 38.7097062, 8.9659719 ], [ 38.7095952, 8.9664675 ], [ 38.7159779, 8.9656863 ], [ 38.7207948, 8.9668155 ], [ 38.7238605, 8.9678774 ], [ 38.7292314, 8.9716261 ], [ 38.7319405, 8.9736278 ], [ 38.7319924, 8.9736661 ], [ 38.7377529, 8.9713496 ], [ 38.7387542, 8.9709168 ], [ 38.7388259, 8.969511 ], [ 38.7372129, 8.9662997 ], [ 38.7355458, 8.9629714 ], [ 38.7352973, 8.9619756 ], [ 38.7352396, 8.9611247 ], [ 38.7351846, 8.9609923 ], [ 38.7348681, 8.9596248 ], [ 38.7364709, 8.9560006 ], [ 38.741532, 8.9558019 ], [ 38.7435275, 8.9575373 ], [ 38.746077, 8.9588322 ], [ 38.7494498, 8.9600841 ], [ 38.7516577, 8.9600086 ], [ 38.7520996, 8.9596495 ], [ 38.7529791, 8.9589019 ], [ 38.752403, 8.9528318 ], [ 38.7532975, 8.9509374 ], [ 38.7541316, 8.9497782 ], [ 38.7561004, 8.9474479 ], [ 38.7563914, 8.9470942 ], [ 38.7570606, 8.946184 ], [ 38.7572817, 8.9445015 ], [ 38.7570584, 8.9440753 ], [ 38.7558292, 8.942158 ], [ 38.7531933, 8.9381686 ], [ 38.7520071, 8.9351737 ], [ 38.7503177, 8.9319296 ], [ 38.74901, 8.9303154 ], [ 38.7485406, 8.930106 ], [ 38.7450175, 8.9283559 ], [ 38.7422816, 8.9255843 ], [ 38.7394786, 8.9222918 ], [ 38.7377674, 8.9210586 ], [ 38.7340388, 8.9186463 ], [ 38.7323435, 8.9189238 ], [ 38.730657, 8.9204404 ], [ 38.7287847, 8.9222934 ], [ 38.7230456, 8.9224806 ], [ 38.7212387, 8.92351 ], [ 38.7202896, 8.9240603 ], [ 38.7221785, 8.9270125 ], [ 38.717384, 8.9306505 ], [ 38.716904, 8.93066 ], [ 38.7163543, 8.9307024 ], [ 38.7156326, 8.9307128 ], [ 38.7118706, 8.9287413 ], [ 38.7106877, 8.9285334 ], [ 38.7102905, 8.9289621 ], [ 38.7097542, 8.9311591 ], [ 38.7091321, 8.933577 ], [ 38.7090535, 8.9344128 ], [ 38.7064151, 8.9403474 ], [ 38.7064394, 8.9404993 ], [ 38.706592, 8.9420225 ], [ 38.7051688, 8.9476046 ], [ 38.7028572, 8.950524 ], [ 38.7026042, 8.9508445 ], [ 38.7023028, 8.9549512 ], [ 38.7024621, 8.9557787 ], [ 38.7047407, 8.9583863 ], [ 38.7048435, 8.9584197 ], [ 38.7066028, 8.9589294 ], [ 38.7066794, 8.9589522 ], [ 38.7082998, 8.9591877 ], [ 38.7097062, 8.9659719 ] ] ] } },
{ "type": "Feature", "properties": { "threshold_s": 300, "time_label": "5 min drive" }, "geometry": { "type": "Polygon", "coordinates": [ [ [ 38.7747833, 9.0070232 ], [ 38.7751776, 9.0098829 ], [ 38.7759849, 9.0099015 ], [ 38.7784591, 9.0103509 ], [ 38.781424, 9.0121573 ], [ 38.7829445, 9.010364 ], [ 38.7855299, 9.0086168 ], [ 38.7873394, 9.0074464 ], [ 38.7880187, 9.0050821 ], [ 38.7871067, 9.0018216 ], [ 38.7870403, 8.9997513 ], [ 38.7873295, 8.9978484 ], [ 38.7866273, 8.9961126 ], [ 38.7842643, 8.9950205 ], [ 38.7836621, 8.9932839 ], [ 38.783090799999989, 8.9925567 ], [ 38.7821462, 8.9917529 ], [ 38.7792901, 8.9935064 ], [ 38.7772892, 8.9944502 ], [ 38.7770092, 8.9949946 ], [ 38.777362, 8.9984848 ], [ 38.7779966, 8.9994625 ], [ 38.7795597, 9.0006527 ], [ 38.7787355, 9.0030202 ], [ 38.7768754, 9.0031859 ], [ 38.7753379, 9.0044741 ], [ 38.773414, 9.0061278 ], [ 38.773443, 9.0062162 ], [ 38.7747833, 9.0070232 ] ] ] } },
{ "type": "Feature", "properties": { "threshold_s": 600, "time_label": "10 min drive" }, "geometry": { "type": "Polygon", "coordinates": [ [ [ 38.7682007, 9.0165141 ], [ 38.7713573, 9.0204686 ], [ 38.7740967, 9.0193713 ], [ 38.7747315, 9.0192594 ], [ 38.7760797, 9.0175791 ], [ 38.7807383, 9.0166185 ], [ 38.7813556, 9.0188907 ], [ 38.7810531, 9.0207143 ], [ 38.7811702, 9.0225738 ], [ 38.7828895, 9.0215465 ], [ 38.7849275, 9.020122 ], [ 38.7888092, 9.0179132 ], [ 38.79037610000001, 9.0163806 ], [ 38.7914293, 9.0143947 ], [ 38.793999, 9.0122732 ], [ 38.7950341, 9.0117579 ], [ 38.7953327, 9.0115677 ], [ 38.7961994, 9.0100267 ], [ 38.7967858, 9.0085313 ], [ 38.797621, 9.0063149 ], [ 38.797983, 9.0046067 ], [ 38.7981876, 9.0030972 ], [ 38.797986, 9.0026206 ], [ 38.7955181, 9.0020965 ], [ 38.7965052, 8.9969379 ], [ 38.7956395, 8.9945489 ], [ 38.7948366, 8.9914727 ], [ 38.7942992, 8.9887271 ], [ 38.7908932, 8.9872382 ], [ 38.7888132, 8.9859297 ], [ 38.7879749, 8.9856538 ], [ 38.7855757, 8.9849273 ], [ 38.7810382, 8.9833915 ], [ 38.7791983, 8.9832948 ], [ 38.774466, 8.9840908 ], [ 38.7731591, 8.9845459 ], [ 38.77311, 8.9846007 ], [ 38.7730621, 8.9846542 ], [ 38.7716921, 8.9892484 ], [ 38.7712247, 8.9902551 ], [ 38.7708378, 8.9911658 ], [ 38.7704442, 8.9929865 ], [ 38.7702186, 8.9948896 ], [ 38.7683732, 8.9987024 ], [ 38.7666007, 9.0001548 ], [ 38.7657816, 9.0007925 ], [ 38.7657918, 9.0013837 ], [ 38.7663704, 9.0019672 ], [ 38.7663964, 9.0070441 ], [ 38.7661556, 9.0073141 ], [ 38.7658891, 9.0123181 ], [ 38.7682007, 9.0165141 ] ] ] } },
{ "type": "Feature", "properties": { "threshold_s": 900, "time_label": "15 min drive" }, "geometry": { "type": "Polygon", "coordinates": [ [ [ 38.7542984, 9.0119961 ], [ 38.7555162, 9.0160017 ], [ 38.7575894, 9.0177418 ], [ 38.7645123, 9.0221623 ], [ 38.7673037, 9.0253571 ], [ 38.7740239, 9.029924 ], [ 38.7818312, 9.0297687 ], [ 38.782939, 9.0305886 ], [ 38.7839698, 9.0314066 ], [ 38.7859405, 9.0306672 ], [ 38.7867588, 9.0301967 ], [ 38.7884042, 9.0291921 ], [ 38.7940937, 9.0255635 ], [ 38.795948, 9.0245221 ], [ 38.801438, 9.0192316 ], [ 38.8034284, 9.0138029 ], [ 38.8059445, 9.0070212 ], [ 38.8076454, 9.001485 ], [ 38.8076692, 8.9973537 ], [ 38.8074506, 8.996151 ], [ 38.8026197, 8.990167 ], [ 38.8035396, 8.9855276 ], [ 38.8035562, 8.9852867 ], [ 38.8021619, 8.9853275 ], [ 38.7996331, 8.9854045 ], [ 38.7971379, 8.9861223 ], [ 38.788826, 8.985809 ], [ 38.7879749, 8.9856538 ], [ 38.7855757, 8.9849273 ], [ 38.7842988, 8.9845215 ], [ 38.7787516, 8.9794447 ], [ 38.7777914, 8.9763594 ], [ 38.7774548, 8.9759568 ], [ 38.7773636, 8.975878 ], [ 38.7760118, 8.9755812 ], [ 38.7748957, 8.9753542 ], [ 38.7736234, 8.9756236 ], [ 38.7707829, 8.9764667 ], [ 38.7676058, 8.9774758 ], [ 38.767071, 8.9778048 ], [ 38.7632382, 8.981275 ], [ 38.763176, 8.9813554 ], [ 38.7608696, 8.9875656 ], [ 38.7598661, 8.9943823 ], [ 38.7586621, 8.999279 ], [ 38.7586856, 8.9999436 ], [ 38.7567295, 9.0078257 ], [ 38.7542984, 9.0119961 ] ] ] } },
{ "type": "Feature", "properties": { "threshold_s": 300, "time_label": "5 min drive" }, "geometry": { "type": "Polygon", "coordinates": [ [ [ 38.7236375, 8.9511309 ], [ 38.7245884, 8.9527456 ], [ 38.7259094, 8.9535975 ], [ 38.7261683, 8.9534385 ], [ 38.7285447, 8.9530967 ], [ 38.731062, 8.9531298 ], [ 38.7325533, 8.954595 ], [ 38.7337321, 8.9525244 ], [ 38.7327489, 8.9519115 ], [ 38.7330755, 8.9499822 ], [ 38.733313, 8.9497662 ], [ 38.7344268, 8.94908 ], [ 38.7359396, 8.9495212 ], [ 38.7366857, 8.9505038 ], [ 38.7372737, 8.9516334 ], [ 38.7389525, 8.9507004 ], [ 38.7390992, 8.9499318 ], [ 38.7396683, 8.9478992 ], [ 38.7393714, 8.9464503 ], [ 38.7390207, 8.9458449 ], [ 38.7384032, 8.9449268 ], [ 38.737359, 8.9446503 ], [ 38.7359986, 8.9446844 ], [ 38.7349289, 8.9437681 ], [ 38.7336637, 8.9433848 ], [ 38.7335564, 8.9435252 ], [ 38.7328389, 8.944487 ], [ 38.732661899999989, 8.9455018 ], [ 38.7321201, 8.9466292 ], [ 38.7298992, 8.9464768 ], [ 38.7287719, 8.9457979 ], [ 38.728182, 8.9450135 ], [ 38.7277816, 8.9432165 ], [ 38.7279251, 8.9426627 ], [ 38.727795, 8.9425475 ], [ 38.7260826, 8.942055 ], [ 38.7250015, 8.9438988 ], [ 38.7238302, 8.9459732 ], [ 38.7236755, 8.9460914 ], [ 38.7235045, 8.947238 ], [ 38.7231357, 8.948013 ], [ 38.7215566, 8.9491322 ], [ 38.7215715, 8.9492227 ], [ 38.7225452, 8.9499854 ], [ 38.7236375, 8.9511309 ] ] ] } },
{ "type": "Feature", "properties": { "threshold_s": 600, "time_label": "10 min drive" }, "geometry": { "type": "Polygon", "coordinates": [ [ [ 38.7127281, 8.9547367 ], [ 38.7133864, 8.9560024 ], [ 38.7168521, 8.9578128 ], [ 38.7188125, 8.9584052 ], [ 38.7194299, 8.9585557 ], [ 38.7204063, 8.9587277 ], [ 38.72076, 8.9587796 ], [ 38.7252402, 8.9609657 ], [ 38.727252, 8.9618413 ], [ 38.7298085, 8.9625766 ], [ 38.73210550000001, 8.9646348 ], [ 38.7329563, 8.9650128 ], [ 38.7338065, 8.9651427 ], [ 38.7355458, 8.9629714 ], [ 38.7352973, 8.9619756 ], [ 38.7352396, 8.9611247 ], [ 38.7351846, 8.9609923 ], [ 38.7348681, 8.9596248 ], [ 38.7364709, 8.9560006 ], [ 38.7412389, 8.9554323 ], [ 38.741532, 8.9558019 ], [ 38.7429693, 8.9567245 ], [ 38.7436067, 8.9570909 ], [ 38.745216, 8.9570471 ], [ 38.7459107, 8.9567583 ], [ 38.7473767, 8.9545751 ], [ 38.7489388, 8.9514326 ], [ 38.7492261, 8.9479512 ], [ 38.7504342, 8.946489 ], [ 38.748448, 8.9445095 ], [ 38.7464726, 8.9417421 ], [ 38.7452078, 8.9398899 ], [ 38.7445986, 8.9365715 ], [ 38.7444971, 8.9361433 ], [ 38.7429546, 8.9366308 ], [ 38.7391264, 8.9357967 ], [ 38.7350478, 8.9366304 ], [ 38.7341009, 8.9345072 ], [ 38.7339035, 8.9321621 ], [ 38.7337568, 8.9308869 ], [ 38.733319, 8.9309672 ], [ 38.7327524, 8.9325623 ], [ 38.7315971, 8.9351272 ], [ 38.7283678, 8.9374342 ], [ 38.7251108, 8.9369114 ], [ 38.7233846, 8.9361169 ], [ 38.7208172, 8.9348974 ], [ 38.7206215, 8.9350179 ], [ 38.7205403, 8.9351504 ], [ 38.7182757, 8.9384784 ], [ 38.7166619, 8.9404894 ], [ 38.7172287, 8.9441242 ], [ 38.7157618, 8.9461813 ], [ 38.7131571, 8.9483118 ], [ 38.7129899, 8.9501631 ], [ 38.7127281, 8.9547367 ] ] ] } },
{ "type": "Feature", "properties": { "threshold_s": 900, "time_label": "15 min drive" }, "geometry": { "type": "Polygon", "coordinates": [ [ [ 38.7026042, 8.9508445 ], [ 38.7024621, 8.9557787 ], [ 38.7052918, 8.9583318 ], [ 38.7066028, 8.9589294 ], [ 38.7066794, 8.9589522 ], [ 38.7082998, 8.9591877 ], [ 38.7114208, 8.963849 ], [ 38.7113571, 8.9645981 ], [ 38.7173375, 8.9666438 ], [ 38.7203176, 8.9682343 ], [ 38.7225541, 8.9695743 ], [ 38.7273359, 8.9723919 ], [ 38.7282767, 8.9734457 ], [ 38.7284056, 8.9735597 ], [ 38.7288812, 8.9736299 ], [ 38.7317352, 8.9738671 ], [ 38.7376476, 8.9735123 ], [ 38.7421633, 8.9718188 ], [ 38.7425491, 8.9703814 ], [ 38.7372129, 8.9662997 ], [ 38.7355458, 8.9629714 ], [ 38.7352973, 8.9619756 ], [ 38.7352396, 8.9611247 ], [ 38.7351846, 8.9609923 ], [ 38.7348681, 8.9596248 ], [ 38.7364709, 8.9560006 ], [ 38.741532, 8.9558019 ], [ 38.7429656, 8.9598609 ], [ 38.7471484, 8.9615265 ], [ 38.748434, 8.9624604 ], [ 38.7499458, 8.9633729 ], [ 38.7517772, 8.9621726 ], [ 38.7522419, 8.9618518 ], [ 38.7538859, 8.9605227 ], [ 38.7547546, 8.9598338 ], [ 38.7548585, 8.9593762 ], [ 38.7552287, 8.9532941 ], [ 38.7557587, 8.9515562 ], [ 38.7564214, 8.9498045 ], [ 38.7594397, 8.944691 ], [ 38.7584641, 8.9421169 ], [ 38.7553145, 8.9371634 ], [ 38.753036, 8.9312932 ], [ 38.7491611, 8.9294326 ], [ 38.7467423, 8.92791 ], [ 38.7449545, 8.9273318 ], [ 38.7419405, 8.9269762 ], [ 38.7375946, 8.9226142 ], [ 38.7370307, 8.9220699 ], [ 38.734772, 8.9204909 ], [ 38.7333633, 8.9200194 ], [ 38.7319872, 8.9212163 ], [ 38.7305405, 8.9223815 ], [ 38.7297078, 8.9236668 ], [ 38.7286594, 8.9248445 ], [ 38.7225024, 8.9240636 ], [ 38.7222866, 8.9253297 ], [ 38.7222737, 8.9254631 ], [ 38.7221785, 8.9270125 ], [ 38.717384, 8.9306505 ], [ 38.716904, 8.93066 ], [ 38.7163543, 8.9307024 ], [ 38.7156326, 8.9307128 ], [ 38.7151672, 8.9307128 ], [ 38.71189420000001, 8.9305843 ], [ 38.7106329, 8.9335387 ], [ 38.7111586, 8.9337705 ], [ 38.7124434, 8.9340938 ], [ 38.7152611, 8.9361367 ], [ 38.7158471, 8.9413677 ], [ 38.713008, 8.9426952 ], [ 38.7106309, 8.9421838 ], [ 38.7089847, 8.940755 ], [ 38.7086068, 8.9409726 ], [ 38.707981599999989, 8.9413373 ], [ 38.7070924, 8.9421567 ], [ 38.7051688, 8.9476046 ], [ 38.7028572, 8.950524 ], [ 38.7026042, 8.9508445 ] ] ] } },
{ "type": "Feature", "properties": { "threshold_s": 300, "time_label": "5 min drive" }, "geometry": { "type": "Polygon", "coordinates": [ [ [ 38.7821732, 9.018387 ], [ 38.782435, 9.0193034 ], [ 38.7827905, 9.0187878 ], [ 38.7838972, 9.0171203 ], [ 38.7841292, 9.0165435 ], [ 38.7871516, 9.0159539 ], [ 38.7872844, 9.0160666 ], [ 38.7881178, 9.0171355 ], [ 38.7892246, 9.0161315 ], [ 38.7908548, 9.0142631 ], [ 38.7929784, 9.012718 ], [ 38.7928272, 9.0113517 ], [ 38.7937245, 9.0095724 ], [ 38.7942441, 9.0087988 ], [ 38.79385, 9.0083537 ], [ 38.7934165, 9.0078694 ], [ 38.7917664, 9.0063258 ], [ 38.7894034, 9.0046542 ], [ 38.7892042, 9.0040436 ], [ 38.7882698, 9.0017096 ], [ 38.78788440000001, 9.0005935 ], [ 38.787212, 9.0002294 ], [ 38.7862625, 8.9999559 ], [ 38.7852584, 9.0000068 ], [ 38.7834549, 9.0004129 ], [ 38.7816243, 9.0021541 ], [ 38.7799164, 9.0025541 ], [ 38.7792411, 9.0026554 ], [ 38.7787355, 9.0030202 ], [ 38.7780823, 9.0053305 ], [ 38.776921, 9.0067186 ], [ 38.7778545, 9.009386 ], [ 38.7776996, 9.0101831 ], [ 38.7778035, 9.0124771 ], [ 38.7792254, 9.0132141 ], [ 38.7793668, 9.0132882 ], [ 38.7812692, 9.0141888 ], [ 38.7819098, 9.0159584 ], [ 38.7819011, 9.0162539 ], [ 38.7819307, 9.0165447 ], [ 38.7820039, 9.0176052 ], [ 38.7821732, 9.018387 ] ] ] } },
{ "type": "Feature", "properties": { "threshold_s": 600, "time_label": "10 min drive" }, "geometry": { "type": "Polygon", "coordinates": [ [ [ 38.7754273, 9.0227795 ], [ 38.7764432, 9.0256874 ], [ 38.77690290000001, 9.0259574 ], [ 38.7778281, 9.0263133 ], [ 38.7781887, 9.0261563 ], [ 38.7806417, 9.0258586 ], [ 38.7818751, 9.0269915 ], [ 38.7841265, 9.0281899 ], [ 38.7844192, 9.0282463 ], [ 38.7845473, 9.0282398 ], [ 38.7875691, 9.0278204 ], [ 38.7883256, 9.0265319 ], [ 38.7892631, 9.0243172 ], [ 38.7919277, 9.0238843 ], [ 38.79338820000001, 9.0245801 ], [ 38.7935947, 9.0244763 ], [ 38.7953645, 9.0235105 ], [ 38.7966949, 9.0208488 ], [ 38.7972284, 9.0207265 ], [ 38.7994298, 9.0188571 ], [ 38.7982312, 9.0172209 ], [ 38.7990841, 9.0152732 ], [ 38.8006163, 9.0142076 ], [ 38.8009101, 9.0132402 ], [ 38.8010811, 9.011184 ], [ 38.8028004, 9.0086231 ], [ 38.8027111, 9.0071769 ], [ 38.8021486, 9.0062351 ], [ 38.801541, 9.0052635 ], [ 38.8009754, 9.0029979 ], [ 38.8012889, 9.0015944 ], [ 38.8002281, 9.0010613 ], [ 38.7993438, 9.0015425 ], [ 38.7977966, 9.0017538 ], [ 38.7955181, 9.0020965 ], [ 38.7943165, 9.0036151 ], [ 38.7936953, 9.0050935 ], [ 38.7917389, 9.0056483 ], [ 38.7892042, 9.0040436 ], [ 38.7882698, 9.0017096 ], [ 38.7897293, 8.9996859 ], [ 38.7906855, 8.9993148 ], [ 38.7913789, 8.9990156 ], [ 38.7920983, 8.9987684 ], [ 38.792624, 8.9985777 ], [ 38.7931544, 8.9983837 ], [ 38.7936291, 8.9982041 ], [ 38.7941482, 8.9979968 ], [ 38.7946719, 8.9978068 ], [ 38.7965052, 8.9969379 ], [ 38.7949314, 8.9948251 ], [ 38.7933804, 8.9941166 ], [ 38.7918435, 8.9923162 ], [ 38.7917543, 8.9922639 ], [ 38.790229, 8.9920772 ], [ 38.788291, 8.9915527 ], [ 38.7862157, 8.9911515 ], [ 38.7847861, 8.9907155 ], [ 38.7839075, 8.9910649 ], [ 38.7830666, 8.9913983 ], [ 38.7821462, 8.9917529 ], [ 38.7808029, 8.9921666 ], [ 38.7785505, 8.9925918 ], [ 38.7779248, 8.992709 ], [ 38.7770981, 8.992864 ], [ 38.7766295, 8.9930188 ], [ 38.7765583, 8.9936071 ], [ 38.7770092, 8.9949946 ], [ 38.7776278, 8.9979624 ], [ 38.777362, 8.9984848 ], [ 38.7749536, 8.9996857 ], [ 38.7739914, 8.9989883 ], [ 38.7729631, 8.9990413 ], [ 38.7706407, 8.9997545 ], [ 38.7705851, 9.0015786 ], [ 38.7698957, 9.003069 ], [ 38.7679328, 9.0040963 ], [ 38.7679271, 9.0042908 ], [ 38.7680585, 9.0045594 ], [ 38.7686704, 9.0056819 ], [ 38.7699708, 9.0073954 ], [ 38.7699657, 9.0092017 ], [ 38.7692515, 9.0104413 ], [ 38.7693993, 9.0107478 ], [ 38.7695029, 9.0107419 ], [ 38.7706225, 9.010122 ], [ 38.7725128, 9.0102701 ], [ 38.7732789, 9.0121882 ], [ 38.773148, 9.0145762 ], [ 38.7719268, 9.0161546 ], [ 38.7720021, 9.0165267 ], [ 38.7741335, 9.0152535 ], [ 38.776373, 9.0129175 ], [ 38.7778035, 9.0124771 ], [ 38.7790322, 9.0148252 ], [ 38.7807383, 9.0166185 ], [ 38.7813904, 9.0177361 ], [ 38.7800908, 9.0202484 ], [ 38.7803991, 9.020821 ], [ 38.7805245, 9.0220573 ], [ 38.7774773, 9.0226485 ], [ 38.7764838, 9.0227621 ], [ 38.7754273, 9.0227795 ] ] ] } },
{ "type": "Feature", "properties": { "threshold_s": 900, "time_label": "15 min drive" }, "geometry": { "type": "Polygon", "coordinates": [ [ [ 38.7664473, 9.0226405 ], [ 38.7657206, 9.0293019 ], [ 38.7696665, 9.0317334 ], [ 38.7722643, 9.0352881 ], [ 38.7725503, 9.0352767 ], [ 38.7774564, 9.0346696 ], [ 38.7798841, 9.0348649 ], [ 38.7853003, 9.0340705 ], [ 38.7873533, 9.0350137 ], [ 38.7898711, 9.0353037 ], [ 38.7947311, 9.0312946 ], [ 38.7988474, 9.0307862 ], [ 38.8011234, 9.0303124 ], [ 38.8022468, 9.0290022 ], [ 38.8022679, 9.0289403 ], [ 38.8051952, 9.0230251 ], [ 38.8110194, 9.0199451 ], [ 38.8098596, 9.0156041 ], [ 38.8108202, 9.0112452 ], [ 38.8115551, 9.0071668 ], [ 38.8125318, 9.0033728 ], [ 38.811856, 9.0030254 ], [ 38.8110166, 9.002702 ], [ 38.8098063, 8.9963339 ], [ 38.809874, 8.9947926 ], [ 38.8086132, 8.9937786 ], [ 38.8070226, 8.9937388 ], [ 38.8052905, 8.993525 ], [ 38.8038621, 8.9932965 ], [ 38.797957, 8.9920335 ], [ 38.7980917, 8.9885152 ], [ 38.7997874, 8.9861208 ], [ 38.7996331, 8.9854045 ], [ 38.7965669, 8.9878238 ], [ 38.791375, 8.9871117 ], [ 38.789819799999989, 8.986366 ], [ 38.788826, 8.985809 ], [ 38.7855757, 8.9849273 ], [ 38.7842988, 8.9845215 ], [ 38.7829895, 8.9840922 ], [ 38.7824454, 8.9839019 ], [ 38.7810382, 8.9833915 ], [ 38.779409, 8.9827553 ], [ 38.7767255, 8.9817067 ], [ 38.7734998, 8.9818958 ], [ 38.7720391, 8.9824883 ], [ 38.7716796, 8.9831654 ], [ 38.7705363, 8.9868789 ], [ 38.7685902, 8.9904968 ], [ 38.763602, 8.9952706 ], [ 38.7619851, 8.9958804 ], [ 38.7601513, 9.0005071 ], [ 38.7603074, 9.0040662 ], [ 38.7614876, 9.005482 ], [ 38.7591779, 9.0112723 ], [ 38.7588792, 9.0116653 ], [ 38.7585196, 9.0125992 ], [ 38.7586435, 9.0127141 ], [ 38.7623666, 9.0174082 ], [ 38.7633195, 9.0193691 ], [ 38.7650922, 9.0223314 ], [ 38.7664473, 9.0226405 ] ] ] } },
{ "type": "Feature", "properties": { "threshold_s": 300, "time_label": "5 min drive" }, "geometry": { "type": "Polygon", "coordinates": [ [ [ 38.799914, 9.0005241 ], [ 38.7974373, 9.003495 ], [ 38.7980586, 9.0036796 ], [ 38.799074, 9.0038833 ], [ 38.8019364, 9.0054341 ], [ 38.8049162, 9.0076893 ], [ 38.8072313, 9.0086875 ], [ 38.8094286, 9.0094443 ], [ 38.810883, 9.0092075 ], [ 38.8122994, 9.0085498 ], [ 38.8130155, 9.0061669 ], [ 38.813948, 9.0044027 ], [ 38.8144847, 9.0035753 ], [ 38.8152122, 9.0024107 ], [ 38.8148341, 9.0008957 ], [ 38.8143629, 9.0001177 ], [ 38.8149563, 8.9969485 ], [ 38.8149612, 8.9962087 ], [ 38.8134916, 8.9937639 ], [ 38.8122986, 8.9925755 ], [ 38.8119614, 8.9923253 ], [ 38.8113809, 8.9918976 ], [ 38.8102072, 8.9916427 ], [ 38.8079563, 8.9919144 ], [ 38.8048161, 8.991342 ], [ 38.8024711, 8.9914824 ], [ 38.8022096, 8.9940263 ], [ 38.8026126, 8.9969332 ], [ 38.8012956, 8.9984883 ], [ 38.799914, 9.0005241 ] ] ] } },
{ "type": "Feature", "properties": { "threshold_s": 600, "time_label": "10 min drive" }, "geometry": { "type": "Polygon", "coordinates": [ [ [ 38.7876324, 9.0064331 ], [ 38.7896763, 9.0092286 ], [ 38.7909578, 9.0099514 ], [ 38.7945046, 9.0111732 ], [ 38.7956672, 9.0140037 ], [ 38.7985634, 9.0142392 ], [ 38.8010152, 9.0156682 ], [ 38.8023704, 9.017401 ], [ 38.8036287, 9.0177872 ], [ 38.8068475, 9.0179955 ], [ 38.8081952, 9.0183954 ], [ 38.8090019, 9.0186029 ], [ 38.8107899, 9.0186719 ], [ 38.8126573, 9.0167641 ], [ 38.8158358, 9.015769 ], [ 38.8186794, 9.0137801 ], [ 38.8213333, 9.0110947 ], [ 38.8219905, 9.0095486 ], [ 38.8237625, 9.0064994 ], [ 38.8241735, 9.0051152 ], [ 38.8242714, 9.0046198 ], [ 38.8237504, 9.0016567 ], [ 38.8234516, 8.9981986 ], [ 38.8239933, 8.9957738 ], [ 38.8242104, 8.9951511 ], [ 38.8242688, 8.9946599 ], [ 38.8237846, 8.9909386 ], [ 38.8225032, 8.9892637 ], [ 38.8202452, 8.9866411 ], [ 38.8190351, 8.9862093 ], [ 38.8172293, 8.987135 ], [ 38.8158998, 8.9886047 ], [ 38.8127899, 8.9893411 ], [ 38.8103143, 8.9883096 ], [ 38.8097735, 8.9869675 ], [ 38.8079529, 8.9863615 ], [ 38.8066972, 8.9860036 ], [ 38.8048106, 8.9875098 ], [ 38.8019554, 8.9871694 ], [ 38.7992705, 8.9883311 ], [ 38.7976586, 8.9872854 ], [ 38.7948121, 8.988467 ], [ 38.7935246, 8.9897445 ], [ 38.7919032, 8.9931163 ], [ 38.7909826, 8.9959325 ], [ 38.7907287, 8.9971431 ], [ 38.7897293, 8.9996859 ], [ 38.7906855, 8.9993148 ], [ 38.7913789, 8.9990156 ], [ 38.7920983, 8.9987684 ], [ 38.792624, 8.9985777 ], [ 38.7931544, 8.9983837 ], [ 38.7936291, 8.9982041 ], [ 38.7941482, 8.9979968 ], [ 38.7946719, 8.9978068 ], [ 38.7981365, 8.9992974 ], [ 38.7977966, 9.0017538 ], [ 38.7955181, 9.0020965 ], [ 38.7943165, 9.0036151 ], [ 38.7917389, 9.0056483 ], [ 38.7892042, 9.0040436 ], [ 38.788482, 9.003886 ], [ 38.787499, 9.0042476 ], [ 38.7869585, 9.0047681 ], [ 38.7873383, 9.0058114 ], [ 38.7876324, 9.0064331 ] ] ] } },
{ "type": "Feature", "properties": { "threshold_s": 900, "time_label": "15 min drive" }, "geometry": { "type": "Polygon", "coordinates": [ [ [ 38.7798812, 9.0096691 ], [ 38.7817494, 9.0139229 ], [ 38.7868626, 9.0185753 ], [ 38.7931306, 9.0235175 ], [ 38.7959445, 9.0257353 ], [ 38.8020936, 9.0264203 ], [ 38.8144012, 9.025465 ], [ 38.8192466, 9.0238812 ], [ 38.8261327, 9.0204954 ], [ 38.8265759, 9.0200041 ], [ 38.8288702, 9.0160176 ], [ 38.8317516, 9.0066405 ], [ 38.8325866, 9.000256 ], [ 38.8328475, 8.9914304 ], [ 38.8327776, 8.989005 ], [ 38.8327726, 8.988922 ], [ 38.8289297, 8.9840815 ], [ 38.8254851, 8.9798109 ], [ 38.8208006, 8.9803978 ], [ 38.817983, 8.985495 ], [ 38.8097735, 8.9869675 ], [ 38.8079529, 8.9863615 ], [ 38.8066972, 8.9860036 ], [ 38.8035562, 8.9852867 ], [ 38.8021619, 8.9853275 ], [ 38.7996331, 8.9854045 ], [ 38.788826, 8.985809 ], [ 38.7855757, 8.9849273 ], [ 38.7842988, 8.9845215 ], [ 38.7838371, 8.9909241 ], [ 38.7795597, 9.0006527 ], [ 38.7787355, 9.0030202 ], [ 38.7780823, 9.0053305 ], [ 38.7798812, 9.0096691 ] ] ] } },
{ "type": "Feature", "properties": { "threshold_s": 300, "time_label": "5 min drive" }, "geometry": { "type": "Polygon", "coordinates": [ [ [ 38.7318462, 9.0510096 ], [ 38.7321607, 9.0522464 ], [ 38.7333003, 9.0534049 ], [ 38.7345053, 9.0532999 ], [ 38.735359, 9.0542481 ], [ 38.7351906, 9.0553483 ], [ 38.7358495, 9.0547642 ], [ 38.7373622, 9.0555475 ], [ 38.7376958, 9.0551661 ], [ 38.7395724, 9.0551183 ], [ 38.7403907, 9.0568583 ], [ 38.7404587, 9.0569122 ], [ 38.7424677, 9.0561537 ], [ 38.7428, 9.0562738 ], [ 38.7436166, 9.0569715 ], [ 38.744925, 9.0557852 ], [ 38.7468239, 9.0551739 ], [ 38.7471546, 9.0544738 ], [ 38.7472599, 9.0540753 ], [ 38.7477087, 9.0524597 ], [ 38.7480249, 9.0518228 ], [ 38.7480955, 9.0509887 ], [ 38.7479827, 9.0501691 ], [ 38.7473254, 9.0485695 ], [ 38.7472391, 9.0466156 ], [ 38.746521, 9.0449528 ], [ 38.7456875, 9.0454928 ], [ 38.744017, 9.0442946 ], [ 38.7443389, 9.0438357 ], [ 38.7447385, 9.0434768 ], [ 38.7454044, 9.0430285 ], [ 38.7457128, 9.0429139 ], [ 38.7457524, 9.0428735 ], [ 38.7456693, 9.0428139 ], [ 38.7442233, 9.043116 ], [ 38.7432231, 9.0426013 ], [ 38.7422173, 9.0432795 ], [ 38.7410022, 9.0435059 ], [ 38.7397933, 9.0438992 ], [ 38.7362547, 9.0439907 ], [ 38.736129, 9.0447854 ], [ 38.7356137, 9.046713 ], [ 38.735383, 9.0468779 ], [ 38.7340439, 9.0471309 ], [ 38.7335355, 9.0476102 ], [ 38.7333871, 9.0478058 ], [ 38.7321786, 9.0493237 ], [ 38.7318462, 9.0510096 ] ] ] } },
{ "type": "Feature", "properties": { "threshold_s": 600, "time_label": "10 min drive" }, "geometry": { "type": "Polygon", "coordinates": [ [ [ 38.7229138, 9.056755 ], [ 38.7233194, 9.058881 ], [ 38.7264709, 9.0618995 ], [ 38.7270085, 9.0624382 ], [ 38.7273793, 9.062566 ], [ 38.730207, 9.0632998 ], [ 38.7332008, 9.0640745 ], [ 38.7377793, 9.0649322 ], [ 38.7407942, 9.0663559 ], [ 38.741126, 9.0664583 ], [ 38.741568, 9.0665947 ], [ 38.7450644, 9.0669465 ], [ 38.7470103, 9.0664675 ], [ 38.7484218, 9.0651141 ], [ 38.7509311, 9.062913 ], [ 38.7528911, 9.0614244 ], [ 38.7532584, 9.0609385 ], [ 38.7530122, 9.060033 ], [ 38.7539978, 9.0561037 ], [ 38.7569102, 9.0555767 ], [ 38.7580541, 9.0542928 ], [ 38.7575429, 9.0527258 ], [ 38.756331, 9.0509065 ], [ 38.7548726, 9.0484944 ], [ 38.755617, 9.0458933 ], [ 38.7560377, 9.0453047 ], [ 38.7543348, 9.0412716 ], [ 38.752778, 9.0378629 ], [ 38.7522785, 9.0360923 ], [ 38.7506356, 9.033264 ], [ 38.7498634, 9.0331639 ], [ 38.7492119, 9.0335496 ], [ 38.7455097, 9.0345712 ], [ 38.7429368, 9.0342591 ], [ 38.7388659, 9.0341421 ], [ 38.7341834, 9.0342732 ], [ 38.7326221, 9.0357387 ], [ 38.7304449, 9.0371184 ], [ 38.7270181, 9.038047 ], [ 38.7263311, 9.0385136 ], [ 38.726096, 9.0398349 ], [ 38.7249861, 9.0435606 ], [ 38.7237067, 9.0479288 ], [ 38.7235954, 9.0507595 ], [ 38.7229759, 9.0544204 ], [ 38.7228872, 9.0559206 ], [ 38.7229138, 9.056755 ] ] ] } },
{ "type": "Feature", "properties": { "threshold_s": 900, "time_label": "15 min drive" }, "geometry": { "type": "Polygon", "coordinates": [ [ [ 38.7172703, 9.0624235 ], [ 38.7159044, 9.0653812 ], [ 38.7188479, 9.0676554 ], [ 38.7217079, 9.0706514 ], [ 38.7257969, 9.0726548 ], [ 38.7291224, 9.0709316 ], [ 38.732525099999989, 9.0719682 ], [ 38.7338488, 9.072825 ], [ 38.7348948, 9.0733919 ], [ 38.7380188, 9.0745215 ], [ 38.7389919, 9.0740699 ], [ 38.7436485, 9.0747601 ], [ 38.7441498, 9.0752923 ], [ 38.7436053, 9.0729628 ], [ 38.7478419, 9.0712001 ], [ 38.7500198, 9.0734554 ], [ 38.750977, 9.0733623 ], [ 38.75213, 9.0733097 ], [ 38.753555, 9.0732747 ], [ 38.7563378, 9.0707511 ], [ 38.7585841, 9.0694854 ], [ 38.75871, 9.0690168 ], [ 38.761816, 9.06533 ], [ 38.7640137, 9.0614665 ], [ 38.7623374, 9.0587314 ], [ 38.7662432, 9.0565334 ], [ 38.7666977, 9.0550089 ], [ 38.7665943, 9.0541103 ], [ 38.7652991, 9.0499347 ], [ 38.7652703, 9.0454849 ], [ 38.765882499999989, 9.0434368 ], [ 38.7659951, 9.0418875 ], [ 38.7634966, 9.0378188 ], [ 38.7620102, 9.0334911 ], [ 38.7618809, 9.0327945 ], [ 38.760904, 9.0319406 ], [ 38.7582228, 9.0285769 ], [ 38.7581126, 9.0269965 ], [ 38.7572955, 9.0263761 ], [ 38.7547844, 9.0252812 ], [ 38.7518575, 9.0242085 ], [ 38.7508048, 9.0245939 ], [ 38.746891, 9.025917 ], [ 38.7446363, 9.0266686 ], [ 38.7414669, 9.0261991 ], [ 38.7394184, 9.025827 ], [ 38.7356968, 9.0237495 ], [ 38.7344777, 9.0239488 ], [ 38.7314154, 9.0262225 ], [ 38.7306966, 9.0268223 ], [ 38.7278442, 9.0286219 ], [ 38.7234496, 9.0293674 ], [ 38.7209076, 9.0322156 ], [ 38.719316, 9.0342986 ], [ 38.7172089, 9.0371942 ], [ 38.7175321, 9.0385707 ], [ 38.7173233, 9.0421761 ], [ 38.7156379, 9.0435945 ], [ 38.7157425, 9.0442569 ], [ 38.7163641, 9.0449171 ], [ 38.7188915, 9.0484049 ], [ 38.7191489, 9.0506074 ], [ 38.7193219, 9.0513749 ], [ 38.7159558, 9.0542542 ], [ 38.7156486, 9.0545343 ], [ 38.7156266, 9.0545588 ], [ 38.7163179, 9.0556455 ], [ 38.7172968, 9.0576841 ], [ 38.7175503, 9.0612463 ], [ 38.7172703, 9.0624235 ] ] ] } },
{ "type": "Feature", "properties": { "threshold_s": 300, "time_label": "5 min drive" }, "geometry": { "type": "Polygon", "coordinates": [ [ [ 38.7671183, 9.0031016 ], [ 38.7674794, 9.0056217 ], [ 38.7687166, 9.0066328 ], [ 38.7719898, 9.0068159 ], [ 38.7735448, 9.0064593 ], [ 38.7759649, 9.0065026 ], [ 38.7775795, 9.0043913 ], [ 38.7772268, 9.0028263 ], [ 38.7766984, 8.9999864 ], [ 38.7766126, 8.999646 ], [ 38.7763283, 8.9988565 ], [ 38.7763041, 8.9957546 ], [ 38.7780153, 8.9925672 ], [ 38.778576, 8.992462 ], [ 38.7779845, 8.9920851 ], [ 38.7764195, 8.9911022 ], [ 38.7734872, 8.9905748 ], [ 38.7725604, 8.990016 ], [ 38.7722754, 8.990528 ], [ 38.7713957, 8.9920023 ], [ 38.7692598, 8.9946288 ], [ 38.768621, 8.9952975 ], [ 38.768194, 8.9957356 ], [ 38.767748, 8.9969339 ], [ 38.7656343, 8.9994049 ], [ 38.7652839, 8.999798 ], [ 38.7653333, 9.0005965 ], [ 38.7654833, 9.001129 ], [ 38.7671183, 9.0031016 ] ] ] } },
{ "type": "Feature", "properties": { "threshold_s": 600, "time_label": "10 min drive" }, "geometry": { "type": "Polygon", "coordinates": [ [ [ 38.7590828, 9.0075554 ], [ 38.7576903, 9.0118964 ], [ 38.7586435, 9.0127141 ], [ 38.7632994, 9.0143168 ], [ 38.767167, 9.0123421 ], [ 38.768895, 9.0121279 ], [ 38.7695735, 9.0120323 ], [ 38.7720471, 9.0162575 ], [ 38.7721413, 9.0163029 ], [ 38.7741335, 9.0152535 ], [ 38.776373, 9.0129175 ], [ 38.7792254, 9.0132141 ], [ 38.7793668, 9.0132882 ], [ 38.7812692, 9.0141888 ], [ 38.7811587, 9.0112123 ], [ 38.7839933, 9.0093829 ], [ 38.7865522, 9.0071981 ], [ 38.7873394, 9.0048926 ], [ 38.7870484, 9.004241 ], [ 38.7859947, 9.0008023 ], [ 38.7860298, 8.998377 ], [ 38.7854666, 8.9933759 ], [ 38.7867218, 8.9921765 ], [ 38.7881416, 8.9909852 ], [ 38.7893008, 8.9887511 ], [ 38.7878494, 8.9877103 ], [ 38.7855757, 8.9849273 ], [ 38.7810382, 8.9833915 ], [ 38.7780844, 8.9833345 ], [ 38.7732505, 8.9832664 ], [ 38.7730706, 8.9832607 ], [ 38.7720865, 8.9839641 ], [ 38.7670277, 8.9839665 ], [ 38.7666567, 8.9830736 ], [ 38.764124099999989, 8.9821933 ], [ 38.764265, 8.9836008 ], [ 38.7621897, 8.9874769 ], [ 38.7612578, 8.9906198 ], [ 38.7594068, 8.9930156 ], [ 38.7562131, 8.9949711 ], [ 38.7556778, 8.9958187 ], [ 38.7560478, 8.9962321 ], [ 38.7586856, 8.9999436 ], [ 38.7587616, 9.0011842 ], [ 38.7587711, 9.0014635 ], [ 38.7587985, 9.0020734 ], [ 38.7588645, 9.0036389 ], [ 38.7588747, 9.0040341 ], [ 38.7590709, 9.0058808 ], [ 38.7590704, 9.0068685 ], [ 38.7590828, 9.0075554 ] ] ] } },
{ "type": "Feature", "properties": { "threshold_s": 900, "time_label": "15 min drive" }, "geometry": { "type": "Polygon", "coordinates": [ [ [ 38.7505739, 9.0190794 ], [ 38.7518263, 9.0213936 ], [ 38.752181899999989, 9.0217133 ], [ 38.7536067, 9.0215262 ], [ 38.7600498, 9.0221853 ], [ 38.7602254, 9.0222978 ], [ 38.7605536, 9.0224021 ], [ 38.7650922, 9.0223314 ], [ 38.7677974, 9.0236685 ], [ 38.7681837, 9.0238363 ], [ 38.7722297, 9.0251154 ], [ 38.7766007, 9.0235376 ], [ 38.778927, 9.0223507 ], [ 38.7828895, 9.0215465 ], [ 38.7873343, 9.0195722 ], [ 38.7896598, 9.0192439 ], [ 38.791997, 9.0167392 ], [ 38.7948138, 9.0115059 ], [ 38.796052, 9.0087716 ], [ 38.7966496, 9.0067563 ], [ 38.797055, 9.0051511 ], [ 38.7970275, 9.0050917 ], [ 38.7967938, 9.004626 ], [ 38.7965531, 9.0041497 ], [ 38.7964382, 9.0039085 ], [ 38.7959731, 9.0027659 ], [ 38.7951352, 8.9973643 ], [ 38.7956395, 8.9945489 ], [ 38.7976136, 8.9913002 ], [ 38.7942992, 8.9887271 ], [ 38.791375, 8.9871117 ], [ 38.788826, 8.985809 ], [ 38.7879749, 8.9856538 ], [ 38.7855757, 8.9849273 ], [ 38.7842988, 8.9845215 ], [ 38.7829895, 8.9840922 ], [ 38.7787516, 8.9794447 ], [ 38.7777914, 8.9763594 ], [ 38.7774548, 8.9759568 ], [ 38.7773636, 8.975878 ], [ 38.7758334, 8.9749255 ], [ 38.7739026, 8.9749562 ], [ 38.7732374, 8.9751467 ], [ 38.771116, 8.9759723 ], [ 38.766807300000011, 8.9766861 ], [ 38.7630964, 8.9742431 ], [ 38.7606346, 8.9747696 ], [ 38.7602367, 8.9753929 ], [ 38.7596897, 8.9769291 ], [ 38.7550824, 8.9815164 ], [ 38.7538277, 8.9833521 ], [ 38.7509662, 8.9869971 ], [ 38.746548, 8.9912452 ], [ 38.74616, 8.9918001 ], [ 38.7453434, 8.9957544 ], [ 38.7453967, 8.9958182 ], [ 38.748930799999989, 8.9998262 ], [ 38.7512495, 9.0038793 ], [ 38.750598, 9.0068708 ], [ 38.7502626, 9.0077974 ], [ 38.7482888, 9.0109348 ], [ 38.7484279, 9.0131606 ], [ 38.7505739, 9.0190794 ] ] ] } },
{ "type": "Feature", "properties": { "threshold_s": 300, "time_label": "5 min drive" }, "geometry": { "type": "Polygon", "coordinates": [ [ [ 38.8023704, 9.017401 ], [ 38.8037421, 9.0189254 ], [ 38.804643, 9.0191079 ], [ 38.8066547, 9.0201329 ], [ 38.807704, 9.0203778 ], [ 38.8088993, 9.0203582 ], [ 38.809637, 9.0202318 ], [ 38.811054, 9.0201534 ], [ 38.8130429, 9.0212578 ], [ 38.8133974, 9.0214247 ], [ 38.8136935, 9.0215161 ], [ 38.8137814, 9.0214542 ], [ 38.813926, 9.0209635 ], [ 38.8133688, 9.0197109 ], [ 38.8126573, 9.0167641 ], [ 38.812659, 9.0157173 ], [ 38.8132313, 9.0149019 ], [ 38.8158358, 9.015769 ], [ 38.8149607, 9.0141972 ], [ 38.8161268, 9.0119246 ], [ 38.8172691, 9.0119811 ], [ 38.8186794, 9.0137801 ], [ 38.8201494, 9.0114735 ], [ 38.8193872, 9.0104136 ], [ 38.8182659, 9.0114084 ], [ 38.8162523, 9.0108916 ], [ 38.8167143, 9.008314 ], [ 38.8157744, 9.0072301 ], [ 38.8139248, 9.0056053 ], [ 38.812179, 9.0038137 ], [ 38.8121405, 9.0038958 ], [ 38.8111481, 9.0051072 ], [ 38.8087829, 9.0056212 ], [ 38.807956, 9.0060618 ], [ 38.8059445, 9.0070212 ], [ 38.8056402, 9.0071786 ], [ 38.8049162, 9.0076893 ], [ 38.8042796, 9.0101637 ], [ 38.8040681, 9.0123412 ], [ 38.804167, 9.0123654 ], [ 38.8042417, 9.0123665 ], [ 38.8067256, 9.0137114 ], [ 38.8057726, 9.0157653 ], [ 38.8054571, 9.0159235 ], [ 38.8050866, 9.0161148 ], [ 38.8027118, 9.0169641 ], [ 38.8025355, 9.0170072 ], [ 38.8023704, 9.017401 ] ] ] } },
{ "type": "Feature", "properties": { "threshold_s": 600, "time_label": "10 min drive" }, "geometry": { "type": "Polygon", "coordinates": [ [ [ 38.7936215, 9.01785 ], [ 38.7929892, 9.0212511 ], [ 38.7953645, 9.0235105 ], [ 38.7970364, 9.0240514 ], [ 38.799208, 9.0254482 ], [ 38.8020936, 9.0264203 ], [ 38.8055937, 9.0257918 ], [ 38.806314, 9.0257329 ], [ 38.8071703, 9.0253631 ], [ 38.8092436, 9.0249536 ], [ 38.8129946, 9.0250146 ], [ 38.8143496, 9.0279621 ], [ 38.8144722, 9.0294405 ], [ 38.8148688, 9.0299234 ], [ 38.8149015, 9.0299632 ], [ 38.8156535, 9.0297247 ], [ 38.8193934, 9.0295617 ], [ 38.820582, 9.0290534 ], [ 38.820523, 9.0286587 ], [ 38.8214323, 9.0264389 ], [ 38.8236189, 9.0259744 ], [ 38.8239537, 9.025957 ], [ 38.8243443, 9.0245301 ], [ 38.8242731, 9.0241467 ], [ 38.8234941, 9.0223614 ], [ 38.8261327, 9.0204954 ], [ 38.8265759, 9.0200041 ], [ 38.8272261, 9.0165398 ], [ 38.8275175, 9.0157705 ], [ 38.8273423, 9.0129731 ], [ 38.8283048, 9.0092346 ], [ 38.8288254, 9.0078165 ], [ 38.8293616, 9.0062613 ], [ 38.8289659, 9.0055265 ], [ 38.8275071, 9.00371 ], [ 38.82471, 9.0020276 ], [ 38.8227598, 9.0009279 ], [ 38.8212338, 8.9991704 ], [ 38.8195865, 8.9974694 ], [ 38.8194698, 8.9974246 ], [ 38.8160018, 8.9958258 ], [ 38.8139144, 8.9937504 ], [ 38.8121375, 8.9934609 ], [ 38.8118453, 8.9934614 ], [ 38.8113288, 8.9937649 ], [ 38.810144, 8.9947923 ], [ 38.8090577, 8.9957108 ], [ 38.8063582, 8.9967321 ], [ 38.8058382, 8.9967953 ], [ 38.8037968, 8.9973995 ], [ 38.8012956, 8.9984883 ], [ 38.7993438, 9.0015425 ], [ 38.7982943, 9.0031359 ], [ 38.7974873, 9.0060231 ], [ 38.7966496, 9.0067563 ], [ 38.79596, 9.0085734 ], [ 38.7954609, 9.0100269 ], [ 38.7952405, 9.0110731 ], [ 38.7953327, 9.0115677 ], [ 38.7956672, 9.0140037 ], [ 38.7937514, 9.0173155 ], [ 38.7936215, 9.01785 ] ] ] } },
{ "type": "Feature", "properties": { "threshold_s": 900, "time_label": "15 min drive" }, "geometry": { "type": "Polygon", "coordinates": [ [ [ 38.7866551, 9.0300591 ], [ 38.7867588, 9.0301967 ], [ 38.7916942, 9.0318211 ], [ 38.7947311, 9.0312946 ], [ 38.7988474, 9.0307862 ], [ 38.8011234, 9.0303124 ], [ 38.808201, 9.0306966 ], [ 38.8101278, 9.0326481 ], [ 38.8103267, 9.0327174 ], [ 38.8153981, 9.0345482 ], [ 38.8194276, 9.0345507 ], [ 38.8220178, 9.0342749 ], [ 38.8287561, 9.0357619 ], [ 38.83234, 9.030435 ], [ 38.8344597, 9.0293538 ], [ 38.8347538, 9.0284478 ], [ 38.8353941, 9.0233442 ], [ 38.8375525, 9.0214989 ], [ 38.8375856, 9.0207761 ], [ 38.8349981, 9.0157024 ], [ 38.8362731, 9.0120257 ], [ 38.8369119, 9.0105798 ], [ 38.8375936, 9.0082663 ], [ 38.8367785, 9.0061027 ], [ 38.8349131, 9.0008394 ], [ 38.8316054, 8.9976177 ], [ 38.8298823, 8.9926199 ], [ 38.8288815, 8.9916274 ], [ 38.828577, 8.9913473 ], [ 38.8246119, 8.9890365 ], [ 38.8196728, 8.9858488 ], [ 38.8190351, 8.9862093 ], [ 38.8172293, 8.987135 ], [ 38.8158998, 8.9886047 ], [ 38.8097735, 8.9869675 ], [ 38.8079529, 8.9863615 ], [ 38.8019554, 8.9871694 ], [ 38.7992705, 8.9883311 ], [ 38.7936797, 8.9917278 ], [ 38.7924798, 8.9935091 ], [ 38.7918475, 8.9944966 ], [ 38.79043, 8.9986976 ], [ 38.7872382, 9.0048582 ], [ 38.7865522, 9.0071981 ], [ 38.786128, 9.0087063 ], [ 38.7861091, 9.0087839 ], [ 38.7822345, 9.0146718 ], [ 38.7825032, 9.0156702 ], [ 38.7840036, 9.0191911 ], [ 38.7845997, 9.0226513 ], [ 38.7855547, 9.0261301 ], [ 38.7866551, 9.0300591 ] ] ] } },
{ "type": "Feature", "properties": { "threshold_s": 300, "time_label": "5 min drive" }, "geometry": { "type": "Polygon", "coordinates": [ [ [ 38.7787355, 9.0030202 ], [ 38.7780823, 9.0053305 ], [ 38.7796256, 9.0059179 ], [ 38.781114, 9.0070292 ], [ 38.7812226, 9.0070596 ], [ 38.7828239, 9.0074981 ], [ 38.7843038, 9.0083295 ], [ 38.7865522, 9.0071981 ], [ 38.7890474, 9.0069271 ], [ 38.7894939, 9.0070331 ], [ 38.7901645, 9.0068358 ], [ 38.7917436, 9.0057285 ], [ 38.7917389, 9.0056483 ], [ 38.7894034, 9.0046542 ], [ 38.7892042, 9.0040436 ], [ 38.7882698, 9.0017096 ], [ 38.7897293, 8.9996859 ], [ 38.7906855, 8.9993148 ], [ 38.7913789, 8.9990156 ], [ 38.7920983, 8.9987684 ], [ 38.792624, 8.9985777 ], [ 38.7931544, 8.9983837 ], [ 38.7936291, 8.9982041 ], [ 38.7941482, 8.9979968 ], [ 38.7946719, 8.9978068 ], [ 38.7949274, 8.9968629 ], [ 38.7949314, 8.9948251 ], [ 38.7947403, 8.9944516 ], [ 38.7943037, 8.9941335 ], [ 38.792913, 8.9938197 ], [ 38.7918435, 8.9923162 ], [ 38.7917543, 8.9922639 ], [ 38.7897353, 8.991741 ], [ 38.7879873, 8.9904466 ], [ 38.7860818, 8.9902517 ], [ 38.7838371, 8.9909241 ], [ 38.7816987, 8.9917573 ], [ 38.7816045, 8.9919559 ], [ 38.781175, 8.992913 ], [ 38.7809926, 8.9933249 ], [ 38.7790627, 8.9951092 ], [ 38.7781307, 8.9965431 ], [ 38.7782501, 8.9988141 ], [ 38.7795597, 9.0006527 ], [ 38.7787355, 9.0030202 ] ] ] } },
{ "type": "Feature", "properties": { "threshold_s": 600, "time_label": "10 min drive" }, "geometry": { "type": "Polygon", "coordinates": [ [ [ 38.7702843, 9.0101555 ], [ 38.773148, 9.0145762 ], [ 38.7732235, 9.0146348 ], [ 38.7741335, 9.0152535 ], [ 38.7793668, 9.0132882 ], [ 38.7819307, 9.0165447 ], [ 38.7870015, 9.0175376 ], [ 38.7888092, 9.0179132 ], [ 38.79037610000001, 9.0163806 ], [ 38.7956759, 9.013702 ], [ 38.7973108, 9.012178 ], [ 38.7994633, 9.0088444 ], [ 38.8012192, 9.004282 ], [ 38.8013844, 9.0027679 ], [ 38.8012889, 9.0015944 ], [ 38.8009721, 9.0010625 ], [ 38.7965052, 8.9969379 ], [ 38.797957, 8.9920335 ], [ 38.7992705, 8.9883311 ], [ 38.799967, 8.9868141 ], [ 38.7996331, 8.9854045 ], [ 38.7976586, 8.9872854 ], [ 38.7965669, 8.9878238 ], [ 38.791375, 8.9871117 ], [ 38.789819799999989, 8.986366 ], [ 38.788826, 8.985809 ], [ 38.7855757, 8.9849273 ], [ 38.7842988, 8.9845215 ], [ 38.7829895, 8.9840922 ], [ 38.7824454, 8.9839019 ], [ 38.7810382, 8.9833915 ], [ 38.779409, 8.9827553 ], [ 38.776095, 8.9835302 ], [ 38.7755186, 8.9855138 ], [ 38.7729816, 8.9907565 ], [ 38.7715057, 8.9948681 ], [ 38.7725108, 8.9964014 ], [ 38.7716421, 9.0009861 ], [ 38.7713341, 9.0014454 ], [ 38.7683524, 9.0042097 ], [ 38.7699708, 9.0073954 ], [ 38.7702843, 9.0101555 ] ] ] } },
{ "type": "Feature", "properties": { "threshold_s": 900, "time_label": "15 min drive" }, "geometry": { "type": "Polygon", "coordinates": [ [ [ 38.7623666, 9.0174082 ], [ 38.7650922, 9.0223314 ], [ 38.7664473, 9.0226405 ], [ 38.7717222, 9.0232818 ], [ 38.77651370000001, 9.0255786 ], [ 38.7830209, 9.0272291 ], [ 38.7873289, 9.0285497 ], [ 38.7940937, 9.0255635 ], [ 38.8016899, 9.0200113 ], [ 38.8033652, 9.0195915 ], [ 38.8061032, 9.0115015 ], [ 38.8079575, 9.0091341 ], [ 38.809306, 9.005337 ], [ 38.8101181, 9.0015752 ], [ 38.8105692, 8.994786 ], [ 38.8109257, 8.9889653 ], [ 38.8097735, 8.9869675 ], [ 38.8079529, 8.9863615 ], [ 38.8035562, 8.9852867 ], [ 38.8021619, 8.9853275 ], [ 38.7996331, 8.9854045 ], [ 38.7971379, 8.9861223 ], [ 38.788826, 8.985809 ], [ 38.7879749, 8.9856538 ], [ 38.7855757, 8.9849273 ], [ 38.7787516, 8.9794447 ], [ 38.7777914, 8.9763594 ], [ 38.7774548, 8.9759568 ], [ 38.7773636, 8.975878 ], [ 38.7760118, 8.9755812 ], [ 38.7748957, 8.9753542 ], [ 38.773596, 8.9756859 ], [ 38.7707829, 8.9764667 ], [ 38.7676058, 8.9774758 ], [ 38.764893, 8.9839074 ], [ 38.7638103, 8.9869976 ], [ 38.762479, 8.9967163 ], [ 38.7609245, 9.000468 ], [ 38.76146, 9.0035082 ], [ 38.7588792, 9.0116653 ], [ 38.7623666, 9.0174082 ] ] ] } },
{ "type": "Feature", "properties": { "threshold_s": 300, "time_label": "5 min drive" }, "geometry": { "type": "Polygon", "coordinates": [ [ [ 38.7788495, 9.0036191 ], [ 38.7791347, 9.0046913 ], [ 38.780947, 9.005392 ], [ 38.7824454, 9.0050943 ], [ 38.7836044, 9.0063722 ], [ 38.7841301, 9.0065027 ], [ 38.7846753, 9.0066285 ], [ 38.7847403, 9.0066431 ], [ 38.7854658, 9.0063013 ], [ 38.7860788, 9.0059955 ], [ 38.7871496, 9.0051748 ], [ 38.7881072, 9.0046141 ], [ 38.7894034, 9.0046542 ], [ 38.7892042, 9.0040436 ], [ 38.7882641, 9.0032555 ], [ 38.7882698, 9.0017096 ], [ 38.7889105, 9.0000486 ], [ 38.7897293, 8.9996859 ], [ 38.7906855, 8.9993148 ], [ 38.7913789, 8.9990156 ], [ 38.7920983, 8.9987684 ], [ 38.792624, 8.9985777 ], [ 38.7932951, 8.9971641 ], [ 38.7937435, 8.9959087 ], [ 38.7939765, 8.9951854 ], [ 38.7925811, 8.9942786 ], [ 38.79196, 8.9931645 ], [ 38.7918435, 8.9923162 ], [ 38.7917543, 8.9922639 ], [ 38.7897353, 8.991741 ], [ 38.7881416, 8.9909852 ], [ 38.7879873, 8.9904466 ], [ 38.7867721, 8.989924 ], [ 38.7860818, 8.9902517 ], [ 38.7847861, 8.9907155 ], [ 38.7838371, 8.9909241 ], [ 38.7826636, 8.9897776 ], [ 38.7818342, 8.9898611 ], [ 38.7816987, 8.9917573 ], [ 38.7808029, 8.9921666 ], [ 38.7792204, 8.9924686 ], [ 38.7792901, 8.9935064 ], [ 38.7792163, 8.9939508 ], [ 38.7777683, 8.9954023 ], [ 38.7781307, 8.9965431 ], [ 38.7776278, 8.9979624 ], [ 38.777362, 8.9984848 ], [ 38.7779966, 8.9994625 ], [ 38.7795597, 9.0006527 ], [ 38.7792411, 9.0026554 ], [ 38.7787355, 9.0030202 ], [ 38.7788495, 9.0036191 ] ] ] } },
{ "type": "Feature", "properties": { "threshold_s": 600, "time_label": "10 min drive" }, "geometry": { "type": "Polygon", "coordinates": [ [ [ 38.7714755, 9.0087054 ], [ 38.7732789, 9.0121882 ], [ 38.7742634, 9.0124589 ], [ 38.7743465, 9.0124832 ], [ 38.776373, 9.0129175 ], [ 38.7793668, 9.0132882 ], [ 38.7819307, 9.0165447 ], [ 38.787648, 9.0157163 ], [ 38.7929784, 9.012718 ], [ 38.7950341, 9.0117579 ], [ 38.7953327, 9.0115677 ], [ 38.7974214, 9.0082378 ], [ 38.7980086, 9.0070595 ], [ 38.7997138, 9.0024701 ], [ 38.7965052, 8.9969379 ], [ 38.797957, 8.9920335 ], [ 38.7997874, 8.9861208 ], [ 38.7996331, 8.9854045 ], [ 38.7965669, 8.9878238 ], [ 38.791375, 8.9871117 ], [ 38.789819799999989, 8.986366 ], [ 38.788826, 8.985809 ], [ 38.7855757, 8.9849273 ], [ 38.7842988, 8.9845215 ], [ 38.7829895, 8.9840922 ], [ 38.7784405, 8.9816191 ], [ 38.7747851, 8.9823095 ], [ 38.774466, 8.9840908 ], [ 38.7716921, 8.9892484 ], [ 38.7708546, 8.9939276 ], [ 38.7707889, 8.9960261 ], [ 38.7712938, 8.9985856 ], [ 38.7699232, 9.0043125 ], [ 38.7697441, 9.0055966 ], [ 38.7714755, 9.0087054 ] ] ] } },
{ "type": "Feature", "properties": { "threshold_s": 900, "time_label": "15 min drive" }, "geometry": { "type": "Polygon", "coordinates": [ [ [ 38.76206, 9.0111118 ], [ 38.7631341, 9.0172933 ], [ 38.7636571, 9.0176742 ], [ 38.766175, 9.0194163 ], [ 38.7686595, 9.0207369 ], [ 38.777594, 9.0246542 ], [ 38.7806417, 9.0258586 ], [ 38.7823913, 9.0264422 ], [ 38.7866456, 9.02633 ], [ 38.793055, 9.0232857 ], [ 38.8007335, 9.0190982 ], [ 38.80231, 9.0167802 ], [ 38.8025814, 9.0160673 ], [ 38.8071023, 9.0065099 ], [ 38.8088088, 9.0004855 ], [ 38.8083713, 8.9979499 ], [ 38.8097735, 8.9869675 ], [ 38.8035562, 8.9852867 ], [ 38.8021619, 8.9853275 ], [ 38.7996331, 8.9854045 ], [ 38.7971379, 8.9861223 ], [ 38.7880106, 8.9854871 ], [ 38.7855757, 8.9849273 ], [ 38.7787516, 8.9794447 ], [ 38.7777914, 8.9763594 ], [ 38.7756114, 8.9726492 ], [ 38.774991, 8.9719637 ], [ 38.7664554, 8.976657 ], [ 38.763834, 8.9819059 ], [ 38.7622147, 8.9858887 ], [ 38.7619851, 8.9958804 ], [ 38.762364, 9.0030482 ], [ 38.76206, 9.0111118 ] ] ] } },
{ "type": "Feature", "properties": { "threshold_s": 300, "time_label": "5 min drive" }, "geometry": { "type": "Polygon", "coordinates": [ [ [ 38.8087829, 9.0056212 ], [ 38.8090353, 9.0061352 ], [ 38.8108174, 9.0069524 ], [ 38.8111297, 9.0077309 ], [ 38.8117729, 9.0085945 ], [ 38.8123007, 9.0095472 ], [ 38.8132216, 9.0100243 ], [ 38.8138905, 9.0100125 ], [ 38.8152041, 9.0109634 ], [ 38.8156991, 9.0109638 ], [ 38.8156193, 9.0095021 ], [ 38.8167143, 9.008314 ], [ 38.817747, 9.0087776 ], [ 38.8185341, 9.0084452 ], [ 38.8198317, 9.0078703 ], [ 38.8205452, 9.0095604 ], [ 38.8193872, 9.0104136 ], [ 38.8198282, 9.0115553 ], [ 38.8201494, 9.0114735 ], [ 38.8219222, 9.0121876 ], [ 38.8226267, 9.0109253 ], [ 38.8231718, 9.0097123 ], [ 38.8247563, 9.0089754 ], [ 38.8247448, 9.0081683 ], [ 38.8256568, 9.0066073 ], [ 38.8264608, 9.0058175 ], [ 38.8254516, 9.0040688 ], [ 38.8253637, 9.0037138 ], [ 38.8251673, 9.0028349 ], [ 38.8253255, 9.0013659 ], [ 38.8258553, 9.0002553 ], [ 38.8259665, 8.9992417 ], [ 38.825283, 8.9987407 ], [ 38.8249847, 8.9984478 ], [ 38.8243356, 8.997982 ], [ 38.8237502, 8.9974591 ], [ 38.8239933, 8.9957738 ], [ 38.8236846, 8.9949151 ], [ 38.8217005, 8.9954251 ], [ 38.8200536, 8.995641 ], [ 38.8188793, 8.9961121 ], [ 38.8179501, 8.9978595 ], [ 38.8168704, 8.9975677 ], [ 38.8166777, 8.9978832 ], [ 38.8160808, 8.9983698 ], [ 38.8145953, 8.9982925 ], [ 38.8137997, 8.9974607 ], [ 38.8131038, 8.9982148 ], [ 38.8118703, 8.9994158 ], [ 38.8110528, 9.0001919 ], [ 38.8100181, 9.0011453 ], [ 38.8097799, 9.001739 ], [ 38.8102474, 9.0027369 ], [ 38.8103521, 9.0030025 ], [ 38.8105244, 9.0035981 ], [ 38.8089761, 9.0046984 ], [ 38.8087829, 9.0056212 ] ] ] } },
{ "type": "Feature", "properties": { "threshold_s": 600, "time_label": "10 min drive" }, "geometry": { "type": "Polygon", "coordinates": [ [ [ 38.7990177, 9.0090624 ], [ 38.7997214, 9.0114246 ], [ 38.8004413, 9.0119925 ], [ 38.8017677, 9.0117102 ], [ 38.8040681, 9.0123412 ], [ 38.8050866, 9.0161148 ], [ 38.8071695, 9.0169841 ], [ 38.8103827, 9.0179892 ], [ 38.8126573, 9.0167641 ], [ 38.8175437, 9.0163151 ], [ 38.8199606, 9.0189684 ], [ 38.82083, 9.0188161 ], [ 38.8212509, 9.0187748 ], [ 38.8215588, 9.0187509 ], [ 38.8235368, 9.0189136 ], [ 38.826303, 9.0218102 ], [ 38.8284089, 9.0176488 ], [ 38.8288702, 9.0160176 ], [ 38.8296814, 9.0140506 ], [ 38.8317193, 9.0117335 ], [ 38.8328965, 9.0097675 ], [ 38.8338448, 9.0069608 ], [ 38.8330623, 9.0039839 ], [ 38.8340109, 9.0018705 ], [ 38.8349131, 9.0008394 ], [ 38.8327024, 8.99827 ], [ 38.8320462, 8.9938915 ], [ 38.8325769, 8.9926727 ], [ 38.8333145, 8.9907645 ], [ 38.8336094, 8.9895774 ], [ 38.8330749, 8.9887201 ], [ 38.8289319, 8.9866753 ], [ 38.828459, 8.9867431 ], [ 38.8273051, 8.9870493 ], [ 38.8235769, 8.9858801 ], [ 38.8191962, 8.9872533 ], [ 38.8175372, 8.9873423 ], [ 38.8166645, 8.988021 ], [ 38.8158998, 8.9886047 ], [ 38.8127899, 8.9893411 ], [ 38.8103143, 8.9883096 ], [ 38.8072863, 8.9919213 ], [ 38.8052905, 8.993525 ], [ 38.8026126, 8.9969332 ], [ 38.8021955, 9.0011235 ], [ 38.8012598, 9.0016915 ], [ 38.8009754, 9.0029979 ], [ 38.8012192, 9.004282 ], [ 38.8019364, 9.0054341 ], [ 38.7990177, 9.0090624 ] ] ] } },
{ "type": "Feature", "properties": { "threshold_s": 900, "time_label": "15 min drive" }, "geometry": { "type": "Polygon", "coordinates": [ [ [ 38.7904882, 9.0158742 ], [ 38.7949134, 9.0210762 ], [ 38.8009441, 9.0247968 ], [ 38.8018037, 9.024702 ], [ 38.8093892, 9.0245806 ], [ 38.8140818, 9.0259528 ], [ 38.8147241, 9.0258773 ], [ 38.8163343, 9.0250546 ], [ 38.8228669, 9.0278268 ], [ 38.8249282, 9.0291742 ], [ 38.8269597, 9.0306289 ], [ 38.8295485, 9.030033 ], [ 38.8307024, 9.0296536 ], [ 38.83358, 9.0284675 ], [ 38.8375525, 9.0214989 ], [ 38.8387001, 9.0214504 ], [ 38.8390236, 9.0214427 ], [ 38.8392593, 9.0214433 ], [ 38.840135, 9.0144086 ], [ 38.8422945, 9.0106625 ], [ 38.8434183, 9.0086094 ], [ 38.8431904, 9.0075458 ], [ 38.8408287, 9.0013282 ], [ 38.8405692, 8.9998724 ], [ 38.8407039, 8.9932839 ], [ 38.8422161, 8.9906117 ], [ 38.8432194, 8.9894626 ], [ 38.8418519, 8.9834647 ], [ 38.8410306, 8.9806387 ], [ 38.8409653, 8.9806 ], [ 38.8395883, 8.9799969 ], [ 38.8388063, 8.9797725 ], [ 38.8374652, 8.982443 ], [ 38.8355902, 8.9835434 ], [ 38.8304619, 8.9779273 ], [ 38.8302928, 8.9775749 ], [ 38.8296479, 8.9770834 ], [ 38.8268535, 8.977765 ], [ 38.8211882, 8.9830776 ], [ 38.8200144, 8.9840292 ], [ 38.817983, 8.985495 ], [ 38.8172293, 8.987135 ], [ 38.8097735, 8.9869675 ], [ 38.8079529, 8.9863615 ], [ 38.8066972, 8.9860036 ], [ 38.8035562, 8.9852867 ], [ 38.8021619, 8.9853275 ], [ 38.8009586, 8.9855935 ], [ 38.7976586, 8.9872854 ], [ 38.7949314, 8.9948251 ], [ 38.7944971, 8.995647 ], [ 38.7937863, 8.9969911 ], [ 38.7936291, 8.9982041 ], [ 38.7917389, 9.0056483 ], [ 38.7913004, 9.006308 ], [ 38.7895234, 9.0088889 ], [ 38.789299, 9.0139947 ], [ 38.7894506, 9.0147281 ], [ 38.7904882, 9.0158742 ] ] ] } },
{ "type": "Feature", "properties": { "threshold_s": 300, "time_label": "5 min drive" }, "geometry": { "type": "Polygon", "coordinates": [ [ [ 38.7990177, 9.0090624 ], [ 38.7992304, 9.0116693 ], [ 38.8004413, 9.0119925 ], [ 38.8017677, 9.0117102 ], [ 38.8040681, 9.0123412 ], [ 38.804167, 9.0123654 ], [ 38.8042417, 9.0123665 ], [ 38.8061391, 9.0126899 ], [ 38.8067256, 9.0137114 ], [ 38.8074242, 9.0149396 ], [ 38.8080952, 9.0150827 ], [ 38.8101101, 9.0145325 ], [ 38.811043, 9.0138626 ], [ 38.8122518, 9.0124888 ], [ 38.8127466, 9.0114028 ], [ 38.8152041, 9.0109634 ], [ 38.8156193, 9.0095021 ], [ 38.8167143, 9.008314 ], [ 38.8157744, 9.0072301 ], [ 38.81506, 9.0060411 ], [ 38.8164621, 9.0039919 ], [ 38.8168907, 9.0039882 ], [ 38.8159438, 9.0019077 ], [ 38.8144559, 9.0005295 ], [ 38.8137773, 9.0001069 ], [ 38.8122265, 8.9988117 ], [ 38.8118942, 8.9985208 ], [ 38.8105743, 8.997857 ], [ 38.8105702, 8.9982139 ], [ 38.8105596, 8.9991003 ], [ 38.8088088, 9.0004855 ], [ 38.8073943, 8.9991009 ], [ 38.8070261, 8.9987976 ], [ 38.806694899999989, 8.9984982 ], [ 38.8049696, 8.9990194 ], [ 38.8046476, 9.0003258 ], [ 38.8024677, 9.0009613 ], [ 38.8021955, 9.0011235 ], [ 38.8012598, 9.0016915 ], [ 38.8009754, 9.0029979 ], [ 38.8012192, 9.004282 ], [ 38.8019364, 9.0054341 ], [ 38.8030658, 9.0047334 ], [ 38.8034796, 9.0044801 ], [ 38.805528099999989, 9.0043363 ], [ 38.8070578, 9.0053042 ], [ 38.8059445, 9.0070212 ], [ 38.8056402, 9.0071786 ], [ 38.8049791, 9.0076544 ], [ 38.8049162, 9.0076893 ], [ 38.802897, 9.0088572 ], [ 38.8017493, 9.0093791 ], [ 38.7999015, 9.0093082 ], [ 38.7990177, 9.0090624 ] ] ] } },
{ "type": "Feature", "properties": { "threshold_s": 600, "time_label": "10 min drive" }, "geometry": { "type": "Polygon", "coordinates": [ [ [ 38.7949772, 9.0201918 ], [ 38.7947935, 9.0210845 ], [ 38.7949134, 9.0210762 ], [ 38.7985591, 9.0230077 ], [ 38.7986196, 9.0231216 ], [ 38.8013113, 9.0240498 ], [ 38.8033248, 9.0230951 ], [ 38.8045948, 9.0220445 ], [ 38.8083148, 9.0203995 ], [ 38.8110784, 9.0214064 ], [ 38.8151143, 9.0219123 ], [ 38.8171751, 9.0194641 ], [ 38.8171611, 9.0191599 ], [ 38.8174471, 9.017213 ], [ 38.8174788, 9.0169177 ], [ 38.8186794, 9.0137801 ], [ 38.8208147, 9.013098 ], [ 38.8232273, 9.0147013 ], [ 38.8235384, 9.015215 ], [ 38.823589, 9.0151629 ], [ 38.8246822, 9.0117334 ], [ 38.8265068, 9.0084036 ], [ 38.8267102, 9.0063457 ], [ 38.8264608, 9.0058175 ], [ 38.8253637, 9.0037138 ], [ 38.8258553, 9.0002553 ], [ 38.8256806, 8.9995867 ], [ 38.8255114, 8.9989837 ], [ 38.8239933, 8.9957738 ], [ 38.8236846, 8.9949151 ], [ 38.8225064, 8.9940349 ], [ 38.8216644, 8.994241 ], [ 38.8193455, 8.9939846 ], [ 38.8178312, 8.991968 ], [ 38.8156034, 8.9899318 ], [ 38.8141627, 8.9895817 ], [ 38.8127899, 8.9893411 ], [ 38.80954, 8.9893398 ], [ 38.8078643, 8.9888901 ], [ 38.804278, 8.9892976 ], [ 38.8027722, 8.9892875 ], [ 38.8019789, 8.9892908 ], [ 38.80187, 8.9896704 ], [ 38.8018267, 8.9898213 ], [ 38.8024711, 8.9914824 ], [ 38.8022096, 8.9940263 ], [ 38.8026126, 8.9969332 ], [ 38.8004776, 8.9984045 ], [ 38.7984775, 8.9990207 ], [ 38.7965052, 8.9969379 ], [ 38.7956395, 8.9945489 ], [ 38.794295, 8.996814 ], [ 38.7941482, 8.9979968 ], [ 38.7946719, 8.9978068 ], [ 38.7981365, 8.9992974 ], [ 38.7955181, 9.0020965 ], [ 38.7943165, 9.0036151 ], [ 38.7917389, 9.0056483 ], [ 38.7913004, 9.006308 ], [ 38.7895234, 9.0088889 ], [ 38.7896763, 9.0092286 ], [ 38.7894273, 9.0132141 ], [ 38.789299, 9.0139947 ], [ 38.7894506, 9.0147281 ], [ 38.7904882, 9.0158742 ], [ 38.7923031, 9.016046 ], [ 38.7943567, 9.0167659 ], [ 38.7949772, 9.0201918 ] ] ] } },
{ "type": "Feature", "properties": { "threshold_s": 900, "time_label": "15 min drive" }, "geometry": { "type": "Polygon", "coordinates": [ [ [ 38.7860295, 9.0246382 ], [ 38.7894387, 9.0289885 ], [ 38.7932669, 9.0305704 ], [ 38.7988474, 9.0307862 ], [ 38.808201, 9.0306966 ], [ 38.8160702, 9.0304005 ], [ 38.8206955, 9.0302398 ], [ 38.8208033, 9.0302269 ], [ 38.826657, 9.0257235 ], [ 38.8295125, 9.0191713 ], [ 38.8322389, 9.0134539 ], [ 38.8346003, 9.0074879 ], [ 38.8345014, 9.0010924 ], [ 38.8325769, 8.9926727 ], [ 38.8333145, 8.9907645 ], [ 38.8336094, 8.9895774 ], [ 38.8330749, 8.9887201 ], [ 38.8289319, 8.9866753 ], [ 38.8211882, 8.9830776 ], [ 38.8200144, 8.9840292 ], [ 38.8192918, 8.9852444 ], [ 38.8097735, 8.9869675 ], [ 38.8079529, 8.9863615 ], [ 38.8066972, 8.9860036 ], [ 38.8035396, 8.9855276 ], [ 38.8021619, 8.9853275 ], [ 38.7976586, 8.9872854 ], [ 38.788826, 8.985809 ], [ 38.7867218, 8.9921765 ], [ 38.7834549, 9.0004129 ], [ 38.7809178, 9.0040156 ], [ 38.7805226, 9.0045304 ], [ 38.7801361, 9.0051451 ], [ 38.7798812, 9.0096691 ], [ 38.7797847, 9.0147089 ], [ 38.7821863, 9.0204951 ], [ 38.7828895, 9.0215465 ], [ 38.7860295, 9.0246382 ] ] ] } },
{ "type": "Feature", "properties": { "threshold_s": 300, "time_label": "5 min drive" }, "geometry": { "type": "Polygon", "coordinates": [ [ [ 38.7236375, 8.9511309 ], [ 38.7245884, 8.9527456 ], [ 38.7259094, 8.9535975 ], [ 38.7261683, 8.9534385 ], [ 38.7285447, 8.9530967 ], [ 38.731062, 8.9531298 ], [ 38.7325533, 8.954595 ], [ 38.7337321, 8.9525244 ], [ 38.7327489, 8.9519115 ], [ 38.7330755, 8.9499822 ], [ 38.733313, 8.9497662 ], [ 38.7344268, 8.94908 ], [ 38.7359396, 8.9495212 ], [ 38.7366857, 8.9505038 ], [ 38.7372737, 8.9516334 ], [ 38.7389525, 8.9507004 ], [ 38.7390992, 8.9499318 ], [ 38.7396683, 8.9478992 ], [ 38.7393714, 8.9464503 ], [ 38.7390207, 8.9458449 ], [ 38.7384032, 8.9449268 ], [ 38.737359, 8.9446503 ], [ 38.7359986, 8.9446844 ], [ 38.7349289, 8.9437681 ], [ 38.7336637, 8.9433848 ], [ 38.7335564, 8.9435252 ], [ 38.7328389, 8.944487 ], [ 38.732661899999989, 8.9455018 ], [ 38.7321201, 8.9466292 ], [ 38.7298992, 8.9464768 ], [ 38.7287719, 8.9457979 ], [ 38.728182, 8.9450135 ], [ 38.7277816, 8.9432165 ], [ 38.7279251, 8.9426627 ], [ 38.727795, 8.9425475 ], [ 38.7260826, 8.942055 ], [ 38.7250015, 8.9438988 ], [ 38.7238302, 8.9459732 ], [ 38.7236755, 8.9460914 ], [ 38.7235045, 8.947238 ], [ 38.7231357, 8.948013 ], [ 38.7215566, 8.9491322 ], [ 38.7215715, 8.9492227 ], [ 38.7225452, 8.9499854 ], [ 38.7236375, 8.9511309 ] ] ] } },
{ "type": "Feature", "properties": { "threshold_s": 600, "time_label": "10 min drive" }, "geometry": { "type": "Polygon", "coordinates": [ [ [ 38.7127281, 8.9547367 ], [ 38.7133864, 8.9560024 ], [ 38.7168521, 8.9578128 ], [ 38.7188125, 8.9584052 ], [ 38.7194299, 8.9585557 ], [ 38.7204063, 8.9587277 ], [ 38.72076, 8.9587796 ], [ 38.7252402, 8.9609657 ], [ 38.727252, 8.9618413 ], [ 38.7298085, 8.9625766 ], [ 38.73210550000001, 8.9646348 ], [ 38.7329563, 8.9650128 ], [ 38.7338065, 8.9651427 ], [ 38.7355458, 8.9629714 ], [ 38.7352973, 8.9619756 ], [ 38.7352396, 8.9611247 ], [ 38.7351846, 8.9609923 ], [ 38.7348681, 8.9596248 ], [ 38.7364709, 8.9560006 ], [ 38.7412389, 8.9554323 ], [ 38.741532, 8.9558019 ], [ 38.7429693, 8.9567245 ], [ 38.7436067, 8.9570909 ], [ 38.745216, 8.9570471 ], [ 38.7459107, 8.9567583 ], [ 38.7473767, 8.9545751 ], [ 38.7489388, 8.9514326 ], [ 38.7492261, 8.9479512 ], [ 38.7504342, 8.946489 ], [ 38.748448, 8.9445095 ], [ 38.7464726, 8.9417421 ], [ 38.7452078, 8.9398899 ], [ 38.7445986, 8.9365715 ], [ 38.7444971, 8.9361433 ], [ 38.7429546, 8.9366308 ], [ 38.7391264, 8.9357967 ], [ 38.7350478, 8.9366304 ], [ 38.7341009, 8.9345072 ], [ 38.7339035, 8.9321621 ], [ 38.7337568, 8.9308869 ], [ 38.733319, 8.9309672 ], [ 38.7327524, 8.9325623 ], [ 38.7315971, 8.9351272 ], [ 38.7283678, 8.9374342 ], [ 38.7251108, 8.9369114 ], [ 38.7233846, 8.9361169 ], [ 38.7208172, 8.9348974 ], [ 38.7206215, 8.9350179 ], [ 38.7205403, 8.9351504 ], [ 38.7182757, 8.9384784 ], [ 38.7166619, 8.9404894 ], [ 38.7172287, 8.9441242 ], [ 38.7157618, 8.9461813 ], [ 38.7131571, 8.9483118 ], [ 38.7129899, 8.9501631 ], [ 38.7127281, 8.9547367 ] ] ] } },
{ "type": "Feature", "properties": { "threshold_s": 900, "time_label": "15 min drive" }, "geometry": { "type": "Polygon", "coordinates": [ [ [ 38.7026042, 8.9508445 ], [ 38.7024621, 8.9557787 ], [ 38.7052918, 8.9583318 ], [ 38.7066028, 8.9589294 ], [ 38.7066794, 8.9589522 ], [ 38.7082998, 8.9591877 ], [ 38.7114208, 8.963849 ], [ 38.7113571, 8.9645981 ], [ 38.7173375, 8.9666438 ], [ 38.7203176, 8.9682343 ], [ 38.7225541, 8.9695743 ], [ 38.7273359, 8.9723919 ], [ 38.7282767, 8.9734457 ], [ 38.7284056, 8.9735597 ], [ 38.7288812, 8.9736299 ], [ 38.7317352, 8.9738671 ], [ 38.7376476, 8.9735123 ], [ 38.7421633, 8.9718188 ], [ 38.7425491, 8.9703814 ], [ 38.7372129, 8.9662997 ], [ 38.7355458, 8.9629714 ], [ 38.7352973, 8.9619756 ], [ 38.7352396, 8.9611247 ], [ 38.7351846, 8.9609923 ], [ 38.7348681, 8.9596248 ], [ 38.7364709, 8.9560006 ], [ 38.741532, 8.9558019 ], [ 38.7429656, 8.9598609 ], [ 38.7471484, 8.9615265 ], [ 38.748434, 8.9624604 ], [ 38.7499458, 8.9633729 ], [ 38.7517772, 8.9621726 ], [ 38.7522419, 8.9618518 ], [ 38.7538859, 8.9605227 ], [ 38.7547546, 8.9598338 ], [ 38.7548585, 8.9593762 ], [ 38.7552287, 8.9532941 ], [ 38.7557587, 8.9515562 ], [ 38.7564214, 8.9498045 ], [ 38.7594397, 8.944691 ], [ 38.7584641, 8.9421169 ], [ 38.7553145, 8.9371634 ], [ 38.753036, 8.9312932 ], [ 38.7491611, 8.9294326 ], [ 38.7467423, 8.92791 ], [ 38.7449545, 8.9273318 ], [ 38.7419405, 8.9269762 ], [ 38.7375946, 8.9226142 ], [ 38.7370307, 8.9220699 ], [ 38.734772, 8.9204909 ], [ 38.7333633, 8.9200194 ], [ 38.7319872, 8.9212163 ], [ 38.7305405, 8.9223815 ], [ 38.7297078, 8.9236668 ], [ 38.7286594, 8.9248445 ], [ 38.7225024, 8.9240636 ], [ 38.7222866, 8.9253297 ], [ 38.7222737, 8.9254631 ], [ 38.7221785, 8.9270125 ], [ 38.717384, 8.9306505 ], [ 38.716904, 8.93066 ], [ 38.7163543, 8.9307024 ], [ 38.7156326, 8.9307128 ], [ 38.7151672, 8.9307128 ], [ 38.71189420000001, 8.9305843 ], [ 38.7106329, 8.9335387 ], [ 38.7111586, 8.9337705 ], [ 38.7124434, 8.9340938 ], [ 38.7152611, 8.9361367 ], [ 38.7158471, 8.9413677 ], [ 38.713008, 8.9426952 ], [ 38.7106309, 8.9421838 ], [ 38.7089847, 8.940755 ], [ 38.7086068, 8.9409726 ], [ 38.707981599999989, 8.9413373 ], [ 38.7070924, 8.9421567 ], [ 38.7051688, 8.9476046 ], [ 38.7028572, 8.950524 ], [ 38.7026042, 8.9508445 ] ] ] } },
{ "type": "Feature", "properties": { "threshold_s": 300, "time_label": "5 min drive" }, "geometry": { "type": "Polygon", "coordinates": [ [ [ 38.7280704, 8.9881697 ], [ 38.7282382, 8.98919 ], [ 38.7289167, 8.9891356 ], [ 38.7301973, 8.9894671 ], [ 38.7303544, 8.9902604 ], [ 38.7308158, 8.9908518 ], [ 38.7315459, 8.990608 ], [ 38.732326, 8.9908307 ], [ 38.733361, 8.9914642 ], [ 38.733715, 8.9918419 ], [ 38.7345606, 8.9911895 ], [ 38.7357491, 8.9923739 ], [ 38.7358524, 8.9916612 ], [ 38.7361859, 8.9903311 ], [ 38.7371454, 8.9903463 ], [ 38.7378312, 8.9901859 ], [ 38.7379271, 8.990123 ], [ 38.7381953, 8.9896915 ], [ 38.7384434, 8.9890888 ], [ 38.7376133, 8.9892067 ], [ 38.7375093, 8.9878106 ], [ 38.7375328, 8.9866713 ], [ 38.7389203, 8.986896 ], [ 38.7392226, 8.9874092 ], [ 38.740175, 8.9866201 ], [ 38.7394246, 8.9858788 ], [ 38.7399909, 8.9851374 ], [ 38.7392813, 8.9844006 ], [ 38.7399642, 8.9833478 ], [ 38.7399087, 8.9830778 ], [ 38.7405449, 8.9819251 ], [ 38.7396102, 8.9817251 ], [ 38.7400372, 8.9805206 ], [ 38.7390094, 8.9805037 ], [ 38.7376123, 8.9805423 ], [ 38.7374348, 8.9800368 ], [ 38.7373146, 8.9795832 ], [ 38.736845, 8.9792514 ], [ 38.7356643, 8.9795996 ], [ 38.7343044, 8.9793256 ], [ 38.7333319, 8.9786878 ], [ 38.7332414, 8.9782144 ], [ 38.7328836, 8.9778363 ], [ 38.733022, 8.9786617 ], [ 38.7317344, 8.9790601 ], [ 38.7314905, 8.9788451 ], [ 38.7301135, 8.9791555 ], [ 38.7296599, 8.9798651 ], [ 38.7293944, 8.9809012 ], [ 38.7291629, 8.9813164 ], [ 38.7286379, 8.9825447 ], [ 38.7285984, 8.9830587 ], [ 38.7293418, 8.9834348 ], [ 38.7292345, 8.9847701 ], [ 38.7287934, 8.9848403 ], [ 38.7284161, 8.9847695 ], [ 38.7276582, 8.9862241 ], [ 38.7277318, 8.9862346 ], [ 38.7287772, 8.9867815 ], [ 38.7287219, 8.98736 ], [ 38.7284889, 8.9878255 ], [ 38.7280704, 8.9881697 ] ] ] } },
{ "type": "Feature", "properties": { "threshold_s": 600, "time_label": "10 min drive" }, "geometry": { "type": "Polygon", "coordinates": [ [ [ 38.719359, 8.9912602 ], [ 38.7200907, 8.9946584 ], [ 38.7210442, 8.995031 ], [ 38.7242852, 8.9953717 ], [ 38.728349, 8.997969 ], [ 38.7289264, 8.9982376 ], [ 38.7307139, 8.9976947 ], [ 38.7308209, 8.9976433 ], [ 38.7344089, 8.9966973 ], [ 38.7384094, 8.9990658 ], [ 38.7385125, 9.0008076 ], [ 38.7386283, 9.0010025 ], [ 38.7405517, 9.0016754 ], [ 38.7406738, 9.0016086 ], [ 38.741196, 8.9981371 ], [ 38.7412902, 8.9975805 ], [ 38.7424426, 8.9950761 ], [ 38.7458342, 8.9949273 ], [ 38.7463083, 8.995148 ], [ 38.7467784, 8.9939409 ], [ 38.7474105, 8.9903383 ], [ 38.7474295, 8.9901028 ], [ 38.7481404, 8.9858067 ], [ 38.749083, 8.9838288 ], [ 38.7496555, 8.9826637 ], [ 38.7495568, 8.9814266 ], [ 38.7494497, 8.9805597 ], [ 38.7481427, 8.978128 ], [ 38.7460238, 8.974639 ], [ 38.7422511, 8.9720595 ], [ 38.7418548, 8.9716482 ], [ 38.7388259, 8.969511 ], [ 38.7387184, 8.9695725 ], [ 38.7361004, 8.970272 ], [ 38.7319377, 8.9689565 ], [ 38.7319965, 8.9671521 ], [ 38.7311211, 8.9671164 ], [ 38.7264578, 8.9692085 ], [ 38.7263641, 8.9696982 ], [ 38.726311699999989, 8.9714187 ], [ 38.7256413, 8.9758612 ], [ 38.7258704, 8.9763704 ], [ 38.7270547, 8.9798003 ], [ 38.7239528, 8.9834432 ], [ 38.7201629, 8.9848828 ], [ 38.7195348, 8.9877642 ], [ 38.7192804, 8.9896641 ], [ 38.719359, 8.9912602 ] ] ] } },
{ "type": "Feature", "properties": { "threshold_s": 900, "time_label": "15 min drive" }, "geometry": { "type": "Polygon", "coordinates": [ [ [ 38.7189773, 9.0029713 ], [ 38.7193601, 9.0036258 ], [ 38.7199702, 9.0042617 ], [ 38.7224929, 8.9990797 ], [ 38.7236724, 8.9987142 ], [ 38.7268985, 8.9991841 ], [ 38.7292146, 9.0052443 ], [ 38.730935700000011, 9.0078495 ], [ 38.7313527, 9.0086805 ], [ 38.7326844, 9.0097605 ], [ 38.7341748, 9.0107132 ], [ 38.7359776, 9.0102827 ], [ 38.7371388, 9.0095967 ], [ 38.7383308, 9.0091723 ], [ 38.7446973, 9.0110568 ], [ 38.7462365, 9.010408 ], [ 38.7495799, 9.006002 ], [ 38.7525602, 9.0030854 ], [ 38.7533004, 9.0021771 ], [ 38.7558497, 8.9985688 ], [ 38.7573144, 8.9956224 ], [ 38.7573215, 8.9950994 ], [ 38.757282, 8.9947973 ], [ 38.7565699, 8.9926533 ], [ 38.7578753, 8.9870874 ], [ 38.7581079, 8.9865699 ], [ 38.7587856, 8.9805337 ], [ 38.7585997, 8.9798754 ], [ 38.7556491, 8.9741679 ], [ 38.7512587, 8.9703346 ], [ 38.7500452, 8.9679185 ], [ 38.7487361, 8.9664442 ], [ 38.7447734, 8.9626879 ], [ 38.7442578, 8.9623914 ], [ 38.7425803, 8.9628896 ], [ 38.7415846, 8.9631367 ], [ 38.7352396, 8.9611247 ], [ 38.7351846, 8.9609923 ], [ 38.7348681, 8.9596248 ], [ 38.7327385, 8.9563414 ], [ 38.7326548, 8.9563397 ], [ 38.7325703, 8.9563411 ], [ 38.7325026, 8.9563457 ], [ 38.7296042, 8.959184 ], [ 38.729041, 8.9596688 ], [ 38.7276238, 8.9613825 ], [ 38.727249, 8.9623701 ], [ 38.7227297, 8.9653917 ], [ 38.7199863, 8.9644708 ], [ 38.7179407, 8.9676917 ], [ 38.7175886, 8.9692367 ], [ 38.7172198, 8.9707216 ], [ 38.7184154, 8.9718832 ], [ 38.7160731, 8.9777578 ], [ 38.714939, 8.9804961 ], [ 38.7146088, 8.9811619 ], [ 38.7150717, 8.9817318 ], [ 38.7165458, 8.9869257 ], [ 38.7125153, 8.9887289 ], [ 38.7103656, 8.988313 ], [ 38.7110505, 8.9891544 ], [ 38.7136137, 8.9922004 ], [ 38.7186047, 8.9964866 ], [ 38.7187348, 8.9973036 ], [ 38.7188513, 8.9979545 ], [ 38.7189357, 9.0001877 ], [ 38.7189773, 9.0029713 ] ] ] } },
{ "type": "Feature", "properties": { "threshold_s": 300, "time_label": "5 min drive" }, "geometry": { "type": "Polygon", "coordinates": [ [ [ 38.7854666, 8.9953642 ], [ 38.7869011, 8.9980859 ], [ 38.7907287, 8.9971431 ], [ 38.7920983, 8.9987684 ], [ 38.7931544, 8.9983837 ], [ 38.7936291, 8.9982041 ], [ 38.7946719, 8.9978068 ], [ 38.7951352, 8.9973643 ], [ 38.7956395, 8.9945489 ], [ 38.7970592, 8.9929145 ], [ 38.797341, 8.9927148 ], [ 38.797957, 8.9920335 ], [ 38.7992705, 8.9883311 ], [ 38.799967, 8.9868141 ], [ 38.7996331, 8.9854045 ], [ 38.7976586, 8.9872854 ], [ 38.7965669, 8.9878238 ], [ 38.7962514, 8.988003 ], [ 38.7948121, 8.988467 ], [ 38.7920318, 8.9875297 ], [ 38.791375, 8.9871117 ], [ 38.789819799999989, 8.986366 ], [ 38.788826, 8.985809 ], [ 38.7855757, 8.9849273 ], [ 38.7860875, 8.9884662 ], [ 38.7838371, 8.9909241 ], [ 38.7830666, 8.9913983 ], [ 38.783081, 8.9918757 ], [ 38.7854666, 8.9933759 ], [ 38.7854666, 8.9953642 ] ] ] } },
{ "type": "Feature", "properties": { "threshold_s": 600, "time_label": "10 min drive" }, "geometry": { "type": "Polygon", "coordinates": [ [ [ 38.7787355, 9.0030202 ], [ 38.7791347, 9.0046913 ], [ 38.7810221, 9.0058338 ], [ 38.7880361, 9.0076636 ], [ 38.7887931, 9.0078893 ], [ 38.7899351, 9.007516 ], [ 38.7917664, 9.0063258 ], [ 38.7974873, 9.0060231 ], [ 38.7990016, 9.0065682 ], [ 38.8008775, 9.0069041 ], [ 38.8012885, 9.0067028 ], [ 38.804171599999989, 9.0040571 ], [ 38.8051177, 8.9998951 ], [ 38.8078304, 8.9931254 ], [ 38.8087806, 8.9919035 ], [ 38.8103143, 8.9883096 ], [ 38.8097735, 8.9869675 ], [ 38.8079529, 8.9863615 ], [ 38.8035562, 8.9852867 ], [ 38.8021619, 8.9853275 ], [ 38.7996331, 8.9854045 ], [ 38.7971379, 8.9861223 ], [ 38.789819799999989, 8.986366 ], [ 38.788826, 8.985809 ], [ 38.7855757, 8.9849273 ], [ 38.7842988, 8.9845215 ], [ 38.7787516, 8.9794447 ], [ 38.7765427, 8.9801632 ], [ 38.7754088, 8.9816886 ], [ 38.7754878, 8.9822921 ], [ 38.7760235, 8.9862013 ], [ 38.7734938, 8.9926488 ], [ 38.7730194, 8.9957645 ], [ 38.7753912, 8.9966925 ], [ 38.7787355, 9.0030202 ] ] ] } },
{ "type": "Feature", "properties": { "threshold_s": 900, "time_label": "15 min drive" }, "geometry": { "type": "Polygon", "coordinates": [ [ [ 38.7674794, 9.0056217 ], [ 38.7732235, 9.0146348 ], [ 38.7819307, 9.0165447 ], [ 38.7868626, 9.0185753 ], [ 38.7893058, 9.018637 ], [ 38.8023704, 9.017401 ], [ 38.8080952, 9.0150827 ], [ 38.8102636, 9.0124917 ], [ 38.8108202, 9.0112452 ], [ 38.8122471, 9.0067603 ], [ 38.818171, 8.9959103 ], [ 38.8207108, 8.9903902 ], [ 38.8208187, 8.9900478 ], [ 38.821492, 8.9874751 ], [ 38.8208006, 8.9803978 ], [ 38.8097735, 8.9869675 ], [ 38.8079529, 8.9863615 ], [ 38.8066972, 8.9860036 ], [ 38.8035562, 8.9852867 ], [ 38.8021619, 8.9853275 ], [ 38.7996331, 8.9854045 ], [ 38.7899075, 8.9859732 ], [ 38.7880106, 8.9854871 ], [ 38.7777914, 8.9763594 ], [ 38.7759295, 8.9724099 ], [ 38.7750556, 8.9694476 ], [ 38.7659511, 8.9761362 ], [ 38.7656192, 8.9764999 ], [ 38.7648658, 8.9881086 ], [ 38.7641843, 8.9960081 ], [ 38.7646304, 8.9983497 ], [ 38.7654833, 9.001129 ], [ 38.7674794, 9.0056217 ] ] ] } },
{ "type": "Feature", "properties": { "threshold_s": 300, "time_label": "5 min drive" }, "geometry": { "type": "Polygon", "coordinates": [ [ [ 38.8520869, 9.0163302 ], [ 38.8523851, 9.0172311 ], [ 38.8534152, 9.0182866 ], [ 38.8540127, 9.0182575 ], [ 38.8539981, 9.0179037 ], [ 38.8539791, 9.0176302 ], [ 38.8539545, 9.0171284 ], [ 38.8539473, 9.0168578 ], [ 38.8539399, 9.0165809 ], [ 38.8552464, 9.0151289 ], [ 38.8566788, 9.016403 ], [ 38.8567029, 9.0169402 ], [ 38.8567145, 9.0172057 ], [ 38.8567371, 9.0177538 ], [ 38.856759, 9.0183826 ], [ 38.8567683, 9.0185873 ], [ 38.8567812, 9.0191047 ], [ 38.8568029, 9.0197606 ], [ 38.8568146, 9.020547 ], [ 38.8583496, 9.0204867 ], [ 38.8587926, 9.0204773 ], [ 38.8605466, 9.0204936 ], [ 38.8613409, 9.0205415 ], [ 38.8622165, 9.0206089 ], [ 38.8626257, 9.0206366 ], [ 38.8631122, 9.0206697 ], [ 38.86369, 9.0207089 ], [ 38.8640811, 9.0207354 ], [ 38.8649712, 9.0207781 ], [ 38.865731, 9.0207837 ], [ 38.8657854, 9.0184168 ], [ 38.8650536, 9.0177782 ], [ 38.8643488, 9.0170625 ], [ 38.8637749, 9.0155621 ], [ 38.8624105, 9.0137858 ], [ 38.8612992, 9.0122734 ], [ 38.8592603, 9.0111654 ], [ 38.8578567, 9.0101634 ], [ 38.856698, 9.0091385 ], [ 38.8563701, 9.009161 ], [ 38.8557672, 9.0094151 ], [ 38.8553392, 9.0098668 ], [ 38.8537256, 9.0114309 ], [ 38.852672, 9.0128428 ], [ 38.8520321, 9.0138164 ], [ 38.8523286, 9.0149162 ], [ 38.8520869, 9.0163302 ] ] ] } },
{ "type": "Feature", "properties": { "threshold_s": 600, "time_label": "10 min drive" }, "geometry": { "type": "Polygon", "coordinates": [ [ [ 38.8431681, 9.0171258 ], [ 38.8461209, 9.021348 ], [ 38.8470876, 9.0220415 ], [ 38.8486332, 9.0231775 ], [ 38.85256, 9.0264992 ], [ 38.8528376, 9.0264879 ], [ 38.8529791, 9.0264362 ], [ 38.8541116, 9.025734 ], [ 38.8542502, 9.0254448 ], [ 38.8563547, 9.0225111 ], [ 38.8609103, 9.0224437 ], [ 38.8619248, 9.0240709 ], [ 38.863546, 9.0259515 ], [ 38.8655475, 9.027187 ], [ 38.8684342, 9.0269428 ], [ 38.871514, 9.0255043 ], [ 38.8731153, 9.0244654 ], [ 38.8757849, 9.0219119 ], [ 38.8779101, 9.0212599 ], [ 38.8764855, 9.0197393 ], [ 38.8733147, 9.018458 ], [ 38.8726779, 9.0154169 ], [ 38.8726388, 9.0152897 ], [ 38.870214, 9.0110504 ], [ 38.8696938, 9.0094141 ], [ 38.8678044, 9.006383 ], [ 38.8675435, 9.0062583 ], [ 38.8650387, 9.0062298 ], [ 38.8643143, 9.0062989 ], [ 38.8591442, 9.0064317 ], [ 38.8566844, 9.0016493 ], [ 38.856015, 9.0011077 ], [ 38.8551758, 9.001051 ], [ 38.8550796, 9.0010514 ], [ 38.8537604, 9.0014803 ], [ 38.8495002, 9.0044317 ], [ 38.8491053, 9.0047841 ], [ 38.8487714, 9.0051167 ], [ 38.8484462, 9.005477 ], [ 38.8473582, 9.0066996 ], [ 38.8441673, 9.0105137 ], [ 38.8436061, 9.0114612 ], [ 38.8442766, 9.0156512 ], [ 38.8431681, 9.0171258 ] ] ] } },
{ "type": "Feature", "properties": { "threshold_s": 900, "time_label": "15 min drive" }, "geometry": { "type": "Polygon", "coordinates": [ [ [ 38.8402567, 9.0286947 ], [ 38.8405433, 9.0291559 ], [ 38.8432923, 9.031488 ], [ 38.8450619, 9.0328102 ], [ 38.8468632, 9.0339672 ], [ 38.851442, 9.0368622 ], [ 38.8535008, 9.0388033 ], [ 38.853769, 9.03889 ], [ 38.8571682, 9.0367202 ], [ 38.8620956, 9.0352 ], [ 38.8636881, 9.0301716 ], [ 38.8648603, 9.0291935 ], [ 38.8684198, 9.0290747 ], [ 38.8699011, 9.0331262 ], [ 38.874569, 9.0348875 ], [ 38.8784839, 9.0328811 ], [ 38.8822086, 9.0296624 ], [ 38.8860216, 9.0258678 ], [ 38.8867052, 9.0228693 ], [ 38.8862294, 9.0192266 ], [ 38.8851581, 9.0169052 ], [ 38.8842913, 9.0160998 ], [ 38.8824715, 9.0106604 ], [ 38.8820569, 9.0099816 ], [ 38.8806286, 9.0082451 ], [ 38.8795984, 9.0079096 ], [ 38.8773858, 9.0068994 ], [ 38.8768108, 9.0022491 ], [ 38.8767718, 9.0020768 ], [ 38.8763129, 9.0004606 ], [ 38.87197780000001, 8.9972456 ], [ 38.8710961, 8.9968484 ], [ 38.869763, 8.9978869 ], [ 38.8648398, 8.9950496 ], [ 38.8612711, 8.9935263 ], [ 38.8591397, 8.992353 ], [ 38.8559389, 8.9890159 ], [ 38.8558432, 8.9890012 ], [ 38.8536167, 8.9909155 ], [ 38.8502364, 8.9925857 ], [ 38.8495869, 8.9928933 ], [ 38.8474341, 8.9946176 ], [ 38.8448466, 8.9969023 ], [ 38.8417352, 9.0008526 ], [ 38.8386052, 9.0043614 ], [ 38.8355135, 9.0082475 ], [ 38.8342945, 9.0096502 ], [ 38.8334571, 9.0110468 ], [ 38.8329414, 9.0128681 ], [ 38.8347627, 9.0138093 ], [ 38.8358129, 9.0146212 ], [ 38.838823, 9.017997 ], [ 38.83504, 9.0218214 ], [ 38.8361434, 9.0230967 ], [ 38.8396163, 9.0272045 ], [ 38.8402567, 9.0286947 ] ] ] } },
{ "type": "Feature", "properties": { "threshold_s": 300, "time_label": "5 min drive" }, "geometry": { "type": "Polygon", "coordinates": [ [ [ 38.7596811, 9.0077021 ], [ 38.7600271, 9.0083259 ], [ 38.7608665, 9.008176 ], [ 38.7628455, 9.0072415 ], [ 38.7638989, 9.0084046 ], [ 38.764761, 9.0088177 ], [ 38.7661556, 9.0073141 ], [ 38.7663964, 9.0070441 ], [ 38.7674794, 9.0056217 ], [ 38.7687166, 9.0066328 ], [ 38.7699708, 9.0073954 ], [ 38.7705514, 9.0092813 ], [ 38.7706413, 9.0092666 ], [ 38.7714755, 9.0087054 ], [ 38.7715684, 9.0086364 ], [ 38.7723417, 9.0066058 ], [ 38.773443, 9.0062162 ], [ 38.773414, 9.0061278 ], [ 38.7729044, 9.0040363 ], [ 38.7727683, 9.0030296 ], [ 38.7734899, 9.0014308 ], [ 38.7716421, 9.0009861 ], [ 38.7705998, 8.9995274 ], [ 38.7714849, 8.997922 ], [ 38.7717256, 8.9974435 ], [ 38.7724357, 8.9962689 ], [ 38.7730161, 8.9946505 ], [ 38.7711804, 8.9944005 ], [ 38.77013, 8.9942115 ], [ 38.7681141, 8.9932534 ], [ 38.7662967, 8.9928308 ], [ 38.7661883, 8.9916895 ], [ 38.7660945, 8.991706 ], [ 38.7651636, 8.9925779 ], [ 38.7646689, 8.9930299 ], [ 38.7634791, 8.9939551 ], [ 38.7622938, 8.9937159 ], [ 38.7623074, 8.993798 ], [ 38.7624092, 8.9944189 ], [ 38.7619851, 8.9958804 ], [ 38.762479, 8.9967163 ], [ 38.7604752, 8.9976293 ], [ 38.759554, 8.9967245 ], [ 38.759032, 8.998066 ], [ 38.7586856, 8.9999436 ], [ 38.7587985, 9.0020734 ], [ 38.7588747, 9.0040341 ], [ 38.7590709, 9.0058808 ], [ 38.7596811, 9.0077021 ] ] ] } },
{ "type": "Feature", "properties": { "threshold_s": 600, "time_label": "10 min drive" }, "geometry": { "type": "Polygon", "coordinates": [ [ [ 38.7497116, 9.011964 ], [ 38.7503024, 9.0129965 ], [ 38.7527738, 9.0154758 ], [ 38.7555926, 9.0160591 ], [ 38.7623666, 9.0174082 ], [ 38.7638073, 9.0191651 ], [ 38.7686489, 9.0154598 ], [ 38.7699597, 9.0151489 ], [ 38.7741335, 9.0152535 ], [ 38.7793668, 9.0132882 ], [ 38.7789925, 9.0105062 ], [ 38.778296, 9.0051979 ], [ 38.7782481, 9.0051158 ], [ 38.7772268, 9.0028263 ], [ 38.7766984, 8.9999864 ], [ 38.7766126, 8.999646 ], [ 38.7763283, 8.9988565 ], [ 38.7763041, 8.9957546 ], [ 38.781175, 8.992913 ], [ 38.7816924, 8.991925 ], [ 38.7822305, 8.9904055 ], [ 38.7818342, 8.9898611 ], [ 38.7817463, 8.9897697 ], [ 38.7809162, 8.9889418 ], [ 38.7769009, 8.9885584 ], [ 38.7739635, 8.9880226 ], [ 38.7706549, 8.986741 ], [ 38.7666567, 8.9830736 ], [ 38.764124099999989, 8.9821933 ], [ 38.7603717, 8.9834962 ], [ 38.760037, 8.9838182 ], [ 38.7585221, 8.9862381 ], [ 38.7548143, 8.9888788 ], [ 38.7523237, 8.9908358 ], [ 38.751011, 8.9919451 ], [ 38.7498951, 8.993627 ], [ 38.7499626, 8.9956028 ], [ 38.7506242, 8.9972101 ], [ 38.7529914, 9.0001359 ], [ 38.7517324, 9.0049461 ], [ 38.7502626, 9.0077974 ], [ 38.7495149, 9.011528 ], [ 38.7497116, 9.011964 ] ] ] } },
{ "type": "Feature", "properties": { "threshold_s": 900, "time_label": "15 min drive" }, "geometry": { "type": "Polygon", "coordinates": [ [ [ 38.7410143, 9.0162401 ], [ 38.7416359, 9.0173706 ], [ 38.7445602, 9.0201826 ], [ 38.748433, 9.0240763 ], [ 38.7517552, 9.0268586 ], [ 38.7518197, 9.0268988 ], [ 38.7572491, 9.0250712 ], [ 38.7616201, 9.0233396 ], [ 38.7664952, 9.0274613 ], [ 38.7738381, 9.0235314 ], [ 38.7766007, 9.0235376 ], [ 38.7796967, 9.0215989 ], [ 38.7868626, 9.0185753 ], [ 38.7890664, 9.0182611 ], [ 38.79037610000001, 9.0163806 ], [ 38.7882279, 9.0102038 ], [ 38.7881072, 9.0046141 ], [ 38.7871067, 9.0018216 ], [ 38.7903908, 8.9948847 ], [ 38.7913479, 8.9928249 ], [ 38.7920318, 8.9875297 ], [ 38.791375, 8.9871117 ], [ 38.789819799999989, 8.986366 ], [ 38.7888132, 8.9859297 ], [ 38.7879749, 8.9856538 ], [ 38.7855757, 8.9849273 ], [ 38.7787651, 8.9799759 ], [ 38.7751724, 8.9790417 ], [ 38.7687171, 8.9780856 ], [ 38.7630964, 8.9742431 ], [ 38.7574417, 8.9741084 ], [ 38.7545104, 8.9790531 ], [ 38.7494497, 8.9805597 ], [ 38.7461206, 8.9833069 ], [ 38.7409043, 8.9890675 ], [ 38.7404783, 8.9935159 ], [ 38.7394057, 9.0002786 ], [ 38.7415638, 9.0038567 ], [ 38.7387193, 9.0103826 ], [ 38.7389403, 9.0110598 ], [ 38.7410143, 9.0162401 ] ] ] } },
{ "type": "Feature", "properties": { "threshold_s": 300, "time_label": "5 min drive" }, "geometry": { "type": "Polygon", "coordinates": [ [ [ 38.7899619, 8.994329 ], [ 38.7900146, 8.9944088 ], [ 38.7918475, 8.9944966 ], [ 38.7933804, 8.9941166 ], [ 38.7944663, 8.9929127 ], [ 38.7952184, 8.9928401 ], [ 38.7970592, 8.9929145 ], [ 38.797341, 8.9927148 ], [ 38.797957, 8.9920335 ], [ 38.7976136, 8.9913002 ], [ 38.8018267, 8.9898213 ], [ 38.7992705, 8.9883311 ], [ 38.7976586, 8.9872854 ], [ 38.7971379, 8.9861223 ], [ 38.7967554, 8.986409 ], [ 38.7962286, 8.9869708 ], [ 38.7948121, 8.988467 ], [ 38.7942992, 8.9887271 ], [ 38.7933953, 8.9891541 ], [ 38.7920318, 8.9875297 ], [ 38.791375, 8.9871117 ], [ 38.789819799999989, 8.986366 ], [ 38.7906399, 8.9883331 ], [ 38.7908448, 8.9901828 ], [ 38.7905229, 8.9906157 ], [ 38.7897353, 8.991741 ], [ 38.790229, 8.9920772 ], [ 38.7907049, 8.9923927 ], [ 38.7899619, 8.994329 ] ] ] } },
{ "type": "Feature", "properties": { "threshold_s": 600, "time_label": "10 min drive" }, "geometry": { "type": "Polygon", "coordinates": [ [ [ 38.7822667, 8.9992671 ], [ 38.7823378, 9.0013971 ], [ 38.782411, 9.0014722 ], [ 38.7863282, 9.0029323 ], [ 38.7882641, 9.0032555 ], [ 38.7906855, 8.9993148 ], [ 38.7913789, 8.9990156 ], [ 38.7970185, 9.0037105 ], [ 38.7976324, 9.0038828 ], [ 38.7987573, 9.0041948 ], [ 38.8012192, 9.004282 ], [ 38.8016061, 9.0039712 ], [ 38.8019402, 9.0036834 ], [ 38.8070261, 8.9987976 ], [ 38.8102361, 8.9937654 ], [ 38.8113809, 8.9918976 ], [ 38.8121692, 8.9905254 ], [ 38.8114187, 8.9892505 ], [ 38.8094608, 8.9871787 ], [ 38.8035562, 8.9852867 ], [ 38.8021619, 8.9853275 ], [ 38.7996331, 8.9854045 ], [ 38.7971379, 8.9861223 ], [ 38.789819799999989, 8.986366 ], [ 38.788826, 8.985809 ], [ 38.7855757, 8.9849273 ], [ 38.7842988, 8.9845215 ], [ 38.7829895, 8.9840922 ], [ 38.7790937, 8.9824536 ], [ 38.7789774, 8.9838548 ], [ 38.7799272, 8.9853434 ], [ 38.7805548, 8.9870377 ], [ 38.7779248, 8.992709 ], [ 38.7792163, 8.9939508 ], [ 38.7822667, 8.9992671 ] ] ] } },
{ "type": "Feature", "properties": { "threshold_s": 900, "time_label": "15 min drive" }, "geometry": { "type": "Polygon", "coordinates": [ [ [ 38.7704085, 9.0001463 ], [ 38.7751776, 9.0098829 ], [ 38.7835138, 9.0134781 ], [ 38.7874922, 9.0136376 ], [ 38.7990194, 9.0130044 ], [ 38.8032581, 9.015064 ], [ 38.8066212, 9.0124266 ], [ 38.8085412, 9.0106981 ], [ 38.8122471, 9.0067603 ], [ 38.8194698, 8.9974246 ], [ 38.8200174, 8.9966206 ], [ 38.8216274, 8.9918036 ], [ 38.8217426, 8.9875036 ], [ 38.8213356, 8.9856355 ], [ 38.8206262, 8.9846351 ], [ 38.8066972, 8.9860036 ], [ 38.8035562, 8.9852867 ], [ 38.8021619, 8.9853275 ], [ 38.7996331, 8.9854045 ], [ 38.7899075, 8.9859732 ], [ 38.7880106, 8.9854871 ], [ 38.7777914, 8.9763594 ], [ 38.7756114, 8.9726492 ], [ 38.7683591, 8.9778904 ], [ 38.7700921, 8.9906088 ], [ 38.7693603, 8.996808 ], [ 38.7704085, 9.0001463 ] ] ] } },
{ "type": "Feature", "properties": { "threshold_s": 300, "time_label": "5 min drive" }, "geometry": { "type": "Polygon", "coordinates": [ [ [ 38.791236499999989, 8.9880838 ], [ 38.7917543, 8.9922639 ], [ 38.7918435, 8.9923162 ], [ 38.7952184, 8.9928401 ], [ 38.7976136, 8.9913002 ], [ 38.7992705, 8.9883311 ], [ 38.8021714, 8.9855567 ], [ 38.8035396, 8.9855276 ], [ 38.8094608, 8.9871787 ], [ 38.8095916, 8.9871104 ], [ 38.8097735, 8.9869675 ], [ 38.8035562, 8.9852867 ], [ 38.8021619, 8.9853275 ], [ 38.7996331, 8.9854045 ], [ 38.7971379, 8.9861223 ], [ 38.7967554, 8.986409 ], [ 38.7962286, 8.9869708 ], [ 38.7920807, 8.9883178 ], [ 38.7916494, 8.988039 ], [ 38.7914167, 8.9880342 ], [ 38.791236499999989, 8.9880838 ] ] ] } },
{ "type": "Feature", "properties": { "threshold_s": 600, "time_label": "10 min drive" }, "geometry": { "type": "Polygon", "coordinates": [ [ [ 38.7847196, 8.9994549 ], [ 38.7855175, 9.0003646 ], [ 38.7880442, 9.0011082 ], [ 38.7906855, 8.9993148 ], [ 38.7997424, 9.0025671 ], [ 38.8001074, 9.0025819 ], [ 38.8053571, 8.9973306 ], [ 38.8098063, 8.9963339 ], [ 38.8138048, 8.9967005 ], [ 38.8165225, 8.9950231 ], [ 38.8190516, 8.9912708 ], [ 38.8195239, 8.98728 ], [ 38.8190351, 8.9862093 ], [ 38.8079529, 8.9863615 ], [ 38.8066972, 8.9860036 ], [ 38.8035562, 8.9852867 ], [ 38.8021619, 8.9853275 ], [ 38.7996331, 8.9854045 ], [ 38.788826, 8.985809 ], [ 38.7855757, 8.9849273 ], [ 38.7842988, 8.9845215 ], [ 38.7829895, 8.9840922 ], [ 38.7824454, 8.9839019 ], [ 38.781234, 8.9834683 ], [ 38.7808029, 8.9921666 ], [ 38.7846699, 8.999389 ], [ 38.7847196, 8.9994549 ] ] ] } },
{ "type": "Feature", "properties": { "threshold_s": 900, "time_label": "15 min drive" }, "geometry": { "type": "Polygon", "coordinates": [ [ [ 38.7759588, 9.0070067 ], [ 38.7763593, 9.0077319 ], [ 38.7878286, 9.0118477 ], [ 38.7998842, 9.0107714 ], [ 38.8040681, 9.0123412 ], [ 38.804167, 9.0123654 ], [ 38.8042417, 9.0123665 ], [ 38.8138061, 9.0061821 ], [ 38.8178348, 9.0041654 ], [ 38.8227493, 9.0020673 ], [ 38.8237504, 9.0016567 ], [ 38.8241194, 9.0013522 ], [ 38.8262215, 8.9920625 ], [ 38.8289452, 8.9842814 ], [ 38.8289297, 8.9840815 ], [ 38.8277744, 8.9773 ], [ 38.8276114, 8.9765701 ], [ 38.8267913, 8.9748659 ], [ 38.8247582, 8.9743625 ], [ 38.8211327, 8.9767138 ], [ 38.8208006, 8.9803978 ], [ 38.8079529, 8.9863615 ], [ 38.8066972, 8.9860036 ], [ 38.8035562, 8.9852867 ], [ 38.8021619, 8.9853275 ], [ 38.7996331, 8.9854045 ], [ 38.788826, 8.985809 ], [ 38.7879749, 8.9856538 ], [ 38.7777914, 8.9763594 ], [ 38.7774548, 8.9759568 ], [ 38.7773636, 8.975878 ], [ 38.7733966, 8.9781525 ], [ 38.7712984, 8.9803752 ], [ 38.7717135, 8.9915076 ], [ 38.7715057, 8.9948681 ], [ 38.7717799, 8.9976465 ], [ 38.7759588, 9.0070067 ] ] ] } },
{ "type": "Feature", "properties": { "threshold_s": 300, "time_label": "5 min drive" }, "geometry": { "type": "Polygon", "coordinates": [ [ [ 38.7834549, 9.0004129 ], [ 38.7839279, 9.0010036 ], [ 38.7844332, 9.0012765 ], [ 38.7865212, 9.0017309 ], [ 38.7871067, 9.0018216 ], [ 38.787735, 9.001911 ], [ 38.7882698, 9.0017096 ], [ 38.7897293, 8.9996859 ], [ 38.7906855, 8.9993148 ], [ 38.7913789, 8.9990156 ], [ 38.7920983, 8.9987684 ], [ 38.792624, 8.9985777 ], [ 38.7931544, 8.9983837 ], [ 38.7936291, 8.9982041 ], [ 38.7946719, 8.9978068 ], [ 38.7965052, 8.9969379 ], [ 38.7956395, 8.9945489 ], [ 38.7952264, 8.9934812 ], [ 38.795499, 8.9912753 ], [ 38.7942992, 8.9887271 ], [ 38.7916494, 8.988039 ], [ 38.7910599, 8.9874849 ], [ 38.7883494, 8.9884022 ], [ 38.7867721, 8.989924 ], [ 38.7860818, 8.9902517 ], [ 38.7847989, 8.9917454 ], [ 38.7848356, 8.9932143 ], [ 38.7846283, 8.9946273 ], [ 38.7845103, 8.9958517 ], [ 38.7831216, 8.9974816 ], [ 38.783194, 8.9988784 ], [ 38.7834549, 9.0004129 ] ] ] } },
{ "type": "Feature", "properties": { "threshold_s": 600, "time_label": "10 min drive" }, "geometry": { "type": "Polygon", "coordinates": [ [ [ 38.7747095, 9.005959 ], [ 38.7747833, 9.0070232 ], [ 38.7772235, 9.0087889 ], [ 38.7832051, 9.0118482 ], [ 38.7875972, 9.0129061 ], [ 38.7876278, 9.0129098 ], [ 38.7935795, 9.0101392 ], [ 38.7945519, 9.0087038 ], [ 38.7961183, 9.0056384 ], [ 38.7998432, 9.0021611 ], [ 38.8002281, 9.0010613 ], [ 38.8004104, 9.0002547 ], [ 38.8007558, 8.9987956 ], [ 38.8004776, 8.9984045 ], [ 38.797341, 8.9927148 ], [ 38.797957, 8.9920335 ], [ 38.8024711, 8.9914824 ], [ 38.8036215, 8.9901698 ], [ 38.8035562, 8.9852867 ], [ 38.8021619, 8.9853275 ], [ 38.7996331, 8.9854045 ], [ 38.7971379, 8.9861223 ], [ 38.791375, 8.9871117 ], [ 38.789819799999989, 8.986366 ], [ 38.788826, 8.985809 ], [ 38.7855757, 8.9849273 ], [ 38.7842988, 8.9845215 ], [ 38.7829895, 8.9840922 ], [ 38.7824454, 8.9839019 ], [ 38.7810382, 8.9833915 ], [ 38.7791261, 8.9871819 ], [ 38.7766295, 8.9930188 ], [ 38.7765583, 8.9936071 ], [ 38.777362, 8.9984848 ], [ 38.7767098, 9.0045986 ], [ 38.7747095, 9.005959 ] ] ] } },
{ "type": "Feature", "properties": { "threshold_s": 900, "time_label": "15 min drive" }, "geometry": { "type": "Polygon", "coordinates": [ [ [ 38.7693626, 9.0163824 ], [ 38.7703065, 9.0178326 ], [ 38.771192, 9.0184455 ], [ 38.7742102, 9.0174735 ], [ 38.7828895, 9.0215465 ], [ 38.7846348, 9.0227478 ], [ 38.7862759, 9.0237897 ], [ 38.7933801, 9.0211435 ], [ 38.799423, 9.0175115 ], [ 38.8042796, 9.0101637 ], [ 38.8071023, 9.0065099 ], [ 38.8081062, 9.0031036 ], [ 38.8088088, 9.0004855 ], [ 38.8121283, 8.9937645 ], [ 38.8144019, 8.9917 ], [ 38.8149003, 8.9906983 ], [ 38.8153585, 8.9895143 ], [ 38.8151393, 8.9891745 ], [ 38.8097735, 8.9869675 ], [ 38.8079529, 8.9863615 ], [ 38.8066972, 8.9860036 ], [ 38.8035562, 8.9852867 ], [ 38.8021619, 8.9853275 ], [ 38.7996331, 8.9854045 ], [ 38.7971379, 8.9861223 ], [ 38.788826, 8.985809 ], [ 38.7879749, 8.9856538 ], [ 38.7855757, 8.9849273 ], [ 38.7787516, 8.9794447 ], [ 38.7777914, 8.9763594 ], [ 38.7774548, 8.9759568 ], [ 38.7773636, 8.975878 ], [ 38.7730839, 8.9782915 ], [ 38.7708268, 8.9803929 ], [ 38.7689877, 8.9865387 ], [ 38.7673199, 8.9905863 ], [ 38.766772, 8.9969781 ], [ 38.7663964, 9.0070441 ], [ 38.7672256, 9.0115334 ], [ 38.7693626, 9.0163824 ] ] ] } },
{ "type": "Feature", "properties": { "threshold_s": 300, "time_label": "5 min drive" }, "geometry": { "type": "Polygon", "coordinates": [ [ [ 38.7806269, 9.0032448 ], [ 38.7806882, 9.0033184 ], [ 38.7822103, 9.0030031 ], [ 38.7832893, 9.0030005 ], [ 38.7846418, 9.004535 ], [ 38.7858608, 9.0048218 ], [ 38.7871496, 9.0051748 ], [ 38.7892981, 9.0057212 ], [ 38.7898343, 9.0055715 ], [ 38.7894034, 9.0046542 ], [ 38.7892042, 9.0040436 ], [ 38.7882641, 9.0032555 ], [ 38.7882698, 9.0017096 ], [ 38.7897293, 8.9996859 ], [ 38.7906855, 8.9993148 ], [ 38.7913789, 8.9990156 ], [ 38.7920983, 8.9987684 ], [ 38.792624, 8.9985777 ], [ 38.7931544, 8.9983837 ], [ 38.7936291, 8.9982041 ], [ 38.794295, 8.996814 ], [ 38.7949314, 8.9948251 ], [ 38.7945392, 8.9945138 ], [ 38.7933804, 8.9941166 ], [ 38.793028, 8.9918786 ], [ 38.7932241, 8.9911744 ], [ 38.7932496, 8.9902193 ], [ 38.7931797, 8.9901665 ], [ 38.7908448, 8.9901828 ], [ 38.7905229, 8.9906157 ], [ 38.788588, 8.989031 ], [ 38.7876549, 8.9893973 ], [ 38.7856251, 8.9896706 ], [ 38.78467, 8.9891226 ], [ 38.7844916, 8.9891908 ], [ 38.7838371, 8.9909241 ], [ 38.7830666, 8.9913983 ], [ 38.7816987, 8.9917573 ], [ 38.7808029, 8.9921666 ], [ 38.7805353, 8.9943244 ], [ 38.7798823, 8.9953285 ], [ 38.7794371, 8.9957638 ], [ 38.7792988, 8.9978577 ], [ 38.7806299, 8.9998062 ], [ 38.7807019, 9.0003787 ], [ 38.7809066, 9.0015258 ], [ 38.7806269, 9.0032448 ] ] ] } },
{ "type": "Feature", "properties": { "threshold_s": 600, "time_label": "10 min drive" }, "geometry": { "type": "Polygon", "coordinates": [ [ [ 38.7719838, 9.0062934 ], [ 38.7743198, 9.0122732 ], [ 38.7744038, 9.0122967 ], [ 38.7778035, 9.0124771 ], [ 38.7817494, 9.0139229 ], [ 38.7834846, 9.01484 ], [ 38.7872844, 9.0160666 ], [ 38.7874547, 9.016091 ], [ 38.7875045, 9.0160762 ], [ 38.7908548, 9.0142631 ], [ 38.7961516, 9.0125743 ], [ 38.7978778, 9.008977 ], [ 38.7991914, 9.0059044 ], [ 38.8001074, 9.0025819 ], [ 38.8001838, 9.0022144 ], [ 38.7965052, 8.9969379 ], [ 38.797957, 8.9920335 ], [ 38.7992705, 8.9883311 ], [ 38.8021714, 8.9855567 ], [ 38.8021619, 8.9853275 ], [ 38.7996331, 8.9854045 ], [ 38.7971379, 8.9861223 ], [ 38.791375, 8.9871117 ], [ 38.789819799999989, 8.986366 ], [ 38.788826, 8.985809 ], [ 38.7855757, 8.9849273 ], [ 38.7842988, 8.9845215 ], [ 38.7829895, 8.9840922 ], [ 38.7824454, 8.9839019 ], [ 38.7810382, 8.9833915 ], [ 38.779409, 8.9827553 ], [ 38.7782255, 8.9822957 ], [ 38.7762706, 8.9827382 ], [ 38.7757844, 8.9831065 ], [ 38.7749007, 8.9846708 ], [ 38.7722754, 8.990528 ], [ 38.7713957, 8.9920023 ], [ 38.7711804, 8.9944005 ], [ 38.7715868, 8.9980293 ], [ 38.7729044, 9.0040363 ], [ 38.7718892, 9.0054106 ], [ 38.7719838, 9.0062934 ] ] ] } },
{ "type": "Feature", "properties": { "threshold_s": 900, "time_label": "15 min drive" }, "geometry": { "type": "Polygon", "coordinates": [ [ [ 38.7657801, 9.0168339 ], [ 38.7676275, 9.0197284 ], [ 38.7677259, 9.0197702 ], [ 38.772948, 9.0210846 ], [ 38.7806577, 9.0238498 ], [ 38.7859034, 9.0269719 ], [ 38.7871475, 9.0271371 ], [ 38.7930311, 9.0240115 ], [ 38.8014734, 9.019214 ], [ 38.8030901, 9.0149569 ], [ 38.8065782, 9.0089915 ], [ 38.8084397, 9.0045809 ], [ 38.8088088, 9.0004855 ], [ 38.8088474, 8.9974101 ], [ 38.8114187, 8.9892505 ], [ 38.8097735, 8.9869675 ], [ 38.8079529, 8.9863615 ], [ 38.8066972, 8.9860036 ], [ 38.8035562, 8.9852867 ], [ 38.8021619, 8.9853275 ], [ 38.7996331, 8.9854045 ], [ 38.7971379, 8.9861223 ], [ 38.7880106, 8.9854871 ], [ 38.7855757, 8.9849273 ], [ 38.7787516, 8.9794447 ], [ 38.7777914, 8.9763594 ], [ 38.7756114, 8.9726492 ], [ 38.7751478, 8.9725502 ], [ 38.766807300000011, 8.9766861 ], [ 38.764265, 8.9836008 ], [ 38.7621897, 8.9875462 ], [ 38.7624092, 8.9944189 ], [ 38.762479, 8.9967163 ], [ 38.7630087, 8.9993346 ], [ 38.7633019, 9.0003663 ], [ 38.7625799, 9.011047 ], [ 38.7657801, 9.0168339 ] ] ] } },
{ "type": "Feature", "properties": { "threshold_s": 300, "time_label": "5 min drive" }, "geometry": { "type": "Polygon", "coordinates": [ [ [ 38.75605, 8.9906107 ], [ 38.7564551, 8.9919589 ], [ 38.7568836, 8.9918736 ], [ 38.7584394, 8.9916767 ], [ 38.7594068, 8.9930156 ], [ 38.7591509, 8.9921947 ], [ 38.7591453, 8.9913732 ], [ 38.7612578, 8.9906198 ], [ 38.7617313, 8.9913884 ], [ 38.7623512, 8.9914066 ], [ 38.7633315, 8.9913782 ], [ 38.7646164, 8.9913924 ], [ 38.766284, 8.9921399 ], [ 38.767554, 8.9911426 ], [ 38.7685902, 8.9904968 ], [ 38.7691338, 8.9895626 ], [ 38.7683494, 8.988702 ], [ 38.767548, 8.9863706 ], [ 38.767618, 8.9854072 ], [ 38.7676154, 8.9842259 ], [ 38.76691, 8.9832305 ], [ 38.7662418, 8.9812714 ], [ 38.7659251, 8.9808102 ], [ 38.7650426, 8.9787808 ], [ 38.7646558, 8.9779692 ], [ 38.764073, 8.9772204 ], [ 38.762356, 8.9764219 ], [ 38.7598425, 8.9769483 ], [ 38.7596897, 8.9769291 ], [ 38.759463599999989, 8.9769388 ], [ 38.7596918, 8.9783251 ], [ 38.758982, 8.9801758 ], [ 38.7587856, 8.9805337 ], [ 38.7579608, 8.9816198 ], [ 38.7584523, 8.9816164 ], [ 38.7598874, 8.9826072 ], [ 38.7592917, 8.9842459 ], [ 38.7587528, 8.9844655 ], [ 38.7570425, 8.9844566 ], [ 38.7560777, 8.9840826 ], [ 38.7551623, 8.9842068 ], [ 38.7542526, 8.9861048 ], [ 38.7552246, 8.9863426 ], [ 38.7551068, 8.9885121 ], [ 38.7548143, 8.9888788 ], [ 38.75605, 8.9906107 ] ] ] } },
{ "type": "Feature", "properties": { "threshold_s": 600, "time_label": "10 min drive" }, "geometry": { "type": "Polygon", "coordinates": [ [ [ 38.7495281, 8.9980622 ], [ 38.7504938, 8.9991535 ], [ 38.7547867, 9.0028817 ], [ 38.7588645, 9.0036389 ], [ 38.7608761, 9.0018501 ], [ 38.7614588, 9.001356 ], [ 38.7671183, 9.0031016 ], [ 38.7675149, 9.0030812 ], [ 38.7675736, 9.0030528 ], [ 38.7705998, 8.9995274 ], [ 38.7752527, 8.9957331 ], [ 38.7757898, 8.9954543 ], [ 38.7758917, 8.9953721 ], [ 38.7770756, 8.992736 ], [ 38.777074, 8.9920119 ], [ 38.7764753, 8.9868029 ], [ 38.7773605, 8.9852209 ], [ 38.7780844, 8.9833345 ], [ 38.7782983, 8.982017 ], [ 38.7767997, 8.9780852 ], [ 38.7755219, 8.9781492 ], [ 38.7734221, 8.9784757 ], [ 38.7687171, 8.9780856 ], [ 38.7683591, 8.9778904 ], [ 38.7680454, 8.9777212 ], [ 38.7656622, 8.9723626 ], [ 38.7660779, 8.9717093 ], [ 38.7664998, 8.9707517 ], [ 38.7627127, 8.9666965 ], [ 38.7628423, 8.9658809 ], [ 38.7629064, 8.9653976 ], [ 38.7630229, 8.9646366 ], [ 38.7632151, 8.9633794 ], [ 38.7607753, 8.9643456 ], [ 38.756569, 8.9640939 ], [ 38.7558049, 8.964304 ], [ 38.7547301, 8.9651931 ], [ 38.7529498, 8.966868 ], [ 38.7502525, 8.9709672 ], [ 38.7493072, 8.972256 ], [ 38.7487422, 8.9734196 ], [ 38.7487573, 8.9736769 ], [ 38.7487825, 8.9741982 ], [ 38.7488619, 8.9753689 ], [ 38.7488747, 8.9766091 ], [ 38.7468322, 8.9817306 ], [ 38.7461206, 8.9833069 ], [ 38.7452303, 8.9877313 ], [ 38.7469882, 8.9926049 ], [ 38.747417, 8.9945813 ], [ 38.7480953, 8.9961093 ], [ 38.748491, 8.9968656 ], [ 38.7495281, 8.9980622 ] ] ] } },
{ "type": "Feature", "properties": { "threshold_s": 900, "time_label": "15 min drive" }, "geometry": { "type": "Polygon", "coordinates": [ [ [ 38.737991, 8.9991543 ], [ 38.7376749, 9.0014169 ], [ 38.7411363, 9.0026067 ], [ 38.7469207, 9.0077617 ], [ 38.7472317, 9.0081935 ], [ 38.7519181, 9.0117755 ], [ 38.7531255, 9.0121265 ], [ 38.7586435, 9.0127141 ], [ 38.7627294, 9.0115076 ], [ 38.7702843, 9.0101555 ], [ 38.772598, 9.0100844 ], [ 38.7775795, 9.0043913 ], [ 38.7822124, 8.9978322 ], [ 38.7837104, 8.996249 ], [ 38.7877175, 8.9895661 ], [ 38.7876549, 8.9893973 ], [ 38.7874097, 8.9888361 ], [ 38.7855757, 8.9849273 ], [ 38.7787516, 8.9794447 ], [ 38.7777914, 8.9763594 ], [ 38.7750556, 8.9694476 ], [ 38.7714972, 8.9618546 ], [ 38.7692517, 8.9571825 ], [ 38.7688687, 8.9567519 ], [ 38.7658503, 8.9537372 ], [ 38.762583, 8.9530152 ], [ 38.7564152, 8.9537169 ], [ 38.7487685, 8.9578441 ], [ 38.7475643, 8.9601159 ], [ 38.7468403, 8.9614726 ], [ 38.7451588, 8.9656999 ], [ 38.740063, 8.9708467 ], [ 38.7365785, 8.9795314 ], [ 38.7364587, 8.9806848 ], [ 38.7375073, 8.9892226 ], [ 38.7371454, 8.9903463 ], [ 38.737991, 8.9991543 ] ] ] } },
{ "type": "Feature", "properties": { "threshold_s": 300, "time_label": "5 min drive" }, "geometry": { "type": "Polygon", "coordinates": [ [ [ 38.764029, 9.0002724 ], [ 38.7643906, 9.0014444 ], [ 38.7648436, 9.0018977 ], [ 38.7654508, 9.0023872 ], [ 38.7680657, 9.0039884 ], [ 38.7683436, 9.0041373 ], [ 38.769043, 9.0027762 ], [ 38.7710524, 9.0010739 ], [ 38.7714849, 8.997922 ], [ 38.7731964, 8.9969276 ], [ 38.7753912, 8.9966925 ], [ 38.7758743, 8.9963788 ], [ 38.7763041, 8.9957546 ], [ 38.7770756, 8.992736 ], [ 38.7780153, 8.9925672 ], [ 38.778576, 8.992462 ], [ 38.7787551, 8.991903 ], [ 38.7764195, 8.9911022 ], [ 38.7734872, 8.9905748 ], [ 38.7725604, 8.990016 ], [ 38.7716921, 8.9892484 ], [ 38.7706285, 8.9900889 ], [ 38.76804, 8.9900825 ], [ 38.7673199, 8.9905863 ], [ 38.766946, 8.9915539 ], [ 38.7662967, 8.9928308 ], [ 38.7648233, 8.9943716 ], [ 38.763602, 8.9952706 ], [ 38.7640184, 8.9969784 ], [ 38.7641369, 8.9997092 ], [ 38.764029, 9.0002724 ] ] ] } },
{ "type": "Feature", "properties": { "threshold_s": 600, "time_label": "10 min drive" }, "geometry": { "type": "Polygon", "coordinates": [ [ [ 38.76206, 9.0111118 ], [ 38.762877, 9.0129834 ], [ 38.7672256, 9.0115334 ], [ 38.7706225, 9.010122 ], [ 38.7742127, 9.0105641 ], [ 38.7767099, 9.0071045 ], [ 38.7776747, 9.0055086 ], [ 38.7775795, 9.0043913 ], [ 38.7772268, 9.0028263 ], [ 38.7794906, 8.9991652 ], [ 38.7816457, 8.9992002 ], [ 38.7822667, 8.9992671 ], [ 38.7827763, 8.9993254 ], [ 38.7849529, 8.9969014 ], [ 38.7860621, 8.9936699 ], [ 38.788291, 8.9915527 ], [ 38.7893008, 8.9887511 ], [ 38.7886764, 8.9882605 ], [ 38.7855757, 8.9849273 ], [ 38.7810382, 8.9833915 ], [ 38.7786342, 8.9830658 ], [ 38.7757844, 8.9831065 ], [ 38.7733497, 8.983102 ], [ 38.7729578, 8.9832075 ], [ 38.7720865, 8.9839641 ], [ 38.76691, 8.9832305 ], [ 38.7658906, 8.9818314 ], [ 38.763834, 8.9819059 ], [ 38.7598874, 8.9826072 ], [ 38.7585221, 8.9862381 ], [ 38.7586171, 8.9869071 ], [ 38.7588793, 8.9875864 ], [ 38.7593683, 8.989876 ], [ 38.7565699, 8.9926533 ], [ 38.7556499, 8.9931228 ], [ 38.7534142, 8.9955503 ], [ 38.7533887, 8.9956298 ], [ 38.7555253, 8.9985161 ], [ 38.7587985, 9.0020734 ], [ 38.7588645, 9.0036389 ], [ 38.7588747, 9.0040341 ], [ 38.7587103, 9.0068983 ], [ 38.7587462, 9.0073761 ], [ 38.7591165, 9.0088639 ], [ 38.76206, 9.0111118 ] ] ] } },
{ "type": "Feature", "properties": { "threshold_s": 900, "time_label": "15 min drive" }, "geometry": { "type": "Polygon", "coordinates": [ [ [ 38.7484279, 9.0131606 ], [ 38.751575699999989, 9.0171898 ], [ 38.7547988, 9.0187984 ], [ 38.7603636, 9.0186068 ], [ 38.7645123, 9.0221623 ], [ 38.7650922, 9.0223314 ], [ 38.7714391, 9.0195628 ], [ 38.7740742, 9.0190452 ], [ 38.774797, 9.0185944 ], [ 38.7760797, 9.0175791 ], [ 38.782059, 9.014438 ], [ 38.7832979, 9.0148016 ], [ 38.7834846, 9.01484 ], [ 38.7834729, 9.0142678 ], [ 38.7856355, 9.0081908 ], [ 38.7873394, 9.0074464 ], [ 38.7894034, 9.0046542 ], [ 38.792624, 8.9985777 ], [ 38.7931544, 8.9983837 ], [ 38.7936291, 8.9982041 ], [ 38.7941482, 8.9979968 ], [ 38.7946719, 8.9978068 ], [ 38.7951352, 8.9973643 ], [ 38.7976136, 8.9913002 ], [ 38.79654, 8.9900417 ], [ 38.7942992, 8.9887271 ], [ 38.791375, 8.9871117 ], [ 38.788826, 8.985809 ], [ 38.7879749, 8.9856538 ], [ 38.7855757, 8.9849273 ], [ 38.7842988, 8.9845215 ], [ 38.7829895, 8.9840922 ], [ 38.7787516, 8.9794447 ], [ 38.7777914, 8.9763594 ], [ 38.7774548, 8.9759568 ], [ 38.7773636, 8.975878 ], [ 38.7758334, 8.9749255 ], [ 38.77469210000001, 8.9744785 ], [ 38.7723068, 8.975148 ], [ 38.77070650000001, 8.9754968 ], [ 38.7701434, 8.9757714 ], [ 38.7632888, 8.9736929 ], [ 38.757237, 8.9730796 ], [ 38.7540968, 8.9794135 ], [ 38.749979, 8.9842547 ], [ 38.7454378, 8.9894532 ], [ 38.7446282, 8.9907519 ], [ 38.7433207, 8.995185 ], [ 38.743202, 8.9960376 ], [ 38.7438853, 8.9969221 ], [ 38.7439552, 8.9970066 ], [ 38.7458811, 8.998566 ], [ 38.7471426, 9.0000833 ], [ 38.7483563, 9.0064761 ], [ 38.748271, 9.0080491 ], [ 38.7482888, 9.0109348 ], [ 38.7484279, 9.0131606 ] ] ] } }
]
}
