{
"type": "FeatureCollection",
"name": "isochrone_shop_supermarket_multimodal",
"crs": { "type": "name", "properties": { "name": "urn:ogc:def:crs:OGC:1.3:CRS84" } },
"features": [
{ "type": "Feature", "properties": { "threshold_s": 300, "time_label": "5 minutes" }, "geometry": { "type": "Polygon", "coordinates": [ [ [ 105.847130399999983, 21.012434 ], [ 105.8471634, 21.0127021 ], [ 105.8472526, 21.0126791 ], [ 105.847654399999982, 21.0121155 ], [ 105.8486122, 21.0123296 ], [ 105.848719799999984, 21.0125914 ], [ 105.8481715, 21.0132558 ], [ 105.8481687, 21.0133175 ], [ 105.848165699999981, 21.0133741 ], [ 105.8482353, 21.0134829 ], [ 105.8485534, 21.0136311 ], [ 105.8486902, 21.0136136 ], [ 105.8491024, 21.013551 ], [ 105.8491558, 21.0135536 ], [ 105.8492061, 21.0135546 ], [ 105.849848899999984, 21.0136026 ], [ 105.8498821, 21.0136033 ], [ 105.84985589999998, 21.0146887 ], [ 105.8498909, 21.0146923 ], [ 105.849919, 21.0136045 ], [ 105.8504162, 21.0136199 ], [ 105.8504539, 21.0136225 ], [ 105.8504873, 21.0136258 ], [ 105.851006699999985, 21.0136842 ], [ 105.851038399999979, 21.0136877 ], [ 105.8510674, 21.0136912 ], [ 105.851185499999985, 21.0136209 ], [ 105.851190599999981, 21.0135732 ], [ 105.8511954, 21.0135129 ], [ 105.851099, 21.013435 ], [ 105.85101539999998, 21.0134335 ], [ 105.850501199999982, 21.0133212 ], [ 105.850456899999983, 21.0133222 ], [ 105.850411800000018, 21.0133225 ], [ 105.8499182, 21.0132701 ], [ 105.849877899999981, 21.0132711 ], [ 105.8498389, 21.0132721 ], [ 105.849201400000013, 21.0132491 ], [ 105.849117899999982, 21.0124376 ], [ 105.849786199999983, 21.0119194 ], [ 105.8498249, 21.011918 ], [ 105.849857299999982, 21.0119169 ], [ 105.850360499999979, 21.0118949 ], [ 105.850404199999986, 21.0118922 ], [ 105.8504447, 21.0118897 ], [ 105.8509251, 21.011874 ], [ 105.850958899999981, 21.0118728 ], [ 105.8509936, 21.0118715 ], [ 105.851588199999981, 21.0118283 ], [ 105.8516414, 21.0118255 ], [ 105.8517022, 21.0118222 ], [ 105.851686499999985, 21.0116317 ], [ 105.8516266, 21.0116346 ], [ 105.851565799999989, 21.0116372 ], [ 105.8508965, 21.0112599 ], [ 105.8514985, 21.0106475 ], [ 105.851560899999981, 21.0106434 ], [ 105.8516256, 21.0106391 ], [ 105.8516116, 21.0104425 ], [ 105.851472099999981, 21.0104295 ], [ 105.8508623, 21.0104209 ], [ 105.85022330000001, 21.0101884 ], [ 105.8499972, 21.009832 ], [ 105.8499136, 21.009523 ], [ 105.849828, 21.0095242 ], [ 105.8490179, 21.0095714 ], [ 105.8489642, 21.0095838 ], [ 105.849003, 21.0103301 ], [ 105.8482906, 21.0106766 ], [ 105.847928, 21.0107211 ], [ 105.8478673, 21.0107275 ], [ 105.8473172, 21.0115158 ], [ 105.847130399999983, 21.012434 ] ] ] } },
{ "type": "Feature", "properties": { "threshold_s": 600, "time_label": "10 minutes" }, "geometry": { "type": "Polygon", "coordinates": [ [ [ 105.8450315, 21.0140596 ], [ 105.8452286, 21.0143174 ], [ 105.8458099, 21.0146098 ], [ 105.8467193, 21.0153255 ], [ 105.8472715, 21.015515 ], [ 105.8483413, 21.0165896 ], [ 105.849260499999986, 21.0174756 ], [ 105.8503921, 21.017458 ], [ 105.850948399999979, 21.0168907 ], [ 105.8509488, 21.0168489 ], [ 105.850947199999979, 21.0167965 ], [ 105.8508672, 21.0167079 ], [ 105.850962, 21.015275 ], [ 105.8514753, 21.0152465 ], [ 105.8515527, 21.0152518 ], [ 105.85226179999998, 21.0156236 ], [ 105.8527637, 21.0152917 ], [ 105.853255, 21.0147894 ], [ 105.8544227, 21.014019 ], [ 105.8544708, 21.0139305 ], [ 105.8544817, 21.0138809 ], [ 105.8544942, 21.013824 ], [ 105.85365969999998, 21.0128439 ], [ 105.853049199999987, 21.0121426 ], [ 105.853546099999988, 21.0110583 ], [ 105.853923099999989, 21.0102527 ], [ 105.8539294, 21.010104 ], [ 105.8533579, 21.0087844 ], [ 105.8532377, 21.0085837 ], [ 105.852174399999981, 21.0083903 ], [ 105.8513694, 21.0072447 ], [ 105.8512646, 21.0072541 ], [ 105.8501247, 21.0075054 ], [ 105.8491128, 21.007309 ], [ 105.8477507, 21.0078299 ], [ 105.847440299999988, 21.0075401 ], [ 105.8469482, 21.0082198 ], [ 105.846939899999981, 21.0082864 ], [ 105.8469763, 21.0096937 ], [ 105.84621629999998, 21.009925 ], [ 105.8452884, 21.0100443 ], [ 105.8449397, 21.0104502 ], [ 105.845169799999979, 21.0110389 ], [ 105.845495500000013, 21.0114332 ], [ 105.8455437, 21.0125883 ], [ 105.8452984, 21.0134518 ], [ 105.8450315, 21.0140596 ] ] ] } },
{ "type": "Feature", "properties": { "threshold_s": 900, "time_label": "15 minutes" }, "geometry": { "type": "Polygon", "coordinates": [ [ [ 105.8432513, 21.0155825 ], [ 105.8443555, 21.0170014 ], [ 105.845683, 21.01704 ], [ 105.8461965, 21.0170919 ], [ 105.8473556, 21.0182764 ], [ 105.847429799999986, 21.0189291 ], [ 105.847556, 21.0191855 ], [ 105.8476423, 21.0192556 ], [ 105.848777, 21.0198738 ], [ 105.849792399999984, 21.0204743 ], [ 105.8500407, 21.0205951 ], [ 105.851840800000019, 21.0196583 ], [ 105.8519112, 21.0196391 ], [ 105.852964, 21.018202 ], [ 105.854055299999985, 21.0174762 ], [ 105.855322499999986, 21.0164366 ], [ 105.8562146, 21.0159672 ], [ 105.856356199999979, 21.0158365 ], [ 105.8577725, 21.0145144 ], [ 105.857791, 21.0144538 ], [ 105.8576158, 21.0138334 ], [ 105.8575736, 21.0137846 ], [ 105.8567031, 21.0126106 ], [ 105.8565964, 21.0109669 ], [ 105.8566052, 21.0107542 ], [ 105.8564708, 21.0099531 ], [ 105.8562548, 21.0089011 ], [ 105.855183899999986, 21.0079216 ], [ 105.854656399999982, 21.0073922 ], [ 105.8546031, 21.0073927 ], [ 105.853274499999984, 21.0071804 ], [ 105.8530703, 21.0055535 ], [ 105.8530462, 21.0054517 ], [ 105.852179799999988, 21.0048192 ], [ 105.850975600000012, 21.0036936 ], [ 105.850921899999989, 21.0036972 ], [ 105.8507093, 21.0038783 ], [ 105.8504813, 21.0044425 ], [ 105.8484978, 21.0049917 ], [ 105.847275, 21.0044509 ], [ 105.847206299999982, 21.0044498 ], [ 105.847162299999979, 21.004449 ], [ 105.8463209, 21.004962 ], [ 105.845651, 21.0061208 ], [ 105.8440518, 21.0073617 ], [ 105.843562, 21.00753 ], [ 105.8435545, 21.0076038 ], [ 105.84379269999998, 21.0076335 ], [ 105.845227499999979, 21.0084969 ], [ 105.8449397, 21.0104502 ], [ 105.845169799999979, 21.0110389 ], [ 105.8455437, 21.0125883 ], [ 105.8452984, 21.0134518 ], [ 105.8450315, 21.0140596 ], [ 105.8432542, 21.0143207 ], [ 105.842844899999989, 21.0139577 ], [ 105.8423851, 21.0136837 ], [ 105.8422627, 21.0137208 ], [ 105.841967399999987, 21.0139202 ], [ 105.841994, 21.014159 ], [ 105.8432513, 21.0155825 ] ] ] } },
{ "type": "Feature", "properties": { "threshold_s": 300, "time_label": "5 minutes" }, "geometry": { "type": "Polygon", "coordinates": [ [ [ 105.7892454, 21.0361961 ], [ 105.789386199999981, 21.0365075 ], [ 105.789716899999988, 21.0366046 ], [ 105.7901069, 21.0369083 ], [ 105.7901703, 21.0368948 ], [ 105.7903677, 21.0368529 ], [ 105.7911702, 21.0367252 ], [ 105.7910761, 21.0373603 ], [ 105.7918056, 21.0372225 ], [ 105.7919761, 21.0375626 ], [ 105.7919346, 21.0372013 ], [ 105.7919306, 21.0371714 ], [ 105.7918865, 21.0369037 ], [ 105.7927106, 21.036931 ], [ 105.792609899999988, 21.036666 ], [ 105.7931526, 21.0361114 ], [ 105.793691, 21.0359516 ], [ 105.7939078, 21.0365284 ], [ 105.7940948, 21.0364567 ], [ 105.7940714, 21.0358308 ], [ 105.7942523, 21.0355639 ], [ 105.794565899999981, 21.0350083 ], [ 105.7950072, 21.0349734 ], [ 105.7949619, 21.0348449 ], [ 105.7949471, 21.0348031 ], [ 105.7947965, 21.0346505 ], [ 105.794219, 21.0342329 ], [ 105.7937131, 21.0346549 ], [ 105.7933347, 21.0347649 ], [ 105.7931542, 21.0348661 ], [ 105.79276609999998, 21.0353382 ], [ 105.792199199999985, 21.0355223 ], [ 105.7916689, 21.0356975 ], [ 105.7913192, 21.0354644 ], [ 105.790982699999986, 21.034834 ], [ 105.7909904, 21.0347362 ], [ 105.7914173, 21.034111 ], [ 105.7922881, 21.0336607 ], [ 105.792427799999984, 21.0335602 ], [ 105.7925137, 21.0334765 ], [ 105.792353899999981, 21.0334613 ], [ 105.7922076, 21.0335511 ], [ 105.7910526, 21.0337721 ], [ 105.790972899999986, 21.0335434 ], [ 105.7904035, 21.0336571 ], [ 105.790312499999985, 21.034105 ], [ 105.7903057, 21.0347937 ], [ 105.790163699999979, 21.0353084 ], [ 105.7897361, 21.0357624 ], [ 105.789298, 21.0359584 ], [ 105.7892454, 21.0361961 ] ] ] } },
{ "type": "Feature", "properties": { "threshold_s": 600, "time_label": "10 minutes" }, "geometry": { "type": "Polygon", "coordinates": [ [ [ 105.785859299999984, 21.0365051 ], [ 105.785949699999989, 21.0366732 ], [ 105.786916099999985, 21.0375234 ], [ 105.787868399999979, 21.0381324 ], [ 105.7881734, 21.0383342 ], [ 105.7888679, 21.0386153 ], [ 105.790184599999989, 21.0396864 ], [ 105.790263, 21.0403006 ], [ 105.79056319999998, 21.0406353 ], [ 105.790641, 21.0406379 ], [ 105.7913654, 21.0397321 ], [ 105.7925824, 21.0403024 ], [ 105.793877099999989, 21.0391617 ], [ 105.7946806, 21.0394819 ], [ 105.7959445, 21.0389794 ], [ 105.796106099999989, 21.0388576 ], [ 105.797031499999989, 21.037659 ], [ 105.796927299999979, 21.0361604 ], [ 105.797094099999981, 21.0358597 ], [ 105.7975295, 21.0353408 ], [ 105.7977426, 21.0350541 ], [ 105.7978531, 21.0341255 ], [ 105.7978154, 21.0336954 ], [ 105.797791700000019, 21.0334399 ], [ 105.797742499999984, 21.033397 ], [ 105.796559299999984, 21.0326987 ], [ 105.795695200000011, 21.0324289 ], [ 105.7947056, 21.031555 ], [ 105.793812399999979, 21.0309792 ], [ 105.792368899999985, 21.0309593 ], [ 105.7914443, 21.0309847 ], [ 105.789847499999979, 21.0306864 ], [ 105.789698, 21.03072 ], [ 105.7890802, 21.0316734 ], [ 105.789049599999984, 21.0317559 ], [ 105.788610799999987, 21.033103 ], [ 105.7878088, 21.0333518 ], [ 105.787476499999983, 21.0339767 ], [ 105.7868278, 21.0351011 ], [ 105.786397199999982, 21.0353107 ], [ 105.78585769999998, 21.0363734 ], [ 105.785857899999982, 21.0364474 ], [ 105.785859299999984, 21.0365051 ] ] ] } },
{ "type": "Feature", "properties": { "threshold_s": 900, "time_label": "15 minutes" }, "geometry": { "type": "Polygon", "coordinates": [ [ [ 105.782730199999989, 21.0367705 ], [ 105.7829633, 21.0371411 ], [ 105.78365, 21.0377012 ], [ 105.784433399999983, 21.0382917 ], [ 105.786094899999981, 21.039535 ], [ 105.7871524, 21.0405812 ], [ 105.7877716, 21.0412495 ], [ 105.788262900000021, 21.0417964 ], [ 105.7900675, 21.0434697 ], [ 105.7902047, 21.0435906 ], [ 105.7902967, 21.0435905 ], [ 105.7917566, 21.042852 ], [ 105.7936082, 21.0423518 ], [ 105.7948868, 21.0416808 ], [ 105.7977194, 21.0412042 ], [ 105.798467299999984, 21.0405884 ], [ 105.7995681, 21.0389463 ], [ 105.7994405, 21.0369381 ], [ 105.800659499999981, 21.0356434 ], [ 105.801078899999979, 21.0350719 ], [ 105.800483, 21.0333915 ], [ 105.800495, 21.0310389 ], [ 105.8004181, 21.0308834 ], [ 105.800388499999983, 21.0308533 ], [ 105.7991498, 21.0308323 ], [ 105.79758409999998, 21.0312245 ], [ 105.7956169, 21.0307521 ], [ 105.794807799999987, 21.0298557 ], [ 105.794198699999981, 21.0289989 ], [ 105.7938739, 21.0286171 ], [ 105.793758899999986, 21.0285116 ], [ 105.7912244, 21.0283441 ], [ 105.789381899999981, 21.0278391 ], [ 105.7891615, 21.0279035 ], [ 105.787713199999985, 21.0291676 ], [ 105.7860792, 21.030676 ], [ 105.7855999, 21.0312991 ], [ 105.784482699999984, 21.0338182 ], [ 105.7835275, 21.0342872 ], [ 105.782619399999987, 21.0364337 ], [ 105.782619899999986, 21.0364528 ], [ 105.782622499999988, 21.0365416 ], [ 105.782730199999989, 21.0367705 ] ] ] } },
{ "type": "Feature", "properties": { "threshold_s": 300, "time_label": "5 minutes" }, "geometry": { "type": "Polygon", "coordinates": [ [ [ 105.846263, 21.0310171 ], [ 105.8467514, 21.0319851 ], [ 105.846937399999987, 21.0315 ], [ 105.8474725, 21.0304548 ], [ 105.8481374, 21.0308039 ], [ 105.8486543, 21.0310594 ], [ 105.848212299999986, 21.0297241 ], [ 105.847785, 21.0297698 ], [ 105.8464, 21.0291195 ], [ 105.8453413, 21.0287033 ], [ 105.845987099999988, 21.0275442 ], [ 105.8457968, 21.0269312 ], [ 105.8458932, 21.0262975 ], [ 105.845643, 21.0262182 ], [ 105.8455722, 21.026239 ], [ 105.8454985, 21.0262607 ], [ 105.8454862, 21.0263037 ], [ 105.8455169, 21.0264061 ], [ 105.8455356, 21.0264684 ], [ 105.8457157, 21.0269583 ], [ 105.8457881, 21.0272087 ], [ 105.8447258, 21.0278981 ], [ 105.8443116, 21.0278299 ], [ 105.8437157, 21.0281557 ], [ 105.843716299999983, 21.0282559 ], [ 105.8439273, 21.0285542 ], [ 105.8439851, 21.0285916 ], [ 105.844501399999984, 21.0290772 ], [ 105.844747, 21.0298017 ], [ 105.844766299999989, 21.0299011 ], [ 105.8450687, 21.0291861 ], [ 105.846568, 21.0299584 ], [ 105.846263, 21.0310171 ] ] ] } },
{ "type": "Feature", "properties": { "threshold_s": 600, "time_label": "10 minutes" }, "geometry": { "type": "Polygon", "coordinates": [ [ [ 105.8407417, 21.0291033 ], [ 105.8413921, 21.0305328 ], [ 105.8420999, 21.0305916 ], [ 105.843077, 21.0314933 ], [ 105.8443984, 21.0323126 ], [ 105.8455033, 21.033579 ], [ 105.8456694, 21.0347273 ], [ 105.847499, 21.0350358 ], [ 105.848043799999985, 21.0342979 ], [ 105.8480578, 21.0338546 ], [ 105.8480621, 21.0338079 ], [ 105.8480668, 21.0337554 ], [ 105.8485186, 21.0323719 ], [ 105.849698100000012, 21.0326161 ], [ 105.8499725, 21.0329804 ], [ 105.850261500000016, 21.0331052 ], [ 105.8513365, 21.0323003 ], [ 105.8513817, 21.0321865 ], [ 105.8510133, 21.0304478 ], [ 105.8506755, 21.0291423 ], [ 105.849878299999986, 21.0281776 ], [ 105.8502936, 21.0269683 ], [ 105.850573, 21.0262615 ], [ 105.84922779999998, 21.0259917 ], [ 105.8480906, 21.0255619 ], [ 105.847642, 21.0242227 ], [ 105.8476249, 21.0241716 ], [ 105.8471306, 21.0240275 ], [ 105.8458793, 21.0238188 ], [ 105.8447867, 21.0234773 ], [ 105.844232099999985, 21.0234543 ], [ 105.8437731, 21.0248782 ], [ 105.843161399999985, 21.0253427 ], [ 105.8429003, 21.0255504 ], [ 105.8415889, 21.02655 ], [ 105.8415226, 21.0266227 ], [ 105.840764, 21.0276962 ], [ 105.8407147, 21.0289876 ], [ 105.8407417, 21.0291033 ] ] ] } },
{ "type": "Feature", "properties": { "threshold_s": 900, "time_label": "15 minutes" }, "geometry": { "type": "Polygon", "coordinates": [ [ [ 105.83852, 21.0312806 ], [ 105.8389778, 21.0327129 ], [ 105.8391201, 21.0328534 ], [ 105.840682299999983, 21.0328473 ], [ 105.8407384, 21.0328372 ], [ 105.841180199999982, 21.0327568 ], [ 105.8415775, 21.032684 ], [ 105.843611, 21.0337263 ], [ 105.8449379, 21.0348636 ], [ 105.8447622, 21.0357407 ], [ 105.8445168, 21.0360386 ], [ 105.8451591, 21.0373498 ], [ 105.8454918, 21.0375308 ], [ 105.847111399999989, 21.0375183 ], [ 105.8479192, 21.0377886 ], [ 105.849642099999983, 21.0363753 ], [ 105.850024, 21.0353227 ], [ 105.852156799999989, 21.0347124 ], [ 105.8527555, 21.0342474 ], [ 105.853804, 21.0330302 ], [ 105.85453339999998, 21.0321628 ], [ 105.8538749, 21.0308136 ], [ 105.8536738, 21.0305146 ], [ 105.853622, 21.0304785 ], [ 105.853362, 21.0305111 ], [ 105.8515171, 21.0291975 ], [ 105.851518, 21.0289361 ], [ 105.851497600000016, 21.0287269 ], [ 105.8514771, 21.0285279 ], [ 105.8514483, 21.0283114 ], [ 105.8514521, 21.0280788 ], [ 105.8515379, 21.0276191 ], [ 105.8533519, 21.0266898 ], [ 105.8535389, 21.0260779 ], [ 105.8534289, 21.0254568 ], [ 105.8534146, 21.0254056 ], [ 105.8533972, 21.0253457 ], [ 105.8520619, 21.0245031 ], [ 105.8507647, 21.0230538 ], [ 105.848764, 21.0219993 ], [ 105.8487426, 21.021917 ], [ 105.8486251, 21.0218644 ], [ 105.8475819, 21.0218025 ], [ 105.846808599999989, 21.0223726 ], [ 105.8451685, 21.0214653 ], [ 105.84478559999998, 21.0209731 ], [ 105.843095, 21.0213746 ], [ 105.8429794, 21.0214095 ], [ 105.842550700000018, 21.0220337 ], [ 105.8413938, 21.0234353 ], [ 105.841197, 21.0240138 ], [ 105.839705899999984, 21.0250751 ], [ 105.839015499999988, 21.0256602 ], [ 105.8384055, 21.0264754 ], [ 105.8377967, 21.0277075 ], [ 105.8373598, 21.0285935 ], [ 105.838382899999985, 21.0304612 ], [ 105.838487699999988, 21.0311274 ], [ 105.8385022, 21.0311973 ], [ 105.83852, 21.0312806 ] ] ] } },
{ "type": "Feature", "properties": { "threshold_s": 300, "time_label": "5 minutes" }, "geometry": { "type": "Polygon", "coordinates": [ [ [ 105.8467514, 21.0319851 ], [ 105.846901399999979, 21.0326301 ], [ 105.84769249999998, 21.0324873 ], [ 105.848055599999981, 21.0324216 ], [ 105.8485186, 21.0323719 ], [ 105.84887710000001, 21.0317532 ], [ 105.849698100000012, 21.0326161 ], [ 105.8507011, 21.0323117 ], [ 105.850788899999984, 21.0322301 ], [ 105.8507062, 21.0322111 ], [ 105.8504709, 21.0321878 ], [ 105.8491377, 21.0313156 ], [ 105.8488561, 21.0305684 ], [ 105.8483723, 21.0299419 ], [ 105.8491746, 21.029779 ], [ 105.8501894, 21.0298974 ], [ 105.8494419, 21.0291799 ], [ 105.8494642, 21.02913 ], [ 105.849518, 21.0290007 ], [ 105.8495631, 21.0288558 ], [ 105.8493706, 21.0287372 ], [ 105.84912, 21.028948 ], [ 105.8484423, 21.0290008 ], [ 105.847791199999989, 21.0281196 ], [ 105.8477921, 21.0285735 ], [ 105.847795099999985, 21.0291543 ], [ 105.8464, 21.0291195 ], [ 105.846568, 21.0299584 ], [ 105.847785, 21.0297698 ], [ 105.8477212, 21.029978 ], [ 105.8474725, 21.0304548 ], [ 105.8481374, 21.0308039 ], [ 105.8478206, 21.0313634 ], [ 105.8477628, 21.0316054 ], [ 105.846937399999987, 21.0315 ], [ 105.8467286, 21.0312332 ], [ 105.846286, 21.0310279 ], [ 105.846263, 21.0310171 ], [ 105.8467514, 21.0319851 ] ] ] } },
{ "type": "Feature", "properties": { "threshold_s": 600, "time_label": "10 minutes" }, "geometry": { "type": "Polygon", "coordinates": [ [ [ 105.8455033, 21.033579 ], [ 105.8449379, 21.0348636 ], [ 105.8455017, 21.0352686 ], [ 105.8458707, 21.0354191 ], [ 105.8470504, 21.0355456 ], [ 105.848386, 21.0361504 ], [ 105.849394799999985, 21.0353124 ], [ 105.850615299999987, 21.0347411 ], [ 105.8521144, 21.0344541 ], [ 105.852698, 21.0338771 ], [ 105.8530192, 21.033042 ], [ 105.8538341, 21.0321923 ], [ 105.8534094, 21.0309598 ], [ 105.853302, 21.0309075 ], [ 105.8532216, 21.0309691 ], [ 105.8523694, 21.0316052 ], [ 105.8513118, 21.0303982 ], [ 105.8513388, 21.0302937 ], [ 105.851363, 21.0301442 ], [ 105.8514055, 21.0298406 ], [ 105.851443499999988, 21.0296032 ], [ 105.851467499999984, 21.0294759 ], [ 105.8515171, 21.0291975 ], [ 105.851518, 21.0289361 ], [ 105.851497600000016, 21.0287269 ], [ 105.8514771, 21.0285279 ], [ 105.8515379, 21.0276191 ], [ 105.851632, 21.0272476 ], [ 105.851697799999982, 21.0268648 ], [ 105.8515825, 21.0267645 ], [ 105.850573, 21.0262615 ], [ 105.850117399999988, 21.0262759 ], [ 105.8500649, 21.0262924 ], [ 105.8499761, 21.0263196 ], [ 105.848583, 21.0261572 ], [ 105.8480906, 21.0255619 ], [ 105.847640799999979, 21.0252782 ], [ 105.8468306, 21.025886 ], [ 105.8455564, 21.0256095 ], [ 105.8455288, 21.0255887 ], [ 105.8454813, 21.0255657 ], [ 105.845418399999986, 21.0255434 ], [ 105.8453091, 21.0255978 ], [ 105.8451298, 21.026265 ], [ 105.843934099999984, 21.0274055 ], [ 105.8426329, 21.0278385 ], [ 105.8425904, 21.0279135 ], [ 105.842570599999988, 21.0292003 ], [ 105.8425896, 21.0292899 ], [ 105.8439386, 21.0301487 ], [ 105.845064, 21.0313485 ], [ 105.845176599999988, 21.0319201 ], [ 105.8452826, 21.0324584 ], [ 105.8455033, 21.033579 ] ] ] } },
{ "type": "Feature", "properties": { "threshold_s": 900, "time_label": "15 minutes" }, "geometry": { "type": "Polygon", "coordinates": [ [ [ 105.8445168, 21.0360386 ], [ 105.8447313, 21.0372753 ], [ 105.8456003, 21.0380648 ], [ 105.8470874, 21.0388953 ], [ 105.847192399999983, 21.0389103 ], [ 105.849096399999979, 21.0384987 ], [ 105.8500003, 21.0379918 ], [ 105.8506814, 21.037623 ], [ 105.8525179, 21.0367986 ], [ 105.85314080000002, 21.0366868 ], [ 105.8546701, 21.035414 ], [ 105.8547385, 21.0352913 ], [ 105.855330399999986, 21.0338854 ], [ 105.8559243, 21.0326476 ], [ 105.8567492, 21.0313753 ], [ 105.8562058, 21.0307153 ], [ 105.8545507, 21.0294831 ], [ 105.853833399999985, 21.0282312 ], [ 105.853619, 21.0270443 ], [ 105.8540688, 21.0257916 ], [ 105.8544024, 21.0251211 ], [ 105.8529752, 21.0243748 ], [ 105.852806199999989, 21.024288 ], [ 105.851334, 21.0245245 ], [ 105.8503603, 21.0243093 ], [ 105.8488402, 21.0228769 ], [ 105.84714, 21.0231453 ], [ 105.8464676, 21.0227518 ], [ 105.8463276, 21.0227121 ], [ 105.844176099999984, 21.0232694 ], [ 105.843735399999986, 21.0235173 ], [ 105.8436911, 21.0235669 ], [ 105.842991, 21.0246071 ], [ 105.841625, 21.0257921 ], [ 105.83995419999998, 21.0268091 ], [ 105.8394599, 21.0275869 ], [ 105.839164299999979, 21.0281474 ], [ 105.839148899999984, 21.0295628 ], [ 105.8391739, 21.0296361 ], [ 105.8401524, 21.0309609 ], [ 105.840374899999986, 21.0316164 ], [ 105.84249149999998, 21.0322441 ], [ 105.843611, 21.0337263 ], [ 105.8449379, 21.0348636 ], [ 105.8447622, 21.0357407 ], [ 105.8445168, 21.0360386 ] ] ] } },
{ "type": "Feature", "properties": { "threshold_s": 300, "time_label": "5 minutes" }, "geometry": { "type": "Polygon", "coordinates": [ [ [ 105.7977426, 21.0350541 ], [ 105.797660799999989, 21.0350567 ], [ 105.7977632, 21.035172 ], [ 105.798785199999983, 21.03562 ], [ 105.7989511, 21.0357743 ], [ 105.799484599999985, 21.0356856 ], [ 105.800232599999987, 21.036535 ], [ 105.801315299999985, 21.0363163 ], [ 105.8025042, 21.0360146 ], [ 105.8024346, 21.0350836 ], [ 105.8017761, 21.034623 ], [ 105.80127779999998, 21.0345567 ], [ 105.8006466, 21.0338631 ], [ 105.800609899999984, 21.0335719 ], [ 105.800327199999984, 21.0329594 ], [ 105.8000215, 21.0326865 ], [ 105.7996717, 21.0318345 ], [ 105.7996454, 21.0318103 ], [ 105.799342, 21.0318657 ], [ 105.7993258, 21.0318811 ], [ 105.798941199999987, 21.0324816 ], [ 105.7982389, 21.0331615 ], [ 105.7982689, 21.0331916 ], [ 105.798611099999988, 21.0339526 ], [ 105.798728199999985, 21.0343709 ], [ 105.7978184, 21.0350492 ], [ 105.7977426, 21.0350541 ] ] ] } },
{ "type": "Feature", "properties": { "threshold_s": 600, "time_label": "10 minutes" }, "geometry": { "type": "Polygon", "coordinates": [ [ [ 105.7962897, 21.0368121 ], [ 105.797012699999982, 21.0380366 ], [ 105.7976123, 21.0385438 ], [ 105.7981001, 21.038744 ], [ 105.7997892, 21.0387022 ], [ 105.800570599999986, 21.0385808 ], [ 105.801930699999986, 21.0390239 ], [ 105.802797699999985, 21.0391428 ], [ 105.8042142, 21.0384243 ], [ 105.804344199999989, 21.0381654 ], [ 105.804558, 21.0373697 ], [ 105.805068500000019, 21.0360318 ], [ 105.805151399999986, 21.0346683 ], [ 105.8050648, 21.0345518 ], [ 105.8049793, 21.034438 ], [ 105.8048794, 21.0343054 ], [ 105.8036057, 21.0333204 ], [ 105.8027826, 21.0332623 ], [ 105.8019227, 21.0327715 ], [ 105.801987199999985, 21.0317685 ], [ 105.802175, 21.0302312 ], [ 105.801987899999986, 21.0300012 ], [ 105.8017885, 21.0297974 ], [ 105.801267700000011, 21.0298477 ], [ 105.7999799, 21.0297372 ], [ 105.7992099, 21.0295019 ], [ 105.7991249, 21.0295863 ], [ 105.7984283, 21.0306183 ], [ 105.7976728, 21.0305341 ], [ 105.7973691, 21.0304952 ], [ 105.796900899999983, 21.0305205 ], [ 105.796755300000015, 21.0317955 ], [ 105.7970258, 21.032364 ], [ 105.797369, 21.0329032 ], [ 105.7960251, 21.0337079 ], [ 105.7957005, 21.0336854 ], [ 105.79558369999998, 21.0336974 ], [ 105.7949471, 21.0348031 ], [ 105.7949619, 21.0348449 ], [ 105.7951996, 21.0349602 ], [ 105.7961688, 21.0354957 ], [ 105.7961972, 21.0365926 ], [ 105.7962897, 21.0368121 ] ] ] } },
{ "type": "Feature", "properties": { "threshold_s": 900, "time_label": "15 minutes" }, "geometry": { "type": "Polygon", "coordinates": [ [ [ 105.793496299999987, 21.0379485 ], [ 105.7946806, 21.0394819 ], [ 105.7965513, 21.0404368 ], [ 105.7967213, 21.0408237 ], [ 105.7975387, 21.0411487 ], [ 105.7977194, 21.0412042 ], [ 105.798395099999979, 21.0412035 ], [ 105.798982, 21.0403562 ], [ 105.8007862, 21.0404424 ], [ 105.802528599999988, 21.0411179 ], [ 105.804590399999981, 21.0405802 ], [ 105.80558929999998, 21.0406052 ], [ 105.806850700000012, 21.0402626 ], [ 105.806209599999988, 21.0383101 ], [ 105.806550500000014, 21.0374824 ], [ 105.8069638, 21.0367477 ], [ 105.8070718, 21.0359014 ], [ 105.8072619, 21.0347976 ], [ 105.8078304, 21.0327011 ], [ 105.8078205, 21.0326457 ], [ 105.8077859, 21.0325508 ], [ 105.807057299999983, 21.0324701 ], [ 105.8063309, 21.0323841 ], [ 105.8047705, 21.0313129 ], [ 105.8044809, 21.0299657 ], [ 105.805185499999979, 21.028789 ], [ 105.8049365, 21.0284178 ], [ 105.8030732, 21.0276858 ], [ 105.802105600000019, 21.0275679 ], [ 105.800288099999989, 21.027665 ], [ 105.7984869, 21.0273917 ], [ 105.7982368, 21.0275818 ], [ 105.797878, 21.0279075 ], [ 105.795740399999985, 21.0280406 ], [ 105.795578299999988, 21.0281361 ], [ 105.7957353, 21.0290074 ], [ 105.796087499999985, 21.0305476 ], [ 105.7953257, 21.0313351 ], [ 105.7932623, 21.0323558 ], [ 105.7933524, 21.0341262 ], [ 105.792199199999985, 21.0355223 ], [ 105.7922206, 21.0355758 ], [ 105.7933595, 21.0367495 ], [ 105.793496299999987, 21.0379485 ] ] ] } },
{ "type": "Feature", "properties": { "threshold_s": 300, "time_label": "5 minutes" }, "geometry": { "type": "Polygon", "coordinates": [ [ [ 105.811628, 21.0258244 ], [ 105.8120433, 21.0265081 ], [ 105.812161799999984, 21.0265839 ], [ 105.8121254, 21.0265405 ], [ 105.811872899999983, 21.0255651 ], [ 105.81239069999998, 21.0251465 ], [ 105.8130933, 21.024839 ], [ 105.813016, 21.0245555 ], [ 105.8131632, 21.0234306 ], [ 105.812317199999981, 21.0224635 ], [ 105.811984099999989, 21.0220852 ], [ 105.8111677, 21.0220555 ], [ 105.8106582, 21.022517 ], [ 105.809668699999989, 21.0219895 ], [ 105.80952689999998, 21.0217555 ], [ 105.8094432, 21.0217946 ], [ 105.809479, 21.0224841 ], [ 105.8095659, 21.0226661 ], [ 105.8105135, 21.0236591 ], [ 105.8107217, 21.0240211 ], [ 105.8109853, 21.02434 ], [ 105.8116518, 21.0253615 ], [ 105.811628, 21.0258244 ] ] ] } },
{ "type": "Feature", "properties": { "threshold_s": 600, "time_label": "10 minutes" }, "geometry": { "type": "Polygon", "coordinates": [ [ [ 105.8094101, 21.0273309 ], [ 105.809749499999981, 21.0278664 ], [ 105.810094099999986, 21.0281542 ], [ 105.811946399999982, 21.0277003 ], [ 105.812133299999985, 21.0288429 ], [ 105.8121241, 21.0289159 ], [ 105.8127855, 21.0294871 ], [ 105.812869, 21.0295016 ], [ 105.8138813, 21.0281501 ], [ 105.813866099999984, 21.0278358 ], [ 105.813866099999984, 21.0274583 ], [ 105.81385109999998, 21.0272941 ], [ 105.8138205, 21.0270628 ], [ 105.813229599999985, 21.0262258 ], [ 105.814575499999989, 21.0253733 ], [ 105.815022299999981, 21.0254835 ], [ 105.8155211, 21.0251003 ], [ 105.815943, 21.0244049 ], [ 105.8166398, 21.0234082 ], [ 105.816100899999981, 21.022873 ], [ 105.8150578, 21.0220802 ], [ 105.814053, 21.0211344 ], [ 105.8131721, 21.0204556 ], [ 105.8122765, 21.0190151 ], [ 105.812224, 21.019037 ], [ 105.8111067, 21.0196874 ], [ 105.810077199999981, 21.0195215 ], [ 105.809486299999989, 21.0191446 ], [ 105.8086578, 21.0191946 ], [ 105.807978399999982, 21.0196409 ], [ 105.8072235, 21.0205315 ], [ 105.807206599999986, 21.0211898 ], [ 105.80713369999998, 21.022128 ], [ 105.8062732, 21.0231458 ], [ 105.806219899999988, 21.023464 ], [ 105.8068054, 21.0233637 ], [ 105.8071314, 21.0232484 ], [ 105.807591799999983, 21.0231588 ], [ 105.8078644, 21.0231616 ], [ 105.80926119999998, 21.0243198 ], [ 105.810203099999981, 21.024317 ], [ 105.81003149999998, 21.0259996 ], [ 105.809760399999988, 21.0268737 ], [ 105.8094101, 21.0273309 ] ] ] } },
{ "type": "Feature", "properties": { "threshold_s": 900, "time_label": "15 minutes" }, "geometry": { "type": "Polygon", "coordinates": [ [ [ 105.8054548, 21.025737 ], [ 105.8060651, 21.0281029 ], [ 105.806683399999983, 21.0285904 ], [ 105.8081098, 21.0294211 ], [ 105.8083894, 21.0294586 ], [ 105.810731, 21.0302592 ], [ 105.812389699999983, 21.0316669 ], [ 105.813436399999986, 21.0324224 ], [ 105.813643099999979, 21.0322459 ], [ 105.814255499999987, 21.0312631 ], [ 105.8156606, 21.0304128 ], [ 105.816186, 21.0292363 ], [ 105.8176462, 21.0277127 ], [ 105.8183612, 21.0270384 ], [ 105.8181867, 21.0253306 ], [ 105.820086799999984, 21.0239923 ], [ 105.8203222, 21.0237765 ], [ 105.820607599999988, 21.0227058 ], [ 105.8190634, 21.0220926 ], [ 105.8180511, 21.0210447 ], [ 105.818026, 21.0210107 ], [ 105.8166309, 21.019781 ], [ 105.8159019, 21.0197615 ], [ 105.8143419, 21.0200532 ], [ 105.8134319, 21.0179704 ], [ 105.813690099999988, 21.0174493 ], [ 105.81397560000002, 21.0171488 ], [ 105.813935, 21.0170799 ], [ 105.8122637, 21.0166467 ], [ 105.8109021, 21.0164142 ], [ 105.8101254, 21.0169685 ], [ 105.8081296, 21.0167772 ], [ 105.807426299999989, 21.0165643 ], [ 105.8062567, 21.0163454 ], [ 105.806005899999988, 21.0171471 ], [ 105.805111199999985, 21.0191788 ], [ 105.804113, 21.0211729 ], [ 105.8034862, 21.022675 ], [ 105.803416299999981, 21.0234479 ], [ 105.8038122, 21.0245521 ], [ 105.8045356, 21.0252444 ], [ 105.8054548, 21.025737 ] ] ] } },
{ "type": "Feature", "properties": { "threshold_s": 300, "time_label": "5 minutes" }, "geometry": { "type": "Polygon", "coordinates": [ [ [ 105.853889, 21.0303709 ], [ 105.8539865, 21.0312777 ], [ 105.8545659, 21.0314536 ], [ 105.8545423, 21.0302329 ], [ 105.8548898, 21.0302846 ], [ 105.8549501, 21.0302935 ], [ 105.8545507, 21.0294831 ], [ 105.853931799999984, 21.0295017 ], [ 105.85392779999998, 21.0288724 ], [ 105.853927499999983, 21.0288143 ], [ 105.853928699999983, 21.0287392 ], [ 105.853875099999982, 21.0285008 ], [ 105.853833399999985, 21.0282312 ], [ 105.854288399999987, 21.0278467 ], [ 105.854906, 21.0276682 ], [ 105.8553136, 21.0276132 ], [ 105.8557631, 21.0277336 ], [ 105.8557416, 21.0282471 ], [ 105.8554811, 21.0288462 ], [ 105.855405, 21.0288276 ], [ 105.8553303, 21.0288775 ], [ 105.8553248, 21.0289403 ], [ 105.8553189, 21.0289964 ], [ 105.855437800000018, 21.0289498 ], [ 105.8555487, 21.0288623 ], [ 105.8564261, 21.0289086 ], [ 105.8565535, 21.029043 ], [ 105.856528, 21.0296447 ], [ 105.8562358, 21.0296748 ], [ 105.8562058, 21.0307153 ], [ 105.8567112, 21.0297654 ], [ 105.857199, 21.0298779 ], [ 105.857250099999987, 21.0297668 ], [ 105.8574054, 21.0294439 ], [ 105.857899799999984, 21.0292106 ], [ 105.857796199999981, 21.028661 ], [ 105.857538, 21.0291314 ], [ 105.8569958, 21.0289813 ], [ 105.856958, 21.0289747 ], [ 105.8569149, 21.028967 ], [ 105.8565577, 21.0288935 ], [ 105.856494399999988, 21.0288939 ], [ 105.856194500000015, 21.0282327 ], [ 105.8562025, 21.0278195 ], [ 105.8562804, 21.0276784 ], [ 105.8572187, 21.0277835 ], [ 105.857243499999981, 21.0278069 ], [ 105.857306099999988, 21.0278229 ], [ 105.857361899999987, 21.0278373 ], [ 105.857384599999989, 21.0278026 ], [ 105.8574113, 21.0277261 ], [ 105.85743189999998, 21.0276619 ], [ 105.8574075, 21.0276223 ], [ 105.8573671, 21.0276107 ], [ 105.8573277, 21.0276024 ], [ 105.857237199999986, 21.0276882 ], [ 105.8572278, 21.0277364 ], [ 105.85642, 21.0275383 ], [ 105.856326300000021, 21.0270123 ], [ 105.8564467, 21.0268364 ], [ 105.8560819, 21.0264199 ], [ 105.8555511, 21.0261522 ], [ 105.855442, 21.0260793 ], [ 105.8555364, 21.0263728 ], [ 105.855605199999985, 21.02659 ], [ 105.8556585, 21.0267559 ], [ 105.8552463, 21.0271547 ], [ 105.854776, 21.0270958 ], [ 105.8543958, 21.0275043 ], [ 105.8542091, 21.0275302 ], [ 105.8537202, 21.0272625 ], [ 105.8535709, 21.0273332 ], [ 105.8534184, 21.0276444 ], [ 105.853463299999987, 21.0279608 ], [ 105.853482799999981, 21.0280946 ], [ 105.853504099999981, 21.0282385 ], [ 105.8535264, 21.0283894 ], [ 105.8535619, 21.0288793 ], [ 105.853399, 21.0292627 ], [ 105.853357499999987, 21.0293305 ], [ 105.8533349, 21.0294679 ], [ 105.8533263, 21.0297825 ], [ 105.853385, 21.0298339 ], [ 105.853547500000019, 21.0299575 ], [ 105.853889, 21.0303709 ] ] ] } },
{ "type": "Feature", "properties": { "threshold_s": 600, "time_label": "10 minutes" }, "geometry": { "type": "Polygon", "coordinates": [ [ [ 105.851265, 21.0317622 ], [ 105.851334599999987, 21.0321885 ], [ 105.8530192, 21.033042 ], [ 105.8533936, 21.0338224 ], [ 105.854353299999985, 21.0348592 ], [ 105.8546223, 21.0348472 ], [ 105.855330399999986, 21.0338854 ], [ 105.856978, 21.0329109 ], [ 105.8575259, 21.0325659 ], [ 105.8583561, 21.0320441 ], [ 105.859602, 21.0309144 ], [ 105.860915399999982, 21.0303143 ], [ 105.8603817, 21.0291546 ], [ 105.859564599999985, 21.0282037 ], [ 105.8595222, 21.0264275 ], [ 105.858358599999988, 21.0246786 ], [ 105.857197500000012, 21.023484 ], [ 105.856673099999981, 21.0233176 ], [ 105.854806699999983, 21.0235564 ], [ 105.854708099999982, 21.0235827 ], [ 105.8546021, 21.023611 ], [ 105.8528955, 21.024085 ], [ 105.852782099999985, 21.0242065 ], [ 105.8514331, 21.0260205 ], [ 105.851448, 21.0260765 ], [ 105.8517532, 21.026893 ], [ 105.8535264, 21.0283894 ], [ 105.853357499999987, 21.0293305 ], [ 105.8533349, 21.0294679 ], [ 105.8525607, 21.0307899 ], [ 105.851354, 21.0316436 ], [ 105.851265, 21.0317622 ] ] ] } },
{ "type": "Feature", "properties": { "threshold_s": 900, "time_label": "15 minutes" }, "geometry": { "type": "Polygon", "coordinates": [ [ [ 105.8525179, 21.0367986 ], [ 105.852869699999985, 21.0375029 ], [ 105.853239, 21.0375854 ], [ 105.853311099999985, 21.0375042 ], [ 105.8535585, 21.0372254 ], [ 105.853879400000011, 21.0368754 ], [ 105.8542072, 21.0356567 ], [ 105.85528309999998, 21.0360184 ], [ 105.8558633, 21.0355694 ], [ 105.8566458, 21.0351786 ], [ 105.8570753, 21.0348341 ], [ 105.857471299999986, 21.0340095 ], [ 105.8584289, 21.0339058 ], [ 105.8588286, 21.0330955 ], [ 105.859561899999989, 21.032523 ], [ 105.85952589999998, 21.0314255 ], [ 105.8604518, 21.0311067 ], [ 105.861271699999989, 21.0304235 ], [ 105.861261299999981, 21.0290469 ], [ 105.8613337, 21.0288933 ], [ 105.8618301, 21.0281317 ], [ 105.8618604, 21.0270123 ], [ 105.8617715, 21.0265934 ], [ 105.861821799999987, 21.0255701 ], [ 105.8614245, 21.0242646 ], [ 105.86116509999998, 21.0231574 ], [ 105.859767800000014, 21.0228611 ], [ 105.8597332, 21.0223358 ], [ 105.858609, 21.0223103 ], [ 105.8580952, 21.0212459 ], [ 105.8582515, 21.0207665 ], [ 105.8581807, 21.0207436 ], [ 105.85734309999998, 21.0206308 ], [ 105.8558901, 21.0207328 ], [ 105.855828299999985, 21.0207531 ], [ 105.8556634, 21.0209641 ], [ 105.8549505, 21.0220242 ], [ 105.854130899999987, 21.0217774 ], [ 105.8538666, 21.0205523 ], [ 105.853853499999985, 21.0205139 ], [ 105.8538302, 21.0204445 ], [ 105.8537019, 21.020321 ], [ 105.8536272, 21.0203437 ], [ 105.853542399999981, 21.0203695 ], [ 105.8522551, 21.021073 ], [ 105.8521385, 21.0211022 ], [ 105.851756499999979, 21.0224385 ], [ 105.85071880000001, 21.0227183 ], [ 105.850663899999986, 21.0227307 ], [ 105.8506053, 21.0232274 ], [ 105.8503603, 21.0243093 ], [ 105.8496229, 21.0247565 ], [ 105.8495586, 21.0247729 ], [ 105.8492722, 21.0253056 ], [ 105.84922779999998, 21.0259917 ], [ 105.8483847, 21.0268692 ], [ 105.848740599999985, 21.0269996 ], [ 105.8496394, 21.0273647 ], [ 105.8498349, 21.0281639 ], [ 105.85027239999998, 21.0290992 ], [ 105.8501894, 21.0298974 ], [ 105.85069, 21.0302351 ], [ 105.850858299999985, 21.0309982 ], [ 105.850555799999981, 21.0315942 ], [ 105.8491377, 21.0313156 ], [ 105.8486543, 21.0310594 ], [ 105.84887710000001, 21.0317532 ], [ 105.8504709, 21.0321878 ], [ 105.8499725, 21.0329804 ], [ 105.8498734, 21.0339878 ], [ 105.850374599999981, 21.0346123 ], [ 105.850615299999987, 21.0347411 ], [ 105.85092659999998, 21.0347546 ], [ 105.851799499999984, 21.0358902 ], [ 105.8525179, 21.0367986 ] ] ] } },
{ "type": "Feature", "properties": { "threshold_s": 300, "time_label": "5 minutes" }, "geometry": { "type": "Polygon", "coordinates": [ [ [ 105.7971179, 21.0461052 ], [ 105.797421499999984, 21.0464435 ], [ 105.797779399999982, 21.046791 ], [ 105.798217699999981, 21.0463954 ], [ 105.7993495, 21.0461197 ], [ 105.8003882, 21.04639 ], [ 105.8007918, 21.0463914 ], [ 105.80110860000002, 21.0463919 ], [ 105.80143409999998, 21.0461317 ], [ 105.8014419, 21.0459936 ], [ 105.8009729, 21.0450272 ], [ 105.8009711, 21.0448829 ], [ 105.800374, 21.0439888 ], [ 105.800374299999987, 21.0432315 ], [ 105.800013, 21.0425565 ], [ 105.7993718, 21.0421664 ], [ 105.7989495, 21.0428763 ], [ 105.7989499, 21.0429796 ], [ 105.798945099999983, 21.0435032 ], [ 105.798939, 21.0444006 ], [ 105.7989342, 21.0451015 ], [ 105.798425499999979, 21.0459405 ], [ 105.797781, 21.0456044 ], [ 105.797519099999988, 21.0456166 ], [ 105.7971179, 21.0461052 ] ] ] } },
{ "type": "Feature", "properties": { "threshold_s": 600, "time_label": "10 minutes" }, "geometry": { "type": "Polygon", "coordinates": [ [ [ 105.7938643, 21.0460948 ], [ 105.794629699999987, 21.0468829 ], [ 105.795569499999985, 21.0477868 ], [ 105.7969386, 21.0481933 ], [ 105.7977711, 21.0498751 ], [ 105.797864, 21.0498753 ], [ 105.7995106, 21.0488065 ], [ 105.80086129999998, 21.0479437 ], [ 105.8016902, 21.0483358 ], [ 105.801786299999989, 21.048334 ], [ 105.802217, 21.0479454 ], [ 105.8039191, 21.0472697 ], [ 105.804952899999989, 21.0461337 ], [ 105.803989500000014, 21.0450964 ], [ 105.803225199999986, 21.0443303 ], [ 105.8025173, 21.0436913 ], [ 105.8006707, 21.0428228 ], [ 105.800678299999987, 21.0423464 ], [ 105.8009617, 21.0413803 ], [ 105.800786700000018, 21.0407351 ], [ 105.8002049, 21.0410513 ], [ 105.798694699999984, 21.0411284 ], [ 105.7978142, 21.0404685 ], [ 105.7977193, 21.0404656 ], [ 105.797448599999981, 21.040925 ], [ 105.796705099999983, 21.0423251 ], [ 105.795668, 21.0422426 ], [ 105.795633099999989, 21.0422929 ], [ 105.7956892, 21.0429549 ], [ 105.79568639999998, 21.0432865 ], [ 105.7951691, 21.0447665 ], [ 105.794608499999981, 21.0452502 ], [ 105.794269, 21.0455477 ], [ 105.7938644, 21.0460262 ], [ 105.7938643, 21.0460948 ] ] ] } },
{ "type": "Feature", "properties": { "threshold_s": 900, "time_label": "15 minutes" }, "geometry": { "type": "Polygon", "coordinates": [ [ [ 105.7928616, 21.048495 ], [ 105.7936633, 21.0496153 ], [ 105.795062099999981, 21.0503063 ], [ 105.7962622, 21.0518004 ], [ 105.79773609999998, 21.0529469 ], [ 105.7978062, 21.0529465 ], [ 105.7988334, 21.0517999 ], [ 105.8003645, 21.0502944 ], [ 105.8006184, 21.050296 ], [ 105.8015813, 21.0492575 ], [ 105.803760199999985, 21.0488907 ], [ 105.804304, 21.0495984 ], [ 105.804479, 21.0496526 ], [ 105.8045735, 21.049678 ], [ 105.8063678, 21.0485599 ], [ 105.8065253, 21.0484383 ], [ 105.806710599999988, 21.0478775 ], [ 105.8067988, 21.0458487 ], [ 105.806408099999985, 21.0446999 ], [ 105.8063383, 21.0445226 ], [ 105.8059935, 21.0438743 ], [ 105.804823, 21.0432189 ], [ 105.8036113, 21.0419206 ], [ 105.803377399999988, 21.0404087 ], [ 105.8028869, 21.0399214 ], [ 105.8022227, 21.0393579 ], [ 105.8014083, 21.0395484 ], [ 105.8000579, 21.0385727 ], [ 105.8000112, 21.0385207 ], [ 105.7984112, 21.0376517 ], [ 105.797931799999986, 21.0373985 ], [ 105.797664899999987, 21.0373538 ], [ 105.7970285, 21.0377137 ], [ 105.7960199, 21.0386323 ], [ 105.7946806, 21.0394819 ], [ 105.7932536, 21.0405956 ], [ 105.7925655, 21.0412608 ], [ 105.7925539, 21.0416835 ], [ 105.792697099999984, 21.0428615 ], [ 105.7926798, 21.0434312 ], [ 105.791673599999982, 21.0450038 ], [ 105.791370199999989, 21.0452392 ], [ 105.7904313, 21.0459272 ], [ 105.7903899, 21.0460786 ], [ 105.7908622, 21.0465863 ], [ 105.7920495, 21.0476983 ], [ 105.7928616, 21.048495 ] ] ] } },
{ "type": "Feature", "properties": { "threshold_s": 300, "time_label": "5 minutes" }, "geometry": { "type": "Polygon", "coordinates": [ [ [ 105.813209, 21.1200679 ], [ 105.813140299999986, 21.1204586 ], [ 105.813872499999988, 21.1210441 ], [ 105.814233200000018, 21.1205544 ], [ 105.8150292, 21.1205912 ], [ 105.8150517, 21.1200779 ], [ 105.81600659999998, 21.1200016 ], [ 105.8159958, 21.1195666 ], [ 105.8159915, 21.1193927 ], [ 105.815060399999979, 21.1192823 ], [ 105.815110899999979, 21.118274 ], [ 105.8157464, 21.1181425 ], [ 105.81638839999998, 21.1179766 ], [ 105.816329499999981, 21.1174014 ], [ 105.8162515, 21.1166403 ], [ 105.815935, 21.11669 ], [ 105.8150056, 21.116709 ], [ 105.814057599999984, 21.1168319 ], [ 105.814445599999985, 21.1176731 ], [ 105.814506099999988, 21.1183336 ], [ 105.814298, 21.1192188 ], [ 105.8138068, 21.1194253 ], [ 105.813209, 21.1200679 ] ] ] } },
{ "type": "Feature", "properties": { "threshold_s": 600, "time_label": "10 minutes" }, "geometry": { "type": "Polygon", "coordinates": [ [ [ 105.8129203, 21.1215045 ], [ 105.8128056, 21.1220868 ], [ 105.812955099999982, 21.1221076 ], [ 105.814756299999985, 21.1233691 ], [ 105.8149758, 21.1234667 ], [ 105.815029, 21.1223049 ], [ 105.8162235, 21.1216521 ], [ 105.817028799999989, 21.1201279 ], [ 105.8165769, 21.1199722 ], [ 105.81638839999998, 21.1179766 ], [ 105.816329499999981, 21.1174014 ], [ 105.8162515, 21.1166403 ], [ 105.815935, 21.11669 ], [ 105.815666, 21.1167247 ], [ 105.8150056, 21.116709 ], [ 105.8147722, 21.1145376 ], [ 105.8150173, 21.1144984 ], [ 105.815159, 21.1144758 ], [ 105.815427799999981, 21.1144328 ], [ 105.815618699999987, 21.1143978 ], [ 105.8158686, 21.1143521 ], [ 105.816141499999986, 21.1143021 ], [ 105.81638, 21.1142641 ], [ 105.8166415, 21.1142225 ], [ 105.8168512, 21.1141795 ], [ 105.817087, 21.1141311 ], [ 105.8164838, 21.113612 ], [ 105.815256399999981, 21.1130163 ], [ 105.813936699999985, 21.1125696 ], [ 105.8128747, 21.114331 ], [ 105.812687, 21.1149966 ], [ 105.813499599999986, 21.115178 ], [ 105.814057599999984, 21.1168319 ], [ 105.814445599999985, 21.1176731 ], [ 105.8138068, 21.1194253 ], [ 105.813209, 21.1200679 ], [ 105.813140299999986, 21.1204586 ], [ 105.8130267, 21.1209994 ], [ 105.8129203, 21.1215045 ] ] ] } },
{ "type": "Feature", "properties": { "threshold_s": 900, "time_label": "15 minutes" }, "geometry": { "type": "Polygon", "coordinates": [ [ [ 105.8128222, 21.1248128 ], [ 105.8128177, 21.1248809 ], [ 105.813595599999985, 21.1247918 ], [ 105.814910899999987, 21.125561 ], [ 105.814858, 21.1268427 ], [ 105.8153365, 21.1247864 ], [ 105.8153127, 21.1244341 ], [ 105.8149758, 21.1234667 ], [ 105.815029, 21.1223049 ], [ 105.8162235, 21.1216521 ], [ 105.817028799999989, 21.1201279 ], [ 105.8165769, 21.1199722 ], [ 105.81638839999998, 21.1179766 ], [ 105.816329499999981, 21.1174014 ], [ 105.8162515, 21.1166403 ], [ 105.815935, 21.11669 ], [ 105.815666, 21.1167247 ], [ 105.8150056, 21.116709 ], [ 105.8147722, 21.1145376 ], [ 105.8150173, 21.1144984 ], [ 105.815159, 21.1144758 ], [ 105.815427799999981, 21.1144328 ], [ 105.815618699999987, 21.1143978 ], [ 105.8158686, 21.1143521 ], [ 105.816141499999986, 21.1143021 ], [ 105.81638, 21.1142641 ], [ 105.8166415, 21.1142225 ], [ 105.8168512, 21.1141795 ], [ 105.817087, 21.1141311 ], [ 105.8173438, 21.1140784 ], [ 105.817567899999986, 21.1140427 ], [ 105.817812, 21.1140026 ], [ 105.8180519, 21.1139692 ], [ 105.818286299999983, 21.1139307 ], [ 105.818442, 21.1132497 ], [ 105.8179866, 21.1116727 ], [ 105.8164526, 21.1112824 ], [ 105.8160045, 21.1111286 ], [ 105.8141461, 21.1102275 ], [ 105.8137292, 21.1099881 ], [ 105.8130612, 21.111092 ], [ 105.812721899999985, 21.1116667 ], [ 105.813936699999985, 21.1125696 ], [ 105.8128747, 21.114331 ], [ 105.8122726, 21.1143873 ], [ 105.8118488, 21.1144999 ], [ 105.811822, 21.1150291 ], [ 105.811958, 21.1151415 ], [ 105.812687, 21.1149966 ], [ 105.813499599999986, 21.115178 ], [ 105.814057599999984, 21.1168319 ], [ 105.814445599999985, 21.1176731 ], [ 105.8138068, 21.1194253 ], [ 105.8119668, 21.1198281 ], [ 105.8116543, 21.1216671 ], [ 105.8128056, 21.1220868 ], [ 105.812955099999982, 21.1221076 ], [ 105.814756299999985, 21.1233691 ], [ 105.813135499999987, 21.1243486 ], [ 105.8130846, 21.1244456 ], [ 105.8128222, 21.1248128 ] ] ] } },
{ "type": "Feature", "properties": { "threshold_s": 300, "time_label": "5 minutes" }, "geometry": { "type": "Polygon", "coordinates": [ [ [ 105.4835424, 21.1127254 ], [ 105.4835496, 21.1129312 ], [ 105.484686, 21.1127295 ], [ 105.485373, 21.1127251 ], [ 105.4853695, 21.1134486 ], [ 105.486432899999983, 21.113439 ], [ 105.485764499999988, 21.1127226 ], [ 105.48537, 21.1123983 ], [ 105.485508399999986, 21.1112133 ], [ 105.484352, 21.1108895 ], [ 105.483798, 21.1114957 ], [ 105.484834399999983, 21.1121078 ], [ 105.4835424, 21.1127254 ] ] ] } },
{ "type": "Feature", "properties": { "threshold_s": 600, "time_label": "10 minutes" }, "geometry": { "type": "Polygon", "coordinates": [ [ [ 105.4810506, 21.113094 ], [ 105.4799283, 21.1126034 ], [ 105.480919199999988, 21.1135203 ], [ 105.4816146, 21.1139204 ], [ 105.4816548, 21.1130874 ], [ 105.4828385, 21.1126769 ], [ 105.4835618, 21.1137255 ], [ 105.483731299999988, 21.1145714 ], [ 105.483739900000018, 21.1146863 ], [ 105.4846818, 21.1153709 ], [ 105.485142199999984, 21.1155307 ], [ 105.485938499999989, 21.1151457 ], [ 105.4871862, 21.1148352 ], [ 105.4876125, 21.1138 ], [ 105.488893, 21.113868 ], [ 105.4889533, 21.1138556 ], [ 105.4892755, 21.113266 ], [ 105.4889885, 21.1122985 ], [ 105.488599, 21.1126199 ], [ 105.487394, 21.1120966 ], [ 105.487023899999983, 21.111391 ], [ 105.485508399999986, 21.1112133 ], [ 105.4843323, 21.1103213 ], [ 105.4850632, 21.1089538 ], [ 105.483819199999985, 21.1097101 ], [ 105.483292899999981, 21.1094918 ], [ 105.4818879, 21.1097828 ], [ 105.4813524, 21.1092434 ], [ 105.4809297, 21.1086095 ], [ 105.4813376, 21.1104352 ], [ 105.4818977, 21.1118271 ], [ 105.4816778, 21.1126103 ], [ 105.4810506, 21.113094 ] ] ] } },
{ "type": "Feature", "properties": { "threshold_s": 900, "time_label": "15 minutes" }, "geometry": { "type": "Polygon", "coordinates": [ [ [ 105.480170799999982, 21.1156772 ], [ 105.4817802, 21.1177514 ], [ 105.4847293, 21.1182468 ], [ 105.4860744, 21.1187047 ], [ 105.4856324, 21.1178145 ], [ 105.4871862, 21.1148352 ], [ 105.488728, 21.1147119 ], [ 105.489365099999986, 21.114836 ], [ 105.4912659, 21.1129434 ], [ 105.49165619999998, 21.111392 ], [ 105.488059199999981, 21.111127 ], [ 105.486892499999982, 21.1104877 ], [ 105.4850632, 21.1089538 ], [ 105.483305, 21.1092566 ], [ 105.4809297, 21.1086095 ], [ 105.480686, 21.1060288 ], [ 105.4803861, 21.1059274 ], [ 105.4803693, 21.1087662 ], [ 105.4792857, 21.1099458 ], [ 105.4783959, 21.11094 ], [ 105.4775316, 21.112572 ], [ 105.4801555, 21.1148678 ], [ 105.480170799999982, 21.1156772 ] ] ] } },
{ "type": "Feature", "properties": { "threshold_s": 300, "time_label": "5 minutes" }, "geometry": { "type": "Polygon", "coordinates": [ [ [ 105.8293688, 20.965098 ], [ 105.8293317, 20.9653071 ], [ 105.8303584, 20.9657829 ], [ 105.830911, 20.9658736 ], [ 105.831228699999983, 20.9659211 ], [ 105.8313425, 20.9659381 ], [ 105.832372799999987, 20.9664387 ], [ 105.832578699999985, 20.9667989 ], [ 105.833644, 20.9673234 ], [ 105.8338722, 20.9661759 ], [ 105.8343771, 20.9654029 ], [ 105.8347547, 20.9650122 ], [ 105.8345634, 20.9643707 ], [ 105.8340988, 20.9641622 ], [ 105.833485399999986, 20.9630917 ], [ 105.8331598, 20.9630388 ], [ 105.8327983, 20.9629801 ], [ 105.83145949999998, 20.9627628 ], [ 105.830797799999985, 20.9632629 ], [ 105.8306426, 20.9636186 ], [ 105.8295257, 20.9642142 ], [ 105.8293688, 20.965098 ] ] ] } },
{ "type": "Feature", "properties": { "threshold_s": 600, "time_label": "10 minutes" }, "geometry": { "type": "Polygon", "coordinates": [ [ [ 105.829356899999979, 20.9653476 ], [ 105.8295288, 20.9682823 ], [ 105.8296869, 20.9681624 ], [ 105.8303584, 20.9657829 ], [ 105.830911, 20.9658736 ], [ 105.831228699999983, 20.9659211 ], [ 105.8322623, 20.966886 ], [ 105.8326329, 20.9673162 ], [ 105.8335361, 20.9675523 ], [ 105.833983299999986, 20.9677065 ], [ 105.8348775, 20.9685 ], [ 105.8363534, 20.967915 ], [ 105.836431399999981, 20.9675635 ], [ 105.836435099999989, 20.9674684 ], [ 105.8372375, 20.9662098 ], [ 105.8373931, 20.9658949 ], [ 105.837292299999987, 20.964735 ], [ 105.837078799999986, 20.9644445 ], [ 105.8369085, 20.9643197 ], [ 105.835718, 20.9644366 ], [ 105.8352492, 20.9635943 ], [ 105.835009, 20.9633439 ], [ 105.834735499999979, 20.9632946 ], [ 105.8335842, 20.9625842 ], [ 105.833254499999981, 20.9625263 ], [ 105.83288589999998, 20.9624632 ], [ 105.831552, 20.9622384 ], [ 105.830816699999986, 20.9626584 ], [ 105.8298303, 20.9624983 ], [ 105.8283917, 20.9622715 ], [ 105.8297471, 20.9629671 ], [ 105.8297112, 20.9631731 ], [ 105.8296589, 20.9634639 ], [ 105.8296344, 20.9636018 ], [ 105.8295817, 20.9638985 ], [ 105.8280482, 20.9641278 ], [ 105.8274155, 20.9640084 ], [ 105.827280499999986, 20.9639816 ], [ 105.8266055, 20.9650162 ], [ 105.826601199999985, 20.965125 ], [ 105.827862599999989, 20.9651382 ], [ 105.829356899999979, 20.9653476 ] ] ] } },
{ "type": "Feature", "properties": { "threshold_s": 900, "time_label": "15 minutes" }, "geometry": { "type": "Polygon", "coordinates": [ [ [ 105.826723699999988, 20.9698306 ], [ 105.8268421, 20.9701983 ], [ 105.828467300000014, 20.9709267 ], [ 105.829760799999988, 20.9710671 ], [ 105.8311051, 20.9706736 ], [ 105.831691299999989, 20.970388 ], [ 105.832096899999982, 20.9699452 ], [ 105.832131099999984, 20.9698574 ], [ 105.8305086, 20.9685754 ], [ 105.8296869, 20.9681624 ], [ 105.8294013, 20.9681543 ], [ 105.8276079, 20.9682935 ], [ 105.8272842, 20.96708 ], [ 105.8272322, 20.9669382 ], [ 105.827862599999989, 20.9651382 ], [ 105.829356899999979, 20.9653476 ], [ 105.8303584, 20.9657829 ], [ 105.830911, 20.9658736 ], [ 105.831228699999983, 20.9659211 ], [ 105.8322623, 20.966886 ], [ 105.8326329, 20.9673162 ], [ 105.8335361, 20.9675523 ], [ 105.833983299999986, 20.9677065 ], [ 105.8348775, 20.9685 ], [ 105.8362254, 20.96867 ], [ 105.8371277, 20.9687507 ], [ 105.8376594, 20.9686491 ], [ 105.838700599999981, 20.9680912 ], [ 105.8390437, 20.9676095 ], [ 105.839358299999986, 20.9670107 ], [ 105.8407417, 20.9656138 ], [ 105.8390584, 20.9657062 ], [ 105.8383737, 20.9652341 ], [ 105.8378861, 20.9648676 ], [ 105.8375785, 20.964637 ], [ 105.8369085, 20.9643197 ], [ 105.835009, 20.9633439 ], [ 105.8335842, 20.9625842 ], [ 105.833254499999981, 20.9625263 ], [ 105.83288589999998, 20.9624632 ], [ 105.831552, 20.9622384 ], [ 105.8298303, 20.9624983 ], [ 105.8283917, 20.9622715 ], [ 105.8282571, 20.9604839 ], [ 105.826580599999986, 20.9606869 ], [ 105.826484, 20.9608249 ], [ 105.8255562, 20.9622111 ], [ 105.8242594, 20.9633595 ], [ 105.8237399, 20.9641861 ], [ 105.8229941, 20.9656366 ], [ 105.822902099999979, 20.9658921 ], [ 105.8240717, 20.9663172 ], [ 105.8254412, 20.9668489 ], [ 105.826061400000015, 20.9675436 ], [ 105.827136199999984, 20.9691763 ], [ 105.826723699999988, 20.9698306 ] ] ] } },
{ "type": "Feature", "properties": { "threshold_s": 300, "time_label": "5 minutes" }, "geometry": { "type": "Polygon", "coordinates": [ [ [ 105.4987143, 21.1211343 ], [ 105.4984836, 21.1219074 ], [ 105.4987358, 21.1216632 ], [ 105.499392699999987, 21.1211358 ], [ 105.5000538, 21.1210857 ], [ 105.500703699999988, 21.1235246 ], [ 105.500425099999987, 21.1209873 ], [ 105.501862, 21.1206968 ], [ 105.5023308, 21.1206884 ], [ 105.502507499999979, 21.1206725 ], [ 105.5021864, 21.1201967 ], [ 105.5014761, 21.1204818 ], [ 105.50045369999998, 21.1207535 ], [ 105.4999366, 21.1199965 ], [ 105.4999731, 21.1194361 ], [ 105.500310199999987, 21.1188204 ], [ 105.4992392, 21.1186707 ], [ 105.4980341, 21.1185977 ], [ 105.4979619, 21.1186589 ], [ 105.498441, 21.1192146 ], [ 105.497980299999981, 21.1198952 ], [ 105.498444799999987, 21.119409 ], [ 105.498532499999982, 21.1193677 ], [ 105.4996005, 21.1193522 ], [ 105.4995202, 21.1200504 ], [ 105.499271799999988, 21.1207427 ], [ 105.4987143, 21.1211343 ] ] ] } },
{ "type": "Feature", "properties": { "threshold_s": 600, "time_label": "10 minutes" }, "geometry": { "type": "Polygon", "coordinates": [ [ [ 105.4988082, 21.1245763 ], [ 105.4988725, 21.1252612 ], [ 105.4997852, 21.1259756 ], [ 105.5013241, 21.1262782 ], [ 105.5025247, 21.1264729 ], [ 105.502789299999989, 21.1255656 ], [ 105.502386, 21.1244224 ], [ 105.5010131, 21.1240902 ], [ 105.500703699999988, 21.1235246 ], [ 105.4987358, 21.1216632 ], [ 105.5000538, 21.1210857 ], [ 105.500425099999987, 21.1209873 ], [ 105.501862, 21.1206968 ], [ 105.502927799999981, 21.1210645 ], [ 105.5040159, 21.1214878 ], [ 105.5042063, 21.1215752 ], [ 105.5032218, 21.120478 ], [ 105.502540499999981, 21.1192519 ], [ 105.502154100000013, 21.1186592 ], [ 105.5005905, 21.1186822 ], [ 105.49992, 21.1185077 ], [ 105.4997442, 21.1170269 ], [ 105.4996541, 21.1162984 ], [ 105.4991892, 21.1161103 ], [ 105.4989548, 21.1164473 ], [ 105.4987824, 21.1166577 ], [ 105.498089399999984, 21.1178295 ], [ 105.4972661, 21.117787 ], [ 105.496540699999983, 21.1168071 ], [ 105.4963664, 21.1166643 ], [ 105.4956137, 21.1161 ], [ 105.495426, 21.1163924 ], [ 105.495733699999988, 21.1175369 ], [ 105.4963821, 21.1184851 ], [ 105.495950300000018, 21.1198281 ], [ 105.4960991, 21.1214294 ], [ 105.4960629, 21.1217997 ], [ 105.4965243, 21.1213781 ], [ 105.496673099999981, 21.1210541 ], [ 105.496866299999979, 21.1207764 ], [ 105.497980299999981, 21.1198952 ], [ 105.4987143, 21.1211343 ], [ 105.4984836, 21.1219074 ], [ 105.5002071, 21.1237528 ], [ 105.4994918, 21.124444 ], [ 105.4988082, 21.1245763 ] ] ] } },
{ "type": "Feature", "properties": { "threshold_s": 900, "time_label": "15 minutes" }, "geometry": { "type": "Polygon", "coordinates": [ [ [ 105.4979981, 21.1263983 ], [ 105.4976991, 21.1270188 ], [ 105.498557399999981, 21.1278182 ], [ 105.50027129999998, 21.128332 ], [ 105.5011508, 21.1289622 ], [ 105.5027232, 21.1286784 ], [ 105.5039377, 21.1290154 ], [ 105.504785, 21.1285364 ], [ 105.504656699999984, 21.1278219 ], [ 105.5044636, 21.1259242 ], [ 105.5040496, 21.1251698 ], [ 105.5033263, 21.1232096 ], [ 105.5042063, 21.1215752 ], [ 105.5032218, 21.120478 ], [ 105.502540499999981, 21.1192519 ], [ 105.502154100000013, 21.1186592 ], [ 105.502631699999981, 21.1169407 ], [ 105.5025177, 21.1157135 ], [ 105.5014451, 21.1146624 ], [ 105.5009713, 21.1136392 ], [ 105.5008024, 21.1133652 ], [ 105.5001911, 21.113139 ], [ 105.498362899999989, 21.1133228 ], [ 105.4966752, 21.1140926 ], [ 105.49612, 21.1137297 ], [ 105.4954409, 21.1133691 ], [ 105.495448599999989, 21.1137585 ], [ 105.495452400000019, 21.1141231 ], [ 105.4940348, 21.1153039 ], [ 105.4927019, 21.1143409 ], [ 105.4926137, 21.1143961 ], [ 105.4930763, 21.1164061 ], [ 105.4923986, 21.1173323 ], [ 105.492764, 21.1173579 ], [ 105.4931809, 21.1174099 ], [ 105.494123, 21.1179083 ], [ 105.4947278, 21.1190456 ], [ 105.4928191, 21.1198254 ], [ 105.4938139, 21.120251 ], [ 105.493313700000016, 21.1222613 ], [ 105.4949176, 21.1233034 ], [ 105.496482, 21.1237965 ], [ 105.496878, 21.1243613 ], [ 105.4988725, 21.1252612 ], [ 105.4979981, 21.1263983 ] ] ] } },
{ "type": "Feature", "properties": { "threshold_s": 300, "time_label": "5 minutes" }, "geometry": { "type": "Polygon", "coordinates": [ [ [ 105.4987143, 21.1211343 ], [ 105.4984836, 21.1219074 ], [ 105.4987358, 21.1216632 ], [ 105.499392699999987, 21.1211358 ], [ 105.5000538, 21.1210857 ], [ 105.500703699999988, 21.1235246 ], [ 105.500425099999987, 21.1209873 ], [ 105.501862, 21.1206968 ], [ 105.5023308, 21.1206884 ], [ 105.501863199999988, 21.1204912 ], [ 105.50045369999998, 21.1207535 ], [ 105.4999366, 21.1199965 ], [ 105.4999731, 21.1194361 ], [ 105.4992392, 21.1186707 ], [ 105.4980341, 21.1185977 ], [ 105.49778139999998, 21.118297 ], [ 105.4979619, 21.1186589 ], [ 105.498441, 21.1192146 ], [ 105.497980299999981, 21.1198952 ], [ 105.498444799999987, 21.119409 ], [ 105.498532499999982, 21.1193677 ], [ 105.4996005, 21.1193522 ], [ 105.4995202, 21.1200504 ], [ 105.499271799999988, 21.1207427 ], [ 105.4987143, 21.1211343 ] ] ] } },
{ "type": "Feature", "properties": { "threshold_s": 600, "time_label": "10 minutes" }, "geometry": { "type": "Polygon", "coordinates": [ [ [ 105.4988082, 21.1245763 ], [ 105.4988725, 21.1252612 ], [ 105.4997049, 21.1257521 ], [ 105.5013241, 21.1262782 ], [ 105.5021978, 21.1261853 ], [ 105.502273, 21.126126 ], [ 105.502386, 21.1244224 ], [ 105.5010131, 21.1240902 ], [ 105.500703699999988, 21.1235246 ], [ 105.4987358, 21.1216632 ], [ 105.5000538, 21.1210857 ], [ 105.500425099999987, 21.1209873 ], [ 105.501862, 21.1206968 ], [ 105.502927799999981, 21.1210645 ], [ 105.5040159, 21.1214878 ], [ 105.5042063, 21.1215752 ], [ 105.5032218, 21.120478 ], [ 105.502540499999981, 21.1192519 ], [ 105.502154100000013, 21.1186592 ], [ 105.5005905, 21.1186822 ], [ 105.49992, 21.1185077 ], [ 105.4997442, 21.1170269 ], [ 105.5001862, 21.1162583 ], [ 105.4991892, 21.1161103 ], [ 105.4989548, 21.1164473 ], [ 105.4987824, 21.1166577 ], [ 105.498089399999984, 21.1178295 ], [ 105.4972661, 21.117787 ], [ 105.496540699999983, 21.1168071 ], [ 105.495958300000012, 21.1160175 ], [ 105.4956137, 21.1161 ], [ 105.495426, 21.1163924 ], [ 105.495733699999988, 21.1175369 ], [ 105.4963821, 21.1184851 ], [ 105.495950300000018, 21.1198281 ], [ 105.4960991, 21.1214294 ], [ 105.4960629, 21.1217997 ], [ 105.4960266, 21.1222139 ], [ 105.4965243, 21.1213781 ], [ 105.496673099999981, 21.1210541 ], [ 105.496866299999979, 21.1207764 ], [ 105.4987143, 21.1211343 ], [ 105.4984836, 21.1219074 ], [ 105.5002071, 21.1237528 ], [ 105.4994918, 21.124444 ], [ 105.4988082, 21.1245763 ] ] ] } },
{ "type": "Feature", "properties": { "threshold_s": 900, "time_label": "15 minutes" }, "geometry": { "type": "Polygon", "coordinates": [ [ [ 105.498371, 21.1273703 ], [ 105.498557399999981, 21.1278182 ], [ 105.50027129999998, 21.128332 ], [ 105.5011508, 21.1289622 ], [ 105.5027232, 21.1286784 ], [ 105.5037568, 21.1286225 ], [ 105.504785, 21.1285364 ], [ 105.504656699999984, 21.1278219 ], [ 105.5044636, 21.1259242 ], [ 105.5040496, 21.1251698 ], [ 105.5033263, 21.1232096 ], [ 105.5042063, 21.1215752 ], [ 105.5032218, 21.120478 ], [ 105.502540499999981, 21.1192519 ], [ 105.502154100000013, 21.1186592 ], [ 105.502631699999981, 21.1169407 ], [ 105.5025177, 21.1157135 ], [ 105.5014451, 21.1146624 ], [ 105.5009713, 21.1136392 ], [ 105.5008024, 21.1133652 ], [ 105.4995538, 21.112896 ], [ 105.498362899999989, 21.1133228 ], [ 105.4961218, 21.1133478 ], [ 105.495333699999989, 21.1128686 ], [ 105.495217, 21.1128722 ], [ 105.495448599999989, 21.1137585 ], [ 105.495452400000019, 21.1141231 ], [ 105.4940348, 21.1153039 ], [ 105.4927019, 21.1143409 ], [ 105.4926137, 21.1143961 ], [ 105.4930763, 21.1164061 ], [ 105.492809099999988, 21.1167284 ], [ 105.4923986, 21.1173323 ], [ 105.492764, 21.1173579 ], [ 105.4931809, 21.1174099 ], [ 105.494123, 21.1179083 ], [ 105.4947278, 21.1190456 ], [ 105.4928191, 21.1198254 ], [ 105.4932332, 21.1212981 ], [ 105.493313700000016, 21.1222613 ], [ 105.4949176, 21.1233034 ], [ 105.496878, 21.1243613 ], [ 105.4988725, 21.1252612 ], [ 105.4979981, 21.1263983 ], [ 105.498371, 21.1273703 ] ] ] } },
{ "type": "Feature", "properties": { "threshold_s": 300, "time_label": "5 minutes" }, "geometry": { "type": "Polygon", "coordinates": [ [ [ 105.8236536, 21.0337138 ], [ 105.8233495, 21.0337659 ], [ 105.8237409, 21.0337693 ], [ 105.8240372, 21.0335635 ], [ 105.8242086, 21.0334529 ], [ 105.8249184, 21.0332346 ], [ 105.8252934, 21.033264 ], [ 105.826117699999983, 21.0331316 ], [ 105.8269157, 21.0332479 ], [ 105.8272685, 21.0330237 ], [ 105.8275579, 21.0327723 ], [ 105.828144, 21.0324746 ], [ 105.8281582, 21.0324194 ], [ 105.8280593, 21.0322026 ], [ 105.8278117, 21.0321527 ], [ 105.827039099999979, 21.0319343 ], [ 105.827013800000017, 21.0314154 ], [ 105.827006, 21.0310457 ], [ 105.8270054, 21.030943 ], [ 105.826940099999987, 21.0305795 ], [ 105.826018399999981, 21.0303813 ], [ 105.825075699999985, 21.0305411 ], [ 105.8242694, 21.0305907 ], [ 105.8237024, 21.0307939 ], [ 105.823595399999988, 21.0310071 ], [ 105.8234449, 21.0312306 ], [ 105.8227084, 21.0314793 ], [ 105.821824, 21.0313432 ], [ 105.8218018, 21.0314529 ], [ 105.821779099999986, 21.0315652 ], [ 105.822473799999983, 21.0316383 ], [ 105.8223498, 21.0323964 ], [ 105.8227735, 21.032746 ], [ 105.8232263, 21.032697 ], [ 105.824136900000013, 21.0329592 ], [ 105.8240405, 21.0334869 ], [ 105.8236536, 21.0337138 ] ] ] } },
{ "type": "Feature", "properties": { "threshold_s": 600, "time_label": "10 minutes" }, "geometry": { "type": "Polygon", "coordinates": [ [ [ 105.821467899999988, 21.0351968 ], [ 105.82164539999998, 21.0353977 ], [ 105.8226647, 21.0358211 ], [ 105.823550499999982, 21.0362373 ], [ 105.8237251, 21.0362355 ], [ 105.8240383, 21.0362322 ], [ 105.8254311, 21.0357159 ], [ 105.826059799999982, 21.0354641 ], [ 105.8280025, 21.0355165 ], [ 105.829259599999986, 21.0345948 ], [ 105.830778599999988, 21.0334255 ], [ 105.8314951, 21.0330094 ], [ 105.8314281, 21.0326715 ], [ 105.8311214, 21.0318546 ], [ 105.831063199999988, 21.0317949 ], [ 105.8302931, 21.0313607 ], [ 105.8291209, 21.0305604 ], [ 105.8296, 21.0292246 ], [ 105.829268899999988, 21.0290531 ], [ 105.828423, 21.0288969 ], [ 105.8276941, 21.0275469 ], [ 105.8276136, 21.0275582 ], [ 105.827029699999983, 21.0277198 ], [ 105.8252799, 21.0282445 ], [ 105.8236351, 21.0289512 ], [ 105.8230394, 21.029327 ], [ 105.8212919, 21.0291798 ], [ 105.8211359, 21.0291565 ], [ 105.819787799999986, 21.0302129 ], [ 105.8191627, 21.0311242 ], [ 105.8191535, 21.0311715 ], [ 105.8191327, 21.0312788 ], [ 105.8197618, 21.0326579 ], [ 105.8198804, 21.0328282 ], [ 105.820102099999986, 21.0330387 ], [ 105.820971199999988, 21.034469 ], [ 105.821467899999988, 21.0351968 ] ] ] } },
{ "type": "Feature", "properties": { "threshold_s": 900, "time_label": "15 minutes" }, "geometry": { "type": "Polygon", "coordinates": [ [ [ 105.8181303, 21.0355046 ], [ 105.8186286, 21.0360635 ], [ 105.819040199999989, 21.0364038 ], [ 105.820492299999984, 21.037227 ], [ 105.8220339, 21.0380766 ], [ 105.8225881, 21.0382622 ], [ 105.82280919999998, 21.038249 ], [ 105.8239806, 21.0376386 ], [ 105.82441679999998, 21.0373987 ], [ 105.8247589, 21.0371912 ], [ 105.8265879, 21.0372917 ], [ 105.8282209, 21.037678 ], [ 105.8287212, 21.0378464 ], [ 105.829178199999987, 21.0379794 ], [ 105.82923169999998, 21.0379772 ], [ 105.829259, 21.037976 ], [ 105.8297567, 21.037352 ], [ 105.8297611, 21.0372233 ], [ 105.8312389, 21.0359684 ], [ 105.832216, 21.0350183 ], [ 105.8335203, 21.0343581 ], [ 105.833620399999987, 21.0342652 ], [ 105.8337326, 21.034132 ], [ 105.8335783, 21.033519 ], [ 105.8343563, 21.0321501 ], [ 105.8344087, 21.0320628 ], [ 105.8342368, 21.0308405 ], [ 105.8341683, 21.0308059 ], [ 105.8340847, 21.0307662 ], [ 105.834002199999986, 21.0307876 ], [ 105.832264099999989, 21.0300264 ], [ 105.8324866, 21.0290689 ], [ 105.8326573, 21.0284272 ], [ 105.832633099999981, 21.0283721 ], [ 105.8318929, 21.028125 ], [ 105.8312296, 21.0278874 ], [ 105.8301871, 21.0270046 ], [ 105.8292547, 21.025742 ], [ 105.8291877, 21.0256103 ], [ 105.827909599999984, 21.0249921 ], [ 105.8270768, 21.0246572 ], [ 105.82702, 21.0246675 ], [ 105.8264775, 21.0252003 ], [ 105.826275599999988, 21.0254514 ], [ 105.8244225, 21.0260124 ], [ 105.8231671, 21.0261595 ], [ 105.8214901, 21.0265885 ], [ 105.821269199999989, 21.0268254 ], [ 105.821625399999988, 21.027994 ], [ 105.821295, 21.0287254 ], [ 105.819574299999985, 21.0295631 ], [ 105.819, 21.0294888 ], [ 105.8175406, 21.0287341 ], [ 105.817483, 21.0287289 ], [ 105.8164441, 21.0295856 ], [ 105.815643399999985, 21.0303486 ], [ 105.8155967, 21.0307767 ], [ 105.815631899999985, 21.0308788 ], [ 105.8161464, 21.0312627 ], [ 105.816458399999988, 21.0325928 ], [ 105.8168106, 21.033272 ], [ 105.8170709, 21.03356 ], [ 105.818277199999983, 21.0336219 ], [ 105.8184144, 21.0352217 ], [ 105.8181303, 21.0355046 ] ] ] } },
{ "type": "Feature", "properties": { "threshold_s": 300, "time_label": "5 minutes" }, "geometry": { "type": "Polygon", "coordinates": [ [ [ 105.849060199999983, 21.0103295 ], [ 105.849003, 21.0103301 ], [ 105.849074699999989, 21.0106586 ], [ 105.8492542, 21.0107161 ], [ 105.8498714, 21.0105636 ], [ 105.8501489, 21.0106581 ], [ 105.850751399999979, 21.0110924 ], [ 105.850881299999983, 21.0110609 ], [ 105.851560899999981, 21.0106434 ], [ 105.8516256, 21.0106391 ], [ 105.8522162, 21.0107317 ], [ 105.8516116, 21.0104425 ], [ 105.8521654, 21.0099279 ], [ 105.852852299999981, 21.0099796 ], [ 105.8531133, 21.0100022 ], [ 105.8531692, 21.0094469 ], [ 105.853394899999984, 21.0091454 ], [ 105.854005699999988, 21.0089697 ], [ 105.8545385, 21.008824 ], [ 105.8545832, 21.0086491 ], [ 105.8545234, 21.0086411 ], [ 105.8543684, 21.0086204 ], [ 105.853603, 21.0086552 ], [ 105.853500499999981, 21.0082344 ], [ 105.8532701, 21.0078479 ], [ 105.853274499999984, 21.0071804 ], [ 105.853065, 21.0071928 ], [ 105.8523093, 21.0071934 ], [ 105.851691599999981, 21.0066964 ], [ 105.8517701, 21.0062793 ], [ 105.851718799999986, 21.0059947 ], [ 105.8512173, 21.0055624 ], [ 105.851166099999986, 21.0055614 ], [ 105.8511797, 21.0063072 ], [ 105.8506003, 21.0064369 ], [ 105.8502151, 21.0064336 ], [ 105.84948559999998, 21.0063506 ], [ 105.848888, 21.0065381 ], [ 105.848958499999981, 21.0071936 ], [ 105.84913229999998, 21.0075212 ], [ 105.849862, 21.0073626 ], [ 105.8500888, 21.007834 ], [ 105.8501303, 21.0081017 ], [ 105.849901, 21.0086354 ], [ 105.849271, 21.0084755 ], [ 105.8489679, 21.0083256 ], [ 105.84849269999998, 21.0082527 ], [ 105.8483495, 21.0083185 ], [ 105.848313599999983, 21.0084886 ], [ 105.848423899999986, 21.0085966 ], [ 105.848963, 21.0088256 ], [ 105.849019899999988, 21.0088275 ], [ 105.8490743, 21.0088294 ], [ 105.8498138, 21.0089144 ], [ 105.849828, 21.0095242 ], [ 105.8499467, 21.0097837 ], [ 105.8499467, 21.0102617 ], [ 105.849244699999986, 21.0103873 ], [ 105.849110199999984, 21.0103289 ], [ 105.849060199999983, 21.0103295 ] ] ] } },
{ "type": "Feature", "properties": { "threshold_s": 600, "time_label": "10 minutes" }, "geometry": { "type": "Polygon", "coordinates": [ [ [ 105.8471634, 21.0127021 ], [ 105.84734349999998, 21.0130591 ], [ 105.8486215, 21.0133959 ], [ 105.8491024, 21.013551 ], [ 105.8491558, 21.0135536 ], [ 105.8492061, 21.0135546 ], [ 105.849848899999984, 21.0136026 ], [ 105.851597899999987, 21.0146829 ], [ 105.8521257, 21.0141721 ], [ 105.85365969999998, 21.0128439 ], [ 105.854367, 21.0120302 ], [ 105.854728699999981, 21.0116607 ], [ 105.8552322, 21.0107941 ], [ 105.8573517, 21.0099757 ], [ 105.8575722, 21.0093079 ], [ 105.8575716, 21.0092147 ], [ 105.857567, 21.0090385 ], [ 105.8575621, 21.0088953 ], [ 105.857157, 21.0082134 ], [ 105.85612039999998, 21.0081605 ], [ 105.8546658, 21.0067839 ], [ 105.8547699, 21.0063115 ], [ 105.8549034, 21.0058078 ], [ 105.8549538, 21.0055385 ], [ 105.8537496, 21.003867 ], [ 105.85359769999998, 21.0037209 ], [ 105.852616, 21.0034969 ], [ 105.8513722, 21.0028211 ], [ 105.850860299999979, 21.002723 ], [ 105.8508113, 21.0027301 ], [ 105.8500606, 21.0033484 ], [ 105.8499195, 21.0035824 ], [ 105.8484273, 21.0049947 ], [ 105.847179399999987, 21.0054996 ], [ 105.8457685, 21.0066653 ], [ 105.8448271, 21.007545 ], [ 105.8448073, 21.0077811 ], [ 105.845227499999979, 21.0084969 ], [ 105.84621629999998, 21.009925 ], [ 105.8473172, 21.0115158 ], [ 105.847130399999983, 21.012434 ], [ 105.8471634, 21.0127021 ] ] ] } },
{ "type": "Feature", "properties": { "threshold_s": 900, "time_label": "15 minutes" }, "geometry": { "type": "Polygon", "coordinates": [ [ [ 105.8450315, 21.0140596 ], [ 105.8453677, 21.0147114 ], [ 105.8472715, 21.015515 ], [ 105.8491534, 21.0169465 ], [ 105.849252299999989, 21.0169984 ], [ 105.851368099999988, 21.0175883 ], [ 105.85143189999998, 21.0175745 ], [ 105.8520763, 21.0171997 ], [ 105.852827799999986, 21.0167567 ], [ 105.8544578, 21.0154633 ], [ 105.856075, 21.0141546 ], [ 105.8568058, 21.0134953 ], [ 105.8582487, 21.0116911 ], [ 105.8598375, 21.0101156 ], [ 105.8606437, 21.0098434 ], [ 105.8610561, 21.0092032 ], [ 105.8611814, 21.0088763 ], [ 105.860466, 21.007874 ], [ 105.8593831, 21.0076905 ], [ 105.8583945, 21.007876 ], [ 105.856634199999988, 21.0062524 ], [ 105.8573281, 21.0048318 ], [ 105.856911199999985, 21.0038458 ], [ 105.8563129, 21.0024424 ], [ 105.8557711, 21.001105 ], [ 105.854990799999982, 21.0013693 ], [ 105.8534843, 21.0013174 ], [ 105.852121399999987, 21.0002665 ], [ 105.850434, 20.9993139 ], [ 105.850370799999979, 20.9993217 ], [ 105.849760099999983, 21.0000455 ], [ 105.8480121, 21.0015005 ], [ 105.845434199999985, 21.0026543 ], [ 105.8448371, 21.0034942 ], [ 105.84415629999998, 21.0046677 ], [ 105.843132699999984, 21.0066932 ], [ 105.841711299999986, 21.0073831 ], [ 105.841482299999981, 21.0075347 ], [ 105.8414756, 21.0076759 ], [ 105.8415999, 21.0078481 ], [ 105.842113, 21.0083928 ], [ 105.842925399999984, 21.0088663 ], [ 105.8449397, 21.0104502 ], [ 105.845169799999979, 21.0110389 ], [ 105.8452984, 21.0134518 ], [ 105.8450315, 21.0140596 ] ] ] } },
{ "type": "Feature", "properties": { "threshold_s": 300, "time_label": "5 minutes" }, "geometry": { "type": "Polygon", "coordinates": [ [ [ 105.8422181, 20.9819209 ], [ 105.8423453, 20.9820901 ], [ 105.843440499999986, 20.9820994 ], [ 105.8436337, 20.982152 ], [ 105.8436674, 20.9828767 ], [ 105.8440051, 20.9833105 ], [ 105.844338799999989, 20.9832297 ], [ 105.84458549999998, 20.9830725 ], [ 105.8447659, 20.9828233 ], [ 105.8451338, 20.9824937 ], [ 105.8455896, 20.982351 ], [ 105.8458205, 20.9821344 ], [ 105.8461394, 20.981411 ], [ 105.8461879, 20.9814024 ], [ 105.846245499999981, 20.9813476 ], [ 105.8461703, 20.9812982 ], [ 105.8461217, 20.9813055 ], [ 105.846074, 20.9813128 ], [ 105.8452653, 20.981211 ], [ 105.8452108, 20.9808172 ], [ 105.845469, 20.9803271 ], [ 105.84543, 20.9803369 ], [ 105.844832499999981, 20.9800904 ], [ 105.844968399999985, 20.9795949 ], [ 105.8453927, 20.9794702 ], [ 105.8454296, 20.9794605 ], [ 105.845534900000018, 20.978795 ], [ 105.845246399999979, 20.9782549 ], [ 105.845178899999979, 20.9782448 ], [ 105.844392099999979, 20.9783302 ], [ 105.8437899, 20.9782319 ], [ 105.8430737, 20.9782377 ], [ 105.84274809999998, 20.9782965 ], [ 105.842509799999988, 20.9788266 ], [ 105.8422921, 20.9795295 ], [ 105.842657, 20.979838 ], [ 105.842806599999989, 20.9800017 ], [ 105.8430121, 20.9802243 ], [ 105.8432926, 20.9805281 ], [ 105.843218799999988, 20.9811491 ], [ 105.8432999, 20.9812358 ], [ 105.843448, 20.9816935 ], [ 105.8434468, 20.9818306 ], [ 105.8434435, 20.9819703 ], [ 105.842349, 20.9818886 ], [ 105.8422181, 20.9819209 ] ] ] } },
{ "type": "Feature", "properties": { "threshold_s": 600, "time_label": "10 minutes" }, "geometry": { "type": "Polygon", "coordinates": [ [ [ 105.8403181, 20.9831315 ], [ 105.8408803, 20.9838506 ], [ 105.841377699999981, 20.9839846 ], [ 105.8426379, 20.9835422 ], [ 105.84386139999998, 20.9838387 ], [ 105.8454535, 20.9846726 ], [ 105.8456207, 20.9854717 ], [ 105.845851599999989, 20.9855926 ], [ 105.8465222, 20.9858698 ], [ 105.8465739, 20.9858604 ], [ 105.84687, 20.9850403 ], [ 105.847907099999986, 20.983823 ], [ 105.847904799999981, 20.9835156 ], [ 105.847726499999979, 20.9813302 ], [ 105.8477966, 20.9808766 ], [ 105.847412099999985, 20.9797184 ], [ 105.846712399999987, 20.9785605 ], [ 105.8476372, 20.9769055 ], [ 105.847976599999981, 20.9767567 ], [ 105.8482358, 20.9766179 ], [ 105.8486414, 20.976453 ], [ 105.8486497, 20.9763975 ], [ 105.848633699999979, 20.9763554 ], [ 105.8481199, 20.9760891 ], [ 105.8479729, 20.9760442 ], [ 105.846273, 20.9756814 ], [ 105.8458501, 20.9756775 ], [ 105.844239499999986, 20.9758059 ], [ 105.8423745, 20.9762361 ], [ 105.841105899999988, 20.9760175 ], [ 105.84106079999998, 20.976019 ], [ 105.8407851, 20.9768414 ], [ 105.840605599999989, 20.978533 ], [ 105.8406099, 20.9788769 ], [ 105.840823, 20.9798277 ], [ 105.840884099999982, 20.9808651 ], [ 105.8404076, 20.9828077 ], [ 105.8403181, 20.9831315 ] ] ] } },
{ "type": "Feature", "properties": { "threshold_s": 900, "time_label": "15 minutes" }, "geometry": { "type": "Polygon", "coordinates": [ [ [ 105.8396074, 20.9851001 ], [ 105.8409208, 20.9869096 ], [ 105.840966499999979, 20.9869198 ], [ 105.8412741, 20.9868023 ], [ 105.842948599999986, 20.9869204 ], [ 105.8440817, 20.9882212 ], [ 105.844870899999989, 20.9884796 ], [ 105.8471896, 20.9888637 ], [ 105.847237599999985, 20.988868 ], [ 105.848004299999985, 20.9880074 ], [ 105.8490299, 20.9865991 ], [ 105.849642099999983, 20.9855922 ], [ 105.85100749999998, 20.9843559 ], [ 105.8516109, 20.983723 ], [ 105.851215100000019, 20.9834437 ], [ 105.851100200000019, 20.981435 ], [ 105.851497099999989, 20.9810413 ], [ 105.8508326, 20.9801202 ], [ 105.85074539999998, 20.9779251 ], [ 105.8511763, 20.977356 ], [ 105.851372799999979, 20.9760583 ], [ 105.8509567, 20.9741408 ], [ 105.8499338, 20.9736492 ], [ 105.849676299999985, 20.9736955 ], [ 105.848547, 20.973882 ], [ 105.846498199999985, 20.972664 ], [ 105.8451702, 20.9723739 ], [ 105.844392899999988, 20.9739682 ], [ 105.8423659, 20.9737372 ], [ 105.8415102, 20.9728447 ], [ 105.8410465, 20.9728737 ], [ 105.841005599999988, 20.9728764 ], [ 105.840770299999988, 20.9732745 ], [ 105.840732300000013, 20.973385 ], [ 105.840338399999979, 20.9744477 ], [ 105.83986, 20.9755597 ], [ 105.8407851, 20.9768414 ], [ 105.8398219, 20.9783062 ], [ 105.8397465, 20.9799306 ], [ 105.8387738, 20.9806893 ], [ 105.838760099999988, 20.9809 ], [ 105.8387598, 20.9809417 ], [ 105.8388088, 20.9815012 ], [ 105.838888399999988, 20.9819393 ], [ 105.8395466, 20.982686 ], [ 105.8392809, 20.9846966 ], [ 105.8396074, 20.9851001 ] ] ] } },
{ "type": "Feature", "properties": { "threshold_s": 300, "time_label": "5 minutes" }, "geometry": { "type": "Polygon", "coordinates": [ [ [ 105.8362984, 21.0267447 ], [ 105.836365099999981, 21.0268901 ], [ 105.836556, 21.0266068 ], [ 105.8370144, 21.0265438 ], [ 105.837334399999989, 21.0270304 ], [ 105.8371254, 21.0276026 ], [ 105.8377967, 21.0277075 ], [ 105.838287899999983, 21.0275392 ], [ 105.838866100000018, 21.0274978 ], [ 105.838971599999979, 21.0277376 ], [ 105.8388391, 21.0280565 ], [ 105.8387694, 21.0282615 ], [ 105.8388741, 21.0285969 ], [ 105.839164299999979, 21.0281474 ], [ 105.8394599, 21.0275869 ], [ 105.8400157, 21.0279087 ], [ 105.840414599999988, 21.0277838 ], [ 105.840764, 21.0276962 ], [ 105.8402245, 21.0273746 ], [ 105.83995419999998, 21.0268091 ], [ 105.8405659, 21.0265053 ], [ 105.839868899999985, 21.0264119 ], [ 105.839863799999989, 21.0260325 ], [ 105.8398532, 21.0255932 ], [ 105.83985269999998, 21.0250743 ], [ 105.8398458, 21.0245839 ], [ 105.839705899999984, 21.0250751 ], [ 105.8393393, 21.0256052 ], [ 105.839015499999988, 21.0256602 ], [ 105.838849200000013, 21.0260846 ], [ 105.8382078, 21.02605 ], [ 105.838245699999987, 21.0256214 ], [ 105.8383679, 21.0251264 ], [ 105.838334299999985, 21.0243195 ], [ 105.837677199999987, 21.0246482 ], [ 105.8373534, 21.0243939 ], [ 105.837306500000011, 21.0243801 ], [ 105.8370347, 21.0244799 ], [ 105.836902899999984, 21.0248952 ], [ 105.8367226, 21.0253702 ], [ 105.8363243, 21.0253497 ], [ 105.836446, 21.0257265 ], [ 105.8365542, 21.0258821 ], [ 105.8362984, 21.0267447 ] ] ] } },
{ "type": "Feature", "properties": { "threshold_s": 600, "time_label": "10 minutes" }, "geometry": { "type": "Polygon", "coordinates": [ [ [ 105.8336391, 21.0265029 ], [ 105.833010099999981, 21.028173 ], [ 105.833182, 21.0282704 ], [ 105.8348085, 21.0288565 ], [ 105.8357086, 21.0297576 ], [ 105.835855699999982, 21.0299648 ], [ 105.836835399999984, 21.0306071 ], [ 105.8386957, 21.0304863 ], [ 105.839909899999981, 21.0294233 ], [ 105.840813299999979, 21.0297802 ], [ 105.8415987, 21.0301523 ], [ 105.8421234, 21.0297682 ], [ 105.8430041, 21.0288583 ], [ 105.843615799999981, 21.028427 ], [ 105.843776799999986, 21.0283222 ], [ 105.8438888, 21.0270301 ], [ 105.8438866, 21.0269789 ], [ 105.8438559, 21.0268897 ], [ 105.8438255, 21.0268014 ], [ 105.8437697, 21.0267658 ], [ 105.843712399999987, 21.0267842 ], [ 105.843657599999986, 21.0268018 ], [ 105.842656299999987, 21.0269092 ], [ 105.841869, 21.0258403 ], [ 105.841870799999981, 21.0257448 ], [ 105.841625, 21.0257921 ], [ 105.83985269999998, 21.0250743 ], [ 105.8398458, 21.0245839 ], [ 105.8398451, 21.0245304 ], [ 105.8398135, 21.0242767 ], [ 105.839459399999981, 21.0226896 ], [ 105.839714099999981, 21.0219226 ], [ 105.8392217, 21.0218726 ], [ 105.837228, 21.0219127 ], [ 105.8371802, 21.0218647 ], [ 105.837145099999987, 21.0218308 ], [ 105.8367935, 21.0218057 ], [ 105.8362987, 21.021939 ], [ 105.8354721, 21.0223696 ], [ 105.8347737, 21.0238466 ], [ 105.8354868, 21.0246103 ], [ 105.834876699999981, 21.0262917 ], [ 105.8336958, 21.0264817 ], [ 105.8336391, 21.0265029 ] ] ] } },
{ "type": "Feature", "properties": { "threshold_s": 900, "time_label": "15 minutes" }, "geometry": { "type": "Polygon", "coordinates": [ [ [ 105.8299299, 21.0289885 ], [ 105.830064299999989, 21.0291357 ], [ 105.831816599999982, 21.0301555 ], [ 105.832904499999984, 21.0307549 ], [ 105.8341534, 21.0318742 ], [ 105.8363796, 21.0327681 ], [ 105.838333399999982, 21.0335215 ], [ 105.8388975, 21.0336352 ], [ 105.839062799999979, 21.0336681 ], [ 105.8391138, 21.0336627 ], [ 105.8407384, 21.0328372 ], [ 105.841142299999987, 21.0325463 ], [ 105.8431004, 21.0315982 ], [ 105.844845300000017, 21.0303614 ], [ 105.846568, 21.0299584 ], [ 105.8464, 21.0291195 ], [ 105.845987099999988, 21.0275442 ], [ 105.847241299999979, 21.0259093 ], [ 105.8462501, 21.0248425 ], [ 105.8462137, 21.02482 ], [ 105.8451423, 21.0247326 ], [ 105.843735399999986, 21.0235173 ], [ 105.842550300000013, 21.0231766 ], [ 105.8414355, 21.021993 ], [ 105.839471499999988, 21.020778 ], [ 105.839160399999983, 21.0200082 ], [ 105.8374849, 21.0190053 ], [ 105.8371388, 21.0190325 ], [ 105.835971199999989, 21.0205727 ], [ 105.834126, 21.0213059 ], [ 105.832913499999989, 21.0224983 ], [ 105.832306099999983, 21.0234957 ], [ 105.8315616, 21.0258355 ], [ 105.831178, 21.0266003 ], [ 105.8305382, 21.0282119 ], [ 105.8299299, 21.0289885 ] ] ] } },
{ "type": "Feature", "properties": { "threshold_s": 300, "time_label": "5 minutes" }, "geometry": { "type": "Polygon", "coordinates": [ [ [ 105.8035787, 20.9877563 ], [ 105.8036534, 20.9885623 ], [ 105.8037743, 20.9884022 ], [ 105.8038195, 20.9883483 ], [ 105.8044901, 20.9882801 ], [ 105.8046557, 20.9884972 ], [ 105.8049109, 20.9889052 ], [ 105.805033100000017, 20.9887355 ], [ 105.8049201, 20.9881375 ], [ 105.8055507, 20.9880436 ], [ 105.8062377, 20.9878538 ], [ 105.80628059999998, 20.9878814 ], [ 105.8066062, 20.9881005 ], [ 105.807093599999988, 20.9881887 ], [ 105.8072781, 20.9877315 ], [ 105.8068539, 20.9880294 ], [ 105.806550799999982, 20.9875175 ], [ 105.806612, 20.9873361 ], [ 105.806326699999985, 20.9871495 ], [ 105.806610899999981, 20.9865918 ], [ 105.807268799999989, 20.9865112 ], [ 105.807408599999988, 20.9863185 ], [ 105.8071212, 20.985943 ], [ 105.807001299999982, 20.9861054 ], [ 105.8063194, 20.9858935 ], [ 105.805766599999984, 20.9857771 ], [ 105.8055111, 20.9856048 ], [ 105.8052773, 20.985298 ], [ 105.805049199999985, 20.985621 ], [ 105.8049332, 20.9857735 ], [ 105.80459, 20.9862249 ], [ 105.8042337, 20.9859895 ], [ 105.803923200000014, 20.9857854 ], [ 105.80360779999998, 20.9855759 ], [ 105.8033029, 20.9853745 ], [ 105.803187699999981, 20.9848528 ], [ 105.8026954, 20.9849731 ], [ 105.8026499, 20.9855356 ], [ 105.802983899999987, 20.9857667 ], [ 105.8029659, 20.9863956 ], [ 105.8033053, 20.9869907 ], [ 105.8032583, 20.9875414 ], [ 105.8035787, 20.9877563 ] ] ] } },
{ "type": "Feature", "properties": { "threshold_s": 600, "time_label": "10 minutes" }, "geometry": { "type": "Polygon", "coordinates": [ [ [ 105.8017193, 20.9893324 ], [ 105.8026195, 20.9908032 ], [ 105.8028242, 20.9909463 ], [ 105.8031467, 20.9910703 ], [ 105.8038252, 20.9911098 ], [ 105.803991399999987, 20.9910023 ], [ 105.804097299999981, 20.990845 ], [ 105.804239199999984, 20.9906536 ], [ 105.806163799999979, 20.9892868 ], [ 105.8066393, 20.989658 ], [ 105.8068986, 20.989955 ], [ 105.807305, 20.9902812 ], [ 105.8084854, 20.99022 ], [ 105.810052399999989, 20.9895706 ], [ 105.809992699999981, 20.9882978 ], [ 105.8097473, 20.9862429 ], [ 105.810488099999986, 20.9859978 ], [ 105.8090368, 20.9850526 ], [ 105.8091978, 20.9831247 ], [ 105.8091026, 20.9832391 ], [ 105.808418399999979, 20.9839566 ], [ 105.8082949, 20.9841299 ], [ 105.807992, 20.9846086 ], [ 105.8079246, 20.9846968 ], [ 105.8068639, 20.9853626 ], [ 105.8050446, 20.9846154 ], [ 105.803424, 20.9845523 ], [ 105.8010751, 20.9841384 ], [ 105.8007838, 20.9848781 ], [ 105.800379899999982, 20.9862227 ], [ 105.8008166, 20.988002 ], [ 105.8017193, 20.9893324 ] ] ] } },
{ "type": "Feature", "properties": { "threshold_s": 900, "time_label": "15 minutes" }, "geometry": { "type": "Polygon", "coordinates": [ [ [ 105.800767599999986, 20.9925955 ], [ 105.800968, 20.9934556 ], [ 105.801252, 20.9936562 ], [ 105.8032527, 20.9935225 ], [ 105.803997599999988, 20.9933786 ], [ 105.805708399999986, 20.9929962 ], [ 105.807448799999989, 20.9923407 ], [ 105.809284099999985, 20.9917711 ], [ 105.8110991, 20.9908908 ], [ 105.8124127, 20.9903621 ], [ 105.8130441, 20.9898069 ], [ 105.8130111, 20.989291 ], [ 105.813884499999986, 20.9866055 ], [ 105.8141218, 20.9862997 ], [ 105.813818199999986, 20.9855269 ], [ 105.8123891, 20.9844611 ], [ 105.8118293, 20.9827561 ], [ 105.81121539999998, 20.9803737 ], [ 105.8098653, 20.9807096 ], [ 105.8070847, 20.9810571 ], [ 105.8052093, 20.9815022 ], [ 105.804932, 20.9815915 ], [ 105.8047808, 20.9816492 ], [ 105.8042599, 20.9823469 ], [ 105.8023095, 20.9827704 ], [ 105.8011104, 20.9814688 ], [ 105.800939199999988, 20.9810318 ], [ 105.79973889999998, 20.981699 ], [ 105.7978707, 20.982405 ], [ 105.797709700000013, 20.9826617 ], [ 105.7976687, 20.9846347 ], [ 105.7978456, 20.9862291 ], [ 105.797875499999989, 20.9864965 ], [ 105.7982353, 20.9877691 ], [ 105.7988867, 20.9882325 ], [ 105.799158, 20.9884255 ], [ 105.7994227, 20.9886138 ], [ 105.800403, 20.9911332 ], [ 105.8004695, 20.9915052 ], [ 105.800543, 20.9918236 ], [ 105.800767599999986, 20.9925955 ] ] ] } },
{ "type": "Feature", "properties": { "threshold_s": 300, "time_label": "5 minutes" }, "geometry": { "type": "Polygon", "coordinates": [ [ [ 105.5783666, 20.9022661 ], [ 105.5788258, 20.9041354 ], [ 105.5793638, 20.9026969 ], [ 105.580140799999981, 20.9021528 ], [ 105.5821444, 20.9020713 ], [ 105.581881399999986, 20.9019361 ], [ 105.580842599999983, 20.9013749 ], [ 105.5801138, 20.9005225 ], [ 105.5801672, 20.9000848 ], [ 105.580239800000015, 20.8997278 ], [ 105.5803452, 20.8992098 ], [ 105.5803559, 20.8991572 ], [ 105.5782519, 20.8999488 ], [ 105.579288799999986, 20.9005616 ], [ 105.577803099999983, 20.901976 ], [ 105.5783666, 20.9022661 ] ] ] } },
{ "type": "Feature", "properties": { "threshold_s": 600, "time_label": "10 minutes" }, "geometry": { "type": "Polygon", "coordinates": [ [ [ 105.5774556, 20.905941 ], [ 105.5781509, 20.9072236 ], [ 105.5783083, 20.9065189 ], [ 105.578354099999984, 20.90626 ], [ 105.5788258, 20.9041354 ], [ 105.5793638, 20.9026969 ], [ 105.580140799999981, 20.9021528 ], [ 105.5824569, 20.9033517 ], [ 105.5849885, 20.9041029 ], [ 105.5849701, 20.9029759 ], [ 105.5829663, 20.902483 ], [ 105.5821444, 20.9020713 ], [ 105.581881399999986, 20.9019361 ], [ 105.580842599999983, 20.9013749 ], [ 105.580239800000015, 20.8997278 ], [ 105.581958, 20.8981925 ], [ 105.5809626, 20.8964204 ], [ 105.58147049999998, 20.895477 ], [ 105.5811946, 20.8953852 ], [ 105.579501099999987, 20.8968124 ], [ 105.577622, 20.8983633 ], [ 105.5757209, 20.8970615 ], [ 105.5753499, 20.8972401 ], [ 105.5756682, 20.8987563 ], [ 105.5757661, 20.8996584 ], [ 105.5755955, 20.9014144 ], [ 105.5760384, 20.9035328 ], [ 105.5762368, 20.9040083 ], [ 105.5774556, 20.905941 ] ] ] } },
{ "type": "Feature", "properties": { "threshold_s": 900, "time_label": "15 minutes" }, "geometry": { "type": "Polygon", "coordinates": [ [ [ 105.5751761, 20.906449 ], [ 105.576774, 20.9086957 ], [ 105.5777587, 20.9088886 ], [ 105.5799319, 20.9082245 ], [ 105.580537299999989, 20.9074589 ], [ 105.579788100000016, 20.9068798 ], [ 105.5788258, 20.9041354 ], [ 105.5793638, 20.9026969 ], [ 105.5824569, 20.9033517 ], [ 105.584109, 20.9048778 ], [ 105.5850506, 20.9056921 ], [ 105.5859746, 20.9065402 ], [ 105.586208, 20.9065891 ], [ 105.5874398, 20.9058787 ], [ 105.5884797, 20.9045468 ], [ 105.587084299999987, 20.9041486 ], [ 105.5861605, 20.9038849 ], [ 105.5849701, 20.9029759 ], [ 105.5858607, 20.9002296 ], [ 105.5840555, 20.9026126 ], [ 105.5829663, 20.902483 ], [ 105.5821444, 20.9020713 ], [ 105.581881399999986, 20.9019361 ], [ 105.580842599999983, 20.9013749 ], [ 105.580239800000015, 20.8997278 ], [ 105.581958, 20.8981925 ], [ 105.5821276, 20.8960648 ], [ 105.583686699999987, 20.8950202 ], [ 105.58296679999998, 20.8937306 ], [ 105.5810965, 20.8925047 ], [ 105.5784911, 20.8942637 ], [ 105.5783692, 20.8952206 ], [ 105.5753816, 20.8961338 ], [ 105.5745176, 20.8957129 ], [ 105.57393159999998, 20.8958818 ], [ 105.573270899999983, 20.8962346 ], [ 105.572838499999989, 20.8964656 ], [ 105.5724208, 20.8966942 ], [ 105.572410099999985, 20.8977632 ], [ 105.5728707, 20.9005852 ], [ 105.5733266, 20.9031512 ], [ 105.5732207, 20.9043058 ], [ 105.573350799999986, 20.9046616 ], [ 105.5751761, 20.906449 ] ] ] } },
{ "type": "Feature", "properties": { "threshold_s": 300, "time_label": "5 minutes" }, "geometry": { "type": "Polygon", "coordinates": [ [ [ 105.5812506, 20.8946297 ], [ 105.5811946, 20.8953852 ], [ 105.58147049999998, 20.895477 ], [ 105.5820252, 20.8943792 ], [ 105.5817984, 20.8929792 ], [ 105.582511, 20.8924007 ], [ 105.5831529, 20.8921861 ], [ 105.5833765, 20.8918515 ], [ 105.583472300000011, 20.8916843 ], [ 105.5827332, 20.8909832 ], [ 105.5819383, 20.8909343 ], [ 105.5809066, 20.8905197 ], [ 105.5795803, 20.8901316 ], [ 105.580249499999979, 20.8913165 ], [ 105.5806277, 20.8917558 ], [ 105.5811166, 20.8926306 ], [ 105.581256699999983, 20.8942638 ], [ 105.5812506, 20.8946297 ] ] ] } },
{ "type": "Feature", "properties": { "threshold_s": 600, "time_label": "10 minutes" }, "geometry": { "type": "Polygon", "coordinates": [ [ [ 105.579501099999987, 20.8968124 ], [ 105.579147, 20.8976813 ], [ 105.58049029999998, 20.8973379 ], [ 105.5807983, 20.8971536 ], [ 105.5821276, 20.8960648 ], [ 105.5830751, 20.8951267 ], [ 105.583686699999987, 20.8950202 ], [ 105.5833795, 20.8948316 ], [ 105.58296679999998, 20.8937306 ], [ 105.5831529, 20.8921861 ], [ 105.5846147, 20.89281 ], [ 105.5850908, 20.8920006 ], [ 105.5864042, 20.8919373 ], [ 105.585343099999989, 20.8914916 ], [ 105.5853264, 20.8902509 ], [ 105.5841462, 20.8909888 ], [ 105.5827332, 20.8909832 ], [ 105.582532, 20.8902566 ], [ 105.58256, 20.8892389 ], [ 105.583119399999987, 20.8885591 ], [ 105.5826339, 20.8888557 ], [ 105.5822249, 20.8891113 ], [ 105.580873, 20.8882493 ], [ 105.5793224, 20.8885145 ], [ 105.579141100000015, 20.8873776 ], [ 105.5790805, 20.8869961 ], [ 105.5777387, 20.8882894 ], [ 105.5777362, 20.8884993 ], [ 105.578609, 20.8885154 ], [ 105.5790049, 20.8897478 ], [ 105.5795803, 20.8901316 ], [ 105.580249499999979, 20.8913165 ], [ 105.5806277, 20.8917558 ], [ 105.5810965, 20.8925047 ], [ 105.5811166, 20.8926306 ], [ 105.581256699999983, 20.8942638 ], [ 105.5796945, 20.8948909 ], [ 105.579249, 20.8934515 ], [ 105.579016699999983, 20.8933436 ], [ 105.577616500000019, 20.8939246 ], [ 105.5770978, 20.8936555 ], [ 105.5770729, 20.8940857 ], [ 105.5783692, 20.8952206 ], [ 105.5782928, 20.8954173 ], [ 105.57873, 20.8958207 ], [ 105.579501099999987, 20.8968124 ] ] ] } },
{ "type": "Feature", "properties": { "threshold_s": 900, "time_label": "15 minutes" }, "geometry": { "type": "Polygon", "coordinates": [ [ [ 105.5753816, 20.8961338 ], [ 105.576447, 20.8982756 ], [ 105.5772518, 20.8990352 ], [ 105.577622, 20.8983633 ], [ 105.579288799999986, 20.9005616 ], [ 105.5797459, 20.9014676 ], [ 105.5798199, 20.9015163 ], [ 105.580842599999983, 20.9013749 ], [ 105.583762899999982, 20.9001973 ], [ 105.5846215, 20.8997904 ], [ 105.5845323, 20.8994718 ], [ 105.5841413, 20.8987124 ], [ 105.5836094, 20.8989396 ], [ 105.5837651, 20.8996421 ], [ 105.583753699999988, 20.8999429 ], [ 105.580239800000015, 20.8997278 ], [ 105.5803452, 20.8992098 ], [ 105.5803559, 20.8991572 ], [ 105.5807983, 20.8971536 ], [ 105.5821276, 20.8960648 ], [ 105.5830751, 20.8951267 ], [ 105.584634799999989, 20.8953459 ], [ 105.5869617, 20.8969333 ], [ 105.586285700000019, 20.8950239 ], [ 105.5858257, 20.8931684 ], [ 105.587301, 20.8923139 ], [ 105.5865701, 20.8915746 ], [ 105.5869887, 20.8894156 ], [ 105.5853264, 20.8902509 ], [ 105.5844471, 20.8888532 ], [ 105.584274599999986, 20.8875559 ], [ 105.5838937, 20.8871926 ], [ 105.5826527, 20.8875188 ], [ 105.5805552, 20.8862987 ], [ 105.579299899999981, 20.8843457 ], [ 105.578585799999985, 20.8837601 ], [ 105.5772962, 20.8855382 ], [ 105.576640499999982, 20.8867533 ], [ 105.5777387, 20.8882894 ], [ 105.5767263, 20.8893381 ], [ 105.576455399999986, 20.8900736 ], [ 105.5734675, 20.8900185 ], [ 105.575282, 20.891963 ], [ 105.575271299999983, 20.8930443 ], [ 105.5750709, 20.8944341 ], [ 105.5753816, 20.8961338 ] ] ] } },
{ "type": "Feature", "properties": { "threshold_s": 300, "time_label": "5 minutes" }, "geometry": { "type": "Polygon", "coordinates": [ [ [ 105.9005619, 21.0404003 ], [ 105.9006366, 21.0404884 ], [ 105.901148400000011, 21.0406705 ], [ 105.901581299999989, 21.0404492 ], [ 105.9019256, 21.0410495 ], [ 105.9020839, 21.041445 ], [ 105.9021433, 21.0415306 ], [ 105.90252, 21.0416814 ], [ 105.903056299999989, 21.0418716 ], [ 105.9029435, 21.0417107 ], [ 105.903281099999987, 21.0411181 ], [ 105.9030234, 21.0407126 ], [ 105.903747899999985, 21.0404279 ], [ 105.9039988, 21.0406486 ], [ 105.904603099999989, 21.0408208 ], [ 105.904794199999984, 21.0408148 ], [ 105.904786, 21.0406777 ], [ 105.9047221, 21.0405791 ], [ 105.904589, 21.0402113 ], [ 105.904764700000015, 21.0395889 ], [ 105.9043483, 21.0398401 ], [ 105.9038689, 21.0394956 ], [ 105.903783599999983, 21.0389692 ], [ 105.904295499999989, 21.0387235 ], [ 105.9047371, 21.0385127 ], [ 105.9050914, 21.0383437 ], [ 105.904509599999983, 21.0380918 ], [ 105.9035209, 21.038564 ], [ 105.903067399999983, 21.0382593 ], [ 105.903073599999985, 21.0378729 ], [ 105.9028547, 21.0375293 ], [ 105.902819899999983, 21.0375493 ], [ 105.9028796, 21.0379771 ], [ 105.9023509, 21.038507 ], [ 105.901854499999985, 21.0384568 ], [ 105.901423199999982, 21.0379531 ], [ 105.90110940000001, 21.0380844 ], [ 105.901024699999979, 21.0383936 ], [ 105.9008485, 21.0388928 ], [ 105.9002048, 21.0388497 ], [ 105.900389599999983, 21.0392412 ], [ 105.900489099999987, 21.0396711 ], [ 105.9005619, 21.0404003 ] ] ] } },
{ "type": "Feature", "properties": { "threshold_s": 600, "time_label": "10 minutes" }, "geometry": { "type": "Polygon", "coordinates": [ [ [ 105.8989267, 21.0415023 ], [ 105.899357, 21.0429074 ], [ 105.9007397, 21.043616 ], [ 105.9009697, 21.0439267 ], [ 105.9022217, 21.043643 ], [ 105.9034033, 21.043931 ], [ 105.9035515, 21.043938 ], [ 105.9043775, 21.0439218 ], [ 105.905021799999986, 21.0437537 ], [ 105.905479699999987, 21.0434936 ], [ 105.906886299999982, 21.0428031 ], [ 105.9070713, 21.042698 ], [ 105.9070178, 21.0426202 ], [ 105.9066638, 21.0413283 ], [ 105.90753119999998, 21.039854 ], [ 105.9076061, 21.0391325 ], [ 105.9075766, 21.0384102 ], [ 105.908086499999982, 21.0369144 ], [ 105.9071658, 21.0359621 ], [ 105.9060804, 21.0357148 ], [ 105.9056881, 21.0355873 ], [ 105.904145199999988, 21.0348098 ], [ 105.9036103, 21.0351886 ], [ 105.9019397, 21.0348338 ], [ 105.901773300000016, 21.0348825 ], [ 105.9016653, 21.0361456 ], [ 105.9000741, 21.036001 ], [ 105.8990782, 21.0356015 ], [ 105.8986096, 21.0367272 ], [ 105.8985775, 21.038429 ], [ 105.898396199999979, 21.0388249 ], [ 105.898368599999984, 21.0388998 ], [ 105.8982038, 21.0393458 ], [ 105.8981614, 21.0394606 ], [ 105.8981434, 21.0396197 ], [ 105.8991024, 21.0407626 ], [ 105.898957699999983, 21.0412459 ], [ 105.8989267, 21.0415023 ] ] ] } },
{ "type": "Feature", "properties": { "threshold_s": 900, "time_label": "15 minutes" }, "geometry": { "type": "Polygon", "coordinates": [ [ [ 105.8974336, 21.0450847 ], [ 105.8982423, 21.0460748 ], [ 105.9002153, 21.0456837 ], [ 105.9010093, 21.0464621 ], [ 105.901054599999981, 21.0464956 ], [ 105.901099799999983, 21.0465291 ], [ 105.9016938, 21.0467253 ], [ 105.9019471, 21.0467894 ], [ 105.9032689, 21.0466501 ], [ 105.9053857, 21.046793 ], [ 105.907407, 21.0453439 ], [ 105.9078983, 21.0450746 ], [ 105.9079685, 21.0450341 ], [ 105.9084879, 21.0447343 ], [ 105.909772799999985, 21.043084 ], [ 105.9090901, 21.0409336 ], [ 105.9099611, 21.0398881 ], [ 105.9102026, 21.0395549 ], [ 105.9107751, 21.0375841 ], [ 105.9110063, 21.0357765 ], [ 105.9108575, 21.0355194 ], [ 105.910573500000012, 21.0355132 ], [ 105.9085617, 21.0341172 ], [ 105.907220699999982, 21.0332147 ], [ 105.9069284, 21.0333599 ], [ 105.906657699999982, 21.0334828 ], [ 105.906607899999983, 21.0335054 ], [ 105.905773, 21.0339096 ], [ 105.9048949, 21.0342076 ], [ 105.904145199999988, 21.0348098 ], [ 105.9019397, 21.0348338 ], [ 105.901672, 21.0334785 ], [ 105.9011561, 21.0327388 ], [ 105.9006209, 21.0317155 ], [ 105.900550699999982, 21.0316277 ], [ 105.900334699999988, 21.0315575 ], [ 105.900030299999983, 21.0315305 ], [ 105.8999354, 21.0316001 ], [ 105.8989871, 21.0338305 ], [ 105.898102899999984, 21.0357172 ], [ 105.8970142, 21.0363144 ], [ 105.896648, 21.036901 ], [ 105.8955439, 21.0385529 ], [ 105.8955777, 21.0386194 ], [ 105.896234, 21.038566 ], [ 105.8978352, 21.0403345 ], [ 105.897706199999988, 21.0406753 ], [ 105.897201199999984, 21.0419257 ], [ 105.8969203, 21.0424472 ], [ 105.8969988, 21.0425157 ], [ 105.8971733, 21.0426679 ], [ 105.8974336, 21.0450847 ] ] ] } },
{ "type": "Feature", "properties": { "threshold_s": 300, "time_label": "5 minutes" }, "geometry": { "type": "Polygon", "coordinates": [ [ [ 105.8481374, 21.0308039 ], [ 105.8485186, 21.0323719 ], [ 105.84887710000001, 21.0317532 ], [ 105.8491377, 21.0313156 ], [ 105.8488561, 21.0305684 ], [ 105.8491746, 21.029779 ], [ 105.8501894, 21.0298974 ], [ 105.85069, 21.0302351 ], [ 105.850858299999985, 21.0309982 ], [ 105.8508869, 21.0316388 ], [ 105.8505682, 21.032206 ], [ 105.8507011, 21.0323117 ], [ 105.8513365, 21.0323003 ], [ 105.851958699999983, 21.0319016 ], [ 105.852118499999989, 21.0316996 ], [ 105.8521114, 21.0316325 ], [ 105.8512303, 21.0306856 ], [ 105.8512821, 21.0305065 ], [ 105.8513118, 21.0303982 ], [ 105.8513388, 21.0302937 ], [ 105.851363, 21.0301442 ], [ 105.8514055, 21.0298406 ], [ 105.851443499999988, 21.0296032 ], [ 105.851467499999984, 21.0294759 ], [ 105.8515171, 21.0291975 ], [ 105.851518, 21.0289361 ], [ 105.851497600000016, 21.0287269 ], [ 105.8515379, 21.0276191 ], [ 105.851632, 21.0272476 ], [ 105.8514611, 21.0272192 ], [ 105.851116099999984, 21.0277212 ], [ 105.849976399999989, 21.0278076 ], [ 105.8487329, 21.02842 ], [ 105.8485757, 21.0287723 ], [ 105.8487662, 21.0295916 ], [ 105.8481374, 21.0308039 ] ] ] } },
{ "type": "Feature", "properties": { "threshold_s": 600, "time_label": "10 minutes" }, "geometry": { "type": "Polygon", "coordinates": [ [ [ 105.845834300000021, 21.0320332 ], [ 105.8458888, 21.0337422 ], [ 105.847024799999986, 21.0344199 ], [ 105.848156599999982, 21.0348966 ], [ 105.849394799999985, 21.0353124 ], [ 105.850024, 21.0353227 ], [ 105.850615299999987, 21.0347411 ], [ 105.852156799999989, 21.0347124 ], [ 105.852698, 21.0338771 ], [ 105.853804, 21.0330302 ], [ 105.85453339999998, 21.0321628 ], [ 105.8545659, 21.0314536 ], [ 105.853889, 21.0303709 ], [ 105.8537587, 21.0295792 ], [ 105.85374969999998, 21.029405 ], [ 105.8533349, 21.0294679 ], [ 105.851518, 21.0289361 ], [ 105.851497600000016, 21.0287269 ], [ 105.8514771, 21.0285279 ], [ 105.8514483, 21.0283114 ], [ 105.8514521, 21.0280788 ], [ 105.8515379, 21.0276191 ], [ 105.8532895, 21.0268741 ], [ 105.8533809, 21.0268638 ], [ 105.8535573, 21.0266632 ], [ 105.8535389, 21.0260779 ], [ 105.8534289, 21.0254568 ], [ 105.8534146, 21.0254056 ], [ 105.8533972, 21.0253457 ], [ 105.8520619, 21.0245031 ], [ 105.851334, 21.0245245 ], [ 105.8496229, 21.0247565 ], [ 105.8495586, 21.0247729 ], [ 105.8492722, 21.0253056 ], [ 105.8474105, 21.0258729 ], [ 105.8474004, 21.0260889 ], [ 105.847489, 21.0263452 ], [ 105.84769129999998, 21.0269229 ], [ 105.847791199999989, 21.0281196 ], [ 105.8464, 21.0291195 ], [ 105.8450687, 21.0291861 ], [ 105.846568, 21.0299584 ], [ 105.845851199999984, 21.0312344 ], [ 105.845834300000021, 21.0320332 ] ] ] } },
{ "type": "Feature", "properties": { "threshold_s": 900, "time_label": "15 minutes" }, "geometry": { "type": "Polygon", "coordinates": [ [ [ 105.8447622, 21.0357407 ], [ 105.8452568, 21.0364033 ], [ 105.847111399999989, 21.0375183 ], [ 105.8487503, 21.0382264 ], [ 105.848880199999982, 21.0382075 ], [ 105.8506814, 21.037623 ], [ 105.8525179, 21.0367986 ], [ 105.853296899999989, 21.0369383 ], [ 105.8546701, 21.035414 ], [ 105.8547385, 21.0352913 ], [ 105.855330399999986, 21.0338854 ], [ 105.8569481, 21.0322626 ], [ 105.857932, 21.0318919 ], [ 105.857250099999987, 21.0297668 ], [ 105.8569206, 21.0290628 ], [ 105.856326300000021, 21.0270123 ], [ 105.8561394, 21.0262284 ], [ 105.856778599999984, 21.0246804 ], [ 105.8569971, 21.0244801 ], [ 105.856964499999989, 21.0244402 ], [ 105.855429, 21.023449 ], [ 105.854806699999983, 21.0235564 ], [ 105.8531169, 21.022562 ], [ 105.852561399999985, 21.0221904 ], [ 105.8503122, 21.0214084 ], [ 105.850157599999989, 21.0214531 ], [ 105.8487426, 21.021917 ], [ 105.8484823, 21.0220095 ], [ 105.8480174, 21.0233421 ], [ 105.8466023, 21.023516 ], [ 105.8458793, 21.0238188 ], [ 105.84566479999998, 21.024049 ], [ 105.845042399999983, 21.025008 ], [ 105.8438255, 21.0268014 ], [ 105.8426329, 21.0278385 ], [ 105.8425904, 21.0279135 ], [ 105.84225210000001, 21.0285565 ], [ 105.842234, 21.0286721 ], [ 105.8428456, 21.0304544 ], [ 105.8441733, 21.0312532 ], [ 105.844622199999989, 21.0333673 ], [ 105.8446504, 21.0335002 ], [ 105.844685, 21.0336632 ], [ 105.8447622, 21.0357407 ] ] ] } },
{ "type": "Feature", "properties": { "threshold_s": 300, "time_label": "5 minutes" }, "geometry": { "type": "Polygon", "coordinates": [ [ [ 105.851339699999983, 21.0368297 ], [ 105.851603, 21.0377872 ], [ 105.852105, 21.0373143 ], [ 105.852869699999985, 21.0375029 ], [ 105.85325779999998, 21.0370348 ], [ 105.8536025, 21.0366394 ], [ 105.85314080000002, 21.0366868 ], [ 105.8529476, 21.0360386 ], [ 105.853383100000016, 21.0355166 ], [ 105.8542072, 21.0356567 ], [ 105.8546701, 21.035414 ], [ 105.8547385, 21.0352913 ], [ 105.8546223, 21.0348472 ], [ 105.854381099999983, 21.0343349 ], [ 105.855330399999986, 21.0338854 ], [ 105.854767599999988, 21.0338265 ], [ 105.854413799999989, 21.0338031 ], [ 105.8538676, 21.0337902 ], [ 105.853804, 21.0330302 ], [ 105.8537816, 21.033787 ], [ 105.8533936, 21.0338224 ], [ 105.852698, 21.0338771 ], [ 105.8519773, 21.0335014 ], [ 105.85204490000001, 21.0339261 ], [ 105.851465099999984, 21.0345383 ], [ 105.8509803, 21.0346426 ], [ 105.851291499999988, 21.0348225 ], [ 105.852004599999987, 21.0352432 ], [ 105.850948099999982, 21.0356251 ], [ 105.851799499999984, 21.0358902 ], [ 105.851645099999985, 21.0365456 ], [ 105.851339699999983, 21.0368297 ] ] ] } },
{ "type": "Feature", "properties": { "threshold_s": 600, "time_label": "10 minutes" }, "geometry": { "type": "Polygon", "coordinates": [ [ [ 105.849268399999985, 21.0385781 ], [ 105.8503796, 21.0402714 ], [ 105.8512049, 21.039884 ], [ 105.852338599999982, 21.0385754 ], [ 105.8542587, 21.0384863 ], [ 105.854520099999988, 21.0384119 ], [ 105.8549623, 21.0381838 ], [ 105.8549741, 21.0366506 ], [ 105.855188, 21.0355451 ], [ 105.8555072, 21.0339557 ], [ 105.8559243, 21.0326476 ], [ 105.8568546, 21.0314209 ], [ 105.8567475, 21.030865 ], [ 105.8549501, 21.0302935 ], [ 105.8548898, 21.0302846 ], [ 105.853390599999983, 21.0301091 ], [ 105.8525607, 21.0307899 ], [ 105.851011899999989, 21.0314044 ], [ 105.8504709, 21.0321878 ], [ 105.8499725, 21.0329804 ], [ 105.8498734, 21.0339878 ], [ 105.848156599999982, 21.0348966 ], [ 105.8475795, 21.0354757 ], [ 105.847722399999981, 21.0362416 ], [ 105.8486822, 21.0372979 ], [ 105.8487972, 21.0381723 ], [ 105.849268399999985, 21.0385781 ] ] ] } },
{ "type": "Feature", "properties": { "threshold_s": 900, "time_label": "15 minutes" }, "geometry": { "type": "Polygon", "coordinates": [ [ [ 105.8474229, 21.0409834 ], [ 105.8482371, 21.042392 ], [ 105.85023, 21.042391 ], [ 105.85079, 21.0424231 ], [ 105.851780399999981, 21.0416726 ], [ 105.8534461, 21.0407254 ], [ 105.853595, 21.0405245 ], [ 105.8545469, 21.0392273 ], [ 105.8552544, 21.038343 ], [ 105.8559408, 21.0375631 ], [ 105.8567554, 21.0360628 ], [ 105.8570753, 21.0348341 ], [ 105.858046299999984, 21.0333088 ], [ 105.8586137, 21.0332285 ], [ 105.859561899999989, 21.032523 ], [ 105.85952589999998, 21.0314255 ], [ 105.8593952, 21.0306181 ], [ 105.8587194, 21.0295001 ], [ 105.8581177, 21.0279727 ], [ 105.8560912, 21.0272843 ], [ 105.855913099999981, 21.0272893 ], [ 105.8557784, 21.0272957 ], [ 105.8543594, 21.0272793 ], [ 105.853461699999983, 21.0266754 ], [ 105.8532895, 21.0268741 ], [ 105.853331, 21.0271401 ], [ 105.8514521, 21.0280788 ], [ 105.851423499999981, 21.0280719 ], [ 105.8513101, 21.0281435 ], [ 105.8503434, 21.0288869 ], [ 105.8491746, 21.029779 ], [ 105.8474725, 21.0304548 ], [ 105.8467514, 21.0319851 ], [ 105.8455033, 21.033579 ], [ 105.8449379, 21.0348636 ], [ 105.8447622, 21.0357407 ], [ 105.8451593, 21.035927 ], [ 105.8460762, 21.03742 ], [ 105.8469021, 21.0388204 ], [ 105.8467549, 21.0397937 ], [ 105.846963799999983, 21.0403303 ], [ 105.8474229, 21.0409834 ] ] ] } },
{ "type": "Feature", "properties": { "threshold_s": 300, "time_label": "5 minutes" }, "geometry": { "type": "Polygon", "coordinates": [ [ [ 105.776393, 21.0174258 ], [ 105.7768555, 21.0181126 ], [ 105.7771797, 21.0173758 ], [ 105.7775373, 21.017019 ], [ 105.777579399999979, 21.0169664 ], [ 105.7776234, 21.0169114 ], [ 105.7780911, 21.0165928 ], [ 105.778280199999983, 21.0160795 ], [ 105.778308599999988, 21.0160453 ], [ 105.778343100000015, 21.0160038 ], [ 105.779243399999984, 21.0156483 ], [ 105.7797816, 21.0161885 ], [ 105.779355, 21.016729 ], [ 105.7793245, 21.0167681 ], [ 105.7792911, 21.0168109 ], [ 105.779111499999985, 21.0173285 ], [ 105.7789446, 21.0175447 ], [ 105.7788896, 21.0179146 ], [ 105.779837499999985, 21.0178269 ], [ 105.7794818, 21.0169568 ], [ 105.779620699999981, 21.0168114 ], [ 105.7802864, 21.0165154 ], [ 105.7803617, 21.0164239 ], [ 105.7804576, 21.0163074 ], [ 105.780530199999987, 21.0162192 ], [ 105.780366099999981, 21.0153087 ], [ 105.7793593, 21.0155211 ], [ 105.778738299999986, 21.0152871 ], [ 105.778671599999981, 21.0153687 ], [ 105.778613399999983, 21.0154399 ], [ 105.7780312, 21.0157797 ], [ 105.7779973, 21.0158211 ], [ 105.7779585, 21.0158663 ], [ 105.7775148, 21.0161959 ], [ 105.776914399999981, 21.0161177 ], [ 105.7766262, 21.0155638 ], [ 105.7768341, 21.015061 ], [ 105.7768711, 21.0150132 ], [ 105.776905499999984, 21.0149688 ], [ 105.7774401, 21.014498 ], [ 105.7778028, 21.0144068 ], [ 105.7778734, 21.0143396 ], [ 105.7779471, 21.0141632 ], [ 105.7772836, 21.0138203 ], [ 105.7770802, 21.0140929 ], [ 105.7770159, 21.0141693 ], [ 105.776674600000021, 21.0147988 ], [ 105.7766391, 21.0148456 ], [ 105.7756258, 21.014594 ], [ 105.775585599999985, 21.014599 ], [ 105.7755931, 21.0146537 ], [ 105.7761056, 21.0151784 ], [ 105.775887199999985, 21.0156787 ], [ 105.7758404, 21.0157402 ], [ 105.7758023, 21.0157902 ], [ 105.7758161, 21.0159685 ], [ 105.7758793, 21.0160089 ], [ 105.775932, 21.0160426 ], [ 105.7767184, 21.0163622 ], [ 105.777380799999989, 21.0168325 ], [ 105.777147200000016, 21.0173563 ], [ 105.776393, 21.0174258 ] ] ] } },
{ "type": "Feature", "properties": { "threshold_s": 600, "time_label": "10 minutes" }, "geometry": { "type": "Polygon", "coordinates": [ [ [ 105.77544469999998, 21.020391 ], [ 105.775628, 21.02094 ], [ 105.7759454, 21.0207428 ], [ 105.7775015, 21.0207905 ], [ 105.777978600000012, 21.0208126 ], [ 105.7783336, 21.0207669 ], [ 105.7796591, 21.0204088 ], [ 105.781025699999987, 21.0196675 ], [ 105.781608799999987, 21.0197221 ], [ 105.7821795, 21.0195625 ], [ 105.783316, 21.0185183 ], [ 105.783195599999985, 21.0181313 ], [ 105.783085899999989, 21.0169872 ], [ 105.783241499999988, 21.0161134 ], [ 105.7826296, 21.0148563 ], [ 105.7824562, 21.0134957 ], [ 105.781700499999985, 21.0126829 ], [ 105.7812142, 21.0126383 ], [ 105.7799408, 21.0128592 ], [ 105.7788888, 21.012404 ], [ 105.7778327, 21.0124658 ], [ 105.776669, 21.0117387 ], [ 105.7765911, 21.0116549 ], [ 105.775757299999981, 21.0112899 ], [ 105.774873699999986, 21.0126096 ], [ 105.775007300000013, 21.0133344 ], [ 105.7740953, 21.0144852 ], [ 105.773416, 21.0149793 ], [ 105.7732008, 21.0165065 ], [ 105.7736285, 21.0168778 ], [ 105.7738434, 21.0184719 ], [ 105.7744225, 21.0195998 ], [ 105.77544469999998, 21.020391 ] ] ] } },
{ "type": "Feature", "properties": { "threshold_s": 900, "time_label": "15 minutes" }, "geometry": { "type": "Polygon", "coordinates": [ [ [ 105.77338020000002, 21.021961 ], [ 105.7742235, 21.023585 ], [ 105.7756752, 21.0231929 ], [ 105.7761334, 21.0229584 ], [ 105.7787783, 21.0224366 ], [ 105.780698799999982, 21.0209917 ], [ 105.781316599999982, 21.0209702 ], [ 105.783685399999982, 21.0213898 ], [ 105.7858423, 21.0204364 ], [ 105.7859035, 21.0203534 ], [ 105.7860359, 21.0200779 ], [ 105.78601519999998, 21.0198063 ], [ 105.7858783, 21.0180978 ], [ 105.785524899999984, 21.0162767 ], [ 105.785474400000012, 21.014514 ], [ 105.7852351, 21.0141701 ], [ 105.7848801, 21.0139138 ], [ 105.7841685, 21.013523 ], [ 105.783124199999989, 21.0114267 ], [ 105.7828008, 21.0107347 ], [ 105.7826082, 21.0105741 ], [ 105.781992399999979, 21.0102473 ], [ 105.779202899999987, 21.0094932 ], [ 105.7774528, 21.0093195 ], [ 105.776223, 21.0098138 ], [ 105.773505599999979, 21.0097387 ], [ 105.773423, 21.0097387 ], [ 105.772417799999985, 21.009818 ], [ 105.77124689999998, 21.0116388 ], [ 105.770788, 21.014161 ], [ 105.7710572, 21.0140918 ], [ 105.773430499999989, 21.0150475 ], [ 105.7732008, 21.0165065 ], [ 105.7727236, 21.0171362 ], [ 105.771334, 21.0184358 ], [ 105.772118799999987, 21.0192133 ], [ 105.7733986, 21.0216535 ], [ 105.77338020000002, 21.021961 ] ] ] } },
{ "type": "Feature", "properties": { "threshold_s": 300, "time_label": "5 minutes" }, "geometry": { "type": "Polygon", "coordinates": [ [ [ 105.870049399999985, 21.002116 ], [ 105.869955899999979, 21.002367 ], [ 105.8699867, 21.0023763 ], [ 105.870106, 21.00233 ], [ 105.8707288, 21.0015654 ], [ 105.8710231, 21.0010353 ], [ 105.8715561, 21.0007633 ], [ 105.872418199999984, 21.0012997 ], [ 105.872846399999986, 21.0008644 ], [ 105.872649699999982, 21.0006768 ], [ 105.87262579999998, 20.9998418 ], [ 105.8727511, 20.9995371 ], [ 105.8728673, 20.9993703 ], [ 105.872941, 20.9991169 ], [ 105.872134299999985, 20.9986216 ], [ 105.871929399999985, 20.9984048 ], [ 105.871735299999983, 20.997495 ], [ 105.8710072, 20.9975854 ], [ 105.871005699999984, 20.9981476 ], [ 105.870324699999983, 20.9986055 ], [ 105.869638, 20.9984522 ], [ 105.869020399999982, 20.9984887 ], [ 105.8679909, 20.9985008 ], [ 105.867527, 20.9983386 ], [ 105.8678256, 20.9989006 ], [ 105.8678427, 20.9989068 ], [ 105.868509099999983, 20.9987648 ], [ 105.8688794, 20.9995725 ], [ 105.8687734, 20.9998646 ], [ 105.8691744, 21.0007929 ], [ 105.868651699999987, 21.0010375 ], [ 105.869040899999987, 21.0010772 ], [ 105.869244, 21.0011125 ], [ 105.869958, 21.001092 ], [ 105.870145300000019, 21.0011615 ], [ 105.870049399999985, 21.002116 ] ] ] } },
{ "type": "Feature", "properties": { "threshold_s": 600, "time_label": "10 minutes" }, "geometry": { "type": "Polygon", "coordinates": [ [ [ 105.868428599999987, 21.0043315 ], [ 105.86881, 21.0052739 ], [ 105.868858599999982, 21.0052831 ], [ 105.869744399999988, 21.004706 ], [ 105.8707231, 21.0036608 ], [ 105.8721878, 21.0029618 ], [ 105.8723638, 21.002888 ], [ 105.872981600000017, 21.0026449 ], [ 105.8738105, 21.0022099 ], [ 105.875286, 21.0020356 ], [ 105.8754169, 21.0013986 ], [ 105.875289599999988, 21.0010353 ], [ 105.874624899999986, 20.9991127 ], [ 105.874264299999979, 20.9972582 ], [ 105.874283099999985, 20.9967793 ], [ 105.8742036, 20.9965667 ], [ 105.873936499999985, 20.9958795 ], [ 105.8736714, 20.9958719 ], [ 105.873323899999988, 20.9958659 ], [ 105.871599, 20.994612 ], [ 105.8701111, 20.9948926 ], [ 105.8689748, 20.9960217 ], [ 105.867558, 20.9963554 ], [ 105.8674484, 20.9963537 ], [ 105.8673739, 20.9963512 ], [ 105.8658515, 20.9967888 ], [ 105.865731199999985, 20.9968327 ], [ 105.8651037, 20.997102 ], [ 105.8650624, 20.9971774 ], [ 105.864999699999984, 20.9982457 ], [ 105.8650826, 20.9984934 ], [ 105.8656056, 20.9992198 ], [ 105.8660055, 21.0006746 ], [ 105.8667831, 21.0022811 ], [ 105.86728309999998, 21.0029973 ], [ 105.868428599999987, 21.0043315 ] ] ] } },
{ "type": "Feature", "properties": { "threshold_s": 900, "time_label": "15 minutes" }, "geometry": { "type": "Polygon", "coordinates": [ [ [ 105.866176699999983, 21.0067591 ], [ 105.8667999, 21.0075861 ], [ 105.8670246, 21.0073616 ], [ 105.869292299999984, 21.006212 ], [ 105.8697744, 21.0049515 ], [ 105.8712716, 21.0033283 ], [ 105.8721878, 21.0029618 ], [ 105.8723638, 21.002888 ], [ 105.872981600000017, 21.0026449 ], [ 105.8742909, 21.0023561 ], [ 105.8766061, 21.0020298 ], [ 105.8767031, 21.002003 ], [ 105.877117699999985, 21.0018883 ], [ 105.878845, 21.0009046 ], [ 105.8773189, 20.9995415 ], [ 105.8769945, 20.999167 ], [ 105.8768222, 20.9990358 ], [ 105.8766212, 20.9965166 ], [ 105.8757424, 20.994839 ], [ 105.8744507, 20.9936184 ], [ 105.87386069999998, 20.9929806 ], [ 105.8737393, 20.992846 ], [ 105.873596699999979, 20.992845 ], [ 105.872964199999984, 20.9935449 ], [ 105.872528599999981, 20.9937669 ], [ 105.870149499999982, 20.9930051 ], [ 105.870163399999981, 20.9923933 ], [ 105.870163099999985, 20.992126 ], [ 105.870163399999981, 20.9918474 ], [ 105.8701265, 20.9918474 ], [ 105.8691575, 20.9924704 ], [ 105.86742049999998, 20.9930877 ], [ 105.867304, 20.9931918 ], [ 105.8659273, 20.9947604 ], [ 105.8649395, 20.9949702 ], [ 105.863668, 20.9951736 ], [ 105.86260369999998, 20.9952632 ], [ 105.8620233, 20.9956451 ], [ 105.8617369, 20.9960023 ], [ 105.8615787, 20.9964596 ], [ 105.86184919999998, 20.9969755 ], [ 105.8628171, 20.999329 ], [ 105.8628989, 20.999656 ], [ 105.8634707, 21.0002912 ], [ 105.864447, 21.0025652 ], [ 105.8637513, 21.0029295 ], [ 105.8637534, 21.0029805 ], [ 105.8648592, 21.0040996 ], [ 105.865614599999986, 21.0050545 ], [ 105.866176699999983, 21.0067591 ] ] ] } },
{ "type": "Feature", "properties": { "threshold_s": 300, "time_label": "5 minutes" }, "geometry": { "type": "Polygon", "coordinates": [ [ [ 105.905223899999982, 21.1398308 ], [ 105.9054169, 21.1405408 ], [ 105.9091123, 21.1426789 ], [ 105.9089031, 21.1423248 ], [ 105.908138099999988, 21.1410083 ], [ 105.9075648, 21.140077 ], [ 105.9070458, 21.1391764 ], [ 105.908055299999987, 21.1382221 ], [ 105.9065965, 21.1382883 ], [ 105.905948699999982, 21.1374339 ], [ 105.906098899999989, 21.1385572 ], [ 105.9052017, 21.1395929 ], [ 105.905223899999982, 21.1398308 ] ] ] } },
{ "type": "Feature", "properties": { "threshold_s": 600, "time_label": "10 minutes" }, "geometry": { "type": "Polygon", "coordinates": [ [ [ 105.903487799999979, 21.1422078 ], [ 105.9033416, 21.1433167 ], [ 105.903811399999981, 21.1431524 ], [ 105.9058414, 21.1443636 ], [ 105.9067856, 21.1439834 ], [ 105.9083688, 21.1437936 ], [ 105.9097791, 21.1451864 ], [ 105.910736499999985, 21.1444658 ], [ 105.9093042, 21.1430642 ], [ 105.9091123, 21.1426789 ], [ 105.9089031, 21.1423248 ], [ 105.908138099999988, 21.1410083 ], [ 105.9075648, 21.140077 ], [ 105.9093672, 21.1386773 ], [ 105.9101366, 21.1387606 ], [ 105.9108132, 21.1370746 ], [ 105.910887499999987, 21.1363447 ], [ 105.909523599999986, 21.1359062 ], [ 105.9095594, 21.1368833 ], [ 105.908055299999987, 21.1382221 ], [ 105.905948699999982, 21.1374339 ], [ 105.90563659999998, 21.1356163 ], [ 105.905482, 21.1356239 ], [ 105.904697, 21.1358143 ], [ 105.9037276, 21.1366742 ], [ 105.9030907, 21.1381299 ], [ 105.9016849, 21.1400886 ], [ 105.90220069999998, 21.1399937 ], [ 105.902887, 21.1398631 ], [ 105.903487799999979, 21.1422078 ] ] ] } },
{ "type": "Feature", "properties": { "threshold_s": 900, "time_label": "15 minutes" }, "geometry": { "type": "Polygon", "coordinates": [ [ [ 105.899868, 21.138737 ], [ 105.898544699999988, 21.1405986 ], [ 105.900007, 21.1407762 ], [ 105.9008195, 21.1426844 ], [ 105.9023494, 21.1435394 ], [ 105.903209299999986, 21.1433445 ], [ 105.9046251, 21.1447839 ], [ 105.9066469, 21.1452005 ], [ 105.9075836, 21.1468702 ], [ 105.9097791, 21.1451864 ], [ 105.911300699999984, 21.1462812 ], [ 105.9126231, 21.1457104 ], [ 105.9126764, 21.1448754 ], [ 105.9128544, 21.1430925 ], [ 105.9122077, 21.1412128 ], [ 105.912039399999983, 21.1404298 ], [ 105.9129484, 21.1386255 ], [ 105.9132311, 21.1379499 ], [ 105.9131773, 21.137148 ], [ 105.9127047, 21.136649 ], [ 105.911998900000015, 21.1358882 ], [ 105.9122935, 21.1342379 ], [ 105.9111851, 21.1337955 ], [ 105.9099453, 21.1354296 ], [ 105.909523599999986, 21.1359062 ], [ 105.9095594, 21.1368833 ], [ 105.908055299999987, 21.1382221 ], [ 105.905948699999982, 21.1374339 ], [ 105.90563659999998, 21.1356163 ], [ 105.904595299999983, 21.1345419 ], [ 105.9033953, 21.1357196 ], [ 105.90166259999998, 21.1362688 ], [ 105.900944599999988, 21.1366616 ], [ 105.9002602, 21.1385147 ], [ 105.899868, 21.138737 ] ] ] } },
{ "type": "Feature", "properties": { "threshold_s": 300, "time_label": "5 minutes" }, "geometry": { "type": "Polygon", "coordinates": [ [ [ 105.862959, 21.0134644 ], [ 105.862915299999983, 21.0136368 ], [ 105.8635569, 21.0138174 ], [ 105.86400519999998, 21.0139579 ], [ 105.863692700000016, 21.0129662 ], [ 105.864362600000021, 21.012934 ], [ 105.8646082, 21.0130335 ], [ 105.864833799999985, 21.0131123 ], [ 105.8648975, 21.0131317 ], [ 105.865489, 21.0129527 ], [ 105.8657098, 21.0130434 ], [ 105.865309899999986, 21.0126093 ], [ 105.8657318, 21.0120932 ], [ 105.865655, 21.0114837 ], [ 105.8657023, 21.0113336 ], [ 105.86557879999998, 21.0110746 ], [ 105.865740599999981, 21.0104438 ], [ 105.8657599, 21.0099729 ], [ 105.865518199999983, 21.0102664 ], [ 105.8650208, 21.0103071 ], [ 105.864413499999984, 21.0103336 ], [ 105.8642182, 21.0106732 ], [ 105.8639472, 21.0111833 ], [ 105.863842, 21.0114024 ], [ 105.8637783, 21.0115378 ], [ 105.8631062, 21.0115352 ], [ 105.862713899999989, 21.01172 ], [ 105.8630693, 21.0115761 ], [ 105.863125899999986, 21.0115683 ], [ 105.863680499999987, 21.0117792 ], [ 105.8638964, 21.0120749 ], [ 105.8636845, 21.0126949 ], [ 105.863339599999989, 21.0127131 ], [ 105.8633075, 21.0128086 ], [ 105.862959, 21.0134644 ] ] ] } },
{ "type": "Feature", "properties": { "threshold_s": 600, "time_label": "10 minutes" }, "geometry": { "type": "Polygon", "coordinates": [ [ [ 105.862306599999982, 21.0160831 ], [ 105.862405199999984, 21.0171982 ], [ 105.8624449, 21.0172055 ], [ 105.862586599999986, 21.0172315 ], [ 105.8636723, 21.0161685 ], [ 105.8646958, 21.016354 ], [ 105.8656874, 21.0156811 ], [ 105.8659067, 21.0137624 ], [ 105.866039799999982, 21.0134737 ], [ 105.866220199999987, 21.013108 ], [ 105.8663449, 21.0128839 ], [ 105.8657023, 21.0113336 ], [ 105.8665672, 21.0102809 ], [ 105.867863799999981, 21.0102081 ], [ 105.8680303, 21.0100022 ], [ 105.868157399999987, 21.0098388 ], [ 105.8683241, 21.0096302 ], [ 105.8674493, 21.0086564 ], [ 105.8667999, 21.0075861 ], [ 105.866276, 21.0075356 ], [ 105.8645502, 21.0080148 ], [ 105.8627778, 21.0089105 ], [ 105.862735, 21.0091142 ], [ 105.86268, 21.0093724 ], [ 105.8626194, 21.009657 ], [ 105.8623105, 21.0106289 ], [ 105.8608887, 21.0114706 ], [ 105.8602494, 21.0120592 ], [ 105.859657799999979, 21.013488 ], [ 105.8596162, 21.0135955 ], [ 105.8598719, 21.0137694 ], [ 105.860863499999979, 21.013714 ], [ 105.8627092, 21.0141198 ], [ 105.862403, 21.0156144 ], [ 105.862306599999982, 21.0160831 ] ] ] } },
{ "type": "Feature", "properties": { "threshold_s": 900, "time_label": "15 minutes" }, "geometry": { "type": "Polygon", "coordinates": [ [ [ 105.8600413, 21.0186089 ], [ 105.860065, 21.0186773 ], [ 105.861876199999983, 21.0203177 ], [ 105.861942299999981, 21.0203228 ], [ 105.863634099999985, 21.019321 ], [ 105.863899, 21.018973 ], [ 105.864285, 21.0183492 ], [ 105.8656874, 21.0156811 ], [ 105.866679799999986, 21.012724699999989 ], [ 105.8673116, 21.01185 ], [ 105.8690229, 21.0087345 ], [ 105.8693222, 21.0083453 ], [ 105.8700458, 21.0074954 ], [ 105.8702437, 21.0071372 ], [ 105.8692722, 21.0054786 ], [ 105.8691535, 21.0053046 ], [ 105.868990199999985, 21.0051393 ], [ 105.866026799999986, 21.0051596 ], [ 105.8649527, 21.0052947 ], [ 105.8647913, 21.0053416 ], [ 105.8645668, 21.0054117 ], [ 105.8617726, 21.007132 ], [ 105.860001699999984, 21.0086853 ], [ 105.8597586, 21.0089181 ], [ 105.857802599999985, 21.0114295 ], [ 105.857044, 21.0131904 ], [ 105.857013699999982, 21.0133908 ], [ 105.857112199999989, 21.0143877 ], [ 105.857622, 21.0149531 ], [ 105.8581153, 21.0151211 ], [ 105.85814689999998, 21.0151325 ], [ 105.858601299999989, 21.0151958 ], [ 105.8600413, 21.0186089 ] ] ] } },
{ "type": "Feature", "properties": { "threshold_s": 300, "time_label": "5 minutes" }, "geometry": { "type": "Polygon", "coordinates": [ [ [ 105.844587499999989, 21.0048672 ], [ 105.8445896, 21.0050377 ], [ 105.844865699999986, 21.005173 ], [ 105.8456508, 21.0055823 ], [ 105.845753599999981, 21.0055804 ], [ 105.8460233, 21.0055751 ], [ 105.8461715, 21.0055722 ], [ 105.8465222, 21.0055811 ], [ 105.8465701, 21.0055806 ], [ 105.847253, 21.0058908 ], [ 105.847225499999979, 21.0063324 ], [ 105.8472624, 21.0064838 ], [ 105.847321, 21.0063321 ], [ 105.8480363, 21.0058799 ], [ 105.84792539999998, 21.0054993 ], [ 105.8472194, 21.0054987 ], [ 105.846961, 21.0049184 ], [ 105.8472739, 21.0045021 ], [ 105.847275, 21.0044509 ], [ 105.847204199999979, 21.0041071 ], [ 105.8471772, 21.00399 ], [ 105.848090199999987, 21.0038292 ], [ 105.848529199999987, 21.0042684 ], [ 105.8486965, 21.0042397 ], [ 105.848911299999983, 21.0034241 ], [ 105.849098, 21.0027928 ], [ 105.8489469, 21.0023273 ], [ 105.8489236, 21.002297 ], [ 105.8488983, 21.0022667 ], [ 105.848435199999983, 21.0027955 ], [ 105.8479323, 21.0030977 ], [ 105.8472952, 21.0030473 ], [ 105.846760299999985, 21.0036247 ], [ 105.8464015, 21.0034428 ], [ 105.8460271, 21.0031376 ], [ 105.8458537, 21.0026564 ], [ 105.8463206, 21.0019728 ], [ 105.846356299999982, 21.0019195 ], [ 105.8464014, 21.0018613 ], [ 105.8462568, 21.0018287 ], [ 105.8454172, 21.0019159 ], [ 105.8453244, 21.0020109 ], [ 105.844737399999985, 21.0025379 ], [ 105.845114699999982, 21.0031479 ], [ 105.8448371, 21.0034942 ], [ 105.8447081, 21.0035551 ], [ 105.845319500000016, 21.0038761 ], [ 105.845285099999984, 21.0042661 ], [ 105.8446393, 21.0048648 ], [ 105.844587499999989, 21.0048672 ] ] ] } },
{ "type": "Feature", "properties": { "threshold_s": 600, "time_label": "10 minutes" }, "geometry": { "type": "Polygon", "coordinates": [ [ [ 105.8421263, 21.0061794 ], [ 105.8432613, 21.0073952 ], [ 105.8435545, 21.0076038 ], [ 105.84379269999998, 21.0076335 ], [ 105.8441307, 21.0076739 ], [ 105.8448199, 21.0076948 ], [ 105.8460538, 21.0082729 ], [ 105.846095299999988, 21.0082713 ], [ 105.8474708, 21.0086825 ], [ 105.8477044, 21.0091439 ], [ 105.84894629999998, 21.0084322 ], [ 105.8501303, 21.0081017 ], [ 105.849862, 21.0073626 ], [ 105.8495537, 21.0066265 ], [ 105.848888, 21.0065381 ], [ 105.8484532, 21.0062537 ], [ 105.84792539999998, 21.0054993 ], [ 105.8488733, 21.0044929 ], [ 105.8504813, 21.0044425 ], [ 105.8510435, 21.0049386 ], [ 105.8511028, 21.0049339 ], [ 105.8515703, 21.0044874 ], [ 105.852212, 21.003578 ], [ 105.8526601, 21.0029844 ], [ 105.852657099999988, 21.0029288 ], [ 105.851717899999983, 21.0020575 ], [ 105.8506478, 21.0007832 ], [ 105.8506088, 21.0004991 ], [ 105.8505755, 21.0002601 ], [ 105.849760099999983, 21.0000455 ], [ 105.848264199999988, 21.0002543 ], [ 105.847618900000015, 21.0003435 ], [ 105.847228799999982, 21.0003867 ], [ 105.846556400000011, 21.0008067 ], [ 105.8456153, 20.9995052 ], [ 105.8456924, 20.999369 ], [ 105.8457035, 20.9993493 ], [ 105.8456133, 20.9992982 ], [ 105.845408, 20.9994069 ], [ 105.8451263, 21.0005638 ], [ 105.8440555, 21.0010434 ], [ 105.8436393, 21.0011981 ], [ 105.8426705, 21.0013186 ], [ 105.8419934, 21.001763 ], [ 105.8419935, 21.001799 ], [ 105.842085899999987, 21.0019072 ], [ 105.8420626, 21.0035516 ], [ 105.8415106, 21.0051027 ], [ 105.8415158, 21.0053877 ], [ 105.841720399999986, 21.0056875 ], [ 105.8421263, 21.0061794 ] ] ] } },
{ "type": "Feature", "properties": { "threshold_s": 900, "time_label": "15 minutes" }, "geometry": { "type": "Polygon", "coordinates": [ [ [ 105.8393668, 21.0058431 ], [ 105.8400025, 21.0078489 ], [ 105.8413355, 21.0087937 ], [ 105.8418279, 21.0084792 ], [ 105.8430449, 21.0081655 ], [ 105.845227499999979, 21.0084969 ], [ 105.8452884, 21.0100443 ], [ 105.8449397, 21.0104502 ], [ 105.845495500000013, 21.0114332 ], [ 105.847654399999982, 21.0121155 ], [ 105.848309, 21.0119319 ], [ 105.8491657, 21.0114053 ], [ 105.8509284, 21.0105531 ], [ 105.8514528, 21.0101741 ], [ 105.852163899999979, 21.0094013 ], [ 105.8521725, 21.0084416 ], [ 105.852174399999981, 21.0083903 ], [ 105.8523093, 21.0071934 ], [ 105.8527984, 21.006004 ], [ 105.8530806, 21.0042072 ], [ 105.8537496, 21.003867 ], [ 105.8550966, 21.0036972 ], [ 105.8557126, 21.0031283 ], [ 105.855740299999979, 21.0028438 ], [ 105.8556873, 21.0023994 ], [ 105.8553542, 21.0015412 ], [ 105.8541866, 21.0010953 ], [ 105.853546699999981, 20.9999044 ], [ 105.853439800000018, 20.9995913 ], [ 105.852205199999986, 20.9983206 ], [ 105.851861099999979, 20.9980793 ], [ 105.8500515, 20.9968868 ], [ 105.8499609, 20.9968962 ], [ 105.849311199999988, 20.9977977 ], [ 105.847306499999988, 20.9975719 ], [ 105.846334299999981, 20.9966981 ], [ 105.8459024, 20.9963554 ], [ 105.8455021, 20.9964131 ], [ 105.8451759, 20.9968935 ], [ 105.844945199999984, 20.9973408 ], [ 105.8449247, 20.9975695 ], [ 105.8449527, 20.9977667 ], [ 105.8450887, 20.9982442 ], [ 105.8451043, 20.9987726 ], [ 105.842872699999987, 20.9990507 ], [ 105.8427156, 20.9988665 ], [ 105.842414, 20.9987933 ], [ 105.8421259, 20.9986957 ], [ 105.8420917, 20.9986833 ], [ 105.8414363, 20.9983731 ], [ 105.840664, 21.0003051 ], [ 105.8397078, 21.0016993 ], [ 105.8398012, 21.0032525 ], [ 105.839050799999981, 21.0040959 ], [ 105.839028, 21.0042038 ], [ 105.8393668, 21.0058431 ] ] ] } },
{ "type": "Feature", "properties": { "threshold_s": 300, "time_label": "5 minutes" }, "geometry": { "type": "Polygon", "coordinates": [ [ [ 105.8529595, 21.0002658 ], [ 105.8530065, 21.0003887 ], [ 105.8533117, 21.0005379 ], [ 105.8538775, 21.0006842 ], [ 105.854416, 21.000407 ], [ 105.8547053, 21.0004786 ], [ 105.854418599999988, 21.0001573 ], [ 105.8545603, 20.999674 ], [ 105.8549557, 20.9994667 ], [ 105.854964, 20.9992781 ], [ 105.8549709, 20.9991202 ], [ 105.8549854, 20.9987872 ], [ 105.8549212, 20.998279 ], [ 105.854431299999987, 20.9980538 ], [ 105.8542326, 20.997901 ], [ 105.853785599999981, 20.9974659 ], [ 105.853792299999981, 20.9973276 ], [ 105.853773599999982, 20.9972324 ], [ 105.8531127, 20.9972315 ], [ 105.8524311, 20.9972956 ], [ 105.852401599999979, 20.9978644 ], [ 105.851861099999979, 20.9980793 ], [ 105.851537, 20.9986275 ], [ 105.8520383, 20.9989216 ], [ 105.8522458, 20.999227 ], [ 105.8524202, 20.9995401 ], [ 105.852600599999988, 20.9997358 ], [ 105.8529595, 21.0002658 ] ] ] } },
{ "type": "Feature", "properties": { "threshold_s": 600, "time_label": "10 minutes" }, "geometry": { "type": "Polygon", "coordinates": [ [ [ 105.8496564, 21.0004856 ], [ 105.8495372, 21.00108 ], [ 105.850203, 21.0011489 ], [ 105.850688799999986, 21.0018955 ], [ 105.8508283, 21.0020774 ], [ 105.851717899999983, 21.0020575 ], [ 105.852709399999981, 21.0018429 ], [ 105.8528745, 21.0023453 ], [ 105.8530316, 21.0028951 ], [ 105.853032099999979, 21.0029532 ], [ 105.853532699999988, 21.0032227 ], [ 105.854325299999985, 21.0029146 ], [ 105.855367, 21.0024706 ], [ 105.856255, 21.0022821 ], [ 105.856638799999985, 21.0014154 ], [ 105.8573082, 21.0011189 ], [ 105.8573556, 21.0008626 ], [ 105.856747699999985, 20.9999704 ], [ 105.8572611, 20.9993533 ], [ 105.857859399999981, 20.9994513 ], [ 105.8575926, 20.9987891 ], [ 105.857265899999987, 20.9980568 ], [ 105.857021799999984, 20.9975276 ], [ 105.856624, 20.9975207 ], [ 105.856376399999988, 20.9976623 ], [ 105.855814899999984, 20.998017 ], [ 105.854921, 20.9980591 ], [ 105.8542381, 20.9973366 ], [ 105.854121599999985, 20.9971247 ], [ 105.85400629999998, 20.9968547 ], [ 105.8531127, 20.9972315 ], [ 105.8525257, 20.9972198 ], [ 105.8520758, 20.9971072 ], [ 105.8515028, 20.9972816 ], [ 105.850971299999983, 20.9975786 ], [ 105.8500515, 20.9968868 ], [ 105.8499609, 20.9968962 ], [ 105.849659799999984, 20.9969276 ], [ 105.849311199999988, 20.9977977 ], [ 105.849118600000011, 20.9981779 ], [ 105.849608599999982, 20.9984335 ], [ 105.849224, 20.9993836 ], [ 105.8491468, 21.0000197 ], [ 105.8496564, 21.0004856 ] ] ] } },
{ "type": "Feature", "properties": { "threshold_s": 900, "time_label": "15 minutes" }, "geometry": { "type": "Polygon", "coordinates": [ [ [ 105.8472178, 21.0016439 ], [ 105.8477737, 21.0034643 ], [ 105.8478256, 21.0035149 ], [ 105.8495584, 21.004127 ], [ 105.8510435, 21.0049386 ], [ 105.8522963, 21.0052042 ], [ 105.854253199999988, 21.0052204 ], [ 105.854839, 21.0058176 ], [ 105.855181699999989, 21.0055334 ], [ 105.856202599999989, 21.0045881 ], [ 105.856911199999985, 21.0038458 ], [ 105.8583971, 21.003077 ], [ 105.859175, 21.0029072 ], [ 105.8603192, 21.0010691 ], [ 105.860711499999979, 20.9993975 ], [ 105.8597622, 20.9983393 ], [ 105.859161599999979, 20.9972301 ], [ 105.858763399999987, 20.9961123 ], [ 105.8577382, 20.9953086 ], [ 105.8562289, 20.9954074 ], [ 105.8556667, 20.995477 ], [ 105.8550574, 20.9955521 ], [ 105.852836, 20.9955208 ], [ 105.852293299999985, 20.9951658 ], [ 105.850944299999981, 20.9942615 ], [ 105.850272799999985, 20.9937526 ], [ 105.8501096, 20.9936374 ], [ 105.849826799999988, 20.993455 ], [ 105.8496354, 20.9934845 ], [ 105.849592099999981, 20.9934942 ], [ 105.848653199999987, 20.9943315 ], [ 105.847558299999989, 20.9956252 ], [ 105.8471258, 20.9962105 ], [ 105.8466838, 20.9980419 ], [ 105.8472085, 20.9984883 ], [ 105.847228799999982, 21.0003867 ], [ 105.8472178, 21.0016439 ] ] ] } },
{ "type": "Feature", "properties": { "threshold_s": 300, "time_label": "5 minutes" }, "geometry": { "type": "Polygon", "coordinates": [ [ [ 105.841461, 21.0266234 ], [ 105.841546799999989, 21.027386 ], [ 105.8415907, 21.0273874 ], [ 105.84157, 21.0266222 ], [ 105.8415889, 21.02655 ], [ 105.841589399999989, 21.0264898 ], [ 105.8415898, 21.0264465 ], [ 105.841869, 21.0258403 ], [ 105.8424201, 21.0256816 ], [ 105.8429243, 21.025622 ], [ 105.8432283, 21.0255749 ], [ 105.843306200000015, 21.025552 ], [ 105.843367699999988, 21.0255339 ], [ 105.8434036, 21.0254857 ], [ 105.8433793, 21.0254123 ], [ 105.8433503, 21.025325 ], [ 105.843288500000014, 21.0253051 ], [ 105.843047799999979, 21.0245915 ], [ 105.8432984, 21.0245172 ], [ 105.8439497, 21.0243936 ], [ 105.843888299999989, 21.0241989 ], [ 105.843800900000019, 21.0239217 ], [ 105.844232099999985, 21.0234543 ], [ 105.844176099999984, 21.0232694 ], [ 105.8435584, 21.0227695 ], [ 105.8434145, 21.0226858 ], [ 105.842832299999984, 21.0226824 ], [ 105.842357199999981, 21.0226216 ], [ 105.841931599999981, 21.0228043 ], [ 105.8415026, 21.0227683 ], [ 105.8414905, 21.0219892 ], [ 105.8414355, 21.021993 ], [ 105.8414443, 21.0227697 ], [ 105.8413938, 21.0234353 ], [ 105.841197, 21.0240138 ], [ 105.8412178, 21.0243241 ], [ 105.8411809, 21.0248425 ], [ 105.8414333, 21.0250204 ], [ 105.841479399999983, 21.0250204 ], [ 105.8415537, 21.0250204 ], [ 105.841625, 21.0257921 ], [ 105.8414982, 21.0259455 ], [ 105.841461, 21.0266234 ] ] ] } },
{ "type": "Feature", "properties": { "threshold_s": 600, "time_label": "10 minutes" }, "geometry": { "type": "Polygon", "coordinates": [ [ [ 105.8388391, 21.0280565 ], [ 105.8387694, 21.0282615 ], [ 105.839886400000012, 21.02935 ], [ 105.8413857, 21.0303675 ], [ 105.8421234, 21.0297682 ], [ 105.8439851, 21.0285916 ], [ 105.845646, 21.0264705 ], [ 105.84587, 21.0262283 ], [ 105.8467097, 21.0245014 ], [ 105.8470172, 21.0225878 ], [ 105.8469946, 21.0225142 ], [ 105.846808599999989, 21.0223726 ], [ 105.8446416, 21.0204624 ], [ 105.842177, 21.0188567 ], [ 105.8415814, 21.0182629 ], [ 105.841418, 21.0181057 ], [ 105.840549, 21.0188823 ], [ 105.8411667, 21.0207718 ], [ 105.8414355, 21.021993 ], [ 105.8414443, 21.0227697 ], [ 105.841197, 21.0240138 ], [ 105.839863799999989, 21.0260325 ], [ 105.8392674, 21.0270373 ], [ 105.838971599999979, 21.0277376 ], [ 105.8388391, 21.0280565 ] ] ] } },
{ "type": "Feature", "properties": { "threshold_s": 900, "time_label": "15 minutes" }, "geometry": { "type": "Polygon", "coordinates": [ [ [ 105.8387981, 21.0317567 ], [ 105.8391606, 21.0326673 ], [ 105.840682299999983, 21.0328473 ], [ 105.8407384, 21.0328372 ], [ 105.841180199999982, 21.0327568 ], [ 105.842889899999989, 21.0319915 ], [ 105.845064, 21.0313485 ], [ 105.846263, 21.0310171 ], [ 105.846568, 21.0299584 ], [ 105.8464, 21.0291195 ], [ 105.847790500000016, 21.0270442 ], [ 105.848583, 21.0261572 ], [ 105.8494186, 21.024354 ], [ 105.849362699999986, 21.0237285 ], [ 105.850225099999989, 21.021691 ], [ 105.8502802, 21.0215614 ], [ 105.850157599999989, 21.0214531 ], [ 105.848054299999987, 21.0200255 ], [ 105.847805799999989, 21.0195767 ], [ 105.8476899, 21.0195713 ], [ 105.845692299999982, 21.0195002 ], [ 105.844269199999985, 21.017305 ], [ 105.8438436, 21.017087 ], [ 105.842316, 21.0162193 ], [ 105.841472399999986, 21.0150304 ], [ 105.8414023, 21.0150318 ], [ 105.8393867, 21.0164552 ], [ 105.8385406, 21.017115 ], [ 105.8371608, 21.0191391 ], [ 105.8377091, 21.0200259 ], [ 105.83955229999998, 21.0210454 ], [ 105.839747799999984, 21.0210372 ], [ 105.8414443, 21.0227697 ], [ 105.8395378, 21.0238374 ], [ 105.8391148, 21.0238588 ], [ 105.838925299999985, 21.0240379 ], [ 105.837155199999984, 21.0251196 ], [ 105.8370384, 21.025907 ], [ 105.8361111, 21.0279427 ], [ 105.8365179, 21.0294998 ], [ 105.8368636, 21.0302957 ], [ 105.8369195, 21.0303748 ], [ 105.8387981, 21.0317567 ] ] ] } },
{ "type": "Feature", "properties": { "threshold_s": 300, "time_label": "5 minutes" }, "geometry": { "type": "Polygon", "coordinates": [ [ [ 105.8486822, 21.0372979 ], [ 105.8487972, 21.0381723 ], [ 105.849708199999981, 21.0377807 ], [ 105.8506814, 21.037623 ], [ 105.850764, 21.0370967 ], [ 105.851339699999983, 21.0368297 ], [ 105.851645099999985, 21.0365456 ], [ 105.851799499999984, 21.0358902 ], [ 105.852792800000017, 21.0360548 ], [ 105.8529476, 21.0360386 ], [ 105.8527079, 21.0347918 ], [ 105.8521144, 21.0344541 ], [ 105.85204490000001, 21.0339261 ], [ 105.8519773, 21.0335014 ], [ 105.8511704, 21.0329985 ], [ 105.850261500000016, 21.0331052 ], [ 105.8499357, 21.033994 ], [ 105.8498734, 21.0339878 ], [ 105.850374599999981, 21.0346123 ], [ 105.850024, 21.0353227 ], [ 105.849394799999985, 21.0353124 ], [ 105.8489899, 21.0361005 ], [ 105.848386, 21.0361504 ], [ 105.8482524, 21.0353972 ], [ 105.848156599999982, 21.0348966 ], [ 105.848043799999985, 21.0342979 ], [ 105.847499, 21.0350358 ], [ 105.8470504, 21.0355456 ], [ 105.847722399999981, 21.0362416 ], [ 105.8478139, 21.0366504 ], [ 105.8484865, 21.0367305 ], [ 105.8486822, 21.0372979 ] ] ] } },
{ "type": "Feature", "properties": { "threshold_s": 600, "time_label": "10 minutes" }, "geometry": { "type": "Polygon", "coordinates": [ [ [ 105.846963799999983, 21.0403303 ], [ 105.8474229, 21.0409834 ], [ 105.8485616, 21.0402888 ], [ 105.8492253, 21.0404711 ], [ 105.850192599999986, 21.0403144 ], [ 105.8512049, 21.039884 ], [ 105.8518113, 21.0387176 ], [ 105.852869699999985, 21.0375029 ], [ 105.85325779999998, 21.0370348 ], [ 105.8536025, 21.0366394 ], [ 105.8546701, 21.035414 ], [ 105.8547385, 21.0352913 ], [ 105.855330399999986, 21.0338854 ], [ 105.855146499999989, 21.0331672 ], [ 105.85453339999998, 21.0321628 ], [ 105.8534094, 21.0309598 ], [ 105.8532955, 21.0307928 ], [ 105.8530631, 21.0308046 ], [ 105.852205199999986, 21.0316229 ], [ 105.8512821, 21.0305065 ], [ 105.8513118, 21.0303982 ], [ 105.8513388, 21.0302937 ], [ 105.851363, 21.0301442 ], [ 105.8514055, 21.0298406 ], [ 105.851443499999988, 21.0296032 ], [ 105.8513685, 21.0295874 ], [ 105.8501894, 21.0298974 ], [ 105.85069, 21.0302351 ], [ 105.850858299999985, 21.0309982 ], [ 105.8491377, 21.0313156 ], [ 105.8486543, 21.0310594 ], [ 105.847570399999981, 21.0319001 ], [ 105.8467815, 21.03166 ], [ 105.846356699999987, 21.0327226 ], [ 105.8455033, 21.033579 ], [ 105.8447958, 21.0341848 ], [ 105.8449379, 21.0348636 ], [ 105.8445168, 21.0360386 ], [ 105.845441099999988, 21.0372928 ], [ 105.8454918, 21.0375308 ], [ 105.8460762, 21.03742 ], [ 105.8469021, 21.0388204 ], [ 105.8467549, 21.0397937 ], [ 105.846963799999983, 21.0403303 ] ] ] } },
{ "type": "Feature", "properties": { "threshold_s": 900, "time_label": "15 minutes" }, "geometry": { "type": "Polygon", "coordinates": [ [ [ 105.8435413, 21.0403753 ], [ 105.8441709, 21.0417888 ], [ 105.84534979999998, 21.0425227 ], [ 105.8471109, 21.04376 ], [ 105.8473342, 21.0439237 ], [ 105.847585, 21.0437306 ], [ 105.8485018, 21.0422883 ], [ 105.849774, 21.0421874 ], [ 105.8504592, 21.042231 ], [ 105.8508472, 21.0420962 ], [ 105.8509976, 21.0419528 ], [ 105.851309599999979, 21.0416553 ], [ 105.851486099999988, 21.0414847 ], [ 105.8515562, 21.0403207 ], [ 105.8529919, 21.0393603 ], [ 105.853645500000013, 21.0392653 ], [ 105.8549623, 21.0381838 ], [ 105.8549741, 21.0366506 ], [ 105.855188, 21.0355451 ], [ 105.8555072, 21.0339557 ], [ 105.8559243, 21.0326476 ], [ 105.85726, 21.0315916 ], [ 105.8567475, 21.030865 ], [ 105.8558733, 21.030355 ], [ 105.8545507, 21.0294831 ], [ 105.853833399999985, 21.0282312 ], [ 105.8536648, 21.0278918 ], [ 105.851837599999982, 21.0264846 ], [ 105.8516468, 21.0265288 ], [ 105.851391199999981, 21.0267232 ], [ 105.849976399999989, 21.0278076 ], [ 105.8477921, 21.0285735 ], [ 105.8464, 21.0291195 ], [ 105.844747, 21.0298017 ], [ 105.844388199999983, 21.0300458 ], [ 105.8438478, 21.0316678 ], [ 105.843290199999984, 21.0323602 ], [ 105.843543299999979, 21.0334064 ], [ 105.843611, 21.0337263 ], [ 105.8447622, 21.0357407 ], [ 105.8445168, 21.0360386 ], [ 105.8447313, 21.0372753 ], [ 105.8446578, 21.038614 ], [ 105.843940099999983, 21.0397282 ], [ 105.8435413, 21.0403753 ] ] ] } },
{ "type": "Feature", "properties": { "threshold_s": 300, "time_label": "5 minutes" }, "geometry": { "type": "Polygon", "coordinates": [ [ [ 105.85564119999998, 21.0198984 ], [ 105.8555751, 21.0199953 ], [ 105.8557577, 21.0199939 ], [ 105.856862799999988, 21.0197015 ], [ 105.8572955, 21.0206445 ], [ 105.857320900000019, 21.0212327 ], [ 105.8573464, 21.0213069 ], [ 105.857367, 21.0213668 ], [ 105.8580052, 21.021295 ], [ 105.8580952, 21.0212459 ], [ 105.8582515, 21.0207665 ], [ 105.8581807, 21.0207436 ], [ 105.85734309999998, 21.0206308 ], [ 105.8570916, 21.0196307 ], [ 105.858210499999984, 21.0192141 ], [ 105.8585959, 21.0192808 ], [ 105.858663899999982, 21.0193007 ], [ 105.859145499999983, 21.0197027 ], [ 105.8594432, 21.0197327 ], [ 105.860507, 21.0197892 ], [ 105.861278199999987, 21.0193513 ], [ 105.861282099999983, 21.0184309 ], [ 105.861213, 21.018231 ], [ 105.86046709999998, 21.0176462 ], [ 105.8597928, 21.017196 ], [ 105.859186300000019, 21.0173801 ], [ 105.8583891, 21.0169594 ], [ 105.8582974, 21.0168389 ], [ 105.8576241, 21.0164651 ], [ 105.8575819, 21.0164482 ], [ 105.857535299999981, 21.0164295 ], [ 105.8574382, 21.0164894 ], [ 105.8574104, 21.0165417 ], [ 105.857385799999989, 21.0165881 ], [ 105.857053, 21.0175309 ], [ 105.8569325, 21.0178124 ], [ 105.8565702, 21.0186307 ], [ 105.8565583, 21.0186744 ], [ 105.8567301, 21.0190733 ], [ 105.8568201, 21.0195479 ], [ 105.855728199999987, 21.0198948 ], [ 105.85564119999998, 21.0198984 ] ] ] } },
{ "type": "Feature", "properties": { "threshold_s": 600, "time_label": "10 minutes" }, "geometry": { "type": "Polygon", "coordinates": [ [ [ 105.8529487, 21.0201152 ], [ 105.8523593, 21.0209479 ], [ 105.8533331, 21.0213318 ], [ 105.8541332, 21.0222668 ], [ 105.854158, 21.0223331 ], [ 105.85421119999998, 21.0223921 ], [ 105.855198799999982, 21.0227635 ], [ 105.855429, 21.023449 ], [ 105.85545, 21.0235114 ], [ 105.855471199999982, 21.0235746 ], [ 105.8564789, 21.0232667 ], [ 105.856785299999984, 21.0239069 ], [ 105.8566791, 21.0244243 ], [ 105.856694899999979, 21.0244824 ], [ 105.857616399999984, 21.0246334 ], [ 105.8581945, 21.0238612 ], [ 105.859378800000016, 21.0233428 ], [ 105.859423099999987, 21.023355 ], [ 105.85963, 21.0233228 ], [ 105.8593598, 21.0228239 ], [ 105.8592112, 21.0227823 ], [ 105.858609, 21.0223103 ], [ 105.8580952, 21.0212459 ], [ 105.8582515, 21.0207665 ], [ 105.857780299999988, 21.0199268 ], [ 105.8587239, 21.0193182 ], [ 105.859145499999983, 21.0197027 ], [ 105.8594432, 21.0197327 ], [ 105.860440499999982, 21.020005 ], [ 105.860955899999979, 21.0205697 ], [ 105.8606911, 21.0219511 ], [ 105.8611505, 21.0222881 ], [ 105.8612172, 21.0223395 ], [ 105.8612844, 21.0221035 ], [ 105.8613706, 21.02144 ], [ 105.861608899999979, 21.0204464 ], [ 105.861942299999981, 21.0203228 ], [ 105.8616086, 21.0194495 ], [ 105.861611399999987, 21.0194298 ], [ 105.8625822, 21.0186632 ], [ 105.8630484, 21.0189058 ], [ 105.863354499999986, 21.0198656 ], [ 105.863899, 21.018973 ], [ 105.864285, 21.0183492 ], [ 105.86377, 21.017471 ], [ 105.8632869, 21.0169836 ], [ 105.8627141, 21.0166919 ], [ 105.862471699999986, 21.0156284 ], [ 105.862403, 21.0156144 ], [ 105.862306599999982, 21.0160831 ], [ 105.862405199999984, 21.0171982 ], [ 105.8627588, 21.017663 ], [ 105.86181689999998, 21.0183923 ], [ 105.8617692, 21.0183816 ], [ 105.861213, 21.018231 ], [ 105.86046709999998, 21.0176462 ], [ 105.8597928, 21.017196 ], [ 105.859186300000019, 21.0173801 ], [ 105.8583891, 21.0169594 ], [ 105.8582974, 21.0168389 ], [ 105.8576241, 21.0164651 ], [ 105.8575523, 21.0157342 ], [ 105.858601299999989, 21.0151958 ], [ 105.859588599999981, 21.0149919 ], [ 105.859653, 21.0150046 ], [ 105.859715, 21.0150169 ], [ 105.859768699999989, 21.0147563 ], [ 105.85977029999998, 21.0142356 ], [ 105.86053, 21.0135953 ], [ 105.8605861, 21.0135427 ], [ 105.86053339999998, 21.0133853 ], [ 105.85932170000001, 21.0133363 ], [ 105.859196199999985, 21.0133487 ], [ 105.8591736, 21.0133794 ], [ 105.859150299999982, 21.0134111 ], [ 105.8592409, 21.0135878 ], [ 105.859293399999984, 21.0138368 ], [ 105.858282, 21.0144856 ], [ 105.8580685, 21.0144038 ], [ 105.857696600000011, 21.0139491 ], [ 105.8576158, 21.0138334 ], [ 105.8575736, 21.0137846 ], [ 105.857142599999989, 21.0142912 ], [ 105.857129599999979, 21.0143314 ], [ 105.8562782, 21.015261 ], [ 105.855307499999981, 21.0154971 ], [ 105.8543746, 21.0152632 ], [ 105.854272899999984, 21.0153954 ], [ 105.8541707, 21.0160848 ], [ 105.853611, 21.0164855 ], [ 105.853088299999982, 21.0167912 ], [ 105.852588, 21.0177004 ], [ 105.852338, 21.0181716 ], [ 105.8523444, 21.0182069 ], [ 105.852603, 21.0194057 ], [ 105.8526233, 21.0194452 ], [ 105.852643300000011, 21.0194843 ], [ 105.8529487, 21.0201152 ] ] ] } },
{ "type": "Feature", "properties": { "threshold_s": 900, "time_label": "15 minutes" }, "geometry": { "type": "Polygon", "coordinates": [ [ [ 105.849802299999979, 21.0218708 ], [ 105.850819799999982, 21.023226 ], [ 105.850951599999988, 21.0233534 ], [ 105.851973, 21.0238082 ], [ 105.8528265, 21.0243665 ], [ 105.852877099999986, 21.0243963 ], [ 105.8543338, 21.0252013 ], [ 105.8544906, 21.0256015 ], [ 105.8555151, 21.0271648 ], [ 105.8559552, 21.0275369 ], [ 105.8560444, 21.0275669 ], [ 105.856290299999984, 21.0275853 ], [ 105.857624799999982, 21.0268082 ], [ 105.8585192, 21.0269183 ], [ 105.858615299999983, 21.0269486 ], [ 105.8588804, 21.0266206 ], [ 105.859866899999986, 21.0252573 ], [ 105.860050700000016, 21.0250498 ], [ 105.860767399999986, 21.0242371 ], [ 105.860788299999982, 21.0239664 ], [ 105.8624817, 21.0230351 ], [ 105.8631694, 21.0221277 ], [ 105.863379399999985, 21.0217687 ], [ 105.863676, 21.0208434 ], [ 105.863899, 21.018973 ], [ 105.864285, 21.0183492 ], [ 105.864448899999985, 21.0179396 ], [ 105.8651885, 21.0164253 ], [ 105.8654514, 21.0158369 ], [ 105.865231599999987, 21.0153725 ], [ 105.8644912, 21.0145725 ], [ 105.863692700000016, 21.0129662 ], [ 105.8627121, 21.0113188 ], [ 105.862405199999984, 21.010974 ], [ 105.8613528, 21.0111827 ], [ 105.8599968, 21.0106516 ], [ 105.8593422, 21.0107729 ], [ 105.857970300000019, 21.0109001 ], [ 105.8572462, 21.0110766 ], [ 105.8564442, 21.01151 ], [ 105.855737399999981, 21.011978 ], [ 105.855133, 21.0125651 ], [ 105.85365969999998, 21.0128439 ], [ 105.8530265, 21.0134566 ], [ 105.851597899999987, 21.0146829 ], [ 105.850940899999983, 21.0151728 ], [ 105.8503184, 21.0167752 ], [ 105.8497729, 21.0168889 ], [ 105.8497159, 21.0169168 ], [ 105.8489675, 21.0185297 ], [ 105.8490039, 21.0187354 ], [ 105.8490358, 21.0188499 ], [ 105.8497575, 21.0203783 ], [ 105.849802299999979, 21.0218708 ] ] ] } },
{ "type": "Feature", "properties": { "threshold_s": 300, "time_label": "5 minutes" }, "geometry": { "type": "Polygon", "coordinates": [ [ [ 105.8304592, 20.9652891 ], [ 105.8303584, 20.9657829 ], [ 105.830911, 20.9658736 ], [ 105.831228699999983, 20.9659211 ], [ 105.8313425, 20.9659381 ], [ 105.8320697, 20.9660579 ], [ 105.832372799999987, 20.9664387 ], [ 105.8322623, 20.966886 ], [ 105.8326329, 20.9673162 ], [ 105.8327086, 20.9672708 ], [ 105.833300400000013, 20.9669968 ], [ 105.8335361, 20.9675523 ], [ 105.833983299999986, 20.9677065 ], [ 105.8343722, 20.9674716 ], [ 105.834035, 20.9672119 ], [ 105.833531899999983, 20.9668565 ], [ 105.8338722, 20.9661759 ], [ 105.834656599999988, 20.9662151 ], [ 105.834818200000015, 20.9665538 ], [ 105.8348418, 20.9664858 ], [ 105.834626799999981, 20.9661285 ], [ 105.8343771, 20.9654029 ], [ 105.8347547, 20.9650122 ], [ 105.8346678, 20.9643166 ], [ 105.8348132, 20.9641688 ], [ 105.834995, 20.9640575 ], [ 105.8348128, 20.9638106 ], [ 105.8346618, 20.9637737 ], [ 105.8340988, 20.9641622 ], [ 105.8337836, 20.9641126 ], [ 105.83343, 20.964057 ], [ 105.8330653, 20.9635092 ], [ 105.833485399999986, 20.9630917 ], [ 105.833254499999981, 20.9625263 ], [ 105.8327983, 20.9629801 ], [ 105.832315099999988, 20.9633208 ], [ 105.8321277, 20.9640135 ], [ 105.8317395, 20.9640989 ], [ 105.8312906, 20.9637207 ], [ 105.8306153, 20.9642158 ], [ 105.83109, 20.964858 ], [ 105.8304592, 20.9652891 ] ] ] } },
{ "type": "Feature", "properties": { "threshold_s": 600, "time_label": "10 minutes" }, "geometry": { "type": "Polygon", "coordinates": [ [ [ 105.8285779, 20.9687573 ], [ 105.8286367, 20.9688742 ], [ 105.828844799999985, 20.9689847 ], [ 105.829654099999985, 20.9693446 ], [ 105.8296752, 20.9693475 ], [ 105.8298059, 20.9693559 ], [ 105.829807299999985, 20.9693117 ], [ 105.829809499999982, 20.969239 ], [ 105.829807699999989, 20.9689664 ], [ 105.829780299999982, 20.9688259 ], [ 105.829774199999989, 20.968805 ], [ 105.829761, 20.9687628 ], [ 105.8296869, 20.9681624 ], [ 105.830911, 20.9658736 ], [ 105.8322623, 20.966886 ], [ 105.8326329, 20.9673162 ], [ 105.8335361, 20.9675523 ], [ 105.8348775, 20.9685 ], [ 105.8362254, 20.96867 ], [ 105.8368835, 20.9682247 ], [ 105.837719, 20.9667292 ], [ 105.8383252, 20.9661033 ], [ 105.838508099999984, 20.9657653 ], [ 105.8378861, 20.9648676 ], [ 105.8375785, 20.964637 ], [ 105.8369085, 20.9643197 ], [ 105.8352492, 20.9635943 ], [ 105.835009, 20.9633439 ], [ 105.8335842, 20.9625842 ], [ 105.833254499999981, 20.9625263 ], [ 105.83288589999998, 20.9624632 ], [ 105.831552, 20.9622384 ], [ 105.8298303, 20.9624983 ], [ 105.8297471, 20.9629671 ], [ 105.8297112, 20.9631731 ], [ 105.8296589, 20.9634639 ], [ 105.8296344, 20.9636018 ], [ 105.8295817, 20.9638985 ], [ 105.8281091, 20.9649072 ], [ 105.827906499999983, 20.9648727 ], [ 105.8272015, 20.9650463 ], [ 105.827862599999989, 20.9651382 ], [ 105.829356899999979, 20.9653476 ], [ 105.8303584, 20.9657829 ], [ 105.8294013, 20.9681543 ], [ 105.8286471, 20.9686444 ], [ 105.8285779, 20.9687573 ] ] ] } },
{ "type": "Feature", "properties": { "threshold_s": 900, "time_label": "15 minutes" }, "geometry": { "type": "Polygon", "coordinates": [ [ [ 105.8258316, 20.9676465 ], [ 105.8256804, 20.9702856 ], [ 105.8260933, 20.9706172 ], [ 105.828173699999979, 20.9716992 ], [ 105.829463799999985, 20.9718283 ], [ 105.8309663, 20.9715473 ], [ 105.8320303, 20.9710242 ], [ 105.8323937, 20.9706948 ], [ 105.8348775, 20.9685 ], [ 105.8362254, 20.96867 ], [ 105.8371277, 20.9687507 ], [ 105.8376594, 20.9686491 ], [ 105.838700599999981, 20.9680912 ], [ 105.841529099999988, 20.9660018 ], [ 105.841853, 20.9655767 ], [ 105.841591199999982, 20.9654393 ], [ 105.8415246, 20.9654395 ], [ 105.8375785, 20.964637 ], [ 105.8369085, 20.9643197 ], [ 105.835009, 20.9633439 ], [ 105.8335842, 20.9625842 ], [ 105.833254499999981, 20.9625263 ], [ 105.83288589999998, 20.9624632 ], [ 105.831552, 20.9622384 ], [ 105.8282571, 20.9604839 ], [ 105.8261843, 20.9619107 ], [ 105.824610300000018, 20.9641243 ], [ 105.8237677, 20.9654094 ], [ 105.8258316, 20.9676465 ] ] ] } },
{ "type": "Feature", "properties": { "threshold_s": 300, "time_label": "5 minutes" }, "geometry": { "type": "Polygon", "coordinates": [ [ [ 105.835855699999982, 21.0299648 ], [ 105.8360607, 21.030251 ], [ 105.8361217, 21.0302878 ], [ 105.836895899999988, 21.0307214 ], [ 105.837214900000021, 21.0306628 ], [ 105.8372817, 21.0305998 ], [ 105.837226699999988, 21.0304679 ], [ 105.837126499999982, 21.030221 ], [ 105.8371247, 21.0289818 ], [ 105.8373598, 21.0285935 ], [ 105.8377967, 21.0277075 ], [ 105.8387694, 21.0282615 ], [ 105.8388741, 21.0285969 ], [ 105.839164299999979, 21.0281474 ], [ 105.8400157, 21.0279087 ], [ 105.840414599999988, 21.0277838 ], [ 105.8396339, 21.0275408 ], [ 105.838725699999983, 21.0271786 ], [ 105.838122399999989, 21.0271319 ], [ 105.837334399999989, 21.0270304 ], [ 105.8371254, 21.0276026 ], [ 105.8357768, 21.0272036 ], [ 105.8353298, 21.0270387 ], [ 105.8353754, 21.0273187 ], [ 105.8353978, 21.0273727 ], [ 105.8361111, 21.0279427 ], [ 105.835641899999985, 21.0290538 ], [ 105.8357086, 21.0297576 ], [ 105.835855699999982, 21.0299648 ] ] ] } },
{ "type": "Feature", "properties": { "threshold_s": 600, "time_label": "10 minutes" }, "geometry": { "type": "Polygon", "coordinates": [ [ [ 105.8337965, 21.0310027 ], [ 105.834016799999986, 21.0318961 ], [ 105.8341838, 21.0320229 ], [ 105.8343969, 21.0319864 ], [ 105.836163499999984, 21.0317323 ], [ 105.836330499999988, 21.0325008 ], [ 105.8363796, 21.0327681 ], [ 105.8364652, 21.0327522 ], [ 105.8372469, 21.032044 ], [ 105.8389131, 21.0325873 ], [ 105.840100199999981, 21.0315202 ], [ 105.840150199999982, 21.031188 ], [ 105.8415987, 21.0301523 ], [ 105.841961199999986, 21.0296303 ], [ 105.8428781, 21.0286564 ], [ 105.843719199999981, 21.0283444 ], [ 105.8437803, 21.0282346 ], [ 105.8437592, 21.0269191 ], [ 105.843657599999986, 21.0268018 ], [ 105.842656299999987, 21.0269092 ], [ 105.841869, 21.0258403 ], [ 105.841870799999981, 21.0257448 ], [ 105.841625, 21.0257921 ], [ 105.83985269999998, 21.0250743 ], [ 105.8398458, 21.0245839 ], [ 105.838334299999985, 21.0243195 ], [ 105.8370347, 21.0244799 ], [ 105.836902899999984, 21.0248952 ], [ 105.8367226, 21.0253702 ], [ 105.836446, 21.0257265 ], [ 105.835712499999985, 21.0262345 ], [ 105.83421460000001, 21.0259824 ], [ 105.8337287, 21.0259685 ], [ 105.833379799999989, 21.0259305 ], [ 105.833308499999987, 21.0259561 ], [ 105.8332711, 21.02597 ], [ 105.832898, 21.0269257 ], [ 105.832297899999986, 21.0285688 ], [ 105.832313899999988, 21.0286097 ], [ 105.833606499999988, 21.0295805 ], [ 105.8337965, 21.0310027 ] ] ] } },
{ "type": "Feature", "properties": { "threshold_s": 900, "time_label": "15 minutes" }, "geometry": { "type": "Polygon", "coordinates": [ [ [ 105.829855899999984, 21.032209 ], [ 105.829880799999984, 21.0322761 ], [ 105.8312662, 21.0330324 ], [ 105.8335203, 21.0343581 ], [ 105.8336401, 21.0344045 ], [ 105.8349878, 21.0350706 ], [ 105.836349, 21.036171 ], [ 105.83913, 21.0357401 ], [ 105.8393971, 21.0356975 ], [ 105.8398438, 21.035154 ], [ 105.8400509, 21.0348643 ], [ 105.8415775, 21.032684 ], [ 105.843077, 21.0314933 ], [ 105.844845300000017, 21.0303614 ], [ 105.846568, 21.0299584 ], [ 105.8464, 21.0291195 ], [ 105.845987099999988, 21.0275442 ], [ 105.846798, 21.0261018 ], [ 105.84686929999998, 21.0260006 ], [ 105.8468879, 21.0258696 ], [ 105.8459988, 21.0251187 ], [ 105.8451423, 21.0247326 ], [ 105.8441774, 21.0245728 ], [ 105.842550300000013, 21.0231766 ], [ 105.841931599999981, 21.0228043 ], [ 105.839714099999981, 21.0219226 ], [ 105.8392217, 21.0218726 ], [ 105.837145099999987, 21.0218308 ], [ 105.8362987, 21.021939 ], [ 105.8359082, 21.0223974 ], [ 105.8339494, 21.0236557 ], [ 105.832081499999987, 21.0229931 ], [ 105.8320407, 21.0230111 ], [ 105.831658, 21.0236495 ], [ 105.8310901, 21.026056 ], [ 105.830612599999981, 21.0261276 ], [ 105.830339, 21.0268506 ], [ 105.829268899999988, 21.0290531 ], [ 105.829374, 21.0292696 ], [ 105.8299505, 21.0318115 ], [ 105.829855899999984, 21.032209 ] ] ] } },
{ "type": "Feature", "properties": { "threshold_s": 300, "time_label": "5 minutes" }, "geometry": { "type": "Polygon", "coordinates": [ [ [ 105.8650532, 21.0472251 ], [ 105.8652356, 21.047777 ], [ 105.865604499999989, 21.0475113 ], [ 105.8662271, 21.0471297 ], [ 105.866084299999983, 21.046898 ], [ 105.866000899999989, 21.0467659 ], [ 105.866339, 21.0460667 ], [ 105.8669573, 21.046244 ], [ 105.8671576, 21.0464472 ], [ 105.867678899999987, 21.0462014 ], [ 105.8672707, 21.0459064 ], [ 105.8677273, 21.0452083 ], [ 105.868205799999984, 21.0451508 ], [ 105.8685005, 21.0450418 ], [ 105.868505, 21.0449939 ], [ 105.867983399999986, 21.0444352 ], [ 105.8676803, 21.0442898 ], [ 105.8670777, 21.0447657 ], [ 105.866648899999987, 21.044033 ], [ 105.86667629999998, 21.0439936 ], [ 105.866703699999988, 21.043592 ], [ 105.8659531, 21.0433348 ], [ 105.8656386, 21.0428899 ], [ 105.8652374, 21.0426872 ], [ 105.8647652, 21.0430675 ], [ 105.864878200000021, 21.0435416 ], [ 105.864749299999986, 21.0441029 ], [ 105.8646142, 21.0446187 ], [ 105.864801, 21.0452231 ], [ 105.864331899999982, 21.0454971 ], [ 105.8644483, 21.0456788 ], [ 105.8645108, 21.0465059 ], [ 105.8645034, 21.0467324 ], [ 105.8650532, 21.0472251 ] ] ] } },
{ "type": "Feature", "properties": { "threshold_s": 600, "time_label": "10 minutes" }, "geometry": { "type": "Polygon", "coordinates": [ [ [ 105.8638809, 21.0499289 ], [ 105.8643728, 21.050685 ], [ 105.864799199999979, 21.0507928 ], [ 105.8666752, 21.0502149 ], [ 105.86724150000002, 21.0487328 ], [ 105.869006899999988, 21.0474692 ], [ 105.8707974, 21.0465881 ], [ 105.8712043, 21.0467225 ], [ 105.8712879, 21.0467638 ], [ 105.871485199999981, 21.0466784 ], [ 105.8714565, 21.0464426 ], [ 105.8710851, 21.0449996 ], [ 105.870348, 21.0440169 ], [ 105.870132199999986, 21.0428644 ], [ 105.8692971, 21.0420771 ], [ 105.868347499999985, 21.04153 ], [ 105.867092899999989, 21.0409416 ], [ 105.8659996, 21.0398954 ], [ 105.865640299999981, 21.0397556 ], [ 105.8654182, 21.0398178 ], [ 105.864948, 21.0404482 ], [ 105.8648708, 21.0406929 ], [ 105.8645302, 21.0425052 ], [ 105.8645265, 21.0435582 ], [ 105.864331899999982, 21.0454971 ], [ 105.864039, 21.0466518 ], [ 105.864080500000014, 21.0484814 ], [ 105.863764799999984, 21.0488464 ], [ 105.863659199999987, 21.0495859 ], [ 105.8638809, 21.0499289 ] ] ] } },
{ "type": "Feature", "properties": { "threshold_s": 900, "time_label": "15 minutes" }, "geometry": { "type": "Polygon", "coordinates": [ [ [ 105.8627129, 21.051515 ], [ 105.8630382, 21.0528395 ], [ 105.8635696, 21.0533213 ], [ 105.864756199999988, 21.0537679 ], [ 105.8667897, 21.0530507 ], [ 105.868619899999985, 21.0515909 ], [ 105.8691434, 21.0511073 ], [ 105.8695713, 21.0498696 ], [ 105.87120059999998, 21.0481671 ], [ 105.873305799999983, 21.048989 ], [ 105.874291899999989, 21.0482776 ], [ 105.8743358, 21.0482198 ], [ 105.874136399999983, 21.0471385 ], [ 105.873774, 21.0461222 ], [ 105.8729175, 21.0433116 ], [ 105.871199799999985, 21.0407153 ], [ 105.86944459999998, 21.0404562 ], [ 105.867976, 21.0381594 ], [ 105.8669595, 21.0374125 ], [ 105.8658457, 21.0376784 ], [ 105.8654306, 21.0378592 ], [ 105.8647641, 21.0400865 ], [ 105.8645302, 21.0425052 ], [ 105.8645265, 21.0435582 ], [ 105.864039, 21.0466518 ], [ 105.863764799999984, 21.0488464 ], [ 105.8627129, 21.051515 ] ] ] } },
{ "type": "Feature", "properties": { "threshold_s": 300, "time_label": "5 minutes" }, "geometry": { "type": "Polygon", "coordinates": [ [ [ 105.7486757, 20.9651902 ], [ 105.7477379, 20.9657692 ], [ 105.7482, 20.9654952 ], [ 105.750036, 20.9654907 ], [ 105.75095589999998, 20.9651616 ], [ 105.75100639999998, 20.9647468 ], [ 105.7503392, 20.9641683 ], [ 105.750048, 20.9641618 ], [ 105.749859699999988, 20.9644386 ], [ 105.749174199999985, 20.9648634 ], [ 105.7486757, 20.9651902 ] ] ] } },
{ "type": "Feature", "properties": { "threshold_s": 600, "time_label": "10 minutes" }, "geometry": { "type": "Polygon", "coordinates": [ [ [ 105.744607799999983, 20.9655967 ], [ 105.744643399999987, 20.9668797 ], [ 105.7450018, 20.9669558 ], [ 105.7467339, 20.9664171 ], [ 105.7472609, 20.9660791 ], [ 105.7494405, 20.9675422 ], [ 105.750715899999989, 20.9685981 ], [ 105.7513547, 20.9687062 ], [ 105.753184, 20.9686619 ], [ 105.753532, 20.9680301 ], [ 105.7527844, 20.9671964 ], [ 105.7526736, 20.9672506 ], [ 105.750911499999987, 20.9668866 ], [ 105.75095589999998, 20.9651616 ], [ 105.75100639999998, 20.9647468 ], [ 105.7503392, 20.9641683 ], [ 105.7487643, 20.9623988 ], [ 105.748441899999989, 20.9612022 ], [ 105.7466423, 20.9616509 ], [ 105.745368, 20.9614335 ], [ 105.745085299999985, 20.9635829 ], [ 105.744775799999985, 20.9640754 ], [ 105.744607799999983, 20.9655967 ] ] ] } },
{ "type": "Feature", "properties": { "threshold_s": 900, "time_label": "15 minutes" }, "geometry": { "type": "Polygon", "coordinates": [ [ [ 105.742154899999989, 20.9637664 ], [ 105.7417236, 20.9660997 ], [ 105.7420232, 20.9663256 ], [ 105.7436893, 20.9670401 ], [ 105.7437871, 20.9670591 ], [ 105.7450018, 20.9669558 ], [ 105.7467339, 20.9664171 ], [ 105.7484561, 20.9682974 ], [ 105.7484235, 20.9689849 ], [ 105.7478318, 20.9703953 ], [ 105.751023, 20.970569 ], [ 105.753547199999986, 20.9709413 ], [ 105.7539442, 20.9709372 ], [ 105.7550499, 20.9706422 ], [ 105.755114099999986, 20.9705723 ], [ 105.7557276, 20.9693518 ], [ 105.7561596, 20.9671905 ], [ 105.7560196, 20.9669691 ], [ 105.7527844, 20.9671964 ], [ 105.751792399999985, 20.9660841 ], [ 105.75100639999998, 20.9647468 ], [ 105.7503392, 20.9641683 ], [ 105.7487643, 20.9623988 ], [ 105.748441899999989, 20.9612022 ], [ 105.74804349999998, 20.9593702 ], [ 105.7477185, 20.9588328 ], [ 105.7466148, 20.9597458 ], [ 105.7439488, 20.9606179 ], [ 105.7439022, 20.9612964 ], [ 105.742154899999989, 20.9637664 ] ] ] } },
{ "type": "Feature", "properties": { "threshold_s": 300, "time_label": "5 minutes" }, "geometry": { "type": "Polygon", "coordinates": [ [ [ 105.8570461, 20.9840042 ], [ 105.85711329999998, 20.9845932 ], [ 105.8571837, 20.9845958 ], [ 105.8572255, 20.9845953 ], [ 105.857262899999981, 20.984596 ], [ 105.8578974, 20.9852495 ], [ 105.858292299999988, 20.9856041 ], [ 105.858991099999983, 20.9859249 ], [ 105.859128299999981, 20.9861487 ], [ 105.8591767, 20.9861913 ], [ 105.859320199999985, 20.9861598 ], [ 105.8602426, 20.9863857 ], [ 105.8607765, 20.9864897 ], [ 105.8608033, 20.986447 ], [ 105.8608116, 20.9864213 ], [ 105.860932099999985, 20.986082 ], [ 105.8614886, 20.9853706 ], [ 105.8614724, 20.9853515 ], [ 105.861452799999981, 20.9853282 ], [ 105.861320399999983, 20.9850692 ], [ 105.862035099999986, 20.9845877 ], [ 105.8622696, 20.984249 ], [ 105.8623732, 20.9836006 ], [ 105.862376, 20.9835199 ], [ 105.862380299999984, 20.9833948 ], [ 105.862098799999984, 20.983104 ], [ 105.8619265, 20.982927 ], [ 105.8612001, 20.9825743 ], [ 105.8614045, 20.9829137 ], [ 105.8610232, 20.9834984 ], [ 105.8604042, 20.9833083 ], [ 105.859536399999982, 20.983438 ], [ 105.8588325, 20.9829234 ], [ 105.8580399, 20.9824479 ], [ 105.858040399999979, 20.9823738 ], [ 105.8578477, 20.9825721 ], [ 105.857849, 20.982922299999988 ], [ 105.8576719, 20.9834238 ], [ 105.8572402, 20.9836503 ], [ 105.856734299999985, 20.983736 ], [ 105.8570461, 20.9840042 ] ] ] } },
{ "type": "Feature", "properties": { "threshold_s": 600, "time_label": "10 minutes" }, "geometry": { "type": "Polygon", "coordinates": [ [ [ 105.8549417, 20.9862493 ], [ 105.854985199999987, 20.9864315 ], [ 105.8561376, 20.9871424 ], [ 105.856155199999989, 20.98722 ], [ 105.8561913, 20.9873843 ], [ 105.8562035, 20.98744 ], [ 105.857071599999983, 20.9876142 ], [ 105.858124, 20.987944 ], [ 105.858671799999982, 20.9884221 ], [ 105.8594314, 20.9885399 ], [ 105.8595328, 20.9885473 ], [ 105.8602613, 20.988523 ], [ 105.861543, 20.987989599999988 ], [ 105.862349399999985, 20.9878489 ], [ 105.8627434, 20.9867594 ], [ 105.8636216, 20.9859249 ], [ 105.8638984, 20.9859436 ], [ 105.864232800000011, 20.9858648 ], [ 105.864904, 20.985281 ], [ 105.86483459999998, 20.9850242 ], [ 105.865078399999987, 20.9839652 ], [ 105.865788399999985, 20.983865 ], [ 105.8658439, 20.9838654 ], [ 105.8659106, 20.983866 ], [ 105.8658467, 20.9836278 ], [ 105.8650798, 20.9837804 ], [ 105.8643564, 20.9837778 ], [ 105.863967699999989, 20.9826113 ], [ 105.864112399999982, 20.982168 ], [ 105.8641797, 20.9819346 ], [ 105.863608199999987, 20.9813165 ], [ 105.8624041, 20.9807944 ], [ 105.862405199999984, 20.9810855 ], [ 105.8614134, 20.9819467 ], [ 105.8605733, 20.9814495 ], [ 105.8602908, 20.9810291 ], [ 105.8594021, 20.9802351 ], [ 105.8593452, 20.9801776 ], [ 105.8589713, 20.9805491 ], [ 105.8589313, 20.980695 ], [ 105.8580494, 20.9816413 ], [ 105.8580461, 20.9820823 ], [ 105.8578477, 20.9825721 ], [ 105.856561099999979, 20.9825468 ], [ 105.8562787, 20.9814151 ], [ 105.856584, 20.9810101 ], [ 105.8568987, 20.9808244 ], [ 105.8559315, 20.9800848 ], [ 105.8559702, 20.9812481 ], [ 105.8559853, 20.9824474 ], [ 105.8554258, 20.9825281 ], [ 105.8552372, 20.9827486 ], [ 105.8540631, 20.9834128 ], [ 105.8535796, 20.9834032 ], [ 105.853210499999989, 20.983708 ], [ 105.8535908, 20.9837061 ], [ 105.85383, 20.9837396 ], [ 105.8548631, 20.9843833 ], [ 105.855853, 20.9848247 ], [ 105.8558545, 20.9857998 ], [ 105.8549417, 20.9862493 ] ] ] } },
{ "type": "Feature", "properties": { "threshold_s": 900, "time_label": "15 minutes" }, "geometry": { "type": "Polygon", "coordinates": [ [ [ 105.853005499999981, 20.9879359 ], [ 105.8542957, 20.9898221 ], [ 105.856342799999979, 20.9901084 ], [ 105.857900199999989, 20.9910632 ], [ 105.8599128, 20.9908191 ], [ 105.8612682, 20.9910017 ], [ 105.8616797, 20.9909563 ], [ 105.8626514, 20.9906969 ], [ 105.8641182, 20.9895416 ], [ 105.86514339999998, 20.9881629 ], [ 105.866195299999987, 20.987702 ], [ 105.866672199999982, 20.9872293 ], [ 105.867011099999985, 20.9868239 ], [ 105.8676224, 20.9852329 ], [ 105.868835899999979, 20.9842871 ], [ 105.8690911, 20.9840044 ], [ 105.869128299999986, 20.983936 ], [ 105.869090699999987, 20.9837952 ], [ 105.868608, 20.9831004 ], [ 105.8672939, 20.9817685 ], [ 105.8661159, 20.9809183 ], [ 105.8652185, 20.9793666 ], [ 105.8646626, 20.9782424 ], [ 105.864496699999989, 20.9782112 ], [ 105.8631854, 20.9796136 ], [ 105.861420699999982, 20.9788464 ], [ 105.860563699999986, 20.978047 ], [ 105.858581299999983, 20.9778198 ], [ 105.8563604, 20.9775996 ], [ 105.8555256, 20.9770286 ], [ 105.8550819, 20.9770121 ], [ 105.853738, 20.9781768 ], [ 105.8537406, 20.9783711 ], [ 105.8540775, 20.9798196 ], [ 105.853314800000021, 20.9812059 ], [ 105.8517257, 20.9819763 ], [ 105.85065419999998, 20.9829381 ], [ 105.850119399999983, 20.9835049 ], [ 105.849968, 20.9838387 ], [ 105.850868799999986, 20.9849027 ], [ 105.8518496, 20.98704 ], [ 105.853005499999981, 20.9879359 ] ] ] } },
{ "type": "Feature", "properties": { "threshold_s": 300, "time_label": "5 minutes" }, "geometry": { "type": "Polygon", "coordinates": [ [ [ 105.829765499999979, 21.0343451 ], [ 105.8294562, 21.034578 ], [ 105.8297007, 21.0348149 ], [ 105.8297205, 21.0348118 ], [ 105.8300561, 21.0346917 ], [ 105.8304089, 21.0349121 ], [ 105.8309068, 21.0348196 ], [ 105.831043799999989, 21.0349191 ], [ 105.831241, 21.0354281 ], [ 105.8313711, 21.0355213 ], [ 105.8316458, 21.0352219 ], [ 105.8316491, 21.035014 ], [ 105.8318598, 21.0344944 ], [ 105.8319907, 21.0343732 ], [ 105.8324979, 21.0343298 ], [ 105.83272119999998, 21.034424 ], [ 105.832712199999989, 21.0343115 ], [ 105.832464, 21.0339667 ], [ 105.832389099999986, 21.0334737 ], [ 105.8326176, 21.0330118 ], [ 105.832611899999989, 21.0329665 ], [ 105.8322758, 21.0329827 ], [ 105.8321513, 21.0329887 ], [ 105.8317046, 21.0330103 ], [ 105.831555699999981, 21.0325215 ], [ 105.831213199999979, 21.0325084 ], [ 105.8309837, 21.0322455 ], [ 105.830927099999982, 21.0319724 ], [ 105.8309154, 21.0319123 ], [ 105.830542, 21.0322381 ], [ 105.830522599999981, 21.0322822 ], [ 105.8309848, 21.0325477 ], [ 105.830575499999981, 21.0328925 ], [ 105.830069, 21.0327886 ], [ 105.8300461, 21.0328455 ], [ 105.8300104, 21.0329459 ], [ 105.829796799999983, 21.0333843 ], [ 105.8300884, 21.0335947 ], [ 105.829823599999983, 21.0340537 ], [ 105.829765499999979, 21.0343451 ] ] ] } },
{ "type": "Feature", "properties": { "threshold_s": 600, "time_label": "10 minutes" }, "geometry": { "type": "Polygon", "coordinates": [ [ [ 105.8260704, 21.0348322 ], [ 105.825970199999986, 21.0348391 ], [ 105.8260783, 21.0349322 ], [ 105.826502799999986, 21.0352553 ], [ 105.8273127, 21.0355162 ], [ 105.8280025, 21.0355165 ], [ 105.827946699999984, 21.0364245 ], [ 105.8286221, 21.0366215 ], [ 105.828963499999986, 21.0371988 ], [ 105.829102, 21.036995 ], [ 105.8301482, 21.0371625 ], [ 105.829989699999985, 21.0377558 ], [ 105.830460299999984, 21.037763 ], [ 105.831039499999989, 21.038323 ], [ 105.831264, 21.0383168 ], [ 105.8318055, 21.0379198 ], [ 105.8311535, 21.0374063 ], [ 105.8310657, 21.0368584 ], [ 105.8311425, 21.0363681 ], [ 105.8312389, 21.0359684 ], [ 105.8313316, 21.0356528 ], [ 105.8320364, 21.0350815 ], [ 105.832216, 21.0350183 ], [ 105.832488699999985, 21.0349556 ], [ 105.833292899999989, 21.0354962 ], [ 105.8332694, 21.0359497 ], [ 105.833257599999982, 21.0360123 ], [ 105.8341038, 21.0366686 ], [ 105.834192699999988, 21.0365229 ], [ 105.8339457, 21.0359012 ], [ 105.834354099999985, 21.035295 ], [ 105.834852899999987, 21.0352006 ], [ 105.8349878, 21.0350706 ], [ 105.8347566, 21.0347423 ], [ 105.8355755, 21.0340084 ], [ 105.8356544, 21.0339927 ], [ 105.835731699999982, 21.0339774 ], [ 105.836089199999989, 21.0336866 ], [ 105.8360777, 21.0336304 ], [ 105.835723, 21.0337553 ], [ 105.8356465, 21.0337696 ], [ 105.835460499999982, 21.0338045 ], [ 105.835414799999981, 21.0338131 ], [ 105.8346216, 21.0333957 ], [ 105.8346485, 21.0329755 ], [ 105.8346596, 21.0326555 ], [ 105.8343969, 21.0319864 ], [ 105.834380199999984, 21.0318997 ], [ 105.834254299999984, 21.0310255 ], [ 105.8342385, 21.0308556 ], [ 105.8342368, 21.0308405 ], [ 105.8341683, 21.0308059 ], [ 105.8340847, 21.0307662 ], [ 105.834002199999986, 21.0307876 ], [ 105.8337965, 21.0310027 ], [ 105.8327447, 21.0312038 ], [ 105.8326837, 21.0312263 ], [ 105.8326319, 21.031242 ], [ 105.8318066, 21.0305149 ], [ 105.832264099999989, 21.0300264 ], [ 105.8322127, 21.0300407 ], [ 105.8321326, 21.0300643 ], [ 105.8316989, 21.0301768 ], [ 105.8312358, 21.030310299999989 ], [ 105.831112399999981, 21.0304294 ], [ 105.830564599999988, 21.0309725 ], [ 105.829711, 21.0306636 ], [ 105.829529, 21.0300887 ], [ 105.829366899999982, 21.0302765 ], [ 105.828348399999982, 21.0302487 ], [ 105.8283137, 21.03029 ], [ 105.8281098, 21.0310817 ], [ 105.827968699999985, 21.0314774 ], [ 105.827039099999979, 21.0319343 ], [ 105.82696, 21.0319289 ], [ 105.8268845, 21.0319237 ], [ 105.826817399999982, 21.0319396 ], [ 105.826801, 21.0320091 ], [ 105.826775199999986, 21.0321181 ], [ 105.8267638, 21.0321683 ], [ 105.8270382, 21.0324676 ], [ 105.8271154, 21.0330225 ], [ 105.826417400000011, 21.0334402 ], [ 105.8261806, 21.0334514 ], [ 105.8264108, 21.0337076 ], [ 105.8267372, 21.0341494 ], [ 105.8260704, 21.0348322 ] ] ] } },
{ "type": "Feature", "properties": { "threshold_s": 900, "time_label": "15 minutes" }, "geometry": { "type": "Polygon", "coordinates": [ [ [ 105.8233495, 21.0337659 ], [ 105.8225954, 21.0351148 ], [ 105.8234077, 21.0357542 ], [ 105.8244669, 21.0356666 ], [ 105.8255983, 21.0373862 ], [ 105.826829599999982, 21.0382727 ], [ 105.8279734, 21.0395642 ], [ 105.829767799999985, 21.0402847 ], [ 105.8307266, 21.0410572 ], [ 105.8307952, 21.0411055 ], [ 105.832214099999987, 21.040493 ], [ 105.8329062, 21.038765 ], [ 105.8341844, 21.0391192 ], [ 105.8353607, 21.0391513 ], [ 105.8355889, 21.0387032 ], [ 105.835475299999985, 21.0381626 ], [ 105.8366719, 21.0366952 ], [ 105.83723, 21.0348339 ], [ 105.837820500000021, 21.0342942 ], [ 105.8391138, 21.0336627 ], [ 105.839239099999986, 21.0334051 ], [ 105.8391606, 21.0326673 ], [ 105.8388539, 21.0312052 ], [ 105.83883849999998, 21.0311326 ], [ 105.8388218, 21.0310548 ], [ 105.8387849, 21.0310487 ], [ 105.8370177, 21.0300407 ], [ 105.8367965, 21.029662 ], [ 105.8366558, 21.0294558 ], [ 105.8359105, 21.0290629 ], [ 105.8348712, 21.0288185 ], [ 105.833689599999985, 21.0280189 ], [ 105.8335052, 21.0279341 ], [ 105.832241399999987, 21.0273755 ], [ 105.8305672, 21.0275797 ], [ 105.828826, 21.0286905 ], [ 105.8282035, 21.0279491 ], [ 105.8276941, 21.0275469 ], [ 105.8276136, 21.0275582 ], [ 105.827029699999983, 21.0277198 ], [ 105.825941499999985, 21.0284163 ], [ 105.82589609999998, 21.0284767 ], [ 105.825643299999982, 21.0292298 ], [ 105.8246677, 21.0306203 ], [ 105.82383609999998, 21.0310632 ], [ 105.8234225, 21.0314398 ], [ 105.8237199, 21.0322626 ], [ 105.8233495, 21.0337659 ] ] ] } },
{ "type": "Feature", "properties": { "threshold_s": 300, "time_label": "5 minutes" }, "geometry": { "type": "Polygon", "coordinates": [ [ [ 105.8694711, 21.0440557 ], [ 105.869679799999986, 21.0443806 ], [ 105.870348, 21.0440169 ], [ 105.8708875, 21.043917 ], [ 105.87114769999998, 21.0439559 ], [ 105.8722302, 21.0440323 ], [ 105.8723652, 21.0438465 ], [ 105.87206639999998, 21.0437788 ], [ 105.8717328, 21.0435217 ], [ 105.8715437, 21.0431633 ], [ 105.8720472, 21.0427495 ], [ 105.8720792, 21.0420892 ], [ 105.872135199999988, 21.0419144 ], [ 105.8712825, 21.0417 ], [ 105.8711461, 21.0418212 ], [ 105.8704157, 21.041939 ], [ 105.870415499999979, 21.0412288 ], [ 105.871082699999988, 21.0409661 ], [ 105.871759399999988, 21.0410778 ], [ 105.871485, 21.0403457 ], [ 105.871199799999985, 21.0407153 ], [ 105.8706226, 21.0403274 ], [ 105.8704893, 21.0401475 ], [ 105.87041379999998, 21.0398453 ], [ 105.870299, 21.0400406 ], [ 105.870061300000017, 21.0405415 ], [ 105.86944459999998, 21.0404562 ], [ 105.869160399999984, 21.0400073 ], [ 105.869616099999988, 21.0395199 ], [ 105.8696369, 21.0394214 ], [ 105.8695105, 21.0393689 ], [ 105.86926459999998, 21.0393262 ], [ 105.8690542, 21.0394255 ], [ 105.8689482, 21.0399509 ], [ 105.8683235, 21.0402564 ], [ 105.8681174, 21.0401416 ], [ 105.867414899999986, 21.0403182 ], [ 105.8682689, 21.0406392 ], [ 105.8681731, 21.0411659 ], [ 105.8675428, 21.0412348 ], [ 105.867976699999986, 21.0418037 ], [ 105.868672599999982, 21.0418513 ], [ 105.8687562, 21.0423358 ], [ 105.8687295, 21.0428659 ], [ 105.8687903, 21.0432824 ], [ 105.8690777, 21.0436033 ], [ 105.8694711, 21.0440557 ] ] ] } },
{ "type": "Feature", "properties": { "threshold_s": 600, "time_label": "10 minutes" }, "geometry": { "type": "Polygon", "coordinates": [ [ [ 105.8665209, 21.0441896 ], [ 105.8670792, 21.0448704 ], [ 105.8680741, 21.0457569 ], [ 105.8699834, 21.0462607 ], [ 105.8707974, 21.0465881 ], [ 105.8714058, 21.046822 ], [ 105.87152949999998, 21.0468468 ], [ 105.8717234, 21.0468053 ], [ 105.872633, 21.0461429 ], [ 105.874001399999983, 21.0457099 ], [ 105.8751258, 21.0453941 ], [ 105.8751927, 21.0453025 ], [ 105.8752249, 21.0452443 ], [ 105.8748391, 21.0445526 ], [ 105.874251699999988, 21.0425596 ], [ 105.874319499999984, 21.0408523 ], [ 105.8741954, 21.0401206 ], [ 105.8738901, 21.0389741 ], [ 105.873879599999981, 21.0375119 ], [ 105.873392, 21.0375943 ], [ 105.871141100000017, 21.0366432 ], [ 105.8704177, 21.0367973 ], [ 105.869901199999987, 21.0369349 ], [ 105.8687567, 21.0378597 ], [ 105.8673477, 21.0381365 ], [ 105.8663986, 21.038415499999989 ], [ 105.865954799999983, 21.0386317 ], [ 105.8650807, 21.03926 ], [ 105.8648018, 21.0399732 ], [ 105.8647641, 21.0400865 ], [ 105.8648708, 21.0406929 ], [ 105.8650849, 21.0413692 ], [ 105.8655731, 21.0424103 ], [ 105.8665209, 21.0441896 ] ] ] } },
{ "type": "Feature", "properties": { "threshold_s": 900, "time_label": "15 minutes" }, "geometry": { "type": "Polygon", "coordinates": [ [ [ 105.864331899999982, 21.0454971 ], [ 105.8645589, 21.0463279 ], [ 105.8651137, 21.0468698 ], [ 105.865305, 21.0468306 ], [ 105.8671576, 21.0464472 ], [ 105.8687981, 21.0473868 ], [ 105.869353799999985, 21.0480294 ], [ 105.869591, 21.0480851 ], [ 105.870725099999987, 21.0482458 ], [ 105.87120059999998, 21.0481671 ], [ 105.8733022, 21.0479828 ], [ 105.874140699999984, 21.0484767 ], [ 105.874543299999985, 21.0483438 ], [ 105.8759093, 21.0474164 ], [ 105.877015899999989, 21.0473992 ], [ 105.877284099999983, 21.0472766 ], [ 105.877335499999987, 21.0472531 ], [ 105.877351399999981, 21.0472458 ], [ 105.8782551, 21.0468055 ], [ 105.8781275, 21.0465152 ], [ 105.877442599999981, 21.0446776 ], [ 105.8769477, 21.0433359 ], [ 105.8768494, 21.0414246 ], [ 105.8772642, 21.0409568 ], [ 105.8770732, 21.0396692 ], [ 105.8770027, 21.0396028 ], [ 105.8769345, 21.0395385 ], [ 105.8762219, 21.0374923 ], [ 105.8761415, 21.0360489 ], [ 105.8751846, 21.035424 ], [ 105.873858699999985, 21.0346581 ], [ 105.8728378, 21.0353082 ], [ 105.8710896, 21.0349842 ], [ 105.8705902, 21.0345092 ], [ 105.8700014, 21.0344509 ], [ 105.8682662, 21.0353155 ], [ 105.867281899999981, 21.0355422 ], [ 105.8659232, 21.035832 ], [ 105.8654306, 21.0378592 ], [ 105.865169, 21.0387393 ], [ 105.8647641, 21.0400865 ], [ 105.8648046, 21.0413612 ], [ 105.8645302, 21.0425052 ], [ 105.8645265, 21.0435582 ], [ 105.864331899999982, 21.0454971 ] ] ] } },
{ "type": "Feature", "properties": { "threshold_s": 300, "time_label": "5 minutes" }, "geometry": { "type": "Polygon", "coordinates": [ [ [ 105.83803709999998, 21.0427631 ], [ 105.837753599999985, 21.042756 ], [ 105.8380412, 21.0431362 ], [ 105.838565299999985, 21.0434189 ], [ 105.8392295, 21.0428031 ], [ 105.8395571, 21.0428143 ], [ 105.8401771, 21.0433484 ], [ 105.841070099999982, 21.0431883 ], [ 105.8415842, 21.0436763 ], [ 105.84161779999998, 21.0441715 ], [ 105.84207259999998, 21.0435298 ], [ 105.842360299999982, 21.0426876 ], [ 105.8425574, 21.0423547 ], [ 105.8423415, 21.0421532 ], [ 105.8421537, 21.0420793 ], [ 105.8416924, 21.0417063 ], [ 105.841531499999988, 21.0411506 ], [ 105.8420995, 21.0407793 ], [ 105.8420285, 21.0406404 ], [ 105.8419136, 21.0405295 ], [ 105.8412394, 21.0407 ], [ 105.8408287, 21.0404169 ], [ 105.8400381, 21.0399725 ], [ 105.8400153, 21.0398062 ], [ 105.839972099999983, 21.0394551 ], [ 105.8398573, 21.039407 ], [ 105.8397986, 21.0400063 ], [ 105.839342, 21.0403317 ], [ 105.8392184, 21.0411302 ], [ 105.838583200000016, 21.0412425 ], [ 105.8380027, 21.0413454 ], [ 105.838481699999988, 21.0421178 ], [ 105.83803709999998, 21.0427631 ] ] ] } },
{ "type": "Feature", "properties": { "threshold_s": 600, "time_label": "10 minutes" }, "geometry": { "type": "Polygon", "coordinates": [ [ [ 105.8348538, 21.0433037 ], [ 105.834941, 21.0433918 ], [ 105.836486599999986, 21.0445293 ], [ 105.838151899999986, 21.0445213 ], [ 105.8401835, 21.0453072 ], [ 105.840042, 21.0459447 ], [ 105.8408523, 21.0465531 ], [ 105.841362299999986, 21.0466779 ], [ 105.842786799999985, 21.04652 ], [ 105.843328099999979, 21.0455598 ], [ 105.844170799999986, 21.0439467 ], [ 105.8445913, 21.0437602 ], [ 105.844865400000018, 21.043336 ], [ 105.84534979999998, 21.0425227 ], [ 105.845396399999984, 21.0422742 ], [ 105.8453898, 21.0422435 ], [ 105.8452048, 21.0414357 ], [ 105.8454121, 21.0400507 ], [ 105.8446558, 21.0396663 ], [ 105.844162699999984, 21.0396866 ], [ 105.843940099999983, 21.0397282 ], [ 105.8430828, 21.0397581 ], [ 105.841783599999985, 21.0383976 ], [ 105.8416945, 21.0384135 ], [ 105.8416329, 21.0384244 ], [ 105.8397649, 21.0383106 ], [ 105.8399559, 21.0365101 ], [ 105.839454299999986, 21.0360825 ], [ 105.8393051, 21.0360992 ], [ 105.8392257, 21.0361103 ], [ 105.8387814, 21.0366327 ], [ 105.8388899, 21.0367283 ], [ 105.8392334, 21.0385243 ], [ 105.8371753, 21.0387617 ], [ 105.837091799999982, 21.0387142 ], [ 105.8369866, 21.0387315 ], [ 105.8368937, 21.0387466 ], [ 105.836861, 21.0388114 ], [ 105.8368755, 21.038894 ], [ 105.8368939, 21.0389897 ], [ 105.837212199999982, 21.0389389 ], [ 105.839342, 21.0403317 ], [ 105.8380027, 21.0413454 ], [ 105.837123, 21.0415007 ], [ 105.836967, 21.0415282 ], [ 105.836335, 21.0414943 ], [ 105.8361824, 21.0415247 ], [ 105.8360333, 21.0415545 ], [ 105.835097299999987, 21.0418506 ], [ 105.834472, 21.0429005 ], [ 105.8348538, 21.0433037 ] ] ] } },
{ "type": "Feature", "properties": { "threshold_s": 900, "time_label": "15 minutes" }, "geometry": { "type": "Polygon", "coordinates": [ [ [ 105.8317624, 21.0424295 ], [ 105.832261, 21.0438521 ], [ 105.833681399999989, 21.04399 ], [ 105.836274299999985, 21.046046 ], [ 105.8363826, 21.0465575 ], [ 105.836427, 21.0467043 ], [ 105.836497, 21.0468657 ], [ 105.836881, 21.0472685 ], [ 105.8369553, 21.047332 ], [ 105.8395608, 21.0490805 ], [ 105.840238, 21.0491742 ], [ 105.8419086, 21.0490688 ], [ 105.842325, 21.0486155 ], [ 105.843989099999988, 21.0466708 ], [ 105.8452288, 21.0455944 ], [ 105.8473342, 21.0439237 ], [ 105.847585, 21.0437306 ], [ 105.8482371, 21.042392 ], [ 105.8485616, 21.0402888 ], [ 105.8481044, 21.0392503 ], [ 105.848061099999981, 21.0392129 ], [ 105.8454918, 21.0375308 ], [ 105.8449161, 21.0381866 ], [ 105.841783599999985, 21.0383976 ], [ 105.841082300000011, 21.0364245 ], [ 105.840883800000015, 21.0355341 ], [ 105.8408723, 21.0350461 ], [ 105.8396682, 21.0334825 ], [ 105.8389488, 21.0328868 ], [ 105.838861599999987, 21.0329771 ], [ 105.838526, 21.0333247 ], [ 105.8363518, 21.0356501 ], [ 105.834859899999984, 21.0376545 ], [ 105.8347667, 21.0382983 ], [ 105.83479530000001, 21.0384583 ], [ 105.8350741, 21.038639 ], [ 105.835672, 21.0390986 ], [ 105.835097299999987, 21.0418506 ], [ 105.8337549, 21.0418186 ], [ 105.83183360000001, 21.0423702 ], [ 105.8317624, 21.0424295 ] ] ] } },
{ "type": "Feature", "properties": { "threshold_s": 300, "time_label": "5 minutes" }, "geometry": { "type": "Polygon", "coordinates": [ [ [ 105.8491139, 21.039653 ], [ 105.8494708, 21.0400656 ], [ 105.8496643, 21.0401812 ], [ 105.8501712, 21.0398025 ], [ 105.8509799, 21.0396982 ], [ 105.8512049, 21.039884 ], [ 105.851149600000014, 21.0394834 ], [ 105.8515241, 21.0390352 ], [ 105.8518113, 21.0387176 ], [ 105.8517883, 21.0382078 ], [ 105.851603, 21.0377872 ], [ 105.852105, 21.0373143 ], [ 105.850764, 21.0370967 ], [ 105.851645099999985, 21.0365456 ], [ 105.850948099999982, 21.0356251 ], [ 105.8508355, 21.0363358 ], [ 105.8507168, 21.037089 ], [ 105.849978399999983, 21.0369695 ], [ 105.8494544, 21.0368842 ], [ 105.8491471, 21.0375518 ], [ 105.8486822, 21.0372979 ], [ 105.8485225, 21.0377457 ], [ 105.8486487, 21.0382787 ], [ 105.849096399999979, 21.0384987 ], [ 105.848958, 21.0391337 ], [ 105.8491139, 21.039653 ] ] ] } },
{ "type": "Feature", "properties": { "threshold_s": 600, "time_label": "10 minutes" }, "geometry": { "type": "Polygon", "coordinates": [ [ [ 105.847279499999985, 21.0415931 ], [ 105.847765, 21.0421582 ], [ 105.8482371, 21.042392 ], [ 105.8485018, 21.0422883 ], [ 105.849774, 21.0421874 ], [ 105.8504592, 21.042231 ], [ 105.8508472, 21.0420962 ], [ 105.8509976, 21.0419528 ], [ 105.851309599999979, 21.0416553 ], [ 105.851486099999988, 21.0414847 ], [ 105.8514611, 21.0414625 ], [ 105.8513229, 21.04134 ], [ 105.851295199999981, 21.0401637 ], [ 105.8513909, 21.04004 ], [ 105.851625699999985, 21.0397629 ], [ 105.851722099999989, 21.0396402 ], [ 105.8529919, 21.0393603 ], [ 105.8532212, 21.0390552 ], [ 105.852338599999982, 21.0385754 ], [ 105.853116, 21.0377241 ], [ 105.853239, 21.0375854 ], [ 105.8536025, 21.0366394 ], [ 105.8542072, 21.0356567 ], [ 105.8546701, 21.035414 ], [ 105.8547385, 21.0352913 ], [ 105.85467389999998, 21.0351869 ], [ 105.854353299999985, 21.0348592 ], [ 105.854078, 21.0348603 ], [ 105.853446, 21.0348609 ], [ 105.852698, 21.0338771 ], [ 105.8518961, 21.0330795 ], [ 105.8519773, 21.0335014 ], [ 105.85204490000001, 21.0339261 ], [ 105.851059399999983, 21.0344711 ], [ 105.8506755, 21.0340786 ], [ 105.8499357, 21.033994 ], [ 105.8498734, 21.0339878 ], [ 105.850374599999981, 21.0346123 ], [ 105.849394799999985, 21.0353124 ], [ 105.8482524, 21.0353972 ], [ 105.848156599999982, 21.0348966 ], [ 105.848043799999985, 21.0342979 ], [ 105.847499, 21.0350358 ], [ 105.8470504, 21.0355456 ], [ 105.846553, 21.036621 ], [ 105.846130299999984, 21.0366717 ], [ 105.847111399999989, 21.0375183 ], [ 105.8471313, 21.0386835 ], [ 105.8469021, 21.0388204 ], [ 105.8467549, 21.0397937 ], [ 105.8466159, 21.040351 ], [ 105.846636, 21.0406583 ], [ 105.847279499999985, 21.0415931 ] ] ] } },
{ "type": "Feature", "properties": { "threshold_s": 900, "time_label": "15 minutes" }, "geometry": { "type": "Polygon", "coordinates": [ [ [ 105.8442339, 21.0428116 ], [ 105.8450972, 21.0446007 ], [ 105.845761599999989, 21.0452134 ], [ 105.84768769999998, 21.0444257 ], [ 105.8481783, 21.0444355 ], [ 105.848681099999979, 21.0444808 ], [ 105.8500031, 21.0446582 ], [ 105.8518257, 21.0441565 ], [ 105.85311609999998, 21.0426311 ], [ 105.8534461, 21.0407254 ], [ 105.853595, 21.0405245 ], [ 105.85372, 21.0403223 ], [ 105.8538095, 21.0401689 ], [ 105.8545469, 21.0392273 ], [ 105.8552544, 21.038343 ], [ 105.8559408, 21.0375631 ], [ 105.8559014, 21.0372533 ], [ 105.8553901, 21.0357608 ], [ 105.8555072, 21.0339557 ], [ 105.8559243, 21.0326476 ], [ 105.855511799999988, 21.0325231 ], [ 105.8539092, 21.0313985 ], [ 105.8538333, 21.0313447 ], [ 105.8532995, 21.0311492 ], [ 105.8530606, 21.0313694 ], [ 105.8513118, 21.0303982 ], [ 105.8511976, 21.0302949 ], [ 105.8510456, 21.0302959 ], [ 105.8510328, 21.0303488 ], [ 105.8510133, 21.0304478 ], [ 105.850989899999988, 21.0305427 ], [ 105.8509791, 21.0305827 ], [ 105.8509149, 21.0307942 ], [ 105.850858299999985, 21.0309982 ], [ 105.850555799999981, 21.0315942 ], [ 105.84887710000001, 21.0317532 ], [ 105.847570399999981, 21.0319001 ], [ 105.8467514, 21.0319851 ], [ 105.8455033, 21.033579 ], [ 105.8447768, 21.0340917 ], [ 105.8445168, 21.0360386 ], [ 105.8447313, 21.0372753 ], [ 105.8446578, 21.038614 ], [ 105.843940099999983, 21.0397282 ], [ 105.8430366, 21.0404628 ], [ 105.84381639999998, 21.0420858 ], [ 105.8442339, 21.0428116 ] ] ] } },
{ "type": "Feature", "properties": { "threshold_s": 300, "time_label": "5 minutes" }, "geometry": { "type": "Polygon", "coordinates": [ [ [ 105.809779400000011, 21.0292291 ], [ 105.809795100000017, 21.0296565 ], [ 105.8100074, 21.0296923 ], [ 105.810731, 21.0302592 ], [ 105.811617699999985, 21.029986 ], [ 105.8120945, 21.0300662 ], [ 105.812788900000015, 21.0304817 ], [ 105.812923699999985, 21.0307452 ], [ 105.812421, 21.0314029 ], [ 105.8123795, 21.0314137 ], [ 105.812366199999985, 21.0316055 ], [ 105.812389699999983, 21.0316669 ], [ 105.813255100000021, 21.0320468 ], [ 105.81333189999998, 21.0320675 ], [ 105.8135269, 21.0318558 ], [ 105.813615699999986, 21.0314876 ], [ 105.8136115, 21.0312915 ], [ 105.813433900000021, 21.0311917 ], [ 105.813855599999982, 21.0303065 ], [ 105.814314199999984, 21.0303473 ], [ 105.8146552, 21.0303769 ], [ 105.814340499999986, 21.030039 ], [ 105.813942, 21.0293508 ], [ 105.813450399999979, 21.0290402 ], [ 105.8129612, 21.0285506 ], [ 105.8124382, 21.0282113 ], [ 105.8122529, 21.0287189 ], [ 105.8113763, 21.0288411 ], [ 105.811198399999981, 21.0288061 ], [ 105.810484700000018, 21.0287584 ], [ 105.810154499999982, 21.028913 ], [ 105.809779400000011, 21.0292291 ] ] ] } },
{ "type": "Feature", "properties": { "threshold_s": 600, "time_label": "10 minutes" }, "geometry": { "type": "Polygon", "coordinates": [ [ [ 105.807752, 21.0315445 ], [ 105.808447, 21.0327327 ], [ 105.8093518, 21.0332158 ], [ 105.8103292, 21.0336413 ], [ 105.8115419, 21.0341099 ], [ 105.8132267, 21.0345888 ], [ 105.814081299999984, 21.0348233 ], [ 105.8141731, 21.0347958 ], [ 105.8144618, 21.0346858 ], [ 105.81496629999998, 21.0337055 ], [ 105.8149508, 21.0336465 ], [ 105.8155387, 21.0320665 ], [ 105.8159696, 21.0319605 ], [ 105.8171574, 21.0314247 ], [ 105.8182347, 21.0306756 ], [ 105.8174546, 21.0296145 ], [ 105.8165129, 21.0286203 ], [ 105.8154612, 21.0271893 ], [ 105.8153298, 21.02723 ], [ 105.8138205, 21.0270628 ], [ 105.813229599999985, 21.0262258 ], [ 105.8128367, 21.0257195 ], [ 105.8127594, 21.0256208 ], [ 105.8115746, 21.0249992 ], [ 105.81083150000002, 21.0251376 ], [ 105.810287, 21.0262139 ], [ 105.809760399999988, 21.0268737 ], [ 105.8094101, 21.0273309 ], [ 105.8078478, 21.0276805 ], [ 105.806683399999983, 21.0285904 ], [ 105.8060118, 21.0288612 ], [ 105.806562699999986, 21.0291322 ], [ 105.8081098, 21.0294211 ], [ 105.807851499999984, 21.0310596 ], [ 105.807752, 21.0315445 ] ] ] } },
{ "type": "Feature", "properties": { "threshold_s": 900, "time_label": "15 minutes" }, "geometry": { "type": "Polygon", "coordinates": [ [ [ 105.8052147, 21.0329289 ], [ 105.805196099999989, 21.0339791 ], [ 105.8055464, 21.0341952 ], [ 105.8063678, 21.0341936 ], [ 105.8086559, 21.0355662 ], [ 105.8098842, 21.0360511 ], [ 105.810559499999982, 21.0361601 ], [ 105.812860599999979, 21.0367744 ], [ 105.814107, 21.0376116 ], [ 105.8150609, 21.0379623 ], [ 105.815144099999983, 21.0379425 ], [ 105.8153772, 21.0376671 ], [ 105.8166768, 21.0354697 ], [ 105.8171671, 21.0348766 ], [ 105.817997199999979, 21.0338554 ], [ 105.819689899999986, 21.0322057 ], [ 105.820386299999981, 21.0317985 ], [ 105.8215557, 21.0311368 ], [ 105.81986689999998, 21.029601 ], [ 105.819574299999985, 21.0295631 ], [ 105.8184929, 21.029415 ], [ 105.8183612, 21.0270384 ], [ 105.8178261, 21.0263804 ], [ 105.81637809999998, 21.0249243 ], [ 105.816081199999985, 21.0246733 ], [ 105.814580399999983, 21.0241872 ], [ 105.812747799999983, 21.0239078 ], [ 105.812317199999981, 21.0224635 ], [ 105.811984099999989, 21.0220852 ], [ 105.809479, 21.0224841 ], [ 105.808788299999989, 21.0229856 ], [ 105.8089316, 21.0244631 ], [ 105.8069181, 21.0259672 ], [ 105.8044995, 21.0271794 ], [ 105.804409199999981, 21.0272297 ], [ 105.804058, 21.0274162 ], [ 105.803274200000018, 21.028796 ], [ 105.8031438, 21.0295669 ], [ 105.803917899999988, 21.0306607 ], [ 105.8041385, 21.0309189 ], [ 105.8052147, 21.0329289 ] ] ] } },
{ "type": "Feature", "properties": { "threshold_s": 300, "time_label": "5 minutes" }, "geometry": { "type": "Polygon", "coordinates": [ [ [ 105.7724973, 21.0780275 ], [ 105.7718594, 21.0787808 ], [ 105.772437699999983, 21.078391 ], [ 105.772632, 21.0780788 ], [ 105.77313119999998, 21.0776978 ], [ 105.7741167, 21.0773673 ], [ 105.774613, 21.0779906 ], [ 105.7738342, 21.0786942 ], [ 105.773715199999984, 21.0788035 ], [ 105.7742496, 21.0794584 ], [ 105.774978, 21.0799184 ], [ 105.7749641, 21.0798744 ], [ 105.7748681, 21.0795704 ], [ 105.775161299999979, 21.0788101 ], [ 105.7759549, 21.0782489 ], [ 105.775960900000015, 21.077803 ], [ 105.775007700000018, 21.0775435 ], [ 105.7745129, 21.0769364 ], [ 105.77429979999998, 21.0760237 ], [ 105.774875900000012, 21.0752851 ], [ 105.7748815, 21.0751396 ], [ 105.774886099999989, 21.0750349 ], [ 105.7748904, 21.0749298 ], [ 105.7746667, 21.0747161 ], [ 105.7743462, 21.0747052 ], [ 105.773599499999989, 21.0744617 ], [ 105.7735879, 21.0747779 ], [ 105.7735662, 21.0750439 ], [ 105.773545199999987, 21.0754348 ], [ 105.773497599999985, 21.0760622 ], [ 105.7727852, 21.0764648 ], [ 105.7724575, 21.0756087 ], [ 105.772095899999982, 21.0754558 ], [ 105.772121199999987, 21.0761333 ], [ 105.7725719, 21.0768043 ], [ 105.772192, 21.0771825 ], [ 105.7724973, 21.0780275 ] ] ] } },
{ "type": "Feature", "properties": { "threshold_s": 600, "time_label": "10 minutes" }, "geometry": { "type": "Polygon", "coordinates": [ [ [ 105.771872499999986, 21.0809364 ], [ 105.7724098, 21.0819702 ], [ 105.7728023, 21.0821346 ], [ 105.7732371, 21.0820325 ], [ 105.7733846, 21.0819073 ], [ 105.7737735, 21.0809776 ], [ 105.774535199999988, 21.0806209 ], [ 105.7745768, 21.0803719 ], [ 105.774978, 21.0799184 ], [ 105.776163299999979, 21.0804207 ], [ 105.776074, 21.0799224 ], [ 105.7759652, 21.0789524 ], [ 105.7759549, 21.0782489 ], [ 105.7777445, 21.0789631 ], [ 105.778247, 21.0789284 ], [ 105.7776627, 21.077793 ], [ 105.777500599999982, 21.0767735 ], [ 105.777415099999985, 21.0761416 ], [ 105.7773925, 21.0758505 ], [ 105.7773424, 21.0751759 ], [ 105.7773094, 21.074569 ], [ 105.7772867, 21.0742853 ], [ 105.7770302, 21.0744283 ], [ 105.7759632, 21.074233 ], [ 105.7760082, 21.0732205 ], [ 105.775081, 21.0732566 ], [ 105.7744559, 21.0728348 ], [ 105.774869199999983, 21.0715558 ], [ 105.7747794, 21.0715532 ], [ 105.7745198, 21.0715458 ], [ 105.7740055, 21.0729755 ], [ 105.7728557, 21.0725781 ], [ 105.7724407, 21.0722964 ], [ 105.772064199999988, 21.0723775 ], [ 105.7722076, 21.0726738 ], [ 105.772524799999985, 21.0737294 ], [ 105.7721149, 21.0747635 ], [ 105.772095899999982, 21.0754558 ], [ 105.772121199999987, 21.0761333 ], [ 105.7718437, 21.0771504 ], [ 105.7724973, 21.0780275 ], [ 105.7718594, 21.0787808 ], [ 105.7717404, 21.0795122 ], [ 105.7717109, 21.0803456 ], [ 105.771872499999986, 21.0809364 ] ] ] } },
{ "type": "Feature", "properties": { "threshold_s": 900, "time_label": "15 minutes" }, "geometry": { "type": "Polygon", "coordinates": [ [ [ 105.7700663, 21.0827388 ], [ 105.769895, 21.083519 ], [ 105.77151259999998, 21.0849097 ], [ 105.7723856, 21.0844471 ], [ 105.77374, 21.0827519 ], [ 105.7771316, 21.0817922 ], [ 105.778286499999979, 21.0830262 ], [ 105.7784763, 21.0832151 ], [ 105.780029899999988, 21.0809178 ], [ 105.781385599999979, 21.0790137 ], [ 105.779628, 21.0786223 ], [ 105.777500599999982, 21.0767735 ], [ 105.7790688, 21.073907 ], [ 105.778659099999985, 21.0732403 ], [ 105.7770995, 21.0709373 ], [ 105.7758342, 21.0697753 ], [ 105.774825299999989, 21.0689603 ], [ 105.7725305, 21.0699632 ], [ 105.770678, 21.0715337 ], [ 105.7721149, 21.0747635 ], [ 105.772095899999982, 21.0754558 ], [ 105.7718437, 21.0771504 ], [ 105.7718594, 21.0787808 ], [ 105.7717404, 21.0795122 ], [ 105.7700663, 21.0827388 ] ] ] } },
{ "type": "Feature", "properties": { "threshold_s": 300, "time_label": "5 minutes" }, "geometry": { "type": "Polygon", "coordinates": [ [ [ 105.833443099999982, 20.9760456 ], [ 105.8339389, 20.9767979 ], [ 105.8344535, 20.9771156 ], [ 105.8352696, 20.9776317 ], [ 105.835993799999983, 20.9781407 ], [ 105.8363106, 20.9779408 ], [ 105.8367973, 20.9771595 ], [ 105.836801399999985, 20.9770127 ], [ 105.8376528, 20.9761831 ], [ 105.8382763, 20.9762849 ], [ 105.8387179, 20.975348 ], [ 105.837535699999989, 20.9753438 ], [ 105.837023799999983, 20.9749831 ], [ 105.8370203, 20.974117 ], [ 105.836608, 20.9732708 ], [ 105.83591149999998, 20.9724647 ], [ 105.835048699999987, 20.9732698 ], [ 105.834511600000013, 20.9740405 ], [ 105.83449, 20.9742787 ], [ 105.8345054, 20.9750836 ], [ 105.8338567, 20.975344 ], [ 105.8328285, 20.9754818 ], [ 105.8328268, 20.9756339 ], [ 105.833443099999982, 20.9760456 ] ] ] } },
{ "type": "Feature", "properties": { "threshold_s": 600, "time_label": "10 minutes" }, "geometry": { "type": "Polygon", "coordinates": [ [ [ 105.8349682, 20.9812237 ], [ 105.835274, 20.9816997 ], [ 105.8359205, 20.980937 ], [ 105.8367169, 20.9805359 ], [ 105.836465599999983, 20.9797477 ], [ 105.8365823, 20.9788727 ], [ 105.837134, 20.9776665 ], [ 105.8384127, 20.9772846 ], [ 105.83879779999998, 20.9773657 ], [ 105.8384158, 20.9768222 ], [ 105.8382763, 20.9762849 ], [ 105.8387179, 20.975348 ], [ 105.838982499999986, 20.974571 ], [ 105.838984499999981, 20.9734924 ], [ 105.8393355, 20.9727404 ], [ 105.8388645, 20.971855 ], [ 105.8383069, 20.9714057 ], [ 105.838042499999986, 20.9715168 ], [ 105.8370493, 20.9716337 ], [ 105.836153899999985, 20.9707809 ], [ 105.835719, 20.9707582 ], [ 105.834524699999989, 20.9712822 ], [ 105.834117899999981, 20.9712159 ], [ 105.83380529999998, 20.9711113 ], [ 105.8335648, 20.971016 ], [ 105.8337375, 20.9712555 ], [ 105.833732899999987, 20.9726575 ], [ 105.833033, 20.9725864 ], [ 105.8320758, 20.973194 ], [ 105.8316475, 20.9733587 ], [ 105.831132499999981, 20.9739593 ], [ 105.831192499999986, 20.9740111 ], [ 105.8328356, 20.9739 ], [ 105.8328335, 20.9742892 ], [ 105.8321219, 20.9753857 ], [ 105.832427599999988, 20.9763376 ], [ 105.832859199999987, 20.9774532 ], [ 105.832728, 20.978179 ], [ 105.8326698, 20.9784198 ], [ 105.832637799999986, 20.9785547 ], [ 105.8335658, 20.9789892 ], [ 105.8342257, 20.979508 ], [ 105.834852399999988, 20.9801195 ], [ 105.8349682, 20.9812237 ] ] ] } },
{ "type": "Feature", "properties": { "threshold_s": 900, "time_label": "15 minutes" }, "geometry": { "type": "Polygon", "coordinates": [ [ [ 105.830838, 20.9807996 ], [ 105.830951, 20.9811301 ], [ 105.8322495, 20.9820156 ], [ 105.8335179, 20.9835469 ], [ 105.8359087, 20.9838846 ], [ 105.8367474, 20.9835958 ], [ 105.8367169, 20.9805359 ], [ 105.8365823, 20.9788727 ], [ 105.83879779999998, 20.9773657 ], [ 105.8393786, 20.9745688 ], [ 105.8404794, 20.9736287 ], [ 105.841007599999983, 20.9732762 ], [ 105.8409074, 20.9708306 ], [ 105.840126, 20.9701806 ], [ 105.839461499999985, 20.9704346 ], [ 105.836153899999985, 20.9707809 ], [ 105.835719, 20.9707582 ], [ 105.8332231, 20.970314 ], [ 105.832131099999984, 20.9698574 ], [ 105.831904, 20.9698833 ], [ 105.8312362, 20.9702354 ], [ 105.830741499999988, 20.9705915 ], [ 105.829309, 20.9720644 ], [ 105.8283629, 20.9731004 ], [ 105.8283363, 20.9731488 ], [ 105.8281301, 20.9736209 ], [ 105.8282615, 20.9736249 ], [ 105.8283392, 20.9736188 ], [ 105.8317212, 20.9746017 ], [ 105.8321219, 20.9753857 ], [ 105.832427599999988, 20.9763376 ], [ 105.832728, 20.978179 ], [ 105.83125219999998, 20.9800767 ], [ 105.830838, 20.9807996 ] ] ] } },
{ "type": "Feature", "properties": { "threshold_s": 300, "time_label": "5 minutes" }, "geometry": { "type": "Polygon", "coordinates": [ [ [ 105.8205075, 21.0145964 ], [ 105.820640199999985, 21.0149202 ], [ 105.8209616, 21.0152015 ], [ 105.821311, 21.015385 ], [ 105.8221485, 21.0153512 ], [ 105.822924, 21.0152299 ], [ 105.823785299999983, 21.0153101 ], [ 105.824607699999987, 21.0148653 ], [ 105.8243082, 21.0143762 ], [ 105.8243647, 21.0136334 ], [ 105.823909299999983, 21.0132399 ], [ 105.8238079, 21.0120801 ], [ 105.8244195, 21.011965 ], [ 105.824483700000016, 21.0113735 ], [ 105.825012799999982, 21.0107629 ], [ 105.8242359, 21.0107814 ], [ 105.8233322, 21.0108657 ], [ 105.822997499999985, 21.011078 ], [ 105.8217168, 21.0111703 ], [ 105.8214795, 21.0115675 ], [ 105.820836199999988, 21.0121248 ], [ 105.8207632, 21.0122045 ], [ 105.820670399999983, 21.0124282 ], [ 105.820717799999983, 21.0135416 ], [ 105.8204997, 21.014321 ], [ 105.8205075, 21.0145964 ] ] ] } },
{ "type": "Feature", "properties": { "threshold_s": 600, "time_label": "10 minutes" }, "geometry": { "type": "Polygon", "coordinates": [ [ [ 105.8185774, 21.0160227 ], [ 105.8182778, 21.0168502 ], [ 105.8189634, 21.0168833 ], [ 105.8192482, 21.0165501 ], [ 105.8210061, 21.0168052 ], [ 105.8219248, 21.0163274 ], [ 105.8229102, 21.0168195 ], [ 105.8230989, 21.016933 ], [ 105.823966699999986, 21.0178269 ], [ 105.8240082, 21.0179074 ], [ 105.8241401, 21.0179988 ], [ 105.8245158, 21.0179728 ], [ 105.8254473, 21.0177694 ], [ 105.8261343, 21.0174617 ], [ 105.826294099999984, 21.0173724 ], [ 105.8267446, 21.0162535 ], [ 105.8263639, 21.015934 ], [ 105.826104099999981, 21.0155161 ], [ 105.826820699999985, 21.014039 ], [ 105.8267703, 21.0134185 ], [ 105.8267069, 21.0125919 ], [ 105.8259248, 21.0119543 ], [ 105.8267893, 21.0105304 ], [ 105.8268471, 21.0098562 ], [ 105.8266614, 21.0096771 ], [ 105.8255563, 21.0087068 ], [ 105.8245459, 21.0087745 ], [ 105.823827799999989, 21.0080473 ], [ 105.823562, 21.0079681 ], [ 105.822202799999985, 21.008972 ], [ 105.820839899999982, 21.0094249 ], [ 105.8205128, 21.0095839 ], [ 105.8187493, 21.0100776 ], [ 105.8187931, 21.0101104 ], [ 105.8191927, 21.0109568 ], [ 105.8181696, 21.0118804 ], [ 105.8180511, 21.0131584 ], [ 105.8181017, 21.0142573 ], [ 105.8180626, 21.0150549 ], [ 105.8181544, 21.0151627 ], [ 105.8185774, 21.0160227 ] ] ] } },
{ "type": "Feature", "properties": { "threshold_s": 900, "time_label": "15 minutes" }, "geometry": { "type": "Polygon", "coordinates": [ [ [ 105.815563, 21.0172775 ], [ 105.815723, 21.0176486 ], [ 105.815848299999985, 21.0176985 ], [ 105.8172454, 21.0172555 ], [ 105.8189634, 21.0168833 ], [ 105.8210061, 21.0168052 ], [ 105.8229102, 21.0168195 ], [ 105.8225503, 21.0186339 ], [ 105.821168699999987, 21.0189908 ], [ 105.8208297, 21.0190667 ], [ 105.821581900000012, 21.0193854 ], [ 105.8229064, 21.0200294 ], [ 105.8242345, 21.0203798 ], [ 105.8253985, 21.0207483 ], [ 105.8258314, 21.0205777 ], [ 105.8265362, 21.0198256 ], [ 105.8275782, 21.0184464 ], [ 105.8291112, 21.0172215 ], [ 105.828555499999979, 21.0160499 ], [ 105.8290103, 21.0144294 ], [ 105.8291094, 21.0132328 ], [ 105.8293299, 21.0123177 ], [ 105.8292725, 21.0122096 ], [ 105.8285744, 21.0116114 ], [ 105.827221599999987, 21.0105923 ], [ 105.827376699999988, 21.0096128 ], [ 105.8284222, 21.0084728 ], [ 105.8287027, 21.0073278 ], [ 105.8286808, 21.0072843 ], [ 105.8266292, 21.0068953 ], [ 105.824796599999985, 21.0060604 ], [ 105.8230758, 21.0054313 ], [ 105.8223639, 21.005414 ], [ 105.822294299999982, 21.0055061 ], [ 105.821814499999988, 21.0063255 ], [ 105.8204546, 21.0074916 ], [ 105.81988149999998, 21.0074937 ], [ 105.818897299999989, 21.0080314 ], [ 105.817706699999988, 21.0081444 ], [ 105.8172171, 21.00806 ], [ 105.816864199999983, 21.0080923 ], [ 105.816733299999981, 21.0081466 ], [ 105.816570399999989, 21.008323 ], [ 105.815791799999985, 21.010097 ], [ 105.815848299999985, 21.0105195 ], [ 105.8160332, 21.0113766 ], [ 105.815610599999985, 21.0131127 ], [ 105.8152857, 21.0136475 ], [ 105.8152711, 21.0139154 ], [ 105.8152732, 21.0143574 ], [ 105.815360799999979, 21.0161563 ], [ 105.815563, 21.0172775 ] ] ] } },
{ "type": "Feature", "properties": { "threshold_s": 300, "time_label": "5 minutes" }, "geometry": { "type": "Polygon", "coordinates": [ [ [ 105.835335499999985, 20.9726652 ], [ 105.8354289, 20.9730226 ], [ 105.8359169, 20.9732723 ], [ 105.8366064, 20.9728912 ], [ 105.8370274, 20.972524 ], [ 105.8372679, 20.9722419 ], [ 105.8376106, 20.9718745 ], [ 105.8385229, 20.9711191 ], [ 105.8386827, 20.9710825 ], [ 105.838662499999984, 20.9709903 ], [ 105.838627499999987, 20.9708536 ], [ 105.8385203, 20.9709125 ], [ 105.8385246, 20.9709843 ], [ 105.8385209, 20.9710744 ], [ 105.837641399999981, 20.9716825 ], [ 105.8370493, 20.9716337 ], [ 105.8365992, 20.9715834 ], [ 105.8361423, 20.9709341 ], [ 105.8361508, 20.9708182 ], [ 105.836153899999985, 20.9707809 ], [ 105.835719, 20.9707582 ], [ 105.835132099999981, 20.9712883 ], [ 105.8348061, 20.9712798 ], [ 105.834524699999989, 20.9712822 ], [ 105.834117899999981, 20.9712159 ], [ 105.834065, 20.9714603 ], [ 105.8342739, 20.9717095 ], [ 105.8348394, 20.9722734 ], [ 105.835335499999985, 20.9726652 ] ] ] } },
{ "type": "Feature", "properties": { "threshold_s": 600, "time_label": "10 minutes" }, "geometry": { "type": "Polygon", "coordinates": [ [ [ 105.831475600000019, 20.9718957 ], [ 105.8320869, 20.9732693 ], [ 105.833179, 20.9742854 ], [ 105.8344848, 20.9754785 ], [ 105.8359363, 20.9764309 ], [ 105.8362507, 20.9762798 ], [ 105.8367999, 20.9757425 ], [ 105.838843499999982, 20.9739356 ], [ 105.8405414, 20.9726459 ], [ 105.840788599999982, 20.9722154 ], [ 105.8417156, 20.9704285 ], [ 105.8415761, 20.9701665 ], [ 105.841046799999987, 20.9700209 ], [ 105.8410096, 20.9700151 ], [ 105.840969, 20.9700088 ], [ 105.840126, 20.9701806 ], [ 105.839461499999985, 20.9704346 ], [ 105.838627499999987, 20.9708536 ], [ 105.836153899999985, 20.9707809 ], [ 105.835719, 20.9707582 ], [ 105.8332231, 20.970314 ], [ 105.832131099999984, 20.9698574 ], [ 105.8301719, 20.9694608 ], [ 105.831475600000019, 20.9718957 ] ] ] } },
{ "type": "Feature", "properties": { "threshold_s": 900, "time_label": "15 minutes" }, "geometry": { "type": "Polygon", "coordinates": [ [ [ 105.835315899999983, 20.9790348 ], [ 105.835784799999985, 20.9796397 ], [ 105.8365823, 20.9788727 ], [ 105.8384127, 20.9772846 ], [ 105.841302299999981, 20.9753843 ], [ 105.8423466, 20.9739854 ], [ 105.8434906, 20.9713986 ], [ 105.8436397, 20.9691414 ], [ 105.8430214, 20.9677148 ], [ 105.842165799999989, 20.9668703 ], [ 105.84209509999998, 20.966868 ], [ 105.8417368, 20.9683925 ], [ 105.839461499999985, 20.9704346 ], [ 105.836153899999985, 20.9707809 ], [ 105.835719, 20.9707582 ], [ 105.8332231, 20.970314 ], [ 105.8305086, 20.9685754 ], [ 105.8296869, 20.9681624 ], [ 105.8294013, 20.9681543 ], [ 105.8276079, 20.9682935 ], [ 105.82755109999998, 20.9684611 ], [ 105.8272601, 20.9695614 ], [ 105.8272159, 20.9700069 ], [ 105.828998699999985, 20.972509 ], [ 105.831132499999981, 20.9739593 ], [ 105.832427599999988, 20.9763376 ], [ 105.835315899999983, 20.9790348 ] ] ] } },
{ "type": "Feature", "properties": { "threshold_s": 300, "time_label": "5 minutes" }, "geometry": { "type": "Polygon", "coordinates": [ [ [ 105.7812256, 21.0657607 ], [ 105.781364399999987, 21.0663048 ], [ 105.7819545, 21.0666929 ], [ 105.7823034, 21.066863 ], [ 105.782891899999981, 21.0671407 ], [ 105.783786399999983, 21.0672642 ], [ 105.7830301, 21.0669091 ], [ 105.783558199999987, 21.0660276 ], [ 105.783455299999986, 21.065673 ], [ 105.7830623, 21.0646543 ], [ 105.7831324, 21.0640515 ], [ 105.783749699999987, 21.0637166 ], [ 105.784040499999989, 21.0636969 ], [ 105.7840136, 21.0635912 ], [ 105.783624499999988, 21.0620599 ], [ 105.7834294, 21.0634514 ], [ 105.7823576, 21.0635403 ], [ 105.7819955, 21.0632385 ], [ 105.7819542, 21.0624287 ], [ 105.7814131, 21.062494 ], [ 105.7812274, 21.0628118 ], [ 105.7811505, 21.063674 ], [ 105.7805054, 21.0637442 ], [ 105.7807566, 21.0644952 ], [ 105.780870599999986, 21.0649169 ], [ 105.7812256, 21.0657607 ] ] ] } },
{ "type": "Feature", "properties": { "threshold_s": 600, "time_label": "10 minutes" }, "geometry": { "type": "Polygon", "coordinates": [ [ [ 105.7791162, 21.0668707 ], [ 105.780097799999979, 21.0690468 ], [ 105.780817, 21.0689775 ], [ 105.783050599999982, 21.0684502 ], [ 105.7850809, 21.0685064 ], [ 105.7850659, 21.0683343 ], [ 105.783786399999983, 21.0672642 ], [ 105.783558199999987, 21.0660276 ], [ 105.784040499999989, 21.0636969 ], [ 105.783853099999988, 21.061227 ], [ 105.7836728, 21.060083 ], [ 105.782785, 21.0588355 ], [ 105.7811058, 21.0599061 ], [ 105.7792445, 21.0600799 ], [ 105.7789037, 21.0600406 ], [ 105.7781998, 21.0617471 ], [ 105.7784621, 21.0623879 ], [ 105.778672499999985, 21.0646429 ], [ 105.7787753, 21.0657962 ], [ 105.7791162, 21.0668707 ] ] ] } },
{ "type": "Feature", "properties": { "threshold_s": 900, "time_label": "15 minutes" }, "geometry": { "type": "Polygon", "coordinates": [ [ [ 105.7766151, 21.0677275 ], [ 105.7770594, 21.0691867 ], [ 105.7779345, 21.0698037 ], [ 105.7795617, 21.0699741 ], [ 105.7805233, 21.071534 ], [ 105.780768499999979, 21.0715327 ], [ 105.780854300000016, 21.0715323 ], [ 105.7823636, 21.0715312 ], [ 105.783279599999986, 21.0728269 ], [ 105.784178699999984, 21.0727744 ], [ 105.785307099999983, 21.0711377 ], [ 105.787171199999989, 21.0701957 ], [ 105.787689699999987, 21.0698251 ], [ 105.7877716, 21.0685079 ], [ 105.787836399999989, 21.0675748 ], [ 105.7870503, 21.0665624 ], [ 105.7857962, 21.0661365 ], [ 105.785669899999988, 21.0660452 ], [ 105.7854721, 21.0659467 ], [ 105.783455299999986, 21.065673 ], [ 105.7830623, 21.0646543 ], [ 105.784040499999989, 21.0636969 ], [ 105.7858398, 21.0626698 ], [ 105.7860539, 21.0627992 ], [ 105.786364, 21.0611328 ], [ 105.7850316, 21.0600215 ], [ 105.7848617, 21.0585274 ], [ 105.7841697, 21.0572389 ], [ 105.78400929999998, 21.0570312 ], [ 105.78211490000001, 21.0562566 ], [ 105.781624, 21.0561929 ], [ 105.780433799999983, 21.0567114 ], [ 105.7795281, 21.057568 ], [ 105.778582699999987, 21.0578346 ], [ 105.777708299999986, 21.0584795 ], [ 105.778119099999984, 21.0596043 ], [ 105.777920899999984, 21.060518 ], [ 105.7769382, 21.0617091 ], [ 105.7749297, 21.0617351 ], [ 105.776925, 21.0623381 ], [ 105.7775639, 21.0636194 ], [ 105.7766449, 21.0643494 ], [ 105.7765736, 21.0643658 ], [ 105.7760784, 21.0643655 ], [ 105.7757154, 21.0642724 ], [ 105.776360399999987, 21.0658503 ], [ 105.7762386, 21.0672046 ], [ 105.7766151, 21.0677275 ] ] ] } },
{ "type": "Feature", "properties": { "threshold_s": 300, "time_label": "5 minutes" }, "geometry": { "type": "Polygon", "coordinates": [ [ [ 105.8002957, 21.0225663 ], [ 105.8001907, 21.0225723 ], [ 105.80024109999998, 21.0226344 ], [ 105.801133299999989, 21.0229053 ], [ 105.801151099999984, 21.0228712 ], [ 105.8013312, 21.0224974 ], [ 105.801938299999989, 21.0223002 ], [ 105.8026154, 21.0223494 ], [ 105.8031656, 21.0217184 ], [ 105.803317, 21.0212207 ], [ 105.8038872, 21.0208114 ], [ 105.804097299999981, 21.0199824 ], [ 105.803734, 21.0198018 ], [ 105.8040193, 21.0191095 ], [ 105.8038896, 21.0185426 ], [ 105.8034964, 21.0179199 ], [ 105.803234099999983, 21.0177434 ], [ 105.803197199999985, 21.0177194 ], [ 105.8022946, 21.0178538 ], [ 105.8027119, 21.0186004 ], [ 105.8022092, 21.0192473 ], [ 105.8016923, 21.019004 ], [ 105.8014645, 21.0188802 ], [ 105.8010251, 21.0188763 ], [ 105.800539599999979, 21.0184649 ], [ 105.800202199999987, 21.0185037 ], [ 105.8001389, 21.0186022 ], [ 105.7997095, 21.0192761 ], [ 105.799396799999982, 21.0197882 ], [ 105.7997367, 21.0205184 ], [ 105.7997495, 21.0207503 ], [ 105.8000717, 21.0212299 ], [ 105.8008861, 21.021622 ], [ 105.800841, 21.0219094 ], [ 105.8002957, 21.0225663 ] ] ] } },
{ "type": "Feature", "properties": { "threshold_s": 600, "time_label": "10 minutes" }, "geometry": { "type": "Polygon", "coordinates": [ [ [ 105.7975731, 21.0237727 ], [ 105.7982314, 21.0251737 ], [ 105.7998664, 21.0254537 ], [ 105.80163589999998, 21.0248127 ], [ 105.8019368, 21.0244953 ], [ 105.803681499999982, 21.0245441 ], [ 105.804307099999988, 21.0239903 ], [ 105.8044485, 21.0235178 ], [ 105.804447699999983, 21.0234685 ], [ 105.8044454, 21.0233149 ], [ 105.804443, 21.0231634 ], [ 105.8044407, 21.0230179 ], [ 105.804435799999979, 21.0228235 ], [ 105.804440099999979, 21.0225944 ], [ 105.8044375, 21.0223424 ], [ 105.805419499999985, 21.0211253 ], [ 105.805929099999986, 21.0210687 ], [ 105.8066749, 21.0208886 ], [ 105.806768, 21.020728 ], [ 105.806611, 21.0199459 ], [ 105.8057723, 21.0187782 ], [ 105.8057638, 21.0181837 ], [ 105.806017399999988, 21.0171341 ], [ 105.8058584, 21.0165058 ], [ 105.8053545, 21.0152529 ], [ 105.8043242, 21.0151766 ], [ 105.803494599999979, 21.0155562 ], [ 105.8032191, 21.0158262 ], [ 105.80137689999998, 21.0162042 ], [ 105.8011162, 21.0159717 ], [ 105.800722099999987, 21.015775 ], [ 105.79925369999998, 21.0162251 ], [ 105.797873, 21.0158969 ], [ 105.797499, 21.0171224 ], [ 105.796896599999982, 21.0177831 ], [ 105.796766199999979, 21.0192543 ], [ 105.7970495, 21.0209312 ], [ 105.7971266, 21.0216502 ], [ 105.7972309, 21.0229608 ], [ 105.7975731, 21.0237727 ] ] ] } },
{ "type": "Feature", "properties": { "threshold_s": 900, "time_label": "15 minutes" }, "geometry": { "type": "Polygon", "coordinates": [ [ [ 105.795851500000012, 21.025639 ], [ 105.7965424, 21.0263542 ], [ 105.797381, 21.0271287 ], [ 105.7982368, 21.0275818 ], [ 105.799534799999989, 21.0277085 ], [ 105.799852, 21.0277606 ], [ 105.8017365, 21.028254 ], [ 105.8022202, 21.026992 ], [ 105.804058, 21.0274162 ], [ 105.80453, 21.0275217 ], [ 105.8046675, 21.0274448 ], [ 105.8054548, 21.025737 ], [ 105.805978, 21.025684 ], [ 105.8069073, 21.0241396 ], [ 105.807109, 21.0240932 ], [ 105.8071633, 21.0240845 ], [ 105.8078644, 21.0231616 ], [ 105.8081368, 21.0219035 ], [ 105.809092699999979, 21.0206829 ], [ 105.809172899999979, 21.0205419 ], [ 105.809584699999988, 21.0193069 ], [ 105.809486299999989, 21.0191446 ], [ 105.8086578, 21.0191946 ], [ 105.807717699999984, 21.0185817 ], [ 105.8079622, 21.0173019 ], [ 105.8083021, 21.0161462 ], [ 105.807726, 21.0144071 ], [ 105.807735199999982, 21.0133074 ], [ 105.8076953, 21.0132547 ], [ 105.8060633, 21.013263 ], [ 105.805164, 21.0130074 ], [ 105.803267599999984, 21.0129379 ], [ 105.8024175, 21.0130422 ], [ 105.800847099999984, 21.0133141 ], [ 105.799546799999987, 21.013298 ], [ 105.7983521, 21.0132126 ], [ 105.7976172, 21.0133605 ], [ 105.797238199999981, 21.0134934 ], [ 105.7955321, 21.0140547 ], [ 105.795312899999985, 21.0141852 ], [ 105.7954057, 21.0154058 ], [ 105.7952867, 21.016455499999989 ], [ 105.794546499999981, 21.0173183 ], [ 105.7943377, 21.0175959 ], [ 105.7941392, 21.0179588 ], [ 105.7938613, 21.0192042 ], [ 105.7941206, 21.0198914 ], [ 105.7944811, 21.0215258 ], [ 105.794551699999985, 21.0227962 ], [ 105.794251399999979, 21.0234165 ], [ 105.7952889, 21.0248838 ], [ 105.795851500000012, 21.025639 ] ] ] } },
{ "type": "Feature", "properties": { "threshold_s": 300, "time_label": "5 minutes" }, "geometry": { "type": "Polygon", "coordinates": [ [ [ 105.79610150000002, 21.0242878 ], [ 105.796151, 21.0244571 ], [ 105.7964845, 21.0245664 ], [ 105.7973733, 21.0252054 ], [ 105.7974416, 21.0253793 ], [ 105.797593399999982, 21.0257387 ], [ 105.7982647, 21.0257885 ], [ 105.798417699999987, 21.0265393 ], [ 105.798426799999987, 21.0265569 ], [ 105.798465600000014, 21.0266298 ], [ 105.7985204, 21.0267228 ], [ 105.7985427, 21.0267501 ], [ 105.799269700000011, 21.0270701 ], [ 105.799078099999988, 21.0263777 ], [ 105.799284599999979, 21.0257082 ], [ 105.7989169, 21.0252125 ], [ 105.7990984, 21.02454 ], [ 105.800133300000013, 21.0241356 ], [ 105.800580599999989, 21.023996 ], [ 105.8007214, 21.023712 ], [ 105.800830799999986, 21.022804 ], [ 105.8002957, 21.0225663 ], [ 105.799222199999988, 21.0224034 ], [ 105.79863659999998, 21.0219874 ], [ 105.798025599999988, 21.022191 ], [ 105.7975147, 21.0224891 ], [ 105.796954, 21.0228386 ], [ 105.7964462, 21.0231724 ], [ 105.795471399999983, 21.0232625 ], [ 105.7959664, 21.0238328 ], [ 105.79610150000002, 21.0242878 ] ] ] } },
{ "type": "Feature", "properties": { "threshold_s": 600, "time_label": "10 minutes" }, "geometry": { "type": "Polygon", "coordinates": [ [ [ 105.7954794, 21.0276183 ], [ 105.795578299999988, 21.0281361 ], [ 105.7962034, 21.0285439 ], [ 105.7973623, 21.0287069 ], [ 105.7988885, 21.0291396 ], [ 105.79954429999998, 21.0285723 ], [ 105.8004885, 21.0280034 ], [ 105.801661699999983, 21.0281552 ], [ 105.801697899999979, 21.0271472 ], [ 105.8016309, 21.0257725 ], [ 105.8019501, 21.0250686 ], [ 105.8029539, 21.0244178 ], [ 105.803813500000018, 21.023498 ], [ 105.8038228, 21.0234035 ], [ 105.8035995, 21.0226653 ], [ 105.8031656, 21.0217184 ], [ 105.802713899999986, 21.0205346 ], [ 105.8025721, 21.0196919 ], [ 105.8022346, 21.0195169 ], [ 105.8010928, 21.0195635 ], [ 105.799999, 21.0200986 ], [ 105.7984575, 21.0199087 ], [ 105.7983791, 21.0199248 ], [ 105.797531899999981, 21.0202059 ], [ 105.796250799999981, 21.0200502 ], [ 105.794681, 21.0204381 ], [ 105.7942159, 21.021234 ], [ 105.794209599999988, 21.0215959 ], [ 105.7931829, 21.0226431 ], [ 105.79250930000002, 21.0232557 ], [ 105.7936409, 21.0243139 ], [ 105.7940129, 21.0253291 ], [ 105.794040199999984, 21.0254029 ], [ 105.7941241, 21.0256164 ], [ 105.794685499999986, 21.0260898 ], [ 105.7954794, 21.0276183 ] ] ] } },
{ "type": "Feature", "properties": { "threshold_s": 900, "time_label": "15 minutes" }, "geometry": { "type": "Polygon", "coordinates": [ [ [ 105.7951448, 21.028075 ], [ 105.796087499999985, 21.0305476 ], [ 105.7972821, 21.0309205 ], [ 105.7998797, 21.0314141 ], [ 105.801831, 21.0315519 ], [ 105.8033606, 21.0315208 ], [ 105.803429, 21.0314799 ], [ 105.8034216, 21.0312757 ], [ 105.8036974, 21.0292998 ], [ 105.8043652, 21.0284135 ], [ 105.804333, 21.0283163 ], [ 105.8041184, 21.0265773 ], [ 105.8053665, 21.0254531 ], [ 105.80542530000001, 21.0253753 ], [ 105.8059927, 21.024685 ], [ 105.8071314, 21.0232484 ], [ 105.80713249999998, 21.023196 ], [ 105.8071342, 21.0229331 ], [ 105.806184699999989, 21.0207522 ], [ 105.805091399999981, 21.0195918 ], [ 105.804610199999985, 21.0181422 ], [ 105.8045141, 21.0177822 ], [ 105.804069699999985, 21.0166006 ], [ 105.804028699999989, 21.0165748 ], [ 105.8023981, 21.0169267 ], [ 105.800887399999979, 21.0173941 ], [ 105.7985226, 21.0174444 ], [ 105.797644, 21.0175455 ], [ 105.794782600000019, 21.0178589 ], [ 105.7928126, 21.0184349 ], [ 105.7922812, 21.0187945 ], [ 105.7921825, 21.0189364 ], [ 105.7908816, 21.0204931 ], [ 105.7902583, 21.0210709 ], [ 105.7902224, 21.0211326 ], [ 105.7900043, 21.0227344 ], [ 105.7900136, 21.0230497 ], [ 105.7900982, 21.0233037 ], [ 105.790158599999984, 21.0233487 ], [ 105.7917007, 21.0245182 ], [ 105.7934402, 21.0256111 ], [ 105.795045699999989, 21.0278491 ], [ 105.7951448, 21.028075 ] ] ] } },
{ "type": "Feature", "properties": { "threshold_s": 300, "time_label": "5 minutes" }, "geometry": { "type": "Polygon", "coordinates": [ [ [ 105.8208954, 20.9644349 ], [ 105.820079599999985, 20.9644592 ], [ 105.820565799999983, 20.9647696 ], [ 105.821515600000012, 20.9653903 ], [ 105.822127499999979, 20.9658552 ], [ 105.8223652, 20.9662433 ], [ 105.822413, 20.9662896 ], [ 105.822477299999989, 20.9663518 ], [ 105.8230631, 20.965906 ], [ 105.8237677, 20.9654094 ], [ 105.82426049999998, 20.964755 ], [ 105.8244618, 20.9646993 ], [ 105.824759899999989, 20.9646167 ], [ 105.8247635, 20.9642041 ], [ 105.825496499999986, 20.9637022 ], [ 105.82500610000001, 20.9629499 ], [ 105.8245571, 20.9625454 ], [ 105.8242462, 20.9629798 ], [ 105.8238264, 20.9632502 ], [ 105.8230933, 20.9630391 ], [ 105.8225742, 20.9624872 ], [ 105.8218819, 20.9621635 ], [ 105.8223242, 20.9628736 ], [ 105.8221359, 20.9631173 ], [ 105.8220889, 20.9639379 ], [ 105.8212362, 20.9641056 ], [ 105.8208954, 20.9644349 ] ] ] } },
{ "type": "Feature", "properties": { "threshold_s": 600, "time_label": "10 minutes" }, "geometry": { "type": "Polygon", "coordinates": [ [ [ 105.81974049999998, 20.9676286 ], [ 105.8196417, 20.968494 ], [ 105.820397799999981, 20.9683061 ], [ 105.8215352, 20.9687701 ], [ 105.821775799999983, 20.9686201 ], [ 105.822288699999987, 20.9683577 ], [ 105.822877199999979, 20.9681257 ], [ 105.8243981, 20.9683485 ], [ 105.8259131, 20.96761 ], [ 105.826082099999979, 20.9663804 ], [ 105.826601199999985, 20.965125 ], [ 105.8272015, 20.9650463 ], [ 105.827862599999989, 20.9651382 ], [ 105.8280482, 20.9641278 ], [ 105.8271093, 20.963039 ], [ 105.8261843, 20.9619107 ], [ 105.8248811, 20.9610625 ], [ 105.8257247, 20.9602171 ], [ 105.824550499999987, 20.959948 ], [ 105.823912, 20.9596368 ], [ 105.822351, 20.9589825 ], [ 105.821280500000015, 20.9592208 ], [ 105.8202818, 20.9593288 ], [ 105.8206733, 20.9599405 ], [ 105.8197278, 20.9609161 ], [ 105.819733699999986, 20.9613011 ], [ 105.819472599999983, 20.9625944 ], [ 105.8182203, 20.9629686 ], [ 105.8178115, 20.9632821 ], [ 105.8177805, 20.9633297 ], [ 105.8177459, 20.963383 ], [ 105.817888899999986, 20.9633788 ], [ 105.8188924, 20.9635439 ], [ 105.819712, 20.9641879 ], [ 105.820079599999985, 20.9644592 ], [ 105.819931900000014, 20.9659525 ], [ 105.8197474, 20.9664734 ], [ 105.81974049999998, 20.9676286 ] ] ] } },
{ "type": "Feature", "properties": { "threshold_s": 900, "time_label": "15 minutes" }, "geometry": { "type": "Polygon", "coordinates": [ [ [ 105.817485099999985, 20.968553 ], [ 105.817236399999985, 20.9702856 ], [ 105.818656099999984, 20.970508 ], [ 105.818553399999985, 20.9702446 ], [ 105.818521499999989, 20.9695611 ], [ 105.8203151, 20.9693352 ], [ 105.8206009, 20.9697142 ], [ 105.82078319999998, 20.9702897 ], [ 105.821133299999985, 20.9707593 ], [ 105.82128419999998, 20.9707089 ], [ 105.82302319999998, 20.9701504 ], [ 105.8232947, 20.9707305 ], [ 105.823515699999987, 20.9709671 ], [ 105.824346399999982, 20.9712572 ], [ 105.824438499999985, 20.9712282 ], [ 105.8260933, 20.9706172 ], [ 105.8272159, 20.9700069 ], [ 105.828844799999985, 20.9689847 ], [ 105.8289177, 20.9689479 ], [ 105.8290178, 20.9686699 ], [ 105.8286471, 20.9686444 ], [ 105.8276079, 20.9682935 ], [ 105.8272842, 20.96708 ], [ 105.8272322, 20.9669382 ], [ 105.8271253, 20.9669075 ], [ 105.826601199999985, 20.965125 ], [ 105.8272015, 20.9650463 ], [ 105.827862599999989, 20.9651382 ], [ 105.829356899999979, 20.9653476 ], [ 105.8303584, 20.9657829 ], [ 105.830911, 20.9658736 ], [ 105.831228699999983, 20.9659211 ], [ 105.831052899999989, 20.9654887 ], [ 105.8309974, 20.9653835 ], [ 105.8304592, 20.9652891 ], [ 105.8299314, 20.9636504 ], [ 105.8298303, 20.9624983 ], [ 105.8283917, 20.9622715 ], [ 105.8282571, 20.9604839 ], [ 105.8284734, 20.9601177 ], [ 105.828441899999987, 20.9600724 ], [ 105.8269578, 20.9593907 ], [ 105.8265529, 20.9594959 ], [ 105.8254395, 20.959245 ], [ 105.8249939, 20.9577836 ], [ 105.8249887, 20.957312 ], [ 105.8242105, 20.9573946 ], [ 105.8228471, 20.9571499 ], [ 105.8213641, 20.9573643 ], [ 105.8207573, 20.9575624 ], [ 105.820023100000014, 20.9579995 ], [ 105.819422, 20.9583702 ], [ 105.8188706, 20.9590136 ], [ 105.8175249, 20.9599275 ], [ 105.816873, 20.9600684 ], [ 105.816907699999987, 20.9602803 ], [ 105.8169785, 20.9609111 ], [ 105.8159604, 20.9623387 ], [ 105.8149041, 20.9618044 ], [ 105.814821199999983, 20.9618164 ], [ 105.814863, 20.9619072 ], [ 105.815446899999984, 20.963528 ], [ 105.8150393, 20.9645171 ], [ 105.816184899999982, 20.9652116 ], [ 105.816955899999982, 20.9666148 ], [ 105.8170859, 20.9675239 ], [ 105.817485099999985, 20.968553 ] ] ] } },
{ "type": "Feature", "properties": { "threshold_s": 300, "time_label": "5 minutes" }, "geometry": { "type": "Polygon", "coordinates": [ [ [ 105.8475701, 21.2300799 ], [ 105.846742599999985, 21.2300895 ], [ 105.8467566, 21.2301994 ], [ 105.8475731, 21.2301901 ], [ 105.8490306, 21.2301782 ], [ 105.8491365, 21.2323789 ], [ 105.8498701, 21.2322372 ], [ 105.851164, 21.2314894 ], [ 105.8511608, 21.2307565 ], [ 105.850959100000011, 21.2306942 ], [ 105.849208099999984, 21.2301395 ], [ 105.849586099999982, 21.2291376 ], [ 105.8489988, 21.2279657 ], [ 105.84899369999998, 21.2275794 ], [ 105.8483664, 21.2277438 ], [ 105.8490016, 21.2281775 ], [ 105.849014299999979, 21.2291313 ], [ 105.849023099999982, 21.2300585 ], [ 105.8475701, 21.2300799 ] ] ] } },
{ "type": "Feature", "properties": { "threshold_s": 600, "time_label": "10 minutes" }, "geometry": { "type": "Polygon", "coordinates": [ [ [ 105.8483806, 21.234541 ], [ 105.846324599999988, 21.2339741 ], [ 105.8485711, 21.2348942 ], [ 105.84879, 21.2353539 ], [ 105.8488941, 21.2356299 ], [ 105.8492142, 21.2359051 ], [ 105.8507447, 21.2345555 ], [ 105.851389900000015, 21.2348448 ], [ 105.851275699999988, 21.2339311 ], [ 105.8517667, 21.2324759 ], [ 105.851714499999986, 21.2322884 ], [ 105.851164, 21.2314894 ], [ 105.8511608, 21.2307565 ], [ 105.852923599999983, 21.2298413 ], [ 105.8552147, 21.2288082 ], [ 105.8537315, 21.2283607 ], [ 105.8524095, 21.227844 ], [ 105.8501547, 21.2280132 ], [ 105.8489868, 21.2270643 ], [ 105.849580799999984, 21.2258042 ], [ 105.848923899999988, 21.2241465 ], [ 105.8483081, 21.2248216 ], [ 105.8468878, 21.2259299 ], [ 105.846688, 21.2271493 ], [ 105.84728029999998, 21.2272556 ], [ 105.847460699999985, 21.2272843 ], [ 105.8483664, 21.2277438 ], [ 105.849014299999979, 21.2291313 ], [ 105.8475701, 21.2300799 ], [ 105.846742599999985, 21.2300895 ], [ 105.843518799999984, 21.2301593 ], [ 105.8433797, 21.2301611 ], [ 105.843381399999984, 21.2302736 ], [ 105.843518599999982, 21.2302697 ], [ 105.8467566, 21.2301994 ], [ 105.8475731, 21.2301901 ], [ 105.8490306, 21.2301782 ], [ 105.8491365, 21.2323789 ], [ 105.849143199999986, 21.2335797 ], [ 105.8483806, 21.234541 ] ] ] } },
{ "type": "Feature", "properties": { "threshold_s": 900, "time_label": "15 minutes" }, "geometry": { "type": "Polygon", "coordinates": [ [ [ 105.843628100000018, 21.2346606 ], [ 105.844858, 21.2362306 ], [ 105.844882399999989, 21.2362346 ], [ 105.84543069999998, 21.2363268 ], [ 105.8466441, 21.23668 ], [ 105.8491248, 21.2386462 ], [ 105.8496371, 21.2386912 ], [ 105.8497953, 21.2376099 ], [ 105.8531325, 21.237299 ], [ 105.8541582, 21.2344666 ], [ 105.856358699999987, 21.2342148 ], [ 105.8587526, 21.2330927 ], [ 105.8577041, 21.2327602 ], [ 105.8563944, 21.2323634 ], [ 105.855045799999985, 21.2332135 ], [ 105.851714499999986, 21.2322884 ], [ 105.852923599999983, 21.2298413 ], [ 105.8552147, 21.2288082 ], [ 105.8560724, 21.2282931 ], [ 105.856287899999984, 21.2281365 ], [ 105.8563373, 21.2280978 ], [ 105.856980100000015, 21.2275322 ], [ 105.8574926, 21.2270839 ], [ 105.8560878, 21.2264737 ], [ 105.8554253, 21.226653 ], [ 105.8527128, 21.2245239 ], [ 105.8505161, 21.2225363 ], [ 105.8489172, 21.2209361 ], [ 105.8475114, 21.2222613 ], [ 105.8469924, 21.2246166 ], [ 105.846843599999985, 21.226068 ], [ 105.846688, 21.2271493 ], [ 105.846742599999985, 21.2300895 ], [ 105.843518799999984, 21.2301593 ], [ 105.8433797, 21.2301611 ], [ 105.8418465, 21.2302032 ], [ 105.8392408, 21.2302676 ], [ 105.8392435, 21.2304071 ], [ 105.840386199999983, 21.2313825 ], [ 105.841822199999982, 21.2328871 ], [ 105.843628100000018, 21.2346606 ] ] ] } },
{ "type": "Feature", "properties": { "threshold_s": 300, "time_label": "5 minutes" }, "geometry": { "type": "Polygon", "coordinates": [ [ [ 105.846500299999988, 21.0133232 ], [ 105.846654499999985, 21.0136705 ], [ 105.846715, 21.0136526 ], [ 105.8475297, 21.0133763 ], [ 105.8482353, 21.0134829 ], [ 105.8482809, 21.0134853 ], [ 105.8483173, 21.0134823 ], [ 105.8490124, 21.0134188 ], [ 105.849266500000013, 21.0134615 ], [ 105.849267199999986, 21.013403 ], [ 105.8492662, 21.0133392 ], [ 105.849201400000013, 21.0132491 ], [ 105.849117899999982, 21.0124376 ], [ 105.849857299999982, 21.0119169 ], [ 105.850360499999979, 21.0118949 ], [ 105.850404199999986, 21.0118922 ], [ 105.8504447, 21.0118897 ], [ 105.8508483, 21.0118341 ], [ 105.8508465, 21.0117993 ], [ 105.8508444, 21.01176 ], [ 105.8507274, 21.0117024 ], [ 105.8503625, 21.0111053 ], [ 105.8507014, 21.0106198 ], [ 105.8506975, 21.0105691 ], [ 105.850692899999984, 21.0105088 ], [ 105.85022330000001, 21.0101884 ], [ 105.8499972, 21.009832 ], [ 105.8499136, 21.009523 ], [ 105.8498718, 21.0095236 ], [ 105.849828, 21.0095242 ], [ 105.8490179, 21.0095714 ], [ 105.8485991, 21.0091879 ], [ 105.8477631, 21.0091354 ], [ 105.847812399999981, 21.0085692 ], [ 105.847535, 21.0084167 ], [ 105.8477044, 21.0091439 ], [ 105.847453499999986, 21.009447 ], [ 105.8469763, 21.0096937 ], [ 105.8462778, 21.0100997 ], [ 105.845587599999988, 21.0106504 ], [ 105.84562219999998, 21.0108095 ], [ 105.845979, 21.0115572 ], [ 105.84605089999998, 21.0121199 ], [ 105.846219399999981, 21.012609 ], [ 105.846500299999988, 21.0133232 ] ] ] } },
{ "type": "Feature", "properties": { "threshold_s": 600, "time_label": "10 minutes" }, "geometry": { "type": "Polygon", "coordinates": [ [ [ 105.8440286, 21.0153723 ], [ 105.8440765, 21.0154253 ], [ 105.8443329, 21.0155831 ], [ 105.845883599999979, 21.0160686 ], [ 105.8476531, 21.0169223 ], [ 105.8484312, 21.0165873 ], [ 105.8499089, 21.0153064 ], [ 105.8503695, 21.0153007 ], [ 105.8504132, 21.0153003 ], [ 105.8504439, 21.0153001 ], [ 105.850861499999979, 21.015226 ], [ 105.852383099999983, 21.013791 ], [ 105.8523863, 21.013765 ], [ 105.8523807, 21.0134658 ], [ 105.8517022, 21.0118222 ], [ 105.8522162, 21.0107317 ], [ 105.8533409, 21.010022 ], [ 105.8529832, 21.0087722 ], [ 105.852174399999981, 21.0083903 ], [ 105.8513694, 21.0072447 ], [ 105.8493247, 21.0069354 ], [ 105.848229, 21.0065647 ], [ 105.8472907, 21.0058901 ], [ 105.847253, 21.0058908 ], [ 105.846544, 21.00634 ], [ 105.8448271, 21.007545 ], [ 105.8448073, 21.0077811 ], [ 105.845227499999979, 21.0084969 ], [ 105.8449397, 21.0104502 ], [ 105.845169799999979, 21.0110389 ], [ 105.8455437, 21.0125883 ], [ 105.8452984, 21.0134518 ], [ 105.8440204, 21.0145618 ], [ 105.8440286, 21.0153723 ] ] ] } },
{ "type": "Feature", "properties": { "threshold_s": 900, "time_label": "15 minutes" }, "geometry": { "type": "Polygon", "coordinates": [ [ [ 105.8438212, 21.0181427 ], [ 105.8439301, 21.0182691 ], [ 105.844818099999983, 21.0173794 ], [ 105.8461965, 21.0170919 ], [ 105.8473556, 21.0182764 ], [ 105.8473042, 21.019172 ], [ 105.8476423, 21.0192556 ], [ 105.84948439999998, 21.0196666 ], [ 105.8497291, 21.0196171 ], [ 105.850657499999983, 21.0186116 ], [ 105.8520763, 21.0171997 ], [ 105.853942, 21.0156466 ], [ 105.854189399999981, 21.0155069 ], [ 105.854477599999981, 21.0153488 ], [ 105.8558113, 21.0141714 ], [ 105.8558234, 21.0141164 ], [ 105.8558368, 21.0140551 ], [ 105.8551874, 21.01328 ], [ 105.855237099999982, 21.0116553 ], [ 105.8562328, 21.0104795 ], [ 105.8562563, 21.0089621 ], [ 105.8562548, 21.0089011 ], [ 105.855183899999986, 21.0079216 ], [ 105.854656399999982, 21.0073922 ], [ 105.8530703, 21.0055535 ], [ 105.8530462, 21.0054517 ], [ 105.852179799999988, 21.0048192 ], [ 105.8510054, 21.0039707 ], [ 105.850948499999987, 21.0039725 ], [ 105.8504813, 21.0044425 ], [ 105.848247699999988, 21.0034029 ], [ 105.848163699999986, 21.0031837 ], [ 105.8481198, 21.0031246 ], [ 105.8479323, 21.0030977 ], [ 105.8472952, 21.0030473 ], [ 105.8460271, 21.0031376 ], [ 105.8459995, 21.0031673 ], [ 105.8445299, 21.0048271 ], [ 105.843462799999983, 21.0063694 ], [ 105.841828199999981, 21.0067238 ], [ 105.84179349999998, 21.0067242 ], [ 105.84151559999998, 21.0071533 ], [ 105.840980099999982, 21.0081695 ], [ 105.8418279, 21.0084792 ], [ 105.842925399999984, 21.0088663 ], [ 105.845227499999979, 21.0084969 ], [ 105.8452884, 21.0100443 ], [ 105.8449397, 21.0104502 ], [ 105.845169799999979, 21.0110389 ], [ 105.8455437, 21.0125883 ], [ 105.8452984, 21.0134518 ], [ 105.842844899999989, 21.0139577 ], [ 105.8423851, 21.0136837 ], [ 105.8414563, 21.0134154 ], [ 105.8413787, 21.0134169 ], [ 105.8413199, 21.0134184 ], [ 105.841088, 21.0134947 ], [ 105.8417746, 21.0142145 ], [ 105.8432513, 21.0155825 ], [ 105.8433861, 21.0171286 ], [ 105.8433952, 21.0172849 ], [ 105.843404099999987, 21.0174454 ], [ 105.8434082, 21.0175215 ], [ 105.8436638, 21.0179165 ], [ 105.8438212, 21.0181427 ] ] ] } },
{ "type": "Feature", "properties": { "threshold_s": 300, "time_label": "5 minutes" }, "geometry": { "type": "Polygon", "coordinates": [ [ [ 105.9146912, 21.0514571 ], [ 105.9141134, 21.0523452 ], [ 105.91662479999998, 21.0522506 ], [ 105.9167827, 21.0523292 ], [ 105.9175238, 21.0512283 ], [ 105.9181118, 21.0501951 ], [ 105.918086299999985, 21.0496829 ], [ 105.917996299999984, 21.049639 ], [ 105.916707599999981, 21.0488642 ], [ 105.9168603, 21.0480312 ], [ 105.9168964, 21.047664 ], [ 105.9168198, 21.0476514 ], [ 105.9167889, 21.0479981 ], [ 105.9160499, 21.0494019 ], [ 105.915995599999988, 21.0494981 ], [ 105.9158587, 21.0497441 ], [ 105.9157641, 21.0499082 ], [ 105.915714, 21.0499971 ], [ 105.9151458, 21.0510615 ], [ 105.9146912, 21.0514571 ] ] ] } },
{ "type": "Feature", "properties": { "threshold_s": 600, "time_label": "10 minutes" }, "geometry": { "type": "Polygon", "coordinates": [ [ [ 105.913937299999986, 21.0531122 ], [ 105.9131436, 21.0546659 ], [ 105.9153275, 21.0550876 ], [ 105.916585, 21.0547195 ], [ 105.9170593, 21.0542967 ], [ 105.9167827, 21.0523292 ], [ 105.9175238, 21.0512283 ], [ 105.9181118, 21.0501951 ], [ 105.9188062, 21.0484174 ], [ 105.9200685, 21.046757 ], [ 105.919997099999989, 21.046324 ], [ 105.918943, 21.0456149 ], [ 105.91889879999998, 21.0455889 ], [ 105.9174435, 21.0448097 ], [ 105.9172332, 21.0452558 ], [ 105.9169027, 21.0468661 ], [ 105.9144176, 21.0465012 ], [ 105.9128053, 21.0476122 ], [ 105.9117256, 21.0473484 ], [ 105.910927199999989, 21.0471771 ], [ 105.9107985, 21.0472161 ], [ 105.9106655, 21.047355 ], [ 105.9107343, 21.047484 ], [ 105.9124226, 21.0483371 ], [ 105.913052099999987, 21.0485388 ], [ 105.913145, 21.048381 ], [ 105.9160499, 21.0494019 ], [ 105.915995599999988, 21.0494981 ], [ 105.9159073, 21.0496598 ], [ 105.9158587, 21.0497441 ], [ 105.9157641, 21.0499082 ], [ 105.915714, 21.0499971 ], [ 105.9151458, 21.0510615 ], [ 105.9146912, 21.0514571 ], [ 105.9141134, 21.0523452 ], [ 105.913937299999986, 21.0531122 ] ] ] } },
{ "type": "Feature", "properties": { "threshold_s": 900, "time_label": "15 minutes" }, "geometry": { "type": "Polygon", "coordinates": [ [ [ 105.909907099999984, 21.0537557 ], [ 105.9098792, 21.0540017 ], [ 105.910200299999985, 21.0540864 ], [ 105.9126123, 21.0551909 ], [ 105.9141242, 21.0578004 ], [ 105.9142263, 21.0578306 ], [ 105.914522299999987, 21.0578986 ], [ 105.91652, 21.0558966 ], [ 105.9170593, 21.0542967 ], [ 105.9175238, 21.0512283 ], [ 105.9181118, 21.0501951 ], [ 105.9188062, 21.0484174 ], [ 105.9200685, 21.046757 ], [ 105.9204711, 21.0460496 ], [ 105.9201701, 21.0432687 ], [ 105.9188304, 21.0420236 ], [ 105.9182073, 21.0419867 ], [ 105.915599, 21.0431026 ], [ 105.914017499999986, 21.0439628 ], [ 105.9144176, 21.0465012 ], [ 105.9117256, 21.0473484 ], [ 105.9106824, 21.0461506 ], [ 105.910536, 21.0460772 ], [ 105.9096343, 21.0462182 ], [ 105.909367, 21.0466549 ], [ 105.909318299999981, 21.0467352 ], [ 105.9087358, 21.0485998 ], [ 105.9088379, 21.04865 ], [ 105.9089842, 21.0487219 ], [ 105.909013, 21.048736 ], [ 105.911886599999988, 21.0479455 ], [ 105.9126104, 21.0498132 ], [ 105.9141134, 21.0523452 ], [ 105.912081, 21.0542273 ], [ 105.909907099999984, 21.0537557 ] ] ] } },
{ "type": "Feature", "properties": { "threshold_s": 300, "time_label": "5 minutes" }, "geometry": { "type": "Polygon", "coordinates": [ [ [ 105.841163, 20.979453 ], [ 105.8411146, 20.9795659 ], [ 105.842379199999982, 20.9798625 ], [ 105.8427546, 20.9802647 ], [ 105.8433568, 20.9810019 ], [ 105.8445343, 20.9816468 ], [ 105.84555, 20.9818509 ], [ 105.845599199999981, 20.9817604 ], [ 105.8452653, 20.981211 ], [ 105.845469, 20.9803271 ], [ 105.8454296, 20.9794605 ], [ 105.845534900000018, 20.978795 ], [ 105.845246399999979, 20.9782549 ], [ 105.8464845, 20.9775636 ], [ 105.8464594, 20.9775329 ], [ 105.8449398, 20.977785 ], [ 105.844884, 20.9777432 ], [ 105.8447324, 20.9776093 ], [ 105.8433809, 20.9775628 ], [ 105.8431478, 20.9778016 ], [ 105.841985699999981, 20.9774348 ], [ 105.8418835, 20.9774722 ], [ 105.8417179, 20.9783072 ], [ 105.841163, 20.979453 ] ] ] } },
{ "type": "Feature", "properties": { "threshold_s": 600, "time_label": "10 minutes" }, "geometry": { "type": "Polygon", "coordinates": [ [ [ 105.8408848, 20.9809101 ], [ 105.840906799999985, 20.9824372 ], [ 105.8422223, 20.9835438 ], [ 105.8426379, 20.9835422 ], [ 105.843325299999989, 20.9835397 ], [ 105.843916099999987, 20.9835023 ], [ 105.84611049999998, 20.9843601 ], [ 105.846156, 20.9843527 ], [ 105.8463632, 20.9842153 ], [ 105.8466884, 20.9838131 ], [ 105.8470592, 20.9821605 ], [ 105.8474393, 20.9810135 ], [ 105.847071899999989, 20.9804818 ], [ 105.846394599999982, 20.9799451 ], [ 105.8464845, 20.9775636 ], [ 105.8466326, 20.9774512 ], [ 105.8482845, 20.9769889 ], [ 105.8486292, 20.9770436 ], [ 105.848915, 20.9771256 ], [ 105.84927519999998, 20.9760541 ], [ 105.8492998, 20.9759711 ], [ 105.8482388, 20.9754645 ], [ 105.8464119, 20.9751899 ], [ 105.8454805, 20.9747307 ], [ 105.84531029999998, 20.9749372 ], [ 105.8430176, 20.9758735 ], [ 105.8412429, 20.9745682 ], [ 105.8410339, 20.9747029 ], [ 105.8406052, 20.9751904 ], [ 105.8407851, 20.9768414 ], [ 105.8398219, 20.9783062 ], [ 105.840823, 20.9798277 ], [ 105.840884099999982, 20.9808651 ], [ 105.8408848, 20.9809101 ] ] ] } },
{ "type": "Feature", "properties": { "threshold_s": 900, "time_label": "15 minutes" }, "geometry": { "type": "Polygon", "coordinates": [ [ [ 105.839911599999979, 20.9834117 ], [ 105.840896099999981, 20.9853769 ], [ 105.8411972, 20.9855627 ], [ 105.8412526, 20.9855861 ], [ 105.8441826, 20.986064 ], [ 105.8450048, 20.9868042 ], [ 105.8452208, 20.9870371 ], [ 105.8468481, 20.9874193 ], [ 105.8468993, 20.9874246 ], [ 105.8469379, 20.987382499999988 ], [ 105.847553499999989, 20.9865736 ], [ 105.8492962, 20.9845607 ], [ 105.849968, 20.9838387 ], [ 105.8498109, 20.9811143 ], [ 105.8507725, 20.9786828 ], [ 105.851025400000012, 20.9784355 ], [ 105.851780100000013, 20.9775599 ], [ 105.851854099999983, 20.9752616 ], [ 105.8514261, 20.9734925 ], [ 105.849415199999981, 20.9729801 ], [ 105.8466385, 20.9721617 ], [ 105.8449834, 20.971682 ], [ 105.8448163, 20.9719029 ], [ 105.844806199999979, 20.9721732 ], [ 105.8419509, 20.972826 ], [ 105.841804199999984, 20.9724207 ], [ 105.8413519, 20.9715486 ], [ 105.841178, 20.9715142 ], [ 105.841124, 20.9715041 ], [ 105.840074499999986, 20.9721202 ], [ 105.840338399999979, 20.9744477 ], [ 105.83986, 20.9755597 ], [ 105.8398219, 20.9783062 ], [ 105.840823, 20.9798277 ], [ 105.8391941, 20.9812741 ], [ 105.839081, 20.9813497 ], [ 105.83906540000001, 20.9815293 ], [ 105.839911599999979, 20.9834117 ] ] ] } },
{ "type": "Feature", "properties": { "threshold_s": 300, "time_label": "5 minutes" }, "geometry": { "type": "Polygon", "coordinates": [ [ [ 105.823375699999985, 20.9654283 ], [ 105.8233268, 20.9656049 ], [ 105.8239219, 20.9658657 ], [ 105.824592, 20.9661919 ], [ 105.825362, 20.9665758 ], [ 105.8254412, 20.9668489 ], [ 105.8257597, 20.9664716 ], [ 105.825986, 20.9664076 ], [ 105.826557799999989, 20.9673253 ], [ 105.826082099999979, 20.9663804 ], [ 105.82599759999998, 20.9660834 ], [ 105.8258971, 20.9661062 ], [ 105.8256899, 20.9661532 ], [ 105.825058799999979, 20.9655601 ], [ 105.8257288, 20.9650263 ], [ 105.8258419, 20.965006 ], [ 105.826601199999985, 20.965125 ], [ 105.8272015, 20.9650463 ], [ 105.827862599999989, 20.9651382 ], [ 105.8281091, 20.9649072 ], [ 105.8280482, 20.9641278 ], [ 105.827321200000014, 20.9638084 ], [ 105.8271093, 20.963039 ], [ 105.8266544, 20.9637052 ], [ 105.8258513, 20.9635836 ], [ 105.8259371, 20.9631115 ], [ 105.8259835, 20.9628652 ], [ 105.8260089, 20.9627483 ], [ 105.8260916, 20.9622704 ], [ 105.8261843, 20.9619107 ], [ 105.8255562, 20.9622111 ], [ 105.8250571, 20.962625 ], [ 105.8245571, 20.9625454 ], [ 105.8242462, 20.9629798 ], [ 105.8238264, 20.9632502 ], [ 105.823169799999988, 20.9638277 ], [ 105.8237812, 20.9643386 ], [ 105.8236371, 20.9649525 ], [ 105.823375699999985, 20.9654283 ] ] ] } },
{ "type": "Feature", "properties": { "threshold_s": 600, "time_label": "10 minutes" }, "geometry": { "type": "Polygon", "coordinates": [ [ [ 105.820651799999979, 20.9668823 ], [ 105.8205762, 20.967685 ], [ 105.821367, 20.9679161 ], [ 105.822714099999985, 20.9679813 ], [ 105.8243981, 20.9683485 ], [ 105.824758399999979, 20.9691831 ], [ 105.8248707, 20.9691192 ], [ 105.826558099999986, 20.9694311 ], [ 105.826723699999988, 20.9698306 ], [ 105.8267404, 20.9698708 ], [ 105.827040599999989, 20.9697223 ], [ 105.8287615, 20.9693105 ], [ 105.829043399999989, 20.969304 ], [ 105.829262799999981, 20.9691182 ], [ 105.8296869, 20.9681624 ], [ 105.8294013, 20.9681543 ], [ 105.8286471, 20.9686444 ], [ 105.8276079, 20.9682935 ], [ 105.8272842, 20.96708 ], [ 105.8272322, 20.9669382 ], [ 105.8271253, 20.9669075 ], [ 105.82599759999998, 20.9660834 ], [ 105.826601199999985, 20.965125 ], [ 105.8272015, 20.9650463 ], [ 105.827862599999989, 20.9651382 ], [ 105.829356899999979, 20.9653476 ], [ 105.8303584, 20.9657829 ], [ 105.830911, 20.9658736 ], [ 105.831228699999983, 20.9659211 ], [ 105.8313425, 20.9659381 ], [ 105.8313449, 20.9648941 ], [ 105.8306153, 20.9642158 ], [ 105.8299458, 20.963509 ], [ 105.8298303, 20.9624983 ], [ 105.8283917, 20.9622715 ], [ 105.8271093, 20.963039 ], [ 105.8261843, 20.9619107 ], [ 105.826484, 20.9608249 ], [ 105.826799899999983, 20.960512 ], [ 105.8275891, 20.9602505 ], [ 105.8284734, 20.9601177 ], [ 105.828441899999987, 20.9600724 ], [ 105.8269578, 20.9593907 ], [ 105.826646299999979, 20.9598052 ], [ 105.8257247, 20.9602171 ], [ 105.8248087, 20.9594253 ], [ 105.823912, 20.9596368 ], [ 105.823172, 20.9603073 ], [ 105.8228509, 20.9612154 ], [ 105.8218819, 20.9621635 ], [ 105.821291599999981, 20.9625399 ], [ 105.8212362, 20.9641056 ], [ 105.8208954, 20.9644349 ], [ 105.820565799999983, 20.9647696 ], [ 105.8205669, 20.9657307 ], [ 105.820651799999979, 20.9668823 ] ] ] } },
{ "type": "Feature", "properties": { "threshold_s": 900, "time_label": "15 minutes" }, "geometry": { "type": "Polygon", "coordinates": [ [ [ 105.8182835, 20.9696172 ], [ 105.8183348, 20.9697101 ], [ 105.8206009, 20.9697142 ], [ 105.820965499999986, 20.9702239 ], [ 105.82302319999998, 20.9701504 ], [ 105.8232947, 20.9707305 ], [ 105.823515699999987, 20.9709671 ], [ 105.824479, 20.9717209 ], [ 105.8254286, 20.9721424 ], [ 105.826799199999982, 20.9723378 ], [ 105.8280892, 20.9719164 ], [ 105.8292573, 20.9717537 ], [ 105.831028300000014, 20.9710903 ], [ 105.832089699999983, 20.9705753 ], [ 105.8321843, 20.9699732 ], [ 105.832131099999984, 20.9698574 ], [ 105.8305086, 20.9685754 ], [ 105.8296869, 20.9681624 ], [ 105.8294013, 20.9681543 ], [ 105.8276079, 20.9682935 ], [ 105.8272842, 20.96708 ], [ 105.8272322, 20.9669382 ], [ 105.827862599999989, 20.9651382 ], [ 105.829356899999979, 20.9653476 ], [ 105.8303584, 20.9657829 ], [ 105.830911, 20.9658736 ], [ 105.831228699999983, 20.9659211 ], [ 105.8322623, 20.966886 ], [ 105.8326329, 20.9673162 ], [ 105.8335361, 20.9675523 ], [ 105.833983299999986, 20.9677065 ], [ 105.8338722, 20.9661759 ], [ 105.8343771, 20.9654029 ], [ 105.8344526, 20.96497 ], [ 105.8337453, 20.9642795 ], [ 105.8331598, 20.9630388 ], [ 105.83288589999998, 20.9624632 ], [ 105.831552, 20.9622384 ], [ 105.831824800000021, 20.9596329 ], [ 105.8314636, 20.9595826 ], [ 105.829620299999988, 20.9586068 ], [ 105.8293887, 20.9579891 ], [ 105.8295356, 20.9586332 ], [ 105.828441899999987, 20.9600724 ], [ 105.8269578, 20.9593907 ], [ 105.82666279999998, 20.9592949 ], [ 105.8254395, 20.959245 ], [ 105.8249939, 20.9577836 ], [ 105.826816500000021, 20.957131 ], [ 105.8265824, 20.9566123 ], [ 105.8262362, 20.9563941 ], [ 105.824101, 20.9569746 ], [ 105.8242105, 20.9573946 ], [ 105.8243628, 20.9579188 ], [ 105.823912, 20.9596368 ], [ 105.822351, 20.9589825 ], [ 105.8220141, 20.9584586 ], [ 105.8217596, 20.9580239 ], [ 105.820103299999985, 20.9594074 ], [ 105.8198753, 20.959561 ], [ 105.8197278, 20.9609161 ], [ 105.819733699999986, 20.9613011 ], [ 105.81974, 20.961463 ], [ 105.8182203, 20.9629686 ], [ 105.8181649, 20.9642388 ], [ 105.8183548, 20.9654966 ], [ 105.817947100000012, 20.9670225 ], [ 105.818031, 20.9670581 ], [ 105.818181, 20.96713 ], [ 105.818786200000019, 20.9675894 ], [ 105.8182835, 20.9696172 ] ] ] } },
{ "type": "Feature", "properties": { "threshold_s": 300, "time_label": "5 minutes" }, "geometry": { "type": "Polygon", "coordinates": [ [ [ 105.8244618, 20.9646993 ], [ 105.8244073, 20.9652253 ], [ 105.825058799999979, 20.9655601 ], [ 105.8256899, 20.9661532 ], [ 105.825986, 20.9664076 ], [ 105.826082099999979, 20.9663804 ], [ 105.82599759999998, 20.9660834 ], [ 105.826601199999985, 20.965125 ], [ 105.8272015, 20.9650463 ], [ 105.827862599999989, 20.9651382 ], [ 105.8281091, 20.9649072 ], [ 105.8293317, 20.9653071 ], [ 105.829356899999979, 20.9653476 ], [ 105.8303584, 20.9657829 ], [ 105.8293688, 20.965098 ], [ 105.8294526, 20.9646263 ], [ 105.8295257, 20.9642142 ], [ 105.828375, 20.9644016 ], [ 105.8282221, 20.963214 ], [ 105.828244399999988, 20.9630972 ], [ 105.8271093, 20.963039 ], [ 105.8266544, 20.9637052 ], [ 105.8258513, 20.9635836 ], [ 105.825106, 20.9636313 ], [ 105.8247328, 20.964097 ], [ 105.8244618, 20.9646993 ] ] ] } },
{ "type": "Feature", "properties": { "threshold_s": 600, "time_label": "10 minutes" }, "geometry": { "type": "Polygon", "coordinates": [ [ [ 105.8212225, 20.9663025 ], [ 105.822074799999982, 20.9672917 ], [ 105.823752499999983, 20.9673613 ], [ 105.8243981, 20.9683485 ], [ 105.825436900000014, 20.9688901 ], [ 105.826884099999987, 20.9692289 ], [ 105.828380699999983, 20.9688519 ], [ 105.828648199999989, 20.9687009 ], [ 105.8286471, 20.9686444 ], [ 105.8276079, 20.9682935 ], [ 105.8272842, 20.96708 ], [ 105.8272322, 20.9669382 ], [ 105.8271253, 20.9669075 ], [ 105.82599759999998, 20.9660834 ], [ 105.826601199999985, 20.965125 ], [ 105.8272015, 20.9650463 ], [ 105.827862599999989, 20.9651382 ], [ 105.829356899999979, 20.9653476 ], [ 105.8303584, 20.9657829 ], [ 105.830911, 20.9658736 ], [ 105.831228699999983, 20.9659211 ], [ 105.832372799999987, 20.9664387 ], [ 105.833236500000012, 20.966368 ], [ 105.8330353, 20.9658189 ], [ 105.8328593, 20.9645912 ], [ 105.8321277, 20.9640135 ], [ 105.83145949999998, 20.9627628 ], [ 105.830816699999986, 20.9626584 ], [ 105.8298303, 20.9624983 ], [ 105.8283917, 20.9622715 ], [ 105.8282571, 20.9604839 ], [ 105.826799899999983, 20.960512 ], [ 105.826580599999986, 20.9606869 ], [ 105.826484, 20.9608249 ], [ 105.8248811, 20.9610625 ], [ 105.824389499999981, 20.961223 ], [ 105.8246469, 20.9620958 ], [ 105.8245571, 20.9625454 ], [ 105.8230933, 20.9630391 ], [ 105.8227544, 20.9631353 ], [ 105.8225234, 20.9634102 ], [ 105.821636799999979, 20.9644366 ], [ 105.821515600000012, 20.9653903 ], [ 105.8212225, 20.9663025 ] ] ] } },
{ "type": "Feature", "properties": { "threshold_s": 900, "time_label": "15 minutes" }, "geometry": { "type": "Polygon", "coordinates": [ [ [ 105.819539, 20.9687177 ], [ 105.8196124, 20.9688083 ], [ 105.8203151, 20.9693352 ], [ 105.8221451, 20.9693193 ], [ 105.8224583, 20.969167 ], [ 105.8237983, 20.9693264 ], [ 105.8240693, 20.9707252 ], [ 105.8240936, 20.9707829 ], [ 105.825347199999982, 20.9712921 ], [ 105.8263295, 20.9715273 ], [ 105.8276941, 20.9712653 ], [ 105.829027699999983, 20.9708149 ], [ 105.8298722, 20.9707611 ], [ 105.8312362, 20.9702354 ], [ 105.8305086, 20.9685754 ], [ 105.8296869, 20.9681624 ], [ 105.8294013, 20.9681543 ], [ 105.8276079, 20.9682935 ], [ 105.8272842, 20.96708 ], [ 105.8272322, 20.9669382 ], [ 105.8271253, 20.9669075 ], [ 105.8272015, 20.9650463 ], [ 105.827862599999989, 20.9651382 ], [ 105.829356899999979, 20.9653476 ], [ 105.8303584, 20.9657829 ], [ 105.830911, 20.9658736 ], [ 105.831228699999983, 20.9659211 ], [ 105.8322623, 20.966886 ], [ 105.8326329, 20.9673162 ], [ 105.8335361, 20.9675523 ], [ 105.833983299999986, 20.9677065 ], [ 105.834576, 20.9679067 ], [ 105.834966499999979, 20.9680413 ], [ 105.8353643, 20.9674143 ], [ 105.8359747, 20.9663853 ], [ 105.835995, 20.9663279 ], [ 105.835789100000014, 20.9645809 ], [ 105.835718, 20.9644366 ], [ 105.8352492, 20.9635943 ], [ 105.835009, 20.9633439 ], [ 105.8335842, 20.9625842 ], [ 105.833254499999981, 20.9625263 ], [ 105.83288589999998, 20.9624632 ], [ 105.831552, 20.9622384 ], [ 105.8298303, 20.9624983 ], [ 105.8283917, 20.9622715 ], [ 105.8282571, 20.9604839 ], [ 105.8284734, 20.9601177 ], [ 105.829897299999985, 20.959406 ], [ 105.828441899999987, 20.9600724 ], [ 105.8269578, 20.9593907 ], [ 105.82666279999998, 20.9592949 ], [ 105.8254395, 20.959245 ], [ 105.823912, 20.9596368 ], [ 105.8224824, 20.9599853 ], [ 105.8212849, 20.9604796 ], [ 105.8210957, 20.9609487 ], [ 105.820956, 20.9616195 ], [ 105.8209992, 20.9629538 ], [ 105.819685, 20.9637008 ], [ 105.8188924, 20.9635439 ], [ 105.818807299999989, 20.9642619 ], [ 105.8189268, 20.9651055 ], [ 105.818833, 20.9668629 ], [ 105.818786200000019, 20.9675894 ], [ 105.819539, 20.9687177 ] ] ] } },
{ "type": "Feature", "properties": { "threshold_s": 300, "time_label": "5 minutes" }, "geometry": { "type": "Polygon", "coordinates": [ [ [ 105.8299299, 21.0289885 ], [ 105.830064299999989, 21.0291357 ], [ 105.8308623, 21.0291851 ], [ 105.831287599999982, 21.0288059 ], [ 105.8319699, 21.029207 ], [ 105.8321091, 21.0297439 ], [ 105.831816599999982, 21.0301555 ], [ 105.8321326, 21.0300643 ], [ 105.832264099999989, 21.0300264 ], [ 105.8322246, 21.0297085 ], [ 105.8324866, 21.0290689 ], [ 105.83308959999998, 21.0286202 ], [ 105.8334324, 21.0290819 ], [ 105.833606499999988, 21.0295805 ], [ 105.8343437, 21.0291363 ], [ 105.8347199, 21.0297822 ], [ 105.8351281, 21.0293283 ], [ 105.835208699999981, 21.0291554 ], [ 105.8352045, 21.0290234 ], [ 105.83544689999998, 21.0283121 ], [ 105.8355407, 21.0276977 ], [ 105.8358098, 21.0274787 ], [ 105.8357768, 21.0272036 ], [ 105.8355305, 21.0269608 ], [ 105.8353298, 21.0270387 ], [ 105.835163, 21.0270997 ], [ 105.8346719, 21.0273725 ], [ 105.834338800000012, 21.0266357 ], [ 105.8338691, 21.0260981 ], [ 105.833379799999989, 21.0259305 ], [ 105.833308499999987, 21.0259561 ], [ 105.8332711, 21.02597 ], [ 105.832603, 21.0262411 ], [ 105.8322023, 21.0256286 ], [ 105.832496300000017, 21.0262839 ], [ 105.8318917, 21.0265264 ], [ 105.831178, 21.0266003 ], [ 105.831207, 21.0267431 ], [ 105.8313195, 21.027544 ], [ 105.831107299999985, 21.0278697 ], [ 105.8305382, 21.0282119 ], [ 105.830729399999981, 21.0287026 ], [ 105.830144, 21.0290206 ], [ 105.8299299, 21.0289885 ] ] ] } },
{ "type": "Feature", "properties": { "threshold_s": 600, "time_label": "10 minutes" }, "geometry": { "type": "Polygon", "coordinates": [ [ [ 105.8269824, 21.0294318 ], [ 105.827056699999986, 21.0301347 ], [ 105.828374, 21.0306888 ], [ 105.8287042, 21.0306122 ], [ 105.8287269, 21.030582 ], [ 105.8298481, 21.0298819 ], [ 105.830965799999987, 21.03117 ], [ 105.830511, 21.0319499 ], [ 105.8305036, 21.0320276 ], [ 105.8309837, 21.0322455 ], [ 105.832499799999979, 21.0324723 ], [ 105.832611899999989, 21.0329665 ], [ 105.8326176, 21.0330118 ], [ 105.8330307, 21.0329917 ], [ 105.834446900000017, 21.0332708 ], [ 105.8346485, 21.0329755 ], [ 105.8346596, 21.0326555 ], [ 105.8344087, 21.0320628 ], [ 105.836163499999984, 21.0317323 ], [ 105.836284, 21.0317132 ], [ 105.8363673, 21.0317001 ], [ 105.8363928, 21.0316739 ], [ 105.8372817, 21.0305998 ], [ 105.837226699999988, 21.0304679 ], [ 105.837126499999982, 21.030221 ], [ 105.8373598, 21.0285935 ], [ 105.838287899999983, 21.0275392 ], [ 105.8385407, 21.0267578 ], [ 105.837966, 21.0252581 ], [ 105.8369903, 21.0257885 ], [ 105.8358943, 21.02522 ], [ 105.835590600000018, 21.0245607 ], [ 105.8344065, 21.0239657 ], [ 105.8339494, 21.0236557 ], [ 105.8326815, 21.0236773 ], [ 105.832081499999987, 21.0229931 ], [ 105.8320407, 21.0230111 ], [ 105.831658, 21.0236495 ], [ 105.8325391, 21.0243779 ], [ 105.8326, 21.02451 ], [ 105.8322023, 21.0256286 ], [ 105.8306846, 21.0251621 ], [ 105.830023699999984, 21.0257031 ], [ 105.8292409, 21.0268468 ], [ 105.827835599999986, 21.0267721 ], [ 105.8276909, 21.0268084 ], [ 105.8279535, 21.0282996 ], [ 105.827500199999989, 21.0288101 ], [ 105.8270358, 21.0291411 ], [ 105.8270098, 21.0292028 ], [ 105.8269824, 21.0294318 ] ] ] } },
{ "type": "Feature", "properties": { "threshold_s": 900, "time_label": "15 minutes" }, "geometry": { "type": "Polygon", "coordinates": [ [ [ 105.825410799999986, 21.0317228 ], [ 105.8255852, 21.0321663 ], [ 105.8263958, 21.0326647 ], [ 105.826612, 21.0327824 ], [ 105.8271154, 21.0330225 ], [ 105.828677699999986, 21.0334407 ], [ 105.8301794, 21.034223 ], [ 105.8314525, 21.0352625 ], [ 105.83333829999998, 21.0358236 ], [ 105.8335738, 21.0360497 ], [ 105.8339457, 21.0359012 ], [ 105.834852899999987, 21.0352006 ], [ 105.8360009, 21.0350874 ], [ 105.8361186, 21.0350883 ], [ 105.8367548, 21.0351557 ], [ 105.83723, 21.0348339 ], [ 105.8384266, 21.0335804 ], [ 105.8391606, 21.0326673 ], [ 105.8403538, 21.031221 ], [ 105.840869899999987, 21.0300125 ], [ 105.84091, 21.0290548 ], [ 105.841467, 21.0277232 ], [ 105.8414065, 21.0276431 ], [ 105.8405659, 21.0265053 ], [ 105.83985269999998, 21.0250743 ], [ 105.8398458, 21.0245839 ], [ 105.838737199999983, 21.0232243 ], [ 105.8370337, 21.022389 ], [ 105.8368905, 21.022215 ], [ 105.83656569999998, 21.0217017 ], [ 105.8350096, 21.0214646 ], [ 105.834126, 21.0213059 ], [ 105.8325399, 21.021104 ], [ 105.830824099999987, 21.0202777 ], [ 105.8306827, 21.0200819 ], [ 105.8305698, 21.0201334 ], [ 105.830613099999979, 21.0202247 ], [ 105.830679500000016, 21.0203596 ], [ 105.8304034, 21.0219365 ], [ 105.8297363, 21.0223725 ], [ 105.829433499999979, 21.0225938 ], [ 105.8291791, 21.0232128 ], [ 105.8273448, 21.0239835 ], [ 105.8269312, 21.0241688 ], [ 105.8261297, 21.0249358 ], [ 105.825496, 21.0261552 ], [ 105.824480899999983, 21.0272689 ], [ 105.8244215, 21.0273223 ], [ 105.824268799999984, 21.0282426 ], [ 105.8240872, 21.0301376 ], [ 105.82414319999998, 21.0303494 ], [ 105.825410799999986, 21.0317228 ] ] ] } },
{ "type": "Feature", "properties": { "threshold_s": 300, "time_label": "5 minutes" }, "geometry": { "type": "Polygon", "coordinates": [ [ [ 105.8296547, 21.0068206 ], [ 105.829681099999988, 21.0068781 ], [ 105.8297112, 21.0068632 ], [ 105.830631399999987, 21.0066338 ], [ 105.8306871, 21.0067505 ], [ 105.830610199999981, 21.0073167 ], [ 105.830847599999984, 21.0070522 ], [ 105.8314267, 21.0075176 ], [ 105.8315973, 21.0077502 ], [ 105.831849, 21.0073421 ], [ 105.832211199999989, 21.0072269 ], [ 105.8326686, 21.0075434 ], [ 105.8327436, 21.0076003 ], [ 105.8330274, 21.0075696 ], [ 105.8330412, 21.0075533 ], [ 105.8332736, 21.007166 ], [ 105.834016100000014, 21.0070049 ], [ 105.8348649, 21.0072345 ], [ 105.834835100000021, 21.0072003 ], [ 105.8342326, 21.0066906 ], [ 105.8344907, 21.0064826 ], [ 105.8346466, 21.0062955 ], [ 105.8347237, 21.0061215 ], [ 105.8347368, 21.006079 ], [ 105.833992899999984, 21.0064956 ], [ 105.8332682, 21.0062273 ], [ 105.8330928, 21.0058302 ], [ 105.8330552, 21.0055342 ], [ 105.833139, 21.0050311 ], [ 105.8333252, 21.0047242 ], [ 105.8334315, 21.0046051 ], [ 105.833538899999979, 21.0042719 ], [ 105.8334051, 21.0041568 ], [ 105.8329882, 21.0036725 ], [ 105.8326588, 21.003919 ], [ 105.8322107, 21.0040287 ], [ 105.8322633, 21.0043188 ], [ 105.8322266, 21.0045897 ], [ 105.8320036, 21.0052167 ], [ 105.831375799999989, 21.0050742 ], [ 105.83133789999998, 21.0047696 ], [ 105.8313097, 21.0045143 ], [ 105.830512199999987, 21.0044066 ], [ 105.8304416, 21.0044219 ], [ 105.830539, 21.0046831 ], [ 105.8307012, 21.005395 ], [ 105.8302277, 21.0055724 ], [ 105.83006709999998, 21.0056276 ], [ 105.830179, 21.005863 ], [ 105.830573, 21.0061385 ], [ 105.8306082, 21.0065914 ], [ 105.8296839, 21.0068059 ], [ 105.8296547, 21.0068206 ] ] ] } },
{ "type": "Feature", "properties": { "threshold_s": 600, "time_label": "10 minutes" }, "geometry": { "type": "Polygon", "coordinates": [ [ [ 105.8265004, 21.0083225 ], [ 105.826473300000018, 21.0084746 ], [ 105.8272151, 21.0081256 ], [ 105.828324499999979, 21.008822 ], [ 105.8284331, 21.0090241 ], [ 105.828726299999985, 21.0093671 ], [ 105.829487699999987, 21.0095601 ], [ 105.8308864, 21.0099026 ], [ 105.8311112, 21.0101008 ], [ 105.8311515, 21.0101143 ], [ 105.8321006, 21.0098374 ], [ 105.833418399999985, 21.009885 ], [ 105.83372319999998, 21.0102199 ], [ 105.834968100000012, 21.010101 ], [ 105.835895, 21.0099236 ], [ 105.835920699999988, 21.0087322 ], [ 105.837040900000019, 21.0077076 ], [ 105.8371803, 21.006521 ], [ 105.8366086, 21.005467 ], [ 105.836401, 21.0050873 ], [ 105.8359453, 21.0037513 ], [ 105.8359769, 21.0034845 ], [ 105.835203899999982, 21.0022623 ], [ 105.834804, 21.0012407 ], [ 105.83456409999998, 21.0011493 ], [ 105.834103099999979, 21.0018813 ], [ 105.833318500000019, 21.0023412 ], [ 105.8327832, 21.0025447 ], [ 105.8312517, 21.0026833 ], [ 105.830937599999984, 21.0023281 ], [ 105.830837099999982, 21.002102 ], [ 105.8296162, 21.0019048 ], [ 105.829344599999985, 21.0014927 ], [ 105.829280399999988, 21.0015153 ], [ 105.829033199999984, 21.0027554 ], [ 105.8281698, 21.0038139 ], [ 105.827431599999983, 21.0045071 ], [ 105.8274062, 21.0058114 ], [ 105.8278958, 21.0063023 ], [ 105.82691029999998, 21.0074179 ], [ 105.8265004, 21.0083225 ] ] ] } },
{ "type": "Feature", "properties": { "threshold_s": 900, "time_label": "15 minutes" }, "geometry": { "type": "Polygon", "coordinates": [ [ [ 105.8239568, 21.0094475 ], [ 105.8239771, 21.0095664 ], [ 105.8250477, 21.0104207 ], [ 105.825438199999979, 21.0101527 ], [ 105.8254496, 21.0099181 ], [ 105.826102399999982, 21.0088156 ], [ 105.8265457, 21.0086402 ], [ 105.82823879999998, 21.0097202 ], [ 105.828554699999984, 21.0105444 ], [ 105.8294458, 21.0121442 ], [ 105.829458099999982, 21.012176 ], [ 105.8294828, 21.0122139 ], [ 105.830324099999984, 21.0117202 ], [ 105.8322904, 21.0125429 ], [ 105.8324386, 21.0127523 ], [ 105.83313, 21.0126516 ], [ 105.8346444, 21.0122589 ], [ 105.8355564, 21.0124581 ], [ 105.837189, 21.0123155 ], [ 105.838141, 21.0122689 ], [ 105.837884, 21.0108848 ], [ 105.8383984, 21.0091529 ], [ 105.838475699999989, 21.0088499 ], [ 105.8384145, 21.0086934 ], [ 105.838777300000018, 21.0067038 ], [ 105.839487399999982, 21.0066276 ], [ 105.8397586, 21.0058087 ], [ 105.839723799999987, 21.0056028 ], [ 105.8392324, 21.0041845 ], [ 105.8382447, 21.0026185 ], [ 105.8375687, 21.0008221 ], [ 105.8361323, 20.9997316 ], [ 105.836008599999985, 20.999195 ], [ 105.835499199999987, 20.9992445 ], [ 105.834132399999987, 21.0008464 ], [ 105.8327046, 21.0007881 ], [ 105.8318431, 21.000018 ], [ 105.8314659, 20.9997501 ], [ 105.830655099999987, 20.9997356 ], [ 105.8292817, 20.9986442 ], [ 105.828634199999982, 20.9984468 ], [ 105.8276374, 20.9991516 ], [ 105.8274167, 20.9996313 ], [ 105.8270668, 21.0011229 ], [ 105.826183799999981, 21.0017167 ], [ 105.8258048, 21.0024646 ], [ 105.8249209, 21.0041247 ], [ 105.8245169, 21.0042612 ], [ 105.8254152, 21.0051478 ], [ 105.8246969, 21.007038 ], [ 105.823827799999989, 21.0080473 ], [ 105.8238687, 21.0085877 ], [ 105.8239568, 21.0094475 ] ] ] } },
{ "type": "Feature", "properties": { "threshold_s": 300, "time_label": "5 minutes" }, "geometry": { "type": "Polygon", "coordinates": [ [ [ 105.8790365, 20.9997365 ], [ 105.8785062, 21.0009022 ], [ 105.878845, 21.0009046 ], [ 105.8792541, 21.0005829 ], [ 105.8794681, 21.000463 ], [ 105.8800156, 20.9999385 ], [ 105.880486499999989, 20.9995238 ], [ 105.8809266, 20.9993679 ], [ 105.88154, 20.9995514 ], [ 105.8815935, 21.0004135 ], [ 105.880761799999988, 21.0007424 ], [ 105.881448299999988, 21.0011064 ], [ 105.8817579, 21.0012315 ], [ 105.881919, 21.0002537 ], [ 105.882226, 21.0002289 ], [ 105.8819815, 20.9999458 ], [ 105.881493300000017, 20.9991783 ], [ 105.8810351, 20.9986543 ], [ 105.8807046, 20.9985833 ], [ 105.880280499999984, 20.998588 ], [ 105.8797713, 20.998019 ], [ 105.880388600000018, 20.9974104 ], [ 105.8806602, 20.9971767 ], [ 105.879999699999985, 20.9966167 ], [ 105.8799467, 20.9963007 ], [ 105.8799081, 20.9966121 ], [ 105.8799048, 20.9966711 ], [ 105.8798706, 20.9971054 ], [ 105.8798468, 20.9973687 ], [ 105.879039299999988, 20.9978448 ], [ 105.8789937, 20.9979963 ], [ 105.8790666, 20.9987749 ], [ 105.8790365, 20.9997365 ] ] ] } },
{ "type": "Feature", "properties": { "threshold_s": 600, "time_label": "10 minutes" }, "geometry": { "type": "Polygon", "coordinates": [ [ [ 105.8749775, 21.0018513 ], [ 105.874792899999989, 21.0018779 ], [ 105.8747847, 21.0019392 ], [ 105.8750189, 21.0019506 ], [ 105.8766061, 21.0020298 ], [ 105.8767031, 21.002003 ], [ 105.877117699999985, 21.0018883 ], [ 105.8775448, 21.0016264 ], [ 105.878815399999979, 21.0010815 ], [ 105.8792889, 21.0020579 ], [ 105.880598399999982, 21.0019924 ], [ 105.8817006, 21.0013437 ], [ 105.8827187, 21.0011365 ], [ 105.884286799999984, 21.0007272 ], [ 105.8845715, 21.0004738 ], [ 105.8844303, 20.9998765 ], [ 105.883732499999979, 20.998937 ], [ 105.884189599999985, 20.9973842 ], [ 105.8830326, 20.9965026 ], [ 105.8829371, 20.9961615 ], [ 105.8828641, 20.9964794 ], [ 105.8810914, 20.9965389 ], [ 105.8808607, 20.9960631 ], [ 105.880635899999987, 20.9949763 ], [ 105.880330300000011, 20.9942578 ], [ 105.8802279, 20.9938684 ], [ 105.8786746, 20.9943388 ], [ 105.8778967, 20.9955095 ], [ 105.8768079, 20.9961808 ], [ 105.8762384, 20.9964895 ], [ 105.8764201, 20.9968647 ], [ 105.876614799999984, 20.9970527 ], [ 105.8769219, 20.9971173 ], [ 105.877402, 20.9971161 ], [ 105.8778472, 20.9970597 ], [ 105.8789937, 20.9979963 ], [ 105.8790406, 20.9981979 ], [ 105.8790666, 20.9987749 ], [ 105.8790365, 20.9997365 ], [ 105.8785062, 21.0009022 ], [ 105.877087399999979, 21.0016606 ], [ 105.8765819, 21.0015552 ], [ 105.8749775, 21.0018513 ] ] ] } },
{ "type": "Feature", "properties": { "threshold_s": 900, "time_label": "15 minutes" }, "geometry": { "type": "Polygon", "coordinates": [ [ [ 105.8720382, 21.0018357 ], [ 105.8719451, 21.0029259 ], [ 105.8723518, 21.0030253 ], [ 105.872981600000017, 21.0026449 ], [ 105.8742909, 21.0023561 ], [ 105.8758303, 21.0031449 ], [ 105.8767031, 21.002003 ], [ 105.8782787, 21.0023919 ], [ 105.8792889, 21.0020579 ], [ 105.880598399999982, 21.0019924 ], [ 105.8817006, 21.0013437 ], [ 105.8827187, 21.0011365 ], [ 105.884286799999984, 21.0007272 ], [ 105.8855343, 21.000653 ], [ 105.887015, 20.9999782 ], [ 105.8871947, 20.999932 ], [ 105.887817499999983, 20.9983719 ], [ 105.886925399999981, 20.9976786 ], [ 105.886157299999979, 20.9975762 ], [ 105.885534, 20.9976432 ], [ 105.88483309999998, 20.9973271 ], [ 105.8850714, 20.9956857 ], [ 105.8852112, 20.9953945 ], [ 105.884554699999981, 20.9944813 ], [ 105.883640899999989, 20.9942863 ], [ 105.882638, 20.9938644 ], [ 105.881378, 20.9934683 ], [ 105.8815105, 20.9920909 ], [ 105.880921499999985, 20.9913976 ], [ 105.880314899999988, 20.9910861 ], [ 105.879004899999984, 20.9903355 ], [ 105.8786516, 20.9904362 ], [ 105.878072, 20.9909919 ], [ 105.8780732, 20.9912486 ], [ 105.877228799999983, 20.9926985 ], [ 105.8764131, 20.9933019 ], [ 105.875616799999989, 20.9940394 ], [ 105.8743442, 20.9949916 ], [ 105.8740541, 20.9951104 ], [ 105.873323899999988, 20.9958659 ], [ 105.8739142, 20.9965625 ], [ 105.874449899999988, 20.9967148 ], [ 105.875261099999989, 20.9981113 ], [ 105.874843, 20.9991038 ], [ 105.8736969, 20.9996913 ], [ 105.8721276, 21.0000976 ], [ 105.8720653, 21.0001479 ], [ 105.872414799999987, 21.0008711 ], [ 105.8720382, 21.0018357 ] ] ] } },
{ "type": "Feature", "properties": { "threshold_s": 300, "time_label": "5 minutes" }, "geometry": { "type": "Polygon", "coordinates": [ [ [ 105.817059499999985, 21.015103 ], [ 105.8171226, 21.0151812 ], [ 105.8181544, 21.0151627 ], [ 105.8180626, 21.0150549 ], [ 105.8190254, 21.0143417 ], [ 105.8193471, 21.0146865 ], [ 105.819534099999984, 21.0149076 ], [ 105.8197274, 21.0150865 ], [ 105.8200027, 21.0153683 ], [ 105.8200606, 21.0154275 ], [ 105.820636599999986, 21.0155553 ], [ 105.821541, 21.0150983 ], [ 105.821986199999984, 21.0143722 ], [ 105.821819199999979, 21.0142681 ], [ 105.821414799999985, 21.0138483 ], [ 105.8218555, 21.0128691 ], [ 105.8215489, 21.0124264 ], [ 105.8217434, 21.0114035 ], [ 105.8218432, 21.011293 ], [ 105.8217168, 21.0111703 ], [ 105.8210636, 21.011436 ], [ 105.8202843, 21.0111365 ], [ 105.819727499999985, 21.0110639 ], [ 105.818765, 21.0111418 ], [ 105.8180956, 21.0112743 ], [ 105.817403299999981, 21.0113101 ], [ 105.8174337, 21.0116693 ], [ 105.8176724, 21.0124305 ], [ 105.8173863, 21.0130373 ], [ 105.817194299999983, 21.0141487 ], [ 105.817059499999985, 21.015103 ] ] ] } },
{ "type": "Feature", "properties": { "threshold_s": 600, "time_label": "10 minutes" }, "geometry": { "type": "Polygon", "coordinates": [ [ [ 105.81451, 21.0157834 ], [ 105.8144784, 21.0168468 ], [ 105.8152942, 21.0172761 ], [ 105.8155263, 21.0172993 ], [ 105.815563, 21.0172775 ], [ 105.8172454, 21.0172555 ], [ 105.8182778, 21.0168502 ], [ 105.8189634, 21.0168833 ], [ 105.8192482, 21.0165501 ], [ 105.8196244, 21.0160317 ], [ 105.8210061, 21.0168052 ], [ 105.8219248, 21.0163274 ], [ 105.8229102, 21.0168195 ], [ 105.8231036, 21.0167124 ], [ 105.823586, 21.0163781 ], [ 105.8241854, 21.0150856 ], [ 105.8243082, 21.0143762 ], [ 105.8243647, 21.0136334 ], [ 105.823909299999983, 21.0132399 ], [ 105.8239204, 21.0119625 ], [ 105.8236017, 21.0116584 ], [ 105.8236917, 21.01026 ], [ 105.8244464, 21.0097847 ], [ 105.8245423, 21.0097478 ], [ 105.8246237, 21.0092349 ], [ 105.824531799999988, 21.0090573 ], [ 105.824108, 21.0089148 ], [ 105.8227721, 21.0087462 ], [ 105.822202799999985, 21.008972 ], [ 105.820994699999986, 21.0086392 ], [ 105.8198374, 21.0086689 ], [ 105.8197205, 21.0087133 ], [ 105.8187104, 21.0089734 ], [ 105.8178422, 21.0088922 ], [ 105.8172128, 21.008838 ], [ 105.815946, 21.0090933 ], [ 105.8154217, 21.0091039 ], [ 105.815111299999984, 21.009414899999989 ], [ 105.81504, 21.0106984 ], [ 105.8151533, 21.0119085 ], [ 105.8152502, 21.0121028 ], [ 105.8152857, 21.0136475 ], [ 105.814929899999981, 21.0139064 ], [ 105.814514, 21.0141487 ], [ 105.8145404, 21.014187 ], [ 105.81451, 21.0157834 ] ] ] } },
{ "type": "Feature", "properties": { "threshold_s": 900, "time_label": "15 minutes" }, "geometry": { "type": "Polygon", "coordinates": [ [ [ 105.8116067, 21.0181059 ], [ 105.8116971, 21.0182687 ], [ 105.8117712, 21.0182718 ], [ 105.811853299999981, 21.0182328 ], [ 105.8134319, 21.0179704 ], [ 105.8155092, 21.0184682 ], [ 105.8156337, 21.0196363 ], [ 105.8166523, 21.0198182 ], [ 105.819175699999988, 21.0200488 ], [ 105.8192599, 21.0200159 ], [ 105.8199504, 21.019543 ], [ 105.8225503, 21.0186339 ], [ 105.823109699999989, 21.0187853 ], [ 105.823878100000016, 21.0190342 ], [ 105.8248775, 21.0195253 ], [ 105.8249301, 21.0194954 ], [ 105.826294099999984, 21.0173724 ], [ 105.8264975, 21.0167857 ], [ 105.8266047, 21.01633 ], [ 105.826544199999987, 21.0162339 ], [ 105.8265638, 21.0136222 ], [ 105.8264424, 21.0127857 ], [ 105.8267893, 21.0105304 ], [ 105.8272151, 21.0081256 ], [ 105.8272261, 21.0080031 ], [ 105.827198, 21.0079576 ], [ 105.8260508, 21.0073939 ], [ 105.8249212, 21.006925 ], [ 105.82248610000002, 21.0060116 ], [ 105.82062879999998, 21.0064584 ], [ 105.8192071, 21.006482 ], [ 105.816423700000016, 21.0062468 ], [ 105.8162123, 21.0065606 ], [ 105.8156665, 21.0073042 ], [ 105.8153995, 21.0076719 ], [ 105.8128845, 21.0081049 ], [ 105.812528699999987, 21.008721 ], [ 105.8124825, 21.0090588 ], [ 105.8125809, 21.011501 ], [ 105.812219399999989, 21.0133108 ], [ 105.812238799999989, 21.0133402 ], [ 105.812356900000012, 21.0156908 ], [ 105.8119473, 21.0161553 ], [ 105.811559099999982, 21.0177554 ], [ 105.8116067, 21.0181059 ] ] ] } },
{ "type": "Feature", "properties": { "threshold_s": 300, "time_label": "5 minutes" }, "geometry": { "type": "Polygon", "coordinates": [ [ [ 105.824383899999987, 21.0188222 ], [ 105.8241324, 21.0195172 ], [ 105.8250989, 21.0198167 ], [ 105.8253073, 21.0198066 ], [ 105.825357899999986, 21.0197841 ], [ 105.826329, 21.0194622 ], [ 105.8268661, 21.0191655 ], [ 105.8273714, 21.0186062 ], [ 105.827328699999981, 21.0176954 ], [ 105.8275492, 21.0175884 ], [ 105.8277404, 21.0175042 ], [ 105.8278885, 21.0174387 ], [ 105.828400099999982, 21.0172266 ], [ 105.8278825, 21.0164168 ], [ 105.8277656, 21.0161977 ], [ 105.8275652, 21.0158218 ], [ 105.8274258, 21.0158955 ], [ 105.8273004, 21.0159617 ], [ 105.8271688, 21.0160313 ], [ 105.8263639, 21.015934 ], [ 105.826104099999981, 21.0155161 ], [ 105.8252611, 21.0154457 ], [ 105.824904, 21.0153629 ], [ 105.8241854, 21.0150856 ], [ 105.8237745, 21.0159823 ], [ 105.823586, 21.0163781 ], [ 105.8235465, 21.0170475 ], [ 105.8238348, 21.0175711 ], [ 105.8238937, 21.0180644 ], [ 105.823658199999983, 21.0185706 ], [ 105.824383899999987, 21.0188222 ] ] ] } },
{ "type": "Feature", "properties": { "threshold_s": 600, "time_label": "10 minutes" }, "geometry": { "type": "Polygon", "coordinates": [ [ [ 105.8199502, 21.0194252 ], [ 105.8201936, 21.019679 ], [ 105.820926, 21.020211 ], [ 105.8218386, 21.0208983 ], [ 105.8230045, 21.0216944 ], [ 105.8245524, 21.0217898 ], [ 105.826137499999987, 21.0219886 ], [ 105.8262048, 21.0221307 ], [ 105.8262447, 21.0222161 ], [ 105.826613, 21.0225991 ], [ 105.8266616, 21.0225842 ], [ 105.8268002, 21.0218737 ], [ 105.8276208, 21.0209801 ], [ 105.8275592, 21.0208908 ], [ 105.8273276, 21.0200372 ], [ 105.8286247, 21.0192495 ], [ 105.829659, 21.0191776 ], [ 105.830306599999986, 21.01926 ], [ 105.830562599999979, 21.0190758 ], [ 105.83053, 21.0184635 ], [ 105.8307863, 21.0172252 ], [ 105.8307408, 21.0171407 ], [ 105.8300049, 21.0158421 ], [ 105.8299859, 21.0154439 ], [ 105.8293595, 21.0141892 ], [ 105.828818699999985, 21.0141218 ], [ 105.8278551, 21.0139626 ], [ 105.827148, 21.0133393 ], [ 105.826904499999983, 21.0133471 ], [ 105.826874599999982, 21.013363 ], [ 105.8268116, 21.0133965 ], [ 105.8267703, 21.0134185 ], [ 105.8265638, 21.0136222 ], [ 105.826086799999985, 21.014063 ], [ 105.8253872, 21.0144222 ], [ 105.8243647, 21.0136334 ], [ 105.824535199999985, 21.0125101 ], [ 105.823909299999983, 21.0132399 ], [ 105.822827, 21.0131538 ], [ 105.8224529, 21.0128173 ], [ 105.8218555, 21.0128691 ], [ 105.821765, 21.0135499 ], [ 105.821819199999979, 21.0142681 ], [ 105.8209616, 21.0152015 ], [ 105.820592599999983, 21.0155885 ], [ 105.8210061, 21.0168052 ], [ 105.8219248, 21.0163274 ], [ 105.8229102, 21.0168195 ], [ 105.8230989, 21.016933 ], [ 105.8238348, 21.0175711 ], [ 105.8238937, 21.0180644 ], [ 105.8225503, 21.0186339 ], [ 105.8217917, 21.0190768 ], [ 105.820918899999981, 21.0187442 ], [ 105.8208529, 21.0187699 ], [ 105.8196938, 21.0191323 ], [ 105.8199502, 21.0194252 ] ] ] } },
{ "type": "Feature", "properties": { "threshold_s": 900, "time_label": "15 minutes" }, "geometry": { "type": "Polygon", "coordinates": [ [ [ 105.817919599999982, 21.0206486 ], [ 105.8184651, 21.021262 ], [ 105.81917, 21.0215428 ], [ 105.820607599999988, 21.0227058 ], [ 105.821139499999987, 21.023105 ], [ 105.8215034, 21.0233503 ], [ 105.821849599999979, 21.0234691 ], [ 105.8233295, 21.0237522 ], [ 105.8239404, 21.0241061 ], [ 105.8244233, 21.0244681 ], [ 105.8254175, 21.0242838 ], [ 105.8264775, 21.0252003 ], [ 105.827504299999987, 21.0257152 ], [ 105.8275853, 21.0256966 ], [ 105.827953199999982, 21.0251024 ], [ 105.828214799999984, 21.0247179 ], [ 105.8285089, 21.0242942 ], [ 105.8291791, 21.0232128 ], [ 105.8291416, 21.0231124 ], [ 105.8290246, 21.0226817 ], [ 105.8292751, 21.0217885 ], [ 105.830962499999984, 21.0218548 ], [ 105.831543399999987, 21.0222136 ], [ 105.8315885, 21.0221961 ], [ 105.8322067, 21.021375 ], [ 105.8326522, 21.0207478 ], [ 105.8338905, 21.0193606 ], [ 105.833878799999979, 21.0192396 ], [ 105.833795699999982, 21.0192431 ], [ 105.8329788, 21.0190324 ], [ 105.8324475, 21.0177728 ], [ 105.8332666, 21.0162634 ], [ 105.833291, 21.0157222 ], [ 105.8332616, 21.015008 ], [ 105.833211, 21.0149598 ], [ 105.8318701, 21.0149681 ], [ 105.830861, 21.013993 ], [ 105.829703499999979, 21.0129873 ], [ 105.8292516, 21.0112565 ], [ 105.8277727, 21.0110523 ], [ 105.8264038, 21.0114014 ], [ 105.8257732, 21.0108807 ], [ 105.825382799999986, 21.0104534 ], [ 105.8248506, 21.0103259 ], [ 105.8244563, 21.0102915 ], [ 105.8240797, 21.0102951 ], [ 105.8223961, 21.0104585 ], [ 105.820994, 21.0103701 ], [ 105.8202843, 21.0111365 ], [ 105.8194863, 21.0117337 ], [ 105.8193559, 21.0123156 ], [ 105.8185817, 21.0138639 ], [ 105.818534799999981, 21.0139478 ], [ 105.818587699999981, 21.0140051 ], [ 105.8186589, 21.0140832 ], [ 105.8190254, 21.0143417 ], [ 105.8185774, 21.0160227 ], [ 105.8172454, 21.0172555 ], [ 105.8182778, 21.0168502 ], [ 105.8189634, 21.0168833 ], [ 105.8192482, 21.0165501 ], [ 105.8210061, 21.0168052 ], [ 105.8229102, 21.0168195 ], [ 105.8230989, 21.016933 ], [ 105.8225503, 21.0186339 ], [ 105.820918899999981, 21.0187442 ], [ 105.8208529, 21.0187699 ], [ 105.8196938, 21.0191323 ], [ 105.8193248, 21.0190549 ], [ 105.818657799999983, 21.0192562 ], [ 105.817599199999989, 21.020069 ], [ 105.817533699999984, 21.0201095 ], [ 105.8175955, 21.0201991 ], [ 105.817919599999982, 21.0206486 ] ] ] } },
{ "type": "Feature", "properties": { "threshold_s": 300, "time_label": "5 minutes" }, "geometry": { "type": "Polygon", "coordinates": [ [ [ 105.815619699999985, 21.0308432 ], [ 105.815631899999985, 21.0308788 ], [ 105.815997599999989, 21.0307799 ], [ 105.8163578, 21.0307674 ], [ 105.8170715, 21.0309045 ], [ 105.817091599999983, 21.0314176 ], [ 105.8170476, 21.0318075 ], [ 105.8171127, 21.0318166 ], [ 105.8172221, 21.0314317 ], [ 105.8179298, 21.0314289 ], [ 105.8181386, 21.0311424 ], [ 105.8182682, 21.0308725 ], [ 105.8182776, 21.0308235 ], [ 105.8183164, 21.0306209 ], [ 105.818270200000015, 21.0300729 ], [ 105.8184929, 21.029415 ], [ 105.8182883, 21.0293859 ], [ 105.8174546, 21.0296145 ], [ 105.817512099999988, 21.0292698 ], [ 105.8175406, 21.0287341 ], [ 105.817700099999982, 21.0281773 ], [ 105.8177788, 21.0277326 ], [ 105.8177825, 21.0272186 ], [ 105.8183612, 21.0270384 ], [ 105.817880699999989, 21.0268298 ], [ 105.8178261, 21.0263804 ], [ 105.817807700000017, 21.0268276 ], [ 105.8177044, 21.0269917 ], [ 105.817044199999984, 21.0272023 ], [ 105.817324499999984, 21.0276969 ], [ 105.8172533, 21.0281468 ], [ 105.8166004, 21.0280782 ], [ 105.8162195, 21.0286146 ], [ 105.8157983, 21.0288333 ], [ 105.815613299999981, 21.0289767 ], [ 105.8156233, 21.0292165 ], [ 105.815611599999983, 21.0296552 ], [ 105.815175399999987, 21.0299445 ], [ 105.815643399999985, 21.0303486 ], [ 105.8155967, 21.0307767 ], [ 105.815619699999985, 21.0308432 ] ] ] } },
{ "type": "Feature", "properties": { "threshold_s": 600, "time_label": "10 minutes" }, "geometry": { "type": "Polygon", "coordinates": [ [ [ 105.812366199999985, 21.0316055 ], [ 105.812389699999983, 21.0316669 ], [ 105.813436399999986, 21.0324224 ], [ 105.81496629999998, 21.0337055 ], [ 105.8160033, 21.0343463 ], [ 105.8176702, 21.035115 ], [ 105.818827499999983, 21.0333909 ], [ 105.819087699999983, 21.0331641 ], [ 105.819689899999986, 21.0322057 ], [ 105.821425199999979, 21.0319014 ], [ 105.822588, 21.03132 ], [ 105.8225948, 21.0312938 ], [ 105.822324699999982, 21.0303183 ], [ 105.8212919, 21.0291798 ], [ 105.8211359, 21.0291565 ], [ 105.819574299999985, 21.0295631 ], [ 105.819, 21.0294888 ], [ 105.8188734, 21.0294725 ], [ 105.8177788, 21.0277326 ], [ 105.8183612, 21.0270384 ], [ 105.818884299999979, 21.0250909 ], [ 105.8191819, 21.024783 ], [ 105.820086799999984, 21.0239923 ], [ 105.8200922, 21.023869 ], [ 105.819059899999985, 21.0240391 ], [ 105.817848499999982, 21.0236819 ], [ 105.8172538, 21.023766 ], [ 105.816059699999983, 21.0249068 ], [ 105.8154015, 21.0254933 ], [ 105.81477959999998, 21.0263122 ], [ 105.8138205, 21.0270628 ], [ 105.812878399999988, 21.0281866 ], [ 105.812118200000015, 21.0299488 ], [ 105.8120945, 21.0300662 ], [ 105.812366199999985, 21.0316055 ] ] ] } },
{ "type": "Feature", "properties": { "threshold_s": 900, "time_label": "15 minutes" }, "geometry": { "type": "Polygon", "coordinates": [ [ [ 105.8089947, 21.0324034 ], [ 105.8091429, 21.0325524 ], [ 105.8097184, 21.0329165 ], [ 105.8116813, 21.0345032 ], [ 105.8121695, 21.0349589 ], [ 105.8126948, 21.0353528 ], [ 105.8140633, 21.0360033 ], [ 105.815427500000013, 21.0369038 ], [ 105.8172352, 21.0376494 ], [ 105.818795499999979, 21.0369432 ], [ 105.819915499999979, 21.035916 ], [ 105.8203401, 21.0352888 ], [ 105.82213, 21.0342878 ], [ 105.822794799999983, 21.0336495 ], [ 105.824784199999982, 21.0322009 ], [ 105.8257821, 21.0319064 ], [ 105.825828300000012, 21.0317368 ], [ 105.8256768, 21.0314701 ], [ 105.8246677, 21.0306203 ], [ 105.8244861, 21.0290188 ], [ 105.8245456, 21.0280127 ], [ 105.8230632, 21.0265063 ], [ 105.8225066, 21.02537 ], [ 105.8217797, 21.0242068 ], [ 105.8222771, 21.0227251 ], [ 105.822012199999989, 21.0225246 ], [ 105.8202762, 21.0219293 ], [ 105.8183958, 21.0213033 ], [ 105.818289, 21.0213668 ], [ 105.8182314, 21.0214011 ], [ 105.8178379, 21.0223162 ], [ 105.8159421, 21.0239516 ], [ 105.815749699999984, 21.0239787 ], [ 105.814580399999983, 21.0241872 ], [ 105.81366509999998, 21.0244027 ], [ 105.8116518, 21.0253615 ], [ 105.8106065, 21.0265398 ], [ 105.810094099999986, 21.0281542 ], [ 105.8092819, 21.0290158 ], [ 105.809191399999989, 21.0295568 ], [ 105.8105154, 21.0314251 ], [ 105.809536300000019, 21.03226 ], [ 105.8089862, 21.0323421 ], [ 105.8089947, 21.0324034 ] ] ] } },
{ "type": "Feature", "properties": { "threshold_s": 300, "time_label": "5 minutes" }, "geometry": { "type": "Polygon", "coordinates": [ [ [ 105.8229092, 21.028578 ], [ 105.8230394, 21.029327 ], [ 105.8232311, 21.0294798 ], [ 105.823979099999988, 21.0297058 ], [ 105.8246381, 21.0295187 ], [ 105.824759, 21.0293859 ], [ 105.825643299999982, 21.0292298 ], [ 105.826125499999989, 21.0295637 ], [ 105.8268743, 21.0297654 ], [ 105.8269528, 21.0301263 ], [ 105.826946699999979, 21.0303692 ], [ 105.8270014, 21.0303701 ], [ 105.827109199999981, 21.030161 ], [ 105.82758339999998, 21.0296214 ], [ 105.8276253, 21.0295793 ], [ 105.827500199999989, 21.0288101 ], [ 105.8269523, 21.0287781 ], [ 105.826772, 21.0287471 ], [ 105.826143699999989, 21.0281694 ], [ 105.82552219999998, 21.0280978 ], [ 105.825105, 21.0273488 ], [ 105.8252866, 21.027163 ], [ 105.824480899999983, 21.0272689 ], [ 105.8241713, 21.0273449 ], [ 105.8232933, 21.027126 ], [ 105.823285499999983, 21.0262607 ], [ 105.8229992, 21.0263413 ], [ 105.8229428, 21.0264024 ], [ 105.8228411, 21.0267448 ], [ 105.823009199999987, 21.0273965 ], [ 105.8230565, 21.0282593 ], [ 105.8229092, 21.028578 ] ] ] } },
{ "type": "Feature", "properties": { "threshold_s": 600, "time_label": "10 minutes" }, "geometry": { "type": "Polygon", "coordinates": [ [ [ 105.820552799999987, 21.0309988 ], [ 105.8206503, 21.0313949 ], [ 105.821425199999979, 21.0319014 ], [ 105.822473799999983, 21.0316383 ], [ 105.8229445, 21.0313724 ], [ 105.8229492, 21.0313409 ], [ 105.82414319999998, 21.0303494 ], [ 105.8249218, 21.0316025 ], [ 105.824931299999989, 21.0316462 ], [ 105.8249635, 21.0318208 ], [ 105.8251858, 21.0322048 ], [ 105.8266528, 21.0331194 ], [ 105.8271908, 21.0334056 ], [ 105.8284347, 21.0324741 ], [ 105.829880799999984, 21.0322761 ], [ 105.830216, 21.0321081 ], [ 105.830289799999989, 21.0320106 ], [ 105.8300698, 21.0315796 ], [ 105.829902, 21.0311662 ], [ 105.8302924, 21.0296127 ], [ 105.8308623, 21.0291851 ], [ 105.8312695, 21.0287368 ], [ 105.8310536, 21.0287776 ], [ 105.8308944, 21.0288077 ], [ 105.830686199999988, 21.0288496 ], [ 105.8299299, 21.0289885 ], [ 105.8291994, 21.0287086 ], [ 105.828998199999987, 21.0275146 ], [ 105.828418199999987, 21.0261387 ], [ 105.827208899999988, 21.0252373 ], [ 105.8261297, 21.0249358 ], [ 105.825636399999979, 21.0250944 ], [ 105.82427, 21.0253925 ], [ 105.8234897, 21.024649 ], [ 105.8224115, 21.0247129 ], [ 105.8208891, 21.0242497 ], [ 105.820676599999985, 21.0241571 ], [ 105.8208414, 21.0243004 ], [ 105.821151, 21.0258272 ], [ 105.820901, 21.0260923 ], [ 105.820212799999979, 21.0268798 ], [ 105.820330199999987, 21.0268421 ], [ 105.821625399999988, 21.027994 ], [ 105.821295, 21.0287254 ], [ 105.8207201, 21.0295285 ], [ 105.8205647, 21.0309227 ], [ 105.820560799999981, 21.0309415 ], [ 105.820552799999987, 21.0309988 ] ] ] } },
{ "type": "Feature", "properties": { "threshold_s": 900, "time_label": "15 minutes" }, "geometry": { "type": "Polygon", "coordinates": [ [ [ 105.8179298, 21.0314289 ], [ 105.818846399999984, 21.0331372 ], [ 105.8189337, 21.0331501 ], [ 105.820102099999986, 21.0330387 ], [ 105.820959299999984, 21.0342283 ], [ 105.820971199999988, 21.034469 ], [ 105.820952299999988, 21.0347622 ], [ 105.82213, 21.0342878 ], [ 105.8237945, 21.034203 ], [ 105.825142499999984, 21.0349082 ], [ 105.8257644, 21.0355964 ], [ 105.8280025, 21.0355165 ], [ 105.8289017, 21.0350245 ], [ 105.8294562, 21.034578 ], [ 105.8317055, 21.0344357 ], [ 105.8330262, 21.0328932 ], [ 105.833283, 21.032421 ], [ 105.833358899999979, 21.032176 ], [ 105.8333441, 21.0321043 ], [ 105.8329182, 21.0314056 ], [ 105.833606499999988, 21.0295805 ], [ 105.8344339, 21.0277851 ], [ 105.83436949999998, 21.0276983 ], [ 105.8342416, 21.027618 ], [ 105.833598, 21.0273747 ], [ 105.8318917, 21.0265264 ], [ 105.8310901, 21.026056 ], [ 105.8303899, 21.0256055 ], [ 105.8293335, 21.0241869 ], [ 105.8291369, 21.0239736 ], [ 105.828630899999979, 21.0237236 ], [ 105.8283421, 21.0236253 ], [ 105.8265663, 21.0223211 ], [ 105.826289799999984, 21.0221979 ], [ 105.8262447, 21.0222161 ], [ 105.8245392, 21.0232661 ], [ 105.823406599999984, 21.0222774 ], [ 105.823108, 21.0221072 ], [ 105.8228313, 21.0222185 ], [ 105.822012199999989, 21.0225246 ], [ 105.820515199999988, 21.0224963 ], [ 105.818607, 21.021818 ], [ 105.818555, 21.0218512 ], [ 105.8180852, 21.0229261 ], [ 105.817848499999982, 21.0236819 ], [ 105.8178978, 21.0239717 ], [ 105.8179238, 21.0240883 ], [ 105.8183204, 21.0253608 ], [ 105.8184917, 21.0255117 ], [ 105.820212799999979, 21.0268798 ], [ 105.821295, 21.0287254 ], [ 105.81986689999998, 21.029601 ], [ 105.819574299999985, 21.0295631 ], [ 105.819, 21.0294888 ], [ 105.8188734, 21.0294725 ], [ 105.8172183, 21.0303949 ], [ 105.8171545, 21.0305372 ], [ 105.81734, 21.0309454 ], [ 105.8179298, 21.0314289 ] ] ] } },
{ "type": "Feature", "properties": { "threshold_s": 300, "time_label": "5 minutes" }, "geometry": { "type": "Polygon", "coordinates": [ [ [ 105.821842899999979, 21.0272776 ], [ 105.821625399999988, 21.027994 ], [ 105.821723899999981, 21.0279961 ], [ 105.8220157, 21.0278805 ], [ 105.822588699999983, 21.0278787 ], [ 105.8230565, 21.0282593 ], [ 105.8235743, 21.0280229 ], [ 105.824268799999984, 21.0282426 ], [ 105.8249219, 21.0281569 ], [ 105.8250334, 21.0280449 ], [ 105.8252866, 21.027163 ], [ 105.8254399, 21.0270519 ], [ 105.8249096, 21.0266522 ], [ 105.8240852, 21.0265106 ], [ 105.823724499999983, 21.0259304 ], [ 105.8236924, 21.0250639 ], [ 105.8234897, 21.024649 ], [ 105.823190199999985, 21.0247122 ], [ 105.8224115, 21.0247129 ], [ 105.821620699999983, 21.0244235 ], [ 105.821166199999979, 21.0240356 ], [ 105.8204649, 21.023973 ], [ 105.820676599999985, 21.0241571 ], [ 105.8208414, 21.0243004 ], [ 105.821132099999986, 21.0245431 ], [ 105.8218932, 21.0251753 ], [ 105.8217474, 21.0253173 ], [ 105.82144959999998, 21.0255664 ], [ 105.821151, 21.0258272 ], [ 105.8214901, 21.0265885 ], [ 105.821269199999989, 21.0268254 ], [ 105.82145, 21.0269679 ], [ 105.821842899999979, 21.0272776 ] ] ] } },
{ "type": "Feature", "properties": { "threshold_s": 600, "time_label": "10 minutes" }, "geometry": { "type": "Polygon", "coordinates": [ [ [ 105.819, 21.0294888 ], [ 105.8188734, 21.0294725 ], [ 105.819743599999981, 21.0305343 ], [ 105.8212423, 21.031036 ], [ 105.8224254, 21.0303916 ], [ 105.8231827, 21.0302119 ], [ 105.824114899999984, 21.0300138 ], [ 105.825133199999982, 21.0299229 ], [ 105.826946699999979, 21.0303692 ], [ 105.828068099999982, 21.0301127 ], [ 105.827500199999989, 21.0288101 ], [ 105.8275594, 21.0281555 ], [ 105.8279617, 21.0270171 ], [ 105.828418199999987, 21.0261387 ], [ 105.827208899999988, 21.0252373 ], [ 105.8261297, 21.0249358 ], [ 105.825636399999979, 21.0250944 ], [ 105.82427, 21.0253925 ], [ 105.8234897, 21.024649 ], [ 105.8236561, 21.0229132 ], [ 105.824090799999979, 21.0219954 ], [ 105.8237179, 21.0218597 ], [ 105.822719, 21.021974 ], [ 105.822012199999989, 21.0225246 ], [ 105.820366099999987, 21.022187 ], [ 105.819656899999984, 21.0218176 ], [ 105.818639599999983, 21.0215053 ], [ 105.8185121, 21.021461 ], [ 105.8180852, 21.0229261 ], [ 105.817848499999982, 21.0236819 ], [ 105.8178978, 21.0239717 ], [ 105.8179238, 21.0240883 ], [ 105.8183204, 21.0253608 ], [ 105.8184917, 21.0255117 ], [ 105.818884299999979, 21.0250909 ], [ 105.8191819, 21.024783 ], [ 105.821045, 21.0245766 ], [ 105.821151, 21.0258272 ], [ 105.820901, 21.0260923 ], [ 105.8205798, 21.0265988 ], [ 105.820212799999979, 21.0268798 ], [ 105.821625399999988, 21.027994 ], [ 105.821295, 21.0287254 ], [ 105.81986689999998, 21.029601 ], [ 105.819574299999985, 21.0295631 ], [ 105.819, 21.0294888 ] ] ] } },
{ "type": "Feature", "properties": { "threshold_s": 900, "time_label": "15 minutes" }, "geometry": { "type": "Polygon", "coordinates": [ [ [ 105.8170715, 21.0309045 ], [ 105.817083599999989, 21.0309174 ], [ 105.817215, 21.0309317 ], [ 105.81734, 21.0309454 ], [ 105.8181619, 21.0310252 ], [ 105.8191327, 21.0312788 ], [ 105.8198804, 21.0328282 ], [ 105.820102099999986, 21.0330387 ], [ 105.8213982, 21.0335006 ], [ 105.8232263, 21.032697 ], [ 105.8255852, 21.0321663 ], [ 105.8257933, 21.0323046 ], [ 105.826582499999986, 21.0329498 ], [ 105.8271908, 21.0334056 ], [ 105.828560699999983, 21.0323595 ], [ 105.829880799999984, 21.0322761 ], [ 105.830316699999983, 21.0321483 ], [ 105.830313599999982, 21.0320794 ], [ 105.830289799999989, 21.0320106 ], [ 105.8300698, 21.0315796 ], [ 105.829902, 21.0311662 ], [ 105.8308623, 21.0291851 ], [ 105.831287599999982, 21.0288059 ], [ 105.831414199999983, 21.0287101 ], [ 105.8304587, 21.0269332 ], [ 105.829982499999986, 21.0264029 ], [ 105.8295125, 21.0246758 ], [ 105.8293335, 21.0241869 ], [ 105.8291369, 21.0239736 ], [ 105.828183, 21.0232567 ], [ 105.8268002, 21.0218737 ], [ 105.8262805, 21.0209797 ], [ 105.825435, 21.0199703 ], [ 105.824958, 21.0196825 ], [ 105.824196499999985, 21.020029 ], [ 105.8240169, 21.0201293 ], [ 105.8238943, 21.0202015 ], [ 105.822883100000013, 21.0212512 ], [ 105.8211876, 21.0201556 ], [ 105.820520499999986, 21.0196682 ], [ 105.818904, 21.019351 ], [ 105.816697399999981, 21.0188348 ], [ 105.8166276, 21.0188775 ], [ 105.816519099999979, 21.0190584 ], [ 105.816181899999989, 21.0203633 ], [ 105.8156842, 21.0216009 ], [ 105.815144, 21.0227972 ], [ 105.814580399999983, 21.0241872 ], [ 105.814660099999983, 21.0246173 ], [ 105.815676499999981, 21.0257913 ], [ 105.8159606, 21.0269586 ], [ 105.816261, 21.0274303 ], [ 105.8166566, 21.0276506 ], [ 105.817030799999984, 21.0280136 ], [ 105.8170072, 21.0300751 ], [ 105.8170715, 21.0309045 ] ] ] } },
{ "type": "Feature", "properties": { "threshold_s": 300, "time_label": "5 minutes" }, "geometry": { "type": "Polygon", "coordinates": [ [ [ 105.761988499999987, 21.0413719 ], [ 105.7619123, 21.0416019 ], [ 105.7627513, 21.042123 ], [ 105.763454899999985, 21.0420787 ], [ 105.7642299, 21.0419507 ], [ 105.765167, 21.0419308 ], [ 105.7653609, 21.0430997 ], [ 105.7652924, 21.0433111 ], [ 105.766076199999986, 21.0434739 ], [ 105.7660032, 21.043376 ], [ 105.765701199999981, 21.0428995 ], [ 105.7655729, 21.0425029 ], [ 105.7654363, 21.0420835 ], [ 105.7656943, 21.0409844 ], [ 105.7656237, 21.0407674 ], [ 105.7662359, 21.0399174 ], [ 105.7669794, 21.0404547 ], [ 105.7679351, 21.0398866 ], [ 105.7680117, 21.039784 ], [ 105.767959499999989, 21.0396019 ], [ 105.7677803, 21.0394267 ], [ 105.7675408, 21.0393409 ], [ 105.7673985, 21.0393492 ], [ 105.7665134, 21.039612 ], [ 105.7657369, 21.0391144 ], [ 105.76524, 21.0383891 ], [ 105.765171599999988, 21.0381812 ], [ 105.764531, 21.0378498 ], [ 105.7642632, 21.0379232 ], [ 105.764282199999982, 21.0388382 ], [ 105.763165299999983, 21.0387054 ], [ 105.7627769, 21.0398105 ], [ 105.7626809, 21.0399469 ], [ 105.7621466, 21.0409979 ], [ 105.761988499999987, 21.0413719 ] ] ] } },
{ "type": "Feature", "properties": { "threshold_s": 600, "time_label": "10 minutes" }, "geometry": { "type": "Polygon", "coordinates": [ [ [ 105.759272, 21.0415963 ], [ 105.75927350000002, 21.0429405 ], [ 105.7611645, 21.0434982 ], [ 105.761599, 21.0433359 ], [ 105.764002, 21.0429211 ], [ 105.7659763, 21.0439075 ], [ 105.767226199999982, 21.0450383 ], [ 105.7673859, 21.0460407 ], [ 105.7678056, 21.0458744 ], [ 105.7682641, 21.0446891 ], [ 105.7684413, 21.0439029 ], [ 105.7691027, 21.0422465 ], [ 105.7703408, 21.0404542 ], [ 105.7706196, 21.039933 ], [ 105.771136, 21.0387466 ], [ 105.7711119, 21.0386671 ], [ 105.7709123, 21.0384315 ], [ 105.7703311, 21.0383083 ], [ 105.7699855, 21.0383788 ], [ 105.767990900000015, 21.0369785 ], [ 105.7661306, 21.0359932 ], [ 105.764332899999985, 21.0350892 ], [ 105.7635729, 21.0345506 ], [ 105.7625817, 21.0355359 ], [ 105.762626699999984, 21.0356506 ], [ 105.762773899999985, 21.0366921 ], [ 105.762243600000019, 21.0387256 ], [ 105.760582099999979, 21.0388648 ], [ 105.7598024, 21.0401977 ], [ 105.759272, 21.0415963 ] ] ] } },
{ "type": "Feature", "properties": { "threshold_s": 900, "time_label": "15 minutes" }, "geometry": { "type": "Polygon", "coordinates": [ [ [ 105.75569179999998, 21.0438833 ], [ 105.755740799999984, 21.044004 ], [ 105.755977, 21.0440395 ], [ 105.757454899999985, 21.0442948 ], [ 105.7581872, 21.04442 ], [ 105.7601762, 21.0455562 ], [ 105.7616909, 21.0455928 ], [ 105.762563699999987, 21.0453359 ], [ 105.762832599999982, 21.0452307 ], [ 105.763963299999986, 21.0449181 ], [ 105.7651595, 21.0445366 ], [ 105.7673859, 21.0460407 ], [ 105.7675302, 21.0462699 ], [ 105.7691786, 21.0474121 ], [ 105.769568899999982, 21.0476179 ], [ 105.770121799999984, 21.0471661 ], [ 105.7708569, 21.0455163 ], [ 105.7711852, 21.0441972 ], [ 105.7704596, 21.0433998 ], [ 105.7712388, 21.0414034 ], [ 105.772943, 21.0404876 ], [ 105.7731812, 21.0401448 ], [ 105.773553, 21.0394869 ], [ 105.773981399999983, 21.0386444 ], [ 105.773981899999981, 21.0376951 ], [ 105.7736938, 21.0374191 ], [ 105.771882099999985, 21.0364483 ], [ 105.770420799999982, 21.0354683 ], [ 105.767906599999989, 21.0342577 ], [ 105.7655768, 21.0329008 ], [ 105.7646188, 21.0324377 ], [ 105.7638749, 21.0322104 ], [ 105.761902099999986, 21.0325748 ], [ 105.760974100000013, 21.0338814 ], [ 105.760554699999986, 21.0347404 ], [ 105.7589015, 21.0360838 ], [ 105.757999699999985, 21.0376945 ], [ 105.756905099999983, 21.0389 ], [ 105.757552899999979, 21.0401056 ], [ 105.7578211, 21.0412945 ], [ 105.7562135, 21.043099 ], [ 105.756063499999982, 21.0431502 ], [ 105.755629699999986, 21.0436806 ], [ 105.75569179999998, 21.0438833 ] ] ] } },
{ "type": "Feature", "properties": { "threshold_s": 300, "time_label": "5 minutes" }, "geometry": { "type": "Polygon", "coordinates": [ [ [ 105.8270346, 21.0012111 ], [ 105.8271192, 21.0014607 ], [ 105.8271902, 21.0015136 ], [ 105.82790559999998, 21.0015298 ], [ 105.828719899999982, 21.0014782 ], [ 105.8295322, 21.0020871 ], [ 105.829635499999981, 21.0023482 ], [ 105.8296911, 21.0023344 ], [ 105.829673899999989, 21.0020401 ], [ 105.8296346, 21.0019479 ], [ 105.8296162, 21.0019048 ], [ 105.829344599999985, 21.0014927 ], [ 105.829432699999984, 21.0007672 ], [ 105.8301006, 21.0005356 ], [ 105.83076579999998, 21.0003868 ], [ 105.830950499999986, 21.0003694 ], [ 105.8309178, 21.0002528 ], [ 105.830655099999987, 20.9997356 ], [ 105.829784599999982, 21.0000959 ], [ 105.829383, 20.999471 ], [ 105.8292817, 20.9986442 ], [ 105.8290218, 20.9980952 ], [ 105.8292188, 20.9975185 ], [ 105.8295242, 20.9972191 ], [ 105.8297684, 20.9970722 ], [ 105.8297277, 20.9968867 ], [ 105.829642, 20.9968354 ], [ 105.8293987, 20.9969987 ], [ 105.8284854, 20.996879 ], [ 105.8284063, 20.9970668 ], [ 105.827682699999983, 20.9979038 ], [ 105.827430399999983, 20.9981189 ], [ 105.8271153, 20.9988331 ], [ 105.8268122, 20.999705 ], [ 105.827087599999984, 20.999912 ], [ 105.827551, 20.9999854 ], [ 105.827391299999988, 21.0010347 ], [ 105.827112699999986, 21.0011011 ], [ 105.8270668, 21.0011229 ], [ 105.8270346, 21.0012111 ] ] ] } },
{ "type": "Feature", "properties": { "threshold_s": 600, "time_label": "10 minutes" }, "geometry": { "type": "Polygon", "coordinates": [ [ [ 105.8240016, 21.0023542 ], [ 105.8240705, 21.0024545 ], [ 105.825225599999982, 21.0031699 ], [ 105.8268648, 21.0034675 ], [ 105.827454099999983, 21.0038413 ], [ 105.8281622, 21.0041615 ], [ 105.828981299999981, 21.0044063 ], [ 105.8307012, 21.005395 ], [ 105.8308872, 21.0054067 ], [ 105.8313097, 21.0045143 ], [ 105.83194349999998, 21.0033697 ], [ 105.8319062, 21.0021143 ], [ 105.832995699999984, 21.0011318 ], [ 105.833653, 21.0001273 ], [ 105.8343962, 20.9993929 ], [ 105.834261, 20.9989674 ], [ 105.8335874, 20.9987084 ], [ 105.831898, 20.9995241 ], [ 105.831787, 20.9995504 ], [ 105.83134, 20.9996095 ], [ 105.830655099999987, 20.9997356 ], [ 105.8292817, 20.9986442 ], [ 105.8297684, 20.9970722 ], [ 105.8301103, 20.9960817 ], [ 105.8302346, 20.9958791 ], [ 105.8304175, 20.99559 ], [ 105.830569, 20.9953617 ], [ 105.830639399999981, 20.9952527 ], [ 105.8312624, 20.9944524 ], [ 105.831472099999985, 20.9941198 ], [ 105.8313868, 20.9940746 ], [ 105.831247399999981, 20.9941054 ], [ 105.8308348, 20.9943142 ], [ 105.828680099999985, 20.9945229 ], [ 105.8270929, 20.9943849 ], [ 105.825866, 20.9959605 ], [ 105.825434299999984, 20.9967143 ], [ 105.824989099999982, 20.9978829 ], [ 105.8247431, 20.9995467 ], [ 105.823975799999985, 21.0011986 ], [ 105.823974, 21.0023062 ], [ 105.8240016, 21.0023542 ] ] ] } },
{ "type": "Feature", "properties": { "threshold_s": 900, "time_label": "15 minutes" }, "geometry": { "type": "Polygon", "coordinates": [ [ [ 105.8201779, 21.0025714 ], [ 105.820959299999984, 21.0034353 ], [ 105.8229364, 21.0042484 ], [ 105.824006, 21.0046575 ], [ 105.8254724, 21.0052687 ], [ 105.8265702, 21.0055301 ], [ 105.8287027, 21.0073278 ], [ 105.8315973, 21.0077502 ], [ 105.8330274, 21.0075696 ], [ 105.8330412, 21.0075533 ], [ 105.8332682, 21.0062273 ], [ 105.8330552, 21.0055342 ], [ 105.832942599999981, 21.0050652 ], [ 105.8322107, 21.0040287 ], [ 105.8338027, 21.0015774 ], [ 105.8350321, 21.0003082 ], [ 105.8374806, 20.9988543 ], [ 105.837696599999987, 20.9984753 ], [ 105.8376882, 20.9984477 ], [ 105.837507299999984, 20.9981313 ], [ 105.8366053, 20.9974298 ], [ 105.835837, 20.9986105 ], [ 105.8335874, 20.9987084 ], [ 105.831898, 20.9995241 ], [ 105.831787, 20.9995504 ], [ 105.83134, 20.9996095 ], [ 105.8297684, 20.9970722 ], [ 105.8301103, 20.9960817 ], [ 105.8302346, 20.9958791 ], [ 105.8304175, 20.99559 ], [ 105.830569, 20.9953617 ], [ 105.830639399999981, 20.9952527 ], [ 105.8312624, 20.9944524 ], [ 105.8315544, 20.9941634 ], [ 105.8319117, 20.9932425 ], [ 105.832391199999989, 20.992474 ], [ 105.832893199999987, 20.9918648 ], [ 105.8329881, 20.9917132 ], [ 105.8331121, 20.9915151 ], [ 105.8329374, 20.9914035 ], [ 105.8318141, 20.9916816 ], [ 105.8289143, 20.9922449 ], [ 105.8262963, 20.9924706 ], [ 105.824332399999989, 20.9938038 ], [ 105.8240193, 20.9950139 ], [ 105.822917799999985, 20.9970173 ], [ 105.8222021, 20.9983231 ], [ 105.821509099999986, 21.0003304 ], [ 105.8201779, 21.0025714 ] ] ] } },
{ "type": "Feature", "properties": { "threshold_s": 300, "time_label": "5 minutes" }, "geometry": { "type": "Polygon", "coordinates": [ [ [ 105.8339383, 21.0081583 ], [ 105.8338633, 21.0085189 ], [ 105.8339743, 21.0083103 ], [ 105.834223599999987, 21.0079918 ], [ 105.835173, 21.0083218 ], [ 105.8352788, 21.0082022 ], [ 105.83542580000001, 21.0080304 ], [ 105.8356008, 21.0078461 ], [ 105.835623199999986, 21.0078223 ], [ 105.836326799999981, 21.0070954 ], [ 105.837040900000019, 21.0077076 ], [ 105.8374053, 21.0080273 ], [ 105.8374227, 21.0080456 ], [ 105.8374049, 21.0076864 ], [ 105.836825, 21.006856 ], [ 105.8371803, 21.006521 ], [ 105.8375874, 21.0064716 ], [ 105.8375751, 21.0062207 ], [ 105.8368897, 21.0062644 ], [ 105.8366086, 21.005467 ], [ 105.836830099999986, 21.0047846 ], [ 105.836545299999983, 21.0044791 ], [ 105.8359453, 21.0037513 ], [ 105.83609269999998, 21.0034894 ], [ 105.836111, 21.0034298 ], [ 105.8361268, 21.0033786 ], [ 105.836088099999984, 21.0033333 ], [ 105.8359769, 21.0034845 ], [ 105.835902, 21.0037369 ], [ 105.8357981, 21.0040662 ], [ 105.834863699999985, 21.004242 ], [ 105.8340344, 21.0044181 ], [ 105.833867499999982, 21.0046444 ], [ 105.8337951, 21.0048082 ], [ 105.833728099999988, 21.0049556 ], [ 105.8346337, 21.0049926 ], [ 105.8342666, 21.0058897 ], [ 105.8331152, 21.0059677 ], [ 105.8335969, 21.0065027 ], [ 105.833713, 21.0074689 ], [ 105.8339383, 21.0081583 ] ] ] } },
{ "type": "Feature", "properties": { "threshold_s": 600, "time_label": "10 minutes" }, "geometry": { "type": "Polygon", "coordinates": [ [ [ 105.8333731, 21.010582 ], [ 105.8332158, 21.0107383 ], [ 105.833833799999979, 21.0106622 ], [ 105.8342137, 21.0105448 ], [ 105.8351569, 21.0105742 ], [ 105.8355368, 21.0105558 ], [ 105.836318099999986, 21.0105635 ], [ 105.836810899999989, 21.0104106 ], [ 105.8368958, 21.0102306 ], [ 105.837176199999988, 21.0099262 ], [ 105.8379433, 21.009784 ], [ 105.8383984, 21.0091529 ], [ 105.8386416, 21.0089445 ], [ 105.838609599999984, 21.0088661 ], [ 105.8384145, 21.0086934 ], [ 105.8383037, 21.0086152 ], [ 105.83815389999998, 21.008944 ], [ 105.8375996, 21.0093778 ], [ 105.8369976, 21.0089374 ], [ 105.8374227, 21.0080456 ], [ 105.8374049, 21.0076864 ], [ 105.837040900000019, 21.0077076 ], [ 105.836825, 21.006856 ], [ 105.837775, 21.0066352 ], [ 105.838015699999985, 21.0067862 ], [ 105.838679, 21.0067156 ], [ 105.838777300000018, 21.0067038 ], [ 105.839487399999982, 21.0066276 ], [ 105.8397586, 21.0058087 ], [ 105.839723799999987, 21.0056028 ], [ 105.839953199999982, 21.0048418 ], [ 105.839551899999989, 21.0041041 ], [ 105.8390613, 21.0037684 ], [ 105.838282399999983, 21.0032424 ], [ 105.8382447, 21.0026185 ], [ 105.8380566, 21.002328 ], [ 105.8371424, 21.0019912 ], [ 105.8362421, 21.0015498 ], [ 105.83652050000002, 21.0010887 ], [ 105.83646229999998, 21.0008569 ], [ 105.835840599999983, 21.0006936 ], [ 105.8356492, 21.0006859 ], [ 105.834804, 21.0012407 ], [ 105.834639899999985, 21.0018044 ], [ 105.834118799999985, 21.0021112 ], [ 105.833993699999979, 21.0021576 ], [ 105.833318500000019, 21.0023412 ], [ 105.8332182, 21.0024163 ], [ 105.833294899999984, 21.0033151 ], [ 105.8329882, 21.0036725 ], [ 105.8322107, 21.0040287 ], [ 105.8313097, 21.0045143 ], [ 105.8309557, 21.0048585 ], [ 105.8307012, 21.005395 ], [ 105.830424399999984, 21.0059666 ], [ 105.8306082, 21.0065914 ], [ 105.8306871, 21.0067505 ], [ 105.830847599999984, 21.0070522 ], [ 105.8314267, 21.0075176 ], [ 105.8315998, 21.0082158 ], [ 105.8316582, 21.008788 ], [ 105.8319296, 21.0089003 ], [ 105.832453099999981, 21.0090684 ], [ 105.833147399999987, 21.0096613 ], [ 105.8333731, 21.010582 ] ] ] } },
{ "type": "Feature", "properties": { "threshold_s": 900, "time_label": "15 minutes" }, "geometry": { "type": "Polygon", "coordinates": [ [ [ 105.8306187, 21.0115088 ], [ 105.8306646, 21.011591 ], [ 105.831893399999984, 21.0120159 ], [ 105.8325197, 21.0125327 ], [ 105.832586099999986, 21.0126039 ], [ 105.8326227, 21.0126416 ], [ 105.832963699999979, 21.0128263 ], [ 105.83356209999998, 21.0130381 ], [ 105.83426369999998, 21.013035 ], [ 105.835598600000012, 21.012954 ], [ 105.836593, 21.0128342 ], [ 105.8382332, 21.0126876 ], [ 105.838627099999982, 21.012106 ], [ 105.8392683, 21.0106539 ], [ 105.839130900000015, 21.010247 ], [ 105.8389282, 21.0098871 ], [ 105.839255499999979, 21.0083914 ], [ 105.8407625, 21.0080207 ], [ 105.8412842, 21.0083362 ], [ 105.841711299999986, 21.0073831 ], [ 105.8421247, 21.00603 ], [ 105.842809399999979, 21.0054356 ], [ 105.842611599999984, 21.0052106 ], [ 105.8420626, 21.0035516 ], [ 105.841719699999985, 21.0029826 ], [ 105.8406003, 21.0020369 ], [ 105.8396998, 21.0014127 ], [ 105.8388315, 21.0011621 ], [ 105.8383593, 21.000039 ], [ 105.8382244, 20.9995724 ], [ 105.8377772, 20.9988484 ], [ 105.836008599999985, 20.999195 ], [ 105.835499199999987, 20.9992445 ], [ 105.8347146, 21.0009086 ], [ 105.83456409999998, 21.0011493 ], [ 105.833318500000019, 21.0023412 ], [ 105.8327832, 21.0025447 ], [ 105.830937599999984, 21.0023281 ], [ 105.830837099999982, 21.002102 ], [ 105.8296346, 21.0019479 ], [ 105.8295322, 21.0020871 ], [ 105.829331399999987, 21.0032554 ], [ 105.828878, 21.0038493 ], [ 105.828393, 21.0044988 ], [ 105.8280056, 21.0059851 ], [ 105.8278958, 21.0063023 ], [ 105.827198, 21.0079576 ], [ 105.8271943, 21.0080894 ], [ 105.8272151, 21.0081256 ], [ 105.8284691, 21.008564 ], [ 105.828726299999985, 21.0093671 ], [ 105.828759, 21.0093723 ], [ 105.829487699999987, 21.0095601 ], [ 105.830596300000011, 21.010704199999989 ], [ 105.8306187, 21.0115088 ] ] ] } },
{ "type": "Feature", "properties": { "threshold_s": 300, "time_label": "5 minutes" }, "geometry": { "type": "Polygon", "coordinates": [ [ [ 105.8270611, 20.9993251 ], [ 105.8268122, 20.999705 ], [ 105.827087599999984, 20.999912 ], [ 105.827551, 20.9999854 ], [ 105.828269299999988, 21.0006855 ], [ 105.827992199999983, 20.999858 ], [ 105.8278881, 20.9994964 ], [ 105.8279655, 20.9993527 ], [ 105.82855859999998, 20.9993553 ], [ 105.8287126, 20.999587 ], [ 105.828820399999984, 20.9995603 ], [ 105.829133699999986, 20.9995316 ], [ 105.8290525, 20.9995075 ], [ 105.8287528, 20.9993119 ], [ 105.828644699999984, 20.9993361 ], [ 105.828184800000017, 20.9990728 ], [ 105.828477899999982, 20.9987201 ], [ 105.8287372, 20.9985029 ], [ 105.8287134, 20.9983152 ], [ 105.8290218, 20.9980952 ], [ 105.8289961, 20.9978805 ], [ 105.8286648, 20.9976954 ], [ 105.8284076, 20.9977521 ], [ 105.828015799999989, 20.9976908 ], [ 105.8278652, 20.9977791 ], [ 105.827682699999983, 20.9979038 ], [ 105.827430399999983, 20.9981189 ], [ 105.8276059, 20.9985123 ], [ 105.827444799999981, 20.9987114 ], [ 105.8271153, 20.9988331 ], [ 105.8272973, 20.9992536 ], [ 105.827274299999985, 20.9992591 ], [ 105.8270611, 20.9993251 ] ] ] } },
{ "type": "Feature", "properties": { "threshold_s": 600, "time_label": "10 minutes" }, "geometry": { "type": "Polygon", "coordinates": [ [ [ 105.8258442, 21.0018808 ], [ 105.8258514, 21.0019207 ], [ 105.826618499999981, 21.0019992 ], [ 105.82790559999998, 21.0015298 ], [ 105.828719899999982, 21.0014782 ], [ 105.8294936, 21.0021626 ], [ 105.829635499999981, 21.0023482 ], [ 105.8299304, 21.0029287 ], [ 105.830002899999982, 21.0029135 ], [ 105.8306718, 21.0015534 ], [ 105.830950499999986, 21.0003694 ], [ 105.8315863, 21.0001463 ], [ 105.8315687, 21.0000884 ], [ 105.8314891, 20.9998265 ], [ 105.8314659, 20.9997501 ], [ 105.83134, 20.9996095 ], [ 105.830655099999987, 20.9997356 ], [ 105.829383, 20.999471 ], [ 105.8292817, 20.9986442 ], [ 105.8295242, 20.9972191 ], [ 105.8297684, 20.9970722 ], [ 105.8301103, 20.9960817 ], [ 105.8302346, 20.9958791 ], [ 105.8304175, 20.99559 ], [ 105.830569, 20.9953617 ], [ 105.830639399999981, 20.9952527 ], [ 105.830558199999984, 20.9952059 ], [ 105.8303274, 20.9952219 ], [ 105.8290883, 20.9956203 ], [ 105.828009199999983, 20.9953124 ], [ 105.8275036, 20.9950817 ], [ 105.826541, 20.9959394 ], [ 105.825866, 20.9959605 ], [ 105.8253906, 20.9970461 ], [ 105.825123099999985, 20.9975836 ], [ 105.824989099999982, 20.9978829 ], [ 105.825473099999982, 20.9982643 ], [ 105.825023299999984, 20.999468 ], [ 105.8247431, 20.9995467 ], [ 105.8254066, 20.9995029 ], [ 105.82617759999998, 20.9998279 ], [ 105.8261439, 21.0011288 ], [ 105.8258343, 21.0018255 ], [ 105.8258442, 21.0018808 ] ] ] } },
{ "type": "Feature", "properties": { "threshold_s": 900, "time_label": "15 minutes" }, "geometry": { "type": "Polygon", "coordinates": [ [ [ 105.8226895, 21.0026326 ], [ 105.8229146, 21.0030196 ], [ 105.8240456, 21.0037425 ], [ 105.8260656, 21.0037176 ], [ 105.827375, 21.0042169 ], [ 105.828393, 21.0044988 ], [ 105.83006709999998, 21.0056276 ], [ 105.8308524, 21.0058056 ], [ 105.8309463, 21.0057662 ], [ 105.831402699999984, 21.0052903 ], [ 105.83194349999998, 21.0033697 ], [ 105.8324302, 21.0020165 ], [ 105.834003899999985, 21.0003102 ], [ 105.834421299999988, 20.9994655 ], [ 105.834261, 20.9989674 ], [ 105.8335874, 20.9987084 ], [ 105.831898, 20.9995241 ], [ 105.831787, 20.9995504 ], [ 105.83134, 20.9996095 ], [ 105.8292817, 20.9986442 ], [ 105.8297684, 20.9970722 ], [ 105.8301103, 20.9960817 ], [ 105.8302346, 20.9958791 ], [ 105.8304175, 20.99559 ], [ 105.830569, 20.9953617 ], [ 105.830639399999981, 20.9952527 ], [ 105.8312624, 20.9944524 ], [ 105.8315544, 20.9941634 ], [ 105.8319117, 20.9932425 ], [ 105.832391199999989, 20.992474 ], [ 105.832585699999981, 20.992167 ], [ 105.8313135, 20.9924968 ], [ 105.8291429, 20.9928578 ], [ 105.8284624, 20.9928727 ], [ 105.8272464, 20.9936246 ], [ 105.82606269999998, 20.9936405 ], [ 105.825757399999986, 20.9936266 ], [ 105.8253168, 20.9935928 ], [ 105.824332399999989, 20.9938038 ], [ 105.8240193, 20.9950139 ], [ 105.823274799999979, 20.9967164 ], [ 105.82283, 20.9973795 ], [ 105.8222021, 20.9983231 ], [ 105.821509099999986, 21.0003304 ], [ 105.8226623, 21.0019257 ], [ 105.8226895, 21.0026326 ] ] ] } },
{ "type": "Feature", "properties": { "threshold_s": 300, "time_label": "5 minutes" }, "geometry": { "type": "Polygon", "coordinates": [ [ [ 105.786980699999987, 20.9754666 ], [ 105.7872274, 20.9760896 ], [ 105.7876794, 20.976392 ], [ 105.7882886, 20.9764175 ], [ 105.789242299999984, 20.9759629 ], [ 105.789476, 20.9758441 ], [ 105.7895604, 20.9756995 ], [ 105.789504099999988, 20.9754843 ], [ 105.789369799999989, 20.9754272 ], [ 105.789084299999985, 20.9755413 ], [ 105.7891139, 20.9758872 ], [ 105.7878771, 20.9761334 ], [ 105.7876671, 20.9754975 ], [ 105.7880081, 20.9750212 ], [ 105.7883344, 20.9746007 ], [ 105.7884066, 20.9745128 ], [ 105.7886334, 20.974222 ], [ 105.7897146, 20.9739991 ], [ 105.7898143, 20.974063 ], [ 105.790082799999979, 20.9736632 ], [ 105.7900988, 20.9736181 ], [ 105.7901584, 20.9734479 ], [ 105.790005799999989, 20.9724417 ], [ 105.790554199999988, 20.9723017 ], [ 105.7902502, 20.9720663 ], [ 105.7897955, 20.9718119 ], [ 105.7896829, 20.9718134 ], [ 105.788819099999984, 20.9721613 ], [ 105.788190899999989, 20.9723148 ], [ 105.787306099999981, 20.9721936 ], [ 105.7870807, 20.9724782 ], [ 105.786599399999986, 20.9730858 ], [ 105.7863398, 20.9734134 ], [ 105.7861654, 20.9736337 ], [ 105.7862136, 20.9745915 ], [ 105.7868845, 20.9751172 ], [ 105.786980699999987, 20.9754666 ] ] ] } },
{ "type": "Feature", "properties": { "threshold_s": 600, "time_label": "10 minutes" }, "geometry": { "type": "Polygon", "coordinates": [ [ [ 105.784295199999988, 20.976603 ], [ 105.7847169, 20.9775191 ], [ 105.78562119999998, 20.97822 ], [ 105.786556099999984, 20.9789445 ], [ 105.7867985, 20.9790575 ], [ 105.78688, 20.9789629 ], [ 105.78726039999998, 20.9782716 ], [ 105.7885236, 20.9780075 ], [ 105.7893362, 20.9785751 ], [ 105.789728899999986, 20.9784507 ], [ 105.7898992, 20.9781059 ], [ 105.7899726, 20.9779715 ], [ 105.7916483, 20.9779253 ], [ 105.7919978, 20.9774723 ], [ 105.791839699999983, 20.9773522 ], [ 105.7909556, 20.9766622 ], [ 105.792893799999987, 20.9758345 ], [ 105.791862599999988, 20.9748415 ], [ 105.7925731, 20.9735243 ], [ 105.7926831, 20.9729934 ], [ 105.7916179, 20.9725501 ], [ 105.791541699999982, 20.9715448 ], [ 105.792834899999988, 20.9712661 ], [ 105.7922917, 20.9705365 ], [ 105.792417499999985, 20.9696511 ], [ 105.792203900000018, 20.9692883 ], [ 105.7912003, 20.9691943 ], [ 105.7904824, 20.9694897 ], [ 105.788952599999988, 20.9699065 ], [ 105.7878801, 20.9703565 ], [ 105.787090699999979, 20.970201 ], [ 105.785607499999983, 20.9700376 ], [ 105.785176099999987, 20.9710891 ], [ 105.7841008, 20.9719394 ], [ 105.7829935, 20.9717996 ], [ 105.783036, 20.9720206 ], [ 105.7839183, 20.9733521 ], [ 105.7840665, 20.9739831 ], [ 105.7832785, 20.9751451 ], [ 105.783007199999986, 20.975275 ], [ 105.783409300000017, 20.9756632 ], [ 105.784295199999988, 20.976603 ] ] ] } },
{ "type": "Feature", "properties": { "threshold_s": 900, "time_label": "15 minutes" }, "geometry": { "type": "Polygon", "coordinates": [ [ [ 105.7837393, 20.9790102 ], [ 105.7845106, 20.9807665 ], [ 105.785367, 20.9814162 ], [ 105.7854177, 20.9813647 ], [ 105.787955899999986, 20.9811574 ], [ 105.7890262, 20.9809402 ], [ 105.790693300000015, 20.9803001 ], [ 105.7920822, 20.9795789 ], [ 105.794063599999987, 20.9798748 ], [ 105.794309299999981, 20.9798554 ], [ 105.7943601, 20.9797991 ], [ 105.7955393, 20.9779871 ], [ 105.7959446, 20.9764721 ], [ 105.7954629, 20.9748244 ], [ 105.794908, 20.9725922 ], [ 105.7952161, 20.9713528 ], [ 105.7949018, 20.9694517 ], [ 105.7945944, 20.9676482 ], [ 105.794022799999979, 20.9675572 ], [ 105.79238, 20.9684593 ], [ 105.7909904, 20.9687793 ], [ 105.7896872, 20.9687721 ], [ 105.7875856, 20.968002 ], [ 105.7859231, 20.9677274 ], [ 105.7854476, 20.9677085 ], [ 105.785257699999988, 20.9683283 ], [ 105.7850003, 20.9687866 ], [ 105.784439, 20.9694984 ], [ 105.7825606, 20.9700013 ], [ 105.781116, 20.9692522 ], [ 105.7809885, 20.9693952 ], [ 105.7806297, 20.9703769 ], [ 105.7806316, 20.9710032 ], [ 105.781059, 20.9732972 ], [ 105.7806252, 20.974341 ], [ 105.7805052, 20.9746662 ], [ 105.7804342, 20.9760521 ], [ 105.782024100000015, 20.9774122 ], [ 105.7824826, 20.9786134 ], [ 105.7825957, 20.9787086 ], [ 105.7837393, 20.9790102 ] ] ] } },
{ "type": "Feature", "properties": { "threshold_s": 300, "time_label": "5 minutes" }, "geometry": { "type": "Polygon", "coordinates": [ [ [ 105.7571275, 20.9743208 ], [ 105.7567397, 20.975396 ], [ 105.7569398, 20.9751671 ], [ 105.7571215, 20.9749634 ], [ 105.758257799999981, 20.9752094 ], [ 105.758295799999985, 20.9748267 ], [ 105.7587548, 20.9743035 ], [ 105.7595689, 20.9744545 ], [ 105.759799199999989, 20.9742591 ], [ 105.760119, 20.9737946 ], [ 105.761031200000019, 20.9736215 ], [ 105.7609929, 20.9729588 ], [ 105.760624799999988, 20.9717866 ], [ 105.760966399999987, 20.9718096 ], [ 105.760641399999983, 20.9713499 ], [ 105.7599989, 20.9719333 ], [ 105.7597864, 20.9720663 ], [ 105.7595113, 20.9722617 ], [ 105.7585911, 20.9722255 ], [ 105.758188099999984, 20.9717151 ], [ 105.7575804, 20.9712687 ], [ 105.7566437, 20.9715267 ], [ 105.756264, 20.971619 ], [ 105.7562139, 20.9718179 ], [ 105.7565579, 20.9720811 ], [ 105.756734399999985, 20.9729926 ], [ 105.7565442, 20.9732136 ], [ 105.756638399999986, 20.9732929 ], [ 105.7574645, 20.9739323 ], [ 105.7571275, 20.9743208 ] ] ] } },
{ "type": "Feature", "properties": { "threshold_s": 600, "time_label": "10 minutes" }, "geometry": { "type": "Polygon", "coordinates": [ [ [ 105.7542658, 20.9757633 ], [ 105.754789299999985, 20.9776267 ], [ 105.75725, 20.9776878 ], [ 105.7580484, 20.9774872 ], [ 105.760200399999988, 20.9772724 ], [ 105.76260929999998, 20.9768011 ], [ 105.7629546, 20.9764315 ], [ 105.7633065, 20.9748567 ], [ 105.763171899999989, 20.9733016 ], [ 105.764040699999981, 20.9723631 ], [ 105.7640569, 20.9722864 ], [ 105.764017599999988, 20.9719237 ], [ 105.7633749, 20.9706912 ], [ 105.7626779, 20.9705243 ], [ 105.7607059, 20.9703367 ], [ 105.7590494, 20.9706399 ], [ 105.758675599999989, 20.9707325 ], [ 105.7583657, 20.9708238 ], [ 105.7580662, 20.9709425 ], [ 105.7575804, 20.9712687 ], [ 105.755749, 20.9699491 ], [ 105.7557276, 20.9693518 ], [ 105.7545704, 20.9689267 ], [ 105.754187499999986, 20.9689799 ], [ 105.753820499999989, 20.9707719 ], [ 105.753649, 20.9719301 ], [ 105.7537099, 20.97376 ], [ 105.753741399999981, 20.9739639 ], [ 105.7542658, 20.9757633 ] ] ] } },
{ "type": "Feature", "properties": { "threshold_s": 900, "time_label": "15 minutes" }, "geometry": { "type": "Polygon", "coordinates": [ [ [ 105.752545, 20.9777658 ], [ 105.752607, 20.9795341 ], [ 105.752928199999985, 20.9797934 ], [ 105.7546252, 20.9801135 ], [ 105.7555129, 20.9798728 ], [ 105.756812399999987, 20.9797842 ], [ 105.757737, 20.9790237 ], [ 105.7592176, 20.9798914 ], [ 105.760310299999986, 20.980258 ], [ 105.7611843, 20.9798384 ], [ 105.762363099999988, 20.9789909 ], [ 105.7641431, 20.9783903 ], [ 105.7653799, 20.9789644 ], [ 105.7643874, 20.9783641 ], [ 105.764481100000012, 20.9768664 ], [ 105.765072299999986, 20.9762285 ], [ 105.7655573, 20.9760152 ], [ 105.7663055, 20.9748768 ], [ 105.7663799, 20.9732895 ], [ 105.7666724, 20.9720108 ], [ 105.766860699999981, 20.9707908 ], [ 105.766590899999983, 20.9708255 ], [ 105.7660112, 20.9708595 ], [ 105.7656177, 20.9708757 ], [ 105.763982699999985, 20.9704144 ], [ 105.7635985, 20.9698683 ], [ 105.763354399999983, 20.9695096 ], [ 105.7627577, 20.9687427 ], [ 105.760965299999981, 20.9678286 ], [ 105.7607969, 20.9674721 ], [ 105.7595658, 20.9672585 ], [ 105.7578217, 20.9681226 ], [ 105.7572833, 20.9677182 ], [ 105.757033799999988, 20.9675397 ], [ 105.756515, 20.967168 ], [ 105.7561596, 20.9671905 ], [ 105.755549499999987, 20.9674206 ], [ 105.754029499999987, 20.9681342 ], [ 105.7530531, 20.9674371 ], [ 105.7527844, 20.9671964 ], [ 105.7526736, 20.9672506 ], [ 105.7515493, 20.9681469 ], [ 105.7512178, 20.9686388 ], [ 105.751490499999989, 20.9702758 ], [ 105.751892, 20.9715032 ], [ 105.751586299999985, 20.9722971 ], [ 105.7513739, 20.9726312 ], [ 105.751320199999981, 20.97362 ], [ 105.7514575, 20.9743082 ], [ 105.7517267, 20.9752976 ], [ 105.751587299999983, 20.9764238 ], [ 105.752545, 20.9777658 ] ] ] } },
{ "type": "Feature", "properties": { "threshold_s": 300, "time_label": "5 minutes" }, "geometry": { "type": "Polygon", "coordinates": [ [ [ 105.798680499999989, 20.961362 ], [ 105.7984501, 20.9621801 ], [ 105.7988642, 20.9620933 ], [ 105.7989663, 20.9618857 ], [ 105.7994694, 20.9616023 ], [ 105.7996824, 20.961639 ], [ 105.8002751, 20.9613406 ], [ 105.8005097, 20.9613595 ], [ 105.800766399999986, 20.960892 ], [ 105.8009237, 20.9608061 ], [ 105.8011192, 20.9607008 ], [ 105.8006269, 20.9606473 ], [ 105.8002494, 20.9608479 ], [ 105.7996273, 20.9610272 ], [ 105.7996944, 20.9603939 ], [ 105.7995079, 20.9600833 ], [ 105.799317, 20.9597607 ], [ 105.79917690000002, 20.9602544 ], [ 105.7989769, 20.9603656 ], [ 105.7988289, 20.9604427 ], [ 105.799038399999986, 20.9607706 ], [ 105.798680499999989, 20.961362 ] ] ] } },
{ "type": "Feature", "properties": { "threshold_s": 600, "time_label": "10 minutes" }, "geometry": { "type": "Polygon", "coordinates": [ [ [ 105.7954015, 20.9628472 ], [ 105.7952895, 20.9639051 ], [ 105.7967332, 20.9639167 ], [ 105.7972509, 20.9642674 ], [ 105.797696, 20.964503 ], [ 105.799376, 20.9649349 ], [ 105.800372400000015, 20.9643327 ], [ 105.801266500000011, 20.9632943 ], [ 105.8026662, 20.9635849 ], [ 105.8021809, 20.9628158 ], [ 105.8019287, 20.9624126 ], [ 105.801638399999987, 20.9619485 ], [ 105.8022037, 20.9605906 ], [ 105.8034489, 20.961 ], [ 105.803555099999983, 20.9600034 ], [ 105.8040206, 20.9591642 ], [ 105.80333539999998, 20.9591203 ], [ 105.802325499999981, 20.9600426 ], [ 105.8017317, 20.9598659 ], [ 105.801364, 20.9586631 ], [ 105.8013416, 20.9585887 ], [ 105.8008745, 20.9586306 ], [ 105.7999965, 20.9587411 ], [ 105.799007, 20.9586564 ], [ 105.798718, 20.9591177 ], [ 105.7983729, 20.9599469 ], [ 105.797477499999985, 20.9610439 ], [ 105.79644709999998, 20.9620284 ], [ 105.7958826, 20.9623734 ], [ 105.7954015, 20.9628472 ] ] ] } },
{ "type": "Feature", "properties": { "threshold_s": 900, "time_label": "15 minutes" }, "geometry": { "type": "Polygon", "coordinates": [ [ [ 105.7924691, 20.9639236 ], [ 105.792775, 20.9652685 ], [ 105.7939034, 20.966206 ], [ 105.7946433, 20.9661165 ], [ 105.794962399999989, 20.9657238 ], [ 105.7952875, 20.965263 ], [ 105.795325, 20.9652041 ], [ 105.7972509, 20.9642674 ], [ 105.797650499999989, 20.9656293 ], [ 105.797777499999981, 20.9659048 ], [ 105.798139099999986, 20.966924 ], [ 105.7994505, 20.9671766 ], [ 105.8014815, 20.9667435 ], [ 105.8016208, 20.9664981 ], [ 105.801659799999982, 20.9664308 ], [ 105.8015374, 20.9663642 ], [ 105.801280399999982, 20.9662155 ], [ 105.801091499999984, 20.9642379 ], [ 105.801698, 20.9639719 ], [ 105.803075, 20.9643041 ], [ 105.8040342, 20.9628644 ], [ 105.8046427, 20.9625707 ], [ 105.8058902, 20.9616578 ], [ 105.8065021, 20.9595401 ], [ 105.806807599999985, 20.9593832 ], [ 105.8068425, 20.9591397 ], [ 105.8069315, 20.9576295 ], [ 105.805678299999983, 20.9574821 ], [ 105.804203199999989, 20.9570035 ], [ 105.8034481, 20.9570472 ], [ 105.8022346, 20.9575288 ], [ 105.802043499999982, 20.957661 ], [ 105.8013895, 20.9582649 ], [ 105.7999965, 20.9587411 ], [ 105.799007, 20.9586564 ], [ 105.798195, 20.9592104 ], [ 105.7959849, 20.9592355 ], [ 105.7940578, 20.9600357 ], [ 105.7928553, 20.9607471 ], [ 105.7927305, 20.9616125 ], [ 105.7928662, 20.9627123 ], [ 105.7924691, 20.9639236 ] ] ] } },
{ "type": "Feature", "properties": { "threshold_s": 300, "time_label": "5 minutes" }, "geometry": { "type": "Polygon", "coordinates": [ [ [ 105.8131632, 21.0234306 ], [ 105.8136167, 21.023907 ], [ 105.813858499999981, 21.0239011 ], [ 105.813882799999988, 21.0236915 ], [ 105.8146592, 21.0235674 ], [ 105.8153231, 21.0236709 ], [ 105.8160451, 21.0235033 ], [ 105.8163864, 21.0236247 ], [ 105.8165785, 21.0234819 ], [ 105.8170393, 21.0231689 ], [ 105.816952199999989, 21.0229574 ], [ 105.816716899999989, 21.0228425 ], [ 105.816100899999981, 21.022873 ], [ 105.8153813, 21.0228181 ], [ 105.815392399999979, 21.0224995 ], [ 105.8158204, 21.0220414 ], [ 105.8165501, 21.0217932 ], [ 105.8164488, 21.021621 ], [ 105.8156842, 21.0216009 ], [ 105.815601500000014, 21.0213686 ], [ 105.8155548, 21.0212551 ], [ 105.8153669, 21.0207726 ], [ 105.8153252, 21.0206866 ], [ 105.815283099999988, 21.0205997 ], [ 105.814878, 21.0209278 ], [ 105.81414, 21.0205494 ], [ 105.8141343, 21.0205829 ], [ 105.814091199999979, 21.0208324 ], [ 105.814053, 21.0211344 ], [ 105.8135637, 21.0213849 ], [ 105.813021600000013, 21.0216415 ], [ 105.812689099999986, 21.0218832 ], [ 105.813332399999979, 21.0222198 ], [ 105.814077, 21.0222985 ], [ 105.814029199999979, 21.0226909 ], [ 105.8147276, 21.0227575 ], [ 105.814693, 21.0233374 ], [ 105.81391, 21.0234963 ], [ 105.8131632, 21.0234306 ] ] ] } },
{ "type": "Feature", "properties": { "threshold_s": 600, "time_label": "10 minutes" }, "geometry": { "type": "Polygon", "coordinates": [ [ [ 105.8112463, 21.0232726 ], [ 105.8109853, 21.02434 ], [ 105.8114669, 21.0247893 ], [ 105.813858499999981, 21.0239011 ], [ 105.8153231, 21.0236709 ], [ 105.8179238, 21.0240883 ], [ 105.8203371, 21.0239866 ], [ 105.8204649, 21.023973 ], [ 105.8205111, 21.0239374 ], [ 105.820607599999988, 21.0227058 ], [ 105.820515199999988, 21.0224963 ], [ 105.8190345, 21.0213064 ], [ 105.818745899999982, 21.0197283 ], [ 105.8181493, 21.019199 ], [ 105.816977, 21.0186642 ], [ 105.8164725, 21.0185422 ], [ 105.8164102, 21.0185849 ], [ 105.8143419, 21.0200532 ], [ 105.812240599999981, 21.020162 ], [ 105.8120887, 21.0201499 ], [ 105.8117879, 21.0201229 ], [ 105.8113257, 21.0200849 ], [ 105.8111386, 21.0201652 ], [ 105.8108518, 21.0208816 ], [ 105.810863, 21.0210598 ], [ 105.8112463, 21.0232726 ] ] ] } },
{ "type": "Feature", "properties": { "threshold_s": 900, "time_label": "15 minutes" }, "geometry": { "type": "Polygon", "coordinates": [ [ [ 105.8111535, 21.0264643 ], [ 105.8119061, 21.0275528 ], [ 105.8120373, 21.0276159 ], [ 105.812526, 21.027473 ], [ 105.8130914, 21.0268156 ], [ 105.813229599999985, 21.0262258 ], [ 105.813250899999986, 21.0254295 ], [ 105.814660099999983, 21.0246173 ], [ 105.8155211, 21.0251003 ], [ 105.8159152, 21.0256698 ], [ 105.817134399999986, 21.0263739 ], [ 105.8177825, 21.0272186 ], [ 105.8178762, 21.0269982 ], [ 105.817880699999989, 21.0268298 ], [ 105.8184917, 21.0255117 ], [ 105.818884299999979, 21.0250909 ], [ 105.8191819, 21.024783 ], [ 105.821045, 21.0245766 ], [ 105.82144959999998, 21.0255664 ], [ 105.821744099999989, 21.0263155 ], [ 105.8229496, 21.0260644 ], [ 105.822996, 21.0260166 ], [ 105.8228664, 21.024944 ], [ 105.8220264, 21.0245273 ], [ 105.8224141, 21.0230272 ], [ 105.823197799999988, 21.0223659 ], [ 105.823406599999984, 21.0222774 ], [ 105.8237179, 21.0218597 ], [ 105.822719, 21.021974 ], [ 105.8210688, 21.0214329 ], [ 105.821598399999985, 21.0203348 ], [ 105.8217917, 21.0190768 ], [ 105.821050299999982, 21.0190995 ], [ 105.8196938, 21.0191323 ], [ 105.8193248, 21.0190549 ], [ 105.817834, 21.018201 ], [ 105.8172454, 21.0172555 ], [ 105.8169889, 21.0166828 ], [ 105.816086299999981, 21.015915 ], [ 105.814570599999982, 21.0157446 ], [ 105.81451, 21.0157834 ], [ 105.8143551, 21.0158798 ], [ 105.814307500000012, 21.0159099 ], [ 105.812874, 21.0170381 ], [ 105.8122637, 21.0166467 ], [ 105.8109021, 21.0164142 ], [ 105.809969399999986, 21.0173211 ], [ 105.8094367, 21.0180607 ], [ 105.8086895, 21.0195406 ], [ 105.8088205, 21.0207171 ], [ 105.8088624, 21.0207926 ], [ 105.809479, 21.0224841 ], [ 105.8095659, 21.0226661 ], [ 105.8107217, 21.0240211 ], [ 105.8109853, 21.02434 ], [ 105.8113832, 21.0246823 ], [ 105.8111535, 21.0264643 ] ] ] } },
{ "type": "Feature", "properties": { "threshold_s": 300, "time_label": "5 minutes" }, "geometry": { "type": "Polygon", "coordinates": [ [ [ 105.8055764, 21.0515342 ], [ 105.8054049, 21.0520382 ], [ 105.805522599999989, 21.0519617 ], [ 105.805700499999986, 21.0518409 ], [ 105.8064149, 21.0518557 ], [ 105.80654389999998, 21.0519427 ], [ 105.8067164, 21.0520223 ], [ 105.8066807, 21.0526562 ], [ 105.8066654, 21.0528634 ], [ 105.8070409, 21.0530686 ], [ 105.8071563, 21.0535997 ], [ 105.807464399999986, 21.0537381 ], [ 105.807789299999982, 21.0534711 ], [ 105.8078376, 21.0529913 ], [ 105.8085671, 21.0529297 ], [ 105.809029, 21.0529074 ], [ 105.8091207, 21.0523332 ], [ 105.808757799999981, 21.0518819 ], [ 105.8090989, 21.0516033 ], [ 105.8096003, 21.051145 ], [ 105.809406599999988, 21.0509082 ], [ 105.8091179, 21.0513567 ], [ 105.808670899999981, 21.0513602 ], [ 105.808391199999988, 21.0514451 ], [ 105.80791, 21.0510376 ], [ 105.8081106, 21.050388 ], [ 105.808065, 21.0500673 ], [ 105.8084062, 21.0496142 ], [ 105.808169899999982, 21.0494805 ], [ 105.807689, 21.0498816 ], [ 105.807228199999983, 21.0500002 ], [ 105.806961299999983, 21.0495821 ], [ 105.8072153, 21.0492913 ], [ 105.806688099999988, 21.0491442 ], [ 105.80664, 21.0491662 ], [ 105.8064345, 21.0498269 ], [ 105.8065569, 21.0501278 ], [ 105.806632500000021, 21.0507057 ], [ 105.8064469, 21.0509304 ], [ 105.8057294, 21.0509109 ], [ 105.8055764, 21.0515342 ] ] ] } },
{ "type": "Feature", "properties": { "threshold_s": 600, "time_label": "10 minutes" }, "geometry": { "type": "Polygon", "coordinates": [ [ [ 105.804582, 21.0538506 ], [ 105.8045967, 21.054599 ], [ 105.804648299999982, 21.0545977 ], [ 105.805122499999982, 21.0545169 ], [ 105.806026, 21.0550405 ], [ 105.8066748, 21.056165 ], [ 105.8076896, 21.0559698 ], [ 105.8087576, 21.0563017 ], [ 105.8088197, 21.056303 ], [ 105.8093114, 21.0558997 ], [ 105.8094525, 21.0557117 ], [ 105.809422600000019, 21.0551006 ], [ 105.8104328, 21.0546522 ], [ 105.8109969, 21.05486 ], [ 105.811173599999989, 21.0543629 ], [ 105.811031899999989, 21.0541621 ], [ 105.8111682, 21.0528973 ], [ 105.811903699999988, 21.0522862 ], [ 105.811837, 21.052211 ], [ 105.811861899999982, 21.0509698 ], [ 105.81189569999998, 21.0503276 ], [ 105.811705299999986, 21.0500173 ], [ 105.8111943, 21.0500915 ], [ 105.8102113, 21.0495341 ], [ 105.8100557, 21.0491762 ], [ 105.8096665, 21.0482647 ], [ 105.8096306, 21.0481524 ], [ 105.8096169, 21.0481095 ], [ 105.8087299, 21.0473654 ], [ 105.8079931, 21.0469508 ], [ 105.80783049999998, 21.0471346 ], [ 105.807391200000012, 21.0474493 ], [ 105.806404, 21.0465669 ], [ 105.80631, 21.0461517 ], [ 105.8055269, 21.0461122 ], [ 105.8052279, 21.0463207 ], [ 105.8053678, 21.0469627 ], [ 105.8052287, 21.0482628 ], [ 105.8051624, 21.0484623 ], [ 105.8050121, 21.0492246 ], [ 105.804917799999984, 21.0496217 ], [ 105.8049153, 21.0496339 ], [ 105.80468590000001, 21.0506523 ], [ 105.80461529999998, 21.0515235 ], [ 105.804611099999988, 21.0515796 ], [ 105.8045926, 21.0522501 ], [ 105.804574, 21.0531306 ], [ 105.804582, 21.0538506 ] ] ] } },
{ "type": "Feature", "properties": { "threshold_s": 900, "time_label": "15 minutes" }, "geometry": { "type": "Polygon", "coordinates": [ [ [ 105.804581099999979, 21.0577065 ], [ 105.8045842, 21.057883 ], [ 105.8053907, 21.0582555 ], [ 105.8074246, 21.0583203 ], [ 105.8079422, 21.0587848 ], [ 105.808046099999984, 21.0588757 ], [ 105.808739, 21.058717 ], [ 105.8088967, 21.0586644 ], [ 105.808881099999979, 21.0568396 ], [ 105.810285, 21.0557159 ], [ 105.811037899999988, 21.055585 ], [ 105.811723299999983, 21.0547895 ], [ 105.8121901, 21.053685 ], [ 105.8125248, 21.0527532 ], [ 105.813290599999988, 21.0506848 ], [ 105.814043199999986, 21.0492446 ], [ 105.812617799999984, 21.0485374 ], [ 105.81267440000002, 21.0470148 ], [ 105.812654499999979, 21.046771 ], [ 105.8125447, 21.0463299 ], [ 105.8125217, 21.0463024 ], [ 105.812151299999982, 21.0459931 ], [ 105.811321, 21.0459144 ], [ 105.809636, 21.0456541 ], [ 105.8090575, 21.04475 ], [ 105.8075684, 21.0441158 ], [ 105.8068355, 21.0433885 ], [ 105.806327, 21.0429691 ], [ 105.804268, 21.0439895 ], [ 105.8032633, 21.0453134 ], [ 105.8023804, 21.0459928 ], [ 105.8022117, 21.0463151 ], [ 105.8022109, 21.0463808 ], [ 105.802211499999984, 21.0464852 ], [ 105.802421599999988, 21.0466516 ], [ 105.802915899999988, 21.0488372 ], [ 105.8024037, 21.0494371 ], [ 105.8022773, 21.0495365 ], [ 105.8023777, 21.0502992 ], [ 105.8026473, 21.0511306 ], [ 105.803771499999982, 21.0514686 ], [ 105.804574, 21.0531306 ], [ 105.804582, 21.0538506 ], [ 105.804591299999984, 21.0542033 ], [ 105.8045967, 21.054599 ], [ 105.8045839, 21.0560366 ], [ 105.8045685, 21.057031 ], [ 105.8045743, 21.0574261 ], [ 105.804581099999979, 21.0577065 ] ] ] } },
{ "type": "Feature", "properties": { "threshold_s": 300, "time_label": "5 minutes" }, "geometry": { "type": "Polygon", "coordinates": [ [ [ 105.8518202, 20.91448 ], [ 105.8517678, 20.9168265 ], [ 105.852154299999981, 20.916825 ], [ 105.8521641, 20.9144835 ], [ 105.852368899999988, 20.9140066 ], [ 105.852388199999979, 20.9127869 ], [ 105.8524427, 20.9116362 ], [ 105.8521721, 20.9125742 ], [ 105.8509901, 20.9125781 ], [ 105.8509896, 20.9127872 ], [ 105.8518202, 20.91448 ] ] ] } },
{ "type": "Feature", "properties": { "threshold_s": 600, "time_label": "10 minutes" }, "geometry": { "type": "Polygon", "coordinates": [ [ [ 105.8517678, 20.9168265 ], [ 105.8507569, 20.9192271 ], [ 105.8526518, 20.9200279 ], [ 105.852874199999988, 20.9200354 ], [ 105.852669899999981, 20.9193914 ], [ 105.852154299999981, 20.916825 ], [ 105.8528665, 20.9161552 ], [ 105.8538749, 20.9141391 ], [ 105.853698, 20.9131812 ], [ 105.855237, 20.9111221 ], [ 105.8552441, 20.9110038 ], [ 105.85523929999998, 20.910657 ], [ 105.852902599999979, 20.9089537 ], [ 105.8525074, 20.9103651 ], [ 105.8509901, 20.9125781 ], [ 105.848833, 20.9125853 ], [ 105.8478415, 20.9122386 ], [ 105.849476199999984, 20.9144745 ], [ 105.8496934, 20.9144752 ], [ 105.8500931, 20.9144766 ], [ 105.85171339999998, 20.9151896 ], [ 105.8517678, 20.9168265 ] ] ] } },
{ "type": "Feature", "properties": { "threshold_s": 900, "time_label": "15 minutes" }, "geometry": { "type": "Polygon", "coordinates": [ [ [ 105.847384, 20.9192329 ], [ 105.8482264, 20.9208629 ], [ 105.8489978, 20.9214271 ], [ 105.8494802, 20.9217211 ], [ 105.8519119, 20.9231968 ], [ 105.8525392, 20.9232104 ], [ 105.854736, 20.9214667 ], [ 105.8548303, 20.9199872 ], [ 105.8545428, 20.916962 ], [ 105.8538749, 20.9141391 ], [ 105.855237, 20.9111221 ], [ 105.855959400000017, 20.910764 ], [ 105.8574623, 20.9105749 ], [ 105.8584583, 20.909786 ], [ 105.858423799999983, 20.9094823 ], [ 105.8554361, 20.9077517 ], [ 105.8530687, 20.9058859 ], [ 105.8511378, 20.9071261 ], [ 105.8511164, 20.9074588 ], [ 105.851962599999979, 20.908255 ], [ 105.8525074, 20.9103651 ], [ 105.8509901, 20.9125781 ], [ 105.8485763, 20.9103838 ], [ 105.8471281, 20.9094863 ], [ 105.8450954, 20.9120017 ], [ 105.844996899999984, 20.9130697 ], [ 105.8459315, 20.9141108 ], [ 105.8484435, 20.9158345 ], [ 105.847384, 20.9192329 ] ] ] } },
{ "type": "Feature", "properties": { "threshold_s": 300, "time_label": "5 minutes" }, "geometry": { "type": "Polygon", "coordinates": [ [ [ 105.835774499999985, 21.0000683 ], [ 105.8356492, 21.0006859 ], [ 105.8360168, 21.0008397 ], [ 105.836137599999986, 21.0008374 ], [ 105.8365999, 21.0006823 ], [ 105.837565799999979, 21.0009428 ], [ 105.838123599999989, 21.0013277 ], [ 105.8380733, 21.0009231 ], [ 105.838243099999985, 21.0004167 ], [ 105.8389939, 21.0000785 ], [ 105.839868199999984, 20.9995035 ], [ 105.8400037, 20.9994611 ], [ 105.8404586, 20.9991385 ], [ 105.8402232, 20.9991362 ], [ 105.8399984, 20.9991336 ], [ 105.8391842, 20.9985154 ], [ 105.838314, 20.9987269 ], [ 105.8377772, 20.9988484 ], [ 105.8374893, 20.9991086 ], [ 105.8364475, 20.9993747 ], [ 105.836008599999985, 20.999195 ], [ 105.835499199999987, 20.9992445 ], [ 105.8355118, 20.9993347 ], [ 105.835774499999985, 21.0000683 ] ] ] } },
{ "type": "Feature", "properties": { "threshold_s": 600, "time_label": "10 minutes" }, "geometry": { "type": "Polygon", "coordinates": [ [ [ 105.835172, 21.0032361 ], [ 105.8357868, 21.0042874 ], [ 105.8358395, 21.0042995 ], [ 105.8370328, 21.0037197 ], [ 105.837409899999983, 21.0033562 ], [ 105.8374452, 21.0032771 ], [ 105.8375309, 21.0030895 ], [ 105.838123599999989, 21.0013277 ], [ 105.8400956, 21.0008219 ], [ 105.841135599999987, 21.001763 ], [ 105.8411641, 21.000383 ], [ 105.841200199999989, 21.0000593 ], [ 105.8411762, 20.9991422 ], [ 105.842582299999989, 20.997739 ], [ 105.8426897, 20.9975708 ], [ 105.841018599999984, 20.9963326 ], [ 105.840002399999989, 20.9971522 ], [ 105.838531499999988, 20.998679 ], [ 105.837431099999989, 20.998656 ], [ 105.8364379, 20.998077 ], [ 105.835837, 20.9986105 ], [ 105.8335874, 20.9987084 ], [ 105.833450700000014, 20.9992415 ], [ 105.8334989, 20.9995826 ], [ 105.8335151, 20.9996456 ], [ 105.833653, 21.0001273 ], [ 105.834103099999979, 21.0018813 ], [ 105.835172, 21.0032361 ] ] ] } },
{ "type": "Feature", "properties": { "threshold_s": 900, "time_label": "15 minutes" }, "geometry": { "type": "Polygon", "coordinates": [ [ [ 105.832451899999981, 21.0030379 ], [ 105.8326219, 21.0047283 ], [ 105.8329062, 21.0048772 ], [ 105.8342666, 21.0058897 ], [ 105.835040299999989, 21.0069909 ], [ 105.835069399999981, 21.0070139 ], [ 105.836326799999981, 21.0070954 ], [ 105.8375874, 21.0064716 ], [ 105.8390832, 21.0051612 ], [ 105.841001, 21.0046118 ], [ 105.8415726, 21.0045396 ], [ 105.842328, 21.0034656 ], [ 105.844038, 21.0018236 ], [ 105.8440886, 21.0017729 ], [ 105.844101, 21.0001009 ], [ 105.8449391, 20.9984084 ], [ 105.845898599999984, 20.9972633 ], [ 105.846026099999989, 20.9968321 ], [ 105.845942, 20.9965092 ], [ 105.843853399999986, 20.9954107 ], [ 105.842895, 20.9947389 ], [ 105.8408978, 20.9932296 ], [ 105.8403752, 20.9937011 ], [ 105.838483, 20.9948494 ], [ 105.836330800000013, 20.9954175 ], [ 105.8360243, 20.9962149 ], [ 105.8360209, 20.9963576 ], [ 105.835837, 20.9986105 ], [ 105.834261, 20.9989674 ], [ 105.8335874, 20.9987084 ], [ 105.83134, 20.9996095 ], [ 105.830655099999987, 20.9997356 ], [ 105.8294397, 21.0001366 ], [ 105.82915509999998, 21.0003242 ], [ 105.829123199999984, 21.0003705 ], [ 105.8289451, 21.0009588 ], [ 105.829166299999983, 21.00106 ], [ 105.8301006, 21.0005356 ], [ 105.8317245, 21.000735 ], [ 105.832451899999981, 21.0030379 ] ] ] } },
{ "type": "Feature", "properties": { "threshold_s": 300, "time_label": "5 minutes" }, "geometry": { "type": "Polygon", "coordinates": [ [ [ 105.8198705, 21.0436224 ], [ 105.820512699999981, 21.044277 ], [ 105.8209622, 21.0441407 ], [ 105.8212958, 21.0440447 ], [ 105.821624199999988, 21.0438336 ], [ 105.8227612, 21.0436841 ], [ 105.8229519, 21.043674 ], [ 105.823077399999988, 21.0436644 ], [ 105.823222, 21.0436032 ], [ 105.8240207, 21.0432459 ], [ 105.825179, 21.043441 ], [ 105.8253024, 21.0434236 ], [ 105.8253552, 21.0434033 ], [ 105.825384899999989, 21.0433901 ], [ 105.8254248, 21.0433591 ], [ 105.8256852, 21.0428848 ], [ 105.8257312, 21.0425412 ], [ 105.8258203, 21.0418524 ], [ 105.825452799999979, 21.0415225 ], [ 105.8249167, 21.0413561 ], [ 105.8243394, 21.0414835 ], [ 105.823574799999989, 21.0420738 ], [ 105.8230003, 21.0420976 ], [ 105.822269099999986, 21.0421804 ], [ 105.8215873, 21.0431414 ], [ 105.8206552, 21.0424155 ], [ 105.8202583, 21.0431562 ], [ 105.8198683, 21.0435899 ], [ 105.8198705, 21.0436224 ] ] ] } },
{ "type": "Feature", "properties": { "threshold_s": 600, "time_label": "10 minutes" }, "geometry": { "type": "Polygon", "coordinates": [ [ [ 105.8167901, 21.0438004 ], [ 105.8172402, 21.0447458 ], [ 105.8177943, 21.044627 ], [ 105.8186823, 21.0442555 ], [ 105.8196493, 21.0445051 ], [ 105.8200305, 21.0444177 ], [ 105.820512699999981, 21.044277 ], [ 105.8209622, 21.0441407 ], [ 105.8212958, 21.0440447 ], [ 105.8229519, 21.043674 ], [ 105.823077399999988, 21.0436644 ], [ 105.823222, 21.0436032 ], [ 105.8240207, 21.0432459 ], [ 105.825179, 21.043441 ], [ 105.8253024, 21.0434236 ], [ 105.8253552, 21.0434033 ], [ 105.825384899999989, 21.0433901 ], [ 105.8254248, 21.0433591 ], [ 105.8255361, 21.0431557 ], [ 105.8256852, 21.0428848 ], [ 105.826998799999984, 21.042035 ], [ 105.8280219, 21.0410279 ], [ 105.8286372, 21.0412132 ], [ 105.828772599999979, 21.0413067 ], [ 105.829014, 21.0414526 ], [ 105.82904809999998, 21.0414036 ], [ 105.828956799999986, 21.040745 ], [ 105.8281524, 21.0405279 ], [ 105.827683099999987, 21.039627 ], [ 105.827647199999987, 21.0395152 ], [ 105.8272403, 21.039374 ], [ 105.8256192, 21.0394245 ], [ 105.8249556, 21.0399277 ], [ 105.823791, 21.0403251 ], [ 105.8229976, 21.0399776 ], [ 105.8227552, 21.0399897 ], [ 105.8228039, 21.0402703 ], [ 105.8225559, 21.0415748 ], [ 105.8209871, 21.0418965 ], [ 105.8204452, 21.0417189 ], [ 105.8202877, 21.0416545 ], [ 105.8199383, 21.0415464 ], [ 105.8189762, 21.0413737 ], [ 105.818372399999987, 21.0417065 ], [ 105.8178725, 21.0420839 ], [ 105.8168205, 21.0427562 ], [ 105.816731399999981, 21.0431154 ], [ 105.8167901, 21.0438004 ] ] ] } },
{ "type": "Feature", "properties": { "threshold_s": 900, "time_label": "15 minutes" }, "geometry": { "type": "Polygon", "coordinates": [ [ [ 105.8139661, 21.0449192 ], [ 105.8147786, 21.0457701 ], [ 105.8148576, 21.0458466 ], [ 105.8196493, 21.0445051 ], [ 105.8200305, 21.0444177 ], [ 105.820512699999981, 21.044277 ], [ 105.825179, 21.043441 ], [ 105.8253024, 21.0434236 ], [ 105.8253552, 21.0434033 ], [ 105.825384899999989, 21.0433901 ], [ 105.8300551, 21.0431375 ], [ 105.8315163, 21.0438372 ], [ 105.8318669, 21.0424463 ], [ 105.83183360000001, 21.0423702 ], [ 105.829367199999979, 21.0403666 ], [ 105.829758899999987, 21.0378688 ], [ 105.826649, 21.0365227 ], [ 105.822618700000021, 21.0369081 ], [ 105.818388399999989, 21.038609 ], [ 105.8158475, 21.039563 ], [ 105.8143186, 21.0419549 ], [ 105.813884, 21.0444438 ], [ 105.8139661, 21.0449192 ] ] ] } },
{ "type": "Feature", "properties": { "threshold_s": 300, "time_label": "5 minutes" }, "geometry": { "type": "Polygon", "coordinates": [ [ [ 105.788964, 20.9843076 ], [ 105.7888969, 20.9848496 ], [ 105.7890533, 20.9846747 ], [ 105.7900208, 20.9844053 ], [ 105.790503099999981, 20.9848687 ], [ 105.7908189, 20.9849644 ], [ 105.7913256, 20.984591 ], [ 105.7919428, 20.9842933 ], [ 105.7930801, 20.9845715 ], [ 105.793127499999983, 20.9844909 ], [ 105.7926903, 20.9841552 ], [ 105.7920297, 20.9836811 ], [ 105.7918022, 20.9835028 ], [ 105.791473199999984, 20.9832451 ], [ 105.791154, 20.9829951 ], [ 105.790945, 20.9828328 ], [ 105.7908205, 20.9827338 ], [ 105.790191599999986, 20.9817907 ], [ 105.789735, 20.9814247 ], [ 105.789067099999983, 20.9808949 ], [ 105.7882919, 20.9807187 ], [ 105.7884587, 20.980854 ], [ 105.78850079999998, 20.9819237 ], [ 105.788440199999982, 20.9826867 ], [ 105.78845459999998, 20.9834625 ], [ 105.788964, 20.9843076 ] ] ] } },
{ "type": "Feature", "properties": { "threshold_s": 600, "time_label": "10 minutes" }, "geometry": { "type": "Polygon", "coordinates": [ [ [ 105.786476099999987, 20.9839492 ], [ 105.786987, 20.9851471 ], [ 105.7881474, 20.9861815 ], [ 105.7890431, 20.9867663 ], [ 105.7899852, 20.9866967 ], [ 105.791488699999988, 20.9872544 ], [ 105.7932667, 20.9873798 ], [ 105.794200300000014, 20.9870712 ], [ 105.7959725, 20.9865146 ], [ 105.795548299999979, 20.984932 ], [ 105.79454029999998, 20.9846027 ], [ 105.7937933, 20.9831075 ], [ 105.7936835, 20.9822429 ], [ 105.7923676, 20.9825513 ], [ 105.7908205, 20.9827338 ], [ 105.790191599999986, 20.9817907 ], [ 105.790693300000015, 20.9803001 ], [ 105.7920822, 20.9795789 ], [ 105.7928971, 20.978824 ], [ 105.7932084, 20.978419 ], [ 105.791704699999983, 20.9782138 ], [ 105.7911971, 20.9786627 ], [ 105.7893362, 20.9785751 ], [ 105.7874455, 20.9789603 ], [ 105.7869818, 20.9786202 ], [ 105.7864191, 20.9786174 ], [ 105.7859786, 20.9788642 ], [ 105.785761099999988, 20.9796613 ], [ 105.7863005, 20.9815617 ], [ 105.7863423, 20.9820882 ], [ 105.786476099999987, 20.9839492 ] ] ] } },
{ "type": "Feature", "properties": { "threshold_s": 900, "time_label": "15 minutes" }, "geometry": { "type": "Polygon", "coordinates": [ [ [ 105.7823223, 20.9855483 ], [ 105.782371499999982, 20.9857795 ], [ 105.783552799999981, 20.9867028 ], [ 105.783814199999981, 20.9868983 ], [ 105.7848782, 20.9861976 ], [ 105.7852866, 20.9860358 ], [ 105.7857659, 20.9858435 ], [ 105.7881474, 20.9861815 ], [ 105.7889011, 20.9880648 ], [ 105.7891061, 20.9886761 ], [ 105.790738499999989, 20.9891245 ], [ 105.79350119999998, 20.9903625 ], [ 105.7936817, 20.9901881 ], [ 105.7955557, 20.9888229 ], [ 105.7980046, 20.9885606 ], [ 105.7985929, 20.9884824 ], [ 105.798654499999984, 20.9884225 ], [ 105.798394699999989, 20.9859055 ], [ 105.796814, 20.9838723 ], [ 105.7963072, 20.9834442 ], [ 105.7950523, 20.9815131 ], [ 105.7954833, 20.9803401 ], [ 105.79576729999998, 20.9797124 ], [ 105.795749699999988, 20.9792666 ], [ 105.795778699999985, 20.9781528 ], [ 105.7956075, 20.9773425 ], [ 105.794389599999988, 20.9761032 ], [ 105.792893799999987, 20.9758345 ], [ 105.790772299999986, 20.9765294 ], [ 105.789242299999984, 20.9759629 ], [ 105.7878771, 20.9761334 ], [ 105.786683, 20.9768227 ], [ 105.784295199999988, 20.976603 ], [ 105.783931599999988, 20.9769105 ], [ 105.7837208, 20.977114 ], [ 105.783304499999986, 20.977993 ], [ 105.783334199999985, 20.9786297 ], [ 105.7833886, 20.9794558 ], [ 105.7834784, 20.9803922 ], [ 105.783626199999986, 20.9831968 ], [ 105.783135699999988, 20.9843679 ], [ 105.7823223, 20.9855483 ] ] ] } },
{ "type": "Feature", "properties": { "threshold_s": 300, "time_label": "5 minutes" }, "geometry": { "type": "Polygon", "coordinates": [ [ [ 105.7831096, 20.979788 ], [ 105.7834784, 20.9803922 ], [ 105.783674, 20.9805287 ], [ 105.784679199999985, 20.9808793 ], [ 105.7843981, 20.9801664 ], [ 105.785252299999982, 20.979932 ], [ 105.7862904, 20.9800314 ], [ 105.7873385, 20.9799456 ], [ 105.7874005, 20.9799959 ], [ 105.7874081, 20.979559 ], [ 105.7869818, 20.9786202 ], [ 105.7864191, 20.9786174 ], [ 105.7854348, 20.9784427 ], [ 105.78500889999998, 20.9781125 ], [ 105.7847304, 20.9778966 ], [ 105.78418379999998, 20.9771059 ], [ 105.783977199999981, 20.9768738 ], [ 105.783931599999988, 20.9769105 ], [ 105.7837208, 20.977114 ], [ 105.7839855, 20.9773192 ], [ 105.7841188, 20.9781288 ], [ 105.783334199999985, 20.9786297 ], [ 105.7825957, 20.9787086 ], [ 105.78263459999998, 20.9788268 ], [ 105.7828402, 20.9789938 ], [ 105.7831096, 20.979788 ] ] ] } },
{ "type": "Feature", "properties": { "threshold_s": 600, "time_label": "10 minutes" }, "geometry": { "type": "Polygon", "coordinates": [ [ [ 105.7817729, 20.9823238 ], [ 105.782349600000018, 20.9831975 ], [ 105.7827691, 20.9835282 ], [ 105.7837628, 20.9833351 ], [ 105.7853301, 20.9832662 ], [ 105.7859187, 20.983214 ], [ 105.786822, 20.9825347 ], [ 105.7881255, 20.9822365 ], [ 105.7898992, 20.9820119 ], [ 105.789735, 20.9814247 ], [ 105.789135499999986, 20.9800436 ], [ 105.78956909999998, 20.9787378 ], [ 105.789491, 20.9776581 ], [ 105.7894447, 20.9768445 ], [ 105.789242299999984, 20.9759629 ], [ 105.7878771, 20.9761334 ], [ 105.786305399999989, 20.975742 ], [ 105.7858613, 20.975361 ], [ 105.7856092, 20.9753684 ], [ 105.7839339, 20.9749448 ], [ 105.7830837, 20.9746248 ], [ 105.7812152, 20.9747394 ], [ 105.780871, 20.9748938 ], [ 105.7808096, 20.9750014 ], [ 105.7812455, 20.9762792 ], [ 105.7801991, 20.9775996 ], [ 105.7801968, 20.9781973 ], [ 105.7799358, 20.9795002 ], [ 105.7802754, 20.9807422 ], [ 105.780412, 20.9811228 ], [ 105.7817729, 20.9823238 ] ] ] } },
{ "type": "Feature", "properties": { "threshold_s": 900, "time_label": "15 minutes" }, "geometry": { "type": "Polygon", "coordinates": [ [ [ 105.7798543, 20.9846854 ], [ 105.7809308, 20.9860294 ], [ 105.7824165, 20.9856633 ], [ 105.7846556, 20.9855483 ], [ 105.7875024, 20.9854253 ], [ 105.7888969, 20.9848496 ], [ 105.7900208, 20.9844053 ], [ 105.7923243, 20.9839119 ], [ 105.792504399999984, 20.9836277 ], [ 105.7923795, 20.9829583 ], [ 105.792275499999988, 20.9828792 ], [ 105.792155, 20.9827829 ], [ 105.790191599999986, 20.9817907 ], [ 105.790693300000015, 20.9803001 ], [ 105.7920822, 20.9795789 ], [ 105.7919978, 20.9774723 ], [ 105.791839699999983, 20.9773522 ], [ 105.7909556, 20.9766622 ], [ 105.790772299999986, 20.9765294 ], [ 105.7898143, 20.974063 ], [ 105.790082799999979, 20.9736632 ], [ 105.7900988, 20.9736181 ], [ 105.7901584, 20.9734479 ], [ 105.7900294, 20.9734075 ], [ 105.789111, 20.9736199 ], [ 105.786599399999986, 20.9730858 ], [ 105.785517499999983, 20.9732128 ], [ 105.7850479, 20.9732151 ], [ 105.7825961, 20.9723249 ], [ 105.782226499999979, 20.972338 ], [ 105.7816888, 20.9725233 ], [ 105.779274299999983, 20.9726159 ], [ 105.778692799999988, 20.9729956 ], [ 105.7785123, 20.9732224 ], [ 105.7784942, 20.9732802 ], [ 105.7791856, 20.9749592 ], [ 105.7795236, 20.9763414 ], [ 105.7801713, 20.9785557 ], [ 105.779693599999987, 20.9798623 ], [ 105.7790656, 20.9805891 ], [ 105.7784469, 20.9810798 ], [ 105.777989, 20.982169 ], [ 105.778596399999984, 20.98307 ], [ 105.7798543, 20.9846854 ] ] ] } },
{ "type": "Feature", "properties": { "threshold_s": 300, "time_label": "5 minutes" }, "geometry": { "type": "Polygon", "coordinates": [ [ [ 105.8667765, 21.141952 ], [ 105.8661519, 21.1429982 ], [ 105.867599799999979, 21.1431203 ], [ 105.8688202, 21.1431353 ], [ 105.8699226, 21.1427125 ], [ 105.8705819, 21.1429976 ], [ 105.8710101, 21.1424308 ], [ 105.870942899999989, 21.1423371 ], [ 105.8707827, 21.1414825 ], [ 105.871321900000012, 21.1407935 ], [ 105.8716495, 21.1398438 ], [ 105.871363, 21.139663 ], [ 105.870208399999981, 21.139101 ], [ 105.869132099999987, 21.1389394 ], [ 105.8686901, 21.1383205 ], [ 105.8680665, 21.1388824 ], [ 105.8685546, 21.1394578 ], [ 105.86843, 21.1404973 ], [ 105.8678962, 21.1409426 ], [ 105.8677983, 21.1410527 ], [ 105.8676615, 21.1411896 ], [ 105.867102299999985, 21.1416468 ], [ 105.8667765, 21.141952 ] ] ] } },
{ "type": "Feature", "properties": { "threshold_s": 600, "time_label": "10 minutes" }, "geometry": { "type": "Polygon", "coordinates": [ [ [ 105.863882299999986, 21.1445906 ], [ 105.8636895, 21.145166 ], [ 105.8647504, 21.1451433 ], [ 105.867203499999988, 21.1450621 ], [ 105.8695342, 21.1451327 ], [ 105.8711172, 21.1437435 ], [ 105.8719196, 21.143012 ], [ 105.873554299999981, 21.1415057 ], [ 105.8742332, 21.1397729 ], [ 105.87466019999998, 21.1386886 ], [ 105.872835399999985, 21.1376904 ], [ 105.8713227, 21.1369198 ], [ 105.869608899999989, 21.1369787 ], [ 105.8683694, 21.1360645 ], [ 105.8680596, 21.1375763 ], [ 105.867754099999985, 21.1387375 ], [ 105.8666423, 21.1398606 ], [ 105.865749099999988, 21.1410477 ], [ 105.8645207, 21.1424048 ], [ 105.8641036, 21.1428126 ], [ 105.863882299999986, 21.1445906 ] ] ] } },
{ "type": "Feature", "properties": { "threshold_s": 900, "time_label": "15 minutes" }, "geometry": { "type": "Polygon", "coordinates": [ [ [ 105.8623816, 21.1465951 ], [ 105.862468799999988, 21.1468702 ], [ 105.864005, 21.147653 ], [ 105.8651456, 21.1460822 ], [ 105.8657116, 21.1457595 ], [ 105.8659503, 21.1455919 ], [ 105.8679807, 21.1463224 ], [ 105.868262299999984, 21.1468102 ], [ 105.869732200000016, 21.1453968 ], [ 105.8711172, 21.1437435 ], [ 105.8713838, 21.1434781 ], [ 105.8716313, 21.1432628 ], [ 105.8719196, 21.143012 ], [ 105.8721388, 21.1427866 ], [ 105.873654700000017, 21.1423237 ], [ 105.874865900000017, 21.144256 ], [ 105.8739835, 21.1421447 ], [ 105.874730499999984, 21.1406045 ], [ 105.8755651, 21.1403768 ], [ 105.875992499999981, 21.1402602 ], [ 105.8768066, 21.1386585 ], [ 105.8777693, 21.1375221 ], [ 105.8762884, 21.137006 ], [ 105.874552599999987, 21.1362556 ], [ 105.873758199999983, 21.1354213 ], [ 105.8729815, 21.1339237 ], [ 105.8728133, 21.1340043 ], [ 105.872248399999989, 21.1344671 ], [ 105.8719518, 21.1347459 ], [ 105.8713524, 21.1353209 ], [ 105.8711198, 21.1355484 ], [ 105.869608899999989, 21.1369787 ], [ 105.8686794, 21.1350179 ], [ 105.8687599, 21.1346507 ], [ 105.8692548, 21.1338527 ], [ 105.869336, 21.1336806 ], [ 105.869702299999986, 21.1326412 ], [ 105.8684997, 21.1330643 ], [ 105.867347199999983, 21.1333565 ], [ 105.8670221, 21.1337751 ], [ 105.8670279, 21.134338 ], [ 105.867297599999986, 21.1352563 ], [ 105.867442899999986, 21.1363626 ], [ 105.8674349, 21.1369398 ], [ 105.867754099999985, 21.1387375 ], [ 105.8666423, 21.1398606 ], [ 105.865749099999988, 21.1410477 ], [ 105.8638045, 21.141917 ], [ 105.86325069999998, 21.1382387 ], [ 105.863655499999979, 21.1376204 ], [ 105.862857799999986, 21.1376357 ], [ 105.861976799999979, 21.1405426 ], [ 105.8629784, 21.1423473 ], [ 105.8630776, 21.1441947 ], [ 105.86203159999998, 21.1444812 ], [ 105.862020799999982, 21.1452179 ], [ 105.8623816, 21.1465951 ] ] ] } },
{ "type": "Feature", "properties": { "threshold_s": 300, "time_label": "5 minutes" }, "geometry": { "type": "Polygon", "coordinates": [ [ [ 105.8426031, 21.171808 ], [ 105.8429186, 21.1721329 ], [ 105.8431019, 21.1712537 ], [ 105.8435391, 21.1712099 ], [ 105.8439814, 21.1714212 ], [ 105.8439736, 21.1722842 ], [ 105.844643, 21.1723591 ], [ 105.844870799999981, 21.1723692 ], [ 105.8447339, 21.173431 ], [ 105.8453417, 21.1726613 ], [ 105.84575479999998, 21.172658 ], [ 105.8454274, 21.1715388 ], [ 105.84494429999998, 21.1715427 ], [ 105.8444274, 21.1714235 ], [ 105.8444083, 21.1707008 ], [ 105.844923, 21.1705973 ], [ 105.845511, 21.1704943 ], [ 105.846194499999982, 21.1704395 ], [ 105.846799299999986, 21.1703883 ], [ 105.846074, 21.1693691 ], [ 105.8454636, 21.1687391 ], [ 105.8445497, 21.1681372 ], [ 105.8445515, 21.1687348 ], [ 105.844581099999985, 21.1692302 ], [ 105.84458979999998, 21.169728 ], [ 105.843710699999988, 21.1698005 ], [ 105.8435002, 21.1694553 ], [ 105.842983, 21.1697754 ], [ 105.8429678, 21.1699756 ], [ 105.8421564, 21.1703082 ], [ 105.8419537, 21.1699533 ], [ 105.841276, 21.1704589 ], [ 105.8414428, 21.1704635 ], [ 105.8415367, 21.1704661 ], [ 105.8419166, 21.1704767 ], [ 105.8428161, 21.1705133 ], [ 105.8427562, 21.1712228 ], [ 105.8426031, 21.171808 ] ] ] } },
{ "type": "Feature", "properties": { "threshold_s": 600, "time_label": "10 minutes" }, "geometry": { "type": "Polygon", "coordinates": [ [ [ 105.8409322, 21.1738572 ], [ 105.841454499999983, 21.1748678 ], [ 105.8428752, 21.1745977 ], [ 105.844202899999985, 21.1755306 ], [ 105.8451004, 21.175849 ], [ 105.845779, 21.1753484 ], [ 105.8468409, 21.1745783 ], [ 105.8468389, 21.1744414 ], [ 105.846822099999983, 21.1727544 ], [ 105.8473411, 21.1726068 ], [ 105.848561499999988, 21.1720666 ], [ 105.8487575, 21.1713942 ], [ 105.8506821, 21.1701991 ], [ 105.850308699999985, 21.1702154 ], [ 105.850114499999989, 21.1702222 ], [ 105.850012599999985, 21.1702257 ], [ 105.849785399999988, 21.1702352 ], [ 105.849463, 21.1702486 ], [ 105.8479486, 21.1703055 ], [ 105.8476804, 21.1689951 ], [ 105.847694899999979, 21.1685568 ], [ 105.84767, 21.1681283 ], [ 105.847642, 21.1677908 ], [ 105.847608099999988, 21.167399 ], [ 105.8466692, 21.1668565 ], [ 105.846059, 21.1667728 ], [ 105.8452678, 21.1673118 ], [ 105.84454359999998, 21.167692 ], [ 105.8445497, 21.1681372 ], [ 105.8431837, 21.1691777 ], [ 105.842548, 21.1687975 ], [ 105.840928, 21.1682147 ], [ 105.840362, 21.1691227 ], [ 105.8394044, 21.1700569 ], [ 105.837864599999989, 21.1703313 ], [ 105.8380648, 21.1703592 ], [ 105.838186599999986, 21.1703629 ], [ 105.839369399999981, 21.1703953 ], [ 105.8401126, 21.1704233 ], [ 105.840354, 21.1704333 ], [ 105.8405803, 21.1704396 ], [ 105.840777, 21.170445 ], [ 105.8409386, 21.1704495 ], [ 105.841113, 21.1704544 ], [ 105.841276, 21.1704589 ], [ 105.8414428, 21.1704635 ], [ 105.8415367, 21.1704661 ], [ 105.8426031, 21.171808 ], [ 105.8413282, 21.1728668 ], [ 105.8411633, 21.1733324 ], [ 105.8409322, 21.1738572 ] ] ] } },
{ "type": "Feature", "properties": { "threshold_s": 900, "time_label": "15 minutes" }, "geometry": { "type": "Polygon", "coordinates": [ [ [ 105.8392147, 21.1751461 ], [ 105.839928200000017, 21.1772602 ], [ 105.8414113, 21.1775445 ], [ 105.8426324, 21.1765993 ], [ 105.8449999, 21.176936 ], [ 105.8464169, 21.1781222 ], [ 105.8469779, 21.1781158 ], [ 105.848679499999989, 21.1761984 ], [ 105.8495541, 21.1753396 ], [ 105.8503474, 21.1744539 ], [ 105.8517909, 21.1729144 ], [ 105.852786, 21.1721866 ], [ 105.8543758, 21.1703479 ], [ 105.852534599999984, 21.1685114 ], [ 105.852145199999981, 21.1682019 ], [ 105.849865099999988, 21.1672017 ], [ 105.8483845, 21.1655534 ], [ 105.848051899999987, 21.1648881 ], [ 105.847760899999983, 21.1645016 ], [ 105.8465537, 21.1633491 ], [ 105.845934199999988, 21.1635524 ], [ 105.8452061, 21.1637158 ], [ 105.844565, 21.1646004 ], [ 105.8422075, 21.1635109 ], [ 105.8408703, 21.1649727 ], [ 105.8413069, 21.1654413 ], [ 105.8428431, 21.166749 ], [ 105.841397299999983, 21.1680371 ], [ 105.84025029999998, 21.1680471 ], [ 105.8385059, 21.1676469 ], [ 105.837374, 21.1682047 ], [ 105.837199699999985, 21.1682785 ], [ 105.835184799999979, 21.1688788 ], [ 105.835190499999982, 21.1690553 ], [ 105.8371495, 21.1699933 ], [ 105.8372158, 21.1714588 ], [ 105.8378367, 21.1737373 ], [ 105.8392147, 21.1751461 ] ] ] } },
{ "type": "Feature", "properties": { "threshold_s": 300, "time_label": "5 minutes" }, "geometry": { "type": "Polygon", "coordinates": [ [ [ 105.8564366, 21.1722194 ], [ 105.8564177, 21.1723079 ], [ 105.856777099999988, 21.1721016 ], [ 105.857756699999982, 21.1716016 ], [ 105.8573343, 21.1715066 ], [ 105.857253, 21.1714933 ], [ 105.856932, 21.1714164 ], [ 105.8567104, 21.1709366 ], [ 105.856793399999987, 21.1705639 ], [ 105.8574109, 21.1701537 ], [ 105.857538, 21.170181 ], [ 105.8578652, 21.1702538 ], [ 105.8582658, 21.1703507 ], [ 105.8583342, 21.1699642 ], [ 105.858763199999984, 21.1693609 ], [ 105.858362299999982, 21.1693156 ], [ 105.8582612, 21.1693015 ], [ 105.857931899999983, 21.1692345 ], [ 105.8576256, 21.1691759 ], [ 105.8572176, 21.1687853 ], [ 105.857823, 21.1682976 ], [ 105.8581897, 21.1683222 ], [ 105.858558499999987, 21.168338 ], [ 105.8585953, 21.16834 ], [ 105.858919599999979, 21.1683592 ], [ 105.858960599999989, 21.1683601 ], [ 105.85905, 21.1683694 ], [ 105.858362299999982, 21.1676369 ], [ 105.857696, 21.1667241 ], [ 105.857667699999979, 21.1668487 ], [ 105.857506699999988, 21.1675591 ], [ 105.8571271, 21.1675622 ], [ 105.8568843, 21.1675385 ], [ 105.8573618, 21.1682722 ], [ 105.856862099999987, 21.1687668 ], [ 105.856689799999984, 21.1687583 ], [ 105.8566574, 21.1687538 ], [ 105.8564908, 21.1687442 ], [ 105.856006, 21.1687172 ], [ 105.8559051, 21.1687115 ], [ 105.85592149999998, 21.1691827 ], [ 105.8560767, 21.1695352 ], [ 105.8565037, 21.1695965 ], [ 105.8569117, 21.1700464 ], [ 105.856315699999982, 21.1704645 ], [ 105.855933, 21.1703924 ], [ 105.8555685, 21.1707014 ], [ 105.8561119, 21.1713512 ], [ 105.856601199999986, 21.1714424 ], [ 105.8564366, 21.1722194 ] ] ] } },
{ "type": "Feature", "properties": { "threshold_s": 600, "time_label": "10 minutes" }, "geometry": { "type": "Polygon", "coordinates": [ [ [ 105.8553605, 21.1741901 ], [ 105.8561119, 21.1755256 ], [ 105.856488, 21.175502 ], [ 105.8568031, 21.1749605 ], [ 105.8571928, 21.1742646 ], [ 105.858157399999982, 21.1732832 ], [ 105.858762499999983, 21.1718324 ], [ 105.8582658, 21.1703507 ], [ 105.858763199999984, 21.1693609 ], [ 105.860846, 21.1692777 ], [ 105.8607527, 21.1684586 ], [ 105.859212, 21.1683739 ], [ 105.858741499999979, 21.1676587 ], [ 105.8586386, 21.1663513 ], [ 105.858139699999981, 21.1658235 ], [ 105.858497, 21.1645958 ], [ 105.8578664, 21.1640831 ], [ 105.8572266, 21.1638875 ], [ 105.8569195, 21.1639678 ], [ 105.8571005, 21.1646216 ], [ 105.8567449, 21.1660286 ], [ 105.855473, 21.1659021 ], [ 105.854882, 21.1658148 ], [ 105.8546055, 21.1658922 ], [ 105.854401699999983, 21.1662275 ], [ 105.8542599, 21.166799 ], [ 105.855026199999983, 21.1679879 ], [ 105.85592149999998, 21.1691827 ], [ 105.8555685, 21.1707014 ], [ 105.8547953, 21.1721134 ], [ 105.853447299999985, 21.172 ], [ 105.853426199999987, 21.1723543 ], [ 105.854803, 21.1724517 ], [ 105.8546823, 21.1737623 ], [ 105.854664899999989, 21.1739999 ], [ 105.8553605, 21.1741901 ] ] ] } },
{ "type": "Feature", "properties": { "threshold_s": 900, "time_label": "15 minutes" }, "geometry": { "type": "Polygon", "coordinates": [ [ [ 105.8520922, 21.1744295 ], [ 105.852681299999986, 21.1752158 ], [ 105.8537651, 21.1762759 ], [ 105.8553529, 21.177569 ], [ 105.856224, 21.1778795 ], [ 105.8571368, 21.1778557 ], [ 105.857692, 21.1757616 ], [ 105.857970599999987, 21.1752106 ], [ 105.858157399999982, 21.1732832 ], [ 105.858762499999983, 21.1718324 ], [ 105.8582658, 21.1703507 ], [ 105.858763199999984, 21.1693609 ], [ 105.860846, 21.1692777 ], [ 105.8621133, 21.1711296 ], [ 105.8619873, 21.1716253 ], [ 105.8619109, 21.1721769 ], [ 105.8617907, 21.1724935 ], [ 105.8622473, 21.1734504 ], [ 105.862500899999986, 21.1736287 ], [ 105.863630199999989, 21.1727719 ], [ 105.863219799999982, 21.1714263 ], [ 105.8644704, 21.1700018 ], [ 105.865798, 21.1692405 ], [ 105.8645113, 21.167328 ], [ 105.864163499999989, 21.1667686 ], [ 105.863758899999979, 21.1663129 ], [ 105.863335099999986, 21.1659136 ], [ 105.8633402, 21.1662863 ], [ 105.8624956, 21.1678971 ], [ 105.8607527, 21.1684586 ], [ 105.858741499999979, 21.1676587 ], [ 105.8586386, 21.1663513 ], [ 105.858497, 21.1645958 ], [ 105.859590699999984, 21.1635286 ], [ 105.8601728, 21.1629245 ], [ 105.860109399999985, 21.1626689 ], [ 105.8585823, 21.1617889 ], [ 105.856369700000016, 21.1609894 ], [ 105.8567445, 21.1623008 ], [ 105.856935299999989, 21.1629752 ], [ 105.8554645, 21.1643812 ], [ 105.8547039, 21.1652981 ], [ 105.8523023, 21.1653045 ], [ 105.851735199999979, 21.166295 ], [ 105.8517339, 21.1665651 ], [ 105.8517448, 21.1669242 ], [ 105.852251699999982, 21.1668608 ], [ 105.8542599, 21.166799 ], [ 105.854982100000015, 21.1678377 ], [ 105.855026199999983, 21.1679879 ], [ 105.85592149999998, 21.1691827 ], [ 105.8555685, 21.1707014 ], [ 105.853447299999985, 21.172 ], [ 105.851687499999983, 21.1718717 ], [ 105.850777, 21.1717964 ], [ 105.8501898, 21.1718965 ], [ 105.84981879999998, 21.1721566 ], [ 105.8498175, 21.1722616 ], [ 105.850544699999986, 21.1728091 ], [ 105.8520922, 21.1744295 ] ] ] } },
{ "type": "Feature", "properties": { "threshold_s": 300, "time_label": "5 minutes" }, "geometry": { "type": "Polygon", "coordinates": [ [ [ 105.8745001, 20.9880923 ], [ 105.874399199999985, 20.9888617 ], [ 105.8753163, 20.9890426 ], [ 105.875693199999986, 20.989191 ], [ 105.8760658, 20.9898211 ], [ 105.876358, 20.9903356 ], [ 105.8766026, 20.9901772 ], [ 105.8772385, 20.9900113 ], [ 105.8774204, 20.9900154 ], [ 105.878125199999985, 20.9905669 ], [ 105.8786516, 20.9904362 ], [ 105.879004899999984, 20.9903355 ], [ 105.8789405, 20.9901107 ], [ 105.879461100000015, 20.9894256 ], [ 105.8788554, 20.9899203 ], [ 105.878260899999987, 20.9896694 ], [ 105.8778599, 20.9894666 ], [ 105.8777761, 20.9887189 ], [ 105.8782735, 20.9882511 ], [ 105.879117699999981, 20.988574 ], [ 105.8788458, 20.9880475 ], [ 105.8787243, 20.9878005 ], [ 105.878974199999988, 20.9870981 ], [ 105.8797355, 20.9874662 ], [ 105.8798182, 20.987567 ], [ 105.8801091, 20.9880941 ], [ 105.8803414, 20.9873927 ], [ 105.879983, 20.9870433 ], [ 105.8796149, 20.987164 ], [ 105.8789543, 20.9869526 ], [ 105.8787417, 20.9866899 ], [ 105.8784288, 20.9862631 ], [ 105.877844499999981, 20.9868492 ], [ 105.8779049, 20.9869904 ], [ 105.8781409, 20.9874337 ], [ 105.878224099999983, 20.9880547 ], [ 105.877363499999987, 20.9881178 ], [ 105.8772345, 20.9879006 ], [ 105.8769955, 20.9874814 ], [ 105.8768781, 20.9872719 ], [ 105.876817499999987, 20.9871638 ], [ 105.87647530000001, 20.98659 ], [ 105.8768342, 20.9860419 ], [ 105.8768695, 20.9856206 ], [ 105.876521699999984, 20.9856022 ], [ 105.875823699999984, 20.9854781 ], [ 105.8756786, 20.9858046 ], [ 105.8755717, 20.9862616 ], [ 105.8755717, 20.986602 ], [ 105.875671499999982, 20.9868274 ], [ 105.8752645, 20.9875906 ], [ 105.8748883, 20.9879156 ], [ 105.8745001, 20.9880923 ] ] ] } },
{ "type": "Feature", "properties": { "threshold_s": 600, "time_label": "10 minutes" }, "geometry": { "type": "Polygon", "coordinates": [ [ [ 105.8714692, 20.9895999 ], [ 105.871488700000015, 20.9901954 ], [ 105.873133199999984, 20.990693 ], [ 105.8737243, 20.9909421 ], [ 105.874848899999989, 20.9916019 ], [ 105.8760933, 20.992085 ], [ 105.876357, 20.9921003 ], [ 105.876586, 20.9920697 ], [ 105.877186399999985, 20.9919356 ], [ 105.8783638, 20.9925825 ], [ 105.879226499999987, 20.993054 ], [ 105.8802491, 20.9924096 ], [ 105.881217399999983, 20.9921029 ], [ 105.8816721, 20.9912997 ], [ 105.882370199999983, 20.9899685 ], [ 105.8822323, 20.9893654 ], [ 105.8818891, 20.9883944 ], [ 105.8813078, 20.9877215 ], [ 105.8810565, 20.9867719 ], [ 105.8803296, 20.9857821 ], [ 105.8798978, 20.9853564 ], [ 105.8791309, 20.9841571 ], [ 105.877844899999985, 20.9837267 ], [ 105.876387099999988, 20.9832443 ], [ 105.874763699999988, 20.9835281 ], [ 105.874348, 20.9835303 ], [ 105.873686299999989, 20.9842862 ], [ 105.8735583, 20.9855862 ], [ 105.873142499999986, 20.986048 ], [ 105.8729732, 20.9863167 ], [ 105.8725397, 20.9870769 ], [ 105.8724756, 20.9873455 ], [ 105.8723249, 20.9880532 ], [ 105.871894, 20.9891904 ], [ 105.8714692, 20.9895999 ] ] ] } },
{ "type": "Feature", "properties": { "threshold_s": 900, "time_label": "15 minutes" }, "geometry": { "type": "Polygon", "coordinates": [ [ [ 105.8713865, 20.9902139 ], [ 105.8715002, 20.9917303 ], [ 105.8718957, 20.9920102 ], [ 105.8726583, 20.9925331 ], [ 105.87391049999998, 20.993621 ], [ 105.8739878, 20.9936213 ], [ 105.8741516, 20.9936209 ], [ 105.8748574, 20.9924453 ], [ 105.8760933, 20.992085 ], [ 105.876357, 20.9921003 ], [ 105.8771522, 20.99374 ], [ 105.876913, 20.9940605 ], [ 105.8769162, 20.9942395 ], [ 105.8782969, 20.9939865 ], [ 105.8788565, 20.9957319 ], [ 105.8799048, 20.9966711 ], [ 105.879999699999985, 20.9966167 ], [ 105.8808607, 20.9960631 ], [ 105.880635899999987, 20.9949763 ], [ 105.881383199999988, 20.9938614 ], [ 105.881378, 20.9934683 ], [ 105.8815105, 20.9920909 ], [ 105.882494799999989, 20.9916283 ], [ 105.8837301, 20.9905978 ], [ 105.8835295, 20.9897526 ], [ 105.8828133, 20.9887234 ], [ 105.8813078, 20.9877215 ], [ 105.8810565, 20.9867719 ], [ 105.8812242, 20.9849272 ], [ 105.88089429999998, 20.9839556 ], [ 105.880126499999989, 20.9830935 ], [ 105.879845799999984, 20.9819518 ], [ 105.8793787, 20.9818998 ], [ 105.8779356, 20.9817819 ], [ 105.877068699999981, 20.9812449 ], [ 105.8755701, 20.9806616 ], [ 105.875272099999989, 20.9806886 ], [ 105.8743556, 20.9822937 ], [ 105.8726179, 20.9819014 ], [ 105.8724588, 20.9814658 ], [ 105.872335699999979, 20.9814834 ], [ 105.871647699999983, 20.9827804 ], [ 105.870410399999983, 20.9833154 ], [ 105.8702748, 20.9836223 ], [ 105.8702746, 20.9837996 ], [ 105.870427899999981, 20.9847785 ], [ 105.869914899999984, 20.9865331 ], [ 105.8695964, 20.9868472 ], [ 105.869165399999986, 20.9886517 ], [ 105.8702425, 20.9889555 ], [ 105.8710429, 20.9897542 ], [ 105.8713865, 20.9902139 ] ] ] } },
{ "type": "Feature", "properties": { "threshold_s": 300, "time_label": "5 minutes" }, "geometry": { "type": "Polygon", "coordinates": [ [ [ 105.87159579999998, 20.9850962 ], [ 105.8712766, 20.9852175 ], [ 105.8725239, 20.9857914 ], [ 105.8733264, 20.9861734 ], [ 105.8737928, 20.9862462 ], [ 105.874606199999988, 20.9866401 ], [ 105.875237799999979, 20.9858979 ], [ 105.8760271, 20.985817 ], [ 105.8764768, 20.984918 ], [ 105.876709099999985, 20.9845148 ], [ 105.877046, 20.9839984 ], [ 105.877017, 20.9834156 ], [ 105.8771721, 20.9829397 ], [ 105.87712089999998, 20.9828268 ], [ 105.87684, 20.9828621 ], [ 105.876094499999979, 20.982532 ], [ 105.8754214, 20.9824387 ], [ 105.8750765, 20.9824218 ], [ 105.8752654, 20.9825051 ], [ 105.875851699999984, 20.9834531 ], [ 105.87557289999998, 20.9835662 ], [ 105.874763699999988, 20.9835281 ], [ 105.874348, 20.9835303 ], [ 105.873447199999987, 20.983535 ], [ 105.8729351, 20.9827697 ], [ 105.872731, 20.982211 ], [ 105.8723784, 20.9837995 ], [ 105.8724041, 20.983852 ], [ 105.872601099999983, 20.9842974 ], [ 105.8721824, 20.9848611 ], [ 105.871915, 20.9849652 ], [ 105.87159579999998, 20.9850962 ] ] ] } },
{ "type": "Feature", "properties": { "threshold_s": 600, "time_label": "10 minutes" }, "geometry": { "type": "Polygon", "coordinates": [ [ [ 105.8683407, 20.9864725 ], [ 105.868367099999986, 20.9869841 ], [ 105.8695964, 20.9868472 ], [ 105.870168600000014, 20.9872253 ], [ 105.8711359, 20.9877246 ], [ 105.871631099999988, 20.9879795 ], [ 105.872420799999986, 20.9881412 ], [ 105.8732857, 20.9885127 ], [ 105.873828700000018, 20.9887259 ], [ 105.8753163, 20.9890426 ], [ 105.875498099999987, 20.9890102 ], [ 105.8757673, 20.9889458 ], [ 105.8773639, 20.9883746 ], [ 105.87754289999998, 20.988436 ], [ 105.8779049, 20.9869904 ], [ 105.878216, 20.9867074 ], [ 105.8789082, 20.9854717 ], [ 105.8794712, 20.9840904 ], [ 105.8798657, 20.9831589 ], [ 105.8801297, 20.9825114 ], [ 105.8803727, 20.9817431 ], [ 105.879803, 20.9814881 ], [ 105.8793459, 20.9814523 ], [ 105.877823, 20.9814278 ], [ 105.877068699999981, 20.9812449 ], [ 105.8763291, 20.9804521 ], [ 105.87514760000002, 20.9801786 ], [ 105.8746862, 20.9804867 ], [ 105.8738594, 20.9808918 ], [ 105.8724538, 20.9808959 ], [ 105.8716036, 20.980874 ], [ 105.8700229, 20.9812744 ], [ 105.869065399999982, 20.9825178 ], [ 105.8689017, 20.9826174 ], [ 105.8684307, 20.9835475 ], [ 105.8682922, 20.9839725 ], [ 105.868958099999986, 20.9847085 ], [ 105.8689791, 20.9856473 ], [ 105.8683407, 20.9864725 ] ] ] } },
{ "type": "Feature", "properties": { "threshold_s": 900, "time_label": "15 minutes" }, "geometry": { "type": "Polygon", "coordinates": [ [ [ 105.8650745, 20.9859605 ], [ 105.865944499999983, 20.9889205 ], [ 105.868721699999981, 20.9891888 ], [ 105.8713865, 20.9902139 ], [ 105.8724361, 20.9906581 ], [ 105.872959100000017, 20.9908611 ], [ 105.874935, 20.9915562 ], [ 105.876357, 20.9921003 ], [ 105.879240699999983, 20.9909171 ], [ 105.879740400000017, 20.9903162 ], [ 105.8806461, 20.9883678 ], [ 105.880847599999981, 20.9878143 ], [ 105.8810565, 20.9867719 ], [ 105.8811749, 20.9856052 ], [ 105.882097299999984, 20.9831977 ], [ 105.8827752, 20.9818749 ], [ 105.8832533, 20.9807645 ], [ 105.8830603, 20.9805747 ], [ 105.8817717, 20.9803123 ], [ 105.8788876, 20.9788639 ], [ 105.8785612, 20.9789049 ], [ 105.8777725, 20.9790562 ], [ 105.8763384, 20.9798571 ], [ 105.8742893, 20.9801461 ], [ 105.8724538, 20.9808959 ], [ 105.8707548, 20.9796895 ], [ 105.8700344, 20.9798916 ], [ 105.8689285, 20.980576 ], [ 105.8672939, 20.9817685 ], [ 105.8661107, 20.9825603 ], [ 105.8652952, 20.9831255 ], [ 105.8650798, 20.9837804 ], [ 105.865079199999983, 20.9838576 ], [ 105.865078399999987, 20.9839652 ], [ 105.8650745, 20.9859605 ] ] ] } },
{ "type": "Feature", "properties": { "threshold_s": 300, "time_label": "5 minutes" }, "geometry": { "type": "Polygon", "coordinates": [ [ [ 105.8771102, 21.045246 ], [ 105.8770161, 21.0454116 ], [ 105.8779878, 21.0451906 ], [ 105.878204, 21.0457773 ], [ 105.8787194, 21.0457371 ], [ 105.879082299999979, 21.0453622 ], [ 105.879675099999986, 21.0451259 ], [ 105.8798871, 21.045033 ], [ 105.8803305, 21.0448388 ], [ 105.880414, 21.0440887 ], [ 105.8800745, 21.0443094 ], [ 105.8798806, 21.0444867 ], [ 105.8791998, 21.0444132 ], [ 105.8791078, 21.0440926 ], [ 105.8789965, 21.043734 ], [ 105.8789784, 21.0431216 ], [ 105.8795231, 21.0430686 ], [ 105.87905019999998, 21.0426401 ], [ 105.878723, 21.0428754 ], [ 105.8781539, 21.0430121 ], [ 105.8778866, 21.0422915 ], [ 105.877535899999984, 21.0423042 ], [ 105.877419099999983, 21.0423174 ], [ 105.877403299999983, 21.0427653 ], [ 105.8770877, 21.0430259 ], [ 105.8764909, 21.0428612 ], [ 105.8766107, 21.0429951 ], [ 105.8767923, 21.043203 ], [ 105.8769477, 21.0433359 ], [ 105.877397699999989, 21.0436059 ], [ 105.876931, 21.0442496 ], [ 105.877442599999981, 21.0446776 ], [ 105.8771651, 21.0451569 ], [ 105.8771102, 21.045246 ] ] ] } },
{ "type": "Feature", "properties": { "threshold_s": 600, "time_label": "10 minutes" }, "geometry": { "type": "Polygon", "coordinates": [ [ [ 105.8758808, 21.0465402 ], [ 105.8756716, 21.0471865 ], [ 105.8757881, 21.0472992 ], [ 105.876825, 21.047485 ], [ 105.8775475, 21.0473932 ], [ 105.8783899, 21.0477209 ], [ 105.878501, 21.0477685 ], [ 105.878714, 21.0478507 ], [ 105.879567399999985, 21.0477369 ], [ 105.8802937, 21.047917 ], [ 105.8803531, 21.0478124 ], [ 105.8814466, 21.0473617 ], [ 105.8821369, 21.0471205 ], [ 105.882346899999987, 21.0468336 ], [ 105.882527699999983, 21.0461659 ], [ 105.8824177, 21.0459759 ], [ 105.8823099, 21.0457796 ], [ 105.8825422, 21.0447409 ], [ 105.88239489999998, 21.0440908 ], [ 105.8820299, 21.0430102 ], [ 105.8814538, 21.0424796 ], [ 105.8808908, 21.0419487 ], [ 105.8807641, 21.0412207 ], [ 105.8808959, 21.0401336 ], [ 105.8800956, 21.0402075 ], [ 105.8790425, 21.0401919 ], [ 105.878794, 21.0399604 ], [ 105.8786016, 21.0396928 ], [ 105.878397199999981, 21.0395948 ], [ 105.87803479999998, 21.0395565 ], [ 105.8769345, 21.0395385 ], [ 105.8766586, 21.0397714 ], [ 105.8761321, 21.0407138 ], [ 105.8753542, 21.0413808 ], [ 105.8744898, 21.0419798 ], [ 105.8737601, 21.0422128 ], [ 105.873686299999989, 21.0423474 ], [ 105.874149599999981, 21.0434213 ], [ 105.8742938, 21.0438558 ], [ 105.87467239999998, 21.0449857 ], [ 105.8746437, 21.0450437 ], [ 105.8749568, 21.0456922 ], [ 105.8751153, 21.0459199 ], [ 105.8758808, 21.0465402 ] ] ] } },
{ "type": "Feature", "properties": { "threshold_s": 900, "time_label": "15 minutes" }, "geometry": { "type": "Polygon", "coordinates": [ [ [ 105.8729434, 21.0478207 ], [ 105.873305799999983, 21.048989 ], [ 105.8740397, 21.0487227 ], [ 105.875761899999986, 21.0490071 ], [ 105.8773687, 21.0501996 ], [ 105.8773721, 21.05037 ], [ 105.8774361, 21.0498848 ], [ 105.8786388, 21.0488966 ], [ 105.879211199999986, 21.0491168 ], [ 105.880814599999979, 21.0488265 ], [ 105.8816552, 21.0491649 ], [ 105.8821642, 21.0491849 ], [ 105.882752300000021, 21.0492234 ], [ 105.883152599999988, 21.0491854 ], [ 105.8832028, 21.0491288 ], [ 105.8834031, 21.048901 ], [ 105.883551899999986, 21.0487317 ], [ 105.8834997, 21.0485773 ], [ 105.883987399999981, 21.047309 ], [ 105.8847626, 21.0471689 ], [ 105.885000099999985, 21.0469574 ], [ 105.885256499999983, 21.0466416 ], [ 105.8854625, 21.045539 ], [ 105.884188599999987, 21.044338 ], [ 105.8844631, 21.0438823 ], [ 105.8852377, 21.0435029 ], [ 105.884877300000014, 21.0428917 ], [ 105.8840198, 21.0415399 ], [ 105.883329499999988, 21.040633 ], [ 105.8832466, 21.0389723 ], [ 105.882099599999989, 21.0375464 ], [ 105.8815535, 21.0374694 ], [ 105.8805858, 21.0373341 ], [ 105.879272799999981, 21.037418 ], [ 105.8776282, 21.0372418 ], [ 105.8770986, 21.0377073 ], [ 105.876969799999983, 21.0378221 ], [ 105.8755735, 21.0390515 ], [ 105.8741954, 21.0401206 ], [ 105.873489299999989, 21.0400142 ], [ 105.8726832, 21.0407807 ], [ 105.8725076, 21.041133 ], [ 105.871920799999984, 21.0423445 ], [ 105.871466699999985, 21.0432571 ], [ 105.8718327, 21.0443895 ], [ 105.8720649, 21.0449475 ], [ 105.872455299999984, 21.0456425 ], [ 105.872819, 21.0473833 ], [ 105.8729434, 21.0478207 ] ] ] } },
{ "type": "Feature", "properties": { "threshold_s": 300, "time_label": "5 minutes" }, "geometry": { "type": "Polygon", "coordinates": [ [ [ 105.8491746, 21.029779 ], [ 105.8491377, 21.0313156 ], [ 105.8501894, 21.0298974 ], [ 105.85069, 21.0302351 ], [ 105.850858299999985, 21.0309982 ], [ 105.851011899999989, 21.0314044 ], [ 105.8512303, 21.0306856 ], [ 105.8512821, 21.0305065 ], [ 105.8513118, 21.0303982 ], [ 105.8513388, 21.0302937 ], [ 105.851363, 21.0301442 ], [ 105.8515171, 21.0291975 ], [ 105.851518, 21.0289361 ], [ 105.851497600000016, 21.0287269 ], [ 105.8515379, 21.0276191 ], [ 105.851632, 21.0272476 ], [ 105.8520797, 21.0263216 ], [ 105.851678599999985, 21.0259447 ], [ 105.8514331, 21.0260205 ], [ 105.851391199999981, 21.0267232 ], [ 105.8514611, 21.0272192 ], [ 105.8514312, 21.0273336 ], [ 105.851116099999984, 21.0277212 ], [ 105.850099599999979, 21.027482 ], [ 105.8499985, 21.0274546 ], [ 105.8498757, 21.0274261 ], [ 105.8498349, 21.0281639 ], [ 105.8487329, 21.02842 ], [ 105.8484423, 21.0290008 ], [ 105.8482698, 21.0293614 ], [ 105.848612700000018, 21.0295234 ], [ 105.8487662, 21.0295916 ], [ 105.8491746, 21.029779 ] ] ] } },
{ "type": "Feature", "properties": { "threshold_s": 600, "time_label": "10 minutes" }, "geometry": { "type": "Polygon", "coordinates": [ [ [ 105.8467286, 21.0312332 ], [ 105.846356699999987, 21.0327226 ], [ 105.847946199999981, 21.0337964 ], [ 105.8480621, 21.0338079 ], [ 105.8498734, 21.0339878 ], [ 105.8506755, 21.0340786 ], [ 105.8519773, 21.0335014 ], [ 105.8531632, 21.0322152 ], [ 105.8539092, 21.0313985 ], [ 105.8539865, 21.0312777 ], [ 105.8538095, 21.0307961 ], [ 105.8536738, 21.0305146 ], [ 105.8533839, 21.0305398 ], [ 105.8530559, 21.0306972 ], [ 105.851467499999984, 21.0294759 ], [ 105.8515171, 21.0291975 ], [ 105.851518, 21.0289361 ], [ 105.851497600000016, 21.0287269 ], [ 105.853463299999987, 21.0279608 ], [ 105.853556, 21.0279492 ], [ 105.8536648, 21.0278918 ], [ 105.853843399999988, 21.0276918 ], [ 105.8544205, 21.0269374 ], [ 105.854570099999989, 21.0255785 ], [ 105.8545163, 21.0250225 ], [ 105.8530565, 21.0241112 ], [ 105.8529607, 21.0240611 ], [ 105.8510543, 21.023229 ], [ 105.851034499999983, 21.0231663 ], [ 105.8510143, 21.0230989 ], [ 105.850819, 21.0230388 ], [ 105.850670199999982, 21.0230799 ], [ 105.849336899999983, 21.0243294 ], [ 105.8477455, 21.0255806 ], [ 105.8468879, 21.0258696 ], [ 105.846798, 21.0261018 ], [ 105.846897299999981, 21.0265095 ], [ 105.847791199999989, 21.0281196 ], [ 105.8477921, 21.0285735 ], [ 105.846568, 21.0299584 ], [ 105.8467286, 21.0312332 ] ] ] } },
{ "type": "Feature", "properties": { "threshold_s": 900, "time_label": "15 minutes" }, "geometry": { "type": "Polygon", "coordinates": [ [ [ 105.8449379, 21.0348636 ], [ 105.8455472, 21.035627 ], [ 105.8470836, 21.0362915 ], [ 105.8484865, 21.0367305 ], [ 105.8486639, 21.0367611 ], [ 105.8494544, 21.0368842 ], [ 105.8508355, 21.0363358 ], [ 105.852792800000017, 21.0360548 ], [ 105.8529476, 21.0360386 ], [ 105.8546223, 21.0348472 ], [ 105.855330399999986, 21.0338854 ], [ 105.8559243, 21.0326476 ], [ 105.8568546, 21.0314209 ], [ 105.8567475, 21.030865 ], [ 105.8558733, 21.030355 ], [ 105.8555487, 21.0288623 ], [ 105.856194500000015, 21.0282327 ], [ 105.85642, 21.0275383 ], [ 105.8568053, 21.0264005 ], [ 105.85794749999998, 21.0248459 ], [ 105.8579312, 21.0247021 ], [ 105.857197500000012, 21.023484 ], [ 105.8566143, 21.0231564 ], [ 105.855198799999982, 21.0227635 ], [ 105.85440220000001, 21.0220923 ], [ 105.854130899999987, 21.0217774 ], [ 105.85227159999998, 21.0208291 ], [ 105.852197099999984, 21.0208464 ], [ 105.852108199999989, 21.0208679 ], [ 105.8500125, 21.0205117 ], [ 105.8498841, 21.0203782 ], [ 105.8497575, 21.0203783 ], [ 105.848518, 21.0218945 ], [ 105.8476271, 21.0228891 ], [ 105.8466373, 21.0234938 ], [ 105.8458793, 21.0238188 ], [ 105.84566479999998, 21.024049 ], [ 105.8450297, 21.0247688 ], [ 105.8449895, 21.0248414 ], [ 105.844338799999989, 21.0262115 ], [ 105.843712399999987, 21.0267842 ], [ 105.843068099999982, 21.0281196 ], [ 105.8430088, 21.0287536 ], [ 105.8439386, 21.0301487 ], [ 105.845064, 21.0313485 ], [ 105.845176599999988, 21.0319201 ], [ 105.8452826, 21.0324584 ], [ 105.8455033, 21.033579 ], [ 105.8449379, 21.0348636 ] ] ] } },
{ "type": "Feature", "properties": { "threshold_s": 300, "time_label": "5 minutes" }, "geometry": { "type": "Polygon", "coordinates": [ [ [ 105.8337426, 21.0543301 ], [ 105.833653799999979, 21.0546537 ], [ 105.8341572, 21.0547275 ], [ 105.834417799999983, 21.0545849 ], [ 105.835047799999984, 21.0543602 ], [ 105.835192, 21.0541518 ], [ 105.8355455, 21.0537264 ], [ 105.8356128, 21.0533995 ], [ 105.8357725, 21.0529633 ], [ 105.836482099999984, 21.0531055 ], [ 105.837092399999989, 21.0528233 ], [ 105.8371724, 21.0526294 ], [ 105.83692809999998, 21.052629 ], [ 105.836611, 21.0526526 ], [ 105.835914299999985, 21.0526278 ], [ 105.835294299999987, 21.0526808 ], [ 105.8348183, 21.0527542 ], [ 105.834159299999982, 21.0528578 ], [ 105.834114699999986, 21.0534278 ], [ 105.8339626, 21.0536536 ], [ 105.8338127, 21.054085 ], [ 105.8337426, 21.0543301 ] ] ] } },
{ "type": "Feature", "properties": { "threshold_s": 600, "time_label": "10 minutes" }, "geometry": { "type": "Polygon", "coordinates": [ [ [ 105.8337426, 21.0543301 ], [ 105.833653799999979, 21.0546537 ], [ 105.8341572, 21.0547275 ], [ 105.8357174, 21.0553529 ], [ 105.8363636, 21.0556471 ], [ 105.836678, 21.0543578 ], [ 105.8373473, 21.0538835 ], [ 105.8380946, 21.0530266 ], [ 105.838671, 21.0522312 ], [ 105.8397104, 21.0510756 ], [ 105.8397092, 21.0505326 ], [ 105.839207699999989, 21.0503543 ], [ 105.8387392, 21.0503349 ], [ 105.8380388, 21.051296 ], [ 105.837166, 21.0521616 ], [ 105.835914299999985, 21.0526278 ], [ 105.835294299999987, 21.0526808 ], [ 105.8348183, 21.0527542 ], [ 105.834159299999982, 21.0528578 ], [ 105.8337426, 21.0543301 ] ] ] } },
{ "type": "Feature", "properties": { "threshold_s": 900, "time_label": "15 minutes" }, "geometry": { "type": "Polygon", "coordinates": [ [ [ 105.8341853, 21.0586067 ], [ 105.834240899999983, 21.0589135 ], [ 105.834307199999984, 21.0588556 ], [ 105.8350074, 21.0583501 ], [ 105.8359176, 21.0580398 ], [ 105.836870799999986, 21.0579154 ], [ 105.8373293, 21.0568134 ], [ 105.838299, 21.0554699 ], [ 105.838731899999985, 21.0553097 ], [ 105.839366499999983, 21.0551067 ], [ 105.841028, 21.0546568 ], [ 105.840157799999986, 21.0534285 ], [ 105.8410761, 21.0526293 ], [ 105.841730699999985, 21.0523677 ], [ 105.842240899999979, 21.0521375 ], [ 105.8425721, 21.0520123 ], [ 105.842550799999984, 21.0512978 ], [ 105.8420868, 21.0503618 ], [ 105.8420989, 21.0488459 ], [ 105.841863299999986, 21.0485736 ], [ 105.8418234, 21.0485409 ], [ 105.8418106, 21.0485308 ], [ 105.8407576, 21.0483038 ], [ 105.839802299999988, 21.048899 ], [ 105.838577199999989, 21.0486878 ], [ 105.8380523, 21.0480667 ], [ 105.837015599999987, 21.048108 ], [ 105.838171300000013, 21.0488111 ], [ 105.8387392, 21.0503349 ], [ 105.8380388, 21.051296 ], [ 105.837166, 21.0521616 ], [ 105.835914299999985, 21.0526278 ], [ 105.835294299999987, 21.0526808 ], [ 105.8348183, 21.0527542 ], [ 105.834159299999982, 21.0528578 ], [ 105.8337426, 21.0543301 ], [ 105.833653799999979, 21.0546537 ], [ 105.8337692, 21.0561987 ], [ 105.833436699999979, 21.0564231 ], [ 105.8334798, 21.0567493 ], [ 105.83451239999998, 21.0577101 ], [ 105.8341853, 21.0586067 ] ] ] } },
{ "type": "Feature", "properties": { "threshold_s": 300, "time_label": "5 minutes" }, "geometry": { "type": "Polygon", "coordinates": [ [ [ 105.799730899999986, 20.9983334 ], [ 105.7997037, 20.9983681 ], [ 105.8000081, 20.9985713 ], [ 105.8002347, 20.9985973 ], [ 105.80078, 20.9983726 ], [ 105.8009469, 20.9981466 ], [ 105.802031, 20.9982364 ], [ 105.80248779999998, 20.9986736 ], [ 105.802459899999988, 20.9992828 ], [ 105.802254, 20.9996812 ], [ 105.802328399999979, 20.9997303 ], [ 105.8031211, 20.9996548 ], [ 105.8033165, 20.9993816 ], [ 105.80370019999998, 20.9991056 ], [ 105.8039242, 20.9986536 ], [ 105.8040869, 20.9973946 ], [ 105.803313299999985, 20.9968755 ], [ 105.8032235, 20.9968152 ], [ 105.802580099999986, 20.9963835 ], [ 105.8031646, 20.996888 ], [ 105.803256299999987, 20.996949 ], [ 105.8038663, 20.9976672 ], [ 105.803366200000013, 20.9982891 ], [ 105.8030167, 20.9984057 ], [ 105.80269149999998, 20.9984364 ], [ 105.801930199999987, 20.9976275 ], [ 105.801661, 20.997989 ], [ 105.8010177, 20.9980563 ], [ 105.8005335, 20.9975849 ], [ 105.8007041, 20.9973491 ], [ 105.8007687, 20.9972654 ], [ 105.800981799999988, 20.9969847 ], [ 105.801062299999984, 20.9963912 ], [ 105.8010325, 20.9963712 ], [ 105.8004645, 20.996626 ], [ 105.7998763, 20.996218 ], [ 105.800193799999988, 20.995808 ], [ 105.8001045, 20.9957415 ], [ 105.7997814, 20.9961478 ], [ 105.7993167, 20.9960414 ], [ 105.7994728, 20.9965117 ], [ 105.799575799999985, 20.9971378 ], [ 105.7997062, 20.9975998 ], [ 105.799730899999986, 20.9983334 ] ] ] } },
{ "type": "Feature", "properties": { "threshold_s": 600, "time_label": "10 minutes" }, "geometry": { "type": "Polygon", "coordinates": [ [ [ 105.8001273, 21.0022571 ], [ 105.800125399999985, 21.0023733 ], [ 105.8003658, 21.002425 ], [ 105.800673, 21.0023856 ], [ 105.800805499999981, 21.0023654 ], [ 105.802084199999982, 21.0019602 ], [ 105.8028398, 21.0020955 ], [ 105.8031977, 21.0019026 ], [ 105.8044667, 21.0017216 ], [ 105.804502, 21.0016806 ], [ 105.8045422, 21.0016339 ], [ 105.8044884, 21.000275 ], [ 105.805001799999985, 20.9993215 ], [ 105.8061387, 20.9992269 ], [ 105.806948599999984, 20.9992858 ], [ 105.806673099999983, 20.9991037 ], [ 105.8062068, 20.997796 ], [ 105.806626799999989, 20.997308 ], [ 105.80638519999998, 20.9966809 ], [ 105.8063318, 20.9958024 ], [ 105.806295599999984, 20.9947031 ], [ 105.8052111, 20.9949851 ], [ 105.8041552, 20.9955294 ], [ 105.8032014, 20.9947636 ], [ 105.802571599999979, 20.9942915 ], [ 105.8019746, 20.9935601 ], [ 105.801897, 20.9935075 ], [ 105.8013175, 20.9934817 ], [ 105.8000866, 20.9937058 ], [ 105.7991947, 20.9937789 ], [ 105.79911180000002, 20.9938771 ], [ 105.7989574, 20.9940602 ], [ 105.7975785, 20.9941771 ], [ 105.7972719, 20.9942263 ], [ 105.7971145, 20.9952548 ], [ 105.7972589, 20.9965426 ], [ 105.7968547, 20.9971691 ], [ 105.797469099999986, 20.9983228 ], [ 105.797432199999989, 20.9991029 ], [ 105.7980286, 20.9992654 ], [ 105.7993883, 20.9987694 ], [ 105.8000044, 20.9993317 ], [ 105.8002116, 20.9994683 ], [ 105.8002159, 21.0007277 ], [ 105.800218199999989, 21.0020497 ], [ 105.8001273, 21.0022571 ] ] ] } },
{ "type": "Feature", "properties": { "threshold_s": 900, "time_label": "15 minutes" }, "geometry": { "type": "Polygon", "coordinates": [ [ [ 105.798052199999987, 21.0041783 ], [ 105.7980706, 21.0042935 ], [ 105.800289, 21.004787 ], [ 105.8003278, 21.0047894 ], [ 105.8018772, 21.0045244 ], [ 105.8034664, 21.0042602 ], [ 105.8053594, 21.0035834 ], [ 105.806988799999985, 21.0037853 ], [ 105.807000599999981, 21.0036217 ], [ 105.807011599999981, 21.0034512 ], [ 105.8070081, 21.0032728 ], [ 105.8070125, 21.0030645 ], [ 105.807823, 21.0013206 ], [ 105.808689799999982, 21.0012256 ], [ 105.8097498, 21.0006331 ], [ 105.8092417, 20.99948 ], [ 105.809277, 20.998049 ], [ 105.8083872, 20.9972143 ], [ 105.808822399999983, 20.9957082 ], [ 105.8088838, 20.9956213 ], [ 105.808430099999981, 20.9953173 ], [ 105.8079335, 20.9949846 ], [ 105.8073082, 20.9945656 ], [ 105.8070072, 20.994364 ], [ 105.806733599999987, 20.9941675 ], [ 105.806093, 20.9942006 ], [ 105.8048746, 20.993688 ], [ 105.804342099999985, 20.9924797 ], [ 105.8043707, 20.9919706 ], [ 105.8041375, 20.9907268 ], [ 105.8036125, 20.9906932 ], [ 105.8026195, 20.9908032 ], [ 105.801077299999989, 20.9911818 ], [ 105.799205499999985, 20.9913484 ], [ 105.797806699999981, 20.9920277 ], [ 105.7956744, 20.9915085 ], [ 105.795569699999987, 20.9916239 ], [ 105.7952759, 20.9924404 ], [ 105.7961317, 20.9932905 ], [ 105.7952735, 20.9948397 ], [ 105.794685, 20.9953013 ], [ 105.794764199999989, 20.9955258 ], [ 105.7953888, 20.9957458 ], [ 105.7948596, 20.9979065 ], [ 105.795001299999981, 20.9986919 ], [ 105.7951462, 21.0001543 ], [ 105.7960637, 21.0014288 ], [ 105.796841799999982, 21.0014519 ], [ 105.7976988, 21.0013367 ], [ 105.7989509, 21.0031073 ], [ 105.7986874, 21.0034581 ], [ 105.798369699999981, 21.0038559 ], [ 105.798052199999987, 21.0041783 ] ] ] } },
{ "type": "Feature", "properties": { "threshold_s": 300, "time_label": "5 minutes" }, "geometry": { "type": "Polygon", "coordinates": [ [ [ 105.845834300000021, 21.0320332 ], [ 105.846356699999987, 21.0327226 ], [ 105.846901399999979, 21.0326301 ], [ 105.84769249999998, 21.0324873 ], [ 105.8485186, 21.0323719 ], [ 105.84887710000001, 21.0317532 ], [ 105.8491377, 21.0313156 ], [ 105.8488561, 21.0305684 ], [ 105.8491746, 21.029779 ], [ 105.8491601, 21.0289698 ], [ 105.84912, 21.028948 ], [ 105.8485757, 21.0287723 ], [ 105.847791199999989, 21.0281196 ], [ 105.8477921, 21.0285735 ], [ 105.847795099999985, 21.0291543 ], [ 105.8464, 21.0291195 ], [ 105.8453413, 21.0287033 ], [ 105.8445748, 21.0289326 ], [ 105.8450687, 21.0291861 ], [ 105.846568, 21.0299584 ], [ 105.847785, 21.0297698 ], [ 105.8477212, 21.029978 ], [ 105.8474725, 21.0304548 ], [ 105.8478206, 21.0313634 ], [ 105.846937399999987, 21.0315 ], [ 105.8467286, 21.0312332 ], [ 105.846286, 21.0310279 ], [ 105.846263, 21.0310171 ], [ 105.845851199999984, 21.0312344 ], [ 105.845617099999984, 21.0319511 ], [ 105.845834300000021, 21.0320332 ] ] ] } },
{ "type": "Feature", "properties": { "threshold_s": 600, "time_label": "10 minutes" }, "geometry": { "type": "Polygon", "coordinates": [ [ [ 105.845039699999987, 21.035347 ], [ 105.8451076, 21.0356764 ], [ 105.8470836, 21.0362915 ], [ 105.847722399999981, 21.0362416 ], [ 105.8482524, 21.0353972 ], [ 105.8482694, 21.0353167 ], [ 105.8498734, 21.0339878 ], [ 105.8499357, 21.033994 ], [ 105.8506755, 21.0340786 ], [ 105.8519773, 21.0335014 ], [ 105.8531632, 21.0322152 ], [ 105.8532019, 21.0320653 ], [ 105.8531904, 21.0318342 ], [ 105.8528753, 21.0315069 ], [ 105.851363, 21.0301442 ], [ 105.8514055, 21.0298406 ], [ 105.851443499999988, 21.0296032 ], [ 105.851467499999984, 21.0294759 ], [ 105.8515171, 21.0291975 ], [ 105.851518, 21.0289361 ], [ 105.851497600000016, 21.0287269 ], [ 105.8515379, 21.0276191 ], [ 105.850573, 21.0262615 ], [ 105.84922779999998, 21.0259917 ], [ 105.8480906, 21.0255619 ], [ 105.8474334, 21.0246707 ], [ 105.845980399999988, 21.025111 ], [ 105.8452715, 21.0249328 ], [ 105.8451257, 21.0249069 ], [ 105.845042399999983, 21.025008 ], [ 105.8446562, 21.0260871 ], [ 105.843657599999986, 21.0268018 ], [ 105.841672299999985, 21.0275605 ], [ 105.841569, 21.0288646 ], [ 105.841961199999986, 21.0296303 ], [ 105.8421234, 21.0297682 ], [ 105.8428456, 21.0304544 ], [ 105.8442641, 21.031681 ], [ 105.8452826, 21.0324584 ], [ 105.8447768, 21.0340917 ], [ 105.8447958, 21.0341848 ], [ 105.8449379, 21.0348636 ], [ 105.845039699999987, 21.035347 ] ] ] } },
{ "type": "Feature", "properties": { "threshold_s": 900, "time_label": "15 minutes" }, "geometry": { "type": "Polygon", "coordinates": [ [ [ 105.8447313, 21.0372753 ], [ 105.8449161, 21.0381866 ], [ 105.8457486, 21.0387839 ], [ 105.8471523, 21.0392431 ], [ 105.847203800000017, 21.0392414 ], [ 105.849268399999985, 21.0385781 ], [ 105.849978399999983, 21.0369695 ], [ 105.8508355, 21.0363358 ], [ 105.852792800000017, 21.0360548 ], [ 105.8529476, 21.0360386 ], [ 105.854353299999985, 21.0348592 ], [ 105.855330399999986, 21.0338854 ], [ 105.8559243, 21.0326476 ], [ 105.8560568, 21.0309503 ], [ 105.8545507, 21.0294831 ], [ 105.85392779999998, 21.0288724 ], [ 105.8537999, 21.0287161 ], [ 105.853663, 21.0286323 ], [ 105.853277099999985, 21.026343 ], [ 105.853517, 21.0260284 ], [ 105.8534289, 21.0254568 ], [ 105.8534146, 21.0254056 ], [ 105.8533972, 21.0253457 ], [ 105.8520619, 21.0245031 ], [ 105.851334, 21.0245245 ], [ 105.8503603, 21.0243093 ], [ 105.8489498, 21.0226638 ], [ 105.846808599999989, 21.0223726 ], [ 105.8446376, 21.0227413 ], [ 105.8435584, 21.0227695 ], [ 105.843453, 21.0227988 ], [ 105.842715, 21.0236926 ], [ 105.8411809, 21.0248425 ], [ 105.839863799999989, 21.0260325 ], [ 105.839190499999987, 21.0268177 ], [ 105.838866100000018, 21.0274978 ], [ 105.838475299999985, 21.0297562 ], [ 105.8385888, 21.0299162 ], [ 105.8396876, 21.03195 ], [ 105.8398971, 21.0320628 ], [ 105.840616399999988, 21.0324498 ], [ 105.8415775, 21.032684 ], [ 105.843611, 21.0337263 ], [ 105.8447622, 21.0357407 ], [ 105.8445168, 21.0360386 ], [ 105.8447313, 21.0372753 ] ] ] } },
{ "type": "Feature", "properties": { "threshold_s": 300, "time_label": "5 minutes" }, "geometry": { "type": "Polygon", "coordinates": [ [ [ 105.8209666, 21.0673188 ], [ 105.820459299999982, 21.0673734 ], [ 105.8206155, 21.0674371 ], [ 105.8213878, 21.0674435 ], [ 105.8221041, 21.06757 ], [ 105.8223804, 21.0679662 ], [ 105.8220701, 21.0685556 ], [ 105.8224138, 21.0679825 ], [ 105.822761499999984, 21.0681346 ], [ 105.822924799999981, 21.0682067 ], [ 105.8231885, 21.0683171 ], [ 105.822998899999988, 21.0680365 ], [ 105.8226915, 21.067415 ], [ 105.822773, 21.0672268 ], [ 105.821572099999983, 21.0670942 ], [ 105.8213587, 21.0668942 ], [ 105.8209666, 21.0673188 ] ] ] } },
{ "type": "Feature", "properties": { "threshold_s": 600, "time_label": "10 minutes" }, "geometry": { "type": "Polygon", "coordinates": [ [ [ 105.822055300000017, 21.0690818 ], [ 105.8227523, 21.0702529 ], [ 105.8229829, 21.0704432 ], [ 105.824252699999988, 21.0701405 ], [ 105.82515, 21.0696917 ], [ 105.8256127, 21.0692789 ], [ 105.82606, 21.0680049 ], [ 105.826055899999986, 21.0679302 ], [ 105.8250023, 21.0669793 ], [ 105.824581399999985, 21.0667427 ], [ 105.8234073, 21.0660338 ], [ 105.8242384, 21.0652249 ], [ 105.823564799999986, 21.0648505 ], [ 105.822225, 21.0653827 ], [ 105.821765299999981, 21.0651393 ], [ 105.821081199999981, 21.0659873 ], [ 105.8199638, 21.0665025 ], [ 105.819245, 21.0667666 ], [ 105.820459299999982, 21.0673734 ], [ 105.8206155, 21.0674371 ], [ 105.8213878, 21.0674435 ], [ 105.8220701, 21.0685556 ], [ 105.822055300000017, 21.0690818 ] ] ] } },
{ "type": "Feature", "properties": { "threshold_s": 900, "time_label": "15 minutes" }, "geometry": { "type": "Polygon", "coordinates": [ [ [ 105.82207889999998, 21.0710572 ], [ 105.8213389, 21.0727396 ], [ 105.82145, 21.0727569 ], [ 105.8222915, 21.0711882 ], [ 105.8237685, 21.0711742 ], [ 105.8242625, 21.0711458 ], [ 105.825770099999986, 21.0720173 ], [ 105.8258602, 21.0716075 ], [ 105.825919399999989, 21.071309 ], [ 105.8261402, 21.0705888 ], [ 105.826818599999982, 21.0698208 ], [ 105.8285453, 21.069454 ], [ 105.828422, 21.0686924 ], [ 105.828328899999988, 21.0670232 ], [ 105.8277882, 21.0667301 ], [ 105.8275401, 21.0652121 ], [ 105.8276535, 21.0650398 ], [ 105.8264656, 21.0649986 ], [ 105.82554279999998, 21.0640557 ], [ 105.8254174, 21.0637733 ], [ 105.8252575, 21.0623719 ], [ 105.824286499999985, 21.0622978 ], [ 105.8229875, 21.0624959 ], [ 105.822842900000012, 21.0627096 ], [ 105.822682, 21.0631025 ], [ 105.8225334, 21.0633438 ], [ 105.822839099999982, 21.0641535 ], [ 105.821765299999981, 21.0651393 ], [ 105.820389099999986, 21.0638955 ], [ 105.8204438, 21.0637678 ], [ 105.8200503, 21.0630447 ], [ 105.8199524, 21.0635549 ], [ 105.8199275, 21.0636974 ], [ 105.819887899999983, 21.0641715 ], [ 105.821081199999981, 21.0659873 ], [ 105.8196649, 21.066075 ], [ 105.819245, 21.0667666 ], [ 105.8193864, 21.0672773 ], [ 105.8206155, 21.0674371 ], [ 105.8213878, 21.0674435 ], [ 105.8220701, 21.0685556 ], [ 105.822055300000017, 21.0690818 ], [ 105.8227523, 21.0702529 ], [ 105.82207889999998, 21.0710572 ] ] ] } },
{ "type": "Feature", "properties": { "threshold_s": 300, "time_label": "5 minutes" }, "geometry": { "type": "Polygon", "coordinates": [ [ [ 105.8581888, 21.0191721 ], [ 105.858210499999984, 21.0192141 ], [ 105.8585959, 21.0192808 ], [ 105.858663899999982, 21.0193007 ], [ 105.8587239, 21.0193182 ], [ 105.85890689999998, 21.0190967 ], [ 105.8589387, 21.0189863 ], [ 105.8593503, 21.0189592 ], [ 105.8593326, 21.0188821 ], [ 105.8597317, 21.0187694 ], [ 105.859772, 21.0188366 ], [ 105.859985699999982, 21.0189885 ], [ 105.8600899, 21.0187459 ], [ 105.86030049999998, 21.0186077 ], [ 105.860292499999986, 21.0185375 ], [ 105.8600413, 21.0186089 ], [ 105.860386799999986, 21.0179721 ], [ 105.8611852, 21.0183397 ], [ 105.8611697, 21.0184181 ], [ 105.8612319, 21.0185681 ], [ 105.861282099999983, 21.0184309 ], [ 105.861213, 21.018231 ], [ 105.860509899999983, 21.017797 ], [ 105.86046709999998, 21.0176462 ], [ 105.8604339, 21.0177809 ], [ 105.8597611, 21.0175458 ], [ 105.859835300000015, 21.0174088 ], [ 105.8597928, 21.017196 ], [ 105.8597455, 21.0173885 ], [ 105.8596919, 21.0174865 ], [ 105.859186300000019, 21.0173801 ], [ 105.859167, 21.0174631 ], [ 105.8596729, 21.0175706 ], [ 105.859751, 21.0175873 ], [ 105.859406599999986, 21.0184382 ], [ 105.859347099999979, 21.0185627 ], [ 105.8589708, 21.0188746 ], [ 105.85887409999998, 21.0187967 ], [ 105.8589297, 21.0184785 ], [ 105.858957299999986, 21.0183509 ], [ 105.858707, 21.0183789 ], [ 105.8585242, 21.0180301 ], [ 105.8584719, 21.0179013 ], [ 105.8584173, 21.0178781 ], [ 105.8584348, 21.0184061 ], [ 105.85851, 21.0186002 ], [ 105.8585457, 21.0188973 ], [ 105.8582007, 21.0189691 ], [ 105.858189899999985, 21.0190067 ], [ 105.8581888, 21.0191721 ] ] ] } },
{ "type": "Feature", "properties": { "threshold_s": 600, "time_label": "10 minutes" }, "geometry": { "type": "Polygon", "coordinates": [ [ [ 105.857320900000019, 21.0212327 ], [ 105.8573501, 21.0221324 ], [ 105.8576741, 21.0222799 ], [ 105.8577392, 21.0222982 ], [ 105.8577902, 21.0221375 ], [ 105.8580952, 21.0212459 ], [ 105.8582515, 21.0207665 ], [ 105.859145499999983, 21.0197027 ], [ 105.8594432, 21.0197327 ], [ 105.860440499999982, 21.020005 ], [ 105.860955899999979, 21.0205697 ], [ 105.861608899999979, 21.0204464 ], [ 105.861942299999981, 21.0203228 ], [ 105.8616086, 21.0194495 ], [ 105.8630484, 21.0189058 ], [ 105.863634099999985, 21.019321 ], [ 105.863899, 21.018973 ], [ 105.863352599999985, 21.0183695 ], [ 105.863479899999987, 21.0174101 ], [ 105.8627141, 21.0166919 ], [ 105.862403, 21.0156144 ], [ 105.862306599999982, 21.0160831 ], [ 105.862405199999984, 21.0171982 ], [ 105.8617692, 21.0183816 ], [ 105.861213, 21.018231 ], [ 105.86046709999998, 21.0176462 ], [ 105.8597928, 21.017196 ], [ 105.8582974, 21.0168389 ], [ 105.8576241, 21.0164651 ], [ 105.85814689999998, 21.0151325 ], [ 105.858601299999989, 21.0151958 ], [ 105.859588599999981, 21.0149919 ], [ 105.859653, 21.0150046 ], [ 105.859715, 21.0150169 ], [ 105.859768699999989, 21.0147563 ], [ 105.860863499999979, 21.013714 ], [ 105.860927, 21.01363 ], [ 105.8610041, 21.0132505 ], [ 105.8610401, 21.0129177 ], [ 105.8594572, 21.0128203 ], [ 105.8582827, 21.0127586 ], [ 105.8572385, 21.0136561 ], [ 105.8566723, 21.0142452 ], [ 105.8564287, 21.0157157 ], [ 105.856276500000021, 21.0158714 ], [ 105.856246899999988, 21.0159173 ], [ 105.8562146, 21.0159672 ], [ 105.8561477, 21.0162475 ], [ 105.8561648, 21.0164388 ], [ 105.8563238, 21.0178487 ], [ 105.855066399999984, 21.0182052 ], [ 105.854870099999985, 21.0182316 ], [ 105.854841099999987, 21.0182805 ], [ 105.854813899999982, 21.0183263 ], [ 105.854819099999986, 21.018397 ], [ 105.8548373, 21.018439 ], [ 105.8548542, 21.0184778 ], [ 105.8554092, 21.0194893 ], [ 105.8553835, 21.0199945 ], [ 105.8554005, 21.0200486 ], [ 105.85542359999998, 21.0201141 ], [ 105.855525199999988, 21.0201901 ], [ 105.855631799999983, 21.0201602 ], [ 105.855695699999984, 21.0201425 ], [ 105.856862799999988, 21.0197015 ], [ 105.8572955, 21.0206445 ], [ 105.857320900000019, 21.0212327 ] ] ] } },
{ "type": "Feature", "properties": { "threshold_s": 900, "time_label": "15 minutes" }, "geometry": { "type": "Polygon", "coordinates": [ [ [ 105.8547547, 21.023716 ], [ 105.854808599999984, 21.0238594 ], [ 105.8559658, 21.0247472 ], [ 105.856804299999979, 21.0252375 ], [ 105.8578432, 21.0251378 ], [ 105.858146199999979, 21.0249999 ], [ 105.8591955, 21.0242564 ], [ 105.860697700000017, 21.0239052 ], [ 105.860675299999983, 21.0238059 ], [ 105.860636, 21.0234163 ], [ 105.8612172, 21.0223395 ], [ 105.862607399999987, 21.0225295 ], [ 105.8630721, 21.022198 ], [ 105.8631694, 21.0221277 ], [ 105.863379399999985, 21.0217687 ], [ 105.863676, 21.0208434 ], [ 105.863634099999985, 21.019321 ], [ 105.863899, 21.018973 ], [ 105.864285, 21.0183492 ], [ 105.864448899999985, 21.0179396 ], [ 105.8651885, 21.0164253 ], [ 105.8651481, 21.0156362 ], [ 105.8648357, 21.0152539 ], [ 105.8644008, 21.0140818 ], [ 105.863774699999979, 21.0127358 ], [ 105.863125899999986, 21.0115683 ], [ 105.8629252, 21.0104518 ], [ 105.8626101, 21.0101278 ], [ 105.8617927, 21.0105918 ], [ 105.860267199999981, 21.0103112 ], [ 105.860237, 21.0102908 ], [ 105.8598872, 21.0102684 ], [ 105.858260699999988, 21.0105779 ], [ 105.8572814, 21.0107506 ], [ 105.8565589, 21.0113731 ], [ 105.855737399999981, 21.011978 ], [ 105.8544232, 21.0130747 ], [ 105.8534428, 21.0136751 ], [ 105.8534247, 21.0137678 ], [ 105.852766299999985, 21.0152406 ], [ 105.8527637, 21.0152917 ], [ 105.852827799999986, 21.0167567 ], [ 105.852826399999984, 21.0168023 ], [ 105.852825599999989, 21.0168495 ], [ 105.852588, 21.0177004 ], [ 105.851641599999979, 21.0181399 ], [ 105.851603, 21.0182926 ], [ 105.8518196, 21.01977 ], [ 105.852054899999985, 21.0209689 ], [ 105.8520945, 21.0210903 ], [ 105.8521385, 21.0211022 ], [ 105.853671899999981, 21.0218992 ], [ 105.854508, 21.0229623 ], [ 105.854708099999982, 21.0235827 ], [ 105.8547547, 21.023716 ] ] ] } },
{ "type": "Feature", "properties": { "threshold_s": 300, "time_label": "5 minutes" }, "geometry": { "type": "Polygon", "coordinates": [ [ [ 105.8596607, 21.002517 ], [ 105.8598891, 21.0028882 ], [ 105.860236, 21.0031724 ], [ 105.8610249, 21.0033588 ], [ 105.8608858, 21.003703 ], [ 105.861154200000016, 21.0038485 ], [ 105.8612172, 21.0038564 ], [ 105.861760599999982, 21.0032616 ], [ 105.8622648, 21.0030021 ], [ 105.862578099999979, 21.0029949 ], [ 105.8620768, 21.0026977 ], [ 105.861808, 21.0026876 ], [ 105.8613494, 21.0024668 ], [ 105.8612487, 21.0024585 ], [ 105.8606565, 21.002238 ], [ 105.860481, 21.0016688 ], [ 105.8610535, 21.0011089 ], [ 105.8613829, 21.0011347 ], [ 105.8614664, 21.0011413 ], [ 105.8619137, 21.001148 ], [ 105.861973, 21.0011494 ], [ 105.862391, 21.0011589 ], [ 105.8620643, 21.0003536 ], [ 105.862346699999989, 21.0001548 ], [ 105.8629722, 21.0004689 ], [ 105.86309679999998, 21.0004812 ], [ 105.863050799999982, 21.0000722 ], [ 105.8626806, 20.9994862 ], [ 105.8625671, 20.9994234 ], [ 105.8623963, 20.9993209 ], [ 105.862248, 20.9986697 ], [ 105.8621811, 20.9986499 ], [ 105.86164909999998, 20.9989874 ], [ 105.8610312, 20.9987872 ], [ 105.8608892, 20.9989225 ], [ 105.86026339999998, 20.9992526 ], [ 105.8602055, 20.9994055 ], [ 105.860194299999989, 20.9996114 ], [ 105.860100399999979, 21.0001799 ], [ 105.859246699999986, 21.0000573 ], [ 105.859231799999989, 21.0001189 ], [ 105.858557499999989, 21.0005909 ], [ 105.858101300000015, 21.0009654 ], [ 105.858167, 21.0010541 ], [ 105.858815, 21.0015759 ], [ 105.85882380000001, 21.0015156 ], [ 105.859136699999979, 21.0010079 ], [ 105.8597692, 21.0013112 ], [ 105.8597519, 21.0015829 ], [ 105.8597493, 21.0016376 ], [ 105.8597113, 21.001978 ], [ 105.859707, 21.0020288 ], [ 105.8596918, 21.0022291 ], [ 105.859671399999982, 21.0024495 ], [ 105.8596607, 21.002517 ] ] ] } },
{ "type": "Feature", "properties": { "threshold_s": 600, "time_label": "10 minutes" }, "geometry": { "type": "Polygon", "coordinates": [ [ [ 105.8595492, 21.0057275 ], [ 105.8607942, 21.0071484 ], [ 105.860857699999983, 21.0072043 ], [ 105.86137, 21.0067958 ], [ 105.862176, 21.0059654 ], [ 105.863789399999987, 21.0049051 ], [ 105.864432399999984, 21.0044235 ], [ 105.8652691, 21.0033408 ], [ 105.865721899999983, 21.0029875 ], [ 105.865725199999986, 21.0029343 ], [ 105.864926699999984, 21.0018569 ], [ 105.864752800000019, 21.0013058 ], [ 105.8653342, 20.9999047 ], [ 105.864837899999984, 20.9986752 ], [ 105.8644345, 20.9981274 ], [ 105.8635026, 20.9968852 ], [ 105.8633132, 20.9964595 ], [ 105.8625763, 20.9959598 ], [ 105.862069299999987, 20.9956606 ], [ 105.8617712, 20.9955598 ], [ 105.8610438, 20.9956887 ], [ 105.8608362, 20.995982 ], [ 105.8608055, 20.9960646 ], [ 105.860760199999987, 20.9961865 ], [ 105.859161599999979, 20.9972301 ], [ 105.858066599999987, 20.9973952 ], [ 105.8576816, 20.9984903 ], [ 105.8562284, 20.9996299 ], [ 105.8556968, 21.0005041 ], [ 105.8563721, 21.0018391 ], [ 105.856255, 21.0022821 ], [ 105.856245, 21.0024902 ], [ 105.8563454, 21.002688 ], [ 105.8568141, 21.0027438 ], [ 105.8577897, 21.0027958 ], [ 105.8579793, 21.0042532 ], [ 105.8586949, 21.004786 ], [ 105.8595492, 21.0057275 ] ] ] } },
{ "type": "Feature", "properties": { "threshold_s": 900, "time_label": "15 minutes" }, "geometry": { "type": "Polygon", "coordinates": [ [ [ 105.854352399999982, 21.0041698 ], [ 105.855014899999986, 21.0055371 ], [ 105.8566462, 21.0065112 ], [ 105.85808609999998, 21.0052583 ], [ 105.8589171, 21.0057513 ], [ 105.8591838, 21.0065084 ], [ 105.859287599999988, 21.0067509 ], [ 105.8593831, 21.0076905 ], [ 105.858713499999979, 21.0088652 ], [ 105.858724699999982, 21.0089159 ], [ 105.858748099999985, 21.0090258 ], [ 105.8598583, 21.0098552 ], [ 105.8604782, 21.0100487 ], [ 105.860838, 21.0101056 ], [ 105.8609614, 21.010058 ], [ 105.8615541, 21.009725 ], [ 105.8621602, 21.0089908 ], [ 105.8634401, 21.0082779 ], [ 105.8634626, 21.0082471 ], [ 105.8640954, 21.0068977 ], [ 105.865428399999985, 21.0069904 ], [ 105.866472799999983, 21.0059629 ], [ 105.8668082, 21.0051174 ], [ 105.866981, 21.0047453 ], [ 105.8669883, 21.0045769 ], [ 105.8685107, 21.0030141 ], [ 105.869265, 21.0030269 ], [ 105.8693107, 21.0030268 ], [ 105.869268599999984, 21.0029754 ], [ 105.8685065, 21.0026882 ], [ 105.8676133, 21.0011004 ], [ 105.86701979999998, 20.9999653 ], [ 105.8674959, 20.9984171 ], [ 105.867527, 20.9983386 ], [ 105.8673396, 20.9979644 ], [ 105.8672612, 20.997812 ], [ 105.8659994, 20.9963302 ], [ 105.864738399999979, 20.994771 ], [ 105.864521199999984, 20.9942127 ], [ 105.864363400000016, 20.9939693 ], [ 105.8637302, 20.9931336 ], [ 105.86249909999998, 20.9918293 ], [ 105.8612569, 20.9927051 ], [ 105.8601019, 20.9932481 ], [ 105.8581994, 20.9942034 ], [ 105.857139499999988, 20.9953134 ], [ 105.856129899999985, 20.9954853 ], [ 105.8556667, 20.995477 ], [ 105.8556343, 20.995557 ], [ 105.8555606, 20.9957565 ], [ 105.855551299999988, 20.9960752 ], [ 105.854921, 20.9980591 ], [ 105.854431299999987, 20.9980538 ], [ 105.8537805, 20.9985106 ], [ 105.8530065, 21.0003887 ], [ 105.8531813, 21.0007878 ], [ 105.8530316, 21.0028951 ], [ 105.853032099999979, 21.0029532 ], [ 105.85359769999998, 21.0037209 ], [ 105.854352399999982, 21.0041698 ] ] ] } },
{ "type": "Feature", "properties": { "threshold_s": 300, "time_label": "5 minutes" }, "geometry": { "type": "Polygon", "coordinates": [ [ [ 105.772577399999989, 21.1289985 ], [ 105.772504699999985, 21.1302818 ], [ 105.7730567, 21.1298643 ], [ 105.7734545, 21.1288559 ], [ 105.7741323, 21.1290291 ], [ 105.774552, 21.1295517 ], [ 105.774349, 21.1301933 ], [ 105.7747032, 21.1303066 ], [ 105.7748274, 21.1299284 ], [ 105.774925399999987, 21.1296571 ], [ 105.774857, 21.128626 ], [ 105.775040299999986, 21.1281061 ], [ 105.77608429999998, 21.1284106 ], [ 105.776649, 21.1285711 ], [ 105.7765516, 21.1297238 ], [ 105.776428399999986, 21.1300868 ], [ 105.776340399999981, 21.1303463 ], [ 105.7769921, 21.1298489 ], [ 105.776942099999985, 21.1286668 ], [ 105.7764648, 21.1276864 ], [ 105.7756085, 21.1273813 ], [ 105.7758645, 21.1265969 ], [ 105.7755659, 21.1265067 ], [ 105.7753213, 21.1272817 ], [ 105.7745246, 21.1279545 ], [ 105.7738337, 21.1277469 ], [ 105.7737072, 21.12771 ], [ 105.7733407, 21.1288121 ], [ 105.7729872, 21.1287118 ], [ 105.772577399999989, 21.1289985 ] ] ] } },
{ "type": "Feature", "properties": { "threshold_s": 600, "time_label": "10 minutes" }, "geometry": { "type": "Polygon", "coordinates": [ [ [ 105.772731, 21.1311918 ], [ 105.7733528, 21.1319482 ], [ 105.7735477, 21.1318201 ], [ 105.77470150000002, 21.1311419 ], [ 105.7751065, 21.1308467 ], [ 105.776340399999981, 21.1303463 ], [ 105.7768553, 21.1314697 ], [ 105.777145399999981, 21.131392 ], [ 105.7778264, 21.1324169 ], [ 105.7785869, 21.1321824 ], [ 105.7786814, 21.1318961 ], [ 105.7785459, 21.1318598 ], [ 105.778349799999987, 21.1318138 ], [ 105.7780076, 21.1307789 ], [ 105.7788214, 21.1305202 ], [ 105.779371899999987, 21.1298041 ], [ 105.7794999, 21.1293909 ], [ 105.7795833, 21.1291215 ], [ 105.779223299999984, 21.1281875 ], [ 105.7792697, 21.1272509 ], [ 105.7783071, 21.1269711 ], [ 105.778016599999987, 21.126785 ], [ 105.7774193, 21.1259645 ], [ 105.7773127, 21.1252723 ], [ 105.776054799999983, 21.1249984 ], [ 105.7755434, 21.1248452 ], [ 105.7748606, 21.124659 ], [ 105.774734099999989, 21.1246237 ], [ 105.774671899999987, 21.1252147 ], [ 105.774603299999981, 21.1258402 ], [ 105.774301099999988, 21.1263392 ], [ 105.7731262, 21.1257536 ], [ 105.7721179, 21.1255633 ], [ 105.771499100000014, 21.1258806 ], [ 105.77128279999998, 21.1261996 ], [ 105.7714571, 21.1267937 ], [ 105.7716309, 21.1266797 ], [ 105.772410399999984, 21.1261959 ], [ 105.774016, 21.1267989 ], [ 105.7737072, 21.12771 ], [ 105.7729872, 21.1287118 ], [ 105.772577399999989, 21.1289985 ], [ 105.7712256, 21.1283652 ], [ 105.7707639, 21.1288624 ], [ 105.770527699999988, 21.1291541 ], [ 105.770848, 21.1289723 ], [ 105.771991699999987, 21.1297066 ], [ 105.7720285, 21.1304419 ], [ 105.772731, 21.1311918 ] ] ] } },
{ "type": "Feature", "properties": { "threshold_s": 900, "time_label": "15 minutes" }, "geometry": { "type": "Polygon", "coordinates": [ [ [ 105.7682838, 21.1286703 ], [ 105.768358099999986, 21.1307917 ], [ 105.770527699999988, 21.1291541 ], [ 105.7720285, 21.1304419 ], [ 105.772423499999988, 21.1315316 ], [ 105.7733528, 21.1319482 ], [ 105.774363, 21.1339518 ], [ 105.773495299999979, 21.1345984 ], [ 105.7747705, 21.1338034 ], [ 105.7747312, 21.1336952 ], [ 105.7735477, 21.1318201 ], [ 105.77470150000002, 21.1311419 ], [ 105.7768553, 21.1314697 ], [ 105.7778264, 21.1324169 ], [ 105.7790432, 21.1328504 ], [ 105.7809333, 21.1327772 ], [ 105.7816837, 21.1308154 ], [ 105.7821389, 21.1291494 ], [ 105.7817935, 21.1280796 ], [ 105.7802125, 21.1273306 ], [ 105.7808882, 21.1256738 ], [ 105.7807023, 21.1251327 ], [ 105.7801464, 21.1241403 ], [ 105.7780421, 21.1234272 ], [ 105.777822, 21.1234639 ], [ 105.77549759999998, 21.1236215 ], [ 105.775090099999986, 21.1233156 ], [ 105.7745479, 21.1227506 ], [ 105.773781299999982, 21.1233388 ], [ 105.773255799999987, 21.1235825 ], [ 105.7714016, 21.1234553 ], [ 105.7707428, 21.1231571 ], [ 105.770115100000012, 21.1228566 ], [ 105.770276899999985, 21.1233399 ], [ 105.7693981, 21.1252722 ], [ 105.768894499999988, 21.1255727 ], [ 105.768502899999987, 21.1257328 ], [ 105.768258599999982, 21.1263143 ], [ 105.7680219, 21.1269562 ], [ 105.767818599999984, 21.1280315 ], [ 105.7682838, 21.1286703 ] ] ] } },
{ "type": "Feature", "properties": { "threshold_s": 300, "time_label": "5 minutes" }, "geometry": { "type": "Polygon", "coordinates": [ [ [ 105.8486543, 21.0310594 ], [ 105.848055599999981, 21.0324216 ], [ 105.8485186, 21.0323719 ], [ 105.84887710000001, 21.0317532 ], [ 105.8491377, 21.0313156 ], [ 105.85069, 21.0302351 ], [ 105.850858299999985, 21.0309982 ], [ 105.850555799999981, 21.0315942 ], [ 105.8504709, 21.0321878 ], [ 105.8499725, 21.0329804 ], [ 105.8498734, 21.0339878 ], [ 105.850374599999981, 21.0346123 ], [ 105.8506755, 21.0340786 ], [ 105.8499357, 21.033994 ], [ 105.850261500000016, 21.0331052 ], [ 105.8511704, 21.0329985 ], [ 105.8519773, 21.0335014 ], [ 105.85204490000001, 21.0339261 ], [ 105.8530192, 21.033042 ], [ 105.8531632, 21.0322152 ], [ 105.8538341, 21.0321923 ], [ 105.8531904, 21.0318342 ], [ 105.8531858, 21.0313381 ], [ 105.8530606, 21.0313694 ], [ 105.8525331, 21.0315855 ], [ 105.8523694, 21.0316052 ], [ 105.852205199999986, 21.0316229 ], [ 105.8521114, 21.0316325 ], [ 105.8519222, 21.0316488 ], [ 105.8516318, 21.0316582 ], [ 105.851354, 21.0316436 ], [ 105.851011899999989, 21.0314044 ], [ 105.8512303, 21.0306856 ], [ 105.8512821, 21.0305065 ], [ 105.8513118, 21.0303982 ], [ 105.8513388, 21.0302937 ], [ 105.851363, 21.0301442 ], [ 105.8514055, 21.0298406 ], [ 105.851443499999988, 21.0296032 ], [ 105.851467499999984, 21.0294759 ], [ 105.851397399999982, 21.0294592 ], [ 105.8513685, 21.0295874 ], [ 105.8513132, 21.0298266 ], [ 105.8501894, 21.0298974 ], [ 105.8488561, 21.0305684 ], [ 105.8481374, 21.0308039 ], [ 105.8486543, 21.0310594 ] ] ] } },
{ "type": "Feature", "properties": { "threshold_s": 600, "time_label": "10 minutes" }, "geometry": { "type": "Polygon", "coordinates": [ [ [ 105.847716, 21.0375564 ], [ 105.8479192, 21.0377886 ], [ 105.8491289, 21.0375801 ], [ 105.850764, 21.0370967 ], [ 105.851645099999985, 21.0365456 ], [ 105.8529476, 21.0360386 ], [ 105.8542072, 21.0356567 ], [ 105.8545949, 21.0353301 ], [ 105.85467389999998, 21.0351869 ], [ 105.855330399999986, 21.0338854 ], [ 105.8559243, 21.0326476 ], [ 105.8564395, 21.0315136 ], [ 105.8565198, 21.0313238 ], [ 105.8562058, 21.0307153 ], [ 105.8545507, 21.0294831 ], [ 105.853875099999982, 21.0285008 ], [ 105.853599, 21.028226 ], [ 105.8515379, 21.0276191 ], [ 105.851632, 21.0272476 ], [ 105.8517532, 21.026893 ], [ 105.8519015, 21.0265913 ], [ 105.8518714, 21.0264059 ], [ 105.8517786, 21.0263777 ], [ 105.851691599999981, 21.0263534 ], [ 105.8499985, 21.0274546 ], [ 105.8487329, 21.02842 ], [ 105.847791199999989, 21.0281196 ], [ 105.8464, 21.0291195 ], [ 105.8450687, 21.0291861 ], [ 105.846568, 21.0299584 ], [ 105.845851199999984, 21.0312344 ], [ 105.845617099999984, 21.0319511 ], [ 105.8455033, 21.033579 ], [ 105.8464493, 21.0348094 ], [ 105.8464667, 21.0356087 ], [ 105.8470901, 21.0365581 ], [ 105.847716, 21.0375564 ] ] ] } },
{ "type": "Feature", "properties": { "threshold_s": 900, "time_label": "15 minutes" }, "geometry": { "type": "Polygon", "coordinates": [ [ [ 105.84565929999998, 21.0383507 ], [ 105.8466159, 21.040351 ], [ 105.8471138, 21.0407276 ], [ 105.8480894, 21.0401538 ], [ 105.849608599999982, 21.0398489 ], [ 105.851052899999985, 21.0395905 ], [ 105.851149600000014, 21.0394834 ], [ 105.8515241, 21.0390352 ], [ 105.8518113, 21.0387176 ], [ 105.853116, 21.0377241 ], [ 105.854314099999982, 21.0377085 ], [ 105.853879400000011, 21.0368754 ], [ 105.855188, 21.0355451 ], [ 105.8557186, 21.033813 ], [ 105.856500399999987, 21.033561 ], [ 105.858300899999989, 21.0329385 ], [ 105.859561899999989, 21.032523 ], [ 105.859004, 21.031182 ], [ 105.8583197, 21.0293284 ], [ 105.8574113, 21.0277261 ], [ 105.856238399999981, 21.0267716 ], [ 105.856180599999988, 21.0267594 ], [ 105.855605199999985, 21.02659 ], [ 105.8545163, 21.0250225 ], [ 105.8530565, 21.0241112 ], [ 105.8529607, 21.0240611 ], [ 105.850819799999982, 21.023226 ], [ 105.8494186, 21.024354 ], [ 105.847547799999987, 21.0250083 ], [ 105.845418399999986, 21.0255434 ], [ 105.8453091, 21.0255978 ], [ 105.8438559, 21.0268897 ], [ 105.8426329, 21.0278385 ], [ 105.8425904, 21.0279135 ], [ 105.84225210000001, 21.0285565 ], [ 105.842234, 21.0286721 ], [ 105.8428456, 21.0304544 ], [ 105.8441733, 21.0312532 ], [ 105.844505, 21.0328156 ], [ 105.8442351, 21.0334338 ], [ 105.8447958, 21.0341848 ], [ 105.8445168, 21.0360386 ], [ 105.8451591, 21.0373498 ], [ 105.84565929999998, 21.0383507 ] ] ] } },
{ "type": "Feature", "properties": { "threshold_s": 300, "time_label": "5 minutes" }, "geometry": { "type": "Polygon", "coordinates": [ [ [ 105.7920452, 20.9650215 ], [ 105.792243499999984, 20.965547 ], [ 105.7930961, 20.9658278 ], [ 105.7939034, 20.966206 ], [ 105.7946433, 20.9661165 ], [ 105.794962399999989, 20.9657238 ], [ 105.7952875, 20.965263 ], [ 105.795325, 20.9652041 ], [ 105.794938799999983, 20.9650113 ], [ 105.7948288, 20.9648886 ], [ 105.7944982, 20.9643288 ], [ 105.7952895, 20.9639051 ], [ 105.796028099999987, 20.9635345 ], [ 105.7961882, 20.9634555 ], [ 105.7967171, 20.9631609 ], [ 105.7959076, 20.9632573 ], [ 105.7956578, 20.96305 ], [ 105.7950764, 20.9628146 ], [ 105.7941986, 20.9628618 ], [ 105.7938862, 20.9625849 ], [ 105.7936408, 20.9623849 ], [ 105.793556199999983, 20.9623296 ], [ 105.7928662, 20.9627123 ], [ 105.792010200000021, 20.9629749 ], [ 105.791969600000016, 20.9636657 ], [ 105.791391399999981, 20.9643998 ], [ 105.7920452, 20.9650215 ] ] ] } },
{ "type": "Feature", "properties": { "threshold_s": 600, "time_label": "10 minutes" }, "geometry": { "type": "Polygon", "coordinates": [ [ [ 105.7895719, 20.9668091 ], [ 105.7894473, 20.9672949 ], [ 105.7912221, 20.9676487 ], [ 105.7915601, 20.9674862 ], [ 105.7917295, 20.9674049 ], [ 105.792165, 20.9668765 ], [ 105.792506299999985, 20.9667062 ], [ 105.794022799999979, 20.9675572 ], [ 105.794319799999982, 20.9684886 ], [ 105.7950014, 20.9682953 ], [ 105.796473600000013, 20.9682432 ], [ 105.797171299999988, 20.9684847 ], [ 105.7967594, 20.9680892 ], [ 105.7966871, 20.9680179 ], [ 105.796291599999989, 20.9676477 ], [ 105.7960224, 20.9668347 ], [ 105.795325, 20.9652041 ], [ 105.7952895, 20.9639051 ], [ 105.7967332, 20.9639167 ], [ 105.7972509, 20.9642674 ], [ 105.797650499999989, 20.9656293 ], [ 105.7979851, 20.9643231 ], [ 105.798243099999979, 20.9632194 ], [ 105.7993914, 20.9628275 ], [ 105.799633699999987, 20.9615109 ], [ 105.798680499999989, 20.961362 ], [ 105.797717599999984, 20.9611002 ], [ 105.7968605, 20.9602237 ], [ 105.796168699999981, 20.9603688 ], [ 105.79601839999998, 20.9604463 ], [ 105.795460399999982, 20.9607542 ], [ 105.7935853, 20.9605417 ], [ 105.7922553, 20.9604959 ], [ 105.790556099999989, 20.9600194 ], [ 105.790739699999989, 20.9603988 ], [ 105.790247799999989, 20.9619575 ], [ 105.78983940000002, 20.9626471 ], [ 105.78939029999998, 20.9632966 ], [ 105.7888314, 20.9643576 ], [ 105.7901023, 20.9654562 ], [ 105.7895719, 20.9668091 ] ] ] } },
{ "type": "Feature", "properties": { "threshold_s": 900, "time_label": "15 minutes" }, "geometry": { "type": "Polygon", "coordinates": [ [ [ 105.786199499999981, 20.9679699 ], [ 105.7860231, 20.9685874 ], [ 105.786629399999981, 20.969114 ], [ 105.7878039, 20.9690792 ], [ 105.7881902, 20.9690658 ], [ 105.79011269999998, 20.9685881 ], [ 105.7913061, 20.9698266 ], [ 105.791408799999985, 20.9705084 ], [ 105.791511, 20.9706431 ], [ 105.7922917, 20.9705365 ], [ 105.793412499999988, 20.9703512 ], [ 105.794145799999981, 20.9700816 ], [ 105.7958502, 20.9706657 ], [ 105.797404199999988, 20.9706044 ], [ 105.797933799999981, 20.97091 ], [ 105.799586, 20.9705189 ], [ 105.7996584, 20.9687866 ], [ 105.7996344, 20.9669472 ], [ 105.8010741, 20.9665208 ], [ 105.80148579999998, 20.9664307 ], [ 105.8015374, 20.9663642 ], [ 105.8006243, 20.9647636 ], [ 105.800386299999985, 20.9635576 ], [ 105.8008839, 20.9619246 ], [ 105.801638399999987, 20.9619485 ], [ 105.8022037, 20.9605906 ], [ 105.802325499999981, 20.9600426 ], [ 105.801386799999989, 20.9597164 ], [ 105.8004712, 20.959509 ], [ 105.7993465, 20.9592144 ], [ 105.798718, 20.9591177 ], [ 105.796750599999982, 20.9587132 ], [ 105.796709, 20.9584059 ], [ 105.7964297, 20.9583788 ], [ 105.794904599999981, 20.9586566 ], [ 105.793546699999979, 20.9577451 ], [ 105.792508799999979, 20.9583351 ], [ 105.790810799999988, 20.9590872 ], [ 105.790033, 20.9583296 ], [ 105.7898784, 20.9581687 ], [ 105.789621, 20.9581222 ], [ 105.7897602, 20.9583031 ], [ 105.790102799999985, 20.959506 ], [ 105.7895962, 20.9606107 ], [ 105.788170899999983, 20.9615063 ], [ 105.7877505, 20.9617077 ], [ 105.7874933, 20.961831 ], [ 105.7870182, 20.9628134 ], [ 105.787216699999988, 20.9645288 ], [ 105.7869003, 20.9658063 ], [ 105.786358299999989, 20.967641 ], [ 105.786199499999981, 20.9679699 ] ] ] } },
{ "type": "Feature", "properties": { "threshold_s": 300, "time_label": "5 minutes" }, "geometry": { "type": "Polygon", "coordinates": [ [ [ 105.80248779999998, 20.9986736 ], [ 105.802569, 20.9992787 ], [ 105.8028565, 20.9990701 ], [ 105.8030395, 20.9986947 ], [ 105.80370019999998, 20.9991056 ], [ 105.8039242, 20.9986536 ], [ 105.803366200000013, 20.9982891 ], [ 105.8038663, 20.9976672 ], [ 105.804816, 20.998084 ], [ 105.8055278, 20.9985956 ], [ 105.8055659, 20.9986219 ], [ 105.805909299999982, 20.998599 ], [ 105.8057114, 20.9984682 ], [ 105.8053779, 20.9978801 ], [ 105.8051152, 20.9973026 ], [ 105.805303099999989, 20.9970737 ], [ 105.8056446, 20.9966575 ], [ 105.805030099999982, 20.9962452 ], [ 105.804978599999984, 20.996308 ], [ 105.8047837, 20.9965455 ], [ 105.8046084, 20.9967591 ], [ 105.8043741, 20.9970447 ], [ 105.8040869, 20.9973946 ], [ 105.803256299999987, 20.996949 ], [ 105.803313299999985, 20.9968755 ], [ 105.8032235, 20.9968152 ], [ 105.8034521, 20.995968 ], [ 105.8029333, 20.9951063 ], [ 105.8027614, 20.9949926 ], [ 105.803087399999981, 20.9957025 ], [ 105.802580099999986, 20.9963835 ], [ 105.8020951, 20.996057 ], [ 105.8019867, 20.9959831 ], [ 105.801684599999987, 20.995784 ], [ 105.8013861, 20.9955873 ], [ 105.8007261, 20.9951509 ], [ 105.8006622, 20.9951087 ], [ 105.800981799999988, 20.9969847 ], [ 105.8015424, 20.9967643 ], [ 105.801930199999987, 20.9976275 ], [ 105.801661, 20.997989 ], [ 105.802031, 20.9982364 ], [ 105.80248779999998, 20.9986736 ] ] ] } },
{ "type": "Feature", "properties": { "threshold_s": 600, "time_label": "10 minutes" }, "geometry": { "type": "Polygon", "coordinates": [ [ [ 105.8008142, 21.0011241 ], [ 105.8006883, 21.001738 ], [ 105.801507299999983, 21.0015815 ], [ 105.802488699999984, 21.0015026 ], [ 105.8032621, 21.0014704 ], [ 105.8033372, 21.0014666 ], [ 105.80370809999998, 21.0012325 ], [ 105.803757899999979, 21.0011698 ], [ 105.803796199999979, 21.001121 ], [ 105.8049263, 21.000579 ], [ 105.8052575, 21.000801 ], [ 105.806597, 21.0004254 ], [ 105.806943599999983, 21.0006597 ], [ 105.8073429, 21.0006827 ], [ 105.8083765, 21.0002596 ], [ 105.808465399999989, 20.9991269 ], [ 105.8083996, 20.99908 ], [ 105.807843099999985, 20.9979356 ], [ 105.8079502, 20.9978313 ], [ 105.8080528, 20.9977103 ], [ 105.8081377, 20.9975749 ], [ 105.8080248, 20.997145 ], [ 105.807257399999983, 20.996457 ], [ 105.806610299999988, 20.9960078 ], [ 105.8069617, 20.994992 ], [ 105.8071273, 20.994787 ], [ 105.807257099999987, 20.9946245 ], [ 105.8073082, 20.9945656 ], [ 105.806733599999987, 20.9941675 ], [ 105.806093, 20.9942006 ], [ 105.8058661, 20.9944279 ], [ 105.8047468, 20.9946324 ], [ 105.804382, 20.9950678 ], [ 105.8032014, 20.9947636 ], [ 105.802835699999989, 20.9940523 ], [ 105.8026033, 20.9928018 ], [ 105.802729299999982, 20.9926423 ], [ 105.802472399999985, 20.9927211 ], [ 105.801897, 20.9935075 ], [ 105.8014995, 20.9940373 ], [ 105.8013493, 20.9946282 ], [ 105.8006622, 20.9951087 ], [ 105.7997076, 20.995471 ], [ 105.7987396, 20.995262 ], [ 105.7988659, 20.995965 ], [ 105.7984779, 20.9967851 ], [ 105.79862559999998, 20.9976062 ], [ 105.7987817, 20.9982415 ], [ 105.7993883, 20.9987694 ], [ 105.8000044, 20.9993317 ], [ 105.8004829, 21.0004033 ], [ 105.8008142, 21.0011241 ] ] ] } },
{ "type": "Feature", "properties": { "threshold_s": 900, "time_label": "15 minutes" }, "geometry": { "type": "Polygon", "coordinates": [ [ [ 105.7986874, 21.0034581 ], [ 105.7986398, 21.0040783 ], [ 105.7988863, 21.0042196 ], [ 105.799632599999981, 21.0043192 ], [ 105.7996652, 21.0043163 ], [ 105.800888400000019, 21.0038777 ], [ 105.8025186, 21.0038928 ], [ 105.8027486, 21.0038673 ], [ 105.8040568, 21.0029176 ], [ 105.8050318, 21.0027652 ], [ 105.8070064, 21.00335 ], [ 105.8086614, 21.0025509 ], [ 105.8105606, 21.0020076 ], [ 105.810891799999979, 21.0009864 ], [ 105.8108551, 21.0005914 ], [ 105.810126, 20.99873 ], [ 105.8102518, 20.9974619 ], [ 105.8103759, 20.996621 ], [ 105.809529, 20.9955864 ], [ 105.809214, 20.9953754 ], [ 105.8073082, 20.9945656 ], [ 105.8070072, 20.994364 ], [ 105.806733599999987, 20.9941675 ], [ 105.806093, 20.9942006 ], [ 105.8049507, 20.992419 ], [ 105.804239199999984, 20.9906536 ], [ 105.8037331, 20.9903757 ], [ 105.802438199999983, 20.9906342 ], [ 105.801420199999981, 20.990501 ], [ 105.8010019, 20.9912787 ], [ 105.799725400000014, 20.9928096 ], [ 105.799418800000012, 20.9928335 ], [ 105.79921109999998, 20.9928631 ], [ 105.797778, 20.9930918 ], [ 105.7968075, 20.9931209 ], [ 105.7961317, 20.9932905 ], [ 105.7962808, 20.9937403 ], [ 105.796336, 20.9939106 ], [ 105.796517499999979, 20.9945148 ], [ 105.796559699999989, 20.9946599 ], [ 105.7967274, 20.9967013 ], [ 105.7967813, 20.9973784 ], [ 105.7964139, 20.9992443 ], [ 105.7964651, 20.9997289 ], [ 105.7967009, 20.9999971 ], [ 105.797020100000012, 21.0001633 ], [ 105.7972101, 21.0001631 ], [ 105.7988986, 21.0008682 ], [ 105.8000237, 21.0022752 ], [ 105.7989509, 21.0031073 ], [ 105.7986874, 21.0034581 ] ] ] } },
{ "type": "Feature", "properties": { "threshold_s": 300, "time_label": "5 minutes" }, "geometry": { "type": "Polygon", "coordinates": [ [ [ 105.809119599999988, 20.9549385 ], [ 105.8093953, 20.9563448 ], [ 105.809969599999988, 20.9560523 ], [ 105.8105606, 20.9557331 ], [ 105.811069, 20.9554585 ], [ 105.8119555, 20.9549953 ], [ 105.8120674, 20.9538928 ], [ 105.811489399999985, 20.9541858 ], [ 105.811462299999988, 20.9541959 ], [ 105.8106626, 20.9542403 ], [ 105.810189099999988, 20.9539068 ], [ 105.8106843, 20.9526631 ], [ 105.8113682, 20.9527626 ], [ 105.8115871, 20.9525454 ], [ 105.810768899999985, 20.9524644 ], [ 105.810669, 20.9525146 ], [ 105.8093101, 20.9527668 ], [ 105.8088206, 20.9520567 ], [ 105.808356599999982, 20.9521711 ], [ 105.8087639, 20.9529452 ], [ 105.8096829, 20.9531213 ], [ 105.809836500000017, 20.9542548 ], [ 105.809119599999988, 20.9549385 ] ] ] } },
{ "type": "Feature", "properties": { "threshold_s": 600, "time_label": "10 minutes" }, "geometry": { "type": "Polygon", "coordinates": [ [ [ 105.8071367, 20.9556493 ], [ 105.806451899999985, 20.9578886 ], [ 105.80798369999998, 20.9583379 ], [ 105.8101961, 20.9587184 ], [ 105.810899, 20.9590338 ], [ 105.8130868, 20.9594208 ], [ 105.8133315, 20.9586038 ], [ 105.8134809, 20.9577506 ], [ 105.814408, 20.9551924 ], [ 105.814974, 20.9537869 ], [ 105.8148087, 20.9534595 ], [ 105.814357, 20.9537134 ], [ 105.813537, 20.9541761 ], [ 105.8115871, 20.9525454 ], [ 105.812037599999982, 20.9512591 ], [ 105.8135205, 20.949875 ], [ 105.8111496, 20.9498803 ], [ 105.810806, 20.9498224 ], [ 105.8082563, 20.9488018 ], [ 105.8081984, 20.9491366 ], [ 105.8081634, 20.9494679 ], [ 105.808356599999982, 20.9521711 ], [ 105.8079284, 20.9547976 ], [ 105.8071367, 20.9556493 ] ] ] } },
{ "type": "Feature", "properties": { "threshold_s": 900, "time_label": "15 minutes" }, "geometry": { "type": "Polygon", "coordinates": [ [ [ 105.803568, 20.9584361 ], [ 105.8035351, 20.959404 ], [ 105.8047423, 20.9590413 ], [ 105.8065021, 20.9595401 ], [ 105.8067948, 20.9595726 ], [ 105.8094683, 20.9593857 ], [ 105.8108254, 20.9605954 ], [ 105.811211799999981, 20.961059 ], [ 105.812436199999979, 20.9616225 ], [ 105.812688499999979, 20.9616919 ], [ 105.813273, 20.9614158 ], [ 105.8142289, 20.9607553 ], [ 105.8146803, 20.9602605 ], [ 105.815311, 20.9591974 ], [ 105.8161733, 20.9577033 ], [ 105.816390399999989, 20.9565384 ], [ 105.8168512, 20.9548651 ], [ 105.817236, 20.9524925 ], [ 105.818102899999985, 20.9517186 ], [ 105.816530599999979, 20.9516585 ], [ 105.8148717, 20.9519953 ], [ 105.8135205, 20.949875 ], [ 105.8128494, 20.9485434 ], [ 105.8120995, 20.9470259 ], [ 105.8116543, 20.9472097 ], [ 105.8104149, 20.9473249 ], [ 105.8086368, 20.9463731 ], [ 105.808426399999988, 20.9461257 ], [ 105.8078733, 20.946691 ], [ 105.8081984, 20.9491366 ], [ 105.8081634, 20.9494679 ], [ 105.8082719, 20.9499602 ], [ 105.8074658, 20.9517968 ], [ 105.8052952, 20.9521344 ], [ 105.80562879999998, 20.9532659 ], [ 105.805474499999988, 20.9554257 ], [ 105.80507489999998, 20.9563224 ], [ 105.8039442, 20.9578518 ], [ 105.803568, 20.9584361 ] ] ] } },
{ "type": "Feature", "properties": { "threshold_s": 300, "time_label": "5 minutes" }, "geometry": { "type": "Polygon", "coordinates": [ [ [ 105.8000237, 21.0022752 ], [ 105.7997997, 21.0028296 ], [ 105.8002727, 21.0031255 ], [ 105.800776099999979, 21.0027988 ], [ 105.801894, 21.0032603 ], [ 105.8027486, 21.0038673 ], [ 105.8034135, 21.0043275 ], [ 105.8039149, 21.0046698 ], [ 105.8039729, 21.0045979 ], [ 105.8041739, 21.0043462 ], [ 105.8036734, 21.0039985 ], [ 105.8034538, 21.0028611 ], [ 105.8034429, 21.002346 ], [ 105.80370809999998, 21.0012325 ], [ 105.803757899999979, 21.0011698 ], [ 105.803796199999979, 21.001121 ], [ 105.8041499, 21.000429 ], [ 105.8028897, 21.000498 ], [ 105.802857599999982, 21.0005403 ], [ 105.802328299999985, 21.0010263 ], [ 105.8011149, 21.001324 ], [ 105.8010486, 21.0012796 ], [ 105.8009747, 21.0012306 ], [ 105.8002683, 21.0019916 ], [ 105.8000237, 21.0022752 ] ] ] } },
{ "type": "Feature", "properties": { "threshold_s": 600, "time_label": "10 minutes" }, "geometry": { "type": "Polygon", "coordinates": [ [ [ 105.7978536, 21.0043692 ], [ 105.797615899999983, 21.0054319 ], [ 105.7976951, 21.0054907 ], [ 105.7978394, 21.0055292 ], [ 105.798122599999985, 21.0050253 ], [ 105.7994187, 21.0045162 ], [ 105.7999831, 21.0050335 ], [ 105.8000286, 21.0050653 ], [ 105.8000719, 21.0050955 ], [ 105.8012648, 21.005355 ], [ 105.801283799999979, 21.00535 ], [ 105.802758899999986, 21.0056368 ], [ 105.8027033, 21.0069324 ], [ 105.8029898, 21.0070828 ], [ 105.803185899999988, 21.0069704 ], [ 105.804516, 21.0064015 ], [ 105.8049574, 21.0067645 ], [ 105.8065074, 21.0067715 ], [ 105.806824399999982, 21.0067137 ], [ 105.8068844, 21.006625 ], [ 105.806894799999981, 21.0052618 ], [ 105.806988799999985, 21.0037853 ], [ 105.807000599999981, 21.0036217 ], [ 105.807011599999981, 21.0034512 ], [ 105.8067132, 21.001913 ], [ 105.806514899999982, 21.0016498 ], [ 105.8062813, 21.0001365 ], [ 105.806148, 20.9987572 ], [ 105.805995599999989, 20.9980762 ], [ 105.805649699999989, 20.9984274 ], [ 105.8055278, 20.9985956 ], [ 105.803984799999981, 20.9989179 ], [ 105.803366200000013, 20.9982891 ], [ 105.80269149999998, 20.9984364 ], [ 105.8015778, 20.9984711 ], [ 105.8002347, 20.9985973 ], [ 105.7992277, 20.9992721 ], [ 105.797484899999986, 20.9994574 ], [ 105.7973874, 20.9994507 ], [ 105.7971551, 20.999436 ], [ 105.797075699999979, 20.9999459 ], [ 105.797086400000012, 21.0000231 ], [ 105.7972101, 21.0001631 ], [ 105.797898599999982, 21.0006394 ], [ 105.7988986, 21.0008682 ], [ 105.7993572, 21.0023258 ], [ 105.7989509, 21.0031073 ], [ 105.7986874, 21.0034581 ], [ 105.798369699999981, 21.0038559 ], [ 105.798052199999987, 21.0041783 ], [ 105.7978536, 21.0043692 ] ] ] } },
{ "type": "Feature", "properties": { "threshold_s": 900, "time_label": "15 minutes" }, "geometry": { "type": "Polygon", "coordinates": [ [ [ 105.7954207, 21.0071595 ], [ 105.795564399999989, 21.0078688 ], [ 105.7956979, 21.007966 ], [ 105.7958175, 21.0080088 ], [ 105.7958797, 21.0079221 ], [ 105.7960086, 21.007764 ], [ 105.7960743, 21.00768 ], [ 105.7967198, 21.0070475 ], [ 105.7967597, 21.0069976 ], [ 105.797696099999982, 21.0061719 ], [ 105.7989419, 21.0063702 ], [ 105.7994212, 21.0067271 ], [ 105.7998312, 21.0071428 ], [ 105.799885499999988, 21.0071839 ], [ 105.799939, 21.0072245 ], [ 105.8006827, 21.0078769 ], [ 105.8004459, 21.0091787 ], [ 105.8004957, 21.0092289 ], [ 105.8005523, 21.0092859 ], [ 105.801833699999989, 21.009352 ], [ 105.80245429999998, 21.0093338 ], [ 105.803818099999987, 21.0096353 ], [ 105.8046613, 21.0097273 ], [ 105.8049801, 21.0094215 ], [ 105.80575469999998, 21.0081413 ], [ 105.8066557, 21.0085646 ], [ 105.8077069, 21.0086629 ], [ 105.8081852, 21.0086901 ], [ 105.809437299999985, 21.0086567 ], [ 105.8096742, 21.0073829 ], [ 105.8083243, 21.006493 ], [ 105.8095628, 21.0057113 ], [ 105.8091596, 21.0050367 ], [ 105.809517199999988, 21.0039291 ], [ 105.809113199999985, 21.0033776 ], [ 105.810075600000019, 21.0022423 ], [ 105.80935, 21.0016939 ], [ 105.8091798, 21.0005611 ], [ 105.809036599999985, 21.0005269 ], [ 105.8086032, 20.9990605 ], [ 105.8086109, 20.9989352 ], [ 105.8085684, 20.9987363 ], [ 105.807191900000021, 20.99836 ], [ 105.8060136, 20.9972952 ], [ 105.8056446, 20.9966575 ], [ 105.805030099999982, 20.9962452 ], [ 105.8034521, 20.995968 ], [ 105.8020951, 20.996057 ], [ 105.8010325, 20.9963712 ], [ 105.7997047, 20.9964296 ], [ 105.7995477, 20.9964234 ], [ 105.7984779, 20.9967851 ], [ 105.7976807, 20.9973704 ], [ 105.7967813, 20.9973784 ], [ 105.7951433, 20.9975087 ], [ 105.794522799999982, 20.9977708 ], [ 105.7950241, 20.9988135 ], [ 105.79507, 20.9989895 ], [ 105.795103699999984, 20.9991147 ], [ 105.7951462, 21.0001543 ], [ 105.794699, 21.0009158 ], [ 105.795127, 21.0012414 ], [ 105.794834, 21.0024965 ], [ 105.7947099, 21.0030037 ], [ 105.7950878, 21.0038621 ], [ 105.7951277, 21.0038941 ], [ 105.79516, 21.0039199 ], [ 105.7958723, 21.0041917 ], [ 105.796420399999988, 21.0046672 ], [ 105.797070399999981, 21.006101 ], [ 105.7958305, 21.0062977 ], [ 105.7955953, 21.0061251 ], [ 105.7955627, 21.006165 ], [ 105.7955356, 21.0061983 ], [ 105.7954207, 21.0071595 ] ] ] } },
{ "type": "Feature", "properties": { "threshold_s": 300, "time_label": "5 minutes" }, "geometry": { "type": "Polygon", "coordinates": [ [ [ 105.7790656, 20.9805891 ], [ 105.7784469, 20.9810798 ], [ 105.7793986, 20.9818481 ], [ 105.7804497, 20.9816613 ], [ 105.7811496, 20.9808123 ], [ 105.781461399999984, 20.9804916 ], [ 105.781023500000018, 20.9798481 ], [ 105.7815325, 20.9790153 ], [ 105.782016699999986, 20.9786718 ], [ 105.782068199999983, 20.9784091 ], [ 105.7815461, 20.9779268 ], [ 105.7807604, 20.9775445 ], [ 105.780226899999988, 20.9769655 ], [ 105.7801868, 20.9772635 ], [ 105.7801991, 20.9775996 ], [ 105.7801968, 20.9781973 ], [ 105.7801713, 20.9785557 ], [ 105.779693599999987, 20.9798623 ], [ 105.7790656, 20.9805891 ] ] ] } },
{ "type": "Feature", "properties": { "threshold_s": 600, "time_label": "10 minutes" }, "geometry": { "type": "Polygon", "coordinates": [ [ [ 105.7782648, 20.9839239 ], [ 105.7789476, 20.9849114 ], [ 105.7798543, 20.9846854 ], [ 105.7805557, 20.9842628 ], [ 105.782349600000018, 20.9831975 ], [ 105.7830902, 20.9826682 ], [ 105.783408499999979, 20.9823099 ], [ 105.784679199999985, 20.9808793 ], [ 105.7848799, 20.9796512 ], [ 105.784966299999979, 20.9788807 ], [ 105.7847304, 20.9778966 ], [ 105.78418379999998, 20.9771059 ], [ 105.7825408, 20.9752963 ], [ 105.781435400000021, 20.9740835 ], [ 105.7813734, 20.9740412 ], [ 105.781154299999983, 20.9738918 ], [ 105.779943099999983, 20.9738694 ], [ 105.7797536, 20.9740899 ], [ 105.7796889, 20.9741791 ], [ 105.7804342, 20.9760521 ], [ 105.780226899999988, 20.9769655 ], [ 105.7801868, 20.9772635 ], [ 105.7801991, 20.9775996 ], [ 105.7801968, 20.9781973 ], [ 105.7801713, 20.9785557 ], [ 105.7790656, 20.9805891 ], [ 105.7784469, 20.9810798 ], [ 105.777989, 20.982169 ], [ 105.7782648, 20.9839239 ] ] ] } },
{ "type": "Feature", "properties": { "threshold_s": 900, "time_label": "15 minutes" }, "geometry": { "type": "Polygon", "coordinates": [ [ [ 105.7782648, 20.9839239 ], [ 105.77858209999998, 20.9874577 ], [ 105.7788201, 20.9874616 ], [ 105.780504, 20.9869708 ], [ 105.7836548, 20.9856953 ], [ 105.7847347, 20.9850469 ], [ 105.785290599999982, 20.9845102 ], [ 105.7859187, 20.983214 ], [ 105.7874005, 20.9799959 ], [ 105.7874455, 20.9789603 ], [ 105.7857114, 20.9746338 ], [ 105.785010699999987, 20.9737219 ], [ 105.78324, 20.9715143 ], [ 105.781606399999987, 20.9710996 ], [ 105.777188, 20.9718854 ], [ 105.7768376, 20.9719755 ], [ 105.7772612, 20.975301 ], [ 105.7801713, 20.9785557 ], [ 105.779693599999987, 20.9798623 ], [ 105.7790656, 20.9805891 ], [ 105.7784469, 20.9810798 ], [ 105.777989, 20.982169 ], [ 105.7782648, 20.9839239 ] ] ] } },
{ "type": "Feature", "properties": { "threshold_s": 300, "time_label": "5 minutes" }, "geometry": { "type": "Polygon", "coordinates": [ [ [ 105.863618399999979, 21.0044837 ], [ 105.8636633, 21.0045881 ], [ 105.864804099999986, 21.0049926 ], [ 105.86581409999998, 21.0044153 ], [ 105.8663164, 21.004801 ], [ 105.8667563, 21.0037343 ], [ 105.8676409, 21.0029992 ], [ 105.867798599999986, 21.0030019 ], [ 105.8685107, 21.0030141 ], [ 105.8685111, 21.0029603 ], [ 105.8676428, 21.0025899 ], [ 105.8667796, 21.0019281 ], [ 105.8667864, 21.0017353 ], [ 105.8667911, 21.0015013 ], [ 105.866786599999983, 21.0014135 ], [ 105.8656583, 21.0018581 ], [ 105.8654998, 21.0014845 ], [ 105.865226599999986, 21.0003499 ], [ 105.864842599999989, 21.0018573 ], [ 105.8643691, 21.0021296 ], [ 105.863657599999982, 21.0022151 ], [ 105.862731599999989, 21.0026238 ], [ 105.862265, 21.0029462 ], [ 105.8622648, 21.0030021 ], [ 105.862576099999984, 21.0032949 ], [ 105.8634298, 21.0039835 ], [ 105.863512, 21.0041844 ], [ 105.863618399999979, 21.0044837 ] ] ] } },
{ "type": "Feature", "properties": { "threshold_s": 600, "time_label": "10 minutes" }, "geometry": { "type": "Polygon", "coordinates": [ [ [ 105.8610038, 21.0051925 ], [ 105.8617339, 21.0061469 ], [ 105.862264, 21.0065419 ], [ 105.862471499999984, 21.0066386 ], [ 105.8634032, 21.0068982 ], [ 105.8642767, 21.007565 ], [ 105.8659244, 21.0072661 ], [ 105.866963199999987, 21.0066247 ], [ 105.867936, 21.0060943 ], [ 105.868844599999989, 21.0058414 ], [ 105.869744399999988, 21.004706 ], [ 105.8707231, 21.0036608 ], [ 105.870767799999982, 21.003192 ], [ 105.8707041, 21.0028824 ], [ 105.870397399999987, 21.0024222 ], [ 105.8704661, 21.0012324 ], [ 105.8693432, 21.0004116 ], [ 105.8678751, 21.000755 ], [ 105.8676853, 20.999695 ], [ 105.867295499999983, 20.9989222 ], [ 105.86705, 20.9988237 ], [ 105.866900300000012, 20.9991717 ], [ 105.8660107, 21.0000615 ], [ 105.8653342, 20.9999047 ], [ 105.864817099999982, 20.9987797 ], [ 105.864837899999984, 20.9986752 ], [ 105.8644345, 20.9981274 ], [ 105.8644043, 20.9981227 ], [ 105.863687199999987, 20.9984062 ], [ 105.8626709, 20.9987948 ], [ 105.862027899999987, 21.0001335 ], [ 105.8616332, 21.0004044 ], [ 105.861561599999987, 21.0004543 ], [ 105.8607288, 21.0010995 ], [ 105.8597113, 21.001978 ], [ 105.8586793, 21.0026949 ], [ 105.85866679999998, 21.0027918 ], [ 105.8592363, 21.0033187 ], [ 105.8602821, 21.0044018 ], [ 105.8610038, 21.0051925 ] ] ] } },
{ "type": "Feature", "properties": { "threshold_s": 900, "time_label": "15 minutes" }, "geometry": { "type": "Polygon", "coordinates": [ [ [ 105.859287599999988, 21.0067509 ], [ 105.860530399999988, 21.008808 ], [ 105.860627599999987, 21.0088722 ], [ 105.8608043, 21.0089478 ], [ 105.86309559999998, 21.0097553 ], [ 105.864800399999979, 21.0097328 ], [ 105.867132600000019, 21.0094921 ], [ 105.8672713, 21.007109 ], [ 105.869292299999984, 21.006212 ], [ 105.870036899999988, 21.0062731 ], [ 105.8707231, 21.0036608 ], [ 105.8712716, 21.0033283 ], [ 105.8721878, 21.0029618 ], [ 105.872981600000017, 21.0026449 ], [ 105.8738105, 21.0022099 ], [ 105.872649699999982, 21.0006768 ], [ 105.872269799999984, 20.9996169 ], [ 105.8720298, 20.9989693 ], [ 105.871463599999984, 20.9983356 ], [ 105.8685372, 20.9986918 ], [ 105.8679909, 20.9985008 ], [ 105.8659994, 20.9963302 ], [ 105.8652622, 20.9961226 ], [ 105.8623979, 20.9961261 ], [ 105.8619076, 20.99634 ], [ 105.861852, 20.9964513 ], [ 105.8616053, 20.9978441 ], [ 105.8595482, 20.9990161 ], [ 105.8587157, 20.9996847 ], [ 105.8579849, 21.0002349 ], [ 105.8558987, 21.0018777 ], [ 105.855178399999986, 21.0027894 ], [ 105.8562708, 21.0044108 ], [ 105.85808609999998, 21.0052583 ], [ 105.859287599999988, 21.0067509 ] ] ] } },
{ "type": "Feature", "properties": { "threshold_s": 300, "time_label": "5 minutes" }, "geometry": { "type": "Polygon", "coordinates": [ [ [ 105.8487662, 21.0295916 ], [ 105.8488561, 21.0305684 ], [ 105.8491746, 21.029779 ], [ 105.8494419, 21.0291799 ], [ 105.85027239999998, 21.0290992 ], [ 105.8501894, 21.0298974 ], [ 105.850585599999988, 21.0291892 ], [ 105.851145699999989, 21.0291076 ], [ 105.8512294, 21.0291263 ], [ 105.8513235, 21.0291469 ], [ 105.851383100000021, 21.0291573 ], [ 105.8503491, 21.0283246 ], [ 105.850099599999979, 21.027482 ], [ 105.8502936, 21.0269683 ], [ 105.850573, 21.0262615 ], [ 105.850117399999988, 21.0262759 ], [ 105.8499761, 21.0263196 ], [ 105.8494052, 21.0265333 ], [ 105.8494204, 21.0265862 ], [ 105.8496394, 21.0273647 ], [ 105.8490292, 21.0275855 ], [ 105.8487329, 21.02842 ], [ 105.8484423, 21.0290008 ], [ 105.8482698, 21.0293614 ], [ 105.848612700000018, 21.0295234 ], [ 105.8487662, 21.0295916 ] ] ] } },
{ "type": "Feature", "properties": { "threshold_s": 600, "time_label": "10 minutes" }, "geometry": { "type": "Polygon", "coordinates": [ [ [ 105.8467815, 21.03166 ], [ 105.846901399999979, 21.0326301 ], [ 105.84769249999998, 21.0324873 ], [ 105.849698100000012, 21.0326161 ], [ 105.8513365, 21.0323003 ], [ 105.851958699999983, 21.0319016 ], [ 105.852205199999986, 21.0316229 ], [ 105.8514055, 21.0298406 ], [ 105.851443499999988, 21.0296032 ], [ 105.851467499999984, 21.0294759 ], [ 105.8515171, 21.0291975 ], [ 105.851518, 21.0289361 ], [ 105.851497600000016, 21.0287269 ], [ 105.8514771, 21.0285279 ], [ 105.8514483, 21.0283114 ], [ 105.8514521, 21.0280788 ], [ 105.853331, 21.0271401 ], [ 105.8534243, 21.0271277 ], [ 105.8535262, 21.0270592 ], [ 105.854081699999981, 21.0258349 ], [ 105.854385599999986, 21.0252109 ], [ 105.8544024, 21.0251211 ], [ 105.8530691, 21.0243599 ], [ 105.852806199999989, 21.024288 ], [ 105.8508713, 21.0233759 ], [ 105.8488402, 21.0228769 ], [ 105.848476199999979, 21.0239107 ], [ 105.847547799999987, 21.0250083 ], [ 105.8468306, 21.025886 ], [ 105.845987099999988, 21.0275442 ], [ 105.8477921, 21.0285735 ], [ 105.846568, 21.0299584 ], [ 105.8467815, 21.03166 ] ] ] } },
{ "type": "Feature", "properties": { "threshold_s": 900, "time_label": "15 minutes" }, "geometry": { "type": "Polygon", "coordinates": [ [ [ 105.8456694, 21.0347273 ], [ 105.845768799999988, 21.0352233 ], [ 105.8470504, 21.0355456 ], [ 105.848386, 21.0361504 ], [ 105.850024, 21.0353227 ], [ 105.852156799999989, 21.0347124 ], [ 105.8527555, 21.0342474 ], [ 105.853804, 21.0330302 ], [ 105.85453339999998, 21.0321628 ], [ 105.8545659, 21.0314536 ], [ 105.8545507, 21.0294831 ], [ 105.8553303, 21.0288775 ], [ 105.8561924, 21.0274116 ], [ 105.8564467, 21.0268364 ], [ 105.8565702, 21.0259538 ], [ 105.8576242, 21.0246017 ], [ 105.8573762, 21.0240843 ], [ 105.856992299999987, 21.0238869 ], [ 105.855429, 21.023449 ], [ 105.8543307, 21.02236 ], [ 105.854093399999982, 21.0221603 ], [ 105.8528551, 21.0216587 ], [ 105.8514757, 21.0211386 ], [ 105.8498841, 21.0203782 ], [ 105.848014599999985, 21.0200024 ], [ 105.8478928, 21.0200401 ], [ 105.8478754, 21.0200667 ], [ 105.8473263, 21.0213441 ], [ 105.846007699999987, 21.0228038 ], [ 105.8450297, 21.0247688 ], [ 105.843657599999986, 21.0268018 ], [ 105.843608799999984, 21.0268665 ], [ 105.8428379, 21.0278811 ], [ 105.8429485, 21.0288151 ], [ 105.8430041, 21.0288583 ], [ 105.843629599999986, 21.0293298 ], [ 105.845064, 21.0313485 ], [ 105.845176599999988, 21.0319201 ], [ 105.8452826, 21.0324584 ], [ 105.8455033, 21.033579 ], [ 105.8456694, 21.0347273 ] ] ] } },
{ "type": "Feature", "properties": { "threshold_s": 300, "time_label": "5 minutes" }, "geometry": { "type": "Polygon", "coordinates": [ [ [ 105.8047837, 20.9965455 ], [ 105.8046084, 20.9967591 ], [ 105.8056446, 20.9966575 ], [ 105.8061786, 20.9965233 ], [ 105.807257399999983, 20.996457 ], [ 105.806610299999988, 20.9960078 ], [ 105.8066, 20.9954416 ], [ 105.8068072, 20.9951876 ], [ 105.8069617, 20.994992 ], [ 105.8071273, 20.994787 ], [ 105.807757899999984, 20.9951989 ], [ 105.807680399999981, 20.9952929 ], [ 105.808366299999989, 20.9954001 ], [ 105.808430099999981, 20.9953173 ], [ 105.8079335, 20.9949846 ], [ 105.8078762, 20.9950556 ], [ 105.807257099999987, 20.9946245 ], [ 105.8073082, 20.9945656 ], [ 105.8070072, 20.994364 ], [ 105.806733599999987, 20.9941675 ], [ 105.806093, 20.9942006 ], [ 105.8058661, 20.9944279 ], [ 105.806130699999983, 20.994904 ], [ 105.8052111, 20.9949851 ], [ 105.8047468, 20.9946324 ], [ 105.804382, 20.9950678 ], [ 105.8048411, 20.9954266 ], [ 105.805744599999983, 20.9953745 ], [ 105.806305099999989, 20.9952537 ], [ 105.8063318, 20.9958024 ], [ 105.8059089, 20.9963354 ], [ 105.805030099999982, 20.9962452 ], [ 105.804978599999984, 20.996308 ], [ 105.8047837, 20.9965455 ] ] ] } },
{ "type": "Feature", "properties": { "threshold_s": 600, "time_label": "10 minutes" }, "geometry": { "type": "Polygon", "coordinates": [ [ [ 105.80248779999998, 20.9986736 ], [ 105.802569, 20.9992787 ], [ 105.80370019999998, 20.9991056 ], [ 105.805359, 20.9989013 ], [ 105.806148, 20.9987572 ], [ 105.8077628, 20.998016 ], [ 105.809741399999979, 20.9975478 ], [ 105.8111729, 20.997155 ], [ 105.8109895, 20.9970321 ], [ 105.809529, 20.9955864 ], [ 105.809214, 20.9953754 ], [ 105.808223199999986, 20.9947022 ], [ 105.808012599999984, 20.9945594 ], [ 105.8075959, 20.9942738 ], [ 105.806733599999987, 20.9941675 ], [ 105.806093, 20.9942006 ], [ 105.8042982, 20.9932825 ], [ 105.804296199999982, 20.9928687 ], [ 105.8045648, 20.9920982 ], [ 105.803991399999987, 20.9910023 ], [ 105.80393789999998, 20.9908641 ], [ 105.8031467, 20.9910703 ], [ 105.8025775, 20.9912337 ], [ 105.8022596, 20.9923178 ], [ 105.8025472, 20.9930672 ], [ 105.8027981, 20.9941025 ], [ 105.8020951, 20.996057 ], [ 105.802580099999986, 20.9963835 ], [ 105.80269149999998, 20.9984364 ], [ 105.80248779999998, 20.9986736 ] ] ] } },
{ "type": "Feature", "properties": { "threshold_s": 900, "time_label": "15 minutes" }, "geometry": { "type": "Polygon", "coordinates": [ [ [ 105.8004829, 21.0004033 ], [ 105.8006883, 21.001738 ], [ 105.802488699999984, 21.0015026 ], [ 105.8032621, 21.0014704 ], [ 105.8033372, 21.0014666 ], [ 105.805579899999984, 21.0010173 ], [ 105.8072533, 21.0008884 ], [ 105.8082195, 21.0006094 ], [ 105.8100704, 21.0004177 ], [ 105.81127, 20.9998829 ], [ 105.8134589, 20.9990645 ], [ 105.8137215, 20.9989281 ], [ 105.813767, 20.998893 ], [ 105.812972699999989, 20.9978519 ], [ 105.812739399999984, 20.9976965 ], [ 105.812481799999986, 20.9975249 ], [ 105.8119852, 20.9971815 ], [ 105.8114354, 20.9968636 ], [ 105.8111549, 20.9966757 ], [ 105.809529, 20.9955864 ], [ 105.808731, 20.9935653 ], [ 105.8092955, 20.9925617 ], [ 105.8086449, 20.9922944 ], [ 105.8068554, 20.9908378 ], [ 105.806163799999979, 20.9892868 ], [ 105.8060403, 20.9888322 ], [ 105.8056186, 20.9886596 ], [ 105.8046557, 20.9884972 ], [ 105.8027447, 20.9889018 ], [ 105.8009096, 20.9891884 ], [ 105.800697, 20.9894606 ], [ 105.800338499999981, 20.9910878 ], [ 105.799763, 20.9917441 ], [ 105.7997604, 20.9918072 ], [ 105.7997585, 20.9921101 ], [ 105.7999016, 20.9929847 ], [ 105.799980599999984, 20.9934272 ], [ 105.8000866, 20.9937058 ], [ 105.8001045, 20.9957415 ], [ 105.7997814, 20.9961478 ], [ 105.7996444, 20.9965039 ], [ 105.8000081, 20.9985713 ], [ 105.8002116, 20.9994683 ], [ 105.8004829, 21.0004033 ] ] ] } },
{ "type": "Feature", "properties": { "threshold_s": 300, "time_label": "5 minutes" }, "geometry": { "type": "Polygon", "coordinates": [ [ [ 105.824789, 21.0683305 ], [ 105.8256127, 21.0692789 ], [ 105.826085599999985, 21.0689175 ], [ 105.826785699999988, 21.0682705 ], [ 105.826627799999983, 21.0681691 ], [ 105.8264071, 21.0680368 ], [ 105.826055899999986, 21.0679302 ], [ 105.824825, 21.0673688 ], [ 105.8254739, 21.0662955 ], [ 105.826334499999987, 21.0663693 ], [ 105.8265473, 21.0663962 ], [ 105.826946699999979, 21.0659615 ], [ 105.8272912, 21.0655832 ], [ 105.8275401, 21.0652121 ], [ 105.8276535, 21.0650398 ], [ 105.828135, 21.0643323 ], [ 105.828480399999989, 21.0639034 ], [ 105.828019699999984, 21.0642571 ], [ 105.82654789999998, 21.0644058 ], [ 105.826243099999985, 21.0642614 ], [ 105.8261638, 21.0642192 ], [ 105.825063799999981, 21.0648739 ], [ 105.8244458, 21.0649207 ], [ 105.8239108, 21.065052 ], [ 105.823934799999989, 21.0659962 ], [ 105.824069899999984, 21.066142 ], [ 105.824808299999987, 21.067351 ], [ 105.824789, 21.0683305 ] ] ] } },
{ "type": "Feature", "properties": { "threshold_s": 600, "time_label": "10 minutes" }, "geometry": { "type": "Polygon", "coordinates": [ [ [ 105.822055300000017, 21.0690818 ], [ 105.8227523, 21.0702529 ], [ 105.8237685, 21.0711742 ], [ 105.8242625, 21.0711458 ], [ 105.82543130000002, 21.0714693 ], [ 105.8257415, 21.072472 ], [ 105.826212199999986, 21.0713282 ], [ 105.827849, 21.0708775 ], [ 105.8284852, 21.0704546 ], [ 105.829335, 21.06977 ], [ 105.829436, 21.0685812 ], [ 105.829274, 21.0675122 ], [ 105.829008799999983, 21.0661224 ], [ 105.828796400000016, 21.0659888 ], [ 105.8285263, 21.0658189 ], [ 105.828135, 21.0643323 ], [ 105.828480399999989, 21.0639034 ], [ 105.8291705, 21.0630847 ], [ 105.829448, 21.0628147 ], [ 105.8293449, 21.0627201 ], [ 105.828242099999983, 21.0617176 ], [ 105.827850899999987, 21.0619662 ], [ 105.8270197, 21.0623501 ], [ 105.82549640000002, 21.0620592 ], [ 105.824286499999985, 21.0622978 ], [ 105.822682, 21.0631025 ], [ 105.8225334, 21.0633438 ], [ 105.822839099999982, 21.0641535 ], [ 105.821765299999981, 21.0651393 ], [ 105.822538, 21.0664477 ], [ 105.8225868, 21.0668313 ], [ 105.8223804, 21.0679662 ], [ 105.8220701, 21.0685556 ], [ 105.822055300000017, 21.0690818 ] ] ] } },
{ "type": "Feature", "properties": { "threshold_s": 900, "time_label": "15 minutes" }, "geometry": { "type": "Polygon", "coordinates": [ [ [ 105.82207889999998, 21.0710572 ], [ 105.8213389, 21.0727396 ], [ 105.82145, 21.0727569 ], [ 105.8237951, 21.0737494 ], [ 105.8234104, 21.0746195 ], [ 105.8259249, 21.0746356 ], [ 105.8276919, 21.074096 ], [ 105.829081599999981, 21.0724413 ], [ 105.8294835, 21.0723131 ], [ 105.8304663, 21.071613 ], [ 105.831083099999987, 21.0708632 ], [ 105.8321124, 21.0691865 ], [ 105.8315554, 21.0680995 ], [ 105.831600399999985, 21.0657729 ], [ 105.831751499999982, 21.0649811 ], [ 105.8318183, 21.0638633 ], [ 105.8319297, 21.0630546 ], [ 105.8331489, 21.0615166 ], [ 105.8334459, 21.0612387 ], [ 105.8321611, 21.0597938 ], [ 105.830596199999988, 21.0601776 ], [ 105.831471, 21.061454 ], [ 105.8293449, 21.0627201 ], [ 105.828242099999983, 21.0617176 ], [ 105.8277678, 21.0609907 ], [ 105.826859, 21.0599392 ], [ 105.8254745, 21.0596017 ], [ 105.823646299999979, 21.0603334 ], [ 105.8225602, 21.0603777 ], [ 105.8213692, 21.0613834 ], [ 105.8203283, 21.061765 ], [ 105.8203108, 21.0618275 ], [ 105.8200503, 21.0630447 ], [ 105.8199524, 21.0635549 ], [ 105.8199275, 21.0636974 ], [ 105.819887899999983, 21.0641715 ], [ 105.8196649, 21.066075 ], [ 105.819245, 21.0667666 ], [ 105.820459299999982, 21.0673734 ], [ 105.822055300000017, 21.0690818 ], [ 105.82207889999998, 21.0710572 ] ] ] } },
{ "type": "Feature", "properties": { "threshold_s": 300, "time_label": "5 minutes" }, "geometry": { "type": "Polygon", "coordinates": [ [ [ 105.824398699999989, 21.0415797 ], [ 105.8242534, 21.0423018 ], [ 105.824976899999982, 21.042322 ], [ 105.8257312, 21.0425412 ], [ 105.825892, 21.0422443 ], [ 105.8262453, 21.0417646 ], [ 105.826662, 21.0416429 ], [ 105.827236699999986, 21.0411635 ], [ 105.8280219, 21.0410279 ], [ 105.8281524, 21.0405279 ], [ 105.827600299999986, 21.0402879 ], [ 105.8275302, 21.0401531 ], [ 105.8279734, 21.0395642 ], [ 105.828665499999985, 21.0395817 ], [ 105.828111399999983, 21.039095 ], [ 105.8274547, 21.038879 ], [ 105.8269499, 21.0386781 ], [ 105.8268824, 21.0389441 ], [ 105.8266017, 21.039256 ], [ 105.8258892, 21.0389596 ], [ 105.8257622, 21.038859 ], [ 105.8255612, 21.0389552 ], [ 105.824902499999979, 21.0388745 ], [ 105.824710499999981, 21.0390241 ], [ 105.824349499999983, 21.0393233 ], [ 105.8246247, 21.0394822 ], [ 105.8249556, 21.0399277 ], [ 105.8249756, 21.0406384 ], [ 105.8245796, 21.0407902 ], [ 105.823863099999983, 21.0404467 ], [ 105.823681099999988, 21.0405096 ], [ 105.8232125, 21.0409563 ], [ 105.8233287, 21.0412791 ], [ 105.823466499999981, 21.0415021 ], [ 105.823874299999986, 21.0410423 ], [ 105.8243394, 21.0414835 ], [ 105.824398699999989, 21.0415797 ] ] ] } },
{ "type": "Feature", "properties": { "threshold_s": 600, "time_label": "10 minutes" }, "geometry": { "type": "Polygon", "coordinates": [ [ [ 105.8200824, 21.0419138 ], [ 105.8201032, 21.0420842 ], [ 105.8215238, 21.0433806 ], [ 105.821868199999983, 21.043591 ], [ 105.8227612, 21.0436841 ], [ 105.8229519, 21.043674 ], [ 105.823077399999988, 21.0436644 ], [ 105.8251749, 21.0431721 ], [ 105.8256852, 21.0428848 ], [ 105.826998799999984, 21.042035 ], [ 105.829178899999988, 21.0416541 ], [ 105.8299942, 21.0419361 ], [ 105.8309894, 21.0423696 ], [ 105.83104, 21.0423331 ], [ 105.8310398, 21.0422704 ], [ 105.830608499999983, 21.0420794 ], [ 105.829367199999979, 21.0403666 ], [ 105.829189299999982, 21.0401555 ], [ 105.829102399999982, 21.0384381 ], [ 105.830460299999984, 21.037763 ], [ 105.8301189, 21.0374825 ], [ 105.8295313, 21.0370004 ], [ 105.828956399999981, 21.0368655 ], [ 105.8270609, 21.0362158 ], [ 105.8255091, 21.0365587 ], [ 105.8243824, 21.036551 ], [ 105.823223900000016, 21.0375274 ], [ 105.823133199999987, 21.0376159 ], [ 105.822110399999985, 21.0387318 ], [ 105.8227552, 21.0399897 ], [ 105.8228039, 21.0402703 ], [ 105.8225559, 21.0415748 ], [ 105.820598, 21.0413793 ], [ 105.8202304, 21.041195 ], [ 105.8200824, 21.0419138 ] ] ] } },
{ "type": "Feature", "properties": { "threshold_s": 900, "time_label": "15 minutes" }, "geometry": { "type": "Polygon", "coordinates": [ [ [ 105.816837, 21.04281 ], [ 105.816872499999988, 21.0429173 ], [ 105.8186823, 21.0442555 ], [ 105.8196493, 21.0445051 ], [ 105.8200305, 21.0444177 ], [ 105.820512699999981, 21.044277 ], [ 105.823077399999988, 21.0436644 ], [ 105.825179, 21.043441 ], [ 105.8253024, 21.0434236 ], [ 105.8253552, 21.0434033 ], [ 105.825384899999989, 21.0433901 ], [ 105.8254248, 21.0433591 ], [ 105.8255361, 21.0431557 ], [ 105.826998799999984, 21.042035 ], [ 105.8300551, 21.0431375 ], [ 105.8315163, 21.0438372 ], [ 105.8342595, 21.0427747 ], [ 105.8342583, 21.0427004 ], [ 105.83403060000002, 21.0418768 ], [ 105.8317508, 21.0399426 ], [ 105.832357, 21.0389126 ], [ 105.8325108, 21.0379028 ], [ 105.8316491, 21.035014 ], [ 105.8315658, 21.0349468 ], [ 105.829059799999982, 21.0343042 ], [ 105.828020099999989, 21.0341154 ], [ 105.827903100000015, 21.0341749 ], [ 105.8271558, 21.0347458 ], [ 105.8246701, 21.0359009 ], [ 105.822790699999985, 21.0350977 ], [ 105.822668900000011, 21.0351071 ], [ 105.8225954, 21.0351148 ], [ 105.820431199999987, 21.0365922 ], [ 105.8202188, 21.03688 ], [ 105.8192652, 21.0389261 ], [ 105.81849339999998, 21.0398757 ], [ 105.8166334, 21.0418004 ], [ 105.8165567, 21.0419139 ], [ 105.816837, 21.04281 ] ] ] } },
{ "type": "Feature", "properties": { "threshold_s": 300, "time_label": "5 minutes" }, "geometry": { "type": "Polygon", "coordinates": [ [ [ 105.8079246, 20.9846968 ], [ 105.8077065, 20.9851526 ], [ 105.808412499999989, 20.9850122 ], [ 105.8085384, 20.9848486 ], [ 105.8084121, 20.9842139 ], [ 105.8091026, 20.9832391 ], [ 105.8091978, 20.9831247 ], [ 105.8095202, 20.9826845 ], [ 105.809643, 20.9825168 ], [ 105.809871499999986, 20.9822248 ], [ 105.8105196, 20.9813373 ], [ 105.810688199999987, 20.9811037 ], [ 105.810326599999982, 20.9809012 ], [ 105.810104, 20.9810702 ], [ 105.809219399999989, 20.9817526 ], [ 105.8080976, 20.9817091 ], [ 105.808146199999982, 20.9822817 ], [ 105.806776199999987, 20.9831727 ], [ 105.8069433, 20.9832705 ], [ 105.808418399999979, 20.9839566 ], [ 105.8082949, 20.9841299 ], [ 105.807992, 20.9846086 ], [ 105.8079246, 20.9846968 ] ] ] } },
{ "type": "Feature", "properties": { "threshold_s": 600, "time_label": "10 minutes" }, "geometry": { "type": "Polygon", "coordinates": [ [ [ 105.805047, 20.9865269 ], [ 105.805169099999986, 20.9877921 ], [ 105.8055507, 20.9880436 ], [ 105.807093599999988, 20.9881887 ], [ 105.808452399999979, 20.9872638 ], [ 105.8090389, 20.9861553 ], [ 105.80903619999998, 20.9857502 ], [ 105.808817399999981, 20.9854624 ], [ 105.8097339, 20.9841781 ], [ 105.810715, 20.9842471 ], [ 105.8110419, 20.9838811 ], [ 105.8110363, 20.9836296 ], [ 105.81103779999998, 20.9834355 ], [ 105.8109399, 20.9826781 ], [ 105.8108304, 20.9820733 ], [ 105.810688199999987, 20.9811037 ], [ 105.8117576, 20.9804299 ], [ 105.812822499999982, 20.9795597 ], [ 105.8126264, 20.9783482 ], [ 105.8125797, 20.9782714 ], [ 105.8121295, 20.9780809 ], [ 105.8116834, 20.9780221 ], [ 105.8117183, 20.9787536 ], [ 105.8115163, 20.9795392 ], [ 105.811295299999983, 20.9801051 ], [ 105.8098653, 20.9807096 ], [ 105.8086386, 20.9794133 ], [ 105.808582700000017, 20.979881 ], [ 105.8074205, 20.9805767 ], [ 105.806644299999988, 20.9797133 ], [ 105.8062687, 20.9792247 ], [ 105.8061813, 20.9790027 ], [ 105.80511079999998, 20.9809544 ], [ 105.8046297, 20.981199 ], [ 105.8039457, 20.9818641 ], [ 105.803924699999982, 20.9826007 ], [ 105.8042599, 20.9823469 ], [ 105.805717199999989, 20.9828897 ], [ 105.804744899999989, 20.9841752 ], [ 105.805049199999985, 20.985621 ], [ 105.8049332, 20.9857735 ], [ 105.805047, 20.9865269 ] ] ] } },
{ "type": "Feature", "properties": { "threshold_s": 900, "time_label": "15 minutes" }, "geometry": { "type": "Polygon", "coordinates": [ [ [ 105.80313289999998, 20.9897257 ], [ 105.8035737, 20.9907299 ], [ 105.80393789999998, 20.9908641 ], [ 105.804097299999981, 20.990845 ], [ 105.804239199999984, 20.9906536 ], [ 105.8044844, 20.9895284 ], [ 105.806163799999979, 20.9892868 ], [ 105.8066393, 20.989658 ], [ 105.8068986, 20.989955 ], [ 105.807305, 20.9902812 ], [ 105.8084854, 20.99022 ], [ 105.809105100000011, 20.9894989 ], [ 105.8090993, 20.9885556 ], [ 105.808452399999979, 20.9872638 ], [ 105.8097473, 20.9862429 ], [ 105.8111024, 20.987205 ], [ 105.8116014, 20.9872438 ], [ 105.812724, 20.9862008 ], [ 105.813703, 20.9846559 ], [ 105.814145399999987, 20.9834395 ], [ 105.8139119, 20.9826557 ], [ 105.8147487, 20.9812937 ], [ 105.8155978, 20.9802369 ], [ 105.81578279999998, 20.9791414 ], [ 105.815222299999988, 20.9784087 ], [ 105.8146796, 20.9765134 ], [ 105.8145568, 20.9765149 ], [ 105.8131459, 20.9764566 ], [ 105.8121007, 20.9755644 ], [ 105.8101383, 20.9751 ], [ 105.8098853, 20.9751135 ], [ 105.8097902, 20.9751582 ], [ 105.808461099999988, 20.9764522 ], [ 105.806352499999988, 20.976273 ], [ 105.8044607, 20.977222 ], [ 105.8044436, 20.9788703 ], [ 105.8036454, 20.9798536 ], [ 105.8024007, 20.9806207 ], [ 105.8018982, 20.9809178 ], [ 105.8016394, 20.9818485 ], [ 105.8014757, 20.9832355 ], [ 105.802104, 20.9845733 ], [ 105.8023156, 20.9859513 ], [ 105.8025979, 20.9870913 ], [ 105.8032896, 20.9883194 ], [ 105.803047799999987, 20.9893341 ], [ 105.80313289999998, 20.9897257 ] ] ] } },
{ "type": "Feature", "properties": { "threshold_s": 300, "time_label": "5 minutes" }, "geometry": { "type": "Polygon", "coordinates": [ [ [ 105.822588, 21.03132 ], [ 105.823142399999981, 21.0323394 ], [ 105.824136900000013, 21.0329592 ], [ 105.8241752, 21.0331613 ], [ 105.824202400000019, 21.0333518 ], [ 105.8252934, 21.033264 ], [ 105.826117699999983, 21.0331316 ], [ 105.8271908, 21.0334056 ], [ 105.827571699999979, 21.0329168 ], [ 105.8284205, 21.0325329 ], [ 105.828560699999983, 21.0323595 ], [ 105.8285699, 21.0323037 ], [ 105.8283016, 21.0318159 ], [ 105.827423599999989, 21.0313707 ], [ 105.8274807, 21.0303932 ], [ 105.827111, 21.0297951 ], [ 105.826018399999981, 21.0303813 ], [ 105.825075699999985, 21.0305411 ], [ 105.8239737, 21.0305482 ], [ 105.8228048, 21.0307939 ], [ 105.8221409, 21.0312018 ], [ 105.8221298, 21.0312387 ], [ 105.822343, 21.0312759 ], [ 105.822588, 21.03132 ] ] ] } },
{ "type": "Feature", "properties": { "threshold_s": 600, "time_label": "10 minutes" }, "geometry": { "type": "Polygon", "coordinates": [ [ [ 105.81990949999998, 21.0324031 ], [ 105.820102099999986, 21.0330387 ], [ 105.8213982, 21.0335006 ], [ 105.8213836, 21.0336066 ], [ 105.8213461, 21.0337609 ], [ 105.822529, 21.0342072 ], [ 105.8226528, 21.034872 ], [ 105.8225954, 21.0351148 ], [ 105.8234134, 21.0358148 ], [ 105.8247439, 21.0355604 ], [ 105.8257644, 21.0355964 ], [ 105.826083699999984, 21.0355062 ], [ 105.827096399999988, 21.0351825 ], [ 105.8280025, 21.0355165 ], [ 105.8289017, 21.0350245 ], [ 105.8294562, 21.034578 ], [ 105.8302711, 21.0336648 ], [ 105.830489499999985, 21.0335916 ], [ 105.831132199999985, 21.0334392 ], [ 105.8313211, 21.0334059 ], [ 105.8317013, 21.0330546 ], [ 105.8317046, 21.0330103 ], [ 105.8317038, 21.0319898 ], [ 105.831629199999981, 21.0317748 ], [ 105.8313128, 21.0313241 ], [ 105.830564599999988, 21.0309725 ], [ 105.829711, 21.0306636 ], [ 105.829529, 21.0300887 ], [ 105.830168, 21.0291162 ], [ 105.830144, 21.0290206 ], [ 105.8299299, 21.0289885 ], [ 105.828894, 21.0283251 ], [ 105.8280823, 21.0274717 ], [ 105.827857, 21.0270106 ], [ 105.8276909, 21.0268084 ], [ 105.827551499999984, 21.0271884 ], [ 105.827029699999983, 21.0277198 ], [ 105.826136399999982, 21.0278333 ], [ 105.8250334, 21.0280449 ], [ 105.824625399999988, 21.0278425 ], [ 105.8247328, 21.0286373 ], [ 105.8236351, 21.0289512 ], [ 105.8230394, 21.029327 ], [ 105.822243199999988, 21.0297832 ], [ 105.8212919, 21.0291798 ], [ 105.8211359, 21.0291565 ], [ 105.8207201, 21.0295285 ], [ 105.819787799999986, 21.0302129 ], [ 105.8191627, 21.0311242 ], [ 105.8191535, 21.0311715 ], [ 105.819383799999983, 21.0313133 ], [ 105.81990949999998, 21.0324031 ] ] ] } },
{ "type": "Feature", "properties": { "threshold_s": 900, "time_label": "15 minutes" }, "geometry": { "type": "Polygon", "coordinates": [ [ [ 105.8191552, 21.0353752 ], [ 105.819648499999985, 21.0358853 ], [ 105.8204197, 21.0363503 ], [ 105.821305, 21.0367907 ], [ 105.8225283, 21.0376698 ], [ 105.8228808, 21.0376263 ], [ 105.823737899999983, 21.0375379 ], [ 105.82409269999998, 21.0369383 ], [ 105.825892600000017, 21.0365489 ], [ 105.8262016, 21.0373309 ], [ 105.8265879, 21.0372917 ], [ 105.8282209, 21.037678 ], [ 105.82888149999998, 21.0382194 ], [ 105.829758899999987, 21.0378688 ], [ 105.8300645, 21.0373256 ], [ 105.8311425, 21.0363681 ], [ 105.832216, 21.0350183 ], [ 105.8336401, 21.0344045 ], [ 105.8337642, 21.0342845 ], [ 105.8344681, 21.0326913 ], [ 105.8344087, 21.0320628 ], [ 105.8342368, 21.0308405 ], [ 105.83386489999998, 21.0303727 ], [ 105.8324866, 21.0290689 ], [ 105.8332544, 21.0284547 ], [ 105.833445, 21.0281154 ], [ 105.832355299999989, 21.027667 ], [ 105.8304587, 21.0269332 ], [ 105.829982499999986, 21.0264029 ], [ 105.8290968, 21.0253928 ], [ 105.8285098, 21.0247758 ], [ 105.8279603, 21.0243081 ], [ 105.8273512, 21.0241075 ], [ 105.8271241, 21.0241285 ], [ 105.8270572, 21.024139 ], [ 105.8269312, 21.0241688 ], [ 105.8261297, 21.0249358 ], [ 105.8247343, 21.0256419 ], [ 105.823382899999984, 21.0256457 ], [ 105.822996, 21.0260166 ], [ 105.8214901, 21.0265885 ], [ 105.821269199999989, 21.0268254 ], [ 105.821295, 21.0287254 ], [ 105.819574299999985, 21.0295631 ], [ 105.819, 21.0294888 ], [ 105.8188734, 21.0294725 ], [ 105.817512099999988, 21.0292698 ], [ 105.8174541, 21.0292599 ], [ 105.816760699999989, 21.0294684 ], [ 105.8164441, 21.0295856 ], [ 105.815643399999985, 21.0303486 ], [ 105.8155967, 21.0307767 ], [ 105.8165916, 21.0317314 ], [ 105.8177167, 21.0332751 ], [ 105.818277199999983, 21.0336219 ], [ 105.81944129999998, 21.034361 ], [ 105.8191552, 21.0353752 ] ] ] } },
{ "type": "Feature", "properties": { "threshold_s": 300, "time_label": "5 minutes" }, "geometry": { "type": "Polygon", "coordinates": [ [ [ 105.838974, 21.0189207 ], [ 105.8389785, 21.0189859 ], [ 105.83919539999998, 21.0190332 ], [ 105.839608799999979, 21.0190016 ], [ 105.8397696, 21.0189906 ], [ 105.8406848, 21.0192221 ], [ 105.8413428, 21.0194826 ], [ 105.8413515, 21.0199889 ], [ 105.8411667, 21.0207718 ], [ 105.8413626, 21.0207692 ], [ 105.841419299999984, 21.0207684 ], [ 105.841495699999982, 21.020728 ], [ 105.841558299999988, 21.020661 ], [ 105.8415578, 21.0206257 ], [ 105.8415557, 21.0205629 ], [ 105.841459, 21.0199864 ], [ 105.8414591, 21.0199132 ], [ 105.841459499999985, 21.0194805 ], [ 105.8422803, 21.0193173 ], [ 105.842423599999989, 21.0195967 ], [ 105.84246349999998, 21.0198455 ], [ 105.8425122, 21.0202858 ], [ 105.8425301, 21.0203358 ], [ 105.842541399999988, 21.0203685 ], [ 105.842658299999982, 21.0204445 ], [ 105.842715, 21.0204282 ], [ 105.842774799999987, 21.0204109 ], [ 105.8428275, 21.0203153 ], [ 105.842810899999989, 21.0202651 ], [ 105.8427877, 21.0202009 ], [ 105.8424852, 21.0195882 ], [ 105.8422991, 21.0189126 ], [ 105.842298199999988, 21.0188563 ], [ 105.842297299999984, 21.0187951 ], [ 105.8422833, 21.0185793 ], [ 105.8422501, 21.0182379 ], [ 105.8422481, 21.018199 ], [ 105.8424984, 21.0175268 ], [ 105.8434082, 21.0175215 ], [ 105.843514899999988, 21.0181214 ], [ 105.843516599999987, 21.0181537 ], [ 105.843516599999987, 21.0181953 ], [ 105.8440234, 21.0188761 ], [ 105.8439301, 21.0182691 ], [ 105.843935099999982, 21.0176557 ], [ 105.8438567, 21.0172338 ], [ 105.8434265, 21.0171302 ], [ 105.8433861, 21.0171286 ], [ 105.842658, 21.0168609 ], [ 105.842316, 21.0162193 ], [ 105.8414159, 21.0160974 ], [ 105.8414776, 21.0153138 ], [ 105.841406299999989, 21.0152743 ], [ 105.841353600000019, 21.015276 ], [ 105.841318, 21.0152793 ], [ 105.8410674, 21.0156817 ], [ 105.840448, 21.0159552 ], [ 105.8400246, 21.0167624 ], [ 105.8400233, 21.0174379 ], [ 105.839747099999983, 21.0179115 ], [ 105.839074899999986, 21.0182154 ], [ 105.838974, 21.0189207 ] ] ] } },
{ "type": "Feature", "properties": { "threshold_s": 600, "time_label": "10 minutes" }, "geometry": { "type": "Polygon", "coordinates": [ [ [ 105.8353298, 21.0192472 ], [ 105.8360819, 21.0207444 ], [ 105.8375347, 21.0215521 ], [ 105.8390853, 21.0211156 ], [ 105.8393334, 21.0211085 ], [ 105.839747799999984, 21.0210372 ], [ 105.8411667, 21.0207718 ], [ 105.8414355, 21.021993 ], [ 105.8414443, 21.0227697 ], [ 105.8413938, 21.0234353 ], [ 105.841197, 21.0240138 ], [ 105.841302399999989, 21.0243221 ], [ 105.84146579999998, 21.0243182 ], [ 105.8415337, 21.0243165 ], [ 105.841603599999985, 21.0242227 ], [ 105.841601399999988, 21.0241751 ], [ 105.841556, 21.024 ], [ 105.8429569, 21.0228455 ], [ 105.843656, 21.0234005 ], [ 105.8445617, 21.0220953 ], [ 105.8449798, 21.0217298 ], [ 105.8451685, 21.0214653 ], [ 105.8460409, 21.0201387 ], [ 105.84603079999998, 21.0201078 ], [ 105.8460191, 21.0200721 ], [ 105.8457679, 21.0195862 ], [ 105.845692299999982, 21.0195002 ], [ 105.84451540000002, 21.0182906 ], [ 105.845683, 21.01704 ], [ 105.8461965, 21.0170919 ], [ 105.8466918, 21.01722 ], [ 105.846985, 21.0173538 ], [ 105.847057299999989, 21.01733 ], [ 105.8471341, 21.0173048 ], [ 105.8473868, 21.0169501 ], [ 105.847382399999987, 21.0168917 ], [ 105.846097499999985, 21.0157607 ], [ 105.8454387, 21.01542 ], [ 105.8441655, 21.0145502 ], [ 105.842844899999989, 21.0139577 ], [ 105.8423851, 21.0136837 ], [ 105.8414563, 21.0134154 ], [ 105.8413787, 21.0134169 ], [ 105.8413199, 21.0134184 ], [ 105.841088, 21.0134947 ], [ 105.8403519, 21.0143317 ], [ 105.839119899999986, 21.0147909 ], [ 105.8386467, 21.0148272 ], [ 105.8376405, 21.0155993 ], [ 105.8372321, 21.016262 ], [ 105.8363991, 21.017269 ], [ 105.836085699999984, 21.0182283 ], [ 105.8353255, 21.0192016 ], [ 105.8353298, 21.0192472 ] ] ] } },
{ "type": "Feature", "properties": { "threshold_s": 900, "time_label": "15 minutes" }, "geometry": { "type": "Polygon", "coordinates": [ [ [ 105.8340165, 21.0220435 ], [ 105.8341942, 21.0225907 ], [ 105.835134, 21.0230924 ], [ 105.83733549999998, 21.0241814 ], [ 105.838944199999986, 21.0241005 ], [ 105.8395402, 21.0242642 ], [ 105.8414982, 21.0259455 ], [ 105.841461, 21.0266234 ], [ 105.8414747, 21.0273896 ], [ 105.8415518, 21.0276316 ], [ 105.841672299999985, 21.0275605 ], [ 105.843306200000015, 21.025552 ], [ 105.843367699999988, 21.0255339 ], [ 105.8453091, 21.0255978 ], [ 105.8453598, 21.0255726 ], [ 105.845418399999986, 21.0255434 ], [ 105.845880899999983, 21.0246907 ], [ 105.8470193, 21.0230789 ], [ 105.84777, 21.0222873 ], [ 105.8483474, 21.0211976 ], [ 105.8483946, 21.02106 ], [ 105.848777, 21.0198738 ], [ 105.8499019, 21.018639 ], [ 105.8508468, 21.0168556 ], [ 105.8493033, 21.0151471 ], [ 105.8492471, 21.0150869 ], [ 105.8483197, 21.0142218 ], [ 105.8464602, 21.0125973 ], [ 105.84633340000002, 21.0125785 ], [ 105.8461235, 21.0125592 ], [ 105.8455437, 21.0125883 ], [ 105.8452984, 21.0134518 ], [ 105.842844899999989, 21.0139577 ], [ 105.8423851, 21.0136837 ], [ 105.842727699999983, 21.0112228 ], [ 105.842772199999985, 21.0111061 ], [ 105.842824899999982, 21.0108388 ], [ 105.842781, 21.0106939 ], [ 105.8413355, 21.0087937 ], [ 105.840335699999983, 21.0100615 ], [ 105.839935, 21.0108495 ], [ 105.838627099999982, 21.012106 ], [ 105.8385904, 21.0121356 ], [ 105.8383888, 21.0122931 ], [ 105.8369561, 21.0131518 ], [ 105.8356801, 21.012864 ], [ 105.835598600000012, 21.012954 ], [ 105.8344065, 21.014692 ], [ 105.834101099999984, 21.0165736 ], [ 105.833224499999986, 21.0176717 ], [ 105.832037799999981, 21.0193488 ], [ 105.832056499999979, 21.019407 ], [ 105.832191199999983, 21.0195722 ], [ 105.8332615, 21.0202129 ], [ 105.8340165, 21.0220435 ] ] ] } },
{ "type": "Feature", "properties": { "threshold_s": 300, "time_label": "5 minutes" }, "geometry": { "type": "Polygon", "coordinates": [ [ [ 105.7666211, 21.0290602 ], [ 105.766587499999986, 21.0298791 ], [ 105.766879399999979, 21.0297846 ], [ 105.767306, 21.029652 ], [ 105.767790399999981, 21.0292332 ], [ 105.768008, 21.0303998 ], [ 105.768381399999981, 21.030284 ], [ 105.7689212, 21.0301142 ], [ 105.769115099999979, 21.0310246 ], [ 105.7693632, 21.0310443 ], [ 105.769581699999989, 21.030991 ], [ 105.76919789999998, 21.0310011 ], [ 105.768990499999987, 21.030093 ], [ 105.7694675, 21.0296261 ], [ 105.770376, 21.0296647 ], [ 105.7706303, 21.0298127 ], [ 105.770561, 21.0297575 ], [ 105.770433, 21.0285615 ], [ 105.770431699999989, 21.0277616 ], [ 105.770292499999982, 21.0273824 ], [ 105.770026499999986, 21.0281336 ], [ 105.7695692, 21.028636 ], [ 105.7691999, 21.0287069 ], [ 105.7687785, 21.027846 ], [ 105.7687867, 21.0275537 ], [ 105.768536699999984, 21.027533 ], [ 105.767864599999982, 21.0268666 ], [ 105.7680034, 21.0262463 ], [ 105.7678305, 21.0256882 ], [ 105.7673955, 21.025781399999989 ], [ 105.767204599999985, 21.0258291 ], [ 105.767064799999986, 21.0259408 ], [ 105.767101, 21.0260493 ], [ 105.7675882, 21.0263767 ], [ 105.767574, 21.0269566 ], [ 105.7674793, 21.0278614 ], [ 105.766866199999981, 21.0284364 ], [ 105.7666211, 21.0290602 ] ] ] } },
{ "type": "Feature", "properties": { "threshold_s": 600, "time_label": "10 minutes" }, "geometry": { "type": "Polygon", "coordinates": [ [ [ 105.762815800000013, 21.0297875 ], [ 105.762848599999984, 21.0298707 ], [ 105.763966499999981, 21.0307368 ], [ 105.765183, 21.0317501 ], [ 105.7665999, 21.0323331 ], [ 105.7672329, 21.0327597 ], [ 105.7680401, 21.0329692 ], [ 105.769517199999981, 21.033536 ], [ 105.7696298, 21.0337123 ], [ 105.7700269, 21.0339163 ], [ 105.7708595, 21.0333332 ], [ 105.770928199999986, 21.0325108 ], [ 105.7711716, 21.0317506 ], [ 105.7723376, 21.0312723 ], [ 105.772771299999988, 21.0308966 ], [ 105.7730846, 21.0303002 ], [ 105.77349, 21.028862 ], [ 105.7735699, 21.0284291 ], [ 105.772876699999983, 21.0277544 ], [ 105.7714131, 21.0274476 ], [ 105.770292499999982, 21.0273824 ], [ 105.7687867, 21.0275537 ], [ 105.7680034, 21.0262463 ], [ 105.769382, 21.0260422 ], [ 105.770785499999988, 21.025231 ], [ 105.769415, 21.0252103 ], [ 105.7690304, 21.0252113 ], [ 105.767742899999988, 21.0251378 ], [ 105.767311899999982, 21.0241185 ], [ 105.7673177, 21.0237127 ], [ 105.7672788, 21.0235632 ], [ 105.7672082, 21.0233705 ], [ 105.7662802, 21.0234951 ], [ 105.766207399999985, 21.0239066 ], [ 105.7662217, 21.0239565 ], [ 105.7662616, 21.0240883 ], [ 105.766278, 21.0241473 ], [ 105.7670798, 21.0254619 ], [ 105.767064799999986, 21.0259408 ], [ 105.767101, 21.0260493 ], [ 105.767574, 21.0269566 ], [ 105.7674793, 21.0278614 ], [ 105.766866199999981, 21.0284364 ], [ 105.76536609999998, 21.0285709 ], [ 105.7643054, 21.0288039 ], [ 105.763777, 21.0276402 ], [ 105.763708899999983, 21.0276592 ], [ 105.7636561, 21.0276739 ], [ 105.7634258, 21.0278011 ], [ 105.76300590000001, 21.0291846 ], [ 105.7627874, 21.0297131 ], [ 105.762815800000013, 21.0297875 ] ] ] } },
{ "type": "Feature", "properties": { "threshold_s": 900, "time_label": "15 minutes" }, "geometry": { "type": "Polygon", "coordinates": [ [ [ 105.7594637, 21.0305928 ], [ 105.7592454, 21.0308336 ], [ 105.76113890000002, 21.0317714 ], [ 105.7627022, 21.0330395 ], [ 105.7642866, 21.0340112 ], [ 105.7646672, 21.0342104 ], [ 105.7656096, 21.0346914 ], [ 105.7671291, 21.0354863 ], [ 105.768530499999983, 21.0360225 ], [ 105.769994299999979, 21.0363841 ], [ 105.7714072, 21.036917 ], [ 105.771882099999985, 21.0364483 ], [ 105.7728488, 21.0346375 ], [ 105.773827199999985, 21.0332653 ], [ 105.7738747, 21.0325123 ], [ 105.7740597, 21.031915 ], [ 105.7742317, 21.0314186 ], [ 105.776249199999981, 21.0304912 ], [ 105.776309, 21.029169 ], [ 105.776287499999981, 21.02907 ], [ 105.7756853, 21.0283157 ], [ 105.7748655, 21.0270246 ], [ 105.773928, 21.0260775 ], [ 105.773818799999987, 21.0248138 ], [ 105.7723777, 21.0233095 ], [ 105.7711031, 21.0228096 ], [ 105.7704229, 21.0219308 ], [ 105.770054299999984, 21.0212727 ], [ 105.7685219, 21.0208674 ], [ 105.7676272, 21.020147 ], [ 105.767461299999979, 21.0201478 ], [ 105.7651653, 21.0204888 ], [ 105.766067299999989, 21.0222277 ], [ 105.7639843, 21.0230046 ], [ 105.763872899999981, 21.0230067 ], [ 105.7627434, 21.0248998 ], [ 105.7626956, 21.0249129 ], [ 105.7625178, 21.0249615 ], [ 105.7624682, 21.0249751 ], [ 105.76239649999998, 21.0251426 ], [ 105.762418499999981, 21.0252015 ], [ 105.7624619, 21.0253162 ], [ 105.762484299999983, 21.0253754 ], [ 105.7625693, 21.025408 ], [ 105.762626, 21.0253907 ], [ 105.7628308, 21.0253285 ], [ 105.762885, 21.0253121 ], [ 105.7635623, 21.0251534 ], [ 105.7643412, 21.0247707 ], [ 105.766278, 21.0241473 ], [ 105.766642499999989, 21.0244001 ], [ 105.7670798, 21.0254619 ], [ 105.767064799999986, 21.0259408 ], [ 105.767101, 21.0260493 ], [ 105.767574, 21.0269566 ], [ 105.766866199999981, 21.0284364 ], [ 105.76536609999998, 21.0285709 ], [ 105.763777, 21.0276402 ], [ 105.763708899999983, 21.0276592 ], [ 105.7636561, 21.0276739 ], [ 105.7634258, 21.0278011 ], [ 105.7620158, 21.0283968 ], [ 105.7610233, 21.028549 ], [ 105.7613122, 21.0293856 ], [ 105.7594637, 21.0305928 ] ] ] } },
{ "type": "Feature", "properties": { "threshold_s": 300, "time_label": "5 minutes" }, "geometry": { "type": "Polygon", "coordinates": [ [ [ 105.764755, 21.0385192 ], [ 105.7643457, 21.0390572 ], [ 105.7645753, 21.0389922 ], [ 105.764891899999981, 21.0389132 ], [ 105.7652418, 21.0392323 ], [ 105.765546299999983, 21.0391716 ], [ 105.7657369, 21.0391144 ], [ 105.766212, 21.0389774 ], [ 105.7659805, 21.0384611 ], [ 105.76601860000001, 21.0384495 ], [ 105.7667849, 21.0388034 ], [ 105.7673023, 21.0386489 ], [ 105.767261199999979, 21.037941 ], [ 105.7673415, 21.0379159 ], [ 105.7673958, 21.0373744 ], [ 105.767551399999988, 21.0371141 ], [ 105.767091799999989, 21.0372256 ], [ 105.7670123, 21.0372474 ], [ 105.767167, 21.0376593 ], [ 105.765862, 21.0379911 ], [ 105.7656749, 21.0375085 ], [ 105.7655768, 21.0372061 ], [ 105.7657995, 21.036808 ], [ 105.7660318, 21.0367516 ], [ 105.7664844, 21.0366456 ], [ 105.76662349999998, 21.0366893 ], [ 105.7667972, 21.0366352 ], [ 105.7667743, 21.0365657 ], [ 105.767435399999982, 21.0363691 ], [ 105.7671291, 21.0354863 ], [ 105.767276400000014, 21.0359147 ], [ 105.7674034, 21.0362838 ], [ 105.766740899999988, 21.03647 ], [ 105.7665643, 21.0365236 ], [ 105.7664385, 21.0365394 ], [ 105.765828199999987, 21.0362115 ], [ 105.7661306, 21.0359932 ], [ 105.7656873, 21.0358444 ], [ 105.765694, 21.035563 ], [ 105.7660658, 21.035417 ], [ 105.766141, 21.0353347 ], [ 105.7659651, 21.0348608 ], [ 105.765960399999983, 21.0348487 ], [ 105.7651746, 21.0348269 ], [ 105.7651627, 21.0348982 ], [ 105.765277, 21.0352366 ], [ 105.7656068, 21.0355972 ], [ 105.7652092, 21.0359923 ], [ 105.7646371, 21.0359484 ], [ 105.7644771, 21.035477 ], [ 105.764416899999986, 21.0353225 ], [ 105.764332899999985, 21.0350892 ], [ 105.763947699999989, 21.0352073 ], [ 105.763911, 21.0356801 ], [ 105.7635414, 21.0359974 ], [ 105.7636213, 21.0362085 ], [ 105.763696399999986, 21.0363966 ], [ 105.7633342, 21.0367265 ], [ 105.763222, 21.0369882 ], [ 105.763294699999989, 21.0371614 ], [ 105.763279199999985, 21.0375452 ], [ 105.763485499999987, 21.037093 ], [ 105.764018199999981, 21.037263 ], [ 105.764438299999981, 21.0371211 ], [ 105.7649662, 21.0369253 ], [ 105.7650282, 21.0373842 ], [ 105.765049099999985, 21.0377184 ], [ 105.764531, 21.0378498 ], [ 105.7642632, 21.0379232 ], [ 105.76468749999998, 21.0383049 ], [ 105.764755, 21.0385192 ] ] ] } },
{ "type": "Feature", "properties": { "threshold_s": 600, "time_label": "10 minutes" }, "geometry": { "type": "Polygon", "coordinates": [ [ [ 105.7623968, 21.0399782 ], [ 105.762831599999984, 21.041017 ], [ 105.7642131, 21.041502 ], [ 105.7654363, 21.0420835 ], [ 105.7656943, 21.0409844 ], [ 105.7667078, 21.0408274 ], [ 105.7677808, 21.0399403 ], [ 105.7679351, 21.0398866 ], [ 105.768071099999986, 21.0398367 ], [ 105.768193, 21.0395301 ], [ 105.7696234, 21.0395391 ], [ 105.7696592, 21.0395306 ], [ 105.7697059, 21.0395196 ], [ 105.769658299999989, 21.038883 ], [ 105.769633, 21.0388098 ], [ 105.7695727, 21.0386357 ], [ 105.7701575, 21.0374557 ], [ 105.7709007, 21.0363003 ], [ 105.7705228, 21.0353518 ], [ 105.7704752, 21.034649 ], [ 105.770040800000018, 21.0345594 ], [ 105.769909899999988, 21.0346053 ], [ 105.768585099999981, 21.0340728 ], [ 105.768528, 21.0338928 ], [ 105.768489299999985, 21.0337761 ], [ 105.7673813, 21.0331736 ], [ 105.7661611, 21.0324653 ], [ 105.765341699999979, 21.0321996 ], [ 105.7650447, 21.0322973 ], [ 105.7646188, 21.0324377 ], [ 105.7641248, 21.0329567 ], [ 105.763354300000017, 21.0340076 ], [ 105.762394199999989, 21.0339362 ], [ 105.761787199999986, 21.0341262 ], [ 105.7616837, 21.0351878 ], [ 105.7607871, 21.0360014 ], [ 105.7607437, 21.0362379 ], [ 105.7608876, 21.0362699 ], [ 105.7622123, 21.0367012 ], [ 105.762834, 21.0368058 ], [ 105.7628673, 21.038143 ], [ 105.762243600000019, 21.0387256 ], [ 105.7621589, 21.0395371 ], [ 105.7622235, 21.0396543 ], [ 105.7623968, 21.0399782 ] ] ] } },
{ "type": "Feature", "properties": { "threshold_s": 900, "time_label": "15 minutes" }, "geometry": { "type": "Polygon", "coordinates": [ [ [ 105.7602319, 21.0413095 ], [ 105.7602627, 21.0419673 ], [ 105.761101, 21.042525 ], [ 105.7628457, 21.0425464 ], [ 105.7631625, 21.0426452 ], [ 105.763837, 21.0428699 ], [ 105.764002, 21.0429211 ], [ 105.7652924, 21.0433111 ], [ 105.7659763, 21.0439075 ], [ 105.7673045, 21.0436607 ], [ 105.7684413, 21.0439029 ], [ 105.7699672, 21.0436894 ], [ 105.7704596, 21.0433998 ], [ 105.7691027, 21.0422465 ], [ 105.7697277, 21.0408167 ], [ 105.7703885, 21.0405951 ], [ 105.7704858, 21.0405655 ], [ 105.7705852, 21.0405353 ], [ 105.770699199999981, 21.0405041 ], [ 105.7707747, 21.040482 ], [ 105.7716752, 21.0404417 ], [ 105.7724782, 21.0391793 ], [ 105.7734013, 21.0378556 ], [ 105.7729152, 21.0361398 ], [ 105.7730521, 21.0353305 ], [ 105.773057399999985, 21.0343988 ], [ 105.772308599999988, 21.0330289 ], [ 105.770928199999986, 21.0325108 ], [ 105.7701949, 21.0319767 ], [ 105.769713699999983, 21.0315185 ], [ 105.7686711, 21.0311618 ], [ 105.767618299999981, 21.0305219 ], [ 105.765820799999986, 21.0301215 ], [ 105.76567439999998, 21.0297058 ], [ 105.7645682, 21.0291582 ], [ 105.764122499999985, 21.0289907 ], [ 105.763721899999979, 21.0290497 ], [ 105.763005599999985, 21.0302673 ], [ 105.761931099999984, 21.0310597 ], [ 105.7609765, 21.0309175 ], [ 105.7601852, 21.0324794 ], [ 105.759498399999984, 21.0336344 ], [ 105.7595125, 21.0337111 ], [ 105.7596387, 21.0344939 ], [ 105.7588931, 21.0358586 ], [ 105.7588313, 21.0367007 ], [ 105.7586787, 21.037779 ], [ 105.7589996, 21.0381544 ], [ 105.759182899999985, 21.0381569 ], [ 105.760582099999979, 21.0388648 ], [ 105.760966, 21.0396098 ], [ 105.7602319, 21.0413095 ] ] ] } },
{ "type": "Feature", "properties": { "threshold_s": 300, "time_label": "5 minutes" }, "geometry": { "type": "Polygon", "coordinates": [ [ [ 105.7941558, 21.016193 ], [ 105.7939554, 21.0165248 ], [ 105.794135299999979, 21.0166725 ], [ 105.7941933, 21.0167137 ], [ 105.7942233, 21.0166616 ], [ 105.794373, 21.0164016 ], [ 105.7952867, 21.016455499999989 ], [ 105.7959302, 21.0163743 ], [ 105.7963962, 21.0163414 ], [ 105.7964298, 21.0155399 ], [ 105.797061, 21.0153422 ], [ 105.7976464, 21.0159185 ], [ 105.7977016, 21.0159984 ], [ 105.797873, 21.0158969 ], [ 105.7982613, 21.0155266 ], [ 105.79792759999998, 21.0150534 ], [ 105.7978531, 21.0146327 ], [ 105.79838909999998, 21.014129 ], [ 105.7985692, 21.0137488 ], [ 105.798007399999989, 21.0132418 ], [ 105.7979185, 21.0130253 ], [ 105.79702709999998, 21.0129591 ], [ 105.7967364, 21.013265 ], [ 105.79675730000001, 21.0133977 ], [ 105.796774899999988, 21.013503 ], [ 105.7965316, 21.0140468 ], [ 105.7958908, 21.0141692 ], [ 105.7955321, 21.0140547 ], [ 105.7950379, 21.0137986 ], [ 105.7946413, 21.0135183 ], [ 105.7944865, 21.0131082 ], [ 105.794881, 21.0126292 ], [ 105.7948272, 21.0125892 ], [ 105.794128699999987, 21.0128473 ], [ 105.7939871, 21.0130562 ], [ 105.79410679999998, 21.0132753 ], [ 105.7939015, 21.0140028 ], [ 105.7935934, 21.0146459 ], [ 105.794031, 21.0149543 ], [ 105.7945113, 21.0156306 ], [ 105.794283399999983, 21.0159936 ], [ 105.7941895, 21.0161404 ], [ 105.7941558, 21.016193 ] ] ] } },
{ "type": "Feature", "properties": { "threshold_s": 600, "time_label": "10 minutes" }, "geometry": { "type": "Polygon", "coordinates": [ [ [ 105.792163, 21.0190275 ], [ 105.7923489, 21.0193635 ], [ 105.7933909, 21.01947 ], [ 105.7951008, 21.0191847 ], [ 105.796274199999985, 21.018608 ], [ 105.7978919, 21.0188904 ], [ 105.7987154, 21.0189516 ], [ 105.799012100000013, 21.0185868 ], [ 105.7989038, 21.0183024 ], [ 105.7999988, 21.0170619 ], [ 105.8005639, 21.0165158 ], [ 105.800799699999985, 21.0156956 ], [ 105.801012199999988, 21.0145051 ], [ 105.801506599999982, 21.0140353 ], [ 105.8020679, 21.0134552 ], [ 105.8018296, 21.0127689 ], [ 105.801559399999988, 21.0125339 ], [ 105.800854, 21.0119916 ], [ 105.799773, 21.0110206 ], [ 105.7987302, 21.0112976 ], [ 105.7974856, 21.0116348 ], [ 105.7969158, 21.0103757 ], [ 105.795750699999985, 21.0097682 ], [ 105.7950897, 21.0094152 ], [ 105.7939022, 21.0098148 ], [ 105.793508, 21.0102675 ], [ 105.7928287, 21.0110498 ], [ 105.7914913, 21.0106888 ], [ 105.7911719, 21.0109554 ], [ 105.791054399999979, 21.0111022 ], [ 105.7907386, 21.0117267 ], [ 105.790872, 21.0127698 ], [ 105.7912544, 21.0130491 ], [ 105.791419599999983, 21.0130853 ], [ 105.791637599999987, 21.0129789 ], [ 105.7932322, 21.0125222 ], [ 105.7934829, 21.0137813 ], [ 105.7935934, 21.0146459 ], [ 105.7931283, 21.0156842 ], [ 105.7916858, 21.0158949 ], [ 105.7917088, 21.0159163 ], [ 105.7923067, 21.0172091 ], [ 105.7918999, 21.0176995 ], [ 105.791880299999988, 21.0181884 ], [ 105.792163, 21.0190275 ] ] ] } },
{ "type": "Feature", "properties": { "threshold_s": 900, "time_label": "15 minutes" }, "geometry": { "type": "Polygon", "coordinates": [ [ [ 105.7908135, 21.0217064 ], [ 105.790918, 21.0219666 ], [ 105.7909776, 21.0220053 ], [ 105.791072299999982, 21.0220667 ], [ 105.7920555, 21.0213984 ], [ 105.7933492, 21.021344 ], [ 105.794526099999985, 21.021614 ], [ 105.7952812, 21.021738 ], [ 105.796048, 21.0213084 ], [ 105.797428699999983, 21.0211545 ], [ 105.7978752, 21.0210487 ], [ 105.798355900000018, 21.0209345 ], [ 105.80021739999998, 21.0209986 ], [ 105.8020223, 21.0207335 ], [ 105.8023504, 21.0205537 ], [ 105.8016923, 21.019004 ], [ 105.8022946, 21.0178538 ], [ 105.8025075, 21.0174402 ], [ 105.8027351, 21.0170903 ], [ 105.802798599999988, 21.016999 ], [ 105.803744499999979, 21.0153428 ], [ 105.8041303, 21.0153607 ], [ 105.804380399999985, 21.0152263 ], [ 105.8044248, 21.0151854 ], [ 105.804646299999987, 21.0149813 ], [ 105.8047308, 21.0148001 ], [ 105.8041814, 21.013211 ], [ 105.8038243, 21.0123675 ], [ 105.8028617, 21.0122222 ], [ 105.802491499999988, 21.0106323 ], [ 105.8020082, 21.0096911 ], [ 105.8002515, 21.0089941 ], [ 105.79824259999998, 21.0091973 ], [ 105.7981923, 21.0091614 ], [ 105.79751539999998, 21.0087468 ], [ 105.7967655, 21.0080731 ], [ 105.7966049, 21.006966 ], [ 105.7965463, 21.0069246 ], [ 105.7954207, 21.0071595 ], [ 105.793750799999984, 21.0077869 ], [ 105.7934508, 21.0083732 ], [ 105.7917807, 21.0087916 ], [ 105.791191, 21.0083442 ], [ 105.790935099999984, 21.0083838 ], [ 105.7908057, 21.0086525 ], [ 105.790286499999979, 21.0093129 ], [ 105.7886808, 21.0091602 ], [ 105.788583799999984, 21.0092123 ], [ 105.7883226, 21.0096184 ], [ 105.7885138, 21.0110695 ], [ 105.7883998, 21.0126109 ], [ 105.78881149999998, 21.0141849 ], [ 105.788984699999986, 21.0159545 ], [ 105.78965479999998, 21.0172014 ], [ 105.7894531, 21.0184415 ], [ 105.7894607, 21.0188081 ], [ 105.790097399999979, 21.0201733 ], [ 105.7908135, 21.0217064 ] ] ] } },
{ "type": "Feature", "properties": { "threshold_s": 300, "time_label": "5 minutes" }, "geometry": { "type": "Polygon", "coordinates": [ [ [ 105.876818599999979, 20.9715557 ], [ 105.8767683, 20.9716529 ], [ 105.8772629, 20.9719514 ], [ 105.87742609999998, 20.9719362 ], [ 105.877627099999984, 20.9718689 ], [ 105.8781189, 20.9724336 ], [ 105.878364499999989, 20.9725349 ], [ 105.878247500000015, 20.9724036 ], [ 105.8788171, 20.9718826 ], [ 105.8788956, 20.9718341 ], [ 105.878837899999979, 20.971758 ], [ 105.878571399999984, 20.9713908 ], [ 105.8786891, 20.9707378 ], [ 105.8792621, 20.9709622 ], [ 105.879909, 20.9711297 ], [ 105.879347899999985, 20.9708896 ], [ 105.8793459, 20.9703407 ], [ 105.8791003, 20.9704892 ], [ 105.8786096, 20.9706222 ], [ 105.8782196, 20.9708653 ], [ 105.8778482, 20.9708822 ], [ 105.877803199999988, 20.9702085 ], [ 105.878149099999987, 20.9699524 ], [ 105.8782764, 20.9693311 ], [ 105.877598299999988, 20.9684193 ], [ 105.8779725, 20.9696523 ], [ 105.8775324, 20.9698476 ], [ 105.8768008, 20.9698096 ], [ 105.876647599999984, 20.9692607 ], [ 105.876411599999983, 20.9689454 ], [ 105.876033299999989, 20.9692382 ], [ 105.875951700000016, 20.9693217 ], [ 105.876362, 20.9694819 ], [ 105.8766391, 20.9698349 ], [ 105.8767214, 20.969896 ], [ 105.87715369999998, 20.9701163 ], [ 105.877206799999982, 20.970664 ], [ 105.8770065, 20.9713898 ], [ 105.8768427, 20.9715235 ], [ 105.876818599999979, 20.9715557 ] ] ] } },
{ "type": "Feature", "properties": { "threshold_s": 600, "time_label": "10 minutes" }, "geometry": { "type": "Polygon", "coordinates": [ [ [ 105.8759267, 20.9729383 ], [ 105.8759601, 20.9730477 ], [ 105.876488199999983, 20.9729228 ], [ 105.876649, 20.9728922 ], [ 105.8778214, 20.9728041 ], [ 105.878060799999986, 20.9730858 ], [ 105.8779372, 20.9743236 ], [ 105.8779489, 20.9745163 ], [ 105.877977, 20.9747274 ], [ 105.8781175, 20.9747164 ], [ 105.878384699999984, 20.9744901 ], [ 105.8780792, 20.9741874 ], [ 105.8782057, 20.9731408 ], [ 105.878553599999989, 20.9727388 ], [ 105.879303199999981, 20.9726368 ], [ 105.8801201, 20.9729832 ], [ 105.8804165, 20.9732414 ], [ 105.8800948, 20.9741845 ], [ 105.8805522, 20.9736968 ], [ 105.8816546, 20.9736821 ], [ 105.881957699999987, 20.972793 ], [ 105.882492499999984, 20.9726018 ], [ 105.8824337, 20.9718514 ], [ 105.8818451, 20.9716434 ], [ 105.881212099999985, 20.9712928 ], [ 105.880357099999983, 20.9717578 ], [ 105.879909, 20.9711297 ], [ 105.8798844, 20.970297 ], [ 105.880463799999987, 20.9697399 ], [ 105.8807105, 20.9691915 ], [ 105.881194199999982, 20.9686091 ], [ 105.880536899999981, 20.9686165 ], [ 105.8802332, 20.9678713 ], [ 105.879980499999988, 20.967673 ], [ 105.879929499999989, 20.9676805 ], [ 105.8799486, 20.96789 ], [ 105.8799675, 20.968097 ], [ 105.880000699999982, 20.9686699 ], [ 105.879111899999984, 20.9692395 ], [ 105.8786316, 20.9685538 ], [ 105.877932699999988, 20.9676909 ], [ 105.87849319999998, 20.9671728 ], [ 105.8784628, 20.9668722 ], [ 105.8770428, 20.9667383 ], [ 105.8770461, 20.9674059 ], [ 105.876368, 20.9677488 ], [ 105.876069199999989, 20.9677037 ], [ 105.8758564, 20.9676596 ], [ 105.8753489, 20.9659559 ], [ 105.874863099999985, 20.9669707 ], [ 105.874397499999986, 20.9675535 ], [ 105.8733504, 20.9677732 ], [ 105.8731126, 20.9678989 ], [ 105.8733145, 20.9680871 ], [ 105.873816799999986, 20.9679627 ], [ 105.874351799999985, 20.9680355 ], [ 105.874991, 20.9685493 ], [ 105.8743375, 20.9692488 ], [ 105.8741816, 20.9694201 ], [ 105.874155099999982, 20.9697945 ], [ 105.8746444, 20.9700137 ], [ 105.875411799999981, 20.9703829 ], [ 105.875338, 20.970299 ], [ 105.8754836, 20.9692947 ], [ 105.875951700000016, 20.9693217 ], [ 105.876362, 20.9694819 ], [ 105.8766391, 20.9698349 ], [ 105.8767214, 20.969896 ], [ 105.877206799999982, 20.970664 ], [ 105.8768427, 20.9715235 ], [ 105.876716299999984, 20.9716518 ], [ 105.876654, 20.9717283 ], [ 105.8766528, 20.9717395 ], [ 105.8767164, 20.9719575 ], [ 105.876589899999985, 20.9726696 ], [ 105.8759267, 20.9729383 ] ] ] } },
{ "type": "Feature", "properties": { "threshold_s": 900, "time_label": "15 minutes" }, "geometry": { "type": "Polygon", "coordinates": [ [ [ 105.873821, 20.9751059 ], [ 105.8738507, 20.9756656 ], [ 105.87444379999998, 20.9756429 ], [ 105.8744784, 20.9746871 ], [ 105.8748486, 20.9739225 ], [ 105.8759601, 20.9730477 ], [ 105.876535899999979, 20.9737962 ], [ 105.8779489, 20.9745163 ], [ 105.877977, 20.9747274 ], [ 105.878384, 20.9760885 ], [ 105.8777138, 20.9766858 ], [ 105.877132499999988, 20.9769072 ], [ 105.8772736, 20.9773309 ], [ 105.8773962, 20.977563 ], [ 105.8781982, 20.9779509 ], [ 105.8785713, 20.9773871 ], [ 105.8798198, 20.9773375 ], [ 105.8798131, 20.9773225 ], [ 105.8797782, 20.9760388 ], [ 105.879252, 20.9750156 ], [ 105.88057929999998, 20.9741989 ], [ 105.8807293, 20.9741453 ], [ 105.8819286, 20.9744222 ], [ 105.8817461, 20.9755368 ], [ 105.8825923, 20.9762443 ], [ 105.8835471, 20.9768587 ], [ 105.88386, 20.9764245 ], [ 105.8851422, 20.9757407 ], [ 105.8853264, 20.9752544 ], [ 105.8853032, 20.9743655 ], [ 105.8844012, 20.9739025 ], [ 105.8839291, 20.9724449 ], [ 105.8849016, 20.9723691 ], [ 105.88484339999998, 20.9721677 ], [ 105.884659500000012, 20.9716757 ], [ 105.8842802, 20.9707791 ], [ 105.8841286, 20.9696791 ], [ 105.884052299999979, 20.9690056 ], [ 105.8832192, 20.9684123 ], [ 105.8821567, 20.9677012 ], [ 105.88185679999998, 20.9673392 ], [ 105.8816754, 20.9671231 ], [ 105.8805566, 20.9664116 ], [ 105.879720899999981, 20.9656991 ], [ 105.879347899999985, 20.965913 ], [ 105.87784929999998, 20.9654133 ], [ 105.8765918, 20.964906 ], [ 105.875804699999989, 20.9649755 ], [ 105.87482439999998, 20.9647909 ], [ 105.8740841, 20.9646644 ], [ 105.8725489, 20.9647483 ], [ 105.8728205, 20.9650829 ], [ 105.871897099999984, 20.9662446 ], [ 105.871692, 20.9663974 ], [ 105.871422, 20.9666554 ], [ 105.870776299999989, 20.9671512 ], [ 105.870665499999987, 20.9675125 ], [ 105.8713241, 20.9680932 ], [ 105.871095899999986, 20.9692558 ], [ 105.8709847, 20.9700517 ], [ 105.8712098, 20.9704655 ], [ 105.87152, 20.9708304 ], [ 105.8722424, 20.9717084 ], [ 105.8716, 20.9728055 ], [ 105.8730675, 20.9733678 ], [ 105.8729875, 20.9743045 ], [ 105.873821, 20.9751059 ] ] ] } },
{ "type": "Feature", "properties": { "threshold_s": 300, "time_label": "5 minutes" }, "geometry": { "type": "Polygon", "coordinates": [ [ [ 105.828349, 20.9725683 ], [ 105.828513699999988, 20.9732146 ], [ 105.828909, 20.9726495 ], [ 105.8296078, 20.9724991 ], [ 105.8298254, 20.9726025 ], [ 105.829858500000014, 20.972118 ], [ 105.830563, 20.9718053 ], [ 105.8305394, 20.9714627 ], [ 105.831028300000014, 20.9710903 ], [ 105.831086499999984, 20.9707753 ], [ 105.831691299999989, 20.970388 ], [ 105.8312362, 20.9702354 ], [ 105.830720299999982, 20.9707853 ], [ 105.830586899999986, 20.9709099 ], [ 105.8298722, 20.9707611 ], [ 105.8295212, 20.9706488 ], [ 105.829346299999983, 20.9700449 ], [ 105.8298194, 20.9698678 ], [ 105.8301585, 20.9699796 ], [ 105.8302709, 20.9696916 ], [ 105.8301719, 20.9694608 ], [ 105.829807699999989, 20.9689664 ], [ 105.8305086, 20.9685754 ], [ 105.829761, 20.9687628 ], [ 105.8290178, 20.9686699 ], [ 105.8286471, 20.9686444 ], [ 105.8281973, 20.9686889 ], [ 105.828050499999989, 20.9687253 ], [ 105.8280054, 20.9687915 ], [ 105.8279663, 20.9688487 ], [ 105.8279655, 20.9689706 ], [ 105.8280014, 20.9690307 ], [ 105.8280256, 20.9690711 ], [ 105.8280519, 20.9695774 ], [ 105.8275981, 20.9698124 ], [ 105.8276184, 20.9698519 ], [ 105.8278255, 20.9702549 ], [ 105.827416, 20.9706849 ], [ 105.8268636, 20.9702409 ], [ 105.8268421, 20.9701983 ], [ 105.8267368, 20.9708065 ], [ 105.826968799999989, 20.9711732 ], [ 105.8272817, 20.9713068 ], [ 105.8276941, 20.9712653 ], [ 105.8280892, 20.9719164 ], [ 105.8278629, 20.9723483 ], [ 105.828349, 20.9725683 ] ] ] } },
{ "type": "Feature", "properties": { "threshold_s": 600, "time_label": "10 minutes" }, "geometry": { "type": "Polygon", "coordinates": [ [ [ 105.824479, 20.9717209 ], [ 105.8253458, 20.9729796 ], [ 105.8262839, 20.9735385 ], [ 105.8274243, 20.9747012 ], [ 105.828605599999989, 20.9752638 ], [ 105.829069899999979, 20.9751272 ], [ 105.8286961, 20.9738327 ], [ 105.8298254, 20.9726025 ], [ 105.831132499999981, 20.9739593 ], [ 105.831192499999986, 20.9740111 ], [ 105.832843399999987, 20.9732576 ], [ 105.8334155, 20.9721785 ], [ 105.8344775, 20.9716735 ], [ 105.8346379, 20.9714941 ], [ 105.8348061, 20.9712798 ], [ 105.8332231, 20.970314 ], [ 105.832131099999984, 20.9698574 ], [ 105.8326329, 20.9673162 ], [ 105.8327086, 20.9672708 ], [ 105.833300400000013, 20.9669968 ], [ 105.83328, 20.9669548 ], [ 105.8322623, 20.966886 ], [ 105.8305086, 20.9685754 ], [ 105.8296869, 20.9681624 ], [ 105.8294013, 20.9681543 ], [ 105.8276079, 20.9682935 ], [ 105.8272842, 20.96708 ], [ 105.8272322, 20.9669382 ], [ 105.826082099999979, 20.9663804 ], [ 105.825986, 20.9664076 ], [ 105.8257099, 20.9677009 ], [ 105.824758399999979, 20.9691831 ], [ 105.8240693, 20.9707252 ], [ 105.824479, 20.9717209 ] ] ] } },
{ "type": "Feature", "properties": { "threshold_s": 900, "time_label": "15 minutes" }, "geometry": { "type": "Polygon", "coordinates": [ [ [ 105.82107689999998, 20.9714882 ], [ 105.821568, 20.9727254 ], [ 105.822901, 20.973557 ], [ 105.823969199999979, 20.9742433 ], [ 105.8247536, 20.974696 ], [ 105.8254545, 20.9761357 ], [ 105.8255342, 20.9761447 ], [ 105.8276825, 20.976798 ], [ 105.8277373, 20.9771299 ], [ 105.8281119, 20.9778557 ], [ 105.8285311, 20.978112 ], [ 105.8304503, 20.9775993 ], [ 105.8307103, 20.9771383 ], [ 105.832877899999986, 20.9766078 ], [ 105.8338549, 20.9754796 ], [ 105.835540399999985, 20.9741104 ], [ 105.835920699999988, 20.9738255 ], [ 105.8370278, 20.9727131 ], [ 105.838272, 20.9717201 ], [ 105.837641399999981, 20.9716825 ], [ 105.836153899999985, 20.9707809 ], [ 105.835719, 20.9707582 ], [ 105.834524699999989, 20.9712822 ], [ 105.8332231, 20.970314 ], [ 105.832131099999984, 20.9698574 ], [ 105.8326329, 20.9673162 ], [ 105.8335361, 20.9675523 ], [ 105.833983299999986, 20.9677065 ], [ 105.8348775, 20.9685 ], [ 105.835681, 20.9673862 ], [ 105.8363742, 20.9668494 ], [ 105.83663869999998, 20.9663652 ], [ 105.836582099999987, 20.9662681 ], [ 105.8365301, 20.9662732 ], [ 105.8362918, 20.9662965 ], [ 105.835321, 20.9661082 ], [ 105.834471, 20.9648644 ], [ 105.8329704, 20.9639847 ], [ 105.832649599999982, 20.9640994 ], [ 105.8315919, 20.964929 ], [ 105.831228699999983, 20.9659211 ], [ 105.8322623, 20.966886 ], [ 105.8305086, 20.9685754 ], [ 105.8296869, 20.9681624 ], [ 105.8294013, 20.9681543 ], [ 105.8276079, 20.9682935 ], [ 105.8272842, 20.96708 ], [ 105.8272322, 20.9669382 ], [ 105.8272015, 20.9650463 ], [ 105.8268801, 20.9642598 ], [ 105.826464, 20.9638553 ], [ 105.8258513, 20.9635836 ], [ 105.825106, 20.9636313 ], [ 105.824610300000018, 20.9641243 ], [ 105.8237677, 20.9654094 ], [ 105.823342199999985, 20.9662131 ], [ 105.8223709, 20.9676091 ], [ 105.822288699999987, 20.9683577 ], [ 105.8221451, 20.9693193 ], [ 105.82128419999998, 20.9707089 ], [ 105.82107689999998, 20.9714882 ] ] ] } },
{ "type": "Feature", "properties": { "threshold_s": 300, "time_label": "5 minutes" }, "geometry": { "type": "Polygon", "coordinates": [ [ [ 105.791486799999987, 21.0486872 ], [ 105.79099979999998, 21.0492872 ], [ 105.7913633, 21.049304 ], [ 105.792053899999985, 21.0497499 ], [ 105.79249489999998, 21.0494925 ], [ 105.7928653, 21.0494906 ], [ 105.7929354, 21.0487414 ], [ 105.7930293, 21.048549 ], [ 105.7938086, 21.0483227 ], [ 105.7940628, 21.0486962 ], [ 105.7942546, 21.0488192 ], [ 105.7946479, 21.0483388 ], [ 105.794647, 21.0482645 ], [ 105.7946428, 21.0479355 ], [ 105.794634599999981, 21.0471667 ], [ 105.794123399999989, 21.0466153 ], [ 105.7937803, 21.046274 ], [ 105.7933656, 21.046272 ], [ 105.79293, 21.0462697 ], [ 105.7924377, 21.046263 ], [ 105.7918009, 21.0462565 ], [ 105.791226699999982, 21.0462548 ], [ 105.7911873, 21.0467116 ], [ 105.791809, 21.0463433 ], [ 105.7922489, 21.0468832 ], [ 105.7919405, 21.0473064 ], [ 105.7918793, 21.0476906 ], [ 105.791663400000019, 21.0479633 ], [ 105.791486799999987, 21.0486872 ] ] ] } },
{ "type": "Feature", "properties": { "threshold_s": 600, "time_label": "10 minutes" }, "geometry": { "type": "Polygon", "coordinates": [ [ [ 105.789637499999984, 21.0509612 ], [ 105.789405, 21.051624 ], [ 105.7901434, 21.0513702 ], [ 105.7906847, 21.050323 ], [ 105.791383599999989, 21.0500353 ], [ 105.7922807, 21.0510565 ], [ 105.7926168, 21.0510495 ], [ 105.7933026, 21.0510532 ], [ 105.7934609, 21.0510527 ], [ 105.7941226, 21.0510506 ], [ 105.7944212, 21.0510497 ], [ 105.7948604, 21.0510486 ], [ 105.7955761, 21.050289 ], [ 105.7963297, 21.0500386 ], [ 105.797030399999983, 21.04936 ], [ 105.7970357, 21.048995 ], [ 105.7970499, 21.0483241 ], [ 105.7961268, 21.0475843 ], [ 105.7971267, 21.0463888 ], [ 105.797094499999986, 21.0462947 ], [ 105.7962645, 21.0453249 ], [ 105.7954822, 21.0447679 ], [ 105.7945959, 21.0442084 ], [ 105.7938671, 21.0443104 ], [ 105.793553099999983, 21.0446702 ], [ 105.7926632, 21.0456289 ], [ 105.791687100000019, 21.0447337 ], [ 105.7907472, 21.0439514 ], [ 105.7902384, 21.0448443 ], [ 105.7901166, 21.0458687 ], [ 105.788745, 21.045933 ], [ 105.787589, 21.0462542 ], [ 105.787563, 21.0463295 ], [ 105.7881115, 21.047072 ], [ 105.7883842, 21.0481895 ], [ 105.7881517, 21.0495869 ], [ 105.7885906, 21.0499875 ], [ 105.789637499999984, 21.0509612 ] ] ] } },
{ "type": "Feature", "properties": { "threshold_s": 900, "time_label": "15 minutes" }, "geometry": { "type": "Polygon", "coordinates": [ [ [ 105.787291499999981, 21.0533325 ], [ 105.7872152, 21.0541847 ], [ 105.788132799999985, 21.0540572 ], [ 105.788466, 21.0539685 ], [ 105.788918599999988, 21.0537928 ], [ 105.7894041, 21.0527281 ], [ 105.789962799999984, 21.0522344 ], [ 105.790180699999979, 21.0520693 ], [ 105.7901963, 21.0520562 ], [ 105.79035709999998, 21.0519237 ], [ 105.7929293, 21.0521151 ], [ 105.7932863, 21.0527563 ], [ 105.7948694, 21.0542637 ], [ 105.795030399999987, 21.0542744 ], [ 105.796043899999987, 21.0530782 ], [ 105.7975165, 21.0521713 ], [ 105.797769200000019, 21.0519324 ], [ 105.7978787, 21.0518069 ], [ 105.7975169, 21.0513099 ], [ 105.79803, 21.0488808 ], [ 105.798837399999982, 21.0482062 ], [ 105.800380899999979, 21.0465477 ], [ 105.800392599999981, 21.0463129 ], [ 105.800397799999985, 21.0461251 ], [ 105.7993566, 21.0451056 ], [ 105.797866, 21.0439164 ], [ 105.7966368, 21.0428386 ], [ 105.795668, 21.0422426 ], [ 105.7936197, 21.041626 ], [ 105.793246700000012, 21.0415716 ], [ 105.7917859, 21.0416366 ], [ 105.790641, 21.0406379 ], [ 105.790624399999984, 21.0406373 ], [ 105.79056319999998, 21.0406353 ], [ 105.79008469999998, 21.0408826 ], [ 105.7895855, 21.0412689 ], [ 105.787901799999986, 21.0428753 ], [ 105.786320599999982, 21.0442884 ], [ 105.785576799999987, 21.0450127 ], [ 105.7843422, 21.0460498 ], [ 105.784280399999986, 21.0461124 ], [ 105.7841423, 21.0463316 ], [ 105.7853056, 21.047304 ], [ 105.786916, 21.0480906 ], [ 105.786969, 21.0494834 ], [ 105.7869512, 21.0495712 ], [ 105.7868482, 21.0503655 ], [ 105.7878784, 21.0522035 ], [ 105.7874903, 21.0529936 ], [ 105.787291499999981, 21.0533325 ] ] ] } },
{ "type": "Feature", "properties": { "threshold_s": 300, "time_label": "5 minutes" }, "geometry": { "type": "Polygon", "coordinates": [ [ [ 105.781893399999987, 21.0015077 ], [ 105.781623199999984, 21.0019535 ], [ 105.7826031, 21.0017576 ], [ 105.7827563, 21.0017265 ], [ 105.783574699999988, 21.0012125 ], [ 105.7844124, 21.0011991 ], [ 105.7850549, 21.001182 ], [ 105.786069, 21.0013971 ], [ 105.7862478, 21.0010497 ], [ 105.7863034, 21.0000051 ], [ 105.786249, 20.999933 ], [ 105.7862199, 20.9998945 ], [ 105.785054500000015, 20.999583 ], [ 105.7846775, 20.999408 ], [ 105.7837446, 20.9999667 ], [ 105.7831352, 21.0005469 ], [ 105.7830615, 21.0005965 ], [ 105.782720399999988, 21.0008213 ], [ 105.781522699999982, 21.0000332 ], [ 105.782015, 21.0010019 ], [ 105.781893399999987, 21.0015077 ] ] ] } },
{ "type": "Feature", "properties": { "threshold_s": 600, "time_label": "10 minutes" }, "geometry": { "type": "Polygon", "coordinates": [ [ [ 105.7790592, 21.0011122 ], [ 105.77834230000002, 21.0026348 ], [ 105.778926399999989, 21.0025149 ], [ 105.7807097, 21.0021464 ], [ 105.7811403, 21.0020565 ], [ 105.781623199999984, 21.0019535 ], [ 105.7826031, 21.0017576 ], [ 105.7827563, 21.0017265 ], [ 105.7844124, 21.0011991 ], [ 105.786069, 21.0013971 ], [ 105.7861688, 21.0014063 ], [ 105.7863112, 21.0013554 ], [ 105.7870303, 21.0007995 ], [ 105.789128599999984, 21.0005217 ], [ 105.78918, 21.0004466 ], [ 105.7891277, 20.9999587 ], [ 105.7887725, 20.9991328 ], [ 105.7875051, 20.9973598 ], [ 105.7852662, 20.9970019 ], [ 105.783851199999987, 20.9968015 ], [ 105.7840503, 20.9971354 ], [ 105.7842813, 20.9975254 ], [ 105.784296, 20.9990765 ], [ 105.7837446, 20.9999667 ], [ 105.781522699999982, 21.0000332 ], [ 105.7812354, 20.9989053 ], [ 105.781109299999983, 20.9981866 ], [ 105.7797997, 20.9972764 ], [ 105.77983709999998, 20.9973475 ], [ 105.7801792, 20.9979611 ], [ 105.7802089, 20.9980136 ], [ 105.7806203, 20.9986717 ], [ 105.779414, 21.0004972 ], [ 105.7790592, 21.0011122 ] ] ] } },
{ "type": "Feature", "properties": { "threshold_s": 900, "time_label": "15 minutes" }, "geometry": { "type": "Polygon", "coordinates": [ [ [ 105.775219199999981, 21.0029869 ], [ 105.775291, 21.0032768 ], [ 105.7767536, 21.0029645 ], [ 105.777559299999979, 21.0027954 ], [ 105.77834230000002, 21.0026348 ], [ 105.778926399999989, 21.0025149 ], [ 105.7807097, 21.0021464 ], [ 105.7811403, 21.0020565 ], [ 105.781623199999984, 21.0019535 ], [ 105.7826031, 21.0017576 ], [ 105.7827563, 21.0017265 ], [ 105.786069, 21.0013971 ], [ 105.789635, 21.0034386 ], [ 105.7919889, 21.0038613 ], [ 105.7919959, 21.0038192 ], [ 105.7914395, 21.000208 ], [ 105.791323299999988, 21.0000267 ], [ 105.7904884, 20.9991324 ], [ 105.7896911, 20.9955924 ], [ 105.7891969, 20.9951673 ], [ 105.785004, 20.9947814 ], [ 105.7841166, 20.9951133 ], [ 105.77996, 20.9951478 ], [ 105.779253199999985, 20.994969 ], [ 105.778632, 20.9952913 ], [ 105.777917299999984, 20.9957277 ], [ 105.777722699999984, 20.9965043 ], [ 105.778405, 20.99833 ], [ 105.7768419, 21.0023434 ], [ 105.775219199999981, 21.0029869 ] ] ] } },
{ "type": "Feature", "properties": { "threshold_s": 300, "time_label": "5 minutes" }, "geometry": { "type": "Polygon", "coordinates": [ [ [ 105.9103192, 21.065752 ], [ 105.9102093, 21.0661585 ], [ 105.9108501, 21.0658807 ], [ 105.911022099999983, 21.0659239 ], [ 105.9110826, 21.0659391 ], [ 105.910880599999984, 21.0655426 ], [ 105.9108073, 21.0651751 ], [ 105.911031, 21.0642856 ], [ 105.9117682, 21.0645794 ], [ 105.9119416, 21.0646228 ], [ 105.912045, 21.0646486 ], [ 105.9120579, 21.063529 ], [ 105.9116831, 21.0629489 ], [ 105.9118873, 21.062083 ], [ 105.9120092, 21.061634 ], [ 105.9115737, 21.0620067 ], [ 105.9108364, 21.0616122 ], [ 105.9103163, 21.0618381 ], [ 105.909899200000012, 21.0620216 ], [ 105.911064, 21.062053 ], [ 105.9113671, 21.0627216 ], [ 105.9109985, 21.0632864 ], [ 105.91086989999998, 21.0637278 ], [ 105.909393300000019, 21.0631592 ], [ 105.908813, 21.0638593 ], [ 105.9087252, 21.0641874 ], [ 105.9088428, 21.0643312 ], [ 105.9093185, 21.0644454 ], [ 105.9094512, 21.0640007 ], [ 105.9107257, 21.0642158 ], [ 105.9106991, 21.0643152 ], [ 105.9105056, 21.0651119 ], [ 105.91041, 21.0654263 ], [ 105.9103192, 21.065752 ] ] ] } },
{ "type": "Feature", "properties": { "threshold_s": 600, "time_label": "10 minutes" }, "geometry": { "type": "Polygon", "coordinates": [ [ [ 105.9079128, 21.0677859 ], [ 105.908689200000012, 21.0690677 ], [ 105.9097521, 21.0690686 ], [ 105.9107255, 21.06836 ], [ 105.9108435, 21.0679321 ], [ 105.9111431, 21.0668458 ], [ 105.911719299999987, 21.0658205 ], [ 105.9126642, 21.065033 ], [ 105.9138468, 21.0653336 ], [ 105.9146964, 21.0655496 ], [ 105.9150707, 21.0656448 ], [ 105.914706, 21.0648924 ], [ 105.914553, 21.0646986 ], [ 105.9141507, 21.0642547 ], [ 105.9132326, 21.0628762 ], [ 105.9125468, 21.0617566 ], [ 105.9128717, 21.0605787 ], [ 105.91331719999998, 21.059311 ], [ 105.9132595, 21.0591782 ], [ 105.911776799999984, 21.0596266 ], [ 105.910039699999984, 21.059004 ], [ 105.9093615, 21.058636 ], [ 105.9087068, 21.0584416 ], [ 105.9079329, 21.0599092 ], [ 105.907736299999982, 21.0604888 ], [ 105.9074909, 21.0613398 ], [ 105.9075584, 21.0614792 ], [ 105.9076069, 21.0615791 ], [ 105.907669799999979, 21.061709 ], [ 105.9081426, 21.0624852 ], [ 105.908112, 21.0636902 ], [ 105.908052399999988, 21.0638801 ], [ 105.9077211, 21.0652141 ], [ 105.9068903, 21.0659131 ], [ 105.906541, 21.0662071 ], [ 105.907223299999984, 21.067285 ], [ 105.9079128, 21.0677859 ] ] ] } },
{ "type": "Feature", "properties": { "threshold_s": 900, "time_label": "15 minutes" }, "geometry": { "type": "Polygon", "coordinates": [ [ [ 105.9041063, 21.066779 ], [ 105.904153599999987, 21.0682158 ], [ 105.905488299999988, 21.0681377 ], [ 105.906149299999981, 21.069999 ], [ 105.908340699999982, 21.0711071 ], [ 105.909515199999987, 21.0714534 ], [ 105.9113051, 21.0706636 ], [ 105.910879599999987, 21.0698756 ], [ 105.9107255, 21.06836 ], [ 105.9108435, 21.0679321 ], [ 105.9111431, 21.0668458 ], [ 105.911719299999987, 21.0658205 ], [ 105.9138468, 21.0653336 ], [ 105.9146964, 21.0655496 ], [ 105.915164, 21.0657142 ], [ 105.914246299999988, 21.0682425 ], [ 105.915928899999983, 21.0663935 ], [ 105.9175926, 21.0663317 ], [ 105.9179433, 21.0663751 ], [ 105.917188199999984, 21.0645918 ], [ 105.916993199999979, 21.0639275 ], [ 105.916602399999988, 21.0620932 ], [ 105.9155908, 21.0600785 ], [ 105.9161421, 21.0585835 ], [ 105.9158633, 21.0581014 ], [ 105.914334, 21.0564097 ], [ 105.9133649, 21.0574121 ], [ 105.9109259, 21.0569706 ], [ 105.9102502, 21.056462 ], [ 105.909148, 21.0582273 ], [ 105.907650299999986, 21.0579043 ], [ 105.907222599999983, 21.0574835 ], [ 105.907150299999984, 21.0574516 ], [ 105.9069704, 21.0573723 ], [ 105.90604639999998, 21.0570387 ], [ 105.9057724, 21.0568984 ], [ 105.9057343, 21.0569641 ], [ 105.905875, 21.0586156 ], [ 105.905402699999982, 21.0599798 ], [ 105.9056404, 21.0608068 ], [ 105.9058549, 21.0608254 ], [ 105.907669799999979, 21.061709 ], [ 105.9081426, 21.0624852 ], [ 105.9081646, 21.0635275 ], [ 105.908112, 21.0636902 ], [ 105.908052399999988, 21.0638801 ], [ 105.9077211, 21.0652141 ], [ 105.9068903, 21.0659131 ], [ 105.905067799999983, 21.0654708 ], [ 105.9047261, 21.0645506 ], [ 105.9046873, 21.0643643 ], [ 105.9039401, 21.0633311 ], [ 105.9034848, 21.0629926 ], [ 105.903309899999982, 21.0628112 ], [ 105.9031795, 21.0626761 ], [ 105.9031122, 21.0627332 ], [ 105.9032411, 21.0628697 ], [ 105.902506499999987, 21.0650884 ], [ 105.9041063, 21.066779 ] ] ] } },
{ "type": "Feature", "properties": { "threshold_s": 300, "time_label": "5 minutes" }, "geometry": { "type": "Polygon", "coordinates": [ [ [ 105.9130774, 21.061568 ], [ 105.9129991, 21.0618497 ], [ 105.913484, 21.0619715 ], [ 105.9132961, 21.0612941 ], [ 105.913823399999984, 21.0607787 ], [ 105.9147966, 21.0612263 ], [ 105.915290399999989, 21.0616331 ], [ 105.915365899999983, 21.0616077 ], [ 105.9154414, 21.0615822 ], [ 105.9155119, 21.0613183 ], [ 105.9153562, 21.0609472 ], [ 105.915907, 21.0599677 ], [ 105.9161077, 21.059734 ], [ 105.9163657, 21.0587823 ], [ 105.9158633, 21.0581014 ], [ 105.915455099999988, 21.0577501 ], [ 105.914949599999986, 21.0577995 ], [ 105.914522299999987, 21.0578986 ], [ 105.9142263, 21.0578306 ], [ 105.91460189999998, 21.0564785 ], [ 105.9144988, 21.056452 ], [ 105.914334, 21.0564097 ], [ 105.913759299999981, 21.0573603 ], [ 105.9135766, 21.0580225 ], [ 105.912661799999981, 21.0579534 ], [ 105.9123441, 21.0585298 ], [ 105.911435399999988, 21.0589182 ], [ 105.9116113, 21.0598783 ], [ 105.911634400000011, 21.0599294 ], [ 105.9118133, 21.0603182 ], [ 105.911914599999989, 21.0603431 ], [ 105.9124268, 21.0604693 ], [ 105.9131642, 21.0612554 ], [ 105.9130774, 21.061568 ] ] ] } },
{ "type": "Feature", "properties": { "threshold_s": 600, "time_label": "10 minutes" }, "geometry": { "type": "Polygon", "coordinates": [ [ [ 105.9078932, 21.0614575 ], [ 105.9079162, 21.0615086 ], [ 105.9086795, 21.0616262 ], [ 105.909899200000012, 21.0620216 ], [ 105.911064, 21.062053 ], [ 105.9109985, 21.0632864 ], [ 105.9117682, 21.0645794 ], [ 105.912150899999986, 21.0649025 ], [ 105.9126642, 21.065033 ], [ 105.9140507, 21.0646097 ], [ 105.9154452, 21.0645826 ], [ 105.9159922, 21.064441 ], [ 105.916850599999989, 21.0641044 ], [ 105.9171993, 21.0639153 ], [ 105.9178358, 21.062478 ], [ 105.918136099999984, 21.0615539 ], [ 105.918524399999981, 21.0608437 ], [ 105.918633199999988, 21.0601938 ], [ 105.9191734, 21.0593405 ], [ 105.9191425, 21.0587265 ], [ 105.9182653, 21.0576592 ], [ 105.918249599999982, 21.0573705 ], [ 105.9184465, 21.0566907 ], [ 105.9177826, 21.0562901 ], [ 105.91652, 21.0558966 ], [ 105.9153275, 21.0550876 ], [ 105.9160431, 21.0538301 ], [ 105.9159891, 21.053724 ], [ 105.9152354, 21.0550486 ], [ 105.9145065, 21.055771 ], [ 105.9142915, 21.0558983 ], [ 105.912758199999985, 21.0559101 ], [ 105.9131436, 21.0546659 ], [ 105.912661, 21.0551389 ], [ 105.9126123, 21.0551909 ], [ 105.9119368, 21.056166 ], [ 105.91073609999998, 21.0555807 ], [ 105.9102502, 21.056462 ], [ 105.910375, 21.0577204 ], [ 105.909148, 21.0582273 ], [ 105.9087193, 21.0595753 ], [ 105.9095509, 21.0603847 ], [ 105.9084703, 21.0612124 ], [ 105.9078932, 21.0614575 ] ] ] } },
{ "type": "Feature", "properties": { "threshold_s": 900, "time_label": "15 minutes" }, "geometry": { "type": "Polygon", "coordinates": [ [ [ 105.9088428, 21.0643312 ], [ 105.9100962, 21.0665887 ], [ 105.910512, 21.0666935 ], [ 105.9111431, 21.0668458 ], [ 105.911719299999987, 21.0658205 ], [ 105.9138468, 21.0653336 ], [ 105.9146964, 21.0655496 ], [ 105.915928899999983, 21.0663935 ], [ 105.918446799999984, 21.0652942 ], [ 105.9190238, 21.064671 ], [ 105.9198025, 21.0624029 ], [ 105.9211762, 21.0610355 ], [ 105.920909699999982, 21.060492 ], [ 105.9215147, 21.0580608 ], [ 105.9223383, 21.0581199 ], [ 105.92015, 21.0566434 ], [ 105.920722, 21.0546624 ], [ 105.920613499999988, 21.0536983 ], [ 105.9203147, 21.0528808 ], [ 105.9196562, 21.0539758 ], [ 105.9170593, 21.0542967 ], [ 105.9167827, 21.0523292 ], [ 105.9175238, 21.0512283 ], [ 105.917627699999983, 21.050844 ], [ 105.9174, 21.0508889 ], [ 105.917172599999986, 21.0510503 ], [ 105.9166893, 21.0519357 ], [ 105.9141134, 21.0523452 ], [ 105.913937299999986, 21.0531122 ], [ 105.912081, 21.0542273 ], [ 105.909907099999984, 21.0537557 ], [ 105.9096729, 21.0537145 ], [ 105.9084856, 21.0537721 ], [ 105.9073345, 21.0552701 ], [ 105.9069704, 21.0573723 ], [ 105.90651889999998, 21.0589532 ], [ 105.9062062, 21.0598174 ], [ 105.9062079, 21.0600903 ], [ 105.9063063, 21.0603536 ], [ 105.907669799999979, 21.061709 ], [ 105.908052399999988, 21.0638801 ], [ 105.9088428, 21.0643312 ] ] ] } },
{ "type": "Feature", "properties": { "threshold_s": 300, "time_label": "5 minutes" }, "geometry": { "type": "Polygon", "coordinates": [ [ [ 105.9048175, 21.0675289 ], [ 105.904723899999979, 21.0676076 ], [ 105.9047962, 21.0676751 ], [ 105.9053935, 21.068032 ], [ 105.905077899999981, 21.0674381 ], [ 105.906139199999984, 21.0671212 ], [ 105.907223299999984, 21.067285 ], [ 105.907047899999981, 21.0679077 ], [ 105.907792700000016, 21.0678866 ], [ 105.908210499999981, 21.0681019 ], [ 105.908379599999989, 21.0676128 ], [ 105.9087101, 21.0670939 ], [ 105.908572099999986, 21.0661189 ], [ 105.908904899999982, 21.0658312 ], [ 105.9090878, 21.0652185 ], [ 105.9088428, 21.0643312 ], [ 105.908813, 21.0638593 ], [ 105.9082662, 21.0635507 ], [ 105.9081646, 21.0635275 ], [ 105.908112, 21.0636902 ], [ 105.908052399999988, 21.0638801 ], [ 105.9082735, 21.0642755 ], [ 105.9078824, 21.0649907 ], [ 105.9077211, 21.0652141 ], [ 105.9080321, 21.0655573 ], [ 105.9077471, 21.0662715 ], [ 105.907203199999984, 21.0662392 ], [ 105.9068903, 21.0659131 ], [ 105.906284, 21.0660704 ], [ 105.9047261, 21.0645506 ], [ 105.9046026, 21.0646567 ], [ 105.904676199999983, 21.0645935 ], [ 105.9060542, 21.0661906 ], [ 105.90598079999998, 21.0663291 ], [ 105.905671399999989, 21.0669387 ], [ 105.905006499999985, 21.0673697 ], [ 105.9049314, 21.0674329 ], [ 105.9048175, 21.0675289 ] ] ] } },
{ "type": "Feature", "properties": { "threshold_s": 600, "time_label": "10 minutes" }, "geometry": { "type": "Polygon", "coordinates": [ [ [ 105.9019181, 21.069745 ], [ 105.901979499999982, 21.0699699 ], [ 105.902094399999982, 21.0700689 ], [ 105.9030265, 21.0701217 ], [ 105.9044946, 21.0702359 ], [ 105.905695, 21.0704024 ], [ 105.9069101, 21.0704189 ], [ 105.90744669999998, 21.070362 ], [ 105.908177, 21.0700315 ], [ 105.910139, 21.0705068 ], [ 105.9103843, 21.0706251 ], [ 105.910483699999986, 21.0692366 ], [ 105.9107255, 21.06836 ], [ 105.9108435, 21.0679321 ], [ 105.9111431, 21.0668458 ], [ 105.911719299999987, 21.0658205 ], [ 105.9111926, 21.0638009 ], [ 105.9109985, 21.0632864 ], [ 105.9103163, 21.0618381 ], [ 105.9095456, 21.0612647 ], [ 105.9084703, 21.0612124 ], [ 105.9072749, 21.0606847 ], [ 105.9074909, 21.0613398 ], [ 105.9075584, 21.0614792 ], [ 105.9076069, 21.0615791 ], [ 105.907669799999979, 21.061709 ], [ 105.9078797, 21.061949 ], [ 105.9081426, 21.0624852 ], [ 105.9081646, 21.0635275 ], [ 105.908112, 21.0636902 ], [ 105.908052399999988, 21.0638801 ], [ 105.9077211, 21.0652141 ], [ 105.9068903, 21.0659131 ], [ 105.905067799999983, 21.0654708 ], [ 105.9047261, 21.0645506 ], [ 105.9046873, 21.0643643 ], [ 105.90517389999998, 21.0628044 ], [ 105.902954099999988, 21.0624425 ], [ 105.902905899999979, 21.0623925 ], [ 105.9024876, 21.0625147 ], [ 105.9023256, 21.0626501 ], [ 105.903678900000017, 21.0635398 ], [ 105.902506499999987, 21.0650884 ], [ 105.9021089, 21.0668645 ], [ 105.9022149, 21.0684893 ], [ 105.9019181, 21.069745 ] ] ] } },
{ "type": "Feature", "properties": { "threshold_s": 900, "time_label": "15 minutes" }, "geometry": { "type": "Polygon", "coordinates": [ [ [ 105.899508699999984, 21.0701917 ], [ 105.8994449, 21.0721428 ], [ 105.90069, 21.0722872 ], [ 105.9016411, 21.0713219 ], [ 105.903676, 21.0712986 ], [ 105.904127599999981, 21.0717628 ], [ 105.904772799999989, 21.0724217 ], [ 105.904957499999981, 21.0726095 ], [ 105.906904, 21.0730307 ], [ 105.9072999, 21.0730405 ], [ 105.9087149, 21.0724084 ], [ 105.909515199999987, 21.0714534 ], [ 105.9113051, 21.0706636 ], [ 105.9133299, 21.0707674 ], [ 105.910879599999987, 21.0698756 ], [ 105.9107255, 21.06836 ], [ 105.9108435, 21.0679321 ], [ 105.9111431, 21.0668458 ], [ 105.911719299999987, 21.0658205 ], [ 105.9138468, 21.0653336 ], [ 105.913942399999982, 21.0652518 ], [ 105.9140447, 21.0650259 ], [ 105.914055499999989, 21.0649899 ], [ 105.9134375, 21.0640346 ], [ 105.91285569999998, 21.0631814 ], [ 105.9125468, 21.0617566 ], [ 105.9128717, 21.0605787 ], [ 105.911776799999984, 21.0596266 ], [ 105.910039699999984, 21.059004 ], [ 105.9096409, 21.0591712 ], [ 105.9078638, 21.0585496 ], [ 105.907650299999986, 21.0579043 ], [ 105.9062503, 21.058527 ], [ 105.9053165, 21.0583618 ], [ 105.9049895, 21.0587489 ], [ 105.9031342, 21.0593784 ], [ 105.903099899999987, 21.059438 ], [ 105.901965499999989, 21.0611992 ], [ 105.901775, 21.0613401 ], [ 105.8999861, 21.0623929 ], [ 105.899158699999987, 21.0630433 ], [ 105.8995329, 21.0632784 ], [ 105.9000321, 21.0629043 ], [ 105.9016961, 21.0642319 ], [ 105.9012577, 21.065472 ], [ 105.8999394, 21.0658866 ], [ 105.8998114, 21.0659294 ], [ 105.898647399999987, 21.0659766 ], [ 105.8985672, 21.0660363 ], [ 105.8989087, 21.0663883 ], [ 105.8997757, 21.0672821 ], [ 105.9000957, 21.0680087 ], [ 105.8995887, 21.0697398 ], [ 105.899508699999984, 21.0701917 ] ] ] } },
{ "type": "Feature", "properties": { "threshold_s": 300, "time_label": "5 minutes" }, "geometry": { "type": "Polygon", "coordinates": [ [ [ 105.9107257, 21.0642158 ], [ 105.9106991, 21.0643152 ], [ 105.9114141, 21.0648091 ], [ 105.911687599999979, 21.0648718 ], [ 105.912150899999986, 21.0649025 ], [ 105.912045, 21.0646486 ], [ 105.9119416, 21.0646228 ], [ 105.9117682, 21.0645794 ], [ 105.9111926, 21.0638009 ], [ 105.9120579, 21.063529 ], [ 105.9116831, 21.0629489 ], [ 105.9118873, 21.062083 ], [ 105.9125468, 21.0617566 ], [ 105.9122202, 21.0611868 ], [ 105.9124268, 21.0604693 ], [ 105.911375299999989, 21.060501 ], [ 105.9106701, 21.060278 ], [ 105.909722, 21.0605603 ], [ 105.9096418, 21.0607148 ], [ 105.9095456, 21.0612647 ], [ 105.9096566, 21.0614938 ], [ 105.909053, 21.0623838 ], [ 105.9094575, 21.0622124 ], [ 105.909899200000012, 21.0620216 ], [ 105.9103163, 21.0618381 ], [ 105.911064, 21.062053 ], [ 105.9113671, 21.0627216 ], [ 105.9109985, 21.0632864 ], [ 105.91086989999998, 21.0637278 ], [ 105.9107257, 21.0642158 ] ] ] } },
{ "type": "Feature", "properties": { "threshold_s": 600, "time_label": "10 minutes" }, "geometry": { "type": "Polygon", "coordinates": [ [ [ 105.908572099999986, 21.0661189 ], [ 105.909349, 21.0672664 ], [ 105.9097911, 21.0676846 ], [ 105.9108435, 21.0679321 ], [ 105.9111431, 21.0668458 ], [ 105.911719299999987, 21.0658205 ], [ 105.9126642, 21.065033 ], [ 105.9138468, 21.0653336 ], [ 105.9146964, 21.0655496 ], [ 105.915164, 21.0657142 ], [ 105.9153316, 21.0653468 ], [ 105.915059, 21.0649048 ], [ 105.914412699999986, 21.0637686 ], [ 105.9141068, 21.0629243 ], [ 105.913102400000014, 21.0618755 ], [ 105.9128717, 21.0605787 ], [ 105.9138076, 21.0593375 ], [ 105.9145415, 21.0597043 ], [ 105.914617, 21.0596788 ], [ 105.9146107, 21.0594561 ], [ 105.914417499999985, 21.0589356 ], [ 105.914251899999982, 21.0587075 ], [ 105.9135766, 21.0580225 ], [ 105.913084499999982, 21.0590712 ], [ 105.911435399999988, 21.0589182 ], [ 105.9108307, 21.0586725 ], [ 105.9101274, 21.0583253 ], [ 105.909148, 21.0582273 ], [ 105.9078638, 21.0585496 ], [ 105.9076699, 21.0588976 ], [ 105.9075347, 21.0600867 ], [ 105.9072749, 21.0606847 ], [ 105.9074909, 21.0613398 ], [ 105.9075584, 21.0614792 ], [ 105.9076069, 21.0615791 ], [ 105.907669799999979, 21.061709 ], [ 105.9081426, 21.0624852 ], [ 105.908112, 21.0636902 ], [ 105.908052399999988, 21.0638801 ], [ 105.9078824, 21.0649907 ], [ 105.908572099999986, 21.0661189 ] ] ] } },
{ "type": "Feature", "properties": { "threshold_s": 900, "time_label": "15 minutes" }, "geometry": { "type": "Polygon", "coordinates": [ [ [ 105.9045541, 21.0646984 ], [ 105.905671399999989, 21.0669387 ], [ 105.9075705, 21.0687768 ], [ 105.9078571, 21.069068 ], [ 105.9083144, 21.0694059 ], [ 105.909018099999983, 21.0697094 ], [ 105.9113051, 21.0706636 ], [ 105.910879599999987, 21.0698756 ], [ 105.9107255, 21.06836 ], [ 105.9108435, 21.0679321 ], [ 105.9111431, 21.0668458 ], [ 105.911719299999987, 21.0658205 ], [ 105.9138468, 21.0653336 ], [ 105.9146964, 21.0655496 ], [ 105.915164, 21.0657142 ], [ 105.914246299999988, 21.0682425 ], [ 105.915928899999983, 21.0663935 ], [ 105.917150399999983, 21.0667359 ], [ 105.9179433, 21.0663751 ], [ 105.9173813, 21.0640872 ], [ 105.9170928, 21.0622382 ], [ 105.9170197, 21.0620115 ], [ 105.917001499999984, 21.0619549 ], [ 105.9165949, 21.0609354 ], [ 105.917310799999981, 21.059198 ], [ 105.917545499999989, 21.0576687 ], [ 105.917218, 21.0568571 ], [ 105.9152354, 21.0550486 ], [ 105.912758199999985, 21.0559101 ], [ 105.910538799999983, 21.0559359 ], [ 105.9088619, 21.0557767 ], [ 105.9069704, 21.0573723 ], [ 105.9060313, 21.0564412 ], [ 105.9050576, 21.0566456 ], [ 105.904896699999981, 21.0591143 ], [ 105.904877299999981, 21.0599311 ], [ 105.9049858, 21.0601071 ], [ 105.905390899999986, 21.0610015 ], [ 105.905534399999979, 21.0611284 ], [ 105.9057, 21.061092 ], [ 105.907669799999979, 21.061709 ], [ 105.9081426, 21.0624852 ], [ 105.9081646, 21.0635275 ], [ 105.908112, 21.0636902 ], [ 105.908052399999988, 21.0638801 ], [ 105.9077211, 21.0652141 ], [ 105.9068903, 21.0659131 ], [ 105.9047261, 21.0645506 ], [ 105.9046873, 21.0643643 ], [ 105.9043735, 21.0641781 ], [ 105.9043236, 21.064221 ], [ 105.90425, 21.0642842 ], [ 105.904201599999979, 21.0643258 ], [ 105.903705, 21.0647043 ], [ 105.9045541, 21.0646984 ] ] ] } },
{ "type": "Feature", "properties": { "threshold_s": 300, "time_label": "5 minutes" }, "geometry": { "type": "Polygon", "coordinates": [ [ [ 105.8268169, 21.0645728 ], [ 105.826946699999979, 21.0659615 ], [ 105.8272912, 21.0655832 ], [ 105.8275401, 21.0652121 ], [ 105.8276535, 21.0650398 ], [ 105.828135, 21.0643323 ], [ 105.828480399999989, 21.0639034 ], [ 105.8291705, 21.0630847 ], [ 105.829448, 21.0628147 ], [ 105.8293449, 21.0627201 ], [ 105.8283188, 21.0625789 ], [ 105.8282454, 21.0621419 ], [ 105.827850899999987, 21.0619662 ], [ 105.82790439999998, 21.0630046 ], [ 105.8275977, 21.0636492 ], [ 105.8261638, 21.0642192 ], [ 105.826243099999985, 21.0642614 ], [ 105.82654789999998, 21.0644058 ], [ 105.8268169, 21.0645728 ] ] ] } },
{ "type": "Feature", "properties": { "threshold_s": 600, "time_label": "10 minutes" }, "geometry": { "type": "Polygon", "coordinates": [ [ [ 105.824552299999979, 21.0662368 ], [ 105.824789, 21.0683305 ], [ 105.8258986, 21.068984 ], [ 105.826085599999985, 21.0689175 ], [ 105.826785699999988, 21.0682705 ], [ 105.8265473, 21.0663962 ], [ 105.826946699999979, 21.0659615 ], [ 105.8272912, 21.0655832 ], [ 105.8275401, 21.0652121 ], [ 105.8276535, 21.0650398 ], [ 105.828135, 21.0643323 ], [ 105.828480399999989, 21.0639034 ], [ 105.8291705, 21.0630847 ], [ 105.829448, 21.0628147 ], [ 105.8316041, 21.0616701 ], [ 105.8318111, 21.0619289 ], [ 105.8319297, 21.0630546 ], [ 105.832065900000018, 21.062683 ], [ 105.8334459, 21.0612387 ], [ 105.8321611, 21.0597938 ], [ 105.830596199999988, 21.0601776 ], [ 105.831471, 21.061454 ], [ 105.8293449, 21.0627201 ], [ 105.828242099999983, 21.0617176 ], [ 105.8277678, 21.0609907 ], [ 105.826859, 21.0599392 ], [ 105.8256537, 21.0605863 ], [ 105.82558920000001, 21.0606941 ], [ 105.824286499999985, 21.0622978 ], [ 105.8240645, 21.0641052 ], [ 105.8239108, 21.065052 ], [ 105.824069899999984, 21.066142 ], [ 105.824552299999979, 21.0662368 ] ] ] } },
{ "type": "Feature", "properties": { "threshold_s": 900, "time_label": "15 minutes" }, "geometry": { "type": "Polygon", "coordinates": [ [ [ 105.8220701, 21.0685556 ], [ 105.8227523, 21.0702529 ], [ 105.8237685, 21.0711742 ], [ 105.8242625, 21.0711458 ], [ 105.8257415, 21.072472 ], [ 105.826212199999986, 21.0713282 ], [ 105.827849, 21.0708775 ], [ 105.8284852, 21.0704546 ], [ 105.829335, 21.06977 ], [ 105.829436, 21.0685812 ], [ 105.829274, 21.0675122 ], [ 105.829008799999983, 21.0661224 ], [ 105.830513599999989, 21.0649113 ], [ 105.831751499999982, 21.0649811 ], [ 105.8324141, 21.0647372 ], [ 105.8340777, 21.0642611 ], [ 105.835291, 21.0625084 ], [ 105.835427199999984, 21.0624092 ], [ 105.8356762, 21.0622499 ], [ 105.8357986, 21.0621185 ], [ 105.835761099999985, 21.0609487 ], [ 105.8358182, 21.0589288 ], [ 105.834641199999979, 21.0574738 ], [ 105.834449899999981, 21.0573804 ], [ 105.832954499999985, 21.057045 ], [ 105.8322933, 21.0572923 ], [ 105.8318563, 21.0584695 ], [ 105.8303039, 21.0584115 ], [ 105.8300618, 21.0582162 ], [ 105.8298325, 21.0580202 ], [ 105.8293666, 21.0582543 ], [ 105.8292974, 21.0584966 ], [ 105.8292296, 21.0589511 ], [ 105.8294989, 21.0592152 ], [ 105.8297806, 21.0594987 ], [ 105.8300179, 21.0597313 ], [ 105.830596199999988, 21.0601776 ], [ 105.831471, 21.061454 ], [ 105.8312041, 21.0627839 ], [ 105.829448, 21.0628147 ], [ 105.8293449, 21.0627201 ], [ 105.828242099999983, 21.0617176 ], [ 105.8277678, 21.0609907 ], [ 105.826859, 21.0599392 ], [ 105.8257031, 21.0588372 ], [ 105.8251668, 21.0593394 ], [ 105.823646299999979, 21.0603334 ], [ 105.8225602, 21.0603777 ], [ 105.8212833, 21.0615543 ], [ 105.820595199999985, 21.0617025 ], [ 105.8203283, 21.061765 ], [ 105.8203108, 21.0618275 ], [ 105.8208962, 21.0629079 ], [ 105.8225334, 21.0633438 ], [ 105.821765299999981, 21.0651393 ], [ 105.8225868, 21.0668313 ], [ 105.8223804, 21.0679662 ], [ 105.8220701, 21.0685556 ] ] ] } },
{ "type": "Feature", "properties": { "threshold_s": 300, "time_label": "5 minutes" }, "geometry": { "type": "Polygon", "coordinates": [ [ [ 105.814663399999986, 21.004129 ], [ 105.814447699999988, 21.0040255 ], [ 105.8148902, 21.0043286 ], [ 105.815806099999989, 21.003424 ], [ 105.816236, 21.0039814 ], [ 105.816605399999986, 21.0034471 ], [ 105.8167167, 21.0032161 ], [ 105.8168066, 21.0028961 ], [ 105.8178138, 21.0016539 ], [ 105.817849399999986, 21.0015574 ], [ 105.817312499999986, 21.0012525 ], [ 105.8165621, 21.0007756 ], [ 105.816533899999982, 21.0008113 ], [ 105.8164931, 21.0008709 ], [ 105.8165809, 21.0014603 ], [ 105.81620239999998, 21.0026156 ], [ 105.815379799999988, 21.0030637 ], [ 105.814663399999986, 21.004129 ] ] ] } },
{ "type": "Feature", "properties": { "threshold_s": 600, "time_label": "10 minutes" }, "geometry": { "type": "Polygon", "coordinates": [ [ [ 105.8134668, 21.003047 ], [ 105.8134913, 21.0034565 ], [ 105.814447699999988, 21.0040255 ], [ 105.8148902, 21.0043286 ], [ 105.8159511, 21.0047816 ], [ 105.8166059, 21.0045804 ], [ 105.81728529999998, 21.0042787 ], [ 105.8184915, 21.0037492 ], [ 105.818664, 21.0036046 ], [ 105.820056, 21.0035008 ], [ 105.8200972, 21.003308 ], [ 105.820223299999981, 21.0026975 ], [ 105.8202434, 21.0025792 ], [ 105.8201779, 21.0025714 ], [ 105.818918899999986, 21.0023434 ], [ 105.8182888, 21.0018862 ], [ 105.817849399999986, 21.0015574 ], [ 105.817312499999986, 21.0012525 ], [ 105.8167589, 21.0000502 ], [ 105.8165757, 20.9993174 ], [ 105.8151, 20.9992697 ], [ 105.814760599999985, 20.9987217 ], [ 105.814307500000012, 20.9987879 ], [ 105.8137549, 20.9988849 ], [ 105.8137215, 20.9989281 ], [ 105.813717, 20.9994097 ], [ 105.8140582, 21.0004005 ], [ 105.814378, 21.0017673 ], [ 105.814109499999986, 21.0022369 ], [ 105.813850499999987, 21.0025057 ], [ 105.8134668, 21.003047 ] ] ] } },
{ "type": "Feature", "properties": { "threshold_s": 900, "time_label": "15 minutes" }, "geometry": { "type": "Polygon", "coordinates": [ [ [ 105.8138123, 21.005289 ], [ 105.8148118, 21.0068031 ], [ 105.816460299999989, 21.0068682 ], [ 105.8171741, 21.0062827 ], [ 105.8189414, 21.0059976 ], [ 105.819599399999987, 21.0058843 ], [ 105.821768799999987, 21.0053881 ], [ 105.822294299999982, 21.0055061 ], [ 105.8223639, 21.005414 ], [ 105.8229364, 21.0042484 ], [ 105.8236097, 21.0023528 ], [ 105.8235437, 21.0020999 ], [ 105.822477, 21.0012576 ], [ 105.820115299999983, 21.00126 ], [ 105.8198458, 21.0010648 ], [ 105.819275099999984, 21.0002964 ], [ 105.8187629, 20.9993775 ], [ 105.8166922, 20.9981946 ], [ 105.8158046, 20.9969715 ], [ 105.8151696, 20.9971017 ], [ 105.813916599999985, 20.9977793 ], [ 105.812481799999986, 20.9975249 ], [ 105.8119852, 20.9971815 ], [ 105.8109895, 20.9970321 ], [ 105.8113615, 20.9982898 ], [ 105.8115577, 20.9986403 ], [ 105.8125533, 21.0004843 ], [ 105.8124617, 21.0009411 ], [ 105.8126762, 21.0018626 ], [ 105.8134731, 21.0038299 ], [ 105.8136646, 21.0050148 ], [ 105.8138123, 21.005289 ] ] ] } },
{ "type": "Feature", "properties": { "threshold_s": 300, "time_label": "5 minutes" }, "geometry": { "type": "Polygon", "coordinates": [ [ [ 105.8492253, 21.0404711 ], [ 105.8493827, 21.0413243 ], [ 105.8494799, 21.0413931 ], [ 105.85043779999998, 21.0412147 ], [ 105.8503919, 21.0409902 ], [ 105.8503796, 21.0402714 ], [ 105.8512049, 21.039884 ], [ 105.8515241, 21.0390352 ], [ 105.852338599999982, 21.0385754 ], [ 105.852247, 21.038528 ], [ 105.852869699999985, 21.0375029 ], [ 105.85325779999998, 21.0370348 ], [ 105.8536025, 21.0366394 ], [ 105.853412599999984, 21.0367576 ], [ 105.853296899999989, 21.0369383 ], [ 105.852105, 21.0373143 ], [ 105.851603, 21.0377872 ], [ 105.8506814, 21.037623 ], [ 105.850764, 21.0370967 ], [ 105.8507168, 21.037089 ], [ 105.849978399999983, 21.0369695 ], [ 105.8491471, 21.0375518 ], [ 105.8491289, 21.0375801 ], [ 105.8487503, 21.0382264 ], [ 105.849096399999979, 21.0384987 ], [ 105.849268399999985, 21.0385781 ], [ 105.8496027, 21.0387324 ], [ 105.849651, 21.0397493 ], [ 105.849608599999982, 21.0398489 ], [ 105.8494708, 21.0400656 ], [ 105.8492253, 21.0404711 ] ] ] } },
{ "type": "Feature", "properties": { "threshold_s": 600, "time_label": "10 minutes" }, "geometry": { "type": "Polygon", "coordinates": [ [ [ 105.847130399999983, 21.0432147 ], [ 105.8471109, 21.04376 ], [ 105.847460799999979, 21.0437773 ], [ 105.847585, 21.0437306 ], [ 105.84810779999998, 21.0434126 ], [ 105.8487795, 21.0432045 ], [ 105.8497539, 21.043425 ], [ 105.8508541, 21.0433623 ], [ 105.8510774, 21.0433535 ], [ 105.851731500000014, 21.0431793 ], [ 105.852086, 21.0426758 ], [ 105.851756699999981, 21.0418897 ], [ 105.851780399999981, 21.0416726 ], [ 105.8529997, 21.0409647 ], [ 105.8532054, 21.0410502 ], [ 105.853595, 21.0405245 ], [ 105.85372, 21.0403223 ], [ 105.8545469, 21.0392273 ], [ 105.8546021, 21.0386962 ], [ 105.85462219999998, 21.0379837 ], [ 105.85468539999998, 21.0372334 ], [ 105.854192699999984, 21.0364972 ], [ 105.855188, 21.0355451 ], [ 105.8549241, 21.0353016 ], [ 105.8546223, 21.0348472 ], [ 105.854767599999988, 21.0338265 ], [ 105.854413799999989, 21.0338031 ], [ 105.8533936, 21.0338224 ], [ 105.8521144, 21.0344541 ], [ 105.8506755, 21.0340786 ], [ 105.850374599999981, 21.0346123 ], [ 105.849394799999985, 21.0353124 ], [ 105.8482524, 21.0353972 ], [ 105.8470836, 21.0362915 ], [ 105.8470901, 21.0365581 ], [ 105.847111399999989, 21.0375183 ], [ 105.8469021, 21.0388204 ], [ 105.8459856, 21.0399317 ], [ 105.8463795, 21.040874 ], [ 105.846705199999988, 21.0414963 ], [ 105.8472071, 21.0419565 ], [ 105.847130399999983, 21.0432147 ] ] ] } },
{ "type": "Feature", "properties": { "threshold_s": 900, "time_label": "15 minutes" }, "geometry": { "type": "Polygon", "coordinates": [ [ [ 105.843903899999987, 21.0440499 ], [ 105.844755300000017, 21.0457592 ], [ 105.8463667, 21.0460032 ], [ 105.8489992, 21.0460786 ], [ 105.849607, 21.0460202 ], [ 105.8501974, 21.0459232 ], [ 105.851297299999985, 21.0450209 ], [ 105.8541987, 21.0433397 ], [ 105.8577775, 21.0429649 ], [ 105.857785299999989, 21.0429473 ], [ 105.8540102, 21.0426823 ], [ 105.8538095, 21.0401689 ], [ 105.8538517, 21.0400883 ], [ 105.8539648, 21.0399026 ], [ 105.8545469, 21.0392273 ], [ 105.8552544, 21.038343 ], [ 105.8559408, 21.0375631 ], [ 105.8566133, 21.0362827 ], [ 105.8567554, 21.0360628 ], [ 105.8566458, 21.0351786 ], [ 105.856505, 21.0347543 ], [ 105.8568546, 21.0314209 ], [ 105.8560568, 21.0309503 ], [ 105.853888899999987, 21.0312749 ], [ 105.851011899999989, 21.0314044 ], [ 105.84769249999998, 21.0324873 ], [ 105.846901399999979, 21.0326301 ], [ 105.8459339, 21.0336255 ], [ 105.845039699999987, 21.035347 ], [ 105.8447313, 21.0372753 ], [ 105.8430828, 21.0397581 ], [ 105.8426454, 21.0405307 ], [ 105.8435843, 21.0431236 ], [ 105.843850300000014, 21.0439077 ], [ 105.843903899999987, 21.0440499 ] ] ] } },
{ "type": "Feature", "properties": { "threshold_s": 300, "time_label": "5 minutes" }, "geometry": { "type": "Polygon", "coordinates": [ [ [ 105.807992, 20.9846086 ], [ 105.8079246, 20.9846968 ], [ 105.808412499999989, 20.9850122 ], [ 105.810134, 20.9845398 ], [ 105.8107021, 20.9845162 ], [ 105.811936, 20.9842271 ], [ 105.8123875, 20.9835958 ], [ 105.8123591, 20.9834391 ], [ 105.81189, 20.982412 ], [ 105.8116215, 20.9817914 ], [ 105.8110503, 20.9814119 ], [ 105.810973, 20.9813606 ], [ 105.810563599999981, 20.9819115 ], [ 105.8103566, 20.9821883 ], [ 105.8102017, 20.9824011 ], [ 105.8101, 20.9825409 ], [ 105.809597499999981, 20.9832275 ], [ 105.8096209, 20.9833372 ], [ 105.8096574, 20.9835674 ], [ 105.8097339, 20.9841781 ], [ 105.8085384, 20.9848486 ], [ 105.807992, 20.9846086 ] ] ] } },
{ "type": "Feature", "properties": { "threshold_s": 600, "time_label": "10 minutes" }, "geometry": { "type": "Polygon", "coordinates": [ [ [ 105.8057412, 20.9869856 ], [ 105.8062377, 20.9878538 ], [ 105.8066062, 20.9881005 ], [ 105.807093599999988, 20.9881887 ], [ 105.808452399999979, 20.9872638 ], [ 105.8097473, 20.9862429 ], [ 105.811318299999982, 20.9859863 ], [ 105.8120414, 20.9851279 ], [ 105.813703, 20.9846559 ], [ 105.8145403, 20.984357 ], [ 105.814791, 20.983994 ], [ 105.8151023, 20.9832777 ], [ 105.814910700000013, 20.9828318 ], [ 105.8140063, 20.9815467 ], [ 105.8135923, 20.9804675 ], [ 105.813636499999987, 20.9787486 ], [ 105.8134357, 20.9781875 ], [ 105.8133597, 20.9781386 ], [ 105.812858599999984, 20.9780315 ], [ 105.812704299999979, 20.9780179 ], [ 105.8122127, 20.9780515 ], [ 105.8121295, 20.9780809 ], [ 105.8117183, 20.9787536 ], [ 105.8115163, 20.9795392 ], [ 105.811295299999983, 20.9801051 ], [ 105.81121539999998, 20.9803737 ], [ 105.810973, 20.9813606 ], [ 105.8093747, 20.98207 ], [ 105.808725, 20.9821023 ], [ 105.8063753, 20.9829396 ], [ 105.8060426, 20.9827858 ], [ 105.8058518, 20.9826975 ], [ 105.805717199999989, 20.9828897 ], [ 105.8068552, 20.984299 ], [ 105.8068639, 20.9853626 ], [ 105.8057412, 20.9869856 ] ] ] } },
{ "type": "Feature", "properties": { "threshold_s": 900, "time_label": "15 minutes" }, "geometry": { "type": "Polygon", "coordinates": [ [ [ 105.803913799999989, 20.9909225 ], [ 105.803991399999987, 20.9910023 ], [ 105.804097299999981, 20.990845 ], [ 105.804239199999984, 20.9906536 ], [ 105.8044844, 20.9895284 ], [ 105.806163799999979, 20.9892868 ], [ 105.8066393, 20.989658 ], [ 105.8068986, 20.989955 ], [ 105.807305, 20.9902812 ], [ 105.8084854, 20.99022 ], [ 105.810052399999989, 20.9895706 ], [ 105.8107257, 20.9880751 ], [ 105.811531, 20.9876631 ], [ 105.8123018, 20.987548 ], [ 105.8124182, 20.9875459 ], [ 105.8125205, 20.987544 ], [ 105.812998799999988, 20.9875353 ], [ 105.813045700000018, 20.9875344 ], [ 105.814211699999987, 20.9867261 ], [ 105.815384100000017, 20.9851735 ], [ 105.8167841, 20.9849376 ], [ 105.8172329, 20.9846506 ], [ 105.8171092, 20.9836577 ], [ 105.8173855, 20.9822623 ], [ 105.8172361, 20.9811999 ], [ 105.816323299999979, 20.9793478 ], [ 105.815988, 20.9784466 ], [ 105.8156336, 20.9772153 ], [ 105.8154557, 20.9770156 ], [ 105.8146796, 20.9765134 ], [ 105.8145568, 20.9765149 ], [ 105.812809099999981, 20.9761507 ], [ 105.8121598, 20.9756745 ], [ 105.8107981, 20.9754139 ], [ 105.8098682, 20.9752812 ], [ 105.810026, 20.975644 ], [ 105.810374399999986, 20.9761923 ], [ 105.8107379, 20.9768419 ], [ 105.810923599999981, 20.9770568 ], [ 105.8114833, 20.9777015 ], [ 105.8117183, 20.9787536 ], [ 105.8115163, 20.9795392 ], [ 105.8098653, 20.9807096 ], [ 105.8085403, 20.9802157 ], [ 105.8065493, 20.9800313 ], [ 105.8051558, 20.9799548 ], [ 105.804543699999982, 20.9800557 ], [ 105.803964599999986, 20.9811845 ], [ 105.8031785, 20.9822636 ], [ 105.8029084, 20.9827757 ], [ 105.803121599999983, 20.9829218 ], [ 105.8038563, 20.9839934 ], [ 105.802957, 20.9851459 ], [ 105.8029659, 20.9863956 ], [ 105.8032583, 20.9875414 ], [ 105.8034374, 20.9881136 ], [ 105.8036534, 20.9885623 ], [ 105.803814, 20.9904216 ], [ 105.803913799999989, 20.9909225 ] ] ] } },
{ "type": "Feature", "properties": { "threshold_s": 300, "time_label": "5 minutes" }, "geometry": { "type": "Polygon", "coordinates": [ [ [ 105.495524499999988, 21.0996393 ], [ 105.4959055, 21.0998756 ], [ 105.4968542, 21.097821 ], [ 105.495524499999988, 21.0996393 ] ] ] } },
{ "type": "Feature", "properties": { "threshold_s": 600, "time_label": "10 minutes" }, "geometry": { "type": "Polygon", "coordinates": [ [ [ 105.493054299999983, 21.0977206 ], [ 105.4939082, 21.0986368 ], [ 105.494061299999984, 21.0984021 ], [ 105.4942362, 21.0982491 ], [ 105.495524499999988, 21.0996393 ], [ 105.4959055, 21.0998756 ], [ 105.497576099999989, 21.100665 ], [ 105.4977003, 21.1006765 ], [ 105.4987425, 21.1006412 ], [ 105.4977376, 21.1004624 ], [ 105.4976134, 21.1004516 ], [ 105.496233299999986, 21.099345 ], [ 105.4968542, 21.097821 ], [ 105.494770499999987, 21.0979572 ], [ 105.494007, 21.0978398 ], [ 105.493054299999983, 21.0977206 ] ] ] } },
{ "type": "Feature", "properties": { "threshold_s": 900, "time_label": "15 minutes" }, "geometry": { "type": "Polygon", "coordinates": [ [ [ 105.496181, 21.1037657 ], [ 105.4960238, 21.1043809 ], [ 105.4965536, 21.1048063 ], [ 105.498298599999984, 21.1027182 ], [ 105.5000655, 21.1028111 ], [ 105.500937, 21.1001654 ], [ 105.5017076, 21.0996716 ], [ 105.5013362, 21.0991223 ], [ 105.50027129999998, 21.0986568 ], [ 105.4980621, 21.0981497 ], [ 105.4968542, 21.097821 ], [ 105.494770499999987, 21.0979572 ], [ 105.494007, 21.0978398 ], [ 105.492476399999987, 21.0958668 ], [ 105.489055899999983, 21.0974263 ], [ 105.4892441, 21.0974121 ], [ 105.490667099999982, 21.0972582 ], [ 105.493054299999983, 21.0977206 ], [ 105.4939082, 21.0986368 ], [ 105.495524499999988, 21.0996393 ], [ 105.4959055, 21.0998756 ], [ 105.4972446, 21.102471 ], [ 105.496181, 21.1037657 ] ] ] } },
{ "type": "Feature", "properties": { "threshold_s": 300, "time_label": "5 minutes" }, "geometry": { "type": "Polygon", "coordinates": [ [ [ 105.8325086, 20.9233872 ], [ 105.8317207, 20.924473 ], [ 105.832787, 20.9239867 ], [ 105.8338979, 20.9241675 ], [ 105.833977, 20.9251834 ], [ 105.8340454, 20.9256757 ], [ 105.8353154, 20.9260742 ], [ 105.835721799999988, 20.9253951 ], [ 105.835708399999987, 20.9250418 ], [ 105.8365629, 20.9240463 ], [ 105.836974799999979, 20.923596 ], [ 105.8369449, 20.9235086 ], [ 105.8367141, 20.9231805 ], [ 105.8357884, 20.9227864 ], [ 105.8351907, 20.9226191 ], [ 105.834313599999987, 20.9227119 ], [ 105.834076499999981, 20.9214113 ], [ 105.83386, 20.9207683 ], [ 105.8337352, 20.9203302 ], [ 105.8332984, 20.9215832 ], [ 105.833471399999979, 20.9219653 ], [ 105.8332956, 20.9232006 ], [ 105.8325086, 20.9233872 ] ] ] } },
{ "type": "Feature", "properties": { "threshold_s": 600, "time_label": "10 minutes" }, "geometry": { "type": "Polygon", "coordinates": [ [ [ 105.832493, 20.9263568 ], [ 105.8338791, 20.9281684 ], [ 105.8350468, 20.9279428 ], [ 105.8358652, 20.9277826 ], [ 105.8368505, 20.9272046 ], [ 105.838832399999987, 20.9260137 ], [ 105.83949149999998, 20.9256295 ], [ 105.8387614, 20.9245282 ], [ 105.8382001, 20.9237265 ], [ 105.8367141, 20.9231805 ], [ 105.8357884, 20.9227864 ], [ 105.834076499999981, 20.9214113 ], [ 105.83386, 20.9207683 ], [ 105.8337352, 20.9203302 ], [ 105.8336433, 20.9200072 ], [ 105.8335316, 20.919615 ], [ 105.833415, 20.9192055 ], [ 105.833209899999986, 20.9184851 ], [ 105.8329412, 20.9175412 ], [ 105.832911899999985, 20.9174365 ], [ 105.8328883, 20.9173716 ], [ 105.832210799999984, 20.9188135 ], [ 105.8315165, 20.9199111 ], [ 105.8308643, 20.920893 ], [ 105.831073499999988, 20.92184 ], [ 105.831131, 20.9237181 ], [ 105.8303214, 20.924248 ], [ 105.8310258, 20.9249176 ], [ 105.832493, 20.9263568 ] ] ] } },
{ "type": "Feature", "properties": { "threshold_s": 900, "time_label": "15 minutes" }, "geometry": { "type": "Polygon", "coordinates": [ [ [ 105.8335254, 20.9291906 ], [ 105.8350861, 20.9318474 ], [ 105.8356507, 20.9318595 ], [ 105.8360973, 20.9308127 ], [ 105.835569399999983, 20.9294998 ], [ 105.8368505, 20.9272046 ], [ 105.8396653, 20.9267015 ], [ 105.8403296, 20.9250654 ], [ 105.8382001, 20.9237265 ], [ 105.8367141, 20.9231805 ], [ 105.8357884, 20.9227864 ], [ 105.8337352, 20.9203302 ], [ 105.8336433, 20.9200072 ], [ 105.8335316, 20.919615 ], [ 105.8337437, 20.9166137 ], [ 105.8323887, 20.9155581 ], [ 105.831416, 20.9157798 ], [ 105.830960800000014, 20.9159047 ], [ 105.831972099999987, 20.9174305 ], [ 105.8315165, 20.9199111 ], [ 105.830561, 20.9205585 ], [ 105.8293864, 20.9210057 ], [ 105.8290753, 20.9210684 ], [ 105.82878359999998, 20.9212144 ], [ 105.828907, 20.9212168 ], [ 105.831073499999988, 20.92184 ], [ 105.8303214, 20.924248 ], [ 105.8297244, 20.9244205 ], [ 105.8310258, 20.9249176 ], [ 105.832493, 20.9263568 ], [ 105.8335254, 20.9291906 ] ] ] } },
{ "type": "Feature", "properties": { "threshold_s": 300, "time_label": "5 minutes" }, "geometry": { "type": "Polygon", "coordinates": [ [ [ 105.8002515, 21.0089941 ], [ 105.8000408, 21.00968 ], [ 105.8000993, 21.0097334 ], [ 105.800239799999986, 21.0098616 ], [ 105.8009168, 21.0098895 ], [ 105.801759600000011, 21.0099605 ], [ 105.802273699999986, 21.009946 ], [ 105.802685699999984, 21.0095458 ], [ 105.8027811, 21.0089966 ], [ 105.8019615, 21.0088848 ], [ 105.8017314, 21.0084125 ], [ 105.802885499999988, 21.0072711 ], [ 105.803021, 21.0071892 ], [ 105.8030668, 21.0071427 ], [ 105.803185899999988, 21.0069704 ], [ 105.8031371, 21.00693 ], [ 105.8030221, 21.0068348 ], [ 105.8029579, 21.0067817 ], [ 105.802438, 21.0065904 ], [ 105.802399899999983, 21.0066372 ], [ 105.8025204, 21.0067955 ], [ 105.8026646, 21.007101 ], [ 105.802727299999987, 21.0071493 ], [ 105.8028365, 21.0072333 ], [ 105.801664599999981, 21.0079795 ], [ 105.800810199999987, 21.007828 ], [ 105.8006005, 21.0072312 ], [ 105.8004969, 21.0064293 ], [ 105.80043689999998, 21.0063839 ], [ 105.799698099999986, 21.0064099 ], [ 105.7994212, 21.0067271 ], [ 105.7998312, 21.0071428 ], [ 105.799885499999988, 21.0071839 ], [ 105.799939, 21.0072245 ], [ 105.8005748, 21.0076313 ], [ 105.8006827, 21.0078769 ], [ 105.8007251, 21.0079131 ], [ 105.800765299999981, 21.0079474 ], [ 105.8010531, 21.0085835 ], [ 105.8002515, 21.0089941 ] ] ] } },
{ "type": "Feature", "properties": { "threshold_s": 600, "time_label": "10 minutes" }, "geometry": { "type": "Polygon", "coordinates": [ [ [ 105.797651499999986, 21.0099646 ], [ 105.7975176, 21.0109836 ], [ 105.7987432, 21.0117294 ], [ 105.799044, 21.0121434 ], [ 105.800539299999983, 21.0120987 ], [ 105.800828, 21.0121815 ], [ 105.8017096, 21.0120115 ], [ 105.8018537, 21.0119079 ], [ 105.8032536, 21.0118782 ], [ 105.8035278, 21.0121119 ], [ 105.8038243, 21.0123675 ], [ 105.8048908, 21.0114872 ], [ 105.805992, 21.0105115 ], [ 105.8061662, 21.0096683 ], [ 105.8050051, 21.0092067 ], [ 105.8048623, 21.0086227 ], [ 105.8050016, 21.0080872 ], [ 105.8051898, 21.0078248 ], [ 105.805341399999989, 21.0076337 ], [ 105.8053854, 21.0075573 ], [ 105.805549, 21.0072596 ], [ 105.8049574, 21.0067645 ], [ 105.8048918, 21.0053449 ], [ 105.804970299999979, 21.0052549 ], [ 105.805309099999988, 21.0049195 ], [ 105.8054, 21.0047309 ], [ 105.805365699999982, 21.0046678 ], [ 105.8053449, 21.0046313 ], [ 105.8039729, 21.0045979 ], [ 105.802866499999979, 21.0041388 ], [ 105.8025186, 21.0038928 ], [ 105.802379099999982, 21.0039673 ], [ 105.8008855, 21.0037291 ], [ 105.8007746, 21.0037473 ], [ 105.7997626, 21.0039258 ], [ 105.7989606, 21.0041095 ], [ 105.798721499999985, 21.0043356 ], [ 105.7980949, 21.0049604 ], [ 105.797070399999981, 21.006101 ], [ 105.7965463, 21.0069246 ], [ 105.7965668, 21.0070168 ], [ 105.796676299999987, 21.0084996 ], [ 105.796624, 21.0085723 ], [ 105.796952799999985, 21.0088067 ], [ 105.797651499999986, 21.0099646 ] ] ] } },
{ "type": "Feature", "properties": { "threshold_s": 900, "time_label": "15 minutes" }, "geometry": { "type": "Polygon", "coordinates": [ [ [ 105.796125099999983, 21.0127013 ], [ 105.797121499999989, 21.0139697 ], [ 105.798465199999981, 21.0145238 ], [ 105.7997954, 21.0148365 ], [ 105.8005245, 21.0149743 ], [ 105.801291099999986, 21.0150045 ], [ 105.802400799999987, 21.0148282 ], [ 105.8033522, 21.0143436 ], [ 105.8043377, 21.0147329 ], [ 105.8043613, 21.0147568 ], [ 105.8045057, 21.0148742 ], [ 105.804989, 21.0145725 ], [ 105.805184200000014, 21.0143891 ], [ 105.805706699999988, 21.0138983 ], [ 105.8067941, 21.0129701 ], [ 105.807174099999983, 21.0126806 ], [ 105.8073456, 21.012555 ], [ 105.807630399999979, 21.0123405 ], [ 105.808061900000013, 21.0120157 ], [ 105.808362799999983, 21.0110088 ], [ 105.80867929999998, 21.0100779 ], [ 105.808572499999983, 21.0084556 ], [ 105.8085143, 21.0080851 ], [ 105.8082357, 21.0075841 ], [ 105.8076865, 21.0068515 ], [ 105.8074213, 21.0054434 ], [ 105.807953, 21.005078 ], [ 105.807990099999984, 21.0041901 ], [ 105.807951599999981, 21.0035649 ], [ 105.807789099999979, 21.0027577 ], [ 105.806791600000011, 21.0022005 ], [ 105.8058363, 21.0024306 ], [ 105.805804699999982, 21.0025808 ], [ 105.804202900000021, 21.0033275 ], [ 105.8024443, 21.0031606 ], [ 105.8021602, 21.0029327 ], [ 105.8021117, 21.0028975 ], [ 105.8010824, 21.0015921 ], [ 105.8009695, 21.0015164 ], [ 105.8008999, 21.0014698 ], [ 105.8002683, 21.0019916 ], [ 105.7990399, 21.0017912 ], [ 105.7989925, 21.0018477 ], [ 105.7986874, 21.0034581 ], [ 105.798369699999981, 21.0038559 ], [ 105.798052199999987, 21.0041783 ], [ 105.7964941, 21.0045734 ], [ 105.7959014, 21.0041552 ], [ 105.7957317, 21.0039415 ], [ 105.7952323, 21.0037605 ], [ 105.794712299999986, 21.0051821 ], [ 105.79396749999998, 21.0061628 ], [ 105.7939159, 21.0066736 ], [ 105.794042, 21.0072737 ], [ 105.7941346, 21.0085654 ], [ 105.7941633, 21.0087084 ], [ 105.7944253, 21.0092969 ], [ 105.79451659999998, 21.0093497 ], [ 105.7949994, 21.0095106 ], [ 105.7957907, 21.0101881 ], [ 105.7951514, 21.0115459 ], [ 105.7952338, 21.0116462 ], [ 105.796125099999983, 21.0127013 ] ] ] } },
{ "type": "Feature", "properties": { "threshold_s": 300, "time_label": "5 minutes" }, "geometry": { "type": "Polygon", "coordinates": [ [ [ 105.794042, 21.0072737 ], [ 105.7943909, 21.008287 ], [ 105.7944212, 21.0083094 ], [ 105.794458300000016, 21.0083368 ], [ 105.795286399999981, 21.0089475 ], [ 105.795413, 21.0083956 ], [ 105.796624, 21.0085723 ], [ 105.796952799999985, 21.0088067 ], [ 105.7971789, 21.0088713 ], [ 105.797441099999986, 21.0088313 ], [ 105.79751539999998, 21.0087468 ], [ 105.7975168, 21.0082989 ], [ 105.796593499999986, 21.0078166 ], [ 105.7967198, 21.0070475 ], [ 105.7967597, 21.0069976 ], [ 105.7971437, 21.0061727 ], [ 105.797696099999982, 21.0061719 ], [ 105.797867, 21.0056685 ], [ 105.798122599999985, 21.0050253 ], [ 105.7980949, 21.0049604 ], [ 105.7975231, 21.0052974 ], [ 105.797483899999989, 21.0053443 ], [ 105.7964612, 21.0046121 ], [ 105.796420399999988, 21.0046672 ], [ 105.797449899999989, 21.0053874 ], [ 105.797070399999981, 21.006101 ], [ 105.796606200000014, 21.0065249 ], [ 105.7958305, 21.0062977 ], [ 105.7953821, 21.005406 ], [ 105.7945717, 21.0044673 ], [ 105.7945869, 21.0048592 ], [ 105.794712299999986, 21.0051821 ], [ 105.7948104, 21.0054889 ], [ 105.79396749999998, 21.0061628 ], [ 105.794042, 21.0072737 ] ] ] } },
{ "type": "Feature", "properties": { "threshold_s": 600, "time_label": "10 minutes" }, "geometry": { "type": "Polygon", "coordinates": [ [ [ 105.7920988, 21.0100531 ], [ 105.7927595, 21.0111391 ], [ 105.79307230000002, 21.0113705 ], [ 105.793142799999984, 21.0112812 ], [ 105.7938543, 21.010431 ], [ 105.79486, 21.0105778 ], [ 105.7950729, 21.0116479 ], [ 105.7952306, 21.011941 ], [ 105.7962781, 21.0114117 ], [ 105.7974856, 21.0116348 ], [ 105.7987223, 21.0110376 ], [ 105.7998954, 21.0107741 ], [ 105.799984899999984, 21.0106771 ], [ 105.800187399999984, 21.0098137 ], [ 105.8000993, 21.0097334 ], [ 105.8000408, 21.00968 ], [ 105.798905299999987, 21.0096011 ], [ 105.7988904, 21.0085956 ], [ 105.798924, 21.0085546 ], [ 105.7989143, 21.0084674 ], [ 105.7988712, 21.0084383 ], [ 105.7988227, 21.0084055 ], [ 105.798748100000012, 21.0084142 ], [ 105.7975168, 21.0082989 ], [ 105.796593499999986, 21.0078166 ], [ 105.7967198, 21.0070475 ], [ 105.7967597, 21.0069976 ], [ 105.797696099999982, 21.0061719 ], [ 105.7989419, 21.0063702 ], [ 105.7994212, 21.0067271 ], [ 105.7998312, 21.0071428 ], [ 105.799885499999988, 21.0071839 ], [ 105.799939, 21.0072245 ], [ 105.8006827, 21.0078769 ], [ 105.8007251, 21.0079131 ], [ 105.800765299999981, 21.0079474 ], [ 105.800810199999987, 21.007828 ], [ 105.8006005, 21.0072312 ], [ 105.8004969, 21.0064293 ], [ 105.800968399999988, 21.0056407 ], [ 105.8005927, 21.0044668 ], [ 105.8007979, 21.0038393 ], [ 105.8008009, 21.0037132 ], [ 105.8002727, 21.0031255 ], [ 105.8005028, 21.0022527 ], [ 105.8005504, 21.0021968 ], [ 105.800524, 21.0021354 ], [ 105.800489899999988, 21.0020679 ], [ 105.8004137, 21.0020148 ], [ 105.800331299999982, 21.0019952 ], [ 105.8002683, 21.0019916 ], [ 105.7994667, 21.0022329 ], [ 105.7993572, 21.0023258 ], [ 105.7989509, 21.0031073 ], [ 105.7986874, 21.0034581 ], [ 105.798369699999981, 21.0038559 ], [ 105.798052199999987, 21.0041783 ], [ 105.7978536, 21.0043692 ], [ 105.7964941, 21.0045734 ], [ 105.7959014, 21.0041552 ], [ 105.7957317, 21.0039415 ], [ 105.7951184, 21.0030418 ], [ 105.795236099999983, 21.0024269 ], [ 105.795239399999986, 21.0022925 ], [ 105.794834, 21.0024965 ], [ 105.7942658, 21.0030488 ], [ 105.7930116, 21.0034969 ], [ 105.7927755, 21.0038398 ], [ 105.7923208, 21.0046063 ], [ 105.7913563, 21.0054266 ], [ 105.7909719, 21.00638 ], [ 105.7914301, 21.0066997 ], [ 105.7920525, 21.0072125 ], [ 105.7924926, 21.0071472 ], [ 105.793750799999984, 21.0077869 ], [ 105.7934508, 21.0083732 ], [ 105.792807100000019, 21.0091313 ], [ 105.7925584, 21.0092646 ], [ 105.7924746, 21.0093915 ], [ 105.792373699999985, 21.0095581 ], [ 105.792347099999986, 21.0096039 ], [ 105.7923266, 21.0096391 ], [ 105.792129399999979, 21.0099216 ], [ 105.792109899999986, 21.0099452 ], [ 105.7920988, 21.0100531 ] ] ] } },
{ "type": "Feature", "properties": { "threshold_s": 900, "time_label": "15 minutes" }, "geometry": { "type": "Polygon", "coordinates": [ [ [ 105.7901257, 21.0122338 ], [ 105.7905986, 21.0139547 ], [ 105.7907556, 21.0140706 ], [ 105.791637599999987, 21.0129789 ], [ 105.7932322, 21.0125222 ], [ 105.79410679999998, 21.0132753 ], [ 105.7942711, 21.0133997 ], [ 105.7945957, 21.0136091 ], [ 105.795312899999985, 21.0141852 ], [ 105.7954938, 21.014241 ], [ 105.7956726, 21.0142674 ], [ 105.7957957, 21.0142029 ], [ 105.7962895, 21.013429 ], [ 105.7981684, 21.0126057 ], [ 105.7988564, 21.0128871 ], [ 105.799078400000013, 21.0129491 ], [ 105.79986, 21.01308 ], [ 105.8005669, 21.0132777 ], [ 105.800847099999984, 21.0133141 ], [ 105.8024175, 21.0130422 ], [ 105.8023397, 21.0128246 ], [ 105.802491499999988, 21.0106323 ], [ 105.8028165, 21.0103041 ], [ 105.8030724, 21.0100486 ], [ 105.8031344, 21.0099913 ], [ 105.8027811, 21.0089966 ], [ 105.8034099, 21.0074466 ], [ 105.8032906, 21.0055227 ], [ 105.803250099999985, 21.0044097 ], [ 105.8029799, 21.0025524 ], [ 105.8026356, 21.0003855 ], [ 105.802328399999979, 20.9997303 ], [ 105.802254, 20.9996812 ], [ 105.8008423, 20.9999351 ], [ 105.7988488, 20.9997776 ], [ 105.7971551, 20.999436 ], [ 105.7964717, 20.9994472 ], [ 105.7951462, 21.0001543 ], [ 105.794699, 21.0009158 ], [ 105.7931344, 21.0015087 ], [ 105.79147589999998, 21.0022066 ], [ 105.7895171, 21.0028827 ], [ 105.789158299999983, 21.0034052 ], [ 105.7889109, 21.0039251 ], [ 105.7885564, 21.0059725 ], [ 105.789155, 21.0075989 ], [ 105.789026899999982, 21.0095289 ], [ 105.7901365, 21.0114875 ], [ 105.7901257, 21.0122338 ] ] ] } },
{ "type": "Feature", "properties": { "threshold_s": 300, "time_label": "5 minutes" }, "geometry": { "type": "Polygon", "coordinates": [ [ [ 105.831471, 21.061454 ], [ 105.8293449, 21.0627201 ], [ 105.829448, 21.0628147 ], [ 105.8315237, 21.0624634 ], [ 105.8318619, 21.0632471 ], [ 105.832041299999986, 21.0633831 ], [ 105.832237699999979, 21.0628438 ], [ 105.8322925, 21.0626582 ], [ 105.832426, 21.0622896 ], [ 105.833293, 21.0619659 ], [ 105.833640399999979, 21.0617969 ], [ 105.8339224, 21.0616 ], [ 105.834463400000018, 21.0612134 ], [ 105.8344002, 21.0605781 ], [ 105.8342756, 21.0604456 ], [ 105.8341082, 21.0602575 ], [ 105.8338327, 21.0599829 ], [ 105.834119799999982, 21.0590446 ], [ 105.8340036, 21.0589885 ], [ 105.833021599999981, 21.0593043 ], [ 105.832162, 21.0592029 ], [ 105.8313007, 21.0591118 ], [ 105.830787499999985, 21.0595729 ], [ 105.8301631, 21.059541 ], [ 105.8297806, 21.0594987 ], [ 105.8300179, 21.0597313 ], [ 105.830596199999988, 21.0601776 ], [ 105.830977499999989, 21.0595884 ], [ 105.8316951, 21.0591737 ], [ 105.8321611, 21.0597938 ], [ 105.8316767, 21.0605656 ], [ 105.831471, 21.061454 ] ] ] } },
{ "type": "Feature", "properties": { "threshold_s": 600, "time_label": "10 minutes" }, "geometry": { "type": "Polygon", "coordinates": [ [ [ 105.8276535, 21.0650398 ], [ 105.8275401, 21.0652121 ], [ 105.8291765, 21.0649526 ], [ 105.8298846, 21.0649976 ], [ 105.830328899999984, 21.0656451 ], [ 105.8312087, 21.0661248 ], [ 105.831257099999988, 21.0661537 ], [ 105.831823899999989, 21.0659062 ], [ 105.8320305, 21.0656219 ], [ 105.8323295, 21.0653437 ], [ 105.832497100000012, 21.0651253 ], [ 105.8330718, 21.0648018 ], [ 105.8332227, 21.0646106 ], [ 105.8334023, 21.0643831 ], [ 105.8340777, 21.0642611 ], [ 105.834348, 21.065282 ], [ 105.835482299999981, 21.0653062 ], [ 105.8352634, 21.0643514 ], [ 105.8355065, 21.0638973 ], [ 105.8350946, 21.0627553 ], [ 105.835291, 21.0625084 ], [ 105.835427199999984, 21.0624092 ], [ 105.8356762, 21.0622499 ], [ 105.8363167, 21.0618485 ], [ 105.8366086, 21.0616683 ], [ 105.8360415, 21.0605539 ], [ 105.8360944, 21.0604759 ], [ 105.836168599999979, 21.060373 ], [ 105.8362314, 21.0602975 ], [ 105.8363413, 21.06015 ], [ 105.836457199999984, 21.0600097 ], [ 105.8365092, 21.0599428 ], [ 105.8365639, 21.0598792 ], [ 105.83657239999998, 21.0598655 ], [ 105.836773899999983, 21.0595932 ], [ 105.836478099999979, 21.0593837 ], [ 105.836301099999986, 21.0582922 ], [ 105.836092, 21.0572236 ], [ 105.8361452, 21.0568491 ], [ 105.8359029, 21.0567171 ], [ 105.8351621, 21.0564472 ], [ 105.8339102, 21.0561637 ], [ 105.8337692, 21.0561987 ], [ 105.8330831, 21.0565613 ], [ 105.832645699999986, 21.0568351 ], [ 105.8324005, 21.057082 ], [ 105.8322933, 21.0572923 ], [ 105.8324125, 21.0582621 ], [ 105.8318563, 21.0584695 ], [ 105.8305746, 21.0586198 ], [ 105.8303039, 21.0584115 ], [ 105.8300618, 21.0582162 ], [ 105.8298325, 21.0580202 ], [ 105.8293666, 21.0582543 ], [ 105.8292974, 21.0584966 ], [ 105.8292296, 21.0589511 ], [ 105.8294989, 21.0592152 ], [ 105.8297806, 21.0594987 ], [ 105.8300179, 21.0597313 ], [ 105.830596199999988, 21.0601776 ], [ 105.8316767, 21.0605656 ], [ 105.831471, 21.061454 ], [ 105.8315237, 21.0624634 ], [ 105.8312041, 21.0627839 ], [ 105.8310825, 21.0629858 ], [ 105.8311121, 21.0634785 ], [ 105.8303771, 21.0641007 ], [ 105.8299684, 21.0647761 ], [ 105.829119500000019, 21.0645152 ], [ 105.828480399999989, 21.0639034 ], [ 105.8291705, 21.0630847 ], [ 105.829448, 21.0628147 ], [ 105.8293449, 21.0627201 ], [ 105.8282454, 21.0621419 ], [ 105.828242099999983, 21.0617176 ], [ 105.8277678, 21.0609907 ], [ 105.8273107, 21.0612575 ], [ 105.8270197, 21.0623501 ], [ 105.827106499999985, 21.0624126 ], [ 105.82721, 21.0624872 ], [ 105.8275977, 21.0636492 ], [ 105.828019699999984, 21.0642571 ], [ 105.8276535, 21.0650398 ] ] ] } },
{ "type": "Feature", "properties": { "threshold_s": 900, "time_label": "15 minutes" }, "geometry": { "type": "Polygon", "coordinates": [ [ [ 105.82503220000001, 21.0656621 ], [ 105.8260746, 21.0681488 ], [ 105.8262061, 21.0681791 ], [ 105.8299714, 21.0683549 ], [ 105.8303151, 21.0685221 ], [ 105.8335121, 21.0680596 ], [ 105.8339468, 21.0679729 ], [ 105.834601399999983, 21.067838 ], [ 105.836605799999987, 21.0672635 ], [ 105.837913199999988, 21.0640415 ], [ 105.8388922, 21.0610711 ], [ 105.838937799999982, 21.0581224 ], [ 105.838927, 21.0574554 ], [ 105.8389066, 21.0571115 ], [ 105.83787959999998, 21.0546256 ], [ 105.8376677, 21.054145 ], [ 105.8368648, 21.0533183 ], [ 105.8359196, 21.053844 ], [ 105.8357027, 21.0542322 ], [ 105.833045, 21.0563076 ], [ 105.8298325, 21.0580202 ], [ 105.8293666, 21.0582543 ], [ 105.8257031, 21.0588372 ], [ 105.8251668, 21.0593394 ], [ 105.824797, 21.0615499 ], [ 105.824541599999989, 21.0632504 ], [ 105.82503220000001, 21.0656621 ] ] ] } },
{ "type": "Feature", "properties": { "threshold_s": 300, "time_label": "5 minutes" }, "geometry": { "type": "Polygon", "coordinates": [ [ [ 105.835806, 20.9956895 ], [ 105.8360209, 20.9963576 ], [ 105.8363003, 20.9962215 ], [ 105.836330800000013, 20.9954175 ], [ 105.83708679999998, 20.9929338 ], [ 105.836992, 20.9927512 ], [ 105.8366972, 20.9923998 ], [ 105.83634, 20.9929404 ], [ 105.8365911, 20.9929736 ], [ 105.8363788, 20.9945247 ], [ 105.835806, 20.9956895 ] ] ] } },
{ "type": "Feature", "properties": { "threshold_s": 600, "time_label": "10 minutes" }, "geometry": { "type": "Polygon", "coordinates": [ [ [ 105.8334989, 20.9995826 ], [ 105.8335151, 20.9996456 ], [ 105.8346108, 21.0000949 ], [ 105.835499199999987, 20.9992445 ], [ 105.8374806, 20.9988543 ], [ 105.838156199999986, 20.998353 ], [ 105.838118499999979, 20.9982297 ], [ 105.8378062, 20.9977901 ], [ 105.837285799999989, 20.9971039 ], [ 105.836330800000013, 20.9954175 ], [ 105.837911700000021, 20.9942429 ], [ 105.838845799999987, 20.9941136 ], [ 105.8391362, 20.9936876 ], [ 105.8389381, 20.9932706 ], [ 105.8376322, 20.99179 ], [ 105.8385217, 20.9908943 ], [ 105.837486, 20.989567 ], [ 105.8372228, 20.9892186 ], [ 105.8368295, 20.9896362 ], [ 105.836804699999988, 20.9903734 ], [ 105.835683099999983, 20.9916235 ], [ 105.8355873, 20.9917625 ], [ 105.8354187, 20.9920747 ], [ 105.8358012, 20.9923348 ], [ 105.835896, 20.9924114 ], [ 105.83634, 20.9929404 ], [ 105.8363788, 20.9945247 ], [ 105.835806, 20.9956895 ], [ 105.8360209, 20.9963576 ], [ 105.8365398, 20.9977735 ], [ 105.835837, 20.9986105 ], [ 105.834261, 20.9989674 ], [ 105.8335874, 20.9987084 ], [ 105.833450700000014, 20.9992415 ], [ 105.8334989, 20.9995826 ] ] ] } },
{ "type": "Feature", "properties": { "threshold_s": 900, "time_label": "15 minutes" }, "geometry": { "type": "Polygon", "coordinates": [ [ [ 105.8300772, 21.000468 ], [ 105.8301006, 21.0005356 ], [ 105.8317245, 21.000735 ], [ 105.834804, 21.0012407 ], [ 105.837815699999979, 20.999553 ], [ 105.8410886, 20.9986086 ], [ 105.841472599999989, 20.998173 ], [ 105.8415176, 20.9979905 ], [ 105.84151390000001, 20.9978611 ], [ 105.8413673, 20.9941347 ], [ 105.841024599999983, 20.9908537 ], [ 105.8401829, 20.989272 ], [ 105.838250299999984, 20.9870076 ], [ 105.8358649, 20.9869364 ], [ 105.835615799999985, 20.9871575 ], [ 105.8355607, 20.9872577 ], [ 105.8355523, 20.9874503 ], [ 105.835955, 20.989587 ], [ 105.8354187, 20.9920747 ], [ 105.835806, 20.9956895 ], [ 105.8335874, 20.9987084 ], [ 105.83134, 20.9996095 ], [ 105.830655099999987, 20.9997356 ], [ 105.8300772, 21.000468 ] ] ] } },
{ "type": "Feature", "properties": { "threshold_s": 300, "time_label": "5 minutes" }, "geometry": { "type": "Polygon", "coordinates": [ [ [ 105.806684599999983, 20.9936071 ], [ 105.8066512, 20.9936554 ], [ 105.8072398, 20.9940526 ], [ 105.807589599999986, 20.9942871 ], [ 105.808004, 20.9945647 ], [ 105.808223199999986, 20.9947022 ], [ 105.808012599999984, 20.9945594 ], [ 105.807888599999984, 20.9938359 ], [ 105.8080761, 20.9936407 ], [ 105.8086449, 20.9922944 ], [ 105.8084819, 20.9924978 ], [ 105.8076168, 20.9935812 ], [ 105.8070288, 20.9931564 ], [ 105.806684599999983, 20.9936071 ] ] ] } },
{ "type": "Feature", "properties": { "threshold_s": 600, "time_label": "10 minutes" }, "geometry": { "type": "Polygon", "coordinates": [ [ [ 105.807757899999984, 20.9951989 ], [ 105.808213099999989, 20.9966598 ], [ 105.8098216, 20.9966993 ], [ 105.8103759, 20.996621 ], [ 105.809529, 20.9955864 ], [ 105.809214, 20.9953754 ], [ 105.808731, 20.9935653 ], [ 105.8092955, 20.9925617 ], [ 105.8086449, 20.9922944 ], [ 105.806642399999987, 20.9917947 ], [ 105.806272099999987, 20.991203 ], [ 105.8053234, 20.9912092 ], [ 105.8036693, 20.9914059 ], [ 105.803761399999985, 20.9916192 ], [ 105.8042563, 20.9920339 ], [ 105.805248, 20.9926706 ], [ 105.805708399999986, 20.9929962 ], [ 105.8066512, 20.9936554 ], [ 105.807757899999984, 20.9951989 ] ] ] } },
{ "type": "Feature", "properties": { "threshold_s": 900, "time_label": "15 minutes" }, "geometry": { "type": "Polygon", "coordinates": [ [ [ 105.801427799999985, 20.9918966 ], [ 105.801438299999987, 20.9933269 ], [ 105.8014901, 20.993363 ], [ 105.8019746, 20.9935601 ], [ 105.8031415, 20.9936972 ], [ 105.805744599999983, 20.9953745 ], [ 105.80645029999998, 20.9957493 ], [ 105.808018899999979, 20.9977775 ], [ 105.808285799999979, 20.9991908 ], [ 105.8083544, 20.9992752 ], [ 105.8113981, 20.9990149 ], [ 105.812716899999984, 20.99827 ], [ 105.8127578, 20.9982168 ], [ 105.812972699999989, 20.9978519 ], [ 105.812739399999984, 20.9976965 ], [ 105.812481799999986, 20.9975249 ], [ 105.8119852, 20.9971815 ], [ 105.8114354, 20.9968636 ], [ 105.8111549, 20.9966757 ], [ 105.809529, 20.9955864 ], [ 105.808731, 20.9935653 ], [ 105.8092955, 20.9925617 ], [ 105.809284099999985, 20.9917711 ], [ 105.8091766, 20.9915147 ], [ 105.8084982, 20.9888074 ], [ 105.808213099999989, 20.9884163 ], [ 105.8081741, 20.9883657 ], [ 105.8056186, 20.9886596 ], [ 105.805033100000017, 20.9887355 ], [ 105.803162, 20.989187 ], [ 105.801342, 20.9898446 ], [ 105.801308599999984, 20.9898877 ], [ 105.8010902, 20.9902622 ], [ 105.801427799999985, 20.9918966 ] ] ] } },
{ "type": "Feature", "properties": { "threshold_s": 300, "time_label": "5 minutes" }, "geometry": { "type": "Polygon", "coordinates": [ [ [ 105.711676299999979, 20.9287609 ], [ 105.7098024, 20.9296511 ], [ 105.711806899999985, 20.929376 ], [ 105.713128699999984, 20.9300323 ], [ 105.7129115, 20.9310019 ], [ 105.713338, 20.9314992 ], [ 105.713734599999981, 20.9312412 ], [ 105.7136495, 20.9302722 ], [ 105.7145474, 20.9299801 ], [ 105.7157093, 20.9306063 ], [ 105.7154395, 20.9294883 ], [ 105.7144755, 20.9288589 ], [ 105.7141631, 20.9286333 ], [ 105.713980299999989, 20.9290886 ], [ 105.7130684, 20.9294849 ], [ 105.7123801, 20.9293133 ], [ 105.711676299999979, 20.9287609 ] ] ] } },
{ "type": "Feature", "properties": { "threshold_s": 600, "time_label": "10 minutes" }, "geometry": { "type": "Polygon", "coordinates": [ [ [ 105.707217199999988, 20.9294876 ], [ 105.7076918, 20.9308584 ], [ 105.707706699999989, 20.9306449 ], [ 105.708914, 20.9300226 ], [ 105.7093997, 20.9310505 ], [ 105.7092, 20.9298751 ], [ 105.7098024, 20.9296511 ], [ 105.711806899999985, 20.929376 ], [ 105.713128699999984, 20.9300323 ], [ 105.7129115, 20.9310019 ], [ 105.712706299999979, 20.9313175 ], [ 105.713032799999979, 20.9325113 ], [ 105.712871899999982, 20.9328763 ], [ 105.711551299999982, 20.9336282 ], [ 105.7112236, 20.933586 ], [ 105.7128375, 20.9342834 ], [ 105.713232, 20.9343851 ], [ 105.713979099999989, 20.9332485 ], [ 105.714313299999986, 20.9331643 ], [ 105.714967, 20.9329589 ], [ 105.7159904, 20.9324873 ], [ 105.7175061, 20.932272 ], [ 105.717771199999987, 20.9311491 ], [ 105.718517, 20.9308737 ], [ 105.7186036, 20.9308672 ], [ 105.71795059999998, 20.9293235 ], [ 105.7185376, 20.9288989 ], [ 105.718499499999979, 20.9288183 ], [ 105.717994, 20.9290685 ], [ 105.7164815, 20.9292156 ], [ 105.715388500000017, 20.928459 ], [ 105.7152142, 20.9275534 ], [ 105.7142083, 20.9271099 ], [ 105.714343, 20.9261298 ], [ 105.7139711, 20.9263313 ], [ 105.7138584, 20.9263786 ], [ 105.7133721, 20.9266266 ], [ 105.71239989999998, 20.9257441 ], [ 105.7124131, 20.9256476 ], [ 105.712011799999985, 20.9256775 ], [ 105.7106972, 20.9263833 ], [ 105.7106401, 20.9264337 ], [ 105.711559399999985, 20.9270528 ], [ 105.7115298, 20.9280166 ], [ 105.711676299999979, 20.9287609 ], [ 105.7097449, 20.9291246 ], [ 105.7087956, 20.9286329 ], [ 105.7087313, 20.9291966 ], [ 105.7073686, 20.9295126 ], [ 105.707217199999988, 20.9294876 ] ] ] } },
{ "type": "Feature", "properties": { "threshold_s": 900, "time_label": "15 minutes" }, "geometry": { "type": "Polygon", "coordinates": [ [ [ 105.704983499999983, 20.9301867 ], [ 105.7053362, 20.9321102 ], [ 105.706891899999988, 20.9318246 ], [ 105.7090652, 20.9325649 ], [ 105.7094715, 20.9328945 ], [ 105.7110086, 20.9335403 ], [ 105.7112236, 20.933586 ], [ 105.7118514, 20.9363659 ], [ 105.71156280000001, 20.9375463 ], [ 105.7132441, 20.9362477 ], [ 105.714732699999985, 20.9346168 ], [ 105.7175732, 20.9341584 ], [ 105.718093499999981, 20.9341058 ], [ 105.720777, 20.9336818 ], [ 105.7212487, 20.9334359 ], [ 105.721042199999985, 20.9325727 ], [ 105.7218406, 20.9304357 ], [ 105.720787099999981, 20.9283542 ], [ 105.72072270000001, 20.9282844 ], [ 105.7202804, 20.9278229 ], [ 105.7198718, 20.9276862 ], [ 105.719138200000017, 20.9281346 ], [ 105.7169214, 20.926168 ], [ 105.717229799999984, 20.9257797 ], [ 105.716076499999986, 20.9249216 ], [ 105.7143954, 20.9242285 ], [ 105.7130618, 20.9228289 ], [ 105.7129595, 20.9228186 ], [ 105.710932, 20.9237712 ], [ 105.708341, 20.9246416 ], [ 105.708297499999986, 20.9247454 ], [ 105.7082495, 20.9248599 ], [ 105.708185, 20.9250121 ], [ 105.7080299, 20.9254853 ], [ 105.708593100000016, 20.9259387 ], [ 105.7087956, 20.9286329 ], [ 105.707164, 20.9288737 ], [ 105.705823599999988, 20.9281566 ], [ 105.704983499999983, 20.9301867 ] ] ] } },
{ "type": "Feature", "properties": { "threshold_s": 300, "time_label": "5 minutes" }, "geometry": { "type": "Polygon", "coordinates": [ [ [ 105.7362293, 21.0286874 ], [ 105.7359795, 21.0293159 ], [ 105.736567199999982, 21.029054 ], [ 105.7378912, 21.0292628 ], [ 105.7383598, 21.0293322 ], [ 105.7394805, 21.0296128 ], [ 105.739589199999983, 21.0296699 ], [ 105.739832, 21.0296956 ], [ 105.7408798, 21.0295205 ], [ 105.7406739, 21.0284194 ], [ 105.7407574, 21.0281357 ], [ 105.7402669, 21.0273546 ], [ 105.74054409999998, 21.0266284 ], [ 105.7401558, 21.0265017 ], [ 105.73972280000001, 21.0263604 ], [ 105.738910299999986, 21.0260696 ], [ 105.7387117, 21.0267077 ], [ 105.737724400000019, 21.0267782 ], [ 105.738062199999987, 21.0276638 ], [ 105.7382745, 21.0287809 ], [ 105.7378266, 21.0289277 ], [ 105.7362293, 21.0286874 ] ] ] } },
{ "type": "Feature", "properties": { "threshold_s": 600, "time_label": "10 minutes" }, "geometry": { "type": "Polygon", "coordinates": [ [ [ 105.7332185, 21.0300215 ], [ 105.7337741, 21.0306423 ], [ 105.7353027, 21.0308847 ], [ 105.7360791, 21.0309165 ], [ 105.736894799999988, 21.03107 ], [ 105.737501199999983, 21.031265 ], [ 105.738274599999983, 21.0316071 ], [ 105.738953699999982, 21.0327538 ], [ 105.73927519999998, 21.0327185 ], [ 105.7399163, 21.0323592 ], [ 105.740994199999989, 21.0315298 ], [ 105.7415186, 21.0317326 ], [ 105.742338, 21.0307613 ], [ 105.7424614, 21.0297774 ], [ 105.741573699999989, 21.028407 ], [ 105.7420282, 21.0269047 ], [ 105.742451299999985, 21.0270249 ], [ 105.7427544, 21.026463 ], [ 105.742829, 21.0259819 ], [ 105.741868499999981, 21.0252118 ], [ 105.742159, 21.0244475 ], [ 105.7406708, 21.023764 ], [ 105.740495899999985, 21.0236616 ], [ 105.7400958, 21.0234274 ], [ 105.7389829, 21.0227571 ], [ 105.7386186, 21.0227548 ], [ 105.7385997, 21.0230156 ], [ 105.7391718, 21.0235782 ], [ 105.7397769, 21.0239078 ], [ 105.7403341, 21.0247417 ], [ 105.740038299999981, 21.0255249 ], [ 105.738910299999986, 21.0260696 ], [ 105.737724400000019, 21.0267782 ], [ 105.738062199999987, 21.0276638 ], [ 105.7378266, 21.0289277 ], [ 105.7362293, 21.0286874 ], [ 105.7354286, 21.027874 ], [ 105.7349877, 21.0264585 ], [ 105.7350413, 21.0263262 ], [ 105.7357346, 21.025296 ], [ 105.7361458, 21.025092 ], [ 105.7355298, 21.0243987 ], [ 105.7350535, 21.0242524 ], [ 105.7346679, 21.0250102 ], [ 105.7327104, 21.0253899 ], [ 105.732590700000017, 21.0253979 ], [ 105.7325295, 21.0256029 ], [ 105.7325952, 21.0256566 ], [ 105.732765199999989, 21.0256383 ], [ 105.732818699999982, 21.0255088 ], [ 105.7347026, 21.0262082 ], [ 105.73464989999998, 21.0263364 ], [ 105.7336704, 21.0276354 ], [ 105.733555699999982, 21.0285963 ], [ 105.733111500000021, 21.0296679 ], [ 105.7332185, 21.0300215 ] ] ] } },
{ "type": "Feature", "properties": { "threshold_s": 900, "time_label": "15 minutes" }, "geometry": { "type": "Polygon", "coordinates": [ [ [ 105.72965929999998, 21.0309693 ], [ 105.729673, 21.0311055 ], [ 105.732032, 21.0321768 ], [ 105.7337938, 21.0324205 ], [ 105.7353178, 21.033438 ], [ 105.7374647, 21.0348202 ], [ 105.73812, 21.0360364 ], [ 105.7392119, 21.0350047 ], [ 105.7412785, 21.0336553 ], [ 105.7422745, 21.0343469 ], [ 105.7435235, 21.0324311 ], [ 105.742338, 21.0307613 ], [ 105.743667599999981, 21.029269 ], [ 105.7443348, 21.0288793 ], [ 105.7450531, 21.0283743 ], [ 105.7457313, 21.026437 ], [ 105.746097599999985, 21.0250329 ], [ 105.7449777, 21.024155 ], [ 105.742910099999989, 21.0225235 ], [ 105.743054799999982, 21.0215891 ], [ 105.741572399999981, 21.0227549 ], [ 105.7389829, 21.0227571 ], [ 105.738494399999979, 21.0214945 ], [ 105.7378886, 21.0201945 ], [ 105.737664399999986, 21.0201951 ], [ 105.7362679, 21.0209311 ], [ 105.73561909999998, 21.0224918 ], [ 105.733042199999986, 21.0225567 ], [ 105.7326714, 21.0227409 ], [ 105.732239099999987, 21.0229557 ], [ 105.7308997, 21.0239049 ], [ 105.730588, 21.024651 ], [ 105.730169799999985, 21.0256908 ], [ 105.72974379999998, 21.0278098 ], [ 105.7299, 21.0294364 ], [ 105.72965929999998, 21.0309693 ] ] ] } },
{ "type": "Feature", "properties": { "threshold_s": 300, "time_label": "5 minutes" }, "geometry": { "type": "Polygon", "coordinates": [ [ [ 105.867500699999979, 21.0455426 ], [ 105.8672707, 21.0459064 ], [ 105.8680741, 21.0457569 ], [ 105.868600599999979, 21.0457113 ], [ 105.8696122, 21.0458919 ], [ 105.8699834, 21.0462607 ], [ 105.8702093, 21.046298 ], [ 105.8707073, 21.0464988 ], [ 105.87070869999998, 21.0476175 ], [ 105.8706617, 21.0477023 ], [ 105.87054569999998, 21.0479119 ], [ 105.8704364, 21.0481096 ], [ 105.870515199999986, 21.0481618 ], [ 105.870636, 21.0482143 ], [ 105.870725099999987, 21.0482458 ], [ 105.87120059999998, 21.0481671 ], [ 105.871701099999981, 21.047216 ], [ 105.872155899999981, 21.0473095 ], [ 105.872471399999981, 21.0474758 ], [ 105.872547399999988, 21.0475125 ], [ 105.87281, 21.0476496 ], [ 105.8730683, 21.0476133 ], [ 105.873110299999979, 21.0475436 ], [ 105.8729759, 21.047407 ], [ 105.872673399999982, 21.0469316 ], [ 105.872633, 21.0461429 ], [ 105.872318, 21.0452474 ], [ 105.8721249, 21.0449691 ], [ 105.8718327, 21.0443895 ], [ 105.87206639999998, 21.0437788 ], [ 105.8717328, 21.0435217 ], [ 105.870934599999984, 21.0441082 ], [ 105.869749, 21.0439585 ], [ 105.8694711, 21.0440557 ], [ 105.8688884, 21.0444095 ], [ 105.867983399999986, 21.0444352 ], [ 105.8676925, 21.0446034 ], [ 105.8676263, 21.0447702 ], [ 105.867500699999979, 21.0455426 ] ] ] } },
{ "type": "Feature", "properties": { "threshold_s": 600, "time_label": "10 minutes" }, "geometry": { "type": "Polygon", "coordinates": [ [ [ 105.868122499999984, 21.0492827 ], [ 105.8688554, 21.0509704 ], [ 105.8689405, 21.0510109 ], [ 105.869058699999982, 21.0510671 ], [ 105.8691434, 21.0511073 ], [ 105.869412, 21.0510298 ], [ 105.8694638, 21.0509394 ], [ 105.869515599999986, 21.0508489 ], [ 105.8695713, 21.0498696 ], [ 105.8692051, 21.0494528 ], [ 105.870636, 21.0482143 ], [ 105.870725099999987, 21.0482458 ], [ 105.87120059999998, 21.0481671 ], [ 105.8729434, 21.0478207 ], [ 105.873305799999983, 21.048989 ], [ 105.873255, 21.0491401 ], [ 105.87308969999998, 21.0495042 ], [ 105.8740397, 21.0487227 ], [ 105.875626899999986, 21.0492665 ], [ 105.875761899999986, 21.0490071 ], [ 105.8757881, 21.0472992 ], [ 105.8756716, 21.0471865 ], [ 105.8751258, 21.0453941 ], [ 105.874987, 21.0451355 ], [ 105.8743256, 21.0437544 ], [ 105.8739273, 21.0419076 ], [ 105.8737772, 21.0418416 ], [ 105.872135199999988, 21.0419144 ], [ 105.8712825, 21.0417 ], [ 105.8693654, 21.0411658 ], [ 105.868975500000019, 21.0415507 ], [ 105.8670371, 21.0419967 ], [ 105.8655731, 21.0424103 ], [ 105.8647652, 21.0430675 ], [ 105.864878200000021, 21.0435416 ], [ 105.864801, 21.0452231 ], [ 105.864992099999981, 21.0462702 ], [ 105.8657298, 21.0460825 ], [ 105.8660848, 21.046096 ], [ 105.867574099999985, 21.0472832 ], [ 105.8680252, 21.0480596 ], [ 105.868122499999984, 21.0492827 ] ] ] } },
{ "type": "Feature", "properties": { "threshold_s": 900, "time_label": "15 minutes" }, "geometry": { "type": "Polygon", "coordinates": [ [ [ 105.8657269, 21.0515584 ], [ 105.8667897, 21.0530507 ], [ 105.8679549, 21.0532575 ], [ 105.8702426, 21.0526962 ], [ 105.8708305, 21.0529203 ], [ 105.8728613, 21.0516541 ], [ 105.8740342, 21.050773 ], [ 105.87581950000002, 21.049795 ], [ 105.8773721, 21.05037 ], [ 105.8781409, 21.0511024 ], [ 105.8786388, 21.0488966 ], [ 105.878714, 21.0478507 ], [ 105.8791557, 21.0466309 ], [ 105.879217199999985, 21.0463338 ], [ 105.8776863, 21.0457115 ], [ 105.876931, 21.0442496 ], [ 105.8769477, 21.0433359 ], [ 105.8764586, 21.041444 ], [ 105.875811, 21.0393936 ], [ 105.875684299999989, 21.0391449 ], [ 105.8755735, 21.0390515 ], [ 105.8738901, 21.0389741 ], [ 105.871603, 21.0390302 ], [ 105.8698926, 21.0380586 ], [ 105.868994699999988, 21.0384599 ], [ 105.867059, 21.0394918 ], [ 105.8655818, 21.039435 ], [ 105.8651471, 21.0400861 ], [ 105.864948, 21.0404482 ], [ 105.8648708, 21.0406929 ], [ 105.8645302, 21.0425052 ], [ 105.8645265, 21.0435582 ], [ 105.864331899999982, 21.0454971 ], [ 105.864039, 21.0466518 ], [ 105.864080500000014, 21.0484814 ], [ 105.8644742, 21.0490765 ], [ 105.86482359999998, 21.0495983 ], [ 105.8657269, 21.0515584 ] ] ] } },
{ "type": "Feature", "properties": { "threshold_s": 300, "time_label": "5 minutes" }, "geometry": { "type": "Polygon", "coordinates": [ [ [ 105.840532199999984, 20.9879698 ], [ 105.8398101, 20.987942 ], [ 105.8398106, 20.9880049 ], [ 105.8404361, 20.9882803 ], [ 105.841291399999989, 20.9884262 ], [ 105.8414779, 20.9882486 ], [ 105.8415983, 20.9879866 ], [ 105.841782, 20.987476 ], [ 105.842344, 20.9869156 ], [ 105.8427511, 20.9868256 ], [ 105.84246779999998, 20.9862664 ], [ 105.8423485, 20.9859128 ], [ 105.8422359, 20.9859212 ], [ 105.8416545, 20.9857478 ], [ 105.841461, 20.9851337 ], [ 105.8412422, 20.9848726 ], [ 105.841187399999981, 20.9848719 ], [ 105.8406453, 20.9845241 ], [ 105.8406233, 20.9843584 ], [ 105.841377699999981, 20.9839846 ], [ 105.841208199999983, 20.9835051 ], [ 105.8411675, 20.9835047 ], [ 105.8409198, 20.9835029 ], [ 105.8408733, 20.9835026 ], [ 105.840296199999983, 20.9839633 ], [ 105.8398571, 20.98389 ], [ 105.839079, 20.9842934 ], [ 105.838542899999979, 20.98437 ], [ 105.838952399999982, 20.9846937 ], [ 105.8391733, 20.9851804 ], [ 105.838732099999987, 20.9856339 ], [ 105.8383026, 20.9856385 ], [ 105.8387397, 20.9862095 ], [ 105.839458, 20.9866442 ], [ 105.839661399999983, 20.9864188 ], [ 105.8403569, 20.9866912 ], [ 105.840360499999989, 20.9868966 ], [ 105.8406433, 20.9868918 ], [ 105.841222799999983, 20.9872776 ], [ 105.8412291, 20.9875652 ], [ 105.840532199999984, 20.9879698 ] ] ] } },
{ "type": "Feature", "properties": { "threshold_s": 600, "time_label": "10 minutes" }, "geometry": { "type": "Polygon", "coordinates": [ [ [ 105.840028, 20.9909007 ], [ 105.8396881, 20.9912343 ], [ 105.8405226, 20.9915085 ], [ 105.840992199999988, 20.9921885 ], [ 105.8413445, 20.991685 ], [ 105.841345599999983, 20.9916204 ], [ 105.8413355, 20.9913609 ], [ 105.8413415, 20.9912641 ], [ 105.8413306, 20.9909951 ], [ 105.841886099999982, 20.9902119 ], [ 105.8423888, 20.9898594 ], [ 105.842492299999989, 20.9897643 ], [ 105.8431767, 20.9889943 ], [ 105.843585500000017, 20.988123 ], [ 105.8441604, 20.9873813 ], [ 105.8447926, 20.9864732 ], [ 105.8447279, 20.985941 ], [ 105.8448162, 20.9851643 ], [ 105.8447606, 20.984835 ], [ 105.8445447, 20.9839469 ], [ 105.8438317, 20.9832488 ], [ 105.8435739, 20.9828758 ], [ 105.843357, 20.9828739 ], [ 105.84332689999998, 20.9828736 ], [ 105.8424393, 20.9820899 ], [ 105.842349, 20.9818886 ], [ 105.841578499999983, 20.9809914 ], [ 105.8416702, 20.9808771 ], [ 105.8416698, 20.9808102 ], [ 105.8414327, 20.9805324 ], [ 105.8413082, 20.9805342 ], [ 105.841222499999986, 20.9805355 ], [ 105.840884099999982, 20.9808651 ], [ 105.8398001, 20.9807586 ], [ 105.838961499999982, 20.9809999 ], [ 105.8388675, 20.9812202 ], [ 105.8388088, 20.9815012 ], [ 105.839469899999983, 20.9821204 ], [ 105.8404076, 20.9828077 ], [ 105.839911599999979, 20.9834117 ], [ 105.839593599999986, 20.9839791 ], [ 105.838724899999988, 20.9838113 ], [ 105.8380228, 20.9841162 ], [ 105.837464299999979, 20.9838414 ], [ 105.83729409999998, 20.9838037 ], [ 105.8370349, 20.9837694 ], [ 105.8365888, 20.9841602 ], [ 105.836414099999985, 20.9850043 ], [ 105.8366448, 20.9856338 ], [ 105.8361817, 20.9865794 ], [ 105.8358101, 20.9868807 ], [ 105.8358649, 20.9869364 ], [ 105.8359733, 20.9869965 ], [ 105.8360916, 20.9870597 ], [ 105.8364406, 20.9872467 ], [ 105.8367927, 20.987461 ], [ 105.8376324, 20.9881411 ], [ 105.8376482, 20.9884056 ], [ 105.837582199999986, 20.9889537 ], [ 105.837556899999981, 20.9891148 ], [ 105.838306, 20.9883597 ], [ 105.839146, 20.9882995 ], [ 105.8398215, 20.9882835 ], [ 105.840285699999981, 20.9889039 ], [ 105.8404569, 20.9898377 ], [ 105.840028, 20.9909007 ] ] ] } },
{ "type": "Feature", "properties": { "threshold_s": 900, "time_label": "15 minutes" }, "geometry": { "type": "Polygon", "coordinates": [ [ [ 105.838415, 20.9935989 ], [ 105.838845799999987, 20.9941136 ], [ 105.8409207, 20.9950765 ], [ 105.8413795, 20.9949212 ], [ 105.8427272, 20.993997 ], [ 105.842764, 20.9939264 ], [ 105.843229899999983, 20.9907257 ], [ 105.843571699999984, 20.9899661 ], [ 105.844009499999984, 20.9887098 ], [ 105.8441995, 20.9881887 ], [ 105.8443993, 20.9876433 ], [ 105.8464394, 20.9855302 ], [ 105.846633699999984, 20.985281 ], [ 105.8478143, 20.9838655 ], [ 105.847784599999983, 20.9838091 ], [ 105.8471293, 20.9829735 ], [ 105.845469, 20.9803271 ], [ 105.843503900000016, 20.9791975 ], [ 105.8430256, 20.9790077 ], [ 105.8408217, 20.9769732 ], [ 105.839277, 20.9785113 ], [ 105.8390598, 20.9787804 ], [ 105.8378354, 20.9803891 ], [ 105.837840299999982, 20.9809225 ], [ 105.8370349, 20.9837694 ], [ 105.8346983, 20.9847464 ], [ 105.8338102, 20.9853066 ], [ 105.8335119, 20.9858215 ], [ 105.833617099999984, 20.9875922 ], [ 105.8338903, 20.989055 ], [ 105.8340587, 20.989134 ], [ 105.834578300000018, 20.9893965 ], [ 105.837345199999987, 20.9910602 ], [ 105.8375766, 20.9920913 ], [ 105.8377719, 20.9927408 ], [ 105.838415, 20.9935989 ] ] ] } },
{ "type": "Feature", "properties": { "threshold_s": 300, "time_label": "5 minutes" }, "geometry": { "type": "Polygon", "coordinates": [ [ [ 105.776567799999981, 21.0851798 ], [ 105.7761714, 21.0860067 ], [ 105.776813, 21.086321 ], [ 105.776733, 21.0860266 ], [ 105.7777591, 21.0855967 ], [ 105.7779193, 21.0850629 ], [ 105.7779175, 21.0846252 ], [ 105.7785799, 21.0837875 ], [ 105.778966899999986, 21.0838013 ], [ 105.7796309, 21.0843532 ], [ 105.779801299999988, 21.0851419 ], [ 105.78051, 21.0852275 ], [ 105.780224599999983, 21.0848341 ], [ 105.780007399999988, 21.0845881 ], [ 105.780051599999979, 21.0836469 ], [ 105.779725299999981, 21.083464 ], [ 105.779776199999986, 21.0825025 ], [ 105.7789555, 21.0821451 ], [ 105.7786055, 21.0819198 ], [ 105.778017899999981, 21.081092 ], [ 105.7771316, 21.0817922 ], [ 105.778144499999982, 21.0818333 ], [ 105.778635, 21.0825705 ], [ 105.778286499999979, 21.0830262 ], [ 105.778030199999989, 21.083733 ], [ 105.7765718, 21.0836435 ], [ 105.775100599999988, 21.0835586 ], [ 105.776567799999981, 21.0840051 ], [ 105.776225, 21.0846578 ], [ 105.776567799999981, 21.0851798 ] ] ] } },
{ "type": "Feature", "properties": { "threshold_s": 600, "time_label": "10 minutes" }, "geometry": { "type": "Polygon", "coordinates": [ [ [ 105.772628199999986, 21.0845917 ], [ 105.773899499999985, 21.0860339 ], [ 105.774487, 21.0860155 ], [ 105.7750429, 21.0859981 ], [ 105.776813, 21.086321 ], [ 105.7779298, 21.087161 ], [ 105.7793539, 21.0875999 ], [ 105.78166539999998, 21.086904 ], [ 105.7820564, 21.0868787 ], [ 105.782106699999986, 21.086877 ], [ 105.782007899999982, 21.0861768 ], [ 105.7807606, 21.0850432 ], [ 105.781692199999981, 21.0830028 ], [ 105.7832848, 21.0823138 ], [ 105.783110199999982, 21.0815199 ], [ 105.7812911, 21.0814263 ], [ 105.7798041, 21.0797406 ], [ 105.778247, 21.0789284 ], [ 105.7776627, 21.077793 ], [ 105.7777445, 21.0789631 ], [ 105.777930499999982, 21.0804043 ], [ 105.7771316, 21.0817922 ], [ 105.7765718, 21.0836435 ], [ 105.775100599999988, 21.0835586 ], [ 105.7730587, 21.0829034 ], [ 105.7726193, 21.0827566 ], [ 105.771871399999981, 21.083175 ], [ 105.7716566, 21.0833118 ], [ 105.77196189999998, 21.0838813 ], [ 105.772628199999986, 21.0845917 ] ] ] } },
{ "type": "Feature", "properties": { "threshold_s": 900, "time_label": "15 minutes" }, "geometry": { "type": "Polygon", "coordinates": [ [ [ 105.7699057, 21.0843612 ], [ 105.771415799999986, 21.0860595 ], [ 105.773899499999985, 21.0860339 ], [ 105.775777099999985, 21.0875883 ], [ 105.776469, 21.0888658 ], [ 105.777697599999982, 21.0895178 ], [ 105.77921809999998, 21.0898513 ], [ 105.780798299999987, 21.089424 ], [ 105.7814016, 21.0890658 ], [ 105.7832873, 21.0868003 ], [ 105.783227899999986, 21.0860998 ], [ 105.7850725, 21.0836992 ], [ 105.7854294, 21.0833326 ], [ 105.787122199999985, 21.0809216 ], [ 105.7870129, 21.0804808 ], [ 105.785296499999987, 21.0796985 ], [ 105.784638799999982, 21.0800168 ], [ 105.781385599999979, 21.0790137 ], [ 105.779628, 21.0786223 ], [ 105.777415099999985, 21.0761416 ], [ 105.7773925, 21.0758505 ], [ 105.7773424, 21.0751759 ], [ 105.7773094, 21.074569 ], [ 105.776854, 21.0758445 ], [ 105.7741167, 21.0773673 ], [ 105.774613, 21.0779906 ], [ 105.7728307, 21.0806393 ], [ 105.771872499999986, 21.0809364 ], [ 105.768852699999982, 21.0816287 ], [ 105.7699057, 21.0843612 ] ] ] } },
{ "type": "Feature", "properties": { "threshold_s": 300, "time_label": "5 minutes" }, "geometry": { "type": "Polygon", "coordinates": [ [ [ 105.7747927, 21.0712828 ], [ 105.7745198, 21.0715458 ], [ 105.7751772, 21.0716748 ], [ 105.7763163, 21.0715555 ], [ 105.77692, 21.0730297 ], [ 105.7766511, 21.0731585 ], [ 105.776646699999986, 21.0733292 ], [ 105.7772295, 21.0737675 ], [ 105.7772242, 21.0736393 ], [ 105.77720069999998, 21.0730263 ], [ 105.777151099999983, 21.0730257 ], [ 105.777115499999979, 21.0715521 ], [ 105.7788362, 21.0718124 ], [ 105.778840200000019, 21.071543 ], [ 105.7770995, 21.0709373 ], [ 105.7775964, 21.0702112 ], [ 105.7779345, 21.0698037 ], [ 105.778590699999981, 21.0693709 ], [ 105.778697599999987, 21.0691408 ], [ 105.7787385, 21.0683384 ], [ 105.7786992, 21.0684112 ], [ 105.777810299999985, 21.069022 ], [ 105.776805, 21.0683784 ], [ 105.7764291, 21.0690467 ], [ 105.7765287, 21.0692989 ], [ 105.776573, 21.0694191 ], [ 105.776634099999981, 21.0695849 ], [ 105.7758584, 21.0704008 ], [ 105.775702, 21.0704015 ], [ 105.7748681, 21.0712818 ], [ 105.7747927, 21.0712828 ] ] ] } },
{ "type": "Feature", "properties": { "threshold_s": 600, "time_label": "10 minutes" }, "geometry": { "type": "Polygon", "coordinates": [ [ [ 105.7713889, 21.0718092 ], [ 105.7722076, 21.0726738 ], [ 105.773744099999988, 21.0741765 ], [ 105.7743462, 21.0747052 ], [ 105.7748904, 21.0749298 ], [ 105.776854, 21.0758445 ], [ 105.777500599999982, 21.0767735 ], [ 105.777415099999985, 21.0761416 ], [ 105.7773925, 21.0758505 ], [ 105.7773424, 21.0751759 ], [ 105.7790688, 21.073907 ], [ 105.7787409, 21.0728974 ], [ 105.7788362, 21.0718124 ], [ 105.7806534, 21.0718024 ], [ 105.7823636, 21.0715312 ], [ 105.780854300000016, 21.0715323 ], [ 105.780308, 21.0704215 ], [ 105.7803423, 21.0701576 ], [ 105.780817, 21.0689775 ], [ 105.78153589999998, 21.0684589 ], [ 105.7800167, 21.0671283 ], [ 105.77941970000002, 21.0655073 ], [ 105.7787753, 21.0657962 ], [ 105.7770011, 21.0654944 ], [ 105.774959, 21.0662146 ], [ 105.775517399999984, 21.0670676 ], [ 105.774825299999989, 21.0689603 ], [ 105.7738937, 21.070027 ], [ 105.7721998, 21.0709135 ], [ 105.7714031, 21.0715253 ], [ 105.7713889, 21.0718092 ] ] ] } },
{ "type": "Feature", "properties": { "threshold_s": 900, "time_label": "15 minutes" }, "geometry": { "type": "Polygon", "coordinates": [ [ [ 105.7706348, 21.0741401 ], [ 105.770644799999985, 21.0743666 ], [ 105.772095899999982, 21.0754558 ], [ 105.7737911, 21.0772531 ], [ 105.7755379, 21.0782606 ], [ 105.7777445, 21.0789631 ], [ 105.778247, 21.0789284 ], [ 105.7776627, 21.077793 ], [ 105.777500599999982, 21.0767735 ], [ 105.777415099999985, 21.0761416 ], [ 105.7773925, 21.0758505 ], [ 105.7773424, 21.0751759 ], [ 105.7790688, 21.073907 ], [ 105.7787409, 21.0728974 ], [ 105.7806534, 21.0718024 ], [ 105.783279599999986, 21.0728269 ], [ 105.784178699999984, 21.0727744 ], [ 105.784171499999985, 21.0726664 ], [ 105.784051, 21.0715906 ], [ 105.7823636, 21.0715312 ], [ 105.7803423, 21.0701576 ], [ 105.7815331, 21.0686175 ], [ 105.7821643, 21.0684531 ], [ 105.782382, 21.0684495 ], [ 105.783050599999982, 21.0684502 ], [ 105.7838765, 21.0682445 ], [ 105.783840399999988, 21.0677885 ], [ 105.783786399999983, 21.0672642 ], [ 105.7826887, 21.0653069 ], [ 105.7818774, 21.0644988 ], [ 105.780499099999986, 21.0623941 ], [ 105.7797615, 21.0625929 ], [ 105.7775639, 21.0636194 ], [ 105.7754204, 21.0639695 ], [ 105.7753519, 21.065446 ], [ 105.7729826, 21.065249 ], [ 105.772335799999979, 21.0667804 ], [ 105.7716328, 21.0681457 ], [ 105.7699419, 21.0693882 ], [ 105.768678799999989, 21.0715284 ], [ 105.7698305, 21.0721888 ], [ 105.7706348, 21.0741401 ] ] ] } },
{ "type": "Feature", "properties": { "threshold_s": 300, "time_label": "5 minutes" }, "geometry": { "type": "Polygon", "coordinates": [ [ [ 105.776634099999981, 21.0695849 ], [ 105.7769832, 21.07058 ], [ 105.7775964, 21.0702112 ], [ 105.7779345, 21.0698037 ], [ 105.778590699999981, 21.0693709 ], [ 105.7794672, 21.0694203 ], [ 105.779143399999981, 21.0685369 ], [ 105.778904900000015, 21.0679019 ], [ 105.779046, 21.0672137 ], [ 105.777845499999984, 21.0671223 ], [ 105.7779223, 21.0667921 ], [ 105.7778643, 21.0662907 ], [ 105.7777845, 21.0659796 ], [ 105.776959399999981, 21.0656495 ], [ 105.776450399999987, 21.0659007 ], [ 105.7757945, 21.0667366 ], [ 105.775517399999984, 21.0670676 ], [ 105.7755595, 21.0671928 ], [ 105.7757278, 21.0675412 ], [ 105.776008099999984, 21.0681381 ], [ 105.7761494, 21.068443 ], [ 105.776573, 21.0694191 ], [ 105.776634099999981, 21.0695849 ] ] ] } },
{ "type": "Feature", "properties": { "threshold_s": 600, "time_label": "10 minutes" }, "geometry": { "type": "Polygon", "coordinates": [ [ [ 105.775704799999986, 21.070849 ], [ 105.7747794, 21.0715532 ], [ 105.7751772, 21.0716748 ], [ 105.7763163, 21.0715555 ], [ 105.77692, 21.0730297 ], [ 105.777149699999981, 21.0736404 ], [ 105.7772242, 21.0736393 ], [ 105.77720069999998, 21.0730263 ], [ 105.7788362, 21.0718124 ], [ 105.778840200000019, 21.071543 ], [ 105.7803423, 21.0701576 ], [ 105.7815331, 21.0686175 ], [ 105.7820969, 21.0684542 ], [ 105.7815097, 21.068019 ], [ 105.7809857, 21.0662543 ], [ 105.7800792, 21.065868 ], [ 105.7795819, 21.0642535 ], [ 105.7796259, 21.0641138 ], [ 105.7775639, 21.0636194 ], [ 105.7754204, 21.0639695 ], [ 105.7753519, 21.065446 ], [ 105.775156, 21.065847 ], [ 105.772877, 21.0667124 ], [ 105.772335799999979, 21.0667804 ], [ 105.7723981, 21.0674079 ], [ 105.7726015, 21.0674079 ], [ 105.7728694, 21.0668327 ], [ 105.774959, 21.0662146 ], [ 105.775517399999984, 21.0670676 ], [ 105.7755595, 21.0671928 ], [ 105.7757278, 21.0675412 ], [ 105.7758064, 21.0677028 ], [ 105.776008099999984, 21.0681381 ], [ 105.7761494, 21.068443 ], [ 105.7764291, 21.0690467 ], [ 105.775704799999986, 21.070849 ] ] ] } },
{ "type": "Feature", "properties": { "threshold_s": 900, "time_label": "15 minutes" }, "geometry": { "type": "Polygon", "coordinates": [ [ [ 105.7714031, 21.0715253 ], [ 105.7723938, 21.0725354 ], [ 105.773623799999982, 21.0735882 ], [ 105.774298099999982, 21.0741798 ], [ 105.7754298, 21.0750273 ], [ 105.776854, 21.0758445 ], [ 105.777500599999982, 21.0767735 ], [ 105.777415099999985, 21.0761416 ], [ 105.7773925, 21.0758505 ], [ 105.7773424, 21.0751759 ], [ 105.7790688, 21.073907 ], [ 105.7787409, 21.0728974 ], [ 105.7788362, 21.0718124 ], [ 105.7806534, 21.0718024 ], [ 105.7823636, 21.0715312 ], [ 105.780854300000016, 21.0715323 ], [ 105.780308, 21.0704215 ], [ 105.7803423, 21.0701576 ], [ 105.7815331, 21.0686175 ], [ 105.7821643, 21.0684531 ], [ 105.782382, 21.0684495 ], [ 105.783050599999982, 21.0684502 ], [ 105.7838765, 21.0682445 ], [ 105.783840399999988, 21.0677885 ], [ 105.783786399999983, 21.0672642 ], [ 105.783558199999987, 21.0660276 ], [ 105.783455299999986, 21.065673 ], [ 105.7829581, 21.0640551 ], [ 105.782631399999985, 21.0638568 ], [ 105.7814131, 21.062494 ], [ 105.7811848, 21.0613844 ], [ 105.7795833, 21.0610762 ], [ 105.778392399999987, 21.0612502 ], [ 105.7781998, 21.0617471 ], [ 105.7778303, 21.0624865 ], [ 105.777825299999989, 21.0628053 ], [ 105.7775639, 21.0636194 ], [ 105.7754204, 21.0639695 ], [ 105.7749612, 21.0627137 ], [ 105.7731046, 21.0623175 ], [ 105.772614799999985, 21.0642323 ], [ 105.772402900000017, 21.0653637 ], [ 105.772335799999979, 21.0667804 ], [ 105.7723981, 21.0674079 ], [ 105.772551599999986, 21.0691135 ], [ 105.7721452, 21.0701348 ], [ 105.7714031, 21.0715253 ] ] ] } },
{ "type": "Feature", "properties": { "threshold_s": 300, "time_label": "5 minutes" }, "geometry": { "type": "Polygon", "coordinates": [ [ [ 105.7763163, 21.0715555 ], [ 105.777151099999983, 21.0730257 ], [ 105.77720069999998, 21.0730263 ], [ 105.777115499999979, 21.0715521 ], [ 105.778840200000019, 21.071543 ], [ 105.7770995, 21.0709373 ], [ 105.7775964, 21.0702112 ], [ 105.7779345, 21.0698037 ], [ 105.778590699999981, 21.0693709 ], [ 105.7794672, 21.0694203 ], [ 105.779143399999981, 21.0685369 ], [ 105.779288099999988, 21.0682358 ], [ 105.778990399999984, 21.0675256 ], [ 105.7789567, 21.0677362 ], [ 105.778904900000015, 21.0679019 ], [ 105.778174799999988, 21.0683267 ], [ 105.7778287, 21.0681676 ], [ 105.777117099999984, 21.0678579 ], [ 105.7766151, 21.0677275 ], [ 105.776008099999984, 21.0681381 ], [ 105.7761494, 21.068443 ], [ 105.7764291, 21.0690467 ], [ 105.7765287, 21.0692989 ], [ 105.776573, 21.0694191 ], [ 105.776634099999981, 21.0695849 ], [ 105.7770378, 21.0698312 ], [ 105.7769832, 21.07058 ], [ 105.7758525, 21.0712687 ], [ 105.7757074, 21.0712657 ], [ 105.7763163, 21.0715555 ] ] ] } },
{ "type": "Feature", "properties": { "threshold_s": 600, "time_label": "10 minutes" }, "geometry": { "type": "Polygon", "coordinates": [ [ [ 105.772898, 21.0723581 ], [ 105.773981899999981, 21.0734923 ], [ 105.774339199999986, 21.0736741 ], [ 105.775474299999985, 21.0742155 ], [ 105.776642099999989, 21.0749197 ], [ 105.777415099999985, 21.0761416 ], [ 105.7773925, 21.0758505 ], [ 105.7773424, 21.0751759 ], [ 105.7773094, 21.074569 ], [ 105.7790688, 21.073907 ], [ 105.778659099999985, 21.0732403 ], [ 105.7788362, 21.0718124 ], [ 105.7806534, 21.0718024 ], [ 105.780854300000016, 21.0715323 ], [ 105.7803423, 21.0701576 ], [ 105.780817, 21.0689775 ], [ 105.7815331, 21.0686175 ], [ 105.782382, 21.0684495 ], [ 105.781484299999988, 21.0675785 ], [ 105.780349799999982, 21.0664915 ], [ 105.7800792, 21.065868 ], [ 105.77953669999998, 21.0643827 ], [ 105.7794739, 21.0646565 ], [ 105.7780742, 21.0655988 ], [ 105.7774307, 21.0650425 ], [ 105.7773007, 21.0649038 ], [ 105.7765785, 21.0651449 ], [ 105.776450399999987, 21.0659007 ], [ 105.774959, 21.0662146 ], [ 105.775517399999984, 21.0670676 ], [ 105.7755595, 21.0671928 ], [ 105.7757278, 21.0675412 ], [ 105.774825299999989, 21.0689603 ], [ 105.7738937, 21.070027 ], [ 105.7732531, 21.0709026 ], [ 105.7725087, 21.0713079 ], [ 105.7722389, 21.0715308 ], [ 105.772577699999985, 21.071994 ], [ 105.772898, 21.0723581 ] ] ] } },
{ "type": "Feature", "properties": { "threshold_s": 900, "time_label": "15 minutes" }, "geometry": { "type": "Polygon", "coordinates": [ [ [ 105.7721149, 21.0747635 ], [ 105.773451099999988, 21.0764083 ], [ 105.7739796, 21.0767329 ], [ 105.775960900000015, 21.077803 ], [ 105.7777445, 21.0789631 ], [ 105.778247, 21.0789284 ], [ 105.7776627, 21.077793 ], [ 105.777500599999982, 21.0767735 ], [ 105.777415099999985, 21.0761416 ], [ 105.7773925, 21.0758505 ], [ 105.7773424, 21.0751759 ], [ 105.7790688, 21.073907 ], [ 105.7787409, 21.0728974 ], [ 105.7806534, 21.0718024 ], [ 105.7823636, 21.0715312 ], [ 105.784178699999984, 21.0727744 ], [ 105.784171499999985, 21.0726664 ], [ 105.784051, 21.0715906 ], [ 105.783050599999982, 21.0684502 ], [ 105.7838765, 21.0682445 ], [ 105.783840399999988, 21.0677885 ], [ 105.783786399999983, 21.0672642 ], [ 105.783558199999987, 21.0660276 ], [ 105.783455299999986, 21.065673 ], [ 105.7830623, 21.0646543 ], [ 105.782702699999987, 21.0640148 ], [ 105.7811853, 21.0622999 ], [ 105.7810653, 21.0619459 ], [ 105.7809032, 21.0617835 ], [ 105.7806412, 21.06174 ], [ 105.7801044, 21.062185 ], [ 105.778101199999981, 21.0627978 ], [ 105.777825299999989, 21.0628053 ], [ 105.7775639, 21.0636194 ], [ 105.7754204, 21.0639695 ], [ 105.7749612, 21.0627137 ], [ 105.7729879, 21.063973 ], [ 105.772614799999985, 21.0642323 ], [ 105.772402900000017, 21.0653637 ], [ 105.772335799999979, 21.0667804 ], [ 105.7723981, 21.0674079 ], [ 105.7715517, 21.0692154 ], [ 105.7700747, 21.0701117 ], [ 105.768678799999989, 21.0715284 ], [ 105.7698305, 21.0721888 ], [ 105.7701357, 21.0722199 ], [ 105.7722278, 21.07326 ], [ 105.7721149, 21.0747635 ] ] ] } },
{ "type": "Feature", "properties": { "threshold_s": 300, "time_label": "5 minutes" }, "geometry": { "type": "Polygon", "coordinates": [ [ [ 105.7596272, 21.0654404 ], [ 105.7596799, 21.065543 ], [ 105.7604054, 21.0656671 ], [ 105.7614668, 21.0651777 ], [ 105.7616476, 21.065381 ], [ 105.7619017, 21.0658521 ], [ 105.7625724, 21.0663401 ], [ 105.762525599999989, 21.0666605 ], [ 105.762658300000012, 21.0661793 ], [ 105.7630184, 21.0655264 ], [ 105.763659300000015, 21.0645602 ], [ 105.7640318, 21.0646257 ], [ 105.7637426, 21.0640006 ], [ 105.7630199, 21.0644427 ], [ 105.7623518, 21.0644106 ], [ 105.761848299999983, 21.0647187 ], [ 105.761406, 21.0650471 ], [ 105.7596272, 21.0654404 ] ] ] } },
{ "type": "Feature", "properties": { "threshold_s": 600, "time_label": "10 minutes" }, "geometry": { "type": "Polygon", "coordinates": [ [ [ 105.7581228, 21.0645828 ], [ 105.756906299999983, 21.0659045 ], [ 105.758651, 21.0659367 ], [ 105.7596906, 21.0661988 ], [ 105.7615404, 21.0663076 ], [ 105.7612918, 21.0674504 ], [ 105.7614317, 21.0689636 ], [ 105.7615444, 21.0691254 ], [ 105.7629026, 21.0685178 ], [ 105.7642183, 21.0684053 ], [ 105.7646985, 21.0677055 ], [ 105.7651046, 21.0667009 ], [ 105.7662199, 21.0665006 ], [ 105.7661315, 21.0658541 ], [ 105.7654989, 21.0644818 ], [ 105.767640299999982, 21.0627929 ], [ 105.7653924, 21.0635937 ], [ 105.765137, 21.0636807 ], [ 105.7637426, 21.0640006 ], [ 105.7623518, 21.0644106 ], [ 105.7613101, 21.0633668 ], [ 105.7612877, 21.06286 ], [ 105.7600728, 21.06432 ], [ 105.7589726, 21.0640279 ], [ 105.7581228, 21.0640208 ], [ 105.7581228, 21.0643024 ], [ 105.7581228, 21.0645828 ] ] ] } },
{ "type": "Feature", "properties": { "threshold_s": 900, "time_label": "15 minutes" }, "geometry": { "type": "Polygon", "coordinates": [ [ [ 105.7537699, 21.0677561 ], [ 105.7538413, 21.0680072 ], [ 105.754036699999986, 21.0679372 ], [ 105.7565677, 21.0705963 ], [ 105.756534800000011, 21.0678315 ], [ 105.758651, 21.0659367 ], [ 105.7596906, 21.0661988 ], [ 105.7612918, 21.0674504 ], [ 105.761435, 21.0688403 ], [ 105.7610778, 21.0696203 ], [ 105.761181, 21.0699639 ], [ 105.761316, 21.0708232 ], [ 105.76127169999998, 21.0712255 ], [ 105.7614166, 21.0712255 ], [ 105.7617889, 21.0712109 ], [ 105.7627941, 21.0708954 ], [ 105.7647869, 21.0697471 ], [ 105.7662373, 21.0687282 ], [ 105.7662199, 21.0665006 ], [ 105.7661315, 21.0658541 ], [ 105.7670686, 21.0635791 ], [ 105.768093, 21.0628295 ], [ 105.7685477, 21.0625184 ], [ 105.7706927, 21.0617518 ], [ 105.7686719, 21.062429 ], [ 105.7683775, 21.0625252 ], [ 105.76813319999998, 21.0626143 ], [ 105.767640299999982, 21.0627929 ], [ 105.7653924, 21.0635937 ], [ 105.765137, 21.0636807 ], [ 105.7637426, 21.0640006 ], [ 105.7624365, 21.0624781 ], [ 105.7613577, 21.061509 ], [ 105.760295400000018, 21.0614966 ], [ 105.759308299999987, 21.0628357 ], [ 105.7581228, 21.0640208 ], [ 105.756906299999983, 21.0659045 ], [ 105.7539445, 21.0675798 ], [ 105.7537436, 21.0676507 ], [ 105.7537699, 21.0677561 ] ] ] } },
{ "type": "Feature", "properties": { "threshold_s": 300, "time_label": "5 minutes" }, "geometry": { "type": "Polygon", "coordinates": [ [ [ 105.734828099999987, 21.0547251 ], [ 105.734426099999979, 21.0554239 ], [ 105.7349588, 21.0553285 ], [ 105.735462, 21.055315 ], [ 105.735802899999982, 21.055245 ], [ 105.7360098, 21.0552017 ], [ 105.7363804, 21.0548824 ], [ 105.7362566, 21.0544004 ], [ 105.735759300000012, 21.0550187 ], [ 105.7353927, 21.0549718 ], [ 105.7352769, 21.0544039 ], [ 105.7351206, 21.0541573 ], [ 105.73522, 21.0532028 ], [ 105.7355569, 21.0529822 ], [ 105.735360299999982, 21.0526255 ], [ 105.7349923, 21.0528741 ], [ 105.735089, 21.0530025 ], [ 105.734562600000018, 21.0533613 ], [ 105.734200199999989, 21.0545255 ], [ 105.734250599999982, 21.0547537 ], [ 105.734828099999987, 21.0547251 ] ] ] } },
{ "type": "Feature", "properties": { "threshold_s": 600, "time_label": "10 minutes" }, "geometry": { "type": "Polygon", "coordinates": [ [ [ 105.7328977, 21.0542706 ], [ 105.7319303, 21.0549539 ], [ 105.7326452, 21.0555719 ], [ 105.734426099999979, 21.0554239 ], [ 105.7349588, 21.0553285 ], [ 105.7366097, 21.0557497 ], [ 105.7363804, 21.0548824 ], [ 105.738287400000019, 21.0547862 ], [ 105.7387483, 21.054521 ], [ 105.738822399999989, 21.0527055 ], [ 105.7384006, 21.0530011 ], [ 105.7379865, 21.05325 ], [ 105.7375489, 21.0535199 ], [ 105.73595229999998, 21.054093 ], [ 105.7355569, 21.0529822 ], [ 105.7360165, 21.0521764 ], [ 105.7362098, 21.0520439 ], [ 105.73664, 21.0517498 ], [ 105.736858199999986, 21.0515991 ], [ 105.7370473, 21.0512281 ], [ 105.7381611, 21.0507702 ], [ 105.7370022, 21.050602 ], [ 105.7358255, 21.0502339 ], [ 105.735572199999979, 21.050284 ], [ 105.735718599999984, 21.0515947 ], [ 105.7344697, 21.0526031 ], [ 105.733576299999982, 21.0538317 ], [ 105.7328977, 21.0542706 ] ] ] } },
{ "type": "Feature", "properties": { "threshold_s": 900, "time_label": "15 minutes" }, "geometry": { "type": "Polygon", "coordinates": [ [ [ 105.730246399999984, 21.0556478 ], [ 105.729521199999979, 21.0564141 ], [ 105.7302111, 21.0569228 ], [ 105.7317956, 21.0578646 ], [ 105.7321377, 21.0575775 ], [ 105.7339165, 21.056988 ], [ 105.7345053, 21.0569329 ], [ 105.734706099999983, 21.0568622 ], [ 105.737545299999979, 21.0592314 ], [ 105.7366097, 21.0557497 ], [ 105.738287400000019, 21.0547862 ], [ 105.7388592, 21.0554917 ], [ 105.7404149, 21.0559247 ], [ 105.74112479999998, 21.0557894 ], [ 105.7412564, 21.0538562 ], [ 105.7419705, 21.0535543 ], [ 105.7419749, 21.0532903 ], [ 105.741358199999979, 21.0518735 ], [ 105.7411098, 21.0516424 ], [ 105.7406976, 21.0506694 ], [ 105.741170499999981, 21.0495257 ], [ 105.740704, 21.0495016 ], [ 105.739068399999979, 21.0495141 ], [ 105.738120899999984, 21.0485909 ], [ 105.737723, 21.0482953 ], [ 105.735926, 21.0473693 ], [ 105.7357278, 21.0474211 ], [ 105.733923899999979, 21.0483075 ], [ 105.7336742, 21.048167 ], [ 105.7332581, 21.0479327 ], [ 105.732892199999981, 21.0481066 ], [ 105.733407899999989, 21.0498373 ], [ 105.7343687, 21.0510681 ], [ 105.7334639, 21.0518884 ], [ 105.733019699999986, 21.0519891 ], [ 105.732778599999989, 21.0530674 ], [ 105.7308847, 21.0526506 ], [ 105.7307623, 21.0528051 ], [ 105.7300039, 21.0536715 ], [ 105.7296833, 21.0539923 ], [ 105.730246399999984, 21.0556478 ] ] ] } },
{ "type": "Feature", "properties": { "threshold_s": 300, "time_label": "5 minutes" }, "geometry": { "type": "Polygon", "coordinates": [ [ [ 105.8605265, 21.0044963 ], [ 105.860856, 21.005008 ], [ 105.8610784, 21.0051733 ], [ 105.8614581, 21.0053713 ], [ 105.8617773, 21.0054006 ], [ 105.8610969, 21.0050114 ], [ 105.8611694, 21.0043248 ], [ 105.8612172, 21.0038564 ], [ 105.861760599999982, 21.0032616 ], [ 105.862576099999984, 21.0032949 ], [ 105.8632241, 21.0033093 ], [ 105.8634298, 21.0039835 ], [ 105.863283399999986, 21.0045297 ], [ 105.863324, 21.0046768 ], [ 105.863789399999987, 21.0049051 ], [ 105.8640388, 21.0044448 ], [ 105.8637875, 21.0040502 ], [ 105.864330699999982, 21.0034281 ], [ 105.8651001, 21.003396 ], [ 105.8652691, 21.0033408 ], [ 105.8652569, 21.0029825 ], [ 105.8651698, 21.0025612 ], [ 105.8644929, 21.0021616 ], [ 105.8643691, 21.0021296 ], [ 105.863635099999982, 21.0020735 ], [ 105.863066, 21.0014618 ], [ 105.863068899999988, 21.001149 ], [ 105.8630631, 21.0006999 ], [ 105.862391, 21.0011589 ], [ 105.8620643, 21.0003536 ], [ 105.862069, 21.0003104 ], [ 105.862002100000012, 21.0003475 ], [ 105.8619286, 21.0004133 ], [ 105.8613829, 21.0011347 ], [ 105.8614664, 21.0011413 ], [ 105.8619137, 21.001148 ], [ 105.86221759999998, 21.0017429 ], [ 105.862614, 21.0020943 ], [ 105.8620768, 21.0026977 ], [ 105.861808, 21.0026876 ], [ 105.8613494, 21.0024668 ], [ 105.8612487, 21.0024585 ], [ 105.8606565, 21.002238 ], [ 105.860192799999979, 21.0020093 ], [ 105.8596918, 21.0022291 ], [ 105.859186899999983, 21.0027521 ], [ 105.859175, 21.0029072 ], [ 105.859660399999981, 21.0033667 ], [ 105.860177399999984, 21.0037367 ], [ 105.860296799999986, 21.004267 ], [ 105.8605265, 21.0044963 ] ] ] } },
{ "type": "Feature", "properties": { "threshold_s": 600, "time_label": "10 minutes" }, "geometry": { "type": "Polygon", "coordinates": [ [ [ 105.8603408, 21.0080573 ], [ 105.86039479999998, 21.0082565 ], [ 105.86064, 21.0081672 ], [ 105.860723, 21.0081382 ], [ 105.8623816, 21.008279 ], [ 105.863261199999982, 21.0070738 ], [ 105.864577, 21.0067193 ], [ 105.865177599999981, 21.0064481 ], [ 105.8652538, 21.0064162 ], [ 105.865717099999983, 21.0062383 ], [ 105.866472799999983, 21.0059629 ], [ 105.866981, 21.0047453 ], [ 105.8667563, 21.0037343 ], [ 105.867798599999986, 21.0030019 ], [ 105.8685107, 21.0030141 ], [ 105.8685111, 21.0029603 ], [ 105.8685065, 21.0026882 ], [ 105.8677741, 21.0021701 ], [ 105.8672983, 21.0014917 ], [ 105.8668002, 21.0010488 ], [ 105.8660107, 21.0000615 ], [ 105.8648919, 20.9996065 ], [ 105.8635899, 20.99871 ], [ 105.8622935, 20.9982259 ], [ 105.8623999, 20.9972318 ], [ 105.862408099999982, 20.9971575 ], [ 105.8618558, 20.9976095 ], [ 105.8610312, 20.9987872 ], [ 105.8605483, 20.9987951 ], [ 105.859340299999985, 20.9996354 ], [ 105.8579849, 21.0002349 ], [ 105.8577168, 21.0012173 ], [ 105.856964, 21.0017469 ], [ 105.856255, 21.0022821 ], [ 105.8557098, 21.0027077 ], [ 105.8557235, 21.0027755 ], [ 105.855740299999979, 21.0028438 ], [ 105.856911199999985, 21.0038458 ], [ 105.8567634, 21.0041997 ], [ 105.8579793, 21.0042532 ], [ 105.85808609999998, 21.0052583 ], [ 105.8589171, 21.0057513 ], [ 105.8591838, 21.0065084 ], [ 105.860343299999982, 21.007231 ], [ 105.8603408, 21.0080573 ] ] ] } },
{ "type": "Feature", "properties": { "threshold_s": 900, "time_label": "15 minutes" }, "geometry": { "type": "Polygon", "coordinates": [ [ [ 105.857348, 21.0088978 ], [ 105.8573793, 21.0092148 ], [ 105.859657, 21.0110245 ], [ 105.8605956, 21.0110331 ], [ 105.8616078, 21.01053 ], [ 105.86309559999998, 21.0097553 ], [ 105.865509500000016, 21.0090308 ], [ 105.8659756, 21.0088613 ], [ 105.866148899999985, 21.008615 ], [ 105.8672713, 21.007109 ], [ 105.868844599999989, 21.0058414 ], [ 105.869068899999988, 21.0055396 ], [ 105.869744399999988, 21.004706 ], [ 105.8712716, 21.0033283 ], [ 105.87067949999998, 21.0009063 ], [ 105.869474200000013, 21.000123 ], [ 105.867527, 20.9983386 ], [ 105.865567899999988, 20.997256 ], [ 105.863679599999983, 20.9955707 ], [ 105.8627836, 20.9943182 ], [ 105.8627062, 20.9943137 ], [ 105.8621363, 20.9944896 ], [ 105.861947199999989, 20.9945666 ], [ 105.8603849, 20.995473 ], [ 105.8587287, 20.9966954 ], [ 105.8576601, 20.9971923 ], [ 105.85608, 20.9989388 ], [ 105.853658, 21.0005425 ], [ 105.8523507, 21.002951 ], [ 105.8523523, 21.0030081 ], [ 105.85238, 21.0031431 ], [ 105.8530806, 21.0042072 ], [ 105.854839, 21.0058176 ], [ 105.855586099999982, 21.0067039 ], [ 105.857348, 21.0088978 ] ] ] } },
{ "type": "Feature", "properties": { "threshold_s": 300, "time_label": "5 minutes" }, "geometry": { "type": "Polygon", "coordinates": [ [ [ 105.853862399999983, 21.138913 ], [ 105.8538113, 21.1397784 ], [ 105.854812199999984, 21.1397961 ], [ 105.8558802, 21.1398399 ], [ 105.856841599999981, 21.1396416 ], [ 105.8577798, 21.1401549 ], [ 105.8580458, 21.1403234 ], [ 105.8585961, 21.1400469 ], [ 105.858440499999986, 21.1400579 ], [ 105.857455799999983, 21.1389808 ], [ 105.8577837, 21.1387175 ], [ 105.8582081, 21.1385596 ], [ 105.859192, 21.1384211 ], [ 105.8597452, 21.137812 ], [ 105.8594177, 21.1374145 ], [ 105.858946800000012, 21.1369246 ], [ 105.858150599999988, 21.1371178 ], [ 105.8578136, 21.1370942 ], [ 105.857109, 21.1363321 ], [ 105.856317099999984, 21.1364139 ], [ 105.856240499999984, 21.1364555 ], [ 105.8550203, 21.1360029 ], [ 105.855004199999982, 21.1369308 ], [ 105.8551177, 21.1371127 ], [ 105.855318, 21.1380244 ], [ 105.8550969, 21.1388488 ], [ 105.853862399999983, 21.138913 ] ] ] } },
{ "type": "Feature", "properties": { "threshold_s": 600, "time_label": "10 minutes" }, "geometry": { "type": "Polygon", "coordinates": [ [ [ 105.8512237, 21.140058 ], [ 105.8507647, 21.1404074 ], [ 105.851633899999982, 21.1403835 ], [ 105.8525813, 21.1416368 ], [ 105.853421699999984, 21.1418431 ], [ 105.8547172, 21.1418873 ], [ 105.8568797, 21.142228 ], [ 105.8587887, 21.1414498 ], [ 105.8596078, 21.1425245 ], [ 105.859733899999981, 21.1426971 ], [ 105.8599609, 21.1430077 ], [ 105.860801099999989, 21.1411994 ], [ 105.861976799999979, 21.1405426 ], [ 105.861552499999988, 21.1389405 ], [ 105.8624366, 21.138356 ], [ 105.8626378, 21.1380469 ], [ 105.862857799999986, 21.1376357 ], [ 105.862296699999987, 21.1366592 ], [ 105.8620691, 21.1363082 ], [ 105.861727699999989, 21.1358348 ], [ 105.860851, 21.1351473 ], [ 105.859385499999988, 21.133839 ], [ 105.8581707, 21.1344866 ], [ 105.857129799999981, 21.133605 ], [ 105.8567103, 21.1330586 ], [ 105.855888, 21.1337463 ], [ 105.854180099999979, 21.1338571 ], [ 105.8535097, 21.1338503 ], [ 105.853124, 21.1339715 ], [ 105.853560099999982, 21.1346493 ], [ 105.854631699999985, 21.1362905 ], [ 105.855004199999982, 21.1369308 ], [ 105.8532948, 21.1380923 ], [ 105.852702399999984, 21.1375222 ], [ 105.851889499999984, 21.137999 ], [ 105.8521771, 21.1381417 ], [ 105.8515496, 21.1400302 ], [ 105.8512237, 21.140058 ] ] ] } },
{ "type": "Feature", "properties": { "threshold_s": 900, "time_label": "15 minutes" }, "geometry": { "type": "Polygon", "coordinates": [ [ [ 105.848559, 21.1391029 ], [ 105.847377399999985, 21.1408447 ], [ 105.848076, 21.1412966 ], [ 105.848716499999981, 21.1414983 ], [ 105.8503146, 21.1432653 ], [ 105.850516399999989, 21.1433909 ], [ 105.8512874, 21.1438544 ], [ 105.85155109999998, 21.1438995 ], [ 105.8538428, 21.1442636 ], [ 105.855109, 21.144539 ], [ 105.8560709, 21.1438488 ], [ 105.8568797, 21.142228 ], [ 105.8587887, 21.1414498 ], [ 105.8596078, 21.1425245 ], [ 105.859733899999981, 21.1426971 ], [ 105.8599609, 21.1430077 ], [ 105.8607773, 21.1423353 ], [ 105.8629784, 21.1423473 ], [ 105.8633381, 21.1422057 ], [ 105.8638045, 21.141917 ], [ 105.8628952, 21.1402496 ], [ 105.86325069999998, 21.1382387 ], [ 105.863655499999979, 21.1376204 ], [ 105.863045700000015, 21.1360032 ], [ 105.863865299999986, 21.1347481 ], [ 105.862935899999982, 21.1327039 ], [ 105.8619158, 21.1321234 ], [ 105.8603026, 21.1311437 ], [ 105.860146, 21.1315697 ], [ 105.8578387, 21.1328301 ], [ 105.856707699999987, 21.1326545 ], [ 105.8549894, 21.1334224 ], [ 105.8526717, 21.1334155 ], [ 105.8521622, 21.13365 ], [ 105.85216, 21.1344019 ], [ 105.8513533, 21.1364143 ], [ 105.850430399999979, 21.1372229 ], [ 105.849393, 21.1394329 ], [ 105.848559, 21.1391029 ] ] ] } },
{ "type": "Feature", "properties": { "threshold_s": 300, "time_label": "5 minutes" }, "geometry": { "type": "Polygon", "coordinates": [ [ [ 105.8750203, 21.1120826 ], [ 105.87494169999998, 21.1129267 ], [ 105.8756706, 21.1131725 ], [ 105.8766359, 21.1132171 ], [ 105.8776447, 21.1135253 ], [ 105.8787497, 21.113181 ], [ 105.878841, 21.1129407 ], [ 105.878896, 21.1127947 ], [ 105.879586599999982, 21.1120015 ], [ 105.880006, 21.1118605 ], [ 105.8798389, 21.1118092 ], [ 105.879704, 21.1117679 ], [ 105.8792809, 21.1116237 ], [ 105.8790221, 21.1115378 ], [ 105.8787427, 21.1114585 ], [ 105.8781991, 21.1112554 ], [ 105.8773288, 21.1106999 ], [ 105.877588599999982, 21.1097192 ], [ 105.8776069, 21.1095539 ], [ 105.8772864, 21.108971 ], [ 105.877049, 21.1086531 ], [ 105.876740799999979, 21.1089476 ], [ 105.8770013, 21.1106998 ], [ 105.8767552, 21.1116243 ], [ 105.8756626, 21.1121167 ], [ 105.874783199999982, 21.1101906 ], [ 105.8743968, 21.1102167 ], [ 105.8743141, 21.1110182 ], [ 105.8750203, 21.1120826 ] ] ] } },
{ "type": "Feature", "properties": { "threshold_s": 600, "time_label": "10 minutes" }, "geometry": { "type": "Polygon", "coordinates": [ [ [ 105.875399699999988, 21.1149666 ], [ 105.875563199999988, 21.1162602 ], [ 105.876633, 21.1159957 ], [ 105.8777413, 21.1160225 ], [ 105.8781074, 21.11607 ], [ 105.878328, 21.1160031 ], [ 105.879273, 21.1154002 ], [ 105.878986199999986, 21.1143026 ], [ 105.879546399999981, 21.1130624 ], [ 105.8805362, 21.1135334 ], [ 105.88067359999998, 21.1133089 ], [ 105.881375599999984, 21.1121404 ], [ 105.880356899999981, 21.1119165 ], [ 105.880006, 21.1118605 ], [ 105.8798389, 21.1118092 ], [ 105.879416799999987, 21.1103819 ], [ 105.8781991, 21.1112554 ], [ 105.8773288, 21.1106999 ], [ 105.877588599999982, 21.1097192 ], [ 105.8776069, 21.1095539 ], [ 105.8772864, 21.108971 ], [ 105.877049, 21.1086531 ], [ 105.875294499999981, 21.1070458 ], [ 105.876740799999979, 21.1089476 ], [ 105.8770013, 21.1106998 ], [ 105.8767552, 21.1116243 ], [ 105.8756626, 21.1121167 ], [ 105.8750203, 21.1120826 ], [ 105.8743141, 21.1110182 ], [ 105.874783199999982, 21.1101906 ], [ 105.8743968, 21.1102167 ], [ 105.8736596, 21.1105878 ], [ 105.872824799999989, 21.1096244 ], [ 105.8727953, 21.1093892 ], [ 105.8723018, 21.1090865 ], [ 105.871376, 21.1099075 ], [ 105.871041099999985, 21.1107705 ], [ 105.871008900000021, 21.1110257 ], [ 105.871627, 21.1120475 ], [ 105.8725592, 21.1130875 ], [ 105.8737978, 21.1139206 ], [ 105.874788199999983, 21.1147639 ], [ 105.875399699999988, 21.1149666 ] ] ] } },
{ "type": "Feature", "properties": { "threshold_s": 900, "time_label": "15 minutes" }, "geometry": { "type": "Polygon", "coordinates": [ [ [ 105.8724657, 21.1173662 ], [ 105.8730273, 21.1189637 ], [ 105.8734024, 21.1189701 ], [ 105.874741199999988, 21.1176213 ], [ 105.876633, 21.1159957 ], [ 105.87902, 21.118011 ], [ 105.8800399, 21.1156359 ], [ 105.883237099999988, 21.1149153 ], [ 105.883874799999987, 21.1144711 ], [ 105.884692099999981, 21.1114008 ], [ 105.881375599999984, 21.1121404 ], [ 105.879416799999987, 21.1103819 ], [ 105.877049, 21.1086531 ], [ 105.875294499999981, 21.1070458 ], [ 105.8763703, 21.1024963 ], [ 105.874018399999983, 21.1029396 ], [ 105.87333169999998, 21.1064666 ], [ 105.8719573, 21.1069745 ], [ 105.8715369, 21.1069998 ], [ 105.871324799999982, 21.1091765 ], [ 105.868630899999985, 21.1100702 ], [ 105.868598, 21.1105836 ], [ 105.8694667, 21.1134828 ], [ 105.8694327, 21.1148129 ], [ 105.871231399999985, 21.1154835 ], [ 105.8724657, 21.1173662 ] ] ] } },
{ "type": "Feature", "properties": { "threshold_s": 300, "time_label": "5 minutes" }, "geometry": { "type": "Polygon", "coordinates": [ [ [ 105.770969599999987, 21.036139 ], [ 105.7712487, 21.036637 ], [ 105.771882099999985, 21.0364483 ], [ 105.772509199999988, 21.0367196 ], [ 105.772790499999985, 21.0363591 ], [ 105.7734843, 21.0367564 ], [ 105.7736938, 21.0374191 ], [ 105.773321699999983, 21.0378002 ], [ 105.7734013, 21.0378556 ], [ 105.7736217, 21.0377966 ], [ 105.773981899999981, 21.0376951 ], [ 105.773847, 21.036964 ], [ 105.774028199999989, 21.0365814 ], [ 105.773936399999982, 21.0358541 ], [ 105.774488299999987, 21.035715 ], [ 105.774976899999984, 21.0354335 ], [ 105.774755, 21.035402 ], [ 105.774271500000012, 21.0352104 ], [ 105.7734647, 21.035223 ], [ 105.7729632, 21.0350273 ], [ 105.773057399999985, 21.0343988 ], [ 105.773376299999981, 21.0340652 ], [ 105.774095799999984, 21.0342728 ], [ 105.77477159999998, 21.0338876 ], [ 105.7744548, 21.0333109 ], [ 105.7747332, 21.0330217 ], [ 105.774641399999979, 21.0329699 ], [ 105.774021, 21.0331761 ], [ 105.773648699999981, 21.0328739 ], [ 105.773369, 21.0325625 ], [ 105.773404899999989, 21.0326398 ], [ 105.7735615, 21.0329713 ], [ 105.77318, 21.0335253 ], [ 105.772308599999988, 21.0330289 ], [ 105.772289299999983, 21.03296 ], [ 105.7715799, 21.0329838 ], [ 105.771609699999985, 21.0331057 ], [ 105.7716289, 21.0331725 ], [ 105.772440399999979, 21.0334479 ], [ 105.772563099999985, 21.0338153 ], [ 105.7725927, 21.0339267 ], [ 105.7727046, 21.0342357 ], [ 105.7719524, 21.0344821 ], [ 105.771757399999984, 21.0350042 ], [ 105.7713889, 21.035128 ], [ 105.7709831, 21.0351129 ], [ 105.7705228, 21.0353518 ], [ 105.770575799999989, 21.0354548 ], [ 105.770969599999987, 21.036139 ] ] ] } },
{ "type": "Feature", "properties": { "threshold_s": 600, "time_label": "10 minutes" }, "geometry": { "type": "Polygon", "coordinates": [ [ [ 105.7703311, 21.0383083 ], [ 105.7703758, 21.0384437 ], [ 105.771136, 21.0387466 ], [ 105.772585799999987, 21.039475 ], [ 105.7726789, 21.0397449 ], [ 105.7730004, 21.0396426 ], [ 105.7745379, 21.0392098 ], [ 105.7752688, 21.0396223 ], [ 105.7759788, 21.0393997 ], [ 105.7759575, 21.0393324 ], [ 105.776357, 21.0378503 ], [ 105.7768958, 21.0376632 ], [ 105.777366299999983, 21.0366963 ], [ 105.7773514, 21.0365938 ], [ 105.7780869, 21.0350924 ], [ 105.777715499999985, 21.0347307 ], [ 105.7767815, 21.0334088 ], [ 105.7764269, 21.0328701 ], [ 105.7762445, 21.0312893 ], [ 105.776195299999983, 21.0310112 ], [ 105.775845, 21.0302874 ], [ 105.7754617, 21.0300143 ], [ 105.7753033, 21.0300316 ], [ 105.774925399999987, 21.0305967 ], [ 105.7733026, 21.0311928 ], [ 105.7735728, 21.0321681 ], [ 105.772289299999983, 21.03296 ], [ 105.7711716, 21.0317506 ], [ 105.771166599999987, 21.0315071 ], [ 105.769713699999983, 21.0315185 ], [ 105.7695533, 21.0315535 ], [ 105.7694814, 21.0315692 ], [ 105.7693382, 21.0319824 ], [ 105.7693654, 21.0320898 ], [ 105.7695593, 21.033232 ], [ 105.7682819, 21.0337311 ], [ 105.7680893, 21.035073 ], [ 105.7681206, 21.0351658 ], [ 105.768530499999983, 21.0360225 ], [ 105.769994299999979, 21.0363841 ], [ 105.770374, 21.037908 ], [ 105.7703311, 21.0383083 ] ] ] } },
{ "type": "Feature", "properties": { "threshold_s": 900, "time_label": "15 minutes" }, "geometry": { "type": "Polygon", "coordinates": [ [ [ 105.767188299999987, 21.0395569 ], [ 105.7672043, 21.0396035 ], [ 105.768456, 21.0405118 ], [ 105.7690354, 21.0408183 ], [ 105.769878, 21.0412519 ], [ 105.7713461, 21.0416838 ], [ 105.772362700000016, 21.0411406 ], [ 105.7732199, 21.0417876 ], [ 105.773259699999983, 21.0419004 ], [ 105.7734151, 21.0423066 ], [ 105.7735501, 21.0426467 ], [ 105.7736562, 21.0429337 ], [ 105.7737797, 21.0428894 ], [ 105.774984099999983, 21.0421642 ], [ 105.7750703, 21.0421041 ], [ 105.7760498, 21.0417894 ], [ 105.7768532, 21.0419938 ], [ 105.77728519999998, 21.041153 ], [ 105.777131399999988, 21.0406542 ], [ 105.777551, 21.0394662 ], [ 105.7775124, 21.0393507 ], [ 105.7774799, 21.039249 ], [ 105.7773757, 21.0384544 ], [ 105.778368299999983, 21.037638 ], [ 105.779108399999984, 21.0376081 ], [ 105.7800646, 21.0374809 ], [ 105.7801182, 21.0374659 ], [ 105.7802978, 21.0368824 ], [ 105.7802324, 21.036382 ], [ 105.780626199999986, 21.035033 ], [ 105.7805653, 21.0346607 ], [ 105.7798788, 21.0333121 ], [ 105.779713099999981, 21.0324323 ], [ 105.7796083, 21.0324453 ], [ 105.7788762, 21.0325363 ], [ 105.7780035, 21.0325455 ], [ 105.7774912, 21.0311847 ], [ 105.7782383, 21.0304184 ], [ 105.7783728, 21.0291081 ], [ 105.77836809999998, 21.0290811 ], [ 105.778354099999987, 21.0290011 ], [ 105.7771185, 21.0283329 ], [ 105.77638229999998, 21.0278184 ], [ 105.7748678, 21.0276074 ], [ 105.774137399999987, 21.0279972 ], [ 105.7728338, 21.0282265 ], [ 105.7715372, 21.0292721 ], [ 105.7707977, 21.0289759 ], [ 105.7695692, 21.028636 ], [ 105.7691999, 21.0287069 ], [ 105.7685325, 21.0289248 ], [ 105.768008, 21.0303998 ], [ 105.767618299999981, 21.0305219 ], [ 105.7672143, 21.03162 ], [ 105.7661611, 21.0324653 ], [ 105.7654392, 21.0336352 ], [ 105.764906300000021, 21.0347834 ], [ 105.7657788, 21.0360829 ], [ 105.7654691, 21.0367709 ], [ 105.7654789, 21.0368357 ], [ 105.765497, 21.0369128 ], [ 105.7655768, 21.0372061 ], [ 105.767167, 21.0376593 ], [ 105.767261199999979, 21.037941 ], [ 105.767188299999987, 21.0395569 ] ] ] } },
{ "type": "Feature", "properties": { "threshold_s": 300, "time_label": "5 minutes" }, "geometry": { "type": "Polygon", "coordinates": [ [ [ 105.7818524, 21.1856757 ], [ 105.781287500000019, 21.1857081 ], [ 105.7818617, 21.1864837 ], [ 105.7833731, 21.1860711 ], [ 105.783469699999984, 21.1856072 ], [ 105.783375599999985, 21.1856112 ], [ 105.7818524, 21.1856757 ] ] ] } },
{ "type": "Feature", "properties": { "threshold_s": 600, "time_label": "10 minutes" }, "geometry": { "type": "Polygon", "coordinates": [ [ [ 105.7795912, 21.1871278 ], [ 105.7796073, 21.1877305 ], [ 105.7803573, 21.1874237 ], [ 105.7806257, 21.1884682 ], [ 105.781342699999982, 21.187713 ], [ 105.7815076, 21.1876967 ], [ 105.7818833, 21.1870744 ], [ 105.7818617, 21.1864837 ], [ 105.7833731, 21.1860711 ], [ 105.783469699999984, 21.1856072 ], [ 105.783375599999985, 21.1856112 ], [ 105.7818524, 21.1856757 ], [ 105.781287500000019, 21.1857081 ], [ 105.780512499999986, 21.1855099 ], [ 105.780288499999983, 21.1855148 ], [ 105.7801626, 21.1856724 ], [ 105.7805305, 21.1859752 ], [ 105.780333299999981, 21.1867322 ], [ 105.7795724, 21.1866251 ], [ 105.7795912, 21.1871278 ] ] ] } },
{ "type": "Feature", "properties": { "threshold_s": 900, "time_label": "15 minutes" }, "geometry": { "type": "Polygon", "coordinates": [ [ [ 105.77987109999998, 21.1897524 ], [ 105.778602, 21.1899994 ], [ 105.779883899999987, 21.1899211 ], [ 105.7807128, 21.1908739 ], [ 105.780715699999988, 21.190956 ], [ 105.7807305, 21.1913631 ], [ 105.7807434, 21.1917191 ], [ 105.780830399999985, 21.1917191 ], [ 105.781720599999986, 21.1909456 ], [ 105.782281499999982, 21.1897787 ], [ 105.78076470000002, 21.1898188 ], [ 105.780674799999986, 21.1898259 ], [ 105.780448400000012, 21.1898484 ], [ 105.7806257, 21.1884682 ], [ 105.7815076, 21.1876967 ], [ 105.7818833, 21.1870744 ], [ 105.7818617, 21.1864837 ], [ 105.7833731, 21.1860711 ], [ 105.783469699999984, 21.1856072 ], [ 105.783375599999985, 21.1856112 ], [ 105.7818524, 21.1856757 ], [ 105.781287500000019, 21.1857081 ], [ 105.780512499999986, 21.1855099 ], [ 105.781832199999982, 21.1839566 ], [ 105.7815871, 21.1834204 ], [ 105.781331099999989, 21.1835177 ], [ 105.7805323, 21.183768 ], [ 105.7794971, 21.1828504 ], [ 105.7795159, 21.183187 ], [ 105.7795188, 21.1834651 ], [ 105.7802264, 21.1838286 ], [ 105.780288499999983, 21.1855148 ], [ 105.7801568, 21.1855166 ], [ 105.7793337, 21.185087 ], [ 105.7793577, 21.1855415 ], [ 105.777913699999985, 21.1860689 ], [ 105.777911500000016, 21.1857391 ], [ 105.777876599999985, 21.1853196 ], [ 105.777756599999989, 21.1855943 ], [ 105.7775554, 21.1860924 ], [ 105.777930899999987, 21.1863325 ], [ 105.7783064, 21.1865776 ], [ 105.7795724, 21.1866251 ], [ 105.7795912, 21.1871278 ], [ 105.7796073, 21.1877305 ], [ 105.77987109999998, 21.1897524 ] ] ] } },
{ "type": "Feature", "properties": { "threshold_s": 300, "time_label": "5 minutes" }, "geometry": { "type": "Polygon", "coordinates": [ [ [ 105.7889457, 20.9728103 ], [ 105.789111, 20.9736199 ], [ 105.7898143, 20.974063 ], [ 105.790082799999979, 20.9736632 ], [ 105.7909305, 20.973831 ], [ 105.791214299999979, 20.9744124 ], [ 105.791464, 20.9745694 ], [ 105.791862599999988, 20.9748415 ], [ 105.792893799999987, 20.9758345 ], [ 105.7925731, 20.9735243 ], [ 105.7926831, 20.9729934 ], [ 105.7926979, 20.9724635 ], [ 105.7916179, 20.9725501 ], [ 105.791541699999982, 20.9715448 ], [ 105.791079699999983, 20.9728367 ], [ 105.7901584, 20.9734479 ], [ 105.7896923, 20.9728711 ], [ 105.789536, 20.9727521 ], [ 105.7889457, 20.9728103 ] ] ] } },
{ "type": "Feature", "properties": { "threshold_s": 600, "time_label": "10 minutes" }, "geometry": { "type": "Polygon", "coordinates": [ [ [ 105.7880806, 20.9772228 ], [ 105.7893362, 20.9785751 ], [ 105.78956909999998, 20.9787378 ], [ 105.789728899999986, 20.9784507 ], [ 105.7898992, 20.9781059 ], [ 105.7916483, 20.9779253 ], [ 105.7932084, 20.978419 ], [ 105.7940245, 20.9781035 ], [ 105.794971, 20.9765948 ], [ 105.79515, 20.9764013 ], [ 105.795669899999979, 20.9757835 ], [ 105.7954629, 20.9748244 ], [ 105.794863, 20.9740513 ], [ 105.794799399999988, 20.9747072 ], [ 105.7946026, 20.9754588 ], [ 105.792893799999987, 20.9758345 ], [ 105.791862599999988, 20.9748415 ], [ 105.7925731, 20.9735243 ], [ 105.7926831, 20.9729934 ], [ 105.7928806, 20.9722449 ], [ 105.793677, 20.9714318 ], [ 105.7938038, 20.9710853 ], [ 105.7933162, 20.9707733 ], [ 105.793096599999984, 20.9692457 ], [ 105.791423599999987, 20.9689305 ], [ 105.790628, 20.9690301 ], [ 105.78896589999998, 20.9697023 ], [ 105.7874172, 20.970446 ], [ 105.787119899999979, 20.9717604 ], [ 105.786599399999986, 20.9730858 ], [ 105.7868018, 20.9747448 ], [ 105.7868845, 20.9751172 ], [ 105.786980699999987, 20.9754666 ], [ 105.7872274, 20.9760896 ], [ 105.7880806, 20.9772228 ] ] ] } },
{ "type": "Feature", "properties": { "threshold_s": 900, "time_label": "15 minutes" }, "geometry": { "type": "Polygon", "coordinates": [ [ [ 105.78530619999998, 20.9779758 ], [ 105.785947400000012, 20.9791501 ], [ 105.7861051, 20.9792739 ], [ 105.7884587, 20.980854 ], [ 105.7890262, 20.9809402 ], [ 105.790693300000015, 20.9803001 ], [ 105.794063599999987, 20.9798748 ], [ 105.7950886, 20.9804901 ], [ 105.7959793, 20.9794478 ], [ 105.7985825, 20.9778969 ], [ 105.7977127, 20.977203 ], [ 105.7963904, 20.9750964 ], [ 105.7971136, 20.9736176 ], [ 105.7968944, 20.9731335 ], [ 105.7958502, 20.9706657 ], [ 105.795436400000014, 20.967844 ], [ 105.7953754, 20.966789 ], [ 105.794209599999988, 20.9673258 ], [ 105.79238, 20.9684593 ], [ 105.7909904, 20.9687793 ], [ 105.7875856, 20.968002 ], [ 105.7846405, 20.9694119 ], [ 105.7841783, 20.9704669 ], [ 105.7836656, 20.9722347 ], [ 105.783758399999982, 20.9749732 ], [ 105.78530619999998, 20.9779758 ] ] ] } },
{ "type": "Feature", "properties": { "threshold_s": 300, "time_label": "5 minutes" }, "geometry": { "type": "Polygon", "coordinates": [ [ [ 105.7734215, 21.0454738 ], [ 105.773472, 21.045547 ], [ 105.774288499999983, 21.0456265 ], [ 105.7745847, 21.0457265 ], [ 105.774618300000014, 21.045314 ], [ 105.7751127, 21.0449205 ], [ 105.7756651, 21.045321 ], [ 105.7759983, 21.0453247 ], [ 105.775728699999988, 21.0466295 ], [ 105.775346899999988, 21.0466608 ], [ 105.7757684, 21.0471959 ], [ 105.7765979, 21.0464151 ], [ 105.777214799999982, 21.0459895 ], [ 105.7774027, 21.045569 ], [ 105.777965099999989, 21.0453752 ], [ 105.7783303, 21.0450637 ], [ 105.778045399999982, 21.0446764 ], [ 105.778124299999988, 21.0442541 ], [ 105.7787952, 21.0438048 ], [ 105.778480799999983, 21.0438392 ], [ 105.77815769999998, 21.0439175 ], [ 105.7775565, 21.0434965 ], [ 105.777283899999986, 21.0428679 ], [ 105.776939, 21.0424602 ], [ 105.7761825, 21.0421953 ], [ 105.775574, 21.0419286 ], [ 105.775223100000019, 21.0416066 ], [ 105.774921099999986, 21.0415313 ], [ 105.774786799999987, 21.041567 ], [ 105.774866, 21.0418066 ], [ 105.7744004, 21.0423437 ], [ 105.7737797, 21.0428894 ], [ 105.7736562, 21.0429337 ], [ 105.773926, 21.0432611 ], [ 105.774515, 21.043639 ], [ 105.774269799999985, 21.044213 ], [ 105.7744164, 21.0446554 ], [ 105.7738513, 21.0449957 ], [ 105.7734215, 21.0454738 ] ] ] } },
{ "type": "Feature", "properties": { "threshold_s": 600, "time_label": "10 minutes" }, "geometry": { "type": "Polygon", "coordinates": [ [ [ 105.772926, 21.0458118 ], [ 105.7734264, 21.0469145 ], [ 105.773664599999989, 21.045974 ], [ 105.7745847, 21.0457265 ], [ 105.775346899999988, 21.0466608 ], [ 105.7757684, 21.0471959 ], [ 105.7758361, 21.0483626 ], [ 105.7769429, 21.0470715 ], [ 105.777214799999982, 21.0459895 ], [ 105.778127799999979, 21.0456712 ], [ 105.779164, 21.0461272 ], [ 105.7796723, 21.0462948 ], [ 105.780998699999984, 21.0460408 ], [ 105.7810922, 21.0459104 ], [ 105.78106409999998, 21.0453649 ], [ 105.7810013, 21.0451438 ], [ 105.780938899999981, 21.0451449 ], [ 105.7802463, 21.0436753 ], [ 105.780231599999979, 21.0422107 ], [ 105.7790672, 21.0410343 ], [ 105.777721699999987, 21.0403031 ], [ 105.7767437, 21.0396798 ], [ 105.7759575, 21.0393324 ], [ 105.7750577, 21.0390277 ], [ 105.7743743, 21.0385358 ], [ 105.773981399999983, 21.0386444 ], [ 105.7732008, 21.0392939 ], [ 105.7726789, 21.0397449 ], [ 105.772644699999987, 21.0401612 ], [ 105.7726687, 21.0402242 ], [ 105.772994499999982, 21.0411484 ], [ 105.7719696, 21.0423778 ], [ 105.771706099999989, 21.0424997 ], [ 105.771202, 21.0426562 ], [ 105.772123899999983, 21.0427653 ], [ 105.7730037, 21.0435476 ], [ 105.774269799999985, 21.044213 ], [ 105.7738513, 21.0449957 ], [ 105.7734215, 21.0454738 ], [ 105.772926, 21.0458118 ] ] ] } },
{ "type": "Feature", "properties": { "threshold_s": 900, "time_label": "15 minutes" }, "geometry": { "type": "Polygon", "coordinates": [ [ [ 105.772926, 21.0458118 ], [ 105.7734264, 21.0469145 ], [ 105.7757684, 21.0471959 ], [ 105.7758361, 21.0483626 ], [ 105.7769429, 21.0470715 ], [ 105.779164, 21.0461272 ], [ 105.7796723, 21.0462948 ], [ 105.7807416, 21.0481428 ], [ 105.7807418, 21.0482023 ], [ 105.780739800000021, 21.0483962 ], [ 105.7807391, 21.0484279 ], [ 105.7816444, 21.0487182 ], [ 105.781728799999982, 21.0485204 ], [ 105.783305299999981, 21.0468559 ], [ 105.7841423, 21.0463316 ], [ 105.784338, 21.0461717 ], [ 105.7844384, 21.0459789 ], [ 105.7834671, 21.0452382 ], [ 105.782549799999984, 21.0444242 ], [ 105.7821136, 21.0432961 ], [ 105.781719399999986, 21.0415843 ], [ 105.7806703, 21.0397694 ], [ 105.7806568, 21.0394598 ], [ 105.780627399999986, 21.0392619 ], [ 105.780317699999983, 21.0392992 ], [ 105.7789518, 21.0394176 ], [ 105.7778712, 21.0376457 ], [ 105.7763399, 21.0368892 ], [ 105.7748843, 21.0365038 ], [ 105.7744744, 21.0367237 ], [ 105.7736938, 21.0374191 ], [ 105.7714072, 21.036917 ], [ 105.7707244, 21.0381914 ], [ 105.7709123, 21.0384315 ], [ 105.7709614, 21.0384943 ], [ 105.771136, 21.0387466 ], [ 105.770239, 21.0408602 ], [ 105.7699627, 21.0409403 ], [ 105.769737799999987, 21.0410051 ], [ 105.769532499999983, 21.0410635 ], [ 105.7690381, 21.0423247 ], [ 105.7710596, 21.0433002 ], [ 105.7713936, 21.0431901 ], [ 105.7730037, 21.0435476 ], [ 105.772926, 21.0458118 ] ] ] } },
{ "type": "Feature", "properties": { "threshold_s": 300, "time_label": "5 minutes" }, "geometry": { "type": "Polygon", "coordinates": [ [ [ 105.814589499999983, 21.080438 ], [ 105.81481, 21.0814583 ], [ 105.8152378, 21.0803857 ], [ 105.8154843, 21.0803081 ], [ 105.815627299999989, 21.0802292 ], [ 105.815407, 21.0798589 ], [ 105.81496629999998, 21.0791733 ], [ 105.8156253, 21.0785975 ], [ 105.81577129999998, 21.0783374 ], [ 105.8155217, 21.077979 ], [ 105.8155395, 21.0784724 ], [ 105.81460389999998, 21.0786069 ], [ 105.814571599999979, 21.078555 ], [ 105.81452, 21.0784683 ], [ 105.8143234, 21.0781378 ], [ 105.814343199999982, 21.0774875 ], [ 105.8137999, 21.0772683 ], [ 105.8136764, 21.077336 ], [ 105.8130081, 21.0775708 ], [ 105.81230739999998, 21.0773711 ], [ 105.812126299999989, 21.0780875 ], [ 105.8122954, 21.0780008 ], [ 105.8126328, 21.0779007 ], [ 105.81301569999998, 21.0776981 ], [ 105.8139088, 21.0777186 ], [ 105.8139256, 21.0783518 ], [ 105.8138263, 21.0790033 ], [ 105.813476899999984, 21.0792037 ], [ 105.813156299999989, 21.0794467 ], [ 105.813756399999988, 21.0796482 ], [ 105.814115299999983, 21.0796811 ], [ 105.814826899999986, 21.0792518 ], [ 105.814999, 21.0795323 ], [ 105.8152644, 21.0799557 ], [ 105.814589499999983, 21.080438 ] ] ] } },
{ "type": "Feature", "properties": { "threshold_s": 600, "time_label": "10 minutes" }, "geometry": { "type": "Polygon", "coordinates": [ [ [ 105.8142968, 21.0811318 ], [ 105.813386799999989, 21.083802 ], [ 105.8136138, 21.0837839 ], [ 105.81481, 21.0814583 ], [ 105.8154355, 21.0828937 ], [ 105.8156397, 21.0827682 ], [ 105.817386199999987, 21.0825446 ], [ 105.8180416, 21.0815949 ], [ 105.8183082, 21.0811718 ], [ 105.8182497, 21.0806883 ], [ 105.8181213, 21.0797704 ], [ 105.8181279, 21.078192 ], [ 105.8180189, 21.0780685 ], [ 105.8174869, 21.07754 ], [ 105.8171132, 21.0763469 ], [ 105.8168665, 21.0761499 ], [ 105.816147, 21.0744992 ], [ 105.81528, 21.0745749 ], [ 105.8141055, 21.0750632 ], [ 105.812847299999987, 21.0751135 ], [ 105.812008100000014, 21.0744031 ], [ 105.8107025, 21.0750915 ], [ 105.81045, 21.0761235 ], [ 105.810285099999987, 21.0769032 ], [ 105.8103473, 21.0770377 ], [ 105.8110186, 21.0778805 ], [ 105.809445899999986, 21.079107 ], [ 105.8113689, 21.0783933 ], [ 105.8114639, 21.078606 ], [ 105.811806, 21.0793717 ], [ 105.8120402, 21.0798959 ], [ 105.81218, 21.0802088 ], [ 105.812237, 21.0803364 ], [ 105.8128528, 21.080604 ], [ 105.8142968, 21.0811318 ] ] ] } },
{ "type": "Feature", "properties": { "threshold_s": 900, "time_label": "15 minutes" }, "geometry": { "type": "Polygon", "coordinates": [ [ [ 105.807740899999985, 21.0795317 ], [ 105.8062416, 21.080696 ], [ 105.8082089, 21.0812183 ], [ 105.8097751, 21.0810772 ], [ 105.809817, 21.08253 ], [ 105.8099975, 21.0844166 ], [ 105.8104853, 21.0845496 ], [ 105.8123853, 21.0850443 ], [ 105.813330799999989, 21.0856918 ], [ 105.814646599999989, 21.0861069 ], [ 105.8162979, 21.0858642 ], [ 105.8163207, 21.0857936 ], [ 105.8163747, 21.0856066 ], [ 105.8164246, 21.0854514 ], [ 105.8171207, 21.0844 ], [ 105.818455599999979, 21.0841626 ], [ 105.8189962, 21.0836098 ], [ 105.820453799999981, 21.0826643 ], [ 105.820431199999987, 21.0814565 ], [ 105.820543199999989, 21.0801855 ], [ 105.8201742, 21.0783744 ], [ 105.820500900000013, 21.0773803 ], [ 105.819617799999989, 21.076579 ], [ 105.8188372, 21.0750797 ], [ 105.8191833, 21.0746916 ], [ 105.819147699999988, 21.0746625 ], [ 105.8187864, 21.0750424 ], [ 105.81704, 21.07516 ], [ 105.817125, 21.0738077 ], [ 105.817134599999989, 21.0736088 ], [ 105.8175233, 21.0723626 ], [ 105.816568099999984, 21.0727953 ], [ 105.8146645, 21.0731588 ], [ 105.8144379, 21.0727443 ], [ 105.8144104, 21.0721996 ], [ 105.814389100000014, 21.0721357 ], [ 105.8130893, 21.0718087 ], [ 105.8123668, 21.0719104 ], [ 105.8108399, 21.0714328 ], [ 105.809473299999979, 21.0720245 ], [ 105.8087855, 21.0734526 ], [ 105.808301499999985, 21.0745924 ], [ 105.807887500000021, 21.0762015 ], [ 105.808624699999982, 21.0758902 ], [ 105.810285099999987, 21.0769032 ], [ 105.8103473, 21.0770377 ], [ 105.8110186, 21.0778805 ], [ 105.809445899999986, 21.079107 ], [ 105.807740899999985, 21.0795317 ] ] ] } },
{ "type": "Feature", "properties": { "threshold_s": 300, "time_label": "5 minutes" }, "geometry": { "type": "Polygon", "coordinates": [ [ [ 105.849655699999985, 20.9833509 ], [ 105.849229699999981, 20.9835198 ], [ 105.849968, 20.9838387 ], [ 105.849917599999984, 20.9840099 ], [ 105.8500722, 20.9840025 ], [ 105.850304799999989, 20.9838271 ], [ 105.8507338, 20.9838815 ], [ 105.85100749999998, 20.9843559 ], [ 105.850868799999986, 20.9849027 ], [ 105.8514277, 20.9851135 ], [ 105.851554, 20.984992 ], [ 105.8514298, 20.9847937 ], [ 105.851914, 20.9844052 ], [ 105.8521676, 20.9843975 ], [ 105.852493, 20.9848118 ], [ 105.8524745, 20.9843883 ], [ 105.8530561, 20.9843707 ], [ 105.8534283, 20.9844806 ], [ 105.8533461, 20.983949 ], [ 105.85383, 20.9837396 ], [ 105.8540006, 20.9837266 ], [ 105.8542201, 20.9837486 ], [ 105.8545723, 20.9837307 ], [ 105.8547238, 20.9832978 ], [ 105.8544359, 20.9834137 ], [ 105.854172, 20.9828662 ], [ 105.8540631, 20.9834128 ], [ 105.8535796, 20.9834032 ], [ 105.8530019, 20.9834024 ], [ 105.853083799999979, 20.982938 ], [ 105.853563799999989, 20.9825706 ], [ 105.853772100000015, 20.9823355 ], [ 105.853596100000019, 20.982316 ], [ 105.8537088, 20.9816355 ], [ 105.853314800000021, 20.9812059 ], [ 105.8532822, 20.9815728 ], [ 105.853496299999989, 20.9815899 ], [ 105.8534101, 20.9822955 ], [ 105.853225600000016, 20.9822827 ], [ 105.85278169999998, 20.9824047 ], [ 105.852224799999988, 20.9821615 ], [ 105.852363699999984, 20.9818669 ], [ 105.852365399999982, 20.9817699 ], [ 105.8523547, 20.981666 ], [ 105.8519791, 20.9813039 ], [ 105.851963399999988, 20.98112 ], [ 105.8517677, 20.9813728 ], [ 105.8517603, 20.9815042 ], [ 105.851113, 20.9816319 ], [ 105.8506223, 20.9820441 ], [ 105.850628299999983, 20.9821717 ], [ 105.8506306, 20.9822215 ], [ 105.8506316, 20.9822439 ], [ 105.8506382, 20.9823842 ], [ 105.8506412, 20.9824712 ], [ 105.850648299999989, 20.9825911 ], [ 105.850657, 20.9827379 ], [ 105.8506505, 20.9827725 ], [ 105.85065419999998, 20.9829381 ], [ 105.8506585, 20.9831253 ], [ 105.850288099999986, 20.9834907 ], [ 105.8499452, 20.9832092 ], [ 105.8499369, 20.9830464 ], [ 105.849933299999989, 20.9829443 ], [ 105.8499129, 20.9828037 ], [ 105.849655699999985, 20.9833509 ] ] ] } },
{ "type": "Feature", "properties": { "threshold_s": 600, "time_label": "10 minutes" }, "geometry": { "type": "Polygon", "coordinates": [ [ [ 105.8463937, 20.9835005 ], [ 105.8460993, 20.983833 ], [ 105.8467537, 20.98435 ], [ 105.8478143, 20.9838655 ], [ 105.8484436, 20.9844407 ], [ 105.84896, 20.9848646 ], [ 105.849015099999988, 20.9860195 ], [ 105.849056, 20.9863392 ], [ 105.8490926, 20.9865304 ], [ 105.8500131, 20.9873072 ], [ 105.851056199999988, 20.9882393 ], [ 105.851432, 20.9878612 ], [ 105.8518849, 20.9870339 ], [ 105.8523593, 20.9862525 ], [ 105.8536963, 20.9867291 ], [ 105.854758499999988, 20.9874879 ], [ 105.855292099999986, 20.9866574 ], [ 105.855495099999985, 20.9863014 ], [ 105.8553747, 20.9861902 ], [ 105.8544615, 20.9851429 ], [ 105.855836899999986, 20.9846767 ], [ 105.8562631, 20.9846646 ], [ 105.8566978, 20.9848474 ], [ 105.8570061, 20.984808 ], [ 105.857262899999981, 20.984596 ], [ 105.8579813, 20.9837834 ], [ 105.857849, 20.982922299999988 ], [ 105.8576386, 20.9828738 ], [ 105.856561099999979, 20.9825468 ], [ 105.8559853, 20.9824474 ], [ 105.8557287, 20.9811688 ], [ 105.8557626, 20.9810517 ], [ 105.8549915, 20.9809564 ], [ 105.853979899999985, 20.9808166 ], [ 105.8537192, 20.9794674 ], [ 105.853418, 20.9790041 ], [ 105.8531739, 20.978763 ], [ 105.8518389, 20.9789451 ], [ 105.851383199999987, 20.9788234 ], [ 105.8507574, 20.979001 ], [ 105.8498562, 20.9796379 ], [ 105.8489685, 20.9803323 ], [ 105.8480408, 20.9814142 ], [ 105.8478489, 20.9815352 ], [ 105.847284799999983, 20.9822313 ], [ 105.8471889, 20.9826812 ], [ 105.8463937, 20.9835005 ] ] ] } },
{ "type": "Feature", "properties": { "threshold_s": 900, "time_label": "15 minutes" }, "geometry": { "type": "Polygon", "coordinates": [ [ [ 105.8449508, 20.9856692 ], [ 105.845228899999981, 20.9861774 ], [ 105.8452725, 20.9861898 ], [ 105.84644830000002, 20.9866228 ], [ 105.846892, 20.9873911 ], [ 105.8469413, 20.9876115 ], [ 105.8479585, 20.9886312 ], [ 105.8481553, 20.9889233 ], [ 105.8485601, 20.9891619 ], [ 105.8499937, 20.9899163 ], [ 105.850862, 20.9900796 ], [ 105.8521913, 20.9903525 ], [ 105.8524069, 20.9902924 ], [ 105.8528656, 20.9901 ], [ 105.854183399999982, 20.9899531 ], [ 105.8549544, 20.989584 ], [ 105.8558679, 20.9892493 ], [ 105.8565316, 20.9886571 ], [ 105.857617499999989, 20.9874207 ], [ 105.8588024, 20.9867417 ], [ 105.859320199999985, 20.9861598 ], [ 105.860150399999981, 20.9856761 ], [ 105.860158199999987, 20.9855358 ], [ 105.8608597, 20.9841962 ], [ 105.861085299999985, 20.9837704 ], [ 105.8600133, 20.9826827 ], [ 105.8595017, 20.9820496 ], [ 105.859438699999984, 20.9819733 ], [ 105.8589254, 20.9815291 ], [ 105.8580494, 20.9816413 ], [ 105.8569905, 20.9805358 ], [ 105.856124699999981, 20.9798677 ], [ 105.8564494, 20.9789673 ], [ 105.8563234, 20.9786687 ], [ 105.8557332, 20.9784232 ], [ 105.855248399999979, 20.9785745 ], [ 105.854017399999989, 20.9782686 ], [ 105.853906899999984, 20.9770249 ], [ 105.853556399999988, 20.9763385 ], [ 105.852396, 20.9767176 ], [ 105.851598899999985, 20.9768138 ], [ 105.850252699999984, 20.9770047 ], [ 105.848954399999982, 20.9777363 ], [ 105.848249, 20.9779512 ], [ 105.84689640000002, 20.9788721 ], [ 105.846114, 20.9793682 ], [ 105.8460954, 20.9800025 ], [ 105.8462269, 20.9807441 ], [ 105.845525699999982, 20.98176 ], [ 105.8444276, 20.9820984 ], [ 105.843356, 20.9832552 ], [ 105.8431752, 20.9838172 ], [ 105.8431756, 20.9838563 ], [ 105.8437221, 20.9846086 ], [ 105.8449508, 20.9856692 ] ] ] } },
{ "type": "Feature", "properties": { "threshold_s": 300, "time_label": "5 minutes" }, "geometry": { "type": "Polygon", "coordinates": [ [ [ 105.8255579, 21.0213209 ], [ 105.8262447, 21.0222161 ], [ 105.826513899999981, 21.0223454 ], [ 105.8265663, 21.0223211 ], [ 105.8273587, 21.0215605 ], [ 105.8278399, 21.0213052 ], [ 105.828929299999984, 21.0209992 ], [ 105.828837599999986, 21.020781 ], [ 105.829659, 21.0191776 ], [ 105.829136799999986, 21.0194364 ], [ 105.8284768, 21.0198448 ], [ 105.8278701, 21.0201668 ], [ 105.8273084, 21.0205083 ], [ 105.8262805, 21.0209797 ], [ 105.8258314, 21.0205777 ], [ 105.8257743, 21.0204698 ], [ 105.825435, 21.0199703 ], [ 105.8253734, 21.0205344 ], [ 105.8253985, 21.0207483 ], [ 105.8255579, 21.0213209 ] ] ] } },
{ "type": "Feature", "properties": { "threshold_s": 600, "time_label": "10 minutes" }, "geometry": { "type": "Polygon", "coordinates": [ [ [ 105.822012199999989, 21.0225246 ], [ 105.8224141, 21.0230272 ], [ 105.823732799999988, 21.0231137 ], [ 105.824380199999979, 21.0239952 ], [ 105.8260345, 21.0242524 ], [ 105.82675780000001, 21.0247307 ], [ 105.827208899999988, 21.0252373 ], [ 105.827367, 21.0251872 ], [ 105.8276639, 21.0250507 ], [ 105.8279105, 21.0244346 ], [ 105.8279603, 21.0243081 ], [ 105.8291791, 21.0232128 ], [ 105.829732899999982, 21.0229857 ], [ 105.830014199999979, 21.0214111 ], [ 105.831259599999981, 21.0215759 ], [ 105.8312966, 21.0215622 ], [ 105.8313651, 21.0214052 ], [ 105.831728899999987, 21.020551 ], [ 105.8323576, 21.0199551 ], [ 105.832174, 21.0193976 ], [ 105.8319372, 21.0187581 ], [ 105.8317748, 21.0172498 ], [ 105.830912499999982, 21.0168059 ], [ 105.830496499999981, 21.0168256 ], [ 105.829545599999989, 21.016995 ], [ 105.8286659, 21.0164755 ], [ 105.8286264, 21.0164972 ], [ 105.828400099999982, 21.0172266 ], [ 105.8273637, 21.0180742 ], [ 105.8266464, 21.0180589 ], [ 105.8257516, 21.0175813 ], [ 105.8242013, 21.0172907 ], [ 105.8241398, 21.0172674 ], [ 105.823876900000016, 21.0171907 ], [ 105.8238348, 21.0175711 ], [ 105.823658199999983, 21.0185706 ], [ 105.8233177, 21.0192462 ], [ 105.8229064, 21.0200294 ], [ 105.822798899999981, 21.0206391 ], [ 105.8226369, 21.0213386 ], [ 105.822012199999989, 21.0225246 ] ] ] } },
{ "type": "Feature", "properties": { "threshold_s": 900, "time_label": "15 minutes" }, "geometry": { "type": "Polygon", "coordinates": [ [ [ 105.818984799999981, 21.0231983 ], [ 105.819068300000012, 21.0235145 ], [ 105.820086799999984, 21.0239923 ], [ 105.821045, 21.0245766 ], [ 105.8223409, 21.0255517 ], [ 105.8232691, 21.0252812 ], [ 105.824152, 21.0253355 ], [ 105.824835399999984, 21.0255594 ], [ 105.8254399, 21.0270519 ], [ 105.825561, 21.026971 ], [ 105.825807199999986, 21.0268257 ], [ 105.8276136, 21.0275582 ], [ 105.8274637, 21.028149 ], [ 105.828269, 21.0282294 ], [ 105.828998199999987, 21.0275146 ], [ 105.829140099999989, 21.0273535 ], [ 105.8291394, 21.0262516 ], [ 105.8304336, 21.0251684 ], [ 105.8306088, 21.0251134 ], [ 105.8314586, 21.0238616 ], [ 105.8325391, 21.0243779 ], [ 105.8326, 21.02451 ], [ 105.8327586, 21.0239158 ], [ 105.832913499999989, 21.0224983 ], [ 105.8329958, 21.0216565 ], [ 105.8333825, 21.0206598 ], [ 105.8346391, 21.0200861 ], [ 105.835414599999979, 21.0199492 ], [ 105.836246, 21.0191397 ], [ 105.8357942, 21.0188126 ], [ 105.8352551, 21.0184243 ], [ 105.834672499999982, 21.0178357 ], [ 105.834187199999988, 21.0165041 ], [ 105.834136099999981, 21.0153404 ], [ 105.8338647, 21.0151487 ], [ 105.833281699999986, 21.0148136 ], [ 105.832872899999984, 21.0146438 ], [ 105.8312371, 21.0146343 ], [ 105.830861, 21.013993 ], [ 105.830203899999987, 21.0138592 ], [ 105.828818699999985, 21.0141218 ], [ 105.8278551, 21.0139626 ], [ 105.82719729999998, 21.0138203 ], [ 105.826820699999985, 21.014039 ], [ 105.826104099999981, 21.0155161 ], [ 105.8252611, 21.0154457 ], [ 105.824904, 21.0153629 ], [ 105.8241854, 21.0150856 ], [ 105.8233081, 21.0147845 ], [ 105.822429499999984, 21.0148374 ], [ 105.821900299999982, 21.0156963 ], [ 105.8212294, 21.0164488 ], [ 105.821196299999983, 21.0165016 ], [ 105.8229102, 21.0168195 ], [ 105.8225503, 21.0186339 ], [ 105.820918899999981, 21.0187442 ], [ 105.8208529, 21.0187699 ], [ 105.8201936, 21.019679 ], [ 105.8199352, 21.0202207 ], [ 105.819656899999984, 21.0218176 ], [ 105.819080499999984, 21.0224513 ], [ 105.818984799999981, 21.0231983 ] ] ] } },
{ "type": "Feature", "properties": { "threshold_s": 300, "time_label": "5 minutes" }, "geometry": { "type": "Polygon", "coordinates": [ [ [ 105.8137417, 20.9928779 ], [ 105.813781899999981, 20.992993 ], [ 105.813842599999987, 20.9930251 ], [ 105.814464299999983, 20.9927739 ], [ 105.8146909, 20.9926612 ], [ 105.814822599999985, 20.9922614 ], [ 105.8146522, 20.9915925 ], [ 105.8145642, 20.9909194 ], [ 105.8147959, 20.9903555 ], [ 105.8142227, 20.9896753 ], [ 105.8142303, 20.9893853 ], [ 105.813710799999981, 20.9894209 ], [ 105.813566699999981, 20.9894421 ], [ 105.8136553, 20.9899818 ], [ 105.8137102, 20.9903161 ], [ 105.813750399999989, 20.9905533 ], [ 105.8138916, 20.9912447 ], [ 105.8139226, 20.99135 ], [ 105.8140294, 20.9917347 ], [ 105.8141005, 20.9919463 ], [ 105.8137417, 20.9928779 ] ] ] } },
{ "type": "Feature", "properties": { "threshold_s": 600, "time_label": "10 minutes" }, "geometry": { "type": "Polygon", "coordinates": [ [ [ 105.8126369, 20.9945557 ], [ 105.8128659, 20.9948966 ], [ 105.8135498, 20.995252 ], [ 105.814891099999983, 20.9959123 ], [ 105.815161099999983, 20.9961899 ], [ 105.8157682, 20.996064 ], [ 105.8159753, 20.995985 ], [ 105.816271199999989, 20.995196 ], [ 105.8167257, 20.9936222 ], [ 105.817554299999983, 20.9929873 ], [ 105.818121399999981, 20.9919102 ], [ 105.817383199999981, 20.9911045 ], [ 105.817464699999988, 20.9898003 ], [ 105.8166077, 20.9889193 ], [ 105.815679, 20.9879859 ], [ 105.8147086, 20.9868713 ], [ 105.8143108, 20.9858895 ], [ 105.8135235, 20.9859572 ], [ 105.8134173, 20.9861475 ], [ 105.813377099999983, 20.9862637 ], [ 105.813329, 20.9864246 ], [ 105.813317199999986, 20.9864643 ], [ 105.8136228, 20.9874468 ], [ 105.8138382, 20.9878464 ], [ 105.813566699999981, 20.9894421 ], [ 105.8130441, 20.9898069 ], [ 105.812535899999986, 20.9911607 ], [ 105.8119959, 20.9917525 ], [ 105.8118799, 20.9931686 ], [ 105.8126369, 20.9945557 ] ] ] } },
{ "type": "Feature", "properties": { "threshold_s": 900, "time_label": "15 minutes" }, "geometry": { "type": "Polygon", "coordinates": [ [ [ 105.813669299999987, 20.9963726 ], [ 105.813636499999987, 20.9974116 ], [ 105.814065699999986, 20.9976951 ], [ 105.814691899999985, 20.9971474 ], [ 105.81656169999998, 20.9982086 ], [ 105.816464199999984, 20.9987055 ], [ 105.8166937, 20.9987835 ], [ 105.8177782, 20.9986893 ], [ 105.8182003, 20.9974444 ], [ 105.81819489999998, 20.9959668 ], [ 105.818727199999984, 20.9939257 ], [ 105.820258399999986, 20.9929037 ], [ 105.820683, 20.9919757 ], [ 105.8205535, 20.9911967 ], [ 105.8195738, 20.9897314 ], [ 105.819287, 20.9884566 ], [ 105.8187903, 20.9873156 ], [ 105.8185922, 20.9872436 ], [ 105.8173045, 20.9861364 ], [ 105.817071199999987, 20.9850584 ], [ 105.8169517, 20.9846614 ], [ 105.8161007, 20.9830871 ], [ 105.81533589999998, 20.9830921 ], [ 105.814145399999987, 20.9834395 ], [ 105.8141224, 20.9834798 ], [ 105.8139857, 20.984103 ], [ 105.8138662, 20.9843272 ], [ 105.8120414, 20.9851279 ], [ 105.811421400000015, 20.9847377 ], [ 105.8097063, 20.9860767 ], [ 105.8111024, 20.987205 ], [ 105.8107182, 20.9888511 ], [ 105.8100071, 20.989368599999988 ], [ 105.810052399999989, 20.9895706 ], [ 105.810594899999984, 20.9916733 ], [ 105.8108926, 20.992044 ], [ 105.811966700000013, 20.9935622 ], [ 105.812585699999985, 20.9948542 ], [ 105.813669299999987, 20.9963726 ] ] ] } },
{ "type": "Feature", "properties": { "threshold_s": 300, "time_label": "5 minutes" }, "geometry": { "type": "Polygon", "coordinates": [ [ [ 105.663305699999981, 21.0863224 ], [ 105.6626065, 21.0869203 ], [ 105.663265, 21.086738 ], [ 105.6640331, 21.0865403 ], [ 105.664565, 21.0864951 ], [ 105.6650081, 21.0864653 ], [ 105.6656328, 21.0863766 ], [ 105.6644493, 21.0856676 ], [ 105.6648034, 21.0848417 ], [ 105.664935899999989, 21.0843669 ], [ 105.6641597, 21.0844788 ], [ 105.663285299999984, 21.0846089 ], [ 105.662388099999987, 21.0849841 ], [ 105.661596399999979, 21.0845985 ], [ 105.661364, 21.0852894 ], [ 105.6613645, 21.085309 ], [ 105.6615736, 21.0857817 ], [ 105.662359899999984, 21.0854561 ], [ 105.662842700000013, 21.0859335 ], [ 105.663305699999981, 21.0863224 ] ] ] } },
{ "type": "Feature", "properties": { "threshold_s": 600, "time_label": "10 minutes" }, "geometry": { "type": "Polygon", "coordinates": [ [ [ 105.6596776, 21.0882625 ], [ 105.659648599999983, 21.0883585 ], [ 105.6603134, 21.0887595 ], [ 105.66169189999998, 21.0896425 ], [ 105.6632289, 21.0893226 ], [ 105.6639357, 21.0898607 ], [ 105.664653199999989, 21.0894002 ], [ 105.66520869999998, 21.0887318 ], [ 105.6657734, 21.0878319 ], [ 105.666342499999985, 21.0868625 ], [ 105.666701599999982, 21.0862511 ], [ 105.668525599999981, 21.0867858 ], [ 105.6685657, 21.0867492 ], [ 105.6681232, 21.0853674 ], [ 105.6690687, 21.0848332 ], [ 105.6681625, 21.0838519 ], [ 105.6672227, 21.08325 ], [ 105.666046599999987, 21.0830073 ], [ 105.6654069, 21.0824304 ], [ 105.663914599999984, 21.0818473 ], [ 105.6630199, 21.0817937 ], [ 105.6626466, 21.0820369 ], [ 105.662361700000019, 21.0823464 ], [ 105.661954899999984, 21.0835678 ], [ 105.66164329999998, 21.0839518 ], [ 105.660369700000018, 21.0849906 ], [ 105.6593271, 21.084732 ], [ 105.6582364, 21.0846263 ], [ 105.658122, 21.0849906 ], [ 105.6595277, 21.0857737 ], [ 105.6598426, 21.08683 ], [ 105.6596776, 21.0882625 ] ] ] } },
{ "type": "Feature", "properties": { "threshold_s": 900, "time_label": "15 minutes" }, "geometry": { "type": "Polygon", "coordinates": [ [ [ 105.656456, 21.088762 ], [ 105.657136199999982, 21.0904035 ], [ 105.659274, 21.0905801 ], [ 105.6605655, 21.0920454 ], [ 105.6628077, 21.0924356 ], [ 105.66493819999998, 21.0928509 ], [ 105.6670022, 21.0916302 ], [ 105.667610599999989, 21.0899656 ], [ 105.669616199999979, 21.0882103 ], [ 105.670004299999988, 21.0880782 ], [ 105.670220199999989, 21.0880005 ], [ 105.670871799999986, 21.087647 ], [ 105.6715496, 21.0855801 ], [ 105.6721025, 21.0835209 ], [ 105.6709724, 21.0825435 ], [ 105.6692652, 21.0811578 ], [ 105.667417599999979, 21.0800334 ], [ 105.6647766, 21.079247 ], [ 105.664360599999981, 21.0790604 ], [ 105.6639565, 21.0799753 ], [ 105.661772, 21.0816179 ], [ 105.6611798, 21.0815596 ], [ 105.6599078, 21.0814343 ], [ 105.66164329999998, 21.0839518 ], [ 105.6593271, 21.084732 ], [ 105.6576258, 21.0837643 ], [ 105.656523599999986, 21.0837891 ], [ 105.6554398, 21.0836103 ], [ 105.655410800000013, 21.0836059 ], [ 105.654099599999981, 21.0857598 ], [ 105.6550175, 21.0854771 ], [ 105.6557865, 21.0854133 ], [ 105.657344199999983, 21.0876822 ], [ 105.65658089999998, 21.0885099 ], [ 105.656456, 21.088762 ] ] ] } },
{ "type": "Feature", "properties": { "threshold_s": 300, "time_label": "5 minutes" }, "geometry": { "type": "Polygon", "coordinates": [ [ [ 105.802760600000013, 21.0186258 ], [ 105.803267799999986, 21.0195312 ], [ 105.8040193, 21.0191095 ], [ 105.805111199999985, 21.0191788 ], [ 105.8057638, 21.0181837 ], [ 105.8068313, 21.0178395 ], [ 105.806910200000019, 21.0177881 ], [ 105.8068035, 21.0175919 ], [ 105.8065127, 21.0169883 ], [ 105.8063125, 21.0164836 ], [ 105.8062567, 21.0163454 ], [ 105.806182599999985, 21.0152585 ], [ 105.8055425, 21.0151434 ], [ 105.8047308, 21.0148001 ], [ 105.804576, 21.0147819 ], [ 105.8040868, 21.0148431 ], [ 105.8040423, 21.0148826 ], [ 105.8041303, 21.0153607 ], [ 105.804078899999979, 21.0162922 ], [ 105.803702699999988, 21.0169822 ], [ 105.803419, 21.0173926 ], [ 105.803197199999985, 21.0177194 ], [ 105.802760600000013, 21.0186258 ] ] ] } },
{ "type": "Feature", "properties": { "threshold_s": 600, "time_label": "10 minutes" }, "geometry": { "type": "Polygon", "coordinates": [ [ [ 105.8009712, 21.0202737 ], [ 105.8014203, 21.0222241 ], [ 105.803659, 21.0218278 ], [ 105.805419499999985, 21.0211253 ], [ 105.806234299999986, 21.0209337 ], [ 105.808321599999985, 21.0202257 ], [ 105.8084976, 21.020156 ], [ 105.808951799999988, 21.0195847 ], [ 105.8095332, 21.0176093 ], [ 105.8094024, 21.0155057 ], [ 105.8083155, 21.0138875 ], [ 105.80812659999998, 21.0127721 ], [ 105.807174099999983, 21.0126806 ], [ 105.80652480000002, 21.0127238 ], [ 105.804758, 21.0126934 ], [ 105.802722, 21.0125497 ], [ 105.8021196, 21.0126457 ], [ 105.8018296, 21.0127689 ], [ 105.801775599999985, 21.0128219 ], [ 105.8017073, 21.0145802 ], [ 105.801589799999988, 21.016538 ], [ 105.8018245, 21.0171791 ], [ 105.802082700000014, 21.0176929 ], [ 105.8010928, 21.0195635 ], [ 105.800869899999981, 21.0199416 ], [ 105.8009712, 21.0202737 ] ] ] } },
{ "type": "Feature", "properties": { "threshold_s": 900, "time_label": "15 minutes" }, "geometry": { "type": "Polygon", "coordinates": [ [ [ 105.799028, 21.0225753 ], [ 105.7989074, 21.0235191 ], [ 105.7996976, 21.0238874 ], [ 105.8011804, 21.0236854 ], [ 105.8029539, 21.0244178 ], [ 105.8034681, 21.0251327 ], [ 105.8046472, 21.0241098 ], [ 105.805396799999983, 21.0236475 ], [ 105.8054028, 21.0235924 ], [ 105.8051299, 21.0229903 ], [ 105.8066615, 21.0218049 ], [ 105.807109399999987, 21.0218084 ], [ 105.8086115, 21.0229104 ], [ 105.8099234, 21.0231989 ], [ 105.8099822, 21.0231106 ], [ 105.8101391, 21.0227854 ], [ 105.8108798, 21.0213019 ], [ 105.8113257, 21.0200849 ], [ 105.8114278, 21.0194166 ], [ 105.811940399999983, 21.0181915 ], [ 105.811981, 21.0181137 ], [ 105.8119473, 21.0161553 ], [ 105.8119922, 21.0158719 ], [ 105.8119707, 21.0158407 ], [ 105.811442099999979, 21.0153112 ], [ 105.811673, 21.0136704 ], [ 105.8116518, 21.0136368 ], [ 105.8109945, 21.0135259 ], [ 105.809763, 21.0126496 ], [ 105.810021899999981, 21.0117051 ], [ 105.8109821, 21.0111019 ], [ 105.8110005, 21.0110898 ], [ 105.811057, 21.0110525 ], [ 105.811219699999981, 21.0109454 ], [ 105.8112799, 21.0109057 ], [ 105.8108632, 21.0107989 ], [ 105.809847499999989, 21.0107573 ], [ 105.808492700000016, 21.0105812 ], [ 105.8066483, 21.0104924 ], [ 105.8063301, 21.0103209 ], [ 105.8046613, 21.0097273 ], [ 105.8031344, 21.0099913 ], [ 105.8025188, 21.0101821 ], [ 105.800612300000012, 21.0104497 ], [ 105.7998447, 21.0103697 ], [ 105.799792599999989, 21.0103706 ], [ 105.7997184, 21.0103719 ], [ 105.7992615, 21.0104527 ], [ 105.799191599999986, 21.0105184 ], [ 105.799114, 21.0117408 ], [ 105.799044, 21.0121434 ], [ 105.7980473, 21.0138275 ], [ 105.79838909999998, 21.014129 ], [ 105.7990191, 21.0150598 ], [ 105.7991986, 21.0155374 ], [ 105.79925369999998, 21.0162251 ], [ 105.7985226, 21.0174444 ], [ 105.798515499999979, 21.0179824 ], [ 105.798191799999984, 21.0194512 ], [ 105.7981396, 21.0197679 ], [ 105.7981392, 21.0203479 ], [ 105.799096, 21.0219179 ], [ 105.799028, 21.0225753 ] ] ] } },
{ "type": "Feature", "properties": { "threshold_s": 300, "time_label": "5 minutes" }, "geometry": { "type": "Polygon", "coordinates": [ [ [ 105.7208084, 21.0156064 ], [ 105.7208147, 21.0157201 ], [ 105.7223268, 21.0156413 ], [ 105.7232541, 21.0155858 ], [ 105.7232847, 21.0160436 ], [ 105.723368599999986, 21.0165566 ], [ 105.7229849, 21.0169216 ], [ 105.7224259, 21.0172237 ], [ 105.7233881, 21.0169047 ], [ 105.7242795, 21.017128 ], [ 105.7252708, 21.0167733 ], [ 105.7244415, 21.0168128 ], [ 105.724233499999983, 21.0164164 ], [ 105.724230799999987, 21.0163615 ], [ 105.7242872, 21.01553 ], [ 105.724837799999989, 21.0152269 ], [ 105.7260374, 21.0154548 ], [ 105.72514649999998, 21.0147875 ], [ 105.7246416, 21.0141724 ], [ 105.724336899999983, 21.0141382 ], [ 105.723533, 21.0141771 ], [ 105.7231432, 21.0149028 ], [ 105.722780299999982, 21.0149248 ], [ 105.7227407, 21.0149298 ], [ 105.7208084, 21.0156064 ] ] ] } },
{ "type": "Feature", "properties": { "threshold_s": 600, "time_label": "10 minutes" }, "geometry": { "type": "Polygon", "coordinates": [ [ [ 105.7175185, 21.0164055 ], [ 105.717543899999981, 21.0164711 ], [ 105.718785499999981, 21.0170542 ], [ 105.719267599999981, 21.0170623 ], [ 105.719348, 21.0165634 ], [ 105.7196795, 21.0157834 ], [ 105.7208147, 21.0157201 ], [ 105.7214694, 21.0154166 ], [ 105.7223268, 21.0156413 ], [ 105.720916099999982, 21.0173016 ], [ 105.7210055, 21.0187677 ], [ 105.721011099999984, 21.01884 ], [ 105.721015799999989, 21.0189015 ], [ 105.7224259, 21.0172237 ], [ 105.7233881, 21.0169047 ], [ 105.7242795, 21.017128 ], [ 105.7252708, 21.0167733 ], [ 105.7260549, 21.0167277 ], [ 105.7263131, 21.0167127 ], [ 105.7270641, 21.0166729 ], [ 105.726377, 21.0183844 ], [ 105.7261844, 21.018584 ], [ 105.7254279, 21.0190231 ], [ 105.7245061, 21.0191005 ], [ 105.725464200000019, 21.0194636 ], [ 105.726543399999983, 21.0189585 ], [ 105.7265147, 21.0185663 ], [ 105.7275304, 21.0169583 ], [ 105.727056, 21.0160411 ], [ 105.727706199999986, 21.0150819 ], [ 105.7280552, 21.0150457 ], [ 105.7283235, 21.0142545 ], [ 105.728153400000011, 21.0139748 ], [ 105.7276921, 21.0135107 ], [ 105.726871, 21.012929 ], [ 105.7258592, 21.0129135 ], [ 105.725193, 21.0129435 ], [ 105.724511199999981, 21.0129833 ], [ 105.7235438, 21.0130527 ], [ 105.7232074, 21.0130746 ], [ 105.722854199999986, 21.0130993 ], [ 105.7225458, 21.0131188 ], [ 105.7212049, 21.0128444 ], [ 105.720008600000014, 21.0128599 ], [ 105.7192965, 21.0138964 ], [ 105.718934599999983, 21.0149344 ], [ 105.7184036, 21.0151105 ], [ 105.7172921, 21.0158045 ], [ 105.7175185, 21.0164055 ] ] ] } },
{ "type": "Feature", "properties": { "threshold_s": 900, "time_label": "15 minutes" }, "geometry": { "type": "Polygon", "coordinates": [ [ [ 105.7177295, 21.01963 ], [ 105.7190983, 21.0217976 ], [ 105.7217696, 21.0212696 ], [ 105.721842, 21.0211717 ], [ 105.7233967, 21.0192137 ], [ 105.725464200000019, 21.0194636 ], [ 105.7271506, 21.0206037 ], [ 105.7271862, 21.0206353 ], [ 105.727512899999979, 21.0207645 ], [ 105.727828599999981, 21.0208557 ], [ 105.729071499999989, 21.0212108 ], [ 105.7295293, 21.0197343 ], [ 105.728679199999988, 21.0170954 ], [ 105.7281767, 21.0161584 ], [ 105.7283235, 21.0142545 ], [ 105.728153400000011, 21.0139748 ], [ 105.7272111, 21.0129272 ], [ 105.726871, 21.012929 ], [ 105.7265399, 21.0129435 ], [ 105.723934899999989, 21.0117826 ], [ 105.722767099999984, 21.0115225 ], [ 105.7219029, 21.0115734 ], [ 105.7196063, 21.011607 ], [ 105.7190993, 21.0116055 ], [ 105.7179303, 21.0115959 ], [ 105.7185386, 21.0129868 ], [ 105.718584, 21.0141125 ], [ 105.7172921, 21.0158045 ], [ 105.71736989999998, 21.0171649 ], [ 105.7177295, 21.01963 ] ] ] } },
{ "type": "Feature", "properties": { "threshold_s": 300, "time_label": "5 minutes" }, "geometry": { "type": "Polygon", "coordinates": [ [ [ 105.8208954, 20.9644349 ], [ 105.820565799999983, 20.9647696 ], [ 105.821515600000012, 20.9653903 ], [ 105.8217627, 20.9651381 ], [ 105.8223876, 20.9650611 ], [ 105.8224741, 20.9651347 ], [ 105.822216, 20.9657858 ], [ 105.822127499999979, 20.9658552 ], [ 105.822902099999979, 20.9658921 ], [ 105.8234411, 20.9655277 ], [ 105.823720199999983, 20.9652568 ], [ 105.8236371, 20.9649525 ], [ 105.8237812, 20.9643386 ], [ 105.8240941, 20.9642568 ], [ 105.8244618, 20.9646993 ], [ 105.824759899999989, 20.9646167 ], [ 105.8247635, 20.9642041 ], [ 105.8247328, 20.964097 ], [ 105.825106, 20.9636313 ], [ 105.8254918, 20.9638153 ], [ 105.825821799999986, 20.9637514 ], [ 105.8258513, 20.9635836 ], [ 105.82541, 20.9630172 ], [ 105.8250571, 20.962625 ], [ 105.8246469, 20.9620958 ], [ 105.8245571, 20.9625454 ], [ 105.8242462, 20.9629798 ], [ 105.8238264, 20.9632502 ], [ 105.8230933, 20.9630391 ], [ 105.8227544, 20.9631353 ], [ 105.8225742, 20.9624872 ], [ 105.82299, 20.9616989 ], [ 105.8218819, 20.9621635 ], [ 105.821291599999981, 20.9625399 ], [ 105.8223242, 20.9628736 ], [ 105.8221359, 20.9631173 ], [ 105.8225234, 20.9634102 ], [ 105.8220889, 20.9639379 ], [ 105.821636799999979, 20.9644366 ], [ 105.8212362, 20.9641056 ], [ 105.8208954, 20.9644349 ] ] ] } },
{ "type": "Feature", "properties": { "threshold_s": 600, "time_label": "10 minutes" }, "geometry": { "type": "Polygon", "coordinates": [ [ [ 105.8202501, 20.9668224 ], [ 105.8202117, 20.9680357 ], [ 105.8211655, 20.9682152 ], [ 105.821648200000013, 20.9683025 ], [ 105.822288699999987, 20.9683577 ], [ 105.822877199999979, 20.9681257 ], [ 105.8243981, 20.9683485 ], [ 105.8259131, 20.96761 ], [ 105.826061400000015, 20.9675436 ], [ 105.826082099999979, 20.9663804 ], [ 105.826601199999985, 20.965125 ], [ 105.8272015, 20.9650463 ], [ 105.827862599999989, 20.9651382 ], [ 105.8281091, 20.9649072 ], [ 105.8280482, 20.9641278 ], [ 105.8282221, 20.963214 ], [ 105.828244399999988, 20.9630972 ], [ 105.8271093, 20.963039 ], [ 105.8261843, 20.9619107 ], [ 105.826484, 20.9608249 ], [ 105.826799899999983, 20.960512 ], [ 105.8257247, 20.9602171 ], [ 105.824939699999987, 20.9598465 ], [ 105.823912, 20.9596368 ], [ 105.822351, 20.9589825 ], [ 105.8220141, 20.9584586 ], [ 105.8210964, 20.958857 ], [ 105.819881699999982, 20.9590523 ], [ 105.8198753, 20.959561 ], [ 105.8197278, 20.9609161 ], [ 105.819733699999986, 20.9613011 ], [ 105.81974, 20.961463 ], [ 105.819472599999983, 20.9625944 ], [ 105.8182203, 20.9629686 ], [ 105.8188924, 20.9635439 ], [ 105.819712, 20.9641879 ], [ 105.8203129, 20.9655071 ], [ 105.8203266, 20.9659288 ], [ 105.8202501, 20.9668224 ] ] ] } },
{ "type": "Feature", "properties": { "threshold_s": 900, "time_label": "15 minutes" }, "geometry": { "type": "Polygon", "coordinates": [ [ [ 105.8178338, 20.9689182 ], [ 105.818656099999984, 20.970508 ], [ 105.82078319999998, 20.9702897 ], [ 105.820965499999986, 20.9702239 ], [ 105.82302319999998, 20.9701504 ], [ 105.8233378, 20.970472 ], [ 105.8234534, 20.9705443 ], [ 105.82379539999998, 20.9707121 ], [ 105.8244122, 20.9710831 ], [ 105.824585699999986, 20.9710364 ], [ 105.8263575, 20.9704209 ], [ 105.8272159, 20.9700069 ], [ 105.828928, 20.9691493 ], [ 105.8294013, 20.9681543 ], [ 105.8276079, 20.9682935 ], [ 105.8272842, 20.96708 ], [ 105.8272322, 20.9669382 ], [ 105.827862599999989, 20.9651382 ], [ 105.829356899999979, 20.9653476 ], [ 105.8303584, 20.9657829 ], [ 105.830911, 20.9658736 ], [ 105.831228699999983, 20.9659211 ], [ 105.8313425, 20.9659381 ], [ 105.831039299999986, 20.9651458 ], [ 105.8299314, 20.9636504 ], [ 105.8305184, 20.9630739 ], [ 105.830816699999986, 20.9626584 ], [ 105.8298303, 20.9624983 ], [ 105.8283917, 20.9622715 ], [ 105.8282571, 20.9604839 ], [ 105.8284734, 20.9601177 ], [ 105.829897299999985, 20.959406 ], [ 105.828441899999987, 20.9600724 ], [ 105.8269578, 20.9593907 ], [ 105.82666279999998, 20.9592949 ], [ 105.8254395, 20.959245 ], [ 105.8249939, 20.9577836 ], [ 105.825198299999983, 20.9571987 ], [ 105.824722, 20.9568971 ], [ 105.824101, 20.9569746 ], [ 105.8228471, 20.9571499 ], [ 105.8213641, 20.9573643 ], [ 105.8207573, 20.9575624 ], [ 105.820023100000014, 20.9579995 ], [ 105.819422, 20.9583702 ], [ 105.8188706, 20.9590136 ], [ 105.8175249, 20.9599275 ], [ 105.816873, 20.9600684 ], [ 105.816538499999979, 20.960132 ], [ 105.8169785, 20.9609111 ], [ 105.8159604, 20.9623387 ], [ 105.8159291, 20.9623923 ], [ 105.8158885, 20.962462 ], [ 105.815446899999984, 20.963528 ], [ 105.8153873, 20.9644721 ], [ 105.816184899999982, 20.9652116 ], [ 105.817481199999989, 20.9668485 ], [ 105.817947100000012, 20.9670225 ], [ 105.8178338, 20.9689182 ] ] ] } },
{ "type": "Feature", "properties": { "threshold_s": 300, "time_label": "5 minutes" }, "geometry": { "type": "Polygon", "coordinates": [ [ [ 105.7357459, 21.0081237 ], [ 105.735801399999986, 21.0098634 ], [ 105.7365187, 21.0098496 ], [ 105.736902699999987, 21.009829 ], [ 105.7375386, 21.009482 ], [ 105.737669899999986, 21.0093593 ], [ 105.738166, 21.0093305 ], [ 105.738498099999987, 21.009313 ], [ 105.738824099999988, 21.0092954 ], [ 105.7395051, 21.0089328 ], [ 105.739589, 21.0087387 ], [ 105.7395592, 21.0086652 ], [ 105.7395017, 21.0086839 ], [ 105.7388205, 21.0092337 ], [ 105.738438099999982, 21.0092539 ], [ 105.738189199999979, 21.0092658 ], [ 105.737808, 21.0089538 ], [ 105.7374332, 21.0085439 ], [ 105.7373977, 21.0084546 ], [ 105.737227, 21.0080249 ], [ 105.7377361, 21.0077568 ], [ 105.7379529, 21.0076826 ], [ 105.7384121, 21.0074739 ], [ 105.7390311, 21.0074687 ], [ 105.7391549, 21.0078068 ], [ 105.7392076, 21.0079412 ], [ 105.7392794, 21.0079257 ], [ 105.739147099999983, 21.007431 ], [ 105.739012, 21.007091 ], [ 105.7387615, 21.0066183 ], [ 105.738709199999988, 21.006649 ], [ 105.738338899999988, 21.0069128 ], [ 105.7383923, 21.0074204 ], [ 105.7379861, 21.0076178 ], [ 105.737446099999985, 21.0074274 ], [ 105.7375664, 21.0068519 ], [ 105.7377904, 21.0063922 ], [ 105.7379531, 21.0063367 ], [ 105.738097, 21.0062875 ], [ 105.737422, 21.006079 ], [ 105.7372406, 21.0060913 ], [ 105.736643199999989, 21.0060528 ], [ 105.7363401, 21.0059913 ], [ 105.736163799999986, 21.006229 ], [ 105.736208, 21.0063739 ], [ 105.7365438, 21.0064756 ], [ 105.736634699999982, 21.0069424 ], [ 105.7368093, 21.007193 ], [ 105.7369182, 21.0074731 ], [ 105.7369808, 21.0078156 ], [ 105.7370286, 21.0079361 ], [ 105.7370834, 21.0080744 ], [ 105.7372807, 21.0085736 ], [ 105.7375451, 21.0090474 ], [ 105.737195299999982, 21.0095634 ], [ 105.7369127, 21.009615 ], [ 105.7357459, 21.0081237 ] ] ] } },
{ "type": "Feature", "properties": { "threshold_s": 600, "time_label": "10 minutes" }, "geometry": { "type": "Polygon", "coordinates": [ [ [ 105.733752, 21.0071808 ], [ 105.732460399999979, 21.0099631 ], [ 105.7342147, 21.0076595 ], [ 105.734256599999981, 21.0072193 ], [ 105.7342411, 21.006517 ], [ 105.7342274, 21.0062071 ], [ 105.734192100000016, 21.0056486 ], [ 105.7360265, 21.0051762 ], [ 105.7360931, 21.0053519 ], [ 105.736152899999979, 21.0055101 ], [ 105.736163799999986, 21.006229 ], [ 105.736208, 21.0063739 ], [ 105.736634699999982, 21.0069424 ], [ 105.7368093, 21.007193 ], [ 105.7369182, 21.0074731 ], [ 105.7357459, 21.0081237 ], [ 105.7370834, 21.0080744 ], [ 105.7372807, 21.0085736 ], [ 105.7369127, 21.009615 ], [ 105.735777899999988, 21.0095206 ], [ 105.735801399999986, 21.0098634 ], [ 105.7365187, 21.0098496 ], [ 105.736902699999987, 21.009829 ], [ 105.7378703, 21.0094066 ], [ 105.738498099999987, 21.009313 ], [ 105.738824099999988, 21.0092954 ], [ 105.7395051, 21.0089328 ], [ 105.739589, 21.0087387 ], [ 105.7395592, 21.0086652 ], [ 105.7392794, 21.0079257 ], [ 105.739749599999982, 21.0072117 ], [ 105.7397057, 21.0070282 ], [ 105.7396264, 21.0068835 ], [ 105.7391623, 21.0056748 ], [ 105.7395302, 21.0053695 ], [ 105.73967039999998, 21.0049914 ], [ 105.7396956, 21.0049106 ], [ 105.7396565, 21.004879 ], [ 105.738706, 21.0043004 ], [ 105.7376775, 21.0037085 ], [ 105.7375274, 21.0036185 ], [ 105.736526899999987, 21.0036201 ], [ 105.7358664, 21.0033203 ], [ 105.735371299999983, 21.0032203 ], [ 105.7352915, 21.0032797 ], [ 105.735386800000015, 21.0035242 ], [ 105.735030099999989, 21.0045652 ], [ 105.7341612, 21.0051128 ], [ 105.7328717, 21.0052628 ], [ 105.732385899999983, 21.005689 ], [ 105.7330615, 21.0063971 ], [ 105.733752, 21.0071808 ] ] ] } },
{ "type": "Feature", "properties": { "threshold_s": 900, "time_label": "15 minutes" }, "geometry": { "type": "Polygon", "coordinates": [ [ [ 105.730702, 21.0088982 ], [ 105.7293233, 21.0101116 ], [ 105.7310343, 21.0100493 ], [ 105.732460399999979, 21.0099631 ], [ 105.732613599999979, 21.0093984 ], [ 105.7341681, 21.008149 ], [ 105.735777899999988, 21.0095206 ], [ 105.735801399999986, 21.0098634 ], [ 105.7365187, 21.0098496 ], [ 105.736902699999987, 21.009829 ], [ 105.738824099999988, 21.0092954 ], [ 105.7395051, 21.0089328 ], [ 105.739589, 21.0087387 ], [ 105.742093399999987, 21.0090197 ], [ 105.7421082, 21.0090887 ], [ 105.7421208, 21.0091476 ], [ 105.744094200000021, 21.009271 ], [ 105.744621199999983, 21.0093632 ], [ 105.7440155, 21.0089986 ], [ 105.743439399999986, 21.0087605 ], [ 105.7421676, 21.0078907 ], [ 105.7418332, 21.0079204 ], [ 105.739749599999982, 21.0072117 ], [ 105.7397057, 21.0070282 ], [ 105.7396264, 21.0068835 ], [ 105.7395302, 21.0053695 ], [ 105.7407615, 21.0048413 ], [ 105.7416464, 21.0049346 ], [ 105.7421365, 21.0045049 ], [ 105.742026399999986, 21.0037578 ], [ 105.7415361, 21.0033281 ], [ 105.7404643, 21.0028289 ], [ 105.7402511, 21.0028351 ], [ 105.7394768, 21.0031561 ], [ 105.7381266, 21.0017047 ], [ 105.7381081, 21.0016541 ], [ 105.7380491, 21.0014921 ], [ 105.737335699999988, 21.0009864 ], [ 105.737242199999983, 21.0009309 ], [ 105.7366442, 21.0013173 ], [ 105.7347165, 21.0008438 ], [ 105.733669299999988, 21.0010399 ], [ 105.733535499999988, 21.0014679 ], [ 105.732841599999986, 21.0026517 ], [ 105.7318887, 21.0033703 ], [ 105.730702, 21.0040073 ], [ 105.7297773, 21.0044768 ], [ 105.729347, 21.0047895 ], [ 105.729666499999979, 21.0048682 ], [ 105.7303758, 21.0050597 ], [ 105.7309849, 21.0053368 ], [ 105.73098419999998, 21.0072191 ], [ 105.7306068, 21.0074469 ], [ 105.730702, 21.0088982 ] ] ] } },
{ "type": "Feature", "properties": { "threshold_s": 300, "time_label": "5 minutes" }, "geometry": { "type": "Polygon", "coordinates": [ [ [ 105.737195299999982, 21.0095634 ], [ 105.7369127, 21.009615 ], [ 105.736902699999987, 21.009829 ], [ 105.7375386, 21.009482 ], [ 105.738166, 21.0093305 ], [ 105.738498099999987, 21.009313 ], [ 105.738824099999988, 21.0092954 ], [ 105.7388205, 21.0092337 ], [ 105.738438099999982, 21.0092539 ], [ 105.738189199999979, 21.0092658 ], [ 105.737808, 21.0089538 ], [ 105.7374332, 21.0085439 ], [ 105.7373977, 21.0084546 ], [ 105.737227, 21.0080249 ], [ 105.7377361, 21.0077568 ], [ 105.7379529, 21.0076826 ], [ 105.7384121, 21.0074739 ], [ 105.7390311, 21.0074687 ], [ 105.7391549, 21.0078068 ], [ 105.7392076, 21.0079412 ], [ 105.7395017, 21.0086839 ], [ 105.7395311, 21.0087574 ], [ 105.739589, 21.0087387 ], [ 105.7395592, 21.0086652 ], [ 105.7392794, 21.0079257 ], [ 105.7392199, 21.0077719 ], [ 105.739147099999983, 21.007431 ], [ 105.7396278, 21.007255 ], [ 105.7396872, 21.0072339 ], [ 105.739749599999982, 21.0072117 ], [ 105.7397057, 21.0070282 ], [ 105.7396264, 21.0068835 ], [ 105.73955789999998, 21.0069043 ], [ 105.739499, 21.0069221 ], [ 105.739012, 21.007091 ], [ 105.7388266, 21.0067803 ], [ 105.7387615, 21.0066183 ], [ 105.738513699999984, 21.0061453 ], [ 105.738396699999981, 21.0056804 ], [ 105.738072599999981, 21.0057956 ], [ 105.737755, 21.0059085 ], [ 105.7372406, 21.0060913 ], [ 105.736643199999989, 21.0060528 ], [ 105.7363401, 21.0059913 ], [ 105.736163799999986, 21.006229 ], [ 105.736208, 21.0063739 ], [ 105.7365438, 21.0064756 ], [ 105.736634699999982, 21.0069424 ], [ 105.7368093, 21.007193 ], [ 105.7369182, 21.0074731 ], [ 105.7369808, 21.0078156 ], [ 105.7357459, 21.0081237 ], [ 105.7370286, 21.0079361 ], [ 105.7370834, 21.0080744 ], [ 105.7372807, 21.0085736 ], [ 105.7375451, 21.0090474 ], [ 105.737195299999982, 21.0095634 ] ] ] } },
{ "type": "Feature", "properties": { "threshold_s": 600, "time_label": "10 minutes" }, "geometry": { "type": "Polygon", "coordinates": [ [ [ 105.735777899999988, 21.0095206 ], [ 105.735801399999986, 21.0098634 ], [ 105.7365187, 21.0098496 ], [ 105.736902699999987, 21.009829 ], [ 105.738498099999987, 21.009313 ], [ 105.738824099999988, 21.0092954 ], [ 105.7395051, 21.0089328 ], [ 105.739589, 21.0087387 ], [ 105.742093399999987, 21.0090197 ], [ 105.7421082, 21.0090887 ], [ 105.7421208, 21.0091476 ], [ 105.742321899999979, 21.0090732 ], [ 105.7423481, 21.0089356 ], [ 105.7421676, 21.0078907 ], [ 105.7420093, 21.0079427 ], [ 105.741904799999986, 21.0079769 ], [ 105.7395592, 21.0086652 ], [ 105.739749599999982, 21.0072117 ], [ 105.7397057, 21.0070282 ], [ 105.7396264, 21.0068835 ], [ 105.7395302, 21.0053695 ], [ 105.7407615, 21.0048413 ], [ 105.7409848, 21.0048015 ], [ 105.740925499999989, 21.0045834 ], [ 105.7408024, 21.0044705 ], [ 105.7399816, 21.0040855 ], [ 105.7384316, 21.0034641 ], [ 105.73722859999998, 21.0026784 ], [ 105.7371736, 21.0027035 ], [ 105.7358664, 21.0033203 ], [ 105.735371299999983, 21.0032203 ], [ 105.7352915, 21.0032797 ], [ 105.735030099999989, 21.0045652 ], [ 105.7341612, 21.0051128 ], [ 105.7328717, 21.0052628 ], [ 105.732385899999983, 21.005689 ], [ 105.7330615, 21.0063971 ], [ 105.733752, 21.0071808 ], [ 105.7342147, 21.0076595 ], [ 105.7357459, 21.0081237 ], [ 105.735777899999988, 21.0095206 ] ] ] } },
{ "type": "Feature", "properties": { "threshold_s": 900, "time_label": "15 minutes" }, "geometry": { "type": "Polygon", "coordinates": [ [ [ 105.730513, 21.0095811 ], [ 105.7303316, 21.0100597 ], [ 105.7310343, 21.0100493 ], [ 105.732460399999979, 21.0099631 ], [ 105.732613599999979, 21.0093984 ], [ 105.7341681, 21.008149 ], [ 105.735777899999988, 21.0095206 ], [ 105.735801399999986, 21.0098634 ], [ 105.7365187, 21.0098496 ], [ 105.736902699999987, 21.009829 ], [ 105.738824099999988, 21.0092954 ], [ 105.7395051, 21.0089328 ], [ 105.739589, 21.0087387 ], [ 105.742093399999987, 21.0090197 ], [ 105.7421082, 21.0090887 ], [ 105.7421208, 21.0091476 ], [ 105.744094200000021, 21.009271 ], [ 105.744621199999983, 21.0093632 ], [ 105.7440155, 21.0089986 ], [ 105.743439399999986, 21.0087605 ], [ 105.7421676, 21.0078907 ], [ 105.7418332, 21.0079204 ], [ 105.739749599999982, 21.0072117 ], [ 105.7397057, 21.0070282 ], [ 105.7396264, 21.0068835 ], [ 105.7395302, 21.0053695 ], [ 105.7407615, 21.0048413 ], [ 105.7416464, 21.0049346 ], [ 105.74347, 21.0056076 ], [ 105.7436349, 21.0055402 ], [ 105.743604599999983, 21.005478 ], [ 105.7421365, 21.0045049 ], [ 105.742026399999986, 21.0037578 ], [ 105.7415361, 21.0033281 ], [ 105.7404643, 21.0028289 ], [ 105.7402511, 21.0028351 ], [ 105.7394768, 21.0031561 ], [ 105.7381266, 21.0017047 ], [ 105.73829, 21.0006269 ], [ 105.738273199999981, 21.0005866 ], [ 105.7370836, 21.0001084 ], [ 105.737002, 21.000136 ], [ 105.736936199999988, 21.0001582 ], [ 105.7366442, 21.0013173 ], [ 105.7347165, 21.0008438 ], [ 105.7338056, 21.0006038 ], [ 105.733669299999988, 21.0010399 ], [ 105.733535499999988, 21.0014679 ], [ 105.732841599999986, 21.0026517 ], [ 105.7318887, 21.0033703 ], [ 105.730702, 21.0040073 ], [ 105.7297773, 21.0044768 ], [ 105.729347, 21.0047895 ], [ 105.729666499999979, 21.0048682 ], [ 105.7303758, 21.0050597 ], [ 105.7309849, 21.0053368 ], [ 105.73098419999998, 21.0072191 ], [ 105.7306068, 21.0074469 ], [ 105.730513, 21.0095811 ] ] ] } },
{ "type": "Feature", "properties": { "threshold_s": 300, "time_label": "5 minutes" }, "geometry": { "type": "Polygon", "coordinates": [ [ [ 105.792129399999979, 21.0099216 ], [ 105.792109899999986, 21.0099452 ], [ 105.7922243, 21.0099918 ], [ 105.792447199999984, 21.0098085 ], [ 105.7933001, 21.0096986 ], [ 105.7936329, 21.0099874 ], [ 105.7940748, 21.0099174 ], [ 105.7946755, 21.0092706 ], [ 105.7950381, 21.0087604 ], [ 105.795413, 21.0083956 ], [ 105.7958175, 21.0080088 ], [ 105.7960743, 21.00768 ], [ 105.7961097, 21.0074494 ], [ 105.79596890000002, 21.0073779 ], [ 105.7954207, 21.0071595 ], [ 105.7943973, 21.006902 ], [ 105.793711099999982, 21.0064103 ], [ 105.793491599999982, 21.0062728 ], [ 105.792721299999982, 21.0059212 ], [ 105.7923971, 21.0064642 ], [ 105.7919072, 21.0067724 ], [ 105.7920525, 21.0072125 ], [ 105.7924926, 21.0071472 ], [ 105.793492, 21.006949 ], [ 105.793750799999984, 21.0077869 ], [ 105.7934508, 21.0083732 ], [ 105.792807100000019, 21.0091313 ], [ 105.7917807, 21.0087916 ], [ 105.7916951, 21.0089026 ], [ 105.7923266, 21.0096391 ], [ 105.7921498, 21.0098971 ], [ 105.792129399999979, 21.0099216 ] ] ] } },
{ "type": "Feature", "properties": { "threshold_s": 600, "time_label": "10 minutes" }, "geometry": { "type": "Polygon", "coordinates": [ [ [ 105.790381199999985, 21.0121625 ], [ 105.790483599999988, 21.0123683 ], [ 105.7907794, 21.0117529 ], [ 105.7921553, 21.0119588 ], [ 105.792402, 21.0121331 ], [ 105.7934208, 21.0123956 ], [ 105.7947735, 21.012029 ], [ 105.7953618, 21.0122015 ], [ 105.7959823, 21.0118479 ], [ 105.796269199999983, 21.011636 ], [ 105.7965514, 21.011429 ], [ 105.7975462, 21.0107007 ], [ 105.7978768, 21.0105864 ], [ 105.7988504, 21.0102365 ], [ 105.7988797, 21.0101439 ], [ 105.798820699999979, 21.009698 ], [ 105.79871009999998, 21.0084603 ], [ 105.7975168, 21.0082989 ], [ 105.796593499999986, 21.0078166 ], [ 105.7967198, 21.0070475 ], [ 105.7967597, 21.0069976 ], [ 105.797696099999982, 21.0061719 ], [ 105.797867, 21.0056685 ], [ 105.798122599999985, 21.0050253 ], [ 105.7980949, 21.0049604 ], [ 105.7975231, 21.0052974 ], [ 105.797483899999989, 21.0053443 ], [ 105.797449899999989, 21.0053874 ], [ 105.797070399999981, 21.006101 ], [ 105.7955953, 21.0061251 ], [ 105.795142899999988, 21.0058598 ], [ 105.794712299999986, 21.0051821 ], [ 105.7945869, 21.0048592 ], [ 105.7935129, 21.004127 ], [ 105.793305799999985, 21.0036974 ], [ 105.7931996, 21.0036198 ], [ 105.7924629, 21.0035585 ], [ 105.7919959, 21.0038192 ], [ 105.790688299999985, 21.0045431 ], [ 105.790931499999985, 21.0055429 ], [ 105.7909719, 21.00638 ], [ 105.789922299999986, 21.0067418 ], [ 105.789785699999982, 21.0067205 ], [ 105.7897901, 21.0069066 ], [ 105.7901466, 21.0081487 ], [ 105.790189, 21.0082522 ], [ 105.790286499999979, 21.0093129 ], [ 105.789476199999982, 21.0098552 ], [ 105.789411, 21.0099373 ], [ 105.7899701, 21.0105139 ], [ 105.790137799999982, 21.0112924 ], [ 105.790381199999985, 21.0121625 ] ] ] } },
{ "type": "Feature", "properties": { "threshold_s": 900, "time_label": "15 minutes" }, "geometry": { "type": "Polygon", "coordinates": [ [ [ 105.7881541, 21.0129152 ], [ 105.788512499999982, 21.0146403 ], [ 105.789832299999986, 21.0146755 ], [ 105.79029389999998, 21.0146417 ], [ 105.7907556, 21.0140706 ], [ 105.791419599999983, 21.0130853 ], [ 105.791637599999987, 21.0129789 ], [ 105.7932322, 21.0125222 ], [ 105.7934829, 21.0137813 ], [ 105.7939015, 21.0140028 ], [ 105.794101, 21.014113 ], [ 105.7944113, 21.0142743 ], [ 105.794691, 21.0144044 ], [ 105.795112100000011, 21.0146328 ], [ 105.795176199999986, 21.0146593 ], [ 105.7959433, 21.014461 ], [ 105.7962895, 21.013429 ], [ 105.7969668, 21.0127679 ], [ 105.7975087, 21.0122417 ], [ 105.7987128, 21.0121505 ], [ 105.7995512, 21.0129936 ], [ 105.799938, 21.0128205 ], [ 105.8011874, 21.0119471 ], [ 105.801267599999989, 21.0118605 ], [ 105.801391399999986, 21.0106366 ], [ 105.8012795, 21.0095535 ], [ 105.801377099999982, 21.00865 ], [ 105.8013099, 21.008389 ], [ 105.8012156, 21.0080954 ], [ 105.8004969, 21.0064293 ], [ 105.8003151, 21.0056714 ], [ 105.8005927, 21.0044668 ], [ 105.8004243, 21.0034691 ], [ 105.8003141, 21.0024937 ], [ 105.800263699999988, 21.0023504 ], [ 105.8001273, 21.0022571 ], [ 105.8000237, 21.0022752 ], [ 105.7994542, 21.0024934 ], [ 105.799366, 21.0025343 ], [ 105.7989509, 21.0031073 ], [ 105.7986874, 21.0034581 ], [ 105.798369699999981, 21.0038559 ], [ 105.798052199999987, 21.0041783 ], [ 105.7964941, 21.0045734 ], [ 105.7959014, 21.0041552 ], [ 105.7956232, 21.0034773 ], [ 105.7960541, 21.0018554 ], [ 105.79599709999998, 21.0017943 ], [ 105.7958485, 21.0016261 ], [ 105.795127, 21.0012414 ], [ 105.7931344, 21.0015087 ], [ 105.79147589999998, 21.0022066 ], [ 105.789722699999984, 21.002891 ], [ 105.7895171, 21.0028827 ], [ 105.7881257, 21.0033716 ], [ 105.7870608, 21.0048307 ], [ 105.7871161, 21.0049484 ], [ 105.7875138, 21.0052208 ], [ 105.7878383, 21.0067654 ], [ 105.7875895, 21.0071356 ], [ 105.786835900000014, 21.0078439 ], [ 105.7868037, 21.007884 ], [ 105.786707899999982, 21.0080021 ], [ 105.7867185, 21.0081176 ], [ 105.786757699999981, 21.0081446 ], [ 105.7868289, 21.0081936 ], [ 105.7871252, 21.0100383 ], [ 105.7870038, 21.0101842 ], [ 105.787241599999987, 21.0119407 ], [ 105.7876116, 21.0122641 ], [ 105.7881541, 21.0129152 ] ] ] } },
{ "type": "Feature", "properties": { "threshold_s": 300, "time_label": "5 minutes" }, "geometry": { "type": "Polygon", "coordinates": [ [ [ 105.8910169, 21.0516451 ], [ 105.8908192, 21.0521132 ], [ 105.8912591, 21.0515701 ], [ 105.8919365, 21.0519957 ], [ 105.892642099999989, 21.0515387 ], [ 105.893673299999989, 21.0521461 ], [ 105.893645299999989, 21.0521881 ], [ 105.8936577, 21.0523382 ], [ 105.8937617, 21.0524001 ], [ 105.8938614, 21.0524596 ], [ 105.893940799999982, 21.0521317 ], [ 105.893783499999984, 21.0519808 ], [ 105.8937555, 21.0520226 ], [ 105.892727799999989, 21.0514173 ], [ 105.892805599999988, 21.0507808 ], [ 105.892883, 21.050662 ], [ 105.8930818, 21.0503568 ], [ 105.8931747, 21.0502141 ], [ 105.8932699, 21.050068 ], [ 105.8933351, 21.0499679 ], [ 105.893421299999986, 21.0498356 ], [ 105.8935081, 21.0497024 ], [ 105.893571599999987, 21.0496049 ], [ 105.8936085, 21.0495482 ], [ 105.8946185, 21.0501288 ], [ 105.894862499999988, 21.0504836 ], [ 105.894997799999985, 21.0505477 ], [ 105.8951382, 21.0503374 ], [ 105.895193, 21.0500357 ], [ 105.894661499999984, 21.0500643 ], [ 105.893650899999983, 21.0494832 ], [ 105.8931757, 21.0489048 ], [ 105.8930452, 21.0486722 ], [ 105.8925771, 21.0486933 ], [ 105.8924147, 21.0489472 ], [ 105.8925978, 21.049527 ], [ 105.8922542, 21.0500394 ], [ 105.8922198, 21.0504412 ], [ 105.891627899999989, 21.0507597 ], [ 105.8915328, 21.0509022 ], [ 105.8910169, 21.0516451 ] ] ] } },
{ "type": "Feature", "properties": { "threshold_s": 600, "time_label": "10 minutes" }, "geometry": { "type": "Polygon", "coordinates": [ [ [ 105.8888368, 21.0539842 ], [ 105.889140499999982, 21.0543086 ], [ 105.8903761, 21.0545572 ], [ 105.8916047, 21.0554172 ], [ 105.891707399999987, 21.0554784 ], [ 105.8934902, 21.0550417 ], [ 105.8948156, 21.0540245 ], [ 105.8938614, 21.0524596 ], [ 105.895773, 21.0519032 ], [ 105.896096, 21.0520904 ], [ 105.8967109, 21.0524468 ], [ 105.896829399999987, 21.0525154 ], [ 105.897670099999985, 21.0518829 ], [ 105.8977122, 21.0518186 ], [ 105.897857499999986, 21.050904 ], [ 105.8975812, 21.0496169 ], [ 105.8970584, 21.0475298 ], [ 105.8969567, 21.0474681 ], [ 105.8953141, 21.0460339 ], [ 105.895277, 21.0459187 ], [ 105.895041, 21.0454002 ], [ 105.8944583, 21.0462985 ], [ 105.8928242, 21.0468519 ], [ 105.8920857, 21.047519 ], [ 105.8924147, 21.0489472 ], [ 105.8918177, 21.0498801 ], [ 105.8910169, 21.0516451 ], [ 105.890523699999989, 21.0525021 ], [ 105.8892169, 21.0534204 ], [ 105.8888368, 21.0539842 ] ] ] } },
{ "type": "Feature", "properties": { "threshold_s": 900, "time_label": "15 minutes" }, "geometry": { "type": "Polygon", "coordinates": [ [ [ 105.886121499999987, 21.0547588 ], [ 105.887688699999984, 21.0566023 ], [ 105.8895227, 21.0578283 ], [ 105.88999339999998, 21.057973 ], [ 105.8918846, 21.0578496 ], [ 105.892374, 21.057618 ], [ 105.894805799999986, 21.0567894 ], [ 105.8966022, 21.0562506 ], [ 105.8974904, 21.0559673 ], [ 105.897803499999981, 21.0546524 ], [ 105.899002900000013, 21.053775 ], [ 105.900238699999989, 21.0532218 ], [ 105.900602699999979, 21.0529986 ], [ 105.900780899999987, 21.0524966 ], [ 105.900289, 21.0501599 ], [ 105.8996184, 21.0479649 ], [ 105.8994085, 21.0468096 ], [ 105.8990919, 21.0450583 ], [ 105.8989969, 21.0449861 ], [ 105.8971315, 21.0444536 ], [ 105.896759099999983, 21.0433411 ], [ 105.8965136, 21.0431266 ], [ 105.8958891, 21.043055 ], [ 105.8939851, 21.0443222 ], [ 105.893976100000017, 21.0444498 ], [ 105.8944583, 21.0462985 ], [ 105.8928242, 21.0468519 ], [ 105.8913288, 21.0464136 ], [ 105.890241099999983, 21.04547 ], [ 105.8899784, 21.0464821 ], [ 105.8920857, 21.047519 ], [ 105.8918177, 21.0498801 ], [ 105.8910169, 21.0516451 ], [ 105.889578200000017, 21.0529491 ], [ 105.8876312, 21.0530252 ], [ 105.887081099999989, 21.0530219 ], [ 105.886562199999986, 21.0529726 ], [ 105.8864888, 21.0530158 ], [ 105.8859407, 21.0541252 ], [ 105.886121499999987, 21.0547588 ] ] ] } },
{ "type": "Feature", "properties": { "threshold_s": 300, "time_label": "5 minutes" }, "geometry": { "type": "Polygon", "coordinates": [ [ [ 105.779744399999984, 21.0210872 ], [ 105.7797551, 21.0212644 ], [ 105.7808638, 21.0207077 ], [ 105.7810498, 21.0208379 ], [ 105.7811546, 21.0209139 ], [ 105.781316599999982, 21.0209702 ], [ 105.78221019999998, 21.0208966 ], [ 105.7831617, 21.0210258 ], [ 105.783685399999982, 21.0213898 ], [ 105.783831099999986, 21.0212116 ], [ 105.783070399999986, 21.0207685 ], [ 105.7826047, 21.0202178 ], [ 105.782283199999981, 21.0190721 ], [ 105.7827861, 21.0181343 ], [ 105.7827925, 21.0174054 ], [ 105.781983199999985, 21.0173756 ], [ 105.781480099999982, 21.0172233 ], [ 105.7813464, 21.0174233 ], [ 105.7802789, 21.0177474 ], [ 105.7797066, 21.0183977 ], [ 105.779656499999987, 21.018461 ], [ 105.7796173, 21.0185106 ], [ 105.780185, 21.0193301 ], [ 105.7802358, 21.0203447 ], [ 105.779744399999984, 21.0210872 ] ] ] } },
{ "type": "Feature", "properties": { "threshold_s": 600, "time_label": "10 minutes" }, "geometry": { "type": "Polygon", "coordinates": [ [ [ 105.777978600000012, 21.0208126 ], [ 105.778143400000019, 21.0220671 ], [ 105.7785636, 21.0223194 ], [ 105.778666499999986, 21.02238 ], [ 105.7787783, 21.0224366 ], [ 105.780247099999983, 21.0215594 ], [ 105.781316599999982, 21.0209702 ], [ 105.78221019999998, 21.0208966 ], [ 105.783685399999982, 21.0213898 ], [ 105.7843483, 21.0218505 ], [ 105.78469819999998, 21.0234755 ], [ 105.7863063, 21.0226815 ], [ 105.7863532, 21.0226176 ], [ 105.786380200000011, 21.0225782 ], [ 105.786185099999983, 21.0224986 ], [ 105.7861096, 21.0225953 ], [ 105.785075599999985, 21.0229999 ], [ 105.784362, 21.0218325 ], [ 105.7843897, 21.0215017 ], [ 105.7855061, 21.0202029 ], [ 105.7858191, 21.0202919 ], [ 105.785857199999981, 21.0199973 ], [ 105.7857376, 21.0198162 ], [ 105.785454099999981, 21.0183158 ], [ 105.785279299999985, 21.0175033 ], [ 105.785034199999984, 21.0169055 ], [ 105.784487299999981, 21.0163225 ], [ 105.783521099999987, 21.0155657 ], [ 105.783063399999989, 21.0152246 ], [ 105.782255399999983, 21.0153136 ], [ 105.7804529, 21.0151416 ], [ 105.7793593, 21.0155211 ], [ 105.7780312, 21.0157797 ], [ 105.7779585, 21.0158663 ], [ 105.777370399999981, 21.016706 ], [ 105.777147200000016, 21.0173563 ], [ 105.7775425, 21.0189072 ], [ 105.7779399, 21.020286 ], [ 105.777978600000012, 21.0208126 ] ] ] } },
{ "type": "Feature", "properties": { "threshold_s": 900, "time_label": "15 minutes" }, "geometry": { "type": "Polygon", "coordinates": [ [ [ 105.7792093, 21.026076 ], [ 105.7787083, 21.0271191 ], [ 105.7788159, 21.0271133 ], [ 105.7792077, 21.0268064 ], [ 105.780746899999983, 21.0265283 ], [ 105.7813552, 21.0264395 ], [ 105.782889, 21.0262157 ], [ 105.784305099999983, 21.0264381 ], [ 105.78440209999998, 21.0264443 ], [ 105.7845051, 21.0263653 ], [ 105.784973, 21.0259827 ], [ 105.785952, 21.0253609 ], [ 105.7862351, 21.025193 ], [ 105.7876537, 21.0246197 ], [ 105.789080699999985, 21.0244822 ], [ 105.789100399999981, 21.0243105 ], [ 105.78894240000001, 21.0234474 ], [ 105.788960100000011, 21.0225172 ], [ 105.7888484, 21.022223 ], [ 105.7886162, 21.0218815 ], [ 105.78834449999998, 21.0203477 ], [ 105.788343499999982, 21.0199531 ], [ 105.788320199999987, 21.0188173 ], [ 105.7881121, 21.0178855 ], [ 105.7877557, 21.0176325 ], [ 105.7875961, 21.0174651 ], [ 105.7875809, 21.0159072 ], [ 105.7876142, 21.0158635 ], [ 105.787664799999988, 21.0157972 ], [ 105.7876777, 21.015703 ], [ 105.7869362, 21.0145299 ], [ 105.7868775, 21.0144895 ], [ 105.7867652, 21.0145154 ], [ 105.7855966, 21.0143602 ], [ 105.7852351, 21.0141701 ], [ 105.7860999, 21.0126044 ], [ 105.786154, 21.0125343 ], [ 105.786126, 21.0123611 ], [ 105.78597809999998, 21.0125132 ], [ 105.7848801, 21.0139138 ], [ 105.7841685, 21.013523 ], [ 105.783917299999985, 21.0132684 ], [ 105.7830728, 21.0127611 ], [ 105.781700499999985, 21.0126829 ], [ 105.7812142, 21.0126383 ], [ 105.7799408, 21.0128592 ], [ 105.7793391, 21.0130411 ], [ 105.7789419, 21.0136699 ], [ 105.7772836, 21.0138203 ], [ 105.776949299999984, 21.0135422 ], [ 105.7761535, 21.0135377 ], [ 105.7754981, 21.0139906 ], [ 105.774261899999985, 21.0146072 ], [ 105.77479, 21.0150747 ], [ 105.7750117, 21.0152314 ], [ 105.7753219, 21.0166955 ], [ 105.7748046, 21.0170364 ], [ 105.7747683, 21.0170847 ], [ 105.77473449999998, 21.0171296 ], [ 105.7749083, 21.0171869 ], [ 105.775181099999983, 21.0186764 ], [ 105.774832900000021, 21.0190964 ], [ 105.77544469999998, 21.020391 ], [ 105.7755965, 21.0219411 ], [ 105.775462799999985, 21.0224585 ], [ 105.7756752, 21.0231929 ], [ 105.776571899999979, 21.0244999 ], [ 105.7774028, 21.0238263 ], [ 105.7784003, 21.0238944 ], [ 105.7784963, 21.0251352 ], [ 105.7792093, 21.026076 ] ] ] } },
{ "type": "Feature", "properties": { "threshold_s": 300, "time_label": "5 minutes" }, "geometry": { "type": "Polygon", "coordinates": [ [ [ 105.76127169999998, 21.0712255 ], [ 105.761495399999987, 21.0718689 ], [ 105.7617889, 21.0712109 ], [ 105.762193, 21.0710601 ], [ 105.7627941, 21.0708954 ], [ 105.762572, 21.0700207 ], [ 105.7625911, 21.0696274 ], [ 105.7625698, 21.0694733 ], [ 105.762533399999981, 21.0693294 ], [ 105.7621395, 21.0685274 ], [ 105.76212959999998, 21.0682647 ], [ 105.7626679, 21.0675059 ], [ 105.7616612, 21.0672793 ], [ 105.7616672, 21.0670255 ], [ 105.7612918, 21.0674504 ], [ 105.761568299999979, 21.0682709 ], [ 105.761435, 21.0688403 ], [ 105.7610778, 21.0696203 ], [ 105.761181, 21.0699639 ], [ 105.761316, 21.0708232 ], [ 105.76127169999998, 21.0712255 ] ] ] } },
{ "type": "Feature", "properties": { "threshold_s": 600, "time_label": "10 minutes" }, "geometry": { "type": "Polygon", "coordinates": [ [ [ 105.7615668, 21.0722417 ], [ 105.7626659, 21.0741508 ], [ 105.7626949, 21.0727889 ], [ 105.7644781, 21.0724792 ], [ 105.7650067, 21.0715146 ], [ 105.7627506, 21.0716553 ], [ 105.7627941, 21.0708954 ], [ 105.762572, 21.0700207 ], [ 105.7625911, 21.0696274 ], [ 105.7628168, 21.0690834 ], [ 105.7629026, 21.0685178 ], [ 105.7642183, 21.0684053 ], [ 105.7649533, 21.0679091 ], [ 105.7646936, 21.0671428 ], [ 105.7646985, 21.0677055 ], [ 105.7631706, 21.0677953 ], [ 105.762662899999981, 21.0670468 ], [ 105.7626799, 21.0667392 ], [ 105.762658300000012, 21.0661793 ], [ 105.7630184, 21.0655264 ], [ 105.7630199, 21.0644427 ], [ 105.7623518, 21.0644106 ], [ 105.7614668, 21.0651777 ], [ 105.7615404, 21.0663076 ], [ 105.7612918, 21.0674504 ], [ 105.761568299999979, 21.0682709 ], [ 105.761435, 21.0688403 ], [ 105.7610778, 21.0696203 ], [ 105.761181, 21.0699639 ], [ 105.76127169999998, 21.0712255 ], [ 105.761236699999984, 21.0722492 ], [ 105.7615668, 21.0722417 ] ] ] } },
{ "type": "Feature", "properties": { "threshold_s": 900, "time_label": "15 minutes" }, "geometry": { "type": "Polygon", "coordinates": [ [ [ 105.761236699999984, 21.0722492 ], [ 105.7626659, 21.0741508 ], [ 105.7639382, 21.0753279 ], [ 105.765949500000019, 21.0742289 ], [ 105.766915, 21.0727406 ], [ 105.768678799999989, 21.0715284 ], [ 105.7666906, 21.0721505 ], [ 105.7658288, 21.0702156 ], [ 105.7662373, 21.0687282 ], [ 105.7662199, 21.0665006 ], [ 105.7661315, 21.0658541 ], [ 105.7653924, 21.0635937 ], [ 105.7637426, 21.0640006 ], [ 105.7623518, 21.0644106 ], [ 105.761848299999983, 21.0647187 ], [ 105.7596272, 21.0654404 ], [ 105.759005699999989, 21.0656753 ], [ 105.758651, 21.0659367 ], [ 105.7596906, 21.0661988 ], [ 105.7612918, 21.0674504 ], [ 105.761435, 21.0688403 ], [ 105.7610778, 21.0696203 ], [ 105.76127169999998, 21.0712255 ], [ 105.761236699999984, 21.0722492 ] ] ] } },
{ "type": "Feature", "properties": { "threshold_s": 300, "time_label": "5 minutes" }, "geometry": { "type": "Polygon", "coordinates": [ [ [ 105.71962259999998, 21.0151172 ], [ 105.719344, 21.0157994 ], [ 105.719565099999983, 21.015788 ], [ 105.7196795, 21.0157834 ], [ 105.7208147, 21.0157201 ], [ 105.720916099999982, 21.0173016 ], [ 105.7224259, 21.0172237 ], [ 105.723368599999986, 21.0165566 ], [ 105.7233881, 21.0169047 ], [ 105.72426, 21.0168241 ], [ 105.7244415, 21.0168128 ], [ 105.724230799999987, 21.0163615 ], [ 105.7242872, 21.01553 ], [ 105.724511299999989, 21.0152388 ], [ 105.724811699999989, 21.0148077 ], [ 105.7243398, 21.0146916 ], [ 105.7238701, 21.0141788 ], [ 105.72347, 21.0148831 ], [ 105.723188, 21.0148997 ], [ 105.7232541, 21.0155858 ], [ 105.7223268, 21.0156413 ], [ 105.7208084, 21.0156064 ], [ 105.7207359, 21.0146066 ], [ 105.7208294, 21.014291 ], [ 105.7205917, 21.014299 ], [ 105.71962259999998, 21.0151172 ] ] ] } },
{ "type": "Feature", "properties": { "threshold_s": 600, "time_label": "10 minutes" }, "geometry": { "type": "Polygon", "coordinates": [ [ [ 105.720198, 21.0201888 ], [ 105.7201468, 21.0202522 ], [ 105.720348299999984, 21.0203253 ], [ 105.7206202, 21.0199073 ], [ 105.721015799999989, 21.0189015 ], [ 105.721011099999984, 21.01884 ], [ 105.7224259, 21.0172237 ], [ 105.7233881, 21.0169047 ], [ 105.7242795, 21.017128 ], [ 105.7245061, 21.0191005 ], [ 105.7254309, 21.0191034 ], [ 105.7254279, 21.0190231 ], [ 105.7252708, 21.0167733 ], [ 105.7260549, 21.0167277 ], [ 105.7263131, 21.0167127 ], [ 105.7275304, 21.0169583 ], [ 105.727056, 21.0160411 ], [ 105.727706199999986, 21.0150819 ], [ 105.728028699999982, 21.0146377 ], [ 105.7280315, 21.0145138 ], [ 105.7278412, 21.0143181 ], [ 105.7274217, 21.0138869 ], [ 105.7273513, 21.0138146 ], [ 105.726878499999984, 21.0133854 ], [ 105.7262011, 21.0129338 ], [ 105.7258592, 21.0129135 ], [ 105.725530799999987, 21.0129326 ], [ 105.725193, 21.0129435 ], [ 105.7248419, 21.012969 ], [ 105.724511199999981, 21.0129833 ], [ 105.7235438, 21.0130527 ], [ 105.7232074, 21.0130746 ], [ 105.722854199999986, 21.0130993 ], [ 105.7219285, 21.0121638 ], [ 105.7214212, 21.0116018 ], [ 105.721196599999985, 21.0121708 ], [ 105.7199925, 21.0125469 ], [ 105.7196063, 21.011607 ], [ 105.719417, 21.0122514 ], [ 105.7185386, 21.0129868 ], [ 105.718584, 21.0141125 ], [ 105.7184036, 21.0151105 ], [ 105.7172921, 21.0158045 ], [ 105.71736989999998, 21.0171649 ], [ 105.7176368, 21.0172801 ], [ 105.7180061, 21.0172486 ], [ 105.7182474, 21.0172119 ], [ 105.719267599999981, 21.0170623 ], [ 105.719348, 21.0165634 ], [ 105.7196795, 21.0157834 ], [ 105.7208147, 21.0157201 ], [ 105.7223268, 21.0156413 ], [ 105.720916099999982, 21.0173016 ], [ 105.7210055, 21.0187677 ], [ 105.720198, 21.0201888 ] ] ] } },
{ "type": "Feature", "properties": { "threshold_s": 900, "time_label": "15 minutes" }, "geometry": { "type": "Polygon", "coordinates": [ [ [ 105.7168824, 21.020583 ], [ 105.718285, 21.022978 ], [ 105.7188904, 21.0224185 ], [ 105.7212293, 21.0216743 ], [ 105.7224852, 21.0217209 ], [ 105.722559, 21.0217303 ], [ 105.7230104, 21.021233 ], [ 105.7245061, 21.0191005 ], [ 105.725464200000019, 21.0194636 ], [ 105.7278205, 21.019913 ], [ 105.7284463, 21.0192502 ], [ 105.7275304, 21.0169583 ], [ 105.7280552, 21.0150457 ], [ 105.7283235, 21.0142545 ], [ 105.728153400000011, 21.0139748 ], [ 105.7272111, 21.0129272 ], [ 105.725089899999986, 21.0113795 ], [ 105.724418199999988, 21.0114252 ], [ 105.722767099999984, 21.0115225 ], [ 105.7219029, 21.0115734 ], [ 105.7214212, 21.0116018 ], [ 105.7195001, 21.0106696 ], [ 105.720448799999986, 21.0089544 ], [ 105.7207262, 21.0086813 ], [ 105.720679799999985, 21.008287 ], [ 105.7201144, 21.0080155 ], [ 105.720169899999988, 21.0082328 ], [ 105.718173199999981, 21.0101465 ], [ 105.7163529, 21.0114665 ], [ 105.717447099999987, 21.0125732 ], [ 105.718584, 21.0141125 ], [ 105.7172921, 21.0158045 ], [ 105.71736989999998, 21.0171649 ], [ 105.717504799999986, 21.0195534 ], [ 105.7172056, 21.0201396 ], [ 105.7169584, 21.0204786 ], [ 105.7168824, 21.020583 ] ] ] } },
{ "type": "Feature", "properties": { "threshold_s": 300, "time_label": "5 minutes" }, "geometry": { "type": "Polygon", "coordinates": [ [ [ 105.82379539999998, 20.9707121 ], [ 105.8235564, 20.9713458 ], [ 105.824479, 20.9717209 ], [ 105.8245339, 20.9719991 ], [ 105.82455539999998, 20.9721501 ], [ 105.824614, 20.9721427 ], [ 105.8246859, 20.9721326 ], [ 105.825491, 20.9725541 ], [ 105.8253458, 20.9729796 ], [ 105.8253483, 20.9730538 ], [ 105.826088, 20.9730431 ], [ 105.8261909, 20.973032 ], [ 105.826241699999983, 20.9729171 ], [ 105.826261799999983, 20.9728364 ], [ 105.826799199999982, 20.9723378 ], [ 105.827521799999985, 20.9727474 ], [ 105.82765689999998, 20.9727689 ], [ 105.8286324, 20.9727157 ], [ 105.828609699999987, 20.9721012 ], [ 105.8289671, 20.971648 ], [ 105.829027699999983, 20.9708149 ], [ 105.8286786, 20.970703 ], [ 105.8285709, 20.9706683 ], [ 105.8278255, 20.9702549 ], [ 105.8280519, 20.9695774 ], [ 105.828166599999989, 20.9693405 ], [ 105.827619699999985, 20.9692068 ], [ 105.827136199999984, 20.9691763 ], [ 105.826884099999987, 20.9692289 ], [ 105.826558099999986, 20.9694311 ], [ 105.8262497, 20.9699998 ], [ 105.8257391, 20.9702056 ], [ 105.825194, 20.970312 ], [ 105.8243597, 20.9705328 ], [ 105.82379539999998, 20.9707121 ] ] ] } },
{ "type": "Feature", "properties": { "threshold_s": 600, "time_label": "10 minutes" }, "geometry": { "type": "Polygon", "coordinates": [ [ [ 105.821504, 20.9731627 ], [ 105.821558699999983, 20.9732277 ], [ 105.822901, 20.973557 ], [ 105.8239824, 20.9744565 ], [ 105.8248087, 20.9753741 ], [ 105.825452, 20.9765259 ], [ 105.825511299999988, 20.9765313 ], [ 105.8260376, 20.9760231 ], [ 105.826109499999987, 20.9756971 ], [ 105.826203399999983, 20.9743406 ], [ 105.8274243, 20.9747012 ], [ 105.828605599999989, 20.9752638 ], [ 105.829069899999979, 20.9751272 ], [ 105.8286961, 20.9738327 ], [ 105.828649, 20.9734201 ], [ 105.8298254, 20.9726025 ], [ 105.8301216, 20.9723983 ], [ 105.8316475, 20.9733587 ], [ 105.830563, 20.9718053 ], [ 105.831004, 20.9712246 ], [ 105.831028300000014, 20.9710903 ], [ 105.8312362, 20.9702354 ], [ 105.8302709, 20.9696916 ], [ 105.8305086, 20.9685754 ], [ 105.8296869, 20.9681624 ], [ 105.8294013, 20.9681543 ], [ 105.8286471, 20.9686444 ], [ 105.8276079, 20.9682935 ], [ 105.827087, 20.9678552 ], [ 105.827049599999981, 20.9678172 ], [ 105.826557799999989, 20.9673253 ], [ 105.826082099999979, 20.9663804 ], [ 105.82599759999998, 20.9660834 ], [ 105.8258971, 20.9661062 ], [ 105.8252736, 20.9662628 ], [ 105.8241441, 20.9669547 ], [ 105.8236698, 20.9672779 ], [ 105.8222883, 20.9675108 ], [ 105.8221378, 20.9688271 ], [ 105.8221451, 20.9693193 ], [ 105.822731499999989, 20.9695375 ], [ 105.82302319999998, 20.9701504 ], [ 105.8220945, 20.9708956 ], [ 105.82128419999998, 20.9707089 ], [ 105.821133299999985, 20.9707593 ], [ 105.8207625, 20.9714324 ], [ 105.821150399999979, 20.9716678 ], [ 105.821568, 20.9727254 ], [ 105.821504, 20.9731627 ] ] ] } },
{ "type": "Feature", "properties": { "threshold_s": 900, "time_label": "15 minutes" }, "geometry": { "type": "Polygon", "coordinates": [ [ [ 105.817816599999986, 20.9734723 ], [ 105.8186459, 20.9750803 ], [ 105.81894149999998, 20.9750304 ], [ 105.8212277, 20.9757312 ], [ 105.8228598, 20.9767788 ], [ 105.823509299999984, 20.9777769 ], [ 105.823556699999983, 20.9778292 ], [ 105.8244939, 20.9789906 ], [ 105.826178899999988, 20.9789713 ], [ 105.8268057, 20.9789587 ], [ 105.828323899999987, 20.9779753 ], [ 105.828714099999985, 20.9777733 ], [ 105.8307103, 20.9771383 ], [ 105.8324052, 20.9764505 ], [ 105.832427599999988, 20.9763376 ], [ 105.8335394, 20.9742845 ], [ 105.835048699999987, 20.9732698 ], [ 105.834524699999989, 20.9712822 ], [ 105.8332231, 20.970314 ], [ 105.832131099999984, 20.9698574 ], [ 105.8326329, 20.9673162 ], [ 105.8335361, 20.9675523 ], [ 105.833983299999986, 20.9677065 ], [ 105.8341145, 20.9674665 ], [ 105.834035, 20.9672119 ], [ 105.833453599999984, 20.9663083 ], [ 105.833236500000012, 20.966368 ], [ 105.8322623, 20.966886 ], [ 105.8305086, 20.9685754 ], [ 105.8296869, 20.9681624 ], [ 105.8294013, 20.9681543 ], [ 105.8272842, 20.96708 ], [ 105.8272322, 20.9669382 ], [ 105.8272015, 20.9650463 ], [ 105.82731339999998, 20.9644999 ], [ 105.8266215, 20.9638784 ], [ 105.8259371, 20.9631115 ], [ 105.824413599999986, 20.9633344 ], [ 105.8242594, 20.9633595 ], [ 105.8237399, 20.9641861 ], [ 105.822079800000012, 20.9648027 ], [ 105.8206265, 20.9653885 ], [ 105.8203129, 20.9655071 ], [ 105.8199988, 20.9662299 ], [ 105.8193109, 20.9679947 ], [ 105.8194515, 20.9683889 ], [ 105.819539, 20.9687177 ], [ 105.8192745, 20.9709572 ], [ 105.8180524, 20.9727348 ], [ 105.8176514, 20.9729255 ], [ 105.817816599999986, 20.9734723 ] ] ] } },
{ "type": "Feature", "properties": { "threshold_s": 300, "time_label": "5 minutes" }, "geometry": { "type": "Polygon", "coordinates": [ [ [ 105.773451099999988, 21.0764083 ], [ 105.7738803, 21.0769701 ], [ 105.7739796, 21.0767329 ], [ 105.77429979999998, 21.0760237 ], [ 105.774875900000012, 21.0752851 ], [ 105.7754298, 21.0750273 ], [ 105.7759632, 21.074233 ], [ 105.7770238, 21.0745699 ], [ 105.7773094, 21.074569 ], [ 105.7772867, 21.0742853 ], [ 105.7772295, 21.0737675 ], [ 105.7760082, 21.0732205 ], [ 105.775081, 21.0732566 ], [ 105.7744559, 21.0728348 ], [ 105.7747794, 21.0715532 ], [ 105.7745198, 21.0715458 ], [ 105.7740055, 21.0729755 ], [ 105.7736179, 21.0733264 ], [ 105.772625299999987, 21.0735014 ], [ 105.7725343, 21.0735156 ], [ 105.772524799999985, 21.0737294 ], [ 105.7721149, 21.0747635 ], [ 105.772486099999981, 21.0747666 ], [ 105.773545199999987, 21.0754348 ], [ 105.773497599999985, 21.0760622 ], [ 105.773451099999988, 21.0764083 ] ] ] } },
{ "type": "Feature", "properties": { "threshold_s": 600, "time_label": "10 minutes" }, "geometry": { "type": "Polygon", "coordinates": [ [ [ 105.7718437, 21.0771504 ], [ 105.7718594, 21.0787808 ], [ 105.773715199999984, 21.0788035 ], [ 105.7742496, 21.0794584 ], [ 105.7748681, 21.0795704 ], [ 105.7759549, 21.0782489 ], [ 105.7776627, 21.077793 ], [ 105.777500599999982, 21.0767735 ], [ 105.777415099999985, 21.0761416 ], [ 105.7773925, 21.0758505 ], [ 105.7773424, 21.0751759 ], [ 105.7790688, 21.073907 ], [ 105.778659099999985, 21.0732403 ], [ 105.77720069999998, 21.0730263 ], [ 105.777115499999979, 21.0715521 ], [ 105.7770995, 21.0709373 ], [ 105.7758342, 21.0697753 ], [ 105.774825299999989, 21.0689603 ], [ 105.7738937, 21.070027 ], [ 105.7721998, 21.0709135 ], [ 105.7714031, 21.0715253 ], [ 105.7713889, 21.0718092 ], [ 105.7722278, 21.07326 ], [ 105.7721149, 21.0747635 ], [ 105.772095899999982, 21.0754558 ], [ 105.7718437, 21.0771504 ] ] ] } },
{ "type": "Feature", "properties": { "threshold_s": 900, "time_label": "15 minutes" }, "geometry": { "type": "Polygon", "coordinates": [ [ [ 105.7717109, 21.0803456 ], [ 105.771872499999986, 21.0809364 ], [ 105.7728428, 21.0818523 ], [ 105.7730966, 21.0818417 ], [ 105.773288, 21.0817572 ], [ 105.774535199999988, 21.0806209 ], [ 105.776163299999979, 21.0804207 ], [ 105.778017899999981, 21.081092 ], [ 105.779628, 21.0786223 ], [ 105.777500599999982, 21.0767735 ], [ 105.777415099999985, 21.0761416 ], [ 105.7790688, 21.073907 ], [ 105.7806534, 21.0718024 ], [ 105.780854300000016, 21.0715323 ], [ 105.7794672, 21.0694203 ], [ 105.779143399999981, 21.0685369 ], [ 105.778904900000015, 21.0679019 ], [ 105.7772332, 21.0682157 ], [ 105.776498599999982, 21.0683209 ], [ 105.7761494, 21.068443 ], [ 105.773470399999979, 21.0685899 ], [ 105.7726015, 21.0674079 ], [ 105.7723981, 21.0674079 ], [ 105.7716328, 21.0681457 ], [ 105.7699419, 21.0693882 ], [ 105.768678799999989, 21.0715284 ], [ 105.7699849, 21.0739166 ], [ 105.770644799999985, 21.0743666 ], [ 105.772121199999987, 21.0761333 ], [ 105.7718437, 21.0771504 ], [ 105.7718594, 21.0787808 ], [ 105.7717404, 21.0795122 ], [ 105.7717109, 21.0803456 ] ] ] } },
{ "type": "Feature", "properties": { "threshold_s": 300, "time_label": "5 minutes" }, "geometry": { "type": "Polygon", "coordinates": [ [ [ 105.8065413, 21.0231994 ], [ 105.8065559, 21.0233506 ], [ 105.8068054, 21.0233637 ], [ 105.8071314, 21.0232484 ], [ 105.807591799999983, 21.0231588 ], [ 105.8078644, 21.0231616 ], [ 105.808356599999982, 21.0232589 ], [ 105.80926119999998, 21.0243198 ], [ 105.810203099999981, 21.024317 ], [ 105.81083150000002, 21.0251376 ], [ 105.8109821, 21.0253586 ], [ 105.810823299999981, 21.0239645 ], [ 105.811367299999986, 21.0228092 ], [ 105.8111677, 21.0220555 ], [ 105.810535499999986, 21.0215311 ], [ 105.8091748, 21.0211373 ], [ 105.808691899999985, 21.0208515 ], [ 105.8079401, 21.0210273 ], [ 105.8085505, 21.0215259 ], [ 105.808168199999983, 21.0224398 ], [ 105.8075761, 21.0225244 ], [ 105.8071352, 21.0227721 ], [ 105.8065413, 21.0231994 ] ] ] } },
{ "type": "Feature", "properties": { "threshold_s": 600, "time_label": "10 minutes" }, "geometry": { "type": "Polygon", "coordinates": [ [ [ 105.8037814, 21.0241744 ], [ 105.80401449999998, 21.0245619 ], [ 105.8054548, 21.025737 ], [ 105.806912399999987, 21.0261996 ], [ 105.807848, 21.0273466 ], [ 105.809388, 21.0282686 ], [ 105.810094099999986, 21.0281542 ], [ 105.811946399999982, 21.0277003 ], [ 105.812372600000018, 21.0279594 ], [ 105.812488499999986, 21.0279479 ], [ 105.813092499999982, 21.0273717 ], [ 105.8132557, 21.0270837 ], [ 105.813229599999985, 21.0262258 ], [ 105.813016, 21.0245555 ], [ 105.812747799999983, 21.0239078 ], [ 105.8119652, 21.0222175 ], [ 105.8108798, 21.0213019 ], [ 105.8113257, 21.0200849 ], [ 105.8114278, 21.0194166 ], [ 105.810568799999984, 21.0187066 ], [ 105.8104659, 21.018663 ], [ 105.809898, 21.0189417 ], [ 105.809486299999989, 21.0191446 ], [ 105.807698099999982, 21.018548 ], [ 105.8075263, 21.0182659 ], [ 105.807397, 21.0180343 ], [ 105.807382, 21.0180073 ], [ 105.8071942, 21.01767 ], [ 105.8068035, 21.0175919 ], [ 105.8067174, 21.0176455 ], [ 105.8068313, 21.0178395 ], [ 105.80642, 21.0192936 ], [ 105.805742099999989, 21.0195259 ], [ 105.8054225, 21.0205982 ], [ 105.804741, 21.0220295 ], [ 105.8044375, 21.0223424 ], [ 105.8034339, 21.023351 ], [ 105.803416299999981, 21.0234479 ], [ 105.8037814, 21.0241744 ] ] ] } },
{ "type": "Feature", "properties": { "threshold_s": 900, "time_label": "15 minutes" }, "geometry": { "type": "Polygon", "coordinates": [ [ [ 105.803271599999988, 21.0261308 ], [ 105.804058, 21.0274162 ], [ 105.8048724, 21.0281843 ], [ 105.805323699999988, 21.028585 ], [ 105.8059026, 21.0290071 ], [ 105.805941, 21.0290222 ], [ 105.806562699999986, 21.0291322 ], [ 105.8081098, 21.0294211 ], [ 105.8083894, 21.0294586 ], [ 105.809191399999989, 21.0295568 ], [ 105.810731, 21.0302592 ], [ 105.811617699999985, 21.029986 ], [ 105.812916499999986, 21.031191 ], [ 105.8129966, 21.0313056 ], [ 105.813089, 21.0312839 ], [ 105.813299, 21.0311451 ], [ 105.813855599999982, 21.0303065 ], [ 105.814621599999981, 21.0294109 ], [ 105.8150397, 21.0288462 ], [ 105.816261, 21.0274303 ], [ 105.816562, 21.0269653 ], [ 105.8158285, 21.0265188 ], [ 105.8155211, 21.0251003 ], [ 105.815943, 21.0244049 ], [ 105.8165785, 21.0234819 ], [ 105.8166398, 21.0234082 ], [ 105.816100899999981, 21.022873 ], [ 105.8150578, 21.0220802 ], [ 105.81414, 21.0205494 ], [ 105.813975099999979, 21.0202912 ], [ 105.8122765, 21.0190151 ], [ 105.812606499999987, 21.0183883 ], [ 105.8134319, 21.0179704 ], [ 105.813690099999988, 21.0174493 ], [ 105.8135633, 21.0172547 ], [ 105.8120626, 21.0167629 ], [ 105.810193199999986, 21.0161319 ], [ 105.808989199999985, 21.0157223 ], [ 105.8070093, 21.0151585 ], [ 105.8055425, 21.0151434 ], [ 105.80502629999998, 21.0152368 ], [ 105.8049666, 21.0152908 ], [ 105.804751400000015, 21.0154911 ], [ 105.8047003, 21.0155428 ], [ 105.804512599999981, 21.0160457 ], [ 105.803197199999985, 21.0177194 ], [ 105.8030427, 21.0187729 ], [ 105.803006, 21.0199097 ], [ 105.8024431, 21.021485 ], [ 105.8014748, 21.022118 ], [ 105.8002957, 21.0225663 ], [ 105.80024109999998, 21.0226344 ], [ 105.800662399999979, 21.0231859 ], [ 105.80163589999998, 21.0248127 ], [ 105.803271599999988, 21.0261308 ] ] ] } },
{ "type": "Feature", "properties": { "threshold_s": 300, "time_label": "5 minutes" }, "geometry": { "type": "Polygon", "coordinates": [ [ [ 105.8118144, 21.0317618 ], [ 105.811832, 21.0318199 ], [ 105.812389699999983, 21.0316669 ], [ 105.813255100000021, 21.0320468 ], [ 105.813371499999988, 21.0324389 ], [ 105.8138053, 21.0329266 ], [ 105.8138212, 21.0325525 ], [ 105.813643099999979, 21.0322459 ], [ 105.8135269, 21.0318558 ], [ 105.814255499999987, 21.0312631 ], [ 105.8148592, 21.0310945 ], [ 105.815631899999985, 21.0308788 ], [ 105.8161464, 21.0312627 ], [ 105.8155387, 21.0320665 ], [ 105.8159696, 21.0319605 ], [ 105.8170476, 21.0318075 ], [ 105.8172221, 21.0314317 ], [ 105.8180609, 21.0310102 ], [ 105.818006600000018, 21.0309523 ], [ 105.8173282, 21.0304071 ], [ 105.817396099999982, 21.0299727 ], [ 105.8172959, 21.0298679 ], [ 105.8167767, 21.0293497 ], [ 105.816186, 21.0292363 ], [ 105.815611599999983, 21.0296552 ], [ 105.815175399999987, 21.0299445 ], [ 105.8146552, 21.0303769 ], [ 105.8142121, 21.0311276 ], [ 105.814089700000011, 21.0311611 ], [ 105.813172599999987, 21.0307143 ], [ 105.813394100000011, 21.030273 ], [ 105.8130662, 21.0301482 ], [ 105.8126539, 21.030076 ], [ 105.8126449, 21.0301597 ], [ 105.812788900000015, 21.0304817 ], [ 105.8123795, 21.0314137 ], [ 105.8118144, 21.0317618 ] ] ] } },
{ "type": "Feature", "properties": { "threshold_s": 600, "time_label": "10 minutes" }, "geometry": { "type": "Polygon", "coordinates": [ [ [ 105.808738, 21.0325856 ], [ 105.8087599, 21.0326519 ], [ 105.8092978, 21.0330409 ], [ 105.8103292, 21.0336413 ], [ 105.8116813, 21.0345032 ], [ 105.8121528, 21.0347875 ], [ 105.8126688, 21.0350981 ], [ 105.8137102, 21.0348908 ], [ 105.8143759, 21.0357418 ], [ 105.8144585, 21.0357243 ], [ 105.8146742, 21.0356752 ], [ 105.8152864, 21.0353559 ], [ 105.815792, 21.0346341 ], [ 105.8175156, 21.0347709 ], [ 105.817997199999979, 21.0338554 ], [ 105.8189337, 21.0331501 ], [ 105.819689899999986, 21.0322057 ], [ 105.820386299999981, 21.0317985 ], [ 105.8212366, 21.0310954 ], [ 105.8205647, 21.0309227 ], [ 105.81986689999998, 21.029601 ], [ 105.8184929, 21.029415 ], [ 105.817700099999982, 21.0281773 ], [ 105.8177788, 21.0277326 ], [ 105.8178762, 21.0269982 ], [ 105.817807700000017, 21.0268276 ], [ 105.8177044, 21.0269917 ], [ 105.817324499999984, 21.0276969 ], [ 105.8166004, 21.0280782 ], [ 105.815483199999989, 21.0270157 ], [ 105.8154919, 21.0269423 ], [ 105.813866099999984, 21.0274583 ], [ 105.813092499999982, 21.0273717 ], [ 105.8120651, 21.0268034 ], [ 105.8119541, 21.0272306 ], [ 105.8119061, 21.0275528 ], [ 105.811198399999981, 21.0288061 ], [ 105.810457199999988, 21.028953 ], [ 105.810130799999982, 21.0290564 ], [ 105.80987589999998, 21.0292867 ], [ 105.8098486, 21.0294049 ], [ 105.8098097, 21.0295877 ], [ 105.809795100000017, 21.0296565 ], [ 105.8100074, 21.0296923 ], [ 105.810731, 21.0302592 ], [ 105.8105154, 21.0314251 ], [ 105.809089, 21.0314553 ], [ 105.808738, 21.0325856 ] ] ] } },
{ "type": "Feature", "properties": { "threshold_s": 900, "time_label": "15 minutes" }, "geometry": { "type": "Polygon", "coordinates": [ [ [ 105.805603, 21.0339702 ], [ 105.805714699999982, 21.0341293 ], [ 105.8063678, 21.0341936 ], [ 105.8086559, 21.0355662 ], [ 105.8098842, 21.0360511 ], [ 105.811506799999989, 21.0368623 ], [ 105.813171199999985, 21.0379523 ], [ 105.8139213, 21.0384826 ], [ 105.815276699999984, 21.0389168 ], [ 105.8154305, 21.0388913 ], [ 105.8161756, 21.0386653 ], [ 105.8168016, 21.0375651 ], [ 105.818554399999982, 21.0364875 ], [ 105.819715099999982, 21.0358718 ], [ 105.8203401, 21.0352888 ], [ 105.821536, 21.0339806 ], [ 105.8227253, 21.0333545 ], [ 105.8245147, 21.0315869 ], [ 105.824515, 21.0315471 ], [ 105.8235738, 21.0291043 ], [ 105.8220755, 21.0274604 ], [ 105.8220327, 21.0275086 ], [ 105.821625399999988, 21.027994 ], [ 105.821295, 21.0287254 ], [ 105.819574299999985, 21.0295631 ], [ 105.819, 21.0294888 ], [ 105.8183612, 21.0270384 ], [ 105.818884299999979, 21.0250909 ], [ 105.8191819, 21.024783 ], [ 105.818746099999984, 21.0243633 ], [ 105.8182621, 21.0240375 ], [ 105.8178978, 21.0239717 ], [ 105.81762449999998, 21.0240447 ], [ 105.816251199999982, 21.0245254 ], [ 105.8156616, 21.0247302 ], [ 105.8130933, 21.024839 ], [ 105.8117825, 21.0245785 ], [ 105.810716, 21.0244747 ], [ 105.810287, 21.0262139 ], [ 105.809760399999988, 21.0268737 ], [ 105.8078478, 21.0276805 ], [ 105.806596899999988, 21.0288464 ], [ 105.806280199999989, 21.0302531 ], [ 105.8058812, 21.0326122 ], [ 105.805603, 21.0339702 ] ] ] } },
{ "type": "Feature", "properties": { "threshold_s": 300, "time_label": "5 minutes" }, "geometry": { "type": "Polygon", "coordinates": [ [ [ 105.772979, 21.0584829 ], [ 105.7732265, 21.0600755 ], [ 105.77323149999998, 21.0598479 ], [ 105.773163299999979, 21.0584638 ], [ 105.773319, 21.0584563 ], [ 105.77433689999998, 21.0577035 ], [ 105.7741689, 21.0556353 ], [ 105.77369969999998, 21.0551575 ], [ 105.7732289, 21.0552535 ], [ 105.7728196, 21.0553757 ], [ 105.7733376, 21.0557672 ], [ 105.7737767, 21.0557682 ], [ 105.7734009, 21.0569645 ], [ 105.7730632, 21.05777 ], [ 105.772979, 21.0584829 ] ] ] } },
{ "type": "Feature", "properties": { "threshold_s": 600, "time_label": "10 minutes" }, "geometry": { "type": "Polygon", "coordinates": [ [ [ 105.771495699999988, 21.0615473 ], [ 105.773082499999987, 21.0632137 ], [ 105.7730948, 21.0629846 ], [ 105.7731046, 21.0623175 ], [ 105.773106699999985, 21.0620448 ], [ 105.7731141, 21.0616283 ], [ 105.7732265, 21.0600755 ], [ 105.77323149999998, 21.0598479 ], [ 105.77433689999998, 21.0577035 ], [ 105.7762394, 21.0582011 ], [ 105.7741689, 21.0556353 ], [ 105.7750603, 21.0540461 ], [ 105.774626399999988, 21.0532936 ], [ 105.7728042, 21.0519707 ], [ 105.7719939, 21.0514238 ], [ 105.7714174, 21.0517516 ], [ 105.772528899999983, 21.0538009 ], [ 105.7728196, 21.0553757 ], [ 105.7730632, 21.05777 ], [ 105.772979, 21.0584829 ], [ 105.77275419999998, 21.0600448 ], [ 105.771495699999988, 21.0615473 ] ] ] } },
{ "type": "Feature", "properties": { "threshold_s": 900, "time_label": "15 minutes" }, "geometry": { "type": "Polygon", "coordinates": [ [ [ 105.7686719, 21.062429 ], [ 105.7683775, 21.0625252 ], [ 105.771414, 21.0642173 ], [ 105.772402900000017, 21.0653637 ], [ 105.7729826, 21.065249 ], [ 105.772965, 21.064226 ], [ 105.7729879, 21.063973 ], [ 105.776925, 21.0623381 ], [ 105.7769382, 21.0617091 ], [ 105.7793115, 21.0587721 ], [ 105.778076199999987, 21.0567829 ], [ 105.7781205, 21.0536365 ], [ 105.7781213, 21.0535597 ], [ 105.777896, 21.0531412 ], [ 105.7770339, 21.0522216 ], [ 105.77414229999998, 21.0505769 ], [ 105.7732853, 21.0497619 ], [ 105.7698313, 21.0488705 ], [ 105.769493299999979, 21.0488897 ], [ 105.7708774, 21.0509775 ], [ 105.7714174, 21.0517516 ], [ 105.7728196, 21.0553757 ], [ 105.7730632, 21.05777 ], [ 105.772979, 21.0584829 ], [ 105.7706927, 21.0617518 ], [ 105.7686719, 21.062429 ] ] ] } },
{ "type": "Feature", "properties": { "threshold_s": 300, "time_label": "5 minutes" }, "geometry": { "type": "Polygon", "coordinates": [ [ [ 105.841502299999988, 21.0296761 ], [ 105.8412584, 21.0304961 ], [ 105.8413246, 21.0305567 ], [ 105.841431199999988, 21.0306338 ], [ 105.841442099999981, 21.0305168 ], [ 105.8415987, 21.0301523 ], [ 105.8418153, 21.0299335 ], [ 105.8421234, 21.0297682 ], [ 105.8428205, 21.0303654 ], [ 105.8428456, 21.0304544 ], [ 105.8439386, 21.0301487 ], [ 105.844845300000017, 21.0303614 ], [ 105.8453094, 21.0298581 ], [ 105.8450687, 21.0291861 ], [ 105.8453413, 21.0287033 ], [ 105.8445748, 21.0289326 ], [ 105.8444581, 21.028869 ], [ 105.8442028, 21.0280671 ], [ 105.8447258, 21.0278981 ], [ 105.8441312, 21.027347 ], [ 105.8449451, 21.02675 ], [ 105.8455794, 21.0264908 ], [ 105.845987099999988, 21.0275442 ], [ 105.845646, 21.0264705 ], [ 105.845702, 21.0264535 ], [ 105.845615399999986, 21.0263771 ], [ 105.8454862, 21.0263037 ], [ 105.8451298, 21.026265 ], [ 105.844460499999983, 21.0266239 ], [ 105.843603699999989, 21.0264842 ], [ 105.843485, 21.0264455 ], [ 105.843003399999986, 21.0270492 ], [ 105.842653299999981, 21.0272537 ], [ 105.841672299999985, 21.0275605 ], [ 105.8415907, 21.0273874 ], [ 105.841546799999989, 21.027386 ], [ 105.8414747, 21.0273896 ], [ 105.840764, 21.0276962 ], [ 105.841472, 21.0282332 ], [ 105.8408853, 21.0289358 ], [ 105.8407147, 21.0289876 ], [ 105.8407417, 21.0291033 ], [ 105.841502299999988, 21.0296761 ] ] ] } },
{ "type": "Feature", "properties": { "threshold_s": 600, "time_label": "10 minutes" }, "geometry": { "type": "Polygon", "coordinates": [ [ [ 105.8386916, 21.0317706 ], [ 105.838931200000019, 21.032718 ], [ 105.8391201, 21.0328534 ], [ 105.8404393, 21.0325171 ], [ 105.840682299999983, 21.0328473 ], [ 105.8407384, 21.0328372 ], [ 105.841180199999982, 21.0327568 ], [ 105.8415775, 21.032684 ], [ 105.84249149999998, 21.0322441 ], [ 105.8434994, 21.0331993 ], [ 105.843543299999979, 21.0334064 ], [ 105.843611, 21.0337263 ], [ 105.844685, 21.0336632 ], [ 105.8458888, 21.0337422 ], [ 105.8459339, 21.0336255 ], [ 105.846901399999979, 21.0326301 ], [ 105.847570399999981, 21.0319001 ], [ 105.8477628, 21.0316054 ], [ 105.8491377, 21.0313156 ], [ 105.8488561, 21.0305684 ], [ 105.8482698, 21.0293614 ], [ 105.847791199999989, 21.0281196 ], [ 105.8484938, 21.0271718 ], [ 105.848740599999985, 21.0269996 ], [ 105.8494204, 21.0265862 ], [ 105.8494052, 21.0265333 ], [ 105.848583, 21.0261572 ], [ 105.8480906, 21.0255619 ], [ 105.8476662, 21.0251215 ], [ 105.8478485, 21.024105 ], [ 105.8466023, 21.023516 ], [ 105.8458793, 21.0238188 ], [ 105.8447867, 21.0234773 ], [ 105.844232099999985, 21.0234543 ], [ 105.842840699999982, 21.0239588 ], [ 105.842715, 21.0236926 ], [ 105.842550300000013, 21.0231766 ], [ 105.8413972, 21.0236479 ], [ 105.841197, 21.0240138 ], [ 105.8412178, 21.0243241 ], [ 105.8411809, 21.0248425 ], [ 105.83985269999998, 21.0250743 ], [ 105.8393393, 21.0256052 ], [ 105.8389647, 21.0260731 ], [ 105.8385407, 21.0267578 ], [ 105.838287899999983, 21.0275392 ], [ 105.8387694, 21.0282615 ], [ 105.8388741, 21.0285969 ], [ 105.838475299999985, 21.0297562 ], [ 105.8383891, 21.0299475 ], [ 105.8383799, 21.0303649 ], [ 105.8383813, 21.0304162 ], [ 105.838382899999985, 21.0304612 ], [ 105.838487699999988, 21.0311274 ], [ 105.8385022, 21.0311973 ], [ 105.83852, 21.0312806 ], [ 105.8386916, 21.0317706 ] ] ] } },
{ "type": "Feature", "properties": { "threshold_s": 900, "time_label": "15 minutes" }, "geometry": { "type": "Polygon", "coordinates": [ [ [ 105.836089199999989, 21.0336866 ], [ 105.836725699999988, 21.0349375 ], [ 105.836976299999989, 21.0349265 ], [ 105.838868100000013, 21.0354665 ], [ 105.839047199999982, 21.0357281 ], [ 105.83913, 21.0357401 ], [ 105.841082300000011, 21.0364245 ], [ 105.840883800000015, 21.0355341 ], [ 105.8408723, 21.0350461 ], [ 105.840904899999984, 21.0341906 ], [ 105.8415775, 21.032684 ], [ 105.8434994, 21.0331993 ], [ 105.843543299999979, 21.0334064 ], [ 105.843611, 21.0337263 ], [ 105.8449379, 21.0348636 ], [ 105.8447622, 21.0357407 ], [ 105.8445168, 21.0360386 ], [ 105.845263, 21.036695 ], [ 105.846130299999984, 21.0366717 ], [ 105.846553, 21.036621 ], [ 105.8470836, 21.0362915 ], [ 105.848156599999982, 21.0348966 ], [ 105.848043799999985, 21.0342979 ], [ 105.8480578, 21.0338546 ], [ 105.8480621, 21.0338079 ], [ 105.8499725, 21.0329804 ], [ 105.850261500000016, 21.0331052 ], [ 105.8511704, 21.0329985 ], [ 105.8519128, 21.0322701 ], [ 105.851958699999983, 21.0319016 ], [ 105.8519576, 21.0318799 ], [ 105.851948799999988, 21.0318036 ], [ 105.851363, 21.0301442 ], [ 105.8513235, 21.0291469 ], [ 105.851632, 21.0272476 ], [ 105.8528212, 21.0259331 ], [ 105.8529105, 21.0257797 ], [ 105.8520619, 21.0245031 ], [ 105.851034499999983, 21.0231663 ], [ 105.849845799999983, 21.0219028 ], [ 105.8498249, 21.0218868 ], [ 105.849802299999979, 21.0218708 ], [ 105.8486251, 21.0218644 ], [ 105.8475819, 21.0218025 ], [ 105.846808599999989, 21.0223726 ], [ 105.8451685, 21.0214653 ], [ 105.84478559999998, 21.0209731 ], [ 105.8446684, 21.0210204 ], [ 105.843872599999983, 21.0213292 ], [ 105.843095, 21.0213746 ], [ 105.8415557, 21.0205629 ], [ 105.8411667, 21.0207718 ], [ 105.839714099999981, 21.0219226 ], [ 105.8391462, 21.0222244 ], [ 105.839029, 21.0226345 ], [ 105.838737199999983, 21.0232243 ], [ 105.83733549999998, 21.0241814 ], [ 105.8365904, 21.0244713 ], [ 105.8363243, 21.0253497 ], [ 105.836069399999985, 21.0267923 ], [ 105.8354226, 21.02721 ], [ 105.8353754, 21.0273187 ], [ 105.8350358, 21.0291316 ], [ 105.834818699999985, 21.029694 ], [ 105.8342368, 21.0308405 ], [ 105.8342397, 21.0309703 ], [ 105.834254299999984, 21.0310255 ], [ 105.836163499999984, 21.0317323 ], [ 105.836330499999988, 21.0325008 ], [ 105.8360777, 21.0336304 ], [ 105.836089199999989, 21.0336866 ] ] ] } },
{ "type": "Feature", "properties": { "threshold_s": 300, "time_label": "5 minutes" }, "geometry": { "type": "Polygon", "coordinates": [ [ [ 105.871920799999984, 21.0423445 ], [ 105.871282399999984, 21.0429071 ], [ 105.8720472, 21.0427495 ], [ 105.872489499999986, 21.0426025 ], [ 105.8730019, 21.0422856 ], [ 105.873387699999981, 21.0424685 ], [ 105.8735025, 21.0424818 ], [ 105.8737601, 21.0422128 ], [ 105.8739273, 21.0419076 ], [ 105.8738089, 21.0413858 ], [ 105.8735769, 21.040824 ], [ 105.874078699999984, 21.0407112 ], [ 105.874319499999984, 21.0408523 ], [ 105.874594, 21.04035 ], [ 105.8747023, 21.0401542 ], [ 105.8738901, 21.0389741 ], [ 105.87379439999998, 21.0392405 ], [ 105.8741954, 21.0401206 ], [ 105.8738462, 21.0405865 ], [ 105.873378799999983, 21.0403208 ], [ 105.873489299999989, 21.0400142 ], [ 105.8728729, 21.0398659 ], [ 105.872816299999982, 21.0397459 ], [ 105.872456199999988, 21.0395505 ], [ 105.8721586, 21.0393679 ], [ 105.8724023, 21.0400992 ], [ 105.8724104, 21.0404554 ], [ 105.8720961, 21.0409322 ], [ 105.871759399999988, 21.0410778 ], [ 105.871485, 21.0403457 ], [ 105.871199799999985, 21.0407153 ], [ 105.871082699999988, 21.0409661 ], [ 105.871184, 21.0412069 ], [ 105.8715429, 21.0414959 ], [ 105.872135199999988, 21.0419144 ], [ 105.8720792, 21.0420892 ], [ 105.871920799999984, 21.0423445 ] ] ] } },
{ "type": "Feature", "properties": { "threshold_s": 600, "time_label": "10 minutes" }, "geometry": { "type": "Polygon", "coordinates": [ [ [ 105.8718132, 21.0455179 ], [ 105.871892299999985, 21.0457495 ], [ 105.872318, 21.0452474 ], [ 105.873485299999984, 21.0449237 ], [ 105.8739517, 21.0446976 ], [ 105.874994699999988, 21.0439919 ], [ 105.875712, 21.0436428 ], [ 105.8766913, 21.0435172 ], [ 105.876362199999988, 21.042359 ], [ 105.8772683, 21.0419262 ], [ 105.8773608, 21.0408686 ], [ 105.8770732, 21.0396692 ], [ 105.8770027, 21.0396028 ], [ 105.8769345, 21.0395385 ], [ 105.876689299999981, 21.0392857 ], [ 105.8770772, 21.0379298 ], [ 105.876969799999983, 21.0378221 ], [ 105.876512, 21.039257 ], [ 105.8755735, 21.0390515 ], [ 105.8748375, 21.0399428 ], [ 105.8738901, 21.0389741 ], [ 105.874667499999987, 21.0377698 ], [ 105.874541, 21.0372853 ], [ 105.8742374, 21.0369948 ], [ 105.8740613, 21.036867 ], [ 105.873793, 21.0366498 ], [ 105.8727376, 21.0370938 ], [ 105.8718483, 21.0376861 ], [ 105.870704, 21.0376064 ], [ 105.8698926, 21.0380586 ], [ 105.8693946, 21.0386661 ], [ 105.8683163, 21.0397397 ], [ 105.8681174, 21.0401416 ], [ 105.8682689, 21.0406392 ], [ 105.868975500000019, 21.0415507 ], [ 105.869260899999986, 21.042276 ], [ 105.8698731, 21.0436026 ], [ 105.8706197, 21.0431798 ], [ 105.871425699999989, 21.0442619 ], [ 105.871573199999986, 21.0449658 ], [ 105.8718132, 21.0455179 ] ] ] } },
{ "type": "Feature", "properties": { "threshold_s": 900, "time_label": "15 minutes" }, "geometry": { "type": "Polygon", "coordinates": [ [ [ 105.87054569999998, 21.0479119 ], [ 105.8704364, 21.0481096 ], [ 105.870515199999986, 21.0481618 ], [ 105.870636, 21.0482143 ], [ 105.870725099999987, 21.0482458 ], [ 105.87120059999998, 21.0481671 ], [ 105.8729434, 21.0478207 ], [ 105.8734038, 21.0477911 ], [ 105.874136399999983, 21.0471385 ], [ 105.8758808, 21.0465402 ], [ 105.8767113, 21.0464802 ], [ 105.877068899999983, 21.046341 ], [ 105.8787194, 21.0457371 ], [ 105.8786005, 21.0449751 ], [ 105.8784291, 21.0440841 ], [ 105.8789784, 21.0431216 ], [ 105.8791314, 21.0419245 ], [ 105.8793515, 21.0405039 ], [ 105.879546399999981, 21.0399264 ], [ 105.879335199999986, 21.0390117 ], [ 105.8778642, 21.0387908 ], [ 105.8774726, 21.0379195 ], [ 105.8779473, 21.0369538 ], [ 105.879133399999986, 21.0366348 ], [ 105.8793662, 21.035742 ], [ 105.87893649999998, 21.0361188 ], [ 105.8773477, 21.0356059 ], [ 105.8771116, 21.0352149 ], [ 105.876115, 21.0349983 ], [ 105.874987499999989, 21.034764 ], [ 105.873197399999981, 21.0353373 ], [ 105.8728378, 21.0353082 ], [ 105.8713375, 21.035891 ], [ 105.8703557, 21.0352761 ], [ 105.870192499999987, 21.035341 ], [ 105.869928, 21.0367702 ], [ 105.8690402, 21.0368047 ], [ 105.868328, 21.0379348 ], [ 105.8673477, 21.0381365 ], [ 105.865954799999983, 21.0386317 ], [ 105.8653577, 21.0393587 ], [ 105.8654679, 21.0401633 ], [ 105.865512099999989, 21.0402202 ], [ 105.8660797, 21.0408687 ], [ 105.8670371, 21.0419967 ], [ 105.8669694, 21.0428375 ], [ 105.868494499999983, 21.04339 ], [ 105.8678502, 21.0446379 ], [ 105.8678261, 21.0446746 ], [ 105.8678397, 21.0447874 ], [ 105.8683289, 21.0457102 ], [ 105.8699834, 21.0462607 ], [ 105.87054569999998, 21.0479119 ] ] ] } },
{ "type": "Feature", "properties": { "threshold_s": 300, "time_label": "5 minutes" }, "geometry": { "type": "Polygon", "coordinates": [ [ [ 105.827252, 20.7856499 ], [ 105.8274392, 20.786224 ], [ 105.827628099999984, 20.7860456 ], [ 105.8277651, 20.7859263 ], [ 105.8279163, 20.7857947 ], [ 105.828154799999979, 20.7855891 ], [ 105.828468699999988, 20.7853198 ], [ 105.82885469999998, 20.7849836 ], [ 105.829324699999987, 20.7846261 ], [ 105.830086499999979, 20.7857282 ], [ 105.8303198, 20.7855477 ], [ 105.8307598, 20.7852391 ], [ 105.831541900000019, 20.7849133 ], [ 105.8313156, 20.7848179 ], [ 105.831636, 20.7833488 ], [ 105.8318232, 20.7827641 ], [ 105.8314195, 20.7831089 ], [ 105.8310721, 20.783343 ], [ 105.8306877, 20.7836014 ], [ 105.8296851, 20.7834067 ], [ 105.8293492, 20.7836524 ], [ 105.8285254, 20.7836531 ], [ 105.8278902, 20.7839548 ], [ 105.8272737, 20.7833034 ], [ 105.827702, 20.7828456 ], [ 105.828086899999988, 20.7823566 ], [ 105.8274219, 20.7825517 ], [ 105.8272878, 20.7826508 ], [ 105.8269003, 20.7836755 ], [ 105.8272814, 20.7846094 ], [ 105.8269655, 20.7849831 ], [ 105.827252, 20.7856499 ] ] ] } },
{ "type": "Feature", "properties": { "threshold_s": 600, "time_label": "10 minutes" }, "geometry": { "type": "Polygon", "coordinates": [ [ [ 105.8253485, 20.7875168 ], [ 105.8250949, 20.7881656 ], [ 105.8269024, 20.7866671 ], [ 105.8274392, 20.786224 ], [ 105.827628099999984, 20.7860456 ], [ 105.8277651, 20.7859263 ], [ 105.8279163, 20.7857947 ], [ 105.830086499999979, 20.7857282 ], [ 105.8294786, 20.7882287 ], [ 105.831133, 20.7868965 ], [ 105.832720399999985, 20.7887712 ], [ 105.832822299999989, 20.7888113 ], [ 105.832766, 20.7885756 ], [ 105.8320952, 20.7856316 ], [ 105.8327418, 20.785185 ], [ 105.8328799, 20.7850787 ], [ 105.8333247, 20.7841506 ], [ 105.8331866, 20.7821781 ], [ 105.833965799999987, 20.7811692 ], [ 105.834357399999988, 20.7809039 ], [ 105.830811499999982, 20.7802564 ], [ 105.8304441, 20.7797542 ], [ 105.8282033, 20.779922 ], [ 105.8259214, 20.7808967 ], [ 105.825820399999984, 20.7809764 ], [ 105.8266487, 20.7818918 ], [ 105.8264928, 20.7838938 ], [ 105.825699499999985, 20.784664 ], [ 105.8257842, 20.7847439 ], [ 105.826680499999981, 20.7864011 ], [ 105.825478599999983, 20.7873077 ], [ 105.8253485, 20.7875168 ] ] ] } },
{ "type": "Feature", "properties": { "threshold_s": 900, "time_label": "15 minutes" }, "geometry": { "type": "Polygon", "coordinates": [ [ [ 105.8250949, 20.7881656 ], [ 105.8243193, 20.7896252 ], [ 105.824515099999985, 20.789784 ], [ 105.8249865, 20.7901663 ], [ 105.8270614, 20.7910797 ], [ 105.8272007, 20.7908088 ], [ 105.828075, 20.7894085 ], [ 105.8294786, 20.7882287 ], [ 105.831133, 20.7868965 ], [ 105.832766, 20.7885756 ], [ 105.8323785, 20.7892129 ], [ 105.832357299999984, 20.7892401 ], [ 105.8320472, 20.7898181 ], [ 105.8313807, 20.7905426 ], [ 105.8326735, 20.7901441 ], [ 105.832822299999989, 20.7888113 ], [ 105.833763599999983, 20.7880485 ], [ 105.834207699999979, 20.7872541 ], [ 105.8354366, 20.7857833 ], [ 105.8349746, 20.7856131 ], [ 105.8333247, 20.7841506 ], [ 105.833962, 20.7828241 ], [ 105.834357399999988, 20.7809039 ], [ 105.8341354, 20.780201 ], [ 105.8338967, 20.7803966 ], [ 105.833497099999988, 20.78071 ], [ 105.831438299999988, 20.7810401 ], [ 105.830811499999982, 20.7802564 ], [ 105.8304441, 20.7797542 ], [ 105.830016699999987, 20.77858 ], [ 105.8304372, 20.7768552 ], [ 105.8292745, 20.7771282 ], [ 105.8287618, 20.7791291 ], [ 105.8282033, 20.779922 ], [ 105.828131099999979, 20.7800245 ], [ 105.8259214, 20.7808967 ], [ 105.8239514, 20.7787041 ], [ 105.822616499999981, 20.777222 ], [ 105.823928399999986, 20.7788259 ], [ 105.825820399999984, 20.7809764 ], [ 105.8266487, 20.7818918 ], [ 105.8264928, 20.7838938 ], [ 105.825699499999985, 20.784664 ], [ 105.823337099999989, 20.7847115 ], [ 105.823271300000016, 20.7847605 ], [ 105.8243295, 20.7860048 ], [ 105.824411799999979, 20.7860975 ], [ 105.8250949, 20.7881656 ] ] ] } },
{ "type": "Feature", "properties": { "threshold_s": 300, "time_label": "5 minutes" }, "geometry": { "type": "Polygon", "coordinates": [ [ [ 105.8483723, 21.0299419 ], [ 105.8491377, 21.0313156 ], [ 105.8488561, 21.0305684 ], [ 105.8491746, 21.029779 ], [ 105.8494419, 21.0291799 ], [ 105.85027239999998, 21.0290992 ], [ 105.8501894, 21.0298974 ], [ 105.85069, 21.0302351 ], [ 105.850858299999985, 21.0309982 ], [ 105.851011899999989, 21.0314044 ], [ 105.8512303, 21.0306856 ], [ 105.8512821, 21.0305065 ], [ 105.8513118, 21.0303982 ], [ 105.8513388, 21.0302937 ], [ 105.851363, 21.0301442 ], [ 105.851467499999984, 21.0294759 ], [ 105.8515171, 21.0291975 ], [ 105.851518, 21.0289361 ], [ 105.851497600000016, 21.0287269 ], [ 105.8514771, 21.0285279 ], [ 105.8514521, 21.0280788 ], [ 105.8515379, 21.0276191 ], [ 105.851632, 21.0272476 ], [ 105.8519015, 21.0265913 ], [ 105.8518714, 21.0264059 ], [ 105.8517535, 21.0261243 ], [ 105.851448, 21.0260765 ], [ 105.851391199999981, 21.0267232 ], [ 105.8514611, 21.0272192 ], [ 105.8514312, 21.0273336 ], [ 105.851116099999984, 21.0277212 ], [ 105.8511617, 21.0278966 ], [ 105.8512086, 21.0282697 ], [ 105.8503491, 21.0283246 ], [ 105.8501539, 21.0281342 ], [ 105.850099599999979, 21.027482 ], [ 105.8499985, 21.0274546 ], [ 105.8498757, 21.0274261 ], [ 105.8497328, 21.0273908 ], [ 105.8490292, 21.0275855 ], [ 105.849976399999989, 21.0278076 ], [ 105.8498349, 21.0281639 ], [ 105.8493156, 21.0287098 ], [ 105.8487329, 21.02842 ], [ 105.8484423, 21.0290008 ], [ 105.8482698, 21.0293614 ], [ 105.8483723, 21.0299419 ] ] ] } },
{ "type": "Feature", "properties": { "threshold_s": 600, "time_label": "10 minutes" }, "geometry": { "type": "Polygon", "coordinates": [ [ [ 105.8467286, 21.0312332 ], [ 105.846356699999987, 21.0327226 ], [ 105.846901399999979, 21.0326301 ], [ 105.847946199999981, 21.0337964 ], [ 105.8480578, 21.0338546 ], [ 105.8498734, 21.0339878 ], [ 105.8506755, 21.0340786 ], [ 105.85204490000001, 21.0339261 ], [ 105.8519773, 21.0335014 ], [ 105.8531632, 21.0322152 ], [ 105.8539092, 21.0313985 ], [ 105.8539865, 21.0312777 ], [ 105.853924899999981, 21.0307624 ], [ 105.8536738, 21.0305146 ], [ 105.853622, 21.0304785 ], [ 105.8535398, 21.0304488 ], [ 105.853395599999985, 21.0304733 ], [ 105.8525607, 21.0307899 ], [ 105.851467499999984, 21.0294759 ], [ 105.8515171, 21.0291975 ], [ 105.851518, 21.0289361 ], [ 105.851497600000016, 21.0287269 ], [ 105.8514771, 21.0285279 ], [ 105.8514483, 21.0283114 ], [ 105.8514521, 21.0280788 ], [ 105.8515379, 21.0276191 ], [ 105.851632, 21.0272476 ], [ 105.8534184, 21.0276444 ], [ 105.853463299999987, 21.0279608 ], [ 105.8538269, 21.0275854 ], [ 105.853812, 21.0274891 ], [ 105.8537202, 21.0272625 ], [ 105.853619, 21.0270443 ], [ 105.8545573, 21.025672 ], [ 105.854570099999989, 21.0255785 ], [ 105.8545163, 21.0250225 ], [ 105.8530565, 21.0241112 ], [ 105.8529607, 21.0240611 ], [ 105.8528955, 21.024085 ], [ 105.8528203, 21.0241126 ], [ 105.8520619, 21.0245031 ], [ 105.8510543, 21.023229 ], [ 105.851034499999983, 21.0231663 ], [ 105.8507647, 21.0230538 ], [ 105.8506053, 21.0232274 ], [ 105.8492473, 21.0240543 ], [ 105.849336899999983, 21.0243294 ], [ 105.8487681, 21.0256464 ], [ 105.847923699999981, 21.0256095 ], [ 105.8477455, 21.0255806 ], [ 105.8468879, 21.0258696 ], [ 105.8468306, 21.025886 ], [ 105.846773699999986, 21.0260282 ], [ 105.845987099999988, 21.0275442 ], [ 105.84769129999998, 21.0269229 ], [ 105.847790500000016, 21.0270442 ], [ 105.847791199999989, 21.0281196 ], [ 105.8477921, 21.0285735 ], [ 105.847795099999985, 21.0291543 ], [ 105.846568, 21.0299584 ], [ 105.8467286, 21.0312332 ] ] ] } },
{ "type": "Feature", "properties": { "threshold_s": 900, "time_label": "15 minutes" }, "geometry": { "type": "Polygon", "coordinates": [ [ [ 105.8449379, 21.0348636 ], [ 105.845039699999987, 21.035347 ], [ 105.8455472, 21.035627 ], [ 105.8470901, 21.0365581 ], [ 105.8486639, 21.0367611 ], [ 105.8494544, 21.0368842 ], [ 105.849978399999983, 21.0369695 ], [ 105.8508355, 21.0363358 ], [ 105.852792800000017, 21.0360548 ], [ 105.8529476, 21.0360386 ], [ 105.8546223, 21.0348472 ], [ 105.855330399999986, 21.0338854 ], [ 105.8559243, 21.0326476 ], [ 105.8568546, 21.0314209 ], [ 105.8567475, 21.030865 ], [ 105.8558733, 21.030355 ], [ 105.8555487, 21.0288623 ], [ 105.856194500000015, 21.0282327 ], [ 105.85642, 21.0275383 ], [ 105.8569337, 21.0260353 ], [ 105.8579312, 21.0247021 ], [ 105.8572877, 21.0237614 ], [ 105.857018, 21.0235676 ], [ 105.856437, 21.0231527 ], [ 105.855198799999982, 21.0227635 ], [ 105.85440220000001, 21.0220923 ], [ 105.8542955, 21.0220142 ], [ 105.853671899999981, 21.0218992 ], [ 105.8523593, 21.0209479 ], [ 105.852197099999984, 21.0208464 ], [ 105.8514757, 21.0211386 ], [ 105.8500125, 21.0205117 ], [ 105.8498841, 21.0203782 ], [ 105.8497575, 21.0203783 ], [ 105.848354199999989, 21.021401 ], [ 105.8477509, 21.0222234 ], [ 105.8466373, 21.0234938 ], [ 105.8458793, 21.0238188 ], [ 105.84566479999998, 21.024049 ], [ 105.8450297, 21.0247688 ], [ 105.8449895, 21.0248414 ], [ 105.844338799999989, 21.0262115 ], [ 105.843657599999986, 21.0268018 ], [ 105.843608799999984, 21.0268665 ], [ 105.8428379, 21.0278811 ], [ 105.8429485, 21.0288151 ], [ 105.8439386, 21.0301487 ], [ 105.845064, 21.0313485 ], [ 105.845176599999988, 21.0319201 ], [ 105.8452826, 21.0324584 ], [ 105.8455033, 21.033579 ], [ 105.8449379, 21.0348636 ] ] ] } },
{ "type": "Feature", "properties": { "threshold_s": 300, "time_label": "5 minutes" }, "geometry": { "type": "Polygon", "coordinates": [ [ [ 105.8856653, 20.9248258 ], [ 105.885554299999981, 20.9252413 ], [ 105.8857083, 20.9252874 ], [ 105.8859812, 20.9251954 ], [ 105.8885895, 20.9245232 ], [ 105.888756699999988, 20.9252104 ], [ 105.888880599999979, 20.9258924 ], [ 105.8876413, 20.926302 ], [ 105.8875768, 20.9261929 ], [ 105.887173500000017, 20.9268062 ], [ 105.887908699999983, 20.9268304 ], [ 105.8888138, 20.926245 ], [ 105.8896661, 20.9263171 ], [ 105.8904415, 20.9257982 ], [ 105.8900307, 20.9250838 ], [ 105.890727, 20.9242856 ], [ 105.8896342, 20.9245934 ], [ 105.889250599999983, 20.9242051 ], [ 105.8880144, 20.9233189 ], [ 105.8879967, 20.9232958 ], [ 105.8872497, 20.922345 ], [ 105.8856653, 20.9248258 ] ] ] } },
{ "type": "Feature", "properties": { "threshold_s": 600, "time_label": "10 minutes" }, "geometry": { "type": "Polygon", "coordinates": [ [ [ 105.8829653, 20.925686 ], [ 105.8838434, 20.9268679 ], [ 105.884965599999987, 20.9273659 ], [ 105.886684699999989, 20.9272068 ], [ 105.888138499999982, 20.9273061 ], [ 105.8888138, 20.926245 ], [ 105.8896661, 20.9263171 ], [ 105.8904415, 20.9257982 ], [ 105.8903932, 20.9253072 ], [ 105.890727, 20.9242856 ], [ 105.8922642, 20.9246149 ], [ 105.8923623, 20.9249625 ], [ 105.8924261, 20.9252495 ], [ 105.892509499999989, 20.9256988 ], [ 105.8937506, 20.9254821 ], [ 105.893672099999989, 20.9241436 ], [ 105.8938856, 20.9229144 ], [ 105.8927201, 20.9225478 ], [ 105.890929499999984, 20.9225485 ], [ 105.890277899999987, 20.9217223 ], [ 105.889563599999988, 20.9217044 ], [ 105.8877824, 20.9219068 ], [ 105.8872497, 20.922345 ], [ 105.8879967, 20.9232958 ], [ 105.8880144, 20.9233189 ], [ 105.8885895, 20.9245232 ], [ 105.888756699999988, 20.9252104 ], [ 105.8875768, 20.9261929 ], [ 105.8862433, 20.9254618 ], [ 105.8859812, 20.9251954 ], [ 105.8856653, 20.9248258 ], [ 105.885049599999988, 20.9241057 ], [ 105.883751499999988, 20.9238916 ], [ 105.8833337, 20.9238675 ], [ 105.8830642, 20.9242939 ], [ 105.882668700000011, 20.9254996 ], [ 105.8829653, 20.925686 ] ] ] } },
{ "type": "Feature", "properties": { "threshold_s": 900, "time_label": "15 minutes" }, "geometry": { "type": "Polygon", "coordinates": [ [ [ 105.880066700000015, 20.9255153 ], [ 105.8815742, 20.9272089 ], [ 105.8838607, 20.9273022 ], [ 105.884965599999987, 20.9273659 ], [ 105.886684699999989, 20.9272068 ], [ 105.888138499999982, 20.9273061 ], [ 105.8896661, 20.9263171 ], [ 105.8904415, 20.9257982 ], [ 105.892509499999989, 20.9256988 ], [ 105.893926, 20.9269132 ], [ 105.8951437, 20.9253589 ], [ 105.897023599999983, 20.926183 ], [ 105.896961, 20.9240534 ], [ 105.8971162, 20.9228397 ], [ 105.896903, 20.9215832 ], [ 105.896316699999986, 20.9212724 ], [ 105.894714799999988, 20.9204357 ], [ 105.8924934, 20.919369 ], [ 105.8930426, 20.9200776 ], [ 105.8934697, 20.9216296 ], [ 105.8927201, 20.9225478 ], [ 105.890277899999987, 20.9217223 ], [ 105.889563599999988, 20.9217044 ], [ 105.8883127, 20.918636 ], [ 105.8877824, 20.9219068 ], [ 105.8872497, 20.922345 ], [ 105.885049599999988, 20.9241057 ], [ 105.883751499999988, 20.9238916 ], [ 105.8833337, 20.9238675 ], [ 105.8814239, 20.9240019 ], [ 105.8800584, 20.9236366 ], [ 105.880066700000015, 20.9255153 ] ] ] } },
{ "type": "Feature", "properties": { "threshold_s": 300, "time_label": "5 minutes" }, "geometry": { "type": "Polygon", "coordinates": [ [ [ 105.8088025, 21.0552463 ], [ 105.8088049, 21.0553457 ], [ 105.8088912, 21.0552491 ], [ 105.8089635, 21.0551606 ], [ 105.8094609, 21.0546493 ], [ 105.810222399999986, 21.0544562 ], [ 105.810422799999984, 21.0542924 ], [ 105.8105184, 21.053663 ], [ 105.8109655, 21.0530692 ], [ 105.8111682, 21.0528973 ], [ 105.8116412, 21.0520112 ], [ 105.8115558, 21.0514003 ], [ 105.811575499999989, 21.050625 ], [ 105.81146219999998, 21.0504664 ], [ 105.8105117, 21.0503101 ], [ 105.8100045, 21.0500686 ], [ 105.8093476, 21.0504553 ], [ 105.8088619, 21.0499587 ], [ 105.808065, 21.0500673 ], [ 105.807228199999983, 21.0500002 ], [ 105.807192199999989, 21.0500196 ], [ 105.807442399999985, 21.0503332 ], [ 105.8068798, 21.0511335 ], [ 105.8068572, 21.0511471 ], [ 105.8073116, 21.0519325 ], [ 105.807416, 21.0522992 ], [ 105.8078376, 21.0529913 ], [ 105.8083069, 21.0536694 ], [ 105.808178699999985, 21.0544184 ], [ 105.8088025, 21.0552463 ] ] ] } },
{ "type": "Feature", "properties": { "threshold_s": 600, "time_label": "10 minutes" }, "geometry": { "type": "Polygon", "coordinates": [ [ [ 105.8065316, 21.0560711 ], [ 105.8067506, 21.0569746 ], [ 105.8075621, 21.056788 ], [ 105.808116, 21.0566883 ], [ 105.808881099999979, 21.0568396 ], [ 105.8095012, 21.0560973 ], [ 105.810285, 21.0557159 ], [ 105.811037899999988, 21.055585 ], [ 105.8111045, 21.0554009 ], [ 105.811723299999983, 21.0547895 ], [ 105.8116449, 21.0542706 ], [ 105.8121901, 21.053685 ], [ 105.8125248, 21.0527532 ], [ 105.812782900000016, 21.0518965 ], [ 105.8128137, 21.0511793 ], [ 105.813290599999988, 21.0506848 ], [ 105.812621799999988, 21.0502546 ], [ 105.812763, 21.0498077 ], [ 105.8129042, 21.0496518 ], [ 105.812611899999979, 21.0492362 ], [ 105.8124372, 21.0491624 ], [ 105.8117006, 21.0495838 ], [ 105.8112763, 21.0491887 ], [ 105.8115196, 21.048533 ], [ 105.8116899, 21.0483673 ], [ 105.8107328, 21.0483357 ], [ 105.8106089, 21.048202 ], [ 105.8096169, 21.0481095 ], [ 105.809358399999979, 21.0481545 ], [ 105.80921859999998, 21.0481726 ], [ 105.8083556, 21.0476544 ], [ 105.808315, 21.0474515 ], [ 105.807775899999982, 21.0478945 ], [ 105.8071938, 21.0477819 ], [ 105.8070409, 21.0476792 ], [ 105.806254199999984, 21.0472448 ], [ 105.806089499999985, 21.0472308 ], [ 105.8059292, 21.0472363 ], [ 105.805872600000015, 21.0472435 ], [ 105.8054116, 21.0477331 ], [ 105.8052287, 21.0482628 ], [ 105.8051624, 21.0484623 ], [ 105.8050907, 21.0489753 ], [ 105.805415199999985, 21.0495755 ], [ 105.8064345, 21.0498269 ], [ 105.8065569, 21.0501278 ], [ 105.806632500000021, 21.0507057 ], [ 105.8057294, 21.0509109 ], [ 105.8049756, 21.0508984 ], [ 105.80461529999998, 21.0515235 ], [ 105.804611099999988, 21.0515796 ], [ 105.8045926, 21.0522501 ], [ 105.804646399999982, 21.0522828 ], [ 105.805358, 21.0528324 ], [ 105.8055092, 21.0536038 ], [ 105.8051253, 21.0542998 ], [ 105.805806799999985, 21.0545706 ], [ 105.806026, 21.0550405 ], [ 105.8062859, 21.0558559 ], [ 105.8065316, 21.0560711 ] ] ] } },
{ "type": "Feature", "properties": { "threshold_s": 900, "time_label": "15 minutes" }, "geometry": { "type": "Polygon", "coordinates": [ [ [ 105.8045842, 21.057883 ], [ 105.8068683, 21.0601795 ], [ 105.808680599999988, 21.0613272 ], [ 105.809223, 21.0616633 ], [ 105.8093435, 21.0612735 ], [ 105.809419799999986, 21.0601428 ], [ 105.8088967, 21.0586644 ], [ 105.811037899999988, 21.055585 ], [ 105.811723299999983, 21.0547895 ], [ 105.8121901, 21.053685 ], [ 105.8125248, 21.0527532 ], [ 105.814043199999986, 21.0492446 ], [ 105.8142875, 21.0487108 ], [ 105.8142939, 21.047538 ], [ 105.813629799999987, 21.0468564 ], [ 105.813255199999986, 21.0466306 ], [ 105.812151299999982, 21.0459931 ], [ 105.8087059, 21.0452087 ], [ 105.806327599999989, 21.0438341 ], [ 105.806136099999989, 21.0438464 ], [ 105.8046137, 21.0448256 ], [ 105.803741699999989, 21.0455799 ], [ 105.803275, 21.0460413 ], [ 105.803193099999987, 21.0463159 ], [ 105.8030421, 21.049065 ], [ 105.8032658, 21.0502199 ], [ 105.803555099999983, 21.0509371 ], [ 105.8045967, 21.054599 ], [ 105.8045839, 21.0560366 ], [ 105.8045685, 21.057031 ], [ 105.8045743, 21.0574261 ], [ 105.804581099999979, 21.0577065 ], [ 105.8045842, 21.057883 ] ] ] } },
{ "type": "Feature", "properties": { "threshold_s": 300, "time_label": "5 minutes" }, "geometry": { "type": "Polygon", "coordinates": [ [ [ 105.852433, 21.0226972 ], [ 105.8524653, 21.0228096 ], [ 105.852527599999988, 21.0228275 ], [ 105.8526127, 21.0228052 ], [ 105.8526881, 21.0227854 ], [ 105.853129, 21.0226007 ], [ 105.8531169, 21.022562 ], [ 105.8529818, 21.0220792 ], [ 105.853671899999981, 21.0218992 ], [ 105.8541332, 21.0222668 ], [ 105.854158, 21.0223331 ], [ 105.85421119999998, 21.0223921 ], [ 105.854508, 21.0229623 ], [ 105.8546021, 21.023611 ], [ 105.8545585, 21.0236922 ], [ 105.8535848, 21.0236673 ], [ 105.854576899999984, 21.0237668 ], [ 105.854592, 21.0238283 ], [ 105.8547141, 21.0238841 ], [ 105.855837899999983, 21.0246665 ], [ 105.855856599999981, 21.0247221 ], [ 105.8559658, 21.0247472 ], [ 105.8559489, 21.0246959 ], [ 105.8556889, 21.0242229 ], [ 105.8555415, 21.023784 ], [ 105.855471199999982, 21.0235746 ], [ 105.85545, 21.0235114 ], [ 105.856457300000017, 21.0232059 ], [ 105.8564789, 21.0232667 ], [ 105.8565908, 21.0233396 ], [ 105.8568425, 21.023476 ], [ 105.856979, 21.0232004 ], [ 105.856962699999983, 21.023151 ], [ 105.8567389, 21.0230338 ], [ 105.856357099999983, 21.0224236 ], [ 105.856302200000016, 21.0216874 ], [ 105.857367, 21.0213668 ], [ 105.857513699999984, 21.0213424 ], [ 105.857557699999987, 21.0213324 ], [ 105.85759419999998, 21.0213241 ], [ 105.8580052, 21.021295 ], [ 105.858027199999981, 21.0212254 ], [ 105.8580477, 21.0211556 ], [ 105.8580169, 21.021003 ], [ 105.85734309999998, 21.0206308 ], [ 105.8572955, 21.0206445 ], [ 105.857320900000019, 21.0212327 ], [ 105.8573464, 21.0213069 ], [ 105.8562849, 21.0216383 ], [ 105.85625659999998, 21.0215582 ], [ 105.8560357, 21.0211751 ], [ 105.8558901, 21.0207328 ], [ 105.855695699999984, 21.0201425 ], [ 105.8557577, 21.0199939 ], [ 105.855741699999982, 21.0199417 ], [ 105.855728199999987, 21.0198948 ], [ 105.85564119999998, 21.0198984 ], [ 105.8555519, 21.0199235 ], [ 105.855451599999981, 21.0199518 ], [ 105.8553835, 21.0199945 ], [ 105.8554005, 21.0200486 ], [ 105.85542359999998, 21.0201141 ], [ 105.855525199999988, 21.0201901 ], [ 105.855828299999985, 21.0207531 ], [ 105.8556634, 21.0209641 ], [ 105.855760099999983, 21.0212568 ], [ 105.8559616, 21.0216101 ], [ 105.8560005, 21.0217227 ], [ 105.8560163, 21.0217681 ], [ 105.856300200000021, 21.0224385 ], [ 105.856482, 21.0230293 ], [ 105.856437, 21.0231527 ], [ 105.855429, 21.023449 ], [ 105.855198799999982, 21.0227635 ], [ 105.8549678, 21.0220757 ], [ 105.8549505, 21.0220242 ], [ 105.8542955, 21.0220142 ], [ 105.854130899999987, 21.0217774 ], [ 105.853568, 21.0215484 ], [ 105.853654799999987, 21.0206905 ], [ 105.85374, 21.0206676 ], [ 105.8537981, 21.0206519 ], [ 105.8538666, 21.0205523 ], [ 105.853853499999985, 21.0205139 ], [ 105.8538302, 21.0204445 ], [ 105.8537019, 21.020321 ], [ 105.8536272, 21.0203437 ], [ 105.853542399999981, 21.0203695 ], [ 105.853115299999985, 21.0206338 ], [ 105.8531263, 21.0207222 ], [ 105.853142099999985, 21.0207686 ], [ 105.8528551, 21.0216587 ], [ 105.852405099999984, 21.0217575 ], [ 105.8523332, 21.0218197 ], [ 105.85242, 21.0221929 ], [ 105.852433, 21.0226972 ] ] ] } },
{ "type": "Feature", "properties": { "threshold_s": 600, "time_label": "10 minutes" }, "geometry": { "type": "Polygon", "coordinates": [ [ [ 105.8486797, 21.0238472 ], [ 105.8486985, 21.0239007 ], [ 105.849336899999983, 21.0243294 ], [ 105.850568699999982, 21.0249407 ], [ 105.8522675, 21.0258508 ], [ 105.8524534, 21.0260122 ], [ 105.853213699999984, 21.0263525 ], [ 105.853277099999985, 21.026343 ], [ 105.8535389, 21.0260779 ], [ 105.854081699999981, 21.0258349 ], [ 105.8552463, 21.0271547 ], [ 105.855555399999986, 21.0274408 ], [ 105.855779, 21.0276058 ], [ 105.8560444, 21.0275669 ], [ 105.8560726, 21.0275487 ], [ 105.8561997, 21.0272782 ], [ 105.8578537, 21.0262736 ], [ 105.8578883, 21.026258 ], [ 105.859253099999989, 21.025083 ], [ 105.85963, 21.0233228 ], [ 105.859767800000014, 21.0228611 ], [ 105.8595908, 21.0228162 ], [ 105.858609, 21.0223103 ], [ 105.8582515, 21.0207665 ], [ 105.8587239, 21.0193182 ], [ 105.8593503, 21.0189592 ], [ 105.859772, 21.0188366 ], [ 105.8597317, 21.0187694 ], [ 105.8585242, 21.0180301 ], [ 105.8570824, 21.0175433 ], [ 105.8556379, 21.0171753 ], [ 105.8553252, 21.0171557 ], [ 105.854055299999985, 21.0174762 ], [ 105.8530829, 21.0168409 ], [ 105.8529519, 21.0168194 ], [ 105.852825599999989, 21.0168495 ], [ 105.851494299999985, 21.0181657 ], [ 105.85148, 21.0182582 ], [ 105.85149389999998, 21.0183123 ], [ 105.851508, 21.0183671 ], [ 105.8516323, 21.0189267 ], [ 105.8516455, 21.0189714 ], [ 105.8516641, 21.0190343 ], [ 105.8518196, 21.01977 ], [ 105.8518375, 21.019819 ], [ 105.8514757, 21.0211386 ], [ 105.8503122, 21.0214084 ], [ 105.850239099999982, 21.0214297 ], [ 105.850157599999989, 21.0214531 ], [ 105.849959799999979, 21.0216627 ], [ 105.849802299999979, 21.0218708 ], [ 105.8490609, 21.0235369 ], [ 105.8486797, 21.0238472 ] ] ] } },
{ "type": "Feature", "properties": { "threshold_s": 900, "time_label": "15 minutes" }, "geometry": { "type": "Polygon", "coordinates": [ [ [ 105.8458643, 21.0246379 ], [ 105.845980399999988, 21.025111 ], [ 105.8474754, 21.0260672 ], [ 105.8475386, 21.026049 ], [ 105.8494204, 21.0265862 ], [ 105.8497328, 21.0273908 ], [ 105.849976399999989, 21.0278076 ], [ 105.851518, 21.0289361 ], [ 105.8534323, 21.0295697 ], [ 105.8548898, 21.0302846 ], [ 105.8549501, 21.0302935 ], [ 105.8567112, 21.0297654 ], [ 105.857199, 21.0298779 ], [ 105.857250099999987, 21.0297668 ], [ 105.8574054, 21.0294439 ], [ 105.857796199999981, 21.028661 ], [ 105.858447, 21.0275105 ], [ 105.8590965, 21.0264855 ], [ 105.8604035, 21.0252509 ], [ 105.861147399999979, 21.0253566 ], [ 105.861416799999986, 21.0244523 ], [ 105.8614245, 21.0242646 ], [ 105.86116509999998, 21.0231574 ], [ 105.8612844, 21.0221035 ], [ 105.8613706, 21.02144 ], [ 105.861608899999979, 21.0204464 ], [ 105.8616086, 21.0194495 ], [ 105.8625822, 21.0186632 ], [ 105.86214529999998, 21.0184635 ], [ 105.862107699999981, 21.0184562 ], [ 105.86181689999998, 21.0183923 ], [ 105.86046709999998, 21.0176462 ], [ 105.8597928, 21.017196 ], [ 105.859715, 21.0150169 ], [ 105.859653, 21.0150046 ], [ 105.859588599999981, 21.0149919 ], [ 105.8583912, 21.0146923 ], [ 105.8574137, 21.0142312 ], [ 105.857289, 21.0141989 ], [ 105.857142599999989, 21.0142912 ], [ 105.8562782, 21.015261 ], [ 105.855307499999981, 21.0154971 ], [ 105.8543746, 21.0152632 ], [ 105.853558199999981, 21.0137765 ], [ 105.853555199999988, 21.0136872 ], [ 105.8534247, 21.0137678 ], [ 105.852811399999979, 21.0143908 ], [ 105.8515006, 21.0150661 ], [ 105.851471, 21.0151047 ], [ 105.851468399999987, 21.0151571 ], [ 105.851468199999985, 21.0152209 ], [ 105.8503184, 21.0167752 ], [ 105.8497729, 21.0168889 ], [ 105.8493704, 21.0169931 ], [ 105.8484612, 21.0180481 ], [ 105.848417499999982, 21.0181247 ], [ 105.848424799999989, 21.0181795 ], [ 105.8478928, 21.0200401 ], [ 105.8478754, 21.0200667 ], [ 105.8473263, 21.0213441 ], [ 105.846443199999982, 21.0226777 ], [ 105.8464107, 21.0228353 ], [ 105.8458643, 21.0246379 ] ] ] } },
{ "type": "Feature", "properties": { "threshold_s": 300, "time_label": "5 minutes" }, "geometry": { "type": "Polygon", "coordinates": [ [ [ 105.7722033, 21.0730657 ], [ 105.7722278, 21.07326 ], [ 105.772517199999982, 21.0732777 ], [ 105.7728293, 21.073303 ], [ 105.773439899999985, 21.073433 ], [ 105.773229, 21.0728167 ], [ 105.7735512, 21.0724652 ], [ 105.7738719, 21.0718921 ], [ 105.7743959, 21.0721995 ], [ 105.774869199999983, 21.0715558 ], [ 105.7751817, 21.0715603 ], [ 105.7748681, 21.0712818 ], [ 105.7747927, 21.0712828 ], [ 105.7746297, 21.0712821 ], [ 105.7738414, 21.0710497 ], [ 105.7732531, 21.0709026 ], [ 105.7725001, 21.0709261 ], [ 105.7725305, 21.0699632 ], [ 105.7721998, 21.0709135 ], [ 105.7722389, 21.0715308 ], [ 105.7714031, 21.0715253 ], [ 105.770678, 21.0715337 ], [ 105.7710697, 21.0718181 ], [ 105.7713889, 21.0718092 ], [ 105.772233899999989, 21.0722417 ], [ 105.772064199999988, 21.0723775 ], [ 105.7722033, 21.0730657 ] ] ] } },
{ "type": "Feature", "properties": { "threshold_s": 600, "time_label": "10 minutes" }, "geometry": { "type": "Polygon", "coordinates": [ [ [ 105.772121199999987, 21.0761333 ], [ 105.7718437, 21.0771504 ], [ 105.772192, 21.0771825 ], [ 105.7725719, 21.0768043 ], [ 105.773413799999986, 21.0769538 ], [ 105.773866199999986, 21.0759291 ], [ 105.7743178, 21.0754953 ], [ 105.774898, 21.0747258 ], [ 105.775474299999985, 21.0742155 ], [ 105.77483789999998, 21.0737039 ], [ 105.7744559, 21.0728348 ], [ 105.7743712, 21.0725325 ], [ 105.7743959, 21.0721995 ], [ 105.7751772, 21.0716748 ], [ 105.7763163, 21.0715555 ], [ 105.777115499999979, 21.0715521 ], [ 105.7770995, 21.0709373 ], [ 105.776350799999989, 21.0703839 ], [ 105.7760331, 21.0701428 ], [ 105.775974299999987, 21.0692134 ], [ 105.774825299999989, 21.0689603 ], [ 105.7745773, 21.0694124 ], [ 105.7738937, 21.070027 ], [ 105.773470399999979, 21.0685899 ], [ 105.772551599999986, 21.0691135 ], [ 105.77156669999998, 21.0685088 ], [ 105.7716328, 21.0681457 ], [ 105.7726015, 21.0674079 ], [ 105.7728694, 21.0668327 ], [ 105.7723981, 21.0674079 ], [ 105.7712388, 21.0681169 ], [ 105.7710584, 21.0691954 ], [ 105.7699419, 21.0693882 ], [ 105.7698172, 21.0699916 ], [ 105.7700747, 21.0701117 ], [ 105.770587, 21.070387 ], [ 105.770763799999983, 21.0704524 ], [ 105.770678, 21.0715337 ], [ 105.7703274, 21.0715361 ], [ 105.770197199999984, 21.0715389 ], [ 105.7699175, 21.0715376 ], [ 105.768678799999989, 21.0715284 ], [ 105.7698305, 21.0721888 ], [ 105.7701357, 21.0722199 ], [ 105.7710697, 21.0718181 ], [ 105.772064199999988, 21.0723775 ], [ 105.7722033, 21.0730657 ], [ 105.7722278, 21.07326 ], [ 105.7706348, 21.0741401 ], [ 105.7699849, 21.0739166 ], [ 105.770644799999985, 21.0743666 ], [ 105.7712115, 21.0744052 ], [ 105.7721149, 21.0747635 ], [ 105.772095899999982, 21.0754558 ], [ 105.772121199999987, 21.0761333 ] ] ] } },
{ "type": "Feature", "properties": { "threshold_s": 900, "time_label": "15 minutes" }, "geometry": { "type": "Polygon", "coordinates": [ [ [ 105.7703939, 21.0774675 ], [ 105.7717109, 21.0803456 ], [ 105.7746801, 21.0790721 ], [ 105.775161299999979, 21.0788101 ], [ 105.7759549, 21.0782489 ], [ 105.7773925, 21.0758505 ], [ 105.7790688, 21.073907 ], [ 105.7806534, 21.0718024 ], [ 105.780854300000016, 21.0715323 ], [ 105.780308, 21.0704215 ], [ 105.778990399999984, 21.0675256 ], [ 105.7757203, 21.067118 ], [ 105.775517399999984, 21.0670676 ], [ 105.7729826, 21.065249 ], [ 105.772965, 21.064226 ], [ 105.7729879, 21.063973 ], [ 105.7728186, 21.0639671 ], [ 105.772614799999985, 21.0642323 ], [ 105.7712522, 21.0670907 ], [ 105.7704288, 21.0682145 ], [ 105.7700859, 21.0686209 ], [ 105.7699419, 21.0693882 ], [ 105.7698172, 21.0699916 ], [ 105.7650067, 21.0715146 ], [ 105.768678799999989, 21.0715284 ], [ 105.7695933, 21.0740137 ], [ 105.768358099999986, 21.0754926 ], [ 105.769659099999984, 21.0768164 ], [ 105.7703939, 21.0774675 ] ] ] } },
{ "type": "Feature", "properties": { "threshold_s": 300, "time_label": "5 minutes" }, "geometry": { "type": "Polygon", "coordinates": [ [ [ 105.790855399999984, 21.0298028 ], [ 105.7908804, 21.0299143 ], [ 105.7910399, 21.030044 ], [ 105.791292, 21.0300063 ], [ 105.792025099999989, 21.0299885 ], [ 105.7921106, 21.0303687 ], [ 105.7922409, 21.0306098 ], [ 105.792744699999986, 21.0302709 ], [ 105.7934906, 21.0303364 ], [ 105.793812399999979, 21.0309792 ], [ 105.7946464, 21.0309476 ], [ 105.7946858, 21.0310285 ], [ 105.7948851, 21.031437 ], [ 105.7950401, 21.0312354 ], [ 105.7949219, 21.030962 ], [ 105.794641399999989, 21.0305549 ], [ 105.794807799999987, 21.0298557 ], [ 105.7942138, 21.0294924 ], [ 105.794198699999981, 21.0289989 ], [ 105.7947211, 21.028841 ], [ 105.7948044, 21.0286147 ], [ 105.79445, 21.0280066 ], [ 105.7941908, 21.027382 ], [ 105.7940343, 21.0268108 ], [ 105.7938872, 21.026749 ], [ 105.7931155, 21.0270657 ], [ 105.792644199999984, 21.0263531 ], [ 105.7923182, 21.0274932 ], [ 105.792260399999989, 21.0275136 ], [ 105.791864499999988, 21.0277622 ], [ 105.7916903, 21.0279681 ], [ 105.791898599999982, 21.0280242 ], [ 105.792486899999986, 21.0280313 ], [ 105.792968099999982, 21.027861 ], [ 105.7932557, 21.0285099 ], [ 105.792895699999988, 21.028804 ], [ 105.7927773, 21.0291745 ], [ 105.7919686, 21.0294227 ], [ 105.7911693, 21.0291744 ], [ 105.7909747, 21.0292228 ], [ 105.7908343, 21.0297086 ], [ 105.790855399999984, 21.0298028 ] ] ] } },
{ "type": "Feature", "properties": { "threshold_s": 600, "time_label": "10 minutes" }, "geometry": { "type": "Polygon", "coordinates": [ [ [ 105.7877158, 21.0302901 ], [ 105.787733799999984, 21.0303755 ], [ 105.787891, 21.0305198 ], [ 105.7880541, 21.0305666 ], [ 105.788212499999986, 21.0305697 ], [ 105.7894094, 21.03074 ], [ 105.7898114, 21.0314489 ], [ 105.7895626, 21.0319861 ], [ 105.7899651, 21.03193 ], [ 105.7909977, 21.0323135 ], [ 105.7914038, 21.0327504 ], [ 105.7920593, 21.033349 ], [ 105.7922881, 21.0336607 ], [ 105.7926374, 21.0335701 ], [ 105.7938359, 21.0337084 ], [ 105.7939352, 21.0338571 ], [ 105.7939579, 21.033891 ], [ 105.794035799999989, 21.0339941 ], [ 105.794201199999989, 21.0326808 ], [ 105.794794, 21.0323385 ], [ 105.7953934, 21.0318295 ], [ 105.7956169, 21.0307521 ], [ 105.794807799999987, 21.0298557 ], [ 105.7947211, 21.028841 ], [ 105.7948044, 21.0286147 ], [ 105.79445, 21.0280066 ], [ 105.7941908, 21.027382 ], [ 105.7940343, 21.0268108 ], [ 105.7938872, 21.026749 ], [ 105.7931155, 21.0270657 ], [ 105.792644199999984, 21.0263531 ], [ 105.7919473, 21.0257926 ], [ 105.792413399999987, 21.0251385 ], [ 105.7922156, 21.0246877 ], [ 105.791502099999988, 21.0249958 ], [ 105.790773499999986, 21.0251675 ], [ 105.7904815, 21.0255613 ], [ 105.7908937, 21.0261634 ], [ 105.790169700000021, 21.0268402 ], [ 105.7897885, 21.0269703 ], [ 105.789732, 21.027055 ], [ 105.7891857, 21.0278607 ], [ 105.7887396, 21.0284968 ], [ 105.788352799999984, 21.028985 ], [ 105.7879053, 21.0300146 ], [ 105.7877841, 21.0301291 ], [ 105.7877158, 21.0302901 ] ] ] } },
{ "type": "Feature", "properties": { "threshold_s": 900, "time_label": "15 minutes" }, "geometry": { "type": "Polygon", "coordinates": [ [ [ 105.7846429, 21.0307056 ], [ 105.7848165, 21.0317153 ], [ 105.786311, 21.0326647 ], [ 105.7879653, 21.0336798 ], [ 105.7898793, 21.0349763 ], [ 105.791318299999986, 21.0358055 ], [ 105.793691, 21.0359516 ], [ 105.793869, 21.0358977 ], [ 105.7940714, 21.0358308 ], [ 105.7960339, 21.0343204 ], [ 105.796344, 21.0329917 ], [ 105.7963028, 21.0325352 ], [ 105.796183699999986, 21.0317728 ], [ 105.7956169, 21.0307521 ], [ 105.7948044, 21.0286147 ], [ 105.7940343, 21.0268108 ], [ 105.7928445, 21.0247748 ], [ 105.7924467, 21.0227017 ], [ 105.7919811, 21.0222507 ], [ 105.7918295, 21.0221121 ], [ 105.7907074, 21.0223285 ], [ 105.790381699999983, 21.0224562 ], [ 105.787432699999982, 21.0233309 ], [ 105.787397899999988, 21.0233746 ], [ 105.787350599999982, 21.0235024 ], [ 105.7875527, 21.0247419 ], [ 105.787266700000018, 21.0269062 ], [ 105.786379899999986, 21.0276309 ], [ 105.7858483, 21.0280056 ], [ 105.7854784, 21.0290883 ], [ 105.7846429, 21.0307056 ] ] ] } },
{ "type": "Feature", "properties": { "threshold_s": 300, "time_label": "5 minutes" }, "geometry": { "type": "Polygon", "coordinates": [ [ [ 105.7887509, 20.9641873 ], [ 105.7888314, 20.9643576 ], [ 105.7893544, 20.9641948 ], [ 105.78975029999998, 20.9640276 ], [ 105.7900562, 20.9638985 ], [ 105.7906627, 20.964281 ], [ 105.7904863, 20.964871 ], [ 105.790914, 20.9654442 ], [ 105.7913278, 20.9654519 ], [ 105.791172599999982, 20.965328 ], [ 105.791052, 20.9650148 ], [ 105.7920452, 20.9650215 ], [ 105.7919516, 20.9647103 ], [ 105.7919207, 20.9646272 ], [ 105.792116, 20.9640944 ], [ 105.792634799999988, 20.9642023 ], [ 105.793605699999986, 20.9641381 ], [ 105.793443, 20.9638584 ], [ 105.7932854, 20.9635813 ], [ 105.793139699999983, 20.9632624 ], [ 105.7929774, 20.9629174 ], [ 105.7928662, 20.9627123 ], [ 105.793556199999983, 20.9623296 ], [ 105.7936408, 20.9623849 ], [ 105.7938862, 20.9625849 ], [ 105.7941986, 20.9628618 ], [ 105.7943322, 20.9621944 ], [ 105.7944329, 20.9620886 ], [ 105.7944688, 20.961972 ], [ 105.794426, 20.9619051 ], [ 105.7941975, 20.9618942 ], [ 105.7940956, 20.9619912 ], [ 105.7932845, 20.9620802 ], [ 105.793043, 20.9618764 ], [ 105.7927305, 20.9616125 ], [ 105.7923783, 20.9613153 ], [ 105.7921732, 20.9611421 ], [ 105.7914037, 20.9617787 ], [ 105.791274099999981, 20.9615236 ], [ 105.7910871, 20.9611165 ], [ 105.790921, 20.9607733 ], [ 105.7906953, 20.9617686 ], [ 105.790247799999989, 20.9619575 ], [ 105.7896119, 20.9622311 ], [ 105.78983940000002, 20.9626471 ], [ 105.7897002, 20.9631563 ], [ 105.78939029999998, 20.9632966 ], [ 105.7890969, 20.9634008 ], [ 105.7889481, 20.9634904 ], [ 105.7887509, 20.9641873 ] ] ] } },
{ "type": "Feature", "properties": { "threshold_s": 600, "time_label": "10 minutes" }, "geometry": { "type": "Polygon", "coordinates": [ [ [ 105.7888066, 20.9665941 ], [ 105.7894473, 20.9672949 ], [ 105.7902149, 20.9668857 ], [ 105.7908662, 20.9668217 ], [ 105.7912221, 20.9676487 ], [ 105.7915601, 20.9674862 ], [ 105.7917295, 20.9674049 ], [ 105.792165, 20.9668765 ], [ 105.79298350000002, 20.9663062 ], [ 105.7934952, 20.966469 ], [ 105.793826, 20.9670105 ], [ 105.7939034, 20.966206 ], [ 105.7946433, 20.9661165 ], [ 105.794962399999989, 20.9657238 ], [ 105.7952875, 20.965263 ], [ 105.795325, 20.9652041 ], [ 105.794938799999983, 20.9650113 ], [ 105.7948288, 20.9648886 ], [ 105.7944982, 20.9643288 ], [ 105.7952895, 20.9639051 ], [ 105.796028099999987, 20.9635345 ], [ 105.7961882, 20.9634555 ], [ 105.7967171, 20.9631609 ], [ 105.796927499999981, 20.9630436 ], [ 105.7972201, 20.9628796 ], [ 105.797015300000012, 20.9620508 ], [ 105.7966216, 20.9617428 ], [ 105.7964915, 20.9607558 ], [ 105.7968605, 20.9602237 ], [ 105.796168699999981, 20.9603688 ], [ 105.79601839999998, 20.9604463 ], [ 105.795460399999982, 20.9607542 ], [ 105.794723599999983, 20.9601079 ], [ 105.7942763, 20.9600445 ], [ 105.7935762, 20.9594158 ], [ 105.793254399999981, 20.9593782 ], [ 105.793039799999988, 20.9594233 ], [ 105.793032599999989, 20.9600054 ], [ 105.7920689, 20.9601197 ], [ 105.791382, 20.9597627 ], [ 105.7906906, 20.9591718 ], [ 105.790102799999985, 20.959506 ], [ 105.7899874, 20.9603526 ], [ 105.7895962, 20.9606107 ], [ 105.789206, 20.9613917 ], [ 105.7889231, 20.9615081 ], [ 105.788170899999983, 20.9615063 ], [ 105.7877505, 20.9617077 ], [ 105.7874933, 20.961831 ], [ 105.787478, 20.9626269 ], [ 105.7870182, 20.9628134 ], [ 105.7872006, 20.9634384 ], [ 105.7874715, 20.9642023 ], [ 105.787216699999988, 20.9645288 ], [ 105.787576699999988, 20.9648392 ], [ 105.7884358, 20.9653143 ], [ 105.788545899999988, 20.9661605 ], [ 105.7888066, 20.9665941 ] ] ] } },
{ "type": "Feature", "properties": { "threshold_s": 900, "time_label": "15 minutes" }, "geometry": { "type": "Polygon", "coordinates": [ [ [ 105.786199499999981, 20.9679699 ], [ 105.7860231, 20.9685874 ], [ 105.7878039, 20.9690792 ], [ 105.7881902, 20.9690658 ], [ 105.7905843, 20.9688095 ], [ 105.7918828, 20.9680665 ], [ 105.794323, 20.9679546 ], [ 105.7946065, 20.968169 ], [ 105.7950014, 20.9682953 ], [ 105.796473600000013, 20.9682432 ], [ 105.7967594, 20.9680892 ], [ 105.7966871, 20.9680179 ], [ 105.796291599999989, 20.9676477 ], [ 105.795933, 20.9673034 ], [ 105.795692, 20.9670806 ], [ 105.795325, 20.9652041 ], [ 105.797696, 20.964503 ], [ 105.7986484, 20.965024 ], [ 105.7997773, 20.9633359 ], [ 105.7996824, 20.961639 ], [ 105.799633699999987, 20.9615109 ], [ 105.7979623, 20.9608084 ], [ 105.7970361, 20.9594708 ], [ 105.796709, 20.9584059 ], [ 105.795343399999979, 20.9574859 ], [ 105.7930802, 20.9568039 ], [ 105.791064, 20.9567249 ], [ 105.789392, 20.9562523 ], [ 105.7888991, 20.9562065 ], [ 105.789048, 20.9566351 ], [ 105.7892508, 20.9569022 ], [ 105.7879728, 20.9588632 ], [ 105.7875681, 20.9599238 ], [ 105.7874933, 20.961831 ], [ 105.7870182, 20.9628134 ], [ 105.787216699999988, 20.9645288 ], [ 105.7869003, 20.9658063 ], [ 105.786199499999981, 20.9679699 ] ] ] } },
{ "type": "Feature", "properties": { "threshold_s": 300, "time_label": "5 minutes" }, "geometry": { "type": "Polygon", "coordinates": [ [ [ 105.855442, 21.0260793 ], [ 105.855605199999985, 21.02659 ], [ 105.85585709999998, 21.0268246 ], [ 105.8561178, 21.0269885 ], [ 105.8562141, 21.0269963 ], [ 105.856326300000021, 21.0270123 ], [ 105.857053, 21.0267753 ], [ 105.8573277, 21.0276024 ], [ 105.857237199999986, 21.0276882 ], [ 105.8572278, 21.0277364 ], [ 105.8572187, 21.0277835 ], [ 105.857243499999981, 21.0278069 ], [ 105.857361899999987, 21.0278373 ], [ 105.8581177, 21.0279727 ], [ 105.858447, 21.0275105 ], [ 105.858615299999983, 21.0269486 ], [ 105.8588804, 21.0266206 ], [ 105.859122499999984, 21.0260143 ], [ 105.8588696, 21.0259638 ], [ 105.8586477, 21.0251237 ], [ 105.8591742, 21.0250835 ], [ 105.859253099999989, 21.025083 ], [ 105.8593188, 21.0250826 ], [ 105.859790099999984, 21.0252009 ], [ 105.859866899999986, 21.0252573 ], [ 105.860050700000016, 21.0250498 ], [ 105.86021479999998, 21.024606 ], [ 105.8598155, 21.0249394 ], [ 105.859436299999984, 21.0248949 ], [ 105.8591955, 21.0242564 ], [ 105.8593317, 21.0236584 ], [ 105.859423099999987, 21.023355 ], [ 105.859378800000016, 21.0233428 ], [ 105.8589765, 21.0235684 ], [ 105.8581945, 21.0238612 ], [ 105.8572877, 21.0237614 ], [ 105.857465199999979, 21.0230912 ], [ 105.857603199999986, 21.0228818 ], [ 105.8574777, 21.022875 ], [ 105.8566197, 21.0229874 ], [ 105.856482, 21.0230293 ], [ 105.856437, 21.0231527 ], [ 105.856457300000017, 21.0232059 ], [ 105.8564789, 21.0232667 ], [ 105.856785299999984, 21.0239069 ], [ 105.8566791, 21.0244243 ], [ 105.8559489, 21.0246959 ], [ 105.8556889, 21.0242229 ], [ 105.85529, 21.0248813 ], [ 105.856112, 21.0251908 ], [ 105.856379899999979, 21.0258624 ], [ 105.8556838, 21.0260648 ], [ 105.855604899999989, 21.0260301 ], [ 105.8555201, 21.0260556 ], [ 105.855442, 21.0260793 ] ] ] } },
{ "type": "Feature", "properties": { "threshold_s": 600, "time_label": "10 minutes" }, "geometry": { "type": "Polygon", "coordinates": [ [ [ 105.8558733, 21.030355 ], [ 105.855826199999981, 21.0312919 ], [ 105.8567475, 21.030865 ], [ 105.8578032, 21.0304602 ], [ 105.8585383, 21.0299404 ], [ 105.859229700000014, 21.0297031 ], [ 105.8586479, 21.0283794 ], [ 105.858447, 21.0275105 ], [ 105.8590965, 21.0264855 ], [ 105.8602138, 21.0257388 ], [ 105.861773199999988, 21.025698 ], [ 105.861821799999987, 21.0255701 ], [ 105.86210149999998, 21.0246067 ], [ 105.8622638, 21.024036 ], [ 105.8623435, 21.0236308 ], [ 105.862362, 21.023521 ], [ 105.861934599999984, 21.0235276 ], [ 105.861500399999983, 21.0222283 ], [ 105.8608693, 21.0213934 ], [ 105.859921, 21.0217286 ], [ 105.8592944, 21.0209837 ], [ 105.8581807, 21.0207436 ], [ 105.85734309999998, 21.0206308 ], [ 105.8572955, 21.0206445 ], [ 105.8558901, 21.0207328 ], [ 105.8557577, 21.0199939 ], [ 105.855741699999982, 21.0199417 ], [ 105.8555519, 21.0199235 ], [ 105.85542359999998, 21.0201141 ], [ 105.8556634, 21.0209641 ], [ 105.8549505, 21.0220242 ], [ 105.8542955, 21.0220142 ], [ 105.85422149999998, 21.0220376 ], [ 105.854093399999982, 21.0221603 ], [ 105.8541332, 21.0222668 ], [ 105.854158, 21.0223331 ], [ 105.85421119999998, 21.0223921 ], [ 105.854508, 21.0229623 ], [ 105.8535358, 21.0240718 ], [ 105.8530565, 21.0241112 ], [ 105.852939699999979, 21.0242487 ], [ 105.852877099999986, 21.0243963 ], [ 105.852281299999987, 21.0257036 ], [ 105.8522675, 21.0258508 ], [ 105.8524534, 21.0260122 ], [ 105.8532583, 21.0266626 ], [ 105.8534184, 21.0276444 ], [ 105.853463299999987, 21.0279608 ], [ 105.8535767, 21.0280822 ], [ 105.853730399999989, 21.028247 ], [ 105.8538238, 21.0282331 ], [ 105.853833399999985, 21.0282312 ], [ 105.8548786, 21.0280435 ], [ 105.8553303, 21.0288775 ], [ 105.8553248, 21.0289403 ], [ 105.8553189, 21.0289964 ], [ 105.8558733, 21.030355 ] ] ] } },
{ "type": "Feature", "properties": { "threshold_s": 900, "time_label": "15 minutes" }, "geometry": { "type": "Polygon", "coordinates": [ [ [ 105.8531632, 21.0322152 ], [ 105.854413799999989, 21.0338031 ], [ 105.8555072, 21.0339557 ], [ 105.856500399999987, 21.033561 ], [ 105.858300899999989, 21.0329385 ], [ 105.8594201, 21.0325236 ], [ 105.8604518, 21.0311067 ], [ 105.861271699999989, 21.0304235 ], [ 105.8613337, 21.0288933 ], [ 105.8618604, 21.0270123 ], [ 105.862282099999987, 21.0256878 ], [ 105.862678, 21.0241486 ], [ 105.8630868, 21.0230317 ], [ 105.863379399999985, 21.0217687 ], [ 105.863450799999981, 21.0212728 ], [ 105.863125, 21.0204735 ], [ 105.862058799999986, 21.0186652 ], [ 105.86181689999998, 21.0183923 ], [ 105.8604339, 21.0177809 ], [ 105.8582714, 21.0169035 ], [ 105.857053, 21.0175309 ], [ 105.855720300000016, 21.017214 ], [ 105.855675399999981, 21.0171929 ], [ 105.8556379, 21.0171753 ], [ 105.8553252, 21.0171557 ], [ 105.8540133, 21.0174776 ], [ 105.853053299999985, 21.0191998 ], [ 105.852108199999989, 21.0208679 ], [ 105.852054899999985, 21.0209689 ], [ 105.851756499999979, 21.0224385 ], [ 105.850819, 21.0230388 ], [ 105.8506406, 21.0233372 ], [ 105.849701199999984, 21.0249899 ], [ 105.8495731, 21.0253084 ], [ 105.8494052, 21.0265333 ], [ 105.8494204, 21.0265862 ], [ 105.849976399999989, 21.0278076 ], [ 105.8514394, 21.0287297 ], [ 105.851497600000016, 21.0287269 ], [ 105.8533263, 21.0297825 ], [ 105.8530559, 21.0306972 ], [ 105.852722, 21.0315568 ], [ 105.8531632, 21.0322152 ] ] ] } },
{ "type": "Feature", "properties": { "threshold_s": 300, "time_label": "5 minutes" }, "geometry": { "type": "Polygon", "coordinates": [ [ [ 105.7812095, 21.0430572 ], [ 105.7812151, 21.0431395 ], [ 105.781358, 21.0430541 ], [ 105.7813459, 21.0428639 ], [ 105.781333099999983, 21.0426719 ], [ 105.781725699999981, 21.041808 ], [ 105.782111799999981, 21.0417954 ], [ 105.7825222, 21.0419143 ], [ 105.7830428, 21.0417571 ], [ 105.7836123, 21.0418473 ], [ 105.7842881, 21.0418227 ], [ 105.7844302, 21.0417229 ], [ 105.7840208, 21.0411678 ], [ 105.7833245, 21.0410265 ], [ 105.783014599999987, 21.0402215 ], [ 105.7827667, 21.039553 ], [ 105.782633, 21.03898 ], [ 105.7824257, 21.0387868 ], [ 105.7824289, 21.0389841 ], [ 105.781799, 21.039611 ], [ 105.7813629, 21.0394263 ], [ 105.781047200000017, 21.0396474 ], [ 105.7818292, 21.0402531 ], [ 105.781193699999989, 21.0409767 ], [ 105.781102299999986, 21.0409809 ], [ 105.7811268, 21.0416094 ], [ 105.7812708, 21.0420097 ], [ 105.781185199999982, 21.0426712 ], [ 105.7812095, 21.0430572 ] ] ] } },
{ "type": "Feature", "properties": { "threshold_s": 600, "time_label": "10 minutes" }, "geometry": { "type": "Polygon", "coordinates": [ [ [ 105.7809873, 21.0459159 ], [ 105.781101599999985, 21.0460456 ], [ 105.7814526, 21.0462375 ], [ 105.781532799999979, 21.0462369 ], [ 105.78157539999998, 21.0458104 ], [ 105.7814713, 21.0452003 ], [ 105.781597099999985, 21.0443721 ], [ 105.782204, 21.0439996 ], [ 105.7833827, 21.0444047 ], [ 105.783526699999982, 21.0444037 ], [ 105.7845286, 21.0441589 ], [ 105.785317099999986, 21.0442815 ], [ 105.785725699999986, 21.0439586 ], [ 105.7862228, 21.0428144 ], [ 105.7865865, 21.0425195 ], [ 105.7872626, 21.0422365 ], [ 105.7873068, 21.0422069 ], [ 105.787763199999986, 21.0416469 ], [ 105.7877648, 21.0415731 ], [ 105.7877679, 21.0413953 ], [ 105.7871526, 21.0407936 ], [ 105.7866532, 21.0403705 ], [ 105.785893, 21.039684 ], [ 105.785509099999985, 21.0396551 ], [ 105.7852079, 21.0384977 ], [ 105.7851782, 21.0377961 ], [ 105.7845098, 21.0372509 ], [ 105.7833225, 21.0367021 ], [ 105.782055699999987, 21.0367385 ], [ 105.7813865, 21.0372107 ], [ 105.7802978, 21.0368824 ], [ 105.7798862, 21.0375307 ], [ 105.7796105, 21.0387704 ], [ 105.779581, 21.0388267 ], [ 105.779531299999988, 21.0389168 ], [ 105.7804334, 21.0397762 ], [ 105.7812061, 21.0402731 ], [ 105.781102299999986, 21.0409809 ], [ 105.7811089, 21.0411149 ], [ 105.7811186, 21.0413592 ], [ 105.780231599999979, 21.0422107 ], [ 105.7799307, 21.0421589 ], [ 105.7791163, 21.0427546 ], [ 105.7792331, 21.0432271 ], [ 105.780040299999982, 21.044118 ], [ 105.780249399999988, 21.0448236 ], [ 105.7805593, 21.0453491 ], [ 105.7809873, 21.0459159 ] ] ] } },
{ "type": "Feature", "properties": { "threshold_s": 900, "time_label": "15 minutes" }, "geometry": { "type": "Polygon", "coordinates": [ [ [ 105.7769235, 21.0436553 ], [ 105.7774071, 21.0453787 ], [ 105.778127799999979, 21.0456712 ], [ 105.779164, 21.0461272 ], [ 105.7796723, 21.0462948 ], [ 105.7809811, 21.0477412 ], [ 105.7807416, 21.0481428 ], [ 105.7807418, 21.0482023 ], [ 105.780739800000021, 21.0483962 ], [ 105.7807391, 21.0484279 ], [ 105.7810817, 21.0490121 ], [ 105.781742, 21.0494496 ], [ 105.78206489999998, 21.0491427 ], [ 105.782515599999982, 21.0487009 ], [ 105.783575299999981, 21.0475065 ], [ 105.7843945, 21.0463314 ], [ 105.785215799999989, 21.0462605 ], [ 105.7852769, 21.0462596 ], [ 105.7862319, 21.0463247 ], [ 105.7864525, 21.0463922 ], [ 105.786527899999982, 21.0463266 ], [ 105.786526499999979, 21.0462594 ], [ 105.7865228, 21.0460779 ], [ 105.7865206, 21.0459718 ], [ 105.7863709, 21.0452714 ], [ 105.786371599999981, 21.0450113 ], [ 105.7863721, 21.0447812 ], [ 105.7872938, 21.0435485 ], [ 105.788000199999985, 21.0435252 ], [ 105.788841799999986, 21.0437971 ], [ 105.7890795, 21.0436463 ], [ 105.790327299999987, 21.0425087 ], [ 105.79083, 21.0419942 ], [ 105.7908361, 21.0416393 ], [ 105.790626099999983, 21.0409793 ], [ 105.790425499999984, 21.0408178 ], [ 105.789587, 21.0400917 ], [ 105.7891232, 21.0396979 ], [ 105.787767299999985, 21.0391741 ], [ 105.78713759999998, 21.0391192 ], [ 105.785997899999984, 21.0381286 ], [ 105.7868923, 21.0370289 ], [ 105.7873082, 21.036615 ], [ 105.7872887, 21.0365618 ], [ 105.786133199999981, 21.0357769 ], [ 105.784945199999981, 21.0355366 ], [ 105.7848304, 21.0357022 ], [ 105.7833225, 21.0367021 ], [ 105.7828508, 21.0367474 ], [ 105.7825049, 21.0367561 ], [ 105.782055699999987, 21.0367385 ], [ 105.780775199999979, 21.0359563 ], [ 105.7806267, 21.035279 ], [ 105.780626199999986, 21.035033 ], [ 105.780589099999986, 21.0348094 ], [ 105.7805653, 21.0346607 ], [ 105.7799633, 21.0341636 ], [ 105.779909799999984, 21.034182 ], [ 105.779212300000012, 21.0344649 ], [ 105.77853589999998, 21.0350777 ], [ 105.7773514, 21.0365938 ], [ 105.7768842, 21.0369986 ], [ 105.776870499999987, 21.0373254 ], [ 105.7774517, 21.0379267 ], [ 105.778446099999982, 21.0389815 ], [ 105.778349399999982, 21.0400592 ], [ 105.7779265, 21.0411489 ], [ 105.7779609, 21.0422702 ], [ 105.7769235, 21.0436553 ] ] ] } },
{ "type": "Feature", "properties": { "threshold_s": 300, "time_label": "5 minutes" }, "geometry": { "type": "Polygon", "coordinates": [ [ [ 105.8485155, 21.0111342 ], [ 105.848560699999979, 21.0111945 ], [ 105.8491003, 21.0114259 ], [ 105.8498827, 21.0117193 ], [ 105.850360499999979, 21.0118949 ], [ 105.850958899999981, 21.0118728 ], [ 105.8509936, 21.0118715 ], [ 105.8516414, 21.0118255 ], [ 105.851686499999985, 21.0116317 ], [ 105.8516256, 21.0106391 ], [ 105.8521654, 21.0099279 ], [ 105.852683499999983, 21.0091157 ], [ 105.85285709999998, 21.0090953 ], [ 105.852967099999987, 21.0090974 ], [ 105.8534603, 21.0088536 ], [ 105.8534728, 21.0087964 ], [ 105.8532751, 21.008447 ], [ 105.852174399999981, 21.0083903 ], [ 105.851396599999987, 21.0083109 ], [ 105.8512596, 21.0082585 ], [ 105.8513694, 21.0072447 ], [ 105.8512608, 21.006715 ], [ 105.851212, 21.0067202 ], [ 105.850627799999984, 21.0075948 ], [ 105.8501247, 21.0075054 ], [ 105.8492075, 21.0073799 ], [ 105.8489679, 21.0083256 ], [ 105.84849269999998, 21.0082527 ], [ 105.8483495, 21.0083185 ], [ 105.848313599999983, 21.0084886 ], [ 105.848423899999986, 21.0085966 ], [ 105.848963, 21.0088256 ], [ 105.8489642, 21.0095838 ], [ 105.849003, 21.0103301 ], [ 105.8485155, 21.0111342 ] ] ] } },
{ "type": "Feature", "properties": { "threshold_s": 600, "time_label": "10 minutes" }, "geometry": { "type": "Polygon", "coordinates": [ [ [ 105.8463899, 21.0130404 ], [ 105.846647899999979, 21.0134641 ], [ 105.846747, 21.0134487 ], [ 105.847431, 21.0133744 ], [ 105.8485534, 21.0136311 ], [ 105.8486902, 21.0136136 ], [ 105.8491024, 21.013551 ], [ 105.84985589999998, 21.0146887 ], [ 105.850418, 21.0151848 ], [ 105.8505289, 21.0152301 ], [ 105.8509049, 21.0152738 ], [ 105.850962, 21.015275 ], [ 105.851468399999987, 21.0151571 ], [ 105.8515651, 21.0150688 ], [ 105.8516664, 21.0146877 ], [ 105.852787299999989, 21.0141468 ], [ 105.8529977, 21.013714 ], [ 105.8530073, 21.0136265 ], [ 105.8530265, 21.0134566 ], [ 105.853719699999985, 21.0122761 ], [ 105.8544997, 21.0118027 ], [ 105.8552322, 21.0107941 ], [ 105.855390499999984, 21.0105528 ], [ 105.855556, 21.0097726 ], [ 105.8562536, 21.009063 ], [ 105.8562563, 21.0089621 ], [ 105.8562533, 21.0086009 ], [ 105.855183899999986, 21.0079216 ], [ 105.8546658, 21.0067839 ], [ 105.8546035, 21.0067571 ], [ 105.853274499999984, 21.0071804 ], [ 105.8527984, 21.006004 ], [ 105.8530703, 21.0055535 ], [ 105.8530462, 21.0054517 ], [ 105.852179799999988, 21.0048192 ], [ 105.8515703, 21.0044874 ], [ 105.8510341, 21.0036558 ], [ 105.8509726, 21.0036589 ], [ 105.850921899999989, 21.0036972 ], [ 105.8507093, 21.0038783 ], [ 105.8504813, 21.0044425 ], [ 105.8496358, 21.0050672 ], [ 105.8484978, 21.0049917 ], [ 105.8484273, 21.0049947 ], [ 105.847179399999987, 21.0054996 ], [ 105.847253, 21.0058908 ], [ 105.8462013, 21.0066603 ], [ 105.845386499999989, 21.0077563 ], [ 105.8452926, 21.0081436 ], [ 105.845227499999979, 21.0084969 ], [ 105.845732600000019, 21.0087434 ], [ 105.84621629999998, 21.009925 ], [ 105.8462778, 21.0100997 ], [ 105.8459209, 21.0113492 ], [ 105.84605089999998, 21.0121199 ], [ 105.846219399999981, 21.012609 ], [ 105.8463899, 21.0130404 ] ] ] } },
{ "type": "Feature", "properties": { "threshold_s": 900, "time_label": "15 minutes" }, "geometry": { "type": "Polygon", "coordinates": [ [ [ 105.8440204, 21.0145618 ], [ 105.844342, 21.0153447 ], [ 105.8467681, 21.0161014 ], [ 105.84831290000001, 21.0171124 ], [ 105.8504253, 21.0183101 ], [ 105.851508, 21.0183671 ], [ 105.851603, 21.0182926 ], [ 105.853078199999985, 21.01689 ], [ 105.8541989, 21.0158714 ], [ 105.856075, 21.0141546 ], [ 105.8563552, 21.0134773 ], [ 105.858019199999987, 21.0115565 ], [ 105.8598583, 21.0098552 ], [ 105.860094, 21.0089917 ], [ 105.859295499999988, 21.0084823 ], [ 105.8583945, 21.007876 ], [ 105.856908299999986, 21.0075399 ], [ 105.856247699999983, 21.0061079 ], [ 105.85648, 21.0052426 ], [ 105.856581899999981, 21.0049231 ], [ 105.8560674, 21.004535 ], [ 105.855178399999986, 21.0027894 ], [ 105.8550215, 21.0021561 ], [ 105.8538048, 21.0028262 ], [ 105.851868699999983, 21.001805 ], [ 105.851501, 21.00136 ], [ 105.8505549, 21.0005063 ], [ 105.8505048, 21.0005117 ], [ 105.8488983, 21.0022667 ], [ 105.8472952, 21.0030473 ], [ 105.845884900000016, 21.0029793 ], [ 105.845803, 21.0030048 ], [ 105.845687899999987, 21.0031055 ], [ 105.844526799999983, 21.0047301 ], [ 105.844413700000018, 21.004928 ], [ 105.8433928, 21.0067611 ], [ 105.841711299999986, 21.0073831 ], [ 105.8416549, 21.0074332 ], [ 105.8415593, 21.0075309 ], [ 105.841529, 21.0081094 ], [ 105.841559, 21.0081579 ], [ 105.842113, 21.0083928 ], [ 105.842925399999984, 21.0088663 ], [ 105.8449397, 21.0104502 ], [ 105.845169799999979, 21.0110389 ], [ 105.8455437, 21.0125883 ], [ 105.8440204, 21.0145618 ] ] ] } },
{ "type": "Feature", "properties": { "threshold_s": 300, "time_label": "5 minutes" }, "geometry": { "type": "Polygon", "coordinates": [ [ [ 105.8482017, 21.0320693 ], [ 105.848055599999981, 21.0324216 ], [ 105.8485186, 21.0323719 ], [ 105.84887710000001, 21.0317532 ], [ 105.8504709, 21.0321878 ], [ 105.8499725, 21.0329804 ], [ 105.850261500000016, 21.0331052 ], [ 105.8499357, 21.033994 ], [ 105.8498734, 21.0339878 ], [ 105.8506755, 21.0340786 ], [ 105.85204490000001, 21.0339261 ], [ 105.8519773, 21.0335014 ], [ 105.8518961, 21.0330795 ], [ 105.8511704, 21.0329985 ], [ 105.8513365, 21.0323003 ], [ 105.8519128, 21.0322701 ], [ 105.8524913, 21.0318297 ], [ 105.8529359, 21.0322265 ], [ 105.8531632, 21.0322152 ], [ 105.8532019, 21.0320653 ], [ 105.8531904, 21.0318342 ], [ 105.8530606, 21.0313694 ], [ 105.8525331, 21.0315855 ], [ 105.8523694, 21.0316052 ], [ 105.852205199999986, 21.0316229 ], [ 105.8521114, 21.0316325 ], [ 105.8519222, 21.0316488 ], [ 105.8516318, 21.0316582 ], [ 105.851354, 21.0316436 ], [ 105.851011899999989, 21.0314044 ], [ 105.850940399999985, 21.0310128 ], [ 105.8512303, 21.0306856 ], [ 105.8512821, 21.0305065 ], [ 105.8513118, 21.0303982 ], [ 105.8513388, 21.0302937 ], [ 105.851363, 21.0301442 ], [ 105.8514055, 21.0298406 ], [ 105.8513132, 21.0298266 ], [ 105.85069, 21.0302351 ], [ 105.8509149, 21.0307942 ], [ 105.850858299999985, 21.0309982 ], [ 105.850555799999981, 21.0315942 ], [ 105.8491377, 21.0313156 ], [ 105.8488561, 21.0305684 ], [ 105.8481374, 21.0308039 ], [ 105.8486543, 21.0310594 ], [ 105.8482017, 21.0320693 ] ] ] } },
{ "type": "Feature", "properties": { "threshold_s": 600, "time_label": "10 minutes" }, "geometry": { "type": "Polygon", "coordinates": [ [ [ 105.8470836, 21.0362915 ], [ 105.8479737, 21.037451 ], [ 105.8480787, 21.0375461 ], [ 105.849978399999983, 21.0369695 ], [ 105.8508355, 21.0363358 ], [ 105.852792800000017, 21.0360548 ], [ 105.8529476, 21.0360386 ], [ 105.853383100000016, 21.0355166 ], [ 105.8546223, 21.0348472 ], [ 105.855330399999986, 21.0338854 ], [ 105.8559243, 21.0326476 ], [ 105.8560568, 21.0309503 ], [ 105.8549501, 21.0302935 ], [ 105.8545507, 21.0294831 ], [ 105.853928699999983, 21.0287392 ], [ 105.853892799999983, 21.0287048 ], [ 105.853663, 21.0286323 ], [ 105.8535785, 21.0287632 ], [ 105.8535619, 21.0288793 ], [ 105.853399, 21.0292627 ], [ 105.851497600000016, 21.0287269 ], [ 105.8514771, 21.0285279 ], [ 105.8514483, 21.0283114 ], [ 105.8514521, 21.0280788 ], [ 105.8515379, 21.0276191 ], [ 105.851632, 21.0272476 ], [ 105.8517532, 21.026893 ], [ 105.8519015, 21.0265913 ], [ 105.851842599999983, 21.0265705 ], [ 105.8516468, 21.0265288 ], [ 105.8498757, 21.0274261 ], [ 105.8490292, 21.0275855 ], [ 105.847791199999989, 21.0281196 ], [ 105.8464, 21.0291195 ], [ 105.8453413, 21.0287033 ], [ 105.8450687, 21.0291861 ], [ 105.846568, 21.0299584 ], [ 105.845851199999984, 21.0312344 ], [ 105.845617099999984, 21.0319511 ], [ 105.8455033, 21.033579 ], [ 105.8464493, 21.0348094 ], [ 105.8464667, 21.0356087 ], [ 105.8470836, 21.0362915 ] ] ] } },
{ "type": "Feature", "properties": { "threshold_s": 900, "time_label": "15 minutes" }, "geometry": { "type": "Polygon", "coordinates": [ [ [ 105.8467549, 21.0397937 ], [ 105.846963799999983, 21.0403303 ], [ 105.8471661, 21.0403179 ], [ 105.8477713, 21.0400597 ], [ 105.849608599999982, 21.0398489 ], [ 105.8515241, 21.0390352 ], [ 105.853116, 21.0377241 ], [ 105.853239, 21.0375854 ], [ 105.853311099999985, 21.0375042 ], [ 105.853879400000011, 21.0368754 ], [ 105.855188, 21.0355451 ], [ 105.8558002, 21.0336282 ], [ 105.8567121, 21.0331034 ], [ 105.8571705, 21.0329925 ], [ 105.8577709, 21.0326888 ], [ 105.857898, 21.0326248 ], [ 105.8583561, 21.0320441 ], [ 105.8586543, 21.0316621 ], [ 105.8582668, 21.0304305 ], [ 105.8580547, 21.0292226 ], [ 105.857796199999981, 21.028661 ], [ 105.8561178, 21.0269885 ], [ 105.855723199999986, 21.026956 ], [ 105.8544234, 21.0251993 ], [ 105.8544024, 21.0251211 ], [ 105.8530691, 21.0243599 ], [ 105.852806199999989, 21.024288 ], [ 105.851334, 21.0245245 ], [ 105.849336899999983, 21.0243294 ], [ 105.8474334, 21.0246707 ], [ 105.84514919999998, 21.0250008 ], [ 105.843657599999986, 21.0268018 ], [ 105.8426329, 21.0278385 ], [ 105.8417223, 21.0288202 ], [ 105.8421234, 21.0297682 ], [ 105.8428456, 21.0304544 ], [ 105.844212099999979, 21.0314374 ], [ 105.8442351, 21.0334338 ], [ 105.8447958, 21.0341848 ], [ 105.8445168, 21.0360386 ], [ 105.8451591, 21.0373498 ], [ 105.8456003, 21.0380648 ], [ 105.8467549, 21.0397937 ] ] ] } },
{ "type": "Feature", "properties": { "threshold_s": 300, "time_label": "5 minutes" }, "geometry": { "type": "Polygon", "coordinates": [ [ [ 105.951158599999985, 21.017557 ], [ 105.9510829, 21.0176127 ], [ 105.952059199999979, 21.0184916 ], [ 105.952730299999985, 21.0180032 ], [ 105.953092399999989, 21.0182468 ], [ 105.95293909999998, 21.0188408 ], [ 105.9532192, 21.0185453 ], [ 105.953356499999984, 21.0184619 ], [ 105.9537068, 21.0183132 ], [ 105.9543323, 21.018507 ], [ 105.953752499999979, 21.0177873 ], [ 105.9543155, 21.0173689 ], [ 105.9546162, 21.0165104 ], [ 105.954540399999985, 21.0163075 ], [ 105.954431799999981, 21.015148 ], [ 105.9542602, 21.016366 ], [ 105.9537878, 21.0167325 ], [ 105.953285699999981, 21.0167132 ], [ 105.9532163, 21.0160425 ], [ 105.95277249999998, 21.0163691 ], [ 105.952477400000021, 21.0151505 ], [ 105.95233349999998, 21.0149767 ], [ 105.9521711, 21.0147806 ], [ 105.951995399999987, 21.0145684 ], [ 105.951225099999988, 21.0160478 ], [ 105.9513432, 21.0161899 ], [ 105.951978299999979, 21.016954 ], [ 105.952649199999982, 21.017198 ], [ 105.952681500000011, 21.0178785 ], [ 105.951158599999985, 21.017557 ] ] ] } },
{ "type": "Feature", "properties": { "threshold_s": 600, "time_label": "10 minutes" }, "geometry": { "type": "Polygon", "coordinates": [ [ [ 105.94927629999998, 21.0195358 ], [ 105.94972, 21.020465 ], [ 105.9500671, 21.0205028 ], [ 105.951128, 21.020549 ], [ 105.9523493, 21.0205927 ], [ 105.9532494, 21.0200275 ], [ 105.95429, 21.019374 ], [ 105.954781899999986, 21.0190652 ], [ 105.9543323, 21.018507 ], [ 105.9543155, 21.0173689 ], [ 105.9549235, 21.016917 ], [ 105.9566654, 21.0178825 ], [ 105.9555167, 21.0164762 ], [ 105.954950699999983, 21.0157833 ], [ 105.954431799999981, 21.015148 ], [ 105.953589799999989, 21.0141172 ], [ 105.953236, 21.0136841 ], [ 105.95250919999998, 21.0127942 ], [ 105.9519047, 21.013239 ], [ 105.9508677, 21.0132069 ], [ 105.950391599999989, 21.0143523 ], [ 105.9492311, 21.0152062 ], [ 105.948818, 21.0147231 ], [ 105.9486786, 21.0148262 ], [ 105.949093499999989, 21.0153074 ], [ 105.9483022, 21.0163205 ], [ 105.94853089999998, 21.0166077 ], [ 105.949135199999986, 21.0175209 ], [ 105.9484925, 21.0185885 ], [ 105.9486062, 21.0187259 ], [ 105.9489711, 21.0191669 ], [ 105.94927629999998, 21.0195358 ] ] ] } },
{ "type": "Feature", "properties": { "threshold_s": 900, "time_label": "15 minutes" }, "geometry": { "type": "Polygon", "coordinates": [ [ [ 105.949519099999989, 21.0214281 ], [ 105.9497326, 21.0216808 ], [ 105.9515658, 21.0210846 ], [ 105.9523493, 21.0205927 ], [ 105.953088, 21.0201288 ], [ 105.955984, 21.0222627 ], [ 105.955988, 21.0228937 ], [ 105.9579815, 21.0227784 ], [ 105.9568497, 21.0217861 ], [ 105.9559884, 21.0210311 ], [ 105.954781899999986, 21.0190652 ], [ 105.956758, 21.0179284 ], [ 105.9570656, 21.0177675 ], [ 105.9570216, 21.0176962 ], [ 105.956975899999989, 21.0176222 ], [ 105.9555167, 21.0164762 ], [ 105.954950699999983, 21.0157833 ], [ 105.956773899999988, 21.0137963 ], [ 105.9579295, 21.0138611 ], [ 105.9580432, 21.0137275 ], [ 105.957276599999986, 21.0120364 ], [ 105.957051099999987, 21.0108955 ], [ 105.9564909, 21.0109153 ], [ 105.9538633, 21.0099781 ], [ 105.9532971, 21.010384 ], [ 105.95250919999998, 21.0127942 ], [ 105.9508677, 21.0132069 ], [ 105.9481913, 21.0139906 ], [ 105.948048, 21.014095 ], [ 105.9466102, 21.0163562 ], [ 105.9462729, 21.0166057 ], [ 105.9457635, 21.0169825 ], [ 105.9466238, 21.0183895 ], [ 105.948436700000016, 21.0201468 ], [ 105.9486269, 21.020372 ], [ 105.94909939999998, 21.0209314 ], [ 105.9492008, 21.0210514 ], [ 105.949519099999989, 21.0214281 ] ] ] } },
{ "type": "Feature", "properties": { "threshold_s": 300, "time_label": "5 minutes" }, "geometry": { "type": "Polygon", "coordinates": [ [ [ 105.840042, 21.0459447 ], [ 105.840109, 21.0467445 ], [ 105.8407961, 21.0470259 ], [ 105.841069, 21.0472764 ], [ 105.8411766, 21.0471234 ], [ 105.842786799999985, 21.04652 ], [ 105.842097, 21.0463187 ], [ 105.841754499999979, 21.0455754 ], [ 105.8418049, 21.0450949 ], [ 105.8423895, 21.0448497 ], [ 105.8431096, 21.0445753 ], [ 105.843057499999986, 21.0443714 ], [ 105.842240499999988, 21.0441734 ], [ 105.84207259999998, 21.0435298 ], [ 105.842816, 21.0433331 ], [ 105.841984299999979, 21.0431515 ], [ 105.841385499999987, 21.0426028 ], [ 105.8411929, 21.0426358 ], [ 105.841496699999979, 21.043283 ], [ 105.8415842, 21.0436763 ], [ 105.84161779999998, 21.0441715 ], [ 105.84105959999998, 21.044674 ], [ 105.841044299999979, 21.0449882 ], [ 105.8401835, 21.0453072 ], [ 105.840042, 21.0459447 ] ] ] } },
{ "type": "Feature", "properties": { "threshold_s": 600, "time_label": "10 minutes" }, "geometry": { "type": "Polygon", "coordinates": [ [ [ 105.8395608, 21.0490805 ], [ 105.839819300000016, 21.0493716 ], [ 105.840626499999985, 21.0496309 ], [ 105.8419086, 21.0490688 ], [ 105.842541299999979, 21.0487832 ], [ 105.8425112, 21.0477258 ], [ 105.843302199999982, 21.0471728 ], [ 105.843735, 21.0469117 ], [ 105.8438635, 21.0467884 ], [ 105.843989099999988, 21.0466708 ], [ 105.844290799999982, 21.0460257 ], [ 105.844786, 21.0444371 ], [ 105.845270299999981, 21.0441631 ], [ 105.8453441, 21.0441201 ], [ 105.8453872, 21.0440965 ], [ 105.845791899999981, 21.0438666 ], [ 105.8457306, 21.0428187 ], [ 105.845368900000011, 21.0418225 ], [ 105.8443146, 21.0416008 ], [ 105.8438918, 21.0415361 ], [ 105.8426454, 21.0405307 ], [ 105.841852, 21.0401853 ], [ 105.8417937, 21.0401948 ], [ 105.8417738, 21.040198 ], [ 105.8408287, 21.0404169 ], [ 105.839904500000017, 21.0403281 ], [ 105.8399023, 21.0409303 ], [ 105.8399135, 21.0415455 ], [ 105.838481699999988, 21.0421178 ], [ 105.837753599999985, 21.042756 ], [ 105.8373933, 21.0437068 ], [ 105.8373949, 21.0439757 ], [ 105.838151899999986, 21.0445213 ], [ 105.838565299999985, 21.0434189 ], [ 105.8401771, 21.0433484 ], [ 105.84105959999998, 21.044674 ], [ 105.8401835, 21.0453072 ], [ 105.840042, 21.0459447 ], [ 105.840109, 21.0467445 ], [ 105.8407961, 21.0470259 ], [ 105.8407576, 21.0483038 ], [ 105.84054519999998, 21.0485718 ], [ 105.839802299999988, 21.048899 ], [ 105.8395608, 21.0490805 ] ] ] } },
{ "type": "Feature", "properties": { "threshold_s": 900, "time_label": "15 minutes" }, "geometry": { "type": "Polygon", "coordinates": [ [ [ 105.8380388, 21.051296 ], [ 105.8383865, 21.0517294 ], [ 105.838707099999979, 21.0519833 ], [ 105.8407957, 21.0519502 ], [ 105.8427696, 21.0516902 ], [ 105.8435943, 21.0511668 ], [ 105.8447179, 21.0491862 ], [ 105.8447823, 21.0490723 ], [ 105.844930599999984, 21.0484995 ], [ 105.8469719, 21.0467732 ], [ 105.847148, 21.0451384 ], [ 105.847585, 21.0437306 ], [ 105.8485018, 21.0422883 ], [ 105.848783899999987, 21.0417041 ], [ 105.848777699999985, 21.0415823 ], [ 105.8477713, 21.0400597 ], [ 105.8458281, 21.0391621 ], [ 105.8447843, 21.0393359 ], [ 105.8446772, 21.0393561 ], [ 105.843940099999983, 21.0397282 ], [ 105.841783599999985, 21.0383976 ], [ 105.8397649, 21.0383106 ], [ 105.8396207, 21.0383258 ], [ 105.839559, 21.0383344 ], [ 105.8392334, 21.0385243 ], [ 105.839342, 21.0403317 ], [ 105.8380027, 21.0413454 ], [ 105.837123, 21.0415007 ], [ 105.836335, 21.0414943 ], [ 105.8361824, 21.0415247 ], [ 105.8360333, 21.0415545 ], [ 105.835222499999986, 21.0419221 ], [ 105.834472, 21.0429005 ], [ 105.8348538, 21.0433937 ], [ 105.8350991, 21.0435832 ], [ 105.836486599999986, 21.0445293 ], [ 105.838151899999986, 21.0445213 ], [ 105.840042, 21.0459447 ], [ 105.840109, 21.0467445 ], [ 105.8380523, 21.0480667 ], [ 105.8378866, 21.0480738 ], [ 105.837015599999987, 21.048108 ], [ 105.838171300000013, 21.0488111 ], [ 105.8380388, 21.051296 ] ] ] } },
{ "type": "Feature", "properties": { "threshold_s": 300, "time_label": "5 minutes" }, "geometry": { "type": "Polygon", "coordinates": [ [ [ 105.8018389, 21.046037 ], [ 105.8018385, 21.0461327 ], [ 105.8022117, 21.0463151 ], [ 105.8024264, 21.046379 ], [ 105.8026163, 21.0463774 ], [ 105.8032661, 21.0461361 ], [ 105.803989500000014, 21.0450964 ], [ 105.8041469, 21.0437013 ], [ 105.8036177, 21.0424554 ], [ 105.803609399999985, 21.0422492 ], [ 105.8036113, 21.0419206 ], [ 105.803061499999984, 21.04122 ], [ 105.802528599999988, 21.0411179 ], [ 105.802520199999989, 21.0414879 ], [ 105.8025161, 21.0416453 ], [ 105.802515199999988, 21.0420257 ], [ 105.802515, 21.0422401 ], [ 105.802512300000018, 21.0427542 ], [ 105.802515199999988, 21.0431396 ], [ 105.8025154, 21.0433555 ], [ 105.802515199999988, 21.0435651 ], [ 105.8025173, 21.0436913 ], [ 105.8025171, 21.0443273 ], [ 105.802517, 21.0446928 ], [ 105.801848, 21.0459531 ], [ 105.8018389, 21.046037 ] ] ] } },
{ "type": "Feature", "properties": { "threshold_s": 600, "time_label": "10 minutes" }, "geometry": { "type": "Polygon", "coordinates": [ [ [ 105.7984236, 21.0460267 ], [ 105.7984798, 21.0461069 ], [ 105.7989418, 21.0465382 ], [ 105.8001611, 21.0475841 ], [ 105.8011534, 21.0487287 ], [ 105.8031125, 21.048461 ], [ 105.804337799999985, 21.0482463 ], [ 105.8053678, 21.0469627 ], [ 105.805762099999981, 21.0466775 ], [ 105.80631, 21.0461517 ], [ 105.806124299999979, 21.0459509 ], [ 105.805322499999988, 21.0441697 ], [ 105.804849, 21.0425898 ], [ 105.804967600000012, 21.0421728 ], [ 105.805202599999987, 21.0417114 ], [ 105.8054294, 21.0409728 ], [ 105.80558929999998, 21.0406052 ], [ 105.805074, 21.0398593 ], [ 105.8039281, 21.0390129 ], [ 105.802406099999985, 21.0386422 ], [ 105.8011517, 21.0388286 ], [ 105.7998691, 21.0395626 ], [ 105.7999965, 21.040343 ], [ 105.8006251, 21.0415975 ], [ 105.802515, 21.0422401 ], [ 105.802485599999983, 21.0426045 ], [ 105.802512300000018, 21.0427542 ], [ 105.8011087, 21.0441523 ], [ 105.7993566, 21.0451056 ], [ 105.798425499999979, 21.0459405 ], [ 105.7984236, 21.0460267 ] ] ] } },
{ "type": "Feature", "properties": { "threshold_s": 900, "time_label": "15 minutes" }, "geometry": { "type": "Polygon", "coordinates": [ [ [ 105.7975653, 21.0483911 ], [ 105.79775189999998, 21.0488792 ], [ 105.7999252, 21.049468 ], [ 105.800092599999985, 21.0494711 ], [ 105.8015813, 21.0492575 ], [ 105.803623699999989, 21.0504458 ], [ 105.803555099999983, 21.0509371 ], [ 105.8042567, 21.051201 ], [ 105.8047431, 21.05063 ], [ 105.805031699999986, 21.0503424 ], [ 105.807192199999989, 21.0500196 ], [ 105.807228199999983, 21.0500002 ], [ 105.808222799999982, 21.0483764 ], [ 105.8087299, 21.0473654 ], [ 105.808674399999987, 21.0471679 ], [ 105.8079931, 21.0469508 ], [ 105.8074975, 21.0449185 ], [ 105.8081085, 21.0443672 ], [ 105.8075684, 21.0441158 ], [ 105.8068355, 21.0433885 ], [ 105.8064882, 21.0417548 ], [ 105.8071851, 21.0408662 ], [ 105.806850700000012, 21.0402626 ], [ 105.806209599999988, 21.0383101 ], [ 105.806591699999984, 21.0378494 ], [ 105.8054369, 21.0371824 ], [ 105.803446799999989, 21.0364476 ], [ 105.8026839, 21.0361821 ], [ 105.801239399999986, 21.0362366 ], [ 105.800602499999982, 21.0375234 ], [ 105.798557099999982, 21.0382537 ], [ 105.7980531, 21.0387817 ], [ 105.7978717, 21.0390871 ], [ 105.797976199999979, 21.0392718 ], [ 105.798026399999983, 21.0393241 ], [ 105.7980722, 21.039372 ], [ 105.7999854, 21.0406317 ], [ 105.7995207, 21.0414923 ], [ 105.7989943, 21.0421669 ], [ 105.7977251, 21.0433587 ], [ 105.7971084, 21.0441969 ], [ 105.796264399999984, 21.0450916 ], [ 105.7955657, 21.0462859 ], [ 105.7955659, 21.0463726 ], [ 105.797139099999981, 21.0473314 ], [ 105.7975653, 21.0483911 ] ] ] } },
{ "type": "Feature", "properties": { "threshold_s": 300, "time_label": "5 minutes" }, "geometry": { "type": "Polygon", "coordinates": [ [ [ 105.7586787, 21.037779 ], [ 105.7589996, 21.0381544 ], [ 105.759182899999985, 21.0381569 ], [ 105.7597283, 21.0379455 ], [ 105.7600751, 21.0378938 ], [ 105.760033599999986, 21.0378071 ], [ 105.7600343, 21.0375181 ], [ 105.7606482, 21.0372232 ], [ 105.7607997, 21.0376507 ], [ 105.7610585, 21.0370689 ], [ 105.7612682, 21.0370021 ], [ 105.761180599999989, 21.0366364 ], [ 105.7611172, 21.0365782 ], [ 105.7609751, 21.036163 ], [ 105.7616808, 21.036012 ], [ 105.761929099999989, 21.0358734 ], [ 105.76213, 21.0358072 ], [ 105.762090599999979, 21.0356956 ], [ 105.7615861, 21.0357487 ], [ 105.7612856, 21.0344894 ], [ 105.761273, 21.0343643 ], [ 105.7611678, 21.0343902 ], [ 105.760554699999986, 21.0347404 ], [ 105.7597641, 21.0344603 ], [ 105.759718099999986, 21.0341851 ], [ 105.7600269, 21.033614 ], [ 105.759644399999985, 21.0336244 ], [ 105.759498399999984, 21.0336344 ], [ 105.7595125, 21.0337111 ], [ 105.7596387, 21.0344939 ], [ 105.759589, 21.0350545 ], [ 105.760491699999989, 21.0360945 ], [ 105.7601082, 21.0362155 ], [ 105.759496500000012, 21.035931 ], [ 105.7588931, 21.0358586 ], [ 105.758868400000011, 21.0363764 ], [ 105.7588313, 21.0367007 ], [ 105.7589532, 21.0372153 ], [ 105.7586787, 21.037779 ] ] ] } },
{ "type": "Feature", "properties": { "threshold_s": 600, "time_label": "10 minutes" }, "geometry": { "type": "Polygon", "coordinates": [ [ [ 105.7586787, 21.037779 ], [ 105.759069, 21.038613 ], [ 105.760966, 21.0396098 ], [ 105.7613178, 21.0402873 ], [ 105.761988499999987, 21.0413719 ], [ 105.762293299999982, 21.0411724 ], [ 105.762253299999983, 21.0398702 ], [ 105.762244699999982, 21.0393086 ], [ 105.762639400000012, 21.0378754 ], [ 105.764018199999981, 21.037263 ], [ 105.7646789, 21.0361704 ], [ 105.7651627, 21.0348982 ], [ 105.7651746, 21.0348269 ], [ 105.764293099999989, 21.0335159 ], [ 105.7631369, 21.0324618 ], [ 105.7615591, 21.0315777 ], [ 105.7611174, 21.0313335 ], [ 105.7595253, 21.0303348 ], [ 105.759241300000014, 21.0304396 ], [ 105.758188, 21.0309939 ], [ 105.7582184, 21.0311517 ], [ 105.759379199999984, 21.0320558 ], [ 105.759498399999984, 21.0336344 ], [ 105.7595125, 21.0337111 ], [ 105.7596387, 21.0344939 ], [ 105.7588931, 21.0358586 ], [ 105.7588313, 21.0367007 ], [ 105.7586787, 21.037779 ] ] ] } },
{ "type": "Feature", "properties": { "threshold_s": 900, "time_label": "15 minutes" }, "geometry": { "type": "Polygon", "coordinates": [ [ [ 105.759272, 21.0415963 ], [ 105.759545799999984, 21.0422252 ], [ 105.762919299999979, 21.0417411 ], [ 105.7642299, 21.0419507 ], [ 105.764627899999979, 21.0415092 ], [ 105.7657369, 21.0391144 ], [ 105.767435399999982, 21.0363691 ], [ 105.768528, 21.0338928 ], [ 105.768489299999985, 21.0337761 ], [ 105.7662764, 21.0314149 ], [ 105.7644431, 21.0305957 ], [ 105.76300590000001, 21.0291846 ], [ 105.7597709, 21.027958 ], [ 105.757705800000011, 21.028486 ], [ 105.756578299999987, 21.0288773 ], [ 105.75624830000001, 21.0291519 ], [ 105.75516469999998, 21.032188 ], [ 105.7553919, 21.0322715 ], [ 105.7564009, 21.0315821 ], [ 105.758052, 21.0312004 ], [ 105.759498399999984, 21.0336344 ], [ 105.7595125, 21.0337111 ], [ 105.7588931, 21.0358586 ], [ 105.758868400000011, 21.0363764 ], [ 105.7588313, 21.0367007 ], [ 105.7586787, 21.037779 ], [ 105.759069, 21.038613 ], [ 105.759272, 21.0415963 ] ] ] } },
{ "type": "Feature", "properties": { "threshold_s": 300, "time_label": "5 minutes" }, "geometry": { "type": "Polygon", "coordinates": [ [ [ 105.783459599999986, 21.0280473 ], [ 105.783394, 21.0282648 ], [ 105.783507199999988, 21.0283199 ], [ 105.7836982, 21.0282928 ], [ 105.784122600000018, 21.0283078 ], [ 105.784976, 21.0287911 ], [ 105.7854784, 21.0290883 ], [ 105.785992599999986, 21.0294455 ], [ 105.786061, 21.0292664 ], [ 105.7858969, 21.0286486 ], [ 105.7858483, 21.0280056 ], [ 105.786382299999985, 21.0276885 ], [ 105.7868473, 21.0278293 ], [ 105.787405799999988, 21.0281473 ], [ 105.787467699999979, 21.0281429 ], [ 105.787616700000015, 21.0281341 ], [ 105.787712, 21.0281282 ], [ 105.7878679, 21.027539 ], [ 105.787831700000012, 21.0270764 ], [ 105.787690899999987, 21.0270002 ], [ 105.787266700000018, 21.0269062 ], [ 105.786803, 21.0275282 ], [ 105.786379899999986, 21.0276309 ], [ 105.7856885, 21.0270417 ], [ 105.785651099999981, 21.0267013 ], [ 105.7856109, 21.0259907 ], [ 105.7862351, 21.025193 ], [ 105.786735299999989, 21.0248191 ], [ 105.7868151, 21.0247189 ], [ 105.7866964, 21.0246369 ], [ 105.7865262, 21.0245995 ], [ 105.786199499999981, 21.0249282 ], [ 105.7858888, 21.0253201 ], [ 105.7858862, 21.0253765 ], [ 105.7849716, 21.0258952 ], [ 105.7847675, 21.0257237 ], [ 105.7846785, 21.0256174 ], [ 105.7844993, 21.0253938 ], [ 105.784419299999982, 21.0251368 ], [ 105.784334099999981, 21.0250802 ], [ 105.784252199999983, 21.0260212 ], [ 105.784305099999983, 21.0264381 ], [ 105.7842785, 21.0267897 ], [ 105.7841062, 21.0277236 ], [ 105.783674299999987, 21.0279759 ], [ 105.783459599999986, 21.0280473 ] ] ] } },
{ "type": "Feature", "properties": { "threshold_s": 600, "time_label": "10 minutes" }, "geometry": { "type": "Polygon", "coordinates": [ [ [ 105.7807861, 21.028716 ], [ 105.7816375, 21.0301082 ], [ 105.7827844, 21.0301316 ], [ 105.783287699999988, 21.0309224 ], [ 105.7833147, 21.0311157 ], [ 105.783872499999987, 21.0317404 ], [ 105.7853057, 21.0318912 ], [ 105.7857066, 21.0316008 ], [ 105.786979499999987, 21.0310804 ], [ 105.7883206, 21.0316776 ], [ 105.788346500000017, 21.0304407 ], [ 105.789572, 21.0302143 ], [ 105.789599199999984, 21.0298371 ], [ 105.790103, 21.0284206 ], [ 105.7905841, 21.0274007 ], [ 105.7904425, 21.0271575 ], [ 105.7902481, 21.0269146 ], [ 105.790169700000021, 21.0268402 ], [ 105.788550499999985, 21.0263123 ], [ 105.789441599999989, 21.0248593 ], [ 105.7895039, 21.0247813 ], [ 105.789534499999988, 21.0245528 ], [ 105.789457499999983, 21.0241001 ], [ 105.78894240000001, 21.0234474 ], [ 105.788394399999987, 21.0221229 ], [ 105.7870951, 21.022477 ], [ 105.7865086, 21.0222182 ], [ 105.786434699999987, 21.0221826 ], [ 105.7863866, 21.0221638 ], [ 105.785075599999985, 21.0229999 ], [ 105.7850485, 21.0230324 ], [ 105.78469819999998, 21.0234755 ], [ 105.7841254, 21.0241951 ], [ 105.7838431, 21.0245505 ], [ 105.7837461, 21.0246745 ], [ 105.782837099999981, 21.0257524 ], [ 105.7816537, 21.0258998 ], [ 105.780754, 21.0262727 ], [ 105.780375699999979, 21.026466 ], [ 105.780673299999989, 21.0280958 ], [ 105.7802105, 21.0285159 ], [ 105.780226, 21.0286039 ], [ 105.7807861, 21.028716 ] ] ] } },
{ "type": "Feature", "properties": { "threshold_s": 900, "time_label": "15 minutes" }, "geometry": { "type": "Polygon", "coordinates": [ [ [ 105.7766424, 21.029002 ], [ 105.7766529, 21.0291108 ], [ 105.77686, 21.029294899999989 ], [ 105.7776507, 21.0297248 ], [ 105.780110599999986, 21.0316098 ], [ 105.7822279, 21.0335996 ], [ 105.783513899999988, 21.0349453 ], [ 105.7865017, 21.0343363 ], [ 105.7874843, 21.0345616 ], [ 105.7878846, 21.0346917 ], [ 105.789302399999983, 21.0344323 ], [ 105.7909977, 21.0323135 ], [ 105.7922409, 21.0306098 ], [ 105.79259829999998, 21.029905 ], [ 105.7928559, 21.0293875 ], [ 105.792813699999982, 21.0292736 ], [ 105.7927773, 21.0291745 ], [ 105.7923499, 21.0277194 ], [ 105.7919473, 21.0257926 ], [ 105.7922156, 21.0246877 ], [ 105.7918334, 21.0242913 ], [ 105.791324, 21.0217105 ], [ 105.7913098, 21.0214613 ], [ 105.791192, 21.0212449 ], [ 105.788343499999982, 21.0199531 ], [ 105.788102599999988, 21.0196608 ], [ 105.7880765, 21.0196408 ], [ 105.7880511, 21.0196215 ], [ 105.7873842, 21.0196049 ], [ 105.7854695, 21.0198473 ], [ 105.783139, 21.0202381 ], [ 105.7825285, 21.0206807 ], [ 105.7831617, 21.0210258 ], [ 105.783685399999982, 21.0213898 ], [ 105.7841254, 21.0241951 ], [ 105.7838431, 21.0245505 ], [ 105.7837461, 21.0246745 ], [ 105.7816537, 21.0258998 ], [ 105.779707599999981, 21.0248041 ], [ 105.779626099999987, 21.0250333 ], [ 105.777924199999987, 21.027511 ], [ 105.7778547, 21.0275936 ], [ 105.7766424, 21.029002 ] ] ] } },
{ "type": "Feature", "properties": { "threshold_s": 300, "time_label": "5 minutes" }, "geometry": { "type": "Polygon", "coordinates": [ [ [ 105.5332383, 20.987331 ], [ 105.533796199999983, 20.9888861 ], [ 105.5355281, 20.9898096 ], [ 105.536269899999979, 20.9884453 ], [ 105.536217, 20.9871535 ], [ 105.536912, 20.9864786 ], [ 105.537992799999984, 20.9864929 ], [ 105.5380328, 20.9864007 ], [ 105.5373538, 20.9854102 ], [ 105.5361633, 20.9855893 ], [ 105.53628, 20.9865083 ], [ 105.536210199999985, 20.9867262 ], [ 105.535713699999988, 20.9873223 ], [ 105.5357288, 20.9876051 ], [ 105.5340364, 20.9873215 ], [ 105.5340577, 20.98675 ], [ 105.5332546, 20.9867246 ], [ 105.5332424, 20.9868815 ], [ 105.5332383, 20.987331 ] ] ] } },
{ "type": "Feature", "properties": { "threshold_s": 600, "time_label": "10 minutes" }, "geometry": { "type": "Polygon", "coordinates": [ [ [ 105.530182199999985, 20.9875263 ], [ 105.530998699999984, 20.9886182 ], [ 105.532372, 20.9873586 ], [ 105.5332383, 20.987331 ], [ 105.533796199999983, 20.9888861 ], [ 105.5348349, 20.9897942 ], [ 105.535595, 20.9930873 ], [ 105.5355281, 20.9898096 ], [ 105.5373949, 20.9898474 ], [ 105.5394856, 20.9892268 ], [ 105.5374282, 20.9893838 ], [ 105.536269899999979, 20.9884453 ], [ 105.536217, 20.9871535 ], [ 105.537992799999984, 20.9864929 ], [ 105.5390131, 20.9854227 ], [ 105.539201, 20.9849031 ], [ 105.539209699999986, 20.9835607 ], [ 105.538305, 20.983125 ], [ 105.5373294, 20.9822422 ], [ 105.536862, 20.9834255 ], [ 105.5368593, 20.9845035 ], [ 105.5361633, 20.9855893 ], [ 105.534154299999983, 20.9857577 ], [ 105.532902099999987, 20.9842655 ], [ 105.531754, 20.984865 ], [ 105.5312717, 20.9852291 ], [ 105.530324199999981, 20.9861941 ], [ 105.5302538, 20.9867043 ], [ 105.530182199999985, 20.9875263 ] ] ] } },
{ "type": "Feature", "properties": { "threshold_s": 900, "time_label": "15 minutes" }, "geometry": { "type": "Polygon", "coordinates": [ [ [ 105.5350039, 20.9951011 ], [ 105.5349457, 20.9953781 ], [ 105.535073299999979, 20.995394 ], [ 105.5351341, 20.995102 ], [ 105.535197499999981, 20.9947848 ], [ 105.535736799999981, 20.9931845 ], [ 105.536705399999988, 20.9913543 ], [ 105.5371374, 20.9908324 ], [ 105.5394856, 20.9892268 ], [ 105.540118399999983, 20.9893259 ], [ 105.540560299999981, 20.9893907 ], [ 105.542119099999979, 20.98991 ], [ 105.5428237, 20.9899182 ], [ 105.541275699999986, 20.9895296 ], [ 105.5408558, 20.9870505 ], [ 105.539201, 20.9849031 ], [ 105.539209699999986, 20.9835607 ], [ 105.5421015, 20.9833496 ], [ 105.539858, 20.9812606 ], [ 105.539205, 20.9801668 ], [ 105.5372604, 20.9807087 ], [ 105.537326, 20.981248 ], [ 105.537327499999989, 20.9817489 ], [ 105.5343167, 20.9825845 ], [ 105.5332202, 20.982076 ], [ 105.5329414, 20.9818402 ], [ 105.530593199999984, 20.9831025 ], [ 105.528267, 20.9842586 ], [ 105.528016, 20.9854965 ], [ 105.5280773, 20.987981 ], [ 105.5304254, 20.9884057 ], [ 105.5310041, 20.9897489 ], [ 105.533796199999983, 20.9888861 ], [ 105.5348349, 20.9897942 ], [ 105.5362005, 20.9919867 ], [ 105.535595, 20.9930873 ], [ 105.5353191, 20.9938289 ], [ 105.5350805, 20.99478 ], [ 105.5350039, 20.9951011 ] ] ] } },
{ "type": "Feature", "properties": { "threshold_s": 300, "time_label": "5 minutes" }, "geometry": { "type": "Polygon", "coordinates": [ [ [ 105.8018982, 21.003165 ], [ 105.801894, 21.0032603 ], [ 105.8024443, 21.0031606 ], [ 105.8034538, 21.0028611 ], [ 105.8040568, 21.0029176 ], [ 105.8050318, 21.0027652 ], [ 105.8060017, 21.0027345 ], [ 105.80601320000001, 21.0025507 ], [ 105.805969, 21.0025207 ], [ 105.8058924, 21.0024687 ], [ 105.8058363, 21.0024306 ], [ 105.805956099999989, 21.0012695 ], [ 105.805732, 21.0001448 ], [ 105.805742699999982, 20.9997742 ], [ 105.8055659, 20.9986219 ], [ 105.805649699999989, 20.9984274 ], [ 105.8055278, 20.9985956 ], [ 105.8053241, 20.9988768 ], [ 105.805001799999985, 20.9993215 ], [ 105.803984799999981, 20.9989179 ], [ 105.80284469999998, 20.9989364 ], [ 105.8026747, 20.9990142 ], [ 105.802459899999988, 20.9992828 ], [ 105.8013116, 20.9994375 ], [ 105.8011622, 20.9992585 ], [ 105.801127899999983, 20.9993054 ], [ 105.8012738, 20.9994851 ], [ 105.801568599999982, 21.0004232 ], [ 105.8013585, 21.0007142 ], [ 105.8013862, 21.0008465 ], [ 105.8014462, 21.0008834 ], [ 105.802236799999989, 21.0013093 ], [ 105.8022049, 21.0018526 ], [ 105.8021117, 21.0028975 ], [ 105.8018982, 21.003165 ] ] ] } },
{ "type": "Feature", "properties": { "threshold_s": 600, "time_label": "10 minutes" }, "geometry": { "type": "Polygon", "coordinates": [ [ [ 105.7997997, 21.0028296 ], [ 105.799217, 21.0035337 ], [ 105.7993701, 21.0035862 ], [ 105.800233899999981, 21.0035845 ], [ 105.8003679, 21.00355 ], [ 105.801363499999979, 21.0032145 ], [ 105.8027486, 21.0038673 ], [ 105.8034135, 21.0043275 ], [ 105.8039149, 21.0046698 ], [ 105.8045862, 21.005141 ], [ 105.804718899999983, 21.0050632 ], [ 105.8062589, 21.0048281 ], [ 105.806767799999989, 21.0049723 ], [ 105.807583199999982, 21.0049666 ], [ 105.807722799999979, 21.0038085 ], [ 105.8082841, 21.002828 ], [ 105.808813599999979, 21.0021106 ], [ 105.8086329, 21.0017541 ], [ 105.8083765, 21.0002596 ], [ 105.8082624, 20.9995185 ], [ 105.807191900000021, 20.99836 ], [ 105.8060136, 20.9972952 ], [ 105.804978599999984, 20.996308 ], [ 105.8047837, 20.9965455 ], [ 105.8032235, 20.9968152 ], [ 105.8031646, 20.996888 ], [ 105.801930199999987, 20.9976275 ], [ 105.800981799999988, 20.9969847 ], [ 105.799575799999985, 20.9971378 ], [ 105.79862559999998, 20.9976062 ], [ 105.7987817, 20.9982415 ], [ 105.7988488, 20.9997776 ], [ 105.7988986, 21.0008682 ], [ 105.8002159, 21.0007277 ], [ 105.8002683, 21.0019916 ], [ 105.800218199999989, 21.0020497 ], [ 105.800072499999985, 21.0022187 ], [ 105.8000237, 21.0022752 ], [ 105.7999173, 21.0026244 ], [ 105.7997997, 21.0028296 ] ] ] } },
{ "type": "Feature", "properties": { "threshold_s": 900, "time_label": "15 minutes" }, "geometry": { "type": "Polygon", "coordinates": [ [ [ 105.797449899999989, 21.0053874 ], [ 105.797352499999988, 21.0059344 ], [ 105.7975205, 21.0060453 ], [ 105.7998283, 21.0059228 ], [ 105.8010523, 21.005829 ], [ 105.8026646, 21.007101 ], [ 105.802727299999987, 21.0071493 ], [ 105.8028365, 21.0072333 ], [ 105.802885499999988, 21.0072711 ], [ 105.8034099, 21.0074466 ], [ 105.805549, 21.0072596 ], [ 105.8064267, 21.0074189 ], [ 105.8084, 21.0073847 ], [ 105.8099509, 21.0066276 ], [ 105.8103848, 21.0044438 ], [ 105.8111488, 21.003833 ], [ 105.8113707, 21.0035878 ], [ 105.811747899999986, 21.0025445 ], [ 105.8113907, 21.0017108 ], [ 105.810891799999979, 21.0009864 ], [ 105.810227, 20.9993569 ], [ 105.8102518, 20.9974619 ], [ 105.810297599999984, 20.9968423 ], [ 105.810233299999979, 20.996799 ], [ 105.8101648, 20.9967529 ], [ 105.8085152, 20.9973205 ], [ 105.807257399999983, 20.996457 ], [ 105.8070072, 20.994364 ], [ 105.806733599999987, 20.9941675 ], [ 105.806093, 20.9942006 ], [ 105.8047468, 20.9946324 ], [ 105.8032014, 20.9947636 ], [ 105.8027614, 20.9949926 ], [ 105.8004539, 20.9946717 ], [ 105.7989812, 20.9949671 ], [ 105.7987396, 20.995262 ], [ 105.7979121, 20.9963646 ], [ 105.7967813, 20.9973784 ], [ 105.7958848, 20.9985826 ], [ 105.7961199, 20.999759 ], [ 105.7961776, 20.9999413 ], [ 105.7964941, 21.0004302 ], [ 105.7984345, 21.0017122 ], [ 105.798369699999981, 21.0038559 ], [ 105.798052199999987, 21.0041783 ], [ 105.7978536, 21.0043692 ], [ 105.797449899999989, 21.0053874 ] ] ] } },
{ "type": "Feature", "properties": { "threshold_s": 300, "time_label": "5 minutes" }, "geometry": { "type": "Polygon", "coordinates": [ [ [ 105.84829689999998, 21.0169731 ], [ 105.84831290000001, 21.0171124 ], [ 105.848414399999982, 21.0171495 ], [ 105.849260499999986, 21.0174756 ], [ 105.8493183, 21.0174741 ], [ 105.8497049, 21.0175277 ], [ 105.850435799999985, 21.0179901 ], [ 105.8499668, 21.0185324 ], [ 105.8499315, 21.0185369 ], [ 105.849888399999983, 21.018586 ], [ 105.8499019, 21.018639 ], [ 105.8500613, 21.0186604 ], [ 105.850272, 21.0186894 ], [ 105.850657499999983, 21.0186116 ], [ 105.851557299999982, 21.0184377 ], [ 105.8516323, 21.0189267 ], [ 105.8516455, 21.0189714 ], [ 105.8516641, 21.0190343 ], [ 105.851840800000019, 21.0196583 ], [ 105.8519112, 21.0196391 ], [ 105.851982799999988, 21.019617 ], [ 105.8518516, 21.0190337 ], [ 105.852413199999987, 21.0185252 ], [ 105.852964, 21.018202 ], [ 105.853029, 21.0181142 ], [ 105.8532056, 21.0177231 ], [ 105.8540133, 21.0174776 ], [ 105.854055299999985, 21.0174762 ], [ 105.8541964, 21.0170788 ], [ 105.854207099999982, 21.0169741 ], [ 105.854154399999985, 21.0165724 ], [ 105.853880299999986, 21.0162726 ], [ 105.853670899999983, 21.0160071 ], [ 105.8532783, 21.0152454 ], [ 105.8531603, 21.0151517 ], [ 105.8523933, 21.0147352 ], [ 105.8521257, 21.0141721 ], [ 105.851772100000019, 21.0137192 ], [ 105.8516281, 21.0135972 ], [ 105.8516223, 21.0136516 ], [ 105.8516447, 21.013707 ], [ 105.8516544, 21.014166 ], [ 105.850935800000016, 21.0147126 ], [ 105.850386900000018, 21.0150282 ], [ 105.8499242, 21.0150701 ], [ 105.849893899999984, 21.0150698 ], [ 105.8498578, 21.0150691 ], [ 105.849808899999985, 21.0151401 ], [ 105.849809, 21.015202 ], [ 105.8498098, 21.0152557 ], [ 105.8498541, 21.0153049 ], [ 105.8498823, 21.0153056 ], [ 105.8499089, 21.0153064 ], [ 105.8503695, 21.0153007 ], [ 105.8504132, 21.0153003 ], [ 105.8504439, 21.0153001 ], [ 105.8509049, 21.0152738 ], [ 105.8509323, 21.0152742 ], [ 105.850962, 21.015275 ], [ 105.8514753, 21.0152465 ], [ 105.8515527, 21.0152518 ], [ 105.8516268, 21.0152569 ], [ 105.85226179999998, 21.0156236 ], [ 105.853061699999984, 21.0153837 ], [ 105.8529239, 21.016623 ], [ 105.8522666, 21.0167591 ], [ 105.852072299999989, 21.0168103 ], [ 105.8515, 21.0166886 ], [ 105.8514189, 21.0166829 ], [ 105.8513553, 21.016678 ], [ 105.8508672, 21.0167079 ], [ 105.8508473, 21.0167075 ], [ 105.8508245, 21.016707 ], [ 105.850387699999985, 21.0167757 ], [ 105.850355199999981, 21.0167754 ], [ 105.8503184, 21.0167752 ], [ 105.8498548, 21.0168885 ], [ 105.849822299999985, 21.0168885 ], [ 105.8497729, 21.0168889 ], [ 105.849306, 21.0168455 ], [ 105.8492508, 21.0168469 ], [ 105.8491997, 21.0168484 ], [ 105.848475399999984, 21.0168896 ], [ 105.8484411, 21.0168884 ], [ 105.848409499999988, 21.0168874 ], [ 105.84829689999998, 21.0169731 ] ] ] } },
{ "type": "Feature", "properties": { "threshold_s": 600, "time_label": "10 minutes" }, "geometry": { "type": "Polygon", "coordinates": [ [ [ 105.845491699999982, 21.0167943 ], [ 105.844809699999985, 21.0172681 ], [ 105.845683, 21.01704 ], [ 105.8461965, 21.0170919 ], [ 105.8466918, 21.01722 ], [ 105.8473556, 21.0182764 ], [ 105.8473042, 21.019172 ], [ 105.8479119, 21.0201677 ], [ 105.847935699999979, 21.020184 ], [ 105.8491569, 21.0206394 ], [ 105.8491719, 21.0206684 ], [ 105.8501264, 21.0215069 ], [ 105.8501597, 21.0216019 ], [ 105.850314699999984, 21.0216632 ], [ 105.8516058, 21.0217382 ], [ 105.852433, 21.0226972 ], [ 105.852593, 21.0227149 ], [ 105.852745, 21.022583 ], [ 105.8529818, 21.0220792 ], [ 105.8533331, 21.0213318 ], [ 105.8537981, 21.0206519 ], [ 105.8538666, 21.0205523 ], [ 105.853853499999985, 21.0205139 ], [ 105.8538302, 21.0204445 ], [ 105.8542577, 21.0193954 ], [ 105.8554092, 21.0194893 ], [ 105.855451599999981, 21.0199518 ], [ 105.8555751, 21.0199953 ], [ 105.85564119999998, 21.0198984 ], [ 105.855472, 21.0194678 ], [ 105.8565583, 21.0186744 ], [ 105.856622, 21.0187442 ], [ 105.8566866, 21.0187481 ], [ 105.8567463, 21.0187517 ], [ 105.8567739, 21.01871 ], [ 105.856782199999984, 21.0186705 ], [ 105.8567895, 21.0186354 ], [ 105.8567052, 21.0185687 ], [ 105.856673699999988, 21.0185655 ], [ 105.85664079999998, 21.0185621 ], [ 105.8565702, 21.0186307 ], [ 105.8552859, 21.0183662 ], [ 105.8556166, 21.0173947 ], [ 105.855720300000016, 21.017214 ], [ 105.856436499999987, 21.016583 ], [ 105.857047099999988, 21.0164259 ], [ 105.856694899999979, 21.0154639 ], [ 105.856645, 21.0154395 ], [ 105.856602, 21.0154186 ], [ 105.85613069999998, 21.015554 ], [ 105.855307499999981, 21.0154971 ], [ 105.854477599999981, 21.0153488 ], [ 105.8543746, 21.0152632 ], [ 105.85431509999998, 21.0152553 ], [ 105.8542584, 21.0152488 ], [ 105.853255, 21.0147894 ], [ 105.853523, 21.0139793 ], [ 105.854272, 21.0139914 ], [ 105.854349299999981, 21.0140061 ], [ 105.8544227, 21.014019 ], [ 105.8547475, 21.0139277 ], [ 105.855359199999981, 21.0140325 ], [ 105.854700400000013, 21.013452 ], [ 105.8544232, 21.0130747 ], [ 105.853719699999985, 21.0122761 ], [ 105.853049199999987, 21.0121426 ], [ 105.8522802, 21.011966 ], [ 105.851686499999985, 21.0116317 ], [ 105.8516256, 21.0106391 ], [ 105.851554299999989, 21.0105215 ], [ 105.8514572, 21.0105248 ], [ 105.850625799999989, 21.0110963 ], [ 105.8497376, 21.0118452 ], [ 105.849117899999982, 21.0124376 ], [ 105.8486768, 21.0129175 ], [ 105.8481687, 21.0133175 ], [ 105.848165699999981, 21.0133741 ], [ 105.848076299999988, 21.014217 ], [ 105.8469715, 21.0144893 ], [ 105.8469304, 21.0145068 ], [ 105.8463942, 21.0153144 ], [ 105.8456796, 21.0162325 ], [ 105.845491699999982, 21.0167943 ] ] ] } },
{ "type": "Feature", "properties": { "threshold_s": 900, "time_label": "15 minutes" }, "geometry": { "type": "Polygon", "coordinates": [ [ [ 105.8446911, 21.0210855 ], [ 105.844714, 21.0211515 ], [ 105.8460309, 21.0215242 ], [ 105.8470172, 21.0225878 ], [ 105.848024800000019, 21.0233513 ], [ 105.8486797, 21.0238472 ], [ 105.8492953, 21.0239897 ], [ 105.8511632, 21.0246822 ], [ 105.8513711, 21.0248443 ], [ 105.853058, 21.0257058 ], [ 105.8531504, 21.0257089 ], [ 105.8534105, 21.0256484 ], [ 105.8534289, 21.0254568 ], [ 105.8536777, 21.0244849 ], [ 105.8547141, 21.0238841 ], [ 105.854808599999984, 21.0238594 ], [ 105.854895499999984, 21.0238371 ], [ 105.855471199999982, 21.0235746 ], [ 105.8565608, 21.0230063 ], [ 105.857513699999984, 21.0213424 ], [ 105.857557699999987, 21.0213324 ], [ 105.8580052, 21.021295 ], [ 105.858027199999981, 21.0212254 ], [ 105.8580477, 21.0211556 ], [ 105.85808729999998, 21.0210226 ], [ 105.8587239, 21.0193182 ], [ 105.859985699999982, 21.0189885 ], [ 105.860065, 21.0186773 ], [ 105.859406599999986, 21.0184382 ], [ 105.8583891, 21.0169594 ], [ 105.858601299999989, 21.0151958 ], [ 105.859131099999985, 21.0147867 ], [ 105.8591448, 21.0147353 ], [ 105.8591576, 21.0146873 ], [ 105.8591458, 21.0144784 ], [ 105.858414, 21.0127971 ], [ 105.858358599999988, 21.0126649 ], [ 105.858318700000012, 21.0126394 ], [ 105.8574262, 21.0124855 ], [ 105.8564442, 21.01151 ], [ 105.855390499999984, 21.0105528 ], [ 105.8545883, 21.0103945 ], [ 105.8533715, 21.0095131 ], [ 105.8529832, 21.0087722 ], [ 105.852174399999981, 21.0083903 ], [ 105.850554099999982, 21.0077809 ], [ 105.8498076, 21.0087188 ], [ 105.8489642, 21.0095838 ], [ 105.8478673, 21.0107275 ], [ 105.8473172, 21.0115158 ], [ 105.8459209, 21.0113492 ], [ 105.8455437, 21.0125883 ], [ 105.8452984, 21.0134518 ], [ 105.8440204, 21.0145618 ], [ 105.8432579, 21.0144873 ], [ 105.843011, 21.0160321 ], [ 105.841654399999982, 21.0173253 ], [ 105.8416694, 21.0175993 ], [ 105.8416742, 21.0176857 ], [ 105.8422501, 21.0182379 ], [ 105.8440234, 21.0188761 ], [ 105.8440936, 21.0193667 ], [ 105.8441319, 21.0198091 ], [ 105.8441616, 21.0198698 ], [ 105.8441764, 21.019901 ], [ 105.8446684, 21.0210204 ], [ 105.8446911, 21.0210855 ] ] ] } },
{ "type": "Feature", "properties": { "threshold_s": 300, "time_label": "5 minutes" }, "geometry": { "type": "Polygon", "coordinates": [ [ [ 105.698695599999979, 21.0748495 ], [ 105.698279699999986, 21.0750764 ], [ 105.6988111, 21.0750548 ], [ 105.699155, 21.0748591 ], [ 105.6992255, 21.0748249 ], [ 105.6993023, 21.0747876 ], [ 105.699684599999983, 21.0746062 ], [ 105.6997982, 21.0745543 ], [ 105.700233399999988, 21.0742815 ], [ 105.70094109999998, 21.0739191 ], [ 105.7010242, 21.0738766 ], [ 105.701262299999982, 21.0737525 ], [ 105.7015318, 21.0736173 ], [ 105.7022214, 21.0732328 ], [ 105.702822199999986, 21.0742327 ], [ 105.7023051, 21.0744932 ], [ 105.702058799999989, 21.0746173 ], [ 105.7015736, 21.0748543 ], [ 105.701318300000011, 21.0749867 ], [ 105.7008004, 21.0752474 ], [ 105.700564699999987, 21.0760477 ], [ 105.7008088, 21.0762144 ], [ 105.7012501, 21.0759753 ], [ 105.7016102, 21.0754762 ], [ 105.702598099999989, 21.0749674 ], [ 105.70310259999998, 21.0746994 ], [ 105.703026600000015, 21.0736809 ], [ 105.702649300000019, 21.0730276 ], [ 105.7027037, 21.0727383 ], [ 105.7025383, 21.0728267 ], [ 105.7021102, 21.0730554 ], [ 105.7013065, 21.0734354 ], [ 105.701151399999986, 21.0735103 ], [ 105.700815099999986, 21.0736937 ], [ 105.700108199999988, 21.0740792 ], [ 105.6996487, 21.0743298 ], [ 105.6991114, 21.0746228 ], [ 105.698695599999979, 21.0748495 ] ] ] } },
{ "type": "Feature", "properties": { "threshold_s": 600, "time_label": "10 minutes" }, "geometry": { "type": "Polygon", "coordinates": [ [ [ 105.695596199999983, 21.0765439 ], [ 105.6955405, 21.076575 ], [ 105.698640800000021, 21.0774287 ], [ 105.699885, 21.0766967 ], [ 105.70118690000001, 21.077879 ], [ 105.7015795, 21.0776636 ], [ 105.7016465, 21.0776268 ], [ 105.702111799999983, 21.0773929 ], [ 105.7043899, 21.0768593 ], [ 105.705412, 21.0752501 ], [ 105.705510500000017, 21.0748584 ], [ 105.705390599999987, 21.073453 ], [ 105.705266599999987, 21.0725162 ], [ 105.7060914, 21.0707437 ], [ 105.7051365, 21.0712552 ], [ 105.7033333, 21.0697801 ], [ 105.7043077, 21.0717053 ], [ 105.703596599999983, 21.0722244 ], [ 105.7027037, 21.0727383 ], [ 105.7025383, 21.0728267 ], [ 105.7021102, 21.0730554 ], [ 105.7013065, 21.0734354 ], [ 105.699067699999986, 21.0730374 ], [ 105.698907, 21.0728364 ], [ 105.6974906, 21.0729451 ], [ 105.6962979, 21.0732929 ], [ 105.696705599999987, 21.0752576 ], [ 105.695596199999983, 21.0765439 ] ] ] } },
{ "type": "Feature", "properties": { "threshold_s": 900, "time_label": "15 minutes" }, "geometry": { "type": "Polygon", "coordinates": [ [ [ 105.6924409, 21.0775539 ], [ 105.6926327, 21.0779268 ], [ 105.694204700000014, 21.0788688 ], [ 105.695484799999988, 21.0790826 ], [ 105.695896599999983, 21.0790232 ], [ 105.698640800000021, 21.0774287 ], [ 105.70118690000001, 21.077879 ], [ 105.7015795, 21.0776636 ], [ 105.7016465, 21.0776268 ], [ 105.702111799999983, 21.0773929 ], [ 105.702522, 21.0771465 ], [ 105.7043899, 21.0768593 ], [ 105.7061295, 21.0796048 ], [ 105.7064192, 21.0800641 ], [ 105.706510300000019, 21.0792429 ], [ 105.7066807, 21.0756004 ], [ 105.7078717, 21.0751807 ], [ 105.7056655, 21.0741288 ], [ 105.705390599999987, 21.073453 ], [ 105.7052888, 21.0730283 ], [ 105.705266599999987, 21.0725162 ], [ 105.7060914, 21.0707437 ], [ 105.708236, 21.0710968 ], [ 105.7089681, 21.0692856 ], [ 105.708940700000014, 21.0691524 ], [ 105.7087751, 21.0688591 ], [ 105.707483499999981, 21.0684228 ], [ 105.7055537, 21.0674974 ], [ 105.702538799999985, 21.0673102 ], [ 105.7018487, 21.0670131 ], [ 105.7019358, 21.0672363 ], [ 105.702068, 21.0674821 ], [ 105.7022122, 21.0677503 ], [ 105.7022587, 21.067824 ], [ 105.702323599999986, 21.067931 ], [ 105.7013498, 21.0708238 ], [ 105.6994012, 21.0720064 ], [ 105.69703819999998, 21.0705472 ], [ 105.6960994, 21.0704283 ], [ 105.695139199999986, 21.0707274 ], [ 105.6945127, 21.0709113 ], [ 105.6925357, 21.0732882 ], [ 105.692838499999979, 21.0736676 ], [ 105.693309899999988, 21.0761235 ], [ 105.692591099999987, 21.0770671 ], [ 105.6924409, 21.0775539 ] ] ] } },
{ "type": "Feature", "properties": { "threshold_s": 300, "time_label": "5 minutes" }, "geometry": { "type": "Polygon", "coordinates": [ [ [ 105.854313, 21.0058202 ], [ 105.854708099999982, 21.0063099 ], [ 105.8547699, 21.0063115 ], [ 105.8549034, 21.0058078 ], [ 105.855181699999989, 21.0055334 ], [ 105.8558351, 21.0056026 ], [ 105.8558345, 21.0054702 ], [ 105.8558589, 21.0053551 ], [ 105.856286199999985, 21.0049664 ], [ 105.856202599999989, 21.0045881 ], [ 105.8562708, 21.0044108 ], [ 105.8567634, 21.0041997 ], [ 105.856911199999985, 21.0038458 ], [ 105.856045499999979, 21.003955 ], [ 105.856305099999986, 21.0034864 ], [ 105.855916199999982, 21.0035549 ], [ 105.8557126, 21.0031283 ], [ 105.855740299999979, 21.0028438 ], [ 105.8563376, 21.0027509 ], [ 105.8568141, 21.0027438 ], [ 105.856813099999982, 21.0026808 ], [ 105.856679699999987, 21.0023396 ], [ 105.8567263, 21.0019783 ], [ 105.856672499999988, 21.0020171 ], [ 105.8560153, 21.0020145 ], [ 105.8558987, 21.0018777 ], [ 105.8558392, 21.0015667 ], [ 105.8557711, 21.001105 ], [ 105.8557023, 21.0011645 ], [ 105.8553942, 21.0014638 ], [ 105.854990799999982, 21.0013693 ], [ 105.8548795, 21.0017411 ], [ 105.8550215, 21.0021561 ], [ 105.8547203, 21.0024994 ], [ 105.8544623, 21.0027621 ], [ 105.8538048, 21.0028262 ], [ 105.8537558, 21.0022187 ], [ 105.853748400000015, 21.0021275 ], [ 105.853747899999988, 21.0021209 ], [ 105.8536735, 21.0017773 ], [ 105.853645299999982, 21.0016252 ], [ 105.8532339, 21.0022357 ], [ 105.853497, 21.002914 ], [ 105.8530316, 21.0028951 ], [ 105.852657099999988, 21.0029288 ], [ 105.8523758, 21.0030843 ], [ 105.852863, 21.0034313 ], [ 105.8532138, 21.0032561 ], [ 105.85359769999998, 21.0037209 ], [ 105.8530806, 21.0042072 ], [ 105.8537496, 21.003867 ], [ 105.8538036, 21.0044097 ], [ 105.8541316, 21.0048101 ], [ 105.8541588, 21.0052293 ], [ 105.8541624, 21.0055026 ], [ 105.854163799999981, 21.005708 ], [ 105.854313, 21.0058202 ] ] ] } },
{ "type": "Feature", "properties": { "threshold_s": 600, "time_label": "10 minutes" }, "geometry": { "type": "Polygon", "coordinates": [ [ [ 105.851185, 21.0063677 ], [ 105.851200899999981, 21.0065472 ], [ 105.851691599999981, 21.0066964 ], [ 105.853065, 21.0071928 ], [ 105.8529469, 21.0078091 ], [ 105.8530186, 21.0078629 ], [ 105.854014099999986, 21.0089071 ], [ 105.854005699999988, 21.0089697 ], [ 105.854604499999979, 21.0095414 ], [ 105.8555713, 21.0090207 ], [ 105.855332799999985, 21.0082502 ], [ 105.855183899999986, 21.0079216 ], [ 105.856144499999985, 21.006825 ], [ 105.8566462, 21.0065112 ], [ 105.856634199999988, 21.0062524 ], [ 105.85648, 21.0052426 ], [ 105.8573281, 21.0048318 ], [ 105.857814099999985, 21.0049827 ], [ 105.85808609999998, 21.0052583 ], [ 105.8589171, 21.0057513 ], [ 105.859188399999979, 21.005141 ], [ 105.858641299999988, 21.0050089 ], [ 105.8579793, 21.0042532 ], [ 105.8583971, 21.003077 ], [ 105.8592363, 21.0033187 ], [ 105.859660399999981, 21.0033667 ], [ 105.860208299999982, 21.0034007 ], [ 105.860416599999979, 21.0025055 ], [ 105.8597493, 21.0016376 ], [ 105.858854799999989, 21.0009864 ], [ 105.8579849, 21.0002349 ], [ 105.857859399999981, 20.9994513 ], [ 105.8576816, 20.9984903 ], [ 105.8567053, 20.9990222 ], [ 105.856080899999981, 20.9984259 ], [ 105.8557378, 20.9980539 ], [ 105.8544329, 20.9987762 ], [ 105.852967899999982, 20.9990684 ], [ 105.85262729999998, 20.9990058 ], [ 105.851829399999986, 21.0000275 ], [ 105.8514355, 21.0010763 ], [ 105.8506829, 21.0014134 ], [ 105.8506251, 21.0014193 ], [ 105.850263500000011, 21.0019284 ], [ 105.8498954, 21.0032733 ], [ 105.8499195, 21.0035824 ], [ 105.849955300000019, 21.0038768 ], [ 105.8504813, 21.0044425 ], [ 105.851166099999986, 21.0055614 ], [ 105.8511797, 21.0063072 ], [ 105.851185, 21.0063677 ] ] ] } },
{ "type": "Feature", "properties": { "threshold_s": 900, "time_label": "15 minutes" }, "geometry": { "type": "Polygon", "coordinates": [ [ [ 105.8505725, 21.0091717 ], [ 105.8506404, 21.0092677 ], [ 105.8514232, 21.009766 ], [ 105.8527772, 21.0108461 ], [ 105.8544997, 21.0118027 ], [ 105.8552322, 21.0107941 ], [ 105.8573517, 21.0099757 ], [ 105.8581306, 21.0100166 ], [ 105.858337899999981, 21.0099704 ], [ 105.8596067, 21.0088936 ], [ 105.860795, 21.0076553 ], [ 105.8612373, 21.0071328 ], [ 105.861516099999989, 21.0053757 ], [ 105.8611694, 21.0043248 ], [ 105.8634298, 21.0039835 ], [ 105.863776, 21.0034041 ], [ 105.8637513, 21.0029295 ], [ 105.8632426, 21.0020838 ], [ 105.862391, 21.0011589 ], [ 105.8615819, 21.0002487 ], [ 105.8607865, 20.9991342 ], [ 105.8604329, 20.9988025 ], [ 105.859161599999979, 20.9972301 ], [ 105.858763399999987, 20.9961123 ], [ 105.858415399999984, 20.995921 ], [ 105.856981, 20.9963787 ], [ 105.856467599999988, 20.9966314 ], [ 105.855814899999984, 20.998017 ], [ 105.8542381, 20.9973366 ], [ 105.854121599999985, 20.9971247 ], [ 105.85400629999998, 20.9968547 ], [ 105.8520758, 20.9971072 ], [ 105.8501953, 20.9976477 ], [ 105.849443799999989, 20.9995547 ], [ 105.8477137, 21.0008025 ], [ 105.8472641, 21.0008258 ], [ 105.8463278, 21.0019013 ], [ 105.8463206, 21.0019728 ], [ 105.846371399999981, 21.0034751 ], [ 105.8464373, 21.0043427 ], [ 105.846961, 21.0049184 ], [ 105.8484942, 21.0061123 ], [ 105.848958499999981, 21.0071936 ], [ 105.84913229999998, 21.0075212 ], [ 105.8505725, 21.0091717 ] ] ] } },
{ "type": "Feature", "properties": { "threshold_s": 300, "time_label": "5 minutes" }, "geometry": { "type": "Polygon", "coordinates": [ [ [ 105.6694775, 21.0842427 ], [ 105.6691813, 21.0847847 ], [ 105.6692904, 21.0848687 ], [ 105.6696472, 21.0845971 ], [ 105.6703851, 21.0852634 ], [ 105.670595099999986, 21.0852161 ], [ 105.6708363, 21.0845457 ], [ 105.671378, 21.0842665 ], [ 105.6721715, 21.0836174 ], [ 105.673002299999979, 21.0843783 ], [ 105.6738236, 21.0851433 ], [ 105.6738965, 21.0852594 ], [ 105.674281799999989, 21.0850853 ], [ 105.67364929999998, 21.0838119 ], [ 105.6745223, 21.0825749 ], [ 105.6746126, 21.0824184 ], [ 105.6744797, 21.0824809 ], [ 105.6740924, 21.082766 ], [ 105.672664199999986, 21.0832814 ], [ 105.6728794, 21.0823269 ], [ 105.6727692, 21.081967 ], [ 105.6726505, 21.0817235 ], [ 105.671860099999989, 21.0815868 ], [ 105.671643399999979, 21.0811976 ], [ 105.670796699999983, 21.0811723 ], [ 105.67028, 21.0818597 ], [ 105.670482199999981, 21.0822696 ], [ 105.669925800000016, 21.0830632 ], [ 105.6699291, 21.0840759 ], [ 105.6694775, 21.0842427 ] ] ] } },
{ "type": "Feature", "properties": { "threshold_s": 600, "time_label": "10 minutes" }, "geometry": { "type": "Polygon", "coordinates": [ [ [ 105.6668875, 21.0845389 ], [ 105.6661047, 21.0862246 ], [ 105.6681147, 21.0872089 ], [ 105.670220199999989, 21.0880005 ], [ 105.670433499999987, 21.0875654 ], [ 105.6714753, 21.0867907 ], [ 105.6728162, 21.087437 ], [ 105.673016, 21.0878997 ], [ 105.6730996, 21.0880584 ], [ 105.6751649, 21.0888488 ], [ 105.675881, 21.088221 ], [ 105.6754745, 21.0871245 ], [ 105.6750934, 21.0860963 ], [ 105.674281799999989, 21.0850853 ], [ 105.674805299999989, 21.0837493 ], [ 105.675465599999981, 21.0821007 ], [ 105.6777001, 21.0815507 ], [ 105.6781421, 21.0813371 ], [ 105.6777913, 21.0814204 ], [ 105.6750816, 21.0813042 ], [ 105.6734243, 21.0803329 ], [ 105.6732274, 21.0799805 ], [ 105.6732167, 21.0799588 ], [ 105.6712141, 21.0796297 ], [ 105.670658299999985, 21.0795251 ], [ 105.670116799999988, 21.0794232 ], [ 105.6700303, 21.079407 ], [ 105.6697323, 21.0803858 ], [ 105.6692823, 21.0818636 ], [ 105.667593899999986, 21.0826671 ], [ 105.6670746, 21.0834259 ], [ 105.6668875, 21.0845389 ] ] ] } },
{ "type": "Feature", "properties": { "threshold_s": 900, "time_label": "15 minutes" }, "geometry": { "type": "Polygon", "coordinates": [ [ [ 105.66520869999998, 21.0887318 ], [ 105.666013099999986, 21.0896022 ], [ 105.667610599999989, 21.0899656 ], [ 105.6703341, 21.0900508 ], [ 105.671821099999988, 21.0905156 ], [ 105.672280299999983, 21.0904471 ], [ 105.672539199999989, 21.0903214 ], [ 105.6751406, 21.0910724 ], [ 105.6752666, 21.0913109 ], [ 105.6753139, 21.0914005 ], [ 105.6761558, 21.0910355 ], [ 105.6772376, 21.0892422 ], [ 105.678345899999982, 21.0890608 ], [ 105.678944, 21.0891849 ], [ 105.678167299999984, 21.0887849 ], [ 105.675881, 21.088221 ], [ 105.6754745, 21.0871245 ], [ 105.6750934, 21.0860963 ], [ 105.674805299999989, 21.0837493 ], [ 105.675465599999981, 21.0821007 ], [ 105.6777001, 21.0815507 ], [ 105.678198499999979, 21.083017 ], [ 105.679821099999984, 21.0842648 ], [ 105.6795277, 21.0810639 ], [ 105.6808232, 21.08078 ], [ 105.680851, 21.0807711 ], [ 105.681458399999983, 21.0806364 ], [ 105.680721, 21.0802033 ], [ 105.6791949, 21.0806008 ], [ 105.67653, 21.07976 ], [ 105.676235599999984, 21.0793749 ], [ 105.6757292, 21.0787124 ], [ 105.6742137, 21.0794642 ], [ 105.671826, 21.0797449 ], [ 105.6704628, 21.0780682 ], [ 105.6702567, 21.0779961 ], [ 105.6689018, 21.0775301 ], [ 105.6698245, 21.0793621 ], [ 105.668512899999982, 21.0810114 ], [ 105.666874399999983, 21.080697 ], [ 105.665050100000016, 21.0807686 ], [ 105.6638727, 21.0829685 ], [ 105.663789799999989, 21.0850329 ], [ 105.6632615, 21.0858537 ], [ 105.663265, 21.086738 ], [ 105.664940799999982, 21.0883609 ], [ 105.66520869999998, 21.0887318 ] ] ] } },
{ "type": "Feature", "properties": { "threshold_s": 300, "time_label": "5 minutes" }, "geometry": { "type": "Polygon", "coordinates": [ [ [ 105.8193895, 21.0093226 ], [ 105.8194047, 21.0094019 ], [ 105.8203263, 21.0092326 ], [ 105.821040600000018, 21.0083674 ], [ 105.8215306, 21.0074624 ], [ 105.821708699999988, 21.0072942 ], [ 105.8225182, 21.0066804 ], [ 105.822883100000013, 21.0066491 ], [ 105.822957099999982, 21.0066213 ], [ 105.8228849, 21.0057865 ], [ 105.8230758, 21.0054313 ], [ 105.822161, 21.0050117 ], [ 105.8220725, 21.0050577 ], [ 105.821813299999988, 21.0053397 ], [ 105.8208369, 21.0054667 ], [ 105.8202284, 21.0061051 ], [ 105.8197526, 21.0066344 ], [ 105.819134600000012, 21.0074092 ], [ 105.8192143, 21.0081393 ], [ 105.8195335, 21.0089409 ], [ 105.8193895, 21.0093226 ] ] ] } },
{ "type": "Feature", "properties": { "threshold_s": 600, "time_label": "10 minutes" }, "geometry": { "type": "Polygon", "coordinates": [ [ [ 105.817337599999988, 21.0107779 ], [ 105.8174337, 21.0116693 ], [ 105.8174755, 21.011693 ], [ 105.8177873, 21.0116517 ], [ 105.818765, 21.0111418 ], [ 105.8192898, 21.0115422 ], [ 105.82044639999998, 21.0113199 ], [ 105.8201201, 21.0104621 ], [ 105.820264699999981, 21.0094478 ], [ 105.8216041, 21.0091315 ], [ 105.821795599999987, 21.0093745 ], [ 105.8219373, 21.009563 ], [ 105.8223724, 21.0093546 ], [ 105.8232114, 21.0092444 ], [ 105.8239568, 21.0094475 ], [ 105.8243881, 21.0096863 ], [ 105.824786499999988, 21.008971 ], [ 105.824587099999988, 21.0078274 ], [ 105.8247758, 21.0071992 ], [ 105.8246969, 21.007038 ], [ 105.824474899999984, 21.0071466 ], [ 105.823228499999985, 21.0066136 ], [ 105.8233402, 21.0059169 ], [ 105.824813, 21.0054128 ], [ 105.824879, 21.0055456 ], [ 105.825621399999989, 21.0052568 ], [ 105.825619799999984, 21.0052002 ], [ 105.8254152, 21.0051478 ], [ 105.824076600000012, 21.004905 ], [ 105.8227546, 21.0043916 ], [ 105.8224562, 21.0041254 ], [ 105.821881599999983, 21.0036989 ], [ 105.8216014, 21.0029335 ], [ 105.8215609, 21.002864 ], [ 105.8212776, 21.0029422 ], [ 105.8209319, 21.0030372 ], [ 105.8200972, 21.003308 ], [ 105.8193971, 21.003419 ], [ 105.8193986, 21.0042027 ], [ 105.8189908, 21.0051686 ], [ 105.818566599999983, 21.0060886 ], [ 105.8181867, 21.0065961 ], [ 105.817412799999985, 21.0073008 ], [ 105.8172385, 21.0076828 ], [ 105.8170192, 21.0084575 ], [ 105.817159500000017, 21.0088931 ], [ 105.8172115, 21.0097924 ], [ 105.817275, 21.0102849 ], [ 105.817337599999988, 21.0107779 ] ] ] } },
{ "type": "Feature", "properties": { "threshold_s": 900, "time_label": "15 minutes" }, "geometry": { "type": "Polygon", "coordinates": [ [ [ 105.814929899999981, 21.0139064 ], [ 105.8149541, 21.0139348 ], [ 105.8160588, 21.0140571 ], [ 105.8181017, 21.0142573 ], [ 105.8190842, 21.0142984 ], [ 105.820020099999979, 21.0141821 ], [ 105.8214718, 21.0133083 ], [ 105.8218555, 21.0128691 ], [ 105.8238079, 21.0120801 ], [ 105.8246782, 21.0121773 ], [ 105.8261185, 21.0123573 ], [ 105.8258703, 21.0112198 ], [ 105.8268471, 21.0098562 ], [ 105.8269539, 21.0087339 ], [ 105.827990299999982, 21.0076612 ], [ 105.8277666, 21.0055474 ], [ 105.8280178, 21.0049935 ], [ 105.8275021, 21.0035952 ], [ 105.8258981, 21.0032326 ], [ 105.823974, 21.0023062 ], [ 105.8219547, 21.0017198 ], [ 105.820115299999983, 21.00126 ], [ 105.8186006, 21.0010582 ], [ 105.817312499999986, 21.0012525 ], [ 105.817274899999987, 21.0012948 ], [ 105.8175642, 21.0034427 ], [ 105.8173382, 21.0040193 ], [ 105.8172555, 21.0042574 ], [ 105.8168697, 21.0051722 ], [ 105.816747099999986, 21.0057527 ], [ 105.8167512, 21.0058481 ], [ 105.8153995, 21.0076719 ], [ 105.8147835, 21.0083622 ], [ 105.8148541, 21.0094673 ], [ 105.8147642, 21.0108862 ], [ 105.8151533, 21.0119085 ], [ 105.814929899999981, 21.0139064 ] ] ] } },
{ "type": "Feature", "properties": { "threshold_s": 300, "time_label": "5 minutes" }, "geometry": { "type": "Polygon", "coordinates": [ [ [ 105.8330044, 21.0086203 ], [ 105.83333, 21.0094711 ], [ 105.833502199999984, 21.0092919 ], [ 105.8336436, 21.0091446 ], [ 105.8338694, 21.0089093 ], [ 105.8346042, 21.0089868 ], [ 105.8345738, 21.009405 ], [ 105.835219399999986, 21.009495 ], [ 105.835283, 21.0094258 ], [ 105.835677899999979, 21.0089963 ], [ 105.8362895, 21.0094888 ], [ 105.83640459999998, 21.0093602 ], [ 105.8369423, 21.0089927 ], [ 105.8369976, 21.0089374 ], [ 105.8369444, 21.0089436 ], [ 105.8366884, 21.009048 ], [ 105.836366699999985, 21.0084196 ], [ 105.83625, 21.0083741 ], [ 105.8362201, 21.0084066 ], [ 105.8360841, 21.0085546 ], [ 105.835920699999988, 21.0087322 ], [ 105.835797199999988, 21.0088666 ], [ 105.835035499999989, 21.0084771 ], [ 105.835173, 21.0083218 ], [ 105.8352788, 21.0082022 ], [ 105.83542580000001, 21.0080304 ], [ 105.8356008, 21.0078461 ], [ 105.835623199999986, 21.0078223 ], [ 105.8354845, 21.0077463 ], [ 105.834945099999985, 21.0072279 ], [ 105.835069399999981, 21.0070139 ], [ 105.835267099999982, 21.0068057 ], [ 105.8360458, 21.0067929 ], [ 105.836326799999981, 21.0070954 ], [ 105.8364517, 21.0070016 ], [ 105.837040900000019, 21.0077076 ], [ 105.836825, 21.006856 ], [ 105.8371803, 21.006521 ], [ 105.8368897, 21.0062644 ], [ 105.8366086, 21.005467 ], [ 105.8364815, 21.0059028 ], [ 105.8358103, 21.005873 ], [ 105.835576, 21.0053342 ], [ 105.8356488, 21.00499 ], [ 105.8357392, 21.004663 ], [ 105.83558, 21.0047963 ], [ 105.835455599999989, 21.0052036 ], [ 105.8353086, 21.0054751 ], [ 105.8350741, 21.0060785 ], [ 105.834917499999989, 21.0061654 ], [ 105.8342666, 21.0058897 ], [ 105.8346466, 21.0062955 ], [ 105.8352355, 21.0067762 ], [ 105.835040299999989, 21.0069909 ], [ 105.834835100000021, 21.0072003 ], [ 105.8345862, 21.0074754 ], [ 105.834401299999982, 21.0076633 ], [ 105.833713, 21.0074689 ], [ 105.8330412, 21.0075533 ], [ 105.8326686, 21.0075434 ], [ 105.8327436, 21.0076003 ], [ 105.833301899999981, 21.0080465 ], [ 105.8331799, 21.0082282 ], [ 105.8330044, 21.0086203 ] ] ] } },
{ "type": "Feature", "properties": { "threshold_s": 600, "time_label": "10 minutes" }, "geometry": { "type": "Polygon", "coordinates": [ [ [ 105.8308864, 21.0099026 ], [ 105.831019899999987, 21.0103229 ], [ 105.831058899999988, 21.010338 ], [ 105.8318945, 21.0103625 ], [ 105.832208099999988, 21.0106816 ], [ 105.832557099999988, 21.0109715 ], [ 105.8332158, 21.0107383 ], [ 105.834197599999982, 21.0111312 ], [ 105.8348748, 21.0118614 ], [ 105.8355757, 21.0117573 ], [ 105.8363376, 21.0117753 ], [ 105.837311499999984, 21.0115962 ], [ 105.837884, 21.0108848 ], [ 105.837890099999981, 21.0102701 ], [ 105.8379433, 21.009784 ], [ 105.8383984, 21.0091529 ], [ 105.8386416, 21.0089445 ], [ 105.839255499999979, 21.0083914 ], [ 105.83975, 21.0080165 ], [ 105.8400025, 21.0078489 ], [ 105.8392788, 21.0075182 ], [ 105.839487399999982, 21.0066276 ], [ 105.8397586, 21.0058087 ], [ 105.839723799999987, 21.0056028 ], [ 105.839169, 21.0047811 ], [ 105.839207299999984, 21.0046066 ], [ 105.8385297, 21.0040554 ], [ 105.8379615, 21.0031771 ], [ 105.8374347, 21.0027066 ], [ 105.8366797, 21.0028657 ], [ 105.836053799999988, 21.0021896 ], [ 105.836048399999981, 21.001952 ], [ 105.8360524, 21.0018341 ], [ 105.8360523, 21.0016776 ], [ 105.835606499999983, 21.0022215 ], [ 105.835551699999982, 21.0026717 ], [ 105.8344746, 21.0027729 ], [ 105.8343036, 21.0029924 ], [ 105.8333388, 21.0034368 ], [ 105.833515199999979, 21.0038039 ], [ 105.8328245, 21.0046651 ], [ 105.8326219, 21.0047283 ], [ 105.8320036, 21.0052167 ], [ 105.8308872, 21.0054067 ], [ 105.8307904, 21.0053625 ], [ 105.8307012, 21.005395 ], [ 105.830424399999984, 21.0059666 ], [ 105.8306082, 21.0065914 ], [ 105.830631399999987, 21.0066338 ], [ 105.8306871, 21.0067505 ], [ 105.830847599999984, 21.0070522 ], [ 105.8306461, 21.0080056 ], [ 105.830896900000013, 21.0089878 ], [ 105.8308864, 21.0099026 ] ] ] } },
{ "type": "Feature", "properties": { "threshold_s": 900, "time_label": "15 minutes" }, "geometry": { "type": "Polygon", "coordinates": [ [ [ 105.829458099999982, 21.012176 ], [ 105.8294828, 21.0122139 ], [ 105.830324099999984, 21.0117202 ], [ 105.831711399999989, 21.011869 ], [ 105.8316858, 21.0136282 ], [ 105.8316369, 21.0136804 ], [ 105.8315924, 21.0137247 ], [ 105.83158229999998, 21.0137378 ], [ 105.8331138, 21.0136416 ], [ 105.834042, 21.014199 ], [ 105.8342566, 21.0142381 ], [ 105.8352365, 21.0142458 ], [ 105.8367273, 21.0142211 ], [ 105.837173899999982, 21.0139409 ], [ 105.837447399999988, 21.0137678 ], [ 105.8389477, 21.013419 ], [ 105.839583, 21.0135494 ], [ 105.839323, 21.0130658 ], [ 105.839422099999979, 21.011754 ], [ 105.8401744, 21.0110493 ], [ 105.8403377, 21.0108967 ], [ 105.8402426, 21.0105313 ], [ 105.8411935, 21.0089182 ], [ 105.8413355, 21.0087937 ], [ 105.8426464, 21.0075341 ], [ 105.8426544, 21.0072266 ], [ 105.8417608, 21.0056871 ], [ 105.8417746, 21.0050964 ], [ 105.8415658, 21.0043193 ], [ 105.8412322, 21.0033436 ], [ 105.8411558, 21.0033442 ], [ 105.840959499999983, 21.0034075 ], [ 105.8392455, 21.002429 ], [ 105.8392388, 21.002054 ], [ 105.839237, 21.0017104 ], [ 105.838243099999985, 21.0004167 ], [ 105.8365917, 20.9995834 ], [ 105.8358922, 20.999686 ], [ 105.8347146, 21.0009086 ], [ 105.83456409999998, 21.0011493 ], [ 105.833318500000019, 21.0023412 ], [ 105.8327832, 21.0025447 ], [ 105.831098399999988, 21.0027085 ], [ 105.829673899999989, 21.0020401 ], [ 105.8295885, 21.0020704 ], [ 105.828878, 21.0038493 ], [ 105.828393, 21.0044988 ], [ 105.8278958, 21.0063023 ], [ 105.827150599999982, 21.0079793 ], [ 105.827167099999983, 21.0080286 ], [ 105.8271943, 21.0080894 ], [ 105.8272151, 21.0081256 ], [ 105.828186499999987, 21.00913 ], [ 105.8285189, 21.0099758 ], [ 105.8285402, 21.0100405 ], [ 105.828677199999987, 21.0105009 ], [ 105.829458099999982, 21.012176 ] ] ] } },
{ "type": "Feature", "properties": { "threshold_s": 300, "time_label": "5 minutes" }, "geometry": { "type": "Polygon", "coordinates": [ [ [ 105.753532, 20.9680301 ], [ 105.7540901, 20.968612 ], [ 105.754333, 20.9685558 ], [ 105.7557316, 20.9677131 ], [ 105.7561596, 20.9671905 ], [ 105.7583297, 20.9660297 ], [ 105.7585889, 20.9660315 ], [ 105.758737, 20.9659511 ], [ 105.7588259, 20.9657647 ], [ 105.758412399999983, 20.9655484 ], [ 105.758155799999983, 20.966021 ], [ 105.7561104, 20.9671132 ], [ 105.7560196, 20.9669691 ], [ 105.7550145, 20.9653861 ], [ 105.755549499999987, 20.9674206 ], [ 105.7556371, 20.9675854 ], [ 105.754029499999987, 20.9681342 ], [ 105.753532, 20.9680301 ] ] ] } },
{ "type": "Feature", "properties": { "threshold_s": 600, "time_label": "10 minutes" }, "geometry": { "type": "Polygon", "coordinates": [ [ [ 105.750715899999989, 20.9685981 ], [ 105.750993, 20.9700816 ], [ 105.751490499999989, 20.9702758 ], [ 105.7521147, 20.9698677 ], [ 105.753416800000011, 20.9702134 ], [ 105.753547199999986, 20.9709413 ], [ 105.7539442, 20.9709372 ], [ 105.7553177, 20.9712544 ], [ 105.7556533, 20.9711705 ], [ 105.7558161, 20.9706917 ], [ 105.756172799999987, 20.970008 ], [ 105.756512799999982, 20.9691689 ], [ 105.756874, 20.9678892 ], [ 105.7583374, 20.9684 ], [ 105.7593914, 20.9683919 ], [ 105.7602186, 20.9682258 ], [ 105.7606389, 20.9679368 ], [ 105.7607969, 20.9674721 ], [ 105.760799, 20.966817 ], [ 105.760685, 20.9659932 ], [ 105.7614232, 20.9644371 ], [ 105.7617175, 20.9642708 ], [ 105.761304, 20.9643422 ], [ 105.760613, 20.9648949 ], [ 105.7601594, 20.9651512 ], [ 105.7596863, 20.9654185 ], [ 105.7587286, 20.9655822 ], [ 105.7579419, 20.9648015 ], [ 105.758205899999979, 20.9638021 ], [ 105.758384599999985, 20.9634772 ], [ 105.7585382, 20.9630958 ], [ 105.75755, 20.9634889 ], [ 105.757207399999984, 20.9636707 ], [ 105.7569407, 20.9638795 ], [ 105.7551388, 20.964166 ], [ 105.7539292, 20.9634446 ], [ 105.7534907, 20.9623038 ], [ 105.752263500000012, 20.9632129 ], [ 105.7518813, 20.9634183 ], [ 105.7527393, 20.9632011 ], [ 105.7538063, 20.9635459 ], [ 105.7550145, 20.9653861 ], [ 105.75747819999998, 20.9666458 ], [ 105.7560196, 20.9669691 ], [ 105.755549499999987, 20.9674206 ], [ 105.754029499999987, 20.9681342 ], [ 105.7530531, 20.9674371 ], [ 105.7527844, 20.9671964 ], [ 105.751792399999985, 20.9660841 ], [ 105.7516868, 20.9675823 ], [ 105.750715899999989, 20.9685981 ] ] ] } },
{ "type": "Feature", "properties": { "threshold_s": 900, "time_label": "15 minutes" }, "geometry": { "type": "Polygon", "coordinates": [ [ [ 105.7480988, 20.9701986 ], [ 105.7483403, 20.9713399 ], [ 105.7498839, 20.9720762 ], [ 105.751892, 20.9715032 ], [ 105.7530317, 20.9723472 ], [ 105.75423, 20.9734134 ], [ 105.755387299999981, 20.9729659 ], [ 105.756638399999986, 20.9732929 ], [ 105.7580106, 20.9734873 ], [ 105.7581891, 20.9734437 ], [ 105.75839449999998, 20.9733774 ], [ 105.7585911, 20.9722255 ], [ 105.760415599999988, 20.9711418 ], [ 105.761785900000021, 20.9705488 ], [ 105.7632827, 20.9688283 ], [ 105.763450899999981, 20.9684975 ], [ 105.7636151, 20.9670122 ], [ 105.7636227, 20.966675 ], [ 105.7639709, 20.9644897 ], [ 105.7641444, 20.964052 ], [ 105.7643875, 20.962761 ], [ 105.7642981, 20.9626362 ], [ 105.762939499999987, 20.9622983 ], [ 105.7616471, 20.962603 ], [ 105.7611615, 20.962874 ], [ 105.7593798, 20.9629037 ], [ 105.7587454, 20.9623342 ], [ 105.758044899999987, 20.9612349 ], [ 105.755806899999982, 20.9611912 ], [ 105.7556925, 20.9612192 ], [ 105.75573009999998, 20.9613399 ], [ 105.755132, 20.9630051 ], [ 105.7534907, 20.9623038 ], [ 105.7528764, 20.9617615 ], [ 105.751271, 20.9599946 ], [ 105.7518813, 20.9634183 ], [ 105.750048, 20.9641618 ], [ 105.749859699999988, 20.9644386 ], [ 105.7498623, 20.9650476 ], [ 105.7487458, 20.9670175 ], [ 105.7484561, 20.9682974 ], [ 105.7480988, 20.9701986 ] ] ] } },
{ "type": "Feature", "properties": { "threshold_s": 300, "time_label": "5 minutes" }, "geometry": { "type": "Polygon", "coordinates": [ [ [ 105.815261799999988, 21.0432918 ], [ 105.815206, 21.0442867 ], [ 105.815211599999984, 21.0442837 ], [ 105.815268799999984, 21.0442536 ], [ 105.815577299999987, 21.0440786 ], [ 105.8160477, 21.0440551 ], [ 105.816942699999984, 21.0441796 ], [ 105.816474899999989, 21.0450743 ], [ 105.816927099999987, 21.0449848 ], [ 105.8177943, 21.044627 ], [ 105.8186823, 21.0442555 ], [ 105.819356199999987, 21.044341 ], [ 105.8200305, 21.0444177 ], [ 105.820512699999981, 21.044277 ], [ 105.820733, 21.0440236 ], [ 105.821516499999987, 21.0433364 ], [ 105.8208554, 21.0432742 ], [ 105.8202583, 21.0431562 ], [ 105.8199102, 21.0428723 ], [ 105.8201032, 21.0420842 ], [ 105.8200824, 21.0419138 ], [ 105.8192065, 21.0417891 ], [ 105.8189762, 21.0413737 ], [ 105.818956299999982, 21.0412439 ], [ 105.818923, 21.0410776 ], [ 105.8186213, 21.0415132 ], [ 105.817886, 21.0416013 ], [ 105.817615799999984, 21.041595 ], [ 105.8166334, 21.0418004 ], [ 105.816530699999987, 21.041828 ], [ 105.8163479, 21.0418771 ], [ 105.816247899999979, 21.041904 ], [ 105.816118, 21.042133 ], [ 105.8154387, 21.0427699 ], [ 105.815261799999988, 21.0432918 ] ] ] } },
{ "type": "Feature", "properties": { "threshold_s": 600, "time_label": "10 minutes" }, "geometry": { "type": "Polygon", "coordinates": [ [ [ 105.8128029, 21.0444779 ], [ 105.812878, 21.045762 ], [ 105.81389, 21.0462099 ], [ 105.8148576, 21.0458466 ], [ 105.816927099999987, 21.0449848 ], [ 105.8196493, 21.0445051 ], [ 105.8200305, 21.0444177 ], [ 105.820512699999981, 21.044277 ], [ 105.823077399999988, 21.0436644 ], [ 105.8242491, 21.0432157 ], [ 105.8247218, 21.0424488 ], [ 105.8234254, 21.0412201 ], [ 105.8228699, 21.0410769 ], [ 105.820737799999989, 21.0396322 ], [ 105.8200077, 21.0390116 ], [ 105.8182982, 21.0384945 ], [ 105.8179884, 21.0384758 ], [ 105.8156046, 21.0384133 ], [ 105.815506899999988, 21.0384371 ], [ 105.8151428, 21.0389598 ], [ 105.8136076, 21.0412103 ], [ 105.8134678, 21.0413801 ], [ 105.813445, 21.0438392 ], [ 105.812896699999982, 21.0443709 ], [ 105.812863299999989, 21.044409 ], [ 105.8128434, 21.0444317 ], [ 105.8128029, 21.0444779 ] ] ] } },
{ "type": "Feature", "properties": { "threshold_s": 900, "time_label": "15 minutes" }, "geometry": { "type": "Polygon", "coordinates": [ [ [ 105.810225799999984, 21.04788 ], [ 105.810258499999989, 21.0479244 ], [ 105.8106089, 21.048202 ], [ 105.813070200000013, 21.0492104 ], [ 105.814043199999986, 21.0492446 ], [ 105.8142875, 21.0487108 ], [ 105.814473799999988, 21.0477142 ], [ 105.816927099999987, 21.0449848 ], [ 105.8196493, 21.0445051 ], [ 105.8200305, 21.0444177 ], [ 105.820512699999981, 21.044277 ], [ 105.8209622, 21.0441407 ], [ 105.8212958, 21.0440447 ], [ 105.823077399999988, 21.0436644 ], [ 105.825179, 21.043441 ], [ 105.8253024, 21.0434236 ], [ 105.8253552, 21.0434033 ], [ 105.825384899999989, 21.0433901 ], [ 105.8254248, 21.0433591 ], [ 105.826998799999984, 21.042035 ], [ 105.8275126, 21.0410347 ], [ 105.82651319999998, 21.0400574 ], [ 105.8256079, 21.0397944 ], [ 105.82280919999998, 21.038249 ], [ 105.822135099999983, 21.0376575 ], [ 105.8204265, 21.0365362 ], [ 105.818499799999984, 21.0363021 ], [ 105.814714699999982, 21.0354898 ], [ 105.8146269, 21.0355139 ], [ 105.8143759, 21.0357418 ], [ 105.813469699999985, 21.0369732 ], [ 105.811598, 21.0390828 ], [ 105.811086, 21.039639 ], [ 105.8108066, 21.0416286 ], [ 105.8105288, 21.0447283 ], [ 105.8102161, 21.0465082 ], [ 105.810196, 21.0478366 ], [ 105.810225799999984, 21.04788 ] ] ] } },
{ "type": "Feature", "properties": { "threshold_s": 300, "time_label": "5 minutes" }, "geometry": { "type": "Polygon", "coordinates": [ [ [ 105.7807247, 21.0192201 ], [ 105.7808741, 21.0195631 ], [ 105.781025699999987, 21.0196675 ], [ 105.7819923, 21.0194343 ], [ 105.7818649, 21.018721 ], [ 105.7823436, 21.0185454 ], [ 105.7831129, 21.0187588 ], [ 105.7837926, 21.0190168 ], [ 105.7837461, 21.019693 ], [ 105.7844735, 21.019471 ], [ 105.7845235, 21.0194084 ], [ 105.784634699999984, 21.0192634 ], [ 105.784693799999985, 21.0191863 ], [ 105.7849176, 21.0183665 ], [ 105.7849342, 21.0182259 ], [ 105.7848665, 21.0181773 ], [ 105.784466099999989, 21.0181259 ], [ 105.7843251, 21.0180527 ], [ 105.783917099999982, 21.0186159 ], [ 105.783195599999985, 21.0181313 ], [ 105.7831477, 21.0180565 ], [ 105.782901899999985, 21.0173488 ], [ 105.7833638, 21.0170642 ], [ 105.78355, 21.01665 ], [ 105.7842218, 21.0163098 ], [ 105.784945099999987, 21.0168428 ], [ 105.785034199999984, 21.0169055 ], [ 105.784487299999981, 21.0163225 ], [ 105.784276299999988, 21.0161732 ], [ 105.783521099999987, 21.0155657 ], [ 105.783063399999989, 21.0152246 ], [ 105.7832923, 21.0155356 ], [ 105.783241499999988, 21.0161134 ], [ 105.7825407, 21.016449 ], [ 105.7815469, 21.0165135 ], [ 105.7813003, 21.016788 ], [ 105.780530199999987, 21.0162192 ], [ 105.780288499999983, 21.0161793 ], [ 105.7803617, 21.0164239 ], [ 105.781234699999985, 21.0168595 ], [ 105.78100449999998, 21.0171804 ], [ 105.7813464, 21.0174233 ], [ 105.7811026, 21.018262 ], [ 105.781024799999983, 21.0188455 ], [ 105.7807247, 21.0192201 ] ] ] } },
{ "type": "Feature", "properties": { "threshold_s": 600, "time_label": "10 minutes" }, "geometry": { "type": "Polygon", "coordinates": [ [ [ 105.778999899999988, 21.0210287 ], [ 105.7787923, 21.0212971 ], [ 105.778995099999989, 21.0215294 ], [ 105.779099099999982, 21.0215921 ], [ 105.7797551, 21.0212644 ], [ 105.781316599999982, 21.0209702 ], [ 105.78221019999998, 21.0208966 ], [ 105.783685399999982, 21.0213898 ], [ 105.7843483, 21.0218505 ], [ 105.784362, 21.0218325 ], [ 105.7843897, 21.0215017 ], [ 105.784346, 21.0201164 ], [ 105.7855061, 21.0202029 ], [ 105.785752, 21.0203763 ], [ 105.786050399999979, 21.0214287 ], [ 105.7871401, 21.0214646 ], [ 105.787575799999985, 21.0213231 ], [ 105.7876122, 21.0211549 ], [ 105.787336699999983, 21.0209662 ], [ 105.787744, 21.019529 ], [ 105.787534199999982, 21.0181875 ], [ 105.7873571, 21.017362 ], [ 105.78738389999998, 21.0159489 ], [ 105.7873184, 21.0147932 ], [ 105.7869362, 21.0145299 ], [ 105.7868775, 21.0144895 ], [ 105.7867652, 21.0145154 ], [ 105.7855966, 21.0143602 ], [ 105.7852351, 21.0141701 ], [ 105.7860999, 21.0126044 ], [ 105.786154, 21.0125343 ], [ 105.78597809999998, 21.0125132 ], [ 105.7848801, 21.0139138 ], [ 105.7841685, 21.013523 ], [ 105.783917299999985, 21.0132684 ], [ 105.7828979, 21.0132406 ], [ 105.782111599999979, 21.0132381 ], [ 105.7807192, 21.0135994 ], [ 105.7797128, 21.0139269 ], [ 105.7795634, 21.0145675 ], [ 105.778738299999986, 21.0152871 ], [ 105.7778734, 21.0143396 ], [ 105.7776187, 21.014275 ], [ 105.7778028, 21.0144068 ], [ 105.7779585, 21.0158663 ], [ 105.777792399999981, 21.0163276 ], [ 105.7778273, 21.0164823 ], [ 105.7780911, 21.0165928 ], [ 105.7789446, 21.0175447 ], [ 105.7782719, 21.0181453 ], [ 105.778581, 21.0196359 ], [ 105.778734, 21.0197419 ], [ 105.778999899999988, 21.0210287 ] ] ] } },
{ "type": "Feature", "properties": { "threshold_s": 900, "time_label": "15 minutes" }, "geometry": { "type": "Polygon", "coordinates": [ [ [ 105.776579499999983, 21.0220563 ], [ 105.7770272, 21.0236672 ], [ 105.7784963, 21.0251352 ], [ 105.779406, 21.0255588 ], [ 105.779626099999987, 21.0250333 ], [ 105.779707599999981, 21.0248041 ], [ 105.7787783, 21.0224366 ], [ 105.780247099999983, 21.0215594 ], [ 105.78221019999998, 21.0208966 ], [ 105.783685399999982, 21.0213898 ], [ 105.7841254, 21.0241951 ], [ 105.7842423, 21.0242781 ], [ 105.784330399999988, 21.0243407 ], [ 105.7850825, 21.0241726 ], [ 105.787591800000015, 21.0237547 ], [ 105.7900982, 21.0233037 ], [ 105.7902377, 21.023216 ], [ 105.7902903, 21.0231278 ], [ 105.7903307, 21.0226936 ], [ 105.7902583, 21.0210709 ], [ 105.790205199999988, 21.0191856 ], [ 105.7900441, 21.0173725 ], [ 105.7896396, 21.0145335 ], [ 105.7895787, 21.0134379 ], [ 105.789256499999979, 21.0115486 ], [ 105.7880409, 21.0107114 ], [ 105.7870038, 21.0101842 ], [ 105.7848133, 21.0102905 ], [ 105.7822311, 21.0104736 ], [ 105.7805398, 21.0105454 ], [ 105.7803831, 21.01063 ], [ 105.7792596, 21.0112158 ], [ 105.7786115, 21.0119278 ], [ 105.775867099999985, 21.012211 ], [ 105.7752207, 21.0123913 ], [ 105.7749479, 21.0125629 ], [ 105.7748326, 21.0150249 ], [ 105.7753736, 21.0167308 ], [ 105.775535099999985, 21.0182187 ], [ 105.776160099999984, 21.0198489 ], [ 105.776579499999983, 21.0220563 ] ] ] } },
{ "type": "Feature", "properties": { "threshold_s": 300, "time_label": "5 minutes" }, "geometry": { "type": "Polygon", "coordinates": [ [ [ 105.7837461, 21.019693 ], [ 105.7833136, 21.0203302 ], [ 105.784346, 21.0201164 ], [ 105.7844735, 21.019471 ], [ 105.7845235, 21.0194084 ], [ 105.784634699999984, 21.0192634 ], [ 105.784693799999985, 21.0191863 ], [ 105.784593799999982, 21.018766 ], [ 105.7849176, 21.0183665 ], [ 105.7853096, 21.0183814 ], [ 105.7854019, 21.0183756 ], [ 105.7861529, 21.0188892 ], [ 105.7862917, 21.0193237 ], [ 105.7857376, 21.0198162 ], [ 105.7854695, 21.0198473 ], [ 105.7855061, 21.0202029 ], [ 105.7856934, 21.0202049 ], [ 105.785918399999986, 21.0201673 ], [ 105.785983299999984, 21.0200858 ], [ 105.78601519999998, 21.0198063 ], [ 105.7863656, 21.0193773 ], [ 105.7865387, 21.0191609 ], [ 105.7866009, 21.0189244 ], [ 105.786268, 21.0188141 ], [ 105.786232899999987, 21.0187879 ], [ 105.7862013, 21.0187643 ], [ 105.7858783, 21.0180978 ], [ 105.7863522, 21.0178761 ], [ 105.786394299999984, 21.0178226 ], [ 105.7864209, 21.0177887 ], [ 105.7862532, 21.0174479 ], [ 105.7862117, 21.0174203 ], [ 105.786165699999984, 21.0173898 ], [ 105.78579449999998, 21.0167478 ], [ 105.7856958, 21.0166781 ], [ 105.7851066, 21.0167134 ], [ 105.784945099999987, 21.0168428 ], [ 105.7848991, 21.0170657 ], [ 105.7843909, 21.0176403 ], [ 105.7838887, 21.0175041 ], [ 105.783815799999985, 21.0176004 ], [ 105.783707899999982, 21.0177331 ], [ 105.783683, 21.0177637 ], [ 105.7831477, 21.0180565 ], [ 105.7828824, 21.0180005 ], [ 105.7827861, 21.0181343 ], [ 105.7831129, 21.0187588 ], [ 105.7837926, 21.0190168 ], [ 105.7837461, 21.019693 ] ] ] } },
{ "type": "Feature", "properties": { "threshold_s": 600, "time_label": "10 minutes" }, "geometry": { "type": "Polygon", "coordinates": [ [ [ 105.780185, 21.0193301 ], [ 105.7805727, 21.0199406 ], [ 105.7806568, 21.0200004 ], [ 105.7806994, 21.0200306 ], [ 105.782025599999983, 21.0200119 ], [ 105.78221019999998, 21.0208966 ], [ 105.7831617, 21.0210258 ], [ 105.783685399999982, 21.0213898 ], [ 105.7843483, 21.0218505 ], [ 105.784362, 21.0218325 ], [ 105.7843897, 21.0215017 ], [ 105.7839974, 21.020993 ], [ 105.784346, 21.0201164 ], [ 105.7855061, 21.0202029 ], [ 105.785752, 21.0203763 ], [ 105.786050399999979, 21.0214287 ], [ 105.7863866, 21.0221638 ], [ 105.7865086, 21.0222182 ], [ 105.787752699999984, 21.0217743 ], [ 105.7885258, 21.0219948 ], [ 105.788593899999981, 21.0219095 ], [ 105.7886162, 21.0218815 ], [ 105.7884166, 21.021665 ], [ 105.78834449999998, 21.0203477 ], [ 105.7889719, 21.0191656 ], [ 105.7889269, 21.0184081 ], [ 105.788742199999987, 21.0175866 ], [ 105.7887206, 21.0166886 ], [ 105.7884695, 21.0158548 ], [ 105.788304399999987, 21.0148967 ], [ 105.787308100000018, 21.0139612 ], [ 105.7867652, 21.0145154 ], [ 105.7855966, 21.0143602 ], [ 105.7852351, 21.0141701 ], [ 105.784504199999986, 21.0143632 ], [ 105.784363499999984, 21.0145307 ], [ 105.7841796, 21.0147529 ], [ 105.783063399999989, 21.0152246 ], [ 105.7817777, 21.0158972 ], [ 105.7814765, 21.0156853 ], [ 105.780061099999983, 21.0158728 ], [ 105.779868399999984, 21.0158855 ], [ 105.779865099999981, 21.0160978 ], [ 105.7799121, 21.0162966 ], [ 105.78001949999998, 21.0163804 ], [ 105.7802864, 21.0165154 ], [ 105.779837499999985, 21.0178269 ], [ 105.7803881, 21.0189802 ], [ 105.780185, 21.0193301 ] ] ] } },
{ "type": "Feature", "properties": { "threshold_s": 900, "time_label": "15 minutes" }, "geometry": { "type": "Polygon", "coordinates": [ [ [ 105.7781487, 21.0217388 ], [ 105.778666499999986, 21.02238 ], [ 105.7787783, 21.0224366 ], [ 105.780247099999983, 21.0215594 ], [ 105.781316599999982, 21.0209702 ], [ 105.78221019999998, 21.0208966 ], [ 105.783685399999982, 21.0213898 ], [ 105.7843483, 21.0218505 ], [ 105.78469819999998, 21.0234755 ], [ 105.7841254, 21.0241951 ], [ 105.7838431, 21.0245505 ], [ 105.7837461, 21.0246745 ], [ 105.7840965, 21.0249138 ], [ 105.784654099999983, 21.0245736 ], [ 105.7865676, 21.0246301 ], [ 105.788155099999983, 21.0241526 ], [ 105.7892432, 21.0244643 ], [ 105.789400599999979, 21.0244689 ], [ 105.7907029, 21.0240035 ], [ 105.790828399999981, 21.0238571 ], [ 105.790986, 21.0236438 ], [ 105.7918295, 21.0221121 ], [ 105.7917655, 21.0207181 ], [ 105.7918977, 21.0200698 ], [ 105.7918333, 21.020006 ], [ 105.791007199999981, 21.0183422 ], [ 105.7912251, 21.018133 ], [ 105.791255, 21.018095 ], [ 105.7914114, 21.0179276 ], [ 105.7909014, 21.0162247 ], [ 105.79029389999998, 21.0146417 ], [ 105.7905685, 21.0141395 ], [ 105.7905986, 21.0139547 ], [ 105.790271499999989, 21.012483 ], [ 105.789256499999979, 21.0115486 ], [ 105.787476399999989, 21.0113989 ], [ 105.78665119999998, 21.0115981 ], [ 105.7865864, 21.0116826 ], [ 105.786126, 21.0123611 ], [ 105.78597809999998, 21.0125132 ], [ 105.7848801, 21.0139138 ], [ 105.7841685, 21.013523 ], [ 105.783917299999985, 21.0132684 ], [ 105.782756699999979, 21.0121474 ], [ 105.781700499999985, 21.0126829 ], [ 105.7808079, 21.0133828 ], [ 105.779563, 21.0135234 ], [ 105.7779471, 21.0141632 ], [ 105.7772921, 21.013911 ], [ 105.7771871, 21.013966 ], [ 105.7771702, 21.0145355 ], [ 105.7775148, 21.0161959 ], [ 105.777380799999989, 21.0168325 ], [ 105.777668599999984, 21.0183809 ], [ 105.778039399999983, 21.0185875 ], [ 105.7779399, 21.020286 ], [ 105.7781487, 21.0217388 ] ] ] } },
{ "type": "Feature", "properties": { "threshold_s": 300, "time_label": "5 minutes" }, "geometry": { "type": "Polygon", "coordinates": [ [ [ 105.7837926, 21.0190168 ], [ 105.783967, 21.0194157 ], [ 105.7840225, 21.0194506 ], [ 105.7844735, 21.019471 ], [ 105.7845235, 21.0194084 ], [ 105.784634699999984, 21.0192634 ], [ 105.784693799999985, 21.0191863 ], [ 105.784593799999982, 21.018766 ], [ 105.7849176, 21.0183665 ], [ 105.7853096, 21.0183814 ], [ 105.7854019, 21.0183756 ], [ 105.785454099999981, 21.0183158 ], [ 105.7858783, 21.0180978 ], [ 105.7863522, 21.0178761 ], [ 105.7866654, 21.0181781 ], [ 105.7866954, 21.0182002 ], [ 105.786734, 21.0182287 ], [ 105.786268, 21.0188141 ], [ 105.786232899999987, 21.0187879 ], [ 105.7862013, 21.0187643 ], [ 105.7861529, 21.0188892 ], [ 105.786257399999982, 21.0190399 ], [ 105.7865387, 21.0191609 ], [ 105.7866009, 21.0189244 ], [ 105.7869065, 21.0182555 ], [ 105.7871757, 21.0183792 ], [ 105.7872397, 21.0181478 ], [ 105.787101, 21.0176755 ], [ 105.7872357, 21.0173424 ], [ 105.787270399999983, 21.0173003 ], [ 105.7873076, 21.0172551 ], [ 105.786812699999984, 21.0167475 ], [ 105.786762899999985, 21.0167121 ], [ 105.786702299999988, 21.0166692 ], [ 105.786560099999988, 21.0167206 ], [ 105.7859361, 21.0163482 ], [ 105.7858918, 21.0158156 ], [ 105.786487399999984, 21.0153846 ], [ 105.786969, 21.0154094 ], [ 105.7870078, 21.0153605 ], [ 105.7866913, 21.0151289 ], [ 105.786263700000021, 21.0148289 ], [ 105.7862221, 21.0148803 ], [ 105.7861865, 21.0149234 ], [ 105.7861279, 21.0149905 ], [ 105.786082899999982, 21.0150374 ], [ 105.7854321, 21.014564 ], [ 105.7849427, 21.0146917 ], [ 105.7848724, 21.0147593 ], [ 105.7848148, 21.0148566 ], [ 105.785403599999981, 21.0145997 ], [ 105.786052, 21.0150687 ], [ 105.786116299999989, 21.0153297 ], [ 105.7857781, 21.0157325 ], [ 105.7854082, 21.0161977 ], [ 105.7851066, 21.0167134 ], [ 105.784487299999981, 21.0163225 ], [ 105.784276299999988, 21.0161732 ], [ 105.783794199999988, 21.0159479 ], [ 105.783598399999988, 21.0156847 ], [ 105.783521099999987, 21.0155657 ], [ 105.7833463, 21.0154473 ], [ 105.7833183, 21.0154846 ], [ 105.7832923, 21.0155356 ], [ 105.783241499999988, 21.0161134 ], [ 105.7827023, 21.0165756 ], [ 105.7827627, 21.0172254 ], [ 105.7827925, 21.0174054 ], [ 105.782901899999985, 21.0173488 ], [ 105.7833638, 21.0170642 ], [ 105.783815799999985, 21.0176004 ], [ 105.783707899999982, 21.0177331 ], [ 105.783683, 21.0177637 ], [ 105.783952099999979, 21.0184067 ], [ 105.783917099999982, 21.0186159 ], [ 105.7837926, 21.0190168 ] ] ] } },
{ "type": "Feature", "properties": { "threshold_s": 600, "time_label": "10 minutes" }, "geometry": { "type": "Polygon", "coordinates": [ [ [ 105.780570399999988, 21.0191889 ], [ 105.7808741, 21.0195631 ], [ 105.781025699999987, 21.0196675 ], [ 105.781608799999987, 21.0197221 ], [ 105.7821795, 21.0195625 ], [ 105.7823436, 21.0185454 ], [ 105.7831129, 21.0187588 ], [ 105.7837926, 21.0190168 ], [ 105.7837461, 21.019693 ], [ 105.783139, 21.0202381 ], [ 105.7831617, 21.0210258 ], [ 105.783685399999982, 21.0213898 ], [ 105.7843897, 21.0215017 ], [ 105.7839974, 21.020993 ], [ 105.784346, 21.0201164 ], [ 105.7844735, 21.019471 ], [ 105.7854695, 21.0198473 ], [ 105.7855061, 21.0202029 ], [ 105.785752, 21.0203763 ], [ 105.7858423, 21.0204364 ], [ 105.786050399999979, 21.0214287 ], [ 105.7871401, 21.0214646 ], [ 105.7872139, 21.0215113 ], [ 105.7874084, 21.021538 ], [ 105.7874601, 21.0214716 ], [ 105.787575799999985, 21.0213231 ], [ 105.7876542, 21.0212225 ], [ 105.788248, 21.0204631 ], [ 105.78834449999998, 21.0203477 ], [ 105.788343499999982, 21.0199531 ], [ 105.7889719, 21.0191656 ], [ 105.789937699999982, 21.0191324 ], [ 105.7900059, 21.0190992 ], [ 105.790016399999985, 21.0190817 ], [ 105.78968519999998, 21.0182617 ], [ 105.78990450000002, 21.0175951 ], [ 105.7896884, 21.0171507 ], [ 105.788828599999988, 21.0165429 ], [ 105.788958599999987, 21.0161174 ], [ 105.7894275, 21.0156948 ], [ 105.7896602, 21.0156502 ], [ 105.789386199999981, 21.0148501 ], [ 105.789310599999979, 21.0142911 ], [ 105.789181299999981, 21.0138274 ], [ 105.7890787, 21.0137573 ], [ 105.78881149999998, 21.0141849 ], [ 105.7878601, 21.0143475 ], [ 105.7877279, 21.0135915 ], [ 105.7877602, 21.0135064 ], [ 105.788222, 21.0130241 ], [ 105.7882524, 21.0129835 ], [ 105.788290799999984, 21.0129323 ], [ 105.7885184, 21.0127442 ], [ 105.788542399999983, 21.0127109 ], [ 105.7885772, 21.0126637 ], [ 105.7876393, 21.0122255 ], [ 105.786126, 21.0123611 ], [ 105.78597809999998, 21.0125132 ], [ 105.7860999, 21.0126044 ], [ 105.786154, 21.0125343 ], [ 105.7876116, 21.0122641 ], [ 105.788019799999987, 21.0125531 ], [ 105.787649799999983, 21.0134306 ], [ 105.7873558, 21.0137969 ], [ 105.7867652, 21.0145154 ], [ 105.786263700000021, 21.0148289 ], [ 105.7855966, 21.0143602 ], [ 105.7852351, 21.0141701 ], [ 105.7848801, 21.0139138 ], [ 105.7841685, 21.013523 ], [ 105.783917299999985, 21.0132684 ], [ 105.7830728, 21.0127611 ], [ 105.782111599999979, 21.0132381 ], [ 105.78139520000002, 21.013895 ], [ 105.781117699999982, 21.0142311 ], [ 105.7812582, 21.0143327 ], [ 105.781464, 21.0147435 ], [ 105.7804529, 21.0151416 ], [ 105.779868399999984, 21.0158855 ], [ 105.779865099999981, 21.0160978 ], [ 105.7799121, 21.0162966 ], [ 105.78001949999998, 21.0163804 ], [ 105.7802864, 21.0165154 ], [ 105.78100449999998, 21.0171804 ], [ 105.7813464, 21.0174233 ], [ 105.7811026, 21.018262 ], [ 105.780645899999982, 21.0190962 ], [ 105.7806113, 21.0191387 ], [ 105.780570399999988, 21.0191889 ] ] ] } },
{ "type": "Feature", "properties": { "threshold_s": 900, "time_label": "15 minutes" }, "geometry": { "type": "Polygon", "coordinates": [ [ [ 105.778581, 21.0196359 ], [ 105.7785854, 21.0215179 ], [ 105.779099099999982, 21.0215921 ], [ 105.7797551, 21.0212644 ], [ 105.781316599999982, 21.0209702 ], [ 105.78221019999998, 21.0208966 ], [ 105.783685399999982, 21.0213898 ], [ 105.7843483, 21.0218505 ], [ 105.78469819999998, 21.0234755 ], [ 105.784943399999989, 21.0240688 ], [ 105.7850056, 21.0241152 ], [ 105.785218299999983, 21.0232804 ], [ 105.7867571, 21.0229056 ], [ 105.787350599999982, 21.0235024 ], [ 105.7873937, 21.0235314 ], [ 105.7874392, 21.0235619 ], [ 105.7880108, 21.0237452 ], [ 105.7897296, 21.0236605 ], [ 105.790103699999989, 21.0234408 ], [ 105.790504199999987, 21.023094 ], [ 105.791324, 21.0217105 ], [ 105.7916715, 21.0207087 ], [ 105.7926686, 21.0193056 ], [ 105.792799299999984, 21.0191463 ], [ 105.792701099999988, 21.0186214 ], [ 105.792614599999979, 21.018145 ], [ 105.7923067, 21.0172091 ], [ 105.7924312, 21.0152693 ], [ 105.791564399999984, 21.0159068 ], [ 105.79029389999998, 21.0146417 ], [ 105.7907556, 21.0140706 ], [ 105.791419599999983, 21.0130853 ], [ 105.791637599999987, 21.0129789 ], [ 105.7911102, 21.0112673 ], [ 105.7907359, 21.0098316 ], [ 105.789171699999983, 21.0096258 ], [ 105.7871252, 21.0100383 ], [ 105.7851414, 21.0100672 ], [ 105.7848796, 21.0102082 ], [ 105.7848133, 21.0102905 ], [ 105.7847545, 21.0103635 ], [ 105.7828008, 21.0107347 ], [ 105.7826082, 21.0105741 ], [ 105.7822311, 21.0104736 ], [ 105.7809835, 21.01118 ], [ 105.7799408, 21.0128592 ], [ 105.7793391, 21.0130411 ], [ 105.7789419, 21.0136699 ], [ 105.7772836, 21.0138203 ], [ 105.7771871, 21.013966 ], [ 105.777112399999979, 21.0144955 ], [ 105.7775148, 21.0161959 ], [ 105.777370399999981, 21.016706 ], [ 105.777380799999989, 21.0168325 ], [ 105.7774189, 21.0170078 ], [ 105.778101899999982, 21.0184483 ], [ 105.778581, 21.0196359 ] ] ] } },
{ "type": "Feature", "properties": { "threshold_s": 300, "time_label": "5 minutes" }, "geometry": { "type": "Polygon", "coordinates": [ [ [ 105.8131953, 21.0754793 ], [ 105.8133533, 21.0763283 ], [ 105.814159099999983, 21.0769276 ], [ 105.8147095, 21.0767698 ], [ 105.8147861, 21.0767234 ], [ 105.8147364, 21.0766495 ], [ 105.814479, 21.0764245 ], [ 105.8136426, 21.076165 ], [ 105.8138387, 21.0754749 ], [ 105.8136615, 21.075212 ], [ 105.8127193, 21.0743915 ], [ 105.812912299999979, 21.0738989 ], [ 105.8126227, 21.0740448 ], [ 105.812048099999984, 21.0746499 ], [ 105.8121176, 21.0747486 ], [ 105.812847299999987, 21.0751135 ], [ 105.8131953, 21.0754793 ] ] ] } },
{ "type": "Feature", "properties": { "threshold_s": 600, "time_label": "10 minutes" }, "geometry": { "type": "Polygon", "coordinates": [ [ [ 105.812375, 21.0774812 ], [ 105.8126328, 21.0779007 ], [ 105.81301569999998, 21.0776981 ], [ 105.8139256, 21.0783518 ], [ 105.8138263, 21.0790033 ], [ 105.814826899999986, 21.0792518 ], [ 105.81496629999998, 21.0791733 ], [ 105.8161801, 21.07934 ], [ 105.8166327, 21.079523 ], [ 105.8166692, 21.0786593 ], [ 105.8162597, 21.0780037 ], [ 105.816626899999989, 21.077243 ], [ 105.817381899999987, 21.0774439 ], [ 105.8174541, 21.0766474 ], [ 105.8173811, 21.0765881 ], [ 105.8171132, 21.0763469 ], [ 105.8168665, 21.0761499 ], [ 105.81704, 21.07516 ], [ 105.816147, 21.0744992 ], [ 105.815339, 21.0744558 ], [ 105.8149123, 21.0742118 ], [ 105.8146645, 21.0731588 ], [ 105.8144104, 21.0721996 ], [ 105.814389100000014, 21.0721357 ], [ 105.8141544, 21.0722116 ], [ 105.8130893, 21.0718087 ], [ 105.8123668, 21.0719104 ], [ 105.811991299999988, 21.0709928 ], [ 105.812272, 21.0719327 ], [ 105.8111623, 21.0719283 ], [ 105.8110369, 21.0719671 ], [ 105.8111793, 21.0723431 ], [ 105.811211, 21.0731096 ], [ 105.8105879, 21.0736839 ], [ 105.811264799999989, 21.0738618 ], [ 105.811102, 21.0749521 ], [ 105.8111367, 21.0752367 ], [ 105.811379499999987, 21.0756226 ], [ 105.811927, 21.0762282 ], [ 105.8121666, 21.0766768 ], [ 105.81230739999998, 21.0773711 ], [ 105.812375, 21.0774812 ] ] ] } },
{ "type": "Feature", "properties": { "threshold_s": 900, "time_label": "15 minutes" }, "geometry": { "type": "Polygon", "coordinates": [ [ [ 105.813156299999989, 21.0794467 ], [ 105.8142968, 21.0811318 ], [ 105.81481, 21.0814583 ], [ 105.8154037, 21.0815297 ], [ 105.817582, 21.0821792 ], [ 105.818788499999982, 21.0810442 ], [ 105.819533799999988, 21.0787929 ], [ 105.8198722, 21.0770419 ], [ 105.819627199999985, 21.0758695 ], [ 105.8195516, 21.0742801 ], [ 105.817134599999989, 21.0736088 ], [ 105.8175233, 21.0723626 ], [ 105.816568099999984, 21.0727953 ], [ 105.814389100000014, 21.0721357 ], [ 105.8141314, 21.0715324 ], [ 105.8140868, 21.0714449 ], [ 105.8140077, 21.0712896 ], [ 105.811892, 21.0702868 ], [ 105.812451, 21.0690924 ], [ 105.8123599, 21.0688327 ], [ 105.8113275, 21.0682954 ], [ 105.81121, 21.0683133 ], [ 105.810351499999982, 21.0694923 ], [ 105.8089605, 21.0699603 ], [ 105.8087835, 21.0703361 ], [ 105.8087711, 21.0705285 ], [ 105.8088246, 21.070723 ], [ 105.8101921, 21.0727074 ], [ 105.8105879, 21.0736839 ], [ 105.8111367, 21.0752367 ], [ 105.811379499999987, 21.0756226 ], [ 105.811927, 21.0762282 ], [ 105.812126299999989, 21.0780875 ], [ 105.8122062, 21.0782075 ], [ 105.813156299999989, 21.0794467 ] ] ] } },
{ "type": "Feature", "properties": { "threshold_s": 300, "time_label": "5 minutes" }, "geometry": { "type": "Polygon", "coordinates": [ [ [ 105.7720981, 21.0106226 ], [ 105.771948, 21.0113352 ], [ 105.772066, 21.0114025 ], [ 105.772924, 21.0112183 ], [ 105.77298279999998, 21.0111526 ], [ 105.7730846, 21.0110391 ], [ 105.7731658, 21.0109484 ], [ 105.7742578, 21.0112758 ], [ 105.774766899999989, 21.0106402 ], [ 105.7742574, 21.0102954 ], [ 105.7740708, 21.0101103 ], [ 105.774410599999982, 21.0092922 ], [ 105.774873900000017, 21.0095125 ], [ 105.774642, 21.0086163 ], [ 105.7749629, 21.0079204 ], [ 105.77526, 21.0075381 ], [ 105.7744961, 21.0070353 ], [ 105.7743804, 21.0065575 ], [ 105.7741636, 21.0065931 ], [ 105.7740116, 21.0066181 ], [ 105.7732096, 21.0070264 ], [ 105.7729515, 21.0070929 ], [ 105.772434499999989, 21.007517 ], [ 105.772963599999983, 21.007632799999989 ], [ 105.773341, 21.0083403 ], [ 105.773125099999987, 21.0087798 ], [ 105.7732596, 21.0088395 ], [ 105.773423, 21.0097387 ], [ 105.77253, 21.0098802 ], [ 105.772417799999985, 21.009818 ], [ 105.771807399999986, 21.0099892 ], [ 105.771754, 21.0100485 ], [ 105.771627399999986, 21.010189 ], [ 105.7720981, 21.0106226 ] ] ] } },
{ "type": "Feature", "properties": { "threshold_s": 600, "time_label": "10 minutes" }, "geometry": { "type": "Polygon", "coordinates": [ [ [ 105.7698241, 21.0134181 ], [ 105.769899, 21.0138467 ], [ 105.7700135, 21.0139056 ], [ 105.7710572, 21.0140918 ], [ 105.771481199999982, 21.0132161 ], [ 105.7715946, 21.0122364 ], [ 105.772924, 21.0112183 ], [ 105.7739506, 21.0116522 ], [ 105.774873699999986, 21.0126096 ], [ 105.775007300000013, 21.0133344 ], [ 105.7750688, 21.0133819 ], [ 105.7763877, 21.0132441 ], [ 105.7774717, 21.0121336 ], [ 105.777957099999981, 21.0112398 ], [ 105.777968799999982, 21.0106638 ], [ 105.7775721, 21.009564 ], [ 105.776223, 21.0098138 ], [ 105.774873900000017, 21.0095125 ], [ 105.7748938, 21.0083843 ], [ 105.7756142, 21.0077882 ], [ 105.7759991, 21.0069781 ], [ 105.7757833, 21.005576 ], [ 105.7757037, 21.0045661 ], [ 105.775675, 21.0044637 ], [ 105.77424, 21.0047872 ], [ 105.773880399999982, 21.0035708 ], [ 105.77346919999998, 21.0032854 ], [ 105.772818499999985, 21.0034659 ], [ 105.772546, 21.0038437 ], [ 105.772822199999979, 21.0050869 ], [ 105.771373700000012, 21.005369 ], [ 105.771233899999984, 21.0058672 ], [ 105.7719774, 21.0062728 ], [ 105.772434499999989, 21.007517 ], [ 105.770742199999987, 21.0079459 ], [ 105.7704756, 21.0074075 ], [ 105.7691484, 21.0078667 ], [ 105.768984, 21.0080703 ], [ 105.769051, 21.0086617 ], [ 105.7699178, 21.0099125 ], [ 105.7694216, 21.0113174 ], [ 105.769616899999988, 21.0118715 ], [ 105.7698241, 21.0134181 ] ] ] } },
{ "type": "Feature", "properties": { "threshold_s": 900, "time_label": "15 minutes" }, "geometry": { "type": "Polygon", "coordinates": [ [ [ 105.767322799999988, 21.0137299 ], [ 105.76759, 21.0160489 ], [ 105.768783499999984, 21.0163516 ], [ 105.769664299999988, 21.0157904 ], [ 105.7710212, 21.014498 ], [ 105.773430499999989, 21.0150475 ], [ 105.7735518, 21.0153074 ], [ 105.7736608, 21.0156286 ], [ 105.773861399999987, 21.0161563 ], [ 105.7739608, 21.0164953 ], [ 105.7760008, 21.0158586 ], [ 105.7766262, 21.0155638 ], [ 105.778613399999983, 21.0154399 ], [ 105.778671599999981, 21.0153687 ], [ 105.778738299999986, 21.0152871 ], [ 105.7797423, 21.013555 ], [ 105.7800827, 21.0120241 ], [ 105.7803617, 21.0111662 ], [ 105.7805904, 21.0105124 ], [ 105.7804012, 21.0088053 ], [ 105.7800152, 21.0083585 ], [ 105.778545799999989, 21.0077601 ], [ 105.77818, 21.005696 ], [ 105.778516199999984, 21.0051535 ], [ 105.7785646, 21.0050751 ], [ 105.7785801, 21.00505 ], [ 105.778905, 21.0044907 ], [ 105.7788929, 21.0039036 ], [ 105.777559299999979, 21.0027954 ], [ 105.775219199999981, 21.0029869 ], [ 105.77346919999998, 21.0032854 ], [ 105.772818499999985, 21.0034659 ], [ 105.772546, 21.0038437 ], [ 105.771373700000012, 21.005369 ], [ 105.7706557, 21.0055121 ], [ 105.7695748, 21.005725 ], [ 105.7685522, 21.0059304 ], [ 105.767886599999983, 21.0060766 ], [ 105.7668491, 21.0067283 ], [ 105.7664932, 21.0077333 ], [ 105.766301, 21.0083569 ], [ 105.7669547, 21.0098359 ], [ 105.767592099999987, 21.0108958 ], [ 105.7670844, 21.0126878 ], [ 105.767322799999988, 21.0137299 ] ] ] } },
{ "type": "Feature", "properties": { "threshold_s": 300, "time_label": "5 minutes" }, "geometry": { "type": "Polygon", "coordinates": [ [ [ 105.8259438, 21.0645365 ], [ 105.8265473, 21.0663962 ], [ 105.826946699999979, 21.0659615 ], [ 105.8272912, 21.0655832 ], [ 105.8275401, 21.0652121 ], [ 105.8276535, 21.0650398 ], [ 105.828135, 21.0643323 ], [ 105.828480399999989, 21.0639034 ], [ 105.8291705, 21.0630847 ], [ 105.829448, 21.0628147 ], [ 105.8293449, 21.0627201 ], [ 105.8283188, 21.0625789 ], [ 105.828077100000016, 21.0622839 ], [ 105.8278676, 21.0634106 ], [ 105.8268158, 21.0637767 ], [ 105.8261638, 21.0642192 ], [ 105.8259438, 21.0645365 ] ] ] } },
{ "type": "Feature", "properties": { "threshold_s": 600, "time_label": "10 minutes" }, "geometry": { "type": "Polygon", "coordinates": [ [ [ 105.8244898, 21.0671316 ], [ 105.8242435, 21.0687584 ], [ 105.825952, 21.0698165 ], [ 105.827558899999985, 21.0685131 ], [ 105.827299699999983, 21.0671643 ], [ 105.8276535, 21.0650398 ], [ 105.828135, 21.0643323 ], [ 105.828480399999989, 21.0639034 ], [ 105.8291705, 21.0630847 ], [ 105.829448, 21.0628147 ], [ 105.8318111, 21.0619289 ], [ 105.832371199999983, 21.0618675 ], [ 105.8330442, 21.0609141 ], [ 105.833023699999984, 21.0608049 ], [ 105.8329616, 21.0606965 ], [ 105.8326363, 21.0603506 ], [ 105.8316767, 21.0605656 ], [ 105.831471, 21.061454 ], [ 105.8293449, 21.0627201 ], [ 105.828242099999983, 21.0617176 ], [ 105.8277678, 21.0609907 ], [ 105.826859, 21.0599392 ], [ 105.8259038, 21.0608793 ], [ 105.8240602, 21.061614 ], [ 105.8230738, 21.06225 ], [ 105.822842900000012, 21.0627096 ], [ 105.823564799999986, 21.0648505 ], [ 105.823335299999982, 21.065201 ], [ 105.823934799999989, 21.0659962 ], [ 105.8244898, 21.0671316 ] ] ] } },
{ "type": "Feature", "properties": { "threshold_s": 900, "time_label": "15 minutes" }, "geometry": { "type": "Polygon", "coordinates": [ [ [ 105.822055300000017, 21.0690818 ], [ 105.8222915, 21.0711882 ], [ 105.8237685, 21.0711742 ], [ 105.825379, 21.0729368 ], [ 105.8257415, 21.072472 ], [ 105.8277443, 21.0714149 ], [ 105.8300389, 21.0703201 ], [ 105.8301281, 21.0701376 ], [ 105.829745, 21.0684225 ], [ 105.829576, 21.0673051 ], [ 105.829008799999983, 21.0661224 ], [ 105.83044120000001, 21.0647504 ], [ 105.8306866, 21.0647185 ], [ 105.8313176, 21.0645003 ], [ 105.8327436, 21.0643562 ], [ 105.833844299999981, 21.0640518 ], [ 105.8349399, 21.0619187 ], [ 105.8350641, 21.0617747 ], [ 105.835233799999983, 21.0615771 ], [ 105.83540690000001, 21.0613883 ], [ 105.8352739, 21.0596393 ], [ 105.8353421, 21.0585827 ], [ 105.8350074, 21.0583501 ], [ 105.833018700000011, 21.0575406 ], [ 105.8318563, 21.0584695 ], [ 105.8298325, 21.0580202 ], [ 105.8292296, 21.0589511 ], [ 105.826859, 21.0599392 ], [ 105.8257031, 21.0588372 ], [ 105.8251668, 21.0593394 ], [ 105.823646299999979, 21.0603334 ], [ 105.8225602, 21.0603777 ], [ 105.8203283, 21.061765 ], [ 105.8203108, 21.0618275 ], [ 105.8200503, 21.0630447 ], [ 105.8214042, 21.0633275 ], [ 105.821765299999981, 21.0651393 ], [ 105.821081199999981, 21.0659873 ], [ 105.821058, 21.0660254 ], [ 105.8213878, 21.0674435 ], [ 105.822055300000017, 21.0690818 ] ] ] } },
{ "type": "Feature", "properties": { "threshold_s": 300, "time_label": "5 minutes" }, "geometry": { "type": "Polygon", "coordinates": [ [ [ 105.8726519, 21.0802601 ], [ 105.8733046, 21.0812433 ], [ 105.87314929999998, 21.0799302 ], [ 105.8739182, 21.0797241 ], [ 105.8745985, 21.0800092 ], [ 105.874930599999985, 21.0801675 ], [ 105.8750679, 21.080234 ], [ 105.875444799999983, 21.0804233 ], [ 105.8749466, 21.0793402 ], [ 105.875151799999983, 21.0789598 ], [ 105.8752191, 21.0788268 ], [ 105.8757635, 21.0780467 ], [ 105.8762937, 21.0775233 ], [ 105.875554799999989, 21.0767359 ], [ 105.8751787, 21.0765925 ], [ 105.8750005, 21.0770243 ], [ 105.876024499999986, 21.0774129 ], [ 105.875902699999983, 21.0777428 ], [ 105.8753936, 21.0780678 ], [ 105.8753123, 21.0782633 ], [ 105.8744503, 21.0784348 ], [ 105.873953199999988, 21.077806 ], [ 105.8736585, 21.0784106 ], [ 105.873409399999986, 21.0788683 ], [ 105.8726519, 21.0802601 ] ] ] } },
{ "type": "Feature", "properties": { "threshold_s": 600, "time_label": "10 minutes" }, "geometry": { "type": "Polygon", "coordinates": [ [ [ 105.8715712, 21.0822944 ], [ 105.8725306, 21.0841917 ], [ 105.872953699999982, 21.0836771 ], [ 105.8730367, 21.0834531 ], [ 105.873576499999984, 21.0827849 ], [ 105.875693399999989, 21.0827505 ], [ 105.876789599999981, 21.0813897 ], [ 105.8774172, 21.0806194 ], [ 105.8781564, 21.079712 ], [ 105.879654599999981, 21.0789054 ], [ 105.8793984, 21.0783691 ], [ 105.87851209999998, 21.0765059 ], [ 105.8780789, 21.0751084 ], [ 105.8779671, 21.0750367 ], [ 105.8768888, 21.074354 ], [ 105.8752536, 21.0732059 ], [ 105.87472, 21.0735762 ], [ 105.8749841, 21.0750447 ], [ 105.8751787, 21.0765925 ], [ 105.873953199999988, 21.077806 ], [ 105.8732111, 21.0786453 ], [ 105.8726519, 21.0802601 ], [ 105.872087899999983, 21.0807636 ], [ 105.8715712, 21.0822944 ] ] ] } },
{ "type": "Feature", "properties": { "threshold_s": 900, "time_label": "15 minutes" }, "geometry": { "type": "Polygon", "coordinates": [ [ [ 105.869490199999987, 21.0845278 ], [ 105.870653299999987, 21.0868551 ], [ 105.8733988, 21.0861718 ], [ 105.87465, 21.0858997 ], [ 105.8757632, 21.0854059 ], [ 105.8766429, 21.084928 ], [ 105.877220599999987, 21.0843612 ], [ 105.877460099999979, 21.0840332 ], [ 105.878307299999989, 21.0813035 ], [ 105.880850099999989, 21.0806317 ], [ 105.8812377, 21.0779659 ], [ 105.8812519, 21.0771734 ], [ 105.8810738, 21.0746061 ], [ 105.879879, 21.0740625 ], [ 105.877163300000021, 21.0729963 ], [ 105.8758068, 21.071121 ], [ 105.87260209999998, 21.0722779 ], [ 105.871739099999985, 21.0724056 ], [ 105.8719477, 21.0728674 ], [ 105.8729649, 21.0742108 ], [ 105.8734859, 21.0749343 ], [ 105.8731945, 21.0778304 ], [ 105.872087899999983, 21.0807636 ], [ 105.8715712, 21.0822944 ], [ 105.869321099999979, 21.0841348 ], [ 105.869490199999987, 21.0845278 ] ] ] } },
{ "type": "Feature", "properties": { "threshold_s": 300, "time_label": "5 minutes" }, "geometry": { "type": "Polygon", "coordinates": [ [ [ 105.821335, 21.0206198 ], [ 105.821317100000016, 21.0211228 ], [ 105.8218702, 21.0209913 ], [ 105.8226369, 21.0213386 ], [ 105.822865099999987, 21.0214094 ], [ 105.822883100000013, 21.0212512 ], [ 105.8236248, 21.0206794 ], [ 105.824116599999982, 21.0210253 ], [ 105.8242345, 21.0203798 ], [ 105.8250929, 21.0200125 ], [ 105.825357899999986, 21.0197841 ], [ 105.8252263, 21.0195457 ], [ 105.8256173, 21.0187352 ], [ 105.824875, 21.0189377 ], [ 105.8247704, 21.0180619 ], [ 105.824535, 21.0178955 ], [ 105.8238348, 21.0175711 ], [ 105.8238937, 21.0180644 ], [ 105.823658199999983, 21.0185706 ], [ 105.823109699999989, 21.0187853 ], [ 105.8225503, 21.0186339 ], [ 105.8217917, 21.0190768 ], [ 105.821050299999982, 21.0190995 ], [ 105.820520499999986, 21.0196682 ], [ 105.8201936, 21.019679 ], [ 105.8204759, 21.020299 ], [ 105.821335, 21.0206198 ] ] ] } },
{ "type": "Feature", "properties": { "threshold_s": 600, "time_label": "10 minutes" }, "geometry": { "type": "Polygon", "coordinates": [ [ [ 105.8183958, 21.0213033 ], [ 105.8189888, 21.0221275 ], [ 105.820607599999988, 21.0227058 ], [ 105.822012199999989, 21.0225246 ], [ 105.823197799999988, 21.0223659 ], [ 105.824635099999981, 21.0223078 ], [ 105.8262447, 21.0222161 ], [ 105.826613, 21.0225991 ], [ 105.8266616, 21.0225842 ], [ 105.8271268, 21.0213548 ], [ 105.8273084, 21.0205083 ], [ 105.8273276, 21.0200372 ], [ 105.8275782, 21.0184464 ], [ 105.828400099999982, 21.0172266 ], [ 105.827765499999984, 21.016742 ], [ 105.827434299999979, 21.0166489 ], [ 105.826104099999981, 21.0155161 ], [ 105.8241854, 21.0150856 ], [ 105.8233081, 21.0147845 ], [ 105.822607, 21.0151029 ], [ 105.821900299999982, 21.0156963 ], [ 105.8212294, 21.0164488 ], [ 105.821196299999983, 21.0165016 ], [ 105.8210061, 21.0168052 ], [ 105.8229102, 21.0168195 ], [ 105.8225503, 21.0186339 ], [ 105.820918899999981, 21.0187442 ], [ 105.8208529, 21.0187699 ], [ 105.8193248, 21.0190549 ], [ 105.818657799999983, 21.0192562 ], [ 105.817424099999982, 21.0201772 ], [ 105.8183958, 21.0213033 ] ] ] } },
{ "type": "Feature", "properties": { "threshold_s": 900, "time_label": "15 minutes" }, "geometry": { "type": "Polygon", "coordinates": [ [ [ 105.814848499999982, 21.0212129 ], [ 105.815118499999983, 21.0215422 ], [ 105.8158204, 21.0220414 ], [ 105.8173933, 21.0224023 ], [ 105.817848499999982, 21.0236819 ], [ 105.8178978, 21.0239717 ], [ 105.8186182, 21.0239498 ], [ 105.820086799999984, 21.0239923 ], [ 105.821045, 21.0245766 ], [ 105.8220264, 21.0245273 ], [ 105.8235228, 21.0242713 ], [ 105.824152, 21.0253355 ], [ 105.825636399999979, 21.0250944 ], [ 105.8264775, 21.0252003 ], [ 105.827504299999987, 21.0257152 ], [ 105.8275853, 21.0256966 ], [ 105.828591599999982, 21.024288 ], [ 105.8291791, 21.0232128 ], [ 105.8292751, 21.0217885 ], [ 105.829118699999981, 21.021053 ], [ 105.829136799999986, 21.0194364 ], [ 105.830306599999986, 21.01926 ], [ 105.8307709, 21.0191322 ], [ 105.8306122, 21.018745 ], [ 105.8307863, 21.0172252 ], [ 105.8307408, 21.0171407 ], [ 105.8300049, 21.0158421 ], [ 105.8299859, 21.0154439 ], [ 105.8285669, 21.0146561 ], [ 105.828405800000013, 21.0143497 ], [ 105.827093499999989, 21.0139583 ], [ 105.8265638, 21.0136222 ], [ 105.8253872, 21.0144222 ], [ 105.8243647, 21.0136334 ], [ 105.824535199999985, 21.0125101 ], [ 105.8233114, 21.0126032 ], [ 105.8218555, 21.0128691 ], [ 105.820932, 21.013365 ], [ 105.820527899999988, 21.0135931 ], [ 105.8189837, 21.0136561 ], [ 105.8188156, 21.0136887 ], [ 105.8186483, 21.0138146 ], [ 105.818534799999981, 21.0139478 ], [ 105.8181544, 21.0151627 ], [ 105.8177545, 21.0160969 ], [ 105.816579600000011, 21.016363 ], [ 105.8151304, 21.0165399 ], [ 105.8150487, 21.0165795 ], [ 105.8150291, 21.0168911 ], [ 105.8152174, 21.0173257 ], [ 105.815571899999981, 21.0180653 ], [ 105.8156337, 21.0196363 ], [ 105.814929299999989, 21.0205974 ], [ 105.814848499999982, 21.0212129 ] ] ] } },
{ "type": "Feature", "properties": { "threshold_s": 300, "time_label": "5 minutes" }, "geometry": { "type": "Polygon", "coordinates": [ [ [ 105.8195936, 21.0068552 ], [ 105.8196644, 21.0077541 ], [ 105.81988149999998, 21.0074937 ], [ 105.8206864, 21.0076821 ], [ 105.8207373, 21.0077239 ], [ 105.8215306, 21.0074624 ], [ 105.821708699999988, 21.0072942 ], [ 105.822003899999984, 21.006843 ], [ 105.8225182, 21.0066804 ], [ 105.8230713, 21.007065 ], [ 105.823168, 21.0072424 ], [ 105.823252599999989, 21.0072023 ], [ 105.823228499999985, 21.0066136 ], [ 105.8233402, 21.0059169 ], [ 105.824076600000012, 21.004905 ], [ 105.8230758, 21.0054313 ], [ 105.822756, 21.0047772 ], [ 105.8224562, 21.0041254 ], [ 105.822385, 21.0041874 ], [ 105.8217497, 21.0044381 ], [ 105.8216974, 21.0044676 ], [ 105.8214676, 21.0046099 ], [ 105.8206721, 21.0044662 ], [ 105.8205518, 21.0038486 ], [ 105.82065249999998, 21.0036558 ], [ 105.8206802, 21.0036036 ], [ 105.820782600000015, 21.0033732 ], [ 105.820056, 21.0035008 ], [ 105.819821, 21.0041552 ], [ 105.8193986, 21.0042027 ], [ 105.81950590000001, 21.0044743 ], [ 105.819908499999983, 21.0047303 ], [ 105.820214, 21.0049597 ], [ 105.820731399999985, 21.0053856 ], [ 105.8204091, 21.0059316 ], [ 105.819920899999985, 21.005884 ], [ 105.819599399999987, 21.0058843 ], [ 105.8197526, 21.0066344 ], [ 105.8195936, 21.0068552 ] ] ] } },
{ "type": "Feature", "properties": { "threshold_s": 600, "time_label": "10 minutes" }, "geometry": { "type": "Polygon", "coordinates": [ [ [ 105.8187022, 21.0095878 ], [ 105.8186204, 21.0101292 ], [ 105.818665399999986, 21.0101674 ], [ 105.8187931, 21.0101104 ], [ 105.820264699999981, 21.0094478 ], [ 105.8219373, 21.009563 ], [ 105.8231539, 21.0099321 ], [ 105.82484119999998, 21.0099501 ], [ 105.825574, 21.0087416 ], [ 105.825332499999988, 21.0071108 ], [ 105.825903499999981, 21.0058176 ], [ 105.826011599999987, 21.005017 ], [ 105.825817299999983, 21.0046567 ], [ 105.8250439, 21.0043628 ], [ 105.824076600000012, 21.004905 ], [ 105.8229364, 21.0042484 ], [ 105.8231479, 21.0031891 ], [ 105.8236097, 21.0023528 ], [ 105.8233018, 21.0024802 ], [ 105.8216883, 21.0024709 ], [ 105.8212572, 21.002255 ], [ 105.820172899999989, 21.00173 ], [ 105.8189027, 21.0017867 ], [ 105.817849399999986, 21.0015574 ], [ 105.8178138, 21.0016539 ], [ 105.81784949999998, 21.003304 ], [ 105.8175642, 21.0034427 ], [ 105.8172555, 21.0042574 ], [ 105.8172081, 21.0051847 ], [ 105.8181867, 21.0065961 ], [ 105.817412799999985, 21.0073008 ], [ 105.8176137, 21.0084407 ], [ 105.8187022, 21.0095878 ] ] ] } },
{ "type": "Feature", "properties": { "threshold_s": 900, "time_label": "15 minutes" }, "geometry": { "type": "Polygon", "coordinates": [ [ [ 105.8166866, 21.0126502 ], [ 105.8167111, 21.0126812 ], [ 105.817159799999985, 21.0127289 ], [ 105.8173715, 21.0127184 ], [ 105.818500499999985, 21.0125568 ], [ 105.8207957, 21.0122357 ], [ 105.820984599999989, 21.0122387 ], [ 105.8233114, 21.0126032 ], [ 105.8238935, 21.0128874 ], [ 105.8263999, 21.0128079 ], [ 105.8264424, 21.0127857 ], [ 105.8265101, 21.0126876 ], [ 105.8267893, 21.0105304 ], [ 105.827376699999988, 21.0096128 ], [ 105.828330899999983, 21.0082146 ], [ 105.828302199999982, 21.0076611 ], [ 105.8287671, 21.0052875 ], [ 105.828981299999981, 21.0044063 ], [ 105.827458399999983, 21.00286 ], [ 105.8269812, 21.001915 ], [ 105.826278499999987, 21.0016881 ], [ 105.8240827, 21.0011776 ], [ 105.8224099, 21.0001849 ], [ 105.8222007, 21.0002549 ], [ 105.819984, 21.0005001 ], [ 105.819172599999987, 20.9996743 ], [ 105.818691099999981, 20.9990065 ], [ 105.817804899999985, 20.9995431 ], [ 105.8156266, 20.9996716 ], [ 105.81506349999998, 20.9998424 ], [ 105.815528499999985, 21.000845 ], [ 105.815489499999984, 21.0023396 ], [ 105.8143988, 21.0045589 ], [ 105.814391, 21.0045789 ], [ 105.8153402, 21.0066666 ], [ 105.8153637, 21.0077986 ], [ 105.816184899999982, 21.0097589 ], [ 105.8162611, 21.0106983 ], [ 105.8166866, 21.0126502 ] ] ] } },
{ "type": "Feature", "properties": { "threshold_s": 300, "time_label": "5 minutes" }, "geometry": { "type": "Polygon", "coordinates": [ [ [ 105.8326589, 20.965949 ], [ 105.8333229, 20.9665927 ], [ 105.8334222, 20.9665622 ], [ 105.833453599999984, 20.9663083 ], [ 105.8330353, 20.9658189 ], [ 105.8333486, 20.9651843 ], [ 105.8343771, 20.9654029 ], [ 105.834626799999981, 20.9661285 ], [ 105.834656599999988, 20.9662151 ], [ 105.8353627, 20.9663962 ], [ 105.835321, 20.9661082 ], [ 105.83615829999998, 20.9654732 ], [ 105.8364067, 20.9656629 ], [ 105.836569199999985, 20.9659738 ], [ 105.8367259, 20.9659593 ], [ 105.836918700000012, 20.9659414 ], [ 105.837034099999983, 20.9654986 ], [ 105.837292299999987, 20.964735 ], [ 105.837078799999986, 20.9644445 ], [ 105.8369085, 20.9643197 ], [ 105.8366268, 20.9645204 ], [ 105.835718, 20.9644366 ], [ 105.8352492, 20.9635943 ], [ 105.835009, 20.9633439 ], [ 105.834735499999979, 20.9632946 ], [ 105.8346618, 20.9637737 ], [ 105.8337836, 20.9641126 ], [ 105.833485399999986, 20.9630917 ], [ 105.8335842, 20.9625842 ], [ 105.833254499999981, 20.9625263 ], [ 105.8327983, 20.9629801 ], [ 105.832315099999988, 20.9633208 ], [ 105.8312641, 20.9638711 ], [ 105.8317395, 20.9640989 ], [ 105.8321189, 20.9650036 ], [ 105.8326589, 20.965949 ] ] ] } },
{ "type": "Feature", "properties": { "threshold_s": 600, "time_label": "10 minutes" }, "geometry": { "type": "Polygon", "coordinates": [ [ [ 105.8293688, 20.965098 ], [ 105.8293317, 20.9653071 ], [ 105.829356899999979, 20.9653476 ], [ 105.8303584, 20.9657829 ], [ 105.830911, 20.9658736 ], [ 105.831228699999983, 20.9659211 ], [ 105.8313425, 20.9659381 ], [ 105.8322623, 20.966886 ], [ 105.8326329, 20.9673162 ], [ 105.8335361, 20.9675523 ], [ 105.833983299999986, 20.9677065 ], [ 105.8348775, 20.9685 ], [ 105.834966499999979, 20.9680413 ], [ 105.836134099999981, 20.9679098 ], [ 105.8363008, 20.9681519 ], [ 105.8375702, 20.9681836 ], [ 105.838007, 20.9682897 ], [ 105.838873, 20.9673198 ], [ 105.8394087, 20.9661527 ], [ 105.839357, 20.966024 ], [ 105.8390584, 20.9657062 ], [ 105.8383737, 20.9652341 ], [ 105.8378861, 20.9648676 ], [ 105.8375785, 20.964637 ], [ 105.8369085, 20.9643197 ], [ 105.835718, 20.9644366 ], [ 105.8352492, 20.9635943 ], [ 105.835009, 20.9633439 ], [ 105.834735499999979, 20.9632946 ], [ 105.8335842, 20.9625842 ], [ 105.833254499999981, 20.9625263 ], [ 105.83288589999998, 20.9624632 ], [ 105.831552, 20.9622384 ], [ 105.830816699999986, 20.9626584 ], [ 105.8298303, 20.9624983 ], [ 105.8296344, 20.9636018 ], [ 105.8295817, 20.9638985 ], [ 105.8293688, 20.965098 ] ] ] } },
{ "type": "Feature", "properties": { "threshold_s": 900, "time_label": "15 minutes" }, "geometry": { "type": "Polygon", "coordinates": [ [ [ 105.82755109999998, 20.9684611 ], [ 105.8274414, 20.9695138 ], [ 105.829149799999982, 20.9705299 ], [ 105.8301585, 20.9699796 ], [ 105.8302709, 20.9696916 ], [ 105.8335361, 20.9675523 ], [ 105.8348775, 20.9685 ], [ 105.8362254, 20.96867 ], [ 105.8371277, 20.9687507 ], [ 105.8376594, 20.9686491 ], [ 105.838700599999981, 20.9680912 ], [ 105.842302, 20.9668749 ], [ 105.842896, 20.966293 ], [ 105.843272499999983, 20.9659057 ], [ 105.843221499999984, 20.965743 ], [ 105.8421721, 20.9649234 ], [ 105.8415348, 20.964836 ], [ 105.8375785, 20.964637 ], [ 105.8369085, 20.9643197 ], [ 105.835009, 20.9633439 ], [ 105.8335842, 20.9625842 ], [ 105.833254499999981, 20.9625263 ], [ 105.83288589999998, 20.9624632 ], [ 105.831552, 20.9622384 ], [ 105.8282571, 20.9604839 ], [ 105.8261843, 20.9619107 ], [ 105.8257288, 20.9650263 ], [ 105.82755109999998, 20.9684611 ] ] ] } },
{ "type": "Feature", "properties": { "threshold_s": 300, "time_label": "5 minutes" }, "geometry": { "type": "Polygon", "coordinates": [ [ [ 105.8074581, 21.0672873 ], [ 105.8079064, 21.0680502 ], [ 105.808210200000019, 21.067899 ], [ 105.807785699999982, 21.0669024 ], [ 105.8084201, 21.066709 ], [ 105.80937179999998, 21.0661822 ], [ 105.8092674, 21.0657953 ], [ 105.81000659999998, 21.0652296 ], [ 105.809943799999985, 21.0650341 ], [ 105.809006899999986, 21.0648118 ], [ 105.8085229, 21.0646953 ], [ 105.807769799999988, 21.0642784 ], [ 105.8082243, 21.0635891 ], [ 105.8077504, 21.0631233 ], [ 105.807757199999983, 21.063605 ], [ 105.807171, 21.0644526 ], [ 105.8063652, 21.0641987 ], [ 105.805788099999987, 21.0643787 ], [ 105.8054955, 21.0644768 ], [ 105.8055369, 21.0652284 ], [ 105.806145, 21.0655301 ], [ 105.806875099999985, 21.0661462 ], [ 105.80714930000002, 21.0666249 ], [ 105.8074581, 21.0672873 ] ] ] } },
{ "type": "Feature", "properties": { "threshold_s": 600, "time_label": "10 minutes" }, "geometry": { "type": "Polygon", "coordinates": [ [ [ 105.8034261, 21.0665862 ], [ 105.8037226, 21.0675209 ], [ 105.803872399999989, 21.067665 ], [ 105.805464, 21.0673424 ], [ 105.8066815, 21.0680769 ], [ 105.806979899999988, 21.0681008 ], [ 105.808148, 21.0690728 ], [ 105.8082348, 21.0692416 ], [ 105.8084953, 21.0706256 ], [ 105.809007099999988, 21.0708252 ], [ 105.809363500000018, 21.0707664 ], [ 105.810351499999982, 21.0694923 ], [ 105.8106329, 21.068533 ], [ 105.8110999, 21.0678628 ], [ 105.811406, 21.0670372 ], [ 105.810456799999983, 21.0658955 ], [ 105.8108022, 21.0649311 ], [ 105.8102386, 21.0645171 ], [ 105.81008, 21.063344 ], [ 105.809344, 21.0627276 ], [ 105.809223, 21.0616633 ], [ 105.8093435, 21.0612735 ], [ 105.8089761, 21.0607971 ], [ 105.807790299999979, 21.0605629 ], [ 105.8077191, 21.0607029 ], [ 105.8075754, 21.0613001 ], [ 105.8065002, 21.0619459 ], [ 105.80551269999998, 21.0615379 ], [ 105.8046824, 21.0614737 ], [ 105.8045724, 21.0615812 ], [ 105.804253799999984, 21.0619362 ], [ 105.8032561, 21.0629128 ], [ 105.8032161, 21.0635355 ], [ 105.8032531, 21.0641485 ], [ 105.8035627, 21.0646216 ], [ 105.80460979999998, 21.0655604 ], [ 105.8039951, 21.066239 ], [ 105.8034261, 21.0665862 ] ] ] } },
{ "type": "Feature", "properties": { "threshold_s": 900, "time_label": "15 minutes" }, "geometry": { "type": "Polygon", "coordinates": [ [ [ 105.8014753, 21.0692082 ], [ 105.8015994, 21.0701552 ], [ 105.8017122, 21.0701958 ], [ 105.8028325, 21.0701117 ], [ 105.803064599999985, 21.0700733 ], [ 105.804617199999981, 21.0699695 ], [ 105.805646199999984, 21.0719513 ], [ 105.8057588, 21.0720815 ], [ 105.8066421, 21.0725833 ], [ 105.8089514, 21.0734645 ], [ 105.8094925, 21.0737337 ], [ 105.8105879, 21.0736839 ], [ 105.8111243, 21.0735135 ], [ 105.811991299999988, 21.0709928 ], [ 105.812451, 21.0690924 ], [ 105.8123599, 21.0688327 ], [ 105.8116724, 21.0675572 ], [ 105.8108022, 21.0649311 ], [ 105.8100873, 21.0626012 ], [ 105.809419799999986, 21.0601428 ], [ 105.8088967, 21.0586644 ], [ 105.806951899999987, 21.0578931 ], [ 105.8045705, 21.0586249 ], [ 105.803306, 21.060225 ], [ 105.803590299999982, 21.0609822 ], [ 105.800819099999984, 21.0619877 ], [ 105.800600799999984, 21.0621066 ], [ 105.800442, 21.0622051 ], [ 105.80028249999998, 21.0623641 ], [ 105.8002969, 21.0627249 ], [ 105.800663199999988, 21.0645417 ], [ 105.8010893, 21.0668612 ], [ 105.8014753, 21.0692082 ] ] ] } },
{ "type": "Feature", "properties": { "threshold_s": 300, "time_label": "5 minutes" }, "geometry": { "type": "Polygon", "coordinates": [ [ [ 105.6730162, 21.1718929 ], [ 105.673352699999981, 21.1723376 ], [ 105.6739572, 21.1713553 ], [ 105.675241, 21.1703595 ], [ 105.6759268, 21.1709496 ], [ 105.6764173, 21.1711436 ], [ 105.6774151, 21.1703628 ], [ 105.676283399999988, 21.1698107 ], [ 105.6756589, 21.1687742 ], [ 105.6754661, 21.1678978 ], [ 105.675386, 21.1678846 ], [ 105.675571, 21.1688088 ], [ 105.674694, 21.1702494 ], [ 105.6740208, 21.1704996 ], [ 105.6735002, 21.1716129 ], [ 105.6728742, 21.1715545 ], [ 105.6730162, 21.1718929 ] ] ] } },
{ "type": "Feature", "properties": { "threshold_s": 600, "time_label": "10 minutes" }, "geometry": { "type": "Polygon", "coordinates": [ [ [ 105.671533, 21.1736085 ], [ 105.6718791, 21.1744168 ], [ 105.6724396, 21.1742118 ], [ 105.6737043, 21.174113 ], [ 105.67450479999998, 21.174962 ], [ 105.6758137, 21.174497 ], [ 105.6766131, 21.1733228 ], [ 105.6774755, 21.1729433 ], [ 105.6778979, 21.1723567 ], [ 105.678826, 21.1712862 ], [ 105.6791401, 21.170692 ], [ 105.6795877, 21.1698699 ], [ 105.679714, 21.1687134 ], [ 105.68072309999998, 21.1684571 ], [ 105.680229499999982, 21.168121 ], [ 105.6789735, 21.1679656 ], [ 105.678501699999984, 21.1679232 ], [ 105.678127, 21.1678896 ], [ 105.677496799999986, 21.1666237 ], [ 105.6766306, 21.1663588 ], [ 105.6763087, 21.1665239 ], [ 105.6758621, 21.1676887 ], [ 105.675191199999986, 21.167603 ], [ 105.6749909, 21.1675774 ], [ 105.675386, 21.1678846 ], [ 105.675571, 21.1688088 ], [ 105.6759838, 21.169963 ], [ 105.675241, 21.1703595 ], [ 105.674694, 21.1702494 ], [ 105.6740302, 21.1693128 ], [ 105.6737901, 21.1693465 ], [ 105.6724404, 21.1688503 ], [ 105.673127899999983, 21.1679222 ], [ 105.671901, 21.1680784 ], [ 105.671705399999979, 21.1680966 ], [ 105.6717436, 21.1690389 ], [ 105.6717651, 21.1694541 ], [ 105.67066269999998, 21.1705193 ], [ 105.6701245, 21.1704447 ], [ 105.6705746, 21.1707757 ], [ 105.67179059999998, 21.1711445 ], [ 105.6720292, 21.1716283 ], [ 105.67219489999998, 21.1730833 ], [ 105.6706262, 21.172999 ], [ 105.671533, 21.1736085 ] ] ] } },
{ "type": "Feature", "properties": { "threshold_s": 900, "time_label": "15 minutes" }, "geometry": { "type": "Polygon", "coordinates": [ [ [ 105.6668975, 21.1732297 ], [ 105.6673032, 21.1743395 ], [ 105.6689005, 21.1746244 ], [ 105.6695158, 21.1746445 ], [ 105.6718791, 21.1744168 ], [ 105.6724557, 21.1745339 ], [ 105.673511199999979, 21.1763372 ], [ 105.674049, 21.1770575 ], [ 105.674207199999984, 21.1773339 ], [ 105.674606, 21.1772257 ], [ 105.6768808, 21.1773922 ], [ 105.6769934, 21.1757314 ], [ 105.6775058, 21.1750213 ], [ 105.677673899999988, 21.1748659 ], [ 105.678721399999986, 21.1736748 ], [ 105.680248799999987, 21.1738493 ], [ 105.680335, 21.1729068 ], [ 105.680465499999983, 21.1713925 ], [ 105.680557099999987, 21.1698564 ], [ 105.682310200000018, 21.1683823 ], [ 105.6827894, 21.1684328 ], [ 105.6833632, 21.1683075 ], [ 105.6825355, 21.1663813 ], [ 105.6825569, 21.165821 ], [ 105.681345099999987, 21.1642787 ], [ 105.6810353, 21.1637028 ], [ 105.6794952, 21.1648073 ], [ 105.677873799999986, 21.1637362 ], [ 105.6771442, 21.1637909 ], [ 105.676125399999989, 21.1643118 ], [ 105.6763878, 21.1650006 ], [ 105.6763087, 21.1665239 ], [ 105.6749909, 21.1675774 ], [ 105.6728004, 21.1666765 ], [ 105.6722509, 21.1655883 ], [ 105.670008600000017, 21.1664508 ], [ 105.6691818, 21.1666384 ], [ 105.6696538, 21.1671876 ], [ 105.6702342, 21.1691689 ], [ 105.6684209, 21.1699848 ], [ 105.667763899999983, 21.1705558 ], [ 105.6677216, 21.170774 ], [ 105.6673261, 21.1728226 ], [ 105.6668975, 21.1732297 ] ] ] } },
{ "type": "Feature", "properties": { "threshold_s": 300, "time_label": "5 minutes" }, "geometry": { "type": "Polygon", "coordinates": [ [ [ 105.861090599999983, 21.0126474 ], [ 105.8610401, 21.0129177 ], [ 105.8617943, 21.0132425 ], [ 105.861829499999985, 21.01308 ], [ 105.862318499999986, 21.012588 ], [ 105.8630248, 21.0129619 ], [ 105.862959, 21.0134644 ], [ 105.862915299999983, 21.0136368 ], [ 105.863243899999986, 21.0130353 ], [ 105.8635744, 21.0127808 ], [ 105.8637369, 21.0118001 ], [ 105.8645785, 21.0116452 ], [ 105.864153, 21.0112723 ], [ 105.8642182, 21.0106732 ], [ 105.864554199999986, 21.0100688 ], [ 105.8646076, 21.0099894 ], [ 105.8644361, 21.0095012 ], [ 105.86381, 21.0094309 ], [ 105.863548699999981, 21.0088922 ], [ 105.8635417, 21.0087864 ], [ 105.8635329, 21.0086304 ], [ 105.8635275, 21.0085409 ], [ 105.8633249, 21.0085538 ], [ 105.8623304, 21.0088016 ], [ 105.8626194, 21.009657 ], [ 105.8623105, 21.0106289 ], [ 105.862173700000014, 21.0114201 ], [ 105.8618689, 21.0117818 ], [ 105.8610336, 21.011686 ], [ 105.860785899999982, 21.0118226 ], [ 105.861090599999983, 21.0126474 ] ] ] } },
{ "type": "Feature", "properties": { "threshold_s": 600, "time_label": "10 minutes" }, "geometry": { "type": "Polygon", "coordinates": [ [ [ 105.858755500000015, 21.0146453 ], [ 105.858739699999987, 21.0147017 ], [ 105.858971700000012, 21.0147956 ], [ 105.859588599999981, 21.0149919 ], [ 105.859653, 21.0150046 ], [ 105.859715, 21.0150169 ], [ 105.859768699999989, 21.0147563 ], [ 105.85977029999998, 21.0142356 ], [ 105.860863499999979, 21.013714 ], [ 105.860927, 21.01363 ], [ 105.8617943, 21.0132425 ], [ 105.8627092, 21.0141198 ], [ 105.8629557, 21.0148415 ], [ 105.862403, 21.0156144 ], [ 105.862306599999982, 21.0160831 ], [ 105.8623622, 21.0160987 ], [ 105.8636939, 21.016032 ], [ 105.8648357, 21.0152539 ], [ 105.8655468, 21.0144409 ], [ 105.8659067, 21.0137624 ], [ 105.8657098, 21.0130434 ], [ 105.8657318, 21.0120932 ], [ 105.8657023, 21.0113336 ], [ 105.865740599999981, 21.0104438 ], [ 105.8666255, 21.0099448 ], [ 105.867132600000019, 21.0094921 ], [ 105.866851, 21.0087629 ], [ 105.8667999, 21.0075861 ], [ 105.8659501, 21.0068385 ], [ 105.8652538, 21.0064162 ], [ 105.864649299999982, 21.0062403 ], [ 105.8640954, 21.0068977 ], [ 105.86283779999998, 21.007255 ], [ 105.8619109, 21.0069563 ], [ 105.8608269, 21.007388 ], [ 105.8605941, 21.0077064 ], [ 105.86039479999998, 21.0082565 ], [ 105.859297899999987, 21.0088694 ], [ 105.85929680000001, 21.0088995 ], [ 105.8592908, 21.0090086 ], [ 105.8598583, 21.0098552 ], [ 105.859172299999983, 21.0104411 ], [ 105.8585457, 21.0108589 ], [ 105.8582487, 21.0116911 ], [ 105.858150399999985, 21.0128539 ], [ 105.8581862, 21.0128788 ], [ 105.859150299999982, 21.0134111 ], [ 105.858755500000015, 21.0146453 ] ] ] } },
{ "type": "Feature", "properties": { "threshold_s": 900, "time_label": "15 minutes" }, "geometry": { "type": "Polygon", "coordinates": [ [ [ 105.858707, 21.0183789 ], [ 105.8588143, 21.0185725 ], [ 105.861278199999987, 21.0193513 ], [ 105.861539, 21.0194364 ], [ 105.8616086, 21.0194495 ], [ 105.8630484, 21.0189058 ], [ 105.864448899999985, 21.0179396 ], [ 105.864534699999979, 21.0177291 ], [ 105.8656874, 21.0156811 ], [ 105.8659067, 21.0137624 ], [ 105.866679799999986, 21.012724699999989 ], [ 105.8673116, 21.01185 ], [ 105.8676025, 21.0110946 ], [ 105.8687963, 21.0090292 ], [ 105.8689156, 21.008874 ], [ 105.8690229, 21.0087345 ], [ 105.8693222, 21.0083453 ], [ 105.8694548, 21.0081729 ], [ 105.869292299999984, 21.006212 ], [ 105.8691535, 21.0053046 ], [ 105.8689008, 21.0051677 ], [ 105.867977, 21.0048561 ], [ 105.8669883, 21.0045769 ], [ 105.866249899999985, 21.004659 ], [ 105.864330699999982, 21.0034281 ], [ 105.863618399999979, 21.0044837 ], [ 105.8611694, 21.0043248 ], [ 105.861102, 21.0043194 ], [ 105.8589171, 21.0057513 ], [ 105.8591838, 21.0065084 ], [ 105.8571634, 21.0078745 ], [ 105.8562533, 21.0086009 ], [ 105.855765799999986, 21.0092309 ], [ 105.855525299999982, 21.0109147 ], [ 105.8554906, 21.0133308 ], [ 105.8555625, 21.0141273 ], [ 105.856356199999979, 21.0158365 ], [ 105.8565044, 21.015998 ], [ 105.857047099999988, 21.0164259 ], [ 105.858707, 21.0183789 ] ] ] } },
{ "type": "Feature", "properties": { "threshold_s": 300, "time_label": "5 minutes" }, "geometry": { "type": "Polygon", "coordinates": [ [ [ 105.814107, 21.0376116 ], [ 105.8137867, 21.037804 ], [ 105.8149078, 21.0379754 ], [ 105.8152592, 21.0383481 ], [ 105.815506899999988, 21.0384371 ], [ 105.8156046, 21.0384133 ], [ 105.815144099999983, 21.0379425 ], [ 105.8153772, 21.0376671 ], [ 105.815795399999985, 21.0377592 ], [ 105.8161587, 21.0377222 ], [ 105.8167266, 21.0380062 ], [ 105.81710409999998, 21.0383499 ], [ 105.8174936, 21.0384334 ], [ 105.81771449999998, 21.0383459 ], [ 105.817882699999984, 21.0381966 ], [ 105.817985099999987, 21.0380097 ], [ 105.8180032, 21.0374454 ], [ 105.818495699999986, 21.0370351 ], [ 105.818795499999979, 21.0369432 ], [ 105.818696200000019, 21.0368081 ], [ 105.818554399999982, 21.0364875 ], [ 105.8188472, 21.0361286 ], [ 105.819252099999986, 21.0358531 ], [ 105.8197016, 21.0353383 ], [ 105.8192885, 21.0353638 ], [ 105.8191552, 21.0353752 ], [ 105.818915799999985, 21.0353979 ], [ 105.818631399999987, 21.0352432 ], [ 105.818693199999984, 21.0346988 ], [ 105.8185066, 21.0346925 ], [ 105.818313099999983, 21.0348657 ], [ 105.8177409, 21.034688 ], [ 105.817325299999979, 21.0343218 ], [ 105.8172402, 21.0340876 ], [ 105.817201299999979, 21.0340266 ], [ 105.8167488, 21.034141 ], [ 105.8162264, 21.0342979 ], [ 105.8159058, 21.0338215 ], [ 105.8159523, 21.0341576 ], [ 105.8153482, 21.034289 ], [ 105.8151566, 21.0347601 ], [ 105.8154384, 21.0351608 ], [ 105.815884299999979, 21.0352268 ], [ 105.8160024, 21.0352421 ], [ 105.8162613, 21.0355482 ], [ 105.8159832, 21.0358878 ], [ 105.8161043, 21.0362992 ], [ 105.8159554, 21.036605 ], [ 105.815427500000013, 21.0369038 ], [ 105.815193600000015, 21.0368295 ], [ 105.814719, 21.0365883 ], [ 105.8149866, 21.0360406 ], [ 105.814583299999981, 21.0361526 ], [ 105.814508099999983, 21.0361691 ], [ 105.814646699999983, 21.0366124 ], [ 105.8147426, 21.0370331 ], [ 105.8145478, 21.0373863 ], [ 105.814107, 21.0376116 ] ] ] } },
{ "type": "Feature", "properties": { "threshold_s": 600, "time_label": "10 minutes" }, "geometry": { "type": "Polygon", "coordinates": [ [ [ 105.810511799999986, 21.0378336 ], [ 105.8116046, 21.0391913 ], [ 105.812741799999984, 21.040155 ], [ 105.813507199999989, 21.0396612 ], [ 105.8140962, 21.0396353 ], [ 105.815177799999987, 21.0406538 ], [ 105.815663199999989, 21.0411637 ], [ 105.816345399999989, 21.0411954 ], [ 105.816436, 21.0411655 ], [ 105.8167793, 21.0410434 ], [ 105.818117599999979, 21.0402918 ], [ 105.819105399999984, 21.0407154 ], [ 105.8199249, 21.0398314 ], [ 105.82030349999998, 21.0389548 ], [ 105.8211787, 21.037652 ], [ 105.821417199999985, 21.0374517 ], [ 105.8221426, 21.0358923 ], [ 105.823177199999989, 21.0350727 ], [ 105.822637499999985, 21.0346398 ], [ 105.8213982, 21.0335006 ], [ 105.8205961, 21.0335635 ], [ 105.8191004, 21.032789 ], [ 105.818496599999989, 21.0324126 ], [ 105.8175854, 21.0317727 ], [ 105.8173534, 21.0308583 ], [ 105.817228499999985, 21.0308395 ], [ 105.8170832, 21.0308212 ], [ 105.8165916, 21.0317314 ], [ 105.816458399999988, 21.0325928 ], [ 105.8158106, 21.0334434 ], [ 105.8149508, 21.0336465 ], [ 105.8138212, 21.0325525 ], [ 105.8137412, 21.0325756 ], [ 105.813640599999985, 21.0329499 ], [ 105.8126008, 21.0342536 ], [ 105.812044799999981, 21.0357419 ], [ 105.8113759, 21.0360827 ], [ 105.8108533, 21.0376758 ], [ 105.810511799999986, 21.0378336 ] ] ] } },
{ "type": "Feature", "properties": { "threshold_s": 900, "time_label": "15 minutes" }, "geometry": { "type": "Polygon", "coordinates": [ [ [ 105.8108066, 21.0416286 ], [ 105.8108098, 21.0417136 ], [ 105.8111623, 21.0419062 ], [ 105.8118093, 21.0417428 ], [ 105.8141123, 21.043334 ], [ 105.815662799999984, 21.0439621 ], [ 105.817169, 21.0445358 ], [ 105.8173582, 21.0444779 ], [ 105.8185693, 21.0435493 ], [ 105.820975100000013, 21.0423549 ], [ 105.8210531, 21.0422861 ], [ 105.821134099999981, 21.0408798 ], [ 105.8226977, 21.0393729 ], [ 105.8239806, 21.0376386 ], [ 105.824633600000013, 21.0369681 ], [ 105.8261003, 21.0352363 ], [ 105.8264687, 21.0348051 ], [ 105.8254994, 21.0342555 ], [ 105.824313499999988, 21.0328727 ], [ 105.8227084, 21.0314793 ], [ 105.8218823, 21.0310552 ], [ 105.819774899999985, 21.0303066 ], [ 105.8184929, 21.029415 ], [ 105.817700099999982, 21.0281773 ], [ 105.8172533, 21.0281468 ], [ 105.8162195, 21.0286146 ], [ 105.8156233, 21.0292165 ], [ 105.812869, 21.0295016 ], [ 105.8127855, 21.0294871 ], [ 105.8120945, 21.0300662 ], [ 105.81133269999998, 21.031766 ], [ 105.810009899999983, 21.0338929 ], [ 105.8097347, 21.0342674 ], [ 105.808449599999989, 21.0366205 ], [ 105.807126899999986, 21.0375745 ], [ 105.807138199999983, 21.0377298 ], [ 105.807208799999984, 21.0378142 ], [ 105.808642099999986, 21.03906 ], [ 105.810312899999985, 21.0400941 ], [ 105.8108066, 21.0416286 ] ] ] } },
{ "type": "Feature", "properties": { "threshold_s": 300, "time_label": "5 minutes" }, "geometry": { "type": "Polygon", "coordinates": [ [ [ 105.7854695, 21.0198473 ], [ 105.7856934, 21.0202049 ], [ 105.786122299999988, 21.0203108 ], [ 105.786096299999983, 21.0200688 ], [ 105.7864496, 21.0194356 ], [ 105.786967, 21.0194738 ], [ 105.787336399999987, 21.0197264 ], [ 105.7878365, 21.0201631 ], [ 105.7879324, 21.0202939 ], [ 105.7881222, 21.0204351 ], [ 105.788248, 21.0204631 ], [ 105.78834449999998, 21.0203477 ], [ 105.788343499999982, 21.0199531 ], [ 105.788244599999985, 21.0198488 ], [ 105.788102599999988, 21.0196608 ], [ 105.788839, 21.0191088 ], [ 105.7889719, 21.0191656 ], [ 105.789937699999982, 21.0191324 ], [ 105.790188699999987, 21.0192098 ], [ 105.790205199999988, 21.0191856 ], [ 105.7902643, 21.0186873 ], [ 105.78968519999998, 21.0182617 ], [ 105.789630699999989, 21.0182079 ], [ 105.789069, 21.0178245 ], [ 105.788742199999987, 21.0175866 ], [ 105.7887206, 21.0166886 ], [ 105.788755699999982, 21.0166412 ], [ 105.788828599999988, 21.0165429 ], [ 105.788958599999987, 21.0161174 ], [ 105.788984699999986, 21.0159545 ], [ 105.788203699999983, 21.0161963 ], [ 105.787333, 21.0161062 ], [ 105.786702299999988, 21.0166692 ], [ 105.7859361, 21.0163482 ], [ 105.786244599999989, 21.0171207 ], [ 105.7855532, 21.0174279 ], [ 105.785508299999989, 21.017426 ], [ 105.7854694, 21.0174244 ], [ 105.785279299999985, 21.0175033 ], [ 105.7850638, 21.0175458 ], [ 105.7851204, 21.0178493 ], [ 105.7853096, 21.0183814 ], [ 105.7854019, 21.0183756 ], [ 105.7861529, 21.0188892 ], [ 105.7862917, 21.0193237 ], [ 105.7857376, 21.0198162 ], [ 105.7854695, 21.0198473 ] ] ] } },
{ "type": "Feature", "properties": { "threshold_s": 600, "time_label": "10 minutes" }, "geometry": { "type": "Polygon", "coordinates": [ [ [ 105.7837461, 21.019693 ], [ 105.783139, 21.0202381 ], [ 105.7833136, 21.0203302 ], [ 105.784346, 21.0201164 ], [ 105.7855061, 21.0202029 ], [ 105.785752, 21.0203763 ], [ 105.786050399999979, 21.0214287 ], [ 105.7859856, 21.0222077 ], [ 105.7861096, 21.0225953 ], [ 105.7861763, 21.0226423 ], [ 105.786253, 21.0226963 ], [ 105.7863063, 21.0226815 ], [ 105.7863532, 21.0226176 ], [ 105.786380200000011, 21.0225782 ], [ 105.7865086, 21.0222182 ], [ 105.7870716, 21.0216873 ], [ 105.787752699999984, 21.0217743 ], [ 105.787981099999982, 21.0226421 ], [ 105.788895, 21.0225984 ], [ 105.789200899999983, 21.0224724 ], [ 105.78926, 21.0223977 ], [ 105.7895173, 21.0220726 ], [ 105.789647299999984, 21.0212233 ], [ 105.7902224, 21.0211326 ], [ 105.790736, 21.0214886 ], [ 105.7908135, 21.0217064 ], [ 105.790918, 21.0219666 ], [ 105.7909776, 21.0220053 ], [ 105.791072299999982, 21.0220667 ], [ 105.791324, 21.0217105 ], [ 105.7913098, 21.0214613 ], [ 105.791192, 21.0212449 ], [ 105.7911478, 21.021152 ], [ 105.7909756, 21.0207636 ], [ 105.791804, 21.02008 ], [ 105.7918977, 21.0200698 ], [ 105.7926686, 21.0193056 ], [ 105.792965699999982, 21.0192261 ], [ 105.7927646, 21.01865 ], [ 105.7925965, 21.0177002 ], [ 105.7923067, 21.0172091 ], [ 105.7918999, 21.0176995 ], [ 105.791005399999989, 21.0170609 ], [ 105.790909199999987, 21.016673 ], [ 105.7916294, 21.0159804 ], [ 105.7917088, 21.0159163 ], [ 105.7916858, 21.0158949 ], [ 105.791564399999984, 21.0159068 ], [ 105.7909014, 21.0162247 ], [ 105.790872799999988, 21.0162694 ], [ 105.790846599999981, 21.0163102 ], [ 105.7907294, 21.0165792 ], [ 105.7903889, 21.0169396 ], [ 105.7896884, 21.0171507 ], [ 105.788828599999988, 21.0165429 ], [ 105.788958599999987, 21.0161174 ], [ 105.7894275, 21.0156948 ], [ 105.7896602, 21.0156502 ], [ 105.78968, 21.0156212 ], [ 105.7897056, 21.0155837 ], [ 105.79029389999998, 21.0146417 ], [ 105.7907556, 21.0140706 ], [ 105.7905986, 21.0139547 ], [ 105.7904835, 21.0140033 ], [ 105.789423299999982, 21.0135629 ], [ 105.7891618, 21.013557 ], [ 105.7891328, 21.0135951 ], [ 105.7891082, 21.0136291 ], [ 105.7890787, 21.0137573 ], [ 105.78881149999998, 21.0141849 ], [ 105.7878601, 21.0143475 ], [ 105.7874675, 21.0138743 ], [ 105.7874146, 21.0138377 ], [ 105.7873558, 21.0137969 ], [ 105.7867652, 21.0145154 ], [ 105.786263700000021, 21.0148289 ], [ 105.7855966, 21.0143602 ], [ 105.7852351, 21.0141701 ], [ 105.7851037, 21.014335 ], [ 105.7848724, 21.0147593 ], [ 105.7848148, 21.0148566 ], [ 105.785403599999981, 21.0145997 ], [ 105.786052, 21.0150687 ], [ 105.7857781, 21.0157325 ], [ 105.7854082, 21.0161977 ], [ 105.784276299999988, 21.0161732 ], [ 105.783794199999988, 21.0159479 ], [ 105.783241499999988, 21.0161134 ], [ 105.783085899999989, 21.0169872 ], [ 105.7828824, 21.0180005 ], [ 105.7827861, 21.0181343 ], [ 105.7831129, 21.0187588 ], [ 105.7837926, 21.0190168 ], [ 105.7837461, 21.019693 ] ] ] } },
{ "type": "Feature", "properties": { "threshold_s": 900, "time_label": "15 minutes" }, "geometry": { "type": "Polygon", "coordinates": [ [ [ 105.7837461, 21.0246745 ], [ 105.7843954, 21.0254104 ], [ 105.785952, 21.0253609 ], [ 105.786530099999979, 21.0250894 ], [ 105.787621, 21.0247909 ], [ 105.789240099999986, 21.0248721 ], [ 105.789441599999989, 21.0248593 ], [ 105.7905292, 21.024645 ], [ 105.7915772, 21.0248128 ], [ 105.791643, 21.0246734 ], [ 105.7917991, 21.024378 ], [ 105.7933249, 21.0235746 ], [ 105.7937141, 21.0235481 ], [ 105.7938677, 21.0235196 ], [ 105.793918299999987, 21.0220883 ], [ 105.7951347, 21.0209941 ], [ 105.795708099999985, 21.0208178 ], [ 105.795519899999988, 21.0198809 ], [ 105.7954995, 21.0188203 ], [ 105.79496349999998, 21.0175474 ], [ 105.794843199999988, 21.016907 ], [ 105.7945113, 21.0156306 ], [ 105.794283399999983, 21.0159936 ], [ 105.7934019, 21.0162851 ], [ 105.792524199999988, 21.0153516 ], [ 105.7924312, 21.0152693 ], [ 105.791564399999984, 21.0159068 ], [ 105.7909014, 21.0162247 ], [ 105.7897056, 21.0155837 ], [ 105.79029389999998, 21.0146417 ], [ 105.7907556, 21.0140706 ], [ 105.791419599999983, 21.0130853 ], [ 105.791637599999987, 21.0129789 ], [ 105.792402, 21.0121331 ], [ 105.792581, 21.0118968 ], [ 105.79307230000002, 21.0113705 ], [ 105.793142799999984, 21.0112812 ], [ 105.7927595, 21.0111391 ], [ 105.7911102, 21.0112673 ], [ 105.790325399999986, 21.0112752 ], [ 105.790137799999982, 21.0112924 ], [ 105.789256499999979, 21.0115486 ], [ 105.787476399999989, 21.0113989 ], [ 105.786727299999981, 21.0114988 ], [ 105.78665119999998, 21.0115981 ], [ 105.7865864, 21.0116826 ], [ 105.786126, 21.0123611 ], [ 105.78597809999998, 21.0125132 ], [ 105.7860999, 21.0126044 ], [ 105.7873558, 21.0137969 ], [ 105.7867652, 21.0145154 ], [ 105.7855966, 21.0143602 ], [ 105.7852351, 21.0141701 ], [ 105.7848801, 21.0139138 ], [ 105.7841685, 21.013523 ], [ 105.783917299999985, 21.0132684 ], [ 105.7830728, 21.0127611 ], [ 105.7824562, 21.0134957 ], [ 105.781425199999987, 21.0141115 ], [ 105.781415899999985, 21.0142554 ], [ 105.7809759, 21.0153367 ], [ 105.779981599999985, 21.015966 ], [ 105.779969699999981, 21.0163294 ], [ 105.780242299999983, 21.0177993 ], [ 105.7803881, 21.0189802 ], [ 105.780387099999984, 21.0194749 ], [ 105.7805727, 21.0199406 ], [ 105.7806568, 21.0200004 ], [ 105.7806994, 21.0200306 ], [ 105.78221019999998, 21.0208966 ], [ 105.783685399999982, 21.0213898 ], [ 105.7843483, 21.0218505 ], [ 105.7859856, 21.0222077 ], [ 105.7861096, 21.0225953 ], [ 105.7861763, 21.0226423 ], [ 105.786253, 21.0226963 ], [ 105.7867571, 21.0229056 ], [ 105.787350599999982, 21.0235024 ], [ 105.7865262, 21.0245995 ], [ 105.7850825, 21.0241726 ], [ 105.7850056, 21.0241152 ], [ 105.784943399999989, 21.0240688 ], [ 105.7841254, 21.0241951 ], [ 105.7838431, 21.0245505 ], [ 105.7837461, 21.0246745 ] ] ] } },
{ "type": "Feature", "properties": { "threshold_s": 300, "time_label": "5 minutes" }, "geometry": { "type": "Polygon", "coordinates": [ [ [ 105.7923398, 21.0042272 ], [ 105.7923208, 21.0046063 ], [ 105.793079299999988, 21.0045652 ], [ 105.7928815, 21.0049961 ], [ 105.793223400000016, 21.0053313 ], [ 105.7935368, 21.0048179 ], [ 105.793595199999984, 21.0047958 ], [ 105.7932563, 21.0042574 ], [ 105.7935129, 21.004127 ], [ 105.793305799999985, 21.0036974 ], [ 105.7936863, 21.0032042 ], [ 105.7944255, 21.0032553 ], [ 105.794469699999979, 21.0032035 ], [ 105.7945071, 21.0031598 ], [ 105.793821, 21.0030408 ], [ 105.7937316, 21.0029804 ], [ 105.793556599999988, 21.0028668 ], [ 105.7934635, 21.0023076 ], [ 105.7941102, 21.0021812 ], [ 105.794281, 21.0022963 ], [ 105.794335, 21.0023333 ], [ 105.794508900000011, 21.0021062 ], [ 105.7951949, 21.0012933 ], [ 105.795127, 21.0012414 ], [ 105.794699, 21.0009158 ], [ 105.794436, 21.0020578 ], [ 105.793764199999984, 21.0019482 ], [ 105.7931344, 21.0015087 ], [ 105.7932007, 21.0022757 ], [ 105.7925836, 21.0022175 ], [ 105.79147589999998, 21.0022066 ], [ 105.792613799999984, 21.0033644 ], [ 105.7924629, 21.0035585 ], [ 105.7919959, 21.0038192 ], [ 105.7919889, 21.0038613 ], [ 105.7923398, 21.0042272 ] ] ] } },
{ "type": "Feature", "properties": { "threshold_s": 600, "time_label": "10 minutes" }, "geometry": { "type": "Polygon", "coordinates": [ [ [ 105.789722499999982, 21.0067954 ], [ 105.7897901, 21.0069066 ], [ 105.79025369999998, 21.0072435 ], [ 105.7903861, 21.0072711 ], [ 105.7914301, 21.0066997 ], [ 105.7923971, 21.0064642 ], [ 105.794405899999987, 21.0070241 ], [ 105.7955156, 21.0078338 ], [ 105.795564399999989, 21.0078688 ], [ 105.7960086, 21.007764 ], [ 105.7960743, 21.00768 ], [ 105.7961097, 21.0074494 ], [ 105.79596890000002, 21.0073779 ], [ 105.795142899999988, 21.0058598 ], [ 105.796420399999988, 21.0046672 ], [ 105.7964941, 21.0045734 ], [ 105.7963294, 21.0035977 ], [ 105.7963558, 21.0018948 ], [ 105.7971136, 21.0004669 ], [ 105.797423699999982, 20.9999449 ], [ 105.797651299999984, 20.9990222 ], [ 105.797559400000011, 20.9989643 ], [ 105.795434, 20.9985525 ], [ 105.7943474, 20.9990643 ], [ 105.792135, 20.9995544 ], [ 105.7904884, 20.9991324 ], [ 105.7916682, 21.0000142 ], [ 105.79147589999998, 21.0022066 ], [ 105.789722699999984, 21.002891 ], [ 105.7895171, 21.0028827 ], [ 105.789158299999983, 21.0034052 ], [ 105.7889109, 21.0039251 ], [ 105.789134799999985, 21.0040851 ], [ 105.790931499999985, 21.0055429 ], [ 105.789785699999982, 21.0067205 ], [ 105.789722499999982, 21.0067954 ] ] ] } },
{ "type": "Feature", "properties": { "threshold_s": 900, "time_label": "15 minutes" }, "geometry": { "type": "Polygon", "coordinates": [ [ [ 105.787921199999985, 21.0091127 ], [ 105.7883226, 21.0096184 ], [ 105.788779799999986, 21.0099599 ], [ 105.789411, 21.0099373 ], [ 105.791241, 21.0098618 ], [ 105.7935751, 21.0103763 ], [ 105.7951489, 21.0102291 ], [ 105.796967699999982, 21.0101945 ], [ 105.798418, 21.0097809 ], [ 105.7986927, 21.0085587 ], [ 105.79871009999998, 21.0084603 ], [ 105.7975168, 21.0082989 ], [ 105.797696099999982, 21.0061719 ], [ 105.797867, 21.0056685 ], [ 105.7994187, 21.0045162 ], [ 105.7995094, 21.0044831 ], [ 105.8003658, 21.002425 ], [ 105.8004016, 21.0021816 ], [ 105.8004137, 21.0020148 ], [ 105.8002718, 21.0007644 ], [ 105.8000081, 20.9985713 ], [ 105.7996444, 20.9965039 ], [ 105.799351, 20.995936 ], [ 105.7983932, 20.9962274 ], [ 105.798171, 20.9962908 ], [ 105.7979121, 20.9963646 ], [ 105.7974087, 20.9970408 ], [ 105.7955329, 20.9957351 ], [ 105.7953596, 20.995628 ], [ 105.7943199, 20.9964602 ], [ 105.7926877, 20.996422 ], [ 105.7925484, 20.9964709 ], [ 105.792611099999988, 20.9965161 ], [ 105.7933624, 20.9980801 ], [ 105.7926254, 20.9990856 ], [ 105.7904884, 20.9991324 ], [ 105.7897593, 20.998981 ], [ 105.789050399999979, 20.9987005 ], [ 105.7879853, 20.9986062 ], [ 105.788088, 20.9987224 ], [ 105.7865992, 21.0005147 ], [ 105.7857025, 21.0004891 ], [ 105.785485599999987, 21.0005442 ], [ 105.785487599999982, 21.0007822 ], [ 105.7862259, 21.0029168 ], [ 105.7864998, 21.0044818 ], [ 105.7865814, 21.0056222 ], [ 105.7875895, 21.0071356 ], [ 105.787921199999985, 21.0091127 ] ] ] } },
{ "type": "Feature", "properties": { "threshold_s": 300, "time_label": "5 minutes" }, "geometry": { "type": "Polygon", "coordinates": [ [ [ 105.79381, 21.0632741 ], [ 105.792765499999987, 21.063863 ], [ 105.793803399999987, 21.0638675 ], [ 105.7940633, 21.0633746 ], [ 105.795103, 21.0633806 ], [ 105.7951054, 21.0636963 ], [ 105.7951621, 21.0638471 ], [ 105.7955543, 21.0643174 ], [ 105.7958551, 21.0650137 ], [ 105.7967621, 21.0652387 ], [ 105.7969439, 21.0650765 ], [ 105.797030599999985, 21.0649342 ], [ 105.7977455, 21.0643 ], [ 105.7977378, 21.0641363 ], [ 105.7975546, 21.0631668 ], [ 105.7977213, 21.0628606 ], [ 105.7973695, 21.062394 ], [ 105.7970637, 21.0623328 ], [ 105.7964053, 21.0627248 ], [ 105.796406299999987, 21.0627795 ], [ 105.796356, 21.0635647 ], [ 105.7957025, 21.0640039 ], [ 105.795304499999986, 21.0632862 ], [ 105.795160599999988, 21.0628389 ], [ 105.795161799999988, 21.0627834 ], [ 105.7951629, 21.0627356 ], [ 105.795064699999983, 21.062841 ], [ 105.7940586, 21.0627377 ], [ 105.793938, 21.0626315 ], [ 105.7938131, 21.0626316 ], [ 105.7936083, 21.0626314 ], [ 105.7936083, 21.0627358 ], [ 105.7936083, 21.0627884 ], [ 105.79381, 21.0632741 ] ] ] } },
{ "type": "Feature", "properties": { "threshold_s": 600, "time_label": "10 minutes" }, "geometry": { "type": "Polygon", "coordinates": [ [ [ 105.7892807, 21.0638198 ], [ 105.789534099999983, 21.064362 ], [ 105.7898831, 21.0646636 ], [ 105.791244399999982, 21.0653326 ], [ 105.7919894, 21.066467 ], [ 105.7936424, 21.067625 ], [ 105.794636, 21.0672563 ], [ 105.795226899999989, 21.0670212 ], [ 105.79759319999998, 21.0675359 ], [ 105.7977347, 21.0674114 ], [ 105.7986818, 21.06605 ], [ 105.7999997, 21.0649966 ], [ 105.8007667, 21.0646506 ], [ 105.8009086, 21.062841 ], [ 105.8008797, 21.0626299 ], [ 105.800755399999986, 21.0624703 ], [ 105.8006672, 21.0623733 ], [ 105.799097799999984, 21.0607805 ], [ 105.7989476, 21.0605677 ], [ 105.797578300000012, 21.0593289 ], [ 105.7975064, 21.0593288 ], [ 105.797443699999988, 21.0593288 ], [ 105.797172099999983, 21.0596593 ], [ 105.7971717, 21.0597323 ], [ 105.797170899999983, 21.0598617 ], [ 105.79535629999998, 21.061337 ], [ 105.795038399999981, 21.061303 ], [ 105.7949512, 21.061303 ], [ 105.7948639, 21.061303 ], [ 105.7947451, 21.0614223 ], [ 105.7936083, 21.0626314 ], [ 105.791728, 21.0638586 ], [ 105.7903792, 21.0623907 ], [ 105.790217699999985, 21.0622192 ], [ 105.7900053, 21.062141 ], [ 105.789870799999989, 21.0621484 ], [ 105.7894776, 21.062426 ], [ 105.7892807, 21.0638198 ] ] ] } },
{ "type": "Feature", "properties": { "threshold_s": 900, "time_label": "15 minutes" }, "geometry": { "type": "Polygon", "coordinates": [ [ [ 105.7874481, 21.0660785 ], [ 105.787614799999986, 21.0664294 ], [ 105.7880233, 21.0666749 ], [ 105.790295900000018, 21.0673786 ], [ 105.7905706, 21.0682876 ], [ 105.7912694, 21.0692365 ], [ 105.79235, 21.0699336 ], [ 105.7935983, 21.0698946 ], [ 105.7958624, 21.0696568 ], [ 105.797644299999988, 21.0695423 ], [ 105.79909619999998, 21.0692382 ], [ 105.7999197, 21.0685202 ], [ 105.801402899999985, 21.067426 ], [ 105.802338799999987, 21.0652072 ], [ 105.8035627, 21.0646216 ], [ 105.804280299999988, 21.06296 ], [ 105.804367499999984, 21.0627252 ], [ 105.8038571, 21.0623879 ], [ 105.8020669, 21.0607976 ], [ 105.801068699999988, 21.0597509 ], [ 105.800760199999985, 21.0594935 ], [ 105.800661199999979, 21.0594891 ], [ 105.7992, 21.0598658 ], [ 105.797841399999982, 21.0593292 ], [ 105.7978459, 21.0572434 ], [ 105.7980959, 21.0568409 ], [ 105.7980937, 21.0567026 ], [ 105.7978142, 21.0564924 ], [ 105.797556299999982, 21.056309 ], [ 105.7974865, 21.0563101 ], [ 105.797443499999986, 21.0563108 ], [ 105.797175399999986, 21.0566389 ], [ 105.7971753, 21.0567024 ], [ 105.7971751, 21.056826 ], [ 105.795049599999984, 21.0582707 ], [ 105.7949595, 21.0582711 ], [ 105.794868, 21.0582715 ], [ 105.7928257, 21.0596218 ], [ 105.79112019999998, 21.0596229 ], [ 105.790015899999986, 21.0594627 ], [ 105.789871100000013, 21.059645 ], [ 105.788297499999985, 21.0613439 ], [ 105.7860521, 21.0624685 ], [ 105.7860539, 21.0627992 ], [ 105.7865194, 21.0636279 ], [ 105.787158, 21.0654041 ], [ 105.7874481, 21.0660785 ] ] ] } },
{ "type": "Feature", "properties": { "threshold_s": 300, "time_label": "5 minutes" }, "geometry": { "type": "Polygon", "coordinates": [ [ [ 105.775525799999983, 20.9731013 ], [ 105.7755508, 20.9736413 ], [ 105.776043199999989, 20.9735419 ], [ 105.776807099999985, 20.9738211 ], [ 105.777173799999986, 20.9740894 ], [ 105.77749249999998, 20.9746467 ], [ 105.7773581, 20.9750002 ], [ 105.7777348, 20.9747017 ], [ 105.7779579, 20.9744154 ], [ 105.7781326, 20.9742011 ], [ 105.777461299999985, 20.9737555 ], [ 105.777651799999987, 20.9735343 ], [ 105.7784942, 20.9732802 ], [ 105.7786187, 20.9734299 ], [ 105.778715099999985, 20.9734947 ], [ 105.7788058, 20.9735065 ], [ 105.778906500000019, 20.9735016 ], [ 105.7797536, 20.9740899 ], [ 105.7796889, 20.9741791 ], [ 105.7799664, 20.974237 ], [ 105.779943099999983, 20.9738694 ], [ 105.7790782, 20.9732683 ], [ 105.779274299999983, 20.9726159 ], [ 105.7799126, 20.9718225 ], [ 105.778887399999988, 20.971861 ], [ 105.7784821, 20.9723478 ], [ 105.778208299999989, 20.9726526 ], [ 105.7777194, 20.9726494 ], [ 105.777511299999986, 20.9721292 ], [ 105.777787599999982, 20.9718315 ], [ 105.7781604, 20.9713711 ], [ 105.777822599999979, 20.9709816 ], [ 105.778193299999984, 20.9705377 ], [ 105.77738189999998, 20.9706178 ], [ 105.7771861, 20.9705088 ], [ 105.77678419999998, 20.9710757 ], [ 105.776205799999985, 20.9705422 ], [ 105.776149599999982, 20.9705956 ], [ 105.7759431, 20.9708113 ], [ 105.775745799999982, 20.9710251 ], [ 105.775295199999988, 20.9713279 ], [ 105.7753787, 20.9713933 ], [ 105.7762643, 20.9714765 ], [ 105.776024, 20.971899 ], [ 105.775805800000015, 20.9721303 ], [ 105.7757887, 20.9721482 ], [ 105.7756604, 20.9722826 ], [ 105.77557419999998, 20.9723907 ], [ 105.77553469999998, 20.9724387 ], [ 105.775385199999988, 20.9726109 ], [ 105.775525799999983, 20.9731013 ] ] ] } },
{ "type": "Feature", "properties": { "threshold_s": 600, "time_label": "10 minutes" }, "geometry": { "type": "Polygon", "coordinates": [ [ [ 105.7750158, 20.9757663 ], [ 105.775183399999989, 20.9769145 ], [ 105.7758554, 20.9775513 ], [ 105.776915599999981, 20.9774842 ], [ 105.7783334, 20.9772095 ], [ 105.7801868, 20.9772635 ], [ 105.7812455, 20.9762792 ], [ 105.782780499999987, 20.9763852 ], [ 105.7827173, 20.9757132 ], [ 105.78237, 20.9745712 ], [ 105.7823024, 20.9729477 ], [ 105.782332599999989, 20.9724189 ], [ 105.7821982, 20.9707846 ], [ 105.781116, 20.9692522 ], [ 105.7803847, 20.9678212 ], [ 105.7792111, 20.9680307 ], [ 105.778183, 20.968169 ], [ 105.7768619, 20.9682766 ], [ 105.7759973, 20.9682991 ], [ 105.7747984, 20.9686032 ], [ 105.7737177, 20.9684749 ], [ 105.7729722, 20.968822 ], [ 105.7727784, 20.96905 ], [ 105.772651699999983, 20.9692563 ], [ 105.773200399999979, 20.9709364 ], [ 105.7748127, 20.971625 ], [ 105.7744167, 20.9724537 ], [ 105.7743317, 20.9725215 ], [ 105.773944699999987, 20.9730635 ], [ 105.773722299999989, 20.9732406 ], [ 105.773516299999983, 20.9734825 ], [ 105.7738535, 20.9737136 ], [ 105.774829, 20.9750931 ], [ 105.7750158, 20.9757663 ] ] ] } },
{ "type": "Feature", "properties": { "threshold_s": 900, "time_label": "15 minutes" }, "geometry": { "type": "Polygon", "coordinates": [ [ [ 105.7728048, 20.9770531 ], [ 105.7727148, 20.9792018 ], [ 105.774459199999981, 20.9799398 ], [ 105.775088499999981, 20.9801448 ], [ 105.7766693, 20.9801221 ], [ 105.779429, 20.9802623 ], [ 105.779928, 20.9803146 ], [ 105.7810819, 20.9792421 ], [ 105.7828402, 20.9789938 ], [ 105.7854348, 20.9784427 ], [ 105.786168, 20.9760689 ], [ 105.7862136, 20.9745915 ], [ 105.7852954, 20.9728302 ], [ 105.784999199999987, 20.9709238 ], [ 105.7844677, 20.9701243 ], [ 105.7834963, 20.9679613 ], [ 105.7834174, 20.9673178 ], [ 105.782633499999989, 20.9655921 ], [ 105.7807088, 20.9654936 ], [ 105.779529499999981, 20.9656346 ], [ 105.7770378, 20.9658418 ], [ 105.7757845, 20.9659691 ], [ 105.7739487, 20.9660869 ], [ 105.7725418, 20.9663099 ], [ 105.770068699999982, 20.9665341 ], [ 105.7703953, 20.9689717 ], [ 105.770093099999983, 20.9705361 ], [ 105.7704544, 20.9710828 ], [ 105.7712103, 20.9709614 ], [ 105.772334199999989, 20.9714116 ], [ 105.7724111, 20.9735002 ], [ 105.7722526, 20.9748161 ], [ 105.7728048, 20.9770531 ] ] ] } },
{ "type": "Feature", "properties": { "threshold_s": 300, "time_label": "5 minutes" }, "geometry": { "type": "Polygon", "coordinates": [ [ [ 105.9427416, 20.9945423 ], [ 105.9427481, 20.9945521 ], [ 105.9429982, 20.9943182 ], [ 105.9431768, 20.994219 ], [ 105.943544, 20.9942059 ], [ 105.9438866, 20.9944825 ], [ 105.943948599999985, 20.9945807 ], [ 105.94397619999998, 20.995145 ], [ 105.944021699999979, 20.9952147 ], [ 105.9440502, 20.9952583 ], [ 105.944248499999986, 20.9952676 ], [ 105.944290899999984, 20.9952442 ], [ 105.944346699999983, 20.9952134 ], [ 105.9443814, 20.995065 ], [ 105.944977, 20.9947188 ], [ 105.9449488, 20.9946732 ], [ 105.9445235, 20.9946756 ], [ 105.9441872, 20.9945174 ], [ 105.944135399999979, 20.9939715 ], [ 105.9443328, 20.9938054 ], [ 105.9447559, 20.9933243 ], [ 105.945416599999987, 20.9934924 ], [ 105.9458072, 20.9934738 ], [ 105.9455972, 20.9942053 ], [ 105.945640200000014, 20.9942656 ], [ 105.9456737, 20.9943138 ], [ 105.946186199999985, 20.9946318 ], [ 105.94610849999998, 20.9949177 ], [ 105.946163899999988, 20.9949635 ], [ 105.9466268, 20.9949334 ], [ 105.9466175, 20.9946224 ], [ 105.946625699999984, 20.9943096 ], [ 105.946594099999984, 20.9943328 ], [ 105.9459249, 20.9940978 ], [ 105.9462353, 20.9936622 ], [ 105.946398, 20.9932105 ], [ 105.9468003, 20.9929881 ], [ 105.9471295, 20.9927144 ], [ 105.9471044, 20.9926786 ], [ 105.946952499999981, 20.9927272 ], [ 105.946903299999988, 20.9927541 ], [ 105.946854699999989, 20.9927806 ], [ 105.946605599999984, 20.99293 ], [ 105.9465557, 20.9929594 ], [ 105.946504, 20.9929899 ], [ 105.9462431, 20.9931292 ], [ 105.9462033, 20.9931529 ], [ 105.9458819, 20.9932273 ], [ 105.9452367, 20.9930504 ], [ 105.945037899999988, 20.9930939 ], [ 105.94455360000002, 20.9930183 ], [ 105.9447085, 20.9924099 ], [ 105.9447907, 20.9923642 ], [ 105.945005, 20.9922452 ], [ 105.9455491, 20.9922435 ], [ 105.945588099999981, 20.9922197 ], [ 105.9456243, 20.9921977 ], [ 105.945868, 20.9919048 ], [ 105.945267099999981, 20.9917327 ], [ 105.944705, 20.9916368 ], [ 105.9439691, 20.9911169 ], [ 105.944170799999981, 20.9914232 ], [ 105.9443363, 20.9918483 ], [ 105.9441678, 20.9922079 ], [ 105.943859499999988, 20.9924415 ], [ 105.9434994, 20.9925819 ], [ 105.943002400000012, 20.99286 ], [ 105.9428103, 20.9928287 ], [ 105.9427318, 20.9928704 ], [ 105.9426817, 20.992897 ], [ 105.9426507, 20.9930744 ], [ 105.9426796, 20.9931215 ], [ 105.9427275, 20.9931995 ], [ 105.94276259999998, 20.9932568 ], [ 105.9430451, 20.9934401 ], [ 105.943023, 20.9939807 ], [ 105.9427022, 20.9944826 ], [ 105.9427416, 20.9945423 ] ] ] } },
{ "type": "Feature", "properties": { "threshold_s": 600, "time_label": "10 minutes" }, "geometry": { "type": "Polygon", "coordinates": [ [ [ 105.9395646, 20.9950405 ], [ 105.9397849, 20.9961583 ], [ 105.940145, 20.9960973 ], [ 105.9406444, 20.9956816 ], [ 105.9419415, 20.9957909 ], [ 105.942251, 20.9962333 ], [ 105.942281699999981, 20.9963047 ], [ 105.9424274, 20.9963907 ], [ 105.9436459, 20.9973543 ], [ 105.9446733, 20.9980272 ], [ 105.944722, 20.998061 ], [ 105.9447997, 20.9981149 ], [ 105.9449529, 20.997475 ], [ 105.9451513, 20.9967544 ], [ 105.9453335, 20.9961323 ], [ 105.946490699999984, 20.9950796 ], [ 105.9465229, 20.995045 ], [ 105.9466268, 20.9949334 ], [ 105.946788199999986, 20.9947598 ], [ 105.9469023, 20.9946373 ], [ 105.9485986, 20.9958163 ], [ 105.9484931, 20.995952 ], [ 105.948347, 20.9961413 ], [ 105.9482518, 20.9962623 ], [ 105.948227, 20.9962943 ], [ 105.9479179, 20.9969179 ], [ 105.947878299999985, 20.9969696 ], [ 105.9482924, 20.9967626 ], [ 105.948619199999982, 20.9965718 ], [ 105.948647399999984, 20.9965383 ], [ 105.949013199999982, 20.9961034 ], [ 105.949040499999981, 20.9960709 ], [ 105.9491425, 20.9957471 ], [ 105.94916379999998, 20.9956044 ], [ 105.94910969999998, 20.9955644 ], [ 105.9490487, 20.9955192 ], [ 105.9489144, 20.9955836 ], [ 105.9486188, 20.9957903 ], [ 105.9469353, 20.9946018 ], [ 105.946625699999984, 20.9943096 ], [ 105.9468003, 20.9929881 ], [ 105.947168, 20.9927693 ], [ 105.94745829999998, 20.9926039 ], [ 105.94793869999998, 20.9923256 ], [ 105.9482697, 20.992136 ], [ 105.948634499999983, 20.9919267 ], [ 105.9493483, 20.9916922 ], [ 105.9494901, 20.9916729 ], [ 105.949594, 20.9916376 ], [ 105.9496924, 20.9915803 ], [ 105.9497677, 20.9915182 ], [ 105.949844199999987, 20.9914241 ], [ 105.949877099999981, 20.9912583 ], [ 105.9498508, 20.9912209 ], [ 105.949265399999987, 20.9909589 ], [ 105.9487574, 20.989729 ], [ 105.94839, 20.9896755 ], [ 105.9482791, 20.9897316 ], [ 105.9478591, 20.990079 ], [ 105.946520899999982, 20.9892215 ], [ 105.9462367, 20.9890633 ], [ 105.9453593, 20.989065 ], [ 105.9446758, 20.9894332 ], [ 105.9444241, 20.9898812 ], [ 105.9430528, 20.9897228 ], [ 105.942863499999987, 20.9893824 ], [ 105.942678799999982, 20.9890949 ], [ 105.9426435, 20.98904 ], [ 105.9421845, 20.9883554 ], [ 105.9423576, 20.9892025 ], [ 105.9424439, 20.9897131 ], [ 105.9409541, 20.9901544 ], [ 105.9407591, 20.991359 ], [ 105.941046899999989, 20.9925989 ], [ 105.9405937, 20.9929251 ], [ 105.940115899999981, 20.9930085 ], [ 105.940066299999984, 20.993037499999989 ], [ 105.940008899999981, 20.9930711 ], [ 105.9396359, 20.9944855 ], [ 105.9395646, 20.9950405 ] ] ] } },
{ "type": "Feature", "properties": { "threshold_s": 900, "time_label": "15 minutes" }, "geometry": { "type": "Polygon", "coordinates": [ [ [ 105.9369452, 20.9967644 ], [ 105.9370353, 20.9968692 ], [ 105.9379403, 20.9960936 ], [ 105.9397849, 20.9961583 ], [ 105.94172, 20.9970322 ], [ 105.9420514, 20.9984703 ], [ 105.9422001, 20.9990983 ], [ 105.9423936, 20.9995083 ], [ 105.942938399999989, 21.0004887 ], [ 105.9429873, 21.000521 ], [ 105.943910099999982, 21.000516 ], [ 105.944171699999984, 21.0004203 ], [ 105.9461129, 20.9995185 ], [ 105.947854299999989, 20.999315 ], [ 105.9481132, 20.9991875 ], [ 105.9484745, 20.9987524 ], [ 105.9508957, 20.9982845 ], [ 105.951475, 20.9985599 ], [ 105.951927, 20.9986142 ], [ 105.952061699999987, 20.9966652 ], [ 105.952000199999986, 20.9963928 ], [ 105.951215799999986, 20.9950472 ], [ 105.9511842, 20.9949572 ], [ 105.9504641, 20.9944512 ], [ 105.9503708, 20.9943827 ], [ 105.95001360000002, 20.994131 ], [ 105.9498411, 20.9940217 ], [ 105.94887559999998, 20.9933474 ], [ 105.949594, 20.9916376 ], [ 105.9496924, 20.9915803 ], [ 105.9502469, 20.9912717 ], [ 105.952210399999984, 20.9917778 ], [ 105.9524099, 20.9916406 ], [ 105.95250129999998, 20.9912763 ], [ 105.951914499999987, 20.9901454 ], [ 105.951496299999988, 20.9886084 ], [ 105.951438, 20.9885039 ], [ 105.9513086, 20.988409 ], [ 105.9511865, 20.988336 ], [ 105.950937599999989, 20.9883071 ], [ 105.948760099999987, 20.9881747 ], [ 105.9479479, 20.9874884 ], [ 105.9468456, 20.9872296 ], [ 105.945455599999988, 20.9870688 ], [ 105.9439447, 20.9866886 ], [ 105.943468899999985, 20.9868736 ], [ 105.941696899999982, 20.9869935 ], [ 105.9409677, 20.9865724 ], [ 105.9408067, 20.9864312 ], [ 105.9405641, 20.9862417 ], [ 105.940480199999982, 20.9863968 ], [ 105.940717399999983, 20.9881237 ], [ 105.939778, 20.9902215 ], [ 105.9392061, 20.9908092 ], [ 105.9384684, 20.9918476 ], [ 105.937462899999986, 20.9930493 ], [ 105.937323, 20.993604 ], [ 105.937294899999983, 20.9952613 ], [ 105.936904299999981, 20.9967167 ], [ 105.9369452, 20.9967644 ] ] ] } },
{ "type": "Feature", "properties": { "threshold_s": 300, "time_label": "5 minutes" }, "geometry": { "type": "Polygon", "coordinates": [ [ [ 105.5378155, 21.112871 ], [ 105.537959, 21.1132966 ], [ 105.53917269999998, 21.113364 ], [ 105.539394699999988, 21.1134528 ], [ 105.5400642, 21.1129739 ], [ 105.5400652, 21.112263 ], [ 105.539454399999983, 21.1120778 ], [ 105.5402429, 21.1107167 ], [ 105.5400364, 21.1089939 ], [ 105.539814899999982, 21.1085552 ], [ 105.5392613, 21.1086661 ], [ 105.539297099999985, 21.1087371 ], [ 105.539394, 21.1089413 ], [ 105.5394347, 21.1090255 ], [ 105.5397722, 21.1097433 ], [ 105.539096499999985, 21.1112935 ], [ 105.538709399999988, 21.1111683 ], [ 105.538444499999983, 21.1122167 ], [ 105.5376941, 21.1124401 ], [ 105.5378155, 21.112871 ] ] ] } },
{ "type": "Feature", "properties": { "threshold_s": 600, "time_label": "10 minutes" }, "geometry": { "type": "Polygon", "coordinates": [ [ [ 105.5345119, 21.1125349 ], [ 105.5341697, 21.1133955 ], [ 105.535417, 21.1140383 ], [ 105.5359001, 21.1127846 ], [ 105.536827099999982, 21.1127891 ], [ 105.537959, 21.1132966 ], [ 105.5376873, 21.1141918 ], [ 105.5386174, 21.1151595 ], [ 105.5375688, 21.1158098 ], [ 105.5376084, 21.1159947 ], [ 105.538358699999989, 21.1160512 ], [ 105.5396435, 21.1155133 ], [ 105.540285399999988, 21.1159473 ], [ 105.5411375, 21.1151092 ], [ 105.541909899999979, 21.1136167 ], [ 105.540622900000017, 21.1138139 ], [ 105.5400642, 21.1129739 ], [ 105.5400652, 21.112263 ], [ 105.540597, 21.111416 ], [ 105.5415425, 21.1111308 ], [ 105.542160699999982, 21.1112684 ], [ 105.5425795, 21.1105715 ], [ 105.5432771, 21.1101071 ], [ 105.5426767, 21.1096019 ], [ 105.54231489999998, 21.1088062 ], [ 105.5423309, 21.1079853 ], [ 105.54157, 21.1071622 ], [ 105.5415596, 21.1066573 ], [ 105.5409819, 21.1062287 ], [ 105.5406281, 21.1060244 ], [ 105.5404031, 21.1061075 ], [ 105.539390899999987, 21.1063889 ], [ 105.539067799999984, 21.1066283 ], [ 105.5377441, 21.1061146 ], [ 105.53759119999998, 21.1058559 ], [ 105.537313899999987, 21.1068295 ], [ 105.537334, 21.1073348 ], [ 105.5364751, 21.1079736 ], [ 105.537063299999986, 21.1086019 ], [ 105.5377217, 21.1086855 ], [ 105.5380744, 21.1098008 ], [ 105.5370426, 21.1106932 ], [ 105.536534099999983, 21.1108911 ], [ 105.5360171, 21.1109181 ], [ 105.5350046, 21.1114172 ], [ 105.534657199999984, 21.1121717 ], [ 105.5345119, 21.1125349 ] ] ] } },
{ "type": "Feature", "properties": { "threshold_s": 900, "time_label": "15 minutes" }, "geometry": { "type": "Polygon", "coordinates": [ [ [ 105.5341503, 21.1171522 ], [ 105.5349807, 21.1184789 ], [ 105.536947799999979, 21.1196179 ], [ 105.5371966, 21.1196761 ], [ 105.537401799999984, 21.1194634 ], [ 105.537398499999981, 21.1187447 ], [ 105.5367333, 21.1184945 ], [ 105.5361881, 21.1183062 ], [ 105.5352701, 21.117712 ], [ 105.5343086, 21.1170271 ], [ 105.5341574, 21.1144522 ], [ 105.535417, 21.1140383 ], [ 105.5376873, 21.1141918 ], [ 105.5375688, 21.1158098 ], [ 105.5376084, 21.1159947 ], [ 105.538358699999989, 21.1160512 ], [ 105.538782499999982, 21.116242 ], [ 105.5399231, 21.1178421 ], [ 105.541153599999987, 21.1173704 ], [ 105.5432966, 21.1165667 ], [ 105.5411375, 21.1151092 ], [ 105.542404099999985, 21.1134562 ], [ 105.542829900000015, 21.1133127 ], [ 105.5435327, 21.1130349 ], [ 105.5447744, 21.1118792 ], [ 105.545506799999984, 21.1115073 ], [ 105.5463061, 21.1110219 ], [ 105.5454059, 21.1109235 ], [ 105.545234099999988, 21.1108682 ], [ 105.543913499999988, 21.1089338 ], [ 105.544425799999985, 21.1080255 ], [ 105.5439376, 21.1060183 ], [ 105.543382599999987, 21.1053464 ], [ 105.542753799999986, 21.1051103 ], [ 105.5405527, 21.1044323 ], [ 105.5387503, 21.1047888 ], [ 105.53759119999998, 21.1058559 ], [ 105.5364255, 21.1076085 ], [ 105.535248, 21.1087235 ], [ 105.5339471, 21.1101622 ], [ 105.533204799999979, 21.1115674 ], [ 105.532125, 21.1121061 ], [ 105.5327649, 21.114002 ], [ 105.53222959999998, 21.1154829 ], [ 105.5341503, 21.1171522 ] ] ] } },
{ "type": "Feature", "properties": { "threshold_s": 300, "time_label": "5 minutes" }, "geometry": { "type": "Polygon", "coordinates": [ [ [ 105.8456292, 21.0132596 ], [ 105.8456975, 21.0134852 ], [ 105.8458881, 21.0134825 ], [ 105.846014299999979, 21.0134494 ], [ 105.846654499999985, 21.0136705 ], [ 105.8467151, 21.0138532 ], [ 105.846767, 21.013838 ], [ 105.846715, 21.0136526 ], [ 105.847431, 21.0133744 ], [ 105.8474893, 21.0133756 ], [ 105.8475297, 21.0133763 ], [ 105.8482353, 21.0134829 ], [ 105.8485937, 21.0136161 ], [ 105.8492061, 21.0135546 ], [ 105.849266500000013, 21.0134615 ], [ 105.849267199999986, 21.013403 ], [ 105.8492662, 21.0133392 ], [ 105.849201400000013, 21.0132491 ], [ 105.8491445, 21.0132473 ], [ 105.8490844, 21.0132467 ], [ 105.848719799999984, 21.0125914 ], [ 105.8490636, 21.0124587 ], [ 105.849117899999982, 21.0124376 ], [ 105.849161899999984, 21.0119607 ], [ 105.849786199999983, 21.0119194 ], [ 105.8498249, 21.011918 ], [ 105.849857299999982, 21.0119169 ], [ 105.850360499999979, 21.0118949 ], [ 105.850404199999986, 21.0118922 ], [ 105.8504447, 21.0118897 ], [ 105.8509251, 21.011874 ], [ 105.850958899999981, 21.0118728 ], [ 105.8509936, 21.0118715 ], [ 105.8510165, 21.0118265 ], [ 105.8510117, 21.0117448 ], [ 105.8509735, 21.0116781 ], [ 105.8509324, 21.0116808 ], [ 105.8508876, 21.0116838 ], [ 105.8507274, 21.0117024 ], [ 105.850384599999984, 21.0116313 ], [ 105.8501678, 21.0110813 ], [ 105.850250799999984, 21.0106009 ], [ 105.8502462, 21.0105383 ], [ 105.8498714, 21.0105636 ], [ 105.8499972, 21.009832 ], [ 105.8499467, 21.0097837 ], [ 105.8493602, 21.0104679 ], [ 105.8493074, 21.0104311 ], [ 105.849244699999986, 21.0103873 ], [ 105.849110199999984, 21.0103289 ], [ 105.8490179, 21.0095714 ], [ 105.8489642, 21.0095838 ], [ 105.8485957, 21.0097069 ], [ 105.8483954, 21.0097738 ], [ 105.8477629, 21.0096932 ], [ 105.8477631, 21.0091354 ], [ 105.8477044, 21.0091439 ], [ 105.847453499999986, 21.009447 ], [ 105.8469763, 21.0096937 ], [ 105.8469275, 21.0100549 ], [ 105.847507199999981, 21.009649199999988 ], [ 105.847722, 21.0099686 ], [ 105.847789700000021, 21.0099616 ], [ 105.8482906, 21.0106766 ], [ 105.847928, 21.0107211 ], [ 105.8478673, 21.0107275 ], [ 105.8478618, 21.0112446 ], [ 105.8473172, 21.0115158 ], [ 105.8468981, 21.0118657 ], [ 105.8464682, 21.0118704 ], [ 105.8459798, 21.0113362 ], [ 105.8458707, 21.0108181 ], [ 105.84581780000002, 21.0108533 ], [ 105.8459209, 21.0113492 ], [ 105.845979, 21.0115572 ], [ 105.84605089999998, 21.0121199 ], [ 105.846219399999981, 21.012609 ], [ 105.8457234, 21.0131365 ], [ 105.8456292, 21.0132596 ] ] ] } },
{ "type": "Feature", "properties": { "threshold_s": 600, "time_label": "10 minutes" }, "geometry": { "type": "Polygon", "coordinates": [ [ [ 105.8430712, 21.0143492 ], [ 105.843961, 21.0155694 ], [ 105.8441396, 21.0156575 ], [ 105.8456796, 21.0162325 ], [ 105.845979499999984, 21.0163252 ], [ 105.8476767, 21.0171788 ], [ 105.8484596, 21.0171481 ], [ 105.848506299999983, 21.0171458 ], [ 105.849306, 21.0168455 ], [ 105.8504439, 21.0153001 ], [ 105.8509049, 21.0152738 ], [ 105.8509323, 21.0152742 ], [ 105.850962, 21.015275 ], [ 105.8516664, 21.0146877 ], [ 105.8521257, 21.0141721 ], [ 105.852383099999983, 21.013791 ], [ 105.8523863, 21.013765 ], [ 105.8523807, 21.0134658 ], [ 105.8517022, 21.0118222 ], [ 105.8522162, 21.0107317 ], [ 105.8531133, 21.0100022 ], [ 105.8529832, 21.0087722 ], [ 105.852174399999981, 21.0083903 ], [ 105.8513694, 21.0072447 ], [ 105.8512646, 21.0072541 ], [ 105.84915119999998, 21.0071288 ], [ 105.847321, 21.0063321 ], [ 105.847310599999986, 21.0063321 ], [ 105.8472656, 21.0063322 ], [ 105.847225499999979, 21.0063324 ], [ 105.8466293, 21.0066835 ], [ 105.845386499999989, 21.0077563 ], [ 105.8452926, 21.0081436 ], [ 105.845227499999979, 21.0084969 ], [ 105.8449397, 21.0104502 ], [ 105.845169799999979, 21.0110389 ], [ 105.8455437, 21.0125883 ], [ 105.8452984, 21.0134518 ], [ 105.8450315, 21.0140596 ], [ 105.8432542, 21.0143207 ], [ 105.8430712, 21.0143492 ] ] ] } },
{ "type": "Feature", "properties": { "threshold_s": 900, "time_label": "15 minutes" }, "geometry": { "type": "Polygon", "coordinates": [ [ [ 105.8422718, 21.0171819 ], [ 105.84212, 21.0171963 ], [ 105.8422759, 21.0173833 ], [ 105.843516599999987, 21.0181953 ], [ 105.8437781, 21.0183022 ], [ 105.8438579, 21.0182848 ], [ 105.8439301, 21.0182691 ], [ 105.844818099999983, 21.0173794 ], [ 105.8461965, 21.0170919 ], [ 105.8473556, 21.0182764 ], [ 105.8473042, 21.019172 ], [ 105.847717799999984, 21.0196532 ], [ 105.84948439999998, 21.0196666 ], [ 105.8497291, 21.0196171 ], [ 105.850657499999983, 21.0186116 ], [ 105.851494299999985, 21.0181657 ], [ 105.8520763, 21.0171997 ], [ 105.852825599999989, 21.0168495 ], [ 105.854161500000018, 21.0157479 ], [ 105.8544578, 21.0154633 ], [ 105.8544649, 21.0154173 ], [ 105.8558113, 21.0141714 ], [ 105.856075, 21.0141546 ], [ 105.8560736, 21.0140983 ], [ 105.8554906, 21.0133308 ], [ 105.8551874, 21.01328 ], [ 105.854728699999981, 21.0116607 ], [ 105.8552322, 21.0107941 ], [ 105.855390499999984, 21.0105528 ], [ 105.8562536, 21.009063 ], [ 105.855183899999986, 21.0079216 ], [ 105.854656399999982, 21.0073922 ], [ 105.8546031, 21.0073927 ], [ 105.853274499999984, 21.0071804 ], [ 105.8530703, 21.0055535 ], [ 105.8530462, 21.0054517 ], [ 105.852179799999988, 21.0048192 ], [ 105.8510054, 21.0039707 ], [ 105.850948499999987, 21.0039725 ], [ 105.8504813, 21.0044425 ], [ 105.8496358, 21.0050672 ], [ 105.8484978, 21.0049917 ], [ 105.847998099999984, 21.0034361 ], [ 105.847993599999981, 21.0033961 ], [ 105.84798739999998, 21.0033395 ], [ 105.847902099999985, 21.0032743 ], [ 105.8464015, 21.0034428 ], [ 105.846371399999981, 21.0034751 ], [ 105.846282599999981, 21.0035707 ], [ 105.8454322, 21.0045199 ], [ 105.84486459999998, 21.0050734 ], [ 105.8448652, 21.0051286 ], [ 105.844865699999986, 21.005173 ], [ 105.843996799999985, 21.0067582 ], [ 105.8434678, 21.0067603 ], [ 105.8433928, 21.0067611 ], [ 105.841711299999986, 21.0073831 ], [ 105.8416549, 21.0074332 ], [ 105.8415593, 21.0075309 ], [ 105.841529, 21.0081094 ], [ 105.841559, 21.0081579 ], [ 105.8418279, 21.0084792 ], [ 105.842925399999984, 21.0088663 ], [ 105.8441307, 21.0076739 ], [ 105.845227499999979, 21.0084969 ], [ 105.8452884, 21.0100443 ], [ 105.8449397, 21.0104502 ], [ 105.845169799999979, 21.0110389 ], [ 105.8455437, 21.0125883 ], [ 105.8452984, 21.0134518 ], [ 105.8450315, 21.0140596 ], [ 105.8432542, 21.0143207 ], [ 105.842844899999989, 21.0139577 ], [ 105.8423851, 21.0136837 ], [ 105.8414563, 21.0134154 ], [ 105.8413787, 21.0134169 ], [ 105.8413199, 21.0134184 ], [ 105.841088, 21.0134947 ], [ 105.8412998, 21.0142376 ], [ 105.8426967, 21.014787 ], [ 105.8432513, 21.0155825 ], [ 105.8433861, 21.0171286 ], [ 105.8422718, 21.0171819 ] ] ] } },
{ "type": "Feature", "properties": { "threshold_s": 300, "time_label": "5 minutes" }, "geometry": { "type": "Polygon", "coordinates": [ [ [ 105.828989300000018, 21.0324074 ], [ 105.829174, 21.0326081 ], [ 105.8292916, 21.0327055 ], [ 105.829816, 21.0327319 ], [ 105.8300104, 21.0329459 ], [ 105.8300461, 21.0328455 ], [ 105.830069, 21.0327886 ], [ 105.8304519, 21.032443 ], [ 105.8309848, 21.0325477 ], [ 105.830839, 21.0329279 ], [ 105.830841199999981, 21.0329698 ], [ 105.831132199999985, 21.0334392 ], [ 105.831677899999988, 21.0333736 ], [ 105.831724, 21.0333462 ], [ 105.8316953, 21.0331993 ], [ 105.8317013, 21.0330546 ], [ 105.8317046, 21.0330103 ], [ 105.831555699999981, 21.0325215 ], [ 105.8317038, 21.0319898 ], [ 105.8319634, 21.0319173 ], [ 105.8325262, 21.0321374 ], [ 105.8324919, 21.0324242 ], [ 105.832499799999979, 21.0324723 ], [ 105.832611899999989, 21.0329665 ], [ 105.8326176, 21.0330118 ], [ 105.8330307, 21.0329917 ], [ 105.8333403, 21.0329762 ], [ 105.8334198, 21.0329248 ], [ 105.8334585, 21.0328338 ], [ 105.8333872, 21.032404 ], [ 105.8333773, 21.0322653 ], [ 105.833358899999979, 21.032176 ], [ 105.833971500000018, 21.0320566 ], [ 105.833993799999988, 21.0321657 ], [ 105.834079499999987, 21.0322018 ], [ 105.8342161, 21.0321754 ], [ 105.8343969, 21.0319864 ], [ 105.834380199999984, 21.0318997 ], [ 105.834302899999983, 21.0318502 ], [ 105.8341534, 21.0318742 ], [ 105.8340009, 21.0311297 ], [ 105.8341442, 21.0310995 ], [ 105.834254299999984, 21.0310255 ], [ 105.8342385, 21.0308556 ], [ 105.8342368, 21.0308405 ], [ 105.8341683, 21.0308059 ], [ 105.83386489999998, 21.0303727 ], [ 105.834002199999986, 21.0307876 ], [ 105.8337965, 21.0310027 ], [ 105.8338248, 21.0310895 ], [ 105.8338475, 21.0311639 ], [ 105.834016799999986, 21.0318961 ], [ 105.8339558, 21.0319832 ], [ 105.8333441, 21.0321043 ], [ 105.833100099999982, 21.0320732 ], [ 105.83295, 21.031981 ], [ 105.832861, 21.0315047 ], [ 105.8329182, 21.0314056 ], [ 105.8329017, 21.0313551 ], [ 105.832881, 21.0312751 ], [ 105.8327447, 21.0312038 ], [ 105.8326837, 21.0312263 ], [ 105.8326319, 21.031242 ], [ 105.8321197, 21.0314982 ], [ 105.831613, 21.0312292 ], [ 105.831276, 21.0311887 ], [ 105.831167799999989, 21.0308324 ], [ 105.831468799999982, 21.0306106 ], [ 105.8318066, 21.0305149 ], [ 105.8321326, 21.0300643 ], [ 105.8322127, 21.0300407 ], [ 105.832264099999989, 21.0300264 ], [ 105.8322246, 21.0297085 ], [ 105.8321091, 21.0297439 ], [ 105.831816599999982, 21.0301555 ], [ 105.8316989, 21.0301768 ], [ 105.831112399999981, 21.0304294 ], [ 105.8310849, 21.0305594 ], [ 105.830882599999981, 21.0308847 ], [ 105.830564599999988, 21.0309725 ], [ 105.8302295, 21.0310606 ], [ 105.8302931, 21.0313607 ], [ 105.8298109, 21.0315576 ], [ 105.8297541, 21.0315748 ], [ 105.8297572, 21.0318171 ], [ 105.8298286, 21.0321148 ], [ 105.829246900000015, 21.0322834 ], [ 105.8290374, 21.0323236 ], [ 105.828989300000018, 21.0324074 ] ] ] } },
{ "type": "Feature", "properties": { "threshold_s": 600, "time_label": "10 minutes" }, "geometry": { "type": "Polygon", "coordinates": [ [ [ 105.8266528, 21.0331194 ], [ 105.8271652, 21.0338253 ], [ 105.8282484, 21.03468 ], [ 105.8286424, 21.0348715 ], [ 105.8300489, 21.03536 ], [ 105.8305238, 21.035891 ], [ 105.8311425, 21.0363681 ], [ 105.8312389, 21.0359684 ], [ 105.8313316, 21.0356528 ], [ 105.8320364, 21.0350815 ], [ 105.832216, 21.0350183 ], [ 105.83333829999998, 21.0358236 ], [ 105.8335689, 21.035974 ], [ 105.8336854, 21.0359987 ], [ 105.8339457, 21.0359012 ], [ 105.834852899999987, 21.0352006 ], [ 105.8349878, 21.0350706 ], [ 105.835731699999982, 21.0339774 ], [ 105.836089199999989, 21.0336866 ], [ 105.8364652, 21.0327522 ], [ 105.8372469, 21.032044 ], [ 105.837183399999986, 21.0315302 ], [ 105.8372817, 21.0305998 ], [ 105.837126499999982, 21.030221 ], [ 105.83672, 21.0294354 ], [ 105.836283899999984, 21.0291951 ], [ 105.8359105, 21.0290629 ], [ 105.835641899999985, 21.0290538 ], [ 105.8348712, 21.0288185 ], [ 105.8344339, 21.0277851 ], [ 105.8342281, 21.0277521 ], [ 105.834012099999981, 21.0277129 ], [ 105.833164399999987, 21.0275441 ], [ 105.8321756, 21.0272157 ], [ 105.831178, 21.0266003 ], [ 105.8301864, 21.0276428 ], [ 105.8299299, 21.0289885 ], [ 105.8294382, 21.0292191 ], [ 105.829409699999985, 21.0292249 ], [ 105.829366399999984, 21.029233 ], [ 105.828392199999982, 21.0294071 ], [ 105.8275083, 21.0291682 ], [ 105.8273778, 21.0291665 ], [ 105.8270676, 21.0292397 ], [ 105.8270037, 21.0292856 ], [ 105.8269824, 21.0294318 ], [ 105.827015099999983, 21.0295479 ], [ 105.8270736, 21.0298692 ], [ 105.8269429, 21.0307379 ], [ 105.826867299999989, 21.0310247 ], [ 105.825828300000012, 21.0317368 ], [ 105.8256498, 21.031761 ], [ 105.8257667, 21.0319631 ], [ 105.8263958, 21.0326647 ], [ 105.8266528, 21.0331194 ] ] ] } },
{ "type": "Feature", "properties": { "threshold_s": 900, "time_label": "15 minutes" }, "geometry": { "type": "Polygon", "coordinates": [ [ [ 105.82270029999998, 21.0324 ], [ 105.8233495, 21.0337659 ], [ 105.8247703, 21.0349364 ], [ 105.8257644, 21.0355964 ], [ 105.8270922, 21.036496 ], [ 105.828031699999983, 21.0371163 ], [ 105.828236799999985, 21.0372419 ], [ 105.828971200000012, 21.0374848 ], [ 105.829758899999987, 21.0378688 ], [ 105.8304836, 21.0393089 ], [ 105.83084719999998, 21.0395894 ], [ 105.8316029, 21.0393384 ], [ 105.8334848, 21.0383516 ], [ 105.8350741, 21.038639 ], [ 105.835475299999985, 21.0381626 ], [ 105.8366719, 21.0366952 ], [ 105.83723, 21.0348339 ], [ 105.837820500000021, 21.0342942 ], [ 105.8383541, 21.0339447 ], [ 105.838954699999988, 21.0336265 ], [ 105.8390808, 21.033425 ], [ 105.8400718, 21.0319276 ], [ 105.8404563, 21.0314837 ], [ 105.8409676, 21.0309424 ], [ 105.84091, 21.0290548 ], [ 105.8408853, 21.0289358 ], [ 105.840667499999981, 21.028785 ], [ 105.839164299999979, 21.0281474 ], [ 105.8375424, 21.0274354 ], [ 105.8370144, 21.0265438 ], [ 105.836917500000013, 21.0264108 ], [ 105.835100700000012, 21.0255666 ], [ 105.8328783, 21.0248318 ], [ 105.832789799999986, 21.0248168 ], [ 105.8306846, 21.0251621 ], [ 105.830023699999984, 21.0257031 ], [ 105.827808499999989, 21.0263284 ], [ 105.8275844, 21.0260273 ], [ 105.8274264, 21.0260625 ], [ 105.8273512, 21.0260792 ], [ 105.827124199999986, 21.0263461 ], [ 105.825105, 21.0273488 ], [ 105.824480899999983, 21.0272689 ], [ 105.8244215, 21.0273223 ], [ 105.824330799999984, 21.0281724 ], [ 105.824310399999987, 21.0282761 ], [ 105.8240872, 21.0301376 ], [ 105.823216299999984, 21.0307305 ], [ 105.822998899999988, 21.0308845 ], [ 105.8223499, 21.0312448 ], [ 105.822343, 21.0312759 ], [ 105.82270029999998, 21.0324 ] ] ] } },
{ "type": "Feature", "properties": { "threshold_s": 300, "time_label": "5 minutes" }, "geometry": { "type": "Polygon", "coordinates": [ [ [ 105.8481374, 21.0308039 ], [ 105.8485186, 21.0323719 ], [ 105.84887710000001, 21.0317532 ], [ 105.8491377, 21.0313156 ], [ 105.8488561, 21.0305684 ], [ 105.8491746, 21.029779 ], [ 105.8501894, 21.0298974 ], [ 105.85069, 21.0302351 ], [ 105.850858299999985, 21.0309982 ], [ 105.8508869, 21.0316388 ], [ 105.8505682, 21.032206 ], [ 105.8507011, 21.0323117 ], [ 105.8513365, 21.0323003 ], [ 105.851958699999983, 21.0319016 ], [ 105.852118499999989, 21.0316996 ], [ 105.8521114, 21.0316325 ], [ 105.8512303, 21.0306856 ], [ 105.8512821, 21.0305065 ], [ 105.8513118, 21.0303982 ], [ 105.8513388, 21.0302937 ], [ 105.851363, 21.0301442 ], [ 105.8514055, 21.0298406 ], [ 105.851443499999988, 21.0296032 ], [ 105.851467499999984, 21.0294759 ], [ 105.8515171, 21.0291975 ], [ 105.851518, 21.0289361 ], [ 105.851497600000016, 21.0287269 ], [ 105.8515379, 21.0276191 ], [ 105.851632, 21.0272476 ], [ 105.8514611, 21.0272192 ], [ 105.851116099999984, 21.0277212 ], [ 105.849976399999989, 21.0278076 ], [ 105.8487329, 21.02842 ], [ 105.8485757, 21.0287723 ], [ 105.8487662, 21.0295916 ], [ 105.8481374, 21.0308039 ] ] ] } },
{ "type": "Feature", "properties": { "threshold_s": 600, "time_label": "10 minutes" }, "geometry": { "type": "Polygon", "coordinates": [ [ [ 105.845834300000021, 21.0320332 ], [ 105.8458888, 21.0337422 ], [ 105.847024799999986, 21.0344199 ], [ 105.848156599999982, 21.0348966 ], [ 105.849394799999985, 21.0353124 ], [ 105.850024, 21.0353227 ], [ 105.850615299999987, 21.0347411 ], [ 105.852156799999989, 21.0347124 ], [ 105.852698, 21.0338771 ], [ 105.853804, 21.0330302 ], [ 105.85453339999998, 21.0321628 ], [ 105.8545659, 21.0314536 ], [ 105.853889, 21.0303709 ], [ 105.8537587, 21.0295792 ], [ 105.85374969999998, 21.029405 ], [ 105.8533349, 21.0294679 ], [ 105.851518, 21.0289361 ], [ 105.851497600000016, 21.0287269 ], [ 105.8514771, 21.0285279 ], [ 105.8514483, 21.0283114 ], [ 105.8514521, 21.0280788 ], [ 105.8515379, 21.0276191 ], [ 105.8532895, 21.0268741 ], [ 105.8533809, 21.0268638 ], [ 105.8535573, 21.0266632 ], [ 105.8535389, 21.0260779 ], [ 105.8534289, 21.0254568 ], [ 105.8534146, 21.0254056 ], [ 105.8533972, 21.0253457 ], [ 105.8520619, 21.0245031 ], [ 105.851334, 21.0245245 ], [ 105.8496229, 21.0247565 ], [ 105.8495586, 21.0247729 ], [ 105.8492722, 21.0253056 ], [ 105.8474105, 21.0258729 ], [ 105.8474004, 21.0260889 ], [ 105.847489, 21.0263452 ], [ 105.84769129999998, 21.0269229 ], [ 105.847791199999989, 21.0281196 ], [ 105.8464, 21.0291195 ], [ 105.8450687, 21.0291861 ], [ 105.846568, 21.0299584 ], [ 105.845851199999984, 21.0312344 ], [ 105.845834300000021, 21.0320332 ] ] ] } },
{ "type": "Feature", "properties": { "threshold_s": 900, "time_label": "15 minutes" }, "geometry": { "type": "Polygon", "coordinates": [ [ [ 105.8447622, 21.0357407 ], [ 105.8452568, 21.0364033 ], [ 105.847111399999989, 21.0375183 ], [ 105.8487503, 21.0382264 ], [ 105.848880199999982, 21.0382075 ], [ 105.8506814, 21.037623 ], [ 105.8525179, 21.0367986 ], [ 105.853296899999989, 21.0369383 ], [ 105.8546701, 21.035414 ], [ 105.8547385, 21.0352913 ], [ 105.855330399999986, 21.0338854 ], [ 105.8569481, 21.0322626 ], [ 105.857932, 21.0318919 ], [ 105.857250099999987, 21.0297668 ], [ 105.8569206, 21.0290628 ], [ 105.856326300000021, 21.0270123 ], [ 105.8561394, 21.0262284 ], [ 105.856778599999984, 21.0246804 ], [ 105.8569971, 21.0244801 ], [ 105.856964499999989, 21.0244402 ], [ 105.855429, 21.023449 ], [ 105.854806699999983, 21.0235564 ], [ 105.8531169, 21.022562 ], [ 105.852561399999985, 21.0221904 ], [ 105.8503122, 21.0214084 ], [ 105.850157599999989, 21.0214531 ], [ 105.8487426, 21.021917 ], [ 105.8484823, 21.0220095 ], [ 105.8480174, 21.0233421 ], [ 105.8466023, 21.023516 ], [ 105.8458793, 21.0238188 ], [ 105.84566479999998, 21.024049 ], [ 105.845042399999983, 21.025008 ], [ 105.8438255, 21.0268014 ], [ 105.8426329, 21.0278385 ], [ 105.8425904, 21.0279135 ], [ 105.84225210000001, 21.0285565 ], [ 105.842234, 21.0286721 ], [ 105.8428456, 21.0304544 ], [ 105.8441733, 21.0312532 ], [ 105.844622199999989, 21.0333673 ], [ 105.8446504, 21.0335002 ], [ 105.844685, 21.0336632 ], [ 105.8447622, 21.0357407 ] ] ] } },
{ "type": "Feature", "properties": { "threshold_s": 300, "time_label": "5 minutes" }, "geometry": { "type": "Polygon", "coordinates": [ [ [ 105.7352781, 21.03438 ], [ 105.735283399999986, 21.0339307 ], [ 105.7347317, 21.0350367 ], [ 105.735287799999981, 21.0352696 ], [ 105.7362185, 21.0354791 ], [ 105.7371171, 21.0356368 ], [ 105.737317799999985, 21.0366073 ], [ 105.738035599999989, 21.0365054 ], [ 105.738574899999989, 21.0360562 ], [ 105.7389378, 21.0357299 ], [ 105.7392119, 21.0350047 ], [ 105.7397959, 21.0348912 ], [ 105.740165799999986, 21.0348205 ], [ 105.740624, 21.0347149 ], [ 105.7407637, 21.0346983 ], [ 105.7402432, 21.034479 ], [ 105.739500199999981, 21.0337129 ], [ 105.739449199999981, 21.0336128 ], [ 105.738953699999982, 21.0327538 ], [ 105.738862199999986, 21.0330925 ], [ 105.7386913, 21.0336669 ], [ 105.737856, 21.0343243 ], [ 105.737053599999982, 21.0348295 ], [ 105.736168899999981, 21.0352025 ], [ 105.735537, 21.0348816 ], [ 105.7352781, 21.03438 ] ] ] } },
{ "type": "Feature", "properties": { "threshold_s": 600, "time_label": "10 minutes" }, "geometry": { "type": "Polygon", "coordinates": [ [ [ 105.7315514, 21.0357012 ], [ 105.731025, 21.0360319 ], [ 105.7333492, 21.0369129 ], [ 105.7338115, 21.0373843 ], [ 105.734748399999987, 21.0368474 ], [ 105.7356517, 21.0367617 ], [ 105.7364977, 21.0387485 ], [ 105.737945199999984, 21.0402948 ], [ 105.7386929, 21.0393194 ], [ 105.739731699999979, 21.0384203 ], [ 105.741942, 21.0379284 ], [ 105.7422388, 21.0364867 ], [ 105.742524399999979, 21.0357582 ], [ 105.7436103, 21.0343902 ], [ 105.743619399999986, 21.0341889 ], [ 105.7423075, 21.0327567 ], [ 105.7411423, 21.0324533 ], [ 105.7403673, 21.0309892 ], [ 105.740004500000012, 21.0303457 ], [ 105.739812199999989, 21.0303069 ], [ 105.7392286, 21.0302659 ], [ 105.737964599999984, 21.0307959 ], [ 105.7359986, 21.0313361 ], [ 105.7349838, 21.0311155 ], [ 105.7343555, 21.0323298 ], [ 105.732463, 21.0330959 ], [ 105.731800899999982, 21.0336111 ], [ 105.7315514, 21.0357012 ] ] ] } },
{ "type": "Feature", "properties": { "threshold_s": 900, "time_label": "15 minutes" }, "geometry": { "type": "Polygon", "coordinates": [ [ [ 105.7290691, 21.0378194 ], [ 105.7294397, 21.0383334 ], [ 105.7299113, 21.0386368 ], [ 105.7311647, 21.0386518 ], [ 105.7333486, 21.0401334 ], [ 105.7346186, 21.0401768 ], [ 105.7355559, 21.0421304 ], [ 105.7374361, 21.0433396 ], [ 105.7376202, 21.0434124 ], [ 105.7377464, 21.0430651 ], [ 105.7385735, 21.0413571 ], [ 105.7398636, 21.0404767 ], [ 105.7415246, 21.040122 ], [ 105.742759099999986, 21.0398914 ], [ 105.744136699999984, 21.0388131 ], [ 105.744271899999987, 21.0385859 ], [ 105.7442949, 21.0381344 ], [ 105.745410299999989, 21.0360325 ], [ 105.7466, 21.035255 ], [ 105.7473705, 21.034805 ], [ 105.7463703, 21.0333527 ], [ 105.7458881, 21.0325232 ], [ 105.7456243, 21.032389 ], [ 105.7435235, 21.0324311 ], [ 105.742338, 21.0307613 ], [ 105.7424614, 21.0297774 ], [ 105.741573699999989, 21.028407 ], [ 105.74119, 21.0269973 ], [ 105.739322199999989, 21.0273272 ], [ 105.7382696, 21.0277601 ], [ 105.736319, 21.0293504 ], [ 105.7344174, 21.0293512 ], [ 105.7329926, 21.0293757 ], [ 105.731163, 21.0306027 ], [ 105.730560699999984, 21.0310502 ], [ 105.7302406, 21.0320668 ], [ 105.7289032, 21.0339952 ], [ 105.7284459, 21.0360729 ], [ 105.728563, 21.0364854 ], [ 105.7290691, 21.0378194 ] ] ] } },
{ "type": "Feature", "properties": { "threshold_s": 300, "time_label": "5 minutes" }, "geometry": { "type": "Polygon", "coordinates": [ [ [ 105.823975899999979, 21.0383046 ], [ 105.823895, 21.0388652 ], [ 105.8245509, 21.0392743 ], [ 105.8251826, 21.0391586 ], [ 105.8255995, 21.0388331 ], [ 105.8260344, 21.0389616 ], [ 105.8266017, 21.039256 ], [ 105.827306, 21.0392658 ], [ 105.8277855, 21.0390274 ], [ 105.827802299999988, 21.0385872 ], [ 105.8282155, 21.0380291 ], [ 105.828549599999988, 21.03757 ], [ 105.828963499999986, 21.0371988 ], [ 105.829102, 21.036995 ], [ 105.828956399999981, 21.0368655 ], [ 105.8282513, 21.0364327 ], [ 105.827834399999986, 21.0359984 ], [ 105.8273127, 21.0355162 ], [ 105.8270609, 21.0362158 ], [ 105.826538099999979, 21.0362636 ], [ 105.8258805, 21.0360171 ], [ 105.8255273, 21.0358526 ], [ 105.82519809999998, 21.0362597 ], [ 105.8245619, 21.03595 ], [ 105.8244509, 21.0361047 ], [ 105.8242488, 21.0364463 ], [ 105.823472699999982, 21.0366806 ], [ 105.8232202, 21.0369538 ], [ 105.8239526, 21.037349 ], [ 105.8240137, 21.0379409 ], [ 105.823975899999979, 21.0383046 ] ] ] } },
{ "type": "Feature", "properties": { "threshold_s": 600, "time_label": "10 minutes" }, "geometry": { "type": "Polygon", "coordinates": [ [ [ 105.820442699999987, 21.0390401 ], [ 105.820365199999983, 21.0392161 ], [ 105.8207409, 21.0393699 ], [ 105.8211515, 21.0395011 ], [ 105.822110399999985, 21.0387318 ], [ 105.8226977, 21.0393729 ], [ 105.8227298, 21.039655 ], [ 105.8227552, 21.0399897 ], [ 105.8228039, 21.0402703 ], [ 105.8229718, 21.0406453 ], [ 105.823099, 21.040807 ], [ 105.824410599999979, 21.0408466 ], [ 105.825452799999979, 21.0415225 ], [ 105.826178399999989, 21.0416743 ], [ 105.826662, 21.0416429 ], [ 105.8272255, 21.0411392 ], [ 105.8280219, 21.0410279 ], [ 105.828956799999986, 21.040745 ], [ 105.8293248, 21.0405733 ], [ 105.829367199999979, 21.0403666 ], [ 105.829189299999982, 21.0401555 ], [ 105.828746399999986, 21.0391982 ], [ 105.8289726, 21.0386601 ], [ 105.829102399999982, 21.0384381 ], [ 105.829758899999987, 21.0378688 ], [ 105.831039499999989, 21.038323 ], [ 105.8310504, 21.0374354 ], [ 105.830307399999981, 21.0374727 ], [ 105.8298842, 21.0365856 ], [ 105.8305238, 21.035891 ], [ 105.8300489, 21.03536 ], [ 105.829778, 21.0345547 ], [ 105.8290453, 21.0341307 ], [ 105.8286604, 21.0337133 ], [ 105.8283522, 21.0337127 ], [ 105.827164599999989, 21.033782 ], [ 105.8267372, 21.0341494 ], [ 105.8264687, 21.0348051 ], [ 105.826622, 21.0351533 ], [ 105.8255273, 21.0358526 ], [ 105.8246701, 21.0359009 ], [ 105.8245619, 21.03595 ], [ 105.8237107, 21.0363193 ], [ 105.823101899999983, 21.0355099 ], [ 105.8233435, 21.0350624 ], [ 105.822637499999985, 21.0346398 ], [ 105.8224868, 21.0345316 ], [ 105.8217917, 21.0350448 ], [ 105.821689699999979, 21.0351796 ], [ 105.821072199999989, 21.0362049 ], [ 105.820794599999985, 21.036438 ], [ 105.8207339, 21.0365377 ], [ 105.820471499999982, 21.0370212 ], [ 105.820492299999984, 21.037227 ], [ 105.8209081, 21.0381272 ], [ 105.8206403, 21.0385599 ], [ 105.820442699999987, 21.0390401 ] ] ] } },
{ "type": "Feature", "properties": { "threshold_s": 900, "time_label": "15 minutes" }, "geometry": { "type": "Polygon", "coordinates": [ [ [ 105.817977, 21.0389697 ], [ 105.818117599999979, 21.0402918 ], [ 105.8196251, 21.0413316 ], [ 105.820975100000013, 21.0423549 ], [ 105.8226906, 21.043155 ], [ 105.8231761, 21.0434129 ], [ 105.8251749, 21.0431721 ], [ 105.8256852, 21.0428848 ], [ 105.826998799999984, 21.042035 ], [ 105.828772599999979, 21.0413067 ], [ 105.829178899999988, 21.0416541 ], [ 105.8299942, 21.0419361 ], [ 105.8309894, 21.0423696 ], [ 105.8310402, 21.0423875 ], [ 105.8310948, 21.0423807 ], [ 105.831130099999982, 21.0423522 ], [ 105.83113729999998, 21.0422818 ], [ 105.831142299999982, 21.0422338 ], [ 105.831261899999987, 21.0406063 ], [ 105.832214099999987, 21.040493 ], [ 105.832357, 21.0389126 ], [ 105.8325108, 21.0379028 ], [ 105.8310657, 21.0368584 ], [ 105.8311425, 21.0363681 ], [ 105.8312389, 21.0359684 ], [ 105.832488699999985, 21.0349556 ], [ 105.83281, 21.0349275 ], [ 105.8336401, 21.0344045 ], [ 105.833510299999986, 21.0342433 ], [ 105.8329608, 21.0337944 ], [ 105.832389099999986, 21.0334737 ], [ 105.8313025, 21.0325661 ], [ 105.831213199999979, 21.0325084 ], [ 105.8297572, 21.0318171 ], [ 105.8283016, 21.0318159 ], [ 105.8271556, 21.0309515 ], [ 105.8269429, 21.0307379 ], [ 105.826881699999987, 21.0307383 ], [ 105.8256673, 21.0317019 ], [ 105.824136900000013, 21.0329592 ], [ 105.822794799999983, 21.0336495 ], [ 105.8213982, 21.0335006 ], [ 105.8205961, 21.0335635 ], [ 105.820170899999979, 21.0338372 ], [ 105.8192885, 21.0353638 ], [ 105.818631399999987, 21.0352432 ], [ 105.818425, 21.035447 ], [ 105.818124499999982, 21.0362615 ], [ 105.8179487, 21.0367991 ], [ 105.8178987, 21.0370672 ], [ 105.817960199999987, 21.0388023 ], [ 105.817977, 21.0389697 ] ] ] } },
{ "type": "Feature", "properties": { "threshold_s": 300, "time_label": "5 minutes" }, "geometry": { "type": "Polygon", "coordinates": [ [ [ 105.7471808, 20.6894281 ], [ 105.7490755, 20.6922576 ], [ 105.7505009, 20.6919132 ], [ 105.752063399999983, 20.6915269 ], [ 105.7505444, 20.6907334 ], [ 105.7491492, 20.6900164 ], [ 105.7474176, 20.6890709 ], [ 105.747672899999984, 20.6887569 ], [ 105.7478901, 20.6884611 ], [ 105.7473913, 20.6885763 ], [ 105.7471808, 20.6894281 ] ] ] } },
{ "type": "Feature", "properties": { "threshold_s": 600, "time_label": "10 minutes" }, "geometry": { "type": "Polygon", "coordinates": [ [ [ 105.74543079999998, 20.6928748 ], [ 105.7452965, 20.6938443 ], [ 105.7463881, 20.6940501 ], [ 105.7474582, 20.6942448 ], [ 105.7472411, 20.6939309 ], [ 105.7470104, 20.693601 ], [ 105.7466966, 20.6929185 ], [ 105.746665899999982, 20.6928402 ], [ 105.7465057, 20.6924184 ], [ 105.746353199999987, 20.6915234 ], [ 105.7490755, 20.6922576 ], [ 105.7505009, 20.6919132 ], [ 105.752548899999979, 20.6929069 ], [ 105.7525331, 20.6931593 ], [ 105.7525286, 20.6933378 ], [ 105.7504386, 20.6936448 ], [ 105.7503758, 20.6954441 ], [ 105.752517, 20.6937917 ], [ 105.753475399999985, 20.693413 ], [ 105.7530601, 20.6926299 ], [ 105.7534271, 20.6913628 ], [ 105.7532667, 20.6900856 ], [ 105.7525757, 20.6893415 ], [ 105.7525518, 20.6901561 ], [ 105.752063399999983, 20.6915269 ], [ 105.7505444, 20.6907334 ], [ 105.7491492, 20.6900164 ], [ 105.7474176, 20.6890709 ], [ 105.747672899999984, 20.6887569 ], [ 105.7478901, 20.6884611 ], [ 105.746960799999982, 20.6879546 ], [ 105.7482262, 20.6864248 ], [ 105.746767399999982, 20.6874663 ], [ 105.745266299999983, 20.6864775 ], [ 105.74645910000001, 20.687715 ], [ 105.7471808, 20.6894281 ], [ 105.7464885, 20.6905142 ], [ 105.7449429, 20.6917226 ], [ 105.74543079999998, 20.6928748 ] ] ] } },
{ "type": "Feature", "properties": { "threshold_s": 900, "time_label": "15 minutes" }, "geometry": { "type": "Polygon", "coordinates": [ [ [ 105.743760899999984, 20.6920804 ], [ 105.7444006, 20.6944114 ], [ 105.746372, 20.6952419 ], [ 105.747825299999988, 20.6958633 ], [ 105.7490726, 20.6959093 ], [ 105.750703799999982, 20.6963434 ], [ 105.7517472, 20.6967424 ], [ 105.752412399999983, 20.69678 ], [ 105.753096299999982, 20.6964426 ], [ 105.7547612, 20.6950788 ], [ 105.7565644, 20.6949233 ], [ 105.757794499999989, 20.6943634 ], [ 105.7568344, 20.6931089 ], [ 105.755489899999986, 20.6932731 ], [ 105.7534615, 20.6927263 ], [ 105.7534271, 20.6913628 ], [ 105.7542408, 20.6900553 ], [ 105.7543712, 20.6898457 ], [ 105.7544508, 20.6897242 ], [ 105.7545639, 20.6895284 ], [ 105.7547233, 20.6892625 ], [ 105.754881, 20.6890032 ], [ 105.7551697, 20.6885287 ], [ 105.7533726, 20.6864844 ], [ 105.753168500000015, 20.6868898 ], [ 105.7529556, 20.68739 ], [ 105.752761400000011, 20.6881982 ], [ 105.7526933, 20.6885343 ], [ 105.752663799999979, 20.6886634 ], [ 105.7525757, 20.6893415 ], [ 105.7505444, 20.6907334 ], [ 105.7491492, 20.6900164 ], [ 105.7478901, 20.6884611 ], [ 105.7482262, 20.6864248 ], [ 105.750548899999984, 20.685232 ], [ 105.747806299999979, 20.6850832 ], [ 105.747613799999982, 20.6837092 ], [ 105.7449854, 20.6841426 ], [ 105.744703099999981, 20.6847407 ], [ 105.742436799999979, 20.6859499 ], [ 105.7418165, 20.6857414 ], [ 105.7416365, 20.6858052 ], [ 105.7416345, 20.6858488 ], [ 105.7416487, 20.6858862 ], [ 105.7428396, 20.68755 ], [ 105.743419, 20.6890331 ], [ 105.7439978, 20.6883393 ], [ 105.744359, 20.6880055 ], [ 105.74645910000001, 20.687715 ], [ 105.7471808, 20.6894281 ], [ 105.7464885, 20.6905142 ], [ 105.7449429, 20.6917226 ], [ 105.743760899999984, 20.6920804 ] ] ] } },
{ "type": "Feature", "properties": { "threshold_s": 300, "time_label": "5 minutes" }, "geometry": { "type": "Polygon", "coordinates": [ [ [ 105.8313587, 20.9849407 ], [ 105.8315284, 20.9860267 ], [ 105.8322249, 20.9857308 ], [ 105.8324981, 20.9867377 ], [ 105.8326886, 20.9865726 ], [ 105.833026799999985, 20.9862878 ], [ 105.8333428, 20.9860209 ], [ 105.8342025, 20.9866454 ], [ 105.8343116, 20.9868445 ], [ 105.8344782, 20.9867994 ], [ 105.8348617, 20.9863275 ], [ 105.8347579, 20.9861707 ], [ 105.834787399999982, 20.9851822 ], [ 105.8348557, 20.9849496 ], [ 105.8346983, 20.9847464 ], [ 105.834411100000011, 20.9837409 ], [ 105.8349189, 20.982977 ], [ 105.8350617, 20.9826993 ], [ 105.8348039, 20.982038 ], [ 105.833753, 20.9817806 ], [ 105.8332637, 20.9820466 ], [ 105.832462, 20.9820867 ], [ 105.83209789999998, 20.9826004 ], [ 105.8312877, 20.983286 ], [ 105.830879699999983, 20.9839017 ], [ 105.8303177, 20.9846426 ], [ 105.830956699999987, 20.9850399 ], [ 105.8313587, 20.9849407 ] ] ] } },
{ "type": "Feature", "properties": { "threshold_s": 600, "time_label": "10 minutes" }, "geometry": { "type": "Polygon", "coordinates": [ [ [ 105.8295862, 20.9884141 ], [ 105.83023679999998, 20.9892601 ], [ 105.8308635, 20.9891698 ], [ 105.8320821, 20.9890144 ], [ 105.832362900000021, 20.9886793 ], [ 105.8344521, 20.9890094 ], [ 105.834531, 20.9890649 ], [ 105.834909499999981, 20.9888515 ], [ 105.8367623, 20.9883744 ], [ 105.8373658, 20.9884289 ], [ 105.8376405, 20.9872609 ], [ 105.8368166, 20.986243 ], [ 105.8362299, 20.9843371 ], [ 105.836474, 20.9839366 ], [ 105.8367474, 20.9835958 ], [ 105.835579899999985, 20.9821247 ], [ 105.8357796, 20.9817079 ], [ 105.8367169, 20.9805359 ], [ 105.835416, 20.9790158 ], [ 105.8339834, 20.979137 ], [ 105.8327828, 20.9800603 ], [ 105.83125219999998, 20.9800767 ], [ 105.830002, 20.9810036 ], [ 105.8287856, 20.9822249 ], [ 105.827946199999985, 20.9838235 ], [ 105.827718099999984, 20.9855736 ], [ 105.8281637, 20.9866904 ], [ 105.8287634, 20.9871249 ], [ 105.8295862, 20.9884141 ] ] ] } },
{ "type": "Feature", "properties": { "threshold_s": 900, "time_label": "15 minutes" }, "geometry": { "type": "Polygon", "coordinates": [ [ [ 105.8256471, 20.9876126 ], [ 105.8255077, 20.9880743 ], [ 105.8274334, 20.9897248 ], [ 105.829369299999982, 20.991298 ], [ 105.8310907, 20.9915989 ], [ 105.832704699999979, 20.9917666 ], [ 105.8328399, 20.9917502 ], [ 105.8329881, 20.9917132 ], [ 105.8331121, 20.9915151 ], [ 105.8334432, 20.9908029 ], [ 105.836740699999979, 20.9909445 ], [ 105.8369214, 20.9910407 ], [ 105.8386834, 20.9898681 ], [ 105.8390118, 20.9881051 ], [ 105.8406433, 20.9868918 ], [ 105.8403569, 20.9866912 ], [ 105.83825539999998, 20.9856422 ], [ 105.8367474, 20.9835958 ], [ 105.8367169, 20.9805359 ], [ 105.8365823, 20.9788727 ], [ 105.836566099999985, 20.9781514 ], [ 105.836484, 20.9772455 ], [ 105.8359363, 20.9764309 ], [ 105.8334935, 20.9771908 ], [ 105.832859199999987, 20.9774532 ], [ 105.83125219999998, 20.9800767 ], [ 105.8304418, 20.980685 ], [ 105.8278331, 20.980544 ], [ 105.8268169, 20.9807351 ], [ 105.8260259, 20.982697 ], [ 105.825896299999982, 20.9833738 ], [ 105.8262953, 20.9845397 ], [ 105.825732, 20.9872911 ], [ 105.8256471, 20.9876126 ] ] ] } },
{ "type": "Feature", "properties": { "threshold_s": 300, "time_label": "5 minutes" }, "geometry": { "type": "Polygon", "coordinates": [ [ [ 105.810594899999984, 21.0010062 ], [ 105.8103037, 21.0011768 ], [ 105.8103231, 21.0012332 ], [ 105.8107639, 21.0011566 ], [ 105.8111348, 21.0007661 ], [ 105.8114051, 21.0004341 ], [ 105.811976, 21.0003449 ], [ 105.812505200000018, 20.9999745 ], [ 105.8124231, 20.9998017 ], [ 105.8121695, 20.9992314 ], [ 105.8124115, 20.9991413 ], [ 105.812489199999987, 20.9987225 ], [ 105.813504099999989, 20.998792 ], [ 105.8134998, 20.998714 ], [ 105.812716899999984, 20.99827 ], [ 105.8127578, 20.9982168 ], [ 105.8125171, 20.9980136 ], [ 105.812201, 20.9979269 ], [ 105.811802599999979, 20.9975768 ], [ 105.8119852, 20.9971815 ], [ 105.8114354, 20.9968636 ], [ 105.8111549, 20.9966757 ], [ 105.8107549, 20.9968749 ], [ 105.8103759, 20.996621 ], [ 105.810191799999984, 20.9964977 ], [ 105.810133, 20.9965752 ], [ 105.8101648, 20.9967529 ], [ 105.810233299999979, 20.996799 ], [ 105.810297599999984, 20.9968423 ], [ 105.810604, 20.9971039 ], [ 105.8109895, 20.9970321 ], [ 105.811246600000018, 20.9974117 ], [ 105.8107463, 20.9977441 ], [ 105.8103262, 20.9978952 ], [ 105.810127, 20.9983962 ], [ 105.809901399999987, 20.9984276 ], [ 105.810250400000015, 20.9986931 ], [ 105.8103138, 20.9990732 ], [ 105.810227, 20.9993569 ], [ 105.8106482, 20.999263 ], [ 105.8109758, 20.9995589 ], [ 105.811178499999983, 20.9998658 ], [ 105.8110702, 21.000171 ], [ 105.810978799999987, 21.0003842 ], [ 105.810348499999989, 20.999991 ], [ 105.809947099999988, 21.0000613 ], [ 105.8100835, 21.0004997 ], [ 105.8105962, 21.0005957 ], [ 105.810594899999984, 21.0010062 ] ] ] } },
{ "type": "Feature", "properties": { "threshold_s": 600, "time_label": "10 minutes" }, "geometry": { "type": "Polygon", "coordinates": [ [ [ 105.808487, 21.0020777 ], [ 105.809517199999988, 21.0039291 ], [ 105.811247699999981, 21.004296 ], [ 105.8121367, 21.0025803 ], [ 105.8138928, 21.0012824 ], [ 105.815528499999985, 21.000845 ], [ 105.816250399999987, 21.0005568 ], [ 105.8162275, 20.9997592 ], [ 105.81562, 20.9977573 ], [ 105.8153613, 20.9974218 ], [ 105.813916599999985, 20.9977793 ], [ 105.8119852, 20.9971815 ], [ 105.8114354, 20.9968636 ], [ 105.8111549, 20.9966757 ], [ 105.809529, 20.9955864 ], [ 105.809214, 20.9953754 ], [ 105.808012599999984, 20.9945594 ], [ 105.8073082, 20.9945656 ], [ 105.807680399999981, 20.9952929 ], [ 105.8081199, 20.9968525 ], [ 105.808018899999979, 20.9977775 ], [ 105.8075788, 20.9995533 ], [ 105.8073429, 21.0006827 ], [ 105.808487, 21.0020777 ] ] ] } },
{ "type": "Feature", "properties": { "threshold_s": 900, "time_label": "15 minutes" }, "geometry": { "type": "Polygon", "coordinates": [ [ [ 105.806931099999986, 21.0042146 ], [ 105.807870200000011, 21.0053367 ], [ 105.8097642, 21.0067497 ], [ 105.812051, 21.0071526 ], [ 105.8121455, 21.0070756 ], [ 105.813405, 21.0056748 ], [ 105.8141171, 21.004137 ], [ 105.816605399999986, 21.0034471 ], [ 105.8188906, 21.0024304 ], [ 105.818918899999986, 21.0023434 ], [ 105.8189027, 21.0017867 ], [ 105.818827499999983, 21.0012867 ], [ 105.817804899999985, 20.9995431 ], [ 105.8166922, 20.9981946 ], [ 105.81546419999998, 20.9973043 ], [ 105.8151696, 20.9971017 ], [ 105.812481799999986, 20.9975249 ], [ 105.8119852, 20.9971815 ], [ 105.8114354, 20.9968636 ], [ 105.8111549, 20.9966757 ], [ 105.809529, 20.9955864 ], [ 105.808731, 20.9935653 ], [ 105.8092955, 20.9925617 ], [ 105.8086449, 20.9922944 ], [ 105.8060121, 20.9926383 ], [ 105.8052711, 20.992656 ], [ 105.805248, 20.9926706 ], [ 105.8052111, 20.9949851 ], [ 105.8058071, 20.9975406 ], [ 105.8056401, 20.9978267 ], [ 105.805001799999985, 20.9993215 ], [ 105.8049263, 21.000579 ], [ 105.805254299999987, 21.0021977 ], [ 105.806931099999986, 21.0042146 ] ] ] } },
{ "type": "Feature", "properties": { "threshold_s": 300, "time_label": "5 minutes" }, "geometry": { "type": "Polygon", "coordinates": [ [ [ 105.7297465, 21.0388491 ], [ 105.729406, 21.0395682 ], [ 105.730138699999983, 21.0395922 ], [ 105.7302931, 21.039626 ], [ 105.7305352, 21.0396251 ], [ 105.7311701, 21.0396226 ], [ 105.7317399, 21.0401504 ], [ 105.7311756, 21.0406167 ], [ 105.7317398, 21.0406225 ], [ 105.732252399999979, 21.0406277 ], [ 105.7326681, 21.0407725 ], [ 105.7327468, 21.0406327 ], [ 105.7333486, 21.0401334 ], [ 105.7333447, 21.0396059 ], [ 105.7333421, 21.0390264 ], [ 105.733344, 21.0385493 ], [ 105.7333504, 21.038076 ], [ 105.7338115, 21.0373843 ], [ 105.7333492, 21.0369129 ], [ 105.732824199999982, 21.0369028 ], [ 105.732285, 21.037364 ], [ 105.7317349, 21.0368894 ], [ 105.7315514, 21.0357012 ], [ 105.7301234, 21.0366032 ], [ 105.729926, 21.0367451 ], [ 105.729743, 21.0368955 ], [ 105.729920099999987, 21.0375006 ], [ 105.7297417, 21.0383409 ], [ 105.7297465, 21.0388491 ] ] ] } },
{ "type": "Feature", "properties": { "threshold_s": 600, "time_label": "10 minutes" }, "geometry": { "type": "Polygon", "coordinates": [ [ [ 105.7266319, 21.0403186 ], [ 105.7269812, 21.04073 ], [ 105.727536799999982, 21.0410594 ], [ 105.728777399999984, 21.0423521 ], [ 105.7300894, 21.043051 ], [ 105.7312114, 21.0443053 ], [ 105.7317775, 21.04429 ], [ 105.732858099999987, 21.0436771 ], [ 105.733701, 21.043024 ], [ 105.7333616, 21.0419269 ], [ 105.7338105, 21.0407125 ], [ 105.7338105, 21.0406745 ], [ 105.733679099999989, 21.040136 ], [ 105.7333421, 21.0390264 ], [ 105.733344, 21.0385493 ], [ 105.7338115, 21.0373843 ], [ 105.734748399999987, 21.0368474 ], [ 105.7358292, 21.0367018 ], [ 105.736710299999984, 21.0366108 ], [ 105.7347317, 21.0350367 ], [ 105.7333834, 21.0345559 ], [ 105.7324914, 21.0338076 ], [ 105.732168799999982, 21.033791 ], [ 105.7306082, 21.0339998 ], [ 105.7289032, 21.0339952 ], [ 105.728512599999988, 21.0350143 ], [ 105.727591299999986, 21.0364553 ], [ 105.727952699999989, 21.0385384 ], [ 105.7270171, 21.0388939 ], [ 105.7267942, 21.0393066 ], [ 105.7266319, 21.0403186 ] ] ] } },
{ "type": "Feature", "properties": { "threshold_s": 900, "time_label": "15 minutes" }, "geometry": { "type": "Polygon", "coordinates": [ [ [ 105.726035399999986, 21.0422395 ], [ 105.7257674, 21.0437946 ], [ 105.727113599999981, 21.0437916 ], [ 105.7284399, 21.0452584 ], [ 105.7298448, 21.0462028 ], [ 105.730391, 21.0461898 ], [ 105.7317859, 21.0457202 ], [ 105.7324836, 21.0452761 ], [ 105.7335736, 21.044229 ], [ 105.7345344, 21.0442412 ], [ 105.7346675, 21.043432 ], [ 105.73636, 21.0428205 ], [ 105.7363748, 21.04251 ], [ 105.735938799999985, 21.0414609 ], [ 105.7355306, 21.0412596 ], [ 105.733679099999989, 21.040136 ], [ 105.7333421, 21.0390264 ], [ 105.733344, 21.0385493 ], [ 105.7338115, 21.0373843 ], [ 105.734748399999987, 21.0368474 ], [ 105.736397699999984, 21.0368746 ], [ 105.7380157, 21.038220299999988 ], [ 105.7394087, 21.0365934 ], [ 105.7394077, 21.0364242 ], [ 105.7384827, 21.0349612 ], [ 105.7384137, 21.0348795 ], [ 105.737856, 21.0343243 ], [ 105.73641259999998, 21.0333952 ], [ 105.7358629, 21.0325739 ], [ 105.735211899999982, 21.0323968 ], [ 105.7337893, 21.0328936 ], [ 105.7325593, 21.0325337 ], [ 105.7317805, 21.0318601 ], [ 105.730981499999984, 21.0319536 ], [ 105.72965929999998, 21.0309693 ], [ 105.729673, 21.0311055 ], [ 105.729836599999985, 21.0327577 ], [ 105.728479, 21.0337607 ], [ 105.726717, 21.0334179 ], [ 105.7266545, 21.0334039 ], [ 105.7262977, 21.0333242 ], [ 105.7260294, 21.0332642 ], [ 105.725932499999985, 21.0337656 ], [ 105.725638600000011, 21.0353001 ], [ 105.7251297, 21.0371349 ], [ 105.7252415, 21.0378585 ], [ 105.725265300000018, 21.0384404 ], [ 105.7241829, 21.0400518 ], [ 105.72527479999998, 21.0410645 ], [ 105.726035399999986, 21.0422395 ] ] ] } },
{ "type": "Feature", "properties": { "threshold_s": 300, "time_label": "5 minutes" }, "geometry": { "type": "Polygon", "coordinates": [ [ [ 105.7380606, 20.998276 ], [ 105.7380437, 20.9983334 ], [ 105.738275, 20.9983981 ], [ 105.73870669999998, 20.9985404 ], [ 105.738827199999989, 20.9985704 ], [ 105.739289899999989, 20.9986834 ], [ 105.7393974, 20.9984715 ], [ 105.740189, 20.9988017 ], [ 105.740157499999981, 20.9989127 ], [ 105.7401182, 20.999058 ], [ 105.74008139999998, 20.9991938 ], [ 105.7401621, 20.9995888 ], [ 105.7402538, 20.9995709 ], [ 105.7404118, 20.9995336 ], [ 105.7405098, 20.9991565 ], [ 105.740749599999987, 20.9987234 ], [ 105.7405899, 20.9980597 ], [ 105.7399503, 20.9979083 ], [ 105.739694799999981, 20.9972292 ], [ 105.739955100000017, 20.9963342 ], [ 105.7403257, 20.9958715 ], [ 105.7412619, 20.9961002 ], [ 105.741192699999985, 20.9954709 ], [ 105.740105899999989, 20.9958154 ], [ 105.7399925, 20.9962079 ], [ 105.73923259999998, 20.9955961 ], [ 105.738595499999988, 20.9969471 ], [ 105.7380017, 20.996792 ], [ 105.737987, 20.9968398 ], [ 105.7379706, 20.996893 ], [ 105.7373719, 20.9976247 ], [ 105.7374237, 20.9976376 ], [ 105.7374985, 20.9976568 ], [ 105.7380606, 20.998276 ] ] ] } },
{ "type": "Feature", "properties": { "threshold_s": 600, "time_label": "10 minutes" }, "geometry": { "type": "Polygon", "coordinates": [ [ [ 105.7376469, 21.0007292 ], [ 105.7381266, 21.0017047 ], [ 105.738413099999988, 21.0009287 ], [ 105.7396118, 21.0012305 ], [ 105.739811399999979, 21.0013076 ], [ 105.740190299999981, 21.0013898 ], [ 105.7406543, 21.0012674 ], [ 105.741281499999985, 21.0010522 ], [ 105.7413475, 21.0001137 ], [ 105.7408589, 20.9997566 ], [ 105.740749599999987, 20.9987234 ], [ 105.741054299999988, 20.9976733 ], [ 105.741299199999986, 20.9973191 ], [ 105.7410388, 20.9968656 ], [ 105.7412619, 20.9961002 ], [ 105.741192699999985, 20.9954709 ], [ 105.740105899999989, 20.9958154 ], [ 105.73923259999998, 20.9955961 ], [ 105.739955100000017, 20.9963342 ], [ 105.739694799999981, 20.9972292 ], [ 105.738595499999988, 20.9969471 ], [ 105.7380017, 20.996792 ], [ 105.7375585, 20.9967626 ], [ 105.736082899999985, 20.9968445 ], [ 105.7352499, 20.9966211 ], [ 105.7360792, 20.9970582 ], [ 105.7360607, 20.9978282 ], [ 105.7361197, 20.9980873 ], [ 105.736238300000011, 20.9983826 ], [ 105.736354, 20.9986796 ], [ 105.7364252, 20.9986568 ], [ 105.7365176, 20.998627 ], [ 105.7372321, 20.9981336 ], [ 105.7380419, 20.9987361 ], [ 105.7385916, 20.9987773 ], [ 105.739029799999983, 20.9995556 ], [ 105.7384238, 21.0004003 ], [ 105.7376295, 21.0006447 ], [ 105.7376469, 21.0007292 ] ] ] } },
{ "type": "Feature", "properties": { "threshold_s": 900, "time_label": "15 minutes" }, "geometry": { "type": "Polygon", "coordinates": [ [ [ 105.735608499999984, 21.0026549 ], [ 105.7357109, 21.0029192 ], [ 105.7366721, 21.0033929 ], [ 105.7377306, 21.0038462 ], [ 105.738572199999979, 21.0043476 ], [ 105.7396377, 21.0049303 ], [ 105.7407615, 21.0048413 ], [ 105.7409848, 21.0048015 ], [ 105.7421365, 21.0045049 ], [ 105.742026399999986, 21.0037578 ], [ 105.7419361, 21.0036789 ], [ 105.7415361, 21.0033281 ], [ 105.7407547, 21.002131 ], [ 105.741281499999985, 21.0010522 ], [ 105.7413475, 21.0001137 ], [ 105.740749599999987, 20.9987234 ], [ 105.741054299999988, 20.9976733 ], [ 105.742799800000014, 20.9984124 ], [ 105.741299199999986, 20.9973191 ], [ 105.7412619, 20.9961002 ], [ 105.741192699999985, 20.9954709 ], [ 105.73923259999998, 20.9955961 ], [ 105.7380017, 20.996792 ], [ 105.7375585, 20.9967626 ], [ 105.736082899999985, 20.9968445 ], [ 105.7352499, 20.9966211 ], [ 105.7361197, 20.9980873 ], [ 105.736238300000011, 20.9983826 ], [ 105.736354, 20.9986796 ], [ 105.736936199999988, 21.0001582 ], [ 105.7366442, 21.0013173 ], [ 105.735608499999984, 21.0026549 ] ] ] } },
{ "type": "Feature", "properties": { "threshold_s": 300, "time_label": "5 minutes" }, "geometry": { "type": "Polygon", "coordinates": [ [ [ 105.8211523, 21.019445 ], [ 105.8207638, 21.0202268 ], [ 105.821300099999988, 21.0205164 ], [ 105.8218702, 21.0209913 ], [ 105.8226369, 21.0213386 ], [ 105.823041499999988, 21.0205897 ], [ 105.8234618, 21.0206054 ], [ 105.8236248, 21.0206794 ], [ 105.824116599999982, 21.0210253 ], [ 105.824292, 21.0213184 ], [ 105.8248755, 21.0210168 ], [ 105.8257041, 21.0212058 ], [ 105.8257757, 21.0211704 ], [ 105.825924199999989, 21.0207422 ], [ 105.8258314, 21.0205777 ], [ 105.826043299999981, 21.0196246 ], [ 105.826329, 21.0194622 ], [ 105.8265753, 21.0186288 ], [ 105.8266464, 21.0180589 ], [ 105.826293799999988, 21.0181528 ], [ 105.8254319, 21.0177396 ], [ 105.824965399999982, 21.0179365 ], [ 105.824161299999986, 21.0173094 ], [ 105.824037799999985, 21.0173673 ], [ 105.8238348, 21.0175711 ], [ 105.8238937, 21.0180644 ], [ 105.823109699999989, 21.0187853 ], [ 105.8225503, 21.0186339 ], [ 105.822182899999987, 21.0191316 ], [ 105.821581900000012, 21.0193854 ], [ 105.8211523, 21.019445 ] ] ] } },
{ "type": "Feature", "properties": { "threshold_s": 600, "time_label": "10 minutes" }, "geometry": { "type": "Polygon", "coordinates": [ [ [ 105.8187544, 21.0208445 ], [ 105.819656899999984, 21.0218176 ], [ 105.820515199999988, 21.0224963 ], [ 105.822012199999989, 21.0225246 ], [ 105.8236561, 21.0229132 ], [ 105.8245392, 21.0232661 ], [ 105.8255725, 21.0234879 ], [ 105.826362099999983, 21.0236416 ], [ 105.8272443, 21.0234652 ], [ 105.8276905, 21.022261 ], [ 105.8278399, 21.0213052 ], [ 105.8286048, 21.0201416 ], [ 105.8286247, 21.0192495 ], [ 105.82914169999998, 21.0180027 ], [ 105.8292934, 21.0175367 ], [ 105.8290785, 21.0169433 ], [ 105.829047499999987, 21.0168896 ], [ 105.8277656, 21.0161977 ], [ 105.8275652, 21.0158218 ], [ 105.826104099999981, 21.0155161 ], [ 105.8252611, 21.0154457 ], [ 105.8241854, 21.0150856 ], [ 105.8233081, 21.0147845 ], [ 105.822429499999984, 21.0148374 ], [ 105.821900299999982, 21.0156963 ], [ 105.8212294, 21.0164488 ], [ 105.821196299999983, 21.0165016 ], [ 105.8210061, 21.0168052 ], [ 105.8219248, 21.0163274 ], [ 105.8229102, 21.0168195 ], [ 105.8230989, 21.016933 ], [ 105.8238348, 21.0175711 ], [ 105.8225503, 21.0186339 ], [ 105.820918899999981, 21.0187442 ], [ 105.8208529, 21.0187699 ], [ 105.8193248, 21.0190549 ], [ 105.818657799999983, 21.0192562 ], [ 105.818503099999987, 21.0203853 ], [ 105.8187544, 21.0208445 ] ] ] } },
{ "type": "Feature", "properties": { "threshold_s": 900, "time_label": "15 minutes" }, "geometry": { "type": "Polygon", "coordinates": [ [ [ 105.8181913, 21.0233686 ], [ 105.8186182, 21.0239498 ], [ 105.820086799999984, 21.0239923 ], [ 105.821045, 21.0245766 ], [ 105.8228048, 21.0250274 ], [ 105.824152, 21.0253355 ], [ 105.8254481, 21.0256282 ], [ 105.8264967, 21.0265512 ], [ 105.8276909, 21.0268084 ], [ 105.827835599999986, 21.0267721 ], [ 105.8289547, 21.0248533 ], [ 105.8299351, 21.023301 ], [ 105.8299297, 21.0227327 ], [ 105.8309503, 21.0208182 ], [ 105.832056499999979, 21.019407 ], [ 105.832037799999981, 21.0193488 ], [ 105.83155859999998, 21.0180092 ], [ 105.8317794, 21.0167936 ], [ 105.8311308, 21.0156628 ], [ 105.8302969, 21.0143225 ], [ 105.8293595, 21.0141892 ], [ 105.827148, 21.0133393 ], [ 105.826904499999983, 21.0133471 ], [ 105.826874599999982, 21.013363 ], [ 105.824535199999985, 21.0125101 ], [ 105.8233114, 21.0126032 ], [ 105.821511299999983, 21.0124679 ], [ 105.820067899999984, 21.0134521 ], [ 105.818863099999987, 21.0136531 ], [ 105.8188156, 21.0136887 ], [ 105.8186483, 21.0138146 ], [ 105.818534799999981, 21.0139478 ], [ 105.8177545, 21.0160969 ], [ 105.816579600000011, 21.016363 ], [ 105.815735799999985, 21.017526 ], [ 105.8159019, 21.0197615 ], [ 105.815724099999983, 21.0202678 ], [ 105.815874199999982, 21.0205195 ], [ 105.8172611, 21.0214565 ], [ 105.8180852, 21.0229261 ], [ 105.8181124, 21.0230227 ], [ 105.8181913, 21.0233686 ] ] ] } },
{ "type": "Feature", "properties": { "threshold_s": 300, "time_label": "5 minutes" }, "geometry": { "type": "Polygon", "coordinates": [ [ [ 105.4438169, 21.1809319 ], [ 105.4444636, 21.1817991 ], [ 105.444535, 21.1817355 ], [ 105.445522399999987, 21.1808569 ], [ 105.4461201, 21.180325 ], [ 105.447917799999985, 21.1787252 ], [ 105.445594499999984, 21.1800863 ], [ 105.4443674, 21.1798668 ], [ 105.4438169, 21.1809319 ] ] ] } },
{ "type": "Feature", "properties": { "threshold_s": 600, "time_label": "10 minutes" }, "geometry": { "type": "Polygon", "coordinates": [ [ [ 105.4416952, 21.1805187 ], [ 105.441299, 21.1815444 ], [ 105.442900199999983, 21.1817478 ], [ 105.4444636, 21.1817991 ], [ 105.445378299999987, 21.1840881 ], [ 105.449082, 21.183455 ], [ 105.448646199999985, 21.1832885 ], [ 105.448604399999979, 21.1832741 ], [ 105.4466603, 21.1825838 ], [ 105.444535, 21.1817355 ], [ 105.445522399999987, 21.1808569 ], [ 105.4461201, 21.180325 ], [ 105.4454067, 21.1787345 ], [ 105.4470519, 21.1784665 ], [ 105.447917799999985, 21.1787252 ], [ 105.44903309999998, 21.178657 ], [ 105.450059, 21.1778429 ], [ 105.4495026, 21.1772939 ], [ 105.4482176, 21.1774394 ], [ 105.4476657, 21.1768169 ], [ 105.4470593, 21.177397 ], [ 105.4455145, 21.1764845 ], [ 105.445488699999984, 21.176559 ], [ 105.4450374, 21.1778646 ], [ 105.4438186, 21.1775004 ], [ 105.442588499999985, 21.1780368 ], [ 105.4413527, 21.1783004 ], [ 105.4419156, 21.1788505 ], [ 105.4416952, 21.1805187 ] ] ] } },
{ "type": "Feature", "properties": { "threshold_s": 900, "time_label": "15 minutes" }, "geometry": { "type": "Polygon", "coordinates": [ [ [ 105.440448599999982, 21.1852531 ], [ 105.4384839, 21.1869813 ], [ 105.442522, 21.1865088 ], [ 105.443059099999985, 21.1868344 ], [ 105.4434085, 21.1864075 ], [ 105.445378299999987, 21.1840881 ], [ 105.4469466, 21.1846822 ], [ 105.4478271, 21.1849069 ], [ 105.44946, 21.18563 ], [ 105.4521123, 21.1846669 ], [ 105.451622299999983, 21.1823009 ], [ 105.449871799999983, 21.1816174 ], [ 105.449906199999987, 21.1788836 ], [ 105.450059, 21.1778429 ], [ 105.4508088, 21.1761097 ], [ 105.4522329, 21.1745464 ], [ 105.450812700000014, 21.1754456 ], [ 105.4500858, 21.1757044 ], [ 105.44686, 21.1759292 ], [ 105.4459298, 21.1752833 ], [ 105.4455616, 21.1752955 ], [ 105.443511, 21.1758667 ], [ 105.441962799999985, 21.1753931 ], [ 105.440879, 21.175883 ], [ 105.439208, 21.1769334 ], [ 105.4381546, 21.1790177 ], [ 105.437898700000019, 21.1802315 ], [ 105.438213, 21.181093 ], [ 105.4395949, 21.1826551 ], [ 105.440448599999982, 21.1852531 ] ] ] } },
{ "type": "Feature", "properties": { "threshold_s": 300, "time_label": "5 minutes" }, "geometry": { "type": "Polygon", "coordinates": [ [ [ 105.81065479999998, 21.0320795 ], [ 105.8106769, 21.0321494 ], [ 105.8108765, 21.0321729 ], [ 105.81137, 21.0318838 ], [ 105.811832, 21.0318199 ], [ 105.812389699999983, 21.0316669 ], [ 105.813129799999984, 21.0316886 ], [ 105.813255100000021, 21.0320468 ], [ 105.813371499999988, 21.0324389 ], [ 105.812466, 21.0326656 ], [ 105.8123591, 21.0335859 ], [ 105.8127443, 21.0334825 ], [ 105.8136151, 21.033248 ], [ 105.8137961, 21.0338328 ], [ 105.813819, 21.0339537 ], [ 105.813860799999986, 21.0340983 ], [ 105.8139542, 21.0343951 ], [ 105.814081299999984, 21.0348233 ], [ 105.8141731, 21.0347958 ], [ 105.814379699999989, 21.0347047 ], [ 105.814546299999989, 21.033952 ], [ 105.81496629999998, 21.0337055 ], [ 105.8149508, 21.0336465 ], [ 105.8142874, 21.0336209 ], [ 105.8138053, 21.0329266 ], [ 105.8138212, 21.0325525 ], [ 105.813643099999979, 21.0322459 ], [ 105.8135269, 21.0318558 ], [ 105.8141149, 21.0312459 ], [ 105.814255499999987, 21.0312631 ], [ 105.8148592, 21.0310945 ], [ 105.815631899999985, 21.0308788 ], [ 105.815619699999985, 21.0308432 ], [ 105.8155967, 21.0307767 ], [ 105.8148103, 21.0309637 ], [ 105.8142121, 21.0311276 ], [ 105.814089700000011, 21.0311611 ], [ 105.813433900000021, 21.0311917 ], [ 105.813262399999985, 21.0310354 ], [ 105.8137676, 21.0303016 ], [ 105.813855599999982, 21.0303065 ], [ 105.8137877, 21.030064 ], [ 105.8135048, 21.0298425 ], [ 105.812869, 21.0295016 ], [ 105.8127855, 21.0294871 ], [ 105.8121976, 21.0295558 ], [ 105.811617699999985, 21.029986 ], [ 105.8120945, 21.0300662 ], [ 105.812176, 21.0307237 ], [ 105.8123795, 21.0314137 ], [ 105.8116635, 21.0316057 ], [ 105.811383399999983, 21.0316825 ], [ 105.81067419999998, 21.0314631 ], [ 105.81059759999998, 21.0318982 ], [ 105.81065479999998, 21.0320795 ] ] ] } },
{ "type": "Feature", "properties": { "threshold_s": 600, "time_label": "10 minutes" }, "geometry": { "type": "Polygon", "coordinates": [ [ [ 105.8070941, 21.0329194 ], [ 105.807123799999985, 21.0329639 ], [ 105.8077133, 21.033526 ], [ 105.8088266, 21.0343622 ], [ 105.8095175, 21.0352303 ], [ 105.810523499999988, 21.0357005 ], [ 105.8113759, 21.0360827 ], [ 105.812860599999979, 21.0367744 ], [ 105.814107, 21.0376116 ], [ 105.8150609, 21.0379623 ], [ 105.815144099999983, 21.0379425 ], [ 105.8153772, 21.0376671 ], [ 105.815427500000013, 21.0369038 ], [ 105.8152864, 21.0353559 ], [ 105.8160024, 21.0352421 ], [ 105.8166768, 21.0354697 ], [ 105.817325299999979, 21.0343218 ], [ 105.818331599999979, 21.0330706 ], [ 105.8184181, 21.0315066 ], [ 105.8184342, 21.0314317 ], [ 105.818270200000015, 21.0300729 ], [ 105.817512099999988, 21.0292698 ], [ 105.8172457, 21.0287098 ], [ 105.8165129, 21.0286203 ], [ 105.8162195, 21.0286146 ], [ 105.8150654, 21.0284277 ], [ 105.81385109999998, 21.0272941 ], [ 105.8138205, 21.0270628 ], [ 105.8132557, 21.0270837 ], [ 105.8121254, 21.0265405 ], [ 105.8117869, 21.0263446 ], [ 105.811723299999983, 21.0263573 ], [ 105.8114937, 21.0265618 ], [ 105.8117229, 21.0269433 ], [ 105.8117793, 21.027149 ], [ 105.810138, 21.0276503 ], [ 105.809324599999982, 21.0287129 ], [ 105.8084078, 21.0293429 ], [ 105.8083894, 21.0294586 ], [ 105.8081613, 21.0304121 ], [ 105.8073955, 21.0316451 ], [ 105.8070941, 21.0329194 ] ] ] } },
{ "type": "Feature", "properties": { "threshold_s": 900, "time_label": "15 minutes" }, "geometry": { "type": "Polygon", "coordinates": [ [ [ 105.8044775, 21.0349999 ], [ 105.804528399999981, 21.0350595 ], [ 105.8047742, 21.0350973 ], [ 105.8057914, 21.0351229 ], [ 105.8064693, 21.0352576 ], [ 105.8069638, 21.0367477 ], [ 105.808128200000013, 21.0373687 ], [ 105.8093426, 21.0373289 ], [ 105.8100265, 21.0382895 ], [ 105.8116046, 21.0391913 ], [ 105.812705599999987, 21.0399184 ], [ 105.812876299999985, 21.0398896 ], [ 105.8140962, 21.0396353 ], [ 105.8158175, 21.0404855 ], [ 105.815952899999985, 21.0409463 ], [ 105.816049199999981, 21.0409248 ], [ 105.8162793, 21.040655 ], [ 105.8166109, 21.0400457 ], [ 105.8170892, 21.039034 ], [ 105.817985099999987, 21.0380097 ], [ 105.818696200000019, 21.0368081 ], [ 105.8197016, 21.0353383 ], [ 105.820020199999988, 21.0348333 ], [ 105.8203866, 21.0329435 ], [ 105.821425199999979, 21.0319014 ], [ 105.821779099999986, 21.0315652 ], [ 105.8221298, 21.0312387 ], [ 105.8221409, 21.0312018 ], [ 105.820841099999981, 21.0297923 ], [ 105.8207201, 21.0295285 ], [ 105.81986689999998, 21.029601 ], [ 105.819574299999985, 21.0295631 ], [ 105.819, 21.0294888 ], [ 105.8188734, 21.0294725 ], [ 105.817700099999982, 21.0281773 ], [ 105.8177788, 21.0277326 ], [ 105.8183612, 21.0270384 ], [ 105.8178944, 21.0261798 ], [ 105.816051499999986, 21.0255241 ], [ 105.8157191, 21.0254362 ], [ 105.8154015, 21.0254933 ], [ 105.814770899999985, 21.02579 ], [ 105.8130933, 21.024839 ], [ 105.813016, 21.0245555 ], [ 105.8116463, 21.0240932 ], [ 105.8102467, 21.0235767 ], [ 105.810113699999988, 21.0235453 ], [ 105.8099843, 21.0239256 ], [ 105.80978159999998, 21.0255542 ], [ 105.8085262, 21.0268372 ], [ 105.807149399999986, 21.0278596 ], [ 105.8066167, 21.0279661 ], [ 105.806393, 21.0280248 ], [ 105.8057431, 21.0281842 ], [ 105.8056249, 21.0282146 ], [ 105.8050825, 21.0288402 ], [ 105.8055587, 21.0293071 ], [ 105.804610199999985, 21.0307658 ], [ 105.8044134, 21.0312422 ], [ 105.8044357, 21.0330736 ], [ 105.804368, 21.0348605 ], [ 105.8044775, 21.0349999 ] ] ] } },
{ "type": "Feature", "properties": { "threshold_s": 300, "time_label": "5 minutes" }, "geometry": { "type": "Polygon", "coordinates": [ [ [ 105.7393386, 20.9779848 ], [ 105.7391965, 20.9787333 ], [ 105.7393138, 20.9788288 ], [ 105.740213399999988, 20.9788189 ], [ 105.741037799999987, 20.9780451 ], [ 105.7421764, 20.9782452 ], [ 105.742963, 20.978383 ], [ 105.7434484, 20.9774113 ], [ 105.74366569999998, 20.9773487 ], [ 105.7437659, 20.9768804 ], [ 105.7430296, 20.9765303 ], [ 105.7422121, 20.9764342 ], [ 105.7417204, 20.9761578 ], [ 105.7412597, 20.9755219 ], [ 105.74026210000001, 20.9749382 ], [ 105.7393473, 20.9756431 ], [ 105.737536899999981, 20.9767048 ], [ 105.73848959999998, 20.9768209 ], [ 105.739467299999987, 20.9772831 ], [ 105.739381, 20.9777538 ], [ 105.7393386, 20.9779848 ] ] ] } },
{ "type": "Feature", "properties": { "threshold_s": 600, "time_label": "10 minutes" }, "geometry": { "type": "Polygon", "coordinates": [ [ [ 105.7386469, 20.9816526 ], [ 105.7386052, 20.9818451 ], [ 105.739692799999986, 20.9814822 ], [ 105.741560299999989, 20.9810235 ], [ 105.743441099999984, 20.9808938 ], [ 105.7439315, 20.9804353 ], [ 105.7447428, 20.9796767 ], [ 105.744994099999985, 20.9790072 ], [ 105.7461585, 20.9783354 ], [ 105.7468111, 20.9772114 ], [ 105.7459965, 20.9758685 ], [ 105.7447893, 20.975173 ], [ 105.744341899999981, 20.9747814 ], [ 105.7441189, 20.9746095 ], [ 105.7426529, 20.9741926 ], [ 105.742216099999979, 20.9739295 ], [ 105.7410597, 20.9737569 ], [ 105.7402593, 20.9726703 ], [ 105.740143299999986, 20.9737236 ], [ 105.7399941, 20.9740284 ], [ 105.7398586, 20.9745892 ], [ 105.738216799999989, 20.9749081 ], [ 105.7373719, 20.9761528 ], [ 105.7366111, 20.9759585 ], [ 105.7349455, 20.9759369 ], [ 105.7352087, 20.9774376 ], [ 105.7360737, 20.9783667 ], [ 105.736591499999989, 20.9785553 ], [ 105.7377227, 20.9789801 ], [ 105.738960399999982, 20.9800159 ], [ 105.73883, 20.9806637 ], [ 105.7386469, 20.9816526 ] ] ] } },
{ "type": "Feature", "properties": { "threshold_s": 900, "time_label": "15 minutes" }, "geometry": { "type": "Polygon", "coordinates": [ [ [ 105.7382067, 20.9838888 ], [ 105.7381172, 20.9843495 ], [ 105.7386403, 20.984515 ], [ 105.7394798, 20.9842942 ], [ 105.740827199999984, 20.9837254 ], [ 105.7413142, 20.9833756 ], [ 105.7431681, 20.9832321 ], [ 105.7439073, 20.9831557 ], [ 105.7443834, 20.9821556 ], [ 105.744260199999985, 20.9813116 ], [ 105.7463292, 20.9804779 ], [ 105.74732, 20.9806466 ], [ 105.7485854, 20.9797502 ], [ 105.7488933, 20.9777562 ], [ 105.749304, 20.9767079 ], [ 105.7484306, 20.9752042 ], [ 105.7475991, 20.9740795 ], [ 105.7471841, 20.9737676 ], [ 105.7464551, 20.9721061 ], [ 105.7455306, 20.9717178 ], [ 105.7449478, 20.9723197 ], [ 105.7427925, 20.9722834 ], [ 105.7425072, 20.9720983 ], [ 105.7402593, 20.9726703 ], [ 105.738018299999979, 20.9715927 ], [ 105.740143299999986, 20.9737236 ], [ 105.7399941, 20.9740284 ], [ 105.738216799999989, 20.9749081 ], [ 105.7366111, 20.9759585 ], [ 105.734739299999987, 20.9746589 ], [ 105.7340252, 20.9748091 ], [ 105.7331099, 20.975161 ], [ 105.7319974, 20.9756399 ], [ 105.7316916, 20.9757796 ], [ 105.7318399, 20.9762779 ], [ 105.7326287, 20.9778151 ], [ 105.7330119, 20.9786001 ], [ 105.733290499999981, 20.9790314 ], [ 105.7345489, 20.9783686 ], [ 105.7357666, 20.9792896 ], [ 105.7373276, 20.9802387 ], [ 105.7386052, 20.9818451 ], [ 105.738483, 20.9824589 ], [ 105.7383848, 20.9829674 ], [ 105.738294399999987, 20.9834352 ], [ 105.7382067, 20.9838888 ] ] ] } },
{ "type": "Feature", "properties": { "threshold_s": 300, "time_label": "5 minutes" }, "geometry": { "type": "Polygon", "coordinates": [ [ [ 105.762090599999979, 21.0356956 ], [ 105.761929099999989, 21.0358734 ], [ 105.76213, 21.0358072 ], [ 105.762626699999984, 21.0356506 ], [ 105.7630591, 21.035944 ], [ 105.763127, 21.0361326 ], [ 105.7631974, 21.0363283 ], [ 105.7632739, 21.0365452 ], [ 105.7633342, 21.0367265 ], [ 105.7634256, 21.0369315 ], [ 105.763485499999987, 21.037093 ], [ 105.764018199999981, 21.037263 ], [ 105.763914, 21.0369815 ], [ 105.7639064, 21.0369167 ], [ 105.7638575, 21.0368029 ], [ 105.7640989, 21.0361582 ], [ 105.7646789, 21.0361704 ], [ 105.76482249999998, 21.0365478 ], [ 105.7649662, 21.0369253 ], [ 105.7655768, 21.0372061 ], [ 105.7660318, 21.0367516 ], [ 105.765828199999987, 21.0362115 ], [ 105.7661306, 21.0359932 ], [ 105.766141, 21.0353347 ], [ 105.76630369999998, 21.0346889 ], [ 105.7667309, 21.0343387 ], [ 105.7662254, 21.0342216 ], [ 105.7661419, 21.0341959 ], [ 105.7659378, 21.0341675 ], [ 105.7655158, 21.0336241 ], [ 105.7657329, 21.0342311 ], [ 105.765565899999984, 21.0345714 ], [ 105.7648764, 21.0347114 ], [ 105.7646672, 21.0342104 ], [ 105.7642866, 21.0340112 ], [ 105.7636781, 21.0339025 ], [ 105.763354300000017, 21.0340076 ], [ 105.762852199999983, 21.0344533 ], [ 105.762638399999986, 21.0348413 ], [ 105.7625817, 21.0355359 ], [ 105.762090599999979, 21.0356956 ] ] ] } },
{ "type": "Feature", "properties": { "threshold_s": 600, "time_label": "10 minutes" }, "geometry": { "type": "Polygon", "coordinates": [ [ [ 105.7589015, 21.0360838 ], [ 105.7588313, 21.0367007 ], [ 105.7598813, 21.0374971 ], [ 105.7600343, 21.0375181 ], [ 105.7607997, 21.0376507 ], [ 105.761772899999983, 21.0382962 ], [ 105.762243600000019, 21.0387256 ], [ 105.7636202, 21.0397176 ], [ 105.7649258, 21.0405556 ], [ 105.7657369, 21.0391144 ], [ 105.766212, 21.0389774 ], [ 105.7676655, 21.0388455 ], [ 105.7680028, 21.0377061 ], [ 105.7687367, 21.036742 ], [ 105.768530499999983, 21.0360225 ], [ 105.7685034, 21.0359442 ], [ 105.7683706, 21.0355616 ], [ 105.768217299999989, 21.0351345 ], [ 105.768585099999981, 21.0340728 ], [ 105.7696298, 21.0337123 ], [ 105.769833899999981, 21.0337343 ], [ 105.769945299999989, 21.0335363 ], [ 105.7699909, 21.0334336 ], [ 105.769689199999988, 21.0331011 ], [ 105.7695593, 21.033232 ], [ 105.7679384, 21.0325387 ], [ 105.7664345, 21.0318635 ], [ 105.7653352, 21.0310917 ], [ 105.7649804, 21.0312032 ], [ 105.763512, 21.0312084 ], [ 105.7626453, 21.031957 ], [ 105.7615591, 21.0315777 ], [ 105.7613352, 21.0322695 ], [ 105.7608203, 21.033247 ], [ 105.7600269, 21.033614 ], [ 105.759589, 21.0350545 ], [ 105.7589015, 21.0360838 ] ] ] } },
{ "type": "Feature", "properties": { "threshold_s": 900, "time_label": "15 minutes" }, "geometry": { "type": "Polygon", "coordinates": [ [ [ 105.7613178, 21.0402873 ], [ 105.7615407, 21.0414284 ], [ 105.7627513, 21.042123 ], [ 105.763454899999985, 21.0420787 ], [ 105.7652924, 21.0433111 ], [ 105.766076199999986, 21.0434739 ], [ 105.7660032, 21.043376 ], [ 105.765701199999981, 21.0428995 ], [ 105.7667078, 21.0408274 ], [ 105.7679351, 21.0398866 ], [ 105.7698056, 21.0399749 ], [ 105.770858, 21.0381537 ], [ 105.771037, 21.0378293 ], [ 105.7716024, 21.0358355 ], [ 105.77186589999998, 21.0353354 ], [ 105.772563099999985, 21.0338153 ], [ 105.772575, 21.0319071 ], [ 105.771825899999982, 21.031203 ], [ 105.771050299999985, 21.0308778 ], [ 105.768990499999987, 21.030093 ], [ 105.7667305, 21.0293733 ], [ 105.76536609999998, 21.0285709 ], [ 105.763489, 21.0277834 ], [ 105.7634258, 21.0278011 ], [ 105.76300590000001, 21.0291846 ], [ 105.7613122, 21.0293856 ], [ 105.7594637, 21.0305928 ], [ 105.7591033, 21.0308743 ], [ 105.759379199999984, 21.0320558 ], [ 105.759498399999984, 21.0336344 ], [ 105.7588931, 21.0358586 ], [ 105.7586787, 21.037779 ], [ 105.759069, 21.038613 ], [ 105.760966, 21.0396098 ], [ 105.7613178, 21.0402873 ] ] ] } },
{ "type": "Feature", "properties": { "threshold_s": 300, "time_label": "5 minutes" }, "geometry": { "type": "Polygon", "coordinates": [ [ [ 105.824286499999985, 21.0622978 ], [ 105.824541599999989, 21.0632504 ], [ 105.825054599999987, 21.0635553 ], [ 105.8250106, 21.062725 ], [ 105.8256513, 21.0626422 ], [ 105.8261068, 21.0629845 ], [ 105.826283600000011, 21.0628759 ], [ 105.82721, 21.0624872 ], [ 105.828077100000016, 21.0622839 ], [ 105.8283188, 21.0625789 ], [ 105.828242099999983, 21.0617176 ], [ 105.8277678, 21.0609907 ], [ 105.827093, 21.0606398 ], [ 105.826859, 21.0599392 ], [ 105.826493899999988, 21.0603759 ], [ 105.8256537, 21.0605863 ], [ 105.825318599999989, 21.0605576 ], [ 105.824343099999979, 21.0607403 ], [ 105.8240602, 21.061614 ], [ 105.824286499999985, 21.0622978 ] ] ] } },
{ "type": "Feature", "properties": { "threshold_s": 600, "time_label": "10 minutes" }, "geometry": { "type": "Polygon", "coordinates": [ [ [ 105.823335299999982, 21.065201 ], [ 105.8234073, 21.0660338 ], [ 105.8242384, 21.0652249 ], [ 105.8246041, 21.0654317 ], [ 105.82503220000001, 21.0656621 ], [ 105.82512, 21.0657035 ], [ 105.8250439, 21.0646879 ], [ 105.8259438, 21.0645365 ], [ 105.8264656, 21.0649986 ], [ 105.8265975, 21.0650749 ], [ 105.8275401, 21.0652121 ], [ 105.8276535, 21.0650398 ], [ 105.828135, 21.0643323 ], [ 105.828480399999989, 21.0639034 ], [ 105.8291705, 21.0630847 ], [ 105.829448, 21.0628147 ], [ 105.8293449, 21.0627201 ], [ 105.8282454, 21.0621419 ], [ 105.828242099999983, 21.0617176 ], [ 105.8277678, 21.0609907 ], [ 105.827093, 21.0606398 ], [ 105.826859, 21.0599392 ], [ 105.826378199999979, 21.0600187 ], [ 105.825590599999984, 21.0597059 ], [ 105.8257031, 21.0588372 ], [ 105.8251668, 21.0593394 ], [ 105.8249267, 21.0601844 ], [ 105.823646299999979, 21.0603334 ], [ 105.8225602, 21.0603777 ], [ 105.8228083, 21.0609985 ], [ 105.8226621, 21.0620698 ], [ 105.8213548, 21.0622598 ], [ 105.8213021, 21.0623709 ], [ 105.821341299999986, 21.0622886 ], [ 105.822842900000012, 21.0627096 ], [ 105.822682, 21.0631025 ], [ 105.8225334, 21.0633438 ], [ 105.822839099999982, 21.0641535 ], [ 105.823056099999988, 21.064588 ], [ 105.823335299999982, 21.065201 ] ] ] } },
{ "type": "Feature", "properties": { "threshold_s": 900, "time_label": "15 minutes" }, "geometry": { "type": "Polygon", "coordinates": [ [ [ 105.8213878, 21.0674435 ], [ 105.8220701, 21.0685556 ], [ 105.8237129, 21.068524 ], [ 105.826035299999987, 21.0684484 ], [ 105.8262747, 21.0683784 ], [ 105.8263542, 21.0682365 ], [ 105.8272912, 21.0655832 ], [ 105.8275401, 21.0652121 ], [ 105.8276535, 21.0650398 ], [ 105.828135, 21.0643323 ], [ 105.828480399999989, 21.0639034 ], [ 105.8318619, 21.0632471 ], [ 105.833721699999984, 21.0614605 ], [ 105.8330804, 21.0593648 ], [ 105.8326169, 21.0594054 ], [ 105.830977499999989, 21.0595884 ], [ 105.8300179, 21.0597313 ], [ 105.826859, 21.0599392 ], [ 105.8257031, 21.0588372 ], [ 105.8230532, 21.0569821 ], [ 105.8218845, 21.0556639 ], [ 105.821577199999979, 21.0552838 ], [ 105.821481099999986, 21.0552074 ], [ 105.8208338, 21.0556501 ], [ 105.82027859999998, 21.0566797 ], [ 105.820296499999984, 21.0569066 ], [ 105.820324, 21.056926 ], [ 105.8210914, 21.0594049 ], [ 105.8195438, 21.0604391 ], [ 105.8191896, 21.0604858 ], [ 105.818973, 21.0607916 ], [ 105.8199275, 21.0636974 ], [ 105.819887899999983, 21.0641715 ], [ 105.821058, 21.0660254 ], [ 105.8213878, 21.0674435 ] ] ] } }
]
}
