Type of text,Primary Subject,Title,Keywords,Date of text,Last amended date,Repealed,Document Link
Regulation,Water,Decision No. 122/2008/QD-TTg approving the Master Plan on Socio-Economic Development of Phu Yen Province until 2020.,agricultural development; policy/planning; food security; land-use planning; animal production; inland waters; water supply; irrigation;,8/29/2008,,,https://faolex.fao.org/docs/pdf/vie84146.pdf
Regulation,Land and soil,Circular No. 16/2011/TT-BTNMT amending and supplementing a number of provisions concerning land-related administrative procedures.,land reform; cadastre/land registration; land tenure; lease; registration; right of use; transfer rights ; contracts; property rights;,5/20/2011,,,https://faolex.fao.org/docs/pdf/vie107005.pdf
Regulation,Agricultural and rural development,Decision No. 72/2000/QD-BNN-KHCN issuing the Regulation on Managing the Programs and Projects in the Country implemented by Non-business Units of the Ministry of Agriculture and Rural Development.,agricultural development; institution; agricultural extension; research; rural development; governance;,7/5/2000,,,https://faolex.fao.org/docs/pdf/vie22664.pdf
Regulation,Wild species and ecosystems,"Decision No. 1742/QD-BKHDT approving the master plan on socio-economic development of Con Dao district, Ba Ria-Vung Tau province, up to 2020, with a vision toward 2030.",biodiversity; aquaculture; afforestation/reforestation; forest management/forest conservation; urban land; waste management; sewerage; drainage/land reclamation; management/conservation; marine protected areas; national parks; protected area;,11/15/2011,,,https://faolex.fao.org/docs/pdf/vie111327.pdf
Regulation,Fisheries and Aquaculture,Decree No. 70/ND-CP stipulating the sanctioning of administrative violations in the aquatic resource domain.,aquaculture; legal proceedings/administrative proceedings; equipment; exploration; fishing gear/fishing method; fishing vessel; hygiene/sanitary procedures; processing/handling; offences/penalties; protection of species; fishery management and conservation; biodiversity;,7/17/2003,,Repealed,https://faolex.fao.org/docs/pdf/vie41125.pdf
Regulation,Livestock,"Decree on amendments to some articles of the Government's Decree No. 13/2020/ND-CP dated January 21, 2020 on elaboration of the Law on Animal Husbandry.",animal feed/feedstuffs; animal production; authorization/permit; international trade; internal trade; processing/handling; transport/storage; certification; inspection; feed additives; drugs; animal health;,7/13/2022,,,https://faolex.fao.org/docs/pdf/vie211557.pdf
Regulation,Food and nutrition,Circular No. 29/2023/TT-BYT on contents and presentation of nutrition facts on food labels.,food safety and quality; nutrition; packaging/labelling; internal trade; international trade;,12/30/2023,,,https://faolex.fao.org/docs/pdf/vie223796.pdf
Regulation,Cultivated plants,Decree No. 13/2001/ND-CP on the protection of new plant varieties.,plant variety; breeders' rights; seeds/planting material; legal proceedings/administrative proceedings; plant production; intellectual property rights;,4/20/2001,,Repealed,https://faolex.fao.org/docs/pdf/vie35141.pdf
Regulation,Food and nutrition,Circular No. 45/2012/TT-BCT providing in process inspection of food quality and safety under the state management of the Ministry of Industry and Trade.,food safety and quality; inspection; hygiene/sanitary procedures; packaging/labelling; food additives; milk/dairy products; beverages;,12/28/2012,,,https://faolex.fao.org/docs/pdf/vie164678.pdf
Regulation,Fisheries and Aquaculture,Decision No. 112/2004/QD-TTg approving the Program on the development of aquatic seeds till 2010.,aquaculture; biotechnology; crustaceans; equipment; fish products; freshwater fishes; molluscs; policy/planning; research; stock enhancement/repopulation; fishery management and conservation; aquatic animals;,6/23/2004,,,https://faolex.fao.org/docs/pdf/vie48701.pdf
Miscellaneous,Land and soil; Water,Circular No. 120/2005/TT-BTC Guiding the Implementation of the Governments Decree No. 142/2005/ND-CP of 14 November 2005 on Collection of Land Rents and Water Surface Rents.,land tenure; lease; public land; contracts; surface water; public water; water rights;,12/30/2005,6/29/2011,,https://faolex.fao.org/docs/pdf/vie64303.pdf
Regulation,Fisheries and Aquaculture,Decree No. 52/2010/ND-CP on import of fishing vessels.,fishing vessel; international trade; marine pollution; registration;,5/17/2010,6/20/2012,Repealed,https://faolex.fao.org/docs/pdf/vie98313.pdf
Regulation,Environment; Water,Decision No. 01/2004/QD-BTNMT on the Natural Resources and Environment Ministry's Action Program for materialization of the conclusions of the 6th Plenum of the Party Central Committee and the Government's Action Program on Science and Technology.,data collection/reporting; ecosystem conservation; education; environmental impact assessment (EIA); environmental planning; environmental standards; legal proceedings/administrative proceedings; marine pollution; monitoring; pollution control; research; innovation; policy/planning; standards; protection of environment; land-use planning; right of use; soil conservation/soil improvement; soil pollution/quality; soil rehabilitation; cadastre/land registration; minerals; exploration; mining; zoning; water resources management; protected area; river basin institution; surface water; rainwater; groundwater; industrial water use; priorities; public water; freshwater pollution; institution; basin/catchment/watershed; inland waters; governance;,2/6/2004,,,https://faolex.fao.org/docs/pdf/vie43548.pdf
Regulation,Fisheries and Aquaculture,Decision No. 51/2005/QD-BGTVT promulgating the Regulation on registration of Vietnamese seagoing ships.,certification; registration; marine pollution; fishing vessel;,10/12/2005,,,https://faolex.fao.org/docs/pdf/vie61352.pdf
Regulation,Livestock,Resolution No. 15/2005/NQ-CP on urgent measures to prevent the avian influenza epidemic (H5N1) and type-A (H5N1) human influenza pandemic.,poultry; early warning system; hygiene/sanitary procedures; pests/diseases; quarantine; slaughtering; animal health; birds;,11/4/2005,,,https://faolex.fao.org/docs/pdf/vie61750.pdf
Regulation,Land and soil,Decree No. 17/2006/ND-CP amending and supplementing a number of articles of the Decrees guiding the implementation of the Land Law and Decree No. 187/2004/ND-CP on transformation of state companies into joint-stock companies.,land tenure; lease; taxes ; land-use planning; contracts;,1/27/2006,8/13/2009,Repealed,https://faolex.fao.org/docs/pdf/vie68417.pdf
Regulation,Fisheries and Aquaculture,Decree No. 128/2005/ND-CP providing for sanctioning of administrative violations in the fisheries domain.,offences/penalties; fish products; fishing vessel; hygiene/sanitary procedures; aquaculture; processing/handling; transport/storage; inspection; drugs; fish diseases; animal health;,10/11/2005,,,https://faolex.fao.org/docs/pdf/vie61335.pdf
Regulation,Fisheries and Aquaculture,Regulation on management of aquatic veterinary drugs.,aquaculture; drugs; processing/handling; inspection; authorization/permit; registration; fish diseases; animal health;,1/23/2002,,,https://faolex.fao.org/docs/pdf/vie35280.pdf
Miscellaneous,Cultivated plants,Official Registration and Additional Registration of a number of plant protection drugs permitted to be used in Viet Nam (Decision No. 121/1999/QD-BNN-BVTV).,plant protection; pesticides; biological control agents;,8/25/1999,,,https://faolex.fao.org/docs/pdf/vie20198.pdf
Regulation,Land and soil,"Decree No. 17/1999/ND-CP on the procedures for exchange, transfer, lease, sublease and inheritance of the land-use right as well as for mortgage of and capital contribution with the land-use value.",land tenure; lease; transfer rights ; inheritance; land valuation; contracts; property rights;,3/29/1999,,Repealed,https://faolex.fao.org/docs/pdf/vie21326.pdf
"Regulation, Policies",Economy and Finance,"Decision No. 29/2007/QD-BCN approving the planning on industrial development in the Central Viet Nam key economic region up to 2015, with the 2020 vision taken into consideration.",business/industry/corporations; agricultural development; policy/planning; food safety and quality; land-use planning; exploration; minerals; water supply; waterworks;,7/11/2007,,,https://faolex.fao.org/docs/pdf/vie74541.pdf
Regulation,Food and nutrition; Health,Joint Circular No. 13/2016/TTLT-BYT-BGDDT regulations on healthcare activities in schools.,school feeding; food safety and quality; public health; potable water;,5/12/2016,,,https://faolex.fao.org/docs/pdf/vie214415.pdf
Regulation,Livestock; Cultivated plants,"Regulation on the management and preservation of plant, animal and micro-organism gene resources (Decision No. 2117/1997/QD-BKHCNMT).",animal reproduction; biotechnology; genetic resources; research; animal production; plant production;,12/30/1997,,,https://faolex.fao.org/docs/pdf/vie14289.pdf
Regulation,Land and soil,Decree No. 17/2010/ND-CP on property auction.,public land; land tenure;,3/4/2010,,,https://faolex.fao.org/docs/pdf/vie98835.pdf
Miscellaneous,Land and soil,"Circular No. 116/2004/TT-BTC guiding the implementation of the Government's Decree No. 197/2004/ND-CP on compensation, support and resettlement when land is recovered by the State.",land tenure; expropriation; land valuation; subsidy/incentive;,12/7/2004,8/2/2006,Repealed,https://faolex.fao.org/docs/pdf/vie50488.pdf
Policies,Environment; National development,National Green Growth Strategy.,climate change; ecofriendly products/ecofriendly processes; ecological production/organic production; sustainable use; sustainable development; ozone layer; green economy;,9/25/2012,,,https://faolex.fao.org/docs/pdf/vie161444.pdf
Regulation,Sea,"Decision No. 51/2005/QD-TTg approving the planning on Van Phong Bay economic zone, Khan Hoa province, towards 2020.",aquaculture; EEZ-Exclusive Economic Zone; fishery management and conservation; harbour; policy/planning; maritime zone; coastal zone management; ecosystem conservation; navigation; management/conservation; oil pollution; waste disposal; pollution control;,3/11/2005,,,https://faolex.fao.org/docs/pdf/vie52196.pdf
"Regulation, Policies",Agricultural and rural development,"Decision No. 1342/QD-TTg approving the Plan of Action to develop agricultural machinery industry in implementation of Vietnam's industrialization strategy within the framework of Vietnam - Japan cooperation through 2020, with a vision toward 2030.",agricultural development; equipment; cereals/grains/rice; financial agricultural measures; agricultural commodities; crops ;,8/12/2014,,,https://faolex.fao.org/docs/pdf/vie167860.pdf
Miscellaneous,Land and soil,Circular No. 117/2004/TT-BTC guiding the implementation of the Government's Decree No. 198/2004/ND-CP on land use levy collection.,land tenure; public land; taxes ; land valuation;,12/7/2004,6/29/2011,,https://faolex.fao.org/docs/pdf/vie50491.pdf
Miscellaneous,Fisheries and Aquaculture,Circular of the Minister of Aquatic Resources No. 2/1998/TT-BTS implementing Decree No. 15-CP/1996 on animal feed.,aquaculture; classification/declassification; animal feed/feedstuffs;,3/14/1998,,,https://faolex.fao.org/docs/pdf/vie14271.pdf
Policies,Livestock; Health,National Action Plan on Combating Drug Resistance in the period of 2013-2020.,food safety and quality; capacity building; public health; fish products; animal health; pests/diseases; inspection; hygiene/sanitary procedures; data collection/reporting; agricultural development; drugs; antimicrobial resistance (AMR);,5/6/2013,,,https://faolex.fao.org/docs/pdf/vie169640.pdf
Regulation,Agricultural and rural development; Land and soil,Decree No. 112/2024/ND-CP on elaborating on land for rice cultivation.,cereals/grains/rice; agricultural land; land-use planning; irrigation; soil conservation/soil improvement; subsidy/incentive; public land; policy/planning; agricultural commodities; crops ; financial agricultural measures; financing; land tenure;,9/11/2024,8/15/2025,,https://faolex.fao.org/docs/pdf/vie247303.pdf
Regulation,Water,Decision No. 492/QD-TTg approving the Scheme on establishment of the Mekong River delta key economic region.,agricultural development; cereals/grains/rice; agricultural commodities; crops ; aquaculture; fish products; processing/handling; waterworks; irrigation; water supply; drainage/land reclamation;,4/16/2009,,,https://faolex.fao.org/docs/pdf/vie88851.pdf
Regulation,Fisheries and Aquaculture,Decision No. 640/1999/QD-BTS on the Regulation on hygiene and safety control of bivalve molluscs harvest.,marine fisheries; molluscs; aquaculture; hygiene/sanitary procedures; fishing area; protected fishing area; certification; equipment; disinfection/disinfestation; allocation/quota; residues/contaminants; stock enhancement/repopulation; legal proceedings/administrative proceedings; research; fees/royalties; special fund; fishery management and conservation; freshwater pollution; pollution control;,9/22/1999,,,https://faolex.fao.org/docs/pdf/vie42917.pdf
"Regulation, Policies",National development,Decision No. 1064/QD-TTg approving the master plan on socio-economic development in the northern midland and mountainous region through 2020.,agricultural development; farming; policy/planning; soil conservation/soil improvement; mountain area; afforestation/reforestation; forest management/forest conservation; protection forest; medicinal plants; land-use planning; inland waters; irrigation; public water; sewerage; surface water; water supply;,7/8/2013,,,https://faolex.fao.org/docs/pdf/vie164811.pdf
Regulation,Food and nutrition,Decision No. 14/2007/QD-TTg approving the scheme on biotechnology development and application on the processing industry up to 2020.,biotechnology; processing/handling; agricultural commodities;,1/25/2007,,,https://faolex.fao.org/docs/pdf/vie72684.pdf
Regulation,Agricultural and rural development; National development,"Resolution 252/2025/QH15 amends Resolution 81/2023/QH15 on the National Master Plan for the period 2021-2030, with a vision to 2050.",policy/planning; transport/storage; environmental planning; innovation; sustainable development; rural development; energy conservation/energy production; renewable energy; climate change; protection of environment; forest management/forest conservation; land-use planning; urban land; water resources management;,12/10/2025,,,https://faolex.fao.org/docs/pdf/vie246095.pdf
Regulation,Livestock,"Circular No. 01/2026/TT-BNNMT dated January 1, 2026 on terrestrial animal and animal product quarantine.",food safety and quality; animal production; quarantine; animal health; marking/identification; traceability; international trade; data collection/reporting; drugs; pests/diseases; authorization/permit; enforcement/compliance; hygiene/sanitary procedures; pet animals; vaccination; risk assessment/management; transport/storage;,1/1/2026,,,https://faolex.fao.org/docs/pdf/vie246079.pdf
Regulation,Fisheries and Aquaculture,"Decree No. 29/2009/ND-CP on seagoing ship registration, purchase and sale.",certification; fishing vessel; registration;,3/26/2009,9/1/2011,Repealed,https://faolex.fao.org/docs/pdf/vie88846.pdf
Regulation,Food and nutrition,Decision No. 41/2005/QD-BYT promulgating the Regulation on food safety and hygiene conditions for food trading and eating service establishments.,food safety and quality; HACCP; hygiene/sanitary procedures; processing/handling; transport/storage; vending; internal trade;,12/8/2005,,,https://faolex.fao.org/docs/pdf/vie83830.pdf
Regulation,Water; National development,"Decision No. 245/QD-TTg approving the master plan on socio-economic development of the Mekong Delta key economic region through 2020, with orientations toward 2030.",agricultural development; food security; aquaculture; afforestation/reforestation; forest management/forest conservation; urban land; water supply; irrigation; sewerage; waterworks; national parks; protected area; tourism; ecosystem conservation;,2/12/2014,,,https://faolex.fao.org/docs/pdf/vie167648.pdf
Regulation,Fisheries and Aquaculture,Ordinance on natural resources tax.,access right; inland fisheries; landing; taxes; fishery management and conservation; timber; water abstraction;,1/1/1993,,,https://faolex.fao.org/docs/pdf/vie19293.pdf
Regulation,Economy and Finance,Decree No. 39/2018/ND-CP on guidelines for Law on support for small and medium -sized enterprises.,smallholders/peasants; gender; equity; capacity building; small and medium enterprises; agricultural development; forest management/forest conservation; forest service;,3/11/2018,8/26/2021,,https://faolex.fao.org/docs/pdf/vie206153.pdf
Regulation,Water,Decision No. 131/2009/QD-TTg on a number of investment preference and promotion policies and the management and exploitation of rural clean water supply works.,public land; subsidy/incentive; land tenure; water supply; waterworks; policy/planning; investment;,11/2/2009,,,https://faolex.fao.org/docs/pdf/vie94878.pdf
Policies,Agricultural and rural development; Climate change,Resolution No. 120/NQ-CP on Sustainable and Climate-Resilient Development of the Mekong Delta.,climate change; agricultural development; irrigation; land-use planning; public private partnership (PPP); international cooperation; biodiversity; rural development; tourism; sustainable development; aquaculture; fishery management and conservation; forest management/forest conservation; coastal zone management; saltwater intrusion/siltation; water resources management;,11/17/2017,,,https://faolex.fao.org/docs/pdf/vie245836.pdf
Regulation,Trade; Economy and Finance,"Decree No. 95/2012/ND-CP defining the functions, powers and organizational structure of the Ministry of Industry and Trade.",governance; business/industry/corporations; international trade; internal trade; energy conservation/energy production; renewable energy; natural gas; oil;,11/12/2012,,,https://faolex.fao.org/docs/pdf/vie124616.pdf
Legislation,Land and soil,Law No. 47/2024/QH15 on Urban and Rural Planning.,agricultural land; rural development; policy/planning; authorization/permit; climate change; hazards; sustainable development; mountain area; basic legislation; urban land; land-use planning; environmental impact assessment (EIA); cultural heritage; sustainable use; green economy; water supply; sewerage;,11/26/2024,,,https://faolex.fao.org/docs/pdf/vie237243.pdf
Regulation,Land and soil; Water,Decision No. 64/2014/QD-TTg on specific policies on relocation and resettlement of people in areas under irrigation and hydropower projects.,land tenure; land valuation; alternative dispute settlement; liability/compensation; hydropower generation; irrigation; renewable energy;,11/18/2014,,,https://faolex.fao.org/docs/pdf/vie167954.pdf
Miscellaneous,Fisheries and Aquaculture,Circular No. 02/2004/TT-BTS guiding the implementation of Goverment's Decree No. 70/ND-CP stipulating the sanctioning of administrative violations in the aquatic resource domain.,aquaculture; aquatic animals; hygiene/sanitary procedures; inland fisheries; mariculture; marine fisheries; offences/penalties; drugs; fish diseases; animal health; food safety and quality; HACCP; residues/contaminants;,3/22/2004,,,https://faolex.fao.org/docs/pdf/vie44010.pdf
Legislation,General,Civil Code.,civil code; consumer protection; inheritance; contracts; business/industry/corporations; cooperative/producer organization; traditional rights/customary rights; hazards; public health; liability/compensation; pollution control; aquaculture; forest management/forest conservation; agricultural land; urban land; ownership; land tenure; transfer rights ; property rights; lease; common property; prescription/adverse possession; servitude; expropriation; animal production; waterworks; irrigation; rainwater; drainage/land reclamation; freshwater pollution;,11/24/2015,,,https://faolex.fao.org/docs/pdf/vie198573.pdf
Policies,Livestock; Health,"Master Plan for the One Health Partnership Framework for Zoonoses, 2021 - 2025 Period.",antimicrobial resistance (AMR); public health; investment; One Health approach; policy/planning; protection of environment; public private partnership (PPP); risk assessment/management; waste management; animal feed/feedstuffs; fish diseases; aquaculture; animal health; food safety and quality; residues/contaminants; hygiene/sanitary procedures; drugs; vaccination; research;,3/1/2022,,,https://faolex.fao.org/docs/pdf/vie223554.pdf
Regulation,Food and nutrition,National Technical Regulation on Iodized Salt.,authorization/permit; inspection; condiments/herbs/spices; food safety and quality; nutrition; food fortification; certification; packaging/labelling; internal trade; international trade; residues/contaminants; MRL-maximum residue limit;,1/1/2011,,,https://faolex.fao.org/docs/pdf/vie240227.pdf
Legislation,Land and soil,Housing Law No. 65/2014/QH13.,urban land; certification; classification/declassification; agricultural land; lease; cultural heritage; contracts;,11/25/2014,,,https://faolex.fao.org/docs/pdf/vie167984.pdf
Regulation,Water,Decision No. 17/2009/QD-TTg approving the master plan on socio-economic development of Tien Giang province till 2020.,agricultural development; policy/planning; aquaculture; urban land; inland waters; water supply; irrigation;,1/22/2009,,Repealed,https://faolex.fao.org/docs/pdf/vie86916.pdf
Regulation,Fisheries and Aquaculture,Decision No. 11/2003/QD-BTC promulgating the rates of charges for inspection of the technical safety and quality of inland waterways means.,equipment; fishing vessel; fees/royalties; fishery management and conservation; inspection;,1/24/2003,,,https://faolex.fao.org/docs/pdf/vie36948.pdf
Regulation,Land and soil,Decision No. 04/2004/QD-BTNMT approving the action plan on the conservation and sustainable development of submerged areas in the 2004-2010 period.,cadastre/land registration; data collection/reporting; drainage/land reclamation; environmental planning; erosion; land commission; land-use planning; monitoring; pollution control; research; soil conservation/soil improvement; soil pollution/quality; soil rehabilitation; survey/mapping; use restrictions; policy/planning; wetlands; zoning; biodiversity; ecosystem conservation; education; management/conservation; protected area; community management;,4/5/2004,,,https://faolex.fao.org/docs/pdf/vie44918.pdf
International Agreement,Agricultural and rural development,Agreement on Trade and Economic Co-operation between Australia and the Socialist Republic of Vietnam,agricultural development; international trade;,6/14/1990,,,https://faolex.fao.org/docs/pdf/bi-27327.pdf
"Regulation, Policies",Food and nutrition,"Decision No. 226/QD-TTg approving the national nutrition strategy for the 2011-2020 period, with a vision toward 2030.",nutrition; research; food safety and quality; education; policy/planning; food fortification;,2/22/2012,,,https://faolex.fao.org/docs/pdf/vie113164.pdf
Regulation,Fisheries and Aquaculture,Decree No. 33/2010/ND-CP on the management of fishing activities in sea areas by Vietnamese organizations and individuals.,fishery management and conservation; fishing area; fishing gear/fishing method; fishing vessel; marine fisheries; authorization/permit;,3/31/2010,6/20/2012,Repealed,https://faolex.fao.org/docs/pdf/vie96529.pdf
Miscellaneous,Food and nutrition,Circular No. 24/2010/TT-BCT on the application of regulations on automatic import licensing to a number of good items.,authorization/permit; international trade; meat; sugar; vegetables/legumes; beverages; cereals/grains/rice; coffee/cocoa/tea; fish products; agricultural commodities;,5/28/2010,9/5/2011,,https://faolex.fao.org/docs/pdf/vie98412.pdf
Regulation,Livestock,Decree 211/2026/ND-CP stipulates administrative penalties for violations in livestock farming.,animal production; offences/penalties; enforcement/compliance; international trade; animal feed/feedstuffs; animal reproduction;,6/16/2026,,,https://faolex.fao.org/docs/pdf/vie246043.pdf
Regulation,Cultivated plants,Decision No. 52/2003/QD-BNN promulgating the Regulation on testing and recognition of new agricultural plant varieties and the Regulation on naming of new plant varieties.,plant production; plant protection; plant variety; agricultural commodities; breeders' rights; internal trade; intellectual property rights;,4/2/2003,,,https://faolex.fao.org/docs/pdf/vie39047.pdf
Regulation,Fisheries and Aquaculture,Decision No. 1690/QD-TTg approving Vietnam's fisheries development strategy through 2020.,aquaculture; fishery management and conservation; fishing area; freshwater fishes; hygiene/sanitary procedures; inland fisheries; marine fisheries; policy/planning; processing/handling; drugs; fish diseases; animal health; aquatic animals;,9/16/2010,,,https://faolex.fao.org/docs/pdf/vie99785.pdf
Legislation,Land and soil; Water,Law No. 35/2018/QH14 on amendments to some articles concerning planning of 37 laws.,policy/planning; land-use planning; minerals; mining; plant protection; quarantine; irrigation; water resources management;,11/20/2018,,,https://faolex.fao.org/docs/pdf/vie205622.pdf
Regulation,Food and nutrition,Decision No. 161/QD-TTg approving the planning on salt production development up to 2010 and 2020.,agricultural development; subsidy/incentive; condiments/herbs/spices;,2/5/2007,,,https://faolex.fao.org/docs/pdf/vie71701.pdf
Regulation,Forestry,"Circular No. 102/2001/TT-BNN guiding the implementation of the Prime Minister's Decision No. 178/1999/QD-TTG promulgating the Regulation on the labelling of goods for domestic circulation and export as well as import goods, regarding commodity forest products, commodities processed from forest products, cereal grains and assorted farm produce seeds in packs.",timber; non-wood forest products ; internal trade; international trade; cereals/grains/rice; packaging/labelling; crops ; agricultural commodities;,10/26/2001,,,https://faolex.fao.org/docs/pdf/vie35247.pdf
Regulation,Water,Decision No. 423/QD-TTg approving the master plan on socio-economic development of Soc Trang province through 2020.,agricultural development; cultural heritage; pollution control; soil conservation/soil improvement; aquaculture; afforestation/reforestation; forest management/forest conservation; urban land; irrigation; sewerage; waterworks;,4/11/2012,,,https://faolex.fao.org/docs/pdf/vie114619.pdf
Miscellaneous,Cultivated plants,Circular No. 01/2007/TT-BCT guiding the implementation of a number of articles of Government's Decree No. 119/2007/ND-CP on tobacco production and trade.,tobacco; internal trade; international trade; certification; agricultural commodities;,8/29/2007,,Repealed,https://faolex.fao.org/docs/pdf/vie76908.pdf
Regulation,Fisheries and Aquaculture,"Decree No. 77/2011/ND-CP amending and supplementing a number of articles of the Government's Decree No. 29/2009/ND-CP of 26 March 2009, on seagoing ship registration, purchase and sale.",fishing vessel; registration;,9/1/2011,,Repealed,https://faolex.fao.org/docs/pdf/vie107606.pdf
Regulation,Land and soil,"Decision No. 115/2008/QD-TTg promulgating the Regulation on publicity of the management and use of state property at state agencies, public non-business units and organizations assigned to manage and use state property.",public land; ownership; land-use planning; access-to-information; land tenure; property rights;,8/27/2008,,,https://faolex.fao.org/docs/pdf/vie86765.pdf
Regulation,Fisheries and Aquaculture,Decree No. 67/2014/ND-CP on a number of fisheries development policies.,agricultural development; fishery management and conservation; fishing charge; fishing vessel; credit; investment;,7/7/2014,2/2/2018,,https://faolex.fao.org/docs/pdf/vie167846.pdf
Regulation,Food and nutrition,Decision No. 53/2008/QD-BNN prohibiting acts of adding water or water-retaining additives to frozen fresh fish products in order to commit trade fraud.,fish products; food additives; food safety and quality; inspection; treated food; fraud;,4/21/2008,,,https://faolex.fao.org/docs/pdf/vie80252.pdf
Regulation,Cultivated plants,Decree No. 02/2007/ND-CP on plant quarantine.,disinfection/disinfestation; plant protection; quarantine; fertilizers/nutrients; pesticides; international trade; plant production;,1/5/2007,10/26/2011,Repealed,https://faolex.fao.org/docs/pdf/vie71700.pdf
Miscellaneous,Land and soil,Circular No. 20/2010/TT-BTNMT additionally providing for land use right or house and land-attached asset ownership certificates.,certification; land tenure; right of use;,10/22/2010,5/20/2011,,https://faolex.fao.org/docs/pdf/vie100806.pdf
Regulation,Environment,"Decree No. 164/2013/ND-CP amending a Number of articles of Government's Decree No. 29/2008/ND-CP of 14 March 2008, providing for Industrial Parks, Export Processing Zones and Economic Zones.",environmental planning; environmental impact assessment (EIA); industrial water use; business/industry/corporations; subsidy/incentive; investment; policy/planning; pollution control; soil pollution/quality; land-use planning; freshwater pollution; effluent waste water/discharge;,11/12/2013,,,https://faolex.fao.org/docs/pdf/vie168542.pdf
Miscellaneous,Cultivated plants,Circular No. 73/2003/TT-BNN guiding the domestic plant quarantine.,quarantine; plant protection; biological control agents; inspection; internal trade; pests/diseases;,7/1/2003,,Repealed,https://faolex.fao.org/docs/pdf/vie41130.pdf
Regulation,Livestock,Circular No. 13/2016/TT-BNNPTNT on Veterinary Drug Management.,animal health; pests/diseases; drugs; vaccination; certification; processing/handling; internal trade; international trade; inspection; registration; packaging/labelling;,6/2/2016,3/3/2026,,https://faolex.fao.org/docs/pdf/vie223725.pdf
Legislation,Fisheries and Aquaculture,Law on Fisheries (No. 18/2017/QH14).,framework law; fishery management and conservation; marine fisheries; inland fisheries; aquaculture; mariculture; community management; foreign fishing; monitoring; port State measures; international cooperation; enforcement/compliance; offences/penalties; Illegal unreported and unregulated fishing (IUU fishing); animal health; investment; biodiversity; EEZ-Exclusive Economic Zone; fish diseases; fishing area; fishing authorization; fishing vessel; freshwater pollution; harbour; high seas; internal trade; international trade; marine protected areas; maritime zone; pesticides; precautionary principle; protection of species; allocation/quota; registration; size; territorial sea; trade in species; drugs; quarantine; authorization/permit; insurance; aquatic animals; fish products; food safety and quality; freshwater fishes; marine fishes; ecosystem conservation; protection of habitats; endangered species; protected area; national parks;,11/21/2017,1/18/2024,,https://faolex.fao.org/docs/pdf/vie171855.pdf
Regulation,Cultivated plants,Decision No. 37/2003/QD-TTg on the import of urea fertilizer for circulation reserve.,fertilizers/nutrients; internal trade; plant production;,3/12/2003,,,https://faolex.fao.org/docs/pdf/vie39037.pdf
Miscellaneous,Land and soil,"Joint Circular No. 03/2003/TTLT/BTP-BTNMT guiding the order and procedures for registering and supplying information on, mortgage of, and guarantee with, land use right and assets attached to land.",land tenure; land valuation; lease; legal proceedings/administrative proceedings; right of use; taxes ; registration; contracts;,7/4/2003,,,https://faolex.fao.org/docs/pdf/vie41112.pdf
Regulation,Food and nutrition; Fisheries and Aquaculture,Circular No.: 26/2016/TT-BNNPTNT providing for the Quarantine of Aquatic Animals And Animal Products,animal health; aquaculture; aquatic animals; fish diseases; hygiene/sanitary procedures; inspection; molluscs; monitoring; quarantine; residues/contaminants; transport/storage; drugs; international trade; trade in species; fish products; food safety and quality; risk assessment/management; standards; toxicity/poisoning; traceability;,6/30/2016,,,https://faolex.fao.org/docs/pdf/vie210746.pdf
Regulation,Water,Decision No. 581/QD-TTg approving the master plan on socio-economic development of Kon Tum province through 2020.,agricultural development; youth; pollution control; soil conservation/soil improvement; aquaculture; afforestation/reforestation; forest management/forest conservation; land-use planning; urban land; irrigation; sewerage; waterworks;,4/20/2011,,,https://faolex.fao.org/docs/pdf/vie107033.pdf
Regulation,Land and soil,Decree No. 188/2004/ND-CP on methods of determining land prices and assorted-land price brackets.,land tenure; land valuation; lease; taxes ; contracts;,11/16/2004,7/27/2007,,https://faolex.fao.org/docs/pdf/vie50311.pdf
Regulation,Water,Decision No. 87/2008/QD-TTg approving the master plan on socio-economic development of Nam Dinh province up to 2020.,agricultural development; policy/planning; aquatic animals; marine fisheries; land-use planning; plant production; plant variety; waste management; effluent waste water/discharge; inland waters; water supply; irrigation;,7/3/2008,,,https://faolex.fao.org/docs/pdf/vie81769.pdf
Miscellaneous,Fisheries and Aquaculture,Joint Circular No. 04/1998/TTLT-TS-KHDT-NHNNVN guiding the management and use of investment credit capital under the State Plan for projects of building and mofification of offshore fishing ships and fishing service ships.,navigation; fishing vessel; subsidy/incentive; investment;,12/17/1998,,,https://faolex.fao.org/docs/pdf/vie20350.pdf
Legislation,Livestock,Law No.32/2018/QH14 on Animal Husbandry.,basic legislation; animal feed/feedstuffs; animal health; animal production; public health; quarantine; pests/diseases; slaughtering; authorization/permit; international trade; internal trade; processing/handling; transport/storage; certification; biodiversity; inspection; animal reproduction; genetically modified organism (GMO); feed additives; drugs; biotechnology;,11/19/2018,,,https://faolex.fao.org/docs/pdf/vie209580.pdf
Regulation,Land and soil,Resolution No. 55/2010/QH12 on agricultural land use tax exemption and reduction.,agricultural land; subsidy/incentive;,11/24/2010,,,https://faolex.fao.org/docs/pdf/vie100803.pdf
Regulation,Agricultural and rural development,"Decree No. 109/2018/ND-CP dated August 29, 2018 on organic agriculture.",ecological production/organic production; certification; standards; packaging/labelling; traceability; plant production; fertilizers/nutrients; pesticides; enforcement/compliance; aquaculture; food safety and quality; animal production; animal feed/feedstuffs;,8/29/2018,,,https://faolex.fao.org/docs/pdf/vie246037.pdf
Policies,Environment; Waste & hazardous substances,National Implementation Plan (NIP) for the Stockholm Convention on Persistent Organic Pollutants.,air quality/air pollution; emissions; pollution control; policy/planning; gender; public health; sustainable development; enforcement/compliance; governance; capacity building; education; innovation; monitoring; data collection/reporting; research; protection of environment; hazardous substances; animal feed/feedstuffs; aquaculture; aquatic animals; aquatic plants; feed additives; fish products; freshwater fishes; freshwater pollution; pesticides; risk assessment/management; internal trade; international trade; food additives; food safety and quality; residues/contaminants; soil pollution/quality; plant protection; hazardous waste; waste disposal; waste management; waste prevention; transport/storage; packaging/labelling; potable water;,1/1/2006,,,https://faolex.fao.org/docs/pdf/vie217640.pdf
Regulation,Food and nutrition,Decision No. 649/2000/QD-BTS promulgating the Regulation on Inspection and Recognition of Aquatic Products Manufacturing and Business Establishments Meeting Food Hygiene and Safety Standards.,fish products; hygiene/sanitary procedures; food safety and quality; inspection; standards;,8/4/2000,,,https://faolex.fao.org/docs/pdf/vie22665.pdf
Regulation,Environment; Land and soil,"Decree No. 68/2022/ND-CP on functions, tasks, powers and organizational structure of the Ministry of Natural Resources and Environment.",institution; climate change; sustainable development; governance; monitoring; payments for ecosystem services/ payment for environmental services (PES); mining; land-use planning; survey/mapping; minerals; marine area; marine pollution; protection of environment; pollution control;,9/22/2022,,Repealed,https://faolex.fao.org/docs/pdf/vie214102.pdf
Miscellaneous,Land and soil,"Circular No. 43/2015/TT-BQP guiding a number of articles of the Government's Decree No. 34/2014/ND-CP of April 29, 2014, promulgating the Regulation on land border areas of the Socialist Republic of Vietnam.",cadastre/land registration; land-use planning; policy/planning; pollution control; public land; soil pollution/quality; urban land; transboundary effects; zoning; land tenure;,5/28/2015,,,https://faolex.fao.org/docs/pdf/vie168531.pdf
Regulation,Land and soil,"Decree No. 37/2010/ND-CP on the formulation, evaluation, approval and management of urban planning.",urban land; land-use planning; environmental impact assessment (EIA); water supply; sustainable development; effluent waste water/discharge; freshwater pollution; pollution control;,4/7/2010,,,https://faolex.fao.org/docs/pdf/vie98832.pdf
Regulation,Agricultural and rural development; Water; Environment; Waste & hazardous substances,Decision No. 225/2007/QD-TTg approving the adjusted master plan on construction of Bo Y international border-gate economic zone.,agricultural development; policy/planning; land-use planning; waste management; effluent waste water/discharge; inland waters; water supply;,2/8/2007,,,https://faolex.fao.org/docs/pdf/vie71753.pdf
Policies,Fisheries and Aquaculture,National Aquaculture Development Program for the Period of 2021 - 2030.,animal reproduction; aquaculture; aquatic animals; business/industry/corporations; capacity building; climate change; fish diseases; fish products; freshwater fishes; innovation; internal trade; international trade; investment; mariculture; animal feed/feedstuffs; animal health; marine fishes; molluscs; policy/planning; protection of environment; research; sustainable development; aquatic plants; ecofriendly products/ecofriendly processes; ecological production/organic production; food safety and quality; traceability;,8/16/2022,,,https://faolex.fao.org/docs/pdf/vie211903.pdf
Regulation,Agricultural and rural development; Water,"Decision No. 15/2007/QD-TTg approving the master plan on socio-economic development of Ba Ria-Vung Tau province in the 2006-2015 period, with orientations towards 2020.",agricultural development; policy/planning; soil conservation/soil improvement; investment; aquaculture; fishery management and conservation; land-use planning; waste management; effluent waste water/discharge; inland waters; irrigation; water supply;,1/29/2007,,,https://faolex.fao.org/docs/pdf/vie71750.pdf
Regulation,Food and nutrition,Decision No. 01/2005/QD-BYT promulgating the Regulation on food safety and hygiene conditions applicable to beverage establishments.,beverages; food safety and quality; hygiene/sanitary procedures; packaging/labelling; transport/storage; inspection;,1/7/2005,,Repealed,https://faolex.fao.org/docs/pdf/vie50744.pdf
Regulation,Fisheries and Aquaculture,Decision No. 279/QD-TTg approving the program on aquatic product export development through 2015 and orientations to 2020.,aquaculture; inspection; international trade; hygiene/sanitary procedures; aquatic animals;,3/7/2012,,,https://faolex.fao.org/docs/pdf/vie114601.pdf
Regulation,Fisheries and Aquaculture,"Decision 4840/QĐ-BNN-TCTS approving the Plan to implement urgent solutions to address the European Commission's warning against illegal, unreported, and unregulated (IUU) fishing.",policy/planning; marine fisheries; authorization/permit; certification; data collection/reporting; fishing vessel; high seas; Illegal unreported and unregulated fishing (IUU fishing); inspection; landing; marking/identification; monitoring; port State measures; traceability; fishery management and conservation; foreign fishing; maritime zone;,11/23/2017,,,https://faolex.fao.org/docs/pdf/vie241750.pdf
Regulation,Land and soil,Decree No. 10/2023/ND-CP on amendments and supplements to several Articles of Decrees on instructions for implementation of the Law on Land.,land tenure; expropriation; right of use; public land; agricultural land; abandoned land/unoccupied land; land valuation; lease; cadastre/land registration; survey/mapping; land-use planning; taxes ; alternative dispute settlement; court/tribunal; offences/penalties; liability/compensation; contracts;,4/3/2023,2/5/2024,,https://faolex.fao.org/docs/pdf/vie219134.pdf
Regulation,Food and nutrition; General,"Decree No. 37/2026/ND-CP dated January 23, 2026 on elaborating certain articles and measures for organising and guiding the implementation of the Law on product and goods quality.",standards; packaging/labelling; traceability; certification; inspection; consumer protection; risk assessment/management; classification/declassification; food safety and quality;,1/23/2026,,,https://faolex.fao.org/docs/pdf/vie246111.pdf
Regulation,National development; General,Decree 37/2019/ND-CP: Guidance on the 2017 Planning Law.,policy/planning; authorization/permit; institution; enforcement/compliance; public participation; governance; protection of environment; biodiversity; land-use planning; marine spatial planning;,5/17/2019,,,https://faolex.fao.org/docs/pdf/vie237234.pdf
Regulation,Livestock,Decree No. 90/2017/ND-CP Regulating Penalties for Administrative Offences Involving Veterinary Drugs.,offences/penalties; animal health; pests/diseases; quarantine; slaughtering; inspection; drugs;,7/31/2017,1/10/2022,,https://faolex.fao.org/docs/pdf/vie212136.pdf
Regulation,Livestock,Decree No. 05/2007/ND-CP on animal rabies prevention and combat.,animal health; international trade; pests/diseases; vaccination; certification; pet animals;,1/9/2007,,,https://faolex.fao.org/docs/pdf/vie71699.pdf
Miscellaneous,Land and soil,Joint Circular No. 04/2006/TTLT/BTP-BTNMT Guiding the Notarization and Authentication of Contracts and Documents on Exercise of Land Users' Rights.,land tenure; institution; governance;,6/13/2006,,,https://faolex.fao.org/docs/pdf/vie65905.pdf
Policies,National development,Vietnam's Socio-Economic Development Strategy for the period 2011-2020.,agricultural development; smallholders/peasants; poverty; agricultural land; fiscal and market measures; hazards; cultural heritage; sustainable development; pollution control; business/industry/corporations; climate change; food security; public health; crops ;,1/1/2011,,,https://faolex.fao.org/docs/pdf/vie170091.pdf
Regulation,Livestock,Circular No. 31/2022/TT-BNNPTNT on amendments to some articles of the Circular No. 21/2019/TT-BNNPTNT elaborating to a number of articles of Law on animal husbandry regarding animal feed.,data collection/reporting; drugs; inspection; animal health; animal feed/feedstuffs; packaging/labelling;,12/30/2022,,,https://faolex.fao.org/docs/pdf/vie214067.pdf
"Regulation, Policies",Agricultural and rural development,Decision No. 1819/QD-TTg approving the Agriculture Restructuring Plan for the 2017-2020 period.,good practices; public health; public participation; rural employment; food loss and waste; poverty; research; agricultural development; smallholders/peasants; ecological production/organic production; investment; labour; hazards; early warning system; aquaculture; mariculture; biotechnology; biodiversity; aquatic animals; aquatic plants; biosafety; food safety and quality; hygiene/sanitary procedures; animal health; animal production; legal proceedings/administrative proceedings;,11/16/2017,,,https://faolex.fao.org/docs/pdf/vie190719.pdf
Regulation,Forestry; Cultivated plants,"Decree No.: 07/2022/ND-CP amending Penalties for Administrative Violations in Forestry, Plant Protection and Quarantine, Veterinary Medicine, and Animal Husbandry.",offences/penalties; forest management/forest conservation; forest species; collecting/harvesting; non-wood forest products ; timber; timber extraction/logging; trade in species; enforcement/compliance; animal reproduction; intellectual property rights; drugs; animal health; animal production; plant protection; plant variety; quarantine; international trade; pesticides; endangered species; protection of species; wild fauna; wild flora; wildlife products; biodiversity;,1/10/2022,,,https://faolex.fao.org/docs/pdf/vie212127.pdf
Regulation,Livestock,"Decision No. 54/2002/QD-Bnn prohibiting the production, importation, circulation and use of some antibiotics and chemicals in animal feed production and trading.",animal feed/feedstuffs; animal production; drugs; internal trade; animal health;,6/20/2002,,,https://faolex.fao.org/docs/pdf/vie38719.pdf
Regulation,Food and nutrition,Decree No. 132/2008/ND-CP detailing the implementation of a number of articles of the Law on Product and Goods Quality.,food safety and quality; inspection; international trade; internal trade; processing/handling; subsidy/incentive;,12/31/2008,,,https://faolex.fao.org/docs/pdf/vie86762.pdf
Regulation,Land and soil,Decision No. 1353/QD-TTg approving the scheme on planning of development of Viet Nam's coastal economic zones up to 2020.,coastal zone management; land-use planning;,9/23/2008,,,https://faolex.fao.org/docs/pdf/vie84193.pdf
Miscellaneous,Land and soil,Circular No. 128/2003/TT-BTC guiding the implementation of Decree No. 164/2003/ND-CP detailing the implementation of the Law on the Entreprise Income Tax.,abandoned land/unoccupied land; agricultural commodities; agricultural development; agricultural land; community management; crops ; financial agricultural measures; aquaculture; fish products; legal proceedings/administrative proceedings; taxes ; forest management/forest conservation; forestry protection measures; inventory; land clearing; mountain area; policy/planning; protected area; protection forest; right of use; wetlands; seeds/planting material; transfer rights ; drainage/land reclamation; farming; land tenure; land-use planning; land valuation; lease; soil rehabilitation; special fund; contracts; property rights;,12/22/2003,,,https://faolex.fao.org/docs/pdf/vie43120.pdf
Regulation,Food and nutrition,Regulation on the labeling of goods to be circulated in the country and of export as well as import goods.,food safety and quality; agricultural commodities; beverages; packaging/labelling;,8/30/1999,,Repealed,https://faolex.fao.org/docs/pdf/vie20189.pdf
"Regulation, Policies",Energy,Decision No. 957/QD-TTg approving the master plan on peaceful development and utilization of atomic energy through 2020.,agricultural development; agricultural land; radiation; soil conservation/soil improvement; emissions; nuclear energy; policy/planning; pollution control; energy conservation/energy production; hygiene/sanitary procedures; food safety and quality;,6/24/2010,,,https://faolex.fao.org/docs/pdf/vie98311.pdf
Regulation,Land and soil,"Decree No.79/2001/ND-CP amending and supplementing a number of articles of the Government's Decree No. 17/1999/ND-CP on the procedures for exchange, transfer, lease, sublease and inheritance of the land use right as well as for mortgage of and capital contribution with the land use right value.",land tenure; transfer rights ; right of use; lease; ownership; inheritance; contracts; property rights;,11/1/2001,,,https://faolex.fao.org/docs/pdf/vie35273.pdf
Regulation,Land and soil,"Decree No. 69/2009/ND-CP additionally providing for land use planning, land prices, land recovery, compensation, support and resettlement.",protection forest; forest management/forest conservation; land tenure; land-use planning; lease; public land; right of use; urban land; agricultural land; certification; contracts;,8/13/2009,,Repealed,https://faolex.fao.org/docs/pdf/vie94788.pdf
Regulation,Land and soil,"Decision No. 1735/QD-TTg transferring tasks and powers of land valuation, dossiers, documents, organizations and officials and public employees conducting land valuation from the finance to the natural resources and environment sector.",land valuation; institution; governance;,12/1/2008,,,https://faolex.fao.org/docs/pdf/vie85711.pdf
Regulation,Land and soil,Decree No. 10/2024/ND-CP on Hi-Tech Parks.,innovation; investment; policy/planning; agricultural development; land-use planning; agricultural land;,2/1/2024,,,https://faolex.fao.org/docs/pdf/vie228773.pdf
Regulation,Cultivated plants,Decision No. 64/2008/QD-BNN promulgating the Regulation on management of production of and trading in industrial and perennial fruit tree varieties.,fruits/edible nuts; plant variety; certification; internal trade; registration;,5/23/2008,,,https://faolex.fao.org/docs/pdf/vie81618.pdf
"Regulation, Policies",National development,"Resolution No. 81/2023/QH15 of the National Assembly on National Master Plan for 2021 - 2030, with vision scheduled for 2050.",sustainable development; agricultural development; equity; governance; green economy; innovation; policy/planning; protection of environment; rural development; rural employment; labour; food security; public health; poverty; education; circular economy; energy conservation/energy production; sustainable use; renewable energy; climate change; biodiversity; coastal zone management; emissions; financing; international cooperation; public land; public participation; hazards; recycling/reuse; fishery management and conservation; aquaculture; forest management/forest conservation; land-use planning; blue economy; marine spatial planning; maritime zone; research; water resources management; water supply;,1/9/2023,12/10/2025,,https://faolex.fao.org/docs/pdf/vie234829.pdf
Miscellaneous,Cultivated plants,Exceptional Registration of four plant protection drugs into the list of drugs permitted for use in Vietnam.,registration; plant protection; quarantine;,6/18/2002,,,https://faolex.fao.org/docs/pdf/vie35319.pdf
Regulation,Fisheries and Aquaculture,Decree No. 49/1998/ND-CP on the management of fisheries activities of foreign individuals and means in the Vietnamese sea areas.,marine pollution; pollution control; marine fisheries; foreign fishing; coastal zone management; continental shelf; territorial sea; fishing authorization; registration; fishing gear/fishing method; protected fishing area; protection of species; fishery management and conservation; authorization/permit; maritime zone; biodiversity;,7/13/1998,,Repealed,https://faolex.fao.org/docs/pdf/vie20669.pdf
Miscellaneous,Land and soil,"Joint Circular No. 819/2004/TTLT-UBDT-KHDT-TC-XD-NNPTNT guiding the implementation of the Prime Minister's Decision No. 134/2004/QD-TTg on a number of policies to provide support in terms of production land, residential land, dwelling houses and daily-life water to poor ethnic minority households meeting with difficulties.",land tenure; public land; agricultural land; water supply;,11/10/2004,,,https://faolex.fao.org/docs/pdf/vie50326.pdf
Regulation,Agricultural and rural development,Decree No. 56/2005/ND-CP on agricultural promotion and fishery promotion.,agricultural development; capacity building; agricultural extension; fishery management and conservation;,4/26/2005,,Repealed,https://faolex.fao.org/docs/pdf/vie52867.pdf
Regulation,Livestock; Cultivated plants,"Decree No. 118/2020/ND-CP on amendments to Decree No. 69/2010/ND-CP of the Government on biosafety for genetically modified organisms, genetic specimens and products of genetically modified organisms.",genetically modified organism (GMO); research; transport/storage; packaging/labelling; certification; international trade; biosafety; biotechnology; authorization/permit; biodiversity;,10/2/2020,,Repealed,https://faolex.fao.org/docs/pdf/vie223850.pdf
Legislation,Economy and Finance,Law No. 04/2017/QH14 on Support for Small- and Medium-sized Enterprises.,agricultural development; institution; subsidy/incentive; credit; gender; small and medium enterprises; governance; aquaculture;,6/12/2017,,,https://faolex.fao.org/docs/pdf/vie178848.pdf
International Agreement,Fisheries and Aquaculture,Agreement on fishery co-operation in the Tonkin Gulf between the Government of the People's Republic of China and the Government of the Socialist Republic of Viet Nam.,marine fisheries; territorial sea; EEZ-Exclusive Economic Zone; fishery management and conservation; total allowable catch; access right; fishing vessel; foreign fishing; institution; maritime zone; governance;,12/25/2000,,,https://faolex.fao.org/docs/pdf/bi-51872.pdf
Regulation,Food and nutrition,Decision No. 650/2000/QD-BTS promulgating the Regulation on the State Inspection and Certification of Aquatic Goods Quality.,food safety and quality; inspection; certification;,8/4/2000,,Repealed,https://faolex.fao.org/docs/pdf/vie22661.pdf
Legislation,Fisheries and Aquaculture,Ordinance on the Conservation and Management of Living Aquatic Resources.,basic legislation; territorial sea; EEZ-Exclusive Economic Zone; continental shelf; mariculture; fishery management and conservation; maritime zone; aquaculture; management/conservation; protection of environment; protection of species; endangered species; ecosystem conservation; biodiversity;,4/25/1989,,Repealed,https://faolex.fao.org/docs/pdf/vie4412.pdf
Regulation,Wild species and ecosystems,Decree No. 59/2017/ND-CP on Management of Access to Genetic Resources and Benefit Sharing arising from Their Utilization.,access and benefit-sharing; biodiversity; policy/planning; authorization/permit; research; registration; data collection/reporting; Indigenous Peoples; sustainable use; certification; management/conservation; genetic resources; wild fauna; wild flora; ecosystem conservation; endangered species; protection of habitats; protection of species; aquatic animals; aquatic plants;,5/12/2017,1/26/2026,,https://faolex.fao.org/docs/pdf/vie214589.pdf
Regulation,Land and soil,"Circular No. 09/2013/TT-BTNMT on the management and use of riparian alluvial land, coastal alluvial land and coastal land with water surface.",agricultural development; sustainable development; sustainable use; agricultural land; investment; aquaculture; coastal zone management; forest management/forest conservation; forestry protection measures; land-use planning; survey/mapping; lease; contracts;,5/28/2013,,,https://faolex.fao.org/docs/pdf/vie164778.pdf
Miscellaneous,Agricultural and rural development,"Circular No. 95/2004/TT-BTC guiding a number of policies on financial support and tax preferences for the development of raw material areas as well as agricultural, forestry, fishery product processing and salt making industries.",agricultural development; agro-forestry; financial agricultural measures; special fund; land consolidation;,10/11/2004,,,https://faolex.fao.org/docs/pdf/vie48761.pdf
Policies,Gender,National Strategy on Gender Equality for the 2011-2020 Period.,gender; capacity building; agricultural land; social protection; community management; credit; agricultural extension; sustainable development; sustainable use; agricultural development;,12/24/2012,,,https://faolex.fao.org/docs/pdf/vie190345.pdf
Regulation,Cultivated plants,"Circular No. 88/2011/TT-BNNPTNT guiding the Government's Decree No. 12/2006/ND-CP of 23 January 2006 detailing the Commercial Law regarding international goods trading and goods agency, trading, processing and transit with foreign parties in the agriculture, forestry and fisheries sector.",aquaculture; internal trade; international trade; timber extraction/logging; non-wood forest products ; forest management/forest conservation; animal feed/feedstuffs; animal production; drugs; animal health; pesticides; fertilizers/nutrients; plant variety; seeds/planting material; plant production; plant protection; hazardous substances; wild fauna; wild flora;,12/28/2011,,Repealed,https://faolex.fao.org/docs/pdf/vie117990.pdf
"Regulation, Policies",Food and nutrition,"Decision No. 1291/QD-TTg approving the Plan of Action to develop the agricultural and fishery product processing industry in implementation of Vietnam's industrialization strategy within the framework of Vietnam-Japan cooperation through 2020, with a vision toward 2030.",food safety and quality; processing/handling; public health; fish products; business/industry/corporations; institution; internal trade; good practices; governance;,8/1/2014,,,https://faolex.fao.org/docs/pdf/vie167848.pdf
Regulation,General,"Decree No. 21/2013/ND-CP defining the functions, tasks, powers and organizational structure of the Ministry of Natural Resources and Environment.",institution; climate change; sustainable development; governance; monitoring; payments for ecosystem services/ payment for environmental services (PES); mining; land-use planning; survey/mapping; minerals;,3/4/2013,,Repealed,https://faolex.fao.org/docs/pdf/vie164721.pdf
Regulation,Water,Decision No. 81/2006/QD-TTg Approving the National Strategy on Water Resources to 2020.,aquaculture; water supply; public water; environmental planning; freshwater pollution; effluent waste water/discharge; pollution control; policy/planning;,4/14/2006,,,https://faolex.fao.org/docs/pdf/vie65922.pdf
Regulation,Cultivated plants; Water,Decision No. 801/QD-TTg approving the master plan on socio-economic development of An Giang province through 2020.,agricultural development; urban land; animal production; plant production; plant protection; plant variety; irrigation; sewerage; waterworks;,6/27/2012,,,https://faolex.fao.org/docs/pdf/vie116207.pdf
Legislation,General,"Law No. 78/2025/QH15 dated June 18, 2025 on amendments to the Law on product and goods quality.",standards; certification; traceability; inspection; consumer protection; risk assessment/management; classification/declassification; internal trade; international trade; food safety and quality;,6/18/2025,,,https://faolex.fao.org/docs/pdf/vie246109.pdf
Regulation,Cultivated plants,Circular No. 14/2008/TT-BCT guiding the implementation of a number of provisions of Government's Decree No. 119/2007/ND-CP of 18 July 2007 on tobacco production and trade.,tobacco; internal trade; international trade; authorization/permit; agricultural commodities;,11/25/2008,,Repealed,https://faolex.fao.org/docs/pdf/vie85714.pdf
Regulation,Livestock,Circular No. 12/2020/TT-BNNPTNT of the Minister of Agriculture and Rural Development Providing for Management of Veterinary Drugs Containing Narcotic Substances and Precursors; Veterinary Prescribing; Amendments to Circular No. 18/2018/TT-BNNPTNT.,animal health; pests/diseases; processing/handling; internal trade; international trade; data collection/reporting; transport/storage; drugs; certification; registration; authorization/permit;,11/9/2020,9/28/2022,,https://faolex.fao.org/docs/pdf/vie211547.pdf
Regulation,Cultivated plants; Wild species and ecosystems,Circular No: 14/2024/TT-BNNPTNT of the Issuing the List of Plant Quarantine Articles; the List of Plant Quarantine Articles Subject to the Pest Risk Analysis before Being Imported into Vietnam.,plant protection; quarantine; internal trade; international trade; procedural matters; protection of environment; risk assessment/management; pests/diseases;,10/31/2024,,,https://faolex.fao.org/docs/pdf/vie237013.pdf
Regulation,Social protection; Youth,Circular No. 11/2013/TT-BLDTBXH promulgating the list of light jobs allowed for employment of persons aged under 15 years.,enforcement/compliance; child labour; youth; procedural matters; labour;,6/11/2013,,,https://faolex.fao.org/docs/pdf/vie161818.pdf
"Regulation, Policies",Fisheries and Aquaculture,Decision No. 1445/QD-TTg approving the master plan on fisheries development through 2020 with a vision toward 2030.,fish products; fishery management and conservation; fishing area; fishing authorization; policy/planning; sustainable development; sustainable use; total allowable catch; fishing vessel; protection of environment; authorization/permit;,8/16/2013,,,https://faolex.fao.org/docs/pdf/vie164823.pdf
Regulation,Water,Decision No. 545/QD-TTg approving the master plan on socio-economic development of Lang Son province through 2020.,agricultural development; pollution control; soil conservation/soil improvement; aquaculture; afforestation/reforestation; forest management/forest conservation; urban land; irrigation; sewerage; waterworks;,5/9/2012,,,https://faolex.fao.org/docs/pdf/vie114977.pdf
Regulation,Food and nutrition,"Decree No. 100/2014/ND-CP on the trading in and use of nutritious products for infants, feeding bottles and teats.",hygiene/sanitary procedures; internal trade; international trade; standards; food safety and quality; breastfeeding/infant food; nutrition; packaging/labelling;,11/6/2014,,,https://faolex.fao.org/docs/pdf/vie167953.pdf
Miscellaneous,Food and nutrition,"Directive No. 008/1999/CT-TTg on enhancing the foodstuff quality, hygiene and safe guarantee.",food safety and quality; hygiene/sanitary procedures; inspection;,4/15/1999,,,https://faolex.fao.org/docs/pdf/vie20671.pdf
Regulation,Food and nutrition,Circular No. 29/2012/TT-BCT providing the grant and revocation of food safety certificates for establishments under the management of the Ministry of Industry and Trade.,food safety and quality; certification;,10/5/2012,,Repealed,https://faolex.fao.org/docs/pdf/vie121632.pdf
Miscellaneous,Land and soil,Joint Circular No. 1646/2000/TTLT-TCDC-TGCP guiding the granting of land use right certificates for land areas being used by religious establishments.,land tenure; concession; land-use planning; ownership; prescription/adverse possession; vested rights ; property rights;,10/20/2000,,,https://faolex.fao.org/docs/pdf/vie26300.pdf
International Agreement,Fisheries and Aquaculture,Agreement on the network of aquaculture centres in Asia and the Pacific.,aquaculture; agricultural development; research; gender; rural employment; labour;,1/8/1988,,,https://faolex.fao.org/docs/pdf/mul38125.pdf
Regulation,Food and nutrition; Fisheries and Aquaculture,"Circular No. 16/2026/TT-BNNMT dated March 09, 2026 management of aquatic breeds, aqua-feed, and aquaculture environmental remediation products.",aquaculture; animal feed/feedstuffs; authorization/permit; international trade; biodiversity; feed additives; inspection; traceability; standards; registration; food safety and quality;,3/9/2026,,,https://faolex.fao.org/docs/pdf/vie246072.pdf
Regulation,Water,"Decision No. 1522/QD-BKH approving the master plan on socio-economic development of Chu Lai open economic zone, Quang Nam province, up to 2020.",agricultural development; environmental planning; pollution control; policy/planning; aquaculture; fish products; forest management/forest conservation; land-use planning; urban land; irrigation; water supply; waterworks; drainage/land reclamation;,10/16/2009,,,https://faolex.fao.org/docs/pdf/vie92113.pdf
Regulation,Cultivated plants,Decision No. 68/2003/QD-BNN promulgating the list of fertilizers subject to quality standard announcement.,fertilizers/nutrients; registration; biological control agents; legal proceedings/administrative proceedings; plant production; standards;,6/16/2003,,,https://faolex.fao.org/docs/pdf/vie41128.pdf
Regulation,Water,Decision No. 113/QD-TTg approving the master plan on socio-economic development of Vinh Phuc province through 2020.,agricultural development; pollution control; soil conservation/soil improvement; aquaculture; afforestation/reforestation; forest management/forest conservation; urban land; irrigation; sewerage; waterworks;,1/20/2012,,,https://faolex.fao.org/docs/pdf/vie112548.pdf
Legislation,Economy and Finance,Law No. 18/2003/QH11 on Cooperatives.,basic legislation; cooperative/producer organization; institution; agricultural development; education; equipment; farming; financial agricultural measures; land consolidation; less favoured areas; research; governance;,11/26/2003,,Repealed,https://faolex.fao.org/docs/pdf/vie41561.pdf
Miscellaneous,Forestry,Joint Circular No. 02/2008/TTLT-BKH-BNN-BTC guiding the implementation of the Prime Minister's Decision No. 147/2007/QD-TTg of 10 September 2007 on a number of policies on production forest development.,afforestation/reforestation; forest management/forest conservation; plant protection; subsidy/incentive; seeds/planting material; investment; land-use planning; right of use;,6/23/2008,,,https://faolex.fao.org/docs/pdf/vie84410.pdf
Regulation,Land and soil,"Decree No. 38/2010/ND-CP on management of urban space, architecture and landscapes.",land-use planning; urban land; environmental planning; cultural heritage; policy/planning;,4/7/2010,,,https://faolex.fao.org/docs/pdf/vie98833.pdf
Regulation,Forestry; Cultivated plants,Circular No. 04/2023/TT-BNNPTNT Promulgating the List of Living Things Subject to Plant Quarantine in Vietnam.,plant protection; pests/diseases; quarantine;,8/15/2023,,,https://faolex.fao.org/docs/pdf/vie221365.pdf
Regulation,Land and soil,"Decree No. 197/2004/ND-CP on compensation, support and resettlement when land is recovered by the State.",land tenure; expropriation; land valuation; subsidy/incentive;,12/3/2004,10/19/2009,Repealed,https://faolex.fao.org/docs/pdf/vie50330.pdf
Regulation,National development,"Decision No. 1614/QD-TTg approving a master scheme ""To change the method of poverty measurement from one-dimensional to multi-dimensional approach for the 2016-2020 period"".",poverty; standards; agricultural development; subsidy/incentive; policy/planning;,9/15/2015,,,https://faolex.fao.org/docs/pdf/vie168557.pdf
Regulation,Cultivated plants,Decree 33/2026/ND-CP amends decrees in the field of crop cultivation and plant protection.,plant protection; crops ; quarantine; investment; intellectual property rights; certification; international trade;,1/21/2026,,,https://faolex.fao.org/docs/pdf/vie246105.pdf
Regulation,Fisheries and Aquaculture; Wild species and ecosystems,"Circular No. 88/2025/TT-BNNMT dated December 31, 2025 on guidelines for protection and development of aquatic resources.",aquatic animals; aquatic plants; biodiversity; marine protected areas; protection of species; fishery management and conservation; community management; protected area; endangered species;,12/31/2025,,,https://faolex.fao.org/docs/pdf/vie246101.pdf
Regulation,Cultivated plants,"Decision No. 07/2001/QD-BNN-BVTV on the official registration, the additional registration and the special registration of a number of plant protection drugs permitted for use or limited use in Vietnam.",pesticides; registration; plant protection;,1/19/2001,,,https://faolex.fao.org/docs/pdf/vie26302.pdf
Regulation,Health; Social protection,"Decree No. 42/2025/ND-CP defining the functions, tasks, powers and organizational structure of the Ministry of Health of Vietnam.",public health; institution; governance; social protection; inspection; hazards; insurance; food safety and quality; nutrition;,2/27/2025,,,https://faolex.fao.org/docs/pdf/vie237957.pdf
Regulation,Fisheries and Aquaculture; Forestry; Mineral resources; Water,Circular No. 105/2010/TT-BTC guiding a number of articles of the Law on Royalties and guiding Government's Decree No. 50/2010/ND-CP of 14 May 2010 which details and guides a number of articles of the Law on Royalties.,aquatic animals; aquatic plants; fees/royalties; non-wood forest products ; timber; minerals; mining; surface water; groundwater;,7/23/2010,,,https://faolex.fao.org/docs/pdf/vie99788.pdf
Regulation,Fisheries and Aquaculture,Decree of the Government No 27/2005/ND-CP regulating and guiding the implementation of certain articles in the Fisheries Law.,marine protected areas; inland fisheries; aquaculture; wetlands; special fund; certification; inland waters; ecosystem conservation;,3/8/2005,5/2/2008,Repealed,https://faolex.fao.org/docs/pdf/vie51883.pdf
Regulation,Fisheries and Aquaculture; Sea,Decree No. 51/2014/ND-CP providing the assignment of given sea areas to organizations and individuals for marine resource exploitation and use.,fishery management and conservation; foreign fishing; marine fisheries; offences/penalties; cooperative/producer organization; sustainable use; fishing area; sustainable development; investment; mining; oil; zoning;,5/21/2014,,,https://faolex.fao.org/docs/pdf/vie167784.pdf
Regulation,Forestry,"Decree No. 135/2005/ND-CP on contractual assignment of agricultural land, production forest land and land with water surface for aquaculture in state-run agricultural farms and forestry farms.",agricultural land; community management; crops ; land consolidation; aquaculture; access right; concession; freshwater fishes; aquatic animals; forest management/forest conservation; afforestation/reforestation; protection forest; seeds/planting material; land reform; agricultural development; right of use; land tenure; water resources management; water rights;,11/8/2005,,,https://faolex.fao.org/docs/pdf/vie61846.pdf
Regulation,Agricultural and rural development; Environment,Decree No. 131/2025/ND-CP on distinction of powers of two-level local governments in fields of state management under the Ministry of Agriculture and Environment.,agricultural development; irrigation; biodiversity; rural development; hazards; local government; governance; protection of environment; aquaculture; fishery management and conservation; forest management/forest conservation; animal feed/feedstuffs; animal production; plant production; water resources management;,6/12/2025,,,https://faolex.fao.org/docs/pdf/vie247173.pdf
Legislation,Economy and Finance,Cooperative Law No. 23/2012/QH13.,basic legislation; cooperative/producer organization; registration;,11/20/2012,,,https://faolex.fao.org/docs/pdf/vie122501.pdf
Regulation,Fisheries and Aquaculture,Decision No. 15/2006/QD-BTS promulgating the Regulation on management of import and export of fishery goods.,aquatic animals; fish products; aquaculture; authorization/permit; international trade; drugs; fish diseases; animal feed/feedstuffs; animal health; hygiene/sanitary procedures; inspection; precautionary principle; protection of environment; public health; quarantine; trade in species;,9/8/2006,,,https://faolex.fao.org/docs/pdf/vie67973.pdf
Regulation,Livestock,Decree No. 32/2026/ND-CP amending decrees in the field of animal husbandry and veterinary medicine.,animal production; animal feed/feedstuffs; certification; authorization/permit; inspection; drugs; animal health; international trade;,1/21/2026,,,https://faolex.fao.org/docs/pdf/vie246102.pdf
Regulation,Cultivated plants,"Decree No. 12/2006/ND-CP making detailed provisions for implementation of the Commercial Law with respect to international purchase and sales of goods; and agency for sale and purchase, processing and transit of goods involving foreign parties.",aquaculture; internal trade; international trade; timber extraction/logging; non-wood forest products ; forest management/forest conservation; animal feed/feedstuffs; animal production; drugs; animal health; pesticides; fertilizers/nutrients; plant variety; seeds/planting material; plant production; plant protection; hazardous substances; wild fauna; wild flora;,1/23/2006,,Repealed,https://faolex.fao.org/docs/pdf/vie117988.pdf
Regulation,Food and nutrition; Fisheries and Aquaculture,"Circular No. 25/2018/TT-BNNPTNT of the Minister of Agriculture and Rural Development stipulating the order and procedures for risk assessment , license to import live aquatic animals and plants.",aquatic animals; aquatic plants; fish products; international trade; authorization/permit; risk assessment/management; institution; governance;,11/15/2018,3/10/2026,,https://faolex.fao.org/docs/pdf/vie221439.pdf
Regulation,Land and soil,Decision No. 1077/QD-TTg approving the task of adjusting the master plan on construction of Hai Phong city up to 2025.,land-use planning; urban land; waterworks;,8/20/2007,,,https://faolex.fao.org/docs/pdf/vie76902.pdf
Regulation,Water,Decision No. 1866/QD-TTg approving the master plan on Da Nang city's socio-economic development through 2020.,agricultural development; environmental planning; pollution control; policy/planning; aquaculture; fish products; forest management/forest conservation; land-use planning; urban land; irrigation; water supply; waterworks; drainage/land reclamation;,10/8/2010,,,https://faolex.fao.org/docs/pdf/vie100808.pdf
Regulation,Cultivated plants,"Decision No. 136/1999/QD-BNN-BVTV changing some names of plant protection drugs additionally registered in the list of plant protection drugs permitted to be used in Vietnam, issued together with decision No. 121/1999/QD-BNN/BVTV.",plant protection; pesticides; biological control agents;,10/5/1999,,,https://faolex.fao.org/docs/pdf/vie20215.pdf
Regulation,Livestock; Cultivated plants,"Decree No. 69/2010/ND-CP on biosafety for genetically modified organisms, genetic specimens and products of genetically modified organisms.",genetically modified organism (GMO); research; transport/storage; certification; international trade; biosafety; biodiversity; biotechnology; packaging/labelling;,6/21/2010,1/26/2026,,https://faolex.fao.org/docs/pdf/vie98330.pdf
Regulation,Fisheries and Aquaculture,Decision No. 97/2007/QD-TTg approving the scheme on biotechnology development and application in the fisheries domain up to 2020.,aquatic animals; biotechnology; marine fisheries; research; inland fisheries;,6/29/2007,,,https://faolex.fao.org/docs/pdf/vie74499.pdf
International Agreement,Agricultural and rural development,Agreement establishing a Food and Fertiliser Technology Centre for the Asian and Pacific Region.,agricultural development; farming; data collection/reporting; international organization; innovation;,6/11/1969,,,https://faolex.fao.org/docs/pdf/mul-33458.pdf
International Agreement,Water,Agreement on the cooperation for the sustainable development of the Mekong River Basin.,irrigation; pollution control; waste prevention; waste management; sustainable use; timber; river basin institution; water resources management; freshwater pollution; water quality standards; basin/catchment/watershed; water abstraction; aquaculture; transboundary waters; navigation; inland waters; standards; institution; governance; ecosystem conservation;,4/5/1995,,,https://faolex.fao.org/docs/pdf/mul17433.pdf
Regulation,Fisheries and Aquaculture,"Decree No. 73/2002/ND-CP adding goods and trade services to List 1 of goods banned from circulation and trade services banned from provisions; and List 3 on goods and trade services subject to conditional business, issued together with the Government Decree No. 11/1999/ND-CP of March 3, 1999.",aquaculture; drugs; processing/handling; fishing gear/fishing method; animal feed/feedstuffs; fish diseases; fishery management and conservation; animal health;,8/20/2002,3/20/2006,,https://faolex.fao.org/docs/pdf/vie35298.pdf
"Regulation, Policies",General,"Decision No. 575/QD-TTg approving the master plan on hi-tech agricultural parks and zones through 2020, with a vision toward 2030.",agricultural development; international trade; investment; innovation; aquaculture; equipment; research; animal production; plant variety; medicinal plants;,5/4/2015,,,https://faolex.fao.org/docs/pdf/vie168526.pdf
Regulation,Wild species and ecosystems,"Decision No. 43/2004/QD-TTg approving the general planning on construction of Chu Lai Open Economic Zone, Quang Nam Province.",agricultural land; abandoned land/unoccupied land; public land; land-use planning; urban land; land subdivision; survey/mapping; land valuation; mountain area; soil rehabilitation; land tenure; wetlands; zoning; biodiversity; data collection/reporting; ecosystem conservation; education; management/conservation; monitoring; policy/planning; protected area; research; community management;,3/23/2004,,,https://faolex.fao.org/docs/pdf/vie45177.pdf
"Regulation, Policies",Food and nutrition,"Decision No. 20/QD-TTg approving the national food safety strategy for the 2011-2020 period, with a vision toward 2030.",food safety and quality; consumer protection; fraud; processing/handling; good practices;,1/4/2012,,,https://faolex.fao.org/docs/pdf/vie112541.pdf
Regulation,Food and nutrition,Regulation on the control of residues of toxic and hazardous substances in reared aquatic animals and products thereof.,fish products; residues/contaminants; hygiene/sanitary procedures; toxicity/poisoning; food safety and quality; packaging/labelling; processing/handling;,5/17/2002,,,https://faolex.fao.org/docs/pdf/vie35288.pdf
Regulation,Cultivated plants,"Decision No. 60/2004/QD-BCN approving the Scheme on "" Development of the chemical industry till 2010 in service of agricultural and rural industrialization and modernization"".",agricultural commodities; agricultural development; biological control agents; biotechnology; classification/declassification; ecological production/organic production; agricultural extension; fertilizers/nutrients; genetic resources; hygiene/sanitary procedures; integrated pest management-IPM/pest management strategies; oleaginous plants; pesticides; plant production; plant protection; seeds/planting material; post-harvest treatment; research; soil conservation/soil improvement; subsidy/incentive; fibre crops; crops ;,7/15/2004,,,https://faolex.fao.org/docs/pdf/vie46982.pdf
Regulation,Agricultural and rural development,Decision No. 132/1999/QD-BNN-HTQT issuing the Regulation on the management of foreign-supported programs and projects under the Ministry of Agriculture and Rural Development's responsibility.,agricultural development; subsidy/incentive; financial agricultural measures; policy/planning;,9/22/1999,,,https://faolex.fao.org/docs/pdf/vie20213.pdf
Regulation,Livestock,Decree No. 119/2008/ND-CP amending and supplementing a number of articles of the Government's Decree No. 33/2005/ND-CP of 15 March 2005 detailing the implementation of a number of articles of the Ordinance on Animal Health.,animal health; pests/diseases; quarantine; drugs; inspection; registration;,11/28/2008,10/26/2011,Repealed,https://faolex.fao.org/docs/pdf/vie85713.pdf
Miscellaneous,Forestry,"Guidelines on management and provision of credits from the State for programmes and projects for use of bare land, degraded hills, forests, alluvial flats and water bodies.",afforestation/reforestation; agro-forestry; forest management/forest conservation; land clearing; soil conservation/soil improvement; wetlands; seeds/planting material; drainage/land reclamation; land-use planning; mountain area; special fund; land subdivision; inland waters; sustainable development;,4/7/1993,,,https://faolex.fao.org/docs/pdf/vie19287.pdf
Regulation,Fisheries and Aquaculture,"Decision No. 102/2008/QD-BNN approving the planning on development of the production and sale of ""tra catfish"" in the Mekong River delta region up to 2010, and orientations towards 2020.",fishery management and conservation; inland fisheries; aquaculture; biosafety; hygiene/sanitary procedures; policy/planning; food safety and quality; freshwater fishes; HACCP; aquatic animals; inland waters; pollution control; ecosystem conservation; freshwater pollution;,10/17/2008,,,https://faolex.fao.org/docs/pdf/vie84419.pdf
Legislation,General,"Law No. 50/2005/QH11 of 29 November 2005, on Intellectual Property.",intellectual property rights; plant variety; legal proceedings/administrative proceedings; certification; offences/penalties; business/industry/corporations; plant protection; seeds/planting material; plant production; geographical indication;,11/29/2005,6/16/2022,,https://faolex.fao.org/docs/pdf/vie162364.pdf
Regulation,Cultivated plants,"Decision No. 56/2001/QD/BNN-BVTV announcing the List of objects subject to plant quarantine upon their import, export, temporary import for re-export, temporary export for re-import or transit in the Socialist Republic of Vietnam.",quarantine; seeds/planting material; plant variety; tobacco; biological control agents; weeds; cereals/grains/rice; plant production; plant protection; crops ; agricultural commodities;,5/23/2001,,,https://faolex.fao.org/docs/pdf/vie35330.pdf
Regulation,Land and soil,"Decree No. 1-CP promulgating the regulation on the allottment of land by State-owned businesses for agricultural production, forestry and aquaculture.",agricultural development; agricultural land; breeders' rights; cereals/grains/rice; community management; crops ; drainage/land reclamation; financial agricultural measures; ecological production/organic production; agricultural commodities; intellectual property rights; access right; aquaculture; concession; cooperative/producer organization; freshwater fishes; inland fisheries; protected fishing area; seasons; special fund; subsidy/incentive; taxes ; traditional rights/customary rights; fishery management and conservation; aquatic animals; afforestation/reforestation; authorization/permit; cultural heritage; ecosystem conservation; environmental planning; forest management/forest conservation; forest service; forestry protection measures; inventory; land clearing; monitoring; national parks; plant protection; protection forest; recreational forest; soil conservation/soil improvement; wetlands; seeds/planting material; protected area; policy/planning; cadastre/land registration; ecofriendly products/ecofriendly processes; expropriation; farming; land commission; land consolidation; land-use planning; land valuation; liability/compensation; pollution control; public land; right of use; soil pollution/quality; land subdivision; survey/mapping; vested rights ; zoning; land tenure; property rights; freshwater pollution;,1/4/1995,,Repealed,https://faolex.fao.org/docs/pdf/vie43113.pdf
Miscellaneous,Food and nutrition,Circular No. 34/1999/TT-BTM guiding the implementation of the Prime Minister's Decision No. 178/1999/QD-TTg issuing the Regulation on the labeling of goods to be circulated in the country and of export as well as import goods.,food safety and quality; packaging/labelling;,12/15/1999,,,https://faolex.fao.org/docs/pdf/vie20297.pdf
International Agreement,Cultivated plants,Agreement between the Government of the Republic of Kazakhstan and the Government of Vietnam on cooperation in the sphere of plant protection and plant quarantine.,plant protection; quarantine; certification; research; access-to-information;,9/10/2012,,,https://faolex.fao.org/docs/pdf/bi-131406.pdf
Regulation,Water,Decision No. 71/2007/QD-TTg approving the up-to-2020 master plan on socio-economic development of An Giang Province.,agricultural development; policy/planning; processing/handling; land-use planning; waste management; inland waters; water supply; waterworks;,5/22/2007,,Repealed,https://faolex.fao.org/docs/pdf/vie74415.pdf
Regulation,General,"Decree No. 62/2011/ND-CP on the establishment of provincial cities, towns, urban districts, wards and townships.",agricultural development; institution; governance;,7/26/2011,,,https://faolex.fao.org/docs/pdf/vie107295.pdf
"Regulation, Policies",National development,"Decision No. 269/QD-TTg approving the master plan on socio-economic development of Bac Giang province through 2020, with a vision toward 2030.",agricultural development; policy/planning; mountain area; aquaculture; food safety and quality; urban land; environmental planning; inland waters; water supply; irrigation;,3/2/2015,,,https://faolex.fao.org/docs/pdf/vie168517.pdf
Regulation,Livestock,Decree No. 116/2025/ND-CP on policies on support for remediation of animal disease epidemic.,animal health; public health; pests/diseases; subsidy/incentive; financing; fiscal and market measures;,6/5/2025,,,https://faolex.fao.org/docs/pdf/vie237975.pdf
Regulation,Land and soil,Resolution No. 03/2000/QD-CP on farm economy.,mountain area; investment; farming; agricultural development; land reform; land tenure; land-use planning; soil conservation/soil improvement; taxes ; irrigation;,2/2/2000,,,https://faolex.fao.org/docs/pdf/vie20307.pdf
Regulation,Fisheries and Aquaculture,Circular No. 06/2010/TT-BNNPTNT stipulating the order of and procedures for quarantining aquatic animals and aquatic products.,aquatic animals; crustaceans; freshwater fishes; international trade; marine fishes; molluscs; quarantine; drugs; fish diseases; animal health;,2/2/2010,7/14/2010,Repealed,https://faolex.fao.org/docs/pdf/vie95108.pdf
Regulation,Fisheries and Aquaculture,"Resolution No. 89/NQ-CP on joining the Agreement on Port State Measures to Prevent, Deter and Eliminate Illegal, Unreported and Unregulated Fishing of the Food and Agriculture Organization of the United Nations (FAO).",international cooperation; marine fisheries; foreign fishing; Illegal unreported and unregulated fishing (IUU fishing); port State measures; fishery management and conservation; ratification;,7/6/2018,,,https://faolex.fao.org/docs/pdf/vie241772.pdf
Regulation,Cultivated plants,Decision No. 54/2003/QD-BNN promulgating the list of plant varieties subject to quality standard announcement.,plant variety; certification; standards; biological control agents; biotechnology;,4/7/2003,,,https://faolex.fao.org/docs/pdf/vie39062.pdf
Policies,National development; Economy and Finance,National Action Plan on Sustainable Consumption and Production (2021-2030).,sustainable use; sustainable development; certification; education; financing; good practices; innovation; internal trade; international cooperation; international trade; policy/planning; public procurement; research; ecofriendly products/ecofriendly processes; ecological production/organic production; subsidy/incentive; plastic; waste management; recycling/reuse;,6/1/2020,,,https://faolex.fao.org/docs/pdf/vie213439.pdf
Policies,Climate change,Action Plan for Methane Emissions Reduction by 2030.,sustainable development; climate change; bioenergy; coal; emissions; energy conservation/energy production; protection of environment; renewable energy; oil; natural gas; circular economy; ecofriendly products/ecofriendly processes; innovation; investment; mining; policy/planning; recycling/reuse; waste disposal; waste management; waste prevention; animal production; organic waste; smallholders/peasants; transport/storage; fertilizers/nutrients; plant production;,8/5/2022,,,https://faolex.fao.org/docs/pdf/vie212244.pdf
Miscellaneous,Land and soil,"Circular No. 35/2001/TT-BTC guiding the payment of land rent and contribution of capital to joint ventures with land use right value by domestic organizations, family households and individuals.",land tenure; right of use; taxes ; lease; transfer rights ; concession; land valuation; contracts; property rights;,5/25/2001,,Repealed,https://faolex.fao.org/docs/pdf/vie35255.pdf
Regulation,National development,Decision No. 87/2009/QD-TTg approving the master plan on socio-economic development of Dak Lak province up to 2020.,sustainable development; agricultural development; aquaculture; fish products; forest management/forest conservation; land-use planning; urban land; animal production; irrigation; water supply; waterworks; drainage/land reclamation;,6/17/2009,,,https://faolex.fao.org/docs/pdf/vie92163.pdf
Regulation,Land and soil,Decision No. 204/2006/QD-TTg promulgating the national action program to combat desertification in the 2006-2010 period and orientations toward 2020.,desertification; erosion; soil conservation/soil improvement; hazards;,9/2/2006,,,https://faolex.fao.org/docs/pdf/vie68012.pdf
Legislation,Land and soil; Water,Land Law No. 31/2024/QH15.,climate change; cultural heritage; ecosystem conservation; policy/planning; pollution control; protection of environment; sustainable use; protected area; inspection; offences/penalties; alternative dispute settlement; sustainable development; basic legislation; land tenure; right of use; lease; survey/mapping; land valuation; expropriation; cadastre/land registration; land-use planning; classification/declassification; agricultural land; use restrictions; taxes; registration; urban land; foreign land tenure; transfer rights ; authorization/permit; soil conservation/soil improvement; ownership; liability/compensation; contracts; property rights; water resources management;,1/18/2024,11/26/2024,,https://faolex.fao.org/docs/pdf/vie224675.pdf
Miscellaneous,Food and nutrition,Circular No. 33/1999/TT-BTC guiding the management and allocation of non-business funds for the National Program for Hunger Elimination and Poverty Alleviation.,food security; policy/planning;,3/29/1999,,,https://faolex.fao.org/docs/pdf/vie20672.pdf
Regulation,Food and nutrition,Directive No. 07/2001/CT-BTS prohibiting the use of chloramphenicol and managing chemicals and veterinary drugs in the production of aquatic goods.,aquaculture; fish products; drugs; fish diseases; animal health; crustaceans; food additives; food safety and quality; hygiene/sanitary procedures; Codex Alimentarius; toxicity/poisoning; residues/contaminants;,9/24/2001,,,https://faolex.fao.org/docs/pdf/vie35163.pdf
Regulation,Land and soil,Decree No. 164/2004/ND-CP on distraint and auction of land use right to ensure the execution of judgements.,right of use; common property; court/tribunal; land commission; land tenure; land-use planning; land valuation; legal proceedings/administrative proceedings; use restrictions;,9/14/2004,,,https://faolex.fao.org/docs/pdf/vie48753.pdf
"Regulation, Policies",Wild species and ecosystems,Decision of the Prime Minister Approving the Biodiversity Action Plan for Vietnam.,fishery management and conservation; coastal zone management; pollution control; freshwater pollution; biodiversity; management/conservation; policy/planning; marine fishes; protection of environment; aquatic animals;,12/22/1995,,,https://faolex.fao.org/docs/pdf/vie19284.pdf
Legislation,Trade,Law on Foreign Trade Management.,framework law; international trade; registration; authorization/permit; allocation/quota; offences/penalties; certification; intellectual property rights; alternative dispute settlement; agricultural commodities; fishery management and conservation; timber; forest management/forest conservation; wild fauna; wild flora; wildlife products; endangered species; protection of species; biodiversity;,1/1/2017,,,https://faolex.fao.org/docs/pdf/vie214425.pdf
Legislation,Land and soil,Order No. 23/2003/L-CTN on the promulgation of Land Law No.13/2003/QH11.,basic legislation; land tenure; right of use; lease; survey/mapping; land valuation; expropriation; cadastre/land registration; alternative dispute settlement; land-use planning; classification/declassification; agricultural land; use restrictions; land subdivision; taxes ; registration; urban land; foreign land tenure; transfer rights ; inspection; offences/penalties; traditional rights/customary rights; contracts; property rights;,12/10/2003,6/29/2009,Repealed,https://faolex.fao.org/docs/pdf/vie43122.pdf
Regulation,Fisheries and Aquaculture; Sea,"Decree No. 161/2013/ND-CP on registration, purchase, sale and building of seagoing ships.",certification; fishing vessel; registration; internal trade; international trade;,11/12/2013,,,https://faolex.fao.org/docs/pdf/vie164911.pdf
Miscellaneous,Fisheries and Aquaculture; Wild species and ecosystems,"Resolution No. 04/2024/NQ-HDTP dated June 12, 2024 on providing guidelines for application of Criminal Code on criminal prosecution for illegal fishing, trading and transport of fishery products.",Illegal unreported and unregulated fishing (IUU fishing); fishing vessel; fishing authorization; monitoring; trade in species; marine fisheries; protection of species; fishery management and conservation; authorization/permit; biodiversity; foreign fishing; food safety and quality; protected area; aquatic animals; aquatic plants;,6/12/2024,,,https://faolex.fao.org/docs/pdf/vie247302.pdf
Legislation,Food and nutrition,Order No. 20/2003/L-CTN promulgating the Ordinance on food hygiene and safety.,food safety and quality; hygiene/sanitary procedures; food additives; genetically modified organism (GMO); packaging/labelling; processing/handling; radiation; special dietary uses; transport/storage; treated food; fraud; residues/contaminants; standards; toxicity/poisoning; nutrition;,8/7/2003,,Repealed,https://faolex.fao.org/docs/pdf/vie41255.pdf
Regulation,Cultivated plants,Regulation of plant quarantine for imported plant varieties and useful organisms.,internal trade; quarantine; integrated pest management-IPM/pest management strategies; pests/diseases; plant protection;,10/8/2002,,,https://faolex.fao.org/docs/pdf/vie35314.pdf
Regulation,Fisheries and Aquaculture,Decision No. 375/QD-TTg approving the Scheme on reorganization of production in marine resource exploitation.,fishery management and conservation; policy/planning; fishing authorization; fishing gear/fishing method; fishing vessel; marine fisheries; authorization/permit;,3/1/2013,,,https://faolex.fao.org/docs/pdf/vie164722.pdf
Regulation,Agricultural and rural development; Environment,"Circular No. 22/2026/TT-BNNMT dated May 19, 2026 on amendments to some Circulars on reduction, delegation of jurisdiction and simplification of administrative procedures under the state management scope of the Ministry of Agriculture and Environment.",governance; authorization/permit; inspection; certification; innovation; decentralization; climate change; food safety and quality; international trade; animal health; animal production; animal reproduction; quarantine; plant production; plant variety; plant protection;,5/19/2026,,,https://faolex.fao.org/docs/pdf/vie246100.pdf
Miscellaneous,Land and soil,Circular No. 114/2004/TT-BTC guiding the implementation of the Government's Decree No. 188/2004/ND-CP on methods of determining land prices and assorted-land price brackets.,land tenure; land valuation; taxes ;,11/26/2004,,,https://faolex.fao.org/docs/pdf/vie50350.pdf
Regulation,Fisheries and Aquaculture,Decision No. 01/2007/QD-BTS on the inspection of aquatic products exported to the US and Canada.,fish products; international trade; certification;,2/13/2007,,,https://faolex.fao.org/docs/pdf/vie71723.pdf
Regulation,Cultivated plants,Order No. 03/2004/L-CTN on the promulgation of the Ordinance on plant varieties.,aquaculture; animal feed/feedstuffs; aquatic animals; drugs; fish diseases; animal health; animal production; plant variety; breeders' rights; seeds/planting material; legal proceedings/administrative proceedings; genetic resources; genetically modified organism (GMO); intellectual property rights; internal trade; international trade; research; biotechnology; plant production;,4/5/2004,,,https://faolex.fao.org/docs/pdf/vie45178.pdf
Regulation,Cultivated plants,Decision No.74/2001/QD-BNN adding 09 kinds of fertilizer to the list of fertilizers permitted for use and circulation in Vietnam.,fertilizers/nutrients; registration; plant production;,8/10/2001,,,https://faolex.fao.org/docs/pdf/vie35152.pdf
Legislation,Environment; General,Criminal Code (Law No. 100/2015/QH13).,criminal code; legal proceedings/administrative proceedings; enforcement/compliance; offences/penalties; framework law; gender; child labour; business/industry/corporations; labour; environmental fees/charges; governance; hazardous substances; hazardous waste; human rights; noise pollution; public health; pollution control; fire management; hazards; soil pollution/quality; waste disposal; waste management; international trade; freshwater pollution; water abstraction; protection of habitats; protection of species; wild fauna; wild flora; endangered species; biodiversity;,11/27/2015,6/20/2017,,https://faolex.fao.org/docs/pdf/vie212134.pdf
Policies,Fisheries and Aquaculture,"Scheme for Preventing Illegal, Unreported, and Unregulated Fishing until 2025.",capacity building; enforcement/compliance; data collection/reporting; fish products; fishery management and conservation; fishing gear/fishing method; fishing vessel; foreign fishing; harbour; high seas; Illegal unreported and unregulated fishing (IUU fishing); inspection; integrated management; internal trade; international cooperation; international trade; investment; landing; marine fisheries; monitoring; offences/penalties; policy/planning; port State measures; protection of environment; sustainable development; sustainable use; maritime zone;,9/14/2022,,,https://faolex.fao.org/docs/pdf/vie212240.pdf
Regulation,Food and nutrition,Decision No. 21/2001/QD-TTg ratifying the National Strategy on Nutrition for the 2001-2010 Period.,food security; policy/planning; nutrition;,2/22/2001,,,https://faolex.fao.org/docs/pdf/vie25756.pdf
Miscellaneous,Cultivated plants,Directive No. 29/1998/CT-TTg on strengthening the management of the use of plant protection substances and persistent organic pollutants.,fertilizers/nutrients; pesticides; soil pollution/quality; disinfection/disinfestation; quarantine; residues/contaminants; toxicity/poisoning; ecological production/organic production; plant protection; plant production;,8/25/1998,,,https://faolex.fao.org/docs/pdf/vie20591.pdf
Policies,National development; Social protection,Comprehensive Poverty Reduction and Growth Strategy (CPRGS).,poverty; public health; social protection; food security; business/industry/corporations; public participation; governance; education; financial agricultural measures; equity; gender; hazards; cultural heritage; sustainable development; nutrition; hygiene/sanitary procedures; food safety and quality; financing;,1/1/2003,,,https://faolex.fao.org/docs/pdf/vie155656.pdf
Regulation,Fisheries and Aquaculture,"Decision No. 172/2002/QD-TTg amending Clause 2, Article 2 of the Prime Minister's Decision No. 144/2002/QD-TTg on a number of measures to handle debts incurred due to borrowing capital for repairing and building ships and boats as well as procuring fishing gear with preferential credit capital source under the Prime Minister's Decision No. 985/TTg.",fishing gear/fishing method; fishing vessel; taxes; fishery management and conservation;,11/28/2002,,,https://faolex.fao.org/docs/pdf/vie36418.pdf
Regulation,Fisheries and Aquaculture,"Circular No.18/2022/TT-BNNPTNT on Regulations on Procedures for Patrol, Inspection and Control at Sea of Fishery Protection Forces.",enforcement/compliance; marine fisheries; inland fisheries; fishing vessel; offences/penalties; inspection;,11/22/2022,,,https://faolex.fao.org/docs/pdf/vie221367.pdf
Regulation,Cultivated plants,"Decision No. 61/2003/QD-BNN promulgating the system of printed forms used in the inspection, examination and sanctioning of administrative violations by specialized plant protection and quarantine innspectorate..",plant protection; quarantine; legal proceedings/administrative proceedings; offences/penalties; data collection/reporting; institution; governance;,5/7/2003,,,https://faolex.fao.org/docs/pdf/vie41258.pdf
Miscellaneous,Fisheries and Aquaculture,Circular No. 10/2001/TT-BGTVT guiding the use of copies of the certificates of registration of the sea-going ships and copies of the certificates of registration of inland waterway transport means for circulation of such means when they are pledged or mortgaged for capital borrowing at credit institutions.,certification; registration; navigation; fishing vessel; inland waters;,6/11/2001,,,https://faolex.fao.org/docs/pdf/vie35276.pdf
Miscellaneous,Food and nutrition; Fisheries and Aquaculture,Circular No. 45/2010/TT-BNNPTNT providing for conditions on food safety and hygiene-guaranteed intensive tiger shrimp- and white-leg shrimp-rearing establishments and zones.,crustaceans; hygiene/sanitary procedures; processing/handling; aquaculture; fish diseases; drugs; animal feed/feedstuffs; animal health; aquatic animals; food safety and quality; waste management;,7/22/2010,,,https://faolex.fao.org/docs/pdf/vie99782.pdf
Legislation,General,Law No. 19/VBHN-VPQH on Prices.,framework law; financial agricultural measures; fiscal and market measures; consumer protection; business/industry/corporations; governance; internal trade; international trade; financing; cereals/grains/rice; milk/dairy products; pesticides; inspection; fertilizers/nutrients; natural gas; oil; food safety and quality; sugar; condiments/herbs/spices; agricultural commodities;,6/20/2012,,,https://faolex.fao.org/docs/pdf/vie206243.pdf
Regulation,Land and soil; Water,"Decree No. 04/2022/ND-CP on amendments to some articles of Decrees on penalties for administrative violations against regulations on land, water resources and minerals, hydrometeorology, topography and cartography.",offences/penalties;,1/6/2022,,,https://faolex.fao.org/docs/pdf/vie212272.pdf
Regulation,Environment; Forestry,Decree No. 189/2025/ND-CP on elaboration of Law on Handling Administrative Violations regarding jurisdiction to impose administrative penalties for violations.,offences/penalties; legal proceedings/administrative proceedings; enforcement/compliance;,7/1/2025,,,https://faolex.fao.org/docs/pdf/vie240298.pdf
Miscellaneous,Forestry,Joint Circular No. 109/2000/TTLT/BNN-BTC guiding the implementation of the Prime Minister's Decision No. 187/1999/QD-TTg on the renewal of the organisation and managerial mechanism at the State forestry farms.,agricultural development; institution; timber extraction/logging; forest management/forest conservation; forestry protection measures; protection forest; governance; land tenure;,10/20/2000,,,https://faolex.fao.org/docs/pdf/vie26299.pdf
Legislation,Sea,Maritime Code of Viet Nam.,marine pollution; pollution control; exploration; fishing vessel; harbour; fishery management and conservation; maritime zone; navigation; access right; registration;,6/30/1990,,Repealed,https://faolex.fao.org/docs/pdf/vie4297.pdf
Policies,Agricultural and rural development,Scheme for Developing Organic Agriculture in the Period 2020-2030 (Decision No. 885/2020/QD-TTg).,ecological production/organic production; agricultural development; agricultural commodities; aquaculture; innovation; irrigation; monitoring; research; sustainable development; processing/handling; internal trade; international trade; fertilizers/nutrients; certification; traceability; sustainable use; integrated management; policy/planning; food safety and quality; afforestation/reforestation; forest management/forest conservation; animal feed/feedstuffs; animal production; emissions; drugs; animal health; protection of environment; plant production;,6/23/2020,,,https://faolex.fao.org/docs/pdf/vie211192.pdf
Regulation,Environment; Water,Circular No. 04/2025/TT-BTNMT promulgates the National Technical Regulation on the Effluent of Livestock (QCVN 62:2025/BTNMT).,effluent waste water/discharge; pollution control; waste management; water quality standards; standards; animal production; freshwater pollution;,2/28/2025,,,https://faolex.fao.org/docs/pdf/vie247218.pdf
Regulation,Fisheries and Aquaculture,Regulation on the Fishing Ship Registry and the Fishing Ship and Crew Registration.,navigation; registration; fishing vessel; fishing charge; marking/identification; marine fisheries;,6/15/2001,,,https://faolex.fao.org/docs/pdf/vie35156.pdf
Regulation,Livestock; Cultivated plants,Decision No. 05/2005/QD-BNN promulgating the Regulation on publicization of quality standards of agricultural products and goods.,animal feed/feedstuffs; drugs; standards; animal health; fertilizers/nutrients; plant protection; plant variety; ecological production/organic production; plant production;,1/20/2005,,,https://faolex.fao.org/docs/pdf/vie52157.pdf
Constitutions,General,Constitution of the Socialist Republic of Vietnam.,common property; continental shelf; economic/social/cultural rights; equity; expropriation; public health; maritime zone; minerals; ownership; protection of environment; public land; right to food; sustainable development; human rights; renewable energy; energy conservation/energy production; right to clean/healthy environment; property rights;,11/28/2013,,,https://faolex.fao.org/docs/pdf/vie127527.pdf
Regulation,Agricultural and rural development,"Decree 105/2022/ND-CP defining the functions, tasks and organizational structure of the Ministry of Agriculture and Rural Development.",institution; agricultural development; farming; financial agricultural measures; irrigation; land consolidation; less favoured areas; soil conservation/soil improvement; rural development; governance; fishing authorization; aquaculture; mariculture; fishery management and conservation; authorization/permit; food safety and quality; forest management/forest conservation; seeds/planting material; animal health; drugs; plant production; plant protection; water supply;,12/22/2022,,Repealed,https://faolex.fao.org/docs/pdf/vie219812.pdf
Legislation,Agricultural and rural development; Water,Law No. 08/2017/QH14 on Irrigation.,basic legislation; irrigation; waterworks; policy/planning; institution; authorization/permit; investment; governance; flood; water shortage/drought; water supply; basin/catchment/watershed; financing; inland waters; hazards;,6/19/2017,11/27/2023,,https://faolex.fao.org/docs/pdf/vie205227.pdf
Regulation,Land and soil,Circular No. 01/2005/TT-BTNMT guiding the implementation of a number of articles of the Government's Decree No. 181/2004/ND-CP on implementation of the Land Law.,land tenure; lease; right of use; vested rights ; certification; investment; contracts; property rights;,4/13/2005,,,https://faolex.fao.org/docs/pdf/vie52436.pdf
Regulation,Fisheries and Aquaculture,Decree No. 59/2005/ND-CP on conditions for a number of aquatic resources production and business lines.,aquaculture; authorization/permit; equipment; fishing vessel; inspection; animal feed/feedstuffs; drugs; fish diseases; animal health; freshwater pollution; pollution control;,5/4/2005,6/20/2012,Repealed,https://faolex.fao.org/docs/pdf/vie52873.pdf
Miscellaneous,Fisheries and Aquaculture,Circular No. 43/2010/TT-BNNPTNT amending and supplementing articles 16 and 17 of the Agriculture and Rural Development Ministry's Circular No. 06/2010/TT-BNNPTNT of 2 February 2010 stipulating the order and procedures for quarantine of aquatic animals and aquatic products.,aquatic animals; freshwater fishes; international trade; marine fishes; quarantine;,7/14/2010,,Repealed,https://faolex.fao.org/docs/pdf/vie98326.pdf
"Regulation, Policies",Climate change; Air & atmosphere,Decision No. 2139/QD-TTg approving the national strategy for climate change.,climate change; emissions; environmental planning; pollution control; air quality/air pollution; policy/planning; energy conservation/energy production; food security; afforestation/reforestation; ecosystem conservation; forest management/forest conservation; wetlands; water shortage/drought; saltwater intrusion/siltation; gender;,12/5/2011,,,https://faolex.fao.org/docs/pdf/vie113168.pdf
Policies,Climate change,National Strategy for Climate Change until 2050.,climate change; emissions; organic waste; policy/planning; protection of environment; smallholders/peasants; sustainable development; transport/storage; fertilizers/nutrients; ecological production/organic production; energy conservation/energy production; renewable energy; circular economy; ecofriendly products/ecofriendly processes; innovation; investment; mining; recycling/reuse; waste disposal; waste management; waste prevention; hazards; flood; food security; animal production; plant production;,7/22/2022,,,https://faolex.fao.org/docs/pdf/vie212245.pdf
Regulation,Land and soil,Circular No. 05/1999/TT-BKH guiding the management of planning projects.,land-use planning; agricultural development; drainage/land reclamation; environmental planning; investment; policy/planning; waste disposal; waste management; waterworks;,11/11/1999,,,https://faolex.fao.org/docs/pdf/vie20212.pdf
"Regulation, Policies",Sea,"Decision No. 1117/QD-TTg on approval of the master plan for sustainable extraction and use of coastal resources for the 2021-2030 period, with a vision to 2050.",sustainable development; climate change; biodiversity; emissions; waste management; protection of environment; ecosystem conservation; protected area; governance; sustainable use; hazards; early warning system; risk assessment/management; tourism; environmental planning; policy/planning; blue economy; green economy; investment; pollution control; fishery management and conservation; fishing vessel; marine fisheries; soil conservation/soil improvement; land-use planning; zoning; coastal zone management; capacity building; solid waste; waste domestic sources; water resources management; genetic resources; endangered species; traditional knowledge/indigenous knowledge; protection of species;,10/7/2024,,,https://faolex.fao.org/docs/pdf/vie231886.pdf
Regulation,Agricultural and rural development; General,"Decree No. 131/2025/ND-CP dated June 12, 2025 on distinction of powers of two-level local governments in fields of state management under the Ministry of Agriculture and Environment.",governance; local government; irrigation; rural development; early warning system; protection of environment; aquaculture; marine fisheries; forest management/forest conservation; animal production; animal health; plant protection; plant production; water resources management;,6/12/2025,,,https://faolex.fao.org/docs/pdf/vie246090.pdf
Legislation,Employment,Law on Employment (No. 38/2013/QHB).,rural employment; enforcement/compliance; youth; certification; labour;,11/16/2013,,,https://faolex.fao.org/docs/pdf/vie164926.pdf
Regulation,Land and soil,Decree No. 102/2024/ND-CP on detailing the implementation of a number of articles of the Land Law.,land tenure; right of use; lease; survey/mapping; land valuation; cadastre/land registration; land-use planning; classification/declassification; agricultural land; use restrictions; taxes; registration; urban land; foreign land tenure; transfer rights ; inspection; soil conservation/soil improvement; ownership; liability/compensation; sustainable use; contracts; property rights; alternative dispute settlement; governance;,7/20/2024,8/15/2025,,https://faolex.fao.org/docs/pdf/vie240297.pdf
Miscellaneous,Fisheries and Aquaculture,"Circular No. 09/2010/TT-BNNPTNT promulgating requirements on assurance of food quality, hygiene and safety in processing ""tra"" and ""basa"" catfish products for export.",fish products; hygiene/sanitary procedures; international trade;,1/26/2010,,,https://faolex.fao.org/docs/pdf/vie95109.pdf
Regulation,National development,Decree No. 30/2025/ND-CP on amendments to Decree No. 07/2021/ND-CP on multidimensional poverty criteria in the period of 2021-2025.,poverty; standards; rural development;,2/24/2025,,,https://faolex.fao.org/docs/pdf/vie236590.pdf
Regulation,Fisheries and Aquaculture,Decree No. 72/1998/ND-CP on ensuring the safety of fishermen and the fishery means on sea.,marine fisheries; fishing vessel; fishing gear/fishing method; navigation; fishing authorization; territorial sea; fishery management and conservation; authorization/permit;,9/15/1998,,Repealed,https://faolex.fao.org/docs/pdf/vie20586.pdf
Legislation,General,Order No. 14/2007/L-CTN on the promulgation of the Law on Product and Goods Quality.,food safety and quality; inspection; certification; classification/declassification; alternative dispute settlement; standards; fraud; packaging/labelling; liability/compensation; resource/damage valuation;,12/5/2007,1/23/2026,,https://faolex.fao.org/docs/pdf/vie79310.pdf
Regulation,Cultivated plants,Circular No. 30/2014/TT-BNNPTNT promulgating list of regulated articles subject to pest risk analysis before importing plants into Vietnam.,plant protection; quarantine; pesticides; internal trade; international trade; procedural matters; protection of environment; transport/storage; pests/diseases; risk assessment/management;,9/5/2014,,Repealed,https://faolex.fao.org/docs/pdf/vie161043.pdf
Policies,Fisheries and Aquaculture,Scheme for Environmental Protection in Fishery Sector in the period of 2021 - 2030.,biodiversity; capacity building; circular economy; climate change; policy/planning; pollution control; protection of environment; protection of habitats; monitoring; waste disposal; waste management; waste prevention; marine fisheries; fishery management and conservation; investment; protection of species; sustainable development; inland fisheries;,7/29/2022,,,https://faolex.fao.org/docs/pdf/vie212246.pdf
Regulation,Cultivated plants,"Decree No. 58/2002 promulgating the Regulation on plant protection, Regulation on plant quarantine and Regulation on management of plant protection drugs.",disinfection/disinfestation; plant protection; quarantine; fertilizers/nutrients; pesticides; biological control agents; packaging/labelling; registration; transport/storage; plant production;,6/3/2002,,Repealed,https://faolex.fao.org/docs/pdf/vie35287.pdf
Regulation,Livestock; Food and nutrition,Decree No. 45/2005/ND-CP providing for the sanctioning of administrative violations in the field of health.,food safety and quality; hygiene/sanitary procedures; legal proceedings/administrative proceedings; offences/penalties; inspection; residues/contaminants; animal health; quarantine; vaccination; drugs; water supply; potable water;,4/6/2005,,,https://faolex.fao.org/docs/pdf/vie52421.pdf
"Regulation, Policies",Fisheries and Aquaculture,Decision No. 339/QD-TTg on Strategy for Development of Vietnam's Fisheries by 2030 with vision towards 2045.,aquaculture; capacity building; circular economy; climate change; fish products; fishery management and conservation; inland fisheries; internal trade; international cooperation; international trade; investment; marine fisheries; policy/planning; protection of environment; research; rural employment; social protection; sustainable development; labour;,3/11/2021,,,https://faolex.fao.org/docs/pdf/vie212247.pdf
Legislation,Livestock; Health,Law No. 105/2016/QH13 on Pharmacy.,public health; pesticides; food safety and quality; animal health; drugs; procedural matters; monitoring; medicinal plants; plant protection;,4/6/2016,,,https://faolex.fao.org/docs/pdf/vie178850.pdf
Regulation,Fisheries and Aquaculture,Decree No. 26/2019/ND-CP of the Government Regulating a number of articles and measures to implement the Fisheries Law.,fishing authorization; aquaculture; mariculture; fishery management and conservation; protected fishing area; protection of environment; protection of species; registration; fishing vessel; harbour; foreign fishing; marine fisheries; marine fishes; marine mammals; Illegal unreported and unregulated fishing (IUU fishing); animal feed/feedstuffs; animal health; fish diseases; authorization/permit; aquatic animals; biodiversity; waste management; effluent waste water/discharge; pollution control; freshwater pollution; marine protected areas; protected area; trade in species;,3/8/2019,4/4/2024,,https://faolex.fao.org/docs/pdf/vie191156.pdf
Regulation,Health,"Decree No. 95/2022/ND-CP on defining functions, tasks, powers and organizational structure of Ministry of Health of Vietnam.",public health; institution; governance; food safety and quality; nutrition;,11/15/2022,,,https://faolex.fao.org/docs/pdf/vie213492.pdf
Regulation,Agricultural and rural development; Fisheries and Aquaculture; Forestry,Decree No. 66/2006/ND-CP on Development of Rural Trades.,agricultural development; policy/planning; subsidy/incentive; fish products; aquatic animals; forest management/forest conservation;,7/20/2006,,,https://faolex.fao.org/docs/pdf/vie65919.pdf
Legislation,Livestock,Law No.79/2015/QH13 on Veterinary Medicine.,basic legislation; animal health; hygiene/sanitary procedures; pests/diseases; quarantine; slaughtering; standards; drugs; inspection; early warning system; good practices; animal feed/feedstuffs; internal trade; international trade; transport/storage; waste disposal; waste management; monitoring;,6/19/2015,,,https://faolex.fao.org/docs/pdf/vie168546.pdf
Regulation,Livestock,Provisional Regulation on the announcement of quality standards for specialized goods of the Agricultural Service.,animal feed/feedstuffs; agricultural development; animal production; standards;,8/23/2001,,,https://faolex.fao.org/docs/pdf/vie35244.pdf
Regulation,Fisheries and Aquaculture,"Decision No. 3246/QĐ-BNN-TCCB regarding the task of controlling import, temporary import, re-export, temporary export, re-import, border-gate transfer and transit activities across the Vietnamese territory of fisheries, and fisheries products that are derived from illegal, unreported and unregulated fishing practices.",marine fisheries; legal proceedings/administrative proceedings; port State measures; internal trade; international trade; use restrictions; fishery management and conservation; foreign fishing; harbour; transport/storage; Illegal unreported and unregulated fishing (IUU fishing);,8/20/2019,,,https://faolex.fao.org/docs/pdf/vie193418.pdf
Regulation,Fisheries and Aquaculture,Decision No. 188/QD-TTg approving the Program on protection and development of aquatic resources through 2020.,aquatic animals; aquatic plants; fishery management and conservation; inland fisheries; marine fishes; marine protected areas; seasons; biodiversity; protection of species;,2/13/2012,,,https://faolex.fao.org/docs/pdf/vie112955.pdf
Regulation,Fisheries and Aquaculture,Circular No. 03/2002/TTBTC guiding the Tax Collection Management Regime applicable to aquatic resource-exploiting establishments.,access right; aquaculture; taxes; registration;,1/14/2002,,,https://faolex.fao.org/docs/pdf/vie35363.pdf
Regulation,Agricultural and rural development; Fisheries and Aquaculture; Land and soil; Cultivated plants,Decision No. 18/2009/QD-TTg approving the master plan on socio-economic development of Vietnam's sea and coastal areas in the Gulf of Thailand up to 2020.,agricultural development; policy/planning; aquaculture; fishery management and conservation; marine fisheries; urban land; pesticides; plant protection; coastal zone management; water supply;,2/3/2009,,,https://faolex.fao.org/docs/pdf/vie87022.pdf
Regulation,Cultivated plants,Decision No. 113/2003/ND-CP on the management of fertilizer production and trading.,fertilizers/nutrients; plant protection; biological control agents; internal trade; international trade; legal proceedings/administrative proceedings; policy/planning; registration; soil pollution/quality; data collection/reporting; agricultural extension; packaging/labelling; research; agricultural development; plant production;,10/7/2003,,Repealed,https://faolex.fao.org/docs/pdf/vie41342.pdf
Legislation,National development; General,Law No. 21/2017/QH14 - Law on Planning.,policy/planning; authorization/permit; land-use planning;,11/14/2017,11/27/2023,,https://faolex.fao.org/docs/pdf/vie204942.pdf
Policies,Agricultural and rural development; Food and nutrition,"Decision No. 300/QD-TTg on Approval of the National Action Plan on Food Systems Transformation in Vietnam towards Transparency, Responsibility, and Sustainability by 2030",agroecology; food loss and waste; traceability; One Health approach; climate change; circular economy; rural development; capacity building; public private partnership (PPP); plant production; agricultural development; emissions; irrigation; ecofriendly products/ecofriendly processes; ecological production/organic production; hazards; food safety and quality; food security; nutrition; processing/handling; international trade; internal trade;,3/28/2023,,,https://faolex.fao.org/docs/pdf/vie245381.pdf
Miscellaneous,Fisheries and Aquaculture,Joint Circular No. 6000/1999/TTLT-BGTVT-BTS guiding the implementation of the Government Decree No. 72/1998/ND-CP ensuring safety for fishermen and fishing means operating on the sea.,authorization/permit; certification; fishing vessel; navigation; data collection/reporting;,12/9/1999,,,https://faolex.fao.org/docs/pdf/vie20298.pdf
Regulation,Fisheries and Aquaculture,Decision No. 148/2000/QD-TTg on continuing to grant certificate of origin of bivalve molluscs.,molluscs; coral; crustaceans; disinfection/disinfestation; hygiene/sanitary procedures; stock enhancement/repopulation; fishery management and conservation; aquatic animals;,12/19/2001,,,https://faolex.fao.org/docs/pdf/vie25742.pdf
Regulation,Land and soil,Decree No. 226/2025/ND-CP on amending certain articles of Decrees elaborating the land law.,cadastre/land registration; land tenure; land-use planning; liability/compensation; enforcement/compliance; lease; contracts; governance; agricultural land;,8/15/2025,,,https://faolex.fao.org/docs/pdf/vie247304.pdf
Regulation,Cultivated plants,Decree No. 26/2003/ND-CP on sanctioning administrative violations in the domain of plant protection and quarantine.,quarantine; plant protection; biological control agents; biotechnology; disinfection/disinfestation; pesticides; pests/diseases; legal proceedings/administrative proceedings; offences/penalties; enforcement/compliance;,3/19/2003,,,https://faolex.fao.org/docs/pdf/vie39038.pdf
Regulation,Agricultural and rural development; Environment,"Decree No. 35/2025/ND-CP prescribing the functions, tasks, powers and organizational structure of the Ministry of Agriculture and Environment of Vietnam.",institution; agricultural development; rural development; sustainable use; governance; climate change; protection of environment; hazards; fishery management and conservation; forest management/forest conservation; animal health; animal production; minerals; mining; water resources management;,2/25/2025,,,https://faolex.fao.org/docs/pdf/vie237878.pdf
Regulation,Livestock; Cultivated plants,"Resolution No. 66.19/2026/NQ-CP dated May 18, 2026 on the reduction, devolution, and simplification of administrative procedures, and the reduction and simplification of business conditions under the management scope of the Ministry of Agriculture and Environment.",governance; business/industry/corporations; inspection; local government; irrigation; animal production; plant production; crops ;,5/18/2026,,,https://faolex.fao.org/docs/pdf/vie246089.pdf
"Regulation, Policies",Health,"Decision No. 1121/TTg-CP on Approval of the National Strategy on Antimicrobial Resistance Prevention and Control for the 2023-2030 period, with a vision to 2045.",hazardous substances; hazardous waste; inspection; international cooperation; monitoring; pollution control; waste management; biosecurity; capacity building; education; governance; public health; antimicrobial resistance (AMR); fish diseases; fish products; animal health; animal feed/feedstuffs; drugs; aquaculture; food safety and quality; animal production; animal welfare; pesticides; plant protection; freshwater pollution;,9/25/2023,,,https://faolex.fao.org/docs/pdf/vie236336.pdf
Regulation,Sea,Decree of the Government Council of the Socialist Republic of Vietnam on Regulations for Foreign Ships operating in Vietnamese Maritime Zones.,marine fisheries; authorization/permit; foreign fishing; maritime zone; environmental impact assessment (EIA); territorial sea; navigation; access right;,1/29/1980,,,https://faolex.fao.org/docs/pdf/vie4470.pdf
Regulation,Cultivated plants,"Regulation on granting of professional practice certificates for the production, processing, rebottling, packing and/or trading of plant protection drugs.",certification; packaging/labelling; plant protection; plant production; internal trade;,10/11/2002,,,https://faolex.fao.org/docs/pdf/vie35323.pdf
Miscellaneous,Fisheries and Aquaculture,Circular No. 53/2009/TT-BNNPTNT on management of alien aquatic species in Viet Nam.,invasive alien species; fishery management and conservation; data collection/reporting;,8/21/2009,,,https://faolex.fao.org/docs/pdf/vie92109.pdf
Regulation,Livestock,Decree No. 14/2021/ND-CP Regulating Penalties for Administrative Offences Involving Animal Husbandry.,offences/penalties; animal reproduction; intellectual property rights; animal health; animal production; animal feed/feedstuffs;,3/1/2021,1/10/2022,,https://faolex.fao.org/docs/pdf/vie212135.pdf
Regulation,Fisheries and Aquaculture,"Circular No. 05/1998/TT-BTS guiding the implementation of Decree No. 72/1998/ND-CP of 15 September 1998, of the Government on Ensuring safety for Fishermen and Fishing Means at Sea.",navigation; fishing vessel; fishing gear/fishing method; harbour; registration; fishery management and conservation; marine fisheries;,12/29/1998,,,https://faolex.fao.org/docs/pdf/vie20349.pdf
Regulation,Forestry; Wild species and ecosystems,"Circular 85/2025/TT-BNNMT on management of endangered, rare, and precious species; the breeding of common wild fauna; and the enforcement of the Convention on International Trade in Endangered Wild Fauna and Flora.",protection of species; trade in species; biodiversity; international trade; internal trade; enforcement/compliance; protection of habitats; genetic resources; governance; fishery management and conservation; endangered species; management/conservation; traceability; authorization/permit; data collection/reporting; ex-situ conservation; ranching/captive breeding; captive wild animals; wild fauna;,12/31/2025,,,https://faolex.fao.org/docs/pdf/vie243094.pdf
Regulation,Fisheries and Aquaculture; Cultivated plants,"Decision No. 2194/QD-TTg approving the Scheme on development of agricultural plant and forest tree varieties, livestock breeds and aquatic strains up to 2020.",agricultural development; Indigenous Peoples; aquaculture; afforestation/reforestation; forest management/forest conservation; animal production; plant production; plant variety;,12/25/2009,,,https://faolex.fao.org/docs/pdf/vie95279.pdf
Regulation,Environment; Air & atmosphere,Decree No. 64/2010/ND-CP on management of urban green trees.,pollution control; air quality/air pollution; biodiversity; urban land;,6/11/2010,,,https://faolex.fao.org/docs/pdf/vie98414.pdf
Legislation,Mineral resources; General,Order No. 13/2012/L-CTN on the promulgation of the Law on Handling of Administrative Violations (No. 15/2012/QH13).,offences/penalties; legal proceedings/administrative proceedings; water abstraction;,7/2/2012,,,https://faolex.fao.org/docs/pdf/vie117927.pdf
Regulation,Fisheries and Aquaculture,"Decree No. 49/2006/ND-CP on Ship Registration, Purchase and Sale.",fishing vessel; registration; certification; navigation; institution; governance;,5/18/2006,,Repealed,https://faolex.fao.org/docs/pdf/vie65899.pdf
Regulation,National development,Decision No. 86/2009/QD-TTg approving the master plan on socio-economic development of Thua Thien-Hue province till 2020.,sustainable development; agricultural development; aquaculture; fish products; forest management/forest conservation; land-use planning; urban land; animal production; irrigation; water supply; waterworks; drainage/land reclamation;,6/17/2009,,,https://faolex.fao.org/docs/pdf/vie92159.pdf
Regulation,Livestock,Circular No. 13/2022/TT-BNNPTNT on amendments to Circulars on management of veterinary drugs.,animal health; pests/diseases; processing/handling; internal trade; international trade; data collection/reporting; transport/storage; drugs; certification; registration; authorization/permit;,9/28/2022,3/3/2026,,https://faolex.fao.org/docs/pdf/vie223730.pdf
Miscellaneous,Fisheries and Aquaculture,Circular 01/2022/TT-BNNPTNT Amending and Supplementing a Number of Circuits in the Field of Fisheries.,harbour; port State measures; fishery management and conservation; marine fisheries; foreign fishing; Illegal unreported and unregulated fishing (IUU fishing); aquaculture;,1/18/2022,,,https://faolex.fao.org/docs/pdf/vie222432.pdf
Legislation,Cultivated plants,Law No. 31/2018/QH14 Law on Crop Production.,basic legislation; breeders' rights; plant production; plant protection; plant variety; seeds/planting material; agricultural commodities; authorization/permit; biodiversity; cereals/grains/rice; climate change; data collection/reporting; genetic resources; subsidy/incentive; intellectual property rights; internal trade; international trade; offences/penalties; policy/planning; research; transport/storage; sustainable development; sustainable use; vegetables/legumes; registration; investment; fertilizers/nutrients; crops ;,11/19/2018,,,https://faolex.fao.org/docs/pdf/vie206343.pdf
Policies,National development; General,"Resolution 153/NQ-CP on promulgation of the Government's action program for implementation of resolution No. 59-NQ/TW dated January 24, 2025 of the Politburo on international integration in new situation.",sustainable development; international trade; internal trade; international cooperation; innovation; institution; research; green economy; public health; governance; education; policy/planning; labour; tourism; circular economy; investment; agricultural development; food security; climate change; emissions; emissions pricing;,5/31/2025,,,https://faolex.fao.org/docs/pdf/vie240884.pdf
Legislation,Fisheries and Aquaculture,Fisheries Law.,marine pollution; pollution control; basic legislation; aquaculture; mariculture; marine fisheries; inland fisheries; fishing area; fishing gear/fishing method; fishing vessel; foreign fishing; harbour; landing; maritime zone; navigation; protected fishing area; seasons; size; total allowable catch; transshipment; hygiene/sanitary procedures; fishing authorization; protection of species; drugs; fish diseases; fishery management and conservation; animal health; authorization/permit; biodiversity; ecosystem conservation; marine area; marine protected areas; territorial sea; protected area;,12/10/2003,,Repealed,https://faolex.fao.org/docs/pdf/vie40534.pdf
Regulation,Fisheries and Aquaculture,Decision No. 635/QD-TTg approving the Project on yield and quality improvement of products and goods of the agricultural sector to 2020 under the national program on yield and quality improvement of products and goods of Vietnamese enterprises.,agricultural development; aquaculture; fish products; processing/handling; good practices; forest management/forest conservation; afforestation/reforestation; animal production; plant production; plant protection;,5/30/2012,,,https://faolex.fao.org/docs/pdf/vie117929.pdf
Regulation,Food and nutrition,Decree 46/2026/NĐ-CP Elaboration of some articles and measures for organization of the implementation of the Law on Food Safety,food safety and quality; hygiene/sanitary procedures; internal trade; international trade; packaging/labelling; processing/handling; transport/storage; genetically modified organism (GMO); residues/contaminants; good practices; biotechnology; enforcement/compliance; certification; traceability; food additives; inspection; risk assessment/management;,1/26/2026,,,https://faolex.fao.org/docs/pdf/vie243134.pdf
Legislation,Land and soil,Land Law.,land tenure; right of use; lease; public land; urban land; agricultural land; land valuation; policy/planning; survey/mapping; investment; contracts;,7/14/1993,7/12/2001,Repealed,https://faolex.fao.org/docs/pdf/vie4824.pdf
Regulation,Cultivated plants,Decision No. 34/2007/QD-BNN promulgating a list of articles subject to plant quarantine and pest risk analysis before they are imported into Viet Nam.,international trade; pests/diseases; quarantine; plant protection;,4/23/2007,,Repealed,https://faolex.fao.org/docs/pdf/vie72680.pdf
Regulation,Land and soil,Decree No.60/cp on the Right of Property on Premises and Land Use Right.,land tenure; ownership; lease; public land; cadastre/land registration; foreign land tenure; alternative dispute settlement; contracts; property rights;,7/5/1994,,,https://faolex.fao.org/docs/pdf/vie23475.pdf
Regulation,Livestock,Decree No. 33/2005/ND-CP detailing the implementation of a number of articles of the Ordinance on veterinary medicine.,animal health; hygiene/sanitary procedures; pests/diseases; quarantine; slaughtering; standards; drugs; inspection; good practices;,3/15/2005,11/28/2008,Repealed,https://faolex.fao.org/docs/pdf/vie52438.pdf
Regulation,Water,Decision No. 952/QD-TTg approving the master plan on socio-economic development of Quang Binh province through 2020.,agricultural development; youth; pollution control; soil conservation/soil improvement; aquaculture; afforestation/reforestation; forest management/forest conservation; land-use planning; urban land; irrigation; sewerage; waterworks;,6/23/2011,,,https://faolex.fao.org/docs/pdf/vie105091.pdf
Regulation,Cultivated plants,Regulation on State management over activities of disinfection vaporization of articles liable to plant quarantine.,integrated pest management-IPM/pest management strategies; quarantine; disinfection/disinfestation; standards; plant protection;,9/24/2002,,,https://faolex.fao.org/docs/pdf/vie35313.pdf
Policies,Health,"Plan for people's health protection, care and promotion 2016-2020.",public health; antimicrobial resistance (AMR); drugs; sustainable development; data collection/reporting; governance; early warning system; risk assessment/management; climate change; food safety and quality; poverty;,3/1/2016,,,https://faolex.fao.org/docs/pdf/vie179587.pdf
Regulation,Fisheries and Aquaculture,"Decree No. 43/2003/ND-CP regulating functions, duties, authorities and organizational structure of Ministry of Fisheries.",institution; fishing authorization; fishery management and conservation; authorization/permit; governance;,5/2/2003,,Repealed,https://faolex.fao.org/docs/pdf/vie42342.pdf
Regulation,Livestock,Decree 204/2026/ND-CP stipulates administrative penalties for violations in the field of veterinary medicine.,animal health; offences/penalties; enforcement/compliance; pests/diseases; quarantine; slaughtering; inspection; drugs;,6/11/2026,,,https://faolex.fao.org/docs/pdf/vie246044.pdf
Regulation,Food and nutrition,Joint Circular No. 04/2001/TTLT/YT-TM-VHTT-UBBVCSTEVN guiding the implementation of Decree No. 74/2000/ND/CP of the Government on trading in and use of mother milk substitutes to protect and encourage breast-feeding.,breastfeeding/infant food; food safety and quality; milk/dairy products; special dietary uses; nutrition;,3/14/2001,,,https://faolex.fao.org/docs/pdf/vie25757.pdf
Regulation,Agricultural and rural development; Fisheries and Aquaculture; Water; Mineral resources,Decision No. 34/2009/QD-TTg approving the Master Plan on Development of the Tonkin Gulf Coastal Economic Belt up to 2020.,agricultural development; policy/planning; aquaculture; fishery management and conservation; afforestation/reforestation; forest management/forest conservation; minerals; mining; water supply; waterworks;,3/2/2009,,,https://faolex.fao.org/docs/pdf/vie88431.pdf
Legislation,Land and soil,"Law No. 43/2024/QH15 Amendments to certain Articles of Land Law No. 31/2024/QH15, Housing Law No. 27/2023/QH15, Law on Real Estate Business No. 29/2023/QH15 and Law on Credit Institutions No. 32/2024/QH15.",land tenure; right of use; lease; land-use planning; contracts; public land; investment;,6/29/2024,,,https://faolex.fao.org/docs/pdf/vie243369.pdf
Miscellaneous,Fisheries and Aquaculture,Circular No. 41/2010/TT-BNNPTNT providing for veterinary hygiene inspection and certification for fishery production and trading establishments.,fish products; freshwater fishes; marine fishes; processing/handling; registration; certification; hygiene/sanitary procedures; inspection; drugs; fish diseases; animal health; aquatic animals;,7/5/2010,,,https://faolex.fao.org/docs/pdf/vie98319.pdf
"Regulation, Policies",Wild species and ecosystems,"Decision No. 1623/QD-TTg of 2022, issued by the Prime Minister, approving the Project on strengthening biodiversity-crime prevention through 2030, with a vision to 2050.",biodiversity; offences/penalties; enforcement/compliance; international trade; international cooperation; inspection; aquatic animals; aquatic plants; wild fauna; wild flora; wildlife products; genetic resources; invasive alien species;,12/27/2022,,,https://faolex.fao.org/docs/pdf/vie246042.pdf
Regulation,Livestock; Fisheries and Aquaculture; Cultivated plants,Decision No. 176/QD-TTg approving the Scheme on development of hi-tech agriculture through 2020.,agricultural development; aquaculture; equipment; research; animal production; plant variety;,1/29/2010,,Repealed,https://faolex.fao.org/docs/pdf/vie95107.pdf
Regulation,Fisheries and Aquaculture,Circular No. 26/2018/TT-BNNPTNT of the Minister of Agriculture and Rural Development regulating the management of aquatic breeds and feed aquatic products and aquaculture environmental remediation products.,aquaculture; authorization/permit; international trade; internal trade; feed additives; animal feed/feedstuffs; inspection;,11/15/2018,1/18/2022,,https://faolex.fao.org/docs/pdf/vie221444.pdf
Regulation,Fisheries and Aquaculture,Decree No. 86/2001/ND-CP on the conditions for conducting aquatic resource business lines and trades.,aquaculture; processing/handling; hygiene/sanitary procedures; transport/storage; animal feed/feedstuffs; drugs; fish diseases; animal health;,11/16/2001,,Repealed,https://faolex.fao.org/docs/pdf/vie35236.pdf
International Agreement,Fisheries and Aquaculture,"Acuerdo Complementario al Acuerdo Marco de Cooperación entre el Gobierno de la República Bolivariana de Venezuela y el Gobierno de la República Socialista de Vietnam, en materia acuícola y vegetal.",aquaculture; mariculture; crustaceans; research; aquatic animals; plant production; cereals/grains/rice; crops ; agricultural commodities;,11/20/2008,,,https://faolex.fao.org/docs/pdf/bi-89903.pdf
Regulation,Fisheries and Aquaculture,Decision No. 103/2000/QD-TTg on a number of policies to encourage aquatic breeds development.,aquaculture; stock enhancement/repopulation; freshwater fishes; processing/handling; fishery management and conservation; aquatic animals; land tenure; land-use planning; right of use;,8/5/2001,,,https://faolex.fao.org/docs/pdf/vie25755.pdf
Regulation,Economy and Finance,Decree 239/2025/ND-CP on amendments to some articles of the Government's Decree No. 31/2021/ND-CP on elaboration of some articles of the Law on Investment.,investment; agricultural development; legal proceedings/administrative proceedings; credit; subsidy/incentive; processing/handling; business/industry/corporations; registration; authorization/permit; inspection; fiscal and market measures; data collection/reporting; enforcement/compliance; certification; innovation; energy conservation/energy production; nuclear energy; aquaculture; aquatic animals; internal trade; international trade; food safety and quality; afforestation/reforestation; timber; forest management/forest conservation; animal feed/feedstuffs; animal production; animal reproduction; recycling/reuse; water supply; waterworks; trade in species; protection of species; endangered species; wild fauna; wild flora; wildlife products; biodiversity;,9/3/2025,,,https://faolex.fao.org/docs/pdf/vie240172.pdf
Regulation,Fisheries and Aquaculture,Decision No. 332/QD-TTg approving the Scheme on development of aquaculture through 2020.,aquaculture; fishery management and conservation; policy/planning; animal feed/feedstuffs; drugs; good practices; fish diseases; feed additives; animal health;,3/3/2011,,,https://faolex.fao.org/docs/pdf/vie103156.pdf
Regulation,Fisheries and Aquaculture,Decision No. 85/2008/QD-BNN promulgating the Regulation on management of aquatic breed production and trading.,aquaculture; aquatic animals; fishery management and conservation; hygiene/sanitary procedures; internal trade; international trade; quarantine; offences/penalties;,8/6/2008,,,https://faolex.fao.org/docs/pdf/vie82516.pdf
Regulation,Food and nutrition,Provisional Regulation on the announcement of quality standards of specialized aquatic goods.,fish products; food safety and quality; hygiene/sanitary procedures; standards;,5/25/2001,,,https://faolex.fao.org/docs/pdf/vie35153.pdf
Regulation,Food and nutrition; Fisheries and Aquaculture,"Circular No. 21/2018/TT-BNNPTNT regulating the recording, submission of reports and logbooks of aquatic resources; publication of designated fishing ports confirming the origin of fisheries from exploitation; list of illegal fishing vessels; certification of raw materials, certification of exploited aquatic resources issued by the Minister of Agriculture and Rural Development.",certification; authorization/permit; procedural matters; agricultural development; aquatic animals; aquaculture; harbour; port State measures; fishery management and conservation; marine fisheries; foreign fishing; Illegal unreported and unregulated fishing (IUU fishing); enforcement/compliance; marine fishes; molluscs; food safety and quality;,11/15/2018,1/18/2022,,https://faolex.fao.org/docs/pdf/vie186183.pdf
Regulation,Fisheries and Aquaculture,Decree No. 102/2012/ND-CP on the organization and operation of the fisheries resources surveillance force.,institution; fishery management and conservation; foreign fishing; marine fisheries; offences/penalties; governance;,11/29/2012,,Repealed,https://faolex.fao.org/docs/pdf/vie122506.pdf
Regulation,Cultivated plants,"Decree 214/2026/ND-CP on administrative sanctions for violations in the field of crop cultivation, plant protection and quarantine.",plant protection; crops ; offences/penalties; quarantine; enforcement/compliance; internal trade; international trade; breeders' rights; fertilizers/nutrients; pesticides; plant production; plant variety; intellectual property rights;,6/18/2026,,,https://faolex.fao.org/docs/pdf/vie246045.pdf
Regulation,Environment; Waste & hazardous substances,Regulation on management of the environment at aquatic product-processing establishments.,aquaculture; effluent waste water/discharge; waste disposal; waste management; waste non-domestic sources; waste prevention; sewerage; environmental standards; standards; protection of environment;,9/18/2002,,,https://faolex.fao.org/docs/pdf/vie35123.pdf
Regulation,Livestock; Food and nutrition,Circular No.: 25/2016/TT-BNNPTNT providing for the Quarantine of Terrestial Animals And Animal Products,fish products; food safety and quality; residues/contaminants; risk assessment/management; standards; toxicity/poisoning; traceability; transport/storage; drugs; animal feed/feedstuffs; animal health; authorization/permit; enforcement/compliance; data collection/reporting; pests/diseases; hygiene/sanitary procedures; inspection; international trade; monitoring; vaccination;,6/30/2016,,Repealed,https://faolex.fao.org/docs/pdf/vie210747.pdf
Regulation,Livestock; Fisheries and Aquaculture; Cultivated plants,Circular No. 01/2012/TT-BTC guiding the customs clearance of imports and exports subject to quarantine.,quarantine; international trade; aquatic animals; animal health; plant protection;,1/3/2012,,,https://faolex.fao.org/docs/pdf/vie112546.pdf
Miscellaneous,Cultivated plants,Exceptional registration of a number of plant protection drugs permitted for use in Vietnam.,plant protection; pesticides; registration;,6/27/2001,,,https://faolex.fao.org/docs/pdf/vie35151.pdf
Regulation,Food and nutrition,Decree No. 19/1999/ND-CP on the production and supply of iodised salt for human use.,food safety and quality; condiments/herbs/spices; standards; authorization/permit;,4/10/1999,,,https://faolex.fao.org/docs/pdf/vie20841.pdf
Regulation,Economy and Finance,Decree No. 55/2019/ND-CP on providing legal assistance for small and medium -sized enterprises.,smallholders/peasants; gender; equity; capacity building; small and medium enterprises; agricultural development; forest management/forest conservation; forest service;,6/24/2019,,,https://faolex.fao.org/docs/pdf/vie206146.pdf
Regulation,Fisheries and Aquaculture,Decree No. 66/2005/ND-CP on ensuring safety for people and ships engaged in fisheries activities.,marine fisheries; fishing vessel; navigation; registration; territorial sea;,5/19/2005,,Repealed,https://faolex.fao.org/docs/pdf/vie53323.pdf
Regulation,Fisheries and Aquaculture,Decree No. 17/2018/ND-CP providing amendments to the Government's Decree No. 67/2014/ND-CP on certain fishery development policies.,agricultural development; fishery management and conservation; fishing charge; fishing vessel; credit; investment;,2/2/2018,,,https://faolex.fao.org/docs/pdf/vie219177.pdf
Regulation,Livestock,"Circular No. 94/2025/TT-BNNMT dated December 31, 2025 on elaborating on several articles of the Law on animal husbandry.",genetic resources; animal feed/feedstuffs; animal health; animal production; authorization/permit; registration; inspection; family farming; animal reproduction; intellectual property rights;,12/31/2025,,,https://faolex.fao.org/docs/pdf/vie246086.pdf
Regulation,Livestock; Food and nutrition,Circular No. 30/2009/TT-BNNPTNN prescribing veterinary hygiene examination and control of animal product production and trading and slaughter of animals for food.,food safety and quality; hygiene/sanitary procedures; international trade; slaughtering; animal feed/feedstuffs; animal health; animal production; drugs;,6/4/2009,,Repealed,https://faolex.fao.org/docs/pdf/vie92158.pdf
Regulation,Fisheries and Aquaculture,Circular No. 28/2011/TT-BNNPTNT providing the validation of catch certificates and statements for exportation into the European market.,fishery management and conservation; international trade; certification; fish products; Illegal unreported and unregulated fishing (IUU fishing);,4/15/2011,,,https://faolex.fao.org/docs/pdf/vie105092.pdf
Regulation,National development,Resolution 306/NQ-CP of 2025 adjusts the National Master Plan for the period 2021-2030 with a vision to 2050.,sustainable development; ecofriendly products/ecofriendly processes; green economy; innovation; investment; agricultural commodities; agricultural development; protection of environment; aquaculture; forest management/forest conservation; afforestation/reforestation; marine protected areas; protected area; protection forest; protection of habitats; protection of species; biodiversity;,10/5/2025,,,https://faolex.fao.org/docs/pdf/vie246092.pdf
Regulation,Fisheries and Aquaculture,Decree No. 53/2012/ND-CP amending and supplementing a number of articles of the Decrees on fisheries.,fishery management and conservation; fishing area; fishing vessel; marine fisheries; foreign fishing; international trade; registration; authorization/permit; fishing authorization; freshwater fishes; aquatic animals;,6/20/2012,,Repealed,https://faolex.fao.org/docs/pdf/vie116250.pdf
Legislation,General,Law No. 21/2008/QH12 on High Technologies.,innovation; investment; research; fiscal and market measures; agricultural commodities; agricultural extension; equipment; agricultural development; animal health; animal reproduction; animal production;,11/13/2008,,,https://faolex.fao.org/docs/pdf/vie228966.pdf
Miscellaneous,Land and soil,"Directive No. 18/1999/CT-TTg on a number of measures to step up the completion of granting agricultural, forest and rural land-use right certificates by the year 2000.",land reform; land tenure; land-use planning; land valuation; right of use; land subdivision; taxes;,7/1/1999,,,https://faolex.fao.org/docs/pdf/vie20261.pdf
Regulation,Fisheries and Aquaculture,"Circular 13/2020/TT-BNN PTNT on Amendments to Circular No. 21/2018/TT-BNNPTNT Dated November 15, 2018 on Record and Submission of Reports and Diaries on Fishery Activities; Announcement of Appointed Ports for Verifying Origin of Extracted Fisheries; List of Fishing Boats Conducting Illegal Fishery Activities; Verification of Extracted Fisheries.",harbour; port State measures; fishery management and conservation; marine fisheries; foreign fishing; Illegal unreported and unregulated fishing (IUU fishing);,11/15/2018,,Repealed,https://faolex.fao.org/docs/pdf/vie221625.pdf
Regulation,Land and soil,Order No. 06/2001/L-CTN on the promulgation of the Law amending and supplementing a number of articles of the Land Law.,policy/planning; land tenure; lease; right of use; transfer rights ; agricultural land; contracts; property rights;,7/12/2001,,,https://faolex.fao.org/docs/pdf/vie35262.pdf
Regulation,Food and nutrition,"Circular No. 116/2000/TT-BTC guiding the Regime of Management and Use of Fees for Aquatic Product Quality, Safety and Hygiene Control.",fish products; food safety and quality; hygiene/sanitary procedures;,12/19/2000,,,https://faolex.fao.org/docs/pdf/vie25734.pdf
Regulation,National development; General,"Decree No. 199/2013/ND-CP defining the functions, tasks and organizational structure of the Ministry of Agriculture and Rural Development.",institution; agricultural development; farming; financial agricultural measures; irrigation; land consolidation; less favoured areas; soil conservation/soil improvement; rural development; governance; fishing authorization; fishery management and conservation; authorization/permit; food safety and quality; forest management/forest conservation; seeds/planting material; animal health; drugs; plant production; plant protection; water supply;,11/26/2013,,Repealed,https://faolex.fao.org/docs/pdf/vie164915.pdf
Policies,Livestock; Health,The Viet Nam One Health Strategic Plan for Zoonotic Diseases 2016-2020,public health; animal health; hazards; pests/diseases; governance; institution; monitoring; One Health approach; data collection/reporting; research; risk assessment/management; drugs; antimicrobial resistance (AMR);,12/1/2016,,,https://faolex.fao.org/docs/pdf/vie210714.pdf
Regulation,Fisheries and Aquaculture,Decree No. 191/2004/ND-CP on management of fishery activities of foreign fishing vessels in Vietnam's seas.,marine fisheries; foreign fishing; fishing vessel; enforcement/compliance; offences/penalties; fishing authorization; fishery management and conservation; authorization/permit;,11/18/2004,,Repealed,https://faolex.fao.org/docs/pdf/vie50313.pdf
Miscellaneous,Fisheries and Aquaculture,Circular No. 03/2000/TT-BTS guiding the implementation of the Prime Ministers Decision No. 178/1999/QD-TTg issuing the Regulation on the labelling of domestically-circulated goods as well as export and import with regard to aquatic goods.,aquaculture; aquatic animals; aquatic plants; processing/handling; drugs; animal feed/feedstuffs; fish diseases; animal health;,9/22/2000,,,https://faolex.fao.org/docs/pdf/vie26305.pdf
Miscellaneous,Fisheries and Aquaculture,Joint Circular No. 27/2003/TTLT/BQP-BTS guiding the coordination between the Ministry of Defence and the Ministry of Aquatic Resources in performing State Management over the Coast Guard's activities and the coordination of activities between the Coast Guard and concerned Forces of the sea areas and continental shelf of Vietnam.,marine pollution; pollution control; marine fisheries; fishing area; fishing vessel; fishing gear/fishing method; access right; animal feed/feedstuffs; fishing authorization; fishing charge; marking/identification; fishery management and conservation; authorization/permit; coastal zone management; continental shelf; maritime zone; management/conservation; navigation;,3/31/2003,,,https://faolex.fao.org/docs/pdf/vie39060.pdf
Regulation,Livestock; Cultivated plants,"Decree No. 108/2011/ND-CP providing amendments to the Government's Decree No. 69/2010/ND-CP prescribing biosafety of genetically modified organisms, genetic specimens and products of genetically modified organisms.",genetically modified organism (GMO); research; transport/storage; certification; international trade; biosafety; biotechnology; biodiversity;,11/30/2011,,Repealed,https://faolex.fao.org/docs/pdf/vie223849.pdf
Regulation,Livestock; Cultivated plants,Decree No. 9/2025/ND-CP on on policies on support for agricultural production for revival of production of areas suffering from losses caused by natural disasters and plant diseases.,aquaculture; animal health; subsidy/incentive; financing; fiscal and market measures; hazards; fish diseases; pests/diseases; public health; plant protection;,1/10/2025,,,https://faolex.fao.org/docs/pdf/vie237979.pdf
Legislation,Land and soil,Law on amendments to a number of articles of the Law on Land Use Right Transfer Tax (no. 17/1999/QH10).,land tenure; taxes; transfer rights ; property rights;,12/2/1998,,,https://faolex.fao.org/docs/pdf/vie20301.pdf
Miscellaneous,Land and soil,Directive No. 10/1998/CT-TTg on stepping up and completing the assignment of land and the granting of agricultural land tenure certificates.,agricultural land; cadastre/land registration; survey/mapping; ownership; land tenure; property rights;,2/20/1998,,,https://faolex.fao.org/docs/pdf/vie14306.pdf
Regulation,Cultivated plants,Decision No. 90/1999/QD-BNN-BVTV promulgating a list of pesticides permitted to be used or restricted and banned from being used in Vietnam.,plant protection; pesticides; biological control agents;,2/4/1999,,,https://faolex.fao.org/docs/pdf/vie20184.pdf
Regulation,Land and soil,Decision No. 27/2021/QD-TTg on Reducing Land Rent for 2021 for Victims of Covid-19 Epidemic.,coronavirus disease (COVID-19); fiscal and market measures; private land; public health; public land; lease; contracts;,9/25/2021,,,https://faolex.fao.org/docs/pdf/vie206136.pdf
Miscellaneous,Cultivated plants,Circular No. 88/2007/TT-BNN guiding domestic plant quarantine.,quarantine; plant protection; inspection; internal trade; pests/diseases;,11/1/2007,,,https://faolex.fao.org/docs/pdf/vie78165.pdf
Regulation,Fisheries and Aquaculture,Decree No. 99/1998/ND-CP on management of sea-going vessel purchase and sale.,marine pollution; pollution control; fishing vessel; marine fisheries; navigation; internal trade; legal proceedings/administrative proceedings;,11/28/1998,,,https://faolex.fao.org/docs/pdf/vie20314.pdf
International Agreement,Agricultural and rural development; Fisheries and Aquaculture,"Agreement between the Government of the Republic of Armenia and the Government of the Socialist Republic of Viet Nam on economic, trade, scientific and technical cooperation.",agricultural development; environmental security; fishery management and conservation; forest management/forest conservation; animal production; plant production;,6/8/2012,,,https://faolex.fao.org/docs/pdf/bi-197710.pdf
Legislation,Land and soil,Law governing taxes on land use right assignment.,land tenure; taxes; transfer rights ; right of use; land subdivision; property rights;,6/22/1994,12/2/1998,,https://faolex.fao.org/docs/pdf/vie21384.pdf
Regulation,Fisheries and Aquaculture,Decree No. 80/2002/ND-CP amending and supplementing a number of articles of the Government's Decree No. 72/1998/ND-CP.,marine fisheries; fishing vessel; fishing gear/fishing method; navigation; institution; fishing authorization; fishery management and conservation; authorization/permit; governance;,10/15/2002,,Repealed,https://faolex.fao.org/docs/pdf/vie35315.pdf
Regulation,Livestock,Circular No. 18/2018/TT-BNNPTNT on amending and repealing the Circular No. 13/2016/TT-BNNPTNT on Veterinary Drug Management.,animal health; pests/diseases; drugs; vaccination; certification; processing/handling; internal trade; international trade; inspection; registration; packaging/labelling;,11/15/2018,3/3/2026,,https://faolex.fao.org/docs/pdf/vie223729.pdf
Regulation,Fisheries and Aquaculture; Wild species and ecosystems,Circular No. 124/2011/TT-BTC guiding registration fee.,registration; fees/royalties; fishing vessel; hunting/capture;,8/31/2011,,,https://faolex.fao.org/docs/pdf/vie107607.pdf
Regulation,Land and soil,Decree No. 45/2014/ND-CP providing the collection of land use levy.,lease; taxes ; agricultural land; public land; contracts; land tenure;,5/15/2014,10/26/2019,,https://faolex.fao.org/docs/pdf/vie206125.pdf
Regulation,Agricultural and rural development; Water; Environment,Decision No. 21/2007/QD-TTg approving the master plan on socio-economic development of Can Tho City in the 2006-2020 period.,agricultural development; policy/planning; land-use planning; waste management; effluent waste water/discharge; inland waters; water supply;,2/8/2007,,,https://faolex.fao.org/docs/pdf/vie71752.pdf
Regulation,Agricultural and rural development,Decision No. 69/2007/QD-TTg approving the scheme on development of the agro-forest product processing industry in agricultural and rural industrialization and modernization up to 2010 and orientations towards 2020.,agricultural commodities; agricultural development; agricultural extension; farming; investment;,5/18/2007,,,https://faolex.fao.org/docs/pdf/vie74498.pdf
Legislation,Land and soil,Law amending and supplementing a number of articles of the Land Law (No. 10 of 1998).,land reform; land tenure; agricultural land; taxes ; lease; contracts;,12/2/1998,,Repealed,https://faolex.fao.org/docs/pdf/vie20320.pdf
Regulation,Fisheries and Aquaculture,Decree No. 80/2012/ND-CP on management of fishing ports and storm shelter zones for fishing ships.,fishing vessel; harbour; fees/royalties; navigation;,10/8/2012,,Repealed,https://faolex.fao.org/docs/pdf/vie119860.pdf
Regulation,Fisheries and Aquaculture,"Decision No. 70/2008/QD-BNN promulgating the Regulation on management of ""tra catfish"" rearing zones and establishments.",fishery management and conservation; inland fisheries; aquaculture; standards; drugs; animal feed/feedstuffs; good practices; fish diseases; animal health;,6/5/2008,,Repealed,https://faolex.fao.org/docs/pdf/vie81589.pdf
Regulation,Livestock,Decision No. 113/2001/QD-BNN promulgating the list of minimum technical norms which must be announced when elaborating base standards for goods being animal feeds.,animal feed/feedstuffs; animal health; drugs; standards;,11/28/2001,,,https://faolex.fao.org/docs/pdf/vie35242.pdf
Miscellaneous,Food and nutrition,"Circular No. 14/2015/TT-BTC guiding the classification, analysis for classification; analysis for quality inspection and food safety inspection of exports and imports.",food safety and quality; hygiene/sanitary procedures; inspection; internal trade; international trade; certification; classification/declassification;,1/30/2015,,,https://faolex.fao.org/docs/pdf/vie168518.pdf
Regulation,Agricultural and rural development,Decree No. 167/1999/ND-CP on the organizing of land road management.,agricultural development; financial agricultural measures;,11/26/1999,,,https://faolex.fao.org/docs/pdf/vie20285.pdf
Regulation,Food and nutrition; Fisheries and Aquaculture,"Circular No. 17/2026/TT-BNNMT dated March 10, 2026 on amendments to Circular No. 25/2018/TT-BNNPTNT on procedures for risk assessment of and license for import of live aquatic animals and plants amended by Circular No. 01/2022/TT-BNNPTNT on amendments to circulars in aquaculture.",aquatic plants; aquatic animals; international trade; aquaculture; fish products; authorization/permit; risk assessment/management; governance;,3/10/2026,,,https://faolex.fao.org/docs/pdf/vie246071.pdf
Miscellaneous,Food and nutrition; Health,Circular No. 15/2012/TT-BYT Providing on General Conditions to Ensure Food Safety for Food Production and Business Facilities.,food safety and quality; processing/handling; hygiene/sanitary procedures; internal trade;,9/12/2012,,,https://faolex.fao.org/docs/pdf/vie214419.pdf
Regulation,Land and soil,Resolution No. 1126/2007/NQ-UBTVQH11 specifying limits for receipt of agricultural land use rights transferred to households or individuals for agricultural purpose.,private forest; agricultural land; land tenure;,6/21/2007,,,https://faolex.fao.org/docs/pdf/vie74502.pdf
Regulation,Food and nutrition,Circular No. 60/2014/TT-BCT detailing a number of articles of the Government's Decree No. 94/2012/ND-CP on liquor production and trading.,food safety and quality; inspection; hygiene/sanitary procedures; packaging/labelling; authorization/permit; certification; viticulture/oenological practices; internal trade; international trade;,12/27/2014,,,https://faolex.fao.org/docs/pdf/vie168488.pdf
"Regulation, Policies",National development,Decision No. 1959/QD-TTg approving the master plan on socio-economic development of Son La province through 2020.,agricultural development; policy/planning; capacity building; poverty; education; sustainable development; tourism; irrigation; aquaculture; food safety and quality; hygiene/sanitary procedures; subsidy/incentive; fish products; processing/handling; inland waters; water supply; environmental planning; hydropower generation; renewable energy;,10/29/2013,,,https://faolex.fao.org/docs/pdf/vie164905.pdf
Regulation,Water,Decision No. 282/2006/QD-TTg approving the master plan on socio-economic development of Cao Bang province in the 2006-2020 period.,agricultural development; farming; policy/planning; soil conservation/soil improvement; mountain area; afforestation/reforestation; forest management/forest conservation; protection forest; land-use planning; inland waters; irrigation; public water; sewerage; surface water; water supply;,12/20/2006,,Repealed,https://faolex.fao.org/docs/pdf/vie69921.pdf
Regulation,Forestry; Cultivated plants,"Circular No. 180/2011/TT-BTC on rates, collection, remittance, management and use of charges and fees in crop production and forest trees varieties.",forest management/forest conservation; forest species; fees/royalties; plant protection; plant variety;,12/14/2011,,,https://faolex.fao.org/docs/pdf/vie111222.pdf
Regulation,Cultivated plants,Circular No. 79/2011/BNNPTNT providing the certification and announcement of plant seed quality conforming with technical regulations.,certification; seeds/planting material; plant production;,11/14/2011,,,https://faolex.fao.org/docs/pdf/vie113166.pdf
Regulation,Cultivated plants,Decision No. 117/2000/QD-BNN-BVTV promulgating the Socialist Republic of Viet Nam's list of objects subject to plant quarantine.,quarantine; invasive alien species; pests/diseases; plant protection; biodiversity;,11/20/2000,,,https://faolex.fao.org/docs/pdf/vie25740.pdf
"Regulation, Policies",National development,Decision No. 1043/QD-TTg approving Vietnam's industrialization strategy within the framework of Vietnam-Japan cooperation through 2020 with a vision toward 2030.,agricultural development; equipment; sustainable development; energy conservation/energy production; ecosystem conservation; pollution control; fish products; fishery management and conservation; fishing vessel; food safety and quality; processing/handling; public health;,7/1/2013,,,https://faolex.fao.org/docs/pdf/vie164789.pdf
Regulation,Agricultural and rural development,Decision No. 45/2004/QD-BNN promulgating the regulation on management and use of foreign assistance sources in the agriculture and rural development branch.,agricultural development; financial agricultural measures; policy/planning; rural development;,9/30/2004,,,https://faolex.fao.org/docs/pdf/vie49821.pdf
"Regulation, Policies",Land and soil; Mineral resources,"Decision No.1388/QD-TTg approving the master plan on basic geological survey of minerals through 2020, with orientations toward 2030.",survey/mapping; mining; environmental planning; pollution control; soil pollution/quality; research; investment; policy/planning; minerals; protection of environment;,8/13/2013,,,https://faolex.fao.org/docs/pdf/vie164820.pdf
Regulation,Cultivated plants,Circular No. 35/2014/TT-BCT prescribing the application of the automatic import licensing regime to a number of fertilizer products.,fertilizers/nutrients; registration; authorization/permit; internal trade; international trade; plant production;,10/15/2014,,,https://faolex.fao.org/docs/pdf/vie167874.pdf
Regulation,Livestock; Health,"Circular 09/2025/TT-BNNMT stipulates the delegation of authority, decentralization, and delineation of jurisdiction in the field of state management of livestock and veterinary medicine.",animal health; decentralization; animal feed/feedstuffs; vaccination; quarantine; slaughtering; traceability; inspection; drugs; packaging/labelling; biosafety; governance;,6/19/2025,,,https://faolex.fao.org/docs/pdf/vie246078.pdf
Regulation,Food and nutrition,Circular No. 44/2010/TT-BCT detailing a number of articles of Government's Decree No. 109/2010/ND-CP of 4 November 2010 on rice export business.,cereals/grains/rice; international trade; registration; agricultural commodities;,12/31/2010,,,https://faolex.fao.org/docs/pdf/vie102137.pdf
Regulation,Environment; Water,"Decision No. 1439/QD-TTg approving the master plan on socio-economic development of Long An province through 2020, with a vision toward 2030.",agricultural development; pollution control; soil conservation/soil improvement; biodiversity; aquaculture; afforestation/reforestation; forest management/forest conservation; urban land; irrigation; sewerage; waterworks;,10/3/2012,,,https://faolex.fao.org/docs/pdf/vie119859.pdf
Regulation,Land and soil,Decree No. 13/2006/ND-CP on the Determination of Land-use Right Value for Inclusion in Asset Value of Organizations Allocated Land by the State without Collection of Land Use Levy.,land tenure; public land; right of use; taxes ;,1/24/2006,,,https://faolex.fao.org/docs/pdf/vie64308.pdf
Regulation,Cultivated plants,Decree No. 119/2007/ND-CP on tobacco production and trade.,agricultural commodities; tobacco; international trade; plant production; investment;,7/18/2007,,,https://faolex.fao.org/docs/pdf/vie74503.pdf
Legislation,Agricultural and rural development; Environment,Law No. 146/2025/QH15 amending and supplementing a number of articles of 15 laws in the fields of agriculture and the environment.,protection of environment; irrigation; hazards; climate change; environmental impact assessment (EIA); meteorology; pollution control; monitoring; data collection/reporting; biodiversity; biosafety; genetically modified organism (GMO); biotechnology; hazardous substances; hazardous waste; fishery management and conservation; forest management/forest conservation; forest service; protected area; animal health; animal production; drugs; animal feed/feedstuffs; registration; quarantine; plant protection; marine protected areas; coastal zone management; waste management; waterworks; effluent waste water/discharge; freshwater pollution;,12/11/2025,,,https://faolex.fao.org/docs/pdf/vie243097.pdf
Regulation,Water,Decision No. 1890/QD-TTg approving the master plan on socio-economic development of Bac Kan province through 2020.,agricultural development; environmental planning; pollution control; policy/planning; aquaculture; fish products; forest management/forest conservation; land-use planning; urban land; irrigation; water supply; waterworks; drainage/land reclamation;,10/14/2010,,,https://faolex.fao.org/docs/pdf/vie100809.pdf
Regulation,Livestock,Decision No. 43/2006/QD-BNN Promulgating the Regulation on International Exchange of Gene Sources of Precious and Rare Domestic Animals.,animal production; genetic resources; international trade; authorization/permit;,6/1/2006,,,https://faolex.fao.org/docs/pdf/vie65940.pdf
Regulation,Land and soil,Decree No. 142/2005/ND-CP on collection of land rents and water surface rents.,land tenure; lease; public land; contracts; surface water; water rights;,11/14/2005,8/13/2009,,https://faolex.fao.org/docs/pdf/vie61982.pdf
Regulation,Cultivated plants; Environment; Waste & hazardous substances,Circular No. 29/2011/TT-BYT on management of insecticidal or germicidal chemicals and preparations for household and medical use.,pesticides; international trade; authorization/permit; packaging/labelling; transport/storage; plant protection; hazardous substances;,6/30/2011,,,https://faolex.fao.org/docs/pdf/vie107408.pdf
Regulation,Fisheries and Aquaculture,Decision No. 251/1998/QD-TTg on the ratification of the Program for Developing the Export of Aquatic Products up to 2005.,crustaceans; fish products; freshwater fishes; marine fishes; stock enhancement/repopulation; international trade; animal feed/feedstuffs; fishery management and conservation; aquatic animals;,12/25/1999,,,https://faolex.fao.org/docs/pdf/vie20324.pdf
Regulation,Fisheries and Aquaculture,Decision No.126/2005/QD-TTg on a number of policies to encourage development of aquaculture on sea and islands.,aquaculture; mariculture; concession; fishery management and conservation; subsidy/incentive; investment;,6/1/2005,,,https://faolex.fao.org/docs/pdf/vie53328.pdf
Regulation,Land and soil,Decree No. 14/1998/ND-CP on the management of State property.,public land; ownership; cadastre/land registration; land-use planning; land tenure; property rights;,3/6/1998,6/3/2009,,https://faolex.fao.org/docs/pdf/vie14305.pdf
Regulation,Land and soil,Decree No. 181/2004/ND-CP on the implementation of the Land Law.,land tenure; expropriation; right of use; public land; agricultural land; abandoned land/unoccupied land; land valuation; lease; cadastre/land registration; survey/mapping; land-use planning; taxes ; alternative dispute settlement; court/tribunal; offences/penalties; contracts;,10/29/2004,5/20/2011,Repealed,https://faolex.fao.org/docs/pdf/vie50359.pdf
"Regulation, Policies",National development,"Decision No. 872/2015/QD-TTg approving the adjusted master plan on socio-economic development of Thanh Hoa province through 2020, with orientations toward 2030.",agricultural development; cultural heritage; aquaculture; fish products; forest management/forest conservation; land-use planning; urban land; animal production; irrigation; water supply; waterworks; drainage/land reclamation;,6/17/2015,,,https://faolex.fao.org/docs/pdf/vie168539.pdf
Regulation,Land and soil,Decision No. 33/2008/QD-TTg approving the strategy on development of Viet Nam's survey and mapping branch up to 2020.,survey/mapping; research;,2/27/2008,,,https://faolex.fao.org/docs/pdf/vie84184.pdf
"Regulation, Policies",National development,Decision No. 917 /QD-TTg approving the master plan on socio-economic development of Hoa Binh province through 2020.,agricultural development; aquaculture; fish products; forest management/forest conservation; land-use planning; urban land; agricultural land; animal production; irrigation; water supply; waterworks; drainage/land reclamation;,6/11/2013,,,https://faolex.fao.org/docs/pdf/vie164779.pdf
Regulation,Cultivated plants,Decision No. 89/2006/QD-BNN promulgating the Regulation on the management of plant protection drugs.,plant protection; pesticides; internal trade; international trade; packaging/labelling; registration; transport/storage;,10/2/2006,,Repealed,https://faolex.fao.org/docs/pdf/vie67970.pdf
Regulation,Fisheries and Aquaculture; General,Decision No 3919/QD-BNN-TCTS of the Minister of Agriculture and Rural Development on designation and announcement of List of sea ports for seafood - carrying foreign ships to land (Phase I).,harbour; foreign fishing; marine fisheries; marine fishes; international trade; fishing vessel; Illegal unreported and unregulated fishing (IUU fishing); aquatic animals;,10/11/2019,,,https://faolex.fao.org/docs/pdf/vie191157.pdf
Miscellaneous,Livestock; Cultivated plants,Circular No. 11/2021/TT-BNNPTNT of the Minister of Agriculture and Rural Development promulgating the HS code table for the list of goods under the state management authority of the Ministry of Agriculture and Rural Development and the list of export and import goods subject to specialized inspection in the field of agriculture and rural development.,international trade; agricultural commodities; pests/diseases; inspection; pesticides; aquaculture; animal feed/feedstuffs; condiments/herbs/spices; timber; plant protection; fertilizers/nutrients; animal health; quarantine; drugs; plant variety; plant production;,9/20/2021,1/18/2022,,https://faolex.fao.org/docs/pdf/vie221624.pdf
Regulation,Land and soil,Circular No. 17/2009/TT-BTNMT providing for certificates of land use rights and house and land-attached asset ownership.,certification; land tenure; right of use;,10/21/2009,5/20/2011,,https://faolex.fao.org/docs/pdf/vie92165.pdf
Miscellaneous,Land and soil,"Joint Circular No. 01/2010/TTLT-BTNMT-BNV-BTC guiding the functions, tasks, powers, organizational structure and financial mechanism of land fund development organizations.",non-governmental entity; land valuation;,1/8/2010,,,https://faolex.fao.org/docs/pdf/vie94894.pdf
Regulation,Cultivated plants,"Decree No. 31/2016/ND-CP Regulating Penalties for Administrative Offences Involving Plant Varieties, Plant Protection and Quarantine.",intellectual property rights; pesticides; pests/diseases; plant protection; plant variety; quarantine;,5/6/2016,1/10/2022,,https://faolex.fao.org/docs/pdf/vie212137.pdf
Miscellaneous,Food and nutrition,Circular No. 34/2014/TT-BNNPTNT guiding the quality inspection of imported salt.,condiments/herbs/spices; hygiene/sanitary procedures; internal trade; international trade; inspection; standards; food safety and quality;,10/31/2014,,,https://faolex.fao.org/docs/pdf/vie167951.pdf
Policies,Health,Action Plan to Prevent and Control Antimicrobial Resistance in Human Health for the Period of 2026-2030.,antimicrobial resistance (AMR); research; inspection; sustainable development; public health; waste management; One Health approach; monitoring; hygiene/sanitary procedures; data collection/reporting; animal health; drugs; agricultural development;,11/12/2025,,,https://faolex.fao.org/docs/pdf/vie247085.pdf
Regulation,Agricultural and rural development; Cultivated plants,Decision No. 11/2006/QD/TTg approving the key program on biotechnology development and application in the domain of agriculture and rural development up to 2020.,agricultural development; biotechnology; policy/planning; internal trade; international trade; rural development; animal production; plant production; seeds/planting material;,1/12/2006,,,https://faolex.fao.org/docs/pdf/vie63505.pdf
Regulation,Fisheries and Aquaculture,Decision No. 29/2005/QD-BTS on enhancing the inspection of aquatic products exported to the US and Canada.,fish products; international trade; certification; drugs; fish diseases; animal health;,11/1/2005,,Repealed,https://faolex.fao.org/docs/pdf/vie61968.pdf
"Regulation, Policies",Agricultural and rural development; Employment,Decision No. 1956/QD-TTg approving the Scheme on vocational training for rural labourers up to 2020.,agricultural development; capacity building; youth; rural employment; investment; labour;,11/27/2009,,,https://faolex.fao.org/docs/pdf/vie94841.pdf
Regulation,Land and soil,Decree 77/2025/ND-CP stipulating the authority and procedures for establishing state ownership of assets and for handling assets under state ownership.,land tenure; ownership; property rights; land valuation; aquatic animals; aquatic plants; timber; wild fauna; wild flora; endangered species; protection of species; biodiversity;,4/1/2025,,,https://faolex.fao.org/docs/pdf/vie246014.pdf
Regulation,Food and nutrition,Circular No. 28/2011/TT-BYT amending and supplementing a number of articles of Circular No. 13/2010/TT-BYT of 12 May 2010 guiding the management of quick food test kits.,food safety and quality; hygiene/sanitary procedures; packaging/labelling; processing/handling; registration;,6/24/2011,,,https://faolex.fao.org/docs/pdf/vie108677.pdf
Regulation,Water,Decision No. 46/2008/QD-TTg approving the master plan on socio economic development of Lao Cai province until 2020.,agricultural development; policy/planning; land-use planning; animal production; plant variety; water supply; waterworks; right to water; human rights;,3/31/2008,,Repealed,https://faolex.fao.org/docs/pdf/vie79327.pdf
Regulation,Livestock,Governmental Decree No. 15/CP on Feed Management.,animal feed/feedstuffs; authorization/permit; international trade; inspection; offences/penalties; drugs; animal health;,3/19/1996,,Repealed,https://faolex.fao.org/docs/pdf/vie91865.pdf
Regulation,Land and soil,Decree No. 198/2004/ND-CP on collection of land use levies.,land tenure; public land; taxes ; land valuation;,12/3/2004,10/19/2009,,https://faolex.fao.org/docs/pdf/vie50329.pdf
Regulation,Cultivated plants,Ordinance No: 36/2001/PL-UBTVQHl0 on plant protection and quarantine.,plant protection; biological control agents; quarantine; integrated pest management-IPM/pest management strategies; pests/diseases; plant production;,8/8/2001,,Repealed,https://faolex.fao.org/docs/pdf/vie35158.pdf
Regulation,Food and nutrition,Decision No. 28/QD-TTg approving the National Scheme on control of micro-organism contamination and chemical residues in foodstuffs in the period from 2003 to 2010.,food additives; residues/contaminants; standards; toxicity/poisoning; food safety and quality; hygiene/sanitary procedures; processing/handling; slaughtering;,1/6/2003,,,https://faolex.fao.org/docs/pdf/vie36447.pdf
"Regulation, Policies",National development,"Decision No. 260/QD-TTg the master plan on socio-economic development of Thai Nguyen province through 2020, with a vision toward 2030.",agricultural development; policy/planning; processing/handling; land-use planning; environmental planning; business/industry/corporations; urban land; mountain area; minerals; exploration; waste management; effluent waste water/discharge; inland waters; water supply; irrigation; waste disposal;,2/27/2015,,,https://faolex.fao.org/docs/pdf/vie168515.pdf
Miscellaneous,Fisheries and Aquaculture,Circular No. 05/2000/TT-BTS guiding the implementation of the government Resolution No. 09/2000/NQ-CP on a number of policies for economic restructuring and consumption of agricultural products.,aquaculture; fish products; processing/handling; subsidy/incentive; drugs; fish diseases; animal health;,11/3/2000,,,https://faolex.fao.org/docs/pdf/vie26307.pdf
Legislation,General,Order No. 22/2009/L-CTN on the promulgation of the Law on Royalties.,aquatic animals; aquatic plants; fees/royalties; non-wood forest products ; timber; fiscal and market measures; minerals; mining; surface water; groundwater;,12/4/2009,,,https://faolex.fao.org/docs/pdf/vie98834.pdf
Miscellaneous,Livestock; Food and nutrition,"Decision No. 1399/QD-BNN-TCCB defining functions, tasks, powers and organizational structure of the Department of Animal Health.",institution; cattle; hygiene/sanitary procedures; meat; milk/dairy products; poultry products; sheep/goats; slaughtering; swine; food safety and quality; governance; animal health; animal production; animal reproduction; pests/diseases; drugs;,4/13/2017,,,https://faolex.fao.org/docs/pdf/vie212634.pdf
Regulation,Livestock,Decision No. 167/2001/QD-TTg on a number of measures and policies to develop milk cow farming in Vietnam in the 2001/2010 period.,animal production; cattle; animal reproduction;,10/26/2001,,,https://faolex.fao.org/docs/pdf/vie35271.pdf
International Agreement,Cultivated plants,Constitution of the Association of Natural Rubber Producing Countries.,agricultural development; agricultural commodities; institution; governance;,5/21/1968,,,https://faolex.fao.org/docs/pdf/mal33414.pdf
Regulation,Trade,"Decree No. 101/2021/ND-CP on amendments to the Government's Decree No. 122/2016/ND-CP dated September 01, 2016 and Decree No. 57/2020/ND-CP on amendments to the Government's Decree No. 122/2016/ND-CP dated September 01, 2016 on export tariff and import tariff schedules, lists of commodities, absolute, mixed and out-of-quota import duty rates, and to the Decree No. 125/2017/ND-CP dated November 16, 2017 on amendments to Decree No. 122/2016/ND-GOVERNMENT.",taxes; international trade; fiscal and market measures; fruits/edible nuts; seeds/planting material; plant production;,11/15/2021,,,https://faolex.fao.org/docs/pdf/vie209650.pdf
Regulation,Cultivated plants,Decision No. 05/2004/QD-BTNMT promulgating the Regulation on registration and licensing of geodesic and cartographic activities.,cadastre/land registration; survey/mapping; data collection/reporting; monitoring; registration; institution; cereals/grains/rice; agricultural development; integrated pest management-IPM/pest management strategies; pesticides; pests/diseases; research; plant protection; crops ; agricultural commodities; governance;,5/4/2004,,,https://faolex.fao.org/docs/pdf/vie45297.pdf
Regulation,Economy and Finance,Decree No. 80/2021/ND-CP on elaboration of some articles of the Law on Provision of Assistance for Small and Medium Enterprises.,financing; fiscal and market measures; smallholders/peasants; processing/handling; internal trade; international trade; inspection; small and medium enterprises; agricultural development; financial agricultural measures; gender; equity; access-to-information; forest management/forest conservation; forest service;,8/26/2021,,,https://faolex.fao.org/docs/pdf/vie206142.pdf
Miscellaneous,Livestock; Cultivated plants,"Circular No. 43/2018/TT-BNNPTNT on export and import of plant varieties, animal breeds, plant gene resources; import of agrochemicals and import of objects on the list of objects that have to undergo pest risk analysis before import.",authorization/permit; processing/handling; international trade; plant protection; seeds/planting material; risk assessment/management; trade in species; animal reproduction; genetic resources; animal production; plant variety; plant production; endangered species; pests/diseases; wild fauna; wild flora; protection of species; biodiversity;,12/28/2018,,,https://faolex.fao.org/docs/pdf/vie219622.pdf
Legislation,Land and soil,Order No. 02/2010/L-CTN on the promulgation of the Law on Non-Agricultural Land Use Tax.,taxes ; urban land;,6/28/2010,,,https://faolex.fao.org/docs/pdf/vie99578.pdf
Miscellaneous,Livestock,Directive No. 22/2004/CT-TTg on the ongoing bird flu prevention and combat and quick restoration and development of poultry production and farming.,poultry; animal health; animal production; birds; disinfection/disinfestation; inspection; pests/diseases; quarantine; slaughtering; special fund;,6/15/2004,,,https://faolex.fao.org/docs/pdf/vie48669.pdf
Regulation,Cultivated plants,Circular No. 21/2015/TT-BNNPTNT on management of plant protection drugs.,plant protection; pesticides; internal trade; international trade; packaging/labelling; registration; transport/storage; integrated pest management-IPM/pest management strategies; antimicrobial resistance (AMR);,6/8/2015,,,https://faolex.fao.org/docs/pdf/vie168537.pdf
Miscellaneous,Fisheries and Aquaculture,Circular No. 02/2002/TT-BTS guiding the implementation of Government's Decree No. 86/2001 on the conditions for conducting aquatic resources production and business lines.,aquaculture; processing/handling; hygiene/sanitary procedures; drugs; equipment; transport/storage; animal feed/feedstuffs; fish diseases; animal health; food safety and quality; fish products; HACCP;,12/6/2002,,Repealed,https://faolex.fao.org/docs/pdf/vie36434.pdf
Legislation,Land and soil; National development,"Law No. 112/2025/QH15 dated December 10, 2025 on Planning",policy/planning; environmental planning; governance; survey/mapping; public participation; land-use planning; environmental impact assessment (EIA); marine spatial planning; biodiversity;,12/10/2025,,,https://faolex.fao.org/docs/pdf/vie246035.pdf
Regulation,Environment,"Decree No. 29/2008/ND-CP providing for Industrial Parks, Export Processing Zones and Economic Zones.",environmental planning; environmental impact assessment (EIA); industrial water use; business/industry/corporations; policy/planning; pollution control; soil pollution/quality; land-use planning; freshwater pollution; effluent waste water/discharge;,3/14/2008,11/9/2015,,https://faolex.fao.org/docs/pdf/vie168541.pdf
Regulation,Land and soil,"Circular No. 346/1998/TT-TCDC guiding the procedures for land registration, compiling cadastral dossiers and granting land tenure certificates.",land tenure; cadastre/land registration; urban land; agricultural land; survey/mapping; use restrictions;,3/16/1998,,,https://faolex.fao.org/docs/pdf/vie14311.pdf
"Regulation, Policies",Food and nutrition,Decision No. 43/2006/QD-TTg Approving the National Action Plan for Food Safety and Hygiene until 2010.,food safety and quality; HACCP; hygiene/sanitary procedures; policy/planning; institution; governance;,2/20/2006,,,https://faolex.fao.org/docs/pdf/vie64889.pdf
Regulation,Livestock; Food and nutrition,Circular No. 15/2022/TT-BNNPTNT on inspection and supervision of veterinary hygiene and food safety for honey.,inspection; international trade; internal trade; processing/handling; food safety and quality; hygiene/sanitary procedures; apiculture/sericulture; animal health; animal production; drugs;,10/24/2022,,,https://faolex.fao.org/docs/pdf/vie213493.pdf
Regulation,Livestock,Decree No. 47/2005/ND-CP on sanctioning of administrative violations in the domain of livestock breeds.,animal production; legal proceedings/administrative proceedings; genetic resources; standards; hygiene/sanitary procedures; drugs; animal health;,4/8/2005,,,https://faolex.fao.org/docs/pdf/vie52448.pdf
Regulation,Agricultural and rural development; Land and soil,Decree No. 134/2004/ND-CP encouraging the development of rural industry.,agricultural commodities; agricultural development; agricultural land; agro-forestry; capacity building; community management; education; farming; hydropower generation; renewable energy; energy conservation/energy production; aquaculture; equipment; fish products; legal proceedings/administrative proceedings; research; special fund; concession; land reform; land tenure; land-use planning; right of use; subsidy/incentive;,6/9/2004,,,https://faolex.fao.org/docs/pdf/vie48756.pdf
Miscellaneous,Land and soil,Circular No. 68/2010/TT-BTC guiding the registration fee.,cadastre/land registration; fees/royalties;,4/26/2010,,Repealed,https://faolex.fao.org/docs/pdf/vie98413.pdf
Regulation,Food and nutrition,Regulation on food safety conditions at collective refectories and eat-in kitchens as well as ready-made food ration processing business establishments.,food safety and quality; hygiene/sanitary procedures; food additives; processing/handling;,10/3/2001,,,https://faolex.fao.org/docs/pdf/vie35343.pdf
Regulation,Agricultural and rural development; Food and nutrition,Decision No. 14/2008/QD-TTg approving the master plan on biotechnology development and application in Viet Nam up to 2020.,agricultural development; policy/planning; biotechnology; pollution control; aquaculture; food safety and quality; food security; animal reproduction; research; drugs; animal health; animal production;,1/22/2008,,,https://faolex.fao.org/docs/pdf/vie84189.pdf
Regulation,Land and soil,Decree No. 129/2003/ND-CP detailing the implementation of the National Assembly's Resolution No. 15/2003/QH11 on agricultural land-use tax exemption and reduction.,agricultural land; land valuation; land consolidation; land tenure; agricultural development; concession; cooperative/producer organization; farming; inheritance; right of use; land subdivision; transfer rights ; property rights;,11/3/2003,,,https://faolex.fao.org/docs/pdf/vie41497.pdf
Regulation,Economy and Finance,"Decision No. 58/2013/QD-TTg promulgating the regulations on establishment, organization and operation of credit gurantee funds for medium and small enterprises.",institution; financing; business/industry/corporations; governance; small and medium enterprises; credit; special fund;,10/15/2013,,,https://faolex.fao.org/docs/pdf/vie206148.pdf
"Regulation, Policies",Indigenous peoples,Resolution Approving the Master Plan of Social Economic Development in Ethnic Minorities and Mountainous Areas in Period 2021-2030.,sustainable development; investment; poverty; agricultural development; capacity building; cooperative/producer organization; indigenous peoples; labour; mountain area; public health; rural development; rural employment; social protection; education; equity; gender;,11/1/2019,,,https://faolex.fao.org/docs/pdf/vie217431.pdf
Regulation,Agricultural and rural development,"Government Decision on policies for provision of credits to households for agricultural, forestry, fishery, and salt production, and for general rural development.",agricultural development; policy/planning; credit; rural development;,3/2/1993,,,https://faolex.fao.org/docs/pdf/vie9323.pdf
Regulation,Land and soil,Joint Circular No. 20/2011/TTLT-BTP-BTNMT guiding the registration of the mortgage of land use rights and land-attached assets.,right of use; registration;,11/18/2011,,,https://faolex.fao.org/docs/pdf/vie114522.pdf
Regulation,Fisheries and Aquaculture,Decree of the Council of Ministers on Fishery Activities applicable to foreigners and their fishing equipment in the waters of the Socialist Republic of Vietnam.,marine fisheries; marine fishes; equipment; exploration; foreign fishing; protected fishing area; stock enhancement/repopulation; total allowable catch; territorial sea; fishery management and conservation; aquatic animals;,12/22/1990,,,https://faolex.fao.org/docs/pdf/vie4450.pdf
Regulation,Water,Decision No. 83/QD-TTg approving the master plan on socio-economic development of Ben Tre province through 2020.,agricultural development; environmental planning; pollution control; policy/planning; aquaculture; fish products; forest management/forest conservation; biodiversity; land-use planning; urban land; irrigation; water supply; waterworks; drainage/land reclamation;,1/13/2011,,,https://faolex.fao.org/docs/pdf/vie102138.pdf
Regulation,Agricultural and rural development,"Decree No. 15/2017/ND-CP defining the functions, tasks and organizational structure of the Ministry of Agriculture and Rural Development.",institution; agricultural development; farming; financial agricultural measures; irrigation; land consolidation; less favoured areas; soil conservation/soil improvement; rural development; governance; fishing authorization; aquaculture; mariculture; fishery management and conservation; authorization/permit; food safety and quality; forest management/forest conservation; seeds/planting material; animal health; drugs; plant production; plant protection; water supply;,2/17/2017,,Repealed,https://faolex.fao.org/docs/pdf/vie186182.pdf
Regulation,Fisheries and Aquaculture,No. 19/2018/TT-BNNPTNT Circular regarding to the Guidelines for Protection and Development of Aquatic Resources.,inland fisheries; mariculture; marine fisheries; marine fishes; marine mammals; marine protected areas; aquaculture; aquatic animals; aquatic plants; fishery management and conservation; fishing area; fishing gear/fishing method;,11/15/2018,1/18/2022,,https://faolex.fao.org/docs/pdf/vie221127.pdf
Regulation,Agricultural and rural development,Decree No. 210/2013/ND-CP on incentive policies for enterprises investing in agriculture and rural areas.,agricultural development; capacity building; subsidy/incentive; investment;,12/19/2013,,,https://faolex.fao.org/docs/pdf/vie167593.pdf
Regulation,Food and nutrition; Trade,Circular No. 40/2012/TT-BCT on grant of food advertisement content certificates under the management of the Ministry of Industry and Trade.,food safety and quality; processing/handling; certification; food additives; packaging/labelling; beverages; milk/dairy products; internal trade; international trade;,12/21/2012,,,https://faolex.fao.org/docs/pdf/vie164675.pdf
Regulation,Livestock,Circular No. 61/2010/TT-BNNPTNT on veterinary hygiene conditions for poultry slaughterhouses.,slaughtering; poultry; hygiene/sanitary procedures; birds;,10/25/2010,,,https://faolex.fao.org/docs/pdf/vie100761.pdf
International Agreement,Agricultural and rural development,Financing Agreement on Adaptation to Climate Change in the Mekong Delta in Ben Tre and Tra Vinh Provinces (AMD) between the Socialist Republic of Viet Nam and the International Fund for Agricultural Development and the Adaptation for Smallholder Agriculture Programme Trust Fund.,international cooperation; agricultural development; climate change; smallholders/peasants;,3/28/2014,,,https://faolex.fao.org/docs/pdf/vie206411.pdf
Regulation,National development,Decision No. 59/2015/QD-TTg promulgating multidimensional poverty levels applicable during 2016-2020.,poverty; standards; agricultural development; subsidy/incentive; policy/planning;,11/19/2015,,,https://faolex.fao.org/docs/pdf/vie168565.pdf
Regulation,Economy and Finance,Decree on Public-Private Partnership Investment Form (No. 15/2015/ND-CP).,investment; public private partnership (PPP); agricultural development; governance; agricultural land; financial agricultural measures; business/industry/corporations;,2/14/2015,,Repealed,https://faolex.fao.org/docs/pdf/vie174031.pdf
Regulation,Fisheries and Aquaculture,Decree No. 123/2006/ND-CP on management of aquatic resource exploitation by Vietnamese organizations and individuals in sea areas.,marine fisheries; fishery management and conservation; fishing area; foreign fishing; institution; governance;,10/27/2006,,Repealed,https://faolex.fao.org/docs/pdf/vie69865.pdf
Regulation,Land and soil,Decree No. 42/2009/ND-CP on the grading of urban centres.,urban land; policy/planning; cultural heritage;,5/7/2009,,,https://faolex.fao.org/docs/pdf/vie92162.pdf
Regulation,Food and nutrition,Circular 28/2019/TT-BNNPTNT of the Minister of Agriculture and Agricultural Development Regulating the Technical Requirements for Testing Prohibited Chemicals and Antibiotics in Aquatic Foods.,aquatic animals; aquatic plants; fish products; drugs; fish diseases; animal health; antimicrobial resistance (AMR); food safety and quality; MRL-maximum residue limit; residues/contaminants;,12/31/2019,,,https://faolex.fao.org/docs/pdf/vie214648.pdf
Regulation,Agricultural and rural development,Government Decision on agricultural extension (No. 13-CP).,agricultural development; agricultural extension; credit;,3/2/1993,,Repealed,https://faolex.fao.org/docs/pdf/vie9322.pdf
Regulation,Land and soil,"Decree No. 163/1999/ND-CP on assigning and leasing of forestry land to organizations, households and individuals for stable and long-term use for forestry purposes.",protected area; agro-forestry; public forest; forest management/forest conservation; land reform; land tenure; agricultural land; public land;,11/16/1999,,,https://faolex.fao.org/docs/pdf/vie20211.pdf
Policies,Agricultural and rural development; Livestock,Decision No. 2625/QD-BNN-TY promulgating the National Action Plan on Antimicrobial Use Management and Antimicrobial Resistance Prevention in Animal Husbandry and Aquaculture in the 2017-2020 Period.,agricultural development; consumer protection; pests/diseases; good practices; inspection; institution; integrated management; internal trade; international trade; policy/planning; protection of environment; public health; sustainable development; sustainable use; governance; One Health approach; animal feed/feedstuffs; antimicrobial resistance (AMR); monitoring; residues/contaminants; risk assessment/management; drugs; aquaculture; fish diseases; animal health; food safety and quality;,6/21/2017,,,https://faolex.fao.org/docs/pdf/vie211159.pdf
Regulation,Fisheries and Aquaculture,"Circular No. 03/2026/TT-BNNMT dated January 13, 2026 on quarantine of aquatic animals and products thereof.",animal health; quarantine; aquaculture; fish products; fish diseases; biosecurity; hygiene/sanitary procedures; transport/storage; international trade; food safety and quality;,1/13/2026,,,https://faolex.fao.org/docs/pdf/vie246103.pdf
"Regulation, Policies",Health,"Decision No. 3465 /QD-BYT Approval of the "" Action Plan for Prevention and Control of Antimicrobial Resistance"" in healthcare in the period 2024-2025.",hazardous substances; hazardous waste; inspection; international cooperation; monitoring; pollution control; waste management; biosecurity; capacity building; education; governance; public health; antimicrobial resistance (AMR); animal health; animal feed/feedstuffs; drugs; aquaculture; fish diseases; food safety and quality; animal production; pesticides; plant protection; freshwater pollution;,11/15/2024,,,https://faolex.fao.org/docs/pdf/vie236255.pdf
Regulation,Economy and Finance,Decree No. 31/2021/ND-CP on elaboration of some articles of the Law No. 61/2020/QH14 on Investment.,investment; agricultural development; legal proceedings/administrative proceedings; credit; subsidy/incentive; processing/handling; business/industry/corporations; registration; authorization/permit; inspection; fiscal and market measures; data collection/reporting; enforcement/compliance; energy conservation/energy production; nuclear energy; aquaculture; aquatic animals; internal trade; international trade; food safety and quality; afforestation/reforestation; timber; forest management/forest conservation; animal feed/feedstuffs; animal production; animal reproduction; recycling/reuse; water supply; waterworks; trade in species; protection of species; endangered species; wild fauna; wild flora; wildlife products; biodiversity;,3/26/2021,9/3/2025,,https://faolex.fao.org/docs/pdf/vie240169.pdf
Miscellaneous,Food and nutrition,"Circular No. 04/2001/TT-BTM guiding the implementation of the Prime Minister's Directive No. 28/2000/CT-TTg on the implementation of the Regulation on Goods Labelling, issued together with Decision No. 178/19999/QD-TTg of 3 August 1999.",food safety and quality; packaging/labelling;,2/22/2001,,,https://faolex.fao.org/docs/pdf/vie26303.pdf
Legislation,Food and nutrition,Law No. 55/2010/QH12 on Food Safety.,basic legislation; food safety and quality; hygiene/sanitary procedures; internal trade; international trade; packaging/labelling; processing/handling; transport/storage; genetically modified organism (GMO); residues/contaminants; good practices; fraud; traceability; food additives; inspection; risk assessment/management; biotechnology;,6/28/2010,,,https://faolex.fao.org/docs/pdf/vie99786.pdf
Policies,Fisheries and Aquaculture,"National plan of action to prevent, deter and eliminate illegal, unreported and unregulated fishing up to 2025.",fishery management and conservation; marine fisheries; foreign fishing; port State measures; EEZ-Exclusive Economic Zone; landing; transshipment; governance; enforcement/compliance; offences/penalties; monitoring; coastal zone management; data collection/reporting; policy/planning; Illegal unreported and unregulated fishing (IUU fishing); maritime zone;,1/16/2018,,,https://faolex.fao.org/docs/pdf/vie185691.pdf
Regulation,Livestock,Decree No. 35/2016/ND-CP on Guidelines for the Law of Veterinary Medicine.,animal health; pests/diseases; drugs; good practices; internal trade; international trade; authorization/permit;,6/24/2016,1/21/2026,,https://faolex.fao.org/docs/pdf/vie212568.pdf
Regulation,Forestry; Land and soil,"Decree regulating the processes, procedures for establishing the all-people ownership of property and disposal of property eligible for the established all-people ownership.",ownership; public forest; public land; institution; common property; governance; land tenure; property rights;,3/5/2018,,,https://faolex.fao.org/docs/pdf/vie212130.pdf
Miscellaneous,Fisheries and Aquaculture,"Directive No. 1/1998/CT-TTg to strictly ban the use of explosives, electric impulses and toxic substances to exploit aquatic resources.",marine fisheries; fishing gear/fishing method; inspection; authorization/permit; offences/penalties; fishery management and conservation;,1/2/1998,,,https://faolex.fao.org/docs/pdf/vie14284.pdf
Legislation,Economy and Finance,Law No. 61/2020/QH14 on Investment.,framework law; investment; agricultural development; legal proceedings/administrative proceedings; credit; subsidy/incentive; processing/handling; business/industry/corporations; energy conservation/energy production; nuclear energy; aquaculture; aquatic animals; internal trade; international trade; afforestation/reforestation; timber; forest management/forest conservation; animal feed/feedstuffs; animal production; animal reproduction; recycling/reuse; trade in species; protection of species; endangered species; wild fauna; wild flora; wildlife products; biodiversity;,6/17/2020,11/27/2023,Repealed,https://faolex.fao.org/docs/pdf/vie212119.pdf
Legislation,Economy and Finance,Law No. 67/2014/QH13 on Investment.,agricultural development; legal proceedings/administrative proceedings; credit; subsidy/incentive; processing/handling; investment; energy conservation/energy production; nuclear energy; aquaculture; aquatic animals; internal trade; international trade; animal feed/feedstuffs; animal production; animal reproduction;,11/26/2014,,Repealed,https://faolex.fao.org/docs/pdf/vie178852.pdf
"Regulation, Policies",Agricultural and rural development,Decision No. 150/QD-TTg on approving the sustainable agriculture and rural development strategies for the period 2021 - 2030 with a vision toward 2050.,agricultural development; rural development; sustainable development; gender; equity; rural employment; smallholders/peasants; poverty; climate change; agricultural commodities; cooperative/producer organization; innovation; labour; circular economy; fish products; fishery management and conservation; inland fisheries; marine fisheries; aquaculture; internal trade; international trade; food safety and quality; food security; afforestation/reforestation; biodiversity; ecosystem conservation; sustainable use; timber; forest management/forest conservation; animal production;,1/28/2022,,,https://faolex.fao.org/docs/pdf/vie217154.pdf
Miscellaneous,Food and nutrition; Fisheries and Aquaculture,Circular No. 44/2010/TT-BNNPTNT providing for conditions on food safety and hygiene-guaranteed intensive Asian catfish-rearing establishments and zones.,inland fisheries; hygiene/sanitary procedures; processing/handling; aquaculture; fish diseases; drugs; animal feed/feedstuffs; animal health; food safety and quality; waste management;,7/22/2010,,,https://faolex.fao.org/docs/pdf/vie99783.pdf
Regulation,Fisheries and Aquaculture,Decision No. 20/2000/QD-BTC issuing the table of charge and fee rates for aquatic resources protection.,marine fisheries; access right; aquaculture; fishing gear/fishing method; fishing authorization; fishing charge; foreign fishing; inspection; drugs; fish diseases; fishery management and conservation; animal health; authorization/permit;,2/21/2000,,,https://faolex.fao.org/docs/pdf/vie20312.pdf
Regulation,Fisheries and Aquaculture,Decree No. 32/2010/ND-CP on the management of fishery activities of foreign ships in Viet Nam's sea areas.,foreign fishing; fishery management and conservation; fishing vessel; legal proceedings/administrative proceedings; fishing authorization; port State measures; marine fisheries; Illegal unreported and unregulated fishing (IUU fishing); authorization/permit;,3/29/2010,6/20/2012,Repealed,https://faolex.fao.org/docs/pdf/vie96515.pdf
Regulation,Fisheries and Aquaculture,"Decision No. 07/2005/QD-BTS promulgating the lists of chemicals and antibiotics, which are banned or restricted from use in fisheries production and business.",aquaculture; drugs; inspection; animal feed/feedstuffs; fish diseases; animal health;,2/24/2005,,,https://faolex.fao.org/docs/pdf/vie52158.pdf
Regulation,National development,Resolution 50/NQ-CP of 2021 on the Action Program to implement the Resolution of the 13th National Congress of the Party.,sustainable development; policy/planning; climate change; agricultural commodities; agricultural development; food security; environmental planning; pollution control; environmental impact assessment (EIA); biodiversity; waste management; hazards; marine fisheries; inland fisheries; food safety and quality; forest management/forest conservation; non-wood forest products ; timber; afforestation/reforestation; animal feed/feedstuffs; marine pollution; marine protected areas; protected area; water resources management; protection of environment; protection of species;,5/20/2021,,,https://faolex.fao.org/docs/pdf/vie246060.pdf
Regulation,Fisheries and Aquaculture,Decision No. 10/2006/QD-TTg approving the master plan on development of the fisheries sector till 2010 and orientations toward 2020.,fishery management and conservation; policy/planning; aquaculture; processing/handling; investment;,1/11/2006,,,https://faolex.fao.org/docs/pdf/vie63501.pdf
Miscellaneous,Fisheries and Aquaculture,Circular No. 04/2000/TT-BTS guiding the implementation of a number of articles of the Prime Ministers Decision No. 103/1999/QD-TTg on a number of policies to encourage aquatic breeds development.,access right; stock enhancement/repopulation; aquaculture; aquatic animals; biotechnology; drugs; research; subsidy/incentive; animal feed/feedstuffs; fish diseases; fishery management and conservation; animal health;,11/3/2000,,,https://faolex.fao.org/docs/pdf/vie26306.pdf
Legislation,General,Law No. 07/2022/QH15 on amendments to some Articles of the Law on Intellectual Property.,plant variety; intellectual property rights; legal proceedings/administrative proceedings; certification; business/industry/corporations; plant protection; seeds/planting material; plant production; geographical indication;,6/16/2022,,,https://faolex.fao.org/docs/pdf/vie213515.pdf
Regulation,Fisheries and Aquaculture; Sea,Decision No. 742/QD-TTg approving the plan on the system of Viet Nam's marine conservation zones through 2020.,fishery management and conservation; policy/planning; marine protected areas; management/conservation; marine area; protected area;,5/26/2010,,Repealed,https://faolex.fao.org/docs/pdf/vie98327.pdf
"Regulation, Policies",National development,"Decision No. 1636/QD-TTg approving the adjusted master plan on socio-economic development of Lao Cai province through 2020, with a vision toward 2030.",sustainable development; agricultural development; policy/planning; mountain area; fishery management and conservation; food security; poverty; environmental planning; forest management/forest conservation; forestry protection measures; land-use planning; plant variety; water supply; waterworks; right to water; irrigation; human rights;,9/22/2015,,,https://faolex.fao.org/docs/pdf/vie168558.pdf
Miscellaneous,Food and nutrition,Circular No. 05/2000/TT-BTM guiding the implementation of the Prime Minister's Decision No. 242/1999/QD-TTg of 30 December 1999 on the management of goods export and import in 2000.,agricultural commodities; cereals/grains/rice; poultry products; international trade; authorization/permit; timber; fertilizers/nutrients; plant production;,8/27/1999,,,https://faolex.fao.org/docs/pdf/vie20338.pdf
Legislation,Cultivated plants,Law No. 41/2013/QH13 on Plant Protection and Quarantine.,plant protection; quarantine; pesticides; internal trade; international trade; procedural matters; protection of environment; basic legislation; good practices;,11/25/2013,11/20/2018,,https://faolex.fao.org/docs/pdf/vie161038.pdf
Regulation,Fisheries and Aquaculture,Circular No. 02/2006/TT-BTS Guiding the Implementation of the Government's Decree No. 59/2005/ND-CP on Production and Business Conditions of a Number of Fisheries Trades.,aquaculture; processing/handling; hygiene/sanitary procedures; drugs; equipment; authorization/permit; animal feed/feedstuffs; fish diseases; animal health; food safety and quality; fish products; freshwater pollution; pollution control;,3/20/2006,,,https://faolex.fao.org/docs/pdf/vie65895.pdf
Regulation,Fisheries and Aquaculture,Decision No. 224/1999/QD-TTg approving the Aquaculture Development Program for the 1999-2010 period.,aquaculture; agricultural development; policy/planning; stock enhancement/repopulation; research; fishery management and conservation; investment;,12/8/1999,,,https://faolex.fao.org/docs/pdf/vie20288.pdf
Regulation,Land and soil,Decree No. 105/2009/ND-CP on the sanctioning of administrative violations in the land domain.,land tenure; legal proceedings/administrative proceedings; offences/penalties;,11/11/2009,,,https://faolex.fao.org/docs/pdf/vie94816.pdf
Regulation,Cultivated plants,"Decision No. 100/2008/QD-BNN promulgating the regulation on fertilizer production, trading and use.",fertilizers/nutrients; internal trade; plant protection; standards; certification; international trade; packaging/labelling; registration; plant production;,10/15/2008,,Repealed,https://faolex.fao.org/docs/pdf/vie84422.pdf
Regulation,Water,Decision No. 192/2006/QD-TTg approving the scheme on socio-economic development in Lai Chau Province until 2010.,agricultural development; farming; policy/planning; mountain area; land-use planning; inland waters; irrigation; public water; sewerage; surface water; waste disposal; water supply;,8/21/2006,,,https://faolex.fao.org/docs/pdf/vie69989.pdf
Regulation,Water,Decision No. 114/2009/QD-TTg approving the master plan on socio-economic development of Thanh Hoa province up to 2020.,agricultural development; aquaculture; fish products; forest management/forest conservation; land-use planning; urban land; animal production; irrigation; water supply; waterworks; drainage/land reclamation;,9/28/2009,,Repealed,https://faolex.fao.org/docs/pdf/vie92112.pdf
Miscellaneous,Land and soil,Circular No. 29/2006/TT-BTC guiding the implementation of Government's Decree No. 13/2006/ND-CP on Determination of Land-use Right Value for Inclusion in Asset Value of Organizations Allocated Land by the State without Collection of Land Use Levy.,land tenure; public land; right of use; taxes ;,4/4/2006,,,https://faolex.fao.org/docs/pdf/vie65728.pdf
International Agreement,Agricultural and rural development,Agreement for the establishment of a Centre on Integrated Rural Development for Asia and the Pacific.,agricultural development; less favoured areas; institution; rural development; governance;,7/29/1978,,,https://faolex.fao.org/docs/pdf/mal33937.pdf
Regulation,Land and soil,Circular No. 70/2006/TT-BTC guiding amendments and supplements to the Finance Ministry's Circular No. 117/2004/TT-BTC guiding the implementation of the Government's Decree No. 198/2004/ND-CP on collection of land use levies.,land tenure; public land; taxes ; land valuation;,8/2/2006,,Repealed,https://faolex.fao.org/docs/pdf/vie68028.pdf
Regulation,Water,Decision No. 733/QD-TTg approving the master plan on socio-economic development of Thai Binh province through 2020.,agricultural development; pollution control; forest management/forest conservation; land-use planning; urban land; irrigation; waterworks; water supply; drainage/land reclamation;,5/17/2011,,,https://faolex.fao.org/docs/pdf/vie105090.pdf
Regulation,Food and nutrition,Decree No. 179/2004/ND-CP providing for State management over product and goods quality.,food safety and quality; certification; institution; inspection; offences/penalties; governance;,10/21/2004,,Repealed,https://faolex.fao.org/docs/pdf/vie50501.pdf
Regulation,Land and soil,Decree No. 123/2007/ND-CP amending and supplementing a number of articles of Decree No. 188/2004/ND-CP of 26 November 2004 on methods of determining land prices and price brackets of land of different categories.,land tenure; land valuation; registration; fees/royalties;,7/27/2007,8/13/2009,,https://faolex.fao.org/docs/pdf/vie74539.pdf
Regulation,Land and soil,"Decision No. 12/2004/QD-BTNMT defining the functions, tasks, powers and organizational structure of the Topography and Cartography Department.",institution; cadastre/land registration; land tenure; land-use planning; legal proceedings/administrative proceedings; monitoring; research; survey/mapping; coastal zone management; governance;,6/16/2004,,,https://faolex.fao.org/docs/pdf/vie48672.pdf
Regulation,Food and nutrition,Circular No. 75/2011/TT-BNNPTNT providing the registration and certification of food advertisement contents under the management of the Ministry of Agriculture and Rural Development.,certification; food safety and quality; packaging/labelling;,10/31/2011,,,https://faolex.fao.org/docs/pdf/vie109903.pdf
Regulation,Water,Decision No. 120/2009/QD-TTg approving the master plan on socio-economic development of Binh Thuan province up to 2020.,agricultural development; cultural heritage; environmental planning; pollution control; policy/planning; aquaculture; fish products; forest management/forest conservation; land-use planning; urban land; irrigation; water supply; waterworks; drainage/land reclamation;,10/6/2009,,,https://faolex.fao.org/docs/pdf/vie94774.pdf
Regulation,Water,Decision No. 438/QD-TTg approving the master plan on socio-economic development of Tra Vinh province through 2020.,agricultural development; pollution control; soil conservation/soil improvement; aquaculture; afforestation/reforestation; forest management/forest conservation; land-use planning; urban land; irrigation; sewerage; waterworks;,3/24/2011,,,https://faolex.fao.org/docs/pdf/vie106930.pdf
Regulation,Food and nutrition,Decision No. 6289/2003 promulgating the Regulation on addition of micronutrients to food.,food safety and quality; nutrition; packaging/labelling; transport/storage;,12/9/2003,,,https://faolex.fao.org/docs/pdf/vie83831.pdf
Miscellaneous,Food and nutrition; Cultivated plants,Circular No. 50/2009/TT-BNNPTNT promulgating the list of likely unsafe products and goods under the management of the Ministry of Agriculture and Rural Development.,fish products; food safety and quality; vegetables/legumes; animal feed/feedstuffs; drugs; animal health; fertilizers/nutrients; plant variety; seeds/planting material; plant production; wildlife products;,8/18/2009,,,https://faolex.fao.org/docs/pdf/vie92108.pdf
Regulation,Agricultural and rural development,Decree No. 41/2010/ND-CP on credit policies for agricultural and rural development.,agricultural development; financial agricultural measures; subsidy/incentive; investment; rural development;,4/12/2010,,,https://faolex.fao.org/docs/pdf/vie96523.pdf
Miscellaneous,Cultivated plants,Circular No. 41/2009/TT-BNNPTNN on management and use of specimens of plant varieties.,plant production; plant variety; internal trade; plant protection; transport/storage;,7/9/2009,,,https://faolex.fao.org/docs/pdf/vie94787.pdf
Regulation,Forestry,Decision No. 129/2009/QD-TTg approving the Scheme on investment promotion mechanisms and policies for natural resource and environmental protection.,environmental planning; forest management/forest conservation; national parks; protection forest; protected area; investment; policy/planning; land-use planning; liability/compensation; wetlands;,10/29/2009,,,https://faolex.fao.org/docs/pdf/vie94842.pdf
Regulation,Food and nutrition,"Regulation on conditions for ensuring food hygiene and safety in the production of, trading in, and use of, food additives.",treated food; food additives; food safety and quality; hygiene/sanitary procedures; fraud; processing/handling; packaging/labelling;,3/21/2002,,,https://faolex.fao.org/docs/pdf/vie35326.pdf
Regulation,Fisheries and Aquaculture,"Decision No. 2033/QD-TTg approving the Scheme to develop production and sale of ""tra"" catfish in the Mekong river delta up to 2020.",fishery management and conservation; freshwater fishes; inland fisheries; aquaculture; fish products; processing/handling; drugs; fish diseases; animal health; aquatic animals;,12/4/2009,,,https://faolex.fao.org/docs/pdf/vie95276.pdf
Miscellaneous,Land and soil,Joint Circular No. 07/2011/TTLT-BNNPTNT-BTNMT guiding forest allocation and lease in association with forestland allocation and lease.,forest management/forest conservation; public forest; lease; certification; land reform; cadastre/land registration; contracts; land tenure;,1/29/2011,,,https://faolex.fao.org/docs/pdf/vie102727.pdf
Miscellaneous,Land and soil,Guidelines for the Allocation of Land in accordance with Decision 327-CT.,land reform; land tenure; land-use planning; soil conservation/soil improvement; certification; registration; survey/mapping; wetlands;,5/8/1993,,,https://faolex.fao.org/docs/pdf/vie27351.pdf
Regulation,Food and nutrition,Decree No. 163/2004/ND-CP detailing the implementation of a number of Articles of the Ordinance on Food Hygiene and Safety.,food safety and quality; fraud; hygiene/sanitary procedures; internal trade; international trade; legal proceedings/administrative proceedings; packaging/labelling; processing/handling; toxicity/poisoning; treated food; HACCP; good practices;,9/7/2004,,,https://faolex.fao.org/docs/pdf/vie48720.pdf
Regulation,Environment; Water,Decision No. 195/QD-TTg approving the master plan on socio-economic development of Vinh Long province through 2020.,agricultural development; pollution control; soil conservation/soil improvement; biodiversity; aquaculture; afforestation/reforestation; forest management/forest conservation; urban land; irrigation; sewerage; waterworks;,2/16/2012,,,https://faolex.fao.org/docs/pdf/vie113237.pdf
Regulation,Fisheries and Aquaculture,"Circular No. 24/2018/TT- BNNPTNT of the Minister of Agriculture and Rural Development regulating the updating, exploitation and management the national database on fisheries.",marine fisheries; inland fisheries; aquaculture; data collection/reporting; registration; authorization/permit;,11/15/2018,1/18/2022,,https://faolex.fao.org/docs/pdf/vie221443.pdf
Regulation,Agricultural and rural development,Government Regulation concerning agricultural extension (No. 13-CP).,agricultural development; agricultural extension;,3/2/1993,,,https://faolex.fao.org/docs/pdf/vie21382.pdf
Regulation,Food and nutrition,Decision No. 03/1999/QD-CDTQG promulgating the Regulation on bidding purchase and sale of national food reserve.,food security;,1/12/1999,,,https://faolex.fao.org/docs/pdf/vie20341.pdf
Regulation,Food and nutrition,Decision No. 244/1998/QD-TTg issuing the Regulation on operation of the Management Board of the National Target Program for Hunger Eradication and Poverty Alleviation.,food security; institution; governance;,12/19/1998,,,https://faolex.fao.org/docs/pdf/vie20321.pdf
Regulation,Fisheries and Aquaculture,Decision No. 242/2006/QD-TTg approving the program on development of aquatic product export up to 2010 and orientations to 2020.,fish products; international trade; policy/planning;,10/25/2006,,,https://faolex.fao.org/docs/pdf/vie69863.pdf
Legislation,Economy and Finance,Law No. 04/2017/QH14 on Provision of Assistance for Small and Medium-Sized Enterprises.,framework law; financing; fiscal and market measures; smallholders/peasants; gender; equity; processing/handling; internal trade; international trade; inspection; small and medium enterprises; agricultural development; financial agricultural measures; access-to-information; aquaculture; forest management/forest conservation; forest service;,6/12/2017,,,https://faolex.fao.org/docs/pdf/vie206141.pdf
International Agreement,Trade,Trade Promotion Agreement between the Government of the Socialist Republic of Vietnam and the Royal Government of Cambodia.,international trade; agricultural commodities; aquatic animals; aquatic plants;,12/26/2013,,,https://faolex.fao.org/docs/pdf/bi-223335.pdf
Policies,Agricultural and rural development,"Resolution Số 19-NQ/TW of the Fifth Session of the 13th Central Executive Committee of the Party on agriculture, farmers and rural areas to 2030 with a vision to 2045.",agricultural development; rural development; capacity building; climate change; food security; labour; smallholders/peasants; policy/planning; protection of environment; rural employment; sustainable development;,7/16/2022,,,https://faolex.fao.org/docs/pdf/vie214164.pdf
"Regulation, Policies",Land and soil,"Resolution on the National Land Use Plan for the period 2021 - 2030, with a vision to 2050 and the 5-year National Land Use Plan 2021 - 2025.",policy/planning; agricultural development; agricultural land; flood; protection of environment; soil conservation/soil improvement; soil pollution/quality; sustainable development; sustainable use; irrigation; financial agricultural measures; climate change; hazards; pollution control; food security; land-use planning; data collection/reporting;,11/13/2021,,,https://faolex.fao.org/docs/pdf/vie219121.pdf
Regulation,Livestock,Circular 15/2026/TT-BNNMT amends the Circulars regulating the management of veterinary drugs.,food safety and quality; drugs; animal health; authorization/permit; registration; inspection; standards; packaging/labelling; traceability;,3/3/2026,,,https://faolex.fao.org/docs/pdf/vie246075.pdf
Regulation,Food and nutrition,"Decision 2980/QD-BNN-KTHT 2022 of Minister of Agriculture and Rural Development promulgating the guidelines for implementing the National Action Program ""Zero Hunger"" in Vietnam by 2025.",food security; institution; gender; good practices; public health; public participation; rural employment; food loss and waste; poverty; research; agricultural development; smallholders/peasants; labour; governance; financing; enforcement/compliance; hazards; early warning system; nutrition; animal health; animal production;,8/5/2022,,,https://faolex.fao.org/docs/pdf/vie230194.pdf
Policies,National development; Climate change,Decision 882/QD-TTg in 2022 promulgated by the Prime Minister approving the National Action Plan on Green Growth for the 2021-2030 Period.,climate change; sustainable development; emissions; inspection; green economy; sustainable use; waste disposal; waste management; waste prevention; hazards;,7/22/2022,,,https://faolex.fao.org/docs/pdf/vie214650.pdf
Regulation,Agricultural and rural development,Decision No. 1895/QD-TTg approving the Program on hi-tech agriculture development under the national program on hi-tech development through 2020.,agricultural development; innovation; aquaculture; equipment; research; animal production; plant variety;,12/17/2012,,,https://faolex.fao.org/docs/pdf/vie122503.pdf
Regulation,Agricultural and rural development; Forestry,"Circular 17/2025/TT-BNNMT regulating the decentralization of state management in the field of quality management of agricultural, forestry and fishery products.",institution; agricultural development; rural development; sustainable use; governance; authorization/permit; fishery management and conservation; food safety and quality; certification; forest management/forest conservation; animal health; animal production;,6/19/2025,,,https://faolex.fao.org/docs/pdf/vie237930.pdf
Regulation,Fisheries and Aquaculture,"Circular No. 20/2018 / TT- BNN P T N T of the Minister of Agriculture and Rural Development on Regulations on costumes, logos, flags, traditional flags, fishery inspection cards and paint colors of ships and fishing boats of the Fisheries Inspection Force.",inspection; marine fisheries; inland fisheries;,11/15/2018,,,https://faolex.fao.org/docs/pdf/vie221440.pdf
Regulation,Livestock,Circular 18/2023/TT-BNNPTNT amending and supplementing some articles of Circular No. 23/2019/TT-BNNPTNT providing instructions on several articles on livestock production activities in the Law on Animal Husbandry.,animal production; traceability; data collection/reporting; hygiene/sanitary procedures; biosafety; animal reproduction;,12/15/2023,,,https://faolex.fao.org/docs/pdf/vie223793.pdf
Regulation,Fisheries and Aquaculture,"Circular 06/2024/TT-BNNPTNT amending and supplementing a number of articles of Circular No. 23/2018/TT-BNNPTNT dated November 15, 2018 of the Minister of Agriculture and Rural Development regulating fishing vessel inspectors; recognition of fishing vessel inspection facilities; ensuring technical safety of fishing vessels and fisheries control vessels; registration of fishing vessels and fisheries service vessels; deregistration of fishing vessels and marking of fishing vessels.",registration; fishing vessel; inspection; marine fisheries; inland fisheries;,5/6/2024,,,https://faolex.fao.org/docs/pdf/vie238039.pdf
Regulation,Fisheries and Aquaculture,"Decision No. 757/QD-TTg on approving the Plan to implement the Agreement on Port State Measures to prevent, deter and eliminate illegal, unreported and unregulated fishing of the Food and Agriculture Organization of the United Nations (FAO) until 2025.",international cooperation; marine fisheries; enforcement/compliance; capacity building; data collection/reporting; foreign fishing; governance; Illegal unreported and unregulated fishing (IUU fishing); inspection; monitoring; policy/planning; port State measures; fishery management and conservation; internal trade; international trade;,6/4/2020,,,https://faolex.fao.org/docs/pdf/vie241770.pdf
International Agreement,Agricultural and rural development,Acuerdo de Cooperación en Agricultura y Agroindustria suscrito entre la República de Argentina y la República Socialista de Viet Nam.,agricultural development;,2/17/1997,,,https://faolex.fao.org/docs/pdf/bi-24719.pdf
International Agreement,Agricultural and rural development; Energy,"Memorandum of Understanding between the Government of the People's Republic of China and the Government of the Socialist Republic of Vietnam on the ""Two Corridors and One Ring"" Cooperation.",agricultural commodities; agricultural development; international cooperation; international trade; harbour;,11/16/2006,,,https://faolex.fao.org/docs/pdf/bi-175005.pdf
Policies,Wild species and ecosystems,Decision No: 1141 /QD-TTg of the Prime Minister on approving the project on capacity building on management of access to genetic resources and fair and reasonable sharing of benefits arising from the use of genetic resources in the 2016-2025 period.,access and benefit-sharing; biodiversity; research; indigenous peoples; sustainable use; traditional knowledge/indigenous knowledge; capacity building; management/conservation; data collection/reporting; genetic resources; wild fauna; wild flora; ecosystem conservation; endangered species; protection of habitats; protection of species; registration; aquatic animals; aquatic plants;,6/27/2016,,,https://faolex.fao.org/docs/pdf/vie214611.pdf
Regulation,Food and nutrition,Decision 804/QD-TTg establishing the National Steering Committee for the Zero Hunger Program 2016-2025.,food security; institution; gender; good practices; public health; public participation; rural employment; food loss and waste; poverty; research; agricultural development; smallholders/peasants; labour; governance; hazards; early warning system; nutrition; animal health; animal production;,5/12/2016,,,https://faolex.fao.org/docs/pdf/vie230193.pdf
International Agreement,Cultivated plants,Cooperative Agreement between the Government of the People's Republic of China and the Government of the Socialist Republic of Vietnam on Plant Protection and Plant Quarantine.,quarantine; pests/diseases; certification; international trade; plant protection;,5/30/2008,,,https://faolex.fao.org/docs/pdf/bi-175002.pdf
Regulation,Livestock; Food and nutrition,Circular No.: 09/2016/TT-BNNPTNT providing for Animal Slaughter Control And Veterinary Hygiene Inspection.,certification; food safety and quality; hygiene/sanitary procedures; inspection; internal trade; international trade; packaging/labelling; meat; poultry products; slaughtering; waste management; animal health; classification/declassification; enforcement/compliance; pests/diseases; good practices; standards;,6/1/2016,,,https://faolex.fao.org/docs/pdf/vie210748.pdf
Miscellaneous,Livestock; Climate change,"Circular 26/2024/TT-BNNPTNT Promulgating Economic and Technical Standards for Measurement, Reporting, Evaluation of Greenhouse Gas Emission Reduction and Greenhouse Gas Inventory in the Livestock Sector.",climate change; animal production; emissions; labour; risk assessment/management; data collection/reporting;,12/16/2024,,,https://faolex.fao.org/docs/pdf/vie232219.pdf
Policies,Land and soil,"Resolution Số 18-NQ/TW of the Fifth Session of the 13th Central Executive Committee of the Party Central Committee on continuing to renovate and perfect institutions and policies, improve the effectiveness and efficiency of land management and use, and create a driving force for our country to become a high-income developed country.",agricultural land; climate change; financing; land tenure; land-use planning; lease; liability/compensation; policy/planning; property rights; protection of environment; right of use; soil pollution/quality; urban land; authorization/permit; governance; institution; contracts; pollution control;,6/16/2022,,,https://faolex.fao.org/docs/pdf/vie214163.pdf
Regulation,Economy and Finance,Circular 14/2017/TT-BNNPTNT on the guidance of public private partnership for investment in agriculture and rural areas.,agricultural development; public private partnership (PPP); agricultural land; financial agricultural measures;,7/5/2017,,,https://faolex.fao.org/docs/pdf/vie176581.pdf
Regulation,National development,Decree No. 07/2021/ND-CP on multidimensional poverty criteria in the period of 2021-2025.,poverty; standards; rural development;,1/27/2021,2/24/2025,,https://faolex.fao.org/docs/pdf/vie236805.pdf
Regulation,Agricultural and rural development,"Decision 4196/QD-BNN-TCCB 2023 promulgating the Regulations on Functions, Tasks, Powers and Organizational Structure of the Department of Cooperative Economy and Rural Development.",agricultural development; capacity building; cooperative/producer organization; family farming; rural development; smallholders/peasants; social protection; farming;,10/12/2023,,,https://faolex.fao.org/docs/pdf/vie230022.pdf
Regulation,Land and soil,"Decree No. 186/2025/ND-CP dated July 1, 2025 on elaborating Law on Management and Use of Public Property",land tenure; ownership; property rights; public procurement; public land; public private partnership (PPP); land valuation; transfer rights ;,7/1/2025,,,https://faolex.fao.org/docs/pdf/vie246067.pdf
"Regulation, Policies",Environment,Decision No. 403/QD-TTg approving the National Green Growth Action Plan 2014-2020.,climate change; ecofriendly products/ecofriendly processes; ecological production/organic production; sustainable use; sustainable development; ozone layer; emissions; green economy;,3/20/2014,,,https://faolex.fao.org/docs/pdf/vie190688.pdf
Regulation,Fisheries and Aquaculture,Decision No. 50/2018/QD-TTg regulating key aquaculture species.,aquaculture; aquatic animals; business/industry/corporations; registration; data collection/reporting; internal trade; international trade;,12/13/2018,,,https://faolex.fao.org/docs/pdf/vie238026.pdf
Regulation,Livestock,"Decree No. 13/2020/ND-CP dated January 21, 2020 on elaboration of the Law on Animal Husbandry.",animal feed/feedstuffs; animal production; public health; authorization/permit; international trade; internal trade; processing/handling; transport/storage; certification; inspection; animal reproduction; drugs; animal health;,1/21/2020,1/21/2026,,https://faolex.fao.org/docs/pdf/vie211555.pdf
Regulation,Livestock,Circular 21/2024/TT-BNNPTNT amends Circular 22/2019/TT-BNNPTNT guiding the Law on Livestock on the management of animal breeds and breeding products.,animal production; animal reproduction; authorization/permit; registration; standards; access and benefit-sharing; genetic resources;,12/11/2024,,,https://faolex.fao.org/docs/pdf/vie246085.pdf
International Agreement,Cultivated plants,Agreement between the Government of Belarus and the Government of Viet Nam on cooperation in the sphere of plant quarantine and plant protection.,quarantine; seeds/planting material; certification; international trade; plant production; plant protection;,4/7/2008,,,https://faolex.fao.org/docs/pdf/bi-104098.pdf
Regulation,Cultivated plants; Climate change,"Resolution 17/2026/NQ-CP on reducing, decentralising, and simplifying administrative procedures and reducing and simplifying business conditions under the management of the Ministry of Agriculture and Environment.",governance; decentralization; authorization/permit; inspection; certification; registration; biodiversity;,4/29/2026,,,https://faolex.fao.org/docs/pdf/vie246108.pdf
Miscellaneous,Fisheries and Aquaculture,National Standard TCVN 13528-1:2022 Good Aquaculture Practices (VietGAP) - Part 1: Pond Aquaculture.,aquaculture; aquatic animals; business/industry/corporations; standards; data collection/reporting; protection of environment; labour; animal feed/feedstuffs; animal health; animal reproduction; aquatic plants; biodiversity; certification; good practices; traceability; food safety and quality;,1/1/2022,,,https://faolex.fao.org/docs/pdf/vie238038.pdf
International Agreement,Agricultural and rural development; Energy,Agreement between the Government of the People's Republic of China and the Government of the Socialist Republic of Vietnam on Expanding and Deepening Bilateral Economic and Trade Cooperation.,agricultural commodities; agricultural development; international cooperation; international trade;,11/16/2006,,,https://faolex.fao.org/docs/pdf/bi-175004.pdf
International Agreement,Food and nutrition; Forestry,Agreement between the Government of the Federal Republic of Germany and the Government of the Socialist Republic of Vietnam on financial cooperation 2011.,public health; financing; international cooperation; forest management/forest conservation; biodiversity;,10/11/2012,,,https://faolex.fao.org/docs/pdf/bi-132559.pdf
Regulation,Food and nutrition,Decree No. 38/2012/ND-CP detailing the implemenation of a number of articles of the Law on Food Safety.,food safety and quality; hygiene/sanitary procedures; international trade; packaging/labelling; genetically modified organism (GMO); certification; processing/handling; inspection;,4/25/2012,,Repealed,https://faolex.fao.org/docs/pdf/vie114966.pdf
"Regulation, Policies",National development,Decision 622/QD-TTg on the issuance of the National Action Plan for the Implementation of the 2030 Sustainable Development Agenda.,agricultural commodities; agricultural development; sustainable development; sustainable use; gender; genetic resources; governance; policy/planning; poverty; protection of environment; climate change; capacity building; rural employment; youth; social protection; cultural heritage; labour; hazards; ecosystem conservation; energy conservation/energy production; early warning system; fishery management and conservation; subsidy/incentive; Illegal unreported and unregulated fishing (IUU fishing); food safety and quality; food security; nutrition; food loss and waste; forest management/forest conservation; biodiversity;,5/10/2017,,,https://faolex.fao.org/docs/pdf/vie189911.pdf
Regulation,Cultivated plants,Decision No 212/2005/QD-TTg promulgating the Regulation on management of biological safety of genetically modified organisms; products and goods originating from genetically modified organisms.,genetically modified organism (GMO); research; transport/storage; certification; international trade; packaging/labelling; biotechnology;,8/26/2005,,Repealed,https://faolex.fao.org/docs/pdf/vie53380.pdf
Regulation,Agricultural and rural development; Environment,Decree No. 136/2025/ND-CP regulating decentralization and delegation in the fields of agriculture and environment.,institution; agricultural development; rural development; sustainable use; governance; authorization/permit; climate change; protection of environment; hazards; biodiversity; fishery management and conservation; food safety and quality; certification; forest management/forest conservation; animal health; animal production; minerals; mining; intellectual property rights; marine area; zoning; water resources management; irrigation; wetlands;,6/12/2025,,,https://faolex.fao.org/docs/pdf/vie237929.pdf
Regulation,Fisheries and Aquaculture,"Decree No. 37/2024/ND-CP on on amendments to some Articles of the Government's Decree No. 26/2019/ND-CP dated March 08, 2019 on guidelines for implementation of the Law on Fisheries.",fishing authorization; aquaculture; mariculture; fishery management and conservation; protected fishing area; protection of environment; protection of species; registration; fishing vessel; harbour; foreign fishing; marine fisheries; marine fishes; marine mammals; Illegal unreported and unregulated fishing (IUU fishing); animal feed/feedstuffs; animal health; fish diseases; authorization/permit; inspection; aquatic animals; biodiversity; traceability; trade in species; marine protected areas; port State measures;,4/4/2024,,,https://faolex.fao.org/docs/pdf/vie238007.pdf
International Agreement,Livestock,Agreement between the Government of the People's Republic of China and the Government of the Socialist Republic of Vietnam on Animal Quarantine and Animal Health.,international trade; animal health; quarantine;,5/30/2008,,,https://faolex.fao.org/docs/pdf/bi-175003.pdf
Regulation,Fisheries and Aquaculture,Circular No. 23/2018/TT- BNNPTNT of the Minister of Agriculture and Rural Development regulating fishing vessel registrars; recognition of fishing vessel registration facilities; technical safety of fishing vessels and fisheries surveillance vessels; registration of fishing vessels and fisheries service vessels; Deregister fishing vessels and mark fishing vessels.,marine fisheries; inland fisheries; fishing vessel; certification; registration;,11/15/2018,5/6/2024,,https://faolex.fao.org/docs/pdf/vie221442.pdf
International Agreement,Livestock,Agreement between the Government of Romania and the Government of the Socialist Republic of Vietnam regarding cooperation in the sanitary and veterinary field.,international cooperation; animal feed/feedstuffs; animal production; animal health; animal reproduction; drugs; pests/diseases; international trade;,10/16/2003,,,https://faolex.fao.org/docs/pdf/bi-217105.pdf
International Agreement,Livestock; Fisheries and Aquaculture; Cultivated plants,"Ley Aprobatoria del Acuerdo entre el Gobierno de la República Bolivariana de Venezuela y el Gobierno de la República Socialista de Vietnam, sobre Proyectos de Cooperación Agrícola para el período 2015-2018.",aquaculture; mariculture; crustaceans; research; aquatic animals; food security; food sovereignty; meat; fish products; cereals/grains/rice; agricultural commodities; animal health; animal production; cattle; plant production; crops ;,11/3/2015,,,https://faolex.fao.org/docs/pdf/bi-192712.pdf
"Regulation, Policies",National development,Decision 681/QD-TTg 2019 regarding Roadmap for implementing Vietnam's sustainable development goals to 2030.,sustainable development; agricultural commodities; agricultural development; consumer protection; data collection/reporting; education; equity; food security; gender; innovation; investment; labour; poverty; social protection; hazards; climate change; energy conservation/energy production; emissions; waste management; protection of environment; ecosystem conservation; protected area; public health; pollution control; food safety and quality; nutrition; harbour; blue economy; policy/planning; right to water; sustainable use; water resources management; water supply; freshwater pollution; human rights;,6/4/2019,,,https://faolex.fao.org/docs/pdf/vie230550.pdf
Regulation,Fisheries and Aquaculture,Circular No. 22/2018/TT-BNNPTNT of the Minister of Agriculture and Rural Development regulating crew members of fishing vessels and fishery service vessels.,marine fisheries; inland fisheries; fishing vessel; certification;,11/15/2018,1/18/2022,,https://faolex.fao.org/docs/pdf/vie221441.pdf
International Agreement,Cultivated plants,Agreement between the Government of the Russian Federation and the Government of the Socialist Republic of Viet Nam on cooperation in the sphere of plant quarantine and plant protection.,pests/diseases; weeds; quarantine; international trade; certification; inspection; packaging/labelling; disinfection/disinfestation; seeds/planting material; plant production; plant protection;,9/11/2000,,,https://faolex.fao.org/docs/pdf/bi-64586.pdf
Miscellaneous,Livestock,Technical Guidelines for Swiftbird Production.,birds; family farming; processing/handling; animal production;,1/1/2023,,,https://faolex.fao.org/docs/pdf/vie223792.pdf
"Regulation, Policies",Food and nutrition,"Decision No. 712/QD-TTg promulgating the National Programme of Action for ""Zero hunger"" in Vietnam until 2025.",food security; institution; gender; good practices; public health; public participation; rural employment; food loss and waste; poverty; research; agricultural development; smallholders/peasants; labour; governance; hazards; early warning system; nutrition; animal health; animal production;,6/12/2018,,,https://faolex.fao.org/docs/pdf/vie190718.pdf
Policies,National development; Indigenous peoples,"Ethnic Work Strategy for the period of 2021 - 2030 , with a Vision to 2045.",sustainable development; Indigenous Peoples; capacity building; education; equity; financing; investment; poverty; agricultural development; agricultural land; agro-forestry; farming; food security; food safety and quality; nutrition; forest management/forest conservation;,1/28/2022,,,https://faolex.fao.org/docs/pdf/vie213438.pdf
Policies,Food and nutrition,Resolution on Ensuring National Food Security by 2030 (No: 34/NQ-CP).,food security; internal trade; international cooperation; international trade; investment; agricultural commodities; climate change; capacity building; hazards; fish products; nutrition; cereals/grains/rice; innovation; meat; milk/dairy products; animal production;,3/25/2021,,,https://faolex.fao.org/docs/pdf/vie228965.pdf
Regulation,Fisheries and Aquaculture,"Decision No. 596/QD-TTg establishing the National Steering Committee for combating Illegal, Unreported and Unregulated Fishing.",institution; fishery management and conservation; marine fisheries; foreign fishing; governance; enforcement/compliance; offences/penalties; monitoring; data collection/reporting; Illegal unreported and unregulated fishing (IUU fishing);,5/20/2019,,,https://faolex.fao.org/docs/pdf/vie186294.pdf
Regulation,Livestock,"Circular 18/2024/TT-BNNPTNT on the List of veterinary drugs permitted for circulation in Vietnam, the List of veterinary drugs prohibited for use in Vietnam, and amending Circular 01/2024/TT-BNNPTNT on the HS code table for the List of goods under the state management authority of the Ministry of Agriculture and Rural Development and the List of goods subject to specialised inspection for import and export in the field of agriculture and rural development.",aquaculture; drugs; animal health; fish diseases; international trade; internal trade; pests/diseases;,11/29/2024,,,https://faolex.fao.org/docs/pdf/vie246104.pdf
Miscellaneous,Livestock; Cultivated plants,National Technical Regulation QCVN 01-195:2022/BNNPTNT on Livestock Used for Crops.,irrigation; standards; food safety and quality; animal production; medicinal plants; effluent waste water/discharge; pollution control; freshwater pollution;,1/1/2022,,,https://faolex.fao.org/docs/pdf/vie219150.pdf
Regulation,Fisheries and Aquaculture,Decree No. 38/2024/ND-CP on on Penalties for Administrative Violations against Regulations on Fisheries.,fishery management and conservation; offences/penalties; marine fisheries; inland fisheries; aquaculture; mariculture; monitoring; legal proceedings/administrative proceedings; enforcement/compliance; authorization/permit; certification; fishing gear/fishing method; fishing vessel; protection of species; trade in species; biodiversity; animal feed/feedstuffs; foreign fishing; Illegal unreported and unregulated fishing (IUU fishing); port State measures; marine protected areas; protection of habitats; protected area;,4/5/2024,,,https://faolex.fao.org/docs/pdf/vie238000.pdf
Regulation,Environment; Land and soil,National Technical Regulation on Soil Quality (QCVN 03:2023/BTNMT).,soil pollution/quality; standards; protection of environment; public health; monitoring; inspection; pollution control; soil conservation/soil improvement;,3/13/2023,,,https://faolex.fao.org/docs/pdf/vie237204.pdf
Regulation,Cultivated plants,Decree No. 31/2023/ND-CP of 9 June 2023 on administrative penalties in crop production.,crops ; offences/penalties; enforcement/compliance; internal trade; international trade; breeders' rights; fertilizers/nutrients; plant production; plant variety; intellectual property rights;,6/9/2023,,,https://faolex.fao.org/docs/pdf/vie247818.pdf
Regulation,Fisheries and Aquaculture,Circular No. 52/2013/TT-BNNPTNT on detailed Provisions for the Implementation of Government's Decree No. 80/2012/Nd-Cp of 8 October 2012 on Management of Fishing Ports.,fishing vessel; harbour; fees/royalties; navigation; legal proceedings/administrative proceedings;,12/11/2013,,Repealed,https://faolex.fao.org/docs/pdf/vie186189.pdf
Regulation,Economy and Finance,Circular 15/2016/TT-BNNPTNT on the conditions and eligibility criteria of agricultural cooperatives for investment support in infrastructure development.,cooperative/producer organization; irrigation; subsidy/incentive; legal proceedings/administrative proceedings; agricultural development; financial agricultural measures; investment; aquaculture; mariculture; animal production; water supply; waterworks;,6/10/2016,,,https://faolex.fao.org/docs/pdf/vie176580.pdf
International Agreement,Food and nutrition,"Protocol between State Administration of Quality Supervision, Inspection and Quarantine of the People's Republic of China and Ministry of Agriculture and Rural Development of the Socialist Republic of Vietnam on plant quarantine of rice exported from Vietnam to China.",cereals/grains/rice; inspection; international trade; food safety and quality; agricultural commodities;,10/7/2004,,,https://faolex.fao.org/docs/pdf/bi-145148.pdf
"Regulation, Policies",Fisheries and Aquaculture,Prime Minister Decision No. 208/QD-TTg on Approval of the Scheme of Converting Some Seafood Processing Impacts on Resources and Eco Environment.,marine fisheries; fishery management and conservation; fishing authorization; fishing gear/fishing method; fishing vessel; protection of environment; sustainable development; sustainable use; policy/planning; aquaculture; authorization/permit; allocation/quota; marine fishes; processing/handling; transport/storage; Illegal unreported and unregulated fishing (IUU fishing); aquatic animals;,3/10/2023,,,https://faolex.fao.org/docs/pdf/vie219154.pdf
Regulation,Livestock; Health,"Circular No. 24/2022/TT-BNNPTNT dated December 30, 2022, stipulating the regulations on animal disease-free zones and facilities.",animal health; public health; biosecurity; vaccination; monitoring; certification; traceability; quarantine; enforcement/compliance; fish diseases; pests/diseases;,12/30/2022,,,https://faolex.fao.org/docs/pdf/vie246077.pdf
Regulation,Agricultural and rural development; Health,Decree No. 41/2020/ND-CP on the extension of deadlines for payments of taxes and land rental fees.,hazards; public health; coronavirus disease (COVID-19); fiscal and market measures; taxes; processing/handling;,4/8/2020,,,https://faolex.fao.org/docs/pdf/vie194603.pdf
International Agreement,Agricultural and rural development,Accord de coopération dans le domaine de l'agriculture entre le Gouvernement de la République algérienne démocratique et populaire et le Gouvernement de la République socialiste du Vietnam.,biotechnology; agricultural development;,11/21/2004,,,https://faolex.fao.org/docs/pdf/bi-67569.pdf
Policies,Agricultural and rural development; Wild species and ecosystems; Economy and Finance,"Decision No.1671/QD-TTg Approving the Program for Conservation and Sustainable Use of General Resources by 2025, with a Vision toward 2030.",innovation; research; agricultural development; biodiversity; biotechnology; genetic resources; policy/planning; authorization/permit; data collection/reporting; sustainable use; investment; access and benefit-sharing; management/conservation; plant variety; wild fauna; wild flora; aquatic animals; aquatic plants;,9/28/2015,,,https://faolex.fao.org/docs/pdf/vie214592.pdf
Regulation,Fisheries and Aquaculture,Decree No. 42/2019/ND-CP regulating the Sanctioning Administrative Offences in the Field of Fisheries.,fishery management and conservation; offences/penalties; marine fisheries; inland fisheries; aquaculture; mariculture; monitoring; legal proceedings/administrative proceedings; enforcement/compliance; authorization/permit; certification; fishing gear/fishing method; fishing vessel; protection of species; trade in species; biodiversity;,5/16/2019,,,https://faolex.fao.org/docs/pdf/vie186187.pdf
Policies,General,Collective and Cooperative Economic Development Strategy for the period of 2021 - 2030.,cooperative/producer organization; sustainable development; certification; good practices; innovation; internal trade; international cooperation; international trade; policy/planning; processing/handling; protection of environment; waste management; water supply;,3/12/2021,,,https://faolex.fao.org/docs/pdf/vie213440.pdf
Policies,Agricultural and rural development,Decision 255/QD-TTg in 2021 promulgated by the Prime Minister approving the agricultural restructuring plan for the period of 2021-2025.,agricultural development; agricultural commodities; agricultural land; agro-forestry; crops ; ecological production/organic production; food security; investment; labour; aquaculture; aquatic animals; aquatic plants; fish products; fishery management and conservation; afforestation/reforestation; forest management/forest conservation; animal production; cooperative/producer organization; financing;,2/25/2021,,,https://faolex.fao.org/docs/pdf/vie214649.pdf
Regulation,Fisheries and Aquaculture; Wild species and ecosystems,"Circular No. 30/2025/TT-BNNMT amending and supplementing a number of Circulars in the field of fisheries control, protection and development of aquatic resources.",fishery management and conservation; aquatic animals; aquatic plants; marine protected areas; protected fishing area; protection of environment; protection of species; biodiversity; enforcement/compliance; protected area;,6/27/2025,,,https://faolex.fao.org/docs/pdf/vie237962.pdf
Regulation,Environment; Fisheries and Aquaculture,Regulation on Aquatic Resources Certificate No. 50/2015/TT-BNNPTNT.,certification; authorization/permit; procedural matters; agricultural development; aquatic animals; aquaculture;,12/30/2015,,Repealed,https://faolex.fao.org/docs/pdf/vie169777.pdf
"Regulation, Policies",Food and nutrition,"Decision 2227/ QD-BNN-KH promulgating the Action Plan of the Ministry of Agriculture and Rural Development to implement Resolution No. 34/NQ-CP dated March 25, 2021 of the Government on ""Ensuring national food security by 2030"".",agricultural commodities; agricultural development; agricultural land; capacity building; cereals/grains/rice; climate change; data collection/reporting; hazards; early warning system; internal trade; policy/planning; processing/handling; crops ; international trade; international cooperation; food security; food safety and quality; nutrition; transport/storage; hygiene/sanitary procedures; standards; inspection; investment; meat; milk/dairy products; oils/oilseeds/fats; vegetables/legumes; innovation; animal production;,5/21/2021,,,https://faolex.fao.org/docs/pdf/vie230526.pdf
"Regulation, Policies",Food and nutrition,Decision 1294/QD-BYT 2022 issuing the Action Plan to implement the National Nutrition Strategy to 2025.,nutrition; policy/planning; capacity building; education; investment; monitoring; hazards; insurance; public health; gender;,5/19/2022,,,https://faolex.fao.org/docs/pdf/vie230025.pdf
"Regulation, Policies",Agricultural and rural development,"Resolution No. 26-NQ/TW on agriculture, farmers and rural areas issued by the Central Executive Committee.",poverty; fiscal and market measures; internal trade; international trade; business/industry/corporations; institution; local government; legal proceedings/administrative proceedings; farming; rural employment; agricultural development; labour; governance; land-use planning; pollution control; food security; waterworks; flood; irrigation; hazards;,8/5/2008,,,https://faolex.fao.org/docs/pdf/vie170554.pdf
International Agreement,Fisheries and Aquaculture,Memorandum of Intent between the State Committee for Fisheries the economy of Ukraine and the Ministry of Agriculture and Rural Development of the Socialist Republic of Viet Nam.,fishery management and conservation; research; access-to-information;,3/4/2008,,,https://faolex.fao.org/docs/pdf/bi-171984.pdf
"Regulation, Policies",Agricultural and rural development; Food and nutrition,"Decision No.300/QD-TTg on Approval of the National Action Plan to Transform a Transparent, Responsible and Sustainable Food System in Vietnam by 2030.",food security; climate change; ecofriendly products/ecofriendly processes; ecological production/organic production; policy/planning; processing/handling; transport/storage; internal trade; international trade; sustainable development; agricultural commodities; agricultural development; agricultural land; fertilizers/nutrients; irrigation; poverty; hazards; One Health approach; protection of environment; animal health; aquatic animals; aquatic plants; marine fishes; food safety and quality; nutrition; food loss and waste; hygiene/sanitary procedures; animal production; pests/diseases; plant production; plant protection;,3/28/2023,,,https://faolex.fao.org/docs/pdf/vie223708.pdf
"Regulation, Policies",Food and nutrition,"Decision 397/QD-BCĐQGKCNĐ 2018 promulgating the Rules for Organization and Operation of the National Steering Committee on the Action Program ""Zero Hunger"" in Vietnam by 2025.",food security; institution; good practices; public health; public participation; rural employment; food loss and waste; poverty; research; agricultural development; smallholders/peasants; labour; governance; financing; enforcement/compliance; hazards; early warning system; nutrition; gender; animal health; animal production;,9/21/2018,,,https://faolex.fao.org/docs/pdf/vie230195.pdf
"Regulation, Policies",Agricultural and rural development,Decision 19/QD-BNN-KH 2021 promulgating the Plan of the Ministry of Agriculture and Rural Development to implement Resolution 01/NQ-CP.,agricultural commodities; agricultural development; investment; policy/planning; inspection; rural development; internal trade; international trade; rural employment; sustainable development; labour; climate change; innovation;,1/4/2021,,,https://faolex.fao.org/docs/pdf/vie230570.pdf
International Agreement,Cultivated plants; Wild species and ecosystems,"Memorandum of Understanding between the State Administration of Quality Supervision, Inspection and Quarantine of the People's Republic of China and the Ministry of Agriculture and Rural Development of the Socialist Republic of Vietnam on the Cooperation of Entry and Exit Plant Inspection and Quarantine.",international trade; quarantine; pests/diseases; plant production; plant protection; inspection; certification; wild flora; wildlife products;,3/10/2004,,,https://faolex.fao.org/docs/pdf/bi-175006.pdf
International Agreement,Livestock,Agreement between the Russian Federation and the Socialist Republic of Viet Nam on cooperation in the field of veterinary.,animal feed/feedstuffs; animal health; transport/storage;,11/24/1997,,,https://faolex.fao.org/docs/pdf/bi-61818.pdf
Regulation,Land and soil; Water,"Decision No. 34/2010/QD-TTg promulgating the Regulation on irrigation and hydropower project-related compensation, support and resettlement.",land tenure; land valuation; hydropower generation; irrigation; renewable energy;,4/8/2010,,Repealed,https://faolex.fao.org/docs/pdf/vie98703.pdf
Miscellaneous,Agricultural and rural development,"Circular No. 07/2015/TT-BNNPTNT guiding the adoption of international standards, regional standards and foreign standards in activities managed by the Ministry of Agriculture and Rural Development.",standards; certification; inspection; monitoring; classification/declassification; agricultural development; rural development;,2/14/2015,,,https://faolex.fao.org/docs/pdf/vie168511.pdf
Miscellaneous,Cultivated plants,"Circular No. 33/2014/TT-BNNPTNT providing the order and procedures for plant quarantine upon import, export and transit and post-import quarantine of articles subject to plant quarantine.",quarantine; plant protection; inspection; internal trade; international trade; certification; post-harvest treatment; public health;,10/30/2014,,,https://faolex.fao.org/docs/pdf/vie167950.pdf
Miscellaneous,Livestock; Cultivated plants,Circular No. 46/2014/TT-BYT guiding the health quarantine process.,animal health; quarantine; international trade; pests/diseases; procedural matters; inspection; monitoring; plant protection;,12/5/2014,,,https://faolex.fao.org/docs/pdf/vie167978.pdf
International Agreement,Livestock; Cultivated plants; Trade,Protocol 8 on Sanitary and Phytosanitary Measures to Implement the ASEAN Framework Agreement on the Facilitation of Goods in Transit.,food safety and quality; Codex Alimentarius; standards; international trade; drugs; animal health; procedural matters; enforcement/compliance; seeds/planting material; integrated pest management-IPM/pest management strategies; pesticides; quarantine; data collection/reporting; risk assessment/management; early warning system; plant production; plant protection;,10/27/2000,,,https://faolex.fao.org/docs/pdf/mul175733.pdf
Regulation,Livestock,"Circular No. 37/2006/TT-Bnn Guiding the Conditions, Order and Procedures for the Grant, Withdrawal, and Re-grant of Veterinary Medicine Practice Certificates; and the Inspection of Veterinary Sanitation Conditions of Veterinary Medicine Establishments.",certification; inspection; drugs; animal health;,5/16/2006,,,https://faolex.fao.org/docs/pdf/vie65941.pdf
Regulation,Cultivated plants,Decree No. 35/2015/ND-CP on management and use of land for rice cultivation.,agricultural development; agricultural land; subsidy/incentive; land-use planning; environmental planning; policy/planning; cereals/grains/rice; crops ; agricultural commodities;,4/13/2015,,,https://faolex.fao.org/docs/pdf/vie168521.pdf
Miscellaneous,Food and nutrition,"Circular No. 09/2015/TT-BYT providing for the certification of advertising contents for special products, goods and services under the management of the Ministry of Health.",certification; food safety and quality; packaging/labelling; mineral water; food additives; standards; good practices;,5/25/2015,,,https://faolex.fao.org/docs/pdf/vie168533.pdf
"Regulation, Policies",National development,"Decision No. 734/QD-TTg approving the adjusted master plan on socio-economic development of Dong Nai province through 2020, with a vision toward 2025.",agricultural development; policy/planning; environmental planning; pollution control; land-use planning; plant production; plant variety; waste management; effluent waste water/discharge; inland waters; water supply; irrigation;,5/27/2015,,,https://faolex.fao.org/docs/pdf/vie168530.pdf
Regulation,Food and nutrition,"Circular No. 16/2012/TT-BYT providing food safety conditions for producers and traders of food products, food-packaging tools and food packages and containers under the management of the Ministry of Health.",food safety and quality; certification; food additives; mineral water; packaging/labelling; transport/storage; inspection;,10/22/2012,,,https://faolex.fao.org/docs/pdf/vie121631.pdf
Regulation,Food and nutrition,Circular No. 53/2014/TT-BCT prescribing conditions for food safety assurance for beer production and trading establishments.,food safety and quality; special dietary uses; processing/handling; internal trade; international trade; beverages; nutrition;,12/18/2014,,,https://faolex.fao.org/docs/pdf/vie168495.pdf
Regulation,Indigenous peoples,Circular No. 52/2013/TT-BTC guiding the support for organizations and units employing ethnic minority people in mountainous regions and specially disadvantaged areas according to the Prime Minister's Decision No. 42/2012/QD-TTg.,traditional rights/customary rights; indigenous peoples; mountain area; cooperative/producer organization; financial agricultural measures; aquaculture; community management; traditional knowledge/indigenous knowledge; financing;,5/3/2013,,,https://faolex.fao.org/docs/pdf/vie164749.pdf
Regulation,Food and nutrition; Trade,Circular No. 39/2012/TT-BCT detailing a number of articles of the Government's Decree No. 94/2012/ND-CP on liquor production and trading.,food safety and quality; inspection; hygiene/sanitary procedures; packaging/labelling; authorization/permit; certification; viticulture/oenological practices;,12/20/2012,,Repealed,https://faolex.fao.org/docs/pdf/vie164679.pdf