{
"type": "FeatureCollection",
"name": "isochrone_shop_bakery_drive",
"crs": { "type": "name", "properties": { "name": "urn:ogc:def:crs:OGC:1.3:CRS84" } },
"features": [
{ "type": "Feature", "properties": { "threshold_s": 300, "time_label": "5 min drive" }, "geometry": { "type": "Polygon", "coordinates": [ [ [ 38.7602373, 9.0063444 ], [ 38.7625799, 9.011047 ], [ 38.7627631, 9.0110202 ], [ 38.7654659, 9.0106243 ], [ 38.7702843, 9.0101555 ], [ 38.7743198, 9.0122732 ], [ 38.7744038, 9.0122967 ], [ 38.7768362, 9.0119613 ], [ 38.7770095, 9.0108942 ], [ 38.777605, 9.0085597 ], [ 38.7819016, 9.0059648 ], [ 38.7823866, 9.0056114 ], [ 38.7858522, 9.001513 ], [ 38.78759, 8.9998962 ], [ 38.7911253, 8.9962245 ], [ 38.7915133, 8.995741 ], [ 38.7916283, 8.993625 ], [ 38.7933953, 8.9891541 ], [ 38.7920318, 8.9875297 ], [ 38.791375, 8.9871117 ], [ 38.788826, 8.985809 ], [ 38.7855757, 8.9849273 ], [ 38.7842988, 8.9845215 ], [ 38.7829895, 8.9840922 ], [ 38.7787516, 8.9794447 ], [ 38.7776473, 8.979045 ], [ 38.7753195, 8.9786739 ], [ 38.7737292, 8.9792188 ], [ 38.7718879, 8.979752 ], [ 38.7708268, 8.9803929 ], [ 38.7650426, 8.9787808 ], [ 38.7646558, 8.9779692 ], [ 38.7631796, 8.9780471 ], [ 38.7625297, 8.9781554 ], [ 38.76147, 8.9788329 ], [ 38.7598998, 8.9823002 ], [ 38.7576808, 8.9860481 ], [ 38.7577213, 8.9869022 ], [ 38.7583244, 8.9886067 ], [ 38.7591453, 8.9913732 ], [ 38.7564481, 8.9956699 ], [ 38.7587711, 9.0014635 ], [ 38.7587985, 9.0020734 ], [ 38.7588747, 9.0040341 ], [ 38.7602373, 9.0063444 ] ] ] } },
{ "type": "Feature", "properties": { "threshold_s": 600, "time_label": "10 min drive" }, "geometry": { "type": "Polygon", "coordinates": [ [ [ 38.7445428, 9.0193766 ], [ 38.747689, 9.0250316 ], [ 38.7515863, 9.0272817 ], [ 38.7519917, 9.0274854 ], [ 38.7541936, 9.026673 ], [ 38.7573693, 9.0258112 ], [ 38.7660695, 9.0292297 ], [ 38.7720152, 9.0304855 ], [ 38.7740239, 9.029924 ], [ 38.7830209, 9.0272291 ], [ 38.7866456, 9.02633 ], [ 38.7930765, 9.0228625 ], [ 38.7948623, 9.021823 ], [ 38.7982742, 9.0186008 ], [ 38.8038324, 9.0088005 ], [ 38.8057265, 9.0030926 ], [ 38.8064277, 9.0003381 ], [ 38.8091396, 8.9934616 ], [ 38.8127633, 8.9897199 ], [ 38.8127899, 8.9893411 ], [ 38.8097735, 8.9869675 ], [ 38.8079529, 8.9863615 ], [ 38.8066972, 8.9860036 ], [ 38.8035562, 8.9852867 ], [ 38.8021619, 8.9853275 ], [ 38.7996331, 8.9854045 ], [ 38.7971379, 8.9861223 ], [ 38.7899075, 8.9859732 ], [ 38.7880106, 8.9854871 ], [ 38.7855757, 8.9849273 ], [ 38.7842988, 8.9845215 ], [ 38.7787516, 8.9794447 ], [ 38.7777914, 8.9763594 ], [ 38.7828796, 8.9680649 ], [ 38.7828581, 8.9679775 ], [ 38.7775834, 8.9635925 ], [ 38.7680128, 8.9605714 ], [ 38.7670048, 8.9604185 ], [ 38.7552363, 8.9613954 ], [ 38.7534156, 8.9629685 ], [ 38.7500526, 8.9667886 ], [ 38.7433839, 8.9733247 ], [ 38.7401336, 8.9797618 ], [ 38.7382566, 8.9884032 ], [ 38.7371778, 8.998569 ], [ 38.7368938, 9.0019137 ], [ 38.7407623, 9.0108375 ], [ 38.7431772, 9.0164219 ], [ 38.7445428, 9.0193766 ] ] ] } },
{ "type": "Feature", "properties": { "threshold_s": 900, "time_label": "15 min drive" }, "geometry": { "type": "Polygon", "coordinates": [ [ [ 38.7330756, 9.0358062 ], [ 38.733881, 9.0367804 ], [ 38.7370621, 9.0401366 ], [ 38.7393594, 9.0416818 ], [ 38.7422173, 9.0432795 ], [ 38.7470413, 9.0456168 ], [ 38.7489726, 9.0459551 ], [ 38.7511836, 9.0462683 ], [ 38.7616429, 9.0478536 ], [ 38.767836, 9.0485087 ], [ 38.7793219, 9.0484354 ], [ 38.7858014, 9.0448877 ], [ 38.7864529, 9.0441642 ], [ 38.788646, 9.0371199 ], [ 38.7997189, 9.0335465 ], [ 38.8104425, 9.0320727 ], [ 38.8177388, 9.023521 ], [ 38.8199606, 9.0189684 ], [ 38.8220379, 9.012678 ], [ 38.8255636, 9.004735 ], [ 38.8270867, 9.0011027 ], [ 38.8293999, 8.9941872 ], [ 38.8295759, 8.9936365 ], [ 38.8298823, 8.9926199 ], [ 38.8315061, 8.9866653 ], [ 38.8292298, 8.9798834 ], [ 38.8285251, 8.9717354 ], [ 38.824852, 8.9708694 ], [ 38.8208093, 8.9733361 ], [ 38.8211327, 8.9767138 ], [ 38.8208006, 8.9803978 ], [ 38.817983, 8.985495 ], [ 38.8097735, 8.9869675 ], [ 38.8079529, 8.9863615 ], [ 38.8066972, 8.9860036 ], [ 38.8035562, 8.9852867 ], [ 38.8021619, 8.9853275 ], [ 38.7996331, 8.9854045 ], [ 38.7971379, 8.9861223 ], [ 38.7899075, 8.9859732 ], [ 38.7880106, 8.9854871 ], [ 38.7855757, 8.9849273 ], [ 38.7842988, 8.9845215 ], [ 38.7787516, 8.9794447 ], [ 38.7777914, 8.9763594 ], [ 38.7828796, 8.9680649 ], [ 38.7919347, 8.9698281 ], [ 38.7983287, 8.9653657 ], [ 38.8031926, 8.9653287 ], [ 38.8033937, 8.9620533 ], [ 38.8013922, 8.9600013 ], [ 38.7955838, 8.9521796 ], [ 38.7938311, 8.9510484 ], [ 38.792593, 8.9504242 ], [ 38.7891785, 8.9490906 ], [ 38.78493, 8.9472759 ], [ 38.7759608, 8.9454448 ], [ 38.7737989, 8.941475 ], [ 38.773277899999989, 8.940861 ], [ 38.7716934, 8.9390288 ], [ 38.7711822, 8.9385798 ], [ 38.7633346, 8.9403366 ], [ 38.7537915, 8.9429717 ], [ 38.749721, 8.9447306 ], [ 38.7491292, 8.9451881 ], [ 38.7407428, 8.9515154 ], [ 38.7325026, 8.9563457 ], [ 38.7303713, 8.9579188 ], [ 38.7276238, 8.9613825 ], [ 38.7265776, 8.9627368 ], [ 38.726317, 8.9635618 ], [ 38.7256667, 8.9672364 ], [ 38.7281899, 8.9757186 ], [ 38.722532, 8.9843766 ], [ 38.719359, 8.9912602 ], [ 38.7190226, 8.9938704 ], [ 38.7187348, 8.9973036 ], [ 38.7189357, 9.0001877 ], [ 38.7191591, 9.0121974 ], [ 38.7191807, 9.0122896 ], [ 38.7222917, 9.0213349 ], [ 38.7288919, 9.0285994 ], [ 38.7307438, 9.0319907 ], [ 38.7318224, 9.0339149 ], [ 38.7330756, 9.0358062 ] ] ] } },
{ "type": "Feature", "properties": { "threshold_s": 300, "time_label": "5 min drive" }, "geometry": { "type": "Polygon", "coordinates": [ [ [ 38.7946308, 9.0046325 ], [ 38.7946479, 9.0046967 ], [ 38.7974873, 9.0060231 ], [ 38.7987974, 9.006169 ], [ 38.8012885, 9.0067028 ], [ 38.8042796, 9.0101637 ], [ 38.8080729, 9.0132681 ], [ 38.8132233, 9.0144189 ], [ 38.8161268, 9.0119246 ], [ 38.8215799, 9.01153 ], [ 38.8257493, 9.0084895 ], [ 38.8289659, 9.0055265 ], [ 38.8302064, 9.0004905 ], [ 38.8304586, 8.9948194 ], [ 38.8307364, 8.9939003 ], [ 38.8309431, 8.9902404 ], [ 38.8308997, 8.9901971 ], [ 38.8295617, 8.990165 ], [ 38.8243435, 8.9870493 ], [ 38.8236563, 8.9829914 ], [ 38.8211882, 8.9830776 ], [ 38.8200144, 8.9840292 ], [ 38.817983, 8.985495 ], [ 38.8172293, 8.987135 ], [ 38.8158998, 8.9886047 ], [ 38.8097735, 8.9869675 ], [ 38.8079529, 8.9863615 ], [ 38.8066972, 8.9860036 ], [ 38.8035562, 8.9852867 ], [ 38.8021619, 8.9853275 ], [ 38.7996331, 8.9854045 ], [ 38.7962514, 8.988003 ], [ 38.7952325, 8.9888119 ], [ 38.7963341, 8.9900894 ], [ 38.79654, 8.9900417 ], [ 38.8024711, 8.9914824 ], [ 38.8022096, 8.9940263 ], [ 38.7984775, 8.9990207 ], [ 38.7981365, 8.9992974 ], [ 38.7958496, 9.0027295 ], [ 38.7946308, 9.0046325 ] ] ] } },
{ "type": "Feature", "properties": { "threshold_s": 600, "time_label": "10 min drive" }, "geometry": { "type": "Polygon", "coordinates": [ [ [ 38.7840036, 9.0191911 ], [ 38.7845712, 9.0198312 ], [ 38.7925247, 9.0267303 ], [ 38.7955746, 9.0285027 ], [ 38.8048161, 9.0292985 ], [ 38.8160702, 9.0304005 ], [ 38.8269597, 9.0306289 ], [ 38.8308314, 9.0291274 ], [ 38.8327768, 9.0283725 ], [ 38.8387001, 9.0214504 ], [ 38.8424002, 9.0171224 ], [ 38.8427442, 9.0165877 ], [ 38.8474631, 9.0082384 ], [ 38.8473393, 9.0063196 ], [ 38.8474107, 9.0017016 ], [ 38.8494268, 8.9940868 ], [ 38.8503555, 8.9917868 ], [ 38.8512639, 8.9857298 ], [ 38.8512902, 8.9852861 ], [ 38.8499991, 8.9841764 ], [ 38.8477341, 8.9818705 ], [ 38.8435525, 8.9740261 ], [ 38.8430645, 8.9728932 ], [ 38.8376764, 8.9692227 ], [ 38.8282921, 8.9652772 ], [ 38.8249257, 8.9633665 ], [ 38.8161081, 8.9664892 ], [ 38.8154929, 8.9668967 ], [ 38.8141923, 8.9682332 ], [ 38.8124616, 8.9711806 ], [ 38.8150683, 8.9737532 ], [ 38.8208006, 8.9803978 ], [ 38.817983, 8.985495 ], [ 38.8097735, 8.9869675 ], [ 38.8079529, 8.9863615 ], [ 38.8066972, 8.9860036 ], [ 38.8035562, 8.9852867 ], [ 38.8021619, 8.9853275 ], [ 38.7996331, 8.9854045 ], [ 38.788826, 8.985809 ], [ 38.7787651, 8.9799759 ], [ 38.7768464, 8.9809212 ], [ 38.7768014, 8.9810237 ], [ 38.7765313, 8.9821841 ], [ 38.7765583, 8.9936071 ], [ 38.7782501, 8.9988141 ], [ 38.775304, 9.0062872 ], [ 38.7757529, 9.0073272 ], [ 38.7792254, 9.0132141 ], [ 38.7840036, 9.0191911 ] ] ] } },
{ "type": "Feature", "properties": { "threshold_s": 900, "time_label": "15 min drive" }, "geometry": { "type": "Polygon", "coordinates": [ [ [ 38.7603636, 9.0186068 ], [ 38.7660695, 9.0292297 ], [ 38.7747213, 9.0379721 ], [ 38.7821976, 9.0400112 ], [ 38.7836258, 9.0393199 ], [ 38.7866579, 9.0379459 ], [ 38.8031475, 9.0364072 ], [ 38.8162583, 9.044207 ], [ 38.8165336, 9.0443357 ], [ 38.8279199, 9.0493354 ], [ 38.8286538, 9.0493749 ], [ 38.8334654, 9.0492351 ], [ 38.837142, 9.0464329 ], [ 38.8519682, 9.0373446 ], [ 38.8538766, 9.035897 ], [ 38.8605466, 9.0204936 ], [ 38.8682366, 9.0116838 ], [ 38.8689972, 9.0056675 ], [ 38.8678702, 8.9957018 ], [ 38.8683736, 8.9810879 ], [ 38.8611719, 8.9752872 ], [ 38.8542589, 8.9723237 ], [ 38.8470608, 8.9552296 ], [ 38.8295102, 8.9485396 ], [ 38.8246027, 8.956198 ], [ 38.8180145, 8.9621375 ], [ 38.8033937, 8.9620533 ], [ 38.8024051, 8.9617753 ], [ 38.7986013, 8.9605352 ], [ 38.7979986, 8.96093 ], [ 38.7949132, 8.9643434 ], [ 38.7775834, 8.9635925 ], [ 38.7726275, 8.964449 ], [ 38.7655159, 8.9662225 ], [ 38.7643277, 8.9676341 ], [ 38.7609422, 8.9727954 ], [ 38.7579608, 8.9816198 ], [ 38.7586621, 8.999279 ], [ 38.7576903, 9.0118964 ], [ 38.7603636, 9.0186068 ] ] ] } },
{ "type": "Feature", "properties": { "threshold_s": 300, "time_label": "5 min drive" }, "geometry": { "type": "Polygon", "coordinates": [ [ [ 38.7505739, 9.0190794 ], [ 38.751298, 9.0213571 ], [ 38.752181899999989, 9.0217133 ], [ 38.7555133, 9.0243534 ], [ 38.7573693, 9.0258112 ], [ 38.7614021, 9.0232701 ], [ 38.7616201, 9.0233396 ], [ 38.7650922, 9.0223314 ], [ 38.7673037, 9.0253571 ], [ 38.7664952, 9.0274613 ], [ 38.7633917, 9.0291295 ], [ 38.76209, 9.029884 ], [ 38.76348, 9.0308291 ], [ 38.7636394, 9.0308323 ], [ 38.7668135, 9.0296198 ], [ 38.7701755, 9.0299115 ], [ 38.7723844, 9.0333248 ], [ 38.7763759, 9.0322084 ], [ 38.7802271, 9.0305908 ], [ 38.7840963, 9.0283019 ], [ 38.7847756, 9.0284891 ], [ 38.7852211, 9.0282439 ], [ 38.7862759, 9.0237897 ], [ 38.7868615, 9.0228586 ], [ 38.7876736, 9.021887 ], [ 38.7863688, 9.0207494 ], [ 38.7855651, 9.0185913 ], [ 38.787648, 9.0157163 ], [ 38.7868075, 9.0141864 ], [ 38.7855563, 9.0108907 ], [ 38.7851768, 9.0101595 ], [ 38.7843461, 9.0078941 ], [ 38.7846418, 9.004535 ], [ 38.7835287, 9.0002109 ], [ 38.7794474, 8.9988227 ], [ 38.7793303, 8.9988134 ], [ 38.7747263, 9.000099 ], [ 38.7739914, 8.9989883 ], [ 38.7736869, 8.9994737 ], [ 38.7690531, 9.0007967 ], [ 38.7668682, 9.0005624 ], [ 38.7665751, 9.0005115 ], [ 38.7638527, 9.0030427 ], [ 38.7624464, 9.0054975 ], [ 38.7590704, 9.0068685 ], [ 38.7587103, 9.0068983 ], [ 38.7563425, 9.0078847 ], [ 38.7542984, 9.0119961 ], [ 38.753373, 9.0119046 ], [ 38.7531539, 9.0118897 ], [ 38.7529773, 9.0118813 ], [ 38.7506302, 9.0141687 ], [ 38.7489315, 9.0168156 ], [ 38.7489256, 9.016903 ], [ 38.7505739, 9.0190794 ] ] ] } },
{ "type": "Feature", "properties": { "threshold_s": 600, "time_label": "10 min drive" }, "geometry": { "type": "Polygon", "coordinates": [ [ [ 38.7354366, 9.0319289 ], [ 38.7369454, 9.0344738 ], [ 38.7421026, 9.038028 ], [ 38.7468408, 9.0409882 ], [ 38.7507097, 9.0456515 ], [ 38.7536285, 9.0478572 ], [ 38.7586062, 9.0517882 ], [ 38.7604179, 9.0517716 ], [ 38.7612278, 9.0515917 ], [ 38.7616272, 9.0514887 ], [ 38.7664616, 9.0508498 ], [ 38.7710611, 9.052157 ], [ 38.7753671, 9.0508226 ], [ 38.7804541, 9.0517317 ], [ 38.7821181, 9.0512617 ], [ 38.7823471, 9.0504218 ], [ 38.787802, 9.0472701 ], [ 38.7879583, 9.0472925 ], [ 38.7889132, 9.046568 ], [ 38.7893323, 9.046174 ], [ 38.7888638, 9.0443872 ], [ 38.788016399999989, 9.0400262 ], [ 38.788999, 9.0366321 ], [ 38.7898711, 9.0353037 ], [ 38.7947311, 9.0312946 ], [ 38.7997189, 9.0335465 ], [ 38.8048161, 9.0292985 ], [ 38.8051952, 9.0230251 ], [ 38.809637, 9.0202318 ], [ 38.8081657, 9.0170681 ], [ 38.8081357, 9.0170101 ], [ 38.8079139, 9.0165805 ], [ 38.807387, 9.0159145 ], [ 38.8065164, 9.0154162 ], [ 38.8041047, 9.011598 ], [ 38.8056402, 9.0071786 ], [ 38.8048868, 9.0006878 ], [ 38.8049696, 8.9990194 ], [ 38.8004776, 8.9984045 ], [ 38.797341, 8.9927148 ], [ 38.797957, 8.9920335 ], [ 38.7996331, 8.9854045 ], [ 38.7962514, 8.988003 ], [ 38.791375, 8.9871117 ], [ 38.789819799999989, 8.986366 ], [ 38.788826, 8.985809 ], [ 38.7855757, 8.9849273 ], [ 38.7842988, 8.9845215 ], [ 38.7829895, 8.9840922 ], [ 38.7787651, 8.9799759 ], [ 38.7755609, 8.9797565 ], [ 38.7724596, 8.9800968 ], [ 38.7708268, 8.9803929 ], [ 38.7651143, 8.9806995 ], [ 38.7623163, 8.9809214 ], [ 38.7614384, 8.9810966 ], [ 38.7598874, 8.9826072 ], [ 38.7569849, 8.9851859 ], [ 38.7507597, 8.986419 ], [ 38.7496014, 8.9875721 ], [ 38.7437032, 8.9908295 ], [ 38.7431444, 8.9911442 ], [ 38.74305, 8.9914614 ], [ 38.7389611, 8.9967186 ], [ 38.7371778, 8.998569 ], [ 38.7372074, 9.0004715 ], [ 38.733824, 9.0047681 ], [ 38.7315925, 9.0085694 ], [ 38.7281239, 9.0140582 ], [ 38.7275192, 9.0146994 ], [ 38.7267511, 9.0187878 ], [ 38.7302496, 9.0210369 ], [ 38.7333459, 9.0264886 ], [ 38.7332821, 9.0271852 ], [ 38.7341761, 9.0292823 ], [ 38.7354366, 9.0319289 ] ] ] } },
{ "type": "Feature", "properties": { "threshold_s": 900, "time_label": "15 min drive" }, "geometry": { "type": "Polygon", "coordinates": [ [ [ 38.7296999, 9.0543158 ], [ 38.7355609, 9.061583 ], [ 38.7463078, 9.0671246 ], [ 38.7562385, 9.0720662 ], [ 38.7599415, 9.0743207 ], [ 38.7722191, 9.0715126 ], [ 38.7834871, 9.0688441 ], [ 38.7899282, 9.0669108 ], [ 38.7957475, 9.0620051 ], [ 38.7959567, 9.0614277 ], [ 38.7931769, 9.0568746 ], [ 38.792129, 9.0494167 ], [ 38.8041703, 9.044401 ], [ 38.8069644, 9.0447637 ], [ 38.8180998, 9.0428171 ], [ 38.8258508, 9.0381003 ], [ 38.8286578, 9.0264556 ], [ 38.8303554, 9.0157136 ], [ 38.829668, 9.013391 ], [ 38.8251673, 9.0028349 ], [ 38.8246895, 8.9992743 ], [ 38.8237846, 8.9909386 ], [ 38.8225032, 8.9892637 ], [ 38.8202452, 8.9866411 ], [ 38.8190351, 8.9862093 ], [ 38.8066972, 8.9860036 ], [ 38.8035562, 8.9852867 ], [ 38.8021619, 8.9853275 ], [ 38.7996331, 8.9854045 ], [ 38.7971379, 8.9861223 ], [ 38.7899075, 8.9859732 ], [ 38.7880106, 8.9854871 ], [ 38.7855757, 8.9849273 ], [ 38.7842988, 8.9845215 ], [ 38.7787516, 8.9794447 ], [ 38.7828796, 8.9680649 ], [ 38.7828581, 8.9679775 ], [ 38.7775834, 8.9635925 ], [ 38.7666368, 8.9620111 ], [ 38.7613862, 8.9611565 ], [ 38.7562853, 8.9608518 ], [ 38.75499, 8.9609882 ], [ 38.7486182, 8.9642293 ], [ 38.7390081, 8.970011 ], [ 38.7346587, 8.9739573 ], [ 38.7281638, 8.9797434 ], [ 38.7220165, 8.9877903 ], [ 38.7206469, 8.9902917 ], [ 38.7198307, 8.9919303 ], [ 38.716118, 9.000587 ], [ 38.7104304, 9.0072398 ], [ 38.7084576, 9.0136135 ], [ 38.709493, 9.0166737 ], [ 38.7097721, 9.0172191 ], [ 38.7148861, 9.0304154 ], [ 38.7148648, 9.0307692 ], [ 38.7148404, 9.0311011 ], [ 38.7148158, 9.0314804 ], [ 38.7147616, 9.0323478 ], [ 38.7187446, 9.0413014 ], [ 38.724913, 9.0499227 ], [ 38.7249858, 9.0500191 ], [ 38.7296999, 9.0543158 ] ] ] } },
{ "type": "Feature", "properties": { "threshold_s": 300, "time_label": "5 min drive" }, "geometry": { "type": "Polygon", "coordinates": [ [ [ 38.7122999, 9.0485977 ], [ 38.7126895, 9.0491096 ], [ 38.7155816, 9.0502631 ], [ 38.7196559, 9.0532404 ], [ 38.7215802, 9.053932 ], [ 38.7227342, 9.0541588 ], [ 38.7268682, 9.0536379 ], [ 38.727509, 9.0531756 ], [ 38.7313244, 9.0517193 ], [ 38.7329233, 9.0519989 ], [ 38.735253899999989, 9.051613 ], [ 38.7380251, 9.0487868 ], [ 38.7383899, 9.0473433 ], [ 38.7383373, 9.0423504 ], [ 38.7399468, 9.0411643 ], [ 38.7407971, 9.0398028 ], [ 38.7428422, 9.0353794 ], [ 38.745832, 9.0344079 ], [ 38.7447562, 9.0333098 ], [ 38.7427752, 9.0293362 ], [ 38.7415548, 9.0262879 ], [ 38.7414669, 9.0261991 ], [ 38.7376964, 9.024566 ], [ 38.7360555, 9.0233601 ], [ 38.7336475, 9.0192599 ], [ 38.7316634, 9.0179607 ], [ 38.7294848, 9.0178719 ], [ 38.727304, 9.0177394 ], [ 38.7269885, 9.0179453 ], [ 38.7234376, 9.0184553 ], [ 38.7216876, 9.0166004 ], [ 38.7188622, 9.016363 ], [ 38.716879, 9.0190493 ], [ 38.7160489, 9.0210002 ], [ 38.7156287, 9.0220832 ], [ 38.7153381, 9.0230401 ], [ 38.7152763, 9.0236018 ], [ 38.713813, 9.0269732 ], [ 38.7122377, 9.0279113 ], [ 38.7102675, 9.0296231 ], [ 38.7069777, 9.0333302 ], [ 38.7065881, 9.0380029 ], [ 38.7066405, 9.0383459 ], [ 38.7071172, 9.0397088 ], [ 38.7085965, 9.0415372 ], [ 38.7097798, 9.0424827 ], [ 38.7104224, 9.0431006 ], [ 38.712546, 9.0456296 ], [ 38.7122999, 9.0485977 ] ] ] } },
{ "type": "Feature", "properties": { "threshold_s": 600, "time_label": "10 min drive" }, "geometry": { "type": "Polygon", "coordinates": [ [ [ 38.7013987, 9.0606987 ], [ 38.7029162, 9.0652896 ], [ 38.7047808, 9.0663645 ], [ 38.7059357, 9.0659722 ], [ 38.7064393, 9.0656273 ], [ 38.7110449, 9.061498 ], [ 38.7154944, 9.0661054 ], [ 38.7157479, 9.0667755 ], [ 38.7171494, 9.0707671 ], [ 38.7181498, 9.071257 ], [ 38.7215999, 9.0727251 ], [ 38.7257969, 9.0726548 ], [ 38.7315501, 9.0709498 ], [ 38.7321416, 9.0707154 ], [ 38.7394818, 9.0691537 ], [ 38.7453286, 9.0671715 ], [ 38.7471046, 9.0666227 ], [ 38.7479243, 9.0658835 ], [ 38.7484129, 9.065267 ], [ 38.7524244, 9.0599047 ], [ 38.7567921, 9.0545851 ], [ 38.7579202, 9.0499171 ], [ 38.7600057, 9.0440359 ], [ 38.7616709, 9.0376492 ], [ 38.7636485, 9.0328556 ], [ 38.7654192, 9.0307943 ], [ 38.7625209, 9.0267749 ], [ 38.7624111, 9.0266163 ], [ 38.7587366, 9.0212076 ], [ 38.7576248, 9.0176281 ], [ 38.7566767, 9.0148583 ], [ 38.7530544, 9.0114358 ], [ 38.7464806, 9.0077087 ], [ 38.7410113, 9.0026659 ], [ 38.7386283, 9.0010025 ], [ 38.7372074, 9.0004715 ], [ 38.7353683, 9.0005664 ], [ 38.7325948, 9.0017547 ], [ 38.732501, 9.001813 ], [ 38.7292146, 9.0052443 ], [ 38.7285474, 9.0064755 ], [ 38.7284978, 9.0065722 ], [ 38.726517, 9.0109459 ], [ 38.7201735, 9.0095651 ], [ 38.7197471, 9.0087074 ], [ 38.7190564, 9.0070821 ], [ 38.7186309, 9.0047421 ], [ 38.7186681, 9.0042571 ], [ 38.7171225, 9.0059583 ], [ 38.7158646, 9.0079272 ], [ 38.7142962, 9.0121102 ], [ 38.7141997, 9.0124602 ], [ 38.7131209, 9.017169 ], [ 38.7072292, 9.0183925 ], [ 38.7066431, 9.0181488 ], [ 38.7033727, 9.0162723 ], [ 38.7000013, 9.0152659 ], [ 38.6998284, 9.0153872 ], [ 38.6996707, 9.0155123 ], [ 38.698115, 9.0176534 ], [ 38.6950466, 9.0235727 ], [ 38.6934606, 9.0274722 ], [ 38.6892202, 9.0304504 ], [ 38.6875669, 9.0310219 ], [ 38.6866084, 9.0326872 ], [ 38.6861993, 9.0343527 ], [ 38.6863509, 9.0347169 ], [ 38.6864175, 9.0348519 ], [ 38.6890841, 9.0407683 ], [ 38.6899357, 9.0429467 ], [ 38.6915249, 9.0482858 ], [ 38.6927661, 9.049168 ], [ 38.699713, 9.0483354 ], [ 38.7006564, 9.0488665 ], [ 38.7021819, 9.0503737 ], [ 38.7031314, 9.0556818 ], [ 38.7005751, 9.0580084 ], [ 38.7006786, 9.0583777 ], [ 38.7013987, 9.0606987 ] ] ] } },
{ "type": "Feature", "properties": { "threshold_s": 900, "time_label": "15 min drive" }, "geometry": { "type": "Polygon", "coordinates": [ [ [ 38.6848503, 9.0662366 ], [ 38.6866401, 9.0733579 ], [ 38.6886039, 9.0747411 ], [ 38.6892691, 9.0749267 ], [ 38.6894957, 9.0748463 ], [ 38.6938391, 9.0730859 ], [ 38.7040883, 9.075675 ], [ 38.7066767, 9.0720331 ], [ 38.7182799, 9.0763662 ], [ 38.7190591, 9.077488 ], [ 38.7212082, 9.0809212 ], [ 38.7188042, 9.0925749 ], [ 38.730374, 9.0869792 ], [ 38.7309526, 9.086197 ], [ 38.7377219, 9.0759888 ], [ 38.7465249, 9.0792228 ], [ 38.7569319, 9.0781488 ], [ 38.7592721, 9.0777621 ], [ 38.760237, 9.0773743 ], [ 38.7665979, 9.0720205 ], [ 38.7735316, 9.0617341 ], [ 38.7758552, 9.0568886 ], [ 38.7781928, 9.0492042 ], [ 38.7821976, 9.0400112 ], [ 38.7828374, 9.0322795 ], [ 38.7797408, 9.0260601 ], [ 38.7781062, 9.0168899 ], [ 38.7763497, 9.0075451 ], [ 38.7726315, 9.0016759 ], [ 38.7705998, 8.9995274 ], [ 38.7683732, 8.9987024 ], [ 38.7667584, 8.998057 ], [ 38.757013, 8.9912123 ], [ 38.7499356, 8.9848156 ], [ 38.7469304, 8.9835016 ], [ 38.7400372, 8.9805206 ], [ 38.7374089, 8.9804003 ], [ 38.7296498, 8.9802627 ], [ 38.7204511, 8.9811992 ], [ 38.7184726, 8.9834798 ], [ 38.7084876, 8.9873296 ], [ 38.7083752, 8.9874839 ], [ 38.7019042, 8.9960819 ], [ 38.6954675, 8.9963489 ], [ 38.6953475, 8.9964028 ], [ 38.6951727, 8.9964815 ], [ 38.6947912, 8.9966628 ], [ 38.6944625, 8.9968365 ], [ 38.6840898, 9.0024514 ], [ 38.683132, 9.0032648 ], [ 38.6819157, 9.0044003 ], [ 38.6814599, 9.0048582 ], [ 38.6800504, 9.0064133 ], [ 38.6784451, 9.0151917 ], [ 38.6753195, 9.0197956 ], [ 38.6715582, 9.0248195 ], [ 38.6714859, 9.0304482 ], [ 38.6722357, 9.035704 ], [ 38.6746724, 9.0409686 ], [ 38.676438, 9.042549 ], [ 38.6794643, 9.0446396 ], [ 38.6846724, 9.0563468 ], [ 38.6847206, 9.0589202 ], [ 38.684761, 9.0605151 ], [ 38.6847507, 9.0616361 ], [ 38.6847578, 9.0622835 ], [ 38.6847362, 9.0650724 ], [ 38.6847681, 9.0654203 ], [ 38.6848503, 9.0662366 ] ] ] } },
{ "type": "Feature", "properties": { "threshold_s": 300, "time_label": "5 min drive" }, "geometry": { "type": "Polygon", "coordinates": [ [ [ 38.7163179, 9.0556455 ], [ 38.7171903, 9.0565867 ], [ 38.7181656, 9.0573015 ], [ 38.719053, 9.057589 ], [ 38.72183, 9.0575985 ], [ 38.7249141, 9.0581435 ], [ 38.7263096, 9.0582639 ], [ 38.7285748, 9.0580012 ], [ 38.7309103, 9.057803 ], [ 38.7330807, 9.0583881 ], [ 38.7338878, 9.0580941 ], [ 38.7363616, 9.0573632 ], [ 38.737762, 9.0575096 ], [ 38.740037, 9.0552778 ], [ 38.7406261, 9.0545821 ], [ 38.7428468, 9.0532492 ], [ 38.7427175, 9.0501644 ], [ 38.7435698, 9.04991 ], [ 38.743727, 9.049567 ], [ 38.7435071, 9.048206 ], [ 38.7435276, 9.0452084 ], [ 38.744017, 9.0442946 ], [ 38.7447586, 9.0435775 ], [ 38.747408, 9.0438834 ], [ 38.7474576, 9.0438086 ], [ 38.7474864, 9.0437649 ], [ 38.7472453, 9.0406397 ], [ 38.7477104, 9.0391796 ], [ 38.7474808, 9.0368508 ], [ 38.7474784, 9.0357517 ], [ 38.7455097, 9.0345712 ], [ 38.7447562, 9.0333098 ], [ 38.7422445, 9.0322303 ], [ 38.7419312, 9.0300338 ], [ 38.7414596, 9.0288964 ], [ 38.7409741, 9.0267806 ], [ 38.7408818, 9.026716 ], [ 38.7401153, 9.0262136 ], [ 38.7394184, 9.025827 ], [ 38.7374238, 9.0254659 ], [ 38.7360555, 9.0233601 ], [ 38.7333554, 9.0214673 ], [ 38.7332006, 9.0206959 ], [ 38.7310648, 9.0198854 ], [ 38.7289571, 9.0207706 ], [ 38.72785, 9.0212283 ], [ 38.7257445, 9.0225793 ], [ 38.7243658, 9.0226985 ], [ 38.7210158, 9.022924 ], [ 38.7200865, 9.0224085 ], [ 38.7196042, 9.0227446 ], [ 38.7191261, 9.0231952 ], [ 38.7185573, 9.0239564 ], [ 38.7177693, 9.0251704 ], [ 38.7162008, 9.0279014 ], [ 38.7155052, 9.0291861 ], [ 38.7154641, 9.029566 ], [ 38.713837, 9.0321448 ], [ 38.7129217, 9.0328166 ], [ 38.7128796, 9.0329324 ], [ 38.7127033, 9.0335155 ], [ 38.7136276, 9.0344599 ], [ 38.7143744, 9.0363528 ], [ 38.7133799, 9.037887 ], [ 38.7117524, 9.0390719 ], [ 38.7117773, 9.0400365 ], [ 38.7119606, 9.0403995 ], [ 38.7125735, 9.0418557 ], [ 38.7126721, 9.0440761 ], [ 38.712546, 9.0456296 ], [ 38.7122999, 9.0485977 ], [ 38.7126895, 9.0491096 ], [ 38.7155816, 9.0502631 ], [ 38.7168157, 9.050139 ], [ 38.7193219, 9.0513749 ], [ 38.7181807, 9.0545065 ], [ 38.7163179, 9.0556455 ] ] ] } },
{ "type": "Feature", "properties": { "threshold_s": 600, "time_label": "10 min drive" }, "geometry": { "type": "Polygon", "coordinates": [ [ [ 38.7010843, 9.0646618 ], [ 38.7013348, 9.0649709 ], [ 38.7047361, 9.0671463 ], [ 38.7051867, 9.0669423 ], [ 38.7064393, 9.0656273 ], [ 38.707658, 9.0628554 ], [ 38.7110449, 9.061498 ], [ 38.714509, 9.0682505 ], [ 38.7146036, 9.0688953 ], [ 38.7151902, 9.0700342 ], [ 38.7157707, 9.0714928 ], [ 38.7160362, 9.0719192 ], [ 38.7166478, 9.0718531 ], [ 38.7221517, 9.0746327 ], [ 38.7225567, 9.0782057 ], [ 38.7233493, 9.0781739 ], [ 38.7235789, 9.0781644 ], [ 38.7261845, 9.0750759 ], [ 38.7338488, 9.072825 ], [ 38.7348948, 9.0733919 ], [ 38.7377219, 9.0759888 ], [ 38.743697, 9.0745147 ], [ 38.7510252, 9.0713234 ], [ 38.7523489, 9.0701126 ], [ 38.7555016, 9.0662711 ], [ 38.7577312, 9.0636262 ], [ 38.7599873, 9.0588615 ], [ 38.7626772, 9.0557355 ], [ 38.7624706, 9.0535973 ], [ 38.7630258, 9.0489882 ], [ 38.7671997, 9.0461121 ], [ 38.7672688, 9.0460073 ], [ 38.7674857, 9.0414061 ], [ 38.7662282, 9.0381005 ], [ 38.7636394, 9.0308323 ], [ 38.7637138, 9.0300983 ], [ 38.7636532, 9.0296992 ], [ 38.7624111, 9.0266163 ], [ 38.7582698, 9.020931 ], [ 38.7576248, 9.0176281 ], [ 38.7562078, 9.0153727 ], [ 38.7561231, 9.0153091 ], [ 38.7499394, 9.0114004 ], [ 38.7456237, 9.0075126 ], [ 38.739708899999989, 9.0047463 ], [ 38.7368803, 9.0018037 ], [ 38.7346404, 9.0011646 ], [ 38.7325948, 9.0017547 ], [ 38.732501, 9.001813 ], [ 38.7292146, 9.0052443 ], [ 38.7285474, 9.0064755 ], [ 38.7284978, 9.0065722 ], [ 38.726517, 9.0109459 ], [ 38.7201735, 9.0095651 ], [ 38.7197471, 9.0087074 ], [ 38.7190564, 9.0070821 ], [ 38.7188646, 9.006906 ], [ 38.7178011, 9.0083227 ], [ 38.7176161, 9.0089034 ], [ 38.7157501, 9.0130971 ], [ 38.7131209, 9.017169 ], [ 38.7066431, 9.0181488 ], [ 38.7043753, 9.0177554 ], [ 38.7024093, 9.0177143 ], [ 38.7011198, 9.0221289 ], [ 38.6957748, 9.0258005 ], [ 38.6923724, 9.0323236 ], [ 38.6908152, 9.0330671 ], [ 38.6925964, 9.0384148 ], [ 38.6938153, 9.0413982 ], [ 38.6950265, 9.0442973 ], [ 38.6951834, 9.0444092 ], [ 38.6955012, 9.0446396 ], [ 38.6966365, 9.0455237 ], [ 38.6970482, 9.0458839 ], [ 38.6987601, 9.0475573 ], [ 38.699713, 9.0483354 ], [ 38.699888799999989, 9.0560736 ], [ 38.6993826, 9.0572006 ], [ 38.6988628, 9.0583438 ], [ 38.6987997, 9.0584836 ], [ 38.7010843, 9.0646618 ] ] ] } },
{ "type": "Feature", "properties": { "threshold_s": 900, "time_label": "15 min drive" }, "geometry": { "type": "Polygon", "coordinates": [ [ [ 38.6859727, 9.0736382 ], [ 38.6870994, 9.0749239 ], [ 38.689663, 9.0762027 ], [ 38.6938391, 9.0730859 ], [ 38.7040883, 9.075675 ], [ 38.7066767, 9.0720331 ], [ 38.7160362, 9.0719192 ], [ 38.7182799, 9.0763662 ], [ 38.7190591, 9.077488 ], [ 38.7212082, 9.0809212 ], [ 38.7222228, 9.0847868 ], [ 38.7107912, 9.0885365 ], [ 38.7188042, 9.0925749 ], [ 38.7265894, 9.0880836 ], [ 38.7356744, 9.0873049 ], [ 38.7422991, 9.0892562 ], [ 38.7450282, 9.0888649 ], [ 38.7472623, 9.0877742 ], [ 38.7536985, 9.0820899 ], [ 38.7613576, 9.0810134 ], [ 38.7719603, 9.0773158 ], [ 38.7764986, 9.0674535 ], [ 38.7783399, 9.0654736 ], [ 38.7820121, 9.0601739 ], [ 38.7850052, 9.0540761 ], [ 38.7850215, 9.0540229 ], [ 38.7858018, 9.0466865 ], [ 38.7858014, 9.0448877 ], [ 38.7853727, 9.0402983 ], [ 38.7858469, 9.0305362 ], [ 38.778927, 9.0223507 ], [ 38.7780195, 9.0189515 ], [ 38.7777329, 9.0171839 ], [ 38.7775774, 9.0165999 ], [ 38.7759286, 9.0076709 ], [ 38.7705998, 8.9995274 ], [ 38.7596548, 8.9944049 ], [ 38.756775, 8.9921858 ], [ 38.74802, 8.9855194 ], [ 38.7405449, 8.9819251 ], [ 38.7387747, 8.9814628 ], [ 38.7317378, 8.9819145 ], [ 38.7304223, 8.982037 ], [ 38.7189652, 8.9832542 ], [ 38.7184726, 8.9834798 ], [ 38.710983400000011, 8.9917704 ], [ 38.7090185, 8.992419 ], [ 38.7032718, 8.9977994 ], [ 38.6940864, 9.0007321 ], [ 38.6918184, 9.0012014 ], [ 38.6861551, 9.0051218 ], [ 38.6853477, 9.0061086 ], [ 38.6827653, 9.014603 ], [ 38.6797606, 9.0204735 ], [ 38.6729117, 9.0281448 ], [ 38.6726095, 9.0312806 ], [ 38.6733014, 9.0351256 ], [ 38.6794643, 9.0446396 ], [ 38.6806176, 9.0455197 ], [ 38.6846724, 9.0563468 ], [ 38.6847206, 9.0589202 ], [ 38.684761, 9.0605151 ], [ 38.6847507, 9.0616361 ], [ 38.6847578, 9.0622835 ], [ 38.6847362, 9.0650724 ], [ 38.6847681, 9.0654203 ], [ 38.6848503, 9.0662366 ], [ 38.6852767, 9.0690918 ], [ 38.6859727, 9.0736382 ] ] ] } },
{ "type": "Feature", "properties": { "threshold_s": 300, "time_label": "5 min drive" }, "geometry": { "type": "Polygon", "coordinates": [ [ [ 38.7622749, 8.9147088 ], [ 38.759965, 8.9166014 ], [ 38.7615117, 8.9179782 ], [ 38.7618101, 8.9173096 ], [ 38.7654058, 8.9162585 ], [ 38.7664824, 8.9169339 ], [ 38.7687341, 8.9168175 ], [ 38.7694345, 8.9155208 ], [ 38.7704821, 8.9142285 ], [ 38.7707279, 8.913838 ], [ 38.7714118, 8.9131237 ], [ 38.774351, 8.9149169 ], [ 38.7755623, 8.9115866 ], [ 38.7770686, 8.9112119 ], [ 38.7769419, 8.9105477 ], [ 38.7765561, 8.9099349 ], [ 38.7759864, 8.9067897 ], [ 38.7771709, 8.9037201 ], [ 38.7786913, 8.9035796 ], [ 38.7801664, 8.9033754 ], [ 38.7824135, 8.90246 ], [ 38.782971, 8.9059834 ], [ 38.7825369, 8.906303 ], [ 38.7827267, 8.9066475 ], [ 38.7837794, 8.9068078 ], [ 38.7836017, 8.90562 ], [ 38.7825899, 8.9023468 ], [ 38.7852651, 8.9013855 ], [ 38.7855787, 8.9005542 ], [ 38.7862068, 8.8980859 ], [ 38.7880825, 8.895989 ], [ 38.7880509, 8.8949813 ], [ 38.7866414, 8.8938187 ], [ 38.7861901, 8.8935145 ], [ 38.7854573, 8.8929451 ], [ 38.7844191, 8.8904975 ], [ 38.7855269, 8.8881801 ], [ 38.7855839, 8.8858713 ], [ 38.7857575, 8.8843334 ], [ 38.7846522, 8.8833443 ], [ 38.7837464, 8.8833354 ], [ 38.7808631, 8.8827075 ], [ 38.7789212, 8.880329 ], [ 38.7785908, 8.8801394 ], [ 38.7782037, 8.8799401 ], [ 38.7763269, 8.8802589 ], [ 38.7747206, 8.881291 ], [ 38.7723019, 8.8813878 ], [ 38.7712433, 8.8820512 ], [ 38.7703993, 8.8825824 ], [ 38.7670556, 8.8841424 ], [ 38.766737, 8.8838133 ], [ 38.7664171, 8.8834525 ], [ 38.7659267, 8.8829569 ], [ 38.7630406, 8.8847033 ], [ 38.7614854, 8.8864608 ], [ 38.7583655, 8.8871586 ], [ 38.757982, 8.8872116 ], [ 38.7544269, 8.887618 ], [ 38.7535067, 8.8908851 ], [ 38.7530655, 8.8924797 ], [ 38.7546292, 8.8938935 ], [ 38.7553668, 8.8948766 ], [ 38.7556278, 8.8980868 ], [ 38.7552514, 8.8987535 ], [ 38.7521187, 8.8998903 ], [ 38.7515644, 8.8996163 ], [ 38.7520596, 8.9021798 ], [ 38.7536716, 8.9049821 ], [ 38.7539546, 8.9067403 ], [ 38.7530177, 8.9089653 ], [ 38.753241, 8.909442 ], [ 38.7540954, 8.9091516 ], [ 38.757576899999989, 8.9088668 ], [ 38.7600915, 8.9094193 ], [ 38.7614514, 8.9114689 ], [ 38.7622749, 8.9147088 ] ] ] } },
{ "type": "Feature", "properties": { "threshold_s": 600, "time_label": "10 min drive" }, "geometry": { "type": "Polygon", "coordinates": [ [ [ 38.735108, 8.9095624 ], [ 38.7359031, 8.9172179 ], [ 38.7371042, 8.9169729 ], [ 38.7459882, 8.9177526 ], [ 38.7531437, 8.9246421 ], [ 38.7588708, 8.9308813 ], [ 38.7607527, 8.9351245 ], [ 38.7621984, 8.9382697 ], [ 38.7719697, 8.9380461 ], [ 38.7732277, 8.9381802 ], [ 38.774686, 8.9372514 ], [ 38.777904, 8.9330842 ], [ 38.7778444, 8.9312001 ], [ 38.7770201, 8.9287389 ], [ 38.779115, 8.9217808 ], [ 38.7847035, 8.922135 ], [ 38.7878074, 8.9201444 ], [ 38.7887996, 8.9195107 ], [ 38.7926964, 8.913875 ], [ 38.796127, 8.9069258 ], [ 38.7956057, 8.9058949 ], [ 38.7875902, 8.9025621 ], [ 38.7899805, 8.89506 ], [ 38.7927742, 8.8912038 ], [ 38.7963669, 8.8832151 ], [ 38.7979744, 8.8801757 ], [ 38.7988602, 8.8742468 ], [ 38.7989103, 8.8731311 ], [ 38.7986278, 8.8725079 ], [ 38.7972046, 8.8702505 ], [ 38.7917762, 8.864454 ], [ 38.7894986, 8.8633579 ], [ 38.7860529, 8.8649204 ], [ 38.7762773, 8.8668603 ], [ 38.7717511, 8.8660043 ], [ 38.7687513, 8.8693906 ], [ 38.76706870000001, 8.8712832 ], [ 38.7581938, 8.8719406 ], [ 38.75615, 8.8684079 ], [ 38.7560906, 8.86851 ], [ 38.7552152, 8.870062 ], [ 38.7534732, 8.8737347 ], [ 38.7535933, 8.874389 ], [ 38.7542376, 8.8758044 ], [ 38.7532785, 8.8831428 ], [ 38.7491109, 8.8861403 ], [ 38.7429137, 8.8858928 ], [ 38.7433773, 8.8943519 ], [ 38.738373, 8.9021943 ], [ 38.7364022, 8.9019307 ], [ 38.735898, 8.9019029 ], [ 38.7350826, 8.9022633 ], [ 38.7337589, 8.9040162 ], [ 38.7342069, 8.9065389 ], [ 38.735108, 8.9095624 ] ] ] } },
{ "type": "Feature", "properties": { "threshold_s": 900, "time_label": "15 min drive" }, "geometry": { "type": "Polygon", "coordinates": [ [ [ 38.7202896, 8.9240603 ], [ 38.7237115, 8.9292668 ], [ 38.7246206, 8.930159 ], [ 38.7262234, 8.9316143 ], [ 38.7267765, 8.9320662 ], [ 38.7342534, 8.9379186 ], [ 38.7348387, 8.938321 ], [ 38.7356114, 8.938525 ], [ 38.7484621, 8.9436618 ], [ 38.7549151, 8.953709 ], [ 38.75632370000001, 8.9566522 ], [ 38.757349, 8.9569226 ], [ 38.7640562, 8.9583092 ], [ 38.7677763, 8.9586487 ], [ 38.7790044, 8.9553408 ], [ 38.7891785, 8.9490906 ], [ 38.791571, 8.9462465 ], [ 38.7923188, 8.9370136 ], [ 38.7935413, 8.9307486 ], [ 38.7934045, 8.9291442 ], [ 38.7917979, 8.9235082 ], [ 38.7926964, 8.913875 ], [ 38.802403, 8.9050619 ], [ 38.8112619, 8.9042262 ], [ 38.8119493, 8.9034889 ], [ 38.8146009, 8.8996524 ], [ 38.81457240000001, 8.8994993 ], [ 38.8162945, 8.8816955 ], [ 38.817464, 8.8793536 ], [ 38.8189472, 8.8763782 ], [ 38.8183652, 8.8740222 ], [ 38.8149721, 8.8649015 ], [ 38.8146248, 8.8639928 ], [ 38.8093275, 8.8505614 ], [ 38.8088727, 8.8503386 ], [ 38.8080601, 8.8504965 ], [ 38.7915721, 8.8521695 ], [ 38.7836212, 8.8506834 ], [ 38.7825108, 8.8509325 ], [ 38.7698477, 8.8550452 ], [ 38.7641859, 8.8575263 ], [ 38.7507315, 8.8561853 ], [ 38.7453881, 8.8640856 ], [ 38.7499793, 8.8704283 ], [ 38.7429137, 8.8858928 ], [ 38.7350826, 8.9022633 ], [ 38.7337589, 8.9040162 ], [ 38.7313695, 8.9071775 ], [ 38.7199563, 8.9207989 ], [ 38.7202896, 8.9240603 ] ] ] } },
{ "type": "Feature", "properties": { "threshold_s": 300, "time_label": "5 min drive" }, "geometry": { "type": "Polygon", "coordinates": [ [ [ 38.7474743, 8.9625299 ], [ 38.7486493, 8.9654003 ], [ 38.7500526, 8.9667886 ], [ 38.7533283, 8.9681802 ], [ 38.7547973, 8.9695155 ], [ 38.755781399999989, 8.9695229 ], [ 38.756673, 8.9690124 ], [ 38.7602142, 8.9666508 ], [ 38.7620422, 8.967196 ], [ 38.7627354, 8.9676055 ], [ 38.7638272, 8.967659 ], [ 38.7673723, 8.9656232 ], [ 38.7696234, 8.9636751 ], [ 38.7718099, 8.962378 ], [ 38.7726464, 8.9617668 ], [ 38.7728872, 8.9614966 ], [ 38.7745996, 8.9593655 ], [ 38.7744443, 8.9568579 ], [ 38.774057, 8.9559735 ], [ 38.7733372, 8.9544932 ], [ 38.7729497, 8.9538567 ], [ 38.7714533, 8.9491198 ], [ 38.7714319, 8.9487243 ], [ 38.771338, 8.9480016 ], [ 38.7731861, 8.9433383 ], [ 38.7733859, 8.9426879 ], [ 38.7737989, 8.941475 ], [ 38.773277899999989, 8.940861 ], [ 38.7716934, 8.9390288 ], [ 38.7711822, 8.9385798 ], [ 38.7711035, 8.938612 ], [ 38.7710331, 8.9386429 ], [ 38.768943, 8.9425753 ], [ 38.7649015, 8.9419151 ], [ 38.7633346, 8.9403366 ], [ 38.7642556, 8.9360344 ], [ 38.7644638, 8.9356733 ], [ 38.7640562, 8.9355178 ], [ 38.7621273, 8.9351643 ], [ 38.7593767, 8.9365235 ], [ 38.7553427, 8.939825 ], [ 38.752761, 8.9406596 ], [ 38.7494405, 8.9400866 ], [ 38.7493833, 8.9401641 ], [ 38.748797, 8.9415459 ], [ 38.7482197, 8.946688 ], [ 38.7480926, 8.9491966 ], [ 38.7478928, 8.951352 ], [ 38.7483944, 8.9528476 ], [ 38.7476609, 8.9574208 ], [ 38.7464974, 8.9584282 ], [ 38.746077, 8.9588322 ], [ 38.7474743, 8.9625299 ] ] ] } },
{ "type": "Feature", "properties": { "threshold_s": 600, "time_label": "10 min drive" }, "geometry": { "type": "Polygon", "coordinates": [ [ [ 38.7339346, 8.9746786 ], [ 38.7341784, 8.9766996 ], [ 38.7410338, 8.9804994 ], [ 38.743529, 8.9827014 ], [ 38.7456711, 8.9851227 ], [ 38.7486724, 8.9867226 ], [ 38.753266, 8.9884972 ], [ 38.7591453, 8.9913732 ], [ 38.7629128, 8.9892678 ], [ 38.7689877, 8.9865387 ], [ 38.7690569, 8.9864664 ], [ 38.7744981, 8.9821544 ], [ 38.7757218, 8.9818285 ], [ 38.7766517, 8.9813993 ], [ 38.7766745, 8.981342 ], [ 38.7764951, 8.9768143 ], [ 38.7758334, 8.9749255 ], [ 38.7747993, 8.9729854 ], [ 38.7715801, 8.967035 ], [ 38.7726464, 8.9617668 ], [ 38.7805062, 8.9613459 ], [ 38.781147, 8.9615179 ], [ 38.7820736, 8.9616559 ], [ 38.7828497, 8.9618599 ], [ 38.7843645, 8.9622353 ], [ 38.7848107, 8.9622522 ], [ 38.7863218, 8.9604522 ], [ 38.7869724, 8.9590567 ], [ 38.7897859, 8.9520522 ], [ 38.7909476, 8.9452448 ], [ 38.7904421, 8.9442075 ], [ 38.7880415, 8.9438762 ], [ 38.7862085, 8.9366371 ], [ 38.7872114, 8.9356624 ], [ 38.7888944, 8.9340646 ], [ 38.7910489, 8.93304 ], [ 38.7909088, 8.9328273 ], [ 38.7896334, 8.9318244 ], [ 38.788127, 8.933209 ], [ 38.7819461, 8.9291482 ], [ 38.7830064, 8.9257519 ], [ 38.7849435, 8.9241203 ], [ 38.7847035, 8.922135 ], [ 38.7844966, 8.9221979 ], [ 38.7819917, 8.9228524 ], [ 38.7764568, 8.9209443 ], [ 38.772161, 8.9187151 ], [ 38.7692488, 8.917931 ], [ 38.761674, 8.915986 ], [ 38.7582381, 8.9184763 ], [ 38.7577818, 8.9190549 ], [ 38.7554607, 8.926309 ], [ 38.7495012, 8.9236476 ], [ 38.7466537, 8.9217025 ], [ 38.7429748, 8.9211149 ], [ 38.7380531, 8.9222536 ], [ 38.7361126, 8.9226882 ], [ 38.7367684, 8.9254558 ], [ 38.7374858, 8.9276429 ], [ 38.7341009, 8.9345072 ], [ 38.7331036, 8.9345746 ], [ 38.732959, 8.9346006 ], [ 38.7295014, 8.9382174 ], [ 38.7296046, 8.9384007 ], [ 38.7309601, 8.9404662 ], [ 38.7292012, 8.9469501 ], [ 38.7285335, 8.9487268 ], [ 38.7283119, 8.9495464 ], [ 38.7289409, 8.9502958 ], [ 38.7295159, 8.9510631 ], [ 38.7301135, 8.9516866 ], [ 38.7325533, 8.954595 ], [ 38.7388181, 8.9533071 ], [ 38.7403759, 8.9568763 ], [ 38.7355458, 8.9629714 ], [ 38.7328483, 8.9624614 ], [ 38.7313496, 8.9646863 ], [ 38.7340753, 8.9706794 ], [ 38.73397, 8.9732129 ], [ 38.7339346, 8.9746786 ] ] ] } },
{ "type": "Feature", "properties": { "threshold_s": 900, "time_label": "15 min drive" }, "geometry": { "type": "Polygon", "coordinates": [ [ [ 38.7234061, 8.9902196 ], [ 38.7248948, 8.9919464 ], [ 38.7307139, 8.9976947 ], [ 38.7370366, 9.0028356 ], [ 38.7464049, 9.0076974 ], [ 38.7531255, 9.0121265 ], [ 38.7586435, 9.0127141 ], [ 38.7707339, 9.0086259 ], [ 38.7799883, 9.0014249 ], [ 38.782378, 8.9997652 ], [ 38.7827763, 8.9993254 ], [ 38.783194, 8.9988784 ], [ 38.7849529, 8.9969014 ], [ 38.7951373, 8.9923063 ], [ 38.795499, 8.9912753 ], [ 38.7942992, 8.9887271 ], [ 38.7920318, 8.9875297 ], [ 38.791375, 8.9871117 ], [ 38.7899075, 8.9859732 ], [ 38.7880106, 8.9854871 ], [ 38.7855757, 8.9849273 ], [ 38.7842988, 8.9845215 ], [ 38.7787516, 8.9794447 ], [ 38.7828796, 8.9680649 ], [ 38.7919347, 8.9698281 ], [ 38.8031926, 8.9653287 ], [ 38.8033937, 8.9620533 ], [ 38.8081755, 8.9500842 ], [ 38.8082707, 8.9383955 ], [ 38.8035004, 8.9353497 ], [ 38.801578, 8.9259007 ], [ 38.8023716, 8.9218751 ], [ 38.7994757, 8.917382 ], [ 38.789882, 8.9100642 ], [ 38.7888639, 8.9069062 ], [ 38.7849782, 8.9059148 ], [ 38.775254, 8.8995869 ], [ 38.771566, 8.8960863 ], [ 38.7706802, 8.8955247 ], [ 38.7613613, 8.895748 ], [ 38.7572524, 8.8977947 ], [ 38.7509195, 8.9014142 ], [ 38.7404108, 8.9021122 ], [ 38.738373, 8.9021943 ], [ 38.7351069, 8.9030537 ], [ 38.7337589, 8.9040162 ], [ 38.7313695, 8.9071775 ], [ 38.727289399999989, 8.9135477 ], [ 38.7199563, 8.9207989 ], [ 38.7125628, 8.9311831 ], [ 38.7121524, 8.9312189 ], [ 38.7099315, 8.9421156 ], [ 38.7084953, 8.9503518 ], [ 38.7080373, 8.9563716 ], [ 38.7084783, 8.9569867 ], [ 38.7118558, 8.9692599 ], [ 38.7119911, 8.9703102 ], [ 38.7123549, 8.9711935 ], [ 38.7131167, 8.9723742 ], [ 38.7140299, 8.9732737 ], [ 38.7191693, 8.9798759 ], [ 38.721735099999989, 8.9873103 ], [ 38.7234061, 8.9902196 ] ] ] } },
{ "type": "Feature", "properties": { "threshold_s": 300, "time_label": "5 min drive" }, "geometry": { "type": "Polygon", "coordinates": [ [ [ 38.7632006, 9.0023557 ], [ 38.763698, 9.0032032 ], [ 38.7674794, 9.0056217 ], [ 38.7688796, 9.0061823 ], [ 38.7719838, 9.0062934 ], [ 38.7763593, 9.0077319 ], [ 38.7806171, 9.0092399 ], [ 38.7811817, 9.009175 ], [ 38.7831538, 9.00811 ], [ 38.7847403, 9.0066431 ], [ 38.7892042, 9.0040436 ], [ 38.7920983, 8.9987684 ], [ 38.792624, 8.9985777 ], [ 38.7931544, 8.9983837 ], [ 38.7936291, 8.9982041 ], [ 38.7941482, 8.9979968 ], [ 38.7948523, 8.9966292 ], [ 38.7966451, 8.9921571 ], [ 38.7968687, 8.9908044 ], [ 38.7942992, 8.9887271 ], [ 38.791375, 8.9871117 ], [ 38.788826, 8.985809 ], [ 38.7880106, 8.9854871 ], [ 38.7855757, 8.9849273 ], [ 38.7842988, 8.9845215 ], [ 38.7829895, 8.9840922 ], [ 38.7787516, 8.9794447 ], [ 38.7777914, 8.9763594 ], [ 38.7774548, 8.9759568 ], [ 38.7773636, 8.975878 ], [ 38.7758334, 8.9749255 ], [ 38.77469210000001, 8.9744785 ], [ 38.77070650000001, 8.9754968 ], [ 38.766807300000011, 8.9766861 ], [ 38.764124099999989, 8.9821933 ], [ 38.7621897, 8.9874769 ], [ 38.7621897, 8.9875462 ], [ 38.7622938, 8.9937159 ], [ 38.762479, 8.9967163 ], [ 38.7632006, 9.0023557 ] ] ] } },
{ "type": "Feature", "properties": { "threshold_s": 600, "time_label": "10 min drive" }, "geometry": { "type": "Polygon", "coordinates": [ [ [ 38.7471465, 9.0144456 ], [ 38.7522197, 9.0213585 ], [ 38.7605536, 9.0224021 ], [ 38.7681837, 9.0238363 ], [ 38.7725207, 9.0260996 ], [ 38.7752977, 9.0272166 ], [ 38.7754884, 9.0272635 ], [ 38.7847756, 9.0284891 ], [ 38.7857026, 9.0282428 ], [ 38.793055, 9.0232857 ], [ 38.7994298, 9.0188571 ], [ 38.8034284, 9.0138029 ], [ 38.8072313, 9.0086875 ], [ 38.8084397, 9.0045809 ], [ 38.809308, 9.0019691 ], [ 38.8139144, 8.9937504 ], [ 38.8160405, 8.9906542 ], [ 38.8163915, 8.9896939 ], [ 38.8172293, 8.987135 ], [ 38.8079529, 8.9863615 ], [ 38.8066972, 8.9860036 ], [ 38.8035562, 8.9852867 ], [ 38.8021619, 8.9853275 ], [ 38.7996331, 8.9854045 ], [ 38.7971379, 8.9861223 ], [ 38.7899075, 8.9859732 ], [ 38.7880106, 8.9854871 ], [ 38.7855757, 8.9849273 ], [ 38.7842988, 8.9845215 ], [ 38.7787516, 8.9794447 ], [ 38.7777914, 8.9763594 ], [ 38.7828796, 8.9680649 ], [ 38.7896709, 8.966307 ], [ 38.7898818, 8.9651539 ], [ 38.7902972, 8.9627747 ], [ 38.7890251, 8.962117 ], [ 38.7884755, 8.961863 ], [ 38.7874353, 8.9614819 ], [ 38.7861009, 8.9616745 ], [ 38.7855528, 8.9619183 ], [ 38.7851794, 8.9620883 ], [ 38.7848107, 8.9622522 ], [ 38.7775834, 8.9635925 ], [ 38.7728159, 8.9599105 ], [ 38.7714929, 8.9586625 ], [ 38.7698044, 8.9575412 ], [ 38.7692517, 8.9571825 ], [ 38.7673704, 8.9560994 ], [ 38.7650679, 8.956913 ], [ 38.7640562, 8.9583092 ], [ 38.7639042, 8.9599587 ], [ 38.7565704, 8.9669942 ], [ 38.7548117, 8.9682005 ], [ 38.7494039, 8.9743429 ], [ 38.7475522, 8.9764474 ], [ 38.7444469, 8.9837629 ], [ 38.7427999, 8.9909033 ], [ 38.7424194, 8.9939338 ], [ 38.7424788, 8.9961176 ], [ 38.7429171, 8.9977021 ], [ 38.7429701, 8.9977686 ], [ 38.7469207, 9.0077617 ], [ 38.7461556, 9.0104021 ], [ 38.7461356, 9.0106348 ], [ 38.7471465, 9.0144456 ] ] ] } },
{ "type": "Feature", "properties": { "threshold_s": 900, "time_label": "15 min drive" }, "geometry": { "type": "Polygon", "coordinates": [ [ [ 38.7339029, 9.0265663 ], [ 38.7369454, 9.0344738 ], [ 38.7424704, 9.0363845 ], [ 38.7504473, 9.0408737 ], [ 38.7505575, 9.0409128 ], [ 38.7536143, 9.0411437 ], [ 38.7625945, 9.0433073 ], [ 38.7694638, 9.0449786 ], [ 38.7742615, 9.0456581 ], [ 38.7841617, 9.0449933 ], [ 38.7843072, 9.0447727 ], [ 38.7846968, 9.0439655 ], [ 38.788646, 9.0371199 ], [ 38.788999, 9.0366321 ], [ 38.7997189, 9.0335465 ], [ 38.8102571, 9.0324134 ], [ 38.8105209, 9.0319502 ], [ 38.8193351, 9.0247139 ], [ 38.8248615, 9.0163434 ], [ 38.8293616, 9.0062613 ], [ 38.8310638, 9.0002257 ], [ 38.8316054, 8.9976177 ], [ 38.834897, 8.9868345 ], [ 38.8347897, 8.9853533 ], [ 38.8344786, 8.9850665 ], [ 38.8303922, 8.9744672 ], [ 38.8300543, 8.9713237 ], [ 38.829171, 8.9683279 ], [ 38.8272698, 8.9675185 ], [ 38.8266235, 8.9672755 ], [ 38.8263241, 8.9672496 ], [ 38.8250452, 8.9671403 ], [ 38.8217528, 8.9682954 ], [ 38.818219, 8.9705422 ], [ 38.8176396, 8.9707634 ], [ 38.8078771, 8.9656652 ], [ 38.8079017, 8.9635656 ], [ 38.8089976, 8.9585825 ], [ 38.8044097, 8.9569504 ], [ 38.7967291, 8.9514381 ], [ 38.7968456, 8.9474803 ], [ 38.796785, 8.9473086 ], [ 38.7953919, 8.9466148 ], [ 38.7946927, 8.9462823 ], [ 38.7863919, 8.9427689 ], [ 38.7825899, 8.9418798 ], [ 38.7739475, 8.9352246 ], [ 38.7684385, 8.9360281 ], [ 38.7598421, 8.9405589 ], [ 38.7525377, 8.9420308 ], [ 38.7504082, 8.9479861 ], [ 38.7428955, 8.9554628 ], [ 38.7422292, 8.9561109 ], [ 38.7328098, 8.9616034 ], [ 38.7319559, 8.9629638 ], [ 38.7313496, 8.9646863 ], [ 38.7327157, 8.9682691 ], [ 38.7283872, 8.9787856 ], [ 38.7270547, 8.9798003 ], [ 38.7258008, 8.9824669 ], [ 38.7255622, 8.9913882 ], [ 38.7242852, 8.9953717 ], [ 38.7235325, 8.9981853 ], [ 38.7236724, 8.9987142 ], [ 38.7284978, 9.0065722 ], [ 38.726517, 9.0109459 ], [ 38.7264124, 9.0111896 ], [ 38.7253784, 9.0132798 ], [ 38.7269885, 9.0179453 ], [ 38.7276309, 9.0186752 ], [ 38.7339029, 9.0265663 ] ] ] } },
{ "type": "Feature", "properties": { "threshold_s": 300, "time_label": "5 min drive" }, "geometry": { "type": "Polygon", "coordinates": [ [ [ 38.721577, 9.0201857 ], [ 38.7219605, 9.02151 ], [ 38.7250444, 9.0232932 ], [ 38.7287043, 9.0258283 ], [ 38.7322038, 9.0289426 ], [ 38.7354447, 9.0311865 ], [ 38.7358269, 9.0313646 ], [ 38.7371646, 9.0314924 ], [ 38.740618, 9.0305262 ], [ 38.744473, 9.0293587 ], [ 38.7483515, 9.0274422 ], [ 38.7503238, 9.0244243 ], [ 38.7546091, 9.0217117 ], [ 38.7555976, 9.0217609 ], [ 38.7587022, 9.0179263 ], [ 38.7566767, 9.0148583 ], [ 38.7563343, 9.0092824 ], [ 38.7543417, 9.0064809 ], [ 38.7508607, 9.0022828 ], [ 38.7474058, 8.9987375 ], [ 38.7458731, 8.9969173 ], [ 38.7456058, 8.9999417 ], [ 38.7403566, 8.9997024 ], [ 38.7392917, 8.997308 ], [ 38.7363921, 8.9984685 ], [ 38.7316547, 8.9970266 ], [ 38.7298218, 8.9964402 ], [ 38.7289264, 8.9982376 ], [ 38.732501, 9.001813 ], [ 38.730182, 9.0046135 ], [ 38.7292146, 9.0052443 ], [ 38.7285474, 9.0064755 ], [ 38.7284978, 9.0065722 ], [ 38.726517, 9.0109459 ], [ 38.7225071, 9.0114307 ], [ 38.7206414, 9.0105108 ], [ 38.7191807, 9.0122896 ], [ 38.7214342, 9.0141765 ], [ 38.722803399999989, 9.018968 ], [ 38.721577, 9.0201857 ] ] ] } },
{ "type": "Feature", "properties": { "threshold_s": 600, "time_label": "10 min drive" }, "geometry": { "type": "Polygon", "coordinates": [ [ [ 38.7104762, 9.033994 ], [ 38.7138967, 9.0380452 ], [ 38.7205048, 9.0439099 ], [ 38.7212528, 9.0448086 ], [ 38.7238576, 9.0481931 ], [ 38.7310689, 9.050217 ], [ 38.7324007, 9.0503455 ], [ 38.7341818, 9.050352 ], [ 38.7364411, 9.0498433 ], [ 38.7378963, 9.0490839 ], [ 38.7419765, 9.0475368 ], [ 38.7471673, 9.0469322 ], [ 38.7554227, 9.0453672 ], [ 38.755529, 9.045349 ], [ 38.7565811, 9.0429639 ], [ 38.7565413, 9.0397014 ], [ 38.7620831, 9.0353314 ], [ 38.7632315, 9.0343164 ], [ 38.7654192, 9.0307943 ], [ 38.7705804, 9.0283662 ], [ 38.7706975, 9.0282685 ], [ 38.7763592, 9.0232278 ], [ 38.7782413, 9.0194063 ], [ 38.7790445, 9.0165877 ], [ 38.7793668, 9.0132882 ], [ 38.7776747, 9.0055086 ], [ 38.7735825, 8.9997115 ], [ 38.7716165, 8.9966689 ], [ 38.7664925, 8.9943395 ], [ 38.761126, 8.9874859 ], [ 38.7612816, 8.9859275 ], [ 38.7565841, 8.9820643 ], [ 38.7545591, 8.9806549 ], [ 38.7524807, 8.9793843 ], [ 38.74921890000001, 8.978084 ], [ 38.746549, 8.977355 ], [ 38.7456952, 8.9771637 ], [ 38.7377935, 8.9768912 ], [ 38.7315005, 8.9774815 ], [ 38.7288472, 8.9786214 ], [ 38.7221927, 8.9792506 ], [ 38.7196929, 8.9792853 ], [ 38.7189332, 8.9793883 ], [ 38.7178704, 8.981205 ], [ 38.7165458, 8.9869257 ], [ 38.7125153, 8.9887289 ], [ 38.7112759, 8.9887158 ], [ 38.7110505, 8.9891544 ], [ 38.7115702, 8.9932443 ], [ 38.7079655, 8.9997387 ], [ 38.7052108, 9.0005361 ], [ 38.7011138, 9.0035398 ], [ 38.7012117, 9.004429 ], [ 38.7014759, 9.0060675 ], [ 38.7023382, 9.0093935 ], [ 38.6996707, 9.0155123 ], [ 38.7009155, 9.0178795 ], [ 38.7041906, 9.0222231 ], [ 38.711086, 9.0260244 ], [ 38.7109267, 9.0329189 ], [ 38.7104762, 9.033994 ] ] ] } },
{ "type": "Feature", "properties": { "threshold_s": 900, "time_label": "15 min drive" }, "geometry": { "type": "Polygon", "coordinates": [ [ [ 38.6918418, 9.040658 ], [ 38.6950265, 9.0442973 ], [ 38.6987601, 9.0475573 ], [ 38.699713, 9.0483354 ], [ 38.7021819, 9.0503737 ], [ 38.7084952, 9.0547369 ], [ 38.710331, 9.0582414 ], [ 38.7177554, 9.0651823 ], [ 38.7274115, 9.0691897 ], [ 38.7283531, 9.0689796 ], [ 38.7322328, 9.0679197 ], [ 38.7399065, 9.0674218 ], [ 38.7485721, 9.0670152 ], [ 38.7549918, 9.065392 ], [ 38.7621836, 9.0647333 ], [ 38.768486, 9.0602528 ], [ 38.7726371, 9.0539929 ], [ 38.7739502, 9.0513606 ], [ 38.777945, 9.0459171 ], [ 38.7831865, 9.0425593 ], [ 38.7840646, 9.0399581 ], [ 38.7914952, 9.032615 ], [ 38.7935214, 9.0301317 ], [ 38.7937076, 9.0297792 ], [ 38.7940713, 9.0283586 ], [ 38.7961393, 9.0225078 ], [ 38.8007335, 9.0190982 ], [ 38.797747, 9.0096492 ], [ 38.797983, 9.0046067 ], [ 38.7981876, 9.0030972 ], [ 38.7956395, 8.9945489 ], [ 38.7949535, 8.9927309 ], [ 38.7935246, 8.9897445 ], [ 38.791375, 8.9871117 ], [ 38.7888132, 8.9859297 ], [ 38.7879749, 8.9856538 ], [ 38.7855757, 8.9849273 ], [ 38.7842988, 8.9845215 ], [ 38.7771428, 8.9770548 ], [ 38.7764951, 8.9768143 ], [ 38.774204, 8.9770305 ], [ 38.7664998, 8.9707517 ], [ 38.7662108, 8.9676225 ], [ 38.7633621, 8.962338 ], [ 38.7545968, 8.9603059 ], [ 38.7511785, 8.9578098 ], [ 38.7487906, 8.957471 ], [ 38.7404933, 8.9609058 ], [ 38.7348681, 8.9596248 ], [ 38.7326381, 8.9587993 ], [ 38.7318209, 8.9587663 ], [ 38.7314187, 8.9587581 ], [ 38.7216581, 8.9618228 ], [ 38.716926, 8.9620024 ], [ 38.7130737, 8.9643417 ], [ 38.7116235, 8.9673369 ], [ 38.7111413, 8.9682161 ], [ 38.7105142, 8.9698226 ], [ 38.7040856, 8.976641 ], [ 38.699438, 8.9776292 ], [ 38.6972304, 8.9779161 ], [ 38.6968088, 8.9780505 ], [ 38.693438, 8.9795589 ], [ 38.6924133, 8.9803756 ], [ 38.6909841, 8.9819416 ], [ 38.6887749, 8.9918051 ], [ 38.687519, 8.9930402 ], [ 38.6865373, 8.9938025 ], [ 38.6851714, 8.9946456 ], [ 38.6799713, 9.0027562 ], [ 38.6792685, 9.0037939 ], [ 38.6797031, 9.0069358 ], [ 38.6799441, 9.0179315 ], [ 38.6801296, 9.0212648 ], [ 38.682535, 9.0261316 ], [ 38.6830037, 9.02673 ], [ 38.687049, 9.0318246 ], [ 38.6918418, 9.040658 ] ] ] } },
{ "type": "Feature", "properties": { "threshold_s": 300, "time_label": "5 min drive" }, "geometry": { "type": "Polygon", "coordinates": [ [ [ 38.7527724, 9.0143482 ], [ 38.753888, 9.0173878 ], [ 38.7543747, 9.0174346 ], [ 38.7554835, 9.0175438 ], [ 38.7603636, 9.0186068 ], [ 38.7645123, 9.0221623 ], [ 38.7666902, 9.0194705 ], [ 38.771192, 9.0184455 ], [ 38.7742102, 9.0174735 ], [ 38.7741335, 9.0152535 ], [ 38.7792254, 9.0132141 ], [ 38.7793668, 9.0132882 ], [ 38.7812692, 9.0141888 ], [ 38.782059, 9.014438 ], [ 38.7813332, 9.0121982 ], [ 38.7811587, 9.0112123 ], [ 38.7808196, 9.0096836 ], [ 38.7823866, 9.0056114 ], [ 38.783227, 9.0035 ], [ 38.782411, 9.0014722 ], [ 38.7823378, 9.0013971 ], [ 38.7796696, 9.0006454 ], [ 38.7795597, 9.0006527 ], [ 38.7763283, 8.9988565 ], [ 38.7763041, 8.9957546 ], [ 38.781175, 8.992913 ], [ 38.7816924, 8.991925 ], [ 38.7822305, 8.9904055 ], [ 38.7818342, 8.9898611 ], [ 38.7817463, 8.9897697 ], [ 38.7802939, 8.9890597 ], [ 38.776855, 8.9886044 ], [ 38.7739635, 8.9880226 ], [ 38.7706549, 8.986741 ], [ 38.7652114, 8.9860036 ], [ 38.7634392, 8.9867237 ], [ 38.7621897, 8.9874769 ], [ 38.7592571, 8.9906178 ], [ 38.7556065, 8.9931137 ], [ 38.7534142, 8.9955503 ], [ 38.7533887, 8.9956298 ], [ 38.7555253, 8.9985161 ], [ 38.7587985, 9.0020734 ], [ 38.7576883, 9.0047943 ], [ 38.7545018, 9.0072532 ], [ 38.7519181, 9.0117755 ], [ 38.7527724, 9.0143482 ] ] ] } },
{ "type": "Feature", "properties": { "threshold_s": 600, "time_label": "10 min drive" }, "geometry": { "type": "Polygon", "coordinates": [ [ [ 38.7373517, 9.0262427 ], [ 38.7394966, 9.0315341 ], [ 38.7439692, 9.0342222 ], [ 38.7461888, 9.0344437 ], [ 38.7523463, 9.0373285 ], [ 38.7535757, 9.0366681 ], [ 38.7589817, 9.0353307 ], [ 38.7625, 9.0377761 ], [ 38.763485, 9.0378991 ], [ 38.7707349, 9.0364693 ], [ 38.7735963, 9.0366353 ], [ 38.7774564, 9.0346696 ], [ 38.7839698, 9.0314066 ], [ 38.7905778, 9.0297413 ], [ 38.7973991, 9.0272539 ], [ 38.7976035, 9.0270682 ], [ 38.7986196, 9.0231216 ], [ 38.8045576, 9.0198433 ], [ 38.8038098, 9.0185739 ], [ 38.8025814, 9.0160673 ], [ 38.8006038, 9.0114466 ], [ 38.8013695, 9.0078641 ], [ 38.8016877, 9.0064996 ], [ 38.8026295, 9.003978 ], [ 38.8032226, 9.0026245 ], [ 38.8036877, 9.0002622 ], [ 38.8013238, 8.9997042 ], [ 38.79983, 8.9993158 ], [ 38.797957, 8.9920335 ], [ 38.7992705, 8.9883311 ], [ 38.799967, 8.9868141 ], [ 38.7996331, 8.9854045 ], [ 38.7976586, 8.9872854 ], [ 38.791375, 8.9871117 ], [ 38.7899075, 8.9859732 ], [ 38.7880106, 8.9854871 ], [ 38.7855757, 8.9849273 ], [ 38.7842988, 8.9845215 ], [ 38.7787516, 8.9794447 ], [ 38.7777914, 8.9763594 ], [ 38.7759295, 8.9724099 ], [ 38.7755072, 8.9716351 ], [ 38.7752672, 8.9716781 ], [ 38.774991, 8.9719637 ], [ 38.7727569, 8.9732909 ], [ 38.7664998, 8.9707517 ], [ 38.7627127, 8.9666965 ], [ 38.7565704, 8.9669942 ], [ 38.7548543, 8.9688259 ], [ 38.7487573, 8.9736769 ], [ 38.7433915, 8.9775073 ], [ 38.7410338, 8.9804994 ], [ 38.7393057, 8.9838339 ], [ 38.7362266, 8.9892398 ], [ 38.7376045, 8.9950873 ], [ 38.7371778, 8.998569 ], [ 38.7336948, 9.0037736 ], [ 38.7315925, 9.0085694 ], [ 38.7315546, 9.0092875 ], [ 38.7321147, 9.0160174 ], [ 38.7322897, 9.0170229 ], [ 38.7354575, 9.0226442 ], [ 38.7373517, 9.0262427 ] ] ] } },
{ "type": "Feature", "properties": { "threshold_s": 900, "time_label": "15 min drive" }, "geometry": { "type": "Polygon", "coordinates": [ [ [ 38.7246984, 9.0412729 ], [ 38.7316745, 9.0497234 ], [ 38.7336133, 9.0510537 ], [ 38.7410798, 9.0559945 ], [ 38.7439175, 9.0563916 ], [ 38.7488493, 9.0568369 ], [ 38.7592101, 9.059055 ], [ 38.762187, 9.059408 ], [ 38.7658428, 9.0577181 ], [ 38.7737545, 9.0551908 ], [ 38.7802118, 9.055173 ], [ 38.780708, 9.0551308 ], [ 38.7811861, 9.0550632 ], [ 38.7827944, 9.0540054 ], [ 38.7847826, 9.0523901 ], [ 38.7892183, 9.0480524 ], [ 38.7906995, 9.0454025 ], [ 38.7918929, 9.0415089 ], [ 38.7997189, 9.0335465 ], [ 38.8042312, 9.0365115 ], [ 38.8150895, 9.0352167 ], [ 38.8155119, 9.035217 ], [ 38.8163561, 9.0349854 ], [ 38.820582, 9.0290534 ], [ 38.8237898, 9.0250758 ], [ 38.8265759, 9.0200041 ], [ 38.8260162, 9.0169832 ], [ 38.8259322, 9.0165565 ], [ 38.8243533, 9.0146504 ], [ 38.8212444, 9.0047426 ], [ 38.82156950000001, 9.0023335 ], [ 38.8219909, 8.998281 ], [ 38.8221207, 8.9974946 ], [ 38.8223288, 8.9953086 ], [ 38.8221686, 8.9921195 ], [ 38.8216431, 8.9874913 ], [ 38.8208006, 8.9803978 ], [ 38.8172293, 8.987135 ], [ 38.8097735, 8.9869675 ], [ 38.8079529, 8.9863615 ], [ 38.8066972, 8.9860036 ], [ 38.8035562, 8.9852867 ], [ 38.8021619, 8.9853275 ], [ 38.7996331, 8.9854045 ], [ 38.7971379, 8.9861223 ], [ 38.7899075, 8.9859732 ], [ 38.7880106, 8.9854871 ], [ 38.7855757, 8.9849273 ], [ 38.7842988, 8.9845215 ], [ 38.7787516, 8.9794447 ], [ 38.7777914, 8.9763594 ], [ 38.7828796, 8.9680649 ], [ 38.7909604, 8.9677523 ], [ 38.7914937, 8.9674282 ], [ 38.7923209, 8.9649386 ], [ 38.7912011, 8.9611803 ], [ 38.7910549, 8.9607763 ], [ 38.7909744, 8.9606478 ], [ 38.7890761, 8.9596556 ], [ 38.7881632, 8.9592315 ], [ 38.7848514, 8.9583628 ], [ 38.7742697, 8.9534014 ], [ 38.7714136, 8.950486 ], [ 38.7688543, 8.9481925 ], [ 38.7657954, 8.9457131 ], [ 38.7610491, 8.9474346 ], [ 38.7541316, 8.9497782 ], [ 38.7508367, 8.9509828 ], [ 38.7494933, 8.9515279 ], [ 38.7428878, 8.9557906 ], [ 38.732747, 8.9604117 ], [ 38.7319789, 8.9611188 ], [ 38.731481, 8.9616099 ], [ 38.7301676, 8.9629974 ], [ 38.729296, 8.9648433 ], [ 38.7282655, 8.9715133 ], [ 38.7281115, 8.9746553 ], [ 38.7270547, 8.9798003 ], [ 38.7196875, 8.984451 ], [ 38.716908, 8.9901293 ], [ 38.71692, 8.9926857 ], [ 38.716118, 9.000587 ], [ 38.7104304, 9.0072398 ], [ 38.7084576, 9.0136135 ], [ 38.7097721, 9.0172191 ], [ 38.7150762, 9.0272182 ], [ 38.7199624, 9.0331668 ], [ 38.7216069, 9.0374307 ], [ 38.7246984, 9.0412729 ] ] ] } },
{ "type": "Feature", "properties": { "threshold_s": 300, "time_label": "5 min drive" }, "geometry": { "type": "Polygon", "coordinates": [ [ [ 38.7125967, 8.9827131 ], [ 38.7129021, 8.9832206 ], [ 38.715354499999989, 8.9832474 ], [ 38.7165128, 8.983096 ], [ 38.719303, 8.9836928 ], [ 38.7200974, 8.9866106 ], [ 38.7209886, 8.98606 ], [ 38.7217467, 8.9856792 ], [ 38.7201629, 8.9848828 ], [ 38.720497, 8.9813461 ], [ 38.7215909, 8.9811187 ], [ 38.7223984, 8.9810641 ], [ 38.7230837, 8.980366 ], [ 38.724079, 8.9771595 ], [ 38.7258704, 8.9763704 ], [ 38.7270547, 8.9798003 ], [ 38.7276717, 8.9804296 ], [ 38.7285984, 8.9830587 ], [ 38.730087, 8.9846804 ], [ 38.7322041, 8.9866337 ], [ 38.7331702, 8.9866157 ], [ 38.7334679, 8.9855825 ], [ 38.7369521, 8.9844949 ], [ 38.737172, 8.9846817 ], [ 38.7393433, 8.9852712 ], [ 38.7399642, 8.9833478 ], [ 38.7429655, 8.9814508 ], [ 38.7438287, 8.9779165 ], [ 38.7438314, 8.975388 ], [ 38.7433839, 8.9733247 ], [ 38.7425491, 8.9703814 ], [ 38.7423929, 8.9704013 ], [ 38.7388259, 8.969511 ], [ 38.7385016, 8.9691304 ], [ 38.7372129, 8.9662997 ], [ 38.7355458, 8.9629714 ], [ 38.7352396, 8.9611247 ], [ 38.735092, 8.9607604 ], [ 38.7326381, 8.9587993 ], [ 38.7318209, 8.9587663 ], [ 38.7314187, 8.9587581 ], [ 38.730374, 8.9598055 ], [ 38.7299576, 8.9602124 ], [ 38.7294334, 8.9609553 ], [ 38.7274434, 8.9635122 ], [ 38.7252581, 8.9644147 ], [ 38.7228772, 8.9640603 ], [ 38.7206724, 8.9634112 ], [ 38.7197271, 8.9634522 ], [ 38.7177271, 8.9646476 ], [ 38.716402, 8.9671225 ], [ 38.7156178, 8.9700658 ], [ 38.7172198, 8.9707216 ], [ 38.7179219, 8.9712694 ], [ 38.7181224, 8.9714796 ], [ 38.7169132, 8.9749615 ], [ 38.7156376, 8.975235 ], [ 38.7148428, 8.9757077 ], [ 38.7142466, 8.9760259 ], [ 38.7135418, 8.9763191 ], [ 38.7127013, 8.9783543 ], [ 38.7128172, 8.9802182 ], [ 38.7125681, 8.9826245 ], [ 38.7125967, 8.9827131 ] ] ] } },
{ "type": "Feature", "properties": { "threshold_s": 600, "time_label": "10 min drive" }, "geometry": { "type": "Polygon", "coordinates": [ [ [ 38.6992706, 8.9920621 ], [ 38.7016295, 8.9965457 ], [ 38.7032718, 8.9977994 ], [ 38.7071372, 8.9988814 ], [ 38.7076691, 8.9987717 ], [ 38.7086257, 8.9983915 ], [ 38.7104382, 8.9973229 ], [ 38.7189357, 9.0001877 ], [ 38.7189773, 9.0029713 ], [ 38.7188894, 9.0059185 ], [ 38.7199702, 9.0042617 ], [ 38.7268985, 8.9991841 ], [ 38.7326358, 9.0031899 ], [ 38.733824, 9.0047681 ], [ 38.734585, 9.0056212 ], [ 38.7385513, 9.0066997 ], [ 38.7435774, 9.0082213 ], [ 38.7436921, 9.00817 ], [ 38.7508607, 9.0022828 ], [ 38.7513207, 9.0020037 ], [ 38.754885, 8.997454 ], [ 38.7591078, 8.9902103 ], [ 38.7599512, 8.986485 ], [ 38.7599712, 8.9807353 ], [ 38.7598425, 8.9769483 ], [ 38.7584311, 8.9727864 ], [ 38.7588272, 8.9661457 ], [ 38.7591368, 8.9644234 ], [ 38.7561216, 8.9593519 ], [ 38.7520295, 8.954852 ], [ 38.7453959, 8.9494289 ], [ 38.7442622, 8.9462701 ], [ 38.743403, 8.9442921 ], [ 38.7428552, 8.9434091 ], [ 38.740001, 8.9382311 ], [ 38.7392106, 8.9379975 ], [ 38.7340113, 8.9367007 ], [ 38.725296, 8.939928 ], [ 38.724478499999989, 8.9399352 ], [ 38.7232623, 8.9416419 ], [ 38.7230698, 8.9419077 ], [ 38.7224773, 8.9427555 ], [ 38.715025, 8.9478665 ], [ 38.7135835, 8.9481014 ], [ 38.7111602, 8.9483774 ], [ 38.7073836, 8.9507729 ], [ 38.7042318, 8.9524873 ], [ 38.6972345, 8.9550785 ], [ 38.6975243, 8.9566637 ], [ 38.698162, 8.9579533 ], [ 38.6986901, 8.9671433 ], [ 38.6984121, 8.9688624 ], [ 38.6995405, 8.9746747 ], [ 38.6955162, 8.9824354 ], [ 38.6961552, 8.9838323 ], [ 38.6992706, 8.9920621 ] ] ] } },
{ "type": "Feature", "properties": { "threshold_s": 900, "time_label": "15 min drive" }, "geometry": { "type": "Polygon", "coordinates": [ [ [ 38.6799018, 8.9990056 ], [ 38.6875907, 9.008682 ], [ 38.6919967, 9.0114545 ], [ 38.6999002, 9.0154616 ], [ 38.7081457, 9.0179749 ], [ 38.715158, 9.0253611 ], [ 38.715504, 9.025395 ], [ 38.7179031, 9.0252248 ], [ 38.7332821, 9.0271852 ], [ 38.739742, 9.0284841 ], [ 38.7433317, 9.0288728 ], [ 38.7438139, 9.0288302 ], [ 38.7480031, 9.0281187 ], [ 38.7517573, 9.0266441 ], [ 38.7568448, 9.0227596 ], [ 38.7587366, 9.0212076 ], [ 38.76068, 9.0184747 ], [ 38.7706685, 9.0078058 ], [ 38.7724753, 9.004786 ], [ 38.7787551, 8.991903 ], [ 38.7800061, 8.9878678 ], [ 38.781234, 8.9834683 ], [ 38.7773636, 8.975878 ], [ 38.7746049, 8.9599046 ], [ 38.775242, 8.9583361 ], [ 38.7755169, 8.9575612 ], [ 38.7753178, 8.956777 ], [ 38.7742697, 8.9534014 ], [ 38.7714547, 8.9494682 ], [ 38.7664135, 8.943651 ], [ 38.7588708, 8.9308813 ], [ 38.7552407, 8.9281744 ], [ 38.7490616, 8.9241138 ], [ 38.740757, 8.9187259 ], [ 38.7355496, 8.9142195 ], [ 38.7320196, 8.9154369 ], [ 38.729798, 8.9165287 ], [ 38.7294057, 8.9168434 ], [ 38.7285916, 8.9175357 ], [ 38.7230057, 8.9219258 ], [ 38.71039, 8.9284051 ], [ 38.6983983, 8.9354585 ], [ 38.6872833, 8.9418058 ], [ 38.6820485, 8.9446349 ], [ 38.6812202, 8.9471392 ], [ 38.6803134, 8.9557227 ], [ 38.6803973, 8.9570556 ], [ 38.6786281, 8.9728239 ], [ 38.6764185, 8.9762789 ], [ 38.6753404, 8.9834524 ], [ 38.6799018, 8.9990056 ] ] ] } },
{ "type": "Feature", "properties": { "threshold_s": 300, "time_label": "5 min drive" }, "geometry": { "type": "Polygon", "coordinates": [ [ [ 38.686455, 9.0588097 ], [ 38.6857408, 9.0619477 ], [ 38.6866436, 9.0626762 ], [ 38.6902092, 9.0656054 ], [ 38.6936029, 9.0685838 ], [ 38.6950548, 9.0687711 ], [ 38.698357799999989, 9.0683166 ], [ 38.6992261, 9.0679087 ], [ 38.7001384, 9.0673675 ], [ 38.7047361, 9.0671463 ], [ 38.7051867, 9.0669423 ], [ 38.7064393, 9.0656273 ], [ 38.707658, 9.0628554 ], [ 38.7078967, 9.0623726 ], [ 38.710472, 9.0593379 ], [ 38.7118144, 9.058767 ], [ 38.71266, 9.0578926 ], [ 38.7131573, 9.0569871 ], [ 38.7131065, 9.0568466 ], [ 38.7119027, 9.0522056 ], [ 38.712318, 9.0481149 ], [ 38.7097364, 9.0472302 ], [ 38.7058224, 9.0486665 ], [ 38.705007, 9.0490633 ], [ 38.7005753, 9.0501161 ], [ 38.698911699999989, 9.049344 ], [ 38.6974378, 9.0491639 ], [ 38.6927661, 9.049168 ], [ 38.6911684, 9.0509561 ], [ 38.6906552, 9.0515548 ], [ 38.6876971, 9.0547565 ], [ 38.6869503, 9.0551165 ], [ 38.686455, 9.0588097 ] ] ] } },
{ "type": "Feature", "properties": { "threshold_s": 600, "time_label": "10 min drive" }, "geometry": { "type": "Polygon", "coordinates": [ [ [ 38.6847681, 9.0654203 ], [ 38.6848046, 9.0744871 ], [ 38.689663, 9.0762027 ], [ 38.6938391, 9.0730859 ], [ 38.6945052, 9.0723955 ], [ 38.6946523, 9.0720662 ], [ 38.6947811, 9.0717378 ], [ 38.698357799999989, 9.0683166 ], [ 38.7049681, 9.0734342 ], [ 38.7040883, 9.075675 ], [ 38.7066767, 9.0720331 ], [ 38.7157707, 9.0714928 ], [ 38.7160362, 9.0719192 ], [ 38.7215999, 9.0727251 ], [ 38.7243865, 9.0677995 ], [ 38.7275013, 9.059371 ], [ 38.7294234, 9.0519994 ], [ 38.7298006, 9.0461839 ], [ 38.7257449, 9.0446856 ], [ 38.7233734, 9.0389745 ], [ 38.7235667, 9.0378207 ], [ 38.7226479, 9.0359486 ], [ 38.7182585, 9.029891 ], [ 38.714852, 9.0268221 ], [ 38.7145182, 9.0267568 ], [ 38.7132489, 9.026924 ], [ 38.7101823, 9.0279765 ], [ 38.7063427, 9.0296269 ], [ 38.7059645, 9.0298706 ], [ 38.7036773, 9.031362 ], [ 38.6952796, 9.0341991 ], [ 38.6889261, 9.0349221 ], [ 38.683847, 9.036928 ], [ 38.6794643, 9.0446396 ], [ 38.6806176, 9.0455197 ], [ 38.6814183, 9.0461415 ], [ 38.6848922, 9.0525543 ], [ 38.6848619, 9.0553593 ], [ 38.684765, 9.0559001 ], [ 38.6846724, 9.0563468 ], [ 38.6847206, 9.0589202 ], [ 38.684761, 9.0605151 ], [ 38.6847507, 9.0616361 ], [ 38.6847578, 9.0622835 ], [ 38.6847362, 9.0650724 ], [ 38.6847681, 9.0654203 ] ] ] } },
{ "type": "Feature", "properties": { "threshold_s": 900, "time_label": "15 min drive" }, "geometry": { "type": "Polygon", "coordinates": [ [ [ 38.6847681, 9.0654203 ], [ 38.6848046, 9.0744871 ], [ 38.689663, 9.0762027 ], [ 38.6938391, 9.0730859 ], [ 38.7040883, 9.075675 ], [ 38.7066767, 9.0720331 ], [ 38.7160362, 9.0719192 ], [ 38.7182799, 9.0763662 ], [ 38.7190591, 9.077488 ], [ 38.7212082, 9.0809212 ], [ 38.7107912, 9.0885365 ], [ 38.7222228, 9.0847868 ], [ 38.7255473, 9.0871632 ], [ 38.7265894, 9.0880836 ], [ 38.730374, 9.0869792 ], [ 38.7309526, 9.086197 ], [ 38.7324589, 9.0764417 ], [ 38.7377327, 9.0749913 ], [ 38.7389919, 9.0740699 ], [ 38.7467806, 9.0652873 ], [ 38.7495685, 9.0545069 ], [ 38.7477969, 9.0432436 ], [ 38.748194, 9.0381923 ], [ 38.7481788, 9.0369824 ], [ 38.7478271, 9.0355923 ], [ 38.7401153, 9.0262136 ], [ 38.732933, 9.0204298 ], [ 38.729859, 9.0157951 ], [ 38.7225071, 9.0114307 ], [ 38.7190564, 9.0070821 ], [ 38.7188646, 9.006906 ], [ 38.7178011, 9.0083227 ], [ 38.7172582, 9.0090095 ], [ 38.7142962, 9.0121102 ], [ 38.7033727, 9.0162723 ], [ 38.7000013, 9.0152659 ], [ 38.6918581, 9.0183183 ], [ 38.6833293, 9.0174461 ], [ 38.6826826, 9.0174064 ], [ 38.6798044, 9.0195532 ], [ 38.6787562, 9.020447 ], [ 38.6722505, 9.0262415 ], [ 38.6714859, 9.0304482 ], [ 38.6722357, 9.035704 ], [ 38.6746724, 9.0409686 ], [ 38.676438, 9.042549 ], [ 38.6794643, 9.0446396 ], [ 38.6806176, 9.0455197 ], [ 38.6846724, 9.0563468 ], [ 38.6847206, 9.0589202 ], [ 38.684761, 9.0605151 ], [ 38.6847507, 9.0616361 ], [ 38.6847578, 9.0622835 ], [ 38.6847362, 9.0650724 ], [ 38.6847681, 9.0654203 ] ] ] } },
{ "type": "Feature", "properties": { "threshold_s": 300, "time_label": "5 min drive" }, "geometry": { "type": "Polygon", "coordinates": [ [ [ 38.6855925, 9.0592233 ], [ 38.6847578, 9.0622835 ], [ 38.6858723, 9.0628697 ], [ 38.6863443, 9.0631384 ], [ 38.6902092, 9.0656054 ], [ 38.6904144, 9.0668404 ], [ 38.6933937, 9.0692836 ], [ 38.6953996, 9.0696928 ], [ 38.698357799999989, 9.0683166 ], [ 38.6992261, 9.0679087 ], [ 38.7001384, 9.0673675 ], [ 38.7047361, 9.0671463 ], [ 38.7051867, 9.0669423 ], [ 38.7064393, 9.0656273 ], [ 38.707658, 9.0628554 ], [ 38.7110005, 9.0607548 ], [ 38.7135377, 9.0568903 ], [ 38.7134988, 9.0563123 ], [ 38.7119027, 9.0522056 ], [ 38.712318, 9.0481149 ], [ 38.7103714, 9.0465038 ], [ 38.7089311, 9.046472 ], [ 38.7057942, 9.0480792 ], [ 38.7039743, 9.0488434 ], [ 38.7005753, 9.0501161 ], [ 38.698911699999989, 9.049344 ], [ 38.6974378, 9.0491639 ], [ 38.6926122, 9.0484916 ], [ 38.6908506, 9.0498208 ], [ 38.6906364, 9.0509039 ], [ 38.6881546, 9.0539566 ], [ 38.6869407, 9.0542206 ], [ 38.6858849, 9.0548353 ], [ 38.6855925, 9.0592233 ] ] ] } },
{ "type": "Feature", "properties": { "threshold_s": 600, "time_label": "10 min drive" }, "geometry": { "type": "Polygon", "coordinates": [ [ [ 38.6847681, 9.0654203 ], [ 38.6848046, 9.0744871 ], [ 38.689663, 9.0762027 ], [ 38.6938391, 9.0730859 ], [ 38.6945052, 9.0723955 ], [ 38.6946523, 9.0720662 ], [ 38.6947811, 9.0717378 ], [ 38.698357799999989, 9.0683166 ], [ 38.7049681, 9.0734342 ], [ 38.7040883, 9.075675 ], [ 38.7066767, 9.0720331 ], [ 38.7157707, 9.0714928 ], [ 38.7160362, 9.0719192 ], [ 38.7215999, 9.0727251 ], [ 38.7253127, 9.0670643 ], [ 38.7268211, 9.0641422 ], [ 38.7292963, 9.0560597 ], [ 38.7303976, 9.052554 ], [ 38.7298006, 9.0461839 ], [ 38.7296806, 9.0453866 ], [ 38.7251306, 9.042457 ], [ 38.7243541, 9.0373093 ], [ 38.7236852, 9.0351997 ], [ 38.7182585, 9.029891 ], [ 38.7149263, 9.0253368 ], [ 38.7133165, 9.0260001 ], [ 38.7047662, 9.0279834 ], [ 38.7032464, 9.0308579 ], [ 38.6951821, 9.0328202 ], [ 38.6888359, 9.0340732 ], [ 38.6887407, 9.0340878 ], [ 38.683847, 9.036928 ], [ 38.6794643, 9.0446396 ], [ 38.6806176, 9.0455197 ], [ 38.6814183, 9.0461415 ], [ 38.6848922, 9.0525543 ], [ 38.6848619, 9.0553593 ], [ 38.684765, 9.0559001 ], [ 38.6846724, 9.0563468 ], [ 38.6847206, 9.0589202 ], [ 38.684761, 9.0605151 ], [ 38.6847507, 9.0616361 ], [ 38.6847578, 9.0622835 ], [ 38.6847362, 9.0650724 ], [ 38.6847681, 9.0654203 ] ] ] } },
{ "type": "Feature", "properties": { "threshold_s": 900, "time_label": "15 min drive" }, "geometry": { "type": "Polygon", "coordinates": [ [ [ 38.6847681, 9.0654203 ], [ 38.6848046, 9.0744871 ], [ 38.689663, 9.0762027 ], [ 38.6938391, 9.0730859 ], [ 38.7040883, 9.075675 ], [ 38.7066767, 9.0720331 ], [ 38.7160362, 9.0719192 ], [ 38.7182799, 9.0763662 ], [ 38.7190591, 9.077488 ], [ 38.7212082, 9.0809212 ], [ 38.7107912, 9.0885365 ], [ 38.7222228, 9.0847868 ], [ 38.7255473, 9.0871632 ], [ 38.7265894, 9.0880836 ], [ 38.730374, 9.0869792 ], [ 38.7309526, 9.086197 ], [ 38.7377219, 9.0759888 ], [ 38.7389919, 9.0740699 ], [ 38.7468843, 9.0658834 ], [ 38.7475136, 9.0643527 ], [ 38.7475868, 9.0640205 ], [ 38.7495685, 9.0545069 ], [ 38.7499295, 9.0522723 ], [ 38.7488603, 9.0414356 ], [ 38.7489469, 9.0384551 ], [ 38.7487176, 9.0350745 ], [ 38.7409741, 9.0267806 ], [ 38.7408818, 9.026716 ], [ 38.7401153, 9.0262136 ], [ 38.7332722, 9.0196732 ], [ 38.7310311, 9.0154679 ], [ 38.726517, 9.0109459 ], [ 38.7185884, 9.0057496 ], [ 38.7168986, 9.0089339 ], [ 38.7147828, 9.0114842 ], [ 38.7039792, 9.0154229 ], [ 38.7010816, 9.0148619 ], [ 38.7000013, 9.0152659 ], [ 38.6934359, 9.0172375 ], [ 38.6821398, 9.01626 ], [ 38.6787897, 9.0196892 ], [ 38.6716017, 9.0257756 ], [ 38.6714859, 9.0304482 ], [ 38.6722357, 9.035704 ], [ 38.6746724, 9.0409686 ], [ 38.676438, 9.042549 ], [ 38.6794643, 9.0446396 ], [ 38.6806176, 9.0455197 ], [ 38.6846724, 9.0563468 ], [ 38.6847206, 9.0589202 ], [ 38.684761, 9.0605151 ], [ 38.6847507, 9.0616361 ], [ 38.6847578, 9.0622835 ], [ 38.6847362, 9.0650724 ], [ 38.6847681, 9.0654203 ] ] ] } },
{ "type": "Feature", "properties": { "threshold_s": 300, "time_label": "5 min drive" }, "geometry": { "type": "Polygon", "coordinates": [ [ [ 38.7706975, 9.0282685 ], [ 38.7686882, 9.0283996 ], [ 38.7701755, 9.0299115 ], [ 38.7724072, 9.0321943 ], [ 38.7734187, 9.0325067 ], [ 38.7735107, 9.0325106 ], [ 38.7763759, 9.0322084 ], [ 38.7783115, 9.0321512 ], [ 38.7798841, 9.0348649 ], [ 38.7804737, 9.033912 ], [ 38.7820987, 9.0327323 ], [ 38.7847393, 9.0337449 ], [ 38.7858233, 9.0346864 ], [ 38.7870152, 9.0352809 ], [ 38.7894697, 9.0358202 ], [ 38.7898711, 9.0353037 ], [ 38.7913411, 9.0328014 ], [ 38.7933345, 9.0314512 ], [ 38.7947311, 9.0312946 ], [ 38.7968678, 9.0306899 ], [ 38.7988474, 9.0307862 ], [ 38.8003777, 9.0302355 ], [ 38.8022468, 9.0290022 ], [ 38.8022679, 9.0289403 ], [ 38.802081, 9.0289241 ], [ 38.8018192, 9.0288947 ], [ 38.80157, 9.0288663 ], [ 38.8011353, 9.0288661 ], [ 38.7992545, 9.0277266 ], [ 38.799208, 9.0254482 ], [ 38.7995709, 9.0246374 ], [ 38.8007229, 9.0235725 ], [ 38.8023851, 9.0230082 ], [ 38.802524, 9.0226289 ], [ 38.8034654, 9.021046 ], [ 38.8066547, 9.0201329 ], [ 38.8055028, 9.0178143 ], [ 38.8052964, 9.0173997 ], [ 38.8051215, 9.0170946 ], [ 38.8030907, 9.0146854 ], [ 38.802571, 9.014448 ], [ 38.79979860000001, 9.0124337 ], [ 38.8001053, 9.0112127 ], [ 38.8005325, 9.0104479 ], [ 38.8006988, 9.0098154 ], [ 38.8004904, 9.0083131 ], [ 38.7990016, 9.0065682 ], [ 38.7967938, 9.004626 ], [ 38.7954807, 9.0043642 ], [ 38.7946308, 9.0046325 ], [ 38.7937877, 9.0050546 ], [ 38.7936953, 9.0050935 ], [ 38.7917389, 9.0056483 ], [ 38.7892042, 9.0040436 ], [ 38.7882698, 9.0017096 ], [ 38.7889105, 9.0000486 ], [ 38.7886674, 8.9994336 ], [ 38.7870403, 8.9997513 ], [ 38.7859947, 9.0008023 ], [ 38.7848577, 9.0019931 ], [ 38.7832893, 9.0030005 ], [ 38.7799647, 9.0034833 ], [ 38.778296, 9.0051979 ], [ 38.7765026, 9.0069991 ], [ 38.7743828, 9.0071904 ], [ 38.774206, 9.0073034 ], [ 38.7736581, 9.0079186 ], [ 38.7732598, 9.0083504 ], [ 38.7725128, 9.0102701 ], [ 38.7697094, 9.0103842 ], [ 38.7732789, 9.0121882 ], [ 38.773148, 9.0145762 ], [ 38.7721899, 9.0162346 ], [ 38.7702626, 9.0175372 ], [ 38.7686595, 9.0207369 ], [ 38.7708838, 9.0203264 ], [ 38.7717222, 9.0232818 ], [ 38.7722297, 9.0251154 ], [ 38.7722787, 9.0259286 ], [ 38.7706975, 9.0282685 ] ] ] } },
{ "type": "Feature", "properties": { "threshold_s": 600, "time_label": "10 min drive" }, "geometry": { "type": "Polygon", "coordinates": [ [ [ 38.7495852, 9.0355649 ], [ 38.753211, 9.0400986 ], [ 38.7557499, 9.0426901 ], [ 38.7614698, 9.0465278 ], [ 38.7675688, 9.0504832 ], [ 38.7680636, 9.0505757 ], [ 38.770546, 9.0508612 ], [ 38.7804541, 9.0517317 ], [ 38.7835116, 9.0510582 ], [ 38.7892183, 9.0480524 ], [ 38.7906995, 9.0454025 ], [ 38.7975584, 9.0393973 ], [ 38.8042312, 9.0365115 ], [ 38.8144658, 9.0377323 ], [ 38.8157836, 9.0387644 ], [ 38.8171, 9.0390919 ], [ 38.8214511, 9.0364996 ], [ 38.8212861, 9.0354493 ], [ 38.8254517, 9.0259374 ], [ 38.8268289, 9.0218945 ], [ 38.8279971, 9.0161429 ], [ 38.8274131, 9.0151503 ], [ 38.8231836, 9.0082056 ], [ 38.8210512, 9.0028113 ], [ 38.8185939, 8.9984419 ], [ 38.8148622, 8.9942893 ], [ 38.8124356, 8.9918892 ], [ 38.8099639, 8.9901534 ], [ 38.8078643, 8.9888901 ], [ 38.7996331, 8.9854045 ], [ 38.789819799999989, 8.986366 ], [ 38.788826, 8.985809 ], [ 38.7855757, 8.9849273 ], [ 38.7842988, 8.9845215 ], [ 38.7829895, 8.9840922 ], [ 38.7824454, 8.9839019 ], [ 38.7810382, 8.9833915 ], [ 38.7791983, 8.9832948 ], [ 38.7731238, 8.983496 ], [ 38.7726907, 8.983662 ], [ 38.7685902, 8.9904968 ], [ 38.7627677, 8.9945858 ], [ 38.7561833, 9.0010932 ], [ 38.7520076, 9.0052334 ], [ 38.7482888, 9.0109348 ], [ 38.7484279, 9.0131606 ], [ 38.7489256, 9.016903 ], [ 38.751298, 9.0213571 ], [ 38.7494022, 9.027615 ], [ 38.7490952, 9.028018 ], [ 38.747463, 9.0322001 ], [ 38.7474608, 9.0322284 ], [ 38.7495852, 9.0355649 ] ] ] } },
{ "type": "Feature", "properties": { "threshold_s": 900, "time_label": "15 min drive" }, "geometry": { "type": "Polygon", "coordinates": [ [ [ 38.7321622, 9.0464676 ], [ 38.7403907, 9.0568583 ], [ 38.7404587, 9.0569122 ], [ 38.7481875, 9.0616251 ], [ 38.7551117, 9.0655313 ], [ 38.7608059, 9.0681608 ], [ 38.7700245, 9.0696213 ], [ 38.7710865, 9.0697118 ], [ 38.7749684, 9.0694771 ], [ 38.7834871, 9.0688441 ], [ 38.7899282, 9.0669108 ], [ 38.7957475, 9.0620051 ], [ 38.8067847, 9.0595471 ], [ 38.8122337, 9.0584121 ], [ 38.8277435, 9.0545674 ], [ 38.8322147, 9.0531197 ], [ 38.837142, 9.0464329 ], [ 38.8467935, 9.034135 ], [ 38.8468632, 9.0339672 ], [ 38.8486883, 9.0184892 ], [ 38.8485229, 9.0107288 ], [ 38.8484112, 9.0095145 ], [ 38.845546, 9.0062264 ], [ 38.8444671, 9.0056794 ], [ 38.8396599, 9.0013672 ], [ 38.837714, 8.9885367 ], [ 38.8361053, 8.9854182 ], [ 38.8259465, 8.978022 ], [ 38.825469, 8.9781279 ], [ 38.8208006, 8.9803978 ], [ 38.8066972, 8.9860036 ], [ 38.8035562, 8.9852867 ], [ 38.8021619, 8.9853275 ], [ 38.7996331, 8.9854045 ], [ 38.7971379, 8.9861223 ], [ 38.7899075, 8.9859732 ], [ 38.7880106, 8.9854871 ], [ 38.7855757, 8.9849273 ], [ 38.7842988, 8.9845215 ], [ 38.7787516, 8.9794447 ], [ 38.7804589, 8.9680504 ], [ 38.7798232, 8.9672529 ], [ 38.7764513, 8.9654406 ], [ 38.7726275, 8.964449 ], [ 38.7660424, 8.9663201 ], [ 38.7576654, 8.9743967 ], [ 38.7494497, 8.9805597 ], [ 38.7388766, 8.9880609 ], [ 38.7388337, 8.9881324 ], [ 38.7386231, 8.9886543 ], [ 38.7329972, 9.0026872 ], [ 38.7310302, 9.0047443 ], [ 38.7287807, 9.0080888 ], [ 38.7258158, 9.0130249 ], [ 38.7267511, 9.0187878 ], [ 38.7271978, 9.0339093 ], [ 38.7272184, 9.0346559 ], [ 38.7300685, 9.0433154 ], [ 38.7321622, 9.0464676 ] ] ] } },
{ "type": "Feature", "properties": { "threshold_s": 300, "time_label": "5 min drive" }, "geometry": { "type": "Polygon", "coordinates": [ [ [ 38.741532, 8.9558019 ], [ 38.7429656, 8.9598609 ], [ 38.7457092, 8.9611077 ], [ 38.7471056, 8.9625809 ], [ 38.747506, 8.9629581 ], [ 38.748536799999989, 8.9634967 ], [ 38.750504, 8.9633714 ], [ 38.7528311, 8.9627643 ], [ 38.7560557, 8.9619609 ], [ 38.7561091, 8.9619282 ], [ 38.7592765, 8.9610057 ], [ 38.7607595, 8.9615755 ], [ 38.7606904, 8.9612635 ], [ 38.7607164, 8.9597051 ], [ 38.7638096, 8.9575442 ], [ 38.764001, 8.9574999 ], [ 38.76364490000001, 8.9555997 ], [ 38.7635111, 8.954252 ], [ 38.7634047, 8.953329 ], [ 38.7633968, 8.9532148 ], [ 38.7617457, 8.9519426 ], [ 38.7609355, 8.9500806 ], [ 38.7612636, 8.9486256 ], [ 38.7648323, 8.947793 ], [ 38.7650031, 8.9478818 ], [ 38.7657954, 8.9457131 ], [ 38.7664135, 8.943651 ], [ 38.7649015, 8.9419151 ], [ 38.7633346, 8.9403366 ], [ 38.7597019, 8.9397035 ], [ 38.7593767, 8.9365235 ], [ 38.7576368, 8.9340032 ], [ 38.7592359, 8.9312294 ], [ 38.7563968, 8.9308426 ], [ 38.755791, 8.9307788 ], [ 38.7550425, 8.9308073 ], [ 38.753863, 8.9311467 ], [ 38.7525392, 8.9318241 ], [ 38.7503683, 8.9323655 ], [ 38.7479572, 8.9310957 ], [ 38.7474705, 8.9306537 ], [ 38.7457426, 8.9299017 ], [ 38.745157, 8.9297881 ], [ 38.742211, 8.9293805 ], [ 38.7399061, 8.9329132 ], [ 38.7398979, 8.9332961 ], [ 38.7390876, 8.9371395 ], [ 38.7392106, 8.9379975 ], [ 38.7392507, 8.9383385 ], [ 38.7392742, 8.938634 ], [ 38.7390824, 8.9420529 ], [ 38.7381773, 8.9434351 ], [ 38.7350102, 8.9443899 ], [ 38.7352636, 8.9471405 ], [ 38.7358312, 8.9485875 ], [ 38.7363612, 8.9498128 ], [ 38.7381944, 8.9519562 ], [ 38.7391974, 8.9534311 ], [ 38.7412389, 8.9554323 ], [ 38.741532, 8.9558019 ] ] ] } },
{ "type": "Feature", "properties": { "threshold_s": 600, "time_label": "10 min drive" }, "geometry": { "type": "Polygon", "coordinates": [ [ [ 38.7186374, 8.9566228 ], [ 38.7219601, 8.9621651 ], [ 38.7236034, 8.9634096 ], [ 38.7254985, 8.9644496 ], [ 38.72616, 8.9647252 ], [ 38.7271484, 8.9649614 ], [ 38.727859, 8.965116 ], [ 38.7327157, 8.9682691 ], [ 38.73397, 8.9732129 ], [ 38.7339346, 8.9746786 ], [ 38.734549, 8.9753057 ], [ 38.7381248, 8.9779864 ], [ 38.7421958, 8.9801527 ], [ 38.746394, 8.983574 ], [ 38.7507615, 8.9855125 ], [ 38.752531, 8.9837868 ], [ 38.7598998, 8.9823002 ], [ 38.7623005, 8.980802 ], [ 38.7634905, 8.9790102 ], [ 38.7643249, 8.9775938 ], [ 38.770035, 8.9725261 ], [ 38.7715801, 8.967035 ], [ 38.7746049, 8.9599046 ], [ 38.7783507, 8.9528039 ], [ 38.7788353, 8.9518808 ], [ 38.7792402, 8.9509342 ], [ 38.7797365, 8.944887 ], [ 38.7797336, 8.9448221 ], [ 38.7792063, 8.9382432 ], [ 38.777904, 8.9330842 ], [ 38.7756135, 8.9304067 ], [ 38.7718448, 8.9242827 ], [ 38.7667828, 8.9219933 ], [ 38.7586467, 8.918293 ], [ 38.7583174, 8.9184418 ], [ 38.7582381, 8.9184763 ], [ 38.7497851, 8.9178583 ], [ 38.7478888, 8.9135013 ], [ 38.7476487, 8.9130972 ], [ 38.7474892, 8.9129184 ], [ 38.7468897, 8.9124308 ], [ 38.7447238, 8.9106329 ], [ 38.7427671, 8.9099347 ], [ 38.7424402, 8.9099629 ], [ 38.7368113, 8.911041 ], [ 38.731089, 8.9130767 ], [ 38.7302575, 8.9136783 ], [ 38.7295747, 8.9141837 ], [ 38.7276904, 8.9174058 ], [ 38.7240879, 8.9248003 ], [ 38.721575, 8.9327478 ], [ 38.7211591, 8.9335769 ], [ 38.7182757, 8.9384784 ], [ 38.7157618, 8.9461813 ], [ 38.715025, 8.9478665 ], [ 38.7147491, 8.9504753 ], [ 38.714506, 8.9529219 ], [ 38.7186374, 8.9566228 ] ] ] } },
{ "type": "Feature", "properties": { "threshold_s": 900, "time_label": "15 min drive" }, "geometry": { "type": "Polygon", "coordinates": [ [ [ 38.7025385, 8.9666012 ], [ 38.7053986, 8.9729027 ], [ 38.7070095, 8.974571 ], [ 38.7076208, 8.974797 ], [ 38.7079365, 8.9746578 ], [ 38.7085293, 8.9743943 ], [ 38.7089684, 8.9741971 ], [ 38.7092046, 8.9740936 ], [ 38.7097858, 8.9738359 ], [ 38.7169396, 8.9793102 ], [ 38.7169675, 8.9793978 ], [ 38.7171412, 8.9798381 ], [ 38.7197882, 8.9819198 ], [ 38.7227466, 8.9884877 ], [ 38.7228801, 8.9889467 ], [ 38.7255622, 8.9913882 ], [ 38.7327133, 8.9962945 ], [ 38.7376749, 9.0014169 ], [ 38.7378668, 9.0015854 ], [ 38.7450837, 9.0051057 ], [ 38.7465419, 9.0063014 ], [ 38.7466288, 9.0063086 ], [ 38.7545489, 9.0064747 ], [ 38.7587141, 9.0041929 ], [ 38.7668682, 9.0005624 ], [ 38.7669806, 9.0004762 ], [ 38.7753912, 8.9966925 ], [ 38.7758743, 8.9963788 ], [ 38.7763041, 8.9957546 ], [ 38.7787551, 8.991903 ], [ 38.7836091, 8.9866965 ], [ 38.7837473, 8.9863137 ], [ 38.784115, 8.9851798 ], [ 38.7842988, 8.9845215 ], [ 38.7787516, 8.9794447 ], [ 38.7777914, 8.9763594 ], [ 38.7804589, 8.9680504 ], [ 38.7872891, 8.965332 ], [ 38.7902771, 8.9669999 ], [ 38.7909604, 8.9677523 ], [ 38.7914937, 8.9674282 ], [ 38.7921412, 8.9652592 ], [ 38.7939906, 8.9591515 ], [ 38.7954142, 8.9556839 ], [ 38.797912, 8.9482878 ], [ 38.7988172, 8.9457455 ], [ 38.798516, 8.9415449 ], [ 38.7949871, 8.9386075 ], [ 38.7962834, 8.9296774 ], [ 38.7965722, 8.9284864 ], [ 38.7970081, 8.9256055 ], [ 38.7970939, 8.9247639 ], [ 38.7917979, 8.9235082 ], [ 38.7891434, 8.9175704 ], [ 38.7880267, 8.90952 ], [ 38.780236, 8.912336 ], [ 38.7754371, 8.9066429 ], [ 38.7747766, 8.9060274 ], [ 38.771328, 8.9031716 ], [ 38.7692432, 8.9014565 ], [ 38.7676192, 8.9004608 ], [ 38.7658714, 8.8994813 ], [ 38.7652507, 8.899359 ], [ 38.7616912, 8.9009712 ], [ 38.7540096, 8.9008655 ], [ 38.7513227, 8.8970761 ], [ 38.7458557, 8.8951363 ], [ 38.7454131, 8.8952079 ], [ 38.7446272, 8.8963764 ], [ 38.73726030000001, 8.9015424 ], [ 38.7362117, 8.9011704 ], [ 38.7350826, 8.9022633 ], [ 38.7337589, 8.9040162 ], [ 38.7313695, 8.9071775 ], [ 38.7312216, 8.9075352 ], [ 38.727289399999989, 8.9135477 ], [ 38.7226438, 8.9196104 ], [ 38.714174, 8.9207268 ], [ 38.7113597, 8.9196049 ], [ 38.7099993, 8.921143 ], [ 38.7089751, 8.9235579 ], [ 38.7062073, 8.9295602 ], [ 38.7023014, 8.9317601 ], [ 38.7018118, 8.936607 ], [ 38.7018879, 8.9400721 ], [ 38.6985697, 8.9466993 ], [ 38.6982006, 8.9472885 ], [ 38.6975631, 8.9486324 ], [ 38.6969993, 8.9499703 ], [ 38.6963392, 8.9544145 ], [ 38.6963781, 8.9556121 ], [ 38.6992013, 8.9601338 ], [ 38.7020083, 8.9655109 ], [ 38.7025385, 8.9666012 ] ] ] } },
{ "type": "Feature", "properties": { "threshold_s": 300, "time_label": "5 min drive" }, "geometry": { "type": "Polygon", "coordinates": [ [ [ 38.7649984, 9.0009455 ], [ 38.7674794, 9.0056217 ], [ 38.7688796, 9.0061823 ], [ 38.7719898, 9.0068159 ], [ 38.7748415, 9.0108268 ], [ 38.774881, 9.0108722 ], [ 38.7814606, 9.0122943 ], [ 38.7820902, 9.0117878 ], [ 38.7871896, 9.007947 ], [ 38.7894939, 9.0070331 ], [ 38.7901645, 9.0068358 ], [ 38.7917389, 9.0056483 ], [ 38.792624, 8.9985777 ], [ 38.7931544, 8.9983837 ], [ 38.7936291, 8.9982041 ], [ 38.7941482, 8.9979968 ], [ 38.7946719, 8.9978068 ], [ 38.7965052, 8.9969379 ], [ 38.797957, 8.9920335 ], [ 38.7996398, 8.9856334 ], [ 38.7996331, 8.9854045 ], [ 38.7965669, 8.9878238 ], [ 38.791375, 8.9871117 ], [ 38.789819799999989, 8.986366 ], [ 38.788826, 8.985809 ], [ 38.7879749, 8.9856538 ], [ 38.7855757, 8.9849273 ], [ 38.7842988, 8.9845215 ], [ 38.7829895, 8.9840922 ], [ 38.7787516, 8.9794447 ], [ 38.7777914, 8.9763594 ], [ 38.7774548, 8.9759568 ], [ 38.7773636, 8.975878 ], [ 38.7760118, 8.9755812 ], [ 38.7733325, 8.9762997 ], [ 38.7680454, 8.9777212 ], [ 38.7656124, 8.9836021 ], [ 38.7643374, 8.9873668 ], [ 38.764379, 8.9877536 ], [ 38.7646164, 8.9913924 ], [ 38.763602, 8.9952706 ], [ 38.7642372, 8.9988613 ], [ 38.7649984, 9.0009455 ] ] ] } },
{ "type": "Feature", "properties": { "threshold_s": 600, "time_label": "10 min drive" }, "geometry": { "type": "Polygon", "coordinates": [ [ [ 38.7505739, 9.0190794 ], [ 38.752181899999989, 9.0217133 ], [ 38.7602254, 9.0222978 ], [ 38.7664952, 9.0274613 ], [ 38.7738375, 9.030361 ], [ 38.783986400000011, 9.0315834 ], [ 38.7859405, 9.0306672 ], [ 38.7867588, 9.0301967 ], [ 38.79603, 9.0246455 ], [ 38.8033652, 9.0195915 ], [ 38.8094223, 9.0111091 ], [ 38.8108174, 9.0069524 ], [ 38.8125484, 9.0014711 ], [ 38.8174165, 8.9942634 ], [ 38.8192158, 8.991556 ], [ 38.8193944, 8.9905492 ], [ 38.8196305, 8.9867349 ], [ 38.8196728, 8.9858488 ], [ 38.8097735, 8.9869675 ], [ 38.8079529, 8.9863615 ], [ 38.8066972, 8.9860036 ], [ 38.8035562, 8.9852867 ], [ 38.8021619, 8.9853275 ], [ 38.7996331, 8.9854045 ], [ 38.7971379, 8.9861223 ], [ 38.7899075, 8.9859732 ], [ 38.7880106, 8.9854871 ], [ 38.7855757, 8.9849273 ], [ 38.7842988, 8.9845215 ], [ 38.7787516, 8.9794447 ], [ 38.7777914, 8.9763594 ], [ 38.7828796, 8.9680649 ], [ 38.7865958, 8.9662315 ], [ 38.789109, 8.9656155 ], [ 38.7898091, 8.9630032 ], [ 38.7886097, 8.9623134 ], [ 38.7861009, 8.9616745 ], [ 38.7775834, 8.9635925 ], [ 38.7710287, 8.9603756 ], [ 38.7694941, 8.958712 ], [ 38.7681058, 8.9576834 ], [ 38.7673693, 8.9570893 ], [ 38.7668882, 8.9573459 ], [ 38.7639042, 8.9599587 ], [ 38.7637591, 8.9608204 ], [ 38.7565217, 8.9689383 ], [ 38.749549, 8.9764148 ], [ 38.7490817, 8.9776198 ], [ 38.7469304, 8.9835016 ], [ 38.7446282, 8.9907519 ], [ 38.7437219, 8.9946373 ], [ 38.7436851, 8.9956517 ], [ 38.7438853, 8.9969221 ], [ 38.7439552, 8.9970066 ], [ 38.7471426, 9.0000833 ], [ 38.7482888, 9.0109348 ], [ 38.7484279, 9.0131606 ], [ 38.7505739, 9.0190794 ] ] ] } },
{ "type": "Feature", "properties": { "threshold_s": 900, "time_label": "15 min drive" }, "geometry": { "type": "Polygon", "coordinates": [ [ [ 38.7336038, 9.0265246 ], [ 38.7369454, 9.0344738 ], [ 38.7424704, 9.0363845 ], [ 38.7504473, 9.0408737 ], [ 38.7505575, 9.0409128 ], [ 38.7557499, 9.0426901 ], [ 38.7612864, 9.0448542 ], [ 38.7676702, 9.0474486 ], [ 38.7720477, 9.0473428 ], [ 38.7787114, 9.0473741 ], [ 38.7863618, 9.0469064 ], [ 38.7878533, 9.0457387 ], [ 38.7888638, 9.0443872 ], [ 38.7883687, 9.0411166 ], [ 38.7898711, 9.0353037 ], [ 38.7997189, 9.0335465 ], [ 38.805898, 9.0343795 ], [ 38.8097365, 9.0345983 ], [ 38.8130282, 9.033534 ], [ 38.8202976, 9.0275475 ], [ 38.8259667, 9.0193676 ], [ 38.8272261, 9.0165398 ], [ 38.8310436, 9.0083342 ], [ 38.8336109, 9.0007732 ], [ 38.8336715, 9.0002098 ], [ 38.8352029, 8.9923179 ], [ 38.837623, 8.9862396 ], [ 38.8371688, 8.9852844 ], [ 38.8304619, 8.9779273 ], [ 38.8303922, 8.9744672 ], [ 38.8300543, 8.9713237 ], [ 38.8289182, 8.9663006 ], [ 38.8282921, 8.9652772 ], [ 38.8249257, 8.9633665 ], [ 38.8203894, 8.9657676 ], [ 38.8188233, 8.9670826 ], [ 38.8173366, 8.9680305 ], [ 38.8078771, 8.9656652 ], [ 38.8079017, 8.9635656 ], [ 38.8060082, 8.9605034 ], [ 38.8046511, 8.9575108 ], [ 38.7967291, 8.9514381 ], [ 38.7946927, 8.9462823 ], [ 38.7861625, 8.9429237 ], [ 38.7834804, 8.9424282 ], [ 38.7824399, 8.9424589 ], [ 38.774676, 8.9391162 ], [ 38.7732755, 8.9372589 ], [ 38.7726177, 8.9367024 ], [ 38.7708113, 8.9372759 ], [ 38.7633346, 8.9403366 ], [ 38.7537915, 8.9429717 ], [ 38.7537296, 8.9430502 ], [ 38.7516117, 8.9484309 ], [ 38.7503719, 8.9529388 ], [ 38.7440355, 8.9568756 ], [ 38.7440031, 8.9569046 ], [ 38.7413316, 8.9615622 ], [ 38.7328751, 8.963896 ], [ 38.73210550000001, 8.9646348 ], [ 38.7340753, 8.9706794 ], [ 38.729702, 8.9790317 ], [ 38.7289333, 8.9800358 ], [ 38.7276381, 8.9829479 ], [ 38.7276582, 8.9862241 ], [ 38.7255468, 8.9955578 ], [ 38.7253797, 8.9978604 ], [ 38.7256919, 8.9982672 ], [ 38.7284978, 9.0065722 ], [ 38.7253784, 9.0132798 ], [ 38.7277897, 9.0180282 ], [ 38.7336038, 9.0265246 ] ] ] } },
{ "type": "Feature", "properties": { "threshold_s": 300, "time_label": "5 min drive" }, "geometry": { "type": "Polygon", "coordinates": [ [ [ 38.7458527, 9.045025 ], [ 38.7471673, 9.0469322 ], [ 38.7476045, 9.0471177 ], [ 38.7492997, 9.0477315 ], [ 38.7518816, 9.0510309 ], [ 38.7531123, 9.0510492 ], [ 38.7573085, 9.0525029 ], [ 38.7616272, 9.0514887 ], [ 38.7638493, 9.0498777 ], [ 38.764147, 9.0493903 ], [ 38.7657775, 9.0471413 ], [ 38.7680977, 9.0468236 ], [ 38.768895, 9.0469298 ], [ 38.7690024, 9.0466431 ], [ 38.768355, 9.0464477 ], [ 38.7672688, 9.0460073 ], [ 38.7678988, 9.0418997 ], [ 38.7685836, 9.041233 ], [ 38.7693953, 9.040212 ], [ 38.7733433, 9.041089 ], [ 38.7743931, 9.0409883 ], [ 38.7772388, 9.038123 ], [ 38.778329, 9.0342757 ], [ 38.7784292, 9.0339164 ], [ 38.7783575, 9.0319742 ], [ 38.7782877, 9.031042 ], [ 38.7776298, 9.0301948 ], [ 38.7756265, 9.0269555 ], [ 38.7756024, 9.0269209 ], [ 38.7754401, 9.0268163 ], [ 38.7723979, 9.0278156 ], [ 38.7706975, 9.0282685 ], [ 38.7686882, 9.0283996 ], [ 38.767883, 9.0286497 ], [ 38.7673563, 9.028805 ], [ 38.7660695, 9.0292297 ], [ 38.7625209, 9.0267749 ], [ 38.7624111, 9.0266163 ], [ 38.7616201, 9.0233396 ], [ 38.7638895, 9.0199177 ], [ 38.7645019, 9.0170063 ], [ 38.7636993, 9.017064 ], [ 38.7631065, 9.0171496 ], [ 38.7623398, 9.017288 ], [ 38.7606025, 9.0183832 ], [ 38.7576248, 9.0176281 ], [ 38.7547988, 9.0187984 ], [ 38.7512899, 9.0212942 ], [ 38.751298, 9.0213571 ], [ 38.7508048, 9.0245939 ], [ 38.7475835, 9.0271264 ], [ 38.7473215, 9.0272216 ], [ 38.7472343, 9.0273965 ], [ 38.7459818, 9.0310786 ], [ 38.7450782, 9.0323696 ], [ 38.7447888, 9.0365216 ], [ 38.7445018, 9.0369724 ], [ 38.7443637, 9.0371691 ], [ 38.7447332, 9.040759 ], [ 38.7458527, 9.045025 ] ] ] } },
{ "type": "Feature", "properties": { "threshold_s": 600, "time_label": "10 min drive" }, "geometry": { "type": "Polygon", "coordinates": [ [ [ 38.7295091, 9.0565492 ], [ 38.7332008, 9.0640745 ], [ 38.7407942, 9.0663559 ], [ 38.7420905, 9.0670584 ], [ 38.7478419, 9.0712001 ], [ 38.7518597, 9.072002 ], [ 38.7602142, 9.07337 ], [ 38.7606353, 9.0733806 ], [ 38.7668987, 9.0721387 ], [ 38.7727591, 9.0695141 ], [ 38.7783399, 9.0654736 ], [ 38.7838892, 9.0609382 ], [ 38.7883158, 9.0551371 ], [ 38.7892183, 9.0480524 ], [ 38.7906995, 9.0454025 ], [ 38.7918929, 9.0415089 ], [ 38.7898711, 9.0353037 ], [ 38.7947311, 9.0312946 ], [ 38.7968678, 9.0306899 ], [ 38.7970595, 9.0306542 ], [ 38.7981611, 9.0287943 ], [ 38.7982518, 9.0279885 ], [ 38.7974667, 9.0235442 ], [ 38.7948028, 9.0209857 ], [ 38.7911232, 9.0175922 ], [ 38.7876132, 9.0128368 ], [ 38.7808196, 9.0096836 ], [ 38.7798661, 9.0040376 ], [ 38.7735825, 8.9997115 ], [ 38.7717256, 8.9974435 ], [ 38.7713511, 8.9969567 ], [ 38.7666297, 8.9961166 ], [ 38.7659106, 8.9960934 ], [ 38.7633437, 8.9965623 ], [ 38.7575434, 8.9980193 ], [ 38.7529638, 8.9992308 ], [ 38.7470504, 9.0010446 ], [ 38.7410113, 9.0026659 ], [ 38.7377773, 9.008472 ], [ 38.7359091, 9.0114509 ], [ 38.729956799999989, 9.0163642 ], [ 38.7291375, 9.0170706 ], [ 38.7275369, 9.0198349 ], [ 38.7274376, 9.0203647 ], [ 38.7248638, 9.0281689 ], [ 38.7236852, 9.0351997 ], [ 38.7246984, 9.0412729 ], [ 38.7241848, 9.0443085 ], [ 38.7243136, 9.0454214 ], [ 38.7247266, 9.0465336 ], [ 38.728196, 9.0510618 ], [ 38.7286842, 9.0544559 ], [ 38.7288002, 9.0551051 ], [ 38.7295091, 9.0565492 ] ] ] } },
{ "type": "Feature", "properties": { "threshold_s": 900, "time_label": "15 min drive" }, "geometry": { "type": "Polygon", "coordinates": [ [ [ 38.7157707, 9.0714928 ], [ 38.7160362, 9.0719192 ], [ 38.7235789, 9.0781644 ], [ 38.7324589, 9.0764417 ], [ 38.7377219, 9.0759888 ], [ 38.7382369, 9.0758127 ], [ 38.7465249, 9.0792228 ], [ 38.7431292, 9.0876863 ], [ 38.7536985, 9.0820899 ], [ 38.7613576, 9.0810134 ], [ 38.773237, 9.081739 ], [ 38.7856852, 9.0805299 ], [ 38.7946067, 9.076095 ], [ 38.7961686, 9.0692719 ], [ 38.8043252, 9.0623799 ], [ 38.8042744, 9.0593106 ], [ 38.8087629, 9.0482752 ], [ 38.8085872, 9.048062 ], [ 38.8148181, 9.0369591 ], [ 38.8173741, 9.0360901 ], [ 38.8179553, 9.0358013 ], [ 38.8180387, 9.0354566 ], [ 38.8187052, 9.0302712 ], [ 38.8183137, 9.0237056 ], [ 38.8171751, 9.0194641 ], [ 38.8123052, 9.0114074 ], [ 38.8107187, 9.0075809 ], [ 38.8024677, 9.0009613 ], [ 38.8007767, 9.0000299 ], [ 38.7952264, 8.9934812 ], [ 38.7942992, 8.9887271 ], [ 38.791375, 8.9871117 ], [ 38.7888132, 8.9859297 ], [ 38.7784405, 8.9816191 ], [ 38.7728924, 8.9803205 ], [ 38.764073, 8.9772204 ], [ 38.7596897, 8.9769291 ], [ 38.759463599999989, 8.9769388 ], [ 38.7490817, 8.9776198 ], [ 38.7387747, 8.9814628 ], [ 38.7323776, 8.9839147 ], [ 38.7311431, 8.985574 ], [ 38.7266077, 8.9926198 ], [ 38.7250394, 8.9949559 ], [ 38.7180291, 9.0030687 ], [ 38.71392, 9.0071185 ], [ 38.7115661, 9.0139667 ], [ 38.7153381, 9.0230401 ], [ 38.7119525, 9.0269373 ], [ 38.7093544, 9.0292577 ], [ 38.7065063, 9.0324123 ], [ 38.7063434, 9.0329963 ], [ 38.7062408, 9.0334666 ], [ 38.7060329, 9.0391369 ], [ 38.7073345, 9.0424437 ], [ 38.7100965, 9.054685 ], [ 38.7100254, 9.0561289 ], [ 38.710331, 9.0582414 ], [ 38.7146036, 9.0688953 ], [ 38.7157707, 9.0714928 ] ] ] } },
{ "type": "Feature", "properties": { "threshold_s": 300, "time_label": "5 min drive" }, "geometry": { "type": "Polygon", "coordinates": [ [ [ 38.7693626, 9.0163824 ], [ 38.7703065, 9.0178326 ], [ 38.771192, 9.0184455 ], [ 38.7742102, 9.0174735 ], [ 38.7741335, 9.0152535 ], [ 38.776373, 9.0129175 ], [ 38.7801995, 9.0149448 ], [ 38.7807383, 9.0166185 ], [ 38.7813556, 9.0188907 ], [ 38.7809505, 9.0208487 ], [ 38.7811702, 9.0225738 ], [ 38.7828895, 9.0215465 ], [ 38.7870651, 9.0196171 ], [ 38.7878468, 9.0195093 ], [ 38.7880867, 9.0194828 ], [ 38.7890406, 9.0193886 ], [ 38.7896598, 9.0192439 ], [ 38.7906721, 9.0178852 ], [ 38.7936531, 9.0159967 ], [ 38.7948124, 9.0150846 ], [ 38.7979855, 9.0132711 ], [ 38.7998842, 9.0107714 ], [ 38.800421, 9.0090292 ], [ 38.8019364, 9.0054341 ], [ 38.8025653, 9.0029326 ], [ 38.8028741, 9.0016579 ], [ 38.802689, 9.0013388 ], [ 38.8024677, 9.0009613 ], [ 38.8007767, 9.0000299 ], [ 38.7994259, 8.9995528 ], [ 38.7965052, 8.9969379 ], [ 38.7956395, 8.9945489 ], [ 38.7960664, 8.9913021 ], [ 38.7960656, 8.9910328 ], [ 38.7942992, 8.9887271 ], [ 38.7908932, 8.9872382 ], [ 38.7884371, 8.9870932 ], [ 38.7851138, 8.9856672 ], [ 38.7802336, 8.9860819 ], [ 38.7756031, 8.9871261 ], [ 38.7755492, 8.9871715 ], [ 38.7756274, 8.9883794 ], [ 38.7734938, 8.9926488 ], [ 38.7734697, 8.9932892 ], [ 38.7734496, 8.993719 ], [ 38.7726755, 8.9962277 ], [ 38.768846, 8.999063 ], [ 38.7672642, 9.0017771 ], [ 38.7671183, 9.0031016 ], [ 38.7674794, 9.0056217 ], [ 38.7672577, 9.0104737 ], [ 38.7672657, 9.0106467 ], [ 38.768895, 9.0121279 ], [ 38.7693626, 9.0163824 ] ] ] } },
{ "type": "Feature", "properties": { "threshold_s": 600, "time_label": "10 min drive" }, "geometry": { "type": "Polygon", "coordinates": [ [ [ 38.7494123, 9.0211759 ], [ 38.7505797, 9.0229467 ], [ 38.7563315, 9.0257239 ], [ 38.7616276, 9.0311284 ], [ 38.7633016, 9.0331372 ], [ 38.7695029, 9.0370091 ], [ 38.7707849, 9.0374901 ], [ 38.7722077, 9.0379644 ], [ 38.7735888, 9.0383887 ], [ 38.7866579, 9.0379459 ], [ 38.7884075, 9.037232 ], [ 38.788646, 9.0371199 ], [ 38.7988474, 9.0307862 ], [ 38.8011234, 9.0303124 ], [ 38.8048161, 9.0292985 ], [ 38.8137814, 9.0214542 ], [ 38.8183136, 9.0119977 ], [ 38.8198525, 9.0076736 ], [ 38.8210512, 9.0028113 ], [ 38.8218648, 8.996716 ], [ 38.8221686, 8.9921195 ], [ 38.819347, 8.9880947 ], [ 38.8172293, 8.987135 ], [ 38.8066972, 8.9860036 ], [ 38.8035562, 8.9852867 ], [ 38.8021619, 8.9853275 ], [ 38.7996331, 8.9854045 ], [ 38.7899075, 8.9859732 ], [ 38.7880106, 8.9854871 ], [ 38.7855757, 8.9849273 ], [ 38.7777914, 8.9763594 ], [ 38.7773623, 8.9752898 ], [ 38.7750556, 8.9694476 ], [ 38.7664998, 8.9707517 ], [ 38.7655318, 8.9710292 ], [ 38.7645882, 8.9715171 ], [ 38.7640962, 8.9718863 ], [ 38.7639284, 8.9720178 ], [ 38.7628793, 8.9728562 ], [ 38.7565841, 8.9820643 ], [ 38.7564987, 8.9822218 ], [ 38.7509282, 8.9916097 ], [ 38.7481745, 8.9945274 ], [ 38.7483563, 9.0064761 ], [ 38.7445255, 9.010739 ], [ 38.7459448, 9.0156178 ], [ 38.7494123, 9.0211759 ] ] ] } },
{ "type": "Feature", "properties": { "threshold_s": 900, "time_label": "15 min drive" }, "geometry": { "type": "Polygon", "coordinates": [ [ [ 38.7338104, 9.0317038 ], [ 38.7357049, 9.0343764 ], [ 38.7378734, 9.0365003 ], [ 38.747892899999989, 9.0454612 ], [ 38.7492594, 9.0466425 ], [ 38.7575852, 9.0534695 ], [ 38.7669016, 9.0555153 ], [ 38.7736753, 9.0564126 ], [ 38.7806725, 9.0567608 ], [ 38.786404, 9.0539052 ], [ 38.792129, 9.0494167 ], [ 38.8041703, 9.044401 ], [ 38.8180998, 9.0428171 ], [ 38.8235107, 9.0398372 ], [ 38.8258508, 9.0381003 ], [ 38.8344861, 9.0288858 ], [ 38.8375525, 9.0214989 ], [ 38.8375936, 9.0082663 ], [ 38.836682, 8.9986112 ], [ 38.8396552, 8.9890861 ], [ 38.8392845, 8.9855719 ], [ 38.8391509, 8.9851756 ], [ 38.8386197, 8.9843814 ], [ 38.829171, 8.9683279 ], [ 38.8261338, 8.9679585 ], [ 38.8250407, 8.9682187 ], [ 38.8205258, 8.9705948 ], [ 38.8181772, 8.9717424 ], [ 38.8182654, 8.9741014 ], [ 38.8035562, 8.9852867 ], [ 38.8021619, 8.9853275 ], [ 38.7919347, 8.9698281 ], [ 38.7943107, 8.9661168 ], [ 38.7949132, 8.9643434 ], [ 38.7928357, 8.9593159 ], [ 38.7926245, 8.9585043 ], [ 38.7925974, 8.9584397 ], [ 38.7894054, 8.9568657 ], [ 38.7838446, 8.9551348 ], [ 38.7688027, 8.948857 ], [ 38.7622293, 8.9528058 ], [ 38.7518256, 8.961464 ], [ 38.7411668, 8.9711839 ], [ 38.7365785, 8.9795314 ], [ 38.7331702, 8.9866157 ], [ 38.7323374, 8.9888358 ], [ 38.7306458, 8.9975836 ], [ 38.7253784, 9.0132798 ], [ 38.7247722, 9.0152427 ], [ 38.724787, 9.0155262 ], [ 38.7255172, 9.019411 ], [ 38.7338104, 9.0317038 ] ] ] } },
{ "type": "Feature", "properties": { "threshold_s": 300, "time_label": "5 min drive" }, "geometry": { "type": "Polygon", "coordinates": [ [ [ 38.7945046, 9.0111732 ], [ 38.7955268, 9.014495 ], [ 38.7974215, 9.0149247 ], [ 38.7990841, 9.0152732 ], [ 38.8012821, 9.0163717 ], [ 38.8018595, 9.0192341 ], [ 38.8019712, 9.0193152 ], [ 38.804643, 9.0191079 ], [ 38.8066547, 9.0201329 ], [ 38.807704, 9.0203778 ], [ 38.8088993, 9.0203582 ], [ 38.809637, 9.0202318 ], [ 38.8130429, 9.0212578 ], [ 38.8133654, 9.0199396 ], [ 38.8133688, 9.0197109 ], [ 38.8171751, 9.0194641 ], [ 38.8171611, 9.0191599 ], [ 38.8158358, 9.015769 ], [ 38.8186794, 9.0137801 ], [ 38.8208147, 9.013098 ], [ 38.822107699999989, 9.0163244 ], [ 38.8246728, 9.0164859 ], [ 38.8248615, 9.0163434 ], [ 38.8249889, 9.0158547 ], [ 38.8252172, 9.0145254 ], [ 38.8267236, 9.0112778 ], [ 38.8279363, 9.0090958 ], [ 38.8281197, 9.0087531 ], [ 38.8290491, 9.0063192 ], [ 38.829148, 9.00484 ], [ 38.8290954, 9.0022733 ], [ 38.8294796, 9.0000917 ], [ 38.8296767, 8.9994248 ], [ 38.829064, 8.9987468 ], [ 38.8283719, 8.9982254 ], [ 38.8269355, 8.9976955 ], [ 38.8274438, 8.9940992 ], [ 38.8278756, 8.9939169 ], [ 38.8282234, 8.9933245 ], [ 38.8279869, 8.9925461 ], [ 38.8265017, 8.9924918 ], [ 38.8246031, 8.9899895 ], [ 38.8236411, 8.9905439 ], [ 38.8206629, 8.9890324 ], [ 38.820047099999989, 8.98816 ], [ 38.81948950000001, 8.9876739 ], [ 38.8186485, 8.9871878 ], [ 38.8175372, 8.9873423 ], [ 38.8166645, 8.988021 ], [ 38.8158998, 8.9886047 ], [ 38.8127899, 8.9893411 ], [ 38.8103143, 8.9883096 ], [ 38.8097735, 8.9869675 ], [ 38.8079529, 8.9863615 ], [ 38.8048106, 8.9875098 ], [ 38.8031275, 8.9878298 ], [ 38.8027936, 8.9881483 ], [ 38.8019789, 8.9892908 ], [ 38.80187, 8.9896704 ], [ 38.8018267, 8.9898213 ], [ 38.8024711, 8.9914824 ], [ 38.8022096, 8.9940263 ], [ 38.8026126, 8.9969332 ], [ 38.8004776, 8.9984045 ], [ 38.7984775, 8.9990207 ], [ 38.7965052, 8.9969379 ], [ 38.7981365, 8.9992974 ], [ 38.7978869, 9.0019288 ], [ 38.7955181, 9.0020965 ], [ 38.7943165, 9.0036151 ], [ 38.7936953, 9.0050935 ], [ 38.7940141, 9.0053697 ], [ 38.7951808, 9.0084743 ], [ 38.794879, 9.0090416 ], [ 38.7948225, 9.009565 ], [ 38.7945046, 9.0111732 ] ] ] } },
{ "type": "Feature", "properties": { "threshold_s": 600, "time_label": "10 min drive" }, "geometry": { "type": "Polygon", "coordinates": [ [ [ 38.7747322, 9.0111996 ], [ 38.7787771, 9.0234759 ], [ 38.7859405, 9.0306672 ], [ 38.7913411, 9.0328014 ], [ 38.7988474, 9.0307862 ], [ 38.8097365, 9.0345983 ], [ 38.8208636, 9.0339018 ], [ 38.8281029, 9.0353208 ], [ 38.8287426, 9.035193 ], [ 38.8334698, 9.0335267 ], [ 38.8342501, 9.0330166 ], [ 38.8353069, 9.0322908 ], [ 38.8380725, 9.0302644 ], [ 38.843856, 9.0212365 ], [ 38.8474631, 9.0082384 ], [ 38.8473393, 9.0063196 ], [ 38.8473128, 9.0059978 ], [ 38.8472617, 9.0055208 ], [ 38.8452845, 8.9935286 ], [ 38.8464938, 8.9912401 ], [ 38.8472367, 8.9900538 ], [ 38.8487394, 8.9873422 ], [ 38.8420573, 8.9768726 ], [ 38.8417152, 8.9767496 ], [ 38.8405625, 8.9766188 ], [ 38.8285251, 8.9717354 ], [ 38.8253376, 8.9702862 ], [ 38.8219663, 8.9725441 ], [ 38.8211327, 8.9767138 ], [ 38.8208006, 8.9803978 ], [ 38.8097735, 8.9869675 ], [ 38.8079529, 8.9863615 ], [ 38.8066972, 8.9860036 ], [ 38.8035562, 8.9852867 ], [ 38.8021619, 8.9853275 ], [ 38.7996331, 8.9854045 ], [ 38.788826, 8.985809 ], [ 38.7855757, 8.9849273 ], [ 38.7842988, 8.9845215 ], [ 38.7829895, 8.9840922 ], [ 38.7824454, 8.9839019 ], [ 38.7810382, 8.9833915 ], [ 38.7807425, 8.9839147 ], [ 38.7806801, 8.9840836 ], [ 38.7804589, 8.9928799 ], [ 38.7776278, 8.9979624 ], [ 38.777362, 8.9984848 ], [ 38.7747095, 9.005959 ], [ 38.7747322, 9.0111996 ] ] ] } },
{ "type": "Feature", "properties": { "threshold_s": 900, "time_label": "15 min drive" }, "geometry": { "type": "Polygon", "coordinates": [ [ [ 38.7598172, 9.0314772 ], [ 38.7694638, 9.0449786 ], [ 38.781437, 9.0475166 ], [ 38.7863618, 9.0469064 ], [ 38.7883566, 9.0456859 ], [ 38.8050822, 9.0506714 ], [ 38.8067417, 9.0509496 ], [ 38.817692, 9.0514193 ], [ 38.8275195, 9.0549912 ], [ 38.8352993, 9.0528523 ], [ 38.837249, 9.052063 ], [ 38.8482446, 9.0453872 ], [ 38.8531675, 9.0423468 ], [ 38.8566792, 9.0401101 ], [ 38.8594639, 9.0375572 ], [ 38.8595071, 9.0374629 ], [ 38.865731, 9.0207837 ], [ 38.8682366, 9.0116838 ], [ 38.8676548, 9.0097339 ], [ 38.8648751, 8.9953168 ], [ 38.8651268, 8.9834511 ], [ 38.8653598, 8.9814365 ], [ 38.8653253, 8.9813012 ], [ 38.8598661, 8.9766158 ], [ 38.8542589, 8.9723237 ], [ 38.8464479, 8.9613698 ], [ 38.8456728, 8.9562006 ], [ 38.8342279, 8.9552005 ], [ 38.8231898, 8.9589257 ], [ 38.805922, 8.9637815 ], [ 38.8052994, 8.9639619 ], [ 38.8073882, 8.9718973 ], [ 38.7971379, 8.9861223 ], [ 38.7899075, 8.9859732 ], [ 38.7880106, 8.9854871 ], [ 38.7855757, 8.9849273 ], [ 38.7777914, 8.9763594 ], [ 38.7792846, 8.9680911 ], [ 38.7770206, 8.9660067 ], [ 38.7764513, 8.9654406 ], [ 38.7748945, 8.9656073 ], [ 38.7618748, 8.9727921 ], [ 38.7618717, 8.9728547 ], [ 38.7619338, 8.9808051 ], [ 38.759032, 8.998066 ], [ 38.7528261, 9.0118685 ], [ 38.7540988, 9.0141087 ], [ 38.7570594, 9.0187168 ], [ 38.7598172, 9.0314772 ] ] ] } },
{ "type": "Feature", "properties": { "threshold_s": 300, "time_label": "5 min drive" }, "geometry": { "type": "Polygon", "coordinates": [ [ [ 38.8719335, 9.0373811 ], [ 38.8714937, 9.0387469 ], [ 38.8732361, 9.0404878 ], [ 38.8764831, 9.0426 ], [ 38.8778334, 9.0429907 ], [ 38.8777715, 9.0398857 ], [ 38.8830292, 9.0398019 ], [ 38.8833068, 9.0404809 ], [ 38.8862076, 9.0374491 ], [ 38.8898581, 9.033852 ], [ 38.8906735, 9.0305845 ], [ 38.8919623, 9.0286336 ], [ 38.8920039, 9.0280826 ], [ 38.8919114, 9.0271872 ], [ 38.8955471, 9.0237263 ], [ 38.8944973, 9.0191105 ], [ 38.8946015, 9.0178817 ], [ 38.8907487, 9.0158764 ], [ 38.8906755, 9.015872 ], [ 38.8855438, 9.0154758 ], [ 38.8850963, 9.0141426 ], [ 38.8850811, 9.0130612 ], [ 38.8850949, 9.0125743 ], [ 38.8850894, 9.0113146 ], [ 38.8850489, 9.0106787 ], [ 38.8850409, 9.0106075 ], [ 38.8845398, 9.0097782 ], [ 38.8809644, 9.0068363 ], [ 38.8770401, 9.0050606 ], [ 38.8744783, 9.0078319 ], [ 38.8693115, 9.0088141 ], [ 38.8689723, 9.0085029 ], [ 38.8678904, 9.0067672 ], [ 38.8678044, 9.006383 ], [ 38.8672958, 9.0061276 ], [ 38.8669579, 9.0062162 ], [ 38.8654597, 9.0069639 ], [ 38.863127, 9.0107071 ], [ 38.8620955, 9.0156216 ], [ 38.8613154, 9.0171249 ], [ 38.8581733, 9.0207198 ], [ 38.8574142, 9.0207619 ], [ 38.8564735, 9.0208085 ], [ 38.8576725, 9.0224744 ], [ 38.8607414, 9.0261064 ], [ 38.8637299, 9.0291233 ], [ 38.864046, 9.0289651 ], [ 38.8656364, 9.028472 ], [ 38.8684198, 9.0290747 ], [ 38.8699011, 9.0331262 ], [ 38.8719335, 9.0373811 ] ] ] } },
{ "type": "Feature", "properties": { "threshold_s": 600, "time_label": "10 min drive" }, "geometry": { "type": "Polygon", "coordinates": [ [ [ 38.847456200000011, 9.0388744 ], [ 38.8485548, 9.0403961 ], [ 38.8513504, 9.0413219 ], [ 38.8596426, 9.045199 ], [ 38.8623481, 9.0468929 ], [ 38.8647801, 9.0462265 ], [ 38.8705502, 9.0530642 ], [ 38.8696735, 9.0569539 ], [ 38.8724887, 9.0600928 ], [ 38.881297, 9.0608436 ], [ 38.883123, 9.0625598 ], [ 38.8833886, 9.0627004 ], [ 38.8838, 9.0620876 ], [ 38.8839647, 9.0617542 ], [ 38.8843927, 9.0606325 ], [ 38.8843665, 9.0573371 ], [ 38.8843806, 9.0567035 ], [ 38.8853084, 9.0482034 ], [ 38.8879287, 9.0436653 ], [ 38.8891501, 9.0421339 ], [ 38.8924666, 9.0374161 ], [ 38.8990593, 9.0337165 ], [ 38.8953325, 9.027668 ], [ 38.9002302, 9.0222733 ], [ 38.9008565, 9.0197236 ], [ 38.9004207, 9.0112823 ], [ 38.9028293, 9.006449 ], [ 38.9025959, 9.0057496 ], [ 38.9016357, 9.00318 ], [ 38.8947448, 8.9979451 ], [ 38.8945421, 8.9960927 ], [ 38.8941662, 8.9947574 ], [ 38.8918015, 8.9936454 ], [ 38.88523, 8.987723 ], [ 38.884322, 8.9872171 ], [ 38.882883, 8.9876388 ], [ 38.880804, 8.9883695 ], [ 38.8762593, 8.9897723 ], [ 38.8737166, 8.9914281 ], [ 38.8710961, 8.9968484 ], [ 38.8625642, 8.9960631 ], [ 38.860943399999989, 8.9946623 ], [ 38.8553241, 8.9915981 ], [ 38.854533, 8.9916061 ], [ 38.8531163, 8.9926068 ], [ 38.8521201, 8.9936541 ], [ 38.8483224, 8.9976646 ], [ 38.8448124, 9.0022157 ], [ 38.8407053, 9.0109138 ], [ 38.8393047, 9.0170738 ], [ 38.83504, 9.0218214 ], [ 38.8353941, 9.0233442 ], [ 38.8398319, 9.0293735 ], [ 38.8457439, 9.0356589 ], [ 38.847456200000011, 9.0388744 ] ] ] } },
{ "type": "Feature", "properties": { "threshold_s": 900, "time_label": "15 min drive" }, "geometry": { "type": "Polygon", "coordinates": [ [ [ 38.8253413, 9.0436966 ], [ 38.827148, 9.0459125 ], [ 38.8352088, 9.0519684 ], [ 38.8480478, 9.0588075 ], [ 38.8567999, 9.06935 ], [ 38.8635913, 9.0739587 ], [ 38.8684273, 9.0755187 ], [ 38.8763505, 9.0830222 ], [ 38.877988, 9.0814979 ], [ 38.8791772, 9.0796541 ], [ 38.882759, 9.0736045 ], [ 38.8837609, 9.0705344 ], [ 38.8847653, 9.0665697 ], [ 38.8851718, 9.0638571 ], [ 38.8852997, 9.0623257 ], [ 38.885408, 9.0601564 ], [ 38.885576, 9.0574365 ], [ 38.8855746, 9.0542708 ], [ 38.8858157, 9.0510063 ], [ 38.8891501, 9.0421339 ], [ 38.8990593, 9.0337165 ], [ 38.9008565, 9.0197236 ], [ 38.9028293, 9.006449 ], [ 38.9025959, 9.0057496 ], [ 38.9023653, 8.9955715 ], [ 38.9043886, 8.9908277 ], [ 38.905657, 8.9885185 ], [ 38.9061706, 8.985985 ], [ 38.9061452, 8.9847142 ], [ 38.8968989, 8.9759151 ], [ 38.8968734, 8.973145 ], [ 38.8963598, 8.9724762 ], [ 38.894825, 8.970513 ], [ 38.8941347, 8.9696437 ], [ 38.8846395, 8.9650161 ], [ 38.8837628, 8.9648273 ], [ 38.8816224, 8.9665932 ], [ 38.8757913, 8.9712919 ], [ 38.8726893, 8.9753044 ], [ 38.8611719, 8.9752872 ], [ 38.8542589, 8.9723237 ], [ 38.8539979, 8.9723627 ], [ 38.8436849, 8.9799373 ], [ 38.8429865, 8.9804653 ], [ 38.8358854, 8.9856527 ], [ 38.8285384, 8.9889648 ], [ 38.8268229, 8.9932554 ], [ 38.8250396, 8.9995291 ], [ 38.8198317, 9.0078703 ], [ 38.817654, 9.0119948 ], [ 38.813209, 9.0199514 ], [ 38.8133974, 9.0214247 ], [ 38.8141146, 9.0226814 ], [ 38.82228520000001, 9.033648 ], [ 38.8228565, 9.03603 ], [ 38.824046, 9.0412168 ], [ 38.8253413, 9.0436966 ] ] ] } },
{ "type": "Feature", "properties": { "threshold_s": 300, "time_label": "5 min drive" }, "geometry": { "type": "Polygon", "coordinates": [ [ [ 38.7277974, 8.9513067 ], [ 38.7285055, 8.9524321 ], [ 38.731062, 8.9531298 ], [ 38.7325026, 8.9563457 ], [ 38.7327385, 8.9563414 ], [ 38.7331147, 8.9560144 ], [ 38.733087, 8.9556029 ], [ 38.7337321, 8.9525244 ], [ 38.7372737, 8.9516334 ], [ 38.7381752, 8.9526622 ], [ 38.7388181, 8.9533071 ], [ 38.7403759, 8.9568763 ], [ 38.7429656, 8.9598609 ], [ 38.7427449, 8.9626172 ], [ 38.7430582, 8.963802 ], [ 38.7437776, 8.9644459 ], [ 38.7438558, 8.9644928 ], [ 38.7461293, 8.9642524 ], [ 38.7480411, 8.9670263 ], [ 38.7486937, 8.9678928 ], [ 38.7487591, 8.9678933 ], [ 38.7502609, 8.9667641 ], [ 38.7502682, 8.9660419 ], [ 38.7515339, 8.9642948 ], [ 38.7547301, 8.9651931 ], [ 38.756366, 8.9636477 ], [ 38.7585471, 8.9608727 ], [ 38.7593606, 8.9584275 ], [ 38.7584882, 8.955665 ], [ 38.7592927, 8.9539705 ], [ 38.7598615, 8.9518502 ], [ 38.7590964, 8.9498656 ], [ 38.7581194, 8.9458735 ], [ 38.7588309, 8.9448533 ], [ 38.7588805, 8.9447122 ], [ 38.7586706, 8.943708 ], [ 38.7585063, 8.9432019 ], [ 38.7566878, 8.9405205 ], [ 38.7537408, 8.9383836 ], [ 38.7524699, 8.9371861 ], [ 38.7502186, 8.935019 ], [ 38.7491132, 8.9359777 ], [ 38.7451406, 8.9357844 ], [ 38.7447779, 8.935317 ], [ 38.7414449, 8.9368228 ], [ 38.7392106, 8.9379975 ], [ 38.7358986, 8.9383165 ], [ 38.7348421, 8.9379356 ], [ 38.7348005, 8.9379499 ], [ 38.7339869, 8.9411538 ], [ 38.7328389, 8.944487 ], [ 38.7298992, 8.9464768 ], [ 38.7287719, 8.9457979 ], [ 38.7277581, 8.945907 ], [ 38.7261587, 8.9484321 ], [ 38.7262592, 8.9489311 ], [ 38.7277974, 8.9513067 ] ] ] } },
{ "type": "Feature", "properties": { "threshold_s": 600, "time_label": "10 min drive" }, "geometry": { "type": "Polygon", "coordinates": [ [ [ 38.706734, 8.958179 ], [ 38.7137892, 8.96737 ], [ 38.7183185, 8.968856 ], [ 38.7259791, 8.9733518 ], [ 38.7282267, 8.9758101 ], [ 38.7342095, 8.9793641 ], [ 38.7435155, 8.9846347 ], [ 38.7462675, 8.9865609 ], [ 38.7484661, 8.9879114 ], [ 38.7519498, 8.9890651 ], [ 38.7552246, 8.9863426 ], [ 38.762682, 8.9825866 ], [ 38.764094, 8.9820233 ], [ 38.764862, 8.9803677 ], [ 38.7677047, 8.9706015 ], [ 38.7726464, 8.9617668 ], [ 38.7746049, 8.9599046 ], [ 38.775242, 8.9583361 ], [ 38.7755169, 8.9575612 ], [ 38.7742229, 8.9482255 ], [ 38.772688, 8.9431351 ], [ 38.772123, 8.9424272 ], [ 38.7681933, 8.9357829 ], [ 38.7677755, 8.9301123 ], [ 38.7591863, 8.9240814 ], [ 38.7497851, 8.9178583 ], [ 38.7470126, 8.9164625 ], [ 38.7467914, 8.9163585 ], [ 38.7417224, 8.9154211 ], [ 38.7402019, 8.9156479 ], [ 38.7332574, 8.9178801 ], [ 38.7322629, 8.9182626 ], [ 38.7320074, 8.9183915 ], [ 38.7308836, 8.9191202 ], [ 38.7301889, 8.9196275 ], [ 38.7277628, 8.9221863 ], [ 38.7227177, 8.9266839 ], [ 38.7156326, 8.9307128 ], [ 38.7140379, 8.9332777 ], [ 38.7103996, 8.9444684 ], [ 38.7076092, 8.951704 ], [ 38.7062301, 8.9555714 ], [ 38.7061676, 8.9576388 ], [ 38.706734, 8.958179 ] ] ] } },
{ "type": "Feature", "properties": { "threshold_s": 900, "time_label": "15 min drive" }, "geometry": { "type": "Polygon", "coordinates": [ [ [ 38.6974509, 8.9758923 ], [ 38.699342799999989, 8.9788114 ], [ 38.7065211, 8.9827002 ], [ 38.7173929, 8.9902075 ], [ 38.7223771, 8.9940281 ], [ 38.7289264, 8.9982376 ], [ 38.7380116, 9.003884 ], [ 38.7461356, 9.0106348 ], [ 38.746218, 9.0106422 ], [ 38.7543717, 9.010126 ], [ 38.7552017, 9.0100104 ], [ 38.7675736, 9.0030528 ], [ 38.7738252, 8.9995496 ], [ 38.7818342, 8.9898611 ], [ 38.784115, 8.9851798 ], [ 38.7829895, 8.9840922 ], [ 38.7787516, 8.9794447 ], [ 38.7872891, 8.965332 ], [ 38.7890251, 8.962117 ], [ 38.7891879, 8.9617381 ], [ 38.7900039, 8.9597218 ], [ 38.7931503, 8.9526933 ], [ 38.79381, 8.9509213 ], [ 38.7946927, 8.9462823 ], [ 38.7888944, 8.9340646 ], [ 38.788127, 8.933209 ], [ 38.7824625, 8.9238885 ], [ 38.7815407, 8.9173608 ], [ 38.777513, 8.9152183 ], [ 38.7670622, 8.9071197 ], [ 38.7650039, 8.9057477 ], [ 38.7616485, 8.9069738 ], [ 38.747292, 8.900142 ], [ 38.746419, 8.9000601 ], [ 38.7362117, 8.9011704 ], [ 38.7350826, 8.9022633 ], [ 38.7337589, 8.9040162 ], [ 38.7313695, 8.9071775 ], [ 38.7312216, 8.9075352 ], [ 38.727289399999989, 8.9135477 ], [ 38.714174, 8.9207268 ], [ 38.7113597, 8.9196049 ], [ 38.7080389, 8.9220877 ], [ 38.69870250000001, 8.9321675 ], [ 38.6985399, 8.9324667 ], [ 38.6924525, 8.9444452 ], [ 38.6892342, 8.9498449 ], [ 38.6884167, 8.9525276 ], [ 38.6890878, 8.9596334 ], [ 38.6892986, 8.9615884 ], [ 38.6974509, 8.9758923 ] ] ] } },
{ "type": "Feature", "properties": { "threshold_s": 300, "time_label": "5 min drive" }, "geometry": { "type": "Polygon", "coordinates": [ [ [ 38.8119762, 9.0487089 ], [ 38.8141581, 9.0514736 ], [ 38.8158989, 9.0525279 ], [ 38.817692, 9.0514193 ], [ 38.8172729, 9.0474726 ], [ 38.8198908, 9.0449265 ], [ 38.8231803, 9.0462342 ], [ 38.8256755, 9.0502843 ], [ 38.8248065, 9.0523318 ], [ 38.82368, 9.0533622 ], [ 38.820574, 9.0556468 ], [ 38.8211697, 9.0564948 ], [ 38.8240246, 9.0581499 ], [ 38.826208, 9.0593975 ], [ 38.8309246, 9.058824 ], [ 38.832145, 9.0587657 ], [ 38.8326533, 9.0575407 ], [ 38.8328719, 9.056215 ], [ 38.8341376, 9.0540813 ], [ 38.8379064, 9.0536854 ], [ 38.8385418, 9.0535897 ], [ 38.8419441, 9.0503506 ], [ 38.8438595, 9.0487164 ], [ 38.8444926, 9.0480792 ], [ 38.84497, 9.046215 ], [ 38.8455199, 9.0446887 ], [ 38.8476797, 9.0408055 ], [ 38.8495593, 9.0389459 ], [ 38.8472418, 9.0355361 ], [ 38.8465166, 9.0345056 ], [ 38.8442158, 9.0314252 ], [ 38.8442584, 9.0275216 ], [ 38.8442405, 9.0273532 ], [ 38.8425827, 9.0250443 ], [ 38.8416863, 9.0238805 ], [ 38.8398785, 9.0238956 ], [ 38.8396847, 9.0239753 ], [ 38.8395271, 9.0241907 ], [ 38.8393991, 9.0244004 ], [ 38.8352899, 9.0265447 ], [ 38.8344511, 9.0256608 ], [ 38.8337897, 9.0245121 ], [ 38.8313044, 9.0245723 ], [ 38.8312693, 9.0246349 ], [ 38.8280982, 9.0263281 ], [ 38.8265137, 9.0234793 ], [ 38.8264976, 9.0231439 ], [ 38.8263137, 9.0225126 ], [ 38.8248859, 9.0238173 ], [ 38.8238111, 9.0249924 ], [ 38.8193408, 9.0259309 ], [ 38.8181182, 9.0271782 ], [ 38.8172257, 9.0299529 ], [ 38.8170572, 9.0307173 ], [ 38.8131091, 9.0333978 ], [ 38.8129809, 9.0333193 ], [ 38.8104425, 9.0320727 ], [ 38.8129082, 9.0334593 ], [ 38.8143721, 9.0367481 ], [ 38.8144658, 9.0377323 ], [ 38.8157836, 9.0387644 ], [ 38.8163683, 9.0394796 ], [ 38.8164635, 9.0438609 ], [ 38.8153422, 9.0447787 ], [ 38.8133065, 9.0453999 ], [ 38.8114374, 9.0473874 ], [ 38.8114378, 9.0478773 ], [ 38.8119762, 9.0487089 ] ] ] } },
{ "type": "Feature", "properties": { "threshold_s": 600, "time_label": "10 min drive" }, "geometry": { "type": "Polygon", "coordinates": [ [ [ 38.7995495, 9.0593061 ], [ 38.8028473, 9.0628395 ], [ 38.8067365, 9.0644062 ], [ 38.808213, 9.0647413 ], [ 38.8180608, 9.064728 ], [ 38.8255781, 9.06194 ], [ 38.8296586, 9.0626196 ], [ 38.8304083, 9.062813 ], [ 38.8371769, 9.0588359 ], [ 38.843521, 9.0630858 ], [ 38.8446374, 9.0675065 ], [ 38.8448721, 9.0682839 ], [ 38.8450371, 9.0690732 ], [ 38.8502835, 9.0694646 ], [ 38.8505047, 9.0687723 ], [ 38.8543698, 9.0598689 ], [ 38.8553005, 9.0583366 ], [ 38.8611813, 9.0496817 ], [ 38.8659955, 9.0479541 ], [ 38.8674416, 9.0431642 ], [ 38.8679901, 9.0413286 ], [ 38.8683777, 9.0387989 ], [ 38.8648603, 9.0291935 ], [ 38.8642736, 9.0277825 ], [ 38.8639234, 9.0271953 ], [ 38.8596607, 9.0204593 ], [ 38.853051, 9.0133751 ], [ 38.8507787, 9.0111611 ], [ 38.8501641, 9.0106506 ], [ 38.8484112, 9.0095145 ], [ 38.8414704, 9.0058192 ], [ 38.8386052, 9.0043614 ], [ 38.8344711, 9.0037179 ], [ 38.82471, 9.0020276 ], [ 38.8182539, 9.0033111 ], [ 38.8164621, 9.0039919 ], [ 38.8123052, 9.0114074 ], [ 38.8122967, 9.0119373 ], [ 38.8122518, 9.0124888 ], [ 38.8078818, 9.0205801 ], [ 38.8033505, 9.0198616 ], [ 38.802462, 9.0194301 ], [ 38.8018595, 9.0192341 ], [ 38.8014734, 9.019214 ], [ 38.7992848, 9.0191203 ], [ 38.7948028, 9.0209857 ], [ 38.7892601, 9.0286765 ], [ 38.7913411, 9.0328014 ], [ 38.7997189, 9.0335465 ], [ 38.7967241, 9.0428703 ], [ 38.8007203, 9.0474898 ], [ 38.8008329, 9.0571553 ], [ 38.7999625, 9.0585247 ], [ 38.7995495, 9.0593061 ] ] ] } },
{ "type": "Feature", "properties": { "threshold_s": 900, "time_label": "15 min drive" }, "geometry": { "type": "Polygon", "coordinates": [ [ [ 38.7821404, 9.0619846 ], [ 38.7841871, 9.0679647 ], [ 38.7912438, 9.0705478 ], [ 38.8028473, 9.0628395 ], [ 38.8069985, 9.0664515 ], [ 38.811484, 9.0642857 ], [ 38.821016, 9.0692213 ], [ 38.8250561, 9.0709038 ], [ 38.8251595, 9.0708333 ], [ 38.8304083, 9.062813 ], [ 38.843521, 9.0630858 ], [ 38.8446374, 9.0675065 ], [ 38.8448721, 9.0682839 ], [ 38.8450371, 9.0690732 ], [ 38.8366391, 9.0821031 ], [ 38.8438261, 9.0795684 ], [ 38.8502835, 9.0694646 ], [ 38.8586265, 9.0719033 ], [ 38.8592863, 9.0725469 ], [ 38.863089, 9.0812146 ], [ 38.8646721, 9.0839346 ], [ 38.8651429, 9.0847054 ], [ 38.8656202, 9.0855641 ], [ 38.8671219, 9.0835305 ], [ 38.8729417, 9.0720707 ], [ 38.8739406, 9.0711045 ], [ 38.8799251, 9.0593359 ], [ 38.8846044, 9.0484674 ], [ 38.8845728, 9.046621 ], [ 38.8836794, 9.0454044 ], [ 38.8777726, 9.0387014 ], [ 38.8795155, 9.0319775 ], [ 38.880599599999989, 9.0307559 ], [ 38.8811559, 9.0301674 ], [ 38.8828029, 9.0253122 ], [ 38.8814904, 9.0214402 ], [ 38.8813415, 9.0210047 ], [ 38.8807852, 9.0199611 ], [ 38.873789, 9.0101446 ], [ 38.870685, 9.0042787 ], [ 38.868791, 9.003596 ], [ 38.8587794, 8.9960986 ], [ 38.8527032, 8.9905946 ], [ 38.8413437, 8.9870753 ], [ 38.8289297, 8.9840815 ], [ 38.8228863, 8.9850231 ], [ 38.8097735, 8.9869675 ], [ 38.8094608, 8.9871787 ], [ 38.8031577, 8.9928574 ], [ 38.7965052, 8.9969379 ], [ 38.788482, 9.003886 ], [ 38.7872382, 9.0048582 ], [ 38.7761009, 9.0118694 ], [ 38.7723687, 9.02177 ], [ 38.7686882, 9.0283996 ], [ 38.7700652, 9.0363539 ], [ 38.7728901, 9.0400549 ], [ 38.7758314, 9.0408513 ], [ 38.7815667, 9.0429275 ], [ 38.7844165, 9.054084 ], [ 38.7831905, 9.0572723 ], [ 38.7814303, 9.0600718 ], [ 38.7821404, 9.0619846 ] ] ] } },
{ "type": "Feature", "properties": { "threshold_s": 300, "time_label": "5 min drive" }, "geometry": { "type": "Polygon", "coordinates": [ [ [ 38.7982943, 9.0031359 ], [ 38.7980586, 9.0036796 ], [ 38.8019364, 9.0054341 ], [ 38.8049162, 9.0076893 ], [ 38.8080794, 9.0104469 ], [ 38.8084117, 9.0106355 ], [ 38.8085412, 9.0106981 ], [ 38.8122518, 9.0124888 ], [ 38.8152104, 9.010508 ], [ 38.8206102, 9.0095273 ], [ 38.8263032, 9.0074272 ], [ 38.8285737, 9.0053039 ], [ 38.8299731, 9.0001257 ], [ 38.8312705, 8.9949229 ], [ 38.8318874, 8.9895575 ], [ 38.831862, 8.9894858 ], [ 38.8285222, 8.9841658 ], [ 38.8254851, 8.9798109 ], [ 38.8211882, 8.9830776 ], [ 38.8200144, 8.9840292 ], [ 38.817983, 8.985495 ], [ 38.8172293, 8.987135 ], [ 38.8097735, 8.9869675 ], [ 38.8079529, 8.9863615 ], [ 38.8066972, 8.9860036 ], [ 38.8035562, 8.9852867 ], [ 38.8021619, 8.9853275 ], [ 38.7996331, 8.9854045 ], [ 38.7971379, 8.9861223 ], [ 38.7967554, 8.986409 ], [ 38.7962584, 8.9887523 ], [ 38.7962973, 8.9896849 ], [ 38.8022096, 8.9940263 ], [ 38.8012956, 8.9984883 ], [ 38.7993438, 9.0015425 ], [ 38.7982943, 9.0031359 ] ] ] } },
{ "type": "Feature", "properties": { "threshold_s": 600, "time_label": "10 min drive" }, "geometry": { "type": "Polygon", "coordinates": [ [ [ 38.7780823, 9.0053305 ], [ 38.7817163, 9.0136245 ], [ 38.7868626, 9.0185753 ], [ 38.7928829, 9.0236637 ], [ 38.7959445, 9.0257353 ], [ 38.8040529, 9.0281892 ], [ 38.8146882, 9.0292547 ], [ 38.8249282, 9.0291742 ], [ 38.8281022, 9.0285546 ], [ 38.8302698, 9.0274732 ], [ 38.838884899999989, 9.019858 ], [ 38.8405471, 9.01849 ], [ 38.8415727, 9.0174047 ], [ 38.8418387, 9.0171027 ], [ 38.8465721, 9.0087487 ], [ 38.8499365, 9.0015474 ], [ 38.8527032, 8.9905946 ], [ 38.8533483, 8.9866585 ], [ 38.8528862, 8.9859964 ], [ 38.8524271, 8.9854127 ], [ 38.8509285, 8.983565 ], [ 38.8495553, 8.9822165 ], [ 38.8441278, 8.9730922 ], [ 38.8435712, 8.9726676 ], [ 38.8376764, 8.9692227 ], [ 38.8282921, 8.9652772 ], [ 38.8249257, 8.9633665 ], [ 38.8148527, 8.9648424 ], [ 38.8137183, 8.9668177 ], [ 38.813615, 8.9669886 ], [ 38.8124616, 8.9711806 ], [ 38.8150683, 8.9737532 ], [ 38.817983, 8.985495 ], [ 38.8097735, 8.9869675 ], [ 38.8079529, 8.9863615 ], [ 38.8066972, 8.9860036 ], [ 38.8035562, 8.9852867 ], [ 38.8021619, 8.9853275 ], [ 38.7996331, 8.9854045 ], [ 38.788826, 8.985809 ], [ 38.7855757, 8.9849273 ], [ 38.7786772, 8.9809764 ], [ 38.7785874, 8.9809511 ], [ 38.777491, 8.9812854 ], [ 38.7767255, 8.9817067 ], [ 38.7765583, 8.9936071 ], [ 38.7780823, 9.0053305 ] ] ] } },
{ "type": "Feature", "properties": { "threshold_s": 900, "time_label": "15 min drive" }, "geometry": { "type": "Polygon", "coordinates": [ [ [ 38.7708632, 9.0299515 ], [ 38.7755904, 9.035647 ], [ 38.7766871, 9.0366384 ], [ 38.7782719, 9.0372796 ], [ 38.7801888, 9.0380316 ], [ 38.7820203, 9.0383468 ], [ 38.7866579, 9.0379459 ], [ 38.8031475, 9.0364072 ], [ 38.8174096, 9.0417458 ], [ 38.8271353, 9.0463425 ], [ 38.8307492, 9.0467676 ], [ 38.8347495, 9.0457204 ], [ 38.8471676, 9.0376164 ], [ 38.8512269, 9.0351682 ], [ 38.8596607, 9.0204593 ], [ 38.8656485, 9.013136 ], [ 38.8698051, 9.0088234 ], [ 38.869645, 9.0062027 ], [ 38.8685319, 8.9965702 ], [ 38.8694492, 8.9826364 ], [ 38.8683736, 8.9810879 ], [ 38.8632211, 8.9748911 ], [ 38.8542589, 8.9723237 ], [ 38.8466016, 8.9594007 ], [ 38.8470608, 8.9552296 ], [ 38.843523, 8.9527357 ], [ 38.8295102, 8.9485396 ], [ 38.8246027, 8.956198 ], [ 38.8180145, 8.9621375 ], [ 38.8022639, 8.9605405 ], [ 38.7986013, 8.9605352 ], [ 38.7979986, 8.96093 ], [ 38.7949132, 8.9643434 ], [ 38.7775834, 8.9635925 ], [ 38.7726275, 8.964449 ], [ 38.7660424, 8.9663201 ], [ 38.7609422, 8.9727954 ], [ 38.7579608, 8.9816198 ], [ 38.759032, 8.998066 ], [ 38.7588792, 9.0116653 ], [ 38.7650922, 9.0223314 ], [ 38.7708632, 9.0299515 ] ] ] } },
{ "type": "Feature", "properties": { "threshold_s": 300, "time_label": "5 min drive" }, "geometry": { "type": "Polygon", "coordinates": [ [ [ 38.8307722, 9.0114143 ], [ 38.830646, 9.0155476 ], [ 38.8334879, 9.0165577 ], [ 38.8338253, 9.0165567 ], [ 38.8342516, 9.0162493 ], [ 38.8388351, 9.0182876 ], [ 38.8388988, 9.0189447 ], [ 38.8388948, 9.0194084 ], [ 38.838884899999989, 9.019858 ], [ 38.8388775, 9.0203366 ], [ 38.8390236, 9.0214427 ], [ 38.8392593, 9.0214433 ], [ 38.8417322, 9.021545 ], [ 38.8457205, 9.0239043 ], [ 38.8463785, 9.0249482 ], [ 38.8488614, 9.0269574 ], [ 38.8490337, 9.0269481 ], [ 38.8494995, 9.0269424 ], [ 38.8497262, 9.0269231 ], [ 38.852766, 9.0308544 ], [ 38.8563158, 9.0288177 ], [ 38.8578319, 9.0276218 ], [ 38.8589095, 9.0234624 ], [ 38.8595226, 9.0223791 ], [ 38.8631122, 9.0206697 ], [ 38.8662848, 9.0175312 ], [ 38.8662647, 9.0170971 ], [ 38.8656485, 9.013136 ], [ 38.8682366, 9.0116838 ], [ 38.8673318, 9.010355 ], [ 38.865925, 9.0072348 ], [ 38.8655984, 9.0073114 ], [ 38.8622281, 9.0077178 ], [ 38.8591442, 9.0064317 ], [ 38.8584843, 9.0020071 ], [ 38.8585561, 9.0016594 ], [ 38.8566548, 8.9988859 ], [ 38.8556806, 8.9973701 ], [ 38.854874, 8.9974818 ], [ 38.8516466, 8.9940973 ], [ 38.8511032, 8.9940366 ], [ 38.849252, 8.9953163 ], [ 38.8474635, 8.9974711 ], [ 38.8435844, 8.9984354 ], [ 38.8421482, 8.9977353 ], [ 38.8390889, 8.9998081 ], [ 38.8382562, 9.0007181 ], [ 38.8386025, 9.0019375 ], [ 38.836307, 9.0054552 ], [ 38.8342867, 9.0051986 ], [ 38.8321549, 9.0058331 ], [ 38.831097, 9.0101996 ], [ 38.8307722, 9.0114143 ] ] ] } },
{ "type": "Feature", "properties": { "threshold_s": 600, "time_label": "10 min drive" }, "geometry": { "type": "Polygon", "coordinates": [ [ [ 38.8130429, 9.0212578 ], [ 38.8141146, 9.0226814 ], [ 38.8193408, 9.0259309 ], [ 38.8201207, 9.0263461 ], [ 38.8228669, 9.0278268 ], [ 38.8281548, 9.0350346 ], [ 38.8306589, 9.0391044 ], [ 38.8311857, 9.0396053 ], [ 38.8320645, 9.040336 ], [ 38.8328337, 9.0408615 ], [ 38.8350794, 9.0410253 ], [ 38.8440083, 9.0440396 ], [ 38.8462299, 9.0476348 ], [ 38.8532182, 9.0487867 ], [ 38.862494, 9.0463987 ], [ 38.8670635, 9.0429134 ], [ 38.8671264, 9.0428411 ], [ 38.8679901, 9.0413286 ], [ 38.8683777, 9.0387989 ], [ 38.8745877, 9.0334639 ], [ 38.8758048, 9.0322907 ], [ 38.8806677, 9.0273677 ], [ 38.8855605, 9.0216658 ], [ 38.8851581, 9.0169052 ], [ 38.8906346, 9.0106492 ], [ 38.8906373, 9.0105711 ], [ 38.8883573, 9.0060092 ], [ 38.8851349, 8.9973607 ], [ 38.8826671, 8.9970868 ], [ 38.8776031, 8.9979266 ], [ 38.8735718, 8.9973809 ], [ 38.8710961, 8.9968484 ], [ 38.8659556, 8.990281 ], [ 38.8659543, 8.9825954 ], [ 38.8598661, 8.9766158 ], [ 38.8549588, 8.9743086 ], [ 38.8546712, 8.974416 ], [ 38.8494104, 8.9788651 ], [ 38.845005, 8.9794268 ], [ 38.8436849, 8.9799373 ], [ 38.8382659, 8.9819615 ], [ 38.8289297, 8.9840815 ], [ 38.8285222, 8.9841658 ], [ 38.8242677, 8.9890413 ], [ 38.8175655, 8.9956219 ], [ 38.8158741, 9.0039065 ], [ 38.8138772, 9.0088346 ], [ 38.8122967, 9.0119373 ], [ 38.8130429, 9.0212578 ] ] ] } },
{ "type": "Feature", "properties": { "threshold_s": 900, "time_label": "15 min drive" }, "geometry": { "type": "Polygon", "coordinates": [ [ [ 38.8122001, 9.047858 ], [ 38.8141984, 9.0503108 ], [ 38.8211697, 9.0564948 ], [ 38.8240246, 9.0581499 ], [ 38.8309246, 9.058824 ], [ 38.832145, 9.0587657 ], [ 38.8358338, 9.0575279 ], [ 38.843521, 9.0630858 ], [ 38.8445181, 9.0621641 ], [ 38.8534793, 9.0604848 ], [ 38.8594677, 9.0629057 ], [ 38.8682529, 9.0602358 ], [ 38.871349, 9.0626494 ], [ 38.8735915, 9.063936 ], [ 38.8743908, 9.0630486 ], [ 38.879104, 9.0568719 ], [ 38.881856, 9.0508919 ], [ 38.884281799999989, 9.0483931 ], [ 38.886378, 9.0447644 ], [ 38.8905635, 9.0372148 ], [ 38.8916183, 9.0355632 ], [ 38.8926476, 9.0338109 ], [ 38.8930339, 9.0330507 ], [ 38.8953325, 9.027668 ], [ 38.9002302, 9.0222733 ], [ 38.9008565, 9.0197236 ], [ 38.9004207, 9.0112823 ], [ 38.9028293, 9.006449 ], [ 38.9025959, 9.0057496 ], [ 38.9016357, 9.00318 ], [ 38.8947448, 8.9979451 ], [ 38.8945421, 8.9960927 ], [ 38.8941662, 8.9947574 ], [ 38.8939867, 8.994115 ], [ 38.8931308, 8.9911646 ], [ 38.8915171, 8.9892954 ], [ 38.8918967, 8.9815223 ], [ 38.8918811, 8.9813766 ], [ 38.8917196, 8.9801766 ], [ 38.8899608, 8.9782561 ], [ 38.8879055, 8.9771298 ], [ 38.886606, 8.9771047 ], [ 38.8852288, 8.9775841 ], [ 38.8776728, 8.9723689 ], [ 38.876211, 8.9690147 ], [ 38.8752698, 8.9683683 ], [ 38.8744924, 8.9694135 ], [ 38.8683575, 8.973622 ], [ 38.8619397, 8.9685915 ], [ 38.8627933, 8.9648805 ], [ 38.8656345, 8.9620021 ], [ 38.8596511, 8.9619301 ], [ 38.8617231, 8.9654777 ], [ 38.8542589, 8.9723237 ], [ 38.8539979, 8.9723627 ], [ 38.8470313, 8.9708627 ], [ 38.842897, 8.9625338 ], [ 38.8372835, 8.9692903 ], [ 38.8289182, 8.9663006 ], [ 38.8282921, 8.9652772 ], [ 38.8211505, 8.9664894 ], [ 38.8202025, 8.9671469 ], [ 38.8180051, 8.9696678 ], [ 38.8150683, 8.9737532 ], [ 38.8208006, 8.9803978 ], [ 38.817983, 8.985495 ], [ 38.8097735, 8.9869675 ], [ 38.8079529, 8.9863615 ], [ 38.8066972, 8.9860036 ], [ 38.8035562, 8.9852867 ], [ 38.8021619, 8.9853275 ], [ 38.8009586, 8.9855935 ], [ 38.7992705, 8.9883311 ], [ 38.8022096, 8.9940263 ], [ 38.8012956, 8.9984883 ], [ 38.7993438, 9.0015425 ], [ 38.7982943, 9.0031359 ], [ 38.7966496, 9.0067563 ], [ 38.79596, 9.0085734 ], [ 38.7957865, 9.0091118 ], [ 38.7902737, 9.0165384 ], [ 38.7896034, 9.0214946 ], [ 38.7925247, 9.0267303 ], [ 38.7956097, 9.0284567 ], [ 38.7977484, 9.028048 ], [ 38.8020118, 9.0282786 ], [ 38.8081541, 9.0338291 ], [ 38.8097365, 9.0345983 ], [ 38.8144658, 9.0377323 ], [ 38.8133065, 9.0453999 ], [ 38.8124871, 9.0464938 ], [ 38.8117741, 9.0472342 ], [ 38.8122001, 9.047858 ] ] ] } },
{ "type": "Feature", "properties": { "threshold_s": 300, "time_label": "5 min drive" }, "geometry": { "type": "Polygon", "coordinates": [ [ [ 38.7633195, 9.0193691 ], [ 38.7650922, 9.0223314 ], [ 38.7664473, 9.0226405 ], [ 38.7686595, 9.0207369 ], [ 38.7707329, 9.0240985 ], [ 38.7722297, 9.0251154 ], [ 38.7739166, 9.0240686 ], [ 38.7766007, 9.0235376 ], [ 38.7791009, 9.0224574 ], [ 38.7796941, 9.0220515 ], [ 38.7823451, 9.0199957 ], [ 38.7827933, 9.0192845 ], [ 38.7868626, 9.0185753 ], [ 38.7893058, 9.018637 ], [ 38.79037610000001, 9.0163806 ], [ 38.7904882, 9.0158742 ], [ 38.7882279, 9.0132665 ], [ 38.7887416, 9.011563 ], [ 38.7889271, 9.0103074 ], [ 38.7880361, 9.0076636 ], [ 38.7892102, 9.0054675 ], [ 38.787735, 9.001911 ], [ 38.7873295, 8.9978484 ], [ 38.7862862, 8.9969378 ], [ 38.7831297, 8.9956881 ], [ 38.7816229, 8.9949502 ], [ 38.7784264, 8.9944714 ], [ 38.7778293, 8.9946797 ], [ 38.7743488, 8.9956238 ], [ 38.7726755, 8.9962277 ], [ 38.7696973, 8.997182 ], [ 38.7693116, 8.9976348 ], [ 38.7665289, 9.0002693 ], [ 38.7660829, 9.0011193 ], [ 38.7663704, 9.0019672 ], [ 38.7671183, 9.0031016 ], [ 38.7674794, 9.0056217 ], [ 38.7643308, 9.0075099 ], [ 38.7638989, 9.0084046 ], [ 38.76206, 9.0111118 ], [ 38.7601319, 9.011234 ], [ 38.7591779, 9.0112723 ], [ 38.7588792, 9.0116653 ], [ 38.7585196, 9.0125992 ], [ 38.7586435, 9.0127141 ], [ 38.7593389, 9.0118938 ], [ 38.762877, 9.0129834 ], [ 38.7632994, 9.0143168 ], [ 38.7623398, 9.017288 ], [ 38.7623666, 9.0174082 ], [ 38.7633195, 9.0193691 ] ] ] } },
{ "type": "Feature", "properties": { "threshold_s": 600, "time_label": "10 min drive" }, "geometry": { "type": "Polygon", "coordinates": [ [ [ 38.7452193, 9.0273356 ], [ 38.7461541, 9.0283428 ], [ 38.7499859, 9.0310799 ], [ 38.7527272, 9.0324999 ], [ 38.7579791, 9.0380662 ], [ 38.7620077, 9.0410376 ], [ 38.7678988, 9.0418997 ], [ 38.7738169, 9.044023 ], [ 38.7750451, 9.0436418 ], [ 38.7821976, 9.0400112 ], [ 38.7864758, 9.0378832 ], [ 38.7894697, 9.0358202 ], [ 38.7898711, 9.0353037 ], [ 38.7947311, 9.0312946 ], [ 38.7988474, 9.0307862 ], [ 38.8011234, 9.0303124 ], [ 38.804107, 9.0285119 ], [ 38.8073051, 9.0235674 ], [ 38.8133688, 9.0197109 ], [ 38.8108201, 9.0148705 ], [ 38.8103469, 9.0141447 ], [ 38.8080794, 9.0104469 ], [ 38.8076743, 9.004366 ], [ 38.8088088, 9.0004855 ], [ 38.8081755, 8.9953317 ], [ 38.8068257, 8.9953357 ], [ 38.80187, 8.9896704 ], [ 38.8035396, 8.9855276 ], [ 38.8035562, 8.9852867 ], [ 38.8021619, 8.9853275 ], [ 38.7996331, 8.9854045 ], [ 38.7971379, 8.9861223 ], [ 38.788826, 8.985809 ], [ 38.7879749, 8.9856538 ], [ 38.7855757, 8.9849273 ], [ 38.7842988, 8.9845215 ], [ 38.7787516, 8.9794447 ], [ 38.7777914, 8.9763594 ], [ 38.7774548, 8.9759568 ], [ 38.7773636, 8.975878 ], [ 38.7758686, 8.9759305 ], [ 38.7739077, 8.9763327 ], [ 38.7680454, 8.9777212 ], [ 38.7631732, 8.9786938 ], [ 38.7620843, 8.9790361 ], [ 38.7619528, 8.9791188 ], [ 38.7606946, 8.9807142 ], [ 38.7569849, 8.9851859 ], [ 38.7503111, 8.9898229 ], [ 38.7459792, 8.9946291 ], [ 38.7458342, 8.9949273 ], [ 38.743207, 9.0023614 ], [ 38.7415638, 9.0038567 ], [ 38.7401543, 9.0057577 ], [ 38.7377773, 9.008472 ], [ 38.7359091, 9.0114509 ], [ 38.7381084, 9.016537 ], [ 38.7411997, 9.0220112 ], [ 38.7446363, 9.0266686 ], [ 38.7452193, 9.0273356 ] ] ] } },
{ "type": "Feature", "properties": { "threshold_s": 900, "time_label": "15 min drive" }, "geometry": { "type": "Polygon", "coordinates": [ [ [ 38.7272032, 9.0340771 ], [ 38.7341995, 9.043839 ], [ 38.7401003, 9.0493725 ], [ 38.7473154, 9.0560307 ], [ 38.7563988, 9.0610489 ], [ 38.7614301, 9.0632064 ], [ 38.7735039, 9.0622515 ], [ 38.7746222, 9.0623644 ], [ 38.7769191, 9.0621106 ], [ 38.7799439, 9.0614696 ], [ 38.7892108, 9.0591801 ], [ 38.792129, 9.0494167 ], [ 38.7967241, 9.0428703 ], [ 38.8042312, 9.0365115 ], [ 38.8144658, 9.0377323 ], [ 38.8174096, 9.0417458 ], [ 38.8175591, 9.0417795 ], [ 38.8236256, 9.0382719 ], [ 38.8257238, 9.0344096 ], [ 38.8321702, 9.0282138 ], [ 38.8348874, 9.0216123 ], [ 38.8320595, 9.0124229 ], [ 38.8320277, 9.0123599 ], [ 38.8289659, 9.0055265 ], [ 38.8276969, 8.9996003 ], [ 38.8270542, 8.9935207 ], [ 38.8243435, 8.9870493 ], [ 38.8208006, 8.9803978 ], [ 38.8200144, 8.9840292 ], [ 38.8097735, 8.9869675 ], [ 38.8079529, 8.9863615 ], [ 38.8066972, 8.9860036 ], [ 38.8035562, 8.9852867 ], [ 38.8021619, 8.9853275 ], [ 38.7996331, 8.9854045 ], [ 38.7971379, 8.9861223 ], [ 38.7899075, 8.9859732 ], [ 38.7880106, 8.9854871 ], [ 38.7855757, 8.9849273 ], [ 38.7842988, 8.9845215 ], [ 38.7787516, 8.9794447 ], [ 38.7777914, 8.9763594 ], [ 38.7828796, 8.9680649 ], [ 38.7865958, 8.9662315 ], [ 38.7872891, 8.965332 ], [ 38.7876459, 8.9640948 ], [ 38.7826837, 8.9639596 ], [ 38.7775834, 8.9635925 ], [ 38.7694941, 8.958712 ], [ 38.7673693, 8.9570893 ], [ 38.7562853, 8.9608518 ], [ 38.7547858, 8.9606474 ], [ 38.753106, 8.9623967 ], [ 38.7502526, 8.965364 ], [ 38.7414769, 8.9712304 ], [ 38.7413924, 8.9712893 ], [ 38.7392389, 8.9733853 ], [ 38.7347285, 8.9804375 ], [ 38.7304308, 8.9871087 ], [ 38.7266077, 8.9926198 ], [ 38.7255468, 8.9955578 ], [ 38.7243548, 8.9985074 ], [ 38.7185884, 9.0057496 ], [ 38.7168986, 9.0089339 ], [ 38.7153025, 9.0123922 ], [ 38.7151935, 9.0129759 ], [ 38.7152307, 9.0130989 ], [ 38.7180035, 9.0215475 ], [ 38.719203, 9.0235899 ], [ 38.7253752, 9.0305239 ], [ 38.7272032, 9.0340771 ] ] ] } },
{ "type": "Feature", "properties": { "threshold_s": 300, "time_label": "5 min drive" }, "geometry": { "type": "Polygon", "coordinates": [ [ [ 38.7150309, 9.0279479 ], [ 38.7149748, 9.0286311 ], [ 38.7155232, 9.0290011 ], [ 38.7176167, 9.0303232 ], [ 38.7176931, 9.0303698 ], [ 38.721244, 9.0314259 ], [ 38.7227926, 9.0327258 ], [ 38.7236349, 9.0330705 ], [ 38.7279612, 9.0356078 ], [ 38.7288673, 9.0360675 ], [ 38.7297093, 9.0361907 ], [ 38.7319454, 9.0356406 ], [ 38.7341834, 9.0342732 ], [ 38.7387485, 9.0325818 ], [ 38.7404906, 9.0318534 ], [ 38.745241, 9.0302293 ], [ 38.7452999, 9.0301931 ], [ 38.7461541, 9.0283428 ], [ 38.7455761, 9.0270197 ], [ 38.7450443, 9.0260932 ], [ 38.7477265, 9.0217389 ], [ 38.7485325, 9.0211011 ], [ 38.7515909, 9.0170547 ], [ 38.7498254, 9.0140209 ], [ 38.7462365, 9.010408 ], [ 38.7448514, 9.0085099 ], [ 38.7436921, 9.00817 ], [ 38.7400744, 9.0044562 ], [ 38.7394138, 9.0033881 ], [ 38.73762, 9.0013467 ], [ 38.7353683, 9.0005664 ], [ 38.7325948, 9.0017547 ], [ 38.732501, 9.001813 ], [ 38.7292146, 9.0052443 ], [ 38.7285474, 9.0064755 ], [ 38.7284978, 9.0065722 ], [ 38.726517, 9.0109459 ], [ 38.7225071, 9.0114307 ], [ 38.7201735, 9.0095651 ], [ 38.7197471, 9.0087074 ], [ 38.7190564, 9.0070821 ], [ 38.7186309, 9.0047421 ], [ 38.7186681, 9.0042571 ], [ 38.7186832, 9.004024 ], [ 38.7179507, 9.0040545 ], [ 38.7153429, 9.006898 ], [ 38.7147152, 9.0075835 ], [ 38.7145502, 9.0091392 ], [ 38.7125402, 9.0139479 ], [ 38.7161105, 9.0154626 ], [ 38.716879, 9.0190493 ], [ 38.7165147, 9.0199715 ], [ 38.7160489, 9.0210002 ], [ 38.7156287, 9.0220832 ], [ 38.7153381, 9.0230401 ], [ 38.7152763, 9.0236018 ], [ 38.7152353, 9.0242892 ], [ 38.7152166, 9.0245608 ], [ 38.715158, 9.0253611 ], [ 38.7151311, 9.0261072 ], [ 38.7150762, 9.0272182 ], [ 38.7150309, 9.0279479 ] ] ] } },
{ "type": "Feature", "properties": { "threshold_s": 600, "time_label": "10 min drive" }, "geometry": { "type": "Polygon", "coordinates": [ [ [ 38.7034614, 9.0423153 ], [ 38.7051786, 9.04538 ], [ 38.7067276, 9.046368 ], [ 38.7126895, 9.0491096 ], [ 38.7156086, 9.0497781 ], [ 38.7199992, 9.0542787 ], [ 38.725493899999989, 9.0546703 ], [ 38.7300074, 9.0553602 ], [ 38.7319874, 9.0553044 ], [ 38.7334452, 9.0551843 ], [ 38.7380991, 9.054647 ], [ 38.7395479, 9.0526242 ], [ 38.7465743, 9.0484181 ], [ 38.7482093, 9.0480917 ], [ 38.7516554, 9.0472512 ], [ 38.7554759, 9.0456802 ], [ 38.7556493, 9.0456004 ], [ 38.7560377, 9.0453047 ], [ 38.7570809, 9.04219 ], [ 38.7586829, 9.0362997 ], [ 38.7620102, 9.0334911 ], [ 38.7634174, 9.031659 ], [ 38.7636394, 9.0308323 ], [ 38.7681837, 9.0238363 ], [ 38.7708838, 9.0203264 ], [ 38.7727337, 9.0165182 ], [ 38.7706413, 9.0092666 ], [ 38.7679271, 9.0042908 ], [ 38.765411, 9.0036496 ], [ 38.7587333, 8.9982551 ], [ 38.757282, 8.9947973 ], [ 38.7564551, 8.9919589 ], [ 38.7557647, 8.9908317 ], [ 38.7507597, 8.986419 ], [ 38.74802, 8.9855194 ], [ 38.7414242, 8.982242 ], [ 38.7390094, 8.9805037 ], [ 38.7313543, 8.9810866 ], [ 38.7297006, 8.9810763 ], [ 38.7261938, 8.982275 ], [ 38.7189652, 8.9832542 ], [ 38.7184726, 8.9834798 ], [ 38.7180908, 8.9841611 ], [ 38.7165458, 8.9869257 ], [ 38.7086718, 8.9871707 ], [ 38.7085155, 8.9870446 ], [ 38.7079881, 8.9867618 ], [ 38.7079533, 8.9876657 ], [ 38.706843, 8.991235 ], [ 38.7021751, 8.9949567 ], [ 38.7016636, 8.9951155 ], [ 38.6988803, 8.9972705 ], [ 38.6977001, 8.9982411 ], [ 38.6939984, 9.0035187 ], [ 38.6938688, 9.0037587 ], [ 38.6930525, 9.0094369 ], [ 38.6929853, 9.0099856 ], [ 38.6931953, 9.0107641 ], [ 38.6945786, 9.01786 ], [ 38.6940448, 9.0208945 ], [ 38.6952753, 9.0212167 ], [ 38.7003976, 9.02517 ], [ 38.7002915, 9.0306907 ], [ 38.6993368, 9.0329567 ], [ 38.6992764, 9.0336705 ], [ 38.6990927, 9.0360996 ], [ 38.6993715, 9.0384536 ], [ 38.7034614, 9.0423153 ] ] ] } },
{ "type": "Feature", "properties": { "threshold_s": 900, "time_label": "15 min drive" }, "geometry": { "type": "Polygon", "coordinates": [ [ [ 38.6837299, 9.0471253 ], [ 38.6852217, 9.0498367 ], [ 38.69185, 9.0549923 ], [ 38.6964729, 9.059862 ], [ 38.7046476, 9.0659146 ], [ 38.7055677, 9.0660375 ], [ 38.7059357, 9.0659722 ], [ 38.7064393, 9.0656273 ], [ 38.7157479, 9.0667755 ], [ 38.7167381, 9.0704175 ], [ 38.7176764, 9.0713338 ], [ 38.7221517, 9.0746327 ], [ 38.7224755, 9.0745343 ], [ 38.7257969, 9.0726548 ], [ 38.7348948, 9.0733919 ], [ 38.737907, 9.0725205 ], [ 38.748205, 9.0701824 ], [ 38.7550999, 9.0666589 ], [ 38.7624036, 9.0651457 ], [ 38.7693989, 9.060396 ], [ 38.7726371, 9.0539929 ], [ 38.7739502, 9.0513606 ], [ 38.7745401, 9.0500413 ], [ 38.7761863, 9.0444292 ], [ 38.7810683, 9.037102 ], [ 38.7874505, 9.0295787 ], [ 38.7903417, 9.0214052 ], [ 38.791997, 9.0167392 ], [ 38.7915556, 9.0156549 ], [ 38.7898343, 9.0055715 ], [ 38.7880436, 8.9997064 ], [ 38.7873295, 8.9978484 ], [ 38.7866273, 8.9961126 ], [ 38.7838371, 8.9909241 ], [ 38.7826636, 8.9897776 ], [ 38.7807861, 8.9879986 ], [ 38.7719993, 8.9817749 ], [ 38.7718453, 8.9814706 ], [ 38.7642303, 8.9741865 ], [ 38.7634898, 8.9729395 ], [ 38.7613593, 8.9707294 ], [ 38.7548543, 8.9688259 ], [ 38.7502526, 8.965364 ], [ 38.7486843, 8.9642291 ], [ 38.7439201, 8.9633166 ], [ 38.7355458, 8.9629714 ], [ 38.7328483, 8.9624614 ], [ 38.7319559, 8.9629638 ], [ 38.7250406, 8.9655187 ], [ 38.7199863, 8.9644708 ], [ 38.7188681, 8.9640159 ], [ 38.7162369, 8.9636682 ], [ 38.7157965, 8.9643437 ], [ 38.7153162, 8.9650903 ], [ 38.7144134, 8.9664039 ], [ 38.7078663, 8.9748684 ], [ 38.6993184, 8.9743955 ], [ 38.6987056, 8.9744516 ], [ 38.6967044, 8.97478 ], [ 38.6934735, 8.9758984 ], [ 38.6921799, 8.9764365 ], [ 38.6908113, 8.9771811 ], [ 38.6872668, 8.980086 ], [ 38.682082, 8.9893798 ], [ 38.680671, 8.9918214 ], [ 38.6744016, 8.9993387 ], [ 38.6738467, 9.0001526 ], [ 38.6719438, 9.0068636 ], [ 38.6749182, 9.0160486 ], [ 38.6743842, 9.0197269 ], [ 38.673806, 9.022078 ], [ 38.6739163, 9.0226946 ], [ 38.6791261, 9.0289381 ], [ 38.6797614, 9.0331397 ], [ 38.6830151, 9.0424925 ], [ 38.6829693, 9.0434678 ], [ 38.6833917, 9.0457031 ], [ 38.6837299, 9.0471253 ] ] ] } },
{ "type": "Feature", "properties": { "threshold_s": 300, "time_label": "5 min drive" }, "geometry": { "type": "Polygon", "coordinates": [ [ [ 38.6935338, 9.0011401 ], [ 38.6945249, 9.0023442 ], [ 38.6957471, 9.0032407 ], [ 38.6973523, 9.0039701 ], [ 38.7017253, 9.0074385 ], [ 38.7044799, 9.0074318 ], [ 38.7080701, 9.0064146 ], [ 38.7114443, 9.004792 ], [ 38.716118, 9.000587 ], [ 38.7179937, 9.0019645 ], [ 38.7182619, 9.0019742 ], [ 38.7205095, 8.9996903 ], [ 38.7217139, 8.9981816 ], [ 38.7231855, 8.9961529 ], [ 38.7245401, 8.9900158 ], [ 38.7247356, 8.9872979 ], [ 38.7201629, 8.9848828 ], [ 38.7189652, 8.9832542 ], [ 38.7184726, 8.9834798 ], [ 38.7180908, 8.9841611 ], [ 38.7165458, 8.9869257 ], [ 38.7125153, 8.9887289 ], [ 38.7086718, 8.9871707 ], [ 38.7085155, 8.9870446 ], [ 38.7079881, 8.9867618 ], [ 38.7059584, 8.9856269 ], [ 38.7041551, 8.981094 ], [ 38.7042106, 8.980467 ], [ 38.7038942, 8.979798 ], [ 38.703741, 8.979493 ], [ 38.7019714, 8.9772299 ], [ 38.6981336, 8.9755533 ], [ 38.6947218, 8.9766782 ], [ 38.6916683, 8.9787144 ], [ 38.6883732, 8.9808699 ], [ 38.6894943, 8.9861112 ], [ 38.6893563, 8.9878873 ], [ 38.6901192, 8.9910035 ], [ 38.6902124, 8.991235 ], [ 38.6927586, 8.9924491 ], [ 38.6921741, 8.9988666 ], [ 38.6921529, 8.9990226 ], [ 38.6935338, 9.0011401 ] ] ] } },
{ "type": "Feature", "properties": { "threshold_s": 600, "time_label": "10 min drive" }, "geometry": { "type": "Polygon", "coordinates": [ [ [ 38.675645, 9.0072483 ], [ 38.677703, 9.0104528 ], [ 38.678885, 9.0116638 ], [ 38.6794321, 9.0121658 ], [ 38.684645, 9.0163951 ], [ 38.6853227, 9.0169982 ], [ 38.6872642, 9.0176931 ], [ 38.6883619, 9.017966 ], [ 38.6940448, 9.0208945 ], [ 38.6952753, 9.0212167 ], [ 38.6979613, 9.0209986 ], [ 38.6988753, 9.0208257 ], [ 38.700698, 9.0204071 ], [ 38.7009367, 9.0202956 ], [ 38.7019546, 9.019362 ], [ 38.708634, 9.0190644 ], [ 38.7095179, 9.0185773 ], [ 38.7099331, 9.0183852 ], [ 38.7111374, 9.0176878 ], [ 38.7175175, 9.0201662 ], [ 38.7189649, 9.020793 ], [ 38.7225894, 9.0205489 ], [ 38.7228298, 9.0203316 ], [ 38.7260451, 9.0174362 ], [ 38.7294533, 9.0147239 ], [ 38.7321181, 9.0117201 ], [ 38.7357035, 9.0094809 ], [ 38.7367107, 9.0088253 ], [ 38.7377192, 9.0054848 ], [ 38.7389946, 9.0015931 ], [ 38.73908010000001, 9.0009158 ], [ 38.7394639, 8.9978997 ], [ 38.7411296, 8.9936811 ], [ 38.741192, 8.9921603 ], [ 38.7409434, 8.9863919 ], [ 38.7405449, 8.9819251 ], [ 38.7400372, 8.9805206 ], [ 38.7370554, 8.9789844 ], [ 38.734298, 8.9766916 ], [ 38.7330006, 8.9708765 ], [ 38.731406, 8.9690896 ], [ 38.7293476, 8.966965 ], [ 38.7283685, 8.9663855 ], [ 38.7277595, 8.9661133 ], [ 38.7267258, 8.9660696 ], [ 38.723555, 8.9657191 ], [ 38.7222683, 8.9654778 ], [ 38.72025, 8.9649267 ], [ 38.7172902, 8.9639941 ], [ 38.7135471, 8.9609676 ], [ 38.7118691, 8.9589753 ], [ 38.7066624, 8.958716 ], [ 38.7038314, 8.9579089 ], [ 38.7007203, 8.9592097 ], [ 38.6956507, 8.9613399 ], [ 38.6892986, 8.9615884 ], [ 38.6862583, 8.9620348 ], [ 38.6843044, 8.9624335 ], [ 38.6829673, 8.9643809 ], [ 38.6776712, 8.96827 ], [ 38.676766, 8.9679733 ], [ 38.6757541, 8.9675625 ], [ 38.6730241, 8.9715728 ], [ 38.6701814, 8.9749484 ], [ 38.6696851, 8.9794032 ], [ 38.6698505, 8.9852774 ], [ 38.6700851, 8.9872454 ], [ 38.6715114, 8.9923428 ], [ 38.6718213, 8.9989344 ], [ 38.6732697, 9.0042436 ], [ 38.675645, 9.0072483 ] ] ] } },
{ "type": "Feature", "properties": { "threshold_s": 900, "time_label": "15 min drive" }, "geometry": { "type": "Polygon", "coordinates": [ [ [ 38.6683244, 9.0228418 ], [ 38.6722922, 9.028514 ], [ 38.683847, 9.036928 ], [ 38.6853745, 9.0377181 ], [ 38.6873741, 9.038673 ], [ 38.6902589, 9.0397532 ], [ 38.698820499999989, 9.0371486 ], [ 38.7118681, 9.0413093 ], [ 38.7125735, 9.0418557 ], [ 38.7137859, 9.0420073 ], [ 38.7138514, 9.0420144 ], [ 38.7149526, 9.0421326 ], [ 38.7277025, 9.039767 ], [ 38.7387485, 9.0325818 ], [ 38.7404906, 9.0318534 ], [ 38.7452999, 9.0301931 ], [ 38.745625, 9.0284495 ], [ 38.7537791, 9.0172612 ], [ 38.7567295, 9.0078257 ], [ 38.7595939, 8.9955921 ], [ 38.7596548, 8.9944049 ], [ 38.7599712, 8.9807353 ], [ 38.7593244, 8.9792221 ], [ 38.7555309, 8.9737591 ], [ 38.7507722, 8.9674012 ], [ 38.7502609, 8.9667641 ], [ 38.7457092, 8.9611077 ], [ 38.7364709, 8.9560006 ], [ 38.7349673, 8.9481182 ], [ 38.73392590000001, 8.947373 ], [ 38.7236846, 8.9431276 ], [ 38.7206742, 8.9426557 ], [ 38.7193868, 8.9430442 ], [ 38.7178098, 8.9440724 ], [ 38.7042759, 8.9441276 ], [ 38.697371, 8.9413614 ], [ 38.6943345, 8.9403947 ], [ 38.6860493, 8.9471351 ], [ 38.6853544, 8.9477307 ], [ 38.6827912, 8.9503711 ], [ 38.6726743, 8.9593681 ], [ 38.6665157, 8.9610838 ], [ 38.6642035, 8.9613076 ], [ 38.6559536, 8.9655129 ], [ 38.6541805, 8.9664143 ], [ 38.6501829, 8.9730037 ], [ 38.6498903, 8.9752845 ], [ 38.652366, 8.9767575 ], [ 38.6599191, 8.9867243 ], [ 38.6556959, 8.9968087 ], [ 38.6536896, 8.9992141 ], [ 38.6571336, 9.0025919 ], [ 38.6628655, 9.0098147 ], [ 38.6677046, 9.0206026 ], [ 38.6683244, 9.0228418 ] ] ] } },
{ "type": "Feature", "properties": { "threshold_s": 300, "time_label": "5 min drive" }, "geometry": { "type": "Polygon", "coordinates": [ [ [ 38.7100254, 9.0561289 ], [ 38.710331, 9.0582414 ], [ 38.7106494, 9.0583536 ], [ 38.7118144, 9.058767 ], [ 38.713122, 9.0590505 ], [ 38.7142127, 9.0594514 ], [ 38.7175503, 9.0612463 ], [ 38.7172703, 9.0624235 ], [ 38.717228, 9.0626398 ], [ 38.716661, 9.064828 ], [ 38.7170228, 9.064948 ], [ 38.7173734, 9.0650746 ], [ 38.7177554, 9.0651823 ], [ 38.7207334, 9.0666031 ], [ 38.7212658, 9.0673581 ], [ 38.7231705, 9.0665148 ], [ 38.7242601, 9.0661324 ], [ 38.727808, 9.0669441 ], [ 38.7282699, 9.0670315 ], [ 38.7291371, 9.0660534 ], [ 38.7294781, 9.0654114 ], [ 38.7308672, 9.0629926 ], [ 38.7336002, 9.0635295 ], [ 38.7373979, 9.0627719 ], [ 38.7383409, 9.0627945 ], [ 38.7403615, 9.0608866 ], [ 38.7405829, 9.0590716 ], [ 38.7404587, 9.0569122 ], [ 38.7406261, 9.0545821 ], [ 38.7415017, 9.0518332 ], [ 38.7416954, 9.0509164 ], [ 38.7419115, 9.0474839 ], [ 38.7396852, 9.046166 ], [ 38.7398261, 9.0423338 ], [ 38.7413221, 9.040716 ], [ 38.7416669, 9.0399542 ], [ 38.7406053, 9.0388439 ], [ 38.7382503, 9.0365404 ], [ 38.736193, 9.036334 ], [ 38.7342561, 9.0359874 ], [ 38.7323861, 9.0339007 ], [ 38.7316081, 9.0328213 ], [ 38.729794, 9.0318807 ], [ 38.7287023, 9.0317977 ], [ 38.7279331, 9.0322825 ], [ 38.7241902, 9.0317143 ], [ 38.7213583, 9.0340515 ], [ 38.7202721, 9.0340603 ], [ 38.719316, 9.0342986 ], [ 38.7163828, 9.0367836 ], [ 38.7154829, 9.0366346 ], [ 38.7148164, 9.0374572 ], [ 38.7130563, 9.0404385 ], [ 38.7125735, 9.0418557 ], [ 38.712546, 9.0456296 ], [ 38.7122999, 9.0485977 ], [ 38.7126895, 9.0491096 ], [ 38.7136863, 9.0489051 ], [ 38.7137617, 9.048899 ], [ 38.7149379, 9.0489904 ], [ 38.7158364, 9.0489645 ], [ 38.7159088, 9.0528119 ], [ 38.7158673, 9.0528311 ], [ 38.7133989, 9.0548277 ], [ 38.7119106, 9.0534801 ], [ 38.7108354, 9.0541781 ], [ 38.7100965, 9.054685 ], [ 38.7100254, 9.0561289 ] ] ] } },
{ "type": "Feature", "properties": { "threshold_s": 600, "time_label": "10 min drive" }, "geometry": { "type": "Polygon", "coordinates": [ [ [ 38.6899661, 9.0601607 ], [ 38.6934493, 9.0674275 ], [ 38.6948612, 9.0679927 ], [ 38.6957356, 9.0682504 ], [ 38.698357799999989, 9.0683166 ], [ 38.7040883, 9.075675 ], [ 38.7066767, 9.0720331 ], [ 38.7160362, 9.0719192 ], [ 38.7182799, 9.0763662 ], [ 38.7190591, 9.077488 ], [ 38.7212082, 9.0809212 ], [ 38.7222228, 9.0847868 ], [ 38.7231521, 9.0851596 ], [ 38.7279962, 9.0819581 ], [ 38.7287586, 9.0812933 ], [ 38.7324589, 9.0764417 ], [ 38.7377219, 9.0759888 ], [ 38.7445479, 9.0766414 ], [ 38.7510584, 9.0755627 ], [ 38.754019, 9.0745692 ], [ 38.7569312, 9.0716212 ], [ 38.7582829, 9.0700645 ], [ 38.7585841, 9.0694854 ], [ 38.7588832, 9.0688097 ], [ 38.7598722, 9.064391 ], [ 38.7626772, 9.0557355 ], [ 38.7621709, 9.053994 ], [ 38.7614822, 9.0506525 ], [ 38.761383, 9.0436452 ], [ 38.7596169, 9.0366557 ], [ 38.7582228, 9.0285769 ], [ 38.7518575, 9.0242085 ], [ 38.744642, 9.0193753 ], [ 38.7434022, 9.0183885 ], [ 38.7380229, 9.0152892 ], [ 38.735418, 9.0139591 ], [ 38.7285514, 9.0122122 ], [ 38.7281463, 9.0122149 ], [ 38.719842, 9.0156094 ], [ 38.7168198, 9.0166905 ], [ 38.7087573, 9.019313 ], [ 38.7062609, 9.021017 ], [ 38.7003976, 9.02517 ], [ 38.698638, 9.0306913 ], [ 38.6954416, 9.0370737 ], [ 38.6953906, 9.0372724 ], [ 38.6953054, 9.0395101 ], [ 38.6952062, 9.0417835 ], [ 38.6952692, 9.0427285 ], [ 38.6962332, 9.0505908 ], [ 38.6938656, 9.0539105 ], [ 38.6930242, 9.0547238 ], [ 38.6918816, 9.05588 ], [ 38.6902107, 9.0578034 ], [ 38.6899661, 9.0601607 ] ] ] } },
{ "type": "Feature", "properties": { "threshold_s": 900, "time_label": "15 min drive" }, "geometry": { "type": "Polygon", "coordinates": [ [ [ 38.6847681, 9.0654203 ], [ 38.6848046, 9.0744871 ], [ 38.689663, 9.0762027 ], [ 38.6938391, 9.0730859 ], [ 38.6945052, 9.0723955 ], [ 38.6946523, 9.0720662 ], [ 38.6947811, 9.0717378 ], [ 38.698357799999989, 9.0683166 ], [ 38.7049681, 9.0734342 ], [ 38.7040883, 9.075675 ], [ 38.7066767, 9.0720331 ], [ 38.7157707, 9.0714928 ], [ 38.7160362, 9.0719192 ], [ 38.7182799, 9.0763662 ], [ 38.7190591, 9.077488 ], [ 38.7212082, 9.0809212 ], [ 38.7222228, 9.0847868 ], [ 38.7107912, 9.0885365 ], [ 38.7188042, 9.0925749 ], [ 38.7265894, 9.0880836 ], [ 38.730374, 9.0869792 ], [ 38.7380585, 9.0909943 ], [ 38.7422991, 9.0892562 ], [ 38.7489573, 9.092251 ], [ 38.7485714, 9.0882718 ], [ 38.7536985, 9.0820899 ], [ 38.7613576, 9.0810134 ], [ 38.7700425, 9.0798452 ], [ 38.7736219, 9.0787401 ], [ 38.7738921, 9.0725177 ], [ 38.7750569, 9.0686507 ], [ 38.7764194, 9.0655384 ], [ 38.7785969, 9.0617689 ], [ 38.7783493, 9.0587803 ], [ 38.7780037, 9.0558018 ], [ 38.7788629, 9.0478173 ], [ 38.7800301, 9.0448932 ], [ 38.7816332, 9.0394631 ], [ 38.7812806, 9.0371532 ], [ 38.7782877, 9.031042 ], [ 38.7756265, 9.0269555 ], [ 38.7756024, 9.0269209 ], [ 38.7754401, 9.0268163 ], [ 38.7686595, 9.0207369 ], [ 38.7687544, 9.0164593 ], [ 38.7647812, 9.0085945 ], [ 38.7644813, 9.0078224 ], [ 38.7587141, 9.0041929 ], [ 38.7545691, 9.0029082 ], [ 38.7536939, 9.0025951 ], [ 38.7474058, 8.9987375 ], [ 38.7460381, 8.9968696 ], [ 38.7448708, 8.9961526 ], [ 38.7385824, 8.994152 ], [ 38.735666, 8.99357 ], [ 38.7315101, 8.9928616 ], [ 38.7266778, 8.9925634 ], [ 38.7180623, 8.9952199 ], [ 38.7151745, 8.9975845 ], [ 38.7147582, 8.9980631 ], [ 38.7142567, 8.9991486 ], [ 38.7143733, 9.0001679 ], [ 38.7072679, 9.005288 ], [ 38.7001468, 9.0090611 ], [ 38.6965247, 9.0064493 ], [ 38.6961047, 9.0061279 ], [ 38.6956935, 9.0058209 ], [ 38.6938772, 9.0058755 ], [ 38.6929813, 9.0062695 ], [ 38.6902414, 9.0086862 ], [ 38.6884718, 9.0145818 ], [ 38.6881964, 9.0154256 ], [ 38.6880675, 9.0163288 ], [ 38.687865, 9.0172507 ], [ 38.6824898, 9.0240176 ], [ 38.6802902, 9.0273079 ], [ 38.6791261, 9.0289381 ], [ 38.6781015, 9.0319814 ], [ 38.6780222, 9.0322681 ], [ 38.6776042, 9.0340863 ], [ 38.6821318, 9.036787 ], [ 38.6808517, 9.0436993 ], [ 38.6794643, 9.0446396 ], [ 38.6806176, 9.0455197 ], [ 38.6814183, 9.0461415 ], [ 38.6848922, 9.0525543 ], [ 38.6848619, 9.0553593 ], [ 38.684765, 9.0559001 ], [ 38.6846724, 9.0563468 ], [ 38.6847206, 9.0589202 ], [ 38.684761, 9.0605151 ], [ 38.6847507, 9.0616361 ], [ 38.6847578, 9.0622835 ], [ 38.6847362, 9.0650724 ], [ 38.6847681, 9.0654203 ] ] ] } },
{ "type": "Feature", "properties": { "threshold_s": 300, "time_label": "5 min drive" }, "geometry": { "type": "Polygon", "coordinates": [ [ [ 38.7954471, 9.0178669 ], [ 38.7947935, 9.0210845 ], [ 38.7983101, 9.0230691 ], [ 38.7995709, 9.0246374 ], [ 38.8020936, 9.0264203 ], [ 38.8055937, 9.0257918 ], [ 38.8075975, 9.0272945 ], [ 38.809383, 9.0265432 ], [ 38.8143496, 9.0279621 ], [ 38.8144997, 9.0290358 ], [ 38.8144722, 9.0294405 ], [ 38.8148688, 9.0299234 ], [ 38.8149015, 9.0299632 ], [ 38.815954, 9.0315147 ], [ 38.8167679, 9.0323597 ], [ 38.8175692, 9.0321343 ], [ 38.8182103, 9.0319197 ], [ 38.8228783, 9.0335362 ], [ 38.8229451, 9.0334666 ], [ 38.8240645, 9.0284802 ], [ 38.8284413, 9.0271774 ], [ 38.8286578, 9.0264556 ], [ 38.8265137, 9.0234793 ], [ 38.8285495, 9.0210826 ], [ 38.8299657, 9.0172269 ], [ 38.8303554, 9.0157136 ], [ 38.829668, 9.013391 ], [ 38.8294604, 9.0127888 ], [ 38.8270086, 9.0102856 ], [ 38.8226889, 9.0084566 ], [ 38.8206679, 9.0071524 ], [ 38.819599, 9.0063404 ], [ 38.8158741, 9.0039065 ], [ 38.8141801, 9.0020117 ], [ 38.8137632, 9.0014858 ], [ 38.8125686, 9.0006219 ], [ 38.8110608, 9.0014718 ], [ 38.807864, 9.0026788 ], [ 38.8032226, 9.0026245 ], [ 38.8030335, 9.003732 ], [ 38.8030658, 9.0047334 ], [ 38.8016497, 9.0094333 ], [ 38.801182, 9.0096667 ], [ 38.8006163, 9.0142076 ], [ 38.8006603, 9.0148448 ], [ 38.7967567, 9.0182941 ], [ 38.7954471, 9.0178669 ] ] ] } },
{ "type": "Feature", "properties": { "threshold_s": 600, "time_label": "10 min drive" }, "geometry": { "type": "Polygon", "coordinates": [ [ [ 38.7752165, 9.0276289 ], [ 38.7797197, 9.0361348 ], [ 38.7866579, 9.0379459 ], [ 38.7884075, 9.037232 ], [ 38.788646, 9.0371199 ], [ 38.788999, 9.0366321 ], [ 38.7997189, 9.0335465 ], [ 38.8031475, 9.0364072 ], [ 38.8042312, 9.0365115 ], [ 38.8144658, 9.0377323 ], [ 38.8136896, 9.0454595 ], [ 38.8135884, 9.0457825 ], [ 38.8138581, 9.046302 ], [ 38.8172729, 9.0474726 ], [ 38.8276478, 9.0493413 ], [ 38.8291034, 9.0494261 ], [ 38.8334654, 9.0492351 ], [ 38.837142, 9.0464329 ], [ 38.8396154, 9.0432269 ], [ 38.847028, 9.0366212 ], [ 38.8495041, 9.0347922 ], [ 38.8496553, 9.0343368 ], [ 38.8482548, 9.0297178 ], [ 38.8527265, 9.0214143 ], [ 38.8529208, 9.0211669 ], [ 38.852216, 9.009907 ], [ 38.8484462, 9.005477 ], [ 38.8476272, 9.0048337 ], [ 38.8467639, 9.0041633 ], [ 38.8426452, 9.0020958 ], [ 38.8377548, 8.999958 ], [ 38.8322082, 8.9901416 ], [ 38.831862, 8.9894858 ], [ 38.823195, 8.9853167 ], [ 38.8224529, 8.9850778 ], [ 38.8206262, 8.9846351 ], [ 38.8097735, 8.9869675 ], [ 38.8079529, 8.9863615 ], [ 38.8066972, 8.9860036 ], [ 38.7976586, 8.9872854 ], [ 38.788826, 8.985809 ], [ 38.7867218, 8.9921765 ], [ 38.7834549, 9.0004129 ], [ 38.7809178, 9.0040156 ], [ 38.7738585, 9.0107737 ], [ 38.7739203, 9.0217859 ], [ 38.77381, 9.0232764 ], [ 38.7738381, 9.0235314 ], [ 38.7752165, 9.0276289 ] ] ] } },
{ "type": "Feature", "properties": { "threshold_s": 900, "time_label": "15 min drive" }, "geometry": { "type": "Polygon", "coordinates": [ [ [ 38.7547358, 9.0318906 ], [ 38.7600057, 9.0440359 ], [ 38.7662823, 9.0496236 ], [ 38.7675688, 9.0504832 ], [ 38.77087, 9.051386 ], [ 38.7801038, 9.0521855 ], [ 38.7828861, 9.0514738 ], [ 38.783863, 9.0511805 ], [ 38.7892183, 9.0480524 ], [ 38.8007203, 9.0474898 ], [ 38.8008329, 9.0571553 ], [ 38.7999625, 9.0585247 ], [ 38.7995495, 9.0593061 ], [ 38.8043252, 9.0623799 ], [ 38.809125, 9.0623919 ], [ 38.8140744, 9.0622185 ], [ 38.819266399999989, 9.0618158 ], [ 38.8304083, 9.062813 ], [ 38.843521, 9.0630858 ], [ 38.8445181, 9.0621641 ], [ 38.8480478, 9.0588075 ], [ 38.8495587, 9.0574223 ], [ 38.8611813, 9.0496817 ], [ 38.8658151, 9.0447434 ], [ 38.8671264, 9.0428411 ], [ 38.8679901, 9.0413286 ], [ 38.8683777, 9.0387989 ], [ 38.8705179, 9.0270392 ], [ 38.8757868, 9.0208335 ], [ 38.8741303, 9.010825 ], [ 38.8702878, 9.0045169 ], [ 38.8639457, 8.9954635 ], [ 38.8616762, 8.9940574 ], [ 38.853832, 8.9867349 ], [ 38.8482249, 8.975515 ], [ 38.8481686, 8.9754581 ], [ 38.843456, 8.9712955 ], [ 38.8300543, 8.9713237 ], [ 38.829171, 8.9683279 ], [ 38.8271273, 8.9664541 ], [ 38.8229629, 8.9668673 ], [ 38.8182219, 8.9708911 ], [ 38.8178267, 8.9713244 ], [ 38.8168311, 8.9739661 ], [ 38.817983, 8.985495 ], [ 38.8097735, 8.9869675 ], [ 38.8079529, 8.9863615 ], [ 38.8066972, 8.9860036 ], [ 38.8035562, 8.9852867 ], [ 38.8021619, 8.9853275 ], [ 38.7996331, 8.9854045 ], [ 38.7899075, 8.9859732 ], [ 38.7880106, 8.9854871 ], [ 38.7777914, 8.9763594 ], [ 38.7756114, 8.9726492 ], [ 38.7750388, 8.9724298 ], [ 38.7680454, 8.9777212 ], [ 38.7682462, 8.9789959 ], [ 38.7686049, 8.9823656 ], [ 38.7700921, 8.9906088 ], [ 38.7652306, 8.9972696 ], [ 38.7651727, 8.9973575 ], [ 38.7576883, 9.0047943 ], [ 38.7550777, 9.0071838 ], [ 38.7519181, 9.0117755 ], [ 38.7528281, 9.0137539 ], [ 38.75421, 9.0174146 ], [ 38.7531912, 9.0297342 ], [ 38.7547358, 9.0318906 ] ] ] } },
{ "type": "Feature", "properties": { "threshold_s": 300, "time_label": "5 min drive" }, "geometry": { "type": "Polygon", "coordinates": [ [ [ 38.8116801, 9.0213311 ], [ 38.8132756, 9.0242962 ], [ 38.8163343, 9.0250546 ], [ 38.8191069, 9.0273668 ], [ 38.8191392, 9.0273882 ], [ 38.8202976, 9.0275475 ], [ 38.8249282, 9.0291742 ], [ 38.8272859, 9.032712 ], [ 38.8297431, 9.0321474 ], [ 38.8323241, 9.0311502 ], [ 38.8344168, 9.0302342 ], [ 38.8357285, 9.0294508 ], [ 38.835766, 9.029362 ], [ 38.8346891, 9.0272203 ], [ 38.8361434, 9.0230967 ], [ 38.8392593, 9.0214433 ], [ 38.8408486, 9.021363 ], [ 38.8418171, 9.0213402 ], [ 38.8403292, 9.0199054 ], [ 38.8392847, 9.0189446 ], [ 38.8387464, 9.0183235 ], [ 38.838038, 9.0135597 ], [ 38.8397905, 9.0108774 ], [ 38.8393205, 9.0104231 ], [ 38.8384936, 9.0097235 ], [ 38.8380406, 9.0093957 ], [ 38.8367389, 9.0085532 ], [ 38.8363087, 9.0083377 ], [ 38.835086, 9.0077408 ], [ 38.8321938, 9.0047921 ], [ 38.8283839, 9.0019322 ], [ 38.8277234, 9.001664 ], [ 38.825101, 9.001087 ], [ 38.8239442, 9.0011858 ], [ 38.8202126, 9.0015063 ], [ 38.8189781, 9.0014169 ], [ 38.8178006, 9.0024879 ], [ 38.8143526, 9.0036469 ], [ 38.8122604, 9.0080583 ], [ 38.8102475, 9.0114704 ], [ 38.8106196, 9.0133539 ], [ 38.811043, 9.0138626 ], [ 38.8129994, 9.0138904 ], [ 38.8158358, 9.015769 ], [ 38.8133688, 9.0197109 ], [ 38.811567599999989, 9.0200756 ], [ 38.811054, 9.0201534 ], [ 38.8116801, 9.0213311 ] ] ] } },
{ "type": "Feature", "properties": { "threshold_s": 600, "time_label": "10 min drive" }, "geometry": { "type": "Polygon", "coordinates": [ [ [ 38.7893282, 9.0224159 ], [ 38.7914382, 9.0273642 ], [ 38.7964456, 9.0288702 ], [ 38.7976937, 9.0288451 ], [ 38.7980379, 9.0288077 ], [ 38.7981611, 9.0287943 ], [ 38.8015628, 9.0289204 ], [ 38.805898, 9.0343795 ], [ 38.8097365, 9.0345983 ], [ 38.8144658, 9.0377323 ], [ 38.8151065, 9.0452571 ], [ 38.8154301, 9.0454104 ], [ 38.8157876, 9.0455703 ], [ 38.8176182, 9.0455613 ], [ 38.8184054, 9.0454807 ], [ 38.8256755, 9.0502843 ], [ 38.8264969, 9.0514454 ], [ 38.8286179, 9.0524749 ], [ 38.835362, 9.0513862 ], [ 38.8400849, 9.0468261 ], [ 38.8424571, 9.0455983 ], [ 38.8453595, 9.044009 ], [ 38.8468139, 9.0431901 ], [ 38.8515215, 9.0406977 ], [ 38.856829, 9.0366198 ], [ 38.8581855, 9.0280834 ], [ 38.8584092, 9.0275515 ], [ 38.86369, 9.0207089 ], [ 38.8623575, 9.0189627 ], [ 38.8616108, 9.0101591 ], [ 38.8617346, 9.009599 ], [ 38.8598499, 9.007293 ], [ 38.8537518, 9.001211 ], [ 38.8518728, 8.9993868 ], [ 38.8450585, 8.9942628 ], [ 38.8437998, 8.993316 ], [ 38.837714, 8.9885367 ], [ 38.8361053, 8.9854182 ], [ 38.8344786, 8.9850665 ], [ 38.8289297, 8.9840815 ], [ 38.8224529, 8.9850778 ], [ 38.8196728, 8.9858488 ], [ 38.8190351, 8.9862093 ], [ 38.8172293, 8.987135 ], [ 38.8097735, 8.9869675 ], [ 38.8079529, 8.9863615 ], [ 38.8066972, 8.9860036 ], [ 38.8028242, 8.9908194 ], [ 38.8024711, 8.9914824 ], [ 38.7984775, 8.9990207 ], [ 38.7958042, 9.0028503 ], [ 38.794, 9.0077796 ], [ 38.7936352, 9.0089193 ], [ 38.7889856, 9.016248 ], [ 38.7890268, 9.0216181 ], [ 38.7893282, 9.0224159 ] ] ] } },
{ "type": "Feature", "properties": { "threshold_s": 900, "time_label": "15 min drive" }, "geometry": { "type": "Polygon", "coordinates": [ [ [ 38.7719675, 9.0350362 ], [ 38.7736243, 9.0381735 ], [ 38.7778774, 9.0397628 ], [ 38.7808546, 9.0405328 ], [ 38.7819394, 9.0405796 ], [ 38.7840646, 9.0399581 ], [ 38.7967241, 9.0428703 ], [ 38.8007203, 9.0474898 ], [ 38.8027809, 9.0533596 ], [ 38.8050145, 9.0564183 ], [ 38.8124871, 9.0624673 ], [ 38.8147441, 9.0635101 ], [ 38.8255781, 9.06194 ], [ 38.8296586, 9.0626196 ], [ 38.8304083, 9.062813 ], [ 38.843521, 9.0630858 ], [ 38.8446374, 9.0675065 ], [ 38.8448721, 9.0682839 ], [ 38.8450371, 9.0690732 ], [ 38.853946, 9.0604914 ], [ 38.8543698, 9.0598689 ], [ 38.8553005, 9.0583366 ], [ 38.8611813, 9.0496817 ], [ 38.870313, 9.04973 ], [ 38.8724271, 9.0495791 ], [ 38.8723083, 9.04933 ], [ 38.8710326, 9.0475432 ], [ 38.8679901, 9.0413286 ], [ 38.8745851, 9.0340029 ], [ 38.8757998, 9.0328566 ], [ 38.876965, 9.031774 ], [ 38.8806597, 9.0276787 ], [ 38.8828029, 9.0253122 ], [ 38.8860051, 9.0216916 ], [ 38.8835613, 9.010639 ], [ 38.8794391, 9.0011745 ], [ 38.879364, 9.0010116 ], [ 38.8767032, 8.9999374 ], [ 38.87197780000001, 8.9972456 ], [ 38.8659556, 8.990281 ], [ 38.8612232, 8.9843256 ], [ 38.855432, 8.9797845 ], [ 38.8470313, 8.9708627 ], [ 38.8445342, 8.9704772 ], [ 38.8376764, 8.9692227 ], [ 38.8282921, 8.9652772 ], [ 38.8211505, 8.9664894 ], [ 38.8202025, 8.9671469 ], [ 38.8180051, 8.9696678 ], [ 38.8169054, 8.9714992 ], [ 38.8168311, 8.9739661 ], [ 38.817983, 8.985495 ], [ 38.8097735, 8.9869675 ], [ 38.8079529, 8.9863615 ], [ 38.8066972, 8.9860036 ], [ 38.8035562, 8.9852867 ], [ 38.8021619, 8.9853275 ], [ 38.7996331, 8.9854045 ], [ 38.788826, 8.985809 ], [ 38.7855757, 8.9849273 ], [ 38.7842988, 8.9845215 ], [ 38.7829895, 8.9840922 ], [ 38.7824454, 8.9839019 ], [ 38.7816045, 8.9919559 ], [ 38.7787335, 8.9986333 ], [ 38.7747095, 9.005959 ], [ 38.7692515, 9.0104413 ], [ 38.768797, 9.0113452 ], [ 38.7677259, 9.0197702 ], [ 38.7686882, 9.0283996 ], [ 38.7719675, 9.0350362 ] ] ] } },
{ "type": "Feature", "properties": { "threshold_s": 300, "time_label": "5 min drive" }, "geometry": { "type": "Polygon", "coordinates": [ [ [ 38.8044852, 9.0237991 ], [ 38.805028, 9.0243516 ], [ 38.8055473, 9.0248504 ], [ 38.8071703, 9.0253631 ], [ 38.8092436, 9.0249536 ], [ 38.8129946, 9.0250146 ], [ 38.8143496, 9.0279621 ], [ 38.8144722, 9.0294405 ], [ 38.8148688, 9.0299234 ], [ 38.815954, 9.0315147 ], [ 38.8167679, 9.0323597 ], [ 38.8175692, 9.0321343 ], [ 38.8182103, 9.0319197 ], [ 38.821612, 9.0319514 ], [ 38.82228520000001, 9.033648 ], [ 38.8245369, 9.0342374 ], [ 38.8257238, 9.0344096 ], [ 38.8269597, 9.0306289 ], [ 38.8295485, 9.030033 ], [ 38.8327768, 9.0283725 ], [ 38.8328062, 9.0282913 ], [ 38.8325876, 9.0248256 ], [ 38.8312004, 9.0234909 ], [ 38.8285495, 9.0210826 ], [ 38.8256503, 9.0183214 ], [ 38.8253495, 9.0173691 ], [ 38.8253001, 9.01728 ], [ 38.823589, 9.0151629 ], [ 38.8209495, 9.013644 ], [ 38.8174128, 9.0151084 ], [ 38.8149607, 9.0141972 ], [ 38.8129994, 9.0138904 ], [ 38.8125756, 9.0144427 ], [ 38.8132313, 9.0149019 ], [ 38.8158358, 9.015769 ], [ 38.8168859, 9.0171779 ], [ 38.8151325, 9.0204597 ], [ 38.8133688, 9.0197109 ], [ 38.811567599999989, 9.0200756 ], [ 38.811054, 9.0201534 ], [ 38.8096449, 9.0204194 ], [ 38.8089635, 9.0205448 ], [ 38.8078818, 9.0205801 ], [ 38.8051042, 9.0208756 ], [ 38.8033505, 9.0198616 ], [ 38.8012379, 9.0196774 ], [ 38.8012768, 9.0197874 ], [ 38.8013447, 9.0198825 ], [ 38.8016899, 9.0200113 ], [ 38.8040824, 9.0219011 ], [ 38.8044395, 9.0234404 ], [ 38.8044852, 9.0237991 ] ] ] } },
{ "type": "Feature", "properties": { "threshold_s": 600, "time_label": "10 min drive" }, "geometry": { "type": "Polygon", "coordinates": [ [ [ 38.7834075, 9.0320275 ], [ 38.7834835, 9.0321406 ], [ 38.7913411, 9.0328014 ], [ 38.7997189, 9.0335465 ], [ 38.8031475, 9.0364072 ], [ 38.8069644, 9.0447637 ], [ 38.8127132, 9.0484497 ], [ 38.816202, 9.0499532 ], [ 38.8256755, 9.0502843 ], [ 38.8264969, 9.0514454 ], [ 38.8286179, 9.0524749 ], [ 38.835362, 9.0513862 ], [ 38.8418884, 9.0457304 ], [ 38.8439093, 9.0423136 ], [ 38.8495593, 9.0389459 ], [ 38.8519682, 9.0373446 ], [ 38.8542353, 9.0358973 ], [ 38.852012, 9.0308668 ], [ 38.8511109, 9.0261157 ], [ 38.8496599, 9.0218976 ], [ 38.8475981, 9.0185385 ], [ 38.8441673, 9.0105137 ], [ 38.8420216, 9.0072789 ], [ 38.8411016, 9.0061901 ], [ 38.8345014, 9.0010924 ], [ 38.8286548, 8.9969915 ], [ 38.82783, 8.9969193 ], [ 38.8256856, 8.9968881 ], [ 38.8218648, 8.996716 ], [ 38.815139, 8.9942059 ], [ 38.8139561, 8.9935155 ], [ 38.8123918, 8.9928384 ], [ 38.811673, 8.9928423 ], [ 38.8115803, 8.9928457 ], [ 38.804645, 8.9958576 ], [ 38.799914, 9.0005241 ], [ 38.7955181, 9.0020965 ], [ 38.7917389, 9.0056483 ], [ 38.7869513, 9.009086 ], [ 38.783239, 9.0112642 ], [ 38.7802996, 9.0139608 ], [ 38.7797847, 9.0147089 ], [ 38.7788296, 9.023438 ], [ 38.7834075, 9.0320275 ] ] ] } },
{ "type": "Feature", "properties": { "threshold_s": 900, "time_label": "15 min drive" }, "geometry": { "type": "Polygon", "coordinates": [ [ [ 38.7656056, 9.0433262 ], [ 38.768355, 9.0464477 ], [ 38.772725, 9.0469788 ], [ 38.7822264, 9.0489175 ], [ 38.7884236, 9.0473632 ], [ 38.8007203, 9.0474898 ], [ 38.7996099, 9.0583273 ], [ 38.7991213, 9.0591984 ], [ 38.8011494, 9.0609986 ], [ 38.8050477, 9.06282 ], [ 38.8147441, 9.0635101 ], [ 38.8255781, 9.06194 ], [ 38.8296586, 9.0626196 ], [ 38.8304083, 9.062813 ], [ 38.843521, 9.0630858 ], [ 38.8446374, 9.0675065 ], [ 38.8448721, 9.0682839 ], [ 38.8450371, 9.0690732 ], [ 38.8540694, 9.0597286 ], [ 38.8544704, 9.0590187 ], [ 38.8549022, 9.0577208 ], [ 38.8611813, 9.0496817 ], [ 38.8700261, 9.0491544 ], [ 38.8683777, 9.0387989 ], [ 38.8681483, 9.0364148 ], [ 38.8686174, 9.0269972 ], [ 38.8714014, 9.0210496 ], [ 38.8714394, 9.0200441 ], [ 38.8658363, 9.0083749 ], [ 38.8655183, 9.0078997 ], [ 38.8566548, 8.9988859 ], [ 38.8556806, 8.9973701 ], [ 38.8512786, 8.9933819 ], [ 38.8472367, 8.9900538 ], [ 38.8404383, 8.9813659 ], [ 38.8394487, 8.9805859 ], [ 38.8302928, 8.9775749 ], [ 38.8208006, 8.9803978 ], [ 38.8097735, 8.9869675 ], [ 38.8079529, 8.9863615 ], [ 38.8066972, 8.9860036 ], [ 38.8035562, 8.9852867 ], [ 38.8021619, 8.9853275 ], [ 38.7996331, 8.9854045 ], [ 38.788826, 8.985809 ], [ 38.7855757, 8.9849273 ], [ 38.7842988, 8.9845215 ], [ 38.7770981, 8.992864 ], [ 38.7693671, 8.9994722 ], [ 38.7673511, 9.0023432 ], [ 38.7576903, 9.0118964 ], [ 38.7605842, 9.0185252 ], [ 38.7604158, 9.030475 ], [ 38.7607885, 9.0320859 ], [ 38.7656056, 9.0433262 ] ] ] } },
{ "type": "Feature", "properties": { "threshold_s": 300, "time_label": "5 min drive" }, "geometry": { "type": "Polygon", "coordinates": [ [ [ 38.8362739, 9.023057 ], [ 38.8403907, 9.0286515 ], [ 38.8434729, 9.0310987 ], [ 38.8452595, 9.0324084 ], [ 38.8480151, 9.0340269 ], [ 38.8517428, 9.0360889 ], [ 38.8539516, 9.0363108 ], [ 38.8573497, 9.0360757 ], [ 38.8611759, 9.0314011 ], [ 38.8636881, 9.0301716 ], [ 38.8648603, 9.0291935 ], [ 38.8672354, 9.0255657 ], [ 38.8711553, 9.0240474 ], [ 38.8752516, 9.0212513 ], [ 38.8757868, 9.0208335 ], [ 38.8723236, 9.0167624 ], [ 38.8713304, 9.0158969 ], [ 38.8677607, 9.0105781 ], [ 38.8669923, 9.0096386 ], [ 38.8664386, 9.0090527 ], [ 38.8661962, 9.0089028 ], [ 38.8651561, 9.0085718 ], [ 38.8622281, 9.0077178 ], [ 38.8591442, 9.0064317 ], [ 38.8566844, 9.0016493 ], [ 38.8519741, 9.0012565 ], [ 38.8516852, 9.0012743 ], [ 38.8492897, 9.0026261 ], [ 38.8489048, 9.0030357 ], [ 38.8479872, 9.0040643 ], [ 38.8452976, 9.0070991 ], [ 38.8423073, 9.0107548 ], [ 38.840192, 9.0167638 ], [ 38.8360585, 9.0217651 ], [ 38.8362739, 9.023057 ] ] ] } },
{ "type": "Feature", "properties": { "threshold_s": 600, "time_label": "10 min drive" }, "geometry": { "type": "Polygon", "coordinates": [ [ [ 38.8252923, 9.0422627 ], [ 38.8261135, 9.0440023 ], [ 38.8273911, 9.0448397 ], [ 38.8293368, 9.0455007 ], [ 38.8296146, 9.0454394 ], [ 38.8305863, 9.0451061 ], [ 38.8311233, 9.0449014 ], [ 38.8405245, 9.0490252 ], [ 38.8419441, 9.0503506 ], [ 38.8438708, 9.050832 ], [ 38.8531565, 9.0534062 ], [ 38.8601862, 9.0500287 ], [ 38.870313, 9.04973 ], [ 38.8716368, 9.0494645 ], [ 38.8723083, 9.04933 ], [ 38.8774289, 9.0406527 ], [ 38.8821253, 9.0386812 ], [ 38.8880637, 9.0329037 ], [ 38.8903664, 9.0312348 ], [ 38.8955471, 9.0237263 ], [ 38.8953106, 9.0179035 ], [ 38.8902405, 9.0094415 ], [ 38.8883507, 9.0055421 ], [ 38.8852579, 8.9970556 ], [ 38.8826671, 8.9970868 ], [ 38.8776031, 8.9979266 ], [ 38.8735718, 8.9973809 ], [ 38.8710961, 8.9968484 ], [ 38.8659556, 8.990281 ], [ 38.8637348, 8.9880715 ], [ 38.8602668, 8.9845432 ], [ 38.8553059, 8.9802666 ], [ 38.8542273, 8.9798755 ], [ 38.8490134, 8.981737 ], [ 38.846749, 8.983246 ], [ 38.8395069, 8.9877675 ], [ 38.8381241, 8.9890226 ], [ 38.8307364, 8.9939003 ], [ 38.8258553, 9.0002553 ], [ 38.8254516, 9.0040688 ], [ 38.8206102, 9.0095273 ], [ 38.8205452, 9.0095604 ], [ 38.8186794, 9.0137801 ], [ 38.8133654, 9.0199396 ], [ 38.8147871, 9.0225069 ], [ 38.8182977, 9.0240359 ], [ 38.8193351, 9.0247139 ], [ 38.822639, 9.033331 ], [ 38.8252923, 9.0422627 ] ] ] } },
{ "type": "Feature", "properties": { "threshold_s": 900, "time_label": "15 min drive" }, "geometry": { "type": "Polygon", "coordinates": [ [ [ 38.8085872, 9.048062 ], [ 38.8061678, 9.0500234 ], [ 38.8104406, 9.0510525 ], [ 38.81529, 9.0565302 ], [ 38.8184432, 9.060704 ], [ 38.819266399999989, 9.0618158 ], [ 38.8255781, 9.06194 ], [ 38.8304083, 9.062813 ], [ 38.8371769, 9.0588359 ], [ 38.843521, 9.0630858 ], [ 38.8446374, 9.0675065 ], [ 38.8448721, 9.0682839 ], [ 38.8450371, 9.0690732 ], [ 38.848745, 9.0688438 ], [ 38.8496934, 9.0671529 ], [ 38.8500394, 9.0666967 ], [ 38.8597329, 9.0644142 ], [ 38.8612173, 9.0679129 ], [ 38.8618965, 9.0684027 ], [ 38.8637897, 9.0684627 ], [ 38.8733594, 9.0703171 ], [ 38.8747316, 9.0703526 ], [ 38.8781489, 9.068115 ], [ 38.8851718, 9.0638571 ], [ 38.8852997, 9.0623257 ], [ 38.8852031, 9.0612796 ], [ 38.8850039, 9.0590096 ], [ 38.8843806, 9.0567035 ], [ 38.8853084, 9.0482034 ], [ 38.8879287, 9.0436653 ], [ 38.8891501, 9.0421339 ], [ 38.8924666, 9.0374161 ], [ 38.8990593, 9.0337165 ], [ 38.8953325, 9.027668 ], [ 38.9002302, 9.0222733 ], [ 38.9008565, 9.0197236 ], [ 38.9004207, 9.0112823 ], [ 38.9028293, 9.006449 ], [ 38.9025959, 9.0057496 ], [ 38.9016357, 9.00318 ], [ 38.8947448, 8.9979451 ], [ 38.8945421, 8.9960927 ], [ 38.8941662, 8.9947574 ], [ 38.8939867, 8.994115 ], [ 38.8931308, 8.9911646 ], [ 38.8918967, 8.9815223 ], [ 38.8918811, 8.9813766 ], [ 38.8917196, 8.9801766 ], [ 38.8899608, 8.9782561 ], [ 38.8879055, 8.9771298 ], [ 38.886606, 8.9771047 ], [ 38.8852288, 8.9775841 ], [ 38.8845302, 8.9778742 ], [ 38.8758034, 8.9785353 ], [ 38.8726893, 8.9753044 ], [ 38.8683575, 8.973622 ], [ 38.8619397, 8.9685915 ], [ 38.8542589, 8.9723237 ], [ 38.8470313, 8.9708627 ], [ 38.8435712, 8.9726676 ], [ 38.8430645, 8.9728932 ], [ 38.8417152, 8.9739122 ], [ 38.8387037, 8.9756077 ], [ 38.8303922, 8.9744672 ], [ 38.8267913, 8.9748659 ], [ 38.8252005, 8.9754019 ], [ 38.8238774, 8.9792219 ], [ 38.8190351, 8.9862093 ], [ 38.8172293, 8.987135 ], [ 38.8127899, 8.9893411 ], [ 38.8116546, 8.9901173 ], [ 38.8104879, 8.9919189 ], [ 38.8049696, 8.9990194 ], [ 38.8030595, 9.0026741 ], [ 38.7998842, 9.0107714 ], [ 38.7984096, 9.0131613 ], [ 38.7917798, 9.0168777 ], [ 38.7914155, 9.021388 ], [ 38.7942069, 9.0257138 ], [ 38.7956376, 9.0266166 ], [ 38.797133, 9.026824 ], [ 38.8044796, 9.0290393 ], [ 38.805898, 9.0343795 ], [ 38.8097365, 9.0345983 ], [ 38.8144658, 9.0377323 ], [ 38.8133065, 9.0453999 ], [ 38.8085872, 9.048062 ] ] ] } },
{ "type": "Feature", "properties": { "threshold_s": 300, "time_label": "5 min drive" }, "geometry": { "type": "Polygon", "coordinates": [ [ [ 38.7719314, 8.9937078 ], [ 38.7725108, 8.9964014 ], [ 38.7731964, 8.9969276 ], [ 38.7799352, 9.0026587 ], [ 38.7879201, 9.0024097 ], [ 38.7920983, 8.9987684 ], [ 38.798382, 8.9996783 ], [ 38.7987395, 8.9994411 ], [ 38.797957, 8.9920335 ], [ 38.8035396, 8.9855276 ], [ 38.8035562, 8.9852867 ], [ 38.8021619, 8.9853275 ], [ 38.7996331, 8.9854045 ], [ 38.7971379, 8.9861223 ], [ 38.7880106, 8.9854871 ], [ 38.7855757, 8.9849273 ], [ 38.7787516, 8.9794447 ], [ 38.7777914, 8.9763594 ], [ 38.7756114, 8.9726492 ], [ 38.774991, 8.9719637 ], [ 38.7676058, 8.9774758 ], [ 38.7676322, 8.9784045 ], [ 38.7686049, 8.9823656 ], [ 38.770352, 8.9845249 ], [ 38.7719314, 8.9937078 ] ] ] } },
{ "type": "Feature", "properties": { "threshold_s": 600, "time_label": "10 min drive" }, "geometry": { "type": "Polygon", "coordinates": [ [ [ 38.7587103, 9.0068983 ], [ 38.7576903, 9.0118964 ], [ 38.7586435, 9.0127141 ], [ 38.7632994, 9.0143168 ], [ 38.7676275, 9.0197284 ], [ 38.7677259, 9.0197702 ], [ 38.7713573, 9.0204686 ], [ 38.7806577, 9.0238498 ], [ 38.7863054, 9.0242298 ], [ 38.7933946, 9.0212397 ], [ 38.8016899, 9.0200113 ], [ 38.8035447, 9.0196294 ], [ 38.8091444, 9.0171137 ], [ 38.8122518, 9.0124888 ], [ 38.8127466, 9.0114028 ], [ 38.8138772, 9.0088346 ], [ 38.8154214, 9.0037323 ], [ 38.8199175, 8.997764 ], [ 38.8206405, 8.9969958 ], [ 38.8227767, 8.9916082 ], [ 38.8234778, 8.9887999 ], [ 38.8236254, 8.9877364 ], [ 38.8236389, 8.9868415 ], [ 38.823195, 8.9853167 ], [ 38.8208006, 8.9803978 ], [ 38.8200144, 8.9840292 ], [ 38.8097735, 8.9869675 ], [ 38.8079529, 8.9863615 ], [ 38.8066972, 8.9860036 ], [ 38.8035562, 8.9852867 ], [ 38.8021619, 8.9853275 ], [ 38.7996331, 8.9854045 ], [ 38.7971379, 8.9861223 ], [ 38.7899075, 8.9859732 ], [ 38.7880106, 8.9854871 ], [ 38.7855757, 8.9849273 ], [ 38.7842988, 8.9845215 ], [ 38.7787516, 8.9794447 ], [ 38.7777914, 8.9763594 ], [ 38.7828796, 8.9680649 ], [ 38.7902771, 8.9669999 ], [ 38.7904689, 8.9670449 ], [ 38.7908766, 8.9625051 ], [ 38.7904327, 8.9615138 ], [ 38.7891763, 8.960766 ], [ 38.7852788, 8.9596807 ], [ 38.7828497, 8.9618599 ], [ 38.7726275, 8.9610776 ], [ 38.7708984, 8.9591535 ], [ 38.7693863, 8.9578936 ], [ 38.7673415, 8.9565798 ], [ 38.7656786, 8.9573427 ], [ 38.7646737, 8.9585251 ], [ 38.7639042, 8.9599587 ], [ 38.7637591, 8.9608204 ], [ 38.7635887, 8.9618935 ], [ 38.7634032, 8.9632481 ], [ 38.7633086, 8.9638436 ], [ 38.757068, 8.9723735 ], [ 38.7523198, 8.9776614 ], [ 38.751993, 8.9781171 ], [ 38.7513561, 8.9792693 ], [ 38.749083, 8.9838288 ], [ 38.7489975, 8.9855754 ], [ 38.7526832, 8.9921582 ], [ 38.7533869, 8.9959693 ], [ 38.7555652, 8.9993586 ], [ 38.7587103, 9.0068983 ] ] ] } },
{ "type": "Feature", "properties": { "threshold_s": 900, "time_label": "15 min drive" }, "geometry": { "type": "Polygon", "coordinates": [ [ [ 38.7406991, 9.022627 ], [ 38.7438139, 9.0288302 ], [ 38.7491403, 9.0314182 ], [ 38.751755, 9.032577 ], [ 38.7616817, 9.0348061 ], [ 38.7694764, 9.0373855 ], [ 38.7734143, 9.0388789 ], [ 38.7816332, 9.0394631 ], [ 38.7832014, 9.0393962 ], [ 38.7866579, 9.0379459 ], [ 38.7884075, 9.037232 ], [ 38.788646, 9.0371199 ], [ 38.788999, 9.0366321 ], [ 38.7898711, 9.0353037 ], [ 38.7997189, 9.0335465 ], [ 38.8097365, 9.0345983 ], [ 38.8130282, 9.033534 ], [ 38.8196889, 9.0308282 ], [ 38.8208033, 9.0302269 ], [ 38.8254517, 9.0259374 ], [ 38.8299657, 9.0172269 ], [ 38.8320277, 9.0123599 ], [ 38.8350763, 9.0076814 ], [ 38.8367753, 8.9986781 ], [ 38.8392717, 8.9899948 ], [ 38.8406173, 8.9881171 ], [ 38.8406231, 8.9842524 ], [ 38.8396664, 8.9822322 ], [ 38.8396248, 8.9821923 ], [ 38.8382659, 8.9819615 ], [ 38.8304619, 8.9779273 ], [ 38.8303922, 8.9744672 ], [ 38.8300543, 8.9713237 ], [ 38.8289182, 8.9663006 ], [ 38.8282921, 8.9652772 ], [ 38.8249257, 8.9633665 ], [ 38.8171284, 8.964396 ], [ 38.8089976, 8.9585825 ], [ 38.8044097, 8.9569504 ], [ 38.8032817, 8.9563039 ], [ 38.797912, 8.9482878 ], [ 38.7979241, 8.9466321 ], [ 38.7959191, 8.9457137 ], [ 38.7904421, 8.9442075 ], [ 38.7855926, 8.941632 ], [ 38.78254, 8.9406831 ], [ 38.772997, 8.9360092 ], [ 38.7684385, 8.9360281 ], [ 38.760325, 8.9414029 ], [ 38.7579483, 8.9420892 ], [ 38.7537915, 8.9429717 ], [ 38.7537296, 8.9430502 ], [ 38.7535146, 8.9433543 ], [ 38.7512586, 8.947971 ], [ 38.7476609, 8.9574208 ], [ 38.7464974, 8.9584282 ], [ 38.746077, 8.9588322 ], [ 38.7418176, 8.9637265 ], [ 38.7358058, 8.9664959 ], [ 38.734564, 8.9691946 ], [ 38.7340753, 8.9706794 ], [ 38.73397, 8.9732129 ], [ 38.731003, 8.9819357 ], [ 38.7308031, 8.9825199 ], [ 38.7315459, 8.990608 ], [ 38.7322609, 8.9956067 ], [ 38.7335599, 9.0037188 ], [ 38.7360117, 9.0122933 ], [ 38.7382597, 9.0172401 ], [ 38.7406991, 9.022627 ] ] ] } },
{ "type": "Feature", "properties": { "threshold_s": 300, "time_label": "5 min drive" }, "geometry": { "type": "Polygon", "coordinates": [ [ [ 38.7267433, 9.0414156 ], [ 38.7269589, 9.0419841 ], [ 38.7286011, 9.0433785 ], [ 38.7294285, 9.0438761 ], [ 38.7322555, 9.045474 ], [ 38.732326, 9.0454467 ], [ 38.7339914, 9.0445248 ], [ 38.736129, 9.0447854 ], [ 38.7362547, 9.0439907 ], [ 38.7383373, 9.0423504 ], [ 38.7397933, 9.0438992 ], [ 38.7401949, 9.0448091 ], [ 38.7406019, 9.0454386 ], [ 38.7411967, 9.0460409 ], [ 38.7431608, 9.045572 ], [ 38.7454722, 9.0442032 ], [ 38.7474544, 9.0441901 ], [ 38.7476865, 9.0442469 ], [ 38.7477969, 9.0432436 ], [ 38.7486602, 9.0417728 ], [ 38.7505575, 9.0409128 ], [ 38.7528402, 9.0401109 ], [ 38.754862, 9.0375543 ], [ 38.7555497, 9.0379841 ], [ 38.7550527, 9.0350946 ], [ 38.7558521, 9.0318884 ], [ 38.7559373, 9.0307996 ], [ 38.7565032, 9.0287242 ], [ 38.7581126, 9.0269965 ], [ 38.7573693, 9.0258112 ], [ 38.7563832, 9.0245716 ], [ 38.7546091, 9.0217117 ], [ 38.753803499999989, 9.0201135 ], [ 38.7524476, 9.0180376 ], [ 38.7515909, 9.0170547 ], [ 38.7503028, 9.0158043 ], [ 38.7485647, 9.0131598 ], [ 38.748495, 9.0131042 ], [ 38.7484279, 9.0131606 ], [ 38.7450376, 9.0132941 ], [ 38.7449046, 9.0130052 ], [ 38.7446872, 9.0118417 ], [ 38.7445255, 9.010739 ], [ 38.7441169, 9.0104975 ], [ 38.7429415, 9.0127486 ], [ 38.7407528, 9.0125592 ], [ 38.7378781, 9.0107625 ], [ 38.7377172, 9.0106108 ], [ 38.7374108, 9.0110446 ], [ 38.7340005, 9.0108205 ], [ 38.7339737, 9.011497 ], [ 38.7340052, 9.0117332 ], [ 38.7330361, 9.0140917 ], [ 38.7314063, 9.0144722 ], [ 38.7286815, 9.0130056 ], [ 38.7285514, 9.0122122 ], [ 38.7281463, 9.0122149 ], [ 38.7260014, 9.0147848 ], [ 38.7266323, 9.0168388 ], [ 38.7259972, 9.0187935 ], [ 38.7241003, 9.0192945 ], [ 38.7219605, 9.02151 ], [ 38.7200865, 9.0224085 ], [ 38.7192054, 9.0251465 ], [ 38.7192666, 9.0255281 ], [ 38.71952, 9.0266081 ], [ 38.7195162, 9.0292825 ], [ 38.7195483, 9.0309808 ], [ 38.720165, 9.0329125 ], [ 38.7220759, 9.035597 ], [ 38.7220953, 9.0363925 ], [ 38.7242854, 9.0388565 ], [ 38.726096, 9.0398349 ], [ 38.7267433, 9.0414156 ] ] ] } },
{ "type": "Feature", "properties": { "threshold_s": 600, "time_label": "10 min drive" }, "geometry": { "type": "Polygon", "coordinates": [ [ [ 38.7122067, 9.0534927 ], [ 38.7122765, 9.0540168 ], [ 38.7182309, 9.0594176 ], [ 38.720741, 9.0612815 ], [ 38.7271366, 9.0634156 ], [ 38.7347571, 9.0629951 ], [ 38.7398676, 9.0631 ], [ 38.7436056, 9.0639766 ], [ 38.7446627, 9.0641656 ], [ 38.7483699, 9.0634727 ], [ 38.7543207, 9.062913 ], [ 38.7599873, 9.0588615 ], [ 38.7650745, 9.0545281 ], [ 38.7675571, 9.0481075 ], [ 38.770207, 9.0469409 ], [ 38.7694638, 9.0449786 ], [ 38.7721869, 9.0388821 ], [ 38.7735107, 9.0325106 ], [ 38.7735225, 9.0324241 ], [ 38.7734771, 9.0321527 ], [ 38.7730453, 9.0308631 ], [ 38.7719169, 9.0307387 ], [ 38.7681837, 9.0238363 ], [ 38.7708838, 9.0203264 ], [ 38.7727337, 9.0165182 ], [ 38.773148, 9.0145762 ], [ 38.7705427, 9.0083326 ], [ 38.76827990000001, 9.0036892 ], [ 38.7654423, 9.0029203 ], [ 38.7585626, 8.9987234 ], [ 38.7560106, 8.9967932 ], [ 38.7536936, 8.995457 ], [ 38.7481907, 8.9903755 ], [ 38.7457274, 8.9902239 ], [ 38.7381953, 8.9896915 ], [ 38.7304967, 8.9917591 ], [ 38.7279788, 8.9914395 ], [ 38.7256426, 8.9913092 ], [ 38.7255622, 8.9913882 ], [ 38.7242852, 8.9953717 ], [ 38.7185878, 8.9978946 ], [ 38.7156639, 8.999671 ], [ 38.7142619, 9.0021177 ], [ 38.7094662, 9.0074715 ], [ 38.707905, 9.015153 ], [ 38.7084963, 9.0178136 ], [ 38.7111993, 9.0218779 ], [ 38.7069757, 9.0271051 ], [ 38.704327, 9.0274757 ], [ 38.7039354, 9.0279369 ], [ 38.700804, 9.0332679 ], [ 38.7007932, 9.0335242 ], [ 38.7007892, 9.0340454 ], [ 38.7017896, 9.0371099 ], [ 38.7049869, 9.041506 ], [ 38.7082551, 9.0448741 ], [ 38.7122999, 9.0485977 ], [ 38.7122067, 9.0534927 ] ] ] } },
{ "type": "Feature", "properties": { "threshold_s": 900, "time_label": "15 min drive" }, "geometry": { "type": "Polygon", "coordinates": [ [ [ 38.6972836, 9.0598782 ], [ 38.6995185, 9.0650127 ], [ 38.7047361, 9.0671463 ], [ 38.7160362, 9.0719192 ], [ 38.722216, 9.0782878 ], [ 38.7279962, 9.0819581 ], [ 38.7287586, 9.0812933 ], [ 38.7377219, 9.0759888 ], [ 38.7465249, 9.0792228 ], [ 38.7478956, 9.0789074 ], [ 38.7569319, 9.0781488 ], [ 38.7612186, 9.0800548 ], [ 38.7696094, 9.0769923 ], [ 38.7710201, 9.0759886 ], [ 38.7737167, 9.0730449 ], [ 38.7787047, 9.0663067 ], [ 38.7838892, 9.0609382 ], [ 38.7876136, 9.0553217 ], [ 38.7893323, 9.046174 ], [ 38.7888638, 9.0443872 ], [ 38.788999, 9.0366321 ], [ 38.7926088, 9.0298108 ], [ 38.7932757, 9.0283352 ], [ 38.7921291, 9.0212226 ], [ 38.7925776, 9.0155524 ], [ 38.7901946, 9.0062781 ], [ 38.788491, 8.9960225 ], [ 38.7845344, 8.9902803 ], [ 38.7831639, 8.9889418 ], [ 38.7802735, 8.9874944 ], [ 38.7792955, 8.9873157 ], [ 38.7781568, 8.9873024 ], [ 38.7756031, 8.9871261 ], [ 38.7651143, 8.9806995 ], [ 38.7638347, 8.9793818 ], [ 38.7598425, 8.9769483 ], [ 38.7523895, 8.9724696 ], [ 38.7487723, 8.9698221 ], [ 38.7469031, 8.9684968 ], [ 38.7385016, 8.9691304 ], [ 38.7340753, 8.9706794 ], [ 38.7296949, 8.9720272 ], [ 38.7205817, 8.9738966 ], [ 38.7148428, 8.9757077 ], [ 38.7143196, 8.9766075 ], [ 38.7138949, 8.9775342 ], [ 38.7053044, 8.9852953 ], [ 38.7033878, 8.985784 ], [ 38.6977999, 8.9939144 ], [ 38.6944625, 8.9968365 ], [ 38.6922561, 8.9985884 ], [ 38.6878522, 9.0040409 ], [ 38.6878504, 9.0040962 ], [ 38.688207, 9.0083869 ], [ 38.6883806, 9.0099695 ], [ 38.689257, 9.0164984 ], [ 38.6846711, 9.0265593 ], [ 38.6821793, 9.02994 ], [ 38.6813539, 9.0340427 ], [ 38.6821318, 9.036787 ], [ 38.6859304, 9.0479858 ], [ 38.6863529, 9.0483275 ], [ 38.686607, 9.0485142 ], [ 38.6906552, 9.0515548 ], [ 38.6972836, 9.0598782 ] ] ] } },
{ "type": "Feature", "properties": { "threshold_s": 300, "time_label": "5 min drive" }, "geometry": { "type": "Polygon", "coordinates": [ [ [ 38.7188894, 9.0059185 ], [ 38.7190919, 9.0068716 ], [ 38.7193413, 9.0071959 ], [ 38.7199702, 9.0042617 ], [ 38.7224929, 8.9990797 ], [ 38.7236724, 8.9987142 ], [ 38.7268985, 8.9991841 ], [ 38.7274674, 8.99912 ], [ 38.730182, 9.0046135 ], [ 38.7292146, 9.0052443 ], [ 38.7285474, 9.0064755 ], [ 38.7284978, 9.0065722 ], [ 38.729458, 9.0082239 ], [ 38.7315971, 9.0104161 ], [ 38.7328906, 9.0112949 ], [ 38.7340657, 9.0117861 ], [ 38.734345, 9.011761 ], [ 38.7361045, 9.0114294 ], [ 38.7369014, 9.0111617 ], [ 38.7383308, 9.0091723 ], [ 38.739405, 9.006106 ], [ 38.7406738, 9.0016086 ], [ 38.741196, 8.9981371 ], [ 38.7424426, 8.9950761 ], [ 38.7428288, 8.9942111 ], [ 38.743326, 8.9918845 ], [ 38.7428291, 8.987419 ], [ 38.7425393, 8.9852723 ], [ 38.7388001, 8.9807726 ], [ 38.7356643, 8.9795996 ], [ 38.7324017, 8.9766384 ], [ 38.7313138, 8.9771965 ], [ 38.7288472, 8.9786214 ], [ 38.724079, 8.9771595 ], [ 38.7233107, 8.975741 ], [ 38.7232493, 8.9756678 ], [ 38.7217311, 8.9755019 ], [ 38.7216407, 8.9755521 ], [ 38.7156685, 8.9770574 ], [ 38.7148047, 8.9797758 ], [ 38.7144644, 8.9810443 ], [ 38.7142038, 8.9818854 ], [ 38.7165458, 8.9869257 ], [ 38.7125153, 8.9887289 ], [ 38.7103656, 8.988313 ], [ 38.7110505, 8.9891544 ], [ 38.7136137, 8.9922004 ], [ 38.7160403, 8.9927609 ], [ 38.7186047, 8.9964866 ], [ 38.7187348, 8.9973036 ], [ 38.7188513, 8.9979545 ], [ 38.7189357, 9.0001877 ], [ 38.7189773, 9.0029713 ], [ 38.7188894, 9.0059185 ] ] ] } },
{ "type": "Feature", "properties": { "threshold_s": 600, "time_label": "10 min drive" }, "geometry": { "type": "Polygon", "coordinates": [ [ [ 38.7065819, 9.0155351 ], [ 38.7076717, 9.0183726 ], [ 38.708634, 9.0190644 ], [ 38.7100716, 9.0197018 ], [ 38.7151311, 9.0261072 ], [ 38.7172202, 9.0260894 ], [ 38.7197737, 9.0256264 ], [ 38.7274235, 9.0285839 ], [ 38.7312039, 9.032052 ], [ 38.7323964, 9.0329355 ], [ 38.7402157, 9.0316487 ], [ 38.744473, 9.0293587 ], [ 38.744532, 9.0293143 ], [ 38.7501239, 9.0242225 ], [ 38.7554835, 9.0175438 ], [ 38.7594056, 9.011551 ], [ 38.7593965, 9.0114302 ], [ 38.7588742, 9.0086394 ], [ 38.7587141, 9.0041929 ], [ 38.7633674, 8.9967597 ], [ 38.7634031, 8.9964943 ], [ 38.7625538, 8.9951516 ], [ 38.759839, 8.9879885 ], [ 38.7612816, 8.9859275 ], [ 38.7623005, 8.980802 ], [ 38.7598425, 8.9769483 ], [ 38.7535401, 8.9733917 ], [ 38.7486942, 8.9678127 ], [ 38.7459258, 8.9648576 ], [ 38.7443549, 8.9635153 ], [ 38.7428228, 8.9638509 ], [ 38.7348681, 8.9596248 ], [ 38.7327385, 8.9563414 ], [ 38.7326548, 8.9563397 ], [ 38.7325703, 8.9563411 ], [ 38.7325026, 8.9563457 ], [ 38.7252899, 8.9593217 ], [ 38.7229198, 8.9588393 ], [ 38.7220296, 8.9586315 ], [ 38.7208635, 8.9585113 ], [ 38.72027, 8.9584448 ], [ 38.7135389, 8.958914 ], [ 38.7116251, 8.9603827 ], [ 38.7076819, 8.9669462 ], [ 38.707656, 8.9670481 ], [ 38.7075467, 8.9675465 ], [ 38.70758270000001, 8.9681555 ], [ 38.7076083, 8.9683257 ], [ 38.7080356, 8.9697433 ], [ 38.7040856, 8.976641 ], [ 38.6995001, 8.9765382 ], [ 38.6978669, 8.9757027 ], [ 38.6974509, 8.9758923 ], [ 38.6942984, 8.977038 ], [ 38.6908751, 8.979498 ], [ 38.6890353, 8.9811629 ], [ 38.6893508, 8.9824776 ], [ 38.6896175, 8.9833564 ], [ 38.6910737, 8.9875156 ], [ 38.6934387, 8.9903417 ], [ 38.6944625, 8.9968365 ], [ 38.6943839, 8.9976122 ], [ 38.6945879, 8.9980906 ], [ 38.695963, 9.0000482 ], [ 38.6987552, 9.0031157 ], [ 38.699341, 9.0032925 ], [ 38.7053932, 9.0070716 ], [ 38.7065819, 9.0155351 ] ] ] } },
{ "type": "Feature", "properties": { "threshold_s": 900, "time_label": "15 min drive" }, "geometry": { "type": "Polygon", "coordinates": [ [ [ 38.7007637, 9.0376373 ], [ 38.7066227, 9.0445411 ], [ 38.7122999, 9.0485977 ], [ 38.7203166, 9.0491233 ], [ 38.7257764, 9.0510498 ], [ 38.7286208, 9.0522375 ], [ 38.7301485, 9.0529545 ], [ 38.7312594, 9.0530117 ], [ 38.7363382, 9.0529235 ], [ 38.744210699999989, 9.0475783 ], [ 38.7476045, 9.0471177 ], [ 38.7492837, 9.0467177 ], [ 38.7511836, 9.0462683 ], [ 38.7543932, 9.045062 ], [ 38.7565811, 9.0429639 ], [ 38.7618809, 9.0327945 ], [ 38.7696171, 9.026581 ], [ 38.7744641, 9.022064 ], [ 38.7772229, 9.0183928 ], [ 38.7801527, 9.0119568 ], [ 38.7801715, 9.0109604 ], [ 38.778296, 9.0051979 ], [ 38.7782481, 9.0051158 ], [ 38.7766984, 8.9999864 ], [ 38.781175, 8.992913 ], [ 38.7816924, 8.991925 ], [ 38.7822305, 8.9904055 ], [ 38.7820984, 8.9844963 ], [ 38.7773636, 8.975878 ], [ 38.7758334, 8.9749255 ], [ 38.77469210000001, 8.9744785 ], [ 38.7685499, 8.965072 ], [ 38.7689089, 8.9633673 ], [ 38.7689773, 8.9629857 ], [ 38.7662447, 8.9572923 ], [ 38.7615662, 8.9541587 ], [ 38.753071, 8.9476685 ], [ 38.7498212, 8.9465159 ], [ 38.7420176, 8.9391816 ], [ 38.7417063, 8.93874 ], [ 38.7390876, 8.9371395 ], [ 38.7349879, 8.9365877 ], [ 38.7340113, 8.9367007 ], [ 38.725256, 8.9395488 ], [ 38.724478499999989, 8.9399352 ], [ 38.7217632, 8.9415086 ], [ 38.7193868, 8.9430442 ], [ 38.7180213, 8.9442199 ], [ 38.7068989, 8.9474827 ], [ 38.7051688, 8.9476046 ], [ 38.6956286, 8.9491754 ], [ 38.6916556, 8.9516858 ], [ 38.6862583, 8.9620348 ], [ 38.6843044, 8.9624335 ], [ 38.6757541, 8.9675625 ], [ 38.6708015, 8.9744549 ], [ 38.6701541, 8.979376 ], [ 38.6699653, 8.9845572 ], [ 38.6700626, 8.9853753 ], [ 38.6715114, 8.9923428 ], [ 38.6750011, 9.0031694 ], [ 38.6782117, 9.0070371 ], [ 38.6804943, 9.0099273 ], [ 38.681331, 9.011034 ], [ 38.6879361, 9.0203859 ], [ 38.6877595, 9.0220094 ], [ 38.6878972, 9.0225157 ], [ 38.6897814, 9.0249666 ], [ 38.6906075, 9.0251852 ], [ 38.6993368, 9.0329567 ], [ 38.6992764, 9.0336705 ], [ 38.7007637, 9.0376373 ] ] ] } },
{ "type": "Feature", "properties": { "threshold_s": 300, "time_label": "5 min drive" }, "geometry": { "type": "Polygon", "coordinates": [ [ [ 38.7586122, 9.0287572 ], [ 38.7602203, 9.0332626 ], [ 38.7614782, 9.0337253 ], [ 38.7631249, 9.0342974 ], [ 38.7659895, 9.0381559 ], [ 38.7682527, 9.0403707 ], [ 38.7693345, 9.0402439 ], [ 38.7738245, 9.0438158 ], [ 38.774515, 9.0434651 ], [ 38.776106, 9.0423418 ], [ 38.7808876, 9.042545 ], [ 38.7815667, 9.0429275 ], [ 38.7839795, 9.0426594 ], [ 38.7866579, 9.0379459 ], [ 38.7873481, 9.0375579 ], [ 38.7885685, 9.0369963 ], [ 38.7913411, 9.0328014 ], [ 38.7947311, 9.0312946 ], [ 38.7973537, 9.0288307 ], [ 38.7962349, 9.0243572 ], [ 38.7929892, 9.0212511 ], [ 38.788274, 9.0183464 ], [ 38.7870015, 9.0175376 ], [ 38.7830595, 9.0154163 ], [ 38.777837, 9.0134105 ], [ 38.7767513, 9.0132784 ], [ 38.773148, 9.0145762 ], [ 38.7698139, 9.0132732 ], [ 38.769726, 9.0132853 ], [ 38.7674265, 9.0166327 ], [ 38.766175, 9.0194163 ], [ 38.7664473, 9.0226405 ], [ 38.7624111, 9.0266163 ], [ 38.76061330000001, 9.0273217 ], [ 38.7586122, 9.0287572 ] ] ] } },
{ "type": "Feature", "properties": { "threshold_s": 600, "time_label": "10 min drive" }, "geometry": { "type": "Polygon", "coordinates": [ [ [ 38.7423587, 9.0424788 ], [ 38.7466643, 9.047819 ], [ 38.754369, 9.0545885 ], [ 38.7549576, 9.0551301 ], [ 38.7576104, 9.056615 ], [ 38.7604952, 9.0577625 ], [ 38.7695319, 9.0617936 ], [ 38.7718322, 9.0621115 ], [ 38.7746222, 9.0623644 ], [ 38.7799439, 9.0614696 ], [ 38.7890537, 9.0588809 ], [ 38.7892485, 9.0582845 ], [ 38.792129, 9.0494167 ], [ 38.7967241, 9.0428703 ], [ 38.8042312, 9.0365115 ], [ 38.8147181, 9.0359606 ], [ 38.8154149, 9.0358025 ], [ 38.8161143, 9.0355068 ], [ 38.8163561, 9.0349854 ], [ 38.8163782, 9.0349276 ], [ 38.8170572, 9.0307173 ], [ 38.8169372, 9.0230296 ], [ 38.8169497, 9.0197374 ], [ 38.8122518, 9.0124888 ], [ 38.8102646, 9.0083063 ], [ 38.8099822, 9.0077667 ], [ 38.8059445, 9.0070212 ], [ 38.7978869, 9.0019288 ], [ 38.792624, 8.9985777 ], [ 38.7918951, 8.9981743 ], [ 38.7866273, 8.9961126 ], [ 38.7807734, 8.9938303 ], [ 38.7800358, 8.9938575 ], [ 38.7746638, 8.9941942 ], [ 38.7650014, 8.9976644 ], [ 38.757125, 9.0039735 ], [ 38.7544001, 9.0055835 ], [ 38.7473376, 9.0123175 ], [ 38.7472759, 9.012391 ], [ 38.7445414, 9.0165448 ], [ 38.7391099, 9.0256144 ], [ 38.7389087, 9.0265804 ], [ 38.7376407, 9.0344672 ], [ 38.7423587, 9.0424788 ] ] ] } },
{ "type": "Feature", "properties": { "threshold_s": 900, "time_label": "15 min drive" }, "geometry": { "type": "Polygon", "coordinates": [ [ [ 38.7268496, 9.0566972 ], [ 38.7332008, 9.0640745 ], [ 38.7419737, 9.0678634 ], [ 38.7500198, 9.0734554 ], [ 38.7523673, 9.0750431 ], [ 38.7567401, 9.0780534 ], [ 38.7569319, 9.0781488 ], [ 38.7592721, 9.0777621 ], [ 38.7696094, 9.0769923 ], [ 38.7742804, 9.0774085 ], [ 38.7845762, 9.0804395 ], [ 38.7856852, 9.0805299 ], [ 38.7946067, 9.076095 ], [ 38.7949508, 9.0759041 ], [ 38.7963992, 9.0704068 ], [ 38.8050477, 9.06282 ], [ 38.8122337, 9.0584121 ], [ 38.8168109, 9.0545661 ], [ 38.8281919, 9.0501257 ], [ 38.8300814, 9.0485407 ], [ 38.8347106, 9.0444106 ], [ 38.8346153, 9.0433417 ], [ 38.8347541, 9.0378691 ], [ 38.8378052, 9.0308846 ], [ 38.8383592, 9.0296847 ], [ 38.8375856, 9.0207761 ], [ 38.8361905, 9.0111168 ], [ 38.8290954, 9.0022733 ], [ 38.8250345, 8.995349 ], [ 38.8163915, 8.9896939 ], [ 38.8097735, 8.9869675 ], [ 38.8035562, 8.9852867 ], [ 38.8021619, 8.9853275 ], [ 38.7996331, 8.9854045 ], [ 38.788826, 8.985809 ], [ 38.7879749, 8.9856538 ], [ 38.7855757, 8.9849273 ], [ 38.7777914, 8.9763594 ], [ 38.7774548, 8.9759568 ], [ 38.7773636, 8.975878 ], [ 38.7760118, 8.9755812 ], [ 38.7748957, 8.9753542 ], [ 38.7676058, 8.9774758 ], [ 38.7624999, 8.9784998 ], [ 38.759964, 8.9792704 ], [ 38.749083, 8.9838288 ], [ 38.7409043, 8.9890675 ], [ 38.7376045, 8.9950873 ], [ 38.7310302, 9.0047443 ], [ 38.7287807, 9.0080888 ], [ 38.7253784, 9.0132798 ], [ 38.7213899, 9.018958 ], [ 38.7182685, 9.0252179 ], [ 38.7182395, 9.025502 ], [ 38.7180884, 9.0376727 ], [ 38.7180375, 9.0394362 ], [ 38.7217462, 9.0482593 ], [ 38.725493899999989, 9.0546703 ], [ 38.7268496, 9.0566972 ] ] ] } },
{ "type": "Feature", "properties": { "threshold_s": 300, "time_label": "5 min drive" }, "geometry": { "type": "Polygon", "coordinates": [ [ [ 38.8577781, 9.0259728 ], [ 38.8584092, 9.0275515 ], [ 38.8603472, 9.0290309 ], [ 38.8627145, 9.030028 ], [ 38.8636881, 9.0301716 ], [ 38.8648603, 9.0291935 ], [ 38.8684198, 9.0290747 ], [ 38.8699011, 9.0331262 ], [ 38.8723256, 9.036599 ], [ 38.8725612, 9.0370068 ], [ 38.8745305, 9.0382901 ], [ 38.8777726, 9.0387014 ], [ 38.8802102, 9.0365619 ], [ 38.8828616, 9.0337065 ], [ 38.8860708, 9.0308388 ], [ 38.8878688, 9.0285414 ], [ 38.8896963, 9.0247433 ], [ 38.8898946, 9.0246598 ], [ 38.8904653, 9.0244195 ], [ 38.8920286, 9.0235164 ], [ 38.8923896, 9.0232173 ], [ 38.8929025, 9.0217775 ], [ 38.8925918, 9.0201278 ], [ 38.8907245, 9.020097 ], [ 38.8906498, 9.0200987 ], [ 38.88828, 9.0220962 ], [ 38.8862294, 9.0192266 ], [ 38.8855438, 9.0154758 ], [ 38.8850949, 9.0125743 ], [ 38.8846399, 9.0113327 ], [ 38.8833021, 9.0107194 ], [ 38.8806286, 9.0082451 ], [ 38.8773858, 9.0068994 ], [ 38.876848, 9.0069762 ], [ 38.8763089, 9.0072795 ], [ 38.8741203, 9.0109293 ], [ 38.8712828, 9.0084156 ], [ 38.8711723, 9.0081477 ], [ 38.8707467, 9.0044099 ], [ 38.870685, 9.0042787 ], [ 38.8702873, 9.0038185 ], [ 38.8697498, 9.0035429 ], [ 38.8685892, 9.003483 ], [ 38.8678959, 9.0035887 ], [ 38.8660779, 9.0040983 ], [ 38.8638241, 9.0055364 ], [ 38.8618067, 9.0088561 ], [ 38.8592551, 9.011641 ], [ 38.8589162, 9.0120015 ], [ 38.85794, 9.0131286 ], [ 38.8572459, 9.0143885 ], [ 38.8566528, 9.0155972 ], [ 38.8566693, 9.0161242 ], [ 38.8566788, 9.016403 ], [ 38.8567029, 9.0169402 ], [ 38.855161, 9.0208735 ], [ 38.8555468, 9.0238136 ], [ 38.8577781, 9.0259728 ] ] ] } },
{ "type": "Feature", "properties": { "threshold_s": 600, "time_label": "10 min drive" }, "geometry": { "type": "Polygon", "coordinates": [ [ [ 38.8459578, 9.0405938 ], [ 38.8480992, 9.0434675 ], [ 38.8499786, 9.0441545 ], [ 38.8515897, 9.0446953 ], [ 38.857696, 9.0470056 ], [ 38.8611813, 9.0496817 ], [ 38.8659955, 9.0479541 ], [ 38.8716953, 9.0526346 ], [ 38.8725943, 9.05595 ], [ 38.876196299999989, 9.057787 ], [ 38.8799251, 9.0593359 ], [ 38.881856, 9.0508919 ], [ 38.8847783, 9.0489287 ], [ 38.8849151, 9.0488107 ], [ 38.8850064, 9.0486798 ], [ 38.8851867, 9.0484094 ], [ 38.8853084, 9.0482034 ], [ 38.8891501, 9.0421339 ], [ 38.8924666, 9.0374161 ], [ 38.8990593, 9.0337165 ], [ 38.8953325, 9.027668 ], [ 38.9002302, 9.0222733 ], [ 38.9008565, 9.0197236 ], [ 38.9004207, 9.0112823 ], [ 38.9028293, 9.006449 ], [ 38.9025959, 9.0057496 ], [ 38.9010751, 9.0044171 ], [ 38.8946532, 8.9977653 ], [ 38.8908108, 8.9956748 ], [ 38.8853466, 8.9905724 ], [ 38.8844347, 8.9899657 ], [ 38.8837534, 8.9899789 ], [ 38.8768521, 8.9925938 ], [ 38.8710961, 8.9968484 ], [ 38.8658631, 8.9953807 ], [ 38.8647621, 8.9947766 ], [ 38.8629837, 8.9934799 ], [ 38.8559806, 8.9882941 ], [ 38.84952, 8.9933573 ], [ 38.8478882, 8.994675 ], [ 38.8460509, 8.9966895 ], [ 38.8425718, 9.0010951 ], [ 38.8418104, 9.0055026 ], [ 38.8377689, 9.0109804 ], [ 38.8377765, 9.0110598 ], [ 38.8380106, 9.0146708 ], [ 38.8337107, 9.0218852 ], [ 38.8336598, 9.0256045 ], [ 38.8373504, 9.0319154 ], [ 38.8434252, 9.0367004 ], [ 38.8446763, 9.0387697 ], [ 38.8449881, 9.0393953 ], [ 38.8459578, 9.0405938 ] ] ] } },
{ "type": "Feature", "properties": { "threshold_s": 900, "time_label": "15 min drive" }, "geometry": { "type": "Polygon", "coordinates": [ [ [ 38.8248239, 9.0468382 ], [ 38.8261583, 9.0486023 ], [ 38.8332729, 9.0541741 ], [ 38.84366510000001, 9.0608013 ], [ 38.8534793, 9.0604848 ], [ 38.8612173, 9.0679129 ], [ 38.8687035, 9.0713511 ], [ 38.8744881, 9.0751794 ], [ 38.8793607, 9.0781469 ], [ 38.8803195, 9.0771202 ], [ 38.8825057, 9.0739698 ], [ 38.882759, 9.0736045 ], [ 38.8837609, 9.0705344 ], [ 38.8847653, 9.0665697 ], [ 38.8851718, 9.0638571 ], [ 38.8852997, 9.0623257 ], [ 38.885408, 9.0601564 ], [ 38.885576, 9.0574365 ], [ 38.8855746, 9.0542708 ], [ 38.8858157, 9.0510063 ], [ 38.8891501, 9.0421339 ], [ 38.8990593, 9.0337165 ], [ 38.9002302, 9.0222733 ], [ 38.9008565, 9.0197236 ], [ 38.9028293, 9.006449 ], [ 38.9025959, 9.0057496 ], [ 38.9023653, 8.9955715 ], [ 38.9043886, 8.9908277 ], [ 38.905657, 8.9885185 ], [ 38.9038277, 8.9880648 ], [ 38.8962032, 8.979302 ], [ 38.8968989, 8.9759151 ], [ 38.894195, 8.9723407 ], [ 38.8843489, 8.9672051 ], [ 38.8774127, 8.9720695 ], [ 38.8726893, 8.9753044 ], [ 38.8632211, 8.9748911 ], [ 38.8542589, 8.9723237 ], [ 38.8539979, 8.9723627 ], [ 38.845005, 8.9794268 ], [ 38.8409653, 8.9806 ], [ 38.832541, 8.985244 ], [ 38.8273051, 8.9870493 ], [ 38.824028, 8.9918751 ], [ 38.8228203, 8.9975902 ], [ 38.8191041, 9.0048297 ], [ 38.8167143, 9.008314 ], [ 38.815215, 9.0114295 ], [ 38.8096449, 9.0204194 ], [ 38.8102174, 9.0215023 ], [ 38.8129946, 9.0250146 ], [ 38.8204633, 9.0360594 ], [ 38.8208375, 9.0377982 ], [ 38.821733, 9.0413572 ], [ 38.8219498, 9.0425347 ], [ 38.8225505, 9.0436723 ], [ 38.8248239, 9.0468382 ] ] ] } },
{ "type": "Feature", "properties": { "threshold_s": 300, "time_label": "5 min drive" }, "geometry": { "type": "Polygon", "coordinates": [ [ [ 38.7013119, 8.9740367 ], [ 38.7017555, 8.9754528 ], [ 38.7029605, 8.97629 ], [ 38.7039784, 8.9764145 ], [ 38.7057853, 8.9756135 ], [ 38.7065117, 8.9752925 ], [ 38.7076208, 8.974797 ], [ 38.7079365, 8.9746578 ], [ 38.7085293, 8.9743943 ], [ 38.7089684, 8.9741971 ], [ 38.7092046, 8.9740936 ], [ 38.7097858, 8.9738359 ], [ 38.7107423, 8.973403 ], [ 38.7110888, 8.9732445 ], [ 38.7120216, 8.9728206 ], [ 38.7131167, 8.9723742 ], [ 38.713758, 8.9722018 ], [ 38.7195794, 8.9737333 ], [ 38.7201381, 8.9741528 ], [ 38.7207261, 8.974319 ], [ 38.7216922, 8.9745963 ], [ 38.7250285, 8.9746682 ], [ 38.7254521, 8.9746749 ], [ 38.7264343, 8.9743913 ], [ 38.7271476, 8.9721707 ], [ 38.7276923, 8.9702858 ], [ 38.7288639, 8.9647068 ], [ 38.7297807, 8.9630168 ], [ 38.7286976, 8.9605895 ], [ 38.7273609, 8.9586358 ], [ 38.7285055, 8.9524321 ], [ 38.7278318, 8.9517028 ], [ 38.7246257, 8.9489119 ], [ 38.7206752, 8.9472689 ], [ 38.7157618, 8.9461813 ], [ 38.7111602, 8.9483774 ], [ 38.7097463, 8.9487392 ], [ 38.7059816, 8.9499556 ], [ 38.7021625, 8.9520316 ], [ 38.6967179, 8.9539261 ], [ 38.6966556, 8.9539567 ], [ 38.696354, 8.9543427 ], [ 38.6958145, 8.9561764 ], [ 38.6963254, 8.9577881 ], [ 38.6984839, 8.9604146 ], [ 38.6997608, 8.96103 ], [ 38.6986901, 8.9671433 ], [ 38.7001897, 8.9677934 ], [ 38.7015824, 8.9729975 ], [ 38.7013119, 8.9740367 ] ] ] } },
{ "type": "Feature", "properties": { "threshold_s": 600, "time_label": "10 min drive" }, "geometry": { "type": "Polygon", "coordinates": [ [ [ 38.6843073, 8.980957 ], [ 38.6868062, 8.9855513 ], [ 38.6894907, 8.9883293 ], [ 38.6918049, 8.9904084 ], [ 38.6934387, 8.9903417 ], [ 38.6937694, 8.9903005 ], [ 38.6957462, 8.989888 ], [ 38.7006956, 8.9876632 ], [ 38.708532, 8.9873345 ], [ 38.7157074, 8.9911531 ], [ 38.7172351, 8.9924321 ], [ 38.7248948, 8.9919464 ], [ 38.7255622, 8.9913882 ], [ 38.726614, 8.990508 ], [ 38.7328845, 8.9858832 ], [ 38.737172, 8.9846817 ], [ 38.7392856, 8.9844684 ], [ 38.7399642, 8.9833478 ], [ 38.7412755, 8.9806774 ], [ 38.7467168, 8.9763062 ], [ 38.7470034, 8.9685065 ], [ 38.747011, 8.9682797 ], [ 38.7468503, 8.9662824 ], [ 38.7457092, 8.9611077 ], [ 38.7452362, 8.9532383 ], [ 38.7461093, 8.9514565 ], [ 38.7465892, 8.9493142 ], [ 38.746371, 8.946891 ], [ 38.7439277, 8.9433089 ], [ 38.7420176, 8.9391816 ], [ 38.7417063, 8.93874 ], [ 38.7390876, 8.9371395 ], [ 38.7341009, 8.9345072 ], [ 38.7287475, 8.9317379 ], [ 38.72531, 8.9298331 ], [ 38.7224093, 8.9284355 ], [ 38.7151672, 8.9307128 ], [ 38.7084521, 8.9306944 ], [ 38.7009394, 8.9337282 ], [ 38.6983983, 8.9354585 ], [ 38.6943345, 8.9403947 ], [ 38.6905998, 8.941313 ], [ 38.6884219, 8.9413436 ], [ 38.6834834, 8.9423024 ], [ 38.6813521, 8.9433443 ], [ 38.6801187, 8.9442031 ], [ 38.6802028, 8.9447962 ], [ 38.6803925, 8.945542 ], [ 38.6810593, 8.9510858 ], [ 38.6803134, 8.9557227 ], [ 38.6803973, 8.9570556 ], [ 38.6829673, 8.9643809 ], [ 38.6811676, 8.9684219 ], [ 38.6805524, 8.9714571 ], [ 38.6814732, 8.9754234 ], [ 38.6843073, 8.980957 ] ] ] } },
{ "type": "Feature", "properties": { "threshold_s": 900, "time_label": "15 min drive" }, "geometry": { "type": "Polygon", "coordinates": [ [ [ 38.6695119, 8.9972185 ], [ 38.6739323, 9.0037124 ], [ 38.6759077, 9.0046105 ], [ 38.6807397, 9.0054304 ], [ 38.6888976, 9.0066504 ], [ 38.6933347, 9.0078285 ], [ 38.6941741, 9.0080131 ], [ 38.6948428, 9.0079074 ], [ 38.6956797, 9.0077828 ], [ 38.7047267, 9.0076213 ], [ 38.7070539, 9.0071297 ], [ 38.7083933, 9.0069683 ], [ 38.7093153, 9.006394 ], [ 38.7114443, 9.004792 ], [ 38.7190919, 9.0068716 ], [ 38.7197143, 9.0079515 ], [ 38.7211949, 9.0118768 ], [ 38.7213199, 9.0119876 ], [ 38.721633, 9.0119422 ], [ 38.7225071, 9.0114307 ], [ 38.7315971, 9.0104161 ], [ 38.7340657, 9.0117861 ], [ 38.734345, 9.011761 ], [ 38.7361045, 9.0114294 ], [ 38.7435774, 9.0082213 ], [ 38.7436921, 9.00817 ], [ 38.7501269, 9.0016904 ], [ 38.7508968, 9.0014908 ], [ 38.754504, 8.996779 ], [ 38.7584202, 8.990331 ], [ 38.7599512, 8.986485 ], [ 38.7634208, 8.9814204 ], [ 38.764073, 8.9772204 ], [ 38.76242, 8.9685074 ], [ 38.762618, 8.9673329 ], [ 38.7627127, 8.9666965 ], [ 38.7628423, 8.9658809 ], [ 38.7656731, 8.9576793 ], [ 38.7657507, 8.9573351 ], [ 38.7633968, 8.9532148 ], [ 38.7615139, 8.9475109 ], [ 38.758741, 8.9406331 ], [ 38.7576368, 8.9340032 ], [ 38.7588708, 8.9308813 ], [ 38.7588814, 8.9300036 ], [ 38.7552407, 8.9281744 ], [ 38.7494676, 8.9230907 ], [ 38.7466537, 8.9217025 ], [ 38.7414672, 8.9178736 ], [ 38.7350249, 8.9129064 ], [ 38.7307687, 8.9115857 ], [ 38.7295807, 8.9119588 ], [ 38.727289399999989, 8.9135477 ], [ 38.7226438, 8.9196104 ], [ 38.714174, 8.9207268 ], [ 38.7113597, 8.9196049 ], [ 38.7074294, 8.9215038 ], [ 38.7061105, 8.9260876 ], [ 38.7023014, 8.9317601 ], [ 38.69870250000001, 8.9321675 ], [ 38.6985399, 8.9324667 ], [ 38.6983983, 8.9354585 ], [ 38.6943345, 8.9403947 ], [ 38.6875914, 8.9395825 ], [ 38.6866843, 8.9390464 ], [ 38.6859834, 8.9390791 ], [ 38.6829914, 8.9401098 ], [ 38.6802779, 8.943664 ], [ 38.6801187, 8.9442031 ], [ 38.6802028, 8.9447962 ], [ 38.6803925, 8.945542 ], [ 38.6804992, 8.9510846 ], [ 38.6803134, 8.9557227 ], [ 38.6748818, 8.9586978 ], [ 38.6726743, 8.9593681 ], [ 38.6665157, 8.9610838 ], [ 38.6656135, 8.9619237 ], [ 38.6645143, 8.9630084 ], [ 38.6640909, 8.9635748 ], [ 38.6632624, 8.9662267 ], [ 38.6637981, 8.9700616 ], [ 38.6617736, 8.9757947 ], [ 38.6615473, 8.9833127 ], [ 38.6650782, 8.9902412 ], [ 38.6679448, 8.9949774 ], [ 38.6695119, 8.9972185 ] ] ] } },
{ "type": "Feature", "properties": { "threshold_s": 300, "time_label": "5 min drive" }, "geometry": { "type": "Polygon", "coordinates": [ [ [ 38.8128331, 9.0038105 ], [ 38.8147415, 9.0063073 ], [ 38.8186656, 9.0079074 ], [ 38.8208704, 9.0101618 ], [ 38.8229602, 9.0115936 ], [ 38.8253129, 9.0138996 ], [ 38.8303554, 9.0157136 ], [ 38.8320299, 9.0137945 ], [ 38.8360991, 9.0128035 ], [ 38.836747699999989, 9.0128996 ], [ 38.8368092, 9.0128559 ], [ 38.8378245, 9.0118913 ], [ 38.8397099, 9.0096992 ], [ 38.840755, 9.0083711 ], [ 38.84359, 9.0051701 ], [ 38.8444112, 9.0042941 ], [ 38.8453189, 9.002885 ], [ 38.8458922, 9.0009408 ], [ 38.8458968, 8.9989063 ], [ 38.8436262, 8.9960947 ], [ 38.8425573, 8.9931792 ], [ 38.8436814, 8.9895324 ], [ 38.8426673, 8.9877079 ], [ 38.8418519, 8.9834647 ], [ 38.8419177, 8.9820854 ], [ 38.841754, 8.9816827 ], [ 38.8410306, 8.9806387 ], [ 38.8402788, 8.9799951 ], [ 38.8388063, 8.9797725 ], [ 38.8374652, 8.982443 ], [ 38.8355902, 8.9835434 ], [ 38.832541, 8.985244 ], [ 38.8289297, 8.9840815 ], [ 38.8289573, 8.9805409 ], [ 38.8291678, 8.9800169 ], [ 38.8292298, 8.9798834 ], [ 38.8304619, 8.9779273 ], [ 38.8302928, 8.9775749 ], [ 38.8296479, 8.9770834 ], [ 38.8268535, 8.977765 ], [ 38.8257123, 8.9824576 ], [ 38.821542, 8.9849817 ], [ 38.8210234, 8.9850889 ], [ 38.8196728, 8.9858488 ], [ 38.8190351, 8.9862093 ], [ 38.8175372, 8.9873423 ], [ 38.8135928, 8.9897028 ], [ 38.8130743, 8.9918827 ], [ 38.8129546, 8.9937641 ], [ 38.813348, 8.995177 ], [ 38.8138032, 8.9966209 ], [ 38.8145953, 8.9982925 ], [ 38.8149598, 8.999404 ], [ 38.8128331, 9.0038105 ] ] ] } },
{ "type": "Feature", "properties": { "threshold_s": 600, "time_label": "10 min drive" }, "geometry": { "type": "Polygon", "coordinates": [ [ [ 38.7938625, 9.0123367 ], [ 38.7955268, 9.014495 ], [ 38.8016899, 9.0200113 ], [ 38.8045576, 9.0198433 ], [ 38.8132756, 9.0242962 ], [ 38.8191392, 9.0273882 ], [ 38.8272859, 9.032712 ], [ 38.8287294, 9.0329818 ], [ 38.8364166, 9.0337891 ], [ 38.8379864, 9.0337553 ], [ 38.8444008, 9.031015 ], [ 38.8472273, 9.0262842 ], [ 38.8526753, 9.0203494 ], [ 38.8536722, 9.0188654 ], [ 38.8569501, 9.0143982 ], [ 38.8592551, 9.011641 ], [ 38.8675529, 9.0072271 ], [ 38.8670161, 9.0046012 ], [ 38.8658631, 8.9953807 ], [ 38.8616259, 8.9880652 ], [ 38.8627614, 8.983308 ], [ 38.862619, 8.9826484 ], [ 38.8585998, 8.9765871 ], [ 38.8542589, 8.9723237 ], [ 38.8539979, 8.9723627 ], [ 38.8470313, 8.9708627 ], [ 38.842897, 8.9625338 ], [ 38.8438837, 8.9596556 ], [ 38.8428792, 8.9593588 ], [ 38.8360059, 8.9594912 ], [ 38.8309743, 8.9575601 ], [ 38.8249257, 8.9633665 ], [ 38.8178784, 8.9641427 ], [ 38.8154065, 8.963706 ], [ 38.8145122, 8.9640577 ], [ 38.8139486, 8.9647046 ], [ 38.813615, 8.9669886 ], [ 38.8124616, 8.9711806 ], [ 38.8150683, 8.9737532 ], [ 38.8208006, 8.9803978 ], [ 38.817983, 8.985495 ], [ 38.8097735, 8.9869675 ], [ 38.8079529, 8.9863615 ], [ 38.8066972, 8.9860036 ], [ 38.8035562, 8.9852867 ], [ 38.8021619, 8.9853275 ], [ 38.7996331, 8.9854045 ], [ 38.7971379, 8.9861223 ], [ 38.7967554, 8.986409 ], [ 38.7935246, 8.9897445 ], [ 38.7935972, 8.9898297 ], [ 38.7953449, 8.9913077 ], [ 38.7959164, 8.9919359 ], [ 38.7981365, 8.9992974 ], [ 38.7955181, 9.0020965 ], [ 38.7946308, 9.0046325 ], [ 38.7938893, 9.010515 ], [ 38.7936795, 9.0120493 ], [ 38.7938625, 9.0123367 ] ] ] } },
{ "type": "Feature", "properties": { "threshold_s": 900, "time_label": "15 min drive" }, "geometry": { "type": "Polygon", "coordinates": [ [ [ 38.7834075, 9.0320275 ], [ 38.7834835, 9.0321406 ], [ 38.7913411, 9.0328014 ], [ 38.805898, 9.0343795 ], [ 38.8151065, 9.0452571 ], [ 38.8264969, 9.0514454 ], [ 38.8286179, 9.0524749 ], [ 38.835362, 9.0513862 ], [ 38.8438708, 9.050832 ], [ 38.8557609, 9.045279 ], [ 38.862044, 9.0394746 ], [ 38.8623875, 9.0387877 ], [ 38.8627239, 9.0380887 ], [ 38.8686174, 9.0269972 ], [ 38.8769115, 9.0250655 ], [ 38.8784334, 9.0250432 ], [ 38.8814904, 9.0214402 ], [ 38.8873444, 9.0105604 ], [ 38.8857165, 8.9973431 ], [ 38.8856351, 8.9970926 ], [ 38.8849094, 8.9963212 ], [ 38.8839908, 8.9956417 ], [ 38.8817418, 8.9964086 ], [ 38.8776031, 8.9979266 ], [ 38.8735718, 8.9973809 ], [ 38.8659556, 8.990281 ], [ 38.8694492, 8.9826364 ], [ 38.8775994, 8.9815828 ], [ 38.8781248, 8.9776941 ], [ 38.8776728, 8.9723689 ], [ 38.8769052, 8.9712658 ], [ 38.8757913, 8.9712919 ], [ 38.8631319, 8.9641831 ], [ 38.8617231, 8.9654777 ], [ 38.8542589, 8.9723237 ], [ 38.8465713, 8.9618096 ], [ 38.8466016, 8.9594007 ], [ 38.8470608, 8.9552296 ], [ 38.8454729, 8.949174 ], [ 38.8390062, 8.944634 ], [ 38.8370698, 8.9433912 ], [ 38.8304204, 8.9422865 ], [ 38.8216172, 8.939896 ], [ 38.8201462, 8.9474028 ], [ 38.8231898, 8.9589257 ], [ 38.8180145, 8.9621375 ], [ 38.8159096, 8.9632423 ], [ 38.8045563, 8.961435 ], [ 38.8013922, 8.9600013 ], [ 38.7949917, 8.9607146 ], [ 38.7923209, 8.9649386 ], [ 38.7929548, 8.9660988 ], [ 38.7939021, 8.9663229 ], [ 38.8073882, 8.9718973 ], [ 38.8021619, 8.9853275 ], [ 38.7996331, 8.9854045 ], [ 38.7971379, 8.9861223 ], [ 38.788826, 8.985809 ], [ 38.7879749, 8.9856538 ], [ 38.7855757, 8.9849273 ], [ 38.7842988, 8.9845215 ], [ 38.7787516, 8.9794447 ], [ 38.7773296, 8.9786623 ], [ 38.7765684, 8.9791387 ], [ 38.7744577, 8.9807854 ], [ 38.7740695, 8.9819107 ], [ 38.7741154, 8.9932832 ], [ 38.7741375, 8.9945623 ], [ 38.7747095, 9.005959 ], [ 38.7743198, 9.0122732 ], [ 38.7778352, 9.0234959 ], [ 38.7834075, 9.0320275 ] ] ] } },
{ "type": "Feature", "properties": { "threshold_s": 300, "time_label": "5 min drive" }, "geometry": { "type": "Polygon", "coordinates": [ [ [ 38.7559373, 9.0307996 ], [ 38.7585036, 9.0357844 ], [ 38.7595774, 9.0367257 ], [ 38.7624425, 9.0386823 ], [ 38.7625107, 9.0387169 ], [ 38.7654082, 9.0400723 ], [ 38.7678988, 9.0418997 ], [ 38.7685836, 9.041233 ], [ 38.7733433, 9.041089 ], [ 38.7738203, 9.0437256 ], [ 38.7738169, 9.044023 ], [ 38.773845, 9.0443406 ], [ 38.7761137, 9.0441588 ], [ 38.7814517, 9.0422574 ], [ 38.7830773, 9.0424728 ], [ 38.7840646, 9.0399581 ], [ 38.7866579, 9.0379459 ], [ 38.7878439, 9.0355234 ], [ 38.7913411, 9.0328014 ], [ 38.7933345, 9.0314512 ], [ 38.7943505, 9.0307929 ], [ 38.7964648, 9.0288238 ], [ 38.7962349, 9.0243572 ], [ 38.7939805, 9.0211028 ], [ 38.7906721, 9.0178852 ], [ 38.7874703, 9.0134929 ], [ 38.7868075, 9.0141864 ], [ 38.7813604, 9.0122926 ], [ 38.7813332, 9.0121982 ], [ 38.7811587, 9.0112123 ], [ 38.7809817, 9.0108855 ], [ 38.7806296, 9.0112613 ], [ 38.7751447, 9.0097636 ], [ 38.7742957, 9.0098175 ], [ 38.7692515, 9.0104413 ], [ 38.7672256, 9.0115334 ], [ 38.7654814, 9.0154268 ], [ 38.7623398, 9.017288 ], [ 38.7605536, 9.0224021 ], [ 38.7572955, 9.0263761 ], [ 38.75534, 9.028952 ], [ 38.7559373, 9.0307996 ] ] ] } },
{ "type": "Feature", "properties": { "threshold_s": 600, "time_label": "10 min drive" }, "geometry": { "type": "Polygon", "coordinates": [ [ [ 38.7397933, 9.0438992 ], [ 38.7452884, 9.0498578 ], [ 38.7489405, 9.0536645 ], [ 38.7577216, 9.0590008 ], [ 38.7588853, 9.0596236 ], [ 38.7601738, 9.0598012 ], [ 38.7697233, 9.0622119 ], [ 38.7762883, 9.0624261 ], [ 38.780483, 9.0621365 ], [ 38.7897943, 9.0594104 ], [ 38.7899904, 9.0583905 ], [ 38.792129, 9.0494167 ], [ 38.7967241, 9.0428703 ], [ 38.8042312, 9.0365115 ], [ 38.8097365, 9.0345983 ], [ 38.8151629, 9.0350542 ], [ 38.8153981, 9.0345482 ], [ 38.8154254, 9.0344793 ], [ 38.815954, 9.0315147 ], [ 38.8169372, 9.0230296 ], [ 38.8151325, 9.0204597 ], [ 38.8117229, 9.0129526 ], [ 38.8096299, 9.0091688 ], [ 38.8070616, 9.0064311 ], [ 38.8024677, 9.0009613 ], [ 38.7948523, 8.9966292 ], [ 38.7910791, 8.9942343 ], [ 38.7847989, 8.9917454 ], [ 38.7779312, 8.9897209 ], [ 38.7727274, 8.9902942 ], [ 38.7662967, 8.9928308 ], [ 38.7619851, 8.9958804 ], [ 38.7553215, 8.9994472 ], [ 38.7513207, 9.0020037 ], [ 38.7500717, 9.0048308 ], [ 38.7441227, 9.0100953 ], [ 38.7440647, 9.0101702 ], [ 38.7398939, 9.016366 ], [ 38.73605, 9.0252109 ], [ 38.7348936, 9.0348074 ], [ 38.7372337, 9.0414067 ], [ 38.7397933, 9.0438992 ] ] ] } },
{ "type": "Feature", "properties": { "threshold_s": 900, "time_label": "15 min drive" }, "geometry": { "type": "Polygon", "coordinates": [ [ [ 38.7202049, 9.0529697 ], [ 38.7256051, 9.0606301 ], [ 38.7318847, 9.066792 ], [ 38.732668, 9.067268 ], [ 38.7431467, 9.0728621 ], [ 38.7510584, 9.0755627 ], [ 38.7613576, 9.0810134 ], [ 38.7718275, 9.0782706 ], [ 38.7845762, 9.0804395 ], [ 38.7856852, 9.0805299 ], [ 38.7946067, 9.076095 ], [ 38.7949508, 9.0759041 ], [ 38.7963992, 9.0704068 ], [ 38.8077852, 9.0636738 ], [ 38.8129846, 9.057032 ], [ 38.817692, 9.0514193 ], [ 38.8276478, 9.0493413 ], [ 38.8289064, 9.0485204 ], [ 38.8341393, 9.0441867 ], [ 38.836793299999989, 9.0307971 ], [ 38.8375525, 9.0214989 ], [ 38.8353683, 9.0113968 ], [ 38.8303265, 9.0044892 ], [ 38.8250345, 8.995349 ], [ 38.8234667, 8.9929713 ], [ 38.8234091, 8.9929084 ], [ 38.819135, 8.98891 ], [ 38.8182259, 8.9885504 ], [ 38.8166645, 8.988021 ], [ 38.8066972, 8.9860036 ], [ 38.8035562, 8.9852867 ], [ 38.8021619, 8.9853275 ], [ 38.7996331, 8.9854045 ], [ 38.7899075, 8.9859732 ], [ 38.7880106, 8.9854871 ], [ 38.7777914, 8.9763594 ], [ 38.7755072, 8.9716351 ], [ 38.7652743, 8.9732919 ], [ 38.7576654, 8.9743967 ], [ 38.7487046, 8.9789307 ], [ 38.7388376, 8.9858469 ], [ 38.7345606, 8.9911895 ], [ 38.7307139, 8.9976947 ], [ 38.7292146, 9.0052443 ], [ 38.7211645, 9.011808 ], [ 38.7164264, 9.0211177 ], [ 38.7152166, 9.0245608 ], [ 38.715158, 9.0253611 ], [ 38.7151311, 9.0261072 ], [ 38.7148164, 9.0374572 ], [ 38.7153059, 9.0385067 ], [ 38.7158425, 9.0395671 ], [ 38.7177066, 9.0438 ], [ 38.7202049, 9.0529697 ] ] ] } },
{ "type": "Feature", "properties": { "threshold_s": 300, "time_label": "5 min drive" }, "geometry": { "type": "Polygon", "coordinates": [ [ [ 38.748097799999989, 9.0489924 ], [ 38.7498386, 9.0527075 ], [ 38.7533629, 9.05423 ], [ 38.7572967, 9.0574294 ], [ 38.7598514, 9.0583555 ], [ 38.7611409, 9.058726 ], [ 38.7615053, 9.0588087 ], [ 38.7617172, 9.0587497 ], [ 38.7663088, 9.0566571 ], [ 38.7676134, 9.0550313 ], [ 38.7726371, 9.0539929 ], [ 38.7739502, 9.0513606 ], [ 38.774359, 9.0504163 ], [ 38.7745401, 9.0500413 ], [ 38.777945, 9.0459171 ], [ 38.7781507, 9.04561 ], [ 38.7771903, 9.0441232 ], [ 38.7808546, 9.0405328 ], [ 38.7821976, 9.0400112 ], [ 38.782869, 9.039107 ], [ 38.7829559, 9.0389049 ], [ 38.7830273, 9.0378132 ], [ 38.7824747, 9.0362328 ], [ 38.7806722, 9.0327462 ], [ 38.7794925, 9.0310097 ], [ 38.7761492, 9.027044 ], [ 38.7754401, 9.0268163 ], [ 38.7726906, 9.0277322 ], [ 38.7723979, 9.0278156 ], [ 38.7706975, 9.0282685 ], [ 38.7686882, 9.0283996 ], [ 38.767883, 9.0286497 ], [ 38.7673563, 9.028805 ], [ 38.7625209, 9.0267749 ], [ 38.7624111, 9.0266163 ], [ 38.7616201, 9.0233396 ], [ 38.7638895, 9.0199177 ], [ 38.7638225, 9.0193203 ], [ 38.7638073, 9.0191651 ], [ 38.7631698, 9.0178485 ], [ 38.7633018, 9.0192267 ], [ 38.7587366, 9.0212076 ], [ 38.7585779, 9.0211134 ], [ 38.7582698, 9.020931 ], [ 38.7581095, 9.0208226 ], [ 38.7576048, 9.0205008 ], [ 38.7573476, 9.020515 ], [ 38.7562857, 9.0230635 ], [ 38.7529988, 9.0254039 ], [ 38.7521793, 9.0286187 ], [ 38.7504043, 9.0309179 ], [ 38.7492119, 9.0335496 ], [ 38.745924100000011, 9.0345964 ], [ 38.7443637, 9.0371691 ], [ 38.744816299999989, 9.038175 ], [ 38.7459194, 9.043053 ], [ 38.7461664, 9.0454582 ], [ 38.748097799999989, 9.0489924 ] ] ] } },
{ "type": "Feature", "properties": { "threshold_s": 600, "time_label": "10 min drive" }, "geometry": { "type": "Polygon", "coordinates": [ [ [ 38.7288002, 9.0551051 ], [ 38.7332008, 9.0640745 ], [ 38.7406658, 9.0688157 ], [ 38.7500198, 9.0734554 ], [ 38.7523673, 9.0750431 ], [ 38.7567401, 9.0780534 ], [ 38.7569319, 9.0781488 ], [ 38.7612186, 9.0800548 ], [ 38.7714839, 9.0764306 ], [ 38.7768111, 9.0738567 ], [ 38.7834871, 9.0688441 ], [ 38.7900783, 9.064246 ], [ 38.7911607, 9.0626362 ], [ 38.7921169, 9.0608802 ], [ 38.7923007, 9.0604109 ], [ 38.7923789, 9.0599606 ], [ 38.792129, 9.0494167 ], [ 38.7967241, 9.0428703 ], [ 38.7918929, 9.0415089 ], [ 38.7947311, 9.0312946 ], [ 38.7968678, 9.0306899 ], [ 38.7988474, 9.0307862 ], [ 38.8005564, 9.0303732 ], [ 38.8022468, 9.0290022 ], [ 38.8022679, 9.0289403 ], [ 38.8004962, 9.0219356 ], [ 38.7978525, 9.0207495 ], [ 38.7948892, 9.0195714 ], [ 38.7877233, 9.0124807 ], [ 38.7876914, 9.0124761 ], [ 38.7806171, 9.0092399 ], [ 38.7782481, 9.0051158 ], [ 38.7699206, 8.9987492 ], [ 38.7667234, 8.9974203 ], [ 38.758485, 8.999819 ], [ 38.7570314, 9.0005711 ], [ 38.7525602, 9.0030854 ], [ 38.7432431, 9.0074962 ], [ 38.7407623, 9.0108375 ], [ 38.7370836, 9.016526 ], [ 38.7326105, 9.0193875 ], [ 38.7316443, 9.0198941 ], [ 38.7307501, 9.0205858 ], [ 38.7274235, 9.0285839 ], [ 38.7240786, 9.0347561 ], [ 38.7246908, 9.0446318 ], [ 38.7250096, 9.0457555 ], [ 38.7288002, 9.0551051 ] ] ] } },
{ "type": "Feature", "properties": { "threshold_s": 900, "time_label": "15 min drive" }, "geometry": { "type": "Polygon", "coordinates": [ [ [ 38.7157707, 9.0714928 ], [ 38.7160362, 9.0719192 ], [ 38.7233493, 9.0781739 ], [ 38.7235789, 9.0781644 ], [ 38.7324589, 9.0764417 ], [ 38.7377219, 9.0759888 ], [ 38.7382369, 9.0758127 ], [ 38.7445479, 9.0766414 ], [ 38.7465249, 9.0792228 ], [ 38.741257, 9.0875976 ], [ 38.7437648, 9.0886729 ], [ 38.7450655, 9.0881607 ], [ 38.7452926, 9.0879694 ], [ 38.7478956, 9.0789074 ], [ 38.7536985, 9.0820899 ], [ 38.761552, 9.0882703 ], [ 38.7613663, 9.093263 ], [ 38.7639566, 9.0927503 ], [ 38.7646413, 9.0925122 ], [ 38.7646995, 9.0913532 ], [ 38.7625162, 9.0885921 ], [ 38.7622379, 9.0881776 ], [ 38.7613576, 9.0810134 ], [ 38.7700425, 9.0798452 ], [ 38.773237, 9.081739 ], [ 38.7736219, 9.0787401 ], [ 38.7742804, 9.0774085 ], [ 38.7836453, 9.0772787 ], [ 38.7845762, 9.0804395 ], [ 38.7856852, 9.0805299 ], [ 38.7946067, 9.076095 ], [ 38.7949508, 9.0759041 ], [ 38.7963992, 9.0704068 ], [ 38.8028473, 9.0628395 ], [ 38.8050477, 9.06282 ], [ 38.8077852, 9.0636738 ], [ 38.8117052, 9.0558481 ], [ 38.8141984, 9.0503108 ], [ 38.8141823, 9.0469243 ], [ 38.8185852, 9.0380609 ], [ 38.8194678, 9.0374917 ], [ 38.8214511, 9.0364996 ], [ 38.8208033, 9.0302269 ], [ 38.8208135, 9.0241331 ], [ 38.8199606, 9.0189684 ], [ 38.8161268, 9.0119246 ], [ 38.8122211, 9.0056435 ], [ 38.8115813, 9.0049238 ], [ 38.8034099, 9.0004249 ], [ 38.7956395, 8.9945489 ], [ 38.7952264, 8.9934812 ], [ 38.7949535, 8.9927309 ], [ 38.7938117, 8.9895998 ], [ 38.7937429, 8.9895272 ], [ 38.7855757, 8.9849273 ], [ 38.779409, 8.9827553 ], [ 38.7718453, 8.9814706 ], [ 38.7650426, 8.9787808 ], [ 38.759488, 8.9783088 ], [ 38.751215, 8.9809463 ], [ 38.7494497, 8.9805597 ], [ 38.7461206, 8.9833069 ], [ 38.737164, 8.9860752 ], [ 38.733775, 8.9882291 ], [ 38.7327638, 8.9902492 ], [ 38.728349, 8.997969 ], [ 38.7292146, 9.0052443 ], [ 38.7285474, 9.0064755 ], [ 38.7186849, 9.0064457 ], [ 38.7182142, 9.0066464 ], [ 38.7168986, 9.0089339 ], [ 38.7151935, 9.0129759 ], [ 38.7152307, 9.0130989 ], [ 38.7156287, 9.0220832 ], [ 38.7102871, 9.0290528 ], [ 38.7097773, 9.0296256 ], [ 38.7078524, 9.0318588 ], [ 38.707201, 9.0325792 ], [ 38.7069777, 9.0333302 ], [ 38.7061644, 9.0379737 ], [ 38.7071957, 9.0399671 ], [ 38.7085965, 9.0415372 ], [ 38.7122999, 9.0485977 ], [ 38.7113282, 9.0544456 ], [ 38.710757, 9.0570043 ], [ 38.7106494, 9.0583536 ], [ 38.7154944, 9.0661054 ], [ 38.7146036, 9.0688953 ], [ 38.7157707, 9.0714928 ] ] ] } },
{ "type": "Feature", "properties": { "threshold_s": 300, "time_label": "5 min drive" }, "geometry": { "type": "Polygon", "coordinates": [ [ [ 38.7800908, 9.0202484 ], [ 38.7778352, 9.0234959 ], [ 38.7806417, 9.0258586 ], [ 38.7845473, 9.0282398 ], [ 38.7874505, 9.0295787 ], [ 38.7884042, 9.0291921 ], [ 38.7891555, 9.0285121 ], [ 38.7905104, 9.0269941 ], [ 38.7940937, 9.0255635 ], [ 38.796299, 9.025302 ], [ 38.7963524, 9.0252368 ], [ 38.7974667, 9.0235442 ], [ 38.7992964, 9.0204626 ], [ 38.8019774, 9.0198821 ], [ 38.802462, 9.0194301 ], [ 38.8030901, 9.0149569 ], [ 38.8034284, 9.0138029 ], [ 38.8041047, 9.011598 ], [ 38.805683, 9.007259 ], [ 38.8071023, 9.0065099 ], [ 38.8070616, 9.0064311 ], [ 38.8050475, 9.0035139 ], [ 38.8053968, 9.0014888 ], [ 38.8056015, 9.0006917 ], [ 38.8057421, 8.9997211 ], [ 38.8057964, 8.9980584 ], [ 38.8034011, 8.9988843 ], [ 38.8004776, 8.9984045 ], [ 38.7965052, 8.9969379 ], [ 38.7956395, 8.9945489 ], [ 38.7952264, 8.9934812 ], [ 38.7949535, 8.9927309 ], [ 38.793088, 8.9904577 ], [ 38.7930034, 8.9904073 ], [ 38.7879873, 8.9904466 ], [ 38.7867721, 8.989924 ], [ 38.7838371, 8.9909241 ], [ 38.7821462, 8.9917529 ], [ 38.7792163, 8.9939508 ], [ 38.7772892, 8.9944502 ], [ 38.7770092, 8.9949946 ], [ 38.777362, 8.9984848 ], [ 38.7779966, 8.9994625 ], [ 38.7757771, 9.0033548 ], [ 38.7734655, 9.0030482 ], [ 38.7727683, 9.0030296 ], [ 38.7715399, 9.004392 ], [ 38.7715262, 9.0057579 ], [ 38.7720729, 9.0079411 ], [ 38.7721322, 9.008018 ], [ 38.7742634, 9.0124589 ], [ 38.7743465, 9.0124832 ], [ 38.776373, 9.0129175 ], [ 38.7790322, 9.0148252 ], [ 38.7807383, 9.0166185 ], [ 38.7800908, 9.0202484 ] ] ] } },
{ "type": "Feature", "properties": { "threshold_s": 600, "time_label": "10 min drive" }, "geometry": { "type": "Polygon", "coordinates": [ [ [ 38.7575971, 9.0292881 ], [ 38.7599654, 9.0337094 ], [ 38.7681748, 9.0407239 ], [ 38.7740028, 9.0422343 ], [ 38.7822492, 9.0445549 ], [ 38.7841617, 9.0449933 ], [ 38.7843072, 9.0447727 ], [ 38.7846968, 9.0439655 ], [ 38.788646, 9.0371199 ], [ 38.7997189, 9.0335465 ], [ 38.805898, 9.0343795 ], [ 38.8097365, 9.0345983 ], [ 38.8130282, 9.033534 ], [ 38.8219882, 9.0245452 ], [ 38.8243115, 9.0177309 ], [ 38.8264608, 9.0058175 ], [ 38.8259665, 8.9992417 ], [ 38.824568, 8.9902986 ], [ 38.8201058, 8.985035 ], [ 38.8066972, 8.9860036 ], [ 38.8035562, 8.9852867 ], [ 38.8021619, 8.9853275 ], [ 38.7996331, 8.9854045 ], [ 38.788826, 8.985809 ], [ 38.7879749, 8.9856538 ], [ 38.7855757, 8.9849273 ], [ 38.7777914, 8.9763594 ], [ 38.7774548, 8.9759568 ], [ 38.7773636, 8.975878 ], [ 38.7760118, 8.9755812 ], [ 38.7754259, 8.9755749 ], [ 38.7747477, 8.9756875 ], [ 38.7741197, 8.9758294 ], [ 38.7676058, 8.9774758 ], [ 38.763834, 8.9819059 ], [ 38.7619202, 8.9856735 ], [ 38.7563042, 8.994218 ], [ 38.7556778, 8.9958187 ], [ 38.7547566, 9.0057969 ], [ 38.7519181, 9.0117755 ], [ 38.7518519, 9.0129481 ], [ 38.7536536, 9.0182268 ], [ 38.7575971, 9.0292881 ] ] ] } },
{ "type": "Feature", "properties": { "threshold_s": 900, "time_label": "15 min drive" }, "geometry": { "type": "Polygon", "coordinates": [ [ [ 38.7399448, 9.040324 ], [ 38.7463626, 9.0482666 ], [ 38.7565047, 9.0554225 ], [ 38.7604952, 9.0577625 ], [ 38.768486, 9.0602528 ], [ 38.7780094, 9.0616968 ], [ 38.7799439, 9.0614696 ], [ 38.7895918, 9.0594385 ], [ 38.789871, 9.0588193 ], [ 38.8059801, 9.0520908 ], [ 38.8146597, 9.0507876 ], [ 38.8271413, 9.0476369 ], [ 38.832886, 9.0432387 ], [ 38.8425111, 9.0322145 ], [ 38.8426997, 9.031717 ], [ 38.8442271, 9.0186967 ], [ 38.8441724, 9.0106055 ], [ 38.8441673, 9.0105137 ], [ 38.8431904, 9.0075458 ], [ 38.84098, 8.9998776 ], [ 38.8436814, 8.9895324 ], [ 38.8419177, 8.9820854 ], [ 38.841754, 8.9816827 ], [ 38.8410306, 8.9806387 ], [ 38.829171, 8.9683279 ], [ 38.8263241, 8.9672496 ], [ 38.8250452, 8.9671403 ], [ 38.8224761, 8.968892 ], [ 38.8181772, 8.9717424 ], [ 38.8182654, 8.9741014 ], [ 38.8066972, 8.9860036 ], [ 38.8035562, 8.9852867 ], [ 38.8021619, 8.9853275 ], [ 38.7996331, 8.9854045 ], [ 38.7971379, 8.9861223 ], [ 38.7899075, 8.9859732 ], [ 38.7880106, 8.9854871 ], [ 38.7855757, 8.9849273 ], [ 38.7828796, 8.9680649 ], [ 38.7865958, 8.9662315 ], [ 38.789109, 8.9656155 ], [ 38.7893819, 8.9631741 ], [ 38.7877415, 8.9621761 ], [ 38.7863537, 8.9622428 ], [ 38.7693863, 8.9578936 ], [ 38.7673415, 8.9565798 ], [ 38.7656786, 8.9573427 ], [ 38.7540645, 8.9682208 ], [ 38.7432719, 8.9790354 ], [ 38.7388376, 8.9858469 ], [ 38.7382566, 8.9884032 ], [ 38.7378312, 8.9901859 ], [ 38.733824, 9.0047681 ], [ 38.7313651, 9.0081259 ], [ 38.7286933, 9.0122012 ], [ 38.7314075, 9.0161863 ], [ 38.7339138, 9.019717 ], [ 38.7376407, 9.0344672 ], [ 38.7399448, 9.040324 ] ] ] } },
{ "type": "Feature", "properties": { "threshold_s": 300, "time_label": "5 min drive" }, "geometry": { "type": "Polygon", "coordinates": [ [ [ 38.8253413, 9.0436966 ], [ 38.827148, 9.0459125 ], [ 38.8280926, 9.0460676 ], [ 38.8294012, 9.0463634 ], [ 38.8310199, 9.0461687 ], [ 38.8347495, 9.0457204 ], [ 38.8359256, 9.0493536 ], [ 38.8358993, 9.0508337 ], [ 38.8395104, 9.0509108 ], [ 38.8423777, 9.0510737 ], [ 38.8438708, 9.050832 ], [ 38.8457277, 9.0501837 ], [ 38.8495097, 9.0495413 ], [ 38.8529298, 9.0493724 ], [ 38.854233, 9.0497003 ], [ 38.8574594, 9.0498635 ], [ 38.8592903, 9.0492778 ], [ 38.8599534, 9.0490153 ], [ 38.8603347, 9.0470407 ], [ 38.8619495, 9.0443437 ], [ 38.8645505, 9.0408076 ], [ 38.8644817, 9.0406976 ], [ 38.8639641, 9.0398187 ], [ 38.8626225, 9.0370207 ], [ 38.8620956, 9.0352 ], [ 38.859686, 9.0336626 ], [ 38.8595912, 9.0311883 ], [ 38.8586361, 9.0303282 ], [ 38.8554186, 9.0293157 ], [ 38.8528088, 9.0259356 ], [ 38.8525147, 9.0259371 ], [ 38.8511109, 9.0261157 ], [ 38.8486332, 9.0231775 ], [ 38.8485809, 9.0219779 ], [ 38.847197799999989, 9.0212844 ], [ 38.8461209, 9.021348 ], [ 38.8418171, 9.0213402 ], [ 38.8387245, 9.0216508 ], [ 38.8384925, 9.0238534 ], [ 38.8344511, 9.0256608 ], [ 38.8337884, 9.0249687 ], [ 38.8327705, 9.0253233 ], [ 38.8291374, 9.0267422 ], [ 38.8281232, 9.0310987 ], [ 38.8254958, 9.0328719 ], [ 38.8227573, 9.0332944 ], [ 38.823517699999989, 9.0370374 ], [ 38.8240961, 9.0403013 ], [ 38.8253413, 9.0436966 ] ] ] } },
{ "type": "Feature", "properties": { "threshold_s": 600, "time_label": "10 min drive" }, "geometry": { "type": "Polygon", "coordinates": [ [ [ 38.8061678, 9.0500234 ], [ 38.8062062, 9.0507558 ], [ 38.8104406, 9.0510525 ], [ 38.8141796, 9.0561964 ], [ 38.8181224, 9.0611946 ], [ 38.819266399999989, 9.0618158 ], [ 38.8255781, 9.06194 ], [ 38.8304083, 9.062813 ], [ 38.8371769, 9.0588359 ], [ 38.843521, 9.0630858 ], [ 38.8446374, 9.0675065 ], [ 38.8448721, 9.0682839 ], [ 38.8450371, 9.0690732 ], [ 38.8459278, 9.0684039 ], [ 38.8457465, 9.0672761 ], [ 38.8480774, 9.0596809 ], [ 38.8534793, 9.0604848 ], [ 38.8597329, 9.0644142 ], [ 38.8633472, 9.0656047 ], [ 38.8662887, 9.0601397 ], [ 38.8721093, 9.0587366 ], [ 38.8721804, 9.0587187 ], [ 38.875886, 9.05777 ], [ 38.8776581, 9.0545126 ], [ 38.87991, 9.0485734 ], [ 38.8774783, 9.0445532 ], [ 38.8764706, 9.0435772 ], [ 38.8754878, 9.0426029 ], [ 38.874522, 9.0417825 ], [ 38.8730906, 9.0419826 ], [ 38.8681483, 9.0364148 ], [ 38.8699011, 9.0331262 ], [ 38.8745982, 9.0307306 ], [ 38.8758281, 9.0295949 ], [ 38.875839, 9.0291596 ], [ 38.8758381, 9.0278238 ], [ 38.8758455, 9.0273522 ], [ 38.8758598, 9.0264432 ], [ 38.875865, 9.0259877 ], [ 38.8758654, 9.0255527 ], [ 38.8758645, 9.0250714 ], [ 38.8758518, 9.0249142 ], [ 38.8750607, 9.0232452 ], [ 38.8720174, 9.0191011 ], [ 38.8691893, 9.0177508 ], [ 38.8625494, 9.0133271 ], [ 38.8592485, 9.0102925 ], [ 38.8579933, 9.0090749 ], [ 38.8575332, 9.0086359 ], [ 38.8566571, 9.0078192 ], [ 38.8520229, 9.0038196 ], [ 38.8517382, 9.0038426 ], [ 38.8472617, 9.0055208 ], [ 38.8399138, 9.0026787 ], [ 38.8348794, 9.0020687 ], [ 38.8291792, 9.0038807 ], [ 38.8257506, 9.0084273 ], [ 38.822939, 9.0090412 ], [ 38.821716, 9.0089211 ], [ 38.8205452, 9.0095604 ], [ 38.8193872, 9.0104136 ], [ 38.8183136, 9.0119977 ], [ 38.8175437, 9.0163151 ], [ 38.8133688, 9.0197109 ], [ 38.811567599999989, 9.0200756 ], [ 38.811054, 9.0201534 ], [ 38.8096449, 9.0204194 ], [ 38.8078818, 9.0205801 ], [ 38.8077958, 9.0213498 ], [ 38.8039535, 9.0282703 ], [ 38.805898, 9.0343795 ], [ 38.8097365, 9.0345983 ], [ 38.8144658, 9.0377323 ], [ 38.8133065, 9.0453999 ], [ 38.8085872, 9.048062 ], [ 38.8061678, 9.0500234 ] ] ] } },
{ "type": "Feature", "properties": { "threshold_s": 900, "time_label": "15 min drive" }, "geometry": { "type": "Polygon", "coordinates": [ [ [ 38.7965722, 9.0568573 ], [ 38.7985679, 9.0600791 ], [ 38.8069985, 9.0664515 ], [ 38.811484, 9.0642857 ], [ 38.821016, 9.0692213 ], [ 38.8250561, 9.0709038 ], [ 38.8251595, 9.0708333 ], [ 38.8304083, 9.062813 ], [ 38.843521, 9.0630858 ], [ 38.8446374, 9.0675065 ], [ 38.8448721, 9.0682839 ], [ 38.8450371, 9.0690732 ], [ 38.8366391, 9.0821031 ], [ 38.8438261, 9.0795684 ], [ 38.8502835, 9.0694646 ], [ 38.8586265, 9.0719033 ], [ 38.8592863, 9.0725469 ], [ 38.863089, 9.0812146 ], [ 38.8681188, 9.0797049 ], [ 38.8746352, 9.0764206 ], [ 38.8754292, 9.0759994 ], [ 38.8834319, 9.070976 ], [ 38.8847653, 9.0665697 ], [ 38.8851718, 9.0638571 ], [ 38.8852997, 9.0623257 ], [ 38.885408, 9.0601564 ], [ 38.885576, 9.0574365 ], [ 38.8855746, 9.0542708 ], [ 38.8891501, 9.0421339 ], [ 38.8924666, 9.0374161 ], [ 38.8926476, 9.0338109 ], [ 38.8965147, 9.0225137 ], [ 38.8944717, 9.0201679 ], [ 38.8850409, 9.0106075 ], [ 38.8767032, 8.9999374 ], [ 38.87197780000001, 8.9972456 ], [ 38.8638173, 8.9912566 ], [ 38.8637898, 8.9912337 ], [ 38.8551102, 8.9833849 ], [ 38.853838, 8.9823195 ], [ 38.8498034, 8.9841664 ], [ 38.8371688, 8.9852844 ], [ 38.8289297, 8.9840815 ], [ 38.8228863, 8.9850231 ], [ 38.8131514, 8.9907937 ], [ 38.8081755, 8.9953317 ], [ 38.8043088, 8.9993655 ], [ 38.7974873, 9.0060231 ], [ 38.7872721, 9.0151271 ], [ 38.7823693, 9.0265065 ], [ 38.7813864, 9.0285192 ], [ 38.7864758, 9.0378832 ], [ 38.7918929, 9.0415089 ], [ 38.7967241, 9.0428703 ], [ 38.8007203, 9.0474898 ], [ 38.7965722, 9.0568573 ] ] ] } },
{ "type": "Feature", "properties": { "threshold_s": 300, "time_label": "5 min drive" }, "geometry": { "type": "Polygon", "coordinates": [ [ [ 38.762877, 9.0129834 ], [ 38.7640158, 9.0171291 ], [ 38.766175, 9.0194163 ], [ 38.7686595, 9.0207369 ], [ 38.7713573, 9.0204686 ], [ 38.7732625, 9.0224856 ], [ 38.7753358, 9.0224459 ], [ 38.7757073, 9.021581 ], [ 38.778081, 9.0202005 ], [ 38.7803283, 9.0233325 ], [ 38.7806577, 9.0238498 ], [ 38.7811059, 9.0234327 ], [ 38.7828895, 9.0215465 ], [ 38.7863129, 9.0211792 ], [ 38.7904462, 9.020033 ], [ 38.791997, 9.0167392 ], [ 38.7946213, 9.0130306 ], [ 38.796052, 9.0087716 ], [ 38.797055, 9.0051511 ], [ 38.7970275, 9.0050917 ], [ 38.7967938, 9.004626 ], [ 38.7965531, 9.0041497 ], [ 38.7959731, 9.0027659 ], [ 38.7958496, 9.0027295 ], [ 38.7958042, 9.0028503 ], [ 38.7937877, 9.0050546 ], [ 38.7936953, 9.0050935 ], [ 38.7917389, 9.0056483 ], [ 38.7892042, 9.0040436 ], [ 38.7897293, 8.9996859 ], [ 38.7906855, 8.9993148 ], [ 38.7913789, 8.9990156 ], [ 38.7920983, 8.9987684 ], [ 38.792624, 8.9985777 ], [ 38.7931544, 8.9983837 ], [ 38.7936291, 8.9982041 ], [ 38.7941482, 8.9979968 ], [ 38.7946719, 8.9978068 ], [ 38.7951352, 8.9973643 ], [ 38.7956395, 8.9945489 ], [ 38.793028, 8.9918786 ], [ 38.7932496, 8.9902193 ], [ 38.7931797, 8.9901665 ], [ 38.7913071, 8.9904803 ], [ 38.7877175, 8.9895661 ], [ 38.7835729, 8.9882331 ], [ 38.7812904, 8.9882357 ], [ 38.778357, 8.9864793 ], [ 38.7764753, 8.9868029 ], [ 38.7756031, 8.9871261 ], [ 38.7755492, 8.9871715 ], [ 38.7750361, 8.9888151 ], [ 38.7729333, 8.9927706 ], [ 38.77013, 8.9942115 ], [ 38.7692598, 8.9946288 ], [ 38.7681658, 8.9951992 ], [ 38.7652306, 8.9972696 ], [ 38.7629789, 9.000368 ], [ 38.7632006, 9.0023557 ], [ 38.763698, 9.0032032 ], [ 38.7643257, 9.0041211 ], [ 38.7657386, 9.0080142 ], [ 38.764761, 9.0088177 ], [ 38.7643986, 9.0090118 ], [ 38.7636137, 9.009863 ], [ 38.76206, 9.0111118 ], [ 38.762877, 9.0129834 ] ] ] } },
{ "type": "Feature", "properties": { "threshold_s": 600, "time_label": "10 min drive" }, "geometry": { "type": "Polygon", "coordinates": [ [ [ 38.7433939, 9.0207669 ], [ 38.7467348, 9.0260581 ], [ 38.7516948, 9.0287486 ], [ 38.7580195, 9.0345421 ], [ 38.7596169, 9.0366557 ], [ 38.7625107, 9.0387169 ], [ 38.7693345, 9.0402439 ], [ 38.7733433, 9.041089 ], [ 38.7743931, 9.0409883 ], [ 38.7836258, 9.0393199 ], [ 38.7884075, 9.037232 ], [ 38.788646, 9.0371199 ], [ 38.788999, 9.0366321 ], [ 38.7988474, 9.0307862 ], [ 38.8011234, 9.0303124 ], [ 38.8048161, 9.0292985 ], [ 38.808001, 9.0248414 ], [ 38.8133654, 9.0199396 ], [ 38.8133688, 9.0197109 ], [ 38.8138772, 9.0088346 ], [ 38.8154214, 9.0037323 ], [ 38.8160497, 9.0017295 ], [ 38.8165225, 8.9950231 ], [ 38.8163368, 8.9938349 ], [ 38.8097735, 8.9869675 ], [ 38.8079529, 8.9863615 ], [ 38.8066972, 8.9860036 ], [ 38.8035562, 8.9852867 ], [ 38.8021619, 8.9853275 ], [ 38.7996331, 8.9854045 ], [ 38.7899075, 8.9859732 ], [ 38.7880106, 8.9854871 ], [ 38.7855757, 8.9849273 ], [ 38.7777914, 8.9763594 ], [ 38.7759295, 8.9724099 ], [ 38.7750556, 8.9694476 ], [ 38.7664998, 8.9707517 ], [ 38.7655318, 8.9710292 ], [ 38.7618748, 8.9727921 ], [ 38.7597419, 8.9774445 ], [ 38.7532425, 8.9839796 ], [ 38.7503347, 8.9852324 ], [ 38.7458231, 8.9900598 ], [ 38.7450511, 8.9912299 ], [ 38.744418, 8.9932773 ], [ 38.7442241, 8.9943709 ], [ 38.7438853, 8.9969221 ], [ 38.7442678, 9.0050185 ], [ 38.7389403, 9.0110598 ], [ 38.7433939, 9.0207669 ] ] ] } },
{ "type": "Feature", "properties": { "threshold_s": 900, "time_label": "15 min drive" }, "geometry": { "type": "Polygon", "coordinates": [ [ [ 38.7320365, 9.0365238 ], [ 38.734691, 9.0401733 ], [ 38.7452884, 9.0498578 ], [ 38.7489405, 9.0536645 ], [ 38.7592101, 9.059055 ], [ 38.762187, 9.059408 ], [ 38.7756462, 9.0597021 ], [ 38.7802957, 9.0593364 ], [ 38.7825084, 9.0587388 ], [ 38.7878401, 9.0566395 ], [ 38.792129, 9.0494167 ], [ 38.8041703, 9.044401 ], [ 38.8180998, 9.0428171 ], [ 38.8237207, 9.0400382 ], [ 38.8252095, 9.0390797 ], [ 38.83358, 9.0284675 ], [ 38.8368236, 9.0215274 ], [ 38.8340004, 9.0119736 ], [ 38.8332387, 8.9997931 ], [ 38.8343505, 8.9917154 ], [ 38.8342782, 8.9879222 ], [ 38.8284623, 8.9728147 ], [ 38.8252645, 8.9715198 ], [ 38.8233374, 8.973018 ], [ 38.8211327, 8.9767138 ], [ 38.8066972, 8.9860036 ], [ 38.8035562, 8.9852867 ], [ 38.8021619, 8.9853275 ], [ 38.7919347, 8.9698281 ], [ 38.7943107, 8.9661168 ], [ 38.7949132, 8.9643434 ], [ 38.7928357, 8.9593159 ], [ 38.7897114, 8.9573908 ], [ 38.7870262, 8.9564148 ], [ 38.7846661, 8.9557619 ], [ 38.7688543, 8.9481925 ], [ 38.7551532, 8.9573035 ], [ 38.7516552, 8.9596517 ], [ 38.7385016, 8.9691304 ], [ 38.7339346, 8.9746786 ], [ 38.7288739, 8.9857697 ], [ 38.7253797, 8.9978604 ], [ 38.7197471, 9.0087074 ], [ 38.7190403, 9.0111128 ], [ 38.7191591, 9.0121974 ], [ 38.7206503, 9.0215885 ], [ 38.7320365, 9.0365238 ] ] ] } },
{ "type": "Feature", "properties": { "threshold_s": 300, "time_label": "5 min drive" }, "geometry": { "type": "Polygon", "coordinates": [ [ [ 38.7732789, 9.0121882 ], [ 38.773148, 9.0145762 ], [ 38.7732235, 9.0146348 ], [ 38.776373, 9.0129175 ], [ 38.7793668, 9.0132882 ], [ 38.7820039, 9.0176052 ], [ 38.7821732, 9.018387 ], [ 38.782435, 9.0193034 ], [ 38.7865467, 9.0196378 ], [ 38.7893058, 9.018637 ], [ 38.7923031, 9.016046 ], [ 38.7948124, 9.0150846 ], [ 38.7979855, 9.0132711 ], [ 38.7997137, 9.0104342 ], [ 38.8019364, 9.0054341 ], [ 38.8025653, 9.0029326 ], [ 38.8028741, 9.0016579 ], [ 38.802689, 9.0013388 ], [ 38.8024677, 9.0009613 ], [ 38.8007767, 9.0000299 ], [ 38.7994259, 8.9995528 ], [ 38.7965052, 8.9969379 ], [ 38.797341, 8.9927148 ], [ 38.797957, 8.9920335 ], [ 38.7980917, 8.9885152 ], [ 38.7997874, 8.9861208 ], [ 38.7996331, 8.9854045 ], [ 38.7965669, 8.9878238 ], [ 38.791375, 8.9871117 ], [ 38.789819799999989, 8.986366 ], [ 38.788826, 8.985809 ], [ 38.7855757, 8.9849273 ], [ 38.7842988, 8.9845215 ], [ 38.7829895, 8.9840922 ], [ 38.7824454, 8.9839019 ], [ 38.7810382, 8.9833915 ], [ 38.7796793, 8.9834842 ], [ 38.7789774, 8.9838548 ], [ 38.7766992, 8.9857251 ], [ 38.7755492, 8.9871715 ], [ 38.7756274, 8.9883794 ], [ 38.7729333, 8.9927706 ], [ 38.7728371, 8.993451 ], [ 38.7726755, 8.9962277 ], [ 38.7713341, 9.0014454 ], [ 38.768731, 9.0043466 ], [ 38.7705514, 9.0092813 ], [ 38.7732789, 9.0121882 ] ] ] } },
{ "type": "Feature", "properties": { "threshold_s": 600, "time_label": "10 min drive" }, "geometry": { "type": "Polygon", "coordinates": [ [ [ 38.750742, 9.0170997 ], [ 38.7523491, 9.0197223 ], [ 38.754346, 9.0216889 ], [ 38.7636532, 9.0296992 ], [ 38.7722643, 9.0352881 ], [ 38.7797197, 9.0361348 ], [ 38.7894697, 9.0358202 ], [ 38.8011234, 9.0303124 ], [ 38.8048161, 9.0292985 ], [ 38.8137814, 9.0214542 ], [ 38.8183136, 9.0119977 ], [ 38.8197802, 9.0076902 ], [ 38.8210512, 9.0028113 ], [ 38.8217969, 8.9971997 ], [ 38.8216644, 8.994241 ], [ 38.8201058, 8.985035 ], [ 38.8066972, 8.9860036 ], [ 38.8035562, 8.9852867 ], [ 38.8021619, 8.9853275 ], [ 38.7996331, 8.9854045 ], [ 38.7971379, 8.9861223 ], [ 38.7899075, 8.9859732 ], [ 38.7880106, 8.9854871 ], [ 38.7855757, 8.9849273 ], [ 38.7777914, 8.9763594 ], [ 38.7792846, 8.9680911 ], [ 38.7770206, 8.9660067 ], [ 38.7762229, 8.9655186 ], [ 38.7748945, 8.9656073 ], [ 38.7655318, 8.9710292 ], [ 38.7609422, 8.9727954 ], [ 38.7564987, 8.9822218 ], [ 38.7520486, 8.9949625 ], [ 38.7521329, 8.9954333 ], [ 38.7522274, 9.0054683 ], [ 38.7482888, 9.0109348 ], [ 38.7485647, 9.0131598 ], [ 38.750742, 9.0170997 ] ] ] } },
{ "type": "Feature", "properties": { "threshold_s": 900, "time_label": "15 min drive" }, "geometry": { "type": "Polygon", "coordinates": [ [ [ 38.7294848, 9.0178719 ], [ 38.7370889, 9.0322481 ], [ 38.7391086, 9.0340858 ], [ 38.7521066, 9.0449463 ], [ 38.7595873, 9.0507041 ], [ 38.772083, 9.0535098 ], [ 38.7803242, 9.0529142 ], [ 38.783863, 9.0511805 ], [ 38.7892183, 9.0480524 ], [ 38.7967241, 9.0428703 ], [ 38.8042312, 9.0365115 ], [ 38.8174096, 9.0417458 ], [ 38.8180998, 9.0428171 ], [ 38.8256982, 9.0380039 ], [ 38.8344861, 9.0288858 ], [ 38.8375525, 9.0214989 ], [ 38.8375936, 9.0082663 ], [ 38.8366585, 8.9979285 ], [ 38.8396552, 8.9890861 ], [ 38.8392845, 8.9855719 ], [ 38.8391509, 8.9851756 ], [ 38.837948, 8.9837452 ], [ 38.8300543, 8.9713237 ], [ 38.8289182, 8.9663006 ], [ 38.8282921, 8.9652772 ], [ 38.8249257, 8.9633665 ], [ 38.8203894, 8.9657676 ], [ 38.8173366, 8.9680305 ], [ 38.816949, 8.9687279 ], [ 38.8138352, 8.972147 ], [ 38.7981165, 8.9647562 ], [ 38.7953947, 8.9588435 ], [ 38.7931082, 8.9558032 ], [ 38.7907814, 8.9548401 ], [ 38.7879695, 8.9538687 ], [ 38.7855741, 8.953273 ], [ 38.7837025, 8.9528721 ], [ 38.7688543, 8.9481925 ], [ 38.760432, 8.9521374 ], [ 38.7603599, 8.9521885 ], [ 38.7602853, 8.9522603 ], [ 38.7591162, 8.953444 ], [ 38.7518256, 8.961464 ], [ 38.7411668, 8.9711839 ], [ 38.7372518, 8.980258 ], [ 38.7371224, 8.9807872 ], [ 38.7352312, 8.9890555 ], [ 38.7343846, 8.996604 ], [ 38.7303954, 9.0060927 ], [ 38.7288505, 9.0086624 ], [ 38.7264951, 9.0122563 ], [ 38.7294848, 9.0178719 ] ] ] } },
{ "type": "Feature", "properties": { "threshold_s": 300, "time_label": "5 min drive" }, "geometry": { "type": "Polygon", "coordinates": [ [ [ 38.7047663, 8.9713588 ], [ 38.7052419, 8.973599 ], [ 38.7092536, 8.9733372 ], [ 38.7120216, 8.9728206 ], [ 38.7131167, 8.9723742 ], [ 38.713758, 8.9722018 ], [ 38.7160519, 8.9718082 ], [ 38.7195794, 8.9737333 ], [ 38.7220786, 8.974391 ], [ 38.7250285, 8.9746682 ], [ 38.726307, 8.9742748 ], [ 38.7268769, 8.9725026 ], [ 38.7274269, 8.9700523 ], [ 38.7288639, 8.9647068 ], [ 38.7292052, 8.9642452 ], [ 38.7298069, 8.9634364 ], [ 38.7301676, 8.9629974 ], [ 38.7302307, 8.9609954 ], [ 38.7300068, 8.9597149 ], [ 38.7288851, 8.9580275 ], [ 38.731062, 8.9531298 ], [ 38.7316132, 8.9527112 ], [ 38.732519, 8.9518222 ], [ 38.7322864, 8.9497901 ], [ 38.7292342, 8.9479402 ], [ 38.7268938, 8.9447904 ], [ 38.7239396, 8.9437958 ], [ 38.72322230000001, 8.9436084 ], [ 38.7210484, 8.9432293 ], [ 38.7193868, 8.9430442 ], [ 38.7169259, 8.9451545 ], [ 38.7157618, 8.9461813 ], [ 38.7111602, 8.9483774 ], [ 38.7059905, 8.9486177 ], [ 38.7054191, 8.94852 ], [ 38.7026042, 8.9508445 ], [ 38.701669, 8.95218 ], [ 38.6968465, 8.9551229 ], [ 38.6968982, 8.9573255 ], [ 38.6984839, 8.9604146 ], [ 38.7015584, 8.9642617 ], [ 38.7018271, 8.9669357 ], [ 38.7047663, 8.9713588 ] ] ] } },
{ "type": "Feature", "properties": { "threshold_s": 600, "time_label": "10 min drive" }, "geometry": { "type": "Polygon", "coordinates": [ [ [ 38.6860621, 8.9772539 ], [ 38.690928, 8.9848799 ], [ 38.693748, 8.98684 ], [ 38.6972678, 8.9870893 ], [ 38.7056176, 8.9852563 ], [ 38.7071906, 8.9860857 ], [ 38.7079946, 8.9866397 ], [ 38.7085155, 8.9870446 ], [ 38.7152301, 8.9902359 ], [ 38.7164894, 8.9911652 ], [ 38.7173352, 8.9916251 ], [ 38.7230413, 8.9917196 ], [ 38.7238583, 8.9916887 ], [ 38.7255622, 8.9913882 ], [ 38.7256426, 8.9913092 ], [ 38.7328845, 8.9858832 ], [ 38.737172, 8.9846817 ], [ 38.7392856, 8.9844684 ], [ 38.7399087, 8.9830778 ], [ 38.7412755, 8.9806774 ], [ 38.7467116, 8.976404 ], [ 38.7467168, 8.9763062 ], [ 38.7469145, 8.97097 ], [ 38.7470034, 8.9685065 ], [ 38.747011, 8.9682797 ], [ 38.7468503, 8.9662824 ], [ 38.7457092, 8.9611077 ], [ 38.7490782, 8.9529902 ], [ 38.7498187, 8.952433 ], [ 38.7502748, 8.952073 ], [ 38.7522045, 8.946619 ], [ 38.7518922, 8.9462417 ], [ 38.7483571, 8.9415918 ], [ 38.7455661, 8.9363773 ], [ 38.7451406, 8.9357844 ], [ 38.7399642, 8.9348238 ], [ 38.7331916, 8.9297496 ], [ 38.7290963, 8.92814 ], [ 38.7247305, 8.9244677 ], [ 38.7230462, 8.9230617 ], [ 38.7222711, 8.9229708 ], [ 38.7202896, 8.9240603 ], [ 38.7156326, 8.9307128 ], [ 38.7118706, 8.9287413 ], [ 38.7102905, 8.9289621 ], [ 38.7023014, 8.9317601 ], [ 38.69870250000001, 8.9321675 ], [ 38.6985399, 8.9324667 ], [ 38.6943345, 8.9403947 ], [ 38.6905998, 8.941313 ], [ 38.6884219, 8.9413436 ], [ 38.6872833, 8.9418058 ], [ 38.6820762, 8.9440633 ], [ 38.6806098, 8.9449029 ], [ 38.6806364, 8.9463045 ], [ 38.6810593, 8.9510858 ], [ 38.6803134, 8.9557227 ], [ 38.6803973, 8.9570556 ], [ 38.6829673, 8.9643809 ], [ 38.6824067, 8.9665296 ], [ 38.6823463, 8.9666952 ], [ 38.6820781, 8.9677735 ], [ 38.681899799999989, 8.9686346 ], [ 38.6820728, 8.9695976 ], [ 38.6860621, 8.9772539 ] ] ] } },
{ "type": "Feature", "properties": { "threshold_s": 900, "time_label": "15 min drive" }, "geometry": { "type": "Polygon", "coordinates": [ [ [ 38.6708522, 8.9927879 ], [ 38.6772401, 9.0017206 ], [ 38.6810039, 9.0019786 ], [ 38.6942996, 9.0041178 ], [ 38.7053932, 9.0070716 ], [ 38.70637090000001, 9.0069047 ], [ 38.7093153, 9.006394 ], [ 38.721633, 9.0119422 ], [ 38.7343774, 9.0117304 ], [ 38.7360857, 9.0112532 ], [ 38.7433631, 9.0074509 ], [ 38.750182, 9.0012712 ], [ 38.7503682, 9.0010764 ], [ 38.7543744, 8.9964764 ], [ 38.7584202, 8.990331 ], [ 38.7637274, 8.9810227 ], [ 38.7646558, 8.9779692 ], [ 38.7630964, 8.9742431 ], [ 38.762618, 8.9673329 ], [ 38.7667072, 8.9588799 ], [ 38.7673693, 8.9570893 ], [ 38.7654933, 8.9463752 ], [ 38.765286, 8.9339046 ], [ 38.762958, 8.9281725 ], [ 38.760928, 8.9260011 ], [ 38.7589558, 8.9240405 ], [ 38.7497851, 8.9178583 ], [ 38.7470126, 8.9164625 ], [ 38.7384724, 8.9084234 ], [ 38.7362968, 8.9081686 ], [ 38.73353, 8.9082675 ], [ 38.727289399999989, 8.9135477 ], [ 38.7226438, 8.9196104 ], [ 38.714174, 8.9207268 ], [ 38.7113597, 8.9196049 ], [ 38.7030194, 8.9214373 ], [ 38.69870250000001, 8.9321675 ], [ 38.6985399, 8.9324667 ], [ 38.6866843, 8.9390464 ], [ 38.6859834, 8.9390791 ], [ 38.6829914, 8.9401098 ], [ 38.6802779, 8.943664 ], [ 38.6801187, 8.9442031 ], [ 38.6802028, 8.9447962 ], [ 38.6803925, 8.945542 ], [ 38.6804992, 8.9510846 ], [ 38.6736308, 8.9592919 ], [ 38.6713801, 8.9608836 ], [ 38.6687248, 8.9622594 ], [ 38.6675135, 8.9643257 ], [ 38.6669811, 8.9662702 ], [ 38.6654815, 8.9747876 ], [ 38.6649105, 8.9780391 ], [ 38.6647363, 8.9793725 ], [ 38.6651483, 8.9826103 ], [ 38.6708522, 8.9927879 ] ] ] } },
{ "type": "Feature", "properties": { "threshold_s": 300, "time_label": "5 min drive" }, "geometry": { "type": "Polygon", "coordinates": [ [ [ 38.7633917, 9.0291295 ], [ 38.7631958, 9.029803 ], [ 38.7637138, 9.0300983 ], [ 38.7684305, 9.0329237 ], [ 38.769884, 9.0342295 ], [ 38.771258, 9.0349868 ], [ 38.7722643, 9.0352881 ], [ 38.7779067, 9.0359559 ], [ 38.7828374, 9.0322795 ], [ 38.7859405, 9.0306672 ], [ 38.7867588, 9.0301967 ], [ 38.7884042, 9.0291921 ], [ 38.7891555, 9.0285121 ], [ 38.7901173, 9.0243729 ], [ 38.7929798, 9.0211669 ], [ 38.7895982, 9.0173518 ], [ 38.7872721, 9.0151271 ], [ 38.7866215, 9.0149869 ], [ 38.7834518, 9.0134488 ], [ 38.7823498, 9.0091425 ], [ 38.7807231, 9.0031349 ], [ 38.7802617, 9.0027226 ], [ 38.780006899999989, 9.0025548 ], [ 38.7772268, 9.0028263 ], [ 38.7727683, 9.0030296 ], [ 38.7715399, 9.004392 ], [ 38.771041, 9.0056867 ], [ 38.7700137, 9.0073279 ], [ 38.7699708, 9.0073954 ], [ 38.7672577, 9.0104737 ], [ 38.7636137, 9.009863 ], [ 38.76206, 9.0111118 ], [ 38.7627136, 9.0143638 ], [ 38.7576248, 9.0176281 ], [ 38.7570594, 9.0187168 ], [ 38.7600498, 9.0221853 ], [ 38.7602254, 9.0222978 ], [ 38.7605536, 9.0224021 ], [ 38.7645123, 9.0221623 ], [ 38.7664952, 9.0274613 ], [ 38.7633917, 9.0291295 ] ] ] } },
{ "type": "Feature", "properties": { "threshold_s": 600, "time_label": "10 min drive" }, "geometry": { "type": "Polygon", "coordinates": [ [ [ 38.7471727, 9.0405749 ], [ 38.7507784, 9.0448296 ], [ 38.7546235, 9.0476622 ], [ 38.7592765, 9.0510377 ], [ 38.7661342, 9.053286 ], [ 38.766855, 9.0535004 ], [ 38.7731861, 9.0546946 ], [ 38.7801124, 9.0545531 ], [ 38.7811055, 9.0542851 ], [ 38.7847826, 9.0523901 ], [ 38.7892183, 9.0480524 ], [ 38.7906995, 9.0454025 ], [ 38.7918929, 9.0415089 ], [ 38.7898711, 9.0353037 ], [ 38.7947311, 9.0312946 ], [ 38.7997189, 9.0335465 ], [ 38.805898, 9.0343795 ], [ 38.8093754, 9.0315008 ], [ 38.8094542, 9.0313608 ], [ 38.8104577, 9.0228264 ], [ 38.8133654, 9.0199396 ], [ 38.8133688, 9.0197109 ], [ 38.8107811, 9.013385 ], [ 38.8087619, 9.0094305 ], [ 38.8059445, 9.0070212 ], [ 38.8024677, 9.0009613 ], [ 38.7965052, 8.9969379 ], [ 38.7966211, 8.9916862 ], [ 38.7966919, 8.9912265 ], [ 38.7942992, 8.9887271 ], [ 38.791375, 8.9871117 ], [ 38.7888132, 8.9859297 ], [ 38.7855757, 8.9849273 ], [ 38.779409, 8.9827553 ], [ 38.7769699, 8.9823757 ], [ 38.7734041, 8.9824351 ], [ 38.7659047, 8.9839108 ], [ 38.7622024, 8.9876198 ], [ 38.756775, 8.9921858 ], [ 38.75289990000001, 8.992923 ], [ 38.7474963, 8.9973345 ], [ 38.7415638, 9.0038567 ], [ 38.7380894, 9.0087405 ], [ 38.7339308, 9.0164814 ], [ 38.7338799, 9.0168248 ], [ 38.7382824, 9.0249508 ], [ 38.7408745, 9.0306912 ], [ 38.7445018, 9.0369724 ], [ 38.7471727, 9.0405749 ] ] ] } },
{ "type": "Feature", "properties": { "threshold_s": 900, "time_label": "15 min drive" }, "geometry": { "type": "Polygon", "coordinates": [ [ [ 38.7319874, 9.0553044 ], [ 38.7360201, 9.0611151 ], [ 38.747436, 9.0671263 ], [ 38.7602142, 9.07337 ], [ 38.7606353, 9.0733806 ], [ 38.7732129, 9.073078 ], [ 38.7821725, 9.0738098 ], [ 38.7912866, 9.0708174 ], [ 38.7987955, 9.0602014 ], [ 38.7995495, 9.0593061 ], [ 38.8067417, 9.0509496 ], [ 38.8166174, 9.046587 ], [ 38.8167786, 9.0465382 ], [ 38.8253413, 9.0436966 ], [ 38.8267191, 9.0428673 ], [ 38.8288784, 9.0413308 ], [ 38.8290707, 9.0410743 ], [ 38.8328062, 9.0282913 ], [ 38.8352508, 9.020929 ], [ 38.8353704, 9.0205201 ], [ 38.8340004, 9.0119736 ], [ 38.8337425, 9.0114417 ], [ 38.829148, 9.00484 ], [ 38.8235284, 8.9954953 ], [ 38.8230317, 8.9945957 ], [ 38.822824, 8.994281 ], [ 38.8185425, 8.9890321 ], [ 38.8166645, 8.988021 ], [ 38.8079529, 8.9863615 ], [ 38.8066972, 8.9860036 ], [ 38.8035562, 8.9852867 ], [ 38.8021619, 8.9853275 ], [ 38.7996331, 8.9854045 ], [ 38.7971379, 8.9861223 ], [ 38.7899075, 8.9859732 ], [ 38.7880106, 8.9854871 ], [ 38.7855757, 8.9849273 ], [ 38.7842988, 8.9845215 ], [ 38.7787516, 8.9794447 ], [ 38.7804589, 8.9680504 ], [ 38.7804395, 8.9665631 ], [ 38.7764513, 8.9654406 ], [ 38.7726275, 8.964449 ], [ 38.7663539, 8.9652701 ], [ 38.7565422, 8.9679672 ], [ 38.7478308, 8.9722231 ], [ 38.7435445, 8.9750427 ], [ 38.7427163, 8.9755959 ], [ 38.7369735, 8.9800154 ], [ 38.7325033, 8.9848697 ], [ 38.7309319, 8.9868939 ], [ 38.7255468, 8.9955578 ], [ 38.7186849, 9.0064457 ], [ 38.7168986, 9.0089339 ], [ 38.7152307, 9.0130989 ], [ 38.7152763, 9.0236018 ], [ 38.7166768, 9.0262317 ], [ 38.7216635, 9.0355831 ], [ 38.7250096, 9.0457555 ], [ 38.7319874, 9.0553044 ] ] ] } },
{ "type": "Feature", "properties": { "threshold_s": 300, "time_label": "5 min drive" }, "geometry": { "type": "Polygon", "coordinates": [ [ [ 38.7960927, 9.0209248 ], [ 38.7970364, 9.0240514 ], [ 38.799208, 9.0254482 ], [ 38.8020936, 9.0264203 ], [ 38.8055937, 9.0257918 ], [ 38.8075975, 9.0272945 ], [ 38.809383, 9.0265432 ], [ 38.8129946, 9.0250146 ], [ 38.8143496, 9.0279621 ], [ 38.8144997, 9.0290358 ], [ 38.8144722, 9.0294405 ], [ 38.8116564, 9.0325841 ], [ 38.8129082, 9.0334593 ], [ 38.8130282, 9.033534 ], [ 38.8167679, 9.0323597 ], [ 38.8201064, 9.0340822 ], [ 38.8245369, 9.0342374 ], [ 38.8279863, 9.0352506 ], [ 38.8292431, 9.0310917 ], [ 38.8305773, 9.0302009 ], [ 38.8323994, 9.0290547 ], [ 38.83358, 9.0284675 ], [ 38.8337897, 9.0245121 ], [ 38.8337666, 9.0238721 ], [ 38.8312004, 9.0234909 ], [ 38.8293744, 9.0218604 ], [ 38.8285495, 9.0210826 ], [ 38.8265759, 9.0200041 ], [ 38.8260162, 9.0169832 ], [ 38.8259322, 9.0165565 ], [ 38.8243533, 9.0146504 ], [ 38.8226905, 9.0141508 ], [ 38.8209495, 9.013644 ], [ 38.8174128, 9.0151084 ], [ 38.8149607, 9.0141972 ], [ 38.8128841, 9.0134943 ], [ 38.8125756, 9.0144427 ], [ 38.812659, 9.0157173 ], [ 38.811054, 9.0201534 ], [ 38.8096449, 9.0204194 ], [ 38.8089635, 9.0205448 ], [ 38.8055028, 9.0178143 ], [ 38.8048898, 9.0171913 ], [ 38.8030907, 9.0146854 ], [ 38.802571, 9.014448 ], [ 38.8006603, 9.0148448 ], [ 38.8007463, 9.0153373 ], [ 38.797182, 9.0184257 ], [ 38.7967567, 9.0182941 ], [ 38.7954471, 9.0178669 ], [ 38.7960927, 9.0209248 ] ] ] } },
{ "type": "Feature", "properties": { "threshold_s": 600, "time_label": "10 min drive" }, "geometry": { "type": "Polygon", "coordinates": [ [ [ 38.7752482, 9.0271537 ], [ 38.7771424, 9.0349296 ], [ 38.7795494, 9.0368103 ], [ 38.7866579, 9.0379459 ], [ 38.7884075, 9.037232 ], [ 38.788646, 9.0371199 ], [ 38.788999, 9.0366321 ], [ 38.7997189, 9.0335465 ], [ 38.8031475, 9.0364072 ], [ 38.8041703, 9.044401 ], [ 38.8111165, 9.0496857 ], [ 38.812258, 9.0504033 ], [ 38.8141581, 9.0514736 ], [ 38.8250117, 9.053549 ], [ 38.8277435, 9.0545674 ], [ 38.8283698, 9.054631 ], [ 38.8352993, 9.0528523 ], [ 38.8415927, 9.049032 ], [ 38.8441399, 9.0453328 ], [ 38.8506618, 9.0391287 ], [ 38.852754, 9.0378566 ], [ 38.8550878, 9.036132 ], [ 38.8529791, 9.0264362 ], [ 38.8500344, 9.0211574 ], [ 38.8486883, 9.0184892 ], [ 38.8466544, 9.0103372 ], [ 38.8401092, 9.0045006 ], [ 38.8398108, 9.0042449 ], [ 38.8349131, 9.0008394 ], [ 38.8282243, 8.9959768 ], [ 38.8254945, 8.9955529 ], [ 38.8147899, 8.9922479 ], [ 38.813744, 8.9920134 ], [ 38.8128091, 8.9918903 ], [ 38.8124356, 8.9918892 ], [ 38.8116711, 8.9918933 ], [ 38.8113809, 8.9918976 ], [ 38.8040898, 8.9947794 ], [ 38.7956395, 8.9945489 ], [ 38.7882698, 9.0017096 ], [ 38.7805977, 9.0074831 ], [ 38.7746289, 9.010785 ], [ 38.7745133, 9.0110996 ], [ 38.7743198, 9.0122732 ], [ 38.7739203, 9.0217859 ], [ 38.7752482, 9.0271537 ] ] ] } },
{ "type": "Feature", "properties": { "threshold_s": 900, "time_label": "15 min drive" }, "geometry": { "type": "Polygon", "coordinates": [ [ [ 38.7600057, 9.0440359 ], [ 38.7614698, 9.0465278 ], [ 38.7652991, 9.0499347 ], [ 38.7664616, 9.0508498 ], [ 38.7710611, 9.052157 ], [ 38.7795458, 9.0530105 ], [ 38.7803242, 9.0529142 ], [ 38.783424, 9.0521186 ], [ 38.7965722, 9.0568573 ], [ 38.7985679, 9.0600791 ], [ 38.8069985, 9.0664515 ], [ 38.8180608, 9.064728 ], [ 38.8304083, 9.062813 ], [ 38.8448721, 9.0682839 ], [ 38.8450371, 9.0690732 ], [ 38.8459278, 9.0684039 ], [ 38.853946, 9.0604914 ], [ 38.8543698, 9.0598689 ], [ 38.8553005, 9.0583366 ], [ 38.8611813, 9.0496817 ], [ 38.870313, 9.04973 ], [ 38.8709688, 9.0486776 ], [ 38.8683777, 9.0387989 ], [ 38.8698443, 9.0273614 ], [ 38.8728561, 9.0211404 ], [ 38.8728838, 9.0207276 ], [ 38.8722213, 9.0189084 ], [ 38.8669745, 9.0081191 ], [ 38.8661315, 9.0068727 ], [ 38.8580862, 8.9971206 ], [ 38.8522949, 8.9930413 ], [ 38.8473916, 8.9889473 ], [ 38.841754, 8.9816827 ], [ 38.8410306, 8.9806387 ], [ 38.8402788, 8.9799951 ], [ 38.8296479, 8.9770834 ], [ 38.8268535, 8.977765 ], [ 38.825469, 8.9781279 ], [ 38.8208006, 8.9803978 ], [ 38.8066972, 8.9860036 ], [ 38.8035562, 8.9852867 ], [ 38.8021619, 8.9853275 ], [ 38.7996331, 8.9854045 ], [ 38.7842988, 8.9845215 ], [ 38.7829895, 8.9840922 ], [ 38.7790937, 8.9824536 ], [ 38.7782412, 8.9822022 ], [ 38.7755492, 8.9871715 ], [ 38.7650467, 8.9975944 ], [ 38.7549917, 9.0080034 ], [ 38.7519181, 9.0117755 ], [ 38.7544893, 9.0173204 ], [ 38.7542995, 9.0292944 ], [ 38.7547358, 9.0318906 ], [ 38.7600057, 9.0440359 ] ] ] } },
{ "type": "Feature", "properties": { "threshold_s": 300, "time_label": "5 min drive" }, "geometry": { "type": "Polygon", "coordinates": [ [ [ 38.7199992, 9.0319081 ], [ 38.7208284, 9.0332042 ], [ 38.7236852, 9.0351997 ], [ 38.7258382, 9.0378062 ], [ 38.7275301, 9.039367 ], [ 38.7310807, 9.0399107 ], [ 38.7318948, 9.0403809 ], [ 38.7319387, 9.0403691 ], [ 38.7354313, 9.0378042 ], [ 38.736193, 9.036334 ], [ 38.739012, 9.0339387 ], [ 38.7417706, 9.0340836 ], [ 38.7428963, 9.0345213 ], [ 38.7439918, 9.0343989 ], [ 38.7475825, 9.0323943 ], [ 38.7485994, 9.0316501 ], [ 38.7501956, 9.027699 ], [ 38.7502819, 9.0275903 ], [ 38.7490247, 9.0251276 ], [ 38.7485325, 9.0211011 ], [ 38.7485379, 9.0210493 ], [ 38.7487686, 9.0189104 ], [ 38.7515909, 9.0170547 ], [ 38.7498254, 9.0140209 ], [ 38.748495, 9.0131042 ], [ 38.7473376, 9.0123175 ], [ 38.7448159, 9.0088842 ], [ 38.7447023, 9.0088719 ], [ 38.7441227, 9.0100953 ], [ 38.74049, 9.0107113 ], [ 38.7387063, 9.0084186 ], [ 38.7401543, 9.0057577 ], [ 38.7405633, 9.0055545 ], [ 38.739708899999989, 9.0047463 ], [ 38.7368803, 9.0018037 ], [ 38.7346404, 9.0011646 ], [ 38.7325948, 9.0017547 ], [ 38.732501, 9.001813 ], [ 38.730182, 9.0046135 ], [ 38.7292146, 9.0052443 ], [ 38.7285474, 9.0064755 ], [ 38.7284978, 9.0065722 ], [ 38.7287807, 9.0080888 ], [ 38.726517, 9.0109459 ], [ 38.7225071, 9.0114307 ], [ 38.7201735, 9.0095651 ], [ 38.7197471, 9.0087074 ], [ 38.7190403, 9.0111128 ], [ 38.7191591, 9.0121974 ], [ 38.7191807, 9.0122896 ], [ 38.7188622, 9.016363 ], [ 38.7172717, 9.0182925 ], [ 38.7171452, 9.0185363 ], [ 38.716879, 9.0190493 ], [ 38.7160489, 9.0210002 ], [ 38.7156287, 9.0220832 ], [ 38.7153381, 9.0230401 ], [ 38.7152763, 9.0236018 ], [ 38.715158, 9.0253611 ], [ 38.7151311, 9.0261072 ], [ 38.7160363, 9.0271251 ], [ 38.7170696, 9.0279516 ], [ 38.7195483, 9.0309808 ], [ 38.7199992, 9.0319081 ] ] ] } },
{ "type": "Feature", "properties": { "threshold_s": 600, "time_label": "10 min drive" }, "geometry": { "type": "Polygon", "coordinates": [ [ [ 38.7126895, 9.0491096 ], [ 38.7171903, 9.0565867 ], [ 38.719053, 9.057589 ], [ 38.72539050000001, 9.0577499 ], [ 38.7287472, 9.058477 ], [ 38.733152, 9.0592748 ], [ 38.7386058, 9.0583466 ], [ 38.7391153, 9.0581553 ], [ 38.7400067, 9.0575833 ], [ 38.7400846, 9.0574848 ], [ 38.7440539, 9.053498 ], [ 38.7518816, 9.0510309 ], [ 38.7531123, 9.0510492 ], [ 38.7576135, 9.0493058 ], [ 38.7580652, 9.0488412 ], [ 38.7614471, 9.0437227 ], [ 38.7634966, 9.0378188 ], [ 38.7663647, 9.032801 ], [ 38.7664081, 9.0326913 ], [ 38.7654192, 9.0307943 ], [ 38.7681837, 9.0238363 ], [ 38.7727337, 9.0165182 ], [ 38.7706413, 9.0092666 ], [ 38.7679271, 9.0042908 ], [ 38.7638527, 9.0030427 ], [ 38.7587333, 8.9982551 ], [ 38.7555326, 8.992433 ], [ 38.7550215, 8.9914666 ], [ 38.7493942, 8.9868021 ], [ 38.74802, 8.9855194 ], [ 38.7405449, 8.9819251 ], [ 38.7387747, 8.9814628 ], [ 38.7317378, 8.9819145 ], [ 38.7304223, 8.982037 ], [ 38.7267278, 8.9829053 ], [ 38.7184726, 8.9834798 ], [ 38.7167642, 8.9883729 ], [ 38.710983400000011, 8.9917704 ], [ 38.7107695, 8.992065 ], [ 38.7103014, 8.9929009 ], [ 38.7098554, 8.9936617 ], [ 38.7072965, 8.9983087 ], [ 38.7030419, 9.0001151 ], [ 38.6988019, 9.0041466 ], [ 38.6999773, 9.0067923 ], [ 38.6996707, 9.0155123 ], [ 38.6994589, 9.0190576 ], [ 38.7015245, 9.0225202 ], [ 38.703514, 9.0261544 ], [ 38.700757, 9.032501 ], [ 38.700032, 9.0336508 ], [ 38.7009877, 9.0375698 ], [ 38.7064862, 9.0442675 ], [ 38.7126895, 9.0491096 ] ] ] } },
{ "type": "Feature", "properties": { "threshold_s": 900, "time_label": "15 min drive" }, "geometry": { "type": "Polygon", "coordinates": [ [ [ 38.6853095, 9.0481666 ], [ 38.686483, 9.0494771 ], [ 38.691161, 9.0528789 ], [ 38.691865, 9.0532576 ], [ 38.6928362, 9.0537714 ], [ 38.6982181, 9.0594512 ], [ 38.7013348, 9.0649709 ], [ 38.7047361, 9.0671463 ], [ 38.7051867, 9.0669423 ], [ 38.7064393, 9.0656273 ], [ 38.7110449, 9.061498 ], [ 38.7154944, 9.0661054 ], [ 38.7149379, 9.0683236 ], [ 38.7146036, 9.0688953 ], [ 38.7151902, 9.0700342 ], [ 38.7157707, 9.0714928 ], [ 38.7160362, 9.0719192 ], [ 38.7221517, 9.0746327 ], [ 38.7232054, 9.0776749 ], [ 38.7233493, 9.0781739 ], [ 38.7261845, 9.0750759 ], [ 38.7324589, 9.0764417 ], [ 38.7377219, 9.0759888 ], [ 38.7441498, 9.0752923 ], [ 38.7500422, 9.0730608 ], [ 38.7533602, 9.0721172 ], [ 38.7606797, 9.0697723 ], [ 38.7637939, 9.0687254 ], [ 38.7647167, 9.0682514 ], [ 38.7710491, 9.0642843 ], [ 38.7735511, 9.0610587 ], [ 38.7766787, 9.0570432 ], [ 38.7783756, 9.049188 ], [ 38.7831865, 9.0425593 ], [ 38.7834147, 9.0421457 ], [ 38.7838693, 9.0407577 ], [ 38.7840646, 9.0399581 ], [ 38.7844685, 9.0379748 ], [ 38.7867588, 9.0301967 ], [ 38.7877832, 9.0281623 ], [ 38.7896088, 9.0234397 ], [ 38.7903417, 9.0214052 ], [ 38.791997, 9.0167392 ], [ 38.7915556, 9.0156549 ], [ 38.7898291, 9.0104565 ], [ 38.7898343, 9.0055715 ], [ 38.7880436, 8.9997064 ], [ 38.7873295, 8.9978484 ], [ 38.7838371, 8.9909241 ], [ 38.7826636, 8.9897776 ], [ 38.780833, 8.9883192 ], [ 38.777445299999989, 8.9880264 ], [ 38.7720336, 8.982555 ], [ 38.7716006, 8.9821501 ], [ 38.7713633, 8.9819561 ], [ 38.7646558, 8.9779692 ], [ 38.7637936, 8.9749856 ], [ 38.7632888, 8.9736929 ], [ 38.7613593, 8.9707294 ], [ 38.7547973, 8.9695155 ], [ 38.7518933, 8.9676702 ], [ 38.7493093, 8.9653864 ], [ 38.7439679, 8.9641027 ], [ 38.7421486, 8.9643803 ], [ 38.7358658, 8.966419 ], [ 38.7329381, 8.9628062 ], [ 38.729296, 8.9648433 ], [ 38.7222683, 8.9654778 ], [ 38.72025, 8.9649267 ], [ 38.7177271, 8.9646476 ], [ 38.716355, 8.9648399 ], [ 38.7156802, 8.9658749 ], [ 38.7153228, 8.96718 ], [ 38.7152222, 8.9681827 ], [ 38.7147524, 8.9703889 ], [ 38.7078663, 8.9748684 ], [ 38.7060397, 8.9757687 ], [ 38.7058908, 8.9758363 ], [ 38.705359, 8.9760753 ], [ 38.6982185, 8.9783918 ], [ 38.6963748, 8.9790204 ], [ 38.6931248, 8.9804375 ], [ 38.6922684, 8.9813715 ], [ 38.6920414, 8.982059 ], [ 38.6931409, 8.9846446 ], [ 38.688757, 8.9905663 ], [ 38.6879433, 8.9906803 ], [ 38.6841185, 8.9932511 ], [ 38.6838033, 8.9948859 ], [ 38.6790243, 9.0013998 ], [ 38.6780023, 9.002158 ], [ 38.6779656, 9.0021859 ], [ 38.6771587, 9.0067659 ], [ 38.6791817, 9.0103668 ], [ 38.679062, 9.0156467 ], [ 38.678641, 9.0166844 ], [ 38.6787562, 9.020447 ], [ 38.6789694, 9.0217051 ], [ 38.6816031, 9.0268234 ], [ 38.6818635, 9.0297554 ], [ 38.6813539, 9.0340427 ], [ 38.6829472, 9.0398664 ], [ 38.6845819, 9.0430059 ], [ 38.6853095, 9.0481666 ] ] ] } },
{ "type": "Feature", "properties": { "threshold_s": 300, "time_label": "5 min drive" }, "geometry": { "type": "Polygon", "coordinates": [ [ [ 38.716908, 8.9901293 ], [ 38.7169688, 8.9929217 ], [ 38.7170111, 8.9929488 ], [ 38.7204002, 8.9937038 ], [ 38.7218671, 8.9944618 ], [ 38.7242852, 8.9953717 ], [ 38.7255468, 8.9955578 ], [ 38.7258931, 8.995587 ], [ 38.7302594, 8.9977804 ], [ 38.7307139, 8.9976947 ], [ 38.7308209, 8.9976433 ], [ 38.7344089, 8.9966973 ], [ 38.7351872, 8.9964457 ], [ 38.7394639, 8.9978997 ], [ 38.7396005, 8.9995756 ], [ 38.7394057, 9.0002786 ], [ 38.7400909, 9.0003675 ], [ 38.7403566, 8.9997024 ], [ 38.741196, 8.9981371 ], [ 38.7412902, 8.9975805 ], [ 38.7424426, 8.9950761 ], [ 38.7458342, 8.9949273 ], [ 38.7463083, 8.995148 ], [ 38.7469936, 8.9934472 ], [ 38.7474105, 8.9903383 ], [ 38.7486479, 8.9869149 ], [ 38.7498189, 8.9837713 ], [ 38.7496029, 8.98177 ], [ 38.7494497, 8.9805597 ], [ 38.7481427, 8.978128 ], [ 38.7466576, 8.9749068 ], [ 38.7457807, 8.9742026 ], [ 38.7418548, 8.9716482 ], [ 38.7414769, 8.9712304 ], [ 38.7388259, 8.969511 ], [ 38.737321, 8.9697154 ], [ 38.7361004, 8.970272 ], [ 38.7327157, 8.9682691 ], [ 38.7335819, 8.9654407 ], [ 38.733273, 8.9646673 ], [ 38.7328751, 8.963896 ], [ 38.729296, 8.9648433 ], [ 38.7274935, 8.9655921 ], [ 38.7260745, 8.9664712 ], [ 38.7244625, 8.967494 ], [ 38.7238605, 8.9678774 ], [ 38.7240682, 8.9683947 ], [ 38.7246904, 8.9722934 ], [ 38.7234175, 8.9737367 ], [ 38.7230645, 8.9740155 ], [ 38.7219483, 8.9785817 ], [ 38.7219907, 8.9786054 ], [ 38.7222442, 8.9787412 ], [ 38.7270547, 8.9798003 ], [ 38.7258008, 8.9824669 ], [ 38.7239528, 8.9834432 ], [ 38.722532, 8.9843766 ], [ 38.7192004, 8.9837121 ], [ 38.7184726, 8.9834798 ], [ 38.7177895, 8.9876407 ], [ 38.716908, 8.9901293 ] ] ] } },
{ "type": "Feature", "properties": { "threshold_s": 600, "time_label": "10 min drive" }, "geometry": { "type": "Polygon", "coordinates": [ [ [ 38.7003788, 8.9918161 ], [ 38.7030289, 8.9963509 ], [ 38.7086257, 8.9983915 ], [ 38.7145545, 8.999617 ], [ 38.7188894, 9.0059185 ], [ 38.7190919, 9.0068716 ], [ 38.7191591, 9.0121974 ], [ 38.7191807, 9.0122896 ], [ 38.7207234, 9.0147076 ], [ 38.7221159, 9.0135872 ], [ 38.7289243, 9.0145526 ], [ 38.7337656, 9.0193938 ], [ 38.7352783, 9.0198899 ], [ 38.7353515, 9.0198951 ], [ 38.7409572, 9.0194029 ], [ 38.7433939, 9.0207669 ], [ 38.7444817, 9.0211057 ], [ 38.7475765, 9.0210798 ], [ 38.7477133, 9.0210608 ], [ 38.7478737, 9.0209883 ], [ 38.7526258, 9.0172874 ], [ 38.7553236, 9.0121104 ], [ 38.7588742, 9.0086394 ], [ 38.7591364, 9.0073247 ], [ 38.7590704, 9.0068685 ], [ 38.7633019, 9.0003663 ], [ 38.7644974, 9.0004437 ], [ 38.7670242, 9.0003609 ], [ 38.7682505, 8.9968962 ], [ 38.7673072, 8.9891922 ], [ 38.7675038, 8.9888305 ], [ 38.7675213, 8.9885998 ], [ 38.7676154, 8.9842259 ], [ 38.7662418, 8.9812714 ], [ 38.7645161, 8.9744849 ], [ 38.7634898, 8.9729395 ], [ 38.7613593, 8.9707294 ], [ 38.7582462, 8.9649438 ], [ 38.7548595, 8.9598268 ], [ 38.751943, 8.9557853 ], [ 38.7515399, 8.9554318 ], [ 38.7511396, 8.9552097 ], [ 38.7497418, 8.9559505 ], [ 38.7476609, 8.9574208 ], [ 38.7464974, 8.9584282 ], [ 38.7404933, 8.9609058 ], [ 38.7364709, 8.9560006 ], [ 38.7389525, 8.9507004 ], [ 38.7390992, 8.9499318 ], [ 38.7392809, 8.9491297 ], [ 38.7393679, 8.9487037 ], [ 38.739287, 8.9468158 ], [ 38.7390207, 8.9458449 ], [ 38.7384032, 8.9449268 ], [ 38.7349289, 8.9437681 ], [ 38.7336637, 8.9433848 ], [ 38.728182, 8.9450135 ], [ 38.7276803, 8.9452305 ], [ 38.7273096, 8.9454686 ], [ 38.7270379, 8.9458754 ], [ 38.7268856, 8.9463312 ], [ 38.7244683, 8.9506806 ], [ 38.7188874, 8.953364 ], [ 38.7120212, 8.9546961 ], [ 38.7093868, 8.9554634 ], [ 38.7066624, 8.958716 ], [ 38.7066028, 8.9589294 ], [ 38.7062028, 8.9658177 ], [ 38.7053135, 8.967796 ], [ 38.7053128, 8.9678814 ], [ 38.7053557, 8.9682888 ], [ 38.7054643, 8.9685736 ], [ 38.7058211, 8.9694593 ], [ 38.7040856, 8.976641 ], [ 38.7029967, 8.9771245 ], [ 38.7002514, 8.9843015 ], [ 38.7001293, 8.9846366 ], [ 38.7000203, 8.9878052 ], [ 38.6999748, 8.9892902 ], [ 38.7003788, 8.9918161 ] ] ] } },
{ "type": "Feature", "properties": { "threshold_s": 900, "time_label": "15 min drive" }, "geometry": { "type": "Polygon", "coordinates": [ [ [ 38.7127033, 9.0335155 ], [ 38.7144551, 9.0356784 ], [ 38.7160488, 9.0350095 ], [ 38.7290092, 9.0383733 ], [ 38.729357899999989, 9.0386364 ], [ 38.7315959, 9.0404924 ], [ 38.742992, 9.039699 ], [ 38.7555497, 9.0379841 ], [ 38.7611244, 9.0293966 ], [ 38.7673037, 9.0253571 ], [ 38.7713573, 9.0204686 ], [ 38.7793668, 9.0132882 ], [ 38.7798588, 9.0109705 ], [ 38.7822124, 8.9978322 ], [ 38.7837104, 8.996249 ], [ 38.7877175, 8.9895661 ], [ 38.7899075, 8.9859732 ], [ 38.7855757, 8.9849273 ], [ 38.7777914, 8.9763594 ], [ 38.7770659, 8.9681153 ], [ 38.775242, 8.9583361 ], [ 38.7750039, 8.9561273 ], [ 38.7743879, 8.9540411 ], [ 38.7664135, 8.943651 ], [ 38.7649015, 8.9419151 ], [ 38.7553145, 8.9371634 ], [ 38.7499302, 8.9303062 ], [ 38.7491611, 8.9294326 ], [ 38.7485339, 8.9290944 ], [ 38.7375946, 8.9226142 ], [ 38.734772, 8.9204909 ], [ 38.7333633, 8.9200194 ], [ 38.7320783, 8.9212137 ], [ 38.7308259, 8.922408 ], [ 38.7224093, 8.9284355 ], [ 38.7151672, 8.9307128 ], [ 38.7141576, 8.9311382 ], [ 38.7135203, 8.9335877 ], [ 38.7038671, 8.9400165 ], [ 38.6943372, 8.9436391 ], [ 38.6939026, 8.9438286 ], [ 38.6880448, 8.9485971 ], [ 38.6863148, 8.9504268 ], [ 38.6857275, 8.9512537 ], [ 38.6873645, 8.9583674 ], [ 38.687475, 8.9601905 ], [ 38.6876692, 8.9633753 ], [ 38.6812469, 8.97226 ], [ 38.6798118, 8.973441 ], [ 38.6783056, 8.9757621 ], [ 38.6781977, 8.9814757 ], [ 38.6784518, 8.9832272 ], [ 38.6790684, 8.9869029 ], [ 38.6818631, 8.9964084 ], [ 38.6840898, 9.0024514 ], [ 38.6882508, 9.0069304 ], [ 38.6921541, 9.0103427 ], [ 38.6998216, 9.018001 ], [ 38.7041906, 9.0222231 ], [ 38.7108492, 9.0261124 ], [ 38.7127033, 9.0335155 ] ] ] } },
{ "type": "Feature", "properties": { "threshold_s": 300, "time_label": "5 min drive" }, "geometry": { "type": "Polygon", "coordinates": [ [ [ 38.720787799999989, 9.0176508 ], [ 38.7200865, 9.0224085 ], [ 38.7224346, 9.0236799 ], [ 38.7235181, 9.0243613 ], [ 38.7257088, 9.0253462 ], [ 38.7279777, 9.0278929 ], [ 38.7283174, 9.0286198 ], [ 38.7318257, 9.0314097 ], [ 38.7324849, 9.032256 ], [ 38.7371646, 9.0314924 ], [ 38.740102899999989, 9.0306388 ], [ 38.744473, 9.0293587 ], [ 38.744532, 9.0293143 ], [ 38.7447037, 9.0266985 ], [ 38.7466154, 9.0246799 ], [ 38.7503238, 9.0244243 ], [ 38.752741, 9.02144 ], [ 38.7554835, 9.0175438 ], [ 38.755531, 9.0174041 ], [ 38.7540988, 9.0141087 ], [ 38.7553236, 9.0121104 ], [ 38.755338, 9.0119598 ], [ 38.7543422, 9.0095442 ], [ 38.7533936, 9.0073993 ], [ 38.7513134, 9.0049381 ], [ 38.7494905, 9.0028945 ], [ 38.7472277, 9.0000967 ], [ 38.7471426, 9.0000833 ], [ 38.7457383, 8.9999466 ], [ 38.7456058, 8.9999417 ], [ 38.743207, 9.0023614 ], [ 38.7403566, 8.9997024 ], [ 38.7392917, 8.997308 ], [ 38.7363921, 8.9984685 ], [ 38.7324621, 8.9965338 ], [ 38.7313315, 8.99621 ], [ 38.7298218, 8.9964402 ], [ 38.7289264, 8.9982376 ], [ 38.7302594, 8.9977804 ], [ 38.732501, 9.001813 ], [ 38.730182, 9.0046135 ], [ 38.7292146, 9.0052443 ], [ 38.7285474, 9.0064755 ], [ 38.7284978, 9.0065722 ], [ 38.726517, 9.0109459 ], [ 38.7225071, 9.0114307 ], [ 38.7201735, 9.0095651 ], [ 38.7196137, 9.0097611 ], [ 38.7191591, 9.0121974 ], [ 38.7191807, 9.0122896 ], [ 38.7200854, 9.0136355 ], [ 38.720787799999989, 9.0176508 ] ] ] } },
{ "type": "Feature", "properties": { "threshold_s": 600, "time_label": "10 min drive" }, "geometry": { "type": "Polygon", "coordinates": [ [ [ 38.7099631, 9.0366873 ], [ 38.7130563, 9.0404385 ], [ 38.7194909, 9.0461905 ], [ 38.7212618, 9.0485374 ], [ 38.7223578, 9.0492368 ], [ 38.7291447, 9.0518154 ], [ 38.7319377, 9.0524225 ], [ 38.7323825, 9.0524158 ], [ 38.7357742, 9.0522972 ], [ 38.7419698, 9.0473912 ], [ 38.7452993, 9.0469407 ], [ 38.7471673, 9.0469322 ], [ 38.7554227, 9.0453672 ], [ 38.7565811, 9.0429639 ], [ 38.7585566, 9.0361732 ], [ 38.7620102, 9.0334911 ], [ 38.7696171, 9.026581 ], [ 38.7745247, 9.0195546 ], [ 38.776659, 9.0179653 ], [ 38.7778035, 9.0124771 ], [ 38.776921, 9.0067186 ], [ 38.7714849, 8.997922 ], [ 38.7666297, 8.9961166 ], [ 38.7625538, 8.9951516 ], [ 38.759839, 8.9879885 ], [ 38.759938, 8.987608 ], [ 38.7599589, 8.9875207 ], [ 38.7599512, 8.986485 ], [ 38.7546444, 8.9828867 ], [ 38.7493828, 8.979404 ], [ 38.746618, 8.97861 ], [ 38.7378559, 8.9760637 ], [ 38.7315439, 8.9773603 ], [ 38.7221927, 8.9792506 ], [ 38.7196929, 8.9792853 ], [ 38.7189332, 8.9793883 ], [ 38.7178704, 8.981205 ], [ 38.7103656, 8.988313 ], [ 38.710539, 8.9935938 ], [ 38.7035841, 9.0001864 ], [ 38.7027497, 9.001062 ], [ 38.6996439, 9.0038211 ], [ 38.7006189, 9.0062556 ], [ 38.6996707, 9.0155123 ], [ 38.6998484, 9.0184646 ], [ 38.7022642, 9.0226803 ], [ 38.7041906, 9.0222231 ], [ 38.7105155, 9.0296595 ], [ 38.7087797, 9.0319584 ], [ 38.7078602, 9.032701 ], [ 38.707653, 9.033307 ], [ 38.7089674, 9.0354666 ], [ 38.7099631, 9.0366873 ] ] ] } },
{ "type": "Feature", "properties": { "threshold_s": 900, "time_label": "15 min drive" }, "geometry": { "type": "Polygon", "coordinates": [ [ [ 38.6931717, 9.0464104 ], [ 38.6936334, 9.0470007 ], [ 38.7021819, 9.0503737 ], [ 38.7056118, 9.0559885 ], [ 38.7085404, 9.0593889 ], [ 38.7157479, 9.0667755 ], [ 38.7213764, 9.0694621 ], [ 38.727037, 9.0714079 ], [ 38.732969, 9.0705393 ], [ 38.7411393, 9.0688328 ], [ 38.7493499, 9.066696 ], [ 38.7610903, 9.0644677 ], [ 38.761953, 9.0643387 ], [ 38.7684838, 9.0593718 ], [ 38.7726371, 9.0539929 ], [ 38.7739502, 9.0513606 ], [ 38.7743813, 9.0493544 ], [ 38.7821976, 9.0400112 ], [ 38.7905778, 9.0297413 ], [ 38.7916626, 9.0285942 ], [ 38.7994298, 9.0188571 ], [ 38.7964341, 9.0078609 ], [ 38.7967938, 9.004626 ], [ 38.7949314, 8.9948251 ], [ 38.7947403, 8.9944516 ], [ 38.7900922, 8.9876942 ], [ 38.7855757, 8.9849273 ], [ 38.7767997, 8.9780852 ], [ 38.7765164, 8.9779831 ], [ 38.7664998, 8.9707517 ], [ 38.7632151, 8.9633794 ], [ 38.7525721, 8.9606601 ], [ 38.750004, 8.9580909 ], [ 38.7404933, 8.9609058 ], [ 38.7348681, 8.9596248 ], [ 38.7326381, 8.9587993 ], [ 38.7318209, 8.9587663 ], [ 38.7314187, 8.9587581 ], [ 38.730382, 8.959274 ], [ 38.7216581, 8.9618228 ], [ 38.716926, 8.9620024 ], [ 38.7130737, 8.9643417 ], [ 38.7117621, 8.9669363 ], [ 38.7111413, 8.9682161 ], [ 38.7105142, 8.9698226 ], [ 38.7040856, 8.976641 ], [ 38.699339, 8.977336 ], [ 38.6972304, 8.9779161 ], [ 38.6968088, 8.9780505 ], [ 38.6946158, 8.9787356 ], [ 38.693438, 8.9795589 ], [ 38.6924133, 8.9803756 ], [ 38.6909841, 8.9819416 ], [ 38.6882913, 8.9914348 ], [ 38.6845292, 8.9938138 ], [ 38.678433, 9.0027965 ], [ 38.6782117, 9.0070371 ], [ 38.6789054, 9.0184223 ], [ 38.6795545, 9.0212492 ], [ 38.6821451, 9.0280302 ], [ 38.6863509, 9.0347169 ], [ 38.6923765, 9.0453005 ], [ 38.6931717, 9.0464104 ] ] ] } },
{ "type": "Feature", "properties": { "threshold_s": 300, "time_label": "5 min drive" }, "geometry": { "type": "Polygon", "coordinates": [ [ [ 38.7192991, 9.0394167 ], [ 38.7204232, 9.0409563 ], [ 38.7213591, 9.0413206 ], [ 38.7229382, 9.0433447 ], [ 38.7250096, 9.0457555 ], [ 38.725719, 9.0456634 ], [ 38.7288047, 9.0464712 ], [ 38.7317687, 9.047415 ], [ 38.7336697, 9.0480785 ], [ 38.7350082, 9.0480646 ], [ 38.7369601, 9.0470998 ], [ 38.736129, 9.0447854 ], [ 38.7362547, 9.0439907 ], [ 38.7383373, 9.0423504 ], [ 38.7397933, 9.0438992 ], [ 38.740449, 9.044231 ], [ 38.742112, 9.0437179 ], [ 38.7431104, 9.0429522 ], [ 38.7452756, 9.0425768 ], [ 38.7453186, 9.0425135 ], [ 38.7461735, 9.0398107 ], [ 38.7487256, 9.039186 ], [ 38.7493769, 9.0385907 ], [ 38.7498743, 9.0371227 ], [ 38.7522785, 9.0360923 ], [ 38.7525067, 9.0361058 ], [ 38.7526189, 9.0360384 ], [ 38.7526403, 9.0356299 ], [ 38.7529134, 9.0324932 ], [ 38.7533217, 9.0320304 ], [ 38.7531912, 9.0297342 ], [ 38.7519896, 9.026877 ], [ 38.751757499999989, 9.0253567 ], [ 38.7505797, 9.0229467 ], [ 38.7502035, 9.0212671 ], [ 38.7494138, 9.0211226 ], [ 38.7485379, 9.0210493 ], [ 38.7466965, 9.0189733 ], [ 38.7466563, 9.0187441 ], [ 38.7466453, 9.0186564 ], [ 38.7466047, 9.0184173 ], [ 38.7464378, 9.0176211 ], [ 38.7458231, 9.016535 ], [ 38.7432928, 9.0147559 ], [ 38.741464, 9.0139559 ], [ 38.7390854, 9.0126496 ], [ 38.7374018, 9.0112675 ], [ 38.7352843, 9.0113588 ], [ 38.7340005, 9.0108205 ], [ 38.7328906, 9.0112949 ], [ 38.7330361, 9.0140917 ], [ 38.7314063, 9.0144722 ], [ 38.7286815, 9.0130056 ], [ 38.7285514, 9.0122122 ], [ 38.7270118, 9.0118618 ], [ 38.7261764, 9.0137955 ], [ 38.7260014, 9.0147848 ], [ 38.7257338, 9.0161182 ], [ 38.7234376, 9.0184553 ], [ 38.7216367, 9.0167752 ], [ 38.7200444, 9.0177486 ], [ 38.7184738, 9.0189236 ], [ 38.7160489, 9.0210002 ], [ 38.7152763, 9.0236018 ], [ 38.715158, 9.0253611 ], [ 38.7150309, 9.0279479 ], [ 38.714946, 9.0291351 ], [ 38.7148861, 9.0304154 ], [ 38.7161901, 9.0323642 ], [ 38.7180719, 9.0321873 ], [ 38.7192857, 9.0340778 ], [ 38.719316, 9.0342986 ], [ 38.7192696, 9.0360175 ], [ 38.7188597, 9.0380442 ], [ 38.7190654, 9.0388619 ], [ 38.7192991, 9.0394167 ] ] ] } },
{ "type": "Feature", "properties": { "threshold_s": 600, "time_label": "10 min drive" }, "geometry": { "type": "Polygon", "coordinates": [ [ [ 38.7122765, 9.0540168 ], [ 38.7123053, 9.0580287 ], [ 38.717228, 9.0626398 ], [ 38.7189063, 9.0637102 ], [ 38.7260131, 9.0660745 ], [ 38.727808, 9.0669441 ], [ 38.7282699, 9.0670315 ], [ 38.7325362, 9.0659339 ], [ 38.7398837, 9.0651876 ], [ 38.7446627, 9.0641656 ], [ 38.7450099, 9.0640866 ], [ 38.7530122, 9.060033 ], [ 38.760193, 9.0549501 ], [ 38.7621709, 9.053994 ], [ 38.7624706, 9.0535973 ], [ 38.7672688, 9.0460073 ], [ 38.7693953, 9.040212 ], [ 38.769884, 9.0342295 ], [ 38.7696665, 9.0317334 ], [ 38.7696348, 9.0316607 ], [ 38.7654192, 9.0307943 ], [ 38.7650922, 9.0223314 ], [ 38.7666902, 9.0194705 ], [ 38.7693626, 9.0163824 ], [ 38.7672577, 9.0104737 ], [ 38.7643308, 9.0075099 ], [ 38.7587141, 9.0041929 ], [ 38.7553615, 9.000416 ], [ 38.7553013, 9.0003735 ], [ 38.7551021, 9.0002629 ], [ 38.7509512, 8.9988736 ], [ 38.7467302, 8.9947698 ], [ 38.7460858, 8.9943357 ], [ 38.7381417, 8.9913128 ], [ 38.7298204, 8.9909897 ], [ 38.7256426, 8.9913092 ], [ 38.7248948, 8.9919464 ], [ 38.7233755, 8.9942545 ], [ 38.7172674, 8.9980617 ], [ 38.7153688, 8.9986478 ], [ 38.7145545, 8.999617 ], [ 38.708577, 9.0058768 ], [ 38.7073994, 9.0130216 ], [ 38.7052792, 9.0210706 ], [ 38.7003976, 9.02517 ], [ 38.6983267, 9.030467 ], [ 38.6954821, 9.0329509 ], [ 38.6971109, 9.0389421 ], [ 38.7022202, 9.0457932 ], [ 38.7035807, 9.0470474 ], [ 38.704146, 9.0474209 ], [ 38.7079997, 9.0491579 ], [ 38.7085193, 9.0494539 ], [ 38.7122765, 9.0540168 ] ] ] } },
{ "type": "Feature", "properties": { "threshold_s": 900, "time_label": "15 min drive" }, "geometry": { "type": "Polygon", "coordinates": [ [ [ 38.6924273, 9.0588773 ], [ 38.6960239, 9.0667504 ], [ 38.698357799999989, 9.0683166 ], [ 38.7066767, 9.0720331 ], [ 38.7160362, 9.0719192 ], [ 38.7182799, 9.0763662 ], [ 38.7190591, 9.077488 ], [ 38.7212082, 9.0809212 ], [ 38.7230509, 9.0843081 ], [ 38.7279962, 9.0819581 ], [ 38.7287586, 9.0812933 ], [ 38.7377219, 9.0759888 ], [ 38.7465249, 9.0792228 ], [ 38.7569319, 9.0781488 ], [ 38.7581657, 9.0779184 ], [ 38.76732, 9.0745705 ], [ 38.7746251, 9.0694215 ], [ 38.7795301, 9.0635376 ], [ 38.7820121, 9.0601739 ], [ 38.7850052, 9.0540761 ], [ 38.7850215, 9.0540229 ], [ 38.7877241, 9.0438592 ], [ 38.788646, 9.0371199 ], [ 38.7900916, 9.0290698 ], [ 38.7898506, 9.0284755 ], [ 38.7868398, 9.0221014 ], [ 38.7875552, 9.0160411 ], [ 38.787648, 9.0157163 ], [ 38.7873429, 9.0143333 ], [ 38.7859473, 9.0044728 ], [ 38.7852776, 9.0013407 ], [ 38.7847739, 8.9993148 ], [ 38.7845898, 8.998985 ], [ 38.779415899999989, 8.9911439 ], [ 38.7718993, 8.9891153 ], [ 38.7643042, 8.9835536 ], [ 38.7585997, 8.9798754 ], [ 38.7549105, 8.9779306 ], [ 38.7467272, 8.9733494 ], [ 38.7382892, 8.9703595 ], [ 38.7360859, 8.9712406 ], [ 38.7307989, 8.973009 ], [ 38.7246543, 8.9731595 ], [ 38.7201231, 8.9730443 ], [ 38.7156376, 8.975235 ], [ 38.7135418, 8.9763191 ], [ 38.7127013, 8.9783543 ], [ 38.7053044, 8.9852953 ], [ 38.7021218, 8.9840129 ], [ 38.7019407, 8.9843376 ], [ 38.6981352, 8.9929925 ], [ 38.6944625, 8.9968365 ], [ 38.6922561, 8.9985884 ], [ 38.6903593, 9.0000015 ], [ 38.688317, 9.0023185 ], [ 38.6874804, 9.0037213 ], [ 38.6873094, 9.0040733 ], [ 38.6873095, 9.0041252 ], [ 38.6874921, 9.0079472 ], [ 38.6875907, 9.008682 ], [ 38.6878449, 9.0139818 ], [ 38.6874847, 9.0159484 ], [ 38.6824898, 9.0240176 ], [ 38.6802902, 9.0273079 ], [ 38.6791261, 9.0289381 ], [ 38.6774339, 9.0324467 ], [ 38.6776042, 9.0340863 ], [ 38.6808517, 9.0436993 ], [ 38.6814183, 9.0461415 ], [ 38.6852217, 9.0498367 ], [ 38.6896237, 9.056039 ], [ 38.6924273, 9.0588773 ] ] ] } },
{ "type": "Feature", "properties": { "threshold_s": 300, "time_label": "5 min drive" }, "geometry": { "type": "Polygon", "coordinates": [ [ [ 38.7125735, 9.0418557 ], [ 38.7134311, 9.0469746 ], [ 38.7149365, 9.0471322 ], [ 38.7188915, 9.0484049 ], [ 38.7212829, 9.051997 ], [ 38.7213255, 9.0520462 ], [ 38.7216615, 9.052406 ], [ 38.7270752, 9.0526732 ], [ 38.7323945, 9.0520451 ], [ 38.7329233, 9.0519989 ], [ 38.735253899999989, 9.051613 ], [ 38.7378963, 9.0490839 ], [ 38.7379992, 9.048966 ], [ 38.7383899, 9.0473433 ], [ 38.7403149, 9.0435947 ], [ 38.7427163, 9.0408189 ], [ 38.7459972, 9.0372572 ], [ 38.749564, 9.0352389 ], [ 38.7492119, 9.0335496 ], [ 38.7485994, 9.0316501 ], [ 38.746431, 9.0288773 ], [ 38.7453129, 9.0266722 ], [ 38.7439453, 9.0231991 ], [ 38.7413737, 9.023264 ], [ 38.7382368, 9.0213181 ], [ 38.7348473, 9.0175841 ], [ 38.734783899999989, 9.0169841 ], [ 38.7347609, 9.016752 ], [ 38.734727, 9.016415 ], [ 38.7305827, 9.0150644 ], [ 38.7294533, 9.0147239 ], [ 38.7266323, 9.0168388 ], [ 38.7220008, 9.0164096 ], [ 38.7201279, 9.0170163 ], [ 38.716879, 9.0190493 ], [ 38.7160489, 9.0210002 ], [ 38.7156287, 9.0220832 ], [ 38.7153381, 9.0230401 ], [ 38.7152763, 9.0236018 ], [ 38.7152353, 9.0242892 ], [ 38.7152166, 9.0245608 ], [ 38.715158, 9.0253611 ], [ 38.7151311, 9.0261072 ], [ 38.7150762, 9.0272182 ], [ 38.7150309, 9.0279479 ], [ 38.7130251, 9.0325118 ], [ 38.7128796, 9.0329324 ], [ 38.7127033, 9.0335155 ], [ 38.7133799, 9.037887 ], [ 38.7117524, 9.0390719 ], [ 38.7117773, 9.0400365 ], [ 38.7125735, 9.0418557 ] ] ] } },
{ "type": "Feature", "properties": { "threshold_s": 600, "time_label": "10 min drive" }, "geometry": { "type": "Polygon", "coordinates": [ [ [ 38.7051485, 9.0599418 ], [ 38.7056641, 9.0634023 ], [ 38.7071273, 9.0631653 ], [ 38.707658, 9.0628554 ], [ 38.7110449, 9.061498 ], [ 38.7154944, 9.0661054 ], [ 38.7157479, 9.0667755 ], [ 38.716975, 9.0684375 ], [ 38.7172258, 9.0686296 ], [ 38.7215999, 9.0727251 ], [ 38.727037, 9.0714079 ], [ 38.7323511, 9.0700735 ], [ 38.7345839, 9.0691771 ], [ 38.7394818, 9.0691537 ], [ 38.7406658, 9.0688157 ], [ 38.7469313, 9.0668185 ], [ 38.7474534, 9.066468 ], [ 38.7479243, 9.0658835 ], [ 38.7484129, 9.065267 ], [ 38.7521676, 9.0604712 ], [ 38.7569102, 9.0555767 ], [ 38.7592765, 9.0510377 ], [ 38.7613838, 9.0448472 ], [ 38.7630773, 9.0436988 ], [ 38.7640078, 9.0429474 ], [ 38.7662282, 9.0381005 ], [ 38.7664081, 9.0326913 ], [ 38.7654192, 9.0307943 ], [ 38.7625209, 9.0267749 ], [ 38.7616201, 9.0233396 ], [ 38.76068, 9.0184747 ], [ 38.7606025, 9.0183832 ], [ 38.759034, 9.0120146 ], [ 38.759196, 9.0116 ], [ 38.7551354, 9.0094268 ], [ 38.7543422, 9.0095442 ], [ 38.749055, 9.0060112 ], [ 38.7484802, 9.0054785 ], [ 38.7454619, 9.0025839 ], [ 38.7403566, 8.9997024 ], [ 38.7382993, 8.9982301 ], [ 38.7327133, 8.9962945 ], [ 38.7317139, 8.9959519 ], [ 38.7290869, 8.9955912 ], [ 38.728349, 8.997969 ], [ 38.7289264, 8.9982376 ], [ 38.730182, 9.0046135 ], [ 38.7292146, 9.0052443 ], [ 38.7285474, 9.0064755 ], [ 38.7284978, 9.0065722 ], [ 38.726517, 9.0109459 ], [ 38.7201735, 9.0095651 ], [ 38.7197471, 9.0087074 ], [ 38.7190564, 9.0070821 ], [ 38.7186309, 9.0047421 ], [ 38.7186681, 9.0042571 ], [ 38.7186832, 9.004024 ], [ 38.7187191, 9.0029892 ], [ 38.7187473, 9.0020037 ], [ 38.7182853, 9.0013301 ], [ 38.7173141, 9.0025641 ], [ 38.7129074, 9.0075087 ], [ 38.7103541, 9.0135396 ], [ 38.7066431, 9.0181488 ], [ 38.7043753, 9.0177554 ], [ 38.7024093, 9.0177143 ], [ 38.7011198, 9.0221289 ], [ 38.6957748, 9.0258005 ], [ 38.6963119, 9.0265084 ], [ 38.6967617, 9.0303615 ], [ 38.6923724, 9.0323236 ], [ 38.6908152, 9.0330671 ], [ 38.6923779, 9.0379075 ], [ 38.6939348, 9.0443801 ], [ 38.6987601, 9.0475573 ], [ 38.699713, 9.0483354 ], [ 38.7021819, 9.0503737 ], [ 38.7046228, 9.0561322 ], [ 38.7051485, 9.0599418 ] ] ] } },
{ "type": "Feature", "properties": { "threshold_s": 900, "time_label": "15 min drive" }, "geometry": { "type": "Polygon", "coordinates": [ [ [ 38.6847578, 9.0622835 ], [ 38.6894713, 9.0712277 ], [ 38.6900109, 9.0717707 ], [ 38.6908136, 9.072251 ], [ 38.6938391, 9.0730859 ], [ 38.7040883, 9.075675 ], [ 38.7066767, 9.0720331 ], [ 38.7160362, 9.0719192 ], [ 38.7182799, 9.0763662 ], [ 38.7190591, 9.077488 ], [ 38.7212082, 9.0809212 ], [ 38.7222228, 9.0847868 ], [ 38.7265894, 9.0880836 ], [ 38.7309526, 9.086197 ], [ 38.7324589, 9.0764417 ], [ 38.7377219, 9.0759888 ], [ 38.7465249, 9.0792228 ], [ 38.7569319, 9.0781488 ], [ 38.7592721, 9.0777621 ], [ 38.760237, 9.0773743 ], [ 38.7668987, 9.0721387 ], [ 38.772823099999989, 9.0668874 ], [ 38.7754536, 9.063361 ], [ 38.7779151, 9.0588769 ], [ 38.7811391, 9.0523363 ], [ 38.7846176, 9.0425431 ], [ 38.7853727, 9.0402983 ], [ 38.7860223, 9.0306152 ], [ 38.7845473, 9.0282398 ], [ 38.7804623, 9.0179874 ], [ 38.7798588, 9.0109705 ], [ 38.778296, 9.0051979 ], [ 38.7782481, 9.0051158 ], [ 38.7724357, 8.9962689 ], [ 38.7710398, 8.9958541 ], [ 38.7664693, 8.9939821 ], [ 38.758704, 8.987978 ], [ 38.7531529, 8.9835029 ], [ 38.7495568, 8.9814266 ], [ 38.7464567, 8.9796782 ], [ 38.7395882, 8.9770966 ], [ 38.7377935, 8.9768912 ], [ 38.7313138, 8.9771965 ], [ 38.7221927, 8.9792506 ], [ 38.7196929, 8.9792853 ], [ 38.7189332, 8.9793883 ], [ 38.7173092, 8.9803274 ], [ 38.7079881, 8.9867618 ], [ 38.7059584, 8.9856269 ], [ 38.705714, 8.9869031 ], [ 38.7019104, 8.9937992 ], [ 38.6958913, 8.9967116 ], [ 38.6876902, 9.0041069 ], [ 38.6861551, 9.0051218 ], [ 38.6853477, 9.0061086 ], [ 38.6827653, 9.014603 ], [ 38.6797606, 9.0204735 ], [ 38.6729117, 9.0281448 ], [ 38.6726095, 9.0312806 ], [ 38.6733014, 9.0351256 ], [ 38.6794643, 9.0446396 ], [ 38.6806176, 9.0455197 ], [ 38.6846724, 9.0563468 ], [ 38.684761, 9.0605151 ], [ 38.6847507, 9.0616361 ], [ 38.6847578, 9.0622835 ] ] ] } },
{ "type": "Feature", "properties": { "threshold_s": 300, "time_label": "5 min drive" }, "geometry": { "type": "Polygon", "coordinates": [ [ [ 38.7441169, 9.0104975 ], [ 38.7446872, 9.0118417 ], [ 38.7472759, 9.012391 ], [ 38.7507122, 9.0146369 ], [ 38.7526023, 9.0162803 ], [ 38.7526934, 9.0162866 ], [ 38.753970099999989, 9.0155799 ], [ 38.7554942, 9.0142652 ], [ 38.7553236, 9.0121104 ], [ 38.7591165, 9.0088639 ], [ 38.761721, 9.0086478 ], [ 38.7644881, 9.0044735 ], [ 38.766098, 9.0042608 ], [ 38.7681509, 9.0044184 ], [ 38.768731, 9.0043466 ], [ 38.7704085, 9.0001463 ], [ 38.7713511, 8.9969567 ], [ 38.7718067, 8.9953728 ], [ 38.77013, 8.9942115 ], [ 38.7690329, 8.9931543 ], [ 38.7675213, 8.9885998 ], [ 38.7671152, 8.9869166 ], [ 38.7656733, 8.9835178 ], [ 38.7634208, 8.9814204 ], [ 38.7632382, 8.981275 ], [ 38.7600747, 8.9803079 ], [ 38.7587856, 8.9805337 ], [ 38.7545104, 8.9790531 ], [ 38.7523198, 8.9776614 ], [ 38.7487619, 8.9763426 ], [ 38.7465075, 8.9786015 ], [ 38.7442095, 8.9795913 ], [ 38.7429655, 8.9814508 ], [ 38.7414295, 8.9850703 ], [ 38.7389203, 8.986896 ], [ 38.7382566, 8.9884032 ], [ 38.7381953, 8.9896915 ], [ 38.7376045, 8.9950873 ], [ 38.7371778, 8.998569 ], [ 38.7368938, 9.0019137 ], [ 38.7370366, 9.0028356 ], [ 38.739405, 9.006106 ], [ 38.7432431, 9.0074962 ], [ 38.7440647, 9.0101702 ], [ 38.7441169, 9.0104975 ] ] ] } },
{ "type": "Feature", "properties": { "threshold_s": 600, "time_label": "10 min drive" }, "geometry": { "type": "Polygon", "coordinates": [ [ [ 38.7335289, 9.0249806 ], [ 38.7373947, 9.0308309 ], [ 38.7375475, 9.0309289 ], [ 38.7438169, 9.0339358 ], [ 38.7535757, 9.0366681 ], [ 38.7550527, 9.0350946 ], [ 38.7611664, 9.0293214 ], [ 38.7707329, 9.0240985 ], [ 38.7745247, 9.0195546 ], [ 38.7848288, 9.0151578 ], [ 38.7846189, 9.0145445 ], [ 38.783227, 9.0035 ], [ 38.7863321, 8.9980775 ], [ 38.7865171, 8.9978671 ], [ 38.7886913, 8.9948075 ], [ 38.790229, 8.9920772 ], [ 38.791375, 8.9871117 ], [ 38.7888132, 8.9859297 ], [ 38.7879749, 8.9856538 ], [ 38.7855757, 8.9849273 ], [ 38.7777914, 8.9763594 ], [ 38.7755072, 8.9716351 ], [ 38.767717, 8.9635163 ], [ 38.767042, 8.9623761 ], [ 38.764001, 8.9574999 ], [ 38.7638096, 8.9575442 ], [ 38.7556319, 8.9579012 ], [ 38.7516452, 8.9558098 ], [ 38.7512418, 8.9555263 ], [ 38.7476609, 8.9574208 ], [ 38.7404933, 8.9609058 ], [ 38.7329381, 8.9628062 ], [ 38.7313496, 8.9646863 ], [ 38.7304348, 8.9735719 ], [ 38.7270547, 8.9798003 ], [ 38.722532, 8.9843766 ], [ 38.7213006, 8.9865915 ], [ 38.7188545, 8.9915872 ], [ 38.7184653, 8.99414 ], [ 38.7184146, 8.9954572 ], [ 38.7189357, 9.0001877 ], [ 38.7190194, 9.0001837 ], [ 38.7191164, 9.0001686 ], [ 38.719909, 8.9998875 ], [ 38.7284978, 9.0065722 ], [ 38.726517, 9.0109459 ], [ 38.7264124, 9.0111896 ], [ 38.7253784, 9.0132798 ], [ 38.7240091, 9.0157129 ], [ 38.7267511, 9.0187878 ], [ 38.7335289, 9.0249806 ] ] ] } },
{ "type": "Feature", "properties": { "threshold_s": 900, "time_label": "15 min drive" }, "geometry": { "type": "Polygon", "coordinates": [ [ [ 38.7210037, 9.0390783 ], [ 38.7252005, 9.0443839 ], [ 38.7319301, 9.0495207 ], [ 38.7410798, 9.0559945 ], [ 38.743505, 9.0563049 ], [ 38.7488493, 9.0568369 ], [ 38.7594231, 9.0566085 ], [ 38.7621709, 9.053994 ], [ 38.768895, 9.0469298 ], [ 38.7751359, 9.0421484 ], [ 38.7801888, 9.0380316 ], [ 38.7802756, 9.0377758 ], [ 38.7804555, 9.037278 ], [ 38.7924578, 9.0298325 ], [ 38.7926088, 9.0298108 ], [ 38.7976937, 9.0288451 ], [ 38.7980379, 9.0288077 ], [ 38.7981611, 9.0287943 ], [ 38.8066547, 9.0201329 ], [ 38.8055028, 9.0178143 ], [ 38.8052964, 9.0173997 ], [ 38.8028004, 9.0086231 ], [ 38.8038473, 9.0011438 ], [ 38.804299, 8.9997678 ], [ 38.8071232, 8.9922534 ], [ 38.807634299999989, 8.9913228 ], [ 38.8097735, 8.9869675 ], [ 38.8035562, 8.9852867 ], [ 38.8021619, 8.9853275 ], [ 38.7996331, 8.9854045 ], [ 38.7971379, 8.9861223 ], [ 38.7899075, 8.9859732 ], [ 38.7880106, 8.9854871 ], [ 38.7855757, 8.9849273 ], [ 38.7842988, 8.9845215 ], [ 38.7787516, 8.9794447 ], [ 38.7828796, 8.9680649 ], [ 38.7909604, 8.9677523 ], [ 38.791118, 8.9670277 ], [ 38.7918006, 8.9634721 ], [ 38.7912011, 8.9611803 ], [ 38.7884846, 8.9599091 ], [ 38.7792402, 8.9509342 ], [ 38.7780235, 8.9489502 ], [ 38.7759608, 8.9454448 ], [ 38.773277899999989, 8.940861 ], [ 38.7716934, 8.9390288 ], [ 38.7711035, 8.938612 ], [ 38.7627469, 8.9373496 ], [ 38.7501063, 8.9366738 ], [ 38.7464339, 8.9374638 ], [ 38.7455441, 8.9378929 ], [ 38.7363949, 8.9424816 ], [ 38.7273696, 8.9443254 ], [ 38.7253968, 8.9471595 ], [ 38.7186374, 8.9566228 ], [ 38.7139349, 8.9608475 ], [ 38.7139017, 8.9610745 ], [ 38.7128595, 8.9667916 ], [ 38.712239, 8.969129 ], [ 38.7088077, 8.976686 ], [ 38.700637, 8.9836709 ], [ 38.70104, 8.9856752 ], [ 38.7012382, 8.9867738 ], [ 38.7028282, 8.9990776 ], [ 38.7036417, 9.0046953 ], [ 38.7009776, 9.0149772 ], [ 38.7023792, 9.0175061 ], [ 38.7062953, 9.0214743 ], [ 38.714675, 9.0326891 ], [ 38.7210037, 9.0390783 ] ] ] } },
{ "type": "Feature", "properties": { "threshold_s": 300, "time_label": "5 min drive" }, "geometry": { "type": "Polygon", "coordinates": [ [ [ 38.7410143, 9.0162401 ], [ 38.7416359, 9.0173706 ], [ 38.7425995, 9.0179799 ], [ 38.7466125, 9.018984 ], [ 38.7494123, 9.0211759 ], [ 38.7505797, 9.0229467 ], [ 38.7555976, 9.0217609 ], [ 38.7576048, 9.0205008 ], [ 38.7603636, 9.0186068 ], [ 38.7632994, 9.0143168 ], [ 38.7654659, 9.0106243 ], [ 38.7663265, 9.0069713 ], [ 38.767867, 9.0044714 ], [ 38.7673828, 8.9998628 ], [ 38.7656003, 8.9952358 ], [ 38.7622938, 8.9937159 ], [ 38.7590906, 8.9903639 ], [ 38.7595603, 8.988996 ], [ 38.759839, 8.9879885 ], [ 38.759938, 8.987608 ], [ 38.7599589, 8.9875207 ], [ 38.7599512, 8.986485 ], [ 38.7596974, 8.9857393 ], [ 38.7581079, 8.9865699 ], [ 38.7538783, 8.9855538 ], [ 38.7508224, 8.9844424 ], [ 38.749979, 8.9842547 ], [ 38.7478922, 8.9855711 ], [ 38.7429973, 8.9871443 ], [ 38.7424041, 8.9872639 ], [ 38.7415871, 8.9874362 ], [ 38.7410566, 8.9875385 ], [ 38.7401894, 8.987797 ], [ 38.7399049, 8.9885387 ], [ 38.7392676, 8.9926514 ], [ 38.7384233, 8.9954457 ], [ 38.7371778, 8.998569 ], [ 38.7372074, 9.0004715 ], [ 38.7368803, 9.0018037 ], [ 38.733824, 9.0047681 ], [ 38.7338689, 9.0089511 ], [ 38.7375141, 9.0120792 ], [ 38.7405174, 9.0148182 ], [ 38.7410143, 9.0162401 ] ] ] } },
{ "type": "Feature", "properties": { "threshold_s": 600, "time_label": "10 min drive" }, "geometry": { "type": "Polygon", "coordinates": [ [ [ 38.7206503, 9.0215885 ], [ 38.7225781, 9.0237289 ], [ 38.7283993, 9.028026 ], [ 38.7317033, 9.03212 ], [ 38.7332495, 9.0340227 ], [ 38.7341184, 9.0347785 ], [ 38.7378842, 9.0374214 ], [ 38.7429183, 9.0400339 ], [ 38.7498467, 9.0434292 ], [ 38.7540054, 9.043656 ], [ 38.7565811, 9.0429639 ], [ 38.7565413, 9.0397014 ], [ 38.7603589, 9.0356761 ], [ 38.7620831, 9.0353314 ], [ 38.7632315, 9.0343164 ], [ 38.7654192, 9.0307943 ], [ 38.7701755, 9.0299115 ], [ 38.7711865, 9.0300653 ], [ 38.7770203, 9.025766 ], [ 38.7796941, 9.0220515 ], [ 38.7799554, 9.0211994 ], [ 38.7800579, 9.019619 ], [ 38.7819307, 9.0165447 ], [ 38.7874547, 9.016091 ], [ 38.7875045, 9.0160762 ], [ 38.7875552, 9.0160411 ], [ 38.787648, 9.0157163 ], [ 38.7865913, 9.0132508 ], [ 38.7853284, 9.00681 ], [ 38.7859473, 9.0044728 ], [ 38.7851237, 9.0014757 ], [ 38.7847739, 8.9993148 ], [ 38.7834713, 8.9922552 ], [ 38.7858171, 8.9901332 ], [ 38.7866521, 8.9898008 ], [ 38.7840738, 8.987376 ], [ 38.7813853, 8.9856571 ], [ 38.7784405, 8.9816191 ], [ 38.7769645, 8.9775777 ], [ 38.7756856, 8.9776485 ], [ 38.7733966, 8.9781525 ], [ 38.7687171, 8.9780856 ], [ 38.7660779, 8.9717093 ], [ 38.7664998, 8.9707517 ], [ 38.7630229, 8.9646366 ], [ 38.7622388, 8.9647929 ], [ 38.7573515, 8.9654954 ], [ 38.7499458, 8.9633729 ], [ 38.7489041, 8.9624073 ], [ 38.748434, 8.9624604 ], [ 38.743452499999989, 8.9650028 ], [ 38.737573, 8.9679618 ], [ 38.7360488, 8.9685575 ], [ 38.7349066, 8.9691642 ], [ 38.7344563, 8.969611 ], [ 38.7320294, 8.9738298 ], [ 38.7270547, 8.9798003 ], [ 38.7240083, 8.9841278 ], [ 38.721735099999989, 8.9873103 ], [ 38.719359, 8.9912602 ], [ 38.7190226, 8.9938704 ], [ 38.7187348, 8.9973036 ], [ 38.7189357, 9.0001877 ], [ 38.7186849, 9.0064457 ], [ 38.7168986, 9.0089339 ], [ 38.7151935, 9.0129759 ], [ 38.7152307, 9.0130989 ], [ 38.718958, 9.0166534 ], [ 38.7205224, 9.0210761 ], [ 38.7206503, 9.0215885 ] ] ] } },
{ "type": "Feature", "properties": { "threshold_s": 900, "time_label": "15 min drive" }, "geometry": { "type": "Polygon", "coordinates": [ [ [ 38.7166464, 9.044384 ], [ 38.7205437, 9.048989 ], [ 38.7259203, 9.0543392 ], [ 38.7355609, 9.061583 ], [ 38.7436056, 9.0639766 ], [ 38.7483684, 9.0645012 ], [ 38.7614301, 9.0632064 ], [ 38.763436, 9.0620141 ], [ 38.7680711, 9.0582347 ], [ 38.7726371, 9.0539929 ], [ 38.7794967, 9.0481238 ], [ 38.7852225, 9.0446915 ], [ 38.788646, 9.0371199 ], [ 38.7988474, 9.0307862 ], [ 38.802081, 9.0289241 ], [ 38.810139, 9.0201299 ], [ 38.8086752, 9.0161888 ], [ 38.8059445, 9.0070212 ], [ 38.8061508, 9.0000781 ], [ 38.8059452, 8.9978849 ], [ 38.8035562, 8.9852867 ], [ 38.8021619, 8.9853275 ], [ 38.7996331, 8.9854045 ], [ 38.7971379, 8.9861223 ], [ 38.7899075, 8.9859732 ], [ 38.7880106, 8.9854871 ], [ 38.7855757, 8.9849273 ], [ 38.7842988, 8.9845215 ], [ 38.7787516, 8.9794447 ], [ 38.7828796, 8.9680649 ], [ 38.7865958, 8.9662315 ], [ 38.7753178, 8.956777 ], [ 38.7742697, 8.9534014 ], [ 38.772551, 8.9498245 ], [ 38.7713354, 8.9483864 ], [ 38.7664135, 8.943651 ], [ 38.7535146, 8.9433543 ], [ 38.7513361, 8.9430457 ], [ 38.7491826, 8.942899 ], [ 38.7484842, 8.9430721 ], [ 38.7462848, 8.945765 ], [ 38.7338126, 8.9477354 ], [ 38.7300132, 8.9498408 ], [ 38.7289786, 8.9507157 ], [ 38.7285055, 8.9524321 ], [ 38.7266015, 8.9562245 ], [ 38.716926, 8.9620024 ], [ 38.7168183, 8.9621724 ], [ 38.7148153, 8.9665411 ], [ 38.7092462, 8.9784889 ], [ 38.7021218, 8.9840129 ], [ 38.7019407, 8.9843376 ], [ 38.7018095, 8.986695 ], [ 38.701885, 8.9884048 ], [ 38.7024385, 8.9908373 ], [ 38.6963139, 9.0037509 ], [ 38.6952679, 9.0118294 ], [ 38.6952384, 9.0121022 ], [ 38.6966848, 9.0189428 ], [ 38.6968481, 9.0194288 ], [ 38.7014104, 9.0257572 ], [ 38.7092562, 9.0355759 ], [ 38.7166464, 9.044384 ] ] ] } },
{ "type": "Feature", "properties": { "threshold_s": 300, "time_label": "5 min drive" }, "geometry": { "type": "Polygon", "coordinates": [ [ [ 38.6786281, 8.9728239 ], [ 38.6774081, 8.9767207 ], [ 38.6792814, 8.9781388 ], [ 38.6840387, 8.9784772 ], [ 38.6871181, 8.9786314 ], [ 38.6908528, 8.9775781 ], [ 38.6925575, 8.9766843 ], [ 38.6954851, 8.9722444 ], [ 38.6991088, 8.9696294 ], [ 38.6995806, 8.9693043 ], [ 38.6994021, 8.9681829 ], [ 38.7015584, 8.9642617 ], [ 38.7040699, 8.9639665 ], [ 38.7044129, 8.9636152 ], [ 38.7061007, 8.9608228 ], [ 38.7051364, 8.9582794 ], [ 38.7038314, 8.9579089 ], [ 38.7031267, 8.9527774 ], [ 38.7054627, 8.9500962 ], [ 38.7053463, 8.9498908 ], [ 38.7025123, 8.9486786 ], [ 38.6983658, 8.9459946 ], [ 38.6952143, 8.9446221 ], [ 38.6914446, 8.9435926 ], [ 38.6899528, 8.9437383 ], [ 38.689033, 8.9440511 ], [ 38.6887951, 8.9441321 ], [ 38.6882049, 8.9443479 ], [ 38.6873268, 8.9449055 ], [ 38.6853129, 8.9467298 ], [ 38.6818976, 8.9499131 ], [ 38.6810593, 8.9510858 ], [ 38.6810714, 8.9512916 ], [ 38.6828828, 8.9538339 ], [ 38.6837294, 8.9546669 ], [ 38.6850557, 8.9560549 ], [ 38.6851023, 8.9612095 ], [ 38.6846973, 8.9618334 ], [ 38.6843044, 8.9624335 ], [ 38.6829673, 8.9643809 ], [ 38.6826561, 8.9659984 ], [ 38.6776712, 8.96827 ], [ 38.676766, 8.9679733 ], [ 38.6761577, 8.9696372 ], [ 38.6761701, 8.9697453 ], [ 38.6761776, 8.9697881 ], [ 38.6786281, 8.9728239 ] ] ] } },
{ "type": "Feature", "properties": { "threshold_s": 600, "time_label": "10 min drive" }, "geometry": { "type": "Polygon", "coordinates": [ [ [ 38.6599191, 8.9867243 ], [ 38.6621458, 8.9916837 ], [ 38.6630036, 8.9924996 ], [ 38.6653385, 8.9940972 ], [ 38.6742204, 8.9966721 ], [ 38.6849866, 8.9964014 ], [ 38.6883723, 8.9960103 ], [ 38.6937337, 8.9950761 ], [ 38.6960672, 8.9936693 ], [ 38.7032283, 8.9884006 ], [ 38.7085155, 8.9870446 ], [ 38.7083882, 8.9834566 ], [ 38.7110888, 8.9732445 ], [ 38.7120216, 8.9728206 ], [ 38.713758, 8.9722018 ], [ 38.7160519, 8.9718082 ], [ 38.7166895, 8.9716977 ], [ 38.7201598, 8.9710111 ], [ 38.7225541, 8.9695743 ], [ 38.7233882, 8.9672257 ], [ 38.724019, 8.9640215 ], [ 38.7246756, 8.960147 ], [ 38.724852, 8.9564473 ], [ 38.7248275, 8.9561495 ], [ 38.7239636, 8.9499045 ], [ 38.7239396, 8.9437958 ], [ 38.7242211, 8.9390317 ], [ 38.7233726, 8.9385676 ], [ 38.7203271, 8.9374098 ], [ 38.7116535, 8.9337838 ], [ 38.710751, 8.9314628 ], [ 38.7084521, 8.9306944 ], [ 38.69870250000001, 8.9321675 ], [ 38.6985399, 8.9324667 ], [ 38.6983983, 8.9354585 ], [ 38.6943345, 8.9403947 ], [ 38.6875914, 8.9395825 ], [ 38.6866843, 8.9390464 ], [ 38.6859834, 8.9390791 ], [ 38.6829914, 8.9401098 ], [ 38.6802779, 8.943664 ], [ 38.6801187, 8.9442031 ], [ 38.6802028, 8.9447962 ], [ 38.6803925, 8.945542 ], [ 38.6804992, 8.9510846 ], [ 38.6748818, 8.9586978 ], [ 38.6726743, 8.9593681 ], [ 38.6665157, 8.9610838 ], [ 38.6642035, 8.9613076 ], [ 38.6587322, 8.9645942 ], [ 38.6569233, 8.9662856 ], [ 38.657659, 8.9760161 ], [ 38.6581723, 8.9794347 ], [ 38.6599191, 8.9867243 ] ] ] } },
{ "type": "Feature", "properties": { "threshold_s": 900, "time_label": "15 min drive" }, "geometry": { "type": "Polygon", "coordinates": [ [ [ 38.6536896, 8.9992141 ], [ 38.6628655, 9.0098147 ], [ 38.6716431, 9.0164042 ], [ 38.6765912, 9.0164905 ], [ 38.6789877, 9.0159768 ], [ 38.6988273, 9.0143871 ], [ 38.7093153, 9.006394 ], [ 38.7193998, 9.0029948 ], [ 38.7243548, 8.9985074 ], [ 38.725241, 8.9974296 ], [ 38.7354393, 8.9819741 ], [ 38.7421633, 8.9718188 ], [ 38.7449395, 8.9515554 ], [ 38.7453959, 8.9494289 ], [ 38.7460213, 8.9345921 ], [ 38.741253, 8.930424 ], [ 38.7339731, 8.92432 ], [ 38.7277964, 8.9192991 ], [ 38.7113597, 8.9196049 ], [ 38.7074294, 8.9215038 ], [ 38.69870250000001, 8.9321675 ], [ 38.6859834, 8.9390791 ], [ 38.6829914, 8.9401098 ], [ 38.6802779, 8.943664 ], [ 38.6801187, 8.9442031 ], [ 38.6665157, 8.9610838 ], [ 38.6642035, 8.9613076 ], [ 38.6459675, 8.9622574 ], [ 38.6394242, 8.9690542 ], [ 38.6412482, 8.9735783 ], [ 38.6470757, 8.9771918 ], [ 38.6556959, 8.9968087 ], [ 38.6536896, 8.9992141 ] ] ] } },
{ "type": "Feature", "properties": { "threshold_s": 300, "time_label": "5 min drive" }, "geometry": { "type": "Polygon", "coordinates": [ [ [ 38.7485939, 9.0534181 ], [ 38.7483955, 9.0542761 ], [ 38.7526869, 9.0561186 ], [ 38.7564102, 9.0588955 ], [ 38.7570083, 9.0603974 ], [ 38.7612717, 9.0623958 ], [ 38.7616029, 9.0614294 ], [ 38.762146799999989, 9.0595829 ], [ 38.7658428, 9.0577181 ], [ 38.7681542, 9.0592667 ], [ 38.7684838, 9.0593718 ], [ 38.7680711, 9.0582347 ], [ 38.7680342, 9.0562984 ], [ 38.7676134, 9.0550313 ], [ 38.772083, 9.0535098 ], [ 38.7726371, 9.0539929 ], [ 38.7732366, 9.0571025 ], [ 38.7741784, 9.0572058 ], [ 38.7756211, 9.0562374 ], [ 38.7760621, 9.0540642 ], [ 38.7778178, 9.0499859 ], [ 38.7781928, 9.0492042 ], [ 38.7785388, 9.0467717 ], [ 38.7787827, 9.0448886 ], [ 38.7774137, 9.0410233 ], [ 38.7777758, 9.0401384 ], [ 38.7801888, 9.0380316 ], [ 38.7804555, 9.037278 ], [ 38.7789967, 9.0337559 ], [ 38.778092, 9.033304 ], [ 38.7763759, 9.0322084 ], [ 38.7742804, 9.0292455 ], [ 38.7719643, 9.0289784 ], [ 38.7679401, 9.0287723 ], [ 38.767701, 9.0287114 ], [ 38.7673563, 9.028805 ], [ 38.7660695, 9.0292297 ], [ 38.7625209, 9.0267749 ], [ 38.7624111, 9.0266163 ], [ 38.7616201, 9.0233396 ], [ 38.7602755, 9.0220911 ], [ 38.7600956, 9.0220791 ], [ 38.7573693, 9.0258112 ], [ 38.7549855, 9.028112 ], [ 38.7531912, 9.0297342 ], [ 38.7506356, 9.033264 ], [ 38.7492962, 9.0353332 ], [ 38.7474085, 9.0374763 ], [ 38.7474791, 9.0401015 ], [ 38.7453186, 9.0425135 ], [ 38.7452756, 9.0425768 ], [ 38.7447586, 9.0435775 ], [ 38.7445286, 9.0461045 ], [ 38.7462735, 9.0484102 ], [ 38.7473445, 9.0493374 ], [ 38.7485939, 9.0534181 ] ] ] } },
{ "type": "Feature", "properties": { "threshold_s": 600, "time_label": "10 min drive" }, "geometry": { "type": "Polygon", "coordinates": [ [ [ 38.7306014, 9.0633095 ], [ 38.7325948, 9.0664603 ], [ 38.7380723, 9.068623 ], [ 38.7433863, 9.0736866 ], [ 38.7510584, 9.0755627 ], [ 38.7567401, 9.0780534 ], [ 38.7613576, 9.0810134 ], [ 38.7700425, 9.0798452 ], [ 38.7736219, 9.0787401 ], [ 38.7827689, 9.0753935 ], [ 38.7826127, 9.0749334 ], [ 38.7834871, 9.0688441 ], [ 38.7899282, 9.0669108 ], [ 38.7921292, 9.0640844 ], [ 38.7928802, 9.063107 ], [ 38.7939517, 9.061192 ], [ 38.7938711, 9.0600459 ], [ 38.7931769, 9.0568746 ], [ 38.792129, 9.0494167 ], [ 38.7967241, 9.0428703 ], [ 38.7918929, 9.0415089 ], [ 38.7947311, 9.0312946 ], [ 38.7968678, 9.0306899 ], [ 38.7970595, 9.0306542 ], [ 38.7979837, 9.0299544 ], [ 38.7991979, 9.0286409 ], [ 38.7981331, 9.0231688 ], [ 38.7947738, 9.021815 ], [ 38.7872844, 9.0160666 ], [ 38.7871516, 9.0159539 ], [ 38.7849176, 9.0153398 ], [ 38.784454, 9.0152374 ], [ 38.7838533, 9.0151 ], [ 38.7822345, 9.0146718 ], [ 38.77456, 9.0081061 ], [ 38.7693006, 9.0019376 ], [ 38.7665751, 9.0005115 ], [ 38.7633803, 9.0013968 ], [ 38.7623097, 9.0017845 ], [ 38.7586541, 9.0031765 ], [ 38.7544001, 9.0055835 ], [ 38.7462365, 9.010408 ], [ 38.7443043, 9.0100188 ], [ 38.7441227, 9.0100953 ], [ 38.7440647, 9.0101702 ], [ 38.7410116, 9.0161342 ], [ 38.733733, 9.0209675 ], [ 38.7303283, 9.0286827 ], [ 38.7271978, 9.0339093 ], [ 38.7258382, 9.0378062 ], [ 38.7253985, 9.0395797 ], [ 38.7246908, 9.0446318 ], [ 38.7268682, 9.0536379 ], [ 38.7274346, 9.055256 ], [ 38.7284695, 9.0580844 ], [ 38.729709, 9.0611258 ], [ 38.7306014, 9.0633095 ] ] ] } },
{ "type": "Feature", "properties": { "threshold_s": 900, "time_label": "15 min drive" }, "geometry": { "type": "Polygon", "coordinates": [ [ [ 38.7157707, 9.0714928 ], [ 38.7160362, 9.0719192 ], [ 38.722216, 9.0782878 ], [ 38.7279962, 9.0819581 ], [ 38.7287586, 9.0812933 ], [ 38.7389972, 9.0871137 ], [ 38.7422991, 9.0892562 ], [ 38.7450282, 9.0888649 ], [ 38.7472623, 9.0877742 ], [ 38.7536985, 9.0820899 ], [ 38.761552, 9.0882703 ], [ 38.7590385, 9.0932986 ], [ 38.7587415, 9.0949188 ], [ 38.7610892, 9.096521 ], [ 38.764725, 9.0951657 ], [ 38.7647814, 9.0943182 ], [ 38.7646413, 9.0925122 ], [ 38.7646995, 9.0913532 ], [ 38.7625162, 9.0885921 ], [ 38.7700425, 9.0798452 ], [ 38.773237, 9.081739 ], [ 38.7845762, 9.0804395 ], [ 38.7856852, 9.0805299 ], [ 38.7946067, 9.076095 ], [ 38.7992678, 9.0741871 ], [ 38.8028473, 9.0628395 ], [ 38.8050477, 9.06282 ], [ 38.8077852, 9.0636738 ], [ 38.8094357, 9.0617013 ], [ 38.8122887, 9.0501069 ], [ 38.812395, 9.0474007 ], [ 38.8153239, 9.0372182 ], [ 38.8183036, 9.0358808 ], [ 38.8191288, 9.035648 ], [ 38.8190763, 9.0303195 ], [ 38.8183831, 9.0224476 ], [ 38.8171611, 9.0191599 ], [ 38.8127466, 9.0114028 ], [ 38.8111297, 9.0077309 ], [ 38.8108174, 9.0069524 ], [ 38.8001838, 9.0022144 ], [ 38.7935455, 8.9953446 ], [ 38.7918435, 8.9923162 ], [ 38.7844232, 8.9867945 ], [ 38.7815911, 8.9853045 ], [ 38.7808178, 8.9850623 ], [ 38.7782545, 8.9853714 ], [ 38.7755186, 8.9855138 ], [ 38.7662418, 8.9812714 ], [ 38.7648575, 8.9809028 ], [ 38.7614384, 8.9810966 ], [ 38.7584523, 8.9816164 ], [ 38.7498189, 8.9837713 ], [ 38.7491314, 8.9844733 ], [ 38.7384434, 8.9890888 ], [ 38.7376133, 8.9892067 ], [ 38.7375073, 8.9892226 ], [ 38.7352876, 8.9909264 ], [ 38.7331104, 8.9960335 ], [ 38.7292146, 9.0052443 ], [ 38.7201735, 9.0095651 ], [ 38.7196137, 9.0097611 ], [ 38.7194323, 9.0098246 ], [ 38.7160489, 9.0210002 ], [ 38.7109107, 9.0301197 ], [ 38.7084422, 9.0330123 ], [ 38.7082229, 9.033299 ], [ 38.7076042, 9.0379902 ], [ 38.7090781, 9.0409838 ], [ 38.7095426, 9.0417948 ], [ 38.7122999, 9.0485977 ], [ 38.7105893, 9.054919 ], [ 38.710331, 9.0582414 ], [ 38.7146036, 9.0688953 ], [ 38.7157707, 9.0714928 ] ] ] } },
{ "type": "Feature", "properties": { "threshold_s": 300, "time_label": "5 min drive" }, "geometry": { "type": "Polygon", "coordinates": [ [ [ 38.7001079, 8.9539976 ], [ 38.7014061, 8.9557012 ], [ 38.7052918, 8.9583318 ], [ 38.7066028, 8.9589294 ], [ 38.7066794, 8.9589522 ], [ 38.7082998, 8.9591877 ], [ 38.7114208, 8.963849 ], [ 38.7113571, 8.9645981 ], [ 38.7129534, 8.9636095 ], [ 38.7136356, 8.9631317 ], [ 38.7188681, 8.9640159 ], [ 38.7236034, 8.9634096 ], [ 38.7252899, 8.9593217 ], [ 38.7252194, 8.9569259 ], [ 38.7285447, 8.9530967 ], [ 38.731062, 8.9531298 ], [ 38.7325399, 8.9524582 ], [ 38.7374691, 8.9501173 ], [ 38.7375966, 8.9493947 ], [ 38.7376166, 8.9475227 ], [ 38.7374067, 8.9469643 ], [ 38.7370084, 8.9466384 ], [ 38.7349289, 8.9437681 ], [ 38.7349407, 8.9409691 ], [ 38.7347721, 8.9401052 ], [ 38.7347215, 8.9398383 ], [ 38.7338944, 8.9387227 ], [ 38.7316789, 8.9365375 ], [ 38.7291093, 8.9351073 ], [ 38.7258811, 8.9326871 ], [ 38.7221487, 8.9303299 ], [ 38.7215307, 8.9300636 ], [ 38.717999, 8.931085 ], [ 38.7169079, 8.9317727 ], [ 38.7165003, 8.9323848 ], [ 38.7160645, 8.9336564 ], [ 38.7156875, 8.9360638 ], [ 38.7159936, 8.9364447 ], [ 38.7158471, 8.9413677 ], [ 38.713008, 8.9426952 ], [ 38.7128283, 8.942823 ], [ 38.7124716, 8.9435172 ], [ 38.7083825, 8.9462516 ], [ 38.7042759, 8.9441276 ], [ 38.7021178, 8.9472928 ], [ 38.7005118, 8.9498226 ], [ 38.6999369, 8.9513916 ], [ 38.7001079, 8.9539976 ] ] ] } },
{ "type": "Feature", "properties": { "threshold_s": 600, "time_label": "10 min drive" }, "geometry": { "type": "Polygon", "coordinates": [ [ [ 38.6829673, 8.9643809 ], [ 38.6842373, 8.9677046 ], [ 38.6851982, 8.9678508 ], [ 38.6875243, 8.9680331 ], [ 38.6930327, 8.972052 ], [ 38.6940281, 8.9757998 ], [ 38.6941651, 8.976528 ], [ 38.6941876, 8.9766387 ], [ 38.6954629, 8.9787725 ], [ 38.6969842, 8.9799056 ], [ 38.6971407, 8.9799911 ], [ 38.6979078, 8.9803945 ], [ 38.6993848, 8.9798635 ], [ 38.7039784, 8.9764145 ], [ 38.7057853, 8.9756135 ], [ 38.7078998, 8.9749441 ], [ 38.7092046, 8.9740936 ], [ 38.7097858, 8.9738359 ], [ 38.7140299, 8.9732737 ], [ 38.7189332, 8.9793883 ], [ 38.7197882, 8.9819198 ], [ 38.7223984, 8.9810641 ], [ 38.7230837, 8.980366 ], [ 38.7296868, 8.9752961 ], [ 38.7381634, 8.9722836 ], [ 38.7413924, 8.9712893 ], [ 38.7414769, 8.9712304 ], [ 38.7413899, 8.9711816 ], [ 38.7372129, 8.9662997 ], [ 38.7355458, 8.9629714 ], [ 38.7435275, 8.9575373 ], [ 38.746077, 8.9588322 ], [ 38.7495841, 8.9609017 ], [ 38.7517509, 8.9606896 ], [ 38.7534367, 8.9587979 ], [ 38.7539145, 8.952087 ], [ 38.7579586, 8.9457919 ], [ 38.7579869, 8.9456607 ], [ 38.7578472, 8.9443697 ], [ 38.7559726, 8.9419852 ], [ 38.7533028, 8.9352345 ], [ 38.753036, 8.9312932 ], [ 38.7490384, 8.9285147 ], [ 38.7444754, 8.9257668 ], [ 38.7404363, 8.9209605 ], [ 38.7352683, 8.9173866 ], [ 38.7295807, 8.9119588 ], [ 38.727289399999989, 8.9135477 ], [ 38.7226438, 8.9196104 ], [ 38.714174, 8.9207268 ], [ 38.7113597, 8.9196049 ], [ 38.7099993, 8.921143 ], [ 38.7096169, 8.9235479 ], [ 38.7062073, 8.9295602 ], [ 38.69870250000001, 8.9321675 ], [ 38.6985399, 8.9324667 ], [ 38.6943345, 8.9403947 ], [ 38.6905998, 8.941313 ], [ 38.6884219, 8.9413436 ], [ 38.6872833, 8.9418058 ], [ 38.6827239, 8.9472024 ], [ 38.6819584, 8.9488389 ], [ 38.6810593, 8.9510858 ], [ 38.6810714, 8.9512916 ], [ 38.6813858, 8.9539774 ], [ 38.6816083, 8.9554038 ], [ 38.6829673, 8.9643809 ] ] ] } },
{ "type": "Feature", "properties": { "threshold_s": 900, "time_label": "15 min drive" }, "geometry": { "type": "Polygon", "coordinates": [ [ [ 38.6701944, 8.9811147 ], [ 38.6727266, 8.9844875 ], [ 38.6785653, 8.987328 ], [ 38.6826553, 8.9920913 ], [ 38.6859861, 8.9956094 ], [ 38.6875313, 8.996456 ], [ 38.6881279, 8.9966811 ], [ 38.6883441, 8.9966798 ], [ 38.6885989, 8.9966658 ], [ 38.6888088, 8.996652 ], [ 38.6888966, 8.9966462 ], [ 38.6985681, 8.9946263 ], [ 38.7088699, 8.9958209 ], [ 38.7189357, 9.0001877 ], [ 38.7190194, 9.0001837 ], [ 38.7191164, 9.0001686 ], [ 38.7289264, 8.9982376 ], [ 38.7307139, 8.9976947 ], [ 38.7387317, 8.9950244 ], [ 38.74828620000001, 8.9908843 ], [ 38.7495001, 8.9903145 ], [ 38.7503111, 8.9898229 ], [ 38.7566253, 8.9821654 ], [ 38.7596918, 8.9783251 ], [ 38.7598425, 8.9769483 ], [ 38.7613593, 8.9707294 ], [ 38.7664745, 8.9652953 ], [ 38.7670696, 8.9647863 ], [ 38.7708265, 8.9623111 ], [ 38.7719795, 8.9615553 ], [ 38.7723252, 8.9613283 ], [ 38.7726275, 8.9610776 ], [ 38.7737727, 8.9581543 ], [ 38.7738214, 8.9575941 ], [ 38.7736441, 8.95649 ], [ 38.7728586, 8.954977 ], [ 38.7724614, 8.9544011 ], [ 38.7713899, 8.9531423 ], [ 38.7688543, 8.9481925 ], [ 38.7718141, 8.9400581 ], [ 38.7732277, 8.9381802 ], [ 38.7732755, 8.9372589 ], [ 38.772997, 8.9360092 ], [ 38.7710707, 8.9251297 ], [ 38.768427, 8.9210203 ], [ 38.7602087, 8.9158494 ], [ 38.758194, 8.914412 ], [ 38.7478888, 8.9135013 ], [ 38.7474422, 8.9090191 ], [ 38.7482589, 8.9039817 ], [ 38.7488725, 8.9026402 ], [ 38.7461579, 8.9010112 ], [ 38.7362117, 8.9011704 ], [ 38.7350826, 8.9022633 ], [ 38.7337589, 8.9040162 ], [ 38.7313695, 8.9071775 ], [ 38.7312216, 8.9075352 ], [ 38.727289399999989, 8.9135477 ], [ 38.7226438, 8.9196104 ], [ 38.714174, 8.9207268 ], [ 38.7113597, 8.9196049 ], [ 38.7030194, 8.9214373 ], [ 38.7007337, 8.9274804 ], [ 38.6950392, 8.9306287 ], [ 38.6943345, 8.9403947 ], [ 38.6875914, 8.9395825 ], [ 38.6866843, 8.9390464 ], [ 38.6859834, 8.9390791 ], [ 38.6829914, 8.9401098 ], [ 38.6802779, 8.943664 ], [ 38.6801187, 8.9442031 ], [ 38.6802028, 8.9447962 ], [ 38.6804992, 8.9510846 ], [ 38.6803134, 8.9557227 ], [ 38.6745572, 8.9622375 ], [ 38.6706935, 8.9648565 ], [ 38.6702868, 8.9654854 ], [ 38.6699102, 8.9685906 ], [ 38.6696851, 8.9794032 ], [ 38.6696949, 8.9796617 ], [ 38.6700544, 8.9808601 ], [ 38.6701944, 8.9811147 ] ] ] } },
{ "type": "Feature", "properties": { "threshold_s": 300, "time_label": "5 min drive" }, "geometry": { "type": "Polygon", "coordinates": [ [ [ 38.6843044, 8.9624335 ], [ 38.6838296, 8.9638537 ], [ 38.6868141, 8.963078 ], [ 38.690007799999989, 8.9628172 ], [ 38.6912741, 8.9624534 ], [ 38.6923859, 8.9618427 ], [ 38.6954235, 8.9606985 ], [ 38.6961799, 8.9604849 ], [ 38.6989156, 8.9600543 ], [ 38.7003042, 8.9598679 ], [ 38.7005891, 8.9594194 ], [ 38.7037773, 8.9580994 ], [ 38.7052918, 8.9583318 ], [ 38.7053305, 8.9581977 ], [ 38.7038314, 8.9579089 ], [ 38.7029762, 8.9578823 ], [ 38.7011788, 8.9570912 ], [ 38.6999631, 8.9567879 ], [ 38.6988366, 8.9558615 ], [ 38.6986032, 8.9524198 ], [ 38.701669, 8.95218 ], [ 38.7032444, 8.9532429 ], [ 38.7031267, 8.9527774 ], [ 38.7042157, 8.9501822 ], [ 38.7054627, 8.9500962 ], [ 38.7057675, 8.9497709 ], [ 38.7056761, 8.9494527 ], [ 38.7025123, 8.9486786 ], [ 38.7021178, 8.9472928 ], [ 38.7020516, 8.9450742 ], [ 38.7003214, 8.9437718 ], [ 38.6990358, 8.9429159 ], [ 38.6979501, 8.9404291 ], [ 38.697478, 8.94018 ], [ 38.6943345, 8.9403947 ], [ 38.6912566, 8.9416188 ], [ 38.6905998, 8.941313 ], [ 38.6884003, 8.940346 ], [ 38.6875914, 8.9395825 ], [ 38.6866843, 8.9390464 ], [ 38.6859834, 8.9390791 ], [ 38.6829914, 8.9401098 ], [ 38.68278, 8.9404505 ], [ 38.6817489, 8.942167 ], [ 38.6802779, 8.943664 ], [ 38.6801187, 8.9442031 ], [ 38.6802028, 8.9447962 ], [ 38.6803925, 8.945542 ], [ 38.6806364, 8.9463045 ], [ 38.6812202, 8.9471392 ], [ 38.6819584, 8.9488389 ], [ 38.6804992, 8.9510846 ], [ 38.6813858, 8.9539774 ], [ 38.6803134, 8.9557227 ], [ 38.6803973, 8.9570556 ], [ 38.6819766, 8.9576219 ], [ 38.6824842, 8.9577255 ], [ 38.6828119, 8.9577807 ], [ 38.6849448, 8.9587776 ], [ 38.6851023, 8.9612095 ], [ 38.6846973, 8.9618334 ], [ 38.6843044, 8.9624335 ] ] ] } },
{ "type": "Feature", "properties": { "threshold_s": 600, "time_label": "10 min drive" }, "geometry": { "type": "Polygon", "coordinates": [ [ [ 38.6723994, 8.9788532 ], [ 38.6733567, 8.9805403 ], [ 38.6755979, 8.9823554 ], [ 38.6771588, 8.9827437 ], [ 38.6809335, 8.9826823 ], [ 38.6859274, 8.9825333 ], [ 38.6882637, 8.9819926 ], [ 38.6896554, 8.9814752 ], [ 38.692988, 8.9795452 ], [ 38.6950367, 8.9776496 ], [ 38.6996425, 8.9763623 ], [ 38.7025917, 8.9764794 ], [ 38.7039784, 8.9764145 ], [ 38.7057853, 8.9756135 ], [ 38.7065117, 8.9752925 ], [ 38.7076208, 8.974797 ], [ 38.7079365, 8.9746578 ], [ 38.7085293, 8.9743943 ], [ 38.7089684, 8.9741971 ], [ 38.7092046, 8.9740936 ], [ 38.7097858, 8.9738359 ], [ 38.7166895, 8.9716977 ], [ 38.7179219, 8.9712694 ], [ 38.7225541, 8.9695743 ], [ 38.7237567, 8.9670093 ], [ 38.7246756, 8.960147 ], [ 38.7250129, 8.9574134 ], [ 38.7250102, 8.9572704 ], [ 38.7249961, 8.9569326 ], [ 38.7248275, 8.9561495 ], [ 38.7246257, 8.9489119 ], [ 38.7243715, 8.943773 ], [ 38.7242211, 8.9390317 ], [ 38.7239472, 8.9386603 ], [ 38.7226598, 8.9381645 ], [ 38.7212375, 8.9375894 ], [ 38.7203271, 8.9374098 ], [ 38.7182757, 8.9384784 ], [ 38.7140673, 8.9332498 ], [ 38.7141576, 8.9311382 ], [ 38.7118706, 8.9287413 ], [ 38.71039, 8.9284051 ], [ 38.7062073, 8.9295602 ], [ 38.7023014, 8.9317601 ], [ 38.69870250000001, 8.9321675 ], [ 38.6985399, 8.9324667 ], [ 38.6983983, 8.9354585 ], [ 38.6943345, 8.9403947 ], [ 38.6875914, 8.9395825 ], [ 38.6866843, 8.9390464 ], [ 38.6859834, 8.9390791 ], [ 38.6829914, 8.9401098 ], [ 38.6802779, 8.943664 ], [ 38.6801187, 8.9442031 ], [ 38.6802028, 8.9447962 ], [ 38.6804992, 8.9510846 ], [ 38.6803134, 8.9557227 ], [ 38.6803973, 8.9570556 ], [ 38.6819766, 8.9576219 ], [ 38.6829673, 8.9643809 ], [ 38.6763538, 8.9644134 ], [ 38.6755111, 8.9644702 ], [ 38.6746594, 8.9645668 ], [ 38.6736958, 8.9650176 ], [ 38.6726713, 8.9658245 ], [ 38.6723435, 8.9664456 ], [ 38.6725912, 8.9681061 ], [ 38.6732054, 8.9725839 ], [ 38.6723994, 8.9788532 ] ] ] } },
{ "type": "Feature", "properties": { "threshold_s": 900, "time_label": "15 min drive" }, "geometry": { "type": "Polygon", "coordinates": [ [ [ 38.6592607, 8.9944693 ], [ 38.6595207, 8.9947886 ], [ 38.6678986, 8.9997811 ], [ 38.6745679, 9.001715 ], [ 38.6756193, 9.0018143 ], [ 38.6859003, 9.0001361 ], [ 38.6921741, 8.9988666 ], [ 38.7054716, 8.9908071 ], [ 38.7200974, 8.9866106 ], [ 38.7343322, 8.9825996 ], [ 38.7351497, 8.9823212 ], [ 38.7354393, 8.9819741 ], [ 38.7364587, 8.9806848 ], [ 38.7421633, 8.9718188 ], [ 38.7423929, 8.9704013 ], [ 38.7453907, 8.9511786 ], [ 38.7456353, 8.9493987 ], [ 38.7460213, 8.9345921 ], [ 38.745957, 8.9344593 ], [ 38.7418535, 8.9302792 ], [ 38.7284481, 8.9163327 ], [ 38.7270246, 8.9164573 ], [ 38.7113597, 8.9196049 ], [ 38.7030194, 8.9214373 ], [ 38.69870250000001, 8.9321675 ], [ 38.6859834, 8.9390791 ], [ 38.6829914, 8.9401098 ], [ 38.6802779, 8.943664 ], [ 38.6801187, 8.9442031 ], [ 38.6802028, 8.9447962 ], [ 38.6726743, 8.9593681 ], [ 38.6665157, 8.9610838 ], [ 38.6642035, 8.9613076 ], [ 38.6517075, 8.9656738 ], [ 38.652366, 8.9767575 ], [ 38.6592607, 8.9944693 ] ] ] } },
{ "type": "Feature", "properties": { "threshold_s": 300, "time_label": "5 min drive" }, "geometry": { "type": "Polygon", "coordinates": [ [ [ 38.6795562, 8.9730167 ], [ 38.6798118, 8.973441 ], [ 38.681261, 8.9745137 ], [ 38.6846044, 8.9742382 ], [ 38.6894407, 8.973113 ], [ 38.6935499, 8.973422 ], [ 38.6947542, 8.9728749 ], [ 38.6954851, 8.9722444 ], [ 38.6952036, 8.9715293 ], [ 38.6945719, 8.9711793 ], [ 38.6951673, 8.9664528 ], [ 38.6991182, 8.9647068 ], [ 38.7017026, 8.964079 ], [ 38.7042489, 8.9637816 ], [ 38.7044129, 8.9636152 ], [ 38.7061007, 8.9608228 ], [ 38.7074345, 8.9567802 ], [ 38.7057219, 8.9526072 ], [ 38.7075338, 8.9489505 ], [ 38.7072639, 8.9487617 ], [ 38.7051688, 8.9476046 ], [ 38.7020516, 8.9450742 ], [ 38.6986381, 8.9435318 ], [ 38.6971401, 8.9426488 ], [ 38.6962256, 8.9420871 ], [ 38.6918481, 8.9419168 ], [ 38.6912566, 8.9416188 ], [ 38.6905998, 8.941313 ], [ 38.6884219, 8.9413436 ], [ 38.6872833, 8.9418058 ], [ 38.6866017, 8.9430893 ], [ 38.6834496, 8.945105 ], [ 38.6821526, 8.945568 ], [ 38.6812202, 8.9471392 ], [ 38.6810593, 8.9510858 ], [ 38.6803134, 8.9557227 ], [ 38.6807628, 8.9565558 ], [ 38.6817288, 8.9571597 ], [ 38.6824842, 8.9577255 ], [ 38.6846973, 8.9618334 ], [ 38.6843044, 8.9624335 ], [ 38.6829673, 8.9643809 ], [ 38.6812171, 8.967792 ], [ 38.6801021, 8.9701187 ], [ 38.6795671, 8.9719973 ], [ 38.6795562, 8.9730167 ] ] ] } },
{ "type": "Feature", "properties": { "threshold_s": 600, "time_label": "10 min drive" }, "geometry": { "type": "Polygon", "coordinates": [ [ [ 38.6667577, 8.9896758 ], [ 38.6669395, 8.989877 ], [ 38.6748007, 8.9917023 ], [ 38.677055, 8.991912 ], [ 38.6843536, 8.9925761 ], [ 38.6871185, 8.992646 ], [ 38.6939612, 8.9910182 ], [ 38.6964325, 8.9894745 ], [ 38.7007732, 8.9851538 ], [ 38.7029636, 8.9811853 ], [ 38.7092046, 8.9740936 ], [ 38.7097858, 8.9738359 ], [ 38.7107423, 8.973403 ], [ 38.7110888, 8.9732445 ], [ 38.7160519, 8.9718082 ], [ 38.7166895, 8.9716977 ], [ 38.7203671, 8.9713797 ], [ 38.7232567, 8.9715939 ], [ 38.7238546, 8.9706921 ], [ 38.7259898, 8.9662342 ], [ 38.72616, 8.9647252 ], [ 38.7263616, 8.9623218 ], [ 38.7261549, 8.9531736 ], [ 38.7265196, 8.9509018 ], [ 38.726556, 8.9489061 ], [ 38.7262831, 8.9441282 ], [ 38.7269743, 8.9388313 ], [ 38.7265787, 8.9378311 ], [ 38.7258231, 8.9373079 ], [ 38.7251108, 8.9369114 ], [ 38.7227919, 8.9358201 ], [ 38.7208172, 8.9348974 ], [ 38.7141576, 8.9311382 ], [ 38.7106877, 8.9285334 ], [ 38.71039, 8.9284051 ], [ 38.7062073, 8.9295602 ], [ 38.69870250000001, 8.9321675 ], [ 38.6985399, 8.9324667 ], [ 38.6983983, 8.9354585 ], [ 38.6943345, 8.9403947 ], [ 38.6875914, 8.9395825 ], [ 38.6866843, 8.9390464 ], [ 38.6859834, 8.9390791 ], [ 38.6829914, 8.9401098 ], [ 38.6802779, 8.943664 ], [ 38.6801187, 8.9442031 ], [ 38.6802028, 8.9447962 ], [ 38.6803925, 8.945542 ], [ 38.6804992, 8.9510846 ], [ 38.6748818, 8.9586978 ], [ 38.6726743, 8.9593681 ], [ 38.6665157, 8.9610838 ], [ 38.6640136, 8.9619068 ], [ 38.6627486, 8.9645499 ], [ 38.6621792, 8.9666637 ], [ 38.6624036, 8.9693898 ], [ 38.6625788, 8.9728243 ], [ 38.6620045, 8.9808058 ], [ 38.6631247, 8.9842577 ], [ 38.6667577, 8.9896758 ] ] ] } },
{ "type": "Feature", "properties": { "threshold_s": 900, "time_label": "15 min drive" }, "geometry": { "type": "Polygon", "coordinates": [ [ [ 38.6592607, 8.9944693 ], [ 38.6578698, 9.0002332 ], [ 38.6671691, 9.0077046 ], [ 38.671602, 9.0111057 ], [ 38.6730546, 9.0120305 ], [ 38.6746809, 9.0126971 ], [ 38.6956452, 9.0108899 ], [ 38.7083812, 9.0025402 ], [ 38.719365, 8.9978187 ], [ 38.7199427, 8.99715 ], [ 38.7208264, 8.9955197 ], [ 38.7364519, 8.9840816 ], [ 38.7371782, 8.9838183 ], [ 38.7440997, 8.9729176 ], [ 38.7448606, 8.9703732 ], [ 38.7477466, 8.9513348 ], [ 38.7479702, 8.9492071 ], [ 38.7477118, 8.9357459 ], [ 38.7473928, 8.932849 ], [ 38.73441, 8.921509 ], [ 38.7284481, 8.9163327 ], [ 38.7270246, 8.9164573 ], [ 38.7113597, 8.9196049 ], [ 38.7030194, 8.9214373 ], [ 38.69870250000001, 8.9321675 ], [ 38.6859834, 8.9390791 ], [ 38.6829914, 8.9401098 ], [ 38.6802779, 8.943664 ], [ 38.6801187, 8.9442031 ], [ 38.6802028, 8.9447962 ], [ 38.6726743, 8.9593681 ], [ 38.6665157, 8.9610838 ], [ 38.6642035, 8.9613076 ], [ 38.6459675, 8.9622574 ], [ 38.6432823, 8.9694817 ], [ 38.6463404, 8.9758661 ], [ 38.64685, 8.976788 ], [ 38.6470757, 8.9771918 ], [ 38.6597476, 8.9909745 ], [ 38.6592607, 8.9944693 ] ] ] } },
{ "type": "Feature", "properties": { "threshold_s": 300, "time_label": "5 min drive" }, "geometry": { "type": "Polygon", "coordinates": [ [ [ 38.6793229, 8.9756119 ], [ 38.6798005, 8.9762263 ], [ 38.6806673, 8.9765476 ], [ 38.6825369, 8.9765346 ], [ 38.6859915, 8.9756885 ], [ 38.6903635, 8.9745612 ], [ 38.6935499, 8.973422 ], [ 38.6947542, 8.9728749 ], [ 38.6954851, 8.9722444 ], [ 38.6964987, 8.97071 ], [ 38.6965302, 8.9703163 ], [ 38.6991182, 8.9647068 ], [ 38.7019969, 8.9649499 ], [ 38.7034412, 8.9646147 ], [ 38.7046704, 8.9645154 ], [ 38.7048756, 8.9642425 ], [ 38.7052834, 8.9636222 ], [ 38.7059901, 8.9615764 ], [ 38.7064034, 8.959663 ], [ 38.7057729, 8.9579063 ], [ 38.7042318, 8.9524873 ], [ 38.7057675, 8.9497709 ], [ 38.7056469, 8.9493476 ], [ 38.7007275, 8.946453 ], [ 38.6987122, 8.9454368 ], [ 38.69809630000001, 8.9451533 ], [ 38.6956179, 8.9440219 ], [ 38.6919329, 8.9429701 ], [ 38.6871718, 8.9442104 ], [ 38.6839834, 8.9472721 ], [ 38.6819407, 8.9493727 ], [ 38.6810593, 8.9510858 ], [ 38.6810714, 8.9512916 ], [ 38.6821264, 8.9538761 ], [ 38.6829667, 8.9553828 ], [ 38.6847545, 8.9571153 ], [ 38.6846973, 8.9618334 ], [ 38.6843044, 8.9624335 ], [ 38.6829673, 8.9643809 ], [ 38.6812171, 8.967792 ], [ 38.6801021, 8.9701187 ], [ 38.6786281, 8.9728239 ], [ 38.6793229, 8.9756119 ] ] ] } },
{ "type": "Feature", "properties": { "threshold_s": 600, "time_label": "10 min drive" }, "geometry": { "type": "Polygon", "coordinates": [ [ [ 38.6604808, 8.9839583 ], [ 38.6644144, 8.9908082 ], [ 38.6665115, 8.992194 ], [ 38.672361, 8.9936586 ], [ 38.6744332, 8.994035 ], [ 38.6759648, 8.9942445 ], [ 38.6847643, 8.9941224 ], [ 38.6927586, 8.9924491 ], [ 38.6950064, 8.992164 ], [ 38.7012382, 8.9867738 ], [ 38.7056176, 8.9852563 ], [ 38.7054219, 8.9836069 ], [ 38.7085293, 8.9743943 ], [ 38.7089684, 8.9741971 ], [ 38.7092046, 8.9740936 ], [ 38.7097858, 8.9738359 ], [ 38.7107423, 8.973403 ], [ 38.7110888, 8.9732445 ], [ 38.7120216, 8.9728206 ], [ 38.713758, 8.9722018 ], [ 38.7160519, 8.9718082 ], [ 38.7207229, 8.972019 ], [ 38.7225541, 8.9695743 ], [ 38.7239895, 8.967498 ], [ 38.7248217, 8.964564 ], [ 38.7251185, 8.9622028 ], [ 38.7252899, 8.9593217 ], [ 38.7252194, 8.9569259 ], [ 38.725212, 8.9566643 ], [ 38.7248925, 8.9498222 ], [ 38.7246394, 8.9441518 ], [ 38.7255168, 8.9391986 ], [ 38.7238848, 8.9379792 ], [ 38.7235881, 8.937849 ], [ 38.7207079, 8.9368533 ], [ 38.7202856, 8.9368431 ], [ 38.7121524, 8.9312189 ], [ 38.7095736, 8.9293885 ], [ 38.7023014, 8.9317601 ], [ 38.69870250000001, 8.9321675 ], [ 38.6985399, 8.9324667 ], [ 38.6983983, 8.9354585 ], [ 38.6943345, 8.9403947 ], [ 38.6875914, 8.9395825 ], [ 38.6866843, 8.9390464 ], [ 38.6859834, 8.9390791 ], [ 38.6829914, 8.9401098 ], [ 38.6802779, 8.943664 ], [ 38.6801187, 8.9442031 ], [ 38.6802028, 8.9447962 ], [ 38.6803925, 8.945542 ], [ 38.6804992, 8.9510846 ], [ 38.6748818, 8.9586978 ], [ 38.6726743, 8.9593681 ], [ 38.6665157, 8.9610838 ], [ 38.6642035, 8.9613076 ], [ 38.6627488, 8.9625355 ], [ 38.6603885, 8.9645823 ], [ 38.659734, 8.9653498 ], [ 38.6592253, 8.9661197 ], [ 38.6598265, 8.9706523 ], [ 38.6598351, 8.9761696 ], [ 38.6592009, 8.9812973 ], [ 38.6604808, 8.9839583 ] ] ] } },
{ "type": "Feature", "properties": { "threshold_s": 900, "time_label": "15 min drive" }, "geometry": { "type": "Polygon", "coordinates": [ [ [ 38.6566052, 9.0007335 ], [ 38.6571336, 9.0025919 ], [ 38.6652766, 9.0092311 ], [ 38.6730014, 9.0147671 ], [ 38.6762066, 9.0142852 ], [ 38.6971119, 9.0116241 ], [ 38.706916, 9.0047807 ], [ 38.7191164, 9.0001686 ], [ 38.7226817, 8.996307 ], [ 38.7360765, 8.9821602 ], [ 38.7369105, 8.9810548 ], [ 38.742744, 8.9713146 ], [ 38.7459821, 8.9511341 ], [ 38.7460476, 8.9493613 ], [ 38.7464109, 8.936134 ], [ 38.7461284, 8.93387 ], [ 38.7424849, 8.9301141 ], [ 38.7270135, 8.9172375 ], [ 38.7113597, 8.9196049 ], [ 38.7074294, 8.9215038 ], [ 38.69870250000001, 8.9321675 ], [ 38.6859834, 8.9390791 ], [ 38.6829914, 8.9401098 ], [ 38.6802779, 8.943664 ], [ 38.6801187, 8.9442031 ], [ 38.6665157, 8.9610838 ], [ 38.6642035, 8.9613076 ], [ 38.6459675, 8.9622574 ], [ 38.6412482, 8.9735783 ], [ 38.6470757, 8.9771918 ], [ 38.6597476, 8.9909745 ], [ 38.6571979, 8.9981492 ], [ 38.6564447, 8.9994631 ], [ 38.6563329, 8.9997596 ], [ 38.6566052, 9.0007335 ] ] ] } },
{ "type": "Feature", "properties": { "threshold_s": 300, "time_label": "5 min drive" }, "geometry": { "type": "Polygon", "coordinates": [ [ [ 38.7422208, 8.9886731 ], [ 38.7417482, 8.9901297 ], [ 38.7418178, 8.990189 ], [ 38.7436414, 8.9905094 ], [ 38.7447238, 8.9908057 ], [ 38.7469882, 8.9926049 ], [ 38.7471069, 8.992758 ], [ 38.7479529, 8.9940482 ], [ 38.7516388, 8.9938777 ], [ 38.7525606, 8.9943452 ], [ 38.7538849, 8.9953538 ], [ 38.7560106, 8.9967932 ], [ 38.7593601, 8.9973697 ], [ 38.7619034, 8.9957924 ], [ 38.7654316, 8.9945557 ], [ 38.7679324, 8.991757 ], [ 38.7694276, 8.9913349 ], [ 38.7691338, 8.9895626 ], [ 38.7689629, 8.9863932 ], [ 38.7676154, 8.9842259 ], [ 38.7662418, 8.9812714 ], [ 38.7650426, 8.9787808 ], [ 38.7646558, 8.9779692 ], [ 38.7648311, 8.9747519 ], [ 38.7647163, 8.9741381 ], [ 38.7634898, 8.9729395 ], [ 38.7613593, 8.9707294 ], [ 38.7584311, 8.9727864 ], [ 38.7570116, 8.9719198 ], [ 38.7565217, 8.9689383 ], [ 38.7547968, 8.9678955 ], [ 38.7540763, 8.9687278 ], [ 38.7508986, 8.9703478 ], [ 38.7487169, 8.9722512 ], [ 38.7471136, 8.9737022 ], [ 38.7458914, 8.9760819 ], [ 38.745362900000011, 8.9770176 ], [ 38.7445218, 8.978609 ], [ 38.7430794, 8.9803576 ], [ 38.7429655, 8.9814508 ], [ 38.7434792, 8.9838322 ], [ 38.743505, 8.9842753 ], [ 38.7435155, 8.9846347 ], [ 38.7424913, 8.9882411 ], [ 38.7422208, 8.9886731 ] ] ] } },
{ "type": "Feature", "properties": { "threshold_s": 600, "time_label": "10 min drive" }, "geometry": { "type": "Polygon", "coordinates": [ [ [ 38.7242852, 8.9953717 ], [ 38.7236724, 8.9987142 ], [ 38.730182, 9.0046135 ], [ 38.7330322, 9.00778 ], [ 38.7339185, 9.0079445 ], [ 38.7407623, 9.0108375 ], [ 38.7429415, 9.0127486 ], [ 38.7436308, 9.0135195 ], [ 38.7442534, 9.0141732 ], [ 38.751575699999989, 9.0171898 ], [ 38.7526258, 9.0172874 ], [ 38.7543747, 9.0174346 ], [ 38.7548211, 9.0173518 ], [ 38.7632994, 9.0143168 ], [ 38.7702843, 9.0101555 ], [ 38.7739035, 9.0104181 ], [ 38.7775795, 9.0043913 ], [ 38.7831216, 8.9974816 ], [ 38.7879873, 8.9904466 ], [ 38.7899075, 8.9859732 ], [ 38.7855757, 8.9849273 ], [ 38.7787516, 8.9794447 ], [ 38.7777914, 8.9763594 ], [ 38.7770659, 8.9681153 ], [ 38.7746049, 8.9599046 ], [ 38.775242, 8.9583361 ], [ 38.7737855, 8.9563265 ], [ 38.7715705, 8.9537489 ], [ 38.7650031, 8.9478818 ], [ 38.7648323, 8.947793 ], [ 38.7560588, 8.9495278 ], [ 38.7547486, 8.9496682 ], [ 38.7541316, 8.9497782 ], [ 38.7508367, 8.9509828 ], [ 38.7494933, 8.9515279 ], [ 38.7428878, 8.9557906 ], [ 38.7345723, 8.9596458 ], [ 38.7316363, 8.9603335 ], [ 38.7307999, 8.9610293 ], [ 38.7291811, 8.9630239 ], [ 38.7274935, 8.9655921 ], [ 38.7308985, 8.9730888 ], [ 38.7270547, 8.9798003 ], [ 38.7258008, 8.9824669 ], [ 38.7244629, 8.9855268 ], [ 38.7256426, 8.9913092 ], [ 38.7242852, 8.9953717 ] ] ] } },
{ "type": "Feature", "properties": { "threshold_s": 900, "time_label": "15 min drive" }, "geometry": { "type": "Polygon", "coordinates": [ [ [ 38.7193019, 9.0158989 ], [ 38.7222917, 9.0213349 ], [ 38.7287043, 9.0258283 ], [ 38.7358913, 9.0322044 ], [ 38.7367322, 9.0327964 ], [ 38.7386519, 9.033309 ], [ 38.7402905, 9.0337396 ], [ 38.7417706, 9.0340836 ], [ 38.7420146, 9.0341229 ], [ 38.7432376, 9.0342989 ], [ 38.7521449, 9.0379001 ], [ 38.7525465, 9.0380504 ], [ 38.7555497, 9.0379841 ], [ 38.7615119, 9.0304589 ], [ 38.76348, 9.0308291 ], [ 38.7636394, 9.0308323 ], [ 38.7722518, 9.0311573 ], [ 38.7783603, 9.0264075 ], [ 38.7862275, 9.0229698 ], [ 38.7921291, 9.0212226 ], [ 38.794744, 9.0174686 ], [ 38.7953639, 9.0098224 ], [ 38.8012192, 9.004282 ], [ 38.8016061, 9.0039712 ], [ 38.8024677, 9.0009613 ], [ 38.8052069, 8.9919328 ], [ 38.8062731, 8.9893109 ], [ 38.8035562, 8.9852867 ], [ 38.8021619, 8.9853275 ], [ 38.7996331, 8.9854045 ], [ 38.7971379, 8.9861223 ], [ 38.7899075, 8.9859732 ], [ 38.7880106, 8.9854871 ], [ 38.7855757, 8.9849273 ], [ 38.7842988, 8.9845215 ], [ 38.7787516, 8.9794447 ], [ 38.7777914, 8.9763594 ], [ 38.7828796, 8.9680649 ], [ 38.7919347, 8.9698281 ], [ 38.795565, 8.9657542 ], [ 38.7955637, 8.9646061 ], [ 38.79308420000001, 8.9588075 ], [ 38.7926784, 8.9579998 ], [ 38.7906513, 8.9569862 ], [ 38.7869148, 8.9479375 ], [ 38.78618, 8.9454845 ], [ 38.7848496, 8.9444194 ], [ 38.7792063, 8.9382432 ], [ 38.777904, 8.9330842 ], [ 38.7756135, 8.9304067 ], [ 38.7677414, 8.9285071 ], [ 38.7676372, 8.9285381 ], [ 38.7592359, 8.9312294 ], [ 38.7503852, 8.9328834 ], [ 38.7455657, 8.9324473 ], [ 38.7431068, 8.932231 ], [ 38.7413398, 8.9351319 ], [ 38.7339129, 8.937607 ], [ 38.7252917, 8.9411583 ], [ 38.7233013, 8.9441731 ], [ 38.7194398, 8.9500952 ], [ 38.7166151, 8.9555162 ], [ 38.7122696, 8.9580717 ], [ 38.7118691, 8.9589753 ], [ 38.7094574, 8.9683464 ], [ 38.7078663, 8.9748684 ], [ 38.7078998, 8.9749441 ], [ 38.7118091, 8.9809661 ], [ 38.7079881, 8.9867618 ], [ 38.7068182, 8.9880751 ], [ 38.7068515, 8.9883017 ], [ 38.7081978, 8.9931845 ], [ 38.7089643, 8.9957541 ], [ 38.7143733, 9.0001679 ], [ 38.7179508, 9.009018 ], [ 38.7179274, 9.0103849 ], [ 38.7193019, 9.0158989 ] ] ] } },
{ "type": "Feature", "properties": { "threshold_s": 300, "time_label": "5 min drive" }, "geometry": { "type": "Polygon", "coordinates": [ [ [ 38.75223, 9.0520392 ], [ 38.7521388, 9.054862 ], [ 38.7539978, 9.0561037 ], [ 38.7565047, 9.0554225 ], [ 38.7572967, 9.0574294 ], [ 38.7576986, 9.0589446 ], [ 38.7577216, 9.0590008 ], [ 38.7588853, 9.0596236 ], [ 38.7601738, 9.0598012 ], [ 38.7604079, 9.0597619 ], [ 38.762187, 9.059408 ], [ 38.7623374, 9.0587314 ], [ 38.7627214, 9.0567686 ], [ 38.7658428, 9.0577181 ], [ 38.7656926, 9.0602311 ], [ 38.7678422, 9.0606812 ], [ 38.7695965, 9.0619348 ], [ 38.7704135, 9.061071 ], [ 38.7719363, 9.0593398 ], [ 38.7731371, 9.05917 ], [ 38.7750336, 9.0596606 ], [ 38.7760159, 9.0599567 ], [ 38.776985, 9.0594146 ], [ 38.7777284, 9.0570087 ], [ 38.7780037, 9.0558018 ], [ 38.7765514, 9.0548698 ], [ 38.7770176, 9.0520471 ], [ 38.7801038, 9.0521855 ], [ 38.7804541, 9.0517317 ], [ 38.7805336, 9.0516264 ], [ 38.7803797, 9.0490786 ], [ 38.7812536, 9.0465979 ], [ 38.7814175, 9.0458715 ], [ 38.7811059, 9.0451188 ], [ 38.7809485, 9.0447399 ], [ 38.7808767, 9.0445885 ], [ 38.7806032, 9.0441178 ], [ 38.780293, 9.0436815 ], [ 38.7800444, 9.0432756 ], [ 38.7795529, 9.0424541 ], [ 38.7778774, 9.0397628 ], [ 38.7791536, 9.0381632 ], [ 38.7816332, 9.0394631 ], [ 38.7820203, 9.0383468 ], [ 38.7817703, 9.0374467 ], [ 38.7812806, 9.0371532 ], [ 38.7799358, 9.0345924 ], [ 38.7790479, 9.0321575 ], [ 38.7773348, 9.0306872 ], [ 38.7760168, 9.0311517 ], [ 38.7739974, 9.0298455 ], [ 38.7726027, 9.029819 ], [ 38.7713206, 9.0297792 ], [ 38.7708632, 9.0299515 ], [ 38.7679401, 9.0287723 ], [ 38.767701, 9.0287114 ], [ 38.7673563, 9.028805 ], [ 38.7660695, 9.0292297 ], [ 38.7633917, 9.0291295 ], [ 38.7621176, 9.0297963 ], [ 38.7598172, 9.0314772 ], [ 38.7579095, 9.0339593 ], [ 38.7570673, 9.0349685 ], [ 38.7573179, 9.0358262 ], [ 38.754862, 9.0375543 ], [ 38.7522558, 9.037847 ], [ 38.7522007, 9.0378548 ], [ 38.7512076, 9.0394149 ], [ 38.7517222, 9.0401875 ], [ 38.7496008, 9.0424279 ], [ 38.7474864, 9.0437649 ], [ 38.747408, 9.0438834 ], [ 38.7472882, 9.0451854 ], [ 38.7476045, 9.0471177 ], [ 38.7492997, 9.0477315 ], [ 38.7500387, 9.0494908 ], [ 38.7502748, 9.0505689 ], [ 38.7510974, 9.0515804 ], [ 38.75223, 9.0520392 ] ] ] } },
{ "type": "Feature", "properties": { "threshold_s": 600, "time_label": "10 min drive" }, "geometry": { "type": "Polygon", "coordinates": [ [ [ 38.7316966, 9.0574888 ], [ 38.7336002, 9.0635295 ], [ 38.7412496, 9.0683032 ], [ 38.7478419, 9.0712001 ], [ 38.7510584, 9.0755627 ], [ 38.7567401, 9.0780534 ], [ 38.7613576, 9.0810134 ], [ 38.7684722, 9.0768381 ], [ 38.7718275, 9.0782706 ], [ 38.7742804, 9.0774085 ], [ 38.7836453, 9.0772787 ], [ 38.7844647, 9.078862 ], [ 38.7849784, 9.0751532 ], [ 38.7912866, 9.0708174 ], [ 38.7957475, 9.0620051 ], [ 38.7959567, 9.0614277 ], [ 38.7931769, 9.0568746 ], [ 38.792129, 9.0494167 ], [ 38.7967241, 9.0428703 ], [ 38.7918929, 9.0415089 ], [ 38.7898711, 9.0353037 ], [ 38.7947311, 9.0312946 ], [ 38.7968678, 9.0306899 ], [ 38.7988474, 9.0307862 ], [ 38.799007, 9.0305119 ], [ 38.8000767, 9.0287239 ], [ 38.8000908, 9.0286678 ], [ 38.7986957, 9.0223015 ], [ 38.7949194, 9.0209783 ], [ 38.7872746, 9.0165079 ], [ 38.784454, 9.0152374 ], [ 38.7807076, 9.0141556 ], [ 38.7744038, 9.0122967 ], [ 38.7743198, 9.0122732 ], [ 38.7694997, 9.0115212 ], [ 38.7647812, 9.0085945 ], [ 38.7638989, 9.0084046 ], [ 38.7591779, 9.0112723 ], [ 38.7510317, 9.0150031 ], [ 38.7509495, 9.0150619 ], [ 38.7503028, 9.0158043 ], [ 38.7487809, 9.0188427 ], [ 38.742293, 9.022968 ], [ 38.7406784, 9.0232428 ], [ 38.7389638, 9.0239739 ], [ 38.7376276, 9.0256053 ], [ 38.73110830000001, 9.0327577 ], [ 38.7300508, 9.033799 ], [ 38.7279112, 9.0400954 ], [ 38.7278453, 9.0406862 ], [ 38.7276385, 9.0441208 ], [ 38.7294234, 9.0519994 ], [ 38.7296999, 9.0543158 ], [ 38.7316966, 9.0574888 ] ] ] } },
{ "type": "Feature", "properties": { "threshold_s": 900, "time_label": "15 min drive" }, "geometry": { "type": "Polygon", "coordinates": [ [ [ 38.7157707, 9.0714928 ], [ 38.7160362, 9.0719192 ], [ 38.7241217, 9.0760789 ], [ 38.7324589, 9.0764417 ], [ 38.7377219, 9.0759888 ], [ 38.7382369, 9.0758127 ], [ 38.7445479, 9.0766414 ], [ 38.741257, 9.0875976 ], [ 38.7437648, 9.0886729 ], [ 38.7450655, 9.0881607 ], [ 38.7452926, 9.0879694 ], [ 38.745965, 9.0868881 ], [ 38.7536985, 9.0820899 ], [ 38.761552, 9.0882703 ], [ 38.7599925, 9.0928189 ], [ 38.7607607, 9.0941527 ], [ 38.7610228, 9.0946795 ], [ 38.7647814, 9.0943182 ], [ 38.7646413, 9.0925122 ], [ 38.7646995, 9.0913532 ], [ 38.7625162, 9.0885921 ], [ 38.7700425, 9.0798452 ], [ 38.773237, 9.081739 ], [ 38.7845762, 9.0804395 ], [ 38.7856852, 9.0805299 ], [ 38.7946067, 9.076095 ], [ 38.7992678, 9.0741871 ], [ 38.7963618, 9.0678503 ], [ 38.8028473, 9.0628395 ], [ 38.808213, 9.0647413 ], [ 38.812058, 9.0622899 ], [ 38.8129846, 9.057032 ], [ 38.8130582, 9.0487682 ], [ 38.8132402, 9.0466831 ], [ 38.8183573, 9.0371968 ], [ 38.8198134, 9.0358672 ], [ 38.8196889, 9.0308282 ], [ 38.8198519, 9.0239225 ], [ 38.8191282, 9.0218749 ], [ 38.8189331, 9.0215822 ], [ 38.8171611, 9.0191599 ], [ 38.8132188, 9.0105012 ], [ 38.8123268, 9.0080855 ], [ 38.8115716, 9.0067653 ], [ 38.8095595, 9.005847 ], [ 38.8087829, 9.0056212 ], [ 38.7997564, 9.0022148 ], [ 38.7931544, 8.9983837 ], [ 38.7916964, 8.997649 ], [ 38.788413, 8.9959625 ], [ 38.787379, 8.9954801 ], [ 38.781175, 8.992913 ], [ 38.7764195, 8.9911022 ], [ 38.7725604, 8.990016 ], [ 38.764379, 8.9877536 ], [ 38.7583746, 8.9903288 ], [ 38.7524877, 8.991439 ], [ 38.7477143, 8.9960308 ], [ 38.7392917, 8.997308 ], [ 38.7379668, 8.9983301 ], [ 38.7376212, 8.9989014 ], [ 38.733824, 9.0047681 ], [ 38.7264951, 9.0122563 ], [ 38.7253784, 9.0132798 ], [ 38.7207368, 9.0175832 ], [ 38.7160489, 9.0210002 ], [ 38.7152763, 9.0236018 ], [ 38.7114706, 9.0334569 ], [ 38.7104892, 9.0386698 ], [ 38.7122999, 9.0485977 ], [ 38.7131065, 9.0568466 ], [ 38.7132052, 9.0575036 ], [ 38.7154944, 9.0661054 ], [ 38.7151902, 9.0700342 ], [ 38.7157707, 9.0714928 ] ] ] } },
{ "type": "Feature", "properties": { "threshold_s": 300, "time_label": "5 min drive" }, "geometry": { "type": "Polygon", "coordinates": [ [ [ 38.7441638, 8.9952758 ], [ 38.7439552, 8.9970066 ], [ 38.7473184, 8.9987266 ], [ 38.7493209, 9.0013617 ], [ 38.7522414, 9.0038919 ], [ 38.7544001, 9.0055835 ], [ 38.7545946, 9.0057032 ], [ 38.7547566, 9.0057969 ], [ 38.7587462, 9.0073761 ], [ 38.7591165, 9.0088639 ], [ 38.7603638, 9.0078054 ], [ 38.7643041, 9.0046681 ], [ 38.7682938, 9.0043483 ], [ 38.7683524, 9.0042097 ], [ 38.769688, 9.0011882 ], [ 38.7704085, 9.0001463 ], [ 38.7705998, 8.9995274 ], [ 38.7714849, 8.997922 ], [ 38.7753912, 8.9966925 ], [ 38.7763041, 8.9957546 ], [ 38.7780153, 8.9925672 ], [ 38.7779845, 8.9920851 ], [ 38.7764195, 8.9911022 ], [ 38.7764753, 8.9868029 ], [ 38.7766992, 8.9857251 ], [ 38.7769699, 8.9823757 ], [ 38.7768464, 8.9809212 ], [ 38.7761242, 8.9799942 ], [ 38.7751724, 8.9790417 ], [ 38.7742978, 8.9791499 ], [ 38.7737292, 8.9792188 ], [ 38.7697098, 8.9786677 ], [ 38.7687171, 8.9780856 ], [ 38.7648311, 8.9747519 ], [ 38.7652743, 8.9732919 ], [ 38.7656622, 8.9723626 ], [ 38.7660779, 8.9717093 ], [ 38.7658795, 8.9714651 ], [ 38.7655318, 8.9710292 ], [ 38.7627127, 8.9666965 ], [ 38.7621883, 8.9665983 ], [ 38.7621352, 8.9665994 ], [ 38.7620422, 8.967196 ], [ 38.7613593, 8.9707294 ], [ 38.756673, 8.9690124 ], [ 38.7565422, 8.9679672 ], [ 38.7566851, 8.9669946 ], [ 38.7565704, 8.9669942 ], [ 38.7548117, 8.9682005 ], [ 38.7548543, 8.9688259 ], [ 38.7547973, 8.9695155 ], [ 38.751335, 8.9728528 ], [ 38.749984, 8.9739043 ], [ 38.7494039, 8.9743429 ], [ 38.7475396, 8.9770303 ], [ 38.7449528, 8.9790733 ], [ 38.7442095, 8.9795913 ], [ 38.7434271, 8.980675 ], [ 38.7431532, 8.9816006 ], [ 38.7434792, 8.9838322 ], [ 38.7428186, 8.9880963 ], [ 38.7425497, 8.9897619 ], [ 38.7442241, 8.9943709 ], [ 38.7441638, 8.9952758 ] ] ] } },
{ "type": "Feature", "properties": { "threshold_s": 600, "time_label": "10 min drive" }, "geometry": { "type": "Polygon", "coordinates": [ [ [ 38.7243548, 8.9985074 ], [ 38.7286855, 9.0089895 ], [ 38.7321181, 9.0117201 ], [ 38.7344752, 9.0132766 ], [ 38.7442877, 9.0209837 ], [ 38.747689, 9.0250316 ], [ 38.7515863, 9.0272817 ], [ 38.7519917, 9.0274854 ], [ 38.7572955, 9.0263761 ], [ 38.7681837, 9.0238363 ], [ 38.7747315, 9.0192594 ], [ 38.7834846, 9.01484 ], [ 38.7892042, 9.0040436 ], [ 38.7936291, 8.9982041 ], [ 38.794295, 8.996814 ], [ 38.7966211, 8.9916862 ], [ 38.7966919, 8.9912265 ], [ 38.7942992, 8.9887271 ], [ 38.7899075, 8.9859732 ], [ 38.7880106, 8.9854871 ], [ 38.7855757, 8.9849273 ], [ 38.7842988, 8.9845215 ], [ 38.7787516, 8.9794447 ], [ 38.7828796, 8.9680649 ], [ 38.7828581, 8.9679775 ], [ 38.7755169, 8.9575612 ], [ 38.7753178, 8.956777 ], [ 38.7742697, 8.9534014 ], [ 38.771809, 8.9505652 ], [ 38.7714429, 8.9501701 ], [ 38.7657954, 8.9457131 ], [ 38.7610491, 8.9474346 ], [ 38.7501237, 8.9504218 ], [ 38.7428955, 8.9554628 ], [ 38.7319559, 8.9629638 ], [ 38.7313496, 8.9646863 ], [ 38.731387, 8.9733147 ], [ 38.7270547, 8.9798003 ], [ 38.7258008, 8.9824669 ], [ 38.7246697, 8.9854612 ], [ 38.7243548, 8.9985074 ] ] ] } },
{ "type": "Feature", "properties": { "threshold_s": 900, "time_label": "15 min drive" }, "geometry": { "type": "Polygon", "coordinates": [ [ [ 38.7115661, 9.0139667 ], [ 38.7186286, 9.0235162 ], [ 38.7191063, 9.0239781 ], [ 38.7268808, 9.0301617 ], [ 38.7325761, 9.0359281 ], [ 38.7361917, 9.0401532 ], [ 38.736987, 9.0409822 ], [ 38.7471673, 9.0469322 ], [ 38.7562666, 9.0472151 ], [ 38.7624014, 9.0425864 ], [ 38.7743931, 9.0409883 ], [ 38.7791536, 9.0381632 ], [ 38.7834835, 9.0321406 ], [ 38.7905778, 9.0297413 ], [ 38.7918447, 9.0297488 ], [ 38.7976937, 9.0288451 ], [ 38.7980379, 9.0288077 ], [ 38.7981611, 9.0287943 ], [ 38.805639, 9.019272 ], [ 38.8072313, 9.0086875 ], [ 38.8084397, 9.0045809 ], [ 38.8139144, 8.9937504 ], [ 38.8160405, 8.9906542 ], [ 38.8163915, 8.9896939 ], [ 38.8166645, 8.988021 ], [ 38.8097735, 8.9869675 ], [ 38.8079529, 8.9863615 ], [ 38.8066972, 8.9860036 ], [ 38.8035562, 8.9852867 ], [ 38.8021619, 8.9853275 ], [ 38.7996331, 8.9854045 ], [ 38.7971379, 8.9861223 ], [ 38.7899075, 8.9859732 ], [ 38.7880106, 8.9854871 ], [ 38.7855757, 8.9849273 ], [ 38.7842988, 8.9845215 ], [ 38.7787516, 8.9794447 ], [ 38.7828796, 8.9680649 ], [ 38.7919347, 8.9698281 ], [ 38.7983287, 8.9653657 ], [ 38.8031926, 8.9653287 ], [ 38.8033937, 8.9620533 ], [ 38.8013922, 8.9600013 ], [ 38.795243, 8.952246 ], [ 38.7897221, 8.9455545 ], [ 38.7863919, 8.9427689 ], [ 38.7804897, 8.936656 ], [ 38.7786108, 8.930677 ], [ 38.7775374, 8.9285231 ], [ 38.7672173, 8.927562 ], [ 38.7642678, 8.9280367 ], [ 38.7550425, 8.9308073 ], [ 38.7455405, 8.9318942 ], [ 38.7431068, 8.932231 ], [ 38.7423478, 8.932887 ], [ 38.7359955, 8.9389086 ], [ 38.7273696, 8.9443254 ], [ 38.7262623, 8.9448618 ], [ 38.7248986, 8.9464576 ], [ 38.7181476, 8.9559264 ], [ 38.7140955, 8.9599859 ], [ 38.7135471, 8.9609676 ], [ 38.7115223, 8.9694105 ], [ 38.7120203, 8.9710089 ], [ 38.7127013, 8.9783543 ], [ 38.7079881, 8.9867618 ], [ 38.7071973, 8.9878236 ], [ 38.709429, 8.995463 ], [ 38.71392, 9.0071185 ], [ 38.7115661, 9.0139667 ] ] ] } },
{ "type": "Feature", "properties": { "threshold_s": 300, "time_label": "5 min drive" }, "geometry": { "type": "Polygon", "coordinates": [ [ [ 38.6829673, 8.9643809 ], [ 38.6826561, 8.9659984 ], [ 38.6851801, 8.9659056 ], [ 38.686987, 8.9649532 ], [ 38.6896151, 8.9648207 ], [ 38.6905083, 8.9648459 ], [ 38.6913335, 8.9637169 ], [ 38.6951539, 8.9621275 ], [ 38.6972152, 8.9614811 ], [ 38.7011996, 8.9613685 ], [ 38.70184, 8.9612837 ], [ 38.7021182, 8.9611042 ], [ 38.7025838, 8.9598693 ], [ 38.7066028, 8.9589294 ], [ 38.7066794, 8.9589522 ], [ 38.7074345, 8.9567802 ], [ 38.7050481, 8.9539408 ], [ 38.7057219, 8.9526072 ], [ 38.7075338, 8.9489505 ], [ 38.7072639, 8.9487617 ], [ 38.7051688, 8.9476046 ], [ 38.7020516, 8.9450742 ], [ 38.7020393, 8.9444872 ], [ 38.7018977, 8.9432906 ], [ 38.6999054, 8.9420732 ], [ 38.6979501, 8.9404291 ], [ 38.6985988, 8.9376818 ], [ 38.6965513, 8.9405073 ], [ 38.6943345, 8.9403947 ], [ 38.6905998, 8.941313 ], [ 38.6884003, 8.940346 ], [ 38.6875914, 8.9395825 ], [ 38.6866843, 8.9390464 ], [ 38.6859834, 8.9390791 ], [ 38.6829914, 8.9401098 ], [ 38.68278, 8.9404505 ], [ 38.6802779, 8.943664 ], [ 38.6801187, 8.9442031 ], [ 38.6802028, 8.9447962 ], [ 38.6803925, 8.945542 ], [ 38.6806364, 8.9463045 ], [ 38.6812202, 8.9471392 ], [ 38.6804992, 8.9510846 ], [ 38.6813858, 8.9539774 ], [ 38.6803134, 8.9557227 ], [ 38.6803973, 8.9570556 ], [ 38.6819766, 8.9576219 ], [ 38.6824842, 8.9577255 ], [ 38.6828119, 8.9577807 ], [ 38.6851023, 8.9612095 ], [ 38.6846973, 8.9618334 ], [ 38.6843044, 8.9624335 ], [ 38.6829673, 8.9643809 ] ] ] } },
{ "type": "Feature", "properties": { "threshold_s": 600, "time_label": "10 min drive" }, "geometry": { "type": "Polygon", "coordinates": [ [ [ 38.6700544, 8.9808601 ], [ 38.6701944, 8.9811147 ], [ 38.6735104, 8.9837376 ], [ 38.6744427, 8.9843287 ], [ 38.6759149, 8.9844863 ], [ 38.6813512, 8.9849265 ], [ 38.6861673, 8.9846752 ], [ 38.6884399, 8.9842379 ], [ 38.69022, 8.9834955 ], [ 38.6942601, 8.9809422 ], [ 38.7008203, 8.9780345 ], [ 38.7057853, 8.9756135 ], [ 38.7065117, 8.9752925 ], [ 38.7076208, 8.974797 ], [ 38.7079365, 8.9746578 ], [ 38.7085293, 8.9743943 ], [ 38.7089684, 8.9741971 ], [ 38.7092046, 8.9740936 ], [ 38.7097858, 8.9738359 ], [ 38.7107423, 8.973403 ], [ 38.7160519, 8.9718082 ], [ 38.7232567, 8.9715939 ], [ 38.7238546, 8.9706921 ], [ 38.7259898, 8.9662342 ], [ 38.72616, 8.9647252 ], [ 38.7263616, 8.9623218 ], [ 38.7261549, 8.9531736 ], [ 38.7265196, 8.9509018 ], [ 38.726556, 8.9489061 ], [ 38.7269743, 8.9388313 ], [ 38.7265787, 8.9378311 ], [ 38.7251108, 8.9369114 ], [ 38.7163543, 8.9307024 ], [ 38.7123176, 8.9260697 ], [ 38.7116689, 8.9264898 ], [ 38.7062073, 8.9295602 ], [ 38.69870250000001, 8.9321675 ], [ 38.6985399, 8.9324667 ], [ 38.6983983, 8.9354585 ], [ 38.6943345, 8.9403947 ], [ 38.6875914, 8.9395825 ], [ 38.6866843, 8.9390464 ], [ 38.6859834, 8.9390791 ], [ 38.6829914, 8.9401098 ], [ 38.6802779, 8.943664 ], [ 38.6801187, 8.9442031 ], [ 38.6802028, 8.9447962 ], [ 38.6804992, 8.9510846 ], [ 38.6803134, 8.9557227 ], [ 38.6745572, 8.9622375 ], [ 38.6706935, 8.9648565 ], [ 38.6702868, 8.9654854 ], [ 38.6699102, 8.9685906 ], [ 38.6701541, 8.979376 ], [ 38.6700544, 8.9808601 ] ] ] } },
{ "type": "Feature", "properties": { "threshold_s": 900, "time_label": "15 min drive" }, "geometry": { "type": "Polygon", "coordinates": [ [ [ 38.6592607, 8.9944693 ], [ 38.6595207, 8.9947886 ], [ 38.6659129, 9.001489 ], [ 38.6681027, 9.0023807 ], [ 38.6745706, 9.0043779 ], [ 38.691848, 9.0006261 ], [ 38.6941238, 8.9992781 ], [ 38.7054934, 8.9934763 ], [ 38.7241057, 8.989642 ], [ 38.7371782, 8.9838183 ], [ 38.7440997, 8.9729176 ], [ 38.7448606, 8.9703732 ], [ 38.7477466, 8.9513348 ], [ 38.7479702, 8.9492071 ], [ 38.7477118, 8.9357459 ], [ 38.7473928, 8.932849 ], [ 38.7456128, 8.9314149 ], [ 38.7325528, 8.9181792 ], [ 38.7301902, 8.9157649 ], [ 38.727289399999989, 8.9135477 ], [ 38.7113597, 8.9196049 ], [ 38.7030194, 8.9214373 ], [ 38.7007337, 8.9274804 ], [ 38.6859834, 8.9390791 ], [ 38.6829914, 8.9401098 ], [ 38.6802779, 8.943664 ], [ 38.6801187, 8.9442031 ], [ 38.6802028, 8.9447962 ], [ 38.6726743, 8.9593681 ], [ 38.6665157, 8.9610838 ], [ 38.6642035, 8.9613076 ], [ 38.6500995, 8.9655056 ], [ 38.6495385, 8.9663513 ], [ 38.6498903, 8.9752845 ], [ 38.652366, 8.9767575 ], [ 38.6592607, 8.9944693 ] ] ] } },
{ "type": "Feature", "properties": { "threshold_s": 300, "time_label": "5 min drive" }, "geometry": { "type": "Polygon", "coordinates": [ [ [ 38.6795562, 8.9730167 ], [ 38.6798118, 8.973441 ], [ 38.6808336, 8.9745281 ], [ 38.6839959, 8.9746723 ], [ 38.6841874, 8.9745356 ], [ 38.6846044, 8.9742382 ], [ 38.6850221, 8.9739013 ], [ 38.6899579, 8.9736162 ], [ 38.6917643, 8.9736267 ], [ 38.6935499, 8.973422 ], [ 38.6947542, 8.9728749 ], [ 38.6954851, 8.9722444 ], [ 38.6965302, 8.9703163 ], [ 38.6951673, 8.9664528 ], [ 38.6991182, 8.9647068 ], [ 38.7015584, 8.9642617 ], [ 38.7023083, 8.9642613 ], [ 38.7037435, 8.9643035 ], [ 38.7045072, 8.9642372 ], [ 38.7045738, 8.9641348 ], [ 38.7050701, 8.9632029 ], [ 38.7061007, 8.9608228 ], [ 38.7082998, 8.9591877 ], [ 38.7084651, 8.9586905 ], [ 38.7080373, 8.9563716 ], [ 38.7065426, 8.9519462 ], [ 38.7075338, 8.9489505 ], [ 38.7072639, 8.9487617 ], [ 38.7051688, 8.9476046 ], [ 38.7020393, 8.9444872 ], [ 38.6990358, 8.9429159 ], [ 38.697371, 8.9413614 ], [ 38.6962256, 8.9420871 ], [ 38.6918481, 8.9419168 ], [ 38.6912566, 8.9416188 ], [ 38.6905998, 8.941313 ], [ 38.6884219, 8.9413436 ], [ 38.6872833, 8.9418058 ], [ 38.6835133, 8.9448581 ], [ 38.6819974, 8.9454795 ], [ 38.6812202, 8.9471392 ], [ 38.6810593, 8.9510858 ], [ 38.6803134, 8.9557227 ], [ 38.6807628, 8.9565558 ], [ 38.6819766, 8.9576219 ], [ 38.6824842, 8.9577255 ], [ 38.6846973, 8.9618334 ], [ 38.6843044, 8.9624335 ], [ 38.6829673, 8.9643809 ], [ 38.6812171, 8.967792 ], [ 38.6801021, 8.9701187 ], [ 38.6795671, 8.9719973 ], [ 38.6795562, 8.9730167 ] ] ] } },
{ "type": "Feature", "properties": { "threshold_s": 600, "time_label": "10 min drive" }, "geometry": { "type": "Polygon", "coordinates": [ [ [ 38.6667577, 8.9896758 ], [ 38.6669395, 8.989877 ], [ 38.6674415, 8.9903543 ], [ 38.6702445, 8.9912227 ], [ 38.6723551, 8.9918256 ], [ 38.6738524, 8.9921642 ], [ 38.6824401, 8.9930382 ], [ 38.6865184, 8.9931061 ], [ 38.6873634, 8.992921 ], [ 38.6940564, 8.9914246 ], [ 38.6963622, 8.989759 ], [ 38.7043217, 8.9845778 ], [ 38.7079365, 8.9746578 ], [ 38.7085293, 8.9743943 ], [ 38.7089684, 8.9741971 ], [ 38.7092046, 8.9740936 ], [ 38.7097858, 8.9738359 ], [ 38.7107423, 8.973403 ], [ 38.7110888, 8.9732445 ], [ 38.7120216, 8.9728206 ], [ 38.7160519, 8.9718082 ], [ 38.7207229, 8.972019 ], [ 38.7246904, 8.9722934 ], [ 38.7268063, 8.9644195 ], [ 38.7265776, 8.9627368 ], [ 38.7267899, 8.9525648 ], [ 38.7269937, 8.9514057 ], [ 38.7265589, 8.9446508 ], [ 38.7273803, 8.9376516 ], [ 38.7252857, 8.936412 ], [ 38.7211928, 8.934478 ], [ 38.7146333, 8.9312865 ], [ 38.7118706, 8.9287413 ], [ 38.71039, 8.9284051 ], [ 38.7062073, 8.9295602 ], [ 38.69870250000001, 8.9321675 ], [ 38.6985399, 8.9324667 ], [ 38.6983983, 8.9354585 ], [ 38.6943345, 8.9403947 ], [ 38.6875914, 8.9395825 ], [ 38.6866843, 8.9390464 ], [ 38.6859834, 8.9390791 ], [ 38.6829914, 8.9401098 ], [ 38.6802779, 8.943664 ], [ 38.6801187, 8.9442031 ], [ 38.6802028, 8.9447962 ], [ 38.6803925, 8.945542 ], [ 38.6804992, 8.9510846 ], [ 38.6748818, 8.9586978 ], [ 38.6726743, 8.9593681 ], [ 38.6665157, 8.9610838 ], [ 38.6642035, 8.9613076 ], [ 38.6632823, 8.9622518 ], [ 38.6622913, 8.9639381 ], [ 38.6613282, 8.9661448 ], [ 38.6617736, 8.9757947 ], [ 38.6615473, 8.9833127 ], [ 38.6667577, 8.9896758 ] ] ] } },
{ "type": "Feature", "properties": { "threshold_s": 900, "time_label": "15 min drive" }, "geometry": { "type": "Polygon", "coordinates": [ [ [ 38.6577522, 9.0000172 ], [ 38.6577129, 9.0001679 ], [ 38.666921, 9.0079352 ], [ 38.6719602, 9.0117335 ], [ 38.674743, 9.013411 ], [ 38.6954326, 9.0108661 ], [ 38.6962496, 9.0109989 ], [ 38.7085683, 9.0030204 ], [ 38.7198629, 8.9976416 ], [ 38.7210829, 8.9961104 ], [ 38.7369521, 8.9844949 ], [ 38.737463, 8.9842575 ], [ 38.744201, 8.9741389 ], [ 38.7445463, 8.9734365 ], [ 38.7447323, 8.9722946 ], [ 38.7477601, 8.9525668 ], [ 38.7483347, 8.9466749 ], [ 38.7488372, 8.9333793 ], [ 38.747677, 8.9321575 ], [ 38.7344623, 8.9213811 ], [ 38.7284481, 8.9163327 ], [ 38.7270246, 8.9164573 ], [ 38.7113597, 8.9196049 ], [ 38.7030194, 8.9214373 ], [ 38.69870250000001, 8.9321675 ], [ 38.6859834, 8.9390791 ], [ 38.6829914, 8.9401098 ], [ 38.6802779, 8.943664 ], [ 38.6801187, 8.9442031 ], [ 38.6802028, 8.9447962 ], [ 38.6726743, 8.9593681 ], [ 38.6665157, 8.9610838 ], [ 38.6642035, 8.9613076 ], [ 38.6459675, 8.9622574 ], [ 38.6432823, 8.9694817 ], [ 38.6463404, 8.9758661 ], [ 38.64685, 8.976788 ], [ 38.6470757, 8.9771918 ], [ 38.6597476, 8.9909745 ], [ 38.6592607, 8.9944693 ], [ 38.6577522, 9.0000172 ] ] ] } },
{ "type": "Feature", "properties": { "threshold_s": 300, "time_label": "5 min drive" }, "geometry": { "type": "Polygon", "coordinates": [ [ [ 38.6812171, 8.967792 ], [ 38.6806467, 8.9698862 ], [ 38.6823474, 8.9715285 ], [ 38.6847873, 8.971129 ], [ 38.6861374, 8.9708817 ], [ 38.6901161, 8.9705314 ], [ 38.6905853, 8.9705122 ], [ 38.6929491, 8.9700675 ], [ 38.6951673, 8.9664528 ], [ 38.6962675, 8.9649325 ], [ 38.6991182, 8.9647068 ], [ 38.7023083, 8.9642613 ], [ 38.7037435, 8.9643035 ], [ 38.7045072, 8.9642372 ], [ 38.7052834, 8.9636222 ], [ 38.7059901, 8.9615764 ], [ 38.7097852, 8.9596157 ], [ 38.7103525, 8.9597938 ], [ 38.7116251, 8.9603827 ], [ 38.7117078, 8.9604128 ], [ 38.7120137, 8.960298 ], [ 38.7118691, 8.9589753 ], [ 38.711373, 8.9578793 ], [ 38.7112694, 8.9546488 ], [ 38.7096071, 8.95086 ], [ 38.7112892, 8.9485606 ], [ 38.7114099, 8.9479116 ], [ 38.7113665, 8.9477764 ], [ 38.7083825, 8.9462516 ], [ 38.7068989, 8.9474827 ], [ 38.7042759, 8.9441276 ], [ 38.7019385, 8.9415868 ], [ 38.6979501, 8.9404291 ], [ 38.697478, 8.94018 ], [ 38.6943345, 8.9403947 ], [ 38.6905998, 8.941313 ], [ 38.6884219, 8.9413436 ], [ 38.6872833, 8.9418058 ], [ 38.6866017, 8.9430893 ], [ 38.6835714, 8.9444887 ], [ 38.6820485, 8.9446349 ], [ 38.6812202, 8.9471392 ], [ 38.6810593, 8.9510858 ], [ 38.6810714, 8.9512916 ], [ 38.6813858, 8.9539774 ], [ 38.6803134, 8.9557227 ], [ 38.6803973, 8.9570556 ], [ 38.6819766, 8.9576219 ], [ 38.6824842, 8.9577255 ], [ 38.6828119, 8.9577807 ], [ 38.6851023, 8.9612095 ], [ 38.6846973, 8.9618334 ], [ 38.6843044, 8.9624335 ], [ 38.6829673, 8.9643809 ], [ 38.6812171, 8.967792 ] ] ] } },
{ "type": "Feature", "properties": { "threshold_s": 600, "time_label": "10 min drive" }, "geometry": { "type": "Polygon", "coordinates": [ [ [ 38.6651483, 8.9826103 ], [ 38.66941, 8.9878844 ], [ 38.6715056, 8.9883492 ], [ 38.6754902, 8.9890601 ], [ 38.6774282, 8.9892301 ], [ 38.6866032, 8.9898548 ], [ 38.6891482, 8.9897749 ], [ 38.6949608, 8.9877814 ], [ 38.7008104, 8.9835302 ], [ 38.7057853, 8.9756135 ], [ 38.7065117, 8.9752925 ], [ 38.7076208, 8.974797 ], [ 38.7079365, 8.9746578 ], [ 38.7085293, 8.9743943 ], [ 38.7089684, 8.9741971 ], [ 38.7092046, 8.9740936 ], [ 38.7097858, 8.9738359 ], [ 38.7107423, 8.973403 ], [ 38.7110888, 8.9732445 ], [ 38.7206829, 8.9750566 ], [ 38.7233107, 8.975741 ], [ 38.7256413, 8.9758612 ], [ 38.727043, 8.975157 ], [ 38.7273483, 8.9746823 ], [ 38.7279522, 8.9731356 ], [ 38.7287526, 8.9673441 ], [ 38.73053, 8.9629873 ], [ 38.7302307, 8.9609954 ], [ 38.7301407, 8.9521526 ], [ 38.7308924, 8.9478328 ], [ 38.7305792, 8.9379636 ], [ 38.7303894, 8.9367143 ], [ 38.7280331, 8.9344362 ], [ 38.7215236, 8.9303017 ], [ 38.7136286, 8.9248004 ], [ 38.7122257, 8.9241299 ], [ 38.7118909, 8.9244636 ], [ 38.7062073, 8.9295602 ], [ 38.69870250000001, 8.9321675 ], [ 38.6985399, 8.9324667 ], [ 38.6983983, 8.9354585 ], [ 38.6943345, 8.9403947 ], [ 38.6875914, 8.9395825 ], [ 38.6866843, 8.9390464 ], [ 38.6859834, 8.9390791 ], [ 38.6829914, 8.9401098 ], [ 38.6802779, 8.943664 ], [ 38.6801187, 8.9442031 ], [ 38.6802028, 8.9447962 ], [ 38.6803925, 8.945542 ], [ 38.6804992, 8.9510846 ], [ 38.6748818, 8.9586978 ], [ 38.6726743, 8.9593681 ], [ 38.6671793, 8.9612739 ], [ 38.6660982, 8.9638818 ], [ 38.6656523, 8.965115 ], [ 38.6651042, 8.9666856 ], [ 38.6653599, 8.9690171 ], [ 38.6649105, 8.9780391 ], [ 38.6649506, 8.9803716 ], [ 38.6651483, 8.9826103 ] ] ] } },
{ "type": "Feature", "properties": { "threshold_s": 900, "time_label": "15 min drive" }, "geometry": { "type": "Polygon", "coordinates": [ [ [ 38.661055, 9.0013865 ], [ 38.6644989, 9.0051986 ], [ 38.6724676, 9.0085735 ], [ 38.6742273, 9.0091789 ], [ 38.6940091, 9.0069179 ], [ 38.6957469, 9.0062054 ], [ 38.7079655, 8.9997387 ], [ 38.7266077, 8.9926198 ], [ 38.7394246, 8.9858788 ], [ 38.7431532, 8.9816006 ], [ 38.7467116, 8.976404 ], [ 38.7478912, 8.9685569 ], [ 38.7502748, 8.952073 ], [ 38.7522045, 8.946619 ], [ 38.7522261, 8.9465614 ], [ 38.7525507, 8.9353136 ], [ 38.7499302, 8.9303062 ], [ 38.7491611, 8.9294326 ], [ 38.7397148, 8.9213792 ], [ 38.7295807, 8.9119588 ], [ 38.7113597, 8.9196049 ], [ 38.7030194, 8.9214373 ], [ 38.7007337, 8.9274804 ], [ 38.6859834, 8.9390791 ], [ 38.6829914, 8.9401098 ], [ 38.6802779, 8.943664 ], [ 38.6801187, 8.9442031 ], [ 38.6802028, 8.9447962 ], [ 38.6726743, 8.9593681 ], [ 38.6665157, 8.9610838 ], [ 38.6642035, 8.9613076 ], [ 38.6506212, 8.9648657 ], [ 38.648289, 8.9660699 ], [ 38.6459997, 8.9716882 ], [ 38.6463404, 8.9758661 ], [ 38.6470757, 8.9771918 ], [ 38.6597476, 8.9909745 ], [ 38.6592607, 8.9944693 ], [ 38.661055, 9.0013865 ] ] ] } },
{ "type": "Feature", "properties": { "threshold_s": 300, "time_label": "5 min drive" }, "geometry": { "type": "Polygon", "coordinates": [ [ [ 38.7026882, 8.973226 ], [ 38.7032911, 8.9744652 ], [ 38.7057853, 8.9756135 ], [ 38.7085293, 8.9743943 ], [ 38.7089684, 8.9741971 ], [ 38.7092046, 8.9740936 ], [ 38.7097858, 8.9738359 ], [ 38.7107423, 8.973403 ], [ 38.7110888, 8.9732445 ], [ 38.7160519, 8.9718082 ], [ 38.7207229, 8.972019 ], [ 38.7246904, 8.9722934 ], [ 38.7247438, 8.967833 ], [ 38.7259898, 8.9662342 ], [ 38.7264518, 8.965264 ], [ 38.7265871, 8.9639592 ], [ 38.7265776, 8.9627368 ], [ 38.7258145, 8.9585262 ], [ 38.7255286, 8.9576791 ], [ 38.725212, 8.9566643 ], [ 38.7255393, 8.9509809 ], [ 38.7254296, 8.950166 ], [ 38.7248289, 8.9475592 ], [ 38.7238302, 8.9459732 ], [ 38.7222346, 8.9455066 ], [ 38.7182753, 8.9445271 ], [ 38.7169259, 8.9451545 ], [ 38.7157618, 8.9461813 ], [ 38.7113665, 8.9477764 ], [ 38.7083825, 8.9462516 ], [ 38.7042759, 8.9441276 ], [ 38.7021178, 8.9472928 ], [ 38.7012157, 8.9485713 ], [ 38.6957158, 8.9498391 ], [ 38.6929862, 8.952092 ], [ 38.6926549, 8.9525872 ], [ 38.6932147, 8.9571632 ], [ 38.6934453, 8.9582368 ], [ 38.6942202, 8.960465 ], [ 38.6956507, 8.9613399 ], [ 38.6960244, 8.9612885 ], [ 38.6962871, 8.9612691 ], [ 38.6997608, 8.96103 ], [ 38.7015584, 8.9642617 ], [ 38.6986901, 8.9671433 ], [ 38.6980879, 8.9680592 ], [ 38.6982549, 8.9685608 ], [ 38.6984121, 8.9688624 ], [ 38.6986707, 8.9692012 ], [ 38.7026882, 8.973226 ] ] ] } },
{ "type": "Feature", "properties": { "threshold_s": 600, "time_label": "10 min drive" }, "geometry": { "type": "Polygon", "coordinates": [ [ [ 38.6849796, 8.9808624 ], [ 38.689723, 8.9868862 ], [ 38.692585, 8.9883337 ], [ 38.6969275, 8.9885841 ], [ 38.6978363, 8.9881056 ], [ 38.7070188, 8.9848127 ], [ 38.7129021, 8.9832206 ], [ 38.7172383, 8.987862 ], [ 38.7179174, 8.9892139 ], [ 38.7241057, 8.989642 ], [ 38.7241702, 8.9895817 ], [ 38.7243172, 8.9877516 ], [ 38.7331273, 8.9834803 ], [ 38.7351134, 8.9837889 ], [ 38.7364519, 8.9840816 ], [ 38.737463, 8.9842575 ], [ 38.7390094, 8.9805037 ], [ 38.744201, 8.9741389 ], [ 38.7447323, 8.9722946 ], [ 38.7448606, 8.9703732 ], [ 38.7444422, 8.9684955 ], [ 38.7433816, 8.9683703 ], [ 38.7372129, 8.9662997 ], [ 38.7355458, 8.9629714 ], [ 38.7422287, 8.9561532 ], [ 38.7426077, 8.9561671 ], [ 38.7433381, 8.9554743 ], [ 38.7449387, 8.9542345 ], [ 38.7462215, 8.95273 ], [ 38.7470201, 8.9492799 ], [ 38.7463409, 8.9464119 ], [ 38.742240099999989, 8.9379106 ], [ 38.7390876, 8.9371395 ], [ 38.7339035, 8.9321621 ], [ 38.7309547, 8.9308479 ], [ 38.7240762, 8.926203 ], [ 38.7222866, 8.9253297 ], [ 38.7136286, 8.9248004 ], [ 38.7118909, 8.9244636 ], [ 38.7062073, 8.9295602 ], [ 38.69870250000001, 8.9321675 ], [ 38.6985399, 8.9324667 ], [ 38.6983983, 8.9354585 ], [ 38.6943345, 8.9403947 ], [ 38.6864432, 8.9394979 ], [ 38.6829914, 8.9401098 ], [ 38.6802779, 8.943664 ], [ 38.6801187, 8.9442031 ], [ 38.6804992, 8.9510846 ], [ 38.6803134, 8.9557227 ], [ 38.6803973, 8.9570556 ], [ 38.6829673, 8.9643809 ], [ 38.6812171, 8.967792 ], [ 38.6801021, 8.9701187 ], [ 38.6795671, 8.9719973 ], [ 38.6795562, 8.9730167 ], [ 38.6799107, 8.9758786 ], [ 38.6849796, 8.9808624 ] ] ] } },
{ "type": "Feature", "properties": { "threshold_s": 900, "time_label": "15 min drive" }, "geometry": { "type": "Polygon", "coordinates": [ [ [ 38.6644144, 8.9908082 ], [ 38.6692684, 8.9967276 ], [ 38.6737281, 8.9991375 ], [ 38.675992, 9.0029731 ], [ 38.6802394, 9.0034502 ], [ 38.6891121, 9.0040405 ], [ 38.6901085, 9.0047484 ], [ 38.6904349, 9.0049602 ], [ 38.6938772, 9.0058755 ], [ 38.694533, 9.0060516 ], [ 38.6947194, 9.0060185 ], [ 38.697997, 9.0037654 ], [ 38.7038193, 9.0044451 ], [ 38.7066584, 9.0052028 ], [ 38.706717, 9.0051566 ], [ 38.7092635, 9.0035529 ], [ 38.709931, 9.0030246 ], [ 38.7157841, 8.9998486 ], [ 38.7188894, 9.0059185 ], [ 38.7190919, 9.0068716 ], [ 38.7197143, 9.0079515 ], [ 38.7199702, 9.0042617 ], [ 38.7268985, 8.9991841 ], [ 38.730182, 9.0046135 ], [ 38.730315, 9.0050548 ], [ 38.7303472, 9.0051735 ], [ 38.731931, 9.0073696 ], [ 38.733779, 9.0089471 ], [ 38.7338689, 9.0089511 ], [ 38.7363841, 9.0077173 ], [ 38.74219990000001, 9.0049176 ], [ 38.7491146, 8.9994314 ], [ 38.7521073, 8.9952324 ], [ 38.7531635, 8.9934391 ], [ 38.7564533, 8.9874301 ], [ 38.7599712, 8.9807353 ], [ 38.7620297, 8.9769472 ], [ 38.76242, 8.9685074 ], [ 38.7615236, 8.963106 ], [ 38.7624222, 8.9543767 ], [ 38.7622293, 8.9528058 ], [ 38.7615139, 8.9475109 ], [ 38.758741, 8.9406331 ], [ 38.7574157, 8.9365091 ], [ 38.7604603, 8.9313766 ], [ 38.7588899, 8.9293005 ], [ 38.7541648, 8.9275505 ], [ 38.749187, 8.9225397 ], [ 38.7471872, 8.9205748 ], [ 38.7417224, 8.9154211 ], [ 38.7373155, 8.9114451 ], [ 38.7368113, 8.911041 ], [ 38.7307687, 8.9115857 ], [ 38.7295807, 8.9119588 ], [ 38.727289399999989, 8.9135477 ], [ 38.7226438, 8.9196104 ], [ 38.714174, 8.9207268 ], [ 38.7113597, 8.9196049 ], [ 38.7030194, 8.9214373 ], [ 38.7007337, 8.9274804 ], [ 38.69870250000001, 8.9321675 ], [ 38.6985399, 8.9324667 ], [ 38.6983983, 8.9354585 ], [ 38.6943345, 8.9403947 ], [ 38.6875914, 8.9395825 ], [ 38.6866843, 8.9390464 ], [ 38.6859834, 8.9390791 ], [ 38.6829914, 8.9401098 ], [ 38.6802779, 8.943664 ], [ 38.6801187, 8.9442031 ], [ 38.6802028, 8.9447962 ], [ 38.6803925, 8.945542 ], [ 38.6804992, 8.9510846 ], [ 38.6803134, 8.9557227 ], [ 38.6748818, 8.9586978 ], [ 38.6726743, 8.9593681 ], [ 38.6665157, 8.9610838 ], [ 38.6642035, 8.9613076 ], [ 38.6632823, 8.9622518 ], [ 38.6622913, 8.9639381 ], [ 38.6613282, 8.9661448 ], [ 38.6605005, 8.9747447 ], [ 38.6601505, 8.9762043 ], [ 38.6596498, 8.9811634 ], [ 38.6602449, 8.9831557 ], [ 38.6638163, 8.9899432 ], [ 38.6644144, 8.9908082 ] ] ] } },
{ "type": "Feature", "properties": { "threshold_s": 300, "time_label": "5 min drive" }, "geometry": { "type": "Polygon", "coordinates": [ [ [ 38.700918, 8.9741546 ], [ 38.7011674, 8.9759992 ], [ 38.7025917, 8.9764794 ], [ 38.7039784, 8.9764145 ], [ 38.7057853, 8.9756135 ], [ 38.7065117, 8.9752925 ], [ 38.7076208, 8.974797 ], [ 38.7079365, 8.9746578 ], [ 38.7085293, 8.9743943 ], [ 38.7089684, 8.9741971 ], [ 38.7092046, 8.9740936 ], [ 38.7097858, 8.9738359 ], [ 38.7107423, 8.973403 ], [ 38.7110888, 8.9732445 ], [ 38.7120216, 8.9728206 ], [ 38.713758, 8.9722018 ], [ 38.7190926, 8.9729571 ], [ 38.719691, 8.9732715 ], [ 38.7203197, 8.973395 ], [ 38.7245283, 8.974013 ], [ 38.7247649, 8.9740211 ], [ 38.7256497, 8.9737093 ], [ 38.7262196, 8.9727065 ], [ 38.7264578, 8.9692085 ], [ 38.727859, 8.965116 ], [ 38.7283591, 8.9631028 ], [ 38.7281711, 8.961453 ], [ 38.7276265, 8.9607913 ], [ 38.7258145, 8.9585262 ], [ 38.7255286, 8.9576791 ], [ 38.727476, 8.9525109 ], [ 38.7248289, 8.9475592 ], [ 38.7238302, 8.9459732 ], [ 38.7222346, 8.9455066 ], [ 38.7182753, 8.9445271 ], [ 38.7169259, 8.9451545 ], [ 38.7157618, 8.9461813 ], [ 38.7111602, 8.9483774 ], [ 38.7059905, 8.9486177 ], [ 38.7054191, 8.94852 ], [ 38.7026042, 8.9508445 ], [ 38.6968996, 8.9522882 ], [ 38.6951535, 8.9517677 ], [ 38.6938589, 8.9524704 ], [ 38.6934453, 8.9582368 ], [ 38.6951881, 8.9601954 ], [ 38.6984839, 8.9604146 ], [ 38.6997608, 8.96103 ], [ 38.6986901, 8.9671433 ], [ 38.6989371, 8.9684213 ], [ 38.700918, 8.9741546 ] ] ] } },
{ "type": "Feature", "properties": { "threshold_s": 600, "time_label": "10 min drive" }, "geometry": { "type": "Polygon", "coordinates": [ [ [ 38.6866584, 8.985936 ], [ 38.6874747, 8.9870462 ], [ 38.6920478, 8.9907485 ], [ 38.6939612, 8.9910182 ], [ 38.6963622, 8.989759 ], [ 38.7024845, 8.9876965 ], [ 38.7079946, 8.9866397 ], [ 38.7163675, 8.990102 ], [ 38.7173021, 8.9910226 ], [ 38.7256426, 8.9913092 ], [ 38.7325157, 8.9849543 ], [ 38.737172, 8.9846817 ], [ 38.7381422, 8.9843072 ], [ 38.7390308, 8.982704 ], [ 38.7396102, 8.9817251 ], [ 38.7454787, 8.9751427 ], [ 38.7457807, 8.9742026 ], [ 38.746347, 8.9681793 ], [ 38.74513, 8.9614496 ], [ 38.7462215, 8.95273 ], [ 38.7470201, 8.9492799 ], [ 38.7463409, 8.9464119 ], [ 38.7440167, 8.9429422 ], [ 38.742240099999989, 8.9379106 ], [ 38.7390876, 8.9371395 ], [ 38.7339035, 8.9321621 ], [ 38.7309547, 8.9308479 ], [ 38.7240762, 8.926203 ], [ 38.7222866, 8.9253297 ], [ 38.7151672, 8.9307128 ], [ 38.7095736, 8.9293885 ], [ 38.7062073, 8.9295602 ], [ 38.69870250000001, 8.9321675 ], [ 38.6985399, 8.9324667 ], [ 38.6943345, 8.9403947 ], [ 38.6905998, 8.941313 ], [ 38.6854427, 8.9402556 ], [ 38.6839237, 8.9402492 ], [ 38.68278, 8.9404505 ], [ 38.6802779, 8.943664 ], [ 38.6801187, 8.9442031 ], [ 38.6804992, 8.9510846 ], [ 38.6803134, 8.9557227 ], [ 38.6803973, 8.9570556 ], [ 38.6829673, 8.9643809 ], [ 38.6812171, 8.967792 ], [ 38.6801021, 8.9701187 ], [ 38.6796791, 8.9728095 ], [ 38.6810254, 8.9763582 ], [ 38.6843073, 8.980957 ], [ 38.6866584, 8.985936 ] ] ] } },
{ "type": "Feature", "properties": { "threshold_s": 900, "time_label": "15 min drive" }, "geometry": { "type": "Polygon", "coordinates": [ [ [ 38.667465, 8.9962422 ], [ 38.6736587, 9.0039416 ], [ 38.6773154, 9.0064993 ], [ 38.6885681, 9.007139 ], [ 38.690471, 9.0076255 ], [ 38.6942071, 9.0084067 ], [ 38.7036069, 9.0066874 ], [ 38.706851, 9.0063642 ], [ 38.7087232, 9.005902 ], [ 38.7197143, 9.0079515 ], [ 38.7313527, 9.0086805 ], [ 38.731964499999989, 9.0093869 ], [ 38.7341748, 9.0107132 ], [ 38.7359776, 9.0102827 ], [ 38.7371388, 9.0095967 ], [ 38.7442678, 9.0050185 ], [ 38.7499876, 9.0007652 ], [ 38.7540485, 8.9957096 ], [ 38.758704, 8.987978 ], [ 38.7623005, 8.980802 ], [ 38.7632147, 8.9764116 ], [ 38.7628423, 8.9658809 ], [ 38.7632151, 8.9633794 ], [ 38.7640562, 8.9583092 ], [ 38.7640214, 8.9576842 ], [ 38.764001, 8.9574999 ], [ 38.7615139, 8.9475109 ], [ 38.758741, 8.9406331 ], [ 38.7604603, 8.9313766 ], [ 38.7588899, 8.9293005 ], [ 38.749187, 8.9225397 ], [ 38.7471872, 8.9205748 ], [ 38.7417224, 8.9154211 ], [ 38.7373155, 8.9114451 ], [ 38.7368113, 8.911041 ], [ 38.7307687, 8.9115857 ], [ 38.7295807, 8.9119588 ], [ 38.727289399999989, 8.9135477 ], [ 38.7226438, 8.9196104 ], [ 38.714174, 8.9207268 ], [ 38.7113597, 8.9196049 ], [ 38.7074294, 8.9215038 ], [ 38.7061105, 8.9260876 ], [ 38.69870250000001, 8.9321675 ], [ 38.6985399, 8.9324667 ], [ 38.6983983, 8.9354585 ], [ 38.6875914, 8.9395825 ], [ 38.6866843, 8.9390464 ], [ 38.6859834, 8.9390791 ], [ 38.6829914, 8.9401098 ], [ 38.6802779, 8.943664 ], [ 38.6801187, 8.9442031 ], [ 38.6802028, 8.9447962 ], [ 38.6803925, 8.945542 ], [ 38.6804992, 8.9510846 ], [ 38.6726743, 8.9593681 ], [ 38.6665157, 8.9610838 ], [ 38.6636759, 8.9632288 ], [ 38.6631653, 8.9643388 ], [ 38.6627544, 8.9662012 ], [ 38.6609702, 8.975805 ], [ 38.6605789, 8.9834432 ], [ 38.6650782, 8.9902412 ], [ 38.667465, 8.9962422 ] ] ] } },
{ "type": "Feature", "properties": { "threshold_s": 300, "time_label": "5 min drive" }, "geometry": { "type": "Polygon", "coordinates": [ [ [ 38.700918, 8.9741546 ], [ 38.7011674, 8.9759992 ], [ 38.7025917, 8.9764794 ], [ 38.7039784, 8.9764145 ], [ 38.7057853, 8.9756135 ], [ 38.7065117, 8.9752925 ], [ 38.7076208, 8.974797 ], [ 38.7079365, 8.9746578 ], [ 38.7085293, 8.9743943 ], [ 38.7089684, 8.9741971 ], [ 38.7092046, 8.9740936 ], [ 38.7097858, 8.9738359 ], [ 38.7107423, 8.973403 ], [ 38.7110888, 8.9732445 ], [ 38.7120216, 8.9728206 ], [ 38.713758, 8.9722018 ], [ 38.7190926, 8.9729571 ], [ 38.719691, 8.9732715 ], [ 38.7203197, 8.973395 ], [ 38.7245283, 8.974013 ], [ 38.7247649, 8.9740211 ], [ 38.7256497, 8.9737093 ], [ 38.7262196, 8.9727065 ], [ 38.7264578, 8.9692085 ], [ 38.727859, 8.965116 ], [ 38.7283591, 8.9631028 ], [ 38.7281711, 8.961453 ], [ 38.7276265, 8.9607913 ], [ 38.7258145, 8.9585262 ], [ 38.7255286, 8.9576791 ], [ 38.727476, 8.9525109 ], [ 38.7248289, 8.9475592 ], [ 38.7238302, 8.9459732 ], [ 38.7222346, 8.9455066 ], [ 38.7182753, 8.9445271 ], [ 38.7169259, 8.9451545 ], [ 38.7157618, 8.9461813 ], [ 38.7111602, 8.9483774 ], [ 38.7059905, 8.9486177 ], [ 38.7054191, 8.94852 ], [ 38.7026042, 8.9508445 ], [ 38.6968996, 8.9522882 ], [ 38.6951535, 8.9517677 ], [ 38.6938589, 8.9524704 ], [ 38.6934453, 8.9582368 ], [ 38.6951881, 8.9601954 ], [ 38.6984839, 8.9604146 ], [ 38.6997608, 8.96103 ], [ 38.6986901, 8.9671433 ], [ 38.6989371, 8.9684213 ], [ 38.700918, 8.9741546 ] ] ] } },
{ "type": "Feature", "properties": { "threshold_s": 600, "time_label": "10 min drive" }, "geometry": { "type": "Polygon", "coordinates": [ [ [ 38.6866584, 8.985936 ], [ 38.6874747, 8.9870462 ], [ 38.6920478, 8.9907485 ], [ 38.6939612, 8.9910182 ], [ 38.6963622, 8.989759 ], [ 38.7024845, 8.9876965 ], [ 38.7079946, 8.9866397 ], [ 38.7163675, 8.990102 ], [ 38.7173021, 8.9910226 ], [ 38.7256426, 8.9913092 ], [ 38.7325157, 8.9849543 ], [ 38.737172, 8.9846817 ], [ 38.7381422, 8.9843072 ], [ 38.7390308, 8.982704 ], [ 38.7396102, 8.9817251 ], [ 38.7454787, 8.9751427 ], [ 38.7457807, 8.9742026 ], [ 38.746347, 8.9681793 ], [ 38.74513, 8.9614496 ], [ 38.7462215, 8.95273 ], [ 38.7470201, 8.9492799 ], [ 38.7463409, 8.9464119 ], [ 38.7440167, 8.9429422 ], [ 38.742240099999989, 8.9379106 ], [ 38.7390876, 8.9371395 ], [ 38.7339035, 8.9321621 ], [ 38.7309547, 8.9308479 ], [ 38.7240762, 8.926203 ], [ 38.7222866, 8.9253297 ], [ 38.7151672, 8.9307128 ], [ 38.7095736, 8.9293885 ], [ 38.7062073, 8.9295602 ], [ 38.69870250000001, 8.9321675 ], [ 38.6985399, 8.9324667 ], [ 38.6943345, 8.9403947 ], [ 38.6905998, 8.941313 ], [ 38.6854427, 8.9402556 ], [ 38.6839237, 8.9402492 ], [ 38.68278, 8.9404505 ], [ 38.6802779, 8.943664 ], [ 38.6801187, 8.9442031 ], [ 38.6804992, 8.9510846 ], [ 38.6803134, 8.9557227 ], [ 38.6803973, 8.9570556 ], [ 38.6829673, 8.9643809 ], [ 38.6812171, 8.967792 ], [ 38.6801021, 8.9701187 ], [ 38.6796791, 8.9728095 ], [ 38.6810254, 8.9763582 ], [ 38.6843073, 8.980957 ], [ 38.6866584, 8.985936 ] ] ] } },
{ "type": "Feature", "properties": { "threshold_s": 900, "time_label": "15 min drive" }, "geometry": { "type": "Polygon", "coordinates": [ [ [ 38.667465, 8.9962422 ], [ 38.6736587, 9.0039416 ], [ 38.6773154, 9.0064993 ], [ 38.6885681, 9.007139 ], [ 38.690471, 9.0076255 ], [ 38.6942071, 9.0084067 ], [ 38.7036069, 9.0066874 ], [ 38.706851, 9.0063642 ], [ 38.7087232, 9.005902 ], [ 38.7197143, 9.0079515 ], [ 38.7313527, 9.0086805 ], [ 38.731964499999989, 9.0093869 ], [ 38.7341748, 9.0107132 ], [ 38.7359776, 9.0102827 ], [ 38.7371388, 9.0095967 ], [ 38.7442678, 9.0050185 ], [ 38.7499876, 9.0007652 ], [ 38.7540485, 8.9957096 ], [ 38.758704, 8.987978 ], [ 38.7623005, 8.980802 ], [ 38.7632147, 8.9764116 ], [ 38.7628423, 8.9658809 ], [ 38.7632151, 8.9633794 ], [ 38.7640562, 8.9583092 ], [ 38.7640214, 8.9576842 ], [ 38.764001, 8.9574999 ], [ 38.7615139, 8.9475109 ], [ 38.758741, 8.9406331 ], [ 38.7604603, 8.9313766 ], [ 38.7588899, 8.9293005 ], [ 38.749187, 8.9225397 ], [ 38.7471872, 8.9205748 ], [ 38.7417224, 8.9154211 ], [ 38.7373155, 8.9114451 ], [ 38.7368113, 8.911041 ], [ 38.7307687, 8.9115857 ], [ 38.7295807, 8.9119588 ], [ 38.727289399999989, 8.9135477 ], [ 38.7226438, 8.9196104 ], [ 38.714174, 8.9207268 ], [ 38.7113597, 8.9196049 ], [ 38.7074294, 8.9215038 ], [ 38.7061105, 8.9260876 ], [ 38.69870250000001, 8.9321675 ], [ 38.6985399, 8.9324667 ], [ 38.6983983, 8.9354585 ], [ 38.6875914, 8.9395825 ], [ 38.6866843, 8.9390464 ], [ 38.6859834, 8.9390791 ], [ 38.6829914, 8.9401098 ], [ 38.6802779, 8.943664 ], [ 38.6801187, 8.9442031 ], [ 38.6802028, 8.9447962 ], [ 38.6803925, 8.945542 ], [ 38.6804992, 8.9510846 ], [ 38.6726743, 8.9593681 ], [ 38.6665157, 8.9610838 ], [ 38.6636759, 8.9632288 ], [ 38.6631653, 8.9643388 ], [ 38.6627544, 8.9662012 ], [ 38.6609702, 8.975805 ], [ 38.6605789, 8.9834432 ], [ 38.6650782, 8.9902412 ], [ 38.667465, 8.9962422 ] ] ] } },
{ "type": "Feature", "properties": { "threshold_s": 300, "time_label": "5 min drive" }, "geometry": { "type": "Polygon", "coordinates": [ [ [ 38.7062371, 8.9677297 ], [ 38.7076664, 8.9704692 ], [ 38.7120203, 8.9710089 ], [ 38.7139738, 8.9709281 ], [ 38.7145808, 8.9708334 ], [ 38.7155451, 8.970018 ], [ 38.7203176, 8.9682343 ], [ 38.7215002, 8.9680709 ], [ 38.7259898, 8.9662342 ], [ 38.7264518, 8.965264 ], [ 38.7272519, 8.9627353 ], [ 38.727249, 8.9623701 ], [ 38.727252, 8.9618413 ], [ 38.7263131, 8.9595443 ], [ 38.7258145, 8.9585262 ], [ 38.7285447, 8.9530967 ], [ 38.731062, 8.9531298 ], [ 38.7316132, 8.9527112 ], [ 38.732519, 8.9518222 ], [ 38.7366664, 8.9486673 ], [ 38.7367268, 8.9478387 ], [ 38.7363732, 8.9470809 ], [ 38.7338198, 8.9447581 ], [ 38.7321951, 8.9402901 ], [ 38.7267946, 8.9386062 ], [ 38.7254373, 8.9376871 ], [ 38.7204711, 8.9354637 ], [ 38.7182757, 8.9384784 ], [ 38.7175544, 8.9401426 ], [ 38.7173063, 8.9406093 ], [ 38.7173586, 8.9414413 ], [ 38.7157618, 8.9461813 ], [ 38.7113665, 8.9477764 ], [ 38.7083825, 8.9462516 ], [ 38.7058638, 8.9437249 ], [ 38.7042759, 8.9441276 ], [ 38.7006733, 8.9488456 ], [ 38.6996061, 8.9503064 ], [ 38.6993143, 8.9511374 ], [ 38.6990292, 8.9520488 ], [ 38.6998236, 8.9544586 ], [ 38.7016737, 8.9596913 ], [ 38.7037435, 8.9643035 ], [ 38.7062371, 8.9677297 ] ] ] } },
{ "type": "Feature", "properties": { "threshold_s": 600, "time_label": "10 min drive" }, "geometry": { "type": "Polygon", "coordinates": [ [ [ 38.6897998, 8.9772585 ], [ 38.6930411, 8.9821796 ], [ 38.6939341, 8.9829325 ], [ 38.6971844, 8.9829184 ], [ 38.6979199, 8.9829275 ], [ 38.7047978, 8.9791473 ], [ 38.7055086, 8.9793248 ], [ 38.7080827, 8.9798507 ], [ 38.713064, 8.9823117 ], [ 38.713801599999989, 8.9824096 ], [ 38.7209886, 8.98606 ], [ 38.7217467, 8.9856792 ], [ 38.7230837, 8.980366 ], [ 38.727001, 8.9760068 ], [ 38.733022, 8.9786617 ], [ 38.7347285, 8.9804375 ], [ 38.7378559, 8.9760637 ], [ 38.744201, 8.9741389 ], [ 38.7447323, 8.9722946 ], [ 38.744785, 8.9713789 ], [ 38.7448606, 8.9703732 ], [ 38.7447782, 8.9693221 ], [ 38.7444422, 8.9684955 ], [ 38.7433816, 8.9683703 ], [ 38.7390804, 8.9678252 ], [ 38.7372129, 8.9662997 ], [ 38.7355458, 8.9629714 ], [ 38.7352973, 8.9619756 ], [ 38.7352396, 8.9611247 ], [ 38.7351846, 8.9609923 ], [ 38.7348681, 8.9596248 ], [ 38.741532, 8.9558019 ], [ 38.7429693, 8.9567245 ], [ 38.7436067, 8.9570909 ], [ 38.746077, 8.9588322 ], [ 38.7490348, 8.9593529 ], [ 38.7503698, 8.9595337 ], [ 38.7509559, 8.9596225 ], [ 38.7520903, 8.9589553 ], [ 38.752403, 8.9528318 ], [ 38.7532975, 8.9509374 ], [ 38.7561004, 8.9474479 ], [ 38.7566986, 8.9464707 ], [ 38.7567803, 8.9450415 ], [ 38.7568006, 8.9446845 ], [ 38.7551555, 8.9424456 ], [ 38.7514105, 8.9386207 ], [ 38.7488222, 8.9328882 ], [ 38.7484102, 8.9321822 ], [ 38.7475412, 8.9310741 ], [ 38.7415289, 8.9274932 ], [ 38.7370285, 8.9232035 ], [ 38.7344623, 8.9213811 ], [ 38.7295833, 8.9186369 ], [ 38.7270246, 8.9164573 ], [ 38.7226438, 8.9196104 ], [ 38.7199563, 8.9207989 ], [ 38.714174, 8.9207268 ], [ 38.7139884, 8.9210827 ], [ 38.7118909, 8.9244636 ], [ 38.7062073, 8.9295602 ], [ 38.69870250000001, 8.9321675 ], [ 38.6985399, 8.9324667 ], [ 38.6983983, 8.9354585 ], [ 38.6943345, 8.9403947 ], [ 38.6905998, 8.941313 ], [ 38.6884219, 8.9413436 ], [ 38.6872833, 8.9418058 ], [ 38.6830103, 8.9461655 ], [ 38.6821915, 8.9471979 ], [ 38.6810593, 8.9510858 ], [ 38.6811724, 8.9555233 ], [ 38.6826644, 8.9570924 ], [ 38.6829673, 8.9643809 ], [ 38.6830531, 8.9652274 ], [ 38.6839825, 8.9679974 ], [ 38.6848082, 8.9685575 ], [ 38.6880847, 8.9719325 ], [ 38.6894567, 8.9758906 ], [ 38.6896252, 8.9769775 ], [ 38.6897998, 8.9772585 ] ] ] } },
{ "type": "Feature", "properties": { "threshold_s": 900, "time_label": "15 min drive" }, "geometry": { "type": "Polygon", "coordinates": [ [ [ 38.6803132, 8.9984512 ], [ 38.6804346, 8.9985909 ], [ 38.6859003, 9.0001361 ], [ 38.6869897, 9.0000439 ], [ 38.6911987, 8.999768 ], [ 38.6930232, 8.9995021 ], [ 38.703306, 8.9992338 ], [ 38.7075558, 9.0003983 ], [ 38.7079695, 9.0003838 ], [ 38.7104382, 8.9973229 ], [ 38.7189773, 9.0029713 ], [ 38.7193601, 9.0036258 ], [ 38.7199702, 9.0042617 ], [ 38.7268985, 8.9991841 ], [ 38.7329972, 9.0026872 ], [ 38.7336018, 9.003818 ], [ 38.7338206, 9.0041681 ], [ 38.7400909, 9.0003675 ], [ 38.7478575, 8.9947548 ], [ 38.7516388, 8.9938777 ], [ 38.7564533, 8.9874301 ], [ 38.7599712, 8.9807353 ], [ 38.7620297, 8.9769472 ], [ 38.76242, 8.9685074 ], [ 38.7670609, 8.9639041 ], [ 38.7707509, 8.9614387 ], [ 38.771704, 8.9603856 ], [ 38.772911, 8.9574235 ], [ 38.7725737, 8.9565915 ], [ 38.7688543, 8.9481925 ], [ 38.7664135, 8.943651 ], [ 38.7681933, 8.9357829 ], [ 38.7682445, 8.9295578 ], [ 38.7681373, 8.9288881 ], [ 38.7675151, 8.9277337 ], [ 38.7648154, 8.9231575 ], [ 38.7586467, 8.918293 ], [ 38.7583174, 8.9184418 ], [ 38.7582381, 8.9184763 ], [ 38.7497851, 8.9178583 ], [ 38.7478888, 8.9135013 ], [ 38.7466317, 8.9081554 ], [ 38.7455272, 8.9051729 ], [ 38.7448559, 8.9027351 ], [ 38.741308, 8.9019294 ], [ 38.735898, 8.9019029 ], [ 38.7350826, 8.9022633 ], [ 38.7337589, 8.9040162 ], [ 38.7313695, 8.9071775 ], [ 38.7312216, 8.9075352 ], [ 38.727289399999989, 8.9135477 ], [ 38.7226438, 8.9196104 ], [ 38.714174, 8.9207268 ], [ 38.7113597, 8.9196049 ], [ 38.7030194, 8.9214373 ], [ 38.7007337, 8.9274804 ], [ 38.6950392, 8.9306287 ], [ 38.6943345, 8.9403947 ], [ 38.6875914, 8.9395825 ], [ 38.6866843, 8.9390464 ], [ 38.6859834, 8.9390791 ], [ 38.6829914, 8.9401098 ], [ 38.6802779, 8.943664 ], [ 38.6801187, 8.9442031 ], [ 38.6802028, 8.9447962 ], [ 38.6804992, 8.9510846 ], [ 38.6803134, 8.9557227 ], [ 38.6744134, 8.9618667 ], [ 38.67033, 8.9641146 ], [ 38.6699773, 8.9648855 ], [ 38.6692769, 8.9689339 ], [ 38.6688763, 8.9792122 ], [ 38.6690284, 8.9800577 ], [ 38.6692193, 8.9810752 ], [ 38.6717257, 8.9858495 ], [ 38.6745809, 8.9903105 ], [ 38.6803132, 8.9984512 ] ] ] } },
{ "type": "Feature", "properties": { "threshold_s": 300, "time_label": "5 min drive" }, "geometry": { "type": "Polygon", "coordinates": [ [ [ 38.7074345, 8.9567802 ], [ 38.7085708, 8.9583099 ], [ 38.7116251, 8.9603827 ], [ 38.7117078, 8.9604128 ], [ 38.7139017, 8.9610745 ], [ 38.7150516, 8.9611706 ], [ 38.7191931, 8.9610631 ], [ 38.7214727, 8.9607792 ], [ 38.7219143, 8.9603954 ], [ 38.7237288, 8.95856 ], [ 38.7289718, 8.9585153 ], [ 38.7304236, 8.95918 ], [ 38.732969, 8.9602134 ], [ 38.7340742, 8.9596559 ], [ 38.7364709, 8.9560006 ], [ 38.7412389, 8.9554323 ], [ 38.741284, 8.9554256 ], [ 38.742638, 8.9547887 ], [ 38.7437159, 8.953544 ], [ 38.744725099999989, 8.9519564 ], [ 38.7449395, 8.9515554 ], [ 38.7450862, 8.9508888 ], [ 38.7453959, 8.9494289 ], [ 38.7453929, 8.9469673 ], [ 38.7425831, 8.9426031 ], [ 38.740001, 8.9382311 ], [ 38.7392106, 8.9379975 ], [ 38.7349879, 8.9365877 ], [ 38.7340113, 8.9367007 ], [ 38.7289684, 8.9339157 ], [ 38.727608, 8.9329188 ], [ 38.7263074, 8.9321443 ], [ 38.7256146, 8.9317157 ], [ 38.7230084, 8.9301843 ], [ 38.7221481, 8.9300822 ], [ 38.7215307, 8.9300636 ], [ 38.716904, 8.93066 ], [ 38.7160285, 8.9318177 ], [ 38.7152007, 8.9337021 ], [ 38.7152611, 8.9361367 ], [ 38.7158471, 8.9413677 ], [ 38.713008, 8.9426952 ], [ 38.7128283, 8.942823 ], [ 38.7110547, 8.9448877 ], [ 38.7091566, 8.9491127 ], [ 38.7059816, 8.9499556 ], [ 38.7075396, 8.9534643 ], [ 38.7074345, 8.9567802 ] ] ] } },
{ "type": "Feature", "properties": { "threshold_s": 600, "time_label": "10 min drive" }, "geometry": { "type": "Polygon", "coordinates": [ [ [ 38.6995001, 8.9765382 ], [ 38.7008203, 8.9780345 ], [ 38.7039784, 8.9764145 ], [ 38.7057853, 8.9756135 ], [ 38.7065117, 8.9752925 ], [ 38.7076208, 8.974797 ], [ 38.7079365, 8.9746578 ], [ 38.7085293, 8.9743943 ], [ 38.7089684, 8.9741971 ], [ 38.7092046, 8.9740936 ], [ 38.7140299, 8.9732737 ], [ 38.7219483, 8.9785817 ], [ 38.7219907, 8.9786054 ], [ 38.7222442, 8.9787412 ], [ 38.724079, 8.9771595 ], [ 38.7330478, 8.9791849 ], [ 38.7348291, 8.9810151 ], [ 38.741234, 8.9774999 ], [ 38.7450866, 8.9768785 ], [ 38.7467116, 8.976404 ], [ 38.7511866, 8.9686452 ], [ 38.7560391, 8.966296 ], [ 38.757682, 8.9641352 ], [ 38.7590507, 8.9620808 ], [ 38.7606216, 8.9589706 ], [ 38.7614958, 8.9525099 ], [ 38.7612636, 8.9486256 ], [ 38.758741, 8.9406331 ], [ 38.7588708, 8.9308813 ], [ 38.7552407, 8.9281744 ], [ 38.7490509, 8.9236626 ], [ 38.7416232, 8.9182922 ], [ 38.7355496, 8.9142195 ], [ 38.7309055, 8.9116494 ], [ 38.7307687, 8.9115857 ], [ 38.7295807, 8.9119588 ], [ 38.727289399999989, 8.9135477 ], [ 38.7226438, 8.9196104 ], [ 38.714174, 8.9207268 ], [ 38.7113597, 8.9196049 ], [ 38.7099993, 8.921143 ], [ 38.7086682, 8.9227059 ], [ 38.7062073, 8.9295602 ], [ 38.7023014, 8.9317601 ], [ 38.69870250000001, 8.9321675 ], [ 38.6985399, 8.9324667 ], [ 38.6983983, 8.9354585 ], [ 38.6935446, 8.9429701 ], [ 38.6919667, 8.9446448 ], [ 38.6870953, 8.9511107 ], [ 38.6870194, 8.9512944 ], [ 38.6887194, 8.9584032 ], [ 38.6886241, 8.9619805 ], [ 38.6912741, 8.9624534 ], [ 38.6965302, 8.9703163 ], [ 38.6985228, 8.9752864 ], [ 38.6995001, 8.9765382 ] ] ] } },
{ "type": "Feature", "properties": { "threshold_s": 900, "time_label": "15 min drive" }, "geometry": { "type": "Polygon", "coordinates": [ [ [ 38.6857622, 8.988466 ], [ 38.6884732, 8.9922838 ], [ 38.6923535, 8.9931369 ], [ 38.6958521, 8.9921763 ], [ 38.7083787, 8.9912831 ], [ 38.7184146, 8.9954572 ], [ 38.7307628, 8.9975364 ], [ 38.7385125, 9.0008076 ], [ 38.7406738, 9.0016086 ], [ 38.7519094, 8.9969584 ], [ 38.7540808, 8.9957833 ], [ 38.7583746, 8.9903288 ], [ 38.7656733, 8.9835178 ], [ 38.766037, 8.9816917 ], [ 38.7686587, 8.9716586 ], [ 38.7746049, 8.9599046 ], [ 38.775242, 8.9583361 ], [ 38.7755169, 8.9575612 ], [ 38.7757575, 8.9510762 ], [ 38.7788342, 8.937519 ], [ 38.776916, 8.9317544 ], [ 38.7741182, 8.9218004 ], [ 38.7719715, 8.9177107 ], [ 38.7637464, 8.9120776 ], [ 38.7635736, 8.9120019 ], [ 38.7572819, 8.9122175 ], [ 38.7504763, 8.9061985 ], [ 38.751259, 8.8988409 ], [ 38.7505583, 8.8987794 ], [ 38.7470903, 8.8987124 ], [ 38.7362117, 8.9011704 ], [ 38.7350826, 8.9022633 ], [ 38.7337589, 8.9040162 ], [ 38.7313695, 8.9071775 ], [ 38.7312216, 8.9075352 ], [ 38.727289399999989, 8.9135477 ], [ 38.7226438, 8.9196104 ], [ 38.714174, 8.9207268 ], [ 38.7113597, 8.9196049 ], [ 38.7030194, 8.9214373 ], [ 38.6950392, 8.9306287 ], [ 38.6859834, 8.9390791 ], [ 38.6829914, 8.9401098 ], [ 38.6802779, 8.943664 ], [ 38.6801187, 8.9442031 ], [ 38.6804992, 8.9510846 ], [ 38.6803134, 8.9557227 ], [ 38.676766, 8.9679733 ], [ 38.6761577, 8.9696372 ], [ 38.6761701, 8.9697453 ], [ 38.6770554, 8.9770435 ], [ 38.6857622, 8.988466 ] ] ] } },
{ "type": "Feature", "properties": { "threshold_s": 300, "time_label": "5 min drive" }, "geometry": { "type": "Polygon", "coordinates": [ [ [ 38.7074345, 8.9567802 ], [ 38.7085708, 8.9583099 ], [ 38.7116251, 8.9603827 ], [ 38.7135092, 8.9614044 ], [ 38.7182512, 8.9615706 ], [ 38.722286, 8.9618665 ], [ 38.7231498, 8.9614414 ], [ 38.7273609, 8.9586358 ], [ 38.7296042, 8.959184 ], [ 38.7330689, 8.961954 ], [ 38.7336717, 8.9612565 ], [ 38.7348681, 8.9596248 ], [ 38.7364709, 8.9560006 ], [ 38.741532, 8.9558019 ], [ 38.7422287, 8.9561532 ], [ 38.7436611, 8.9548258 ], [ 38.7445936, 8.953894 ], [ 38.7452362, 8.9532383 ], [ 38.7461093, 8.9514565 ], [ 38.7467191, 8.9493055 ], [ 38.746371, 8.946891 ], [ 38.7439277, 8.9433089 ], [ 38.7420176, 8.9391816 ], [ 38.7417063, 8.93874 ], [ 38.7390876, 8.9371395 ], [ 38.7350478, 8.9366304 ], [ 38.7341009, 8.9345072 ], [ 38.7289684, 8.9339157 ], [ 38.727608, 8.9329188 ], [ 38.726085, 8.9321814 ], [ 38.7227348, 8.9302307 ], [ 38.7221481, 8.9300822 ], [ 38.7215307, 8.9300636 ], [ 38.716904, 8.93066 ], [ 38.7160285, 8.9318177 ], [ 38.7152007, 8.9337021 ], [ 38.7152611, 8.9361367 ], [ 38.7158471, 8.9413677 ], [ 38.713008, 8.9426952 ], [ 38.7128283, 8.942823 ], [ 38.7124716, 8.9435172 ], [ 38.7120129, 8.9455097 ], [ 38.7091566, 8.9491127 ], [ 38.7084953, 8.9503518 ], [ 38.7079386, 8.9550552 ], [ 38.7074345, 8.9567802 ] ] ] } },
{ "type": "Feature", "properties": { "threshold_s": 600, "time_label": "10 min drive" }, "geometry": { "type": "Polygon", "coordinates": [ [ [ 38.6995001, 8.9765382 ], [ 38.7008203, 8.9780345 ], [ 38.7039784, 8.9764145 ], [ 38.7057853, 8.9756135 ], [ 38.7065117, 8.9752925 ], [ 38.7076208, 8.974797 ], [ 38.7079365, 8.9746578 ], [ 38.7085293, 8.9743943 ], [ 38.7089684, 8.9741971 ], [ 38.7092046, 8.9740936 ], [ 38.7140299, 8.9732737 ], [ 38.7195794, 8.9737333 ], [ 38.7206829, 8.9750566 ], [ 38.7214795, 8.9768647 ], [ 38.7218581, 8.9783907 ], [ 38.7223423, 8.9804502 ], [ 38.7225366, 8.9806508 ], [ 38.7258704, 8.9763704 ], [ 38.7317344, 8.9790601 ], [ 38.7319277, 8.9792143 ], [ 38.7324856, 8.9797285 ], [ 38.7346441, 8.9817569 ], [ 38.7352301, 8.982039 ], [ 38.7354393, 8.9819741 ], [ 38.7402713, 8.9784505 ], [ 38.7442204, 8.9784257 ], [ 38.7467116, 8.976404 ], [ 38.7467168, 8.9763062 ], [ 38.7466576, 8.9749068 ], [ 38.7467272, 8.9733494 ], [ 38.7512788, 8.9696611 ], [ 38.7559833, 8.9669892 ], [ 38.7583179, 8.9651886 ], [ 38.759909, 8.962015 ], [ 38.7614843, 8.9580241 ], [ 38.7622293, 8.9528058 ], [ 38.7615139, 8.9475109 ], [ 38.7594397, 8.944691 ], [ 38.758741, 8.9406331 ], [ 38.7574157, 8.9365091 ], [ 38.7576368, 8.9340032 ], [ 38.7588708, 8.9308813 ], [ 38.7588814, 8.9300036 ], [ 38.7552407, 8.9281744 ], [ 38.7541648, 8.9275505 ], [ 38.7494676, 8.9230907 ], [ 38.7466537, 8.9217025 ], [ 38.7414672, 8.9178736 ], [ 38.7413727, 8.9176442 ], [ 38.7378493, 8.9160836 ], [ 38.7350249, 8.9129064 ], [ 38.7307687, 8.9115857 ], [ 38.7295807, 8.9119588 ], [ 38.727289399999989, 8.9135477 ], [ 38.7270246, 8.9164573 ], [ 38.7226438, 8.9196104 ], [ 38.7199563, 8.9207989 ], [ 38.714174, 8.9207268 ], [ 38.7113597, 8.9196049 ], [ 38.7099993, 8.921143 ], [ 38.7095538, 8.9222092 ], [ 38.7089751, 8.9235579 ], [ 38.71039, 8.9284051 ], [ 38.7062073, 8.9295602 ], [ 38.7023014, 8.9317601 ], [ 38.69870250000001, 8.9321675 ], [ 38.6985399, 8.9324667 ], [ 38.6983983, 8.9354585 ], [ 38.6965513, 8.9405073 ], [ 38.6934225, 8.9440339 ], [ 38.692911, 8.9455064 ], [ 38.6900765, 8.9500047 ], [ 38.6891905, 8.9513685 ], [ 38.6890305, 8.9521662 ], [ 38.6898505, 8.9545177 ], [ 38.690278, 8.9597403 ], [ 38.690283, 8.961175 ], [ 38.6923859, 8.9618427 ], [ 38.6942061, 8.9626567 ], [ 38.697699299999989, 8.9679907 ], [ 38.6971313, 8.9687966 ], [ 38.6965302, 8.9703163 ], [ 38.6985228, 8.9752864 ], [ 38.6995001, 8.9765382 ] ] ] } },
{ "type": "Feature", "properties": { "threshold_s": 900, "time_label": "15 min drive" }, "geometry": { "type": "Polygon", "coordinates": [ [ [ 38.6824602, 8.9838372 ], [ 38.6884732, 8.9922838 ], [ 38.6923535, 8.9931369 ], [ 38.6955262, 8.9923515 ], [ 38.7063411, 8.9919437 ], [ 38.7187348, 8.9973036 ], [ 38.7213998, 8.99716 ], [ 38.7302594, 8.9977804 ], [ 38.7378668, 9.0015854 ], [ 38.7411363, 9.0026067 ], [ 38.7528023, 8.9978434 ], [ 38.754504, 8.996779 ], [ 38.7591078, 8.9902103 ], [ 38.7660307, 8.9838301 ], [ 38.7666567, 8.9830736 ], [ 38.7700135, 8.97141 ], [ 38.7746049, 8.9599046 ], [ 38.775242, 8.9583361 ], [ 38.7755169, 8.9575612 ], [ 38.7765241, 8.9513653 ], [ 38.7792063, 8.9382432 ], [ 38.777904, 8.9330842 ], [ 38.7760439, 8.9212732 ], [ 38.7723291, 8.9168573 ], [ 38.7640379, 8.9107005 ], [ 38.7507769, 8.9055723 ], [ 38.751259, 8.8988409 ], [ 38.749816, 8.8983997 ], [ 38.7470903, 8.8987124 ], [ 38.7362117, 8.9011704 ], [ 38.7350826, 8.9022633 ], [ 38.7337589, 8.9040162 ], [ 38.7313695, 8.9071775 ], [ 38.7312216, 8.9075352 ], [ 38.727289399999989, 8.9135477 ], [ 38.7226438, 8.9196104 ], [ 38.714174, 8.9207268 ], [ 38.7113597, 8.9196049 ], [ 38.7030194, 8.9214373 ], [ 38.6950392, 8.9306287 ], [ 38.6859834, 8.9390791 ], [ 38.6829914, 8.9401098 ], [ 38.6802779, 8.943664 ], [ 38.6801187, 8.9442031 ], [ 38.6804992, 8.9510846 ], [ 38.6803134, 8.9557227 ], [ 38.676766, 8.9679733 ], [ 38.6783056, 8.9757621 ], [ 38.6789257, 8.9784411 ], [ 38.6824602, 8.9838372 ] ] ] } },
{ "type": "Feature", "properties": { "threshold_s": 300, "time_label": "5 min drive" }, "geometry": { "type": "Polygon", "coordinates": [ [ [ 38.7273967, 8.9513245 ], [ 38.7285414, 8.9528981 ], [ 38.7325026, 8.9563457 ], [ 38.7327658, 8.9569266 ], [ 38.7331435, 8.9564437 ], [ 38.7331147, 8.9560144 ], [ 38.733087, 8.9556029 ], [ 38.7337321, 8.9525244 ], [ 38.7381752, 8.9526622 ], [ 38.7388181, 8.9533071 ], [ 38.7403759, 8.9568763 ], [ 38.7429656, 8.9598609 ], [ 38.7436227, 8.9620706 ], [ 38.7437571, 8.9624615 ], [ 38.7461293, 8.9642524 ], [ 38.7486673, 8.9664409 ], [ 38.7487361, 8.9664442 ], [ 38.7502682, 8.9660419 ], [ 38.7550112, 8.9635731 ], [ 38.7576494, 8.960199 ], [ 38.7582783, 8.9582752 ], [ 38.7592927, 8.9539705 ], [ 38.7602853, 8.9522603 ], [ 38.7590964, 8.9498656 ], [ 38.7594397, 8.944691 ], [ 38.7584641, 8.9421169 ], [ 38.757935, 8.9412505 ], [ 38.7572491, 8.9401437 ], [ 38.7548533, 8.9374527 ], [ 38.7526135, 8.9357569 ], [ 38.7502612, 8.9345416 ], [ 38.7455144, 8.9347312 ], [ 38.744357, 8.9349071 ], [ 38.7414449, 8.9368228 ], [ 38.7390876, 8.9371395 ], [ 38.7337989, 8.937223 ], [ 38.7337281, 8.9379649 ], [ 38.7339869, 8.9411538 ], [ 38.7335564, 8.9435252 ], [ 38.728182, 8.9450135 ], [ 38.7271997, 8.9461132 ], [ 38.7267036, 8.9470373 ], [ 38.7261587, 8.9484321 ], [ 38.7262592, 8.9489311 ], [ 38.7273967, 8.9513245 ] ] ] } },
{ "type": "Feature", "properties": { "threshold_s": 600, "time_label": "10 min drive" }, "geometry": { "type": "Polygon", "coordinates": [ [ [ 38.7130309, 8.9664154 ], [ 38.7135435, 8.9675865 ], [ 38.7198439, 8.9703886 ], [ 38.727043, 8.975157 ], [ 38.7282267, 8.9758101 ], [ 38.7340154, 8.9782922 ], [ 38.7390094, 8.9805037 ], [ 38.743505, 8.9842753 ], [ 38.7446144, 8.9851407 ], [ 38.7486479, 8.9869149 ], [ 38.7513983, 8.9875137 ], [ 38.7538783, 8.9855538 ], [ 38.7634208, 8.9814204 ], [ 38.7646558, 8.9779692 ], [ 38.7667704, 8.9707306 ], [ 38.7676983, 8.9680927 ], [ 38.7726464, 8.9617668 ], [ 38.7746049, 8.9599046 ], [ 38.775242, 8.9583361 ], [ 38.7755169, 8.9575612 ], [ 38.7753178, 8.956777 ], [ 38.7735806, 8.9490822 ], [ 38.7727662, 8.9426649 ], [ 38.7681933, 8.9357829 ], [ 38.7679884, 8.9301183 ], [ 38.7599837, 8.9231591 ], [ 38.7589368, 8.9225986 ], [ 38.7497851, 8.9178583 ], [ 38.7477855, 8.9154629 ], [ 38.7472487, 8.9152736 ], [ 38.7470788, 8.9152191 ], [ 38.741878, 8.9144096 ], [ 38.7404135, 8.9144499 ], [ 38.7333193, 8.9161759 ], [ 38.7324356, 8.9165562 ], [ 38.7308791, 8.9174408 ], [ 38.7299837, 8.9182988 ], [ 38.7222866, 8.9253297 ], [ 38.7143939, 8.9312081 ], [ 38.7140379, 8.9332777 ], [ 38.7142164, 8.9342064 ], [ 38.7128283, 8.942823 ], [ 38.7103996, 8.9444684 ], [ 38.7059816, 8.9499556 ], [ 38.7057729, 8.9579063 ], [ 38.7114597, 8.962623 ], [ 38.7130309, 8.9664154 ] ] ] } },
{ "type": "Feature", "properties": { "threshold_s": 900, "time_label": "15 min drive" }, "geometry": { "type": "Polygon", "coordinates": [ [ [ 38.6979646, 8.9771454 ], [ 38.6992726, 8.9793573 ], [ 38.6997734, 8.9797443 ], [ 38.7066054, 8.9831749 ], [ 38.716908, 8.9901293 ], [ 38.7302594, 8.9977804 ], [ 38.7380116, 9.003884 ], [ 38.7463103, 9.0094412 ], [ 38.7542888, 9.0095569 ], [ 38.7543422, 9.0095442 ], [ 38.767328, 9.0017712 ], [ 38.7753912, 8.9966925 ], [ 38.7758743, 8.9963788 ], [ 38.7797226, 8.9922354 ], [ 38.7827994, 8.9850013 ], [ 38.7824454, 8.9839019 ], [ 38.7787516, 8.9794447 ], [ 38.7777914, 8.9763594 ], [ 38.7863087, 8.9642624 ], [ 38.7875144, 8.9627899 ], [ 38.7884958, 8.9610307 ], [ 38.7928641, 8.9512982 ], [ 38.793807, 8.9462097 ], [ 38.7888944, 8.9340646 ], [ 38.7849435, 8.9241203 ], [ 38.7818361, 8.9174857 ], [ 38.7805134, 8.9159821 ], [ 38.7704596, 8.9098995 ], [ 38.7663197, 8.9043068 ], [ 38.751259, 8.8988409 ], [ 38.7470903, 8.8987124 ], [ 38.7362117, 8.9011704 ], [ 38.7350826, 8.9022633 ], [ 38.7337589, 8.9040162 ], [ 38.7313695, 8.9071775 ], [ 38.7312216, 8.9075352 ], [ 38.727289399999989, 8.9135477 ], [ 38.714174, 8.9207268 ], [ 38.7113597, 8.9196049 ], [ 38.7080389, 8.9220877 ], [ 38.69870250000001, 8.9321675 ], [ 38.6985399, 8.9324667 ], [ 38.6919667, 8.9446448 ], [ 38.6870953, 8.9511107 ], [ 38.6870194, 8.9512944 ], [ 38.6886241, 8.9619805 ], [ 38.6974509, 8.9758923 ], [ 38.6979646, 8.9771454 ] ] ] } },
{ "type": "Feature", "properties": { "threshold_s": 300, "time_label": "5 min drive" }, "geometry": { "type": "Polygon", "coordinates": [ [ [ 38.7325026, 8.9563457 ], [ 38.7327658, 8.9569266 ], [ 38.7331435, 8.9564437 ], [ 38.7331147, 8.9560144 ], [ 38.733087, 8.9556029 ], [ 38.7337321, 8.9525244 ], [ 38.7381752, 8.9526622 ], [ 38.7388181, 8.9533071 ], [ 38.7403759, 8.9568763 ], [ 38.7429656, 8.9598609 ], [ 38.7436227, 8.9620706 ], [ 38.7437571, 8.9624615 ], [ 38.7461293, 8.9642524 ], [ 38.7486673, 8.9664409 ], [ 38.7487361, 8.9664442 ], [ 38.7502682, 8.9660419 ], [ 38.7550112, 8.9635731 ], [ 38.7576494, 8.960199 ], [ 38.7579095, 8.9589764 ], [ 38.758115, 8.9581445 ], [ 38.7592927, 8.9539705 ], [ 38.7602853, 8.9522603 ], [ 38.7590964, 8.9498656 ], [ 38.7594397, 8.944691 ], [ 38.7584641, 8.9421169 ], [ 38.7578076, 8.9408411 ], [ 38.7572491, 8.9401437 ], [ 38.7548533, 8.9374527 ], [ 38.7526135, 8.9357569 ], [ 38.7502612, 8.9345416 ], [ 38.7455287, 8.934299 ], [ 38.744357, 8.9349071 ], [ 38.7414449, 8.9368228 ], [ 38.7390876, 8.9371395 ], [ 38.7337989, 8.937223 ], [ 38.7337281, 8.9379649 ], [ 38.7339869, 8.9411538 ], [ 38.7335564, 8.9435252 ], [ 38.728182, 8.9450135 ], [ 38.7271997, 8.9461132 ], [ 38.7261587, 8.9484321 ], [ 38.7262592, 8.9489311 ], [ 38.7278318, 8.9517028 ], [ 38.7285055, 8.9524321 ], [ 38.731062, 8.9531298 ], [ 38.7325026, 8.9563457 ] ] ] } },
{ "type": "Feature", "properties": { "threshold_s": 600, "time_label": "10 min drive" }, "geometry": { "type": "Polygon", "coordinates": [ [ [ 38.7114597, 8.962623 ], [ 38.7135435, 8.9675865 ], [ 38.7198439, 8.9703886 ], [ 38.727043, 8.975157 ], [ 38.7282267, 8.9758101 ], [ 38.7340154, 8.9782922 ], [ 38.7390094, 8.9805037 ], [ 38.743505, 8.9842753 ], [ 38.7446144, 8.9851407 ], [ 38.7486479, 8.9869149 ], [ 38.7513983, 8.9875137 ], [ 38.7538783, 8.9855538 ], [ 38.7634208, 8.9814204 ], [ 38.7646558, 8.9779692 ], [ 38.7676983, 8.9680927 ], [ 38.7726464, 8.9617668 ], [ 38.7746049, 8.9599046 ], [ 38.775242, 8.9583361 ], [ 38.7755169, 8.9575612 ], [ 38.7753178, 8.956777 ], [ 38.7735806, 8.9490822 ], [ 38.7727662, 8.9426649 ], [ 38.7681933, 8.9357829 ], [ 38.7679884, 8.9301183 ], [ 38.7599837, 8.9231591 ], [ 38.7589368, 8.9225986 ], [ 38.7497851, 8.9178583 ], [ 38.7477855, 8.9154629 ], [ 38.7472487, 8.9152736 ], [ 38.7470788, 8.9152191 ], [ 38.741878, 8.9144096 ], [ 38.7404135, 8.9144499 ], [ 38.7333193, 8.9161759 ], [ 38.7324356, 8.9165562 ], [ 38.7308791, 8.9174408 ], [ 38.7299837, 8.9182988 ], [ 38.7222866, 8.9253297 ], [ 38.7143939, 8.9312081 ], [ 38.7140379, 8.9332777 ], [ 38.7142164, 8.9342064 ], [ 38.7128283, 8.942823 ], [ 38.7103996, 8.9444684 ], [ 38.7059816, 8.9499556 ], [ 38.7057729, 8.9579063 ], [ 38.7114597, 8.962623 ] ] ] } },
{ "type": "Feature", "properties": { "threshold_s": 900, "time_label": "15 min drive" }, "geometry": { "type": "Polygon", "coordinates": [ [ [ 38.6979646, 8.9771454 ], [ 38.6992726, 8.9793573 ], [ 38.7066054, 8.9831749 ], [ 38.7173929, 8.9902075 ], [ 38.7302594, 8.9977804 ], [ 38.7380116, 9.003884 ], [ 38.7463103, 9.0094412 ], [ 38.7542888, 9.0095569 ], [ 38.7543422, 9.0095442 ], [ 38.767328, 9.0017712 ], [ 38.7753912, 8.9966925 ], [ 38.7758743, 8.9963788 ], [ 38.7797226, 8.9922354 ], [ 38.7827994, 8.9850013 ], [ 38.7824454, 8.9839019 ], [ 38.7787516, 8.9794447 ], [ 38.7777914, 8.9763594 ], [ 38.7863087, 8.9642624 ], [ 38.7875144, 8.9627899 ], [ 38.7891009, 8.959217 ], [ 38.7928641, 8.9512982 ], [ 38.793807, 8.9462097 ], [ 38.7888944, 8.9340646 ], [ 38.7849435, 8.9241203 ], [ 38.7818361, 8.9174857 ], [ 38.7805134, 8.9159821 ], [ 38.7704596, 8.9098995 ], [ 38.7663197, 8.9043068 ], [ 38.751259, 8.8988409 ], [ 38.7470903, 8.8987124 ], [ 38.7362117, 8.9011704 ], [ 38.7350826, 8.9022633 ], [ 38.7337589, 8.9040162 ], [ 38.7313695, 8.9071775 ], [ 38.7312216, 8.9075352 ], [ 38.727289399999989, 8.9135477 ], [ 38.714174, 8.9207268 ], [ 38.7113597, 8.9196049 ], [ 38.7080389, 8.9220877 ], [ 38.69870250000001, 8.9321675 ], [ 38.6985399, 8.9324667 ], [ 38.6919667, 8.9446448 ], [ 38.6870953, 8.9511107 ], [ 38.6870194, 8.9512944 ], [ 38.6886241, 8.9619805 ], [ 38.6974509, 8.9758923 ], [ 38.6979646, 8.9771454 ] ] ] } },
{ "type": "Feature", "properties": { "threshold_s": 300, "time_label": "5 min drive" }, "geometry": { "type": "Polygon", "coordinates": [ [ [ 38.727503, 8.9529559 ], [ 38.730846, 8.957169 ], [ 38.7313537, 8.9572644 ], [ 38.733176899999989, 8.9569398 ], [ 38.7335671, 8.9563225 ], [ 38.7337321, 8.9525244 ], [ 38.7381752, 8.9526622 ], [ 38.7388181, 8.9533071 ], [ 38.7412389, 8.9554323 ], [ 38.741532, 8.9558019 ], [ 38.7429656, 8.9598609 ], [ 38.7479095, 8.9615781 ], [ 38.748434, 8.9624604 ], [ 38.748499099999989, 8.9624584 ], [ 38.7502749, 8.9623465 ], [ 38.7517772, 8.9621726 ], [ 38.7522419, 8.9618518 ], [ 38.7543856, 8.9593783 ], [ 38.7545805, 8.9583736 ], [ 38.7576039, 8.9538745 ], [ 38.7582808, 8.9540712 ], [ 38.7584536, 8.9539435 ], [ 38.7595374, 8.9509795 ], [ 38.7592615, 8.95035 ], [ 38.7581194, 8.9458735 ], [ 38.7594397, 8.944691 ], [ 38.758741, 8.9406331 ], [ 38.757121, 8.9354319 ], [ 38.7527602, 8.9332507 ], [ 38.7503852, 8.9328834 ], [ 38.745469, 8.9306241 ], [ 38.7428993, 8.9309494 ], [ 38.7428019, 8.9309742 ], [ 38.7419312, 8.9316494 ], [ 38.7410809, 8.9331526 ], [ 38.7408279, 8.9341561 ], [ 38.7390876, 8.9371395 ], [ 38.7350478, 8.9366304 ], [ 38.7341009, 8.9345072 ], [ 38.7332158, 8.9346092 ], [ 38.7331215, 8.9346909 ], [ 38.7296046, 8.9384007 ], [ 38.7313449, 8.9399508 ], [ 38.7322609, 8.9413936 ], [ 38.7277224, 8.9443807 ], [ 38.7273696, 8.9443254 ], [ 38.7263135, 8.94493 ], [ 38.7250246, 8.9466459 ], [ 38.7239026, 8.9489642 ], [ 38.7239063, 8.9490538 ], [ 38.7266574, 8.9525726 ], [ 38.727503, 8.9529559 ] ] ] } },
{ "type": "Feature", "properties": { "threshold_s": 600, "time_label": "10 min drive" }, "geometry": { "type": "Polygon", "coordinates": [ [ [ 38.7129878, 8.9680759 ], [ 38.7134927, 8.9686096 ], [ 38.7141283, 8.9688316 ], [ 38.7170684, 8.9699482 ], [ 38.7180391, 8.9703292 ], [ 38.7203671, 8.9713797 ], [ 38.7256413, 8.9758612 ], [ 38.727001, 8.9760068 ], [ 38.7340154, 8.9782922 ], [ 38.7352525, 8.9782991 ], [ 38.7377935, 8.9768912 ], [ 38.7431451, 8.9798802 ], [ 38.7448967, 8.9814021 ], [ 38.7502735, 8.9846715 ], [ 38.7506529, 8.9845084 ], [ 38.7519227, 8.9834229 ], [ 38.7558935, 8.9809378 ], [ 38.7600257, 8.9797361 ], [ 38.7619735, 8.9778795 ], [ 38.7623526, 8.9769294 ], [ 38.762356, 8.9764219 ], [ 38.7613593, 8.9707294 ], [ 38.7647743, 8.9676345 ], [ 38.7673177, 8.9660073 ], [ 38.768434, 8.965496 ], [ 38.768958499999989, 8.9650687 ], [ 38.7726464, 8.9617668 ], [ 38.7737249, 8.9605879 ], [ 38.7748343, 8.95907 ], [ 38.7748941, 8.9581525 ], [ 38.7749503, 8.9569539 ], [ 38.7747927, 8.9557502 ], [ 38.7745982, 8.9553157 ], [ 38.7743597, 8.9549174 ], [ 38.7737698, 8.9538879 ], [ 38.7713005, 8.9475638 ], [ 38.7717645, 8.9427555 ], [ 38.7724497, 8.9381372 ], [ 38.7726177, 8.9367024 ], [ 38.7716972, 8.9359042 ], [ 38.7679884, 8.9301183 ], [ 38.7681373, 8.9288881 ], [ 38.7675151, 8.9277337 ], [ 38.763818, 8.9233681 ], [ 38.758918, 8.9192209 ], [ 38.7582381, 8.9187559 ], [ 38.7577818, 8.9190549 ], [ 38.7504724, 8.9206262 ], [ 38.7497851, 8.9178583 ], [ 38.7476487, 8.9130972 ], [ 38.7474892, 8.9129184 ], [ 38.7468897, 8.9124308 ], [ 38.7433099, 8.9110531 ], [ 38.7374287, 8.9120122 ], [ 38.7301648, 8.9144751 ], [ 38.7270246, 8.9164573 ], [ 38.7235862, 8.9205953 ], [ 38.7202896, 8.9240603 ], [ 38.7163543, 8.9307024 ], [ 38.7156326, 8.9307128 ], [ 38.7151672, 8.9307128 ], [ 38.7141576, 8.9311382 ], [ 38.7123112, 8.9335148 ], [ 38.7152611, 8.9361367 ], [ 38.7106309, 8.9421838 ], [ 38.7091731, 8.9416393 ], [ 38.7092502, 8.9420877 ], [ 38.7103996, 8.9444684 ], [ 38.7056761, 8.9494527 ], [ 38.7053463, 8.9498908 ], [ 38.7042975, 8.9555025 ], [ 38.7052918, 8.9583318 ], [ 38.7082998, 8.9591877 ], [ 38.7113571, 8.9645981 ], [ 38.7126809, 8.9675692 ], [ 38.7129436, 8.9680093 ], [ 38.7129878, 8.9680759 ] ] ] } },
{ "type": "Feature", "properties": { "threshold_s": 900, "time_label": "15 min drive" }, "geometry": { "type": "Polygon", "coordinates": [ [ [ 38.6958018, 8.9765621 ], [ 38.6979892, 8.9792591 ], [ 38.6992426, 8.9803767 ], [ 38.6997292, 8.980752 ], [ 38.7001743, 8.9810891 ], [ 38.7075504, 8.9852546 ], [ 38.7164894, 8.9911652 ], [ 38.7173352, 8.9916251 ], [ 38.7286778, 8.9951034 ], [ 38.7385125, 9.0008076 ], [ 38.7466215, 9.0053198 ], [ 38.7467113, 9.0053251 ], [ 38.7545946, 9.0057032 ], [ 38.75719070000001, 9.0047099 ], [ 38.7574847, 9.0045057 ], [ 38.7668694, 8.9982204 ], [ 38.7741375, 8.9945623 ], [ 38.774816199999989, 8.9941075 ], [ 38.7765276, 8.9919231 ], [ 38.7781568, 8.9873024 ], [ 38.7791983, 8.9832948 ], [ 38.7786839, 8.9804382 ], [ 38.778026, 8.9791981 ], [ 38.7771428, 8.9770548 ], [ 38.7769184, 8.9764264 ], [ 38.7757194, 8.9743427 ], [ 38.7750388, 8.9724298 ], [ 38.7828497, 8.9618599 ], [ 38.7838203, 8.9620351 ], [ 38.7842322, 8.9619385 ], [ 38.7856241, 8.9603465 ], [ 38.7882251, 8.9520228 ], [ 38.7909476, 8.9452448 ], [ 38.7923188, 8.9370136 ], [ 38.7915686, 8.9302001 ], [ 38.7847035, 8.922135 ], [ 38.7852056, 8.9169781 ], [ 38.7843466, 8.9146797 ], [ 38.781245, 8.9128611 ], [ 38.780236, 8.912336 ], [ 38.772512, 8.9068741 ], [ 38.7689645, 8.902235 ], [ 38.7676192, 8.9004608 ], [ 38.7663348, 8.900456 ], [ 38.7643454, 8.9007783 ], [ 38.7628183, 8.9015949 ], [ 38.7513227, 8.8970761 ], [ 38.7446272, 8.8963764 ], [ 38.7362117, 8.9011704 ], [ 38.7350826, 8.9022633 ], [ 38.7337589, 8.9040162 ], [ 38.7313695, 8.9071775 ], [ 38.7312216, 8.9075352 ], [ 38.727289399999989, 8.9135477 ], [ 38.7226438, 8.9196104 ], [ 38.714174, 8.9207268 ], [ 38.7113597, 8.9196049 ], [ 38.7074294, 8.9215038 ], [ 38.7061105, 8.9260876 ], [ 38.69870250000001, 8.9321675 ], [ 38.6918601, 8.9430614 ], [ 38.6857275, 8.9512537 ], [ 38.687949, 8.9628028 ], [ 38.6935018, 8.9712466 ], [ 38.6958018, 8.9765621 ] ] ] } },
{ "type": "Feature", "properties": { "threshold_s": 300, "time_label": "5 min drive" }, "geometry": { "type": "Polygon", "coordinates": [ [ [ 38.7262592, 8.9489311 ], [ 38.7278912, 8.9524826 ], [ 38.7285447, 8.9530967 ], [ 38.731062, 8.9531298 ], [ 38.7325026, 8.9563457 ], [ 38.7327658, 8.9569266 ], [ 38.7331435, 8.9564437 ], [ 38.7331147, 8.9560144 ], [ 38.733087, 8.9556029 ], [ 38.7337321, 8.9525244 ], [ 38.7381752, 8.9526622 ], [ 38.7388181, 8.9533071 ], [ 38.7412389, 8.9554323 ], [ 38.741532, 8.9558019 ], [ 38.7435275, 8.9575373 ], [ 38.746077, 8.9588322 ], [ 38.7481324, 8.9616128 ], [ 38.748609, 8.9617897 ], [ 38.7497783, 8.9619784 ], [ 38.7516633, 8.9617512 ], [ 38.7530448, 8.9606504 ], [ 38.7556319, 8.9579012 ], [ 38.757349, 8.9569226 ], [ 38.7606186, 8.9549169 ], [ 38.7608555, 8.9544776 ], [ 38.7610955, 8.9540282 ], [ 38.7614958, 8.9525099 ], [ 38.7612636, 8.9486256 ], [ 38.7594397, 8.944691 ], [ 38.758741, 8.9406331 ], [ 38.7574157, 8.9365091 ], [ 38.7576368, 8.9340032 ], [ 38.7575599, 8.933409 ], [ 38.7553157, 8.9324432 ], [ 38.7525392, 8.9318241 ], [ 38.7481308, 8.9315917 ], [ 38.7475412, 8.9310741 ], [ 38.745157, 8.9297881 ], [ 38.7424849, 8.9301141 ], [ 38.7409403, 8.932284 ], [ 38.7407787, 8.9331302 ], [ 38.7408265, 8.9337109 ], [ 38.7401037, 8.935779 ], [ 38.7390876, 8.9371395 ], [ 38.7350478, 8.9366304 ], [ 38.7341009, 8.9345072 ], [ 38.7332158, 8.9346092 ], [ 38.7329717, 8.9347542 ], [ 38.7318291, 8.9383743 ], [ 38.7296046, 8.9384007 ], [ 38.7313449, 8.9399508 ], [ 38.7317438, 8.9403529 ], [ 38.7328389, 8.944487 ], [ 38.728182, 8.9450135 ], [ 38.7274284, 8.9454016 ], [ 38.7270379, 8.9458754 ], [ 38.7261587, 8.9484321 ], [ 38.7262592, 8.9489311 ] ] ] } },
{ "type": "Feature", "properties": { "threshold_s": 600, "time_label": "10 min drive" }, "geometry": { "type": "Polygon", "coordinates": [ [ [ 38.7130309, 8.9664154 ], [ 38.713413, 8.9677028 ], [ 38.7198439, 8.9703886 ], [ 38.7255694, 8.9736391 ], [ 38.727043, 8.975157 ], [ 38.7282267, 8.9758101 ], [ 38.7340875, 8.9777387 ], [ 38.7345893, 8.9773059 ], [ 38.7378559, 8.9760637 ], [ 38.7432719, 8.9790354 ], [ 38.7443148, 8.9804216 ], [ 38.745601, 8.9814678 ], [ 38.7503123, 8.9843319 ], [ 38.7558935, 8.9809378 ], [ 38.759964, 8.9792704 ], [ 38.7608841, 8.9786978 ], [ 38.7623526, 8.9769294 ], [ 38.7613593, 8.9707294 ], [ 38.7668531, 8.9689063 ], [ 38.768958499999989, 8.9650687 ], [ 38.7718099, 8.962378 ], [ 38.7726464, 8.9617668 ], [ 38.7746049, 8.9599046 ], [ 38.775242, 8.9583361 ], [ 38.7755169, 8.9575612 ], [ 38.7753178, 8.956777 ], [ 38.7742697, 8.9534014 ], [ 38.772551, 8.9498245 ], [ 38.7731861, 8.9433383 ], [ 38.774686, 8.9372514 ], [ 38.7748075, 8.9369356 ], [ 38.7746173, 8.935877 ], [ 38.7742616, 8.9347761 ], [ 38.7722665, 8.9337401 ], [ 38.7681373, 8.9288881 ], [ 38.7675151, 8.9277337 ], [ 38.7648154, 8.9231575 ], [ 38.7628566, 8.9221732 ], [ 38.7586467, 8.918293 ], [ 38.7583174, 8.9184418 ], [ 38.7582381, 8.9184763 ], [ 38.7577818, 8.9190549 ], [ 38.7589368, 8.9225986 ], [ 38.7531437, 8.9246421 ], [ 38.7504724, 8.9206262 ], [ 38.7497851, 8.9178583 ], [ 38.7478888, 8.9135013 ], [ 38.7476487, 8.9130972 ], [ 38.7474892, 8.9129184 ], [ 38.7468897, 8.9124308 ], [ 38.7450259, 8.9111061 ], [ 38.7440023, 8.9106735 ], [ 38.7428637, 8.9102261 ], [ 38.7373155, 8.9114451 ], [ 38.7350517, 8.9116981 ], [ 38.7315948, 8.9133304 ], [ 38.7311351, 8.9135596 ], [ 38.7301473, 8.9141731 ], [ 38.7270246, 8.9164573 ], [ 38.7235862, 8.9205953 ], [ 38.7202896, 8.9240603 ], [ 38.7221785, 8.9270125 ], [ 38.717384, 8.9306505 ], [ 38.716904, 8.93066 ], [ 38.7163543, 8.9307024 ], [ 38.7156326, 8.9307128 ], [ 38.7151672, 8.9307128 ], [ 38.7141576, 8.9311382 ], [ 38.7134734, 8.9330127 ], [ 38.7135203, 8.9335877 ], [ 38.7152611, 8.9361367 ], [ 38.713008, 8.9426952 ], [ 38.7099315, 8.9421156 ], [ 38.7103996, 8.9444684 ], [ 38.7059816, 8.9499556 ], [ 38.7055696, 8.9554826 ], [ 38.7057729, 8.9579063 ], [ 38.7082998, 8.9591877 ], [ 38.7114597, 8.962623 ], [ 38.7130309, 8.9664154 ] ] ] } },
{ "type": "Feature", "properties": { "threshold_s": 900, "time_label": "15 min drive" }, "geometry": { "type": "Polygon", "coordinates": [ [ [ 38.6969567, 8.9761066 ], [ 38.6992726, 8.9793573 ], [ 38.6998414, 8.97982 ], [ 38.7066054, 8.9831749 ], [ 38.716908, 8.9901293 ], [ 38.7241982, 8.992522 ], [ 38.7278253, 8.9938773 ], [ 38.7344089, 8.9966973 ], [ 38.7394057, 9.0002786 ], [ 38.7466215, 9.0053198 ], [ 38.7467113, 9.0053251 ], [ 38.7553802, 9.0046291 ], [ 38.7574893, 9.0040118 ], [ 38.7586541, 9.0031765 ], [ 38.766772, 8.9969781 ], [ 38.7746638, 8.9941942 ], [ 38.774816199999989, 8.9941075 ], [ 38.7765276, 8.9919231 ], [ 38.7781568, 8.9873024 ], [ 38.7791983, 8.9832948 ], [ 38.7792129, 8.982598 ], [ 38.7787651, 8.9799759 ], [ 38.7773636, 8.975878 ], [ 38.7759295, 8.9724099 ], [ 38.7755072, 8.9716351 ], [ 38.7850032, 8.9632621 ], [ 38.7857991, 8.9631211 ], [ 38.7865983, 8.9627589 ], [ 38.7866773, 8.962713 ], [ 38.7876638, 8.9607108 ], [ 38.7911557, 8.9524843 ], [ 38.791571, 8.9462465 ], [ 38.7923188, 8.9370136 ], [ 38.7935413, 8.9307486 ], [ 38.7934045, 8.9291442 ], [ 38.7885853, 8.9194216 ], [ 38.7877462, 8.9172394 ], [ 38.7876444, 8.917031 ], [ 38.7862642, 8.9142222 ], [ 38.7857036, 8.9131389 ], [ 38.7851551, 8.9130827 ], [ 38.780236, 8.912336 ], [ 38.7736715, 8.90742 ], [ 38.7706321, 8.9035176 ], [ 38.769152, 8.901621 ], [ 38.7676192, 8.9004608 ], [ 38.7665816, 8.8998983 ], [ 38.7654357, 8.8996979 ], [ 38.763595, 8.9005269 ], [ 38.7513227, 8.8970761 ], [ 38.7458557, 8.8951363 ], [ 38.7454131, 8.8952079 ], [ 38.7362117, 8.9011704 ], [ 38.7350826, 8.9022633 ], [ 38.7337589, 8.9040162 ], [ 38.7313695, 8.9071775 ], [ 38.7312216, 8.9075352 ], [ 38.727289399999989, 8.9135477 ], [ 38.7226438, 8.9196104 ], [ 38.714174, 8.9207268 ], [ 38.7113597, 8.9196049 ], [ 38.7074294, 8.9215038 ], [ 38.7061105, 8.9260876 ], [ 38.69870250000001, 8.9321675 ], [ 38.6985399, 8.9324667 ], [ 38.6935446, 8.9429701 ], [ 38.6919667, 8.9446448 ], [ 38.6870953, 8.9511107 ], [ 38.6868055, 8.9517413 ], [ 38.6886241, 8.9619805 ], [ 38.6964987, 8.97071 ], [ 38.6969891, 8.9752786 ], [ 38.6969567, 8.9761066 ] ] ] } },
{ "type": "Feature", "properties": { "threshold_s": 300, "time_label": "5 min drive" }, "geometry": { "type": "Polygon", "coordinates": [ [ [ 38.7262592, 8.9489311 ], [ 38.7278912, 8.9524826 ], [ 38.7285447, 8.9530967 ], [ 38.7324473, 8.9554853 ], [ 38.7325026, 8.9563457 ], [ 38.7327658, 8.9569266 ], [ 38.733176899999989, 8.9569398 ], [ 38.7335671, 8.9563225 ], [ 38.7337321, 8.9525244 ], [ 38.7381752, 8.9526622 ], [ 38.7388181, 8.9533071 ], [ 38.7412389, 8.9554323 ], [ 38.741532, 8.9558019 ], [ 38.7429693, 8.9567245 ], [ 38.7436067, 8.9570909 ], [ 38.746077, 8.9588322 ], [ 38.7485541, 8.9617644 ], [ 38.748609, 8.9617897 ], [ 38.7497783, 8.9619784 ], [ 38.7501834, 8.9619063 ], [ 38.7518256, 8.961464 ], [ 38.7525721, 8.9606601 ], [ 38.7556319, 8.9579012 ], [ 38.7592091, 8.9554468 ], [ 38.7608555, 8.9544776 ], [ 38.7614958, 8.9525099 ], [ 38.7612636, 8.9486256 ], [ 38.7594397, 8.944691 ], [ 38.758741, 8.9406331 ], [ 38.7574157, 8.9365091 ], [ 38.7576368, 8.9340032 ], [ 38.7575599, 8.933409 ], [ 38.7542014, 8.9326003 ], [ 38.7525392, 8.9318241 ], [ 38.7481308, 8.9315917 ], [ 38.7475412, 8.9310741 ], [ 38.7457665, 8.9302213 ], [ 38.7424849, 8.9301141 ], [ 38.7415334, 8.9319128 ], [ 38.7409971, 8.9326751 ], [ 38.7407787, 8.9331302 ], [ 38.7408279, 8.9341561 ], [ 38.7402713, 8.9359671 ], [ 38.7390876, 8.9371395 ], [ 38.7350478, 8.9366304 ], [ 38.7341009, 8.9345072 ], [ 38.732959, 8.9346006 ], [ 38.7329717, 8.9347542 ], [ 38.7295014, 8.9382174 ], [ 38.7296046, 8.9384007 ], [ 38.7314388, 8.9403642 ], [ 38.7328389, 8.944487 ], [ 38.728182, 8.9450135 ], [ 38.7276803, 8.9452305 ], [ 38.7275832, 8.9452964 ], [ 38.7273096, 8.9454686 ], [ 38.72692820000001, 8.945737 ], [ 38.7261587, 8.9484321 ], [ 38.7262592, 8.9489311 ] ] ] } },
{ "type": "Feature", "properties": { "threshold_s": 600, "time_label": "10 min drive" }, "geometry": { "type": "Polygon", "coordinates": [ [ [ 38.7114208, 8.963849 ], [ 38.713413, 8.9677028 ], [ 38.7138888, 8.9678984 ], [ 38.7198439, 8.9703886 ], [ 38.7255694, 8.9736391 ], [ 38.7266952, 8.975401 ], [ 38.7282267, 8.9758101 ], [ 38.7340875, 8.9777387 ], [ 38.7345893, 8.9773059 ], [ 38.7378559, 8.9760637 ], [ 38.7432719, 8.9790354 ], [ 38.745601, 8.9814678 ], [ 38.7501899, 8.9839843 ], [ 38.7527904, 8.9823227 ], [ 38.7566249, 8.980382 ], [ 38.759964, 8.9792704 ], [ 38.7623526, 8.9769294 ], [ 38.7613593, 8.9707294 ], [ 38.7668531, 8.9689063 ], [ 38.768958499999989, 8.9650687 ], [ 38.7718099, 8.962378 ], [ 38.7726464, 8.9617668 ], [ 38.7746049, 8.9599046 ], [ 38.775242, 8.9583361 ], [ 38.7755169, 8.9575612 ], [ 38.7753178, 8.956777 ], [ 38.7742697, 8.9534014 ], [ 38.772551, 8.9498245 ], [ 38.7731861, 8.9433383 ], [ 38.774686, 8.9372514 ], [ 38.7744302, 8.9363572 ], [ 38.7739475, 8.9352246 ], [ 38.7730219, 8.9342054 ], [ 38.7681373, 8.9288881 ], [ 38.7675151, 8.9277337 ], [ 38.7648154, 8.9231575 ], [ 38.7628566, 8.9221732 ], [ 38.7586467, 8.918293 ], [ 38.7583174, 8.9184418 ], [ 38.7582381, 8.9184763 ], [ 38.7577818, 8.9190549 ], [ 38.7504724, 8.9206262 ], [ 38.7497851, 8.9178583 ], [ 38.7478888, 8.9135013 ], [ 38.7476487, 8.9130972 ], [ 38.7474892, 8.9129184 ], [ 38.7468897, 8.9124308 ], [ 38.7450259, 8.9111061 ], [ 38.7433099, 8.9110531 ], [ 38.7373155, 8.9114451 ], [ 38.7350517, 8.9116981 ], [ 38.7315948, 8.9133304 ], [ 38.7301473, 8.9141731 ], [ 38.7270246, 8.9164573 ], [ 38.7235862, 8.9205953 ], [ 38.7202896, 8.9240603 ], [ 38.716904, 8.93066 ], [ 38.7163543, 8.9307024 ], [ 38.7156326, 8.9307128 ], [ 38.7151672, 8.9307128 ], [ 38.7125628, 8.9311831 ], [ 38.7123112, 8.9335148 ], [ 38.7152611, 8.9361367 ], [ 38.713008, 8.9426952 ], [ 38.7099315, 8.9421156 ], [ 38.7103996, 8.9444684 ], [ 38.7059816, 8.9499556 ], [ 38.7054627, 8.9500962 ], [ 38.7055696, 8.9554826 ], [ 38.7057729, 8.9579063 ], [ 38.7082998, 8.9591877 ], [ 38.7114208, 8.963849 ] ] ] } },
{ "type": "Feature", "properties": { "threshold_s": 900, "time_label": "15 min drive" }, "geometry": { "type": "Polygon", "coordinates": [ [ [ 38.6988983, 8.9793136 ], [ 38.6991935, 8.9797737 ], [ 38.7066054, 8.9831749 ], [ 38.7084384, 8.9835185 ], [ 38.716908, 8.9901293 ], [ 38.7173021, 8.9910226 ], [ 38.7278253, 8.9938773 ], [ 38.7344089, 8.9966973 ], [ 38.7394057, 9.0002786 ], [ 38.7467176, 9.0045045 ], [ 38.7467985, 9.0045138 ], [ 38.7546592, 9.0046769 ], [ 38.757125, 9.0039735 ], [ 38.7586541, 9.0031765 ], [ 38.766772, 8.9969781 ], [ 38.7746638, 8.9941942 ], [ 38.774816199999989, 8.9941075 ], [ 38.7760802, 8.9916884 ], [ 38.7778063, 8.9876901 ], [ 38.7792129, 8.982598 ], [ 38.7786839, 8.9804382 ], [ 38.7773636, 8.975878 ], [ 38.7759295, 8.9724099 ], [ 38.7755072, 8.9716351 ], [ 38.7794812, 8.9623196 ], [ 38.7850032, 8.9632621 ], [ 38.7857991, 8.9631211 ], [ 38.7866773, 8.962713 ], [ 38.7908254, 8.9525403 ], [ 38.7910336, 8.9516291 ], [ 38.791571, 8.9462465 ], [ 38.7923188, 8.9370136 ], [ 38.7935413, 8.9307486 ], [ 38.7934045, 8.9291442 ], [ 38.7884561, 8.9194968 ], [ 38.7876444, 8.917031 ], [ 38.7862642, 8.9142222 ], [ 38.7857036, 8.9131389 ], [ 38.7851551, 8.9130827 ], [ 38.780236, 8.912336 ], [ 38.7722124, 8.9063461 ], [ 38.7714292, 8.9048853 ], [ 38.7695399, 8.9023974 ], [ 38.7676192, 8.9004608 ], [ 38.766732, 8.9000977 ], [ 38.7661347, 8.9000796 ], [ 38.7656774, 8.9001627 ], [ 38.763595, 8.9005269 ], [ 38.7613018, 8.9018089 ], [ 38.7513227, 8.8970761 ], [ 38.7458557, 8.8951363 ], [ 38.7454131, 8.8952079 ], [ 38.7362117, 8.9011704 ], [ 38.7350826, 8.9022633 ], [ 38.7337589, 8.9040162 ], [ 38.7313695, 8.9071775 ], [ 38.7312216, 8.9075352 ], [ 38.727289399999989, 8.9135477 ], [ 38.7226438, 8.9196104 ], [ 38.714174, 8.9207268 ], [ 38.7113597, 8.9196049 ], [ 38.7074294, 8.9215038 ], [ 38.7061105, 8.9260876 ], [ 38.69870250000001, 8.9321675 ], [ 38.6985399, 8.9324667 ], [ 38.6983983, 8.9354585 ], [ 38.6926822, 8.9422931 ], [ 38.6874724, 8.950258 ], [ 38.6867772, 8.9517998 ], [ 38.6886241, 8.9619805 ], [ 38.6936451, 8.9641451 ], [ 38.6964987, 8.97071 ], [ 38.6969891, 8.9752786 ], [ 38.6969567, 8.9761066 ], [ 38.6988983, 8.9793136 ] ] ] } },
{ "type": "Feature", "properties": { "threshold_s": 300, "time_label": "5 min drive" }, "geometry": { "type": "Polygon", "coordinates": [ [ [ 38.7297839, 8.9566203 ], [ 38.7295908, 8.9577464 ], [ 38.7329154, 8.9596821 ], [ 38.7335671, 8.9563225 ], [ 38.7337321, 8.9525244 ], [ 38.7381752, 8.9526622 ], [ 38.7388181, 8.9533071 ], [ 38.7412389, 8.9554323 ], [ 38.741532, 8.9558019 ], [ 38.7429656, 8.9598609 ], [ 38.746077, 8.9588322 ], [ 38.7495841, 8.9609017 ], [ 38.7517509, 8.9606896 ], [ 38.7529926, 8.9593935 ], [ 38.7534367, 8.9587979 ], [ 38.7543087, 8.9553462 ], [ 38.7582808, 8.9540712 ], [ 38.7584536, 8.9539435 ], [ 38.7595374, 8.9509795 ], [ 38.7598007, 8.949731 ], [ 38.7581194, 8.9458735 ], [ 38.7594397, 8.944691 ], [ 38.758741, 8.9406331 ], [ 38.7574157, 8.9365091 ], [ 38.757121, 8.9354319 ], [ 38.7555771, 8.9340528 ], [ 38.7531244, 8.9328264 ], [ 38.74901, 8.9303154 ], [ 38.7450175, 8.9283559 ], [ 38.7417954, 8.9281767 ], [ 38.7417277, 8.9282068 ], [ 38.7405811, 8.9305075 ], [ 38.7389504, 8.9325593 ], [ 38.7389939, 8.9331856 ], [ 38.7390134, 8.9348026 ], [ 38.7341009, 8.9345072 ], [ 38.7339035, 8.9321621 ], [ 38.7337568, 8.9308869 ], [ 38.7327524, 8.9325623 ], [ 38.7315971, 8.9351272 ], [ 38.7283678, 8.9374342 ], [ 38.7296046, 8.9384007 ], [ 38.7274624, 8.9427144 ], [ 38.7264715, 8.9426197 ], [ 38.7243152, 8.945628 ], [ 38.7239026, 8.9489642 ], [ 38.7239063, 8.9490538 ], [ 38.7239636, 8.9499045 ], [ 38.7240397, 8.9507223 ], [ 38.7258973, 8.9531955 ], [ 38.7261683, 8.9534385 ], [ 38.7297839, 8.9566203 ] ] ] } },
{ "type": "Feature", "properties": { "threshold_s": 600, "time_label": "10 min drive" }, "geometry": { "type": "Polygon", "coordinates": [ [ [ 38.7116235, 8.9673369 ], [ 38.7118558, 8.9692599 ], [ 38.7184154, 8.9718832 ], [ 38.7241057, 8.9751056 ], [ 38.7258704, 8.9763704 ], [ 38.727001, 8.9760068 ], [ 38.7282267, 8.9758101 ], [ 38.7342095, 8.9793641 ], [ 38.7343044, 8.9793256 ], [ 38.7381248, 8.9779864 ], [ 38.7449528, 8.9790733 ], [ 38.7465736, 8.9815959 ], [ 38.749947, 8.9827003 ], [ 38.7503143, 8.9827169 ], [ 38.7518466, 8.9821061 ], [ 38.7569272, 8.9800196 ], [ 38.7596918, 8.9783251 ], [ 38.7598425, 8.9769483 ], [ 38.7613593, 8.9707294 ], [ 38.7647743, 8.9676345 ], [ 38.7673177, 8.9660073 ], [ 38.768434, 8.965496 ], [ 38.768958499999989, 8.9650687 ], [ 38.7726464, 8.9617668 ], [ 38.7737249, 8.9605879 ], [ 38.7748343, 8.95907 ], [ 38.7748941, 8.9581525 ], [ 38.7749503, 8.9569539 ], [ 38.7747927, 8.9557502 ], [ 38.7745982, 8.9553157 ], [ 38.7743597, 8.9549174 ], [ 38.7737698, 8.9538879 ], [ 38.7713005, 8.9475638 ], [ 38.7717645, 8.9427555 ], [ 38.7732108, 8.9379008 ], [ 38.7732755, 8.9372589 ], [ 38.7718946, 8.935319 ], [ 38.7681373, 8.9288881 ], [ 38.7667828, 8.9219933 ], [ 38.7603481, 8.9182898 ], [ 38.7582412, 8.9164931 ], [ 38.7565301, 8.9170545 ], [ 38.7497851, 8.9178583 ], [ 38.7478888, 8.9135013 ], [ 38.7476487, 8.9130972 ], [ 38.7458374, 8.9098863 ], [ 38.7451422, 8.9095862 ], [ 38.7421436, 8.9084803 ], [ 38.735108, 8.9095624 ], [ 38.7309055, 8.9116494 ], [ 38.7296109, 8.9130906 ], [ 38.7270246, 8.9164573 ], [ 38.7226438, 8.9196104 ], [ 38.720505, 8.9210864 ], [ 38.7202896, 8.9240603 ], [ 38.716904, 8.93066 ], [ 38.7163543, 8.9307024 ], [ 38.7156326, 8.9307128 ], [ 38.7151672, 8.9307128 ], [ 38.71189420000001, 8.9305843 ], [ 38.7105538, 8.9315806 ], [ 38.7106329, 8.9335387 ], [ 38.7107509, 8.9337387 ], [ 38.7086068, 8.9409726 ], [ 38.70748, 8.9437133 ], [ 38.7054191, 8.94852 ], [ 38.7042318, 8.9524873 ], [ 38.7030906, 8.9558389 ], [ 38.7052918, 8.9583318 ], [ 38.7066028, 8.9589294 ], [ 38.7113571, 8.9645981 ], [ 38.7116235, 8.9673369 ] ] ] } },
{ "type": "Feature", "properties": { "threshold_s": 900, "time_label": "15 min drive" }, "geometry": { "type": "Polygon", "coordinates": [ [ [ 38.6947218, 8.9766782 ], [ 38.6980518, 8.981718 ], [ 38.7071906, 8.9860857 ], [ 38.7165609, 8.992588 ], [ 38.7223771, 8.9940281 ], [ 38.72987340000001, 8.9963569 ], [ 38.7394057, 9.0002786 ], [ 38.7453268, 9.0025716 ], [ 38.7544702, 9.0039159 ], [ 38.7547041, 9.0038506 ], [ 38.756726, 9.003154 ], [ 38.7574952, 9.0027806 ], [ 38.7656088, 8.9967195 ], [ 38.7746985, 8.993736 ], [ 38.7773605, 8.9852209 ], [ 38.777491, 8.9812854 ], [ 38.7771428, 8.9770548 ], [ 38.7769184, 8.9764264 ], [ 38.7757194, 8.9743427 ], [ 38.7838203, 8.9620351 ], [ 38.7842322, 8.9619385 ], [ 38.7856241, 8.9603465 ], [ 38.7882251, 8.9520228 ], [ 38.7915682, 8.9461147 ], [ 38.7923188, 8.9370136 ], [ 38.7922043, 8.9295257 ], [ 38.7877462, 8.9172394 ], [ 38.7876444, 8.917031 ], [ 38.7862642, 8.9142222 ], [ 38.7857036, 8.9131389 ], [ 38.7750931, 8.9066051 ], [ 38.7693296, 8.898554 ], [ 38.7692171, 8.8984296 ], [ 38.7656786, 8.8988701 ], [ 38.7513227, 8.8970761 ], [ 38.7449276, 8.8938325 ], [ 38.7433773, 8.8943519 ], [ 38.7362117, 8.9011704 ], [ 38.7350826, 8.9022633 ], [ 38.7337589, 8.9040162 ], [ 38.7313695, 8.9071775 ], [ 38.7312216, 8.9075352 ], [ 38.727289399999989, 8.9135477 ], [ 38.714174, 8.9207268 ], [ 38.7113597, 8.9196049 ], [ 38.7030194, 8.9214373 ], [ 38.69870250000001, 8.9321675 ], [ 38.69097, 8.9422884 ], [ 38.6847824, 8.9504343 ], [ 38.6846478, 8.9518315 ], [ 38.6873272, 8.9636669 ], [ 38.6947218, 8.9766782 ] ] ] } },
{ "type": "Feature", "properties": { "threshold_s": 300, "time_label": "5 min drive" }, "geometry": { "type": "Polygon", "coordinates": [ [ [ 38.7276953, 8.9572044 ], [ 38.7273609, 8.9586358 ], [ 38.729041, 8.9596688 ], [ 38.7330689, 8.961954 ], [ 38.7336717, 8.9612565 ], [ 38.7348681, 8.9596248 ], [ 38.7364709, 8.9560006 ], [ 38.7412389, 8.9554323 ], [ 38.741532, 8.9558019 ], [ 38.7429693, 8.9567245 ], [ 38.7436067, 8.9570909 ], [ 38.746077, 8.9588322 ], [ 38.7492252, 8.9591782 ], [ 38.7510211, 8.9587179 ], [ 38.7543087, 8.9553462 ], [ 38.7564152, 8.9537169 ], [ 38.7572476, 8.9510329 ], [ 38.7573565, 8.9504902 ], [ 38.7581194, 8.9458735 ], [ 38.7594397, 8.944691 ], [ 38.758741, 8.9406331 ], [ 38.756429, 8.937437 ], [ 38.7557429, 8.9367333 ], [ 38.7541397, 8.9355537 ], [ 38.7533028, 8.9352345 ], [ 38.7503177, 8.9319296 ], [ 38.74901, 8.9303154 ], [ 38.7450175, 8.9283559 ], [ 38.7417277, 8.9282068 ], [ 38.7405811, 8.9305075 ], [ 38.7389504, 8.9325593 ], [ 38.7382661, 8.934166 ], [ 38.7339035, 8.9321621 ], [ 38.7337568, 8.9308869 ], [ 38.7331916, 8.9297496 ], [ 38.7326956, 8.9294107 ], [ 38.7321378, 8.9301353 ], [ 38.7312922, 8.9313141 ], [ 38.7312336, 8.9326954 ], [ 38.7281391, 8.9351747 ], [ 38.7264973, 8.9372364 ], [ 38.7259118, 8.9381089 ], [ 38.725256, 8.9395488 ], [ 38.7230275, 8.9437106 ], [ 38.7224405, 8.9458109 ], [ 38.7202137, 8.9495754 ], [ 38.7232722, 8.9528105 ], [ 38.7240666, 8.9538429 ], [ 38.7249555, 8.9541127 ], [ 38.7276953, 8.9572044 ] ] ] } },
{ "type": "Feature", "properties": { "threshold_s": 600, "time_label": "10 min drive" }, "geometry": { "type": "Polygon", "coordinates": [ [ [ 38.7100287, 8.970019 ], [ 38.7103767, 8.970565 ], [ 38.711545, 8.9716073 ], [ 38.7134507, 8.9718887 ], [ 38.7203753, 8.9744772 ], [ 38.7221546, 8.9757076 ], [ 38.724079, 8.9771595 ], [ 38.7314905, 8.9788451 ], [ 38.7317344, 8.9790601 ], [ 38.7324856, 8.9797285 ], [ 38.7346441, 8.9817569 ], [ 38.7352301, 8.982039 ], [ 38.7354393, 8.9819741 ], [ 38.7407244, 8.9785065 ], [ 38.7442204, 8.9784257 ], [ 38.7496511, 8.980873 ], [ 38.7524807, 8.9793843 ], [ 38.7576654, 8.9743967 ], [ 38.7613593, 8.9707294 ], [ 38.76242, 8.9685074 ], [ 38.7666165, 8.9646906 ], [ 38.7709545, 8.9617494 ], [ 38.772214, 8.960437 ], [ 38.7732793, 8.9582428 ], [ 38.77327, 8.9576858 ], [ 38.7731592, 8.9570934 ], [ 38.772808499999989, 8.9562862 ], [ 38.7724762, 8.955492 ], [ 38.771534, 8.9543032 ], [ 38.7708151, 8.9532883 ], [ 38.7692524, 8.946438 ], [ 38.7699312, 8.9447122 ], [ 38.7703632, 8.9439016 ], [ 38.7712426, 8.9387124 ], [ 38.7710192, 8.9369964 ], [ 38.7708338, 8.9359989 ], [ 38.7681373, 8.9288881 ], [ 38.7675151, 8.9277337 ], [ 38.7641636, 8.9218654 ], [ 38.7637316, 8.9213882 ], [ 38.7603481, 8.9182898 ], [ 38.7582412, 8.9164931 ], [ 38.7565301, 8.9170545 ], [ 38.7497851, 8.9178583 ], [ 38.7478888, 8.9135013 ], [ 38.7476487, 8.9130972 ], [ 38.7458374, 8.9098863 ], [ 38.7451422, 8.9095862 ], [ 38.7422807, 8.9087886 ], [ 38.7362968, 8.9081686 ], [ 38.73353, 8.9082675 ], [ 38.7295807, 8.9119588 ], [ 38.727289399999989, 8.9135477 ], [ 38.7226438, 8.9196104 ], [ 38.7199563, 8.9207989 ], [ 38.7202896, 8.9240603 ], [ 38.716904, 8.93066 ], [ 38.7163543, 8.9307024 ], [ 38.7156326, 8.9307128 ], [ 38.7118706, 8.9287413 ], [ 38.71039, 8.9284051 ], [ 38.7087487, 8.933903 ], [ 38.7064394, 8.9404993 ], [ 38.706592, 8.9420225 ], [ 38.7051688, 8.9476046 ], [ 38.7020458, 8.9504067 ], [ 38.7013204, 8.955225 ], [ 38.7037773, 8.9580994 ], [ 38.7059028, 8.9616931 ], [ 38.708571, 8.9661905 ], [ 38.7100287, 8.970019 ] ] ] } },
{ "type": "Feature", "properties": { "threshold_s": 900, "time_label": "15 min drive" }, "geometry": { "type": "Polygon", "coordinates": [ [ [ 38.6960658, 8.9818781 ], [ 38.6966021, 8.9827012 ], [ 38.6971844, 8.9829184 ], [ 38.7080357, 8.9877014 ], [ 38.7128811, 8.9910314 ], [ 38.7132105, 8.9912903 ], [ 38.7175484, 8.993658 ], [ 38.7302594, 8.9977804 ], [ 38.7378668, 9.0015854 ], [ 38.7410113, 9.0026659 ], [ 38.7470486, 9.0019362 ], [ 38.7561833, 9.0010932 ], [ 38.7569553, 9.000837 ], [ 38.758485, 8.999819 ], [ 38.7665945, 8.9943362 ], [ 38.7734067, 8.9914327 ], [ 38.7755186, 8.9855138 ], [ 38.7757261, 8.9838273 ], [ 38.7757844, 8.9831065 ], [ 38.7757218, 8.9818285 ], [ 38.7754274, 8.9804185 ], [ 38.7747477, 8.9756875 ], [ 38.774138, 8.9743781 ], [ 38.7715801, 8.967035 ], [ 38.7815754, 8.9608452 ], [ 38.7823467, 8.9606198 ], [ 38.7838221, 8.959737 ], [ 38.7864321, 8.9522158 ], [ 38.7900399, 8.9462494 ], [ 38.7904421, 8.9442075 ], [ 38.7910489, 8.93304 ], [ 38.7909088, 8.9328273 ], [ 38.7896334, 8.9318244 ], [ 38.787593, 8.9175722 ], [ 38.7876444, 8.917031 ], [ 38.7862642, 8.9142222 ], [ 38.7857036, 8.9131389 ], [ 38.7750931, 8.9066051 ], [ 38.7693296, 8.898554 ], [ 38.7692171, 8.8984296 ], [ 38.7656786, 8.8988701 ], [ 38.7513227, 8.8970761 ], [ 38.7449276, 8.8938325 ], [ 38.7433773, 8.8943519 ], [ 38.7362117, 8.9011704 ], [ 38.7350826, 8.9022633 ], [ 38.7337589, 8.9040162 ], [ 38.7313695, 8.9071775 ], [ 38.7312216, 8.9075352 ], [ 38.727289399999989, 8.9135477 ], [ 38.7226438, 8.9196104 ], [ 38.714174, 8.9207268 ], [ 38.7113597, 8.9196049 ], [ 38.7030194, 8.9214373 ], [ 38.7007337, 8.9274804 ], [ 38.69870250000001, 8.9321675 ], [ 38.6896484, 8.9415089 ], [ 38.6838522, 8.9488731 ], [ 38.681941, 8.9512683 ], [ 38.6850426, 8.9638878 ], [ 38.6864635, 8.9656765 ], [ 38.6934923, 8.977729 ], [ 38.6960658, 8.9818781 ] ] ] } },
{ "type": "Feature", "properties": { "threshold_s": 300, "time_label": "5 min drive" }, "geometry": { "type": "Polygon", "coordinates": [ [ [ 38.7258145, 8.9585262 ], [ 38.7260865, 8.959898 ], [ 38.7276265, 8.9607913 ], [ 38.7294334, 8.9609553 ], [ 38.7329797, 8.9640835 ], [ 38.7346948, 8.9625629 ], [ 38.7352973, 8.9619756 ], [ 38.7352396, 8.9611247 ], [ 38.7351846, 8.9609923 ], [ 38.7348681, 8.9596248 ], [ 38.7364709, 8.9560006 ], [ 38.741532, 8.9558019 ], [ 38.7429693, 8.9567245 ], [ 38.7436067, 8.9570909 ], [ 38.7464974, 8.9584282 ], [ 38.7487685, 8.9578441 ], [ 38.7514364, 8.9545396 ], [ 38.7547475, 8.952581 ], [ 38.7551063, 8.952354 ], [ 38.7555027, 8.9511237 ], [ 38.7560588, 8.9495278 ], [ 38.7581194, 8.9458735 ], [ 38.7588309, 8.9448533 ], [ 38.7588805, 8.9447122 ], [ 38.7586706, 8.943708 ], [ 38.7585559, 8.9434258 ], [ 38.7578777, 8.9423679 ], [ 38.7566878, 8.9405205 ], [ 38.7548533, 8.9374527 ], [ 38.7538567, 8.9369382 ], [ 38.751981, 8.9362862 ], [ 38.7504969, 8.9325625 ], [ 38.7503683, 8.9323655 ], [ 38.7473954, 8.9302523 ], [ 38.7457426, 8.9299017 ], [ 38.745157, 8.9297881 ], [ 38.742211, 8.9293805 ], [ 38.7417539, 8.9300375 ], [ 38.7399562, 8.9326344 ], [ 38.7391622, 8.9335434 ], [ 38.7382661, 8.934166 ], [ 38.7339035, 8.9321621 ], [ 38.7337568, 8.9308869 ], [ 38.7338218, 8.9279367 ], [ 38.7332416, 8.9279218 ], [ 38.7321389, 8.9288938 ], [ 38.7293366, 8.9316398 ], [ 38.7272547, 8.9344899 ], [ 38.7262791, 8.9358059 ], [ 38.7251619, 8.9373782 ], [ 38.722617, 8.9416228 ], [ 38.7222447, 8.9423215 ], [ 38.7214847, 8.9437675 ], [ 38.721034, 8.9451564 ], [ 38.7186341, 8.9491515 ], [ 38.7186016, 8.9497413 ], [ 38.7192912, 8.9509525 ], [ 38.7203222, 8.9522834 ], [ 38.7210976, 8.9532207 ], [ 38.7223555, 8.9542493 ], [ 38.7233466, 8.954489 ], [ 38.7258145, 8.9585262 ] ] ] } },
{ "type": "Feature", "properties": { "threshold_s": 600, "time_label": "10 min drive" }, "geometry": { "type": "Polygon", "coordinates": [ [ [ 38.7099616, 8.9718517 ], [ 38.7101339, 8.9721143 ], [ 38.7120216, 8.9728206 ], [ 38.7137725, 8.9724536 ], [ 38.7206829, 8.9750566 ], [ 38.7214795, 8.9768647 ], [ 38.7218581, 8.9783907 ], [ 38.7219483, 8.9785817 ], [ 38.7219907, 8.9786054 ], [ 38.7222442, 8.9787412 ], [ 38.7298126, 8.9790075 ], [ 38.7300366, 8.9793584 ], [ 38.7303941, 8.9798149 ], [ 38.7313543, 8.9810866 ], [ 38.7330468, 8.9825133 ], [ 38.7351134, 8.9837889 ], [ 38.7367617, 8.9836419 ], [ 38.7389101, 8.9822218 ], [ 38.7449466, 8.9801176 ], [ 38.7466011, 8.9797147 ], [ 38.7493579, 8.9790552 ], [ 38.7523198, 8.9776614 ], [ 38.7576654, 8.9743967 ], [ 38.7613593, 8.9707294 ], [ 38.76242, 8.9685074 ], [ 38.7670012, 8.9625263 ], [ 38.7708984, 8.9591535 ], [ 38.7716006, 8.9573803 ], [ 38.7711537, 8.9564496 ], [ 38.7704701, 8.9553357 ], [ 38.7688543, 8.9481925 ], [ 38.7690681, 8.9462568 ], [ 38.7691576, 8.9449795 ], [ 38.7664135, 8.943651 ], [ 38.7703039, 8.9373162 ], [ 38.7708113, 8.9372759 ], [ 38.7704236, 8.9369729 ], [ 38.7679884, 8.9301183 ], [ 38.7682445, 8.9295578 ], [ 38.7681373, 8.9288881 ], [ 38.7675151, 8.9277337 ], [ 38.7648154, 8.9231575 ], [ 38.7636795, 8.9216597 ], [ 38.7597401, 8.9182736 ], [ 38.7586467, 8.918293 ], [ 38.7583174, 8.9184418 ], [ 38.7582381, 8.9184763 ], [ 38.7577818, 8.9190549 ], [ 38.7504724, 8.9206262 ], [ 38.7497851, 8.9178583 ], [ 38.7478888, 8.9135013 ], [ 38.7476487, 8.9130972 ], [ 38.7474892, 8.9129184 ], [ 38.7453212, 8.9101911 ], [ 38.740217, 8.9072641 ], [ 38.7393138, 8.9070794 ], [ 38.7368502, 8.9073501 ], [ 38.73353, 8.9082675 ], [ 38.7295807, 8.9119588 ], [ 38.727289399999989, 8.9135477 ], [ 38.7226438, 8.9196104 ], [ 38.7199563, 8.9207989 ], [ 38.7136286, 8.9248004 ], [ 38.7116689, 8.9264898 ], [ 38.7095736, 8.9293885 ], [ 38.7082048, 8.9329563 ], [ 38.7056547, 8.9390116 ], [ 38.7055528, 8.9393189 ], [ 38.7042759, 8.9441276 ], [ 38.7006778, 8.9503101 ], [ 38.7001562, 8.9536452 ], [ 38.7001079, 8.9539976 ], [ 38.7014061, 8.9557012 ], [ 38.7038962, 8.9612071 ], [ 38.7069913, 8.9669882 ], [ 38.7099616, 8.9718517 ] ] ] } },
{ "type": "Feature", "properties": { "threshold_s": 900, "time_label": "15 min drive" }, "geometry": { "type": "Polygon", "coordinates": [ [ [ 38.6907757, 8.9762731 ], [ 38.6951955, 8.984899 ], [ 38.7081575, 8.9889898 ], [ 38.7184146, 8.9954572 ], [ 38.7198418, 8.9962632 ], [ 38.7256919, 8.9982672 ], [ 38.7370366, 9.0028356 ], [ 38.737679, 9.0030912 ], [ 38.7418912, 9.004259 ], [ 38.7553867, 9.0000722 ], [ 38.7561745, 8.9996726 ], [ 38.756796799999989, 8.999071 ], [ 38.766284, 8.9921399 ], [ 38.7726688, 8.9892939 ], [ 38.774466, 8.9840908 ], [ 38.7744981, 8.9821544 ], [ 38.7744192, 8.9813541 ], [ 38.7729378, 8.9758084 ], [ 38.7724437, 8.9748216 ], [ 38.7715801, 8.967035 ], [ 38.7812616, 8.9593974 ], [ 38.7816508, 8.9591492 ], [ 38.7822418, 8.9587006 ], [ 38.7884055, 8.9466565 ], [ 38.7896884, 8.944531 ], [ 38.7910489, 8.93304 ], [ 38.7909088, 8.9328273 ], [ 38.7896334, 8.9318244 ], [ 38.7847035, 8.922135 ], [ 38.7852056, 8.9169781 ], [ 38.785643, 8.914204 ], [ 38.7851929, 8.9136544 ], [ 38.7739686, 8.9066276 ], [ 38.7704717, 8.9024263 ], [ 38.7695195, 8.9010064 ], [ 38.7663337, 8.8993147 ], [ 38.7657091, 8.898999 ], [ 38.7563048, 8.8993108 ], [ 38.7512575, 8.8913813 ], [ 38.7433773, 8.8943519 ], [ 38.7362117, 8.9011704 ], [ 38.7350826, 8.9022633 ], [ 38.7337589, 8.9040162 ], [ 38.7313695, 8.9071775 ], [ 38.7312216, 8.9075352 ], [ 38.727289399999989, 8.9135477 ], [ 38.7226438, 8.9196104 ], [ 38.714174, 8.9207268 ], [ 38.7113597, 8.9196049 ], [ 38.7030194, 8.9214373 ], [ 38.7007337, 8.9274804 ], [ 38.69870250000001, 8.9321675 ], [ 38.6884219, 8.9413436 ], [ 38.6865011, 8.9435159 ], [ 38.6819584, 8.9488389 ], [ 38.6810593, 8.9510858 ], [ 38.6810714, 8.9512916 ], [ 38.6838296, 8.9638537 ], [ 38.684987, 8.9667601 ], [ 38.6907757, 8.9762731 ] ] ] } },
{ "type": "Feature", "properties": { "threshold_s": 300, "time_label": "5 min drive" }, "geometry": { "type": "Polygon", "coordinates": [ [ [ 38.7245228, 8.9604517 ], [ 38.7247826, 8.9615453 ], [ 38.7265776, 8.9627368 ], [ 38.7276622, 8.9634168 ], [ 38.7313496, 8.9646863 ], [ 38.7335819, 8.9654407 ], [ 38.7338065, 8.9651427 ], [ 38.7355458, 8.9629714 ], [ 38.7352973, 8.9619756 ], [ 38.7352396, 8.9611247 ], [ 38.7351846, 8.9609923 ], [ 38.7348681, 8.9596248 ], [ 38.7364709, 8.9560006 ], [ 38.741532, 8.9558019 ], [ 38.7429693, 8.9567245 ], [ 38.7436067, 8.9570909 ], [ 38.746077, 8.9588322 ], [ 38.7510211, 8.9587179 ], [ 38.7518379, 8.9538302 ], [ 38.752403, 8.9528318 ], [ 38.7532975, 8.9509374 ], [ 38.7561004, 8.9474479 ], [ 38.7563914, 8.9470942 ], [ 38.7570606, 8.946184 ], [ 38.7568006, 8.9446845 ], [ 38.7551555, 8.9424456 ], [ 38.7526049, 8.9386571 ], [ 38.7512308, 8.9374933 ], [ 38.7501063, 8.9366738 ], [ 38.7473928, 8.932849 ], [ 38.7462116, 8.932056 ], [ 38.7455405, 8.9318942 ], [ 38.7431068, 8.932231 ], [ 38.7423478, 8.932887 ], [ 38.7390134, 8.9348026 ], [ 38.7341009, 8.9345072 ], [ 38.7339035, 8.9321621 ], [ 38.7337568, 8.9308869 ], [ 38.7331916, 8.9297496 ], [ 38.7327009, 8.929951 ], [ 38.7317864, 8.9312375 ], [ 38.7312336, 8.9326954 ], [ 38.7281496, 8.9355909 ], [ 38.7265787, 8.9378311 ], [ 38.7219249, 8.9398943 ], [ 38.7212118, 8.939771 ], [ 38.720826, 8.9397686 ], [ 38.7196747, 8.9433583 ], [ 38.7170885, 8.9474695 ], [ 38.7168193, 8.9483657 ], [ 38.7164604, 8.9508487 ], [ 38.7164359, 8.9522134 ], [ 38.7165219, 8.9523081 ], [ 38.7198537, 8.9546209 ], [ 38.7212727, 8.9543369 ], [ 38.7223555, 8.9542493 ], [ 38.7248902, 8.9588554 ], [ 38.7245228, 8.9604517 ] ] ] } },
{ "type": "Feature", "properties": { "threshold_s": 600, "time_label": "10 min drive" }, "geometry": { "type": "Polygon", "coordinates": [ [ [ 38.7060312, 8.9686626 ], [ 38.7077267, 8.9729875 ], [ 38.7086613, 8.9737369 ], [ 38.7092046, 8.9740936 ], [ 38.7097858, 8.9738359 ], [ 38.7140299, 8.9732737 ], [ 38.7189332, 8.9793883 ], [ 38.7215909, 8.9811187 ], [ 38.7223984, 8.9810641 ], [ 38.7301493, 8.9825139 ], [ 38.7324017, 8.9843453 ], [ 38.7330562, 8.9845585 ], [ 38.737172, 8.9846817 ], [ 38.7392856, 8.9844684 ], [ 38.7468322, 8.9817306 ], [ 38.7496511, 8.980873 ], [ 38.7524807, 8.9793843 ], [ 38.7576654, 8.9743967 ], [ 38.7613593, 8.9707294 ], [ 38.76242, 8.9685074 ], [ 38.7670012, 8.9625263 ], [ 38.7699681, 8.9602233 ], [ 38.7711362, 8.9595053 ], [ 38.7718731, 8.9576325 ], [ 38.7719092, 8.9570776 ], [ 38.771221, 8.9559584 ], [ 38.7688543, 8.9481925 ], [ 38.7664135, 8.943651 ], [ 38.7681933, 8.9357829 ], [ 38.7676372, 8.9285381 ], [ 38.7675151, 8.9277337 ], [ 38.7672173, 8.927562 ], [ 38.7599837, 8.9231591 ], [ 38.7589368, 8.9225986 ], [ 38.7504724, 8.9206262 ], [ 38.7497851, 8.9178583 ], [ 38.7468427, 8.9131343 ], [ 38.7465879, 8.9126706 ], [ 38.7439879, 8.9126133 ], [ 38.7384724, 8.9084234 ], [ 38.7362968, 8.9081686 ], [ 38.73353, 8.9082675 ], [ 38.727289399999989, 8.9135477 ], [ 38.7226438, 8.9196104 ], [ 38.7199563, 8.9207989 ], [ 38.7136286, 8.9248004 ], [ 38.7118909, 8.9244636 ], [ 38.7084521, 8.9306944 ], [ 38.7070619, 8.9321997 ], [ 38.7051554, 8.9360615 ], [ 38.7049442, 8.9364905 ], [ 38.7038671, 8.9400165 ], [ 38.7003994, 8.947872 ], [ 38.699301, 8.9492392 ], [ 38.6989487, 8.9498696 ], [ 38.6976074, 8.9544679 ], [ 38.7014329, 8.9609975 ], [ 38.7031368, 8.9648571 ], [ 38.7060312, 8.9686626 ] ] ] } },
{ "type": "Feature", "properties": { "threshold_s": 900, "time_label": "15 min drive" }, "geometry": { "type": "Polygon", "coordinates": [ [ [ 38.6903463, 8.9796372 ], [ 38.693748, 8.98684 ], [ 38.7054716, 8.9908071 ], [ 38.7063891, 8.9911154 ], [ 38.7188513, 8.9979545 ], [ 38.7218685, 8.9986844 ], [ 38.7336018, 9.003818 ], [ 38.7337395, 9.0038939 ], [ 38.7385931, 9.005334 ], [ 38.7401543, 9.0057577 ], [ 38.7442678, 9.0050185 ], [ 38.7546804, 9.0018889 ], [ 38.7561833, 9.0010932 ], [ 38.758485, 8.999819 ], [ 38.7665945, 8.9943362 ], [ 38.7734067, 8.9914327 ], [ 38.7755186, 8.9855138 ], [ 38.7757261, 8.9838273 ], [ 38.7757844, 8.9831065 ], [ 38.7757218, 8.9818285 ], [ 38.7754274, 8.9804185 ], [ 38.7735621, 8.9757578 ], [ 38.7715801, 8.967035 ], [ 38.7809252, 8.9596377 ], [ 38.7816508, 8.9591492 ], [ 38.782530199999989, 8.9585163 ], [ 38.7854666, 8.9514846 ], [ 38.7866599, 8.9433149 ], [ 38.7888944, 8.9340646 ], [ 38.7849435, 8.9241203 ], [ 38.7838653, 8.9162147 ], [ 38.7838456, 8.9153875 ], [ 38.781245, 8.9128611 ], [ 38.771959, 8.9073202 ], [ 38.767246, 8.9014101 ], [ 38.7646883, 8.9017827 ], [ 38.7513227, 8.8970761 ], [ 38.7449276, 8.8938325 ], [ 38.7433773, 8.8943519 ], [ 38.7362117, 8.9011704 ], [ 38.7350826, 8.9022633 ], [ 38.7337589, 8.9040162 ], [ 38.7313695, 8.9071775 ], [ 38.7312216, 8.9075352 ], [ 38.727289399999989, 8.9135477 ], [ 38.7226438, 8.9196104 ], [ 38.714174, 8.9207268 ], [ 38.7113597, 8.9196049 ], [ 38.7030194, 8.9214373 ], [ 38.7007337, 8.9274804 ], [ 38.69870250000001, 8.9321675 ], [ 38.6884219, 8.9413436 ], [ 38.6872833, 8.9418058 ], [ 38.6819974, 8.9454795 ], [ 38.6812202, 8.9471392 ], [ 38.6803134, 8.9557227 ], [ 38.6823463, 8.9666952 ], [ 38.6831319, 8.9693317 ], [ 38.6903463, 8.9796372 ] ] ] } },
{ "type": "Feature", "properties": { "threshold_s": 300, "time_label": "5 min drive" }, "geometry": { "type": "Polygon", "coordinates": [ [ [ 38.7059028, 8.9616931 ], [ 38.7078328, 8.9660976 ], [ 38.7093741, 8.9674281 ], [ 38.7129878, 8.9680759 ], [ 38.7130442, 8.9680264 ], [ 38.713413, 8.9677028 ], [ 38.7135435, 8.9675865 ], [ 38.7197162, 8.9653009 ], [ 38.7227297, 8.9653917 ], [ 38.7256871, 8.9656867 ], [ 38.7263616, 8.9623218 ], [ 38.7258145, 8.9585262 ], [ 38.7255286, 8.9576791 ], [ 38.7285447, 8.9530967 ], [ 38.7326854, 8.9552548 ], [ 38.7380125, 8.9520649 ], [ 38.7390684, 8.9520992 ], [ 38.7397443, 8.9508499 ], [ 38.7403698, 8.9493268 ], [ 38.7399991, 8.946957 ], [ 38.7398155, 8.9462499 ], [ 38.7393909, 8.9452527 ], [ 38.7365034, 8.9424817 ], [ 38.7347215, 8.9398383 ], [ 38.7337281, 8.9379649 ], [ 38.7281496, 8.9355909 ], [ 38.7254394, 8.9341175 ], [ 38.7229763, 8.9326774 ], [ 38.721579, 8.9319634 ], [ 38.7193925, 8.932224 ], [ 38.7190572, 8.9322785 ], [ 38.7171614, 8.9340249 ], [ 38.7172328, 8.9361997 ], [ 38.7158471, 8.9413677 ], [ 38.7136567, 8.9435823 ], [ 38.7111602, 8.9483774 ], [ 38.7068989, 8.9474827 ], [ 38.7051688, 8.9476046 ], [ 38.7020458, 8.9504067 ], [ 38.7011325, 8.9540559 ], [ 38.7013204, 8.955225 ], [ 38.7014061, 8.9557012 ], [ 38.7030939, 8.9579139 ], [ 38.7059028, 8.9616931 ] ] ] } },
{ "type": "Feature", "properties": { "threshold_s": 600, "time_label": "10 min drive" }, "geometry": { "type": "Polygon", "coordinates": [ [ [ 38.6944729, 8.9799706 ], [ 38.6960658, 8.9818781 ], [ 38.6973466, 8.9822669 ], [ 38.6978172, 8.9818372 ], [ 38.6979901, 8.9816283 ], [ 38.6985553, 8.9808574 ], [ 38.6993848, 8.9798635 ], [ 38.6997792, 8.9793816 ], [ 38.7062874, 8.9777359 ], [ 38.7098325, 8.9780203 ], [ 38.714999, 8.9805731 ], [ 38.719303, 8.9836928 ], [ 38.7223984, 8.9810641 ], [ 38.7230837, 8.980366 ], [ 38.727001, 8.9760068 ], [ 38.7282267, 8.9758101 ], [ 38.7340154, 8.9782922 ], [ 38.7344728, 8.9778061 ], [ 38.73975, 8.9736863 ], [ 38.7429767, 8.9727105 ], [ 38.7436582, 8.9724046 ], [ 38.7441065, 8.9712029 ], [ 38.7442511, 8.9705699 ], [ 38.744081799999989, 8.970068 ], [ 38.7438549, 8.9689888 ], [ 38.7394558, 8.9686222 ], [ 38.7372129, 8.9662997 ], [ 38.7355458, 8.9629714 ], [ 38.7352973, 8.9619756 ], [ 38.7352396, 8.9611247 ], [ 38.7351846, 8.9609923 ], [ 38.7348681, 8.9596248 ], [ 38.7364709, 8.9560006 ], [ 38.741532, 8.9558019 ], [ 38.7429656, 8.9598609 ], [ 38.7457092, 8.9611077 ], [ 38.7471056, 8.9625809 ], [ 38.747506, 8.9629581 ], [ 38.748536799999989, 8.9634967 ], [ 38.7486127, 8.9634909 ], [ 38.7491772, 8.9634386 ], [ 38.7492368, 8.963436 ], [ 38.7495122, 8.9634055 ], [ 38.7499458, 8.9633729 ], [ 38.7503994, 8.9633692 ], [ 38.750504, 8.9633714 ], [ 38.7528311, 8.9627643 ], [ 38.7559565, 8.9589085 ], [ 38.7558534, 8.9586044 ], [ 38.7560129, 8.9520084 ], [ 38.7567779, 8.9504498 ], [ 38.7594397, 8.944691 ], [ 38.7584641, 8.9421169 ], [ 38.7557429, 8.9367333 ], [ 38.753036, 8.9312932 ], [ 38.7490384, 8.9285147 ], [ 38.7465303, 8.9272788 ], [ 38.7437139, 8.9253829 ], [ 38.7398382, 8.9210188 ], [ 38.7352683, 8.9173866 ], [ 38.7299851, 8.9153853 ], [ 38.727289399999989, 8.9135477 ], [ 38.7270246, 8.9164573 ], [ 38.7226438, 8.9196104 ], [ 38.7199563, 8.9207989 ], [ 38.714174, 8.9207268 ], [ 38.7113597, 8.9196049 ], [ 38.7112607, 8.9211885 ], [ 38.7111615, 8.9233159 ], [ 38.7113075, 8.9238779 ], [ 38.71039, 8.9284051 ], [ 38.7062073, 8.9295602 ], [ 38.7023014, 8.9317601 ], [ 38.69870250000001, 8.9321675 ], [ 38.6985399, 8.9324667 ], [ 38.6983983, 8.9354585 ], [ 38.6943345, 8.9403947 ], [ 38.6905998, 8.941313 ], [ 38.6896484, 8.9415089 ], [ 38.6870923, 8.9454386 ], [ 38.6853129, 8.9467298 ], [ 38.6819376, 8.9503397 ], [ 38.6810714, 8.9512916 ], [ 38.6828828, 8.9538339 ], [ 38.6837294, 8.9546669 ], [ 38.6851023, 8.9612095 ], [ 38.6846973, 8.9618334 ], [ 38.6850426, 8.9638878 ], [ 38.6857343, 8.9650638 ], [ 38.6864635, 8.9656765 ], [ 38.6904672, 8.9703153 ], [ 38.6913687, 8.972751 ], [ 38.6919781, 8.9760518 ], [ 38.6929345, 8.9776426 ], [ 38.6944729, 8.9799706 ] ] ] } },
{ "type": "Feature", "properties": { "threshold_s": 900, "time_label": "15 min drive" }, "geometry": { "type": "Polygon", "coordinates": [ [ [ 38.6833324, 8.9963129 ], [ 38.6837914, 8.9968671 ], [ 38.6883786, 8.9984734 ], [ 38.6972299, 8.9958147 ], [ 38.7030289, 8.9963509 ], [ 38.7086257, 8.9983915 ], [ 38.7189357, 9.0001877 ], [ 38.7190194, 9.0001837 ], [ 38.7191164, 9.0001686 ], [ 38.719909, 8.9998875 ], [ 38.732501, 9.001813 ], [ 38.7403735, 8.9979056 ], [ 38.7511804, 8.9924779 ], [ 38.7537741, 8.9893731 ], [ 38.7612621, 8.980476 ], [ 38.7631796, 8.9780471 ], [ 38.767911, 8.9663687 ], [ 38.7726464, 8.9617668 ], [ 38.7746049, 8.9599046 ], [ 38.775242, 8.9583361 ], [ 38.7755169, 8.9575612 ], [ 38.7753178, 8.956777 ], [ 38.7742697, 8.9534014 ], [ 38.771809, 8.9505652 ], [ 38.773198, 8.9384338 ], [ 38.7732277, 8.9381802 ], [ 38.7732755, 8.9372589 ], [ 38.7710707, 8.9251297 ], [ 38.768427, 8.9210203 ], [ 38.7602087, 8.9158494 ], [ 38.758194, 8.914412 ], [ 38.7474422, 8.9090191 ], [ 38.7482589, 8.9039817 ], [ 38.7485848, 8.9028046 ], [ 38.7362117, 8.9011704 ], [ 38.7350826, 8.9022633 ], [ 38.7337589, 8.9040162 ], [ 38.7313695, 8.9071775 ], [ 38.7312216, 8.9075352 ], [ 38.727289399999989, 8.9135477 ], [ 38.7226438, 8.9196104 ], [ 38.714174, 8.9207268 ], [ 38.7113597, 8.9196049 ], [ 38.7030194, 8.9214373 ], [ 38.6950392, 8.9306287 ], [ 38.6859834, 8.9390791 ], [ 38.6829914, 8.9401098 ], [ 38.6802779, 8.943664 ], [ 38.6801187, 8.9442031 ], [ 38.6802028, 8.9447962 ], [ 38.6804992, 8.9510846 ], [ 38.6803134, 8.9557227 ], [ 38.6733901, 8.9645491 ], [ 38.6720992, 8.9663491 ], [ 38.6719348, 8.9761072 ], [ 38.6720618, 8.9795596 ], [ 38.6771381, 8.9885136 ], [ 38.6816596, 8.9942142 ], [ 38.6833324, 8.9963129 ] ] ] } },
{ "type": "Feature", "properties": { "threshold_s": 300, "time_label": "5 min drive" }, "geometry": { "type": "Polygon", "coordinates": [ [ [ 38.7127281, 8.9547367 ], [ 38.7133864, 8.9560024 ], [ 38.7168521, 8.9578128 ], [ 38.7188125, 8.9584052 ], [ 38.7194299, 8.9585557 ], [ 38.7204063, 8.9587277 ], [ 38.72076, 8.9587796 ], [ 38.7252402, 8.9609657 ], [ 38.727252, 8.9618413 ], [ 38.7298085, 8.9625766 ], [ 38.73210550000001, 8.9646348 ], [ 38.7329563, 8.9650128 ], [ 38.7338065, 8.9651427 ], [ 38.7355458, 8.9629714 ], [ 38.7352973, 8.9619756 ], [ 38.7352396, 8.9611247 ], [ 38.7351846, 8.9609923 ], [ 38.7348681, 8.9596248 ], [ 38.7364709, 8.9560006 ], [ 38.7412389, 8.9554323 ], [ 38.741532, 8.9558019 ], [ 38.7429693, 8.9567245 ], [ 38.7436067, 8.9570909 ], [ 38.745216, 8.9570471 ], [ 38.7459107, 8.9567583 ], [ 38.7473767, 8.9545751 ], [ 38.7489388, 8.9514326 ], [ 38.7492261, 8.9479512 ], [ 38.7504342, 8.946489 ], [ 38.748448, 8.9445095 ], [ 38.7464726, 8.9417421 ], [ 38.7452078, 8.9398899 ], [ 38.7445986, 8.9365715 ], [ 38.7444971, 8.9361433 ], [ 38.7429546, 8.9366308 ], [ 38.7391264, 8.9357967 ], [ 38.7350478, 8.9366304 ], [ 38.7341009, 8.9345072 ], [ 38.7339035, 8.9321621 ], [ 38.7337568, 8.9308869 ], [ 38.733319, 8.9309672 ], [ 38.7327524, 8.9325623 ], [ 38.7315971, 8.9351272 ], [ 38.7283678, 8.9374342 ], [ 38.7251108, 8.9369114 ], [ 38.7233846, 8.9361169 ], [ 38.7208172, 8.9348974 ], [ 38.7206215, 8.9350179 ], [ 38.7205403, 8.9351504 ], [ 38.7182757, 8.9384784 ], [ 38.7166619, 8.9404894 ], [ 38.7172287, 8.9441242 ], [ 38.7157618, 8.9461813 ], [ 38.7131571, 8.9483118 ], [ 38.7129899, 8.9501631 ], [ 38.7127281, 8.9547367 ] ] ] } },
{ "type": "Feature", "properties": { "threshold_s": 600, "time_label": "10 min drive" }, "geometry": { "type": "Polygon", "coordinates": [ [ [ 38.7013595, 8.9668015 ], [ 38.7036916, 8.9740349 ], [ 38.7056963, 8.9750143 ], [ 38.7089684, 8.9741971 ], [ 38.7092046, 8.9740936 ], [ 38.7097858, 8.9738359 ], [ 38.7140299, 8.9732737 ], [ 38.7195794, 8.9737333 ], [ 38.7196929, 8.9792853 ], [ 38.7223984, 8.9810641 ], [ 38.7297273, 8.9815464 ], [ 38.7323776, 8.9839147 ], [ 38.737172, 8.9846817 ], [ 38.7393057, 8.9838339 ], [ 38.7465736, 8.9815959 ], [ 38.7513245, 8.9774483 ], [ 38.7549368, 8.9713391 ], [ 38.7610439, 8.9660607 ], [ 38.7632151, 8.9633794 ], [ 38.7657507, 8.9573351 ], [ 38.7633968, 8.9532148 ], [ 38.7628957, 8.9451813 ], [ 38.7609512, 8.9378139 ], [ 38.7620469, 8.9360386 ], [ 38.7624076, 8.9324762 ], [ 38.7626335, 8.9306701 ], [ 38.7615925, 8.9283196 ], [ 38.7599789, 8.9268163 ], [ 38.7589171, 8.9271134 ], [ 38.7541648, 8.9275505 ], [ 38.7504724, 8.9206262 ], [ 38.7494304, 8.9189728 ], [ 38.7472521, 8.9176928 ], [ 38.7428369, 8.9152953 ], [ 38.7384595, 8.9096313 ], [ 38.735108, 8.9095624 ], [ 38.7307687, 8.9115857 ], [ 38.727289399999989, 8.9135477 ], [ 38.7226438, 8.9196104 ], [ 38.7199563, 8.9207989 ], [ 38.714174, 8.9207268 ], [ 38.7134383, 8.9208938 ], [ 38.7133758, 8.92105 ], [ 38.7131826, 8.9215127 ], [ 38.7118909, 8.9244636 ], [ 38.7062073, 8.9295602 ], [ 38.7023014, 8.9317601 ], [ 38.7009394, 8.9337282 ], [ 38.7013158, 8.9396026 ], [ 38.69786, 8.9443823 ], [ 38.6965175, 8.9466189 ], [ 38.6943834, 8.9527364 ], [ 38.6943434, 8.9548919 ], [ 38.6944314, 8.9560721 ], [ 38.6946148, 8.9572657 ], [ 38.6984839, 8.9604146 ], [ 38.7013595, 8.9668015 ] ] ] } },
{ "type": "Feature", "properties": { "threshold_s": 900, "time_label": "15 min drive" }, "geometry": { "type": "Polygon", "coordinates": [ [ [ 38.6831065, 8.9753887 ], [ 38.690242, 8.9860955 ], [ 38.6949608, 8.9877814 ], [ 38.6969554, 8.9881253 ], [ 38.7083787, 8.9912831 ], [ 38.7187348, 8.9973036 ], [ 38.7198629, 8.9976416 ], [ 38.732501, 9.001813 ], [ 38.7380116, 9.003884 ], [ 38.7384008, 9.0040198 ], [ 38.742077, 9.0049673 ], [ 38.753782, 9.0012987 ], [ 38.7561745, 8.9996726 ], [ 38.7568953, 8.999106 ], [ 38.7651287, 8.9879443 ], [ 38.7689877, 8.9865387 ], [ 38.7690569, 8.9864664 ], [ 38.770035, 8.9725261 ], [ 38.7715801, 8.967035 ], [ 38.7746049, 8.9599046 ], [ 38.7793837, 8.9529636 ], [ 38.7803765, 8.9506427 ], [ 38.7821319, 8.9398252 ], [ 38.7822251, 8.9385121 ], [ 38.7801115, 8.9261076 ], [ 38.778476, 8.9188528 ], [ 38.77690230000001, 8.9169381 ], [ 38.7759195, 8.9162712 ], [ 38.7654016, 8.9068671 ], [ 38.7546887, 8.9028464 ], [ 38.7513227, 8.8970761 ], [ 38.7458557, 8.8951363 ], [ 38.7454131, 8.8952079 ], [ 38.7362117, 8.9011704 ], [ 38.7350826, 8.9022633 ], [ 38.7337589, 8.9040162 ], [ 38.7313695, 8.9071775 ], [ 38.7312216, 8.9075352 ], [ 38.727289399999989, 8.9135477 ], [ 38.714174, 8.9207268 ], [ 38.7113597, 8.9196049 ], [ 38.7030194, 8.9214373 ], [ 38.6950392, 8.9306287 ], [ 38.6847402, 8.9407987 ], [ 38.68354, 8.940955 ], [ 38.6817489, 8.942167 ], [ 38.6802779, 8.943664 ], [ 38.6801187, 8.9442031 ], [ 38.6803134, 8.9557227 ], [ 38.6806467, 8.9698862 ], [ 38.6812469, 8.97226 ], [ 38.6831065, 8.9753887 ] ] ] } },
{ "type": "Feature", "properties": { "threshold_s": 300, "time_label": "5 min drive" }, "geometry": { "type": "Polygon", "coordinates": [ [ [ 38.7474743, 8.9625299 ], [ 38.7486493, 8.9654003 ], [ 38.7500526, 8.9667886 ], [ 38.754786, 8.9704253 ], [ 38.7570116, 8.9719198 ], [ 38.759932, 8.9764989 ], [ 38.7671367, 8.976797 ], [ 38.770035, 8.9725261 ], [ 38.7715801, 8.967035 ], [ 38.7737249, 8.9605879 ], [ 38.7746049, 8.9599046 ], [ 38.775242, 8.9583361 ], [ 38.779052, 8.9539221 ], [ 38.7807335, 8.9505511 ], [ 38.779634, 8.9483289 ], [ 38.7756973, 8.9448818 ], [ 38.7743569, 8.9402565 ], [ 38.7724535, 8.9380532 ], [ 38.771988, 8.9379385 ], [ 38.7710331, 8.9386429 ], [ 38.7649015, 8.9419151 ], [ 38.7633346, 8.9403366 ], [ 38.7600285, 8.9419964 ], [ 38.7537296, 8.9430502 ], [ 38.7523361, 8.949291 ], [ 38.7517645, 8.9508566 ], [ 38.7514167, 8.9524664 ], [ 38.7476609, 8.9574208 ], [ 38.7464974, 8.9584282 ], [ 38.746077, 8.9588322 ], [ 38.7474743, 8.9625299 ] ] ] } },
{ "type": "Feature", "properties": { "threshold_s": 600, "time_label": "10 min drive" }, "geometry": { "type": "Polygon", "coordinates": [ [ [ 38.7339346, 8.9746786 ], [ 38.7341784, 8.9766996 ], [ 38.7383627, 8.9785833 ], [ 38.7410338, 8.9804994 ], [ 38.743529, 8.9827014 ], [ 38.7456711, 8.9851227 ], [ 38.7484661, 8.9879114 ], [ 38.7516388, 8.9938777 ], [ 38.7520486, 8.9949625 ], [ 38.7541654, 8.9959883 ], [ 38.7555328, 8.9966276 ], [ 38.759032, 8.998066 ], [ 38.7604752, 8.9976293 ], [ 38.7656003, 8.9952358 ], [ 38.770249, 8.9931077 ], [ 38.7740155, 8.9912685 ], [ 38.779415899999989, 8.9911439 ], [ 38.7818342, 8.9898611 ], [ 38.7838559, 8.9877536 ], [ 38.7844232, 8.9867945 ], [ 38.7842988, 8.9845215 ], [ 38.7787516, 8.9794447 ], [ 38.7777914, 8.9763594 ], [ 38.7773623, 8.9752898 ], [ 38.7759295, 8.9724099 ], [ 38.7804589, 8.9680504 ], [ 38.7828796, 8.9680649 ], [ 38.7902771, 8.9669999 ], [ 38.7909604, 8.9677523 ], [ 38.7919347, 8.9698281 ], [ 38.7930217, 8.9659361 ], [ 38.7962545, 8.9594646 ], [ 38.7965468, 8.9561463 ], [ 38.797655399999989, 8.9502162 ], [ 38.7988172, 8.9457455 ], [ 38.7984793, 8.9453468 ], [ 38.7931886, 8.9442637 ], [ 38.7923188, 8.9370136 ], [ 38.7915686, 8.9302001 ], [ 38.7896334, 8.9318244 ], [ 38.788127, 8.933209 ], [ 38.7819461, 8.9291482 ], [ 38.7830064, 8.9257519 ], [ 38.7849435, 8.9241203 ], [ 38.7847035, 8.922135 ], [ 38.7844674, 8.9214944 ], [ 38.7840289, 8.9212838 ], [ 38.7764568, 8.9209443 ], [ 38.7741182, 8.9218004 ], [ 38.7667828, 8.9219933 ], [ 38.7637316, 8.9213882 ], [ 38.7589558, 8.9240405 ], [ 38.7589171, 8.9271134 ], [ 38.7550425, 8.9308073 ], [ 38.7489306, 8.9280234 ], [ 38.7449507, 8.9256387 ], [ 38.7403308, 8.9267875 ], [ 38.7393851, 8.9289103 ], [ 38.7391904, 8.9306984 ], [ 38.7382661, 8.934166 ], [ 38.7342534, 8.9379186 ], [ 38.7353253, 8.9424163 ], [ 38.7350102, 8.9443899 ], [ 38.7310857, 8.949344 ], [ 38.7311058, 8.9497706 ], [ 38.7320356, 8.9508781 ], [ 38.7327489, 8.9519115 ], [ 38.7388181, 8.9533071 ], [ 38.7403759, 8.9568763 ], [ 38.7404933, 8.9609058 ], [ 38.7372129, 8.9662997 ], [ 38.7338521, 8.9650684 ], [ 38.7328751, 8.963896 ], [ 38.7313496, 8.9646863 ], [ 38.7340753, 8.9706794 ], [ 38.73397, 8.9732129 ], [ 38.7339346, 8.9746786 ] ] ] } },
{ "type": "Feature", "properties": { "threshold_s": 900, "time_label": "15 min drive" }, "geometry": { "type": "Polygon", "coordinates": [ [ [ 38.7289264, 8.9982376 ], [ 38.733824, 9.0047681 ], [ 38.7441169, 9.0104975 ], [ 38.7471465, 9.0144456 ], [ 38.7524126, 9.0191699 ], [ 38.7554835, 9.0175438 ], [ 38.7632994, 9.0143168 ], [ 38.7746465, 9.0115406 ], [ 38.7816516, 9.0130261 ], [ 38.7870385, 9.0084513 ], [ 38.7875245, 9.008059 ], [ 38.7880361, 9.0076636 ], [ 38.7898343, 9.0055715 ], [ 38.7997424, 9.0025671 ], [ 38.8001074, 9.0025819 ], [ 38.8004373, 9.0013812 ], [ 38.8007767, 9.0000299 ], [ 38.8036215, 8.9901698 ], [ 38.8036297, 8.9892932 ], [ 38.8035562, 8.9852867 ], [ 38.8021619, 8.9853275 ], [ 38.7996331, 8.9854045 ], [ 38.7971379, 8.9861223 ], [ 38.7899075, 8.9859732 ], [ 38.7880106, 8.9854871 ], [ 38.7855757, 8.9849273 ], [ 38.7842988, 8.9845215 ], [ 38.7787516, 8.9794447 ], [ 38.7828796, 8.9680649 ], [ 38.7919347, 8.9698281 ], [ 38.8034373, 8.9661348 ], [ 38.8078771, 8.9656652 ], [ 38.8136212, 8.9654861 ], [ 38.8148527, 8.9648424 ], [ 38.8124115, 8.9554505 ], [ 38.8081755, 8.9500842 ], [ 38.8078523, 8.9424627 ], [ 38.8129992, 8.9368379 ], [ 38.8035004, 8.9353497 ], [ 38.801578, 8.9259007 ], [ 38.8039064, 8.9229931 ], [ 38.8033019, 8.9175257 ], [ 38.7994757, 8.917382 ], [ 38.789882, 8.9100642 ], [ 38.7888639, 8.9069062 ], [ 38.7849782, 8.9059148 ], [ 38.7750904, 8.9057028 ], [ 38.771328, 8.9031716 ], [ 38.7692432, 8.9014565 ], [ 38.7676192, 8.9004608 ], [ 38.7658714, 8.8994813 ], [ 38.763595, 8.9005269 ], [ 38.7613018, 8.9018089 ], [ 38.7599354, 8.9027256 ], [ 38.7562308, 8.9052813 ], [ 38.7469514, 8.9077075 ], [ 38.7414475, 8.9063163 ], [ 38.73353, 8.9082675 ], [ 38.7295807, 8.9119588 ], [ 38.7226438, 8.9196104 ], [ 38.7202896, 8.9240603 ], [ 38.7173143, 8.9328074 ], [ 38.7171735, 8.933495 ], [ 38.714205, 8.9436252 ], [ 38.7111602, 8.9483774 ], [ 38.7103955, 8.9506878 ], [ 38.7111095, 8.9555165 ], [ 38.7128595, 8.9667916 ], [ 38.7125853, 8.9693348 ], [ 38.7125092, 8.9702443 ], [ 38.7129884, 8.9721294 ], [ 38.7140299, 8.9732737 ], [ 38.7191693, 8.9798759 ], [ 38.721735099999989, 8.9873103 ], [ 38.7234061, 8.9902196 ], [ 38.7289264, 8.9982376 ] ] ] } },
{ "type": "Feature", "properties": { "threshold_s": 300, "time_label": "5 min drive" }, "geometry": { "type": "Polygon", "coordinates": [ [ [ 38.7457092, 8.9611077 ], [ 38.7487361, 8.9664442 ], [ 38.7500485, 8.9677219 ], [ 38.7544629, 8.9714767 ], [ 38.757068, 8.9723735 ], [ 38.7596897, 8.9769291 ], [ 38.7597419, 8.9774445 ], [ 38.762356, 8.9764219 ], [ 38.7676397, 8.9735213 ], [ 38.770035, 8.9725261 ], [ 38.7715801, 8.967035 ], [ 38.7737249, 8.9605879 ], [ 38.7746049, 8.9599046 ], [ 38.775242, 8.9583361 ], [ 38.7755169, 8.9575612 ], [ 38.7784254, 8.9519833 ], [ 38.7787295, 8.9514941 ], [ 38.7788783, 8.9510271 ], [ 38.7780235, 8.9489502 ], [ 38.7759608, 8.9454448 ], [ 38.773277899999989, 8.940861 ], [ 38.7711035, 8.938612 ], [ 38.7710331, 8.9386429 ], [ 38.768943, 8.9425753 ], [ 38.7649015, 8.9419151 ], [ 38.7633346, 8.9403366 ], [ 38.7574428, 8.9419208 ], [ 38.7537915, 8.9429717 ], [ 38.7537296, 8.9430502 ], [ 38.7535146, 8.9433543 ], [ 38.7532581, 8.9437465 ], [ 38.7512586, 8.947971 ], [ 38.7509916, 8.9518473 ], [ 38.7476609, 8.9574208 ], [ 38.7464974, 8.9584282 ], [ 38.746077, 8.9588322 ], [ 38.7457092, 8.9611077 ] ] ] } },
{ "type": "Feature", "properties": { "threshold_s": 600, "time_label": "10 min drive" }, "geometry": { "type": "Polygon", "coordinates": [ [ [ 38.7339346, 8.9746786 ], [ 38.7340875, 8.9777387 ], [ 38.7344728, 8.9778061 ], [ 38.7401336, 8.9797618 ], [ 38.743505, 8.9842753 ], [ 38.7458333, 8.9871828 ], [ 38.7483103, 8.9893982 ], [ 38.75072, 8.994021 ], [ 38.7521329, 8.9954333 ], [ 38.755597, 8.9983893 ], [ 38.7586621, 8.999279 ], [ 38.7596615, 8.998842 ], [ 38.7603486, 8.9985141 ], [ 38.7659106, 8.9960934 ], [ 38.7666894, 8.9957111 ], [ 38.7701209, 8.9936355 ], [ 38.7742053, 8.9932382 ], [ 38.7796594, 8.9901999 ], [ 38.7811683, 8.9898306 ], [ 38.7836091, 8.9866965 ], [ 38.7837473, 8.9863137 ], [ 38.784115, 8.9851798 ], [ 38.7842988, 8.9845215 ], [ 38.7787516, 8.9794447 ], [ 38.7777914, 8.9763594 ], [ 38.7773623, 8.9752898 ], [ 38.7759295, 8.9724099 ], [ 38.7804589, 8.9680504 ], [ 38.7872891, 8.965332 ], [ 38.7902771, 8.9669999 ], [ 38.7909604, 8.9677523 ], [ 38.7914937, 8.9674282 ], [ 38.7931371, 8.9613627 ], [ 38.7939906, 8.9591515 ], [ 38.7960874, 8.9527503 ], [ 38.7967291, 8.9514381 ], [ 38.797912, 8.9482878 ], [ 38.7984793, 8.9453468 ], [ 38.7931886, 8.9442637 ], [ 38.7925422, 8.9440127 ], [ 38.7905252, 8.9433251 ], [ 38.7855926, 8.941632 ], [ 38.7872114, 8.9356624 ], [ 38.7888944, 8.9340646 ], [ 38.7910489, 8.93304 ], [ 38.7909088, 8.9328273 ], [ 38.7896334, 8.9318244 ], [ 38.788127, 8.933209 ], [ 38.7819461, 8.9291482 ], [ 38.7830064, 8.9257519 ], [ 38.7849435, 8.9241203 ], [ 38.7819917, 8.9228524 ], [ 38.7753573, 8.9219316 ], [ 38.7741182, 8.9218004 ], [ 38.7734222, 8.922559 ], [ 38.766152, 8.9205944 ], [ 38.7637316, 8.9213882 ], [ 38.7589952, 8.9234564 ], [ 38.7589558, 8.9240405 ], [ 38.7589171, 8.9271134 ], [ 38.7550425, 8.9308073 ], [ 38.7491272, 8.9279567 ], [ 38.7489011, 8.9275017 ], [ 38.74719, 8.926626 ], [ 38.7460703, 8.9259685 ], [ 38.7453609, 8.9255676 ], [ 38.7422816, 8.9255843 ], [ 38.740186799999989, 8.9265349 ], [ 38.740079, 8.9265845 ], [ 38.7398415, 8.9266939 ], [ 38.7394812, 8.9270917 ], [ 38.7386621, 8.9280185 ], [ 38.7383267, 8.9309212 ], [ 38.7382661, 8.934166 ], [ 38.7337989, 8.937223 ], [ 38.7337281, 8.9379649 ], [ 38.7353253, 8.9424163 ], [ 38.7350102, 8.9443899 ], [ 38.7292806, 8.9485841 ], [ 38.72929, 8.9486837 ], [ 38.7300132, 8.9498408 ], [ 38.7311821, 8.9512031 ], [ 38.7325399, 8.9524582 ], [ 38.7337321, 8.9525244 ], [ 38.7388181, 8.9533071 ], [ 38.7403759, 8.9568763 ], [ 38.7404933, 8.9609058 ], [ 38.7355458, 8.9629714 ], [ 38.7328483, 8.9624614 ], [ 38.7320879, 8.9629593 ], [ 38.7313496, 8.9646863 ], [ 38.7327157, 8.9682691 ], [ 38.7339346, 8.9746786 ] ] ] } },
{ "type": "Feature", "properties": { "threshold_s": 900, "time_label": "15 min drive" }, "geometry": { "type": "Polygon", "coordinates": [ [ [ 38.7326358, 9.0031899 ], [ 38.733824, 9.0047681 ], [ 38.7386359, 9.0063219 ], [ 38.7445783, 9.01184 ], [ 38.7466624, 9.0148967 ], [ 38.7467143, 9.0149585 ], [ 38.7523491, 9.0197223 ], [ 38.7637032, 9.0172024 ], [ 38.7743465, 9.0124832 ], [ 38.7814606, 9.0122943 ], [ 38.7873394, 9.0074464 ], [ 38.7894034, 9.0046542 ], [ 38.7998432, 9.0021611 ], [ 38.8004776, 8.9984045 ], [ 38.8026197, 8.990167 ], [ 38.8027722, 8.9892875 ], [ 38.8035396, 8.9855276 ], [ 38.8035562, 8.9852867 ], [ 38.8021619, 8.9853275 ], [ 38.7996331, 8.9854045 ], [ 38.7971379, 8.9861223 ], [ 38.7899075, 8.9859732 ], [ 38.7880106, 8.9854871 ], [ 38.7855757, 8.9849273 ], [ 38.7842988, 8.9845215 ], [ 38.7787516, 8.9794447 ], [ 38.7777914, 8.9763594 ], [ 38.7828796, 8.9680649 ], [ 38.7919347, 8.9698281 ], [ 38.8034373, 8.9661348 ], [ 38.8078771, 8.9656652 ], [ 38.8091822, 8.965245 ], [ 38.812587, 8.9643801 ], [ 38.8112372, 8.9565031 ], [ 38.8081755, 8.9500842 ], [ 38.8078523, 8.9424627 ], [ 38.8082707, 8.9383955 ], [ 38.8035004, 8.9353497 ], [ 38.801578, 8.9259007 ], [ 38.8023716, 8.9218751 ], [ 38.7994757, 8.917382 ], [ 38.7904456, 8.9114605 ], [ 38.789882, 8.9100642 ], [ 38.7888639, 8.9069062 ], [ 38.7880267, 8.90952 ], [ 38.780236, 8.912336 ], [ 38.7759864, 8.9067897 ], [ 38.7750904, 8.9057028 ], [ 38.7697042, 8.9007035 ], [ 38.7665329, 8.8992333 ], [ 38.7656786, 8.8988701 ], [ 38.7627063, 8.8996332 ], [ 38.7600909, 8.901526 ], [ 38.7554542, 8.9046833 ], [ 38.7463023, 8.9070397 ], [ 38.7413031, 8.9061372 ], [ 38.7368502, 8.9073501 ], [ 38.73353, 8.9082675 ], [ 38.727289399999989, 8.9135477 ], [ 38.7226438, 8.9196104 ], [ 38.7202896, 8.9240603 ], [ 38.7165003, 8.9323848 ], [ 38.7160645, 8.9336564 ], [ 38.7133613, 8.9437869 ], [ 38.7098713, 8.9489364 ], [ 38.7096071, 8.95086 ], [ 38.7093868, 8.9554634 ], [ 38.7098284, 8.9560766 ], [ 38.712457, 8.9671328 ], [ 38.7116967, 8.9693639 ], [ 38.7120203, 8.9710089 ], [ 38.7131167, 8.9723742 ], [ 38.7140299, 8.9732737 ], [ 38.7197882, 8.9819198 ], [ 38.7207096, 8.9903808 ], [ 38.728349, 8.997969 ], [ 38.7326358, 9.0031899 ] ] ] } },
{ "type": "Feature", "properties": { "threshold_s": 300, "time_label": "5 min drive" }, "geometry": { "type": "Polygon", "coordinates": [ [ [ 38.7532653, 8.9623287 ], [ 38.7539944, 8.9631662 ], [ 38.757649, 8.9652946 ], [ 38.7585992, 8.9657815 ], [ 38.7610987, 8.9666211 ], [ 38.7627354, 8.9676055 ], [ 38.76548540000001, 8.9735863 ], [ 38.7655409, 8.9745215 ], [ 38.770035, 8.9725261 ], [ 38.7705231, 8.9704184 ], [ 38.7715801, 8.967035 ], [ 38.7737249, 8.9605879 ], [ 38.7746049, 8.9599046 ], [ 38.7792599, 8.9566696 ], [ 38.7796266, 8.9563877 ], [ 38.7819674, 8.9527944 ], [ 38.7821683, 8.9524591 ], [ 38.7826182, 8.9516311 ], [ 38.7835946, 8.949817 ], [ 38.7824474, 8.9475713 ], [ 38.7818949, 8.9470812 ], [ 38.7791357, 8.9448552 ], [ 38.7772469, 8.9434086 ], [ 38.7739961, 8.9401571 ], [ 38.7718545, 8.9407492 ], [ 38.768943, 8.9425753 ], [ 38.7665323, 8.9445711 ], [ 38.7615139, 8.9475109 ], [ 38.7565441, 8.950121 ], [ 38.75506750000001, 8.953034 ], [ 38.7528951, 8.9566431 ], [ 38.7525303, 8.9589366 ], [ 38.7525415, 8.9596282 ], [ 38.752549, 8.9599939 ], [ 38.7530808, 8.9617573 ], [ 38.7532653, 8.9623287 ] ] ] } },
{ "type": "Feature", "properties": { "threshold_s": 600, "time_label": "10 min drive" }, "geometry": { "type": "Polygon", "coordinates": [ [ [ 38.7536856, 8.9889809 ], [ 38.7550215, 8.9914666 ], [ 38.7565699, 8.9926533 ], [ 38.7597052, 8.9938001 ], [ 38.7633315, 8.9913782 ], [ 38.7662867, 8.9897064 ], [ 38.7711194, 8.9883651 ], [ 38.7765834, 8.9901797 ], [ 38.7769319, 8.990373 ], [ 38.7787228, 8.9903263 ], [ 38.7796594, 8.9901999 ], [ 38.7828702, 8.9872992 ], [ 38.7836695, 8.9865256 ], [ 38.7837473, 8.9863137 ], [ 38.784115, 8.9851798 ], [ 38.7842988, 8.9845215 ], [ 38.7787516, 8.9794447 ], [ 38.7777914, 8.9763594 ], [ 38.7773623, 8.9752898 ], [ 38.7759295, 8.9724099 ], [ 38.7804589, 8.9680504 ], [ 38.7828796, 8.9680649 ], [ 38.7865958, 8.9662315 ], [ 38.7919347, 8.9698281 ], [ 38.795565, 8.9657542 ], [ 38.7968244, 8.958413 ], [ 38.7977162, 8.9532239 ], [ 38.8004789, 8.9486561 ], [ 38.7998579, 8.9470703 ], [ 38.7988172, 8.9457455 ], [ 38.7984793, 8.9453468 ], [ 38.7931886, 8.9442637 ], [ 38.7925422, 8.9440127 ], [ 38.7905252, 8.9433251 ], [ 38.7855926, 8.941632 ], [ 38.7878296, 8.9344675 ], [ 38.7888944, 8.9340646 ], [ 38.7909088, 8.9328273 ], [ 38.7896334, 8.9318244 ], [ 38.788127, 8.933209 ], [ 38.7819461, 8.9291482 ], [ 38.7830064, 8.9257519 ], [ 38.7830257, 8.9256397 ], [ 38.7824625, 8.9238885 ], [ 38.7819917, 8.9228524 ], [ 38.7799953, 8.9248947 ], [ 38.7734222, 8.922559 ], [ 38.7718448, 8.9242827 ], [ 38.7646504, 8.9232597 ], [ 38.7615443, 8.9263569 ], [ 38.755791, 8.9307788 ], [ 38.7550425, 8.9308073 ], [ 38.753863, 8.9311467 ], [ 38.7525392, 8.9318241 ], [ 38.7503852, 8.9328834 ], [ 38.7433905, 8.9331413 ], [ 38.7428583, 8.9335586 ], [ 38.7414449, 8.9368228 ], [ 38.7421006, 8.9401217 ], [ 38.7391743, 8.9456263 ], [ 38.73866, 8.9462648 ], [ 38.7368931, 8.949237 ], [ 38.7366857, 8.9505038 ], [ 38.7372737, 8.9516334 ], [ 38.7381752, 8.9526622 ], [ 38.7403759, 8.9568763 ], [ 38.7404933, 8.9609058 ], [ 38.7414488, 8.9644008 ], [ 38.7387184, 8.9695725 ], [ 38.7381013, 8.9707659 ], [ 38.7381634, 8.9722836 ], [ 38.7387175, 8.972505 ], [ 38.7393647, 8.9725875 ], [ 38.7450866, 8.9768785 ], [ 38.746618, 8.97861 ], [ 38.7502474, 8.9849827 ], [ 38.7536856, 8.9889809 ] ] ] } },
{ "type": "Feature", "properties": { "threshold_s": 900, "time_label": "15 min drive" }, "geometry": { "type": "Polygon", "coordinates": [ [ [ 38.7335164, 8.9958438 ], [ 38.7368938, 9.0019137 ], [ 38.7375899, 9.0023508 ], [ 38.7464049, 9.0076974 ], [ 38.7474744, 9.0094571 ], [ 38.7527724, 9.0143482 ], [ 38.7566767, 9.0148583 ], [ 38.7627294, 9.0115076 ], [ 38.7702843, 9.0101555 ], [ 38.7810649, 9.011236 ], [ 38.7819703, 9.0111927 ], [ 38.7873394, 9.0074464 ], [ 38.7894034, 9.0046542 ], [ 38.7994266, 9.0015041 ], [ 38.799914, 9.0005241 ], [ 38.8002204, 8.9990832 ], [ 38.8026197, 8.990167 ], [ 38.8027722, 8.9892875 ], [ 38.8035396, 8.9855276 ], [ 38.8035562, 8.9852867 ], [ 38.8021619, 8.9853275 ], [ 38.7996331, 8.9854045 ], [ 38.7971379, 8.9861223 ], [ 38.7899075, 8.9859732 ], [ 38.7880106, 8.9854871 ], [ 38.7855757, 8.9849273 ], [ 38.7842988, 8.9845215 ], [ 38.7787516, 8.9794447 ], [ 38.7777914, 8.9763594 ], [ 38.7828796, 8.9680649 ], [ 38.7919347, 8.9698281 ], [ 38.7983287, 8.9653657 ], [ 38.8034373, 8.9661348 ], [ 38.8101965, 8.9693466 ], [ 38.8141923, 8.9682332 ], [ 38.8157206, 8.9677278 ], [ 38.8170097, 8.9654004 ], [ 38.8171284, 8.964396 ], [ 38.8145626, 8.9543626 ], [ 38.8081755, 8.9500842 ], [ 38.8082707, 8.9383955 ], [ 38.8035004, 8.9353497 ], [ 38.800378, 8.9252382 ], [ 38.8001909, 8.9202161 ], [ 38.7994757, 8.917382 ], [ 38.7990814, 8.917427 ], [ 38.789882, 8.9100642 ], [ 38.7880267, 8.90952 ], [ 38.7765561, 8.9099349 ], [ 38.775132, 8.9079274 ], [ 38.7713769, 8.9057731 ], [ 38.7671007, 8.9020267 ], [ 38.7651277, 8.9020605 ], [ 38.7598388, 8.9055903 ], [ 38.7583077, 8.9071542 ], [ 38.7501861, 8.9122983 ], [ 38.7442222, 8.9130548 ], [ 38.7355496, 8.9142195 ], [ 38.7320329, 8.9158875 ], [ 38.7317821, 8.9160942 ], [ 38.7305441, 8.9171941 ], [ 38.7303646, 8.9176363 ], [ 38.7276958, 8.9250583 ], [ 38.7232537, 8.9350066 ], [ 38.7220805, 8.9367038 ], [ 38.7214649, 8.9375639 ], [ 38.7212673, 8.9378479 ], [ 38.7166289, 8.9485092 ], [ 38.7162379, 8.950548 ], [ 38.7164359, 8.9522134 ], [ 38.7165219, 8.9523081 ], [ 38.720478, 8.9630862 ], [ 38.7197162, 8.9653009 ], [ 38.7187944, 8.968543 ], [ 38.7181224, 8.9714796 ], [ 38.7207229, 8.972019 ], [ 38.7261938, 8.982275 ], [ 38.7269208, 8.9842288 ], [ 38.727719, 8.9851527 ], [ 38.7298515, 8.9869578 ], [ 38.7335164, 8.9958438 ] ] ] } },
{ "type": "Feature", "properties": { "threshold_s": 300, "time_label": "5 min drive" }, "geometry": { "type": "Polygon", "coordinates": [ [ [ 38.7606675, 8.9737722 ], [ 38.7605834, 8.9740789 ], [ 38.7675943, 8.9771417 ], [ 38.7677779, 8.9768147 ], [ 38.770035, 8.9725261 ], [ 38.7705231, 8.9704184 ], [ 38.7715801, 8.967035 ], [ 38.7746049, 8.9599046 ], [ 38.7790044, 8.9553408 ], [ 38.7799856, 8.9537872 ], [ 38.7819724, 8.9502332 ], [ 38.7808579, 8.9485282 ], [ 38.7803555, 8.947835 ], [ 38.7770043, 8.9450488 ], [ 38.7737989, 8.941475 ], [ 38.7732076, 8.9412051 ], [ 38.768943, 8.9425753 ], [ 38.7665323, 8.9445711 ], [ 38.7610491, 8.9474346 ], [ 38.7560588, 8.9495278 ], [ 38.7555076, 8.9500644 ], [ 38.7522695, 8.9557674 ], [ 38.751267, 8.9588528 ], [ 38.7518256, 8.961464 ], [ 38.7537374, 8.9637344 ], [ 38.7567186, 8.9656751 ], [ 38.7606675, 8.9737722 ] ] ] } },
{ "type": "Feature", "properties": { "threshold_s": 600, "time_label": "10 min drive" }, "geometry": { "type": "Polygon", "coordinates": [ [ [ 38.754675, 8.9938327 ], [ 38.7551742, 8.9943823 ], [ 38.7562131, 8.9949711 ], [ 38.7597039, 8.9959808 ], [ 38.7651636, 8.9925779 ], [ 38.766284, 8.9921399 ], [ 38.767554, 8.9911426 ], [ 38.7760312, 8.9904485 ], [ 38.7786812, 8.9916294 ], [ 38.7790306, 8.991548 ], [ 38.7822305, 8.9904055 ], [ 38.7880106, 8.9854871 ], [ 38.7842988, 8.9845215 ], [ 38.7787516, 8.9794447 ], [ 38.7777914, 8.9763594 ], [ 38.7773623, 8.9752898 ], [ 38.7804589, 8.9680504 ], [ 38.7828796, 8.9680649 ], [ 38.7909604, 8.9677523 ], [ 38.7919347, 8.9698281 ], [ 38.7943107, 8.9661168 ], [ 38.7968244, 8.958413 ], [ 38.7965468, 8.9561463 ], [ 38.798652, 8.9492024 ], [ 38.7988172, 8.9457455 ], [ 38.7984793, 8.9453468 ], [ 38.7931886, 8.9442637 ], [ 38.7925422, 8.9440127 ], [ 38.7905252, 8.9433251 ], [ 38.7855926, 8.941632 ], [ 38.7888944, 8.9340646 ], [ 38.788127, 8.933209 ], [ 38.7819461, 8.9291482 ], [ 38.7830064, 8.9257519 ], [ 38.7830257, 8.9256397 ], [ 38.7818295, 8.9241693 ], [ 38.7806285, 8.9245363 ], [ 38.7799953, 8.9248947 ], [ 38.7718448, 8.9242827 ], [ 38.7710707, 8.9251297 ], [ 38.7672173, 8.927562 ], [ 38.76256, 8.9268132 ], [ 38.7550425, 8.9308073 ], [ 38.753863, 8.9311467 ], [ 38.7455405, 8.9318942 ], [ 38.7431068, 8.932231 ], [ 38.7423478, 8.932887 ], [ 38.741327, 8.9348191 ], [ 38.7413398, 8.9351319 ], [ 38.7414449, 8.9368228 ], [ 38.741641, 8.938018 ], [ 38.7382074, 8.9452196 ], [ 38.7379644, 8.9455563 ], [ 38.7365994, 8.9487018 ], [ 38.7363612, 8.9498128 ], [ 38.7366857, 8.9505038 ], [ 38.7372737, 8.9516334 ], [ 38.7381752, 8.9526622 ], [ 38.7403759, 8.9568763 ], [ 38.7404933, 8.9609058 ], [ 38.7358658, 8.966419 ], [ 38.7370821, 8.9725794 ], [ 38.7377431, 8.9730167 ], [ 38.739079, 8.9734757 ], [ 38.7450618, 8.9777032 ], [ 38.7466011, 8.9797147 ], [ 38.7489975, 8.9855754 ], [ 38.7537883, 8.9923434 ], [ 38.7544561, 8.9934995 ], [ 38.754675, 8.9938327 ] ] ] } },
{ "type": "Feature", "properties": { "threshold_s": 900, "time_label": "15 min drive" }, "geometry": { "type": "Polygon", "coordinates": [ [ [ 38.7370366, 9.0028356 ], [ 38.7380116, 9.003884 ], [ 38.7463103, 9.0094412 ], [ 38.7506302, 9.0141687 ], [ 38.7526023, 9.0162803 ], [ 38.7526934, 9.0162866 ], [ 38.7555926, 9.0160591 ], [ 38.762877, 9.0129834 ], [ 38.7746465, 9.0115406 ], [ 38.7778035, 9.0124771 ], [ 38.7817494, 9.0139229 ], [ 38.7877303, 9.0086557 ], [ 38.7887931, 9.0078893 ], [ 38.7988803, 9.0029634 ], [ 38.8005828, 9.0033783 ], [ 38.8012889, 9.0015944 ], [ 38.8048125, 8.9901822 ], [ 38.8047893, 8.9897114 ], [ 38.8035562, 8.9852867 ], [ 38.8021619, 8.9853275 ], [ 38.7996331, 8.9854045 ], [ 38.7971379, 8.9861223 ], [ 38.7899075, 8.9859732 ], [ 38.7880106, 8.9854871 ], [ 38.7855757, 8.9849273 ], [ 38.7842988, 8.9845215 ], [ 38.7787516, 8.9794447 ], [ 38.7828796, 8.9680649 ], [ 38.7919347, 8.9698281 ], [ 38.8034373, 8.9661348 ], [ 38.8101965, 8.9693466 ], [ 38.813615, 8.9669886 ], [ 38.815565, 8.9656738 ], [ 38.8154065, 8.963706 ], [ 38.8124115, 8.9554505 ], [ 38.8081755, 8.9500842 ], [ 38.8082707, 8.9383955 ], [ 38.8035004, 8.9353497 ], [ 38.7972715, 8.9256087 ], [ 38.8001909, 8.9202161 ], [ 38.7994757, 8.917382 ], [ 38.7990814, 8.917427 ], [ 38.7891434, 8.9175704 ], [ 38.7874324, 8.9128207 ], [ 38.7876535, 8.9105968 ], [ 38.7880267, 8.90952 ], [ 38.7759595, 8.9096154 ], [ 38.775429699999989, 8.9093504 ], [ 38.7741463, 8.908729 ], [ 38.771959, 8.9073202 ], [ 38.7665784, 8.9035445 ], [ 38.7649142, 8.9036505 ], [ 38.7629496, 8.9049154 ], [ 38.7597911, 8.9070203 ], [ 38.7522289, 8.9133372 ], [ 38.7451355, 8.9129011 ], [ 38.7439879, 8.9126133 ], [ 38.7355496, 8.9142195 ], [ 38.7320393, 8.9151647 ], [ 38.7316133, 8.9153253 ], [ 38.729798, 8.9165287 ], [ 38.726508, 8.9250876 ], [ 38.722264, 8.9350996 ], [ 38.7206843, 8.9373775 ], [ 38.7203867, 8.9379481 ], [ 38.7160271, 8.9466835 ], [ 38.7156762, 8.9492308 ], [ 38.7152351, 8.9533386 ], [ 38.7194594, 8.9637194 ], [ 38.7182221, 8.9675577 ], [ 38.7176571, 8.9696675 ], [ 38.7176063, 8.970535 ], [ 38.7177841, 8.9708986 ], [ 38.7181224, 8.9714796 ], [ 38.7187499, 8.972423 ], [ 38.7233107, 8.975741 ], [ 38.7258008, 8.9824669 ], [ 38.7260556, 8.9834392 ], [ 38.7265869, 8.9850391 ], [ 38.7322609, 8.9956067 ], [ 38.7324621, 8.9965338 ], [ 38.7370366, 9.0028356 ] ] ] } },
{ "type": "Feature", "properties": { "threshold_s": 300, "time_label": "5 min drive" }, "geometry": { "type": "Polygon", "coordinates": [ [ [ 38.7602367, 8.9753929 ], [ 38.759932, 8.9764989 ], [ 38.7683853, 8.9776026 ], [ 38.7688078, 8.9778368 ], [ 38.7698444, 8.9778113 ], [ 38.7705231, 8.9704184 ], [ 38.7715801, 8.967035 ], [ 38.7746049, 8.9599046 ], [ 38.7783325, 8.9536763 ], [ 38.7796102, 8.9508393 ], [ 38.7788314, 8.9489111 ], [ 38.7759608, 8.9454448 ], [ 38.7755343, 8.944993 ], [ 38.7740201, 8.9442389 ], [ 38.7714078, 8.9431754 ], [ 38.768943, 8.9425753 ], [ 38.7623253, 8.9463102 ], [ 38.7581723, 8.9465868 ], [ 38.754863, 8.9499577 ], [ 38.7516452, 8.9558098 ], [ 38.7509096, 8.9586491 ], [ 38.7516633, 8.9617512 ], [ 38.7517772, 8.9621726 ], [ 38.7538638, 8.9642348 ], [ 38.7565418, 8.9662656 ], [ 38.7606675, 8.9737722 ], [ 38.7605834, 8.9740789 ], [ 38.7604122, 8.974693 ], [ 38.7602367, 8.9753929 ] ] ] } },
{ "type": "Feature", "properties": { "threshold_s": 600, "time_label": "10 min drive" }, "geometry": { "type": "Polygon", "coordinates": [ [ [ 38.7484661, 8.9879114 ], [ 38.7520486, 8.9949625 ], [ 38.7541654, 8.9959883 ], [ 38.7555328, 8.9966276 ], [ 38.759032, 8.998066 ], [ 38.7604752, 8.9976293 ], [ 38.7656003, 8.9952358 ], [ 38.7672379, 8.9943084 ], [ 38.7785183, 8.9945482 ], [ 38.781175, 8.992913 ], [ 38.7852007, 8.9903643 ], [ 38.7899075, 8.9859732 ], [ 38.7880106, 8.9854871 ], [ 38.7855757, 8.9849273 ], [ 38.7842988, 8.9845215 ], [ 38.7787516, 8.9794447 ], [ 38.7828796, 8.9680649 ], [ 38.7909604, 8.9677523 ], [ 38.7914937, 8.9674282 ], [ 38.795303, 8.9592098 ], [ 38.797655399999989, 8.9502162 ], [ 38.7988172, 8.9457455 ], [ 38.7984793, 8.9453468 ], [ 38.7931886, 8.9442637 ], [ 38.7888944, 8.9340646 ], [ 38.7821949, 8.925008 ], [ 38.7816203, 8.9245078 ], [ 38.7718448, 8.9242827 ], [ 38.762958, 8.9281725 ], [ 38.7550425, 8.9308073 ], [ 38.7456329, 8.9312607 ], [ 38.742929, 8.9314965 ], [ 38.741804, 8.932984 ], [ 38.7412337, 8.9342996 ], [ 38.7377259, 8.9458926 ], [ 38.7359335, 8.9482196 ], [ 38.7358312, 8.9485875 ], [ 38.7363612, 8.9498128 ], [ 38.7366857, 8.9505038 ], [ 38.7372737, 8.9516334 ], [ 38.7381752, 8.9526622 ], [ 38.7403759, 8.9568763 ], [ 38.7358658, 8.966419 ], [ 38.7366318, 8.9716716 ], [ 38.7368561, 8.9722574 ], [ 38.737411, 8.9735325 ], [ 38.7442567, 8.9776909 ], [ 38.7470775, 8.9834876 ], [ 38.7484661, 8.9879114 ] ] ] } },
{ "type": "Feature", "properties": { "threshold_s": 900, "time_label": "15 min drive" }, "geometry": { "type": "Polygon", "coordinates": [ [ [ 38.7289264, 8.9982376 ], [ 38.733824, 9.0047681 ], [ 38.739405, 9.006106 ], [ 38.7446973, 9.0110568 ], [ 38.7471465, 9.0144456 ], [ 38.7524589, 9.0188007 ], [ 38.7554835, 9.0175438 ], [ 38.7632994, 9.0143168 ], [ 38.767167, 9.0123421 ], [ 38.7732789, 9.0121882 ], [ 38.7742634, 9.0124589 ], [ 38.7743465, 9.0124832 ], [ 38.7819011, 9.0162539 ], [ 38.7845973, 9.014103 ], [ 38.7889271, 9.0103074 ], [ 38.7905071, 9.0089001 ], [ 38.7990787, 9.0048374 ], [ 38.8019364, 9.0054341 ], [ 38.8034099, 9.0004249 ], [ 38.8057364, 8.9926316 ], [ 38.8097735, 8.9869675 ], [ 38.8035562, 8.9852867 ], [ 38.8021619, 8.9853275 ], [ 38.7996331, 8.9854045 ], [ 38.7971379, 8.9861223 ], [ 38.7899075, 8.9859732 ], [ 38.7880106, 8.9854871 ], [ 38.7855757, 8.9849273 ], [ 38.7842988, 8.9845215 ], [ 38.7787516, 8.9794447 ], [ 38.7777914, 8.9763594 ], [ 38.7828796, 8.9680649 ], [ 38.7919347, 8.9698281 ], [ 38.7983287, 8.9653657 ], [ 38.8034373, 8.9661348 ], [ 38.8078771, 8.9656652 ], [ 38.8091822, 8.965245 ], [ 38.8140505, 8.9647292 ], [ 38.8112372, 8.9565031 ], [ 38.8081755, 8.9500842 ], [ 38.8070033, 8.9403165 ], [ 38.8082707, 8.9383955 ], [ 38.8035004, 8.9353497 ], [ 38.7965722, 8.9284864 ], [ 38.7971864, 8.9264648 ], [ 38.7972715, 8.9256087 ], [ 38.7973531, 8.9247874 ], [ 38.7974331, 8.9239827 ], [ 38.7975199, 8.9231419 ], [ 38.7994757, 8.917382 ], [ 38.7990814, 8.917427 ], [ 38.7891434, 8.9175704 ], [ 38.7874324, 8.9128207 ], [ 38.7876535, 8.9105968 ], [ 38.7880267, 8.90952 ], [ 38.780236, 8.912336 ], [ 38.7765561, 8.9099349 ], [ 38.7759595, 8.9096154 ], [ 38.7741463, 8.908729 ], [ 38.7663197, 8.9043068 ], [ 38.7649413, 8.9042788 ], [ 38.7629101, 8.9053137 ], [ 38.7599171, 8.9070182 ], [ 38.7522289, 8.9133372 ], [ 38.746942, 8.9127554 ], [ 38.7465879, 8.9126706 ], [ 38.743597, 8.9117172 ], [ 38.7350249, 8.9129064 ], [ 38.7294607, 8.9159471 ], [ 38.7259697, 8.9251169 ], [ 38.7227668, 8.9337218 ], [ 38.7220779, 8.9344868 ], [ 38.7209501, 8.9360463 ], [ 38.7203271, 8.9374098 ], [ 38.7157618, 8.9461813 ], [ 38.7150951, 8.9502258 ], [ 38.7148164, 8.9526331 ], [ 38.7151694, 8.9532834 ], [ 38.7152351, 8.9533386 ], [ 38.7161207, 8.9537604 ], [ 38.719532, 8.9559976 ], [ 38.7188681, 8.9640159 ], [ 38.7179235, 8.9669898 ], [ 38.7175953, 8.9681965 ], [ 38.7170684, 8.9699482 ], [ 38.7172198, 8.9707216 ], [ 38.7190926, 8.9729571 ], [ 38.7233107, 8.975741 ], [ 38.7258008, 8.9824669 ], [ 38.7260556, 8.9834392 ], [ 38.7265869, 8.9850391 ], [ 38.7273899, 8.9865746 ], [ 38.7300276, 8.9921517 ], [ 38.7289264, 8.9982376 ] ] ] } },
{ "type": "Feature", "properties": { "threshold_s": 300, "time_label": "5 min drive" }, "geometry": { "type": "Polygon", "coordinates": [ [ [ 38.7596897, 8.9769291 ], [ 38.7597419, 8.9774445 ], [ 38.7679889, 8.9773842 ], [ 38.7683853, 8.9776026 ], [ 38.7688078, 8.9778368 ], [ 38.7701639, 8.9786274 ], [ 38.7704087, 8.978132 ], [ 38.7705728, 8.9777998 ], [ 38.77070650000001, 8.9754968 ], [ 38.7715801, 8.967035 ], [ 38.7746049, 8.9599046 ], [ 38.7786305, 8.9527371 ], [ 38.7796102, 8.9508393 ], [ 38.7788314, 8.9489111 ], [ 38.7759608, 8.9454448 ], [ 38.7755343, 8.944993 ], [ 38.7740201, 8.9442389 ], [ 38.7714078, 8.9431754 ], [ 38.768943, 8.9425753 ], [ 38.7619288, 8.9461522 ], [ 38.7581723, 8.9465868 ], [ 38.757884, 8.9466735 ], [ 38.7547486, 8.9496682 ], [ 38.7518308, 8.9553696 ], [ 38.7516452, 8.9558098 ], [ 38.7506098, 8.9584779 ], [ 38.7510095, 8.9614453 ], [ 38.7517772, 8.9621726 ], [ 38.7538638, 8.9642348 ], [ 38.7565418, 8.9662656 ], [ 38.7607317, 8.9735508 ], [ 38.7606675, 8.9737722 ], [ 38.7605834, 8.9740789 ], [ 38.7604122, 8.974693 ], [ 38.7602367, 8.9753929 ], [ 38.7596897, 8.9769291 ] ] ] } },
{ "type": "Feature", "properties": { "threshold_s": 600, "time_label": "10 min drive" }, "geometry": { "type": "Polygon", "coordinates": [ [ [ 38.7458333, 8.9871828 ], [ 38.75072, 8.994021 ], [ 38.7521329, 8.9954333 ], [ 38.7555253, 8.9985161 ], [ 38.7586621, 8.999279 ], [ 38.7596615, 8.998842 ], [ 38.7603486, 8.9985141 ], [ 38.7659106, 8.9960934 ], [ 38.7666894, 8.9957111 ], [ 38.7786997, 8.9959215 ], [ 38.7821728, 8.9934872 ], [ 38.791375, 8.9871117 ], [ 38.7899075, 8.9859732 ], [ 38.7880106, 8.9854871 ], [ 38.7855757, 8.9849273 ], [ 38.7842988, 8.9845215 ], [ 38.7787516, 8.9794447 ], [ 38.7828796, 8.9680649 ], [ 38.7909604, 8.9677523 ], [ 38.7914937, 8.9674282 ], [ 38.795303, 8.9592098 ], [ 38.797655399999989, 8.9502162 ], [ 38.7988172, 8.9457455 ], [ 38.7984793, 8.9453468 ], [ 38.7931886, 8.9442637 ], [ 38.7888944, 8.9340646 ], [ 38.7830064, 8.9257519 ], [ 38.7818295, 8.9241693 ], [ 38.7718448, 8.9242827 ], [ 38.762958, 8.9281725 ], [ 38.7550425, 8.9308073 ], [ 38.7456329, 8.9312607 ], [ 38.742929, 8.9314965 ], [ 38.7419662, 8.9324499 ], [ 38.7412337, 8.9342996 ], [ 38.737359, 8.9446503 ], [ 38.7359335, 8.9482196 ], [ 38.7358312, 8.9485875 ], [ 38.7363612, 8.9498128 ], [ 38.7366857, 8.9505038 ], [ 38.7372737, 8.9516334 ], [ 38.7381752, 8.9526622 ], [ 38.7403759, 8.9568763 ], [ 38.7358658, 8.966419 ], [ 38.7360798, 8.9708501 ], [ 38.737411, 8.9735325 ], [ 38.737625, 8.9739202 ], [ 38.7442385, 8.9779779 ], [ 38.7461868, 8.9836034 ], [ 38.7458333, 8.9871828 ] ] ] } },
{ "type": "Feature", "properties": { "threshold_s": 900, "time_label": "15 min drive" }, "geometry": { "type": "Polygon", "coordinates": [ [ [ 38.728349, 8.997969 ], [ 38.733824, 9.0047681 ], [ 38.7385513, 9.0066997 ], [ 38.7445783, 9.01184 ], [ 38.7466624, 9.0148967 ], [ 38.7467143, 9.0149585 ], [ 38.7523491, 9.0197223 ], [ 38.7554835, 9.0175438 ], [ 38.7637032, 9.0172024 ], [ 38.7732235, 9.0146348 ], [ 38.7819307, 9.0165447 ], [ 38.7828065, 9.0165446 ], [ 38.7848288, 9.0151578 ], [ 38.7893177, 9.0108459 ], [ 38.7898291, 9.0104565 ], [ 38.7914546, 9.0085485 ], [ 38.8003301, 9.0058599 ], [ 38.8019364, 9.0054341 ], [ 38.8030658, 9.0047334 ], [ 38.804299, 8.9997678 ], [ 38.807634299999989, 8.9913228 ], [ 38.8097735, 8.9869675 ], [ 38.8035562, 8.9852867 ], [ 38.8021619, 8.9853275 ], [ 38.7996331, 8.9854045 ], [ 38.7971379, 8.9861223 ], [ 38.7899075, 8.9859732 ], [ 38.7880106, 8.9854871 ], [ 38.7855757, 8.9849273 ], [ 38.7842988, 8.9845215 ], [ 38.7787516, 8.9794447 ], [ 38.7777914, 8.9763594 ], [ 38.7828796, 8.9680649 ], [ 38.7919347, 8.9698281 ], [ 38.7983287, 8.9653657 ], [ 38.8034373, 8.9661348 ], [ 38.8078771, 8.9656652 ], [ 38.8091822, 8.965245 ], [ 38.8139486, 8.9647046 ], [ 38.8112372, 8.9565031 ], [ 38.8081755, 8.9500842 ], [ 38.8070033, 8.9403165 ], [ 38.8082707, 8.9383955 ], [ 38.8035004, 8.9353497 ], [ 38.7965722, 8.9284864 ], [ 38.7971864, 8.9264648 ], [ 38.7972715, 8.9256087 ], [ 38.7973531, 8.9247874 ], [ 38.7974331, 8.9239827 ], [ 38.7975199, 8.9231419 ], [ 38.7994757, 8.917382 ], [ 38.7990814, 8.917427 ], [ 38.7891434, 8.9175704 ], [ 38.7874324, 8.9128207 ], [ 38.7876535, 8.9105968 ], [ 38.7880267, 8.90952 ], [ 38.780236, 8.912336 ], [ 38.7765561, 8.9099349 ], [ 38.7759595, 8.9096154 ], [ 38.775429699999989, 8.9093504 ], [ 38.7741463, 8.908729 ], [ 38.7717003, 8.9073246 ], [ 38.7663197, 8.9043068 ], [ 38.7649283, 8.9039662 ], [ 38.7597911, 8.9070203 ], [ 38.7522289, 8.9133372 ], [ 38.746942, 8.9127554 ], [ 38.7465879, 8.9126706 ], [ 38.743597, 8.9117172 ], [ 38.7350249, 8.9129064 ], [ 38.7294607, 8.9159471 ], [ 38.7259697, 8.9251169 ], [ 38.7227309, 8.9334609 ], [ 38.7206429, 8.9363752 ], [ 38.7202856, 8.9368431 ], [ 38.7189592, 8.9409736 ], [ 38.7157618, 8.9461813 ], [ 38.7151782, 8.9485996 ], [ 38.7150501, 8.9491518 ], [ 38.714506, 8.9529219 ], [ 38.7152351, 8.9533386 ], [ 38.7161207, 8.9537604 ], [ 38.719532, 8.9559976 ], [ 38.7188681, 8.9640159 ], [ 38.7177377, 8.9672452 ], [ 38.7174756, 8.9679282 ], [ 38.7170684, 8.9699482 ], [ 38.7172198, 8.9707216 ], [ 38.7190926, 8.9729571 ], [ 38.719691, 8.9732715 ], [ 38.7233107, 8.975741 ], [ 38.7258008, 8.9824669 ], [ 38.7257884, 8.9863389 ], [ 38.7258375, 8.9863936 ], [ 38.7291461, 8.9928174 ], [ 38.728349, 8.997969 ] ] ] } },
{ "type": "Feature", "properties": { "threshold_s": 300, "time_label": "5 min drive" }, "geometry": { "type": "Polygon", "coordinates": [ [ [ 38.7033042, 8.9688567 ], [ 38.7045269, 8.9736909 ], [ 38.708927, 8.9735744 ], [ 38.7093768, 8.9734849 ], [ 38.7120216, 8.9728206 ], [ 38.713758, 8.9722018 ], [ 38.71943, 8.9727534 ], [ 38.7204065, 8.9728935 ], [ 38.7212323, 8.9729119 ], [ 38.7247432, 8.9730688 ], [ 38.7249227, 8.9730334 ], [ 38.7251795, 8.9727788 ], [ 38.7256696, 8.9721836 ], [ 38.7259036, 8.9718631 ], [ 38.7264578, 8.9692085 ], [ 38.7276827, 8.9646996 ], [ 38.7281711, 8.961453 ], [ 38.7276876, 8.9596042 ], [ 38.7273609, 8.9586358 ], [ 38.7285447, 8.9530967 ], [ 38.731062, 8.9531298 ], [ 38.7318567, 8.9516713 ], [ 38.7315667, 8.9507903 ], [ 38.7292342, 8.9479402 ], [ 38.7272961, 8.9445201 ], [ 38.7265511, 8.9436866 ], [ 38.7217632, 8.9415086 ], [ 38.7193868, 8.9430442 ], [ 38.7178098, 8.9440724 ], [ 38.7157618, 8.9461813 ], [ 38.7111602, 8.9483774 ], [ 38.7051688, 8.9476046 ], [ 38.7025941, 8.9502734 ], [ 38.701669, 8.95218 ], [ 38.696354, 8.9543427 ], [ 38.6963392, 8.9544145 ], [ 38.6963781, 8.9556121 ], [ 38.6968257, 8.9572693 ], [ 38.6984839, 8.9604146 ], [ 38.7015584, 8.9642617 ], [ 38.7013595, 8.9668015 ], [ 38.7033042, 8.9688567 ] ] ] } },
{ "type": "Feature", "properties": { "threshold_s": 600, "time_label": "10 min drive" }, "geometry": { "type": "Polygon", "coordinates": [ [ [ 38.688098, 8.981445 ], [ 38.6895608, 8.9835747 ], [ 38.690928, 8.9848799 ], [ 38.6930928, 8.9865362 ], [ 38.6942061, 8.987151 ], [ 38.6968001, 8.9872107 ], [ 38.6972678, 8.9870893 ], [ 38.7056176, 8.9852563 ], [ 38.7071906, 8.9860857 ], [ 38.7077402, 8.985556 ], [ 38.7129021, 8.9832206 ], [ 38.7163385, 8.9880063 ], [ 38.716908, 8.9901293 ], [ 38.7181333, 8.9904714 ], [ 38.7242639, 8.9907552 ], [ 38.7254617, 8.9891712 ], [ 38.7330562, 8.9845585 ], [ 38.737172, 8.9846817 ], [ 38.7381422, 8.9843072 ], [ 38.7396102, 8.9817251 ], [ 38.7452112, 8.9753197 ], [ 38.7455285, 8.9737594 ], [ 38.7455506, 8.9699113 ], [ 38.7456054, 8.9686649 ], [ 38.7454986, 8.9683321 ], [ 38.7446508, 8.9617204 ], [ 38.7473767, 8.9545751 ], [ 38.749602, 8.9521369 ], [ 38.751338, 8.9465348 ], [ 38.7476307, 8.9420585 ], [ 38.7455661, 8.9363773 ], [ 38.739861, 8.9328048 ], [ 38.7338218, 8.9279367 ], [ 38.7276958, 8.9250583 ], [ 38.7246823, 8.9216472 ], [ 38.722598, 8.9210316 ], [ 38.7206805, 8.9223582 ], [ 38.7202896, 8.9240603 ], [ 38.7163543, 8.9307024 ], [ 38.7116689, 8.9264898 ], [ 38.7062073, 8.9295602 ], [ 38.69870250000001, 8.9321675 ], [ 38.6985399, 8.9324667 ], [ 38.6983983, 8.9354585 ], [ 38.6943345, 8.9403947 ], [ 38.6905998, 8.941313 ], [ 38.6884219, 8.9413436 ], [ 38.6872833, 8.9418058 ], [ 38.6837543, 8.9430496 ], [ 38.6821188, 8.9435227 ], [ 38.6802028, 8.9447962 ], [ 38.6803925, 8.945542 ], [ 38.6810593, 8.9510858 ], [ 38.6803134, 8.9557227 ], [ 38.6803973, 8.9570556 ], [ 38.6829673, 8.9643809 ], [ 38.6824067, 8.9665296 ], [ 38.6823463, 8.9666952 ], [ 38.6820781, 8.9677735 ], [ 38.681899799999989, 8.9686346 ], [ 38.6820728, 8.9695976 ], [ 38.682378, 8.9711133 ], [ 38.6839959, 8.9746723 ], [ 38.688098, 8.981445 ] ] ] } },
{ "type": "Feature", "properties": { "threshold_s": 900, "time_label": "15 min drive" }, "geometry": { "type": "Polygon", "coordinates": [ [ [ 38.6704737, 8.9930944 ], [ 38.6770075, 9.0016761 ], [ 38.6779656, 9.0021859 ], [ 38.6811407, 9.0021932 ], [ 38.6905447, 9.0035003 ], [ 38.6944632, 9.0048026 ], [ 38.7038193, 9.0044451 ], [ 38.706851, 9.0063642 ], [ 38.7105645, 9.0046979 ], [ 38.7197143, 9.0079515 ], [ 38.7315925, 9.0085694 ], [ 38.7323019, 9.0090928 ], [ 38.7341049, 9.0102287 ], [ 38.7369414, 9.0093418 ], [ 38.7454619, 9.0025839 ], [ 38.7499581, 8.9994267 ], [ 38.7534142, 8.9955503 ], [ 38.7578753, 8.9870874 ], [ 38.7627253, 8.9779127 ], [ 38.7628969, 8.9764417 ], [ 38.762618, 8.9673329 ], [ 38.7667474, 8.9571928 ], [ 38.7633968, 8.9532148 ], [ 38.7628957, 8.9451813 ], [ 38.7622802, 8.9371356 ], [ 38.7636761, 8.9310452 ], [ 38.7630779, 8.9292229 ], [ 38.7604786, 8.9265386 ], [ 38.7504724, 8.9206262 ], [ 38.7497851, 8.9178583 ], [ 38.7442222, 8.9130548 ], [ 38.7403233, 8.9074114 ], [ 38.740217, 8.9072641 ], [ 38.7393138, 8.9070794 ], [ 38.7368502, 8.9073501 ], [ 38.73353, 8.9082675 ], [ 38.727289399999989, 8.9135477 ], [ 38.7226438, 8.9196104 ], [ 38.714174, 8.9207268 ], [ 38.7113597, 8.9196049 ], [ 38.7030194, 8.9214373 ], [ 38.7007337, 8.9274804 ], [ 38.69870250000001, 8.9321675 ], [ 38.6985399, 8.9324667 ], [ 38.6983983, 8.9354585 ], [ 38.6875914, 8.9395825 ], [ 38.6866843, 8.9390464 ], [ 38.6859834, 8.9390791 ], [ 38.6829914, 8.9401098 ], [ 38.6802779, 8.943664 ], [ 38.6801187, 8.9442031 ], [ 38.6802028, 8.9447962 ], [ 38.6803925, 8.945542 ], [ 38.6804992, 8.9510846 ], [ 38.6744597, 8.9588759 ], [ 38.6736308, 8.9592919 ], [ 38.6714437, 8.9605522 ], [ 38.6701046, 8.9611392 ], [ 38.6689286, 8.9616573 ], [ 38.6685213, 8.9620253 ], [ 38.6661552, 8.9645981 ], [ 38.6648099, 8.9752288 ], [ 38.6643112, 8.9803461 ], [ 38.665095, 8.983157 ], [ 38.6679679, 8.9890217 ], [ 38.6704737, 8.9930944 ] ] ] } },
{ "type": "Feature", "properties": { "threshold_s": 300, "time_label": "5 min drive" }, "geometry": { "type": "Polygon", "coordinates": [ [ [ 38.7050895, 8.9704057 ], [ 38.7053986, 8.9729027 ], [ 38.7092797, 8.9725716 ], [ 38.7120216, 8.9728206 ], [ 38.7131167, 8.9723742 ], [ 38.713758, 8.9722018 ], [ 38.7190926, 8.9729571 ], [ 38.7198754, 8.9736326 ], [ 38.7219111, 8.9741139 ], [ 38.7249218, 8.9744112 ], [ 38.7260455, 8.9740269 ], [ 38.7266014, 8.9722552 ], [ 38.7272136, 8.9698644 ], [ 38.7288639, 8.9647068 ], [ 38.7298107, 8.9638537 ], [ 38.7301772, 8.9634235 ], [ 38.73053, 8.9629873 ], [ 38.7303785, 8.9610116 ], [ 38.7300231, 8.9593826 ], [ 38.7295908, 8.9577464 ], [ 38.7316132, 8.9527112 ], [ 38.732519, 8.9518222 ], [ 38.733206, 8.9497495 ], [ 38.7292203, 8.9465334 ], [ 38.7272961, 8.9445201 ], [ 38.7232795, 8.9429065 ], [ 38.7224773, 8.9427555 ], [ 38.7206742, 8.9426557 ], [ 38.7193868, 8.9430442 ], [ 38.7169259, 8.9451545 ], [ 38.7157618, 8.9461813 ], [ 38.7111602, 8.9483774 ], [ 38.7097463, 8.9487392 ], [ 38.7056469, 8.9493476 ], [ 38.7026042, 8.9508445 ], [ 38.701669, 8.95218 ], [ 38.6972345, 8.9550785 ], [ 38.6973472, 8.9568322 ], [ 38.6989156, 8.9600543 ], [ 38.6993408, 8.9607432 ], [ 38.7020083, 8.9655109 ], [ 38.7025385, 8.9666012 ], [ 38.7050895, 8.9704057 ] ] ] } },
{ "type": "Feature", "properties": { "threshold_s": 600, "time_label": "10 min drive" }, "geometry": { "type": "Polygon", "coordinates": [ [ [ 38.6890353, 8.9811629 ], [ 38.69164, 8.9841098 ], [ 38.691833699999989, 8.9842214 ], [ 38.6945343, 8.9855771 ], [ 38.6973507, 8.9856199 ], [ 38.6984945, 8.9856619 ], [ 38.7071906, 8.9860857 ], [ 38.7079946, 8.9866397 ], [ 38.7156765, 8.9901822 ], [ 38.7164894, 8.9911652 ], [ 38.7173352, 8.9916251 ], [ 38.7255622, 8.9913882 ], [ 38.7256426, 8.9913092 ], [ 38.7260596, 8.9887195 ], [ 38.732616299999989, 8.9851679 ], [ 38.737172, 8.9846817 ], [ 38.7381422, 8.9843072 ], [ 38.7391408, 8.9830524 ], [ 38.7456952, 8.9771637 ], [ 38.7467116, 8.976404 ], [ 38.7478912, 8.9685569 ], [ 38.7468503, 8.9662824 ], [ 38.7457092, 8.9611077 ], [ 38.7491065, 8.9542003 ], [ 38.7503719, 8.9529388 ], [ 38.7525866, 8.9467206 ], [ 38.7522608, 8.9452083 ], [ 38.7472455, 8.9384746 ], [ 38.7451925, 8.935753 ], [ 38.7447779, 8.935317 ], [ 38.744357, 8.9349071 ], [ 38.7390898, 8.9341296 ], [ 38.7338218, 8.9279367 ], [ 38.7283421, 8.9267523 ], [ 38.7248631, 8.9234184 ], [ 38.7233601, 8.9222815 ], [ 38.7212387, 8.92351 ], [ 38.7202896, 8.9240603 ], [ 38.7156326, 8.9307128 ], [ 38.7118706, 8.9287413 ], [ 38.71039, 8.9284051 ], [ 38.7023014, 8.9317601 ], [ 38.69870250000001, 8.9321675 ], [ 38.6985399, 8.9324667 ], [ 38.6943345, 8.9403947 ], [ 38.6905998, 8.941313 ], [ 38.6884219, 8.9413436 ], [ 38.6872833, 8.9418058 ], [ 38.6820485, 8.9446349 ], [ 38.6812202, 8.9471392 ], [ 38.6803134, 8.9557227 ], [ 38.6803973, 8.9570556 ], [ 38.6829673, 8.9643809 ], [ 38.6824067, 8.9665296 ], [ 38.6823463, 8.9666952 ], [ 38.6820781, 8.9677735 ], [ 38.6825234, 8.9698758 ], [ 38.6850221, 8.9739013 ], [ 38.6871311, 8.9781192 ], [ 38.6890353, 8.9811629 ] ] ] } },
{ "type": "Feature", "properties": { "threshold_s": 900, "time_label": "15 min drive" }, "geometry": { "type": "Polygon", "coordinates": [ [ [ 38.6717959, 8.9928207 ], [ 38.6776951, 9.0001183 ], [ 38.678775, 9.0010818 ], [ 38.6805338, 9.0013241 ], [ 38.683953, 9.0016938 ], [ 38.6942547, 9.0036959 ], [ 38.7053932, 9.0070716 ], [ 38.7080701, 9.0064146 ], [ 38.7197143, 9.0079515 ], [ 38.7215318, 9.0114593 ], [ 38.721662, 9.0115463 ], [ 38.7343193, 9.0113969 ], [ 38.7433631, 9.0074509 ], [ 38.7503682, 9.0010764 ], [ 38.7541654, 8.9959883 ], [ 38.7587746, 8.9903001 ], [ 38.764094, 8.9820233 ], [ 38.7646558, 8.9779692 ], [ 38.7632498, 8.9738234 ], [ 38.762618, 8.9673329 ], [ 38.7668627, 8.9595852 ], [ 38.7681058, 8.9576834 ], [ 38.7680935, 8.9575759 ], [ 38.7657954, 8.9457131 ], [ 38.7654587, 8.9338366 ], [ 38.7642678, 8.9280367 ], [ 38.7612253, 8.9252975 ], [ 38.7589952, 8.9234564 ], [ 38.7497851, 8.9178583 ], [ 38.7473322, 8.9155801 ], [ 38.7403233, 8.9074114 ], [ 38.740217, 8.9072641 ], [ 38.7368502, 8.9073501 ], [ 38.73353, 8.9082675 ], [ 38.727289399999989, 8.9135477 ], [ 38.7226438, 8.9196104 ], [ 38.714174, 8.9207268 ], [ 38.7113597, 8.9196049 ], [ 38.7030194, 8.9214373 ], [ 38.69870250000001, 8.9321675 ], [ 38.6985399, 8.9324667 ], [ 38.6875914, 8.9395825 ], [ 38.6866843, 8.9390464 ], [ 38.6859834, 8.9390791 ], [ 38.6829914, 8.9401098 ], [ 38.6802779, 8.943664 ], [ 38.6801187, 8.9442031 ], [ 38.6802028, 8.9447962 ], [ 38.6803925, 8.945542 ], [ 38.6804992, 8.9510846 ], [ 38.6737032, 8.9603119 ], [ 38.6712586, 8.9615559 ], [ 38.6690395, 8.9626243 ], [ 38.6675093, 8.9649692 ], [ 38.6660533, 8.9750004 ], [ 38.6654075, 8.9780114 ], [ 38.6653425, 8.9789459 ], [ 38.665703, 8.9821716 ], [ 38.6690443, 8.9881666 ], [ 38.6715114, 8.9923428 ], [ 38.6717959, 8.9928207 ] ] ] } },
{ "type": "Feature", "properties": { "threshold_s": 300, "time_label": "5 min drive" }, "geometry": { "type": "Polygon", "coordinates": [ [ [ 38.7093868, 8.9554634 ], [ 38.7118135, 8.9600186 ], [ 38.715255, 8.9602221 ], [ 38.7189567, 8.9608778 ], [ 38.7214727, 8.9607792 ], [ 38.7270542, 8.9595824 ], [ 38.7290424, 8.9602518 ], [ 38.7330546, 8.9628478 ], [ 38.7351861, 8.9611194 ], [ 38.7351846, 8.9609923 ], [ 38.7348681, 8.9596248 ], [ 38.7364709, 8.9560006 ], [ 38.741532, 8.9558019 ], [ 38.7429693, 8.9567245 ], [ 38.745001, 8.9548751 ], [ 38.7465044, 8.9531234 ], [ 38.7473217, 8.951349 ], [ 38.7476658, 8.9492291 ], [ 38.7475653, 8.9480574 ], [ 38.7466601, 8.9463566 ], [ 38.7449753, 8.9434818 ], [ 38.7424866, 8.9378158 ], [ 38.7390876, 8.9371395 ], [ 38.7341009, 8.9345072 ], [ 38.7332158, 8.9346092 ], [ 38.7281391, 8.9351747 ], [ 38.7253552, 8.933449 ], [ 38.723311699999989, 8.9322814 ], [ 38.7215133, 8.9310149 ], [ 38.7185054, 8.9317248 ], [ 38.7179352, 8.9319184 ], [ 38.7173143, 8.9328074 ], [ 38.7171735, 8.933495 ], [ 38.716633, 8.9359115 ], [ 38.7158471, 8.9413677 ], [ 38.7133027, 8.9432941 ], [ 38.7133613, 8.9437869 ], [ 38.7097463, 8.9487392 ], [ 38.709094, 8.9509759 ], [ 38.7093868, 8.9554634 ] ] ] } },
{ "type": "Feature", "properties": { "threshold_s": 600, "time_label": "10 min drive" }, "geometry": { "type": "Polygon", "coordinates": [ [ [ 38.7005325, 8.9753501 ], [ 38.7018234, 8.9768485 ], [ 38.7039784, 8.9764145 ], [ 38.7057853, 8.9756135 ], [ 38.7065117, 8.9752925 ], [ 38.7076208, 8.974797 ], [ 38.7079365, 8.9746578 ], [ 38.7085293, 8.9743943 ], [ 38.7089684, 8.9741971 ], [ 38.7092046, 8.9740936 ], [ 38.7140299, 8.9732737 ], [ 38.7219483, 8.9785817 ], [ 38.7219907, 8.9786054 ], [ 38.7222442, 8.9787412 ], [ 38.731623399999989, 8.980333 ], [ 38.7340096, 8.9827937 ], [ 38.7340973, 8.982902 ], [ 38.7342611, 8.9829166 ], [ 38.7357746, 8.982398 ], [ 38.7449528, 8.9790733 ], [ 38.7456397, 8.9789122 ], [ 38.746618, 8.97861 ], [ 38.7490835, 8.9761862 ], [ 38.7548543, 8.9688259 ], [ 38.7565422, 8.9679672 ], [ 38.7588272, 8.9661457 ], [ 38.7614662, 8.9623119 ], [ 38.7633968, 8.9532148 ], [ 38.7615139, 8.9475109 ], [ 38.758741, 8.9406331 ], [ 38.7593767, 8.9365235 ], [ 38.7608492, 8.9317316 ], [ 38.7605421, 8.930216 ], [ 38.7588987, 8.9285794 ], [ 38.7541648, 8.9275505 ], [ 38.7496293, 8.9221434 ], [ 38.7494405, 8.9219131 ], [ 38.7479415, 8.9204833 ], [ 38.7475508, 8.9200953 ], [ 38.7423353, 8.9171945 ], [ 38.7374287, 8.9120122 ], [ 38.7350517, 8.9116981 ], [ 38.727289399999989, 8.9135477 ], [ 38.7226438, 8.9196104 ], [ 38.714174, 8.9207268 ], [ 38.7113597, 8.9196049 ], [ 38.7105604, 8.9221885 ], [ 38.7062073, 8.9295602 ], [ 38.69870250000001, 8.9321675 ], [ 38.6985399, 8.9324667 ], [ 38.6983983, 8.9354585 ], [ 38.6962256, 8.9420871 ], [ 38.6949904, 8.944641 ], [ 38.691034, 8.9526927 ], [ 38.6912307, 8.9601561 ], [ 38.6956863, 8.9616586 ], [ 38.6980879, 8.9680592 ], [ 38.6982549, 8.9685608 ], [ 38.7002726, 8.9746658 ], [ 38.7005325, 8.9753501 ] ] ] } },
{ "type": "Feature", "properties": { "threshold_s": 900, "time_label": "15 min drive" }, "geometry": { "type": "Polygon", "coordinates": [ [ [ 38.6870699, 8.9871858 ], [ 38.6902124, 8.991235 ], [ 38.6923993, 8.9914949 ], [ 38.6940564, 8.9914246 ], [ 38.7083787, 8.9912831 ], [ 38.7184146, 8.9954572 ], [ 38.725977, 8.9973217 ], [ 38.7375899, 9.0023508 ], [ 38.7414856, 9.0033531 ], [ 38.7529638, 8.9992308 ], [ 38.7551318, 8.9972964 ], [ 38.7561431, 8.9956094 ], [ 38.7584402, 8.9918452 ], [ 38.7676154, 8.9842259 ], [ 38.770035, 8.9725261 ], [ 38.7746049, 8.9599046 ], [ 38.775242, 8.9583361 ], [ 38.7774488, 8.9529808 ], [ 38.7777048, 8.9519907 ], [ 38.7792063, 8.9382432 ], [ 38.7786108, 8.930677 ], [ 38.7764568, 8.9209443 ], [ 38.7723291, 8.9168573 ], [ 38.7655277, 8.9115975 ], [ 38.7640379, 8.9107005 ], [ 38.7534552, 8.9032257 ], [ 38.7513227, 8.8970761 ], [ 38.7362117, 8.9011704 ], [ 38.7350826, 8.9022633 ], [ 38.7337589, 8.9040162 ], [ 38.7313695, 8.9071775 ], [ 38.7312216, 8.9075352 ], [ 38.727289399999989, 8.9135477 ], [ 38.714174, 8.9207268 ], [ 38.7113597, 8.9196049 ], [ 38.7030194, 8.9214373 ], [ 38.6950392, 8.9306287 ], [ 38.6829914, 8.9401098 ], [ 38.6802779, 8.943664 ], [ 38.6801187, 8.9442031 ], [ 38.6803134, 8.9557227 ], [ 38.6803973, 8.9570556 ], [ 38.6801021, 8.9701187 ], [ 38.6786281, 8.9728239 ], [ 38.6799107, 8.9758786 ], [ 38.6838657, 8.9822073 ], [ 38.6865008, 8.9863457 ], [ 38.6870699, 8.9871858 ] ] ] } },
{ "type": "Feature", "properties": { "threshold_s": 300, "time_label": "5 min drive" }, "geometry": { "type": "Polygon", "coordinates": [ [ [ 38.6839825, 8.9679974 ], [ 38.685437, 8.9706555 ], [ 38.6880975, 8.9715131 ], [ 38.6900463, 8.9727762 ], [ 38.6930327, 8.972052 ], [ 38.694643, 8.9718901 ], [ 38.6986743, 8.9714317 ], [ 38.7006018, 8.9743566 ], [ 38.7007517, 8.9747017 ], [ 38.7013324, 8.9748977 ], [ 38.7024934, 8.974706 ], [ 38.7057853, 8.9756135 ], [ 38.7065117, 8.9752925 ], [ 38.7089016, 8.9727981 ], [ 38.7120216, 8.9728206 ], [ 38.7130492, 8.9716089 ], [ 38.7139397, 8.9701539 ], [ 38.7136551, 8.9690867 ], [ 38.7134255, 8.968739 ], [ 38.7130442, 8.9680264 ], [ 38.712457, 8.9671328 ], [ 38.7136356, 8.9631317 ], [ 38.7161542, 8.9625726 ], [ 38.7185303, 8.963298 ], [ 38.717893, 8.9590309 ], [ 38.7168283, 8.9558663 ], [ 38.7155355, 8.9529384 ], [ 38.7116421, 8.9511718 ], [ 38.7098713, 8.9489364 ], [ 38.7097463, 8.9487392 ], [ 38.7068989, 8.9474827 ], [ 38.7051688, 8.9476046 ], [ 38.7020516, 8.9450742 ], [ 38.7020393, 8.9444872 ], [ 38.7018977, 8.9432906 ], [ 38.6999054, 8.9420732 ], [ 38.6979501, 8.9404291 ], [ 38.6943345, 8.9403947 ], [ 38.6924702, 8.9422328 ], [ 38.6896078, 8.9447881 ], [ 38.6882408, 8.9453261 ], [ 38.6875957, 8.9456295 ], [ 38.6856367, 8.9469498 ], [ 38.6838406, 8.9494009 ], [ 38.6827912, 8.9503711 ], [ 38.681941, 8.9512683 ], [ 38.6831795, 8.9532004 ], [ 38.6851928, 8.9555551 ], [ 38.6860251, 8.9563179 ], [ 38.6859083, 8.9599987 ], [ 38.6854872, 8.9606094 ], [ 38.6851023, 8.9612095 ], [ 38.6846973, 8.9618334 ], [ 38.6843044, 8.9624335 ], [ 38.6829673, 8.9643809 ], [ 38.6830531, 8.9652274 ], [ 38.6839825, 8.9679974 ] ] ] } },
{ "type": "Feature", "properties": { "threshold_s": 600, "time_label": "10 min drive" }, "geometry": { "type": "Polygon", "coordinates": [ [ [ 38.6685813, 8.9817599 ], [ 38.6715743, 8.9860966 ], [ 38.6719914, 8.9863006 ], [ 38.6722475, 8.9864135 ], [ 38.6758138, 8.9873588 ], [ 38.6768464, 8.9875465 ], [ 38.6843813, 8.9901585 ], [ 38.688757, 8.9905663 ], [ 38.6893225, 8.9906188 ], [ 38.6934387, 8.9903417 ], [ 38.6937694, 8.9903005 ], [ 38.6957462, 8.989888 ], [ 38.7030097, 8.9870815 ], [ 38.7056176, 8.9852563 ], [ 38.7065094, 8.98311 ], [ 38.7087125, 8.9768225 ], [ 38.7088077, 8.976686 ], [ 38.7140299, 8.9732737 ], [ 38.7169675, 8.9793978 ], [ 38.7197882, 8.9819198 ], [ 38.7223984, 8.9810641 ], [ 38.7230837, 8.980366 ], [ 38.7296868, 8.9752961 ], [ 38.7322075, 8.9738249 ], [ 38.7358658, 8.966419 ], [ 38.7355458, 8.9629714 ], [ 38.7335671, 8.9563225 ], [ 38.7366664, 8.9486673 ], [ 38.7367268, 8.9478387 ], [ 38.7338198, 8.9447581 ], [ 38.7317438, 8.9403529 ], [ 38.7297746, 8.9381531 ], [ 38.7282523, 8.9368177 ], [ 38.7213135, 8.932716 ], [ 38.7156326, 8.9307128 ], [ 38.7123176, 8.9260697 ], [ 38.7116689, 8.9264898 ], [ 38.7062073, 8.9295602 ], [ 38.69870250000001, 8.9321675 ], [ 38.6985399, 8.9324667 ], [ 38.6983983, 8.9354585 ], [ 38.6943345, 8.9403947 ], [ 38.6875914, 8.9395825 ], [ 38.6866843, 8.9390464 ], [ 38.6859834, 8.9390791 ], [ 38.6829914, 8.9401098 ], [ 38.6802779, 8.943664 ], [ 38.6801187, 8.9442031 ], [ 38.6802028, 8.9447962 ], [ 38.6804992, 8.9510846 ], [ 38.6803134, 8.9557227 ], [ 38.6742413, 8.9612177 ], [ 38.6709014, 8.9634788 ], [ 38.67033, 8.9641146 ], [ 38.6693123, 8.9658723 ], [ 38.6691806, 8.9681728 ], [ 38.6687587, 8.9744016 ], [ 38.6678302, 8.9793765 ], [ 38.6684377, 8.9813298 ], [ 38.6685813, 8.9817599 ] ] ] } },
{ "type": "Feature", "properties": { "threshold_s": 900, "time_label": "15 min drive" }, "geometry": { "type": "Polygon", "coordinates": [ [ [ 38.6592607, 8.9944693 ], [ 38.6645325, 9.0033071 ], [ 38.6664391, 9.0048273 ], [ 38.6723149, 9.0062265 ], [ 38.6746039, 9.0067207 ], [ 38.6941741, 9.0080131 ], [ 38.6956797, 9.0077828 ], [ 38.7068054, 9.0058914 ], [ 38.7191164, 9.0001686 ], [ 38.7289264, 8.9982376 ], [ 38.7307139, 8.9976947 ], [ 38.738917, 8.9944997 ], [ 38.74802, 8.9855194 ], [ 38.7524807, 8.9793843 ], [ 38.753462399999989, 8.977608 ], [ 38.7531719, 8.9751756 ], [ 38.7527791, 8.9679138 ], [ 38.7525303, 8.9589366 ], [ 38.7566986, 8.9464707 ], [ 38.7567803, 8.9450415 ], [ 38.7568006, 8.9446845 ], [ 38.7504969, 8.9325625 ], [ 38.7349753, 8.9195169 ], [ 38.727289399999989, 8.9135477 ], [ 38.7113597, 8.9196049 ], [ 38.7030194, 8.9214373 ], [ 38.7007337, 8.9274804 ], [ 38.6859834, 8.9390791 ], [ 38.6829914, 8.9401098 ], [ 38.6802779, 8.943664 ], [ 38.6801187, 8.9442031 ], [ 38.6802028, 8.9447962 ], [ 38.6726743, 8.9593681 ], [ 38.6665157, 8.9610838 ], [ 38.6642035, 8.9613076 ], [ 38.6500995, 8.9655056 ], [ 38.6495385, 8.9663513 ], [ 38.6486988, 8.9719854 ], [ 38.6496073, 8.9757151 ], [ 38.6597476, 8.9909745 ], [ 38.6592607, 8.9944693 ] ] ] } },
{ "type": "Feature", "properties": { "threshold_s": 300, "time_label": "5 min drive" }, "geometry": { "type": "Polygon", "coordinates": [ [ [ 38.6829673, 8.9643809 ], [ 38.6839825, 8.9679974 ], [ 38.6865856, 8.9693115 ], [ 38.6896166, 8.9709388 ], [ 38.6935018, 8.9712466 ], [ 38.6965302, 8.9703163 ], [ 38.6984893, 8.969942 ], [ 38.7011528, 8.9722359 ], [ 38.7013119, 8.9740367 ], [ 38.7018755, 8.9745109 ], [ 38.7027344, 8.9744815 ], [ 38.7057853, 8.9756135 ], [ 38.7065747, 8.9739175 ], [ 38.7090947, 8.9722854 ], [ 38.7101339, 8.9721143 ], [ 38.7114549, 8.9722125 ], [ 38.7126961, 8.9713982 ], [ 38.7135736, 8.9699512 ], [ 38.7131838, 8.968373 ], [ 38.7129436, 8.9680093 ], [ 38.7126809, 8.9675692 ], [ 38.712457, 8.9671328 ], [ 38.7129534, 8.9636095 ], [ 38.7136356, 8.9631317 ], [ 38.7161542, 8.9625726 ], [ 38.7174451, 8.9623531 ], [ 38.716805, 8.9597324 ], [ 38.7168521, 8.9578128 ], [ 38.7159333, 8.9564812 ], [ 38.7155355, 8.9529384 ], [ 38.714506, 8.9529219 ], [ 38.7116421, 8.9511718 ], [ 38.7111602, 8.9483774 ], [ 38.7083825, 8.9462516 ], [ 38.7068989, 8.9474827 ], [ 38.7051688, 8.9476046 ], [ 38.7042759, 8.9441276 ], [ 38.7018977, 8.9432906 ], [ 38.6999054, 8.9420732 ], [ 38.6979501, 8.9404291 ], [ 38.697478, 8.94018 ], [ 38.6943345, 8.9403947 ], [ 38.6918481, 8.9419168 ], [ 38.6915978, 8.9420717 ], [ 38.6899528, 8.9437383 ], [ 38.6882049, 8.9443479 ], [ 38.6873268, 8.9449055 ], [ 38.6853129, 8.9467298 ], [ 38.6838726, 8.9483437 ], [ 38.6810593, 8.9510858 ], [ 38.6810714, 8.9512916 ], [ 38.6828828, 8.9538339 ], [ 38.6837294, 8.9546669 ], [ 38.6850557, 8.9560549 ], [ 38.6857591, 8.9572716 ], [ 38.6854872, 8.9606094 ], [ 38.6851023, 8.9612095 ], [ 38.6846973, 8.9618334 ], [ 38.6843044, 8.9624335 ], [ 38.6829673, 8.9643809 ] ] ] } },
{ "type": "Feature", "properties": { "threshold_s": 600, "time_label": "10 min drive" }, "geometry": { "type": "Polygon", "coordinates": [ [ [ 38.6700544, 8.9808601 ], [ 38.6721687, 8.9852169 ], [ 38.67676, 8.9858938 ], [ 38.6811235, 8.9869853 ], [ 38.6856328, 8.9888086 ], [ 38.6934387, 8.9903417 ], [ 38.6956579, 8.9895548 ], [ 38.7022477, 8.9869998 ], [ 38.7056176, 8.9852563 ], [ 38.7056306, 8.9830988 ], [ 38.7052055, 8.9799858 ], [ 38.7078998, 8.9749441 ], [ 38.7092046, 8.9740936 ], [ 38.7097858, 8.9738359 ], [ 38.7140299, 8.9732737 ], [ 38.7189332, 8.9793883 ], [ 38.7191693, 8.9798759 ], [ 38.7194397, 8.9803829 ], [ 38.7204511, 8.9811992 ], [ 38.7215909, 8.9811187 ], [ 38.7223984, 8.9810641 ], [ 38.7230837, 8.980366 ], [ 38.7296868, 8.9752961 ], [ 38.7322075, 8.9738249 ], [ 38.7358658, 8.966419 ], [ 38.732747, 8.9604117 ], [ 38.7335671, 8.9563225 ], [ 38.7366664, 8.9486673 ], [ 38.7366879, 8.9478877 ], [ 38.7317438, 8.9403529 ], [ 38.7305792, 8.9379636 ], [ 38.7291475, 8.9365975 ], [ 38.7254438, 8.9343577 ], [ 38.7230046, 8.9329779 ], [ 38.7215703, 8.9322013 ], [ 38.7163543, 8.9307024 ], [ 38.7123176, 8.9260697 ], [ 38.7116689, 8.9264898 ], [ 38.7062073, 8.9295602 ], [ 38.69870250000001, 8.9321675 ], [ 38.6985399, 8.9324667 ], [ 38.6983983, 8.9354585 ], [ 38.6943345, 8.9403947 ], [ 38.6875914, 8.9395825 ], [ 38.6866843, 8.9390464 ], [ 38.6859834, 8.9390791 ], [ 38.6829914, 8.9401098 ], [ 38.6802779, 8.943664 ], [ 38.6801187, 8.9442031 ], [ 38.6802028, 8.9447962 ], [ 38.6804992, 8.9510846 ], [ 38.6803134, 8.9557227 ], [ 38.6745572, 8.9622375 ], [ 38.6706935, 8.9648565 ], [ 38.6699157, 8.9656296 ], [ 38.6699102, 8.9685906 ], [ 38.670116, 8.9748929 ], [ 38.6696756, 8.979138 ], [ 38.6696851, 8.9794032 ], [ 38.6696949, 8.9796617 ], [ 38.6700544, 8.9808601 ] ] ] } },
{ "type": "Feature", "properties": { "threshold_s": 900, "time_label": "15 min drive" }, "geometry": { "type": "Polygon", "coordinates": [ [ [ 38.6592607, 8.9944693 ], [ 38.6652027, 9.0027329 ], [ 38.6669813, 9.0033151 ], [ 38.6771041, 9.0062263 ], [ 38.6948428, 9.0079074 ], [ 38.6950345, 9.0078756 ], [ 38.7065657, 9.0053282 ], [ 38.7191164, 9.0001686 ], [ 38.7289264, 8.9982376 ], [ 38.7307139, 8.9976947 ], [ 38.738917, 8.9944997 ], [ 38.7478244, 8.9850778 ], [ 38.7517222, 8.9794389 ], [ 38.75253, 8.978179 ], [ 38.7531719, 8.9751756 ], [ 38.7527791, 8.9679138 ], [ 38.7555693, 8.9476492 ], [ 38.7561274, 8.9466871 ], [ 38.7565238, 8.9459981 ], [ 38.7564201, 8.9447894 ], [ 38.7503177, 8.9319296 ], [ 38.7390065, 8.9224161 ], [ 38.7299851, 8.9153853 ], [ 38.727289399999989, 8.9135477 ], [ 38.7113597, 8.9196049 ], [ 38.7030194, 8.9214373 ], [ 38.7007337, 8.9274804 ], [ 38.6859834, 8.9390791 ], [ 38.6829914, 8.9401098 ], [ 38.6802779, 8.943664 ], [ 38.6801187, 8.9442031 ], [ 38.6802028, 8.9447962 ], [ 38.6726743, 8.9593681 ], [ 38.6665157, 8.9610838 ], [ 38.6642035, 8.9613076 ], [ 38.6500995, 8.9655056 ], [ 38.6495385, 8.9663513 ], [ 38.6498903, 8.9752845 ], [ 38.652366, 8.9767575 ], [ 38.6592607, 8.9944693 ] ] ] } },
{ "type": "Feature", "properties": { "threshold_s": 300, "time_label": "5 min drive" }, "geometry": { "type": "Polygon", "coordinates": [ [ [ 38.7097062, 8.9659719 ], [ 38.7095952, 8.9664675 ], [ 38.7113571, 8.9645981 ], [ 38.7169833, 8.9650594 ], [ 38.7197162, 8.9653009 ], [ 38.7251359, 8.9647645 ], [ 38.7257222, 8.9626822 ], [ 38.7258145, 8.9585262 ], [ 38.7255286, 8.9576791 ], [ 38.7285447, 8.9530967 ], [ 38.7326854, 8.9552548 ], [ 38.7337321, 8.9525244 ], [ 38.7380125, 8.9520649 ], [ 38.7390684, 8.9520992 ], [ 38.7397756, 8.9506931 ], [ 38.7399756, 8.9492734 ], [ 38.7399991, 8.946957 ], [ 38.7398155, 8.9462499 ], [ 38.7388219, 8.9451907 ], [ 38.7365034, 8.9424817 ], [ 38.7347721, 8.9401052 ], [ 38.7339504, 8.9389549 ], [ 38.7334216, 8.9385544 ], [ 38.7328088, 8.9381492 ], [ 38.7282523, 8.9368177 ], [ 38.7262299, 8.9354348 ], [ 38.7230954, 8.93369 ], [ 38.7213135, 8.932716 ], [ 38.7193404, 8.9335716 ], [ 38.7182565, 8.936313 ], [ 38.7158471, 8.9413677 ], [ 38.7148158, 8.9458516 ], [ 38.7111602, 8.9483774 ], [ 38.7097463, 8.9487392 ], [ 38.7051688, 8.9476046 ], [ 38.7025941, 8.9502734 ], [ 38.701787, 8.9550945 ], [ 38.7046056, 8.959167 ], [ 38.7059099, 8.9615576 ], [ 38.7059901, 8.9615764 ], [ 38.7097062, 8.9659719 ] ] ] } },
{ "type": "Feature", "properties": { "threshold_s": 600, "time_label": "10 min drive" }, "geometry": { "type": "Polygon", "coordinates": [ [ [ 38.6946158, 8.9787356 ], [ 38.6963089, 8.981152 ], [ 38.6976645, 8.9813159 ], [ 38.6985553, 8.9808574 ], [ 38.6993848, 8.9798635 ], [ 38.6997792, 8.9793816 ], [ 38.7001629, 8.9789049 ], [ 38.7004258, 8.9785816 ], [ 38.7019714, 8.9772299 ], [ 38.7080404, 8.9775064 ], [ 38.7087125, 8.9768225 ], [ 38.7088077, 8.976686 ], [ 38.7140299, 8.9732737 ], [ 38.7161679, 8.9790632 ], [ 38.7175114, 8.9806295 ], [ 38.719303, 8.9836928 ], [ 38.7223984, 8.9810641 ], [ 38.7230837, 8.980366 ], [ 38.727001, 8.9760068 ], [ 38.7282267, 8.9758101 ], [ 38.7340875, 8.9777387 ], [ 38.7345893, 8.9773059 ], [ 38.739079, 8.9734757 ], [ 38.7429767, 8.9727105 ], [ 38.7432369, 8.9719237 ], [ 38.7434813, 8.9705768 ], [ 38.7425491, 8.9703814 ], [ 38.7407647, 8.9696851 ], [ 38.7372129, 8.9662997 ], [ 38.7355458, 8.9629714 ], [ 38.7352973, 8.9619756 ], [ 38.7352396, 8.9611247 ], [ 38.7351846, 8.9609923 ], [ 38.7348681, 8.9596248 ], [ 38.7364709, 8.9560006 ], [ 38.741532, 8.9558019 ], [ 38.7429656, 8.9598609 ], [ 38.7457092, 8.9611077 ], [ 38.7471056, 8.9625809 ], [ 38.748536799999989, 8.9634967 ], [ 38.7486127, 8.9634909 ], [ 38.7495122, 8.9634055 ], [ 38.7503994, 8.9633692 ], [ 38.750504, 8.9633714 ], [ 38.7530808, 8.9617573 ], [ 38.7548139, 8.9601709 ], [ 38.7559565, 8.9589085 ], [ 38.7558534, 8.9586044 ], [ 38.7557748, 8.9583573 ], [ 38.7560129, 8.9520084 ], [ 38.7567779, 8.9504498 ], [ 38.7594397, 8.944691 ], [ 38.7584641, 8.9421169 ], [ 38.7557429, 8.9367333 ], [ 38.753036, 8.9312932 ], [ 38.7490384, 8.9285147 ], [ 38.7467423, 8.92791 ], [ 38.7424305, 8.9251073 ], [ 38.7398166, 8.9221698 ], [ 38.7394403, 8.9217029 ], [ 38.7388956, 8.9210529 ], [ 38.7344871, 8.9184008 ], [ 38.7291884, 8.915592 ], [ 38.727289399999989, 8.9135477 ], [ 38.7270246, 8.9164573 ], [ 38.7226438, 8.9196104 ], [ 38.7199563, 8.9207989 ], [ 38.714174, 8.9207268 ], [ 38.7113597, 8.9196049 ], [ 38.7116814, 8.9224545 ], [ 38.7118909, 8.9244636 ], [ 38.71039, 8.9284051 ], [ 38.7062073, 8.9295602 ], [ 38.7023014, 8.9317601 ], [ 38.69870250000001, 8.9321675 ], [ 38.6985399, 8.9324667 ], [ 38.6983983, 8.9354585 ], [ 38.6943345, 8.9403947 ], [ 38.6905998, 8.941313 ], [ 38.6897034, 8.9416888 ], [ 38.6890094, 8.9429979 ], [ 38.6853544, 8.9477307 ], [ 38.6827912, 8.9503711 ], [ 38.681941, 8.9512683 ], [ 38.6836871, 8.953275 ], [ 38.6843609, 8.9542762 ], [ 38.6854872, 8.9606094 ], [ 38.6856173, 8.9631409 ], [ 38.6857943, 8.9643597 ], [ 38.6863013, 8.9654129 ], [ 38.6868405, 8.9654256 ], [ 38.691251, 8.9697153 ], [ 38.6913687, 8.972751 ], [ 38.6917643, 8.9736267 ], [ 38.6932935, 8.9767626 ], [ 38.6946158, 8.9787356 ] ] ] } },
{ "type": "Feature", "properties": { "threshold_s": 900, "time_label": "15 min drive" }, "geometry": { "type": "Polygon", "coordinates": [ [ [ 38.6778229, 8.9879471 ], [ 38.6818581, 8.9936156 ], [ 38.6849866, 8.9964014 ], [ 38.6870304, 8.9971888 ], [ 38.6891028, 8.997977 ], [ 38.6975294, 8.9953683 ], [ 38.7036552, 8.9959927 ], [ 38.7084322, 8.9973378 ], [ 38.7189357, 9.0001877 ], [ 38.7190194, 9.0001837 ], [ 38.7274674, 8.99912 ], [ 38.7307139, 8.9976947 ], [ 38.7394639, 8.9978997 ], [ 38.7481062, 8.9924875 ], [ 38.751011, 8.9919451 ], [ 38.7523171, 8.9904359 ], [ 38.7552246, 8.9863426 ], [ 38.7611354, 8.9799716 ], [ 38.7620843, 8.9790361 ], [ 38.7624999, 8.9784998 ], [ 38.7628459, 8.9776635 ], [ 38.7632147, 8.9764116 ], [ 38.767911, 8.9663687 ], [ 38.7726464, 8.9617668 ], [ 38.7746049, 8.9599046 ], [ 38.775242, 8.9583361 ], [ 38.7755169, 8.9575612 ], [ 38.7753178, 8.956777 ], [ 38.7742697, 8.9534014 ], [ 38.771809, 8.9505652 ], [ 38.7718141, 8.9400581 ], [ 38.7732277, 8.9381802 ], [ 38.7732755, 8.9372589 ], [ 38.772997, 8.9360092 ], [ 38.7713388, 8.9318481 ], [ 38.7667828, 8.9219933 ], [ 38.766152, 8.9205944 ], [ 38.7614259, 8.9167831 ], [ 38.7602087, 8.9158494 ], [ 38.7582041, 8.9148085 ], [ 38.7478888, 8.9135013 ], [ 38.7474422, 8.9090191 ], [ 38.7482589, 8.9039817 ], [ 38.748329, 8.9032918 ], [ 38.7470242, 8.9028478 ], [ 38.7427354, 8.9021156 ], [ 38.7362117, 8.9011704 ], [ 38.7350826, 8.9022633 ], [ 38.7337589, 8.9040162 ], [ 38.7313695, 8.9071775 ], [ 38.7312216, 8.9075352 ], [ 38.727289399999989, 8.9135477 ], [ 38.7226438, 8.9196104 ], [ 38.714174, 8.9207268 ], [ 38.7113597, 8.9196049 ], [ 38.7030194, 8.9214373 ], [ 38.7007337, 8.9274804 ], [ 38.6950392, 8.9306287 ], [ 38.6943345, 8.9403947 ], [ 38.6875914, 8.9395825 ], [ 38.6866843, 8.9390464 ], [ 38.6859834, 8.9390791 ], [ 38.6829914, 8.9401098 ], [ 38.6802779, 8.943664 ], [ 38.6801187, 8.9442031 ], [ 38.6802028, 8.9447962 ], [ 38.6804992, 8.9510846 ], [ 38.6803134, 8.9557227 ], [ 38.6739074, 8.9653208 ], [ 38.6729814, 8.9665733 ], [ 38.6730427, 8.9679858 ], [ 38.6726707, 8.979202 ], [ 38.6745934, 8.9828272 ], [ 38.6778229, 8.9879471 ] ] ] } },
{ "type": "Feature", "properties": { "threshold_s": 300, "time_label": "5 min drive" }, "geometry": { "type": "Polygon", "coordinates": [ [ [ 38.756671, 8.8907168 ], [ 38.758281, 8.8938921 ], [ 38.7618064, 8.8953291 ], [ 38.7630916, 8.8928799 ], [ 38.7651489, 8.8921959 ], [ 38.7691574, 8.8917298 ], [ 38.7703173, 8.8916745 ], [ 38.7729752, 8.8946812 ], [ 38.771566, 8.8960863 ], [ 38.7711271, 8.8965292 ], [ 38.7708232, 8.8971105 ], [ 38.773543, 8.8977262 ], [ 38.7746179, 8.8970186 ], [ 38.7787349, 8.8971119 ], [ 38.7791286, 8.897057 ], [ 38.7791848, 8.8966163 ], [ 38.7786306, 8.895075 ], [ 38.7785196, 8.8938551 ], [ 38.7823237, 8.8919951 ], [ 38.7823847, 8.8910554 ], [ 38.7829535, 8.8869967 ], [ 38.785264, 8.8866716 ], [ 38.7862036, 8.886823 ], [ 38.7869632, 8.88651 ], [ 38.7872502, 8.8844257 ], [ 38.7867614, 8.8834541 ], [ 38.7849058, 8.8794511 ], [ 38.7853353, 8.8787436 ], [ 38.786658, 8.8768682 ], [ 38.7869943, 8.8766216 ], [ 38.787232, 8.8762251 ], [ 38.7835273, 8.8750637 ], [ 38.7795013, 8.8750597 ], [ 38.7774631, 8.8766588 ], [ 38.7745017, 8.8739069 ], [ 38.7748142, 8.8706076 ], [ 38.7762773, 8.8668603 ], [ 38.7732048, 8.867972 ], [ 38.7717511, 8.8660043 ], [ 38.7712106, 8.8654199 ], [ 38.770119, 8.8686915 ], [ 38.7687513, 8.8693906 ], [ 38.76706870000001, 8.8712832 ], [ 38.7655381, 8.8729796 ], [ 38.7612383, 8.873666 ], [ 38.7581938, 8.8719406 ], [ 38.7574424, 8.8715267 ], [ 38.7572975, 8.8714469 ], [ 38.7575879, 8.8721204 ], [ 38.7589778, 8.8743954 ], [ 38.7556417, 8.8771348 ], [ 38.7610233, 8.8780591 ], [ 38.759914, 8.8798571 ], [ 38.7594357, 8.8803996 ], [ 38.7589408, 8.884706 ], [ 38.7570298, 8.8855354 ], [ 38.7540306, 8.8846602 ], [ 38.7532318, 8.8859409 ], [ 38.7534157, 8.8873419 ], [ 38.7549417, 8.8897953 ], [ 38.756671, 8.8907168 ] ] ] } },
{ "type": "Feature", "properties": { "threshold_s": 600, "time_label": "10 min drive" }, "geometry": { "type": "Polygon", "coordinates": [ [ [ 38.7489188, 8.9090152 ], [ 38.7502755, 8.9108666 ], [ 38.7539935, 8.9113695 ], [ 38.761674, 8.915986 ], [ 38.7622976, 8.9162359 ], [ 38.7687341, 8.9168175 ], [ 38.774351, 8.9149169 ], [ 38.7770686, 8.9112119 ], [ 38.7827267, 8.9066475 ], [ 38.7873465, 8.911331 ], [ 38.7876535, 8.9105968 ], [ 38.7880267, 8.90952 ], [ 38.7875902, 8.9025621 ], [ 38.7899805, 8.89506 ], [ 38.7989279, 8.8929494 ], [ 38.8004091, 8.8930972 ], [ 38.8017326, 8.8931796 ], [ 38.8032939, 8.8926112 ], [ 38.8014109, 8.8892375 ], [ 38.7967285, 8.88545 ], [ 38.8021687, 8.8792217 ], [ 38.8048308, 8.8792495 ], [ 38.8057253, 8.8793277 ], [ 38.8075036, 8.8778331 ], [ 38.8082299, 8.8768339 ], [ 38.8080554, 8.8752664 ], [ 38.8073084, 8.8722652 ], [ 38.8061047, 8.8695673 ], [ 38.8023595, 8.8611453 ], [ 38.7996454, 8.8581948 ], [ 38.7990262, 8.8576995 ], [ 38.7962114, 8.8570929 ], [ 38.7882109, 8.8557928 ], [ 38.7861237, 8.853615 ], [ 38.7836212, 8.8506834 ], [ 38.7834052, 8.8509708 ], [ 38.7808323, 8.8568008 ], [ 38.7800407, 8.8580502 ], [ 38.7796839, 8.8586149 ], [ 38.7768864, 8.8606748 ], [ 38.7698477, 8.8550452 ], [ 38.7641859, 8.8575263 ], [ 38.7593647, 8.8606731 ], [ 38.7507315, 8.8561853 ], [ 38.7453881, 8.8640856 ], [ 38.7499793, 8.8704283 ], [ 38.7513368, 8.8719666 ], [ 38.750538, 8.881216 ], [ 38.7429137, 8.8858928 ], [ 38.7492835, 8.8916357 ], [ 38.7470903, 8.8987124 ], [ 38.746419, 8.9000601 ], [ 38.7461579, 8.9010112 ], [ 38.7465445, 8.9031009 ], [ 38.7489188, 8.9090152 ] ] ] } },
{ "type": "Feature", "properties": { "threshold_s": 900, "time_label": "15 min drive" }, "geometry": { "type": "Polygon", "coordinates": [ [ [ 38.73039, 8.9186577 ], [ 38.7340321, 8.9244817 ], [ 38.7379897, 8.9251089 ], [ 38.7460703, 8.9259685 ], [ 38.7588708, 8.9308813 ], [ 38.7644369, 8.936242 ], [ 38.7726177, 8.9367024 ], [ 38.775366, 8.9343425 ], [ 38.7760131, 8.9337965 ], [ 38.7767146, 8.9323832 ], [ 38.7847035, 8.922135 ], [ 38.7878074, 8.9201444 ], [ 38.7887996, 8.9195107 ], [ 38.7926964, 8.913875 ], [ 38.802403, 8.9050619 ], [ 38.8173178, 8.9068668 ], [ 38.8180118, 8.9064501 ], [ 38.8221476, 8.9027686 ], [ 38.8224914, 8.9022838 ], [ 38.8128295, 8.8910996 ], [ 38.815081, 8.8841502 ], [ 38.8247737, 8.8769314 ], [ 38.8247635, 8.8720378 ], [ 38.8236808, 8.8693589 ], [ 38.820733, 8.8636736 ], [ 38.817932, 8.8562847 ], [ 38.8173224, 8.8451741 ], [ 38.8032613, 8.845426 ], [ 38.7953271, 8.840643 ], [ 38.7875856, 8.8308017 ], [ 38.7768621, 8.8342457 ], [ 38.7763739, 8.8396051 ], [ 38.7803194, 8.8475878 ], [ 38.7698477, 8.8550452 ], [ 38.7641859, 8.8575263 ], [ 38.7507315, 8.8561853 ], [ 38.7453881, 8.8640856 ], [ 38.7499793, 8.8704283 ], [ 38.750538, 8.881216 ], [ 38.7429137, 8.8858928 ], [ 38.7433773, 8.8943519 ], [ 38.7362117, 8.9011704 ], [ 38.7350826, 8.9022633 ], [ 38.7337589, 8.9040162 ], [ 38.7313695, 8.9071775 ], [ 38.7312216, 8.9075352 ], [ 38.7295807, 8.9119588 ], [ 38.73039, 8.9186577 ] ] ] } },
{ "type": "Feature", "properties": { "threshold_s": 300, "time_label": "5 min drive" }, "geometry": { "type": "Polygon", "coordinates": [ [ [ 38.7376045, 8.9950873 ], [ 38.7343846, 8.996604 ], [ 38.7344089, 8.9966973 ], [ 38.7392383, 8.9966999 ], [ 38.7394221, 8.997372 ], [ 38.7394639, 8.9978997 ], [ 38.7396005, 8.9995756 ], [ 38.7394057, 9.0002786 ], [ 38.7400909, 9.0003675 ], [ 38.7404379, 8.9997461 ], [ 38.7429701, 8.9977686 ], [ 38.7454493, 9.0011653 ], [ 38.7453268, 9.0025716 ], [ 38.745232, 9.0035199 ], [ 38.7467176, 9.0045045 ], [ 38.7467985, 9.0045138 ], [ 38.7494905, 9.0028945 ], [ 38.7510204, 9.0034457 ], [ 38.7531698, 9.0041116 ], [ 38.7546592, 9.0046769 ], [ 38.7553802, 9.0046291 ], [ 38.7574893, 9.0040118 ], [ 38.7586541, 9.0031765 ], [ 38.7584493, 9.0006152 ], [ 38.7584453, 9.0005061 ], [ 38.758485, 8.999819 ], [ 38.7587333, 8.9982551 ], [ 38.7619034, 8.9957924 ], [ 38.7632473, 8.9967653 ], [ 38.7636837, 8.9968352 ], [ 38.7652789, 8.99306 ], [ 38.7656948, 8.992479 ], [ 38.76804, 8.9900825 ], [ 38.7690569, 8.9864664 ], [ 38.7676154, 8.9842259 ], [ 38.7662418, 8.9812714 ], [ 38.7650426, 8.9787808 ], [ 38.7648311, 8.9747519 ], [ 38.7647498, 8.9732778 ], [ 38.7643596, 8.9731872 ], [ 38.7634898, 8.9729395 ], [ 38.76242, 8.9685074 ], [ 38.7613593, 8.9707294 ], [ 38.7584311, 8.9727864 ], [ 38.7570116, 8.9719198 ], [ 38.756673, 8.9690124 ], [ 38.7565252, 8.9685212 ], [ 38.7534478, 8.9663428 ], [ 38.7502559, 8.9649719 ], [ 38.7486843, 8.9642291 ], [ 38.7486182, 8.9642293 ], [ 38.7468503, 8.9662824 ], [ 38.7430934, 8.9678844 ], [ 38.7428134, 8.968824 ], [ 38.7387184, 8.9695725 ], [ 38.7379927, 8.9718926 ], [ 38.7367694, 8.9735017 ], [ 38.734549, 8.9753057 ], [ 38.7360174, 8.9790305 ], [ 38.7353698, 8.9798746 ], [ 38.7347285, 8.9804375 ], [ 38.7340181, 8.9826562 ], [ 38.7340096, 8.9827937 ], [ 38.7340973, 8.982902 ], [ 38.7342611, 8.9829166 ], [ 38.7364519, 8.9840816 ], [ 38.7347534, 8.9875085 ], [ 38.7343611, 8.9875946 ], [ 38.7339165, 8.988594 ], [ 38.7335439, 8.9894185 ], [ 38.7352876, 8.9909264 ], [ 38.7353732, 8.9910404 ], [ 38.738095199999989, 8.9942698 ], [ 38.7376045, 8.9950873 ] ] ] } },
{ "type": "Feature", "properties": { "threshold_s": 600, "time_label": "10 min drive" }, "geometry": { "type": "Polygon", "coordinates": [ [ [ 38.7189773, 9.0029713 ], [ 38.7188894, 9.0059185 ], [ 38.7264124, 9.0111896 ], [ 38.7270118, 9.0118618 ], [ 38.7289514, 9.0141945 ], [ 38.7339929, 9.0192766 ], [ 38.7406737, 9.0233965 ], [ 38.743319, 9.0248296 ], [ 38.7518885, 9.0270083 ], [ 38.7535565, 9.0258127 ], [ 38.7587366, 9.0212076 ], [ 38.7623398, 9.017288 ], [ 38.767167, 9.0123421 ], [ 38.7746465, 9.0115406 ], [ 38.7747681, 9.0111909 ], [ 38.774881, 9.0108722 ], [ 38.7751447, 9.0097636 ], [ 38.7753949, 9.008012 ], [ 38.7770202, 9.0034039 ], [ 38.7800713, 8.9993625 ], [ 38.783123, 8.9962669 ], [ 38.7874097, 8.9888361 ], [ 38.7899075, 8.9859732 ], [ 38.7855757, 8.9849273 ], [ 38.7787516, 8.9794447 ], [ 38.7777914, 8.9763594 ], [ 38.7770659, 8.9681153 ], [ 38.7746049, 8.9599046 ], [ 38.775242, 8.9583361 ], [ 38.7751256, 8.9575571 ], [ 38.774057, 8.9559735 ], [ 38.7715939, 8.9528868 ], [ 38.7650031, 8.9478818 ], [ 38.7648323, 8.947793 ], [ 38.7612636, 8.9486256 ], [ 38.7551949, 8.9457973 ], [ 38.7522927, 8.9448724 ], [ 38.7496136, 8.9439649 ], [ 38.7484884, 8.9452275 ], [ 38.7476669, 8.9460788 ], [ 38.7434386, 8.9491903 ], [ 38.7423516, 8.9497886 ], [ 38.7415643, 8.9503572 ], [ 38.7320356, 8.9508781 ], [ 38.7314631, 8.9511842 ], [ 38.7266015, 8.9562245 ], [ 38.7223414, 8.961928 ], [ 38.7201841, 8.9687735 ], [ 38.7219111, 8.9741139 ], [ 38.7218955, 8.9776809 ], [ 38.7184726, 8.9834798 ], [ 38.7180908, 8.9841611 ], [ 38.7163385, 8.9880063 ], [ 38.7156765, 8.9901822 ], [ 38.7160403, 8.9927609 ], [ 38.7189357, 9.0001877 ], [ 38.7189773, 9.0029713 ] ] ] } },
{ "type": "Feature", "properties": { "threshold_s": 900, "time_label": "15 min drive" }, "geometry": { "type": "Polygon", "coordinates": [ [ [ 38.7076717, 9.0183726 ], [ 38.7154665, 9.027189 ], [ 38.7164371, 9.0279101 ], [ 38.7227026, 9.0324488 ], [ 38.7297563, 9.0389247 ], [ 38.7315959, 9.0404924 ], [ 38.7368394, 9.0418941 ], [ 38.748408499999989, 9.0457879 ], [ 38.755617, 9.0458933 ], [ 38.7582949, 9.043552 ], [ 38.7629161, 9.0365657 ], [ 38.7724072, 9.0321943 ], [ 38.7818747, 9.0258742 ], [ 38.7863276, 9.0246843 ], [ 38.7939805, 9.0211028 ], [ 38.796247, 9.0179322 ], [ 38.7954484, 9.0144599 ], [ 38.8012192, 9.004282 ], [ 38.8016061, 9.0039712 ], [ 38.8023024, 9.0034086 ], [ 38.8028741, 9.0016579 ], [ 38.806748, 8.9907392 ], [ 38.8097735, 8.9869675 ], [ 38.8035562, 8.9852867 ], [ 38.8021619, 8.9853275 ], [ 38.7996331, 8.9854045 ], [ 38.7971379, 8.9861223 ], [ 38.7899075, 8.9859732 ], [ 38.7880106, 8.9854871 ], [ 38.7855757, 8.9849273 ], [ 38.7842988, 8.9845215 ], [ 38.7787516, 8.9794447 ], [ 38.7828796, 8.9680649 ], [ 38.7919347, 8.9698281 ], [ 38.795565, 8.9657542 ], [ 38.7955974, 8.9649391 ], [ 38.7955637, 8.9646061 ], [ 38.7955027, 8.9639457 ], [ 38.79308420000001, 8.9588075 ], [ 38.7884742, 8.9467824 ], [ 38.7884055, 8.9466565 ], [ 38.785509, 8.9439915 ], [ 38.7783037, 8.9326126 ], [ 38.7756135, 8.9304067 ], [ 38.7752427, 8.930119 ], [ 38.7677414, 8.9285071 ], [ 38.7670277, 8.928605 ], [ 38.7655699, 8.9288794 ], [ 38.7563968, 8.9308426 ], [ 38.7491272, 8.9279567 ], [ 38.7475719, 8.9270162 ], [ 38.7449507, 8.9256387 ], [ 38.7416139, 8.9263599 ], [ 38.7406043, 8.9266514 ], [ 38.7326921, 8.9296437 ], [ 38.7321837, 8.9305998 ], [ 38.7203398, 8.9360585 ], [ 38.7182757, 8.9384784 ], [ 38.712544, 8.9490019 ], [ 38.7029762, 8.9578823 ], [ 38.7026885, 8.966495 ], [ 38.7026915, 8.9665446 ], [ 38.7004553, 8.9789512 ], [ 38.6966021, 8.9827012 ], [ 38.6973507, 8.9856199 ], [ 38.6993023, 8.9987891 ], [ 38.7012318, 9.0018077 ], [ 38.7016502, 9.0021601 ], [ 38.7073418, 9.0125473 ], [ 38.7065819, 9.0155351 ], [ 38.7076717, 9.0183726 ] ] ] } },
{ "type": "Feature", "properties": { "threshold_s": 300, "time_label": "5 min drive" }, "geometry": { "type": "Polygon", "coordinates": [ [ [ 38.7394639, 8.9978997 ], [ 38.7404379, 8.9997461 ], [ 38.7429701, 8.9977686 ], [ 38.7456058, 8.9999417 ], [ 38.7454493, 9.0011653 ], [ 38.7468904, 9.0027304 ], [ 38.7504336, 9.0036879 ], [ 38.7512495, 9.0038793 ], [ 38.7544001, 9.0055835 ], [ 38.7545946, 9.0057032 ], [ 38.7547566, 9.0057969 ], [ 38.75719070000001, 9.0047099 ], [ 38.7574847, 9.0045057 ], [ 38.7586541, 9.0031765 ], [ 38.7584014, 9.0008902 ], [ 38.7584493, 9.0006152 ], [ 38.7584453, 9.0005061 ], [ 38.758485, 8.999819 ], [ 38.7585626, 8.9987234 ], [ 38.7587333, 8.9982551 ], [ 38.762479, 8.9967163 ], [ 38.7632008, 8.9973351 ], [ 38.7640184, 8.9969784 ], [ 38.7653392, 8.9935721 ], [ 38.7658096, 8.9929658 ], [ 38.7685902, 8.9904968 ], [ 38.7691338, 8.9895626 ], [ 38.7683494, 8.988702 ], [ 38.767618, 8.9854072 ], [ 38.7676154, 8.9842259 ], [ 38.7662418, 8.9812714 ], [ 38.7650426, 8.9787808 ], [ 38.764408, 8.9754267 ], [ 38.7634898, 8.9729395 ], [ 38.7613593, 8.9707294 ], [ 38.7584311, 8.9727864 ], [ 38.7570116, 8.9719198 ], [ 38.755781399999989, 8.9695229 ], [ 38.7548543, 8.9688259 ], [ 38.7518933, 8.9676702 ], [ 38.7487124, 8.9653973 ], [ 38.7486493, 8.9654003 ], [ 38.747513, 8.9664751 ], [ 38.7449656, 8.9685253 ], [ 38.7438549, 8.9689888 ], [ 38.7435114, 8.9692068 ], [ 38.740063, 8.9708467 ], [ 38.7399331, 8.9709491 ], [ 38.7387175, 8.972505 ], [ 38.7384252, 8.9736465 ], [ 38.7379177, 8.975337 ], [ 38.7362261, 8.9786975 ], [ 38.7347285, 8.9804375 ], [ 38.7346441, 8.9817569 ], [ 38.7351497, 8.9823212 ], [ 38.7364519, 8.9840816 ], [ 38.7371663, 8.9867057 ], [ 38.7352312, 8.9890555 ], [ 38.7361859, 8.9903311 ], [ 38.7381767, 8.9924676 ], [ 38.7376045, 8.9950873 ], [ 38.7394639, 8.9978997 ] ] ] } },
{ "type": "Feature", "properties": { "threshold_s": 600, "time_label": "10 min drive" }, "geometry": { "type": "Polygon", "coordinates": [ [ [ 38.726517, 9.0109459 ], [ 38.7264124, 9.0111896 ], [ 38.7281463, 9.0122149 ], [ 38.7338799, 9.0168248 ], [ 38.7350467, 9.0183193 ], [ 38.7411997, 9.0220112 ], [ 38.7429535, 9.0229276 ], [ 38.7440472, 9.0232515 ], [ 38.7515863, 9.0272817 ], [ 38.7519917, 9.0274854 ], [ 38.7541936, 9.026673 ], [ 38.7602254, 9.0222978 ], [ 38.760309, 9.0221661 ], [ 38.7636571, 9.0176742 ], [ 38.768895, 9.0121279 ], [ 38.7742634, 9.0124589 ], [ 38.7743465, 9.0124832 ], [ 38.7768362, 9.0119613 ], [ 38.7763497, 9.0075451 ], [ 38.7770202, 9.0034039 ], [ 38.7822124, 8.9978322 ], [ 38.7837104, 8.996249 ], [ 38.7877175, 8.9895661 ], [ 38.7868774, 8.9866064 ], [ 38.7855757, 8.9849273 ], [ 38.7787516, 8.9794447 ], [ 38.7777914, 8.9763594 ], [ 38.7750556, 8.9694476 ], [ 38.7737249, 8.9605879 ], [ 38.7742467, 8.9601225 ], [ 38.7748343, 8.95907 ], [ 38.7733469, 8.9568601 ], [ 38.7707947, 8.9536545 ], [ 38.766852, 8.953155 ], [ 38.7609355, 8.9500806 ], [ 38.753968, 8.9467924 ], [ 38.7523831, 8.9458495 ], [ 38.7497837, 8.9451418 ], [ 38.7487802, 8.9461324 ], [ 38.743482, 8.9504786 ], [ 38.741462, 8.9516976 ], [ 38.732519, 8.9518222 ], [ 38.7272777, 8.9556214 ], [ 38.7234579, 8.9612559 ], [ 38.7215828, 8.9686573 ], [ 38.7214819, 8.9692843 ], [ 38.7234175, 8.9737367 ], [ 38.7219483, 8.9785817 ], [ 38.7184726, 8.9834798 ], [ 38.716908, 8.9901293 ], [ 38.71692, 8.9926857 ], [ 38.7169688, 8.9929217 ], [ 38.7189357, 9.0001877 ], [ 38.7189773, 9.0029713 ], [ 38.7193601, 9.0036258 ], [ 38.7199702, 9.0042617 ], [ 38.7284978, 9.0065722 ], [ 38.726517, 9.0109459 ] ] ] } },
{ "type": "Feature", "properties": { "threshold_s": 900, "time_label": "15 min drive" }, "geometry": { "type": "Polygon", "coordinates": [ [ [ 38.7160709, 9.0259345 ], [ 38.7171436, 9.0271466 ], [ 38.7238909, 9.0318305 ], [ 38.7303125, 9.0379752 ], [ 38.7318606, 9.038726 ], [ 38.7399202, 9.0416905 ], [ 38.7470413, 9.0456168 ], [ 38.7489726, 9.0459551 ], [ 38.7511836, 9.0462683 ], [ 38.755617, 9.0458933 ], [ 38.7588975, 9.043584 ], [ 38.7629686, 9.0377466 ], [ 38.7734384, 9.032416 ], [ 38.7823913, 9.0264422 ], [ 38.7865193, 9.0257525 ], [ 38.7949134, 9.0210762 ], [ 38.7972575, 9.0171011 ], [ 38.7956759, 9.013702 ], [ 38.8005828, 9.0033783 ], [ 38.8013844, 9.0027679 ], [ 38.8058082, 8.9901794 ], [ 38.8058456, 8.9893081 ], [ 38.8035562, 8.9852867 ], [ 38.8021619, 8.9853275 ], [ 38.7996331, 8.9854045 ], [ 38.7971379, 8.9861223 ], [ 38.7899075, 8.9859732 ], [ 38.7880106, 8.9854871 ], [ 38.7855757, 8.9849273 ], [ 38.7842988, 8.9845215 ], [ 38.7787516, 8.9794447 ], [ 38.7828796, 8.9680649 ], [ 38.7919347, 8.9698281 ], [ 38.7943107, 8.9661168 ], [ 38.7949132, 8.9643434 ], [ 38.7928357, 8.9593159 ], [ 38.7864254, 8.9471933 ], [ 38.7859209, 8.9455666 ], [ 38.7788342, 8.937519 ], [ 38.7771454, 8.9339718 ], [ 38.7756973, 8.9311686 ], [ 38.7679884, 8.9301183 ], [ 38.7677755, 8.9301123 ], [ 38.7644273, 8.9306227 ], [ 38.7563968, 8.9308426 ], [ 38.7449545, 8.9273318 ], [ 38.7411967, 8.9270814 ], [ 38.7328181, 8.9310468 ], [ 38.7282523, 8.9368177 ], [ 38.7203271, 8.9374098 ], [ 38.7187305, 8.9405788 ], [ 38.7157618, 8.9461813 ], [ 38.7079386, 8.9550552 ], [ 38.7029762, 8.9578823 ], [ 38.7034633, 8.967235 ], [ 38.7011701, 8.9781948 ], [ 38.7001293, 8.9846366 ], [ 38.6996478, 8.9890594 ], [ 38.7003141, 8.9981886 ], [ 38.7008379, 8.9992897 ], [ 38.7019265, 9.0013984 ], [ 38.7022214, 9.0016321 ], [ 38.7084576, 9.0136135 ], [ 38.707905, 9.015153 ], [ 38.7090999, 9.0175531 ], [ 38.7160709, 9.0259345 ] ] ] } },
{ "type": "Feature", "properties": { "threshold_s": 300, "time_label": "5 min drive" }, "geometry": { "type": "Polygon", "coordinates": [ [ [ 38.7045269, 8.9736909 ], [ 38.7039167, 8.9771603 ], [ 38.7054002, 8.9781259 ], [ 38.7059487, 8.9782543 ], [ 38.7092462, 8.9784889 ], [ 38.7100346, 8.97858 ], [ 38.7106962, 8.978577 ], [ 38.7144644, 8.9810443 ], [ 38.7157854, 8.9812067 ], [ 38.719303, 8.9836928 ], [ 38.7223984, 8.9810641 ], [ 38.7230837, 8.980366 ], [ 38.7258704, 8.9763704 ], [ 38.727001, 8.9760068 ], [ 38.7282267, 8.9758101 ], [ 38.7296868, 8.9752961 ], [ 38.7340875, 8.9777387 ], [ 38.7340154, 8.9782922 ], [ 38.7352525, 8.9782991 ], [ 38.7348683, 8.9754504 ], [ 38.734549, 8.9753057 ], [ 38.7330006, 8.9708765 ], [ 38.7361234, 8.9696295 ], [ 38.7387184, 8.9695725 ], [ 38.7388259, 8.969511 ], [ 38.7372129, 8.9662997 ], [ 38.7355458, 8.9629714 ], [ 38.7352396, 8.9611247 ], [ 38.7348681, 8.9596248 ], [ 38.7335671, 8.9563225 ], [ 38.732454, 8.9546242 ], [ 38.7292903, 8.9552506 ], [ 38.728762, 8.9552402 ], [ 38.7272777, 8.9556214 ], [ 38.7232722, 8.9528105 ], [ 38.7232377, 8.9523596 ], [ 38.7221171, 8.9512315 ], [ 38.7212558, 8.9510783 ], [ 38.7192912, 8.9509525 ], [ 38.7160235, 8.9517102 ], [ 38.7148842, 8.9520775 ], [ 38.7112694, 8.9546488 ], [ 38.70881760000001, 8.9545068 ], [ 38.7068067, 8.9555528 ], [ 38.7029762, 8.9578823 ], [ 38.7039434, 8.9612732 ], [ 38.7033087, 8.9659459 ], [ 38.7030597, 8.9679417 ], [ 38.7038439, 8.9691865 ], [ 38.7045269, 8.9736909 ] ] ] } },
{ "type": "Feature", "properties": { "threshold_s": 600, "time_label": "10 min drive" }, "geometry": { "type": "Polygon", "coordinates": [ [ [ 38.6865008, 8.9863457 ], [ 38.68816, 8.9925361 ], [ 38.690739, 8.9935738 ], [ 38.6926228, 8.9934321 ], [ 38.6957031, 8.992756 ], [ 38.702355, 8.9964324 ], [ 38.7038866, 8.9974011 ], [ 38.7072965, 8.9983087 ], [ 38.7086257, 8.9983915 ], [ 38.7104382, 8.9973229 ], [ 38.7188513, 8.9979545 ], [ 38.7189357, 9.0001877 ], [ 38.7189773, 9.0029713 ], [ 38.7193998, 9.0029948 ], [ 38.7268985, 8.9991841 ], [ 38.7329972, 9.0026872 ], [ 38.7396376, 8.9994322 ], [ 38.7460314, 8.9936245 ], [ 38.7504087, 8.9881536 ], [ 38.7545591, 8.9806549 ], [ 38.755698, 8.9743462 ], [ 38.756673, 8.9690124 ], [ 38.7565704, 8.9669942 ], [ 38.7562834, 8.9584507 ], [ 38.7562482, 8.9578487 ], [ 38.7530065, 8.9534279 ], [ 38.7491379, 8.9465825 ], [ 38.7457587, 8.942687 ], [ 38.7436106, 8.9366348 ], [ 38.7435845, 8.9365006 ], [ 38.7429546, 8.9366308 ], [ 38.7414449, 8.9368228 ], [ 38.7339035, 8.9321621 ], [ 38.7262299, 8.9354348 ], [ 38.7246409, 8.9346515 ], [ 38.7230954, 8.93369 ], [ 38.7213135, 8.932716 ], [ 38.7193404, 8.9335716 ], [ 38.7182565, 8.936313 ], [ 38.7166619, 8.9404894 ], [ 38.713008, 8.9426952 ], [ 38.7067162, 8.9393885 ], [ 38.7053634, 8.9383246 ], [ 38.7038193, 8.9383534 ], [ 38.7018252, 8.9384361 ], [ 38.6943345, 8.9403947 ], [ 38.6875957, 8.9456295 ], [ 38.6856367, 8.9469498 ], [ 38.681941, 8.9512683 ], [ 38.6831795, 8.9532004 ], [ 38.6851023, 8.9612095 ], [ 38.6850437, 8.9638122 ], [ 38.6850426, 8.9638878 ], [ 38.6847628, 8.9720238 ], [ 38.6845785, 8.9790543 ], [ 38.6849796, 8.9808624 ], [ 38.6865008, 8.9863457 ] ] ] } },
{ "type": "Feature", "properties": { "threshold_s": 900, "time_label": "15 min drive" }, "geometry": { "type": "Polygon", "coordinates": [ [ [ 38.6710608, 9.0052544 ], [ 38.6719897, 9.0062636 ], [ 38.672756, 9.0068322 ], [ 38.6776533, 9.0091507 ], [ 38.6805677, 9.0090355 ], [ 38.6918278, 9.0111275 ], [ 38.6996032, 9.015183 ], [ 38.7108862, 9.0164398 ], [ 38.7156287, 9.0220832 ], [ 38.7161724, 9.0223006 ], [ 38.7177663, 9.0224246 ], [ 38.7224779, 9.0227154 ], [ 38.7340452, 9.0237449 ], [ 38.7446514, 9.0201858 ], [ 38.7466965, 9.0189733 ], [ 38.7516063, 9.015912 ], [ 38.7588742, 9.0086394 ], [ 38.7641369, 8.9997092 ], [ 38.7662877, 8.9981769 ], [ 38.7720365, 8.9891226 ], [ 38.7738788, 8.983699 ], [ 38.7737218, 8.9816961 ], [ 38.7735675, 8.9810875 ], [ 38.7733878, 8.9804854 ], [ 38.7728924, 8.9803205 ], [ 38.7664998, 8.9707517 ], [ 38.768958499999989, 8.9650687 ], [ 38.7718099, 8.962378 ], [ 38.7726464, 8.9617668 ], [ 38.7728872, 8.9614966 ], [ 38.7746049, 8.9599046 ], [ 38.775242, 8.9583361 ], [ 38.7755169, 8.9575612 ], [ 38.7753178, 8.956777 ], [ 38.7742697, 8.9534014 ], [ 38.7723679, 8.9500882 ], [ 38.7690681, 8.9462568 ], [ 38.7664135, 8.943651 ], [ 38.7624076, 8.9324762 ], [ 38.7612942, 8.9293142 ], [ 38.7605815, 8.9284304 ], [ 38.7589171, 8.9271134 ], [ 38.7498766, 8.9209888 ], [ 38.7484382, 8.9192795 ], [ 38.7417224, 8.9154211 ], [ 38.7373155, 8.9114451 ], [ 38.7368113, 8.911041 ], [ 38.727289399999989, 8.9135477 ], [ 38.7226438, 8.9196104 ], [ 38.714174, 8.9207268 ], [ 38.7113597, 8.9196049 ], [ 38.7062073, 8.9295602 ], [ 38.69870250000001, 8.9321675 ], [ 38.6985399, 8.9324667 ], [ 38.6983983, 8.9354585 ], [ 38.6875914, 8.9395825 ], [ 38.6866843, 8.9390464 ], [ 38.6859834, 8.9390791 ], [ 38.6829914, 8.9401098 ], [ 38.6802779, 8.943664 ], [ 38.6801187, 8.9442031 ], [ 38.6802028, 8.9447962 ], [ 38.6803925, 8.945542 ], [ 38.6804992, 8.9510846 ], [ 38.6737032, 8.9603119 ], [ 38.6693954, 8.962986 ], [ 38.6679221, 8.9649334 ], [ 38.6660533, 8.9750004 ], [ 38.6654075, 8.9780114 ], [ 38.6653425, 8.9789459 ], [ 38.6659612, 8.9873163 ], [ 38.6661097, 8.9885241 ], [ 38.6677594, 8.9946442 ], [ 38.6710608, 9.0052544 ] ] ] } },
{ "type": "Feature", "properties": { "threshold_s": 300, "time_label": "5 min drive" }, "geometry": { "type": "Polygon", "coordinates": [ [ [ 38.7052419, 8.973599 ], [ 38.7040856, 8.976641 ], [ 38.7049598, 8.9771399 ], [ 38.7062874, 8.9777359 ], [ 38.7103189, 8.9783381 ], [ 38.7106943, 8.9778311 ], [ 38.7151697, 8.9787964 ], [ 38.7151309, 8.9795853 ], [ 38.714939, 8.9804961 ], [ 38.714999, 8.9805731 ], [ 38.7164206, 8.9811936 ], [ 38.719303, 8.9836928 ], [ 38.7223984, 8.9810641 ], [ 38.7230837, 8.980366 ], [ 38.724079, 8.9771595 ], [ 38.7258704, 8.9763704 ], [ 38.727001, 8.9760068 ], [ 38.7282267, 8.9758101 ], [ 38.7296868, 8.9752961 ], [ 38.7341784, 8.9766996 ], [ 38.7340875, 8.9777387 ], [ 38.7340154, 8.9782922 ], [ 38.7344728, 8.9778061 ], [ 38.7345893, 8.9773059 ], [ 38.7348683, 8.9754504 ], [ 38.734549, 8.9753057 ], [ 38.7330006, 8.9708765 ], [ 38.7354362, 8.9691904 ], [ 38.7387184, 8.9695725 ], [ 38.7388259, 8.969511 ], [ 38.7372129, 8.9662997 ], [ 38.7355458, 8.9629714 ], [ 38.7352396, 8.9611247 ], [ 38.7348681, 8.9596248 ], [ 38.7335671, 8.9563225 ], [ 38.732454, 8.9546242 ], [ 38.728762, 8.9552402 ], [ 38.7272777, 8.9556214 ], [ 38.7248275, 8.9561495 ], [ 38.7227176, 8.953461 ], [ 38.7223279, 8.9524295 ], [ 38.7219331, 8.9520687 ], [ 38.721195, 8.9516273 ], [ 38.718879, 8.9512586 ], [ 38.714506, 8.9529219 ], [ 38.7112694, 8.9546488 ], [ 38.7079386, 8.9550552 ], [ 38.7057729, 8.9579063 ], [ 38.7038314, 8.9579089 ], [ 38.7029762, 8.9578823 ], [ 38.7042355, 8.9604424 ], [ 38.7052834, 8.9636222 ], [ 38.7045129, 8.9653243 ], [ 38.7034633, 8.967235 ], [ 38.7050895, 8.9704057 ], [ 38.7052419, 8.973599 ] ] ] } },
{ "type": "Feature", "properties": { "threshold_s": 600, "time_label": "10 min drive" }, "geometry": { "type": "Polygon", "coordinates": [ [ [ 38.6868062, 8.9855513 ], [ 38.6884732, 8.9922838 ], [ 38.6923535, 8.9931369 ], [ 38.6955262, 8.9923515 ], [ 38.7030289, 8.9963509 ], [ 38.7086257, 8.9983915 ], [ 38.7104382, 8.9973229 ], [ 38.7189357, 9.0001877 ], [ 38.7189773, 9.0029713 ], [ 38.7268985, 8.9991841 ], [ 38.732501, 9.001813 ], [ 38.7403735, 8.9979056 ], [ 38.7452549, 8.9933223 ], [ 38.7484336, 8.9894281 ], [ 38.7501145, 8.9873647 ], [ 38.7507597, 8.986419 ], [ 38.7542657, 8.9801767 ], [ 38.755698, 8.9743462 ], [ 38.7565217, 8.9689383 ], [ 38.7565422, 8.9679672 ], [ 38.7562834, 8.9584507 ], [ 38.7555053, 8.9575243 ], [ 38.7530011, 8.954183 ], [ 38.7492489, 8.9465652 ], [ 38.7462384, 8.9426869 ], [ 38.7435845, 8.9365006 ], [ 38.7429546, 8.9366308 ], [ 38.7414449, 8.9368228 ], [ 38.7339035, 8.9321621 ], [ 38.7249631, 8.9355621 ], [ 38.7234524, 8.9345937 ], [ 38.7231841, 8.9343724 ], [ 38.7211591, 8.9335769 ], [ 38.7199992, 8.9337692 ], [ 38.7188713, 8.9355571 ], [ 38.7166619, 8.9404894 ], [ 38.7076195, 8.9414161 ], [ 38.7061613, 8.939694 ], [ 38.7053634, 8.9383246 ], [ 38.7038193, 8.9383534 ], [ 38.6943345, 8.9403947 ], [ 38.6922115, 8.9426203 ], [ 38.6864791, 8.9472966 ], [ 38.6857911, 8.9478075 ], [ 38.6850452, 8.9483816 ], [ 38.6827701, 8.9512545 ], [ 38.6859083, 8.9599987 ], [ 38.6856173, 8.9631409 ], [ 38.685437, 8.9706555 ], [ 38.6857062, 8.9733986 ], [ 38.6851851, 8.9806256 ], [ 38.6868062, 8.9855513 ] ] ] } },
{ "type": "Feature", "properties": { "threshold_s": 900, "time_label": "15 min drive" }, "geometry": { "type": "Polygon", "coordinates": [ [ [ 38.6717903, 9.0052143 ], [ 38.6719403, 9.0055789 ], [ 38.672732, 9.0062172 ], [ 38.6772595, 9.008816 ], [ 38.6801697, 9.0086703 ], [ 38.6913838, 9.0103826 ], [ 38.6988273, 9.0143871 ], [ 38.7104216, 9.0143061 ], [ 38.7131209, 9.017169 ], [ 38.7156287, 9.0220832 ], [ 38.7156849, 9.0220985 ], [ 38.7182345, 9.0224193 ], [ 38.7231843, 9.022023 ], [ 38.7336241, 9.0231117 ], [ 38.735892, 9.0230719 ], [ 38.7466965, 9.0189733 ], [ 38.7516063, 9.015912 ], [ 38.7588742, 9.0086394 ], [ 38.7636747, 8.9996135 ], [ 38.7662877, 8.9981769 ], [ 38.7720365, 8.9891226 ], [ 38.7737924, 8.9836505 ], [ 38.7736506, 8.9816522 ], [ 38.7733878, 8.9804854 ], [ 38.7664998, 8.9707517 ], [ 38.768958499999989, 8.9650687 ], [ 38.7718099, 8.962378 ], [ 38.7726464, 8.9617668 ], [ 38.7728872, 8.9614966 ], [ 38.7746049, 8.9599046 ], [ 38.775242, 8.9583361 ], [ 38.7755169, 8.9575612 ], [ 38.7753178, 8.956777 ], [ 38.7742697, 8.9534014 ], [ 38.771745, 8.9499193 ], [ 38.7690111, 8.9463822 ], [ 38.7664135, 8.943651 ], [ 38.7624076, 8.9324762 ], [ 38.7612942, 8.9293142 ], [ 38.7605815, 8.9284304 ], [ 38.7589171, 8.9271134 ], [ 38.7504724, 8.9206262 ], [ 38.7489381, 8.9191994 ], [ 38.7421556, 8.9151668 ], [ 38.7372511, 8.9104997 ], [ 38.735108, 8.9095624 ], [ 38.7311683, 8.9119728 ], [ 38.7296109, 8.9130906 ], [ 38.7270246, 8.9164573 ], [ 38.7226438, 8.9196104 ], [ 38.7120566, 8.9199931 ], [ 38.7062073, 8.9295602 ], [ 38.69870250000001, 8.9321675 ], [ 38.6985399, 8.9324667 ], [ 38.6983983, 8.9354585 ], [ 38.6875914, 8.9395825 ], [ 38.6866843, 8.9390464 ], [ 38.6859834, 8.9390791 ], [ 38.6829914, 8.9401098 ], [ 38.6802779, 8.943664 ], [ 38.6801187, 8.9442031 ], [ 38.6802028, 8.9447962 ], [ 38.6804992, 8.9510846 ], [ 38.6741435, 8.9606965 ], [ 38.6698934, 8.9634502 ], [ 38.6688141, 8.9649442 ], [ 38.6685079, 8.9688621 ], [ 38.666292, 8.978783 ], [ 38.6661095, 8.9799192 ], [ 38.66640360000001, 8.9836733 ], [ 38.6666541, 8.986576 ], [ 38.6674641, 8.9913168 ], [ 38.6680677, 8.9935438 ], [ 38.66986, 8.9989273 ], [ 38.6717903, 9.0052143 ] ] ] } },
{ "type": "Feature", "properties": { "threshold_s": 300, "time_label": "5 min drive" }, "geometry": { "type": "Polygon", "coordinates": [ [ [ 38.7022738, 8.9774597 ], [ 38.7011701, 8.9781948 ], [ 38.7035765, 8.9791788 ], [ 38.7065564, 8.9808631 ], [ 38.7066204, 8.980861 ], [ 38.7093115, 8.9801069 ], [ 38.713064, 8.9823117 ], [ 38.7145468, 8.9826951 ], [ 38.7158087, 8.9826106 ], [ 38.719303, 8.9836928 ], [ 38.7209886, 8.98606 ], [ 38.7217467, 8.9856792 ], [ 38.7223984, 8.9810641 ], [ 38.7230837, 8.980366 ], [ 38.724079, 8.9771595 ], [ 38.7258704, 8.9763704 ], [ 38.727001, 8.9760068 ], [ 38.7282267, 8.9758101 ], [ 38.7296868, 8.9752961 ], [ 38.7322075, 8.9738249 ], [ 38.7330006, 8.9708765 ], [ 38.7329476, 8.9698573 ], [ 38.736566, 8.9669333 ], [ 38.7366423, 8.9668581 ], [ 38.7372129, 8.9662997 ], [ 38.7352973, 8.9619756 ], [ 38.7326381, 8.9587993 ], [ 38.7291965, 8.9565462 ], [ 38.7281696, 8.9561255 ], [ 38.7243161, 8.9561798 ], [ 38.7240332, 8.956194 ], [ 38.7193358, 8.9556942 ], [ 38.7168283, 8.9558663 ], [ 38.7139621, 8.9561262 ], [ 38.7110536, 8.957917 ], [ 38.7104482, 8.9583245 ], [ 38.7103525, 8.9597938 ], [ 38.7114597, 8.962623 ], [ 38.7075511, 8.9638947 ], [ 38.7056928, 8.9645371 ], [ 38.7048282, 8.9657309 ], [ 38.7041472, 8.967237 ], [ 38.7040937, 8.9675541 ], [ 38.7047105, 8.9687642 ], [ 38.7053986, 8.9729027 ], [ 38.7040856, 8.976641 ], [ 38.7029967, 8.9771245 ], [ 38.7022738, 8.9774597 ] ] ] } },
{ "type": "Feature", "properties": { "threshold_s": 600, "time_label": "10 min drive" }, "geometry": { "type": "Polygon", "coordinates": [ [ [ 38.6849374, 8.9866938 ], [ 38.6862168, 8.9940667 ], [ 38.6892435, 8.9957267 ], [ 38.6937337, 8.9950761 ], [ 38.7000493, 8.9976634 ], [ 38.702402, 8.9989167 ], [ 38.7028282, 8.9990776 ], [ 38.703306, 8.9992338 ], [ 38.7075558, 9.0003983 ], [ 38.7090799, 9.0004964 ], [ 38.714247, 8.9960852 ], [ 38.7189357, 9.0001877 ], [ 38.7189773, 9.0029713 ], [ 38.7193601, 9.0036258 ], [ 38.7199702, 9.0042617 ], [ 38.7268985, 8.9991841 ], [ 38.7329972, 9.0026872 ], [ 38.7336018, 9.003818 ], [ 38.7338206, 9.0041681 ], [ 38.7392383, 8.9966999 ], [ 38.743326, 8.9918845 ], [ 38.7486479, 8.9869149 ], [ 38.7524514, 8.9805772 ], [ 38.752506, 8.9804823 ], [ 38.7527538, 8.9800289 ], [ 38.753462399999989, 8.977608 ], [ 38.7543164, 8.9682249 ], [ 38.7537874, 8.9588542 ], [ 38.7537279, 8.9587075 ], [ 38.7522695, 8.9557674 ], [ 38.7518308, 8.9553696 ], [ 38.7514414, 8.9550647 ], [ 38.744119, 8.9500842 ], [ 38.7439039, 8.9484198 ], [ 38.7438972, 8.947097 ], [ 38.7433588, 8.9457284 ], [ 38.7429211, 8.9448141 ], [ 38.7406286, 8.9399639 ], [ 38.7392742, 8.938634 ], [ 38.7337989, 8.937223 ], [ 38.725296, 8.939928 ], [ 38.7221355, 8.9391428 ], [ 38.7214202, 8.9388573 ], [ 38.7204413, 8.9384991 ], [ 38.7198597, 8.9404636 ], [ 38.7193705, 8.9416649 ], [ 38.7178098, 8.9440724 ], [ 38.7169259, 8.9451545 ], [ 38.7083825, 8.9462516 ], [ 38.7058638, 8.9437249 ], [ 38.7042759, 8.9441276 ], [ 38.6951512, 8.9459959 ], [ 38.6895251, 8.9499328 ], [ 38.6890815, 8.95043 ], [ 38.6889222, 8.9526433 ], [ 38.6887194, 8.9584032 ], [ 38.6874828, 8.9669601 ], [ 38.6857807, 8.9708037 ], [ 38.6828626, 8.9769439 ], [ 38.6831758, 8.9830374 ], [ 38.6849374, 8.9866938 ] ] ] } },
{ "type": "Feature", "properties": { "threshold_s": 900, "time_label": "15 min drive" }, "geometry": { "type": "Polygon", "coordinates": [ [ [ 38.6657555, 8.9945197 ], [ 38.6690345, 9.0058556 ], [ 38.6718609, 9.0086102 ], [ 38.6773803, 9.0118757 ], [ 38.6802295, 9.01098 ], [ 38.6920165, 9.0128674 ], [ 38.7011165, 9.0169484 ], [ 38.7090999, 9.0175531 ], [ 38.7152166, 9.0245608 ], [ 38.7225452, 9.0246276 ], [ 38.7341387, 9.0250681 ], [ 38.7374238, 9.0254659 ], [ 38.743323, 9.0222097 ], [ 38.7506068, 9.0145586 ], [ 38.7567295, 9.0078257 ], [ 38.7587141, 9.0041929 ], [ 38.7640184, 8.9969784 ], [ 38.7701045, 8.9873449 ], [ 38.7716006, 8.9821501 ], [ 38.7660779, 8.9717093 ], [ 38.7664998, 8.9707517 ], [ 38.7718099, 8.962378 ], [ 38.7726464, 8.9617668 ], [ 38.7728872, 8.9614966 ], [ 38.7742362, 8.9585456 ], [ 38.774006, 8.9560361 ], [ 38.7732427, 8.954483 ], [ 38.7716219, 8.952597 ], [ 38.7678722, 8.9487095 ], [ 38.7649015, 8.9419151 ], [ 38.7575599, 8.933409 ], [ 38.7552407, 8.9281744 ], [ 38.7541648, 8.9275505 ], [ 38.7468776, 8.9235361 ], [ 38.7414638, 8.9201343 ], [ 38.7357987, 8.9148156 ], [ 38.7317821, 8.9160942 ], [ 38.7226438, 8.9196104 ], [ 38.7126206, 8.9234769 ], [ 38.7118909, 8.9244636 ], [ 38.7062073, 8.9295602 ], [ 38.69870250000001, 8.9321675 ], [ 38.6985399, 8.9324667 ], [ 38.6983983, 8.9354585 ], [ 38.6875914, 8.9395825 ], [ 38.6866843, 8.9390464 ], [ 38.6859834, 8.9390791 ], [ 38.6829914, 8.9401098 ], [ 38.6802779, 8.943664 ], [ 38.6801187, 8.9442031 ], [ 38.6802028, 8.9447962 ], [ 38.6804992, 8.9510846 ], [ 38.6803134, 8.9557227 ], [ 38.6742413, 8.9612177 ], [ 38.6709014, 8.9634788 ], [ 38.67033, 8.9641146 ], [ 38.6681225, 8.9671404 ], [ 38.6638096, 8.9756369 ], [ 38.6632309, 8.9804342 ], [ 38.6644144, 8.9908082 ], [ 38.6657555, 8.9945197 ] ] ] } },
{ "type": "Feature", "properties": { "threshold_s": 300, "time_label": "5 min drive" }, "geometry": { "type": "Polygon", "coordinates": [ [ [ 38.7029967, 8.9771245 ], [ 38.7031764, 8.9775206 ], [ 38.7045175, 8.9785406 ], [ 38.7066203, 8.9793818 ], [ 38.7079883, 8.9792135 ], [ 38.7091684, 8.9793129 ], [ 38.7127529, 8.9826257 ], [ 38.7138304, 8.982692 ], [ 38.7161087, 8.9830469 ], [ 38.7165128, 8.983096 ], [ 38.7209886, 8.98606 ], [ 38.7217467, 8.9856792 ], [ 38.7230837, 8.980366 ], [ 38.7258704, 8.9763704 ], [ 38.727001, 8.9760068 ], [ 38.7282267, 8.9758101 ], [ 38.7296868, 8.9752961 ], [ 38.7340154, 8.9782922 ], [ 38.7342095, 8.9793641 ], [ 38.7343044, 8.9793256 ], [ 38.7352525, 8.9782991 ], [ 38.7363401, 8.9744601 ], [ 38.7388259, 8.969511 ], [ 38.7372129, 8.9662997 ], [ 38.7352396, 8.9611247 ], [ 38.7348681, 8.9596248 ], [ 38.7324272, 8.9552548 ], [ 38.7292903, 8.9552506 ], [ 38.728762, 8.9552402 ], [ 38.7272777, 8.9556214 ], [ 38.7248275, 8.9561495 ], [ 38.7210976, 8.9532207 ], [ 38.7202218, 8.953008 ], [ 38.7188874, 8.953364 ], [ 38.7139443, 8.9548284 ], [ 38.7127281, 8.9547367 ], [ 38.7120212, 8.9546961 ], [ 38.7093868, 8.9554634 ], [ 38.7066624, 8.958716 ], [ 38.7066028, 8.9589294 ], [ 38.7066794, 8.9589522 ], [ 38.7082998, 8.9591877 ], [ 38.7097852, 8.9596157 ], [ 38.7114597, 8.962623 ], [ 38.7077826, 8.9653489 ], [ 38.7067253, 8.9651509 ], [ 38.7064017, 8.9651625 ], [ 38.7061102, 8.9654607 ], [ 38.7051035, 8.9680716 ], [ 38.7058211, 8.9694593 ], [ 38.7064304, 8.971418 ], [ 38.7065975, 8.9731981 ], [ 38.7040856, 8.976641 ], [ 38.7029967, 8.9771245 ] ] ] } },
{ "type": "Feature", "properties": { "threshold_s": 600, "time_label": "10 min drive" }, "geometry": { "type": "Polygon", "coordinates": [ [ [ 38.6861507, 8.9872942 ], [ 38.687519, 8.9930402 ], [ 38.6880782, 8.9933739 ], [ 38.6895916, 8.9941912 ], [ 38.6927955, 8.9937808 ], [ 38.701132, 8.9966866 ], [ 38.7017044, 8.9971722 ], [ 38.7027396, 8.9978974 ], [ 38.7033812, 8.9983854 ], [ 38.7076838, 9.0000546 ], [ 38.7078052, 9.0000539 ], [ 38.7104382, 8.9973229 ], [ 38.7189357, 9.0001877 ], [ 38.7189773, 9.0029713 ], [ 38.7193601, 9.0036258 ], [ 38.7199702, 9.0042617 ], [ 38.7268985, 8.9991841 ], [ 38.7331656, 9.0029958 ], [ 38.733824, 9.0047681 ], [ 38.7400909, 9.0003675 ], [ 38.7463083, 8.995148 ], [ 38.7505294, 8.9903366 ], [ 38.7532425, 8.9839796 ], [ 38.7545591, 8.9806549 ], [ 38.7551955, 8.978353 ], [ 38.756673, 8.9690124 ], [ 38.7566851, 8.9669946 ], [ 38.7567044, 8.9583434 ], [ 38.7530065, 8.9534279 ], [ 38.7466601, 8.9463566 ], [ 38.7449753, 8.9434818 ], [ 38.7424866, 8.9378158 ], [ 38.7341009, 8.9345072 ], [ 38.7254281, 8.9376082 ], [ 38.7234771, 8.9369039 ], [ 38.7222699, 8.936418 ], [ 38.7204711, 8.9354637 ], [ 38.7182757, 8.9384784 ], [ 38.7175544, 8.9401426 ], [ 38.7173063, 8.9406093 ], [ 38.7126721, 8.9439332 ], [ 38.706592, 8.9420225 ], [ 38.7050754, 8.9406225 ], [ 38.7038671, 8.9400165 ], [ 38.7019385, 8.9415868 ], [ 38.6943372, 8.9436391 ], [ 38.6934225, 8.9440339 ], [ 38.6882305, 8.9480621 ], [ 38.684802, 8.9512162 ], [ 38.687475, 8.9601905 ], [ 38.6873272, 8.9636669 ], [ 38.6877201, 8.9712002 ], [ 38.6840387, 8.9784772 ], [ 38.6841944, 8.9805395 ], [ 38.6843073, 8.980957 ], [ 38.6861507, 8.9872942 ] ] ] } },
{ "type": "Feature", "properties": { "threshold_s": 900, "time_label": "15 min drive" }, "geometry": { "type": "Polygon", "coordinates": [ [ [ 38.6671652, 8.9960218 ], [ 38.6700408, 9.0052363 ], [ 38.6717109, 9.0068888 ], [ 38.6728242, 9.0077847 ], [ 38.6772877, 9.0104862 ], [ 38.680652, 9.0099368 ], [ 38.6916923, 9.0116248 ], [ 38.6997398, 9.0155845 ], [ 38.7000731, 9.0156284 ], [ 38.7090999, 9.0175531 ], [ 38.7152166, 9.0245608 ], [ 38.7154036, 9.0245975 ], [ 38.7175183, 9.0246308 ], [ 38.7224593, 9.0246646 ], [ 38.733439, 9.0256799 ], [ 38.7375777, 9.0256746 ], [ 38.7476769, 9.020966 ], [ 38.7526258, 9.0172874 ], [ 38.7588742, 9.0086394 ], [ 38.7670242, 9.0003609 ], [ 38.7704442, 8.9929865 ], [ 38.7726688, 8.9892939 ], [ 38.7740997, 8.9833243 ], [ 38.7741384, 8.9819572 ], [ 38.7739642, 8.9812409 ], [ 38.7733878, 8.9804854 ], [ 38.7728924, 8.9803205 ], [ 38.7664998, 8.9707517 ], [ 38.768958499999989, 8.9650687 ], [ 38.7718099, 8.962378 ], [ 38.7726464, 8.9617668 ], [ 38.7728872, 8.9614966 ], [ 38.7746049, 8.9599046 ], [ 38.775242, 8.9583361 ], [ 38.7755169, 8.9575612 ], [ 38.7753178, 8.956777 ], [ 38.7742697, 8.9534014 ], [ 38.7723679, 8.9500882 ], [ 38.7690681, 8.9462568 ], [ 38.7664135, 8.943651 ], [ 38.7649015, 8.9419151 ], [ 38.7608492, 8.9317316 ], [ 38.7588899, 8.9293005 ], [ 38.7494405, 8.9219131 ], [ 38.7472001, 8.9203207 ], [ 38.7423762, 8.9175853 ], [ 38.7374287, 8.9120122 ], [ 38.7301648, 8.9144751 ], [ 38.7270246, 8.9164573 ], [ 38.7226438, 8.9196104 ], [ 38.714174, 8.9207268 ], [ 38.7134383, 8.9208938 ], [ 38.7062073, 8.9295602 ], [ 38.69870250000001, 8.9321675 ], [ 38.6985399, 8.9324667 ], [ 38.6983983, 8.9354585 ], [ 38.6875914, 8.9395825 ], [ 38.6866843, 8.9390464 ], [ 38.6859834, 8.9390791 ], [ 38.6829914, 8.9401098 ], [ 38.6802779, 8.943664 ], [ 38.6801187, 8.9442031 ], [ 38.6802028, 8.9447962 ], [ 38.6804992, 8.9510846 ], [ 38.6803134, 8.9557227 ], [ 38.6761703, 8.9624234 ], [ 38.6706935, 8.9648565 ], [ 38.6654815, 8.9747876 ], [ 38.6649105, 8.9780391 ], [ 38.6647363, 8.9793725 ], [ 38.6646922, 8.9804166 ], [ 38.6651108, 8.9878913 ], [ 38.6671652, 8.9960218 ] ] ] } },
{ "type": "Feature", "properties": { "threshold_s": 300, "time_label": "5 min drive" }, "geometry": { "type": "Polygon", "coordinates": [ [ [ 38.6791743, 8.9995971 ], [ 38.679393, 8.9998515 ], [ 38.6815605, 9.0000686 ], [ 38.68448, 9.0011189 ], [ 38.6864233, 9.0008937 ], [ 38.6868927, 9.0007255 ], [ 38.6908137, 9.0006756 ], [ 38.6915619, 9.0012101 ], [ 38.6923152, 9.0011851 ], [ 38.6935338, 9.0011401 ], [ 38.694144799999989, 9.0009623 ], [ 38.6946711, 8.9996404 ], [ 38.6951461, 8.9985394 ], [ 38.6950257, 8.9975748 ], [ 38.6949407, 8.9939306 ], [ 38.6973627, 8.9942562 ], [ 38.6978334, 8.9944928 ], [ 38.6985681, 8.9946263 ], [ 38.699421, 8.9936747 ], [ 38.6995905, 8.9916108 ], [ 38.7024385, 8.9908373 ], [ 38.7038872, 8.9931554 ], [ 38.7041701, 8.9937806 ], [ 38.7042211, 8.9938679 ], [ 38.7054895, 8.9939647 ], [ 38.7082655, 8.9914045 ], [ 38.7089454, 8.9888827 ], [ 38.7086718, 8.9871707 ], [ 38.7079333, 8.9848878 ], [ 38.7111506, 8.982655 ], [ 38.7102574, 8.9813868 ], [ 38.7100346, 8.97858 ], [ 38.7098325, 8.9780203 ], [ 38.7092046, 8.9740936 ], [ 38.7090974, 8.9738711 ], [ 38.708927, 8.9735744 ], [ 38.7055168, 8.9727988 ], [ 38.7045886, 8.9725835 ], [ 38.7027392, 8.9721066 ], [ 38.701327, 8.9720695 ], [ 38.6984893, 8.969942 ], [ 38.6979996, 8.9721869 ], [ 38.694643, 8.9718901 ], [ 38.6941735, 8.9710323 ], [ 38.6919154, 8.9705047 ], [ 38.6904672, 8.9703153 ], [ 38.6897797, 8.9703087 ], [ 38.6868282, 8.9710337 ], [ 38.6848033, 8.9718074 ], [ 38.6847628, 8.9720238 ], [ 38.6813368, 8.973952 ], [ 38.6808336, 8.9745281 ], [ 38.6799107, 8.9758786 ], [ 38.6805144, 8.979697 ], [ 38.6786472, 8.9824568 ], [ 38.6784518, 8.9832272 ], [ 38.6773393, 8.9868813 ], [ 38.6771284, 8.9871585 ], [ 38.6767622, 8.9888244 ], [ 38.6770316, 8.990845 ], [ 38.6772443, 8.9911489 ], [ 38.6773491, 8.9912645 ], [ 38.6784773, 8.9929335 ], [ 38.6785674, 8.9955381 ], [ 38.6792791, 8.9983364 ], [ 38.6791743, 8.9995971 ] ] ] } },
{ "type": "Feature", "properties": { "threshold_s": 600, "time_label": "10 min drive" }, "geometry": { "type": "Polygon", "coordinates": [ [ [ 38.6626831, 9.0085445 ], [ 38.6628655, 9.0098147 ], [ 38.6639424, 9.0100505 ], [ 38.6688339, 9.0129433 ], [ 38.6710758, 9.0169432 ], [ 38.671200399999989, 9.0171938 ], [ 38.6776057, 9.0204782 ], [ 38.6776457, 9.0204963 ], [ 38.6799771, 9.0190758 ], [ 38.6883619, 9.017966 ], [ 38.6918581, 9.0183183 ], [ 38.6991951, 9.019545 ], [ 38.6999349, 9.0194587 ], [ 38.700458, 9.01937 ], [ 38.7056561, 9.0176607 ], [ 38.7056821, 9.0132559 ], [ 38.7089727, 9.0084318 ], [ 38.7144537, 9.0080186 ], [ 38.7188894, 9.0059185 ], [ 38.7199702, 9.0042617 ], [ 38.7236724, 8.9987142 ], [ 38.7268985, 8.9991841 ], [ 38.7280187, 8.995746 ], [ 38.7284889, 8.9878255 ], [ 38.7288019, 8.986354 ], [ 38.7289191, 8.9852605 ], [ 38.7276735, 8.9830032 ], [ 38.7296868, 8.9752961 ], [ 38.7305717, 8.9746057 ], [ 38.7312003, 8.9741872 ], [ 38.7287526, 8.9673441 ], [ 38.7288639, 8.9647068 ], [ 38.7287929, 8.9642641 ], [ 38.7244731, 8.960367 ], [ 38.7177612, 8.9572047 ], [ 38.7152351, 8.9533386 ], [ 38.7151694, 8.9532834 ], [ 38.70881760000001, 8.9545068 ], [ 38.7068067, 8.9555528 ], [ 38.6988366, 8.9558615 ], [ 38.6970512, 8.9538796 ], [ 38.6932126, 8.9535485 ], [ 38.6902852, 8.9539123 ], [ 38.6898505, 8.9545177 ], [ 38.6894388, 8.9551593 ], [ 38.6890337, 8.9557908 ], [ 38.6882389, 8.9569922 ], [ 38.6877564, 8.9577654 ], [ 38.6873645, 8.9583674 ], [ 38.6869499, 8.9589574 ], [ 38.6859083, 8.9599987 ], [ 38.6781537, 8.9580395 ], [ 38.6748818, 8.9586978 ], [ 38.6726743, 8.9593681 ], [ 38.6680118, 8.9616698 ], [ 38.6661914, 8.9641267 ], [ 38.6646163, 8.966586 ], [ 38.6620072, 8.9725305 ], [ 38.6605005, 8.9747447 ], [ 38.6601505, 8.9762043 ], [ 38.6592009, 8.9812973 ], [ 38.6591364, 8.9831608 ], [ 38.6597476, 8.9909745 ], [ 38.6592607, 8.9944693 ], [ 38.661055, 9.0013865 ], [ 38.6626831, 9.0085445 ] ] ] } },
{ "type": "Feature", "properties": { "threshold_s": 900, "time_label": "15 min drive" }, "geometry": { "type": "Polygon", "coordinates": [ [ [ 38.6677046, 9.0206026 ], [ 38.6673797, 9.0328654 ], [ 38.6731223, 9.0357486 ], [ 38.6899947, 9.0353566 ], [ 38.6992861, 9.0349609 ], [ 38.7124322, 9.034344 ], [ 38.7140975, 9.0336022 ], [ 38.7228276, 9.0257726 ], [ 38.7328694, 9.0196525 ], [ 38.7410089, 9.0086816 ], [ 38.7426752, 9.00394 ], [ 38.743207, 9.0023614 ], [ 38.7449813, 8.9932408 ], [ 38.7468322, 8.9817306 ], [ 38.747011, 8.9682797 ], [ 38.7468503, 8.9662824 ], [ 38.7457092, 8.9611077 ], [ 38.7366879, 8.9478877 ], [ 38.7315049, 8.9417274 ], [ 38.7310267, 8.9413546 ], [ 38.725493899999989, 8.9381716 ], [ 38.7232054, 8.9371447 ], [ 38.7203398, 8.9360585 ], [ 38.7018118, 8.936607 ], [ 38.6983983, 8.9354585 ], [ 38.6831643, 8.940681 ], [ 38.6817489, 8.942167 ], [ 38.6802779, 8.943664 ], [ 38.6801187, 8.9442031 ], [ 38.6802028, 8.9447962 ], [ 38.6726743, 8.9593681 ], [ 38.6665157, 8.9610838 ], [ 38.6642035, 8.9613076 ], [ 38.6506212, 8.9648657 ], [ 38.648289, 8.9660699 ], [ 38.6432823, 8.9694817 ], [ 38.6412482, 8.9735783 ], [ 38.6470757, 8.9771918 ], [ 38.6599191, 8.9867243 ], [ 38.6556959, 8.9968087 ], [ 38.6536896, 8.9992141 ], [ 38.6571336, 9.0025919 ], [ 38.6628655, 9.0098147 ], [ 38.6677046, 9.0206026 ] ] ] } },
{ "type": "Feature", "properties": { "threshold_s": 300, "time_label": "5 min drive" }, "geometry": { "type": "Polygon", "coordinates": [ [ [ 38.6706948, 9.0052834 ], [ 38.6715893, 9.0062748 ], [ 38.6727937, 9.0073047 ], [ 38.6756422, 9.0085206 ], [ 38.6764991, 9.0088597 ], [ 38.6776533, 9.0091507 ], [ 38.6801456, 9.0097286 ], [ 38.6808071, 9.0092637 ], [ 38.681085, 9.0089975 ], [ 38.6816034, 9.0084663 ], [ 38.6834058, 9.007159 ], [ 38.6862168, 9.0060642 ], [ 38.6879017, 9.0081697 ], [ 38.6884108, 9.0080928 ], [ 38.6923666, 9.0089908 ], [ 38.694009, 9.0095748 ], [ 38.6944109, 9.009681 ], [ 38.6960193, 9.0096477 ], [ 38.6963214, 9.0092295 ], [ 38.6983661, 9.0059768 ], [ 38.698787, 9.0055672 ], [ 38.699031, 9.005326 ], [ 38.7005766, 9.003427 ], [ 38.7015789, 8.9996071 ], [ 38.7017368, 8.9991783 ], [ 38.7018995, 8.9987449 ], [ 38.7016295, 8.9965457 ], [ 38.699421, 8.9936747 ], [ 38.7000505, 8.9909529 ], [ 38.7015879, 8.9870318 ], [ 38.7022477, 8.9869998 ], [ 38.7024686, 8.9866885 ], [ 38.7027194, 8.9863378 ], [ 38.7023623, 8.9847406 ], [ 38.7017904, 8.9811693 ], [ 38.7004258, 8.9785816 ], [ 38.7000007, 8.9780884 ], [ 38.699438, 8.9776292 ], [ 38.6972304, 8.9779161 ], [ 38.6945919, 8.9775938 ], [ 38.6925575, 8.9766843 ], [ 38.6921799, 8.9764365 ], [ 38.6908113, 8.9771811 ], [ 38.6867959, 8.9771991 ], [ 38.6840387, 8.9784772 ], [ 38.6816757, 8.9800816 ], [ 38.6781567, 8.9814062 ], [ 38.6767739, 8.9819282 ], [ 38.6755979, 8.9823554 ], [ 38.6745934, 8.9828272 ], [ 38.673347, 8.9852031 ], [ 38.6721644, 8.9869708 ], [ 38.6712002, 8.9893959 ], [ 38.6703267, 8.9924575 ], [ 38.670083, 8.9934254 ], [ 38.6699851, 8.9951668 ], [ 38.6692264, 8.9976572 ], [ 38.6691036, 8.9996248 ], [ 38.6693142, 8.9999612 ], [ 38.6705742, 9.0027229 ], [ 38.6706331, 9.004384 ], [ 38.6706491, 9.0045966 ], [ 38.6706948, 9.0052834 ] ] ] } },
{ "type": "Feature", "properties": { "threshold_s": 600, "time_label": "10 min drive" }, "geometry": { "type": "Polygon", "coordinates": [ [ [ 38.6683244, 9.0228418 ], [ 38.6726515, 9.0280018 ], [ 38.6729117, 9.0281448 ], [ 38.6785665, 9.0266437 ], [ 38.6800209, 9.026276 ], [ 38.6860853, 9.0233237 ], [ 38.6914804, 9.0239537 ], [ 38.6921232, 9.0241199 ], [ 38.6929341, 9.0243616 ], [ 38.695504, 9.0247963 ], [ 38.698335, 9.0255349 ], [ 38.699715, 9.02457 ], [ 38.7074751, 9.020983 ], [ 38.7118016, 9.0222407 ], [ 38.7136447, 9.0204898 ], [ 38.7176073, 9.0129338 ], [ 38.7191807, 9.0122896 ], [ 38.7194847, 9.0121486 ], [ 38.7201735, 9.0095651 ], [ 38.7187191, 9.0029892 ], [ 38.7204782, 8.9947915 ], [ 38.7210613, 8.9911041 ], [ 38.7206632, 8.9879622 ], [ 38.7222695, 8.9802706 ], [ 38.7222955, 8.9784147 ], [ 38.7209871, 8.9709823 ], [ 38.7209743, 8.9694822 ], [ 38.7166624, 8.9652527 ], [ 38.7123412, 8.9626778 ], [ 38.7064034, 8.959663 ], [ 38.7027645, 8.9600065 ], [ 38.6958124, 8.9598689 ], [ 38.6883032, 8.9589866 ], [ 38.6869499, 8.9589574 ], [ 38.6859083, 8.9599987 ], [ 38.6854872, 8.9606094 ], [ 38.6851023, 8.9612095 ], [ 38.6846973, 8.9618334 ], [ 38.6761703, 8.9624234 ], [ 38.6708115, 8.9651943 ], [ 38.665312, 8.9695737 ], [ 38.6641884, 8.9708068 ], [ 38.6581496, 8.9760505 ], [ 38.6580764, 8.9769949 ], [ 38.6581723, 8.9794347 ], [ 38.6588786, 8.9823213 ], [ 38.6591364, 8.9831608 ], [ 38.6599191, 8.9867243 ], [ 38.6597476, 8.9909745 ], [ 38.6556959, 8.9968087 ], [ 38.6536896, 8.9992141 ], [ 38.6571336, 9.0025919 ], [ 38.6611086, 9.0062185 ], [ 38.6628655, 9.0098147 ], [ 38.6679003, 9.0164846 ], [ 38.6677543, 9.0181673 ], [ 38.6677046, 9.0206026 ], [ 38.6683244, 9.0228418 ] ] ] } },
{ "type": "Feature", "properties": { "threshold_s": 900, "time_label": "15 min drive" }, "geometry": { "type": "Polygon", "coordinates": [ [ [ 38.6673797, 9.0328654 ], [ 38.6746724, 9.0409686 ], [ 38.676438, 9.042549 ], [ 38.6889995, 9.0437271 ], [ 38.6906169, 9.0436503 ], [ 38.7097798, 9.0424827 ], [ 38.7102782, 9.0426265 ], [ 38.7180874, 9.0395235 ], [ 38.719085, 9.0379312 ], [ 38.7274925, 9.0263393 ], [ 38.7343705, 9.0215249 ], [ 38.7349056, 9.0212124 ], [ 38.7370291, 9.0178221 ], [ 38.74049, 9.0107113 ], [ 38.7387386, 8.9942276 ], [ 38.7392856, 8.9844684 ], [ 38.7403624, 8.9751762 ], [ 38.7401847, 8.9734854 ], [ 38.7400493, 8.9729126 ], [ 38.7388259, 8.969511 ], [ 38.7335671, 8.9563225 ], [ 38.732454, 8.9546242 ], [ 38.7243152, 8.945628 ], [ 38.7230194, 8.9449159 ], [ 38.718863399999989, 8.9440195 ], [ 38.7018977, 8.9432906 ], [ 38.6971387, 8.9407141 ], [ 38.6943345, 8.9403947 ], [ 38.6872833, 8.9418058 ], [ 38.6825252, 8.9458188 ], [ 38.6822155, 8.9467413 ], [ 38.6726743, 8.9593681 ], [ 38.6665157, 8.9610838 ], [ 38.6642035, 8.9613076 ], [ 38.6506212, 8.9648657 ], [ 38.6394242, 8.9690542 ], [ 38.6412482, 8.9735783 ], [ 38.6470757, 8.9771918 ], [ 38.6599191, 8.9867243 ], [ 38.6556959, 8.9968087 ], [ 38.6536896, 8.9992141 ], [ 38.6571336, 9.0025919 ], [ 38.6628655, 9.0098147 ], [ 38.6677046, 9.0206026 ], [ 38.6673797, 9.0328654 ] ] ] } },
{ "type": "Feature", "properties": { "threshold_s": 300, "time_label": "5 min drive" }, "geometry": { "type": "Polygon", "coordinates": [ [ [ 38.6645325, 9.0033071 ], [ 38.666921, 9.0079352 ], [ 38.6712961, 9.0111145 ], [ 38.6717089, 9.0121773 ], [ 38.6718187, 9.0124599 ], [ 38.672095, 9.0129603 ], [ 38.672799, 9.0135082 ], [ 38.6732114, 9.0137291 ], [ 38.6772168, 9.0156851 ], [ 38.6782848, 9.0158888 ], [ 38.6800851, 9.0119121 ], [ 38.6832798, 9.0113804 ], [ 38.6852123, 9.0110916 ], [ 38.689016, 9.0089067 ], [ 38.690471, 9.0076255 ], [ 38.694533, 9.0060516 ], [ 38.6947194, 9.0060185 ], [ 38.6953174, 9.0058974 ], [ 38.6975545, 9.0033402 ], [ 38.6986305, 9.0005729 ], [ 38.6986355, 8.9998225 ], [ 38.6985214, 8.9953161 ], [ 38.6980989, 8.9940998 ], [ 38.6963744, 8.9910169 ], [ 38.6981846, 8.9875973 ], [ 38.697276, 8.9827667 ], [ 38.6971002, 8.9827037 ], [ 38.6922684, 8.9813715 ], [ 38.6896298, 8.9807448 ], [ 38.6849219, 8.980362 ], [ 38.6816757, 8.9800816 ], [ 38.6781567, 8.9814062 ], [ 38.6755979, 8.9823554 ], [ 38.671875, 8.9837743 ], [ 38.671065, 8.985242 ], [ 38.6679679, 8.9890217 ], [ 38.6656664, 8.9910068 ], [ 38.6642401, 8.9938574 ], [ 38.6644346, 8.9955622 ], [ 38.6656496, 8.9981478 ], [ 38.6637484, 9.0014192 ], [ 38.6645325, 9.0033071 ] ] ] } },
{ "type": "Feature", "properties": { "threshold_s": 600, "time_label": "10 min drive" }, "geometry": { "type": "Polygon", "coordinates": [ [ [ 38.6717275, 9.0313395 ], [ 38.672010899999989, 9.0319637 ], [ 38.6723572, 9.0320775 ], [ 38.6732473, 9.03237 ], [ 38.6742727, 9.0321316 ], [ 38.6791261, 9.0289381 ], [ 38.6866049, 9.0290568 ], [ 38.6923355, 9.0248601 ], [ 38.6987292, 9.0218308 ], [ 38.7009367, 9.0202956 ], [ 38.7100294, 9.0196497 ], [ 38.7166243, 9.0108888 ], [ 38.7169937, 9.0107534 ], [ 38.7172582, 9.0090095 ], [ 38.7173478, 9.0050825 ], [ 38.717079, 8.9946365 ], [ 38.7174304, 8.9936497 ], [ 38.716821, 8.9911138 ], [ 38.7167119, 8.981834 ], [ 38.7171412, 8.9798381 ], [ 38.7160519, 8.9718082 ], [ 38.7142405, 8.9696599 ], [ 38.7097062, 8.9659719 ], [ 38.7067253, 8.9651509 ], [ 38.7064017, 8.9651625 ], [ 38.7047043, 8.9652116 ], [ 38.6946171, 8.9635231 ], [ 38.6862583, 8.9620348 ], [ 38.6846973, 8.9618334 ], [ 38.6761703, 8.9624234 ], [ 38.6708115, 8.9651943 ], [ 38.6645097, 8.9689408 ], [ 38.663847, 8.9694316 ], [ 38.6595002, 8.9730852 ], [ 38.65817280000001, 8.9743019 ], [ 38.6563826, 8.9760468 ], [ 38.6588786, 8.9823213 ], [ 38.6591364, 8.9831608 ], [ 38.6599191, 8.9867243 ], [ 38.6556959, 8.9968087 ], [ 38.6536896, 8.9992141 ], [ 38.6571336, 9.0025919 ], [ 38.6628655, 9.0098147 ], [ 38.6677543, 9.0181673 ], [ 38.6677046, 9.0206026 ], [ 38.6683244, 9.0228418 ], [ 38.6717275, 9.0313395 ] ] ] } },
{ "type": "Feature", "properties": { "threshold_s": 900, "time_label": "15 min drive" }, "geometry": { "type": "Polygon", "coordinates": [ [ [ 38.6673797, 9.0328654 ], [ 38.6746724, 9.0409686 ], [ 38.676438, 9.042549 ], [ 38.6814183, 9.0461415 ], [ 38.6845887, 9.0482041 ], [ 38.6871991, 9.0488798 ], [ 38.6993916, 9.041634 ], [ 38.7108962, 9.0388085 ], [ 38.7138967, 9.0380452 ], [ 38.7164375, 9.0373809 ], [ 38.7261953, 9.023023 ], [ 38.733193, 9.0177348 ], [ 38.7373792, 9.0111042 ], [ 38.7338063, 8.9959675 ], [ 38.7350062, 8.9861123 ], [ 38.7352525, 8.9782991 ], [ 38.7358658, 8.966419 ], [ 38.7355458, 8.9629714 ], [ 38.7314048, 8.9591639 ], [ 38.720328, 8.9485884 ], [ 38.7187487, 8.9483842 ], [ 38.7147032, 8.9481447 ], [ 38.7135835, 8.9481014 ], [ 38.6949904, 8.944641 ], [ 38.6914446, 8.9435926 ], [ 38.6899255, 8.9439482 ], [ 38.6870923, 8.9454386 ], [ 38.6853129, 8.9467298 ], [ 38.6819376, 8.9503397 ], [ 38.6810714, 8.9512916 ], [ 38.6665157, 8.9610838 ], [ 38.6642035, 8.9613076 ], [ 38.6459675, 8.9622574 ], [ 38.6394242, 8.9690542 ], [ 38.6412482, 8.9735783 ], [ 38.6470757, 8.9771918 ], [ 38.6599191, 8.9867243 ], [ 38.6556959, 8.9968087 ], [ 38.6536896, 8.9992141 ], [ 38.6571336, 9.0025919 ], [ 38.6628655, 9.0098147 ], [ 38.6677046, 9.0206026 ], [ 38.6673797, 9.0328654 ] ] ] } },
{ "type": "Feature", "properties": { "threshold_s": 300, "time_label": "5 min drive" }, "geometry": { "type": "Polygon", "coordinates": [ [ [ 38.6626831, 9.0085445 ], [ 38.6628655, 9.0098147 ], [ 38.6639424, 9.0100505 ], [ 38.6642481, 9.0100611 ], [ 38.6654735, 9.0098162 ], [ 38.6688339, 9.0129433 ], [ 38.6700216, 9.0143125 ], [ 38.6714983, 9.0165334 ], [ 38.6760016, 9.0169752 ], [ 38.6785175, 9.017517 ], [ 38.680119, 9.0167369 ], [ 38.6804611, 9.0162066 ], [ 38.6808255, 9.013893 ], [ 38.6832798, 9.0113804 ], [ 38.6852123, 9.0110916 ], [ 38.6883806, 9.0099695 ], [ 38.6892277, 9.0097295 ], [ 38.6929344, 9.007012 ], [ 38.6938746, 9.0036935 ], [ 38.6941238, 8.9992781 ], [ 38.6945879, 8.9980906 ], [ 38.693425, 8.9934553 ], [ 38.694444, 8.9894204 ], [ 38.6946698, 8.9885894 ], [ 38.6945321, 8.9873317 ], [ 38.6914706, 8.9854975 ], [ 38.6884399, 8.9842379 ], [ 38.6879535, 8.984052 ], [ 38.6843728, 8.9834736 ], [ 38.6827319, 8.983527 ], [ 38.6793549, 8.9823967 ], [ 38.6761921, 8.9823742 ], [ 38.6714638, 8.9834497 ], [ 38.6682316, 8.9863035 ], [ 38.6656979, 8.9872866 ], [ 38.6619669, 8.9890756 ], [ 38.66078, 8.9925269 ], [ 38.6610697, 8.9933435 ], [ 38.6616705, 8.9940787 ], [ 38.6644346, 8.9955622 ], [ 38.6656496, 8.9981478 ], [ 38.6626341, 9.0015813 ], [ 38.661055, 9.0013865 ], [ 38.6640912, 9.0059828 ], [ 38.663584299999989, 9.0066345 ], [ 38.6628802, 9.0074941 ], [ 38.6626831, 9.0085445 ] ] ] } },
{ "type": "Feature", "properties": { "threshold_s": 600, "time_label": "10 min drive" }, "geometry": { "type": "Polygon", "coordinates": [ [ [ 38.6683244, 9.0228418 ], [ 38.6673797, 9.0328654 ], [ 38.6740587, 9.0343337 ], [ 38.6747462, 9.0339577 ], [ 38.6761045, 9.0332416 ], [ 38.686719, 9.0308108 ], [ 38.6876531, 9.0302627 ], [ 38.6923355, 9.0248601 ], [ 38.6985362, 9.0213647 ], [ 38.708634, 9.0190644 ], [ 38.7093919, 9.0182672 ], [ 38.7097721, 9.0172191 ], [ 38.7149379, 9.00822 ], [ 38.7147282, 9.0064733 ], [ 38.7119771, 8.9987607 ], [ 38.7126667, 8.9941755 ], [ 38.7114795, 8.9928316 ], [ 38.713292, 8.9832159 ], [ 38.7132615, 8.9819225 ], [ 38.7110888, 8.9732445 ], [ 38.7101339, 8.9721143 ], [ 38.7080204, 8.9702957 ], [ 38.7070579, 8.9698531 ], [ 38.7058349, 8.9694123 ], [ 38.698344, 8.9679104 ], [ 38.6894201, 8.9656003 ], [ 38.6838296, 8.9638537 ], [ 38.6762472, 8.9638348 ], [ 38.6733901, 8.9645491 ], [ 38.6637048, 8.9688383 ], [ 38.6591526, 8.9710681 ], [ 38.6553955, 8.9741837 ], [ 38.6546917, 8.9762563 ], [ 38.6591364, 8.9831608 ], [ 38.6599191, 8.9867243 ], [ 38.6597476, 8.9909745 ], [ 38.6556959, 8.9968087 ], [ 38.6536896, 8.9992141 ], [ 38.6571336, 9.0025919 ], [ 38.6628655, 9.0098147 ], [ 38.6677543, 9.0181673 ], [ 38.6677046, 9.0206026 ], [ 38.6683244, 9.0228418 ] ] ] } },
{ "type": "Feature", "properties": { "threshold_s": 900, "time_label": "15 min drive" }, "geometry": { "type": "Polygon", "coordinates": [ [ [ 38.6673797, 9.0328654 ], [ 38.6746724, 9.0409686 ], [ 38.676438, 9.042549 ], [ 38.6852217, 9.0498367 ], [ 38.6860787, 9.0498525 ], [ 38.7002588, 9.0435801 ], [ 38.7163828, 9.0367836 ], [ 38.7173975, 9.0329228 ], [ 38.7236027, 9.0212865 ], [ 38.7299693, 9.0166185 ], [ 38.7300971, 9.016538 ], [ 38.7329321, 9.0116426 ], [ 38.7328906, 9.0112949 ], [ 38.7324871, 9.0079759 ], [ 38.7303544, 8.9902604 ], [ 38.7310499, 8.984891 ], [ 38.7322075, 8.9738249 ], [ 38.732098, 8.9645187 ], [ 38.73053, 8.9629873 ], [ 38.7258145, 8.9585262 ], [ 38.7157628, 8.9513855 ], [ 38.7148183, 8.9512485 ], [ 38.7132872, 8.9513143 ], [ 38.6989487, 8.9498696 ], [ 38.6935824, 8.9472032 ], [ 38.6919214, 8.946433 ], [ 38.6908438, 8.9461032 ], [ 38.6900688, 8.9461672 ], [ 38.6887037, 8.9467249 ], [ 38.687855, 8.9473099 ], [ 38.6856336, 8.9491568 ], [ 38.6844247, 8.9504159 ], [ 38.6837192, 8.9512406 ], [ 38.6726743, 8.9593681 ], [ 38.6642035, 8.9613076 ], [ 38.6459675, 8.9622574 ], [ 38.6394242, 8.9690542 ], [ 38.6412482, 8.9735783 ], [ 38.6470757, 8.9771918 ], [ 38.6599191, 8.9867243 ], [ 38.6556959, 8.9968087 ], [ 38.6536896, 8.9992141 ], [ 38.6571336, 9.0025919 ], [ 38.6628655, 9.0098147 ], [ 38.6677046, 9.0206026 ], [ 38.6673797, 9.0328654 ] ] ] } },
{ "type": "Feature", "properties": { "threshold_s": 300, "time_label": "5 min drive" }, "geometry": { "type": "Polygon", "coordinates": [ [ [ 38.674234, 9.0123407 ], [ 38.6772168, 9.0156851 ], [ 38.6782848, 9.0158888 ], [ 38.6836712, 9.0155211 ], [ 38.6843041, 9.0172537 ], [ 38.6848918, 9.0176547 ], [ 38.6865051, 9.0180547 ], [ 38.691832, 9.0191965 ], [ 38.6937927, 9.0193183 ], [ 38.6952505, 9.0187898 ], [ 38.6998364, 9.0189494 ], [ 38.6998947, 9.0189388 ], [ 38.7044491, 9.0175381 ], [ 38.7052331, 9.0139281 ], [ 38.7073941, 9.0090722 ], [ 38.708176, 9.0087312 ], [ 38.7103835, 9.0071457 ], [ 38.7104613, 9.0066437 ], [ 38.709931, 9.0030246 ], [ 38.7092958, 9.0011414 ], [ 38.7083081, 8.9961406 ], [ 38.704952, 8.9933951 ], [ 38.7040264, 8.9932012 ], [ 38.702251, 8.988118 ], [ 38.7022054, 8.9880768 ], [ 38.7001516, 8.9883822 ], [ 38.6992764, 8.9888062 ], [ 38.6985261, 8.9898886 ], [ 38.6981825, 8.9903799 ], [ 38.698214299999989, 8.9909724 ], [ 38.6973627, 8.9942562 ], [ 38.6953475, 8.9964028 ], [ 38.6951727, 8.9964815 ], [ 38.6947912, 8.9966628 ], [ 38.6944625, 8.9968365 ], [ 38.6893353, 8.995361 ], [ 38.6895916, 8.9941912 ], [ 38.6907094, 8.9902955 ], [ 38.6912374, 8.9896405 ], [ 38.6918943, 8.988866 ], [ 38.6895635, 8.9884026 ], [ 38.68792, 8.9884675 ], [ 38.6835474, 8.9914426 ], [ 38.6831443, 8.9917073 ], [ 38.6826553, 8.9920913 ], [ 38.6797634, 8.9950471 ], [ 38.6766865, 8.995745 ], [ 38.6753337, 8.9957052 ], [ 38.671832, 8.9970326 ], [ 38.670528, 8.9980795 ], [ 38.6703879, 8.9987531 ], [ 38.6700539, 9.0005157 ], [ 38.6706948, 9.0052834 ], [ 38.6703271, 9.0072208 ], [ 38.6703442, 9.0075278 ], [ 38.6712467, 9.0086473 ], [ 38.674234, 9.0123407 ] ] ] } },
{ "type": "Feature", "properties": { "threshold_s": 600, "time_label": "10 min drive" }, "geometry": { "type": "Polygon", "coordinates": [ [ [ 38.6717275, 9.0313395 ], [ 38.672010899999989, 9.0319637 ], [ 38.6723572, 9.0320775 ], [ 38.6732473, 9.03237 ], [ 38.6844006, 9.0335746 ], [ 38.6853652, 9.0344468 ], [ 38.6887923, 9.0359366 ], [ 38.6891484, 9.035942 ], [ 38.692354, 9.0351618 ], [ 38.7007892, 9.0340454 ], [ 38.7098627, 9.0328171 ], [ 38.7131922, 9.0332514 ], [ 38.7145042, 9.0321716 ], [ 38.7145661, 9.031372 ], [ 38.7145907, 9.0310287 ], [ 38.7146084, 9.0306771 ], [ 38.7146264, 9.0303259 ], [ 38.7147073, 9.0292698 ], [ 38.7147665, 9.0283196 ], [ 38.714852, 9.0268221 ], [ 38.7148898, 9.0260835 ], [ 38.7224159, 9.0183739 ], [ 38.7238495, 9.0172958 ], [ 38.7253341, 9.0162467 ], [ 38.7286933, 9.0122012 ], [ 38.7288505, 9.0086624 ], [ 38.7190564, 9.0070821 ], [ 38.7189773, 9.0029713 ], [ 38.7209133, 8.9995602 ], [ 38.7218685, 8.9986844 ], [ 38.7231459, 8.9971346 ], [ 38.7240402, 8.9964315 ], [ 38.7241982, 8.992522 ], [ 38.724335, 8.9912776 ], [ 38.7245401, 8.9900158 ], [ 38.724852, 8.9872973 ], [ 38.7248034, 8.987239 ], [ 38.7210687, 8.9860138 ], [ 38.7196767, 8.9859327 ], [ 38.7097199, 8.982062 ], [ 38.7087983, 8.9789035 ], [ 38.7087125, 8.9768225 ], [ 38.7079365, 8.9746578 ], [ 38.7078233, 8.9742831 ], [ 38.7053986, 8.9729027 ], [ 38.6986743, 8.9714317 ], [ 38.6904672, 8.9703153 ], [ 38.6846337, 8.9698929 ], [ 38.6834595, 8.9706132 ], [ 38.6796791, 8.9728095 ], [ 38.6721526, 8.9785804 ], [ 38.6702219, 8.979139 ], [ 38.6681875, 8.979604 ], [ 38.6676757, 8.9796943 ], [ 38.6595415, 8.9806924 ], [ 38.6592009, 8.9812973 ], [ 38.6588786, 8.9823213 ], [ 38.6591364, 8.9831608 ], [ 38.6599191, 8.9867243 ], [ 38.6556959, 8.9968087 ], [ 38.6536896, 8.9992141 ], [ 38.6571336, 9.0025919 ], [ 38.6628655, 9.0098147 ], [ 38.6677543, 9.0181673 ], [ 38.6677046, 9.0206026 ], [ 38.6683244, 9.0228418 ], [ 38.6717275, 9.0313395 ] ] ] } },
{ "type": "Feature", "properties": { "threshold_s": 900, "time_label": "15 min drive" }, "geometry": { "type": "Polygon", "coordinates": [ [ [ 38.6673797, 9.0328654 ], [ 38.6746724, 9.0409686 ], [ 38.676438, 9.042549 ], [ 38.6794643, 9.0446396 ], [ 38.6852217, 9.0498367 ], [ 38.6910956, 9.0518485 ], [ 38.6931743, 9.0507382 ], [ 38.7041849, 9.0509207 ], [ 38.7057278, 9.0517604 ], [ 38.7075283, 9.0521676 ], [ 38.7087084, 9.052304 ], [ 38.7111893, 9.0524153 ], [ 38.7166867, 9.0508618 ], [ 38.7236188, 9.047764 ], [ 38.7262119, 9.0451277 ], [ 38.7287637, 9.041445 ], [ 38.7304449, 9.0371184 ], [ 38.738425, 9.0304177 ], [ 38.7396277, 9.0298344 ], [ 38.743086, 9.0284969 ], [ 38.7431722, 9.0283607 ], [ 38.7466965, 9.0189733 ], [ 38.7498254, 9.0140209 ], [ 38.7499394, 9.0114004 ], [ 38.7484802, 9.0054785 ], [ 38.7470486, 9.0019362 ], [ 38.7448708, 8.9961526 ], [ 38.7412354, 8.9862099 ], [ 38.7405449, 8.9819251 ], [ 38.7400372, 8.9805206 ], [ 38.7397105, 8.9799074 ], [ 38.7383627, 8.9785833 ], [ 38.7310847, 8.9722338 ], [ 38.7281743, 8.9649549 ], [ 38.7231038, 8.9613597 ], [ 38.7214727, 8.9607792 ], [ 38.714075, 8.9548655 ], [ 38.7139443, 8.9548284 ], [ 38.7127281, 8.9547367 ], [ 38.7120212, 8.9546961 ], [ 38.7079386, 8.9550552 ], [ 38.6988366, 8.9558615 ], [ 38.6969256, 8.9538761 ], [ 38.6912902, 8.9522753 ], [ 38.691034, 8.9526927 ], [ 38.6906623, 8.9532953 ], [ 38.6898505, 8.9545177 ], [ 38.6894388, 8.9551593 ], [ 38.6890337, 8.9557908 ], [ 38.6882389, 8.9569922 ], [ 38.6781537, 8.9580395 ], [ 38.6748818, 8.9586978 ], [ 38.6726743, 8.9593681 ], [ 38.6665157, 8.9610838 ], [ 38.6640136, 8.9619068 ], [ 38.6559536, 8.9655129 ], [ 38.6541805, 8.9664143 ], [ 38.647432, 8.9716747 ], [ 38.6470265, 8.9748942 ], [ 38.6470757, 8.9771918 ], [ 38.6552121, 8.9784327 ], [ 38.6591364, 8.9831608 ], [ 38.6599191, 8.9867243 ], [ 38.6597476, 8.9909745 ], [ 38.6556959, 8.9968087 ], [ 38.6536896, 8.9992141 ], [ 38.6571336, 9.0025919 ], [ 38.6628655, 9.0098147 ], [ 38.6677543, 9.0181673 ], [ 38.6677046, 9.0206026 ], [ 38.6683244, 9.0228418 ], [ 38.6673797, 9.0328654 ] ] ] } },
{ "type": "Feature", "properties": { "threshold_s": 300, "time_label": "5 min drive" }, "geometry": { "type": "Polygon", "coordinates": [ [ [ 38.6773896, 9.0122003 ], [ 38.6779194, 9.0131579 ], [ 38.6786784, 9.013297 ], [ 38.6800851, 9.0119121 ], [ 38.6827653, 9.014603 ], [ 38.6839226, 9.0168103 ], [ 38.6846636, 9.0177257 ], [ 38.6865051, 9.0180547 ], [ 38.6883619, 9.017966 ], [ 38.691832, 9.0191965 ], [ 38.6937927, 9.0193183 ], [ 38.6970167, 9.0193821 ], [ 38.6986327, 9.0199912 ], [ 38.7006859, 9.0195329 ], [ 38.7008321, 9.0194746 ], [ 38.7044491, 9.0175381 ], [ 38.7056561, 9.0176607 ], [ 38.7065332, 9.0178891 ], [ 38.7054921, 9.0149443 ], [ 38.7070736, 9.0136811 ], [ 38.7066669, 9.0127125 ], [ 38.7073941, 9.0090722 ], [ 38.708176, 9.0087312 ], [ 38.7085623, 9.0086226 ], [ 38.7089727, 9.0084318 ], [ 38.7102614, 9.0078411 ], [ 38.7129389, 9.007563 ], [ 38.7143062, 9.007963 ], [ 38.7144537, 9.0080186 ], [ 38.7145697, 9.0075405 ], [ 38.71392, 9.0071185 ], [ 38.7114443, 9.004792 ], [ 38.7103482, 9.0016301 ], [ 38.7119771, 8.9987607 ], [ 38.7109765, 8.9958023 ], [ 38.7116758, 8.9942726 ], [ 38.710539, 8.9935938 ], [ 38.7080921, 8.9923144 ], [ 38.706843, 8.991235 ], [ 38.7060199, 8.9909688 ], [ 38.705808, 8.9909047 ], [ 38.7054716, 8.9908071 ], [ 38.7032283, 8.9884006 ], [ 38.7032445, 8.9867843 ], [ 38.7024686, 8.9866885 ], [ 38.7018095, 8.986695 ], [ 38.7012382, 8.9867738 ], [ 38.7005572, 8.9868598 ], [ 38.7000203, 8.9878052 ], [ 38.6992764, 8.9888062 ], [ 38.6985261, 8.9898886 ], [ 38.6981825, 8.9903799 ], [ 38.698214299999989, 8.9909724 ], [ 38.6981352, 8.9929925 ], [ 38.6973627, 8.9942562 ], [ 38.6954675, 8.9963489 ], [ 38.6953475, 8.9964028 ], [ 38.6951727, 8.9964815 ], [ 38.6947912, 8.9966628 ], [ 38.6944625, 8.9968365 ], [ 38.6924145, 8.9984971 ], [ 38.6922561, 8.9985884 ], [ 38.6916993, 8.9988334 ], [ 38.6892435, 8.9957267 ], [ 38.6893353, 8.995361 ], [ 38.690739, 8.9935738 ], [ 38.6907094, 8.9902955 ], [ 38.6931508, 8.9892387 ], [ 38.6931132, 8.9890707 ], [ 38.6928225, 8.9877806 ], [ 38.689723, 8.9868862 ], [ 38.6874747, 8.9870462 ], [ 38.6873911, 8.987283 ], [ 38.6852999, 8.9895332 ], [ 38.6834986, 8.9899394 ], [ 38.68253, 8.9900139 ], [ 38.6813116, 8.9908937 ], [ 38.6809964, 8.99233 ], [ 38.6805002, 8.9939945 ], [ 38.6800161, 8.9958013 ], [ 38.679908, 8.9979368 ], [ 38.6770873, 8.9991549 ], [ 38.6762298, 8.9988334 ], [ 38.6750051, 8.9996314 ], [ 38.6741824, 9.001071 ], [ 38.6745215, 9.0033598 ], [ 38.6746008, 9.006157 ], [ 38.6745972, 9.0066055 ], [ 38.6746039, 9.0067207 ], [ 38.6752425, 9.0080041 ], [ 38.6773414, 9.011424 ], [ 38.6773601, 9.011644 ], [ 38.6773866, 9.0120954 ], [ 38.6773896, 9.0122003 ] ] ] } },
{ "type": "Feature", "properties": { "threshold_s": 600, "time_label": "10 min drive" }, "geometry": { "type": "Polygon", "coordinates": [ [ [ 38.6722922, 9.028514 ], [ 38.6730203, 9.0297289 ], [ 38.6800268, 9.0289688 ], [ 38.6822301, 9.0308154 ], [ 38.6846182, 9.0343871 ], [ 38.6871175, 9.0355082 ], [ 38.6893093, 9.0365141 ], [ 38.692354, 9.0351618 ], [ 38.6981419, 9.036191 ], [ 38.6990927, 9.0360996 ], [ 38.7022577, 9.0341348 ], [ 38.7098812, 9.034743 ], [ 38.7108341, 9.0353166 ], [ 38.712082, 9.0353662 ], [ 38.7136276, 9.0344599 ], [ 38.7148453, 9.0337171 ], [ 38.7145907, 9.0310287 ], [ 38.7146084, 9.0306771 ], [ 38.7146264, 9.0303259 ], [ 38.7147073, 9.0292698 ], [ 38.7147665, 9.0283196 ], [ 38.714852, 9.0268221 ], [ 38.7186989, 9.0216699 ], [ 38.7219605, 9.02151 ], [ 38.723069, 9.0214905 ], [ 38.7240292, 9.02006 ], [ 38.7300971, 9.016538 ], [ 38.7329321, 9.0116426 ], [ 38.7328906, 9.0112949 ], [ 38.7321313, 9.0082453 ], [ 38.7320933, 9.0081855 ], [ 38.7306127, 9.0059152 ], [ 38.7304762, 9.0056722 ], [ 38.7285474, 9.0064755 ], [ 38.7284978, 9.0065722 ], [ 38.726517, 9.0109459 ], [ 38.7201735, 9.0095651 ], [ 38.7197471, 9.0087074 ], [ 38.7199702, 9.0042617 ], [ 38.7236724, 8.9987142 ], [ 38.7243548, 8.9985074 ], [ 38.7256919, 8.9982672 ], [ 38.7280187, 8.995746 ], [ 38.7276412, 8.988525 ], [ 38.7277318, 8.9862346 ], [ 38.727719, 8.9851527 ], [ 38.7269875, 8.9842571 ], [ 38.7269208, 8.9842288 ], [ 38.7240083, 8.9841278 ], [ 38.7189652, 8.9832542 ], [ 38.7184726, 8.9834798 ], [ 38.7109859, 8.9807275 ], [ 38.7103994, 8.9782695 ], [ 38.7097858, 8.9738359 ], [ 38.709632, 8.973171 ], [ 38.706686, 8.9716271 ], [ 38.7047663, 8.9713588 ], [ 38.6986707, 8.9692012 ], [ 38.6978312, 8.9693635 ], [ 38.6917762, 8.9693422 ], [ 38.6893995, 8.9684952 ], [ 38.6866049, 8.9683106 ], [ 38.6834991, 8.9686877 ], [ 38.6815953, 8.9697844 ], [ 38.6762821, 8.9745044 ], [ 38.6705879, 8.9781158 ], [ 38.6678302, 8.9793765 ], [ 38.6668356, 8.9798368 ], [ 38.6661801, 8.9823745 ], [ 38.6610058, 8.9860718 ], [ 38.6608989, 8.9861279 ], [ 38.6599191, 8.9867243 ], [ 38.6597476, 8.9909745 ], [ 38.6571979, 8.9981492 ], [ 38.6564447, 8.9994631 ], [ 38.6563329, 8.9997596 ], [ 38.6566052, 9.0007335 ], [ 38.6571336, 9.0025919 ], [ 38.6611086, 9.0062185 ], [ 38.6628655, 9.0098147 ], [ 38.6639424, 9.0100505 ], [ 38.6679003, 9.0164846 ], [ 38.6677543, 9.0181673 ], [ 38.6677046, 9.0206026 ], [ 38.6683244, 9.0228418 ], [ 38.6722922, 9.028514 ] ] ] } },
{ "type": "Feature", "properties": { "threshold_s": 900, "time_label": "15 min drive" }, "geometry": { "type": "Polygon", "coordinates": [ [ [ 38.6673797, 9.0328654 ], [ 38.6746724, 9.0409686 ], [ 38.676438, 9.042549 ], [ 38.6794643, 9.0446396 ], [ 38.6852217, 9.0498367 ], [ 38.691176, 9.0519428 ], [ 38.6932593, 9.0510511 ], [ 38.7021819, 9.0503737 ], [ 38.7078032, 9.0538893 ], [ 38.7125325, 9.0549012 ], [ 38.7133989, 9.0548277 ], [ 38.7159088, 9.0528119 ], [ 38.7242559, 9.0489294 ], [ 38.726934, 9.0470905 ], [ 38.7300685, 9.0433154 ], [ 38.7307241, 9.0417843 ], [ 38.7345023, 9.0349672 ], [ 38.7393285, 9.0329944 ], [ 38.7414978, 9.0321403 ], [ 38.745241, 9.0302293 ], [ 38.7452999, 9.0301931 ], [ 38.7470674, 9.0281647 ], [ 38.7494123, 9.0211759 ], [ 38.7526404, 9.0171476 ], [ 38.7553236, 9.0121104 ], [ 38.755338, 9.0119598 ], [ 38.754098, 9.0095758 ], [ 38.7508607, 9.0022828 ], [ 38.7485497, 8.994479 ], [ 38.7441847, 8.9862839 ], [ 38.7440985, 8.9823436 ], [ 38.7441784, 8.9813318 ], [ 38.7412303, 8.9771054 ], [ 38.7379177, 8.975337 ], [ 38.7314455, 8.9679401 ], [ 38.7302265, 8.9642944 ], [ 38.7244315, 8.9599477 ], [ 38.7224926, 8.9594312 ], [ 38.7155355, 8.9529384 ], [ 38.714506, 8.9529219 ], [ 38.7070978, 8.9545752 ], [ 38.6972613, 8.9539438 ], [ 38.696271, 8.9522909 ], [ 38.6957192, 8.9520853 ], [ 38.6900183, 8.9514317 ], [ 38.6890337, 8.9557908 ], [ 38.6882389, 8.9569922 ], [ 38.6781537, 8.9580395 ], [ 38.6748818, 8.9586978 ], [ 38.6726743, 8.9593681 ], [ 38.6642035, 8.9613076 ], [ 38.6594785, 8.9648392 ], [ 38.6554316, 8.9680112 ], [ 38.6498983, 8.972769 ], [ 38.6496073, 8.9757151 ], [ 38.652366, 8.9767575 ], [ 38.6591364, 8.9831608 ], [ 38.6599191, 8.9867243 ], [ 38.6597476, 8.9909745 ], [ 38.6556959, 8.9968087 ], [ 38.6536896, 8.9992141 ], [ 38.6571336, 9.0025919 ], [ 38.6628655, 9.0098147 ], [ 38.6677543, 9.0181673 ], [ 38.6677046, 9.0206026 ], [ 38.6683244, 9.0228418 ], [ 38.6673797, 9.0328654 ] ] ] } },
{ "type": "Feature", "properties": { "threshold_s": 300, "time_label": "5 min drive" }, "geometry": { "type": "Polygon", "coordinates": [ [ [ 38.7009155, 9.0178795 ], [ 38.7046482, 9.0218846 ], [ 38.7048834, 9.0218009 ], [ 38.7052893, 9.0216845 ], [ 38.7062953, 9.0214743 ], [ 38.7074751, 9.020983 ], [ 38.7114282, 9.0244084 ], [ 38.7114146, 9.0246956 ], [ 38.7150309, 9.0279479 ], [ 38.7172966, 9.0280012 ], [ 38.7201172, 9.0278329 ], [ 38.7254763, 9.026717 ], [ 38.7284957, 9.0242541 ], [ 38.7290074, 9.0236309 ], [ 38.7343705, 9.0215249 ], [ 38.7362461, 9.0176154 ], [ 38.7367628, 9.0165193 ], [ 38.7378143, 9.013647 ], [ 38.74049, 9.0107113 ], [ 38.7377467, 9.0068007 ], [ 38.7359355, 9.0037336 ], [ 38.7346404, 9.0011646 ], [ 38.7325948, 9.0017547 ], [ 38.732501, 9.001813 ], [ 38.730182, 9.0046135 ], [ 38.7292146, 9.0052443 ], [ 38.7285474, 9.0064755 ], [ 38.7284978, 9.0065722 ], [ 38.726517, 9.0109459 ], [ 38.7225071, 9.0114307 ], [ 38.7197143, 9.0079515 ], [ 38.7199702, 9.0042617 ], [ 38.7224929, 8.9990797 ], [ 38.7236724, 8.9987142 ], [ 38.7243548, 8.9985074 ], [ 38.7256919, 8.9982672 ], [ 38.7258428, 8.9978506 ], [ 38.7259, 8.9976253 ], [ 38.725977, 8.9973217 ], [ 38.7251719, 8.9968107 ], [ 38.7229228, 8.9956298 ], [ 38.7190226, 8.9938704 ], [ 38.7171828, 8.9925972 ], [ 38.71692, 8.9926857 ], [ 38.7141587, 8.9943481 ], [ 38.7133956, 8.995031 ], [ 38.7131599, 8.9953109 ], [ 38.7129289, 8.9956126 ], [ 38.7129463, 8.9959795 ], [ 38.7142567, 8.9991486 ], [ 38.7143733, 9.0001679 ], [ 38.7142619, 9.0021177 ], [ 38.7091709, 9.0034318 ], [ 38.7083584, 9.0030078 ], [ 38.7073807, 9.0024408 ], [ 38.7069009, 9.0022961 ], [ 38.7062877, 9.0026329 ], [ 38.7040655, 9.0039244 ], [ 38.7035103, 9.0049231 ], [ 38.7040506, 9.0066092 ], [ 38.7043365, 9.0079227 ], [ 38.7034982, 9.0135973 ], [ 38.7010816, 9.0148619 ], [ 38.7000013, 9.0152659 ], [ 38.6998284, 9.0153872 ], [ 38.6996707, 9.0155123 ], [ 38.7009155, 9.0178795 ] ] ] } },
{ "type": "Feature", "properties": { "threshold_s": 600, "time_label": "10 min drive" }, "geometry": { "type": "Polygon", "coordinates": [ [ [ 38.6830037, 9.02673 ], [ 38.687049, 9.0318246 ], [ 38.689595, 9.0332017 ], [ 38.6895776, 9.0329937 ], [ 38.6893599, 9.0321662 ], [ 38.6898751, 9.0293634 ], [ 38.6979978, 9.0302365 ], [ 38.6977574, 9.0316357 ], [ 38.6990927, 9.0360996 ], [ 38.6993715, 9.0384536 ], [ 38.7034614, 9.0423153 ], [ 38.7053608, 9.0451838 ], [ 38.7097364, 9.0472302 ], [ 38.7126895, 9.0491096 ], [ 38.7149379, 9.0489904 ], [ 38.7215388, 9.046364 ], [ 38.7234619, 9.0463773 ], [ 38.7247266, 9.0465336 ], [ 38.7322529, 9.0461107 ], [ 38.7370621, 9.0401366 ], [ 38.7424476, 9.0374529 ], [ 38.7497395, 9.0355378 ], [ 38.7499915, 9.0355127 ], [ 38.75095, 9.0327385 ], [ 38.7518743, 9.0302856 ], [ 38.7521793, 9.0286187 ], [ 38.7555976, 9.0217609 ], [ 38.7586505, 9.0180415 ], [ 38.7587022, 9.0179263 ], [ 38.7601319, 9.011234 ], [ 38.7574893, 9.0040118 ], [ 38.7567516, 9.0025752 ], [ 38.7555028, 8.9954064 ], [ 38.7549379, 8.9937011 ], [ 38.7540741, 8.9921168 ], [ 38.7486724, 8.9867226 ], [ 38.7472062, 8.9855176 ], [ 38.7405449, 8.9819251 ], [ 38.7387747, 8.9814628 ], [ 38.7314905, 8.9788451 ], [ 38.7298778, 8.9785114 ], [ 38.7235953, 8.9753351 ], [ 38.7215597, 8.9751549 ], [ 38.7160642, 8.9768272 ], [ 38.7156282, 8.9769945 ], [ 38.7149449, 8.9784069 ], [ 38.7145168, 8.9799282 ], [ 38.7135505, 8.9817436 ], [ 38.7079881, 8.9867618 ], [ 38.7059584, 8.9856269 ], [ 38.7053044, 8.9852953 ], [ 38.7037356, 8.9846857 ], [ 38.7021218, 8.9840129 ], [ 38.700637, 8.9836709 ], [ 38.696998, 8.982828 ], [ 38.6984945, 8.9856619 ], [ 38.6981825, 8.9903799 ], [ 38.698214299999989, 8.9909724 ], [ 38.6973627, 8.9942562 ], [ 38.6893744, 8.9942838 ], [ 38.6877874, 8.9951306 ], [ 38.6868498, 8.9967872 ], [ 38.6827111, 9.0024887 ], [ 38.681885, 9.0032965 ], [ 38.6810173, 9.0040873 ], [ 38.6806664, 9.0044762 ], [ 38.680395, 9.0049284 ], [ 38.6800356, 9.0058304 ], [ 38.6797031, 9.0069358 ], [ 38.6801107, 9.0078014 ], [ 38.6810702, 9.009539 ], [ 38.6805185, 9.016683 ], [ 38.6799441, 9.0179315 ], [ 38.6801296, 9.0212648 ], [ 38.6827114, 9.0262422 ], [ 38.6830037, 9.02673 ] ] ] } },
{ "type": "Feature", "properties": { "threshold_s": 900, "time_label": "15 min drive" }, "geometry": { "type": "Polygon", "coordinates": [ [ [ 38.6673797, 9.0328654 ], [ 38.6746724, 9.0409686 ], [ 38.6794643, 9.0446396 ], [ 38.6852217, 9.0498367 ], [ 38.6916483, 9.0552538 ], [ 38.696339, 9.0593815 ], [ 38.7046053, 9.0657577 ], [ 38.7059357, 9.0659722 ], [ 38.717952, 9.0690613 ], [ 38.7183242, 9.0691898 ], [ 38.7187151, 9.0692712 ], [ 38.7191013, 9.0693507 ], [ 38.728247, 9.0658195 ], [ 38.7386954, 9.063155 ], [ 38.7419798, 9.0625773 ], [ 38.742487, 9.0623012 ], [ 38.7449891, 9.0606281 ], [ 38.7537123, 9.0544042 ], [ 38.7575429, 9.0527258 ], [ 38.7586062, 9.0517882 ], [ 38.7589215, 9.0514108 ], [ 38.7644759, 9.0426916 ], [ 38.7690897, 9.034443 ], [ 38.7696665, 9.0317334 ], [ 38.7766007, 9.0235376 ], [ 38.7766472, 9.0235001 ], [ 38.7793942, 9.0198778 ], [ 38.7834846, 9.01484 ], [ 38.7834729, 9.0142678 ], [ 38.7816243, 9.0021541 ], [ 38.7747749, 8.9936803 ], [ 38.7719503, 8.9903067 ], [ 38.7662418, 8.9812714 ], [ 38.7631592, 8.9740794 ], [ 38.7518933, 8.9676702 ], [ 38.7487124, 8.9653973 ], [ 38.7439679, 8.9641027 ], [ 38.732747, 8.9604117 ], [ 38.7273609, 8.9586358 ], [ 38.7219994, 8.9581393 ], [ 38.7200544, 8.9579995 ], [ 38.7135389, 8.958914 ], [ 38.7116689, 8.960046 ], [ 38.7033087, 8.9659459 ], [ 38.6986901, 8.9671433 ], [ 38.6899719, 8.9679391 ], [ 38.6833678, 8.9701784 ], [ 38.6805524, 8.9714571 ], [ 38.6796791, 8.9728095 ], [ 38.6795562, 8.9730167 ], [ 38.6776088, 8.9765588 ], [ 38.6745934, 8.9828272 ], [ 38.6650782, 8.9902412 ], [ 38.6639614, 8.9920337 ], [ 38.6626341, 9.0015813 ], [ 38.6611086, 9.0062185 ], [ 38.6628655, 9.0098147 ], [ 38.6677046, 9.0206026 ], [ 38.6673797, 9.0328654 ] ] ] } },
{ "type": "Feature", "properties": { "threshold_s": 300, "time_label": "5 min drive" }, "geometry": { "type": "Polygon", "coordinates": [ [ [ 38.726517, 9.0109459 ], [ 38.7264124, 9.0111896 ], [ 38.7281746, 9.0128188 ], [ 38.7286933, 9.0122012 ], [ 38.7321181, 9.0117201 ], [ 38.7344752, 9.0132766 ], [ 38.7340651, 9.01539 ], [ 38.7337296, 9.0158558 ], [ 38.7328946, 9.0164885 ], [ 38.7350467, 9.0183193 ], [ 38.7382597, 9.0172401 ], [ 38.7420372, 9.0182645 ], [ 38.7445428, 9.0193766 ], [ 38.744642, 9.0193753 ], [ 38.7466965, 9.0189733 ], [ 38.7489256, 9.016903 ], [ 38.7514878, 9.0159781 ], [ 38.7516063, 9.015912 ], [ 38.7517117, 9.0142593 ], [ 38.7542984, 9.0119961 ], [ 38.7543154, 9.0118417 ], [ 38.7543659, 9.0086832 ], [ 38.7553898, 9.007956 ], [ 38.7560328, 9.0070649 ], [ 38.7574893, 9.0040118 ], [ 38.756726, 9.003154 ], [ 38.7564906, 9.0000924 ], [ 38.756643, 8.9997752 ], [ 38.756739, 8.9994996 ], [ 38.7568953, 8.999106 ], [ 38.7567027, 8.9978781 ], [ 38.7580262, 8.9952112 ], [ 38.7586913, 8.9945654 ], [ 38.7574351, 8.9915752 ], [ 38.7571619, 8.989874 ], [ 38.7548143, 8.9888788 ], [ 38.753266, 8.9884972 ], [ 38.7507597, 8.986419 ], [ 38.7506529, 8.9845084 ], [ 38.749979, 8.9842547 ], [ 38.7470775, 8.9834876 ], [ 38.7469304, 8.9835016 ], [ 38.746394, 8.983574 ], [ 38.7461868, 8.9836034 ], [ 38.7456487, 8.9836676 ], [ 38.7454385, 8.9836801 ], [ 38.745361, 8.9836846 ], [ 38.7451237, 8.9837035 ], [ 38.7414242, 8.982242 ], [ 38.7400372, 8.9805206 ], [ 38.7374089, 8.9804003 ], [ 38.7347433, 8.9809237 ], [ 38.7315756, 8.9815369 ], [ 38.7308031, 8.9825199 ], [ 38.7294062, 8.9852885 ], [ 38.7288019, 8.986354 ], [ 38.7279703, 8.9889108 ], [ 38.7256426, 8.9913092 ], [ 38.7255622, 8.9913882 ], [ 38.7250394, 8.9949559 ], [ 38.7242852, 8.9953717 ], [ 38.7235325, 8.9981853 ], [ 38.7236724, 8.9987142 ], [ 38.7268985, 8.9991841 ], [ 38.7274674, 8.99912 ], [ 38.7289264, 8.9982376 ], [ 38.7302594, 8.9977804 ], [ 38.7307139, 8.9976947 ], [ 38.7308209, 8.9976433 ], [ 38.7316547, 8.9970266 ], [ 38.7344089, 8.9966973 ], [ 38.7353683, 9.0005664 ], [ 38.7346404, 9.0011646 ], [ 38.7325948, 9.0017547 ], [ 38.732501, 9.001813 ], [ 38.730182, 9.0046135 ], [ 38.7292146, 9.0052443 ], [ 38.7285474, 9.0064755 ], [ 38.7284978, 9.0065722 ], [ 38.7287807, 9.0080888 ], [ 38.726517, 9.0109459 ] ] ] } },
{ "type": "Feature", "properties": { "threshold_s": 600, "time_label": "10 min drive" }, "geometry": { "type": "Polygon", "coordinates": [ [ [ 38.715158, 9.0253611 ], [ 38.7160868, 9.0265435 ], [ 38.7175455, 9.02765 ], [ 38.7240481, 9.0323706 ], [ 38.7303125, 9.0379752 ], [ 38.7318606, 9.038726 ], [ 38.7349404, 9.0377062 ], [ 38.7421026, 9.038028 ], [ 38.7486231, 9.0373188 ], [ 38.7525067, 9.0361058 ], [ 38.753972, 9.0355871 ], [ 38.7550527, 9.0350946 ], [ 38.7558521, 9.0318884 ], [ 38.76061210000001, 9.0274013 ], [ 38.7624111, 9.0266163 ], [ 38.7681837, 9.0238363 ], [ 38.7727337, 9.0165182 ], [ 38.7744038, 9.0122967 ], [ 38.774881, 9.0108722 ], [ 38.7759286, 9.0076709 ], [ 38.7747095, 9.005959 ], [ 38.7734899, 9.0014308 ], [ 38.7758743, 8.9963788 ], [ 38.7763041, 8.9957546 ], [ 38.778576, 8.992462 ], [ 38.7779845, 8.9920851 ], [ 38.7764195, 8.9911022 ], [ 38.7740997, 8.9833243 ], [ 38.7740695, 8.9819107 ], [ 38.7739642, 8.9812409 ], [ 38.7733878, 8.9804854 ], [ 38.7728924, 8.9803205 ], [ 38.7716464, 8.9803346 ], [ 38.7708268, 8.9803929 ], [ 38.7648311, 8.9747519 ], [ 38.7652743, 8.9732919 ], [ 38.76242, 8.9685074 ], [ 38.7547929, 8.9669695 ], [ 38.7534571, 8.9661481 ], [ 38.7499458, 8.9633729 ], [ 38.748499099999989, 8.9624584 ], [ 38.7442578, 8.9623914 ], [ 38.7432107, 8.962398 ], [ 38.7352973, 8.9619756 ], [ 38.732786, 8.9611908 ], [ 38.7319121, 8.9616319 ], [ 38.7310109, 8.9625272 ], [ 38.73053, 8.9629873 ], [ 38.7260745, 8.9664712 ], [ 38.7215828, 8.9686573 ], [ 38.7210831, 8.9689386 ], [ 38.7207733, 8.9691116 ], [ 38.7163971, 8.9757394 ], [ 38.7148428, 8.9757077 ], [ 38.7143196, 8.9766075 ], [ 38.7138949, 8.9775342 ], [ 38.7134582, 8.9786635 ], [ 38.7125681, 8.9826245 ], [ 38.7062938, 8.986216 ], [ 38.7065338, 8.9882529 ], [ 38.7075173, 8.9932211 ], [ 38.7083081, 8.9961406 ], [ 38.7100275, 8.9970837 ], [ 38.7104382, 8.9973229 ], [ 38.7142619, 9.0021177 ], [ 38.7101112, 9.0071153 ], [ 38.7094662, 9.0074715 ], [ 38.707905, 9.015153 ], [ 38.7084963, 9.0178136 ], [ 38.7093919, 9.0182672 ], [ 38.7099331, 9.0183852 ], [ 38.715158, 9.0253611 ] ] ] } },
{ "type": "Feature", "properties": { "threshold_s": 900, "time_label": "15 min drive" }, "geometry": { "type": "Polygon", "coordinates": [ [ [ 38.70427, 9.0395578 ], [ 38.7051062, 9.0410398 ], [ 38.7122999, 9.0485977 ], [ 38.7198054, 9.0549528 ], [ 38.7233575, 9.0564081 ], [ 38.7274337, 9.0573599 ], [ 38.7289427, 9.0577047 ], [ 38.7330799, 9.0585286 ], [ 38.737762, 9.0575096 ], [ 38.7488753, 9.056162 ], [ 38.7539978, 9.0561037 ], [ 38.759146, 9.0555105 ], [ 38.7624083, 9.0536483 ], [ 38.7624706, 9.0535973 ], [ 38.7682416, 9.0468007 ], [ 38.7683814, 9.0466274 ], [ 38.7728901, 9.0400549 ], [ 38.7784962, 9.0381963 ], [ 38.7791536, 9.0381632 ], [ 38.7867588, 9.0301967 ], [ 38.7949134, 9.0210762 ], [ 38.796247, 9.0179322 ], [ 38.7950341, 9.0117579 ], [ 38.7947168, 9.0050565 ], [ 38.7956395, 8.9945489 ], [ 38.7966451, 8.9921571 ], [ 38.7968687, 8.9908044 ], [ 38.7942992, 8.9887271 ], [ 38.7899075, 8.9859732 ], [ 38.7880106, 8.9854871 ], [ 38.7855757, 8.9849273 ], [ 38.7842988, 8.9845215 ], [ 38.7787516, 8.9794447 ], [ 38.7804589, 8.9680504 ], [ 38.7804395, 8.9665631 ], [ 38.7755169, 8.9575612 ], [ 38.7733372, 8.9544932 ], [ 38.7716219, 8.952597 ], [ 38.7709902, 8.9519296 ], [ 38.7654933, 8.9463752 ], [ 38.7535146, 8.9433543 ], [ 38.7491826, 8.942899 ], [ 38.737807, 8.9407308 ], [ 38.7347215, 8.9398383 ], [ 38.7340651, 8.9396349 ], [ 38.7262343, 8.9422536 ], [ 38.7251919, 8.9436272 ], [ 38.7250015, 8.9438988 ], [ 38.7241097, 8.9459111 ], [ 38.715132, 8.9523883 ], [ 38.7079386, 8.9550552 ], [ 38.7029762, 8.9578823 ], [ 38.7033965, 8.9663151 ], [ 38.69814, 8.973439 ], [ 38.6909266, 8.9754424 ], [ 38.6871181, 8.9786314 ], [ 38.6859513, 8.9797952 ], [ 38.6852274, 8.9805781 ], [ 38.6851851, 8.9806256 ], [ 38.6868062, 8.9855513 ], [ 38.6882428, 8.9899634 ], [ 38.6887749, 8.9918051 ], [ 38.6878522, 9.0040409 ], [ 38.6878504, 9.0040962 ], [ 38.6880788, 9.0078643 ], [ 38.6881561, 9.009091 ], [ 38.6889338, 9.0218216 ], [ 38.6888775, 9.0234137 ], [ 38.6898471, 9.0239276 ], [ 38.6918318, 9.0250956 ], [ 38.7007932, 9.0335242 ], [ 38.70427, 9.0395578 ] ] ] } },
{ "type": "Feature", "properties": { "threshold_s": 300, "time_label": "5 min drive" }, "geometry": { "type": "Polygon", "coordinates": [ [ [ 38.7069728, 8.9844382 ], [ 38.7070188, 8.9848127 ], [ 38.7075504, 8.9852546 ], [ 38.7079333, 8.9848878 ], [ 38.7111506, 8.982655 ], [ 38.7129021, 8.9832206 ], [ 38.7159783, 8.9847957 ], [ 38.7165458, 8.9869257 ], [ 38.7163385, 8.9880063 ], [ 38.7156765, 8.9901822 ], [ 38.7164894, 8.9911652 ], [ 38.7173352, 8.9916251 ], [ 38.7210613, 8.9911041 ], [ 38.7235233, 8.9913037 ], [ 38.7255622, 8.9913882 ], [ 38.7256426, 8.9913092 ], [ 38.7260596, 8.9887195 ], [ 38.7262524, 8.9869032 ], [ 38.7258375, 8.9863936 ], [ 38.7257884, 8.9863389 ], [ 38.7250746, 8.9859916 ], [ 38.7235008, 8.9856657 ], [ 38.7217467, 8.9856792 ], [ 38.7201629, 8.9848828 ], [ 38.7215909, 8.9811187 ], [ 38.7223984, 8.9810641 ], [ 38.7230837, 8.980366 ], [ 38.724079, 8.9771595 ], [ 38.7258704, 8.9763704 ], [ 38.727001, 8.9760068 ], [ 38.7282267, 8.9758101 ], [ 38.7315005, 8.9774815 ], [ 38.7315124, 8.9784199 ], [ 38.7312524, 8.9791888 ], [ 38.7318328, 8.9802179 ], [ 38.7343322, 8.9825996 ], [ 38.7357746, 8.982398 ], [ 38.7367037, 8.9803676 ], [ 38.7381248, 8.9779864 ], [ 38.7385499, 8.9759133 ], [ 38.7384252, 8.9736465 ], [ 38.7377431, 8.9730167 ], [ 38.7352703, 8.9721039 ], [ 38.7329476, 8.9698573 ], [ 38.7327157, 8.9682691 ], [ 38.7335819, 8.9654407 ], [ 38.7338065, 8.9651427 ], [ 38.7338521, 8.9650684 ], [ 38.7328483, 8.9624614 ], [ 38.7298586, 8.9615515 ], [ 38.7276544, 8.9604039 ], [ 38.7257525, 8.9603312 ], [ 38.7244731, 8.960367 ], [ 38.7216393, 8.9599861 ], [ 38.718778, 8.960086 ], [ 38.7184945, 8.9601974 ], [ 38.7183066, 8.96028 ], [ 38.7150158, 8.9614105 ], [ 38.7140259, 8.9603411 ], [ 38.7135471, 8.9609676 ], [ 38.7135092, 8.9614044 ], [ 38.7114121, 8.9645081 ], [ 38.7113571, 8.9645981 ], [ 38.710841, 8.9673156 ], [ 38.7089031, 8.9680852 ], [ 38.7086921, 8.9683717 ], [ 38.7086973, 8.9715818 ], [ 38.7078663, 8.9748684 ], [ 38.7060397, 8.9757687 ], [ 38.7058908, 8.9758363 ], [ 38.705359, 8.9760753 ], [ 38.7056878, 8.976874 ], [ 38.708349, 8.9791605 ], [ 38.70771, 8.9818356 ], [ 38.7069728, 8.9844382 ] ] ] } },
{ "type": "Feature", "properties": { "threshold_s": 600, "time_label": "10 min drive" }, "geometry": { "type": "Polygon", "coordinates": [ [ [ 38.6873807, 8.9851545 ], [ 38.6890973, 8.992021 ], [ 38.6928823, 8.9928412 ], [ 38.6962866, 8.9963875 ], [ 38.6973761, 8.9989706 ], [ 38.6980815, 9.0000592 ], [ 38.7016502, 9.0021601 ], [ 38.7066584, 9.0052028 ], [ 38.706717, 9.0051566 ], [ 38.7092635, 9.0035529 ], [ 38.709931, 9.0030246 ], [ 38.7156639, 8.999671 ], [ 38.7189773, 9.0029713 ], [ 38.7188894, 9.0059185 ], [ 38.7190919, 9.0068716 ], [ 38.7197143, 9.0079515 ], [ 38.7215318, 9.0114593 ], [ 38.721662, 9.0115463 ], [ 38.7284978, 9.0065722 ], [ 38.7308762, 9.0087034 ], [ 38.7316869, 9.0097061 ], [ 38.7341748, 9.0107132 ], [ 38.7345139, 9.0107208 ], [ 38.7347326, 9.010726 ], [ 38.7356693, 9.0105975 ], [ 38.7370996, 9.0099922 ], [ 38.7385513, 9.0066997 ], [ 38.7411363, 9.0026067 ], [ 38.7475747, 8.9974498 ], [ 38.7524202, 8.99088 ], [ 38.7532448, 8.9890109 ], [ 38.7556738, 8.9825708 ], [ 38.755698, 8.9743462 ], [ 38.7547968, 8.9678955 ], [ 38.7543439, 8.9669555 ], [ 38.7534762, 8.9657466 ], [ 38.7510211, 8.9587179 ], [ 38.7509096, 8.9586491 ], [ 38.750004, 8.9580909 ], [ 38.7499699, 8.9581265 ], [ 38.7490115, 8.9593292 ], [ 38.7457092, 8.9611077 ], [ 38.7404933, 8.9609058 ], [ 38.7364709, 8.9560006 ], [ 38.7398113, 8.9522853 ], [ 38.7400204, 8.951311 ], [ 38.7401567, 8.9507945 ], [ 38.7403698, 8.9493268 ], [ 38.7406715, 8.9482525 ], [ 38.7406519, 8.9464568 ], [ 38.7401139, 8.9454031 ], [ 38.7398111, 8.9449447 ], [ 38.7347721, 8.9401052 ], [ 38.7339869, 8.9411538 ], [ 38.7262831, 8.9441282 ], [ 38.7232838, 8.9435152 ], [ 38.7209065, 8.9430542 ], [ 38.7193868, 8.9430442 ], [ 38.7169259, 8.9451545 ], [ 38.7157618, 8.9461813 ], [ 38.7111602, 8.9483774 ], [ 38.7051688, 8.9476046 ], [ 38.7028572, 8.950524 ], [ 38.695662, 8.9509001 ], [ 38.6946783, 8.9514623 ], [ 38.6938589, 8.9524704 ], [ 38.6934614, 8.9533511 ], [ 38.6934453, 8.9582368 ], [ 38.693562, 8.9605524 ], [ 38.6949742, 8.9614784 ], [ 38.6973037, 8.9678437 ], [ 38.6917762, 8.9693422 ], [ 38.691251, 8.9697153 ], [ 38.6913687, 8.972751 ], [ 38.6871181, 8.9786314 ], [ 38.6859513, 8.9797952 ], [ 38.6873807, 8.9851545 ] ] ] } },
{ "type": "Feature", "properties": { "threshold_s": 900, "time_label": "15 min drive" }, "geometry": { "type": "Polygon", "coordinates": [ [ [ 38.6687962, 8.9941194 ], [ 38.6722693, 9.0052028 ], [ 38.6761584, 9.0071316 ], [ 38.6830021, 9.0093246 ], [ 38.6895534, 9.0148149 ], [ 38.6994589, 9.0190576 ], [ 38.7062953, 9.0214743 ], [ 38.7148158, 9.0314804 ], [ 38.7224694, 9.0296404 ], [ 38.7324849, 9.032256 ], [ 38.7370122, 9.0313842 ], [ 38.7389599, 9.0307779 ], [ 38.7403394, 9.0303188 ], [ 38.7437547, 9.0285225 ], [ 38.7492972, 9.0231819 ], [ 38.7554835, 9.0175438 ], [ 38.755531, 9.0174041 ], [ 38.7608665, 9.008176 ], [ 38.7674818, 9.0026334 ], [ 38.7680139, 9.0016855 ], [ 38.7734067, 8.9914327 ], [ 38.7755186, 8.9855138 ], [ 38.7757261, 8.9838273 ], [ 38.7757844, 8.9831065 ], [ 38.7754274, 8.9804185 ], [ 38.7752954, 8.9803589 ], [ 38.7664998, 8.9707517 ], [ 38.7711362, 8.9595053 ], [ 38.7718731, 8.9576325 ], [ 38.771221, 8.9559584 ], [ 38.7701501, 8.9545107 ], [ 38.7650031, 8.9478818 ], [ 38.7628957, 8.9451813 ], [ 38.7564452, 8.9367137 ], [ 38.753036, 8.9312932 ], [ 38.7491272, 8.9279567 ], [ 38.7487337, 8.9276538 ], [ 38.7453609, 8.9255676 ], [ 38.7340388, 8.9186463 ], [ 38.7230456, 8.9224806 ], [ 38.7212387, 8.92351 ], [ 38.7202896, 8.9240603 ], [ 38.71039, 8.9284051 ], [ 38.7062073, 8.9295602 ], [ 38.69870250000001, 8.9321675 ], [ 38.6985399, 8.9324667 ], [ 38.6905998, 8.941313 ], [ 38.6854427, 8.9402556 ], [ 38.6829914, 8.9401098 ], [ 38.6802779, 8.943664 ], [ 38.6801187, 8.9442031 ], [ 38.6802028, 8.9447962 ], [ 38.6804992, 8.9510846 ], [ 38.6803134, 8.9557227 ], [ 38.6736958, 8.9650176 ], [ 38.6723435, 8.9664456 ], [ 38.6707485, 8.9694542 ], [ 38.6678463, 8.9743978 ], [ 38.6672267, 8.9762979 ], [ 38.6667577, 8.9801682 ], [ 38.6667479, 8.9842529 ], [ 38.6671411, 8.9866618 ], [ 38.668474, 8.9928971 ], [ 38.6687962, 8.9941194 ] ] ] } },
{ "type": "Feature", "properties": { "threshold_s": 300, "time_label": "5 min drive" }, "geometry": { "type": "Polygon", "coordinates": [ [ [ 38.7446777, 9.0125547 ], [ 38.7467143, 9.0149585 ], [ 38.7483328, 9.0155916 ], [ 38.7499722, 9.0170083 ], [ 38.7523037, 9.0192633 ], [ 38.7523491, 9.0197223 ], [ 38.7536536, 9.0182268 ], [ 38.7554835, 9.0175438 ], [ 38.755531, 9.0174041 ], [ 38.7566767, 9.0148583 ], [ 38.7586435, 9.0127141 ], [ 38.7593389, 9.0118938 ], [ 38.7601319, 9.011234 ], [ 38.7627631, 9.0110202 ], [ 38.7647812, 9.0085945 ], [ 38.7650363, 9.0062102 ], [ 38.764577, 9.0029893 ], [ 38.7642637, 9.0025648 ], [ 38.7632006, 9.0023557 ], [ 38.7630087, 8.9993346 ], [ 38.7642372, 8.9988613 ], [ 38.7649101, 8.9987426 ], [ 38.7662316, 8.9977834 ], [ 38.7661868, 8.9974783 ], [ 38.7656003, 8.9952358 ], [ 38.7654586, 8.9948231 ], [ 38.7627677, 8.9945858 ], [ 38.7622938, 8.9937159 ], [ 38.7591808, 8.9929533 ], [ 38.7591509, 8.9921947 ], [ 38.7591453, 8.9913732 ], [ 38.7617532, 8.9899193 ], [ 38.7622024, 8.9876198 ], [ 38.7622147, 8.9858887 ], [ 38.7615543, 8.9853726 ], [ 38.7592917, 8.9842459 ], [ 38.7587528, 8.9844655 ], [ 38.7583224, 8.9848426 ], [ 38.7555837, 8.9863387 ], [ 38.7542526, 8.9861048 ], [ 38.7533136, 8.9875452 ], [ 38.7507597, 8.986419 ], [ 38.7496014, 8.9875721 ], [ 38.7483404, 8.9891444 ], [ 38.7474295, 8.9901028 ], [ 38.7453601, 8.9909218 ], [ 38.7445799, 8.9920487 ], [ 38.7437219, 8.9946373 ], [ 38.7436851, 8.9956517 ], [ 38.7438853, 8.9969221 ], [ 38.7439552, 8.9970066 ], [ 38.7458811, 8.998566 ], [ 38.7456058, 8.9999417 ], [ 38.7454493, 9.0011653 ], [ 38.743207, 9.0023614 ], [ 38.7406738, 9.0016086 ], [ 38.7405517, 9.0016754 ], [ 38.739708899999989, 9.0047463 ], [ 38.739405, 9.006106 ], [ 38.7401543, 9.0057577 ], [ 38.7405633, 9.0055545 ], [ 38.7432431, 9.0074962 ], [ 38.7435774, 9.0082213 ], [ 38.7440647, 9.0101702 ], [ 38.7441169, 9.0104975 ], [ 38.7446777, 9.0125547 ] ] ] } },
{ "type": "Feature", "properties": { "threshold_s": 600, "time_label": "10 min drive" }, "geometry": { "type": "Polygon", "coordinates": [ [ [ 38.7358269, 9.0313646 ], [ 38.7367322, 9.0327964 ], [ 38.7391086, 9.0340858 ], [ 38.748194, 9.0381923 ], [ 38.7506399, 9.039573 ], [ 38.7528402, 9.0401109 ], [ 38.753211, 9.0400986 ], [ 38.7559159, 9.0397791 ], [ 38.7565413, 9.0397014 ], [ 38.7618809, 9.0327945 ], [ 38.7673563, 9.028805 ], [ 38.7696171, 9.026581 ], [ 38.7752527, 9.0215768 ], [ 38.7782413, 9.0194063 ], [ 38.7834846, 9.01484 ], [ 38.7834729, 9.0142678 ], [ 38.7824927, 9.004531 ], [ 38.7819455, 9.0018084 ], [ 38.782616, 8.9950866 ], [ 38.7858171, 8.9901332 ], [ 38.7838559, 8.9877536 ], [ 38.7787516, 8.9794447 ], [ 38.7773636, 8.975878 ], [ 38.7760118, 8.9755812 ], [ 38.7754259, 8.9755749 ], [ 38.7747477, 8.9756875 ], [ 38.7664998, 8.9707517 ], [ 38.7662108, 8.9676225 ], [ 38.7633621, 8.962338 ], [ 38.7570267, 8.9632491 ], [ 38.7490998, 8.9641583 ], [ 38.7486182, 8.9642293 ], [ 38.7430934, 8.9678844 ], [ 38.7387184, 8.9695725 ], [ 38.7339346, 8.9746786 ], [ 38.7301493, 8.9825139 ], [ 38.7289191, 8.9852605 ], [ 38.7284889, 8.9878255 ], [ 38.7242852, 8.9953717 ], [ 38.7236724, 8.9987142 ], [ 38.7284978, 9.0065722 ], [ 38.7211949, 9.0118768 ], [ 38.7240507, 9.0166573 ], [ 38.7258437, 9.0192984 ], [ 38.7333459, 9.0264886 ], [ 38.7348213, 9.0293563 ], [ 38.7358269, 9.0313646 ] ] ] } },
{ "type": "Feature", "properties": { "threshold_s": 900, "time_label": "15 min drive" }, "geometry": { "type": "Polygon", "coordinates": [ [ [ 38.7247266, 9.0465336 ], [ 38.7291447, 9.0518154 ], [ 38.7312594, 9.0530117 ], [ 38.7383953, 9.0586644 ], [ 38.7397624, 9.0591395 ], [ 38.7439161, 9.05981 ], [ 38.7482068, 9.0602013 ], [ 38.7524244, 9.0599047 ], [ 38.7601738, 9.0598012 ], [ 38.7604079, 9.0597619 ], [ 38.7658778, 9.055845 ], [ 38.7703563, 9.0500188 ], [ 38.7770125, 9.045045 ], [ 38.782942, 9.0416807 ], [ 38.7832034, 9.0412485 ], [ 38.7844685, 9.0379748 ], [ 38.7868405, 9.0345218 ], [ 38.7925582, 9.0307516 ], [ 38.7981611, 9.0287943 ], [ 38.7988977, 9.0268528 ], [ 38.805639, 9.019272 ], [ 38.8049849, 9.0180621 ], [ 38.8030907, 9.0146854 ], [ 38.802184, 9.0074508 ], [ 38.8028741, 9.0016579 ], [ 38.802689, 9.0013388 ], [ 38.8024677, 9.0009613 ], [ 38.8007767, 9.0000299 ], [ 38.8020439, 8.9901737 ], [ 38.8035396, 8.9855276 ], [ 38.8035562, 8.9852867 ], [ 38.8021619, 8.9853275 ], [ 38.7996331, 8.9854045 ], [ 38.7971379, 8.9861223 ], [ 38.7899075, 8.9859732 ], [ 38.7880106, 8.9854871 ], [ 38.7855757, 8.9849273 ], [ 38.7842988, 8.9845215 ], [ 38.7787516, 8.9794447 ], [ 38.7777914, 8.9763594 ], [ 38.7828796, 8.9680649 ], [ 38.7865958, 8.9662315 ], [ 38.7872891, 8.965332 ], [ 38.787733, 8.9640842 ], [ 38.787617, 8.9637437 ], [ 38.7826837, 8.9639596 ], [ 38.7755169, 8.9575612 ], [ 38.7753178, 8.956777 ], [ 38.7744286, 8.9507599 ], [ 38.7744105, 8.9496642 ], [ 38.7742229, 8.9482255 ], [ 38.7694567, 8.9435905 ], [ 38.7649015, 8.9419151 ], [ 38.7640495, 8.9420257 ], [ 38.7639706, 8.942036 ], [ 38.7599486, 8.9438317 ], [ 38.7496136, 8.9439649 ], [ 38.7476446, 8.9458858 ], [ 38.7434994, 8.948869 ], [ 38.7423516, 8.9497886 ], [ 38.7410896, 8.9506226 ], [ 38.7320356, 8.9508781 ], [ 38.7314631, 8.9511842 ], [ 38.7266015, 8.9562245 ], [ 38.7223414, 8.961928 ], [ 38.7201304, 8.9678974 ], [ 38.7150594, 8.9760673 ], [ 38.7139499, 8.9788447 ], [ 38.7079881, 8.9867618 ], [ 38.7068182, 8.9880751 ], [ 38.7068515, 8.9883017 ], [ 38.7081978, 8.9931845 ], [ 38.7062069, 9.0022634 ], [ 38.7040655, 9.0039244 ], [ 38.7030557, 9.0049059 ], [ 38.7036069, 9.0066874 ], [ 38.700126, 9.0152964 ], [ 38.6999002, 9.0154616 ], [ 38.7052893, 9.0216845 ], [ 38.7117422, 9.0245903 ], [ 38.7146782, 9.0325913 ], [ 38.7145862, 9.033602 ], [ 38.7195848, 9.0410796 ], [ 38.7247266, 9.0465336 ] ] ] } },
{ "type": "Feature", "properties": { "threshold_s": 300, "time_label": "5 min drive" }, "geometry": { "type": "Polygon", "coordinates": [ [ [ 38.7520763, 9.0170797 ], [ 38.7527006, 9.0192325 ], [ 38.7547264, 9.0189117 ], [ 38.7576248, 9.0176281 ], [ 38.7566767, 9.0148583 ], [ 38.7586435, 9.0127141 ], [ 38.762877, 9.0129834 ], [ 38.7632994, 9.0143168 ], [ 38.7631065, 9.0171496 ], [ 38.7631341, 9.0172933 ], [ 38.7636571, 9.0176742 ], [ 38.7645019, 9.0170063 ], [ 38.7658891, 9.0123181 ], [ 38.767167, 9.0123421 ], [ 38.768797, 9.0113452 ], [ 38.7706225, 9.010122 ], [ 38.7715684, 9.0086364 ], [ 38.7743817, 9.0065093 ], [ 38.7747095, 9.005959 ], [ 38.7734655, 9.0030482 ], [ 38.7734899, 9.0014308 ], [ 38.7738252, 8.9995496 ], [ 38.7739914, 8.9989883 ], [ 38.7758917, 8.9953721 ], [ 38.7770756, 8.992736 ], [ 38.7760802, 8.9916884 ], [ 38.7745701, 8.9912135 ], [ 38.7718993, 8.9891153 ], [ 38.7716921, 8.9892484 ], [ 38.7706285, 8.9900889 ], [ 38.76804, 8.9900825 ], [ 38.7668265, 8.9878834 ], [ 38.7652114, 8.9860036 ], [ 38.7648208, 8.9857849 ], [ 38.7627198, 8.9862213 ], [ 38.7597824, 8.9875102 ], [ 38.7597554, 8.9876025 ], [ 38.7575485, 8.9910355 ], [ 38.7557258, 8.9908579 ], [ 38.7552394, 8.9908915 ], [ 38.75289990000001, 8.992923 ], [ 38.7516388, 8.9938777 ], [ 38.7509148, 8.9950547 ], [ 38.7509512, 8.9988736 ], [ 38.7501432, 8.9999581 ], [ 38.7493209, 9.0013617 ], [ 38.7485673, 9.004685 ], [ 38.7502626, 9.0077974 ], [ 38.7482888, 9.0109348 ], [ 38.7506243, 9.0142582 ], [ 38.7507122, 9.0146369 ], [ 38.7520763, 9.0170797 ] ] ] } },
{ "type": "Feature", "properties": { "threshold_s": 600, "time_label": "10 min drive" }, "geometry": { "type": "Polygon", "coordinates": [ [ [ 38.7383867, 9.0323453 ], [ 38.7386519, 9.033309 ], [ 38.7389168, 9.0335646 ], [ 38.7428963, 9.0345213 ], [ 38.7490281, 9.0365532 ], [ 38.7517542, 9.038645 ], [ 38.7556919, 9.0394787 ], [ 38.7555497, 9.0379841 ], [ 38.7550527, 9.0350946 ], [ 38.7607885, 9.0320859 ], [ 38.7633016, 9.0331372 ], [ 38.7633836, 9.0331509 ], [ 38.7636485, 9.0328556 ], [ 38.7654192, 9.0307943 ], [ 38.7723844, 9.0333248 ], [ 38.7735107, 9.0325106 ], [ 38.7786913, 9.0267849 ], [ 38.7792906, 9.0265435 ], [ 38.7812609, 9.0251757 ], [ 38.7863129, 9.0211792 ], [ 38.7904462, 9.020033 ], [ 38.7934182, 9.0170489 ], [ 38.7925776, 9.0155524 ], [ 38.79091, 9.0119756 ], [ 38.7901946, 9.0062781 ], [ 38.7898343, 9.0055715 ], [ 38.792624, 8.9985777 ], [ 38.7932951, 8.9971641 ], [ 38.793611, 8.99652 ], [ 38.7939551, 8.9958391 ], [ 38.7943467, 8.9950463 ], [ 38.795499, 8.9912753 ], [ 38.7942992, 8.9887271 ], [ 38.791375, 8.9871117 ], [ 38.788826, 8.985809 ], [ 38.7879749, 8.9856538 ], [ 38.7855757, 8.9849273 ], [ 38.7842988, 8.9845215 ], [ 38.7787516, 8.9794447 ], [ 38.7777914, 8.9763594 ], [ 38.7756114, 8.9726492 ], [ 38.7747993, 8.9729854 ], [ 38.7737364, 8.9734223 ], [ 38.7664998, 8.9707517 ], [ 38.7628423, 8.9658809 ], [ 38.7559833, 8.9669892 ], [ 38.7547968, 8.9678955 ], [ 38.7540763, 8.9687278 ], [ 38.7478308, 8.9722231 ], [ 38.74252, 8.9751135 ], [ 38.739083, 8.9786417 ], [ 38.7378399, 8.9807893 ], [ 38.737333, 8.9829332 ], [ 38.7345985, 8.9883599 ], [ 38.7341961, 8.9893524 ], [ 38.7331104, 8.9960335 ], [ 38.732501, 9.001813 ], [ 38.7303472, 9.0051735 ], [ 38.7288505, 9.0086624 ], [ 38.7264951, 9.0122563 ], [ 38.7291375, 9.0170706 ], [ 38.732933, 9.0204298 ], [ 38.7347835, 9.025127 ], [ 38.7352931, 9.0259432 ], [ 38.7383867, 9.0323453 ] ] ] } },
{ "type": "Feature", "properties": { "threshold_s": 900, "time_label": "15 min drive" }, "geometry": { "type": "Polygon", "coordinates": [ [ [ 38.7254776, 9.045125 ], [ 38.730085, 9.0510296 ], [ 38.7321607, 9.0522464 ], [ 38.7400067, 9.0575833 ], [ 38.7438718, 9.0586511 ], [ 38.7484489, 9.0588421 ], [ 38.7572967, 9.0574294 ], [ 38.7598514, 9.0583555 ], [ 38.7650745, 9.0545281 ], [ 38.77087, 9.051386 ], [ 38.7767114, 9.0504315 ], [ 38.7810889, 9.0506348 ], [ 38.7870704, 9.0471276 ], [ 38.7883566, 9.0456859 ], [ 38.788016399999989, 9.0400262 ], [ 38.7898711, 9.0353037 ], [ 38.7988474, 9.0307862 ], [ 38.8011234, 9.0303124 ], [ 38.8048161, 9.0292985 ], [ 38.808001, 9.0248414 ], [ 38.8130429, 9.0212578 ], [ 38.8133654, 9.0199396 ], [ 38.8133688, 9.0197109 ], [ 38.811043, 9.0138626 ], [ 38.8105345, 9.0045668 ], [ 38.8097799, 9.001739 ], [ 38.8134392, 8.9925652 ], [ 38.8152255, 8.9912287 ], [ 38.8156034, 8.9899318 ], [ 38.8158998, 8.9886047 ], [ 38.8097735, 8.9869675 ], [ 38.8079529, 8.9863615 ], [ 38.8066972, 8.9860036 ], [ 38.8035562, 8.9852867 ], [ 38.8021619, 8.9853275 ], [ 38.7996331, 8.9854045 ], [ 38.7971379, 8.9861223 ], [ 38.7899075, 8.9859732 ], [ 38.7880106, 8.9854871 ], [ 38.7855757, 8.9849273 ], [ 38.7842988, 8.9845215 ], [ 38.7787516, 8.9794447 ], [ 38.7777914, 8.9763594 ], [ 38.7828796, 8.9680649 ], [ 38.7896709, 8.966307 ], [ 38.7902089, 8.9659241 ], [ 38.7908766, 8.9625051 ], [ 38.7886983, 8.9614582 ], [ 38.7855517, 8.9604179 ], [ 38.7753178, 8.956777 ], [ 38.7750039, 8.9561273 ], [ 38.7743879, 8.9540411 ], [ 38.7742697, 8.9534014 ], [ 38.7714475, 8.950059 ], [ 38.7657954, 8.9457131 ], [ 38.7599544, 8.9471517 ], [ 38.7523361, 8.949291 ], [ 38.7501237, 8.9504218 ], [ 38.7495006, 8.9507384 ], [ 38.7429044, 8.9551355 ], [ 38.7326381, 8.9587993 ], [ 38.7318209, 8.9587663 ], [ 38.7314187, 8.9587581 ], [ 38.7299576, 8.9602124 ], [ 38.7276622, 8.9634168 ], [ 38.7264039, 8.966268 ], [ 38.7263641, 8.9696982 ], [ 38.726311699999989, 8.9714187 ], [ 38.7260455, 8.9740269 ], [ 38.7256413, 8.9758612 ], [ 38.7189652, 8.9832542 ], [ 38.7184726, 8.9834798 ], [ 38.7144182, 8.9901571 ], [ 38.7151745, 8.9975845 ], [ 38.708577, 9.0058768 ], [ 38.7083316, 9.006049 ], [ 38.7080593, 9.0062742 ], [ 38.7053349, 9.014028 ], [ 38.7055473, 9.0147113 ], [ 38.7076717, 9.0183726 ], [ 38.708634, 9.0190644 ], [ 38.710531, 9.0201136 ], [ 38.7149476, 9.0290394 ], [ 38.714946, 9.0291351 ], [ 38.7149185, 9.0297554 ], [ 38.7201601, 9.0374598 ], [ 38.7210037, 9.0390783 ], [ 38.7254776, 9.045125 ] ] ] } },
{ "type": "Feature", "properties": { "threshold_s": 300, "time_label": "5 min drive" }, "geometry": { "type": "Polygon", "coordinates": [ [ [ 38.7616126, 9.0004111 ], [ 38.762364, 9.0030482 ], [ 38.7663964, 9.0070441 ], [ 38.7719898, 9.0068159 ], [ 38.7767099, 9.0071045 ], [ 38.780677, 9.0087119 ], [ 38.7816411, 9.0083637 ], [ 38.7828239, 9.0074981 ], [ 38.7841301, 9.0065027 ], [ 38.7892042, 9.0040436 ], [ 38.7920983, 8.9987684 ], [ 38.792624, 8.9985777 ], [ 38.7931544, 8.9983837 ], [ 38.7936291, 8.9982041 ], [ 38.794295, 8.996814 ], [ 38.7964194, 8.9911884 ], [ 38.7964267, 8.9910463 ], [ 38.7942992, 8.9887271 ], [ 38.791375, 8.9871117 ], [ 38.788826, 8.985809 ], [ 38.7879749, 8.9856538 ], [ 38.7855757, 8.9849273 ], [ 38.7842988, 8.9845215 ], [ 38.7829895, 8.9840922 ], [ 38.7787516, 8.9794447 ], [ 38.7777914, 8.9763594 ], [ 38.7774548, 8.9759568 ], [ 38.7773636, 8.975878 ], [ 38.7760118, 8.9755812 ], [ 38.7748957, 8.9753542 ], [ 38.7707829, 8.9764667 ], [ 38.7676058, 8.9774758 ], [ 38.7632382, 8.981275 ], [ 38.763176, 8.9813554 ], [ 38.7615543, 8.9853726 ], [ 38.7608696, 8.9875656 ], [ 38.7617532, 8.9899193 ], [ 38.7609419, 8.9943649 ], [ 38.7616126, 9.0004111 ] ] ] } },
{ "type": "Feature", "properties": { "threshold_s": 600, "time_label": "10 min drive" }, "geometry": { "type": "Polygon", "coordinates": [ [ [ 38.7466624, 9.0148967 ], [ 38.751298, 9.0213571 ], [ 38.752181899999989, 9.0217133 ], [ 38.7616201, 9.0233396 ], [ 38.7725207, 9.0260996 ], [ 38.7756414, 9.0271272 ], [ 38.7847756, 9.0284891 ], [ 38.7866456, 9.02633 ], [ 38.7949134, 9.0210762 ], [ 38.7994298, 9.0188571 ], [ 38.8034284, 9.0138029 ], [ 38.8072313, 9.0086875 ], [ 38.8084397, 9.0045809 ], [ 38.8111387, 8.9963643 ], [ 38.8139144, 8.9937504 ], [ 38.8160405, 8.9906542 ], [ 38.8163915, 8.9896939 ], [ 38.8159713, 8.9887168 ], [ 38.8158998, 8.9886047 ], [ 38.8097735, 8.9869675 ], [ 38.8079529, 8.9863615 ], [ 38.8066972, 8.9860036 ], [ 38.8035562, 8.9852867 ], [ 38.8021619, 8.9853275 ], [ 38.7996331, 8.9854045 ], [ 38.7971379, 8.9861223 ], [ 38.7899075, 8.9859732 ], [ 38.7880106, 8.9854871 ], [ 38.7855757, 8.9849273 ], [ 38.7842988, 8.9845215 ], [ 38.7787516, 8.9794447 ], [ 38.7777914, 8.9763594 ], [ 38.7828796, 8.9680649 ], [ 38.7865958, 8.9662315 ], [ 38.7872891, 8.965332 ], [ 38.787733, 8.9640842 ], [ 38.7878293, 8.9633792 ], [ 38.7826837, 8.9639596 ], [ 38.772214, 8.960437 ], [ 38.7708984, 8.9591535 ], [ 38.7693863, 8.9578936 ], [ 38.7673704, 8.9560994 ], [ 38.7656786, 8.9573427 ], [ 38.7649861, 8.9580493 ], [ 38.7567186, 8.9656751 ], [ 38.7556134, 8.966333 ], [ 38.7547929, 8.9669695 ], [ 38.7533283, 8.9681802 ], [ 38.7479168, 8.9742675 ], [ 38.7466216, 8.976282 ], [ 38.7447973, 8.9800177 ], [ 38.743529, 8.9827014 ], [ 38.7417482, 8.9901297 ], [ 38.7404379, 8.9997461 ], [ 38.7465009, 9.0067847 ], [ 38.7445255, 9.010739 ], [ 38.7466624, 9.0148967 ] ] ] } },
{ "type": "Feature", "properties": { "threshold_s": 900, "time_label": "15 min drive" }, "geometry": { "type": "Polygon", "coordinates": [ [ [ 38.7354366, 9.0319289 ], [ 38.7369454, 9.0344738 ], [ 38.7421026, 9.038028 ], [ 38.751545, 9.04216 ], [ 38.7614471, 9.0437227 ], [ 38.774161, 9.0451615 ], [ 38.7745291, 9.0452189 ], [ 38.7843354, 9.0442902 ], [ 38.7848159, 9.0430688 ], [ 38.788646, 9.0371199 ], [ 38.7997189, 9.0335465 ], [ 38.8105209, 9.0319502 ], [ 38.8190899, 9.0238757 ], [ 38.8243533, 9.0146504 ], [ 38.8289659, 9.0055265 ], [ 38.8314008, 8.9970682 ], [ 38.8342745, 8.9862466 ], [ 38.8304619, 8.9779273 ], [ 38.8300543, 8.9713237 ], [ 38.829171, 8.9683279 ], [ 38.8266235, 8.9672755 ], [ 38.8263241, 8.9672496 ], [ 38.8250452, 8.9671403 ], [ 38.8224761, 8.968892 ], [ 38.8211922, 8.9696281 ], [ 38.8182219, 8.9708911 ], [ 38.8079017, 8.9635656 ], [ 38.8060082, 8.9605034 ], [ 38.8010904, 8.9585388 ], [ 38.7967291, 8.9514381 ], [ 38.7958543, 8.9499351 ], [ 38.7942333, 8.9473472 ], [ 38.7926088, 8.9462969 ], [ 38.7848496, 8.9444194 ], [ 38.7744561, 8.9372827 ], [ 38.7734913, 8.9357467 ], [ 38.7684385, 8.9360281 ], [ 38.7604079, 8.9406934 ], [ 38.7537915, 8.9429717 ], [ 38.7537296, 8.9430502 ], [ 38.7535146, 8.9433543 ], [ 38.7532581, 8.9437465 ], [ 38.7500122, 8.9489525 ], [ 38.7426413, 8.954473 ], [ 38.7412389, 8.9554323 ], [ 38.732747, 8.9604117 ], [ 38.7319789, 8.9611188 ], [ 38.731481, 8.9616099 ], [ 38.73053, 8.9629873 ], [ 38.729296, 8.9648433 ], [ 38.7319099, 8.973739 ], [ 38.7283872, 8.9787856 ], [ 38.7270547, 8.9798003 ], [ 38.7258008, 8.9824669 ], [ 38.7228434, 8.9936463 ], [ 38.7218685, 8.9986844 ], [ 38.7220337, 8.9992215 ], [ 38.726517, 9.0109459 ], [ 38.7264124, 9.0111896 ], [ 38.7253784, 9.0132798 ], [ 38.7247722, 9.0152427 ], [ 38.724787, 9.0155262 ], [ 38.7258437, 9.0192984 ], [ 38.7332821, 9.0271852 ], [ 38.7341761, 9.0292823 ], [ 38.7354366, 9.0319289 ] ] ] } },
{ "type": "Feature", "properties": { "threshold_s": 300, "time_label": "5 min drive" }, "geometry": { "type": "Polygon", "coordinates": [ [ [ 38.7284869, 9.0498308 ], [ 38.7288192, 9.0515687 ], [ 38.7291447, 9.0518154 ], [ 38.7294234, 9.0519994 ], [ 38.7324156, 9.0536841 ], [ 38.7360348, 9.0537887 ], [ 38.7389852, 9.0536496 ], [ 38.7399306, 9.0532504 ], [ 38.7405456, 9.0506456 ], [ 38.7427648, 9.0484268 ], [ 38.7462097, 9.0480083 ], [ 38.7489726, 9.0459551 ], [ 38.7506317, 9.0456619 ], [ 38.7507097, 9.0456515 ], [ 38.750705, 9.0455862 ], [ 38.7496724, 9.0424795 ], [ 38.7507947, 9.0391991 ], [ 38.7499915, 9.0355127 ], [ 38.75095, 9.0327385 ], [ 38.7504043, 9.0309179 ], [ 38.750154, 9.0302574 ], [ 38.7480859, 9.027872 ], [ 38.746891, 9.025917 ], [ 38.7460263, 9.0241043 ], [ 38.7444817, 9.0211057 ], [ 38.7409479, 9.0205726 ], [ 38.7391113, 9.0207865 ], [ 38.7366209, 9.0198233 ], [ 38.7363192, 9.0196939 ], [ 38.7346511, 9.0189003 ], [ 38.7337924, 9.0190342 ], [ 38.7326105, 9.0193875 ], [ 38.7310648, 9.0198854 ], [ 38.728875, 9.0220856 ], [ 38.7280311, 9.0226667 ], [ 38.725199, 9.0240355 ], [ 38.7242076, 9.0244733 ], [ 38.722301, 9.0264528 ], [ 38.7209239, 9.0279653 ], [ 38.7198622, 9.0310117 ], [ 38.719316, 9.0342986 ], [ 38.7186732, 9.0381253 ], [ 38.7192991, 9.0394167 ], [ 38.7204232, 9.0409563 ], [ 38.72154, 9.0423558 ], [ 38.7229382, 9.0433447 ], [ 38.7243063, 9.0464057 ], [ 38.7247266, 9.0465336 ], [ 38.725663, 9.0463319 ], [ 38.7284887, 9.0468107 ], [ 38.7284869, 9.0498308 ] ] ] } },
{ "type": "Feature", "properties": { "threshold_s": 600, "time_label": "10 min drive" }, "geometry": { "type": "Polygon", "coordinates": [ [ [ 38.7154944, 9.0661054 ], [ 38.7157479, 9.0667755 ], [ 38.7212949, 9.0692012 ], [ 38.7215298, 9.0693004 ], [ 38.727037, 9.0714079 ], [ 38.732525099999989, 9.0719682 ], [ 38.7352221, 9.0713497 ], [ 38.7367569, 9.0710262 ], [ 38.7385805, 9.0705333 ], [ 38.7422269, 9.0690505 ], [ 38.7471928, 9.0699367 ], [ 38.7483383, 9.0697869 ], [ 38.7513851, 9.0673012 ], [ 38.7552915, 9.0659326 ], [ 38.7572595, 9.0641719 ], [ 38.7577312, 9.0636262 ], [ 38.760655, 9.060489 ], [ 38.7658778, 9.055845 ], [ 38.7664598, 9.0555799 ], [ 38.7666977, 9.0550089 ], [ 38.7665943, 9.0541103 ], [ 38.7686014, 9.0480309 ], [ 38.7706796, 9.0471375 ], [ 38.7708269, 9.0470365 ], [ 38.7694638, 9.0449786 ], [ 38.7706733, 9.0395278 ], [ 38.7684305, 9.0329237 ], [ 38.7683848, 9.0328415 ], [ 38.7664014, 9.0314507 ], [ 38.7625209, 9.0267749 ], [ 38.7616201, 9.0233396 ], [ 38.7633195, 9.0193691 ], [ 38.7636993, 9.017064 ], [ 38.7601319, 9.011234 ], [ 38.7550777, 9.0071838 ], [ 38.7543417, 9.0064809 ], [ 38.7500717, 9.0048308 ], [ 38.7470486, 9.0019362 ], [ 38.7457383, 8.9999466 ], [ 38.7456058, 8.9999417 ], [ 38.7385091, 9.0002447 ], [ 38.7353683, 9.0005664 ], [ 38.7325948, 9.0017547 ], [ 38.732501, 9.001813 ], [ 38.7292146, 9.0052443 ], [ 38.7285474, 9.0064755 ], [ 38.7284978, 9.0065722 ], [ 38.726517, 9.0109459 ], [ 38.7201735, 9.0095651 ], [ 38.7197471, 9.0087074 ], [ 38.7190564, 9.0070821 ], [ 38.7186849, 9.0064457 ], [ 38.7168986, 9.0089339 ], [ 38.7151935, 9.0129759 ], [ 38.7152307, 9.0130989 ], [ 38.714144, 9.0204375 ], [ 38.7136447, 9.0204898 ], [ 38.7117542, 9.0204905 ], [ 38.7111763, 9.0211608 ], [ 38.7111993, 9.0218779 ], [ 38.7081519, 9.0267832 ], [ 38.703514, 9.0261544 ], [ 38.700757, 9.032501 ], [ 38.700032, 9.0336508 ], [ 38.7004057, 9.0377578 ], [ 38.7012163, 9.0437834 ], [ 38.7022202, 9.0457932 ], [ 38.7035807, 9.0470474 ], [ 38.704146, 9.0474209 ], [ 38.7076919, 9.0489116 ], [ 38.7100965, 9.054685 ], [ 38.7100254, 9.0561289 ], [ 38.710331, 9.0582414 ], [ 38.710472, 9.0593379 ], [ 38.7110005, 9.0607548 ], [ 38.7154944, 9.0661054 ] ] ] } },
{ "type": "Feature", "properties": { "threshold_s": 900, "time_label": "15 min drive" }, "geometry": { "type": "Polygon", "coordinates": [ [ [ 38.6934493, 9.0674275 ], [ 38.6938879, 9.0681007 ], [ 38.6957356, 9.0682504 ], [ 38.698357799999989, 9.0683166 ], [ 38.7049681, 9.0734342 ], [ 38.7040883, 9.075675 ], [ 38.7066767, 9.0720331 ], [ 38.7157707, 9.0714928 ], [ 38.7160362, 9.0719192 ], [ 38.7182799, 9.0763662 ], [ 38.7190591, 9.077488 ], [ 38.7212082, 9.0809212 ], [ 38.7222228, 9.0847868 ], [ 38.7265894, 9.0880836 ], [ 38.7278259, 9.0858894 ], [ 38.7287586, 9.0812933 ], [ 38.7324589, 9.0764417 ], [ 38.7377219, 9.0759888 ], [ 38.7382369, 9.0758127 ], [ 38.7465249, 9.0792228 ], [ 38.7431292, 9.0876863 ], [ 38.7536985, 9.0820899 ], [ 38.7613576, 9.0810134 ], [ 38.7696094, 9.0769923 ], [ 38.7723361, 9.0776508 ], [ 38.7760627, 9.0734872 ], [ 38.7787047, 9.0663067 ], [ 38.7852419, 9.0612898 ], [ 38.7883158, 9.0551371 ], [ 38.7892183, 9.0480524 ], [ 38.7890694, 9.0462382 ], [ 38.7888638, 9.0443872 ], [ 38.788016399999989, 9.0400262 ], [ 38.7878439, 9.0355234 ], [ 38.7890407, 9.0285718 ], [ 38.7877832, 9.0281623 ], [ 38.7852437, 9.0267237 ], [ 38.7821863, 9.0204951 ], [ 38.782059, 9.014438 ], [ 38.7811587, 9.0112123 ], [ 38.7807231, 9.0031349 ], [ 38.7749536, 8.9996857 ], [ 38.7744181, 8.9939815 ], [ 38.7744617, 8.9938188 ], [ 38.7681141, 8.9932534 ], [ 38.7656948, 8.992479 ], [ 38.7595927, 8.986554 ], [ 38.7518767, 8.9820353 ], [ 38.7464567, 8.9796782 ], [ 38.7397105, 8.9799074 ], [ 38.7374348, 8.9800368 ], [ 38.7296599, 8.9798651 ], [ 38.7204445, 8.9808492 ], [ 38.7197225, 8.9812826 ], [ 38.7184726, 8.9834798 ], [ 38.7180908, 8.9841611 ], [ 38.7127356, 8.9895603 ], [ 38.7087828, 8.9908917 ], [ 38.7079906, 8.9934171 ], [ 38.7018353, 8.9980255 ], [ 38.7011555, 8.9984951 ], [ 38.6966921, 9.003833 ], [ 38.6937162, 9.0104589 ], [ 38.6916386, 9.0163271 ], [ 38.6913988, 9.0168719 ], [ 38.6909019, 9.021067 ], [ 38.6851005, 9.0258705 ], [ 38.6818635, 9.0297554 ], [ 38.6813539, 9.0340427 ], [ 38.6821318, 9.036787 ], [ 38.6841462, 9.0429331 ], [ 38.6837299, 9.0471253 ], [ 38.6852217, 9.0498367 ], [ 38.6860787, 9.0498525 ], [ 38.6902107, 9.0578034 ], [ 38.6899661, 9.0601607 ], [ 38.6934493, 9.0674275 ] ] ] } },
{ "type": "Feature", "properties": { "threshold_s": 300, "time_label": "5 min drive" }, "geometry": { "type": "Polygon", "coordinates": [ [ [ 38.7245113, 9.039173 ], [ 38.7257311, 9.0414173 ], [ 38.7267502, 9.0423151 ], [ 38.72888, 9.0438039 ], [ 38.7317091, 9.0456822 ], [ 38.7322529, 9.0461107 ], [ 38.7354401, 9.0470626 ], [ 38.7356083, 9.0468011 ], [ 38.7356137, 9.046713 ], [ 38.736129, 9.0447854 ], [ 38.7362547, 9.0439907 ], [ 38.7397933, 9.0438992 ], [ 38.7396852, 9.046166 ], [ 38.739417, 9.0465899 ], [ 38.7397607, 9.0466531 ], [ 38.7411967, 9.0460409 ], [ 38.7445286, 9.0461045 ], [ 38.7471864, 9.046054 ], [ 38.7475998, 9.0459826 ], [ 38.748408499999989, 9.0457879 ], [ 38.74847, 9.0456871 ], [ 38.7485637, 9.0452148 ], [ 38.7501982, 9.0427767 ], [ 38.751545, 9.04216 ], [ 38.7537947, 9.0414362 ], [ 38.7559159, 9.0397791 ], [ 38.7555497, 9.0379841 ], [ 38.7550527, 9.0350946 ], [ 38.7558521, 9.0318884 ], [ 38.7568262, 9.030107 ], [ 38.7576451, 9.0285006 ], [ 38.7548785, 9.0265448 ], [ 38.7535565, 9.0258127 ], [ 38.7518575, 9.0242085 ], [ 38.751298, 9.0213571 ], [ 38.7512899, 9.0212942 ], [ 38.7506728, 9.0212438 ], [ 38.75038, 9.0212209 ], [ 38.7502159, 9.0212092 ], [ 38.7494138, 9.0211226 ], [ 38.7466965, 9.0189733 ], [ 38.7466563, 9.0187441 ], [ 38.7466453, 9.0186564 ], [ 38.7466047, 9.0184173 ], [ 38.7464378, 9.0176211 ], [ 38.745118, 9.0164679 ], [ 38.7431896, 9.016309 ], [ 38.7425301, 9.0168306 ], [ 38.739568, 9.0171281 ], [ 38.7386839, 9.0164975 ], [ 38.7367388, 9.0177357 ], [ 38.7348473, 9.0175841 ], [ 38.7330361, 9.0177348 ], [ 38.7316634, 9.0179607 ], [ 38.730891, 9.0183017 ], [ 38.7296444, 9.0189315 ], [ 38.7283338, 9.0206119 ], [ 38.7257445, 9.0225793 ], [ 38.7225781, 9.0237289 ], [ 38.721402, 9.0259654 ], [ 38.7199633, 9.0291598 ], [ 38.7195483, 9.0309808 ], [ 38.720165, 9.0329125 ], [ 38.7216635, 9.0355831 ], [ 38.7220953, 9.0363925 ], [ 38.7229922, 9.037593 ], [ 38.7245113, 9.039173 ] ] ] } },
{ "type": "Feature", "properties": { "threshold_s": 600, "time_label": "10 min drive" }, "geometry": { "type": "Polygon", "coordinates": [ [ [ 38.7122067, 9.0534927 ], [ 38.7122765, 9.0540168 ], [ 38.7172968, 9.0576841 ], [ 38.7176294, 9.0593392 ], [ 38.7182646, 9.0602788 ], [ 38.7201613, 9.0614549 ], [ 38.7264453, 9.0647177 ], [ 38.726880199999989, 9.0647582 ], [ 38.7283075, 9.0645247 ], [ 38.7332008, 9.0640745 ], [ 38.7391812, 9.0644512 ], [ 38.7418311, 9.06565 ], [ 38.7450847, 9.0655928 ], [ 38.7459191, 9.0655661 ], [ 38.7512422, 9.0651452 ], [ 38.755585, 9.0640875 ], [ 38.760438, 9.0606835 ], [ 38.7616539, 9.0588333 ], [ 38.7658778, 9.055845 ], [ 38.7664598, 9.0555799 ], [ 38.7666977, 9.0550089 ], [ 38.7665943, 9.0541103 ], [ 38.7703055, 9.0488674 ], [ 38.7720477, 9.0473428 ], [ 38.7723489, 9.0464052 ], [ 38.7709008, 9.045025 ], [ 38.7734143, 9.0388789 ], [ 38.7737834, 9.0382137 ], [ 38.775375, 9.0328458 ], [ 38.7738646, 9.0301277 ], [ 38.7730888, 9.0299123 ], [ 38.7726027, 9.029819 ], [ 38.7713206, 9.0297792 ], [ 38.7679401, 9.0287723 ], [ 38.7664473, 9.0226405 ], [ 38.7686595, 9.0207369 ], [ 38.7701632, 9.0161573 ], [ 38.7672577, 9.0104737 ], [ 38.7663265, 9.0069713 ], [ 38.7650363, 9.0062102 ], [ 38.7647674, 9.0061136 ], [ 38.7586541, 9.0031765 ], [ 38.7551021, 9.0002629 ], [ 38.7516507, 8.999863 ], [ 38.7474963, 8.9973345 ], [ 38.7463083, 8.995148 ], [ 38.7460999, 8.9948206 ], [ 38.7448289, 8.994766 ], [ 38.7383237, 8.9951094 ], [ 38.7316547, 8.9970266 ], [ 38.7298218, 8.9964402 ], [ 38.7297547, 8.997279 ], [ 38.7302594, 8.9977804 ], [ 38.730182, 9.0046135 ], [ 38.7292146, 9.0052443 ], [ 38.7285474, 9.0064755 ], [ 38.7284978, 9.0065722 ], [ 38.726517, 9.0109459 ], [ 38.7201735, 9.0095651 ], [ 38.7197471, 9.0087074 ], [ 38.7190564, 9.0070821 ], [ 38.7186309, 9.0047421 ], [ 38.7186681, 9.0042571 ], [ 38.7171225, 9.0059583 ], [ 38.7158646, 9.0079272 ], [ 38.7142962, 9.0121102 ], [ 38.7141997, 9.0124602 ], [ 38.7167768, 9.0161987 ], [ 38.7130228, 9.021192 ], [ 38.7111993, 9.0218779 ], [ 38.7069757, 9.0271051 ], [ 38.704327, 9.0274757 ], [ 38.7009992, 9.0336077 ], [ 38.703673, 9.0390692 ], [ 38.7049641, 9.0423603 ], [ 38.7066227, 9.0445411 ], [ 38.7082963, 9.0455772 ], [ 38.7122999, 9.0485977 ], [ 38.7122067, 9.0534927 ] ] ] } },
{ "type": "Feature", "properties": { "threshold_s": 900, "time_label": "15 min drive" }, "geometry": { "type": "Polygon", "coordinates": [ [ [ 38.696339, 9.0593815 ], [ 38.6992943, 9.0655457 ], [ 38.7047361, 9.0671463 ], [ 38.7051867, 9.0669423 ], [ 38.7146036, 9.0688953 ], [ 38.7151902, 9.0700342 ], [ 38.7157707, 9.0714928 ], [ 38.7160362, 9.0719192 ], [ 38.7182799, 9.0763662 ], [ 38.722216, 9.0782878 ], [ 38.7279962, 9.0819581 ], [ 38.7287586, 9.0812933 ], [ 38.7324589, 9.0764417 ], [ 38.7377219, 9.0759888 ], [ 38.7465249, 9.0792228 ], [ 38.7478956, 9.0789074 ], [ 38.7569319, 9.0781488 ], [ 38.7613576, 9.0810134 ], [ 38.7696094, 9.0769923 ], [ 38.7722949, 9.0774652 ], [ 38.7760627, 9.0734872 ], [ 38.7820199, 9.0676257 ], [ 38.7871173, 9.0618773 ], [ 38.7884441, 9.057753 ], [ 38.7884297, 9.056281 ], [ 38.7883158, 9.0551371 ], [ 38.7906995, 9.0454025 ], [ 38.7898711, 9.0353037 ], [ 38.7914952, 9.032615 ], [ 38.7935214, 9.0301317 ], [ 38.7950368, 9.0283534 ], [ 38.7942069, 9.0257138 ], [ 38.7941556, 9.0256189 ], [ 38.7939776, 9.0253189 ], [ 38.7902824, 9.0210024 ], [ 38.7892246, 9.0161315 ], [ 38.7873338, 9.0102722 ], [ 38.7873394, 9.0048926 ], [ 38.7860298, 8.998377 ], [ 38.78009, 8.9905694 ], [ 38.778172499999989, 8.9898978 ], [ 38.7715766, 8.987731 ], [ 38.764265, 8.9836008 ], [ 38.7636957, 8.9832885 ], [ 38.7632988, 8.9831008 ], [ 38.754542, 8.9783302 ], [ 38.7489269, 8.9753662 ], [ 38.7460238, 8.974639 ], [ 38.737625, 8.9739202 ], [ 38.7348683, 8.9754504 ], [ 38.7324017, 8.9766384 ], [ 38.7313138, 8.9771965 ], [ 38.7283872, 8.9787856 ], [ 38.7209608, 8.9794427 ], [ 38.7196929, 8.9792853 ], [ 38.7178704, 8.981205 ], [ 38.7165458, 8.9869257 ], [ 38.7083799, 8.9871736 ], [ 38.7083752, 8.9874839 ], [ 38.703675, 8.9953172 ], [ 38.7019042, 8.9960819 ], [ 38.7007071, 8.9969423 ], [ 38.6985802, 8.9985334 ], [ 38.6948763, 9.0037085 ], [ 38.6942677, 9.0108235 ], [ 38.6927986, 9.0168105 ], [ 38.692697, 9.018415 ], [ 38.6860719, 9.0261078 ], [ 38.6836972, 9.0298809 ], [ 38.6813539, 9.0340427 ], [ 38.6821318, 9.036787 ], [ 38.68424, 9.0404041 ], [ 38.6866004, 9.0482421 ], [ 38.6906552, 9.0515548 ], [ 38.696339, 9.0593815 ] ] ] } },
{ "type": "Feature", "properties": { "threshold_s": 300, "time_label": "5 min drive" }, "geometry": { "type": "Polygon", "coordinates": [ [ [ 38.7377154, 9.0128686 ], [ 38.7407, 9.0169157 ], [ 38.7427906, 9.0182415 ], [ 38.7445428, 9.0193766 ], [ 38.7491447, 9.0218819 ], [ 38.7507988, 9.0236751 ], [ 38.751883, 9.0249976 ], [ 38.7555976, 9.0217609 ], [ 38.7581095, 9.0208226 ], [ 38.76068, 9.0184747 ], [ 38.7632994, 9.0143168 ], [ 38.7654659, 9.0106243 ], [ 38.7672577, 9.0104737 ], [ 38.7663265, 9.0069713 ], [ 38.767867, 9.0044714 ], [ 38.7679271, 9.0042908 ], [ 38.7673828, 8.9998628 ], [ 38.7656088, 8.9967195 ], [ 38.7654197, 8.9966008 ], [ 38.7646631, 8.9960887 ], [ 38.7627677, 8.9945858 ], [ 38.7624092, 8.9944189 ], [ 38.7589179, 8.9917277 ], [ 38.7590906, 8.9903639 ], [ 38.7591078, 8.9902103 ], [ 38.759839, 8.9879885 ], [ 38.759938, 8.987608 ], [ 38.7599589, 8.9875207 ], [ 38.7599512, 8.986485 ], [ 38.7597825, 8.986384 ], [ 38.7564533, 8.9867181 ], [ 38.7542526, 8.9861048 ], [ 38.7506529, 8.9845084 ], [ 38.749979, 8.9842547 ], [ 38.7478922, 8.9855711 ], [ 38.7429973, 8.9871443 ], [ 38.7424041, 8.9872639 ], [ 38.7399049, 8.9885387 ], [ 38.7392676, 8.9926514 ], [ 38.7383237, 8.9951094 ], [ 38.7371778, 8.998569 ], [ 38.7372074, 9.0004715 ], [ 38.7368803, 9.0018037 ], [ 38.733824, 9.0047681 ], [ 38.7337187, 9.0068782 ], [ 38.733779, 9.0089471 ], [ 38.7346733, 9.0100564 ], [ 38.7359091, 9.0114509 ], [ 38.7377154, 9.0128686 ] ] ] } },
{ "type": "Feature", "properties": { "threshold_s": 600, "time_label": "10 min drive" }, "geometry": { "type": "Polygon", "coordinates": [ [ [ 38.7206503, 9.0215885 ], [ 38.721123, 9.0225528 ], [ 38.7224346, 9.0236799 ], [ 38.7279777, 9.0278929 ], [ 38.7308474, 9.0312832 ], [ 38.7328184, 9.0339688 ], [ 38.7376186, 9.0380188 ], [ 38.7410877, 9.0396242 ], [ 38.7428644, 9.0402584 ], [ 38.7486465, 9.0443059 ], [ 38.7543532, 9.0448071 ], [ 38.7565811, 9.0429639 ], [ 38.7565413, 9.0397014 ], [ 38.7603589, 9.0356761 ], [ 38.7620831, 9.0353314 ], [ 38.7632315, 9.0343164 ], [ 38.7654192, 9.0307943 ], [ 38.7701755, 9.0299115 ], [ 38.7711865, 9.0300653 ], [ 38.77690290000001, 9.0259574 ], [ 38.7770203, 9.025766 ], [ 38.7796941, 9.0220515 ], [ 38.7799554, 9.0211994 ], [ 38.7800579, 9.019619 ], [ 38.7819307, 9.0165447 ], [ 38.7872844, 9.0160666 ], [ 38.7874547, 9.016091 ], [ 38.7875045, 9.0160762 ], [ 38.7875552, 9.0160411 ], [ 38.787648, 9.0157163 ], [ 38.7873429, 9.0143333 ], [ 38.7857111, 9.0102443 ], [ 38.7858608, 9.0048218 ], [ 38.7859473, 9.0044728 ], [ 38.7852776, 9.0013407 ], [ 38.7847739, 8.9993148 ], [ 38.7845898, 8.998985 ], [ 38.7847998, 8.9918231 ], [ 38.7866521, 8.9898008 ], [ 38.7843984, 8.9874992 ], [ 38.7815911, 8.9853045 ], [ 38.777456, 8.9794939 ], [ 38.7767997, 8.9780852 ], [ 38.7765164, 8.9779831 ], [ 38.7755219, 8.9781492 ], [ 38.7733966, 8.9781525 ], [ 38.7687171, 8.9780856 ], [ 38.7660779, 8.9717093 ], [ 38.7664998, 8.9707517 ], [ 38.7630229, 8.9646366 ], [ 38.7567186, 8.9656751 ], [ 38.7495122, 8.9634055 ], [ 38.748499099999989, 8.9624584 ], [ 38.748434, 8.9624604 ], [ 38.7425539, 8.9656328 ], [ 38.737573, 8.9679618 ], [ 38.7354362, 8.9691904 ], [ 38.7348551, 8.9696414 ], [ 38.7340753, 8.9706794 ], [ 38.7324061, 8.9741582 ], [ 38.7283872, 8.9787856 ], [ 38.7270547, 8.9798003 ], [ 38.7240083, 8.9841278 ], [ 38.721735099999989, 8.9873103 ], [ 38.719359, 8.9912602 ], [ 38.7190226, 8.9938704 ], [ 38.7187348, 8.9973036 ], [ 38.7189357, 9.0001877 ], [ 38.7182142, 9.0066464 ], [ 38.7168986, 9.0089339 ], [ 38.7153025, 9.0123922 ], [ 38.7151935, 9.0129759 ], [ 38.7152307, 9.0130989 ], [ 38.7179674, 9.0153447 ], [ 38.7205224, 9.0210761 ], [ 38.7206503, 9.0215885 ] ] ] } },
{ "type": "Feature", "properties": { "threshold_s": 900, "time_label": "15 min drive" }, "geometry": { "type": "Polygon", "coordinates": [ [ [ 38.7203166, 9.0491233 ], [ 38.725493899999989, 9.0546703 ], [ 38.7355609, 9.061583 ], [ 38.7436056, 9.0639766 ], [ 38.7446627, 9.0641656 ], [ 38.7483684, 9.0645012 ], [ 38.7615619, 9.0635968 ], [ 38.7681542, 9.0592667 ], [ 38.7726371, 9.0539929 ], [ 38.7793219, 9.0484354 ], [ 38.7852225, 9.0446915 ], [ 38.788646, 9.0371199 ], [ 38.7988474, 9.0307862 ], [ 38.8003777, 9.0302355 ], [ 38.8022468, 9.0290022 ], [ 38.810139, 9.0201299 ], [ 38.8090574, 9.016016 ], [ 38.8059445, 9.0070212 ], [ 38.8064277, 9.0003381 ], [ 38.8059452, 8.9978849 ], [ 38.8035562, 8.9852867 ], [ 38.8021619, 8.9853275 ], [ 38.7996331, 8.9854045 ], [ 38.7971379, 8.9861223 ], [ 38.7899075, 8.9859732 ], [ 38.7880106, 8.9854871 ], [ 38.7855757, 8.9849273 ], [ 38.7842988, 8.9845215 ], [ 38.7787516, 8.9794447 ], [ 38.7828796, 8.9680649 ], [ 38.7865958, 8.9662315 ], [ 38.7755169, 8.9575612 ], [ 38.7753178, 8.956777 ], [ 38.7742697, 8.9534014 ], [ 38.772551, 8.9498245 ], [ 38.7690681, 8.9462568 ], [ 38.7664135, 8.943651 ], [ 38.7660152, 8.9436894 ], [ 38.7532581, 8.9437465 ], [ 38.7491826, 8.942899 ], [ 38.7484621, 8.9436618 ], [ 38.7470053, 8.9453879 ], [ 38.7338126, 8.9477354 ], [ 38.7300132, 8.9498408 ], [ 38.7290021, 8.9511056 ], [ 38.7266015, 8.9562245 ], [ 38.716926, 8.9620024 ], [ 38.7168183, 8.9621724 ], [ 38.7156802, 8.9658749 ], [ 38.7153228, 8.96718 ], [ 38.7092462, 8.9784889 ], [ 38.700637, 8.9836709 ], [ 38.7015879, 8.9870318 ], [ 38.6999735, 8.9990492 ], [ 38.6963139, 9.0037509 ], [ 38.694985, 9.011591 ], [ 38.6964682, 9.0181726 ], [ 38.6966848, 9.0189428 ], [ 38.6968481, 9.0194288 ], [ 38.6972594, 9.0201276 ], [ 38.7004533, 9.024713 ], [ 38.7089674, 9.0354666 ], [ 38.716158299999989, 9.0446251 ], [ 38.7203166, 9.0491233 ] ] ] } },
{ "type": "Feature", "properties": { "threshold_s": 300, "time_label": "5 min drive" }, "geometry": { "type": "Polygon", "coordinates": [ [ [ 38.7399049, 8.9885387 ], [ 38.7397446, 8.9917148 ], [ 38.7398106, 8.9917619 ], [ 38.7438145, 8.9928309 ], [ 38.7462509, 8.9950686 ], [ 38.7463083, 8.995148 ], [ 38.7477143, 8.9960308 ], [ 38.7480953, 8.9961093 ], [ 38.7522604, 8.9960417 ], [ 38.754504, 8.996779 ], [ 38.7547728, 8.9967299 ], [ 38.7555028, 8.9954064 ], [ 38.7577977, 8.9915542 ], [ 38.7591078, 8.9902103 ], [ 38.7610306, 8.9868202 ], [ 38.764763, 8.9826604 ], [ 38.7646558, 8.9779692 ], [ 38.764408, 8.9754267 ], [ 38.7634898, 8.9729395 ], [ 38.7613593, 8.9707294 ], [ 38.7588272, 8.9661457 ], [ 38.7596895, 8.9645419 ], [ 38.7600323, 8.9639746 ], [ 38.7583908, 8.9623564 ], [ 38.7555344, 8.9593632 ], [ 38.7518528, 8.9557927 ], [ 38.7512418, 8.9555263 ], [ 38.7476609, 8.9574208 ], [ 38.7457092, 8.9611077 ], [ 38.7424721, 8.9617445 ], [ 38.7413316, 8.9615622 ], [ 38.7415846, 8.9631367 ], [ 38.7414488, 8.9644008 ], [ 38.7366423, 8.9668581 ], [ 38.7358058, 8.9664959 ], [ 38.7338521, 8.9650684 ], [ 38.7329543, 8.9644861 ], [ 38.7328026, 8.9644736 ], [ 38.7328063, 8.9645796 ], [ 38.7329563, 8.9650128 ], [ 38.7340753, 8.9706794 ], [ 38.73397, 8.9732129 ], [ 38.7339346, 8.9746786 ], [ 38.7340154, 8.9782922 ], [ 38.7342611, 8.9829166 ], [ 38.7369521, 8.9844949 ], [ 38.737172, 8.9846817 ], [ 38.7399049, 8.9885387 ] ] ] } },
{ "type": "Feature", "properties": { "threshold_s": 600, "time_label": "10 min drive" }, "geometry": { "type": "Polygon", "coordinates": [ [ [ 38.7285474, 9.0064755 ], [ 38.7284978, 9.0065722 ], [ 38.7308762, 9.0087034 ], [ 38.7315546, 9.0092875 ], [ 38.7319099, 9.0094945 ], [ 38.7341748, 9.0107132 ], [ 38.7416721, 9.0146911 ], [ 38.7427155, 9.0163732 ], [ 38.7446581, 9.0167997 ], [ 38.7526258, 9.0172874 ], [ 38.7537791, 9.0172612 ], [ 38.7555926, 9.0160591 ], [ 38.7562078, 9.0153727 ], [ 38.7566767, 9.0148583 ], [ 38.7601319, 9.011234 ], [ 38.7661556, 9.0073141 ], [ 38.7699708, 9.0073954 ], [ 38.7718892, 9.0054106 ], [ 38.7738252, 8.9995496 ], [ 38.7758743, 8.9963788 ], [ 38.7816987, 8.9917573 ], [ 38.7822305, 8.9904055 ], [ 38.784115, 8.9851798 ], [ 38.7829895, 8.9840922 ], [ 38.7787516, 8.9794447 ], [ 38.7777914, 8.9763594 ], [ 38.7756114, 8.9726492 ], [ 38.774991, 8.9719637 ], [ 38.7696909, 8.9686206 ], [ 38.7718099, 8.962378 ], [ 38.7726464, 8.9617668 ], [ 38.7728872, 8.9614966 ], [ 38.7746049, 8.9599046 ], [ 38.775242, 8.9583361 ], [ 38.7755169, 8.9575612 ], [ 38.7753178, 8.956777 ], [ 38.7742697, 8.9534014 ], [ 38.7714475, 8.950059 ], [ 38.7664135, 8.943651 ], [ 38.7649015, 8.9419151 ], [ 38.75693050000001, 8.9390526 ], [ 38.7501063, 8.9366738 ], [ 38.7464339, 8.9374638 ], [ 38.7455441, 8.9378929 ], [ 38.7446257, 8.9389036 ], [ 38.7437954, 8.9398233 ], [ 38.7406428, 8.9425517 ], [ 38.7336637, 8.9433848 ], [ 38.7279191, 8.946157 ], [ 38.7275647, 8.9464276 ], [ 38.7261587, 8.9484321 ], [ 38.7232722, 8.9528105 ], [ 38.7192077, 8.9581358 ], [ 38.7149205, 8.9643395 ], [ 38.7137368, 8.9664115 ], [ 38.7135736, 8.9699512 ], [ 38.7136039, 8.9706982 ], [ 38.7137725, 8.9724536 ], [ 38.7140299, 8.9732737 ], [ 38.7189332, 8.9793883 ], [ 38.7180908, 8.9841611 ], [ 38.7167642, 8.9883729 ], [ 38.7163675, 8.990102 ], [ 38.7169688, 8.9929217 ], [ 38.7175484, 8.993658 ], [ 38.7220337, 8.9992215 ], [ 38.7224929, 8.9990797 ], [ 38.7236724, 8.9987142 ], [ 38.7292146, 9.0052443 ], [ 38.7285474, 9.0064755 ] ] ] } },
{ "type": "Feature", "properties": { "threshold_s": 900, "time_label": "15 min drive" }, "geometry": { "type": "Polygon", "coordinates": [ [ [ 38.7172717, 9.0182925 ], [ 38.7200865, 9.0224085 ], [ 38.7279777, 9.0278929 ], [ 38.7324849, 9.032256 ], [ 38.7357049, 9.0343764 ], [ 38.7428422, 9.0353794 ], [ 38.7525465, 9.0380504 ], [ 38.7555497, 9.0379841 ], [ 38.7615119, 9.0304589 ], [ 38.7664952, 9.0274613 ], [ 38.7753358, 9.0224459 ], [ 38.7793942, 9.0198778 ], [ 38.7889022, 9.0159914 ], [ 38.7917436, 9.0057285 ], [ 38.798382, 8.9996783 ], [ 38.7987395, 8.9994411 ], [ 38.797957, 8.9920335 ], [ 38.8035396, 8.9855276 ], [ 38.8035562, 8.9852867 ], [ 38.8021619, 8.9853275 ], [ 38.7996331, 8.9854045 ], [ 38.7971379, 8.9861223 ], [ 38.7899075, 8.9859732 ], [ 38.7880106, 8.9854871 ], [ 38.7855757, 8.9849273 ], [ 38.7842988, 8.9845215 ], [ 38.7787516, 8.9794447 ], [ 38.7828796, 8.9680649 ], [ 38.7902771, 8.9669999 ], [ 38.7904689, 8.9670449 ], [ 38.7908766, 8.9625051 ], [ 38.7897859, 8.9520522 ], [ 38.7900399, 8.9462494 ], [ 38.7897221, 8.9455545 ], [ 38.7863919, 8.9427689 ], [ 38.7854075, 8.9418003 ], [ 38.7786108, 8.930677 ], [ 38.7775374, 8.9285231 ], [ 38.7710707, 8.9251297 ], [ 38.7639414, 8.9219445 ], [ 38.7504724, 8.9206262 ], [ 38.7494304, 8.9189728 ], [ 38.7472521, 8.9176928 ], [ 38.7411947, 8.9172217 ], [ 38.7372297, 8.9182219 ], [ 38.7349753, 8.9195169 ], [ 38.7313264, 8.922716 ], [ 38.7223311, 8.9287954 ], [ 38.7163543, 8.9307024 ], [ 38.715513, 8.9309624 ], [ 38.7140379, 8.9332777 ], [ 38.7103996, 8.9444684 ], [ 38.7026042, 8.9508445 ], [ 38.6957145, 8.9536041 ], [ 38.6949377, 8.9543928 ], [ 38.6953, 8.9566272 ], [ 38.69564, 8.9586806 ], [ 38.6965302, 8.9703163 ], [ 38.693633, 8.981736 ], [ 38.6943827, 8.9854831 ], [ 38.6999704, 8.9919056 ], [ 38.7024943, 8.9964252 ], [ 38.706665, 8.997768 ], [ 38.7086257, 8.9983915 ], [ 38.7161945, 9.0080137 ], [ 38.7142962, 9.0121102 ], [ 38.7172717, 9.0182925 ] ] ] } },
{ "type": "Feature", "properties": { "threshold_s": 300, "time_label": "5 min drive" }, "geometry": { "type": "Polygon", "coordinates": [ [ [ 38.6811676, 8.9684219 ], [ 38.6815953, 8.9697844 ], [ 38.6834595, 8.9706132 ], [ 38.6858402, 8.9702041 ], [ 38.6897077, 8.9689551 ], [ 38.691251, 8.9697153 ], [ 38.691738, 8.9693834 ], [ 38.6917762, 8.9693422 ], [ 38.6951673, 8.9664528 ], [ 38.696651, 8.9647055 ], [ 38.6994427, 8.9641371 ], [ 38.7035377, 8.9635438 ], [ 38.7041916, 8.9633774 ], [ 38.7049812, 8.9630409 ], [ 38.7059028, 8.9616931 ], [ 38.7059901, 8.9615764 ], [ 38.7097852, 8.9596157 ], [ 38.7103525, 8.9597938 ], [ 38.7104482, 8.9583245 ], [ 38.7104142, 8.9569805 ], [ 38.7098284, 8.9560766 ], [ 38.7087649, 8.9521945 ], [ 38.7112892, 8.9485606 ], [ 38.7114099, 8.9479116 ], [ 38.7113665, 8.9477764 ], [ 38.7083825, 8.9462516 ], [ 38.7068989, 8.9474827 ], [ 38.7042759, 8.9441276 ], [ 38.7019385, 8.9415868 ], [ 38.6979501, 8.9404291 ], [ 38.697478, 8.94018 ], [ 38.6943345, 8.9403947 ], [ 38.6905998, 8.941313 ], [ 38.6884219, 8.9413436 ], [ 38.6857396, 8.9414012 ], [ 38.6841137, 8.9413791 ], [ 38.6826055, 8.9416251 ], [ 38.6817489, 8.942167 ], [ 38.6802779, 8.943664 ], [ 38.6801187, 8.9442031 ], [ 38.6802028, 8.9447962 ], [ 38.6803925, 8.945542 ], [ 38.6806364, 8.9463045 ], [ 38.6812202, 8.9471392 ], [ 38.6804992, 8.9510846 ], [ 38.6813858, 8.9539774 ], [ 38.6803134, 8.9557227 ], [ 38.6803973, 8.9570556 ], [ 38.6819766, 8.9576219 ], [ 38.6824842, 8.9577255 ], [ 38.6828119, 8.9577807 ], [ 38.6846973, 8.9618334 ], [ 38.6843044, 8.9624335 ], [ 38.6829673, 8.9643809 ], [ 38.6812171, 8.967792 ], [ 38.6811676, 8.9684219 ] ] ] } },
{ "type": "Feature", "properties": { "threshold_s": 600, "time_label": "10 min drive" }, "geometry": { "type": "Polygon", "coordinates": [ [ [ 38.6661801, 8.9823745 ], [ 38.6700851, 8.9872454 ], [ 38.6771381, 8.9885136 ], [ 38.6856328, 8.9888086 ], [ 38.6875981, 8.9890848 ], [ 38.6884366, 8.9889081 ], [ 38.6942061, 8.987151 ], [ 38.6991773, 8.9831655 ], [ 38.6994709, 8.9825176 ], [ 38.7065117, 8.9752925 ], [ 38.7076208, 8.974797 ], [ 38.7079365, 8.9746578 ], [ 38.7085293, 8.9743943 ], [ 38.7089684, 8.9741971 ], [ 38.7092046, 8.9740936 ], [ 38.7097858, 8.9738359 ], [ 38.7201381, 8.9741528 ], [ 38.7207261, 8.974319 ], [ 38.7220786, 8.974391 ], [ 38.7250285, 8.9746682 ], [ 38.7254521, 8.9746749 ], [ 38.7264343, 8.9743913 ], [ 38.7271476, 8.9721707 ], [ 38.7276923, 8.9702858 ], [ 38.7291968, 8.9634683 ], [ 38.7291811, 8.9630239 ], [ 38.7286976, 8.9605895 ], [ 38.7295898, 8.9521872 ], [ 38.7294238, 8.9498889 ], [ 38.7293728, 8.9494554 ], [ 38.7292342, 8.9479402 ], [ 38.7305792, 8.9379636 ], [ 38.7281496, 8.9355909 ], [ 38.7215052, 8.9314097 ], [ 38.7134852, 8.9255106 ], [ 38.7123176, 8.9260697 ], [ 38.7116689, 8.9264898 ], [ 38.7062073, 8.9295602 ], [ 38.69870250000001, 8.9321675 ], [ 38.6985399, 8.9324667 ], [ 38.6983983, 8.9354585 ], [ 38.6943345, 8.9403947 ], [ 38.6875914, 8.9395825 ], [ 38.6866843, 8.9390464 ], [ 38.6859834, 8.9390791 ], [ 38.6829914, 8.9401098 ], [ 38.6802779, 8.943664 ], [ 38.6801187, 8.9442031 ], [ 38.6802028, 8.9447962 ], [ 38.6803925, 8.945542 ], [ 38.6804992, 8.9510846 ], [ 38.6744597, 8.9588759 ], [ 38.6736308, 8.9592919 ], [ 38.6714437, 8.9605522 ], [ 38.6689286, 8.9616573 ], [ 38.6685213, 8.9620253 ], [ 38.6661552, 8.9645981 ], [ 38.6663185, 8.9704507 ], [ 38.6660041, 8.9802262 ], [ 38.6661801, 8.9823745 ] ] ] } },
{ "type": "Feature", "properties": { "threshold_s": 900, "time_label": "15 min drive" }, "geometry": { "type": "Polygon", "coordinates": [ [ [ 38.6626341, 9.0015813 ], [ 38.6649039, 9.0042052 ], [ 38.6746149, 9.0084849 ], [ 38.694533, 9.0060516 ], [ 38.6947194, 9.0060185 ], [ 38.7086257, 8.9983915 ], [ 38.7248948, 8.9919464 ], [ 38.7392856, 8.9844684 ], [ 38.7466216, 8.976282 ], [ 38.7466576, 8.9749068 ], [ 38.746781, 8.971892 ], [ 38.7470034, 8.9685065 ], [ 38.749602, 8.9521369 ], [ 38.751338, 8.9465348 ], [ 38.7512924, 8.9351019 ], [ 38.7503177, 8.9319296 ], [ 38.7485406, 8.930106 ], [ 38.7394786, 8.9222918 ], [ 38.7308434, 8.9153628 ], [ 38.727289399999989, 8.9135477 ], [ 38.7113597, 8.9196049 ], [ 38.7030194, 8.9214373 ], [ 38.7007337, 8.9274804 ], [ 38.6859834, 8.9390791 ], [ 38.6829914, 8.9401098 ], [ 38.6802779, 8.943664 ], [ 38.6801187, 8.9442031 ], [ 38.6802028, 8.9447962 ], [ 38.6726743, 8.9593681 ], [ 38.6665157, 8.9610838 ], [ 38.6642035, 8.9613076 ], [ 38.6506212, 8.9648657 ], [ 38.648289, 8.9660699 ], [ 38.647432, 8.9716747 ], [ 38.6470265, 8.9748942 ], [ 38.6470757, 8.9771918 ], [ 38.6597476, 8.9909745 ], [ 38.6592607, 8.9944693 ], [ 38.6626341, 9.0015813 ] ] ] } },
{ "type": "Feature", "properties": { "threshold_s": 300, "time_label": "5 min drive" }, "geometry": { "type": "Polygon", "coordinates": [ [ [ 38.7319874, 9.0553044 ], [ 38.7332947, 9.0567827 ], [ 38.7340075, 9.0568879 ], [ 38.7391153, 9.0581553 ], [ 38.7403279, 9.0585973 ], [ 38.7439044, 9.0592462 ], [ 38.7484489, 9.0588421 ], [ 38.7513386, 9.0566671 ], [ 38.7539978, 9.0561037 ], [ 38.7569102, 9.0555767 ], [ 38.7575758, 9.0539344 ], [ 38.7595873, 9.0507041 ], [ 38.7588879, 9.0497151 ], [ 38.7580652, 9.0488412 ], [ 38.7612864, 9.0448542 ], [ 38.7613838, 9.0448472 ], [ 38.7630773, 9.0436988 ], [ 38.7636595, 9.043088 ], [ 38.7620077, 9.0410376 ], [ 38.7619234, 9.0409444 ], [ 38.7596169, 9.0366557 ], [ 38.7596682, 9.034679 ], [ 38.7568262, 9.030107 ], [ 38.7575971, 9.0292881 ], [ 38.7565032, 9.0287242 ], [ 38.7549855, 9.028112 ], [ 38.7517903, 9.0249097 ], [ 38.751583, 9.0249059 ], [ 38.7480859, 9.027872 ], [ 38.7461541, 9.0283428 ], [ 38.7456176, 9.0283852 ], [ 38.7435203, 9.0282082 ], [ 38.7411225, 9.0286084 ], [ 38.7386895, 9.0292456 ], [ 38.7343263, 9.0302977 ], [ 38.7325788, 9.0315183 ], [ 38.73110830000001, 9.0327577 ], [ 38.7300508, 9.033799 ], [ 38.7286133, 9.0377362 ], [ 38.7277025, 9.039767 ], [ 38.7275704, 9.0403259 ], [ 38.7274041, 9.0412133 ], [ 38.7276385, 9.0441208 ], [ 38.7280317, 9.044982 ], [ 38.7317923, 9.0484336 ], [ 38.7310689, 9.050217 ], [ 38.730085, 9.0510296 ], [ 38.7306954, 9.05348 ], [ 38.7319874, 9.0553044 ] ] ] } },
{ "type": "Feature", "properties": { "threshold_s": 600, "time_label": "10 min drive" }, "geometry": { "type": "Polygon", "coordinates": [ [ [ 38.7157479, 9.0667755 ], [ 38.716975, 9.0684375 ], [ 38.7215124, 9.0716122 ], [ 38.7257969, 9.0726548 ], [ 38.7338488, 9.072825 ], [ 38.7348948, 9.0733919 ], [ 38.7377219, 9.0759888 ], [ 38.7445479, 9.0766414 ], [ 38.7510584, 9.0755627 ], [ 38.7567401, 9.0780534 ], [ 38.7569319, 9.0781488 ], [ 38.7584755, 9.0766311 ], [ 38.7641785, 9.0725384 ], [ 38.7665979, 9.0720205 ], [ 38.7718569, 9.0681038 ], [ 38.7728937, 9.0671066 ], [ 38.7760456, 9.0634333 ], [ 38.7774746, 9.058994 ], [ 38.7811391, 9.0523363 ], [ 38.7817818, 9.0466303 ], [ 38.7832034, 9.0412485 ], [ 38.7838114, 9.0389039 ], [ 38.7835932, 9.0378847 ], [ 38.7817318, 9.0329631 ], [ 38.7761492, 9.027044 ], [ 38.7754401, 9.0268163 ], [ 38.7726906, 9.0277322 ], [ 38.7664473, 9.0226405 ], [ 38.7683945, 9.0192425 ], [ 38.7674265, 9.0166327 ], [ 38.7654659, 9.0106243 ], [ 38.7643986, 9.0090118 ], [ 38.7590704, 9.0068685 ], [ 38.7551838, 9.0038287 ], [ 38.7547041, 9.0038506 ], [ 38.7531698, 9.0041116 ], [ 38.7465419, 9.0063014 ], [ 38.7433631, 9.0074509 ], [ 38.7432431, 9.0074962 ], [ 38.7359332, 9.0101339 ], [ 38.7281463, 9.0122149 ], [ 38.7260014, 9.0147848 ], [ 38.720787799999989, 9.0176508 ], [ 38.7164264, 9.0211177 ], [ 38.7152763, 9.0236018 ], [ 38.7152166, 9.0245608 ], [ 38.715158, 9.0253611 ], [ 38.711698, 9.0327739 ], [ 38.7114706, 9.0334569 ], [ 38.7101037, 9.0385465 ], [ 38.7106312, 9.039599 ], [ 38.712546, 9.0456296 ], [ 38.7122999, 9.0485977 ], [ 38.7131065, 9.0568466 ], [ 38.7129772, 9.0578141 ], [ 38.7154944, 9.0661054 ], [ 38.7157479, 9.0667755 ] ] ] } },
{ "type": "Feature", "properties": { "threshold_s": 900, "time_label": "15 min drive" }, "geometry": { "type": "Polygon", "coordinates": [ [ [ 38.6960287, 9.0661942 ], [ 38.6963986, 9.0667089 ], [ 38.698357799999989, 9.0683166 ], [ 38.7066767, 9.0720331 ], [ 38.7160362, 9.0719192 ], [ 38.7182799, 9.0763662 ], [ 38.7190591, 9.077488 ], [ 38.7222228, 9.0847868 ], [ 38.7265894, 9.0880836 ], [ 38.7309526, 9.086197 ], [ 38.7380585, 9.0909943 ], [ 38.7482871, 9.0888993 ], [ 38.7485714, 9.0882718 ], [ 38.7536985, 9.0820899 ], [ 38.761552, 9.0882703 ], [ 38.7621984, 9.0915386 ], [ 38.7624773, 9.0915916 ], [ 38.7640853, 9.0916459 ], [ 38.7643856, 9.0915056 ], [ 38.7625162, 9.0885921 ], [ 38.7622379, 9.0881776 ], [ 38.7613576, 9.0810134 ], [ 38.7700425, 9.0798452 ], [ 38.773237, 9.081739 ], [ 38.7736219, 9.0787401 ], [ 38.7845762, 9.0804395 ], [ 38.7856852, 9.0805299 ], [ 38.7909396, 9.0715351 ], [ 38.7957475, 9.0620051 ], [ 38.7959567, 9.0614277 ], [ 38.7931769, 9.0568746 ], [ 38.792129, 9.0494167 ], [ 38.7967241, 9.0428703 ], [ 38.7975584, 9.0393973 ], [ 38.8011234, 9.0303124 ], [ 38.8022468, 9.0290022 ], [ 38.8022679, 9.0289403 ], [ 38.8010437, 9.0214108 ], [ 38.7949564, 9.0184715 ], [ 38.7877233, 9.0124807 ], [ 38.7846418, 9.004535 ], [ 38.7835287, 9.0002109 ], [ 38.7779845, 8.9920851 ], [ 38.7764195, 8.9911022 ], [ 38.7727274, 8.9902942 ], [ 38.7706285, 8.9900889 ], [ 38.7622147, 8.9858887 ], [ 38.7615543, 8.9853726 ], [ 38.7592917, 8.9842459 ], [ 38.7507601, 8.9826776 ], [ 38.7496555, 8.9826637 ], [ 38.7411167, 8.9863035 ], [ 38.737164, 8.9860752 ], [ 38.733775, 8.9882291 ], [ 38.7256426, 8.9913092 ], [ 38.7255622, 8.9913882 ], [ 38.7185878, 8.9978946 ], [ 38.7143733, 9.0001679 ], [ 38.7091872, 9.006355 ], [ 38.7093334, 9.007922 ], [ 38.7089059, 9.0123129 ], [ 38.7019781, 9.0177355 ], [ 38.7012952, 9.0178634 ], [ 38.695874, 9.0248457 ], [ 38.6897313, 9.0338245 ], [ 38.6925361, 9.0407319 ], [ 38.6933702, 9.0449734 ], [ 38.697561, 9.0516751 ], [ 38.6936823, 9.0575249 ], [ 38.6931458, 9.0582512 ], [ 38.6928332, 9.0587042 ], [ 38.6960287, 9.0661942 ] ] ] } },
{ "type": "Feature", "properties": { "threshold_s": 300, "time_label": "5 min drive" }, "geometry": { "type": "Polygon", "coordinates": [ [ [ 38.7088545, 9.0579977 ], [ 38.7110449, 9.061498 ], [ 38.7147419, 9.0627772 ], [ 38.7159044, 9.0653812 ], [ 38.7171385, 9.0670496 ], [ 38.7212644, 9.0687352 ], [ 38.7217388, 9.0682257 ], [ 38.723725, 9.0671823 ], [ 38.7276242, 9.0684574 ], [ 38.7286252, 9.0682274 ], [ 38.7294912, 9.0670254 ], [ 38.7302296, 9.0659928 ], [ 38.7339149, 9.0647827 ], [ 38.7382701, 9.0631384 ], [ 38.7396581, 9.0633867 ], [ 38.741707, 9.0617815 ], [ 38.741958, 9.0602788 ], [ 38.7418336, 9.0588026 ], [ 38.7412336, 9.0577602 ], [ 38.7425228, 9.0539333 ], [ 38.742959, 9.0532693 ], [ 38.743018, 9.0517899 ], [ 38.7432714, 9.0477428 ], [ 38.7424815, 9.0466223 ], [ 38.7413442, 9.0456555 ], [ 38.7400983, 9.0432815 ], [ 38.7427163, 9.0408189 ], [ 38.7428382, 9.0405001 ], [ 38.7428831, 9.0389869 ], [ 38.7427149, 9.0385204 ], [ 38.7423797, 9.0384966 ], [ 38.7394211, 9.0374704 ], [ 38.7386385, 9.0351785 ], [ 38.7341841, 9.0341678 ], [ 38.7333083, 9.0330763 ], [ 38.7314141, 9.03061 ], [ 38.7300098, 9.0304504 ], [ 38.7273431, 9.0308044 ], [ 38.7237266, 9.030239 ], [ 38.7226369, 9.0322508 ], [ 38.719316, 9.0342986 ], [ 38.716601, 9.0346615 ], [ 38.716273, 9.0346479 ], [ 38.7147425, 9.0355527 ], [ 38.7124189, 9.0392887 ], [ 38.7125735, 9.0418557 ], [ 38.712546, 9.0456296 ], [ 38.7122999, 9.0485977 ], [ 38.7113584, 9.0518981 ], [ 38.7103567, 9.0530034 ], [ 38.7089931, 9.0542446 ], [ 38.7089404, 9.054733 ], [ 38.7088545, 9.0579977 ] ] ] } },
{ "type": "Feature", "properties": { "threshold_s": 600, "time_label": "10 min drive" }, "geometry": { "type": "Polygon", "coordinates": [ [ [ 38.6914968, 9.0664183 ], [ 38.6933729, 9.0686052 ], [ 38.6941335, 9.0690387 ], [ 38.6953996, 9.0696928 ], [ 38.698357799999989, 9.0683166 ], [ 38.6992261, 9.0679087 ], [ 38.7001384, 9.0673675 ], [ 38.7047361, 9.0671463 ], [ 38.7049681, 9.0734342 ], [ 38.7040883, 9.075675 ], [ 38.7066767, 9.0720331 ], [ 38.7064393, 9.0656273 ], [ 38.707658, 9.0628554 ], [ 38.7110449, 9.061498 ], [ 38.7154944, 9.0661054 ], [ 38.714509, 9.0682505 ], [ 38.7146036, 9.0688953 ], [ 38.7151902, 9.0700342 ], [ 38.715507, 9.070681 ], [ 38.7157707, 9.0714928 ], [ 38.7160362, 9.0719192 ], [ 38.7182799, 9.0763662 ], [ 38.7190591, 9.077488 ], [ 38.7212082, 9.0809212 ], [ 38.7222228, 9.0847868 ], [ 38.7255473, 9.0871632 ], [ 38.726289, 9.0858111 ], [ 38.7287586, 9.0812933 ], [ 38.7324589, 9.0764417 ], [ 38.7377219, 9.0759888 ], [ 38.7382369, 9.0758127 ], [ 38.7445479, 9.0766414 ], [ 38.7465249, 9.0792228 ], [ 38.7523673, 9.0750431 ], [ 38.754019, 9.0745692 ], [ 38.7573112, 9.0714304 ], [ 38.76030990000001, 9.0681525 ], [ 38.7609954, 9.065757 ], [ 38.7615619, 9.0635968 ], [ 38.7611409, 9.058726 ], [ 38.7626772, 9.0557355 ], [ 38.7624706, 9.0535973 ], [ 38.7621454, 9.0508758 ], [ 38.761717, 9.0477339 ], [ 38.7628401, 9.0434637 ], [ 38.7608651, 9.0372753 ], [ 38.7599654, 9.0337094 ], [ 38.7581126, 9.0269965 ], [ 38.7573693, 9.0258112 ], [ 38.7520594, 9.0220584 ], [ 38.7466047, 9.0184173 ], [ 38.7446581, 9.0164321 ], [ 38.7445388, 9.0164308 ], [ 38.7378143, 9.013647 ], [ 38.7340005, 9.0108205 ], [ 38.7270118, 9.0118618 ], [ 38.7264951, 9.0122563 ], [ 38.7197772, 9.0151449 ], [ 38.7171289, 9.0153936 ], [ 38.7166933, 9.0154221 ], [ 38.7161105, 9.0154626 ], [ 38.713527, 9.0174057 ], [ 38.7066431, 9.0181488 ], [ 38.7052779, 9.0200547 ], [ 38.7008429, 9.0244859 ], [ 38.7003976, 9.02517 ], [ 38.6973673, 9.0297498 ], [ 38.6951821, 9.0328202 ], [ 38.6938888, 9.0371315 ], [ 38.6935949, 9.0381966 ], [ 38.6937484, 9.0394121 ], [ 38.6939537, 9.0414172 ], [ 38.6950265, 9.0442973 ], [ 38.6962332, 9.0505908 ], [ 38.693628, 9.0526448 ], [ 38.6915735, 9.0541893 ], [ 38.6892241, 9.0567652 ], [ 38.6886941, 9.0608337 ], [ 38.6914968, 9.0664183 ] ] ] } },
{ "type": "Feature", "properties": { "threshold_s": 900, "time_label": "15 min drive" }, "geometry": { "type": "Polygon", "coordinates": [ [ [ 38.6847362, 9.0650724 ], [ 38.6848046, 9.0744871 ], [ 38.689663, 9.0762027 ], [ 38.6938391, 9.0730859 ], [ 38.7040883, 9.075675 ], [ 38.7066767, 9.0720331 ], [ 38.7182799, 9.0763662 ], [ 38.7190591, 9.077488 ], [ 38.7212082, 9.0809212 ], [ 38.7222228, 9.0847868 ], [ 38.7107912, 9.0885365 ], [ 38.7188042, 9.0925749 ], [ 38.7265894, 9.0880836 ], [ 38.7380585, 9.0909943 ], [ 38.7489573, 9.092251 ], [ 38.753288, 9.0918086 ], [ 38.7625162, 9.0885921 ], [ 38.7700425, 9.0798452 ], [ 38.773237, 9.081739 ], [ 38.775458, 9.0732412 ], [ 38.7783399, 9.0654736 ], [ 38.7793747, 9.061308 ], [ 38.7795696, 9.0597882 ], [ 38.7805336, 9.0516264 ], [ 38.7814175, 9.0458715 ], [ 38.7829559, 9.0389049 ], [ 38.7832121, 9.0378256 ], [ 38.7824747, 9.0362328 ], [ 38.7794925, 9.0310097 ], [ 38.7764797, 9.0254299 ], [ 38.7701632, 9.0161573 ], [ 38.7663265, 9.0069713 ], [ 38.7586541, 9.0031765 ], [ 38.7564305, 9.0022735 ], [ 38.7539989, 9.0011037 ], [ 38.7457812, 8.9950724 ], [ 38.7393484, 8.9926713 ], [ 38.7392676, 8.9926514 ], [ 38.7381707, 8.9924364 ], [ 38.7279788, 8.9914395 ], [ 38.7256426, 8.9913092 ], [ 38.717408399999989, 8.9936023 ], [ 38.7140761, 8.9957769 ], [ 38.7068624, 9.0047688 ], [ 38.6953381, 9.0041609 ], [ 38.694202, 9.0035965 ], [ 38.6939984, 9.0035187 ], [ 38.6888273, 9.0067511 ], [ 38.6860884, 9.0161453 ], [ 38.6824898, 9.0240176 ], [ 38.6802902, 9.0273079 ], [ 38.6766225, 9.0317898 ], [ 38.6764331, 9.0321386 ], [ 38.6763544, 9.0324155 ], [ 38.6764595, 9.0345186 ], [ 38.6794643, 9.0446396 ], [ 38.6806176, 9.0455197 ], [ 38.6846724, 9.0563468 ], [ 38.6847206, 9.0589202 ], [ 38.684761, 9.0605151 ], [ 38.6847507, 9.0616361 ], [ 38.6847578, 9.0622835 ], [ 38.6847362, 9.0650724 ] ] ] } },
{ "type": "Feature", "properties": { "threshold_s": 300, "time_label": "5 min drive" }, "geometry": { "type": "Polygon", "coordinates": [ [ [ 38.7339346, 8.9746786 ], [ 38.7340875, 8.9777387 ], [ 38.7344728, 8.9778061 ], [ 38.7383627, 8.9785833 ], [ 38.7397105, 8.9799074 ], [ 38.7412755, 8.9806774 ], [ 38.743505, 8.9842753 ], [ 38.7446144, 8.9851407 ], [ 38.7486479, 8.9869149 ], [ 38.7513983, 8.9875137 ], [ 38.7528595, 8.9860896 ], [ 38.7536663, 8.9851731 ], [ 38.7566253, 8.9821654 ], [ 38.7610923, 8.9797751 ], [ 38.7624999, 8.9784998 ], [ 38.7627253, 8.9779127 ], [ 38.7632147, 8.9764116 ], [ 38.7628969, 8.9764417 ], [ 38.762356, 8.9764219 ], [ 38.7584311, 8.9727864 ], [ 38.7613593, 8.9707294 ], [ 38.76242, 8.9685074 ], [ 38.762618, 8.9673329 ], [ 38.7627127, 8.9666965 ], [ 38.7628423, 8.9658809 ], [ 38.7630229, 8.9646366 ], [ 38.7632151, 8.9633794 ], [ 38.7633621, 8.962338 ], [ 38.7640562, 8.9583092 ], [ 38.7640214, 8.9576842 ], [ 38.764001, 8.9574999 ], [ 38.7625686, 8.9544556 ], [ 38.7619976, 8.9532525 ], [ 38.760432, 8.9521374 ], [ 38.7577295, 8.951171 ], [ 38.7547486, 8.9496682 ], [ 38.7528442, 8.947854 ], [ 38.7513676, 8.9474002 ], [ 38.7504042, 8.9473121 ], [ 38.7498443, 8.9472918 ], [ 38.7492023, 8.947591 ], [ 38.7481319, 8.9487824 ], [ 38.7480926, 8.9491966 ], [ 38.7436101, 8.9520586 ], [ 38.7428686, 8.9523515 ], [ 38.7421294, 8.9527569 ], [ 38.7415064, 8.9531372 ], [ 38.7409466, 8.9535255 ], [ 38.7407423, 8.9543131 ], [ 38.7403759, 8.9568763 ], [ 38.7404933, 8.9609058 ], [ 38.7414488, 8.9644008 ], [ 38.7366423, 8.9668581 ], [ 38.7358058, 8.9664959 ], [ 38.7338521, 8.9650684 ], [ 38.7328751, 8.963896 ], [ 38.73210550000001, 8.9646348 ], [ 38.734564, 8.9691946 ], [ 38.7344563, 8.969611 ], [ 38.7340753, 8.9706794 ], [ 38.73397, 8.9732129 ], [ 38.7339346, 8.9746786 ] ] ] } },
{ "type": "Feature", "properties": { "threshold_s": 600, "time_label": "10 min drive" }, "geometry": { "type": "Polygon", "coordinates": [ [ [ 38.7209232, 8.9873866 ], [ 38.7206103, 8.9904456 ], [ 38.7245502, 8.9929448 ], [ 38.7302594, 8.9977804 ], [ 38.7380116, 9.003884 ], [ 38.7448468, 9.0074017 ], [ 38.7463103, 9.0094412 ], [ 38.754098, 9.0095758 ], [ 38.7542888, 9.0095569 ], [ 38.7543422, 9.0095442 ], [ 38.7567295, 9.0078257 ], [ 38.7587141, 9.0041929 ], [ 38.7666007, 9.0001548 ], [ 38.7752527, 8.9957331 ], [ 38.777074, 8.9920119 ], [ 38.7784041, 8.9888346 ], [ 38.7787847, 8.9878668 ], [ 38.7790117, 8.987087 ], [ 38.7796141, 8.9839407 ], [ 38.7796793, 8.9834842 ], [ 38.7787516, 8.9794447 ], [ 38.7773636, 8.975878 ], [ 38.7705231, 8.9704184 ], [ 38.7710899, 8.9678887 ], [ 38.7715801, 8.967035 ], [ 38.7746049, 8.9599046 ], [ 38.775242, 8.9583361 ], [ 38.7786305, 8.9527371 ], [ 38.7790963, 8.9518142 ], [ 38.7796102, 8.9508393 ], [ 38.7788314, 8.9489111 ], [ 38.7737989, 8.941475 ], [ 38.773277899999989, 8.940861 ], [ 38.7716934, 8.9390288 ], [ 38.765818, 8.9329306 ], [ 38.7600432, 8.9335745 ], [ 38.7559502, 8.931876 ], [ 38.7473794, 8.9300125 ], [ 38.7443684, 8.9290581 ], [ 38.742211, 8.9293805 ], [ 38.7416106, 8.9295819 ], [ 38.739571, 8.9322141 ], [ 38.7340113, 8.9367007 ], [ 38.7262343, 8.9422536 ], [ 38.7251919, 8.9436272 ], [ 38.7250015, 8.9438988 ], [ 38.7238302, 8.9459732 ], [ 38.7235223, 8.9475782 ], [ 38.7229636, 8.9499605 ], [ 38.7185397, 8.9585901 ], [ 38.7150158, 8.9614105 ], [ 38.7130309, 8.9664154 ], [ 38.7129042, 8.9695476 ], [ 38.7133613, 8.9718264 ], [ 38.7140299, 8.9732737 ], [ 38.7189332, 8.9793883 ], [ 38.7209232, 8.9873866 ] ] ] } },
{ "type": "Feature", "properties": { "threshold_s": 900, "time_label": "15 min drive" }, "geometry": { "type": "Polygon", "coordinates": [ [ [ 38.6930411, 8.9821796 ], [ 38.693959, 8.9852155 ], [ 38.6943827, 8.9854831 ], [ 38.6945343, 8.9855771 ], [ 38.7051069, 8.9925725 ], [ 38.7079906, 8.9934171 ], [ 38.7083559, 8.993551 ], [ 38.7140761, 8.9957769 ], [ 38.7188894, 9.0059185 ], [ 38.7190919, 9.0068716 ], [ 38.7197143, 9.0079515 ], [ 38.724787, 9.0155262 ], [ 38.7336241, 9.0231117 ], [ 38.739742, 9.0284841 ], [ 38.7512775, 9.0305243 ], [ 38.7518743, 9.0302856 ], [ 38.7523777, 9.0300754 ], [ 38.7531912, 9.0297342 ], [ 38.7581126, 9.0269965 ], [ 38.7616201, 9.0233396 ], [ 38.7687544, 9.0164593 ], [ 38.7741335, 9.0152535 ], [ 38.7793668, 9.0132882 ], [ 38.7859386, 9.007004 ], [ 38.792624, 8.9985777 ], [ 38.797957, 8.9920335 ], [ 38.7967419, 8.9891166 ], [ 38.7962584, 8.9887523 ], [ 38.7899075, 8.9859732 ], [ 38.7880106, 8.9854871 ], [ 38.7855757, 8.9849273 ], [ 38.7842988, 8.9845215 ], [ 38.7787516, 8.9794447 ], [ 38.7828796, 8.9680649 ], [ 38.7909604, 8.9677523 ], [ 38.7914937, 8.9674282 ], [ 38.7923209, 8.9649386 ], [ 38.795303, 8.9592098 ], [ 38.797655399999989, 8.9502162 ], [ 38.7988172, 8.9457455 ], [ 38.7984793, 8.9453468 ], [ 38.7931886, 8.9442637 ], [ 38.7910489, 8.93304 ], [ 38.7847035, 8.922135 ], [ 38.778131, 8.9192196 ], [ 38.7723291, 8.9168573 ], [ 38.7632103, 8.9128309 ], [ 38.7582412, 8.9164931 ], [ 38.7476487, 8.9130972 ], [ 38.7458374, 8.9098863 ], [ 38.7451422, 8.9095862 ], [ 38.735108, 8.9095624 ], [ 38.7311683, 8.9119728 ], [ 38.7296109, 8.9130906 ], [ 38.7270135, 8.9172375 ], [ 38.7245147, 8.9217196 ], [ 38.7229904, 8.9238982 ], [ 38.71189420000001, 8.9305843 ], [ 38.7111586, 8.9337705 ], [ 38.707484, 8.9424309 ], [ 38.7028572, 8.950524 ], [ 38.696271, 8.9522909 ], [ 38.696078, 8.9523082 ], [ 38.6949377, 8.9543928 ], [ 38.6944314, 8.9560721 ], [ 38.6946148, 8.9572657 ], [ 38.6965302, 8.9703163 ], [ 38.6932832, 8.9816417 ], [ 38.6930411, 8.9821796 ] ] ] } },
{ "type": "Feature", "properties": { "threshold_s": 300, "time_label": "5 min drive" }, "geometry": { "type": "Polygon", "coordinates": [ [ [ 38.7339346, 8.9746786 ], [ 38.7341784, 8.9766996 ], [ 38.7383627, 8.9785833 ], [ 38.7410017, 8.9796201 ], [ 38.743529, 8.9827014 ], [ 38.7440929, 8.9831576 ], [ 38.74802, 8.9855194 ], [ 38.7512463, 8.9870877 ], [ 38.751491, 8.9864276 ], [ 38.7553965, 8.9820855 ], [ 38.759964, 8.9792704 ], [ 38.7623526, 8.9769294 ], [ 38.7620297, 8.9769472 ], [ 38.7584311, 8.9727864 ], [ 38.7613593, 8.9707294 ], [ 38.76242, 8.9685074 ], [ 38.762618, 8.9673329 ], [ 38.7627127, 8.9666965 ], [ 38.7628423, 8.9658809 ], [ 38.7629064, 8.9653976 ], [ 38.7630229, 8.9646366 ], [ 38.7632151, 8.9633794 ], [ 38.7633621, 8.962338 ], [ 38.7662447, 8.9572923 ], [ 38.762744, 8.9530703 ], [ 38.7601136, 8.9511388 ], [ 38.759338, 8.9508307 ], [ 38.7560588, 8.9495278 ], [ 38.753968, 8.9467924 ], [ 38.7523613, 8.9461382 ], [ 38.7498369, 8.9457517 ], [ 38.7491995, 8.9460984 ], [ 38.748765, 8.9466319 ], [ 38.7482509, 8.9476784 ], [ 38.7435148, 8.9507927 ], [ 38.7418642, 8.9517837 ], [ 38.7407055, 8.952488 ], [ 38.7406848, 8.9525624 ], [ 38.7407423, 8.9543131 ], [ 38.7403759, 8.9568763 ], [ 38.7404933, 8.9609058 ], [ 38.7414488, 8.9644008 ], [ 38.7366423, 8.9668581 ], [ 38.7358058, 8.9664959 ], [ 38.7338521, 8.9650684 ], [ 38.7333485, 8.9648141 ], [ 38.7340753, 8.9706794 ], [ 38.73397, 8.9732129 ], [ 38.7339346, 8.9746786 ] ] ] } },
{ "type": "Feature", "properties": { "threshold_s": 600, "time_label": "10 min drive" }, "geometry": { "type": "Polygon", "coordinates": [ [ [ 38.7220165, 8.9877903 ], [ 38.7248948, 8.9919464 ], [ 38.7324621, 8.9965338 ], [ 38.7368938, 9.0019137 ], [ 38.7375899, 9.0023508 ], [ 38.7415638, 9.0038567 ], [ 38.7464049, 9.0076974 ], [ 38.7464806, 9.0077087 ], [ 38.7469207, 9.0077617 ], [ 38.7544449, 9.007789 ], [ 38.7549512, 9.0077402 ], [ 38.7560328, 9.0070649 ], [ 38.7587141, 9.0041929 ], [ 38.7649101, 8.9987426 ], [ 38.7662316, 8.9977834 ], [ 38.7746638, 8.9941942 ], [ 38.774816199999989, 8.9941075 ], [ 38.7760802, 8.9916884 ], [ 38.7778063, 8.9876901 ], [ 38.778396, 8.984641 ], [ 38.7786342, 8.9830658 ], [ 38.7785645, 8.9821469 ], [ 38.7784405, 8.9816191 ], [ 38.7776473, 8.979045 ], [ 38.7769645, 8.9775777 ], [ 38.7767224, 8.9774806 ], [ 38.7705231, 8.9704184 ], [ 38.7715801, 8.967035 ], [ 38.7746049, 8.9599046 ], [ 38.779052, 8.9539221 ], [ 38.7797429, 8.9528702 ], [ 38.7810661, 8.9504658 ], [ 38.7800146, 8.9482264 ], [ 38.7743569, 8.9402565 ], [ 38.7724535, 8.9380532 ], [ 38.7667501, 8.9317034 ], [ 38.7592359, 8.9312294 ], [ 38.7563968, 8.9308426 ], [ 38.7469314, 8.9283053 ], [ 38.7449545, 8.9273318 ], [ 38.7415896, 8.9271952 ], [ 38.7408173, 8.9278922 ], [ 38.7389504, 8.9325593 ], [ 38.7340113, 8.9367007 ], [ 38.7252917, 8.9411583 ], [ 38.7233013, 8.9441731 ], [ 38.721188, 8.9492656 ], [ 38.7212673, 8.9500755 ], [ 38.7197015, 8.9584209 ], [ 38.716926, 8.9620024 ], [ 38.7168183, 8.9621724 ], [ 38.7144134, 8.9664039 ], [ 38.7137725, 8.9724536 ], [ 38.7140299, 8.9732737 ], [ 38.7218581, 8.9783907 ], [ 38.7223423, 8.9804502 ], [ 38.722532, 8.9843766 ], [ 38.7220165, 8.9877903 ] ] ] } },
{ "type": "Feature", "properties": { "threshold_s": 900, "time_label": "15 min drive" }, "geometry": { "type": "Polygon", "coordinates": [ [ [ 38.6942012, 8.982279 ], [ 38.6951955, 8.984899 ], [ 38.7045921, 8.9908101 ], [ 38.7063411, 8.9919437 ], [ 38.7090185, 8.992419 ], [ 38.715329, 8.9947232 ], [ 38.7189773, 9.0029713 ], [ 38.7188894, 9.0059185 ], [ 38.7190919, 9.0068716 ], [ 38.7197143, 9.0079515 ], [ 38.7260014, 9.0147848 ], [ 38.7334491, 9.021133 ], [ 38.7404256, 9.0274322 ], [ 38.7431722, 9.0283607 ], [ 38.7516948, 9.0287486 ], [ 38.7526328, 9.0285574 ], [ 38.7572955, 9.0263761 ], [ 38.7605536, 9.0224021 ], [ 38.7638225, 9.0193203 ], [ 38.7732235, 9.0146348 ], [ 38.7778035, 9.0124771 ], [ 38.7837833, 9.0077407 ], [ 38.7847403, 9.0066431 ], [ 38.7917227, 8.9977053 ], [ 38.7976136, 8.9913002 ], [ 38.79654, 8.9900417 ], [ 38.7942992, 8.9887271 ], [ 38.7920318, 8.9875297 ], [ 38.791375, 8.9871117 ], [ 38.7899075, 8.9859732 ], [ 38.7880106, 8.9854871 ], [ 38.7855757, 8.9849273 ], [ 38.7842988, 8.9845215 ], [ 38.7787516, 8.9794447 ], [ 38.7828796, 8.9680649 ], [ 38.7919347, 8.9698281 ], [ 38.7932792, 8.9657434 ], [ 38.7962545, 8.9594646 ], [ 38.798652, 8.9492024 ], [ 38.7988172, 8.9457455 ], [ 38.7984793, 8.9453468 ], [ 38.7923188, 8.9370136 ], [ 38.7922043, 8.9295257 ], [ 38.7844674, 8.9214944 ], [ 38.7791068, 8.9184682 ], [ 38.7708029, 8.9157749 ], [ 38.7637464, 8.9120776 ], [ 38.7635736, 8.9120019 ], [ 38.7582041, 8.9148085 ], [ 38.746376, 8.9094829 ], [ 38.7462511, 8.9092784 ], [ 38.7460543, 8.9090557 ], [ 38.7445052, 8.908509 ], [ 38.7421436, 8.9084803 ], [ 38.735762, 8.9091884 ], [ 38.7307687, 8.9115857 ], [ 38.7303016, 8.9121989 ], [ 38.7296109, 8.9130906 ], [ 38.7270246, 8.9164573 ], [ 38.7202896, 8.9240603 ], [ 38.7118706, 8.9287413 ], [ 38.7097542, 8.9311591 ], [ 38.70697710000001, 8.9411565 ], [ 38.706592, 8.9420225 ], [ 38.7025941, 8.9502734 ], [ 38.6957145, 8.9536041 ], [ 38.6955472, 8.9550699 ], [ 38.6956474, 8.9586313 ], [ 38.6971313, 8.9687966 ], [ 38.69741, 8.9697137 ], [ 38.6942012, 8.982279 ] ] ] } },
{ "type": "Feature", "properties": { "threshold_s": 300, "time_label": "5 min drive" }, "geometry": { "type": "Polygon", "coordinates": [ [ [ 38.729702, 8.9790317 ], [ 38.7302037, 8.9803236 ], [ 38.7315756, 8.9815369 ], [ 38.733146, 8.9827689 ], [ 38.7351134, 8.9837889 ], [ 38.7394077, 8.9868674 ], [ 38.7435155, 8.9846347 ], [ 38.7458333, 8.9871828 ], [ 38.7484661, 8.9879114 ], [ 38.7485859, 8.9879394 ], [ 38.7496014, 8.9875721 ], [ 38.7511403, 8.9853807 ], [ 38.7545591, 8.9806549 ], [ 38.7553018, 8.9781789 ], [ 38.7576654, 8.9743967 ], [ 38.7613593, 8.9707294 ], [ 38.7588272, 8.9661457 ], [ 38.7601452, 8.9643624 ], [ 38.7600323, 8.9639746 ], [ 38.757038, 8.9589031 ], [ 38.7562482, 8.9578487 ], [ 38.7530011, 8.954183 ], [ 38.7503719, 8.9529388 ], [ 38.7476609, 8.9574208 ], [ 38.7442371, 8.957178 ], [ 38.7404933, 8.9609058 ], [ 38.7348681, 8.9596248 ], [ 38.7326381, 8.9587993 ], [ 38.7318209, 8.9587663 ], [ 38.7314187, 8.9587581 ], [ 38.7300231, 8.9593826 ], [ 38.7295306, 8.9596922 ], [ 38.7286976, 8.9605895 ], [ 38.7281076, 8.9614448 ], [ 38.7272549, 8.9631264 ], [ 38.7260745, 8.9664712 ], [ 38.7263055, 8.9668598 ], [ 38.7270073, 8.9673621 ], [ 38.7294074, 8.9700954 ], [ 38.73397, 8.9732129 ], [ 38.7324017, 8.9766384 ], [ 38.7313138, 8.9771965 ], [ 38.729702, 8.9790317 ] ] ] } },
{ "type": "Feature", "properties": { "threshold_s": 600, "time_label": "10 min drive" }, "geometry": { "type": "Polygon", "coordinates": [ [ [ 38.7184146, 8.9954572 ], [ 38.719258, 8.9963656 ], [ 38.7256919, 8.9982672 ], [ 38.7268985, 8.9991841 ], [ 38.7331656, 9.0029958 ], [ 38.733824, 9.0047681 ], [ 38.739405, 9.006106 ], [ 38.7448159, 9.0088842 ], [ 38.7462365, 9.010408 ], [ 38.7526401, 9.0079989 ], [ 38.7550777, 9.0071838 ], [ 38.7587141, 9.0041929 ], [ 38.7631505, 8.9985676 ], [ 38.7649383, 8.997765 ], [ 38.7650467, 8.9975944 ], [ 38.7653393, 8.9971114 ], [ 38.7700673, 8.992499 ], [ 38.7734067, 8.9914327 ], [ 38.7737768, 8.9912791 ], [ 38.7760581, 8.9842478 ], [ 38.7762706, 8.9827382 ], [ 38.7754274, 8.9804185 ], [ 38.7752954, 8.9803589 ], [ 38.7749655, 8.9802103 ], [ 38.7718879, 8.979752 ], [ 38.7690595, 8.9795189 ], [ 38.7652743, 8.9732919 ], [ 38.7656622, 8.9723626 ], [ 38.7660779, 8.9717093 ], [ 38.7664998, 8.9707517 ], [ 38.7668531, 8.9689063 ], [ 38.768958499999989, 8.9650687 ], [ 38.7718099, 8.962378 ], [ 38.7726464, 8.9617668 ], [ 38.7728872, 8.9614966 ], [ 38.7746049, 8.9599046 ], [ 38.775242, 8.9583361 ], [ 38.7755169, 8.9575612 ], [ 38.7753178, 8.956777 ], [ 38.7742697, 8.9534014 ], [ 38.772551, 8.9498245 ], [ 38.7690681, 8.9462568 ], [ 38.7649015, 8.9419151 ], [ 38.7633346, 8.9403366 ], [ 38.756922, 8.9368512 ], [ 38.7503363, 8.93358 ], [ 38.7500694, 8.9335692 ], [ 38.744357, 8.9349071 ], [ 38.7392106, 8.9379975 ], [ 38.7350478, 8.9366304 ], [ 38.7349879, 8.9365877 ], [ 38.7340113, 8.9367007 ], [ 38.7318291, 8.9383743 ], [ 38.725256, 8.9395488 ], [ 38.724478499999989, 8.9399352 ], [ 38.7228533, 8.9414616 ], [ 38.7222447, 8.9423215 ], [ 38.7180372, 8.9483895 ], [ 38.7177936, 8.9493549 ], [ 38.7137833, 8.9553078 ], [ 38.7104482, 8.9583245 ], [ 38.7103525, 8.9597938 ], [ 38.7097062, 8.9659719 ], [ 38.7076819, 8.9669462 ], [ 38.707656, 8.9670481 ], [ 38.7075467, 8.9675465 ], [ 38.70758270000001, 8.9681555 ], [ 38.7076083, 8.9683257 ], [ 38.7082605, 8.9717754 ], [ 38.705359, 8.9760753 ], [ 38.7087125, 8.9768225 ], [ 38.713064, 8.9823117 ], [ 38.7165458, 8.9869257 ], [ 38.7144182, 8.9901571 ], [ 38.7160403, 8.9927609 ], [ 38.7184146, 8.9954572 ] ] ] } },
{ "type": "Feature", "properties": { "threshold_s": 900, "time_label": "15 min drive" }, "geometry": { "type": "Polygon", "coordinates": [ [ [ 38.6901192, 8.9910035 ], [ 38.6902124, 8.991235 ], [ 38.7007071, 8.9969423 ], [ 38.7033457, 8.999167 ], [ 38.7075558, 9.0003983 ], [ 38.7079695, 9.0003838 ], [ 38.7179508, 9.009018 ], [ 38.7179274, 9.0103849 ], [ 38.7193019, 9.0158989 ], [ 38.7195762, 9.0161283 ], [ 38.7293668, 9.0224402 ], [ 38.733439, 9.0256799 ], [ 38.7395242, 9.0288017 ], [ 38.7427752, 9.0293362 ], [ 38.744473, 9.0293587 ], [ 38.7516948, 9.0287486 ], [ 38.7526328, 9.0285574 ], [ 38.7573693, 9.0258112 ], [ 38.7605536, 9.0224021 ], [ 38.7650242, 9.0169385 ], [ 38.7756928, 9.012622 ], [ 38.7778035, 9.0124771 ], [ 38.7824927, 9.004531 ], [ 38.7856932, 9.0002523 ], [ 38.7948366, 8.9914727 ], [ 38.7942992, 8.9887271 ], [ 38.7899075, 8.9859732 ], [ 38.7880106, 8.9854871 ], [ 38.7855757, 8.9849273 ], [ 38.7842988, 8.9845215 ], [ 38.7787516, 8.9794447 ], [ 38.7828796, 8.9680649 ], [ 38.7866773, 8.962713 ], [ 38.7876638, 8.9607108 ], [ 38.7881632, 8.9592315 ], [ 38.7911557, 8.9524843 ], [ 38.791571, 8.9462465 ], [ 38.7915682, 8.9461147 ], [ 38.7909476, 8.9452448 ], [ 38.7896884, 8.944531 ], [ 38.7855926, 8.941632 ], [ 38.7795516, 8.9301325 ], [ 38.7788053, 8.9279041 ], [ 38.7779498, 8.9273943 ], [ 38.766152, 8.9205944 ], [ 38.7637316, 8.9213882 ], [ 38.7589368, 8.9225986 ], [ 38.7497851, 8.9178583 ], [ 38.7477855, 8.9154629 ], [ 38.7472487, 8.9152736 ], [ 38.7404135, 8.9144499 ], [ 38.7355496, 8.9142195 ], [ 38.7316133, 8.9153253 ], [ 38.7294607, 8.9159471 ], [ 38.7206805, 8.9223582 ], [ 38.7116689, 8.9264898 ], [ 38.71039, 8.9284051 ], [ 38.7082048, 8.9329563 ], [ 38.7056547, 8.9390116 ], [ 38.6951512, 8.9459959 ], [ 38.6895251, 8.9499328 ], [ 38.6890815, 8.95043 ], [ 38.6889222, 8.9526433 ], [ 38.6890878, 8.9596334 ], [ 38.6892986, 8.9615884 ], [ 38.6897797, 8.9703087 ], [ 38.6872668, 8.980086 ], [ 38.6872895, 8.9803623 ], [ 38.6875853, 8.9820108 ], [ 38.6879535, 8.984052 ], [ 38.6886522, 8.9862978 ], [ 38.6901192, 8.9910035 ] ] ] } },
{ "type": "Feature", "properties": { "threshold_s": 300, "time_label": "5 min drive" }, "geometry": { "type": "Polygon", "coordinates": [ [ [ 38.7270547, 8.9798003 ], [ 38.7301929, 8.9836578 ], [ 38.7328362, 8.9857732 ], [ 38.737172, 8.9846817 ], [ 38.7375073, 8.9892226 ], [ 38.7378312, 8.9901859 ], [ 38.738913, 8.9899287 ], [ 38.7415596, 8.9890124 ], [ 38.7450628, 8.988304 ], [ 38.748408, 8.9897055 ], [ 38.7504087, 8.9881536 ], [ 38.7512463, 8.9870877 ], [ 38.7524498, 8.9849586 ], [ 38.7556738, 8.9825708 ], [ 38.7558935, 8.9809378 ], [ 38.7553018, 8.9781789 ], [ 38.7576654, 8.9743967 ], [ 38.756673, 8.9690124 ], [ 38.7566851, 8.9669946 ], [ 38.7567186, 8.9656751 ], [ 38.75565180000001, 8.9638035 ], [ 38.7538859, 8.9605227 ], [ 38.7513633, 8.9559028 ], [ 38.7476609, 8.9574208 ], [ 38.7457092, 8.9611077 ], [ 38.7424721, 8.9617445 ], [ 38.7404933, 8.9609058 ], [ 38.735092, 8.9607604 ], [ 38.7348681, 8.9596248 ], [ 38.7335671, 8.9563225 ], [ 38.732454, 8.9546242 ], [ 38.7297839, 8.9566203 ], [ 38.7270542, 8.9595824 ], [ 38.7258243, 8.9612139 ], [ 38.7248217, 8.964564 ], [ 38.7238605, 8.9678774 ], [ 38.7240682, 8.9683947 ], [ 38.7282655, 8.9715133 ], [ 38.7301194, 8.9733169 ], [ 38.7288472, 8.9786214 ], [ 38.7283872, 8.9787856 ], [ 38.7270547, 8.9798003 ] ] ] } },
{ "type": "Feature", "properties": { "threshold_s": 600, "time_label": "10 min drive" }, "geometry": { "type": "Polygon", "coordinates": [ [ [ 38.7188513, 8.9979545 ], [ 38.7190979, 8.9995393 ], [ 38.7220337, 8.9992215 ], [ 38.7224929, 8.9990797 ], [ 38.7268985, 8.9991841 ], [ 38.730182, 9.0046135 ], [ 38.730315, 9.0050548 ], [ 38.7328812, 9.0077901 ], [ 38.7345904, 9.008057 ], [ 38.7353937, 9.0081127 ], [ 38.7387063, 9.0084186 ], [ 38.7445255, 9.010739 ], [ 38.7461139, 9.011589 ], [ 38.7482141, 9.0106896 ], [ 38.7543659, 9.0086832 ], [ 38.7567295, 9.0078257 ], [ 38.7587141, 9.0041929 ], [ 38.7641369, 8.9997092 ], [ 38.7662877, 8.9981769 ], [ 38.7704442, 8.9929865 ], [ 38.7730707, 8.9907022 ], [ 38.7751147, 8.9849595 ], [ 38.7752924, 8.9841592 ], [ 38.7754878, 8.9822921 ], [ 38.775347, 8.9808268 ], [ 38.7751313, 8.9805236 ], [ 38.7718879, 8.979752 ], [ 38.7690595, 8.9795189 ], [ 38.7650392, 8.976104 ], [ 38.7652743, 8.9732919 ], [ 38.7656622, 8.9723626 ], [ 38.7660779, 8.9717093 ], [ 38.7664998, 8.9707517 ], [ 38.767603, 8.9652879 ], [ 38.7718099, 8.962378 ], [ 38.7726464, 8.9617668 ], [ 38.7728872, 8.9614966 ], [ 38.7742362, 8.9585456 ], [ 38.7741191, 8.9565936 ], [ 38.774057, 8.9559735 ], [ 38.7733372, 8.9544932 ], [ 38.7716219, 8.952597 ], [ 38.7709902, 8.9519296 ], [ 38.7678722, 8.9487095 ], [ 38.7657954, 8.9457131 ], [ 38.7640495, 8.9420257 ], [ 38.7575823, 8.9394024 ], [ 38.75693050000001, 8.9390526 ], [ 38.7512308, 8.9374933 ], [ 38.7501063, 8.9366738 ], [ 38.7429939, 8.9369966 ], [ 38.7414449, 8.9368228 ], [ 38.7390876, 8.9371395 ], [ 38.7341009, 8.9345072 ], [ 38.7331036, 8.9345746 ], [ 38.732959, 8.9346006 ], [ 38.7295014, 8.9382174 ], [ 38.725256, 8.9395488 ], [ 38.720826, 8.9397686 ], [ 38.7196747, 8.9433583 ], [ 38.7165996, 8.946816 ], [ 38.7163086, 8.9470379 ], [ 38.7151414, 8.9510085 ], [ 38.7120212, 8.9546961 ], [ 38.7093868, 8.9554634 ], [ 38.7066624, 8.958716 ], [ 38.7066028, 8.9589294 ], [ 38.7062028, 8.9658177 ], [ 38.7053135, 8.967796 ], [ 38.7053128, 8.9678814 ], [ 38.7053557, 8.9682888 ], [ 38.7054643, 8.9685736 ], [ 38.706686, 8.9716271 ], [ 38.7029967, 8.9771245 ], [ 38.705184, 8.9782266 ], [ 38.7096251, 8.9827231 ], [ 38.7112759, 8.9887158 ], [ 38.7118692, 8.9897204 ], [ 38.7136137, 8.9922004 ], [ 38.7186047, 8.9964866 ], [ 38.7187348, 8.9973036 ], [ 38.7188513, 8.9979545 ] ] ] } },
{ "type": "Feature", "properties": { "threshold_s": 900, "time_label": "15 min drive" }, "geometry": { "type": "Polygon", "coordinates": [ [ [ 38.6843073, 8.980957 ], [ 38.6878603, 8.9927752 ], [ 38.6885382, 8.9931015 ], [ 38.6991759, 8.9996143 ], [ 38.7022214, 9.0016321 ], [ 38.7077831, 9.0034104 ], [ 38.7141997, 9.0124602 ], [ 38.7171452, 9.0185363 ], [ 38.7175689, 9.0188171 ], [ 38.7183783, 9.0193405 ], [ 38.7287043, 9.0258283 ], [ 38.7323501, 9.0289703 ], [ 38.7329254, 9.0293058 ], [ 38.738425, 9.0304177 ], [ 38.7460528, 9.0310262 ], [ 38.7512775, 9.0305243 ], [ 38.7518743, 9.0302856 ], [ 38.7523777, 9.0300754 ], [ 38.7531912, 9.0297342 ], [ 38.7581126, 9.0269965 ], [ 38.7616201, 9.0233396 ], [ 38.7638895, 9.0199177 ], [ 38.7732235, 9.0146348 ], [ 38.7792254, 9.0132141 ], [ 38.7814647, 9.0050556 ], [ 38.7869011, 8.9980859 ], [ 38.7900146, 8.9944088 ], [ 38.7941338, 8.9900363 ], [ 38.7942992, 8.9887271 ], [ 38.7899075, 8.9859732 ], [ 38.7880106, 8.9854871 ], [ 38.7855757, 8.9849273 ], [ 38.7842988, 8.9845215 ], [ 38.7787516, 8.9794447 ], [ 38.7828796, 8.9680649 ], [ 38.7852871, 8.9598336 ], [ 38.7882251, 8.9520228 ], [ 38.7889582, 8.9465195 ], [ 38.785509, 8.9439915 ], [ 38.7787342, 8.9333201 ], [ 38.7785196, 8.9317396 ], [ 38.7762034, 8.9294299 ], [ 38.7650369, 8.9238746 ], [ 38.7648154, 8.9231575 ], [ 38.7645713, 8.9231355 ], [ 38.7608036, 8.9259316 ], [ 38.7504724, 8.9206262 ], [ 38.7489381, 8.9191994 ], [ 38.7485297, 8.9190436 ], [ 38.7462084, 8.9180643 ], [ 38.7373155, 8.9114451 ], [ 38.7350517, 8.9116981 ], [ 38.7302575, 8.9136783 ], [ 38.7199563, 8.9207989 ], [ 38.7118909, 8.9244636 ], [ 38.7070619, 8.9321997 ], [ 38.7051554, 8.9360615 ], [ 38.7049442, 8.9364905 ], [ 38.7019385, 8.9415868 ], [ 38.6939026, 8.9438286 ], [ 38.6880448, 8.9485971 ], [ 38.6863148, 8.9504268 ], [ 38.6857275, 8.9512537 ], [ 38.687475, 8.9601905 ], [ 38.6876692, 8.9633753 ], [ 38.6877201, 8.9712002 ], [ 38.6840387, 8.9784772 ], [ 38.6843073, 8.980957 ] ] ] } },
{ "type": "Feature", "properties": { "threshold_s": 300, "time_label": "5 min drive" }, "geometry": { "type": "Polygon", "coordinates": [ [ [ 38.7353253, 8.9424163 ], [ 38.7359986, 8.9446844 ], [ 38.7387606, 8.9461708 ], [ 38.7404015, 8.9470517 ], [ 38.7405222, 8.9470742 ], [ 38.743023, 8.9470266 ], [ 38.7482509, 8.9476784 ], [ 38.7498443, 8.9472918 ], [ 38.7556219, 8.9444305 ], [ 38.7558292, 8.942158 ], [ 38.7574157, 8.9365091 ], [ 38.7604603, 8.9313766 ], [ 38.7588899, 8.9293005 ], [ 38.7552407, 8.9281744 ], [ 38.7541648, 8.9275505 ], [ 38.753379, 8.9273714 ], [ 38.7495012, 8.9236476 ], [ 38.7504724, 8.9206262 ], [ 38.7497851, 8.9178583 ], [ 38.7478888, 8.9135013 ], [ 38.7476487, 8.9130972 ], [ 38.7474892, 8.9129184 ], [ 38.7468897, 8.9124308 ], [ 38.7448901, 8.9111787 ], [ 38.7433099, 8.9110531 ], [ 38.7421489, 8.9129343 ], [ 38.7377829, 8.914597 ], [ 38.7350249, 8.9129064 ], [ 38.7294607, 8.9159471 ], [ 38.7286868, 8.9186777 ], [ 38.7274222, 8.9220893 ], [ 38.7259697, 8.9251169 ], [ 38.7285052, 8.9279391 ], [ 38.7302464, 8.9292264 ], [ 38.7317205, 8.9307553 ], [ 38.732253, 8.9311495 ], [ 38.7340113, 8.9367007 ], [ 38.7318291, 8.9383743 ], [ 38.7318806, 8.938682 ], [ 38.7353253, 8.9424163 ] ] ] } },
{ "type": "Feature", "properties": { "threshold_s": 600, "time_label": "10 min drive" }, "geometry": { "type": "Polygon", "coordinates": [ [ [ 38.7131571, 8.9483118 ], [ 38.7139677, 8.9494417 ], [ 38.7206413, 8.9540548 ], [ 38.7252402, 8.9609657 ], [ 38.7329563, 8.9650128 ], [ 38.733273, 8.9646673 ], [ 38.7355458, 8.9629714 ], [ 38.7433683, 8.9632936 ], [ 38.7487476, 8.967392 ], [ 38.7502609, 8.9667641 ], [ 38.7551391, 8.964469 ], [ 38.7614662, 8.9623119 ], [ 38.7651249, 8.9573814 ], [ 38.7678722, 8.9487095 ], [ 38.7752353, 8.9448798 ], [ 38.7792063, 8.9382432 ], [ 38.7783037, 8.9326126 ], [ 38.7775374, 8.9285231 ], [ 38.7760439, 8.9212732 ], [ 38.7723291, 8.9168573 ], [ 38.7651732, 8.9125494 ], [ 38.7640379, 8.9107005 ], [ 38.7572819, 8.9122175 ], [ 38.7536716, 8.9049821 ], [ 38.7541857, 8.9036917 ], [ 38.7546887, 8.9028464 ], [ 38.7513227, 8.8970761 ], [ 38.7458557, 8.8951363 ], [ 38.7446272, 8.8963764 ], [ 38.73726030000001, 8.9015424 ], [ 38.7362117, 8.9011704 ], [ 38.7350826, 8.9022633 ], [ 38.7337589, 8.9040162 ], [ 38.7313695, 8.9071775 ], [ 38.7312216, 8.9075352 ], [ 38.727289399999989, 8.9135477 ], [ 38.7226438, 8.9196104 ], [ 38.714174, 8.9207268 ], [ 38.7113597, 8.9196049 ], [ 38.7112607, 8.9211885 ], [ 38.7111615, 8.9233159 ], [ 38.7084521, 8.9306944 ], [ 38.7070619, 8.9321997 ], [ 38.7074029, 8.9324196 ], [ 38.7111586, 8.9337705 ], [ 38.7124434, 8.9340938 ], [ 38.7152611, 8.9361367 ], [ 38.7129742, 8.9433296 ], [ 38.7124716, 8.9435172 ], [ 38.7123782, 8.945726 ], [ 38.7131571, 8.9483118 ] ] ] } },
{ "type": "Feature", "properties": { "threshold_s": 900, "time_label": "15 min drive" }, "geometry": { "type": "Polygon", "coordinates": [ [ [ 38.6934614, 8.9533511 ], [ 38.6934453, 8.9582368 ], [ 38.7062997, 8.9672465 ], [ 38.7082605, 8.9717754 ], [ 38.7086691, 8.9724311 ], [ 38.7223423, 8.9804502 ], [ 38.7331273, 8.9834803 ], [ 38.7369521, 8.9844949 ], [ 38.7519498, 8.9890651 ], [ 38.764094, 8.9820233 ], [ 38.7673199, 8.9769366 ], [ 38.770035, 8.9725261 ], [ 38.7705231, 8.9704184 ], [ 38.7828497, 8.9618599 ], [ 38.7843645, 8.9622353 ], [ 38.7907934, 8.9557476 ], [ 38.797912, 8.9482878 ], [ 38.7980971, 8.946804 ], [ 38.798516, 8.9415449 ], [ 38.7965722, 8.9284864 ], [ 38.7970081, 8.9256055 ], [ 38.7904456, 8.9114605 ], [ 38.7888639, 8.9069062 ], [ 38.7799364, 8.9009424 ], [ 38.7760681, 8.8936629 ], [ 38.7758468, 8.8928083 ], [ 38.7750549, 8.8911342 ], [ 38.7628792, 8.8821203 ], [ 38.7625017, 8.8764114 ], [ 38.7532785, 8.8831428 ], [ 38.7429137, 8.8858928 ], [ 38.7433773, 8.8943519 ], [ 38.7362117, 8.9011704 ], [ 38.7350826, 8.9022633 ], [ 38.7337589, 8.9040162 ], [ 38.7313695, 8.9071775 ], [ 38.7312216, 8.9075352 ], [ 38.727289399999989, 8.9135477 ], [ 38.714174, 8.9207268 ], [ 38.7113597, 8.9196049 ], [ 38.7030194, 8.9214373 ], [ 38.6950392, 8.9306287 ], [ 38.6953464, 8.9456204 ], [ 38.6934614, 8.9533511 ] ] ] } },
{ "type": "Feature", "properties": { "threshold_s": 300, "time_label": "5 min drive" }, "geometry": { "type": "Polygon", "coordinates": [ [ [ 38.7450516, 8.9555295 ], [ 38.746077, 8.9588322 ], [ 38.7490348, 8.9593529 ], [ 38.7516633, 8.9617512 ], [ 38.7534156, 8.9629685 ], [ 38.7550112, 8.9635731 ], [ 38.756569, 8.9640939 ], [ 38.7601452, 8.9643624 ], [ 38.7607753, 8.9643456 ], [ 38.76117, 8.9642094 ], [ 38.7625672, 8.9632023 ], [ 38.7633621, 8.962338 ], [ 38.765662, 8.9593418 ], [ 38.766134, 8.9589295 ], [ 38.7673693, 8.9570893 ], [ 38.7667083, 8.9567391 ], [ 38.7651229, 8.9552686 ], [ 38.7633968, 8.9532148 ], [ 38.7617457, 8.9519426 ], [ 38.7609355, 8.9500806 ], [ 38.7612636, 8.9486256 ], [ 38.7648323, 8.947793 ], [ 38.7650031, 8.9478818 ], [ 38.7678722, 8.9487095 ], [ 38.7688027, 8.948857 ], [ 38.7688543, 8.9481925 ], [ 38.7657954, 8.9457131 ], [ 38.7664135, 8.943651 ], [ 38.7649015, 8.9419151 ], [ 38.7633346, 8.9403366 ], [ 38.7629749, 8.9379093 ], [ 38.7627469, 8.9373496 ], [ 38.7622802, 8.9371356 ], [ 38.7598836, 8.9360797 ], [ 38.7576368, 8.9340032 ], [ 38.7592359, 8.9312294 ], [ 38.7563968, 8.9308426 ], [ 38.755791, 8.9307788 ], [ 38.7550425, 8.9308073 ], [ 38.753863, 8.9311467 ], [ 38.7525392, 8.9318241 ], [ 38.7503852, 8.9328834 ], [ 38.7469551, 8.9325802 ], [ 38.7460128, 8.9316563 ], [ 38.7456329, 8.9312607 ], [ 38.742929, 8.9314965 ], [ 38.741804, 8.932984 ], [ 38.7412337, 8.9342996 ], [ 38.7413741, 8.9364422 ], [ 38.7414449, 8.9368228 ], [ 38.741641, 8.938018 ], [ 38.7417063, 8.93874 ], [ 38.741352, 8.9418543 ], [ 38.7413062, 8.9420679 ], [ 38.7390257, 8.9449707 ], [ 38.7382074, 8.9452196 ], [ 38.7379644, 8.9455563 ], [ 38.7380766, 8.9469339 ], [ 38.7398207, 8.9492489 ], [ 38.741462, 8.9516976 ], [ 38.7421294, 8.9527569 ], [ 38.7424104, 8.9531826 ], [ 38.7426528, 8.9535119 ], [ 38.7436865, 8.9545208 ], [ 38.7450516, 8.9555295 ] ] ] } },
{ "type": "Feature", "properties": { "threshold_s": 600, "time_label": "10 min drive" }, "geometry": { "type": "Polygon", "coordinates": [ [ [ 38.7367694, 8.9735017 ], [ 38.737331, 8.9741503 ], [ 38.7450331, 8.9784779 ], [ 38.7466011, 8.9797147 ], [ 38.7497954, 8.9818636 ], [ 38.7546939, 8.9829714 ], [ 38.762682, 8.9825866 ], [ 38.764094, 8.9820233 ], [ 38.7688078, 8.9778368 ], [ 38.7688311, 8.9777971 ], [ 38.7690561, 8.9773745 ], [ 38.770035, 8.9725261 ], [ 38.7705231, 8.9704184 ], [ 38.7715801, 8.967035 ], [ 38.7746049, 8.9599046 ], [ 38.7790044, 8.9553408 ], [ 38.7810077, 8.9529659 ], [ 38.7827144, 8.9500429 ], [ 38.7820912, 8.9462018 ], [ 38.7821319, 8.9398252 ], [ 38.7822251, 8.9385121 ], [ 38.7795516, 8.9301325 ], [ 38.7775374, 8.9285231 ], [ 38.7741182, 8.9218004 ], [ 38.7693007, 8.9204716 ], [ 38.7632434, 8.9177332 ], [ 38.7615117, 8.9179782 ], [ 38.7582203, 8.9193902 ], [ 38.7497851, 8.9178583 ], [ 38.747119, 8.9129197 ], [ 38.746942, 8.9127554 ], [ 38.743597, 8.9117172 ], [ 38.7350249, 8.9129064 ], [ 38.7294607, 8.9159471 ], [ 38.7286868, 8.9186777 ], [ 38.7259697, 8.9251169 ], [ 38.7244298, 8.9313034 ], [ 38.7227668, 8.9337218 ], [ 38.7220779, 8.9344868 ], [ 38.7209501, 8.9360463 ], [ 38.7203271, 8.9374098 ], [ 38.7193705, 8.9416649 ], [ 38.7177936, 8.9493549 ], [ 38.7177098, 8.9498781 ], [ 38.7185102, 8.951511 ], [ 38.7195469, 8.9528554 ], [ 38.7253517, 8.9599557 ], [ 38.7257525, 8.9603312 ], [ 38.7276671, 8.9616568 ], [ 38.7329563, 8.9650128 ], [ 38.7354362, 8.9691904 ], [ 38.7361431, 8.9717357 ], [ 38.7367694, 8.9735017 ] ] ] } },
{ "type": "Feature", "properties": { "threshold_s": 900, "time_label": "15 min drive" }, "geometry": { "type": "Polygon", "coordinates": [ [ [ 38.7082605, 8.9717754 ], [ 38.7084858, 8.9721066 ], [ 38.7092797, 8.9725716 ], [ 38.7120216, 8.9728206 ], [ 38.7140299, 8.9732737 ], [ 38.7214795, 8.9768647 ], [ 38.7218581, 8.9783907 ], [ 38.7223423, 8.9804502 ], [ 38.7246697, 8.9854612 ], [ 38.7255485, 8.9866034 ], [ 38.725589, 8.9866537 ], [ 38.7286543, 8.9888402 ], [ 38.7313454, 8.9898392 ], [ 38.7376045, 8.9950873 ], [ 38.7394639, 8.9978997 ], [ 38.7468904, 9.0027304 ], [ 38.7546592, 9.0046769 ], [ 38.7598548, 9.0054021 ], [ 38.7675149, 9.0030812 ], [ 38.7675736, 9.0030528 ], [ 38.7738252, 8.9995496 ], [ 38.7758743, 8.9963788 ], [ 38.7816924, 8.991925 ], [ 38.78467, 8.9891226 ], [ 38.7899075, 8.9859732 ], [ 38.7880106, 8.9854871 ], [ 38.7855757, 8.9849273 ], [ 38.7842988, 8.9845215 ], [ 38.7787516, 8.9794447 ], [ 38.7777914, 8.9763594 ], [ 38.7773623, 8.9752898 ], [ 38.7828796, 8.9680649 ], [ 38.7919347, 8.9698281 ], [ 38.7943107, 8.9661168 ], [ 38.7949132, 8.9643434 ], [ 38.7968244, 8.958413 ], [ 38.7965468, 8.9561463 ], [ 38.798652, 8.9492024 ], [ 38.7988172, 8.9457455 ], [ 38.8017419, 8.9370433 ], [ 38.7962834, 8.9296774 ], [ 38.7965722, 8.9284864 ], [ 38.7970081, 8.9256055 ], [ 38.7970939, 8.9247639 ], [ 38.7971791, 8.9239281 ], [ 38.7972658, 8.9230778 ], [ 38.7974478, 8.9213075 ], [ 38.7891434, 8.9175704 ], [ 38.7904456, 8.9114605 ], [ 38.789882, 8.9100642 ], [ 38.7888639, 8.9069062 ], [ 38.7880267, 8.90952 ], [ 38.780236, 8.912336 ], [ 38.7759864, 8.9067897 ], [ 38.7757426, 8.9049629 ], [ 38.7722479, 8.9011311 ], [ 38.7705658, 8.8990502 ], [ 38.7671323, 8.8974119 ], [ 38.7623062, 8.8973137 ], [ 38.7608098, 8.8985148 ], [ 38.7600606, 8.8996854 ], [ 38.7513227, 8.8970761 ], [ 38.7488624, 8.8975802 ], [ 38.7470903, 8.8987124 ], [ 38.741308, 8.9019294 ], [ 38.73726030000001, 8.9015424 ], [ 38.7362117, 8.9011704 ], [ 38.7350826, 8.9022633 ], [ 38.7337589, 8.9040162 ], [ 38.7313695, 8.9071775 ], [ 38.7312216, 8.9075352 ], [ 38.727289399999989, 8.9135477 ], [ 38.7226438, 8.9196104 ], [ 38.714174, 8.9207268 ], [ 38.7113597, 8.9196049 ], [ 38.7112607, 8.9211885 ], [ 38.7111615, 8.9233159 ], [ 38.7062073, 8.9295602 ], [ 38.7049442, 8.9364905 ], [ 38.7038671, 8.9400165 ], [ 38.7012157, 8.9485713 ], [ 38.6997666, 8.9508184 ], [ 38.6998236, 8.9544586 ], [ 38.703059, 8.9617963 ], [ 38.7040699, 8.9639665 ], [ 38.7082605, 8.9717754 ] ] ] } },
{ "type": "Feature", "properties": { "threshold_s": 300, "time_label": "5 min drive" }, "geometry": { "type": "Polygon", "coordinates": [ [ [ 38.6843044, 8.9624335 ], [ 38.6842165, 8.9632529 ], [ 38.6854375, 8.9632032 ], [ 38.6886241, 8.9619805 ], [ 38.6912741, 8.9624534 ], [ 38.6923859, 8.9618427 ], [ 38.6951881, 8.9601954 ], [ 38.6956407, 8.9599749 ], [ 38.6958124, 8.9598689 ], [ 38.6992048, 8.9594998 ], [ 38.699413, 8.9595625 ], [ 38.7005891, 8.9594194 ], [ 38.7037773, 8.9580994 ], [ 38.7038314, 8.9579089 ], [ 38.7029762, 8.9578823 ], [ 38.7011788, 8.9570912 ], [ 38.6999631, 8.9567879 ], [ 38.6988366, 8.9558615 ], [ 38.6986032, 8.9524198 ], [ 38.7001428, 8.951705 ], [ 38.7021625, 8.9520316 ], [ 38.7023925, 8.9519607 ], [ 38.7028324, 8.9518252 ], [ 38.7042157, 8.9501822 ], [ 38.7041401, 8.9498902 ], [ 38.7021178, 8.9472928 ], [ 38.7007263, 8.94486 ], [ 38.7004845, 8.944353 ], [ 38.6990358, 8.9429159 ], [ 38.6979501, 8.9404291 ], [ 38.697478, 8.94018 ], [ 38.6943345, 8.9403947 ], [ 38.6912566, 8.9416188 ], [ 38.6905998, 8.941313 ], [ 38.6884003, 8.940346 ], [ 38.6875914, 8.9395825 ], [ 38.6866843, 8.9390464 ], [ 38.6859834, 8.9390791 ], [ 38.6829914, 8.9401098 ], [ 38.68278, 8.9404505 ], [ 38.6817489, 8.942167 ], [ 38.6802779, 8.943664 ], [ 38.6801187, 8.9442031 ], [ 38.6802028, 8.9447962 ], [ 38.6803925, 8.945542 ], [ 38.6806364, 8.9463045 ], [ 38.6812202, 8.9471392 ], [ 38.6819584, 8.9488389 ], [ 38.6804992, 8.9510846 ], [ 38.6813858, 8.9539774 ], [ 38.6803134, 8.9557227 ], [ 38.6803973, 8.9570556 ], [ 38.6819766, 8.9576219 ], [ 38.6824842, 8.9577255 ], [ 38.6828119, 8.9577807 ], [ 38.6849448, 8.9587776 ], [ 38.6851023, 8.9612095 ], [ 38.6846973, 8.9618334 ], [ 38.6843044, 8.9624335 ] ] ] } },
{ "type": "Feature", "properties": { "threshold_s": 600, "time_label": "10 min drive" }, "geometry": { "type": "Polygon", "coordinates": [ [ [ 38.6738246, 8.9799921 ], [ 38.6752758, 8.9819983 ], [ 38.6770027, 8.9822364 ], [ 38.6786472, 8.9824568 ], [ 38.6838657, 8.9822073 ], [ 38.6879334, 8.9818452 ], [ 38.6890353, 8.9811629 ], [ 38.6925599, 8.9789865 ], [ 38.6945919, 8.9775938 ], [ 38.7011674, 8.9759992 ], [ 38.7029605, 8.97629 ], [ 38.7039784, 8.9764145 ], [ 38.7057853, 8.9756135 ], [ 38.7065117, 8.9752925 ], [ 38.7076208, 8.974797 ], [ 38.7079365, 8.9746578 ], [ 38.7089684, 8.9741971 ], [ 38.7092046, 8.9740936 ], [ 38.7097858, 8.9738359 ], [ 38.7166895, 8.9716977 ], [ 38.7225541, 8.9695743 ], [ 38.7230661, 8.9667407 ], [ 38.7246756, 8.960147 ], [ 38.7248275, 8.9561495 ], [ 38.7239063, 8.9490538 ], [ 38.7239026, 8.9489642 ], [ 38.7239185, 8.9435919 ], [ 38.7240654, 8.9399151 ], [ 38.7240075, 8.9391369 ], [ 38.7227093, 8.9385866 ], [ 38.7203578, 8.9376882 ], [ 38.7182757, 8.9384784 ], [ 38.7166619, 8.9404894 ], [ 38.7158471, 8.9413677 ], [ 38.713008, 8.9426952 ], [ 38.7092543, 8.9370641 ], [ 38.7096754, 8.9361049 ], [ 38.7124434, 8.9340938 ], [ 38.7127143, 8.9321079 ], [ 38.7125628, 8.9311831 ], [ 38.7106877, 8.9285334 ], [ 38.71039, 8.9284051 ], [ 38.7062073, 8.9295602 ], [ 38.7023014, 8.9317601 ], [ 38.69870250000001, 8.9321675 ], [ 38.6985399, 8.9324667 ], [ 38.6983983, 8.9354585 ], [ 38.6943345, 8.9403947 ], [ 38.6875914, 8.9395825 ], [ 38.6866843, 8.9390464 ], [ 38.6859834, 8.9390791 ], [ 38.6829914, 8.9401098 ], [ 38.6802779, 8.943664 ], [ 38.6801187, 8.9442031 ], [ 38.6802028, 8.9447962 ], [ 38.6804992, 8.9510846 ], [ 38.6803134, 8.9557227 ], [ 38.6803973, 8.9570556 ], [ 38.6819766, 8.9576219 ], [ 38.6829673, 8.9643809 ], [ 38.6766456, 8.9649234 ], [ 38.6753053, 8.9646241 ], [ 38.6739074, 8.9653208 ], [ 38.6729814, 8.9665733 ], [ 38.6730427, 8.9679858 ], [ 38.6736129, 8.9733742 ], [ 38.6731634, 8.9770238 ], [ 38.6731682, 8.9778878 ], [ 38.6738246, 8.9799921 ] ] ] } },
{ "type": "Feature", "properties": { "threshold_s": 900, "time_label": "15 min drive" }, "geometry": { "type": "Polygon", "coordinates": [ [ [ 38.6592607, 8.9944693 ], [ 38.6595207, 8.9947886 ], [ 38.6683915, 8.9995022 ], [ 38.6752017, 9.0009985 ], [ 38.6756033, 9.0010302 ], [ 38.6916993, 8.9988334 ], [ 38.7045921, 8.9908101 ], [ 38.7200974, 8.9866106 ], [ 38.7346441, 8.9817569 ], [ 38.7414769, 8.9712304 ], [ 38.7446815, 8.951306 ], [ 38.7450678, 8.9494561 ], [ 38.745523, 8.9348573 ], [ 38.7455144, 8.9347312 ], [ 38.741253, 8.930424 ], [ 38.72809740000001, 8.9168294 ], [ 38.7270246, 8.9164573 ], [ 38.7113597, 8.9196049 ], [ 38.7030194, 8.9214373 ], [ 38.69870250000001, 8.9321675 ], [ 38.6859834, 8.9390791 ], [ 38.6829914, 8.9401098 ], [ 38.6802779, 8.943664 ], [ 38.6801187, 8.9442031 ], [ 38.6802028, 8.9447962 ], [ 38.6726743, 8.9593681 ], [ 38.6665157, 8.9610838 ], [ 38.6642035, 8.9613076 ], [ 38.6517075, 8.9656738 ], [ 38.652366, 8.9767575 ], [ 38.6592607, 8.9944693 ] ] ] } },
{ "type": "Feature", "properties": { "threshold_s": 300, "time_label": "5 min drive" }, "geometry": { "type": "Polygon", "coordinates": [ [ [ 38.6829673, 8.9643809 ], [ 38.6830531, 8.9652274 ], [ 38.6849897, 8.9652406 ], [ 38.6878783, 8.9643282 ], [ 38.6902991, 8.9643054 ], [ 38.6906995, 8.9642386 ], [ 38.6951539, 8.9621275 ], [ 38.6997608, 8.96103 ], [ 38.7018353, 8.9605498 ], [ 38.7025838, 8.9598693 ], [ 38.7066794, 8.9589522 ], [ 38.7067434, 8.9587399 ], [ 38.706734, 8.958179 ], [ 38.7061676, 8.9576388 ], [ 38.7045648, 8.9539125 ], [ 38.7051292, 8.9522721 ], [ 38.7057675, 8.9497709 ], [ 38.7059905, 8.9486177 ], [ 38.7054191, 8.94852 ], [ 38.7020516, 8.9450742 ], [ 38.7020393, 8.9444872 ], [ 38.7018977, 8.9432906 ], [ 38.6999054, 8.9420732 ], [ 38.6985988, 8.9376818 ], [ 38.6943345, 8.9403947 ], [ 38.6905998, 8.941313 ], [ 38.6884003, 8.940346 ], [ 38.6875914, 8.9395825 ], [ 38.6866843, 8.9390464 ], [ 38.6859834, 8.9390791 ], [ 38.6829914, 8.9401098 ], [ 38.6802779, 8.943664 ], [ 38.6801187, 8.9442031 ], [ 38.6802028, 8.9447962 ], [ 38.6803925, 8.945542 ], [ 38.6806364, 8.9463045 ], [ 38.6804992, 8.9510846 ], [ 38.6803134, 8.9557227 ], [ 38.6803973, 8.9570556 ], [ 38.6819766, 8.9576219 ], [ 38.6824842, 8.9577255 ], [ 38.6846973, 8.9618334 ], [ 38.6843044, 8.9624335 ], [ 38.6829673, 8.9643809 ] ] ] } },
{ "type": "Feature", "properties": { "threshold_s": 600, "time_label": "10 min drive" }, "geometry": { "type": "Polygon", "coordinates": [ [ [ 38.6707082, 8.9803726 ], [ 38.6735104, 8.9837376 ], [ 38.6794465, 8.9844416 ], [ 38.6808161, 8.9844314 ], [ 38.6860992, 8.9840257 ], [ 38.6866917, 8.9839758 ], [ 38.6901978, 8.9827754 ], [ 38.6937337, 8.9808224 ], [ 38.7013432, 8.9776075 ], [ 38.7039784, 8.9764145 ], [ 38.7057853, 8.9756135 ], [ 38.7065117, 8.9752925 ], [ 38.7076208, 8.974797 ], [ 38.7079365, 8.9746578 ], [ 38.7085293, 8.9743943 ], [ 38.7166895, 8.9716977 ], [ 38.7237888, 8.9707442 ], [ 38.7238546, 8.9706921 ], [ 38.7252565, 8.9659516 ], [ 38.7256837, 8.9644392 ], [ 38.7257222, 8.9626822 ], [ 38.7258145, 8.9585262 ], [ 38.7263598, 8.9486698 ], [ 38.7269743, 8.9388313 ], [ 38.7267946, 8.9386062 ], [ 38.7254533, 8.9378236 ], [ 38.7251996, 8.9377142 ], [ 38.722877, 8.9365686 ], [ 38.715513, 8.9309624 ], [ 38.7123176, 8.9260697 ], [ 38.7116689, 8.9264898 ], [ 38.7062073, 8.9295602 ], [ 38.69870250000001, 8.9321675 ], [ 38.6985399, 8.9324667 ], [ 38.6983983, 8.9354585 ], [ 38.6943345, 8.9403947 ], [ 38.6875914, 8.9395825 ], [ 38.6866843, 8.9390464 ], [ 38.6859834, 8.9390791 ], [ 38.6829914, 8.9401098 ], [ 38.6802779, 8.943664 ], [ 38.6801187, 8.9442031 ], [ 38.6802028, 8.9447962 ], [ 38.6804992, 8.9510846 ], [ 38.6803134, 8.9557227 ], [ 38.6761703, 8.9624234 ], [ 38.6740237, 8.9638689 ], [ 38.6708115, 8.9651943 ], [ 38.6709985, 8.968029 ], [ 38.6711084, 8.9754455 ], [ 38.6707082, 8.9803726 ] ] ] } },
{ "type": "Feature", "properties": { "threshold_s": 900, "time_label": "15 min drive" }, "geometry": { "type": "Polygon", "coordinates": [ [ [ 38.6592607, 8.9944693 ], [ 38.6595207, 8.9947886 ], [ 38.6660547, 9.0003966 ], [ 38.6739339, 9.0032065 ], [ 38.6745215, 9.0033598 ], [ 38.6833173, 9.0015653 ], [ 38.6930232, 8.9995021 ], [ 38.6935413, 8.9991345 ], [ 38.7055206, 8.9925427 ], [ 38.7228801, 8.9889467 ], [ 38.7235052, 8.9888429 ], [ 38.7367617, 8.9836419 ], [ 38.7436582, 8.9724046 ], [ 38.7441065, 8.9712029 ], [ 38.7464627, 8.952713 ], [ 38.7473426, 8.9492528 ], [ 38.7476486, 8.9357649 ], [ 38.747263, 8.933918 ], [ 38.7461544, 8.9326023 ], [ 38.7320074, 8.9183915 ], [ 38.727289399999989, 8.9135477 ], [ 38.7113597, 8.9196049 ], [ 38.7030194, 8.9214373 ], [ 38.7007337, 8.9274804 ], [ 38.6859834, 8.9390791 ], [ 38.6829914, 8.9401098 ], [ 38.6802779, 8.943664 ], [ 38.6801187, 8.9442031 ], [ 38.6802028, 8.9447962 ], [ 38.6726743, 8.9593681 ], [ 38.6665157, 8.9610838 ], [ 38.6642035, 8.9613076 ], [ 38.6517075, 8.9656738 ], [ 38.6501247, 8.9665684 ], [ 38.6498872, 8.9683328 ], [ 38.6515519, 8.9750783 ], [ 38.652366, 8.9767575 ], [ 38.6592607, 8.9944693 ] ] ] } },
{ "type": "Feature", "properties": { "threshold_s": 300, "time_label": "5 min drive" }, "geometry": { "type": "Polygon", "coordinates": [ [ [ 38.7131958, 8.9522065 ], [ 38.7133864, 8.9560024 ], [ 38.7159381, 8.958451 ], [ 38.7177273, 8.9591354 ], [ 38.7189954, 8.9594014 ], [ 38.719368, 8.9594666 ], [ 38.7216393, 8.9599861 ], [ 38.7249483, 8.9618669 ], [ 38.7276622, 8.9634168 ], [ 38.7313496, 8.9646863 ], [ 38.7335819, 8.9654407 ], [ 38.7338065, 8.9651427 ], [ 38.7355458, 8.9629714 ], [ 38.7352973, 8.9619756 ], [ 38.7352396, 8.9611247 ], [ 38.7351846, 8.9609923 ], [ 38.7348681, 8.9596248 ], [ 38.7364709, 8.9560006 ], [ 38.739611, 8.9535942 ], [ 38.7410898, 8.9550802 ], [ 38.7412389, 8.9554323 ], [ 38.741532, 8.9558019 ], [ 38.7429693, 8.9567245 ], [ 38.7436067, 8.9570909 ], [ 38.745216, 8.9570471 ], [ 38.7459107, 8.9567583 ], [ 38.7473767, 8.9545751 ], [ 38.749602, 8.9521369 ], [ 38.7492851, 8.9486555 ], [ 38.7504042, 8.9473121 ], [ 38.751338, 8.9465348 ], [ 38.749721, 8.9447306 ], [ 38.7476307, 8.9420585 ], [ 38.7470165, 8.9412707 ], [ 38.745849, 8.9400909 ], [ 38.7455661, 8.9363773 ], [ 38.7444971, 8.9361433 ], [ 38.7435845, 8.9365006 ], [ 38.7399598, 8.9356416 ], [ 38.7395544, 8.9352937 ], [ 38.7391264, 8.9357967 ], [ 38.7350478, 8.9366304 ], [ 38.7341009, 8.9345072 ], [ 38.7339035, 8.9321621 ], [ 38.7337568, 8.9308869 ], [ 38.7328181, 8.9310468 ], [ 38.7325942, 8.9311003 ], [ 38.7314281, 8.9327716 ], [ 38.7309826, 8.9337811 ], [ 38.7309469, 8.9338678 ], [ 38.7282523, 8.9368177 ], [ 38.7251342, 8.9371252 ], [ 38.7234182, 8.9363811 ], [ 38.7205403, 8.9351504 ], [ 38.7182757, 8.9384784 ], [ 38.7172694, 8.9402019 ], [ 38.7173063, 8.9406093 ], [ 38.7173586, 8.9414413 ], [ 38.7172287, 8.9441242 ], [ 38.7157618, 8.9461813 ], [ 38.7135835, 8.9481014 ], [ 38.7132111, 8.9499815 ], [ 38.7131958, 8.9522065 ] ] ] } },
{ "type": "Feature", "properties": { "threshold_s": 600, "time_label": "10 min drive" }, "geometry": { "type": "Polygon", "coordinates": [ [ [ 38.7013595, 8.9668015 ], [ 38.7036916, 8.9740349 ], [ 38.7056963, 8.9750143 ], [ 38.7089684, 8.9741971 ], [ 38.7092046, 8.9740936 ], [ 38.7097858, 8.9738359 ], [ 38.7140299, 8.9732737 ], [ 38.7189332, 8.9793883 ], [ 38.7215909, 8.9811187 ], [ 38.7223984, 8.9810641 ], [ 38.7301493, 8.9825139 ], [ 38.7325033, 8.9848697 ], [ 38.737172, 8.9846817 ], [ 38.7392856, 8.9844684 ], [ 38.7468322, 8.9817306 ], [ 38.7515388, 8.9784886 ], [ 38.751993, 8.9781171 ], [ 38.7549368, 8.9713391 ], [ 38.7610987, 8.9666211 ], [ 38.7621264, 8.9658193 ], [ 38.7632151, 8.9633794 ], [ 38.7667474, 8.9571928 ], [ 38.7633968, 8.9532148 ], [ 38.7628957, 8.9451813 ], [ 38.7622802, 8.9371356 ], [ 38.7636761, 8.9310452 ], [ 38.7630779, 8.9292229 ], [ 38.7604786, 8.9265386 ], [ 38.7589171, 8.9271134 ], [ 38.7541648, 8.9275505 ], [ 38.7504724, 8.9206262 ], [ 38.7494304, 8.9189728 ], [ 38.7472709, 8.9170399 ], [ 38.7428918, 8.9145242 ], [ 38.7384595, 8.9096313 ], [ 38.7378437, 8.9094922 ], [ 38.735762, 8.9091884 ], [ 38.7295807, 8.9119588 ], [ 38.727289399999989, 8.9135477 ], [ 38.7226438, 8.9196104 ], [ 38.7199563, 8.9207989 ], [ 38.714174, 8.9207268 ], [ 38.7134383, 8.9208938 ], [ 38.7133758, 8.92105 ], [ 38.7118909, 8.9244636 ], [ 38.7062073, 8.9295602 ], [ 38.7023014, 8.9317601 ], [ 38.7009394, 8.9337282 ], [ 38.7013158, 8.9396026 ], [ 38.69809630000001, 8.9451533 ], [ 38.6972277, 8.9458758 ], [ 38.6960975, 8.9478525 ], [ 38.6956286, 8.9491754 ], [ 38.6949377, 8.9543928 ], [ 38.6946148, 8.9572657 ], [ 38.6984839, 8.9604146 ], [ 38.7013595, 8.9668015 ] ] ] } },
{ "type": "Feature", "properties": { "threshold_s": 900, "time_label": "15 min drive" }, "geometry": { "type": "Polygon", "coordinates": [ [ [ 38.6875853, 8.9820108 ], [ 38.6897337, 8.9858419 ], [ 38.692585, 8.9883337 ], [ 38.7054716, 8.9908071 ], [ 38.7063891, 8.9911154 ], [ 38.7188513, 8.9979545 ], [ 38.7218685, 8.9986844 ], [ 38.7338206, 9.0041681 ], [ 38.7401543, 9.0057577 ], [ 38.7442678, 9.0050185 ], [ 38.7546804, 9.0018889 ], [ 38.757309, 8.9996997 ], [ 38.7595939, 8.9955921 ], [ 38.7699018, 8.9860061 ], [ 38.770035, 8.9725261 ], [ 38.7705231, 8.9704184 ], [ 38.7715801, 8.967035 ], [ 38.7746049, 8.9599046 ], [ 38.7798485, 8.953283 ], [ 38.7801453, 8.9527652 ], [ 38.7813368, 8.9503963 ], [ 38.7823833, 8.9380657 ], [ 38.7807928, 8.9261103 ], [ 38.7796605, 8.9182402 ], [ 38.777513, 8.9152183 ], [ 38.7703299, 8.9117804 ], [ 38.7656804, 8.9066572 ], [ 38.7655315, 8.9065139 ], [ 38.7553749, 8.9011266 ], [ 38.7513227, 8.8970761 ], [ 38.7458557, 8.8951363 ], [ 38.7433773, 8.8943519 ], [ 38.7362117, 8.9011704 ], [ 38.7350826, 8.9022633 ], [ 38.7337589, 8.9040162 ], [ 38.7313695, 8.9071775 ], [ 38.7312216, 8.9075352 ], [ 38.727289399999989, 8.9135477 ], [ 38.7226438, 8.9196104 ], [ 38.714174, 8.9207268 ], [ 38.7113597, 8.9196049 ], [ 38.7030194, 8.9214373 ], [ 38.6950392, 8.9306287 ], [ 38.6855945, 8.9409505 ], [ 38.6843243, 8.9411233 ], [ 38.6826055, 8.9416251 ], [ 38.6817489, 8.942167 ], [ 38.6802779, 8.943664 ], [ 38.6801187, 8.9442031 ], [ 38.6803134, 8.9557227 ], [ 38.6806467, 8.9698862 ], [ 38.6812469, 8.97226 ], [ 38.6875853, 8.9820108 ] ] ] } },
{ "type": "Feature", "properties": { "threshold_s": 300, "time_label": "5 min drive" }, "geometry": { "type": "Polygon", "coordinates": [ [ [ 38.6861873, 9.0663638 ], [ 38.6878622, 9.0685103 ], [ 38.6893412, 9.069898 ], [ 38.6917743, 9.0715285 ], [ 38.6938391, 9.0730859 ], [ 38.6945052, 9.0723955 ], [ 38.6946523, 9.0720662 ], [ 38.6947811, 9.0717378 ], [ 38.6951271, 9.0706887 ], [ 38.698357799999989, 9.0683166 ], [ 38.6992261, 9.0679087 ], [ 38.7001384, 9.0673675 ], [ 38.7047361, 9.0671463 ], [ 38.7066767, 9.0720331 ], [ 38.7051867, 9.0669423 ], [ 38.7064393, 9.0656273 ], [ 38.707658, 9.0628554 ], [ 38.7110449, 9.061498 ], [ 38.7142127, 9.0594514 ], [ 38.7135377, 9.0568903 ], [ 38.7157332, 9.0546701 ], [ 38.7157554, 9.0546448 ], [ 38.7157822, 9.0546119 ], [ 38.7160095, 9.054288 ], [ 38.7159558, 9.0542542 ], [ 38.7119027, 9.0522056 ], [ 38.7116659, 9.0510319 ], [ 38.7121698, 9.048352 ], [ 38.712318, 9.0481149 ], [ 38.7121869, 9.0453989 ], [ 38.711738, 9.0438218 ], [ 38.7093428, 9.0437774 ], [ 38.7057319, 9.0445986 ], [ 38.7034835, 9.0452111 ], [ 38.7022202, 9.0457932 ], [ 38.6993252, 9.0479462 ], [ 38.6974378, 9.0491639 ], [ 38.6936334, 9.0470007 ], [ 38.6933437, 9.0464014 ], [ 38.6931717, 9.0464104 ], [ 38.6915249, 9.0482858 ], [ 38.6905687, 9.0493811 ], [ 38.6872937, 9.0512525 ], [ 38.6848922, 9.0525543 ], [ 38.6846724, 9.0563468 ], [ 38.6847206, 9.0589202 ], [ 38.6847507, 9.0616361 ], [ 38.6847578, 9.0622835 ], [ 38.6848146, 9.0633976 ], [ 38.6855958, 9.0654901 ], [ 38.6861873, 9.0663638 ] ] ] } },
{ "type": "Feature", "properties": { "threshold_s": 600, "time_label": "10 min drive" }, "geometry": { "type": "Polygon", "coordinates": [ [ [ 38.6847681, 9.0654203 ], [ 38.6848046, 9.0744871 ], [ 38.689663, 9.0762027 ], [ 38.6938391, 9.0730859 ], [ 38.6945052, 9.0723955 ], [ 38.6946523, 9.0720662 ], [ 38.6947811, 9.0717378 ], [ 38.698357799999989, 9.0683166 ], [ 38.7049681, 9.0734342 ], [ 38.7040883, 9.075675 ], [ 38.7066767, 9.0720331 ], [ 38.7157707, 9.0714928 ], [ 38.7160362, 9.0719192 ], [ 38.7182799, 9.0763662 ], [ 38.7107912, 9.0885365 ], [ 38.7190591, 9.077488 ], [ 38.7239153, 9.0737729 ], [ 38.7256729, 9.0667716 ], [ 38.7282801, 9.0656601 ], [ 38.7311143, 9.0606794 ], [ 38.7314913, 9.0599955 ], [ 38.733463, 9.0529987 ], [ 38.7336133, 9.0510537 ], [ 38.7335279, 9.0454117 ], [ 38.7333988, 9.0445873 ], [ 38.7308286, 9.042755 ], [ 38.7274545, 9.0367111 ], [ 38.7260588, 9.0338561 ], [ 38.7204847, 9.0269567 ], [ 38.7154025, 9.0220043 ], [ 38.7118323, 9.02292 ], [ 38.7035291, 9.0254177 ], [ 38.6971682, 9.0306856 ], [ 38.6962954, 9.0312865 ], [ 38.6877899, 9.030611 ], [ 38.6844006, 9.0335746 ], [ 38.6824527, 9.0358739 ], [ 38.6829472, 9.0398664 ], [ 38.6794643, 9.0446396 ], [ 38.6806176, 9.0455197 ], [ 38.6814183, 9.0461415 ], [ 38.6848922, 9.0525543 ], [ 38.6848619, 9.0553593 ], [ 38.684765, 9.0559001 ], [ 38.6846724, 9.0563468 ], [ 38.6847206, 9.0589202 ], [ 38.684761, 9.0605151 ], [ 38.6847507, 9.0616361 ], [ 38.6847578, 9.0622835 ], [ 38.6847362, 9.0650724 ], [ 38.6847681, 9.0654203 ] ] ] } },
{ "type": "Feature", "properties": { "threshold_s": 900, "time_label": "15 min drive" }, "geometry": { "type": "Polygon", "coordinates": [ [ [ 38.6847681, 9.0654203 ], [ 38.6848046, 9.0744871 ], [ 38.689663, 9.0762027 ], [ 38.6938391, 9.0730859 ], [ 38.7040883, 9.075675 ], [ 38.7066767, 9.0720331 ], [ 38.7182799, 9.0763662 ], [ 38.7190591, 9.077488 ], [ 38.7212082, 9.0809212 ], [ 38.7107912, 9.0885365 ], [ 38.7188042, 9.0925749 ], [ 38.7265894, 9.0880836 ], [ 38.7356744, 9.0873049 ], [ 38.7382369, 9.0758127 ], [ 38.7436053, 9.0729628 ], [ 38.7489543, 9.0683146 ], [ 38.7505218, 9.0666661 ], [ 38.7512422, 9.0651452 ], [ 38.7539978, 9.0561037 ], [ 38.754369, 9.0545885 ], [ 38.7529622, 9.0503793 ], [ 38.752203, 9.0399223 ], [ 38.7518915, 9.0381572 ], [ 38.7506356, 9.033264 ], [ 38.7434632, 9.024576 ], [ 38.7346128, 9.0153913 ], [ 38.729458, 9.0082239 ], [ 38.7187191, 9.0029892 ], [ 38.71800360000001, 9.0029401 ], [ 38.71392, 9.0071185 ], [ 38.7034982, 9.0135973 ], [ 38.6959296, 9.0117743 ], [ 38.6841927, 9.0142831 ], [ 38.6836794, 9.0143871 ], [ 38.6832154, 9.0144824 ], [ 38.6791062, 9.0152851 ], [ 38.6710296, 9.0230476 ], [ 38.6673797, 9.0328654 ], [ 38.6746724, 9.0409686 ], [ 38.676438, 9.042549 ], [ 38.6794643, 9.0446396 ], [ 38.6846724, 9.0563468 ], [ 38.6847206, 9.0589202 ], [ 38.684761, 9.0605151 ], [ 38.6847507, 9.0616361 ], [ 38.6847578, 9.0622835 ], [ 38.6847362, 9.0650724 ], [ 38.6847681, 9.0654203 ] ] ] } },
{ "type": "Feature", "properties": { "threshold_s": 300, "time_label": "5 min drive" }, "geometry": { "type": "Polygon", "coordinates": [ [ [ 38.6912349, 9.0696005 ], [ 38.6920583, 9.0705107 ], [ 38.6946523, 9.0720662 ], [ 38.6947811, 9.0717378 ], [ 38.6951271, 9.0706887 ], [ 38.698357799999989, 9.0683166 ], [ 38.6992261, 9.0679087 ], [ 38.7001384, 9.0673675 ], [ 38.7047361, 9.0671463 ], [ 38.7049681, 9.0734342 ], [ 38.7040883, 9.075675 ], [ 38.7066767, 9.0720331 ], [ 38.7051867, 9.0669423 ], [ 38.7064393, 9.0656273 ], [ 38.707658, 9.0628554 ], [ 38.7110449, 9.061498 ], [ 38.7147419, 9.0627772 ], [ 38.7154944, 9.0661054 ], [ 38.7157479, 9.0667755 ], [ 38.7177467, 9.0672627 ], [ 38.7175167, 9.0659601 ], [ 38.7170228, 9.064948 ], [ 38.7148011, 9.0620899 ], [ 38.7143868, 9.0611467 ], [ 38.7142127, 9.0594514 ], [ 38.7135961, 9.057536 ], [ 38.7157332, 9.0546701 ], [ 38.718746, 9.0552771 ], [ 38.7195412, 9.0558773 ], [ 38.7216219, 9.0523107 ], [ 38.7216944, 9.0518311 ], [ 38.7216669, 9.0517627 ], [ 38.7213459, 9.0513229 ], [ 38.7191878, 9.0503161 ], [ 38.7186648, 9.0507677 ], [ 38.7180585, 9.0511332 ], [ 38.7159088, 9.0528119 ], [ 38.7137617, 9.048899 ], [ 38.7131116, 9.0472352 ], [ 38.7121869, 9.0453989 ], [ 38.7109146, 9.0445615 ], [ 38.7082551, 9.0448741 ], [ 38.7039406, 9.0464484 ], [ 38.7022443, 9.0473521 ], [ 38.7004472, 9.0486732 ], [ 38.6974378, 9.0491639 ], [ 38.6932593, 9.0510511 ], [ 38.692115, 9.0527345 ], [ 38.6896762, 9.0553523 ], [ 38.6884614, 9.056045 ], [ 38.6883563, 9.0567749 ], [ 38.6880323, 9.0586902 ], [ 38.6873407, 9.0615741 ], [ 38.6899024, 9.0645456 ], [ 38.6898069, 9.0677562 ], [ 38.6912349, 9.0696005 ] ] ] } },
{ "type": "Feature", "properties": { "threshold_s": 600, "time_label": "10 min drive" }, "geometry": { "type": "Polygon", "coordinates": [ [ [ 38.6847681, 9.0654203 ], [ 38.6848046, 9.0744871 ], [ 38.689663, 9.0762027 ], [ 38.6938391, 9.0730859 ], [ 38.6945052, 9.0723955 ], [ 38.6946523, 9.0720662 ], [ 38.6947811, 9.0717378 ], [ 38.698357799999989, 9.0683166 ], [ 38.7049681, 9.0734342 ], [ 38.7040883, 9.075675 ], [ 38.7066767, 9.0720331 ], [ 38.7157707, 9.0714928 ], [ 38.7160362, 9.0719192 ], [ 38.7182799, 9.0763662 ], [ 38.7190591, 9.077488 ], [ 38.7212082, 9.0809212 ], [ 38.7107912, 9.0885365 ], [ 38.7230509, 9.0843081 ], [ 38.7231448, 9.084217 ], [ 38.723002, 9.0835621 ], [ 38.7261845, 9.0750759 ], [ 38.7321416, 9.0707154 ], [ 38.7325798, 9.0702211 ], [ 38.7331926, 9.0695263 ], [ 38.7386954, 9.063155 ], [ 38.738775, 9.0629219 ], [ 38.7387881, 9.0628799 ], [ 38.739572, 9.0579534 ], [ 38.7405884, 9.0506079 ], [ 38.7397798, 9.0469845 ], [ 38.7399562, 9.0406862 ], [ 38.7399669, 9.0405226 ], [ 38.7399448, 9.040324 ], [ 38.7376186, 9.0380188 ], [ 38.7314776, 9.0338145 ], [ 38.7301712, 9.0326154 ], [ 38.7287023, 9.0317977 ], [ 38.7208387, 9.0278143 ], [ 38.715065, 9.0231544 ], [ 38.7120079, 9.0242214 ], [ 38.703514, 9.0261544 ], [ 38.7008457, 9.0310941 ], [ 38.6951821, 9.0328202 ], [ 38.692354, 9.0351618 ], [ 38.6848435, 9.0386161 ], [ 38.6844009, 9.0388254 ], [ 38.6840039, 9.0392492 ], [ 38.6837143, 9.0395856 ], [ 38.6794643, 9.0446396 ], [ 38.6806176, 9.0455197 ], [ 38.6814183, 9.0461415 ], [ 38.6848922, 9.0525543 ], [ 38.6848619, 9.0553593 ], [ 38.684765, 9.0559001 ], [ 38.6846724, 9.0563468 ], [ 38.6847206, 9.0589202 ], [ 38.684761, 9.0605151 ], [ 38.6847507, 9.0616361 ], [ 38.6847578, 9.0622835 ], [ 38.6847362, 9.0650724 ], [ 38.6847681, 9.0654203 ] ] ] } },
{ "type": "Feature", "properties": { "threshold_s": 900, "time_label": "15 min drive" }, "geometry": { "type": "Polygon", "coordinates": [ [ [ 38.6847681, 9.0654203 ], [ 38.6848046, 9.0744871 ], [ 38.689663, 9.0762027 ], [ 38.6938391, 9.0730859 ], [ 38.7040883, 9.075675 ], [ 38.7066767, 9.0720331 ], [ 38.7160362, 9.0719192 ], [ 38.7182799, 9.0763662 ], [ 38.7190591, 9.077488 ], [ 38.7212082, 9.0809212 ], [ 38.7222228, 9.0847868 ], [ 38.7107912, 9.0885365 ], [ 38.7188042, 9.0925749 ], [ 38.7265894, 9.0880836 ], [ 38.7380585, 9.0909943 ], [ 38.7437648, 9.0886729 ], [ 38.7440855, 9.0871613 ], [ 38.7465249, 9.0792228 ], [ 38.753555, 9.0732747 ], [ 38.7563378, 9.0707511 ], [ 38.7572798, 9.0692308 ], [ 38.7592323, 9.0643702 ], [ 38.761587, 9.0553845 ], [ 38.7600234, 9.0439033 ], [ 38.7582831, 9.0359975 ], [ 38.7565032, 9.0287242 ], [ 38.751757499999989, 9.0253567 ], [ 38.744642, 9.0193753 ], [ 38.735418, 9.0139591 ], [ 38.7286855, 9.0089895 ], [ 38.7186832, 9.004024 ], [ 38.7179507, 9.0040545 ], [ 38.7145697, 9.0075405 ], [ 38.7139575, 9.0091895 ], [ 38.7034982, 9.0135973 ], [ 38.6976741, 9.0149832 ], [ 38.697235, 9.0150723 ], [ 38.6956619, 9.0157202 ], [ 38.6924505, 9.0183466 ], [ 38.6830219, 9.0193318 ], [ 38.6821558, 9.0192088 ], [ 38.6808094, 9.0205157 ], [ 38.6724021, 9.028068 ], [ 38.6714859, 9.0304482 ], [ 38.6722357, 9.035704 ], [ 38.6746724, 9.0409686 ], [ 38.6794643, 9.0446396 ], [ 38.6806176, 9.0455197 ], [ 38.6846724, 9.0563468 ], [ 38.6847206, 9.0589202 ], [ 38.684761, 9.0605151 ], [ 38.6847507, 9.0616361 ], [ 38.6847578, 9.0622835 ], [ 38.6847362, 9.0650724 ], [ 38.6847681, 9.0654203 ] ] ] } },
{ "type": "Feature", "properties": { "threshold_s": 300, "time_label": "5 min drive" }, "geometry": { "type": "Polygon", "coordinates": [ [ [ 38.7319874, 9.0553044 ], [ 38.7332947, 9.0567827 ], [ 38.7340075, 9.0568879 ], [ 38.7391153, 9.0581553 ], [ 38.7403279, 9.0585973 ], [ 38.7439044, 9.0592462 ], [ 38.7484489, 9.0588421 ], [ 38.7513386, 9.0566671 ], [ 38.7539978, 9.0561037 ], [ 38.7569102, 9.0555767 ], [ 38.7575758, 9.0539344 ], [ 38.7595873, 9.0507041 ], [ 38.7588879, 9.0497151 ], [ 38.7580652, 9.0488412 ], [ 38.7612864, 9.0448542 ], [ 38.7613838, 9.0448472 ], [ 38.7630773, 9.0436988 ], [ 38.7636595, 9.043088 ], [ 38.7620077, 9.0410376 ], [ 38.7619234, 9.0409444 ], [ 38.7596169, 9.0366557 ], [ 38.7596682, 9.034679 ], [ 38.7568262, 9.030107 ], [ 38.7575971, 9.0292881 ], [ 38.7565032, 9.0287242 ], [ 38.7549855, 9.028112 ], [ 38.7517903, 9.0249097 ], [ 38.751583, 9.0249059 ], [ 38.7480859, 9.027872 ], [ 38.7461541, 9.0283428 ], [ 38.7456176, 9.0283852 ], [ 38.7435203, 9.0282082 ], [ 38.7411225, 9.0286084 ], [ 38.7386895, 9.0292456 ], [ 38.7343263, 9.0302977 ], [ 38.7325788, 9.0315183 ], [ 38.73110830000001, 9.0327577 ], [ 38.7300508, 9.033799 ], [ 38.7286133, 9.0377362 ], [ 38.7277025, 9.039767 ], [ 38.7275704, 9.0403259 ], [ 38.7274041, 9.0412133 ], [ 38.7276385, 9.0441208 ], [ 38.7280317, 9.044982 ], [ 38.7317923, 9.0484336 ], [ 38.7310689, 9.050217 ], [ 38.730085, 9.0510296 ], [ 38.7306954, 9.05348 ], [ 38.7319874, 9.0553044 ] ] ] } },
{ "type": "Feature", "properties": { "threshold_s": 600, "time_label": "10 min drive" }, "geometry": { "type": "Polygon", "coordinates": [ [ [ 38.7157479, 9.0667755 ], [ 38.716975, 9.0684375 ], [ 38.7215124, 9.0716122 ], [ 38.7257969, 9.0726548 ], [ 38.7338488, 9.072825 ], [ 38.7348948, 9.0733919 ], [ 38.7377219, 9.0759888 ], [ 38.7445479, 9.0766414 ], [ 38.7510584, 9.0755627 ], [ 38.7567401, 9.0780534 ], [ 38.7569319, 9.0781488 ], [ 38.7584755, 9.0766311 ], [ 38.7641785, 9.0725384 ], [ 38.7665979, 9.0720205 ], [ 38.7718569, 9.0681038 ], [ 38.7728937, 9.0671066 ], [ 38.7760456, 9.0634333 ], [ 38.7774746, 9.058994 ], [ 38.7811391, 9.0523363 ], [ 38.7817818, 9.0466303 ], [ 38.7832034, 9.0412485 ], [ 38.7838114, 9.0389039 ], [ 38.7835932, 9.0378847 ], [ 38.7817318, 9.0329631 ], [ 38.7761492, 9.027044 ], [ 38.7754401, 9.0268163 ], [ 38.7726906, 9.0277322 ], [ 38.7664473, 9.0226405 ], [ 38.7683945, 9.0192425 ], [ 38.7674265, 9.0166327 ], [ 38.7654659, 9.0106243 ], [ 38.7643986, 9.0090118 ], [ 38.7590704, 9.0068685 ], [ 38.7551838, 9.0038287 ], [ 38.7547041, 9.0038506 ], [ 38.7531698, 9.0041116 ], [ 38.7465419, 9.0063014 ], [ 38.7433631, 9.0074509 ], [ 38.7432431, 9.0074962 ], [ 38.7359332, 9.0101339 ], [ 38.7281463, 9.0122149 ], [ 38.7260014, 9.0147848 ], [ 38.720787799999989, 9.0176508 ], [ 38.7164264, 9.0211177 ], [ 38.7152763, 9.0236018 ], [ 38.7152166, 9.0245608 ], [ 38.715158, 9.0253611 ], [ 38.711698, 9.0327739 ], [ 38.7114706, 9.0334569 ], [ 38.7101037, 9.0385465 ], [ 38.7106312, 9.039599 ], [ 38.712546, 9.0456296 ], [ 38.7122999, 9.0485977 ], [ 38.7131065, 9.0568466 ], [ 38.7129772, 9.0578141 ], [ 38.7154944, 9.0661054 ], [ 38.7157479, 9.0667755 ] ] ] } },
{ "type": "Feature", "properties": { "threshold_s": 900, "time_label": "15 min drive" }, "geometry": { "type": "Polygon", "coordinates": [ [ [ 38.6960287, 9.0661942 ], [ 38.6963986, 9.0667089 ], [ 38.698357799999989, 9.0683166 ], [ 38.7066767, 9.0720331 ], [ 38.7160362, 9.0719192 ], [ 38.7182799, 9.0763662 ], [ 38.7190591, 9.077488 ], [ 38.7222228, 9.0847868 ], [ 38.7265894, 9.0880836 ], [ 38.7309526, 9.086197 ], [ 38.7380585, 9.0909943 ], [ 38.7482871, 9.0888993 ], [ 38.7485714, 9.0882718 ], [ 38.7536985, 9.0820899 ], [ 38.761552, 9.0882703 ], [ 38.7621984, 9.0915386 ], [ 38.7624773, 9.0915916 ], [ 38.7640853, 9.0916459 ], [ 38.7643856, 9.0915056 ], [ 38.7625162, 9.0885921 ], [ 38.7622379, 9.0881776 ], [ 38.7613576, 9.0810134 ], [ 38.7700425, 9.0798452 ], [ 38.773237, 9.081739 ], [ 38.7736219, 9.0787401 ], [ 38.7845762, 9.0804395 ], [ 38.7856852, 9.0805299 ], [ 38.7909396, 9.0715351 ], [ 38.7957475, 9.0620051 ], [ 38.7959567, 9.0614277 ], [ 38.7931769, 9.0568746 ], [ 38.792129, 9.0494167 ], [ 38.7967241, 9.0428703 ], [ 38.7975584, 9.0393973 ], [ 38.8011234, 9.0303124 ], [ 38.8022468, 9.0290022 ], [ 38.8022679, 9.0289403 ], [ 38.8010437, 9.0214108 ], [ 38.7949564, 9.0184715 ], [ 38.7877233, 9.0124807 ], [ 38.7846418, 9.004535 ], [ 38.7835287, 9.0002109 ], [ 38.7779845, 8.9920851 ], [ 38.7764195, 8.9911022 ], [ 38.7727274, 8.9902942 ], [ 38.7706285, 8.9900889 ], [ 38.7622147, 8.9858887 ], [ 38.7615543, 8.9853726 ], [ 38.7592917, 8.9842459 ], [ 38.7507601, 8.9826776 ], [ 38.7496555, 8.9826637 ], [ 38.7411167, 8.9863035 ], [ 38.737164, 8.9860752 ], [ 38.733775, 8.9882291 ], [ 38.7256426, 8.9913092 ], [ 38.7255622, 8.9913882 ], [ 38.7185878, 8.9978946 ], [ 38.7143733, 9.0001679 ], [ 38.7091872, 9.006355 ], [ 38.7093334, 9.007922 ], [ 38.7089059, 9.0123129 ], [ 38.7019781, 9.0177355 ], [ 38.7012952, 9.0178634 ], [ 38.695874, 9.0248457 ], [ 38.6897313, 9.0338245 ], [ 38.6925361, 9.0407319 ], [ 38.6933702, 9.0449734 ], [ 38.697561, 9.0516751 ], [ 38.6936823, 9.0575249 ], [ 38.6931458, 9.0582512 ], [ 38.6928332, 9.0587042 ], [ 38.6960287, 9.0661942 ] ] ] } },
{ "type": "Feature", "properties": { "threshold_s": 300, "time_label": "5 min drive" }, "geometry": { "type": "Polygon", "coordinates": [ [ [ 38.7229382, 9.0433447 ], [ 38.7247722, 9.0463296 ], [ 38.7260592, 9.0460109 ], [ 38.7288047, 9.0464712 ], [ 38.7317687, 9.047415 ], [ 38.732672, 9.0489328 ], [ 38.7341491, 9.0479992 ], [ 38.7345162, 9.0460426 ], [ 38.736129, 9.0447854 ], [ 38.7383373, 9.0423504 ], [ 38.7398261, 9.0423338 ], [ 38.7427163, 9.0408189 ], [ 38.743777, 9.0414001 ], [ 38.7438561, 9.041361 ], [ 38.7457761, 9.0389735 ], [ 38.748194, 9.0381923 ], [ 38.7499915, 9.0355127 ], [ 38.75095, 9.0327385 ], [ 38.7513957, 9.030474 ], [ 38.7518885, 9.0270083 ], [ 38.7518197, 9.0268988 ], [ 38.7517552, 9.0268586 ], [ 38.7516244, 9.0268449 ], [ 38.7497291, 9.0238254 ], [ 38.7492972, 9.0231819 ], [ 38.7478737, 9.0209883 ], [ 38.7466047, 9.0184173 ], [ 38.7464378, 9.0176211 ], [ 38.7458231, 9.016535 ], [ 38.743399, 9.0147515 ], [ 38.7420477, 9.0142763 ], [ 38.7403619, 9.0125466 ], [ 38.7378603, 9.0110384 ], [ 38.7374108, 9.0110446 ], [ 38.7359091, 9.0114509 ], [ 38.7338332, 9.0097244 ], [ 38.7333509, 9.0103889 ], [ 38.7328906, 9.0112949 ], [ 38.7329321, 9.0116426 ], [ 38.7314063, 9.0144722 ], [ 38.7286815, 9.0130056 ], [ 38.7285514, 9.0122122 ], [ 38.7270118, 9.0118618 ], [ 38.7264951, 9.0122563 ], [ 38.726227, 9.0136227 ], [ 38.7261764, 9.0137955 ], [ 38.7251678, 9.0156719 ], [ 38.7220008, 9.0164096 ], [ 38.7206309, 9.0166203 ], [ 38.7184063, 9.0183003 ], [ 38.7165147, 9.0199715 ], [ 38.7160489, 9.0210002 ], [ 38.7156287, 9.0220832 ], [ 38.7152763, 9.0236018 ], [ 38.715158, 9.0253611 ], [ 38.7150309, 9.0279479 ], [ 38.714946, 9.0291351 ], [ 38.7148648, 9.0307692 ], [ 38.7152774, 9.0316214 ], [ 38.7159407, 9.0326915 ], [ 38.7161264, 9.0326958 ], [ 38.719316, 9.0342986 ], [ 38.7192696, 9.0360175 ], [ 38.718946, 9.0374078 ], [ 38.7186732, 9.0381253 ], [ 38.7198081, 9.0410372 ], [ 38.72154, 9.0423558 ], [ 38.7229382, 9.0433447 ] ] ] } },
{ "type": "Feature", "properties": { "threshold_s": 600, "time_label": "10 min drive" }, "geometry": { "type": "Polygon", "coordinates": [ [ [ 38.7124944, 9.0556144 ], [ 38.7123053, 9.0580287 ], [ 38.717228, 9.0626398 ], [ 38.7189063, 9.0637102 ], [ 38.722646, 9.0651138 ], [ 38.727808, 9.0669441 ], [ 38.7282699, 9.0670315 ], [ 38.7325362, 9.0659339 ], [ 38.7408009, 9.0654261 ], [ 38.7450099, 9.0640866 ], [ 38.7484489, 9.0588421 ], [ 38.7539978, 9.0561037 ], [ 38.7569102, 9.0555767 ], [ 38.7604893, 9.0526153 ], [ 38.7606242, 9.0524416 ], [ 38.7607551, 9.0522727 ], [ 38.7650236, 9.0447815 ], [ 38.7679818, 9.0389659 ], [ 38.7680107, 9.0388899 ], [ 38.768567, 9.0339854 ], [ 38.7684305, 9.0329237 ], [ 38.7683848, 9.0328415 ], [ 38.7664014, 9.0314507 ], [ 38.7654192, 9.0307943 ], [ 38.7645123, 9.0221623 ], [ 38.7666902, 9.0194705 ], [ 38.7693626, 9.0163824 ], [ 38.7655289, 9.009173 ], [ 38.7643308, 9.0075099 ], [ 38.7587141, 9.0041929 ], [ 38.7553013, 9.0003735 ], [ 38.7551021, 9.0002629 ], [ 38.7509512, 8.9988736 ], [ 38.7468406, 8.9943739 ], [ 38.7397446, 8.9917148 ], [ 38.7381417, 8.9913128 ], [ 38.7352876, 8.9909264 ], [ 38.726614, 8.990508 ], [ 38.7256426, 8.9913092 ], [ 38.7248948, 8.9919464 ], [ 38.723478, 8.9931039 ], [ 38.7170495, 8.9971098 ], [ 38.7153482, 8.9982186 ], [ 38.7145545, 8.999617 ], [ 38.708577, 9.0058768 ], [ 38.7083316, 9.006049 ], [ 38.7073418, 9.0125473 ], [ 38.7065819, 9.0155351 ], [ 38.7052531, 9.0208687 ], [ 38.7003976, 9.02517 ], [ 38.6979978, 9.0302365 ], [ 38.6951821, 9.0328202 ], [ 38.6960489, 9.0355964 ], [ 38.6971109, 9.0389421 ], [ 38.6976255, 9.0399392 ], [ 38.7024079, 9.0462362 ], [ 38.7035807, 9.0470474 ], [ 38.704146, 9.0474209 ], [ 38.7079997, 9.0491579 ], [ 38.7085193, 9.0494539 ], [ 38.7124944, 9.0556144 ] ] ] } },
{ "type": "Feature", "properties": { "threshold_s": 900, "time_label": "15 min drive" }, "geometry": { "type": "Polygon", "coordinates": [ [ [ 38.693144, 9.0604975 ], [ 38.6960239, 9.0667504 ], [ 38.698357799999989, 9.0683166 ], [ 38.7049681, 9.0734342 ], [ 38.7066767, 9.0720331 ], [ 38.7160362, 9.0719192 ], [ 38.7182799, 9.0763662 ], [ 38.7190591, 9.077488 ], [ 38.7212082, 9.0809212 ], [ 38.7222228, 9.0847868 ], [ 38.7231521, 9.0851596 ], [ 38.7279962, 9.0819581 ], [ 38.7287586, 9.0812933 ], [ 38.7377219, 9.0759888 ], [ 38.7465249, 9.0792228 ], [ 38.7569319, 9.0781488 ], [ 38.7584755, 9.0766311 ], [ 38.7670536, 9.0730241 ], [ 38.7728575, 9.0686346 ], [ 38.7732424, 9.0682521 ], [ 38.7783858, 9.0620343 ], [ 38.7802957, 9.0593364 ], [ 38.7827944, 9.0540054 ], [ 38.7858014, 9.0448877 ], [ 38.7873533, 9.0350137 ], [ 38.7884871, 9.0289877 ], [ 38.7868398, 9.0221014 ], [ 38.7875552, 9.0160411 ], [ 38.787648, 9.0157163 ], [ 38.7873429, 9.0143333 ], [ 38.7859473, 9.0044728 ], [ 38.7852776, 9.0013407 ], [ 38.7847739, 8.9993148 ], [ 38.7845898, 8.998985 ], [ 38.779415899999989, 8.9911439 ], [ 38.7718993, 8.9891153 ], [ 38.7643042, 8.9835536 ], [ 38.7585997, 8.9798754 ], [ 38.7549105, 8.9779306 ], [ 38.7467272, 8.9733494 ], [ 38.7382892, 8.9703595 ], [ 38.7360798, 8.9708501 ], [ 38.7310847, 8.9722338 ], [ 38.7211726, 8.9728065 ], [ 38.7204065, 8.9728935 ], [ 38.7156376, 8.975235 ], [ 38.7135418, 8.9763191 ], [ 38.7133567, 8.9768516 ], [ 38.7127013, 8.9783543 ], [ 38.712479, 8.9798539 ], [ 38.7021218, 8.9840129 ], [ 38.7019407, 8.9843376 ], [ 38.6981352, 8.9929925 ], [ 38.6944625, 8.9968365 ], [ 38.6922561, 8.9985884 ], [ 38.6903593, 9.0000015 ], [ 38.6888459, 9.001314 ], [ 38.6883129, 9.0019571 ], [ 38.6874533, 9.0031151 ], [ 38.6871268, 9.0037398 ], [ 38.6872663, 9.0065474 ], [ 38.6874921, 9.0079472 ], [ 38.6869296, 9.0160394 ], [ 38.6824898, 9.0240176 ], [ 38.6802902, 9.0273079 ], [ 38.6766225, 9.0317898 ], [ 38.677586, 9.034883 ], [ 38.6810917, 9.0452746 ], [ 38.6814183, 9.0461415 ], [ 38.6852217, 9.0498367 ], [ 38.6895577, 9.0561344 ], [ 38.68969, 9.0563474 ], [ 38.693144, 9.0604975 ] ] ] } },
{ "type": "Feature", "properties": { "threshold_s": 300, "time_label": "5 min drive" }, "geometry": { "type": "Polygon", "coordinates": [ [ [ 38.6985459, 9.0440177 ], [ 38.6998665, 9.0471998 ], [ 38.7010574, 9.0482553 ], [ 38.7022028, 9.0485812 ], [ 38.7048393, 9.0511902 ], [ 38.7053926, 9.0513485 ], [ 38.7061027, 9.0515041 ], [ 38.7081103, 9.0514505 ], [ 38.7092687, 9.0515595 ], [ 38.7122765, 9.0540168 ], [ 38.7125325, 9.0549012 ], [ 38.713183, 9.0563726 ], [ 38.7157332, 9.0546701 ], [ 38.7157554, 9.0546448 ], [ 38.7157822, 9.0546119 ], [ 38.7160095, 9.054288 ], [ 38.717769, 9.0522332 ], [ 38.7213459, 9.0513229 ], [ 38.723872299999989, 9.0504942 ], [ 38.7249858, 9.0500191 ], [ 38.7263547, 9.0483334 ], [ 38.7278761, 9.0471779 ], [ 38.7280317, 9.044982 ], [ 38.7303013, 9.0436433 ], [ 38.7304424, 9.043045 ], [ 38.7314314, 9.039777 ], [ 38.7324809, 9.0365868 ], [ 38.7328184, 9.0339688 ], [ 38.7312039, 9.032052 ], [ 38.7303283, 9.0286827 ], [ 38.7286166, 9.0265256 ], [ 38.727028, 9.0243554 ], [ 38.7263654, 9.0228601 ], [ 38.7252751, 9.0219859 ], [ 38.7228298, 9.0203316 ], [ 38.721577, 9.0201857 ], [ 38.7184063, 9.0183003 ], [ 38.7181324, 9.016575 ], [ 38.7178761, 9.0167999 ], [ 38.716879, 9.0190493 ], [ 38.714144, 9.0204375 ], [ 38.7136447, 9.0204898 ], [ 38.7100294, 9.0196497 ], [ 38.7087573, 9.019313 ], [ 38.7062609, 9.021017 ], [ 38.7062953, 9.0214743 ], [ 38.7051357, 9.0249965 ], [ 38.7035291, 9.0254177 ], [ 38.7014104, 9.0257572 ], [ 38.7028545, 9.0276203 ], [ 38.7002915, 9.0306907 ], [ 38.6997702, 9.0314941 ], [ 38.6993368, 9.0329567 ], [ 38.6973505, 9.0353842 ], [ 38.6978508, 9.0387797 ], [ 38.6988802, 9.0423907 ], [ 38.6985459, 9.0440177 ] ] ] } },
{ "type": "Feature", "properties": { "threshold_s": 600, "time_label": "10 min drive" }, "geometry": { "type": "Polygon", "coordinates": [ [ [ 38.6892241, 9.0567652 ], [ 38.6928513, 9.0622536 ], [ 38.6977765, 9.0668718 ], [ 38.7001384, 9.0673675 ], [ 38.7047361, 9.0671463 ], [ 38.7051867, 9.0669423 ], [ 38.7064393, 9.0656273 ], [ 38.7110449, 9.061498 ], [ 38.7154944, 9.0661054 ], [ 38.7157479, 9.0667755 ], [ 38.716975, 9.0684375 ], [ 38.7172258, 9.0686296 ], [ 38.7175758, 9.0688659 ], [ 38.7191502, 9.0700738 ], [ 38.7215999, 9.0727251 ], [ 38.7269273, 9.0706505 ], [ 38.729433899999989, 9.0696625 ], [ 38.7309868, 9.0686567 ], [ 38.7351153, 9.0644491 ], [ 38.7384091, 9.0639317 ], [ 38.7397194, 9.0634177 ], [ 38.7421665, 9.0620684 ], [ 38.7446243, 9.0556957 ], [ 38.7463347, 9.0539032 ], [ 38.7468513, 9.0524241 ], [ 38.7496739, 9.0462356 ], [ 38.7507097, 9.0456515 ], [ 38.7507784, 9.0448296 ], [ 38.7505575, 9.0409128 ], [ 38.7535757, 9.0366681 ], [ 38.7543443, 9.0327333 ], [ 38.7531912, 9.0297342 ], [ 38.7521793, 9.0286187 ], [ 38.7508772, 9.0273428 ], [ 38.7477265, 9.0217389 ], [ 38.7445388, 9.0164308 ], [ 38.743399, 9.0147515 ], [ 38.7413562, 9.0128743 ], [ 38.7389141, 9.0108949 ], [ 38.7367107, 9.0088253 ], [ 38.7331199, 9.0045655 ], [ 38.7321114, 9.0037694 ], [ 38.730182, 9.0046135 ], [ 38.7292146, 9.0052443 ], [ 38.7285474, 9.0064755 ], [ 38.7284978, 9.0065722 ], [ 38.726517, 9.0109459 ], [ 38.7201735, 9.0095651 ], [ 38.7197471, 9.0087074 ], [ 38.7190564, 9.0070821 ], [ 38.7193601, 9.0036258 ], [ 38.7224929, 8.9990797 ], [ 38.7223239, 8.9985459 ], [ 38.7202011, 8.9970693 ], [ 38.7182531, 8.9959834 ], [ 38.7152871, 8.9979211 ], [ 38.7145545, 8.999617 ], [ 38.7143733, 9.0001679 ], [ 38.7142619, 9.0021177 ], [ 38.708577, 9.0058768 ], [ 38.7083316, 9.006049 ], [ 38.7080593, 9.0062742 ], [ 38.7049219, 9.0129477 ], [ 38.6986072, 9.0111592 ], [ 38.6963618, 9.0075216 ], [ 38.696299, 9.0072419 ], [ 38.6962301, 9.0068924 ], [ 38.695824, 9.0066066 ], [ 38.6947194, 9.0060185 ], [ 38.694533, 9.0060516 ], [ 38.6910903, 9.0081737 ], [ 38.6908087, 9.0086809 ], [ 38.6888292, 9.0144725 ], [ 38.6880675, 9.0163288 ], [ 38.685514, 9.0220428 ], [ 38.6832665, 9.0239906 ], [ 38.6802902, 9.0273079 ], [ 38.6791261, 9.0289381 ], [ 38.6781015, 9.0319814 ], [ 38.6821318, 9.036787 ], [ 38.6818595, 9.044147 ], [ 38.6820774, 9.0462707 ], [ 38.6852217, 9.0498367 ], [ 38.6891852, 9.055682 ], [ 38.6892241, 9.0567652 ] ] ] } },
{ "type": "Feature", "properties": { "threshold_s": 900, "time_label": "15 min drive" }, "geometry": { "type": "Polygon", "coordinates": [ [ [ 38.6847681, 9.0654203 ], [ 38.6848046, 9.0744871 ], [ 38.689663, 9.0762027 ], [ 38.6938391, 9.0730859 ], [ 38.7040883, 9.075675 ], [ 38.7066767, 9.0720331 ], [ 38.7182799, 9.0763662 ], [ 38.7190591, 9.077488 ], [ 38.7212082, 9.0809212 ], [ 38.7222228, 9.0847868 ], [ 38.7265894, 9.0880836 ], [ 38.730374, 9.0869792 ], [ 38.7309526, 9.086197 ], [ 38.7377219, 9.0759888 ], [ 38.7465249, 9.0792228 ], [ 38.754019, 9.0745692 ], [ 38.7587925, 9.0707906 ], [ 38.76030990000001, 9.0681525 ], [ 38.761816, 9.06533 ], [ 38.7663088, 9.0566571 ], [ 38.7708269, 9.0470365 ], [ 38.7706733, 9.0395278 ], [ 38.7714916, 9.032111 ], [ 38.7696348, 9.0316607 ], [ 38.7638895, 9.0199177 ], [ 38.7659352, 9.0168131 ], [ 38.7661117, 9.016113 ], [ 38.7636137, 9.009863 ], [ 38.756713499999989, 9.0039448 ], [ 38.7508098, 8.9934276 ], [ 38.7481907, 8.9903755 ], [ 38.7427596, 8.9863312 ], [ 38.7393433, 8.9852712 ], [ 38.7297006, 8.9810763 ], [ 38.7218581, 8.9783907 ], [ 38.7189332, 8.9793883 ], [ 38.7173092, 8.9803274 ], [ 38.7053044, 8.9852953 ], [ 38.7037356, 8.9846857 ], [ 38.7021218, 8.9840129 ], [ 38.6894907, 8.9883293 ], [ 38.68792, 8.9884675 ], [ 38.6826465, 8.9909803 ], [ 38.6739966, 8.9990592 ], [ 38.6735172, 8.9999784 ], [ 38.6697802, 9.0072517 ], [ 38.6679003, 9.0164846 ], [ 38.6677046, 9.0206026 ], [ 38.6673797, 9.0328654 ], [ 38.6746724, 9.0409686 ], [ 38.676438, 9.042549 ], [ 38.6794643, 9.0446396 ], [ 38.6846724, 9.0563468 ], [ 38.6847206, 9.0589202 ], [ 38.684761, 9.0605151 ], [ 38.6847507, 9.0616361 ], [ 38.6847578, 9.0622835 ], [ 38.6847362, 9.0650724 ], [ 38.6847681, 9.0654203 ] ] ] } },
{ "type": "Feature", "properties": { "threshold_s": 300, "time_label": "5 min drive" }, "geometry": { "type": "Polygon", "coordinates": [ [ [ 38.6852767, 9.0690918 ], [ 38.6848046, 9.0744871 ], [ 38.689663, 9.0762027 ], [ 38.6938391, 9.0730859 ], [ 38.6945052, 9.0723955 ], [ 38.6946523, 9.0720662 ], [ 38.698357799999989, 9.0683166 ], [ 38.6992261, 9.0679087 ], [ 38.7001384, 9.0673675 ], [ 38.7047361, 9.0671463 ], [ 38.7051867, 9.0669423 ], [ 38.7064393, 9.0656273 ], [ 38.7078967, 9.0623726 ], [ 38.7079938, 9.0620327 ], [ 38.7080747, 9.0616768 ], [ 38.707982199999989, 9.0569533 ], [ 38.7083423, 9.0530967 ], [ 38.7076973, 9.0529569 ], [ 38.7056467, 9.0525774 ], [ 38.7011238, 9.0523895 ], [ 38.6999396, 9.0510697 ], [ 38.698911699999989, 9.049344 ], [ 38.697487700000011, 9.05022 ], [ 38.6936334, 9.0470007 ], [ 38.6941092, 9.0458687 ], [ 38.6955012, 9.0446396 ], [ 38.6950372, 9.0436847 ], [ 38.6926545, 9.0441374 ], [ 38.6912741, 9.0447906 ], [ 38.6911494, 9.0467124 ], [ 38.6905687, 9.0493811 ], [ 38.6872937, 9.0512525 ], [ 38.684895, 9.0518267 ], [ 38.6846724, 9.0563468 ], [ 38.6847206, 9.0589202 ], [ 38.6847507, 9.0616361 ], [ 38.6847362, 9.0650724 ], [ 38.6847681, 9.0654203 ], [ 38.6848503, 9.0662366 ], [ 38.6851587, 9.0687948 ], [ 38.6852767, 9.0690918 ] ] ] } },
{ "type": "Feature", "properties": { "threshold_s": 600, "time_label": "10 min drive" }, "geometry": { "type": "Polygon", "coordinates": [ [ [ 38.6847681, 9.0654203 ], [ 38.6848046, 9.0744871 ], [ 38.689663, 9.0762027 ], [ 38.6938391, 9.0730859 ], [ 38.6945052, 9.0723955 ], [ 38.6946523, 9.0720662 ], [ 38.6947811, 9.0717378 ], [ 38.698357799999989, 9.0683166 ], [ 38.7049681, 9.0734342 ], [ 38.7040883, 9.075675 ], [ 38.7066767, 9.0720331 ], [ 38.7157707, 9.0714928 ], [ 38.7160362, 9.0719192 ], [ 38.7166478, 9.0718531 ], [ 38.7186165, 9.0711339 ], [ 38.7195037, 9.0694321 ], [ 38.7199586, 9.0680694 ], [ 38.7197779, 9.0667521 ], [ 38.7206783, 9.058177 ], [ 38.7229759, 9.0544204 ], [ 38.723872299999989, 9.0504942 ], [ 38.7226291, 9.0484301 ], [ 38.7165114, 9.0432338 ], [ 38.7176172, 9.0399652 ], [ 38.7176377, 9.0374675 ], [ 38.7159663, 9.0348601 ], [ 38.7148453, 9.0337171 ], [ 38.7087415, 9.0303788 ], [ 38.7082847, 9.0302647 ], [ 38.7077998, 9.0302442 ], [ 38.6986415, 9.0299915 ], [ 38.6973673, 9.0297498 ], [ 38.6898751, 9.0293634 ], [ 38.6874882, 9.0281654 ], [ 38.6868763, 9.0279357 ], [ 38.6813539, 9.0340427 ], [ 38.6821318, 9.036787 ], [ 38.6794643, 9.0446396 ], [ 38.6806176, 9.0455197 ], [ 38.6814183, 9.0461415 ], [ 38.6848922, 9.0525543 ], [ 38.6848619, 9.0553593 ], [ 38.684765, 9.0559001 ], [ 38.6846724, 9.0563468 ], [ 38.6847206, 9.0589202 ], [ 38.684761, 9.0605151 ], [ 38.6847507, 9.0616361 ], [ 38.6847578, 9.0622835 ], [ 38.6847362, 9.0650724 ], [ 38.6847681, 9.0654203 ] ] ] } },
{ "type": "Feature", "properties": { "threshold_s": 900, "time_label": "15 min drive" }, "geometry": { "type": "Polygon", "coordinates": [ [ [ 38.6847681, 9.0654203 ], [ 38.6848046, 9.0744871 ], [ 38.689663, 9.0762027 ], [ 38.6938391, 9.0730859 ], [ 38.7040883, 9.075675 ], [ 38.7066767, 9.0720331 ], [ 38.7182799, 9.0763662 ], [ 38.7190591, 9.077488 ], [ 38.7212082, 9.0809212 ], [ 38.7107912, 9.0885365 ], [ 38.7222228, 9.0847868 ], [ 38.7255473, 9.0871632 ], [ 38.7265894, 9.0880836 ], [ 38.7278259, 9.0858894 ], [ 38.7287586, 9.0812933 ], [ 38.7348676, 9.0712306 ], [ 38.7412933, 9.0643519 ], [ 38.742959, 9.0532693 ], [ 38.743018, 9.0517899 ], [ 38.7428382, 9.0405001 ], [ 38.7427149, 9.0385204 ], [ 38.7362601, 9.0316838 ], [ 38.7314154, 9.0262225 ], [ 38.7269718, 9.0211977 ], [ 38.7206577, 9.0125963 ], [ 38.719832, 9.0130088 ], [ 38.7168731, 9.0144546 ], [ 38.7039792, 9.0154229 ], [ 38.7010816, 9.0148619 ], [ 38.6911346, 9.012899 ], [ 38.6891308, 9.013002 ], [ 38.6772665, 9.0138928 ], [ 38.6689011, 9.0214087 ], [ 38.6673797, 9.0328654 ], [ 38.6746724, 9.0409686 ], [ 38.676438, 9.042549 ], [ 38.6794643, 9.0446396 ], [ 38.6846724, 9.0563468 ], [ 38.6847206, 9.0589202 ], [ 38.684761, 9.0605151 ], [ 38.6847507, 9.0616361 ], [ 38.6847578, 9.0622835 ], [ 38.6847362, 9.0650724 ], [ 38.6847681, 9.0654203 ] ] ] } },
{ "type": "Feature", "properties": { "threshold_s": 300, "time_label": "5 min drive" }, "geometry": { "type": "Polygon", "coordinates": [ [ [ 38.705068, 8.9949151 ], [ 38.7049753, 8.9980443 ], [ 38.7066592, 8.9988588 ], [ 38.7071372, 8.9988814 ], [ 38.7076691, 8.9987717 ], [ 38.7086257, 8.9983915 ], [ 38.7104382, 8.9973229 ], [ 38.7129463, 8.9959795 ], [ 38.7142567, 8.9991486 ], [ 38.7143733, 9.0001679 ], [ 38.7142619, 9.0021177 ], [ 38.7139454, 9.0041668 ], [ 38.7148829, 9.006253 ], [ 38.7185884, 9.0057496 ], [ 38.7193601, 9.0036258 ], [ 38.7193998, 9.0029948 ], [ 38.7209133, 8.9995602 ], [ 38.7220337, 8.9992215 ], [ 38.7224929, 8.9990797 ], [ 38.7236724, 8.9987142 ], [ 38.7243548, 8.9985074 ], [ 38.725241, 8.9974296 ], [ 38.7258931, 8.995587 ], [ 38.7257555, 8.9943527 ], [ 38.7256426, 8.9913092 ], [ 38.726614, 8.990508 ], [ 38.7266468, 8.9882505 ], [ 38.7268306, 8.9863748 ], [ 38.726653, 8.9850677 ], [ 38.7265869, 8.9850391 ], [ 38.7246697, 8.9854612 ], [ 38.7235008, 8.9856657 ], [ 38.7226693, 8.9857573 ], [ 38.7201629, 8.9848828 ], [ 38.7192004, 8.9837121 ], [ 38.7189652, 8.9832542 ], [ 38.7184726, 8.9834798 ], [ 38.7175691, 8.9863786 ], [ 38.7165458, 8.9869257 ], [ 38.7134653, 8.9891405 ], [ 38.7125153, 8.9887289 ], [ 38.7103656, 8.988313 ], [ 38.7086718, 8.9871707 ], [ 38.7085155, 8.9870446 ], [ 38.7079881, 8.9867618 ], [ 38.7065338, 8.9882529 ], [ 38.7054716, 8.9908071 ], [ 38.7048694, 8.9934856 ], [ 38.705068, 8.9949151 ] ] ] } },
{ "type": "Feature", "properties": { "threshold_s": 600, "time_label": "10 min drive" }, "geometry": { "type": "Polygon", "coordinates": [ [ [ 38.6876902, 9.0041069 ], [ 38.690471, 9.0076255 ], [ 38.6934005, 9.0102524 ], [ 38.6996032, 9.015183 ], [ 38.7073418, 9.0125473 ], [ 38.7094464, 9.014191 ], [ 38.7108862, 9.0164398 ], [ 38.7153381, 9.0230401 ], [ 38.7158044, 9.0231602 ], [ 38.7183114, 9.0235308 ], [ 38.7242174, 9.0227223 ], [ 38.7255116, 9.0211074 ], [ 38.7317332, 9.0179276 ], [ 38.7360117, 9.0122933 ], [ 38.7373792, 9.0111042 ], [ 38.7374108, 9.0110446 ], [ 38.7401543, 9.0057577 ], [ 38.7411363, 9.0026067 ], [ 38.741196, 8.9981371 ], [ 38.7434026, 8.9939302 ], [ 38.7435959, 8.9936548 ], [ 38.7436414, 8.9905094 ], [ 38.7430401, 8.9875055 ], [ 38.7431532, 8.9816006 ], [ 38.7425869, 8.9801724 ], [ 38.7401811, 8.97744 ], [ 38.7395882, 8.9770966 ], [ 38.7377935, 8.9768912 ], [ 38.7330006, 8.9708765 ], [ 38.7313134, 8.9690899 ], [ 38.7282282, 8.9669786 ], [ 38.7220472, 8.9659924 ], [ 38.7197162, 8.9653009 ], [ 38.7169833, 8.9650594 ], [ 38.7168659, 8.9651244 ], [ 38.7166624, 8.9652527 ], [ 38.7165685, 8.9653121 ], [ 38.7154533, 8.9669416 ], [ 38.7137725, 8.9724536 ], [ 38.7078663, 8.9748684 ], [ 38.6996627, 8.9732948 ], [ 38.69814, 8.973439 ], [ 38.6907757, 8.9762731 ], [ 38.6859513, 8.9797952 ], [ 38.6873807, 8.9851545 ], [ 38.6875853, 8.9858216 ], [ 38.6885636, 8.9897283 ], [ 38.6875313, 8.996456 ], [ 38.6873203, 9.0020958 ], [ 38.6873347, 9.0023606 ], [ 38.6876902, 9.0041069 ] ] ] } },
{ "type": "Feature", "properties": { "threshold_s": 900, "time_label": "15 min drive" }, "geometry": { "type": "Polygon", "coordinates": [ [ [ 38.6718804, 9.0130345 ], [ 38.6753291, 9.0174905 ], [ 38.6787562, 9.020447 ], [ 38.6797308, 9.0210342 ], [ 38.6808872, 9.0217475 ], [ 38.6853705, 9.0243912 ], [ 38.6898751, 9.0293634 ], [ 38.6963119, 9.0265084 ], [ 38.6992416, 9.0294746 ], [ 38.7022577, 9.0341348 ], [ 38.7028776, 9.0354336 ], [ 38.7053671, 9.0389283 ], [ 38.7061398, 9.0398987 ], [ 38.7079031, 9.042398 ], [ 38.712546, 9.0456296 ], [ 38.7146017, 9.0452434 ], [ 38.7166464, 9.044384 ], [ 38.717773, 9.0438728 ], [ 38.7239769, 9.0420822 ], [ 38.7267502, 9.0423151 ], [ 38.7294442, 9.0424277 ], [ 38.7348627, 9.0370069 ], [ 38.7420146, 9.0341229 ], [ 38.7474608, 9.0322284 ], [ 38.7503238, 9.0244243 ], [ 38.7547264, 9.0189117 ], [ 38.7547988, 9.0187984 ], [ 38.7593389, 9.0118938 ], [ 38.7594056, 9.011551 ], [ 38.7593965, 9.0114302 ], [ 38.7588742, 9.0086394 ], [ 38.7587141, 9.0041929 ], [ 38.7586541, 9.0031765 ], [ 38.7640184, 8.9969784 ], [ 38.7637441, 8.9960754 ], [ 38.7625538, 8.9951516 ], [ 38.7591078, 8.9902103 ], [ 38.7610306, 8.9868202 ], [ 38.7612816, 8.9859275 ], [ 38.7632382, 8.981275 ], [ 38.7598425, 8.9769483 ], [ 38.757237, 8.9730796 ], [ 38.7527791, 8.9679138 ], [ 38.7492368, 8.963436 ], [ 38.7457092, 8.9611077 ], [ 38.7404933, 8.9609058 ], [ 38.7364709, 8.9560006 ], [ 38.7338206, 8.9482014 ], [ 38.7338126, 8.9477354 ], [ 38.7326076, 8.9484342 ], [ 38.7310857, 8.949344 ], [ 38.7229636, 8.9499605 ], [ 38.721188, 8.9492656 ], [ 38.7193441, 8.9491473 ], [ 38.7186341, 8.9491515 ], [ 38.7125494, 8.9499212 ], [ 38.7087649, 8.9521945 ], [ 38.706019499999989, 8.9539817 ], [ 38.6999631, 8.9567879 ], [ 38.6979796, 8.957846 ], [ 38.690278, 8.9597403 ], [ 38.6878745, 8.9595868 ], [ 38.6859083, 8.9599987 ], [ 38.6854872, 8.9606094 ], [ 38.6851023, 8.9612095 ], [ 38.6846973, 8.9618334 ], [ 38.6843044, 8.9624335 ], [ 38.6766456, 8.9649234 ], [ 38.6755111, 8.9644702 ], [ 38.6746594, 8.9645668 ], [ 38.6736958, 8.9650176 ], [ 38.6707485, 8.9694542 ], [ 38.6678463, 8.9743978 ], [ 38.6672267, 8.9762979 ], [ 38.6668356, 8.9798368 ], [ 38.6667479, 8.9842529 ], [ 38.6671411, 8.9866618 ], [ 38.6679679, 8.9890217 ], [ 38.6680103, 8.996679 ], [ 38.6675823, 8.9981982 ], [ 38.6677015, 8.9994669 ], [ 38.6680363, 9.0072721 ], [ 38.6680624, 9.0073462 ], [ 38.6718804, 9.0130345 ] ] ] } },
{ "type": "Feature", "properties": { "threshold_s": 300, "time_label": "5 min drive" }, "geometry": { "type": "Polygon", "coordinates": [ [ [ 38.7700742, 9.0161859 ], [ 38.7703065, 9.0178326 ], [ 38.771192, 9.0184455 ], [ 38.7742102, 9.0174735 ], [ 38.7741335, 9.0152535 ], [ 38.776373, 9.0129175 ], [ 38.7790322, 9.0148252 ], [ 38.7807383, 9.0166185 ], [ 38.7800908, 9.0202484 ], [ 38.7803283, 9.0233325 ], [ 38.7806577, 9.0238498 ], [ 38.7811059, 9.0234327 ], [ 38.7828895, 9.0215465 ], [ 38.7863129, 9.0211792 ], [ 38.7866543, 9.0211264 ], [ 38.7874637, 9.0209639 ], [ 38.7912801, 9.0205633 ], [ 38.7934182, 9.0170489 ], [ 38.7943567, 9.0167659 ], [ 38.7952426, 9.0151258 ], [ 38.798727, 9.0145106 ], [ 38.8004413, 9.0119925 ], [ 38.8006038, 9.0114466 ], [ 38.8017743, 9.0076652 ], [ 38.8030658, 9.0047334 ], [ 38.8038473, 9.0011438 ], [ 38.8044385, 8.9996268 ], [ 38.8007558, 8.9987956 ], [ 38.7984775, 8.9990207 ], [ 38.7965052, 8.9969379 ], [ 38.7956395, 8.9945489 ], [ 38.7952264, 8.9934812 ], [ 38.7949535, 8.9927309 ], [ 38.7948242, 8.9923398 ], [ 38.7942992, 8.9887271 ], [ 38.7920807, 8.9883178 ], [ 38.7890151, 8.9881152 ], [ 38.7886764, 8.9882605 ], [ 38.7883494, 8.9884022 ], [ 38.7843454, 8.9869111 ], [ 38.7834502, 8.9871111 ], [ 38.7799814, 8.9879032 ], [ 38.7778063, 8.9876901 ], [ 38.777445299999989, 8.9880264 ], [ 38.7769009, 8.9885584 ], [ 38.776855, 8.9886044 ], [ 38.776481, 8.989139 ], [ 38.7737218, 8.9925375 ], [ 38.7734496, 8.993719 ], [ 38.7717799, 8.9976465 ], [ 38.769665, 8.9993234 ], [ 38.7693671, 8.9994722 ], [ 38.7673511, 9.0023432 ], [ 38.7671183, 9.0031016 ], [ 38.7674794, 9.0056217 ], [ 38.7680934, 9.008144 ], [ 38.7672577, 9.0104737 ], [ 38.7672657, 9.0106467 ], [ 38.768895, 9.0121279 ], [ 38.7700742, 9.0161859 ] ] ] } },
{ "type": "Feature", "properties": { "threshold_s": 600, "time_label": "10 min drive" }, "geometry": { "type": "Polygon", "coordinates": [ [ [ 38.747116, 9.0167512 ], [ 38.7502035, 9.0212671 ], [ 38.7563315, 9.0257239 ], [ 38.7616276, 9.0311284 ], [ 38.7633016, 9.0331372 ], [ 38.7673319, 9.0365137 ], [ 38.7719861, 9.0388152 ], [ 38.7734143, 9.0388789 ], [ 38.782869, 9.039107 ], [ 38.7866579, 9.0379459 ], [ 38.7884075, 9.037232 ], [ 38.788646, 9.0371199 ], [ 38.8011234, 9.0303124 ], [ 38.8048161, 9.0292985 ], [ 38.8090233, 9.0265829 ], [ 38.81506, 9.0219887 ], [ 38.8171751, 9.0194641 ], [ 38.8201494, 9.0114735 ], [ 38.8219019, 9.0054093 ], [ 38.8227358, 8.9975418 ], [ 38.8229656, 8.9952031 ], [ 38.8227767, 8.9916082 ], [ 38.8221838, 8.9904335 ], [ 38.8214625, 8.9891336 ], [ 38.8207557, 8.988235 ], [ 38.8196122, 8.9869823 ], [ 38.8192067, 8.9869562 ], [ 38.8066972, 8.9860036 ], [ 38.8035562, 8.9852867 ], [ 38.8021619, 8.9853275 ], [ 38.7996331, 8.9854045 ], [ 38.7899075, 8.9859732 ], [ 38.7880106, 8.9854871 ], [ 38.7777914, 8.9763594 ], [ 38.7759295, 8.9724099 ], [ 38.7750556, 8.9694476 ], [ 38.7658795, 8.9714651 ], [ 38.7640962, 8.9718863 ], [ 38.7628641, 8.9729065 ], [ 38.7596918, 8.9783251 ], [ 38.7579608, 8.9816198 ], [ 38.7509651, 8.9917731 ], [ 38.7498951, 8.993627 ], [ 38.7495233, 8.9966913 ], [ 38.7493597, 9.0047637 ], [ 38.7448784, 9.0105237 ], [ 38.7447187, 9.0107139 ], [ 38.747116, 9.0167512 ] ] ] } },
{ "type": "Feature", "properties": { "threshold_s": 900, "time_label": "15 min drive" }, "geometry": { "type": "Polygon", "coordinates": [ [ [ 38.7341519, 9.0317469 ], [ 38.7357049, 9.0343764 ], [ 38.7378734, 9.0365003 ], [ 38.7456264, 9.0428556 ], [ 38.747892899999989, 9.0454612 ], [ 38.7571361, 9.053727 ], [ 38.7589593, 9.0543162 ], [ 38.7617909, 9.0550584 ], [ 38.7669257, 9.0563794 ], [ 38.7745983, 9.0579581 ], [ 38.7811326, 9.0578757 ], [ 38.7862726, 9.0545333 ], [ 38.7873548, 9.0536933 ], [ 38.792129, 9.0494167 ], [ 38.7967241, 9.0428703 ], [ 38.8041703, 9.044401 ], [ 38.8069644, 9.0447637 ], [ 38.8165336, 9.0443357 ], [ 38.8165963, 9.0443244 ], [ 38.8178408, 9.0437969 ], [ 38.8219523, 9.0416914 ], [ 38.8259062, 9.0396165 ], [ 38.8294213, 9.0363605 ], [ 38.8357285, 9.0294508 ], [ 38.8392593, 9.0214433 ], [ 38.8384777, 9.0093762 ], [ 38.8391718, 9.008167 ], [ 38.8378805, 8.99926 ], [ 38.8410822, 8.9885696 ], [ 38.8410903, 8.9883045 ], [ 38.8410986, 8.9880312 ], [ 38.8396366, 8.984055 ], [ 38.8395408, 8.9838301 ], [ 38.8387189, 8.9821844 ], [ 38.8303922, 8.9744672 ], [ 38.8300543, 8.9713237 ], [ 38.8290883, 8.9699325 ], [ 38.825781, 8.9692864 ], [ 38.8249786, 8.9694064 ], [ 38.8201197, 8.9717796 ], [ 38.819654, 8.9719953 ], [ 38.8188761, 8.9738855 ], [ 38.8208006, 8.9803978 ], [ 38.8097735, 8.9869675 ], [ 38.8079529, 8.9863615 ], [ 38.8066972, 8.9860036 ], [ 38.8035562, 8.9852867 ], [ 38.8021619, 8.9853275 ], [ 38.7996331, 8.9854045 ], [ 38.7971379, 8.9861223 ], [ 38.7899075, 8.9859732 ], [ 38.7880106, 8.9854871 ], [ 38.7855757, 8.9849273 ], [ 38.7842988, 8.9845215 ], [ 38.7787516, 8.9794447 ], [ 38.7828796, 8.9680649 ], [ 38.7919347, 8.9698281 ], [ 38.7932792, 8.9657434 ], [ 38.7919948, 8.9602384 ], [ 38.7908538, 8.9591588 ], [ 38.7878862, 8.9574995 ], [ 38.7842302, 8.9564336 ], [ 38.7743879, 8.9540411 ], [ 38.770731, 8.9523427 ], [ 38.762583, 8.9530152 ], [ 38.7530478, 8.9611788 ], [ 38.7517772, 8.9621726 ], [ 38.748662, 8.9659893 ], [ 38.7418548, 8.9716482 ], [ 38.7365785, 8.9795314 ], [ 38.7323374, 8.9888358 ], [ 38.7308209, 8.9976433 ], [ 38.7284978, 9.0065722 ], [ 38.726517, 9.0109459 ], [ 38.7253784, 9.0132798 ], [ 38.7247722, 9.0152427 ], [ 38.7255172, 9.019411 ], [ 38.7329254, 9.0293058 ], [ 38.7341519, 9.0317469 ] ] ] } },
{ "type": "Feature", "properties": { "threshold_s": 300, "time_label": "5 min drive" }, "geometry": { "type": "Polygon", "coordinates": [ [ [ 38.7231979, 9.0400331 ], [ 38.723872299999989, 9.0416226 ], [ 38.725814, 9.0436686 ], [ 38.7299032, 9.044407 ], [ 38.731898, 9.0441231 ], [ 38.7340043, 9.0430298 ], [ 38.7372337, 9.0414067 ], [ 38.7384564, 9.0401064 ], [ 38.7387257, 9.0374665 ], [ 38.7424476, 9.0374529 ], [ 38.7427477, 9.0364837 ], [ 38.7461888, 9.0344437 ], [ 38.7466615, 9.0344848 ], [ 38.7472213, 9.032079 ], [ 38.7472081, 9.0293312 ], [ 38.7465277, 9.0280037 ], [ 38.7459093, 9.0267541 ], [ 38.7456126, 9.0263633 ], [ 38.744300699999989, 9.0223826 ], [ 38.7444281, 9.0216667 ], [ 38.7444643, 9.0213137 ], [ 38.7464378, 9.0176211 ], [ 38.747116, 9.0167512 ], [ 38.7471183, 9.0166626 ], [ 38.7449046, 9.0130052 ], [ 38.7446729, 9.0128419 ], [ 38.7445776, 9.0128214 ], [ 38.7434203, 9.012791 ], [ 38.74049, 9.0107113 ], [ 38.7382315, 9.0088637 ], [ 38.736934, 9.0067616 ], [ 38.7351832, 9.0049966 ], [ 38.7336731, 9.0040462 ], [ 38.7313865, 9.0057152 ], [ 38.7311713, 9.0061244 ], [ 38.7307499, 9.0073471 ], [ 38.7308762, 9.0087034 ], [ 38.7285514, 9.0122122 ], [ 38.7270118, 9.0118618 ], [ 38.7264951, 9.0122563 ], [ 38.7253784, 9.0132798 ], [ 38.721633, 9.0119422 ], [ 38.719842, 9.0156094 ], [ 38.7188622, 9.016363 ], [ 38.716879, 9.0190493 ], [ 38.7160489, 9.0210002 ], [ 38.7156287, 9.0220832 ], [ 38.7153381, 9.0230401 ], [ 38.7152763, 9.0236018 ], [ 38.715158, 9.0253611 ], [ 38.7150309, 9.0279479 ], [ 38.7167809, 9.030354 ], [ 38.7171842, 9.0307819 ], [ 38.7192857, 9.0340778 ], [ 38.7206966, 9.037875 ], [ 38.7231979, 9.0400331 ] ] ] } },
{ "type": "Feature", "properties": { "threshold_s": 600, "time_label": "10 min drive" }, "geometry": { "type": "Polygon", "coordinates": [ [ [ 38.7164385, 9.0594054 ], [ 38.717968, 9.0611385 ], [ 38.7185482, 9.0614857 ], [ 38.7197247, 9.0618707 ], [ 38.7219384, 9.061539 ], [ 38.7273793, 9.062566 ], [ 38.7333182, 9.0625475 ], [ 38.7349275, 9.0625017 ], [ 38.7411809, 9.0614244 ], [ 38.7434283, 9.0598636 ], [ 38.7439044, 9.0592462 ], [ 38.7462261, 9.0561798 ], [ 38.751272, 9.0542727 ], [ 38.7533629, 9.05423 ], [ 38.7580652, 9.0488412 ], [ 38.7614471, 9.0437227 ], [ 38.763485, 9.0378991 ], [ 38.7634966, 9.0378188 ], [ 38.7654192, 9.0307943 ], [ 38.7625209, 9.0267749 ], [ 38.7645123, 9.0221623 ], [ 38.7666902, 9.0194705 ], [ 38.7687544, 9.0164593 ], [ 38.7654607, 9.0104574 ], [ 38.7647812, 9.0085945 ], [ 38.7644813, 9.0078224 ], [ 38.7602373, 9.0063444 ], [ 38.7586541, 9.0031765 ], [ 38.7569553, 9.000837 ], [ 38.7553029, 8.9986779 ], [ 38.7514989, 8.9935134 ], [ 38.7483103, 8.9893982 ], [ 38.7425083, 8.9870049 ], [ 38.7394246, 8.9858788 ], [ 38.7375167, 8.9854513 ], [ 38.7310754, 8.9861203 ], [ 38.7257884, 8.9863389 ], [ 38.7209886, 8.98606 ], [ 38.7198822, 8.9892406 ], [ 38.7160403, 8.9927609 ], [ 38.7147728, 8.9935168 ], [ 38.7138261, 8.9942438 ], [ 38.7135096, 8.9946206 ], [ 38.7129289, 8.9956126 ], [ 38.7129463, 8.9959795 ], [ 38.7142567, 8.9991486 ], [ 38.70790860000001, 9.0020346 ], [ 38.7073217, 9.0015931 ], [ 38.7062069, 9.0022634 ], [ 38.7040655, 9.0039244 ], [ 38.7034537, 9.0050239 ], [ 38.7038496, 9.0068914 ], [ 38.7041937, 9.0089624 ], [ 38.7010816, 9.0148619 ], [ 38.700126, 9.0152964 ], [ 38.7023792, 9.0175061 ], [ 38.7052893, 9.0216845 ], [ 38.7035291, 9.0254177 ], [ 38.7002915, 9.0306907 ], [ 38.6993368, 9.0329567 ], [ 38.6992764, 9.0336705 ], [ 38.6990927, 9.0360996 ], [ 38.6993715, 9.0384536 ], [ 38.7034614, 9.0423153 ], [ 38.7051786, 9.04538 ], [ 38.7067276, 9.046368 ], [ 38.7097364, 9.0472302 ], [ 38.7122067, 9.0534927 ], [ 38.7122765, 9.0540168 ], [ 38.7125325, 9.0549012 ], [ 38.7164385, 9.0594054 ] ] ] } },
{ "type": "Feature", "properties": { "threshold_s": 900, "time_label": "15 min drive" }, "geometry": { "type": "Polygon", "coordinates": [ [ [ 38.6953634, 9.0594192 ], [ 38.698142, 9.06594 ], [ 38.6989737, 9.0667622 ], [ 38.7001384, 9.0673675 ], [ 38.7047361, 9.0671463 ], [ 38.7051867, 9.0669423 ], [ 38.7064393, 9.0656273 ], [ 38.714509, 9.0682505 ], [ 38.7146036, 9.0688953 ], [ 38.7151902, 9.0700342 ], [ 38.7157707, 9.0714928 ], [ 38.7160362, 9.0719192 ], [ 38.7182799, 9.0763662 ], [ 38.7190591, 9.077488 ], [ 38.722216, 9.0782878 ], [ 38.7279962, 9.0819581 ], [ 38.7287586, 9.0812933 ], [ 38.7324589, 9.0764417 ], [ 38.7377219, 9.0759888 ], [ 38.7445479, 9.0766414 ], [ 38.7510584, 9.0755627 ], [ 38.754019, 9.0745692 ], [ 38.7606559, 9.0701854 ], [ 38.7642475, 9.0693242 ], [ 38.771422, 9.0646742 ], [ 38.7762365, 9.0578945 ], [ 38.7766787, 9.0570432 ], [ 38.7783756, 9.049188 ], [ 38.7802148, 9.0457754 ], [ 38.7828712, 9.0413032 ], [ 38.7838114, 9.0389039 ], [ 38.7845581, 9.0313118 ], [ 38.7862275, 9.0229698 ], [ 38.7868398, 9.0221014 ], [ 38.787648, 9.0157163 ], [ 38.7868075, 9.0141864 ], [ 38.7863242, 9.01321 ], [ 38.7855563, 9.0108907 ], [ 38.7859473, 9.0044728 ], [ 38.7847739, 8.9993148 ], [ 38.783416, 8.9991267 ], [ 38.7797226, 8.9922354 ], [ 38.7790306, 8.991548 ], [ 38.7764195, 8.9911022 ], [ 38.7718993, 8.9891153 ], [ 38.7676154, 8.9842259 ], [ 38.7666567, 8.9830736 ], [ 38.7620297, 8.9769472 ], [ 38.7555309, 8.9737591 ], [ 38.7519374, 8.9714592 ], [ 38.7469284, 8.9680825 ], [ 38.7438592, 8.967905 ], [ 38.7358058, 8.9664959 ], [ 38.7311599, 8.9669614 ], [ 38.7266207, 8.9684315 ], [ 38.719999, 8.968412 ], [ 38.7185506, 8.9681467 ], [ 38.7183185, 8.968856 ], [ 38.7181374, 8.9694188 ], [ 38.7180391, 8.9703292 ], [ 38.7135418, 8.9763191 ], [ 38.7088077, 8.976686 ], [ 38.7087125, 8.9768225 ], [ 38.708349, 8.9791605 ], [ 38.7021218, 8.9840129 ], [ 38.700637, 8.9836709 ], [ 38.6978172, 8.9818372 ], [ 38.6959225, 8.9824999 ], [ 38.6961552, 8.9838323 ], [ 38.6973507, 8.9856199 ], [ 38.6981825, 8.9903799 ], [ 38.698214299999989, 8.9909724 ], [ 38.6973627, 8.9942562 ], [ 38.6893744, 8.9942838 ], [ 38.6878068, 8.994688 ], [ 38.6868434, 8.9959141 ], [ 38.6827111, 9.0024887 ], [ 38.6810427, 9.0044503 ], [ 38.6810433, 9.0044976 ], [ 38.6815564, 9.0063139 ], [ 38.6832154, 9.0144824 ], [ 38.6826826, 9.0174064 ], [ 38.6828638, 9.0205865 ], [ 38.6808911, 9.0280973 ], [ 38.6800268, 9.0289688 ], [ 38.6797614, 9.0331397 ], [ 38.6829472, 9.0398664 ], [ 38.6830151, 9.0424925 ], [ 38.6829693, 9.0434678 ], [ 38.6833917, 9.0457031 ], [ 38.6837299, 9.0471253 ], [ 38.6852217, 9.0498367 ], [ 38.69185, 9.0549923 ], [ 38.6953634, 9.0594192 ] ] ] } },
{ "type": "Feature", "properties": { "threshold_s": 300, "time_label": "5 min drive" }, "geometry": { "type": "Polygon", "coordinates": [ [ [ 38.7843028, 9.0202711 ], [ 38.7862048, 9.0223421 ], [ 38.7868398, 9.0221014 ], [ 38.7876736, 9.021887 ], [ 38.7888875, 9.0215812 ], [ 38.7919408, 9.0228381 ], [ 38.7930311, 9.0240115 ], [ 38.796299, 9.025302 ], [ 38.7963524, 9.0252368 ], [ 38.7971687, 9.0230092 ], [ 38.8012944, 9.0218089 ], [ 38.8013502, 9.0218047 ], [ 38.8014876, 9.0217608 ], [ 38.8045576, 9.0198433 ], [ 38.805639, 9.019272 ], [ 38.8054565, 9.0178424 ], [ 38.8032581, 9.015064 ], [ 38.8061391, 9.0126899 ], [ 38.8066212, 9.0124266 ], [ 38.8085412, 9.0106981 ], [ 38.8088576, 9.0102851 ], [ 38.8090144, 9.0077826 ], [ 38.8105345, 9.0045668 ], [ 38.8109329, 9.0032575 ], [ 38.8110166, 9.002702 ], [ 38.8110608, 9.0014718 ], [ 38.8105522, 9.0008879 ], [ 38.8114318, 8.9967769 ], [ 38.8118547, 8.9947661 ], [ 38.8102292, 8.9931253 ], [ 38.8090317, 8.9923216 ], [ 38.8076484, 8.9919176 ], [ 38.8057382, 8.9919325 ], [ 38.8024711, 8.9914824 ], [ 38.8022096, 8.9940263 ], [ 38.8026126, 8.9969332 ], [ 38.8004776, 8.9984045 ], [ 38.7965052, 8.9969379 ], [ 38.7956395, 8.9945489 ], [ 38.7952264, 8.9934812 ], [ 38.7950923, 8.9927666 ], [ 38.7948242, 8.9923398 ], [ 38.7938117, 8.9895998 ], [ 38.7937429, 8.9895272 ], [ 38.7933953, 8.9891541 ], [ 38.7931372, 8.9893507 ], [ 38.7897353, 8.991741 ], [ 38.7881416, 8.9909852 ], [ 38.7860818, 8.9902517 ], [ 38.7838371, 8.9909241 ], [ 38.7830666, 8.9913983 ], [ 38.7807734, 8.9938303 ], [ 38.7788194, 8.9966769 ], [ 38.7776278, 8.9979624 ], [ 38.777362, 8.9984848 ], [ 38.7779966, 8.9994625 ], [ 38.7787355, 9.0030202 ], [ 38.7767098, 9.0045986 ], [ 38.7747095, 9.005959 ], [ 38.7747833, 9.0070232 ], [ 38.7754892, 9.0093199 ], [ 38.7782262, 9.0118166 ], [ 38.7792254, 9.0132141 ], [ 38.7819307, 9.0165447 ], [ 38.782823, 9.0174736 ], [ 38.7843028, 9.0202711 ] ] ] } },
{ "type": "Feature", "properties": { "threshold_s": 600, "time_label": "10 min drive" }, "geometry": { "type": "Polygon", "coordinates": [ [ [ 38.7645123, 9.0221623 ], [ 38.7657206, 9.0293019 ], [ 38.7722643, 9.0352881 ], [ 38.7801888, 9.0380316 ], [ 38.7820203, 9.0383468 ], [ 38.7866579, 9.0379459 ], [ 38.7884075, 9.037232 ], [ 38.788646, 9.0371199 ], [ 38.7997189, 9.0335465 ], [ 38.805898, 9.0343795 ], [ 38.8149296, 9.0355508 ], [ 38.8156648, 9.0352918 ], [ 38.8163561, 9.0349854 ], [ 38.8240423, 9.0268232 ], [ 38.8246535, 9.0260138 ], [ 38.826303, 9.0218102 ], [ 38.8279971, 9.0161429 ], [ 38.8293616, 9.0062613 ], [ 38.8296767, 8.9994248 ], [ 38.8302769, 8.9924475 ], [ 38.829735, 8.9909787 ], [ 38.8236563, 8.9829914 ], [ 38.8208006, 8.9803978 ], [ 38.8097735, 8.9869675 ], [ 38.8079529, 8.9863615 ], [ 38.8066972, 8.9860036 ], [ 38.8035562, 8.9852867 ], [ 38.8021619, 8.9853275 ], [ 38.7996331, 8.9854045 ], [ 38.788826, 8.985809 ], [ 38.7879749, 8.9856538 ], [ 38.7855757, 8.9849273 ], [ 38.7777914, 8.9763594 ], [ 38.7774548, 8.9759568 ], [ 38.7773636, 8.975878 ], [ 38.7736999, 8.976825 ], [ 38.7729868, 8.9771102 ], [ 38.7697098, 8.9786677 ], [ 38.7690595, 8.9795189 ], [ 38.7658419, 8.9839228 ], [ 38.7609419, 8.9943649 ], [ 38.7597039, 8.9959808 ], [ 38.759032, 8.998066 ], [ 38.7586856, 8.9999436 ], [ 38.755338, 9.0119598 ], [ 38.7553236, 9.0121104 ], [ 38.7565754, 9.0147817 ], [ 38.7586505, 9.0180415 ], [ 38.7645123, 9.0221623 ] ] ] } },
{ "type": "Feature", "properties": { "threshold_s": 900, "time_label": "15 min drive" }, "geometry": { "type": "Polygon", "coordinates": [ [ [ 38.7513075, 9.0420444 ], [ 38.7524455, 9.0434144 ], [ 38.7552401, 9.0458515 ], [ 38.7665806, 9.0526603 ], [ 38.7802118, 9.055173 ], [ 38.7827944, 9.0540054 ], [ 38.7847826, 9.0523901 ], [ 38.792129, 9.0494167 ], [ 38.8027809, 9.0533596 ], [ 38.8095826, 9.0535832 ], [ 38.8158989, 9.0525279 ], [ 38.8279199, 9.0493354 ], [ 38.829723799999989, 9.0482461 ], [ 38.8347106, 9.0444106 ], [ 38.8461326, 9.0339369 ], [ 38.8461685, 9.0338386 ], [ 38.8481101, 9.0185153 ], [ 38.8484561, 9.0101957 ], [ 38.8474107, 9.0017016 ], [ 38.8499383, 8.9904663 ], [ 38.8504467, 8.9883003 ], [ 38.8509192, 8.9862907 ], [ 38.8438844, 8.9757223 ], [ 38.8426908, 8.9740559 ], [ 38.8376764, 8.9692227 ], [ 38.8249257, 8.9633665 ], [ 38.815565, 8.9656738 ], [ 38.8141923, 8.9682332 ], [ 38.8124616, 8.9711806 ], [ 38.8035562, 8.9852867 ], [ 38.8021619, 8.9853275 ], [ 38.7996331, 8.9854045 ], [ 38.7971379, 8.9861223 ], [ 38.7899075, 8.9859732 ], [ 38.7880106, 8.9854871 ], [ 38.7855757, 8.9849273 ], [ 38.7842988, 8.9845215 ], [ 38.7828796, 8.9680649 ], [ 38.7865958, 8.9662315 ], [ 38.7872891, 8.965332 ], [ 38.787733, 8.9640842 ], [ 38.7878293, 8.9633792 ], [ 38.7866773, 8.962713 ], [ 38.7775834, 8.9635925 ], [ 38.7697599, 8.9598733 ], [ 38.7682133, 8.9587071 ], [ 38.7667072, 8.9588799 ], [ 38.765662, 8.9593418 ], [ 38.7549368, 8.9713391 ], [ 38.7501669, 8.9764382 ], [ 38.7399049, 8.9885387 ], [ 38.7397446, 8.9917148 ], [ 38.7395882, 8.9940242 ], [ 38.7348838, 9.0089082 ], [ 38.7340005, 9.0108205 ], [ 38.7339737, 9.011497 ], [ 38.7340052, 9.0117332 ], [ 38.7344752, 9.0132766 ], [ 38.7389638, 9.0239739 ], [ 38.7418619, 9.0299892 ], [ 38.7481119, 9.0381431 ], [ 38.7513075, 9.0420444 ] ] ] } },
{ "type": "Feature", "properties": { "threshold_s": 300, "time_label": "5 min drive" }, "geometry": { "type": "Polygon", "coordinates": [ [ [ 38.6858578, 9.0650547 ], [ 38.6879695, 9.0677592 ], [ 38.6908646, 9.0702075 ], [ 38.6922694, 9.0713145 ], [ 38.6945052, 9.0723955 ], [ 38.6946523, 9.0720662 ], [ 38.6947811, 9.0717378 ], [ 38.6951271, 9.0706887 ], [ 38.698357799999989, 9.0683166 ], [ 38.6992261, 9.0679087 ], [ 38.7001384, 9.0673675 ], [ 38.7047361, 9.0671463 ], [ 38.7066767, 9.0720331 ], [ 38.7051867, 9.0669423 ], [ 38.7064393, 9.0656273 ], [ 38.707658, 9.0628554 ], [ 38.7110449, 9.061498 ], [ 38.713122, 9.0590505 ], [ 38.7135377, 9.0568903 ], [ 38.7138824, 9.055029 ], [ 38.7119027, 9.0522056 ], [ 38.712318, 9.0481149 ], [ 38.7121869, 9.0453989 ], [ 38.7117789, 9.0442966 ], [ 38.7088318, 9.0442662 ], [ 38.7060598, 9.045207 ], [ 38.7037919, 9.0461124 ], [ 38.7032843, 9.0463005 ], [ 38.7025494, 9.0465938 ], [ 38.7011915, 9.0481308 ], [ 38.6974378, 9.0491639 ], [ 38.6936334, 9.0470007 ], [ 38.6933437, 9.0464014 ], [ 38.6931717, 9.0464104 ], [ 38.6915249, 9.0482858 ], [ 38.6905687, 9.0493811 ], [ 38.6881089, 9.0521133 ], [ 38.6856371, 9.0526474 ], [ 38.6850052, 9.0546185 ], [ 38.6848619, 9.0553593 ], [ 38.6846724, 9.0563468 ], [ 38.6847206, 9.0589202 ], [ 38.6847507, 9.0616361 ], [ 38.6847578, 9.0622835 ], [ 38.6848146, 9.0633976 ], [ 38.6858578, 9.0650547 ] ] ] } },
{ "type": "Feature", "properties": { "threshold_s": 600, "time_label": "10 min drive" }, "geometry": { "type": "Polygon", "coordinates": [ [ [ 38.6847681, 9.0654203 ], [ 38.6848046, 9.0744871 ], [ 38.689663, 9.0762027 ], [ 38.6938391, 9.0730859 ], [ 38.6945052, 9.0723955 ], [ 38.6946523, 9.0720662 ], [ 38.6947811, 9.0717378 ], [ 38.698357799999989, 9.0683166 ], [ 38.7049681, 9.0734342 ], [ 38.7040883, 9.075675 ], [ 38.7066767, 9.0720331 ], [ 38.7157707, 9.0714928 ], [ 38.7160362, 9.0719192 ], [ 38.7182799, 9.0763662 ], [ 38.7226021, 9.0744897 ], [ 38.7259472, 9.0665559 ], [ 38.726472, 9.0661305 ], [ 38.727186, 9.0655401 ], [ 38.7273741, 9.0653952 ], [ 38.7283075, 9.0645247 ], [ 38.7304907, 9.0600483 ], [ 38.7312726, 9.0582535 ], [ 38.7324756, 9.0543092 ], [ 38.7325327, 9.0539447 ], [ 38.7327881, 9.0517281 ], [ 38.732672, 9.0489328 ], [ 38.732326, 9.0454467 ], [ 38.7300685, 9.0433154 ], [ 38.7266122, 9.0358155 ], [ 38.7258186, 9.0338512 ], [ 38.7208387, 9.0278143 ], [ 38.715065, 9.0231544 ], [ 38.7133899, 9.0233992 ], [ 38.7114282, 9.0244084 ], [ 38.703514, 9.0261544 ], [ 38.6969043, 9.0310385 ], [ 38.68812, 9.0316312 ], [ 38.6846182, 9.0343871 ], [ 38.683847, 9.036928 ], [ 38.6794643, 9.0446396 ], [ 38.6806176, 9.0455197 ], [ 38.6814183, 9.0461415 ], [ 38.6848922, 9.0525543 ], [ 38.6848619, 9.0553593 ], [ 38.684765, 9.0559001 ], [ 38.6846724, 9.0563468 ], [ 38.6847206, 9.0589202 ], [ 38.684761, 9.0605151 ], [ 38.6847507, 9.0616361 ], [ 38.6847578, 9.0622835 ], [ 38.6847362, 9.0650724 ], [ 38.6847681, 9.0654203 ] ] ] } },
{ "type": "Feature", "properties": { "threshold_s": 900, "time_label": "15 min drive" }, "geometry": { "type": "Polygon", "coordinates": [ [ [ 38.6847681, 9.0654203 ], [ 38.6848046, 9.0744871 ], [ 38.689663, 9.0762027 ], [ 38.6938391, 9.0730859 ], [ 38.7040883, 9.075675 ], [ 38.7066767, 9.0720331 ], [ 38.7160362, 9.0719192 ], [ 38.7182799, 9.0763662 ], [ 38.7190591, 9.077488 ], [ 38.7212082, 9.0809212 ], [ 38.7222228, 9.0847868 ], [ 38.7107912, 9.0885365 ], [ 38.7188042, 9.0925749 ], [ 38.7265894, 9.0880836 ], [ 38.7352261, 9.0871606 ], [ 38.7382369, 9.0758127 ], [ 38.7431467, 9.0728621 ], [ 38.7485526, 9.0674668 ], [ 38.7495735, 9.0665374 ], [ 38.7502702, 9.0657931 ], [ 38.7504154, 9.0653585 ], [ 38.7533629, 9.05423 ], [ 38.7512299, 9.044965 ], [ 38.75133, 9.0394709 ], [ 38.7503308, 9.0339662 ], [ 38.743319, 9.0248296 ], [ 38.734727, 9.016415 ], [ 38.7290872, 9.0089895 ], [ 38.7288505, 9.0086624 ], [ 38.7187191, 9.0029892 ], [ 38.7179585, 9.0038253 ], [ 38.7145161, 9.0075199 ], [ 38.7139575, 9.0091895 ], [ 38.7034982, 9.0135973 ], [ 38.6976741, 9.0149832 ], [ 38.6931543, 9.0153341 ], [ 38.6832154, 9.0144824 ], [ 38.6827653, 9.014603 ], [ 38.6797231, 9.0157434 ], [ 38.6793109, 9.0160343 ], [ 38.6714658, 9.0233489 ], [ 38.6710902, 9.024402 ], [ 38.6714859, 9.0304482 ], [ 38.6722357, 9.035704 ], [ 38.6746724, 9.0409686 ], [ 38.676438, 9.042549 ], [ 38.6794643, 9.0446396 ], [ 38.6806176, 9.0455197 ], [ 38.6846724, 9.0563468 ], [ 38.6847206, 9.0589202 ], [ 38.684761, 9.0605151 ], [ 38.6847507, 9.0616361 ], [ 38.6847578, 9.0622835 ], [ 38.6847362, 9.0650724 ], [ 38.6847681, 9.0654203 ] ] ] } },
{ "type": "Feature", "properties": { "threshold_s": 300, "time_label": "5 min drive" }, "geometry": { "type": "Polygon", "coordinates": [ [ [ 38.7046811, 9.0605026 ], [ 38.7051728, 9.0634582 ], [ 38.7056641, 9.0634023 ], [ 38.7071273, 9.0631653 ], [ 38.707658, 9.0628554 ], [ 38.7110449, 9.061498 ], [ 38.7147419, 9.0627772 ], [ 38.7154944, 9.0661054 ], [ 38.7157479, 9.0667755 ], [ 38.716975, 9.0684375 ], [ 38.7186165, 9.0711339 ], [ 38.7215999, 9.0727251 ], [ 38.7233111, 9.0688621 ], [ 38.7266554, 9.0684049 ], [ 38.7276019, 9.0687116 ], [ 38.7283531, 9.0689796 ], [ 38.729344, 9.0680747 ], [ 38.7304425, 9.0668432 ], [ 38.7308706, 9.0655205 ], [ 38.7340968, 9.0632828 ], [ 38.7347571, 9.0629951 ], [ 38.7365289, 9.0605781 ], [ 38.736845099999989, 9.0584841 ], [ 38.7377219, 9.0558555 ], [ 38.7383676, 9.0519959 ], [ 38.738151, 9.0484663 ], [ 38.7383899, 9.0473433 ], [ 38.7372725, 9.0464281 ], [ 38.7362547, 9.0439907 ], [ 38.7375884, 9.0417683 ], [ 38.7374465, 9.0409915 ], [ 38.7358671, 9.040163 ], [ 38.734836799999989, 9.0401816 ], [ 38.7315155, 9.0379719 ], [ 38.7310678, 9.0363618 ], [ 38.7302553, 9.0354027 ], [ 38.72819, 9.0339022 ], [ 38.7249019, 9.0339276 ], [ 38.7202721, 9.0340603 ], [ 38.719316, 9.0342986 ], [ 38.7158411, 9.0367357 ], [ 38.7131271, 9.0395315 ], [ 38.7125735, 9.0418557 ], [ 38.7126721, 9.0440761 ], [ 38.711219, 9.0469958 ], [ 38.7085193, 9.0494539 ], [ 38.705703, 9.0502009 ], [ 38.7061027, 9.0515041 ], [ 38.7059672, 9.055068 ], [ 38.7046228, 9.0561322 ], [ 38.7046811, 9.0605026 ] ] ] } },
{ "type": "Feature", "properties": { "threshold_s": 600, "time_label": "10 min drive" }, "geometry": { "type": "Polygon", "coordinates": [ [ [ 38.6848146, 9.0633976 ], [ 38.6889912, 9.0713724 ], [ 38.6898866, 9.0721952 ], [ 38.690748, 9.0729067 ], [ 38.6938391, 9.0730859 ], [ 38.7040883, 9.075675 ], [ 38.7066767, 9.0720331 ], [ 38.7160362, 9.0719192 ], [ 38.7182799, 9.0763662 ], [ 38.7190591, 9.077488 ], [ 38.7212082, 9.0809212 ], [ 38.7222228, 9.0847868 ], [ 38.7265894, 9.0880836 ], [ 38.730374, 9.0869792 ], [ 38.7309526, 9.086197 ], [ 38.7324589, 9.0764417 ], [ 38.7377219, 9.0759888 ], [ 38.7445479, 9.0766414 ], [ 38.7516747, 9.0718768 ], [ 38.7528522, 9.0707677 ], [ 38.7559473, 9.0667641 ], [ 38.7561691, 9.0656653 ], [ 38.758995, 9.0546066 ], [ 38.7588099, 9.0529624 ], [ 38.7573255, 9.0439475 ], [ 38.7565413, 9.0397014 ], [ 38.7552732, 9.0313196 ], [ 38.7549655, 9.03052 ], [ 38.7526328, 9.0285574 ], [ 38.7444281, 9.0216667 ], [ 38.7346128, 9.0153913 ], [ 38.7289514, 9.0141945 ], [ 38.7199898, 9.0157646 ], [ 38.7168232, 9.0167713 ], [ 38.7087573, 9.019313 ], [ 38.7062609, 9.021017 ], [ 38.7014104, 9.0257572 ], [ 38.6951821, 9.0328202 ], [ 38.6939268, 9.0384241 ], [ 38.6912741, 9.0447906 ], [ 38.686551, 9.0531152 ], [ 38.6850052, 9.0546185 ], [ 38.6848619, 9.0553593 ], [ 38.6847206, 9.0589202 ], [ 38.6847578, 9.0622835 ], [ 38.6848146, 9.0633976 ] ] ] } },
{ "type": "Feature", "properties": { "threshold_s": 900, "time_label": "15 min drive" }, "geometry": { "type": "Polygon", "coordinates": [ [ [ 38.6847362, 9.0650724 ], [ 38.6848046, 9.0744871 ], [ 38.689663, 9.0762027 ], [ 38.6938391, 9.0730859 ], [ 38.7040883, 9.075675 ], [ 38.7066767, 9.0720331 ], [ 38.7182799, 9.0763662 ], [ 38.7190591, 9.077488 ], [ 38.7212082, 9.0809212 ], [ 38.7107912, 9.0885365 ], [ 38.7188042, 9.0925749 ], [ 38.7265894, 9.0880836 ], [ 38.7380585, 9.0909943 ], [ 38.7489573, 9.092251 ], [ 38.7536985, 9.0820899 ], [ 38.7613576, 9.0810134 ], [ 38.7714839, 9.0764306 ], [ 38.7714386, 9.0702413 ], [ 38.7746222, 9.0623644 ], [ 38.7747068, 9.0620104 ], [ 38.7752118, 9.0594034 ], [ 38.7753084, 9.057763 ], [ 38.7758556, 9.0494881 ], [ 38.7780224, 9.0381513 ], [ 38.775375, 9.0328458 ], [ 38.7738646, 9.0301277 ], [ 38.7730888, 9.0299123 ], [ 38.7726027, 9.029819 ], [ 38.7713206, 9.0297792 ], [ 38.7638895, 9.0199177 ], [ 38.7645019, 9.0170063 ], [ 38.7588742, 9.0086394 ], [ 38.7543417, 9.0064809 ], [ 38.7470486, 9.0019362 ], [ 38.7389611, 8.9967186 ], [ 38.7312993, 8.9952907 ], [ 38.7287615, 8.9950312 ], [ 38.7182531, 8.9959834 ], [ 38.7151745, 8.9975845 ], [ 38.7147582, 8.9980631 ], [ 38.7078582, 9.0056874 ], [ 38.695388199999989, 9.0062762 ], [ 38.6947194, 9.0060185 ], [ 38.694533, 9.0060516 ], [ 38.6939541, 9.0061722 ], [ 38.6933024, 9.006468 ], [ 38.6922464, 9.0071427 ], [ 38.6910903, 9.0081737 ], [ 38.6908087, 9.0086809 ], [ 38.6884718, 9.0145818 ], [ 38.6824898, 9.0240176 ], [ 38.6766225, 9.0317898 ], [ 38.677586, 9.034883 ], [ 38.6794643, 9.0446396 ], [ 38.6846724, 9.0563468 ], [ 38.6847206, 9.0589202 ], [ 38.684761, 9.0605151 ], [ 38.6847507, 9.0616361 ], [ 38.6847578, 9.0622835 ], [ 38.6847362, 9.0650724 ] ] ] } },
{ "type": "Feature", "properties": { "threshold_s": 300, "time_label": "5 min drive" }, "geometry": { "type": "Polygon", "coordinates": [ [ [ 38.710472, 9.0593379 ], [ 38.7110005, 9.0607548 ], [ 38.7142127, 9.0594514 ], [ 38.717228, 9.0626398 ], [ 38.716661, 9.064828 ], [ 38.7175167, 9.0659601 ], [ 38.7212658, 9.0673581 ], [ 38.7231705, 9.0665148 ], [ 38.7276623, 9.067351 ], [ 38.7283114, 9.0673476 ], [ 38.729284, 9.066301 ], [ 38.7294781, 9.0654114 ], [ 38.7336002, 9.0635295 ], [ 38.7373979, 9.0627719 ], [ 38.7383409, 9.0627945 ], [ 38.7407964, 9.0611644 ], [ 38.7412336, 9.0577602 ], [ 38.7407419, 9.0553647 ], [ 38.7414983, 9.0523521 ], [ 38.7420319, 9.0505302 ], [ 38.7421502, 9.0477222 ], [ 38.7419698, 9.0473912 ], [ 38.7406019, 9.0454386 ], [ 38.7403545, 9.045184 ], [ 38.7413221, 9.040716 ], [ 38.7416669, 9.0399542 ], [ 38.7420698, 9.0389527 ], [ 38.7382503, 9.0365404 ], [ 38.7378734, 9.0365003 ], [ 38.7348694, 9.0356619 ], [ 38.7322603, 9.0329298 ], [ 38.7312039, 9.032052 ], [ 38.7283985, 9.0309472 ], [ 38.7241902, 9.0317143 ], [ 38.7238909, 9.0318305 ], [ 38.7202721, 9.0340603 ], [ 38.719316, 9.0342986 ], [ 38.716273, 9.0346479 ], [ 38.7147425, 9.0355527 ], [ 38.7117524, 9.0390719 ], [ 38.7125735, 9.0418557 ], [ 38.7126721, 9.0440761 ], [ 38.712546, 9.0456296 ], [ 38.7122999, 9.0485977 ], [ 38.7126895, 9.0491096 ], [ 38.7119106, 9.0534801 ], [ 38.7108354, 9.0541781 ], [ 38.7100965, 9.054685 ], [ 38.7100254, 9.0561289 ], [ 38.710472, 9.0593379 ] ] ] } },
{ "type": "Feature", "properties": { "threshold_s": 600, "time_label": "10 min drive" }, "geometry": { "type": "Polygon", "coordinates": [ [ [ 38.6934493, 9.0674275 ], [ 38.6938879, 9.0681007 ], [ 38.6957356, 9.0682504 ], [ 38.698357799999989, 9.0683166 ], [ 38.7040883, 9.075675 ], [ 38.7066767, 9.0720331 ], [ 38.7160362, 9.0719192 ], [ 38.7182799, 9.0763662 ], [ 38.7190591, 9.077488 ], [ 38.7212082, 9.0809212 ], [ 38.7222228, 9.0847868 ], [ 38.7231521, 9.0851596 ], [ 38.7279962, 9.0819581 ], [ 38.7287586, 9.0812933 ], [ 38.7324589, 9.0764417 ], [ 38.7377219, 9.0759888 ], [ 38.7445479, 9.0766414 ], [ 38.7510584, 9.0755627 ], [ 38.754019, 9.0745692 ], [ 38.7573112, 9.0714304 ], [ 38.7582829, 9.0700645 ], [ 38.7585841, 9.0694854 ], [ 38.7610903, 9.0644677 ], [ 38.7626772, 9.0557355 ], [ 38.7624083, 9.0536483 ], [ 38.7619013, 9.0508359 ], [ 38.7614694, 9.0439155 ], [ 38.7614471, 9.0437227 ], [ 38.7596682, 9.034679 ], [ 38.7582228, 9.0285769 ], [ 38.7572128, 9.026898 ], [ 38.7518575, 9.0242085 ], [ 38.7476769, 9.020966 ], [ 38.7445302, 9.0176394 ], [ 38.7378735, 9.014756 ], [ 38.7340657, 9.0117861 ], [ 38.7270118, 9.0118618 ], [ 38.7197772, 9.0151449 ], [ 38.7171289, 9.0153936 ], [ 38.7166933, 9.0154221 ], [ 38.7161105, 9.0154626 ], [ 38.713527, 9.0174057 ], [ 38.7066431, 9.0181488 ], [ 38.7008429, 9.0244859 ], [ 38.6967617, 9.0303615 ], [ 38.6951821, 9.0328202 ], [ 38.6932318, 9.0364984 ], [ 38.6930658, 9.0385459 ], [ 38.6937377, 9.0410938 ], [ 38.6950265, 9.0442973 ], [ 38.6938051, 9.0535962 ], [ 38.6928999, 9.0544361 ], [ 38.6917838, 9.0556105 ], [ 38.6900292, 9.0576304 ], [ 38.6899661, 9.0601607 ], [ 38.6934493, 9.0674275 ] ] ] } },
{ "type": "Feature", "properties": { "threshold_s": 900, "time_label": "15 min drive" }, "geometry": { "type": "Polygon", "coordinates": [ [ [ 38.6847362, 9.0650724 ], [ 38.6848046, 9.0744871 ], [ 38.689663, 9.0762027 ], [ 38.6938391, 9.0730859 ], [ 38.7040883, 9.075675 ], [ 38.7066767, 9.0720331 ], [ 38.7160362, 9.0719192 ], [ 38.7182799, 9.0763662 ], [ 38.7190591, 9.077488 ], [ 38.7212082, 9.0809212 ], [ 38.7222228, 9.0847868 ], [ 38.7107912, 9.0885365 ], [ 38.7188042, 9.0925749 ], [ 38.7265894, 9.0880836 ], [ 38.7380585, 9.0909943 ], [ 38.7489573, 9.092251 ], [ 38.7536985, 9.0820899 ], [ 38.7613576, 9.0810134 ], [ 38.7700425, 9.0798452 ], [ 38.7736219, 9.0787401 ], [ 38.7749684, 9.0694771 ], [ 38.7761825, 9.066658 ], [ 38.7787053, 9.062305 ], [ 38.7787956, 9.0621212 ], [ 38.7791755, 9.060863 ], [ 38.7797532, 9.0510781 ], [ 38.7802148, 9.0457754 ], [ 38.7820203, 9.0383468 ], [ 38.7817703, 9.0374467 ], [ 38.778269, 9.0304252 ], [ 38.7761492, 9.027044 ], [ 38.7754401, 9.0268163 ], [ 38.7686595, 9.0207369 ], [ 38.7693626, 9.0163824 ], [ 38.7655289, 9.009173 ], [ 38.7643308, 9.0075099 ], [ 38.7587141, 9.0041929 ], [ 38.7546804, 9.0018889 ], [ 38.7448708, 8.9961526 ], [ 38.7436851, 8.9956517 ], [ 38.7356848, 8.9929262 ], [ 38.7286349, 8.9922139 ], [ 38.717408399999989, 8.9936023 ], [ 38.7140761, 8.9957769 ], [ 38.7068624, 9.0047688 ], [ 38.7061737, 9.0050794 ], [ 38.694202, 9.0035965 ], [ 38.6939984, 9.0035187 ], [ 38.689191, 9.0079716 ], [ 38.6889166, 9.0084277 ], [ 38.6860884, 9.0161453 ], [ 38.6822927, 9.0211382 ], [ 38.6821358, 9.0213329 ], [ 38.6761276, 9.028615 ], [ 38.6760595, 9.0286988 ], [ 38.6761908, 9.0344324 ], [ 38.6762608, 9.0355913 ], [ 38.6794643, 9.0446396 ], [ 38.6806176, 9.0455197 ], [ 38.6846724, 9.0563468 ], [ 38.6847206, 9.0589202 ], [ 38.684761, 9.0605151 ], [ 38.6847507, 9.0616361 ], [ 38.6847578, 9.0622835 ], [ 38.6847362, 9.0650724 ] ] ] } },
{ "type": "Feature", "properties": { "threshold_s": 300, "time_label": "5 min drive" }, "geometry": { "type": "Polygon", "coordinates": [ [ [ 38.7339346, 8.9746786 ], [ 38.7341784, 8.9766996 ], [ 38.7383627, 8.9785833 ], [ 38.7410017, 8.9796201 ], [ 38.743529, 8.9827014 ], [ 38.7440929, 8.9831576 ], [ 38.74802, 8.9855194 ], [ 38.7512463, 8.9870877 ], [ 38.751491, 8.9864276 ], [ 38.7553965, 8.9820855 ], [ 38.759964, 8.9792704 ], [ 38.7623526, 8.9769294 ], [ 38.7620297, 8.9769472 ], [ 38.7584311, 8.9727864 ], [ 38.7613593, 8.9707294 ], [ 38.76242, 8.9685074 ], [ 38.762618, 8.9673329 ], [ 38.7627127, 8.9666965 ], [ 38.7628423, 8.9658809 ], [ 38.7629064, 8.9653976 ], [ 38.7630229, 8.9646366 ], [ 38.7632151, 8.9633794 ], [ 38.7633621, 8.962338 ], [ 38.7662447, 8.9572923 ], [ 38.762744, 8.9530703 ], [ 38.7601136, 8.9511388 ], [ 38.759338, 8.9508307 ], [ 38.7560588, 8.9495278 ], [ 38.753968, 8.9467924 ], [ 38.7523613, 8.9461382 ], [ 38.7498369, 8.9457517 ], [ 38.7491995, 8.9460984 ], [ 38.748765, 8.9466319 ], [ 38.7482509, 8.9476784 ], [ 38.7435148, 8.9507927 ], [ 38.7418642, 8.9517837 ], [ 38.7407055, 8.952488 ], [ 38.7406848, 8.9525624 ], [ 38.7407423, 8.9543131 ], [ 38.7403759, 8.9568763 ], [ 38.7404933, 8.9609058 ], [ 38.7414488, 8.9644008 ], [ 38.7366423, 8.9668581 ], [ 38.7358058, 8.9664959 ], [ 38.7338521, 8.9650684 ], [ 38.7333485, 8.9648141 ], [ 38.7340753, 8.9706794 ], [ 38.73397, 8.9732129 ], [ 38.7339346, 8.9746786 ] ] ] } },
{ "type": "Feature", "properties": { "threshold_s": 600, "time_label": "10 min drive" }, "geometry": { "type": "Polygon", "coordinates": [ [ [ 38.7220165, 8.9877903 ], [ 38.7248948, 8.9919464 ], [ 38.7324621, 8.9965338 ], [ 38.7368938, 9.0019137 ], [ 38.7375899, 9.0023508 ], [ 38.7415638, 9.0038567 ], [ 38.7464049, 9.0076974 ], [ 38.7464806, 9.0077087 ], [ 38.7469207, 9.0077617 ], [ 38.7544449, 9.007789 ], [ 38.7549512, 9.0077402 ], [ 38.7560328, 9.0070649 ], [ 38.7587141, 9.0041929 ], [ 38.7649101, 8.9987426 ], [ 38.7662316, 8.9977834 ], [ 38.7746638, 8.9941942 ], [ 38.774816199999989, 8.9941075 ], [ 38.7760802, 8.9916884 ], [ 38.7778063, 8.9876901 ], [ 38.778396, 8.984641 ], [ 38.7786342, 8.9830658 ], [ 38.7785645, 8.9821469 ], [ 38.7784405, 8.9816191 ], [ 38.7776473, 8.979045 ], [ 38.7769645, 8.9775777 ], [ 38.7767224, 8.9774806 ], [ 38.7705231, 8.9704184 ], [ 38.7715801, 8.967035 ], [ 38.7746049, 8.9599046 ], [ 38.779052, 8.9539221 ], [ 38.7797429, 8.9528702 ], [ 38.7810661, 8.9504658 ], [ 38.7800146, 8.9482264 ], [ 38.7743569, 8.9402565 ], [ 38.7724535, 8.9380532 ], [ 38.7667501, 8.9317034 ], [ 38.7592359, 8.9312294 ], [ 38.7563968, 8.9308426 ], [ 38.7469314, 8.9283053 ], [ 38.7449545, 8.9273318 ], [ 38.7415896, 8.9271952 ], [ 38.7408173, 8.9278922 ], [ 38.7389504, 8.9325593 ], [ 38.7340113, 8.9367007 ], [ 38.7252917, 8.9411583 ], [ 38.7233013, 8.9441731 ], [ 38.721188, 8.9492656 ], [ 38.7212673, 8.9500755 ], [ 38.7197015, 8.9584209 ], [ 38.716926, 8.9620024 ], [ 38.7168183, 8.9621724 ], [ 38.7144134, 8.9664039 ], [ 38.7137725, 8.9724536 ], [ 38.7140299, 8.9732737 ], [ 38.7218581, 8.9783907 ], [ 38.7223423, 8.9804502 ], [ 38.722532, 8.9843766 ], [ 38.7220165, 8.9877903 ] ] ] } },
{ "type": "Feature", "properties": { "threshold_s": 900, "time_label": "15 min drive" }, "geometry": { "type": "Polygon", "coordinates": [ [ [ 38.6942012, 8.982279 ], [ 38.6951955, 8.984899 ], [ 38.7045921, 8.9908101 ], [ 38.7063411, 8.9919437 ], [ 38.7090185, 8.992419 ], [ 38.715329, 8.9947232 ], [ 38.7189773, 9.0029713 ], [ 38.7188894, 9.0059185 ], [ 38.7190919, 9.0068716 ], [ 38.7197143, 9.0079515 ], [ 38.7260014, 9.0147848 ], [ 38.7334491, 9.021133 ], [ 38.7404256, 9.0274322 ], [ 38.7431722, 9.0283607 ], [ 38.7516948, 9.0287486 ], [ 38.7526328, 9.0285574 ], [ 38.7572955, 9.0263761 ], [ 38.7605536, 9.0224021 ], [ 38.7638225, 9.0193203 ], [ 38.7732235, 9.0146348 ], [ 38.7778035, 9.0124771 ], [ 38.7837833, 9.0077407 ], [ 38.7847403, 9.0066431 ], [ 38.7917227, 8.9977053 ], [ 38.7976136, 8.9913002 ], [ 38.79654, 8.9900417 ], [ 38.7942992, 8.9887271 ], [ 38.7920318, 8.9875297 ], [ 38.791375, 8.9871117 ], [ 38.7899075, 8.9859732 ], [ 38.7880106, 8.9854871 ], [ 38.7855757, 8.9849273 ], [ 38.7842988, 8.9845215 ], [ 38.7787516, 8.9794447 ], [ 38.7828796, 8.9680649 ], [ 38.7919347, 8.9698281 ], [ 38.7932792, 8.9657434 ], [ 38.7962545, 8.9594646 ], [ 38.798652, 8.9492024 ], [ 38.7988172, 8.9457455 ], [ 38.7984793, 8.9453468 ], [ 38.7923188, 8.9370136 ], [ 38.7922043, 8.9295257 ], [ 38.7844674, 8.9214944 ], [ 38.7791068, 8.9184682 ], [ 38.7708029, 8.9157749 ], [ 38.7637464, 8.9120776 ], [ 38.7635736, 8.9120019 ], [ 38.7582041, 8.9148085 ], [ 38.746376, 8.9094829 ], [ 38.7462511, 8.9092784 ], [ 38.7460543, 8.9090557 ], [ 38.7445052, 8.908509 ], [ 38.7421436, 8.9084803 ], [ 38.735762, 8.9091884 ], [ 38.7307687, 8.9115857 ], [ 38.7303016, 8.9121989 ], [ 38.7296109, 8.9130906 ], [ 38.7270246, 8.9164573 ], [ 38.7202896, 8.9240603 ], [ 38.7118706, 8.9287413 ], [ 38.7097542, 8.9311591 ], [ 38.70697710000001, 8.9411565 ], [ 38.706592, 8.9420225 ], [ 38.7025941, 8.9502734 ], [ 38.6957145, 8.9536041 ], [ 38.6955472, 8.9550699 ], [ 38.6956474, 8.9586313 ], [ 38.6971313, 8.9687966 ], [ 38.69741, 8.9697137 ], [ 38.6942012, 8.982279 ] ] ] } },
{ "type": "Feature", "properties": { "threshold_s": 300, "time_label": "5 min drive" }, "geometry": { "type": "Polygon", "coordinates": [ [ [ 38.7134582, 8.9786635 ], [ 38.713064, 8.9823117 ], [ 38.7145468, 8.9826951 ], [ 38.7158087, 8.9826106 ], [ 38.719303, 8.9836928 ], [ 38.7209886, 8.98606 ], [ 38.725589, 8.9866537 ], [ 38.7297515, 8.9889252 ], [ 38.7314172, 8.9897831 ], [ 38.7327901, 8.9904009 ], [ 38.7382583, 8.9913632 ], [ 38.7385318, 8.9913353 ], [ 38.7419808, 8.9878138 ], [ 38.7425083, 8.9870049 ], [ 38.746394, 8.983574 ], [ 38.7468322, 8.9817306 ], [ 38.7467168, 8.9763062 ], [ 38.7466576, 8.9749068 ], [ 38.7463023, 8.9720437 ], [ 38.746347, 8.9681793 ], [ 38.7459358, 8.9671273 ], [ 38.7442893, 8.9666697 ], [ 38.7428784, 8.9669177 ], [ 38.7394558, 8.9686222 ], [ 38.7372129, 8.9662997 ], [ 38.7355458, 8.9629714 ], [ 38.7352396, 8.9611247 ], [ 38.7348681, 8.9596248 ], [ 38.7335671, 8.9563225 ], [ 38.733087, 8.9556029 ], [ 38.732454, 8.9546242 ], [ 38.7295661, 8.9555907 ], [ 38.7287051, 8.9561824 ], [ 38.7280303, 8.9568112 ], [ 38.7276953, 8.9572044 ], [ 38.7274187, 8.957536 ], [ 38.7270681, 8.958262 ], [ 38.7263131, 8.9595443 ], [ 38.7258068, 8.9602608 ], [ 38.7210427, 8.9626374 ], [ 38.716926, 8.9620024 ], [ 38.7168183, 8.9621724 ], [ 38.7156802, 8.9658749 ], [ 38.7153228, 8.96718 ], [ 38.7137725, 8.9724536 ], [ 38.7138949, 8.9775342 ], [ 38.7134582, 8.9786635 ] ] ] } },
{ "type": "Feature", "properties": { "threshold_s": 600, "time_label": "10 min drive" }, "geometry": { "type": "Polygon", "coordinates": [ [ [ 38.6999704, 8.9919056 ], [ 38.7030289, 8.9963509 ], [ 38.7086257, 8.9983915 ], [ 38.7104382, 8.9973229 ], [ 38.7188513, 8.9979545 ], [ 38.7189357, 9.0001877 ], [ 38.7189773, 9.0029713 ], [ 38.7193601, 9.0036258 ], [ 38.7199702, 9.0042617 ], [ 38.7236724, 8.9987142 ], [ 38.7268985, 8.9991841 ], [ 38.7292146, 9.0052443 ], [ 38.730935700000011, 9.0078495 ], [ 38.7313527, 9.0086805 ], [ 38.7341748, 9.0107132 ], [ 38.7387193, 9.0103826 ], [ 38.7446729, 9.0128419 ], [ 38.7461139, 9.011589 ], [ 38.7522179, 9.0063245 ], [ 38.7528737, 9.0057964 ], [ 38.7547041, 9.0038506 ], [ 38.7579405, 8.9998255 ], [ 38.7595939, 8.9955921 ], [ 38.7596548, 8.9944049 ], [ 38.7643374, 8.9873668 ], [ 38.7656733, 8.9835178 ], [ 38.7653653, 8.981421 ], [ 38.7643249, 8.9775938 ], [ 38.7630964, 8.9742431 ], [ 38.7627127, 8.9666965 ], [ 38.7628423, 8.9658809 ], [ 38.7632151, 8.9633794 ], [ 38.7594913, 8.9568529 ], [ 38.7584882, 8.955665 ], [ 38.7581701, 8.9553346 ], [ 38.7576358, 8.9551189 ], [ 38.7517645, 8.9508566 ], [ 38.7492489, 8.9465652 ], [ 38.7483745, 8.9452539 ], [ 38.7445819, 8.9396004 ], [ 38.7435845, 8.9365006 ], [ 38.7429546, 8.9366308 ], [ 38.7414449, 8.9368228 ], [ 38.7386329, 8.9369419 ], [ 38.7339035, 8.9321621 ], [ 38.7315971, 8.9351272 ], [ 38.725256, 8.9395488 ], [ 38.7221355, 8.9391428 ], [ 38.7204413, 8.9384991 ], [ 38.7198597, 8.9404636 ], [ 38.7193705, 8.9416649 ], [ 38.7169259, 8.9451545 ], [ 38.7111602, 8.9483774 ], [ 38.7097463, 8.9487392 ], [ 38.7059816, 8.9499556 ], [ 38.7021625, 8.9520316 ], [ 38.6966556, 8.9539567 ], [ 38.696354, 8.9543427 ], [ 38.6958963, 8.9561112 ], [ 38.6963254, 8.9577881 ], [ 38.6984839, 8.9604146 ], [ 38.697699299999989, 8.9679907 ], [ 38.6973242, 8.9690841 ], [ 38.69741, 8.9697137 ], [ 38.6981336, 8.9755533 ], [ 38.69472, 8.9823438 ], [ 38.6961552, 8.9838323 ], [ 38.699714299999989, 8.9896283 ], [ 38.6999704, 8.9919056 ] ] ] } },
{ "type": "Feature", "properties": { "threshold_s": 900, "time_label": "15 min drive" }, "geometry": { "type": "Polygon", "coordinates": [ [ [ 38.6767622, 8.9888244 ], [ 38.6791743, 8.9995971 ], [ 38.6841262, 9.0028697 ], [ 38.6880788, 9.0078643 ], [ 38.6913838, 9.0103826 ], [ 38.6988273, 9.0143871 ], [ 38.7090999, 9.0175531 ], [ 38.7152166, 9.0245608 ], [ 38.7225452, 9.0246276 ], [ 38.7292416, 9.0281443 ], [ 38.7324699, 9.0315075 ], [ 38.7370889, 9.0322481 ], [ 38.7474608, 9.0322284 ], [ 38.7531912, 9.0297342 ], [ 38.7581126, 9.0269965 ], [ 38.7616201, 9.0233396 ], [ 38.7659352, 9.0168131 ], [ 38.772598, 9.0100844 ], [ 38.7747095, 9.005959 ], [ 38.7752118, 9.0003829 ], [ 38.7785183, 8.9945482 ], [ 38.7816924, 8.991925 ], [ 38.7825916, 8.9905884 ], [ 38.784115, 8.9851798 ], [ 38.7842988, 8.9845215 ], [ 38.7777914, 8.9763594 ], [ 38.7755072, 8.9716351 ], [ 38.7737249, 8.9605879 ], [ 38.7746049, 8.9599046 ], [ 38.775242, 8.9583361 ], [ 38.7755169, 8.9575612 ], [ 38.775297, 8.9507956 ], [ 38.7750193, 8.948154 ], [ 38.7743488, 8.9473406 ], [ 38.7707335, 8.9430338 ], [ 38.7697956, 8.9428309 ], [ 38.7627469, 8.9373496 ], [ 38.7624076, 8.9324762 ], [ 38.7612942, 8.9293142 ], [ 38.7605815, 8.9284304 ], [ 38.7589171, 8.9271134 ], [ 38.7504724, 8.9206262 ], [ 38.7489381, 8.9191994 ], [ 38.7421556, 8.9151668 ], [ 38.7372511, 8.9104997 ], [ 38.735108, 8.9095624 ], [ 38.7311683, 8.9119728 ], [ 38.7296109, 8.9130906 ], [ 38.7226438, 8.9196104 ], [ 38.7199563, 8.9207989 ], [ 38.7126206, 8.9234769 ], [ 38.7118909, 8.9244636 ], [ 38.7095736, 8.9293885 ], [ 38.7009394, 8.9337282 ], [ 38.6983983, 8.9354585 ], [ 38.6905998, 8.941313 ], [ 38.6884219, 8.9413436 ], [ 38.6834638, 8.942654 ], [ 38.6813521, 8.9433443 ], [ 38.6801187, 8.9442031 ], [ 38.6802028, 8.9447962 ], [ 38.6803134, 8.9557227 ], [ 38.6803973, 8.9570556 ], [ 38.6812171, 8.967792 ], [ 38.6767789, 8.9745065 ], [ 38.6756895, 8.9755916 ], [ 38.6755587, 8.9762032 ], [ 38.6749434, 8.9817092 ], [ 38.6753404, 8.9834524 ], [ 38.6767622, 8.9888244 ] ] ] } },
{ "type": "Feature", "properties": { "threshold_s": 300, "time_label": "5 min drive" }, "geometry": { "type": "Polygon", "coordinates": [ [ [ 38.7339346, 8.9746786 ], [ 38.7340875, 8.9777387 ], [ 38.7344728, 8.9778061 ], [ 38.7383627, 8.9785833 ], [ 38.7397105, 8.9799074 ], [ 38.7412755, 8.9806774 ], [ 38.743505, 8.9842753 ], [ 38.7446144, 8.9851407 ], [ 38.7486479, 8.9869149 ], [ 38.7513983, 8.9875137 ], [ 38.7528595, 8.9860896 ], [ 38.7536663, 8.9851731 ], [ 38.7566253, 8.9821654 ], [ 38.7610923, 8.9797751 ], [ 38.7624999, 8.9784998 ], [ 38.7627253, 8.9779127 ], [ 38.7632147, 8.9764116 ], [ 38.7628969, 8.9764417 ], [ 38.762356, 8.9764219 ], [ 38.7584311, 8.9727864 ], [ 38.7613593, 8.9707294 ], [ 38.76242, 8.9685074 ], [ 38.762618, 8.9673329 ], [ 38.7627127, 8.9666965 ], [ 38.7628423, 8.9658809 ], [ 38.7630229, 8.9646366 ], [ 38.7632151, 8.9633794 ], [ 38.7633621, 8.962338 ], [ 38.7640562, 8.9583092 ], [ 38.7640214, 8.9576842 ], [ 38.764001, 8.9574999 ], [ 38.7625686, 8.9544556 ], [ 38.7619976, 8.9532525 ], [ 38.760432, 8.9521374 ], [ 38.7577295, 8.951171 ], [ 38.7547486, 8.9496682 ], [ 38.7528442, 8.947854 ], [ 38.7513676, 8.9474002 ], [ 38.7504042, 8.9473121 ], [ 38.7498443, 8.9472918 ], [ 38.7492023, 8.947591 ], [ 38.7481319, 8.9487824 ], [ 38.7480926, 8.9491966 ], [ 38.7436101, 8.9520586 ], [ 38.7428686, 8.9523515 ], [ 38.7421294, 8.9527569 ], [ 38.7415064, 8.9531372 ], [ 38.7409466, 8.9535255 ], [ 38.7407423, 8.9543131 ], [ 38.7403759, 8.9568763 ], [ 38.7404933, 8.9609058 ], [ 38.7414488, 8.9644008 ], [ 38.7366423, 8.9668581 ], [ 38.7358058, 8.9664959 ], [ 38.7338521, 8.9650684 ], [ 38.7328751, 8.963896 ], [ 38.73210550000001, 8.9646348 ], [ 38.734564, 8.9691946 ], [ 38.7344563, 8.969611 ], [ 38.7340753, 8.9706794 ], [ 38.73397, 8.9732129 ], [ 38.7339346, 8.9746786 ] ] ] } },
{ "type": "Feature", "properties": { "threshold_s": 600, "time_label": "10 min drive" }, "geometry": { "type": "Polygon", "coordinates": [ [ [ 38.7209232, 8.9873866 ], [ 38.7206103, 8.9904456 ], [ 38.7245502, 8.9929448 ], [ 38.7302594, 8.9977804 ], [ 38.7380116, 9.003884 ], [ 38.7448468, 9.0074017 ], [ 38.7463103, 9.0094412 ], [ 38.754098, 9.0095758 ], [ 38.7542888, 9.0095569 ], [ 38.7543422, 9.0095442 ], [ 38.7567295, 9.0078257 ], [ 38.7587141, 9.0041929 ], [ 38.7666007, 9.0001548 ], [ 38.7752527, 8.9957331 ], [ 38.777074, 8.9920119 ], [ 38.7784041, 8.9888346 ], [ 38.7787847, 8.9878668 ], [ 38.7790117, 8.987087 ], [ 38.7796141, 8.9839407 ], [ 38.7796793, 8.9834842 ], [ 38.7787516, 8.9794447 ], [ 38.7773636, 8.975878 ], [ 38.7705231, 8.9704184 ], [ 38.7710899, 8.9678887 ], [ 38.7715801, 8.967035 ], [ 38.7746049, 8.9599046 ], [ 38.775242, 8.9583361 ], [ 38.7786305, 8.9527371 ], [ 38.7790963, 8.9518142 ], [ 38.7796102, 8.9508393 ], [ 38.7788314, 8.9489111 ], [ 38.7737989, 8.941475 ], [ 38.773277899999989, 8.940861 ], [ 38.7716934, 8.9390288 ], [ 38.765818, 8.9329306 ], [ 38.7600432, 8.9335745 ], [ 38.7559502, 8.931876 ], [ 38.7473794, 8.9300125 ], [ 38.7443684, 8.9290581 ], [ 38.742211, 8.9293805 ], [ 38.7416106, 8.9295819 ], [ 38.739571, 8.9322141 ], [ 38.7340113, 8.9367007 ], [ 38.7262343, 8.9422536 ], [ 38.7251919, 8.9436272 ], [ 38.7250015, 8.9438988 ], [ 38.7238302, 8.9459732 ], [ 38.7235223, 8.9475782 ], [ 38.7229636, 8.9499605 ], [ 38.7185397, 8.9585901 ], [ 38.7150158, 8.9614105 ], [ 38.7130309, 8.9664154 ], [ 38.7129042, 8.9695476 ], [ 38.7133613, 8.9718264 ], [ 38.7140299, 8.9732737 ], [ 38.7189332, 8.9793883 ], [ 38.7209232, 8.9873866 ] ] ] } },
{ "type": "Feature", "properties": { "threshold_s": 900, "time_label": "15 min drive" }, "geometry": { "type": "Polygon", "coordinates": [ [ [ 38.6930411, 8.9821796 ], [ 38.693959, 8.9852155 ], [ 38.6943827, 8.9854831 ], [ 38.6945343, 8.9855771 ], [ 38.7051069, 8.9925725 ], [ 38.7079906, 8.9934171 ], [ 38.7083559, 8.993551 ], [ 38.7140761, 8.9957769 ], [ 38.7188894, 9.0059185 ], [ 38.7190919, 9.0068716 ], [ 38.7197143, 9.0079515 ], [ 38.724787, 9.0155262 ], [ 38.7336241, 9.0231117 ], [ 38.739742, 9.0284841 ], [ 38.7512775, 9.0305243 ], [ 38.7518743, 9.0302856 ], [ 38.7523777, 9.0300754 ], [ 38.7531912, 9.0297342 ], [ 38.7581126, 9.0269965 ], [ 38.7616201, 9.0233396 ], [ 38.7687544, 9.0164593 ], [ 38.7741335, 9.0152535 ], [ 38.7793668, 9.0132882 ], [ 38.7859386, 9.007004 ], [ 38.792624, 8.9985777 ], [ 38.797957, 8.9920335 ], [ 38.7967419, 8.9891166 ], [ 38.7962584, 8.9887523 ], [ 38.7899075, 8.9859732 ], [ 38.7880106, 8.9854871 ], [ 38.7855757, 8.9849273 ], [ 38.7842988, 8.9845215 ], [ 38.7787516, 8.9794447 ], [ 38.7828796, 8.9680649 ], [ 38.7909604, 8.9677523 ], [ 38.7914937, 8.9674282 ], [ 38.7923209, 8.9649386 ], [ 38.795303, 8.9592098 ], [ 38.797655399999989, 8.9502162 ], [ 38.7988172, 8.9457455 ], [ 38.7984793, 8.9453468 ], [ 38.7931886, 8.9442637 ], [ 38.7910489, 8.93304 ], [ 38.7847035, 8.922135 ], [ 38.778131, 8.9192196 ], [ 38.7723291, 8.9168573 ], [ 38.7632103, 8.9128309 ], [ 38.7582412, 8.9164931 ], [ 38.7476487, 8.9130972 ], [ 38.7458374, 8.9098863 ], [ 38.7451422, 8.9095862 ], [ 38.735108, 8.9095624 ], [ 38.7311683, 8.9119728 ], [ 38.7296109, 8.9130906 ], [ 38.7270135, 8.9172375 ], [ 38.7245147, 8.9217196 ], [ 38.7229904, 8.9238982 ], [ 38.71189420000001, 8.9305843 ], [ 38.7111586, 8.9337705 ], [ 38.707484, 8.9424309 ], [ 38.7028572, 8.950524 ], [ 38.696271, 8.9522909 ], [ 38.696078, 8.9523082 ], [ 38.6949377, 8.9543928 ], [ 38.6944314, 8.9560721 ], [ 38.6946148, 8.9572657 ], [ 38.6965302, 8.9703163 ], [ 38.6932832, 8.9816417 ], [ 38.6930411, 8.9821796 ] ] ] } },
{ "type": "Feature", "properties": { "threshold_s": 300, "time_label": "5 min drive" }, "geometry": { "type": "Polygon", "coordinates": [ [ [ 38.7209953, 9.0524848 ], [ 38.7237909, 9.0560565 ], [ 38.7258937, 9.0573798 ], [ 38.7287472, 9.058477 ], [ 38.733152, 9.0592748 ], [ 38.7343012, 9.0595614 ], [ 38.7383953, 9.0586644 ], [ 38.7436166, 9.0569715 ], [ 38.7461992, 9.0548863 ], [ 38.7472599, 9.0540753 ], [ 38.7502748, 9.0505689 ], [ 38.7526984, 9.0505018 ], [ 38.7546235, 9.0476622 ], [ 38.7556493, 9.0456004 ], [ 38.7556274, 9.0453961 ], [ 38.7542711, 9.0428536 ], [ 38.7559159, 9.0397791 ], [ 38.753972, 9.0355871 ], [ 38.7541779, 9.0325832 ], [ 38.7518743, 9.0302856 ], [ 38.74741, 9.0306647 ], [ 38.7435203, 9.0282082 ], [ 38.742287, 9.0256813 ], [ 38.7421965, 9.0255991 ], [ 38.7404802, 9.0252066 ], [ 38.7376964, 9.024566 ], [ 38.7353951, 9.0222044 ], [ 38.7349658, 9.0222472 ], [ 38.7320534, 9.0240537 ], [ 38.7295438, 9.0259462 ], [ 38.728074, 9.0271634 ], [ 38.7250653, 9.0294324 ], [ 38.7244528, 9.0303933 ], [ 38.7213583, 9.0340515 ], [ 38.7207153, 9.0353215 ], [ 38.7199132, 9.0369994 ], [ 38.7193977, 9.0403581 ], [ 38.7192093, 9.0432655 ], [ 38.7191067, 9.0463852 ], [ 38.7199456, 9.049349 ], [ 38.7209953, 9.0524848 ] ] ] } },
{ "type": "Feature", "properties": { "threshold_s": 600, "time_label": "10 min drive" }, "geometry": { "type": "Polygon", "coordinates": [ [ [ 38.7046228, 9.0561322 ], [ 38.7051728, 9.0634582 ], [ 38.7056641, 9.0634023 ], [ 38.7071273, 9.0631653 ], [ 38.707658, 9.0628554 ], [ 38.7110449, 9.061498 ], [ 38.7154944, 9.0661054 ], [ 38.7157479, 9.0667755 ], [ 38.7161055, 9.0709197 ], [ 38.716157, 9.0711858 ], [ 38.7221517, 9.0746327 ], [ 38.7247139, 9.0753918 ], [ 38.7261845, 9.0750759 ], [ 38.7324589, 9.0764417 ], [ 38.7377219, 9.0759888 ], [ 38.7441498, 9.0752923 ], [ 38.750977, 9.0733623 ], [ 38.7529379, 9.0729103 ], [ 38.7585841, 9.0694854 ], [ 38.7624695, 9.0650973 ], [ 38.7639833, 9.0639149 ], [ 38.7691201, 9.0601149 ], [ 38.7680342, 9.0562984 ], [ 38.7718325, 9.0522404 ], [ 38.7727542, 9.050924 ], [ 38.774861, 9.0464728 ], [ 38.774515, 9.0434651 ], [ 38.7756639, 9.037846 ], [ 38.7756236, 9.0373826 ], [ 38.772529, 9.0315464 ], [ 38.7724775, 9.0315553 ], [ 38.7696348, 9.0316607 ], [ 38.7654192, 9.0307943 ], [ 38.7625209, 9.0267749 ], [ 38.7616201, 9.0233396 ], [ 38.7638225, 9.0193203 ], [ 38.7638073, 9.0191651 ], [ 38.7623398, 9.017288 ], [ 38.7601319, 9.011234 ], [ 38.7551354, 9.0094268 ], [ 38.7535663, 9.009591 ], [ 38.7474876, 9.0074185 ], [ 38.7451953, 9.0051276 ], [ 38.7450837, 9.0051057 ], [ 38.7421776, 9.0048644 ], [ 38.7359355, 9.0037336 ], [ 38.7330776, 9.0026316 ], [ 38.7329972, 9.0026872 ], [ 38.730315, 9.0050548 ], [ 38.7287807, 9.0080888 ], [ 38.7225071, 9.0114307 ], [ 38.7206414, 9.0105108 ], [ 38.719577, 9.0122374 ], [ 38.7172717, 9.0182925 ], [ 38.7136339, 9.0211783 ], [ 38.7117864, 9.0218831 ], [ 38.7113392, 9.0229746 ], [ 38.7069757, 9.0271051 ], [ 38.704327, 9.0274757 ], [ 38.7032464, 9.0308579 ], [ 38.7022577, 9.0341348 ], [ 38.7017896, 9.0371099 ], [ 38.7016341, 9.0388876 ], [ 38.7024897, 9.0420543 ], [ 38.7034835, 9.0452111 ], [ 38.7058673, 9.0503499 ], [ 38.7046228, 9.0561322 ] ] ] } },
{ "type": "Feature", "properties": { "threshold_s": 900, "time_label": "15 min drive" }, "geometry": { "type": "Polygon", "coordinates": [ [ [ 38.6894713, 9.0712277 ], [ 38.6899068, 9.0717764 ], [ 38.6908136, 9.072251 ], [ 38.6938391, 9.0730859 ], [ 38.7040883, 9.075675 ], [ 38.7066767, 9.0720331 ], [ 38.7160362, 9.0719192 ], [ 38.7182799, 9.0763662 ], [ 38.7190591, 9.077488 ], [ 38.7212082, 9.0809212 ], [ 38.7222228, 9.0847868 ], [ 38.7188042, 9.0925749 ], [ 38.7265894, 9.0880836 ], [ 38.730374, 9.0869792 ], [ 38.7389972, 9.0871137 ], [ 38.7422991, 9.0892562 ], [ 38.7482871, 9.0888993 ], [ 38.7485714, 9.0882718 ], [ 38.7536985, 9.0820899 ], [ 38.7613576, 9.0810134 ], [ 38.7700425, 9.0798452 ], [ 38.773237, 9.081739 ], [ 38.7793328, 9.0738042 ], [ 38.7834871, 9.0688441 ], [ 38.7897618, 9.063717 ], [ 38.7912697, 9.0594429 ], [ 38.792129, 9.0494167 ], [ 38.7918929, 9.0415089 ], [ 38.7898711, 9.0353037 ], [ 38.7931487, 9.0296036 ], [ 38.7940713, 9.0283586 ], [ 38.7935669, 9.0258737 ], [ 38.7874637, 9.0209639 ], [ 38.7860842, 9.0182336 ], [ 38.7809817, 9.0108855 ], [ 38.7800478, 9.0038396 ], [ 38.7749536, 8.9996857 ], [ 38.7722875, 8.9955489 ], [ 38.7715057, 8.9948681 ], [ 38.7662967, 8.9928308 ], [ 38.7583244, 8.9886067 ], [ 38.7507597, 8.986419 ], [ 38.74802, 8.9855194 ], [ 38.7393057, 8.9838339 ], [ 38.7323776, 8.9839147 ], [ 38.7279178, 8.984615 ], [ 38.7196875, 8.984451 ], [ 38.7136137, 8.9922004 ], [ 38.7127258, 8.993548 ], [ 38.7058251, 9.000507 ], [ 38.705243, 9.0009255 ], [ 38.7045805, 9.0013984 ], [ 38.7011138, 9.0035398 ], [ 38.6948934, 9.0108593 ], [ 38.6927986, 9.0168105 ], [ 38.6925786, 9.0196736 ], [ 38.6860719, 9.0261078 ], [ 38.6836972, 9.0298809 ], [ 38.6813539, 9.0340427 ], [ 38.6821318, 9.036787 ], [ 38.68424, 9.0404041 ], [ 38.6848475, 9.0474911 ], [ 38.6848619, 9.0553593 ], [ 38.6847206, 9.0589202 ], [ 38.6847507, 9.0616361 ], [ 38.6847578, 9.0622835 ], [ 38.6848146, 9.0633976 ], [ 38.6894713, 9.0712277 ] ] ] } },
{ "type": "Feature", "properties": { "threshold_s": 300, "time_label": "5 min drive" }, "geometry": { "type": "Polygon", "coordinates": [ [ [ 38.8486406, 9.0681064 ], [ 38.848745, 9.0688438 ], [ 38.8502835, 9.0694646 ], [ 38.855002, 9.0691076 ], [ 38.8586265, 9.0719033 ], [ 38.8592863, 9.0725469 ], [ 38.8613194, 9.0743877 ], [ 38.8629375, 9.0771013 ], [ 38.863089, 9.0812146 ], [ 38.8646721, 9.0839346 ], [ 38.8651429, 9.0847054 ], [ 38.8705891, 9.0805352 ], [ 38.8708292, 9.0805219 ], [ 38.8754292, 9.0759994 ], [ 38.8766274, 9.0742054 ], [ 38.8784769, 9.0711545 ], [ 38.8811155, 9.0658656 ], [ 38.8808204, 9.0636752 ], [ 38.8799031, 9.0594782 ], [ 38.879104, 9.0568719 ], [ 38.8787784, 9.0563756 ], [ 38.8747747, 9.0557528 ], [ 38.8715816, 9.0526484 ], [ 38.8701425, 9.0515796 ], [ 38.8675497, 9.0538491 ], [ 38.8671533, 9.0542257 ], [ 38.8656928, 9.055427 ], [ 38.8651899, 9.0566388 ], [ 38.8636623, 9.0593273 ], [ 38.8590181, 9.0612714 ], [ 38.8554799, 9.056709 ], [ 38.8553461, 9.0552137 ], [ 38.8534179, 9.0538227 ], [ 38.8530137, 9.0538491 ], [ 38.849227, 9.0571073 ], [ 38.8492703, 9.057436 ], [ 38.8495807, 9.0591193 ], [ 38.8534793, 9.0604848 ], [ 38.8501574, 9.0659862 ], [ 38.8498771, 9.0660408 ], [ 38.8486406, 9.0681064 ] ] ] } },
{ "type": "Feature", "properties": { "threshold_s": 600, "time_label": "10 min drive" }, "geometry": { "type": "Polygon", "coordinates": [ [ [ 38.8450371, 9.0690732 ], [ 38.8366391, 9.0821031 ], [ 38.8438261, 9.0795684 ], [ 38.8502835, 9.0694646 ], [ 38.855002, 9.0691076 ], [ 38.8586265, 9.0719033 ], [ 38.8592863, 9.0725469 ], [ 38.8613194, 9.0743877 ], [ 38.863089, 9.0812146 ], [ 38.8601499, 9.0875904 ], [ 38.8662304, 9.0863132 ], [ 38.8690026, 9.0852907 ], [ 38.8735825, 9.0824846 ], [ 38.8754292, 9.0759994 ], [ 38.8799601, 9.0752062 ], [ 38.8812073, 9.0748555 ], [ 38.8819552, 9.0746985 ], [ 38.8825057, 9.0739698 ], [ 38.882759, 9.0736045 ], [ 38.8837609, 9.0705344 ], [ 38.8847653, 9.0665697 ], [ 38.8851718, 9.0638571 ], [ 38.8852997, 9.0623257 ], [ 38.885408, 9.0601564 ], [ 38.885576, 9.0574365 ], [ 38.8855746, 9.0542708 ], [ 38.8858157, 9.0510063 ], [ 38.8880243, 9.0435259 ], [ 38.8878662, 9.0428053 ], [ 38.8875749, 9.0418746 ], [ 38.8855733, 9.0400703 ], [ 38.8830292, 9.0398019 ], [ 38.8769541, 9.0340369 ], [ 38.8757752, 9.0348967 ], [ 38.8681483, 9.0364148 ], [ 38.8620956, 9.0352 ], [ 38.8589188, 9.0346944 ], [ 38.8562453, 9.0365702 ], [ 38.8498252, 9.0374228 ], [ 38.8427961, 9.0383697 ], [ 38.8375416, 9.0409431 ], [ 38.8371376, 9.0411581 ], [ 38.8363105, 9.0489056 ], [ 38.8348553, 9.0502223 ], [ 38.8346241, 9.0505553 ], [ 38.8340272, 9.0513993 ], [ 38.8341376, 9.0540813 ], [ 38.8358338, 9.0575279 ], [ 38.8371769, 9.0588359 ], [ 38.843521, 9.0630858 ], [ 38.8446374, 9.0675065 ], [ 38.8450371, 9.0690732 ] ] ] } },
{ "type": "Feature", "properties": { "threshold_s": 900, "time_label": "15 min drive" }, "geometry": { "type": "Polygon", "coordinates": [ [ [ 38.8141796, 9.0561964 ], [ 38.8128251, 9.0622686 ], [ 38.8133441, 9.0627018 ], [ 38.821016, 9.0692213 ], [ 38.8250561, 9.0709038 ], [ 38.8251595, 9.0708333 ], [ 38.8304083, 9.062813 ], [ 38.8371769, 9.0588359 ], [ 38.843521, 9.0630858 ], [ 38.8446374, 9.0675065 ], [ 38.8448721, 9.0682839 ], [ 38.8450371, 9.0690732 ], [ 38.8366391, 9.0821031 ], [ 38.8438261, 9.0795684 ], [ 38.8502835, 9.0694646 ], [ 38.8586265, 9.0719033 ], [ 38.8592863, 9.0725469 ], [ 38.863089, 9.0812146 ], [ 38.8601499, 9.0875904 ], [ 38.8662304, 9.0863132 ], [ 38.87628, 9.0841529 ], [ 38.8767783, 9.0840009 ], [ 38.8778022, 9.0836743 ], [ 38.8791772, 9.0796541 ], [ 38.8825057, 9.0739698 ], [ 38.882759, 9.0736045 ], [ 38.8837609, 9.0705344 ], [ 38.8847653, 9.0665697 ], [ 38.8851718, 9.0638571 ], [ 38.8852997, 9.0623257 ], [ 38.885408, 9.0601564 ], [ 38.885576, 9.0574365 ], [ 38.8855746, 9.0542708 ], [ 38.8858157, 9.0510063 ], [ 38.8891501, 9.0421339 ], [ 38.8924666, 9.0374161 ], [ 38.8930339, 9.0330507 ], [ 38.8949619, 9.0234167 ], [ 38.891587, 9.0222701 ], [ 38.8837811, 9.0177558 ], [ 38.8788363, 9.0133903 ], [ 38.8706364, 9.0135504 ], [ 38.8696819, 9.014903 ], [ 38.8687756, 9.0163177 ], [ 38.8605648, 9.0207047 ], [ 38.8539791, 9.0176302 ], [ 38.8520756, 9.0152653 ], [ 38.8506674, 9.0167909 ], [ 38.8418171, 9.0213402 ], [ 38.8337666, 9.0238721 ], [ 38.8286578, 9.0264556 ], [ 38.8206955, 9.0302398 ], [ 38.8190848, 9.0331756 ], [ 38.8191119, 9.0357024 ], [ 38.8194064, 9.0367181 ], [ 38.8200247, 9.0389169 ], [ 38.8208419, 9.04257 ], [ 38.817692, 9.0514193 ], [ 38.8158989, 9.0525279 ], [ 38.8141796, 9.0561964 ] ] ] } },
{ "type": "Feature", "properties": { "threshold_s": 300, "time_label": "5 min drive" }, "geometry": { "type": "Polygon", "coordinates": [ [ [ 38.8507462, 9.0675621 ], [ 38.8502835, 9.0694646 ], [ 38.855002, 9.0691076 ], [ 38.8586265, 9.0719033 ], [ 38.8592863, 9.0725469 ], [ 38.8613194, 9.0743877 ], [ 38.863089, 9.0812146 ], [ 38.8629375, 9.0771013 ], [ 38.8674778, 9.0751387 ], [ 38.8684273, 9.0755187 ], [ 38.870738, 9.0802068 ], [ 38.8705891, 9.0805352 ], [ 38.8708292, 9.0805219 ], [ 38.8729669, 9.0765583 ], [ 38.8746352, 9.0764206 ], [ 38.8754292, 9.0759994 ], [ 38.8766274, 9.0742054 ], [ 38.8784769, 9.0711545 ], [ 38.879289, 9.0678581 ], [ 38.8811155, 9.0658656 ], [ 38.8808204, 9.0636752 ], [ 38.8799251, 9.0593359 ], [ 38.879104, 9.0568719 ], [ 38.8776465, 9.0534334 ], [ 38.8724546, 9.0544403 ], [ 38.8715816, 9.0526484 ], [ 38.8702163, 9.0497678 ], [ 38.8694711, 9.0482548 ], [ 38.8673235, 9.0502565 ], [ 38.8662091, 9.0530629 ], [ 38.863311, 9.0560812 ], [ 38.8608728, 9.0584558 ], [ 38.8590181, 9.0612714 ], [ 38.8553005, 9.0583366 ], [ 38.8554799, 9.056709 ], [ 38.8553461, 9.0552137 ], [ 38.8546059, 9.0551846 ], [ 38.8531931, 9.0552214 ], [ 38.85267, 9.0580173 ], [ 38.8528946, 9.0591061 ], [ 38.8534793, 9.0604848 ], [ 38.8549948, 9.0655465 ], [ 38.8507462, 9.0675621 ] ] ] } },
{ "type": "Feature", "properties": { "threshold_s": 600, "time_label": "10 min drive" }, "geometry": { "type": "Polygon", "coordinates": [ [ [ 38.8450371, 9.0690732 ], [ 38.8438261, 9.0795684 ], [ 38.8502835, 9.0694646 ], [ 38.855002, 9.0691076 ], [ 38.8586265, 9.0719033 ], [ 38.8592863, 9.0725469 ], [ 38.8613194, 9.0743877 ], [ 38.863089, 9.0812146 ], [ 38.8601499, 9.0875904 ], [ 38.8662304, 9.0863132 ], [ 38.8690026, 9.0852907 ], [ 38.8735825, 9.0824846 ], [ 38.8793607, 9.0781469 ], [ 38.8803195, 9.0771202 ], [ 38.8825057, 9.0739698 ], [ 38.882759, 9.0736045 ], [ 38.8837609, 9.0705344 ], [ 38.8847653, 9.0665697 ], [ 38.8851718, 9.0638571 ], [ 38.8852997, 9.0623257 ], [ 38.885408, 9.0601564 ], [ 38.885576, 9.0574365 ], [ 38.8855746, 9.0542708 ], [ 38.8858157, 9.0510063 ], [ 38.8875767, 9.0440816 ], [ 38.8879287, 9.0436653 ], [ 38.8891501, 9.0421339 ], [ 38.887875, 9.0387159 ], [ 38.8862076, 9.0374491 ], [ 38.8830869, 9.0366493 ], [ 38.8775822, 9.0327674 ], [ 38.8776201, 9.030072 ], [ 38.8758097, 9.0317569 ], [ 38.8745945, 9.0328456 ], [ 38.8721073, 9.0352308 ], [ 38.8681483, 9.0364148 ], [ 38.8620956, 9.0352 ], [ 38.8619642, 9.0306232 ], [ 38.8567873, 9.0336433 ], [ 38.8534831, 9.0354707 ], [ 38.847456200000011, 9.0388744 ], [ 38.8428857, 9.0396865 ], [ 38.8380991, 9.0419947 ], [ 38.8363105, 9.0489056 ], [ 38.8350749, 9.0507728 ], [ 38.8351438, 9.0518843 ], [ 38.8358338, 9.0575279 ], [ 38.8371769, 9.0588359 ], [ 38.8375631, 9.0587207 ], [ 38.843521, 9.0630858 ], [ 38.8446374, 9.0675065 ], [ 38.8450371, 9.0690732 ] ] ] } },
{ "type": "Feature", "properties": { "threshold_s": 900, "time_label": "15 min drive" }, "geometry": { "type": "Polygon", "coordinates": [ [ [ 38.8138953, 9.0599775 ], [ 38.8139127, 9.0618012 ], [ 38.821016, 9.0692213 ], [ 38.8250561, 9.0709038 ], [ 38.8251595, 9.0708333 ], [ 38.8304083, 9.062813 ], [ 38.8446374, 9.0675065 ], [ 38.8448721, 9.0682839 ], [ 38.8450371, 9.0690732 ], [ 38.8366391, 9.0821031 ], [ 38.8438261, 9.0795684 ], [ 38.8502835, 9.0694646 ], [ 38.8586265, 9.0719033 ], [ 38.8592863, 9.0725469 ], [ 38.863089, 9.0812146 ], [ 38.8601499, 9.0875904 ], [ 38.8662304, 9.0863132 ], [ 38.87628, 9.0841529 ], [ 38.8767783, 9.0840009 ], [ 38.8778022, 9.0836743 ], [ 38.882759, 9.0736045 ], [ 38.8837609, 9.0705344 ], [ 38.8847653, 9.0665697 ], [ 38.8851718, 9.0638571 ], [ 38.8852997, 9.0623257 ], [ 38.885408, 9.0601564 ], [ 38.885576, 9.0574365 ], [ 38.8855746, 9.0542708 ], [ 38.8891501, 9.0421339 ], [ 38.8924666, 9.0374161 ], [ 38.8930339, 9.0330507 ], [ 38.8965147, 9.0225137 ], [ 38.8964322, 9.0214031 ], [ 38.8838621, 9.0143887 ], [ 38.8828589, 9.0133486 ], [ 38.880697, 9.0114949 ], [ 38.8780309, 9.0105392 ], [ 38.870214, 9.0110504 ], [ 38.8693536, 9.0121893 ], [ 38.8673705, 9.0148427 ], [ 38.8539072, 9.0156898 ], [ 38.8523113, 9.0137905 ], [ 38.8514788, 9.0138594 ], [ 38.8418188, 9.021542 ], [ 38.8330964, 9.0255846 ], [ 38.8296948, 9.0269744 ], [ 38.8212486, 9.0313766 ], [ 38.8201972, 9.0337224 ], [ 38.8204633, 9.0360594 ], [ 38.8219523, 9.0416914 ], [ 38.8158989, 9.0525279 ], [ 38.8141796, 9.0561964 ], [ 38.8138953, 9.0599775 ] ] ] } },
{ "type": "Feature", "properties": { "threshold_s": 300, "time_label": "5 min drive" }, "geometry": { "type": "Polygon", "coordinates": [ [ [ 38.8549948, 9.0655465 ], [ 38.855002, 9.0691076 ], [ 38.8592863, 9.0725469 ], [ 38.8629375, 9.0771013 ], [ 38.8684273, 9.0755187 ], [ 38.8705891, 9.0805352 ], [ 38.8735825, 9.0824846 ], [ 38.8729669, 9.0765583 ], [ 38.8746352, 9.0764206 ], [ 38.8754292, 9.0759994 ], [ 38.8766274, 9.0742054 ], [ 38.8784769, 9.0711545 ], [ 38.8811155, 9.0658656 ], [ 38.8808204, 9.0636752 ], [ 38.8799031, 9.0594782 ], [ 38.879104, 9.0568719 ], [ 38.8776465, 9.0534334 ], [ 38.8715816, 9.0526484 ], [ 38.8702163, 9.0497678 ], [ 38.8683066, 9.0500631 ], [ 38.8662091, 9.0530629 ], [ 38.863311, 9.0560812 ], [ 38.8628199, 9.0570391 ], [ 38.8590181, 9.0612714 ], [ 38.8549948, 9.0655465 ] ] ] } },
{ "type": "Feature", "properties": { "threshold_s": 600, "time_label": "10 min drive" }, "geometry": { "type": "Polygon", "coordinates": [ [ [ 38.8450371, 9.0690732 ], [ 38.8438261, 9.0795684 ], [ 38.8502835, 9.0694646 ], [ 38.855002, 9.0691076 ], [ 38.8586265, 9.0719033 ], [ 38.8592863, 9.0725469 ], [ 38.8613194, 9.0743877 ], [ 38.863089, 9.0812146 ], [ 38.8601499, 9.0875904 ], [ 38.8662304, 9.0863132 ], [ 38.8690026, 9.0852907 ], [ 38.8735825, 9.0824846 ], [ 38.8746352, 9.0764206 ], [ 38.8796444, 9.0774785 ], [ 38.8803195, 9.0771202 ], [ 38.8825057, 9.0739698 ], [ 38.882759, 9.0736045 ], [ 38.8837609, 9.0705344 ], [ 38.8847653, 9.0665697 ], [ 38.8851718, 9.0638571 ], [ 38.8852997, 9.0623257 ], [ 38.885408, 9.0601564 ], [ 38.885576, 9.0574365 ], [ 38.8855746, 9.0542708 ], [ 38.8858157, 9.0510063 ], [ 38.8875767, 9.0440816 ], [ 38.8879287, 9.0436653 ], [ 38.8891501, 9.0421339 ], [ 38.8875556, 9.0391062 ], [ 38.887244, 9.0388011 ], [ 38.8820583, 9.0369797 ], [ 38.8775822, 9.0327674 ], [ 38.8769763, 9.0313121 ], [ 38.8745877, 9.0334639 ], [ 38.8681483, 9.0364148 ], [ 38.8620956, 9.0352 ], [ 38.8619642, 9.0306232 ], [ 38.859686, 9.0336626 ], [ 38.8554869, 9.0347844 ], [ 38.8535656, 9.0358154 ], [ 38.8535008, 9.0388033 ], [ 38.8481989, 9.0440346 ], [ 38.8471529, 9.0440157 ], [ 38.8470597, 9.0440167 ], [ 38.8456712, 9.0440413 ], [ 38.8443399, 9.0439901 ], [ 38.8434171, 9.0446446 ], [ 38.8418884, 9.0457304 ], [ 38.8416354, 9.0478105 ], [ 38.8385418, 9.0535897 ], [ 38.8387459, 9.0564348 ], [ 38.8397427, 9.0570634 ], [ 38.843521, 9.0630858 ], [ 38.8446374, 9.0675065 ], [ 38.8450371, 9.0690732 ] ] ] } },
{ "type": "Feature", "properties": { "threshold_s": 900, "time_label": "15 min drive" }, "geometry": { "type": "Polygon", "coordinates": [ [ [ 38.8184432, 9.060704 ], [ 38.8250561, 9.0709038 ], [ 38.8251595, 9.0708333 ], [ 38.8304083, 9.062813 ], [ 38.8446374, 9.0675065 ], [ 38.8448721, 9.0682839 ], [ 38.8450371, 9.0690732 ], [ 38.8366391, 9.0821031 ], [ 38.8438261, 9.0795684 ], [ 38.8502835, 9.0694646 ], [ 38.8586265, 9.0719033 ], [ 38.8592863, 9.0725469 ], [ 38.863089, 9.0812146 ], [ 38.8601499, 9.0875904 ], [ 38.8662304, 9.0863132 ], [ 38.87628, 9.0841529 ], [ 38.8767783, 9.0840009 ], [ 38.8778022, 9.0836743 ], [ 38.882759, 9.0736045 ], [ 38.8837609, 9.0705344 ], [ 38.8847653, 9.0665697 ], [ 38.8851718, 9.0638571 ], [ 38.8852997, 9.0623257 ], [ 38.885408, 9.0601564 ], [ 38.885576, 9.0574365 ], [ 38.8855746, 9.0542708 ], [ 38.8891501, 9.0421339 ], [ 38.8924666, 9.0374161 ], [ 38.8930339, 9.0330507 ], [ 38.8965147, 9.0225137 ], [ 38.8907245, 9.020097 ], [ 38.8829566, 9.0143605 ], [ 38.880464, 9.0120684 ], [ 38.8782871, 9.0115452 ], [ 38.870214, 9.0110504 ], [ 38.8693536, 9.0121893 ], [ 38.8669574, 9.0153023 ], [ 38.8534184, 9.0160125 ], [ 38.8526754, 9.0154835 ], [ 38.8520756, 9.0152653 ], [ 38.8515265, 9.0152912 ], [ 38.8506289, 9.0156328 ], [ 38.8429166, 9.0215052 ], [ 38.8328062, 9.0282913 ], [ 38.8266396, 9.0334271 ], [ 38.8257238, 9.0344096 ], [ 38.8256982, 9.0380039 ], [ 38.8263651, 9.0417566 ], [ 38.8267191, 9.0428673 ], [ 38.820574, 9.0556468 ], [ 38.8184432, 9.060704 ] ] ] } },
{ "type": "Feature", "properties": { "threshold_s": 300, "time_label": "5 min drive" }, "geometry": { "type": "Polygon", "coordinates": [ [ [ 38.6971806, 9.0670385 ], [ 38.6973106, 9.0674507 ], [ 38.6992261, 9.0679087 ], [ 38.7001384, 9.0673675 ], [ 38.7043412, 9.0666829 ], [ 38.7047361, 9.0671463 ], [ 38.7066767, 9.0720331 ], [ 38.7051867, 9.0669423 ], [ 38.7064393, 9.0656273 ], [ 38.707658, 9.0628554 ], [ 38.7110449, 9.061498 ], [ 38.7147419, 9.0627772 ], [ 38.7154944, 9.0661054 ], [ 38.7157479, 9.0667755 ], [ 38.716975, 9.0684375 ], [ 38.7172258, 9.0686296 ], [ 38.7175758, 9.0688659 ], [ 38.717952, 9.0690613 ], [ 38.7194854, 9.0697505 ], [ 38.7217079, 9.0706514 ], [ 38.7215298, 9.0693004 ], [ 38.7228345, 9.0656373 ], [ 38.7231835, 9.0622209 ], [ 38.7234125, 9.0591599 ], [ 38.7258937, 9.0573798 ], [ 38.7264156, 9.0546481 ], [ 38.7270752, 9.0526732 ], [ 38.7276328, 9.0505656 ], [ 38.7273196, 9.047603 ], [ 38.7243063, 9.0464057 ], [ 38.7231582, 9.0459276 ], [ 38.7214261, 9.0451098 ], [ 38.7183845, 9.0434854 ], [ 38.7164251, 9.0425477 ], [ 38.7144158, 9.0399663 ], [ 38.7120818, 9.0391693 ], [ 38.7108962, 9.0388085 ], [ 38.708288, 9.0402862 ], [ 38.7074927, 9.0409749 ], [ 38.707476, 9.0414133 ], [ 38.7051773, 9.0446456 ], [ 38.70414, 9.0449443 ], [ 38.7034835, 9.0452111 ], [ 38.700185, 9.045623 ], [ 38.6993747, 9.0457293 ], [ 38.6991946, 9.0472064 ], [ 38.6992115, 9.0476529 ], [ 38.6988941, 9.0519161 ], [ 38.6984248, 9.0525551 ], [ 38.6984234, 9.0526575 ], [ 38.6978128, 9.0557983 ], [ 38.6941836, 9.0584795 ], [ 38.6947565, 9.0592695 ], [ 38.6955364, 9.0602289 ], [ 38.6959863, 9.0603192 ], [ 38.6986036, 9.0638013 ], [ 38.6972442, 9.0656717 ], [ 38.6971806, 9.0670385 ] ] ] } },
{ "type": "Feature", "properties": { "threshold_s": 600, "time_label": "10 min drive" }, "geometry": { "type": "Polygon", "coordinates": [ [ [ 38.6847362, 9.0650724 ], [ 38.6848046, 9.0744871 ], [ 38.689663, 9.0762027 ], [ 38.6938391, 9.0730859 ], [ 38.6945052, 9.0723955 ], [ 38.6946523, 9.0720662 ], [ 38.6947811, 9.0717378 ], [ 38.698357799999989, 9.0683166 ], [ 38.7040883, 9.075675 ], [ 38.7066767, 9.0720331 ], [ 38.7160362, 9.0719192 ], [ 38.7182799, 9.0763662 ], [ 38.7190591, 9.077488 ], [ 38.7212082, 9.0809212 ], [ 38.7107912, 9.0885365 ], [ 38.7222228, 9.0847868 ], [ 38.7255473, 9.0871632 ], [ 38.7265894, 9.0880836 ], [ 38.7278259, 9.0858894 ], [ 38.7287586, 9.0812933 ], [ 38.7338488, 9.072825 ], [ 38.7348948, 9.0733919 ], [ 38.737907, 9.0725205 ], [ 38.7379958, 9.0724911 ], [ 38.7437095, 9.0660941 ], [ 38.7446627, 9.0641656 ], [ 38.7446514, 9.063695 ], [ 38.7471546, 9.0544738 ], [ 38.7472599, 9.0540753 ], [ 38.74722, 9.0537879 ], [ 38.7467382, 9.0527658 ], [ 38.7450725, 9.0474792 ], [ 38.7457524, 9.0428735 ], [ 38.7461735, 9.0398107 ], [ 38.7460012, 9.0372261 ], [ 38.7458101, 9.0363486 ], [ 38.7451851, 9.035801 ], [ 38.7365902, 9.0311661 ], [ 38.7325665, 9.0271077 ], [ 38.7314154, 9.0262225 ], [ 38.7311076, 9.0261676 ], [ 38.7304775, 9.0260877 ], [ 38.729855, 9.0259925 ], [ 38.7242076, 9.0244733 ], [ 38.7206503, 9.0215885 ], [ 38.7178761, 9.0167999 ], [ 38.7093361, 9.019713 ], [ 38.7074089, 9.0204773 ], [ 38.7022642, 9.0226803 ], [ 38.7005485, 9.0237859 ], [ 38.6973673, 9.0297498 ], [ 38.6893599, 9.0321662 ], [ 38.6886236, 9.0334932 ], [ 38.6883502, 9.0341476 ], [ 38.6873084, 9.0366824 ], [ 38.6834715, 9.0450793 ], [ 38.6828291, 9.0468143 ], [ 38.6846724, 9.0563468 ], [ 38.6847206, 9.0589202 ], [ 38.6847507, 9.0616361 ], [ 38.6847578, 9.0622835 ], [ 38.6847362, 9.0650724 ] ] ] } },
{ "type": "Feature", "properties": { "threshold_s": 900, "time_label": "15 min drive" }, "geometry": { "type": "Polygon", "coordinates": [ [ [ 38.6847681, 9.0654203 ], [ 38.6848046, 9.0744871 ], [ 38.689663, 9.0762027 ], [ 38.6938391, 9.0730859 ], [ 38.7040883, 9.075675 ], [ 38.7066767, 9.0720331 ], [ 38.7160362, 9.0719192 ], [ 38.7182799, 9.0763662 ], [ 38.7190591, 9.077488 ], [ 38.7212082, 9.0809212 ], [ 38.7222228, 9.0847868 ], [ 38.7107912, 9.0885365 ], [ 38.7188042, 9.0925749 ], [ 38.7265894, 9.0880836 ], [ 38.7380585, 9.0909943 ], [ 38.7482871, 9.0888993 ], [ 38.7485714, 9.0882718 ], [ 38.7482093, 9.0878108 ], [ 38.7478956, 9.0789074 ], [ 38.7567401, 9.0780534 ], [ 38.7569319, 9.0781488 ], [ 38.7602142, 9.07337 ], [ 38.7632525, 9.0681766 ], [ 38.763821299999989, 9.0668916 ], [ 38.766419, 9.0551086 ], [ 38.7665943, 9.0541103 ], [ 38.7656056, 9.0433262 ], [ 38.7659951, 9.0418875 ], [ 38.7636485, 9.0328556 ], [ 38.7632123, 9.029721 ], [ 38.7568448, 9.0227596 ], [ 38.7527691, 9.0190137 ], [ 38.7472907, 9.0144237 ], [ 38.7472262, 9.0143697 ], [ 38.7446729, 9.0128419 ], [ 38.7356838, 9.007897 ], [ 38.7334196, 9.0054821 ], [ 38.7320946, 9.0042953 ], [ 38.7218685, 8.9986844 ], [ 38.7183565, 8.9965589 ], [ 38.7153688, 8.9986478 ], [ 38.7145545, 8.999617 ], [ 38.708577, 9.0058768 ], [ 38.6965312, 9.0084514 ], [ 38.6959453, 9.0073055 ], [ 38.6955321, 9.0070008 ], [ 38.6937202, 9.0072663 ], [ 38.6930086, 9.0075882 ], [ 38.6915275, 9.0084524 ], [ 38.6912808, 9.0089167 ], [ 38.6816436, 9.0159023 ], [ 38.6812723, 9.0162085 ], [ 38.6798773, 9.0175669 ], [ 38.6764831, 9.0211965 ], [ 38.6722505, 9.0262415 ], [ 38.6714859, 9.0304482 ], [ 38.6722357, 9.035704 ], [ 38.6746724, 9.0409686 ], [ 38.6794643, 9.0446396 ], [ 38.6806176, 9.0455197 ], [ 38.6846724, 9.0563468 ], [ 38.6847206, 9.0589202 ], [ 38.684761, 9.0605151 ], [ 38.6847507, 9.0616361 ], [ 38.6847578, 9.0622835 ], [ 38.6847362, 9.0650724 ], [ 38.6847681, 9.0654203 ] ] ] } },
{ "type": "Feature", "properties": { "threshold_s": 300, "time_label": "5 min drive" }, "geometry": { "type": "Polygon", "coordinates": [ [ [ 38.7134582, 8.9786635 ], [ 38.713064, 8.9823117 ], [ 38.7145468, 8.9826951 ], [ 38.7158087, 8.9826106 ], [ 38.719303, 8.9836928 ], [ 38.7209886, 8.98606 ], [ 38.725589, 8.9866537 ], [ 38.7297515, 8.9889252 ], [ 38.7314172, 8.9897831 ], [ 38.7327901, 8.9904009 ], [ 38.7382583, 8.9913632 ], [ 38.7385318, 8.9913353 ], [ 38.7419808, 8.9878138 ], [ 38.7425083, 8.9870049 ], [ 38.746394, 8.983574 ], [ 38.7468322, 8.9817306 ], [ 38.7467168, 8.9763062 ], [ 38.7466576, 8.9749068 ], [ 38.7463023, 8.9720437 ], [ 38.746347, 8.9681793 ], [ 38.7459358, 8.9671273 ], [ 38.7442893, 8.9666697 ], [ 38.7428784, 8.9669177 ], [ 38.7394558, 8.9686222 ], [ 38.7372129, 8.9662997 ], [ 38.7355458, 8.9629714 ], [ 38.7352396, 8.9611247 ], [ 38.7348681, 8.9596248 ], [ 38.7335671, 8.9563225 ], [ 38.733087, 8.9556029 ], [ 38.732454, 8.9546242 ], [ 38.7295661, 8.9555907 ], [ 38.7287051, 8.9561824 ], [ 38.7280303, 8.9568112 ], [ 38.7276953, 8.9572044 ], [ 38.7274187, 8.957536 ], [ 38.7270681, 8.958262 ], [ 38.7263131, 8.9595443 ], [ 38.7258068, 8.9602608 ], [ 38.7210427, 8.9626374 ], [ 38.716926, 8.9620024 ], [ 38.7168183, 8.9621724 ], [ 38.7156802, 8.9658749 ], [ 38.7153228, 8.96718 ], [ 38.7137725, 8.9724536 ], [ 38.7138949, 8.9775342 ], [ 38.7134582, 8.9786635 ] ] ] } },
{ "type": "Feature", "properties": { "threshold_s": 600, "time_label": "10 min drive" }, "geometry": { "type": "Polygon", "coordinates": [ [ [ 38.6999704, 8.9919056 ], [ 38.7030289, 8.9963509 ], [ 38.7086257, 8.9983915 ], [ 38.7104382, 8.9973229 ], [ 38.7188513, 8.9979545 ], [ 38.7189357, 9.0001877 ], [ 38.7189773, 9.0029713 ], [ 38.7193601, 9.0036258 ], [ 38.7199702, 9.0042617 ], [ 38.7236724, 8.9987142 ], [ 38.7268985, 8.9991841 ], [ 38.7292146, 9.0052443 ], [ 38.730935700000011, 9.0078495 ], [ 38.7313527, 9.0086805 ], [ 38.7341748, 9.0107132 ], [ 38.7387193, 9.0103826 ], [ 38.7446729, 9.0128419 ], [ 38.7461139, 9.011589 ], [ 38.7522179, 9.0063245 ], [ 38.7528737, 9.0057964 ], [ 38.7547041, 9.0038506 ], [ 38.7579405, 8.9998255 ], [ 38.7595939, 8.9955921 ], [ 38.7596548, 8.9944049 ], [ 38.7643374, 8.9873668 ], [ 38.7656733, 8.9835178 ], [ 38.7653653, 8.981421 ], [ 38.7643249, 8.9775938 ], [ 38.7630964, 8.9742431 ], [ 38.7627127, 8.9666965 ], [ 38.7628423, 8.9658809 ], [ 38.7632151, 8.9633794 ], [ 38.7594913, 8.9568529 ], [ 38.7584882, 8.955665 ], [ 38.7581701, 8.9553346 ], [ 38.7576358, 8.9551189 ], [ 38.7517645, 8.9508566 ], [ 38.7492489, 8.9465652 ], [ 38.7483745, 8.9452539 ], [ 38.7445819, 8.9396004 ], [ 38.7435845, 8.9365006 ], [ 38.7429546, 8.9366308 ], [ 38.7414449, 8.9368228 ], [ 38.7386329, 8.9369419 ], [ 38.7339035, 8.9321621 ], [ 38.7315971, 8.9351272 ], [ 38.725256, 8.9395488 ], [ 38.7221355, 8.9391428 ], [ 38.7204413, 8.9384991 ], [ 38.7198597, 8.9404636 ], [ 38.7193705, 8.9416649 ], [ 38.7169259, 8.9451545 ], [ 38.7111602, 8.9483774 ], [ 38.7097463, 8.9487392 ], [ 38.7059816, 8.9499556 ], [ 38.7021625, 8.9520316 ], [ 38.6966556, 8.9539567 ], [ 38.696354, 8.9543427 ], [ 38.6958963, 8.9561112 ], [ 38.6963254, 8.9577881 ], [ 38.6984839, 8.9604146 ], [ 38.697699299999989, 8.9679907 ], [ 38.6973242, 8.9690841 ], [ 38.69741, 8.9697137 ], [ 38.6981336, 8.9755533 ], [ 38.69472, 8.9823438 ], [ 38.6961552, 8.9838323 ], [ 38.699714299999989, 8.9896283 ], [ 38.6999704, 8.9919056 ] ] ] } },
{ "type": "Feature", "properties": { "threshold_s": 900, "time_label": "15 min drive" }, "geometry": { "type": "Polygon", "coordinates": [ [ [ 38.6767622, 8.9888244 ], [ 38.6791743, 8.9995971 ], [ 38.6841262, 9.0028697 ], [ 38.6880788, 9.0078643 ], [ 38.6913838, 9.0103826 ], [ 38.6988273, 9.0143871 ], [ 38.7090999, 9.0175531 ], [ 38.7152166, 9.0245608 ], [ 38.7225452, 9.0246276 ], [ 38.7292416, 9.0281443 ], [ 38.7324699, 9.0315075 ], [ 38.7370889, 9.0322481 ], [ 38.7474608, 9.0322284 ], [ 38.7531912, 9.0297342 ], [ 38.7581126, 9.0269965 ], [ 38.7616201, 9.0233396 ], [ 38.7659352, 9.0168131 ], [ 38.772598, 9.0100844 ], [ 38.7747095, 9.005959 ], [ 38.7752118, 9.0003829 ], [ 38.7785183, 8.9945482 ], [ 38.7816924, 8.991925 ], [ 38.7825916, 8.9905884 ], [ 38.784115, 8.9851798 ], [ 38.7842988, 8.9845215 ], [ 38.7777914, 8.9763594 ], [ 38.7755072, 8.9716351 ], [ 38.7737249, 8.9605879 ], [ 38.7746049, 8.9599046 ], [ 38.775242, 8.9583361 ], [ 38.7755169, 8.9575612 ], [ 38.775297, 8.9507956 ], [ 38.7750193, 8.948154 ], [ 38.7743488, 8.9473406 ], [ 38.7707335, 8.9430338 ], [ 38.7697956, 8.9428309 ], [ 38.7627469, 8.9373496 ], [ 38.7624076, 8.9324762 ], [ 38.7612942, 8.9293142 ], [ 38.7605815, 8.9284304 ], [ 38.7589171, 8.9271134 ], [ 38.7504724, 8.9206262 ], [ 38.7489381, 8.9191994 ], [ 38.7421556, 8.9151668 ], [ 38.7372511, 8.9104997 ], [ 38.735108, 8.9095624 ], [ 38.7311683, 8.9119728 ], [ 38.7296109, 8.9130906 ], [ 38.7226438, 8.9196104 ], [ 38.7199563, 8.9207989 ], [ 38.7126206, 8.9234769 ], [ 38.7118909, 8.9244636 ], [ 38.7095736, 8.9293885 ], [ 38.7009394, 8.9337282 ], [ 38.6983983, 8.9354585 ], [ 38.6905998, 8.941313 ], [ 38.6884219, 8.9413436 ], [ 38.6834638, 8.942654 ], [ 38.6813521, 8.9433443 ], [ 38.6801187, 8.9442031 ], [ 38.6802028, 8.9447962 ], [ 38.6803134, 8.9557227 ], [ 38.6803973, 8.9570556 ], [ 38.6812171, 8.967792 ], [ 38.6767789, 8.9745065 ], [ 38.6756895, 8.9755916 ], [ 38.6755587, 8.9762032 ], [ 38.6749434, 8.9817092 ], [ 38.6753404, 8.9834524 ], [ 38.6767622, 8.9888244 ] ] ] } },
{ "type": "Feature", "properties": { "threshold_s": 300, "time_label": "5 min drive" }, "geometry": { "type": "Polygon", "coordinates": [ [ [ 38.8085872, 9.048062 ], [ 38.8104406, 9.0510525 ], [ 38.8112559, 9.05134 ], [ 38.8164447, 9.0554654 ], [ 38.8169865, 9.0555607 ], [ 38.8221914, 9.056607 ], [ 38.8240246, 9.0581499 ], [ 38.8247931, 9.058085 ], [ 38.8256702, 9.0579367 ], [ 38.8313162, 9.0563858 ], [ 38.8326533, 9.0575407 ], [ 38.8341376, 9.0540813 ], [ 38.837249, 9.052063 ], [ 38.8384187, 9.0508167 ], [ 38.8415504, 9.0453486 ], [ 38.8440577, 9.0396693 ], [ 38.8446763, 9.0387697 ], [ 38.8436383, 9.0358966 ], [ 38.8432736, 9.035386 ], [ 38.8428443, 9.0349091 ], [ 38.8403907, 9.0286515 ], [ 38.8402567, 9.0286947 ], [ 38.8345031, 9.0287885 ], [ 38.8311929, 9.0267213 ], [ 38.8264761, 9.0258005 ], [ 38.8214323, 9.0264389 ], [ 38.8192466, 9.0238812 ], [ 38.8183831, 9.0224476 ], [ 38.8167652, 9.0230157 ], [ 38.8143496, 9.0279621 ], [ 38.8094542, 9.0313608 ], [ 38.8093754, 9.0315008 ], [ 38.8081541, 9.0338291 ], [ 38.8097365, 9.0345983 ], [ 38.8144658, 9.0377323 ], [ 38.8157836, 9.0387644 ], [ 38.8163683, 9.0394796 ], [ 38.8133065, 9.0453999 ], [ 38.8085872, 9.048062 ] ] ] } },
{ "type": "Feature", "properties": { "threshold_s": 600, "time_label": "10 min drive" }, "geometry": { "type": "Polygon", "coordinates": [ [ [ 38.7965722, 9.0568573 ], [ 38.7985679, 9.0600791 ], [ 38.8069985, 9.0664515 ], [ 38.8180608, 9.064728 ], [ 38.8255781, 9.06194 ], [ 38.8296586, 9.0626196 ], [ 38.8304083, 9.062813 ], [ 38.8371769, 9.0588359 ], [ 38.843521, 9.0630858 ], [ 38.8446374, 9.0675065 ], [ 38.8448721, 9.0682839 ], [ 38.8450371, 9.0690732 ], [ 38.848745, 9.0688438 ], [ 38.8496934, 9.0671529 ], [ 38.8540694, 9.0597286 ], [ 38.8547266, 9.0577738 ], [ 38.8611813, 9.0496817 ], [ 38.8660026, 9.0417855 ], [ 38.8660612, 9.0411061 ], [ 38.8646293, 9.0391431 ], [ 38.8613248, 9.0292706 ], [ 38.8541256, 9.0206948 ], [ 38.8540747, 9.0196323 ], [ 38.8520921, 9.0167165 ], [ 38.8486577, 9.0137314 ], [ 38.8469835, 9.0123618 ], [ 38.8391718, 9.008167 ], [ 38.8363426, 9.0071357 ], [ 38.8290491, 9.0063192 ], [ 38.8268986, 9.0061219 ], [ 38.8256118, 9.0060324 ], [ 38.8194488, 9.0060318 ], [ 38.817747, 9.0087776 ], [ 38.8128841, 9.0134943 ], [ 38.8042417, 9.0123665 ], [ 38.8040681, 9.0123412 ], [ 38.8006163, 9.0142076 ], [ 38.7937514, 9.0173155 ], [ 38.7914708, 9.0190999 ], [ 38.7866034, 9.0262502 ], [ 38.7857026, 9.0282428 ], [ 38.7858469, 9.0305362 ], [ 38.7859405, 9.0306672 ], [ 38.7894697, 9.0358202 ], [ 38.7967241, 9.0428703 ], [ 38.8007203, 9.0474898 ], [ 38.7965722, 9.0568573 ] ] ] } },
{ "type": "Feature", "properties": { "threshold_s": 900, "time_label": "15 min drive" }, "geometry": { "type": "Polygon", "coordinates": [ [ [ 38.7780022, 9.0593561 ], [ 38.7787053, 9.062305 ], [ 38.7841871, 9.0679647 ], [ 38.7912978, 9.0729265 ], [ 38.7930049, 9.0729548 ], [ 38.7936787, 9.0720771 ], [ 38.8028473, 9.0628395 ], [ 38.8069985, 9.0664515 ], [ 38.811484, 9.0642857 ], [ 38.821016, 9.0692213 ], [ 38.8250561, 9.0709038 ], [ 38.8251595, 9.0708333 ], [ 38.8304083, 9.062813 ], [ 38.843521, 9.0630858 ], [ 38.8446374, 9.0675065 ], [ 38.8448721, 9.0682839 ], [ 38.8450371, 9.0690732 ], [ 38.8366391, 9.0821031 ], [ 38.8438261, 9.0795684 ], [ 38.8502835, 9.0694646 ], [ 38.8586265, 9.0719033 ], [ 38.8592863, 9.0725469 ], [ 38.863089, 9.0812146 ], [ 38.8704517, 9.0714178 ], [ 38.8715596, 9.065547 ], [ 38.87711130000001, 9.0571683 ], [ 38.8807183, 9.0493963 ], [ 38.8799176, 9.0466301 ], [ 38.87745, 9.0425809 ], [ 38.8769886, 9.0300841 ], [ 38.8784334, 9.0250432 ], [ 38.8764778, 9.0205652 ], [ 38.8720698, 9.0153645 ], [ 38.8681907, 9.0088177 ], [ 38.8672382, 9.0074751 ], [ 38.8574364, 9.0008895 ], [ 38.8558403, 8.9992759 ], [ 38.8508949, 8.995635 ], [ 38.8425735, 8.9905803 ], [ 38.8388949, 8.988906 ], [ 38.8381179, 8.9886036 ], [ 38.8288374, 8.9876566 ], [ 38.8279811, 8.9877951 ], [ 38.8277116, 8.9878395 ], [ 38.8151393, 8.9891745 ], [ 38.8114187, 8.9892505 ], [ 38.8078304, 8.9931254 ], [ 38.7948242, 8.9923398 ], [ 38.7870403, 8.9997513 ], [ 38.7794724, 9.0056821 ], [ 38.7740014, 9.0088061 ], [ 38.7725128, 9.0102701 ], [ 38.7676275, 9.0197284 ], [ 38.7639705, 9.0296349 ], [ 38.76732, 9.0411742 ], [ 38.7673775, 9.0412689 ], [ 38.773845, 9.0443406 ], [ 38.7801038, 9.0521855 ], [ 38.7789902, 9.0577706 ], [ 38.7780022, 9.0593561 ] ] ] } },
{ "type": "Feature", "properties": { "threshold_s": 300, "time_label": "5 min drive" }, "geometry": { "type": "Polygon", "coordinates": [ [ [ 38.749723, 9.0405922 ], [ 38.7512411, 9.0430711 ], [ 38.754349, 9.0462826 ], [ 38.7551426, 9.0466441 ], [ 38.7562092, 9.047044 ], [ 38.7602034, 9.0500346 ], [ 38.7655346, 9.0485938 ], [ 38.767836, 9.0485087 ], [ 38.7701541, 9.0481491 ], [ 38.7712129, 9.0478766 ], [ 38.7720477, 9.0473428 ], [ 38.7775434, 9.0479069 ], [ 38.7782369, 9.0484276 ], [ 38.7793219, 9.0484354 ], [ 38.7794967, 9.0481238 ], [ 38.780728, 9.0459642 ], [ 38.7837454, 9.0436066 ], [ 38.7842904, 9.0426384 ], [ 38.7853727, 9.0402983 ], [ 38.7851407, 9.0388863 ], [ 38.7860937, 9.0336826 ], [ 38.7866551, 9.0300591 ], [ 38.7836556, 9.0283014 ], [ 38.7797408, 9.0260601 ], [ 38.7791009, 9.0224574 ], [ 38.779167, 9.0218594 ], [ 38.7767787, 9.0194986 ], [ 38.7729915, 9.021206 ], [ 38.7723687, 9.02177 ], [ 38.7717222, 9.0232818 ], [ 38.7673037, 9.0253571 ], [ 38.7624111, 9.0266163 ], [ 38.7616201, 9.0233396 ], [ 38.7638895, 9.0199177 ], [ 38.7638225, 9.0193203 ], [ 38.7638073, 9.0191651 ], [ 38.7631698, 9.0178485 ], [ 38.7585779, 9.0211134 ], [ 38.7582698, 9.020931 ], [ 38.7581095, 9.0208226 ], [ 38.7576048, 9.0205008 ], [ 38.7573476, 9.020515 ], [ 38.7562857, 9.0230635 ], [ 38.7529988, 9.0254039 ], [ 38.7519917, 9.0274854 ], [ 38.7499859, 9.0310799 ], [ 38.7521516, 9.0356663 ], [ 38.7509278, 9.037822 ], [ 38.750328, 9.0389292 ], [ 38.7500511, 9.0394087 ], [ 38.749723, 9.0405922 ] ] ] } },
{ "type": "Feature", "properties": { "threshold_s": 600, "time_label": "10 min drive" }, "geometry": { "type": "Polygon", "coordinates": [ [ [ 38.7336133, 9.0510537 ], [ 38.7373013, 9.059816 ], [ 38.7438136, 9.062487 ], [ 38.7473914, 9.0646102 ], [ 38.7484129, 9.065267 ], [ 38.7515976, 9.067048 ], [ 38.759771, 9.0718874 ], [ 38.7652199, 9.0709458 ], [ 38.7724597, 9.0692875 ], [ 38.7764986, 9.0674535 ], [ 38.7787047, 9.0663067 ], [ 38.7825942, 9.0642185 ], [ 38.789698199999989, 9.0644367 ], [ 38.7921292, 9.0640844 ], [ 38.7928802, 9.063107 ], [ 38.7939517, 9.061192 ], [ 38.7938711, 9.0600459 ], [ 38.7931769, 9.0568746 ], [ 38.792129, 9.0494167 ], [ 38.7967241, 9.0428703 ], [ 38.7975584, 9.0393973 ], [ 38.7997189, 9.0335465 ], [ 38.8048161, 9.0292985 ], [ 38.8055684, 9.0283197 ], [ 38.8051042, 9.0208756 ], [ 38.8045576, 9.0198433 ], [ 38.8024877, 9.0163197 ], [ 38.7959622, 9.0132559 ], [ 38.7920814, 9.0086222 ], [ 38.7894137, 9.0054806 ], [ 38.7799352, 9.0026587 ], [ 38.7798272, 9.0026634 ], [ 38.7734899, 9.0014308 ], [ 38.7699206, 8.9987492 ], [ 38.7667034, 8.9971716 ], [ 38.7650467, 8.9975944 ], [ 38.7556243, 9.0006326 ], [ 38.7466215, 9.0053198 ], [ 38.7432431, 9.0074962 ], [ 38.7407623, 9.0108375 ], [ 38.7379456, 9.0152986 ], [ 38.7330156, 9.0200882 ], [ 38.7303283, 9.0286827 ], [ 38.729176, 9.0338489 ], [ 38.7298632, 9.0421682 ], [ 38.7300685, 9.0433154 ], [ 38.7301347, 9.0436058 ], [ 38.7336133, 9.0510537 ] ] ] } },
{ "type": "Feature", "properties": { "threshold_s": 900, "time_label": "15 min drive" }, "geometry": { "type": "Polygon", "coordinates": [ [ [ 38.7197901, 9.0703112 ], [ 38.7215999, 9.0727251 ], [ 38.7257969, 9.0726548 ], [ 38.7324589, 9.0764417 ], [ 38.7377219, 9.0759888 ], [ 38.7382369, 9.0758127 ], [ 38.7445479, 9.0766414 ], [ 38.7465249, 9.0792228 ], [ 38.753382, 9.0790122 ], [ 38.7569319, 9.0781488 ], [ 38.7613576, 9.0810134 ], [ 38.7612186, 9.0800548 ], [ 38.7684722, 9.0768381 ], [ 38.7700425, 9.0798452 ], [ 38.773237, 9.081739 ], [ 38.7736219, 9.0787401 ], [ 38.7742804, 9.0774085 ], [ 38.775241, 9.0762624 ], [ 38.7769619, 9.0750951 ], [ 38.7836453, 9.0772787 ], [ 38.7845762, 9.0804395 ], [ 38.7856852, 9.0805299 ], [ 38.7896159, 9.0783315 ], [ 38.7946067, 9.076095 ], [ 38.7949508, 9.0759041 ], [ 38.7963992, 9.0704068 ], [ 38.7963618, 9.0678503 ], [ 38.8016832, 9.0618727 ], [ 38.8020828, 9.0621853 ], [ 38.8028473, 9.0628395 ], [ 38.8050477, 9.06282 ], [ 38.8077852, 9.0636738 ], [ 38.8123195, 9.0588545 ], [ 38.8168109, 9.0545661 ], [ 38.8168001, 9.0539503 ], [ 38.8172729, 9.0474726 ], [ 38.8227438, 9.0419221 ], [ 38.8246295, 9.0407322 ], [ 38.827229, 9.0389825 ], [ 38.827063699999989, 9.0375898 ], [ 38.8268197, 9.0368047 ], [ 38.8257238, 9.0344096 ], [ 38.8249783, 9.0331968 ], [ 38.8272819, 9.0259255 ], [ 38.8265759, 9.0200041 ], [ 38.8260162, 9.0169832 ], [ 38.8243533, 9.0146504 ], [ 38.821277, 9.0091683 ], [ 38.8165175, 9.0039267 ], [ 38.8150748, 9.0021567 ], [ 38.8141333, 9.0012666 ], [ 38.8134392, 9.0006296 ], [ 38.8081755, 8.9953317 ], [ 38.8076301, 8.995257 ], [ 38.8055117, 8.9949033 ], [ 38.8040898, 8.9947794 ], [ 38.8026126, 8.9969332 ], [ 38.7956395, 8.9945489 ], [ 38.7962878, 8.9915158 ], [ 38.7960656, 8.9910328 ], [ 38.7942992, 8.9887271 ], [ 38.791375, 8.9871117 ], [ 38.7855757, 8.9849273 ], [ 38.779409, 8.9827553 ], [ 38.7718453, 8.9814706 ], [ 38.7650426, 8.9787808 ], [ 38.7634805, 8.9783721 ], [ 38.759488, 8.9783088 ], [ 38.7521887, 8.9813524 ], [ 38.751215, 8.9809463 ], [ 38.7494497, 8.9805597 ], [ 38.7465178, 8.9822653 ], [ 38.7460128, 8.9829303 ], [ 38.7394246, 8.9858788 ], [ 38.7375167, 8.9854513 ], [ 38.7336409, 8.9878794 ], [ 38.7327638, 8.9902492 ], [ 38.7290869, 8.9955912 ], [ 38.728349, 8.997969 ], [ 38.7292146, 9.0052443 ], [ 38.7285474, 9.0064755 ], [ 38.7284978, 9.0065722 ], [ 38.726517, 9.0109459 ], [ 38.7201735, 9.0095651 ], [ 38.7197471, 9.0087074 ], [ 38.718267, 9.0096932 ], [ 38.7184912, 9.0101752 ], [ 38.7191591, 9.0121974 ], [ 38.7172717, 9.0182925 ], [ 38.7171452, 9.0185363 ], [ 38.716879, 9.0190493 ], [ 38.7160489, 9.0210002 ], [ 38.7156287, 9.0220832 ], [ 38.7153381, 9.0230401 ], [ 38.7152763, 9.0236018 ], [ 38.7152353, 9.0242892 ], [ 38.7152166, 9.0245608 ], [ 38.715158, 9.0253611 ], [ 38.7129217, 9.0328166 ], [ 38.7128796, 9.0329324 ], [ 38.7127033, 9.0335155 ], [ 38.7117524, 9.0390719 ], [ 38.7118722, 9.0397518 ], [ 38.712546, 9.0456296 ], [ 38.7122999, 9.0485977 ], [ 38.7156266, 9.0545588 ], [ 38.7175503, 9.0612463 ], [ 38.7172392, 9.0631189 ], [ 38.7177554, 9.0651823 ], [ 38.7197901, 9.0703112 ] ] ] } },
{ "type": "Feature", "properties": { "threshold_s": 300, "time_label": "5 min drive" }, "geometry": { "type": "Polygon", "coordinates": [ [ [ 38.7187348, 8.9973036 ], [ 38.7189357, 9.0001877 ], [ 38.7190194, 9.0001837 ], [ 38.7191164, 9.0001686 ], [ 38.719909, 8.9998875 ], [ 38.7205095, 8.9996903 ], [ 38.7209133, 8.9995602 ], [ 38.7220337, 8.9992215 ], [ 38.7224929, 8.9990797 ], [ 38.7236724, 8.9987142 ], [ 38.7268985, 8.9991841 ], [ 38.7274674, 8.99912 ], [ 38.7289264, 8.9982376 ], [ 38.7302594, 8.9977804 ], [ 38.732501, 9.001813 ], [ 38.730182, 9.0046135 ], [ 38.7292146, 9.0052443 ], [ 38.7285474, 9.0064755 ], [ 38.7284978, 9.0065722 ], [ 38.7316869, 9.0097061 ], [ 38.7343531, 9.0114249 ], [ 38.7370996, 9.0099922 ], [ 38.7371388, 9.0095967 ], [ 38.7385513, 9.0066997 ], [ 38.7405633, 9.0055545 ], [ 38.742077, 9.0049673 ], [ 38.74219990000001, 9.0049176 ], [ 38.7453268, 9.0025716 ], [ 38.7439897, 9.0024543 ], [ 38.743207, 9.0023614 ], [ 38.7429701, 8.9977686 ], [ 38.7458731, 8.9969173 ], [ 38.7460381, 8.9968696 ], [ 38.7478575, 8.9947548 ], [ 38.7482461, 8.994438 ], [ 38.7482605, 8.9898488 ], [ 38.74802, 8.9855194 ], [ 38.7454584, 8.9850502 ], [ 38.7451722, 8.9850326 ], [ 38.7415929, 8.9840381 ], [ 38.7405449, 8.9819251 ], [ 38.7387747, 8.9814628 ], [ 38.7382422, 8.9817754 ], [ 38.7335055, 8.9820602 ], [ 38.7326364, 8.9814972 ], [ 38.7313543, 8.9810866 ], [ 38.7304223, 8.982037 ], [ 38.7301366, 8.9824338 ], [ 38.7283806, 8.9852181 ], [ 38.7242948, 8.9867257 ], [ 38.7213006, 8.9865915 ], [ 38.7211148, 8.9876878 ], [ 38.719359, 8.9912602 ], [ 38.7184146, 8.9954572 ], [ 38.7187348, 8.9973036 ] ] ] } },
{ "type": "Feature", "properties": { "threshold_s": 600, "time_label": "10 min drive" }, "geometry": { "type": "Polygon", "coordinates": [ [ [ 38.7160489, 9.0210002 ], [ 38.7163532, 9.0214255 ], [ 38.7200865, 9.0224085 ], [ 38.7221899, 9.0240627 ], [ 38.7233224, 9.0244521 ], [ 38.7256895, 9.0254481 ], [ 38.7283174, 9.0286198 ], [ 38.7324849, 9.032256 ], [ 38.7371646, 9.0314924 ], [ 38.740618, 9.0305262 ], [ 38.7439701, 9.0287349 ], [ 38.748782, 9.0262905 ], [ 38.7503238, 9.0244243 ], [ 38.7546091, 9.0217117 ], [ 38.7586505, 9.0180415 ], [ 38.7587022, 9.0179263 ], [ 38.7586435, 9.0127141 ], [ 38.7593389, 9.0118938 ], [ 38.7601319, 9.011234 ], [ 38.7603638, 9.0078054 ], [ 38.7614876, 9.005482 ], [ 38.7643906, 9.0014444 ], [ 38.7657918, 9.0013837 ], [ 38.7672202, 9.0015599 ], [ 38.7672926, 9.0015638 ], [ 38.7682828, 8.9978144 ], [ 38.7682519, 8.9964896 ], [ 38.768194, 8.9957356 ], [ 38.7672101, 8.9942482 ], [ 38.7662967, 8.9928308 ], [ 38.7671041, 8.9879364 ], [ 38.7676154, 8.9842259 ], [ 38.7662418, 8.9812714 ], [ 38.7650426, 8.9787808 ], [ 38.7637936, 8.9749856 ], [ 38.7632888, 8.9736929 ], [ 38.7613593, 8.9707294 ], [ 38.7570116, 8.9719198 ], [ 38.7547973, 8.9695155 ], [ 38.7518933, 8.9676702 ], [ 38.7495117, 8.9659999 ], [ 38.7487124, 8.9653973 ], [ 38.7443263, 8.9635609 ], [ 38.7418768, 8.9642297 ], [ 38.7417376, 8.9644179 ], [ 38.7415858, 8.9646898 ], [ 38.740366, 8.9661752 ], [ 38.7355458, 8.9629714 ], [ 38.7328483, 8.9624614 ], [ 38.729296, 8.9648433 ], [ 38.7274935, 8.9655921 ], [ 38.7267258, 8.9660696 ], [ 38.7264039, 8.966268 ], [ 38.7260745, 8.9664712 ], [ 38.7244625, 8.967494 ], [ 38.7187944, 8.968543 ], [ 38.7185085, 8.9692127 ], [ 38.7164989, 8.9741811 ], [ 38.7135418, 8.9763191 ], [ 38.7088077, 8.976686 ], [ 38.70771, 8.9818356 ], [ 38.7037356, 8.9846857 ], [ 38.7021218, 8.9840129 ], [ 38.700637, 8.9836709 ], [ 38.7012382, 8.9867738 ], [ 38.7024385, 8.9908373 ], [ 38.7027762, 8.9939453 ], [ 38.7028282, 8.9990776 ], [ 38.7074485, 9.0020289 ], [ 38.7074974, 9.0020324 ], [ 38.7083678, 9.0016011 ], [ 38.7092958, 9.0011414 ], [ 38.7139454, 9.0041668 ], [ 38.7129074, 9.0075087 ], [ 38.7132493, 9.0104497 ], [ 38.7103541, 9.0135396 ], [ 38.710729, 9.0144479 ], [ 38.7112233, 9.0146857 ], [ 38.7117121, 9.0149559 ], [ 38.7148166, 9.0169076 ], [ 38.7160489, 9.0210002 ] ] ] } },
{ "type": "Feature", "properties": { "threshold_s": 900, "time_label": "15 min drive" }, "geometry": { "type": "Polygon", "coordinates": [ [ [ 38.7041058, 9.0341606 ], [ 38.7076168, 9.0393869 ], [ 38.7100227, 9.0416232 ], [ 38.71866, 9.045614 ], [ 38.7212618, 9.0485374 ], [ 38.7223578, 9.0492368 ], [ 38.7253503, 9.0505078 ], [ 38.7294234, 9.0519994 ], [ 38.7321089, 9.0526759 ], [ 38.7357742, 9.0522972 ], [ 38.7419698, 9.0473912 ], [ 38.7452993, 9.0469407 ], [ 38.7489726, 9.0459551 ], [ 38.7507097, 9.0456515 ], [ 38.7543532, 9.0448071 ], [ 38.7557499, 9.0426901 ], [ 38.7620831, 9.0353314 ], [ 38.7636485, 9.0328556 ], [ 38.7705804, 9.0283662 ], [ 38.7706975, 9.0282685 ], [ 38.7766007, 9.0235376 ], [ 38.7766472, 9.0235001 ], [ 38.7793942, 9.0198778 ], [ 38.7834846, 9.01484 ], [ 38.7811817, 9.009175 ], [ 38.781468, 9.0045317 ], [ 38.7842488, 8.9969213 ], [ 38.7881416, 8.9909852 ], [ 38.7893008, 8.9887511 ], [ 38.7855757, 8.9849273 ], [ 38.7787516, 8.9794447 ], [ 38.7777914, 8.9763594 ], [ 38.7750556, 8.9694476 ], [ 38.7742467, 8.9601225 ], [ 38.774326, 8.9596463 ], [ 38.7714729, 8.9556709 ], [ 38.7707547, 8.9548187 ], [ 38.7703304, 8.9543326 ], [ 38.766852, 8.953155 ], [ 38.7609355, 8.9500806 ], [ 38.7542597, 8.9465076 ], [ 38.7523354, 8.9455531 ], [ 38.749721, 8.9447306 ], [ 38.7483877, 8.9461343 ], [ 38.7393621, 8.9448473 ], [ 38.7381773, 8.9434351 ], [ 38.7349407, 8.9409691 ], [ 38.7339869, 8.9411538 ], [ 38.7273696, 8.9443254 ], [ 38.7263135, 8.94493 ], [ 38.7250246, 8.9466459 ], [ 38.718907, 8.9520314 ], [ 38.7151694, 8.9532834 ], [ 38.7112694, 8.9546488 ], [ 38.7093868, 8.9554634 ], [ 38.7038314, 8.9579089 ], [ 38.7037773, 8.9580994 ], [ 38.7015584, 8.9642617 ], [ 38.6973037, 8.9678437 ], [ 38.6901161, 8.9705314 ], [ 38.6877201, 8.9712002 ], [ 38.681261, 8.9745137 ], [ 38.6808617, 8.9763853 ], [ 38.6805144, 8.979697 ], [ 38.6803632, 8.9825619 ], [ 38.6810841, 8.9846709 ], [ 38.6831817, 8.9893738 ], [ 38.6838033, 8.9948859 ], [ 38.6851584, 9.0042665 ], [ 38.6879017, 9.0081697 ], [ 38.6913841, 9.011809 ], [ 38.6924505, 9.0183466 ], [ 38.6920372, 9.0208998 ], [ 38.6925012, 9.0224203 ], [ 38.6941936, 9.02327 ], [ 38.6958526, 9.0238866 ], [ 38.6976443, 9.0244347 ], [ 38.6984369, 9.0245515 ], [ 38.7014104, 9.0257572 ], [ 38.7041058, 9.0341606 ] ] ] } },
{ "type": "Feature", "properties": { "threshold_s": 300, "time_label": "5 min drive" }, "geometry": { "type": "Polygon", "coordinates": [ [ [ 38.7557499, 9.0426901 ], [ 38.754349, 9.0462826 ], [ 38.7551426, 9.0466441 ], [ 38.755617, 9.0458933 ], [ 38.7560377, 9.0453047 ], [ 38.7600057, 9.0440359 ], [ 38.7614698, 9.0465278 ], [ 38.7602034, 9.0500346 ], [ 38.7595873, 9.0507041 ], [ 38.7592765, 9.0510377 ], [ 38.7616272, 9.0514887 ], [ 38.7661705, 9.0543353 ], [ 38.7676134, 9.0550313 ], [ 38.7726371, 9.0539929 ], [ 38.7731861, 9.0546946 ], [ 38.7740774, 9.055816 ], [ 38.7744469, 9.0560133 ], [ 38.7783361, 9.0552491 ], [ 38.7807989, 9.0560283 ], [ 38.7812833, 9.0559427 ], [ 38.7847826, 9.0523901 ], [ 38.7881461, 9.0481785 ], [ 38.7892183, 9.0480524 ], [ 38.7893323, 9.046174 ], [ 38.7888638, 9.0443872 ], [ 38.7883687, 9.0411166 ], [ 38.788999, 9.0366321 ], [ 38.7887482, 9.0361844 ], [ 38.7880696, 9.0351791 ], [ 38.7869981, 9.033897 ], [ 38.7884042, 9.0291921 ], [ 38.7900916, 9.0290698 ], [ 38.7898506, 9.0284755 ], [ 38.7866944, 9.0259578 ], [ 38.783076, 9.0248046 ], [ 38.7807439, 9.0231116 ], [ 38.7791253, 9.0212346 ], [ 38.7770019, 9.0188688 ], [ 38.7744601, 9.0203401 ], [ 38.7729915, 9.021206 ], [ 38.7723687, 9.02177 ], [ 38.7717222, 9.0232818 ], [ 38.7673037, 9.0253571 ], [ 38.7624111, 9.0266163 ], [ 38.76061330000001, 9.0273217 ], [ 38.7586122, 9.0287572 ], [ 38.7579095, 9.0339593 ], [ 38.7570673, 9.0349685 ], [ 38.7565413, 9.0397014 ], [ 38.7557499, 9.0426901 ] ] ] } },
{ "type": "Feature", "properties": { "threshold_s": 600, "time_label": "10 min drive" }, "geometry": { "type": "Polygon", "coordinates": [ [ [ 38.737162, 9.0524706 ], [ 38.7391153, 9.0581553 ], [ 38.7413415, 9.0599672 ], [ 38.7433764, 9.0616248 ], [ 38.7473914, 9.0646102 ], [ 38.7493499, 9.066696 ], [ 38.750691, 9.0677495 ], [ 38.751431, 9.0683141 ], [ 38.7573112, 9.0714304 ], [ 38.7592681, 9.0727284 ], [ 38.7602142, 9.07337 ], [ 38.7638935, 9.0728714 ], [ 38.7672216, 9.0724114 ], [ 38.7732129, 9.073078 ], [ 38.7760627, 9.0734872 ], [ 38.7826127, 9.0749334 ], [ 38.7821725, 9.0738098 ], [ 38.7834871, 9.0688441 ], [ 38.7841871, 9.0679647 ], [ 38.7900773, 9.0704333 ], [ 38.7901363, 9.0711339 ], [ 38.7905212, 9.0714398 ], [ 38.7911005, 9.0718305 ], [ 38.7921244, 9.0727149 ], [ 38.7923244, 9.0715833 ], [ 38.7911232, 9.0702536 ], [ 38.7921292, 9.0640844 ], [ 38.7957475, 9.0620051 ], [ 38.7987955, 9.0602014 ], [ 38.8005151, 9.0594398 ], [ 38.8005624, 9.0594085 ], [ 38.8003126, 9.05893 ], [ 38.7999625, 9.0585247 ], [ 38.7996099, 9.0583273 ], [ 38.7982164, 9.0576321 ], [ 38.7969116, 9.0571263 ], [ 38.7931769, 9.0568746 ], [ 38.7916383, 9.0559051 ], [ 38.792129, 9.0494167 ], [ 38.7906995, 9.0454025 ], [ 38.7967241, 9.0428703 ], [ 38.7975584, 9.0393973 ], [ 38.8005483, 9.0376132 ], [ 38.8041703, 9.044401 ], [ 38.8069644, 9.0447637 ], [ 38.805898, 9.0343795 ], [ 38.8081541, 9.0338291 ], [ 38.8103267, 9.0327174 ], [ 38.8105209, 9.0319502 ], [ 38.810141, 9.0310664 ], [ 38.808606, 9.0296592 ], [ 38.8084495, 9.0242274 ], [ 38.8103332, 9.0222355 ], [ 38.8102174, 9.0215023 ], [ 38.8079139, 9.0165805 ], [ 38.8042417, 9.0123665 ], [ 38.7996712, 9.0103615 ], [ 38.7972548, 9.0095656 ], [ 38.7962659, 9.0091786 ], [ 38.7913004, 9.006308 ], [ 38.7894034, 9.0046542 ], [ 38.7846418, 9.004535 ], [ 38.7822103, 9.0030031 ], [ 38.780006899999989, 9.0025548 ], [ 38.7799164, 9.0025541 ], [ 38.7734655, 9.0030482 ], [ 38.7705863, 9.0055165 ], [ 38.7663164, 9.0057167 ], [ 38.7649415, 9.0055052 ], [ 38.7637538, 9.0054358 ], [ 38.7614091, 9.0067937 ], [ 38.7588742, 9.0086394 ], [ 38.7530544, 9.0114358 ], [ 38.7498019, 9.0115651 ], [ 38.7484279, 9.0131606 ], [ 38.746012, 9.0163151 ], [ 38.7445428, 9.0193766 ], [ 38.7445602, 9.0201826 ], [ 38.7404759, 9.0251856 ], [ 38.7391099, 9.0256144 ], [ 38.7389087, 9.0265804 ], [ 38.7388882, 9.0272425 ], [ 38.7388025, 9.0310421 ], [ 38.7366399, 9.0346148 ], [ 38.7358671, 9.040163 ], [ 38.7342518, 9.041555 ], [ 38.7362547, 9.0439907 ], [ 38.735841, 9.0491314 ], [ 38.737162, 9.0524706 ] ] ] } },
{ "type": "Feature", "properties": { "threshold_s": 900, "time_label": "15 min drive" }, "geometry": { "type": "Polygon", "coordinates": [ [ [ 38.7209883, 9.0655758 ], [ 38.7217688, 9.0700265 ], [ 38.7257969, 9.0726548 ], [ 38.7338488, 9.072825 ], [ 38.7348948, 9.0733919 ], [ 38.7377219, 9.0759888 ], [ 38.7382369, 9.0758127 ], [ 38.7465249, 9.0792228 ], [ 38.753382, 9.0790122 ], [ 38.7613576, 9.0810134 ], [ 38.7700425, 9.0798452 ], [ 38.773237, 9.081739 ], [ 38.7736219, 9.0787401 ], [ 38.7742804, 9.0774085 ], [ 38.775241, 9.0762624 ], [ 38.7836453, 9.0772787 ], [ 38.7845762, 9.0804395 ], [ 38.7856852, 9.0805299 ], [ 38.7896159, 9.0783315 ], [ 38.7946067, 9.076095 ], [ 38.7992678, 9.0741871 ], [ 38.7963992, 9.0704068 ], [ 38.7963618, 9.0678503 ], [ 38.8028473, 9.0628395 ], [ 38.8069985, 9.0664515 ], [ 38.811484, 9.0642857 ], [ 38.8180608, 9.064728 ], [ 38.8222301, 9.0602234 ], [ 38.8231248, 9.0567513 ], [ 38.8219959, 9.0560586 ], [ 38.819489, 9.0528113 ], [ 38.8198908, 9.0449265 ], [ 38.8225505, 9.0436723 ], [ 38.8258331, 9.0438902 ], [ 38.8261135, 9.0440023 ], [ 38.8274157, 9.0439226 ], [ 38.830456, 9.0411756 ], [ 38.830191, 9.037236 ], [ 38.8299657, 9.0368718 ], [ 38.8295501, 9.0361323 ], [ 38.8307496, 9.0279156 ], [ 38.8316044, 9.0267239 ], [ 38.8318979, 9.024411 ], [ 38.8303554, 9.0157136 ], [ 38.8293649, 9.0133168 ], [ 38.8257091, 9.0070292 ], [ 38.8209683, 9.0028963 ], [ 38.8183873, 8.9986824 ], [ 38.8118547, 8.9947661 ], [ 38.8068346, 8.9939528 ], [ 38.8057198, 8.9938876 ], [ 38.8050085, 8.9938124 ], [ 38.8040663, 8.9937184 ], [ 38.7966919, 8.9912265 ], [ 38.7942992, 8.9887271 ], [ 38.791375, 8.9871117 ], [ 38.7888132, 8.9859297 ], [ 38.7855757, 8.9849273 ], [ 38.779409, 8.9827553 ], [ 38.7769699, 8.9823757 ], [ 38.7747851, 8.9823095 ], [ 38.7734041, 8.9824351 ], [ 38.7720007, 8.9826185 ], [ 38.7653051, 8.9847209 ], [ 38.7619202, 8.9856735 ], [ 38.7597825, 8.986384 ], [ 38.7514143, 8.9880999 ], [ 38.744713, 8.9923834 ], [ 38.738095199999989, 8.9942698 ], [ 38.7376045, 8.9950873 ], [ 38.7371778, 8.998569 ], [ 38.7331656, 9.0029958 ], [ 38.7313865, 9.0057152 ], [ 38.7290872, 9.0089895 ], [ 38.7253784, 9.0132798 ], [ 38.7214261, 9.0190759 ], [ 38.7182685, 9.0252179 ], [ 38.7189436, 9.0289508 ], [ 38.719157, 9.0299925 ], [ 38.7165098, 9.0377321 ], [ 38.7153536, 9.043945 ], [ 38.7153229, 9.0445865 ], [ 38.7191489, 9.0506074 ], [ 38.7181807, 9.0545065 ], [ 38.7177971, 9.0580943 ], [ 38.7176294, 9.0593392 ], [ 38.7209883, 9.0655758 ] ] ] } },
{ "type": "Feature", "properties": { "threshold_s": 300, "time_label": "5 min drive" }, "geometry": { "type": "Polygon", "coordinates": [ [ [ 38.7692711, 9.0401381 ], [ 38.7693345, 9.0402439 ], [ 38.7738245, 9.0438158 ], [ 38.7800301, 9.0448932 ], [ 38.7814175, 9.0458715 ], [ 38.7850703, 9.0458998 ], [ 38.7864317, 9.0451248 ], [ 38.7877241, 9.0438592 ], [ 38.788016399999989, 9.0400262 ], [ 38.788999, 9.0366321 ], [ 38.7898711, 9.0353037 ], [ 38.7947311, 9.0312946 ], [ 38.7997189, 9.0335465 ], [ 38.8048161, 9.0292985 ], [ 38.8049448, 9.0287289 ], [ 38.8045948, 9.0220445 ], [ 38.8050822, 9.0209633 ], [ 38.8051042, 9.0208756 ], [ 38.8021061, 9.0173173 ], [ 38.7954484, 9.0144599 ], [ 38.7887416, 9.011563 ], [ 38.7881269, 9.0106485 ], [ 38.7880908, 9.0106422 ], [ 38.7813332, 9.0121982 ], [ 38.7759064, 9.0164735 ], [ 38.775128, 9.0168441 ], [ 38.7704765, 9.0188531 ], [ 38.7708838, 9.0203264 ], [ 38.7696171, 9.026581 ], [ 38.7660695, 9.0292297 ], [ 38.7661201, 9.0294042 ], [ 38.7672949, 9.0333336 ], [ 38.7689706, 9.0396359 ], [ 38.7692711, 9.0401381 ] ] ] } },
{ "type": "Feature", "properties": { "threshold_s": 600, "time_label": "10 min drive" }, "geometry": { "type": "Polygon", "coordinates": [ [ [ 38.7515593, 9.051262 ], [ 38.75452520000001, 9.0546328 ], [ 38.7576104, 9.056615 ], [ 38.7604952, 9.0577625 ], [ 38.7693925, 9.0614798 ], [ 38.7718322, 9.0621115 ], [ 38.7785894, 9.0630673 ], [ 38.7901785, 9.0611215 ], [ 38.7902432, 9.0610876 ], [ 38.7912697, 9.0594429 ], [ 38.792129, 9.0494167 ], [ 38.7967241, 9.0428703 ], [ 38.8041703, 9.044401 ], [ 38.8069644, 9.0447637 ], [ 38.8164635, 9.0438609 ], [ 38.8165711, 9.0438703 ], [ 38.8175564, 9.0435695 ], [ 38.8240961, 9.0403013 ], [ 38.8265521, 9.038531 ], [ 38.8260833, 9.0372912 ], [ 38.826657, 9.0257235 ], [ 38.8253495, 9.0173691 ], [ 38.8253001, 9.01728 ], [ 38.8205452, 9.0095604 ], [ 38.8148627, 9.0024123 ], [ 38.8137632, 9.0014858 ], [ 38.8125686, 9.0006219 ], [ 38.8105694, 9.0001755 ], [ 38.8049696, 8.9990194 ], [ 38.7956395, 8.9945489 ], [ 38.7918435, 8.9923162 ], [ 38.7917543, 8.9922639 ], [ 38.7881416, 8.9909852 ], [ 38.7847861, 8.9907155 ], [ 38.7838371, 8.9909241 ], [ 38.7770981, 8.992864 ], [ 38.7766295, 8.9930188 ], [ 38.7699206, 8.9987492 ], [ 38.7624464, 9.0054975 ], [ 38.7579128, 9.0080385 ], [ 38.755338, 9.0119598 ], [ 38.7499861, 9.0168997 ], [ 38.7499722, 9.0170083 ], [ 38.7472328, 9.0267695 ], [ 38.7462285, 9.0283971 ], [ 38.7447562, 9.0333098 ], [ 38.7483773, 9.0443139 ], [ 38.7483059, 9.0449257 ], [ 38.748408499999989, 9.0457879 ], [ 38.7504118, 9.0495068 ], [ 38.7515593, 9.051262 ] ] ] } },
{ "type": "Feature", "properties": { "threshold_s": 900, "time_label": "15 min drive" }, "geometry": { "type": "Polygon", "coordinates": [ [ [ 38.7306954, 9.05348 ], [ 38.7347571, 9.0629951 ], [ 38.7419737, 9.0678634 ], [ 38.7500198, 9.0734554 ], [ 38.7567401, 9.0780534 ], [ 38.7569319, 9.0781488 ], [ 38.7592721, 9.0777621 ], [ 38.7696094, 9.0769923 ], [ 38.7742804, 9.0774085 ], [ 38.7845762, 9.0804395 ], [ 38.7856852, 9.0805299 ], [ 38.7946067, 9.076095 ], [ 38.7949508, 9.0759041 ], [ 38.7963992, 9.0704068 ], [ 38.808213, 9.0647413 ], [ 38.8096212, 9.0645625 ], [ 38.8180608, 9.064728 ], [ 38.8222301, 9.0602234 ], [ 38.8326533, 9.0575407 ], [ 38.837249, 9.052063 ], [ 38.8400849, 9.0468261 ], [ 38.8461301, 9.0388081 ], [ 38.8472326, 9.0340442 ], [ 38.8459702, 9.0266658 ], [ 38.8452638, 9.018649 ], [ 38.8445194, 9.0118618 ], [ 38.8441673, 9.0105137 ], [ 38.8417654, 9.0068351 ], [ 38.8412401, 9.0062086 ], [ 38.8386052, 9.0043614 ], [ 38.8349131, 9.0008394 ], [ 38.8322082, 8.9901416 ], [ 38.831862, 8.9894858 ], [ 38.823195, 8.9853167 ], [ 38.8224529, 8.9850778 ], [ 38.8206262, 8.9846351 ], [ 38.8066972, 8.9860036 ], [ 38.8035562, 8.9852867 ], [ 38.8021619, 8.9853275 ], [ 38.7996331, 8.9854045 ], [ 38.7880106, 8.9854871 ], [ 38.7777914, 8.9763594 ], [ 38.7756114, 8.9726492 ], [ 38.7750388, 8.9724298 ], [ 38.7658799, 8.9756733 ], [ 38.7606946, 8.9807142 ], [ 38.7514143, 8.9880999 ], [ 38.744713, 8.9923834 ], [ 38.737991, 8.9991543 ], [ 38.7327223, 9.0085869 ], [ 38.7289243, 9.0145526 ], [ 38.7248638, 9.0281689 ], [ 38.7240786, 9.0347561 ], [ 38.7276385, 9.0441208 ], [ 38.7306954, 9.05348 ] ] ] } },
{ "type": "Feature", "properties": { "threshold_s": 300, "time_label": "5 min drive" }, "geometry": { "type": "Polygon", "coordinates": [ [ [ 38.7513075, 9.0420444 ], [ 38.7529249, 9.0440196 ], [ 38.7541593, 9.0450531 ], [ 38.7552401, 9.0458515 ], [ 38.755617, 9.0458933 ], [ 38.7560377, 9.0453047 ], [ 38.7573255, 9.0439475 ], [ 38.7600057, 9.0440359 ], [ 38.7614698, 9.0465278 ], [ 38.7616429, 9.0478536 ], [ 38.7618315, 9.0490932 ], [ 38.7619097, 9.0490886 ], [ 38.7630258, 9.0489882 ], [ 38.7657775, 9.0471413 ], [ 38.7683814, 9.0466274 ], [ 38.7717695, 9.0465521 ], [ 38.772725, 9.0469788 ], [ 38.7745811, 9.046736 ], [ 38.7770494, 9.046202 ], [ 38.777781, 9.0459971 ], [ 38.777945, 9.0459171 ], [ 38.7781507, 9.04561 ], [ 38.7771903, 9.0441232 ], [ 38.777347, 9.0412378 ], [ 38.7808546, 9.0405328 ], [ 38.7819394, 9.0405796 ], [ 38.7832014, 9.0393962 ], [ 38.7832121, 9.0378256 ], [ 38.7824747, 9.0362328 ], [ 38.7828374, 9.0322795 ], [ 38.7834835, 9.0321406 ], [ 38.783986400000011, 9.0315834 ], [ 38.7839698, 9.0314066 ], [ 38.7820868, 9.0283447 ], [ 38.7797408, 9.0260601 ], [ 38.7787771, 9.0234759 ], [ 38.7766492, 9.0201374 ], [ 38.7730777, 9.0217135 ], [ 38.7717222, 9.0232818 ], [ 38.7696171, 9.026581 ], [ 38.7673037, 9.0253571 ], [ 38.7664952, 9.0274613 ], [ 38.7625209, 9.0267749 ], [ 38.7624111, 9.0266163 ], [ 38.7616201, 9.0233396 ], [ 38.7605536, 9.0224021 ], [ 38.7638895, 9.0199177 ], [ 38.7638225, 9.0193203 ], [ 38.7638073, 9.0191651 ], [ 38.7631698, 9.0178485 ], [ 38.7633018, 9.0192267 ], [ 38.7633195, 9.0193691 ], [ 38.7602755, 9.0220911 ], [ 38.7587366, 9.0212076 ], [ 38.7585779, 9.0211134 ], [ 38.7582698, 9.020931 ], [ 38.7581095, 9.0208226 ], [ 38.7576048, 9.0205008 ], [ 38.7573476, 9.020515 ], [ 38.7562857, 9.0230635 ], [ 38.7529988, 9.0254039 ], [ 38.7521793, 9.0286187 ], [ 38.7504043, 9.0309179 ], [ 38.7527272, 9.0324999 ], [ 38.752205, 9.0354908 ], [ 38.7521516, 9.0356663 ], [ 38.7509278, 9.037822 ], [ 38.750328, 9.0389292 ], [ 38.7500511, 9.0394087 ], [ 38.7504473, 9.0408737 ], [ 38.7513075, 9.0420444 ] ] ] } },
{ "type": "Feature", "properties": { "threshold_s": 600, "time_label": "10 min drive" }, "geometry": { "type": "Polygon", "coordinates": [ [ [ 38.7336133, 9.0510537 ], [ 38.7375846, 9.0595222 ], [ 38.7434398, 9.0616486 ], [ 38.7469001, 9.0641553 ], [ 38.7484129, 9.065267 ], [ 38.7556411, 9.0684859 ], [ 38.7587925, 9.0707906 ], [ 38.7599869, 9.0715193 ], [ 38.7641009, 9.0711232 ], [ 38.7648538, 9.0706757 ], [ 38.772565299999989, 9.0669132 ], [ 38.7764194, 9.0655384 ], [ 38.7796697, 9.0642273 ], [ 38.7871173, 9.0618773 ], [ 38.7905653, 9.0617717 ], [ 38.7906305, 9.0617362 ], [ 38.7919567, 9.0606022 ], [ 38.7921059, 9.060393 ], [ 38.7922588, 9.0597332 ], [ 38.7920899, 9.0594134 ], [ 38.792129, 9.0494167 ], [ 38.7967241, 9.0428703 ], [ 38.7997189, 9.0335465 ], [ 38.8045819, 9.0289723 ], [ 38.8027586, 9.0219534 ], [ 38.8018595, 9.0192341 ], [ 38.7943254, 9.0126142 ], [ 38.7914546, 9.0085485 ], [ 38.7892283, 9.0061657 ], [ 38.7822238, 9.0039933 ], [ 38.7803301, 9.0035548 ], [ 38.7799647, 9.0034833 ], [ 38.7731666, 9.0015044 ], [ 38.7699206, 8.9987492 ], [ 38.7667584, 8.998057 ], [ 38.765179, 8.9981909 ], [ 38.758485, 8.999819 ], [ 38.7570314, 9.0005711 ], [ 38.7525602, 9.0030854 ], [ 38.7433631, 9.0074509 ], [ 38.7432431, 9.0074962 ], [ 38.7407623, 9.0108375 ], [ 38.7370836, 9.016526 ], [ 38.732933, 9.0204298 ], [ 38.7307736, 9.0287436 ], [ 38.7296317, 9.0337325 ], [ 38.72963, 9.0338183 ], [ 38.7300685, 9.0433154 ], [ 38.7336133, 9.0510537 ] ] ] } },
{ "type": "Feature", "properties": { "threshold_s": 900, "time_label": "15 min drive" }, "geometry": { "type": "Polygon", "coordinates": [ [ [ 38.7176912, 9.0639003 ], [ 38.7198517, 9.0699181 ], [ 38.7215124, 9.0716122 ], [ 38.7257969, 9.0726548 ], [ 38.7324589, 9.0764417 ], [ 38.7377219, 9.0759888 ], [ 38.7465249, 9.0792228 ], [ 38.753382, 9.0790122 ], [ 38.7613576, 9.0810134 ], [ 38.7700425, 9.0798452 ], [ 38.773237, 9.081739 ], [ 38.7736219, 9.0787401 ], [ 38.7742804, 9.0774085 ], [ 38.7836453, 9.0772787 ], [ 38.7845762, 9.0804395 ], [ 38.7856852, 9.0805299 ], [ 38.7896159, 9.0783315 ], [ 38.7946067, 9.076095 ], [ 38.7949508, 9.0759041 ], [ 38.7963992, 9.0704068 ], [ 38.7963618, 9.0678503 ], [ 38.8028473, 9.0628395 ], [ 38.8050477, 9.06282 ], [ 38.8077852, 9.0636738 ], [ 38.8117052, 9.0558481 ], [ 38.8146597, 9.0507876 ], [ 38.8152875, 9.0471824 ], [ 38.818669, 9.0407938 ], [ 38.8211445, 9.039379 ], [ 38.8229284, 9.0388169 ], [ 38.82487, 9.0376093 ], [ 38.8239919, 9.0348252 ], [ 38.8240372, 9.0259656 ], [ 38.8243443, 9.0245301 ], [ 38.8237634, 9.0179832 ], [ 38.822107699999989, 9.0163244 ], [ 38.8182659, 9.0114084 ], [ 38.8167143, 9.008314 ], [ 38.8140931, 9.0035621 ], [ 38.8130929, 9.0023894 ], [ 38.8075995, 8.9959874 ], [ 38.8072592, 8.9956986 ], [ 38.8054394, 8.9955588 ], [ 38.8044103, 8.9953973 ], [ 38.8026126, 8.9969332 ], [ 38.795499, 8.9912753 ], [ 38.7942992, 8.9887271 ], [ 38.7916494, 8.988039 ], [ 38.7855757, 8.9849273 ], [ 38.779409, 8.9827553 ], [ 38.7718453, 8.9814706 ], [ 38.7650426, 8.9787808 ], [ 38.759488, 8.9783088 ], [ 38.751215, 8.9809463 ], [ 38.7494497, 8.9805597 ], [ 38.7461206, 8.9833069 ], [ 38.737164, 8.9860752 ], [ 38.733775, 8.9882291 ], [ 38.7327638, 8.9902492 ], [ 38.7298218, 8.9964402 ], [ 38.7289264, 8.9982376 ], [ 38.7292146, 9.0052443 ], [ 38.7285474, 9.0064755 ], [ 38.7197471, 9.0087074 ], [ 38.718933, 9.0094108 ], [ 38.7184912, 9.0101752 ], [ 38.716879, 9.0190493 ], [ 38.7160489, 9.0210002 ], [ 38.7156287, 9.0220832 ], [ 38.7153381, 9.0230401 ], [ 38.7152763, 9.0236018 ], [ 38.7152353, 9.0242892 ], [ 38.7128796, 9.0329324 ], [ 38.7127033, 9.0335155 ], [ 38.7117524, 9.0390719 ], [ 38.712546, 9.0456296 ], [ 38.7122999, 9.0485977 ], [ 38.7156266, 9.0545588 ], [ 38.7175503, 9.0612463 ], [ 38.7176912, 9.0639003 ] ] ] } },
{ "type": "Feature", "properties": { "threshold_s": 300, "time_label": "5 min drive" }, "geometry": { "type": "Polygon", "coordinates": [ [ [ 38.7469634, 9.069697 ], [ 38.7478419, 9.0712001 ], [ 38.7500198, 9.0734554 ], [ 38.7523673, 9.0750431 ], [ 38.754019, 9.0745692 ], [ 38.7559891, 9.0770476 ], [ 38.7567401, 9.0780534 ], [ 38.7569319, 9.0781488 ], [ 38.7581657, 9.0779184 ], [ 38.7613576, 9.0810134 ], [ 38.7612186, 9.0800548 ], [ 38.7609605, 9.0766974 ], [ 38.7636937, 9.0758776 ], [ 38.76732, 9.0745705 ], [ 38.7680067, 9.0755069 ], [ 38.7684722, 9.0768381 ], [ 38.7700425, 9.0798452 ], [ 38.7736219, 9.0787401 ], [ 38.772845, 9.0771846 ], [ 38.7714839, 9.0764306 ], [ 38.7711313, 9.0760325 ], [ 38.7720796, 9.0723774 ], [ 38.7738921, 9.0725177 ], [ 38.7750569, 9.0686507 ], [ 38.7764194, 9.0655384 ], [ 38.7764228, 9.0654768 ], [ 38.7762883, 9.0624261 ], [ 38.776975299999989, 9.060545 ], [ 38.7767795, 9.0580868 ], [ 38.7756211, 9.0562374 ], [ 38.7748711, 9.0557927 ], [ 38.7732412, 9.0546483 ], [ 38.7731861, 9.0546946 ], [ 38.7730604, 9.0573845 ], [ 38.7692519, 9.058185 ], [ 38.7680342, 9.0562984 ], [ 38.7676134, 9.0550313 ], [ 38.7675065, 9.0547701 ], [ 38.7672416, 9.0533861 ], [ 38.7675809, 9.0519084 ], [ 38.7686061, 9.05055 ], [ 38.768887, 9.0501242 ], [ 38.7687422, 9.0485503 ], [ 38.7680977, 9.0468236 ], [ 38.7650236, 9.0447815 ], [ 38.7636595, 9.043088 ], [ 38.7619234, 9.0409444 ], [ 38.7598478, 9.0417817 ], [ 38.7565811, 9.0429639 ], [ 38.7557499, 9.0426901 ], [ 38.7543042, 9.0447138 ], [ 38.7516554, 9.0472512 ], [ 38.7502748, 9.0505689 ], [ 38.7483436, 9.0527659 ], [ 38.7468657, 9.0535429 ], [ 38.7463347, 9.0539032 ], [ 38.7471119, 9.0556125 ], [ 38.7473154, 9.0560307 ], [ 38.7474087, 9.0593736 ], [ 38.7450043, 9.0617858 ], [ 38.7438841, 9.0616172 ], [ 38.743386, 9.0628481 ], [ 38.7433396, 9.063477 ], [ 38.7433996, 9.064351 ], [ 38.7450644, 9.0669465 ], [ 38.7469634, 9.069697 ] ] ] } },
{ "type": "Feature", "properties": { "threshold_s": 600, "time_label": "10 min drive" }, "geometry": { "type": "Polygon", "coordinates": [ [ [ 38.7235334, 9.061237 ], [ 38.7231606, 9.0691129 ], [ 38.7269273, 9.0706505 ], [ 38.7324589, 9.0764417 ], [ 38.7377219, 9.0759888 ], [ 38.7429193, 9.0877949 ], [ 38.7431292, 9.0876863 ], [ 38.7382369, 9.0758127 ], [ 38.7465249, 9.0792228 ], [ 38.7536985, 9.0820899 ], [ 38.7616257, 9.0880055 ], [ 38.761552, 9.0882703 ], [ 38.7590385, 9.0932986 ], [ 38.7587415, 9.0949188 ], [ 38.7622481, 9.0956504 ], [ 38.764725, 9.0951657 ], [ 38.7647814, 9.0943182 ], [ 38.7646413, 9.0925122 ], [ 38.7646995, 9.0913532 ], [ 38.7625162, 9.0885921 ], [ 38.7622379, 9.0881776 ], [ 38.7613576, 9.0810134 ], [ 38.7700425, 9.0798452 ], [ 38.773237, 9.081739 ], [ 38.7736219, 9.0787401 ], [ 38.7742804, 9.0774085 ], [ 38.775241, 9.0762624 ], [ 38.7836453, 9.0772787 ], [ 38.7845762, 9.0804395 ], [ 38.7856852, 9.0805299 ], [ 38.7883279, 9.0731766 ], [ 38.7884948, 9.0714517 ], [ 38.7921292, 9.0640844 ], [ 38.7928802, 9.063107 ], [ 38.7939517, 9.061192 ], [ 38.7938711, 9.0600459 ], [ 38.792504, 9.0571069 ], [ 38.7879704, 9.0540761 ], [ 38.7858018, 9.0466865 ], [ 38.7859185, 9.0445893 ], [ 38.7835932, 9.0378847 ], [ 38.7820987, 9.0327323 ], [ 38.7820705, 9.0326994 ], [ 38.7784762, 9.0299893 ], [ 38.7722482, 9.0279523 ], [ 38.7706975, 9.0282685 ], [ 38.767701, 9.0287114 ], [ 38.7616201, 9.0233396 ], [ 38.7602755, 9.0220911 ], [ 38.7600956, 9.0220791 ], [ 38.7518575, 9.0242085 ], [ 38.7508048, 9.0245939 ], [ 38.7431722, 9.0283607 ], [ 38.743086, 9.0284969 ], [ 38.7366399, 9.0346148 ], [ 38.73222, 9.0411252 ], [ 38.7301347, 9.0436058 ], [ 38.7258762, 9.0488063 ], [ 38.7257516, 9.048974 ], [ 38.7255087, 9.0494864 ], [ 38.7243679, 9.053236 ], [ 38.7235334, 9.061237 ] ] ] } },
{ "type": "Feature", "properties": { "threshold_s": 900, "time_label": "15 min drive" }, "geometry": { "type": "Polygon", "coordinates": [ [ [ 38.7182799, 9.0763662 ], [ 38.7222228, 9.0847868 ], [ 38.7265894, 9.0880836 ], [ 38.7380585, 9.0909943 ], [ 38.7489573, 9.092251 ], [ 38.7538493, 9.0949401 ], [ 38.7646589, 9.0997976 ], [ 38.7791557, 9.1001112 ], [ 38.764725, 9.0951657 ], [ 38.7647814, 9.0943182 ], [ 38.7646413, 9.0925122 ], [ 38.7646995, 9.0913532 ], [ 38.773237, 9.081739 ], [ 38.7845762, 9.0804395 ], [ 38.7856852, 9.0805299 ], [ 38.7896159, 9.0783315 ], [ 38.7946067, 9.076095 ], [ 38.7992678, 9.0741871 ], [ 38.8077852, 9.0636738 ], [ 38.8094357, 9.0617013 ], [ 38.8101988, 9.0532069 ], [ 38.8096063, 9.0526954 ], [ 38.8061678, 9.0500234 ], [ 38.7975584, 9.0393973 ], [ 38.8011234, 9.0303124 ], [ 38.8022468, 9.0290022 ], [ 38.8022679, 9.0289403 ], [ 38.8012379, 9.0212331 ], [ 38.7949564, 9.0184715 ], [ 38.7873429, 9.0143333 ], [ 38.7763497, 9.0075451 ], [ 38.769688, 9.0011882 ], [ 38.7665289, 9.0002693 ], [ 38.7536094, 9.0020269 ], [ 38.7519359, 9.0026255 ], [ 38.7467176, 9.0045045 ], [ 38.7450837, 9.0051057 ], [ 38.7359332, 9.0101339 ], [ 38.7285514, 9.0122122 ], [ 38.7201727, 9.0239499 ], [ 38.7144551, 9.0356784 ], [ 38.7131271, 9.0395315 ], [ 38.7125735, 9.0418557 ], [ 38.7089931, 9.0542446 ], [ 38.7089404, 9.054733 ], [ 38.7088545, 9.0579977 ], [ 38.7146036, 9.0688953 ], [ 38.7157707, 9.0714928 ], [ 38.7182799, 9.0763662 ] ] ] } },
{ "type": "Feature", "properties": { "threshold_s": 300, "time_label": "5 min drive" }, "geometry": { "type": "Polygon", "coordinates": [ [ [ 38.7557499, 9.0426901 ], [ 38.7557135, 9.0455528 ], [ 38.7560377, 9.0453047 ], [ 38.7600057, 9.0440359 ], [ 38.7614698, 9.0465278 ], [ 38.7616429, 9.0478536 ], [ 38.7618315, 9.0490932 ], [ 38.7650576, 9.0511274 ], [ 38.7664616, 9.0508498 ], [ 38.7710611, 9.052157 ], [ 38.7718325, 9.0522404 ], [ 38.7760199, 9.0520324 ], [ 38.7798715, 9.0524987 ], [ 38.7811391, 9.0523363 ], [ 38.7828861, 9.0514738 ], [ 38.7835116, 9.0510582 ], [ 38.7833609, 9.0497504 ], [ 38.7870704, 9.0471276 ], [ 38.7883566, 9.0456859 ], [ 38.7888638, 9.0443872 ], [ 38.788016399999989, 9.0400262 ], [ 38.788999, 9.0366321 ], [ 38.7887482, 9.0361844 ], [ 38.7880696, 9.0351791 ], [ 38.7869981, 9.033897 ], [ 38.7863892, 9.0328944 ], [ 38.7895501, 9.0295027 ], [ 38.7905778, 9.0297413 ], [ 38.7908639, 9.0294185 ], [ 38.7916626, 9.0285942 ], [ 38.7916646, 9.028526 ], [ 38.7915674, 9.0270575 ], [ 38.7883867, 9.0262741 ], [ 38.7862243, 9.0253207 ], [ 38.783076, 9.0248046 ], [ 38.7821863, 9.0204951 ], [ 38.7791933, 9.017458 ], [ 38.7780257, 9.0166441 ], [ 38.7765268, 9.016603 ], [ 38.7742102, 9.0174735 ], [ 38.7704765, 9.0188531 ], [ 38.7708838, 9.0203264 ], [ 38.7717222, 9.0232818 ], [ 38.7673037, 9.0253571 ], [ 38.7625209, 9.0267749 ], [ 38.7624111, 9.0266163 ], [ 38.7616201, 9.0233396 ], [ 38.7614021, 9.0232701 ], [ 38.7615141, 9.0235259 ], [ 38.76061330000001, 9.0273217 ], [ 38.75778, 9.0271259 ], [ 38.75534, 9.028952 ], [ 38.7559373, 9.0307996 ], [ 38.7570673, 9.0349685 ], [ 38.7556919, 9.0394787 ], [ 38.7557499, 9.0426901 ] ] ] } },
{ "type": "Feature", "properties": { "threshold_s": 600, "time_label": "10 min drive" }, "geometry": { "type": "Polygon", "coordinates": [ [ [ 38.7422151, 9.0590113 ], [ 38.7438998, 9.0608748 ], [ 38.747029499999989, 9.0631483 ], [ 38.7515976, 9.067048 ], [ 38.7556411, 9.0684859 ], [ 38.759771, 9.0718874 ], [ 38.7641009, 9.0711232 ], [ 38.7652199, 9.0709458 ], [ 38.7720796, 9.0723774 ], [ 38.7737507, 9.0711988 ], [ 38.7749684, 9.0694771 ], [ 38.7764087, 9.0679833 ], [ 38.7820199, 9.0676257 ], [ 38.7834871, 9.0688441 ], [ 38.7899282, 9.0669108 ], [ 38.7921292, 9.0640844 ], [ 38.7957475, 9.0620051 ], [ 38.7987955, 9.0602014 ], [ 38.7985679, 9.0600791 ], [ 38.7931769, 9.0568746 ], [ 38.7916383, 9.0559051 ], [ 38.792129, 9.0494167 ], [ 38.7906995, 9.0454025 ], [ 38.7967241, 9.0428703 ], [ 38.7975584, 9.0393973 ], [ 38.8005483, 9.0376132 ], [ 38.8041703, 9.044401 ], [ 38.8069644, 9.0447637 ], [ 38.8042312, 9.0365115 ], [ 38.8081541, 9.0338291 ], [ 38.808871, 9.0334149 ], [ 38.8116564, 9.0325841 ], [ 38.810141, 9.0310664 ], [ 38.8093892, 9.0245806 ], [ 38.8104577, 9.0228264 ], [ 38.8116801, 9.0213311 ], [ 38.8117559, 9.021246 ], [ 38.8086752, 9.0161888 ], [ 38.8041047, 9.011598 ], [ 38.7993051, 9.0096285 ], [ 38.7940952, 9.0070438 ], [ 38.7882641, 9.0032555 ], [ 38.7852776, 9.0013407 ], [ 38.7835287, 9.0002109 ], [ 38.7820454, 9.000199 ], [ 38.7807019, 9.0003787 ], [ 38.7736869, 8.9994737 ], [ 38.7673511, 9.0023432 ], [ 38.7638527, 9.0030427 ], [ 38.7587508, 9.0052114 ], [ 38.7560328, 9.0070649 ], [ 38.7535663, 9.009591 ], [ 38.7482888, 9.0109348 ], [ 38.7460468, 9.0114413 ], [ 38.7427584, 9.0162719 ], [ 38.7427155, 9.0163732 ], [ 38.7398328, 9.0227395 ], [ 38.7376964, 9.024566 ], [ 38.7376528, 9.0246336 ], [ 38.7374238, 9.0254659 ], [ 38.7363707, 9.0295812 ], [ 38.7350242, 9.0343964 ], [ 38.7363239, 9.0401516 ], [ 38.7348546, 9.0415398 ], [ 38.7357076, 9.0426689 ], [ 38.7374034, 9.0488487 ], [ 38.7374805, 9.0494284 ], [ 38.7386822, 9.053251 ], [ 38.739381, 9.0548087 ], [ 38.7403907, 9.0568583 ], [ 38.7422151, 9.0590113 ] ] ] } },
{ "type": "Feature", "properties": { "threshold_s": 900, "time_label": "15 min drive" }, "geometry": { "type": "Polygon", "coordinates": [ [ [ 38.7231606, 9.0691129 ], [ 38.7233214, 9.0693875 ], [ 38.727037, 9.0714079 ], [ 38.7338488, 9.072825 ], [ 38.7377219, 9.0759888 ], [ 38.7465249, 9.0792228 ], [ 38.753382, 9.0790122 ], [ 38.7613576, 9.0810134 ], [ 38.7700425, 9.0798452 ], [ 38.773237, 9.081739 ], [ 38.7736219, 9.0787401 ], [ 38.7742804, 9.0774085 ], [ 38.7836453, 9.0772787 ], [ 38.7845762, 9.0804395 ], [ 38.7856852, 9.0805299 ], [ 38.7896159, 9.0783315 ], [ 38.7946067, 9.076095 ], [ 38.7992678, 9.0741871 ], [ 38.7963618, 9.0678503 ], [ 38.8028473, 9.0628395 ], [ 38.8067365, 9.0644062 ], [ 38.808213, 9.0647413 ], [ 38.8096212, 9.0645625 ], [ 38.8147441, 9.0635101 ], [ 38.8184432, 9.060704 ], [ 38.8211697, 9.0564948 ], [ 38.820574, 9.0556468 ], [ 38.819489, 9.0528113 ], [ 38.8198908, 9.0449265 ], [ 38.8253349, 9.0451058 ], [ 38.8272784, 9.0451089 ], [ 38.8311864, 9.0412218 ], [ 38.8312454, 9.0410254 ], [ 38.8306081, 9.037338 ], [ 38.8328062, 9.0282913 ], [ 38.8325876, 9.0248256 ], [ 38.83203240000001, 9.021741 ], [ 38.8303554, 9.0157136 ], [ 38.829668, 9.013391 ], [ 38.8294604, 9.0127888 ], [ 38.826138899999989, 9.006804 ], [ 38.8206135, 8.9996526 ], [ 38.8189674, 8.9980694 ], [ 38.8138165, 8.9947463 ], [ 38.8087936, 8.9923329 ], [ 38.8076484, 8.9919176 ], [ 38.8057382, 8.9919325 ], [ 38.8024711, 8.9914824 ], [ 38.7962514, 8.988003 ], [ 38.788826, 8.985809 ], [ 38.7855757, 8.9849273 ], [ 38.7786839, 8.9804382 ], [ 38.7749655, 8.9802103 ], [ 38.7724596, 8.9800968 ], [ 38.7708268, 8.9803929 ], [ 38.764124099999989, 8.9821933 ], [ 38.7603717, 8.9834962 ], [ 38.7587528, 8.9844655 ], [ 38.7507597, 8.986419 ], [ 38.7493942, 8.9868021 ], [ 38.7446926, 8.9900121 ], [ 38.7381417, 8.9913128 ], [ 38.7376045, 8.9950873 ], [ 38.732501, 9.001813 ], [ 38.730182, 9.0046135 ], [ 38.7285474, 9.0064755 ], [ 38.7221159, 9.0135872 ], [ 38.7207234, 9.0147076 ], [ 38.7167827, 9.0212179 ], [ 38.7154036, 9.0245975 ], [ 38.715504, 9.025395 ], [ 38.7164523, 9.0313033 ], [ 38.7152268, 9.0376028 ], [ 38.7157425, 9.0442569 ], [ 38.7163641, 9.0449171 ], [ 38.7188915, 9.0484049 ], [ 38.7181807, 9.0545065 ], [ 38.7189725, 9.0584989 ], [ 38.7206962, 9.0629582 ], [ 38.7231606, 9.0691129 ] ] ] } },
{ "type": "Feature", "properties": { "threshold_s": 300, "time_label": "5 min drive" }, "geometry": { "type": "Polygon", "coordinates": [ [ [ 38.7598172, 9.0314772 ], [ 38.7601733, 9.0333871 ], [ 38.7619077, 9.0346996 ], [ 38.7632315, 9.0343164 ], [ 38.7668058, 9.0346378 ], [ 38.7665653, 9.0366879 ], [ 38.766493, 9.037754 ], [ 38.7667603, 9.0382378 ], [ 38.7690862, 9.0396591 ], [ 38.7728901, 9.0400549 ], [ 38.7734143, 9.0388789 ], [ 38.7773078, 9.0393449 ], [ 38.7801888, 9.0380316 ], [ 38.7802756, 9.0377758 ], [ 38.7804737, 9.033912 ], [ 38.7817318, 9.0329631 ], [ 38.7820987, 9.0327323 ], [ 38.7834835, 9.0321406 ], [ 38.7859405, 9.0306672 ], [ 38.7860223, 9.0306152 ], [ 38.7867588, 9.0301967 ], [ 38.7905778, 9.0297413 ], [ 38.7915674, 9.0270575 ], [ 38.7913552, 9.0251817 ], [ 38.7905653, 9.0246714 ], [ 38.7921291, 9.0212226 ], [ 38.7929892, 9.0212511 ], [ 38.7933946, 9.0212397 ], [ 38.7939805, 9.0211028 ], [ 38.7925588, 9.0197071 ], [ 38.7908442, 9.0178151 ], [ 38.7892246, 9.0161315 ], [ 38.7874703, 9.0134929 ], [ 38.7868075, 9.0141864 ], [ 38.785903, 9.0148125 ], [ 38.7838533, 9.0151 ], [ 38.7814606, 9.0122943 ], [ 38.781424, 9.0121573 ], [ 38.7811587, 9.0112123 ], [ 38.7809817, 9.0108855 ], [ 38.7806296, 9.0112613 ], [ 38.777837, 9.0134105 ], [ 38.7761009, 9.0118694 ], [ 38.7751447, 9.0097636 ], [ 38.7742957, 9.0098175 ], [ 38.7725128, 9.0102701 ], [ 38.7692515, 9.0104413 ], [ 38.7672657, 9.0106467 ], [ 38.7672256, 9.0115334 ], [ 38.767167, 9.0123421 ], [ 38.7654814, 9.0154268 ], [ 38.7623398, 9.017288 ], [ 38.7623666, 9.0174082 ], [ 38.7638895, 9.0199177 ], [ 38.7645123, 9.0221623 ], [ 38.7650922, 9.0223314 ], [ 38.7673037, 9.0253571 ], [ 38.7664952, 9.0274613 ], [ 38.7633917, 9.0291295 ], [ 38.7625209, 9.0267749 ], [ 38.7624111, 9.0266163 ], [ 38.76061330000001, 9.0273217 ], [ 38.7578226, 9.0286039 ], [ 38.7598172, 9.0314772 ] ] ] } },
{ "type": "Feature", "properties": { "threshold_s": 600, "time_label": "10 min drive" }, "geometry": { "type": "Polygon", "coordinates": [ [ [ 38.7423587, 9.0424788 ], [ 38.7466643, 9.047819 ], [ 38.7510974, 9.0515804 ], [ 38.7565047, 9.0554225 ], [ 38.761252, 9.0568683 ], [ 38.7680711, 9.0582347 ], [ 38.7750567, 9.0592265 ], [ 38.7804636, 9.0589097 ], [ 38.7876136, 9.0553217 ], [ 38.792129, 9.0494167 ], [ 38.7967241, 9.0428703 ], [ 38.7918929, 9.0415089 ], [ 38.7898711, 9.0353037 ], [ 38.7947311, 9.0312946 ], [ 38.7997189, 9.0335465 ], [ 38.8042312, 9.0365115 ], [ 38.8103267, 9.0327174 ], [ 38.8105209, 9.0319502 ], [ 38.810141, 9.0310664 ], [ 38.8106941, 9.0237117 ], [ 38.8136935, 9.0215161 ], [ 38.8137814, 9.0214542 ], [ 38.8133688, 9.0197109 ], [ 38.8117229, 9.0129526 ], [ 38.8096198, 9.0082847 ], [ 38.8070616, 9.0064311 ], [ 38.8024677, 9.0009613 ], [ 38.7948523, 8.9966292 ], [ 38.7910791, 8.9942343 ], [ 38.7887993, 8.9927548 ], [ 38.7847989, 8.9917454 ], [ 38.7771993, 8.9889938 ], [ 38.7725604, 8.990016 ], [ 38.7662967, 8.9928308 ], [ 38.7627677, 8.9945858 ], [ 38.7564876, 8.9990019 ], [ 38.7542811, 8.9997419 ], [ 38.7513207, 9.0020037 ], [ 38.7464049, 9.0076974 ], [ 38.7441227, 9.0100953 ], [ 38.7440647, 9.0101702 ], [ 38.7398939, 9.016366 ], [ 38.7391099, 9.0256144 ], [ 38.7385894, 9.026343 ], [ 38.7376407, 9.0344672 ], [ 38.7423587, 9.0424788 ] ] ] } },
{ "type": "Feature", "properties": { "threshold_s": 900, "time_label": "15 min drive" }, "geometry": { "type": "Polygon", "coordinates": [ [ [ 38.7268496, 9.0566972 ], [ 38.7332008, 9.0640745 ], [ 38.7419737, 9.0678634 ], [ 38.7500422, 9.0730608 ], [ 38.7581657, 9.0779184 ], [ 38.7592721, 9.0777621 ], [ 38.760237, 9.0773743 ], [ 38.7742804, 9.0774085 ], [ 38.7836453, 9.0772787 ], [ 38.7841657, 9.0771675 ], [ 38.7930049, 9.0729548 ], [ 38.7950405, 9.0717919 ], [ 38.8037418, 9.0616025 ], [ 38.8101988, 9.0532069 ], [ 38.8172729, 9.0474726 ], [ 38.825229, 9.0447535 ], [ 38.8274157, 9.0439226 ], [ 38.8296566, 9.0422778 ], [ 38.830456, 9.0411756 ], [ 38.8344861, 9.0288858 ], [ 38.8375525, 9.0214989 ], [ 38.8353683, 9.0113968 ], [ 38.8303265, 9.0044892 ], [ 38.8255917, 8.9949582 ], [ 38.8192517, 8.9888928 ], [ 38.8166645, 8.988021 ], [ 38.8066972, 8.9860036 ], [ 38.8035562, 8.9852867 ], [ 38.8021619, 8.9853275 ], [ 38.7996331, 8.9854045 ], [ 38.7899075, 8.9859732 ], [ 38.7880106, 8.9854871 ], [ 38.7777914, 8.9763594 ], [ 38.7755072, 8.9716351 ], [ 38.7652743, 8.9732919 ], [ 38.7576654, 8.9743967 ], [ 38.749145, 8.9780892 ], [ 38.7393433, 8.9852712 ], [ 38.7388376, 8.9858469 ], [ 38.7345606, 8.9911895 ], [ 38.7306458, 8.9975836 ], [ 38.7292146, 9.0052443 ], [ 38.7212262, 9.0115404 ], [ 38.7211895, 9.0115916 ], [ 38.7189649, 9.020793 ], [ 38.7179031, 9.0252248 ], [ 38.7180884, 9.0376727 ], [ 38.7180375, 9.0394362 ], [ 38.7187666, 9.0411715 ], [ 38.7217462, 9.0482593 ], [ 38.725493899999989, 9.0546703 ], [ 38.7268496, 9.0566972 ] ] ] } },
{ "type": "Feature", "properties": { "threshold_s": 300, "time_label": "5 min drive" }, "geometry": { "type": "Polygon", "coordinates": [ [ [ 38.7754273, 9.0227795 ], [ 38.7764432, 9.0256874 ], [ 38.77690290000001, 9.0259574 ], [ 38.7778281, 9.0263133 ], [ 38.7783603, 9.0264075 ], [ 38.7818751, 9.0269915 ], [ 38.7841265, 9.0281899 ], [ 38.7844465, 9.0283163 ], [ 38.784561, 9.0283085 ], [ 38.7866034, 9.0262502 ], [ 38.7876445, 9.0248495 ], [ 38.7884448, 9.0237016 ], [ 38.7888143, 9.0228996 ], [ 38.7923591, 9.0212951 ], [ 38.7929892, 9.0212511 ], [ 38.7933946, 9.0212397 ], [ 38.7947935, 9.0210845 ], [ 38.7949134, 9.0210762 ], [ 38.7949194, 9.0209783 ], [ 38.7972575, 9.0171011 ], [ 38.7984096, 9.0131613 ], [ 38.7993051, 9.0096285 ], [ 38.8006423, 9.0056999 ], [ 38.797986, 9.0026206 ], [ 38.7955181, 9.0020965 ], [ 38.7946719, 8.9978068 ], [ 38.7951352, 8.9973643 ], [ 38.7948523, 8.9966292 ], [ 38.7935455, 8.9953446 ], [ 38.7917543, 8.9922639 ], [ 38.7885437, 8.9923131 ], [ 38.7847861, 8.9907155 ], [ 38.7823858, 8.9901732 ], [ 38.7779312, 8.9897209 ], [ 38.7769009, 8.9885584 ], [ 38.776855, 8.9886044 ], [ 38.7768315, 8.9896015 ], [ 38.7769319, 8.990373 ], [ 38.7744098, 8.993727 ], [ 38.7741375, 8.9945623 ], [ 38.7717799, 8.9976465 ], [ 38.768846, 8.999063 ], [ 38.7672202, 9.0015599 ], [ 38.7671183, 9.0031016 ], [ 38.7663964, 9.0070441 ], [ 38.7672577, 9.0104737 ], [ 38.7672256, 9.0115334 ], [ 38.769726, 9.0132853 ], [ 38.7693626, 9.0163824 ], [ 38.7703065, 9.0178326 ], [ 38.771192, 9.0184455 ], [ 38.7742102, 9.0174735 ], [ 38.7741335, 9.0152535 ], [ 38.776373, 9.0129175 ], [ 38.7790322, 9.0148252 ], [ 38.7807383, 9.0166185 ], [ 38.7800908, 9.0202484 ], [ 38.7774773, 9.0226485 ], [ 38.7764838, 9.0227621 ], [ 38.7754273, 9.0227795 ] ] ] } },
{ "type": "Feature", "properties": { "threshold_s": 600, "time_label": "10 min drive" }, "geometry": { "type": "Polygon", "coordinates": [ [ [ 38.7575617, 9.0352112 ], [ 38.7582831, 9.0359975 ], [ 38.7656921, 9.042178 ], [ 38.7733985, 9.0448605 ], [ 38.7837469, 9.0442561 ], [ 38.7848159, 9.0430688 ], [ 38.788646, 9.0371199 ], [ 38.788999, 9.0366321 ], [ 38.7997189, 9.0335465 ], [ 38.8100499, 9.0316977 ], [ 38.8169372, 9.0230296 ], [ 38.8199606, 9.0189684 ], [ 38.8172691, 9.0119811 ], [ 38.8192986, 9.0050052 ], [ 38.819705399999989, 9.0040656 ], [ 38.8176652, 8.9945341 ], [ 38.8152255, 8.9912287 ], [ 38.8137651, 8.9900424 ], [ 38.8097735, 8.9869675 ], [ 38.8035562, 8.9852867 ], [ 38.8021619, 8.9853275 ], [ 38.7996331, 8.9854045 ], [ 38.7899075, 8.9859732 ], [ 38.7880106, 8.9854871 ], [ 38.7855757, 8.9849273 ], [ 38.7787516, 8.9794447 ], [ 38.7777914, 8.9763594 ], [ 38.7759295, 8.9724099 ], [ 38.7755072, 8.9716351 ], [ 38.7656622, 8.9723626 ], [ 38.7643596, 8.9731872 ], [ 38.7579608, 8.9816198 ], [ 38.7521468, 8.9901247 ], [ 38.7491455, 8.9930873 ], [ 38.747904, 8.994513 ], [ 38.7493724, 8.9970314 ], [ 38.7483563, 9.0064761 ], [ 38.7445255, 9.010739 ], [ 38.7458373, 9.0155904 ], [ 38.7458578, 9.0156628 ], [ 38.7494123, 9.0211759 ], [ 38.7505797, 9.0229467 ], [ 38.7552732, 9.0313196 ], [ 38.7575617, 9.0352112 ] ] ] } },
{ "type": "Feature", "properties": { "threshold_s": 900, "time_label": "15 min drive" }, "geometry": { "type": "Polygon", "coordinates": [ [ [ 38.7419115, 9.0474839 ], [ 38.7446104, 9.0506486 ], [ 38.7446992, 9.0507129 ], [ 38.7489405, 9.0536645 ], [ 38.7574072, 9.0591695 ], [ 38.7586513, 9.0597989 ], [ 38.7603664, 9.0605291 ], [ 38.7693323, 9.0625728 ], [ 38.7699458, 9.0626987 ], [ 38.7734954, 9.063426 ], [ 38.7749442, 9.0634606 ], [ 38.780483, 9.0621365 ], [ 38.7897943, 9.0594104 ], [ 38.7899904, 9.0583905 ], [ 38.792129, 9.0494167 ], [ 38.7967241, 9.0428703 ], [ 38.8041703, 9.044401 ], [ 38.8069644, 9.0447637 ], [ 38.8138581, 9.046302 ], [ 38.8163043, 9.0466448 ], [ 38.8166174, 9.046587 ], [ 38.8167786, 9.0465382 ], [ 38.8258331, 9.0438902 ], [ 38.8288784, 9.0413308 ], [ 38.8292683, 9.0408404 ], [ 38.8313827, 9.0380374 ], [ 38.8380725, 9.0302644 ], [ 38.8383592, 9.0296847 ], [ 38.8418171, 9.0213402 ], [ 38.8397905, 9.0108774 ], [ 38.8349131, 9.0008394 ], [ 38.8352029, 8.9923179 ], [ 38.8357896, 8.9896223 ], [ 38.8359111, 8.9889212 ], [ 38.8352095, 8.987341 ], [ 38.834897, 8.9868345 ], [ 38.8342745, 8.9862466 ], [ 38.8276114, 8.9765701 ], [ 38.8267913, 8.9748659 ], [ 38.8247582, 8.9743625 ], [ 38.8211327, 8.9767138 ], [ 38.8208006, 8.9803978 ], [ 38.817983, 8.985495 ], [ 38.8097735, 8.9869675 ], [ 38.8079529, 8.9863615 ], [ 38.8066972, 8.9860036 ], [ 38.8035562, 8.9852867 ], [ 38.8021619, 8.9853275 ], [ 38.7996331, 8.9854045 ], [ 38.7971379, 8.9861223 ], [ 38.7899075, 8.9859732 ], [ 38.7880106, 8.9854871 ], [ 38.7855757, 8.9849273 ], [ 38.7842988, 8.9845215 ], [ 38.7787516, 8.9794447 ], [ 38.7777914, 8.9763594 ], [ 38.7828796, 8.9680649 ], [ 38.7909604, 8.9677523 ], [ 38.7914937, 8.9674282 ], [ 38.7923209, 8.9649386 ], [ 38.7915874, 8.9620308 ], [ 38.7910549, 8.9607763 ], [ 38.7906901, 8.960103 ], [ 38.7900039, 8.9597218 ], [ 38.7846847, 8.9578451 ], [ 38.7743597, 8.9549174 ], [ 38.7708151, 8.9532883 ], [ 38.766852, 8.953155 ], [ 38.7659699, 8.9533813 ], [ 38.7628206, 8.9541914 ], [ 38.7547858, 8.9606474 ], [ 38.753106, 8.9623967 ], [ 38.7502526, 8.965364 ], [ 38.7414916, 8.9728964 ], [ 38.7400277, 8.9744338 ], [ 38.7377935, 8.9768912 ], [ 38.7360174, 8.9790305 ], [ 38.7317325, 8.9889656 ], [ 38.7302594, 8.9977804 ], [ 38.7284978, 9.0065722 ], [ 38.726517, 9.0109459 ], [ 38.7253784, 9.0132798 ], [ 38.7247722, 9.0152427 ], [ 38.724787, 9.0155262 ], [ 38.7255172, 9.019411 ], [ 38.7257914, 9.0199832 ], [ 38.7323501, 9.0289703 ], [ 38.7341834, 9.0342732 ], [ 38.736942, 9.0414868 ], [ 38.7419115, 9.0474839 ] ] ] } },
{ "type": "Feature", "properties": { "threshold_s": 300, "time_label": "5 min drive" }, "geometry": { "type": "Polygon", "coordinates": [ [ [ 38.7260779, 9.0148033 ], [ 38.7255172, 9.019411 ], [ 38.7293861, 9.0222422 ], [ 38.7312551, 9.0229574 ], [ 38.733439, 9.0256799 ], [ 38.7339029, 9.0265663 ], [ 38.7352941, 9.0281731 ], [ 38.7370122, 9.0313842 ], [ 38.7371646, 9.0314924 ], [ 38.7374792, 9.0316971 ], [ 38.7414059, 9.0321356 ], [ 38.7414978, 9.0321403 ], [ 38.7448118, 9.0317249 ], [ 38.7472213, 9.032079 ], [ 38.7489523, 9.0289841 ], [ 38.7516948, 9.0287486 ], [ 38.7526328, 9.0285574 ], [ 38.7552246, 9.0265647 ], [ 38.7572955, 9.0263761 ], [ 38.7573693, 9.0258112 ], [ 38.7605536, 9.0224021 ], [ 38.76068, 9.0184747 ], [ 38.7623666, 9.0174082 ], [ 38.7631065, 9.0171496 ], [ 38.7629355, 9.0171841 ], [ 38.7623398, 9.017288 ], [ 38.7587022, 9.0179263 ], [ 38.7566767, 9.0148583 ], [ 38.7586435, 9.0127141 ], [ 38.7593389, 9.0118938 ], [ 38.7627631, 9.0110202 ], [ 38.7629096, 9.0108249 ], [ 38.7588742, 9.0086394 ], [ 38.7583092, 9.0077312 ], [ 38.7574847, 9.0045057 ], [ 38.7574893, 9.0040118 ], [ 38.7567516, 9.0025752 ], [ 38.7564305, 9.0022735 ], [ 38.7529826, 8.9985042 ], [ 38.7509915, 8.9971759 ], [ 38.7488863, 8.9945447 ], [ 38.7479201, 8.9931029 ], [ 38.7447426, 8.992513 ], [ 38.7430905, 8.9948971 ], [ 38.7390878, 8.9934914 ], [ 38.7381707, 8.9924364 ], [ 38.7376045, 8.9950873 ], [ 38.7371778, 8.998569 ], [ 38.7346404, 9.0011646 ], [ 38.7325948, 9.0017547 ], [ 38.732501, 9.001813 ], [ 38.730182, 9.0046135 ], [ 38.7285474, 9.0064755 ], [ 38.7284978, 9.0065722 ], [ 38.7286855, 9.0089895 ], [ 38.7270118, 9.0118618 ], [ 38.7264951, 9.0122563 ], [ 38.7253784, 9.0132798 ], [ 38.7260779, 9.0148033 ] ] ] } },
{ "type": "Feature", "properties": { "threshold_s": 600, "time_label": "10 min drive" }, "geometry": { "type": "Polygon", "coordinates": [ [ [ 38.7212554, 9.040781 ], [ 38.7246908, 9.0446318 ], [ 38.7254776, 9.045125 ], [ 38.7288047, 9.0464712 ], [ 38.732672, 9.0489328 ], [ 38.7337702, 9.049386 ], [ 38.7350283, 9.0497923 ], [ 38.7361972, 9.0499944 ], [ 38.7414067, 9.0496045 ], [ 38.7452884, 9.0498578 ], [ 38.7522729, 9.0489789 ], [ 38.7568986, 9.0481555 ], [ 38.761383, 9.0436452 ], [ 38.7643838, 9.0388039 ], [ 38.7690897, 9.034443 ], [ 38.7724072, 9.0321943 ], [ 38.772458, 9.0321153 ], [ 38.7739974, 9.0298455 ], [ 38.7783603, 9.0264075 ], [ 38.7811059, 9.0234327 ], [ 38.7809206, 9.0228037 ], [ 38.7804623, 9.0179874 ], [ 38.7834846, 9.01484 ], [ 38.7834729, 9.0142678 ], [ 38.7816411, 9.0083637 ], [ 38.7822177, 9.004539 ], [ 38.782213, 9.0034965 ], [ 38.7819455, 9.0018084 ], [ 38.7811529, 9.0017307 ], [ 38.7763283, 8.9988565 ], [ 38.775132, 8.9958947 ], [ 38.7748685, 8.9939269 ], [ 38.7749201, 8.9927977 ], [ 38.7737218, 8.9925375 ], [ 38.7698437, 8.9919916 ], [ 38.7668265, 8.9878834 ], [ 38.7653051, 8.9847209 ], [ 38.764893, 8.9839074 ], [ 38.7641478, 8.9825755 ], [ 38.759488, 8.9783088 ], [ 38.7549105, 8.9779306 ], [ 38.7514303, 8.9744156 ], [ 38.746781, 8.971892 ], [ 38.7447323, 8.9722946 ], [ 38.7379927, 8.9718926 ], [ 38.7316457, 8.9735441 ], [ 38.7283872, 8.9787856 ], [ 38.7270547, 8.9798003 ], [ 38.7239528, 8.9834432 ], [ 38.7192004, 8.9837121 ], [ 38.7184726, 8.9834798 ], [ 38.7156765, 8.9901822 ], [ 38.7140761, 8.9957769 ], [ 38.7142567, 8.9991486 ], [ 38.7143733, 9.0001679 ], [ 38.7142619, 9.0021177 ], [ 38.708577, 9.0058768 ], [ 38.706916, 9.0047807 ], [ 38.7068624, 9.0047688 ], [ 38.7061737, 9.0050794 ], [ 38.7067504, 9.0072226 ], [ 38.7049219, 9.0129477 ], [ 38.7039792, 9.0154229 ], [ 38.7040066, 9.0158739 ], [ 38.7085474, 9.0208282 ], [ 38.7111993, 9.0218779 ], [ 38.7150309, 9.0279479 ], [ 38.7149748, 9.0286311 ], [ 38.7149476, 9.0290394 ], [ 38.714946, 9.0291351 ], [ 38.7149185, 9.0297554 ], [ 38.7148861, 9.0304154 ], [ 38.7148648, 9.0307692 ], [ 38.7148404, 9.0311011 ], [ 38.7148158, 9.0314804 ], [ 38.7146782, 9.0325913 ], [ 38.7144605, 9.0335861 ], [ 38.7144506, 9.0337805 ], [ 38.7200079, 9.0383962 ], [ 38.7212554, 9.040781 ] ] ] } },
{ "type": "Feature", "properties": { "threshold_s": 900, "time_label": "15 min drive" }, "geometry": { "type": "Polygon", "coordinates": [ [ [ 38.6963905, 9.042144 ], [ 38.7004459, 9.0475573 ], [ 38.700871, 9.047909 ], [ 38.703749, 9.0495572 ], [ 38.7132052, 9.0575036 ], [ 38.717228, 9.0626398 ], [ 38.7189063, 9.0637102 ], [ 38.725163, 9.0667493 ], [ 38.7282845, 9.0682614 ], [ 38.7411393, 9.0688328 ], [ 38.7471928, 9.0699367 ], [ 38.7483146, 9.069932 ], [ 38.7506441, 9.0695182 ], [ 38.7632525, 9.0681766 ], [ 38.7644728, 9.0673727 ], [ 38.7702477, 9.0634388 ], [ 38.7766787, 9.0570432 ], [ 38.7858018, 9.0466865 ], [ 38.7866463, 9.0460558 ], [ 38.7877241, 9.0438592 ], [ 38.7898711, 9.0353037 ], [ 38.7978825, 9.0305589 ], [ 38.8000767, 9.0287239 ], [ 38.805639, 9.019272 ], [ 38.8049849, 9.0180621 ], [ 38.802184, 9.0074508 ], [ 38.8028741, 9.0016579 ], [ 38.7976136, 8.9913002 ], [ 38.7963341, 8.9900894 ], [ 38.7942992, 8.9887271 ], [ 38.791375, 8.9871117 ], [ 38.788826, 8.985809 ], [ 38.7879749, 8.9856538 ], [ 38.7777914, 8.9763594 ], [ 38.7756114, 8.9726492 ], [ 38.7675517, 8.9626474 ], [ 38.764001, 8.9574999 ], [ 38.7513073, 8.9527953 ], [ 38.7503719, 8.9529388 ], [ 38.7440355, 8.9568756 ], [ 38.7324205, 8.9523999 ], [ 38.7283475, 8.9555789 ], [ 38.716926, 8.9620024 ], [ 38.7168183, 8.9621724 ], [ 38.7144134, 8.9664039 ], [ 38.7058908, 8.9758363 ], [ 38.6966021, 8.9827012 ], [ 38.6973507, 8.9856199 ], [ 38.6922561, 8.9985884 ], [ 38.6903593, 9.0000015 ], [ 38.6884551, 9.0011586 ], [ 38.685999, 9.0023312 ], [ 38.6846096, 9.0035381 ], [ 38.6838083, 9.0043212 ], [ 38.6853227, 9.0169982 ], [ 38.685514, 9.0220428 ], [ 38.6860853, 9.0233237 ], [ 38.6886603, 9.0249395 ], [ 38.6937515, 9.0364866 ], [ 38.6956125, 9.0407087 ], [ 38.6963905, 9.042144 ] ] ] } },
{ "type": "Feature", "properties": { "threshold_s": 300, "time_label": "5 min drive" }, "geometry": { "type": "Polygon", "coordinates": [ [ [ 38.7606675, 8.9737722 ], [ 38.7605834, 8.9740789 ], [ 38.7675943, 8.9771417 ], [ 38.7677779, 8.9768147 ], [ 38.770035, 8.9725261 ], [ 38.7705231, 8.9704184 ], [ 38.7715801, 8.967035 ], [ 38.7746049, 8.9599046 ], [ 38.7790044, 8.9553408 ], [ 38.7799856, 8.9537872 ], [ 38.7819724, 8.9502332 ], [ 38.7808579, 8.9485282 ], [ 38.7803555, 8.947835 ], [ 38.7770043, 8.9450488 ], [ 38.7737989, 8.941475 ], [ 38.7732076, 8.9412051 ], [ 38.768943, 8.9425753 ], [ 38.7665323, 8.9445711 ], [ 38.7610491, 8.9474346 ], [ 38.7560588, 8.9495278 ], [ 38.7555076, 8.9500644 ], [ 38.7522695, 8.9557674 ], [ 38.751267, 8.9588528 ], [ 38.7518256, 8.961464 ], [ 38.7537374, 8.9637344 ], [ 38.7567186, 8.9656751 ], [ 38.7606675, 8.9737722 ] ] ] } },
{ "type": "Feature", "properties": { "threshold_s": 600, "time_label": "10 min drive" }, "geometry": { "type": "Polygon", "coordinates": [ [ [ 38.754675, 8.9938327 ], [ 38.7551742, 8.9943823 ], [ 38.7562131, 8.9949711 ], [ 38.7597039, 8.9959808 ], [ 38.7651636, 8.9925779 ], [ 38.766284, 8.9921399 ], [ 38.767554, 8.9911426 ], [ 38.7760312, 8.9904485 ], [ 38.7786812, 8.9916294 ], [ 38.7790306, 8.991548 ], [ 38.7822305, 8.9904055 ], [ 38.7880106, 8.9854871 ], [ 38.7842988, 8.9845215 ], [ 38.7787516, 8.9794447 ], [ 38.7777914, 8.9763594 ], [ 38.7773623, 8.9752898 ], [ 38.7804589, 8.9680504 ], [ 38.7828796, 8.9680649 ], [ 38.7909604, 8.9677523 ], [ 38.7919347, 8.9698281 ], [ 38.7943107, 8.9661168 ], [ 38.7968244, 8.958413 ], [ 38.7965468, 8.9561463 ], [ 38.798652, 8.9492024 ], [ 38.7988172, 8.9457455 ], [ 38.7984793, 8.9453468 ], [ 38.7931886, 8.9442637 ], [ 38.7925422, 8.9440127 ], [ 38.7905252, 8.9433251 ], [ 38.7855926, 8.941632 ], [ 38.7888944, 8.9340646 ], [ 38.788127, 8.933209 ], [ 38.7819461, 8.9291482 ], [ 38.7830064, 8.9257519 ], [ 38.7830257, 8.9256397 ], [ 38.7818295, 8.9241693 ], [ 38.7806285, 8.9245363 ], [ 38.7799953, 8.9248947 ], [ 38.7718448, 8.9242827 ], [ 38.7710707, 8.9251297 ], [ 38.7672173, 8.927562 ], [ 38.76256, 8.9268132 ], [ 38.7550425, 8.9308073 ], [ 38.753863, 8.9311467 ], [ 38.7455405, 8.9318942 ], [ 38.7431068, 8.932231 ], [ 38.7423478, 8.932887 ], [ 38.741327, 8.9348191 ], [ 38.7413398, 8.9351319 ], [ 38.7414449, 8.9368228 ], [ 38.741641, 8.938018 ], [ 38.7382074, 8.9452196 ], [ 38.7379644, 8.9455563 ], [ 38.7365994, 8.9487018 ], [ 38.7363612, 8.9498128 ], [ 38.7366857, 8.9505038 ], [ 38.7372737, 8.9516334 ], [ 38.7381752, 8.9526622 ], [ 38.7403759, 8.9568763 ], [ 38.7404933, 8.9609058 ], [ 38.7358658, 8.966419 ], [ 38.7370821, 8.9725794 ], [ 38.7377431, 8.9730167 ], [ 38.739079, 8.9734757 ], [ 38.7450618, 8.9777032 ], [ 38.7466011, 8.9797147 ], [ 38.7489975, 8.9855754 ], [ 38.7537883, 8.9923434 ], [ 38.7544561, 8.9934995 ], [ 38.754675, 8.9938327 ] ] ] } },
{ "type": "Feature", "properties": { "threshold_s": 900, "time_label": "15 min drive" }, "geometry": { "type": "Polygon", "coordinates": [ [ [ 38.7370366, 9.0028356 ], [ 38.7380116, 9.003884 ], [ 38.7463103, 9.0094412 ], [ 38.7506302, 9.0141687 ], [ 38.7526023, 9.0162803 ], [ 38.7526934, 9.0162866 ], [ 38.7555926, 9.0160591 ], [ 38.762877, 9.0129834 ], [ 38.7746465, 9.0115406 ], [ 38.7778035, 9.0124771 ], [ 38.7817494, 9.0139229 ], [ 38.7877303, 9.0086557 ], [ 38.7887931, 9.0078893 ], [ 38.7988803, 9.0029634 ], [ 38.8005828, 9.0033783 ], [ 38.8012889, 9.0015944 ], [ 38.8048125, 8.9901822 ], [ 38.8047893, 8.9897114 ], [ 38.8035562, 8.9852867 ], [ 38.8021619, 8.9853275 ], [ 38.7996331, 8.9854045 ], [ 38.7971379, 8.9861223 ], [ 38.7899075, 8.9859732 ], [ 38.7880106, 8.9854871 ], [ 38.7855757, 8.9849273 ], [ 38.7842988, 8.9845215 ], [ 38.7787516, 8.9794447 ], [ 38.7828796, 8.9680649 ], [ 38.7919347, 8.9698281 ], [ 38.8034373, 8.9661348 ], [ 38.8101965, 8.9693466 ], [ 38.813615, 8.9669886 ], [ 38.815565, 8.9656738 ], [ 38.8154065, 8.963706 ], [ 38.8124115, 8.9554505 ], [ 38.8081755, 8.9500842 ], [ 38.8082707, 8.9383955 ], [ 38.8035004, 8.9353497 ], [ 38.7972715, 8.9256087 ], [ 38.8001909, 8.9202161 ], [ 38.7994757, 8.917382 ], [ 38.7990814, 8.917427 ], [ 38.7891434, 8.9175704 ], [ 38.7874324, 8.9128207 ], [ 38.7876535, 8.9105968 ], [ 38.7880267, 8.90952 ], [ 38.7759595, 8.9096154 ], [ 38.775429699999989, 8.9093504 ], [ 38.7741463, 8.908729 ], [ 38.771959, 8.9073202 ], [ 38.7665784, 8.9035445 ], [ 38.7649142, 8.9036505 ], [ 38.7629496, 8.9049154 ], [ 38.7597911, 8.9070203 ], [ 38.7522289, 8.9133372 ], [ 38.7451355, 8.9129011 ], [ 38.7439879, 8.9126133 ], [ 38.7355496, 8.9142195 ], [ 38.7320393, 8.9151647 ], [ 38.7316133, 8.9153253 ], [ 38.729798, 8.9165287 ], [ 38.726508, 8.9250876 ], [ 38.722264, 8.9350996 ], [ 38.7206843, 8.9373775 ], [ 38.7203867, 8.9379481 ], [ 38.7160271, 8.9466835 ], [ 38.7156762, 8.9492308 ], [ 38.7152351, 8.9533386 ], [ 38.7194594, 8.9637194 ], [ 38.7182221, 8.9675577 ], [ 38.7176571, 8.9696675 ], [ 38.7176063, 8.970535 ], [ 38.7177841, 8.9708986 ], [ 38.7181224, 8.9714796 ], [ 38.7187499, 8.972423 ], [ 38.7233107, 8.975741 ], [ 38.7258008, 8.9824669 ], [ 38.7260556, 8.9834392 ], [ 38.7265869, 8.9850391 ], [ 38.7322609, 8.9956067 ], [ 38.7324621, 8.9965338 ], [ 38.7370366, 9.0028356 ] ] ] } },
{ "type": "Feature", "properties": { "threshold_s": 300, "time_label": "5 min drive" }, "geometry": { "type": "Polygon", "coordinates": [ [ [ 38.6717959, 8.9928207 ], [ 38.672361, 8.9936586 ], [ 38.6770994, 8.9962043 ], [ 38.6788809, 8.9981233 ], [ 38.68330060000001, 8.9982141 ], [ 38.6871387, 8.9985344 ], [ 38.6883786, 8.9984734 ], [ 38.6937337, 8.9950761 ], [ 38.6960672, 8.9936693 ], [ 38.7007931, 8.9898825 ], [ 38.7032283, 8.9884006 ], [ 38.7083752, 8.9874839 ], [ 38.708532, 8.9873345 ], [ 38.7086718, 8.9871707 ], [ 38.7085346, 8.9827871 ], [ 38.7080404, 8.9775064 ], [ 38.7070095, 8.974571 ], [ 38.706796, 8.9742407 ], [ 38.7044645, 8.971637 ], [ 38.7001897, 8.9677934 ], [ 38.6986901, 8.9671433 ], [ 38.6934292, 8.9639384 ], [ 38.687949, 8.9628028 ], [ 38.6842165, 8.9632529 ], [ 38.6829673, 8.9643809 ], [ 38.6776712, 8.96827 ], [ 38.676766, 8.9679733 ], [ 38.6757541, 8.9675625 ], [ 38.6730241, 8.9715728 ], [ 38.6708015, 8.9744549 ], [ 38.6696851, 8.9794032 ], [ 38.6699653, 8.9845572 ], [ 38.6700851, 8.9872454 ], [ 38.6715114, 8.9923428 ], [ 38.6717959, 8.9928207 ] ] ] } },
{ "type": "Feature", "properties": { "threshold_s": 600, "time_label": "10 min drive" }, "geometry": { "type": "Polygon", "coordinates": [ [ [ 38.6571336, 9.0025919 ], [ 38.6634326, 9.009606 ], [ 38.6639424, 9.0100505 ], [ 38.6725207, 9.0155036 ], [ 38.6760016, 9.0169752 ], [ 38.6785175, 9.017517 ], [ 38.6895534, 9.0148149 ], [ 38.700685, 9.0162201 ], [ 38.7049651, 9.0102282 ], [ 38.7104613, 9.0066437 ], [ 38.7193601, 9.0036258 ], [ 38.7243548, 8.9985074 ], [ 38.725241, 8.9974296 ], [ 38.7258931, 8.995587 ], [ 38.726614, 8.990508 ], [ 38.7269716, 8.9869227 ], [ 38.7282267, 8.9758101 ], [ 38.727375, 8.9653815 ], [ 38.722286, 8.9618665 ], [ 38.714075, 8.9548655 ], [ 38.7041401, 8.9498902 ], [ 38.7025123, 8.9486786 ], [ 38.6986957, 8.9471326 ], [ 38.6951512, 8.9459959 ], [ 38.6920707, 8.9453342 ], [ 38.6905016, 8.9452183 ], [ 38.6891564, 8.9457474 ], [ 38.6857911, 8.9478075 ], [ 38.6827701, 8.9512545 ], [ 38.6748818, 8.9586978 ], [ 38.6726743, 8.9593681 ], [ 38.6665157, 8.9610838 ], [ 38.6642035, 8.9613076 ], [ 38.6559536, 8.9655129 ], [ 38.6541805, 8.9664143 ], [ 38.6501829, 8.9730037 ], [ 38.6498903, 8.9752845 ], [ 38.652366, 8.9767575 ], [ 38.6591364, 8.9831608 ], [ 38.6599191, 8.9867243 ], [ 38.6597476, 8.9909745 ], [ 38.6571979, 8.9981492 ], [ 38.6564447, 8.9994631 ], [ 38.6563329, 8.9997596 ], [ 38.6566052, 9.0007335 ], [ 38.6571336, 9.0025919 ] ] ] } },
{ "type": "Feature", "properties": { "threshold_s": 900, "time_label": "15 min drive" }, "geometry": { "type": "Polygon", "coordinates": [ [ [ 38.6677046, 9.0206026 ], [ 38.6673797, 9.0328654 ], [ 38.6737858, 9.0336883 ], [ 38.6889149, 9.0310774 ], [ 38.6999695, 9.0315076 ], [ 38.7000958, 9.031511 ], [ 38.7135566, 9.0297946 ], [ 38.7147073, 9.0292698 ], [ 38.7245026, 9.0226627 ], [ 38.7317332, 9.0179276 ], [ 38.7374698, 9.0110916 ], [ 38.7405633, 9.0055545 ], [ 38.7435959, 8.9936548 ], [ 38.743852, 8.9924399 ], [ 38.7450682, 8.9814169 ], [ 38.7459167, 8.972296 ], [ 38.7456054, 8.9686649 ], [ 38.7446508, 8.9617204 ], [ 38.7446168, 8.9616241 ], [ 38.73392590000001, 8.947373 ], [ 38.7275912, 8.9409882 ], [ 38.725296, 8.939928 ], [ 38.7084521, 8.9306944 ], [ 38.69870250000001, 8.9321675 ], [ 38.6829914, 8.9401098 ], [ 38.6802779, 8.943664 ], [ 38.6801187, 8.9442031 ], [ 38.6802028, 8.9447962 ], [ 38.6726743, 8.9593681 ], [ 38.6665157, 8.9610838 ], [ 38.6642035, 8.9613076 ], [ 38.6459675, 8.9622574 ], [ 38.6394242, 8.9690542 ], [ 38.6412482, 8.9735783 ], [ 38.6470757, 8.9771918 ], [ 38.6599191, 8.9867243 ], [ 38.6556959, 8.9968087 ], [ 38.6536896, 8.9992141 ], [ 38.6571336, 9.0025919 ], [ 38.6628655, 9.0098147 ], [ 38.6677046, 9.0206026 ] ] ] } },
{ "type": "Feature", "properties": { "threshold_s": 300, "time_label": "5 min drive" }, "geometry": { "type": "Polygon", "coordinates": [ [ [ 38.6695357, 8.9939639 ], [ 38.670602, 8.9957319 ], [ 38.6742204, 8.9966721 ], [ 38.674686, 8.9969842 ], [ 38.6754006, 8.9969078 ], [ 38.6759204, 8.9968656 ], [ 38.6795173, 8.9969239 ], [ 38.6823846, 8.9970603 ], [ 38.6840123, 8.9971694 ], [ 38.6865022, 8.9961824 ], [ 38.6883723, 8.9960103 ], [ 38.6892435, 8.9957267 ], [ 38.6927955, 8.9937808 ], [ 38.6947744, 8.9936273 ], [ 38.6960672, 8.9936693 ], [ 38.6962535, 8.9919348 ], [ 38.6963744, 8.9910169 ], [ 38.6978363, 8.9881056 ], [ 38.7003998, 8.9880626 ], [ 38.7027506, 8.987378 ], [ 38.7030097, 8.9870815 ], [ 38.7032445, 8.9867843 ], [ 38.7071906, 8.9860857 ], [ 38.7070064, 8.984556 ], [ 38.7069728, 8.9844382 ], [ 38.7065094, 8.98311 ], [ 38.7061603, 8.9795142 ], [ 38.7039784, 8.9764145 ], [ 38.7037504, 8.9758767 ], [ 38.7026882, 8.973226 ], [ 38.7022307, 8.9728978 ], [ 38.7018799, 8.9726839 ], [ 38.7011528, 8.9722359 ], [ 38.6995806, 8.9693043 ], [ 38.6994021, 8.9681829 ], [ 38.698344, 8.9679104 ], [ 38.6978643, 8.9678305 ], [ 38.6945107, 8.9656782 ], [ 38.6941809, 8.9645332 ], [ 38.6934292, 8.9639384 ], [ 38.6904121, 8.9635049 ], [ 38.6876692, 8.9633753 ], [ 38.6862583, 8.9620348 ], [ 38.6851023, 8.9612095 ], [ 38.6846973, 8.9618334 ], [ 38.6843044, 8.9624335 ], [ 38.6829673, 8.9643809 ], [ 38.6826561, 8.9659984 ], [ 38.6824067, 8.9665296 ], [ 38.6812171, 8.967792 ], [ 38.6776712, 8.96827 ], [ 38.6770407, 8.9659633 ], [ 38.6769655, 8.9655872 ], [ 38.6750852, 8.965344 ], [ 38.6739325, 8.9666882 ], [ 38.6737281, 8.9682092 ], [ 38.6715522, 8.9699736 ], [ 38.6714008, 8.9700852 ], [ 38.6708626, 8.9712687 ], [ 38.6689353, 8.9739135 ], [ 38.6678463, 8.9743978 ], [ 38.6675825, 8.9770341 ], [ 38.6675513, 8.9799474 ], [ 38.6676559, 8.9832663 ], [ 38.6672271, 8.9840226 ], [ 38.6678276, 8.9873628 ], [ 38.6687665, 8.990207 ], [ 38.6693582, 8.9931377 ], [ 38.6695357, 8.9939639 ] ] ] } },
{ "type": "Feature", "properties": { "threshold_s": 600, "time_label": "10 min drive" }, "geometry": { "type": "Polygon", "coordinates": [ [ [ 38.6571336, 9.0025919 ], [ 38.6628655, 9.0098147 ], [ 38.6714983, 9.0165334 ], [ 38.6783409, 9.0166908 ], [ 38.6789877, 9.0159768 ], [ 38.6911346, 9.012899 ], [ 38.6916764, 9.013044 ], [ 38.6988273, 9.0143871 ], [ 38.7022214, 9.0097532 ], [ 38.7105645, 9.0046979 ], [ 38.7209133, 8.9995602 ], [ 38.7218685, 8.9986844 ], [ 38.7240402, 8.9964315 ], [ 38.724852, 8.9872973 ], [ 38.7258704, 8.9763704 ], [ 38.7247438, 8.967833 ], [ 38.7244618, 8.9672045 ], [ 38.7240828, 8.96659 ], [ 38.7197271, 8.9634522 ], [ 38.7118163, 8.9556709 ], [ 38.7025123, 8.9486786 ], [ 38.6914446, 8.9435926 ], [ 38.6901756, 8.9436591 ], [ 38.6887951, 8.9441321 ], [ 38.6882049, 8.9443479 ], [ 38.6873268, 8.9449055 ], [ 38.6853129, 8.9467298 ], [ 38.6818976, 8.9499131 ], [ 38.6810593, 8.9510858 ], [ 38.6726743, 8.9593681 ], [ 38.6665157, 8.9610838 ], [ 38.6642035, 8.9613076 ], [ 38.6587322, 8.9645942 ], [ 38.6517075, 8.9656738 ], [ 38.6483427, 8.9718368 ], [ 38.6470757, 8.9771918 ], [ 38.6552121, 8.9784327 ], [ 38.6591364, 8.9831608 ], [ 38.6599191, 8.9867243 ], [ 38.6556959, 8.9968087 ], [ 38.6536896, 8.9992141 ], [ 38.6571336, 9.0025919 ] ] ] } },
{ "type": "Feature", "properties": { "threshold_s": 900, "time_label": "15 min drive" }, "geometry": { "type": "Polygon", "coordinates": [ [ [ 38.6677046, 9.0206026 ], [ 38.6673797, 9.0328654 ], [ 38.6736175, 9.0341897 ], [ 38.6747462, 9.0339577 ], [ 38.6867174, 9.0296986 ], [ 38.6990364, 9.0272256 ], [ 38.712215, 9.0277675 ], [ 38.713813, 9.0269732 ], [ 38.7229538, 9.0207489 ], [ 38.729859, 9.0157951 ], [ 38.7369414, 9.0093418 ], [ 38.739574, 9.0020448 ], [ 38.741397, 8.9923979 ], [ 38.7438287, 8.9779165 ], [ 38.7441065, 8.9712029 ], [ 38.744081799999989, 8.970068 ], [ 38.7436925, 8.9691386 ], [ 38.7364709, 8.9560006 ], [ 38.733206, 8.9497495 ], [ 38.7274624, 8.9427144 ], [ 38.722388, 8.9396579 ], [ 38.7086924, 8.9308698 ], [ 38.69870250000001, 8.9321675 ], [ 38.6829914, 8.9401098 ], [ 38.6802779, 8.943664 ], [ 38.6801187, 8.9442031 ], [ 38.6802028, 8.9447962 ], [ 38.6726743, 8.9593681 ], [ 38.6665157, 8.9610838 ], [ 38.6642035, 8.9613076 ], [ 38.6459675, 8.9622574 ], [ 38.6394242, 8.9690542 ], [ 38.6412482, 8.9735783 ], [ 38.6470757, 8.9771918 ], [ 38.6599191, 8.9867243 ], [ 38.6556959, 8.9968087 ], [ 38.6536896, 8.9992141 ], [ 38.6571336, 9.0025919 ], [ 38.6628655, 9.0098147 ], [ 38.6677046, 9.0206026 ] ] ] } },
{ "type": "Feature", "properties": { "threshold_s": 300, "time_label": "5 min drive" }, "geometry": { "type": "Polygon", "coordinates": [ [ [ 38.6626831, 9.0085445 ], [ 38.6628655, 9.0098147 ], [ 38.6639424, 9.0100505 ], [ 38.6642481, 9.0100611 ], [ 38.6688339, 9.0129433 ], [ 38.6686255, 9.0143765 ], [ 38.6699089, 9.0170229 ], [ 38.6716285, 9.0182875 ], [ 38.67532, 9.020087 ], [ 38.6780122, 9.0212638 ], [ 38.6787159, 9.0210077 ], [ 38.6808536, 9.0191275 ], [ 38.681619, 9.0184816 ], [ 38.6827081, 9.0175494 ], [ 38.6833655, 9.0164934 ], [ 38.6834097, 9.0155517 ], [ 38.6852123, 9.0110916 ], [ 38.6883806, 9.0099695 ], [ 38.6916923, 9.0116248 ], [ 38.6937039, 9.010903 ], [ 38.6944632, 9.0102068 ], [ 38.6950345, 9.0078756 ], [ 38.6973523, 9.0039701 ], [ 38.697561, 9.0016995 ], [ 38.6976004, 9.0010832 ], [ 38.6968923, 8.9977586 ], [ 38.6962866, 8.9963875 ], [ 38.6928823, 8.9928412 ], [ 38.6934387, 8.9903417 ], [ 38.6943288, 8.9889663 ], [ 38.6942783, 8.9886773 ], [ 38.6930928, 8.9865362 ], [ 38.6890043, 8.9849605 ], [ 38.683769, 8.9841505 ], [ 38.6808161, 8.9844314 ], [ 38.6764401, 8.9855017 ], [ 38.6734333, 8.9858703 ], [ 38.6719914, 8.9863006 ], [ 38.6706972, 8.9868768 ], [ 38.6661097, 8.9885241 ], [ 38.6637885, 8.9885527 ], [ 38.6632007, 8.9890478 ], [ 38.6621458, 8.9916837 ], [ 38.6616705, 8.9940787 ], [ 38.6644346, 8.9955622 ], [ 38.6656496, 8.9981478 ], [ 38.6626341, 9.0015813 ], [ 38.661055, 9.0013865 ], [ 38.6624893, 9.006765 ], [ 38.6626831, 9.0085445 ] ] ] } },
{ "type": "Feature", "properties": { "threshold_s": 600, "time_label": "10 min drive" }, "geometry": { "type": "Polygon", "coordinates": [ [ [ 38.6683244, 9.0228418 ], [ 38.6673797, 9.0328654 ], [ 38.6731223, 9.0357486 ], [ 38.6740987, 9.0360543 ], [ 38.6751573, 9.035714 ], [ 38.6844006, 9.0335746 ], [ 38.6886236, 9.0334932 ], [ 38.6893599, 9.0321662 ], [ 38.6898751, 9.0293634 ], [ 38.6981788, 9.0250816 ], [ 38.6992885, 9.0241647 ], [ 38.7074751, 9.020983 ], [ 38.7111993, 9.0218779 ], [ 38.7117864, 9.0218831 ], [ 38.7124227, 9.0211972 ], [ 38.7142421, 9.0127825 ], [ 38.7169937, 9.0107534 ], [ 38.7171111, 9.0106981 ], [ 38.7179508, 9.009018 ], [ 38.7185884, 9.0057496 ], [ 38.7173478, 9.0050825 ], [ 38.7162283, 9.0047435 ], [ 38.7147963, 8.9941534 ], [ 38.7153837, 8.9936301 ], [ 38.7129021, 8.9832206 ], [ 38.7128712, 8.9823967 ], [ 38.7110888, 8.9732445 ], [ 38.7056432, 8.97 ], [ 38.6990498, 8.9683497 ], [ 38.6919554, 8.9671813 ], [ 38.6879803, 8.9659944 ], [ 38.6826561, 8.9659984 ], [ 38.6754108, 8.9670566 ], [ 38.66777, 8.969967 ], [ 38.6593556, 8.9724405 ], [ 38.656703, 8.9747735 ], [ 38.6556631, 8.9757124 ], [ 38.6557073, 8.9761204 ], [ 38.6559909, 8.9769503 ], [ 38.6588786, 8.9823213 ], [ 38.6591364, 8.9831608 ], [ 38.6599191, 8.9867243 ], [ 38.6597476, 8.9909745 ], [ 38.6556959, 8.9968087 ], [ 38.6536896, 8.9992141 ], [ 38.6571336, 9.0025919 ], [ 38.6628655, 9.0098147 ], [ 38.6677543, 9.0181673 ], [ 38.6677046, 9.0206026 ], [ 38.6683244, 9.0228418 ] ] ] } },
{ "type": "Feature", "properties": { "threshold_s": 900, "time_label": "15 min drive" }, "geometry": { "type": "Polygon", "coordinates": [ [ [ 38.6673797, 9.0328654 ], [ 38.6746724, 9.0409686 ], [ 38.676438, 9.042549 ], [ 38.6852217, 9.0498367 ], [ 38.6860787, 9.0498525 ], [ 38.700185, 9.045623 ], [ 38.7180874, 9.0395235 ], [ 38.7188597, 9.0380442 ], [ 38.7194219, 9.0367678 ], [ 38.726417, 9.0232028 ], [ 38.7328694, 9.0196525 ], [ 38.7374932, 9.0112565 ], [ 38.7374698, 9.0110916 ], [ 38.7348559, 9.0063219 ], [ 38.7336018, 9.003818 ], [ 38.7314361, 8.9869853 ], [ 38.7314024, 8.9841974 ], [ 38.7322075, 8.9738249 ], [ 38.7313804, 8.9646008 ], [ 38.7309279, 8.9639437 ], [ 38.7252899, 8.9593217 ], [ 38.7164359, 8.9522134 ], [ 38.7152369, 8.9517939 ], [ 38.6985857, 8.9505474 ], [ 38.6907653, 8.9480209 ], [ 38.6899025, 8.9483695 ], [ 38.6893666, 8.9487706 ], [ 38.6874724, 8.950258 ], [ 38.6862534, 8.9512715 ], [ 38.6726743, 8.9593681 ], [ 38.6642035, 8.9613076 ], [ 38.6459675, 8.9622574 ], [ 38.6394242, 8.9690542 ], [ 38.6412482, 8.9735783 ], [ 38.6470757, 8.9771918 ], [ 38.6599191, 8.9867243 ], [ 38.6556959, 8.9968087 ], [ 38.6536896, 8.9992141 ], [ 38.6571336, 9.0025919 ], [ 38.6628655, 9.0098147 ], [ 38.6677046, 9.0206026 ], [ 38.6673797, 9.0328654 ] ] ] } },
{ "type": "Feature", "properties": { "threshold_s": 300, "time_label": "5 min drive" }, "geometry": { "type": "Polygon", "coordinates": [ [ [ 38.6625054, 8.9886391 ], [ 38.6635588, 8.99145 ], [ 38.6665785, 8.9923489 ], [ 38.669714, 8.9925046 ], [ 38.6706753, 8.9929395 ], [ 38.6739625, 8.9932507 ], [ 38.6764887, 8.9935881 ], [ 38.6784773, 8.9929335 ], [ 38.6819376, 8.9918227 ], [ 38.6832724, 8.9918546 ], [ 38.6848971, 8.9910625 ], [ 38.6849376, 8.990134 ], [ 38.6876628, 8.987783 ], [ 38.6881252, 8.9879536 ], [ 38.690057, 8.9870305 ], [ 38.6930267, 8.9858098 ], [ 38.6943827, 8.9854831 ], [ 38.6963983, 8.9825788 ], [ 38.6964134, 8.9825066 ], [ 38.6965081, 8.9820355 ], [ 38.6957721, 8.9810813 ], [ 38.6955568, 8.9774716 ], [ 38.6958018, 8.9765621 ], [ 38.696093, 8.9758514 ], [ 38.6954851, 8.9722444 ], [ 38.6952036, 8.9715293 ], [ 38.6933273, 8.9682663 ], [ 38.6926079, 8.9650782 ], [ 38.6913335, 8.9637169 ], [ 38.6892986, 8.9615884 ], [ 38.6879112, 8.9605351 ], [ 38.6859083, 8.9599987 ], [ 38.6854872, 8.9606094 ], [ 38.6851023, 8.9612095 ], [ 38.6846973, 8.9618334 ], [ 38.6843044, 8.9624335 ], [ 38.6829673, 8.9643809 ], [ 38.6826561, 8.9659984 ], [ 38.6824067, 8.9665296 ], [ 38.6812171, 8.967792 ], [ 38.6776712, 8.96827 ], [ 38.6770407, 8.9659633 ], [ 38.6773856, 8.9643239 ], [ 38.6774742, 8.9630305 ], [ 38.6782171, 8.961792 ], [ 38.6789749, 8.9608961 ], [ 38.6789842, 8.9605193 ], [ 38.679031, 8.9600722 ], [ 38.6781537, 8.9580395 ], [ 38.6748818, 8.9586978 ], [ 38.6726743, 8.9593681 ], [ 38.6715478, 8.9600093 ], [ 38.6706211, 8.9605736 ], [ 38.6671099, 8.9610446 ], [ 38.6665157, 8.9610838 ], [ 38.6636759, 8.9632288 ], [ 38.6627486, 8.9645499 ], [ 38.6621792, 8.9666637 ], [ 38.6619172, 8.9693722 ], [ 38.6608828, 8.9702574 ], [ 38.6598094, 8.9715023 ], [ 38.6593556, 8.9724405 ], [ 38.6590345, 8.9731658 ], [ 38.657659, 8.9760161 ], [ 38.6581723, 8.9794347 ], [ 38.6588786, 8.9823213 ], [ 38.6591364, 8.9831608 ], [ 38.6599191, 8.9867243 ], [ 38.6602985, 8.9869955 ], [ 38.6625054, 8.9886391 ] ] ] } },
{ "type": "Feature", "properties": { "threshold_s": 600, "time_label": "10 min drive" }, "geometry": { "type": "Polygon", "coordinates": [ [ [ 38.6566052, 9.0007335 ], [ 38.6571336, 9.0025919 ], [ 38.6655396, 9.0069947 ], [ 38.672095, 9.0129603 ], [ 38.6732114, 9.0137291 ], [ 38.6754194, 9.0138107 ], [ 38.6757093, 9.0137832 ], [ 38.6779194, 9.0131579 ], [ 38.6832798, 9.0113804 ], [ 38.6947194, 9.0060185 ], [ 38.6955259, 9.0050405 ], [ 38.6972299, 9.0030329 ], [ 38.7088699, 8.9958209 ], [ 38.7116758, 8.9942726 ], [ 38.7153861, 8.9920659 ], [ 38.7158974, 8.991191 ], [ 38.7165128, 8.983096 ], [ 38.7164206, 8.9811936 ], [ 38.7161679, 8.9790632 ], [ 38.7145808, 8.9708334 ], [ 38.7114121, 8.9645081 ], [ 38.7085708, 8.9583099 ], [ 38.7057675, 8.9497709 ], [ 38.7056469, 8.9493476 ], [ 38.7021178, 8.9472928 ], [ 38.6924702, 8.9422328 ], [ 38.6918481, 8.9419168 ], [ 38.6912566, 8.9416188 ], [ 38.6905998, 8.941313 ], [ 38.6896484, 8.9415089 ], [ 38.6875109, 8.9424284 ], [ 38.6866017, 8.9430893 ], [ 38.6830103, 8.9461655 ], [ 38.6821915, 8.9471979 ], [ 38.6810593, 8.9510858 ], [ 38.6726743, 8.9593681 ], [ 38.6665157, 8.9610838 ], [ 38.6642035, 8.9613076 ], [ 38.6627488, 8.9625355 ], [ 38.6587322, 8.9645942 ], [ 38.6459675, 8.9622574 ], [ 38.6394242, 8.9690542 ], [ 38.6412482, 8.9735783 ], [ 38.6470757, 8.9771918 ], [ 38.6591364, 8.9831608 ], [ 38.6599191, 8.9867243 ], [ 38.6597476, 8.9909745 ], [ 38.6564447, 8.9994631 ], [ 38.6563329, 8.9997596 ], [ 38.6566052, 9.0007335 ] ] ] } },
{ "type": "Feature", "properties": { "threshold_s": 900, "time_label": "15 min drive" }, "geometry": { "type": "Polygon", "coordinates": [ [ [ 38.6717275, 9.0313395 ], [ 38.672010899999989, 9.0319637 ], [ 38.6723572, 9.0320775 ], [ 38.6748468, 9.0311242 ], [ 38.684501, 9.026361 ], [ 38.6872441, 9.02617 ], [ 38.6985362, 9.0213647 ], [ 38.708634, 9.0190644 ], [ 38.7095179, 9.0185773 ], [ 38.7097721, 9.0172191 ], [ 38.7213199, 9.0119876 ], [ 38.721633, 9.0119422 ], [ 38.7225071, 9.0114307 ], [ 38.7199702, 9.0042617 ], [ 38.7268985, 8.9991841 ], [ 38.7274674, 8.99912 ], [ 38.7307139, 8.9976947 ], [ 38.7308209, 8.9976433 ], [ 38.7324621, 8.9965338 ], [ 38.7331104, 8.9960335 ], [ 38.7345019, 8.9862342 ], [ 38.7348683, 8.9754504 ], [ 38.7338521, 8.9650684 ], [ 38.732786, 8.9611908 ], [ 38.7313851, 8.9597377 ], [ 38.726556, 8.9489061 ], [ 38.7265286, 8.9487218 ], [ 38.7255168, 8.9391986 ], [ 38.7236356, 8.9382527 ], [ 38.7233156, 8.9380994 ], [ 38.7202856, 8.9368431 ], [ 38.710751, 8.9314628 ], [ 38.7095736, 8.9293885 ], [ 38.69870250000001, 8.9321675 ], [ 38.6985399, 8.9324667 ], [ 38.6983983, 8.9354585 ], [ 38.6875914, 8.9395825 ], [ 38.6866843, 8.9390464 ], [ 38.6859834, 8.9390791 ], [ 38.6829914, 8.9401098 ], [ 38.6802779, 8.943664 ], [ 38.6801187, 8.9442031 ], [ 38.6802028, 8.9447962 ], [ 38.6803925, 8.945542 ], [ 38.6804992, 8.9510846 ], [ 38.6726743, 8.9593681 ], [ 38.6665157, 8.9610838 ], [ 38.6642035, 8.9613076 ], [ 38.6627488, 8.9625355 ], [ 38.6587322, 8.9645942 ], [ 38.6459675, 8.9622574 ], [ 38.6394242, 8.9690542 ], [ 38.6412482, 8.9735783 ], [ 38.6470757, 8.9771918 ], [ 38.6552121, 8.9784327 ], [ 38.6591364, 8.9831608 ], [ 38.6599191, 8.9867243 ], [ 38.6556959, 8.9968087 ], [ 38.6536896, 8.9992141 ], [ 38.6571336, 9.0025919 ], [ 38.6628655, 9.0098147 ], [ 38.6677046, 9.0206026 ], [ 38.6683244, 9.0228418 ], [ 38.6717275, 9.0313395 ] ] ] } },
{ "type": "Feature", "properties": { "threshold_s": 300, "time_label": "5 min drive" }, "geometry": { "type": "Polygon", "coordinates": [ [ [ 38.7674265, 9.0166327 ], [ 38.7677259, 9.0197702 ], [ 38.7713573, 9.0204686 ], [ 38.7744601, 9.0203401 ], [ 38.7772229, 9.0183928 ], [ 38.7803991, 9.020821 ], [ 38.7806625, 9.023328 ], [ 38.780626, 9.0234549 ], [ 38.7807673, 9.0234956 ], [ 38.7811059, 9.0234327 ], [ 38.7854499, 9.0200894 ], [ 38.7865467, 9.0196378 ], [ 38.7893058, 9.018637 ], [ 38.7924931, 9.0146112 ], [ 38.7961516, 9.0125743 ], [ 38.7972149, 9.0094791 ], [ 38.7980086, 9.0070595 ], [ 38.7997138, 9.0024701 ], [ 38.7977966, 9.0017538 ], [ 38.7965052, 8.9969379 ], [ 38.7956395, 8.9945489 ], [ 38.7952264, 8.9934812 ], [ 38.7942992, 8.9887271 ], [ 38.7916591, 8.9890332 ], [ 38.7883132, 8.9874833 ], [ 38.7855757, 8.9849273 ], [ 38.7810382, 8.9833915 ], [ 38.7786342, 8.9830658 ], [ 38.7733497, 8.983102 ], [ 38.7729578, 8.9832075 ], [ 38.7720865, 8.9839641 ], [ 38.7718986, 8.9844263 ], [ 38.7711194, 8.9883651 ], [ 38.7700921, 8.9906088 ], [ 38.7692598, 8.9946288 ], [ 38.76916880000001, 8.9967465 ], [ 38.7658497, 8.9998495 ], [ 38.7649984, 9.0009455 ], [ 38.7653709, 9.0022946 ], [ 38.7661556, 9.0073141 ], [ 38.764761, 9.0088177 ], [ 38.7636057, 9.0109899 ], [ 38.7658891, 9.0123181 ], [ 38.7674265, 9.0166327 ] ] ] } },
{ "type": "Feature", "properties": { "threshold_s": 600, "time_label": "10 min drive" }, "geometry": { "type": "Polygon", "coordinates": [ [ [ 38.7446581, 9.0167997 ], [ 38.748433, 9.0240763 ], [ 38.7518885, 9.0270083 ], [ 38.7599654, 9.0337094 ], [ 38.7616817, 9.0348061 ], [ 38.7734143, 9.0388789 ], [ 38.7820203, 9.0383468 ], [ 38.7866579, 9.0379459 ], [ 38.7884075, 9.037232 ], [ 38.788646, 9.0371199 ], [ 38.7988474, 9.0307862 ], [ 38.8011234, 9.0303124 ], [ 38.804107, 9.0285119 ], [ 38.8133688, 9.0197109 ], [ 38.8152355, 9.0119172 ], [ 38.8172058, 9.0030786 ], [ 38.8184949, 8.9965549 ], [ 38.8183712, 8.9958642 ], [ 38.8173123, 8.9931804 ], [ 38.8160405, 8.9906542 ], [ 38.8158322, 8.9903051 ], [ 38.8097735, 8.9869675 ], [ 38.8079529, 8.9863615 ], [ 38.8066972, 8.9860036 ], [ 38.8035562, 8.9852867 ], [ 38.8021619, 8.9853275 ], [ 38.7996331, 8.9854045 ], [ 38.7971379, 8.9861223 ], [ 38.7899075, 8.9859732 ], [ 38.7880106, 8.9854871 ], [ 38.7855757, 8.9849273 ], [ 38.7842988, 8.9845215 ], [ 38.7787516, 8.9794447 ], [ 38.7804589, 8.9680504 ], [ 38.7798232, 8.9672529 ], [ 38.7764513, 8.9654406 ], [ 38.7726275, 8.964449 ], [ 38.7655159, 8.9662225 ], [ 38.7643277, 8.9676341 ], [ 38.7609422, 8.9727954 ], [ 38.7545104, 8.9790531 ], [ 38.7540968, 8.9794135 ], [ 38.7511403, 8.9853807 ], [ 38.747121, 8.9917451 ], [ 38.7458342, 8.9949273 ], [ 38.7467176, 9.0045045 ], [ 38.7435774, 9.0082213 ], [ 38.7445414, 9.0165448 ], [ 38.7446581, 9.0167997 ] ] ] } },
{ "type": "Feature", "properties": { "threshold_s": 900, "time_label": "15 min drive" }, "geometry": { "type": "Polygon", "coordinates": [ [ [ 38.7225894, 9.0205489 ], [ 38.7340047, 9.0359315 ], [ 38.7463626, 9.0482666 ], [ 38.7465743, 9.0484181 ], [ 38.7565047, 9.0554225 ], [ 38.7594231, 9.0566085 ], [ 38.7608191, 9.0571692 ], [ 38.7745217, 9.0576074 ], [ 38.7813867, 9.0571314 ], [ 38.7824511, 9.056754 ], [ 38.7862726, 9.0545333 ], [ 38.792129, 9.0494167 ], [ 38.7967241, 9.0428703 ], [ 38.8042312, 9.0365115 ], [ 38.8174096, 9.0417458 ], [ 38.8175591, 9.0417795 ], [ 38.8229284, 9.0388169 ], [ 38.8236256, 9.0382719 ], [ 38.8321702, 9.0282138 ], [ 38.8348874, 9.0216123 ], [ 38.8339877, 9.0075855 ], [ 38.8349131, 9.0008394 ], [ 38.836425, 8.9888603 ], [ 38.8358775, 8.9868346 ], [ 38.8286801, 8.9707415 ], [ 38.8256645, 8.9697184 ], [ 38.8237711, 8.9704391 ], [ 38.8210313, 8.9715078 ], [ 38.8203502, 8.9720709 ], [ 38.8201026, 8.9728771 ], [ 38.8066972, 8.9860036 ], [ 38.8035562, 8.9852867 ], [ 38.8021619, 8.9853275 ], [ 38.7919347, 8.9698281 ], [ 38.7983287, 8.9653657 ], [ 38.7981165, 8.9647562 ], [ 38.7962545, 8.9594646 ], [ 38.7930639, 8.955268 ], [ 38.791122, 8.9541605 ], [ 38.7857214, 8.9523756 ], [ 38.7692455, 8.9442303 ], [ 38.7590964, 8.9498656 ], [ 38.7572476, 8.9510329 ], [ 38.750004, 8.9580909 ], [ 38.737573, 8.9679618 ], [ 38.7366693, 8.9702162 ], [ 38.7304308, 8.9871087 ], [ 38.728349, 8.997969 ], [ 38.7202714, 9.0121817 ], [ 38.7225894, 9.0205489 ] ] ] } },
{ "type": "Feature", "properties": { "threshold_s": 300, "time_label": "5 min drive" }, "geometry": { "type": "Polygon", "coordinates": [ [ [ 38.7664952, 9.0274613 ], [ 38.7636532, 9.0296992 ], [ 38.7639705, 9.0296349 ], [ 38.7661201, 9.0294042 ], [ 38.7683848, 9.0328415 ], [ 38.7684305, 9.0329237 ], [ 38.769884, 9.0342295 ], [ 38.771258, 9.0349868 ], [ 38.7722643, 9.0352881 ], [ 38.7725503, 9.0352767 ], [ 38.7749371, 9.0353666 ], [ 38.7779067, 9.0359559 ], [ 38.7795494, 9.0368103 ], [ 38.7797197, 9.0361348 ], [ 38.7804737, 9.033912 ], [ 38.7847393, 9.0337449 ], [ 38.7855725, 9.0348864 ], [ 38.7859775, 9.0355527 ], [ 38.7864758, 9.0378832 ], [ 38.7866579, 9.0379459 ], [ 38.7882839, 9.036338 ], [ 38.7880696, 9.0351791 ], [ 38.7913411, 9.0328014 ], [ 38.7933345, 9.0314512 ], [ 38.7943505, 9.0307929 ], [ 38.7951178, 9.030151 ], [ 38.7964456, 9.0288702 ], [ 38.7964648, 9.0288238 ], [ 38.7963524, 9.0252368 ], [ 38.7974667, 9.0235442 ], [ 38.7992964, 9.0204626 ], [ 38.797182, 9.0184257 ], [ 38.7945459, 9.0160394 ], [ 38.7939321, 9.0148977 ], [ 38.7929784, 9.012718 ], [ 38.7919485, 9.0120027 ], [ 38.7905071, 9.0089001 ], [ 38.7887931, 9.0078893 ], [ 38.7887402, 9.0078729 ], [ 38.7870385, 9.0084513 ], [ 38.7836044, 9.0063722 ], [ 38.7824454, 9.0050943 ], [ 38.7806044, 9.0049721 ], [ 38.7801361, 9.0051451 ], [ 38.7794724, 9.0056821 ], [ 38.7790846, 9.007266 ], [ 38.7781482, 9.0088664 ], [ 38.77456, 9.0081061 ], [ 38.7739673, 9.0082511 ], [ 38.7725128, 9.0102701 ], [ 38.7692515, 9.0104413 ], [ 38.7672256, 9.0115334 ], [ 38.7654814, 9.0154268 ], [ 38.7629355, 9.0171841 ], [ 38.7629595, 9.017323 ], [ 38.7638895, 9.0199177 ], [ 38.7645123, 9.0221623 ], [ 38.7650922, 9.0223314 ], [ 38.7673037, 9.0253571 ], [ 38.7664952, 9.0274613 ] ] ] } },
{ "type": "Feature", "properties": { "threshold_s": 600, "time_label": "10 min drive" }, "geometry": { "type": "Polygon", "coordinates": [ [ [ 38.7474791, 9.0401015 ], [ 38.7496008, 9.0424279 ], [ 38.7521066, 9.0449463 ], [ 38.7558727, 9.0475975 ], [ 38.7592765, 9.0510377 ], [ 38.7661342, 9.053286 ], [ 38.766855, 9.0535004 ], [ 38.7731861, 9.0546946 ], [ 38.7801124, 9.0545531 ], [ 38.7827944, 9.0540054 ], [ 38.7847826, 9.0523901 ], [ 38.792129, 9.0494167 ], [ 38.7967241, 9.0428703 ], [ 38.7971052, 9.0385115 ], [ 38.8031475, 9.0364072 ], [ 38.8042312, 9.0365115 ], [ 38.8097365, 9.0345983 ], [ 38.8150895, 9.0352167 ], [ 38.8155119, 9.035217 ], [ 38.8163782, 9.0349276 ], [ 38.8165315, 9.0308887 ], [ 38.8190899, 9.0238757 ], [ 38.8215588, 9.0187509 ], [ 38.8214755, 9.0182744 ], [ 38.8172691, 9.0119811 ], [ 38.8138061, 9.0061821 ], [ 38.8130859, 9.0036714 ], [ 38.8118525, 9.0027129 ], [ 38.8069363, 8.9967504 ], [ 38.8063582, 8.9967321 ], [ 38.8058382, 8.9967953 ], [ 38.8026126, 8.9969332 ], [ 38.7952264, 8.9934812 ], [ 38.7949535, 8.9927309 ], [ 38.7948242, 8.9923398 ], [ 38.7942992, 8.9887271 ], [ 38.7920807, 8.9883178 ], [ 38.7851306, 8.9856381 ], [ 38.778325, 8.9844791 ], [ 38.7756216, 8.9845761 ], [ 38.7749007, 8.9846708 ], [ 38.7745166, 8.984983 ], [ 38.7732891, 8.986205 ], [ 38.767995, 8.992182 ], [ 38.7632901, 8.995034 ], [ 38.7619851, 8.9958804 ], [ 38.756796799999989, 8.999071 ], [ 38.7546147, 9.0000944 ], [ 38.7510204, 9.0034457 ], [ 38.7503561, 9.0048554 ], [ 38.7441227, 9.0100953 ], [ 38.7440647, 9.0101702 ], [ 38.7410116, 9.0161342 ], [ 38.7410143, 9.0162401 ], [ 38.7416359, 9.0173706 ], [ 38.7432421, 9.0204778 ], [ 38.7438139, 9.0288302 ], [ 38.7437521, 9.0338112 ], [ 38.7439918, 9.0343989 ], [ 38.7455352, 9.0373843 ], [ 38.7474791, 9.0401015 ] ] ] } },
{ "type": "Feature", "properties": { "threshold_s": 900, "time_label": "15 min drive" }, "geometry": { "type": "Polygon", "coordinates": [ [ [ 38.7371319, 9.0599844 ], [ 38.7375407, 9.0604185 ], [ 38.7474534, 9.066468 ], [ 38.7602142, 9.07337 ], [ 38.7732129, 9.073078 ], [ 38.7821725, 9.0738098 ], [ 38.7912866, 9.0708174 ], [ 38.7987955, 9.0602014 ], [ 38.8117052, 9.0558481 ], [ 38.8158989, 9.0525279 ], [ 38.8276478, 9.0493413 ], [ 38.8279199, 9.0493354 ], [ 38.829723799999989, 9.0482461 ], [ 38.8342291, 9.0444675 ], [ 38.8385874, 9.0314469 ], [ 38.8398319, 9.0293735 ], [ 38.8437578, 9.0212396 ], [ 38.8412687, 9.0103085 ], [ 38.8400163, 9.0092748 ], [ 38.8387787, 9.0081909 ], [ 38.8382109, 9.0077259 ], [ 38.8365865, 9.0065814 ], [ 38.8334524, 9.0034255 ], [ 38.8302769, 8.9924475 ], [ 38.8300302, 8.9907991 ], [ 38.8215003, 8.9841883 ], [ 38.8200144, 8.9840292 ], [ 38.8066972, 8.9860036 ], [ 38.8035562, 8.9852867 ], [ 38.8021619, 8.9853275 ], [ 38.7996331, 8.9854045 ], [ 38.7971379, 8.9861223 ], [ 38.7899075, 8.9859732 ], [ 38.7880106, 8.9854871 ], [ 38.7777914, 8.9763594 ], [ 38.7784204, 8.9681007 ], [ 38.7764736, 8.9663298 ], [ 38.7748945, 8.9656073 ], [ 38.7662108, 8.9676225 ], [ 38.7609422, 8.9727954 ], [ 38.7492472, 8.9789217 ], [ 38.7394246, 8.9858788 ], [ 38.7358524, 8.9916612 ], [ 38.7331104, 8.9960335 ], [ 38.7292146, 9.0052443 ], [ 38.7214342, 9.0141765 ], [ 38.7211525, 9.0144043 ], [ 38.7206503, 9.0215885 ], [ 38.7220953, 9.0363925 ], [ 38.7254776, 9.045125 ], [ 38.7327851, 9.0546656 ], [ 38.7371319, 9.0599844 ] ] ] } },
{ "type": "Feature", "properties": { "threshold_s": 300, "time_label": "5 min drive" }, "geometry": { "type": "Polygon", "coordinates": [ [ [ 38.7203331, 9.0457813 ], [ 38.7222077, 9.0479755 ], [ 38.7242559, 9.0489294 ], [ 38.7258762, 9.0488063 ], [ 38.7292656, 9.0492259 ], [ 38.730085, 9.0510296 ], [ 38.7301566, 9.0511539 ], [ 38.7313244, 9.0517193 ], [ 38.7329233, 9.0519989 ], [ 38.735253899999989, 9.051613 ], [ 38.736647, 9.0516112 ], [ 38.7380664, 9.0515116 ], [ 38.738423, 9.0500889 ], [ 38.7395973, 9.048204 ], [ 38.7411967, 9.0460409 ], [ 38.7431608, 9.045572 ], [ 38.7434853, 9.0452701 ], [ 38.7435276, 9.0452084 ], [ 38.744017, 9.0442946 ], [ 38.747408, 9.0438834 ], [ 38.7474576, 9.0438086 ], [ 38.7474864, 9.0437649 ], [ 38.7472453, 9.0406397 ], [ 38.7489727, 9.0398762 ], [ 38.7497397, 9.0399152 ], [ 38.7507947, 9.0391991 ], [ 38.7523463, 9.0373285 ], [ 38.7535757, 9.0366681 ], [ 38.7526403, 9.0356299 ], [ 38.7543443, 9.0327333 ], [ 38.7531912, 9.0297342 ], [ 38.7521793, 9.0286187 ], [ 38.7508772, 9.0273428 ], [ 38.7490247, 9.0251276 ], [ 38.748433, 9.0240763 ], [ 38.7477265, 9.0217389 ], [ 38.747628, 9.0216931 ], [ 38.7446514, 9.0201858 ], [ 38.744642, 9.0193753 ], [ 38.7429427, 9.0185241 ], [ 38.7421674, 9.018596 ], [ 38.7395404, 9.0180097 ], [ 38.7381084, 9.016537 ], [ 38.7365565, 9.0154798 ], [ 38.7344268, 9.0137251 ], [ 38.7317762, 9.0149428 ], [ 38.7308068, 9.0146302 ], [ 38.7290074, 9.0145368 ], [ 38.7285581, 9.0146123 ], [ 38.727304, 9.0177394 ], [ 38.7269885, 9.0179453 ], [ 38.7259972, 9.0187935 ], [ 38.7239098, 9.0199514 ], [ 38.7220591, 9.0203567 ], [ 38.7210533, 9.0210667 ], [ 38.7189397, 9.0228998 ], [ 38.716899, 9.0249049 ], [ 38.7160355, 9.0279034 ], [ 38.7155232, 9.0290011 ], [ 38.7154136, 9.0298438 ], [ 38.7162824, 9.0319434 ], [ 38.716929, 9.0317772 ], [ 38.7192857, 9.0340778 ], [ 38.719316, 9.0342986 ], [ 38.7192696, 9.0360175 ], [ 38.7163828, 9.0367836 ], [ 38.7158411, 9.0367357 ], [ 38.7152268, 9.0376028 ], [ 38.7156888, 9.0386345 ], [ 38.7161247, 9.0387533 ], [ 38.7166721, 9.0389697 ], [ 38.7173233, 9.0421761 ], [ 38.7175617, 9.0424941 ], [ 38.7183845, 9.0434854 ], [ 38.7203331, 9.0457813 ] ] ] } },
{ "type": "Feature", "properties": { "threshold_s": 600, "time_label": "10 min drive" }, "geometry": { "type": "Polygon", "coordinates": [ [ [ 38.7089089, 9.0577486 ], [ 38.7110449, 9.061498 ], [ 38.7159044, 9.0653812 ], [ 38.7212366, 9.0682464 ], [ 38.7269273, 9.0706505 ], [ 38.7325479, 9.0696149 ], [ 38.7331926, 9.0695263 ], [ 38.7394818, 9.0691537 ], [ 38.7433767, 9.0676429 ], [ 38.747436, 9.0671263 ], [ 38.7488195, 9.0662476 ], [ 38.7543207, 9.062913 ], [ 38.7547407, 9.0618382 ], [ 38.7592655, 9.0571849 ], [ 38.7599888, 9.0569565 ], [ 38.7620187, 9.0550853 ], [ 38.7624706, 9.0535973 ], [ 38.762197, 9.0520584 ], [ 38.7657775, 9.0471413 ], [ 38.768355, 9.0464477 ], [ 38.7693953, 9.040212 ], [ 38.7706203, 9.0394059 ], [ 38.7709504, 9.0340645 ], [ 38.7714916, 9.032111 ], [ 38.7696348, 9.0316607 ], [ 38.7654192, 9.0307943 ], [ 38.7625209, 9.0267749 ], [ 38.7624111, 9.0266163 ], [ 38.7616201, 9.0233396 ], [ 38.7638895, 9.0199177 ], [ 38.7659352, 9.0168131 ], [ 38.7661117, 9.016113 ], [ 38.7632994, 9.0143168 ], [ 38.7636137, 9.009863 ], [ 38.7590704, 9.0068685 ], [ 38.7551838, 9.0038287 ], [ 38.750182, 9.0012712 ], [ 38.7460381, 8.9968696 ], [ 38.7458731, 8.9969173 ], [ 38.7434307, 8.9973006 ], [ 38.7379878, 8.9946592 ], [ 38.7337403, 8.9942985 ], [ 38.7300958, 8.9939767 ], [ 38.7281075, 8.9943971 ], [ 38.7278068, 8.9946508 ], [ 38.7253797, 8.9978604 ], [ 38.7256919, 8.9982672 ], [ 38.7268985, 8.9991841 ], [ 38.7292146, 9.0052443 ], [ 38.7285474, 9.0064755 ], [ 38.7284978, 9.0065722 ], [ 38.726517, 9.0109459 ], [ 38.7201735, 9.0095651 ], [ 38.7197471, 9.0087074 ], [ 38.7190564, 9.0070821 ], [ 38.7186309, 9.0047421 ], [ 38.7186681, 9.0042571 ], [ 38.7186832, 9.004024 ], [ 38.7187191, 9.0029892 ], [ 38.7187473, 9.0020037 ], [ 38.7182853, 9.0013301 ], [ 38.7172379, 9.0015481 ], [ 38.716688, 9.0022051 ], [ 38.714215, 9.0056337 ], [ 38.7129074, 9.0075087 ], [ 38.7109393, 9.0129543 ], [ 38.709975, 9.0134618 ], [ 38.7087573, 9.019313 ], [ 38.7062609, 9.021017 ], [ 38.7035291, 9.0254177 ], [ 38.7014104, 9.0257572 ], [ 38.7002087, 9.0293874 ], [ 38.6997702, 9.0314941 ], [ 38.6973505, 9.0353842 ], [ 38.6971618, 9.0389394 ], [ 38.6977114, 9.0443781 ], [ 38.699436, 9.0474739 ], [ 38.6996171, 9.0477571 ], [ 38.7004472, 9.0486732 ], [ 38.7006564, 9.0488665 ], [ 38.7041849, 9.0509207 ], [ 38.7057278, 9.0517604 ], [ 38.709155, 9.0566328 ], [ 38.7089089, 9.0577486 ] ] ] } },
{ "type": "Feature", "properties": { "threshold_s": 900, "time_label": "15 min drive" }, "geometry": { "type": "Polygon", "coordinates": [ [ [ 38.6923934, 9.0662594 ], [ 38.6936136, 9.0686394 ], [ 38.6950548, 9.0687711 ], [ 38.698357799999989, 9.0683166 ], [ 38.7040883, 9.075675 ], [ 38.7066767, 9.0720331 ], [ 38.7160362, 9.0719192 ], [ 38.7182799, 9.0763662 ], [ 38.7190591, 9.077488 ], [ 38.7212082, 9.0809212 ], [ 38.7222228, 9.0847868 ], [ 38.7255473, 9.0871632 ], [ 38.726289, 9.0858111 ], [ 38.7287586, 9.0812933 ], [ 38.7377219, 9.0759888 ], [ 38.7465249, 9.0792228 ], [ 38.7478956, 9.0789074 ], [ 38.7569319, 9.0781488 ], [ 38.7612186, 9.0800548 ], [ 38.7680067, 9.0755069 ], [ 38.7737507, 9.0711988 ], [ 38.7796697, 9.0642273 ], [ 38.783166, 9.0594539 ], [ 38.785665, 9.0542867 ], [ 38.7883566, 9.0456859 ], [ 38.788999, 9.0366321 ], [ 38.7900916, 9.0290698 ], [ 38.7898506, 9.0284755 ], [ 38.7862093, 9.0222595 ], [ 38.7848288, 9.0151578 ], [ 38.7836494, 9.0045185 ], [ 38.7832893, 9.0030005 ], [ 38.782411, 9.0014722 ], [ 38.7770756, 8.992736 ], [ 38.7765276, 8.9919231 ], [ 38.7746143, 8.9916626 ], [ 38.7708378, 8.9911658 ], [ 38.7622147, 8.9858887 ], [ 38.7615543, 8.9853726 ], [ 38.7542657, 8.9801767 ], [ 38.7465915, 8.9763782 ], [ 38.7376476, 8.9735123 ], [ 38.7348683, 8.9754504 ], [ 38.7324017, 8.9766384 ], [ 38.7221126, 8.9764849 ], [ 38.7167328, 8.9779655 ], [ 38.714939, 8.9804961 ], [ 38.7053044, 8.9852953 ], [ 38.7019104, 8.9937992 ], [ 38.6972299, 8.9958147 ], [ 38.6955867, 8.9965317 ], [ 38.6908981, 9.003881 ], [ 38.6909008, 9.0039243 ], [ 38.6908087, 9.0086809 ], [ 38.6884718, 9.0145818 ], [ 38.6880675, 9.0163288 ], [ 38.6824898, 9.0240176 ], [ 38.6802902, 9.0273079 ], [ 38.6791261, 9.0289381 ], [ 38.6781015, 9.0319814 ], [ 38.6780222, 9.0322681 ], [ 38.6776042, 9.0340863 ], [ 38.6808517, 9.0436993 ], [ 38.6811752, 9.0451485 ], [ 38.6814183, 9.0461415 ], [ 38.6852217, 9.0498367 ], [ 38.6887437, 9.0572529 ], [ 38.6892779, 9.060262 ], [ 38.6923934, 9.0662594 ] ] ] } },
{ "type": "Feature", "properties": { "threshold_s": 300, "time_label": "5 min drive" }, "geometry": { "type": "Polygon", "coordinates": [ [ [ 38.7600057, 9.0440359 ], [ 38.7614698, 9.0465278 ], [ 38.7615926, 9.0465206 ], [ 38.7627872, 9.0464914 ], [ 38.7650777, 9.049683 ], [ 38.7652991, 9.0499347 ], [ 38.7664616, 9.0508498 ], [ 38.7680636, 9.0505757 ], [ 38.7710611, 9.052157 ], [ 38.771158, 9.0521002 ], [ 38.7722006, 9.0504811 ], [ 38.7754409, 9.050507 ], [ 38.7762958, 9.0507539 ], [ 38.7769173, 9.0508074 ], [ 38.7805336, 9.0516264 ], [ 38.7816928, 9.0511698 ], [ 38.7850186, 9.049336 ], [ 38.7881461, 9.0481785 ], [ 38.7892183, 9.0480524 ], [ 38.7906995, 9.0454025 ], [ 38.7918929, 9.0415089 ], [ 38.7883687, 9.0411166 ], [ 38.788016399999989, 9.0400262 ], [ 38.788646, 9.0371199 ], [ 38.788999, 9.0366321 ], [ 38.7894697, 9.0358202 ], [ 38.7898711, 9.0353037 ], [ 38.7913411, 9.0328014 ], [ 38.7933345, 9.0314512 ], [ 38.7943505, 9.0307929 ], [ 38.7956097, 9.0284567 ], [ 38.7956288, 9.0280379 ], [ 38.7949944, 9.0250263 ], [ 38.7919302, 9.0236803 ], [ 38.7890586, 9.0229132 ], [ 38.7863129, 9.0211792 ], [ 38.7845997, 9.0226513 ], [ 38.7810531, 9.0207143 ], [ 38.7793942, 9.0198778 ], [ 38.7776489, 9.0175259 ], [ 38.7742627, 9.0186566 ], [ 38.7708838, 9.0203264 ], [ 38.7717222, 9.0232818 ], [ 38.7696171, 9.026581 ], [ 38.7673037, 9.0253571 ], [ 38.7664952, 9.0274613 ], [ 38.7625209, 9.0267749 ], [ 38.7624111, 9.0266163 ], [ 38.7611244, 9.0293966 ], [ 38.7615119, 9.0304589 ], [ 38.7616276, 9.0311284 ], [ 38.7596682, 9.034679 ], [ 38.7591436, 9.0351761 ], [ 38.7589817, 9.0353307 ], [ 38.7586829, 9.0362997 ], [ 38.7587492, 9.0383793 ], [ 38.7598478, 9.0417817 ], [ 38.7600057, 9.0440359 ] ] ] } },
{ "type": "Feature", "properties": { "threshold_s": 600, "time_label": "10 min drive" }, "geometry": { "type": "Polygon", "coordinates": [ [ [ 38.7449682, 9.0581992 ], [ 38.7455443, 9.0590299 ], [ 38.7481661, 9.0608624 ], [ 38.7533644, 9.0654874 ], [ 38.7552915, 9.0659326 ], [ 38.7598971, 9.0680217 ], [ 38.76030990000001, 9.0681525 ], [ 38.7646897, 9.0694398 ], [ 38.7690414, 9.0705354 ], [ 38.7721654, 9.0715143 ], [ 38.7722191, 9.0715126 ], [ 38.7749684, 9.0694771 ], [ 38.7764087, 9.0679833 ], [ 38.7820199, 9.0676257 ], [ 38.7834871, 9.0688441 ], [ 38.7899282, 9.0669108 ], [ 38.7921292, 9.0640844 ], [ 38.7957475, 9.0620051 ], [ 38.7959567, 9.0614277 ], [ 38.7931769, 9.0568746 ], [ 38.7916383, 9.0559051 ], [ 38.792129, 9.0494167 ], [ 38.7906995, 9.0454025 ], [ 38.7967241, 9.0428703 ], [ 38.7975584, 9.0393973 ], [ 38.8005483, 9.0376132 ], [ 38.8041703, 9.044401 ], [ 38.8051673, 9.0503719 ], [ 38.8062062, 9.0507558 ], [ 38.8067417, 9.0509496 ], [ 38.8069644, 9.0447637 ], [ 38.8042312, 9.0365115 ], [ 38.8097365, 9.0345983 ], [ 38.8153981, 9.0345482 ], [ 38.8154254, 9.0344793 ], [ 38.8158602, 9.0311454 ], [ 38.810141, 9.0310664 ], [ 38.809383, 9.0265432 ], [ 38.8102636, 9.0243078 ], [ 38.8147871, 9.0225069 ], [ 38.8148975, 9.0223145 ], [ 38.8151143, 9.0219123 ], [ 38.8133688, 9.0197109 ], [ 38.8107057, 9.0133779 ], [ 38.8087619, 9.0094305 ], [ 38.8027111, 9.0071769 ], [ 38.8008775, 9.0069041 ], [ 38.7959238, 9.0052582 ], [ 38.7946308, 9.0046325 ], [ 38.7936953, 9.0050935 ], [ 38.7882698, 9.0017096 ], [ 38.7883566, 9.0003414 ], [ 38.7875247, 8.9998242 ], [ 38.783090799999989, 9.0006189 ], [ 38.7801477, 9.0005493 ], [ 38.7734899, 9.0014308 ], [ 38.7731666, 9.0015044 ], [ 38.7719972, 9.0020342 ], [ 38.7680657, 9.0039884 ], [ 38.7627101, 9.0070834 ], [ 38.7576903, 9.0118964 ], [ 38.7529601, 9.0121004 ], [ 38.7503024, 9.0129965 ], [ 38.7471183, 9.0166626 ], [ 38.7463729, 9.0176457 ], [ 38.746563, 9.0186588 ], [ 38.7465746, 9.0187454 ], [ 38.7466125, 9.018984 ], [ 38.7462137, 9.0235673 ], [ 38.7414669, 9.0261991 ], [ 38.7408818, 9.026716 ], [ 38.7408274, 9.0267846 ], [ 38.7404256, 9.0274322 ], [ 38.7399742, 9.0314816 ], [ 38.7410243, 9.0368286 ], [ 38.739947, 9.0395286 ], [ 38.7394638, 9.0408832 ], [ 38.7397933, 9.0438992 ], [ 38.7406026, 9.0485976 ], [ 38.7411425, 9.0512843 ], [ 38.7425228, 9.0539333 ], [ 38.7449682, 9.0581992 ] ] ] } },
{ "type": "Feature", "properties": { "threshold_s": 900, "time_label": "15 min drive" }, "geometry": { "type": "Polygon", "coordinates": [ [ [ 38.7261632, 9.0669602 ], [ 38.7270923, 9.0682667 ], [ 38.7276019, 9.0687116 ], [ 38.7308118, 9.0709041 ], [ 38.732525099999989, 9.0719682 ], [ 38.7380188, 9.0745215 ], [ 38.7445479, 9.0766414 ], [ 38.7510584, 9.0755627 ], [ 38.753382, 9.0790122 ], [ 38.7569319, 9.0781488 ], [ 38.7613576, 9.0810134 ], [ 38.7612186, 9.0800548 ], [ 38.7684722, 9.0768381 ], [ 38.7700425, 9.0798452 ], [ 38.773237, 9.081739 ], [ 38.7736219, 9.0787401 ], [ 38.7742804, 9.0774085 ], [ 38.775241, 9.0762624 ], [ 38.7769619, 9.0750951 ], [ 38.7836453, 9.0772787 ], [ 38.7845762, 9.0804395 ], [ 38.7856852, 9.0805299 ], [ 38.7896159, 9.0783315 ], [ 38.7946067, 9.076095 ], [ 38.7992678, 9.0741871 ], [ 38.7963992, 9.0704068 ], [ 38.7963618, 9.0678503 ], [ 38.8020828, 9.0621853 ], [ 38.8028473, 9.0628395 ], [ 38.8069985, 9.0664515 ], [ 38.811484, 9.0642857 ], [ 38.8180608, 9.064728 ], [ 38.8222301, 9.0602234 ], [ 38.8260779, 9.0590504 ], [ 38.825697, 9.0566732 ], [ 38.827332, 9.049058 ], [ 38.8290187, 9.0477315 ], [ 38.8336417, 9.0440782 ], [ 38.8348367, 9.037034 ], [ 38.8363252, 9.0299163 ], [ 38.8363641, 9.0296097 ], [ 38.8362739, 9.023057 ], [ 38.8352508, 9.020929 ], [ 38.8344424, 9.0197942 ], [ 38.8340004, 9.0119736 ], [ 38.8295783, 9.0065799 ], [ 38.829148, 9.00484 ], [ 38.8278567, 9.003714 ], [ 38.8241522, 8.9994724 ], [ 38.8232394, 8.9968861 ], [ 38.8219962, 8.9956238 ], [ 38.8213344, 8.995094 ], [ 38.8152255, 8.9912287 ], [ 38.8131514, 8.9907937 ], [ 38.807755, 8.9893444 ], [ 38.8047709, 8.9893009 ], [ 38.7996331, 8.9854045 ], [ 38.7976586, 8.9872854 ], [ 38.791375, 8.9871117 ], [ 38.789819799999989, 8.986366 ], [ 38.788826, 8.985809 ], [ 38.7855757, 8.9849273 ], [ 38.7842988, 8.9845215 ], [ 38.7786839, 8.9804382 ], [ 38.7752954, 8.9803589 ], [ 38.7728924, 8.9803205 ], [ 38.771043, 8.9807541 ], [ 38.7652811, 8.9832833 ], [ 38.7629536, 8.9841559 ], [ 38.7612221, 8.9851544 ], [ 38.7548143, 8.9888788 ], [ 38.7518889, 8.9894506 ], [ 38.7505294, 8.9903366 ], [ 38.7460314, 8.9936245 ], [ 38.7383237, 8.9951094 ], [ 38.7371778, 8.998569 ], [ 38.7331199, 9.0045655 ], [ 38.730935700000011, 9.0078495 ], [ 38.7264951, 9.0122563 ], [ 38.7247722, 9.0152427 ], [ 38.7227502, 9.0197128 ], [ 38.7210158, 9.022924 ], [ 38.7203815, 9.0244886 ], [ 38.7202459, 9.0250154 ], [ 38.7199633, 9.0291598 ], [ 38.7194219, 9.0367678 ], [ 38.7191868, 9.0388055 ], [ 38.7199147, 9.0459872 ], [ 38.7203166, 9.0491233 ], [ 38.7217656, 9.0553031 ], [ 38.7217308, 9.05856 ], [ 38.7233339, 9.0616762 ], [ 38.7261632, 9.0669602 ] ] ] } },
{ "type": "Feature", "properties": { "threshold_s": 300, "time_label": "5 min drive" }, "geometry": { "type": "Polygon", "coordinates": [ [ [ 38.6926143, 8.9992724 ], [ 38.6939375, 9.0025362 ], [ 38.6948063, 9.0033044 ], [ 38.6958258, 9.003625 ], [ 38.6973523, 9.0039701 ], [ 38.7008522, 9.0083948 ], [ 38.7039247, 9.0085498 ], [ 38.7047806, 9.0083274 ], [ 38.7054549, 9.0080557 ], [ 38.7080701, 9.0064146 ], [ 38.7114443, 9.004792 ], [ 38.7157841, 8.9998486 ], [ 38.717644, 8.9997638 ], [ 38.7224253, 8.9957066 ], [ 38.722417299999989, 8.9918334 ], [ 38.7231603, 8.9885972 ], [ 38.7210687, 8.9860138 ], [ 38.7205159, 8.9853862 ], [ 38.718996, 8.9849143 ], [ 38.7165458, 8.9869257 ], [ 38.7125153, 8.9887289 ], [ 38.7086718, 8.9871707 ], [ 38.7085155, 8.9870446 ], [ 38.7079881, 8.9867618 ], [ 38.7059584, 8.9856269 ], [ 38.702458, 8.980557 ], [ 38.7016493, 8.9794151 ], [ 38.6998263, 8.9773007 ], [ 38.6979646, 8.9771454 ], [ 38.6946158, 8.9787356 ], [ 38.692988, 8.9795452 ], [ 38.6911523, 8.9812547 ], [ 38.6909841, 8.9819416 ], [ 38.6906078, 8.9856319 ], [ 38.6909757, 8.9879899 ], [ 38.6914189, 8.9896849 ], [ 38.6918049, 8.9904084 ], [ 38.6940564, 8.9914246 ], [ 38.6944625, 8.9968365 ], [ 38.6926143, 8.9992724 ] ] ] } },
{ "type": "Feature", "properties": { "threshold_s": 600, "time_label": "10 min drive" }, "geometry": { "type": "Polygon", "coordinates": [ [ [ 38.6756381, 9.0075259 ], [ 38.677829, 9.012201 ], [ 38.6785457, 9.0128407 ], [ 38.6827653, 9.014603 ], [ 38.6843664, 9.0168274 ], [ 38.6845294, 9.0171972 ], [ 38.6848918, 9.0176547 ], [ 38.6865051, 9.0180547 ], [ 38.6883619, 9.017966 ], [ 38.6934815, 9.0215104 ], [ 38.6945437, 9.0220773 ], [ 38.6987467, 9.0223753 ], [ 38.7031035, 9.0199503 ], [ 38.708634, 9.0190644 ], [ 38.710531, 9.0201136 ], [ 38.7171452, 9.0185363 ], [ 38.7183783, 9.0193405 ], [ 38.7214261, 9.0190759 ], [ 38.7226241, 9.0186424 ], [ 38.7253703, 9.0172097 ], [ 38.7257472, 9.016158 ], [ 38.7301601, 9.0118843 ], [ 38.7339185, 9.0079445 ], [ 38.7358336, 9.0072133 ], [ 38.7368803, 9.0018037 ], [ 38.7363319, 8.9957165 ], [ 38.7383237, 8.9951094 ], [ 38.7387317, 8.9950244 ], [ 38.738917, 8.9944997 ], [ 38.7393484, 8.9926713 ], [ 38.739468, 8.9895629 ], [ 38.7399909, 8.9851374 ], [ 38.7399642, 8.9833478 ], [ 38.7399087, 8.9830778 ], [ 38.7388001, 8.9807726 ], [ 38.7370554, 8.9789844 ], [ 38.7362261, 8.9786975 ], [ 38.7322075, 8.9738249 ], [ 38.7294153, 8.9690599 ], [ 38.7273034, 8.9676501 ], [ 38.726683, 8.9675482 ], [ 38.7220739, 8.9667331 ], [ 38.7212064, 8.9665525 ], [ 38.7161041, 8.9645011 ], [ 38.7130683, 8.9621613 ], [ 38.7114597, 8.962623 ], [ 38.7066028, 8.9589294 ], [ 38.7027645, 8.9600065 ], [ 38.7018353, 8.9605498 ], [ 38.7014329, 8.9609975 ], [ 38.6954496, 8.9632953 ], [ 38.6942061, 8.9626567 ], [ 38.690007799999989, 8.9628172 ], [ 38.6868141, 8.963078 ], [ 38.6856173, 8.9631409 ], [ 38.6838296, 8.9638537 ], [ 38.6834125, 8.9645465 ], [ 38.6833942, 8.9645811 ], [ 38.6830531, 8.9652274 ], [ 38.676766, 8.9679733 ], [ 38.6741872, 8.9725362 ], [ 38.673031, 8.973781 ], [ 38.6719348, 8.9761072 ], [ 38.6718093, 8.9782691 ], [ 38.6713416, 8.9841581 ], [ 38.6715743, 8.9860966 ], [ 38.6729717, 8.9915303 ], [ 38.6736521, 8.9956242 ], [ 38.6737281, 8.9991375 ], [ 38.6738799, 9.0018567 ], [ 38.6739323, 9.0037124 ], [ 38.6752499, 9.0066769 ], [ 38.6756381, 9.0075259 ] ] ] } },
{ "type": "Feature", "properties": { "threshold_s": 900, "time_label": "15 min drive" }, "geometry": { "type": "Polygon", "coordinates": [ [ [ 38.6683244, 9.0228418 ], [ 38.6722922, 9.028514 ], [ 38.6732818, 9.0291104 ], [ 38.6824527, 9.0358739 ], [ 38.6838108, 9.0374181 ], [ 38.6848435, 9.0386161 ], [ 38.6901763, 9.0409624 ], [ 38.6906101, 9.0408857 ], [ 38.6909535, 9.0405816 ], [ 38.7034902, 9.0373751 ], [ 38.7082212, 9.0389156 ], [ 38.712899899999989, 9.0409027 ], [ 38.7155474, 9.0403332 ], [ 38.7270181, 9.038047 ], [ 38.7371646, 9.0314924 ], [ 38.7403394, 9.0303188 ], [ 38.7439701, 9.0287349 ], [ 38.7441712, 9.0284912 ], [ 38.7487686, 9.0189104 ], [ 38.7516063, 9.015912 ], [ 38.752871, 9.0143593 ], [ 38.7542984, 9.0119961 ], [ 38.7564839, 9.0039363 ], [ 38.7586913, 8.9945654 ], [ 38.757357, 8.987179 ], [ 38.7581101, 8.9811642 ], [ 38.7535401, 8.9733917 ], [ 38.748034, 8.9664683 ], [ 38.7447734, 8.9626879 ], [ 38.7364709, 8.9560006 ], [ 38.73349, 8.9487137 ], [ 38.7237417, 8.9448268 ], [ 38.7196747, 8.9433583 ], [ 38.7169259, 8.9451545 ], [ 38.7068989, 8.9474827 ], [ 38.6996703, 8.9451477 ], [ 38.6990152, 8.9448806 ], [ 38.6966338, 8.9437687 ], [ 38.6943372, 8.9436391 ], [ 38.6934225, 8.9440339 ], [ 38.6883714, 8.9475344 ], [ 38.6876347, 8.948052 ], [ 38.6861764, 8.9493039 ], [ 38.6847824, 8.9504343 ], [ 38.6748818, 8.9586978 ], [ 38.6726743, 8.9593681 ], [ 38.6642035, 8.9613076 ], [ 38.6559536, 8.9655129 ], [ 38.6551742, 8.9660994 ], [ 38.6518553, 8.9748713 ], [ 38.652366, 8.9767575 ], [ 38.6599191, 8.9867243 ], [ 38.6597476, 8.9909745 ], [ 38.6536896, 8.9992141 ], [ 38.6571336, 9.0025919 ], [ 38.6628655, 9.0098147 ], [ 38.6677046, 9.0206026 ], [ 38.6683244, 9.0228418 ] ] ] } },
{ "type": "Feature", "properties": { "threshold_s": 300, "time_label": "5 min drive" }, "geometry": { "type": "Polygon", "coordinates": [ [ [ 38.7828581, 8.9679775 ], [ 38.7828796, 8.9680649 ], [ 38.7865958, 8.9662315 ], [ 38.7909604, 8.9677523 ], [ 38.7919347, 8.9698281 ], [ 38.795565, 8.9657542 ], [ 38.7983287, 8.9653657 ], [ 38.7995121, 8.9644203 ], [ 38.8001909, 8.9634762 ], [ 38.8013922, 8.9600013 ], [ 38.8002133, 8.9591469 ], [ 38.7965468, 8.9561463 ], [ 38.7967291, 8.9514381 ], [ 38.7968456, 8.9474803 ], [ 38.7946927, 8.9462823 ], [ 38.7904421, 8.9442075 ], [ 38.7854075, 8.9418003 ], [ 38.7826637, 8.941358 ], [ 38.7815505, 8.9421633 ], [ 38.7766367, 8.9450934 ], [ 38.7756973, 8.9448818 ], [ 38.7742461, 8.9446318 ], [ 38.7732156, 8.9455057 ], [ 38.772663, 8.9461324 ], [ 38.7704922, 8.9493526 ], [ 38.7704051, 8.9503809 ], [ 38.7703778, 8.9507138 ], [ 38.7707727, 8.9515166 ], [ 38.771108, 8.9517216 ], [ 38.7738848, 8.9516938 ], [ 38.777483, 8.9546586 ], [ 38.7789533, 8.9593876 ], [ 38.7794812, 8.9623196 ], [ 38.7826837, 8.9639596 ], [ 38.7828581, 8.9679775 ] ] ] } },
{ "type": "Feature", "properties": { "threshold_s": 600, "time_label": "10 min drive" }, "geometry": { "type": "Polygon", "coordinates": [ [ [ 38.7660167, 8.9836272 ], [ 38.766002899999989, 8.9838101 ], [ 38.7660307, 8.9838301 ], [ 38.7761585, 8.989666 ], [ 38.7802939, 8.9890597 ], [ 38.783383, 8.9856666 ], [ 38.7836111, 8.9851884 ], [ 38.7836218, 8.9848499 ], [ 38.7829895, 8.9840922 ], [ 38.7787516, 8.9794447 ], [ 38.7828796, 8.9680649 ], [ 38.7919347, 8.9698281 ], [ 38.8034373, 8.9661348 ], [ 38.8101965, 8.9693466 ], [ 38.8159794, 8.9720351 ], [ 38.8185787, 8.9718165 ], [ 38.8205258, 8.9705948 ], [ 38.8224377, 8.9624291 ], [ 38.8231898, 8.9589257 ], [ 38.8179071, 8.9512987 ], [ 38.8136413, 8.9483776 ], [ 38.8052773, 8.9471922 ], [ 38.7984793, 8.9453468 ], [ 38.7931886, 8.9442637 ], [ 38.7910489, 8.93304 ], [ 38.7915686, 8.9302001 ], [ 38.7802577, 8.9255167 ], [ 38.7792328, 8.9254359 ], [ 38.7741834, 8.9266102 ], [ 38.7682445, 8.9295578 ], [ 38.7621219, 8.9326265 ], [ 38.7593754, 8.9429105 ], [ 38.7593029, 8.9433821 ], [ 38.7577295, 8.951171 ], [ 38.7542899, 8.9574327 ], [ 38.7543144, 8.9604677 ], [ 38.7556649, 8.9621462 ], [ 38.7591368, 8.9644234 ], [ 38.7627354, 8.9676055 ], [ 38.7656192, 8.9764999 ], [ 38.7660167, 8.9836272 ] ] ] } },
{ "type": "Feature", "properties": { "threshold_s": 900, "time_label": "15 min drive" }, "geometry": { "type": "Polygon", "coordinates": [ [ [ 38.7509148, 8.9950547 ], [ 38.7513687, 8.9956322 ], [ 38.7523479, 8.9964823 ], [ 38.7555749, 8.9989495 ], [ 38.763698, 9.0032032 ], [ 38.7684475, 9.0050954 ], [ 38.7754892, 9.0093199 ], [ 38.7810637, 9.010816 ], [ 38.7833831, 9.0092518 ], [ 38.7859386, 9.007004 ], [ 38.7869585, 9.0047681 ], [ 38.7879201, 9.0024097 ], [ 38.7997424, 9.0025671 ], [ 38.8005208, 9.0032677 ], [ 38.8009721, 9.0010625 ], [ 38.8013238, 8.9997042 ], [ 38.8048125, 8.9901822 ], [ 38.8047893, 8.9897114 ], [ 38.8035562, 8.9852867 ], [ 38.8021619, 8.9853275 ], [ 38.7996331, 8.9854045 ], [ 38.7971379, 8.9861223 ], [ 38.7899075, 8.9859732 ], [ 38.7880106, 8.9854871 ], [ 38.7855757, 8.9849273 ], [ 38.7842988, 8.9845215 ], [ 38.7787516, 8.9794447 ], [ 38.7777914, 8.9763594 ], [ 38.7828796, 8.9680649 ], [ 38.7919347, 8.9698281 ], [ 38.7983287, 8.9653657 ], [ 38.8073882, 8.9718973 ], [ 38.8150683, 8.9737532 ], [ 38.8200144, 8.9840292 ], [ 38.8201058, 8.985035 ], [ 38.8252789, 8.9847038 ], [ 38.828566, 8.9843696 ], [ 38.8289452, 8.9842814 ], [ 38.8304619, 8.9779273 ], [ 38.8300543, 8.9713237 ], [ 38.829171, 8.9683279 ], [ 38.8289182, 8.9663006 ], [ 38.8309743, 8.9575601 ], [ 38.8342279, 8.9552005 ], [ 38.8337542, 8.9480518 ], [ 38.8333359, 8.9437338 ], [ 38.8304204, 8.9422865 ], [ 38.8274565, 8.9416877 ], [ 38.8216172, 8.939896 ], [ 38.8129992, 8.9368379 ], [ 38.8035004, 8.9353497 ], [ 38.801578, 8.9259007 ], [ 38.8023716, 8.9218751 ], [ 38.8033019, 8.9175257 ], [ 38.7994757, 8.917382 ], [ 38.7990814, 8.917427 ], [ 38.7891434, 8.9175704 ], [ 38.7863294, 8.9124721 ], [ 38.781245, 8.9128611 ], [ 38.7739464, 8.9121145 ], [ 38.7704777, 8.9113409 ], [ 38.7640379, 8.9107005 ], [ 38.758194, 8.914412 ], [ 38.7562388, 8.9170715 ], [ 38.7547821, 8.9190686 ], [ 38.7531437, 8.9246421 ], [ 38.7456128, 8.9314149 ], [ 38.742929, 8.9314965 ], [ 38.741804, 8.932984 ], [ 38.7412337, 8.9342996 ], [ 38.7413952, 8.9359274 ], [ 38.7414449, 8.9368228 ], [ 38.7417063, 8.93874 ], [ 38.7406519, 8.9464568 ], [ 38.7378673, 8.9509888 ], [ 38.7375865, 8.9514503 ], [ 38.7404933, 8.9609058 ], [ 38.7399331, 8.9709491 ], [ 38.7405424, 8.9714839 ], [ 38.744201, 8.9741389 ], [ 38.7478159, 8.9834376 ], [ 38.7478086, 8.9840864 ], [ 38.7478244, 8.9850778 ], [ 38.7478922, 8.9855711 ], [ 38.7484661, 8.9879114 ], [ 38.7509148, 8.9950547 ] ] ] } },
{ "type": "Feature", "properties": { "threshold_s": 300, "time_label": "5 min drive" }, "geometry": { "type": "Polygon", "coordinates": [ [ [ 38.7516388, 8.9938777 ], [ 38.7521073, 8.9952324 ], [ 38.7553258, 8.9969642 ], [ 38.7586856, 8.9999436 ], [ 38.7594482, 9.0005289 ], [ 38.7632552, 9.0036992 ], [ 38.7674794, 9.0056217 ], [ 38.7686704, 9.0056819 ], [ 38.7689564, 9.0055062 ], [ 38.7699232, 9.0043125 ], [ 38.7710524, 9.0010739 ], [ 38.7725222, 8.9981068 ], [ 38.7753912, 8.9966925 ], [ 38.7758743, 8.9963788 ], [ 38.7763041, 8.9957546 ], [ 38.7797226, 8.9922354 ], [ 38.7811683, 8.9898306 ], [ 38.7833409, 8.9852553 ], [ 38.7829895, 8.9840922 ], [ 38.7824454, 8.9839019 ], [ 38.781234, 8.9834683 ], [ 38.7787516, 8.9794447 ], [ 38.7777914, 8.9763594 ], [ 38.7774548, 8.9759568 ], [ 38.7755665, 8.9741506 ], [ 38.773627, 8.9741766 ], [ 38.7732636, 8.9741951 ], [ 38.7723016, 8.9747553 ], [ 38.7710859, 8.9752898 ], [ 38.77070650000001, 8.9754968 ], [ 38.7701434, 8.9757714 ], [ 38.7691056, 8.976275 ], [ 38.7654038, 8.974453 ], [ 38.7656622, 8.9723626 ], [ 38.7660779, 8.9717093 ], [ 38.7664998, 8.9707517 ], [ 38.7613593, 8.9707294 ], [ 38.7570116, 8.9719198 ], [ 38.7550945, 8.9737571 ], [ 38.7517611, 8.9769732 ], [ 38.7513245, 8.9774483 ], [ 38.7508696, 8.9796106 ], [ 38.7496555, 8.9826637 ], [ 38.7478419, 8.9848579 ], [ 38.7478922, 8.9855711 ], [ 38.7480312, 8.9858545 ], [ 38.7484798, 8.9867709 ], [ 38.7486479, 8.9869149 ], [ 38.7515381, 8.9909965 ], [ 38.7516286, 8.991422 ], [ 38.7516388, 8.9938777 ] ] ] } },
{ "type": "Feature", "properties": { "threshold_s": 600, "time_label": "10 min drive" }, "geometry": { "type": "Polygon", "coordinates": [ [ [ 38.7302594, 8.9977804 ], [ 38.733824, 9.0047681 ], [ 38.739405, 9.006106 ], [ 38.7441169, 9.0104975 ], [ 38.7466624, 9.0148967 ], [ 38.7467143, 9.0149585 ], [ 38.7523491, 9.0197223 ], [ 38.7602254, 9.0222978 ], [ 38.7605536, 9.0224021 ], [ 38.7677974, 9.0236685 ], [ 38.7744373, 9.0211581 ], [ 38.7746809, 9.0209542 ], [ 38.7776519, 9.0186828 ], [ 38.7865155, 9.0155037 ], [ 38.7896106, 9.0081431 ], [ 38.7898343, 9.0055715 ], [ 38.7946719, 8.9978068 ], [ 38.7951352, 8.9973643 ], [ 38.797957, 8.9920335 ], [ 38.8021714, 8.9855567 ], [ 38.8021619, 8.9853275 ], [ 38.7996331, 8.9854045 ], [ 38.7971379, 8.9861223 ], [ 38.7899075, 8.9859732 ], [ 38.7880106, 8.9854871 ], [ 38.7855757, 8.9849273 ], [ 38.7842988, 8.9845215 ], [ 38.7787516, 8.9794447 ], [ 38.7777914, 8.9763594 ], [ 38.7828796, 8.9680649 ], [ 38.7896709, 8.966307 ], [ 38.7898818, 8.9651539 ], [ 38.7902972, 8.9627747 ], [ 38.7888494, 8.9617771 ], [ 38.7874353, 8.9614819 ], [ 38.7861009, 8.9616745 ], [ 38.7855528, 8.9619183 ], [ 38.7851794, 8.9620883 ], [ 38.7848107, 8.9622522 ], [ 38.7826837, 8.9639596 ], [ 38.7755169, 8.9575612 ], [ 38.7753178, 8.956777 ], [ 38.7743879, 8.9540411 ], [ 38.7742697, 8.9534014 ], [ 38.7688543, 8.9481925 ], [ 38.7609355, 8.9500806 ], [ 38.7553636, 8.9508727 ], [ 38.7539145, 8.952087 ], [ 38.7476609, 8.9574208 ], [ 38.7464974, 8.9584282 ], [ 38.746077, 8.9588322 ], [ 38.7415846, 8.9631367 ], [ 38.7358058, 8.9664959 ], [ 38.734564, 8.9691946 ], [ 38.7340753, 8.9706794 ], [ 38.73397, 8.9732129 ], [ 38.7311625, 8.9804746 ], [ 38.7307408, 8.9811217 ], [ 38.7304638, 8.9817171 ], [ 38.7301366, 8.9824338 ], [ 38.7302318, 8.9830577 ], [ 38.7308158, 8.9908518 ], [ 38.7302594, 8.9977804 ] ] ] } },
{ "type": "Feature", "properties": { "threshold_s": 900, "time_label": "15 min drive" }, "geometry": { "type": "Polygon", "coordinates": [ [ [ 38.7293668, 9.0224402 ], [ 38.7367322, 9.0327964 ], [ 38.7388659, 9.0341421 ], [ 38.7427477, 9.0364837 ], [ 38.7521131, 9.0406747 ], [ 38.7617184, 9.0421031 ], [ 38.7728901, 9.0400549 ], [ 38.7782719, 9.0372796 ], [ 38.7786645, 9.0370821 ], [ 38.7834835, 9.0321406 ], [ 38.7913411, 9.0328014 ], [ 38.7982351, 9.0299678 ], [ 38.8000767, 9.0287239 ], [ 38.8083148, 9.0203995 ], [ 38.8118426, 9.0114005 ], [ 38.8140931, 9.0035621 ], [ 38.8191622, 8.9962648 ], [ 38.8216274, 8.9918036 ], [ 38.8221838, 8.9904335 ], [ 38.8225801, 8.9881335 ], [ 38.8226319, 8.9876575 ], [ 38.8208006, 8.9803978 ], [ 38.8097735, 8.9869675 ], [ 38.8079529, 8.9863615 ], [ 38.8066972, 8.9860036 ], [ 38.8035562, 8.9852867 ], [ 38.8021619, 8.9853275 ], [ 38.7996331, 8.9854045 ], [ 38.7971379, 8.9861223 ], [ 38.7899075, 8.9859732 ], [ 38.7880106, 8.9854871 ], [ 38.7855757, 8.9849273 ], [ 38.7842988, 8.9845215 ], [ 38.7787516, 8.9794447 ], [ 38.7828796, 8.9680649 ], [ 38.7919347, 8.9698281 ], [ 38.8034373, 8.9661348 ], [ 38.8078771, 8.9656652 ], [ 38.8079017, 8.9635656 ], [ 38.8089976, 8.9585825 ], [ 38.8044097, 8.9569504 ], [ 38.7968456, 8.9474803 ], [ 38.796785, 8.9473086 ], [ 38.7953919, 8.9466148 ], [ 38.7946927, 8.9462823 ], [ 38.7945981, 8.9462586 ], [ 38.7896884, 8.944531 ], [ 38.7863919, 8.9427689 ], [ 38.7821202, 8.9395398 ], [ 38.7786108, 8.930677 ], [ 38.7770201, 8.9287389 ], [ 38.7682445, 8.9295578 ], [ 38.7644273, 8.9306227 ], [ 38.7550201, 8.9337897 ], [ 38.7502612, 8.9345416 ], [ 38.744579, 8.9351656 ], [ 38.7390824, 8.9420529 ], [ 38.7350102, 8.9443899 ], [ 38.7292012, 8.9469501 ], [ 38.725626, 8.9520747 ], [ 38.7204976, 8.9588953 ], [ 38.7168183, 8.9621724 ], [ 38.7154533, 8.9669416 ], [ 38.7147524, 8.9703889 ], [ 38.7169396, 8.9793102 ], [ 38.7122642, 8.9890018 ], [ 38.7120944, 8.9891864 ], [ 38.7120928, 8.9895086 ], [ 38.7128811, 8.9910314 ], [ 38.7147386, 8.9944715 ], [ 38.7188894, 9.0059185 ], [ 38.7190919, 9.0068716 ], [ 38.7202714, 9.0121817 ], [ 38.7245243, 9.018734 ], [ 38.7255172, 9.019411 ], [ 38.7293668, 9.0224402 ] ] ] } },
{ "type": "Feature", "properties": { "threshold_s": 300, "time_label": "5 min drive" }, "geometry": { "type": "Polygon", "coordinates": [ [ [ 38.7596932, 8.9379106 ], [ 38.7606744, 8.9395469 ], [ 38.7615674, 8.9389625 ], [ 38.7629749, 8.9379093 ], [ 38.7644369, 8.936242 ], [ 38.7681933, 8.9357829 ], [ 38.7703039, 8.9373162 ], [ 38.7710331, 8.9386429 ], [ 38.7710994, 8.9387713 ], [ 38.7714243, 8.9390959 ], [ 38.7738244, 8.939764 ], [ 38.7743247, 8.9394978 ], [ 38.7754118, 8.936514 ], [ 38.7779979, 8.9351351 ], [ 38.7786296, 8.9346516 ], [ 38.7787342, 8.9333201 ], [ 38.7795516, 8.9301325 ], [ 38.7788053, 8.9279041 ], [ 38.7784915, 8.9267806 ], [ 38.7765764, 8.923548 ], [ 38.7776648, 8.9215246 ], [ 38.7790288, 8.9206677 ], [ 38.7794154, 8.9203348 ], [ 38.7815724, 8.9189197 ], [ 38.7818361, 8.9174857 ], [ 38.7817402, 8.9149383 ], [ 38.781245, 8.9128611 ], [ 38.7770686, 8.9112119 ], [ 38.7769419, 8.9105477 ], [ 38.7765561, 8.9099349 ], [ 38.7739686, 8.9066276 ], [ 38.7714292, 8.9048853 ], [ 38.7692461, 8.9058469 ], [ 38.7663197, 8.9043068 ], [ 38.7649173, 8.903721 ], [ 38.7629496, 8.9049154 ], [ 38.7597911, 8.9070203 ], [ 38.7599426, 8.9075021 ], [ 38.7600486, 8.9090748 ], [ 38.7572819, 8.9122175 ], [ 38.7562439, 8.9143188 ], [ 38.7522289, 8.9133372 ], [ 38.7532371, 8.9176522 ], [ 38.7524539, 8.9186552 ], [ 38.7526886, 8.9189573 ], [ 38.7547821, 8.9190686 ], [ 38.756042, 8.9195713 ], [ 38.7589368, 8.9225986 ], [ 38.7589952, 8.9234564 ], [ 38.7531437, 8.9246421 ], [ 38.7554607, 8.926309 ], [ 38.7588987, 8.9285794 ], [ 38.7588899, 8.9293005 ], [ 38.7588814, 8.9300036 ], [ 38.7588708, 8.9308813 ], [ 38.7592359, 8.9312294 ], [ 38.7599156, 8.9353096 ], [ 38.7593767, 8.9365235 ], [ 38.7596932, 8.9379106 ] ] ] } },
{ "type": "Feature", "properties": { "threshold_s": 600, "time_label": "10 min drive" }, "geometry": { "type": "Polygon", "coordinates": [ [ [ 38.7542899, 8.9574327 ], [ 38.7543771, 8.958452 ], [ 38.7559565, 8.9589085 ], [ 38.7637591, 8.9608204 ], [ 38.7679227, 8.9609839 ], [ 38.7726674, 8.9587446 ], [ 38.7809115, 8.9579532 ], [ 38.7812692, 8.9576877 ], [ 38.7864321, 8.9522158 ], [ 38.7906298, 8.9496444 ], [ 38.793807, 8.9462097 ], [ 38.7949871, 8.9386075 ], [ 38.7962834, 8.9296774 ], [ 38.7965722, 8.9284864 ], [ 38.7917979, 8.9235082 ], [ 38.7891434, 8.9175704 ], [ 38.7926964, 8.913875 ], [ 38.7956057, 8.9058949 ], [ 38.7875902, 8.9025621 ], [ 38.7880825, 8.895989 ], [ 38.787947699999989, 8.8956826 ], [ 38.7876901, 8.8951429 ], [ 38.7863155, 8.8938942 ], [ 38.7808449, 8.8875728 ], [ 38.7800619, 8.8871201 ], [ 38.774276, 8.885842 ], [ 38.7729851, 8.8862649 ], [ 38.7706371, 8.8872524 ], [ 38.7652506, 8.8883152 ], [ 38.7583655, 8.8871586 ], [ 38.7544269, 8.887618 ], [ 38.7535067, 8.8908851 ], [ 38.7458557, 8.8951363 ], [ 38.7454131, 8.8952079 ], [ 38.7446272, 8.8963764 ], [ 38.7410911, 8.9049718 ], [ 38.7406026, 8.9053292 ], [ 38.7403183, 8.905577 ], [ 38.740217, 8.9072641 ], [ 38.7403233, 8.9074114 ], [ 38.7422807, 8.9087886 ], [ 38.7487391, 8.9105984 ], [ 38.750162, 8.914234 ], [ 38.7524539, 8.9186552 ], [ 38.7531437, 8.9246421 ], [ 38.7457426, 8.9299017 ], [ 38.745157, 8.9297881 ], [ 38.742211, 8.9293805 ], [ 38.7416106, 8.9295819 ], [ 38.7396786, 8.9323908 ], [ 38.73935, 8.9328047 ], [ 38.7387089, 8.938271 ], [ 38.741934, 8.9412086 ], [ 38.7483877, 8.9461343 ], [ 38.7534584, 8.9522701 ], [ 38.7542899, 8.9574327 ] ] ] } },
{ "type": "Feature", "properties": { "threshold_s": 900, "time_label": "15 min drive" }, "geometry": { "type": "Polygon", "coordinates": [ [ [ 38.7414488, 8.9644008 ], [ 38.7421094, 8.9706271 ], [ 38.7480412, 8.9750508 ], [ 38.7517611, 8.9769732 ], [ 38.7598998, 8.9823002 ], [ 38.7628235, 8.9809412 ], [ 38.7719831, 8.9795407 ], [ 38.7716554, 8.9755261 ], [ 38.7705231, 8.9704184 ], [ 38.7715801, 8.967035 ], [ 38.7794812, 8.9623196 ], [ 38.7828581, 8.9679775 ], [ 38.7828796, 8.9680649 ], [ 38.7919347, 8.9698281 ], [ 38.7983287, 8.9653657 ], [ 38.8024077, 8.9625774 ], [ 38.8070489, 8.9529046 ], [ 38.8081755, 8.9500842 ], [ 38.8078523, 8.9424627 ], [ 38.8129992, 8.9368379 ], [ 38.8035004, 8.9353497 ], [ 38.801578, 8.9259007 ], [ 38.8044764, 8.9238193 ], [ 38.8074829, 8.9222577 ], [ 38.8077897, 8.9220556 ], [ 38.8074785, 8.9182026 ], [ 38.8056314, 8.916905 ], [ 38.8053149, 8.9170083 ], [ 38.8033019, 8.9175257 ], [ 38.7994757, 8.917382 ], [ 38.796127, 8.9069258 ], [ 38.802403, 8.9050619 ], [ 38.8040568, 8.904122 ], [ 38.8112619, 8.9042262 ], [ 38.8119493, 8.9034889 ], [ 38.8140837, 8.9002745 ], [ 38.8075402, 8.8925546 ], [ 38.7998501, 8.8900106 ], [ 38.7927742, 8.8912038 ], [ 38.7916685, 8.8822217 ], [ 38.7930934, 8.8809416 ], [ 38.7944962, 8.8800631 ], [ 38.7938391, 8.8746895 ], [ 38.7896635, 8.8695303 ], [ 38.7886181, 8.868762 ], [ 38.7874801, 8.8694301 ], [ 38.7862303, 8.870587 ], [ 38.7795013, 8.8750597 ], [ 38.7748142, 8.8706076 ], [ 38.7732048, 8.867972 ], [ 38.7724444, 8.8676884 ], [ 38.7708887, 8.8679373 ], [ 38.770119, 8.8686915 ], [ 38.7689914, 8.8696862 ], [ 38.76706870000001, 8.8712832 ], [ 38.7574424, 8.8715267 ], [ 38.7572975, 8.8714469 ], [ 38.7550423, 8.8769559 ], [ 38.7532785, 8.8831428 ], [ 38.7429137, 8.8858928 ], [ 38.7433773, 8.8943519 ], [ 38.7362117, 8.9011704 ], [ 38.7350826, 8.9022633 ], [ 38.7337589, 8.9040162 ], [ 38.7313695, 8.9071775 ], [ 38.727289399999989, 8.9135477 ], [ 38.7270246, 8.9164573 ], [ 38.7233185, 8.9243574 ], [ 38.7213135, 8.932716 ], [ 38.7182757, 8.9384784 ], [ 38.7178709, 8.9412531 ], [ 38.7178105, 8.9419897 ], [ 38.7178098, 8.9440724 ], [ 38.7178261, 8.9449165 ], [ 38.7218665, 8.9480624 ], [ 38.7260554, 8.9526424 ], [ 38.7300856, 8.9575519 ], [ 38.7309928, 8.9577975 ], [ 38.7404933, 8.9609058 ], [ 38.7414488, 8.9644008 ] ] ] } },
{ "type": "Feature", "properties": { "threshold_s": 300, "time_label": "5 min drive" }, "geometry": { "type": "Polygon", "coordinates": [ [ [ 38.7616257, 9.0880055 ], [ 38.7619503, 9.0885656 ], [ 38.7625162, 9.0885921 ], [ 38.7622379, 9.0881776 ], [ 38.7613576, 9.0810134 ], [ 38.7612186, 9.0800548 ], [ 38.7609605, 9.0766974 ], [ 38.7636937, 9.0758776 ], [ 38.7680067, 9.0755069 ], [ 38.7684722, 9.0768381 ], [ 38.7718275, 9.0782706 ], [ 38.7726418, 9.0776429 ], [ 38.772845, 9.0771846 ], [ 38.7711313, 9.0760325 ], [ 38.7710201, 9.0759886 ], [ 38.7687966, 9.0740897 ], [ 38.768342, 9.07229 ], [ 38.7680536, 9.0680498 ], [ 38.7691169, 9.0655124 ], [ 38.769272, 9.0647172 ], [ 38.7693038, 9.0640855 ], [ 38.7657765, 9.0622659 ], [ 38.7657247, 9.0613401 ], [ 38.7656926, 9.0602311 ], [ 38.7623374, 9.0587314 ], [ 38.7627214, 9.0567686 ], [ 38.7627308, 9.0562527 ], [ 38.7594231, 9.0566085 ], [ 38.7564102, 9.0588955 ], [ 38.752358, 9.0598341 ], [ 38.7507001, 9.0600954 ], [ 38.7488668, 9.0609675 ], [ 38.7481875, 9.0616251 ], [ 38.7455709, 9.0645584 ], [ 38.7450644, 9.0669465 ], [ 38.7469634, 9.069697 ], [ 38.7478419, 9.0712001 ], [ 38.7500198, 9.0734554 ], [ 38.7510584, 9.0755627 ], [ 38.753382, 9.0790122 ], [ 38.7616257, 9.0880055 ] ] ] } },
{ "type": "Feature", "properties": { "threshold_s": 600, "time_label": "10 min drive" }, "geometry": { "type": "Polygon", "coordinates": [ [ [ 38.7431292, 9.0876863 ], [ 38.7429193, 9.0877949 ], [ 38.7434601, 9.0878847 ], [ 38.7482871, 9.0888993 ], [ 38.7538493, 9.0949401 ], [ 38.7564912, 9.0958055 ], [ 38.7646589, 9.0997976 ], [ 38.764725, 9.0951657 ], [ 38.7647814, 9.0943182 ], [ 38.7646413, 9.0925122 ], [ 38.7646995, 9.0913532 ], [ 38.7625162, 9.0885921 ], [ 38.7622379, 9.0881776 ], [ 38.7613576, 9.0810134 ], [ 38.7700425, 9.0798452 ], [ 38.773237, 9.081739 ], [ 38.7736219, 9.0787401 ], [ 38.7742804, 9.0774085 ], [ 38.7827689, 9.0753935 ], [ 38.7834871, 9.0688441 ], [ 38.7860947, 9.0652391 ], [ 38.7871173, 9.0618773 ], [ 38.7827944, 9.0540054 ], [ 38.7821181, 9.0512617 ], [ 38.7818611, 9.0507167 ], [ 38.7801284, 9.0487993 ], [ 38.7787114, 9.0473741 ], [ 38.7767446, 9.0468163 ], [ 38.7735437, 9.0461664 ], [ 38.7693953, 9.040212 ], [ 38.7693351, 9.0401061 ], [ 38.7690862, 9.0396591 ], [ 38.7639577, 9.0366488 ], [ 38.7585036, 9.0357844 ], [ 38.7521259, 9.0372926 ], [ 38.750328, 9.0389292 ], [ 38.7428107, 9.0424086 ], [ 38.7417801, 9.0424364 ], [ 38.7350082, 9.0480646 ], [ 38.728196, 9.0510618 ], [ 38.7274346, 9.055256 ], [ 38.72626, 9.0618926 ], [ 38.7261632, 9.0669602 ], [ 38.7300298, 9.070642 ], [ 38.7324589, 9.0764417 ], [ 38.7377219, 9.0759888 ], [ 38.7382369, 9.0758127 ], [ 38.7465249, 9.0792228 ], [ 38.7440855, 9.0871613 ], [ 38.7431292, 9.0876863 ] ] ] } },
{ "type": "Feature", "properties": { "threshold_s": 900, "time_label": "15 min drive" }, "geometry": { "type": "Polygon", "coordinates": [ [ [ 38.7182799, 9.0763662 ], [ 38.7222228, 9.0847868 ], [ 38.7265894, 9.0880836 ], [ 38.7380585, 9.0909943 ], [ 38.7489573, 9.092251 ], [ 38.7538493, 9.0949401 ], [ 38.7646589, 9.0997976 ], [ 38.7791557, 9.1001112 ], [ 38.764725, 9.0951657 ], [ 38.7647814, 9.0943182 ], [ 38.7646413, 9.0925122 ], [ 38.7646995, 9.0913532 ], [ 38.773237, 9.081739 ], [ 38.7845762, 9.0804395 ], [ 38.7856852, 9.0805299 ], [ 38.7896159, 9.0783315 ], [ 38.7946067, 9.076095 ], [ 38.7949508, 9.0759041 ], [ 38.7963992, 9.0704068 ], [ 38.8050477, 9.06282 ], [ 38.8053846, 9.0605377 ], [ 38.8042744, 9.0593106 ], [ 38.8008329, 9.0571553 ], [ 38.792129, 9.0494167 ], [ 38.7906995, 9.0454025 ], [ 38.7870169, 9.0343354 ], [ 38.7874505, 9.0295787 ], [ 38.7845201, 9.0274837 ], [ 38.7764838, 9.0227621 ], [ 38.7659352, 9.0168131 ], [ 38.7627136, 9.0143638 ], [ 38.7526023, 9.0162803 ], [ 38.7406978, 9.022521 ], [ 38.7352931, 9.0259432 ], [ 38.7238909, 9.0318305 ], [ 38.7165098, 9.0377321 ], [ 38.7138514, 9.0420144 ], [ 38.7132855, 9.0439095 ], [ 38.7118654, 9.0556216 ], [ 38.7119472, 9.0586088 ], [ 38.7146036, 9.0688953 ], [ 38.7157707, 9.0714928 ], [ 38.7182799, 9.0763662 ] ] ] } },
{ "type": "Feature", "properties": { "threshold_s": 300, "time_label": "5 min drive" }, "geometry": { "type": "Polygon", "coordinates": [ [ [ 38.8116329, 9.0472935 ], [ 38.8120162, 9.0481593 ], [ 38.8141984, 9.0503108 ], [ 38.817692, 9.0514193 ], [ 38.816265, 9.0493672 ], [ 38.8172729, 9.0474726 ], [ 38.8198908, 9.0449265 ], [ 38.8231803, 9.0462342 ], [ 38.8248239, 9.0468382 ], [ 38.8256755, 9.0502843 ], [ 38.8248065, 9.0523318 ], [ 38.8243626, 9.0528934 ], [ 38.8250117, 9.053549 ], [ 38.8270649, 9.0541542 ], [ 38.8280061, 9.0542283 ], [ 38.8297404, 9.0536311 ], [ 38.831213, 9.0525279 ], [ 38.8319772, 9.051801 ], [ 38.8348856, 9.0503233 ], [ 38.8348553, 9.0502223 ], [ 38.8340109, 9.0487828 ], [ 38.8338876, 9.0485897 ], [ 38.8347495, 9.0457204 ], [ 38.837142, 9.0464329 ], [ 38.8351974, 9.0432847 ], [ 38.8380991, 9.0419947 ], [ 38.8384549, 9.0410094 ], [ 38.8404437, 9.0377397 ], [ 38.838518, 9.034966 ], [ 38.8370267, 9.0323566 ], [ 38.8343896, 9.0306437 ], [ 38.8339191, 9.0298684 ], [ 38.8328062, 9.0282913 ], [ 38.8316044, 9.0267239 ], [ 38.8311929, 9.0267213 ], [ 38.829729, 9.026768 ], [ 38.8286578, 9.0264556 ], [ 38.8264272, 9.0239041 ], [ 38.8264976, 9.0231439 ], [ 38.8264118, 9.0231496 ], [ 38.8256001, 9.0238346 ], [ 38.822162, 9.0233834 ], [ 38.8203659, 9.020502 ], [ 38.8198926, 9.0192105 ], [ 38.8187501, 9.0202826 ], [ 38.8177738, 9.0214561 ], [ 38.8151143, 9.0219123 ], [ 38.8137814, 9.0214542 ], [ 38.8137297, 9.0214366 ], [ 38.8133974, 9.0214247 ], [ 38.813034, 9.0242168 ], [ 38.8140818, 9.0259528 ], [ 38.8143496, 9.0279621 ], [ 38.8144997, 9.0290358 ], [ 38.8144722, 9.0294405 ], [ 38.8148688, 9.0299234 ], [ 38.8149015, 9.0299632 ], [ 38.8129809, 9.0333193 ], [ 38.8116564, 9.0325841 ], [ 38.8105209, 9.0319502 ], [ 38.8100499, 9.0316977 ], [ 38.8094542, 9.0313608 ], [ 38.8093754, 9.0315008 ], [ 38.8097365, 9.0345983 ], [ 38.8104845, 9.0343085 ], [ 38.8130282, 9.033534 ], [ 38.8143721, 9.0367481 ], [ 38.8144658, 9.0377323 ], [ 38.8157836, 9.0387644 ], [ 38.8163683, 9.0394796 ], [ 38.8174096, 9.0417458 ], [ 38.8164635, 9.0438609 ], [ 38.8153422, 9.0447787 ], [ 38.8133065, 9.0453999 ], [ 38.8116329, 9.0472935 ] ] ] } },
{ "type": "Feature", "properties": { "threshold_s": 600, "time_label": "10 min drive" }, "geometry": { "type": "Polygon", "coordinates": [ [ [ 38.800381, 9.059465 ], [ 38.8028473, 9.0628395 ], [ 38.808213, 9.0647413 ], [ 38.8180608, 9.064728 ], [ 38.8255781, 9.06194 ], [ 38.8296586, 9.0626196 ], [ 38.8304083, 9.062813 ], [ 38.8371769, 9.0588359 ], [ 38.843521, 9.0630858 ], [ 38.8446374, 9.0675065 ], [ 38.8480478, 9.0588075 ], [ 38.8495587, 9.0574223 ], [ 38.8547192, 9.048977 ], [ 38.8567696, 9.0482987 ], [ 38.8613878, 9.0412676 ], [ 38.8616356, 9.0384463 ], [ 38.8580942, 9.0322129 ], [ 38.8541116, 9.025734 ], [ 38.8522749, 9.0221117 ], [ 38.8486883, 9.0184892 ], [ 38.8465579, 9.0164014 ], [ 38.8451191, 9.0151733 ], [ 38.8384936, 9.0097235 ], [ 38.8380406, 9.0093957 ], [ 38.8367389, 9.0085532 ], [ 38.8303265, 9.0044892 ], [ 38.824948, 9.0023077 ], [ 38.8182539, 9.0033111 ], [ 38.8168886, 9.0046006 ], [ 38.8118233, 9.009808 ], [ 38.8041047, 9.011598 ], [ 38.8033032, 9.0115621 ], [ 38.8001053, 9.0112127 ], [ 38.7917798, 9.0168777 ], [ 38.7915962, 9.0236683 ], [ 38.7883272, 9.0290683 ], [ 38.7884042, 9.0291921 ], [ 38.7913411, 9.0328014 ], [ 38.7997189, 9.0335465 ], [ 38.8031475, 9.0364072 ], [ 38.8027722, 9.0460012 ], [ 38.8007203, 9.0474898 ], [ 38.8027809, 9.0533596 ], [ 38.8003126, 9.05893 ], [ 38.800381, 9.059465 ] ] ] } },
{ "type": "Feature", "properties": { "threshold_s": 900, "time_label": "15 min drive" }, "geometry": { "type": "Polygon", "coordinates": [ [ [ 38.781906, 9.0602363 ], [ 38.7841871, 9.0679647 ], [ 38.7899282, 9.0669108 ], [ 38.8028473, 9.0628395 ], [ 38.8069985, 9.0664515 ], [ 38.8180608, 9.064728 ], [ 38.8250561, 9.0709038 ], [ 38.8366391, 9.0821031 ], [ 38.8438261, 9.0795684 ], [ 38.8502835, 9.0694646 ], [ 38.8586265, 9.0719033 ], [ 38.8592863, 9.0725469 ], [ 38.8607012, 9.0735494 ], [ 38.8613892, 9.0735031 ], [ 38.866083, 9.0691143 ], [ 38.8664941, 9.0686275 ], [ 38.8741056, 9.056004 ], [ 38.8775977, 9.0505183 ], [ 38.8775805, 9.0495403 ], [ 38.8765059, 9.0475952 ], [ 38.8755231, 9.0455408 ], [ 38.8745015, 9.044569 ], [ 38.8739929, 9.0284733 ], [ 38.8737376, 9.0248939 ], [ 38.8728561, 9.0211404 ], [ 38.8719007, 9.0191938 ], [ 38.865618499999989, 9.0115137 ], [ 38.8625287, 9.0083665 ], [ 38.8518728, 8.9993868 ], [ 38.8437998, 8.993316 ], [ 38.8341179, 8.9861104 ], [ 38.8332714, 8.9855099 ], [ 38.832541, 8.985244 ], [ 38.8285222, 8.9841658 ], [ 38.823195, 8.9853167 ], [ 38.8097735, 8.9869675 ], [ 38.8094608, 8.9871787 ], [ 38.8024711, 8.9914824 ], [ 38.7936797, 8.9917278 ], [ 38.7868335, 8.9981402 ], [ 38.7801564, 9.0037409 ], [ 38.7739673, 9.0082511 ], [ 38.7725128, 9.0102701 ], [ 38.7704765, 9.0188531 ], [ 38.7673563, 9.028805 ], [ 38.7681332, 9.0340919 ], [ 38.7688952, 9.0367952 ], [ 38.7706733, 9.0395278 ], [ 38.7740028, 9.0422343 ], [ 38.7844165, 9.054084 ], [ 38.7831905, 9.0572723 ], [ 38.781906, 9.0602363 ] ] ] } },
{ "type": "Feature", "properties": { "threshold_s": 300, "time_label": "5 min drive" }, "geometry": { "type": "Polygon", "coordinates": [ [ [ 38.7502748, 9.0505689 ], [ 38.7510974, 9.0515804 ], [ 38.7532535, 9.0531122 ], [ 38.7565047, 9.0554225 ], [ 38.7604952, 9.0577625 ], [ 38.761252, 9.0568683 ], [ 38.7658778, 9.055845 ], [ 38.7675065, 9.0547701 ], [ 38.772083, 9.0535098 ], [ 38.772142, 9.0534494 ], [ 38.7736216, 9.0512988 ], [ 38.7745811, 9.046736 ], [ 38.774861, 9.0464728 ], [ 38.7770125, 9.045045 ], [ 38.7771903, 9.0441232 ], [ 38.777347, 9.0412378 ], [ 38.7816332, 9.0394631 ], [ 38.7820203, 9.0383468 ], [ 38.7817703, 9.0374467 ], [ 38.7804737, 9.033912 ], [ 38.7788875, 9.0312164 ], [ 38.778269, 9.0304252 ], [ 38.7761492, 9.027044 ], [ 38.7754401, 9.0268163 ], [ 38.7726906, 9.0277322 ], [ 38.7723979, 9.0278156 ], [ 38.7706975, 9.0282685 ], [ 38.7686882, 9.0283996 ], [ 38.767883, 9.0286497 ], [ 38.7673563, 9.028805 ], [ 38.7660695, 9.0292297 ], [ 38.7625209, 9.0267749 ], [ 38.7624111, 9.0266163 ], [ 38.7616201, 9.0233396 ], [ 38.7638895, 9.0199177 ], [ 38.7638225, 9.0193203 ], [ 38.7638073, 9.0191651 ], [ 38.7637032, 9.0172024 ], [ 38.7636993, 9.017064 ], [ 38.7631065, 9.0171496 ], [ 38.7623398, 9.017288 ], [ 38.7603349, 9.0184885 ], [ 38.7565524, 9.0195638 ], [ 38.7563101, 9.0197265 ], [ 38.7562676, 9.0198411 ], [ 38.7561953, 9.0200771 ], [ 38.7555976, 9.0217609 ], [ 38.7536041, 9.0241676 ], [ 38.751883, 9.0249976 ], [ 38.7514392, 9.0270313 ], [ 38.7499949, 9.029861 ], [ 38.7496738, 9.030456 ], [ 38.7491403, 9.0314182 ], [ 38.7473671, 9.0347685 ], [ 38.7455352, 9.0373843 ], [ 38.7463036, 9.041451 ], [ 38.7472882, 9.0451854 ], [ 38.7476045, 9.0471177 ], [ 38.7502748, 9.0505689 ] ] ] } },
{ "type": "Feature", "properties": { "threshold_s": 600, "time_label": "10 min drive" }, "geometry": { "type": "Polygon", "coordinates": [ [ [ 38.7296999, 9.0543158 ], [ 38.7336002, 9.0635295 ], [ 38.7412496, 9.0683032 ], [ 38.7500198, 9.0734554 ], [ 38.7567401, 9.0780534 ], [ 38.7569319, 9.0781488 ], [ 38.7592721, 9.0777621 ], [ 38.7696094, 9.0769923 ], [ 38.7760627, 9.0734872 ], [ 38.7834871, 9.0688441 ], [ 38.7897618, 9.063717 ], [ 38.7915917, 9.0599758 ], [ 38.7916845, 9.0596391 ], [ 38.7917857, 9.0588744 ], [ 38.792129, 9.0494167 ], [ 38.7967241, 9.0428703 ], [ 38.7918929, 9.0415089 ], [ 38.7947311, 9.0312946 ], [ 38.7968678, 9.0306899 ], [ 38.7988474, 9.0307862 ], [ 38.799007, 9.0305119 ], [ 38.8000767, 9.0287239 ], [ 38.8000908, 9.0286678 ], [ 38.7997247, 9.0224304 ], [ 38.7948915, 9.0201822 ], [ 38.7877233, 9.0124807 ], [ 38.7876914, 9.0124761 ], [ 38.7807298, 9.0092174 ], [ 38.778296, 9.0051979 ], [ 38.7782481, 9.0051158 ], [ 38.7775795, 9.0043913 ], [ 38.7717256, 8.9974435 ], [ 38.7666297, 8.9961166 ], [ 38.7587333, 8.9982551 ], [ 38.7546147, 9.0000944 ], [ 38.7467176, 9.0045045 ], [ 38.7389141, 9.0108949 ], [ 38.7326105, 9.0193875 ], [ 38.7316279, 9.0204543 ], [ 38.7288919, 9.0285994 ], [ 38.7249019, 9.0339276 ], [ 38.7257449, 9.0446856 ], [ 38.7296999, 9.0543158 ] ] ] } },
{ "type": "Feature", "properties": { "threshold_s": 900, "time_label": "15 min drive" }, "geometry": { "type": "Polygon", "coordinates": [ [ [ 38.7157707, 9.0714928 ], [ 38.7160362, 9.0719192 ], [ 38.7241217, 9.0760789 ], [ 38.7324589, 9.0764417 ], [ 38.7377219, 9.0759888 ], [ 38.7382369, 9.0758127 ], [ 38.7431292, 9.0876863 ], [ 38.7429193, 9.0877949 ], [ 38.7434601, 9.0878847 ], [ 38.7440855, 9.0871613 ], [ 38.7478956, 9.0789074 ], [ 38.7536985, 9.0820899 ], [ 38.761552, 9.0882703 ], [ 38.7621984, 9.0915386 ], [ 38.762476, 9.0923676 ], [ 38.7637527, 9.0920286 ], [ 38.7646995, 9.0913532 ], [ 38.7625162, 9.0885921 ], [ 38.7622379, 9.0881776 ], [ 38.7613576, 9.0810134 ], [ 38.7700425, 9.0798452 ], [ 38.773237, 9.081739 ], [ 38.7736219, 9.0787401 ], [ 38.7742804, 9.0774085 ], [ 38.7836453, 9.0772787 ], [ 38.7845762, 9.0804395 ], [ 38.7856852, 9.0805299 ], [ 38.7946067, 9.076095 ], [ 38.7949508, 9.0759041 ], [ 38.7963992, 9.0704068 ], [ 38.8028473, 9.0628395 ], [ 38.8050477, 9.06282 ], [ 38.8077852, 9.0636738 ], [ 38.8117052, 9.0558481 ], [ 38.8130582, 9.0487682 ], [ 38.8132402, 9.0466831 ], [ 38.8173474, 9.0380837 ], [ 38.8187528, 9.0373043 ], [ 38.8204633, 9.0360594 ], [ 38.8198017, 9.0291692 ], [ 38.8203388, 9.0240147 ], [ 38.8174471, 9.017213 ], [ 38.8132216, 9.0100243 ], [ 38.8122471, 9.0067603 ], [ 38.8115856, 9.0060377 ], [ 38.8034099, 9.0004249 ], [ 38.8013238, 8.9997042 ], [ 38.7949535, 8.9927309 ], [ 38.7942992, 8.9887271 ], [ 38.7879749, 8.9856538 ], [ 38.7782983, 8.982017 ], [ 38.7733878, 8.9804854 ], [ 38.7643249, 8.9775938 ], [ 38.7598425, 8.9769483 ], [ 38.7596897, 8.9769291 ], [ 38.759463599999989, 8.9769388 ], [ 38.7492472, 8.9789217 ], [ 38.7464459, 8.9815467 ], [ 38.7368917, 8.9845969 ], [ 38.7334344, 8.9873191 ], [ 38.7323374, 8.9888358 ], [ 38.7280187, 8.995746 ], [ 38.7274674, 8.99912 ], [ 38.7285474, 9.0064755 ], [ 38.7190564, 9.0070821 ], [ 38.7188646, 9.006906 ], [ 38.717238, 9.0089737 ], [ 38.7157501, 9.0130971 ], [ 38.7157746, 9.0132195 ], [ 38.7156287, 9.0220832 ], [ 38.7108479, 9.0300386 ], [ 38.7095507, 9.0314809 ], [ 38.7084422, 9.0330123 ], [ 38.7082229, 9.033299 ], [ 38.7076042, 9.0379902 ], [ 38.7090781, 9.0409838 ], [ 38.7095426, 9.0417948 ], [ 38.7122999, 9.0485977 ], [ 38.7122067, 9.0534927 ], [ 38.7117467, 9.0556223 ], [ 38.7118144, 9.058767 ], [ 38.7154944, 9.0661054 ], [ 38.7151902, 9.0700342 ], [ 38.7157707, 9.0714928 ] ] ] } },
{ "type": "Feature", "properties": { "threshold_s": 300, "time_label": "5 min drive" }, "geometry": { "type": "Polygon", "coordinates": [ [ [ 38.7591949, 9.0427866 ], [ 38.7616429, 9.0478536 ], [ 38.7650576, 9.0511274 ], [ 38.766565, 9.052165 ], [ 38.772083, 9.0535098 ], [ 38.7770176, 9.0520471 ], [ 38.7798715, 9.0524987 ], [ 38.7811391, 9.0523363 ], [ 38.783863, 9.0511805 ], [ 38.7881461, 9.0481785 ], [ 38.7892183, 9.0480524 ], [ 38.7893323, 9.046174 ], [ 38.7888638, 9.0443872 ], [ 38.7883687, 9.0411166 ], [ 38.7898711, 9.0353037 ], [ 38.7924578, 9.0298325 ], [ 38.7926088, 9.0298108 ], [ 38.7928863, 9.0297066 ], [ 38.7937299, 9.0284074 ], [ 38.7937273, 9.0283503 ], [ 38.7926964, 9.0264009 ], [ 38.7919374, 9.0256425 ], [ 38.7903686, 9.0249866 ], [ 38.7862275, 9.0229698 ], [ 38.780997, 9.0205158 ], [ 38.7796107, 9.0184813 ], [ 38.7791933, 9.017458 ], [ 38.7780257, 9.0166441 ], [ 38.7755278, 9.0174113 ], [ 38.7708838, 9.0203264 ], [ 38.7717222, 9.0232818 ], [ 38.7673037, 9.0253571 ], [ 38.7624111, 9.0266163 ], [ 38.76061330000001, 9.0273217 ], [ 38.7586122, 9.0287572 ], [ 38.7579095, 9.0339593 ], [ 38.7573179, 9.0358262 ], [ 38.75772, 9.0409807 ], [ 38.7591949, 9.0427866 ] ] ] } },
{ "type": "Feature", "properties": { "threshold_s": 600, "time_label": "10 min drive" }, "geometry": { "type": "Polygon", "coordinates": [ [ [ 38.7436036, 9.0586689 ], [ 38.7447071, 9.0601642 ], [ 38.7511913, 9.0645503 ], [ 38.7534154, 9.0664142 ], [ 38.7538337, 9.0666463 ], [ 38.7607954, 9.0704118 ], [ 38.7646781, 9.0705472 ], [ 38.7720796, 9.0723774 ], [ 38.7737507, 9.0711988 ], [ 38.7749684, 9.0694771 ], [ 38.7834871, 9.0688441 ], [ 38.7899282, 9.0669108 ], [ 38.7957475, 9.0620051 ], [ 38.7987955, 9.0602014 ], [ 38.7985679, 9.0600791 ], [ 38.7931769, 9.0568746 ], [ 38.792129, 9.0494167 ], [ 38.7967241, 9.0428703 ], [ 38.8041703, 9.044401 ], [ 38.8069644, 9.0447637 ], [ 38.8042312, 9.0365115 ], [ 38.8097365, 9.0345983 ], [ 38.8130282, 9.033534 ], [ 38.8131091, 9.0333978 ], [ 38.8129809, 9.0333193 ], [ 38.809383, 9.0265432 ], [ 38.8119006, 9.0226128 ], [ 38.8136935, 9.0215161 ], [ 38.8137814, 9.0214542 ], [ 38.8103853, 9.0150813 ], [ 38.8072124, 9.0109257 ], [ 38.8004904, 9.0083131 ], [ 38.7989798, 9.0079 ], [ 38.7944434, 9.0064145 ], [ 38.7882698, 9.0017096 ], [ 38.7828391, 9.0003345 ], [ 38.7807019, 9.0003787 ], [ 38.7735825, 8.9997115 ], [ 38.7671183, 9.0031016 ], [ 38.7614091, 9.0067937 ], [ 38.7588742, 9.0086394 ], [ 38.7530544, 9.0114358 ], [ 38.7497116, 9.011964 ], [ 38.7484279, 9.0131606 ], [ 38.746012, 9.0163151 ], [ 38.7445428, 9.0193766 ], [ 38.7401153, 9.0262136 ], [ 38.7395605, 9.0269898 ], [ 38.7385034, 9.0342278 ], [ 38.7381363, 9.0410531 ], [ 38.739597, 9.0495643 ], [ 38.7399537, 9.051018 ], [ 38.7410568, 9.0546374 ], [ 38.7436036, 9.0586689 ] ] ] } },
{ "type": "Feature", "properties": { "threshold_s": 900, "time_label": "15 min drive" }, "geometry": { "type": "Polygon", "coordinates": [ [ [ 38.7227971, 9.0622444 ], [ 38.7247636, 9.0681643 ], [ 38.727209, 9.0696877 ], [ 38.7294931, 9.0707704 ], [ 38.7377219, 9.0759888 ], [ 38.7465249, 9.0792228 ], [ 38.753382, 9.0790122 ], [ 38.7613576, 9.0810134 ], [ 38.7700425, 9.0798452 ], [ 38.773237, 9.081739 ], [ 38.7736219, 9.0787401 ], [ 38.7742804, 9.0774085 ], [ 38.7836453, 9.0772787 ], [ 38.7845762, 9.0804395 ], [ 38.7856852, 9.0805299 ], [ 38.7946067, 9.076095 ], [ 38.7992678, 9.0741871 ], [ 38.7963992, 9.0704068 ], [ 38.7963618, 9.0678503 ], [ 38.8028473, 9.0628395 ], [ 38.8069985, 9.0664515 ], [ 38.811484, 9.0642857 ], [ 38.8180608, 9.064728 ], [ 38.8222301, 9.0602234 ], [ 38.8231248, 9.0567513 ], [ 38.8269813, 9.0471785 ], [ 38.8282072, 9.0460433 ], [ 38.8319382, 9.0415328 ], [ 38.8321539, 9.0411363 ], [ 38.8320911, 9.039507 ], [ 38.8319558, 9.0386516 ], [ 38.8344861, 9.0288858 ], [ 38.8345031, 9.0287885 ], [ 38.8339238, 9.0216463 ], [ 38.8322389, 9.0134539 ], [ 38.8275927, 9.005396 ], [ 38.8219909, 8.998281 ], [ 38.8205501, 8.9965441 ], [ 38.8119614, 8.9923253 ], [ 38.809038, 8.9919016 ], [ 38.8048161, 8.991342 ], [ 38.7961378, 8.9883409 ], [ 38.788826, 8.985809 ], [ 38.7855757, 8.9849273 ], [ 38.7786839, 8.9804382 ], [ 38.7752954, 8.9803589 ], [ 38.7728924, 8.9803205 ], [ 38.7716464, 8.9803346 ], [ 38.764124099999989, 8.9821933 ], [ 38.760037, 8.9838182 ], [ 38.7514143, 8.9880999 ], [ 38.744713, 8.9923834 ], [ 38.738095199999989, 8.9942698 ], [ 38.7376045, 8.9950873 ], [ 38.7331656, 9.0029958 ], [ 38.7313865, 9.0057152 ], [ 38.7253784, 9.0132798 ], [ 38.7212833, 9.0199212 ], [ 38.7200865, 9.0224085 ], [ 38.718905, 9.0251607 ], [ 38.7189436, 9.0289508 ], [ 38.7186732, 9.0381253 ], [ 38.7187446, 9.0413014 ], [ 38.7188612, 9.0459484 ], [ 38.7188787, 9.0465369 ], [ 38.7202049, 9.0529697 ], [ 38.7206783, 9.058177 ], [ 38.7227971, 9.0622444 ] ] ] } },
{ "type": "Feature", "properties": { "threshold_s": 300, "time_label": "5 min drive" }, "geometry": { "type": "Polygon", "coordinates": [ [ [ 38.7557499, 9.0426901 ], [ 38.754349, 9.0462826 ], [ 38.7551426, 9.0466441 ], [ 38.755617, 9.0458933 ], [ 38.7560377, 9.0453047 ], [ 38.7600057, 9.0440359 ], [ 38.7614698, 9.0465278 ], [ 38.7602034, 9.0500346 ], [ 38.7595873, 9.0507041 ], [ 38.7592765, 9.0510377 ], [ 38.7616272, 9.0514887 ], [ 38.7661705, 9.0543353 ], [ 38.7676134, 9.0550313 ], [ 38.7726371, 9.0539929 ], [ 38.7731861, 9.0546946 ], [ 38.7740774, 9.055816 ], [ 38.7744469, 9.0560133 ], [ 38.7783361, 9.0552491 ], [ 38.7807989, 9.0560283 ], [ 38.7812833, 9.0559427 ], [ 38.7847826, 9.0523901 ], [ 38.7881461, 9.0481785 ], [ 38.7892183, 9.0480524 ], [ 38.7893323, 9.046174 ], [ 38.7888638, 9.0443872 ], [ 38.7883687, 9.0411166 ], [ 38.788999, 9.0366321 ], [ 38.7887482, 9.0361844 ], [ 38.7880696, 9.0351791 ], [ 38.7869981, 9.033897 ], [ 38.7884042, 9.0291921 ], [ 38.7900916, 9.0290698 ], [ 38.7898506, 9.0284755 ], [ 38.7866944, 9.0259578 ], [ 38.783076, 9.0248046 ], [ 38.7807439, 9.0231116 ], [ 38.7791253, 9.0212346 ], [ 38.7770019, 9.0188688 ], [ 38.7744601, 9.0203401 ], [ 38.7729915, 9.021206 ], [ 38.7723687, 9.02177 ], [ 38.7717222, 9.0232818 ], [ 38.7673037, 9.0253571 ], [ 38.7624111, 9.0266163 ], [ 38.76061330000001, 9.0273217 ], [ 38.7586122, 9.0287572 ], [ 38.7579095, 9.0339593 ], [ 38.7570673, 9.0349685 ], [ 38.7565413, 9.0397014 ], [ 38.7557499, 9.0426901 ] ] ] } },
{ "type": "Feature", "properties": { "threshold_s": 600, "time_label": "10 min drive" }, "geometry": { "type": "Polygon", "coordinates": [ [ [ 38.737162, 9.0524706 ], [ 38.7391153, 9.0581553 ], [ 38.7413415, 9.0599672 ], [ 38.7433764, 9.0616248 ], [ 38.7473914, 9.0646102 ], [ 38.7493499, 9.066696 ], [ 38.750691, 9.0677495 ], [ 38.751431, 9.0683141 ], [ 38.7573112, 9.0714304 ], [ 38.7592681, 9.0727284 ], [ 38.7602142, 9.07337 ], [ 38.7638935, 9.0728714 ], [ 38.7672216, 9.0724114 ], [ 38.7732129, 9.073078 ], [ 38.7760627, 9.0734872 ], [ 38.7826127, 9.0749334 ], [ 38.7821725, 9.0738098 ], [ 38.7834871, 9.0688441 ], [ 38.7841871, 9.0679647 ], [ 38.7900773, 9.0704333 ], [ 38.7901363, 9.0711339 ], [ 38.7905212, 9.0714398 ], [ 38.7911005, 9.0718305 ], [ 38.7921244, 9.0727149 ], [ 38.7923244, 9.0715833 ], [ 38.7911232, 9.0702536 ], [ 38.7921292, 9.0640844 ], [ 38.7957475, 9.0620051 ], [ 38.7987955, 9.0602014 ], [ 38.8005151, 9.0594398 ], [ 38.8005624, 9.0594085 ], [ 38.8003126, 9.05893 ], [ 38.7999625, 9.0585247 ], [ 38.7996099, 9.0583273 ], [ 38.7982164, 9.0576321 ], [ 38.7969116, 9.0571263 ], [ 38.7931769, 9.0568746 ], [ 38.7916383, 9.0559051 ], [ 38.792129, 9.0494167 ], [ 38.7906995, 9.0454025 ], [ 38.7967241, 9.0428703 ], [ 38.7975584, 9.0393973 ], [ 38.8005483, 9.0376132 ], [ 38.8041703, 9.044401 ], [ 38.8069644, 9.0447637 ], [ 38.805898, 9.0343795 ], [ 38.8081541, 9.0338291 ], [ 38.8103267, 9.0327174 ], [ 38.8105209, 9.0319502 ], [ 38.810141, 9.0310664 ], [ 38.808606, 9.0296592 ], [ 38.8084495, 9.0242274 ], [ 38.8103332, 9.0222355 ], [ 38.8102174, 9.0215023 ], [ 38.8079139, 9.0165805 ], [ 38.8042417, 9.0123665 ], [ 38.7996712, 9.0103615 ], [ 38.7972548, 9.0095656 ], [ 38.7962659, 9.0091786 ], [ 38.7913004, 9.006308 ], [ 38.7894034, 9.0046542 ], [ 38.7846418, 9.004535 ], [ 38.7822103, 9.0030031 ], [ 38.780006899999989, 9.0025548 ], [ 38.7799164, 9.0025541 ], [ 38.7734655, 9.0030482 ], [ 38.7705863, 9.0055165 ], [ 38.7663164, 9.0057167 ], [ 38.7649415, 9.0055052 ], [ 38.7637538, 9.0054358 ], [ 38.7614091, 9.0067937 ], [ 38.7588742, 9.0086394 ], [ 38.7530544, 9.0114358 ], [ 38.7498019, 9.0115651 ], [ 38.7484279, 9.0131606 ], [ 38.746012, 9.0163151 ], [ 38.7445428, 9.0193766 ], [ 38.7445602, 9.0201826 ], [ 38.7404759, 9.0251856 ], [ 38.7391099, 9.0256144 ], [ 38.7389087, 9.0265804 ], [ 38.7388882, 9.0272425 ], [ 38.7388025, 9.0310421 ], [ 38.7366399, 9.0346148 ], [ 38.7358671, 9.040163 ], [ 38.7342518, 9.041555 ], [ 38.7362547, 9.0439907 ], [ 38.735841, 9.0491314 ], [ 38.737162, 9.0524706 ] ] ] } },
{ "type": "Feature", "properties": { "threshold_s": 900, "time_label": "15 min drive" }, "geometry": { "type": "Polygon", "coordinates": [ [ [ 38.7209883, 9.0655758 ], [ 38.7217688, 9.0700265 ], [ 38.7257969, 9.0726548 ], [ 38.7338488, 9.072825 ], [ 38.7348948, 9.0733919 ], [ 38.7377219, 9.0759888 ], [ 38.7382369, 9.0758127 ], [ 38.7465249, 9.0792228 ], [ 38.753382, 9.0790122 ], [ 38.7613576, 9.0810134 ], [ 38.7700425, 9.0798452 ], [ 38.773237, 9.081739 ], [ 38.7736219, 9.0787401 ], [ 38.7742804, 9.0774085 ], [ 38.775241, 9.0762624 ], [ 38.7836453, 9.0772787 ], [ 38.7845762, 9.0804395 ], [ 38.7856852, 9.0805299 ], [ 38.7896159, 9.0783315 ], [ 38.7946067, 9.076095 ], [ 38.7992678, 9.0741871 ], [ 38.7963992, 9.0704068 ], [ 38.7963618, 9.0678503 ], [ 38.8028473, 9.0628395 ], [ 38.8069985, 9.0664515 ], [ 38.811484, 9.0642857 ], [ 38.8180608, 9.064728 ], [ 38.8222301, 9.0602234 ], [ 38.8231248, 9.0567513 ], [ 38.8219959, 9.0560586 ], [ 38.819489, 9.0528113 ], [ 38.8198908, 9.0449265 ], [ 38.8225505, 9.0436723 ], [ 38.8258331, 9.0438902 ], [ 38.8261135, 9.0440023 ], [ 38.8274157, 9.0439226 ], [ 38.830456, 9.0411756 ], [ 38.830191, 9.037236 ], [ 38.8299657, 9.0368718 ], [ 38.8295501, 9.0361323 ], [ 38.8307496, 9.0279156 ], [ 38.8316044, 9.0267239 ], [ 38.8318979, 9.024411 ], [ 38.8303554, 9.0157136 ], [ 38.8293649, 9.0133168 ], [ 38.8257091, 9.0070292 ], [ 38.8209683, 9.0028963 ], [ 38.8183873, 8.9986824 ], [ 38.8118547, 8.9947661 ], [ 38.8068346, 8.9939528 ], [ 38.8057198, 8.9938876 ], [ 38.8050085, 8.9938124 ], [ 38.8040663, 8.9937184 ], [ 38.7966919, 8.9912265 ], [ 38.7942992, 8.9887271 ], [ 38.791375, 8.9871117 ], [ 38.7888132, 8.9859297 ], [ 38.7855757, 8.9849273 ], [ 38.779409, 8.9827553 ], [ 38.7769699, 8.9823757 ], [ 38.7747851, 8.9823095 ], [ 38.7734041, 8.9824351 ], [ 38.7720007, 8.9826185 ], [ 38.7653051, 8.9847209 ], [ 38.7619202, 8.9856735 ], [ 38.7597825, 8.986384 ], [ 38.7514143, 8.9880999 ], [ 38.744713, 8.9923834 ], [ 38.738095199999989, 8.9942698 ], [ 38.7376045, 8.9950873 ], [ 38.7371778, 8.998569 ], [ 38.7331656, 9.0029958 ], [ 38.7313865, 9.0057152 ], [ 38.7290872, 9.0089895 ], [ 38.7253784, 9.0132798 ], [ 38.7214261, 9.0190759 ], [ 38.7182685, 9.0252179 ], [ 38.7189436, 9.0289508 ], [ 38.719157, 9.0299925 ], [ 38.7165098, 9.0377321 ], [ 38.7153536, 9.043945 ], [ 38.7153229, 9.0445865 ], [ 38.7191489, 9.0506074 ], [ 38.7181807, 9.0545065 ], [ 38.7177971, 9.0580943 ], [ 38.7176294, 9.0593392 ], [ 38.7209883, 9.0655758 ] ] ] } },
{ "type": "Feature", "properties": { "threshold_s": 300, "time_label": "5 min drive" }, "geometry": { "type": "Polygon", "coordinates": [ [ [ 38.7658891, 9.0123181 ], [ 38.7674265, 9.0166327 ], [ 38.7693392, 9.0177338 ], [ 38.7713573, 9.0204686 ], [ 38.7745247, 9.0195546 ], [ 38.7778352, 9.0234959 ], [ 38.7818747, 9.0258742 ], [ 38.7828895, 9.0215465 ], [ 38.7862048, 9.0223421 ], [ 38.7868398, 9.0221014 ], [ 38.7912801, 9.0205633 ], [ 38.7942433, 9.0173075 ], [ 38.7952426, 9.0151258 ], [ 38.7979855, 9.0132711 ], [ 38.7994633, 9.0088444 ], [ 38.8003301, 9.0058599 ], [ 38.8001838, 9.0022144 ], [ 38.7991572, 9.0019977 ], [ 38.7977966, 9.0017538 ], [ 38.7965052, 8.9969379 ], [ 38.7956395, 8.9945489 ], [ 38.7932496, 8.9902193 ], [ 38.7931797, 8.9901665 ], [ 38.7913071, 8.9904803 ], [ 38.7876549, 8.9893973 ], [ 38.7838559, 8.9877536 ], [ 38.7790112, 8.986333 ], [ 38.7760235, 8.9862013 ], [ 38.7755492, 8.9871715 ], [ 38.7750361, 8.9888151 ], [ 38.7725376, 8.9931435 ], [ 38.7719314, 8.9937078 ], [ 38.7696973, 8.997182 ], [ 38.7663276, 9.0000911 ], [ 38.7657356, 9.0008423 ], [ 38.7657918, 9.0013837 ], [ 38.7663704, 9.0019672 ], [ 38.7663964, 9.0070441 ], [ 38.7661556, 9.0073141 ], [ 38.7658891, 9.0123181 ] ] ] } },
{ "type": "Feature", "properties": { "threshold_s": 600, "time_label": "10 min drive" }, "geometry": { "type": "Polygon", "coordinates": [ [ [ 38.7488745, 9.0229183 ], [ 38.7495868, 9.0236706 ], [ 38.751883, 9.0249976 ], [ 38.7598172, 9.0314772 ], [ 38.7614782, 9.0337253 ], [ 38.7683965, 9.0402376 ], [ 38.7733433, 9.041089 ], [ 38.7819394, 9.0405796 ], [ 38.7840646, 9.0399581 ], [ 38.788646, 9.0371199 ], [ 38.788999, 9.0366321 ], [ 38.7988474, 9.0307862 ], [ 38.8011234, 9.0303124 ], [ 38.8048161, 9.0292985 ], [ 38.8082555, 9.0263566 ], [ 38.8137814, 9.0214542 ], [ 38.8164575, 9.011285 ], [ 38.8192859, 9.0043184 ], [ 38.8188793, 8.9961121 ], [ 38.8178312, 8.991968 ], [ 38.8156034, 8.9899318 ], [ 38.8097735, 8.9869675 ], [ 38.8079529, 8.9863615 ], [ 38.8066972, 8.9860036 ], [ 38.8035562, 8.9852867 ], [ 38.8021619, 8.9853275 ], [ 38.7996331, 8.9854045 ], [ 38.7899075, 8.9859732 ], [ 38.7880106, 8.9854871 ], [ 38.7855757, 8.9849273 ], [ 38.7777914, 8.9763594 ], [ 38.7759295, 8.9724099 ], [ 38.7750556, 8.9694476 ], [ 38.7664998, 8.9707517 ], [ 38.7655318, 8.9710292 ], [ 38.7618748, 8.9727921 ], [ 38.7556243, 8.9824778 ], [ 38.7487069, 8.9911738 ], [ 38.7480194, 8.9921369 ], [ 38.7463083, 8.995148 ], [ 38.7467985, 9.0045138 ], [ 38.7440647, 9.0101702 ], [ 38.7449654, 9.0165766 ], [ 38.7475765, 9.0210798 ], [ 38.7488745, 9.0229183 ] ] ] } },
{ "type": "Feature", "properties": { "threshold_s": 900, "time_label": "15 min drive" }, "geometry": { "type": "Polygon", "coordinates": [ [ [ 38.7341184, 9.0347785 ], [ 38.7365762, 9.0379959 ], [ 38.7373638, 9.0386148 ], [ 38.7515593, 9.051262 ], [ 38.7559836, 9.0549912 ], [ 38.7565047, 9.0554225 ], [ 38.7681542, 9.0592667 ], [ 38.7684838, 9.0593718 ], [ 38.7756462, 9.0597021 ], [ 38.7802957, 9.0593364 ], [ 38.7825084, 9.0587388 ], [ 38.7879067, 9.0567537 ], [ 38.7880797, 9.0563507 ], [ 38.792129, 9.0494167 ], [ 38.8069644, 9.0447637 ], [ 38.81606, 9.0445909 ], [ 38.8178408, 9.0437969 ], [ 38.8246295, 9.0407322 ], [ 38.8259062, 9.0396165 ], [ 38.8344597, 9.0293538 ], [ 38.8375525, 9.0214989 ], [ 38.8360773, 9.011136 ], [ 38.8354683, 9.0068186 ], [ 38.8369945, 8.9887869 ], [ 38.8359825, 8.9866606 ], [ 38.8284623, 8.9728147 ], [ 38.8252645, 8.9715198 ], [ 38.8233374, 8.973018 ], [ 38.8211327, 8.9767138 ], [ 38.8066972, 8.9860036 ], [ 38.8035562, 8.9852867 ], [ 38.8021619, 8.9853275 ], [ 38.7919347, 8.9698281 ], [ 38.7943107, 8.9661168 ], [ 38.7949132, 8.9643434 ], [ 38.7928357, 8.9593159 ], [ 38.7894247, 8.9571384 ], [ 38.7869569, 8.9561829 ], [ 38.7838446, 8.9551348 ], [ 38.7688543, 8.9481925 ], [ 38.7678722, 8.9487095 ], [ 38.7622293, 8.9528058 ], [ 38.7510136, 8.9609883 ], [ 38.7405424, 8.9714839 ], [ 38.739079, 8.9734757 ], [ 38.7347285, 8.9804375 ], [ 38.7318693, 8.9859057 ], [ 38.7309077, 8.9878554 ], [ 38.7289264, 8.9982376 ], [ 38.7212262, 9.0115404 ], [ 38.7211895, 9.0115916 ], [ 38.7210359, 9.0122983 ], [ 38.7234107, 9.0201196 ], [ 38.7341184, 9.0347785 ] ] ] } },
{ "type": "Feature", "properties": { "threshold_s": 300, "time_label": "5 min drive" }, "geometry": { "type": "Polygon", "coordinates": [ [ [ 38.7603324, 9.0391985 ], [ 38.7627558, 9.0436182 ], [ 38.7649609, 9.0448601 ], [ 38.7680977, 9.0468236 ], [ 38.768895, 9.0469298 ], [ 38.7720477, 9.0473428 ], [ 38.7745811, 9.046736 ], [ 38.7785388, 9.0467717 ], [ 38.783060399999989, 9.0456184 ], [ 38.7858014, 9.0448877 ], [ 38.7853727, 9.0402983 ], [ 38.7885685, 9.0369963 ], [ 38.7887482, 9.0361844 ], [ 38.7880696, 9.0351791 ], [ 38.7869981, 9.033897 ], [ 38.7895501, 9.0295027 ], [ 38.7905778, 9.0297413 ], [ 38.7908639, 9.0294185 ], [ 38.7916626, 9.0285942 ], [ 38.7919374, 9.0256425 ], [ 38.7894086, 9.0239549 ], [ 38.7862093, 9.0222595 ], [ 38.7827933, 9.0192845 ], [ 38.7822904, 9.0188626 ], [ 38.7793643, 9.0164574 ], [ 38.7786365, 9.0159533 ], [ 38.7771029, 9.014959 ], [ 38.7760706, 9.0156092 ], [ 38.7742102, 9.0174735 ], [ 38.7702626, 9.0175372 ], [ 38.7686595, 9.0207369 ], [ 38.7673037, 9.0253571 ], [ 38.7624111, 9.0266163 ], [ 38.7616201, 9.0233396 ], [ 38.7614021, 9.0232701 ], [ 38.76061330000001, 9.0273217 ], [ 38.7576451, 9.0285006 ], [ 38.7573454, 9.0285605 ], [ 38.7575971, 9.0292881 ], [ 38.7579095, 9.0339593 ], [ 38.7575617, 9.0352112 ], [ 38.7573179, 9.0358262 ], [ 38.7588587, 9.0376845 ], [ 38.7596259, 9.0384882 ], [ 38.7603324, 9.0391985 ] ] ] } },
{ "type": "Feature", "properties": { "threshold_s": 600, "time_label": "10 min drive" }, "geometry": { "type": "Polygon", "coordinates": [ [ [ 38.7419115, 9.0474839 ], [ 38.7435724, 9.0523714 ], [ 38.747413, 9.0559804 ], [ 38.7483759, 9.0561176 ], [ 38.7488753, 9.056162 ], [ 38.7513386, 9.0566671 ], [ 38.7555304, 9.0617087 ], [ 38.7570644, 9.0625596 ], [ 38.7610903, 9.0644677 ], [ 38.7691169, 9.0655124 ], [ 38.7736285, 9.0663765 ], [ 38.7783399, 9.0654736 ], [ 38.7796697, 9.0642273 ], [ 38.7843949, 9.0622718 ], [ 38.7893847, 9.0630743 ], [ 38.7914184, 9.0630011 ], [ 38.7927403, 9.0606192 ], [ 38.7923559, 9.0574113 ], [ 38.792129, 9.0494167 ], [ 38.7967241, 9.0428703 ], [ 38.8041703, 9.044401 ], [ 38.8042312, 9.0365115 ], [ 38.8081541, 9.0338291 ], [ 38.8116564, 9.0325841 ], [ 38.809383, 9.0265432 ], [ 38.8102636, 9.0243078 ], [ 38.8106941, 9.0237117 ], [ 38.8113499, 9.0229316 ], [ 38.8119681, 9.0221034 ], [ 38.8120899, 9.0212209 ], [ 38.8120747, 9.0206652 ], [ 38.8098596, 9.0156041 ], [ 38.8061032, 9.0115015 ], [ 38.8012158, 9.0086368 ], [ 38.7946308, 9.0046325 ], [ 38.78788440000001, 9.0005935 ], [ 38.7847739, 8.9993148 ], [ 38.7796315, 8.9976555 ], [ 38.7722506, 8.9984578 ], [ 38.770898099999989, 8.9992638 ], [ 38.7663704, 9.0019672 ], [ 38.7641509, 9.0037203 ], [ 38.7587103, 9.0068983 ], [ 38.7567295, 9.0078257 ], [ 38.754098, 9.0095758 ], [ 38.7482888, 9.0109348 ], [ 38.7436837, 9.0164679 ], [ 38.743396, 9.0193714 ], [ 38.7392686, 9.0241587 ], [ 38.7382249, 9.0250091 ], [ 38.7379664, 9.0259409 ], [ 38.7375489, 9.0298709 ], [ 38.7366399, 9.0346148 ], [ 38.7394638, 9.0408832 ], [ 38.7397818, 9.0434378 ], [ 38.7419115, 9.0474839 ] ] ] } },
{ "type": "Feature", "properties": { "threshold_s": 900, "time_label": "15 min drive" }, "geometry": { "type": "Polygon", "coordinates": [ [ [ 38.7280596, 9.065708 ], [ 38.7292464, 9.067069 ], [ 38.7325479, 9.0696149 ], [ 38.7374885, 9.0707631 ], [ 38.7441498, 9.0752923 ], [ 38.7510584, 9.0755627 ], [ 38.7567401, 9.0780534 ], [ 38.7613576, 9.0810134 ], [ 38.7700425, 9.0798452 ], [ 38.773237, 9.081739 ], [ 38.7736219, 9.0787401 ], [ 38.7742804, 9.0774085 ], [ 38.775241, 9.0762624 ], [ 38.7836453, 9.0772787 ], [ 38.7845762, 9.0804395 ], [ 38.7856852, 9.0805299 ], [ 38.7896159, 9.0783315 ], [ 38.7946067, 9.076095 ], [ 38.7949508, 9.0759041 ], [ 38.7963992, 9.0704068 ], [ 38.7963618, 9.0678503 ], [ 38.8028473, 9.0628395 ], [ 38.8050477, 9.06282 ], [ 38.8077852, 9.0636738 ], [ 38.8144933, 9.0607549 ], [ 38.8149651, 9.0605226 ], [ 38.8186991, 9.0535702 ], [ 38.817692, 9.0514193 ], [ 38.8244997, 9.0463006 ], [ 38.8272199, 9.0453962 ], [ 38.8311864, 9.0412218 ], [ 38.8312454, 9.0410254 ], [ 38.8306081, 9.037338 ], [ 38.8294184, 9.0340067 ], [ 38.83358, 9.0284675 ], [ 38.8337666, 9.0238721 ], [ 38.8323849, 9.0210095 ], [ 38.8320299, 9.0137945 ], [ 38.8304096, 9.0120107 ], [ 38.8270904, 9.005843 ], [ 38.8212338, 8.9991704 ], [ 38.8199175, 8.997764 ], [ 38.8195865, 8.9974694 ], [ 38.8139388, 8.9936173 ], [ 38.808627, 8.9907252 ], [ 38.8076424, 8.9907366 ], [ 38.8048125, 8.9901822 ], [ 38.7996331, 8.9854045 ], [ 38.791375, 8.9871117 ], [ 38.789819799999989, 8.986366 ], [ 38.788826, 8.985809 ], [ 38.7855757, 8.9849273 ], [ 38.7787516, 8.9794447 ], [ 38.778026, 8.9791981 ], [ 38.7751724, 8.9790417 ], [ 38.7737292, 8.9792188 ], [ 38.7718879, 8.979752 ], [ 38.7627956, 8.9811445 ], [ 38.761595, 8.9815832 ], [ 38.7598874, 8.9826072 ], [ 38.7587528, 8.9844655 ], [ 38.7507597, 8.986419 ], [ 38.7496014, 8.9875721 ], [ 38.7434942, 8.9914052 ], [ 38.7381707, 8.9924364 ], [ 38.7376045, 8.9950873 ], [ 38.732501, 9.001813 ], [ 38.730315, 9.0050548 ], [ 38.7287807, 9.0080888 ], [ 38.7253784, 9.0132798 ], [ 38.7210266, 9.0180047 ], [ 38.7186989, 9.0216699 ], [ 38.7173324, 9.025038 ], [ 38.7172774, 9.0254537 ], [ 38.7172549, 9.0256279 ], [ 38.7173206, 9.0306065 ], [ 38.7168726, 9.0374846 ], [ 38.7199147, 9.0459872 ], [ 38.7203166, 9.0491233 ], [ 38.7212652, 9.0522272 ], [ 38.723578, 9.0585699 ], [ 38.7280596, 9.065708 ] ] ] } },
{ "type": "Feature", "properties": { "threshold_s": 300, "time_label": "5 min drive" }, "geometry": { "type": "Polygon", "coordinates": [ [ [ 38.7559028, 8.9178419 ], [ 38.7555222, 8.9189191 ], [ 38.7598168, 8.9205519 ], [ 38.7631679, 8.9225352 ], [ 38.763818, 8.9233681 ], [ 38.7638902, 8.9234606 ], [ 38.7644447, 8.9241004 ], [ 38.766051, 8.9251588 ], [ 38.768427, 8.9210203 ], [ 38.7693007, 8.9204716 ], [ 38.7702032, 8.9199201 ], [ 38.7710931, 8.9194227 ], [ 38.7722459, 8.9188675 ], [ 38.774351, 8.9149169 ], [ 38.777513, 8.9152183 ], [ 38.7770686, 8.9112119 ], [ 38.7769419, 8.9105477 ], [ 38.7765561, 8.9099349 ], [ 38.7759864, 8.9067897 ], [ 38.7786913, 8.9035796 ], [ 38.7825369, 8.906303 ], [ 38.7827267, 8.9066475 ], [ 38.7831424, 8.9062752 ], [ 38.782971, 8.9059834 ], [ 38.7825899, 8.9023468 ], [ 38.7838773, 8.9003236 ], [ 38.7836856, 8.8977444 ], [ 38.7821218, 8.8970893 ], [ 38.7818375, 8.8969634 ], [ 38.7785196, 8.8938551 ], [ 38.778047, 8.8932124 ], [ 38.7792167, 8.8889091 ], [ 38.779997, 8.8881024 ], [ 38.7761149, 8.8868364 ], [ 38.7746148, 8.8868447 ], [ 38.7721829, 8.887023 ], [ 38.7713514, 8.8876607 ], [ 38.7672735, 8.8898926 ], [ 38.7634942, 8.8904236 ], [ 38.7619414, 8.8895112 ], [ 38.7603162, 8.8883699 ], [ 38.7561699, 8.8882233 ], [ 38.7535067, 8.8908851 ], [ 38.7546292, 8.8938935 ], [ 38.7553668, 8.8948766 ], [ 38.7556278, 8.8980868 ], [ 38.7521777, 8.8987747 ], [ 38.7516909, 8.8985773 ], [ 38.7515644, 8.8996163 ], [ 38.7488725, 8.9026402 ], [ 38.7478972, 8.9027936 ], [ 38.7482589, 8.9039817 ], [ 38.7487525, 8.9058565 ], [ 38.7483513, 8.9089845 ], [ 38.7487391, 8.9105984 ], [ 38.7501861, 8.9122983 ], [ 38.7508714, 8.9128852 ], [ 38.7522289, 8.9133372 ], [ 38.7562439, 8.9143188 ], [ 38.7562388, 8.9170715 ], [ 38.7559028, 8.9178419 ] ] ] } },
{ "type": "Feature", "properties": { "threshold_s": 600, "time_label": "10 min drive" }, "geometry": { "type": "Polygon", "coordinates": [ [ [ 38.7340388, 8.9186463 ], [ 38.734746, 8.9215732 ], [ 38.7358041, 8.9214864 ], [ 38.7466537, 8.9217025 ], [ 38.7550425, 8.9308073 ], [ 38.7553157, 8.9324432 ], [ 38.7573999, 8.9376337 ], [ 38.7588604, 8.9404185 ], [ 38.7598112, 8.9423713 ], [ 38.7601097, 8.9429226 ], [ 38.7666365, 8.9441924 ], [ 38.7701505, 8.9435683 ], [ 38.7739538, 8.9428707 ], [ 38.7792063, 8.9382432 ], [ 38.7804897, 8.936656 ], [ 38.7830064, 8.9257519 ], [ 38.7887996, 8.9195107 ], [ 38.7926964, 8.913875 ], [ 38.7943926, 8.9069326 ], [ 38.7899805, 8.89506 ], [ 38.7927742, 8.8912038 ], [ 38.7926292, 8.8794656 ], [ 38.7936892, 8.8754334 ], [ 38.78873, 8.8697496 ], [ 38.7886547, 8.86974 ], [ 38.787542, 8.8705404 ], [ 38.7748142, 8.8706076 ], [ 38.7732048, 8.867972 ], [ 38.7724444, 8.8676884 ], [ 38.770119, 8.8686915 ], [ 38.7576793, 8.8720933 ], [ 38.7575879, 8.8721204 ], [ 38.7532785, 8.8831428 ], [ 38.7491109, 8.8861403 ], [ 38.7433773, 8.8943519 ], [ 38.7362117, 8.9011704 ], [ 38.7350826, 8.9022633 ], [ 38.7337589, 8.9040162 ], [ 38.7313695, 8.9071775 ], [ 38.7312216, 8.9075352 ], [ 38.7340388, 8.9186463 ] ] ] } },
{ "type": "Feature", "properties": { "threshold_s": 900, "time_label": "15 min drive" }, "geometry": { "type": "Polygon", "coordinates": [ [ [ 38.7215052, 8.9314097 ], [ 38.7221061, 8.9322074 ], [ 38.7248286, 8.9346418 ], [ 38.7312216, 8.939621 ], [ 38.7321951, 8.9402901 ], [ 38.7353253, 8.9424163 ], [ 38.7408816, 8.9454938 ], [ 38.7506098, 8.9584779 ], [ 38.7516732, 8.9604839 ], [ 38.7551203, 8.9625307 ], [ 38.7664745, 8.9652953 ], [ 38.7821393, 8.9612086 ], [ 38.782905, 8.9609565 ], [ 38.7839938, 8.9602919 ], [ 38.7907475, 8.9552754 ], [ 38.797912, 8.9482878 ], [ 38.798516, 8.9415449 ], [ 38.7970081, 8.9256055 ], [ 38.7970939, 8.9247639 ], [ 38.7926964, 8.913875 ], [ 38.802403, 8.9050619 ], [ 38.8112619, 8.9042262 ], [ 38.8119493, 8.9034889 ], [ 38.8133267, 8.9011808 ], [ 38.8079373, 8.89436 ], [ 38.8109408, 8.8793303 ], [ 38.8114924, 8.8787538 ], [ 38.8132301, 8.8755315 ], [ 38.8132301, 8.8752028 ], [ 38.810121, 8.8666303 ], [ 38.8036325, 8.8548893 ], [ 38.8032721, 8.8546094 ], [ 38.7902337, 8.8528086 ], [ 38.7858005, 8.853755 ], [ 38.7698477, 8.8550452 ], [ 38.7641859, 8.8575263 ], [ 38.7507315, 8.8561853 ], [ 38.7453881, 8.8640856 ], [ 38.7499793, 8.8704283 ], [ 38.7429137, 8.8858928 ], [ 38.7350826, 8.9022633 ], [ 38.7337589, 8.9040162 ], [ 38.7313695, 8.9071775 ], [ 38.7199563, 8.9207989 ], [ 38.7202896, 8.9240603 ], [ 38.7213752, 8.9310467 ], [ 38.7215052, 8.9314097 ] ] ] } },
{ "type": "Feature", "properties": { "threshold_s": 300, "time_label": "5 min drive" }, "geometry": { "type": "Polygon", "coordinates": [ [ [ 38.7364548, 9.0604729 ], [ 38.7365289, 9.0605781 ], [ 38.7383334, 9.0617301 ], [ 38.7396581, 9.0633867 ], [ 38.741014, 9.0648982 ], [ 38.7418311, 9.06565 ], [ 38.7453286, 9.0671715 ], [ 38.7471599, 9.0691251 ], [ 38.7474757, 9.0694771 ], [ 38.7509825, 9.0699787 ], [ 38.7523489, 9.0701126 ], [ 38.7556411, 9.0684859 ], [ 38.7566992, 9.0682918 ], [ 38.7579826, 9.066261 ], [ 38.7610903, 9.0644677 ], [ 38.761953, 9.0643387 ], [ 38.7637204, 9.0629397 ], [ 38.7648583, 9.0614605 ], [ 38.7658428, 9.0577181 ], [ 38.766554, 9.0571415 ], [ 38.7669257, 9.0563794 ], [ 38.7676134, 9.0550313 ], [ 38.7675065, 9.0547701 ], [ 38.7672524, 9.0542346 ], [ 38.7650576, 9.0511274 ], [ 38.7652991, 9.0499347 ], [ 38.7655346, 9.0485938 ], [ 38.7683814, 9.0466274 ], [ 38.768379, 9.0465061 ], [ 38.768355, 9.0464477 ], [ 38.7672688, 9.0460073 ], [ 38.765882499999989, 9.0434368 ], [ 38.7678988, 9.0418997 ], [ 38.7683965, 9.0402376 ], [ 38.7682429, 9.0399681 ], [ 38.7662282, 9.0381005 ], [ 38.7639577, 9.0366488 ], [ 38.7632315, 9.0343164 ], [ 38.760904, 9.0319406 ], [ 38.7595237, 9.0328211 ], [ 38.7590509, 9.0331043 ], [ 38.7553975, 9.0323865 ], [ 38.7540847, 9.0327214 ], [ 38.7513957, 9.030474 ], [ 38.7512775, 9.0305243 ], [ 38.7492119, 9.0335496 ], [ 38.7455097, 9.0345712 ], [ 38.7439918, 9.0343989 ], [ 38.7429368, 9.0342591 ], [ 38.7408499, 9.0347798 ], [ 38.7388659, 9.0341421 ], [ 38.7385034, 9.0342278 ], [ 38.7385896, 9.035751 ], [ 38.7374993, 9.0382903 ], [ 38.735273, 9.0415292 ], [ 38.7357076, 9.0426689 ], [ 38.7383373, 9.0423504 ], [ 38.7397933, 9.0438992 ], [ 38.7396852, 9.046166 ], [ 38.739417, 9.0465899 ], [ 38.7361669, 9.0479308 ], [ 38.7350082, 9.0480646 ], [ 38.7343115, 9.0504904 ], [ 38.7345053, 9.0532999 ], [ 38.7351906, 9.0553483 ], [ 38.7360639, 9.0569361 ], [ 38.7364548, 9.0604729 ] ] ] } },
{ "type": "Feature", "properties": { "threshold_s": 600, "time_label": "10 min drive" }, "geometry": { "type": "Polygon", "coordinates": [ [ [ 38.7184079, 9.0698393 ], [ 38.7184985, 9.070863 ], [ 38.7215999, 9.0727251 ], [ 38.7261845, 9.0750759 ], [ 38.7291224, 9.0709316 ], [ 38.7305483, 9.0709061 ], [ 38.7324589, 9.0764417 ], [ 38.7377219, 9.0759888 ], [ 38.7382369, 9.0758127 ], [ 38.7436485, 9.0747601 ], [ 38.7445479, 9.0766414 ], [ 38.7465249, 9.0792228 ], [ 38.7478956, 9.0789074 ], [ 38.753382, 9.0790122 ], [ 38.7569319, 9.0781488 ], [ 38.7613576, 9.0810134 ], [ 38.7612186, 9.0800548 ], [ 38.7636937, 9.0758776 ], [ 38.7684722, 9.0768381 ], [ 38.7700425, 9.0798452 ], [ 38.773237, 9.081739 ], [ 38.7736219, 9.0787401 ], [ 38.7768111, 9.0738567 ], [ 38.7774843, 9.0730025 ], [ 38.7764087, 9.0679833 ], [ 38.7820199, 9.0676257 ], [ 38.7825429, 9.0622396 ], [ 38.7838892, 9.0609382 ], [ 38.7839224, 9.0608546 ], [ 38.7838352, 9.0596051 ], [ 38.7862726, 9.0545333 ], [ 38.7859225, 9.0537132 ], [ 38.7850186, 9.049336 ], [ 38.7870704, 9.0471276 ], [ 38.7870159, 9.0440162 ], [ 38.7869235, 9.0434758 ], [ 38.7853727, 9.0402983 ], [ 38.7862176, 9.0341818 ], [ 38.7867588, 9.0301967 ], [ 38.7868009, 9.0299594 ], [ 38.7844192, 9.0282463 ], [ 38.7788843, 9.0258763 ], [ 38.7764838, 9.0227621 ], [ 38.7745991, 9.0233237 ], [ 38.7735011, 9.024124 ], [ 38.7722297, 9.0251154 ], [ 38.7673037, 9.0253571 ], [ 38.7664473, 9.0226405 ], [ 38.7677259, 9.0197702 ], [ 38.7661117, 9.016113 ], [ 38.7632994, 9.0143168 ], [ 38.7593965, 9.0114302 ], [ 38.7591779, 9.0112723 ], [ 38.7543422, 9.0095442 ], [ 38.7535663, 9.009591 ], [ 38.7482888, 9.0109348 ], [ 38.7460468, 9.0114413 ], [ 38.7446699, 9.0129369 ], [ 38.7395689, 9.0162778 ], [ 38.7386591, 9.0163766 ], [ 38.7381648, 9.0164064 ], [ 38.7380934, 9.0164119 ], [ 38.7370836, 9.016526 ], [ 38.7350591, 9.0180421 ], [ 38.7312942, 9.0189316 ], [ 38.7305752, 9.020013 ], [ 38.7280311, 9.0226667 ], [ 38.725199, 9.0240355 ], [ 38.7242076, 9.0244733 ], [ 38.722301, 9.0264528 ], [ 38.7209239, 9.0279653 ], [ 38.7198622, 9.0310117 ], [ 38.719316, 9.0342986 ], [ 38.7172089, 9.0371942 ], [ 38.7170026, 9.0373767 ], [ 38.7175321, 9.0385707 ], [ 38.7160045, 9.0438667 ], [ 38.716158299999989, 9.0446251 ], [ 38.7163641, 9.0449171 ], [ 38.7188915, 9.0484049 ], [ 38.7191489, 9.0506074 ], [ 38.7163179, 9.0556455 ], [ 38.7175503, 9.0612463 ], [ 38.7172703, 9.0624235 ], [ 38.717228, 9.0626398 ], [ 38.716661, 9.064828 ], [ 38.7184079, 9.0698393 ] ] ] } },
{ "type": "Feature", "properties": { "threshold_s": 900, "time_label": "15 min drive" }, "geometry": { "type": "Polygon", "coordinates": [ [ [ 38.7010843, 9.0646618 ], [ 38.7013348, 9.0649709 ], [ 38.7047361, 9.0671463 ], [ 38.7157707, 9.0714928 ], [ 38.7160362, 9.0719192 ], [ 38.7182799, 9.0763662 ], [ 38.7222228, 9.0847868 ], [ 38.7265894, 9.0880836 ], [ 38.7380585, 9.0909943 ], [ 38.7489573, 9.092251 ], [ 38.7538493, 9.0949401 ], [ 38.7646589, 9.0997976 ], [ 38.764725, 9.0951657 ], [ 38.7647814, 9.0943182 ], [ 38.7646413, 9.0925122 ], [ 38.7646995, 9.0913532 ], [ 38.7625162, 9.0885921 ], [ 38.7700425, 9.0798452 ], [ 38.773237, 9.081739 ], [ 38.7845762, 9.0804395 ], [ 38.7856852, 9.0805299 ], [ 38.7946067, 9.076095 ], [ 38.7961686, 9.0692719 ], [ 38.8019353, 9.060739 ], [ 38.8030758, 9.0595359 ], [ 38.8024621, 9.0591827 ], [ 38.8020533, 9.0589194 ], [ 38.8011682, 9.0585035 ], [ 38.7982164, 9.0576321 ], [ 38.7965722, 9.0568573 ], [ 38.792129, 9.0494167 ], [ 38.7967241, 9.0428703 ], [ 38.8041703, 9.044401 ], [ 38.8069644, 9.0447637 ], [ 38.8005483, 9.0376132 ], [ 38.8048161, 9.0292985 ], [ 38.8055684, 9.0283197 ], [ 38.8064724, 9.0211697 ], [ 38.8064869, 9.0210836 ], [ 38.8025814, 9.0160673 ], [ 38.7959622, 9.0132559 ], [ 38.7890337, 9.0094553 ], [ 38.7807231, 9.0031349 ], [ 38.7802617, 9.0027226 ], [ 38.7722875, 8.9955489 ], [ 38.7718067, 8.9953728 ], [ 38.76639740000001, 8.9933522 ], [ 38.7578307, 8.9889704 ], [ 38.7514143, 8.9880999 ], [ 38.7427999, 8.9909033 ], [ 38.7381707, 8.9924364 ], [ 38.7302233, 8.9969674 ], [ 38.7302594, 8.9977804 ], [ 38.7292146, 9.0052443 ], [ 38.7185884, 9.0057496 ], [ 38.7168986, 9.0089339 ], [ 38.7153025, 9.0123922 ], [ 38.7085474, 9.0208282 ], [ 38.7035291, 9.0254177 ], [ 38.6993368, 9.0329567 ], [ 38.6992764, 9.0336705 ], [ 38.6992861, 9.0349609 ], [ 38.6993715, 9.0384536 ], [ 38.7002588, 9.0435801 ], [ 38.7006504, 9.0458833 ], [ 38.6994836, 9.056689 ], [ 38.6990526, 9.0576004 ], [ 38.6987997, 9.0584836 ], [ 38.7010843, 9.0646618 ] ] ] } },
{ "type": "Feature", "properties": { "threshold_s": 300, "time_label": "5 min drive" }, "geometry": { "type": "Polygon", "coordinates": [ [ [ 38.7479243, 9.0658835 ], [ 38.7493982, 9.0677495 ], [ 38.7514052, 9.0687163 ], [ 38.7548004, 9.0697712 ], [ 38.7559113, 9.0701827 ], [ 38.7564209, 9.0703168 ], [ 38.759771, 9.0718874 ], [ 38.7611483, 9.0707591 ], [ 38.7641009, 9.0711232 ], [ 38.7652199, 9.0709458 ], [ 38.764943, 9.0686465 ], [ 38.766954, 9.0659533 ], [ 38.7677647, 9.0658071 ], [ 38.7709819, 9.066051 ], [ 38.7717272, 9.0660087 ], [ 38.7724413, 9.065611 ], [ 38.7734954, 9.063426 ], [ 38.7746222, 9.0623644 ], [ 38.7747068, 9.0620104 ], [ 38.7752118, 9.0594034 ], [ 38.7753084, 9.057763 ], [ 38.7741737, 9.0556819 ], [ 38.7741186, 9.0557562 ], [ 38.7740774, 9.055816 ], [ 38.7736753, 9.0564126 ], [ 38.7732366, 9.0571025 ], [ 38.7730604, 9.0573845 ], [ 38.7707573, 9.0586651 ], [ 38.7692519, 9.058185 ], [ 38.7680342, 9.0562984 ], [ 38.7676134, 9.0550313 ], [ 38.7675065, 9.0547701 ], [ 38.7672416, 9.0533861 ], [ 38.7675809, 9.0519084 ], [ 38.7710611, 9.052157 ], [ 38.771158, 9.0521002 ], [ 38.7722006, 9.0504811 ], [ 38.771956, 9.0493371 ], [ 38.7732643, 9.0464944 ], [ 38.7742615, 9.0456581 ], [ 38.7733985, 9.0448605 ], [ 38.7709008, 9.045025 ], [ 38.7694638, 9.0449786 ], [ 38.7678988, 9.0418997 ], [ 38.7685836, 9.041233 ], [ 38.7693953, 9.040212 ], [ 38.7706733, 9.0395278 ], [ 38.7721869, 9.0388821 ], [ 38.7721408, 9.0387546 ], [ 38.769485, 9.0365528 ], [ 38.7675585, 9.0358251 ], [ 38.7668753, 9.0362687 ], [ 38.7639577, 9.0366488 ], [ 38.7632315, 9.0343164 ], [ 38.7636485, 9.0328556 ], [ 38.7634174, 9.031659 ], [ 38.7602203, 9.0332626 ], [ 38.7590509, 9.0331043 ], [ 38.7579095, 9.0339593 ], [ 38.7547744, 9.0332696 ], [ 38.7543443, 9.0327333 ], [ 38.7510057, 9.0335837 ], [ 38.7492962, 9.0353332 ], [ 38.7478271, 9.0364234 ], [ 38.7460012, 9.0372261 ], [ 38.7459972, 9.0372572 ], [ 38.7463573, 9.0387571 ], [ 38.7447332, 9.040759 ], [ 38.7428382, 9.0405001 ], [ 38.7427859, 9.0405703 ], [ 38.7427329, 9.0407504 ], [ 38.7427163, 9.0408189 ], [ 38.7428107, 9.0424086 ], [ 38.7434116, 9.0452264 ], [ 38.7419698, 9.0473912 ], [ 38.7419115, 9.0474839 ], [ 38.7405456, 9.0506456 ], [ 38.7390479, 9.0522558 ], [ 38.7388428, 9.0533032 ], [ 38.7395808, 9.0546524 ], [ 38.7403907, 9.0568583 ], [ 38.7422151, 9.0590113 ], [ 38.7431641, 9.0604412 ], [ 38.7438998, 9.0608748 ], [ 38.7461485, 9.0627586 ], [ 38.7465785, 9.0638348 ], [ 38.7471065, 9.0647479 ], [ 38.7479243, 9.0658835 ] ] ] } },
{ "type": "Feature", "properties": { "threshold_s": 600, "time_label": "10 min drive" }, "geometry": { "type": "Polygon", "coordinates": [ [ [ 38.7212152, 9.0627863 ], [ 38.7231606, 9.0691129 ], [ 38.727037, 9.0714079 ], [ 38.7338488, 9.072825 ], [ 38.7377219, 9.0759888 ], [ 38.7465249, 9.0792228 ], [ 38.753382, 9.0790122 ], [ 38.7613576, 9.0810134 ], [ 38.7700425, 9.0798452 ], [ 38.773237, 9.081739 ], [ 38.7736219, 9.0787401 ], [ 38.7742804, 9.0774085 ], [ 38.7836453, 9.0772787 ], [ 38.7844647, 9.078862 ], [ 38.7849784, 9.0751532 ], [ 38.7841871, 9.0679647 ], [ 38.7899282, 9.0669108 ], [ 38.7928802, 9.063107 ], [ 38.7938711, 9.0600459 ], [ 38.7917857, 9.0588744 ], [ 38.7883158, 9.0551371 ], [ 38.7892183, 9.0480524 ], [ 38.7906995, 9.0454025 ], [ 38.788646, 9.0371199 ], [ 38.7887482, 9.0361844 ], [ 38.7900916, 9.0290698 ], [ 38.7898506, 9.0284755 ], [ 38.788861, 9.027759 ], [ 38.7866034, 9.0262502 ], [ 38.7791253, 9.0212346 ], [ 38.7770019, 9.0188688 ], [ 38.7693626, 9.0163824 ], [ 38.7625799, 9.011047 ], [ 38.7531791, 9.0117207 ], [ 38.7530028, 9.0117021 ], [ 38.7501221, 9.0122852 ], [ 38.7484279, 9.0131606 ], [ 38.7419388, 9.018039 ], [ 38.7403048, 9.0186944 ], [ 38.7385111, 9.0195157 ], [ 38.7343536, 9.0216085 ], [ 38.7338542, 9.0218874 ], [ 38.7335879, 9.0225953 ], [ 38.7298293, 9.0286235 ], [ 38.7273431, 9.0308044 ], [ 38.7249019, 9.0339276 ], [ 38.7244952, 9.0344387 ], [ 38.7237901, 9.0396272 ], [ 38.7215388, 9.046364 ], [ 38.720632, 9.0552255 ], [ 38.7201401, 9.0582833 ], [ 38.7212152, 9.0627863 ] ] ] } },
{ "type": "Feature", "properties": { "threshold_s": 900, "time_label": "15 min drive" }, "geometry": { "type": "Polygon", "coordinates": [ [ [ 38.7182799, 9.0763662 ], [ 38.7222228, 9.0847868 ], [ 38.7255473, 9.0871632 ], [ 38.730374, 9.0869792 ], [ 38.7380585, 9.0909943 ], [ 38.7489573, 9.092251 ], [ 38.7538493, 9.0949401 ], [ 38.7646589, 9.0997976 ], [ 38.764725, 9.0951657 ], [ 38.7647814, 9.0943182 ], [ 38.7646413, 9.0925122 ], [ 38.7646995, 9.0913532 ], [ 38.773237, 9.081739 ], [ 38.7845762, 9.0804395 ], [ 38.7856852, 9.0805299 ], [ 38.7946067, 9.076095 ], [ 38.7992678, 9.0741871 ], [ 38.8050477, 9.06282 ], [ 38.8077852, 9.0636738 ], [ 38.8101988, 9.0532069 ], [ 38.8069644, 9.0447637 ], [ 38.8102571, 9.0324134 ], [ 38.8105209, 9.0319502 ], [ 38.8102174, 9.0215023 ], [ 38.8079139, 9.0165805 ], [ 38.8042417, 9.0123665 ], [ 38.7973704, 9.0098161 ], [ 38.7894034, 9.0046542 ], [ 38.783090799999989, 9.0006189 ], [ 38.7747749, 8.9936803 ], [ 38.7742053, 8.9932382 ], [ 38.7658954, 8.990874 ], [ 38.7568836, 8.9918736 ], [ 38.7524056, 8.9908153 ], [ 38.7523237, 8.9908358 ], [ 38.7449813, 8.9932408 ], [ 38.73815, 8.9949962 ], [ 38.732501, 9.001813 ], [ 38.7292146, 9.0052443 ], [ 38.7201735, 9.0095651 ], [ 38.7196137, 9.0097611 ], [ 38.7191591, 9.0121974 ], [ 38.716879, 9.0190493 ], [ 38.7093544, 9.0292577 ], [ 38.7065063, 9.0324123 ], [ 38.7063434, 9.0329963 ], [ 38.7062408, 9.0334666 ], [ 38.7060329, 9.0391369 ], [ 38.705703, 9.0502009 ], [ 38.7046228, 9.0561322 ], [ 38.7046811, 9.0605026 ], [ 38.7051728, 9.0634582 ], [ 38.7151902, 9.0700342 ], [ 38.7157707, 9.0714928 ], [ 38.7160362, 9.0719192 ], [ 38.7182799, 9.0763662 ] ] ] } },
{ "type": "Feature", "properties": { "threshold_s": 300, "time_label": "5 min drive" }, "geometry": { "type": "Polygon", "coordinates": [ [ [ 38.7484129, 9.065267 ], [ 38.7493499, 9.066696 ], [ 38.751431, 9.0683141 ], [ 38.7548004, 9.0697712 ], [ 38.7559113, 9.0701827 ], [ 38.7564209, 9.0703168 ], [ 38.7599869, 9.0715193 ], [ 38.7633866, 9.0704399 ], [ 38.7648538, 9.0706757 ], [ 38.764943, 9.0686465 ], [ 38.7673947, 9.0661136 ], [ 38.7705942, 9.0665923 ], [ 38.7725145, 9.0659409 ], [ 38.7735212, 9.0639695 ], [ 38.7746222, 9.0623644 ], [ 38.7756462, 9.0597021 ], [ 38.7753084, 9.057763 ], [ 38.7741737, 9.0556819 ], [ 38.7741186, 9.0557562 ], [ 38.7740774, 9.055816 ], [ 38.7736753, 9.0564126 ], [ 38.7732366, 9.0571025 ], [ 38.7730604, 9.0573845 ], [ 38.7692519, 9.058185 ], [ 38.7680342, 9.0562984 ], [ 38.7676134, 9.0550313 ], [ 38.7675065, 9.0547701 ], [ 38.7672416, 9.0533861 ], [ 38.7710611, 9.052157 ], [ 38.7718325, 9.0522404 ], [ 38.7727542, 9.050924 ], [ 38.7726644, 9.0503293 ], [ 38.7721319, 9.0480659 ], [ 38.7745811, 9.046736 ], [ 38.774861, 9.0464728 ], [ 38.774515, 9.0434651 ], [ 38.7728901, 9.0400549 ], [ 38.7736243, 9.0381735 ], [ 38.7706302, 9.0364174 ], [ 38.7703056, 9.0363681 ], [ 38.7700652, 9.0363539 ], [ 38.7694747, 9.0363181 ], [ 38.7675585, 9.0358251 ], [ 38.7668753, 9.0362687 ], [ 38.7639577, 9.0366488 ], [ 38.7632315, 9.0343164 ], [ 38.7636485, 9.0328556 ], [ 38.7636394, 9.0308323 ], [ 38.76348, 9.0308291 ], [ 38.7634174, 9.031659 ], [ 38.7602203, 9.0332626 ], [ 38.7595237, 9.0328211 ], [ 38.7590509, 9.0331043 ], [ 38.7579095, 9.0339593 ], [ 38.7547744, 9.0332696 ], [ 38.7511778, 9.0335783 ], [ 38.7510057, 9.0335837 ], [ 38.7494593, 9.0354117 ], [ 38.7465517, 9.0372247 ], [ 38.7464552, 9.0375744 ], [ 38.7465899, 9.0383472 ], [ 38.7466695, 9.0389044 ], [ 38.7438561, 9.041361 ], [ 38.7429569, 9.0407418 ], [ 38.743777, 9.0414001 ], [ 38.7435148, 9.0450476 ], [ 38.743453, 9.0451545 ], [ 38.7434116, 9.0452264 ], [ 38.7427648, 9.0484268 ], [ 38.7411425, 9.0512843 ], [ 38.7395479, 9.0526242 ], [ 38.7410129, 9.0559353 ], [ 38.7430381, 9.059217 ], [ 38.7444951, 9.0604337 ], [ 38.7463703, 9.0631875 ], [ 38.7484129, 9.065267 ] ] ] } },
{ "type": "Feature", "properties": { "threshold_s": 600, "time_label": "10 min drive" }, "geometry": { "type": "Polygon", "coordinates": [ [ [ 38.7222944, 9.0623953 ], [ 38.7247636, 9.0681643 ], [ 38.7270983, 9.0701353 ], [ 38.727472, 9.0702758 ], [ 38.7291224, 9.0709316 ], [ 38.7338488, 9.072825 ], [ 38.7377219, 9.0759888 ], [ 38.7465249, 9.0792228 ], [ 38.753382, 9.0790122 ], [ 38.7613576, 9.0810134 ], [ 38.7700425, 9.0798452 ], [ 38.773237, 9.081739 ], [ 38.7736219, 9.0787401 ], [ 38.7742804, 9.0774085 ], [ 38.7836453, 9.0772787 ], [ 38.7844647, 9.078862 ], [ 38.7849784, 9.0751532 ], [ 38.7899282, 9.0669108 ], [ 38.7921292, 9.0640844 ], [ 38.7928802, 9.063107 ], [ 38.7939517, 9.061192 ], [ 38.7938711, 9.0600459 ], [ 38.7917857, 9.0588744 ], [ 38.792129, 9.0494167 ], [ 38.7906995, 9.0454025 ], [ 38.788999, 9.0366321 ], [ 38.7916626, 9.0285942 ], [ 38.7916646, 9.028526 ], [ 38.790334799999989, 9.0270686 ], [ 38.7883867, 9.0262741 ], [ 38.7814131, 9.0221508 ], [ 38.7776519, 9.0186828 ], [ 38.777311, 9.0184464 ], [ 38.7772229, 9.0183928 ], [ 38.7686282, 9.015342 ], [ 38.7629096, 9.0108249 ], [ 38.7626954, 9.0108388 ], [ 38.7529601, 9.0121004 ], [ 38.7503024, 9.0129965 ], [ 38.7420372, 9.0182645 ], [ 38.7343536, 9.0216085 ], [ 38.7336241, 9.0231117 ], [ 38.7277242, 9.0308538 ], [ 38.7249019, 9.0339276 ], [ 38.7237493, 9.0412733 ], [ 38.7226962, 9.0460223 ], [ 38.7222077, 9.0479755 ], [ 38.7212829, 9.051997 ], [ 38.7212652, 9.0522272 ], [ 38.7210776, 9.0555984 ], [ 38.7214301, 9.0585183 ], [ 38.7222944, 9.0623953 ] ] ] } },
{ "type": "Feature", "properties": { "threshold_s": 900, "time_label": "15 min drive" }, "geometry": { "type": "Polygon", "coordinates": [ [ [ 38.7182799, 9.0763662 ], [ 38.7222228, 9.0847868 ], [ 38.7231521, 9.0851596 ], [ 38.730374, 9.0869792 ], [ 38.7380585, 9.0909943 ], [ 38.7489573, 9.092251 ], [ 38.7538493, 9.0949401 ], [ 38.7646589, 9.0997976 ], [ 38.764725, 9.0951657 ], [ 38.7647814, 9.0943182 ], [ 38.7646413, 9.0925122 ], [ 38.7646995, 9.0913532 ], [ 38.773237, 9.081739 ], [ 38.7845762, 9.0804395 ], [ 38.7856852, 9.0805299 ], [ 38.7946067, 9.076095 ], [ 38.7992678, 9.0741871 ], [ 38.8050477, 9.06282 ], [ 38.8077852, 9.0636738 ], [ 38.8101988, 9.0532069 ], [ 38.8069644, 9.0447637 ], [ 38.808871, 9.0334149 ], [ 38.8116564, 9.0325841 ], [ 38.8116801, 9.0213311 ], [ 38.811667, 9.0212539 ], [ 38.8086752, 9.0161888 ], [ 38.8041047, 9.011598 ], [ 38.7993051, 9.0096285 ], [ 38.7892042, 9.0040436 ], [ 38.7839798, 8.9998376 ], [ 38.7762939, 8.9929173 ], [ 38.7753801, 8.9924898 ], [ 38.7658954, 8.990874 ], [ 38.7544392, 8.9918386 ], [ 38.7524877, 8.991439 ], [ 38.7509282, 8.9916097 ], [ 38.7460314, 8.9936245 ], [ 38.7383237, 8.9951094 ], [ 38.732501, 9.001813 ], [ 38.730182, 9.0046135 ], [ 38.7201735, 9.0095651 ], [ 38.7191591, 9.0121974 ], [ 38.716879, 9.0190493 ], [ 38.7102263, 9.0286974 ], [ 38.7068282, 9.0324931 ], [ 38.7062408, 9.0334666 ], [ 38.7060329, 9.0391369 ], [ 38.7064493, 9.0508406 ], [ 38.7046228, 9.0561322 ], [ 38.7055649, 9.0599669 ], [ 38.7071273, 9.0631653 ], [ 38.7160362, 9.0719192 ], [ 38.7182799, 9.0763662 ] ] ] } },
{ "type": "Feature", "properties": { "threshold_s": 300, "time_label": "5 min drive" }, "geometry": { "type": "Polygon", "coordinates": [ [ [ 38.6966988, 9.0453111 ], [ 38.6987601, 9.0475573 ], [ 38.699713, 9.0483354 ], [ 38.7033152, 9.0506611 ], [ 38.7057278, 9.0517604 ], [ 38.7082511, 9.0535298 ], [ 38.710216, 9.0534411 ], [ 38.7131065, 9.0568466 ], [ 38.7132052, 9.0575036 ], [ 38.7157332, 9.0546701 ], [ 38.7186145, 9.0521656 ], [ 38.7205437, 9.048989 ], [ 38.7226291, 9.0484301 ], [ 38.7236188, 9.047764 ], [ 38.7257449, 9.0446856 ], [ 38.7274041, 9.0412133 ], [ 38.7287478, 9.0368826 ], [ 38.7281953, 9.0338151 ], [ 38.727489, 9.033056 ], [ 38.7255928, 9.0318197 ], [ 38.7234496, 9.0293674 ], [ 38.721402, 9.0259654 ], [ 38.720889, 9.025629 ], [ 38.7192179, 9.0248179 ], [ 38.7179084, 9.0245885 ], [ 38.7158288, 9.0208711 ], [ 38.7130228, 9.021192 ], [ 38.7111993, 9.0218779 ], [ 38.7113392, 9.0229746 ], [ 38.7083363, 9.0267296 ], [ 38.7081519, 9.0267832 ], [ 38.7035291, 9.0254177 ], [ 38.703514, 9.0261544 ], [ 38.7039354, 9.0279369 ], [ 38.7007628, 9.0306842 ], [ 38.7002915, 9.0306907 ], [ 38.6997702, 9.0314941 ], [ 38.6993368, 9.0329567 ], [ 38.6980292, 9.0353288 ], [ 38.6961681, 9.0371746 ], [ 38.6958301, 9.039716 ], [ 38.696355, 9.0444169 ], [ 38.6966988, 9.0453111 ] ] ] } },
{ "type": "Feature", "properties": { "threshold_s": 600, "time_label": "10 min drive" }, "geometry": { "type": "Polygon", "coordinates": [ [ [ 38.6886941, 9.0608337 ], [ 38.6911368, 9.0640833 ], [ 38.6947086, 9.0671631 ], [ 38.698357799999989, 9.0683166 ], [ 38.6992261, 9.0679087 ], [ 38.7001384, 9.0673675 ], [ 38.7066767, 9.0720331 ], [ 38.7064393, 9.0656273 ], [ 38.7110449, 9.061498 ], [ 38.7154944, 9.0661054 ], [ 38.7157479, 9.0667755 ], [ 38.7171494, 9.0707671 ], [ 38.7181498, 9.071257 ], [ 38.7215999, 9.0727251 ], [ 38.7288317, 9.0690434 ], [ 38.7302734, 9.0677014 ], [ 38.7340968, 9.0632828 ], [ 38.7368808, 9.0627586 ], [ 38.7372558, 9.0625258 ], [ 38.739800099999989, 9.0605455 ], [ 38.7400846, 9.0574848 ], [ 38.7406261, 9.0545821 ], [ 38.743727, 9.049567 ], [ 38.7457524, 9.0428735 ], [ 38.7472453, 9.0406397 ], [ 38.7499915, 9.0355127 ], [ 38.7501601, 9.0345287 ], [ 38.7501721, 9.0337256 ], [ 38.7491403, 9.0314182 ], [ 38.7459093, 9.0267541 ], [ 38.744300699999989, 9.0223826 ], [ 38.7412349, 9.0219793 ], [ 38.7367647, 9.0164284 ], [ 38.7361511, 9.015533 ], [ 38.7344268, 9.0137251 ], [ 38.7313527, 9.0086805 ], [ 38.7287512, 9.0066265 ], [ 38.7285474, 9.0064755 ], [ 38.7284978, 9.0065722 ], [ 38.726517, 9.0109459 ], [ 38.7201735, 9.0095651 ], [ 38.7197471, 9.0087074 ], [ 38.7190564, 9.0070821 ], [ 38.7186309, 9.0047421 ], [ 38.7186681, 9.0042571 ], [ 38.7186832, 9.004024 ], [ 38.7187191, 9.0029892 ], [ 38.7187473, 9.0020037 ], [ 38.7189357, 9.0001877 ], [ 38.716688, 9.0022051 ], [ 38.7129074, 9.0075087 ], [ 38.7099215, 9.0118262 ], [ 38.7056821, 9.0132559 ], [ 38.7048564, 9.0133914 ], [ 38.7034982, 9.0135973 ], [ 38.6959296, 9.0117743 ], [ 38.6956452, 9.0108899 ], [ 38.6955944, 9.0107362 ], [ 38.695365, 9.0106935 ], [ 38.6948934, 9.0108593 ], [ 38.6947051, 9.0111096 ], [ 38.693166, 9.015968 ], [ 38.6927986, 9.0168105 ], [ 38.692697, 9.018415 ], [ 38.685514, 9.0220428 ], [ 38.6835646, 9.0241706 ], [ 38.6802738, 9.0277334 ], [ 38.6795009, 9.0289035 ], [ 38.6797614, 9.0331397 ], [ 38.6821318, 9.036787 ], [ 38.6808517, 9.0436993 ], [ 38.6794643, 9.0446396 ], [ 38.6806176, 9.0455197 ], [ 38.6814183, 9.0461415 ], [ 38.6852217, 9.0498367 ], [ 38.6874307, 9.0560653 ], [ 38.6880323, 9.0586902 ], [ 38.6886941, 9.0608337 ] ] ] } },
{ "type": "Feature", "properties": { "threshold_s": 900, "time_label": "15 min drive" }, "geometry": { "type": "Polygon", "coordinates": [ [ [ 38.6847681, 9.0654203 ], [ 38.6848046, 9.0744871 ], [ 38.689663, 9.0762027 ], [ 38.6938391, 9.0730859 ], [ 38.7040883, 9.075675 ], [ 38.7066767, 9.0720331 ], [ 38.7182799, 9.0763662 ], [ 38.7190591, 9.077488 ], [ 38.7212082, 9.0809212 ], [ 38.7107912, 9.0885365 ], [ 38.7188042, 9.0925749 ], [ 38.730374, 9.0869792 ], [ 38.7309526, 9.086197 ], [ 38.7377219, 9.0759888 ], [ 38.7445479, 9.0766414 ], [ 38.7510584, 9.0755627 ], [ 38.7536844, 9.0738666 ], [ 38.7563217, 9.071118 ], [ 38.7576066, 9.0694978 ], [ 38.7578218, 9.0690619 ], [ 38.7598722, 9.064391 ], [ 38.7626772, 9.0557355 ], [ 38.7652703, 9.0454849 ], [ 38.76732, 9.0411742 ], [ 38.7664014, 9.0314507 ], [ 38.7616201, 9.0233396 ], [ 38.7623666, 9.0174082 ], [ 38.7623398, 9.017288 ], [ 38.7593965, 9.0114302 ], [ 38.7591779, 9.0112723 ], [ 38.754303, 9.0072978 ], [ 38.750249599999989, 9.0023687 ], [ 38.7474396, 8.9944439 ], [ 38.7401914, 8.9904123 ], [ 38.7375073, 8.9892226 ], [ 38.7266604, 8.9834049 ], [ 38.7189652, 8.9832542 ], [ 38.7184726, 8.9834798 ], [ 38.7053044, 8.9852953 ], [ 38.6988872, 8.9917151 ], [ 38.6887749, 8.9918051 ], [ 38.6849978, 8.9944267 ], [ 38.6782117, 9.0003824 ], [ 38.6770075, 9.0016761 ], [ 38.6746008, 9.006157 ], [ 38.6688711, 9.0147296 ], [ 38.6679003, 9.0164846 ], [ 38.6677046, 9.0206026 ], [ 38.6673797, 9.0328654 ], [ 38.6746724, 9.0409686 ], [ 38.676438, 9.042549 ], [ 38.6794643, 9.0446396 ], [ 38.6846724, 9.0563468 ], [ 38.6847206, 9.0589202 ], [ 38.684761, 9.0605151 ], [ 38.6847507, 9.0616361 ], [ 38.6847578, 9.0622835 ], [ 38.6847362, 9.0650724 ], [ 38.6847681, 9.0654203 ] ] ] } },
{ "type": "Feature", "properties": { "threshold_s": 300, "time_label": "5 min drive" }, "geometry": { "type": "Polygon", "coordinates": [ [ [ 38.8194273, 9.0176486 ], [ 38.8199606, 9.0189684 ], [ 38.8212509, 9.0187748 ], [ 38.826303, 9.0218102 ], [ 38.8268289, 9.0218945 ], [ 38.83203240000001, 9.021741 ], [ 38.8339238, 9.0216463 ], [ 38.8392593, 9.0214433 ], [ 38.8408179, 9.0203548 ], [ 38.8422644, 9.0189829 ], [ 38.8431759, 9.0180599 ], [ 38.8441612, 9.0169966 ], [ 38.8457281, 9.0133713 ], [ 38.8478268, 9.0103241 ], [ 38.847826, 9.0102352 ], [ 38.8476758, 9.0055007 ], [ 38.8468055, 9.0049233 ], [ 38.8456314, 9.0042318 ], [ 38.8448894, 9.0038838 ], [ 38.842725, 9.002972 ], [ 38.8396599, 9.0013672 ], [ 38.8377548, 8.999958 ], [ 38.8341178, 8.9945436 ], [ 38.8347629, 8.9930203 ], [ 38.8331133, 8.9887953 ], [ 38.8330749, 8.9887201 ], [ 38.828367, 8.9875276 ], [ 38.8278117, 8.9874168 ], [ 38.8274512, 8.9875774 ], [ 38.8242677, 8.9890413 ], [ 38.8237084, 8.9898498 ], [ 38.822578, 8.9917316 ], [ 38.8175655, 8.9956219 ], [ 38.8181467, 8.9995542 ], [ 38.8158741, 9.0039065 ], [ 38.8138772, 9.0088346 ], [ 38.8152355, 9.0119172 ], [ 38.819362, 9.0164901 ], [ 38.8194153, 9.0171491 ], [ 38.8194273, 9.0176486 ] ] ] } },
{ "type": "Feature", "properties": { "threshold_s": 600, "time_label": "10 min drive" }, "geometry": { "type": "Polygon", "coordinates": [ [ [ 38.7960823, 9.0208443 ], [ 38.7960927, 9.0209248 ], [ 38.7983101, 9.0230691 ], [ 38.8013113, 9.0240498 ], [ 38.8055473, 9.0248504 ], [ 38.808001, 9.0248414 ], [ 38.8144722, 9.0294405 ], [ 38.8148688, 9.0299234 ], [ 38.815954, 9.0315147 ], [ 38.8167679, 9.0323597 ], [ 38.8192481, 9.0352733 ], [ 38.8212546, 9.0355571 ], [ 38.829168, 9.0381376 ], [ 38.8299096, 9.0391836 ], [ 38.8302254, 9.0396393 ], [ 38.8306509, 9.0399752 ], [ 38.8328337, 9.0408615 ], [ 38.8348205, 9.0410438 ], [ 38.8350794, 9.0410253 ], [ 38.8427854, 9.0391048 ], [ 38.8471676, 9.0376164 ], [ 38.8512269, 9.0351682 ], [ 38.8557968, 9.0282852 ], [ 38.8569581, 9.0271462 ], [ 38.8622165, 9.0206089 ], [ 38.86567, 9.0153076 ], [ 38.870214, 9.0110504 ], [ 38.8675529, 9.0072271 ], [ 38.863939, 9.0029579 ], [ 38.8626001, 8.9961263 ], [ 38.8625642, 8.9960631 ], [ 38.8610331, 8.9945874 ], [ 38.856082, 8.992128 ], [ 38.853832, 8.9867349 ], [ 38.8536001, 8.9855664 ], [ 38.8532948, 8.9845179 ], [ 38.8525846, 8.9831407 ], [ 38.8482249, 8.975515 ], [ 38.8475228, 8.9742559 ], [ 38.843456, 8.9712955 ], [ 38.8376764, 8.9692227 ], [ 38.829171, 8.9683279 ], [ 38.8259529, 8.9686897 ], [ 38.8237234, 8.9695357 ], [ 38.8210313, 8.9715078 ], [ 38.8203502, 8.9720709 ], [ 38.8201026, 8.9728771 ], [ 38.8201199, 8.9729298 ], [ 38.8202709, 8.9734246 ], [ 38.8211327, 8.9767138 ], [ 38.8208006, 8.9803978 ], [ 38.817983, 8.985495 ], [ 38.8097735, 8.9869675 ], [ 38.8079529, 8.9863615 ], [ 38.8066972, 8.9860036 ], [ 38.8035562, 8.9852867 ], [ 38.8021619, 8.9853275 ], [ 38.8009586, 8.9855935 ], [ 38.7992705, 8.9883311 ], [ 38.8022096, 8.9940263 ], [ 38.8012956, 8.9984883 ], [ 38.7993438, 9.0015425 ], [ 38.7982943, 9.0031359 ], [ 38.797055, 9.0051511 ], [ 38.7956965, 9.0089405 ], [ 38.7950857, 9.0111877 ], [ 38.7950341, 9.0117579 ], [ 38.7960823, 9.0208443 ] ] ] } },
{ "type": "Feature", "properties": { "threshold_s": 900, "time_label": "15 min drive" }, "geometry": { "type": "Polygon", "coordinates": [ [ [ 38.7752977, 9.0272166 ], [ 38.7798841, 9.0348649 ], [ 38.7873481, 9.0375579 ], [ 38.7878993, 9.0373684 ], [ 38.7894697, 9.0358202 ], [ 38.7997189, 9.0335465 ], [ 38.8031475, 9.0364072 ], [ 38.8069644, 9.0447637 ], [ 38.8085872, 9.048062 ], [ 38.8104406, 9.0510525 ], [ 38.8112559, 9.05134 ], [ 38.8158989, 9.0525279 ], [ 38.8211697, 9.0564948 ], [ 38.8240246, 9.0581499 ], [ 38.826208, 9.0593975 ], [ 38.8304794, 9.0594756 ], [ 38.8397427, 9.0570634 ], [ 38.8492703, 9.057436 ], [ 38.8493683, 9.0574421 ], [ 38.8495587, 9.0574223 ], [ 38.8534981, 9.0528709 ], [ 38.8601862, 9.0500287 ], [ 38.8611813, 9.0496817 ], [ 38.8687662, 9.0457312 ], [ 38.8679901, 9.0413286 ], [ 38.8745945, 9.0328456 ], [ 38.878505, 9.0290182 ], [ 38.879569, 9.0279048 ], [ 38.8806787, 9.0268026 ], [ 38.8823091, 9.0252736 ], [ 38.8855605, 9.0216658 ], [ 38.8905887, 9.0125796 ], [ 38.89275210000001, 9.01058 ], [ 38.8890859, 9.0048405 ], [ 38.8856351, 8.9970926 ], [ 38.8849094, 8.9963212 ], [ 38.8839908, 8.9956417 ], [ 38.8817418, 8.9964086 ], [ 38.8735718, 8.9973809 ], [ 38.8659556, 8.990281 ], [ 38.8694492, 8.9826364 ], [ 38.8692842, 8.9776795 ], [ 38.8632211, 8.9748911 ], [ 38.8542589, 8.9723237 ], [ 38.8539979, 8.9723627 ], [ 38.8470313, 8.9708627 ], [ 38.8465713, 8.9618096 ], [ 38.8466016, 8.9594007 ], [ 38.8470608, 8.9552296 ], [ 38.8452372, 8.9509671 ], [ 38.8427478, 8.9523178 ], [ 38.8342279, 8.9552005 ], [ 38.8311214, 8.9502253 ], [ 38.8295102, 8.9485396 ], [ 38.8231898, 8.9589257 ], [ 38.8180145, 8.9621375 ], [ 38.8079017, 8.9635656 ], [ 38.805922, 8.9637815 ], [ 38.8052994, 8.9639619 ], [ 38.8051308, 8.9655543 ], [ 38.8073882, 8.9718973 ], [ 38.8150683, 8.9737532 ], [ 38.8208006, 8.9803978 ], [ 38.817983, 8.985495 ], [ 38.8097735, 8.9869675 ], [ 38.8079529, 8.9863615 ], [ 38.8066972, 8.9860036 ], [ 38.8035562, 8.9852867 ], [ 38.8021619, 8.9853275 ], [ 38.7996331, 8.9854045 ], [ 38.7971379, 8.9861223 ], [ 38.788826, 8.985809 ], [ 38.7855757, 8.9849273 ], [ 38.7842988, 8.9845215 ], [ 38.7829895, 8.9840922 ], [ 38.7824454, 8.9839019 ], [ 38.781234, 8.9834683 ], [ 38.7810382, 8.9833915 ], [ 38.7807425, 8.9839147 ], [ 38.7806801, 8.9840836 ], [ 38.7805367, 8.9844949 ], [ 38.7792204, 8.9924686 ], [ 38.7787355, 9.0030202 ], [ 38.7745133, 9.0110996 ], [ 38.7739203, 9.0217859 ], [ 38.7752977, 9.0272166 ] ] ] } }
]
}
