{
"type": "FeatureCollection",
"name": "isochrone_shop_convenience_drive",
"crs": { "type": "name", "properties": { "name": "urn:ogc:def:crs:OGC:1.3:CRS84" } },
"features": [
{ "type": "Feature", "properties": { "threshold_s": 300, "time_label": "5 min drive" }, "geometry": { "type": "Polygon", "coordinates": [ [ [ 38.7362601, 9.0316838 ], [ 38.7367322, 9.0327964 ], [ 38.7417078, 9.0339163 ], [ 38.745682, 9.0328467 ], [ 38.7471559, 9.0325573 ], [ 38.7475825, 9.0323943 ], [ 38.7513957, 9.030474 ], [ 38.7523777, 9.0300754 ], [ 38.7526328, 9.0285574 ], [ 38.757196, 9.0269709 ], [ 38.7577313, 9.0264413 ], [ 38.7605536, 9.0224021 ], [ 38.76068, 9.0184747 ], [ 38.7623666, 9.0174082 ], [ 38.7637032, 9.0172024 ], [ 38.7636993, 9.017064 ], [ 38.7631065, 9.0171496 ], [ 38.7629355, 9.0171841 ], [ 38.7623398, 9.017288 ], [ 38.7587022, 9.0179263 ], [ 38.7586435, 9.0127141 ], [ 38.7593389, 9.0118938 ], [ 38.7601319, 9.011234 ], [ 38.7588742, 9.0086394 ], [ 38.756713499999989, 9.0039448 ], [ 38.7560532, 9.0032045 ], [ 38.7546804, 9.0018889 ], [ 38.7524793, 8.9991933 ], [ 38.751878, 8.9988066 ], [ 38.7509668, 8.998278 ], [ 38.747801699999989, 8.9943885 ], [ 38.7464444, 8.9937992 ], [ 38.7463845, 8.9937738 ], [ 38.744951, 8.9936727 ], [ 38.7437219, 8.9946373 ], [ 38.7385824, 8.994152 ], [ 38.738095199999989, 8.9942698 ], [ 38.7376045, 8.9950873 ], [ 38.7371778, 8.998569 ], [ 38.7372074, 9.0004715 ], [ 38.7330776, 9.0026316 ], [ 38.7329972, 9.0026872 ], [ 38.7310302, 9.0047443 ], [ 38.7287807, 9.0080888 ], [ 38.7264951, 9.0122563 ], [ 38.7258158, 9.0130249 ], [ 38.7258419, 9.0131906 ], [ 38.7260014, 9.0147848 ], [ 38.7255172, 9.019411 ], [ 38.7291402, 9.0222495 ], [ 38.7293668, 9.0224402 ], [ 38.7311787, 9.0234865 ], [ 38.7333459, 9.0264886 ], [ 38.7338157, 9.0272641 ], [ 38.7357143, 9.030525 ], [ 38.7362601, 9.0316838 ] ] ] } },
{ "type": "Feature", "properties": { "threshold_s": 600, "time_label": "10 min drive" }, "geometry": { "type": "Polygon", "coordinates": [ [ [ 38.7195848, 9.0410796 ], [ 38.7247266, 9.0465336 ], [ 38.7316745, 9.0497234 ], [ 38.7337977, 9.0513011 ], [ 38.7370286, 9.0513103 ], [ 38.737785, 9.0512852 ], [ 38.7446992, 9.0507129 ], [ 38.7519573, 9.0500905 ], [ 38.7568179, 9.0492144 ], [ 38.7571351, 9.0491056 ], [ 38.7614694, 9.0439155 ], [ 38.7651699, 9.0380709 ], [ 38.7694288, 9.034481 ], [ 38.7734771, 9.0321527 ], [ 38.7786913, 9.0267849 ], [ 38.7811059, 9.0234327 ], [ 38.7814649, 9.022194 ], [ 38.7832979, 9.0148016 ], [ 38.7808196, 9.0096836 ], [ 38.7808424, 9.0051589 ], [ 38.7807231, 9.0031349 ], [ 38.7802617, 9.0027226 ], [ 38.775132, 8.9958947 ], [ 38.7748685, 8.9939269 ], [ 38.7747749, 8.9936803 ], [ 38.7741154, 8.9932832 ], [ 38.7679324, 8.991757 ], [ 38.7650777, 8.9877284 ], [ 38.7645036, 8.9855142 ], [ 38.7636957, 8.9832885 ], [ 38.7593244, 8.9792221 ], [ 38.7514169, 8.9756873 ], [ 38.7494039, 8.9743429 ], [ 38.7467272, 8.9733494 ], [ 38.7377116, 8.972403 ], [ 38.7339346, 8.9746786 ], [ 38.7283872, 8.9787856 ], [ 38.7270547, 8.9798003 ], [ 38.7196875, 8.984451 ], [ 38.716908, 8.9901293 ], [ 38.7147582, 8.9980631 ], [ 38.7142567, 8.9991486 ], [ 38.7072679, 9.005288 ], [ 38.7071085, 9.0054715 ], [ 38.7053349, 9.014028 ], [ 38.7051192, 9.0151462 ], [ 38.7076717, 9.0183726 ], [ 38.7093228, 9.0199292 ], [ 38.7150762, 9.0272182 ], [ 38.7150309, 9.0279479 ], [ 38.7149748, 9.0286311 ], [ 38.7149476, 9.0290394 ], [ 38.714946, 9.0291351 ], [ 38.7149185, 9.0297554 ], [ 38.7140975, 9.0336022 ], [ 38.7195848, 9.0410796 ] ] ] } },
{ "type": "Feature", "properties": { "threshold_s": 900, "time_label": "15 min drive" }, "geometry": { "type": "Polygon", "coordinates": [ [ [ 38.696145, 9.0422782 ], [ 38.7004459, 9.0475573 ], [ 38.7008569, 9.0479673 ], [ 38.7011915, 9.0481308 ], [ 38.703749, 9.0495572 ], [ 38.7120416, 9.0584701 ], [ 38.7178494, 9.0640633 ], [ 38.7211518, 9.0660766 ], [ 38.7274115, 9.0691897 ], [ 38.727888, 9.0692302 ], [ 38.7328332, 9.0690645 ], [ 38.7394818, 9.0691537 ], [ 38.7478419, 9.0712001 ], [ 38.7520297, 9.0712484 ], [ 38.7637939, 9.0687254 ], [ 38.7704906, 9.0639623 ], [ 38.7771909, 9.0569486 ], [ 38.7821084, 9.050209 ], [ 38.7863618, 9.0469064 ], [ 38.7878533, 9.0457387 ], [ 38.7877241, 9.0438592 ], [ 38.7898711, 9.0353037 ], [ 38.7988474, 9.0307862 ], [ 38.8000767, 9.0287239 ], [ 38.8045576, 9.0198433 ], [ 38.8038278, 9.0181359 ], [ 38.8013695, 9.0078641 ], [ 38.801541, 9.0052635 ], [ 38.8021955, 9.0011235 ], [ 38.7964267, 8.9910463 ], [ 38.7942992, 8.9887271 ], [ 38.791375, 8.9871117 ], [ 38.788826, 8.985809 ], [ 38.7879749, 8.9856538 ], [ 38.7855757, 8.9849273 ], [ 38.7777914, 8.9763594 ], [ 38.7774548, 8.9759568 ], [ 38.7755665, 8.9741506 ], [ 38.773627, 8.9741766 ], [ 38.7672373, 8.9639379 ], [ 38.7638272, 8.9577078 ], [ 38.7520295, 8.954852 ], [ 38.7508956, 8.9540085 ], [ 38.750422, 8.9537603 ], [ 38.7476609, 8.9574208 ], [ 38.7464974, 8.9584282 ], [ 38.7335671, 8.9563225 ], [ 38.733087, 8.9556029 ], [ 38.732454, 8.9546242 ], [ 38.729285, 8.9560337 ], [ 38.7281375, 8.9569596 ], [ 38.7168183, 8.9621724 ], [ 38.7154533, 8.9669416 ], [ 38.7078663, 8.9748684 ], [ 38.700637, 8.9836709 ], [ 38.7002514, 8.9843015 ], [ 38.7001293, 8.9846366 ], [ 38.6983771, 8.991375 ], [ 38.6922561, 8.9985884 ], [ 38.6903593, 9.0000015 ], [ 38.6884551, 9.0011586 ], [ 38.6877623, 9.0015978 ], [ 38.6865752, 9.0027779 ], [ 38.6857085, 9.0038025 ], [ 38.6856361, 9.006104 ], [ 38.6869296, 9.0160394 ], [ 38.686481, 9.0225462 ], [ 38.6923724, 9.0323236 ], [ 38.6938888, 9.0371315 ], [ 38.6946899, 9.0398909 ], [ 38.696145, 9.0422782 ] ] ] } },
{ "type": "Feature", "properties": { "threshold_s": 300, "time_label": "5 min drive" }, "geometry": { "type": "Polygon", "coordinates": [ [ [ 38.77381, 9.0232764 ], [ 38.7752165, 9.0276289 ], [ 38.7786913, 9.0267849 ], [ 38.7836556, 9.0283014 ], [ 38.7847756, 9.0284891 ], [ 38.7883272, 9.0290683 ], [ 38.7887887, 9.0277963 ], [ 38.7940937, 9.0255635 ], [ 38.795948, 9.0245221 ], [ 38.7970493, 9.0213331 ], [ 38.801438, 9.0192316 ], [ 38.8014734, 9.019214 ], [ 38.8006163, 9.0142076 ], [ 38.8009101, 9.0132402 ], [ 38.8017033, 9.0092955 ], [ 38.8027111, 9.0071769 ], [ 38.8007464, 9.0019057 ], [ 38.7993438, 9.0015425 ], [ 38.7965052, 8.9969379 ], [ 38.7944971, 8.995647 ], [ 38.7913479, 8.9928249 ], [ 38.7887993, 8.9927548 ], [ 38.7852648, 8.9915358 ], [ 38.7830847, 8.9921255 ], [ 38.7785505, 8.9925918 ], [ 38.7779248, 8.992709 ], [ 38.7770092, 8.9949946 ], [ 38.7736869, 8.9994737 ], [ 38.7716421, 9.0009861 ], [ 38.768731, 9.0043466 ], [ 38.7705514, 9.0092813 ], [ 38.7732789, 9.0121882 ], [ 38.773148, 9.0145762 ], [ 38.7732235, 9.0146348 ], [ 38.7790322, 9.0148252 ], [ 38.7766492, 9.0201374 ], [ 38.7739802, 9.0217136 ], [ 38.7739203, 9.0217859 ], [ 38.77381, 9.0232764 ] ] ] } },
{ "type": "Feature", "properties": { "threshold_s": 600, "time_label": "10 min drive" }, "geometry": { "type": "Polygon", "coordinates": [ [ [ 38.7573179, 9.0358262 ], [ 38.7584061, 9.0370047 ], [ 38.7646477, 9.0427305 ], [ 38.7656056, 9.0433262 ], [ 38.7694638, 9.0449786 ], [ 38.7735437, 9.0461664 ], [ 38.7841617, 9.0449933 ], [ 38.7852225, 9.0446915 ], [ 38.7869235, 9.0434758 ], [ 38.788646, 9.0371199 ], [ 38.788999, 9.0366321 ], [ 38.7898711, 9.0353037 ], [ 38.7997189, 9.0335465 ], [ 38.8097365, 9.0345983 ], [ 38.8130282, 9.033534 ], [ 38.8193408, 9.0259309 ], [ 38.8208135, 9.0241331 ], [ 38.8235368, 9.0189136 ], [ 38.8228849, 9.0172726 ], [ 38.8201494, 9.0114735 ], [ 38.822169, 9.0056923 ], [ 38.8221555, 9.0018219 ], [ 38.8212338, 8.9991704 ], [ 38.8184968, 8.9915296 ], [ 38.8163915, 8.9896939 ], [ 38.8151393, 8.9891745 ], [ 38.8097735, 8.9869675 ], [ 38.8079529, 8.9863615 ], [ 38.8035562, 8.9852867 ], [ 38.8021619, 8.9853275 ], [ 38.7996331, 8.9854045 ], [ 38.788826, 8.985809 ], [ 38.7879749, 8.9856538 ], [ 38.7855757, 8.9849273 ], [ 38.7787516, 8.9794447 ], [ 38.7777914, 8.9763594 ], [ 38.7774548, 8.9759568 ], [ 38.7755665, 8.9741506 ], [ 38.774138, 8.9743781 ], [ 38.7724437, 8.9748216 ], [ 38.7664554, 8.976657 ], [ 38.7619338, 8.9808051 ], [ 38.760377, 8.984903 ], [ 38.754718, 8.9927916 ], [ 38.7529288, 8.994402 ], [ 38.7520853, 8.9951386 ], [ 38.7521329, 8.9954333 ], [ 38.7522274, 9.0054683 ], [ 38.7482888, 9.0109348 ], [ 38.750742, 9.0170997 ], [ 38.7523491, 9.0197223 ], [ 38.7542995, 9.0292944 ], [ 38.7547358, 9.0318906 ], [ 38.7573179, 9.0358262 ] ] ] } },
{ "type": "Feature", "properties": { "threshold_s": 900, "time_label": "15 min drive" }, "geometry": { "type": "Polygon", "coordinates": [ [ [ 38.7358189, 9.0415239 ], [ 38.7412114, 9.0484778 ], [ 38.7440765, 9.0514193 ], [ 38.7479907, 9.0547749 ], [ 38.7572497, 9.0603656 ], [ 38.7613287, 9.061978 ], [ 38.7704906, 9.0639623 ], [ 38.7735225, 9.0642173 ], [ 38.7762205, 9.0639428 ], [ 38.7901785, 9.0611215 ], [ 38.7902432, 9.0610876 ], [ 38.7912697, 9.0594429 ], [ 38.8067417, 9.0509496 ], [ 38.816202, 9.0499532 ], [ 38.8271353, 9.0463425 ], [ 38.8306918, 9.0428053 ], [ 38.8417936, 9.0314877 ], [ 38.843856, 9.0212365 ], [ 38.8426899, 9.009846 ], [ 38.8407462, 9.0080365 ], [ 38.8357432, 8.9980009 ], [ 38.8388949, 8.988906 ], [ 38.8393218, 8.9883791 ], [ 38.8382615, 8.9855301 ], [ 38.8377669, 8.9842562 ], [ 38.8269147, 8.9736538 ], [ 38.8249982, 8.9729882 ], [ 38.8241535, 8.9730398 ], [ 38.8211327, 8.9767138 ], [ 38.8066972, 8.9860036 ], [ 38.8035562, 8.9852867 ], [ 38.8021619, 8.9853275 ], [ 38.7996331, 8.9854045 ], [ 38.7971379, 8.9861223 ], [ 38.7899075, 8.9859732 ], [ 38.7880106, 8.9854871 ], [ 38.7855757, 8.9849273 ], [ 38.7828796, 8.9680649 ], [ 38.7865958, 8.9662315 ], [ 38.789109, 8.9656155 ], [ 38.7898091, 8.9630032 ], [ 38.7886097, 8.9623134 ], [ 38.7861009, 8.9616745 ], [ 38.7723338, 8.957994 ], [ 38.7675841, 8.9551141 ], [ 38.7671862, 8.9550694 ], [ 38.7659157, 8.9555533 ], [ 38.7653741, 8.955905 ], [ 38.7534281, 8.966911 ], [ 38.7450175, 8.9752273 ], [ 38.7397105, 8.9799074 ], [ 38.7390094, 8.9805037 ], [ 38.7352312, 8.9890555 ], [ 38.7303954, 9.0060927 ], [ 38.7288505, 9.0086624 ], [ 38.7264951, 9.0122563 ], [ 38.7294848, 9.0178719 ], [ 38.7341184, 9.0347785 ], [ 38.7358189, 9.0415239 ] ] ] } },
{ "type": "Feature", "properties": { "threshold_s": 300, "time_label": "5 min drive" }, "geometry": { "type": "Polygon", "coordinates": [ [ [ 38.7721899, 9.0162346 ], [ 38.7721413, 9.0163029 ], [ 38.7741335, 9.0152535 ], [ 38.776373, 9.0129175 ], [ 38.7792254, 9.0132141 ], [ 38.7793668, 9.0132882 ], [ 38.7819011, 9.0162539 ], [ 38.7813904, 9.0177361 ], [ 38.782435, 9.0193034 ], [ 38.7827933, 9.0192845 ], [ 38.7868626, 9.0185753 ], [ 38.7890664, 9.0182611 ], [ 38.7915556, 9.0156549 ], [ 38.7927188, 9.0152235 ], [ 38.7944908, 9.0146149 ], [ 38.7949421, 9.0145161 ], [ 38.7975274, 9.0125425 ], [ 38.7979901, 9.0118103 ], [ 38.7993051, 9.0096285 ], [ 38.8004418, 9.0071237 ], [ 38.8016061, 9.0039712 ], [ 38.8024677, 9.0009613 ], [ 38.7999904, 9.0004819 ], [ 38.799914, 9.0005241 ], [ 38.7995547, 9.0007236 ], [ 38.7993861, 9.0008269 ], [ 38.7977966, 9.0017538 ], [ 38.7955181, 9.0020965 ], [ 38.7943165, 9.0036151 ], [ 38.7917389, 9.0056483 ], [ 38.7892042, 9.0040436 ], [ 38.7882698, 9.0017096 ], [ 38.7897293, 8.9996859 ], [ 38.7906855, 8.9993148 ], [ 38.7913789, 8.9990156 ], [ 38.7920983, 8.9987684 ], [ 38.792624, 8.9985777 ], [ 38.7931544, 8.9983837 ], [ 38.7936291, 8.9982041 ], [ 38.7941482, 8.9979968 ], [ 38.7946719, 8.9978068 ], [ 38.7965052, 8.9969379 ], [ 38.797341, 8.9927148 ], [ 38.797957, 8.9920335 ], [ 38.7967419, 8.9891166 ], [ 38.7962514, 8.988003 ], [ 38.7920318, 8.9875297 ], [ 38.791375, 8.9871117 ], [ 38.789819799999989, 8.986366 ], [ 38.788826, 8.985809 ], [ 38.7855757, 8.9849273 ], [ 38.7842988, 8.9845215 ], [ 38.7824454, 8.9839019 ], [ 38.7807425, 8.9839147 ], [ 38.779193, 8.9844972 ], [ 38.7773605, 8.9852209 ], [ 38.776481, 8.989139 ], [ 38.7761585, 8.989666 ], [ 38.7760695, 8.9898154 ], [ 38.7734938, 8.9926488 ], [ 38.7734496, 8.993719 ], [ 38.7743488, 8.9956238 ], [ 38.7729631, 8.9990413 ], [ 38.7716421, 9.0009861 ], [ 38.7711, 9.0016644 ], [ 38.7679271, 9.0042908 ], [ 38.7680585, 9.0045594 ], [ 38.7684475, 9.0050954 ], [ 38.7699708, 9.0073954 ], [ 38.7692515, 9.0104413 ], [ 38.7693993, 9.0107478 ], [ 38.7695029, 9.0107419 ], [ 38.7732789, 9.0121882 ], [ 38.773148, 9.0145762 ], [ 38.7721899, 9.0162346 ] ] ] } },
{ "type": "Feature", "properties": { "threshold_s": 600, "time_label": "10 min drive" }, "geometry": { "type": "Polygon", "coordinates": [ [ [ 38.7505739, 9.0190794 ], [ 38.7521173, 9.0214295 ], [ 38.7567715, 9.0239365 ], [ 38.7636394, 9.0308323 ], [ 38.7722643, 9.0352881 ], [ 38.7725503, 9.0352767 ], [ 38.777345, 9.035025 ], [ 38.7894697, 9.0358202 ], [ 38.8011234, 9.0303124 ], [ 38.8045819, 9.0289723 ], [ 38.8130429, 9.0212578 ], [ 38.8183136, 9.0119977 ], [ 38.8202605, 9.0035513 ], [ 38.8211861, 8.9975078 ], [ 38.821032, 8.9947257 ], [ 38.8195239, 8.98728 ], [ 38.8190351, 8.9862093 ], [ 38.8066972, 8.9860036 ], [ 38.8035562, 8.9852867 ], [ 38.8021619, 8.9853275 ], [ 38.7996331, 8.9854045 ], [ 38.7971379, 8.9861223 ], [ 38.7899075, 8.9859732 ], [ 38.7880106, 8.9854871 ], [ 38.7855757, 8.9849273 ], [ 38.7777914, 8.9763594 ], [ 38.7792846, 8.9680911 ], [ 38.7785706, 8.9675191 ], [ 38.7764272, 8.9662314 ], [ 38.7748945, 8.9656073 ], [ 38.7655318, 8.9710292 ], [ 38.7609422, 8.9727954 ], [ 38.7579608, 8.9816198 ], [ 38.7566514, 8.9847435 ], [ 38.7509148, 8.9950547 ], [ 38.7502626, 9.0077974 ], [ 38.7482888, 9.0109348 ], [ 38.7484279, 9.0131606 ], [ 38.7505739, 9.0190794 ] ] ] } },
{ "type": "Feature", "properties": { "threshold_s": 900, "time_label": "15 min drive" }, "geometry": { "type": "Polygon", "coordinates": [ [ [ 38.7336038, 9.0265246 ], [ 38.7369454, 9.0344738 ], [ 38.7507784, 9.0448296 ], [ 38.7588579, 9.0514815 ], [ 38.7726371, 9.0539929 ], [ 38.7806988, 9.0531947 ], [ 38.7844326, 9.0517504 ], [ 38.7892183, 9.0480524 ], [ 38.7906995, 9.0454025 ], [ 38.7975584, 9.0393973 ], [ 38.8042312, 9.0365115 ], [ 38.8174096, 9.0417458 ], [ 38.8175591, 9.0417795 ], [ 38.8229284, 9.0388169 ], [ 38.82487, 9.0376093 ], [ 38.83358, 9.0284675 ], [ 38.8368236, 9.0215274 ], [ 38.8366805, 9.0077965 ], [ 38.8357432, 8.9980009 ], [ 38.8393218, 8.9883791 ], [ 38.8382615, 8.9855301 ], [ 38.8377669, 8.9842562 ], [ 38.8300543, 8.9713237 ], [ 38.8289182, 8.9663006 ], [ 38.8282921, 8.9652772 ], [ 38.8211505, 8.9664894 ], [ 38.8192141, 8.967339 ], [ 38.816949, 8.9687279 ], [ 38.8164499, 8.9696714 ], [ 38.8161643, 8.9709001 ], [ 38.8150683, 8.9737532 ], [ 38.8035562, 8.9852867 ], [ 38.8021619, 8.9853275 ], [ 38.7996331, 8.9854045 ], [ 38.7919347, 8.9698281 ], [ 38.796996, 8.9651492 ], [ 38.7964194, 8.964214 ], [ 38.7936329, 8.9566716 ], [ 38.7932088, 8.9562387 ], [ 38.7868188, 8.9538239 ], [ 38.7831139, 8.9530073 ], [ 38.7688543, 8.9481925 ], [ 38.7606929, 8.9523013 ], [ 38.7596187, 8.9535441 ], [ 38.7517772, 8.9621726 ], [ 38.7418548, 8.9716482 ], [ 38.7377205, 8.9809091 ], [ 38.7345985, 8.9883599 ], [ 38.7341961, 8.9893524 ], [ 38.730315, 9.0050548 ], [ 38.7287807, 9.0080888 ], [ 38.7258158, 9.0130249 ], [ 38.7258419, 9.0131906 ], [ 38.7277897, 9.0180282 ], [ 38.7336038, 9.0265246 ] ] ] } },
{ "type": "Feature", "properties": { "threshold_s": 300, "time_label": "5 min drive" }, "geometry": { "type": "Polygon", "coordinates": [ [ [ 38.7697094, 9.0103842 ], [ 38.773148, 9.0145762 ], [ 38.7732235, 9.0146348 ], [ 38.7741335, 9.0152535 ], [ 38.7793668, 9.0132882 ], [ 38.7813904, 9.0177361 ], [ 38.7822697, 9.0199832 ], [ 38.7823451, 9.0199957 ], [ 38.7868626, 9.0185753 ], [ 38.7893058, 9.018637 ], [ 38.7925776, 9.0155524 ], [ 38.7949421, 9.0145161 ], [ 38.7978143, 9.0130213 ], [ 38.7993051, 9.0096285 ], [ 38.8004418, 9.0071237 ], [ 38.8019402, 9.0036834 ], [ 38.8024677, 9.0009613 ], [ 38.8004104, 9.0002547 ], [ 38.7965052, 8.9969379 ], [ 38.797341, 8.9927148 ], [ 38.797957, 8.9920335 ], [ 38.7976136, 8.9913002 ], [ 38.7967419, 8.9891166 ], [ 38.7996331, 8.9854045 ], [ 38.7962514, 8.988003 ], [ 38.791375, 8.9871117 ], [ 38.789819799999989, 8.986366 ], [ 38.788826, 8.985809 ], [ 38.7855757, 8.9849273 ], [ 38.7842988, 8.9845215 ], [ 38.7829895, 8.9840922 ], [ 38.7824454, 8.9839019 ], [ 38.7810382, 8.9833915 ], [ 38.778396, 8.984641 ], [ 38.7773605, 8.9852209 ], [ 38.7764753, 8.9868029 ], [ 38.7760695, 8.9898154 ], [ 38.7734938, 8.9926488 ], [ 38.7730194, 8.9957645 ], [ 38.7716421, 9.0009861 ], [ 38.7713341, 9.0014454 ], [ 38.7698957, 9.003069 ], [ 38.7683524, 9.0042097 ], [ 38.7681509, 9.0044184 ], [ 38.7684475, 9.0050954 ], [ 38.7697094, 9.0103842 ] ] ] } },
{ "type": "Feature", "properties": { "threshold_s": 600, "time_label": "10 min drive" }, "geometry": { "type": "Polygon", "coordinates": [ [ [ 38.7505739, 9.0190794 ], [ 38.7522197, 9.0213585 ], [ 38.7631958, 9.029803 ], [ 38.7722643, 9.0352881 ], [ 38.7797197, 9.0361348 ], [ 38.7894697, 9.0358202 ], [ 38.8011234, 9.0303124 ], [ 38.8044796, 9.0290393 ], [ 38.8045819, 9.0289723 ], [ 38.8130429, 9.0212578 ], [ 38.8183136, 9.0119977 ], [ 38.8196138, 9.0064411 ], [ 38.8202605, 9.0035513 ], [ 38.8213671, 8.9976768 ], [ 38.8213667, 8.9962554 ], [ 38.8195898, 8.9872852 ], [ 38.8190351, 8.9862093 ], [ 38.8066972, 8.9860036 ], [ 38.8035562, 8.9852867 ], [ 38.8021619, 8.9853275 ], [ 38.7996331, 8.9854045 ], [ 38.7971379, 8.9861223 ], [ 38.7899075, 8.9859732 ], [ 38.7880106, 8.9854871 ], [ 38.7855757, 8.9849273 ], [ 38.7777914, 8.9763594 ], [ 38.7792846, 8.9680911 ], [ 38.7770206, 8.9660067 ], [ 38.7748945, 8.9656073 ], [ 38.7655318, 8.9710292 ], [ 38.7609422, 8.9727954 ], [ 38.7564987, 8.9822218 ], [ 38.7555837, 8.9863387 ], [ 38.751323, 8.9950961 ], [ 38.7519015, 9.0048619 ], [ 38.7482888, 9.0109348 ], [ 38.7484279, 9.0131606 ], [ 38.7505739, 9.0190794 ] ] ] } },
{ "type": "Feature", "properties": { "threshold_s": 900, "time_label": "15 min drive" }, "geometry": { "type": "Polygon", "coordinates": [ [ [ 38.7339029, 9.0265663 ], [ 38.7369454, 9.0344738 ], [ 38.7507784, 9.0448296 ], [ 38.7546235, 9.0476622 ], [ 38.7592765, 9.0510377 ], [ 38.7666535, 9.0531278 ], [ 38.7726371, 9.0539929 ], [ 38.7806988, 9.0531947 ], [ 38.7843511, 9.051792 ], [ 38.7844326, 9.0517504 ], [ 38.7892183, 9.0480524 ], [ 38.7967241, 9.0428703 ], [ 38.8042312, 9.0365115 ], [ 38.8174096, 9.0417458 ], [ 38.8175591, 9.0417795 ], [ 38.822769, 9.0392715 ], [ 38.8279863, 9.0352506 ], [ 38.83358, 9.0284675 ], [ 38.8368236, 9.0215274 ], [ 38.8368286, 9.0074636 ], [ 38.8362816, 8.9979881 ], [ 38.8393061, 8.9889643 ], [ 38.8393218, 8.9883791 ], [ 38.8388714, 8.9856646 ], [ 38.8377669, 8.9842562 ], [ 38.8300543, 8.9713237 ], [ 38.8289182, 8.9663006 ], [ 38.8282921, 8.9652772 ], [ 38.8249257, 8.9633665 ], [ 38.8192382, 8.9672959 ], [ 38.8173366, 8.9680305 ], [ 38.816949, 8.9687279 ], [ 38.8164499, 8.9696714 ], [ 38.8141394, 8.9724338 ], [ 38.8035562, 8.9852867 ], [ 38.8021619, 8.9853275 ], [ 38.7996331, 8.9854045 ], [ 38.7971379, 8.9861223 ], [ 38.7919347, 8.9698281 ], [ 38.796996, 8.9651492 ], [ 38.7964194, 8.964214 ], [ 38.7936329, 8.9566716 ], [ 38.7932088, 8.9562387 ], [ 38.7907475, 8.9552754 ], [ 38.7880931, 8.9542623 ], [ 38.7861013, 8.9534864 ], [ 38.7837025, 8.9528721 ], [ 38.7688543, 8.9481925 ], [ 38.7607238, 8.9522413 ], [ 38.7516633, 8.9617512 ], [ 38.7418548, 8.9716482 ], [ 38.7376123, 8.9805423 ], [ 38.7341961, 8.9893524 ], [ 38.7335164, 8.9958438 ], [ 38.7287807, 9.0080888 ], [ 38.7258158, 9.0130249 ], [ 38.7258419, 9.0131906 ], [ 38.7277897, 9.0180282 ], [ 38.7339029, 9.0265663 ] ] ] } },
{ "type": "Feature", "properties": { "threshold_s": 300, "time_label": "5 min drive" }, "geometry": { "type": "Polygon", "coordinates": [ [ [ 38.7190919, 9.0068716 ], [ 38.7197143, 9.0079515 ], [ 38.7199702, 9.0042617 ], [ 38.7224929, 8.9990797 ], [ 38.7236724, 8.9987142 ], [ 38.7268985, 8.9991841 ], [ 38.7274674, 8.99912 ], [ 38.730182, 9.0046135 ], [ 38.7292146, 9.0052443 ], [ 38.7285474, 9.0064755 ], [ 38.7284978, 9.0065722 ], [ 38.7308762, 9.0087034 ], [ 38.7316869, 9.0097061 ], [ 38.7343531, 9.0114249 ], [ 38.7370996, 9.0099922 ], [ 38.7385513, 9.0066997 ], [ 38.7406738, 9.0016086 ], [ 38.7410837, 8.9974145 ], [ 38.7423327, 8.9934272 ], [ 38.7426848, 8.9922559 ], [ 38.7422026, 8.9881822 ], [ 38.7418294, 8.985895 ], [ 38.7387921, 8.9816575 ], [ 38.7369105, 8.9810548 ], [ 38.7343044, 8.9793256 ], [ 38.7324017, 8.9766384 ], [ 38.7313138, 8.9771965 ], [ 38.7288472, 8.9786214 ], [ 38.724079, 8.9771595 ], [ 38.7221126, 8.9764849 ], [ 38.7160731, 8.9777578 ], [ 38.7144644, 8.9810443 ], [ 38.7150717, 8.9817318 ], [ 38.7165458, 8.9869257 ], [ 38.7125153, 8.9887289 ], [ 38.7103656, 8.988313 ], [ 38.7110505, 8.9891544 ], [ 38.7136137, 8.9922004 ], [ 38.7158241, 8.994247 ], [ 38.7188513, 8.9979545 ], [ 38.7189357, 9.0001877 ], [ 38.7189773, 9.0029713 ], [ 38.7188894, 9.0059185 ], [ 38.7190919, 9.0068716 ] ] ] } },
{ "type": "Feature", "properties": { "threshold_s": 600, "time_label": "10 min drive" }, "geometry": { "type": "Polygon", "coordinates": [ [ [ 38.7105531, 9.021182 ], [ 38.7150309, 9.0279479 ], [ 38.7200756, 9.0271793 ], [ 38.7283174, 9.0286198 ], [ 38.7309457, 9.0305484 ], [ 38.7324849, 9.032256 ], [ 38.7371646, 9.0314924 ], [ 38.740618, 9.0305262 ], [ 38.7439701, 9.0287349 ], [ 38.744184, 9.0285707 ], [ 38.7495868, 9.0236706 ], [ 38.7554835, 9.0175438 ], [ 38.755531, 9.0174041 ], [ 38.7554942, 9.0142652 ], [ 38.7583092, 9.0077312 ], [ 38.7587141, 9.0041929 ], [ 38.7586541, 9.0031765 ], [ 38.7621622, 8.9957887 ], [ 38.7621635, 8.9951401 ], [ 38.7591078, 8.9902103 ], [ 38.7599512, 8.986485 ], [ 38.7599712, 8.9807353 ], [ 38.759488, 8.9783088 ], [ 38.7527574, 8.97367 ], [ 38.7520865, 8.9727544 ], [ 38.7518717, 8.9724938 ], [ 38.7468503, 8.9662824 ], [ 38.7437776, 8.9644459 ], [ 38.7425934, 8.964639 ], [ 38.735092, 8.9607604 ], [ 38.7326381, 8.9587993 ], [ 38.7318209, 8.9587663 ], [ 38.7314187, 8.9587581 ], [ 38.7276876, 8.9596042 ], [ 38.7204976, 8.9588953 ], [ 38.7140952, 8.9596855 ], [ 38.7114597, 8.962623 ], [ 38.7079008, 8.9672967 ], [ 38.7082276, 8.9691893 ], [ 38.7040856, 8.976641 ], [ 38.6984508, 8.9766403 ], [ 38.6973109, 8.9763854 ], [ 38.6945919, 8.9775938 ], [ 38.6925836, 8.9788265 ], [ 38.6920841, 8.9791592 ], [ 38.6896554, 8.9814752 ], [ 38.6901029, 8.9832175 ], [ 38.6920466, 8.9872634 ], [ 38.692435, 8.9882421 ], [ 38.693257, 8.9896724 ], [ 38.6944625, 8.9968365 ], [ 38.6972809, 9.0013256 ], [ 38.6987552, 9.0031157 ], [ 38.699341, 9.0032925 ], [ 38.7046087, 9.0075405 ], [ 38.7053349, 9.014028 ], [ 38.7051192, 9.0151462 ], [ 38.7065332, 9.0178891 ], [ 38.7105531, 9.021182 ] ] ] } },
{ "type": "Feature", "properties": { "threshold_s": 900, "time_label": "15 min drive" }, "geometry": { "type": "Polygon", "coordinates": [ [ [ 38.6993715, 9.0384536 ], [ 38.7051882, 9.0452552 ], [ 38.7126895, 9.0491096 ], [ 38.7149379, 9.0489904 ], [ 38.7223578, 9.0492368 ], [ 38.7253503, 9.0505078 ], [ 38.7294234, 9.0519994 ], [ 38.7321089, 9.0526759 ], [ 38.7357742, 9.0522972 ], [ 38.7419698, 9.0473912 ], [ 38.7452993, 9.0469407 ], [ 38.7489726, 9.0459551 ], [ 38.7507097, 9.0456515 ], [ 38.7543532, 9.0448071 ], [ 38.7557499, 9.0426901 ], [ 38.7565413, 9.0397014 ], [ 38.760904, 9.0319406 ], [ 38.7617219, 9.031628 ], [ 38.7637138, 9.0300983 ], [ 38.7696171, 9.026581 ], [ 38.7745247, 9.0195546 ], [ 38.7760797, 9.0175791 ], [ 38.7793668, 9.0132882 ], [ 38.7795543, 9.0109593 ], [ 38.778296, 9.0051979 ], [ 38.7782481, 9.0051158 ], [ 38.7775795, 9.0043913 ], [ 38.7763041, 8.9957546 ], [ 38.7816045, 8.9919559 ], [ 38.7816924, 8.991925 ], [ 38.7816987, 8.9917573 ], [ 38.781234, 8.9834683 ], [ 38.7773636, 8.975878 ], [ 38.7760118, 8.9755812 ], [ 38.7748957, 8.9753542 ], [ 38.7736234, 8.9756236 ], [ 38.7664998, 8.9707517 ], [ 38.767603, 8.9652879 ], [ 38.7680505, 8.9638347 ], [ 38.7681274, 8.9634476 ], [ 38.7681608, 8.9632931 ], [ 38.7679161, 8.9627349 ], [ 38.7651249, 8.9573814 ], [ 38.7598824, 8.953246 ], [ 38.7527721, 8.9486437 ], [ 38.7513941, 8.9479072 ], [ 38.743671, 8.9443632 ], [ 38.7429386, 8.9430608 ], [ 38.7425831, 8.9426031 ], [ 38.740001, 8.9382311 ], [ 38.7349879, 8.9365877 ], [ 38.7340113, 8.9367007 ], [ 38.725256, 8.9395488 ], [ 38.724478499999989, 8.9399352 ], [ 38.7193868, 8.9430442 ], [ 38.7169259, 8.9451545 ], [ 38.7157618, 8.9461813 ], [ 38.7111602, 8.9483774 ], [ 38.7051688, 8.9476046 ], [ 38.6980438, 8.9507047 ], [ 38.6957158, 8.9498391 ], [ 38.6929862, 8.952092 ], [ 38.6926549, 8.9525872 ], [ 38.6930059, 8.9540277 ], [ 38.6932344, 8.9558712 ], [ 38.6932147, 8.9571632 ], [ 38.685856, 8.9626018 ], [ 38.6842165, 8.9632529 ], [ 38.6829673, 8.9643809 ], [ 38.6759739, 8.9682189 ], [ 38.672844, 8.9726367 ], [ 38.6720765, 8.9737234 ], [ 38.6711084, 8.9754455 ], [ 38.6707082, 8.9803726 ], [ 38.670889, 8.9873531 ], [ 38.6719409, 8.9920654 ], [ 38.6743746, 8.9987577 ], [ 38.6756082, 9.0029392 ], [ 38.6759627, 9.0033853 ], [ 38.6779603, 9.0059583 ], [ 38.6810702, 9.009539 ], [ 38.6819616, 9.0104092 ], [ 38.6861417, 9.0167845 ], [ 38.686481, 9.0225462 ], [ 38.6886603, 9.0249395 ], [ 38.6891158, 9.0251889 ], [ 38.6906075, 9.0251852 ], [ 38.6918318, 9.0250956 ], [ 38.6963119, 9.0265084 ], [ 38.6993368, 9.0329567 ], [ 38.6992764, 9.0336705 ], [ 38.6992861, 9.0349609 ], [ 38.6993715, 9.0384536 ] ] ] } },
{ "type": "Feature", "properties": { "threshold_s": 300, "time_label": "5 min drive" }, "geometry": { "type": "Polygon", "coordinates": [ [ [ 38.7251306, 9.042457 ], [ 38.7259544, 9.0436119 ], [ 38.7280317, 9.044982 ], [ 38.7299032, 9.044407 ], [ 38.7315469, 9.0463294 ], [ 38.7315611, 9.0463647 ], [ 38.7318606, 9.0469547 ], [ 38.7332929, 9.0465587 ], [ 38.7356083, 9.0468011 ], [ 38.7356137, 9.046713 ], [ 38.736129, 9.0447854 ], [ 38.7362547, 9.0439907 ], [ 38.7383373, 9.0423504 ], [ 38.7397933, 9.0438992 ], [ 38.7396852, 9.046166 ], [ 38.739417, 9.0465899 ], [ 38.7411967, 9.0460409 ], [ 38.7431608, 9.045572 ], [ 38.7451544, 9.0450472 ], [ 38.7470017, 9.0454846 ], [ 38.7483059, 9.0449257 ], [ 38.7486606, 9.0444969 ], [ 38.7488323, 9.0438019 ], [ 38.7505575, 9.0409128 ], [ 38.7521131, 9.0406747 ], [ 38.7532904, 9.0400861 ], [ 38.7555497, 9.0379841 ], [ 38.7550527, 9.0350946 ], [ 38.7558521, 9.0318884 ], [ 38.7568262, 9.030107 ], [ 38.7573454, 9.0285605 ], [ 38.7572128, 9.026898 ], [ 38.7555133, 9.0243534 ], [ 38.754346, 9.0216889 ], [ 38.7524126, 9.0191699 ], [ 38.7507568, 9.0169852 ], [ 38.7486963, 9.0152019 ], [ 38.7472262, 9.0143697 ], [ 38.7449046, 9.0130052 ], [ 38.7446872, 9.0118417 ], [ 38.7445783, 9.01184 ], [ 38.7429415, 9.0127486 ], [ 38.741464, 9.0139559 ], [ 38.7404564, 9.0143202 ], [ 38.7378225, 9.0128122 ], [ 38.7376042, 9.0120621 ], [ 38.7375141, 9.0120792 ], [ 38.7363181, 9.0130325 ], [ 38.7344268, 9.0137251 ], [ 38.7330361, 9.0140917 ], [ 38.7314063, 9.0144722 ], [ 38.7286815, 9.0130056 ], [ 38.7275192, 9.0146994 ], [ 38.7266323, 9.0168388 ], [ 38.7248057, 9.0196475 ], [ 38.7227502, 9.0197128 ], [ 38.721577, 9.0201857 ], [ 38.7205224, 9.0210761 ], [ 38.7189397, 9.0228998 ], [ 38.7174535, 9.0250726 ], [ 38.7180614, 9.0259835 ], [ 38.7188726, 9.0274959 ], [ 38.7178816, 9.030309 ], [ 38.7193751, 9.0326579 ], [ 38.7192857, 9.0340778 ], [ 38.7210311, 9.0362692 ], [ 38.7210412, 9.0377367 ], [ 38.7231979, 9.0400331 ], [ 38.7251306, 9.042457 ] ] ] } },
{ "type": "Feature", "properties": { "threshold_s": 600, "time_label": "10 min drive" }, "geometry": { "type": "Polygon", "coordinates": [ [ [ 38.7164385, 9.0594054 ], [ 38.717968, 9.0611385 ], [ 38.7198748, 9.0623225 ], [ 38.7212152, 9.0627863 ], [ 38.7267651, 9.0653013 ], [ 38.7285199, 9.065158 ], [ 38.7332008, 9.0640745 ], [ 38.738375, 9.0641539 ], [ 38.7426075, 9.0648088 ], [ 38.7440279, 9.0650377 ], [ 38.7455955, 9.065075 ], [ 38.7511578, 9.0642709 ], [ 38.75507, 9.0635503 ], [ 38.7601738, 9.0598012 ], [ 38.761252, 9.0568683 ], [ 38.7657209, 9.0555569 ], [ 38.7661628, 9.0546844 ], [ 38.7659949, 9.0539884 ], [ 38.767836, 9.0485087 ], [ 38.7701541, 9.0481491 ], [ 38.7708269, 9.0470365 ], [ 38.7694638, 9.0449786 ], [ 38.7721869, 9.0388821 ], [ 38.7730517, 9.0384456 ], [ 38.7735787, 9.0382225 ], [ 38.7736848, 9.0351991 ], [ 38.7735951, 9.0314084 ], [ 38.7730888, 9.0299123 ], [ 38.7726027, 9.029819 ], [ 38.7711865, 9.0300653 ], [ 38.7679401, 9.0287723 ], [ 38.7681837, 9.0238363 ], [ 38.7708838, 9.0203264 ], [ 38.7727337, 9.0165182 ], [ 38.7721899, 9.0162346 ], [ 38.7706225, 9.010122 ], [ 38.7706413, 9.0092666 ], [ 38.7679328, 9.0040963 ], [ 38.765411, 9.0036496 ], [ 38.7641509, 9.0037203 ], [ 38.7612194, 9.0039588 ], [ 38.758485, 8.999819 ], [ 38.7562197, 8.9981876 ], [ 38.7543296, 8.9969459 ], [ 38.7522604, 8.9960417 ], [ 38.7490113, 8.9920613 ], [ 38.7487736, 8.9919772 ], [ 38.7453601, 8.9909218 ], [ 38.7446282, 8.9907519 ], [ 38.7431867, 8.9911781 ], [ 38.7378312, 8.9901859 ], [ 38.7338434, 8.9935832 ], [ 38.7315101, 8.9928616 ], [ 38.7291461, 8.9928174 ], [ 38.7266778, 8.9925634 ], [ 38.7266077, 8.9926198 ], [ 38.7255468, 8.9955578 ], [ 38.7243548, 8.9985074 ], [ 38.719909, 8.9998875 ], [ 38.7188698, 8.9998109 ], [ 38.717644, 8.9997638 ], [ 38.716118, 9.000587 ], [ 38.715076, 9.0028237 ], [ 38.7129074, 9.0075087 ], [ 38.7105028, 9.0121153 ], [ 38.7084576, 9.0136135 ], [ 38.7086795, 9.0141056 ], [ 38.7089218, 9.0145759 ], [ 38.7085474, 9.0208282 ], [ 38.7069757, 9.0271051 ], [ 38.7035291, 9.0254177 ], [ 38.703102199999989, 9.0272603 ], [ 38.700757, 9.032501 ], [ 38.6993368, 9.0329567 ], [ 38.6992764, 9.0336705 ], [ 38.7004057, 9.0377578 ], [ 38.7030811, 9.0404656 ], [ 38.7051773, 9.0446456 ], [ 38.7053608, 9.0451838 ], [ 38.7071179, 9.0458932 ], [ 38.7097364, 9.0472302 ], [ 38.7109618, 9.0478259 ], [ 38.7122067, 9.0534927 ], [ 38.7122765, 9.0540168 ], [ 38.7125325, 9.0549012 ], [ 38.7164385, 9.0594054 ] ] ] } },
{ "type": "Feature", "properties": { "threshold_s": 900, "time_label": "15 min drive" }, "geometry": { "type": "Polygon", "coordinates": [ [ [ 38.6982179, 9.0657228 ], [ 38.6989737, 9.0667622 ], [ 38.7002325, 9.0669452 ], [ 38.7047361, 9.0671463 ], [ 38.7051867, 9.0669423 ], [ 38.7146036, 9.0688953 ], [ 38.7151902, 9.0700342 ], [ 38.7157707, 9.0714928 ], [ 38.7160362, 9.0719192 ], [ 38.7182799, 9.0763662 ], [ 38.7190591, 9.077488 ], [ 38.7212082, 9.0809212 ], [ 38.7279962, 9.0819581 ], [ 38.7287586, 9.0812933 ], [ 38.7324589, 9.0764417 ], [ 38.7377219, 9.0759888 ], [ 38.7465249, 9.0792228 ], [ 38.7478956, 9.0789074 ], [ 38.7569319, 9.0781488 ], [ 38.7613576, 9.0810134 ], [ 38.7696094, 9.0769923 ], [ 38.7714839, 9.0764306 ], [ 38.775458, 9.0732412 ], [ 38.7787047, 9.0663067 ], [ 38.7859315, 9.0615122 ], [ 38.7880797, 9.0563507 ], [ 38.7883158, 9.0551371 ], [ 38.7892183, 9.0480524 ], [ 38.7906995, 9.0454025 ], [ 38.7883687, 9.0411166 ], [ 38.7898711, 9.0353037 ], [ 38.7926356, 9.0307247 ], [ 38.7936054, 9.0294434 ], [ 38.7940713, 9.0283586 ], [ 38.7940605, 9.0279128 ], [ 38.7935669, 9.0258737 ], [ 38.791997, 9.0167392 ], [ 38.79156780000001, 9.0152893 ], [ 38.7898343, 9.0055715 ], [ 38.788114299999989, 8.9962622 ], [ 38.7838371, 8.9909241 ], [ 38.7826636, 8.9897776 ], [ 38.7807861, 8.9879986 ], [ 38.7800061, 8.9878678 ], [ 38.777445299999989, 8.9880264 ], [ 38.7706549, 8.986741 ], [ 38.7666567, 8.9830736 ], [ 38.7640365, 8.9799769 ], [ 38.7598425, 8.9769483 ], [ 38.7513281, 8.9722301 ], [ 38.7459453, 8.9697353 ], [ 38.7382892, 8.9703595 ], [ 38.7360798, 8.9708501 ], [ 38.7310847, 8.9722338 ], [ 38.7215597, 8.9751549 ], [ 38.7160642, 8.9768272 ], [ 38.7156282, 8.9769945 ], [ 38.7149449, 8.9784069 ], [ 38.7143357, 8.9796533 ], [ 38.7135505, 8.9817436 ], [ 38.7053044, 8.9852953 ], [ 38.7047439, 8.9858227 ], [ 38.7044953, 8.9868868 ], [ 38.7038568, 8.9911203 ], [ 38.6975262, 8.9948409 ], [ 38.6944625, 8.9968365 ], [ 38.6894627, 9.0039703 ], [ 38.6893255, 9.0084186 ], [ 38.689518, 9.0092792 ], [ 38.6904077, 9.0168004 ], [ 38.6846304, 9.0240298 ], [ 38.6817347, 9.028633 ], [ 38.6811234, 9.0296456 ], [ 38.6797614, 9.0331397 ], [ 38.6829472, 9.0398664 ], [ 38.6844991, 9.047191 ], [ 38.6846718, 9.0478063 ], [ 38.6857467, 9.0494141 ], [ 38.6860787, 9.0498525 ], [ 38.6909268, 9.0532329 ], [ 38.6959863, 9.0603192 ], [ 38.6982179, 9.0657228 ] ] ] } },
{ "type": "Feature", "properties": { "threshold_s": 300, "time_label": "5 min drive" }, "geometry": { "type": "Polygon", "coordinates": [ [ [ 38.7189332, 8.9793883 ], [ 38.7197882, 8.9819198 ], [ 38.7223984, 8.9810641 ], [ 38.7230837, 8.980366 ], [ 38.7284709, 8.9799734 ], [ 38.7297273, 8.9815464 ], [ 38.7308031, 8.9825199 ], [ 38.731513, 8.9831718 ], [ 38.7324125, 8.9841916 ], [ 38.737172, 8.9846817 ], [ 38.7377916, 8.9841214 ], [ 38.7400372, 8.9805206 ], [ 38.741234, 8.9774999 ], [ 38.7429767, 8.9727105 ], [ 38.7437968, 8.9708306 ], [ 38.7434813, 8.9705768 ], [ 38.7407647, 8.9696851 ], [ 38.7372129, 8.9662997 ], [ 38.7355458, 8.9629714 ], [ 38.7352396, 8.9611247 ], [ 38.7364709, 8.9560006 ], [ 38.7324205, 8.9523999 ], [ 38.732519, 8.9518222 ], [ 38.7318567, 8.9516713 ], [ 38.7313974, 8.9515806 ], [ 38.731351, 8.9515779 ], [ 38.728762, 8.9552402 ], [ 38.7272777, 8.9556214 ], [ 38.7266015, 8.9562245 ], [ 38.7252751, 8.9582063 ], [ 38.7223414, 8.961928 ], [ 38.7197271, 8.9634522 ], [ 38.7177271, 8.9646476 ], [ 38.7167915, 8.9671129 ], [ 38.7161401, 8.9698102 ], [ 38.7161663, 8.9698765 ], [ 38.7172198, 8.9707216 ], [ 38.7187499, 8.972423 ], [ 38.7190926, 8.9729571 ], [ 38.7195794, 8.9737333 ], [ 38.7206829, 8.9750566 ], [ 38.7189332, 8.9793883 ] ] ] } },
{ "type": "Feature", "properties": { "threshold_s": 600, "time_label": "10 min drive" }, "geometry": { "type": "Polygon", "coordinates": [ [ [ 38.7032445, 8.9867843 ], [ 38.7038568, 8.9911203 ], [ 38.7055206, 8.9925427 ], [ 38.7083559, 8.993551 ], [ 38.7084295, 8.9935216 ], [ 38.7136137, 8.9922004 ], [ 38.7187348, 8.9973036 ], [ 38.7188513, 8.9979545 ], [ 38.7189357, 9.0001877 ], [ 38.7190194, 9.0001837 ], [ 38.7191164, 9.0001686 ], [ 38.7205095, 8.9996903 ], [ 38.7268985, 8.9991841 ], [ 38.732501, 9.001813 ], [ 38.7380116, 9.003884 ], [ 38.7384008, 9.0040198 ], [ 38.742077, 9.0049673 ], [ 38.74219990000001, 9.0049176 ], [ 38.748930799999989, 8.9998262 ], [ 38.7498948, 8.9991614 ], [ 38.7524909, 8.9960133 ], [ 38.7530871, 8.9952717 ], [ 38.7534454, 8.9946852 ], [ 38.7578753, 8.9870874 ], [ 38.7581079, 8.9865699 ], [ 38.7587856, 8.9805337 ], [ 38.7597419, 8.9774445 ], [ 38.7613593, 8.9707294 ], [ 38.7601452, 8.9643624 ], [ 38.7614843, 8.9580241 ], [ 38.7598824, 8.953246 ], [ 38.7576458, 8.9522613 ], [ 38.7517071, 8.9465906 ], [ 38.7509149, 8.9453783 ], [ 38.7483123, 8.9420075 ], [ 38.7455661, 8.9363773 ], [ 38.7451406, 8.9357844 ], [ 38.7390134, 8.9348026 ], [ 38.7331916, 8.9297496 ], [ 38.7326954, 8.9298688 ], [ 38.7321837, 8.9305998 ], [ 38.7317864, 8.9312375 ], [ 38.7281496, 8.9355909 ], [ 38.7203117, 8.9362705 ], [ 38.7182757, 8.9384784 ], [ 38.7180338, 8.9404245 ], [ 38.7178709, 8.9412531 ], [ 38.7178105, 8.9419897 ], [ 38.7157618, 8.9461813 ], [ 38.7111602, 8.9483774 ], [ 38.7073836, 8.9507729 ], [ 38.7042318, 8.9524873 ], [ 38.6972345, 8.9550785 ], [ 38.6973472, 8.9568322 ], [ 38.6989156, 8.9600543 ], [ 38.6986901, 8.9671433 ], [ 38.6986625, 8.9686383 ], [ 38.7000048, 8.9729671 ], [ 38.7000786, 8.9743562 ], [ 38.6998514, 8.9776072 ], [ 38.6966021, 8.9827012 ], [ 38.6971844, 8.9829184 ], [ 38.7032445, 8.9867843 ] ] ] } },
{ "type": "Feature", "properties": { "threshold_s": 900, "time_label": "15 min drive" }, "geometry": { "type": "Polygon", "coordinates": [ [ [ 38.6808805, 8.9971702 ], [ 38.6814009, 8.9978174 ], [ 38.6920091, 9.0051982 ], [ 38.7004506, 9.0104771 ], [ 38.716879, 9.0190493 ], [ 38.7188528, 9.0197485 ], [ 38.7335966, 9.0242952 ], [ 38.7415548, 9.0262879 ], [ 38.748782, 9.0262905 ], [ 38.7546091, 9.0217117 ], [ 38.7586505, 9.0180415 ], [ 38.7689564, 9.0055062 ], [ 38.7699232, 9.0043125 ], [ 38.7760802, 8.9916884 ], [ 38.7778063, 8.9876901 ], [ 38.778144, 8.9861994 ], [ 38.778396, 8.984641 ], [ 38.7786342, 8.9830658 ], [ 38.7785645, 8.9821469 ], [ 38.7784405, 8.9816191 ], [ 38.7776473, 8.979045 ], [ 38.7769645, 8.9775777 ], [ 38.7746049, 8.9599046 ], [ 38.775242, 8.9583361 ], [ 38.7755169, 8.9575612 ], [ 38.7762921, 8.9520091 ], [ 38.776577, 8.9484801 ], [ 38.772123, 8.9424272 ], [ 38.762958, 8.9281725 ], [ 38.760928, 8.9260011 ], [ 38.7589558, 8.9240405 ], [ 38.7497851, 8.9178583 ], [ 38.7384724, 8.9084234 ], [ 38.7362968, 8.9081686 ], [ 38.73353, 8.9082675 ], [ 38.727289399999989, 8.9135477 ], [ 38.7135529, 8.9224308 ], [ 38.7062073, 8.9295602 ], [ 38.6983983, 8.9354585 ], [ 38.6872833, 8.9418058 ], [ 38.6820485, 8.9446349 ], [ 38.6812202, 8.9471392 ], [ 38.6803134, 8.9557227 ], [ 38.6803973, 8.9570556 ], [ 38.6790159, 8.9730841 ], [ 38.6774081, 8.9767207 ], [ 38.6763341, 8.9828627 ], [ 38.6808805, 8.9971702 ] ] ] } },
{ "type": "Feature", "properties": { "threshold_s": 300, "time_label": "5 min drive" }, "geometry": { "type": "Polygon", "coordinates": [ [ [ 38.7190919, 9.0068716 ], [ 38.7197143, 9.0079515 ], [ 38.7199702, 9.0042617 ], [ 38.7236724, 8.9987142 ], [ 38.7268985, 8.9991841 ], [ 38.730182, 9.0046135 ], [ 38.7332501, 9.0077909 ], [ 38.7335569, 9.0078641 ], [ 38.7339185, 9.0079445 ], [ 38.7345904, 9.008057 ], [ 38.7353937, 9.0081127 ], [ 38.7361669, 9.007512 ], [ 38.7378668, 9.0015854 ], [ 38.7392383, 8.9966999 ], [ 38.7401952, 8.9928818 ], [ 38.7399049, 8.9885387 ], [ 38.7393057, 8.9838339 ], [ 38.7391207, 8.9829557 ], [ 38.7387921, 8.9816575 ], [ 38.7360174, 8.9790305 ], [ 38.7324017, 8.9766384 ], [ 38.7261393, 8.9731686 ], [ 38.7246677, 8.9726788 ], [ 38.7203533, 8.9723199 ], [ 38.71943, 8.9727534 ], [ 38.7135418, 8.9763191 ], [ 38.7127013, 8.9783543 ], [ 38.7121798, 8.9807715 ], [ 38.7125681, 8.9826245 ], [ 38.7079881, 8.9867618 ], [ 38.7062938, 8.986216 ], [ 38.7065338, 8.9882529 ], [ 38.7081575, 8.9889898 ], [ 38.7136137, 8.9922004 ], [ 38.7160081, 8.9942339 ], [ 38.7189357, 9.0001877 ], [ 38.7189773, 9.0029713 ], [ 38.7188894, 9.0059185 ], [ 38.7190919, 9.0068716 ] ] ] } },
{ "type": "Feature", "properties": { "threshold_s": 600, "time_label": "10 min drive" }, "geometry": { "type": "Polygon", "coordinates": [ [ [ 38.7093228, 9.0199292 ], [ 38.7150762, 9.0272182 ], [ 38.7171154, 9.0273967 ], [ 38.7200756, 9.0271793 ], [ 38.7247346, 9.0264217 ], [ 38.7329254, 9.0293058 ], [ 38.7370165, 9.0289461 ], [ 38.7375224, 9.0288787 ], [ 38.7418089, 9.0274527 ], [ 38.7478737, 9.0209883 ], [ 38.7525413, 9.017134 ], [ 38.7553236, 9.0121104 ], [ 38.757125, 9.0039735 ], [ 38.7595939, 8.9955921 ], [ 38.7591808, 8.9929533 ], [ 38.7578753, 8.9870874 ], [ 38.7587856, 8.9805337 ], [ 38.7518717, 8.9724938 ], [ 38.7468503, 8.9662824 ], [ 38.7454177, 8.9645275 ], [ 38.7437776, 8.9644459 ], [ 38.7348681, 8.9596248 ], [ 38.7324272, 8.9552548 ], [ 38.7248275, 8.9561495 ], [ 38.7193358, 8.9556942 ], [ 38.7179146, 8.9555841 ], [ 38.7152314, 8.9554302 ], [ 38.7141587, 8.955684 ], [ 38.712302, 8.9569045 ], [ 38.7104482, 8.9583245 ], [ 38.7056928, 8.9645371 ], [ 38.7049682, 8.9656789 ], [ 38.69814, 8.973439 ], [ 38.6909266, 8.9754424 ], [ 38.6871181, 8.9786314 ], [ 38.6859513, 8.9797952 ], [ 38.6852274, 8.9805781 ], [ 38.6851851, 8.9806256 ], [ 38.6868062, 8.9855513 ], [ 38.6887749, 8.9918051 ], [ 38.6911987, 8.999768 ], [ 38.6915505, 9.0003686 ], [ 38.6948454, 9.0036595 ], [ 38.701095, 9.00811 ], [ 38.7051192, 9.0151462 ], [ 38.7076717, 9.0183726 ], [ 38.7093228, 9.0199292 ] ] ] } },
{ "type": "Feature", "properties": { "threshold_s": 900, "time_label": "15 min drive" }, "geometry": { "type": "Polygon", "coordinates": [ [ [ 38.6996398, 9.0382862 ], [ 38.7053608, 9.0451838 ], [ 38.7126895, 9.0491096 ], [ 38.7149379, 9.0489904 ], [ 38.7243229, 9.0475746 ], [ 38.7324007, 9.0503455 ], [ 38.7325967, 9.0503419 ], [ 38.7329717, 9.0502764 ], [ 38.7337368, 9.0499003 ], [ 38.7476865, 9.0442469 ], [ 38.7543348, 9.0412716 ], [ 38.7565413, 9.0397014 ], [ 38.7611244, 9.0293966 ], [ 38.7681837, 9.0238363 ], [ 38.7708838, 9.0203264 ], [ 38.7768362, 9.0119613 ], [ 38.776632, 9.0070636 ], [ 38.7787551, 8.991903 ], [ 38.7786342, 8.9830658 ], [ 38.7785645, 8.9821469 ], [ 38.7784405, 8.9816191 ], [ 38.7769645, 8.9775777 ], [ 38.7767224, 8.9774806 ], [ 38.7662108, 8.9676225 ], [ 38.7663539, 8.9652701 ], [ 38.7608555, 8.9544776 ], [ 38.7598824, 8.953246 ], [ 38.7527721, 8.9486437 ], [ 38.7424866, 8.9378158 ], [ 38.7341009, 8.9345072 ], [ 38.7204413, 8.9384991 ], [ 38.7058638, 8.9437249 ], [ 38.7042759, 8.9441276 ], [ 38.6951512, 8.9459959 ], [ 38.6895251, 8.9499328 ], [ 38.6890815, 8.95043 ], [ 38.6889222, 8.9526433 ], [ 38.6859083, 8.9599987 ], [ 38.6763538, 8.9644134 ], [ 38.6755111, 8.9644702 ], [ 38.6746594, 8.9645668 ], [ 38.6736958, 8.9650176 ], [ 38.6726713, 8.9658245 ], [ 38.6720992, 8.9663491 ], [ 38.670485, 8.969116 ], [ 38.6678463, 8.9743978 ], [ 38.666292, 8.978783 ], [ 38.6666541, 8.986576 ], [ 38.6680636, 8.9926984 ], [ 38.6688276, 8.9955576 ], [ 38.6717903, 9.0052143 ], [ 38.6786784, 9.013297 ], [ 38.686481, 9.0225462 ], [ 38.6886603, 9.0249395 ], [ 38.6891158, 9.0251889 ], [ 38.6992861, 9.0349609 ], [ 38.6996398, 9.0382862 ] ] ] } },
{ "type": "Feature", "properties": { "threshold_s": 300, "time_label": "5 min drive" }, "geometry": { "type": "Polygon", "coordinates": [ [ [ 38.7680585, 9.0045594 ], [ 38.7684475, 9.0050954 ], [ 38.7717075, 9.0049966 ], [ 38.7754892, 9.0093199 ], [ 38.7810637, 9.010816 ], [ 38.7833831, 9.0092518 ], [ 38.7892283, 9.0061657 ], [ 38.7898343, 9.0055715 ], [ 38.7931544, 8.9983837 ], [ 38.7936291, 8.9982041 ], [ 38.7941482, 8.9979968 ], [ 38.7946719, 8.9978068 ], [ 38.7965052, 8.9969379 ], [ 38.797957, 8.9920335 ], [ 38.7996398, 8.9856334 ], [ 38.7996331, 8.9854045 ], [ 38.7962514, 8.988003 ], [ 38.791375, 8.9871117 ], [ 38.789819799999989, 8.986366 ], [ 38.788826, 8.985809 ], [ 38.7880106, 8.9854871 ], [ 38.7855757, 8.9849273 ], [ 38.7842988, 8.9845215 ], [ 38.7787516, 8.9794447 ], [ 38.7777914, 8.9763594 ], [ 38.7756114, 8.9726492 ], [ 38.7751478, 8.9725502 ], [ 38.771116, 8.9759723 ], [ 38.766807300000011, 8.9766861 ], [ 38.7652811, 8.9832833 ], [ 38.7651287, 8.9879443 ], [ 38.7657081, 8.9898585 ], [ 38.7646631, 8.9960887 ], [ 38.7650014, 8.9976644 ], [ 38.7658497, 8.9998495 ], [ 38.7679271, 9.0042908 ], [ 38.7680585, 9.0045594 ] ] ] } },
{ "type": "Feature", "properties": { "threshold_s": 600, "time_label": "10 min drive" }, "geometry": { "type": "Polygon", "coordinates": [ [ [ 38.7495149, 9.011528 ], [ 38.7523491, 9.0197223 ], [ 38.7602254, 9.0222978 ], [ 38.7673037, 9.0253571 ], [ 38.7723979, 9.0278156 ], [ 38.774781, 9.0284029 ], [ 38.7842055, 9.0301541 ], [ 38.7860223, 9.0306152 ], [ 38.7935947, 9.0244763 ], [ 38.7953645, 9.0235105 ], [ 38.8018595, 9.0192341 ], [ 38.8067256, 9.0137114 ], [ 38.8090599, 9.0109431 ], [ 38.8094286, 9.0094443 ], [ 38.8118525, 9.0027129 ], [ 38.8165225, 8.9950231 ], [ 38.8189406, 8.9915358 ], [ 38.8193944, 8.9905492 ], [ 38.8195898, 8.9872852 ], [ 38.8190351, 8.9862093 ], [ 38.8079529, 8.9863615 ], [ 38.8066972, 8.9860036 ], [ 38.8035562, 8.9852867 ], [ 38.8021619, 8.9853275 ], [ 38.7996331, 8.9854045 ], [ 38.7971379, 8.9861223 ], [ 38.7899075, 8.9859732 ], [ 38.7880106, 8.9854871 ], [ 38.7855757, 8.9849273 ], [ 38.7842988, 8.9845215 ], [ 38.7787516, 8.9794447 ], [ 38.7777914, 8.9763594 ], [ 38.7828796, 8.9680649 ], [ 38.7896709, 8.966307 ], [ 38.7902089, 8.9659241 ], [ 38.7908766, 8.9625051 ], [ 38.7876638, 8.9607108 ], [ 38.7855517, 8.9604179 ], [ 38.7842322, 8.9619385 ], [ 38.7775834, 8.9635925 ], [ 38.7728159, 8.9599105 ], [ 38.7714929, 8.9586625 ], [ 38.7698044, 8.9575412 ], [ 38.7692517, 8.9571825 ], [ 38.7673704, 8.9560994 ], [ 38.7650679, 8.956913 ], [ 38.7640562, 8.9583092 ], [ 38.7639042, 8.9599587 ], [ 38.7637591, 8.9608204 ], [ 38.7565252, 8.9685212 ], [ 38.754786, 8.9704253 ], [ 38.749944, 8.9753297 ], [ 38.7492305, 8.9764174 ], [ 38.7481427, 8.978128 ], [ 38.7461868, 8.9836034 ], [ 38.7458333, 8.9871828 ], [ 38.7446667, 8.9949007 ], [ 38.7458731, 8.9969173 ], [ 38.7473184, 8.9987266 ], [ 38.7502626, 9.0077974 ], [ 38.7495149, 9.011528 ] ] ] } },
{ "type": "Feature", "properties": { "threshold_s": 900, "time_label": "15 min drive" }, "geometry": { "type": "Polygon", "coordinates": [ [ [ 38.7371646, 9.0314924 ], [ 38.7380256, 9.0328911 ], [ 38.739012, 9.0339387 ], [ 38.7428422, 9.0353794 ], [ 38.7512076, 9.0394149 ], [ 38.752203, 9.0399223 ], [ 38.7613838, 9.0448472 ], [ 38.7683814, 9.0466274 ], [ 38.772725, 9.0469788 ], [ 38.7827002, 9.0462063 ], [ 38.7850703, 9.0458998 ], [ 38.7864317, 9.0451248 ], [ 38.7877241, 9.0438592 ], [ 38.788016399999989, 9.0400262 ], [ 38.788999, 9.0366321 ], [ 38.7997189, 9.0335465 ], [ 38.8097181, 9.0337483 ], [ 38.8116564, 9.0325841 ], [ 38.8201207, 9.0263461 ], [ 38.8257765, 9.0184475 ], [ 38.8272261, 9.0165398 ], [ 38.8305131, 9.0083495 ], [ 38.8329233, 9.0010345 ], [ 38.8352029, 8.9923179 ], [ 38.8357896, 8.9896223 ], [ 38.8364377, 8.986366 ], [ 38.8361053, 8.9854182 ], [ 38.8304619, 8.9779273 ], [ 38.8303922, 8.9744672 ], [ 38.8300543, 8.9713237 ], [ 38.8289182, 8.9663006 ], [ 38.8282921, 8.9652772 ], [ 38.8249257, 8.9633665 ], [ 38.8211505, 8.9664894 ], [ 38.8114894, 8.9641966 ], [ 38.8089976, 8.9585825 ], [ 38.8044097, 8.9569504 ], [ 38.8032817, 8.9563039 ], [ 38.7972468, 8.9469537 ], [ 38.7959191, 8.9457137 ], [ 38.7854075, 8.9418003 ], [ 38.7827272, 8.9412583 ], [ 38.7739408, 8.9357277 ], [ 38.7731928, 8.9355856 ], [ 38.7684385, 8.9360281 ], [ 38.7598421, 8.9405589 ], [ 38.7525377, 8.9420308 ], [ 38.7504082, 8.9479861 ], [ 38.7438087, 8.9565566 ], [ 38.7436067, 8.9570909 ], [ 38.7413316, 8.9615622 ], [ 38.7328751, 8.963896 ], [ 38.73210550000001, 8.9646348 ], [ 38.7340753, 8.9706794 ], [ 38.7298778, 8.9785114 ], [ 38.7285273, 8.9801337 ], [ 38.7273034, 8.9824175 ], [ 38.7287772, 8.9867815 ], [ 38.7278068, 8.9946508 ], [ 38.7268985, 8.9991841 ], [ 38.7284978, 9.0065722 ], [ 38.7264951, 9.0122563 ], [ 38.7291375, 9.0170706 ], [ 38.7338172, 9.0250172 ], [ 38.7371646, 9.0314924 ] ] ] } },
{ "type": "Feature", "properties": { "threshold_s": 300, "time_label": "5 min drive" }, "geometry": { "type": "Polygon", "coordinates": [ [ [ 38.7660695, 9.0292297 ], [ 38.7657206, 9.0293019 ], [ 38.7661201, 9.0294042 ], [ 38.7696665, 9.0317334 ], [ 38.7713409, 9.0329295 ], [ 38.7725503, 9.0352767 ], [ 38.775612, 9.0350012 ], [ 38.7769088, 9.0365309 ], [ 38.7802756, 9.0377758 ], [ 38.7817703, 9.0374467 ], [ 38.7812806, 9.0371532 ], [ 38.7817318, 9.0329631 ], [ 38.7847393, 9.0337449 ], [ 38.7855725, 9.0348864 ], [ 38.7859775, 9.0355527 ], [ 38.7864496, 9.0365592 ], [ 38.7864758, 9.0378832 ], [ 38.7866579, 9.0379459 ], [ 38.7884075, 9.037232 ], [ 38.788646, 9.0371199 ], [ 38.788999, 9.0366321 ], [ 38.7898711, 9.0353037 ], [ 38.7913411, 9.0328014 ], [ 38.7947311, 9.0312946 ], [ 38.7988474, 9.0307862 ], [ 38.8011234, 9.0303124 ], [ 38.8022468, 9.0290022 ], [ 38.8022679, 9.0289403 ], [ 38.8020118, 9.0282786 ], [ 38.799208, 9.0254482 ], [ 38.8006361, 9.0234734 ], [ 38.8025061, 9.0215206 ], [ 38.8045576, 9.0198433 ], [ 38.8038278, 9.0181359 ], [ 38.8025814, 9.0160673 ], [ 38.8020795, 9.0161437 ], [ 38.8012821, 9.0163717 ], [ 38.7982519, 9.0175347 ], [ 38.7972575, 9.0171011 ], [ 38.7961444, 9.0141103 ], [ 38.7975274, 9.0125425 ], [ 38.7973108, 9.012178 ], [ 38.797051, 9.0117309 ], [ 38.7966076, 9.0109225 ], [ 38.7963315, 9.0103532 ], [ 38.7945519, 9.0087038 ], [ 38.7917436, 9.0057285 ], [ 38.7892042, 9.0040436 ], [ 38.788482, 9.003886 ], [ 38.7872382, 9.0048582 ], [ 38.7862272, 9.0054819 ], [ 38.7855855, 9.0058604 ], [ 38.7841301, 9.0065027 ], [ 38.7801379, 9.0069719 ], [ 38.7792465, 9.0078259 ], [ 38.7781482, 9.0088664 ], [ 38.7746289, 9.010785 ], [ 38.7745133, 9.0110996 ], [ 38.7744038, 9.0122967 ], [ 38.773148, 9.0145762 ], [ 38.7699102, 9.014068 ], [ 38.7698167, 9.0140801 ], [ 38.7686489, 9.0154598 ], [ 38.7682007, 9.0165141 ], [ 38.766175, 9.0194163 ], [ 38.7664473, 9.0226405 ], [ 38.7686595, 9.0207369 ], [ 38.7707329, 9.0240985 ], [ 38.7696171, 9.026581 ], [ 38.7673563, 9.028805 ], [ 38.7660695, 9.0292297 ] ] ] } },
{ "type": "Feature", "properties": { "threshold_s": 600, "time_label": "10 min drive" }, "geometry": { "type": "Polygon", "coordinates": [ [ [ 38.7481119, 9.0381431 ], [ 38.7522613, 9.0431328 ], [ 38.7552401, 9.0458515 ], [ 38.7650576, 9.0511274 ], [ 38.766565, 9.052165 ], [ 38.772083, 9.0535098 ], [ 38.7801124, 9.0545531 ], [ 38.7827944, 9.0540054 ], [ 38.792129, 9.0494167 ], [ 38.7967241, 9.0428703 ], [ 38.8041703, 9.044401 ], [ 38.8042312, 9.0365115 ], [ 38.8097365, 9.0345983 ], [ 38.8144658, 9.0377323 ], [ 38.8163683, 9.0394796 ], [ 38.8170342, 9.0393518 ], [ 38.8216329, 9.0373684 ], [ 38.8215724, 9.0355778 ], [ 38.8240251, 9.0254785 ], [ 38.8265759, 9.0200041 ], [ 38.8268004, 9.0166404 ], [ 38.821716, 9.0089211 ], [ 38.8178006, 9.0024879 ], [ 38.8164152, 9.0006957 ], [ 38.810144, 8.9947923 ], [ 38.8088812, 8.993766 ], [ 38.8083827, 8.9935965 ], [ 38.8046152, 8.9929395 ], [ 38.7942992, 8.9887271 ], [ 38.791375, 8.9871117 ], [ 38.789819799999989, 8.986366 ], [ 38.7888132, 8.9859297 ], [ 38.7879749, 8.9856538 ], [ 38.7851306, 8.9856381 ], [ 38.7782671, 8.9863716 ], [ 38.7764753, 8.9868029 ], [ 38.7756031, 8.9871261 ], [ 38.7755492, 8.9871715 ], [ 38.7750361, 8.9888151 ], [ 38.768194, 8.9957356 ], [ 38.7650014, 8.9976644 ], [ 38.7586541, 9.0031765 ], [ 38.7545946, 9.0057032 ], [ 38.7495149, 9.011528 ], [ 38.746012, 9.0163151 ], [ 38.7460695, 9.0165495 ], [ 38.7460997, 9.01666 ], [ 38.7466125, 9.018984 ], [ 38.7462285, 9.0283971 ], [ 38.7450782, 9.0323696 ], [ 38.7447562, 9.0333098 ], [ 38.7481119, 9.0381431 ] ] ] } },
{ "type": "Feature", "properties": { "threshold_s": 900, "time_label": "15 min drive" }, "geometry": { "type": "Polygon", "coordinates": [ [ [ 38.733022, 9.0515466 ], [ 38.7383953, 9.0586644 ], [ 38.7470483, 9.063749 ], [ 38.7483684, 9.0645012 ], [ 38.7596486, 9.0702223 ], [ 38.7611483, 9.0707591 ], [ 38.7714547, 9.072433 ], [ 38.7821725, 9.0738098 ], [ 38.7923244, 9.0715833 ], [ 38.7957475, 9.0620051 ], [ 38.8050735, 9.0616741 ], [ 38.8085118, 9.0620913 ], [ 38.8144933, 9.0607549 ], [ 38.8149651, 9.0605226 ], [ 38.8274968, 9.0551727 ], [ 38.8285455, 9.0551872 ], [ 38.832019, 9.0536483 ], [ 38.8348856, 9.0503233 ], [ 38.837142, 9.0464329 ], [ 38.8417882, 9.0380274 ], [ 38.8450619, 9.0328102 ], [ 38.8442584, 9.0275216 ], [ 38.8466367, 9.0185819 ], [ 38.8466544, 9.0103372 ], [ 38.8431904, 9.0075458 ], [ 38.8414704, 9.0058192 ], [ 38.8401092, 9.0045006 ], [ 38.8398108, 9.0042449 ], [ 38.8345245, 8.9914253 ], [ 38.8346133, 8.9892272 ], [ 38.8345283, 8.9878322 ], [ 38.8344876, 8.9877714 ], [ 38.8339205, 8.9873923 ], [ 38.8315073, 8.9860633 ], [ 38.8208006, 8.9803978 ], [ 38.8097735, 8.9869675 ], [ 38.8079529, 8.9863615 ], [ 38.8066972, 8.9860036 ], [ 38.8035562, 8.9852867 ], [ 38.8021619, 8.9853275 ], [ 38.7996331, 8.9854045 ], [ 38.7899075, 8.9859732 ], [ 38.7880106, 8.9854871 ], [ 38.7777914, 8.9763594 ], [ 38.7759295, 8.9724099 ], [ 38.7750556, 8.9694476 ], [ 38.7664998, 8.9707517 ], [ 38.7655318, 8.9710292 ], [ 38.7618748, 8.9727921 ], [ 38.7597419, 8.9774445 ], [ 38.7498189, 8.9837713 ], [ 38.743093, 8.9887576 ], [ 38.7417482, 8.9901297 ], [ 38.738095199999989, 8.9942698 ], [ 38.7376045, 8.9950873 ], [ 38.7303954, 9.0060927 ], [ 38.7264951, 9.0122563 ], [ 38.7247722, 9.0152427 ], [ 38.7239098, 9.0199514 ], [ 38.7244628, 9.0281024 ], [ 38.7240786, 9.0347561 ], [ 38.7276385, 9.0441208 ], [ 38.7280317, 9.044982 ], [ 38.733022, 9.0515466 ] ] ] } },
{ "type": "Feature", "properties": { "threshold_s": 300, "time_label": "5 min drive" }, "geometry": { "type": "Polygon", "coordinates": [ [ [ 38.773148, 9.0145762 ], [ 38.7720471, 9.0162575 ], [ 38.7721413, 9.0163029 ], [ 38.7741335, 9.0152535 ], [ 38.776373, 9.0129175 ], [ 38.7794376, 9.0144829 ], [ 38.7807383, 9.0166185 ], [ 38.7803991, 9.020821 ], [ 38.780626, 9.0234549 ], [ 38.7807673, 9.0234956 ], [ 38.7811059, 9.0234327 ], [ 38.7828895, 9.0215465 ], [ 38.7854865, 9.0225353 ], [ 38.7862517, 9.023429 ], [ 38.7899598, 9.0213922 ], [ 38.7921291, 9.0212226 ], [ 38.792273, 9.0207424 ], [ 38.7953428, 9.0176745 ], [ 38.7981673, 9.0165 ], [ 38.8006163, 9.0142076 ], [ 38.8009101, 9.0132402 ], [ 38.8010811, 9.011184 ], [ 38.8035621, 9.0081352 ], [ 38.804171599999989, 9.0040571 ], [ 38.8050475, 9.0035139 ], [ 38.8052327, 9.0033919 ], [ 38.806023, 8.9999586 ], [ 38.8057964, 8.9980584 ], [ 38.8034011, 8.9988843 ], [ 38.8012956, 8.9984883 ], [ 38.8004776, 8.9984045 ], [ 38.7965052, 8.9969379 ], [ 38.7956395, 8.9945489 ], [ 38.7953449, 8.9913077 ], [ 38.7942992, 8.9887271 ], [ 38.7916494, 8.988039 ], [ 38.7886316, 8.987331 ], [ 38.7858793, 8.9879902 ], [ 38.7838559, 8.9877536 ], [ 38.780833, 8.9883192 ], [ 38.7779312, 8.9897209 ], [ 38.7766295, 8.9930188 ], [ 38.7748685, 8.9939269 ], [ 38.774816199999989, 8.9941075 ], [ 38.7770092, 8.9949946 ], [ 38.7776278, 8.9979624 ], [ 38.7739914, 8.9989883 ], [ 38.7729631, 8.9990413 ], [ 38.7716421, 9.0009861 ], [ 38.7711, 9.0016644 ], [ 38.7679328, 9.0040963 ], [ 38.7679271, 9.0042908 ], [ 38.7680585, 9.0045594 ], [ 38.7686704, 9.0056819 ], [ 38.7699708, 9.0073954 ], [ 38.7692515, 9.0104413 ], [ 38.7693993, 9.0107478 ], [ 38.7695029, 9.0107419 ], [ 38.7732789, 9.0121882 ], [ 38.773148, 9.0145762 ] ] ] } },
{ "type": "Feature", "properties": { "threshold_s": 600, "time_label": "10 min drive" }, "geometry": { "type": "Polygon", "coordinates": [ [ [ 38.7505739, 9.0190794 ], [ 38.752181899999989, 9.0217133 ], [ 38.7615913, 9.0308121 ], [ 38.763464, 9.0326464 ], [ 38.7694764, 9.0373855 ], [ 38.7734143, 9.0388789 ], [ 38.7820203, 9.0383468 ], [ 38.7866579, 9.0379459 ], [ 38.7997189, 9.0335465 ], [ 38.808201, 9.0306966 ], [ 38.8169372, 9.0230296 ], [ 38.8222637, 9.0115462 ], [ 38.8236431, 9.0045589 ], [ 38.8237967, 9.0028303 ], [ 38.8246002, 8.9900486 ], [ 38.8246031, 8.9899895 ], [ 38.8208019, 8.9857666 ], [ 38.8201058, 8.985035 ], [ 38.8066972, 8.9860036 ], [ 38.8035562, 8.9852867 ], [ 38.8021619, 8.9853275 ], [ 38.7996331, 8.9854045 ], [ 38.7899075, 8.9859732 ], [ 38.7880106, 8.9854871 ], [ 38.7777914, 8.9763594 ], [ 38.7759295, 8.9724099 ], [ 38.7755072, 8.9716351 ], [ 38.7652743, 8.9732919 ], [ 38.7651325, 8.9733813 ], [ 38.7610923, 8.9797751 ], [ 38.7598998, 8.9823002 ], [ 38.7581079, 8.9865699 ], [ 38.7516388, 8.9938777 ], [ 38.7509148, 8.9950547 ], [ 38.7502626, 9.0077974 ], [ 38.7482888, 9.0109348 ], [ 38.7484279, 9.0131606 ], [ 38.7505739, 9.0190794 ] ] ] } },
{ "type": "Feature", "properties": { "threshold_s": 900, "time_label": "15 min drive" }, "geometry": { "type": "Polygon", "coordinates": [ [ [ 38.7336038, 9.0265246 ], [ 38.7369454, 9.0344738 ], [ 38.7485637, 9.0452148 ], [ 38.7537116, 9.0500137 ], [ 38.7573345, 9.0528887 ], [ 38.7588863, 9.0537454 ], [ 38.7677326, 9.0562897 ], [ 38.7730604, 9.0573845 ], [ 38.7745217, 9.0576074 ], [ 38.7813867, 9.0571314 ], [ 38.7824511, 9.056754 ], [ 38.7862726, 9.0545333 ], [ 38.792129, 9.0494167 ], [ 38.8069644, 9.0447637 ], [ 38.8157876, 9.0455703 ], [ 38.8176182, 9.0455613 ], [ 38.8179597, 9.0454628 ], [ 38.8235377, 9.0431763 ], [ 38.8252923, 9.0422627 ], [ 38.8313351, 9.0376149 ], [ 38.8380725, 9.0302644 ], [ 38.8381133, 9.0301815 ], [ 38.8408486, 9.021363 ], [ 38.8411689, 9.0083822 ], [ 38.8411496, 9.0081129 ], [ 38.8421672, 8.9901322 ], [ 38.8424526, 8.9893469 ], [ 38.8426673, 8.9877079 ], [ 38.8418466, 8.9843307 ], [ 38.8412034, 8.9822747 ], [ 38.8395523, 8.9801756 ], [ 38.829171, 8.9683279 ], [ 38.8266235, 8.9672755 ], [ 38.8263241, 8.9672496 ], [ 38.8250452, 8.9671403 ], [ 38.8224761, 8.968892 ], [ 38.8181772, 8.9717424 ], [ 38.818211, 8.9724179 ], [ 38.8182654, 8.9741014 ], [ 38.8066972, 8.9860036 ], [ 38.8035562, 8.9852867 ], [ 38.8021619, 8.9853275 ], [ 38.7996331, 8.9854045 ], [ 38.7971379, 8.9861223 ], [ 38.7899075, 8.9859732 ], [ 38.7880106, 8.9854871 ], [ 38.7909604, 8.9677523 ], [ 38.7914937, 8.9674282 ], [ 38.7923209, 8.9649386 ], [ 38.7919977, 8.9605524 ], [ 38.7891009, 8.959217 ], [ 38.7845454, 8.9573822 ], [ 38.766852, 8.953155 ], [ 38.7659699, 8.9533813 ], [ 38.7626825, 8.9555171 ], [ 38.7553487, 8.961614 ], [ 38.7500526, 8.9667886 ], [ 38.7433839, 8.9733247 ], [ 38.739083, 8.9786417 ], [ 38.7345985, 8.9883599 ], [ 38.7341961, 8.9893524 ], [ 38.730315, 9.0050548 ], [ 38.7253784, 9.0132798 ], [ 38.7274598, 9.018264 ], [ 38.7336038, 9.0265246 ] ] ] } },
{ "type": "Feature", "properties": { "threshold_s": 300, "time_label": "5 min drive" }, "geometry": { "type": "Polygon", "coordinates": [ [ [ 38.7915962, 9.0236683 ], [ 38.7939784, 9.0269826 ], [ 38.7956288, 9.0280379 ], [ 38.7976876, 9.0279326 ], [ 38.7977608, 9.0279318 ], [ 38.8018846, 9.028053 ], [ 38.8048161, 9.0292985 ], [ 38.8055684, 9.0283197 ], [ 38.8075975, 9.0272945 ], [ 38.809383, 9.0265432 ], [ 38.8143496, 9.0279621 ], [ 38.8144997, 9.0290358 ], [ 38.8144722, 9.0294405 ], [ 38.8116564, 9.0325841 ], [ 38.8167679, 9.0323597 ], [ 38.8175692, 9.0321343 ], [ 38.82228520000001, 9.033648 ], [ 38.8245369, 9.0342374 ], [ 38.8249282, 9.0291742 ], [ 38.8281022, 9.0285546 ], [ 38.8286482, 9.0286809 ], [ 38.8301574, 9.0278692 ], [ 38.8309072, 9.0275316 ], [ 38.8309401, 9.0274559 ], [ 38.8307081, 9.0257045 ], [ 38.8299201, 9.0249443 ], [ 38.8268289, 9.0218945 ], [ 38.8260465, 9.0197698 ], [ 38.8228849, 9.0172726 ], [ 38.8203191, 9.0156565 ], [ 38.8174128, 9.0151084 ], [ 38.8149607, 9.0141972 ], [ 38.8099253, 9.0141804 ], [ 38.8077063, 9.0111581 ], [ 38.8035896, 9.0087763 ], [ 38.7990177, 9.0090624 ], [ 38.797051, 9.0117309 ], [ 38.7965579, 9.0132523 ], [ 38.7937514, 9.0173155 ], [ 38.7925888, 9.0170411 ], [ 38.7921221, 9.0169416 ], [ 38.7917798, 9.0168777 ], [ 38.7907635, 9.0166364 ], [ 38.7902737, 9.0165384 ], [ 38.7890268, 9.0216181 ], [ 38.7915962, 9.0236683 ] ] ] } },
{ "type": "Feature", "properties": { "threshold_s": 600, "time_label": "10 min drive" }, "geometry": { "type": "Polygon", "coordinates": [ [ [ 38.7736848, 9.0351991 ], [ 38.7752885, 9.0378956 ], [ 38.7816332, 9.0394631 ], [ 38.7832014, 9.0393962 ], [ 38.7866579, 9.0379459 ], [ 38.7884075, 9.037232 ], [ 38.788646, 9.0371199 ], [ 38.788999, 9.0366321 ], [ 38.7997189, 9.0335465 ], [ 38.8031475, 9.0364072 ], [ 38.8069644, 9.0447637 ], [ 38.8130125, 9.0474517 ], [ 38.8156073, 9.0486279 ], [ 38.8256755, 9.0502843 ], [ 38.8289333, 9.0515703 ], [ 38.8348856, 9.0503233 ], [ 38.84123, 9.0449754 ], [ 38.8461301, 9.0388081 ], [ 38.8504317, 9.0363871 ], [ 38.8512269, 9.0351682 ], [ 38.8498255, 9.0257435 ], [ 38.8486332, 9.0231775 ], [ 38.8457636, 9.0186125 ], [ 38.8426899, 9.009846 ], [ 38.8405256, 9.0077504 ], [ 38.8386494, 9.0061013 ], [ 38.8310638, 9.0002257 ], [ 38.8296767, 8.9994248 ], [ 38.829073, 8.9991051 ], [ 38.8286486, 8.9989212 ], [ 38.8210722, 8.9960126 ], [ 38.8154154, 8.9933707 ], [ 38.8119545, 8.9918937 ], [ 38.807634299999989, 8.9913228 ], [ 38.8048161, 8.991342 ], [ 38.7933953, 8.9891541 ], [ 38.792569, 8.9896677 ], [ 38.7860546, 8.996506 ], [ 38.7787355, 9.0030202 ], [ 38.7692515, 9.0104413 ], [ 38.7686595, 9.0207369 ], [ 38.7708632, 9.0299515 ], [ 38.7736848, 9.0351991 ] ] ] } },
{ "type": "Feature", "properties": { "threshold_s": 900, "time_label": "15 min drive" }, "geometry": { "type": "Polygon", "coordinates": [ [ [ 38.7497483, 9.0352652 ], [ 38.7552401, 9.0458515 ], [ 38.7602034, 9.0500346 ], [ 38.7672524, 9.0542346 ], [ 38.7775912, 9.0566282 ], [ 38.7808637, 9.0568868 ], [ 38.7862726, 9.0545333 ], [ 38.7985679, 9.0600791 ], [ 38.7987955, 9.0602014 ], [ 38.8028473, 9.0628395 ], [ 38.808213, 9.0647413 ], [ 38.8147441, 9.0635101 ], [ 38.8255781, 9.06194 ], [ 38.8296586, 9.0626196 ], [ 38.8304083, 9.062813 ], [ 38.843521, 9.0630858 ], [ 38.8446374, 9.0675065 ], [ 38.8537704, 9.0591247 ], [ 38.8611813, 9.0496817 ], [ 38.864908, 9.0474997 ], [ 38.8687662, 9.0457312 ], [ 38.8683777, 9.0387989 ], [ 38.8681483, 9.0364148 ], [ 38.866942, 9.026511 ], [ 38.869985, 9.0209563 ], [ 38.8656089, 9.0113038 ], [ 38.8647634, 9.0096121 ], [ 38.8574364, 9.0008895 ], [ 38.8558403, 8.9992759 ], [ 38.8469794, 8.9921429 ], [ 38.8389082, 8.9828238 ], [ 38.8388718, 8.9827807 ], [ 38.8259465, 8.978022 ], [ 38.825469, 8.9781279 ], [ 38.8208006, 8.9803978 ], [ 38.8079529, 8.9863615 ], [ 38.8066972, 8.9860036 ], [ 38.8035562, 8.9852867 ], [ 38.8021619, 8.9853275 ], [ 38.7996331, 8.9854045 ], [ 38.788826, 8.985809 ], [ 38.7879749, 8.9856538 ], [ 38.7777914, 8.9763594 ], [ 38.7741342, 8.9798441 ], [ 38.7720391, 8.9824883 ], [ 38.7716796, 8.9831654 ], [ 38.7622938, 8.9937159 ], [ 38.7597039, 8.9959808 ], [ 38.7530485, 9.0017179 ], [ 38.7519359, 9.0026255 ], [ 38.7461556, 9.0104021 ], [ 38.7461356, 9.0106348 ], [ 38.7471465, 9.0144456 ], [ 38.7489256, 9.016903 ], [ 38.7496045, 9.028671 ], [ 38.7484038, 9.0311236 ], [ 38.7497483, 9.0352652 ] ] ] } },
{ "type": "Feature", "properties": { "threshold_s": 300, "time_label": "5 min drive" }, "geometry": { "type": "Polygon", "coordinates": [ [ [ 38.7419115, 9.0474839 ], [ 38.7444052, 9.051129 ], [ 38.7488178, 9.0510707 ], [ 38.75223, 9.0520392 ], [ 38.7571361, 9.053727 ], [ 38.7588172, 9.0531482 ], [ 38.760117, 9.0523689 ], [ 38.7619097, 9.0490886 ], [ 38.7652703, 9.0454849 ], [ 38.7674857, 9.0414061 ], [ 38.7683929, 9.0391379 ], [ 38.7678545, 9.036653 ], [ 38.7684305, 9.0329237 ], [ 38.7683848, 9.0328415 ], [ 38.7664014, 9.0314507 ], [ 38.7654192, 9.0307943 ], [ 38.7625209, 9.0267749 ], [ 38.7616201, 9.0233396 ], [ 38.7605536, 9.0224021 ], [ 38.7587022, 9.0179263 ], [ 38.7576248, 9.0176281 ], [ 38.7525413, 9.017134 ], [ 38.7520763, 9.0170797 ], [ 38.750576, 9.0190124 ], [ 38.7475502, 9.0209719 ], [ 38.7439453, 9.0231991 ], [ 38.7422602, 9.0234475 ], [ 38.7406696, 9.0235369 ], [ 38.7392686, 9.0241587 ], [ 38.7382249, 9.0250091 ], [ 38.7380542, 9.0253051 ], [ 38.7379664, 9.0259409 ], [ 38.7375489, 9.0298709 ], [ 38.7366399, 9.0346148 ], [ 38.7378842, 9.0374214 ], [ 38.7374323, 9.0403624 ], [ 38.736942, 9.0414868 ], [ 38.7401949, 9.0448091 ], [ 38.7419115, 9.0474839 ] ] ] } },
{ "type": "Feature", "properties": { "threshold_s": 600, "time_label": "10 min drive" }, "geometry": { "type": "Polygon", "coordinates": [ [ [ 38.7273793, 9.062566 ], [ 38.7299428, 9.0661832 ], [ 38.7325013, 9.0684364 ], [ 38.7329326, 9.0687454 ], [ 38.7351005, 9.0682393 ], [ 38.7394818, 9.0691537 ], [ 38.7422269, 9.0690505 ], [ 38.7469634, 9.069697 ], [ 38.7478419, 9.0712001 ], [ 38.7500422, 9.0730608 ], [ 38.75213, 9.0733097 ], [ 38.753555, 9.0732747 ], [ 38.7560065, 9.0722344 ], [ 38.7602142, 9.07337 ], [ 38.7606353, 9.0733806 ], [ 38.7641291, 9.0726413 ], [ 38.7668987, 9.0721387 ], [ 38.7698241, 9.0678263 ], [ 38.7711355, 9.0681931 ], [ 38.7718682, 9.0686389 ], [ 38.7734622, 9.0669934 ], [ 38.7760734, 9.0635044 ], [ 38.7782326, 9.0625746 ], [ 38.7787053, 9.062305 ], [ 38.7799368, 9.0601761 ], [ 38.7802957, 9.0593364 ], [ 38.7804636, 9.0589097 ], [ 38.7805495, 9.0584415 ], [ 38.7827944, 9.0540054 ], [ 38.7835116, 9.0510582 ], [ 38.7833609, 9.0497504 ], [ 38.7850703, 9.0458998 ], [ 38.7864317, 9.0451248 ], [ 38.7864934, 9.0444374 ], [ 38.7864503, 9.044088 ], [ 38.7863946, 9.0438834 ], [ 38.7853727, 9.0402983 ], [ 38.7851407, 9.0388863 ], [ 38.7868405, 9.0345218 ], [ 38.7870169, 9.0343354 ], [ 38.7874505, 9.0295787 ], [ 38.7850625, 9.0271958 ], [ 38.7849554, 9.0271178 ], [ 38.7834995, 9.0261202 ], [ 38.7814649, 9.022194 ], [ 38.7809892, 9.0208025 ], [ 38.7798819, 9.0169092 ], [ 38.7781044, 9.0145299 ], [ 38.7768362, 9.0119613 ], [ 38.774324, 9.0086107 ], [ 38.7732598, 9.0083504 ], [ 38.7699232, 9.0043125 ], [ 38.7698957, 9.003069 ], [ 38.7693006, 9.0019376 ], [ 38.7665433, 9.0010165 ], [ 38.7654833, 9.001129 ], [ 38.7643906, 9.0014444 ], [ 38.7628341, 9.0016946 ], [ 38.7585626, 8.9987234 ], [ 38.7587333, 8.9982551 ], [ 38.7562841, 8.9980372 ], [ 38.7538955, 8.9959014 ], [ 38.7523479, 8.9964823 ], [ 38.7500351, 8.9979637 ], [ 38.7473184, 8.9987266 ], [ 38.7456058, 8.9999417 ], [ 38.743207, 9.0023614 ], [ 38.7398733, 8.9999034 ], [ 38.7397509, 8.9999673 ], [ 38.7394057, 9.0002786 ], [ 38.7382369, 9.0036913 ], [ 38.7353569, 9.0048602 ], [ 38.733824, 9.0047681 ], [ 38.731931, 9.0073696 ], [ 38.7313651, 9.0081259 ], [ 38.7313527, 9.0086805 ], [ 38.7286933, 9.0122012 ], [ 38.7270118, 9.0118618 ], [ 38.7264951, 9.0122563 ], [ 38.7253784, 9.0132798 ], [ 38.7240091, 9.0157129 ], [ 38.7213416, 9.0172031 ], [ 38.7186989, 9.0216699 ], [ 38.716899, 9.0249049 ], [ 38.7168023, 9.02563 ], [ 38.7173206, 9.0306065 ], [ 38.7192857, 9.0340778 ], [ 38.7163828, 9.0367836 ], [ 38.7155935, 9.0377131 ], [ 38.7161247, 9.0387533 ], [ 38.7175617, 9.0424941 ], [ 38.7177066, 9.0438 ], [ 38.7190367, 9.0471651 ], [ 38.7199456, 9.049349 ], [ 38.7202046, 9.0528396 ], [ 38.7202049, 9.0529697 ], [ 38.7226806, 9.056921 ], [ 38.723578, 9.0585699 ], [ 38.7240987, 9.0591236 ], [ 38.7257915, 9.0609907 ], [ 38.7273793, 9.062566 ] ] ] } },
{ "type": "Feature", "properties": { "threshold_s": 900, "time_label": "15 min drive" }, "geometry": { "type": "Polygon", "coordinates": [ [ [ 38.7036966, 9.0594942 ], [ 38.7043002, 9.0638354 ], [ 38.7056051, 9.0641731 ], [ 38.7157707, 9.0714928 ], [ 38.7160362, 9.0719192 ], [ 38.7182799, 9.0763662 ], [ 38.7279962, 9.0819581 ], [ 38.7287586, 9.0812933 ], [ 38.7377219, 9.0759888 ], [ 38.7382369, 9.0758127 ], [ 38.7465249, 9.0792228 ], [ 38.7440855, 9.0871613 ], [ 38.7431292, 9.0876863 ], [ 38.7429193, 9.0877949 ], [ 38.7434601, 9.0878847 ], [ 38.7536985, 9.0820899 ], [ 38.7613576, 9.0810134 ], [ 38.773237, 9.081739 ], [ 38.7856852, 9.0805299 ], [ 38.7930049, 9.0729548 ], [ 38.7950405, 9.0717919 ], [ 38.7987955, 9.0602014 ], [ 38.8005151, 9.0594398 ], [ 38.8005624, 9.0594085 ], [ 38.7986013, 9.0584505 ], [ 38.7974064, 9.0579009 ], [ 38.792129, 9.0494167 ], [ 38.7967241, 9.0428703 ], [ 38.8041703, 9.044401 ], [ 38.8005483, 9.0376132 ], [ 38.8048161, 9.0292985 ], [ 38.8055684, 9.0283197 ], [ 38.8063406, 9.0227305 ], [ 38.8064869, 9.0210836 ], [ 38.8049849, 9.0180621 ], [ 38.8028165, 9.0154671 ], [ 38.7973048, 9.0098473 ], [ 38.7946308, 9.0046325 ], [ 38.7929497, 8.9955485 ], [ 38.7913479, 8.9928249 ], [ 38.7843984, 8.9874992 ], [ 38.7814712, 8.9855099 ], [ 38.7803636, 8.9851876 ], [ 38.7755186, 8.9855138 ], [ 38.7644734, 8.9800744 ], [ 38.7637487, 8.979497 ], [ 38.7598425, 8.9769483 ], [ 38.749449, 8.9752866 ], [ 38.7488619, 8.9753689 ], [ 38.7466216, 8.976282 ], [ 38.7450866, 8.9768785 ], [ 38.7433915, 8.9775073 ], [ 38.7313543, 8.9810866 ], [ 38.7220165, 8.9877903 ], [ 38.7137175, 8.9951841 ], [ 38.7061737, 9.0050794 ], [ 38.7034982, 9.0135973 ], [ 38.703086, 9.0165013 ], [ 38.7014104, 9.0257572 ], [ 38.6973505, 9.0353842 ], [ 38.697487099999989, 9.0390073 ], [ 38.6981432, 9.044192 ], [ 38.6995795, 9.0473627 ], [ 38.703291, 9.0573553 ], [ 38.7036966, 9.0594942 ] ] ] } },
{ "type": "Feature", "properties": { "threshold_s": 300, "time_label": "5 min drive" }, "geometry": { "type": "Polygon", "coordinates": [ [ [ 38.7803283, 9.0233325 ], [ 38.7812609, 9.0251757 ], [ 38.7850625, 9.0271958 ], [ 38.7872952, 9.0282729 ], [ 38.7877832, 9.0281623 ], [ 38.788274, 9.0276402 ], [ 38.7911045, 9.0255966 ], [ 38.7939784, 9.0269826 ], [ 38.7956288, 9.0280379 ], [ 38.7977608, 9.0279318 ], [ 38.8004262, 9.0262119 ], [ 38.8020936, 9.0264203 ], [ 38.8060612, 9.0246606 ], [ 38.8073051, 9.0235674 ], [ 38.8075376, 9.0232629 ], [ 38.810139, 9.0201299 ], [ 38.8110194, 9.0199451 ], [ 38.813209, 9.0199514 ], [ 38.8133654, 9.0199396 ], [ 38.8133688, 9.0197109 ], [ 38.8110989, 9.0165559 ], [ 38.8108201, 9.0148705 ], [ 38.8103469, 9.0141447 ], [ 38.8085412, 9.0106981 ], [ 38.8084584, 9.0098803 ], [ 38.8079575, 9.0091341 ], [ 38.8092765, 9.0052556 ], [ 38.8070616, 9.0064311 ], [ 38.804171599999989, 9.0040571 ], [ 38.8007464, 9.0019057 ], [ 38.7993438, 9.0015425 ], [ 38.7977966, 9.0017538 ], [ 38.7955181, 9.0020965 ], [ 38.7943165, 9.0036151 ], [ 38.7917389, 9.0056483 ], [ 38.7892042, 9.0040436 ], [ 38.7889105, 9.0000486 ], [ 38.7886674, 8.9994336 ], [ 38.7870403, 8.9997513 ], [ 38.7859947, 9.0008023 ], [ 38.7836735, 9.0030581 ], [ 38.7822238, 9.0039933 ], [ 38.7801361, 9.0051451 ], [ 38.7794724, 9.0056821 ], [ 38.7778545, 9.009386 ], [ 38.7761009, 9.0118694 ], [ 38.7756928, 9.012622 ], [ 38.7790322, 9.0148252 ], [ 38.7807383, 9.0166185 ], [ 38.780964, 9.020229 ], [ 38.7805245, 9.0220573 ], [ 38.7803283, 9.0233325 ] ] ] } },
{ "type": "Feature", "properties": { "threshold_s": 600, "time_label": "10 min drive" }, "geometry": { "type": "Polygon", "coordinates": [ [ [ 38.7604158, 9.030475 ], [ 38.7607885, 9.0320859 ], [ 38.7632315, 9.0343164 ], [ 38.767127, 9.0371605 ], [ 38.7728901, 9.0400549 ], [ 38.7815667, 9.0429275 ], [ 38.7835321, 9.0433722 ], [ 38.7846176, 9.0425431 ], [ 38.788646, 9.0371199 ], [ 38.788999, 9.0366321 ], [ 38.7898711, 9.0353037 ], [ 38.7997189, 9.0335465 ], [ 38.8031475, 9.0364072 ], [ 38.8042312, 9.0365115 ], [ 38.8144658, 9.0377323 ], [ 38.8163683, 9.0394796 ], [ 38.8184291, 9.0400446 ], [ 38.8227328, 9.037991 ], [ 38.8266465, 9.0345977 ], [ 38.8328062, 9.0282913 ], [ 38.8348874, 9.0216123 ], [ 38.8348678, 9.0209395 ], [ 38.8320595, 9.0124229 ], [ 38.8320277, 9.0123599 ], [ 38.8317193, 9.0117335 ], [ 38.8293616, 9.0062613 ], [ 38.8283464, 8.9999261 ], [ 38.8267846, 8.9937998 ], [ 38.8192517, 8.9888928 ], [ 38.8166645, 8.988021 ], [ 38.807903, 8.9866086 ], [ 38.7996331, 8.9854045 ], [ 38.789819799999989, 8.986366 ], [ 38.788826, 8.985809 ], [ 38.7855757, 8.9849273 ], [ 38.7842988, 8.9845215 ], [ 38.7829895, 8.9840922 ], [ 38.7824454, 8.9839019 ], [ 38.7810382, 8.9833915 ], [ 38.7796793, 8.9834842 ], [ 38.77311, 8.9846007 ], [ 38.7716921, 8.9892484 ], [ 38.7652306, 8.9972696 ], [ 38.7629789, 9.000368 ], [ 38.7563425, 9.0078847 ], [ 38.7531539, 9.0118897 ], [ 38.7543462, 9.0138732 ], [ 38.7555162, 9.0160017 ], [ 38.7555926, 9.0160591 ], [ 38.7602254, 9.0222978 ], [ 38.7604158, 9.030475 ] ] ] } },
{ "type": "Feature", "properties": { "threshold_s": 900, "time_label": "15 min drive" }, "geometry": { "type": "Polygon", "coordinates": [ [ [ 38.7388659, 9.0341421 ], [ 38.7447586, 9.0435775 ], [ 38.7492997, 9.0477315 ], [ 38.7567921, 9.0545851 ], [ 38.759146, 9.0555105 ], [ 38.7680711, 9.0582347 ], [ 38.777235, 9.0602169 ], [ 38.7820121, 9.0601739 ], [ 38.7884441, 9.057753 ], [ 38.8030758, 9.0595359 ], [ 38.8067847, 9.0595471 ], [ 38.8116363, 9.059105 ], [ 38.8245318, 9.0563115 ], [ 38.8285455, 9.0551872 ], [ 38.8313578, 9.0541423 ], [ 38.8352088, 9.0519684 ], [ 38.8413303, 9.0476311 ], [ 38.8424157, 9.0463451 ], [ 38.8519682, 9.0373446 ], [ 38.8538512, 9.0357937 ], [ 38.8542729, 9.0231272 ], [ 38.8568146, 9.020547 ], [ 38.8568029, 9.0197606 ], [ 38.8557672, 9.0094151 ], [ 38.855269, 9.0089063 ], [ 38.8508686, 9.003898 ], [ 38.8492897, 9.0026261 ], [ 38.8460724, 8.9898733 ], [ 38.8467872, 8.9871707 ], [ 38.8461569, 8.9859494 ], [ 38.8431447, 8.9802188 ], [ 38.8414, 8.9775941 ], [ 38.8284623, 8.9728147 ], [ 38.8251351, 8.9723093 ], [ 38.8233374, 8.973018 ], [ 38.8211327, 8.9767138 ], [ 38.8208006, 8.9803978 ], [ 38.8079529, 8.9863615 ], [ 38.8066972, 8.9860036 ], [ 38.8035562, 8.9852867 ], [ 38.8021619, 8.9853275 ], [ 38.7996331, 8.9854045 ], [ 38.7971379, 8.9861223 ], [ 38.7899075, 8.9859732 ], [ 38.7880106, 8.9854871 ], [ 38.7855757, 8.9849273 ], [ 38.7842988, 8.9845215 ], [ 38.7787516, 8.9794447 ], [ 38.7804589, 8.9680504 ], [ 38.7798232, 8.9672529 ], [ 38.7764513, 8.9654406 ], [ 38.7748945, 8.9656073 ], [ 38.7662108, 8.9676225 ], [ 38.7609422, 8.9727954 ], [ 38.7542657, 8.9801767 ], [ 38.7503347, 8.9852324 ], [ 38.7431444, 8.9911442 ], [ 38.7376749, 9.0014169 ], [ 38.7347755, 9.0062517 ], [ 38.7331688, 9.0089207 ], [ 38.7328906, 9.0112949 ], [ 38.7329321, 9.0116426 ], [ 38.7338799, 9.0168248 ], [ 38.7382824, 9.0249508 ], [ 38.7388659, 9.0341421 ] ] ] } },
{ "type": "Feature", "properties": { "threshold_s": 300, "time_label": "5 min drive" }, "geometry": { "type": "Polygon", "coordinates": [ [ [ 38.7960927, 9.0209248 ], [ 38.7970364, 9.0240514 ], [ 38.799208, 9.0254482 ], [ 38.8020936, 9.0264203 ], [ 38.8055937, 9.0257918 ], [ 38.8075975, 9.0272945 ], [ 38.809383, 9.0265432 ], [ 38.8129946, 9.0250146 ], [ 38.8143496, 9.0279621 ], [ 38.8144997, 9.0290358 ], [ 38.8144722, 9.0294405 ], [ 38.8116564, 9.0325841 ], [ 38.8129082, 9.0334593 ], [ 38.8130282, 9.033534 ], [ 38.8167679, 9.0323597 ], [ 38.8201064, 9.0340822 ], [ 38.8245369, 9.0342374 ], [ 38.8279863, 9.0352506 ], [ 38.8292431, 9.0310917 ], [ 38.8305773, 9.0302009 ], [ 38.8323994, 9.0290547 ], [ 38.83358, 9.0284675 ], [ 38.8337897, 9.0245121 ], [ 38.8337666, 9.0238721 ], [ 38.8312004, 9.0234909 ], [ 38.8293744, 9.0218604 ], [ 38.8285495, 9.0210826 ], [ 38.8265759, 9.0200041 ], [ 38.8260162, 9.0169832 ], [ 38.8259322, 9.0165565 ], [ 38.8243533, 9.0146504 ], [ 38.8226905, 9.0141508 ], [ 38.8209495, 9.013644 ], [ 38.8174128, 9.0151084 ], [ 38.8149607, 9.0141972 ], [ 38.8128841, 9.0134943 ], [ 38.8125756, 9.0144427 ], [ 38.812659, 9.0157173 ], [ 38.811054, 9.0201534 ], [ 38.8096449, 9.0204194 ], [ 38.8089635, 9.0205448 ], [ 38.8055028, 9.0178143 ], [ 38.8048898, 9.0171913 ], [ 38.8030907, 9.0146854 ], [ 38.802571, 9.014448 ], [ 38.8006603, 9.0148448 ], [ 38.8007463, 9.0153373 ], [ 38.797182, 9.0184257 ], [ 38.7967567, 9.0182941 ], [ 38.7954471, 9.0178669 ], [ 38.7960927, 9.0209248 ] ] ] } },
{ "type": "Feature", "properties": { "threshold_s": 600, "time_label": "10 min drive" }, "geometry": { "type": "Polygon", "coordinates": [ [ [ 38.7752482, 9.0271537 ], [ 38.7771424, 9.0349296 ], [ 38.7795494, 9.0368103 ], [ 38.7866579, 9.0379459 ], [ 38.7884075, 9.037232 ], [ 38.788646, 9.0371199 ], [ 38.788999, 9.0366321 ], [ 38.7997189, 9.0335465 ], [ 38.8031475, 9.0364072 ], [ 38.8041703, 9.044401 ], [ 38.8111165, 9.0496857 ], [ 38.812258, 9.0504033 ], [ 38.8141581, 9.0514736 ], [ 38.8250117, 9.053549 ], [ 38.8277435, 9.0545674 ], [ 38.8283698, 9.054631 ], [ 38.8352993, 9.0528523 ], [ 38.8415927, 9.049032 ], [ 38.8441399, 9.0453328 ], [ 38.8506618, 9.0391287 ], [ 38.852754, 9.0378566 ], [ 38.8550878, 9.036132 ], [ 38.8529791, 9.0264362 ], [ 38.8500344, 9.0211574 ], [ 38.8486883, 9.0184892 ], [ 38.8466544, 9.0103372 ], [ 38.8401092, 9.0045006 ], [ 38.8398108, 9.0042449 ], [ 38.8349131, 9.0008394 ], [ 38.8282243, 8.9959768 ], [ 38.8254945, 8.9955529 ], [ 38.8147899, 8.9922479 ], [ 38.813744, 8.9920134 ], [ 38.8128091, 8.9918903 ], [ 38.8124356, 8.9918892 ], [ 38.8116711, 8.9918933 ], [ 38.8113809, 8.9918976 ], [ 38.8040898, 8.9947794 ], [ 38.7956395, 8.9945489 ], [ 38.7882698, 9.0017096 ], [ 38.7805977, 9.0074831 ], [ 38.7746289, 9.010785 ], [ 38.7745133, 9.0110996 ], [ 38.7743198, 9.0122732 ], [ 38.7739203, 9.0217859 ], [ 38.7752482, 9.0271537 ] ] ] } },
{ "type": "Feature", "properties": { "threshold_s": 900, "time_label": "15 min drive" }, "geometry": { "type": "Polygon", "coordinates": [ [ [ 38.7600057, 9.0440359 ], [ 38.7614698, 9.0465278 ], [ 38.7652991, 9.0499347 ], [ 38.7664616, 9.0508498 ], [ 38.7710611, 9.052157 ], [ 38.7795458, 9.0530105 ], [ 38.7803242, 9.0529142 ], [ 38.783424, 9.0521186 ], [ 38.7965722, 9.0568573 ], [ 38.7985679, 9.0600791 ], [ 38.8069985, 9.0664515 ], [ 38.8180608, 9.064728 ], [ 38.8304083, 9.062813 ], [ 38.8448721, 9.0682839 ], [ 38.8450371, 9.0690732 ], [ 38.8459278, 9.0684039 ], [ 38.853946, 9.0604914 ], [ 38.8543698, 9.0598689 ], [ 38.8553005, 9.0583366 ], [ 38.8611813, 9.0496817 ], [ 38.870313, 9.04973 ], [ 38.8709688, 9.0486776 ], [ 38.8683777, 9.0387989 ], [ 38.8698443, 9.0273614 ], [ 38.8728561, 9.0211404 ], [ 38.8728838, 9.0207276 ], [ 38.8722213, 9.0189084 ], [ 38.8669745, 9.0081191 ], [ 38.8661315, 9.0068727 ], [ 38.8580862, 8.9971206 ], [ 38.8522949, 8.9930413 ], [ 38.8473916, 8.9889473 ], [ 38.841754, 8.9816827 ], [ 38.8410306, 8.9806387 ], [ 38.8402788, 8.9799951 ], [ 38.8296479, 8.9770834 ], [ 38.8268535, 8.977765 ], [ 38.825469, 8.9781279 ], [ 38.8208006, 8.9803978 ], [ 38.8066972, 8.9860036 ], [ 38.8035562, 8.9852867 ], [ 38.8021619, 8.9853275 ], [ 38.7996331, 8.9854045 ], [ 38.7842988, 8.9845215 ], [ 38.7829895, 8.9840922 ], [ 38.7790937, 8.9824536 ], [ 38.7782412, 8.9822022 ], [ 38.7755492, 8.9871715 ], [ 38.7650467, 8.9975944 ], [ 38.7549917, 9.0080034 ], [ 38.7519181, 9.0117755 ], [ 38.7544893, 9.0173204 ], [ 38.7542995, 9.0292944 ], [ 38.7547358, 9.0318906 ], [ 38.7600057, 9.0440359 ] ] ] } },
{ "type": "Feature", "properties": { "threshold_s": 300, "time_label": "5 min drive" }, "geometry": { "type": "Polygon", "coordinates": [ [ [ 38.8362739, 9.023057 ], [ 38.8403907, 9.0286515 ], [ 38.8434729, 9.0310987 ], [ 38.8452595, 9.0324084 ], [ 38.8480151, 9.0340269 ], [ 38.8517428, 9.0360889 ], [ 38.8539516, 9.0363108 ], [ 38.8573497, 9.0360757 ], [ 38.8611759, 9.0314011 ], [ 38.8636881, 9.0301716 ], [ 38.8648603, 9.0291935 ], [ 38.8672354, 9.0255657 ], [ 38.8711553, 9.0240474 ], [ 38.8752516, 9.0212513 ], [ 38.8757868, 9.0208335 ], [ 38.8723236, 9.0167624 ], [ 38.8713304, 9.0158969 ], [ 38.8677607, 9.0105781 ], [ 38.8669923, 9.0096386 ], [ 38.8664386, 9.0090527 ], [ 38.8661962, 9.0089028 ], [ 38.8651561, 9.0085718 ], [ 38.8622281, 9.0077178 ], [ 38.8591442, 9.0064317 ], [ 38.8566844, 9.0016493 ], [ 38.8519741, 9.0012565 ], [ 38.8516852, 9.0012743 ], [ 38.8492897, 9.0026261 ], [ 38.8489048, 9.0030357 ], [ 38.8479872, 9.0040643 ], [ 38.8452976, 9.0070991 ], [ 38.8423073, 9.0107548 ], [ 38.840192, 9.0167638 ], [ 38.8360585, 9.0217651 ], [ 38.8362739, 9.023057 ] ] ] } },
{ "type": "Feature", "properties": { "threshold_s": 600, "time_label": "10 min drive" }, "geometry": { "type": "Polygon", "coordinates": [ [ [ 38.8252923, 9.0422627 ], [ 38.8261135, 9.0440023 ], [ 38.8273911, 9.0448397 ], [ 38.8293368, 9.0455007 ], [ 38.8296146, 9.0454394 ], [ 38.8305863, 9.0451061 ], [ 38.8311233, 9.0449014 ], [ 38.8405245, 9.0490252 ], [ 38.8419441, 9.0503506 ], [ 38.8438708, 9.050832 ], [ 38.8531565, 9.0534062 ], [ 38.8601862, 9.0500287 ], [ 38.870313, 9.04973 ], [ 38.8716368, 9.0494645 ], [ 38.8723083, 9.04933 ], [ 38.8774289, 9.0406527 ], [ 38.8821253, 9.0386812 ], [ 38.8880637, 9.0329037 ], [ 38.8903664, 9.0312348 ], [ 38.8955471, 9.0237263 ], [ 38.8953106, 9.0179035 ], [ 38.8902405, 9.0094415 ], [ 38.8883507, 9.0055421 ], [ 38.8852579, 8.9970556 ], [ 38.8826671, 8.9970868 ], [ 38.8776031, 8.9979266 ], [ 38.8735718, 8.9973809 ], [ 38.8710961, 8.9968484 ], [ 38.8659556, 8.990281 ], [ 38.8637348, 8.9880715 ], [ 38.8602668, 8.9845432 ], [ 38.8553059, 8.9802666 ], [ 38.8542273, 8.9798755 ], [ 38.8490134, 8.981737 ], [ 38.846749, 8.983246 ], [ 38.8395069, 8.9877675 ], [ 38.8381241, 8.9890226 ], [ 38.8307364, 8.9939003 ], [ 38.8258553, 9.0002553 ], [ 38.8254516, 9.0040688 ], [ 38.8206102, 9.0095273 ], [ 38.8205452, 9.0095604 ], [ 38.8186794, 9.0137801 ], [ 38.8133654, 9.0199396 ], [ 38.8147871, 9.0225069 ], [ 38.8182977, 9.0240359 ], [ 38.8193351, 9.0247139 ], [ 38.822639, 9.033331 ], [ 38.8252923, 9.0422627 ] ] ] } },
{ "type": "Feature", "properties": { "threshold_s": 900, "time_label": "15 min drive" }, "geometry": { "type": "Polygon", "coordinates": [ [ [ 38.8085872, 9.048062 ], [ 38.8061678, 9.0500234 ], [ 38.8104406, 9.0510525 ], [ 38.81529, 9.0565302 ], [ 38.8184432, 9.060704 ], [ 38.819266399999989, 9.0618158 ], [ 38.8255781, 9.06194 ], [ 38.8304083, 9.062813 ], [ 38.8371769, 9.0588359 ], [ 38.843521, 9.0630858 ], [ 38.8446374, 9.0675065 ], [ 38.8448721, 9.0682839 ], [ 38.8450371, 9.0690732 ], [ 38.848745, 9.0688438 ], [ 38.8496934, 9.0671529 ], [ 38.8500394, 9.0666967 ], [ 38.8597329, 9.0644142 ], [ 38.8612173, 9.0679129 ], [ 38.8618965, 9.0684027 ], [ 38.8637897, 9.0684627 ], [ 38.8733594, 9.0703171 ], [ 38.8747316, 9.0703526 ], [ 38.8781489, 9.068115 ], [ 38.8851718, 9.0638571 ], [ 38.8852997, 9.0623257 ], [ 38.8852031, 9.0612796 ], [ 38.8850039, 9.0590096 ], [ 38.8843806, 9.0567035 ], [ 38.8853084, 9.0482034 ], [ 38.8879287, 9.0436653 ], [ 38.8891501, 9.0421339 ], [ 38.8924666, 9.0374161 ], [ 38.8990593, 9.0337165 ], [ 38.8953325, 9.027668 ], [ 38.9002302, 9.0222733 ], [ 38.9008565, 9.0197236 ], [ 38.9004207, 9.0112823 ], [ 38.9028293, 9.006449 ], [ 38.9025959, 9.0057496 ], [ 38.9016357, 9.00318 ], [ 38.8947448, 8.9979451 ], [ 38.8945421, 8.9960927 ], [ 38.8941662, 8.9947574 ], [ 38.8939867, 8.994115 ], [ 38.8931308, 8.9911646 ], [ 38.8918967, 8.9815223 ], [ 38.8918811, 8.9813766 ], [ 38.8917196, 8.9801766 ], [ 38.8899608, 8.9782561 ], [ 38.8879055, 8.9771298 ], [ 38.886606, 8.9771047 ], [ 38.8852288, 8.9775841 ], [ 38.8845302, 8.9778742 ], [ 38.8758034, 8.9785353 ], [ 38.8726893, 8.9753044 ], [ 38.8683575, 8.973622 ], [ 38.8619397, 8.9685915 ], [ 38.8542589, 8.9723237 ], [ 38.8470313, 8.9708627 ], [ 38.8435712, 8.9726676 ], [ 38.8430645, 8.9728932 ], [ 38.8417152, 8.9739122 ], [ 38.8387037, 8.9756077 ], [ 38.8303922, 8.9744672 ], [ 38.8267913, 8.9748659 ], [ 38.8252005, 8.9754019 ], [ 38.8238774, 8.9792219 ], [ 38.8190351, 8.9862093 ], [ 38.8172293, 8.987135 ], [ 38.8127899, 8.9893411 ], [ 38.8116546, 8.9901173 ], [ 38.8104879, 8.9919189 ], [ 38.8049696, 8.9990194 ], [ 38.8030595, 9.0026741 ], [ 38.7998842, 9.0107714 ], [ 38.7984096, 9.0131613 ], [ 38.7917798, 9.0168777 ], [ 38.7914155, 9.021388 ], [ 38.7942069, 9.0257138 ], [ 38.7956376, 9.0266166 ], [ 38.797133, 9.026824 ], [ 38.8044796, 9.0290393 ], [ 38.805898, 9.0343795 ], [ 38.8097365, 9.0345983 ], [ 38.8144658, 9.0377323 ], [ 38.8133065, 9.0453999 ], [ 38.8085872, 9.048062 ] ] ] } },
{ "type": "Feature", "properties": { "threshold_s": 300, "time_label": "5 min drive" }, "geometry": { "type": "Polygon", "coordinates": [ [ [ 38.6852767, 9.0690918 ], [ 38.6848046, 9.0744871 ], [ 38.689663, 9.0762027 ], [ 38.6938391, 9.0730859 ], [ 38.6945052, 9.0723955 ], [ 38.6946523, 9.0720662 ], [ 38.698357799999989, 9.0683166 ], [ 38.6992261, 9.0679087 ], [ 38.7001384, 9.0673675 ], [ 38.7047361, 9.0671463 ], [ 38.7051867, 9.0669423 ], [ 38.7064393, 9.0656273 ], [ 38.7078967, 9.0623726 ], [ 38.7079938, 9.0620327 ], [ 38.7066177, 9.0581016 ], [ 38.7046228, 9.0561322 ], [ 38.7019271, 9.0549932 ], [ 38.6989615, 9.0537428 ], [ 38.6943398, 9.0523358 ], [ 38.6937929, 9.0502591 ], [ 38.6937608, 9.0499517 ], [ 38.693727, 9.0496195 ], [ 38.6936392, 9.04931 ], [ 38.6934752, 9.0489497 ], [ 38.6929451, 9.0483917 ], [ 38.692473, 9.0480434 ], [ 38.6910361, 9.048995 ], [ 38.6905687, 9.0493811 ], [ 38.6872937, 9.0512525 ], [ 38.684895, 9.0518267 ], [ 38.6846724, 9.0563468 ], [ 38.6847206, 9.0589202 ], [ 38.6847507, 9.0616361 ], [ 38.6847362, 9.0650724 ], [ 38.6847681, 9.0654203 ], [ 38.6848503, 9.0662366 ], [ 38.6851587, 9.0687948 ], [ 38.6852767, 9.0690918 ] ] ] } },
{ "type": "Feature", "properties": { "threshold_s": 600, "time_label": "10 min drive" }, "geometry": { "type": "Polygon", "coordinates": [ [ [ 38.6847681, 9.0654203 ], [ 38.6848046, 9.0744871 ], [ 38.689663, 9.0762027 ], [ 38.6938391, 9.0730859 ], [ 38.6945052, 9.0723955 ], [ 38.6946523, 9.0720662 ], [ 38.6947811, 9.0717378 ], [ 38.698357799999989, 9.0683166 ], [ 38.7049681, 9.0734342 ], [ 38.7040883, 9.075675 ], [ 38.7066767, 9.0720331 ], [ 38.7157707, 9.0714928 ], [ 38.7160362, 9.0719192 ], [ 38.7166478, 9.0718531 ], [ 38.7181498, 9.071257 ], [ 38.7197974, 9.0680063 ], [ 38.7196749, 9.0666974 ], [ 38.7189063, 9.0637102 ], [ 38.7207408, 9.0572075 ], [ 38.7227342, 9.0541588 ], [ 38.723872299999989, 9.0504942 ], [ 38.7223578, 9.0492368 ], [ 38.7205437, 9.048989 ], [ 38.7146596, 9.0457561 ], [ 38.714797, 9.0400876 ], [ 38.7136608, 9.0379828 ], [ 38.7133799, 9.037887 ], [ 38.7055444, 9.0332428 ], [ 38.7022577, 9.0341348 ], [ 38.6954821, 9.0329509 ], [ 38.6951821, 9.0328202 ], [ 38.6886236, 9.0334932 ], [ 38.6851704, 9.0354756 ], [ 38.6848767, 9.0356841 ], [ 38.683847, 9.036928 ], [ 38.6794643, 9.0446396 ], [ 38.6806176, 9.0455197 ], [ 38.6814183, 9.0461415 ], [ 38.6848922, 9.0525543 ], [ 38.6848619, 9.0553593 ], [ 38.684765, 9.0559001 ], [ 38.6846724, 9.0563468 ], [ 38.6847206, 9.0589202 ], [ 38.684761, 9.0605151 ], [ 38.6847507, 9.0616361 ], [ 38.6847578, 9.0622835 ], [ 38.6847362, 9.0650724 ], [ 38.6847681, 9.0654203 ] ] ] } },
{ "type": "Feature", "properties": { "threshold_s": 900, "time_label": "15 min drive" }, "geometry": { "type": "Polygon", "coordinates": [ [ [ 38.6847681, 9.0654203 ], [ 38.6848046, 9.0744871 ], [ 38.689663, 9.0762027 ], [ 38.6938391, 9.0730859 ], [ 38.7040883, 9.075675 ], [ 38.7066767, 9.0720331 ], [ 38.7160362, 9.0719192 ], [ 38.7182799, 9.0763662 ], [ 38.7190591, 9.077488 ], [ 38.7212082, 9.0809212 ], [ 38.7107912, 9.0885365 ], [ 38.7222228, 9.0847868 ], [ 38.7255473, 9.0871632 ], [ 38.7265894, 9.0880836 ], [ 38.7278259, 9.0858894 ], [ 38.7287586, 9.0812933 ], [ 38.7344236, 9.0709081 ], [ 38.7394431, 9.0645151 ], [ 38.7398408, 9.0640486 ], [ 38.7411809, 9.0614244 ], [ 38.742959, 9.0532693 ], [ 38.7425284, 9.0477149 ], [ 38.7423229, 9.0387797 ], [ 38.7382503, 9.0365404 ], [ 38.7304831, 9.0304749 ], [ 38.7300655, 9.0300839 ], [ 38.7242076, 9.0244733 ], [ 38.7181324, 9.016575 ], [ 38.7075126, 9.0185446 ], [ 38.6998129, 9.0177766 ], [ 38.6962683, 9.0168785 ], [ 38.6938591, 9.0165166 ], [ 38.6816436, 9.0159023 ], [ 38.6798773, 9.0175669 ], [ 38.6715783, 9.0253301 ], [ 38.6714859, 9.0304482 ], [ 38.6722357, 9.035704 ], [ 38.6746724, 9.0409686 ], [ 38.676438, 9.042549 ], [ 38.6794643, 9.0446396 ], [ 38.6806176, 9.0455197 ], [ 38.6846724, 9.0563468 ], [ 38.6847206, 9.0589202 ], [ 38.684761, 9.0605151 ], [ 38.6847507, 9.0616361 ], [ 38.6847578, 9.0622835 ], [ 38.6847362, 9.0650724 ], [ 38.6847681, 9.0654203 ] ] ] } },
{ "type": "Feature", "properties": { "threshold_s": 300, "time_label": "5 min drive" }, "geometry": { "type": "Polygon", "coordinates": [ [ [ 38.8542729, 9.0231272 ], [ 38.8571526, 9.0279825 ], [ 38.8611759, 9.0314011 ], [ 38.8636881, 9.0301716 ], [ 38.8648603, 9.0291935 ], [ 38.8684198, 9.0290747 ], [ 38.8699011, 9.0331262 ], [ 38.8719335, 9.0373811 ], [ 38.8732755, 9.0386488 ], [ 38.8741629, 9.0394127 ], [ 38.8777715, 9.0398857 ], [ 38.8803497, 9.0370691 ], [ 38.8845447, 9.0336838 ], [ 38.8882978, 9.0298713 ], [ 38.8883024, 9.0293289 ], [ 38.8904653, 9.0244195 ], [ 38.8915828, 9.0241442 ], [ 38.8923896, 9.0232173 ], [ 38.8944717, 9.0201679 ], [ 38.892593, 9.0187022 ], [ 38.891462, 9.0178719 ], [ 38.8907373, 9.0178612 ], [ 38.8906634, 9.0178602 ], [ 38.8855438, 9.0154758 ], [ 38.8850811, 9.0130612 ], [ 38.8850949, 9.0125743 ], [ 38.8850894, 9.0113146 ], [ 38.8850489, 9.0106787 ], [ 38.8850409, 9.0106075 ], [ 38.8820492, 9.0082037 ], [ 38.8772155, 9.0051419 ], [ 38.8770401, 9.0050606 ], [ 38.8758087, 9.0071199 ], [ 38.8700286, 9.0064199 ], [ 38.8702878, 9.0045169 ], [ 38.8678579, 9.004212 ], [ 38.8667358, 9.0044783 ], [ 38.8638241, 9.0055364 ], [ 38.8617346, 9.009599 ], [ 38.8616097, 9.0100496 ], [ 38.8616108, 9.0101591 ], [ 38.8606237, 9.0149826 ], [ 38.8595053, 9.0170777 ], [ 38.855161, 9.0208735 ], [ 38.8529208, 9.0211669 ], [ 38.8519422, 9.0214473 ], [ 38.8542729, 9.0231272 ] ] ] } },
{ "type": "Feature", "properties": { "threshold_s": 600, "time_label": "10 min drive" }, "geometry": { "type": "Polygon", "coordinates": [ [ [ 38.8443012, 9.0403293 ], [ 38.8471529, 9.0440157 ], [ 38.8481025, 9.044814 ], [ 38.851137799999989, 9.0456661 ], [ 38.857528, 9.0484975 ], [ 38.8592903, 9.0492778 ], [ 38.8597342, 9.0493996 ], [ 38.8611813, 9.0496817 ], [ 38.8659955, 9.0479541 ], [ 38.8716953, 9.0526346 ], [ 38.8714206, 9.0564693 ], [ 38.8760152, 9.059212 ], [ 38.881297, 9.0608436 ], [ 38.8813689, 9.0599391 ], [ 38.881856, 9.0508919 ], [ 38.8847783, 9.0489287 ], [ 38.8849151, 9.0488107 ], [ 38.8850064, 9.0486798 ], [ 38.8851867, 9.0484094 ], [ 38.8853084, 9.0482034 ], [ 38.8891501, 9.0421339 ], [ 38.8924666, 9.0374161 ], [ 38.8990593, 9.0337165 ], [ 38.8953325, 9.027668 ], [ 38.9002302, 9.0222733 ], [ 38.9008565, 9.0197236 ], [ 38.9004207, 9.0112823 ], [ 38.9028293, 9.006449 ], [ 38.9025959, 9.0057496 ], [ 38.9016357, 9.00318 ], [ 38.8946532, 8.9977653 ], [ 38.8916268, 8.9948538 ], [ 38.8843801, 8.9888615 ], [ 38.8840324, 8.9889113 ], [ 38.8810585, 8.9896736 ], [ 38.8758785, 8.9921645 ], [ 38.8753474, 8.9924335 ], [ 38.8710961, 8.9968484 ], [ 38.8648398, 8.9950496 ], [ 38.8612711, 8.9935263 ], [ 38.8558432, 8.9890012 ], [ 38.8494268, 8.9940868 ], [ 38.8482853, 8.9951737 ], [ 38.8463419, 8.9972276 ], [ 38.8426452, 9.0017116 ], [ 38.8426452, 9.0020958 ], [ 38.8396092, 9.010981 ], [ 38.8378873, 9.012835 ], [ 38.8372292, 9.0136215 ], [ 38.8337107, 9.0218852 ], [ 38.8313044, 9.0245723 ], [ 38.8312693, 9.0246349 ], [ 38.8353857, 9.0307335 ], [ 38.8367577, 9.033102 ], [ 38.8427277, 9.0382353 ], [ 38.8443012, 9.0403293 ] ] ] } },
{ "type": "Feature", "properties": { "threshold_s": 900, "time_label": "15 min drive" }, "geometry": { "type": "Polygon", "coordinates": [ [ [ 38.8210393, 9.0437086 ], [ 38.8231803, 9.0462342 ], [ 38.827152, 9.0501811 ], [ 38.8332729, 9.0541741 ], [ 38.8436732, 9.0614979 ], [ 38.8445261, 9.0614092 ], [ 38.8534793, 9.0604848 ], [ 38.8612173, 9.0679129 ], [ 38.8652556, 9.0713391 ], [ 38.8740358, 9.0754101 ], [ 38.878629599999989, 9.0797325 ], [ 38.8791772, 9.0796541 ], [ 38.882759, 9.0736045 ], [ 38.8837609, 9.0705344 ], [ 38.8847653, 9.0665697 ], [ 38.8851718, 9.0638571 ], [ 38.8852997, 9.0623257 ], [ 38.885408, 9.0601564 ], [ 38.885576, 9.0574365 ], [ 38.8855746, 9.0542708 ], [ 38.8858157, 9.0510063 ], [ 38.8891501, 9.0421339 ], [ 38.8990593, 9.0337165 ], [ 38.9002302, 9.0222733 ], [ 38.9008565, 9.0197236 ], [ 38.9028293, 9.006449 ], [ 38.9025959, 9.0057496 ], [ 38.9023653, 8.9955715 ], [ 38.9043886, 8.9908277 ], [ 38.905657, 8.9885185 ], [ 38.9051987, 8.9870392 ], [ 38.8962032, 8.979302 ], [ 38.8968989, 8.9759151 ], [ 38.8942999, 8.9723278 ], [ 38.8924418, 8.9712768 ], [ 38.8846413, 8.9671894 ], [ 38.8836824, 8.9672 ], [ 38.8769052, 8.9712658 ], [ 38.8726893, 8.9753044 ], [ 38.8632211, 8.9748911 ], [ 38.8542589, 8.9723237 ], [ 38.8539979, 8.9723627 ], [ 38.8431447, 8.9802188 ], [ 38.8344786, 8.9850665 ], [ 38.828459, 8.9867431 ], [ 38.8274512, 8.9875774 ], [ 38.8249587, 8.9916758 ], [ 38.8234516, 8.9981986 ], [ 38.8179307, 9.0048357 ], [ 38.8167505, 9.0065749 ], [ 38.815654, 9.0083153 ], [ 38.8152062, 9.0100285 ], [ 38.8078818, 9.0205801 ], [ 38.8093463, 9.0220663 ], [ 38.8129946, 9.0250146 ], [ 38.8191119, 9.0357024 ], [ 38.8194678, 9.0374917 ], [ 38.8197647, 9.0384733 ], [ 38.8210393, 9.0437086 ] ] ] } },
{ "type": "Feature", "properties": { "threshold_s": 300, "time_label": "5 min drive" }, "geometry": { "type": "Polygon", "coordinates": [ [ [ 38.7611244, 9.0293966 ], [ 38.763464, 9.0326464 ], [ 38.7663647, 9.032801 ], [ 38.7675585, 9.0358251 ], [ 38.7694764, 9.0373855 ], [ 38.7734143, 9.0388789 ], [ 38.7772388, 9.038123 ], [ 38.7780224, 9.0381513 ], [ 38.7784962, 9.0381963 ], [ 38.7791536, 9.0381632 ], [ 38.7799358, 9.0345924 ], [ 38.7804737, 9.033912 ], [ 38.7847393, 9.0337449 ], [ 38.785141, 9.0334743 ], [ 38.7867588, 9.0301967 ], [ 38.7895501, 9.0295027 ], [ 38.7905778, 9.0297413 ], [ 38.7916626, 9.0285942 ], [ 38.7926964, 9.0264009 ], [ 38.7924283, 9.0251427 ], [ 38.7948623, 9.021823 ], [ 38.7958715, 9.0208691 ], [ 38.7948915, 9.0201822 ], [ 38.7926043, 9.0182931 ], [ 38.7917798, 9.0168777 ], [ 38.7904882, 9.0158742 ], [ 38.7882279, 9.0132665 ], [ 38.7878286, 9.0118477 ], [ 38.7859647, 9.0127606 ], [ 38.782751, 9.0114268 ], [ 38.7811817, 9.009175 ], [ 38.7793008, 9.0087445 ], [ 38.778296, 9.0051979 ], [ 38.7782481, 9.0051158 ], [ 38.7775795, 9.0043913 ], [ 38.7767098, 9.0045986 ], [ 38.7761237, 9.004792 ], [ 38.773414, 9.0061278 ], [ 38.7706413, 9.0092666 ], [ 38.7705514, 9.0092813 ], [ 38.7672577, 9.0104737 ], [ 38.7636057, 9.0109899 ], [ 38.7627136, 9.0143638 ], [ 38.7623398, 9.017288 ], [ 38.7606025, 9.0183832 ], [ 38.7603349, 9.0184885 ], [ 38.7603636, 9.0186068 ], [ 38.7633195, 9.0193691 ], [ 38.7645123, 9.0221623 ], [ 38.7650922, 9.0223314 ], [ 38.7673037, 9.0253571 ], [ 38.7664952, 9.0274613 ], [ 38.7633917, 9.0291295 ], [ 38.7611664, 9.0293214 ], [ 38.7611244, 9.0293966 ] ] ] } },
{ "type": "Feature", "properties": { "threshold_s": 600, "time_label": "10 min drive" }, "geometry": { "type": "Polygon", "coordinates": [ [ [ 38.7460287, 9.0423927 ], [ 38.7483059, 9.0449257 ], [ 38.7536851, 9.0492766 ], [ 38.7542311, 9.0499549 ], [ 38.7573345, 9.0528887 ], [ 38.7584018, 9.0533192 ], [ 38.7621709, 9.053994 ], [ 38.7677326, 9.0562897 ], [ 38.7732366, 9.0571025 ], [ 38.7775886, 9.0569537 ], [ 38.7813867, 9.0571314 ], [ 38.786404, 9.0539052 ], [ 38.792129, 9.0494167 ], [ 38.7906995, 9.0454025 ], [ 38.7918929, 9.0415089 ], [ 38.7898711, 9.0353037 ], [ 38.7947311, 9.0312946 ], [ 38.7997189, 9.0335465 ], [ 38.8042312, 9.0365115 ], [ 38.8081541, 9.0338291 ], [ 38.8116564, 9.0325841 ], [ 38.809383, 9.0265432 ], [ 38.81506, 9.0219887 ], [ 38.8151143, 9.0219123 ], [ 38.8171751, 9.0194641 ], [ 38.8171611, 9.0191599 ], [ 38.812003, 9.0146785 ], [ 38.8122518, 9.0124888 ], [ 38.8122967, 9.0119373 ], [ 38.8123052, 9.0114074 ], [ 38.8107187, 9.0075809 ], [ 38.8105954, 9.007522 ], [ 38.8102325, 9.0073943 ], [ 38.8070616, 9.0064311 ], [ 38.8036877, 9.0002622 ], [ 38.8034868, 9.0000001 ], [ 38.8002204, 8.9990832 ], [ 38.7952264, 8.9934812 ], [ 38.7949535, 8.9927309 ], [ 38.7948242, 8.9923398 ], [ 38.7942992, 8.9887271 ], [ 38.7916591, 8.9890332 ], [ 38.7848684, 8.9861044 ], [ 38.7795407, 8.9848849 ], [ 38.7749007, 8.9846708 ], [ 38.7690569, 8.9864664 ], [ 38.7647662, 8.9896255 ], [ 38.7617313, 8.9913884 ], [ 38.760814, 8.9921772 ], [ 38.7562131, 8.9949711 ], [ 38.7537851, 8.9956625 ], [ 38.748930799999989, 8.9998262 ], [ 38.7467176, 9.0045045 ], [ 38.7432431, 9.0074962 ], [ 38.7390854, 9.0126496 ], [ 38.7367647, 9.0164284 ], [ 38.7367628, 9.0165193 ], [ 38.737064, 9.0170587 ], [ 38.7398328, 9.0227395 ], [ 38.7414596, 9.0288964 ], [ 38.7413187, 9.0321096 ], [ 38.7415025, 9.0344947 ], [ 38.7434531, 9.038981 ], [ 38.7447332, 9.040759 ], [ 38.7460287, 9.0423927 ] ] ] } },
{ "type": "Feature", "properties": { "threshold_s": 900, "time_label": "15 min drive" }, "geometry": { "type": "Polygon", "coordinates": [ [ [ 38.7292111, 9.05423 ], [ 38.7349275, 9.0625017 ], [ 38.74749, 9.0692545 ], [ 38.7551147, 9.072882 ], [ 38.7603186, 9.074817 ], [ 38.76155, 9.0748989 ], [ 38.7744675, 9.0748804 ], [ 38.7769619, 9.0750951 ], [ 38.7827689, 9.0753935 ], [ 38.7930049, 9.0729548 ], [ 38.7936787, 9.0720771 ], [ 38.8022129, 9.060408 ], [ 38.8101988, 9.0532069 ], [ 38.815809, 9.0492235 ], [ 38.8244997, 9.0463006 ], [ 38.8272199, 9.0453962 ], [ 38.8306918, 9.0428053 ], [ 38.835766, 9.029362 ], [ 38.8392593, 9.0214433 ], [ 38.8365469, 9.0105999 ], [ 38.8360342, 9.0100916 ], [ 38.8316254, 9.0055647 ], [ 38.8267846, 8.9937998 ], [ 38.81948950000001, 8.9876739 ], [ 38.8186485, 8.9871878 ], [ 38.8172293, 8.987135 ], [ 38.8066972, 8.9860036 ], [ 38.8035562, 8.9852867 ], [ 38.8021619, 8.9853275 ], [ 38.7996331, 8.9854045 ], [ 38.7971379, 8.9861223 ], [ 38.7899075, 8.9859732 ], [ 38.7880106, 8.9854871 ], [ 38.7777914, 8.9763594 ], [ 38.7784204, 8.9681007 ], [ 38.7767244, 8.9667629 ], [ 38.7748485, 8.9657708 ], [ 38.7613593, 8.9707294 ], [ 38.7570116, 8.9719198 ], [ 38.7552445, 8.9725333 ], [ 38.7466216, 8.976282 ], [ 38.7438287, 8.9779165 ], [ 38.7387747, 8.9814628 ], [ 38.737333, 8.9829332 ], [ 38.7334344, 8.9873191 ], [ 38.7286778, 8.9951034 ], [ 38.728349, 8.997969 ], [ 38.7201735, 9.0095651 ], [ 38.7196137, 9.0097611 ], [ 38.7194323, 9.0098246 ], [ 38.7164264, 9.0211177 ], [ 38.7171121, 9.0223881 ], [ 38.7203707, 9.0350718 ], [ 38.7203447, 9.0372676 ], [ 38.723537, 9.0461376 ], [ 38.7243229, 9.0475746 ], [ 38.7255087, 9.0494864 ], [ 38.7292111, 9.05423 ] ] ] } },
{ "type": "Feature", "properties": { "threshold_s": 300, "time_label": "5 min drive" }, "geometry": { "type": "Polygon", "coordinates": [ [ [ 38.7712012, 9.0155134 ], [ 38.7720021, 9.0165267 ], [ 38.7727337, 9.0165182 ], [ 38.7741335, 9.0152535 ], [ 38.776373, 9.0129175 ], [ 38.7792254, 9.0132141 ], [ 38.7793668, 9.0132882 ], [ 38.7813904, 9.0177361 ], [ 38.7814661, 9.0180388 ], [ 38.7814834, 9.0181062 ], [ 38.7815692, 9.0184746 ], [ 38.7821863, 9.0204951 ], [ 38.7822623, 9.0205134 ], [ 38.7823931, 9.0205435 ], [ 38.7830473, 9.0200919 ], [ 38.7868626, 9.0185753 ], [ 38.7893058, 9.018637 ], [ 38.7927188, 9.0152235 ], [ 38.7944908, 9.0146149 ], [ 38.7949421, 9.0145161 ], [ 38.7975274, 9.0125425 ], [ 38.7979901, 9.0118103 ], [ 38.7993051, 9.0096285 ], [ 38.8004418, 9.0071237 ], [ 38.8016061, 9.0039712 ], [ 38.8024677, 9.0009613 ], [ 38.7999904, 9.0004819 ], [ 38.7965052, 8.9969379 ], [ 38.797957, 8.9920335 ], [ 38.7976136, 8.9913002 ], [ 38.7962973, 8.9896849 ], [ 38.7942992, 8.9887271 ], [ 38.791375, 8.9871117 ], [ 38.789819799999989, 8.986366 ], [ 38.7888132, 8.9859297 ], [ 38.7879749, 8.9856538 ], [ 38.7855757, 8.9849273 ], [ 38.7808178, 8.9850623 ], [ 38.7803636, 8.9851876 ], [ 38.7756031, 8.9871261 ], [ 38.7755492, 8.9871715 ], [ 38.7750361, 8.9888151 ], [ 38.7725376, 8.9931435 ], [ 38.7722057, 8.9941153 ], [ 38.7715868, 8.9980293 ], [ 38.7699423, 8.9998955 ], [ 38.7671183, 9.0031016 ], [ 38.7674794, 9.0056217 ], [ 38.7688528, 9.0085028 ], [ 38.768797, 9.0113452 ], [ 38.7712012, 9.0155134 ] ] ] } },
{ "type": "Feature", "properties": { "threshold_s": 600, "time_label": "10 min drive" }, "geometry": { "type": "Polygon", "coordinates": [ [ [ 38.7487686, 9.0189104 ], [ 38.7506625, 9.0213053 ], [ 38.7563832, 9.0245716 ], [ 38.76209, 9.029884 ], [ 38.76348, 9.0308291 ], [ 38.771258, 9.0349868 ], [ 38.7722643, 9.0352881 ], [ 38.7779067, 9.0359559 ], [ 38.7866579, 9.0379459 ], [ 38.7894697, 9.0358202 ], [ 38.8011234, 9.0303124 ], [ 38.8045819, 9.0289723 ], [ 38.8130429, 9.0212578 ], [ 38.8183136, 9.0119977 ], [ 38.8202605, 9.0035513 ], [ 38.8211861, 8.9975078 ], [ 38.821032, 8.9947257 ], [ 38.819135, 8.98891 ], [ 38.8175372, 8.9873423 ], [ 38.8172293, 8.987135 ], [ 38.8066972, 8.9860036 ], [ 38.8035562, 8.9852867 ], [ 38.8021619, 8.9853275 ], [ 38.7996331, 8.9854045 ], [ 38.7899075, 8.9859732 ], [ 38.7880106, 8.9854871 ], [ 38.7777914, 8.9763594 ], [ 38.7770659, 8.9681153 ], [ 38.7751652, 8.9671492 ], [ 38.7655318, 8.9710292 ], [ 38.7618748, 8.9727921 ], [ 38.7556243, 8.9824778 ], [ 38.7511804, 8.9924779 ], [ 38.7499626, 8.9956028 ], [ 38.7500717, 9.0048308 ], [ 38.7461556, 9.0104021 ], [ 38.7461356, 9.0106348 ], [ 38.7461279, 9.0114923 ], [ 38.7467143, 9.0149585 ], [ 38.7487686, 9.0189104 ] ] ] } },
{ "type": "Feature", "properties": { "threshold_s": 900, "time_label": "15 min drive" }, "geometry": { "type": "Polygon", "coordinates": [ [ [ 38.7263927, 9.0190412 ], [ 38.7357049, 9.0343764 ], [ 38.7483059, 9.0449257 ], [ 38.7540891, 9.0496979 ], [ 38.7588099, 9.0529624 ], [ 38.7623264, 9.053653 ], [ 38.7731861, 9.0546946 ], [ 38.7801804, 9.0543885 ], [ 38.7806415, 9.0543659 ], [ 38.792129, 9.0494167 ], [ 38.7967241, 9.0428703 ], [ 38.8042312, 9.0365115 ], [ 38.8174096, 9.0417458 ], [ 38.8175591, 9.0417795 ], [ 38.8229284, 9.0388169 ], [ 38.82487, 9.0376093 ], [ 38.83358, 9.0284675 ], [ 38.8368236, 9.0215274 ], [ 38.8366805, 9.0077965 ], [ 38.8357432, 8.9980009 ], [ 38.8393218, 8.9883791 ], [ 38.8382615, 8.9855301 ], [ 38.8377669, 8.9842562 ], [ 38.8300543, 8.9713237 ], [ 38.8289182, 8.9663006 ], [ 38.8271273, 8.9664541 ], [ 38.8229629, 8.9668673 ], [ 38.8213746, 8.9677801 ], [ 38.8180051, 8.9696678 ], [ 38.8169054, 8.9714992 ], [ 38.8168311, 8.9739661 ], [ 38.8035562, 8.9852867 ], [ 38.8021619, 8.9853275 ], [ 38.7919347, 8.9698281 ], [ 38.795565, 8.9657542 ], [ 38.7955974, 8.9649391 ], [ 38.7955637, 8.9646061 ], [ 38.7955027, 8.9639457 ], [ 38.79308420000001, 8.9588075 ], [ 38.7926784, 8.9579998 ], [ 38.7896374, 8.9562338 ], [ 38.786623, 8.9551456 ], [ 38.7842274, 8.9543531 ], [ 38.7688543, 8.9481925 ], [ 38.7622293, 8.9528058 ], [ 38.7506475, 8.9614466 ], [ 38.7405424, 8.9714839 ], [ 38.7367037, 8.9803676 ], [ 38.7325734, 8.9896107 ], [ 38.7284978, 9.0065722 ], [ 38.7253784, 9.0132798 ], [ 38.7263927, 9.0190412 ] ] ] } },
{ "type": "Feature", "properties": { "threshold_s": 300, "time_label": "5 min drive" }, "geometry": { "type": "Polygon", "coordinates": [ [ [ 38.7817441, 9.0315324 ], [ 38.7821375, 9.0323922 ], [ 38.7847393, 9.0337449 ], [ 38.7849919, 9.0335688 ], [ 38.7894697, 9.0358202 ], [ 38.7898711, 9.0353037 ], [ 38.7913411, 9.0328014 ], [ 38.7933345, 9.0314512 ], [ 38.7947311, 9.0312946 ], [ 38.7968678, 9.0306899 ], [ 38.7970595, 9.0306542 ], [ 38.7978825, 9.0305589 ], [ 38.7988474, 9.0307862 ], [ 38.7997189, 9.0335465 ], [ 38.8005564, 9.0303732 ], [ 38.8011234, 9.0303124 ], [ 38.8022468, 9.0290022 ], [ 38.8048161, 9.0292985 ], [ 38.808201, 9.0306966 ], [ 38.8055684, 9.0283197 ], [ 38.8080317, 9.0267738 ], [ 38.8082555, 9.0263566 ], [ 38.8102636, 9.0243078 ], [ 38.8106941, 9.0237117 ], [ 38.8113499, 9.0229316 ], [ 38.8134627, 9.0213571 ], [ 38.8133688, 9.0197109 ], [ 38.8107899, 9.0186719 ], [ 38.8108409, 9.0176114 ], [ 38.8110989, 9.0165559 ], [ 38.8108201, 9.0148705 ], [ 38.8117229, 9.0129526 ], [ 38.8102475, 9.0114704 ], [ 38.8096299, 9.0091688 ], [ 38.8082911, 9.0086203 ], [ 38.8059445, 9.0070212 ], [ 38.8056402, 9.0071786 ], [ 38.805089, 9.0074997 ], [ 38.8021486, 9.0062351 ], [ 38.801541, 9.0052635 ], [ 38.7987573, 9.0041948 ], [ 38.7961247, 9.0032722 ], [ 38.7936953, 9.0050935 ], [ 38.7917389, 9.0056483 ], [ 38.7894154, 9.0053172 ], [ 38.7892102, 9.0054675 ], [ 38.7873394, 9.0074464 ], [ 38.7855299, 9.0086168 ], [ 38.7839933, 9.0093829 ], [ 38.7829445, 9.010364 ], [ 38.7820902, 9.0117878 ], [ 38.7802996, 9.0139608 ], [ 38.7794376, 9.0144829 ], [ 38.7790322, 9.0148252 ], [ 38.7807383, 9.0166185 ], [ 38.7813904, 9.0177361 ], [ 38.7800908, 9.0202484 ], [ 38.7803991, 9.020821 ], [ 38.7805245, 9.0220573 ], [ 38.7774773, 9.0226485 ], [ 38.7764838, 9.0227621 ], [ 38.7754273, 9.0227795 ], [ 38.7764432, 9.0256874 ], [ 38.77690290000001, 9.0259574 ], [ 38.7778281, 9.0263133 ], [ 38.7794175, 9.0282491 ], [ 38.7797265, 9.0285 ], [ 38.7814889, 9.0295103 ], [ 38.7817441, 9.0315324 ] ] ] } },
{ "type": "Feature", "properties": { "threshold_s": 600, "time_label": "10 min drive" }, "geometry": { "type": "Polygon", "coordinates": [ [ [ 38.7630674, 9.0433818 ], [ 38.7673458, 9.0478868 ], [ 38.7720477, 9.0473428 ], [ 38.7779641, 9.0485114 ], [ 38.7803797, 9.0490786 ], [ 38.7830713, 9.0491877 ], [ 38.7892183, 9.0480524 ], [ 38.7967241, 9.0428703 ], [ 38.8041703, 9.044401 ], [ 38.8069644, 9.0447637 ], [ 38.8149763, 9.0460166 ], [ 38.8179354, 9.0457465 ], [ 38.8235377, 9.0431763 ], [ 38.8252923, 9.0422627 ], [ 38.828339, 9.0398697 ], [ 38.8288562, 9.0386671 ], [ 38.8288055, 9.0378799 ], [ 38.8323769, 9.0295743 ], [ 38.8343351, 9.0287157 ], [ 38.8368236, 9.0215274 ], [ 38.8367977, 9.0208988 ], [ 38.8353683, 9.0113968 ], [ 38.8303265, 9.0044892 ], [ 38.8279025, 9.0020402 ], [ 38.8236478, 8.9950741 ], [ 38.822824, 8.994281 ], [ 38.8225064, 8.9940349 ], [ 38.8156034, 8.9899318 ], [ 38.8076053, 8.9881615 ], [ 38.8048106, 8.9875098 ], [ 38.8031275, 8.9878298 ], [ 38.7942992, 8.9887271 ], [ 38.7920318, 8.9875297 ], [ 38.791375, 8.9871117 ], [ 38.789819799999989, 8.986366 ], [ 38.7840738, 8.987376 ], [ 38.7779312, 8.9897209 ], [ 38.7726755, 8.9962277 ], [ 38.7683732, 8.9987024 ], [ 38.7664868, 9.001327 ], [ 38.7614091, 9.0067937 ], [ 38.7588742, 9.0086394 ], [ 38.7576903, 9.0118964 ], [ 38.7570594, 9.0187168 ], [ 38.75534, 9.028952 ], [ 38.7559373, 9.0307996 ], [ 38.7585036, 9.0357844 ], [ 38.7630674, 9.0433818 ] ] ] } },
{ "type": "Feature", "properties": { "threshold_s": 900, "time_label": "15 min drive" }, "geometry": { "type": "Polygon", "coordinates": [ [ [ 38.7419765, 9.0475368 ], [ 38.7471867, 9.0540643 ], [ 38.7479907, 9.0547749 ], [ 38.7490278, 9.0556322 ], [ 38.7561513, 9.0613496 ], [ 38.7611437, 9.0638717 ], [ 38.7643866, 9.0651235 ], [ 38.772565299999989, 9.0669132 ], [ 38.7764986, 9.0674535 ], [ 38.7903043, 9.0653399 ], [ 38.8028473, 9.0628395 ], [ 38.8067365, 9.0644062 ], [ 38.808213, 9.0647413 ], [ 38.8096212, 9.0645625 ], [ 38.811484, 9.0642857 ], [ 38.8256621, 9.0612264 ], [ 38.8304794, 9.0594756 ], [ 38.832145, 9.0587657 ], [ 38.8385418, 9.0535897 ], [ 38.8429941, 9.0481321 ], [ 38.852754, 9.0378566 ], [ 38.8550878, 9.036132 ], [ 38.8542502, 9.0254448 ], [ 38.8587926, 9.0204773 ], [ 38.8575857, 9.0097412 ], [ 38.8573008, 9.0091066 ], [ 38.8520229, 9.0038196 ], [ 38.8508003, 9.0025363 ], [ 38.8492016, 9.001935 ], [ 38.8432194, 8.9894626 ], [ 38.8426673, 8.9877079 ], [ 38.8418466, 8.9843307 ], [ 38.8409653, 8.9806 ], [ 38.8395883, 8.9799969 ], [ 38.8267887, 8.9755482 ], [ 38.825117, 8.9752283 ], [ 38.8248923, 8.9754064 ], [ 38.8232755, 8.9774733 ], [ 38.8208006, 8.9803978 ], [ 38.8079529, 8.9863615 ], [ 38.8066972, 8.9860036 ], [ 38.8035562, 8.9852867 ], [ 38.8021619, 8.9853275 ], [ 38.7996331, 8.9854045 ], [ 38.7899075, 8.9859732 ], [ 38.7880106, 8.9854871 ], [ 38.7777914, 8.9763594 ], [ 38.7759295, 8.9724099 ], [ 38.7755072, 8.9716351 ], [ 38.7752672, 8.9716781 ], [ 38.7654038, 8.974453 ], [ 38.7606946, 8.9807142 ], [ 38.7503111, 8.9898229 ], [ 38.7449813, 8.9932408 ], [ 38.7405517, 9.0016754 ], [ 38.7340052, 9.0117332 ], [ 38.7339308, 9.0164814 ], [ 38.7359638, 9.0260384 ], [ 38.7341834, 9.0342732 ], [ 38.7372337, 9.0414067 ], [ 38.7419765, 9.0475368 ] ] ] } },
{ "type": "Feature", "properties": { "threshold_s": 300, "time_label": "5 min drive" }, "geometry": { "type": "Polygon", "coordinates": [ [ [ 38.8439951, 9.0051596 ], [ 38.8444671, 9.0056794 ], [ 38.847947, 9.0086732 ], [ 38.848846, 9.0094869 ], [ 38.8522777, 9.0125539 ], [ 38.8564072, 9.0104695 ], [ 38.8573163, 9.009718 ], [ 38.8579933, 9.0090749 ], [ 38.8591367, 9.0077715 ], [ 38.8635111, 9.0066908 ], [ 38.8644617, 9.0082 ], [ 38.8647452, 9.0092696 ], [ 38.8647634, 9.0096121 ], [ 38.8656279, 9.0116469 ], [ 38.865694499999989, 9.0116673 ], [ 38.8661167, 9.0116427 ], [ 38.8706464, 9.0110419 ], [ 38.8711889, 9.0098478 ], [ 38.8713323, 9.0095056 ], [ 38.8717945, 9.0082467 ], [ 38.8707467, 9.0044099 ], [ 38.8697265, 9.0004405 ], [ 38.8685319, 8.9965702 ], [ 38.8683298, 8.9954969 ], [ 38.8658631, 8.9953807 ], [ 38.8647621, 8.9947766 ], [ 38.8638084, 8.9931033 ], [ 38.8659556, 8.990281 ], [ 38.8636013, 8.9870832 ], [ 38.8635577, 8.9853758 ], [ 38.8634779, 8.9846274 ], [ 38.8627614, 8.983308 ], [ 38.8616093, 8.9828706 ], [ 38.8598227, 8.9823993 ], [ 38.8556372, 8.9814877 ], [ 38.8547805, 8.980938 ], [ 38.8544131, 8.9807901 ], [ 38.8539749, 8.9806502 ], [ 38.8531387, 8.9814234 ], [ 38.8509775, 8.9835607 ], [ 38.8486956, 8.9856487 ], [ 38.8464788, 8.9871522 ], [ 38.8436814, 8.9895324 ], [ 38.8422161, 8.9906117 ], [ 38.8421718, 8.9933004 ], [ 38.8427056, 8.9952715 ], [ 38.8417683, 8.9983783 ], [ 38.8417601, 8.9988301 ], [ 38.8417634, 8.9991963 ], [ 38.8420873, 9.0009606 ], [ 38.842725, 9.002972 ], [ 38.8439951, 9.0051596 ] ] ] } },
{ "type": "Feature", "properties": { "threshold_s": 600, "time_label": "10 min drive" }, "geometry": { "type": "Polygon", "coordinates": [ [ [ 38.8291171, 9.010904 ], [ 38.8279438, 9.0162441 ], [ 38.8299657, 9.0172269 ], [ 38.8330438, 9.0186834 ], [ 38.8390236, 9.0214427 ], [ 38.8414594, 9.0241881 ], [ 38.844009, 9.0263363 ], [ 38.8459702, 9.0280977 ], [ 38.8497119, 9.0314318 ], [ 38.8524286, 9.0323386 ], [ 38.8548741, 9.0327077 ], [ 38.8580807, 9.0309077 ], [ 38.8655587, 9.0276614 ], [ 38.8686174, 9.0269972 ], [ 38.8746534, 9.0286805 ], [ 38.8758281, 9.0295949 ], [ 38.8769886, 9.0300841 ], [ 38.8779738, 9.0301076 ], [ 38.8785021, 9.0300891 ], [ 38.8795493, 9.0295689 ], [ 38.8806386, 9.0285125 ], [ 38.8832585, 9.0258469 ], [ 38.8859229, 9.0221349 ], [ 38.8859947, 9.021978 ], [ 38.8860051, 9.0216916 ], [ 38.8856837, 9.0192338 ], [ 38.8905887, 9.0125796 ], [ 38.89275210000001, 9.01058 ], [ 38.8921273, 9.0096883 ], [ 38.8901349, 9.0055407 ], [ 38.8914084, 8.9980644 ], [ 38.8914217, 8.9978731 ], [ 38.8908541, 8.9972307 ], [ 38.8853466, 8.9905724 ], [ 38.8850382, 8.9906174 ], [ 38.8840391, 8.9907287 ], [ 38.881849, 8.9924957 ], [ 38.8782602, 8.9930892 ], [ 38.8710961, 8.9968484 ], [ 38.8683298, 8.9954969 ], [ 38.8659556, 8.990281 ], [ 38.8694492, 8.9826364 ], [ 38.8775994, 8.9815828 ], [ 38.8781248, 8.9776941 ], [ 38.8776728, 8.9723689 ], [ 38.8774127, 8.9720695 ], [ 38.8757913, 8.9712919 ], [ 38.8683575, 8.973622 ], [ 38.8619397, 8.9685915 ], [ 38.8627933, 8.9648805 ], [ 38.8631319, 8.9641831 ], [ 38.8617231, 8.9654777 ], [ 38.8542589, 8.9723237 ], [ 38.8539979, 8.9723627 ], [ 38.8470313, 8.9708627 ], [ 38.8475228, 8.9742559 ], [ 38.8414, 8.9775941 ], [ 38.84109, 8.9775329 ], [ 38.8395023, 8.9789844 ], [ 38.8388063, 8.9797725 ], [ 38.8360577, 8.9830829 ], [ 38.828566, 8.9843696 ], [ 38.8263528, 8.9874959 ], [ 38.824028, 8.9918751 ], [ 38.8238706, 8.9992292 ], [ 38.8239442, 9.0011858 ], [ 38.8266224, 9.0072861 ], [ 38.8291171, 9.010904 ] ] ] } },
{ "type": "Feature", "properties": { "threshold_s": 900, "time_label": "15 min drive" }, "geometry": { "type": "Polygon", "coordinates": [ [ [ 38.8102174, 9.0215023 ], [ 38.8129946, 9.0250146 ], [ 38.8188645, 9.0286643 ], [ 38.8219205, 9.0322375 ], [ 38.8284426, 9.0383259 ], [ 38.8290707, 9.0410743 ], [ 38.8319382, 9.0415328 ], [ 38.8407137, 9.0449231 ], [ 38.8426955, 9.0469764 ], [ 38.8437764, 9.0483361 ], [ 38.8457277, 9.0501837 ], [ 38.854233, 9.0497003 ], [ 38.8611813, 9.0496817 ], [ 38.8651161, 9.047613 ], [ 38.8724271, 9.0495791 ], [ 38.8779786, 9.0518233 ], [ 38.8800174, 9.0509103 ], [ 38.880946, 9.0504166 ], [ 38.8835496, 9.0483666 ], [ 38.8850918, 9.0469878 ], [ 38.8864732, 9.0452409 ], [ 38.8886131, 9.0425281 ], [ 38.8924666, 9.0374161 ], [ 38.8930339, 9.0330507 ], [ 38.8953325, 9.027668 ], [ 38.9002302, 9.0222733 ], [ 38.9008565, 9.0197236 ], [ 38.9004207, 9.0112823 ], [ 38.9028293, 9.006449 ], [ 38.9025959, 9.0057496 ], [ 38.9016357, 9.00318 ], [ 38.9023653, 8.9955715 ], [ 38.9016116, 8.9947502 ], [ 38.8931308, 8.9911646 ], [ 38.8915171, 8.9892954 ], [ 38.8917946, 8.9821334 ], [ 38.8960601, 8.9799898 ], [ 38.8962032, 8.979302 ], [ 38.8968989, 8.9759151 ], [ 38.8929883, 8.9732485 ], [ 38.8920437, 8.9645001 ], [ 38.8915042, 8.9626249 ], [ 38.8914027, 8.9622882 ], [ 38.8871146, 8.9589864 ], [ 38.8821762, 8.9539234 ], [ 38.8772487, 8.9504704 ], [ 38.8737598, 8.9489221 ], [ 38.8662735, 8.9506035 ], [ 38.8622153, 8.9511149 ], [ 38.8599249, 8.9516508 ], [ 38.8594177, 8.9601153 ], [ 38.8594042, 8.9603425 ], [ 38.8596511, 8.9619301 ], [ 38.8617231, 8.9654777 ], [ 38.8619397, 8.9685915 ], [ 38.8542589, 8.9723237 ], [ 38.8539979, 8.9723627 ], [ 38.8470313, 8.9708627 ], [ 38.8465713, 8.9618096 ], [ 38.8466016, 8.9594007 ], [ 38.8470608, 8.9552296 ], [ 38.843523, 8.9527357 ], [ 38.841809, 8.9560099 ], [ 38.8354938, 8.959531 ], [ 38.8289182, 8.9663006 ], [ 38.8250452, 8.9671403 ], [ 38.8217528, 8.9682954 ], [ 38.8178583, 8.9717354 ], [ 38.8182654, 8.9741014 ], [ 38.8208006, 8.9803978 ], [ 38.817983, 8.985495 ], [ 38.8097735, 8.9869675 ], [ 38.8079529, 8.9863615 ], [ 38.8052069, 8.9919328 ], [ 38.8062121, 8.9959987 ], [ 38.8063582, 8.9967321 ], [ 38.806483, 9.0036926 ], [ 38.8049791, 9.0076544 ], [ 38.8074242, 9.0149396 ], [ 38.8096449, 9.0204194 ], [ 38.8102174, 9.0215023 ] ] ] } },
{ "type": "Feature", "properties": { "threshold_s": 300, "time_label": "5 min drive" }, "geometry": { "type": "Polygon", "coordinates": [ [ [ 38.7803283, 9.0233325 ], [ 38.7806577, 9.0238498 ], [ 38.7811291, 9.0235631 ], [ 38.7856655, 9.0255148 ], [ 38.7855101, 9.0259326 ], [ 38.7855547, 9.0261301 ], [ 38.7859034, 9.0269719 ], [ 38.7871475, 9.0271371 ], [ 38.7874018, 9.0264369 ], [ 38.7890079, 9.0242943 ], [ 38.7930311, 9.0240115 ], [ 38.7948623, 9.021823 ], [ 38.7972284, 9.0207265 ], [ 38.8016899, 9.0200113 ], [ 38.8019774, 9.0198821 ], [ 38.802462, 9.0194301 ], [ 38.8030901, 9.0149569 ], [ 38.8034284, 9.0138029 ], [ 38.8041047, 9.011598 ], [ 38.8065782, 9.0089915 ], [ 38.8071023, 9.0065099 ], [ 38.8075008, 9.0044075 ], [ 38.8088088, 9.0004855 ], [ 38.8078462, 8.9964692 ], [ 38.8075995, 8.9959874 ], [ 38.8072592, 8.9956986 ], [ 38.8050545, 8.995391 ], [ 38.8044103, 8.9953973 ], [ 38.8026126, 8.9969332 ], [ 38.8004776, 8.9984045 ], [ 38.7965052, 8.9969379 ], [ 38.7956395, 8.9945489 ], [ 38.7952264, 8.9934812 ], [ 38.7949535, 8.9927309 ], [ 38.7948242, 8.9923398 ], [ 38.7938117, 8.9895998 ], [ 38.7937429, 8.9895272 ], [ 38.7931372, 8.9893507 ], [ 38.788588, 8.989031 ], [ 38.78467, 8.9891226 ], [ 38.7808029, 8.9921666 ], [ 38.7784264, 8.9944714 ], [ 38.7777683, 8.9954023 ], [ 38.777362, 8.9984848 ], [ 38.7779966, 8.9994625 ], [ 38.7757771, 9.0033548 ], [ 38.7734664, 9.0036753 ], [ 38.7718892, 9.0054106 ], [ 38.7719838, 9.0062934 ], [ 38.7738585, 9.0107737 ], [ 38.7746465, 9.0115406 ], [ 38.7766959, 9.0121141 ], [ 38.7790322, 9.0148252 ], [ 38.7813556, 9.0188907 ], [ 38.7803283, 9.0233325 ] ] ] } },
{ "type": "Feature", "properties": { "threshold_s": 600, "time_label": "10 min drive" }, "geometry": { "type": "Polygon", "coordinates": [ [ [ 38.7611244, 9.0293966 ], [ 38.7615913, 9.0308121 ], [ 38.7636485, 9.0328556 ], [ 38.7694764, 9.0373855 ], [ 38.7767505, 9.040507 ], [ 38.7815837, 9.0417641 ], [ 38.782942, 9.0416807 ], [ 38.7840276, 9.0412652 ], [ 38.7853727, 9.0402983 ], [ 38.788646, 9.0371199 ], [ 38.7997189, 9.0335465 ], [ 38.8097365, 9.0345983 ], [ 38.8130282, 9.033534 ], [ 38.8219882, 9.0245452 ], [ 38.8250399, 9.0194069 ], [ 38.8264608, 9.0058175 ], [ 38.8270529, 9.0033866 ], [ 38.8267846, 8.9937998 ], [ 38.8243435, 8.9870493 ], [ 38.8239984, 8.9864212 ], [ 38.823195, 8.9853167 ], [ 38.8211882, 8.9830776 ], [ 38.8079529, 8.9863615 ], [ 38.8066972, 8.9860036 ], [ 38.8035562, 8.9852867 ], [ 38.8021619, 8.9853275 ], [ 38.7996331, 8.9854045 ], [ 38.7880106, 8.9854871 ], [ 38.7777914, 8.9763594 ], [ 38.7756114, 8.9726492 ], [ 38.7669262, 8.9775776 ], [ 38.764124099999989, 8.9821933 ], [ 38.7627198, 8.9862213 ], [ 38.7562131, 8.9949711 ], [ 38.7556778, 8.9958187 ], [ 38.7550777, 9.0071838 ], [ 38.7519181, 9.0117755 ], [ 38.75421, 9.0174146 ], [ 38.7611244, 9.0293966 ] ] ] } },
{ "type": "Feature", "properties": { "threshold_s": 900, "time_label": "15 min drive" }, "geometry": { "type": "Polygon", "coordinates": [ [ [ 38.7425705, 9.0386271 ], [ 38.7479803, 9.0455204 ], [ 38.7573345, 9.0528887 ], [ 38.7588863, 9.0537454 ], [ 38.7669257, 9.0563794 ], [ 38.7774719, 9.0589039 ], [ 38.7802957, 9.0593364 ], [ 38.7879067, 9.0567537 ], [ 38.7884297, 9.056281 ], [ 38.8050822, 9.0506714 ], [ 38.8067417, 9.0509496 ], [ 38.816202, 9.0499532 ], [ 38.827102, 9.0468027 ], [ 38.8345535, 9.0394859 ], [ 38.8430924, 9.0319006 ], [ 38.8447501, 9.0186726 ], [ 38.8441724, 9.0106055 ], [ 38.8441673, 9.0105137 ], [ 38.8426452, 9.0017116 ], [ 38.8467872, 8.9871707 ], [ 38.8431447, 8.9802188 ], [ 38.840493, 8.9785199 ], [ 38.8289182, 8.9663006 ], [ 38.8282921, 8.9652772 ], [ 38.8211505, 8.9664894 ], [ 38.8202025, 8.9671469 ], [ 38.8178582, 8.968571 ], [ 38.8170043, 8.969464 ], [ 38.8159794, 8.9720351 ], [ 38.8150683, 8.9737532 ], [ 38.8021619, 8.9853275 ], [ 38.7996331, 8.9854045 ], [ 38.7971379, 8.9861223 ], [ 38.7899075, 8.9859732 ], [ 38.7880106, 8.9854871 ], [ 38.7855757, 8.9849273 ], [ 38.7828796, 8.9680649 ], [ 38.7896709, 8.966307 ], [ 38.7908766, 8.9625051 ], [ 38.7886983, 8.9614582 ], [ 38.7878974, 8.9612768 ], [ 38.7698044, 8.9575412 ], [ 38.7673704, 8.9560994 ], [ 38.7654131, 8.9568902 ], [ 38.7565704, 8.9669942 ], [ 38.7494039, 8.9743429 ], [ 38.7442095, 8.9795913 ], [ 38.7389203, 8.986896 ], [ 38.7382566, 8.9884032 ], [ 38.7381953, 8.9896915 ], [ 38.7376045, 8.9950873 ], [ 38.7324871, 9.0079759 ], [ 38.7319099, 9.0094945 ], [ 38.7322897, 9.0170229 ], [ 38.7396809, 9.0312789 ], [ 38.7425705, 9.0386271 ] ] ] } },
{ "type": "Feature", "properties": { "threshold_s": 300, "time_label": "5 min drive" }, "geometry": { "type": "Polygon", "coordinates": [ [ [ 38.7583935, 8.8909681 ], [ 38.7585378, 8.8918775 ], [ 38.7593684, 8.8926793 ], [ 38.7608761, 8.8933582 ], [ 38.7627348, 8.8929156 ], [ 38.7630916, 8.8928799 ], [ 38.7651489, 8.8921959 ], [ 38.7691574, 8.8917298 ], [ 38.7704194, 8.8941161 ], [ 38.7706802, 8.8955247 ], [ 38.7692171, 8.8984296 ], [ 38.7691034, 8.8985494 ], [ 38.7692094, 8.8986638 ], [ 38.7696059, 8.8991058 ], [ 38.7705658, 8.8990502 ], [ 38.7742224, 8.8997468 ], [ 38.774598, 8.89969 ], [ 38.7780881, 8.8991056 ], [ 38.7790239, 8.8989217 ], [ 38.7818375, 8.8969634 ], [ 38.782726, 8.8937607 ], [ 38.7827655, 8.8921406 ], [ 38.7841936, 8.8887868 ], [ 38.7869233, 8.8874147 ], [ 38.7877156, 8.8866087 ], [ 38.7872502, 8.8844257 ], [ 38.7867614, 8.8834541 ], [ 38.7855439, 8.8819887 ], [ 38.7853353, 8.8787436 ], [ 38.786658, 8.8768682 ], [ 38.7899976, 8.8762392 ], [ 38.7886957, 8.8740127 ], [ 38.7851599, 8.8763712 ], [ 38.7835273, 8.8750637 ], [ 38.7795013, 8.8750597 ], [ 38.7774631, 8.8766588 ], [ 38.7745017, 8.8739069 ], [ 38.7748142, 8.8706076 ], [ 38.7762773, 8.8668603 ], [ 38.7724444, 8.8676884 ], [ 38.7708887, 8.8679373 ], [ 38.7687513, 8.8693906 ], [ 38.76706870000001, 8.8712832 ], [ 38.7655381, 8.8729796 ], [ 38.7652427, 8.8733213 ], [ 38.7612383, 8.873666 ], [ 38.7590803, 8.8743482 ], [ 38.7589778, 8.8743954 ], [ 38.7610233, 8.8780591 ], [ 38.759914, 8.8798571 ], [ 38.7594357, 8.8803996 ], [ 38.7599158, 8.8836168 ], [ 38.7589408, 8.884706 ], [ 38.7570298, 8.8855354 ], [ 38.7551911, 8.8876316 ], [ 38.7560184, 8.8881198 ], [ 38.7561699, 8.8882233 ], [ 38.7583935, 8.8909681 ] ] ] } },
{ "type": "Feature", "properties": { "threshold_s": 600, "time_label": "10 min drive" }, "geometry": { "type": "Polygon", "coordinates": [ [ [ 38.7496121, 8.9075392 ], [ 38.7506622, 8.9087767 ], [ 38.7526285, 8.9101421 ], [ 38.759965, 8.9166014 ], [ 38.7615117, 8.9179782 ], [ 38.7637217, 8.9197827 ], [ 38.7683555, 8.9184518 ], [ 38.777513, 8.9152183 ], [ 38.7874324, 8.9128207 ], [ 38.789882, 8.9100642 ], [ 38.7888639, 8.9069062 ], [ 38.7875902, 8.9025621 ], [ 38.7899805, 8.89506 ], [ 38.7984345, 8.8962311 ], [ 38.8012722, 8.8954021 ], [ 38.8031209, 8.8946931 ], [ 38.8038343, 8.894083 ], [ 38.8043568, 8.8934071 ], [ 38.8042809, 8.8933484 ], [ 38.8014109, 8.8892375 ], [ 38.8057253, 8.8793277 ], [ 38.8084144, 8.8795745 ], [ 38.8099294, 8.878297 ], [ 38.8111004, 8.8754335 ], [ 38.8079275, 8.868262 ], [ 38.8040636, 8.8601107 ], [ 38.8021157, 8.8583197 ], [ 38.801305, 8.8578046 ], [ 38.797271, 8.8559494 ], [ 38.7902337, 8.8528086 ], [ 38.7858394, 8.8535129 ], [ 38.782649, 8.8554641 ], [ 38.7808323, 8.8568008 ], [ 38.7698477, 8.8550452 ], [ 38.7641859, 8.8575263 ], [ 38.7593647, 8.8606731 ], [ 38.7507315, 8.8561853 ], [ 38.7453881, 8.8640856 ], [ 38.7499793, 8.8704283 ], [ 38.750538, 8.881216 ], [ 38.7491109, 8.8861403 ], [ 38.7492835, 8.8916357 ], [ 38.7480358, 8.9000706 ], [ 38.7465445, 8.9031009 ], [ 38.7493332, 8.9071868 ], [ 38.7496121, 8.9075392 ] ] ] } },
{ "type": "Feature", "properties": { "threshold_s": 900, "time_label": "15 min drive" }, "geometry": { "type": "Polygon", "coordinates": [ [ [ 38.7325528, 8.9181792 ], [ 38.7344768, 8.9233269 ], [ 38.7463036, 8.923495 ], [ 38.7588708, 8.9308813 ], [ 38.7607527, 8.9351245 ], [ 38.7621332, 8.9381887 ], [ 38.7621984, 8.9382697 ], [ 38.773198, 8.9384338 ], [ 38.774686, 8.9372514 ], [ 38.7754118, 8.936514 ], [ 38.7782671, 8.933605 ], [ 38.7830064, 8.9257519 ], [ 38.7887996, 8.9195107 ], [ 38.7926964, 8.913875 ], [ 38.802403, 8.9050619 ], [ 38.8177225, 8.9095198 ], [ 38.8242915, 8.9042653 ], [ 38.8244712, 8.9040914 ], [ 38.8245131, 8.9040141 ], [ 38.8247626, 8.9035374 ], [ 38.8234439, 8.9002017 ], [ 38.8137232, 8.8880339 ], [ 38.8162375, 8.8836552 ], [ 38.8247737, 8.8769314 ], [ 38.8271298, 8.8733515 ], [ 38.8276859, 8.8719896 ], [ 38.8262066, 8.8696736 ], [ 38.8216274, 8.8616195 ], [ 38.8195667, 8.855246 ], [ 38.8173224, 8.8451741 ], [ 38.8044343, 8.8420641 ], [ 38.7953271, 8.840643 ], [ 38.7853111, 8.8374102 ], [ 38.7768621, 8.8342457 ], [ 38.7763739, 8.8396051 ], [ 38.7803194, 8.8475878 ], [ 38.7698477, 8.8550452 ], [ 38.7641859, 8.8575263 ], [ 38.7507315, 8.8561853 ], [ 38.7453881, 8.8640856 ], [ 38.7499793, 8.8704283 ], [ 38.750538, 8.881216 ], [ 38.7429137, 8.8858928 ], [ 38.7433773, 8.8943519 ], [ 38.7362117, 8.9011704 ], [ 38.7350826, 8.9022633 ], [ 38.7337589, 8.9040162 ], [ 38.7313695, 8.9071775 ], [ 38.7312216, 8.9075352 ], [ 38.7307687, 8.9115857 ], [ 38.7308468, 8.9120623 ], [ 38.7325528, 8.9181792 ] ] ] } },
{ "type": "Feature", "properties": { "threshold_s": 300, "time_label": "5 min drive" }, "geometry": { "type": "Polygon", "coordinates": [ [ [ 38.7522192, 8.8881828 ], [ 38.7533164, 8.8907938 ], [ 38.7569346, 8.8920226 ], [ 38.7572175, 8.8933423 ], [ 38.758281, 8.8938921 ], [ 38.7608908, 8.895192 ], [ 38.7618064, 8.8953291 ], [ 38.7651489, 8.8921959 ], [ 38.7691574, 8.8917298 ], [ 38.7703173, 8.8916745 ], [ 38.7729752, 8.8946812 ], [ 38.7738392, 8.8956067 ], [ 38.7767011, 8.8948461 ], [ 38.7786306, 8.895075 ], [ 38.7785196, 8.8938551 ], [ 38.7807956, 8.8903742 ], [ 38.7808449, 8.8875728 ], [ 38.7837963, 8.8847293 ], [ 38.7850467, 8.8848608 ], [ 38.7860235, 8.8848887 ], [ 38.7851219, 8.8823713 ], [ 38.7847693, 8.8815397 ], [ 38.784264899999989, 8.8812662 ], [ 38.7818809, 8.8811441 ], [ 38.7824566, 8.8766564 ], [ 38.7841762, 8.876378 ], [ 38.7851599, 8.8763712 ], [ 38.7835273, 8.8750637 ], [ 38.7795013, 8.8750597 ], [ 38.7774631, 8.8766588 ], [ 38.7745017, 8.8739069 ], [ 38.7748142, 8.8706076 ], [ 38.7762773, 8.8668603 ], [ 38.7717511, 8.8660043 ], [ 38.7712106, 8.8654199 ], [ 38.770119, 8.8686915 ], [ 38.7687513, 8.8693906 ], [ 38.76706870000001, 8.8712832 ], [ 38.7655381, 8.8729796 ], [ 38.7612383, 8.873666 ], [ 38.7581938, 8.8719406 ], [ 38.75615, 8.8684079 ], [ 38.7560906, 8.86851 ], [ 38.7552152, 8.870062 ], [ 38.7538165, 8.8738195 ], [ 38.7542376, 8.8758044 ], [ 38.7550423, 8.8769559 ], [ 38.7556417, 8.8771348 ], [ 38.7589778, 8.8743954 ], [ 38.7610233, 8.8780591 ], [ 38.759914, 8.8798571 ], [ 38.7594357, 8.8803996 ], [ 38.7589408, 8.884706 ], [ 38.7570298, 8.8855354 ], [ 38.7540306, 8.8846602 ], [ 38.7532318, 8.8859409 ], [ 38.7524524, 8.8870235 ], [ 38.7522192, 8.8881828 ] ] ] } },
{ "type": "Feature", "properties": { "threshold_s": 600, "time_label": "10 min drive" }, "geometry": { "type": "Polygon", "coordinates": [ [ [ 38.7414475, 8.9063163 ], [ 38.7414783, 8.9070285 ], [ 38.7502755, 8.9108666 ], [ 38.7509153, 8.911224 ], [ 38.7514287, 8.9114295 ], [ 38.7539935, 8.9113695 ], [ 38.7626269, 8.914082 ], [ 38.7635529, 8.9148501 ], [ 38.7678711, 8.9148124 ], [ 38.7689516, 8.9146056 ], [ 38.7770686, 8.9112119 ], [ 38.7837794, 8.9068078 ], [ 38.7849782, 8.9059148 ], [ 38.7863074, 8.9042984 ], [ 38.7875902, 8.9025621 ], [ 38.7899805, 8.89506 ], [ 38.7903106, 8.8942592 ], [ 38.7927742, 8.8912038 ], [ 38.8003968, 8.8914975 ], [ 38.8005321, 8.8903331 ], [ 38.8004404, 8.8894288 ], [ 38.7967285, 8.88545 ], [ 38.8021687, 8.8792217 ], [ 38.8033314, 8.878595 ], [ 38.8058124, 8.8766339 ], [ 38.8060445, 8.8746344 ], [ 38.8058245, 8.8731717 ], [ 38.8056627, 8.8724718 ], [ 38.8017433, 8.8647833 ], [ 38.8009985, 8.8635617 ], [ 38.7951658, 8.85946 ], [ 38.7915721, 8.8521695 ], [ 38.7836212, 8.8506834 ], [ 38.7825108, 8.8509325 ], [ 38.7808323, 8.8568008 ], [ 38.7800407, 8.8580502 ], [ 38.7796839, 8.8586149 ], [ 38.7768864, 8.8606748 ], [ 38.7698477, 8.8550452 ], [ 38.7641859, 8.8575263 ], [ 38.7593647, 8.8606731 ], [ 38.7507315, 8.8561853 ], [ 38.7453881, 8.8640856 ], [ 38.7499793, 8.8704283 ], [ 38.7513368, 8.8719666 ], [ 38.750538, 8.881216 ], [ 38.7429137, 8.8858928 ], [ 38.7492835, 8.8916357 ], [ 38.7470903, 8.8987124 ], [ 38.7455898, 8.9006082 ], [ 38.7414475, 8.9063163 ] ] ] } },
{ "type": "Feature", "properties": { "threshold_s": 900, "time_label": "15 min drive" }, "geometry": { "type": "Polygon", "coordinates": [ [ [ 38.728359, 8.9190311 ], [ 38.7316751, 8.9248116 ], [ 38.7328689, 8.9258506 ], [ 38.7381376, 8.9274614 ], [ 38.7467423, 8.92791 ], [ 38.7588708, 8.9308813 ], [ 38.7649186, 8.9348102 ], [ 38.7653644, 8.9350338 ], [ 38.767202, 8.9351298 ], [ 38.7724951, 8.9344148 ], [ 38.7741732, 8.9323797 ], [ 38.7847035, 8.922135 ], [ 38.7878074, 8.9201444 ], [ 38.7887996, 8.9195107 ], [ 38.7926964, 8.913875 ], [ 38.802403, 8.9050619 ], [ 38.8102703, 8.9035313 ], [ 38.816833699999989, 8.9046733 ], [ 38.8203482, 8.9019179 ], [ 38.8203931, 8.9018318 ], [ 38.820255, 8.9017226 ], [ 38.8128295, 8.8910996 ], [ 38.815081, 8.8841502 ], [ 38.8229649, 8.8772604 ], [ 38.8242586, 8.875155 ], [ 38.8243792, 8.8744443 ], [ 38.8245305, 8.873494 ], [ 38.8209991, 8.8662096 ], [ 38.8146557, 8.8540108 ], [ 38.8137183, 8.8512982 ], [ 38.8113366, 8.8485996 ], [ 38.8082787, 8.8497028 ], [ 38.7953271, 8.840643 ], [ 38.7875856, 8.8308017 ], [ 38.7768621, 8.8342457 ], [ 38.7763739, 8.8396051 ], [ 38.7803194, 8.8475878 ], [ 38.7698477, 8.8550452 ], [ 38.7641859, 8.8575263 ], [ 38.7507315, 8.8561853 ], [ 38.7453881, 8.8640856 ], [ 38.7499793, 8.8704283 ], [ 38.750538, 8.881216 ], [ 38.7429137, 8.8858928 ], [ 38.7433773, 8.8943519 ], [ 38.7362117, 8.9011704 ], [ 38.7350826, 8.9022633 ], [ 38.7337589, 8.9040162 ], [ 38.7313695, 8.9071775 ], [ 38.727289399999989, 8.9135477 ], [ 38.728359, 8.9190311 ] ] ] } },
{ "type": "Feature", "properties": { "threshold_s": 300, "time_label": "5 min drive" }, "geometry": { "type": "Polygon", "coordinates": [ [ [ 38.7223239, 8.9985459 ], [ 38.7220337, 8.9992215 ], [ 38.7224929, 8.9990797 ], [ 38.7236724, 8.9987142 ], [ 38.7268985, 8.9991841 ], [ 38.7274674, 8.99912 ], [ 38.7289264, 8.9982376 ], [ 38.7302594, 8.9977804 ], [ 38.7307139, 8.9976947 ], [ 38.7308209, 8.9976433 ], [ 38.7316547, 8.9970266 ], [ 38.7344089, 8.9966973 ], [ 38.7353683, 9.0005664 ], [ 38.7346404, 9.0011646 ], [ 38.7325948, 9.0017547 ], [ 38.732501, 9.001813 ], [ 38.730182, 9.0046135 ], [ 38.7292146, 9.0052443 ], [ 38.7303954, 9.0060927 ], [ 38.7320933, 9.0081855 ], [ 38.7321313, 9.0082453 ], [ 38.7331688, 9.0089207 ], [ 38.7339242, 9.0093103 ], [ 38.7377943, 9.0090929 ], [ 38.7381826, 9.0091977 ], [ 38.7383308, 9.0091723 ], [ 38.7408923, 9.0088199 ], [ 38.7441169, 9.0104975 ], [ 38.7446872, 9.0118417 ], [ 38.746218, 9.0106422 ], [ 38.7462365, 9.010408 ], [ 38.747238, 9.0078212 ], [ 38.7483193, 9.0068967 ], [ 38.7488369, 9.0065047 ], [ 38.7495799, 9.006002 ], [ 38.7495591, 9.0047865 ], [ 38.7513207, 9.0020037 ], [ 38.7519483, 9.0002155 ], [ 38.754885, 8.997454 ], [ 38.7555028, 8.9954064 ], [ 38.7554826, 8.9950496 ], [ 38.7551761, 8.9935003 ], [ 38.7542736, 8.9907449 ], [ 38.7537588, 8.9896716 ], [ 38.7542526, 8.9861048 ], [ 38.7556738, 8.9825708 ], [ 38.7556243, 8.9824778 ], [ 38.7553965, 8.9820855 ], [ 38.7527538, 8.9800289 ], [ 38.7493123, 8.9789151 ], [ 38.7465915, 8.9763782 ], [ 38.7435445, 8.9750427 ], [ 38.7413748, 8.97385 ], [ 38.7400493, 8.9729126 ], [ 38.7386957, 8.972108 ], [ 38.7379927, 8.9718926 ], [ 38.7356306, 8.9733012 ], [ 38.7346587, 8.9739573 ], [ 38.7339346, 8.9746786 ], [ 38.7313138, 8.9771965 ], [ 38.7284209, 8.9790959 ], [ 38.7281638, 8.9797434 ], [ 38.7267278, 8.9829053 ], [ 38.7257044, 8.9846006 ], [ 38.7250746, 8.9859916 ], [ 38.7254617, 8.9891712 ], [ 38.7248948, 8.9919464 ], [ 38.723478, 8.9931039 ], [ 38.7230574, 8.9945486 ], [ 38.7231459, 8.9971346 ], [ 38.7223239, 8.9985459 ] ] ] } },
{ "type": "Feature", "properties": { "threshold_s": 600, "time_label": "10 min drive" }, "geometry": { "type": "Polygon", "coordinates": [ [ [ 38.718958, 9.0166534 ], [ 38.7212421, 9.0215437 ], [ 38.7234364, 9.0227223 ], [ 38.728179, 9.0264656 ], [ 38.732802, 9.0300957 ], [ 38.7375475, 9.0309289 ], [ 38.7396809, 9.0312789 ], [ 38.7413431, 9.0313382 ], [ 38.7462922, 9.0314434 ], [ 38.7523777, 9.0300754 ], [ 38.7572128, 9.026898 ], [ 38.7577313, 9.0264413 ], [ 38.7605536, 9.0224021 ], [ 38.7650242, 9.0169385 ], [ 38.7672256, 9.0115334 ], [ 38.7706685, 9.0078058 ], [ 38.7724753, 9.004786 ], [ 38.7719999, 9.0020792 ], [ 38.7719972, 9.0020342 ], [ 38.7724357, 8.9962689 ], [ 38.7746638, 8.9941942 ], [ 38.774816199999989, 8.9941075 ], [ 38.7748685, 8.9939269 ], [ 38.7749201, 8.9927977 ], [ 38.7755186, 8.9855138 ], [ 38.7757261, 8.9838273 ], [ 38.7757844, 8.9831065 ], [ 38.7754274, 8.9804185 ], [ 38.7752954, 8.9803589 ], [ 38.7718879, 8.979752 ], [ 38.7690595, 8.9795189 ], [ 38.7652743, 8.9732919 ], [ 38.7656622, 8.9723626 ], [ 38.7660779, 8.9717093 ], [ 38.7664998, 8.9707517 ], [ 38.7662108, 8.9676225 ], [ 38.7633621, 8.962338 ], [ 38.7605166, 8.9635999 ], [ 38.7538859, 8.9605227 ], [ 38.7516371, 8.9589428 ], [ 38.750004, 8.9580909 ], [ 38.7499699, 8.9581265 ], [ 38.7475643, 8.9601159 ], [ 38.7404933, 8.9609058 ], [ 38.7348681, 8.9596248 ], [ 38.7335671, 8.9563225 ], [ 38.733087, 8.9556029 ], [ 38.732454, 8.9546242 ], [ 38.7295661, 8.9555907 ], [ 38.7279146, 8.956651 ], [ 38.726684, 8.9584532 ], [ 38.7257525, 8.9603312 ], [ 38.7197271, 8.9634522 ], [ 38.7188681, 8.9640159 ], [ 38.7170078, 8.96711 ], [ 38.7168829, 8.9675653 ], [ 38.7168132, 8.9681037 ], [ 38.7170684, 8.9699482 ], [ 38.7135418, 8.9763191 ], [ 38.7127013, 8.9783543 ], [ 38.7128172, 8.9802182 ], [ 38.7125681, 8.9826245 ], [ 38.7059584, 8.9856269 ], [ 38.7053044, 8.9852953 ], [ 38.7053879, 8.9861865 ], [ 38.7057178, 8.9875045 ], [ 38.7065935, 8.9937409 ], [ 38.7075297, 8.9965242 ], [ 38.7087007, 8.9970398 ], [ 38.7143733, 9.0001679 ], [ 38.716688, 9.0022051 ], [ 38.7168986, 9.0089339 ], [ 38.7151935, 9.0129759 ], [ 38.7152307, 9.0130989 ], [ 38.718958, 9.0166534 ] ] ] } },
{ "type": "Feature", "properties": { "threshold_s": 900, "time_label": "15 min drive" }, "geometry": { "type": "Polygon", "coordinates": [ [ [ 38.7098812, 9.034743 ], [ 38.7113633, 9.0366204 ], [ 38.7175617, 9.0424941 ], [ 38.7232137, 9.0482481 ], [ 38.7242559, 9.0489294 ], [ 38.7325077, 9.0512899 ], [ 38.7341637, 9.0509002 ], [ 38.7469649, 9.0488796 ], [ 38.748097799999989, 9.0489924 ], [ 38.7570539, 9.0486957 ], [ 38.757098, 9.0486706 ], [ 38.7614694, 9.0439155 ], [ 38.7651699, 9.0380709 ], [ 38.7723844, 9.0333248 ], [ 38.7735107, 9.0325106 ], [ 38.7812609, 9.0251757 ], [ 38.7892246, 9.0161315 ], [ 38.7873338, 9.0102722 ], [ 38.7917227, 8.9977053 ], [ 38.7926327, 8.9956682 ], [ 38.7941338, 8.9900363 ], [ 38.7942992, 8.9887271 ], [ 38.7899075, 8.9859732 ], [ 38.7880106, 8.9854871 ], [ 38.7855757, 8.9849273 ], [ 38.7842988, 8.9845215 ], [ 38.7787516, 8.9794447 ], [ 38.7828796, 8.9680649 ], [ 38.7828581, 8.9679775 ], [ 38.7753178, 8.956777 ], [ 38.7743589, 8.9506525 ], [ 38.7740947, 8.9482479 ], [ 38.7738016, 8.9479288 ], [ 38.7694567, 8.9435905 ], [ 38.7649015, 8.9419151 ], [ 38.758741, 8.9406331 ], [ 38.7503296, 8.938605 ], [ 38.7435845, 8.9365006 ], [ 38.7339035, 8.9321621 ], [ 38.7315971, 8.9351272 ], [ 38.7204413, 8.9384991 ], [ 38.7111602, 8.9483774 ], [ 38.7073836, 8.9507729 ], [ 38.7042318, 8.9524873 ], [ 38.6982267, 8.9556635 ], [ 38.6976896, 8.9563355 ], [ 38.6975243, 8.9566637 ], [ 38.698162, 8.9579533 ], [ 38.6986901, 8.9671433 ], [ 38.6907356, 8.9742042 ], [ 38.6867959, 8.9771991 ], [ 38.6845785, 8.9790543 ], [ 38.6843073, 8.980957 ], [ 38.6878603, 8.9927752 ], [ 38.6897499, 9.0026038 ], [ 38.6903365, 9.003958 ], [ 38.6952384, 9.0121022 ], [ 38.6966848, 9.0189428 ], [ 38.6968481, 9.0194288 ], [ 38.7014104, 9.0257572 ], [ 38.7098812, 9.034743 ] ] ] } },
{ "type": "Feature", "properties": { "threshold_s": 300, "time_label": "5 min drive" }, "geometry": { "type": "Polygon", "coordinates": [ [ [ 38.7034211, 8.9737798 ], [ 38.7032911, 8.9744652 ], [ 38.7057853, 8.9756135 ], [ 38.7085293, 8.9743943 ], [ 38.7089684, 8.9741971 ], [ 38.7092046, 8.9740936 ], [ 38.7097858, 8.9738359 ], [ 38.7107423, 8.973403 ], [ 38.7110888, 8.9732445 ], [ 38.7120216, 8.9728206 ], [ 38.7190926, 8.9729571 ], [ 38.719691, 8.9732715 ], [ 38.7203197, 8.973395 ], [ 38.7245283, 8.974013 ], [ 38.7247649, 8.9740211 ], [ 38.7256497, 8.9737093 ], [ 38.7262196, 8.9727065 ], [ 38.726311699999989, 8.9714187 ], [ 38.727859, 8.965116 ], [ 38.7283591, 8.9631028 ], [ 38.7281711, 8.961453 ], [ 38.7276265, 8.9607913 ], [ 38.7270949, 8.9603611 ], [ 38.7285447, 8.9530967 ], [ 38.7301407, 8.9521526 ], [ 38.7301135, 8.9516866 ], [ 38.7295159, 8.9510631 ], [ 38.7253968, 8.9471595 ], [ 38.7232443, 8.9452125 ], [ 38.718863399999989, 8.9440195 ], [ 38.7169259, 8.9451545 ], [ 38.7111602, 8.9483774 ], [ 38.7097463, 8.9487392 ], [ 38.7053463, 8.9498908 ], [ 38.7026042, 8.9508445 ], [ 38.6957145, 8.9536041 ], [ 38.6952031, 8.9546876 ], [ 38.6953, 8.9566272 ], [ 38.69564, 8.9586806 ], [ 38.6984839, 8.9604146 ], [ 38.7013595, 8.9668015 ], [ 38.7034211, 8.9737798 ] ] ] } },
{ "type": "Feature", "properties": { "threshold_s": 600, "time_label": "10 min drive" }, "geometry": { "type": "Polygon", "coordinates": [ [ [ 38.6884399, 8.9842379 ], [ 38.6894943, 8.9861112 ], [ 38.6900013, 8.9864863 ], [ 38.692435, 8.9882421 ], [ 38.692585, 8.9883337 ], [ 38.6969275, 8.9885841 ], [ 38.6978363, 8.9881056 ], [ 38.7011328, 8.9857109 ], [ 38.7071906, 8.9860857 ], [ 38.7077402, 8.985556 ], [ 38.7129021, 8.9832206 ], [ 38.7163385, 8.9880063 ], [ 38.7163675, 8.990102 ], [ 38.7173021, 8.9910226 ], [ 38.7210613, 8.9911041 ], [ 38.7256426, 8.9913092 ], [ 38.7254617, 8.9891712 ], [ 38.7258375, 8.9863936 ], [ 38.7325157, 8.9849543 ], [ 38.737172, 8.9846817 ], [ 38.7381422, 8.9843072 ], [ 38.7390308, 8.982704 ], [ 38.7396102, 8.9817251 ], [ 38.7412678, 8.9785737 ], [ 38.7452112, 8.9753197 ], [ 38.7454787, 8.9751427 ], [ 38.7457807, 8.9742026 ], [ 38.746347, 8.9681793 ], [ 38.74513, 8.9614496 ], [ 38.7463812, 8.9542043 ], [ 38.7477601, 8.9525668 ], [ 38.7483347, 8.9466749 ], [ 38.7476319, 8.9457351 ], [ 38.7455895, 8.9427068 ], [ 38.743262, 8.9368799 ], [ 38.7429546, 8.9366308 ], [ 38.7388471, 8.9363778 ], [ 38.7339035, 8.9321621 ], [ 38.7312119, 8.9308116 ], [ 38.7281836, 8.928972 ], [ 38.7241217, 8.925416 ], [ 38.7225024, 8.9240636 ], [ 38.7222866, 8.9253297 ], [ 38.7222737, 8.9254631 ], [ 38.717384, 8.9306505 ], [ 38.716904, 8.93066 ], [ 38.7163543, 8.9307024 ], [ 38.7156326, 8.9307128 ], [ 38.7151672, 8.9307128 ], [ 38.71189420000001, 8.9305843 ], [ 38.7084521, 8.9306944 ], [ 38.7070619, 8.9321997 ], [ 38.7009394, 8.9337282 ], [ 38.6983983, 8.9354585 ], [ 38.6943345, 8.9403947 ], [ 38.6905998, 8.941313 ], [ 38.6884219, 8.9413436 ], [ 38.6830033, 8.9418445 ], [ 38.6816088, 8.9424863 ], [ 38.6802779, 8.943664 ], [ 38.6801187, 8.9442031 ], [ 38.6804992, 8.9510846 ], [ 38.6803134, 8.9557227 ], [ 38.6803973, 8.9570556 ], [ 38.6819766, 8.9576219 ], [ 38.6829673, 8.9643809 ], [ 38.6812171, 8.967792 ], [ 38.6807735, 8.9695573 ], [ 38.682834, 8.9747762 ], [ 38.6831065, 8.9753887 ], [ 38.6847657, 8.9770338 ], [ 38.6875853, 8.9820108 ], [ 38.6884399, 8.9842379 ] ] ] } },
{ "type": "Feature", "properties": { "threshold_s": 900, "time_label": "15 min drive" }, "geometry": { "type": "Polygon", "coordinates": [ [ [ 38.6695357, 8.9939639 ], [ 38.6760914, 9.002874 ], [ 38.6802394, 9.0034502 ], [ 38.6904349, 9.0049602 ], [ 38.694533, 9.0060516 ], [ 38.6947194, 9.0060185 ], [ 38.7048085, 9.0054691 ], [ 38.706851, 9.0063642 ], [ 38.7087232, 9.005902 ], [ 38.7197143, 9.0079515 ], [ 38.7313527, 9.0086805 ], [ 38.731964499999989, 9.0093869 ], [ 38.7341748, 9.0107132 ], [ 38.7359776, 9.0102827 ], [ 38.7371388, 9.0095967 ], [ 38.7442678, 9.0050185 ], [ 38.7499876, 9.0007652 ], [ 38.7540808, 8.9957833 ], [ 38.758704, 8.987978 ], [ 38.7623005, 8.980802 ], [ 38.7632147, 8.9764116 ], [ 38.7628423, 8.9658809 ], [ 38.7632151, 8.9633794 ], [ 38.7640562, 8.9583092 ], [ 38.7640214, 8.9576842 ], [ 38.764001, 8.9574999 ], [ 38.7633968, 8.9532148 ], [ 38.7626817, 8.9456225 ], [ 38.7598836, 8.9360797 ], [ 38.7618135, 8.9321158 ], [ 38.7609572, 8.9302803 ], [ 38.7605028, 8.9293101 ], [ 38.7588987, 8.9285794 ], [ 38.7496293, 8.9221434 ], [ 38.7480853, 8.9198045 ], [ 38.7467812, 8.9189111 ], [ 38.7421509, 8.9154059 ], [ 38.7372511, 8.9104997 ], [ 38.7307687, 8.9115857 ], [ 38.7295807, 8.9119588 ], [ 38.727289399999989, 8.9135477 ], [ 38.7226438, 8.9196104 ], [ 38.714174, 8.9207268 ], [ 38.7113597, 8.9196049 ], [ 38.7074294, 8.9215038 ], [ 38.7061105, 8.9260876 ], [ 38.69870250000001, 8.9321675 ], [ 38.6985399, 8.9324667 ], [ 38.6983983, 8.9354585 ], [ 38.6875914, 8.9395825 ], [ 38.6866843, 8.9390464 ], [ 38.6859834, 8.9390791 ], [ 38.6829914, 8.9401098 ], [ 38.6802779, 8.943664 ], [ 38.6801187, 8.9442031 ], [ 38.6802028, 8.9447962 ], [ 38.6803925, 8.945542 ], [ 38.6804992, 8.9510846 ], [ 38.6726743, 8.9593681 ], [ 38.6671099, 8.9610446 ], [ 38.6669936, 8.961187 ], [ 38.6659457, 8.963534 ], [ 38.6651042, 8.9666856 ], [ 38.6638096, 8.9756369 ], [ 38.6632309, 8.9804342 ], [ 38.6630088, 8.9830234 ], [ 38.6667577, 8.9896758 ], [ 38.6695357, 8.9939639 ] ] ] } },
{ "type": "Feature", "properties": { "threshold_s": 300, "time_label": "5 min drive" }, "geometry": { "type": "Polygon", "coordinates": [ [ [ 38.7157707, 9.0714928 ], [ 38.7160362, 9.0719192 ], [ 38.7166478, 9.0718531 ], [ 38.7172835, 9.071559 ], [ 38.7181498, 9.071257 ], [ 38.7215999, 9.0727251 ], [ 38.7221517, 9.0746327 ], [ 38.722216, 9.0782878 ], [ 38.7235789, 9.0781644 ], [ 38.7241217, 9.0760789 ], [ 38.7261845, 9.0750759 ], [ 38.727037, 9.0714079 ], [ 38.7291224, 9.0709316 ], [ 38.732525099999989, 9.0719682 ], [ 38.7338488, 9.072825 ], [ 38.7354343, 9.0715826 ], [ 38.736533, 9.0691618 ], [ 38.7366899, 9.0685607 ], [ 38.7366696, 9.0678933 ], [ 38.7386929, 9.06495 ], [ 38.7412933, 9.0643519 ], [ 38.7407585, 9.0618542 ], [ 38.7401898, 9.0598316 ], [ 38.7400846, 9.0574848 ], [ 38.739381, 9.0548087 ], [ 38.7395238, 9.0517733 ], [ 38.7383787, 9.0498933 ], [ 38.737653, 9.0490786 ], [ 38.7351885, 9.0477024 ], [ 38.7340439, 9.0471309 ], [ 38.7315516, 9.0461225 ], [ 38.7298006, 9.0461839 ], [ 38.7265465, 9.0456124 ], [ 38.7258055, 9.0444085 ], [ 38.7229102, 9.0439932 ], [ 38.719912, 9.0434609 ], [ 38.7183244, 9.0449502 ], [ 38.7188249, 9.0478735 ], [ 38.7188915, 9.0484049 ], [ 38.7191878, 9.0503161 ], [ 38.7191489, 9.0506074 ], [ 38.7193219, 9.0513749 ], [ 38.7159088, 9.0528119 ], [ 38.7158673, 9.0528311 ], [ 38.7133989, 9.0548277 ], [ 38.7119106, 9.0534801 ], [ 38.7108354, 9.0541781 ], [ 38.7100965, 9.054685 ], [ 38.7100254, 9.0561289 ], [ 38.710331, 9.0582414 ], [ 38.7106494, 9.0583536 ], [ 38.7118144, 9.058767 ], [ 38.713122, 9.0590505 ], [ 38.7144677, 9.0620141 ], [ 38.7146339, 9.062817 ], [ 38.7154944, 9.0661054 ], [ 38.714509, 9.0682505 ], [ 38.7146036, 9.0688953 ], [ 38.7157707, 9.0714928 ] ] ] } },
{ "type": "Feature", "properties": { "threshold_s": 600, "time_label": "10 min drive" }, "geometry": { "type": "Polygon", "coordinates": [ [ [ 38.7222228, 9.0847868 ], [ 38.7107912, 9.0885365 ], [ 38.7188042, 9.0925749 ], [ 38.7231521, 9.0851596 ], [ 38.7255473, 9.0871632 ], [ 38.7265894, 9.0880836 ], [ 38.730374, 9.0869792 ], [ 38.7356744, 9.0873049 ], [ 38.7389972, 9.0871137 ], [ 38.7352261, 9.0871606 ], [ 38.7309526, 9.086197 ], [ 38.7287586, 9.0812933 ], [ 38.7324589, 9.0764417 ], [ 38.7377219, 9.0759888 ], [ 38.7382369, 9.0758127 ], [ 38.7445479, 9.0766414 ], [ 38.7465249, 9.0792228 ], [ 38.7478956, 9.0789074 ], [ 38.754019, 9.0745692 ], [ 38.7573112, 9.0714304 ], [ 38.7595959, 9.0686978 ], [ 38.7610903, 9.0644677 ], [ 38.7577216, 9.0590008 ], [ 38.7592571, 9.055992 ], [ 38.760193, 9.0549501 ], [ 38.7597992, 9.0530013 ], [ 38.7588788, 9.0510654 ], [ 38.7560377, 9.0453047 ], [ 38.7531208, 9.0396428 ], [ 38.7523463, 9.0373285 ], [ 38.7506356, 9.033264 ], [ 38.7492119, 9.0335496 ], [ 38.7447562, 9.0333098 ], [ 38.7395242, 9.0288017 ], [ 38.7391978, 9.0284985 ], [ 38.7387231, 9.0281303 ], [ 38.7384208, 9.0279218 ], [ 38.7352931, 9.0259432 ], [ 38.7334181, 9.0249614 ], [ 38.7311158, 9.023922 ], [ 38.7258457, 9.0243755 ], [ 38.7201727, 9.0239499 ], [ 38.713813, 9.0269732 ], [ 38.7122377, 9.0279113 ], [ 38.7102675, 9.0296231 ], [ 38.7069777, 9.0333302 ], [ 38.7045296, 9.0356175 ], [ 38.7025426, 9.0380778 ], [ 38.6961577, 9.0408319 ], [ 38.6956202, 9.0413304 ], [ 38.6952062, 9.0417835 ], [ 38.6952692, 9.0427285 ], [ 38.6962332, 9.0505908 ], [ 38.6938656, 9.0539105 ], [ 38.6930242, 9.0547238 ], [ 38.6918816, 9.05588 ], [ 38.6904574, 9.0580633 ], [ 38.6899661, 9.0601607 ], [ 38.6928904, 9.0660773 ], [ 38.6936347, 9.0673967 ], [ 38.6942417, 9.0677121 ], [ 38.6948612, 9.0679927 ], [ 38.698357799999989, 9.0683166 ], [ 38.6992261, 9.0679087 ], [ 38.7049681, 9.0734342 ], [ 38.7066767, 9.0720331 ], [ 38.7064393, 9.0656273 ], [ 38.707658, 9.0628554 ], [ 38.7110449, 9.061498 ], [ 38.714509, 9.0682505 ], [ 38.7146036, 9.0688953 ], [ 38.7151902, 9.0700342 ], [ 38.715507, 9.070681 ], [ 38.7157707, 9.0714928 ], [ 38.7160362, 9.0719192 ], [ 38.7182799, 9.0763662 ], [ 38.7190591, 9.077488 ], [ 38.7212082, 9.0809212 ], [ 38.7222228, 9.0847868 ] ] ] } },
{ "type": "Feature", "properties": { "threshold_s": 900, "time_label": "15 min drive" }, "geometry": { "type": "Polygon", "coordinates": [ [ [ 38.6847362, 9.0650724 ], [ 38.6848046, 9.0744871 ], [ 38.689663, 9.0762027 ], [ 38.6938391, 9.0730859 ], [ 38.7040883, 9.075675 ], [ 38.7066767, 9.0720331 ], [ 38.7160362, 9.0719192 ], [ 38.7182799, 9.0763662 ], [ 38.7190591, 9.077488 ], [ 38.7212082, 9.0809212 ], [ 38.7222228, 9.0847868 ], [ 38.7107912, 9.0885365 ], [ 38.7188042, 9.0925749 ], [ 38.7265894, 9.0880836 ], [ 38.7380585, 9.0909943 ], [ 38.7489573, 9.092251 ], [ 38.7599925, 9.0928189 ], [ 38.7613576, 9.0810134 ], [ 38.7700425, 9.0798452 ], [ 38.7736219, 9.0787401 ], [ 38.7752128, 9.0731456 ], [ 38.7764194, 9.0655384 ], [ 38.7764228, 9.0654768 ], [ 38.7765331, 9.0617787 ], [ 38.7763311, 9.0601572 ], [ 38.7759614, 9.0573235 ], [ 38.7758552, 9.0568886 ], [ 38.774861, 9.0464728 ], [ 38.7753446, 9.0443806 ], [ 38.775866, 9.0369995 ], [ 38.7714916, 9.032111 ], [ 38.7696348, 9.0316607 ], [ 38.7616201, 9.0233396 ], [ 38.7587022, 9.0179263 ], [ 38.7566767, 9.0148583 ], [ 38.7530544, 9.0114358 ], [ 38.7447023, 9.0088719 ], [ 38.7336469, 9.0036793 ], [ 38.7335599, 9.0037188 ], [ 38.7313865, 9.0057152 ], [ 38.7311713, 9.0061244 ], [ 38.7190564, 9.0070821 ], [ 38.7188646, 9.006906 ], [ 38.7178011, 9.0083227 ], [ 38.7172582, 9.0090095 ], [ 38.7142962, 9.0121102 ], [ 38.7033727, 9.0162723 ], [ 38.7000013, 9.0152659 ], [ 38.6998284, 9.0153872 ], [ 38.6996707, 9.0155123 ], [ 38.698115, 9.0176534 ], [ 38.6950466, 9.0235727 ], [ 38.6874603, 9.0276878 ], [ 38.6868763, 9.0279357 ], [ 38.6862042, 9.0282158 ], [ 38.6860941, 9.0282729 ], [ 38.6843937, 9.03088 ], [ 38.6824527, 9.0358739 ], [ 38.6794643, 9.0446396 ], [ 38.6806176, 9.0455197 ], [ 38.6846724, 9.0563468 ], [ 38.6847206, 9.0589202 ], [ 38.684761, 9.0605151 ], [ 38.6847507, 9.0616361 ], [ 38.6847578, 9.0622835 ], [ 38.6847362, 9.0650724 ] ] ] } },
{ "type": "Feature", "properties": { "threshold_s": 300, "time_label": "5 min drive" }, "geometry": { "type": "Polygon", "coordinates": [ [ [ 38.7682007, 9.0165141 ], [ 38.7713573, 9.0204686 ], [ 38.7740967, 9.0193713 ], [ 38.7747315, 9.0192594 ], [ 38.7760797, 9.0175791 ], [ 38.7807383, 9.0166185 ], [ 38.7813556, 9.0188907 ], [ 38.7810531, 9.0207143 ], [ 38.7811702, 9.0225738 ], [ 38.7828895, 9.0215465 ], [ 38.7843028, 9.0202711 ], [ 38.7888092, 9.0179132 ], [ 38.79037610000001, 9.0163806 ], [ 38.7938625, 9.0123367 ], [ 38.7950341, 9.0117579 ], [ 38.7953327, 9.0115677 ], [ 38.7961994, 9.0100267 ], [ 38.7964116, 9.0094853 ], [ 38.797621, 9.0063149 ], [ 38.797983, 9.0046067 ], [ 38.7981876, 9.0030972 ], [ 38.797986, 9.0026206 ], [ 38.7955181, 9.0020965 ], [ 38.7965052, 8.9969379 ], [ 38.7956395, 8.9945489 ], [ 38.795499, 8.9912753 ], [ 38.7942992, 8.9887271 ], [ 38.7910599, 8.9874849 ], [ 38.7884371, 8.9870932 ], [ 38.7855757, 8.9849273 ], [ 38.7842988, 8.9845215 ], [ 38.7805367, 8.9844949 ], [ 38.7752924, 8.9841592 ], [ 38.774466, 8.9840908 ], [ 38.7731591, 8.9845459 ], [ 38.77311, 8.9846007 ], [ 38.7730621, 8.9846542 ], [ 38.7716921, 8.9892484 ], [ 38.7712247, 8.9902551 ], [ 38.7704442, 8.9929865 ], [ 38.7693116, 8.9976348 ], [ 38.7683732, 8.9987024 ], [ 38.7666007, 9.0001548 ], [ 38.7657816, 9.0007925 ], [ 38.7657918, 9.0013837 ], [ 38.7663704, 9.0019672 ], [ 38.7663964, 9.0070441 ], [ 38.7661556, 9.0073141 ], [ 38.7658891, 9.0123181 ], [ 38.7682007, 9.0165141 ] ] ] } },
{ "type": "Feature", "properties": { "threshold_s": 600, "time_label": "10 min drive" }, "geometry": { "type": "Polygon", "coordinates": [ [ [ 38.7475765, 9.0210798 ], [ 38.7488745, 9.0229183 ], [ 38.7492011, 9.0232587 ], [ 38.751883, 9.0249976 ], [ 38.7600593, 9.0317233 ], [ 38.7620102, 9.0334911 ], [ 38.7631249, 9.0342974 ], [ 38.7695029, 9.0370091 ], [ 38.7722077, 9.0379644 ], [ 38.7737834, 9.0382137 ], [ 38.7784962, 9.0381963 ], [ 38.7866579, 9.0379459 ], [ 38.7884075, 9.037232 ], [ 38.788646, 9.0371199 ], [ 38.7988474, 9.0307862 ], [ 38.8011234, 9.0303124 ], [ 38.804107, 9.0285119 ], [ 38.8116947, 9.0198284 ], [ 38.8147478, 9.0092304 ], [ 38.8165175, 9.0039267 ], [ 38.8175726, 8.9964934 ], [ 38.8176652, 8.9945341 ], [ 38.8153585, 8.9895143 ], [ 38.8151393, 8.9891745 ], [ 38.8097735, 8.9869675 ], [ 38.8079529, 8.9863615 ], [ 38.8066972, 8.9860036 ], [ 38.8035562, 8.9852867 ], [ 38.8021619, 8.9853275 ], [ 38.7996331, 8.9854045 ], [ 38.7971379, 8.9861223 ], [ 38.7899075, 8.9859732 ], [ 38.7880106, 8.9854871 ], [ 38.7855757, 8.9849273 ], [ 38.7777914, 8.9763594 ], [ 38.7792846, 8.9680911 ], [ 38.7770206, 8.9660067 ], [ 38.7748945, 8.9656073 ], [ 38.7662108, 8.9676225 ], [ 38.7609422, 8.9727954 ], [ 38.7542657, 8.9801767 ], [ 38.7524498, 8.9849586 ], [ 38.7480194, 8.9921369 ], [ 38.747417, 8.9945813 ], [ 38.7477143, 8.9960308 ], [ 38.7465419, 9.0063014 ], [ 38.7441227, 9.0100953 ], [ 38.7440647, 9.0101702 ], [ 38.7449654, 9.0165766 ], [ 38.7475765, 9.0210798 ] ] ] } },
{ "type": "Feature", "properties": { "threshold_s": 900, "time_label": "15 min drive" }, "geometry": { "type": "Polygon", "coordinates": [ [ [ 38.7341184, 9.0347785 ], [ 38.7373638, 9.0386148 ], [ 38.7515593, 9.051262 ], [ 38.756649, 9.0549986 ], [ 38.7592571, 9.055992 ], [ 38.7749457, 9.0564745 ], [ 38.780319, 9.0564925 ], [ 38.7859225, 9.0537132 ], [ 38.792129, 9.0494167 ], [ 38.7967241, 9.0428703 ], [ 38.8042312, 9.0365115 ], [ 38.8163683, 9.0394796 ], [ 38.8184291, 9.0400446 ], [ 38.8227328, 9.037991 ], [ 38.823517699999989, 9.0370374 ], [ 38.8309072, 9.0275316 ], [ 38.8339238, 9.0216463 ], [ 38.8328805, 9.0077548 ], [ 38.833914, 9.001378 ], [ 38.8352429, 8.9890778 ], [ 38.8348866, 8.987573 ], [ 38.8300543, 8.9713237 ], [ 38.8292159, 8.9689547 ], [ 38.8261338, 8.9679585 ], [ 38.8250407, 8.9682187 ], [ 38.8206945, 8.9706343 ], [ 38.8185787, 8.9718165 ], [ 38.8182654, 8.9741014 ], [ 38.8035562, 8.9852867 ], [ 38.8021619, 8.9853275 ], [ 38.7919347, 8.9698281 ], [ 38.796996, 8.9651492 ], [ 38.7964194, 8.964214 ], [ 38.7936329, 8.9566716 ], [ 38.7932088, 8.9562387 ], [ 38.7907475, 8.9552754 ], [ 38.7880931, 8.9542623 ], [ 38.7861013, 8.9534864 ], [ 38.7690681, 8.9462568 ], [ 38.7677867, 8.9460398 ], [ 38.759338, 8.9508307 ], [ 38.7506098, 8.9584779 ], [ 38.7385016, 8.9691304 ], [ 38.7377529, 8.9713496 ], [ 38.7309077, 8.9878554 ], [ 38.7289264, 8.9982376 ], [ 38.7211895, 9.0115916 ], [ 38.7210359, 9.0122983 ], [ 38.7239098, 9.0199514 ], [ 38.7341184, 9.0347785 ] ] ] } },
{ "type": "Feature", "properties": { "threshold_s": 300, "time_label": "5 min drive" }, "geometry": { "type": "Polygon", "coordinates": [ [ [ 38.7739329, 9.0250723 ], [ 38.774781, 9.0284029 ], [ 38.7777275, 9.0282723 ], [ 38.7780561, 9.0303012 ], [ 38.7782877, 9.031042 ], [ 38.7800837, 9.0326359 ], [ 38.7809407, 9.0329393 ], [ 38.7820987, 9.0327323 ], [ 38.7847393, 9.0337449 ], [ 38.7853003, 9.0340705 ], [ 38.7862176, 9.0341818 ], [ 38.7866855, 9.0341929 ], [ 38.7894697, 9.0358202 ], [ 38.7898711, 9.0353037 ], [ 38.7913411, 9.0328014 ], [ 38.7933345, 9.0314512 ], [ 38.7947311, 9.0312946 ], [ 38.7968678, 9.0306899 ], [ 38.7970595, 9.0306542 ], [ 38.7978825, 9.0305589 ], [ 38.7997189, 9.0335465 ], [ 38.8011234, 9.0303124 ], [ 38.8022468, 9.0290022 ], [ 38.8048161, 9.0292985 ], [ 38.808201, 9.0306966 ], [ 38.8055684, 9.0283197 ], [ 38.8071703, 9.0253631 ], [ 38.8092436, 9.0249536 ], [ 38.8104577, 9.0228264 ], [ 38.811667, 9.0212539 ], [ 38.8133654, 9.0199396 ], [ 38.8133688, 9.0197109 ], [ 38.8108409, 9.0176114 ], [ 38.8110989, 9.0165559 ], [ 38.8108201, 9.0148705 ], [ 38.8107057, 9.0133779 ], [ 38.8090599, 9.0109431 ], [ 38.8087619, 9.0094305 ], [ 38.808711, 9.0095177 ], [ 38.8084584, 9.0098803 ], [ 38.8084044, 9.0099647 ], [ 38.8072124, 9.0109257 ], [ 38.8067184, 9.011178 ], [ 38.8061032, 9.0115015 ], [ 38.8031981, 9.010045 ], [ 38.8035896, 9.0087763 ], [ 38.805089, 9.0074997 ], [ 38.805683, 9.007259 ], [ 38.8059445, 9.0070212 ], [ 38.8056402, 9.0071786 ], [ 38.8021486, 9.0062351 ], [ 38.801541, 9.0052635 ], [ 38.7984014, 9.0043704 ], [ 38.7962275, 9.0034812 ], [ 38.7946308, 9.0046325 ], [ 38.7937877, 9.0050546 ], [ 38.7936953, 9.0050935 ], [ 38.7917389, 9.0056483 ], [ 38.7892042, 9.0040436 ], [ 38.7879737, 9.0050655 ], [ 38.7860788, 9.0059955 ], [ 38.7854658, 9.0063013 ], [ 38.7832671, 9.0076047 ], [ 38.7816411, 9.0083637 ], [ 38.7811817, 9.009175 ], [ 38.7761009, 9.0118694 ], [ 38.7766959, 9.0121141 ], [ 38.7790322, 9.0148252 ], [ 38.7807383, 9.0166185 ], [ 38.7813904, 9.0177361 ], [ 38.7800908, 9.0202484 ], [ 38.77681590000001, 9.0193321 ], [ 38.7741772, 9.0208889 ], [ 38.7729915, 9.021206 ], [ 38.7726157, 9.0232898 ], [ 38.7739329, 9.0250723 ] ] ] } },
{ "type": "Feature", "properties": { "threshold_s": 600, "time_label": "10 min drive" }, "geometry": { "type": "Polygon", "coordinates": [ [ [ 38.7579791, 9.0380662 ], [ 38.7613074, 9.0440921 ], [ 38.7657775, 9.0471413 ], [ 38.767836, 9.0485087 ], [ 38.7778178, 9.0499859 ], [ 38.7821084, 9.050209 ], [ 38.7850186, 9.049336 ], [ 38.7892183, 9.0480524 ], [ 38.7967241, 9.0428703 ], [ 38.8041703, 9.044401 ], [ 38.8069644, 9.0447637 ], [ 38.8149763, 9.0460166 ], [ 38.8179354, 9.0457465 ], [ 38.8235377, 9.0431763 ], [ 38.8252923, 9.0422627 ], [ 38.828339, 9.0398697 ], [ 38.8288562, 9.0386671 ], [ 38.8288055, 9.0378799 ], [ 38.8327768, 9.0283725 ], [ 38.8328062, 9.0282913 ], [ 38.8352508, 9.020929 ], [ 38.8340004, 9.0119736 ], [ 38.829148, 9.00484 ], [ 38.825283, 8.9987407 ], [ 38.8235284, 8.9954953 ], [ 38.8230317, 8.9945957 ], [ 38.822824, 8.994281 ], [ 38.8225064, 8.9940349 ], [ 38.8158322, 8.9903051 ], [ 38.8127899, 8.9893411 ], [ 38.8048106, 8.9875098 ], [ 38.8027936, 8.9881483 ], [ 38.7920318, 8.9875297 ], [ 38.791375, 8.9871117 ], [ 38.7888132, 8.9859297 ], [ 38.7836695, 8.9865256 ], [ 38.777445299999989, 8.9880264 ], [ 38.7769009, 8.9885584 ], [ 38.776855, 8.9886044 ], [ 38.776481, 8.989139 ], [ 38.7692131, 8.9966879 ], [ 38.7656343, 8.9994049 ], [ 38.7587103, 9.0068983 ], [ 38.7567295, 9.0078257 ], [ 38.7542984, 9.0119961 ], [ 38.753888, 9.0173878 ], [ 38.7541621, 9.0265885 ], [ 38.7523777, 9.0300754 ], [ 38.7540847, 9.0327214 ], [ 38.7579791, 9.0380662 ] ] ] } },
{ "type": "Feature", "properties": { "threshold_s": 900, "time_label": "15 min drive" }, "geometry": { "type": "Polygon", "coordinates": [ [ [ 38.7406026, 9.0485976 ], [ 38.7465978, 9.0569455 ], [ 38.7559735, 9.0635334 ], [ 38.7609954, 9.065757 ], [ 38.7680536, 9.0680498 ], [ 38.7743647, 9.0688746 ], [ 38.7820199, 9.0676257 ], [ 38.7899282, 9.0669108 ], [ 38.8028473, 9.0628395 ], [ 38.8067365, 9.0644062 ], [ 38.808213, 9.0647413 ], [ 38.8096212, 9.0645625 ], [ 38.811484, 9.0642857 ], [ 38.8256621, 9.0612264 ], [ 38.8304794, 9.0594756 ], [ 38.832145, 9.0587657 ], [ 38.8385418, 9.0535897 ], [ 38.8433902, 9.0461354 ], [ 38.8539516, 9.0363108 ], [ 38.8542353, 9.0358973 ], [ 38.8546904, 9.023507 ], [ 38.8583496, 9.0204867 ], [ 38.8566867, 9.0097188 ], [ 38.8563782, 9.0093867 ], [ 38.8511864, 9.0038778 ], [ 38.8496914, 9.0025945 ], [ 38.8488565, 9.0019666 ], [ 38.8424526, 8.9893469 ], [ 38.8426673, 8.9877079 ], [ 38.8418466, 8.9843307 ], [ 38.8412034, 8.9822747 ], [ 38.8395523, 8.9801756 ], [ 38.8267887, 8.9755482 ], [ 38.825117, 8.9752283 ], [ 38.8248923, 8.9754064 ], [ 38.8208006, 8.9803978 ], [ 38.8079529, 8.9863615 ], [ 38.8066972, 8.9860036 ], [ 38.8035562, 8.9852867 ], [ 38.8021619, 8.9853275 ], [ 38.7996331, 8.9854045 ], [ 38.7899075, 8.9859732 ], [ 38.7880106, 8.9854871 ], [ 38.7777914, 8.9763594 ], [ 38.7759295, 8.9724099 ], [ 38.7750556, 8.9694476 ], [ 38.7651339, 8.9719832 ], [ 38.7634898, 8.9729395 ], [ 38.758982, 8.9801758 ], [ 38.7507597, 8.986419 ], [ 38.7434942, 8.9914052 ], [ 38.7386283, 9.0010025 ], [ 38.7352382, 9.0066159 ], [ 38.733779, 9.0089471 ], [ 38.7328906, 9.0112949 ], [ 38.7321147, 9.0160174 ], [ 38.7322897, 9.0170229 ], [ 38.732730599999989, 9.0290371 ], [ 38.7318224, 9.0339149 ], [ 38.7348546, 9.0415398 ], [ 38.7357076, 9.0426689 ], [ 38.7406026, 9.0485976 ] ] ] } },
{ "type": "Feature", "properties": { "threshold_s": 300, "time_label": "5 min drive" }, "geometry": { "type": "Polygon", "coordinates": [ [ [ 38.8023229, 8.8921233 ], [ 38.8030595, 8.8956907 ], [ 38.806843, 8.899743 ], [ 38.8115605, 8.8982844 ], [ 38.8116449, 8.8980976 ], [ 38.8109583, 8.8914509 ], [ 38.8118756, 8.8873751 ], [ 38.815081, 8.8841502 ], [ 38.8154943, 8.8833287 ], [ 38.8162945, 8.8816955 ], [ 38.8179884, 8.8793432 ], [ 38.8229649, 8.8772604 ], [ 38.8247737, 8.8769314 ], [ 38.8260383, 8.8723186 ], [ 38.8248973, 8.8704578 ], [ 38.8211279, 8.864711 ], [ 38.8171904, 8.8654716 ], [ 38.816489, 8.8659248 ], [ 38.8092309, 8.8681257 ], [ 38.8064081, 8.8695335 ], [ 38.8028896, 8.8730865 ], [ 38.8016469, 8.8782168 ], [ 38.8021687, 8.8792217 ], [ 38.8066745, 8.8848717 ], [ 38.8057299, 8.887427 ], [ 38.8023229, 8.8921233 ] ] ] } },
{ "type": "Feature", "properties": { "threshold_s": 600, "time_label": "10 min drive" }, "geometry": { "type": "Polygon", "coordinates": [ [ [ 38.7939021, 8.9071073 ], [ 38.7927932, 8.9116144 ], [ 38.796127, 8.9069258 ], [ 38.802403, 8.9050619 ], [ 38.8040568, 8.904122 ], [ 38.8112619, 8.9042262 ], [ 38.8136852, 8.9128912 ], [ 38.8182744, 8.9146306 ], [ 38.8206867, 8.9147194 ], [ 38.8231499, 8.9129966 ], [ 38.8314176, 8.908559 ], [ 38.8323892, 8.9075892 ], [ 38.8317486, 8.9056561 ], [ 38.832603, 8.8960942 ], [ 38.8356847, 8.8902683 ], [ 38.8372055, 8.8852179 ], [ 38.8365934, 8.8845739 ], [ 38.8302254, 8.8836775 ], [ 38.8288964, 8.8738255 ], [ 38.8326882, 8.8714523 ], [ 38.8286601, 8.8655876 ], [ 38.8331586, 8.8606438 ], [ 38.8284436, 8.8613134 ], [ 38.8216274, 8.8616195 ], [ 38.817922, 8.86071 ], [ 38.8167529, 8.8603853 ], [ 38.8142902, 8.8595739 ], [ 38.8079016, 8.8570576 ], [ 38.8032721, 8.8546094 ], [ 38.8030921, 8.854625 ], [ 38.802383, 8.8549078 ], [ 38.7990262, 8.8576995 ], [ 38.7911522, 8.8578581 ], [ 38.790493, 8.8582472 ], [ 38.7853346, 8.8662855 ], [ 38.7833154, 8.867764 ], [ 38.7842023, 8.8766032 ], [ 38.78483150000001, 8.8793886 ], [ 38.7849058, 8.8794511 ], [ 38.7914667, 8.8864775 ], [ 38.7940335, 8.8938498 ], [ 38.792561, 8.9003978 ], [ 38.7939021, 8.9071073 ] ] ] } },
{ "type": "Feature", "properties": { "threshold_s": 900, "time_label": "15 min drive" }, "geometry": { "type": "Polygon", "coordinates": [ [ [ 38.7759195, 8.9162712 ], [ 38.7760439, 8.9212732 ], [ 38.7776648, 8.9215246 ], [ 38.779115, 8.9217808 ], [ 38.7878074, 8.9201444 ], [ 38.7960684, 8.9295046 ], [ 38.7962834, 8.9296774 ], [ 38.8105895, 8.9281625 ], [ 38.8165142, 8.93311 ], [ 38.8208627, 8.9362429 ], [ 38.8227707, 8.9369462 ], [ 38.8339984, 8.9262136 ], [ 38.837429, 8.9185293 ], [ 38.8387626, 8.9157137 ], [ 38.8364421, 8.9041499 ], [ 38.8481432, 8.9009141 ], [ 38.851374, 8.8931667 ], [ 38.8526399, 8.8841864 ], [ 38.8509179, 8.8820986 ], [ 38.8497711, 8.8817535 ], [ 38.8464282, 8.8808976 ], [ 38.8434879, 8.8816136 ], [ 38.8326882, 8.8714523 ], [ 38.8331586, 8.8606438 ], [ 38.8203943, 8.8533363 ], [ 38.8208317, 8.8420579 ], [ 38.8207431, 8.8419904 ], [ 38.8183088, 8.8412131 ], [ 38.8039041, 8.8382481 ], [ 38.7938753, 8.8407355 ], [ 38.7817679, 8.8474609 ], [ 38.7768864, 8.8606748 ], [ 38.7708887, 8.8679373 ], [ 38.7689914, 8.8696862 ], [ 38.76706870000001, 8.8712832 ], [ 38.7655381, 8.8729796 ], [ 38.7652427, 8.8733213 ], [ 38.7625513, 8.8768847 ], [ 38.7627948, 8.8811124 ], [ 38.7628792, 8.8821203 ], [ 38.7650174, 8.8852214 ], [ 38.7711271, 8.8965292 ], [ 38.7712845, 8.8966853 ], [ 38.7786658, 8.9035193 ], [ 38.7759195, 8.9162712 ] ] ] } },
{ "type": "Feature", "properties": { "threshold_s": 300, "time_label": "5 min drive" }, "geometry": { "type": "Polygon", "coordinates": [ [ [ 38.7278453, 9.0406862 ], [ 38.729709, 9.0428142 ], [ 38.7304424, 9.043045 ], [ 38.7333988, 9.0445873 ], [ 38.736129, 9.0447854 ], [ 38.7362547, 9.0439907 ], [ 38.7397933, 9.0438992 ], [ 38.7396852, 9.046166 ], [ 38.7411967, 9.0460409 ], [ 38.7431608, 9.045572 ], [ 38.7458527, 9.045025 ], [ 38.7472882, 9.0451854 ], [ 38.7485079, 9.0445736 ], [ 38.7486606, 9.0444969 ], [ 38.7488323, 9.0438019 ], [ 38.7505575, 9.0409128 ], [ 38.7521131, 9.0406747 ], [ 38.7532904, 9.0400861 ], [ 38.7555497, 9.0379841 ], [ 38.7550527, 9.0350946 ], [ 38.7558521, 9.0318884 ], [ 38.7575971, 9.0292881 ], [ 38.7582228, 9.0285769 ], [ 38.7581126, 9.0269965 ], [ 38.7575279, 9.0235574 ], [ 38.755685, 9.0209076 ], [ 38.7547988, 9.0187984 ], [ 38.7544893, 9.0173204 ], [ 38.7526934, 9.0162866 ], [ 38.7510317, 9.0150031 ], [ 38.7498254, 9.0140209 ], [ 38.748495, 9.0131042 ], [ 38.7473376, 9.0123175 ], [ 38.7447202, 9.0101072 ], [ 38.7445199, 9.0100214 ], [ 38.7443043, 9.0100188 ], [ 38.7441227, 9.0100953 ], [ 38.7440647, 9.0101702 ], [ 38.741383, 9.0126028 ], [ 38.7407528, 9.0125592 ], [ 38.7378781, 9.0107625 ], [ 38.7377172, 9.0106108 ], [ 38.7361045, 9.0114294 ], [ 38.7344268, 9.0137251 ], [ 38.7330361, 9.0140917 ], [ 38.7314063, 9.0144722 ], [ 38.7286815, 9.0130056 ], [ 38.7269328, 9.0147644 ], [ 38.7266323, 9.0168388 ], [ 38.7249827, 9.0195971 ], [ 38.7243008, 9.0218693 ], [ 38.7224779, 9.0227154 ], [ 38.7218825, 9.0234421 ], [ 38.7205534, 9.0249426 ], [ 38.7206261, 9.0266634 ], [ 38.7206378, 9.028946 ], [ 38.7206855, 9.0296494 ], [ 38.721244, 9.0314259 ], [ 38.7220588, 9.0325647 ], [ 38.7232152, 9.0356268 ], [ 38.7258382, 9.0378062 ], [ 38.726057, 9.0381212 ], [ 38.7268921, 9.0393547 ], [ 38.7270895, 9.0396689 ], [ 38.7275704, 9.0403259 ], [ 38.7278453, 9.0406862 ] ] ] } },
{ "type": "Feature", "properties": { "threshold_s": 600, "time_label": "10 min drive" }, "geometry": { "type": "Polygon", "coordinates": [ [ [ 38.7172968, 9.0576841 ], [ 38.7180573, 9.058724 ], [ 38.7201466, 9.060345 ], [ 38.7217026, 9.0611383 ], [ 38.7270347, 9.0637279 ], [ 38.727769, 9.0636651 ], [ 38.7340968, 9.0632828 ], [ 38.7397194, 9.0634177 ], [ 38.7440279, 9.0650377 ], [ 38.7511578, 9.0642709 ], [ 38.7543207, 9.062913 ], [ 38.7599873, 9.0588615 ], [ 38.7654767, 9.0551084 ], [ 38.766023, 9.0545536 ], [ 38.7659949, 9.0539884 ], [ 38.7686014, 9.0480309 ], [ 38.7706796, 9.0471375 ], [ 38.7708269, 9.0470365 ], [ 38.7694638, 9.0449786 ], [ 38.7721869, 9.0388821 ], [ 38.7735888, 9.0383887 ], [ 38.774157, 9.0371976 ], [ 38.7749371, 9.0353666 ], [ 38.7762109, 9.0324478 ], [ 38.7742804, 9.0292455 ], [ 38.7707329, 9.0240985 ], [ 38.7742627, 9.0186566 ], [ 38.7746249, 9.0184432 ], [ 38.7755278, 9.0174113 ], [ 38.7739035, 9.0104181 ], [ 38.7699232, 9.0043125 ], [ 38.7693006, 9.0019376 ], [ 38.7664868, 9.001327 ], [ 38.7657918, 9.0013837 ], [ 38.7587333, 8.9982551 ], [ 38.758229, 8.9975481 ], [ 38.7579688, 8.9972124 ], [ 38.7561431, 8.9956094 ], [ 38.7522889, 8.9935523 ], [ 38.7483404, 8.9891444 ], [ 38.7454378, 8.9894532 ], [ 38.7386231, 8.9886543 ], [ 38.7375073, 8.9892226 ], [ 38.7356628, 8.9906408 ], [ 38.7291461, 8.9928174 ], [ 38.7266778, 8.9925634 ], [ 38.7266077, 8.9926198 ], [ 38.7250394, 8.9949559 ], [ 38.7188698, 8.9998109 ], [ 38.717644, 8.9997638 ], [ 38.716118, 9.000587 ], [ 38.715076, 9.0028237 ], [ 38.7104304, 9.0072398 ], [ 38.7084576, 9.0136135 ], [ 38.7086795, 9.0141056 ], [ 38.7097721, 9.0172191 ], [ 38.7113392, 9.0229746 ], [ 38.7081519, 9.0267832 ], [ 38.7047662, 9.0279834 ], [ 38.7032464, 9.0308579 ], [ 38.7022577, 9.0341348 ], [ 38.7025554, 9.035848 ], [ 38.7049758, 9.0388664 ], [ 38.7073345, 9.0424437 ], [ 38.7122999, 9.0485977 ], [ 38.7157332, 9.0546701 ], [ 38.7172968, 9.0576841 ] ] ] } },
{ "type": "Feature", "properties": { "threshold_s": 900, "time_label": "15 min drive" }, "geometry": { "type": "Polygon", "coordinates": [ [ [ 38.7010843, 9.0646618 ], [ 38.7013348, 9.0649709 ], [ 38.7047361, 9.0671463 ], [ 38.7051867, 9.0669423 ], [ 38.7157707, 9.0714928 ], [ 38.7160362, 9.0719192 ], [ 38.7182799, 9.0763662 ], [ 38.7279962, 9.0819581 ], [ 38.7287586, 9.0812933 ], [ 38.7377219, 9.0759888 ], [ 38.7465249, 9.0792228 ], [ 38.7478956, 9.0789074 ], [ 38.7569319, 9.0781488 ], [ 38.7613576, 9.0810134 ], [ 38.7714839, 9.0764306 ], [ 38.775458, 9.0732412 ], [ 38.7787047, 9.0663067 ], [ 38.7859315, 9.0615122 ], [ 38.7878401, 9.0566395 ], [ 38.7883158, 9.0551371 ], [ 38.7906995, 9.0454025 ], [ 38.7898711, 9.0353037 ], [ 38.7933345, 9.0314512 ], [ 38.7943505, 9.0307929 ], [ 38.7956097, 9.0284567 ], [ 38.794744, 9.0174686 ], [ 38.794452, 9.0163865 ], [ 38.7917389, 9.0056483 ], [ 38.7907287, 8.9971431 ], [ 38.7899619, 8.994329 ], [ 38.7866521, 8.9898008 ], [ 38.7840738, 8.987376 ], [ 38.7814712, 8.9855099 ], [ 38.7807418, 8.9854474 ], [ 38.7780281, 8.986051 ], [ 38.7760235, 8.9862013 ], [ 38.7662418, 8.9812714 ], [ 38.7650426, 8.9787808 ], [ 38.7623526, 8.9769294 ], [ 38.7555309, 8.9737591 ], [ 38.7493646, 8.9693139 ], [ 38.7469284, 8.9680825 ], [ 38.7363358, 8.9687025 ], [ 38.7313365, 8.970098 ], [ 38.7286668, 8.9711442 ], [ 38.7213613, 8.9747533 ], [ 38.7153795, 8.9765732 ], [ 38.7145244, 8.9786502 ], [ 38.7053044, 8.9852953 ], [ 38.7047439, 8.9858227 ], [ 38.6975262, 8.9948409 ], [ 38.6944625, 8.9968365 ], [ 38.6926143, 8.9992724 ], [ 38.6894627, 9.0039703 ], [ 38.689191, 9.0079716 ], [ 38.689518, 9.0092792 ], [ 38.6904077, 9.0168004 ], [ 38.6858727, 9.0271548 ], [ 38.6836972, 9.0298809 ], [ 38.6821318, 9.036787 ], [ 38.685907, 9.0432264 ], [ 38.6877993, 9.0473163 ], [ 38.6925188, 9.0515944 ], [ 38.6985924, 9.0593485 ], [ 38.7001179, 9.0631128 ], [ 38.7010843, 9.0646618 ] ] ] } },
{ "type": "Feature", "properties": { "threshold_s": 300, "time_label": "5 min drive" }, "geometry": { "type": "Polygon", "coordinates": [ [ [ 38.7822667, 8.9992671 ], [ 38.7823378, 9.0013971 ], [ 38.782411, 9.0014722 ], [ 38.7863282, 9.0029323 ], [ 38.7882641, 9.0032555 ], [ 38.7906855, 8.9993148 ], [ 38.7913789, 8.9990156 ], [ 38.7970185, 9.0037105 ], [ 38.7976324, 9.0038828 ], [ 38.7987573, 9.0041948 ], [ 38.8012192, 9.004282 ], [ 38.8016061, 9.0039712 ], [ 38.8019402, 9.0036834 ], [ 38.8070261, 8.9987976 ], [ 38.8102361, 8.9937654 ], [ 38.8113809, 8.9918976 ], [ 38.8121692, 8.9905254 ], [ 38.8114187, 8.9892505 ], [ 38.8094608, 8.9871787 ], [ 38.8035562, 8.9852867 ], [ 38.8021619, 8.9853275 ], [ 38.7996331, 8.9854045 ], [ 38.7971379, 8.9861223 ], [ 38.789819799999989, 8.986366 ], [ 38.788826, 8.985809 ], [ 38.7855757, 8.9849273 ], [ 38.7842988, 8.9845215 ], [ 38.7829895, 8.9840922 ], [ 38.7790937, 8.9824536 ], [ 38.7789774, 8.9838548 ], [ 38.7799272, 8.9853434 ], [ 38.7805548, 8.9870377 ], [ 38.7779248, 8.992709 ], [ 38.7792163, 8.9939508 ], [ 38.7822667, 8.9992671 ] ] ] } },
{ "type": "Feature", "properties": { "threshold_s": 600, "time_label": "10 min drive" }, "geometry": { "type": "Polygon", "coordinates": [ [ [ 38.7682007, 9.0165141 ], [ 38.7693392, 9.0177338 ], [ 38.7704765, 9.0188531 ], [ 38.7714391, 9.0195628 ], [ 38.7811702, 9.0225738 ], [ 38.7860295, 9.0246382 ], [ 38.7863276, 9.0246843 ], [ 38.8008549, 9.0254157 ], [ 38.8116947, 9.0198284 ], [ 38.821277, 9.0091683 ], [ 38.8255294, 9.0054258 ], [ 38.8270529, 9.0033866 ], [ 38.829257, 8.99286 ], [ 38.829459, 8.9867615 ], [ 38.8277744, 8.9773 ], [ 38.8252005, 8.9754019 ], [ 38.8220191, 8.9769747 ], [ 38.8218902, 8.9771681 ], [ 38.8208006, 8.9803978 ], [ 38.8079529, 8.9863615 ], [ 38.8066972, 8.9860036 ], [ 38.8035562, 8.9852867 ], [ 38.8021619, 8.9853275 ], [ 38.7996331, 8.9854045 ], [ 38.7971379, 8.9861223 ], [ 38.7899075, 8.9859732 ], [ 38.7880106, 8.9854871 ], [ 38.7855757, 8.9849273 ], [ 38.7842988, 8.9845215 ], [ 38.7787516, 8.9794447 ], [ 38.7804589, 8.9680504 ], [ 38.7804395, 8.9665631 ], [ 38.7775834, 8.9635925 ], [ 38.7726275, 8.964449 ], [ 38.7609422, 8.9727954 ], [ 38.7606675, 8.9737722 ], [ 38.759938, 8.987608 ], [ 38.7598661, 8.9943823 ], [ 38.7609245, 9.000468 ], [ 38.7644245, 9.0091892 ], [ 38.7658891, 9.0123181 ], [ 38.7682007, 9.0165141 ] ] ] } },
{ "type": "Feature", "properties": { "threshold_s": 900, "time_label": "15 min drive" }, "geometry": { "type": "Polygon", "coordinates": [ [ [ 38.7478097, 9.0212658 ], [ 38.7492011, 9.0232587 ], [ 38.7620102, 9.0334911 ], [ 38.7631249, 9.0342974 ], [ 38.7695029, 9.0370091 ], [ 38.7707849, 9.0374901 ], [ 38.7722077, 9.0379644 ], [ 38.7773078, 9.0393449 ], [ 38.7813319, 9.0400888 ], [ 38.7821976, 9.0400112 ], [ 38.7835732, 9.0398786 ], [ 38.7884075, 9.037232 ], [ 38.8031475, 9.0364072 ], [ 38.8042312, 9.0365115 ], [ 38.8157836, 9.0387644 ], [ 38.8173474, 9.0380837 ], [ 38.8250372, 9.0343063 ], [ 38.8368236, 9.0215274 ], [ 38.8395884, 9.0164068 ], [ 38.8423269, 9.011252 ], [ 38.8434183, 9.0086094 ], [ 38.8455052, 9.001792 ], [ 38.8495491, 8.9874223 ], [ 38.8495385, 8.9871071 ], [ 38.8426743, 8.9754599 ], [ 38.8376764, 8.9692227 ], [ 38.8309743, 8.9575601 ], [ 38.8180145, 8.9621375 ], [ 38.8114894, 8.9641966 ], [ 38.7954142, 8.9556839 ], [ 38.7908739, 8.9529576 ], [ 38.787465, 8.9521653 ], [ 38.7869571, 8.9521051 ], [ 38.7688543, 8.9481925 ], [ 38.7598615, 8.9518502 ], [ 38.757306, 8.9561092 ], [ 38.7562482, 8.9578487 ], [ 38.7500526, 8.9667886 ], [ 38.7439171, 8.9739495 ], [ 38.7410338, 8.9804994 ], [ 38.7406063, 8.9895038 ], [ 38.739811, 9.0001027 ], [ 38.7450859, 9.0165871 ], [ 38.7478097, 9.0212658 ] ] ] } },
{ "type": "Feature", "properties": { "threshold_s": 300, "time_label": "5 min drive" }, "geometry": { "type": "Polygon", "coordinates": [ [ [ 38.7847196, 8.9994549 ], [ 38.7855175, 9.0003646 ], [ 38.7880442, 9.0011082 ], [ 38.7906855, 8.9993148 ], [ 38.7997424, 9.0025671 ], [ 38.8001074, 9.0025819 ], [ 38.8053571, 8.9973306 ], [ 38.8098063, 8.9963339 ], [ 38.8138048, 8.9967005 ], [ 38.8165225, 8.9950231 ], [ 38.8190516, 8.9912708 ], [ 38.8195239, 8.98728 ], [ 38.8190351, 8.9862093 ], [ 38.8079529, 8.9863615 ], [ 38.8066972, 8.9860036 ], [ 38.8035562, 8.9852867 ], [ 38.8021619, 8.9853275 ], [ 38.7996331, 8.9854045 ], [ 38.788826, 8.985809 ], [ 38.7855757, 8.9849273 ], [ 38.7842988, 8.9845215 ], [ 38.7829895, 8.9840922 ], [ 38.7824454, 8.9839019 ], [ 38.781234, 8.9834683 ], [ 38.7808029, 8.9921666 ], [ 38.7846699, 8.999389 ], [ 38.7847196, 8.9994549 ] ] ] } },
{ "type": "Feature", "properties": { "threshold_s": 600, "time_label": "10 min drive" }, "geometry": { "type": "Polygon", "coordinates": [ [ [ 38.7712012, 9.0155134 ], [ 38.7720021, 9.0165267 ], [ 38.7862048, 9.0223421 ], [ 38.8002208, 9.022295 ], [ 38.802524, 9.0226289 ], [ 38.8101557, 9.0192264 ], [ 38.8221802, 9.0130811 ], [ 38.826007, 9.0121256 ], [ 38.8305226, 9.0082114 ], [ 38.8332387, 8.9997931 ], [ 38.8352029, 8.9923179 ], [ 38.8359111, 8.9889212 ], [ 38.8364377, 8.986366 ], [ 38.8361053, 8.9854182 ], [ 38.8300543, 8.9713237 ], [ 38.8289182, 8.9663006 ], [ 38.8282921, 8.9652772 ], [ 38.8211505, 8.9664894 ], [ 38.8192141, 8.967339 ], [ 38.816949, 8.9687279 ], [ 38.8141394, 8.9724338 ], [ 38.8066972, 8.9860036 ], [ 38.8035562, 8.9852867 ], [ 38.8021619, 8.9853275 ], [ 38.7996331, 8.9854045 ], [ 38.7971379, 8.9861223 ], [ 38.7899075, 8.9859732 ], [ 38.7880106, 8.9854871 ], [ 38.7777914, 8.9763594 ], [ 38.7784204, 8.9681007 ], [ 38.7785706, 8.9675191 ], [ 38.7764272, 8.9662314 ], [ 38.7748945, 8.9656073 ], [ 38.7645882, 8.9715171 ], [ 38.7640962, 8.9718863 ], [ 38.7639284, 8.9720178 ], [ 38.7628793, 8.9728562 ], [ 38.7628641, 8.9729065 ], [ 38.7624867, 8.9837063 ], [ 38.7627677, 8.9945858 ], [ 38.7632008, 8.9973351 ], [ 38.764064, 9.0016943 ], [ 38.7642637, 9.0025648 ], [ 38.7661556, 9.0073141 ], [ 38.7712012, 9.0155134 ] ] ] } },
{ "type": "Feature", "properties": { "threshold_s": 900, "time_label": "15 min drive" }, "geometry": { "type": "Polygon", "coordinates": [ [ [ 38.7487686, 9.0189104 ], [ 38.7506625, 9.0213053 ], [ 38.76209, 9.029884 ], [ 38.76348, 9.0308291 ], [ 38.7722643, 9.0352881 ], [ 38.7801888, 9.0380316 ], [ 38.7820203, 9.0383468 ], [ 38.7866579, 9.0379459 ], [ 38.7884075, 9.037232 ], [ 38.788646, 9.0371199 ], [ 38.805898, 9.0343795 ], [ 38.8143721, 9.0367481 ], [ 38.8157038, 9.0363797 ], [ 38.8323298, 9.0308474 ], [ 38.8344597, 9.0293538 ], [ 38.845201, 9.0176759 ], [ 38.8458036, 9.016903 ], [ 38.8495552, 9.0106743 ], [ 38.8537518, 9.001211 ], [ 38.8551102, 8.9833849 ], [ 38.8542256, 8.9813634 ], [ 38.8536723, 8.9805418 ], [ 38.8470313, 8.9708627 ], [ 38.8365647, 8.959799 ], [ 38.8342279, 8.9552005 ], [ 38.8246027, 8.956198 ], [ 38.8079017, 8.9635656 ], [ 38.7932088, 8.9562387 ], [ 38.7868188, 8.9538239 ], [ 38.7831139, 8.9530073 ], [ 38.770731, 8.9523427 ], [ 38.762583, 8.9530152 ], [ 38.7610955, 8.9540282 ], [ 38.7529498, 8.966868 ], [ 38.7458914, 8.9760819 ], [ 38.743529, 8.9827014 ], [ 38.7425497, 8.9897619 ], [ 38.7424788, 8.9961176 ], [ 38.7461356, 9.0106348 ], [ 38.7471465, 9.0144456 ], [ 38.7487686, 9.0189104 ] ] ] } }
]
}
